[
    {
        "type": "message",
        "text": "いつの間にかterraform.ioのページフッタのリンクに Press Kit がついた。。。\nページ遷移じゃなくていきなりzipのダウンロードはちょっといただけない。。。ｗ",
        "files": [
            {
                "id": "FKCT2CCQ0",
                "created": 1559933184,
                "timestamp": 1559933184,
                "name": "image.png",
                "title": "image.png",
                "mimetype": "image\/png",
                "filetype": "png",
                "pretty_type": "PNG",
                "user": "UFU0BKD8F",
                "editable": false,
                "size": 2870,
                "mode": "hosted",
                "is_external": false,
                "external_type": "",
                "is_public": true,
                "public_url_shared": false,
                "display_as_bot": false,
                "username": "",
                "url_private": "https:\/\/files.slack.com\/files-pri\/TFU0BKCQP-FKCT2CCQ0\/image.png?t=xoxe-538011658839-807689954115-821370183446-cce0ee6b3672514430e19e7111e6761f",
                "url_private_download": "https:\/\/files.slack.com\/files-pri\/TFU0BKCQP-FKCT2CCQ0\/download\/image.png?t=xoxe-538011658839-807689954115-821370183446-cce0ee6b3672514430e19e7111e6761f",
                "thumb_64": "https:\/\/files.slack.com\/files-tmb\/TFU0BKCQP-FKCT2CCQ0-e92a32bf42\/image_64.png?t=xoxe-538011658839-807689954115-821370183446-cce0ee6b3672514430e19e7111e6761f",
                "thumb_80": "https:\/\/files.slack.com\/files-tmb\/TFU0BKCQP-FKCT2CCQ0-e92a32bf42\/image_80.png?t=xoxe-538011658839-807689954115-821370183446-cce0ee6b3672514430e19e7111e6761f",
                "thumb_360": "https:\/\/files.slack.com\/files-tmb\/TFU0BKCQP-FKCT2CCQ0-e92a32bf42\/image_360.png?t=xoxe-538011658839-807689954115-821370183446-cce0ee6b3672514430e19e7111e6761f",
                "thumb_360_w": 360,
                "thumb_360_h": 36,
                "thumb_160": "https:\/\/files.slack.com\/files-tmb\/TFU0BKCQP-FKCT2CCQ0-e92a32bf42\/image_160.png?t=xoxe-538011658839-807689954115-821370183446-cce0ee6b3672514430e19e7111e6761f",
                "image_exif_rotation": 1,
                "original_w": 443,
                "original_h": 44,
                "permalink": "https:\/\/terraform-jp.slack.com\/files\/UFU0BKD8F\/FKCT2CCQ0\/image.png",
                "permalink_public": "https:\/\/slack-files.com\/TFU0BKCQP-FKCT2CCQ0-7e25aafe85",
                "is_starred": false,
                "has_rich_preview": false
            }
        ],
        "upload": true,
        "user": "UFU0BKD8F",
        "display_as_bot": false,
        "ts": "1559933185.000300",
        "client_msg_id": "b4ae6f35-0756-4b50-8dff-45bc5eb0f12d",
        "thread_ts": "1559933185.000300",
        "reply_count": 5,
        "reply_users_count": 2,
        "latest_reply": "1560147477.002000",
        "reply_users": [
            "UFTKSQ25T",
            "UFU0BKD8F"
        ],
        "replies": [
            {
                "user": "UFTKSQ25T",
                "ts": "1560126790.001100"
            },
            {
                "user": "UFU0BKD8F",
                "ts": "1560144840.001400"
            },
            {
                "user": "UFTKSQ25T",
                "ts": "1560146655.001600"
            },
            {
                "user": "UFTKSQ25T",
                "ts": "1560146699.001800"
            },
            {
                "user": "UFU0BKD8F",
                "ts": "1560147477.002000"
            }
        ],
        "subscribed": true,
        "last_read": "1560147477.002000",
        "reactions": [
            {
                "name": "naruhodo",
                "users": [
                    "UFTKSQ25T"
                ],
                "count": 1
            }
        ]
    }
]