[
    {
        "client_msg_id": "8624428f-3dd3-4bc3-ac23-a6c4d2560d83",
        "type": "message",
        "text": "はじめまして！\nまだTerraform自体は1ヶ月くらいしか触ったことしかありませんが興味がありもっと強くなっていきたいので参加させていただきました！\n宜しくおねがいします！",
        "user": "U02BJ9XDHSN",
        "ts": "1629264798.001200",
        "team": "TFU0BKCQP",
        "user_team": "TFU0BKCQP",
        "source_team": "TFU0BKCQP",
        "user_profile": {
            "avatar_hash": "c9adbeaeec89",
            "image_72": "https:\/\/avatars.slack-edge.com\/2021-08-18\/2404959641185_c9adbeaeec89e564ebd4_72.png",
            "first_name": "go",
            "real_name": "go masaki",
            "display_name": "masaki",
            "team": "TFU0BKCQP",
            "name": "go.masaki",
            "is_restricted": false,
            "is_ultra_restricted": false
        },
        "blocks": [
            {
                "type": "rich_text",
                "block_id": "0QBkk",
                "elements": [
                    {
                        "type": "rich_text_section",
                        "elements": [
                            {
                                "type": "text",
                                "text": "はじめまして！\nまだTerraform自体は1ヶ月くらいしか触ったことしかありませんが興味がありもっと強くなっていきたいので参加させていただきました！\n宜しくおねがいします！"
                            }
                        ]
                    }
                ]
            }
        ],
        "reactions": [
            {
                "name": "よろしく",
                "users": [
                    "UFU0BKD8F",
                    "U01AEH6SRL2",
                    "U01GAQPRFQB",
                    "UKAKENQAF",
                    "U01DEEV6P2A",
                    "UR6TGPC0P",
                    "UL49H207R"
                ],
                "count": 7
            },
            {
                "name": "beers",
                "users": [
                    "UGY9BJ1NF"
                ],
                "count": 1
            }
        ]
    }
]