[
    {
        "client_msg_id": "aee42966-f906-492e-8258-97c1410685bc",
        "type": "message",
        "text": "<https:\/\/www.hashicorp.com\/resources\/evolving-infrastructure-terraform-opencredo|5 Common Terraform Patterns—Evolving Your Infrastructure with Terraform>\nこの記事を度々引用しているので翻訳して公開していいかhashicorpに問い合わせ中",
        "user": "UTK1B5BB2",
        "ts": "1600483501.000800",
        "team": "TFU0BKCQP",
        "user_team": "TFU0BKCQP",
        "source_team": "TFU0BKCQP",
        "user_profile": {
            "avatar_hash": "f9e26d92b470",
            "image_72": "https:\/\/avatars.slack-edge.com\/2020-02-05\/926890716897_f9e26d92b470908ab893_72.png",
            "first_name": "",
            "real_name": "kbigwheel",
            "display_name": "kbigwheel",
            "team": "TFU0BKCQP",
            "name": "k.bigwheel",
            "is_restricted": false,
            "is_ultra_restricted": false
        },
        "edited": {
            "user": "UTK1B5BB2",
            "ts": "1600483616.000000"
        },
        "attachments": [
            {
                "service_name": "HashiCorp: Infrastructure enables innovation",
                "title": "5 Common Terraform Patterns—Evolving Your Infrastructure with Terraform",
                "title_link": "https:\/\/www.hashicorp.com\/resources\/evolving-infrastructure-terraform-opencredo",
                "text": "Nicki Watt, OpenCredo's CTO, explains how her company uses HashiCorp's stack—and particularly Terraform—to support its customers in moving to the world of CI\/CD and DevOps.",
                "fallback": "HashiCorp: Infrastructure enables innovation: 5 Common Terraform Patterns—Evolving Your Infrastructure with Terraform",
                "image_url": "https:\/\/www.datocms-assets.com\/2885\/1542060063-terraformshare-imglogo-w-stack-graphic1200x630.png?fit=max&fm=jpg&w=1000",
                "image_width": 476,
                "image_height": 250,
                "from_url": "https:\/\/www.hashicorp.com\/resources\/evolving-infrastructure-terraform-opencredo",
                "image_bytes": 26284,
                "id": 1,
                "original_url": "https:\/\/www.hashicorp.com\/resources\/evolving-infrastructure-terraform-opencredo"
            }
        ],
        "blocks": [
            {
                "type": "rich_text",
                "block_id": "DQaaY",
                "elements": [
                    {
                        "type": "rich_text_section",
                        "elements": [
                            {
                                "type": "link",
                                "url": "https:\/\/www.hashicorp.com\/resources\/evolving-infrastructure-terraform-opencredo",
                                "text": "5 Common Terraform Patterns—Evolving Your Infrastructure with Terraform"
                            },
                            {
                                "type": "text",
                                "text": "\nこの記事を度々引用しているので翻訳して公開していいかhashicorpに問い合わせ中"
                            }
                        ]
                    }
                ]
            }
        ],
        "reactions": [
            {
                "name": "tada",
                "users": [
                    "U018F14RQBE",
                    "UR8TR0GA3",
                    "UHS4SFFA7",
                    "UNZSA1277"
                ],
                "count": 4
            }
        ]
    }
]