[
    {
        "client_msg_id": "ba591cc2-dda4-4775-bee4-40f6f7220919",
        "type": "message",
        "text": "新作の進捗です。遊んでみてね！解説記事はそのうち書く（たぶん）\n<https:\/\/github.com\/minamijoyo\/tfmigrate>",
        "user": "UHS4SFFA7",
        "ts": "1600357632.004100",
        "team": "TFU0BKCQP",
        "user_team": "TFU0BKCQP",
        "source_team": "TFU0BKCQP",
        "user_profile": {
            "avatar_hash": "gade34f8bdf1",
            "image_72": "https:\/\/secure.gravatar.com\/avatar\/5ade34f8bdf1b55c4ff82c11cf23cf42.jpg?s=72&d=https%3A%2F%2Fa.slack-edge.com%2Fdf10d%2Fimg%2Favatars%2Fava_0008-72.png",
            "first_name": "",
            "real_name": "minamijoyo",
            "display_name": "minamijoyo",
            "team": "TFU0BKCQP",
            "name": "minamijoyo",
            "is_restricted": false,
            "is_ultra_restricted": false
        },
        "attachments": [
            {
                "fallback": "minamijoyo\/tfmigrate",
                "text": "A Terraform state migration tool for GitOps",
                "title": "minamijoyo\/tfmigrate",
                "footer": "<https:\/\/github.com\/minamijoyo\/tfmigrate|minamijoyo\/tfmigrate>",
                "id": 1,
                "footer_icon": "https:\/\/github.githubassets.com\/favicon.ico",
                "ts": 1593179967,
                "color": "24292f",
                "fields": [
                    {
                        "title": "Stars",
                        "value": "14",
                        "short": true
                    },
                    {
                        "title": "Language",
                        "value": "Go",
                        "short": true
                    }
                ],
                "mrkdwn_in": [
                    "text",
                    "fields"
                ],
                "bot_id": "BH12QQBB4",
                "app_unfurl_url": "https:\/\/github.com\/minamijoyo\/tfmigrate",
                "is_app_unfurl": true
            }
        ],
        "blocks": [
            {
                "type": "rich_text",
                "block_id": "R9w",
                "elements": [
                    {
                        "type": "rich_text_section",
                        "elements": [
                            {
                                "type": "text",
                                "text": "新作の進捗です。遊んでみてね！解説記事はそのうち書く（たぶん）\n"
                            },
                            {
                                "type": "link",
                                "url": "https:\/\/github.com\/minamijoyo\/tfmigrate"
                            }
                        ]
                    }
                ]
            }
        ],
        "reactions": [
            {
                "name": "tada",
                "users": [
                    "UFU0BKD8F",
                    "UQT52H29G",
                    "ULSHHPEBB",
                    "U018F14RQBE",
                    "UR8TR0GA3",
                    "UMYT1J2RX"
                ],
                "count": 6
            },
            {
                "name": "clap",
                "users": [
                    "UR4NW10LD"
                ],
                "count": 1
            },
            {
                "name": "eyes",
                "users": [
                    "UTK1B5BB2",
                    "URJJ7QQV8"
                ],
                "count": 2
            }
        ]
    }
]