[
    {
        "client_msg_id": "91bf053e-e4ac-4bbf-a5a6-858ea710dccf",
        "type": "message",
        "text": "Terraform Cloud を弄ってみました\n[<https:\/\/qrunch.net\/@sogaoh\/entries\/M9i20lQUpJr3ktxW](><https:\/\/sogaoh.qrunch.io\/entries\/M9i20lQUpJr3ktxW>)",
        "user": "UFT60TQCQ",
        "ts": "1584711786.000700",
        "team": "TFU0BKCQP",
        "user_team": "TFU0BKCQP",
        "source_team": "TFU0BKCQP",
        "user_profile": {
            "avatar_hash": "f10ceef4e6f6",
            "image_72": "https:\/\/avatars.slack-edge.com\/2019-01-31\/539093872183_f10ceef4e6f603f1f094_72.jpg",
            "first_name": "sogaoh",
            "real_name": "sogaoh",
            "display_name": "",
            "team": "TFU0BKCQP",
            "name": "sogaoh",
            "is_restricted": false,
            "is_ultra_restricted": false
        },
        "attachments": [
            {
                "title": "Qrunch（クランチ）| 技術ブログの総合プラットフォーム",
                "title_link": "https:\/\/qrunch.net\/@sogaoh\/entries\/M9i20lQUpJr3ktxW](",
                "text": "プログラマのための技術ブログプラットフォーム",
                "fallback": "Qrunch（クランチ）| 技術ブログの総合プラットフォーム",
                "thumb_url": "https:\/\/qrunch.net\/qrunch_logo.jpg",
                "from_url": "https:\/\/qrunch.net\/@sogaoh\/entries\/M9i20lQUpJr3ktxW](",
                "thumb_width": 400,
                "thumb_height": 400,
                "service_icon": "https:\/\/qrunch.io\/favicon.ico",
                "service_name": "qrunch.net",
                "id": 1,
                "original_url": "https:\/\/qrunch.net\/@sogaoh\/entries\/M9i20lQUpJr3ktxW]("
            },
            {
                "title": "Terraform Cloud に寄せようとしてみてわかったこと",
                "title_link": "https:\/\/sogaoh.qrunch.io\/entries\/M9i20lQUpJr3ktxW",
                "text": "とあるコミュニティで 問...",
                "fallback": "Terraform Cloud に寄せようとしてみてわかったこと",
                "image_url": "https:\/\/s3.qrunch.io\/MLlVgZnlGJW9s3w7LtX1OxEOy76OB5Bd.png",
                "from_url": "https:\/\/sogaoh.qrunch.io\/entries\/M9i20lQUpJr3ktxW",
                "image_width": 478,
                "image_height": 250,
                "image_bytes": 22720,
                "service_icon": "https:\/\/s3.qrunch.io\/e8ce784109b408c9998cc5d7995346ac.jpg",
                "service_name": "sogaoh.qrunch.io",
                "id": 2,
                "original_url": "https:\/\/sogaoh.qrunch.io\/entries\/M9i20lQUpJr3ktxW"
            }
        ],
        "blocks": [
            {
                "type": "rich_text",
                "block_id": "nArB",
                "elements": [
                    {
                        "type": "rich_text_section",
                        "elements": [
                            {
                                "type": "text",
                                "text": "Terraform Cloud を弄ってみました\n["
                            },
                            {
                                "type": "link",
                                "url": "https:\/\/qrunch.net\/@sogaoh\/entries\/M9i20lQUpJr3ktxW]("
                            },
                            {
                                "type": "link",
                                "url": "https:\/\/sogaoh.qrunch.io\/entries\/M9i20lQUpJr3ktxW"
                            },
                            {
                                "type": "text",
                                "text": ")"
                            }
                        ]
                    }
                ]
            }
        ],
        "reactions": [
            {
                "name": "naruhodo",
                "users": [
                    "UGW0ABZLG"
                ],
                "count": 1
            }
        ]
    }
]