[
    {
        "client_msg_id": "d76000fe-47e1-442e-997b-9b5acbf61f31",
        "type": "message",
        "text": "わざわざtwitterを能動的に検索するのが面倒なので、時々見てました。\nでも、飽くまでも「時々」なので今頃気付いた、という…。",
        "user": "UFUP9BGES",
        "ts": "1567154021.001200",
        "team": "TFU0BKCQP",
        "user_team": "TFU0BKCQP",
        "source_team": "TFU0BKCQP",
        "user_profile": {
            "avatar_hash": "g1ab82c88cbc",
            "image_72": "https:\/\/secure.gravatar.com\/avatar\/31ab82c88cbcd51de65e6e00bdee9e22.jpg?s=72&d=https%3A%2F%2Fa.slack-edge.com%2Fdf10d%2Fimg%2Favatars%2Fava_0001-72.png",
            "first_name": "",
            "real_name": "益田ラヂヲ",
            "display_name": "益田ラヂヲ",
            "team": "TFU0BKCQP",
            "name": "brettspielwelt",
            "is_restricted": false,
            "is_ultra_restricted": false
        }
    }
]