[
    {
        "client_msg_id": "7dd59c58-b7c1-4501-adc8-f728c0d7cf35",
        "type": "message",
        "text": "tfstate ファイルはどのように管理されていますか？\n<http:\/\/backend.tf|backend.tf> に定義されているのかと思ったのですが、\nmoduleの定義だったので。。\n<@U02BJ9XDHSN>",
        "user": "U02K7TWFJ83",
        "ts": "1639728532.024300",
        "blocks": [
            {
                "type": "rich_text",
                "block_id": "xut",
                "elements": [
                    {
                        "type": "rich_text_section",
                        "elements": [
                            {
                                "type": "text",
                                "text": "tfstate ファイルはどのように管理されていますか？\nbackend.tf に定義されているのかと思ったのですが、\nmoduleの定義だったので。。\n"
                            },
                            {
                                "type": "user",
                                "user_id": "U02BJ9XDHSN"
                            }
                        ]
                    }
                ]
            }
        ],
        "team": "TFU0BKCQP",
        "user_team": "TFU0BKCQP",
        "source_team": "TFU0BKCQP",
        "user_profile": {
            "avatar_hash": "86721a977b30",
            "image_72": "https:\/\/avatars.slack-edge.com\/2021-10-27\/2654208361715_86721a977b3051d7e40e_72.jpg",
            "first_name": "myabaou",
            "real_name": "myabaou",
            "display_name": "myabaou",
            "team": "TFU0BKCQP",
            "name": "yu_mabashi",
            "is_restricted": false,
            "is_ultra_restricted": false
        },
        "thread_ts": "1639724813.019900",
        "parent_user_id": "U02BJ9XDHSN"
    },
    {
        "client_msg_id": "1640742e-e5ad-4bb3-b3f4-512e47592036",
        "type": "message",
        "text": "<@U02K7TWFJ83>\n基本的に僕しかTerraformを触ることがなかったのでtfstateはローカルで管理していました！\n複数人で開発すると考えるとTerraform Cloudとか無難にs3とかでしょうか？？",
        "user": "U02BJ9XDHSN",
        "ts": "1639728640.024500",
        "blocks": [
            {
                "type": "rich_text",
                "block_id": "VkO\/=",
                "elements": [
                    {
                        "type": "rich_text_section",
                        "elements": [
                            {
                                "type": "user",
                                "user_id": "U02K7TWFJ83"
                            },
                            {
                                "type": "text",
                                "text": "\n基本的に僕しかTerraformを触ることがなかったのでtfstateはローカルで管理していました！\n複数人で開発すると考えるとTerraform Cloudとか無難にs3とかでしょうか？？"
                            }
                        ]
                    }
                ]
            }
        ],
        "team": "TFU0BKCQP",
        "user_team": "TFU0BKCQP",
        "source_team": "TFU0BKCQP",
        "user_profile": {
            "avatar_hash": "c9adbeaeec89",
            "image_72": "https:\/\/avatars.slack-edge.com\/2021-08-18\/2404959641185_c9adbeaeec89e564ebd4_72.png",
            "first_name": "go",
            "real_name": "go masaki",
            "display_name": "masaki",
            "team": "TFU0BKCQP",
            "name": "go.masaki",
            "is_restricted": false,
            "is_ultra_restricted": false
        },
        "thread_ts": "1639724813.019900",
        "parent_user_id": "U02BJ9XDHSN"
    },
    {
        "client_msg_id": "03bbad80-1ba9-44f3-87c7-e63fc1eb9b4c",
        "type": "message",
        "text": "私はS3を利用していますね。\nとはいっても弊社も2人だけなのですが、\nローカルだともし万が一ローカルPCのストレージが死んだら終わるのでw\nもっと人数が増えた場合はS3+DynamoDBで\n排他制御するのが一般的ですかね。",
        "user": "U02K7TWFJ83",
        "ts": "1639728823.024700",
        "blocks": [
            {
                "type": "rich_text",
                "block_id": "gnW",
                "elements": [
                    {
                        "type": "rich_text_section",
                        "elements": [
                            {
                                "type": "text",
                                "text": "私はS3を利用していますね。\nとはいっても弊社も2人だけなのですが、\nローカルだともし万が一ローカルPCのストレージが死んだら終わるのでw\nもっと人数が増えた場合はS3+DynamoDBで\n排他制御するのが一般的ですかね。"
                            }
                        ]
                    }
                ]
            }
        ],
        "team": "TFU0BKCQP",
        "user_team": "TFU0BKCQP",
        "source_team": "TFU0BKCQP",
        "user_profile": {
            "avatar_hash": "86721a977b30",
            "image_72": "https:\/\/avatars.slack-edge.com\/2021-10-27\/2654208361715_86721a977b3051d7e40e_72.jpg",
            "first_name": "myabaou",
            "real_name": "myabaou",
            "display_name": "myabaou",
            "team": "TFU0BKCQP",
            "name": "yu_mabashi",
            "is_restricted": false,
            "is_ultra_restricted": false
        },
        "thread_ts": "1639724813.019900",
        "parent_user_id": "U02BJ9XDHSN",
        "reactions": [
            {
                "name": "wakarimi",
                "users": [
                    "U02NTCZJLAX"
                ],
                "count": 1
            }
        ]
    },
    {
        "client_msg_id": "afa3edc9-eb5c-4f95-a305-c43f8c5d298a",
        "type": "message",
        "text": "DBパスワードはハードコードが必須という要件がなければ\nrandom_passwordの利用\n<https:\/\/registry.terraform.io\/providers\/hashicorp\/random\/latest\/docs\/resources\/password>\nもしくはsercretmanagerをおすすめします。\n<https:\/\/engineering.mobalab.net\/2021\/03\/25\/handling-secrets-with-terraform\/#%E6%96%B9%E6%B3%953%E8%A9%B3%E7%B4%B0:%20AWS%20Secrets%20Manager%20%E3%81%AA%E3%81%A9%E3%81%AB%E4%BF%9D%E7%AE%A1%E3%81%99%E3%82%8B|https:\/\/engineering.mobalab.net\/2021\/03\/25\/handling-secrets-with-terraform\/#%E6%96%B9%E6%B3%953%E8%A9%B3%E7%B4[…]E4%BF%9D%E7%AE%A1%E3%81%99%E3%82%8B>\ntfファイルにパスワード情報を記載しないことで\ngit管理がしやすくなります。\n\ntfstate ファイルにS3を利用する場合\nDLされてしまうの見えてしまうので\n暗号化やアクセス制限は要設計ですねー。",
        "user": "U02K7TWFJ83",
        "ts": "1639729360.024900",
        "blocks": [
            {
                "type": "rich_text",
                "block_id": "MK8",
                "elements": [
                    {
                        "type": "rich_text_section",
                        "elements": [
                            {
                                "type": "text",
                                "text": "DBパスワードはハードコードが必須という要件がなければ\nrandom_passwordの利用\n"
                            },
                            {
                                "type": "link",
                                "url": "https:\/\/registry.terraform.io\/providers\/hashicorp\/random\/latest\/docs\/resources\/password"
                            },
                            {
                                "type": "text",
                                "text": "\nもしくはsercretmanagerをおすすめします。\n"
                            },
                            {
                                "type": "link",
                                "url": "https:\/\/engineering.mobalab.net\/2021\/03\/25\/handling-secrets-with-terraform\/#%E6%96%B9%E6%B3%953%E8%A9%B3%E7%B4%B0:%20AWS%20Secrets%20Manager%20%E3%81%AA%E3%81%A9%E3%81%AB%E4%BF%9D%E7%AE%A1%E3%81%99%E3%82%8B",
                                "text": "https:\/\/engineering.mobalab.net\/2021\/03\/25\/handling-secrets-with-terraform\/#%E6%96%B9%E6%B3%953%E8%A9%B3%E7%B4[…]E4%BF%9D%E7%AE%A1%E3%81%99%E3%82%8B"
                            },
                            {
                                "type": "text",
                                "text": "\ntfファイルにパスワード情報を記載しないことで\ngit管理がしやすくなります。\n\ntfstate ファイルにS3を利用する場合\nDLされてしまうの見えてしまうので\n暗号化やアクセス制限は要設計ですねー。"
                            }
                        ]
                    }
                ]
            }
        ],
        "team": "TFU0BKCQP",
        "user_team": "TFU0BKCQP",
        "source_team": "TFU0BKCQP",
        "user_profile": {
            "avatar_hash": "86721a977b30",
            "image_72": "https:\/\/avatars.slack-edge.com\/2021-10-27\/2654208361715_86721a977b3051d7e40e_72.jpg",
            "first_name": "myabaou",
            "real_name": "myabaou",
            "display_name": "myabaou",
            "team": "TFU0BKCQP",
            "name": "yu_mabashi",
            "is_restricted": false,
            "is_ultra_restricted": false
        },
        "attachments": [
            {
                "from_url": "https:\/\/engineering.mobalab.net\/2021\/03\/25\/handling-secrets-with-terraform\/#%E6%96%B9%E6%B3%953%E8%A9%B3%E7%B4%B0:%20AWS%20Secrets%20Manager%20%E3%81%AA%E3%81%A9%E3%81%AB%E4%BF%9D%E7%AE%A1%E3%81%99%E3%82%8B",
                "image_url": "https:\/\/i0.wp.com\/engineering-wp.mobalab.net\/wp-content\/uploads\/2018\/01\/terraform.png?fit=768%2C185&ssl=1",
                "image_width": 768,
                "image_height": 185,
                "image_bytes": 10168,
                "service_icon": "https:\/\/engineering.mobalab.net\/favicon.ico",
                "id": 1,
                "original_url": "https:\/\/engineering.mobalab.net\/2021\/03\/25\/handling-secrets-with-terraform\/#%E6%96%B9%E6%B3%953%E8%A9%B3%E7%B4%B0:%20AWS%20Secrets%20Manager%20%E3%81%AA%E3%81%A9%E3%81%AB%E4%BF%9D%E7%AE%A1%E3%81%99%E3%82%8B",
                "fallback": "もばらぶエンジニアブログ: Terraform で秘密情報を扱う",
                "text": "Terraform を使うとインフラの構成がコード化される、Infrastructure as Code (IoC) という利点があります。そして、Terraform をある程度使っていくと、ソフトウェア開発と同様に 「 ...",
                "title": "Terraform で秘密情報を扱う",
                "title_link": "https:\/\/engineering.mobalab.net\/2021\/03\/25\/handling-secrets-with-terraform\/#%E6%96%B9%E6%B3%953%E8%A9%B3%E7%B4%B0:%20AWS%20Secrets%20Manager%20%E3%81%AA%E3%81%A9%E3%81%AB%E4%BF%9D%E7%AE%A1%E3%81%99%E3%82%8B",
                "service_name": "もばらぶエンジニアブログ"
            }
        ],
        "thread_ts": "1639724813.019900",
        "parent_user_id": "U02BJ9XDHSN",
        "reactions": [
            {
                "name": "sorena",
                "users": [
                    "U02NTCZJLAX"
                ],
                "count": 1
            },
            {
                "name": "+1",
                "users": [
                    "U02NTCZJLAX"
                ],
                "count": 1
            }
        ]
    },
    {
        "client_msg_id": "5d3941ec-e294-4fa0-8f6a-615bd058ea12",
        "type": "message",
        "text": "&gt; 私はS3を利用していますね。\n&gt; とはいっても弊社も2人だけなのですが、\n&gt; ローカルだともし万が一ローカルPCのストレージが死んだら終わるのでw\n&gt; もっと人数が増えた場合はS3+DynamoDBで\n&gt; 排他制御するのが一般的ですかね。\nS3+DynamoDBのやり方は初めて知ったので試してみたいと思います！\nローカルはたしかに危ないですね...w",
        "user": "U02BJ9XDHSN",
        "ts": "1639729509.025200",
        "blocks": [
            {
                "type": "rich_text",
                "block_id": "=Dsw",
                "elements": [
                    {
                        "type": "rich_text_quote",
                        "elements": [
                            {
                                "type": "text",
                                "text": "私はS3を利用していますね。\nとはいっても弊社も2人だけなのですが、\nローカルだともし万が一ローカルPCのストレージが死んだら終わるのでw\nもっと人数が増えた場合はS3+DynamoDBで\n排他制御するのが一般的ですかね。"
                            }
                        ]
                    },
                    {
                        "type": "rich_text_section",
                        "elements": [
                            {
                                "type": "text",
                                "text": "S3+DynamoDBのやり方は初めて知ったので試してみたいと思います！\nローカルはたしかに危ないですね...w"
                            }
                        ]
                    }
                ]
            }
        ],
        "team": "TFU0BKCQP",
        "user_team": "TFU0BKCQP",
        "source_team": "TFU0BKCQP",
        "user_profile": {
            "avatar_hash": "c9adbeaeec89",
            "image_72": "https:\/\/avatars.slack-edge.com\/2021-08-18\/2404959641185_c9adbeaeec89e564ebd4_72.png",
            "first_name": "go",
            "real_name": "go masaki",
            "display_name": "masaki",
            "team": "TFU0BKCQP",
            "name": "go.masaki",
            "is_restricted": false,
            "is_ultra_restricted": false
        },
        "thread_ts": "1639724813.019900",
        "parent_user_id": "U02BJ9XDHSN"
    },
    {
        "client_msg_id": "057627c2-d42c-4db0-a3fd-579b26aa5739",
        "type": "message",
        "text": "sercretmanagerで鍵はローテンションして管理したほうが良いと自分も思いました...\nハードコーディングは避けるべきですね\nありがとうございます！\n<@U02K7TWFJ83>",
        "user": "U02BJ9XDHSN",
        "ts": "1639729549.025400",
        "blocks": [
            {
                "type": "rich_text",
                "block_id": "4KLGW",
                "elements": [
                    {
                        "type": "rich_text_section",
                        "elements": [
                            {
                                "type": "text",
                                "text": "sercretmanagerで鍵はローテンションして管理したほうが良いと自分も思いました...\nハードコーディングは避けるべきですね\nありがとうございます！\n"
                            },
                            {
                                "type": "user",
                                "user_id": "U02K7TWFJ83"
                            }
                        ]
                    }
                ]
            }
        ],
        "team": "TFU0BKCQP",
        "user_team": "TFU0BKCQP",
        "source_team": "TFU0BKCQP",
        "user_profile": {
            "avatar_hash": "c9adbeaeec89",
            "image_72": "https:\/\/avatars.slack-edge.com\/2021-08-18\/2404959641185_c9adbeaeec89e564ebd4_72.png",
            "first_name": "go",
            "real_name": "go masaki",
            "display_name": "masaki",
            "team": "TFU0BKCQP",
            "name": "go.masaki",
            "is_restricted": false,
            "is_ultra_restricted": false
        },
        "thread_ts": "1639724813.019900",
        "parent_user_id": "U02BJ9XDHSN",
        "reactions": [
            {
                "name": "+1",
                "users": [
                    "U02K7TWFJ83"
                ],
                "count": 1
            }
        ]
    }
]