[
    {
        "client_msg_id": "1d68e36a-8c1a-4fd8-8b49-64ec796a347d",
        "type": "message",
        "text": "<https:\/\/github.com\/jfrog\/terraform-provider-artifactory\/issues\/240#issuecomment-992729901>\n\n<https:\/\/registry.terraform.io\/providers\/jfrog\/artifactory\/latest|jfrog\/artifactory | Terraform Registry> で登録していた signing key が消失したらしく(まだ原因はわかっていない)既存の全 version の provider が使えなくなりました :cry:\n\n現在鋭意調査中とのことですが、こういうのがあると ci 環境からの terraform 実行とかは全部ダメになってしまう…",
        "user": "UREE40K7A",
        "ts": "1639452986.015100",
        "blocks": [
            {
                "type": "rich_text",
                "block_id": "jpL7b",
                "elements": [
                    {
                        "type": "rich_text_section",
                        "elements": [
                            {
                                "type": "link",
                                "url": "https:\/\/github.com\/jfrog\/terraform-provider-artifactory\/issues\/240#issuecomment-992729901"
                            },
                            {
                                "type": "text",
                                "text": "\n\n"
                            },
                            {
                                "type": "link",
                                "url": "https:\/\/registry.terraform.io\/providers\/jfrog\/artifactory\/latest",
                                "text": "jfrog\/artifactory | Terraform Registry"
                            },
                            {
                                "type": "text",
                                "text": " で登録していた signing key が消失したらしく(まだ原因はわかっていない)既存の全 version の provider が使えなくなりました "
                            },
                            {
                                "type": "emoji",
                                "name": "cry",
                                "unicode": "1f622"
                            },
                            {
                                "type": "text",
                                "text": "\n\n現在鋭意調査中とのことですが、こういうのがあると ci 環境からの terraform 実行とかは全部ダメになってしまう…"
                            }
                        ]
                    }
                ]
            }
        ],
        "team": "TFU0BKCQP",
        "user_team": "TFU0BKCQP",
        "source_team": "TFU0BKCQP",
        "user_profile": {
            "avatar_hash": "g6a6d6d35378",
            "image_72": "https:\/\/secure.gravatar.com\/avatar\/6a6d6d3537875bb94e3fa9e685112e1a.jpg?s=72&d=https%3A%2F%2Fa.slack-edge.com%2Fdf10d%2Fimg%2Favatars%2Fava_0024-72.png",
            "first_name": "",
            "real_name": "cappyzawa",
            "display_name": "cappyzawa",
            "team": "TFU0BKCQP",
            "name": "cappyzawa",
            "is_restricted": false,
            "is_ultra_restricted": false
        },
        "attachments": [
            {
                "id": 1,
                "footer_icon": "https:\/\/slack.github.com\/static\/img\/favicon-neutral.png",
                "ts": 1639418420,
                "color": "24292f",
                "bot_id": "B01U2F8JUF9",
                "app_unfurl_url": "https:\/\/github.com\/jfrog\/terraform-provider-artifactory\/issues\/240#issuecomment-992729901",
                "is_app_unfurl": true,
                "app_id": "A01BP7R4KNY",
                "fallback": "<https:\/\/github.com\/jfrog\/terraform-provider-artifactory\/issues\/240#issuecomment-992729901|Comment on #240 Incompatible provider version jfrog\/artifactory>",
                "text": "We are investigating this issue. It looks like TF replaces our existing signing key with a new one (that we requested to _add_), and thus all versions signed by the existing key are no longer valid on the registry. We're working with TF to attempt to recover the existing key.\n\nHold on tight.",
                "title": "<https:\/\/github.com\/jfrog\/terraform-provider-artifactory\/issues\/240#issuecomment-992729901|Comment on #240 Incompatible provider version jfrog\/artifactory>",
                "footer": "<https:\/\/github.com\/jfrog\/terraform-provider-artifactory|jfrog\/terraform-provider-artifactory>",
                "mrkdwn_in": [
                    "text"
                ]
            }
        ],
        "thread_ts": "1639452986.015100",
        "reply_count": 1,
        "reply_users_count": 1,
        "latest_reply": "1639527315.017600",
        "reply_users": [
            "UREE40K7A"
        ],
        "replies": [
            {
                "user": "UREE40K7A",
                "ts": "1639527315.017600"
            }
        ],
        "is_locked": false,
        "subscribed": false,
        "reactions": [
            {
                "name": "scream",
                "users": [
                    "UFU0BKD8F",
                    "U02K7TWFJ83",
                    "UGY9BJ1NF",
                    "UR16FPJQZ",
                    "U02PYBSUJC8",
                    "U02EXFN4QN4",
                    "U01GAQPRFQB",
                    "U029HDK176Y",
                    "ULS55L16V",
                    "UGV9YDCVD"
                ],
                "count": 10
            }
        ]
    }
]