[
    {
        "client_msg_id": "776f1ce0-de3a-4464-80d2-9217eff2f370",
        "type": "message",
        "text": "本日発売の「Software Design 2022年1月号」のTerraform特集に寄稿しました。\nボクが担当した第一章はTerraform未経験者向けなので、このSlackには対象読者がいなさそうですが、\n皆さんの周りにTerraformを布教するときには役立つと思うので、ぜひご活用くださいー。\n<https:\/\/gihyo.jp\/magazine\/SD\/archive\/2022\/202201>",
        "user": "UP3JFHZ8V",
        "ts": "1639823887.028500",
        "blocks": [
            {
                "type": "rich_text",
                "block_id": "IlZQ",
                "elements": [
                    {
                        "type": "rich_text_section",
                        "elements": [
                            {
                                "type": "text",
                                "text": "本日発売の「Software Design 2022年1月号」のTerraform特集に寄稿しました。\nボクが担当した第一章はTerraform未経験者向けなので、このSlackには対象読者がいなさそうですが、\n皆さんの周りにTerraformを布教するときには役立つと思うので、ぜひご活用くださいー。\n"
                            },
                            {
                                "type": "link",
                                "url": "https:\/\/gihyo.jp\/magazine\/SD\/archive\/2022\/202201"
                            }
                        ]
                    }
                ]
            }
        ],
        "team": "TFU0BKCQP",
        "user_team": "TFU0BKCQP",
        "source_team": "TFU0BKCQP",
        "user_profile": {
            "avatar_hash": "gef4d5956450",
            "image_72": "https:\/\/secure.gravatar.com\/avatar\/ef4d5956450dd1f9b5fb4717b471366e.jpg?s=72&d=https%3A%2F%2Fa.slack-edge.com%2Fdf10d%2Fimg%2Favatars%2Fava_0021-72.png",
            "first_name": "",
            "real_name": "tmknom",
            "display_name": "tmknom",
            "team": "TFU0BKCQP",
            "name": "tmk.nom",
            "is_restricted": false,
            "is_ultra_restricted": false
        },
        "attachments": [
            {
                "from_url": "https:\/\/gihyo.jp\/magazine\/SD\/archive\/2022\/202201",
                "image_url": "https:\/\/gihyo.jp\/assets\/images\/ogp\/2022\/642201.jpg",
                "image_width": 476,
                "image_height": 250,
                "image_bytes": 86818,
                "id": 1,
                "original_url": "https:\/\/gihyo.jp\/magazine\/SD\/archive\/2022\/202201",
                "fallback": "技術評論社: Software Design 2022年1月号",
                "text": "第1特集ではAWSを例に，Terraformによるインフラ管理の流れ，AWS環境構築の手順，チームでTerraformを使っていくための機能，効率的な運用のためのTipsを紹介します。 第2特集では，Pythonで自動化スクリプトを書くときの定番のコードを紹介します。",
                "title": "Software Design 2022年1月号",
                "title_link": "https:\/\/gihyo.jp\/magazine\/SD\/archive\/2022\/202201",
                "service_name": "技術評論社"
            }
        ],
        "thread_ts": "1639823887.028500",
        "reply_count": 1,
        "reply_users_count": 1,
        "latest_reply": "1642079236.002100",
        "reply_users": [
            "U027N0PH7RV"
        ],
        "replies": [
            {
                "user": "U027N0PH7RV",
                "ts": "1642079236.002100"
            }
        ],
        "is_locked": false,
        "subscribed": false,
        "reactions": [
            {
                "name": "tada",
                "users": [
                    "U02PYBSUJC8",
                    "UR5BX70JC",
                    "UTS83NH0D",
                    "UHS4SFFA7",
                    "UGY9BJ1NF",
                    "UFU0BKD8F",
                    "U02NTCZJLAX",
                    "U01E5H76RNX",
                    "UR6TGPC0P",
                    "U02QR3SDPPW",
                    "UL1238EFN",
                    "ULSHHPEBB",
                    "UR16FPJQZ",
                    "U01GAQPRFQB",
                    "U02K7TWFJ83",
                    "U02BJ9XDHSN",
                    "U02KH2019CG",
                    "U01RV4S0WBA",
                    "U0204S8L4BS",
                    "U02DCS0HVTP",
                    "URKFM4N0Z",
                    "U01MNV17CSC",
                    "U01R2260A8K",
                    "UKAKENQAF",
                    "U02KJPBMQJC",
                    "U029HDK176Y",
                    "ULMG6D5GB",
                    "ULJGDGFHQ",
                    "U027N0PH7RV"
                ],
                "count": 29
            }
        ]
    }
]