[
    {
        "client_msg_id": "73766A6B-41AB-4109-BFFA-326478DE7466",
        "type": "message",
        "text": "Docker meetupではツイッターとコンパスのメッセージで複数回連絡してま",
        "user": "UGY5WMTHR",
        "ts": "1564912355.163700",
        "team": "TFU0BKCQP",
        "user_team": "TFU0BKCQP",
        "source_team": "TFU0BKCQP",
        "user_profile": {
            "avatar_hash": "gd22fcf5773b",
            "image_72": "https:\/\/secure.gravatar.com\/avatar\/ad22fcf5773b906c08330f4d57242212.jpg?s=72&d=https%3A%2F%2Fa.slack-edge.com%2Fdf10d%2Fimg%2Favatars%2Fava_0021-72.png",
            "first_name": "",
            "real_name": "inductor",
            "display_name": "inductor",
            "team": "TFU0BKCQP",
            "name": "kela",
            "is_restricted": false,
            "is_ultra_restricted": false
        },
        "thread_ts": "1564798005.152500",
        "parent_user_id": "UG46Z57TN"
    },
    {
        "client_msg_id": "01F610D8-4628-447A-A340-89E8B852A582",
        "type": "message",
        "text": "す",
        "user": "UGY5WMTHR",
        "ts": "1564912357.164000",
        "team": "TFU0BKCQP",
        "user_team": "TFU0BKCQP",
        "source_team": "TFU0BKCQP",
        "user_profile": {
            "avatar_hash": "gd22fcf5773b",
            "image_72": "https:\/\/secure.gravatar.com\/avatar\/ad22fcf5773b906c08330f4d57242212.jpg?s=72&d=https%3A%2F%2Fa.slack-edge.com%2Fdf10d%2Fimg%2Favatars%2Fava_0021-72.png",
            "first_name": "",
            "real_name": "inductor",
            "display_name": "inductor",
            "team": "TFU0BKCQP",
            "name": "kela",
            "is_restricted": false,
            "is_ultra_restricted": false
        },
        "thread_ts": "1564798005.152500",
        "parent_user_id": "UG46Z57TN"
    },
    {
        "client_msg_id": "5DDA961B-A9BC-4D07-B430-66BF2D5A6852",
        "type": "message",
        "text": "キャンセルのやつ",
        "user": "UGY5WMTHR",
        "ts": "1564912364.164300",
        "team": "TFU0BKCQP",
        "user_team": "TFU0BKCQP",
        "source_team": "TFU0BKCQP",
        "user_profile": {
            "avatar_hash": "gd22fcf5773b",
            "image_72": "https:\/\/secure.gravatar.com\/avatar\/ad22fcf5773b906c08330f4d57242212.jpg?s=72&d=https%3A%2F%2Fa.slack-edge.com%2Fdf10d%2Fimg%2Favatars%2Fava_0021-72.png",
            "first_name": "",
            "real_name": "inductor",
            "display_name": "inductor",
            "team": "TFU0BKCQP",
            "name": "kela",
            "is_restricted": false,
            "is_ultra_restricted": false
        },
        "thread_ts": "1564798005.152500",
        "parent_user_id": "UG46Z57TN",
        "reactions": [
            {
                "name": "+1",
                "users": [
                    "UG46Z57TN",
                    "UFTKSQ25T"
                ],
                "count": 2
            }
        ]
    },
    {
        "client_msg_id": "37473971-FC2C-4953-B09F-95E0525F3B32",
        "type": "message",
        "text": "T ^する",
        "user": "UG46Z57TN",
        "ts": "1564913404.164800",
        "team": "TFU0BKCQP",
        "user_team": "TFU0BKCQP",
        "source_team": "TFU0BKCQP",
        "user_profile": {
            "avatar_hash": "c6bdd4cb17db",
            "image_72": "https:\/\/avatars.slack-edge.com\/2019-07-05\/685991185957_c6bdd4cb17db956661a1_72.jpg",
            "first_name": "Takeshi",
            "real_name": "Takeshi Kondo",
            "display_name": "chaspy",
            "team": "TFU0BKCQP",
            "name": "take.she12",
            "is_restricted": false,
            "is_ultra_restricted": false
        },
        "thread_ts": "1564798005.152500",
        "parent_user_id": "UG46Z57TN"
    },
    {
        "client_msg_id": "9a1920fb-1f55-41e2-ac21-00a07456c31f",
        "type": "message",
        "text": "<@UG46Z57TN> HashiCorpさんに事前にノベルティを用意してもらうって話。\nフードスポンサーならフードとドリンクの清算しかお願いしないけど、\nノベルティやらお話やらいただけるならもうちょい関係を見直したほうがいいかも？\nミートアップ都度スポンサーをお願いするなら公式にスポンサーをお願いして、\nノベルティの用意とミートアップでの最新情報提供とかについてもうちょっと\n詰めておいたほうがいいかなって。\n奥さん自身は企業色が出ちゃうの嫌いって言ってたけど、製品のミートアップで\nユーザグループに対して公式に製品営業さんがスポンサーになるなら\n参加者のモチベーション等々も違うよねとか思った。",
        "user": "UFU0BKD8F",
        "ts": "1564921980.165000",
        "team": "TFU0BKCQP",
        "user_team": "TFU0BKCQP",
        "source_team": "TFU0BKCQP",
        "user_profile": {
            "avatar_hash": "92c41c62c7b0",
            "image_72": "https:\/\/avatars.slack-edge.com\/2019-01-30\/537137791812_92c41c62c7b0f054d3dd_72.jpg",
            "first_name": "らき",
            "real_name": "らき",
            "display_name": "raki",
            "team": "TFU0BKCQP",
            "name": "nishimuray",
            "is_restricted": false,
            "is_ultra_restricted": false
        },
        "thread_ts": "1564798005.152500",
        "parent_user_id": "UG46Z57TN"
    },
    {
        "client_msg_id": "6ef9c88f-82fb-407e-8bd7-4d1f1832213f",
        "type": "message",
        "text": "- ノベルティはたまたまもらった（特にお願いしたわけではない）\n- トークはスポンサーをする対価として枠をあげた\nって認識でした\n\nノベルティ以外は想定通りだけど、今後も継続して関係を続けるのか、続けるならノベルティを含めて内容をhashicorpと合意しておたほうがいいよね、ってことですか？",
        "user": "UG46Z57TN",
        "ts": "1564923020.165200",
        "team": "TFU0BKCQP",
        "user_team": "TFU0BKCQP",
        "source_team": "TFU0BKCQP",
        "user_profile": {
            "avatar_hash": "c6bdd4cb17db",
            "image_72": "https:\/\/avatars.slack-edge.com\/2019-07-05\/685991185957_c6bdd4cb17db956661a1_72.jpg",
            "first_name": "Takeshi",
            "real_name": "Takeshi Kondo",
            "display_name": "chaspy",
            "team": "TFU0BKCQP",
            "name": "take.she12",
            "is_restricted": false,
            "is_ultra_restricted": false
        },
        "edited": {
            "user": "UG46Z57TN",
            "ts": "1564923043.000000"
        },
        "thread_ts": "1564798005.152500",
        "parent_user_id": "UG46Z57TN"
    },
    {
        "client_msg_id": "d8cbb38f-712a-4aaa-ac21-96aeb044a9bd",
        "type": "message",
        "text": "うん、そんな感じ。",
        "user": "UFU0BKD8F",
        "ts": "1564924830.165500",
        "team": "TFU0BKCQP",
        "user_team": "TFU0BKCQP",
        "source_team": "TFU0BKCQP",
        "user_profile": {
            "avatar_hash": "92c41c62c7b0",
            "image_72": "https:\/\/avatars.slack-edge.com\/2019-01-30\/537137791812_92c41c62c7b0f054d3dd_72.jpg",
            "first_name": "らき",
            "real_name": "らき",
            "display_name": "raki",
            "team": "TFU0BKCQP",
            "name": "nishimuray",
            "is_restricted": false,
            "is_ultra_restricted": false
        },
        "thread_ts": "1564798005.152500",
        "parent_user_id": "UG46Z57TN",
        "reactions": [
            {
                "name": "ok_hand",
                "users": [
                    "UG46Z57TN"
                ],
                "count": 1
            }
        ]
    },
    {
        "client_msg_id": "99e8a807-42e0-47ea-b92c-18d2ef2c0dd2",
        "type": "message",
        "text": "blogかきまーす",
        "user": "UG46Z57TN",
        "ts": "1564928454.165900",
        "team": "TFU0BKCQP",
        "user_team": "TFU0BKCQP",
        "source_team": "TFU0BKCQP",
        "user_profile": {
            "avatar_hash": "c6bdd4cb17db",
            "image_72": "https:\/\/avatars.slack-edge.com\/2019-07-05\/685991185957_c6bdd4cb17db956661a1_72.jpg",
            "first_name": "Takeshi",
            "real_name": "Takeshi Kondo",
            "display_name": "chaspy",
            "team": "TFU0BKCQP",
            "name": "take.she12",
            "is_restricted": false,
            "is_ultra_restricted": false
        },
        "reactions": [
            {
                "name": "eyes",
                "users": [
                    "UFU0BKD8F"
                ],
                "count": 1
            },
            {
                "name": "white_check_mark",
                "users": [
                    "UG46Z57TN"
                ],
                "count": 1
            }
        ]
    },
    {
        "client_msg_id": "c15ce524-6c79-43d0-81bd-0330742b9758",
        "type": "message",
        "text": "明日の12時に公開",
        "user": "UG46Z57TN",
        "ts": "1564930583.166400",
        "team": "TFU0BKCQP",
        "user_team": "TFU0BKCQP",
        "source_team": "TFU0BKCQP",
        "user_profile": {
            "avatar_hash": "c6bdd4cb17db",
            "image_72": "https:\/\/avatars.slack-edge.com\/2019-07-05\/685991185957_c6bdd4cb17db956661a1_72.jpg",
            "first_name": "Takeshi",
            "real_name": "Takeshi Kondo",
            "display_name": "chaspy",
            "team": "TFU0BKCQP",
            "name": "take.she12",
            "is_restricted": false,
            "is_ultra_restricted": false
        }
    },
    {
        "user": "UL90RPEQ7",
        "type": "message",
        "subtype": "channel_purpose",
        "ts": "1564964306.166500",
        "text": "<@UL90RPEQ7>さんがチャンネルの目的を設定しました : ",
        "purpose": ""
    },
    {
        "user": "UL90RPEQ7",
        "type": "message",
        "subtype": "channel_topic",
        "ts": "1564964306.166600",
        "text": "<@UL90RPEQ7>さんがチャンネルのトピックを設定しました: meetup#2 10\/1 <https:\/\/connpass.com\/event\/142041\/edit\/>",
        "topic": "meetup#2 10\/1 <https:\/\/connpass.com\/event\/142041\/edit\/>",
        "reactions": [
            {
                "name": "pray",
                "users": [
                    "UG46Z57TN"
                ],
                "count": 1
            }
        ]
    }
]