[
    {
        "client_msg_id": "2a4d3ae6-e493-4ff9-ada7-5cfca7639297",
        "type": "message",
        "text": "二人の分も追加しました。",
        "user": "UFU0BKD8F",
        "ts": "1564821913.160300",
        "team": "TFU0BKCQP",
        "user_team": "TFU0BKCQP",
        "source_team": "TFU0BKCQP",
        "user_profile": {
            "avatar_hash": "92c41c62c7b0",
            "image_72": "https:\/\/avatars.slack-edge.com\/2019-01-30\/537137791812_92c41c62c7b0f054d3dd_72.jpg",
            "first_name": "らき",
            "real_name": "らき",
            "display_name": "raki",
            "team": "TFU0BKCQP",
            "name": "nishimuray",
            "is_restricted": false,
            "is_ultra_restricted": false
        },
        "thread_ts": "1564677881.135800",
        "parent_user_id": "UFU0BKD8F",
        "reactions": [
            {
                "name": "ありがとうございます",
                "users": [
                    "UHS4SFFA7"
                ],
                "count": 1
            }
        ]
    },
    {
        "client_msg_id": "c8a087a6-6734-44dc-9017-0856efc4a48f",
        "type": "message",
        "text": "無断キャンセルと当日無言でキャンセルした何人かについてはconnpassグループから弾きたい、くらいに思ってるけど荒れる気がするので思うだけにしておく。",
        "user": "UFU0BKD8F",
        "ts": "1564822169.160600",
        "team": "TFU0BKCQP",
        "user_team": "TFU0BKCQP",
        "source_team": "TFU0BKCQP",
        "user_profile": {
            "avatar_hash": "92c41c62c7b0",
            "image_72": "https:\/\/avatars.slack-edge.com\/2019-01-30\/537137791812_92c41c62c7b0f054d3dd_72.jpg",
            "first_name": "らき",
            "real_name": "らき",
            "display_name": "raki",
            "team": "TFU0BKCQP",
            "name": "nishimuray",
            "is_restricted": false,
            "is_ultra_restricted": false
        },
        "thread_ts": "1564798005.152500",
        "parent_user_id": "UG46Z57TN"
    },
    {
        "client_msg_id": "8d8185c6-9354-4afc-8676-29ab28ca954a",
        "type": "message",
        "text": "アンケートに関してはconnpassが最終出席者のみにメールを送る仕組みを用意してくれればそうしたいんだけど。。",
        "user": "UFU0BKD8F",
        "ts": "1564822301.160800",
        "team": "TFU0BKCQP",
        "user_team": "TFU0BKCQP",
        "source_team": "TFU0BKCQP",
        "user_profile": {
            "avatar_hash": "92c41c62c7b0",
            "image_72": "https:\/\/avatars.slack-edge.com\/2019-01-30\/537137791812_92c41c62c7b0f054d3dd_72.jpg",
            "first_name": "らき",
            "real_name": "らき",
            "display_name": "raki",
            "team": "TFU0BKCQP",
            "name": "nishimuray",
            "is_restricted": false,
            "is_ultra_restricted": false
        },
        "thread_ts": "1564798005.152500",
        "parent_user_id": "UG46Z57TN"
    },
    {
        "client_msg_id": "7b875b63-7ced-4b2b-a8db-01bd89990d01",
        "type": "message",
        "text": "T: ノベルティ関係は別途お願いしたほうがいいかも。今回俺がお箸欲しかったから運営でもらいましょうってやっちゃったけど次回以降はちゃんと考えたほうがいい気がする。",
        "user": "UFU0BKD8F",
        "ts": "1564823137.161000",
        "team": "TFU0BKCQP",
        "user_team": "TFU0BKCQP",
        "source_team": "TFU0BKCQP",
        "user_profile": {
            "avatar_hash": "92c41c62c7b0",
            "image_72": "https:\/\/avatars.slack-edge.com\/2019-01-30\/537137791812_92c41c62c7b0f054d3dd_72.jpg",
            "first_name": "らき",
            "real_name": "らき",
            "display_name": "raki",
            "team": "TFU0BKCQP",
            "name": "nishimuray",
            "is_restricted": false,
            "is_ultra_restricted": false
        },
        "thread_ts": "1564798005.152500",
        "parent_user_id": "UG46Z57TN"
    },
    {
        "client_msg_id": "6e5bb14a-a708-40ed-b334-4c6851eaff2e",
        "type": "message",
        "text": "T: 申込時の事前アンケートでWCのテーマを募集するとかでもいいかなーって思いました。",
        "user": "UHS4SFFA7",
        "ts": "1564842461.161300",
        "team": "TFU0BKCQP",
        "user_team": "TFU0BKCQP",
        "source_team": "TFU0BKCQP",
        "user_profile": {
            "avatar_hash": "gade34f8bdf1",
            "image_72": "https:\/\/secure.gravatar.com\/avatar\/5ade34f8bdf1b55c4ff82c11cf23cf42.jpg?s=72&d=https%3A%2F%2Fa.slack-edge.com%2Fdf10d%2Fimg%2Favatars%2Fava_0008-72.png",
            "first_name": "",
            "real_name": "minamijoyo",
            "display_name": "minamijoyo",
            "team": "TFU0BKCQP",
            "name": "minamijoyo",
            "is_restricted": false,
            "is_ultra_restricted": false
        },
        "edited": {
            "user": "UHS4SFFA7",
            "ts": "1564842696.000000"
        },
        "thread_ts": "1564798005.152500",
        "parent_user_id": "UG46Z57TN"
    },
    {
        "client_msg_id": "b5b80d27-f9c5-42aa-8516-a4bbbaac906e",
        "type": "message",
        "text": "T: キャンセルについては無料イベントは申し込み側がノーリスクなので一定発生してしまうのはやむを得ないかなという理解はしつつ、やっぱり補欠でいけなかった人がいるのはかわいそうだなーとは思うので、一般枠とは別に絶対行くぞ枠（？）とか色分けてモチベーション高い人を救済できるとよいかなとか思いました。",
        "user": "UHS4SFFA7",
        "ts": "1564842662.161500",
        "team": "TFU0BKCQP",
        "user_team": "TFU0BKCQP",
        "source_team": "TFU0BKCQP",
        "user_profile": {
            "avatar_hash": "gade34f8bdf1",
            "image_72": "https:\/\/secure.gravatar.com\/avatar\/5ade34f8bdf1b55c4ff82c11cf23cf42.jpg?s=72&d=https%3A%2F%2Fa.slack-edge.com%2Fdf10d%2Fimg%2Favatars%2Fava_0008-72.png",
            "first_name": "",
            "real_name": "minamijoyo",
            "display_name": "minamijoyo",
            "team": "TFU0BKCQP",
            "name": "minamijoyo",
            "is_restricted": false,
            "is_ultra_restricted": false
        },
        "edited": {
            "user": "UHS4SFFA7",
            "ts": "1564842703.000000"
        },
        "thread_ts": "1564798005.152500",
        "parent_user_id": "UG46Z57TN"
    },
    {
        "client_msg_id": "C3358320-CD1A-419F-96C0-376F183E8F1E",
        "type": "message",
        "text": "<@UFU0BKD8F> 別途お願いとはどういう意味ですか？(誰に何を？)\n<https:\/\/terraform-jp.slack.com\/archives\/CL3G8HMUN\/p1564823137161000?thread_ts=1564798005.152500&amp;channel=CL3G8HMUN&amp;message_ts=1564823137.161000>\nなお4つ余ってので次回使えます",
        "user": "UG46Z57TN",
        "ts": "1564895090.162900",
        "team": "TFU0BKCQP",
        "user_team": "TFU0BKCQP",
        "source_team": "TFU0BKCQP",
        "user_profile": {
            "avatar_hash": "c6bdd4cb17db",
            "image_72": "https:\/\/avatars.slack-edge.com\/2019-07-05\/685991185957_c6bdd4cb17db956661a1_72.jpg",
            "first_name": "Takeshi",
            "real_name": "Takeshi Kondo",
            "display_name": "chaspy",
            "team": "TFU0BKCQP",
            "name": "take.she12",
            "is_restricted": false,
            "is_ultra_restricted": false
        },
        "attachments": [
            {
                "from_url": "https:\/\/terraform-jp.slack.com\/archives\/CL3G8HMUN\/p1564823137161000?thread_ts=1564798005.152500&amp;channel=CL3G8HMUN&amp;message_ts=1564823137.161000",
                "fallback": "[August 3rd, 2019 2:05 AM] nishimuray: T: ノベルティ関係は別途お願いしたほうがいいかも。今回俺がお箸欲しかったから運営でもらいましょうってやっちゃったけど次回以降はちゃんと考えたほうがいい気がする。",
                "ts": "1564823137.161000",
                "author_id": "UFU0BKD8F",
                "author_subname": "らき",
                "channel_id": "CL3G8HMUN",
                "channel_name": "meetup",
                "is_msg_unfurl": true,
                "is_reply_unfurl": true,
                "text": "T: ノベルティ関係は別途お願いしたほうがいいかも。今回俺がお箸欲しかったから運営でもらいましょうってやっちゃったけど次回以降はちゃんと考えたほうがいい気がする。",
                "author_name": "らき",
                "author_link": "https:\/\/terraform-jp.slack.com\/team\/UFU0BKD8F",
                "author_icon": "https:\/\/avatars.slack-edge.com\/2019-01-30\/537137791812_92c41c62c7b0f054d3dd_48.jpg",
                "mrkdwn_in": [
                    "text"
                ],
                "id": 1,
                "original_url": "https:\/\/terraform-jp.slack.com\/archives\/CL3G8HMUN\/p1564823137161000?thread_ts=1564798005.152500&amp;channel=CL3G8HMUN&amp;message_ts=1564823137.161000",
                "footer": "#meetup のスレッドから"
            }
        ],
        "thread_ts": "1564798005.152500",
        "parent_user_id": "UG46Z57TN"
    }
]