[
    {
        "client_msg_id": "7b8cea78-2b8a-4efb-b38c-b16228afea26",
        "type": "message",
        "text": "ついでなんでmeetup #2もつめよう。",
        "user": "UG46Z57TN",
        "ts": "1566929033.176800",
        "team": "TFU0BKCQP",
        "user_team": "TFU0BKCQP",
        "source_team": "TFU0BKCQP",
        "user_profile": {
            "avatar_hash": "c6bdd4cb17db",
            "image_72": "https:\/\/avatars.slack-edge.com\/2019-07-05\/685991185957_c6bdd4cb17db956661a1_72.jpg",
            "first_name": "Takeshi",
            "real_name": "Takeshi Kondo",
            "display_name": "chaspy",
            "team": "TFU0BKCQP",
            "name": "take.she12",
            "is_restricted": false,
            "is_ultra_restricted": false
        },
        "thread_ts": "1566929033.176800",
        "reply_count": 18,
        "reply_users_count": 4,
        "latest_reply": "1566974395.000700",
        "reply_users": [
            "UG46Z57TN",
            "UFU0BKD8F",
            "UHS4SFFA7",
            "UFTKSQ25T"
        ],
        "replies": [
            {
                "user": "UG46Z57TN",
                "ts": "1566929046.176900"
            },
            {
                "user": "UG46Z57TN",
                "ts": "1566929198.177200"
            },
            {
                "user": "UG46Z57TN",
                "ts": "1566929245.177400"
            },
            {
                "user": "UG46Z57TN",
                "ts": "1566929406.177700"
            },
            {
                "user": "UG46Z57TN",
                "ts": "1566929457.178100"
            },
            {
                "user": "UG46Z57TN",
                "ts": "1566929706.178300"
            },
            {
                "user": "UG46Z57TN",
                "ts": "1566929764.178700"
            },
            {
                "user": "UG46Z57TN",
                "ts": "1566929786.178900"
            },
            {
                "user": "UG46Z57TN",
                "ts": "1566929934.179200"
            },
            {
                "user": "UG46Z57TN",
                "ts": "1566929943.179400"
            },
            {
                "user": "UFU0BKD8F",
                "ts": "1566952489.179900"
            },
            {
                "user": "UFU0BKD8F",
                "ts": "1566952717.180100"
            },
            {
                "user": "UHS4SFFA7",
                "ts": "1566953824.180400"
            },
            {
                "user": "UHS4SFFA7",
                "ts": "1566953834.180600"
            },
            {
                "user": "UFU0BKD8F",
                "ts": "1566955584.181000"
            },
            {
                "user": "UHS4SFFA7",
                "ts": "1566955833.181200"
            },
            {
                "user": "UFTKSQ25T",
                "ts": "1566971986.000200"
            },
            {
                "user": "UG46Z57TN",
                "ts": "1566974395.000700"
            }
        ],
        "subscribed": true,
        "last_read": "1566974509.781831",
        "reactions": [
            {
                "name": "muscle",
                "users": [
                    "UFU0BKD8F",
                    "UHS4SFFA7"
                ],
                "count": 2
            }
        ]
    },
    {
        "client_msg_id": "f783ad11-cf31-42fc-a956-ed5f0146bcd2",
        "type": "message",
        "text": "- 10\/1 オイシックスさん場所とってもらう",
        "user": "UG46Z57TN",
        "ts": "1566929046.176900",
        "team": "TFU0BKCQP",
        "user_team": "TFU0BKCQP",
        "source_team": "TFU0BKCQP",
        "user_profile": {
            "avatar_hash": "c6bdd4cb17db",
            "image_72": "https:\/\/avatars.slack-edge.com\/2019-07-05\/685991185957_c6bdd4cb17db956661a1_72.jpg",
            "first_name": "Takeshi",
            "real_name": "Takeshi Kondo",
            "display_name": "chaspy",
            "team": "TFU0BKCQP",
            "name": "take.she12",
            "is_restricted": false,
            "is_ultra_restricted": false
        },
        "edited": {
            "user": "UG46Z57TN",
            "ts": "1566929051.000000"
        },
        "thread_ts": "1566929033.176800",
        "parent_user_id": "UG46Z57TN"
    },
    {
        "client_msg_id": "cda327e9-fc40-486d-9bcb-095579fb4132",
        "type": "message",
        "text": "- hashicorpさんに連絡。スポンサーとの関係あらためて合意する。\nって話をどこかでらきさんとしたけどみつけきれん。何をつめればいいんだっけ",
        "user": "UG46Z57TN",
        "ts": "1566929198.177200",
        "team": "TFU0BKCQP",
        "user_team": "TFU0BKCQP",
        "source_team": "TFU0BKCQP",
        "user_profile": {
            "avatar_hash": "c6bdd4cb17db",
            "image_72": "https:\/\/avatars.slack-edge.com\/2019-07-05\/685991185957_c6bdd4cb17db956661a1_72.jpg",
            "first_name": "Takeshi",
            "real_name": "Takeshi Kondo",
            "display_name": "chaspy",
            "team": "TFU0BKCQP",
            "name": "take.she12",
            "is_restricted": false,
            "is_ultra_restricted": false
        },
        "thread_ts": "1566929033.176800",
        "parent_user_id": "UG46Z57TN"
    },
    {
        "client_msg_id": "d23ba656-dc51-4c8d-9208-ce1d92748587",
        "type": "message",
        "text": "<https:\/\/terraform-jp.slack.com\/archives\/CL3G8HMUN\/p1564923020165200?thread_ts=1564798005.152500&amp;cid=CL3G8HMUN>",
        "user": "UG46Z57TN",
        "ts": "1566929245.177400",
        "team": "TFU0BKCQP",
        "user_team": "TFU0BKCQP",
        "source_team": "TFU0BKCQP",
        "user_profile": {
            "avatar_hash": "c6bdd4cb17db",
            "image_72": "https:\/\/avatars.slack-edge.com\/2019-07-05\/685991185957_c6bdd4cb17db956661a1_72.jpg",
            "first_name": "Takeshi",
            "real_name": "Takeshi Kondo",
            "display_name": "chaspy",
            "team": "TFU0BKCQP",
            "name": "take.she12",
            "is_restricted": false,
            "is_ultra_restricted": false
        },
        "attachments": [
            {
                "from_url": "https:\/\/terraform-jp.slack.com\/archives\/CL3G8HMUN\/p1564923020165200?thread_ts=1564798005.152500&amp;cid=CL3G8HMUN",
                "fallback": "[August 4th, 2019 5:50 AM] take.she12: - ノベルティはたまたまもらった（特にお願いしたわけではない）\n- トークはスポンサーをする対価として枠をあげた\nって認識でした\n\nノベルティ以外は想定通りだけど、今後も継続して関係を続けるのか、続けるならノベルティを含めて内容をhashicorpと合意しておたほうがいいよね、ってことですか？",
                "ts": "1564923020.165200",
                "author_id": "UG46Z57TN",
                "author_subname": "Takeshi Kondo",
                "channel_id": "CL3G8HMUN",
                "channel_name": "meetup",
                "is_msg_unfurl": true,
                "is_reply_unfurl": true,
                "text": "- ノベルティはたまたまもらった（特にお願いしたわけではない）\n- トークはスポンサーをする対価として枠をあげた\nって認識でした\n\nノベルティ以外は想定通りだけど、今後も継続して関係を続けるのか、続けるならノベルティを含めて内容をhashicorpと合意しておたほうがいいよね、ってことですか？",
                "author_name": "Takeshi Kondo",
                "author_link": "https:\/\/terraform-jp.slack.com\/team\/UG46Z57TN",
                "author_icon": "https:\/\/avatars.slack-edge.com\/2019-07-05\/685991185957_c6bdd4cb17db956661a1_48.jpg",
                "mrkdwn_in": [
                    "text"
                ],
                "id": 1,
                "original_url": "https:\/\/terraform-jp.slack.com\/archives\/CL3G8HMUN\/p1564923020165200?thread_ts=1564798005.152500&amp;cid=CL3G8HMUN",
                "footer": "#meetup のスレッドから"
            }
        ],
        "thread_ts": "1566929033.176800",
        "parent_user_id": "UG46Z57TN"
    },
    {
        "type": "message",
        "text": "meetup#2 ですが基本的に#1を踏襲していきます。\n最終的な意思決定は運営メンバがしますが、こういうのがあったらいいな、こういう企画はどうだろう、みたいな意見、このチャンネルにいるみなさんからの意見もwelcomeです。（そのためにmeetup channelがpublicになっている）",
        "files": [
            {
                "id": "FMKJE7B09",
                "created": 1566929402,
                "timestamp": 1566929402,
                "name": "Screenshot 2019-08-28 03.08.35.png",
                "title": "Screenshot 2019-08-28 03.08.35.png",
                "mimetype": "image\/png",
                "filetype": "png",
                "pretty_type": "PNG",
                "user": "UG46Z57TN",
                "editable": false,
                "size": 164060,
                "mode": "hosted",
                "is_external": false,
                "external_type": "",
                "is_public": true,
                "public_url_shared": false,
                "display_as_bot": false,
                "username": "",
                "url_private": "https:\/\/files.slack.com\/files-pri\/TFU0BKCQP-FMKJE7B09\/screenshot_2019-08-28_03.08.35.png?t=xoxe-538011658839-806418316866-819211362325-940ad02e2540576b1109bef8942a657d",
                "url_private_download": "https:\/\/files.slack.com\/files-pri\/TFU0BKCQP-FMKJE7B09\/download\/screenshot_2019-08-28_03.08.35.png?t=xoxe-538011658839-806418316866-819211362325-940ad02e2540576b1109bef8942a657d",
                "thumb_64": "https:\/\/files.slack.com\/files-tmb\/TFU0BKCQP-FMKJE7B09-d32dc15a6d\/screenshot_2019-08-28_03.08.35_64.png?t=xoxe-538011658839-806418316866-819211362325-940ad02e2540576b1109bef8942a657d",
                "thumb_80": "https:\/\/files.slack.com\/files-tmb\/TFU0BKCQP-FMKJE7B09-d32dc15a6d\/screenshot_2019-08-28_03.08.35_80.png?t=xoxe-538011658839-806418316866-819211362325-940ad02e2540576b1109bef8942a657d",
                "thumb_360": "https:\/\/files.slack.com\/files-tmb\/TFU0BKCQP-FMKJE7B09-d32dc15a6d\/screenshot_2019-08-28_03.08.35_360.png?t=xoxe-538011658839-806418316866-819211362325-940ad02e2540576b1109bef8942a657d",
                "thumb_360_w": 305,
                "thumb_360_h": 360,
                "thumb_480": "https:\/\/files.slack.com\/files-tmb\/TFU0BKCQP-FMKJE7B09-d32dc15a6d\/screenshot_2019-08-28_03.08.35_480.png?t=xoxe-538011658839-806418316866-819211362325-940ad02e2540576b1109bef8942a657d",
                "thumb_480_w": 407,
                "thumb_480_h": 480,
                "thumb_160": "https:\/\/files.slack.com\/files-tmb\/TFU0BKCQP-FMKJE7B09-d32dc15a6d\/screenshot_2019-08-28_03.08.35_160.png?t=xoxe-538011658839-806418316866-819211362325-940ad02e2540576b1109bef8942a657d",
                "thumb_720": "https:\/\/files.slack.com\/files-tmb\/TFU0BKCQP-FMKJE7B09-d32dc15a6d\/screenshot_2019-08-28_03.08.35_720.png?t=xoxe-538011658839-806418316866-819211362325-940ad02e2540576b1109bef8942a657d",
                "thumb_720_w": 610,
                "thumb_720_h": 720,
                "thumb_800": "https:\/\/files.slack.com\/files-tmb\/TFU0BKCQP-FMKJE7B09-d32dc15a6d\/screenshot_2019-08-28_03.08.35_800.png?t=xoxe-538011658839-806418316866-819211362325-940ad02e2540576b1109bef8942a657d",
                "thumb_800_w": 800,
                "thumb_800_h": 945,
                "thumb_960": "https:\/\/files.slack.com\/files-tmb\/TFU0BKCQP-FMKJE7B09-d32dc15a6d\/screenshot_2019-08-28_03.08.35_960.png?t=xoxe-538011658839-806418316866-819211362325-940ad02e2540576b1109bef8942a657d",
                "thumb_960_w": 813,
                "thumb_960_h": 960,
                "thumb_1024": "https:\/\/files.slack.com\/files-tmb\/TFU0BKCQP-FMKJE7B09-d32dc15a6d\/screenshot_2019-08-28_03.08.35_1024.png?t=xoxe-538011658839-806418316866-819211362325-940ad02e2540576b1109bef8942a657d",
                "thumb_1024_w": 867,
                "thumb_1024_h": 1024,
                "image_exif_rotation": 1,
                "original_w": 1384,
                "original_h": 1634,
                "permalink": "https:\/\/terraform-jp.slack.com\/files\/UG46Z57TN\/FMKJE7B09\/screenshot_2019-08-28_03.08.35.png",
                "permalink_public": "https:\/\/slack-files.com\/TFU0BKCQP-FMKJE7B09-45fee2f8dc",
                "is_starred": false,
                "has_rich_preview": false
            }
        ],
        "upload": true,
        "user": "UG46Z57TN",
        "display_as_bot": false,
        "ts": "1566929406.177700",
        "client_msg_id": "92b6aa21-131b-4b3b-b678-46e709cb301b",
        "thread_ts": "1566929033.176800",
        "parent_user_id": "UG46Z57TN",
        "subtype": "thread_broadcast",
        "root": {
            "client_msg_id": "7b8cea78-2b8a-4efb-b38c-b16228afea26",
            "type": "message",
            "text": "ついでなんでmeetup #2もつめよう。",
            "user": "UG46Z57TN",
            "ts": "1566929033.176800",
            "team": "TFU0BKCQP",
            "thread_ts": "1566929033.176800",
            "reply_count": 18,
            "reply_users_count": 4,
            "latest_reply": "1566974395.000700",
            "reply_users": [
                "UG46Z57TN",
                "UFU0BKD8F",
                "UHS4SFFA7",
                "UFTKSQ25T"
            ],
            "replies": [
                {
                    "user": "UG46Z57TN",
                    "ts": "1566929046.176900"
                },
                {
                    "user": "UG46Z57TN",
                    "ts": "1566929198.177200"
                },
                {
                    "user": "UG46Z57TN",
                    "ts": "1566929245.177400"
                },
                {
                    "user": "UG46Z57TN",
                    "ts": "1566929406.177700"
                },
                {
                    "user": "UG46Z57TN",
                    "ts": "1566929457.178100"
                },
                {
                    "user": "UG46Z57TN",
                    "ts": "1566929706.178300"
                },
                {
                    "user": "UG46Z57TN",
                    "ts": "1566929764.178700"
                },
                {
                    "user": "UG46Z57TN",
                    "ts": "1566929786.178900"
                },
                {
                    "user": "UG46Z57TN",
                    "ts": "1566929934.179200"
                },
                {
                    "user": "UG46Z57TN",
                    "ts": "1566929943.179400"
                },
                {
                    "user": "UFU0BKD8F",
                    "ts": "1566952489.179900"
                },
                {
                    "user": "UFU0BKD8F",
                    "ts": "1566952717.180100"
                },
                {
                    "user": "UHS4SFFA7",
                    "ts": "1566953824.180400"
                },
                {
                    "user": "UHS4SFFA7",
                    "ts": "1566953834.180600"
                },
                {
                    "user": "UFU0BKD8F",
                    "ts": "1566955584.181000"
                },
                {
                    "user": "UHS4SFFA7",
                    "ts": "1566955833.181200"
                },
                {
                    "user": "UFTKSQ25T",
                    "ts": "1566971986.000200"
                },
                {
                    "user": "UG46Z57TN",
                    "ts": "1566974395.000700"
                }
            ],
            "subscribed": true,
            "last_read": "1566974509.781831"
        }
    },
    {
        "client_msg_id": "88d2a674-7d40-4895-bb02-a56bca01dd4e",
        "type": "message",
        "text": "worldcafeどうする、どうなったらもっとよくなる、world cafe次回もやる？とかはらきさんにまかせる",
        "user": "UG46Z57TN",
        "ts": "1566929457.178100",
        "team": "TFU0BKCQP",
        "user_team": "TFU0BKCQP",
        "source_team": "TFU0BKCQP",
        "user_profile": {
            "avatar_hash": "c6bdd4cb17db",
            "image_72": "https:\/\/avatars.slack-edge.com\/2019-07-05\/685991185957_c6bdd4cb17db956661a1_72.jpg",
            "first_name": "Takeshi",
            "real_name": "Takeshi Kondo",
            "display_name": "chaspy",
            "team": "TFU0BKCQP",
            "name": "take.she12",
            "is_restricted": false,
            "is_ultra_restricted": false
        },
        "thread_ts": "1566929033.176800",
        "parent_user_id": "UG46Z57TN"
    },
    {
        "client_msg_id": "54ad0f07-7ccd-408d-9ed8-8a49c7b1d889",
        "type": "message",
        "text": "worldcafeのネタなり、ネタにならんでも統計情報とって「おー」って発表するコーナー面白い気がするので、事前アンケートは morihaya さんにいれてもらおう。\n<https:\/\/terraform-jp.slack.com\/archives\/CL3G8HMUN\/p1564799087156500?thread_ts=1564798005.152500&amp;cid=CL3G8HMUN>",
        "user": "UG46Z57TN",
        "ts": "1566929706.178300",
        "team": "TFU0BKCQP",
        "user_team": "TFU0BKCQP",
        "source_team": "TFU0BKCQP",
        "user_profile": {
            "avatar_hash": "c6bdd4cb17db",
            "image_72": "https:\/\/avatars.slack-edge.com\/2019-07-05\/685991185957_c6bdd4cb17db956661a1_72.jpg",
            "first_name": "Takeshi",
            "real_name": "Takeshi Kondo",
            "display_name": "chaspy",
            "team": "TFU0BKCQP",
            "name": "take.she12",
            "is_restricted": false,
            "is_ultra_restricted": false
        },
        "attachments": [
            {
                "from_url": "https:\/\/terraform-jp.slack.com\/archives\/CL3G8HMUN\/p1564799087156500?thread_ts=1564798005.152500&amp;cid=CL3G8HMUN",
                "fallback": "[August 2nd, 2019 7:24 PM] yukiya.hayashi: T 事前アンケートとる？v12使ってるか？ワークスペース？環境のカバー率\nとか、ワールドカフェのネタにはなりそう",
                "ts": "1564799087.156500",
                "author_id": "UFTKSQ25T",
                "author_subname": "morihaya",
                "channel_id": "CL3G8HMUN",
                "channel_name": "meetup",
                "is_msg_unfurl": true,
                "is_reply_unfurl": true,
                "text": "T 事前アンケートとる？v12使ってるか？ワークスペース？環境のカバー率\nとか、ワールドカフェのネタにはなりそう",
                "author_name": "morihaya",
                "author_link": "https:\/\/terraform-jp.slack.com\/team\/UFTKSQ25T",
                "author_icon": "https:\/\/secure.gravatar.com\/avatar\/10bffa2bb65aa200d991e14d6110f549.jpg?s=48&d=https%3A%2F%2Fa.slack-edge.com%2F00b63%2Fimg%2Favatars%2Fava_0016-48.png",
                "mrkdwn_in": [
                    "text"
                ],
                "id": 1,
                "original_url": "https:\/\/terraform-jp.slack.com\/archives\/CL3G8HMUN\/p1564799087156500?thread_ts=1564798005.152500&amp;cid=CL3G8HMUN",
                "footer": "#meetup のスレッドから"
            }
        ],
        "thread_ts": "1566929033.176800",
        "parent_user_id": "UG46Z57TN"
    },
    {
        "client_msg_id": "ddd77011-4f49-4875-90a3-ed544953424d",
        "type": "message",
        "text": "`（LT枠のみ）300文字以内のElevator Pitchをお願いします` をいれているけど文字数制限がかからない気がする。",
        "user": "UG46Z57TN",
        "ts": "1566929764.178700",
        "team": "TFU0BKCQP",
        "user_team": "TFU0BKCQP",
        "source_team": "TFU0BKCQP",
        "user_profile": {
            "avatar_hash": "c6bdd4cb17db",
            "image_72": "https:\/\/avatars.slack-edge.com\/2019-07-05\/685991185957_c6bdd4cb17db956661a1_72.jpg",
            "first_name": "Takeshi",
            "real_name": "Takeshi Kondo",
            "display_name": "chaspy",
            "team": "TFU0BKCQP",
            "name": "take.she12",
            "is_restricted": false,
            "is_ultra_restricted": false
        },
        "thread_ts": "1566929033.176800",
        "parent_user_id": "UG46Z57TN"
    },
    {
        "client_msg_id": "4cf2ba95-fc3d-4ba3-a745-83e6bcb761ae",
        "type": "message",
        "text": "connpass事前アンケートのフリーテキストって何文字までかけるんですかね、、、、",
        "user": "UG46Z57TN",
        "ts": "1566929786.178900",
        "team": "TFU0BKCQP",
        "user_team": "TFU0BKCQP",
        "source_team": "TFU0BKCQP",
        "user_profile": {
            "avatar_hash": "c6bdd4cb17db",
            "image_72": "https:\/\/avatars.slack-edge.com\/2019-07-05\/685991185957_c6bdd4cb17db956661a1_72.jpg",
            "first_name": "Takeshi",
            "real_name": "Takeshi Kondo",
            "display_name": "chaspy",
            "team": "TFU0BKCQP",
            "name": "take.she12",
            "is_restricted": false,
            "is_ultra_restricted": false
        },
        "edited": {
            "user": "UG46Z57TN",
            "ts": "1566929790.000000"
        },
        "thread_ts": "1566929033.176800",
        "parent_user_id": "UG46Z57TN"
    },
    {
        "client_msg_id": "7df10857-2ae5-4d09-99d0-ad108f60c24b",
        "type": "message",
        "text": "月初平日：イベント実施\n3週間前：イベント公開\n\nにするとやってる感が途切れないのでそういうリズムでいこう。",
        "user": "UG46Z57TN",
        "ts": "1566929934.179200",
        "team": "TFU0BKCQP",
        "user_team": "TFU0BKCQP",
        "source_team": "TFU0BKCQP",
        "user_profile": {
            "avatar_hash": "c6bdd4cb17db",
            "image_72": "https:\/\/avatars.slack-edge.com\/2019-07-05\/685991185957_c6bdd4cb17db956661a1_72.jpg",
            "first_name": "Takeshi",
            "real_name": "Takeshi Kondo",
            "display_name": "chaspy",
            "team": "TFU0BKCQP",
            "name": "take.she12",
            "is_restricted": false,
            "is_ultra_restricted": false
        },
        "thread_ts": "1566929033.176800",
        "parent_user_id": "UG46Z57TN"
    },
    {
        "client_msg_id": "252bc6b8-5a7d-43a8-ab7c-3d39a2a78e92",
        "type": "message",
        "text": "9\/10頃イベント公開しよう。",
        "user": "UG46Z57TN",
        "ts": "1566929943.179400",
        "team": "TFU0BKCQP",
        "user_team": "TFU0BKCQP",
        "source_team": "TFU0BKCQP",
        "user_profile": {
            "avatar_hash": "c6bdd4cb17db",
            "image_72": "https:\/\/avatars.slack-edge.com\/2019-07-05\/685991185957_c6bdd4cb17db956661a1_72.jpg",
            "first_name": "Takeshi",
            "real_name": "Takeshi Kondo",
            "display_name": "chaspy",
            "team": "TFU0BKCQP",
            "name": "take.she12",
            "is_restricted": false,
            "is_ultra_restricted": false
        },
        "thread_ts": "1566929033.176800",
        "parent_user_id": "UG46Z57TN"
    },
    {
        "client_msg_id": "c486e066-9cac-4cdc-87c5-0c40f722935c",
        "type": "message",
        "text": "HachiCorpさんには\n- HashiCorp 最新情報などの情報公開LT（毎回10から15分）\n- ノベルティの抽選提供（毎回5個程度）\n- フードスポンサー（ドリンク&amp;フード）\nがお願いできればいいなと思ってる。",
        "user": "UFU0BKD8F",
        "ts": "1566952489.179900",
        "team": "TFU0BKCQP",
        "user_team": "TFU0BKCQP",
        "source_team": "TFU0BKCQP",
        "user_profile": {
            "avatar_hash": "92c41c62c7b0",
            "image_72": "https:\/\/avatars.slack-edge.com\/2019-01-30\/537137791812_92c41c62c7b0f054d3dd_72.jpg",
            "first_name": "らき",
            "real_name": "らき",
            "display_name": "raki",
            "team": "TFU0BKCQP",
            "name": "nishimuray",
            "is_restricted": false,
            "is_ultra_restricted": false
        },
        "thread_ts": "1566929033.176800",
        "parent_user_id": "UG46Z57TN"
    },
    {
        "client_msg_id": "e7f55944-8089-462e-8c98-d38a439a3933",
        "type": "message",
        "text": "WCについては少なくてもあと数回は継続したい。お題は参考程度に提示してもいいけど、あくまでテーブル毎のメンバーで好きなことを自由に話してもらいたい。",
        "user": "UFU0BKD8F",
        "ts": "1566952717.180100",
        "team": "TFU0BKCQP",
        "user_team": "TFU0BKCQP",
        "source_team": "TFU0BKCQP",
        "user_profile": {
            "avatar_hash": "92c41c62c7b0",
            "image_72": "https:\/\/avatars.slack-edge.com\/2019-01-30\/537137791812_92c41c62c7b0f054d3dd_72.jpg",
            "first_name": "らき",
            "real_name": "らき",
            "display_name": "raki",
            "team": "TFU0BKCQP",
            "name": "nishimuray",
            "is_restricted": false,
            "is_ultra_restricted": false
        },
        "thread_ts": "1566929033.176800",
        "parent_user_id": "UG46Z57TN",
        "reactions": [
            {
                "name": "+1",
                "users": [
                    "UG46Z57TN"
                ],
                "count": 1
            }
        ]
    },
    {
        "client_msg_id": "1175dda2-cfef-4cf1-9c6d-f81290eb5137",
        "type": "message",
        "text": "事前アンケートでWordCafeネタ募集をconnpass申込時の必須入力項目にするととりあえず並んでおいて直前キャンセルする人を多少フィルタリングできるかもと思ったのですが",
        "user": "UHS4SFFA7",
        "ts": "1566953824.180400",
        "team": "TFU0BKCQP",
        "user_team": "TFU0BKCQP",
        "source_team": "TFU0BKCQP",
        "user_profile": {
            "avatar_hash": "gade34f8bdf1",
            "image_72": "https:\/\/secure.gravatar.com\/avatar\/5ade34f8bdf1b55c4ff82c11cf23cf42.jpg?s=72&d=https%3A%2F%2Fa.slack-edge.com%2Fdf10d%2Fimg%2Favatars%2Fava_0008-72.png",
            "first_name": "",
            "real_name": "minamijoyo",
            "display_name": "minamijoyo",
            "team": "TFU0BKCQP",
            "name": "minamijoyo",
            "is_restricted": false,
            "is_ultra_restricted": false
        },
        "edited": {
            "user": "UHS4SFFA7",
            "ts": "1566953848.000000"
        },
        "thread_ts": "1566929033.176800",
        "parent_user_id": "UG46Z57TN"
    },
    {
        "client_msg_id": "74980d37-260c-4863-8fff-6131e78c2a53",
        "type": "message",
        "text": "必須項目はやりすぎ？",
        "user": "UHS4SFFA7",
        "ts": "1566953834.180600",
        "team": "TFU0BKCQP",
        "user_team": "TFU0BKCQP",
        "source_team": "TFU0BKCQP",
        "user_profile": {
            "avatar_hash": "gade34f8bdf1",
            "image_72": "https:\/\/secure.gravatar.com\/avatar\/5ade34f8bdf1b55c4ff82c11cf23cf42.jpg?s=72&d=https%3A%2F%2Fa.slack-edge.com%2Fdf10d%2Fimg%2Favatars%2Fava_0008-72.png",
            "first_name": "",
            "real_name": "minamijoyo",
            "display_name": "minamijoyo",
            "team": "TFU0BKCQP",
            "name": "minamijoyo",
            "is_restricted": false,
            "is_ultra_restricted": false
        },
        "thread_ts": "1566929033.176800",
        "parent_user_id": "UG46Z57TN"
    },
    {
        "client_msg_id": "cadebff0-f109-4c46-8e01-f25b2bff4a02",
        "type": "message",
        "text": "どちらにしてもキャンセルは出るし必須にする必要はないんじゃないかなとは思う。。。\nキャンセルの相手は面倒だしいらっとするけどそれで他の人に手間を強要するのも違うかなって。。。\n自由入力欄ができるなら参加への意気込みだけもらっておけば十分かなって。",
        "user": "UFU0BKD8F",
        "ts": "1566955584.181000",
        "team": "TFU0BKCQP",
        "user_team": "TFU0BKCQP",
        "source_team": "TFU0BKCQP",
        "user_profile": {
            "avatar_hash": "92c41c62c7b0",
            "image_72": "https:\/\/avatars.slack-edge.com\/2019-01-30\/537137791812_92c41c62c7b0f054d3dd_72.jpg",
            "first_name": "らき",
            "real_name": "らき",
            "display_name": "raki",
            "team": "TFU0BKCQP",
            "name": "nishimuray",
            "is_restricted": false,
            "is_ultra_restricted": false
        },
        "thread_ts": "1566929033.176800",
        "parent_user_id": "UG46Z57TN"
    },
    {
        "client_msg_id": "c1250edc-3d15-4829-aa61-7a99d0d1a2e1",
        "type": "message",
        "text": "はい :ok_hand:",
        "user": "UHS4SFFA7",
        "ts": "1566955833.181200",
        "team": "TFU0BKCQP",
        "user_team": "TFU0BKCQP",
        "source_team": "TFU0BKCQP",
        "user_profile": {
            "avatar_hash": "gade34f8bdf1",
            "image_72": "https:\/\/secure.gravatar.com\/avatar\/5ade34f8bdf1b55c4ff82c11cf23cf42.jpg?s=72&d=https%3A%2F%2Fa.slack-edge.com%2Fdf10d%2Fimg%2Favatars%2Fava_0008-72.png",
            "first_name": "",
            "real_name": "minamijoyo",
            "display_name": "minamijoyo",
            "team": "TFU0BKCQP",
            "name": "minamijoyo",
            "is_restricted": false,
            "is_ultra_restricted": false
        },
        "thread_ts": "1566929033.176800",
        "parent_user_id": "UG46Z57TN"
    },
    {
        "client_msg_id": "8ffcc590-76ee-44c2-b029-5accd03a76c8",
        "type": "message",
        "text": "場所ですが、10\/1(火)が先約があったので10\/2(水)ならOKでした！",
        "user": "UFTKSQ25T",
        "ts": "1566971986.000200",
        "team": "TFU0BKCQP",
        "user_team": "TFU0BKCQP",
        "source_team": "TFU0BKCQP",
        "user_profile": {
            "avatar_hash": "g0bffa2bb65a",
            "image_72": "https:\/\/secure.gravatar.com\/avatar\/10bffa2bb65aa200d991e14d6110f549.jpg?s=72&d=https%3A%2F%2Fa.slack-edge.com%2Fdf10d%2Fimg%2Favatars%2Fava_0016-72.png",
            "first_name": "",
            "real_name": "morihaya",
            "display_name": "",
            "team": "TFU0BKCQP",
            "name": "yukiya.hayashi",
            "is_restricted": false,
            "is_ultra_restricted": false
        },
        "thread_ts": "1566929033.176800",
        "parent_user_id": "UG46Z57TN",
        "reactions": [
            {
                "name": "+1",
                "users": [
                    "UFU0BKD8F",
                    "UG46Z57TN"
                ],
                "count": 2
            }
        ]
    },
    {
        "user": "UG46Z57TN",
        "type": "message",
        "subtype": "channel_topic",
        "ts": "1566974371.000600",
        "text": "<@UG46Z57TN>さんがチャンネルのトピックを設定しました: meetup#2 10\/2 <https:\/\/connpass.com\/event\/142041\/edit\/>",
        "topic": "meetup#2 10\/2 <https:\/\/connpass.com\/event\/142041\/edit\/>"
    },
    {
        "client_msg_id": "6df1189b-a8de-425f-9f7d-a6a96d752c2d",
        "type": "message",
        "text": "10\/2予約おねがいします＆ありがとうございます！",
        "user": "UG46Z57TN",
        "ts": "1566974395.000700",
        "team": "TFU0BKCQP",
        "user_team": "TFU0BKCQP",
        "source_team": "TFU0BKCQP",
        "user_profile": {
            "avatar_hash": "c6bdd4cb17db",
            "image_72": "https:\/\/avatars.slack-edge.com\/2019-07-05\/685991185957_c6bdd4cb17db956661a1_72.jpg",
            "first_name": "Takeshi",
            "real_name": "Takeshi Kondo",
            "display_name": "chaspy",
            "team": "TFU0BKCQP",
            "name": "take.she12",
            "is_restricted": false,
            "is_ultra_restricted": false
        },
        "thread_ts": "1566929033.176800",
        "parent_user_id": "UG46Z57TN",
        "reactions": [
            {
                "name": "+1",
                "users": [
                    "UFTKSQ25T"
                ],
                "count": 1
            }
        ]
    }
]