[
    {
        "type": "message",
        "subtype": "bot_message",
        "text": "",
        "ts": "1649689831.217069",
        "bot_id": "BG2UDF0NA",
        "attachments": [
            {
                "id": 1,
                "fallback": "ansible\/ansible on GitHub\nv2.13.0b0",
                "text": "`v2.13.0b0`",
                "title": "ansible\/ansible on GitHub",
                "title_link": "https:\/\/newreleases.io\/github\/ansible\/ansible",
                "mrkdwn_in": [
                    "text"
                ]
            }
        ]
    }
]