[
    {
        "type": "message",
        "subtype": "bot_message",
        "text": "",
        "ts": "1650437665.999159",
        "bot_id": "BG2UDF0NA",
        "attachments": [
            {
                "id": 1,
                "fallback": "DataDog\/ansible-datadog on GitHub\n4.15.0 \/ 2022-04-204.15.0 \nrelease note: <https:\/\/newreleases.io\/github\/DataDog\/ansible-datadog?version=4.15.0>",
                "text": "*4.15.0 \/ 2022-04-20* `4.15.0` \n```\n* [IMPROVEMENT] Switch Agent start mode to delayed on Windows. See [ #422 ( <https:\/\/github.com\/DataDog\/ansible-datadog\/pull\/422> ) ].\n* [BUGFIX] Fix installation of a newer pinned version by DNF. See [ #429 ( <https:\/\/github.com\/DataDog\/ansible-datadog\/pull\/429> ) ].\n```\n<https:\/\/newreleases.io\/github\/DataDog\/ansible-datadog?version=4.15.0|release note...>",
                "title": "DataDog\/ansible-datadog on GitHub",
                "title_link": "https:\/\/newreleases.io\/github\/DataDog\/ansible-datadog",
                "mrkdwn_in": [
                    "text"
                ]
            }
        ]
    }
]