[
    {
        "type": "message",
        "subtype": "bot_message",
        "text": "",
        "ts": "1649953523.465359",
        "bot_id": "BG2UDF0NA",
        "attachments": [
            {
                "id": 1,
                "fallback": "hashicorp\/terraform-provider-azurerm on GitHub\nv3.2.0",
                "text": "`v3.2.0`",
                "title": "hashicorp\/terraform-provider-azurerm on GitHub",
                "title_link": "https:\/\/newreleases.io\/github\/hashicorp\/terraform-provider-azurerm",
                "mrkdwn_in": [
                    "text"
                ]
            }
        ]
    },
    {
        "type": "message",
        "subtype": "bot_message",
        "text": "",
        "ts": "1649982888.064589",
        "bot_id": "BG2UDF0NA",
        "attachments": [
            {
                "id": 1,
                "fallback": "hashicorp\/terraform-provider-azurerm on GitHub\nv3.2.0 updated\nrelease note: <https:\/\/newreleases.io\/github\/hashicorp\/terraform-provider-azurerm?version=v3.2.0>",
                "text": "`v3.2.0` _updated_\n```\nFEATURES:\n\n* *New Datasource* : azurerm_kusto_database ( #16180 ( <https:\/\/github.com\/hashicorp\/terraform-provider-azurerm\/issues\/16180> ) )\n* *New Resource* : azurerm_container_connected_registry ( #15731 ( <https:\/\/github.com\/hashicorp\/terraform-provider-azurerm\/issues\/15731> ) )\n* *New Resource* : azurerm_managment_group_policy_exemption ( #16293 ( <https:\/\/github.com\/hashicorp\/terraform-provider-azurerm\/issues\/16293> ) )\n* *New Resource* : azurerm_resource_group_policy_exemption ( #16293 ( <https:\/\/github.com\/hashicorp\/terraform-provider-azurerm\/issues\/16293> ) )\n* *New Resource* : azurerm_resource_policy_exemption ( #16293 ( <https:\/\/github.com\/hashicorp\/terraform-provider-azurerm\/issues\/16293> ) )\n* *New Resource* : azurerm_stream_analytics_job_schedule ( #16349 ( <https:\/\/github.com\/hashicorp\/terraform-provider-azurerm\/issues\/16349> ) )\n* *New Resource* : azurerm_subscription_policy_exemption ( #16293 ( <https:\/\/github.com\/hashicorp\/terraform-provider-azurerm\/issues\/16293> ) )\n\nENHANCEMENTS:\n\n* Data Source: azurerm_stream_analytics_job - support for the last_output_time , start_mode , and start_time properties ( #16349 ( <https:\/\/github.com\/hashicorp\/terraform-provider-azurerm\/issues\/16349> ) )\n* azurerm_container_group - support for the init_container block ( #16204 ( <https:\/\/github.com\/hashicorp\/terraform-provider-azurerm\/issues\/16204> ) )\n* azurerm_machine_learning_workspace - renamed the public_network_access_enabled property to public_access_behind_virtual_network_enabled to better reflect what this property does ( #16288 ( <https:\/\/github.com\/hashicorp\/terraform-provider-azurerm\/issues\/16288> ) )\n* azurerm_media_streaming_endpoint support Standard Streaming Endpoints ( #16304 ( <https:\/\/github.com\/hashicorp\/terraform-provider-azurerm\/issues\/16304> ) )\n* azurerm_cdn_endpoint - the url_path_condition property now allows the RegEx and Wildcard values ( #16385 ( <https:\/\/github.com\/hashicorp\/terraform-provider-azurerm\/issues\/16385> ) )\n\nBUG FIXES:\n\n* Data Source: azurerm_log_analytics_linked_storage_account - correctly set the data_source_type property ( #16313 ( <https:\/\/github.com\/hashicorp\/terraform-provider-azurerm\/issues\/16313> ) )\n* azurerm_lb_outbound_rule - allow 0 for the allocated_outbound_ports property ( #16369 ( <https:\/\/github.com\/hashicorp\/terraform-provider-azurerm\/issues\/16369> ) )\n* azurerm_mysql_flexible_server - backup_retention_days can now be set any value from 1 - 35 ( #16312 ( <https:\/\/github.com\/hashicorp\/terraform-provider-azurerm\/issues\/16312> ) )\n* azurerm_sentinel_watchlist - support for the required property item_search_key ( #15861 ( <https:\/\/github.com\/hashicorp\/terraform-provider-azurerm\/issues\/15861> ) )\n* azurerm_vpn_server_configuration - the server_root_certificate property is now optional ( #16366 ( <https:\/\/github.com\/hashicorp\/terraform-provider-azurerm\/issues\/16366> ) )\n* azurerm_storage_data_lake_gen2_path - support $superuser as an option for owner and group ( #16370 ( <https:\/\/github.com\/hashicorp\/terraform-provider-azurerm\/issues\/16370> ) )\n* azurerm_eventhub_namespace - can now be updated when customer managed keys are being used ( #16371 ( <https:\/\/github.com\/hashicorp\/terraform-provider-azurerm\/issues\/16371> ) )\n* azurerm_postgresql_flexible_server - high_availability blocks can now be added and removed ( #16328 ( <https:\/\/github.com\/hashicorp\/terraform-provider-azurerm\/issues\/16328> ) )\n```\n<https:\/\/newreleases.io\/github\/hashicorp\/terraform-provider-azurerm?version=v3.2.0|release note...>",
                "title": "hashicorp\/terraform-provider-azurerm on GitHub",
                "title_link": "https:\/\/newreleases.io\/github\/hashicorp\/terraform-provider-azurerm",
                "mrkdwn_in": [
                    "text"
                ]
            }
        ]
    }
]