[
    {
        "type": "message",
        "subtype": "bot_message",
        "text": "",
        "ts": "1659111756.848429",
        "bot_id": "B01D39EAGTT",
        "attachments": [
            {
                "id": 1,
                "fallback": "hashicorp\/terraform-provider-aws on GitHub\nv4.24.0 updated",
                "text": "`v4.24.0` _updated_",
                "title": "hashicorp\/terraform-provider-aws on GitHub",
                "title_link": "https:\/\/newreleases.io\/github\/hashicorp\/terraform-provider-aws",
                "mrkdwn_in": [
                    "text"
                ]
            }
        ]
    },
    {
        "type": "message",
        "subtype": "bot_message",
        "text": "",
        "ts": "1659116123.128979",
        "bot_id": "B01D39EAGTT",
        "attachments": [
            {
                "id": 1,
                "fallback": "hashicorp\/terraform-provider-aws on GitHub\nv4.24.0 updated\nrelease note: <https:\/\/newreleases.io\/github\/hashicorp\/terraform-provider-aws?version=v4.24.0>",
                "text": "`v4.24.0` _updated_\n```\nFEATURES:\n\n* *New Resource:* aws_acmpca_permission ( #12485 ( <https:\/\/github.com\/hashicorp\/terraform-provider-aws\/issues\/12485> ) )\n* *New Resource:* aws_ssm_service_setting ( #13018 ( <https:\/\/github.com\/hashicorp\/terraform-provider-aws\/issues\/13018> ) )\n\nENHANCEMENTS:\n\n* data-source\/aws_ecs_service: Add tags attribute ( #25961 ( <https:\/\/github.com\/hashicorp\/terraform-provider-aws\/issues\/25961> ) )\n* resource\/aws_datasync_task: Add includes argument ( #25929 ( <https:\/\/github.com\/hashicorp\/terraform-provider-aws\/issues\/25929> ) )\n* resource\/aws_guardduty_detector: Add malware_protection attribute to the datasources configuration block ( #25994 ( <https:\/\/github.com\/hashicorp\/terraform-provider-aws\/issues\/25994> ) )\n* resource\/aws_guardduty_organization_configuration: Add malware_protection attribute to the datasources configuration block ( #25992 ( <https:\/\/github.com\/hashicorp\/terraform-provider-aws\/issues\/25992> ) )\n* resource\/aws_security_group: Additional plan-time validation for name and name_prefix ( #15011 ( <https:\/\/github.com\/hashicorp\/terraform-provider-aws\/issues\/15011> ) )\n* resource\/aws_security_group_rule: Add configurable Create timeout ( #24340 ( <https:\/\/github.com\/hashicorp\/terraform-provider-aws\/issues\/24340> ) )\n* resource\/aws_ses_configuration_set: Add tracking_options.0.custom_redirect_domain argument (NOTE: This enhancement is provided as best effort due to testing limitations, i.e., the requirement of a verified domain) ( #26032 ( <https:\/\/github.com\/hashicorp\/terraform-provider-aws\/issues\/26032> ) )\n\nBUG FIXES:\n\n* data-source\/aws_networkmanager_core_network_policy_document: Fix bug where bool values for attachment-policy.action.require-acceptance can only be true or omitted ( #26010 ( <https:\/\/github.com\/hashicorp\/terraform-provider-aws\/issues\/26010> ) )\n* resource\/aws_appmesh_gateway_route: Fix crash when only one of hostname rewrite or path rewrite is configured ( #26012 ( <https:\/\/github.com\/hashicorp\/terraform-provider-aws\/issues\/26012> ) )\n* resource\/aws_ce_anomaly_subscription:Fix crash upon adding or removing monitor ARNs to monitor_arn_list. ( #25941 ( <https:\/\/github.com\/hashicorp\/terraform-provider-aws\/issues\/25941> ) )\n* resource\/aws_cognito_identity_pool_provider_principal_tag: Fix read operation when using an OIDC provider ( #25964 ( <https:\/\/github.com\/hashicorp\/terraform-provider-aws\/issues\/25964> ) )\n* resource\/aws_route53_record: Don't ignore dualstack prefix in Route 53 Record alias names ( #10672 ( <https:\/\/github.com\/hashicorp\/terraform-provider-aws\/issues\/10672> ) )\n* resource\/aws_s3_bucket: Prevents unexpected import of existing bucket in us-east-1. ( #26011 ( <https:\/\/github.com\/hashicorp\/terraform-provider-aws\/issues\/26011> ) )\n* resource\/aws_s3_bucket: Refactored object_lock_enabled parameter's default assignment behavior to protect partitions without Object Lock available. ( #25098 ( <https:\/\/github.com\/hashicorp\/terraform-provider-aws\/issues\/25098> ) )\n```\n<https:\/\/newreleases.io\/github\/hashicorp\/terraform-provider-aws?version=v4.24.0|release note...>",
                "title": "hashicorp\/terraform-provider-aws on GitHub",
                "title_link": "https:\/\/newreleases.io\/github\/hashicorp\/terraform-provider-aws",
                "mrkdwn_in": [
                    "text"
                ]
            }
        ]
    },
    {
        "type": "message",
        "subtype": "bot_message",
        "text": "",
        "ts": "1659119923.741929",
        "bot_id": "B01D39EAGTT",
        "attachments": [
            {
                "id": 1,
                "fallback": "hashicorp\/terraform-provider-aws on GitHub\nv4.24.0 updated",
                "text": "`v4.24.0` _updated_",
                "title": "hashicorp\/terraform-provider-aws on GitHub",
                "title_link": "https:\/\/newreleases.io\/github\/hashicorp\/terraform-provider-aws",
                "mrkdwn_in": [
                    "text"
                ]
            }
        ]
    },
    {
        "type": "message",
        "subtype": "bot_message",
        "text": "",
        "ts": "1659120862.165229",
        "bot_id": "B01D39EAGTT",
        "attachments": [
            {
                "id": 1,
                "fallback": "hashicorp\/terraform-provider-aws on GitHub\nv4.24.0 updated",
                "text": "`v4.24.0` _updated_",
                "title": "hashicorp\/terraform-provider-aws on GitHub",
                "title_link": "https:\/\/newreleases.io\/github\/hashicorp\/terraform-provider-aws",
                "mrkdwn_in": [
                    "text"
                ]
            }
        ]
    },
    {
        "type": "message",
        "subtype": "bot_message",
        "text": "",
        "ts": "1659128133.101539",
        "bot_id": "B01D39EAGTT",
        "attachments": [
            {
                "id": 1,
                "fallback": "hashicorp\/terraform-provider-aws on GitHub\nv4.24.0 updated\nrelease note: <https:\/\/newreleases.io\/github\/hashicorp\/terraform-provider-aws?version=v4.24.0>",
                "text": "`v4.24.0` _updated_\n```\nFEATURES:\n\n* *New Resource:* aws_acmpca_permission ( #12485 ( <https:\/\/github.com\/hashicorp\/terraform-provider-aws\/issues\/12485> ) )\n* *New Resource:* aws_ssm_service_setting ( #13018 ( <https:\/\/github.com\/hashicorp\/terraform-provider-aws\/issues\/13018> ) )\n\nENHANCEMENTS:\n\n* data-source\/aws_ecs_service: Add tags attribute ( #25961 ( <https:\/\/github.com\/hashicorp\/terraform-provider-aws\/issues\/25961> ) )\n* resource\/aws_datasync_task: Add includes argument ( #25929 ( <https:\/\/github.com\/hashicorp\/terraform-provider-aws\/issues\/25929> ) )\n* resource\/aws_guardduty_detector: Add malware_protection attribute to the datasources configuration block ( #25994 ( <https:\/\/github.com\/hashicorp\/terraform-provider-aws\/issues\/25994> ) )\n* resource\/aws_guardduty_organization_configuration: Add malware_protection attribute to the datasources configuration block ( #25992 ( <https:\/\/github.com\/hashicorp\/terraform-provider-aws\/issues\/25992> ) )\n* resource\/aws_security_group: Additional plan-time validation for name and name_prefix ( #15011 ( <https:\/\/github.com\/hashicorp\/terraform-provider-aws\/issues\/15011> ) )\n* resource\/aws_security_group_rule: Add configurable Create timeout ( #24340 ( <https:\/\/github.com\/hashicorp\/terraform-provider-aws\/issues\/24340> ) )\n* resource\/aws_ses_configuration_set: Add tracking_options.0.custom_redirect_domain argument (NOTE: This enhancement is provided as best effort due to testing limitations, i.e., the requirement of a verified domain) ( #26032 ( <https:\/\/github.com\/hashicorp\/terraform-provider-aws\/issues\/26032> ) )\n\nBUG FIXES:\n\n* data-source\/aws_networkmanager_core_network_policy_document: Fix bug where bool values for attachment-policy.action.require-acceptance can only be true or omitted ( #26010 ( <https:\/\/github.com\/hashicorp\/terraform-provider-aws\/issues\/26010> ) )\n* resource\/aws_appmesh_gateway_route: Fix crash when only one of hostname rewrite or path rewrite is configured ( #26012 ( <https:\/\/github.com\/hashicorp\/terraform-provider-aws\/issues\/26012> ) )\n* resource\/aws_ce_anomaly_subscription:Fix crash upon adding or removing monitor ARNs to monitor_arn_list. ( #25941 ( <https:\/\/github.com\/hashicorp\/terraform-provider-aws\/issues\/25941> ) )\n* resource\/aws_cognito_identity_pool_provider_principal_tag: Fix read operation when using an OIDC provider ( #25964 ( <https:\/\/github.com\/hashicorp\/terraform-provider-aws\/issues\/25964> ) )\n* resource\/aws_route53_record: Don't ignore dualstack prefix in Route 53 Record alias names ( #10672 ( <https:\/\/github.com\/hashicorp\/terraform-provider-aws\/issues\/10672> ) )\n* resource\/aws_s3_bucket: Prevents unexpected import of existing bucket in us-east-1. ( #26011 ( <https:\/\/github.com\/hashicorp\/terraform-provider-aws\/issues\/26011> ) )\n* resource\/aws_s3_bucket: Refactored object_lock_enabled parameter's default assignment behavior to protect partitions without Object Lock available. ( #25098 ( <https:\/\/github.com\/hashicorp\/terraform-provider-aws\/issues\/25098> ) )\n```\n<https:\/\/newreleases.io\/github\/hashicorp\/terraform-provider-aws?version=v4.24.0|release note...>",
                "title": "hashicorp\/terraform-provider-aws on GitHub",
                "title_link": "https:\/\/newreleases.io\/github\/hashicorp\/terraform-provider-aws",
                "mrkdwn_in": [
                    "text"
                ]
            }
        ]
    },
    {
        "type": "message",
        "subtype": "bot_message",
        "text": "",
        "ts": "1659141266.104329",
        "bot_id": "B01D39EAGTT",
        "attachments": [
            {
                "id": 1,
                "fallback": "hashicorp\/packer on GitHub\nnightly updated",
                "text": "`nightly` _updated_",
                "title": "hashicorp\/packer on GitHub",
                "title_link": "https:\/\/newreleases.io\/github\/hashicorp\/packer",
                "mrkdwn_in": [
                    "text"
                ]
            }
        ]
    }
]