[
    {
        "type": "message",
        "subtype": "bot_message",
        "text": "",
        "ts": "1658414379.395979",
        "bot_id": "B01D39EAGTT",
        "attachments": [
            {
                "id": 1,
                "fallback": "hashicorp\/vault on GitHub\nv1.9.8v1.9.8",
                "text": "*v1.9.8* `v1.9.8`",
                "title": "hashicorp\/vault on GitHub",
                "title_link": "https:\/\/newreleases.io\/github\/hashicorp\/vault",
                "mrkdwn_in": [
                    "text"
                ]
            }
        ]
    },
    {
        "type": "message",
        "subtype": "bot_message",
        "text": "",
        "ts": "1658415469.789139",
        "bot_id": "B01D39EAGTT",
        "attachments": [
            {
                "id": 1,
                "fallback": "hashicorp\/vault on GitHub\nv1.10.5v1.10.5",
                "text": "*v1.10.5* `v1.10.5`",
                "title": "hashicorp\/vault on GitHub",
                "title_link": "https:\/\/newreleases.io\/github\/hashicorp\/vault",
                "mrkdwn_in": [
                    "text"
                ]
            }
        ]
    },
    {
        "type": "message",
        "subtype": "bot_message",
        "text": "",
        "ts": "1658417150.374249",
        "bot_id": "B01D39EAGTT",
        "attachments": [
            {
                "id": 1,
                "fallback": "hashicorp\/vault on GitHub\nv1.11.1v1.11.1",
                "text": "*v1.11.1* `v1.11.1`",
                "title": "hashicorp\/vault on GitHub",
                "title_link": "https:\/\/newreleases.io\/github\/hashicorp\/vault",
                "mrkdwn_in": [
                    "text"
                ]
            }
        ]
    },
    {
        "type": "message",
        "subtype": "bot_message",
        "text": "",
        "ts": "1658427758.219709",
        "bot_id": "B01D39EAGTT",
        "attachments": [
            {
                "id": 1,
                "fallback": "hashicorp\/terraform-provider-awscc on GitHub\nv0.28.0 \nrelease note: <https:\/\/newreleases.io\/github\/hashicorp\/terraform-provider-awscc?version=v0.28.0>",
                "text": "`v0.28.0` \n```\nFEATURES:\n\n* *New Data Source:* awscc_evidently_segment\n* *New Data Source:* awscc_redshiftserverless_workgroup\n* *New Data Source:* awscc_redshiftserverless_workgroups\n* *New Data Source:* awscc_rolesanywhere_crl\n* *New Data Source:* awscc_rolesanywhere_crls\n* *New Resource:* awscc_evidently_segment\n* *New Resource:* awscc_redshiftserverless_workgroup\n* *New Resource:* awscc_rolesanywhere_crl\n```\n<https:\/\/newreleases.io\/github\/hashicorp\/terraform-provider-awscc?version=v0.28.0|release note...>",
                "title": "hashicorp\/terraform-provider-awscc on GitHub",
                "title_link": "https:\/\/newreleases.io\/github\/hashicorp\/terraform-provider-awscc",
                "mrkdwn_in": [
                    "text"
                ]
            }
        ]
    },
    {
        "type": "message",
        "subtype": "bot_message",
        "text": "",
        "ts": "1658450479.786639",
        "bot_id": "B01D39EAGTT",
        "attachments": [
            {
                "id": 1,
                "fallback": "hashicorp\/packer on GitHub\nnightly updated",
                "text": "`nightly` _updated_",
                "title": "hashicorp\/packer on GitHub",
                "title_link": "https:\/\/newreleases.io\/github\/hashicorp\/packer",
                "mrkdwn_in": [
                    "text"
                ]
            }
        ]
    },
    {
        "type": "message",
        "subtype": "bot_message",
        "text": "",
        "ts": "1658459268.034389",
        "bot_id": "B01D39EAGTT",
        "attachments": [
            {
                "id": 1,
                "fallback": "hashicorp\/terraform-provider-aws on GitHub\nv4.23.0",
                "text": "`v4.23.0`",
                "title": "hashicorp\/terraform-provider-aws on GitHub",
                "title_link": "https:\/\/newreleases.io\/github\/hashicorp\/terraform-provider-aws",
                "mrkdwn_in": [
                    "text"
                ]
            }
        ]
    },
    {
        "type": "message",
        "subtype": "bot_message",
        "text": "",
        "ts": "1658467377.114299",
        "bot_id": "B01D39EAGTT",
        "attachments": [
            {
                "id": 1,
                "fallback": "hashicorp\/terraform-provider-aws on GitHub\nv4.23.0 updated\nrelease note: <https:\/\/newreleases.io\/github\/hashicorp\/terraform-provider-aws?version=v4.23.0>",
                "text": "`v4.23.0` _updated_\n<https:\/\/newreleases.io\/github\/hashicorp\/terraform-provider-aws?version=v4.23.0|release note...>",
                "title": "hashicorp\/terraform-provider-aws on GitHub",
                "title_link": "https:\/\/newreleases.io\/github\/hashicorp\/terraform-provider-aws",
                "mrkdwn_in": [
                    "text"
                ]
            }
        ]
    }
]