[
    {
        "type": "message",
        "subtype": "bot_message",
        "text": "",
        "ts": "1657062117.092429",
        "bot_id": "B01D39EAGTT",
        "attachments": [
            {
                "id": 1,
                "fallback": "hashicorp\/waypoint on GitHub\nv0.9.0 \nrelease note: <https:\/\/newreleases.io\/github\/hashicorp\/waypoint?version=v0.9.0>",
                "text": "`v0.9.0` \n<https:\/\/newreleases.io\/github\/hashicorp\/waypoint?version=v0.9.0|release note...>",
                "title": "hashicorp\/waypoint on GitHub",
                "title_link": "https:\/\/newreleases.io\/github\/hashicorp\/waypoint",
                "mrkdwn_in": [
                    "text"
                ]
            }
        ]
    },
    {
        "type": "message",
        "subtype": "bot_message",
        "text": "",
        "ts": "1657067975.405719",
        "bot_id": "B01D39EAGTT",
        "attachments": [
            {
                "id": 1,
                "fallback": "hashicorp\/packer on GitHub\nnightly updated",
                "text": "`nightly` _updated_",
                "title": "hashicorp\/packer on GitHub",
                "title_link": "https:\/\/newreleases.io\/github\/hashicorp\/packer",
                "mrkdwn_in": [
                    "text"
                ]
            }
        ]
    }
]