[
    {
        "type": "message",
        "subtype": "bot_message",
        "text": "<https:\/\/www.reddit.com\/r\/Terraform\/comments\/sq1yqv\/going_through_a_list_and_using_items_for_variables\/|going through a list and using items for variables?>\nHi, I'm trying to create a terraform script where I need to go through some list to use each item for a resource The first domain uses the first IP, the second domain uses de second IP, etc how can I modify the <https:\/\/main.tf\/|main.tf> file so it uses each item in the lists from tfvars? Please let me know if you require more information  ### <https:\/\/main.tf\/|main.tf> #### resource \"resource\" \"testing_site\" { domain = var.domains site_ip = var.site_ip }  ###...",
        "ts": "1644593773.200789",
        "username": "Terraform",
        "icons": {
            "image_48": "https:\/\/s3-us-west-2.amazonaws.com\/slack-files2\/bot_icons\/2019-02-12\/548785199618_48.png"
        },
        "bot_id": "BG3N7LG73",
        "blocks": [
            {
                "type": "rich_text",
                "block_id": "KekF",
                "elements": [
                    {
                        "type": "rich_text_section",
                        "elements": [
                            {
                                "type": "link",
                                "url": "https:\/\/www.reddit.com\/r\/Terraform\/comments\/sq1yqv\/going_through_a_list_and_using_items_for_variables\/",
                                "text": "going through a list and using items for variables?"
                            },
                            {
                                "type": "text",
                                "text": "\nHi, I'm trying to create a terraform script where I need to go through some list to use each item for a resource The first domain uses the first IP, the second domain uses de second IP, etc how can I modify the "
                            },
                            {
                                "type": "link",
                                "url": "https:\/\/main.tf\/",
                                "text": "main.tf"
                            },
                            {
                                "type": "text",
                                "text": " file so it uses each item in the lists from tfvars? Please let me know if you require more information  ### "
                            },
                            {
                                "type": "link",
                                "url": "https:\/\/main.tf\/",
                                "text": "main.tf"
                            },
                            {
                                "type": "text",
                                "text": " #### resource \"resource\" \"testing_site\" { domain = var.domains site_ip = var.site_ip }  ###..."
                            }
                        ]
                    }
                ]
            }
        ],
        "attachments": [
            {
                "from_url": "https:\/\/www.reddit.com\/r\/Terraform\/comments\/sq1yqv\/going_through_a_list_and_using_items_for_variables\/",
                "thumb_url": "https:\/\/www.redditstatic.com\/new-icon.png",
                "thumb_width": 256,
                "thumb_height": 256,
                "service_icon": "http:\/\/www.redditstatic.com\/desktop2x\/img\/favicon\/apple-icon-57x57.png",
                "id": 1,
                "original_url": "https:\/\/www.reddit.com\/r\/Terraform\/comments\/sq1yqv\/going_through_a_list_and_using_items_for_variables\/",
                "fallback": "reddit: going through a list and using items for variables?",
                "text": "Hi, I'm trying to create a terraform script where I need to go through some list to use each item for a resource The first domain uses the first...",
                "title": "going through a list and using items for variables?",
                "title_link": "https:\/\/www.reddit.com\/r\/Terraform\/comments\/sq1yqv\/going_through_a_list_and_using_items_for_variables\/",
                "service_name": "reddit"
            }
        ],
        "edited": {
            "user": "BG3N7LG73",
            "ts": "1644593773.000000"
        }
    },
    {
        "type": "message",
        "subtype": "bot_message",
        "text": "<https:\/\/www.reddit.com\/r\/Terraform\/comments\/sq8d4q\/problems_assuming_roles_via_jenkins\/|Problems assuming roles via Jenkins>\nHi! I've been trying to migrate an environment deployment from TF Cloud to Jenkins, and I'm facing an issue when assuming some roles The weird thing is that I can assume into those roles via aws cli in Jenkins - So it seems the Jenkins agent has the appropriate role needed to assume these roles.\n But when I try to assume them from terraform, it fails. Any ideas on what I might be missing? Code I'm using (I'm injecting the external_id via Jenkins): provider \"aws\" { region = local.aws_region...",
        "ts": "1644611172.007489",
        "username": "Terraform",
        "icons": {
            "image_48": "https:\/\/s3-us-west-2.amazonaws.com\/slack-files2\/bot_icons\/2019-02-12\/548785199618_48.png"
        },
        "bot_id": "BG3N7LG73",
        "blocks": [
            {
                "type": "rich_text",
                "block_id": "rAXs",
                "elements": [
                    {
                        "type": "rich_text_section",
                        "elements": [
                            {
                                "type": "link",
                                "url": "https:\/\/www.reddit.com\/r\/Terraform\/comments\/sq8d4q\/problems_assuming_roles_via_jenkins\/",
                                "text": "Problems assuming roles via Jenkins"
                            },
                            {
                                "type": "text",
                                "text": "\nHi! I've been trying to migrate an environment deployment from TF Cloud to Jenkins, and I'm facing an issue when assuming some roles The weird thing is that I can assume into those roles via aws cli in Jenkins - So it seems the Jenkins agent has the appropriate role needed to assume these roles.\n But when I try to assume them from terraform, it fails. Any ideas on what I might be missing? Code I'm using (I'm injecting the external_id via Jenkins): provider \"aws\" { region = local.aws_region..."
                            }
                        ]
                    }
                ]
            }
        ],
        "attachments": [
            {
                "from_url": "https:\/\/www.reddit.com\/r\/Terraform\/comments\/sq8d4q\/problems_assuming_roles_via_jenkins\/",
                "thumb_url": "https:\/\/external-preview.redd.it\/rsipu1o4g9h81.png?overlay-align=bottom,left&crop=1200:546,smart&overlay-height=15p&overlay=%2Fwatermark%2Ft5_2u8e4.png%3Fs%3Dbfb326ca8735739e33a60abaf9a7c73bcb4a2134&width=1200&height=546&auto=webp&s=8b7ac3e43cf55518576740154a8a09f143b7f0b7",
                "thumb_width": 130,
                "thumb_height": 60,
                "service_icon": "http:\/\/www.redditstatic.com\/desktop2x\/img\/favicon\/apple-icon-57x57.png",
                "id": 1,
                "original_url": "https:\/\/www.reddit.com\/r\/Terraform\/comments\/sq8d4q\/problems_assuming_roles_via_jenkins\/",
                "fallback": "reddit: Problems assuming roles via Jenkins",
                "text": "Posted in r\/Terraform by u\/lbaschiera • 1 point and 0 comments",
                "title": "Problems assuming roles via Jenkins",
                "title_link": "https:\/\/www.reddit.com\/r\/Terraform\/comments\/sq8d4q\/problems_assuming_roles_via_jenkins\/",
                "service_name": "reddit"
            }
        ],
        "edited": {
            "user": "BG3N7LG73",
            "ts": "1644611172.000000"
        }
    },
    {
        "type": "message",
        "subtype": "bot_message",
        "text": "<https:\/\/www.reddit.com\/r\/Terraform\/comments\/sq9bjb\/creating_infrastructure_as_a_service\/|Creating infrastructure as a service>\nHi folks, does anyone work on an \"infrastructure as a service\"? I'm looking for creating a CI\/CD pipeline where developers can create their own infrastructure in AWS. The idea is to have a controlled environment where the developer is obligated to create secure resources in AWS for example, an S3 bucket with encryption, etc... However, I'm looking for a solution where anyone can create infrastructure, even though they have limited technical depth in terraform.    submitted by   &lt;a...",
        "ts": "1644614169.583069",
        "username": "Terraform",
        "icons": {
            "image_48": "https:\/\/s3-us-west-2.amazonaws.com\/slack-files2\/bot_icons\/2019-02-12\/548785199618_48.png"
        },
        "bot_id": "BG3N7LG73",
        "blocks": [
            {
                "type": "rich_text",
                "block_id": "hXf",
                "elements": [
                    {
                        "type": "rich_text_section",
                        "elements": [
                            {
                                "type": "link",
                                "url": "https:\/\/www.reddit.com\/r\/Terraform\/comments\/sq9bjb\/creating_infrastructure_as_a_service\/",
                                "text": "Creating infrastructure as a service"
                            },
                            {
                                "type": "text",
                                "text": "\nHi folks, does anyone work on an \"infrastructure as a service\"? I'm looking for creating a CI\/CD pipeline where developers can create their own infrastructure in AWS. The idea is to have a controlled environment where the developer is obligated to create secure resources in AWS for example, an S3 bucket with encryption, etc... However, I'm looking for a solution where anyone can create infrastructure, even though they have limited technical depth in terraform.    submitted by   <a..."
                            }
                        ]
                    }
                ]
            }
        ],
        "attachments": [
            {
                "from_url": "https:\/\/www.reddit.com\/r\/Terraform\/comments\/sq9bjb\/creating_infrastructure_as_a_service\/",
                "thumb_url": "https:\/\/www.redditstatic.com\/new-icon.png",
                "thumb_width": 256,
                "thumb_height": 256,
                "service_icon": "http:\/\/www.redditstatic.com\/desktop2x\/img\/favicon\/apple-icon-57x57.png",
                "id": 1,
                "original_url": "https:\/\/www.reddit.com\/r\/Terraform\/comments\/sq9bjb\/creating_infrastructure_as_a_service\/",
                "fallback": "reddit: Creating infrastructure as a service",
                "text": "Hi folks, does anyone work on an \"infrastructure as a service\"? I'm looking for creating a CI\/CD pipeline where developers can create their own...",
                "title": "Creating infrastructure as a service",
                "title_link": "https:\/\/www.reddit.com\/r\/Terraform\/comments\/sq9bjb\/creating_infrastructure_as_a_service\/",
                "service_name": "reddit"
            }
        ],
        "edited": {
            "user": "BG3N7LG73",
            "ts": "1644614169.000000"
        }
    },
    {
        "type": "message",
        "subtype": "bot_message",
        "text": "<https:\/\/www.reddit.com\/r\/Terraform\/comments\/sqbsri\/azurerm_virtual_machine_extension\/|AzureRM Virtual Machine Extension>\nI'm trying to use the VM Extension resource to connect to Azure Automation and DSC. resource \"azurerm_virtual_machine_extension\" \"dsc2-test\" { name = \"TestDSC\" virtual_machine_id = module.dc2.vm_id publisher = \"Microsoft.Powershell\" type = \"DSC\" type_handler_version = \"2.80\" settings =",
        "ts": "1644620169.590519",
        "username": "Terraform",
        "icons": {
            "image_48": "https:\/\/s3-us-west-2.amazonaws.com\/slack-files2\/bot_icons\/2019-02-12\/548785199618_48.png"
        },
        "bot_id": "BG3N7LG73",
        "blocks": [
            {
                "type": "rich_text",
                "block_id": "4dQc",
                "elements": [
                    {
                        "type": "rich_text_section",
                        "elements": [
                            {
                                "type": "link",
                                "url": "https:\/\/www.reddit.com\/r\/Terraform\/comments\/sqbsri\/azurerm_virtual_machine_extension\/",
                                "text": "AzureRM Virtual Machine Extension"
                            },
                            {
                                "type": "text",
                                "text": "\nI'm trying to use the VM Extension resource to connect to Azure Automation and DSC. resource \"azurerm_virtual_machine_extension\" \"dsc2-test\" { name = \"TestDSC\" virtual_machine_id = module.dc2.vm_id publisher = \"Microsoft.Powershell\" type = \"DSC\" type_handler_version = \"2.80\" settings ="
                            }
                        ]
                    }
                ]
            }
        ],
        "attachments": [
            {
                "from_url": "https:\/\/www.reddit.com\/r\/Terraform\/comments\/sqbsri\/azurerm_virtual_machine_extension\/",
                "thumb_url": "https:\/\/www.redditstatic.com\/new-icon.png",
                "thumb_width": 256,
                "thumb_height": 256,
                "service_icon": "http:\/\/www.redditstatic.com\/desktop2x\/img\/favicon\/apple-icon-57x57.png",
                "id": 1,
                "original_url": "https:\/\/www.reddit.com\/r\/Terraform\/comments\/sqbsri\/azurerm_virtual_machine_extension\/",
                "fallback": "reddit: AzureRM Virtual Machine Extension",
                "text": "I'm trying to use the VM Extension resource to connect to Azure Automation and DSC. resource \"azurerm_virtual_machine_extension\" \"dsc2-test\"...",
                "title": "AzureRM Virtual Machine Extension",
                "title_link": "https:\/\/www.reddit.com\/r\/Terraform\/comments\/sqbsri\/azurerm_virtual_machine_extension\/",
                "service_name": "reddit"
            }
        ],
        "edited": {
            "user": "BG3N7LG73",
            "ts": "1644620169.000000"
        }
    },
    {
        "type": "message",
        "subtype": "bot_message",
        "text": "<https:\/\/www.reddit.com\/r\/Terraform\/comments\/sqfva2\/azure_service_principal_permissions\/|Azure Service Principal Permissions>\nWe plan on deploying Terraform to manage Azure resources. Does everyone else give the Terraform service principal (app registration) Contributor rights to their Subscriptions? I’d like to limit Terraform to the Resource Group level (not Subscription) but unsure how to do this. Any ideas?    submitted by   <https:\/\/www.reddit.com\/user\/riverrockrun| \/u\/riverrockrun > \n<https:\/\/www.reddit.com\/r\/Terraform\/comments\/sqfva2\/azure_service_principal_permissions\/|[link]>   &lt;a...",
        "ts": "1644632171.259339",
        "username": "Terraform",
        "icons": {
            "image_48": "https:\/\/s3-us-west-2.amazonaws.com\/slack-files2\/bot_icons\/2019-02-12\/548785199618_48.png"
        },
        "bot_id": "BG3N7LG73",
        "blocks": [
            {
                "type": "rich_text",
                "block_id": "JTy",
                "elements": [
                    {
                        "type": "rich_text_section",
                        "elements": [
                            {
                                "type": "link",
                                "url": "https:\/\/www.reddit.com\/r\/Terraform\/comments\/sqfva2\/azure_service_principal_permissions\/",
                                "text": "Azure Service Principal Permissions"
                            },
                            {
                                "type": "text",
                                "text": "\nWe plan on deploying Terraform to manage Azure resources. Does everyone else give the Terraform service principal (app registration) Contributor rights to their Subscriptions? I’d like to limit Terraform to the Resource Group level (not Subscription) but unsure how to do this. Any ideas?    submitted by   "
                            },
                            {
                                "type": "link",
                                "url": "https:\/\/www.reddit.com\/user\/riverrockrun",
                                "text": "\/u\/riverrockrun"
                            },
                            {
                                "type": "text",
                                "text": " \n"
                            },
                            {
                                "type": "link",
                                "url": "https:\/\/www.reddit.com\/r\/Terraform\/comments\/sqfva2\/azure_service_principal_permissions\/",
                                "text": "[link]"
                            },
                            {
                                "type": "text",
                                "text": "   <a..."
                            }
                        ]
                    }
                ]
            }
        ],
        "attachments": [
            {
                "from_url": "https:\/\/www.reddit.com\/r\/Terraform\/comments\/sqfva2\/azure_service_principal_permissions\/",
                "thumb_url": "https:\/\/www.redditstatic.com\/new-icon.png",
                "thumb_width": 256,
                "thumb_height": 256,
                "service_icon": "http:\/\/www.redditstatic.com\/desktop2x\/img\/favicon\/apple-icon-57x57.png",
                "id": 1,
                "original_url": "https:\/\/www.reddit.com\/r\/Terraform\/comments\/sqfva2\/azure_service_principal_permissions\/",
                "fallback": "reddit: Azure Service Principal Permissions",
                "text": "We plan on deploying Terraform to manage Azure resources. Does everyone else give the Terraform service principal (app registration) Contributor...",
                "title": "Azure Service Principal Permissions",
                "title_link": "https:\/\/www.reddit.com\/r\/Terraform\/comments\/sqfva2\/azure_service_principal_permissions\/",
                "service_name": "reddit"
            },
            {
                "from_url": "https:\/\/www.reddit.com\/user\/riverrockrun",
                "service_icon": "http:\/\/www.redditstatic.com\/desktop2x\/img\/favicon\/apple-icon-57x57.png",
                "id": 2,
                "original_url": "https:\/\/www.reddit.com\/user\/riverrockrun",
                "fallback": "overview for riverrockrun",
                "text": "The u\/riverrockrun community on Reddit. Reddit gives you the best of the internet in one place.",
                "title": "overview for riverrockrun",
                "title_link": "https:\/\/www.reddit.com\/user\/riverrockrun",
                "service_name": "reddit.com"
            }
        ],
        "edited": {
            "user": "BG3N7LG73",
            "ts": "1644632171.000000"
        }
    },
    {
        "type": "message",
        "subtype": "bot_message",
        "text": "<https:\/\/www.reddit.com\/r\/Terraform\/comments\/sqksfo\/error_when_i_run_terraform_plan\/|error when I run terraform plan>\nError : An argument named \"subnets\" is not expected here. Error : An argument named \"worker_groups\" is not expected here. module \"eks\" { source = \"terraform-aws-modules\/eks\/aws\" cluster_version = 1.21 cluster_name = local.cluster_name subnets = module.vpc.public_subnets vpc_id = module.vpc.vpc_id enable_irsa = true worker_groups = [ { name = \"worker-group-1\" instance_type = \"t2.medium\" asg_desired_capacity = 1 } ] }     submitted by   &lt;a href=\"https:\/\/www.reddit.com\/user\/ComfortableRun775\"&gt;...",
        "ts": "1644647770.499639",
        "username": "Terraform",
        "icons": {
            "image_48": "https:\/\/s3-us-west-2.amazonaws.com\/slack-files2\/bot_icons\/2019-02-12\/548785199618_48.png"
        },
        "bot_id": "BG3N7LG73",
        "blocks": [
            {
                "type": "rich_text",
                "block_id": "mqv47",
                "elements": [
                    {
                        "type": "rich_text_section",
                        "elements": [
                            {
                                "type": "link",
                                "url": "https:\/\/www.reddit.com\/r\/Terraform\/comments\/sqksfo\/error_when_i_run_terraform_plan\/",
                                "text": "error when I run terraform plan"
                            },
                            {
                                "type": "text",
                                "text": "\nError : An argument named \"subnets\" is not expected here. Error : An argument named \"worker_groups\" is not expected here. module \"eks\" { source = \"terraform-aws-modules\/eks\/aws\" cluster_version = 1.21 cluster_name = local.cluster_name subnets = module.vpc.public_subnets vpc_id = module.vpc.vpc_id enable_irsa = true worker_groups = [ { name = \"worker-group-1\" instance_type = \"t2.medium\" asg_desired_capacity = 1 } ] }     submitted by   <a href=\"https:\/\/www.reddit.com\/user\/ComfortableRun775\">..."
                            }
                        ]
                    }
                ]
            }
        ],
        "attachments": [
            {
                "from_url": "https:\/\/www.reddit.com\/r\/Terraform\/comments\/sqksfo\/error_when_i_run_terraform_plan\/",
                "thumb_url": "https:\/\/www.redditstatic.com\/new-icon.png",
                "thumb_width": 256,
                "thumb_height": 256,
                "service_icon": "http:\/\/www.redditstatic.com\/desktop2x\/img\/favicon\/apple-icon-57x57.png",
                "id": 1,
                "original_url": "https:\/\/www.reddit.com\/r\/Terraform\/comments\/sqksfo\/error_when_i_run_terraform_plan\/",
                "fallback": "reddit: error when I run terraform plan",
                "text": "**Error : An argument named \"subnets\" is not expected here.** module \"eks\" { source = \"terraform-aws-modules\/eks\/aws\" ...",
                "title": "error when I run terraform plan",
                "title_link": "https:\/\/www.reddit.com\/r\/Terraform\/comments\/sqksfo\/error_when_i_run_terraform_plan\/",
                "service_name": "reddit"
            }
        ],
        "edited": {
            "user": "BG3N7LG73",
            "ts": "1644647770.000000"
        }
    }
]