[
    {
        "type": "message",
        "subtype": "bot_message",
        "text": "<https:\/\/www.reddit.com\/r\/Terraform\/comments\/syk890\/terraform_doesnt_read_github_action_secrets\/|Terraform doesn't read github action secrets>\nhey, hey peeps. Terraform cloudflare provider won't read the github action secrets in my <https:\/\/main.tf\/|main.tf> file. This is my workflow file. Is there something i'm missing here? ​ name: 'Terraform'\n on: [push, pull_request]\n env:\n TF_LOG: INFO  jobs:\n terraform:\n defaults:\n run:\n shell: bash  name: Terraform\n runs-on: ubuntu-latest\n env:\n CLOUDFLARE_EMAIL: \"${{ secrets.CLOUDFLARE_EMAIL }}\"\n CLOUDFLARE_ZONE_EDIT_TOKEN: \"${{ secrets.CLOUDFLARE_ZONE_EDIT_TOKEN }}\"\n steps:\n -...",
        "ts": "1645525571.039699",
        "username": "Terraform",
        "icons": {
            "image_48": "https:\/\/s3-us-west-2.amazonaws.com\/slack-files2\/bot_icons\/2019-02-12\/548785199618_48.png"
        },
        "bot_id": "BG3N7LG73",
        "blocks": [
            {
                "type": "rich_text",
                "block_id": "pyal6",
                "elements": [
                    {
                        "type": "rich_text_section",
                        "elements": [
                            {
                                "type": "link",
                                "url": "https:\/\/www.reddit.com\/r\/Terraform\/comments\/syk890\/terraform_doesnt_read_github_action_secrets\/",
                                "text": "Terraform doesn't read github action secrets"
                            },
                            {
                                "type": "text",
                                "text": "\nhey, hey peeps. Terraform cloudflare provider won't read the github action secrets in my "
                            },
                            {
                                "type": "link",
                                "url": "https:\/\/main.tf\/",
                                "text": "main.tf"
                            },
                            {
                                "type": "text",
                                "text": " file. This is my workflow file. Is there something i'm missing here? ​ name: 'Terraform'\n on: [push, pull_request]\n env:\n TF_LOG: INFO  jobs:\n terraform:\n defaults:\n run:\n shell: bash  name: Terraform\n runs-on: ubuntu-latest\n env:\n CLOUDFLARE_EMAIL: \"${{ secrets.CLOUDFLARE_EMAIL }}\"\n CLOUDFLARE_ZONE_EDIT_TOKEN: \"${{ secrets.CLOUDFLARE_ZONE_EDIT_TOKEN }}\"\n steps:\n -..."
                            }
                        ]
                    }
                ]
            }
        ],
        "attachments": [
            {
                "from_url": "https:\/\/www.reddit.com\/r\/Terraform\/comments\/syk890\/terraform_doesnt_read_github_action_secrets\/",
                "thumb_url": "https:\/\/www.redditstatic.com\/new-icon.png",
                "thumb_width": 256,
                "thumb_height": 256,
                "service_icon": "http:\/\/www.redditstatic.com\/desktop2x\/img\/favicon\/apple-icon-57x57.png",
                "id": 1,
                "original_url": "https:\/\/www.reddit.com\/r\/Terraform\/comments\/syk890\/terraform_doesnt_read_github_action_secrets\/",
                "fallback": "reddit: Terraform doesn't read github action secrets",
                "text": "hey, hey peeps. Terraform cloudflare provider won't read the github action secrets in my [<http:\/\/main.tf|main.tf>](<https:\/\/main.tf>) file. This is my workflow...",
                "title": "Terraform doesn't read github action secrets",
                "title_link": "https:\/\/www.reddit.com\/r\/Terraform\/comments\/syk890\/terraform_doesnt_read_github_action_secrets\/",
                "service_name": "reddit"
            }
        ],
        "edited": {
            "user": "BG3N7LG73",
            "ts": "1645525571.000000"
        }
    },
    {
        "type": "message",
        "subtype": "bot_message",
        "text": "<https:\/\/www.reddit.com\/r\/Terraform\/comments\/sylpxg\/deploy_a_kubernetes_cluster_for_free_using_k3s\/|Deploy a Kubernetes cluster for free, using k3s and Oracle always free resources.>\nThis <https:\/\/github.com\/garutilorenzo\/k3s-oci-cluster|module> will deploy a Kubernetes cluster for free, using K3s and Oracle <https:\/\/docs.oracle.com\/en-us\/iaas\/Content\/FreeTier\/freetier_topic-Always_Free_Resources.htm|always free> resources.    submitted by   <https:\/\/www.reddit.com\/user\/garutilorenzo| \/u\/garutilorenzo > \n<https:\/\/www.reddit.com\/r\/Terraform\/comments\/sylpxg\/deploy_a_kubernetes_cluster_for_free_using_k3s\/|[link]>   &lt;a...",
        "ts": "1645531574.507649",
        "username": "Terraform",
        "icons": {
            "image_48": "https:\/\/s3-us-west-2.amazonaws.com\/slack-files2\/bot_icons\/2019-02-12\/548785199618_48.png"
        },
        "bot_id": "BG3N7LG73",
        "blocks": [
            {
                "type": "rich_text",
                "block_id": "xgx+B",
                "elements": [
                    {
                        "type": "rich_text_section",
                        "elements": [
                            {
                                "type": "link",
                                "url": "https:\/\/www.reddit.com\/r\/Terraform\/comments\/sylpxg\/deploy_a_kubernetes_cluster_for_free_using_k3s\/",
                                "text": "Deploy a Kubernetes cluster for free, using k3s and Oracle always free resources."
                            },
                            {
                                "type": "text",
                                "text": "\nThis "
                            },
                            {
                                "type": "link",
                                "url": "https:\/\/github.com\/garutilorenzo\/k3s-oci-cluster",
                                "text": "module"
                            },
                            {
                                "type": "text",
                                "text": " will deploy a Kubernetes cluster for free, using K3s and Oracle "
                            },
                            {
                                "type": "link",
                                "url": "https:\/\/docs.oracle.com\/en-us\/iaas\/Content\/FreeTier\/freetier_topic-Always_Free_Resources.htm",
                                "text": "always free"
                            },
                            {
                                "type": "text",
                                "text": " resources.    submitted by   "
                            },
                            {
                                "type": "link",
                                "url": "https:\/\/www.reddit.com\/user\/garutilorenzo",
                                "text": "\/u\/garutilorenzo"
                            },
                            {
                                "type": "text",
                                "text": " \n"
                            },
                            {
                                "type": "link",
                                "url": "https:\/\/www.reddit.com\/r\/Terraform\/comments\/sylpxg\/deploy_a_kubernetes_cluster_for_free_using_k3s\/",
                                "text": "[link]"
                            },
                            {
                                "type": "text",
                                "text": "   <a..."
                            }
                        ]
                    }
                ]
            }
        ],
        "attachments": [
            {
                "from_url": "https:\/\/www.reddit.com\/r\/Terraform\/comments\/sylpxg\/deploy_a_kubernetes_cluster_for_free_using_k3s\/",
                "thumb_url": "https:\/\/www.redditstatic.com\/new-icon.png",
                "thumb_width": 256,
                "thumb_height": 256,
                "service_icon": "http:\/\/www.redditstatic.com\/desktop2x\/img\/favicon\/apple-icon-57x57.png",
                "id": 1,
                "original_url": "https:\/\/www.reddit.com\/r\/Terraform\/comments\/sylpxg\/deploy_a_kubernetes_cluster_for_free_using_k3s\/",
                "fallback": "reddit: Deploy a Kubernetes cluster for free, using k3s and Oracle always free resources.",
                "text": "This [module](<https:\/\/github.com\/garutilorenzo\/k3s-oci-cluster>) will deploy a Kubernetes cluster for free, using K3s and Oracle [always...",
                "title": "Deploy a Kubernetes cluster for free, using k3s and Oracle always free resources.",
                "title_link": "https:\/\/www.reddit.com\/r\/Terraform\/comments\/sylpxg\/deploy_a_kubernetes_cluster_for_free_using_k3s\/",
                "service_name": "reddit"
            },
            {
                "from_url": "https:\/\/github.com\/garutilorenzo\/k3s-oci-cluster",
                "image_url": "https:\/\/opengraph.githubassets.com\/8f408d89bfd2a820a3ea567473202191506e541c782ba62155ee4532930e9a77\/garutilorenzo\/k3s-oci-cluster",
                "image_width": 500,
                "image_height": 250,
                "image_bytes": 65164,
                "service_icon": "https:\/\/a.slack-edge.com\/80588\/img\/unfurl_icons\/github.png",
                "id": 2,
                "original_url": "https:\/\/github.com\/garutilorenzo\/k3s-oci-cluster",
                "fallback": "GitHub: GitHub - garutilorenzo\/k3s-oci-cluster: Deploy a Kubernetes cluster for free, using k3s and Oracle always free resources",
                "text": "Deploy a Kubernetes cluster for free, using k3s and Oracle always free resources - GitHub - garutilorenzo\/k3s-oci-cluster: Deploy a Kubernetes cluster for free, using k3s and Oracle always free res...",
                "title": "GitHub - garutilorenzo\/k3s-oci-cluster: Deploy a Kubernetes cluster for free, using k3s and Oracle always free resources",
                "title_link": "https:\/\/github.com\/garutilorenzo\/k3s-oci-cluster",
                "service_name": "GitHub"
            },
            {
                "from_url": "https:\/\/www.reddit.com\/user\/garutilorenzo",
                "service_icon": "http:\/\/www.redditstatic.com\/desktop2x\/img\/favicon\/apple-icon-57x57.png",
                "id": 3,
                "original_url": "https:\/\/www.reddit.com\/user\/garutilorenzo",
                "fallback": "overview for garutilorenzo",
                "text": "Mostly it nerd <https:\/\/garutilorenzo.github.io\/>.",
                "title": "overview for garutilorenzo",
                "title_link": "https:\/\/www.reddit.com\/user\/garutilorenzo",
                "service_name": "reddit.com"
            }
        ],
        "edited": {
            "user": "BG3N7LG73",
            "ts": "1645531574.000000"
        }
    },
    {
        "type": "message",
        "subtype": "bot_message",
        "text": "<https:\/\/www.reddit.com\/r\/Terraform\/comments\/sypife\/terrateam_atlantis_to_github_actions\/|Terrateam: Atlantis to GitHub Actions>\nsubmitted by   <https:\/\/www.reddit.com\/user\/omgwtfbbqasdf| \/u\/omgwtfbbqasdf > \n<https:\/\/www.terrateam.io\/blog\/posts\/atlantis-to-github-actions\/|[link]>   <https:\/\/www.reddit.com\/r\/Terraform\/comments\/sypife\/terrateam_atlantis_to_github_actions\/|[comments]>",
        "ts": "1645542971.463629",
        "username": "Terraform",
        "icons": {
            "image_48": "https:\/\/s3-us-west-2.amazonaws.com\/slack-files2\/bot_icons\/2019-02-12\/548785199618_48.png"
        },
        "bot_id": "BG3N7LG73",
        "blocks": [
            {
                "type": "rich_text",
                "block_id": "xZ9",
                "elements": [
                    {
                        "type": "rich_text_section",
                        "elements": [
                            {
                                "type": "link",
                                "url": "https:\/\/www.reddit.com\/r\/Terraform\/comments\/sypife\/terrateam_atlantis_to_github_actions\/",
                                "text": "Terrateam: Atlantis to GitHub Actions"
                            },
                            {
                                "type": "text",
                                "text": "\nsubmitted by   "
                            },
                            {
                                "type": "link",
                                "url": "https:\/\/www.reddit.com\/user\/omgwtfbbqasdf",
                                "text": "\/u\/omgwtfbbqasdf"
                            },
                            {
                                "type": "text",
                                "text": " \n"
                            },
                            {
                                "type": "link",
                                "url": "https:\/\/www.terrateam.io\/blog\/posts\/atlantis-to-github-actions\/",
                                "text": "[link]"
                            },
                            {
                                "type": "text",
                                "text": "   "
                            },
                            {
                                "type": "link",
                                "url": "https:\/\/www.reddit.com\/r\/Terraform\/comments\/sypife\/terrateam_atlantis_to_github_actions\/",
                                "text": "[comments]"
                            }
                        ]
                    }
                ]
            }
        ],
        "attachments": [
            {
                "from_url": "https:\/\/www.reddit.com\/r\/Terraform\/comments\/sypife\/terrateam_atlantis_to_github_actions\/",
                "thumb_url": "https:\/\/www.redditstatic.com\/new-icon.png",
                "thumb_width": 256,
                "thumb_height": 256,
                "service_icon": "http:\/\/www.redditstatic.com\/desktop2x\/img\/favicon\/apple-icon-57x57.png",
                "id": 1,
                "original_url": "https:\/\/www.reddit.com\/r\/Terraform\/comments\/sypife\/terrateam_atlantis_to_github_actions\/",
                "fallback": "reddit: Terrateam: Atlantis to GitHub Actions",
                "text": "Posted in r\/Terraform by u\/omgwtfbbqasdf • 0 points and 0 comments",
                "title": "Terrateam: Atlantis to GitHub Actions",
                "title_link": "https:\/\/www.reddit.com\/r\/Terraform\/comments\/sypife\/terrateam_atlantis_to_github_actions\/",
                "service_name": "reddit"
            },
            {
                "from_url": "https:\/\/www.reddit.com\/user\/omgwtfbbqasdf",
                "service_icon": "http:\/\/www.redditstatic.com\/desktop2x\/img\/favicon\/apple-icon-57x57.png",
                "id": 2,
                "original_url": "https:\/\/www.reddit.com\/user\/omgwtfbbqasdf",
                "fallback": "overview for omgwtfbbqasdf",
                "text": "The u\/omgwtfbbqasdf community on Reddit. Reddit gives you the best of the internet in one place.",
                "title": "overview for omgwtfbbqasdf",
                "title_link": "https:\/\/www.reddit.com\/user\/omgwtfbbqasdf",
                "service_name": "reddit.com"
            },
            {
                "from_url": "https:\/\/www.terrateam.io\/blog\/posts\/atlantis-to-github-actions\/",
                "ts": 1639612800,
                "service_icon": "https:\/\/www.terrateam.io\/blog\/favicon\/apple-touch-icon.png",
                "id": 3,
                "original_url": "https:\/\/www.terrateam.io\/blog\/posts\/atlantis-to-github-actions\/",
                "fallback": "Terrateam Blog: Terrateam Blog | Atlantis to GitHub Actions",
                "text": "We love Atlantis. But&amp;mldr; Terrateam has been a huge fan and user of Atlantis for a long time. The community is strong and the self-hosted solution brings Terraform users a solid foundation. Terrateam MVP When we decied there was a niche to be filled in the Terraform collaboration space, our first iteration was building a hosted Atlantis solution. We take our customer’s security seriously, so we implemented a service which ran each costumer’s Atlantis in its own isolated environment.",
                "title": "Terrateam Blog | Atlantis to GitHub Actions",
                "title_link": "https:\/\/www.terrateam.io\/blog\/posts\/atlantis-to-github-actions\/",
                "service_name": "Terrateam Blog"
            }
        ],
        "edited": {
            "user": "BG3N7LG73",
            "ts": "1645547217.000000"
        }
    },
    {
        "type": "message",
        "subtype": "bot_message",
        "text": "<https:\/\/www.reddit.com\/r\/Terraform\/comments\/syrdil\/terraform_variables_in_tfvars_or_environment\/|Terraform variables in tfvars or environment variables in CI\/CD pipeline....best practice?>\nHi, I'm pretty new to Terraform and CI\/CD and have a best practices question. Is it better to use tfvars to assign variables or use environment variables defined in the pipeline (Gitlab in my case) I can see pro\/cons of each. My main use for possibly using environment variables is it make the code more portable, but I know that you lose an audit trail if you move them out of tfvars.  So my question here is what is the \"best practice\" and pitfalls of using environment variables? Thanks for any...",
        "ts": "1645547772.971739",
        "username": "Terraform",
        "icons": {
            "image_48": "https:\/\/s3-us-west-2.amazonaws.com\/slack-files2\/bot_icons\/2019-02-12\/548785199618_48.png"
        },
        "bot_id": "BG3N7LG73",
        "blocks": [
            {
                "type": "rich_text",
                "block_id": "uXj",
                "elements": [
                    {
                        "type": "rich_text_section",
                        "elements": [
                            {
                                "type": "link",
                                "url": "https:\/\/www.reddit.com\/r\/Terraform\/comments\/syrdil\/terraform_variables_in_tfvars_or_environment\/",
                                "text": "Terraform variables in tfvars or environment variables in CI\/CD pipeline....best practice?"
                            },
                            {
                                "type": "text",
                                "text": "\nHi, I'm pretty new to Terraform and CI\/CD and have a best practices question. Is it better to use tfvars to assign variables or use environment variables defined in the pipeline (Gitlab in my case) I can see pro\/cons of each. My main use for possibly using environment variables is it make the code more portable, but I know that you lose an audit trail if you move them out of tfvars.  So my question here is what is the \"best practice\" and pitfalls of using environment variables? Thanks for any..."
                            }
                        ]
                    }
                ]
            }
        ],
        "attachments": [
            {
                "from_url": "https:\/\/www.reddit.com\/r\/Terraform\/comments\/syrdil\/terraform_variables_in_tfvars_or_environment\/",
                "thumb_url": "https:\/\/www.redditstatic.com\/new-icon.png",
                "thumb_width": 256,
                "thumb_height": 256,
                "service_icon": "http:\/\/www.redditstatic.com\/desktop2x\/img\/favicon\/apple-icon-57x57.png",
                "id": 1,
                "original_url": "https:\/\/www.reddit.com\/r\/Terraform\/comments\/syrdil\/terraform_variables_in_tfvars_or_environment\/",
                "fallback": "reddit: Terraform variables in tfvars or environment variables in CI\/CD pipeline....best practice?",
                "text": "Hi, I'm pretty new to Terraform and CI\/CD and have a best practices question. Is it better to use tfvars to assign variables or use environment...",
                "title": "Terraform variables in tfvars or environment variables in CI\/CD pipeline....best practice?",
                "title_link": "https:\/\/www.reddit.com\/r\/Terraform\/comments\/syrdil\/terraform_variables_in_tfvars_or_environment\/",
                "service_name": "reddit"
            }
        ],
        "edited": {
            "user": "BG3N7LG73",
            "ts": "1645547773.000000"
        }
    },
    {
        "type": "message",
        "subtype": "bot_message",
        "text": "<https:\/\/www.reddit.com\/r\/Terraform\/comments\/syxaqp\/use_terraformer_to_create_an_iac_backup_of_a_gcp\/|Use Terraformer to create an IaC backup of a GCP project, then provision the backup in another GCP project>\nHi, how are you doing? I'm using GCP (Google Cloud Platform) in our company, and in our scenario, I have two GCP projects: - A GCP project called \"myProject-Prod\" - And another GCP project called \"myProject-Backup\" ​ What I'm trying to achieve here is really simple actually: I want to generate terraform files from the existing Infrastructure of the \"myProject-Prod\", then edit these files to point to recreate the same infrastructure of the \"myProject-Prod\" to the \"myProject-Backup\" (using...",
        "ts": "1645561570.496069",
        "username": "Terraform",
        "icons": {
            "image_48": "https:\/\/s3-us-west-2.amazonaws.com\/slack-files2\/bot_icons\/2019-02-12\/548785199618_48.png"
        },
        "bot_id": "BG3N7LG73",
        "blocks": [
            {
                "type": "rich_text",
                "block_id": "SSN0k",
                "elements": [
                    {
                        "type": "rich_text_section",
                        "elements": [
                            {
                                "type": "link",
                                "url": "https:\/\/www.reddit.com\/r\/Terraform\/comments\/syxaqp\/use_terraformer_to_create_an_iac_backup_of_a_gcp\/",
                                "text": "Use Terraformer to create an IaC backup of a GCP project, then provision the backup in another GCP project"
                            },
                            {
                                "type": "text",
                                "text": "\nHi, how are you doing? I'm using GCP (Google Cloud Platform) in our company, and in our scenario, I have two GCP projects: - A GCP project called \"myProject-Prod\" - And another GCP project called \"myProject-Backup\" ​ What I'm trying to achieve here is really simple actually: I want to generate terraform files from the existing Infrastructure of the \"myProject-Prod\", then edit these files to point to recreate the same infrastructure of the \"myProject-Prod\" to the \"myProject-Backup\" (using..."
                            }
                        ]
                    }
                ]
            }
        ],
        "attachments": [
            {
                "from_url": "https:\/\/www.reddit.com\/r\/Terraform\/comments\/syxaqp\/use_terraformer_to_create_an_iac_backup_of_a_gcp\/",
                "thumb_url": "https:\/\/www.redditstatic.com\/new-icon.png",
                "thumb_width": 256,
                "thumb_height": 256,
                "service_icon": "http:\/\/www.redditstatic.com\/desktop2x\/img\/favicon\/apple-icon-57x57.png",
                "id": 1,
                "original_url": "https:\/\/www.reddit.com\/r\/Terraform\/comments\/syxaqp\/use_terraformer_to_create_an_iac_backup_of_a_gcp\/",
                "fallback": "reddit: Use Terraformer to create an IaC backup of a GCP project, then provision the backup in another GCP project",
                "text": "Hi, how are you doing? I'm using GCP (Google Cloud Platform) in our company, and in our scenario, I have two GCP projects: \\- A GCP project...",
                "title": "Use Terraformer to create an IaC backup of a GCP project, then provision the backup in another GCP project",
                "title_link": "https:\/\/www.reddit.com\/r\/Terraform\/comments\/syxaqp\/use_terraformer_to_create_an_iac_backup_of_a_gcp\/",
                "service_name": "reddit"
            }
        ],
        "edited": {
            "user": "BG3N7LG73",
            "ts": "1645561570.000000"
        }
    },
    {
        "type": "message",
        "subtype": "bot_message",
        "text": "<https:\/\/www.reddit.com\/r\/Terraform\/comments\/sz12zo\/can_you_return_a_list_of_values_from_a_data_source\/|Can you return a list of values from a data source?>\nI have Hosted zones that have already been created. Let's say the hosted zones are named <https:\/\/ernie.com\/|ernie.com>, <https:\/\/bob.com\/|bob.com>, and <https:\/\/stacy.com\/|stacy.com>. I have a list variable named <https:\/\/var.domains\/|var.domains> that contains the above domains. How would I get the hosted zones for all three of the domains that are defined in var.domains? ​ I know that I can get one of the domains with the following : data...",
        "ts": "1645571770.481149",
        "username": "Terraform",
        "icons": {
            "image_48": "https:\/\/s3-us-west-2.amazonaws.com\/slack-files2\/bot_icons\/2019-02-12\/548785199618_48.png"
        },
        "bot_id": "BG3N7LG73",
        "blocks": [
            {
                "type": "rich_text",
                "block_id": "\/5eAw",
                "elements": [
                    {
                        "type": "rich_text_section",
                        "elements": [
                            {
                                "type": "link",
                                "url": "https:\/\/www.reddit.com\/r\/Terraform\/comments\/sz12zo\/can_you_return_a_list_of_values_from_a_data_source\/",
                                "text": "Can you return a list of values from a data source?"
                            },
                            {
                                "type": "text",
                                "text": "\nI have Hosted zones that have already been created. Let's say the hosted zones are named "
                            },
                            {
                                "type": "link",
                                "url": "https:\/\/ernie.com\/",
                                "text": "ernie.com"
                            },
                            {
                                "type": "text",
                                "text": ", "
                            },
                            {
                                "type": "link",
                                "url": "https:\/\/bob.com\/",
                                "text": "bob.com"
                            },
                            {
                                "type": "text",
                                "text": ", and "
                            },
                            {
                                "type": "link",
                                "url": "https:\/\/stacy.com\/",
                                "text": "stacy.com"
                            },
                            {
                                "type": "text",
                                "text": ". I have a list variable named "
                            },
                            {
                                "type": "link",
                                "url": "https:\/\/var.domains\/",
                                "text": "var.domains"
                            },
                            {
                                "type": "text",
                                "text": " that contains the above domains. How would I get the hosted zones for all three of the domains that are defined in var.domains? ​ I know that I can get one of the domains with the following : data..."
                            }
                        ]
                    }
                ]
            }
        ],
        "attachments": [
            {
                "from_url": "https:\/\/www.reddit.com\/r\/Terraform\/comments\/sz12zo\/can_you_return_a_list_of_values_from_a_data_source\/",
                "thumb_url": "https:\/\/www.redditstatic.com\/new-icon.png",
                "thumb_width": 256,
                "thumb_height": 256,
                "service_icon": "http:\/\/www.redditstatic.com\/desktop2x\/img\/favicon\/apple-icon-57x57.png",
                "id": 1,
                "original_url": "https:\/\/www.reddit.com\/r\/Terraform\/comments\/sz12zo\/can_you_return_a_list_of_values_from_a_data_source\/",
                "fallback": "reddit: Can you return a list of values from a data source?",
                "text": "I have Hosted zones that have already been created. Let's say the hosted zones are named [<http:\/\/ernie.com|ernie.com>](<https:\/\/ernie.com>),...",
                "title": "Can you return a list of values from a data source?",
                "title_link": "https:\/\/www.reddit.com\/r\/Terraform\/comments\/sz12zo\/can_you_return_a_list_of_values_from_a_data_source\/",
                "service_name": "reddit"
            }
        ],
        "edited": {
            "user": "BG3N7LG73",
            "ts": "1645571770.000000"
        }
    },
    {
        "type": "message",
        "subtype": "bot_message",
        "text": "<https:\/\/www.reddit.com\/r\/Terraform\/comments\/sz46ih\/mysql_provider_does_not_support_mysql8_roles_on\/|mysql provider does not support mysql8 roles on users>\nHow is everyone provisioning users with new mysql8 roles? The mysql provider doesn't seem to support it. I need to create a grant like this: GRANT `AWS_LOAD_S3_ACCESS`@`%`,`AWS_SELECT_S3_ACCESS`@`%` TO `ci_user`@`%`  Edit: I can't markdown    submitted by   <https:\/\/www.reddit.com\/user\/_ohm_my| \/u\/_ohm_my > \n<https:\/\/www.reddit.com\/r\/Terraform\/comments\/sz46ih\/mysql_provider_does_not_support_mysql8_roles_on\/|[link]>   &lt;a...",
        "ts": "1645579573.375519",
        "username": "Terraform",
        "icons": {
            "image_48": "https:\/\/s3-us-west-2.amazonaws.com\/slack-files2\/bot_icons\/2019-02-12\/548785199618_48.png"
        },
        "bot_id": "BG3N7LG73",
        "blocks": [
            {
                "type": "rich_text",
                "block_id": "IAPFl",
                "elements": [
                    {
                        "type": "rich_text_section",
                        "elements": [
                            {
                                "type": "link",
                                "url": "https:\/\/www.reddit.com\/r\/Terraform\/comments\/sz46ih\/mysql_provider_does_not_support_mysql8_roles_on\/",
                                "text": "mysql provider does not support mysql8 roles on users"
                            },
                            {
                                "type": "text",
                                "text": "\nHow is everyone provisioning users with new mysql8 roles? The mysql provider doesn't seem to support it. I need to create a grant like this: GRANT "
                            },
                            {
                                "type": "text",
                                "text": "AWS_LOAD_S3_ACCESS",
                                "style": {
                                    "code": true
                                }
                            },
                            {
                                "type": "text",
                                "text": "@`%"
                            },
                            {
                                "type": "text",
                                "text": ",",
                                "style": {
                                    "code": true
                                }
                            },
                            {
                                "type": "text",
                                "text": "AWS_SELECT_S3_ACCESS`@`%"
                            },
                            {
                                "type": "text",
                                "text": " TO ",
                                "style": {
                                    "code": true
                                }
                            },
                            {
                                "type": "text",
                                "text": "ci_user`@`%`  Edit: I can't markdown    submitted by   "
                            },
                            {
                                "type": "link",
                                "url": "https:\/\/www.reddit.com\/user\/_ohm_my",
                                "text": "\/u\/_ohm_my"
                            },
                            {
                                "type": "text",
                                "text": " \n"
                            },
                            {
                                "type": "link",
                                "url": "https:\/\/www.reddit.com\/r\/Terraform\/comments\/sz46ih\/mysql_provider_does_not_support_mysql8_roles_on\/",
                                "text": "[link]"
                            },
                            {
                                "type": "text",
                                "text": "   <a..."
                            }
                        ]
                    }
                ]
            }
        ],
        "attachments": [
            {
                "from_url": "https:\/\/www.reddit.com\/r\/Terraform\/comments\/sz46ih\/mysql_provider_does_not_support_mysql8_roles_on\/",
                "thumb_url": "https:\/\/www.redditstatic.com\/new-icon.png",
                "thumb_width": 256,
                "thumb_height": 256,
                "service_icon": "http:\/\/www.redditstatic.com\/desktop2x\/img\/favicon\/apple-icon-57x57.png",
                "id": 1,
                "original_url": "https:\/\/www.reddit.com\/r\/Terraform\/comments\/sz46ih\/mysql_provider_does_not_support_mysql8_roles_on\/",
                "fallback": "reddit: mysql provider does not support mysql8 roles on users",
                "text": "How is everyone provisioning users with new mysql8 roles? The mysql provider doesn't seem to support it. I need to create a grant like this: ...",
                "title": "mysql provider does not support mysql8 roles on users",
                "title_link": "https:\/\/www.reddit.com\/r\/Terraform\/comments\/sz46ih\/mysql_provider_does_not_support_mysql8_roles_on\/",
                "service_name": "reddit"
            },
            {
                "from_url": "https:\/\/www.reddit.com\/user\/_ohm_my",
                "service_icon": "http:\/\/www.redditstatic.com\/desktop2x\/img\/favicon\/apple-icon-57x57.png",
                "id": 2,
                "original_url": "https:\/\/www.reddit.com\/user\/_ohm_my",
                "fallback": "overview for _ohm_my",
                "text": "The u\/_ohm_my community on Reddit. Reddit gives you the best of the internet in one place.",
                "title": "overview for _ohm_my",
                "title_link": "https:\/\/www.reddit.com\/user\/_ohm_my",
                "service_name": "reddit.com"
            }
        ],
        "edited": {
            "user": "BG3N7LG73",
            "ts": "1645579573.000000"
        }
    },
    {
        "type": "message",
        "subtype": "bot_message",
        "text": "<https:\/\/www.reddit.com\/r\/Terraform\/comments\/sz7r6u\/recommend_open_source_terraform_code_deploying\/|Recommend Open Source Terraform Code deploying Azure \/ AWS \/ GCP - For me to read and learn>\nHi,  As title suggests. I would like to read available public terraform code, for me to learn. That deploys Azure\/AWS\/GCP cloud infrastructure.  Can you please recommend resources.  Thank you    submitted by   <https:\/\/www.reddit.com\/user\/1whatabeautifulday| \/u\/1whatabeautifulday > \n<https:\/\/www.reddit.com\/r\/Terraform\/comments\/sz7r6u\/recommend_open_source_terraform_code_deploying\/|[link]>   &lt;a...",
        "ts": "1645589770.789989",
        "username": "Terraform",
        "icons": {
            "image_48": "https:\/\/s3-us-west-2.amazonaws.com\/slack-files2\/bot_icons\/2019-02-12\/548785199618_48.png"
        },
        "bot_id": "BG3N7LG73",
        "blocks": [
            {
                "type": "rich_text",
                "block_id": "gDGe",
                "elements": [
                    {
                        "type": "rich_text_section",
                        "elements": [
                            {
                                "type": "link",
                                "url": "https:\/\/www.reddit.com\/r\/Terraform\/comments\/sz7r6u\/recommend_open_source_terraform_code_deploying\/",
                                "text": "Recommend Open Source Terraform Code deploying Azure \/ AWS \/ GCP - For me to read and learn"
                            },
                            {
                                "type": "text",
                                "text": "\nHi,  As title suggests. I would like to read available public terraform code, for me to learn. That deploys Azure\/AWS\/GCP cloud infrastructure.  Can you please recommend resources.  Thank you    submitted by   "
                            },
                            {
                                "type": "link",
                                "url": "https:\/\/www.reddit.com\/user\/1whatabeautifulday",
                                "text": "\/u\/1whatabeautifulday"
                            },
                            {
                                "type": "text",
                                "text": " \n"
                            },
                            {
                                "type": "link",
                                "url": "https:\/\/www.reddit.com\/r\/Terraform\/comments\/sz7r6u\/recommend_open_source_terraform_code_deploying\/",
                                "text": "[link]"
                            },
                            {
                                "type": "text",
                                "text": "   <a..."
                            }
                        ]
                    }
                ]
            }
        ],
        "attachments": [
            {
                "from_url": "https:\/\/www.reddit.com\/r\/Terraform\/comments\/sz7r6u\/recommend_open_source_terraform_code_deploying\/",
                "thumb_url": "https:\/\/www.redditstatic.com\/new-icon.png",
                "thumb_width": 256,
                "thumb_height": 256,
                "service_icon": "http:\/\/www.redditstatic.com\/desktop2x\/img\/favicon\/apple-icon-57x57.png",
                "id": 1,
                "original_url": "https:\/\/www.reddit.com\/r\/Terraform\/comments\/sz7r6u\/recommend_open_source_terraform_code_deploying\/",
                "fallback": "reddit: Recommend Open Source Terraform Code deploying Azure \/ AWS \/ GCP - For me to read and learn",
                "text": "Hi, As title suggests. I would like to read available public terraform code, for me to learn. That deploys Azure\/AWS\/GCP cloud infrastructure. ...",
                "title": "Recommend Open Source Terraform Code deploying Azure \/ AWS \/ GCP - For me to read and learn",
                "title_link": "https:\/\/www.reddit.com\/r\/Terraform\/comments\/sz7r6u\/recommend_open_source_terraform_code_deploying\/",
                "service_name": "reddit"
            },
            {
                "from_url": "https:\/\/www.reddit.com\/user\/1whatabeautifulday",
                "service_icon": "http:\/\/www.redditstatic.com\/desktop2x\/img\/favicon\/apple-icon-57x57.png",
                "id": 2,
                "original_url": "https:\/\/www.reddit.com\/user\/1whatabeautifulday",
                "fallback": "overview for 1whatabeautifulday",
                "text": "The u\/1whatabeautifulday community on Reddit. Reddit gives you the best of the internet in one place.",
                "title": "overview for 1whatabeautifulday",
                "title_link": "https:\/\/www.reddit.com\/user\/1whatabeautifulday",
                "service_name": "reddit.com"
            }
        ],
        "edited": {
            "user": "BG3N7LG73",
            "ts": "1645589771.000000"
        }
    },
    {
        "type": "message",
        "subtype": "bot_message",
        "text": "<https:\/\/www.reddit.com\/r\/Terraform\/comments\/sz8jq8\/cicd_for_tf\/|cicd for TF>\nhave you implemented CICD for TF? any performance issues ?    submitted by   <https:\/\/www.reddit.com\/user\/asquare412014| \/u\/asquare412014 > \n<https:\/\/www.reddit.com\/r\/Terraform\/comments\/sz8jq8\/cicd_for_tf\/|[link]>   <https:\/\/www.reddit.com\/r\/Terraform\/comments\/sz8jq8\/cicd_for_tf\/|[comments]>",
        "ts": "1645591570.346089",
        "username": "Terraform",
        "icons": {
            "image_48": "https:\/\/s3-us-west-2.amazonaws.com\/slack-files2\/bot_icons\/2019-02-12\/548785199618_48.png"
        },
        "bot_id": "BG3N7LG73",
        "blocks": [
            {
                "type": "rich_text",
                "block_id": "TGQ",
                "elements": [
                    {
                        "type": "rich_text_section",
                        "elements": [
                            {
                                "type": "link",
                                "url": "https:\/\/www.reddit.com\/r\/Terraform\/comments\/sz8jq8\/cicd_for_tf\/",
                                "text": "cicd for TF"
                            },
                            {
                                "type": "text",
                                "text": "\nhave you implemented CICD for TF? any performance issues ?    submitted by   "
                            },
                            {
                                "type": "link",
                                "url": "https:\/\/www.reddit.com\/user\/asquare412014",
                                "text": "\/u\/asquare412014"
                            },
                            {
                                "type": "text",
                                "text": " \n"
                            },
                            {
                                "type": "link",
                                "url": "https:\/\/www.reddit.com\/r\/Terraform\/comments\/sz8jq8\/cicd_for_tf\/",
                                "text": "[link]"
                            },
                            {
                                "type": "text",
                                "text": "   "
                            },
                            {
                                "type": "link",
                                "url": "https:\/\/www.reddit.com\/r\/Terraform\/comments\/sz8jq8\/cicd_for_tf\/",
                                "text": "[comments]"
                            }
                        ]
                    }
                ]
            }
        ],
        "attachments": [
            {
                "from_url": "https:\/\/www.reddit.com\/r\/Terraform\/comments\/sz8jq8\/cicd_for_tf\/",
                "thumb_url": "https:\/\/www.redditstatic.com\/new-icon.png",
                "thumb_width": 256,
                "thumb_height": 256,
                "service_icon": "http:\/\/www.redditstatic.com\/desktop2x\/img\/favicon\/apple-icon-57x57.png",
                "id": 1,
                "original_url": "https:\/\/www.reddit.com\/r\/Terraform\/comments\/sz8jq8\/cicd_for_tf\/",
                "fallback": "reddit: cicd for TF",
                "text": "have you implemented CICD for TF? any performance issues ?",
                "title": "cicd for TF",
                "title_link": "https:\/\/www.reddit.com\/r\/Terraform\/comments\/sz8jq8\/cicd_for_tf\/",
                "service_name": "reddit"
            },
            {
                "from_url": "https:\/\/www.reddit.com\/user\/asquare412014",
                "service_icon": "http:\/\/www.redditstatic.com\/desktop2x\/img\/favicon\/apple-icon-57x57.png",
                "id": 2,
                "original_url": "https:\/\/www.reddit.com\/user\/asquare412014",
                "fallback": "overview for asquare412014",
                "text": "The u\/asquare412014 community on Reddit. Reddit gives you the best of the internet in one place.",
                "title": "overview for asquare412014",
                "title_link": "https:\/\/www.reddit.com\/user\/asquare412014",
                "service_name": "reddit.com"
            }
        ],
        "edited": {
            "user": "BG3N7LG73",
            "ts": "1645591571.000000"
        }
    },
    {
        "type": "message",
        "subtype": "bot_message",
        "text": "<https:\/\/www.reddit.com\/r\/Terraform\/comments\/sz9qkh\/how_to_populate_eachvalue\/|how to populate each.value>\nHey guys, newbie here, I was going through a file, and noticed there were a lot of each.value. there. How can I fill values in for them? I know that for variables it is done through tfvars file. I have scoured the internet but maybe I am not searching for the right thing. Could anyone help me out in this?    submitted by   <https:\/\/www.reddit.com\/user\/Livid_Storm7008| \/u\/Livid_Storm7008 > \n&lt;a...",
        "ts": "1645595773.956249",
        "username": "Terraform",
        "icons": {
            "image_48": "https:\/\/s3-us-west-2.amazonaws.com\/slack-files2\/bot_icons\/2019-02-12\/548785199618_48.png"
        },
        "bot_id": "BG3N7LG73",
        "blocks": [
            {
                "type": "rich_text",
                "block_id": "O=Z",
                "elements": [
                    {
                        "type": "rich_text_section",
                        "elements": [
                            {
                                "type": "link",
                                "url": "https:\/\/www.reddit.com\/r\/Terraform\/comments\/sz9qkh\/how_to_populate_eachvalue\/",
                                "text": "how to populate each.value",
                                "unsafe": true
                            },
                            {
                                "type": "text",
                                "text": "\nHey guys, newbie here, I was going through a file, and noticed there were a lot of each.value. there. How can I fill values in for them? I know that for variables it is done through tfvars file. I have scoured the internet but maybe I am not searching for the right thing. Could anyone help me out in this?    submitted by   "
                            },
                            {
                                "type": "link",
                                "url": "https:\/\/www.reddit.com\/user\/Livid_Storm7008",
                                "text": "\/u\/Livid_Storm7008"
                            },
                            {
                                "type": "text",
                                "text": " \n<a..."
                            }
                        ]
                    }
                ]
            }
        ],
        "attachments": [
            {
                "from_url": "https:\/\/www.reddit.com\/user\/Livid_Storm7008",
                "service_icon": "http:\/\/www.redditstatic.com\/desktop2x\/img\/favicon\/apple-icon-57x57.png",
                "id": 1,
                "original_url": "https:\/\/www.reddit.com\/user\/Livid_Storm7008",
                "fallback": "overview for Livid_Storm7008",
                "text": "The u\/Livid_Storm7008 community on Reddit. Reddit gives you the best of the internet in one place.",
                "title": "overview for Livid_Storm7008",
                "title_link": "https:\/\/www.reddit.com\/user\/Livid_Storm7008",
                "service_name": "reddit.com"
            }
        ],
        "edited": {
            "user": "BG3N7LG73",
            "ts": "1645595774.000000"
        }
    }
]