[
    {
        "type": "message",
        "text": "Upgrade provider to 0.12.x · Issue #173 · terraform-providers\/terraform-provider-fastly · GitHub\n<https:\/\/github.com\/terraform-providers\/terraform-provider-fastly\/pull\/173>",
        "user": "UGW0TPSQY",
        "ts": "1561677526.000100",
        "team": "TFU0BKCQP",
        "user_team": "TFU0BKCQP",
        "source_team": "TFU0BKCQP",
        "user_profile": {
            "avatar_hash": "g88605d00909",
            "image_72": "https:\/\/secure.gravatar.com\/avatar\/488605d0090951445806a09e3f2c4541.jpg?s=72&d=https%3A%2F%2Fa.slack-edge.com%2Fdf10d%2Fimg%2Favatars%2Fava_0009-72.png",
            "first_name": "",
            "real_name": "iwata",
            "display_name": "iwata",
            "team": "TFU0BKCQP",
            "name": "gootonori_slack",
            "is_restricted": false,
            "is_ultra_restricted": false
        },
        "attachments": [
            {
                "author_name": "trentrosenbaum",
                "fallback": "[terraform-providers\/terraform-provider-fastly] #173 Upgrade provider to 0.12.x",
                "text": "This PR is covering the upgrade of the provider to use the 0.12.x SDK. At the point of creation, the PR reflects the use of terraform 0.12.3\n\nThe PR updates test configurations used in the acceptance tests for resource_fastly_service_v1_gcslogging_test.go and resource_fastly_service_v1_bigquerylogging_test.go  \nThe StateFunc declarations in the service schema have been removed.  \nThe resources, (go.mod and vendor dir) have been updated to 0.12.3 and a tidy has been completed.  \nThe go-fastly client has been updated to v1.0.0  \nAfter each change, the existing acceptance tests were executed and confirmed to have passed.  \nThe provider has been built into a local playground and has been updated to execute terraform.state generated through 0.11.14 version of terraform. Plans and executions communicated the following\n\nterraform plan -&gt; No changes. Infrastructure is up-to-date.  \nterraform apply -&gt; Apply complete! Resources: 0 added, 0 changed, 0 destroyed.",
                "title": "#173 Upgrade provider to 0.12.x",
                "footer": "<https:\/\/github.com\/terraform-providers\/terraform-provider-fastly|terraform-providers\/terraform-provider-fastly>",
                "id": 1,
                "title_link": "https:\/\/github.com\/terraform-providers\/terraform-provider-fastly\/pull\/173",
                "author_link": "https:\/\/github.com\/trentrosenbaum",
                "author_icon": "https:\/\/avatars0.githubusercontent.com\/u\/371685?v=4",
                "ts": 1561650101,
                "color": "6f42c1",
                "fields": [
                    {
                        "title": "Labels",
                        "value": "enhancement, size\/XXL",
                        "short": true
                    },
                    {
                        "title": "Reviewers",
                        "value": "@phamann, @matpimenta",
                        "short": true
                    }
                ],
                "mrkdwn_in": [
                    "text"
                ],
                "bot_id": "BH12QQBB4",
                "app_unfurl_url": "https:\/\/github.com\/terraform-providers\/terraform-provider-fastly\/pull\/173",
                "is_app_unfurl": true
            }
        ]
    },
    {
        "client_msg_id": "A6F93785-85B0-46C2-B4E0-619D8C0B3E40",
        "type": "message",
        "text": "ようやくマージされた。リリース正座待機",
        "user": "UGW0TPSQY",
        "ts": "1561677551.000800",
        "team": "TFU0BKCQP",
        "user_team": "TFU0BKCQP",
        "source_team": "TFU0BKCQP",
        "user_profile": {
            "avatar_hash": "g88605d00909",
            "image_72": "https:\/\/secure.gravatar.com\/avatar\/488605d0090951445806a09e3f2c4541.jpg?s=72&d=https%3A%2F%2Fa.slack-edge.com%2Fdf10d%2Fimg%2Favatars%2Fava_0009-72.png",
            "first_name": "",
            "real_name": "iwata",
            "display_name": "iwata",
            "team": "TFU0BKCQP",
            "name": "gootonori_slack",
            "is_restricted": false,
            "is_ultra_restricted": false
        }
    }
]