[
    {
        "client_msg_id": "69aa15cf-a986-4b8b-8f20-2cff52ed9a78",
        "type": "message",
        "text": "ついにhcl2のリポジトリアーカイブされて、hclの方にv2タグができてた。\n<https:\/\/github.com\/hashicorp\/hcl2\/issues\/115>",
        "user": "UHS4SFFA7",
        "ts": "1570068494.017900",
        "team": "TFU0BKCQP",
        "user_team": "TFU0BKCQP",
        "source_team": "TFU0BKCQP",
        "user_profile": {
            "avatar_hash": "gade34f8bdf1",
            "image_72": "https:\/\/secure.gravatar.com\/avatar\/5ade34f8bdf1b55c4ff82c11cf23cf42.jpg?s=72&d=https%3A%2F%2Fa.slack-edge.com%2Fdf10d%2Fimg%2Favatars%2Fava_0008-72.png",
            "first_name": "",
            "real_name": "minamijoyo",
            "display_name": "minamijoyo",
            "team": "TFU0BKCQP",
            "name": "minamijoyo",
            "is_restricted": false,
            "is_ultra_restricted": false
        },
        "attachments": [
            {
                "author_name": "phinze",
                "fallback": "[hashicorp\/hcl2] #115 Merge into hashicorp\/hcl",
                "text": "Now that Terraform 0.12 is using HCL2 - we can merge this repo over to the main `hashicorp\/hcl` location.",
                "title": "#115 Merge into hashicorp\/hcl",
                "footer": "<https:\/\/github.com\/hashicorp\/hcl2|hashicorp\/hcl2>",
                "id": 1,
                "title_link": "https:\/\/github.com\/hashicorp\/hcl2\/issues\/115",
                "author_link": "https:\/\/github.com\/phinze",
                "author_icon": "https:\/\/avatars3.githubusercontent.com\/u\/37534?v=4",
                "footer_icon": "https:\/\/github.githubassets.com\/favicon.ico",
                "ts": 1562002991,
                "color": "cb2431",
                "fields": [
                    {
                        "title": "Assignees",
                        "value": "apparentlymart",
                        "short": true
                    },
                    {
                        "title": "Comments",
                        "value": "3",
                        "short": true
                    }
                ],
                "mrkdwn_in": [
                    "text"
                ],
                "bot_id": "BH12QQBB4",
                "app_unfurl_url": "https:\/\/github.com\/hashicorp\/hcl2\/issues\/115",
                "is_app_unfurl": true
            }
        ]
    },
    {
        "client_msg_id": "e09edab4-813a-4e44-995f-8edf7311facf",
        "type": "message",
        "text": "タイミング悪くてPR上はmergedじゃなくてclosedになっちゃったけど、私のコミットはv2には入れてもらえたようです。\n<https:\/\/github.com\/hashicorp\/hcl2\/pull\/126>",
        "user": "UHS4SFFA7",
        "ts": "1570068629.019200",
        "team": "TFU0BKCQP",
        "user_team": "TFU0BKCQP",
        "source_team": "TFU0BKCQP",
        "user_profile": {
            "avatar_hash": "gade34f8bdf1",
            "image_72": "https:\/\/secure.gravatar.com\/avatar\/5ade34f8bdf1b55c4ff82c11cf23cf42.jpg?s=72&d=https%3A%2F%2Fa.slack-edge.com%2Fdf10d%2Fimg%2Favatars%2Fava_0008-72.png",
            "first_name": "",
            "real_name": "minamijoyo",
            "display_name": "minamijoyo",
            "team": "TFU0BKCQP",
            "name": "minamijoyo",
            "is_restricted": false,
            "is_ultra_restricted": false
        },
        "attachments": [
            {
                "author_name": "minamijoyo",
                "fallback": "[hashicorp\/hcl2] #126 hclwrite: Allow body to set attributes in blocks",
                "text": "The current implementation can set attributes in top-level, but not attributes in blocks.  \nTo do this, add the `(*Body).GetBlock()` method that selects a block by typeName and labels.\n\nRelated to #88\n\n* * *\n\nUPDATE: The original proposal has changed as a result of the suggestion:\n\n• Add `(*Block).Type()` and `(*Block).Labels()`\n• Add `(*Body).FirstMatchingBlock()` instead of `(*Body).GetBlock()`\n• Expose `parser.decodeStringLit()` in the `hclsyntax` package as `ParseStringLiteralToken()`",
                "title": "#126 hclwrite: Allow body to set attributes in blocks",
                "footer": "<https:\/\/github.com\/hashicorp\/hcl2|hashicorp\/hcl2>",
                "id": 1,
                "title_link": "https:\/\/github.com\/hashicorp\/hcl2\/pull\/126",
                "author_link": "https:\/\/github.com\/minamijoyo",
                "author_icon": "https:\/\/avatars1.githubusercontent.com\/u\/6985802?v=4",
                "footer_icon": "https:\/\/github.githubassets.com\/favicon.ico",
                "ts": 1565532971,
                "color": "cb2431",
                "fields": [
                    {
                        "title": "Comments",
                        "value": "11",
                        "short": true
                    }
                ],
                "mrkdwn_in": [
                    "text"
                ],
                "bot_id": "BH12QQBB4",
                "app_unfurl_url": "https:\/\/github.com\/hashicorp\/hcl2\/pull\/126",
                "is_app_unfurl": true
            }
        ],
        "reactions": [
            {
                "name": "sugoi",
                "users": [
                    "UFU0BKD8F"
                ],
                "count": 1
            },
            {
                "name": "tada",
                "users": [
                    "UKAKENQAF"
                ],
                "count": 1
            }
        ]
    },
    {
        "client_msg_id": "f135b668-56ff-40a8-8134-a7f5babbf865",
        "type": "message",
        "text": "<https:\/\/github.com\/hashicorp\/hcl\/commit\/9d1235a5b4e8a8c86f8c7a5a6298d701605a7f12>",
        "user": "UHS4SFFA7",
        "ts": "1570068647.019500",
        "team": "TFU0BKCQP",
        "user_team": "TFU0BKCQP",
        "source_team": "TFU0BKCQP",
        "user_profile": {
            "avatar_hash": "gade34f8bdf1",
            "image_72": "https:\/\/secure.gravatar.com\/avatar\/5ade34f8bdf1b55c4ff82c11cf23cf42.jpg?s=72&d=https%3A%2F%2Fa.slack-edge.com%2Fdf10d%2Fimg%2Favatars%2Fava_0008-72.png",
            "first_name": "",
            "real_name": "minamijoyo",
            "display_name": "minamijoyo",
            "team": "TFU0BKCQP",
            "name": "minamijoyo",
            "is_restricted": false,
            "is_ultra_restricted": false
        }
    },
    {
        "client_msg_id": "9d455663-875a-4b9f-9639-70fca826c501",
        "type": "message",
        "text": "terraform本体側のimportパスもv2に変わった模様\n<https:\/\/github.com\/hashicorp\/terraform\/commit\/39e609d5fd708a3e2c63b347b2890e93b79e06af>",
        "user": "UHS4SFFA7",
        "ts": "1570069048.020700",
        "team": "TFU0BKCQP",
        "user_team": "TFU0BKCQP",
        "source_team": "TFU0BKCQP",
        "user_profile": {
            "avatar_hash": "gade34f8bdf1",
            "image_72": "https:\/\/secure.gravatar.com\/avatar\/5ade34f8bdf1b55c4ff82c11cf23cf42.jpg?s=72&d=https%3A%2F%2Fa.slack-edge.com%2Fdf10d%2Fimg%2Favatars%2Fava_0008-72.png",
            "first_name": "",
            "real_name": "minamijoyo",
            "display_name": "minamijoyo",
            "team": "TFU0BKCQP",
            "name": "minamijoyo",
            "is_restricted": false,
            "is_ultra_restricted": false
        },
        "edited": {
            "user": "UHS4SFFA7",
            "ts": "1570069063.000000"
        }
    },
    {
        "type": "message",
        "text": "<https:\/\/twitter.com\/minamijoyo\/status\/1179582415800422401>",
        "files": [
            {
                "id": "FNM5XTRPC",
                "created": 1570070148,
                "timestamp": 1570070148,
                "name": "image.png",
                "title": "image.png",
                "mimetype": "image\/png",
                "filetype": "png",
                "pretty_type": "PNG",
                "user": "UHS4SFFA7",
                "editable": false,
                "size": 357742,
                "mode": "hosted",
                "is_external": false,
                "external_type": "",
                "is_public": true,
                "public_url_shared": false,
                "display_as_bot": false,
                "username": "",
                "url_private": "https:\/\/files.slack.com\/files-pri\/TFU0BKCQP-FNM5XTRPC\/image.png?t=xoxe-538011658839-818825075844-811376083425-5f3695a959107afa143a3fe0a70dd4b7",
                "url_private_download": "https:\/\/files.slack.com\/files-pri\/TFU0BKCQP-FNM5XTRPC\/download\/image.png?t=xoxe-538011658839-818825075844-811376083425-5f3695a959107afa143a3fe0a70dd4b7",
                "thumb_64": "https:\/\/files.slack.com\/files-tmb\/TFU0BKCQP-FNM5XTRPC-ed7948bd40\/image_64.png?t=xoxe-538011658839-818825075844-811376083425-5f3695a959107afa143a3fe0a70dd4b7",
                "thumb_80": "https:\/\/files.slack.com\/files-tmb\/TFU0BKCQP-FNM5XTRPC-ed7948bd40\/image_80.png?t=xoxe-538011658839-818825075844-811376083425-5f3695a959107afa143a3fe0a70dd4b7",
                "thumb_360": "https:\/\/files.slack.com\/files-tmb\/TFU0BKCQP-FNM5XTRPC-ed7948bd40\/image_360.png?t=xoxe-538011658839-818825075844-811376083425-5f3695a959107afa143a3fe0a70dd4b7",
                "thumb_360_w": 287,
                "thumb_360_h": 360,
                "thumb_480": "https:\/\/files.slack.com\/files-tmb\/TFU0BKCQP-FNM5XTRPC-ed7948bd40\/image_480.png?t=xoxe-538011658839-818825075844-811376083425-5f3695a959107afa143a3fe0a70dd4b7",
                "thumb_480_w": 383,
                "thumb_480_h": 480,
                "thumb_160": "https:\/\/files.slack.com\/files-tmb\/TFU0BKCQP-FNM5XTRPC-ed7948bd40\/image_160.png?t=xoxe-538011658839-818825075844-811376083425-5f3695a959107afa143a3fe0a70dd4b7",
                "thumb_720": "https:\/\/files.slack.com\/files-tmb\/TFU0BKCQP-FNM5XTRPC-ed7948bd40\/image_720.png?t=xoxe-538011658839-818825075844-811376083425-5f3695a959107afa143a3fe0a70dd4b7",
                "thumb_720_w": 574,
                "thumb_720_h": 720,
                "thumb_800": "https:\/\/files.slack.com\/files-tmb\/TFU0BKCQP-FNM5XTRPC-ed7948bd40\/image_800.png?t=xoxe-538011658839-818825075844-811376083425-5f3695a959107afa143a3fe0a70dd4b7",
                "thumb_800_w": 800,
                "thumb_800_h": 1003,
                "thumb_960": "https:\/\/files.slack.com\/files-tmb\/TFU0BKCQP-FNM5XTRPC-ed7948bd40\/image_960.png?t=xoxe-538011658839-818825075844-811376083425-5f3695a959107afa143a3fe0a70dd4b7",
                "thumb_960_w": 765,
                "thumb_960_h": 960,
                "thumb_1024": "https:\/\/files.slack.com\/files-tmb\/TFU0BKCQP-FNM5XTRPC-ed7948bd40\/image_1024.png?t=xoxe-538011658839-818825075844-811376083425-5f3695a959107afa143a3fe0a70dd4b7",
                "thumb_1024_w": 816,
                "thumb_1024_h": 1024,
                "image_exif_rotation": 1,
                "original_w": 1266,
                "original_h": 1588,
                "thumb_tiny": "AwAwACa8d3mMfMO3AwAOlPDfX8qRgc0bCevagB24Ubh703YfajZz0FADwc0UijApaAG7lLFe4GelLTSG3Z3celHPv+dAD6KaMj1\/OloAWjNJRQAjdKbgdBR+88wjC7McHNPx60ANAYD71Lhv736U7AooAQfXNFLRQB\/\/2Q==",
                "permalink": "https:\/\/terraform-jp.slack.com\/files\/UHS4SFFA7\/FNM5XTRPC\/image.png",
                "permalink_public": "https:\/\/slack-files.com\/TFU0BKCQP-FNM5XTRPC-3ac3025798",
                "is_starred": false,
                "has_rich_preview": false
            }
        ],
        "upload": true,
        "user": "UHS4SFFA7",
        "display_as_bot": false,
        "ts": "1570070151.021600",
        "client_msg_id": "376099c7-da7b-467f-a0f2-66e3ece177a6",
        "reactions": [
            {
                "name": "tada",
                "users": [
                    "UFU0BKD8F"
                ],
                "count": 1
            },
            {
                "name": "sugoi",
                "users": [
                    "ULSHHPEBB",
                    "UKAKENQAF",
                    "UFTKSQ25T",
                    "UGYK9KX4M",
                    "UGY8YDQ2G"
                ],
                "count": 5
            }
        ]
    },
    {
        "client_msg_id": "895f03e2-145a-4e50-bc46-45bc8d370e6b",
        "type": "message",
        "text": "まさかのmitchellh降臨の図",
        "user": "UHS4SFFA7",
        "ts": "1570070163.022000",
        "team": "TFU0BKCQP",
        "user_team": "TFU0BKCQP",
        "source_team": "TFU0BKCQP",
        "user_profile": {
            "avatar_hash": "gade34f8bdf1",
            "image_72": "https:\/\/secure.gravatar.com\/avatar\/5ade34f8bdf1b55c4ff82c11cf23cf42.jpg?s=72&d=https%3A%2F%2Fa.slack-edge.com%2Fdf10d%2Fimg%2Favatars%2Fava_0008-72.png",
            "first_name": "",
            "real_name": "minamijoyo",
            "display_name": "minamijoyo",
            "team": "TFU0BKCQP",
            "name": "minamijoyo",
            "is_restricted": false,
            "is_ultra_restricted": false
        }
    }
]