[
    {
        "type": "message",
        "subtype": "bot_message",
        "text": "",
        "ts": "1623972132.007900",
        "bot_id": "B01D39EAGTT",
        "attachments": [
            {
                "fallback": "hashicorp\/consul on GitHub\nv1.10.0-rc2v1.10.0-rc2 pre-release\nrelease note: <https:\/\/newreleases.io\/github\/hashicorp\/consul?version=v1.10.0-rc2>",
                "text": "*v1.10.0-rc2* `v1.10.0-rc2` _pre-release_\n```\n--------------------------\n1.10.0-rc2 (June 17, 2021)\n--------------------------\n\nBUG FIXES:\n\n* proxycfg: avoid panic when transparent proxy upstream is added and then removed. [ GH-10423 ( <https:\/\/github.com\/hashicorp\/consul\/issues\/10423> ) ]\n```\n<https:\/\/newreleases.io\/github\/hashicorp\/consul?version=v1.10.0-rc2|release note...>",
                "title": "hashicorp\/consul on GitHub",
                "id": 1,
                "title_link": "https:\/\/newreleases.io\/github\/hashicorp\/consul",
                "mrkdwn_in": [
                    "text"
                ]
            }
        ]
    },
    {
        "type": "message",
        "subtype": "bot_message",
        "text": "",
        "ts": "1623972626.008000",
        "bot_id": "B01D39EAGTT",
        "attachments": [
            {
                "fallback": "hashicorp\/terraform-provider-aws on GitHub\nv3.46.0",
                "text": "`v3.46.0`",
                "title": "hashicorp\/terraform-provider-aws on GitHub",
                "id": 1,
                "title_link": "https:\/\/newreleases.io\/github\/hashicorp\/terraform-provider-aws",
                "mrkdwn_in": [
                    "text"
                ]
            }
        ]
    },
    {
        "type": "message",
        "subtype": "bot_message",
        "text": "",
        "ts": "1623972840.008100",
        "bot_id": "B01D39EAGTT",
        "attachments": [
            {
                "fallback": "hashicorp\/terraform-provider-aws on GitHub\nv3.46.0v3.46.0 updated\nrelease note: <https:\/\/newreleases.io\/github\/hashicorp\/terraform-provider-aws?version=v3.46.0>",
                "text": "*v3.46.0* `v3.46.0` _updated_\n```\nFEATURES:\n\n* *New Data Source:* aws_appmesh_virtual_service ( #19774 ( <https:\/\/github.com\/hashicorp\/terraform-provider-aws\/issues\/19774> ) )\n\n* *New Data Source:* aws_servicecatalog_portfolio ( #19500 ( <https:\/\/github.com\/hashicorp\/terraform-provider-aws\/issues\/19500> ) )\n\n* *New Resource:* aws_budgets_budget_action ( #19554 ( <https:\/\/github.com\/hashicorp\/terraform-provider-aws\/issues\/19554> ) )\n\n* *New Resource:* aws_route53_resolver_firewall_config ( #18733 ( <https:\/\/github.com\/hashicorp\/terraform-provider-aws\/issues\/18733> ) )\n\nENHANCEMENTS:\n\n* resource\/aws_cloudwatch_log_metric_filter: Add support for unit in the metric_transformation block. ( #19804 ( <https:\/\/github.com\/hashicorp\/terraform-provider-aws\/issues\/19804> ) )\n\n* resource\/aws_datasync_location_nfs: Add mount_options argument. ( #19767 ( <https:\/\/github.com\/hashicorp\/terraform-provider-aws\/issues\/19767> ) )\n\n* resource\/aws_datasync_location_nfs: Add plan time validation for on_prem_config.agent_arns , server_hostname , and subdirectory. ( #19767 ( <https:\/\/github.com\/hashicorp\/terraform-provider-aws\/issues\/19767> ) )\n\n* resource\/aws_datasync_location_nfs: Add support for updating. ( #19767 ( <https:\/\/github.com\/hashicorp\/terraform-provider-aws\/issues\/19767> ) )\n\n* resource\/aws_ecs_cluster: Add plan time validation for name. ( #19785 ( <https:\/\/github.com\/hashicorp\/terraform-provider-aws\/issues\/19785> ) )\n\n* resource\/aws_ecs_cluster: Add support for configuration. ( #19785 ( <https:\/\/github.com\/hashicorp\/terraform-provider-aws\/issues\/19785> ) )\n\n* resource\/aws_eks_node_group: Allow minimum value of 0 for desired_size and min_size in the scaling_config configuration block ( #19810 ( <https:\/\/github.com\/hashicorp\/terraform-provider-aws\/issues\/19810> ) )\n\n* resource\/aws_spot_fleet_request: Add on_demand_allocation_strategy , on_demand_max_total_price , and on_demand_target_capacity arguments ( #13127 ( <https:\/\/github.com\/hashicorp\/terraform-provider-aws\/issues\/13127> ) )\n\nBUG FIXES:\n\n* data-source\/aws_directory_service_directory: Check VpcSettings and ConnectSettings for nil values ( #19820 ( <https:\/\/github.com\/hashicorp\/terraform-provider-aws\/issues\/19820> ) )\n\n* data-source\/aws_lakeformation_permissions: Fix diffs resulting from order of column names and exclude column names ( #19817 ( <https:\/\/github.com\/hashicorp\/terraform-provider-aws\/issues\/19817> ) )\n\n* resource\/aws_cognito_identity_provider: Fix updating idp_identifiers crash. ( #19819 ( <https:\/\/github.com\/hashicorp\/terraform-provider-aws\/issues\/19819> ) )\n\n* resource\/aws_glue_trigger: Fix default timeouts for Create and Delete operations ( #19827 ( <https:\/\/github.com\/hashicorp\/terraform-provider-aws\/issues\/19827> ) )\n\n* resource\/aws_lakeformation_permissions: Fix bug preventing updates (inconsistent result) ( #19817 ( <https:\/\/github.com\/hashicorp\/terraform-provider-aws\/issues\/19817> ) )\n\n* resource\/aws_lakeformation_permissions: Fix bug where resource is not properly removed from state ( #19817 ( <https:\/\/github.com\/hashicorp\/terraform-provider-aws\/issues\/19817> ) )\n\n* resource\/aws_lakeformation_permissions: Fix diffs resulting only from order of column names and exclude column names ( #19817 ( <https:\/\/github.com\/hashicorp\/terraform-provider-aws\/issues\/19817> ) )\n\n* resource\/aws_lambda_event_source_mapping: Enhance handling of IAM eventual consistency errors during create ( #19831 ( <https:\/\/github.com\/hashicorp\/terraform-provider-aws\/issues\/19831> ) )\n\n* resource\/aws_sqs_queue: Correctly handle the default kms_data_key_reuse_period_seconds value of 300 for unencrypted queues ( #19834 ( <https:\/\/github.com\/hashicorp\/terraform-provider-aws\/issues\/19834> ) )\n```\n<https:\/\/newreleases.io\/github\/hashicorp\/terraform-provider-aws?version=v3.46.0|release note...>",
                "title": "hashicorp\/terraform-provider-aws on GitHub",
                "id": 1,
                "title_link": "https:\/\/newreleases.io\/github\/hashicorp\/terraform-provider-aws",
                "mrkdwn_in": [
                    "text"
                ]
            }
        ]
    }
]