[
    {
        "type": "message",
        "subtype": "bot_message",
        "text": "",
        "ts": "1623151757.004000",
        "bot_id": "B01D39EAGTT",
        "attachments": [
            {
                "fallback": "hashicorp\/terraform on GitHub\nv1.0.0v1.0.0 \nrelease note: <https:\/\/newreleases.io\/github\/hashicorp\/terraform?version=v1.0.0>",
                "text": "*v1.0.0* `v1.0.0` \n```\n---------------------\n1.0.0 (June 08, 2021)\n---------------------\n\nTerraform v1.0 is an unusual release in that its primary focus is on stability, and it represents the culmination of several years of work in previous major releases to make sure that the Terraform language and internal architecture will be a suitable foundation for forthcoming additions that will remain backward compatible.\n\nTerraform v1.0.0 intentionally has no significant changes compared to Terraform v0.15.5. You can consider the v1.0 series as a direct continuation of the v0.15 series; we do not intend to issue any further releases in the v0.15 series, because all of the v1.0 releases will be only minor updates to address bugs.\n\nFor all future minor releases with major version 1, we intend to preserve backward compatibility as described in detail in the Terraform v1.0 Compatibility Promises ( <https:\/\/www.terraform.io\/docs\/language\/v1-compatibility-promises.html> ). The later Terraform v1.1.0 will, therefore, be the first minor release with new features that we will implement with consideration of those promises.\n```\n<https:\/\/newreleases.io\/github\/hashicorp\/terraform?version=v1.0.0|release note...>",
                "title": "hashicorp\/terraform on GitHub",
                "id": 1,
                "title_link": "https:\/\/newreleases.io\/github\/hashicorp\/terraform",
                "mrkdwn_in": [
                    "text"
                ]
            }
        ],
        "reactions": [
            {
                "name": "tada",
                "users": [
                    "UGXFY0V88",
                    "ULFK57XL4",
                    "UR6TGPC0P",
                    "UREE40K7A",
                    "UFU0BKD8F",
                    "U018F14RQBE",
                    "UGXHYR44Q",
                    "UHS4SFFA7",
                    "UGFSM002K",
                    "U01AEH6SRL2",
                    "U012X6FSHC7",
                    "U01RV4S0WBA",
                    "U014MDYMGTG"
                ],
                "count": 13
            }
        ]
    },
    {
        "type": "message",
        "subtype": "bot_message",
        "text": "",
        "ts": "1623172018.004900",
        "bot_id": "B01D39EAGTT",
        "attachments": [
            {
                "fallback": "hashicorp\/boundary on GitHub\napi\/v0.0.11",
                "text": "`api\/v0.0.11`",
                "title": "hashicorp\/boundary on GitHub",
                "id": 1,
                "title_link": "https:\/\/newreleases.io\/github\/hashicorp\/boundary",
                "mrkdwn_in": [
                    "text"
                ]
            }
        ]
    }
]