[
    {
        "type": "message",
        "subtype": "bot_message",
        "text": "",
        "ts": "1610046251.017400",
        "bot_id": "B01D39EAGTT",
        "attachments": [
            {
                "fallback": "hashicorp\/terraform-provider-google on GitHub\nv3.51.1",
                "text": "`v3.51.1`",
                "title": "hashicorp\/terraform-provider-google on GitHub",
                "id": 1,
                "title_link": "https:\/\/newreleases.io\/github\/hashicorp\/terraform-provider-google",
                "mrkdwn_in": [
                    "text"
                ]
            }
        ]
    },
    {
        "type": "message",
        "subtype": "bot_message",
        "text": "",
        "ts": "1610057264.017500",
        "bot_id": "B01D39EAGTT",
        "attachments": [
            {
                "fallback": "hashicorp\/terraform on GitHub\nv0.15.0-alpha20210107",
                "text": "`v0.15.0-alpha20210107`",
                "title": "hashicorp\/terraform on GitHub",
                "id": 1,
                "title_link": "https:\/\/newreleases.io\/github\/hashicorp\/terraform",
                "mrkdwn_in": [
                    "text"
                ]
            }
        ]
    },
    {
        "type": "message",
        "subtype": "bot_message",
        "text": "",
        "ts": "1610057437.017600",
        "bot_id": "B01D39EAGTT",
        "attachments": [
            {
                "fallback": "hashicorp\/terraform on GitHub\nv0.15.0-alpha20210107v0.15.0-alpha20210107 pre-release, updated\nrelease note: <https:\/\/newreleases.io\/github\/hashicorp\/terraform?version=v0.15.0-alpha20210107>",
                "text": "*v0.15.0-alpha20210107* `v0.15.0-alpha20210107` _pre-release_, _updated_\n```\n-------------------\n0.15.0 (Unreleased)\n-------------------\n\nUPGRADE NOTES:\n\n* config: The list and map functions, both of which were deprecated since Terraform v0.12, are now removed. You can replace uses of these functions with tolist([...]) and tomap({...}) respectively. ( #26818 ( <https:\/\/github.com\/hashicorp\/terraform\/issues\/26818> ) )\n\n* cli: Interrupting execution will now cause terraform to exit with a non-0 status. ( #26738 ( <https:\/\/github.com\/hashicorp\/terraform\/issues\/26738> ) )\n\n* backend\/atlas: the atlas backend, which was deprecated since v0.12, has been removed. ( #26651 ( <https:\/\/github.com\/hashicorp\/terraform\/issues\/26651> ) )\n\n* backend\/gcs: The path config argument, which was deprecated since v0.11, has been removed. Use the prefix argument instead. ( #26841 ( <https:\/\/github.com\/hashicorp\/terraform\/issues\/26841> ) )\n\nENHANCEMENTS:\n\n* config: Terraform will now emit a warning if you declare a backend block in a non-root module. Terraform has always ignored such declarations, but previously did so silently. This is a warning rather than an error only because it is sometimes convenient to temporarily use a root module as if it were a child module in order to test or debug its behavior separately from its main backend. ( #26954 ( <https:\/\/github.com\/hashicorp\/terraform\/issues\/26954> ) )\n\n* cli: Improved support for Windows console UI on Windows 10, including bold colors and underline for HCL diagnostics. ( #26588 ( <https:\/\/github.com\/hashicorp\/terraform\/issues\/26588> ) )\n\n* cli: The family of error messages with the summary \"Invalid for_each argument\" will now include some additional context about which external values contributed to the result. ( #26747 ( <https:\/\/github.com\/hashicorp\/terraform\/issues\/26747> ) )\n\n* cli: Typing an invalid top-level command, like terraform destory instead of destroy , will now print out a specific error message about the command being invalid, rather than just printing out the usual help directory. ( #26967 ( <https:\/\/github.com\/hashicorp\/terraform\/issues\/26967> ) )\n\n* cli: Plugin crashes will now be reported with more detail, pointing out the plugin name and the method call along with the stack trace ( #26694 ( <https:\/\/github.com\/hashicorp\/terraform\/issues\/26694> ) )\n\n* provisioner\/remote-exec: Can now run in a mode that expects the remote system to be running Windows and excuting commands using the Windows command interpreter, rather than a Unix-style shell. Specify the target_platform as \"windows\" in the connection block. ( #26865 ( <https:\/\/github.com\/hashicorp\/terraform\/issues\/26865> ) )\n\nBUG FIXES:\n\n* cli: Exit with an error if unable to gather input from the UI. For example, this may happen when running in a non-interactive environment but without -input=false. Previously Terraform would interpret these errors as empty strings, which could be confusing. ( #26509 ( <https:\/\/github.com\/hashicorp\/terraform\/issues\/26509> ) )\n\n* cli: TF_LOG levels other than trace will now work correctly ( #26632 ( <https:\/\/github.com\/hashicorp\/terraform\/issues\/26632> ) )\n\n* cli: Core and Provider logs can now be enabled separately for debugging, using TF_LOG_CORE and TF_LOG_PROVIDER ( #26685 ( <https:\/\/github.com\/hashicorp\/terraform\/issues\/26685> ) )\n\n* command\/console: expressions using path ( path.root , path.module ) now return the same result as they would in a configuration ( #27263 ( <https:\/\/github.com\/hashicorp\/terraform\/issues\/27263> ) )\n\n* command\/state list: fix bug where nested modules' resources were missing from state list output ( #27268 ( <https:\/\/github.com\/hashicorp\/terraform\/issues\/27268> ) )\n\n* core: validate will now ignore providers without configuration ( #24896 ( <https:\/\/github.com\/hashicorp\/terraform\/issues\/24896> ) )\n```\n<https:\/\/newreleases.io\/github\/hashicorp\/terraform?version=v0.15.0-alpha20210107|release note...>",
                "title": "hashicorp\/terraform on GitHub",
                "id": 1,
                "title_link": "https:\/\/newreleases.io\/github\/hashicorp\/terraform",
                "mrkdwn_in": [
                    "text"
                ]
            }
        ]
    }
]