[
    {
        "type": "message",
        "subtype": "bot_message",
        "text": "",
        "ts": "1611774777.001000",
        "bot_id": "B01D39EAGTT",
        "attachments": [
            {
                "fallback": "hashicorp\/terraform on GitHub\nv0.15.0-alpha20210127v0.15.0-alpha20210127 pre-release\nrelease note: <https:\/\/newreleases.io\/github\/hashicorp\/terraform?version=v0.15.0-alpha20210127>",
                "text": "*v0.15.0-alpha20210127* `v0.15.0-alpha20210127` _pre-release_\n<https:\/\/newreleases.io\/github\/hashicorp\/terraform?version=v0.15.0-alpha20210127|release note...>",
                "title": "hashicorp\/terraform on GitHub",
                "id": 1,
                "title_link": "https:\/\/newreleases.io\/github\/hashicorp\/terraform",
                "mrkdwn_in": [
                    "text"
                ]
            }
        ]
    },
    {
        "type": "message",
        "subtype": "bot_message",
        "text": "",
        "ts": "1611776621.001100",
        "bot_id": "B01D39EAGTT",
        "attachments": [
            {
                "fallback": "hashicorp\/terraform-provider-google on GitHub\nv3.54.0v3.54.0 updated\nrelease note: <https:\/\/newreleases.io\/github\/hashicorp\/terraform-provider-google?version=v3.54.0>",
                "text": "*v3.54.0* `v3.54.0` _updated_\n```\nKNOWN ISSUES: New google_bigquery_table behaviour introduced in this version had unintended consequences, and may incorrectly flag tables for recreation. We expect to revert this for 3.55.0.\n\nFEATURES:\n\n* *New Data Source:* google_cloud_run_locations ( #8192 ( <https:\/\/github.com\/hashicorp\/terraform-provider-google\/pull\/8192> ) )\n\n* *New Resource:* google_privateca_certificate_authority ( #8233 ( <https:\/\/github.com\/hashicorp\/terraform-provider-google\/pull\/8233> ) )\n\n* *New Resource:* google_privateca_certificate_authority_iam_binding ( #8249 ( <https:\/\/github.com\/hashicorp\/terraform-provider-google\/pull\/8249> ) )\n\n* *New Resource:* google_privateca_certificate_authority_iam_member ( #8249 ( <https:\/\/github.com\/hashicorp\/terraform-provider-google\/pull\/8249> ) )\n\n* *New Resource:* google_privateca_certificate_authority_iam_policy ( #8249 ( <https:\/\/github.com\/hashicorp\/terraform-provider-google\/pull\/8249> ) )\n\nIMPROVEMENTS:\n\n* bigquery: made incompatible changes to the google_bigquery_table.schema field to cause the resource to be recreated ( #8232 ( <https:\/\/github.com\/hashicorp\/terraform-provider-google\/pull\/8232> ) )\n\n* bigtable: fixed an issue where the google_bigtable_instance resource was not inferring the zone from the provider. ( #8222 ( <https:\/\/github.com\/hashicorp\/terraform-provider-google\/pull\/8222> ) )\n\n* cloudscheduler: fixed unnecessary recreate for google_cloud_scheduler_job ( #8248 ( <https:\/\/github.com\/hashicorp\/terraform-provider-google\/pull\/8248> ) )\n\n* compute: added scaling_schedules fields to google_compute_autoscaler and google_compute_region_autoscaler (beta) ( #8245 ( <https:\/\/github.com\/hashicorp\/terraform-provider-google\/pull\/8245> ) )\n\n* compute: fixed an issue where google_compute_region_per_instance_config , google_compute_per_instance_config , google_compute_region_instance_group_manager resources were not inferring the region\/zone from the provider. ( #8224 ( <https:\/\/github.com\/hashicorp\/terraform-provider-google\/pull\/8224> ) )\n\n* memcache: fixed an issue where google_memcached_instance resource was not inferring the region from the provider. ( #8188 ( <https:\/\/github.com\/hashicorp\/terraform-provider-google\/pull\/8188> ) )\n\n* tpu: fixed an issue where google_tpu_node resource was not inferring the zone from the provider. ( #8188 ( <https:\/\/github.com\/hashicorp\/terraform-provider-google\/pull\/8188> ) )\n\n* vpcaccess: fixed an issue where google_vpc_access_connector resource was not inferring the region from the provider. ( #8188 ( <https:\/\/github.com\/hashicorp\/terraform-provider-google\/pull\/8188> ) )\n\nBUG FIXES:\n\n* bigquery: fixed an issue in bigquery_dataset_iam_member where deleted members were not handled correctly ( #8231 ( <https:\/\/github.com\/hashicorp\/terraform-provider-google\/pull\/8231> ) )\n\n* compute: fixed a perma-diff on google_compute_health_check when log_config.enable is set to false ( #8209 ( <https:\/\/github.com\/hashicorp\/terraform-provider-google\/pull\/8209> ) )\n\n* notebooks: fixed permadiff on noRemoveDataDisk for google_notebooks_instance ( #8246 ( <https:\/\/github.com\/hashicorp\/terraform-provider-google\/pull\/8246> ) )\n\n* resourcemanager: fixed an inconsistent result when IAM conditions are specified with google_folder_iam_* ( #8235 ( <https:\/\/github.com\/hashicorp\/terraform-provider-google\/pull\/8235> ) )\n\n* healthcare: added retry logic on healthcare dataset not initialized error ( #8256 ( <https:\/\/github.com\/hashicorp\/terraform-provider-google\/pull\/8256> ) )\n```\n<https:\/\/newreleases.io\/github\/hashicorp\/terraform-provider-google?version=v3.54.0|release note...>",
                "title": "hashicorp\/terraform-provider-google on GitHub",
                "id": 1,
                "title_link": "https:\/\/newreleases.io\/github\/hashicorp\/terraform-provider-google",
                "mrkdwn_in": [
                    "text"
                ]
            }
        ]
    }
]