[
    {
        "type": "message",
        "subtype": "bot_message",
        "text": "",
        "ts": "1611167411.000600",
        "bot_id": "B01D39EAGTT",
        "attachments": [
            {
                "fallback": "hashicorp\/terraform-provider-boundary on GitHub\nv1.0.0",
                "text": "`v1.0.0`",
                "title": "hashicorp\/terraform-provider-boundary on GitHub",
                "id": 1,
                "title_link": "https:\/\/newreleases.io\/github\/hashicorp\/terraform-provider-boundary",
                "mrkdwn_in": [
                    "text"
                ]
            }
        ]
    },
    {
        "type": "message",
        "subtype": "bot_message",
        "text": "",
        "ts": "1611167428.000700",
        "bot_id": "B01D39EAGTT",
        "attachments": [
            {
                "fallback": "hashicorp\/terraform on GitHub\nv0.14.5v0.14.5 \nrelease note: <https:\/\/newreleases.io\/github\/hashicorp\/terraform?version=v0.14.5>",
                "text": "*v0.14.5* `v0.14.5` \n```\n-------------------------\n0.14.5 (January 20, 2021)\n-------------------------\n\nENHANCEMENTS:\n\n* backend\/pg: The Postgres backend now supports the \"scram-sha-256\" authentication method. ( #26886 ( <https:\/\/github.com\/hashicorp\/terraform\/issues\/26886> ) )\n\nBUG FIXES:\n\n* cli: Fix formatting of long integers in outputs and console ( #27479 ( <https:\/\/github.com\/hashicorp\/terraform\/issues\/27479> ) )\n\n* cli: Fix redundant check of remote workspace version for local operations ( #27498 ( <https:\/\/github.com\/hashicorp\/terraform\/pull\/27498> ) )\n\n* cli: Fix missing check of remote workspace version for state migration ( #27556 ( <https:\/\/github.com\/hashicorp\/terraform\/issues\/27556> ) )\n\n* cli: Fix world-writable permissions on dependency lock file ( #27205 ( <https:\/\/github.com\/hashicorp\/terraform\/issues\/27205> ) )\n```\n<https:\/\/newreleases.io\/github\/hashicorp\/terraform?version=v0.14.5|release note...>",
                "title": "hashicorp\/terraform on GitHub",
                "id": 1,
                "title_link": "https:\/\/newreleases.io\/github\/hashicorp\/terraform",
                "mrkdwn_in": [
                    "text"
                ]
            }
        ]
    },
    {
        "type": "message",
        "subtype": "bot_message",
        "text": "",
        "ts": "1611185418.000800",
        "bot_id": "B01D39EAGTT",
        "attachments": [
            {
                "fallback": "hashicorp\/consul on GitHub\nv1.9.2v1.9.2 \nrelease note: <https:\/\/newreleases.io\/github\/hashicorp\/consul?version=v1.9.2>",
                "text": "*v1.9.2* `v1.9.2` \n<https:\/\/newreleases.io\/github\/hashicorp\/consul?version=v1.9.2|release note...>",
                "title": "hashicorp\/consul on GitHub",
                "id": 1,
                "title_link": "https:\/\/newreleases.io\/github\/hashicorp\/consul",
                "mrkdwn_in": [
                    "text"
                ]
            }
        ]
    }
]