[
    {
        "type": "message",
        "subtype": "bot_message",
        "text": "",
        "ts": "1609959224.017100",
        "bot_id": "B01D39EAGTT",
        "attachments": [
            {
                "fallback": "hashicorp\/terraform on GitHub\nv0.12.30v0.12.30 \nrelease note: <https:\/\/newreleases.io\/github\/hashicorp\/terraform?version=v0.12.30>",
                "text": "*v0.12.30* `v0.12.30` \n```\n--------------------------\n0.12.30 (January 06, 2021)\n--------------------------\n\nUPGRADE NOTES:\n\n* The builtin provider's terraform_remote_state data source no longer enforces Terraform version checks on the remote state file. This allows Terraform 0.12.30 to access remote state from future Terraform versions, up until a future incompatible state file version upgrade is required. ( #26692 ( <https:\/\/github.com\/hashicorp\/terraform\/issues\/26692> ) )\n```\n<https:\/\/newreleases.io\/github\/hashicorp\/terraform?version=v0.12.30|release note...>",
                "title": "hashicorp\/terraform on GitHub",
                "id": 1,
                "title_link": "https:\/\/newreleases.io\/github\/hashicorp\/terraform",
                "mrkdwn_in": [
                    "text"
                ]
            }
        ]
    },
    {
        "type": "message",
        "subtype": "bot_message",
        "text": "",
        "ts": "1609960719.017200",
        "bot_id": "B01D39EAGTT",
        "attachments": [
            {
                "fallback": "hashicorp\/terraform on GitHub\nv0.13.6v0.13.6 \nrelease note: <https:\/\/newreleases.io\/github\/hashicorp\/terraform?version=v0.13.6>",
                "text": "*v0.13.6* `v0.13.6` \n```\n-------------------------\n0.13.6 (January 06, 2021)\n-------------------------\n\nUPGRADE NOTES:\n\n* The builtin provider's terraform_remote_state data source no longer enforces Terraform version checks on the remote state file. This allows Terraform 0.13.6 to access remote state from future Terraform versions, up until a future incompatible state file version upgrade is required. ( #26692 ( <https:\/\/github.com\/hashicorp\/terraform\/issues\/26692> ) )\n\nBUG FIXES:\n\n* init: setting -get-plugins to false will now cause a warning, as this flag has been a no-op since 0.13.0 and usage is better served through using provider_installation blocks ( #27092 ( <https:\/\/github.com\/hashicorp\/terraform\/issues\/27092> ) )\n```\n<https:\/\/newreleases.io\/github\/hashicorp\/terraform?version=v0.13.6|release note...>",
                "title": "hashicorp\/terraform on GitHub",
                "id": 1,
                "title_link": "https:\/\/newreleases.io\/github\/hashicorp\/terraform",
                "mrkdwn_in": [
                    "text"
                ]
            }
        ]
    },
    {
        "type": "message",
        "subtype": "bot_message",
        "text": "",
        "ts": "1609961775.017300",
        "bot_id": "B01D39EAGTT",
        "attachments": [
            {
                "fallback": "hashicorp\/terraform on GitHub\nv0.14.4v0.14.4 \nrelease note: <https:\/\/newreleases.io\/github\/hashicorp\/terraform?version=v0.14.4>",
                "text": "*v0.14.4* `v0.14.4` \n```\n-------------------------\n0.14.4 (January 06, 2021)\n-------------------------\n\nUPGRADE NOTES:\n\n* This release disables the remote Terraform version check feature for plan and apply operations. This fixes an issue with using custom Terraform version bundles in Terraform Enterprise. ( #27319 ( <https:\/\/github.com\/hashicorp\/terraform\/issues\/27319> ) )\n\nBUG FIXES:\n\n* backend\/remote: Disable remote Terraform workspace version check when the remote workspace is in local operations mode ([ #27407 ( <https:\/\/github.com\/hashicorp\/terraform\/issues\/27407> ) ])\n\n* core: Fix panic when using sensitive values as arguments to data sources ([ #27335 ( <https:\/\/github.com\/hashicorp\/terraform\/issues\/27335> ) ])\n\n* core: Fix panic when using sensitive values as count arguments on validate ([ #27410 ( <https:\/\/github.com\/hashicorp\/terraform\/issues\/27410> ) ])\n\n* core: Fix panic when passing sensitive values to module input variables which have custom variable validation ([ #27412 ( <https:\/\/github.com\/hashicorp\/terraform\/issues\/27412> ) ])\n\n* dependencies: Upgrade HCL to v2.8.2, fixing several bugs with sensitive values ([ #27420 ( <https:\/\/github.com\/hashicorp\/terraform\/issues\/27420> ) ])\n```\n<https:\/\/newreleases.io\/github\/hashicorp\/terraform?version=v0.14.4|release note...>",
                "title": "hashicorp\/terraform on GitHub",
                "id": 1,
                "title_link": "https:\/\/newreleases.io\/github\/hashicorp\/terraform",
                "mrkdwn_in": [
                    "text"
                ]
            }
        ]
    }
]