[
    {
        "client_msg_id": "79278ff4-5add-499b-a67f-8ee2acf02adb",
        "type": "message",
        "text": "すみません、質問があります :bow::skin-tone-2:\n\n<https:\/\/registry.terraform.io\/providers\/hashicorp\/google\/latest\/docs\/resources\/bigquery_data_transfer_config>\nにある、サンプルを `terraform apply` すると、\n `google_bigquery_data_transfer_config` の箇所で\n以下のエラーが発生します。\n\n```Error: Error creating Config: googleapi: Error 404: Requested entity was not found.```\n`terraform validate`  `terraform plan` は、エラーなく実行でき\n`google_bigquery_data_transfer_config` 部分をコメントアウトすると\nエラーにならない状況です\n\n原因・対応策をわかる方は、ご教授いただけませんでしょうか。\n\n<https:\/\/stackoverflow.com\/questions\/69988728\/bigquery-terraform-schedule-queries-deployment-error>\nにあるようなプロジェクト跨ぎではなく、同プロジェクト内のデータ転送の設定で\nエラーになります。",
        "user": "U04BHF8MVFB",
        "ts": "1668583736.427979",
        "blocks": [
            {
                "type": "rich_text",
                "block_id": "YdM+F",
                "elements": [
                    {
                        "type": "rich_text_section",
                        "elements": [
                            {
                                "type": "text",
                                "text": "すみません、質問があります "
                            },
                            {
                                "type": "emoji",
                                "name": "bow",
                                "unicode": "1f647-1f3fb",
                                "skin_tone": 2
                            },
                            {
                                "type": "text",
                                "text": "\n\n"
                            },
                            {
                                "type": "link",
                                "url": "https:\/\/registry.terraform.io\/providers\/hashicorp\/google\/latest\/docs\/resources\/bigquery_data_transfer_config"
                            },
                            {
                                "type": "text",
                                "text": "\nにある、サンプルを "
                            },
                            {
                                "type": "text",
                                "text": "terraform apply",
                                "style": {
                                    "code": true
                                }
                            },
                            {
                                "type": "text",
                                "text": " すると、\n "
                            },
                            {
                                "type": "text",
                                "text": "google_bigquery_data_transfer_config",
                                "style": {
                                    "code": true
                                }
                            },
                            {
                                "type": "text",
                                "text": " の箇所で\n以下のエラーが発生します。\n\n"
                            }
                        ]
                    },
                    {
                        "type": "rich_text_preformatted",
                        "elements": [
                            {
                                "type": "text",
                                "text": "Error: Error creating Config: googleapi: Error 404: Requested entity was not found."
                            }
                        ],
                        "border": 0
                    },
                    {
                        "type": "rich_text_section",
                        "elements": [
                            {
                                "type": "text",
                                "text": "\n"
                            },
                            {
                                "type": "text",
                                "text": "terraform validate",
                                "style": {
                                    "code": true
                                }
                            },
                            {
                                "type": "text",
                                "text": "  "
                            },
                            {
                                "type": "text",
                                "text": "terraform plan",
                                "style": {
                                    "code": true
                                }
                            },
                            {
                                "type": "text",
                                "text": " は、エラーなく実行でき\n"
                            },
                            {
                                "type": "text",
                                "text": "google_bigquery_data_transfer_config",
                                "style": {
                                    "code": true
                                }
                            },
                            {
                                "type": "text",
                                "text": " 部分をコメントアウトすると\nエラーにならない状況です\n\n原因・対応策をわかる方は、ご教授いただけませんでしょうか。\n\n"
                            },
                            {
                                "type": "link",
                                "url": "https:\/\/stackoverflow.com\/questions\/69988728\/bigquery-terraform-schedule-queries-deployment-error"
                            },
                            {
                                "type": "text",
                                "text": "\nにあるようなプロジェクト跨ぎではなく、同プロジェクト内のデータ転送の設定で\nエラーになります。"
                            }
                        ]
                    }
                ]
            }
        ],
        "team": "TFU0BKCQP",
        "user_team": "TFU0BKCQP",
        "source_team": "TFU0BKCQP",
        "user_profile": {
            "avatar_hash": "14a72e403f0c",
            "image_72": "https:\/\/avatars.slack-edge.com\/2022-11-15\/4378876995250_14a72e403f0cb61667d7_72.jpg",
            "first_name": "aran",
            "real_name": "aran",
            "display_name": "aran",
            "team": "TFU0BKCQP",
            "name": "ikuhide.nara",
            "is_restricted": false,
            "is_ultra_restricted": false
        },
        "attachments": [
            {
                "from_url": "https:\/\/stackoverflow.com\/questions\/69988728\/bigquery-terraform-schedule-queries-deployment-error",
                "thumb_url": "https:\/\/cdn.sstatic.net\/Sites\/stackoverflow\/Img\/apple-touch-icon@2.png?v=73d79a89bded",
                "thumb_width": 316,
                "thumb_height": 316,
                "service_icon": "https:\/\/cdn.sstatic.net\/Sites\/stackoverflow\/Img\/apple-touch-icon.png?v=c78bd457575a",
                "id": 1,
                "original_url": "https:\/\/stackoverflow.com\/questions\/69988728\/bigquery-terraform-schedule-queries-deployment-error",
                "fallback": "Stack Overflow: Bigquery Terraform Schedule queries deployment error",
                "text": "Below is code from my Bigquery terraform <http:\/\/main.tf|main.tf> file\n resource &amp;quot;google_bigquery_data_transfer_config&amp;quot; &amp;quot;config_queries&amp;quot; {\n for_each = fileset(&amp;quot;${path.module}\/",
                "title": "Bigquery Terraform Schedule queries deployment error",
                "title_link": "https:\/\/stackoverflow.com\/questions\/69988728\/bigquery-terraform-schedule-queries-deployment-error",
                "service_name": "Stack Overflow"
            }
        ],
        "thread_ts": "1668583736.427979",
        "reply_count": 5,
        "reply_users_count": 2,
        "latest_reply": "1668588104.909149",
        "reply_users": [
            "UFU0BKD8F",
            "U04BHF8MVFB"
        ],
        "replies": [
            {
                "user": "UFU0BKD8F",
                "ts": "1668584091.450689"
            },
            {
                "user": "UFU0BKD8F",
                "ts": "1668586709.220609"
            },
            {
                "user": "U04BHF8MVFB",
                "ts": "1668587355.551369"
            },
            {
                "user": "UFU0BKD8F",
                "ts": "1668587631.052089"
            },
            {
                "user": "U04BHF8MVFB",
                "ts": "1668588104.909149"
            }
        ],
        "is_locked": false,
        "subscribed": true,
        "last_read": "1668588104.909149"
    },
    {
        "client_msg_id": "dd1fbe21-9542-487a-a19a-d596a97e6250",
        "type": "message",
        "text": "たぶんサンプルコードのコピペじゃなくてどっか改変してて、\nリソースができてないとかじゃないかな。。。\n```resource \"google_bigquery_dataset\" \"my_dataset\"```\nができてないとかそういうの。",
        "user": "UFU0BKD8F",
        "ts": "1668584091.450689",
        "blocks": [
            {
                "type": "rich_text",
                "block_id": "J0h",
                "elements": [
                    {
                        "type": "rich_text_section",
                        "elements": [
                            {
                                "type": "text",
                                "text": "たぶんサンプルコードのコピペじゃなくてどっか改変してて、\nリソースができてないとかじゃないかな。。。\n"
                            }
                        ]
                    },
                    {
                        "type": "rich_text_preformatted",
                        "elements": [
                            {
                                "type": "text",
                                "text": "resource \"google_bigquery_dataset\" \"my_dataset\""
                            }
                        ],
                        "border": 0
                    },
                    {
                        "type": "rich_text_section",
                        "elements": [
                            {
                                "type": "text",
                                "text": "ができてないとかそういうの。"
                            }
                        ]
                    }
                ]
            }
        ],
        "team": "TFU0BKCQP",
        "user_team": "TFU0BKCQP",
        "source_team": "TFU0BKCQP",
        "user_profile": {
            "avatar_hash": "92c41c62c7b0",
            "image_72": "https:\/\/avatars.slack-edge.com\/2019-01-30\/537137791812_92c41c62c7b0f054d3dd_72.jpg",
            "first_name": "らき",
            "real_name": "らき",
            "display_name": "raki",
            "team": "TFU0BKCQP",
            "name": "nishimuray",
            "is_restricted": false,
            "is_ultra_restricted": false
        },
        "thread_ts": "1668583736.427979",
        "parent_user_id": "U04BHF8MVFB"
    }
]