[
    {
        "client_msg_id": "eb537d99-50e6-498f-8d8c-2499a10a46f4",
        "type": "message",
        "text": "うおっ、見れてなかった盛り上がっていた！！！！熟読する",
        "user": "UG46Z57TN",
        "ts": "1632234893.009600",
        "blocks": [
            {
                "type": "rich_text",
                "block_id": "Y\/+",
                "elements": [
                    {
                        "type": "rich_text_section",
                        "elements": [
                            {
                                "type": "text",
                                "text": "うおっ、見れてなかった盛り上がっていた！！！！熟読する"
                            }
                        ]
                    }
                ]
            }
        ],
        "team": "TFU0BKCQP",
        "user_team": "TFU0BKCQP",
        "source_team": "TFU0BKCQP",
        "user_profile": {
            "avatar_hash": "c6bdd4cb17db",
            "image_72": "https:\/\/avatars.slack-edge.com\/2019-07-05\/685991185957_c6bdd4cb17db956661a1_72.jpg",
            "first_name": "Takeshi",
            "real_name": "Takeshi Kondo",
            "display_name": "chaspy",
            "team": "TFU0BKCQP",
            "name": "take.she12",
            "is_restricted": false,
            "is_ultra_restricted": false
        },
        "thread_ts": "1631971278.003600",
        "parent_user_id": "UG46Z57TN"
    },
    {
        "client_msg_id": "8b503cca-1fe7-4fbd-bf36-d71b150b50cc",
        "type": "message",
        "text": "<@U01NB7CKNF2> ありがとうございます！それで実現自体はできるんですが、ちょっと意味的にどうかなぁってので躊躇しましたw\n<https:\/\/terraform-jp.slack.com\/archives\/CFTUV1SSW\/p1631971505003900?thread_ts=1631971278.003600&amp;cid=CFTUV1SSW>",
        "user": "UG46Z57TN",
        "ts": "1632234972.009800",
        "blocks": [
            {
                "type": "rich_text",
                "block_id": "h7qU",
                "elements": [
                    {
                        "type": "rich_text_section",
                        "elements": [
                            {
                                "type": "user",
                                "user_id": "U01NB7CKNF2"
                            },
                            {
                                "type": "text",
                                "text": " ありがとうございます！それで実現自体はできるんですが、ちょっと意味的にどうかなぁってので躊躇しましたw\n"
                            },
                            {
                                "type": "link",
                                "url": "https:\/\/terraform-jp.slack.com\/archives\/CFTUV1SSW\/p1631971505003900?thread_ts=1631971278.003600&cid=CFTUV1SSW"
                            }
                        ]
                    }
                ]
            }
        ],
        "team": "TFU0BKCQP",
        "user_team": "TFU0BKCQP",
        "source_team": "TFU0BKCQP",
        "user_profile": {
            "avatar_hash": "c6bdd4cb17db",
            "image_72": "https:\/\/avatars.slack-edge.com\/2019-07-05\/685991185957_c6bdd4cb17db956661a1_72.jpg",
            "first_name": "Takeshi",
            "real_name": "Takeshi Kondo",
            "display_name": "chaspy",
            "team": "TFU0BKCQP",
            "name": "take.she12",
            "is_restricted": false,
            "is_ultra_restricted": false
        },
        "attachments": [
            {
                "from_url": "https:\/\/terraform-jp.slack.com\/archives\/CFTUV1SSW\/p1631971505003900?thread_ts=1631971278.003600&amp;cid=CFTUV1SSW",
                "fallback": "[September 18th, 2021 6:25 AM] take.she12: name を key, email を value の map にすればできるがキモい。",
                "ts": "1631971505.003900",
                "author_id": "UG46Z57TN",
                "author_subname": "Takeshi Kondo",
                "channel_id": "CFTUV1SSW",
                "channel_name": "質問",
                "is_msg_unfurl": true,
                "is_reply_unfurl": true,
                "text": "name を key, email を value の map にすればできるがキモい。",
                "message_blocks": [
                    {
                        "team": "TFU0BKCQP",
                        "channel": "CFTUV1SSW",
                        "ts": "1631971505.003900",
                        "message": {
                            "blocks": [
                                {
                                    "type": "rich_text",
                                    "block_id": "26l",
                                    "elements": [
                                        {
                                            "type": "rich_text_section",
                                            "elements": [
                                                {
                                                    "type": "text",
                                                    "text": "name を key, email を value の map にすればできるがキモい。"
                                                }
                                            ]
                                        }
                                    ]
                                }
                            ]
                        }
                    }
                ],
                "author_name": "Takeshi Kondo",
                "author_link": "https:\/\/terraform-jp.slack.com\/team\/UG46Z57TN",
                "author_icon": "https:\/\/avatars.slack-edge.com\/2019-07-05\/685991185957_c6bdd4cb17db956661a1_48.jpg",
                "mrkdwn_in": [
                    "text"
                ],
                "id": 1,
                "original_url": "https:\/\/terraform-jp.slack.com\/archives\/CFTUV1SSW\/p1631971505003900?thread_ts=1631971278.003600&amp;cid=CFTUV1SSW",
                "footer": "#質問 のスレッドから"
            }
        ],
        "thread_ts": "1631971278.003600",
        "parent_user_id": "UG46Z57TN"
    },
    {
        "client_msg_id": "c8fa72da-2b8d-4379-8748-819971b5a319",
        "type": "message",
        "text": "便利 qiita 記事を3度読みしている",
        "user": "UG46Z57TN",
        "ts": "1632235096.010100",
        "blocks": [
            {
                "type": "rich_text",
                "block_id": "4s4",
                "elements": [
                    {
                        "type": "rich_text_section",
                        "elements": [
                            {
                                "type": "text",
                                "text": "便利 qiita 記事を3度読みしている"
                            }
                        ]
                    }
                ]
            }
        ],
        "team": "TFU0BKCQP",
        "user_team": "TFU0BKCQP",
        "source_team": "TFU0BKCQP",
        "user_profile": {
            "avatar_hash": "c6bdd4cb17db",
            "image_72": "https:\/\/avatars.slack-edge.com\/2019-07-05\/685991185957_c6bdd4cb17db956661a1_72.jpg",
            "first_name": "Takeshi",
            "real_name": "Takeshi Kondo",
            "display_name": "chaspy",
            "team": "TFU0BKCQP",
            "name": "take.she12",
            "is_restricted": false,
            "is_ultra_restricted": false
        },
        "edited": {
            "user": "UG46Z57TN",
            "ts": "1632235103.000000"
        },
        "thread_ts": "1631971278.003600",
        "parent_user_id": "UG46Z57TN"
    },
    {
        "client_msg_id": "832adc4b-f769-482a-9fc3-ae9c8d8c05ea",
        "type": "message",
        "text": "おおおおこれです！これがやりたかった！！！",
        "user": "UG46Z57TN",
        "ts": "1632235130.010400",
        "blocks": [
            {
                "type": "rich_text",
                "block_id": "oZxO",
                "elements": [
                    {
                        "type": "rich_text_section",
                        "elements": [
                            {
                                "type": "text",
                                "text": "おおおおこれです！これがやりたかった！！！"
                            }
                        ]
                    }
                ]
            }
        ],
        "team": "TFU0BKCQP",
        "user_team": "TFU0BKCQP",
        "source_team": "TFU0BKCQP",
        "user_profile": {
            "avatar_hash": "c6bdd4cb17db",
            "image_72": "https:\/\/avatars.slack-edge.com\/2019-07-05\/685991185957_c6bdd4cb17db956661a1_72.jpg",
            "first_name": "Takeshi",
            "real_name": "Takeshi Kondo",
            "display_name": "chaspy",
            "team": "TFU0BKCQP",
            "name": "take.she12",
            "is_restricted": false,
            "is_ultra_restricted": false
        },
        "thread_ts": "1631971278.003600",
        "parent_user_id": "UG46Z57TN"
    },
    {
        "client_msg_id": "ae437090-5012-46bb-b543-4b1289befcf1",
        "type": "message",
        "text": "&gt; というのが `for_each = { for i in local.images : i.name =&gt; i }` の1行に凝縮されています。\nむっっっっっっっっっっず",
        "user": "UG46Z57TN",
        "ts": "1632235182.010600",
        "blocks": [
            {
                "type": "rich_text",
                "block_id": "a+K",
                "elements": [
                    {
                        "type": "rich_text_quote",
                        "elements": [
                            {
                                "type": "text",
                                "text": "というのが "
                            },
                            {
                                "type": "text",
                                "text": "for_each = { for i in local.images : i.name => i }",
                                "style": {
                                    "code": true
                                }
                            },
                            {
                                "type": "text",
                                "text": " の1行に凝縮されています。"
                            }
                        ]
                    },
                    {
                        "type": "rich_text_section",
                        "elements": [
                            {
                                "type": "text",
                                "text": "\nむっっっっっっっっっっず"
                            }
                        ]
                    }
                ]
            }
        ],
        "team": "TFU0BKCQP",
        "user_team": "TFU0BKCQP",
        "source_team": "TFU0BKCQP",
        "user_profile": {
            "avatar_hash": "c6bdd4cb17db",
            "image_72": "https:\/\/avatars.slack-edge.com\/2019-07-05\/685991185957_c6bdd4cb17db956661a1_72.jpg",
            "first_name": "Takeshi",
            "real_name": "Takeshi Kondo",
            "display_name": "chaspy",
            "team": "TFU0BKCQP",
            "name": "take.she12",
            "is_restricted": false,
            "is_ultra_restricted": false
        },
        "thread_ts": "1631971278.003600",
        "parent_user_id": "UG46Z57TN"
    },
    {
        "client_msg_id": "27d992e4-bd64-40b4-8480-cbdb4a3db830",
        "type": "message",
        "text": "完全に理解しました。\n<@UHS4SFFA7> <@UR4NW10LD> <@UFU0BKD8F> <@U01NB7CKNF2>\nありがとうございました！",
        "user": "UG46Z57TN",
        "ts": "1632235475.010800",
        "blocks": [
            {
                "type": "rich_text",
                "block_id": "Lmue",
                "elements": [
                    {
                        "type": "rich_text_section",
                        "elements": [
                            {
                                "type": "text",
                                "text": "完全に理解しました。\n"
                            },
                            {
                                "type": "user",
                                "user_id": "UHS4SFFA7"
                            },
                            {
                                "type": "text",
                                "text": " "
                            },
                            {
                                "type": "user",
                                "user_id": "UR4NW10LD"
                            },
                            {
                                "type": "text",
                                "text": " "
                            },
                            {
                                "type": "user",
                                "user_id": "UFU0BKD8F"
                            },
                            {
                                "type": "text",
                                "text": " "
                            },
                            {
                                "type": "user",
                                "user_id": "U01NB7CKNF2"
                            },
                            {
                                "type": "text",
                                "text": "\nありがとうございました！"
                            }
                        ]
                    }
                ]
            }
        ],
        "team": "TFU0BKCQP",
        "user_team": "TFU0BKCQP",
        "source_team": "TFU0BKCQP",
        "user_profile": {
            "avatar_hash": "c6bdd4cb17db",
            "image_72": "https:\/\/avatars.slack-edge.com\/2019-07-05\/685991185957_c6bdd4cb17db956661a1_72.jpg",
            "first_name": "Takeshi",
            "real_name": "Takeshi Kondo",
            "display_name": "chaspy",
            "team": "TFU0BKCQP",
            "name": "take.she12",
            "is_restricted": false,
            "is_ultra_restricted": false
        },
        "thread_ts": "1631971278.003600",
        "parent_user_id": "UG46Z57TN",
        "reactions": [
            {
                "name": "woman-gesturing-ok",
                "users": [
                    "UHS4SFFA7",
                    "UR4NW10LD",
                    "U02DCS0HVTP"
                ],
                "count": 3
            }
        ]
    }
]