[
    {
        "client_msg_id": "e4d0b843-1b1e-44e5-8e2c-fca09f6b929b",
        "type": "message",
        "text": "こちらtfstateファイルが存在しなかった為のエラーでした。。。\n無事解決しました！\nありがとうございます！",
        "user": "U01P1TRLC3A",
        "ts": "1632883092.019600",
        "blocks": [
            {
                "type": "rich_text",
                "block_id": "2hfk",
                "elements": [
                    {
                        "type": "rich_text_section",
                        "elements": [
                            {
                                "type": "text",
                                "text": "こちらtfstateファイルが存在しなかった為のエラーでした。。。\n無事解決しました！\nありがとうございます！"
                            }
                        ]
                    }
                ]
            }
        ],
        "team": "TFU0BKCQP",
        "user_team": "TFU0BKCQP",
        "source_team": "TFU0BKCQP",
        "user_profile": {
            "avatar_hash": "fc9e63bd3680",
            "image_72": "https:\/\/avatars.slack-edge.com\/2021-02-17\/1772738310321_fc9e63bd36802b5428d7_72.jpg",
            "first_name": "maru",
            "real_name": "maru",
            "display_name": "maru",
            "team": "TFU0BKCQP",
            "name": "irohaa7",
            "is_restricted": false,
            "is_ultra_restricted": false
        },
        "thread_ts": "1632736259.018700",
        "parent_user_id": "U01P1TRLC3A"
    }
]