[
    {
        "type": "message",
        "subtype": "bot_message",
        "text": "",
        "ts": "1629140533.001300",
        "bot_id": "BG2UDF0NA",
        "attachments": [
            {
                "fallback": "ansible\/ansible on GitHub\nv2.11.4 \n\nv2.10.13 \n\nv2.9.25",
                "text": "`v2.11.4` \n\n`v2.10.13` \n\n`v2.9.25`",
                "title": "ansible\/ansible on GitHub",
                "id": 1,
                "title_link": "https:\/\/newreleases.io\/github\/ansible\/ansible",
                "mrkdwn_in": [
                    "text"
                ]
            }
        ]
    }
]