[
    {
        "type": "message",
        "subtype": "bot_message",
        "text": "",
        "ts": "1628757014.001100",
        "bot_id": "BG2UDF0NA",
        "attachments": [
            {
                "fallback": "hashicorp\/terraform-provider-azurerm on GitHub\nv2.72.0",
                "text": "`v2.72.0`",
                "title": "hashicorp\/terraform-provider-azurerm on GitHub",
                "id": 1,
                "title_link": "https:\/\/newreleases.io\/github\/hashicorp\/terraform-provider-azurerm",
                "mrkdwn_in": [
                    "text"
                ]
            }
        ]
    },
    {
        "type": "message",
        "subtype": "bot_message",
        "text": "",
        "ts": "1628757276.001200",
        "bot_id": "BG2UDF0NA",
        "attachments": [
            {
                "fallback": "hashicorp\/terraform-provider-azurerm on GitHub\nv2.72.0v2.72.0 updated\nrelease note: <https:\/\/newreleases.io\/github\/hashicorp\/terraform-provider-azurerm?version=v2.72.0>",
                "text": "*v2.72.0* `v2.72.0` _updated_\n<https:\/\/newreleases.io\/github\/hashicorp\/terraform-provider-azurerm?version=v2.72.0|release note...>",
                "title": "hashicorp\/terraform-provider-azurerm on GitHub",
                "id": 1,
                "title_link": "https:\/\/newreleases.io\/github\/hashicorp\/terraform-provider-azurerm",
                "mrkdwn_in": [
                    "text"
                ]
            }
        ]
    }
]