[
    {
        "client_msg_id": "9ed599e5-7e56-45b3-90fa-f3cd774e2b56",
        "type": "message",
        "text": "CfP出しました！",
        "user": "UTK1B5BB2",
        "ts": "1591318475.035300",
        "team": "TFU0BKCQP",
        "user_team": "TFU0BKCQP",
        "source_team": "TFU0BKCQP",
        "user_profile": {
            "avatar_hash": "f9e26d92b470",
            "image_72": "https:\/\/avatars.slack-edge.com\/2020-02-05\/926890716897_f9e26d92b470908ab893_72.png",
            "first_name": "",
            "real_name": "kbigwheel",
            "display_name": "kbigwheel",
            "team": "TFU0BKCQP",
            "name": "k.bigwheel",
            "is_restricted": false,
            "is_ultra_restricted": false
        },
        "blocks": [
            {
                "type": "rich_text",
                "block_id": "\/SF",
                "elements": [
                    {
                        "type": "rich_text_section",
                        "elements": [
                            {
                                "type": "text",
                                "text": "CfP出しました！"
                            }
                        ]
                    }
                ]
            }
        ],
        "thread_ts": "1591318475.035300",
        "reply_count": 1,
        "reply_users_count": 1,
        "latest_reply": "1591320231.035500",
        "reply_users": [
            "UMYT1J2RX"
        ],
        "replies": [
            {
                "user": "UMYT1J2RX",
                "ts": "1591320231.035500"
            }
        ],
        "subscribed": false,
        "reactions": [
            {
                "name": "terraform-party",
                "users": [
                    "UMYT1J2RX",
                    "UGZPDFYFQ",
                    "UGY5WMTHR"
                ],
                "count": 3
            },
            {
                "name": "tada",
                "users": [
                    "UFU0BKD8F",
                    "UGZPDFYFQ"
                ],
                "count": 2
            }
        ]
    },
    {
        "client_msg_id": "7b524932-e995-483a-aaaa-edb37ec9ed6f",
        "type": "message",
        "text": "ありがとうございます〜！！！",
        "user": "UMYT1J2RX",
        "ts": "1591320231.035500",
        "team": "TFU0BKCQP",
        "user_team": "TFU0BKCQP",
        "source_team": "TFU0BKCQP",
        "user_profile": {
            "avatar_hash": "g9e1ca1887f6",
            "image_72": "https:\/\/secure.gravatar.com\/avatar\/59e1ca1887f6751ed6cc67e1eed56a91.jpg?s=72&d=https%3A%2F%2Fa.slack-edge.com%2Fdf10d%2Fimg%2Favatars%2Fava_0010-72.png",
            "first_name": "",
            "real_name": "Rumi Oku",
            "display_name": "",
            "team": "TFU0BKCQP",
            "name": "rumioku",
            "is_restricted": false,
            "is_ultra_restricted": false
        },
        "blocks": [
            {
                "type": "rich_text",
                "block_id": "zCaGe",
                "elements": [
                    {
                        "type": "rich_text_section",
                        "elements": [
                            {
                                "type": "text",
                                "text": "ありがとうございます〜！！！"
                            }
                        ]
                    }
                ]
            }
        ],
        "thread_ts": "1591318475.035300",
        "parent_user_id": "UTK1B5BB2"
    },
    {
        "client_msg_id": "44b1a2b3-bff8-4b78-a6f6-c5c625956ab9",
        "type": "message",
        "text": "まだ採用されるかはわかりませんが内容こんな感じ\n\n*タイトル*\nTerraformへKubernetesの哲学を輸入してみた\n*サマリ*\nKubernetesがコンテナ時代のデファクトスタンダードと認知されてからしばらく経ちますが、Kubernetesの考え方とTerraformの考え方はInfrastructure as Code (Definition)としてかなり似通っているところがあります。そこでKubernetesの仕組みであるReconcile LoopやGitOpsといった哲学・プラクティスをTerraformでも取り入れられないかやってみました。",
        "user": "UTK1B5BB2",
        "ts": "1591320520.036500",
        "team": "TFU0BKCQP",
        "user_team": "TFU0BKCQP",
        "source_team": "TFU0BKCQP",
        "user_profile": {
            "avatar_hash": "f9e26d92b470",
            "image_72": "https:\/\/avatars.slack-edge.com\/2020-02-05\/926890716897_f9e26d92b470908ab893_72.png",
            "first_name": "",
            "real_name": "kbigwheel",
            "display_name": "kbigwheel",
            "team": "TFU0BKCQP",
            "name": "k.bigwheel",
            "is_restricted": false,
            "is_ultra_restricted": false
        },
        "blocks": [
            {
                "type": "rich_text",
                "block_id": "7yQ",
                "elements": [
                    {
                        "type": "rich_text_section",
                        "elements": [
                            {
                                "type": "text",
                                "text": "まだ採用されるかはわかりませんが内容こんな感じ\n\n"
                            },
                            {
                                "type": "text",
                                "text": "タイトル",
                                "style": {
                                    "bold": true
                                }
                            },
                            {
                                "type": "text",
                                "text": "\nTerraformへKubernetesの哲学を輸入してみた\n"
                            },
                            {
                                "type": "text",
                                "text": "サマリ",
                                "style": {
                                    "bold": true
                                }
                            },
                            {
                                "type": "text",
                                "text": "\nKubernetesがコンテナ時代のデファクトスタンダードと認知されてからしばらく経ちますが、Kubernetesの考え方とTerraformの考え方はInfrastructure as Code (Definition)としてかなり似通っているところがあります。そこでKubernetesの仕組みであるReconcile LoopやGitOpsといった哲学・プラクティスをTerraformでも取り入れられないかやってみました。"
                            }
                        ]
                    }
                ]
            }
        ],
        "thread_ts": "1591320520.036500",
        "reply_count": 1,
        "reply_users_count": 1,
        "latest_reply": "1591328585.037000",
        "reply_users": [
            "UMYT1J2RX"
        ],
        "replies": [
            {
                "user": "UMYT1J2RX",
                "ts": "1591328585.037000"
            }
        ],
        "subscribed": false,
        "reactions": [
            {
                "name": "+1",
                "users": [
                    "UFU0BKD8F",
                    "UMYT1J2RX",
                    "UGW0ABZLG"
                ],
                "count": 3
            }
        ]
    },
    {
        "client_msg_id": "c041a866-cf67-4bd8-b107-e448d5499b48",
        "type": "message",
        "text": "採用！推しときます！",
        "user": "UMYT1J2RX",
        "ts": "1591328585.037000",
        "team": "TFU0BKCQP",
        "user_team": "TFU0BKCQP",
        "source_team": "TFU0BKCQP",
        "user_profile": {
            "avatar_hash": "g9e1ca1887f6",
            "image_72": "https:\/\/secure.gravatar.com\/avatar\/59e1ca1887f6751ed6cc67e1eed56a91.jpg?s=72&d=https%3A%2F%2Fa.slack-edge.com%2Fdf10d%2Fimg%2Favatars%2Fava_0010-72.png",
            "first_name": "",
            "real_name": "Rumi Oku",
            "display_name": "",
            "team": "TFU0BKCQP",
            "name": "rumioku",
            "is_restricted": false,
            "is_ultra_restricted": false
        },
        "blocks": [
            {
                "type": "rich_text",
                "block_id": "ui09",
                "elements": [
                    {
                        "type": "rich_text_section",
                        "elements": [
                            {
                                "type": "text",
                                "text": "採用！推しときます！"
                            }
                        ]
                    }
                ]
            }
        ],
        "thread_ts": "1591320520.036500",
        "parent_user_id": "UTK1B5BB2",
        "reactions": [
            {
                "name": "laughing",
                "users": [
                    "UTK1B5BB2"
                ],
                "count": 1
            }
        ]
    },
    {
        "client_msg_id": "f7ecc406-47c0-49a5-81d6-4f72c03e1037",
        "type": "message",
        "text": "決まっていたら教えていただきたいのですが、CfP提出後の通知はいつ頃までに来ますでしょうか？",
        "user": "U012X6FSHC7",
        "ts": "1591334968.037500",
        "team": "TFU0BKCQP",
        "user_team": "TFU0BKCQP",
        "source_team": "TFU0BKCQP",
        "user_profile": {
            "avatar_hash": "4ac725839cd3",
            "image_72": "https:\/\/avatars.slack-edge.com\/2020-05-09\/1107231314694_4ac725839cd365fcfdd1_72.jpg",
            "first_name": "Taisei",
            "real_name": "Taisei Ito",
            "display_name": "kaedemalu",
            "team": "TFU0BKCQP",
            "name": "kaedemalu",
            "is_restricted": false,
            "is_ultra_restricted": false
        },
        "blocks": [
            {
                "type": "rich_text",
                "block_id": "dtM7O",
                "elements": [
                    {
                        "type": "rich_text_section",
                        "elements": [
                            {
                                "type": "text",
                                "text": "決まっていたら教えていただきたいのですが、CfP提出後の通知はいつ頃までに来ますでしょうか？"
                            }
                        ]
                    }
                ]
            }
        ],
        "thread_ts": "1591144775.032800",
        "parent_user_id": "UMYT1J2RX"
    }
]