[
    {
        "client_msg_id": "f95fa958-3266-4591-89b0-f5b752935d1e",
        "type": "message",
        "text": "Terraform Cloudについて質問です。\nWorkspaceを削除するとtfstateの変更履歴やapplyの実行履歴も全て削除されてしまう認識であっているでしょうか？\n後からインフラの変更履歴を調べられるようにするためには、Workspaceをずっと残し続けるしかない…？\nGitHubのアーカイブ機能みたいなものがメニューに見当たらないので、質問してみました。",
        "user": "U01NB7CKNF2",
        "ts": "1624961477.043300",
        "team": "TFU0BKCQP",
        "user_team": "TFU0BKCQP",
        "source_team": "TFU0BKCQP",
        "user_profile": {
            "avatar_hash": "gecad9d801d7",
            "image_72": "https:\/\/secure.gravatar.com\/avatar\/ecad9d801d79f6c6e5df93094690685e.jpg?s=72&d=https%3A%2F%2Fa.slack-edge.com%2Fdf10d%2Fimg%2Favatars%2Fava_0019-72.png",
            "first_name": "",
            "real_name": "Takumi Shotoku",
            "display_name": "Takumi Shotoku",
            "team": "TFU0BKCQP",
            "name": "sinsoku.listy",
            "is_restricted": false,
            "is_ultra_restricted": false
        },
        "blocks": [
            {
                "type": "rich_text",
                "block_id": "wdD4I",
                "elements": [
                    {
                        "type": "rich_text_section",
                        "elements": [
                            {
                                "type": "text",
                                "text": "Terraform Cloudについて質問です。\nWorkspaceを削除するとtfstateの変更履歴やapplyの実行履歴も全て削除されてしまう認識であっているでしょうか？\n後からインフラの変更履歴を調べられるようにするためには、Workspaceをずっと残し続けるしかない…？\nGitHubのアーカイブ機能みたいなものがメニューに見当たらないので、質問してみました。"
                            }
                        ]
                    }
                ]
            }
        ],
        "thread_ts": "1624961477.043300",
        "reply_count": 2,
        "reply_users_count": 2,
        "latest_reply": "1624967358.043600",
        "reply_users": [
            "U01AEH6SRL2",
            "U01NB7CKNF2"
        ],
        "replies": [
            {
                "user": "U01AEH6SRL2",
                "ts": "1624964410.043400"
            },
            {
                "user": "U01NB7CKNF2",
                "ts": "1624967358.043600"
            }
        ],
        "is_locked": false,
        "subscribed": false,
        "reactions": [
            {
                "name": "eyes",
                "users": [
                    "UGXHYR44Q",
                    "UGFSM002K"
                ],
                "count": 2
            }
        ]
    },
    {
        "client_msg_id": "b18270a9-da41-4685-a4e5-ca8afa5af4ad",
        "type": "message",
        "text": "他に方法があるのかもしれませんが・・・と前置きした上で、\n私の認識ではアーカイブなどの方法はなく、Workspace削除時に履歴も削除される認識です。\n履歴が必要な場合はWorkspaceを残しておく他、APIなどを駆使して落としておくとかですかね。。。",
        "user": "U01AEH6SRL2",
        "ts": "1624964410.043400",
        "team": "TFU0BKCQP",
        "user_team": "TFU0BKCQP",
        "source_team": "TFU0BKCQP",
        "user_profile": {
            "avatar_hash": "d3afb6c9e48a",
            "image_72": "https:\/\/avatars.slack-edge.com\/2020-09-19\/1398101624832_d3afb6c9e48a610f6650_72.png",
            "first_name": "くろせえつお",
            "real_name": "くろせえつお",
            "display_name": "kuroseets",
            "team": "TFU0BKCQP",
            "name": "etsuo.kurose",
            "is_restricted": false,
            "is_ultra_restricted": false
        },
        "blocks": [
            {
                "type": "rich_text",
                "block_id": "GQwW",
                "elements": [
                    {
                        "type": "rich_text_section",
                        "elements": [
                            {
                                "type": "text",
                                "text": "他に方法があるのかもしれませんが・・・と前置きした上で、\n私の認識ではアーカイブなどの方法はなく、Workspace削除時に履歴も削除される認識です。\n履歴が必要な場合はWorkspaceを残しておく他、APIなどを駆使して落としておくとかですかね。。。"
                            }
                        ]
                    }
                ]
            }
        ],
        "thread_ts": "1624961477.043300",
        "parent_user_id": "U01NB7CKNF2"
    },
    {
        "client_msg_id": "0f2535ea-d0e6-4ede-ae11-ae6a38816528",
        "type": "message",
        "text": "やっぱり…APIでjsonを落とすくらいしかなさそうですね…",
        "user": "U01NB7CKNF2",
        "ts": "1624967358.043600",
        "team": "TFU0BKCQP",
        "user_team": "TFU0BKCQP",
        "source_team": "TFU0BKCQP",
        "user_profile": {
            "avatar_hash": "gecad9d801d7",
            "image_72": "https:\/\/secure.gravatar.com\/avatar\/ecad9d801d79f6c6e5df93094690685e.jpg?s=72&d=https%3A%2F%2Fa.slack-edge.com%2Fdf10d%2Fimg%2Favatars%2Fava_0019-72.png",
            "first_name": "",
            "real_name": "Takumi Shotoku",
            "display_name": "Takumi Shotoku",
            "team": "TFU0BKCQP",
            "name": "sinsoku.listy",
            "is_restricted": false,
            "is_ultra_restricted": false
        },
        "blocks": [
            {
                "type": "rich_text",
                "block_id": "bjR",
                "elements": [
                    {
                        "type": "rich_text_section",
                        "elements": [
                            {
                                "type": "text",
                                "text": "やっぱり…APIでjsonを落とすくらいしかなさそうですね…"
                            }
                        ]
                    }
                ]
            }
        ],
        "thread_ts": "1624961477.043300",
        "parent_user_id": "U01NB7CKNF2"
    }
]