[
    {
        "type": "message",
        "subtype": "bot_message",
        "text": "",
        "ts": "1655825945.119279",
        "bot_id": "B01D39EAGTT",
        "attachments": [
            {
                "id": 1,
                "fallback": "hashicorp\/terraform-provider-google on GitHub\nv4.26.0",
                "text": "`v4.26.0`",
                "title": "hashicorp\/terraform-provider-google on GitHub",
                "title_link": "https:\/\/newreleases.io\/github\/hashicorp\/terraform-provider-google",
                "mrkdwn_in": [
                    "text"
                ]
            }
        ]
    },
    {
        "type": "message",
        "subtype": "bot_message",
        "text": "",
        "ts": "1655827450.996279",
        "bot_id": "B01D39EAGTT",
        "attachments": [
            {
                "id": 1,
                "fallback": "hashicorp\/terraform-provider-google on GitHub\nv4.26.0 updated\nrelease note: <https:\/\/newreleases.io\/github\/hashicorp\/terraform-provider-google?version=v4.26.0>",
                "text": "`v4.26.0` _updated_\n<https:\/\/newreleases.io\/github\/hashicorp\/terraform-provider-google?version=v4.26.0|release note...>",
                "title": "hashicorp\/terraform-provider-google on GitHub",
                "title_link": "https:\/\/newreleases.io\/github\/hashicorp\/terraform-provider-google",
                "mrkdwn_in": [
                    "text"
                ]
            }
        ]
    },
    {
        "type": "message",
        "subtype": "bot_message",
        "text": "",
        "ts": "1655846225.386329",
        "bot_id": "B01D39EAGTT",
        "attachments": [
            {
                "id": 1,
                "fallback": "hashicorp\/packer on GitHub\nv1.8.2 \nrelease note: <https:\/\/newreleases.io\/github\/hashicorp\/packer?version=v1.8.2>",
                "text": "`v1.8.2` \n```\n---------------------\n1.8.2 (June 21, 2022)\n---------------------\n\nNOTES:\n------\n\n* The Packer plugin SDK includes the latest version of the go-getter library,\nwhich has been updated to a address the vulnerabilities listed in\n[HCSEC-2022-13]( <https:\/\/discuss.hashicorp.com\/t\/hcsec-2022-13-multiple-> ( <https:\/\/discuss.hashicorp.com\/t\/hcsec-2022-13-multiple-> )\nvulnerabilities-in-go-getter-library\/39930). The updated SDK contains can\nbe breaking for some plugins as the updated go-getter settings in the SDK\nprevent reading\/writing through symlinks and to sub-directories that\nrequire upward path traversal (e.g \/tmp\/...\/etc\/hosts). The updates also\nincludes a 30 minute maximum timeout for file downloading, which can be an\nissue for very large or slow downloads if they exceed more then 30 minutes\nto complete.\n\nSECURITY:\n---------\n\n* Bump packer-plugin-sdk to v0.3.0 to address reported vulnerabilities within\nthe go-getter library.\nGH-11843 ( <https:\/\/github.com\/hashicorp\/packer\/pull\/11843> )\n* Bump plugins relying on go-getter for downloading remote files to address\nreported vulnerabilities within the go-getter library. See\n[HCSEC-2022-13]( <https:\/\/discuss.hashicorp.com\/t\/hcsec-2022-13-multiple-> ( <https:\/\/discuss.hashicorp.com\/t\/hcsec-2022-13-multiple-> )\nvulnerabilities-in-go-getter-library\/39930) for details.\nGH-11844 ( <https:\/\/github.com\/hashicorp\/packer\/pull\/11844> )\n\nFEATURES:\n---------\n\n* Future Scaffolding: This release contains changes that allow Packer core to\nvalidate that a newly built image is a direct child of a HCP Packer\nregistry source image. This feature is only available for HCP Packer\nenabled builds using the hcp_packer_image data source for setting a\nbuilder's source image.\nGH-11832 ( <https:\/\/github.com\/hashicorp\/packer\/pull\/11832> )\n\nIMPROVEMENTS:\n-------------\n\n* Add pause_after configuration argument to Powershell provisioner.\nGH-11792 ( <https:\/\/github.com\/hashicorp\/packer\/pull\/11792> )\n* HCP Packer data sources will now fail for revoked iterations to prevent building non-compliant images.\nGH-11854 ( <https:\/\/github.com\/hashicorp\/packer\/pull\/11854> )\n\nBUG FIXES:\n----------\n\n* Add missing support for the env configuration argument in remote shell\nprovisioners. GH-11819 ( <https:\/\/github.com\/hashicorp\/packer\/pull\/11819> )\n* The preinst and postrm user scripts, including the service configuration\ndirectives, have been removed from the Packer rpm installations packages,\nas Packer does not require a service user in order to run.\nGH-11831 ( <https:\/\/github.com\/hashicorp\/packer\/pull\/11831> )\n```\n<https:\/\/newreleases.io\/github\/hashicorp\/packer?version=v1.8.2|release note...>",
                "title": "hashicorp\/packer on GitHub",
                "title_link": "https:\/\/newreleases.io\/github\/hashicorp\/packer",
                "mrkdwn_in": [
                    "text"
                ]
            }
        ]
    },
    {
        "type": "message",
        "subtype": "bot_message",
        "text": "",
        "ts": "1655852537.405749",
        "bot_id": "B01D39EAGTT",
        "attachments": [
            {
                "id": 1,
                "fallback": "hashicorp\/consul on GitHub\nv1.13.0-alpha2 pre-release\nrelease note: <https:\/\/newreleases.io\/github\/hashicorp\/consul?version=v1.13.0-alpha2>",
                "text": "`v1.13.0-alpha2` _pre-release_\n```\n-----------------------------\n1.13.0-alpha2 (June 21, 2022)\n-----------------------------\n\nIMPROVEMENTS:\n\n* api: merge-central-config query parameter support added to \/catalog\/node-services\/:node-name API, to view a fully resolved service definition (especially when not written into the catalog that way). [ GH-13450 ( <https:\/\/github.com\/hashicorp\/consul\/issues\/13450> ) ]\n* connect: Update Envoy support matrix to latest patch releases (1.22.2, 1.21.3, 1.20.4, 1.19.5) [ GH-13431 ( <https:\/\/github.com\/hashicorp\/consul\/issues\/13431> ) ]\n\nBUG FIXES:\n\n* ui: Fix incorrect text on certain page empty states [ GH-13409 ( <https:\/\/github.com\/hashicorp\/consul\/issues\/13409> ) ]\n```\n<https:\/\/newreleases.io\/github\/hashicorp\/consul?version=v1.13.0-alpha2|release note...>",
                "title": "hashicorp\/consul on GitHub",
                "title_link": "https:\/\/newreleases.io\/github\/hashicorp\/consul",
                "mrkdwn_in": [
                    "text"
                ]
            }
        ]
    },
    {
        "type": "message",
        "subtype": "bot_message",
        "text": "",
        "ts": "1655858228.842279",
        "bot_id": "B01D39EAGTT",
        "attachments": [
            {
                "id": 1,
                "fallback": "hashicorp\/packer on GitHub\nnightly updated",
                "text": "`nightly` _updated_",
                "title": "hashicorp\/packer on GitHub",
                "title_link": "https:\/\/newreleases.io\/github\/hashicorp\/packer",
                "mrkdwn_in": [
                    "text"
                ]
            }
        ]
    }
]