[
    {
        "type": "message",
        "subtype": "bot_message",
        "text": "",
        "ts": "1654706669.738039",
        "bot_id": "B01D39EAGTT",
        "attachments": [
            {
                "id": 1,
                "fallback": "hashicorp\/vault on GitHub\napi\/v1.7.0",
                "text": "`api\/v1.7.0`",
                "title": "hashicorp\/vault on GitHub",
                "title_link": "https:\/\/newreleases.io\/github\/hashicorp\/vault",
                "mrkdwn_in": [
                    "text"
                ]
            }
        ]
    },
    {
        "type": "message",
        "subtype": "bot_message",
        "text": "",
        "ts": "1654709904.015819",
        "bot_id": "B01D39EAGTT",
        "attachments": [
            {
                "id": 1,
                "fallback": "hashicorp\/terraform on GitHub\nv1.3.0-alpha20220608 pre-release\nrelease note: <https:\/\/newreleases.io\/github\/hashicorp\/terraform?version=v1.3.0-alpha20220608>",
                "text": "`v1.3.0-alpha20220608` _pre-release_\n```\n------------------\n1.3.0 (Unreleased)\n------------------\n\nUPGRADE NOTES:\n\n* Module variable type constraints now support an optional() modifier for object attribute types. Optional attributes may be omitted from the variable value, and will be replaced by a default value (or null if no default is specified). For example:\n\nvariable \" with_optional_attribute \" {\n type = object ({\n   a = string                # a required attribute\n   b = optional ( string )      # an optional attribute\n   c = optional ( number , 127 ) # an optional attribute with default value\n })\n}\n\nAssigning { a = \"foo\" } to this variable will result in the value { a = \"foo\", b = null, c = 127 }.\n\nThis functionality was introduced as an experiment in Terraform 0.14. This release removes the experimental defaults function. ( #31154 ( <https:\/\/github.com\/hashicorp\/terraform\/issues\/31154> ) )\n\nBUG FIXES:\n\n* Made terraform output CLI help documentation consistent with web-based documentation ( #29354 ( <https:\/\/github.com\/hashicorp\/terraform\/issues\/29354> ) )\n```\n<https:\/\/newreleases.io\/github\/hashicorp\/terraform?version=v1.3.0-alpha20220608|release note...>",
                "title": "hashicorp\/terraform on GitHub",
                "title_link": "https:\/\/newreleases.io\/github\/hashicorp\/terraform",
                "mrkdwn_in": [
                    "text"
                ]
            }
        ]
    },
    {
        "type": "message",
        "subtype": "bot_message",
        "text": "",
        "ts": "1654712416.793869",
        "bot_id": "B01D39EAGTT",
        "attachments": [
            {
                "id": 1,
                "fallback": "hashicorp\/vault on GitHub\napi\/v1.7.1",
                "text": "`api\/v1.7.1`",
                "title": "hashicorp\/vault on GitHub",
                "title_link": "https:\/\/newreleases.io\/github\/hashicorp\/vault",
                "mrkdwn_in": [
                    "text"
                ]
            }
        ]
    }
]