[
    {
        "type": "message",
        "subtype": "bot_message",
        "text": "",
        "ts": "1654899706.935829",
        "bot_id": "B01D39EAGTT",
        "attachments": [
            {
                "id": 1,
                "fallback": "hashicorp\/vault on GitHub\nv1.10.4v1.10.4",
                "text": "*v1.10.4* `v1.10.4`",
                "title": "hashicorp\/vault on GitHub",
                "title_link": "https:\/\/newreleases.io\/github\/hashicorp\/vault",
                "mrkdwn_in": [
                    "text"
                ]
            }
        ]
    },
    {
        "type": "message",
        "subtype": "bot_message",
        "text": "",
        "ts": "1654903388.420829",
        "bot_id": "B01D39EAGTT",
        "attachments": [
            {
                "id": 1,
                "fallback": "hashicorp\/vault on GitHub\nv1.11.0-rc1v1.11.0-rc1 pre-release",
                "text": "*v1.11.0-rc1* `v1.11.0-rc1` _pre-release_",
                "title": "hashicorp\/vault on GitHub",
                "title_link": "https:\/\/newreleases.io\/github\/hashicorp\/vault",
                "mrkdwn_in": [
                    "text"
                ]
            }
        ]
    },
    {
        "type": "message",
        "subtype": "bot_message",
        "text": "",
        "ts": "1654907824.358929",
        "bot_id": "B01D39EAGTT",
        "attachments": [
            {
                "id": 1,
                "fallback": "hashicorp\/packer on GitHub\nnightly updated",
                "text": "`nightly` _updated_",
                "title": "hashicorp\/packer on GitHub",
                "title_link": "https:\/\/newreleases.io\/github\/hashicorp\/packer",
                "mrkdwn_in": [
                    "text"
                ]
            }
        ]
    }
]