[
    {
        "type": "message",
        "subtype": "bot_message",
        "text": "",
        "ts": "1654785670.392569",
        "bot_id": "B01D39EAGTT",
        "attachments": [
            {
                "id": 1,
                "fallback": "hashicorp\/vault on GitHub\nv1.8.12v1.8.12",
                "text": "*v1.8.12* `v1.8.12`",
                "title": "hashicorp\/vault on GitHub",
                "title_link": "https:\/\/newreleases.io\/github\/hashicorp\/vault",
                "mrkdwn_in": [
                    "text"
                ]
            }
        ]
    },
    {
        "type": "message",
        "subtype": "bot_message",
        "text": "",
        "ts": "1654800123.442719",
        "bot_id": "B01D39EAGTT",
        "attachments": [
            {
                "id": 1,
                "fallback": "hashicorp\/vault on GitHub\nv1.9.7v1.9.7",
                "text": "*v1.9.7* `v1.9.7`",
                "title": "hashicorp\/vault on GitHub",
                "title_link": "https:\/\/newreleases.io\/github\/hashicorp\/vault",
                "mrkdwn_in": [
                    "text"
                ]
            }
        ]
    },
    {
        "type": "message",
        "subtype": "bot_message",
        "text": "",
        "ts": "1654803307.520999",
        "bot_id": "B01D39EAGTT",
        "attachments": [
            {
                "id": 1,
                "fallback": "hashicorp\/vault on GitHub\nsdk\/v0.5.1",
                "text": "`sdk\/v0.5.1`",
                "title": "hashicorp\/vault on GitHub",
                "title_link": "https:\/\/newreleases.io\/github\/hashicorp\/vault",
                "mrkdwn_in": [
                    "text"
                ]
            }
        ]
    },
    {
        "type": "message",
        "subtype": "bot_message",
        "text": "",
        "ts": "1654805935.402039",
        "bot_id": "B01D39EAGTT",
        "attachments": [
            {
                "id": 1,
                "fallback": "hashicorp\/vault on GitHub\napi\/v1.7.2",
                "text": "`api\/v1.7.2`",
                "title": "hashicorp\/vault on GitHub",
                "title_link": "https:\/\/newreleases.io\/github\/hashicorp\/vault",
                "mrkdwn_in": [
                    "text"
                ]
            }
        ]
    },
    {
        "type": "message",
        "subtype": "bot_message",
        "text": "",
        "ts": "1654813568.645779",
        "bot_id": "B01D39EAGTT",
        "attachments": [
            {
                "id": 1,
                "fallback": "hashicorp\/terraform-provider-aws on GitHub\nv4.18.0",
                "text": "`v4.18.0`",
                "title": "hashicorp\/terraform-provider-aws on GitHub",
                "title_link": "https:\/\/newreleases.io\/github\/hashicorp\/terraform-provider-aws",
                "mrkdwn_in": [
                    "text"
                ]
            }
        ]
    },
    {
        "type": "message",
        "subtype": "bot_message",
        "text": "",
        "ts": "1654821252.145679",
        "bot_id": "B01D39EAGTT",
        "attachments": [
            {
                "id": 1,
                "fallback": "hashicorp\/terraform-provider-aws on GitHub\nv4.18.0 updated\nrelease note: <https:\/\/newreleases.io\/github\/hashicorp\/terraform-provider-aws?version=v4.18.0>",
                "text": "`v4.18.0` _updated_\n```\nFEATURES:\n\n* *New Resource:* aws_ce_anomaly_monitor ( #251777 ( <https:\/\/github.com\/hashicorp\/terraform-provider-aws\/issues\/251777> ) )\n* *New Resource:* aws_emrserverless_application ( #25144 ( <https:\/\/github.com\/hashicorp\/terraform-provider-aws\/issues\/25144> ) )\n\nENHANCEMENTS:\n\n* data-source\/aws_cloudwatch_logs_groups: Make log_group_name_prefix optional ( #25187 ( <https:\/\/github.com\/hashicorp\/terraform-provider-aws\/issues\/25187> ) )\n* data-source\/aws_cognito_user_pool_client: Add enable_propagate_additional_user_context_data argument ( #25181 ( <https:\/\/github.com\/hashicorp\/terraform-provider-aws\/issues\/25181> ) )\n* data-source\/aws_ram_resource_share: Add resource_share_status argument. ( #25159 ( <https:\/\/github.com\/hashicorp\/terraform-provider-aws\/issues\/25159> ) )\n* resource\/aws_cognito_user_pool_client: Add enable_propagate_additional_user_context_data argument ( #25181 ( <https:\/\/github.com\/hashicorp\/terraform-provider-aws\/issues\/25181> ) )\n* resource\/aws_ebs_snapshot_copy: Add support for timeouts configuration block. ( #20912 ( <https:\/\/github.com\/hashicorp\/terraform-provider-aws\/issues\/20912> ) )\n* resource\/aws_ebs_volume: Add final_snapshot argument ( #21916 ( <https:\/\/github.com\/hashicorp\/terraform-provider-aws\/issues\/21916> ) )\n* resource\/aws_s3_bucket: Add error handling for ErrCodeNotImplemented and ErrCodeXNotImplemented errors when ready bucket information. ( #24764 ( <https:\/\/github.com\/hashicorp\/terraform-provider-aws\/issues\/24764> ) )\n* resource\/aws_vpc_ipam_pool_cidr_allocation: improve internal search mechanism ( #25257 ( <https:\/\/github.com\/hashicorp\/terraform-provider-aws\/issues\/25257> ) )\n\nBUG FIXES:\n\n* resource\/aws_snapshot_create_volume_permission: Error if account_id is the snapshot's owner ( #12103 ( <https:\/\/github.com\/hashicorp\/terraform-provider-aws\/issues\/12103> ) )\n* resource\/aws_ssm_parameter: Allow Intelligent-Tiering to upgrade to Advanced tier as needed. ( #25174 ( <https:\/\/github.com\/hashicorp\/terraform-provider-aws\/issues\/25174> ) )\n```\n<https:\/\/newreleases.io\/github\/hashicorp\/terraform-provider-aws?version=v4.18.0|release note...>",
                "title": "hashicorp\/terraform-provider-aws on GitHub",
                "title_link": "https:\/\/newreleases.io\/github\/hashicorp\/terraform-provider-aws",
                "mrkdwn_in": [
                    "text"
                ]
            }
        ]
    }
]