[
    {
        "client_msg_id": "0bf24976-e432-41af-bcb5-fc3f4a8627f8",
        "type": "message",
        "text": "コメントは # または \/* - *\/ が推奨。\/\/ は # に。 <https:\/\/www.terraform.io\/docs\/configuration\/syntax.html#comments>",
        "user": "UFU0BKD8F",
        "ts": "1552632657.000900",
        "attachments": [
            {
                "service_name": "Terraform by HashiCorp",
                "title": "Syntax - Configuration Language - Terraform by HashiCorp",
                "title_link": "https:\/\/www.terraform.io\/docs\/configuration\/syntax.html#comments",
                "text": "The Terraform language has its own syntax, intended to combine declarative structure with expressions in a way that is easy for humans to read and understand.",
                "fallback": "Terraform by HashiCorp: Syntax - Configuration Language - Terraform by HashiCorp",
                "thumb_url": "https:\/\/www.terraform.io\/assets\/images\/og-image-8b3e4f7d.png",
                "from_url": "https:\/\/www.terraform.io\/docs\/configuration\/syntax.html#comments",
                "thumb_width": 712,
                "thumb_height": 712,
                "service_icon": "https:\/\/www.terraform.io\/assets\/images\/favicons\/apple-touch-icon-13180a24.png",
                "id": 1,
                "original_url": "https:\/\/www.terraform.io\/docs\/configuration\/syntax.html#comments"
            }
        ]
    }
]