[
    {
        "client_msg_id": "40ee235d-5613-4fd1-ae2f-e83ebfbacc94",
        "type": "message",
        "text": "<@UFU0BKD8F> 大変申し訳ございませんでした。。以後留意いたします。",
        "user": "U01G7AFMH9T",
        "ts": "1660348330.334289",
        "blocks": [
            {
                "type": "rich_text",
                "block_id": "lBH",
                "elements": [
                    {
                        "type": "rich_text_section",
                        "elements": [
                            {
                                "type": "user",
                                "user_id": "UFU0BKD8F"
                            },
                            {
                                "type": "text",
                                "text": " 大変申し訳ございませんでした。。以後留意いたします。"
                            }
                        ]
                    }
                ]
            }
        ],
        "team": "TFU0BKCQP",
        "user_team": "TFU0BKCQP",
        "source_team": "TFU0BKCQP",
        "user_profile": {
            "avatar_hash": "e862bb032a41",
            "image_72": "https:\/\/avatars.slack-edge.com\/2020-12-07\/1547712675958_e862bb032a41add9f004_72.png",
            "first_name": "",
            "real_name": "S S",
            "display_name": "S S",
            "team": "TFU0BKCQP",
            "name": "wvp360gqanukcqhg",
            "is_restricted": false,
            "is_ultra_restricted": false
        },
        "thread_ts": "1659858634.430469",
        "parent_user_id": "U01G7AFMH9T"
    },
    {
        "client_msg_id": "bd3ecdc6-93b7-49ad-b1df-9ffd3a506554",
        "type": "message",
        "text": "指定バージョン見ても、たしかに存在するんですよね :cry:\ninitし直しても治らなかったので、該当moduleをforkして、エラー箇所のコードを全削除して一時回避しました :cry:",
        "user": "U01TMEARC2F",
        "ts": "1660348542.141229",
        "blocks": [
            {
                "type": "rich_text",
                "block_id": "QTQ",
                "elements": [
                    {
                        "type": "rich_text_section",
                        "elements": [
                            {
                                "type": "text",
                                "text": "指定バージョン見ても、たしかに存在するんですよね "
                            },
                            {
                                "type": "emoji",
                                "name": "cry",
                                "unicode": "1f622"
                            },
                            {
                                "type": "text",
                                "text": "\ninitし直しても治らなかったので、該当moduleをforkして、エラー箇所のコードを全削除して一時回避しました "
                            },
                            {
                                "type": "emoji",
                                "name": "cry",
                                "unicode": "1f622"
                            }
                        ]
                    }
                ]
            }
        ],
        "team": "TFU0BKCQP",
        "user_team": "TFU0BKCQP",
        "source_team": "TFU0BKCQP",
        "user_profile": {
            "avatar_hash": "91b3166c416e",
            "image_72": "https:\/\/avatars.slack-edge.com\/2021-04-07\/1939276726386_91b3166c416e442d7f3c_72.jpg",
            "first_name": "翁華宏",
            "real_name": "翁華宏",
            "display_name": "kahirokunn",
            "team": "TFU0BKCQP",
            "name": "okinakahiro",
            "is_restricted": false,
            "is_ultra_restricted": false
        },
        "thread_ts": "1660212806.592559",
        "parent_user_id": "U01TMEARC2F"
    }
]