[
    {
        "client_msg_id": "06c04bba-b69a-4a13-92b1-5db2e240992f",
        "type": "message",
        "text": "ご質問させてください！\nAWSアカウントが二つあり、それぞれ開発環境用と本番環境用があるとします。\nここで、terraform でそれぞれを管理する場合、workspaceの機能があるかと思いますが、\n一般的にこちらは利用されることは多いのでしょうか？\n記事を色々と見ると、少しでも開発環境と本番環境で差分が発生する場合、バグが発生しやすくなるといったものをよく見受けられますが、皆様の知見をご教示ください:man-bowing:",
        "user": "U01G7AFMH9T",
        "ts": "1659597359.174519",
        "blocks": [
            {
                "type": "rich_text",
                "block_id": "1hn",
                "elements": [
                    {
                        "type": "rich_text_section",
                        "elements": [
                            {
                                "type": "text",
                                "text": "ご質問させてください！\nAWSアカウントが二つあり、それぞれ開発環境用と本番環境用があるとします。\nここで、terraform でそれぞれを管理する場合、workspaceの機能があるかと思いますが、\n一般的にこちらは利用されることは多いのでしょうか？\n記事を色々と見ると、少しでも開発環境と本番環境で差分が発生する場合、バグが発生しやすくなるといったものをよく見受けられますが、皆様の知見をご教示ください"
                            },
                            {
                                "type": "emoji",
                                "name": "man-bowing",
                                "unicode": "1f647-200d-2642-fe0f"
                            }
                        ]
                    }
                ]
            }
        ],
        "team": "TFU0BKCQP",
        "user_team": "TFU0BKCQP",
        "source_team": "TFU0BKCQP",
        "user_profile": {
            "avatar_hash": "e862bb032a41",
            "image_72": "https:\/\/avatars.slack-edge.com\/2020-12-07\/1547712675958_e862bb032a41add9f004_72.png",
            "first_name": "",
            "real_name": "S S",
            "display_name": "S S",
            "team": "TFU0BKCQP",
            "name": "wvp360gqanukcqhg",
            "is_restricted": false,
            "is_ultra_restricted": false
        },
        "thread_ts": "1659597359.174519",
        "reply_count": 6,
        "reply_users_count": 4,
        "latest_reply": "1659601432.028869",
        "reply_users": [
            "U01NB7CKNF2",
            "U02K7TWFJ83",
            "U01G7AFMH9T",
            "UFU0BKD8F"
        ],
        "replies": [
            {
                "user": "U01NB7CKNF2",
                "ts": "1659597867.062989"
            },
            {
                "user": "U02K7TWFJ83",
                "ts": "1659598294.098209"
            },
            {
                "user": "U01G7AFMH9T",
                "ts": "1659598379.542299"
            },
            {
                "user": "U01NB7CKNF2",
                "ts": "1659598770.311259"
            },
            {
                "user": "U02K7TWFJ83",
                "ts": "1659599433.677549"
            },
            {
                "user": "UFU0BKD8F",
                "ts": "1659601432.028869"
            }
        ],
        "is_locked": false,
        "subscribed": true,
        "last_read": "1659601432.028869"
    },
    {
        "type": "message",
        "subtype": "thread_broadcast",
        "text": "一般的に使われてい機能かはちょっと分からないです。\n個人的にはworkspaceを使って開発環境と本番環境を同一にすべきだと思っています。\nただ、webの記事とかを読む限り、workspaceを使える人が少ないので、その基準の開発チームならディレクトリを分ける方が無難だと思います。",
        "user": "U01NB7CKNF2",
        "ts": "1659597867.062989",
        "thread_ts": "1659597359.174519",
        "root": {
            "client_msg_id": "06c04bba-b69a-4a13-92b1-5db2e240992f",
            "type": "message",
            "text": "ご質問させてください！\nAWSアカウントが二つあり、それぞれ開発環境用と本番環境用があるとします。\nここで、terraform でそれぞれを管理する場合、workspaceの機能があるかと思いますが、\n一般的にこちらは利用されることは多いのでしょうか？\n記事を色々と見ると、少しでも開発環境と本番環境で差分が発生する場合、バグが発生しやすくなるといったものをよく見受けられますが、皆様の知見をご教示ください:man-bowing:",
            "user": "U01G7AFMH9T",
            "ts": "1659597359.174519",
            "blocks": [
                {
                    "type": "rich_text",
                    "block_id": "1hn",
                    "elements": [
                        {
                            "type": "rich_text_section",
                            "elements": [
                                {
                                    "type": "text",
                                    "text": "ご質問させてください！\nAWSアカウントが二つあり、それぞれ開発環境用と本番環境用があるとします。\nここで、terraform でそれぞれを管理する場合、workspaceの機能があるかと思いますが、\n一般的にこちらは利用されることは多いのでしょうか？\n記事を色々と見ると、少しでも開発環境と本番環境で差分が発生する場合、バグが発生しやすくなるといったものをよく見受けられますが、皆様の知見をご教示ください"
                                },
                                {
                                    "type": "emoji",
                                    "name": "man-bowing",
                                    "unicode": "1f647-200d-2642-fe0f"
                                }
                            ]
                        }
                    ]
                }
            ],
            "team": "TFU0BKCQP",
            "thread_ts": "1659597359.174519",
            "reply_count": 6,
            "reply_users_count": 4,
            "latest_reply": "1659601432.028869",
            "reply_users": [
                "U01NB7CKNF2",
                "U02K7TWFJ83",
                "U01G7AFMH9T",
                "UFU0BKD8F"
            ],
            "replies": [
                {
                    "user": "U01NB7CKNF2",
                    "ts": "1659597867.062989"
                },
                {
                    "user": "U02K7TWFJ83",
                    "ts": "1659598294.098209"
                },
                {
                    "user": "U01G7AFMH9T",
                    "ts": "1659598379.542299"
                },
                {
                    "user": "U01NB7CKNF2",
                    "ts": "1659598770.311259"
                },
                {
                    "user": "U02K7TWFJ83",
                    "ts": "1659599433.677549"
                },
                {
                    "user": "UFU0BKD8F",
                    "ts": "1659601432.028869"
                }
            ],
            "is_locked": false,
            "subscribed": true,
            "last_read": "1659601432.028869"
        },
        "blocks": [
            {
                "type": "rich_text",
                "block_id": "sLsRf",
                "elements": [
                    {
                        "type": "rich_text_section",
                        "elements": [
                            {
                                "type": "text",
                                "text": "一般的に使われてい機能かはちょっと分からないです。\n個人的にはworkspaceを使って開発環境と本番環境を同一にすべきだと思っています。\nただ、webの記事とかを読む限り、workspaceを使える人が少ないので、その基準の開発チームならディレクトリを分ける方が無難だと思います。"
                            }
                        ]
                    }
                ]
            }
        ],
        "client_msg_id": "8914aa8f-d9dd-4d43-aaed-3dbb1c691184"
    },
    {
        "type": "message",
        "subtype": "thread_broadcast",
        "text": "<https:\/\/www.terraform.io\/language\/state\/workspaces>\n```In particular, organizations commonly want to create a strong separation between multiple deployments of the same infrastructure serving different development stages (e.g. staging vs. production) or different internal teams. In this case, the backend used for each deployment often belongs to that deployment, with different credentials and access controls. Named workspaces are not a suitable isolation mechanism for this scenario.```\n公式では環境を分けての利用は非推奨みたいなんですよね。\nとはいえ、workspaceを利用してうまく環境わけを機能させているケースもあるのでなんともですが、、\n自分は基本的に開発環境用本番環境用で共通のモジュールを利用して変数で分ける方式にしてます。\n（こちらのケースのほうが多いイメージです。",
        "user": "U02K7TWFJ83",
        "ts": "1659598294.098209",
        "thread_ts": "1659597359.174519",
        "root": {
            "client_msg_id": "06c04bba-b69a-4a13-92b1-5db2e240992f",
            "type": "message",
            "text": "ご質問させてください！\nAWSアカウントが二つあり、それぞれ開発環境用と本番環境用があるとします。\nここで、terraform でそれぞれを管理する場合、workspaceの機能があるかと思いますが、\n一般的にこちらは利用されることは多いのでしょうか？\n記事を色々と見ると、少しでも開発環境と本番環境で差分が発生する場合、バグが発生しやすくなるといったものをよく見受けられますが、皆様の知見をご教示ください:man-bowing:",
            "user": "U01G7AFMH9T",
            "ts": "1659597359.174519",
            "blocks": [
                {
                    "type": "rich_text",
                    "block_id": "1hn",
                    "elements": [
                        {
                            "type": "rich_text_section",
                            "elements": [
                                {
                                    "type": "text",
                                    "text": "ご質問させてください！\nAWSアカウントが二つあり、それぞれ開発環境用と本番環境用があるとします。\nここで、terraform でそれぞれを管理する場合、workspaceの機能があるかと思いますが、\n一般的にこちらは利用されることは多いのでしょうか？\n記事を色々と見ると、少しでも開発環境と本番環境で差分が発生する場合、バグが発生しやすくなるといったものをよく見受けられますが、皆様の知見をご教示ください"
                                },
                                {
                                    "type": "emoji",
                                    "name": "man-bowing",
                                    "unicode": "1f647-200d-2642-fe0f"
                                }
                            ]
                        }
                    ]
                }
            ],
            "team": "TFU0BKCQP",
            "thread_ts": "1659597359.174519",
            "reply_count": 6,
            "reply_users_count": 4,
            "latest_reply": "1659601432.028869",
            "reply_users": [
                "U01NB7CKNF2",
                "U02K7TWFJ83",
                "U01G7AFMH9T",
                "UFU0BKD8F"
            ],
            "replies": [
                {
                    "user": "U01NB7CKNF2",
                    "ts": "1659597867.062989"
                },
                {
                    "user": "U02K7TWFJ83",
                    "ts": "1659598294.098209"
                },
                {
                    "user": "U01G7AFMH9T",
                    "ts": "1659598379.542299"
                },
                {
                    "user": "U01NB7CKNF2",
                    "ts": "1659598770.311259"
                },
                {
                    "user": "U02K7TWFJ83",
                    "ts": "1659599433.677549"
                },
                {
                    "user": "UFU0BKD8F",
                    "ts": "1659601432.028869"
                }
            ],
            "is_locked": false,
            "subscribed": true,
            "last_read": "1659601432.028869"
        },
        "blocks": [
            {
                "type": "rich_text",
                "block_id": "E8ebH",
                "elements": [
                    {
                        "type": "rich_text_section",
                        "elements": [
                            {
                                "type": "link",
                                "url": "https:\/\/www.terraform.io\/language\/state\/workspaces"
                            },
                            {
                                "type": "text",
                                "text": "\n"
                            }
                        ]
                    },
                    {
                        "type": "rich_text_preformatted",
                        "elements": [
                            {
                                "type": "text",
                                "text": "In particular, organizations commonly want to create a strong separation between multiple deployments of the same infrastructure serving different development stages (e.g. staging vs. production) or different internal teams. In this case, the backend used for each deployment often belongs to that deployment, with different credentials and access controls. Named workspaces are not a suitable isolation mechanism for this scenario."
                            }
                        ],
                        "border": 0
                    },
                    {
                        "type": "rich_text_section",
                        "elements": [
                            {
                                "type": "text",
                                "text": "公式では環境を分けての利用は非推奨みたいなんですよね。\nとはいえ、workspaceを利用してうまく環境わけを機能させているケースもあるのでなんともですが、、\n自分は基本的に開発環境用本番環境用で共通のモジュールを利用して変数で分ける方式にしてます。\n（こちらのケースのほうが多いイメージです。"
                            }
                        ]
                    }
                ]
            }
        ],
        "attachments": [
            {
                "from_url": "https:\/\/www.terraform.io\/language\/state\/workspaces",
                "image_url": "https:\/\/www.terraform.io\/img\/og-image.png",
                "image_width": 478,
                "image_height": 250,
                "image_bytes": 31319,
                "service_icon": "https:\/\/www.terraform.io\/favicon.ico",
                "id": 1,
                "original_url": "https:\/\/www.terraform.io\/language\/state\/workspaces",
                "fallback": "Terraform by HashiCorp: State: Workspaces | Terraform by HashiCorp",
                "text": "Workspaces allow the use of multiple states with a single configuration directory.",
                "title": "State: Workspaces | Terraform by HashiCorp",
                "title_link": "https:\/\/www.terraform.io\/language\/state\/workspaces",
                "service_name": "Terraform by HashiCorp"
            }
        ],
        "client_msg_id": "e681deb3-3797-417f-b16d-bca0f8ff5115"
    },
    {
        "client_msg_id": "ccc23f24-39f7-40ad-b07a-eb5fd0259e3e",
        "type": "message",
        "text": "<@U01NB7CKNF2> <@U02K7TWFJ83>\nなるほど！\n便利だけどちょっと使い方が微妙だったりと、難しいものですね:sweat_drops:\nありがとうございます！",
        "user": "U01G7AFMH9T",
        "ts": "1659598379.542299",
        "blocks": [
            {
                "type": "rich_text",
                "block_id": "hFJIP",
                "elements": [
                    {
                        "type": "rich_text_section",
                        "elements": [
                            {
                                "type": "user",
                                "user_id": "U01NB7CKNF2"
                            },
                            {
                                "type": "text",
                                "text": " "
                            },
                            {
                                "type": "user",
                                "user_id": "U02K7TWFJ83"
                            },
                            {
                                "type": "text",
                                "text": "\nなるほど！\n便利だけどちょっと使い方が微妙だったりと、難しいものですね"
                            },
                            {
                                "type": "emoji",
                                "name": "sweat_drops",
                                "unicode": "1f4a6"
                            },
                            {
                                "type": "text",
                                "text": "\nありがとうございます！"
                            }
                        ]
                    }
                ]
            }
        ],
        "team": "TFU0BKCQP",
        "user_team": "TFU0BKCQP",
        "source_team": "TFU0BKCQP",
        "user_profile": {
            "avatar_hash": "e862bb032a41",
            "image_72": "https:\/\/avatars.slack-edge.com\/2020-12-07\/1547712675958_e862bb032a41add9f004_72.png",
            "first_name": "",
            "real_name": "S S",
            "display_name": "S S",
            "team": "TFU0BKCQP",
            "name": "wvp360gqanukcqhg",
            "is_restricted": false,
            "is_ultra_restricted": false
        },
        "thread_ts": "1659597359.174519",
        "parent_user_id": "U01G7AFMH9T"
    },
    {
        "client_msg_id": "f3ca9838-c4c6-49ce-8991-67505e979bd9",
        "type": "message",
        "text": "その公式の記述は「バックエンドの認証やデプロイメントを強く分ける場合」だと記載がありますし、多くの企業だとインフラ触るのが同じチームなので、同じバックエンドを使った方が良いのではないかと思ってました。",
        "user": "U01NB7CKNF2",
        "ts": "1659598770.311259",
        "blocks": [
            {
                "type": "rich_text",
                "block_id": "nDsn",
                "elements": [
                    {
                        "type": "rich_text_section",
                        "elements": [
                            {
                                "type": "text",
                                "text": "その公式の記述は「バックエンドの認証やデプロイメントを強く分ける場合」だと記載がありますし、多くの企業だとインフラ触るのが同じチームなので、同じバックエンドを使った方が良いのではないかと思ってました。"
                            }
                        ]
                    }
                ]
            }
        ],
        "team": "TFU0BKCQP",
        "user_team": "TFU0BKCQP",
        "source_team": "TFU0BKCQP",
        "user_profile": {
            "avatar_hash": "gecad9d801d7",
            "image_72": "https:\/\/secure.gravatar.com\/avatar\/ecad9d801d79f6c6e5df93094690685e.jpg?s=72&d=https%3A%2F%2Fa.slack-edge.com%2Fdf10d%2Fimg%2Favatars%2Fava_0019-72.png",
            "first_name": "",
            "real_name": "Takumi Shotoku",
            "display_name": "Takumi Shotoku",
            "team": "TFU0BKCQP",
            "name": "sinsoku.listy",
            "is_restricted": false,
            "is_ultra_restricted": false
        },
        "thread_ts": "1659597359.174519",
        "parent_user_id": "U01G7AFMH9T"
    },
    {
        "client_msg_id": "87a39da9-f509-4373-bd56-7f579c935663",
        "type": "message",
        "text": "自分もworkspaceで構成していた時期があったのですが、\n環境差異を吸収するためにモジュール側が\n〇〇の場合といった分岐処理ばかりになってしまい、可読性が低下してしまう懸念があったので頓挫しました。。\n\nなのでworkspaceを利用するときは\nマルチアカウント構成\nアカウント単位で必須や標準設定する場合に\n利用するように限定にしました。。\n参考\n<https:\/\/engineering.visional.inc\/blog\/171\/awssummit_securityguardrail\/>",
        "user": "U02K7TWFJ83",
        "ts": "1659599433.677549",
        "blocks": [
            {
                "type": "rich_text",
                "block_id": "DF+f",
                "elements": [
                    {
                        "type": "rich_text_section",
                        "elements": [
                            {
                                "type": "text",
                                "text": "自分もworkspaceで構成していた時期があったのですが、\n環境差異を吸収するためにモジュール側が\n〇〇の場合といった分岐処理ばかりになってしまい、可読性が低下してしまう懸念があったので頓挫しました。。\n\nなのでworkspaceを利用するときは\nマルチアカウント構成\nアカウント単位で必須や標準設定する場合に\n利用するように限定にしました。。\n参考\n"
                            },
                            {
                                "type": "link",
                                "url": "https:\/\/engineering.visional.inc\/blog\/171\/awssummit_securityguardrail\/"
                            }
                        ]
                    }
                ]
            }
        ],
        "team": "TFU0BKCQP",
        "user_team": "TFU0BKCQP",
        "source_team": "TFU0BKCQP",
        "user_profile": {
            "avatar_hash": "86721a977b30",
            "image_72": "https:\/\/avatars.slack-edge.com\/2021-10-27\/2654208361715_86721a977b3051d7e40e_72.jpg",
            "first_name": "myabaou",
            "real_name": "myabaou",
            "display_name": "myabaou",
            "team": "TFU0BKCQP",
            "name": "yu_mabashi",
            "is_restricted": false,
            "is_ultra_restricted": false
        },
        "attachments": [
            {
                "from_url": "https:\/\/engineering.visional.inc\/blog\/171\/awssummit_securityguardrail\/",
                "image_url": "https:\/\/engineering.visional.inc\/blog\/171\/awssummit_securityguardrail\/2020_10_12_ogp_hue622773ab79e520c3a57dbaa4d5be88e_709326_1200x630_fill_q90_lanczos_center.jpg",
                "image_width": 476,
                "image_height": 250,
                "image_bytes": 92142,
                "service_icon": "https:\/\/engineering.visional.inc\/image\/webclip.png",
                "id": 1,
                "original_url": "https:\/\/engineering.visional.inc\/blog\/171\/awssummit_securityguardrail\/",
                "fallback": "Visional Engineering Blog: 100を超えるAWSアカウント運用におけるガードレール構築事例",
                "text": "先日行われました AWS JAPAN SUMMIT ONLINE 2020 にて、「大規模な組織変遷と100以上のAWSアカウントの横断的セキュリティガードレール運用について」のテーマにて、私たちのグループで取り組んでいる全ての AWS に対する横断的な取り",
                "title": "100を超えるAWSアカウント運用におけるガードレール構築事例",
                "title_link": "https:\/\/engineering.visional.inc\/blog\/171\/awssummit_securityguardrail\/",
                "service_name": "Visional Engineering Blog"
            }
        ],
        "thread_ts": "1659597359.174519",
        "parent_user_id": "U01G7AFMH9T"
    },
    {
        "client_msg_id": "25e70a7b-3a27-45f1-982a-bdf53fee6f0c",
        "type": "message",
        "text": "政治と野球と宗教とterraform workspaces の話は~めんどくさい水掛け論にしかならないから~ するなってばっちゃが言ってたｗ",
        "user": "UFU0BKD8F",
        "ts": "1659601432.028869",
        "blocks": [
            {
                "type": "rich_text",
                "block_id": "kbd",
                "elements": [
                    {
                        "type": "rich_text_section",
                        "elements": [
                            {
                                "type": "text",
                                "text": "政治と野球と宗教とterraform workspaces の話は"
                            },
                            {
                                "type": "text",
                                "text": "めんどくさい水掛け論にしかならないから",
                                "style": {
                                    "strike": true
                                }
                            },
                            {
                                "type": "text",
                                "text": " するなってばっちゃが言ってたｗ"
                            }
                        ]
                    }
                ]
            }
        ],
        "team": "TFU0BKCQP",
        "user_team": "TFU0BKCQP",
        "source_team": "TFU0BKCQP",
        "user_profile": {
            "avatar_hash": "92c41c62c7b0",
            "image_72": "https:\/\/avatars.slack-edge.com\/2019-01-30\/537137791812_92c41c62c7b0f054d3dd_72.jpg",
            "first_name": "らき",
            "real_name": "らき",
            "display_name": "raki",
            "team": "TFU0BKCQP",
            "name": "nishimuray",
            "is_restricted": false,
            "is_ultra_restricted": false
        },
        "edited": {
            "user": "UFU0BKD8F",
            "ts": "1659601462.000000"
        },
        "thread_ts": "1659597359.174519",
        "parent_user_id": "U01G7AFMH9T",
        "reactions": [
            {
                "name": "laughing",
                "users": [
                    "U02K7TWFJ83",
                    "UG46Z57TN",
                    "U01G7AFMH9T"
                ],
                "count": 3
            }
        ]
    }
]