[
    {
        "client_msg_id": "5e153b83-bbf1-4a08-9299-5a11d1f8b7ad",
        "type": "message",
        "text": "質問なのですが、沢山変更してからterraform applyすると循環依存って出るのに、分解してapplyすると循環依存が出ないのって、これってなんでなんですか？ :eyes:",
        "user": "U01TMEARC2F",
        "ts": "1661836130.429419",
        "blocks": [
            {
                "type": "rich_text",
                "block_id": "hwY",
                "elements": [
                    {
                        "type": "rich_text_section",
                        "elements": [
                            {
                                "type": "text",
                                "text": "質問なのですが、沢山変更してからterraform applyすると循環依存って出るのに、分解してapplyすると循環依存が出ないのって、これってなんでなんですか？ "
                            },
                            {
                                "type": "emoji",
                                "name": "eyes",
                                "unicode": "1f440"
                            }
                        ]
                    }
                ]
            }
        ],
        "team": "TFU0BKCQP",
        "user_team": "TFU0BKCQP",
        "source_team": "TFU0BKCQP",
        "user_profile": {
            "avatar_hash": "91b3166c416e",
            "image_72": "https:\/\/avatars.slack-edge.com\/2021-04-07\/1939276726386_91b3166c416e442d7f3c_72.jpg",
            "first_name": "翁華宏",
            "real_name": "翁華宏",
            "display_name": "kahirokunn",
            "team": "TFU0BKCQP",
            "name": "okinakahiro",
            "is_restricted": false,
            "is_ultra_restricted": false
        },
        "thread_ts": "1661836130.429419",
        "reply_count": 3,
        "reply_users_count": 2,
        "latest_reply": "1662358991.589359",
        "reply_users": [
            "U01TMEARC2F",
            "UFU0BKD8F"
        ],
        "replies": [
            {
                "user": "U01TMEARC2F",
                "ts": "1661836174.354779"
            },
            {
                "user": "UFU0BKD8F",
                "ts": "1661837291.325199"
            },
            {
                "user": "U01TMEARC2F",
                "ts": "1662358991.589359"
            }
        ],
        "is_locked": false,
        "subscribed": true,
        "last_read": "1662358991.589359"
    },
    {
        "client_msg_id": "623b14e3-2ba9-4993-9d57-fef58ee46f6a",
        "type": "message",
        "text": "この辺のTFの動作ってどうなってるんだろう :eyes:",
        "user": "U01TMEARC2F",
        "ts": "1661836174.354779",
        "blocks": [
            {
                "type": "rich_text",
                "block_id": "qh0T",
                "elements": [
                    {
                        "type": "rich_text_section",
                        "elements": [
                            {
                                "type": "text",
                                "text": "この辺のTFの動作ってどうなってるんだろう "
                            },
                            {
                                "type": "emoji",
                                "name": "eyes",
                                "unicode": "1f440"
                            }
                        ]
                    }
                ]
            }
        ],
        "team": "TFU0BKCQP",
        "user_team": "TFU0BKCQP",
        "source_team": "TFU0BKCQP",
        "user_profile": {
            "avatar_hash": "91b3166c416e",
            "image_72": "https:\/\/avatars.slack-edge.com\/2021-04-07\/1939276726386_91b3166c416e442d7f3c_72.jpg",
            "first_name": "翁華宏",
            "real_name": "翁華宏",
            "display_name": "kahirokunn",
            "team": "TFU0BKCQP",
            "name": "okinakahiro",
            "is_restricted": false,
            "is_ultra_restricted": false
        },
        "thread_ts": "1661836130.429419",
        "parent_user_id": "U01TMEARC2F"
    },
    {
        "client_msg_id": "60f87b1a-2b46-4dee-a2e1-d3391569d661",
        "type": "message",
        "text": "まず間違いなく自分のコードの問題でしょうね。。。\n大小たくさんのディレクトリを管理してますけど、循環参照に落ちることはほとんどないですし、\nあるとすればterraformで作らなかったリソースをインポートしていて\nリソースアドレスによる関連付けが甘くなってるところとかですかね。。。\nインポートついでにdescにリソース名突っ込む的なやつとか、\nマネコンで手で作った時に初回自動生成される系のIAMとか。。。\n分解して apply が何言ってるのかわからないけど、-target 指定とかで個別に、みたいな話なら、\nterraform がリソースの関連を処理するのは対象になる部分だけってルールがあるので\nそのおかげで処理できてる的な。。。",
        "user": "UFU0BKD8F",
        "ts": "1661837291.325199",
        "blocks": [
            {
                "type": "rich_text",
                "block_id": "SgVu",
                "elements": [
                    {
                        "type": "rich_text_section",
                        "elements": [
                            {
                                "type": "text",
                                "text": "まず間違いなく自分のコードの問題でしょうね。。。\n大小たくさんのディレクトリを管理してますけど、循環参照に落ちることはほとんどないですし、\nあるとすればterraformで作らなかったリソースをインポートしていて\nリソースアドレスによる関連付けが甘くなってるところとかですかね。。。\nインポートついでにdescにリソース名突っ込む的なやつとか、\nマネコンで手で作った時に初回自動生成される系のIAMとか。。。\n分解して apply が何言ってるのかわからないけど、-target 指定とかで個別に、みたいな話なら、\nterraform がリソースの関連を処理するのは対象になる部分だけってルールがあるので\nそのおかげで処理できてる的な。。。"
                            }
                        ]
                    }
                ]
            }
        ],
        "team": "TFU0BKCQP",
        "user_team": "TFU0BKCQP",
        "source_team": "TFU0BKCQP",
        "user_profile": {
            "avatar_hash": "92c41c62c7b0",
            "image_72": "https:\/\/avatars.slack-edge.com\/2019-01-30\/537137791812_92c41c62c7b0f054d3dd_72.jpg",
            "first_name": "らき",
            "real_name": "らき",
            "display_name": "raki",
            "team": "TFU0BKCQP",
            "name": "nishimuray",
            "is_restricted": false,
            "is_ultra_restricted": false
        },
        "thread_ts": "1661836130.429419",
        "parent_user_id": "U01TMEARC2F",
        "reactions": [
            {
                "name": "eyes",
                "users": [
                    "U01TMEARC2F"
                ],
                "count": 1
            }
        ]
    }
]