[
    {
        "type": "message",
        "subtype": "bot_message",
        "text": "",
        "ts": "1645200442.584499",
        "bot_id": "BG2UDF0NA",
        "attachments": [
            {
                "id": 1,
                "fallback": "terraform-aws-modules\/terraform-aws-rds on GitHub\nv4.1.2v4.1.2 \nrelease note: <https:\/\/newreleases.io\/github\/terraform-aws-modules\/terraform-aws-rds?version=v4.1.2>",
                "text": "*v4.1.2* `v4.1.2` \n```\n4.1.2 ( <https:\/\/github.com\/terraform-aws-modules\/terraform-aws-rds\/compare\/v4.1.1...v4.1.2> ) (2022-02-18)\n---------------------------------------------------------------------------------------------------------\n\nBug Fixes\n---------\n\n* Correct usage of password and allow restored snapshots to set password, username, etc. ( #384 ( <https:\/\/github.com\/terraform-aws-modules\/terraform-aws-rds\/issues\/384> ) ) ( 81db512 ( <https:\/\/github.com\/terraform-aws-modules\/terraform-aws-rds\/commit\/81db51292cbbb1a23b3649814691498514fbd273> ) )\n```\n<https:\/\/newreleases.io\/github\/terraform-aws-modules\/terraform-aws-rds?version=v4.1.2|release note...>",
                "title": "terraform-aws-modules\/terraform-aws-rds on GitHub",
                "title_link": "https:\/\/newreleases.io\/github\/terraform-aws-modules\/terraform-aws-rds",
                "mrkdwn_in": [
                    "text"
                ]
            }
        ]
    }
]