[
    {
        "type": "message",
        "subtype": "bot_message",
        "text": "",
        "ts": "1645758688.267079",
        "bot_id": "BG2UDF0NA",
        "attachments": [
            {
                "id": 1,
                "fallback": "hashicorp\/terraform-provider-azurerm on GitHub\nv2.98.0",
                "text": "`v2.98.0`",
                "title": "hashicorp\/terraform-provider-azurerm on GitHub",
                "title_link": "https:\/\/newreleases.io\/github\/hashicorp\/terraform-provider-azurerm",
                "mrkdwn_in": [
                    "text"
                ]
            }
        ]
    },
    {
        "type": "message",
        "subtype": "bot_message",
        "text": "",
        "ts": "1645759322.204979",
        "bot_id": "BG2UDF0NA",
        "attachments": [
            {
                "id": 1,
                "fallback": "hashicorp\/terraform-provider-azurerm on GitHub\nv2.98.0 updated\nrelease note: <https:\/\/newreleases.io\/github\/hashicorp\/terraform-provider-azurerm?version=v2.98.0>",
                "text": "`v2.98.0` _updated_\n```\n--------------------------\n2.98.0 (February 25, 2022)\n--------------------------\n\nFEATURES:\n\n* New Beta Resource: azurerm_function_app_active_slot ( #15246 ( <https:\/\/github.com\/hashicorp\/terraform-provider-azurerm\/issues\/15246> ) )\n* New Beta Resource: azurerm_web_app_active_slot ( #15246 ( <https:\/\/github.com\/hashicorp\/terraform-provider-azurerm\/issues\/15246> ) )\n\nENHANCEMENTS:\n\n* dependencies: upgrading to v0.18.0 of <http:\/\/github.com\/tombuildsstuff\/giovanni|github.com\/tombuildsstuff\/giovanni> ( #15507 ( <https:\/\/github.com\/hashicorp\/terraform-provider-azurerm\/issues\/15507> ) )\n* azurerm_linux_function_app - adds key_vault_reference_identity_id support ( #15553 ( <https:\/\/github.com\/hashicorp\/terraform-provider-azurerm\/issues\/15553> ) )\n* azurerm_linux_function_app_slot - adds key_vault_reference_identity_id support ( #15553 ( <https:\/\/github.com\/hashicorp\/terraform-provider-azurerm\/issues\/15553> ) )\n* azurerm_windows_function_app - adds key_vault_reference_identity_id support ( #15553 ( <https:\/\/github.com\/hashicorp\/terraform-provider-azurerm\/issues\/15553> ) )\n* azurerm_windows_function_app_slot - adds key_vault_reference_identity_id support ( #15553 ( <https:\/\/github.com\/hashicorp\/terraform-provider-azurerm\/issues\/15553> ) )\n\nBUG FIXES:\n\n* azurerm_cosmosdb_mongo_collection - can now set the autoscale_settings property without setting a shard_key when creating a cosmos DB mongo collection ( #15529 ( <https:\/\/github.com\/hashicorp\/terraform-provider-azurerm\/issues\/15529> ) )\n* azurerm_firewall_policy - will not wait for resource to finish provisioning after creation ( #15561 ( <https:\/\/github.com\/hashicorp\/terraform-provider-azurerm\/issues\/15561> ) )\n```\n<https:\/\/newreleases.io\/github\/hashicorp\/terraform-provider-azurerm?version=v2.98.0|release note...>",
                "title": "hashicorp\/terraform-provider-azurerm on GitHub",
                "title_link": "https:\/\/newreleases.io\/github\/hashicorp\/terraform-provider-azurerm",
                "mrkdwn_in": [
                    "text"
                ]
            }
        ]
    }
]