[
    {
        "type": "message",
        "subtype": "bot_message",
        "text": "",
        "ts": "1633052237.001600",
        "bot_id": "BG2UDF0NA",
        "attachments": [
            {
                "fallback": "hashicorp\/terraform-provider-azurerm on GitHub\nv2.79.0",
                "text": "`v2.79.0`",
                "title": "hashicorp\/terraform-provider-azurerm on GitHub",
                "id": 1,
                "title_link": "https:\/\/newreleases.io\/github\/hashicorp\/terraform-provider-azurerm",
                "mrkdwn_in": [
                    "text"
                ]
            }
        ]
    },
    {
        "type": "message",
        "subtype": "bot_message",
        "text": "",
        "ts": "1633065430.001700",
        "bot_id": "BG2UDF0NA",
        "attachments": [
            {
                "fallback": "hashicorp\/terraform-provider-azurerm on GitHub\nv2.79.0v2.79.0 updated\nrelease note: <https:\/\/newreleases.io\/github\/hashicorp\/terraform-provider-azurerm?version=v2.79.0>",
                "text": "*v2.79.0* `v2.79.0` _updated_\n```\n-------------------------\n2.79.0 (October 01, 2021)\n-------------------------\n\nFEATURES:\n\n* *New Resource:* azurerm_app_configuration_feature ( #13452 ( <https:\/\/github.com\/hashicorp\/terraform-provider-azurerm\/issues\/13452> ) )\n\n* *New Resource:* azurerm_logic_app_standard ( #13196 ( <https:\/\/github.com\/hashicorp\/terraform-provider-azurerm\/issues\/13196> ) )\n\nIMPROVEMENTS:\n\n* Data Source: azurerm_key_vault_certificate - exporting the expires and not_before attributes ( #13527 ( <https:\/\/github.com\/hashicorp\/terraform-provider-azurerm\/issues\/13527> ) )\n\n* Data Source: azurerm_key_vault_certificate_data - exporting the not_before attribute ( #13527 ( <https:\/\/github.com\/hashicorp\/terraform-provider-azurerm\/issues\/13527> ) )\n\n* azurerm_communication_service - export the primary_connection_string , secondary_connection_string , primary_key , and secondary_key attributes ( #13549 ( <https:\/\/github.com\/hashicorp\/terraform-provider-azurerm\/issues\/13549> ) )\n\n* azurerm_consumption_budget_subscription support for the Forecasted threshold type ( #13567 ( <https:\/\/github.com\/hashicorp\/terraform-provider-azurerm\/issues\/13567> ) )\n\n* azurerm_consumption_budget_resource_group support for the Forecasted` threshold type ( #13567 ( <https:\/\/github.com\/hashicorp\/terraform-provider-azurerm\/issues\/13567> ) )\n\n* azurerm_managed_disk - support for the max_shares property ( #13571 ( <https:\/\/github.com\/hashicorp\/terraform-provider-azurerm\/issues\/13571> ) )\n\n* azurerm_mssql_database - will now update replicated databases SKUs first ( #13478 ( <https:\/\/github.com\/hashicorp\/terraform-provider-azurerm\/issues\/13478> ) )\n\n* azurerm_virtual_hub_connection - optimized state change refresh function ( #13548 ( <https:\/\/github.com\/hashicorp\/terraform-provider-azurerm\/issues\/13548> ) )\n\nBUG FIXES:\n\n* azurerm_cosmosdb_account - the mongo_server_version can now be changed without creating a new resouce ( #13520 ( <https:\/\/github.com\/hashicorp\/terraform-provider-azurerm\/issues\/13520> ) )\n\n* azurerm_iothub - correctly suppress diffs for the connection_string property ( #13517 ( <https:\/\/github.com\/hashicorp\/terraform-provider-azurerm\/issues\/13517> ) )\n\n* azurerm_kubernetes_cluster - explicitly setting upgrade_channel to None when it's unset to workaround a breaking behavioural change in AKS ( #13493 ( <https:\/\/github.com\/hashicorp\/terraform-provider-azurerm\/issues\/13493> ) )\n\n* azurerm_linux_virtual_machine_scale_set - will not correctly ignore the protected_setting block withing the extension block ( #13440 ( <https:\/\/github.com\/hashicorp\/terraform-provider-azurerm\/issues\/13440> ) )\n\n* azurerm_windows_virtual_machine_scale_set - will not correctly ignore the protected_setting block withing the extension block ( #13440 ( <https:\/\/github.com\/hashicorp\/terraform-provider-azurerm\/issues\/13440> ) )\n\n* azurerm_app_configuration_key - correctly set the etag property ( #13534 ( <https:\/\/github.com\/hashicorp\/terraform-provider-azurerm\/issues\/13534> ) )\n```\n<https:\/\/newreleases.io\/github\/hashicorp\/terraform-provider-azurerm?version=v2.79.0|release note...>",
                "title": "hashicorp\/terraform-provider-azurerm on GitHub",
                "id": 1,
                "title_link": "https:\/\/newreleases.io\/github\/hashicorp\/terraform-provider-azurerm",
                "mrkdwn_in": [
                    "text"
                ]
            }
        ]
    }
]