[
    {
        "type": "message",
        "subtype": "bot_message",
        "text": "<https:\/\/www.reddit.com\/r\/Terraform\/comments\/cl728x\/using_private_image_on_azure_to_launch_vm\/|Using \"private\" image on Azure to launch VM>\nI \"captured\" a machine and created a private image on Azure. Now I want to launch VM's with using TF. (resource \"azurerm_virtual_machine\") I have seen one example that looks similar to this: storage_os_disk { name = \"web4-osdisk0\" image_uri = \"??????????\" vhd_uri = \"??????\" os_type = \"linux\" caching = \"ReadWrite\" create_option = \"FromImage\" } Having trouble figuring out the values for image_uri and vhd_uri. On the Azure UI, I see a \"source blob URI\" which only returns the storage account...",
        "ts": "1564767116.000700",
        "username": "Terraform ALL the Worlds!",
        "icons": {
            "image_48": "https:\/\/s3-us-west-2.amazonaws.com\/slack-files2\/bot_icons\/2019-02-12\/548785199618_48.png"
        },
        "bot_id": "BG3N7LG73",
        "attachments": [
            {
                "service_name": "reddit",
                "title": "r\/Terraform - Using \"private\" image on Azure to launch VM",
                "title_link": "https:\/\/www.reddit.com\/r\/Terraform\/comments\/cl728x\/using_private_image_on_azure_to_launch_vm\/",
                "text": "0 votes and 0 comments so far on Reddit",
                "fallback": "reddit: r\/Terraform - Using \"private\" image on Azure to launch VM",
                "from_url": "https:\/\/www.reddit.com\/r\/Terraform\/comments\/cl728x\/using_private_image_on_azure_to_launch_vm\/",
                "service_icon": "https:\/\/www.redditstatic.com\/desktop2x\/img\/favicon\/apple-icon-57x57.png",
                "id": 1,
                "original_url": "https:\/\/www.reddit.com\/r\/Terraform\/comments\/cl728x\/using_private_image_on_azure_to_launch_vm\/"
            }
        ]
    },
    {
        "type": "message",
        "subtype": "bot_message",
        "text": "<https:\/\/www.reddit.com\/r\/Terraform\/comments\/cl8akz\/why_is_terraform_destroying_and_creating_new\/|Why is Terraform destroying and creating new Azure resources?>\nHi, I have imported the state of a manually created resource group by using the import state command on each resource ID of a resource in an Azure resource group (including the resource group). I then build out the Terraform config to replicate what is already in the state file. When I run a plan, it shows that it will destroy the resources and create them again. On looking at the plan, I see absolutely no difference anywhere between what it is applying, other than IDs, which will not be...",
        "ts": "1564772204.000900",
        "username": "Terraform ALL the Worlds!",
        "icons": {
            "image_48": "https:\/\/s3-us-west-2.amazonaws.com\/slack-files2\/bot_icons\/2019-02-12\/548785199618_48.png"
        },
        "bot_id": "BG3N7LG73",
        "attachments": [
            {
                "service_name": "reddit",
                "title": "r\/Terraform - Why is Terraform destroying and creating new Azure resources?",
                "title_link": "https:\/\/www.reddit.com\/r\/Terraform\/comments\/cl8akz\/why_is_terraform_destroying_and_creating_new\/",
                "text": "0 votes and 0 comments so far on Reddit",
                "fallback": "reddit: r\/Terraform - Why is Terraform destroying and creating new Azure resources?",
                "from_url": "https:\/\/www.reddit.com\/r\/Terraform\/comments\/cl8akz\/why_is_terraform_destroying_and_creating_new\/",
                "service_icon": "https:\/\/www.redditstatic.com\/desktop2x\/img\/favicon\/apple-icon-57x57.png",
                "id": 1,
                "original_url": "https:\/\/www.reddit.com\/r\/Terraform\/comments\/cl8akz\/why_is_terraform_destroying_and_creating_new\/"
            }
        ]
    }
]