[
    {
        "type": "message",
        "subtype": "bot_message",
        "text": "<https:\/\/qiita.com\/fukubaka0825\/items\/59974953bd4c69e9d5c7|AWS ECSでのデプロイをrolling updateからBlue\/Greenデプロイに変更する>\n<https:\/\/qiita.com\/#%E3%81%AF%E3%81%98%E3%82%81%E3%81%AB>はじめに\n\nこんにちは。Wano株式会社エンジニアのnariと申します。\n今週も記事を書いていきます。\n今回はECSにおけるデプロイ方法を、デフォルトのrolling updateの仕様がいささか怖いので、Blue\/Greenに変更した話を書こうと思います。\n\n今回のプロジェクトでは、ほぼ大体のインフラリソースをTerraformで管理しているため、設定は全てtfファイルで行います、ご了承ください。　　\n\n\n<https:\/\/qiita.com\/#bluegreen%E3%83%87%E3%83%97%E3%83%AD%E3%82%A4%E3%81%A8%E3%81%AF>Blue\/Greenデプロイ　とは\n\n稼働中のBlueに対しては何もせず、別で新しいリビジョンのGreenを作って、任意の戦略に沿って全体をGreenに切り替えていくデプロイのこと。\n稼働中の環境に手を加え、変更を重ねる従来のin...",
        "ts": "1566125805.005900",
        "username": "Terraformタグが付けられた新着記事 - Qiita",
        "icons": {
            "image_36": "https:\/\/a.slack-edge.com\/66f9\/img\/services\/rss_36.png",
            "image_48": "https:\/\/a.slack-edge.com\/66f9\/img\/services\/rss_48.png",
            "image_72": "https:\/\/a.slack-edge.com\/205a\/img\/services\/rss_72.png"
        },
        "bot_id": "BG3N7LG73",
        "attachments": [
            {
                "service_name": "Qiita",
                "title": "AWS ECSでのデプロイをrolling updateからBlue\/Greenデプロイに変更する - Qiita",
                "title_link": "https:\/\/qiita.com\/fukubaka0825\/items\/59974953bd4c69e9d5c7",
                "text": "## はじめに こんにちは。Wano株式会社エンジニアのnariと申します。 今週も記事を書いていきます。 今回は**ECSにおけるデプロイ方法を、デフォルトのrolling updateの仕様がいささか怖いので、Blue\/Green...",
                "fallback": "Qiita: AWS ECSでのデプロイをrolling updateからBlue\/Greenデプロイに変更する - Qiita",
                "thumb_url": "https:\/\/cdn.qiita.com\/assets\/qiita-fb-2887e7b4aad86fd8c25cea84846f2236.png",
                "from_url": "https:\/\/qiita.com\/fukubaka0825\/items\/59974953bd4c69e9d5c7",
                "thumb_width": 200,
                "thumb_height": 200,
                "service_icon": "https:\/\/cdn.qiita.com\/assets\/favicons\/public\/apple-touch-icon-f9a6afad761ec2306e10db2736187c8b.png",
                "id": 1,
                "original_url": "https:\/\/qiita.com\/fukubaka0825\/items\/59974953bd4c69e9d5c7"
            },
            {
                "service_name": "Qiita",
                "title": "プログラマの技術情報共有サービス - Qiita",
                "title_link": "https:\/\/qiita.com\/#%E3%81%AF%E3%81%98%E3%82%81%E3%81%AB",
                "text": "Qiitaは、プログラマのための技術情報共有サービスです。 プログラミングに関するTips、ノウハウ、メモを簡単に記録 &amp; 公開することができます。",
                "fallback": "Qiita: プログラマの技術情報共有サービス - Qiita",
                "thumb_url": "https:\/\/cdn.qiita.com\/assets\/qiita-fb-2887e7b4aad86fd8c25cea84846f2236.png",
                "from_url": "https:\/\/qiita.com\/#%E3%81%AF%E3%81%98%E3%82%81%E3%81%AB",
                "thumb_width": 200,
                "thumb_height": 200,
                "service_icon": "https:\/\/cdn.qiita.com\/assets\/favicons\/public\/apple-touch-icon-f9a6afad761ec2306e10db2736187c8b.png",
                "id": 2,
                "original_url": "https:\/\/qiita.com\/#%E3%81%AF%E3%81%98%E3%82%81%E3%81%AB"
            },
            {
                "service_name": "Qiita",
                "title": "プログラマの技術情報共有サービス - Qiita",
                "title_link": "https:\/\/qiita.com\/#bluegreen%E3%83%87%E3%83%97%E3%83%AD%E3%82%A4%E3%81%A8%E3%81%AF",
                "text": "Qiitaは、プログラマのための技術情報共有サービスです。 プログラミングに関するTips、ノウハウ、メモを簡単に記録 &amp; 公開することができます。",
                "fallback": "Qiita: プログラマの技術情報共有サービス - Qiita",
                "thumb_url": "https:\/\/cdn.qiita.com\/assets\/qiita-fb-2887e7b4aad86fd8c25cea84846f2236.png",
                "from_url": "https:\/\/qiita.com\/#bluegreen%E3%83%87%E3%83%97%E3%83%AD%E3%82%A4%E3%81%A8%E3%81%AF",
                "thumb_width": 200,
                "thumb_height": 200,
                "service_icon": "https:\/\/cdn.qiita.com\/assets\/favicons\/public\/apple-touch-icon-f9a6afad761ec2306e10db2736187c8b.png",
                "id": 3,
                "original_url": "https:\/\/qiita.com\/#bluegreen%E3%83%87%E3%83%97%E3%83%AD%E3%82%A4%E3%81%A8%E3%81%AF"
            }
        ]
    },
    {
        "type": "message",
        "subtype": "bot_message",
        "text": "<https:\/\/www.google.com\/url?rct=j&amp;sa=t&amp;url=https:\/\/www.infoq.com\/jp\/news\/2019\/08\/eks-migration-bluematador\/&amp;ct=ga&amp;cd=CAIyHDMwMTY1OGE1ZDI5NDAyNzE6Y28uanA6amE6SlA&amp;usg=AFQjCNGRD741pSBU8rtxxab8DTur7Jpd8w|Blue Matadorが実施した、自己管理型Kubernetesから&lt;b&gt;Terraform&lt;\/b&gt;を使ったAWS EKSへのマイグレーション>\nBlue Matadorでは、主にTerraformを使ってAWSリソースを管理している。Terraformには、クラウドプロバイダに対応した多数のリソースタイプ実装があるが、 ...",
        "ts": "1566184726.006100",
        "username": "Google アラート - terraform",
        "icons": {
            "image_36": "https:\/\/a.slack-edge.com\/66f9\/img\/services\/rss_36.png",
            "image_48": "https:\/\/a.slack-edge.com\/66f9\/img\/services\/rss_48.png",
            "image_72": "https:\/\/a.slack-edge.com\/205a\/img\/services\/rss_72.png"
        },
        "bot_id": "BG3N7LG73"
    }
]