[
    {
        "type": "message",
        "subtype": "bot_message",
        "text": "<https:\/\/qiita.com\/miyazawa214\/items\/90d725495d8303d6565b|CircleCIでTerraformを自動化してみた！LT用資料>\n<https:\/\/qiita.com\/#%E3%82%A4%E3%83%99%E3%83%B3%E3%83%88%E8%A9%B3%E7%B4%B0%E3%81%A8%E3%82%B9%E3%83%A9%E3%82%A4%E3%83%89>イベント詳細とスライド\n\n■connpass URL\n\n<https:\/\/circleci.connpass.com\/event\/140666\/|https:\/\/circleci.connpass.com\/event\/140666\/>\n\n2019\/8\/23（金曜日）\nCircleCIのユーザーコミュニティ主催のイベントで、LT枠をいただけたので、LTしてきました！\n入り切らなかった内容はこちらにざっと書いていきます\n\n■LTスライド\n\n\n<https:\/\/qiita.com\/#circleciconfigyml>.circleci\/config.yml...",
        "ts": "1566547311.010000",
        "username": "Terraformタグが付けられた新着記事 - Qiita",
        "icons": {
            "image_36": "https:\/\/a.slack-edge.com\/66f9\/img\/services\/rss_36.png",
            "image_48": "https:\/\/a.slack-edge.com\/66f9\/img\/services\/rss_48.png",
            "image_72": "https:\/\/a.slack-edge.com\/205a\/img\/services\/rss_72.png"
        },
        "bot_id": "BG3N7LG73",
        "attachments": [
            {
                "service_name": "Qiita",
                "title": "CircleCIでTerraformを自動化してみた！LT用資料 - Qiita",
                "title_link": "https:\/\/qiita.com\/miyazawa214\/items\/90d725495d8303d6565b",
                "text": "## イベント詳細とスライド ■connpass URL <https:\/\/circleci.connpass.com\/event\/140666\/> 2019\/8\/23（金曜日） CircleCIのユーザーコミュニティ主催のイベント...",
                "fallback": "Qiita: CircleCIでTerraformを自動化してみた！LT用資料 - Qiita",
                "thumb_url": "https:\/\/cdn.qiita.com\/assets\/qiita-fb-2887e7b4aad86fd8c25cea84846f2236.png",
                "from_url": "https:\/\/qiita.com\/miyazawa214\/items\/90d725495d8303d6565b",
                "thumb_width": 200,
                "thumb_height": 200,
                "service_icon": "https:\/\/cdn.qiita.com\/assets\/favicons\/public\/apple-touch-icon-f9a6afad761ec2306e10db2736187c8b.png",
                "id": 1,
                "original_url": "https:\/\/qiita.com\/miyazawa214\/items\/90d725495d8303d6565b"
            },
            {
                "service_name": "Qiita",
                "title": "プログラマの技術情報共有サービス - Qiita",
                "title_link": "https:\/\/qiita.com\/#%E3%82%A4%E3%83%99%E3%83%B3%E3%83%88%E8%A9%B3%E7%B4%B0%E3%81%A8%E3%82%B9%E3%83%A9%E3%82%A4%E3%83%89",
                "text": "Qiitaは、プログラマのための技術情報共有サービスです。 プログラミングに関するTips、ノウハウ、メモを簡単に記録 &amp; 公開することができます。",
                "fallback": "Qiita: プログラマの技術情報共有サービス - Qiita",
                "thumb_url": "https:\/\/cdn.qiita.com\/assets\/qiita-fb-2887e7b4aad86fd8c25cea84846f2236.png",
                "from_url": "https:\/\/qiita.com\/#%E3%82%A4%E3%83%99%E3%83%B3%E3%83%88%E8%A9%B3%E7%B4%B0%E3%81%A8%E3%82%B9%E3%83%A9%E3%82%A4%E3%83%89",
                "thumb_width": 200,
                "thumb_height": 200,
                "service_icon": "https:\/\/cdn.qiita.com\/assets\/favicons\/public\/apple-touch-icon-f9a6afad761ec2306e10db2736187c8b.png",
                "id": 2,
                "original_url": "https:\/\/qiita.com\/#%E3%82%A4%E3%83%99%E3%83%B3%E3%83%88%E8%A9%B3%E7%B4%B0%E3%81%A8%E3%82%B9%E3%83%A9%E3%82%A4%E3%83%89"
            },
            {
                "service_name": "connpass",
                "title": "増枠: CircleCI ユーザーコミュニティミートアップ 【LT会】 (2019\/08\/23 19:00〜)",
                "title_link": "https:\/\/circleci.connpass.com\/event\/140666\/",
                "text": "# コミュニティについて デベロッパーが素晴らしいプロダクトを高品質かつ迅速にデリバリーするために、CircleCIユーザーがお互いの技術や知見を交換しながら支え合い、幸せなデベロッパーライフをビルドするためのコミュニティです。 以下のような方々に参加をオススメします： * 初心者から上級者まで、CircleCIを使ってみたい or 使っている * NoOps・DevOps を実現したい or 実現した * リリースにかかる時間や工数を削減したい or 削減した * テスト文化・自動化文化を社内外に広めたい or 実践している ユーザーコミュニティの活動について、...",
                "fallback": "connpass: 増枠: CircleCI ユーザーコミュニティミートアップ 【LT会】 (2019\/08\/23 19:00〜)",
                "image_url": "https:\/\/connpass-tokyo.s3.amazonaws.com\/thumbs\/56\/d6\/56d60638250ed68b5826deaa167ee97e.png",
                "from_url": "https:\/\/circleci.connpass.com\/event\/140666\/",
                "image_width": 468,
                "image_height": 234,
                "image_bytes": 73728,
                "service_icon": "https:\/\/connpass.com\/static\/img\/apple_touch_icon.png",
                "id": 3,
                "original_url": "https:\/\/circleci.connpass.com\/event\/140666\/"
            },
            {
                "service_name": "Qiita",
                "title": "プログラマの技術情報共有サービス - Qiita",
                "title_link": "https:\/\/qiita.com\/#circleciconfigyml",
                "text": "Qiitaは、プログラマのための技術情報共有サービスです。 プログラミングに関するTips、ノウハウ、メモを簡単に記録 &amp; 公開することができます。",
                "fallback": "Qiita: プログラマの技術情報共有サービス - Qiita",
                "thumb_url": "https:\/\/cdn.qiita.com\/assets\/qiita-fb-2887e7b4aad86fd8c25cea84846f2236.png",
                "from_url": "https:\/\/qiita.com\/#circleciconfigyml",
                "thumb_width": 200,
                "thumb_height": 200,
                "service_icon": "https:\/\/cdn.qiita.com\/assets\/favicons\/public\/apple-touch-icon-f9a6afad761ec2306e10db2736187c8b.png",
                "id": 4,
                "original_url": "https:\/\/qiita.com\/#circleciconfigyml"
            }
        ]
    },
    {
        "type": "message",
        "subtype": "bot_message",
        "text": "<https:\/\/www.reddit.com\/r\/Terraform\/comments\/cuaxue\/terraform_012_module_interdependence\/|Terraform 0.12 module interdependence>\nI have a folder structure like:  prod └ <http:\/\/main.tf|main.tf> └ <http:\/\/vars.tf|vars.tf> └ <http:\/\/outputs.tf|outputs.tf> └ ec2 └ <http:\/\/main.tf|main.tf> └ <http:\/\/vars.tf|vars.tf> └ <http:\/\/outputs.tf|outputs.tf> └ sg └ <http:\/\/main.tf|main.tf> └ <http:\/\/vars.tf|vars.tf> └ <http:\/\/outputs.tf|outputs.tf>  I want to make an implicit dependency between the local modules ec2 and a sg so it will attach a security group to an instance but I can not make it work.  In prod\/main.tf I have this: provider \"aws\" {} module \"ec2\" { source = \".\/ec2\" } module \"sg\" { source = \".\/sg\" }  In prod\/sg\/main.tf: resource \"aws_security_group\" \"example\" { name = \"example\"...",
        "ts": "1566548503.010200",
        "username": "Terraform ALL the Worlds!",
        "icons": {
            "image_48": "https:\/\/s3-us-west-2.amazonaws.com\/slack-files2\/bot_icons\/2019-02-12\/548785199618_48.png"
        },
        "bot_id": "BG3N7LG73",
        "attachments": [
            {
                "service_name": "reddit",
                "title": "r\/Terraform - Terraform 0.12 module interdependence",
                "title_link": "https:\/\/www.reddit.com\/r\/Terraform\/comments\/cuaxue\/terraform_012_module_interdependence\/",
                "text": "0 votes and 0 comments so far on Reddit",
                "fallback": "reddit: r\/Terraform - Terraform 0.12 module interdependence",
                "from_url": "https:\/\/www.reddit.com\/r\/Terraform\/comments\/cuaxue\/terraform_012_module_interdependence\/",
                "service_icon": "https:\/\/www.redditstatic.com\/desktop2x\/img\/favicon\/apple-icon-57x57.png",
                "id": 1,
                "original_url": "https:\/\/www.reddit.com\/r\/Terraform\/comments\/cuaxue\/terraform_012_module_interdependence\/"
            }
        ]
    },
    {
        "type": "message",
        "subtype": "bot_message",
        "text": "<https:\/\/www.reddit.com\/r\/Terraform\/comments\/cudpkp\/terraform_created_efs_volume_not_getting_mounted\/|Terraform created EFS volume not getting mounted>\nI am using 2 modules to create an efs mount, then create a bastion host using a template. The template includes steps to mount the efs volume. The problem that I am encountering is that the efs mount simply doesn't appear to show up. At the end of my template I have a statement to create a file called \/root\/finished, but that file never seems to get created. What's crazy is a few months ago, this worked just fine. Nothing has changed since, but now it will not work. I can't figure out if...",
        "ts": "1566566501.010400",
        "username": "Terraform ALL the Worlds!",
        "icons": {
            "image_48": "https:\/\/s3-us-west-2.amazonaws.com\/slack-files2\/bot_icons\/2019-02-12\/548785199618_48.png"
        },
        "bot_id": "BG3N7LG73",
        "attachments": [
            {
                "service_name": "reddit",
                "title": "r\/Terraform - Terraform created EFS volume not getting mounted",
                "title_link": "https:\/\/www.reddit.com\/r\/Terraform\/comments\/cudpkp\/terraform_created_efs_volume_not_getting_mounted\/",
                "text": "0 votes and 0 comments so far on Reddit",
                "fallback": "reddit: r\/Terraform - Terraform created EFS volume not getting mounted",
                "thumb_url": "https:\/\/external-preview.redd.it\/jeUnDg-weedv0uVA_KMwE3R1YjJy98sAM2BPI42qEqE.jpg?auto=webp&s=df854b79f5d45b81422d778cb76b8a686a9be207",
                "from_url": "https:\/\/www.reddit.com\/r\/Terraform\/comments\/cudpkp\/terraform_created_efs_volume_not_getting_mounted\/",
                "thumb_width": 400,
                "thumb_height": 400,
                "service_icon": "https:\/\/www.redditstatic.com\/desktop2x\/img\/favicon\/apple-icon-57x57.png",
                "id": 1,
                "original_url": "https:\/\/www.reddit.com\/r\/Terraform\/comments\/cudpkp\/terraform_created_efs_volume_not_getting_mounted\/"
            }
        ]
    },
    {
        "type": "message",
        "subtype": "bot_message",
        "text": "<https:\/\/www.reddit.com\/r\/Terraform\/comments\/cufs8u\/terraform_and_code_deployments\/|Terraform and Code Deployments>\nRight now we store our infrastructure code in Git with our app code. When we deploy, our stack (except DBs) gets torn down and new EC2s\/ALBs get spun up with our new app code. Is this what is typically done? I'd like to get away from tearing down the whole stack and instead just redeploy our app code to the existing infra. But I'm not sure if my philosophy on this goes against the theory of immutable infrastructure.    submitted by   <https:\/\/www.reddit.com\/user\/cipp| \/u\/cipp >...",
        "ts": "1566576103.010600",
        "username": "Terraform ALL the Worlds!",
        "icons": {
            "image_48": "https:\/\/s3-us-west-2.amazonaws.com\/slack-files2\/bot_icons\/2019-02-12\/548785199618_48.png"
        },
        "bot_id": "BG3N7LG73",
        "attachments": [
            {
                "service_name": "reddit",
                "title": "r\/Terraform - Terraform and Code Deployments",
                "title_link": "https:\/\/www.reddit.com\/r\/Terraform\/comments\/cufs8u\/terraform_and_code_deployments\/",
                "text": "0 votes and 0 comments so far on Reddit",
                "fallback": "reddit: r\/Terraform - Terraform and Code Deployments",
                "from_url": "https:\/\/www.reddit.com\/r\/Terraform\/comments\/cufs8u\/terraform_and_code_deployments\/",
                "service_icon": "https:\/\/www.redditstatic.com\/desktop2x\/img\/favicon\/apple-icon-57x57.png",
                "id": 1,
                "original_url": "https:\/\/www.reddit.com\/r\/Terraform\/comments\/cufs8u\/terraform_and_code_deployments\/"
            },
            {
                "service_name": "reddit",
                "title": "cipp (u\/cipp) - Reddit",
                "title_link": "https:\/\/www.reddit.com\/user\/cipp",
                "text": "u\/cipp:",
                "fallback": "reddit: cipp (u\/cipp) - Reddit",
                "thumb_url": "https:\/\/www.redditstatic.com\/avatars\/avatar_default_13_EA0027.png",
                "from_url": "https:\/\/www.reddit.com\/user\/cipp",
                "thumb_width": 256,
                "thumb_height": 256,
                "service_icon": "https:\/\/www.redditstatic.com\/desktop2x\/img\/favicon\/apple-icon-57x57.png",
                "id": 2,
                "original_url": "https:\/\/www.reddit.com\/user\/cipp"
            }
        ]
    },
    {
        "type": "message",
        "subtype": "bot_message",
        "text": "<https:\/\/www.reddit.com\/r\/Terraform\/comments\/cug8j6\/file_provisioner_for_k8s_persistent_volume\/|File provisioner for K8s Persistent Volume>\nCan someone give me an example configuration for copying a file from host to the K8s persistent volume using a file provisioner? Specifically I’m having trouble configuring the ssh connection block for the file provisioner. Can’t seem to connect properly to the volume.    submitted by   <https:\/\/www.reddit.com\/user\/theRealIke| \/u\/theRealIke > \n<https:\/\/www.reddit.com\/r\/Terraform\/comments\/cug8j6\/file_provisioner_for_k8s_persistent_volume\/|[link]>   &lt;a...",
        "ts": "1566578201.010800",
        "username": "Terraform ALL the Worlds!",
        "icons": {
            "image_48": "https:\/\/s3-us-west-2.amazonaws.com\/slack-files2\/bot_icons\/2019-02-12\/548785199618_48.png"
        },
        "bot_id": "BG3N7LG73",
        "attachments": [
            {
                "service_name": "reddit",
                "title": "r\/Terraform - File provisioner for K8s Persistent Volume",
                "title_link": "https:\/\/www.reddit.com\/r\/Terraform\/comments\/cug8j6\/file_provisioner_for_k8s_persistent_volume\/",
                "text": "0 votes and 0 comments so far on Reddit",
                "fallback": "reddit: r\/Terraform - File provisioner for K8s Persistent Volume",
                "from_url": "https:\/\/www.reddit.com\/r\/Terraform\/comments\/cug8j6\/file_provisioner_for_k8s_persistent_volume\/",
                "service_icon": "https:\/\/www.redditstatic.com\/desktop2x\/img\/favicon\/apple-icon-57x57.png",
                "id": 1,
                "original_url": "https:\/\/www.reddit.com\/r\/Terraform\/comments\/cug8j6\/file_provisioner_for_k8s_persistent_volume\/"
            },
            {
                "service_name": "reddit",
                "title": "theRealIke (u\/theRealIke) - Reddit",
                "title_link": "https:\/\/www.reddit.com\/user\/theRealIke",
                "text": "u\/theRealIke:",
                "fallback": "reddit: theRealIke (u\/theRealIke) - Reddit",
                "thumb_url": "https:\/\/www.redditstatic.com\/avatars\/avatar_default_10_7E53C1.png",
                "from_url": "https:\/\/www.reddit.com\/user\/theRealIke",
                "thumb_width": 256,
                "thumb_height": 256,
                "service_icon": "https:\/\/www.redditstatic.com\/desktop2x\/img\/favicon\/apple-icon-57x57.png",
                "id": 2,
                "original_url": "https:\/\/www.reddit.com\/user\/theRealIke"
            }
        ]
    },
    {
        "type": "message",
        "subtype": "bot_message",
        "text": "<https:\/\/www.reddit.com\/r\/Terraform\/comments\/cukc0b\/how_to_use_dynamic_variables_that_change_between\/|How to use dynamic variables that change between environments>\nI'm trying to import a couple of dynamodb tables to terraform. I'm stuck on how to dynamically handle global secondary indexes between environments. I have a module and two state files for each environment. How can i dynamically enter these variables using count , that change between environments, For example in the below example there are 5 indexes but for a particular index in prod account the read capacity and write capacity changes, whereas all other variables remain constant. ie...",
        "ts": "1566596801.011000",
        "username": "Terraform ALL the Worlds!",
        "icons": {
            "image_48": "https:\/\/s3-us-west-2.amazonaws.com\/slack-files2\/bot_icons\/2019-02-12\/548785199618_48.png"
        },
        "bot_id": "BG3N7LG73",
        "attachments": [
            {
                "service_name": "reddit",
                "title": "r\/Terraform - How to use dynamic variables that change between environments",
                "title_link": "https:\/\/www.reddit.com\/r\/Terraform\/comments\/cukc0b\/how_to_use_dynamic_variables_that_change_between\/",
                "text": "0 votes and 0 comments so far on Reddit",
                "fallback": "reddit: r\/Terraform - How to use dynamic variables that change between environments",
                "from_url": "https:\/\/www.reddit.com\/r\/Terraform\/comments\/cukc0b\/how_to_use_dynamic_variables_that_change_between\/",
                "service_icon": "https:\/\/www.redditstatic.com\/desktop2x\/img\/favicon\/apple-icon-57x57.png",
                "id": 1,
                "original_url": "https:\/\/www.reddit.com\/r\/Terraform\/comments\/cukc0b\/how_to_use_dynamic_variables_that_change_between\/"
            }
        ]
    },
    {
        "type": "message",
        "subtype": "bot_message",
        "text": "<https:\/\/www.reddit.com\/r\/Terraform\/comments\/cukfbn\/control_destroy_order\/|Control destroy order>\nHi, i have a complicated terrafrom script and i had to in a couple of resource types manually create a depends_on list as terrafrom was creating things in the wrong order. I now run into an issue where it will destroy items in the wrong order. this means it unable to completely destroy the environment because it revokes a permission before deleting the object 9whcih require the permission. I had a play around with depends_on but it does not seem to control the destroy order. Anyone have any...",
        "ts": "1566596801.011100",
        "username": "Terraform ALL the Worlds!",
        "icons": {
            "image_48": "https:\/\/s3-us-west-2.amazonaws.com\/slack-files2\/bot_icons\/2019-02-12\/548785199618_48.png"
        },
        "bot_id": "BG3N7LG73",
        "attachments": [
            {
                "service_name": "reddit",
                "title": "r\/Terraform - Control destroy order",
                "title_link": "https:\/\/www.reddit.com\/r\/Terraform\/comments\/cukfbn\/control_destroy_order\/",
                "text": "0 votes and 0 comments so far on Reddit",
                "fallback": "reddit: r\/Terraform - Control destroy order",
                "from_url": "https:\/\/www.reddit.com\/r\/Terraform\/comments\/cukfbn\/control_destroy_order\/",
                "service_icon": "https:\/\/www.redditstatic.com\/desktop2x\/img\/favicon\/apple-icon-57x57.png",
                "id": 1,
                "original_url": "https:\/\/www.reddit.com\/r\/Terraform\/comments\/cukfbn\/control_destroy_order\/"
            }
        ]
    },
    {
        "type": "message",
        "subtype": "bot_message",
        "text": "<https:\/\/www.reddit.com\/r\/Terraform\/comments\/cupjrx\/invalidgatewayidnotfound_on_a_gateway_that_exists\/|InvalidGatewayID.NotFound: ... on a gateway that exists and is being attached to in other route tables.>\nError is as follows..... 1 error occurred: * aws_route_table.db: 1 error occurred: * aws_route_table.db: InvalidGatewayID.NotFound: The gateway ID 'vgw-0941xxxxxxxx12ff' does not exist status code: 400, request id: c35660de-e0ce-4380-a2c3-3050d519d091  Error is being generated on creation from..... resource \"aws_route_table\" \"db\" { vpc_id = \"${aws_vpc.dev.id}\" route{ cidr_block=\"${var.cnf_cidr}\" gateway_id=\"${data.aws_vpn_gateway.vpn_gw.id}\" } route{ cidr_block=\"${var.cnf_vpn}\"...",
        "ts": "1566625614.011400",
        "username": "Terraform ALL the Worlds!",
        "icons": {
            "image_48": "https:\/\/s3-us-west-2.amazonaws.com\/slack-files2\/bot_icons\/2019-02-12\/548785199618_48.png"
        },
        "bot_id": "BG3N7LG73",
        "attachments": [
            {
                "service_name": "reddit",
                "title": "r\/Terraform - InvalidGatewayID.NotFound: ... on a gateway that exists and is being attached to in other route tables.",
                "title_link": "https:\/\/www.reddit.com\/r\/Terraform\/comments\/cupjrx\/invalidgatewayidnotfound_on_a_gateway_that_exists\/",
                "text": "0 votes and 0 comments so far on Reddit",
                "fallback": "reddit: r\/Terraform - InvalidGatewayID.NotFound: ... on a gateway that exists and is being attached to in other route tables.",
                "from_url": "https:\/\/www.reddit.com\/r\/Terraform\/comments\/cupjrx\/invalidgatewayidnotfound_on_a_gateway_that_exists\/",
                "service_icon": "https:\/\/www.redditstatic.com\/desktop2x\/img\/favicon\/apple-icon-57x57.png",
                "id": 1,
                "original_url": "https:\/\/www.reddit.com\/r\/Terraform\/comments\/cupjrx\/invalidgatewayidnotfound_on_a_gateway_that_exists\/"
            }
        ]
    }
]