[
    {
        "type": "message",
        "subtype": "bot_message",
        "text": "<https:\/\/www.reddit.com\/r\/Terraform\/comments\/cr4jvk\/cannot_execute_binary_file_error\/|cannot execute binary file error>\n<https:\/\/i.redd.it\/3w2qh11kgsg31.png|https:\/\/i.redd.it\/3w2qh11kgsg31.png> ​ installed it with and without homebrew and getting this error    submitted by   <https:\/\/www.reddit.com\/user\/rifaterdemsahin| \/u\/rifaterdemsahin > \n<https:\/\/www.reddit.com\/r\/Terraform\/comments\/cr4jvk\/cannot_execute_binary_file_error\/|[link]>   <https:\/\/www.reddit.com\/r\/Terraform\/comments\/cr4jvk\/cannot_execute_binary_file_error\/|[comments]>",
        "ts": "1565952402.004900",
        "username": "Terraform ALL the Worlds!",
        "icons": {
            "image_48": "https:\/\/s3-us-west-2.amazonaws.com\/slack-files2\/bot_icons\/2019-02-12\/548785199618_48.png"
        },
        "bot_id": "BG3N7LG73",
        "attachments": [
            {
                "service_name": "reddit",
                "title": "r\/Terraform - cannot execute binary file error",
                "title_link": "https:\/\/www.reddit.com\/r\/Terraform\/comments\/cr4jvk\/cannot_execute_binary_file_error\/",
                "text": "0 votes and 0 comments so far on Reddit",
                "fallback": "reddit: r\/Terraform - cannot execute binary file error",
                "from_url": "https:\/\/www.reddit.com\/r\/Terraform\/comments\/cr4jvk\/cannot_execute_binary_file_error\/",
                "service_icon": "https:\/\/www.redditstatic.com\/desktop2x\/img\/favicon\/apple-icon-57x57.png",
                "id": 1,
                "original_url": "https:\/\/www.reddit.com\/r\/Terraform\/comments\/cr4jvk\/cannot_execute_binary_file_error\/"
            },
            {
                "fallback": "2170x514px image",
                "image_url": "https:\/\/i.redd.it\/3w2qh11kgsg31.png",
                "image_width": 2170,
                "image_height": 514,
                "image_bytes": 449278,
                "from_url": "https:\/\/i.redd.it\/3w2qh11kgsg31.png",
                "id": 2,
                "original_url": "https:\/\/i.redd.it\/3w2qh11kgsg31.png"
            },
            {
                "service_name": "reddit",
                "title": "rifaterdemsahin (u\/rifaterdemsahin) - Reddit",
                "title_link": "https:\/\/www.reddit.com\/user\/rifaterdemsahin",
                "text": "u\/rifaterdemsahin:",
                "fallback": "reddit: rifaterdemsahin (u\/rifaterdemsahin) - Reddit",
                "thumb_url": "https:\/\/www.redditstatic.com\/avatars\/avatar_default_18_FF8717.png",
                "from_url": "https:\/\/www.reddit.com\/user\/rifaterdemsahin",
                "thumb_width": 256,
                "thumb_height": 256,
                "service_icon": "https:\/\/www.redditstatic.com\/desktop2x\/img\/favicon\/apple-icon-57x57.png",
                "id": 3,
                "original_url": "https:\/\/www.reddit.com\/user\/rifaterdemsahin"
            }
        ]
    },
    {
        "type": "message",
        "subtype": "bot_message",
        "text": "<https:\/\/www.reddit.com\/r\/Terraform\/comments\/cr54kb\/terraform_policy_assignment_issue\/|Terraform policy assignment issue>\nHi all, I seem to be hitting a 2 year old Terraform policy 'bug' or 'variance'. I don't know. resource \"aws_iam_policy\" \"KeyPolicy\" { name = \"KMSSharing-policy\" description = \"This policy is used for sharing and administering AWS KMS keys globally\" # ... other configuration ... policy =    submitted by",
        "ts": "1565955706.005100",
        "username": "Terraform ALL the Worlds!",
        "icons": {
            "image_48": "https:\/\/s3-us-west-2.amazonaws.com\/slack-files2\/bot_icons\/2019-02-12\/548785199618_48.png"
        },
        "bot_id": "BG3N7LG73",
        "attachments": [
            {
                "service_name": "reddit",
                "title": "r\/Terraform - Terraform policy assignment issue",
                "title_link": "https:\/\/www.reddit.com\/r\/Terraform\/comments\/cr54kb\/terraform_policy_assignment_issue\/",
                "text": "0 votes and 0 comments so far on Reddit",
                "fallback": "reddit: r\/Terraform - Terraform policy assignment issue",
                "thumb_url": "https:\/\/external-preview.redd.it\/JWU2BWwlCuvMzT-Diz_F0nW2ZRAzZyt5iYyY6J_e69U.jpg?auto=webp&s=7cea91680aaa262513658d14b2682cfc81e46c5d",
                "from_url": "https:\/\/www.reddit.com\/r\/Terraform\/comments\/cr54kb\/terraform_policy_assignment_issue\/",
                "thumb_width": 399,
                "thumb_height": 399,
                "service_icon": "https:\/\/www.redditstatic.com\/desktop2x\/img\/favicon\/apple-icon-57x57.png",
                "id": 1,
                "original_url": "https:\/\/www.reddit.com\/r\/Terraform\/comments\/cr54kb\/terraform_policy_assignment_issue\/"
            }
        ]
    },
    {
        "type": "message",
        "subtype": "bot_message",
        "text": "<https:\/\/www.reddit.com\/r\/Terraform\/comments\/crd2j0\/terraform_for_each_problems_or_confusion\/|Terraform for_each problems (or confusion)>\nHi guys, I'm new to Terraform, and just messing around with some stuff. One of the things I'm messing around with is <https:\/\/www.hashicorp.com\/blog\/hashicorp-terraform-0-12-preview-for-and-for-each|for_each>. I'm creating a module which creates a VPC. Within this module, another module (which creates the subnet) is used. For this particular VPC, there needs to be a subnet for each availability zone. I create the subnets as below (I'm not showing all the code, so required...",
        "ts": "1565993201.005300",
        "username": "Terraform ALL the Worlds!",
        "icons": {
            "image_48": "https:\/\/s3-us-west-2.amazonaws.com\/slack-files2\/bot_icons\/2019-02-12\/548785199618_48.png"
        },
        "bot_id": "BG3N7LG73",
        "attachments": [
            {
                "service_name": "reddit",
                "title": "r\/Terraform - Terraform for_each problems (or confusion)",
                "title_link": "https:\/\/www.reddit.com\/r\/Terraform\/comments\/crd2j0\/terraform_for_each_problems_or_confusion\/",
                "text": "0 votes and 0 comments so far on Reddit",
                "fallback": "reddit: r\/Terraform - Terraform for_each problems (or confusion)",
                "thumb_url": "https:\/\/external-preview.redd.it\/Az5ftAdR0lEGLuv-dT8OFytcJmMSjTWFMiaNMqh-8PE.jpg?auto=webp&s=0528b527c46fd2f365a81f42c74ee2c4580fd808",
                "from_url": "https:\/\/www.reddit.com\/r\/Terraform\/comments\/crd2j0\/terraform_for_each_problems_or_confusion\/",
                "thumb_width": 900,
                "thumb_height": 471,
                "service_icon": "https:\/\/www.redditstatic.com\/desktop2x\/img\/favicon\/apple-icon-57x57.png",
                "id": 1,
                "original_url": "https:\/\/www.reddit.com\/r\/Terraform\/comments\/crd2j0\/terraform_for_each_problems_or_confusion\/"
            },
            {
                "service_name": "HashiCorp - Cloud Infrastructure Automation",
                "title": "HashiCorp Terraform 0.12 Preview: For and For-Each",
                "title_link": "https:\/\/www.hashicorp.com\/blog\/hashicorp-terraform-0-12-preview-for-and-for-each",
                "text": "As part of the lead up to the release of Terraform 0.12, we are publishing a series of feature preview blog posts. The post this week is on the new iteration features: for expressi...",
                "fallback": "HashiCorp - Cloud Infrastructure Automation: HashiCorp Terraform 0.12 Preview: For and For-Each",
                "thumb_url": "https:\/\/www.datocms-assets.com\/2885\/1508522484-share.jpg?format=auto&w=900",
                "from_url": "https:\/\/www.hashicorp.com\/blog\/hashicorp-terraform-0-12-preview-for-and-for-each",
                "thumb_width": 900,
                "thumb_height": 471,
                "service_icon": "https:\/\/www.datocms-assets.com\/2885\/1527033389-favicon.png?w=57&h=57",
                "id": 2,
                "original_url": "https:\/\/www.hashicorp.com\/blog\/hashicorp-terraform-0-12-preview-for-and-for-each"
            }
        ]
    }
]