[
    {
        "type": "message",
        "subtype": "bot_message",
        "text": "<https:\/\/www.reddit.com\/r\/Terraform\/comments\/cqo4y5\/dealing_with_api_access_secret_keys\/|Dealing with API Access &amp; secret keys>\nI am currently providing API access &amp; secret keys as variables in <http:\/\/variables.tf|variables.tf> but these are kept in plain text. How exactly do I obfuscate these so people cannot just read the file and find our secret keys, how do other people go about dealing with this? I do know about terraform backend but as far as I can see I still need to declare the api secret &amp; access keys somewhere as I cannot call them from the state file. Unless I have this wrong.    submitted by   &lt;a...",
        "ts": "1565866306.004300",
        "username": "Terraform ALL the Worlds!",
        "icons": {
            "image_48": "https:\/\/s3-us-west-2.amazonaws.com\/slack-files2\/bot_icons\/2019-02-12\/548785199618_48.png"
        },
        "bot_id": "BG3N7LG73",
        "attachments": [
            {
                "service_name": "reddit",
                "title": "r\/Terraform - Dealing with API Access &amp; secret keys",
                "title_link": "https:\/\/www.reddit.com\/r\/Terraform\/comments\/cqo4y5\/dealing_with_api_access_secret_keys\/",
                "text": "0 votes and 0 comments so far on Reddit",
                "fallback": "reddit: r\/Terraform - Dealing with API Access &amp; secret keys",
                "from_url": "https:\/\/www.reddit.com\/r\/Terraform\/comments\/cqo4y5\/dealing_with_api_access_secret_keys\/",
                "service_icon": "https:\/\/www.redditstatic.com\/desktop2x\/img\/favicon\/apple-icon-57x57.png",
                "id": 1,
                "original_url": "https:\/\/www.reddit.com\/r\/Terraform\/comments\/cqo4y5\/dealing_with_api_access_secret_keys\/"
            }
        ]
    },
    {
        "type": "message",
        "subtype": "bot_message",
        "text": "<https:\/\/www.reddit.com\/r\/Terraform\/comments\/cqr59c\/creating_windows_image_in_vsphere\/|Creating Windows Image in Vsphere?>\nAs the title says, I am wondering if anyone has any experience creating windows vms in vsphere using terraform? I have had quite a few problems getting it configured. If there are any use cases or examples anyone has that woul dalso be hugely helpful. Thanks!    submitted by   <https:\/\/www.reddit.com\/user\/haunterdry5| \/u\/haunterdry5 > \n<https:\/\/www.reddit.com\/r\/Terraform\/comments\/cqr59c\/creating_windows_image_in_vsphere\/|[link]>   &lt;a...",
        "ts": "1565882803.004500",
        "username": "Terraform ALL the Worlds!",
        "icons": {
            "image_48": "https:\/\/s3-us-west-2.amazonaws.com\/slack-files2\/bot_icons\/2019-02-12\/548785199618_48.png"
        },
        "bot_id": "BG3N7LG73",
        "attachments": [
            {
                "service_name": "reddit",
                "title": "r\/Terraform - Creating Windows Image in Vsphere?",
                "title_link": "https:\/\/www.reddit.com\/r\/Terraform\/comments\/cqr59c\/creating_windows_image_in_vsphere\/",
                "text": "0 votes and 0 comments so far on Reddit",
                "fallback": "reddit: r\/Terraform - Creating Windows Image in Vsphere?",
                "from_url": "https:\/\/www.reddit.com\/r\/Terraform\/comments\/cqr59c\/creating_windows_image_in_vsphere\/",
                "service_icon": "https:\/\/www.redditstatic.com\/desktop2x\/img\/favicon\/apple-icon-57x57.png",
                "id": 1,
                "original_url": "https:\/\/www.reddit.com\/r\/Terraform\/comments\/cqr59c\/creating_windows_image_in_vsphere\/"
            },
            {
                "service_name": "reddit",
                "title": "Hexophile (u\/haunterdry5) - Reddit",
                "title_link": "https:\/\/www.reddit.com\/user\/haunterdry5",
                "text": "u\/haunterdry5:",
                "fallback": "reddit: Hexophile (u\/haunterdry5) - Reddit",
                "thumb_url": "https:\/\/www.redditstatic.com\/avatars\/avatar_default_03_0079D3.png",
                "from_url": "https:\/\/www.reddit.com\/user\/haunterdry5",
                "thumb_width": 256,
                "thumb_height": 256,
                "service_icon": "https:\/\/www.redditstatic.com\/desktop2x\/img\/favicon\/apple-icon-57x57.png",
                "id": 2,
                "original_url": "https:\/\/www.reddit.com\/user\/haunterdry5"
            }
        ]
    },
    {
        "type": "message",
        "subtype": "bot_message",
        "text": "<https:\/\/www.reddit.com\/r\/Terraform\/comments\/cr2j3a\/api_gateway_with_a_aws_vpc_endpoint_and\/|API Gateway with a AWS VPC endpoint and codepipeline>\nHey terraformers,  I'm making a AWS pipeline for deploying a API that should end up with a VPC endpoint.  So far I've managed the codepipeline stuff, as I've done it before. Now my question is this:  Where do I set up the VPC endpoint? Do I set it up in the deploy stage as provider ?  I'm kinda confused since I understand how to make a pipeline and I get the idea behind VPC endpoints, but can't seem to make them click.  Any advice is appreciated.  Thanks!    submitted by   &lt;a...",
        "ts": "1565937702.004700",
        "username": "Terraform ALL the Worlds!",
        "icons": {
            "image_48": "https:\/\/s3-us-west-2.amazonaws.com\/slack-files2\/bot_icons\/2019-02-12\/548785199618_48.png"
        },
        "bot_id": "BG3N7LG73",
        "attachments": [
            {
                "service_name": "reddit",
                "title": "r\/Terraform - API Gateway with a AWS VPC endpoint and codepipeline",
                "title_link": "https:\/\/www.reddit.com\/r\/Terraform\/comments\/cr2j3a\/api_gateway_with_a_aws_vpc_endpoint_and\/",
                "text": "0 votes and 0 comments so far on Reddit",
                "fallback": "reddit: r\/Terraform - API Gateway with a AWS VPC endpoint and codepipeline",
                "from_url": "https:\/\/www.reddit.com\/r\/Terraform\/comments\/cr2j3a\/api_gateway_with_a_aws_vpc_endpoint_and\/",
                "service_icon": "https:\/\/www.redditstatic.com\/desktop2x\/img\/favicon\/apple-icon-57x57.png",
                "id": 1,
                "original_url": "https:\/\/www.reddit.com\/r\/Terraform\/comments\/cr2j3a\/api_gateway_with_a_aws_vpc_endpoint_and\/"
            }
        ]
    }
]