[
    {
        "type": "message",
        "subtype": "bot_message",
        "text": "<https:\/\/qiita.com\/fukubaka0825\/items\/3f7a9ea103fcbb9e8872|AWS CloudWatch Agent導入+LoadAverage送信cronをTerraformとuserDataで設定して、デフォルトのEC2メトリクスを補填する>\n<https:\/\/qiita-user-contents.imgix.net\/https%3A%2F%2Fqiita-image-store.s3.ap-northeast-1.amazonaws.com%2F0%2F321850%2F663fdeb9-581b-4539-d89e-65d3fbbd353e.png?ixlib=rb-1.2.2&amp;auto=compress%2Cformat&amp;fit=max&amp;s=12088fa21935fdf7517663132f95daa4>\n\n\n<https:\/\/qiita.com\/#%E3%81%AF%E3%81%98%E3%82%81%E3%81%AB>はじめに\n\nこんにちわ。Wano株式会社でエンジニアをやっているnariと申します。\n\n今回は、最近取り組んでいるリソースメトリクスの収集の話をしようと思います。\n\n&lt;a...",
        "ts": "1565611004.000100",
        "username": "Terraformタグが付けられた新着記事 - Qiita",
        "icons": {
            "image_36": "https:\/\/a.slack-edge.com\/66f9\/img\/services\/rss_36.png",
            "image_48": "https:\/\/a.slack-edge.com\/66f9\/img\/services\/rss_48.png",
            "image_72": "https:\/\/a.slack-edge.com\/205a\/img\/services\/rss_72.png"
        },
        "bot_id": "BG3N7LG73",
        "attachments": [
            {
                "service_name": "Qiita",
                "title": "AWS CloudWatch Agent導入+LoadAverage送信cronをTerraformとuserDataで設定して、デフォルトのEC2メトリクスを補填する - Qiita",
                "title_link": "https:\/\/qiita.com\/fukubaka0825\/items\/3f7a9ea103fcbb9e8872",
                "text": "![2016-07-13_16h12_14-1.png](<https:\/\/qiita-image-store.s3.ap-northeast-1.amazonaws.com\/0\/321850\/663fdeb9-581b-4539-d8>...",
                "fallback": "Qiita: AWS CloudWatch Agent導入+LoadAverage送信cronをTerraformとuserDataで設定して、デフォルトのEC2メトリクスを補填する - Qiita",
                "thumb_url": "https:\/\/cdn.qiita.com\/assets\/qiita-fb-2887e7b4aad86fd8c25cea84846f2236.png",
                "from_url": "https:\/\/qiita.com\/fukubaka0825\/items\/3f7a9ea103fcbb9e8872",
                "thumb_width": 200,
                "thumb_height": 200,
                "service_icon": "https:\/\/cdn.qiita.com\/assets\/favicons\/public\/apple-touch-icon-f9a6afad761ec2306e10db2736187c8b.png",
                "id": 1,
                "original_url": "https:\/\/qiita.com\/fukubaka0825\/items\/3f7a9ea103fcbb9e8872"
            },
            {
                "fallback": "350x300px image",
                "image_url": "https:\/\/qiita-user-contents.imgix.net\/https%3A%2F%2Fqiita-image-store.s3.ap-northeast-1.amazonaws.com%2F0%2F321850%2F663fdeb9-581b-4539-d89e-65d3fbbd353e.png?ixlib=rb-1.2.2&auto=compress%2Cformat&fit=max&s=12088fa21935fdf7517663132f95daa4",
                "image_width": 350,
                "image_height": 300,
                "image_bytes": 5640,
                "from_url": "https:\/\/qiita-user-contents.imgix.net\/https%3A%2F%2Fqiita-image-store.s3.ap-northeast-1.amazonaws.com%2F0%2F321850%2F663fdeb9-581b-4539-d89e-65d3fbbd353e.png?ixlib=rb-1.2.2&auto=compress%2Cformat&fit=max&s=12088fa21935fdf7517663132f95daa4",
                "id": 2,
                "original_url": "https:\/\/qiita-user-contents.imgix.net\/https%3A%2F%2Fqiita-image-store.s3.ap-northeast-1.amazonaws.com%2F0%2F321850%2F663fdeb9-581b-4539-d89e-65d3fbbd353e.png?ixlib=rb-1.2.2&amp;auto=compress%2Cformat&amp;fit=max&amp;s=12088fa21935fdf7517663132f95daa4"
            },
            {
                "service_name": "Qiita",
                "title": "プログラマの技術情報共有サービス - Qiita",
                "title_link": "https:\/\/qiita.com\/#%E3%81%AF%E3%81%98%E3%82%81%E3%81%AB",
                "text": "Qiitaは、プログラマのための技術情報共有サービスです。 プログラミングに関するTips、ノウハウ、メモを簡単に記録 &amp; 公開することができます。",
                "fallback": "Qiita: プログラマの技術情報共有サービス - Qiita",
                "thumb_url": "https:\/\/cdn.qiita.com\/assets\/qiita-fb-2887e7b4aad86fd8c25cea84846f2236.png",
                "from_url": "https:\/\/qiita.com\/#%E3%81%AF%E3%81%98%E3%82%81%E3%81%AB",
                "thumb_width": 200,
                "thumb_height": 200,
                "service_icon": "https:\/\/cdn.qiita.com\/assets\/favicons\/public\/apple-touch-icon-f9a6afad761ec2306e10db2736187c8b.png",
                "id": 3,
                "original_url": "https:\/\/qiita.com\/#%E3%81%AF%E3%81%98%E3%82%81%E3%81%AB"
            }
        ]
    },
    {
        "type": "message",
        "subtype": "bot_message",
        "text": "<https:\/\/www.reddit.com\/r\/Terraform\/comments\/cpcc61\/for_each_issues_with_dynamic_list_can_v12_help\/|For each issues with dynamic list, can v12 help?>\nI'm struggling with a for each issue and wondering if there's a different approach I can take with v11, or if v12 might be able to help if I have to switch. What I'm doing is creating AWS Codebuild jobs based on a provided list of git repos. The list is actually pulled from a DynamoDB table at run-time via a Python script and the external data resource. The problem I'm having is that when items are removed or added to the table, the order changes which could cause the Codebuild jobs to be...",
        "ts": "1565616410.000300",
        "username": "Terraform ALL the Worlds!",
        "icons": {
            "image_48": "https:\/\/s3-us-west-2.amazonaws.com\/slack-files2\/bot_icons\/2019-02-12\/548785199618_48.png"
        },
        "bot_id": "BG3N7LG73",
        "attachments": [
            {
                "service_name": "reddit",
                "title": "r\/Terraform - For each issues with dynamic list, can v12 help?",
                "title_link": "https:\/\/www.reddit.com\/r\/Terraform\/comments\/cpcc61\/for_each_issues_with_dynamic_list_can_v12_help\/",
                "text": "0 votes and 0 comments so far on Reddit",
                "fallback": "reddit: r\/Terraform - For each issues with dynamic list, can v12 help?",
                "from_url": "https:\/\/www.reddit.com\/r\/Terraform\/comments\/cpcc61\/for_each_issues_with_dynamic_list_can_v12_help\/",
                "service_icon": "https:\/\/www.redditstatic.com\/desktop2x\/img\/favicon\/apple-icon-57x57.png",
                "id": 1,
                "original_url": "https:\/\/www.reddit.com\/r\/Terraform\/comments\/cpcc61\/for_each_issues_with_dynamic_list_can_v12_help\/"
            }
        ]
    },
    {
        "type": "message",
        "subtype": "bot_message",
        "text": "<https:\/\/qiita.com\/sasshi_i\/items\/5edabca4fbaae7d4a833|terraformでインターネットゲートウェイ, ルートテーブルを作る>\n<https:\/\/qiita.com\/#%E5%89%8D%E5%9B%9E%E3%81%BE%E3%81%A7%E3%81%AE%E3%81%82%E3%82%89%E3%81%99%E3%81%98>前回までのあらすじ\n\nterraformでVPC, サブネットを作成する\n<https:\/\/qiita.com\/sasshi_i\/items\/f4f65e18923d856be256|https:\/\/qiita.com\/sasshi_i\/items\/f4f65e18923d856be256>\n\n\n<https:\/\/qiita.com\/#%E7%92%B0%E5%A2%83>環境\n\nmacOS Mojave 10.14.5\nMacBook Pro, 13-inch, Early 2015\nterraform v0.12.0\ndirenv 2.20.1\n\n&lt;a...",
        "ts": "1565618802.000500",
        "username": "Terraformタグが付けられた新着記事 - Qiita",
        "icons": {
            "image_36": "https:\/\/a.slack-edge.com\/66f9\/img\/services\/rss_36.png",
            "image_48": "https:\/\/a.slack-edge.com\/66f9\/img\/services\/rss_48.png",
            "image_72": "https:\/\/a.slack-edge.com\/205a\/img\/services\/rss_72.png"
        },
        "bot_id": "BG3N7LG73",
        "attachments": [
            {
                "service_name": "Qiita",
                "title": "プログラマの技術情報共有サービス - Qiita",
                "title_link": "https:\/\/qiita.com\/#%E5%89%8D%E5%9B%9E%E3%81%BE%E3%81%A7%E3%81%AE%E3%81%82%E3%82%89%E3%81%99%E3%81%98",
                "text": "Qiitaは、プログラマのための技術情報共有サービスです。 プログラミングに関するTips、ノウハウ、メモを簡単に記録 &amp; 公開することができます。",
                "fallback": "Qiita: プログラマの技術情報共有サービス - Qiita",
                "thumb_url": "https:\/\/cdn.qiita.com\/assets\/qiita-fb-2887e7b4aad86fd8c25cea84846f2236.png",
                "from_url": "https:\/\/qiita.com\/#%E5%89%8D%E5%9B%9E%E3%81%BE%E3%81%A7%E3%81%AE%E3%81%82%E3%82%89%E3%81%99%E3%81%98",
                "thumb_width": 200,
                "thumb_height": 200,
                "service_icon": "https:\/\/cdn.qiita.com\/assets\/favicons\/public\/apple-touch-icon-f9a6afad761ec2306e10db2736187c8b.png",
                "id": 1,
                "original_url": "https:\/\/qiita.com\/#%E5%89%8D%E5%9B%9E%E3%81%BE%E3%81%A7%E3%81%AE%E3%81%82%E3%82%89%E3%81%99%E3%81%98"
            },
            {
                "service_name": "Qiita",
                "title": "terraformでVPC, サブネットを作成する - Qiita",
                "title_link": "https:\/\/qiita.com\/sasshi_i\/items\/f4f65e18923d856be256",
                "text": "本日から数記事に分けてterraformを使ってAWSでインフラ構築していきます。 今回はVPCとサブネットを作成します。 # 環境 - macOS Mojave 10.14.5 - MacBook Pro, 13-inch, Ea...",
                "fallback": "Qiita: terraformでVPC, サブネットを作成する - Qiita",
                "thumb_url": "https:\/\/cdn.qiita.com\/assets\/qiita-fb-2887e7b4aad86fd8c25cea84846f2236.png",
                "from_url": "https:\/\/qiita.com\/sasshi_i\/items\/f4f65e18923d856be256",
                "thumb_width": 200,
                "thumb_height": 200,
                "service_icon": "https:\/\/cdn.qiita.com\/assets\/favicons\/public\/apple-touch-icon-f9a6afad761ec2306e10db2736187c8b.png",
                "id": 2,
                "original_url": "https:\/\/qiita.com\/sasshi_i\/items\/f4f65e18923d856be256"
            },
            {
                "service_name": "Qiita",
                "title": "プログラマの技術情報共有サービス - Qiita",
                "title_link": "https:\/\/qiita.com\/#%E7%92%B0%E5%A2%83",
                "text": "Qiitaは、プログラマのための技術情報共有サービスです。 プログラミングに関するTips、ノウハウ、メモを簡単に記録 &amp; 公開することができます。",
                "fallback": "Qiita: プログラマの技術情報共有サービス - Qiita",
                "thumb_url": "https:\/\/cdn.qiita.com\/assets\/qiita-fb-2887e7b4aad86fd8c25cea84846f2236.png",
                "from_url": "https:\/\/qiita.com\/#%E7%92%B0%E5%A2%83",
                "thumb_width": 200,
                "thumb_height": 200,
                "service_icon": "https:\/\/cdn.qiita.com\/assets\/favicons\/public\/apple-touch-icon-f9a6afad761ec2306e10db2736187c8b.png",
                "id": 3,
                "original_url": "https:\/\/qiita.com\/#%E7%92%B0%E5%A2%83"
            }
        ]
    },
    {
        "type": "message",
        "subtype": "bot_message",
        "text": "<https:\/\/qiita.com\/fukubaka0825\/items\/dc67288bad051f6faea9|TerraformでMonitoring As Code   ~メトリクスアラーム設定編(slack・電話通知)~>\n<https:\/\/qiita.com\/#%E3%81%AF%E3%81%98%E3%82%81%E3%81%AB>はじめに\n\nこんにちわ。Wano株式会社エンジニアのnariと申します。\n\n最近、TerraformやLambda(Go)などを使ったMonitoring As Codeの話を記事にすることが多くなってきました。\n\n今までは、リソースのステータスチェックシステム周りの話が多かったのですが、今回はメトリクスアラーム設定周りのIaCに関して記事にしていこうかなと思います。\n\n\n<https:\/\/qiita.com\/#%E9%81%8E%E5%8E%BB%E3%81%AEmonitoring-as-code%E7%B3%BB%E8%A8%98%E4%BA%8B>過去のMonitoring As Code系記事\n\n&lt;a href=\"https:\/\/qiita.com\/fukubaka0825\/items\/c50ba6cac3510fa5ea9a\"&gt;ApexとTerraformとGoでAWS上に構築したCD...",
        "ts": "1565619707.000700",
        "username": "Terraformタグが付けられた新着記事 - Qiita",
        "icons": {
            "image_36": "https:\/\/a.slack-edge.com\/66f9\/img\/services\/rss_36.png",
            "image_48": "https:\/\/a.slack-edge.com\/66f9\/img\/services\/rss_48.png",
            "image_72": "https:\/\/a.slack-edge.com\/205a\/img\/services\/rss_72.png"
        },
        "bot_id": "BG3N7LG73",
        "attachments": [
            {
                "service_name": "Qiita",
                "title": "Terraformでmonitoring as code メトリクスアラーム設定編(slack・電話) - Qiita",
                "title_link": "https:\/\/qiita.com\/fukubaka0825\/items\/dc67288bad051f6faea9",
                "text": "# はじめに こんにちわ。Wano株式会社エンジニアのnariと申します。 最近、**TerraformやLambda(Go)などを使ったMonitoring As Code**の話を記事にすることが多くなってきました。 今までは...",
                "fallback": "Qiita: Terraformでmonitoring as code メトリクスアラーム設定編(slack・電話) - Qiita",
                "thumb_url": "https:\/\/cdn.qiita.com\/assets\/qiita-fb-2887e7b4aad86fd8c25cea84846f2236.png",
                "from_url": "https:\/\/qiita.com\/fukubaka0825\/items\/dc67288bad051f6faea9",
                "thumb_width": 200,
                "thumb_height": 200,
                "service_icon": "https:\/\/cdn.qiita.com\/assets\/favicons\/public\/apple-touch-icon-f9a6afad761ec2306e10db2736187c8b.png",
                "id": 1,
                "original_url": "https:\/\/qiita.com\/fukubaka0825\/items\/dc67288bad051f6faea9"
            },
            {
                "service_name": "Qiita",
                "title": "プログラマの技術情報共有サービス - Qiita",
                "title_link": "https:\/\/qiita.com\/#%E3%81%AF%E3%81%98%E3%82%81%E3%81%AB",
                "text": "Qiitaは、プログラマのための技術情報共有サービスです。 プログラミングに関するTips、ノウハウ、メモを簡単に記録 &amp; 公開することができます。",
                "fallback": "Qiita: プログラマの技術情報共有サービス - Qiita",
                "thumb_url": "https:\/\/cdn.qiita.com\/assets\/qiita-fb-2887e7b4aad86fd8c25cea84846f2236.png",
                "from_url": "https:\/\/qiita.com\/#%E3%81%AF%E3%81%98%E3%82%81%E3%81%AB",
                "thumb_width": 200,
                "thumb_height": 200,
                "service_icon": "https:\/\/cdn.qiita.com\/assets\/favicons\/public\/apple-touch-icon-f9a6afad761ec2306e10db2736187c8b.png",
                "id": 2,
                "original_url": "https:\/\/qiita.com\/#%E3%81%AF%E3%81%98%E3%82%81%E3%81%AB"
            },
            {
                "service_name": "Qiita",
                "title": "プログラマの技術情報共有サービス - Qiita",
                "title_link": "https:\/\/qiita.com\/#%E9%81%8E%E5%8E%BB%E3%81%AEmonitoring-as-code%E7%B3%BB%E8%A8%98%E4%BA%8B",
                "text": "Qiitaは、プログラマのための技術情報共有サービスです。 プログラミングに関するTips、ノウハウ、メモを簡単に記録 &amp; 公開することができます。",
                "fallback": "Qiita: プログラマの技術情報共有サービス - Qiita",
                "thumb_url": "https:\/\/cdn.qiita.com\/assets\/qiita-fb-2887e7b4aad86fd8c25cea84846f2236.png",
                "from_url": "https:\/\/qiita.com\/#%E9%81%8E%E5%8E%BB%E3%81%AEmonitoring-as-code%E7%B3%BB%E8%A8%98%E4%BA%8B",
                "thumb_width": 200,
                "thumb_height": 200,
                "service_icon": "https:\/\/cdn.qiita.com\/assets\/favicons\/public\/apple-touch-icon-f9a6afad761ec2306e10db2736187c8b.png",
                "id": 3,
                "original_url": "https:\/\/qiita.com\/#%E9%81%8E%E5%8E%BB%E3%81%AEmonitoring-as-code%E7%B3%BB%E8%A8%98%E4%BA%8B"
            }
        ]
    },
    {
        "type": "message",
        "subtype": "bot_message",
        "text": "<https:\/\/www.reddit.com\/r\/Terraform\/comments\/cpitm9\/multiple_for_x_in_y_loops\/|multiple for x in y loops>\nHi i trying to build a local varible of all servers deployed using the following locals { servers = { for s in module.management_servers.vm: s.name =&gt; s.default_ip_address for s in module.lb_servers.vm: s.name =&gt; s.default_ip_address }  the error it get is \"Extra characters after the end of the 'for' expression.\" on the second for loop. Removing the second forloop procuces what i require but only for one set of servers. Anyone have any suggestion what i am doing wrong?    submitted by   &lt;a...",
        "ts": "1565645808.000900",
        "username": "Terraform ALL the Worlds!",
        "icons": {
            "image_48": "https:\/\/s3-us-west-2.amazonaws.com\/slack-files2\/bot_icons\/2019-02-12\/548785199618_48.png"
        },
        "bot_id": "BG3N7LG73",
        "attachments": [
            {
                "service_name": "reddit",
                "title": "r\/Terraform - multiple for x in y loops",
                "title_link": "https:\/\/www.reddit.com\/r\/Terraform\/comments\/cpitm9\/multiple_for_x_in_y_loops\/",
                "text": "0 votes and 0 comments so far on Reddit",
                "fallback": "reddit: r\/Terraform - multiple for x in y loops",
                "from_url": "https:\/\/www.reddit.com\/r\/Terraform\/comments\/cpitm9\/multiple_for_x_in_y_loops\/",
                "service_icon": "https:\/\/www.redditstatic.com\/desktop2x\/img\/favicon\/apple-icon-57x57.png",
                "id": 1,
                "original_url": "https:\/\/www.reddit.com\/r\/Terraform\/comments\/cpitm9\/multiple_for_x_in_y_loops\/"
            }
        ]
    },
    {
        "type": "message",
        "subtype": "bot_message",
        "text": "<https:\/\/www.reddit.com\/r\/Terraform\/comments\/cpjs5w\/is_terraform_version_aware_for_s3_state_files\/|Is Terraform version aware for S3 state files?>\nSo, first the background.\n Using Terraform with S3 remote backend files and versioning for recovery. I'm not sure how this situation came to be but in the TF configs the developer created a data resource that is pointing to it's own backend. As an example I expect it to go something like this...\n Create EC2 Instance and apply ec2_instance\n Create Data Resource to import the state that contains the EC2 in the same <https:\/\/main.tf\/|main.tf> data.ec2_instance\n Create an Output that...",
        "ts": "1565650000.001100",
        "username": "Terraform ALL the Worlds!",
        "icons": {
            "image_48": "https:\/\/s3-us-west-2.amazonaws.com\/slack-files2\/bot_icons\/2019-02-12\/548785199618_48.png"
        },
        "bot_id": "BG3N7LG73",
        "attachments": [
            {
                "service_name": "reddit",
                "title": "r\/Terraform - Is Terraform version aware for S3 state files?",
                "title_link": "https:\/\/www.reddit.com\/r\/Terraform\/comments\/cpjs5w\/is_terraform_version_aware_for_s3_state_files\/",
                "text": "0 votes and 0 comments so far on Reddit",
                "fallback": "reddit: r\/Terraform - Is Terraform version aware for S3 state files?",
                "from_url": "https:\/\/www.reddit.com\/r\/Terraform\/comments\/cpjs5w\/is_terraform_version_aware_for_s3_state_files\/",
                "service_icon": "https:\/\/www.redditstatic.com\/desktop2x\/img\/favicon\/apple-icon-57x57.png",
                "id": 1,
                "original_url": "https:\/\/www.reddit.com\/r\/Terraform\/comments\/cpjs5w\/is_terraform_version_aware_for_s3_state_files\/"
            }
        ]
    },
    {
        "type": "message",
        "subtype": "bot_message",
        "text": "<https:\/\/www.reddit.com\/r\/Terraform\/comments\/cplcay\/how_to_dynamically_generate_path_value_in_tf_file\/|how to dynamically generate path value in .tf file using for\/for_each?>\nHi, new to terraform and the for\/for_each. So i've got a map of the form: variable \"my_map\" { type = \"map\" default = { key1 = \"key1val\", key2 = \"key2val\" } The desired result is: resource \"vault_policy\" \"test_policy\" { path \"\/ab\/cd\/ef\/${var1}\/each.key { capabilities = [\"list\"] } } ​ but i am having trouble structuring the loop properly. like: dynamic \"path\" { for_each = ${var.my_map} } wouldn't help in my case, because I actually want to dynamically generate the actual PATH (text that comes...",
        "ts": "1565657505.001300",
        "username": "Terraform ALL the Worlds!",
        "icons": {
            "image_48": "https:\/\/s3-us-west-2.amazonaws.com\/slack-files2\/bot_icons\/2019-02-12\/548785199618_48.png"
        },
        "bot_id": "BG3N7LG73",
        "attachments": [
            {
                "service_name": "reddit",
                "title": "r\/Terraform - how to dynamically generate path value in .tf file using for\/for_each?",
                "title_link": "https:\/\/www.reddit.com\/r\/Terraform\/comments\/cplcay\/how_to_dynamically_generate_path_value_in_tf_file\/",
                "text": "0 votes and 0 comments so far on Reddit",
                "fallback": "reddit: r\/Terraform - how to dynamically generate path value in .tf file using for\/for_each?",
                "from_url": "https:\/\/www.reddit.com\/r\/Terraform\/comments\/cplcay\/how_to_dynamically_generate_path_value_in_tf_file\/",
                "service_icon": "https:\/\/www.redditstatic.com\/desktop2x\/img\/favicon\/apple-icon-57x57.png",
                "id": 1,
                "original_url": "https:\/\/www.reddit.com\/r\/Terraform\/comments\/cplcay\/how_to_dynamically_generate_path_value_in_tf_file\/"
            }
        ]
    },
    {
        "type": "message",
        "subtype": "bot_message",
        "text": "<https:\/\/qiita.com\/reflet\/items\/de57ae767c8f368372ba|dockerでterraform環境を作る>\n<https:\/\/qiita.com\/#%E6%A6%82%E8%A6%81>概要\n\nAWSを操作するのに、terraformを使ってみようと思い、どこでも使えるようdocker化する\n\n\n<https:\/\/qiita.com\/#%E5%89%8D%E6%8F%90%E6%9D%A1%E4%BB%B6>前提条件\n\nmacOS\nDocker Toolbox ( Docker for mac )\n\n<https:\/\/qiita.com\/#%E3%83%95%E3%82%A1%E3%82%A4%E3%83%AB%E6%A7%8B%E6%88%90>ファイル構成\n\n下記のようなファイルを作成します。\n\n\nファイル構成\nopt\n　├ docker\n　│　└ terraform\n　│　   └ Dockerfile\n　│\n　├ src\n　│  ├ <http:\/\/main.tf|main.tf>\n　│  └ <http:\/\/variables.tf|variables.tf>\n　│\n　└ docker-compose.yml\n\n\n\n\n&lt;a...",
        "ts": "1565658401.001500",
        "username": "Terraformタグが付けられた新着記事 - Qiita",
        "icons": {
            "image_36": "https:\/\/a.slack-edge.com\/66f9\/img\/services\/rss_36.png",
            "image_48": "https:\/\/a.slack-edge.com\/66f9\/img\/services\/rss_48.png",
            "image_72": "https:\/\/a.slack-edge.com\/205a\/img\/services\/rss_72.png"
        },
        "bot_id": "BG3N7LG73",
        "attachments": [
            {
                "service_name": "Qiita",
                "title": "dockerでterraform環境を作る - Qiita",
                "title_link": "https:\/\/qiita.com\/reflet\/items\/de57ae767c8f368372ba",
                "text": "## 概要 AWSを操作するのに、terraformを使ってみようと思い、どこでも使えるようdocker化する ## 前提条件 * macOS * Docker Toolbox ( Docker for mac ) ## ファイル...",
                "fallback": "Qiita: dockerでterraform環境を作る - Qiita",
                "thumb_url": "https:\/\/cdn.qiita.com\/assets\/qiita-fb-2887e7b4aad86fd8c25cea84846f2236.png",
                "from_url": "https:\/\/qiita.com\/reflet\/items\/de57ae767c8f368372ba",
                "thumb_width": 200,
                "thumb_height": 200,
                "service_icon": "https:\/\/cdn.qiita.com\/assets\/favicons\/public\/apple-touch-icon-f9a6afad761ec2306e10db2736187c8b.png",
                "id": 1,
                "original_url": "https:\/\/qiita.com\/reflet\/items\/de57ae767c8f368372ba"
            },
            {
                "service_name": "Qiita",
                "title": "プログラマの技術情報共有サービス - Qiita",
                "title_link": "https:\/\/qiita.com\/#%E6%A6%82%E8%A6%81",
                "text": "Qiitaは、プログラマのための技術情報共有サービスです。 プログラミングに関するTips、ノウハウ、メモを簡単に記録 &amp; 公開することができます。",
                "fallback": "Qiita: プログラマの技術情報共有サービス - Qiita",
                "thumb_url": "https:\/\/cdn.qiita.com\/assets\/qiita-fb-2887e7b4aad86fd8c25cea84846f2236.png",
                "from_url": "https:\/\/qiita.com\/#%E6%A6%82%E8%A6%81",
                "thumb_width": 200,
                "thumb_height": 200,
                "service_icon": "https:\/\/cdn.qiita.com\/assets\/favicons\/public\/apple-touch-icon-f9a6afad761ec2306e10db2736187c8b.png",
                "id": 2,
                "original_url": "https:\/\/qiita.com\/#%E6%A6%82%E8%A6%81"
            },
            {
                "service_name": "Qiita",
                "title": "プログラマの技術情報共有サービス - Qiita",
                "title_link": "https:\/\/qiita.com\/#%E5%89%8D%E6%8F%90%E6%9D%A1%E4%BB%B6",
                "text": "Qiitaは、プログラマのための技術情報共有サービスです。 プログラミングに関するTips、ノウハウ、メモを簡単に記録 &amp; 公開することができます。",
                "fallback": "Qiita: プログラマの技術情報共有サービス - Qiita",
                "thumb_url": "https:\/\/cdn.qiita.com\/assets\/qiita-fb-2887e7b4aad86fd8c25cea84846f2236.png",
                "from_url": "https:\/\/qiita.com\/#%E5%89%8D%E6%8F%90%E6%9D%A1%E4%BB%B6",
                "thumb_width": 200,
                "thumb_height": 200,
                "service_icon": "https:\/\/cdn.qiita.com\/assets\/favicons\/public\/apple-touch-icon-f9a6afad761ec2306e10db2736187c8b.png",
                "id": 3,
                "original_url": "https:\/\/qiita.com\/#%E5%89%8D%E6%8F%90%E6%9D%A1%E4%BB%B6"
            },
            {
                "service_name": "Qiita",
                "title": "プログラマの技術情報共有サービス - Qiita",
                "title_link": "https:\/\/qiita.com\/#%E3%83%95%E3%82%A1%E3%82%A4%E3%83%AB%E6%A7%8B%E6%88%90",
                "text": "Qiitaは、プログラマのための技術情報共有サービスです。 プログラミングに関するTips、ノウハウ、メモを簡単に記録 &amp; 公開することができます。",
                "fallback": "Qiita: プログラマの技術情報共有サービス - Qiita",
                "thumb_url": "https:\/\/cdn.qiita.com\/assets\/qiita-fb-2887e7b4aad86fd8c25cea84846f2236.png",
                "from_url": "https:\/\/qiita.com\/#%E3%83%95%E3%82%A1%E3%82%A4%E3%83%AB%E6%A7%8B%E6%88%90",
                "thumb_width": 200,
                "thumb_height": 200,
                "service_icon": "https:\/\/cdn.qiita.com\/assets\/favicons\/public\/apple-touch-icon-f9a6afad761ec2306e10db2736187c8b.png",
                "id": 4,
                "original_url": "https:\/\/qiita.com\/#%E3%83%95%E3%82%A1%E3%82%A4%E3%83%AB%E6%A7%8B%E6%88%90"
            }
        ]
    },
    {
        "type": "message",
        "subtype": "bot_message",
        "text": "<https:\/\/www.reddit.com\/r\/Terraform\/comments\/cpoukm\/terraform_and_cis_benchmark_partitioning\/|Terraform and CiS Benchmark Partitioning>\nI'm in the process of learning terraform along with how it interacts with infrastructure as code\/devops pipeline.  One of the main questions I've had which hasn't been sufficiently answered by any material I've found so far is how terraform handles disk partitioning. CiS Benchmarks and I believe also the DISA Stig recommend separate partitions for certain log directories to avoid resource exhaustion. As a best practice, do you simply just add configuration for a remote extant on your storage...",
        "ts": "1565675802.001700",
        "username": "Terraform ALL the Worlds!",
        "icons": {
            "image_48": "https:\/\/s3-us-west-2.amazonaws.com\/slack-files2\/bot_icons\/2019-02-12\/548785199618_48.png"
        },
        "bot_id": "BG3N7LG73",
        "attachments": [
            {
                "service_name": "reddit",
                "title": "r\/Terraform - Terraform and CiS Benchmark Partitioning",
                "title_link": "https:\/\/www.reddit.com\/r\/Terraform\/comments\/cpoukm\/terraform_and_cis_benchmark_partitioning\/",
                "text": "0 votes and 0 comments so far on Reddit",
                "fallback": "reddit: r\/Terraform - Terraform and CiS Benchmark Partitioning",
                "from_url": "https:\/\/www.reddit.com\/r\/Terraform\/comments\/cpoukm\/terraform_and_cis_benchmark_partitioning\/",
                "service_icon": "https:\/\/www.redditstatic.com\/desktop2x\/img\/favicon\/apple-icon-57x57.png",
                "id": 1,
                "original_url": "https:\/\/www.reddit.com\/r\/Terraform\/comments\/cpoukm\/terraform_and_cis_benchmark_partitioning\/"
            }
        ]
    }
]