[
    {
        "type": "message",
        "subtype": "bot_message",
        "text": "<https:\/\/www.reddit.com\/r\/Terraform\/comments\/csfdkm\/create_a_resource_conditionally\/|Create a Resource conditionally>\nHi guys, recently updated to 0.12 and it looks like I cannot use the \"count\" attribute set to 1 or 0 to create resources when needed anymore.  How have people been working around that? Is there any official alternative suggested from Hashicorp? ​ #Service Bus resource \"azurerm_servicebus_queue\" \"service_bus_queue\" { count = var.is_shared ? 0 : 1 name = \"pdf-export\" resource_group_name = azurerm_resource_group.resource_group.name namespace_name = azurerm_servicebus_namespace.service_bus.name...",
        "ts": "1566212207.006200",
        "username": "Terraform ALL the Worlds!",
        "icons": {
            "image_48": "https:\/\/s3-us-west-2.amazonaws.com\/slack-files2\/bot_icons\/2019-02-12\/548785199618_48.png"
        },
        "bot_id": "BG3N7LG73",
        "attachments": [
            {
                "service_name": "reddit",
                "title": "r\/Terraform - Create a Resource conditionally",
                "title_link": "https:\/\/www.reddit.com\/r\/Terraform\/comments\/csfdkm\/create_a_resource_conditionally\/",
                "text": "0 votes and 0 comments so far on Reddit",
                "fallback": "reddit: r\/Terraform - Create a Resource conditionally",
                "from_url": "https:\/\/www.reddit.com\/r\/Terraform\/comments\/csfdkm\/create_a_resource_conditionally\/",
                "service_icon": "https:\/\/www.redditstatic.com\/desktop2x\/img\/favicon\/apple-icon-57x57.png",
                "id": 1,
                "original_url": "https:\/\/www.reddit.com\/r\/Terraform\/comments\/csfdkm\/create_a_resource_conditionally\/"
            }
        ]
    },
    {
        "type": "message",
        "subtype": "bot_message",
        "text": "<https:\/\/www.reddit.com\/r\/Terraform\/comments\/csge6c\/help_for_each_conditional_passing_keys_based_on\/|Help: For_each conditional passing keys based on values in a map(list(string))>\nHi guys, I am currently using for_each set of a values inside a map(list(string)) type for resource creation and need to take the output value ID and provide it if the values inside my map(list(string)) belong to the output value ID or its map keys. So I have following var (keys = ou; values = accounts): tree = { fks = [“tao”, “mon”, “dzek”] fkz = [“giggs-dev”, “mers”]  } inside resource creation: resource “aws_organizations_organizational_unit” “this” { for_each =...",
        "ts": "1566218501.006400",
        "username": "Terraform ALL the Worlds!",
        "icons": {
            "image_48": "https:\/\/s3-us-west-2.amazonaws.com\/slack-files2\/bot_icons\/2019-02-12\/548785199618_48.png"
        },
        "bot_id": "BG3N7LG73",
        "attachments": [
            {
                "service_name": "reddit",
                "title": "r\/Terraform - Help: For_each conditional passing keys based on values in a map(list(string))",
                "title_link": "https:\/\/www.reddit.com\/r\/Terraform\/comments\/csge6c\/help_for_each_conditional_passing_keys_based_on\/",
                "text": "0 votes and 0 comments so far on Reddit",
                "fallback": "reddit: r\/Terraform - Help: For_each conditional passing keys based on values in a map(list(string))",
                "from_url": "https:\/\/www.reddit.com\/r\/Terraform\/comments\/csge6c\/help_for_each_conditional_passing_keys_based_on\/",
                "service_icon": "https:\/\/www.redditstatic.com\/desktop2x\/img\/favicon\/apple-icon-57x57.png",
                "id": 1,
                "original_url": "https:\/\/www.reddit.com\/r\/Terraform\/comments\/csge6c\/help_for_each_conditional_passing_keys_based_on\/"
            }
        ]
    },
    {
        "type": "message",
        "subtype": "bot_message",
        "text": "<https:\/\/www.reddit.com\/r\/Terraform\/comments\/csggrh\/view_and_update_the_instance_user_data\/|View and Update the Instance User Data>\nCommunity, I could use your help in coding these steps in Terraform. I have already tested these steps out manually to see if I can get a certain application to install via Terraform that I can’t manage to get to install using Chef. So I created the script that will perform the task but i could use some help with how I would turn these steps into code for Terraform to automate when the servers are already up and running. The info is below and the link is below that. I am running Windows...",
        "ts": "1566218501.006500",
        "username": "Terraform ALL the Worlds!",
        "icons": {
            "image_48": "https:\/\/s3-us-west-2.amazonaws.com\/slack-files2\/bot_icons\/2019-02-12\/548785199618_48.png"
        },
        "bot_id": "BG3N7LG73",
        "attachments": [
            {
                "service_name": "reddit",
                "title": "r\/Terraform - View and Update the Instance User Data",
                "title_link": "https:\/\/www.reddit.com\/r\/Terraform\/comments\/csggrh\/view_and_update_the_instance_user_data\/",
                "text": "0 votes and 0 comments so far on Reddit",
                "fallback": "reddit: r\/Terraform - View and Update the Instance User Data",
                "from_url": "https:\/\/www.reddit.com\/r\/Terraform\/comments\/csggrh\/view_and_update_the_instance_user_data\/",
                "service_icon": "https:\/\/www.redditstatic.com\/desktop2x\/img\/favicon\/apple-icon-57x57.png",
                "id": 1,
                "original_url": "https:\/\/www.reddit.com\/r\/Terraform\/comments\/csggrh\/view_and_update_the_instance_user_data\/"
            }
        ]
    },
    {
        "type": "message",
        "subtype": "bot_message",
        "text": "<https:\/\/qiita.com\/pokotyan\/items\/da3d4a0a8cd8dfacbd32|terraformの勉強>\n<https:\/\/qiita.com\/#%E3%81%AF%E3%81%98%E3%82%81%E3%81%AB>はじめに\n\n<https:\/\/booth.pm\/ja\/items\/1318735|Pragmatic Terraform on AWS> の写経をするにあたって、ただ写経するのではなく、作った構成を図に起こしながら写経しようと思った。\n\n\n<https:\/\/qiita.com\/#vpc-az%E3%81%8C%E4%B8%80%E3%81%A4>VPC AZが一つ\n\nPragmatic Terraform on AWS の7章で紹介されている構成\n\n&lt;a...",
        "ts": "1566220312.006800",
        "username": "Terraformタグが付けられた新着記事 - Qiita",
        "icons": {
            "image_36": "https:\/\/a.slack-edge.com\/66f9\/img\/services\/rss_36.png",
            "image_48": "https:\/\/a.slack-edge.com\/66f9\/img\/services\/rss_48.png",
            "image_72": "https:\/\/a.slack-edge.com\/205a\/img\/services\/rss_72.png"
        },
        "bot_id": "BG3N7LG73",
        "attachments": [
            {
                "service_name": "Qiita",
                "title": "terraformの勉強 - Qiita",
                "title_link": "https:\/\/qiita.com\/pokotyan\/items\/da3d4a0a8cd8dfacbd32",
                "text": "# はじめに [Pragmatic Terraform on AWS](<https:\/\/booth.pm\/ja\/items\/1318735>) の写経をするにあたって、ただ写経するのではなく、作った構成を図に起こしながら写経しようと思っ...",
                "fallback": "Qiita: terraformの勉強 - Qiita",
                "thumb_url": "https:\/\/cdn.qiita.com\/assets\/qiita-fb-2887e7b4aad86fd8c25cea84846f2236.png",
                "from_url": "https:\/\/qiita.com\/pokotyan\/items\/da3d4a0a8cd8dfacbd32",
                "thumb_width": 200,
                "thumb_height": 200,
                "service_icon": "https:\/\/cdn.qiita.com\/assets\/favicons\/public\/apple-touch-icon-f9a6afad761ec2306e10db2736187c8b.png",
                "id": 1,
                "original_url": "https:\/\/qiita.com\/pokotyan\/items\/da3d4a0a8cd8dfacbd32"
            },
            {
                "service_name": "Qiita",
                "title": "プログラマの技術情報共有サービス - Qiita",
                "title_link": "https:\/\/qiita.com\/#%E3%81%AF%E3%81%98%E3%82%81%E3%81%AB",
                "text": "Qiitaは、プログラマのための技術情報共有サービスです。 プログラミングに関するTips、ノウハウ、メモを簡単に記録 &amp; 公開することができます。",
                "fallback": "Qiita: プログラマの技術情報共有サービス - Qiita",
                "thumb_url": "https:\/\/cdn.qiita.com\/assets\/qiita-fb-2887e7b4aad86fd8c25cea84846f2236.png",
                "from_url": "https:\/\/qiita.com\/#%E3%81%AF%E3%81%98%E3%82%81%E3%81%AB",
                "thumb_width": 200,
                "thumb_height": 200,
                "service_icon": "https:\/\/cdn.qiita.com\/assets\/favicons\/public\/apple-touch-icon-f9a6afad761ec2306e10db2736187c8b.png",
                "id": 2,
                "original_url": "https:\/\/qiita.com\/#%E3%81%AF%E3%81%98%E3%82%81%E3%81%AB"
            },
            {
                "title": "【ダウンロード版】Pragmatic Terraform on AWS - KOS-MOS - BOOTH",
                "title_link": "https:\/\/booth.pm\/ja\/items\/1318735",
                "text": "『Pragmatic Terraform on AWS』では、Terraformを使ってAWS上にシステムを構築するノウハウを、100以上のサンプルコードとともに紹介します。ECS Fargateなどのマネージドサービスを中心にアーキテクチャ設計を行い、Terraformで実装します。サンプルコードはGitHubでも公開しています。ぜひ手を動かしながら一緒に学びましょう。 こちらは『Pragmatic Terraform on AWS』のダウンロード版です。技術書典6にて頒布したものと同様のものになります。 無料サンプル版もありますので、こちらもあわせてご覧ください。 ・",
                "fallback": "【ダウンロード版】Pragmatic Terraform on AWS - KOS-MOS - BOOTH",
                "image_url": "https:\/\/booth.pximg.net\/c\/620x620\/e04f6786-dd95-46b0-b6d9-b145b5841cf3\/i\/1318735\/36852a32-fcaa-4e55-aa24-fb57471c14a0_base_resized.jpg",
                "from_url": "https:\/\/booth.pm\/ja\/items\/1318735",
                "image_width": 179,
                "image_height": 250,
                "image_bytes": 201680,
                "service_icon": "https:\/\/asset.booth.pm\/favicon.ico",
                "service_name": "booth.pm",
                "id": 3,
                "original_url": "https:\/\/booth.pm\/ja\/items\/1318735"
            },
            {
                "service_name": "Qiita",
                "title": "プログラマの技術情報共有サービス - Qiita",
                "title_link": "https:\/\/qiita.com\/#vpc-az%E3%81%8C%E4%B8%80%E3%81%A4",
                "text": "Qiitaは、プログラマのための技術情報共有サービスです。 プログラミングに関するTips、ノウハウ、メモを簡単に記録 &amp; 公開することができます。",
                "fallback": "Qiita: プログラマの技術情報共有サービス - Qiita",
                "thumb_url": "https:\/\/cdn.qiita.com\/assets\/qiita-fb-2887e7b4aad86fd8c25cea84846f2236.png",
                "from_url": "https:\/\/qiita.com\/#vpc-az%E3%81%8C%E4%B8%80%E3%81%A4",
                "thumb_width": 200,
                "thumb_height": 200,
                "service_icon": "https:\/\/cdn.qiita.com\/assets\/favicons\/public\/apple-touch-icon-f9a6afad761ec2306e10db2736187c8b.png",
                "id": 4,
                "original_url": "https:\/\/qiita.com\/#vpc-az%E3%81%8C%E4%B8%80%E3%81%A4"
            }
        ]
    },
    {
        "type": "message",
        "subtype": "bot_message",
        "text": "<https:\/\/www.reddit.com\/r\/Terraform\/comments\/csi7hv\/generate_n_lines_based_on_value_n\/|Generate n lines based on value n>\nI've read through <https:\/\/www.terraform.io\/docs\/configuration\/functions\/range.html|https:\/\/www.terraform.io\/docs\/configuration\/functions\/range.html> , but I'm still having trouble making what I want to work work. Currently, I have something that looks like this: args = [ \"arg1\". \"host-0\", \"host-1\", \"host-2\", \"nextarg\" ]  I want to set a variable, say, instance_num = 3, iterate over range(3) and create the host lines above dynamically. The end result being the list above. Is there...",
        "ts": "1566226915.007000",
        "username": "Terraform ALL the Worlds!",
        "icons": {
            "image_48": "https:\/\/s3-us-west-2.amazonaws.com\/slack-files2\/bot_icons\/2019-02-12\/548785199618_48.png"
        },
        "bot_id": "BG3N7LG73",
        "attachments": [
            {
                "service_name": "reddit",
                "title": "r\/Terraform - Generate n lines based on value n",
                "title_link": "https:\/\/www.reddit.com\/r\/Terraform\/comments\/csi7hv\/generate_n_lines_based_on_value_n\/",
                "text": "0 votes and 0 comments so far on Reddit",
                "fallback": "reddit: r\/Terraform - Generate n lines based on value n",
                "thumb_url": "https:\/\/external-preview.redd.it\/KzizhgzKGs2jUWKDOfEY85A9lpNMWqKqLZJyPXp-kGg.jpg?auto=webp&s=c596aaaceac54d4261a6012c1f385c6a7d7c8310",
                "from_url": "https:\/\/www.reddit.com\/r\/Terraform\/comments\/csi7hv\/generate_n_lines_based_on_value_n\/",
                "thumb_width": 712,
                "thumb_height": 712,
                "service_icon": "https:\/\/www.redditstatic.com\/desktop2x\/img\/favicon\/apple-icon-57x57.png",
                "id": 1,
                "original_url": "https:\/\/www.reddit.com\/r\/Terraform\/comments\/csi7hv\/generate_n_lines_based_on_value_n\/"
            },
            {
                "service_name": "Terraform by HashiCorp",
                "title": "range - Functions - Configuration Language - Terraform by HashiCorp",
                "title_link": "https:\/\/www.terraform.io\/docs\/configuration\/functions\/range.html",
                "text": "The range function generates sequences of numbers.",
                "fallback": "Terraform by HashiCorp: range - Functions - Configuration Language - Terraform by HashiCorp",
                "thumb_url": "https:\/\/www.terraform.io\/assets\/images\/og-image-8b3e4f7d.png",
                "from_url": "https:\/\/www.terraform.io\/docs\/configuration\/functions\/range.html",
                "thumb_width": 712,
                "thumb_height": 712,
                "service_icon": "https:\/\/www.terraform.io\/assets\/images\/favicons\/apple-touch-icon-13180a24.png",
                "id": 2,
                "original_url": "https:\/\/www.terraform.io\/docs\/configuration\/functions\/range.html"
            }
        ]
    },
    {
        "type": "message",
        "subtype": "bot_message",
        "text": "<https:\/\/www.reddit.com\/r\/Terraform\/comments\/csk88m\/manage_multiple_txt_records_for_the_same_domain\/|Manage multiple TXT records for the same domain>\nHi guys, I was wondering how do you manage TXT records with multiple values using TF. My use case is that I need to setup TXT records for a domain but each line might come from a different module(gsuite verification record, aws ses spf record etc) and overwrite the previous ones.  Since data sources in TF fail of no resource is found i can't read the initial state as there might be no TXT record first time. This is especially tricky when trying to append something to existing SPF line in the...",
        "ts": "1566235606.007200",
        "username": "Terraform ALL the Worlds!",
        "icons": {
            "image_48": "https:\/\/s3-us-west-2.amazonaws.com\/slack-files2\/bot_icons\/2019-02-12\/548785199618_48.png"
        },
        "bot_id": "BG3N7LG73",
        "attachments": [
            {
                "service_name": "reddit",
                "title": "r\/Terraform - Manage multiple TXT records for the same domain",
                "title_link": "https:\/\/www.reddit.com\/r\/Terraform\/comments\/csk88m\/manage_multiple_txt_records_for_the_same_domain\/",
                "text": "0 votes and 0 comments so far on Reddit",
                "fallback": "reddit: r\/Terraform - Manage multiple TXT records for the same domain",
                "from_url": "https:\/\/www.reddit.com\/r\/Terraform\/comments\/csk88m\/manage_multiple_txt_records_for_the_same_domain\/",
                "service_icon": "https:\/\/www.redditstatic.com\/desktop2x\/img\/favicon\/apple-icon-57x57.png",
                "id": 1,
                "original_url": "https:\/\/www.reddit.com\/r\/Terraform\/comments\/csk88m\/manage_multiple_txt_records_for_the_same_domain\/"
            }
        ]
    },
    {
        "type": "message",
        "subtype": "bot_message",
        "text": "<https:\/\/www.reddit.com\/r\/Terraform\/comments\/csmlf9\/how_to_store_secrets_within_terraform_code_base\/|How to store secrets within terraform code base.>\nThis question has been asked a few times here, so I wrote a little post that covers it. Feedback much appreciated.  <https:\/\/eddwardo.github.io\/terraform\/iac\/kms\/aws\/2019\/08\/19\/terraform-secrets-and-passwords\/|https:\/\/eddwardo.github.io\/terraform\/iac\/kms\/aws\/2019\/08\/19\/terraform-secrets-and-passwords\/>    submitted by   <https:\/\/www.reddit.com\/user\/eddw4rd0| \/u\/eddw4rd0 > \n&lt;a...",
        "ts": "1566246104.007400",
        "username": "Terraform ALL the Worlds!",
        "icons": {
            "image_48": "https:\/\/s3-us-west-2.amazonaws.com\/slack-files2\/bot_icons\/2019-02-12\/548785199618_48.png"
        },
        "bot_id": "BG3N7LG73",
        "attachments": [
            {
                "service_name": "reddit",
                "title": "r\/Terraform - How to store secrets within terraform code base.",
                "title_link": "https:\/\/www.reddit.com\/r\/Terraform\/comments\/csmlf9\/how_to_store_secrets_within_terraform_code_base\/",
                "text": "0 votes and 0 comments so far on Reddit",
                "fallback": "reddit: r\/Terraform - How to store secrets within terraform code base.",
                "from_url": "https:\/\/www.reddit.com\/r\/Terraform\/comments\/csmlf9\/how_to_store_secrets_within_terraform_code_base\/",
                "service_icon": "https:\/\/www.redditstatic.com\/desktop2x\/img\/favicon\/apple-icon-57x57.png",
                "id": 1,
                "original_url": "https:\/\/www.reddit.com\/r\/Terraform\/comments\/csmlf9\/how_to_store_secrets_within_terraform_code_base\/"
            },
            {
                "service_name": "edd's blog",
                "title": "Storing secrets in terraform codebase with KMS",
                "title_link": "https:\/\/eddwardo.github.io\/terraform\/iac\/kms\/aws\/2019\/08\/19\/terraform-secrets-and-passwords\/",
                "text": "Software Engineer views on enything.",
                "fallback": "edd's blog: Storing secrets in terraform codebase with KMS",
                "from_url": "https:\/\/eddwardo.github.io\/terraform\/iac\/kms\/aws\/2019\/08\/19\/terraform-secrets-and-passwords\/",
                "service_icon": "https:\/\/eddwardo.github.io\/favicon.ico",
                "id": 2,
                "original_url": "https:\/\/eddwardo.github.io\/terraform\/iac\/kms\/aws\/2019\/08\/19\/terraform-secrets-and-passwords\/"
            },
            {
                "service_name": "reddit",
                "title": "Edddddd (u\/eddw4rd0) - Reddit",
                "title_link": "https:\/\/www.reddit.com\/user\/eddw4rd0",
                "text": "u\/eddw4rd0: I do a lot of Computer stuff. I discovered world outside the internet just recently - it is amazing.",
                "fallback": "reddit: Edddddd (u\/eddw4rd0) - Reddit",
                "thumb_url": "https:\/\/styles.redditmedia.com\/t5_hg3cl\/styles\/profileIcon_uu818h0oav211.jpg?width=256&height=256&crop=256:256,smart&s=50c8bc91581267493c0adcad13569d1e62a23fb6",
                "from_url": "https:\/\/www.reddit.com\/user\/eddw4rd0",
                "thumb_width": 256,
                "thumb_height": 256,
                "service_icon": "https:\/\/www.redditstatic.com\/desktop2x\/img\/favicon\/apple-icon-57x57.png",
                "id": 3,
                "original_url": "https:\/\/www.reddit.com\/user\/eddw4rd0"
            }
        ]
    }
]