[
    {
        "type": "message",
        "subtype": "bot_message",
        "text": "<https:\/\/qiita.com\/y-araki-qiita\/items\/c2f435caa380f4bed844|TerraformでAWS構築・運用自動化を入門>\n　terraformを使えばクラウド上のリソースを定義ファイルの状態になるように構築してくれます。\n正直terraformでの構築・運用に慣れるとコンソール上でポチポチやっているのが面倒になります。\n今回はterraformを使いAWSの環境の構築・運用自動化に入門してみます。\n\n本記事では、以下を掲載します。\n1,CentOS7にterraform実行環境インストール\n2,コマンド等の説明\n3,実際にAWSのVPCをterraformで作成\n\n\n<https:\/\/qiita.com\/#%E5%89%8D%E6%8F%90>前提\n\nAWSアカウント作成済み\nIAMユーザ、ユーザのアクセスキー・シークレットキー発行済み\n\n\n&lt;a...",
        "ts": "1566805615.013400",
        "username": "Terraformタグが付けられた新着記事 - Qiita",
        "icons": {
            "image_36": "https:\/\/a.slack-edge.com\/66f9\/img\/services\/rss_36.png",
            "image_48": "https:\/\/a.slack-edge.com\/66f9\/img\/services\/rss_48.png",
            "image_72": "https:\/\/a.slack-edge.com\/205a\/img\/services\/rss_72.png"
        },
        "bot_id": "BG3N7LG73",
        "attachments": [
            {
                "service_name": "Qiita",
                "title": "TerraformでAWS構築・運用自動化を入門 - Qiita",
                "title_link": "https:\/\/qiita.com\/y-araki-qiita\/items\/c2f435caa380f4bed844",
                "text": "　terraformを使えばクラウド上のリソースを定義ファイルの状態になるように構築してくれます。 正直terraformでの構築・運用に慣れるとコンソール上でポチポチやっているのが面倒になります。 今回はterraformを使いAW...",
                "fallback": "Qiita: TerraformでAWS構築・運用自動化を入門 - Qiita",
                "thumb_url": "https:\/\/cdn.qiita.com\/assets\/qiita-fb-2887e7b4aad86fd8c25cea84846f2236.png",
                "from_url": "https:\/\/qiita.com\/y-araki-qiita\/items\/c2f435caa380f4bed844",
                "thumb_width": 200,
                "thumb_height": 200,
                "service_icon": "https:\/\/cdn.qiita.com\/assets\/favicons\/public\/apple-touch-icon-f9a6afad761ec2306e10db2736187c8b.png",
                "id": 1,
                "original_url": "https:\/\/qiita.com\/y-araki-qiita\/items\/c2f435caa380f4bed844"
            },
            {
                "service_name": "Qiita",
                "title": "プログラマの技術情報共有サービス - Qiita",
                "title_link": "https:\/\/qiita.com\/#%E5%89%8D%E6%8F%90",
                "text": "Qiitaは、プログラマのための技術情報共有サービスです。 プログラミングに関するTips、ノウハウ、メモを簡単に記録 &amp; 公開することができます。",
                "fallback": "Qiita: プログラマの技術情報共有サービス - Qiita",
                "thumb_url": "https:\/\/cdn.qiita.com\/assets\/qiita-fb-2887e7b4aad86fd8c25cea84846f2236.png",
                "from_url": "https:\/\/qiita.com\/#%E5%89%8D%E6%8F%90",
                "thumb_width": 200,
                "thumb_height": 200,
                "service_icon": "https:\/\/cdn.qiita.com\/assets\/favicons\/public\/apple-touch-icon-f9a6afad761ec2306e10db2736187c8b.png",
                "id": 2,
                "original_url": "https:\/\/qiita.com\/#%E5%89%8D%E6%8F%90"
            }
        ]
    },
    {
        "type": "message",
        "subtype": "bot_message",
        "text": "<https:\/\/www.reddit.com\/r\/Terraform\/comments\/cvpk3p\/bootstrapping_iam_infrastructure_issue\/|Bootstrapping IAM infrastructure issue>\nI found this repo the other day and I quite like the layout the author uses: <https:\/\/github.com\/njfix6\/terraform-layout-examples|https:\/\/github.com\/njfix6\/terraform-layout-examples>, see the accompanying blog post here: <https:\/\/medium.com\/@njfix6\/using-terraform-at-a-production-level-ec1705a19d82|https:\/\/medium.com\/@njfix6\/using-terraform-at-a-production-level-ec1705a19d82> However, when I attempt to terraform init this example from one of the environment...",
        "ts": "1566834103.013600",
        "username": "Terraform ALL the Worlds!",
        "icons": {
            "image_48": "https:\/\/s3-us-west-2.amazonaws.com\/slack-files2\/bot_icons\/2019-02-12\/548785199618_48.png"
        },
        "bot_id": "BG3N7LG73",
        "attachments": [
            {
                "service_name": "reddit",
                "title": "r\/Terraform - Bootstrapping IAM infrastructure issue",
                "title_link": "https:\/\/www.reddit.com\/r\/Terraform\/comments\/cvpk3p\/bootstrapping_iam_infrastructure_issue\/",
                "text": "0 votes and 0 comments so far on Reddit",
                "fallback": "reddit: r\/Terraform - Bootstrapping IAM infrastructure issue",
                "thumb_url": "https:\/\/external-preview.redd.it\/S1Bfxj4bsocT89s-z-nmTsChdCOj4WE3jAqJgqQeYTA.jpg?auto=webp&s=38423a2d7405f6b249ce3806a30c39a641987d19",
                "from_url": "https:\/\/www.reddit.com\/r\/Terraform\/comments\/cvpk3p\/bootstrapping_iam_infrastructure_issue\/",
                "thumb_width": 400,
                "thumb_height": 400,
                "service_icon": "https:\/\/www.redditstatic.com\/desktop2x\/img\/favicon\/apple-icon-57x57.png",
                "id": 1,
                "original_url": "https:\/\/www.reddit.com\/r\/Terraform\/comments\/cvpk3p\/bootstrapping_iam_infrastructure_issue\/"
            },
            {
                "service_name": "GitHub",
                "title": "njfix6\/terraform-layout-examples",
                "title_link": "https:\/\/github.com\/njfix6\/terraform-layout-examples",
                "text": "Contribute to njfix6\/terraform-layout-examples development by creating an account on GitHub.",
                "fallback": "GitHub: njfix6\/terraform-layout-examples",
                "thumb_url": "https:\/\/avatars1.githubusercontent.com\/u\/6845581?s=400&v=4",
                "from_url": "https:\/\/github.com\/njfix6\/terraform-layout-examples",
                "thumb_width": 400,
                "thumb_height": 400,
                "service_icon": "https:\/\/a.slack-edge.com\/bfaba\/img\/unfurl_icons\/github.png",
                "id": 2,
                "original_url": "https:\/\/github.com\/njfix6\/terraform-layout-examples"
            },
            {
                "service_name": "Medium",
                "title": "Using Terraform at a Production Level",
                "title_link": "https:\/\/medium.com\/@njfix6\/using-terraform-at-a-production-level-ec1705a19d82",
                "text": "On the Spinnaker Team at Intuit, we use Terraform to setup all of our long-lived cloud infrastructure, spanning more than 10 AWS accounts…",
                "fallback": "Medium: Using Terraform at a Production Level",
                "image_url": "https:\/\/miro.medium.com\/max\/600\/1*LlaSzZraSYDNprPYPy-GWQ.png",
                "fields": [
                    {
                        "title": "Reading time",
                        "value": "4 min read",
                        "short": true
                    }
                ],
                "ts": 1564371172,
                "from_url": "https:\/\/medium.com\/@njfix6\/using-terraform-at-a-production-level-ec1705a19d82",
                "image_width": 177,
                "image_height": 250,
                "image_bytes": 46552,
                "service_icon": "https:\/\/cdn-images-1.medium.com\/fit\/c\/152\/152\/1*8I-HPL0bfoIzGied-dzOvA.png",
                "id": 3,
                "original_url": "https:\/\/medium.com\/@njfix6\/using-terraform-at-a-production-level-ec1705a19d82"
            }
        ]
    },
    {
        "type": "message",
        "subtype": "bot_message",
        "text": "<https:\/\/qiita.com\/f-naoto832\/items\/e05ab53e85b8e1c9e12b|TerraformでGKEを作ってVPC上に乗せる>\n<https:\/\/qiita.com\/#%E3%82%84%E3%82%8A%E3%81%9F%E3%81%84%E3%81%93%E3%81%A8>やりたいこと\n\nterraformを使って、vpcとgkeを作成して、gkeをvpc上に乗せます。\n以下の記事を参考にさせていただきましたので、詳細は下記をご確認ください！\n\n<https:\/\/qiita.com\/takasp\/items\/8104c175232e74217cc3|https:\/\/qiita.com\/takasp\/items\/8104c175232e74217cc3>\n<https:\/\/qiita.com\/kawakawaryuryu\/items\/c74a7a90a8b4e7e01c1f|https:\/\/qiita.com\/kawakawaryuryu\/items\/c74a7a90a8b4e7e01c1f>\n&lt;a...",
        "ts": "1566837411.013800",
        "username": "Terraformタグが付けられた新着記事 - Qiita",
        "icons": {
            "image_36": "https:\/\/a.slack-edge.com\/66f9\/img\/services\/rss_36.png",
            "image_48": "https:\/\/a.slack-edge.com\/66f9\/img\/services\/rss_48.png",
            "image_72": "https:\/\/a.slack-edge.com\/205a\/img\/services\/rss_72.png"
        },
        "bot_id": "BG3N7LG73",
        "attachments": [
            {
                "service_name": "Qiita",
                "title": "TerraformでGKEを作ってVPC上に乗せる - Qiita",
                "title_link": "https:\/\/qiita.com\/f-naoto832\/items\/e05ab53e85b8e1c9e12b",
                "text": "## やりたいこと terraformを使って、vpcとgkeを作成して、gkeをvpc上に乗せます。 以下の記事を参考にさせていただきましたので、詳細は下記をご確認ください！ - <https:\/\/qiita.com\/takasp>...",
                "fallback": "Qiita: TerraformでGKEを作ってVPC上に乗せる - Qiita",
                "thumb_url": "https:\/\/cdn.qiita.com\/assets\/qiita-fb-2887e7b4aad86fd8c25cea84846f2236.png",
                "from_url": "https:\/\/qiita.com\/f-naoto832\/items\/e05ab53e85b8e1c9e12b",
                "thumb_width": 200,
                "thumb_height": 200,
                "service_icon": "https:\/\/cdn.qiita.com\/assets\/favicons\/public\/apple-touch-icon-f9a6afad761ec2306e10db2736187c8b.png",
                "id": 1,
                "original_url": "https:\/\/qiita.com\/f-naoto832\/items\/e05ab53e85b8e1c9e12b"
            },
            {
                "service_name": "Qiita",
                "title": "プログラマの技術情報共有サービス - Qiita",
                "title_link": "https:\/\/qiita.com\/#%E3%82%84%E3%82%8A%E3%81%9F%E3%81%84%E3%81%93%E3%81%A8",
                "text": "Qiitaは、プログラマのための技術情報共有サービスです。 プログラミングに関するTips、ノウハウ、メモを簡単に記録 &amp; 公開することができます。",
                "fallback": "Qiita: プログラマの技術情報共有サービス - Qiita",
                "thumb_url": "https:\/\/cdn.qiita.com\/assets\/qiita-fb-2887e7b4aad86fd8c25cea84846f2236.png",
                "from_url": "https:\/\/qiita.com\/#%E3%82%84%E3%82%8A%E3%81%9F%E3%81%84%E3%81%93%E3%81%A8",
                "thumb_width": 200,
                "thumb_height": 200,
                "service_icon": "https:\/\/cdn.qiita.com\/assets\/favicons\/public\/apple-touch-icon-f9a6afad761ec2306e10db2736187c8b.png",
                "id": 2,
                "original_url": "https:\/\/qiita.com\/#%E3%82%84%E3%82%8A%E3%81%9F%E3%81%84%E3%81%93%E3%81%A8"
            },
            {
                "service_name": "Qiita",
                "title": "Terraform で GKE を構築する - Qiita",
                "title_link": "https:\/\/qiita.com\/takasp\/items\/8104c175232e74217cc3",
                "text": "# はじめに GKE を構築する際、実際に適用されている設定を管理したいので Terraform を使って GKE を構築していきます。 Terraform には Module として GKE が提供されていますが、今回は素の Te...",
                "fallback": "Qiita: Terraform で GKE を構築する - Qiita",
                "thumb_url": "https:\/\/cdn.qiita.com\/assets\/qiita-fb-2887e7b4aad86fd8c25cea84846f2236.png",
                "from_url": "https:\/\/qiita.com\/takasp\/items\/8104c175232e74217cc3",
                "thumb_width": 200,
                "thumb_height": 200,
                "service_icon": "https:\/\/cdn.qiita.com\/assets\/favicons\/public\/apple-touch-icon-f9a6afad761ec2306e10db2736187c8b.png",
                "id": 3,
                "original_url": "https:\/\/qiita.com\/takasp\/items\/8104c175232e74217cc3"
            },
            {
                "service_name": "Qiita",
                "title": "Terraformを使ってGKEクラスタを作成する - Qiita",
                "title_link": "https:\/\/qiita.com\/kawakawaryuryu\/items\/c74a7a90a8b4e7e01c1f",
                "text": "# 概要 あえてGoogle Cloud SDKを使わずにTerraformを使ってGKEクラスタを作成したので、そのときのメモ書きです。 # 前提 OS: macOS 10.14.4 Terraformバージョン: v0.11.1...",
                "fallback": "Qiita: Terraformを使ってGKEクラスタを作成する - Qiita",
                "thumb_url": "https:\/\/cdn.qiita.com\/assets\/qiita-fb-2887e7b4aad86fd8c25cea84846f2236.png",
                "from_url": "https:\/\/qiita.com\/kawakawaryuryu\/items\/c74a7a90a8b4e7e01c1f",
                "thumb_width": 200,
                "thumb_height": 200,
                "service_icon": "https:\/\/cdn.qiita.com\/assets\/favicons\/public\/apple-touch-icon-f9a6afad761ec2306e10db2736187c8b.png",
                "id": 4,
                "original_url": "https:\/\/qiita.com\/kawakawaryuryu\/items\/c74a7a90a8b4e7e01c1f"
            }
        ]
    },
    {
        "type": "message",
        "subtype": "bot_message",
        "text": "<https:\/\/www.reddit.com\/r\/Terraform\/comments\/cvrrcr\/how_to_use_dynamic_tags_that_differ_in_prod_and\/|How to use dynamic tags that differ in prod and nonprod>\nI have tags that differ in prod and nonprod , nonprod has locals.global _tags and prod has \"${merge(<https:\/\/local.global\/|local.global>,local_extra_tags)}\" . How can i set that in my module locals { global_tags = { email = \"<http:\/\/xxx.com|xxx.com>\"  owner = \"c\" } extra_tags = { application = \"voice-service\" } } module:   tags = \"${local.global_tags}\"     submitted by   <https:\/\/www.reddit.com\/user\/skr1709| \/u\/skr1709 > \n&lt;a...",
        "ts": "1566843707.014000",
        "username": "Terraform ALL the Worlds!",
        "icons": {
            "image_48": "https:\/\/s3-us-west-2.amazonaws.com\/slack-files2\/bot_icons\/2019-02-12\/548785199618_48.png"
        },
        "bot_id": "BG3N7LG73",
        "attachments": [
            {
                "service_name": "reddit",
                "title": "r\/Terraform - How to use dynamic tags that differ in prod and nonprod",
                "title_link": "https:\/\/www.reddit.com\/r\/Terraform\/comments\/cvrrcr\/how_to_use_dynamic_tags_that_differ_in_prod_and\/",
                "text": "0 votes and 0 comments so far on Reddit",
                "fallback": "reddit: r\/Terraform - How to use dynamic tags that differ in prod and nonprod",
                "from_url": "https:\/\/www.reddit.com\/r\/Terraform\/comments\/cvrrcr\/how_to_use_dynamic_tags_that_differ_in_prod_and\/",
                "service_icon": "https:\/\/www.redditstatic.com\/desktop2x\/img\/favicon\/apple-icon-57x57.png",
                "id": 1,
                "original_url": "https:\/\/www.reddit.com\/r\/Terraform\/comments\/cvrrcr\/how_to_use_dynamic_tags_that_differ_in_prod_and\/"
            },
            {
                "title": "local.global | World without limits",
                "title_link": "https:\/\/local.global\/",
                "text": "Become globally connected with local phone numbers from 40 countries, so your friends and family abroad can call you at their local rates.",
                "fallback": "local.global | World without limits",
                "from_url": "https:\/\/local.global\/",
                "service_icon": "https:\/\/local.global\/assets\/apple-touch-icon-144x144-precomposed-75ce988bff607c11f809c66e23e05de321ba97e9d5b05a46d1a18d11ccb277e7.png",
                "service_name": "local.global",
                "id": 2,
                "original_url": "https:\/\/local.global\/"
            },
            {
                "service_name": "reddit",
                "title": "skr1709 (u\/skr1709) - Reddit",
                "title_link": "https:\/\/www.reddit.com\/user\/skr1709",
                "text": "u\/skr1709:",
                "fallback": "reddit: skr1709 (u\/skr1709) - Reddit",
                "thumb_url": "https:\/\/www.redditstatic.com\/avatars\/avatar_default_05_FF66AC.png",
                "from_url": "https:\/\/www.reddit.com\/user\/skr1709",
                "thumb_width": 256,
                "thumb_height": 256,
                "service_icon": "https:\/\/www.redditstatic.com\/desktop2x\/img\/favicon\/apple-icon-57x57.png",
                "id": 3,
                "original_url": "https:\/\/www.reddit.com\/user\/skr1709"
            }
        ]
    },
    {
        "type": "message",
        "subtype": "bot_message",
        "text": "<https:\/\/www.reddit.com\/r\/Terraform\/comments\/cvv0ek\/how_do_i_save_a_file_to_a_windows_ec2_instance\/|How do I save a file to a Windows EC2 instance?>\nMy template file... data \"template_file\" \"install_script\" { template = \"${file(\"${path.module}\/InstallScript.ps1\")}true\" vars { hostname = \"${var.computername}\" } }  ... my script ... Set-ExecutionPolicy Bypass -Scope Process -Force Set-NetFirewallProfile -Name Domain,Public,Private -Enabled False Set-TimeZone -Name \"Mountain Standard Time\" $file = \"C:\\Program Files\\Amazon\"+\"myScript100.ps1\" $content = \"Rename-Computer -NewName ${hostname} -Force\" New-Item $file -ItemType file -Value $content...",
        "ts": "1566858706.014200",
        "username": "Terraform ALL the Worlds!",
        "icons": {
            "image_48": "https:\/\/s3-us-west-2.amazonaws.com\/slack-files2\/bot_icons\/2019-02-12\/548785199618_48.png"
        },
        "bot_id": "BG3N7LG73",
        "attachments": [
            {
                "service_name": "reddit",
                "title": "r\/Terraform - How do I save a file to a Windows EC2 instance?",
                "title_link": "https:\/\/www.reddit.com\/r\/Terraform\/comments\/cvv0ek\/how_do_i_save_a_file_to_a_windows_ec2_instance\/",
                "text": "0 votes and 0 comments so far on Reddit",
                "fallback": "reddit: r\/Terraform - How do I save a file to a Windows EC2 instance?",
                "from_url": "https:\/\/www.reddit.com\/r\/Terraform\/comments\/cvv0ek\/how_do_i_save_a_file_to_a_windows_ec2_instance\/",
                "service_icon": "https:\/\/www.redditstatic.com\/desktop2x\/img\/favicon\/apple-icon-57x57.png",
                "id": 1,
                "original_url": "https:\/\/www.reddit.com\/r\/Terraform\/comments\/cvv0ek\/how_do_i_save_a_file_to_a_windows_ec2_instance\/"
            }
        ]
    },
    {
        "type": "message",
        "subtype": "bot_message",
        "text": "<https:\/\/qiita.com\/akiko-pusu\/items\/bf62256e5732156f0cec|ECRのライフサイクルの設定メモ>\n<https:\/\/qiita.com\/#%E3%81%93%E3%82%8C%E3%81%AF%E3%81%AA%E3%81%AB>これはなに？\n\nAWSのECSを使う前提で、ECRを利用しています。\nこちらはDockerイメージのリポジトリで、CIやパイプラインで定期的にビルドしたイメージをpush &amp; 登録する設定を試しています。\n\nここでは、ECSについてはまだ触れません。\n(ECSを起動すると思いがけず課金が発生するので、個人枠では慎重に進めています....)\n\n\n<https:\/\/qiita.com\/#%E3%82%84%E3%82%8A%E3%81%9F%E3%81%84%E3%81%93%E3%81%A8>やりたいこと\n\nさて、ECRもAWSの1年間の無償枠の中の1つとして利用ができます。\nただし、サイズ制限があり、リポジトリの利用サイズが0.5GBを越えてしまうと、課金対象になってしまいます。\n\n今実験しているDockerのイメージは、サイズが450MB程度...。...",
        "ts": "1566867417.014400",
        "username": "Terraformタグが付けられた新着記事 - Qiita",
        "icons": {
            "image_36": "https:\/\/a.slack-edge.com\/66f9\/img\/services\/rss_36.png",
            "image_48": "https:\/\/a.slack-edge.com\/66f9\/img\/services\/rss_48.png",
            "image_72": "https:\/\/a.slack-edge.com\/205a\/img\/services\/rss_72.png"
        },
        "bot_id": "BG3N7LG73",
        "attachments": [
            {
                "service_name": "Qiita",
                "title": "ECRのライフサイクルの設定メモ - Qiita",
                "title_link": "https:\/\/qiita.com\/akiko-pusu\/items\/bf62256e5732156f0cec",
                "text": "## これはなに？ AWSのECSを使う前提で、ECRを利用しています。 こちらはDockerイメージのリポジトリで、CIやパイプラインで定期的にビルドしたイメージをpush &amp; 登録する設定を試しています。 ここでは、E...",
                "fallback": "Qiita: ECRのライフサイクルの設定メモ - Qiita",
                "thumb_url": "https:\/\/cdn.qiita.com\/assets\/qiita-fb-2887e7b4aad86fd8c25cea84846f2236.png",
                "from_url": "https:\/\/qiita.com\/akiko-pusu\/items\/bf62256e5732156f0cec",
                "thumb_width": 200,
                "thumb_height": 200,
                "service_icon": "https:\/\/cdn.qiita.com\/assets\/favicons\/public\/apple-touch-icon-f9a6afad761ec2306e10db2736187c8b.png",
                "id": 1,
                "original_url": "https:\/\/qiita.com\/akiko-pusu\/items\/bf62256e5732156f0cec"
            },
            {
                "service_name": "Qiita",
                "title": "プログラマの技術情報共有サービス - Qiita",
                "title_link": "https:\/\/qiita.com\/#%E3%81%93%E3%82%8C%E3%81%AF%E3%81%AA%E3%81%AB",
                "text": "Qiitaは、プログラマのための技術情報共有サービスです。 プログラミングに関するTips、ノウハウ、メモを簡単に記録 &amp; 公開することができます。",
                "fallback": "Qiita: プログラマの技術情報共有サービス - Qiita",
                "thumb_url": "https:\/\/cdn.qiita.com\/assets\/qiita-fb-2887e7b4aad86fd8c25cea84846f2236.png",
                "from_url": "https:\/\/qiita.com\/#%E3%81%93%E3%82%8C%E3%81%AF%E3%81%AA%E3%81%AB",
                "thumb_width": 200,
                "thumb_height": 200,
                "service_icon": "https:\/\/cdn.qiita.com\/assets\/favicons\/public\/apple-touch-icon-f9a6afad761ec2306e10db2736187c8b.png",
                "id": 2,
                "original_url": "https:\/\/qiita.com\/#%E3%81%93%E3%82%8C%E3%81%AF%E3%81%AA%E3%81%AB"
            },
            {
                "service_name": "Qiita",
                "title": "プログラマの技術情報共有サービス - Qiita",
                "title_link": "https:\/\/qiita.com\/#%E3%82%84%E3%82%8A%E3%81%9F%E3%81%84%E3%81%93%E3%81%A8",
                "text": "Qiitaは、プログラマのための技術情報共有サービスです。 プログラミングに関するTips、ノウハウ、メモを簡単に記録 &amp; 公開することができます。",
                "fallback": "Qiita: プログラマの技術情報共有サービス - Qiita",
                "thumb_url": "https:\/\/cdn.qiita.com\/assets\/qiita-fb-2887e7b4aad86fd8c25cea84846f2236.png",
                "from_url": "https:\/\/qiita.com\/#%E3%82%84%E3%82%8A%E3%81%9F%E3%81%84%E3%81%93%E3%81%A8",
                "thumb_width": 200,
                "thumb_height": 200,
                "service_icon": "https:\/\/cdn.qiita.com\/assets\/favicons\/public\/apple-touch-icon-f9a6afad761ec2306e10db2736187c8b.png",
                "id": 3,
                "original_url": "https:\/\/qiita.com\/#%E3%82%84%E3%82%8A%E3%81%9F%E3%81%84%E3%81%93%E3%81%A8"
            }
        ]
    }
]