[
    {
        "type": "message",
        "subtype": "bot_message",
        "text": "",
        "ts": "1668031845.687909",
        "bot_id": "BG2UDF0NA",
        "attachments": [
            {
                "id": 1,
                "fallback": "cloudposse\/terraform-aws-dynamodb on GitHub\nv0.32.00.32.0 \nrelease note: <https:\/\/newreleases.io\/github\/cloudposse\/terraform-aws-dynamodb?version=0.32.0>",
                "text": "*v0.32.0* `0.32.0` \n```\nfix: required aws provider version update @ivanmartos ( <https:\/\/github.com\/ivanmartos> ) ( #108 ( <https:\/\/github.com\/cloudposse\/terraform-aws-dynamodb\/pull\/108> ) )\n\n----\nwhat\n----\n\nUpdate required aws provider version\n\n---\nwhy\n---\n\nChanges introduced in #107 ( <https:\/\/github.com\/cloudposse\/terraform-aws-dynamodb\/pull\/107> ) require aws provider functionality added in <https:\/\/github.com\/hashicorp\/terraform-provider-aws\/blob\/main\/CHANGELOG.md#4220-july--8-2022> ( <https:\/\/github.com\/hashicorp\/terraform-provider-aws\/blob\/main\/CHANGELOG.md#4220-july--8-2022> )\n\nThis is current terraform plan output with old aws provider\n\nError: Unsupported argument\n\n on .terraform\/modules\/example.foo_table\/main.tf line 112, in resource \"aws_dynamodb_table\" \"default\":\n112:       propagate_tags         = false\n\nAn argument named \"propagate_tags\" is not expected here.\n\nError: Unsupported argument\n\n on .terraform\/modules\/example.foo_table\/main.tf line 113, in resource \"aws_dynamodb_table\" \"default\":\n113:       point_in_time_recovery = false\n\nAn argument named \"point_in_time_recovery\" is not expected here.\n\n----------\nreferences\n----------\n\nRelease notes for aws provider <https:\/\/github.com\/hashicorp\/terraform-provider-aws\/blob\/main\/CHANGELOG.md#4220-july--8-2022> ( <https:\/\/github.com\/hashicorp\/terraform-provider-aws\/blob\/main\/CHANGELOG.md#4220-july--8-2022> )\n```\n<https:\/\/newreleases.io\/github\/cloudposse\/terraform-aws-dynamodb?version=0.32.0|release note...>",
                "title": "cloudposse\/terraform-aws-dynamodb on GitHub",
                "title_link": "https:\/\/newreleases.io\/github\/cloudposse\/terraform-aws-dynamodb",
                "mrkdwn_in": [
                    "text"
                ]
            }
        ]
    }
]