[
    {
        "client_msg_id": "de97d4a4-806b-4c07-b6c3-9beed2ee91f6",
        "type": "message",
        "text": "AWS Providerに限定した話題で恐縮ですが！\nAWS WAFのマネージドルールグループのバージョン指定に対応するPRを作成したので、\nもし使用する可能性がある方は、:thumbsup: 押してくださると助かります！\n（レビューの優先度が上がるので）\n<https:\/\/github.com\/hashicorp\/terraform-provider-aws\/pull\/21732>",
        "user": "U02MDQAQBDG",
        "ts": "1638036359.010400",
        "blocks": [
            {
                "type": "rich_text",
                "block_id": "H8oJ",
                "elements": [
                    {
                        "type": "rich_text_section",
                        "elements": [
                            {
                                "type": "text",
                                "text": "AWS Providerに限定した話題で恐縮ですが！\nAWS WAFのマネージドルールグループのバージョン指定に対応するPRを作成したので、\nもし使用する可能性がある方は、"
                            },
                            {
                                "type": "emoji",
                                "name": "thumbsup",
                                "unicode": "1f44d"
                            },
                            {
                                "type": "text",
                                "text": " 押してくださると助かります！\n（レビューの優先度が上がるので）\n"
                            },
                            {
                                "type": "link",
                                "url": "https:\/\/github.com\/hashicorp\/terraform-provider-aws\/pull\/21732"
                            }
                        ]
                    }
                ]
            }
        ],
        "team": "TFU0BKCQP",
        "user_team": "TFU0BKCQP",
        "source_team": "TFU0BKCQP",
        "user_profile": {
            "avatar_hash": "70c28e431e8e",
            "image_72": "https:\/\/avatars.slack-edge.com\/2021-11-15\/2730073732740_70c28e431e8e4dbdfb76_72.jpg",
            "first_name": "galoitsu",
            "real_name": "galoitsu",
            "display_name": "",
            "team": "TFU0BKCQP",
            "name": "galoitsu",
            "is_restricted": false,
            "is_ultra_restricted": false
        },
        "attachments": [
            {
                "text": "*Community Note*\n\n• Please vote on this pull request by adding a :+1: <https:\/\/blog.github.com\/2016-03-10-add-reactions-to-pull-requests-issues-and-comments\/|reaction> to the original pull request comment to help the community and maintainers prioritize this request\n• Please do not leave \"+1\" or other comments that do not add relevant new information or questions, they generate extra noise for pull request followers and do not help prioritize the request\n\nCloses #20817 #21546\n\nOutput from acceptance testing:\n\n```\n$ make testacc TESTARGS='-run=TestAccWAFV2WebACL_.*' PKG_NAME=internal\/service\/wafv2\n==&gt; Checking that code complies with gofmt requirements...\nTF_ACC=1 go test .\/internal\/service\/wafv2\/... -v -count 1 -parallel 20 -run=TestAccWAFV2WebACL_.* -timeout 180m\n=== RUN   TestAccWAFV2WebACL_basic\n=== PAUSE TestAccWAFV2WebACL_basic\n=== RUN   TestAccWAFV2WebACL_Update_rule\n=== PAUSE TestAccWAFV2WebACL_Update_rule\n=== RUN   TestAccWAFV2WebACL_Update_ruleProperties\n=== PAUSE TestAccWAFV2WebACL_Update_ruleProperties\n=== RUN   TestAccWAFV2WebACL_Update_nameForceNew\n=== PAUSE TestAccWAFV2WebACL_Update_nameForceNew\n=== RUN   TestAccWAFV2WebACL_disappears\n=== PAUSE TestAccWAFV2WebACL_disappears\n=== RUN   TestAccWAFV2WebACL_ManagedRuleGroup_basic\n=== PAUSE TestAccWAFV2WebACL_ManagedRuleGroup_basic\n=== RUN   TestAccWAFV2WebACL_ManagedRuleGroup_specify_version\n=== PAUSE TestAccWAFV2WebACL_ManagedRuleGroup_specify_version\n=== RUN   TestAccWAFV2WebACL_minimal\n=== PAUSE TestAccWAFV2WebACL_minimal\n=== RUN   TestAccWAFV2WebACL_RateBased_basic\n=== PAUSE TestAccWAFV2WebACL_RateBased_basic\n=== RUN   TestAccWAFV2WebACL_GeoMatch_basic\n=== PAUSE TestAccWAFV2WebACL_GeoMatch_basic\n=== RUN   TestAccWAFV2WebACL_GeoMatch_forwardedIP\n=== PAUSE TestAccWAFV2WebACL_GeoMatch_forwardedIP\n=== RUN   TestAccWAFV2WebACL_IPSetReference_basic\n=== PAUSE TestAccWAFV2WebACL_IPSetReference_basic\n=== RUN   TestAccWAFV2WebACL_IPSetReference_forwardedIP\n=== PAUSE TestAccWAFV2WebACL_IPSetReference_forwardedIP\n=== RUN   TestAccWAFV2WebACL_RateBased_forwardedIP\n=== PAUSE TestAccWAFV2WebACL_RateBased_forwardedIP\n=== RUN   TestAccWAFV2WebACL_RuleGroupReference_basic\n=== PAUSE TestAccWAFV2WebACL_RuleGroupReference_basic\n=== RUN   TestAccWAFV2WebACL_Custom_requestHandling\n=== PAUSE TestAccWAFV2WebACL_Custom_requestHandling\n=== RUN   TestAccWAFV2WebACL_Custom_response\n=== PAUSE TestAccWAFV2WebACL_Custom_response\n=== RUN   TestAccWAFV2WebACL_tags\n=== PAUSE TestAccWAFV2WebACL_tags\n=== RUN   TestAccWAFV2WebACL_RateBased_maxNested\n=== PAUSE TestAccWAFV2WebACL_RateBased_maxNested\n=== RUN   TestAccWAFV2WebACL_Operators_maxNested\n=== PAUSE TestAccWAFV2WebACL_Operators_maxNested\n=== CONT  TestAccWAFV2WebACL_basic\n=== CONT  TestAccWAFV2WebACL_IPSetReference_basic\n=== CONT  TestAccWAFV2WebACL_RateBased_maxNested\n=== CONT  TestAccWAFV2WebACL_IPSetReference_forwardedIP\n=== CONT  TestAccWAFV2WebACL_tags\n=== CONT  TestAccWAFV2WebACL_Custom_response\n=== CONT  TestAccWAFV2WebACL_Operators_maxNested\n=== CONT  TestAccWAFV2WebACL_ManagedRuleGroup_specify_version\n=== CONT  TestAccWAFV2WebACL_minimal\n=== CONT  TestAccWAFV2WebACL_Custom_requestHandling\n=== CONT  TestAccWAFV2WebACL_ManagedRuleGroup_basic\n=== CONT  TestAccWAFV2WebACL_disappears\n=== CONT  TestAccWAFV2WebACL_Update_ruleProperties\n=== CONT  TestAccWAFV2WebACL_RuleGroupReference_basic\n=== CONT  TestAccWAFV2WebACL_RateBased_forwardedIP\n=== CONT  TestAccWAFV2WebACL_Update_rule\n=== CONT  TestAccWAFV2WebACL_GeoMatch_basic\n=== CONT  TestAccWAFV2WebACL_GeoMatch_forwardedIP\n=== CONT  TestAccWAFV2WebACL_RateBased_basic\n=== CONT  TestAccWAFV2WebACL_Update_nameForceNew\n--- PASS: TestAccWAFV2WebACL_disappears (124.47s)\n--- PASS: TestAccWAFV2WebACL_minimal (128.20s)\n--- PASS: TestAccWAFV2WebACL_IPSetReference_basic (138.20s)\n--- PASS: TestAccWAFV2WebACL_Operators_maxNested (157.40s)\n--- PASS: TestAccWAFV2WebACL_RateBased_maxNested (164.10s)\n--- PASS: TestAccWAFV2WebACL_basic (166.96s)\n--- PASS: TestAccWAFV2WebACL_Update_nameForceNew (188.22s)\n--- PASS: TestAccWAFV2WebACL_RateBased_basic (209.13s)\n--- PASS: TestAccWAFV2WebACL_GeoMatch_forwardedIP (211.13s)\n--- PASS: TestAccWAFV2WebACL_GeoMatch_basic (212.59s)\n--- PASS: TestAccWAFV2WebACL_Custom_response (213.74s)\n--- PASS: TestAccWAFV2WebACL_ManagedRuleGroup_specify_version (214.24s)\n--- PASS: TestAccWAFV2WebACL_Custom_requestHandling (214.98s)\n--- PASS: TestAccWAFV2WebACL_RateBased_forwardedIP (215.95s)\n--- PASS: TestAccWAFV2WebACL_RuleGroupReference_basic (222.37s)\n--- PASS: TestAccWAFV2WebACL_Update_rule (223.44s)\n--- PASS: TestAccWAFV2WebACL_tags (248.44s)\n--- PASS: TestAccWAFV2WebACL_ManagedRuleGroup_basic (248.48s)\n--- PASS: TestAccWAFV2WebACL_Update_ruleProperties (256.75s)\n--- PASS: TestAccWAFV2WebACL_IPSetReference_forwardedIP (278.66s)\nPASS\nok      <http:\/\/github.com\/hashicorp\/terraform-provider-aws\/internal\/service\/wafv2|github.com\/hashicorp\/terraform-provider-aws\/internal\/service\/wafv2>      280.842s\n\n```",
                "title": "<https:\/\/github.com\/hashicorp\/terraform-provider-aws\/pull\/21732|#21732 aws wafv2 webacl managed rule group version support>",
                "footer": "<https:\/\/github.com\/hashicorp\/terraform-provider-aws|hashicorp\/terraform-provider-aws>",
                "id": 1,
                "footer_icon": "https:\/\/slack.github.com\/static\/img\/favicon-neutral.png",
                "ts": 1636642542,
                "color": "36a64f",
                "fields": [
                    {
                        "title": "Labels",
                        "value": "enhancement, documentation, size\/L, tests, service\/wafv2",
                        "short": true
                    },
                    {
                        "title": "Comments",
                        "value": "1",
                        "short": true
                    }
                ],
                "mrkdwn_in": [
                    "text"
                ],
                "fallback": "<https:\/\/github.com\/hashicorp\/terraform-provider-aws\/pull\/21732|#21732 aws wafv2 webacl managed rule group version support>",
                "bot_id": "B01U2F8JUF9",
                "app_unfurl_url": "https:\/\/github.com\/hashicorp\/terraform-provider-aws\/pull\/21732",
                "is_app_unfurl": true,
                "app_id": "A01BP7R4KNY"
            }
        ],
        "reactions": [
            {
                "name": "heart",
                "users": [
                    "ULNRQ99GB",
                    "UL90RPEQ7"
                ],
                "count": 2
            }
        ]
    }
]