[
    {
        "client_msg_id": "38aaa0ca-8d1f-43cb-a7ec-734fa40f8e07",
        "type": "message",
        "text": "ずいぶん前に報告したこのバグ直してくれたのうれしすぎて泣いている\n<https:\/\/github.com\/hashicorp\/terraform-provider-aws\/issues\/7628>",
        "user": "UHS4SFFA7",
        "ts": "1637888976.007000",
        "blocks": [
            {
                "type": "rich_text",
                "block_id": "PN9d",
                "elements": [
                    {
                        "type": "rich_text_section",
                        "elements": [
                            {
                                "type": "text",
                                "text": "ずいぶん前に報告したこのバグ直してくれたのうれしすぎて泣いている\n"
                            },
                            {
                                "type": "link",
                                "url": "https:\/\/github.com\/hashicorp\/terraform-provider-aws\/issues\/7628"
                            }
                        ]
                    }
                ]
            }
        ],
        "team": "TFU0BKCQP",
        "user_team": "TFU0BKCQP",
        "source_team": "TFU0BKCQP",
        "user_profile": {
            "avatar_hash": "gade34f8bdf1",
            "image_72": "https:\/\/secure.gravatar.com\/avatar\/5ade34f8bdf1b55c4ff82c11cf23cf42.jpg?s=72&d=https%3A%2F%2Fa.slack-edge.com%2Fdf10d%2Fimg%2Favatars%2Fava_0008-72.png",
            "first_name": "",
            "real_name": "minamijoyo",
            "display_name": "minamijoyo",
            "team": "TFU0BKCQP",
            "name": "minamijoyo",
            "is_restricted": false,
            "is_ultra_restricted": false
        },
        "attachments": [
            {
                "text": "*Terraform Version*\n\n```\n$ terraform -v\nTerraform v0.11.11\n+ provider.aws v1.59.0\n\n```\n\n*Affected Resource(s)*\n\n• aws_s3_bucket\n• aws_s3_bucket_policy\n• aws_s3_bucket_public_access_block\n\n*Terraform Configuration*\n\n```\nprovider \"aws\" {\n  version = \"= 1.59.0\"\n  region  = \"us-east-1\"\n}\n\nresource \"aws_s3_bucket\" \"b\" {\n  bucket = \"minamijoyo-public-access-block-test\"\n}\n\nresource \"aws_s3_bucket_policy\" \"b\" {\n  bucket = \"${aws_s3_bucket.b.id}\"\n\n  policy = &lt;&lt;POLICY\n{\n  \"Version\": \"2012-10-17\",\n  \"Id\": \"MYBUCKETPOLICY\",\n  \"Statement\": [\n    {\n      \"Sid\": \"IPAllow\",\n      \"Effect\": \"Deny\",\n      \"Principal\": \"*\",\n      \"Action\": \"s3:*\",\n      \"Resource\": \"arn:aws:s3:::minamijoyo-public-access-block-test\/*\",\n      \"Condition\": {\n         \"IpAddress\": {\"aws:SourceIp\": \"127.0.0.1\/32\"}\n      }\n    }\n  ]\n}\nPOLICY\n}\n\nresource \"aws_s3_bucket_public_access_block\" \"example\" {\n  bucket = \"${aws_s3_bucket.b.id}\"\n\n  block_public_acls   = true\n  block_public_policy = true\n}\n```\n\n*Debug Output*\n\n```\n2392 2019-02-21T11:49:50.073+0900 [DEBUG] plugin.terraform-provider-aws_v1.59.0_x4: -----------------------------------------------------↲\n2393 2019-02-21T11:49:50.920+0900 [DEBUG] plugin.terraform-provider-aws_v1.59.0_x4: 2019\/02\/21 11:49:50 [DEBUG] [aws-sdk-go] DEBUG: Response s3\/PutBucketPolicy Details:↲\n2394 2019-02-21T11:49:50.920+0900 [DEBUG] plugin.terraform-provider-aws_v1.59.0_x4: ---[ RESPONSE ]--------------------------------------↲\n2395 2019-02-21T11:49:50.920+0900 [DEBUG] plugin.terraform-provider-aws_v1.59.0_x4: HTTP\/1.1 409 Conflict↲\n2396 2019-02-21T11:49:50.920+0900 [DEBUG] plugin.terraform-provider-aws_v1.59.0_x4: Connection: close↲\n2397 2019-02-21T11:49:50.920+0900 [DEBUG] plugin.terraform-provider-aws_v1.59.0_x4: Transfer-Encoding: chunked↲\n2398 2019-02-21T11:49:50.920+0900 [DEBUG] plugin.terraform-provider-aws_v1.59.0_x4: Content-Type: application\/xml↲\n2399 2019-02-21T11:49:50.920+0900 [DEBUG] plugin.terraform-provider-aws_v1.59.0_x4: Date: Thu, 21 Feb 2019 02:49:49 GMT↲\n2400 2019-02-21T11:49:50.920+0900 [DEBUG] plugin.terraform-provider-aws_v1.59.0_x4: Server: AmazonS3↲\n2401 2019-02-21T11:49:50.920+0900 [DEBUG] plugin.terraform-provider-aws_v1.59.0_x4: X-Amz-Id-2: I2Fd71SFEnfx9m7SOjcCaF6G+ZdyDYMMk\/3qzSk7ZhXZ9ERhAyVGzlKhtFYd3TRxwg5yHVVm+i0=↲\n2402 2019-02-21T11:49:50.920+0900 [DEBUG] plugin.terraform-provider-aws_v1.59.0_x4: X-Amz-Request-Id: B663B2CF1942B6E2↲\n2403 2019-02-21T11:49:50.920+0900 [DEBUG] plugin.terraform-provider-aws_v1.59.0_x4:-↲\n2404 2019-02-21T11:49:50.920+0900 [DEBUG] plugin.terraform-provider-aws_v1.59.0_x4:-↲\n2405 2019-02-21T11:49:50.920+0900 [DEBUG] plugin.terraform-provider-aws_v1.59.0_x4: -----------------------------------------------------↲\n2406 2019-02-21T11:49:50.920+0900 [DEBUG] plugin.terraform-provider-aws_v1.59.0_x4: 2019\/02\/21 11:49:50 [DEBUG] [aws-sdk-go] &lt;?xml version=\"1.0\" encoding=\"UTF-8\"?&gt;↲\n2407 2019-02-21T11:49:50.920+0900 [DEBUG] plugin.terraform-provider-aws_v1.59.0_x4: &lt;Error&gt;&lt;Code&gt;OperationAborted&lt;\/Code&gt;&lt;Message&gt;A conflicting conditional operation is currently in progress against this resource. Please try again.&lt;\/     Message&gt;&lt;RequestId&gt;B663B2CF1942B6E2&lt;\/RequestId&gt;&lt;HostId&gt;I2Fd71SFEnfx9m7SOjcCaF6G+ZdyDYMMk\/3qzSk7ZhXZ9ERhAyVGzlKhtFYd3TRxwg5yHVVm+i0=&lt;\/HostId&gt;&lt;\/Error&gt;↲\n2408 2019-02-21T11:49:50.920+0900 [DEBUG] plugin.terraform-provider-aws_v1.59.0_x4: 2019\/02\/21 11:49:50 [DEBUG] [aws-sdk-go] DEBUG: Validate Response s3\/PutBucketPolicy failed, not retrying, error OperationAborted: A conflicting conditional operation is currently in progress against this resource. Please try again.↲\n\n```\n\n*Panic Output*\n\nNo panic\n\n*Expected Behavior*\n\nNo error\n\n*Actual Behavior*\n\nGot an error\n\n```\n$ terraform apply\n\nError: Error applying plan:\n\n1 error(s) occurred:\n\n* aws_s3_bucket_policy.b: 1 error(s) occurred:\n\n* aws_s3_bucket_policy.b: Error putting S3 policy: OperationAborted: A conflicting conditional operation is currently in progress against this resource. Please try again.\n        status code: 409, request id: B663B2CF1942B6E2, host id: I2Fd71SFEnfx9m7SOjcCaF6G+ZdyDYMMk\/3qzSk7ZhXZ9ERhAyVGzlKhtFYd3TRxwg5yHVVm+i0=\n\n```\n\n*Steps to Reproduce*\n\n1. `terraform apply.`\n\n*Important Factoids*\n\nSuccess and failure depend on timing.  \nI tried it a couple of times, but in my environment, there are fewer cases without the error.\n\n*References*\n\nAlthough the types of resources are different, calling S3 API in parallel to the same bucket may cause this error.\n\n• <https:\/\/github.com\/hashicorp\/terraform-provider-aws\/pull\/2008|hashicorp\/terraform-provider-aws#2008>\n• <https:\/\/github.com\/hashicorp\/terraform-provider-aws\/pull\/916#issuecomment-338640891|hashicorp\/terraform-provider-aws#916 (comment)>",
                "title": "<https:\/\/github.com\/hashicorp\/terraform-provider-aws\/issues\/7628|#7628 Applying aws_s3_bucket_policy and aws_s3_bucket_public_access_block at the same time may cause an error>",
                "footer": "<https:\/\/github.com\/hashicorp\/terraform-provider-aws|hashicorp\/terraform-provider-aws>",
                "id": 1,
                "footer_icon": "https:\/\/slack.github.com\/static\/img\/favicon-neutral.png",
                "ts": 1550718057,
                "color": "cb2431",
                "fields": [
                    {
                        "title": "Assignees",
                        "value": "@YakDriver",
                        "short": true
                    },
                    {
                        "title": "Labels",
                        "value": "bug, service\/s3",
                        "short": true
                    }
                ],
                "mrkdwn_in": [
                    "text"
                ],
                "fallback": "<https:\/\/github.com\/hashicorp\/terraform-provider-aws\/issues\/7628|#7628 Applying aws_s3_bucket_policy and aws_s3_bucket_public_access_block at the same time may cause an error>",
                "bot_id": "B01U2F8JUF9",
                "app_unfurl_url": "https:\/\/github.com\/hashicorp\/terraform-provider-aws\/issues\/7628",
                "is_app_unfurl": true,
                "app_id": "A01BP7R4KNY"
            }
        ],
        "reactions": [
            {
                "name": "tada",
                "users": [
                    "UFU0BKD8F",
                    "UP3JFHZ8V",
                    "UGY9BJ1NF",
                    "UR16FPJQZ",
                    "U02K7TWFJ83",
                    "UGW0ABZLG"
                ],
                "count": 6
            }
        ]
    }
]