[
    {
        "client_msg_id": "f6b7a232-a115-4316-84b0-794a7a98466a",
        "type": "message",
        "text": "当日にイベントの存在に気づいたのですが今からでも参加可能でしょうか？\n<https:\/\/connpass.com\/user\/bgpat\/>",
        "user": "ULS55L16V",
        "ts": "1564622324.017300",
        "team": "TFU0BKCQP",
        "user_team": "TFU0BKCQP",
        "source_team": "TFU0BKCQP",
        "user_profile": {
            "avatar_hash": "g3b68d6841dc",
            "image_72": "https:\/\/secure.gravatar.com\/avatar\/c3b68d6841dcd343be9685f1cdaf8ac9.jpg?s=72&d=https%3A%2F%2Fa.slack-edge.com%2Fdf10d%2Fimg%2Favatars%2Fava_0023-72.png",
            "first_name": "",
            "real_name": "Atsushi Tanaka",
            "display_name": "Atsushi Tanaka",
            "team": "TFU0BKCQP",
            "name": "bgpat23",
            "is_restricted": false,
            "is_ultra_restricted": false
        },
        "edited": {
            "user": "ULS55L16V",
            "ts": "1564622804.000000"
        },
        "thread_ts": "1564481526.014400",
        "parent_user_id": "UFU0BKD8F"
    },
    {
        "client_msg_id": "d2894747-0ccd-4d31-8511-d2bbc0dbfff1",
        "type": "message",
        "text": "<@ULS55L16V> 前述のとおりですが、オーバーブッキング覚悟で来ていただけるなら構わないと思います\nぶっちゃけドタキャン率がまったく読めない上に、補欠の人もどのくらい来る気があるのか見えてないので\n保証はしかねますけど来てもらって大丈夫なんじゃないかと思います、としか。。。",
        "user": "UFU0BKD8F",
        "ts": "1564622894.017700",
        "team": "TFU0BKCQP",
        "user_team": "TFU0BKCQP",
        "source_team": "TFU0BKCQP",
        "user_profile": {
            "avatar_hash": "92c41c62c7b0",
            "image_72": "https:\/\/avatars.slack-edge.com\/2019-01-30\/537137791812_92c41c62c7b0f054d3dd_72.jpg",
            "first_name": "らき",
            "real_name": "らき",
            "display_name": "raki",
            "team": "TFU0BKCQP",
            "name": "nishimuray",
            "is_restricted": false,
            "is_ultra_restricted": false
        },
        "thread_ts": "1564481526.014400",
        "parent_user_id": "UFU0BKD8F"
    },
    {
        "client_msg_id": "489cebb9-60b1-4346-bc24-0deb5ccbb369",
        "type": "message",
        "text": "<@UFU0BKD8F> ありがとうございます、スタンディング覚悟で参加します。",
        "user": "ULS55L16V",
        "ts": "1564623250.017900",
        "team": "TFU0BKCQP",
        "user_team": "TFU0BKCQP",
        "source_team": "TFU0BKCQP",
        "user_profile": {
            "avatar_hash": "g3b68d6841dc",
            "image_72": "https:\/\/secure.gravatar.com\/avatar\/c3b68d6841dcd343be9685f1cdaf8ac9.jpg?s=72&d=https%3A%2F%2Fa.slack-edge.com%2Fdf10d%2Fimg%2Favatars%2Fava_0023-72.png",
            "first_name": "",
            "real_name": "Atsushi Tanaka",
            "display_name": "Atsushi Tanaka",
            "team": "TFU0BKCQP",
            "name": "bgpat23",
            "is_restricted": false,
            "is_ultra_restricted": false
        },
        "thread_ts": "1564481526.014400",
        "parent_user_id": "UFU0BKD8F"
    },
    {
        "client_msg_id": "c9a6ddb9-e844-478b-8c2f-f6279e6be10c",
        "type": "message",
        "text": "了解です。本当にぶっちゃけるなら入場したもん勝ちだと思うので他の人より早くきて席についていただければそれで勝ちかなって。。。ｗ",
        "user": "UFU0BKD8F",
        "ts": "1564623391.018100",
        "team": "TFU0BKCQP",
        "user_team": "TFU0BKCQP",
        "source_team": "TFU0BKCQP",
        "user_profile": {
            "avatar_hash": "92c41c62c7b0",
            "image_72": "https:\/\/avatars.slack-edge.com\/2019-01-30\/537137791812_92c41c62c7b0f054d3dd_72.jpg",
            "first_name": "らき",
            "real_name": "らき",
            "display_name": "raki",
            "team": "TFU0BKCQP",
            "name": "nishimuray",
            "is_restricted": false,
            "is_ultra_restricted": false
        },
        "thread_ts": "1564481526.014400",
        "parent_user_id": "UFU0BKD8F",
        "reactions": [
            {
                "name": "smile",
                "users": [
                    "ULS55L16V",
                    "UJ0HPTBD2",
                    "UJ15SRE0M"
                ],
                "count": 3
            }
        ]
    },
    {
        "client_msg_id": "5466331c-c560-402a-80c5-b29e3e7e16f3",
        "type": "message",
        "text": "<https:\/\/twitter.com\/mitchellh\/status\/1156661893789966336>\nTerraform 0.12.6 から `for_each` でmap形式でリソースを作れるようになった?模様。これでcountで作った後、途中の要素が無くなったのでindexずれてリソースが作り直しになる問題がなくなるんですかね。",
        "user": "UGVSWU1CY",
        "ts": "1564638374.019500",
        "team": "TFU0BKCQP",
        "user_team": "TFU0BKCQP",
        "source_team": "TFU0BKCQP",
        "user_profile": {
            "avatar_hash": "g39e3edf2690",
            "image_72": "https:\/\/secure.gravatar.com\/avatar\/e39e3edf269030f881eb1d9f90f7c411.jpg?s=72&d=https%3A%2F%2Fa.slack-edge.com%2Fdf10d%2Fimg%2Favatars%2Fava_0016-72.png",
            "first_name": "",
            "real_name": "Shinichi ISHIMURA",
            "display_name": "kamatama41",
            "team": "TFU0BKCQP",
            "name": "shiketaudonko41",
            "is_restricted": false,
            "is_ultra_restricted": false
        },
        "edited": {
            "user": "UGVSWU1CY",
            "ts": "1564638446.000000"
        },
        "reactions": [
            {
                "name": "eyes",
                "users": [
                    "UGY9BJ1NF",
                    "ULFK57XL4"
                ],
                "count": 2
            }
        ]
    }
]