[
    {
        "client_msg_id": "cac10b26-44ef-43a5-bc31-422432b54ee9",
        "type": "message",
        "text": "terraform init -lockfile=readonly作ってみた\n<https:\/\/github.com\/hashicorp\/terraform\/pull\/27630>",
        "user": "UHS4SFFA7",
        "ts": "1611926635.000200",
        "team": "TFU0BKCQP",
        "user_team": "TFU0BKCQP",
        "source_team": "TFU0BKCQP",
        "user_profile": {
            "avatar_hash": "gade34f8bdf1",
            "image_72": "https:\/\/secure.gravatar.com\/avatar\/5ade34f8bdf1b55c4ff82c11cf23cf42.jpg?s=72&d=https%3A%2F%2Fa.slack-edge.com%2Fdf10d%2Fimg%2Favatars%2Fava_0008-72.png",
            "first_name": "",
            "real_name": "minamijoyo",
            "display_name": "minamijoyo",
            "team": "TFU0BKCQP",
            "name": "minamijoyo",
            "is_restricted": false,
            "is_ultra_restricted": false
        },
        "attachments": [
            {
                "author_name": "minamijoyo",
                "fallback": "[hashicorp\/terraform] #27630 command\/init: Add a new flag `-lockfile=readonly`",
                "text": "Fixes <https:\/\/github.com\/hashicorp\/terraform\/issues\/27506|#27506>\n\nAdd a new flag `-lockfile=readonly` to `terraform init`. It would be useful to allow us to suppress dependency lockfile changes explicitly. The type of the `-lockfile` flag is string rather than bool, leaving room for future extensions to other behavior variants.\n\nThe readonly mode suppresses lockfile changes, but should verify checksums against the information already recorded. It should conflict with the `-upgrade` flag.\n\nNote: In the original use-case described in <https:\/\/github.com\/hashicorp\/terraform\/issues\/27506|#27506>, I would like to suppress adding zh hashes, but a test code here suppresses adding h1 hashes because it's easy for testing.",
                "title": "#27630 command\/init: Add a new flag `-lockfile=readonly`",
                "footer": "<https:\/\/github.com\/hashicorp\/terraform|hashicorp\/terraform>",
                "id": 1,
                "title_link": "https:\/\/github.com\/hashicorp\/terraform\/pull\/27630",
                "author_link": "https:\/\/github.com\/minamijoyo",
                "author_icon": "https:\/\/avatars.githubusercontent.com\/u\/6985802?v=4",
                "footer_icon": "https:\/\/github.githubassets.com\/favicon.ico",
                "ts": 1611925897,
                "color": "36a64f",
                "fields": [
                    {
                        "title": "Comments",
                        "value": "1",
                        "short": true
                    }
                ],
                "mrkdwn_in": [
                    "text"
                ],
                "bot_id": "BH12QQBB4",
                "app_unfurl_url": "https:\/\/github.com\/hashicorp\/terraform\/pull\/27630",
                "is_app_unfurl": true
            }
        ],
        "blocks": [
            {
                "type": "rich_text",
                "block_id": "bmD31",
                "elements": [
                    {
                        "type": "rich_text_section",
                        "elements": [
                            {
                                "type": "text",
                                "text": "terraform init -lockfile=readonly作ってみた\n"
                            },
                            {
                                "type": "link",
                                "url": "https:\/\/github.com\/hashicorp\/terraform\/pull\/27630"
                            }
                        ]
                    }
                ]
            }
        ],
        "reactions": [
            {
                "name": "tada",
                "users": [
                    "ULSHHPEBB",
                    "U013ELR9F5L"
                ],
                "count": 2
            }
        ]
    }
]