[
    {
        "client_msg_id": "a9d22d23-b277-4e57-a5fa-a22827496042",
        "type": "message",
        "text": "おやつにカフェでクッキー買ったのに投下用の写真撮る前に食べてしまった。。。_no",
        "user": "UFU0BKD8F",
        "ts": "1550133796.003500",
        "reactions": [
            {
                "name": "yum",
                "users": [
                    "UFT9ULVQR",
                    "UFTKSQ25T"
                ],
                "count": 2
            }
        ]
    },
    {
        "type": "message",
        "text": "昨日上げ損なったクッキー今日は写真撮ったどー",
        "files": [
            {
                "id": "FG73W27H6",
                "created": 1550211113,
                "timestamp": 1550211113,
                "name": "iOS の画像.jpg",
                "title": "iOS の画像",
                "mimetype": "image\/jpeg",
                "filetype": "jpg",
                "pretty_type": "JPEG",
                "user": "UFU0BKD8F",
                "editable": false,
                "size": 597598,
                "mode": "hosted",
                "is_external": false,
                "external_type": "",
                "is_public": true,
                "public_url_shared": false,
                "display_as_bot": false,
                "username": "",
                "url_private": "https:\/\/files.slack.com\/files-pri\/TFU0BKCQP-FG73W27H6\/ios__________.jpg?t=xoxe-538011658839-661230872982-659033082597-3feb1992baa6cb2d33f3736b902d7a23",
                "url_private_download": "https:\/\/files.slack.com\/files-pri\/TFU0BKCQP-FG73W27H6\/download\/ios__________.jpg?t=xoxe-538011658839-661230872982-659033082597-3feb1992baa6cb2d33f3736b902d7a23",
                "thumb_64": "https:\/\/files.slack.com\/files-tmb\/TFU0BKCQP-FG73W27H6-abc5710f39\/ios___________64.jpg?t=xoxe-538011658839-661230872982-659033082597-3feb1992baa6cb2d33f3736b902d7a23",
                "thumb_80": "https:\/\/files.slack.com\/files-tmb\/TFU0BKCQP-FG73W27H6-abc5710f39\/ios___________80.jpg?t=xoxe-538011658839-661230872982-659033082597-3feb1992baa6cb2d33f3736b902d7a23",
                "thumb_360": "https:\/\/files.slack.com\/files-tmb\/TFU0BKCQP-FG73W27H6-abc5710f39\/ios___________360.jpg?t=xoxe-538011658839-661230872982-659033082597-3feb1992baa6cb2d33f3736b902d7a23",
                "thumb_360_w": 270,
                "thumb_360_h": 360,
                "thumb_480": "https:\/\/files.slack.com\/files-tmb\/TFU0BKCQP-FG73W27H6-abc5710f39\/ios___________480.jpg?t=xoxe-538011658839-661230872982-659033082597-3feb1992baa6cb2d33f3736b902d7a23",
                "thumb_480_w": 360,
                "thumb_480_h": 480,
                "thumb_160": "https:\/\/files.slack.com\/files-tmb\/TFU0BKCQP-FG73W27H6-abc5710f39\/ios___________160.jpg?t=xoxe-538011658839-661230872982-659033082597-3feb1992baa6cb2d33f3736b902d7a23",
                "thumb_720": "https:\/\/files.slack.com\/files-tmb\/TFU0BKCQP-FG73W27H6-abc5710f39\/ios___________720.jpg?t=xoxe-538011658839-661230872982-659033082597-3feb1992baa6cb2d33f3736b902d7a23",
                "thumb_720_w": 540,
                "thumb_720_h": 720,
                "thumb_800": "https:\/\/files.slack.com\/files-tmb\/TFU0BKCQP-FG73W27H6-abc5710f39\/ios___________800.jpg?t=xoxe-538011658839-661230872982-659033082597-3feb1992baa6cb2d33f3736b902d7a23",
                "thumb_800_w": 800,
                "thumb_800_h": 1067,
                "thumb_960": "https:\/\/files.slack.com\/files-tmb\/TFU0BKCQP-FG73W27H6-abc5710f39\/ios___________960.jpg?t=xoxe-538011658839-661230872982-659033082597-3feb1992baa6cb2d33f3736b902d7a23",
                "thumb_960_w": 720,
                "thumb_960_h": 960,
                "thumb_1024": "https:\/\/files.slack.com\/files-tmb\/TFU0BKCQP-FG73W27H6-abc5710f39\/ios___________1024.jpg?t=xoxe-538011658839-661230872982-659033082597-3feb1992baa6cb2d33f3736b902d7a23",
                "thumb_1024_w": 768,
                "thumb_1024_h": 1024,
                "image_exif_rotation": 6,
                "original_w": 3264,
                "original_h": 2448,
                "permalink": "https:\/\/terraform-jp.slack.com\/files\/UFU0BKD8F\/FG73W27H6\/ios__________.jpg",
                "permalink_public": "https:\/\/slack-files.com\/TFU0BKCQP-FG73W27H6-d12b3d67c0",
                "has_rich_preview": false
            }
        ],
        "upload": true,
        "user": "UFU0BKD8F",
        "display_as_bot": false,
        "ts": "1550211113.003700",
        "client_msg_id": "748C68DB-E11B-47B8-A7CC-CAA55C8CB78B",
        "reactions": [
            {
                "name": "cookie",
                "users": [
                    "UG1QN22JZ",
                    "UFT9ULVQR",
                    "UFTKSQ25T"
                ],
                "count": 3
            }
        ]
    }
]