[
    {
        "client_msg_id": "efc9400d-71d3-4b01-ab2b-5fa3c682033a",
        "type": "message",
        "text": "今日hashicorpのひとたちが営業しにきて、user communityのmeetupはuserがしないとねぇえでも言ってくれたらスポンサーめっちゃするよ！と言っていました。",
        "user": "UG46Z57TN",
        "ts": "1550585276.005100",
        "reactions": [
            {
                "name": "laughing",
                "users": [
                    "UFT9ULVQR",
                    "UFU0BKD8F",
                    "UFTKSQ25T"
                ],
                "count": 3
            }
        ]
    },
    {
        "client_msg_id": "7aa116ab-0e9b-46aa-a7af-1d993e5e21ad",
        "type": "message",
        "text": "vaultとconsulとterraform enterpriseの説明をきいた。（いまいま自分らがすぐにほしいなぁというのはなかったが、どれもoss版あるのでvaultとconsulは興味もった、ぐらいの感想）",
        "user": "UG46Z57TN",
        "ts": "1550585314.005900"
    },
    {
        "client_msg_id": "854c1c98-103a-4633-8d60-faccb1f7e914",
        "type": "message",
        "text": "vault は ansible-vaultくらい手軽に使える程度にしてくれればそれでいいんだけど。。。\nterraformではあってもなくてもstateに平文書き込みってゆう仕様のうちは使い勝手がががが\nconsulはapiのついたkvsとして使ってるけど、templateくらいしか利用できてなくて\nもうちょっと実用事例が欲しいところ。",
        "user": "UFU0BKD8F",
        "ts": "1550590890.009300"
    }
]