[
    {
        "client_msg_id": "35fe19dc-6ecd-440b-b2d0-7144787044ee",
        "type": "message",
        "text": "Github Actions がだんだんあったまってきた感あるけどみんな使ってる？\n<https:\/\/github.com\/hashicorp\/terraform-github-actions>",
        "user": "UFU0BKD8F",
        "ts": "1550798305.001000",
        "attachments": [
            {
                "service_name": "GitHub",
                "title": "hashicorp\/terraform-github-actions",
                "title_link": "https:\/\/github.com\/hashicorp\/terraform-github-actions",
                "text": "GitHub Actions For Terraform. Contribute to hashicorp\/terraform-github-actions development by creating an account on GitHub.",
                "fallback": "GitHub: hashicorp\/terraform-github-actions",
                "from_url": "https:\/\/github.com\/hashicorp\/terraform-github-actions",
                "thumb_url": "https:\/\/avatars0.githubusercontent.com\/u\/761456?s=400&v=4",
                "thumb_width": 250,
                "thumb_height": 250,
                "service_icon": "https:\/\/a.slack-edge.com\/bfaba\/img\/unfurl_icons\/github.png",
                "id": 1,
                "original_url": "https:\/\/github.com\/hashicorp\/terraform-github-actions"
            }
        ]
    },
    {
        "client_msg_id": "81ab6fff-98b1-4a06-ba5d-c66a9a5b7d1a",
        "type": "message",
        "text": "面白そうだと思っていますが、まだ使えてないですねー\n\nHashicorpが公式でTerraformのAction公開してくれてるんですね\n（これ自体、Actionの実装例としても参考になると思いました）",
        "user": "UFT9ULVQR",
        "ts": "1550799783.005100",
        "reactions": [
            {
                "name": "+1",
                "users": [
                    "UFU0BKD8F",
                    "UG1QN22JZ"
                ],
                "count": 2
            }
        ]
    }
]