[
    {
        "client_msg_id": "4B610A6C-0CDF-4E14-884A-211762A61704",
        "type": "message",
        "text": "はじめまして\n基本的にはWebクライアントのエンジニアですが、画面ぽちぽちによるawsの運用が苦手でterraform はじめました！まだまだ初心者で、知識がありませんがよろしくお願いします:bow: \n今使っているのは、apprunner dynamodb s3 ecr 環境をGitHub actions経由でdeployとリリースできる様にしました！local環境はlocalstackです！よろしくお願いします！",
        "user": "U033BKUJAAU",
        "ts": "1644541808.110369",
        "blocks": [
            {
                "type": "rich_text",
                "block_id": "Evt",
                "elements": [
                    {
                        "type": "rich_text_section",
                        "elements": [
                            {
                                "type": "text",
                                "text": "はじめまして\n基本的にはWebクライアントのエンジニアですが、画面ぽちぽちによるawsの運用が苦手でterraform はじめました！まだまだ初心者で、知識がありませんがよろしくお願いします"
                            },
                            {
                                "type": "emoji",
                                "name": "bow",
                                "unicode": "1f647"
                            },
                            {
                                "type": "text",
                                "text": " \n今使っているのは、apprunner dynamodb s3 ecr 環境をGitHub actions経由でdeployとリリースできる様にしました！local環境はlocalstackです！よろしくお願いします！"
                            }
                        ]
                    }
                ]
            }
        ],
        "team": "TFU0BKCQP",
        "user_team": "TFU0BKCQP",
        "source_team": "TFU0BKCQP",
        "user_profile": {
            "avatar_hash": "g2c3811b419f",
            "image_72": "https:\/\/secure.gravatar.com\/avatar\/2c3811b419fc520b4101a679f3b3509e.jpg?s=72&d=https%3A%2F%2Fa.slack-edge.com%2Fdf10d%2Fimg%2Favatars%2Fava_0018-72.png",
            "first_name": "GMAGama",
            "real_name": "GMAGama",
            "display_name": "",
            "team": "TFU0BKCQP",
            "name": "nagahama.taku",
            "is_restricted": false,
            "is_ultra_restricted": false
        },
        "reactions": [
            {
                "name": "よろしく",
                "users": [
                    "UFU0BKD8F",
                    "U02DCS0HVTP"
                ],
                "count": 2
            },
            {
                "name": "tada",
                "users": [
                    "UGY9BJ1NF",
                    "UQT52H29G",
                    "U02K7TWFJ83",
                    "U02UHQ29FFW",
                    "U03RPFMTR5J"
                ],
                "count": 5
            },
            {
                "name": "+1",
                "users": [
                    "UQT52H29G"
                ],
                "count": 1
            }
        ]
    }
]