[
    {
        "client_msg_id": "6076f7ee-e7d7-4a37-8614-858f7b3d5532",
        "type": "message",
        "text": "おっと、で、1月のコードリーディングどうする系？",
        "user": "UFU0BKD8F",
        "ts": "1576139076.053800",
        "team": "TFU0BKCQP",
        "user_team": "TFU0BKCQP",
        "source_team": "TFU0BKCQP",
        "user_profile": {
            "avatar_hash": "92c41c62c7b0",
            "image_72": "https:\/\/avatars.slack-edge.com\/2019-01-30\/537137791812_92c41c62c7b0f054d3dd_72.jpg",
            "first_name": "らき",
            "real_name": "らき",
            "display_name": "raki",
            "team": "TFU0BKCQP",
            "name": "nishimuray",
            "is_restricted": false,
            "is_ultra_restricted": false
        },
        "blocks": [
            {
                "type": "rich_text",
                "block_id": "6owX",
                "elements": [
                    {
                        "type": "rich_text_section",
                        "elements": [
                            {
                                "type": "text",
                                "text": "おっと、で、1月のコードリーディングどうする系？"
                            }
                        ]
                    }
                ]
            }
        ],
        "reactions": [
            {
                "name": "exclamation",
                "users": [
                    "UG46Z57TN"
                ],
                "count": 1
            }
        ]
    },
    {
        "client_msg_id": "44a7ac53-a3e4-4fca-8205-6b10daed9a5e",
        "type": "message",
        "text": "完全にぼくいません",
        "user": "UG46Z57TN",
        "ts": "1576142699.054200",
        "team": "TFU0BKCQP",
        "user_team": "TFU0BKCQP",
        "source_team": "TFU0BKCQP",
        "user_profile": {
            "avatar_hash": "c6bdd4cb17db",
            "image_72": "https:\/\/avatars.slack-edge.com\/2019-07-05\/685991185957_c6bdd4cb17db956661a1_72.jpg",
            "first_name": "Takeshi",
            "real_name": "Takeshi Kondo",
            "display_name": "chaspy",
            "team": "TFU0BKCQP",
            "name": "take.she12",
            "is_restricted": false,
            "is_ultra_restricted": false
        },
        "blocks": [
            {
                "type": "rich_text",
                "block_id": "KiOc",
                "elements": [
                    {
                        "type": "rich_text_section",
                        "elements": [
                            {
                                "type": "text",
                                "text": "完全にぼくいません"
                            }
                        ]
                    }
                ]
            }
        ],
        "reactions": [
            {
                "name": "scream",
                "users": [
                    "UFU0BKD8F",
                    "UKAKENQAF"
                ],
                "count": 2
            }
        ]
    },
    {
        "client_msg_id": "81d008be-4aa2-4584-9d24-37ecfd8fb1d5",
        "type": "message",
        "text": "<@UFTKSQ25T> <@UKAKENQAF> :tanonda:",
        "user": "UG46Z57TN",
        "ts": "1576142716.054600",
        "team": "TFU0BKCQP",
        "user_team": "TFU0BKCQP",
        "source_team": "TFU0BKCQP",
        "user_profile": {
            "avatar_hash": "c6bdd4cb17db",
            "image_72": "https:\/\/avatars.slack-edge.com\/2019-07-05\/685991185957_c6bdd4cb17db956661a1_72.jpg",
            "first_name": "Takeshi",
            "real_name": "Takeshi Kondo",
            "display_name": "chaspy",
            "team": "TFU0BKCQP",
            "name": "take.she12",
            "is_restricted": false,
            "is_ultra_restricted": false
        },
        "blocks": [
            {
                "type": "rich_text",
                "block_id": "XSb",
                "elements": [
                    {
                        "type": "rich_text_section",
                        "elements": [
                            {
                                "type": "user",
                                "user_id": "UFTKSQ25T"
                            },
                            {
                                "type": "text",
                                "text": " "
                            },
                            {
                                "type": "user",
                                "user_id": "UKAKENQAF"
                            },
                            {
                                "type": "text",
                                "text": " :tanonda:"
                            }
                        ]
                    }
                ]
            }
        ]
    },
    {
        "client_msg_id": "8c48a614-ddd3-4eb4-98bc-1255f611be0b",
        "type": "message",
        "text": "1\/7~19 business trip…",
        "user": "UG46Z57TN",
        "ts": "1576142733.054900",
        "team": "TFU0BKCQP",
        "user_team": "TFU0BKCQP",
        "source_team": "TFU0BKCQP",
        "user_profile": {
            "avatar_hash": "c6bdd4cb17db",
            "image_72": "https:\/\/avatars.slack-edge.com\/2019-07-05\/685991185957_c6bdd4cb17db956661a1_72.jpg",
            "first_name": "Takeshi",
            "real_name": "Takeshi Kondo",
            "display_name": "chaspy",
            "team": "TFU0BKCQP",
            "name": "take.she12",
            "is_restricted": false,
            "is_ultra_restricted": false
        },
        "blocks": [
            {
                "type": "rich_text",
                "block_id": "LfeR",
                "elements": [
                    {
                        "type": "rich_text_section",
                        "elements": [
                            {
                                "type": "text",
                                "text": "1\/7~19 business trip…"
                            }
                        ]
                    }
                ]
            }
        ]
    },
    {
        "client_msg_id": "5c4df47b-aaad-42e6-8d06-4b60a5b27eb2",
        "type": "message",
        "text": "1\/7は大丈夫かと思います",
        "user": "UKAKENQAF",
        "ts": "1576142795.055400",
        "team": "TFU0BKCQP",
        "user_team": "TFU0BKCQP",
        "source_team": "TFU0BKCQP",
        "user_profile": {
            "avatar_hash": "12cb7b39ae77",
            "image_72": "https:\/\/avatars.slack-edge.com\/2020-03-01\/963049719842_12cb7b39ae7726f3acf8_72.jpg",
            "first_name": "teraken0509",
            "real_name": "teraken0509",
            "display_name": "teraken0509",
            "team": "TFU0BKCQP",
            "name": "kterada.0509sg",
            "is_restricted": false,
            "is_ultra_restricted": false
        },
        "blocks": [
            {
                "type": "rich_text",
                "block_id": "Imtv",
                "elements": [
                    {
                        "type": "rich_text_section",
                        "elements": [
                            {
                                "type": "text",
                                "text": "1\/7は大丈夫かと思います"
                            }
                        ]
                    }
                ]
            }
        ]
    },
    {
        "client_msg_id": "9181e499-4d60-4fb9-ac75-d15103bf5677",
        "type": "message",
        "text": "1\/7火曜なら一部屋空いてます！(18めい)",
        "user": "UFTKSQ25T",
        "ts": "1576150997.055800",
        "team": "TFU0BKCQP",
        "user_team": "TFU0BKCQP",
        "source_team": "TFU0BKCQP",
        "user_profile": {
            "avatar_hash": "g0bffa2bb65a",
            "image_72": "https:\/\/secure.gravatar.com\/avatar\/10bffa2bb65aa200d991e14d6110f549.jpg?s=72&d=https%3A%2F%2Fa.slack-edge.com%2Fdf10d%2Fimg%2Favatars%2Fava_0016-72.png",
            "first_name": "",
            "real_name": "morihaya",
            "display_name": "",
            "team": "TFU0BKCQP",
            "name": "yukiya.hayashi",
            "is_restricted": false,
            "is_ultra_restricted": false
        },
        "blocks": [
            {
                "type": "rich_text",
                "block_id": "naEj",
                "elements": [
                    {
                        "type": "rich_text_section",
                        "elements": [
                            {
                                "type": "text",
                                "text": "1\/7火曜なら一部屋空いてます！(18めい)"
                            }
                        ]
                    }
                ]
            }
        ]
    },
    {
        "client_msg_id": "d6b3ac8f-fc04-40c5-aa5f-08558bbc25f7",
        "type": "message",
        "text": "(また渋谷でも:ok_hand:)",
        "user": "UFTKSQ25T",
        "ts": "1576151063.056200",
        "team": "TFU0BKCQP",
        "user_team": "TFU0BKCQP",
        "source_team": "TFU0BKCQP",
        "user_profile": {
            "avatar_hash": "g0bffa2bb65a",
            "image_72": "https:\/\/secure.gravatar.com\/avatar\/10bffa2bb65aa200d991e14d6110f549.jpg?s=72&d=https%3A%2F%2Fa.slack-edge.com%2Fdf10d%2Fimg%2Favatars%2Fava_0016-72.png",
            "first_name": "",
            "real_name": "morihaya",
            "display_name": "",
            "team": "TFU0BKCQP",
            "name": "yukiya.hayashi",
            "is_restricted": false,
            "is_ultra_restricted": false
        },
        "blocks": [
            {
                "type": "rich_text",
                "block_id": "nnRd",
                "elements": [
                    {
                        "type": "rich_text_section",
                        "elements": [
                            {
                                "type": "text",
                                "text": "(また渋谷でも"
                            },
                            {
                                "type": "emoji",
                                "name": "ok_hand"
                            },
                            {
                                "type": "text",
                                "text": ")"
                            }
                        ]
                    }
                ]
            }
        ]
    }
]