[
    {
        "client_msg_id": "431ad7a0-7e79-4fea-9be4-4f071a1dc057",
        "type": "message",
        "text": "良さそう",
        "user": "UKAKENQAF",
        "ts": "1576486917.009100",
        "team": "TFU0BKCQP",
        "user_team": "TFU0BKCQP",
        "source_team": "TFU0BKCQP",
        "user_profile": {
            "avatar_hash": "12cb7b39ae77",
            "image_72": "https:\/\/avatars.slack-edge.com\/2020-03-01\/963049719842_12cb7b39ae7726f3acf8_72.jpg",
            "first_name": "teraken0509",
            "real_name": "teraken0509",
            "display_name": "teraken0509",
            "team": "TFU0BKCQP",
            "name": "kterada.0509sg",
            "is_restricted": false,
            "is_ultra_restricted": false
        },
        "blocks": [
            {
                "type": "rich_text",
                "block_id": "upMro",
                "elements": [
                    {
                        "type": "rich_text_section",
                        "elements": [
                            {
                                "type": "text",
                                "text": "良さそう"
                            }
                        ]
                    }
                ]
            }
        ]
    }
]