[
    {
        "client_msg_id": "e1fb97a6-a975-4f14-9519-d6cd87de1a25",
        "type": "message",
        "text": "Thanks :tada: <@ULYDVRXNY>\n<https:\/\/qiita.com\/fukubaka0825\/items\/6d60990f6f4f643e414c>",
        "user": "UG46Z57TN",
        "ts": "1576827829.000300",
        "team": "TFU0BKCQP",
        "user_team": "TFU0BKCQP",
        "source_team": "TFU0BKCQP",
        "user_profile": {
            "avatar_hash": "c6bdd4cb17db",
            "image_72": "https:\/\/avatars.slack-edge.com\/2019-07-05\/685991185957_c6bdd4cb17db956661a1_72.jpg",
            "first_name": "Takeshi",
            "real_name": "Takeshi Kondo",
            "display_name": "chaspy",
            "team": "TFU0BKCQP",
            "name": "take.she12",
            "is_restricted": false,
            "is_ultra_restricted": false
        },
        "attachments": [
            {
                "service_name": "Qiita",
                "title": "terraform-provider-awsへ初コントリビュートできた話 - Qiita",
                "title_link": "https:\/\/qiita.com\/fukubaka0825\/items\/6d60990f6f4f643e414c",
                "text": "# はじめに こんにちは！[Wano株式会社] (<https:\/\/wano.co.jp\/>)の[nari](<https:\/\/twitter.com\/fukubaka0825>)と申します。 こちらは、[terraform Advent C...",
                "fallback": "Qiita: terraform-provider-awsへ初コントリビュートできた話 - Qiita",
                "image_url": "https:\/\/qiita-user-contents.imgix.net\/https%3A%2F%2Fcdn.qiita.com%2Fassets%2Fpublic%2Fogp-background-1150d8b18a7c15795b701a55ae908f94.png?ixlib=rb-1.2.2&w=1200&mark=https%3A%2F%2Fqiita-user-contents.imgix.net%2F~text%3Fixlib%3Drb-1.2.2%26w%3D840%26h%3D380%26txt%3Dterraform-provider-aws%25E3%2581%25B8%25E5%2588%259D%25E3%2582%25B3%25E3%2583%25B3%25E3%2583%2588%25E3%2583%25AA%25E3%2583%2593%25E3%2583%25A5%25E3%2583%25BC%25E3%2583%2588%25E3%2581%25A7%25E3%2581%258D%25E3%2581%259F%25E8%25A9%25B1%26txt-color%3D%2523333%26txt-font%3DAvenir-Black%26txt-size%3D54%26txt-clip%3Dellipsis%26txt-align%3Dcenter%252Cmiddle%26s%3D4432623501a98cd7041f2d98ce63c7b8&mark-align=center%2Cmiddle&blend=https%3A%2F%2Fqiita-user-contents.imgix.net%2F~text%3Fixlib%3Drb-1.2.2%26w%3D840%26h%3D500%26txt%3D%2540fukubaka0825%26txt-color%3D%2523333%26txt-font%3DAvenir-Black%26txt-size%3D45%26txt-align%3Dright%252Cbottom%26s%3D3384cbcb39cf09de66b06e6c779d179b&blend-align=center%2Cmiddle&blend-mode=normal&s=37f87ce595c4655ae8a50e58ed1964fb",
                "from_url": "https:\/\/qiita.com\/fukubaka0825\/items\/6d60990f6f4f643e414c",
                "image_width": 476,
                "image_height": 250,
                "image_bytes": 43836,
                "service_icon": "https:\/\/cdn.qiita.com\/assets\/favicons\/public\/apple-touch-icon-ec5ba42a24ae923f16825592efdc356f.png",
                "id": 1,
                "original_url": "https:\/\/qiita.com\/fukubaka0825\/items\/6d60990f6f4f643e414c"
            }
        ],
        "blocks": [
            {
                "type": "rich_text",
                "block_id": "0RR8",
                "elements": [
                    {
                        "type": "rich_text_section",
                        "elements": [
                            {
                                "type": "text",
                                "text": "Thanks "
                            },
                            {
                                "type": "emoji",
                                "name": "tada"
                            },
                            {
                                "type": "text",
                                "text": " "
                            },
                            {
                                "type": "user",
                                "user_id": "ULYDVRXNY"
                            },
                            {
                                "type": "text",
                                "text": "\n"
                            },
                            {
                                "type": "link",
                                "url": "https:\/\/qiita.com\/fukubaka0825\/items\/6d60990f6f4f643e414c"
                            }
                        ]
                    }
                ]
            }
        ],
        "reactions": [
            {
                "name": "pray",
                "users": [
                    "ULYDVRXNY",
                    "UGW0ABZLG"
                ],
                "count": 2
            },
            {
                "name": "tada",
                "users": [
                    "UKAKENQAF",
                    "UGW0ABZLG",
                    "ULRDJGN21",
                    "ULFK57XL4",
                    "UFT60TQCQ",
                    "ULMG6D5GB"
                ],
                "count": 6
            }
        ]
    }
]