[
    {
        "type": "message",
        "subtype": "bot_message",
        "text": "<https:\/\/www.reddit.com\/r\/Terraform\/comments\/yoh76u\/using_workload_identity_with_terraform_cloud\/|“Using Workload Identity with Terraform Cloud” - Where is the official doc?>\nHi, I’ve been following this video, but the resolution isn’t great. Where is the official doc for this thing in TC?\n<https:\/\/discuss.hashicorp.com\/t\/using-workload-identity-with-terraform-cloud-where-is-the-official-doc\/46564\/1|https:\/\/discuss.hashicorp.com\/t\/using-workload-identity-with-terraform-cloud-where-is-the-official-doc\/46564\/1> Thanks! :)    submitted by   <https:\/\/www.reddit.com\/user\/Unfair-Address-3597| \/u\/Unfair-Address-3597 > \n&lt;a...",
        "ts": "1667811999.450079",
        "username": "Terraform",
        "icons": {
            "image_48": "https:\/\/s3-us-west-2.amazonaws.com\/slack-files2\/bot_icons\/2019-02-12\/548785199618_48.png"
        },
        "bot_id": "BG3N7LG73",
        "blocks": [
            {
                "type": "rich_text",
                "block_id": "3MpR",
                "elements": [
                    {
                        "type": "rich_text_section",
                        "elements": [
                            {
                                "type": "link",
                                "url": "https:\/\/www.reddit.com\/r\/Terraform\/comments\/yoh76u\/using_workload_identity_with_terraform_cloud\/",
                                "text": "“Using Workload Identity with Terraform Cloud” - Where is the official doc?"
                            },
                            {
                                "type": "text",
                                "text": "\nHi, I’ve been following this video, but the resolution isn’t great. Where is the official doc for this thing in TC?\n"
                            },
                            {
                                "type": "link",
                                "url": "https:\/\/discuss.hashicorp.com\/t\/using-workload-identity-with-terraform-cloud-where-is-the-official-doc\/46564\/1"
                            },
                            {
                                "type": "text",
                                "text": " Thanks! :)    submitted by   "
                            },
                            {
                                "type": "link",
                                "url": "https:\/\/www.reddit.com\/user\/Unfair-Address-3597",
                                "text": "\/u\/Unfair-Address-3597"
                            },
                            {
                                "type": "text",
                                "text": " \n<a..."
                            }
                        ]
                    }
                ]
            }
        ],
        "attachments": [
            {
                "from_url": "https:\/\/www.reddit.com\/r\/Terraform\/comments\/yoh76u\/using_workload_identity_with_terraform_cloud\/",
                "thumb_url": "https:\/\/www.redditstatic.com\/new-icon.png",
                "thumb_width": 256,
                "thumb_height": 256,
                "service_icon": "http:\/\/www.redditstatic.com\/desktop2x\/img\/favicon\/apple-icon-57x57.png",
                "id": 1,
                "original_url": "https:\/\/www.reddit.com\/r\/Terraform\/comments\/yoh76u\/using_workload_identity_with_terraform_cloud\/",
                "fallback": "reddit: “Using Workload Identity with Terraform Cloud” - Where is the official doc?",
                "text": "Hi, I’ve been following this video, but the resolution isn’t great. Where is the official doc for this thing in TC? ...",
                "title": "“Using Workload Identity with Terraform Cloud” - Where is the official doc?",
                "title_link": "https:\/\/www.reddit.com\/r\/Terraform\/comments\/yoh76u\/using_workload_identity_with_terraform_cloud\/",
                "service_name": "reddit"
            },
            {
                "from_url": "https:\/\/discuss.hashicorp.com\/t\/using-workload-identity-with-terraform-cloud-where-is-the-official-doc\/46564\/1",
                "ts": 1667809037,
                "thumb_url": "https:\/\/global.discourse-cdn.com\/hashicorp\/original\/3X\/f\/d\/fde87a4562c26e4394dca16866a65cd7afed0e3c.jpeg",
                "thumb_width": 480,
                "thumb_height": 360,
                "service_icon": "https:\/\/global.discourse-cdn.com\/hashicorp\/optimized\/1X\/154331ed085112b536f7a0c4c5355c17a57e53c1_2_180x180.png",
                "id": 2,
                "original_url": "https:\/\/discuss.hashicorp.com\/t\/using-workload-identity-with-terraform-cloud-where-is-the-official-doc\/46564\/1",
                "fallback": "HashiCorp Discuss: \"Using Workload Identity with Terraform Cloud\" - Where is the official doc?",
                "text": "Hi, I’ve been following this video, but the resolution isn’t great. Where is the official doc for this thing in TC? Thanks, Gunnar",
                "title": "\"Using Workload Identity with Terraform Cloud\" - Where is the official doc?",
                "title_link": "https:\/\/discuss.hashicorp.com\/t\/using-workload-identity-with-terraform-cloud-where-is-the-official-doc\/46564\/1",
                "service_name": "HashiCorp Discuss"
            },
            {
                "from_url": "https:\/\/www.reddit.com\/user\/Unfair-Address-3597",
                "service_icon": "http:\/\/www.redditstatic.com\/desktop2x\/img\/favicon\/apple-icon-57x57.png",
                "id": 3,
                "original_url": "https:\/\/www.reddit.com\/user\/Unfair-Address-3597",
                "fallback": "overview for Unfair-Address-3597",
                "text": "The u\/Unfair-Address-3597 community on Reddit. Reddit gives you the best of the internet in one place.",
                "title": "overview for Unfair-Address-3597",
                "title_link": "https:\/\/www.reddit.com\/user\/Unfair-Address-3597",
                "service_name": "reddit.com"
            }
        ],
        "edited": {
            "user": "BG3N7LG73",
            "ts": "1667811999.000000"
        }
    },
    {
        "type": "message",
        "subtype": "bot_message",
        "text": "<https:\/\/www.reddit.com\/r\/Terraform\/comments\/yojdzz\/aks_cluster_import\/|AKS cluster import>\nHello, I have imported existing AKS cluster to be managed by terraform: terraform import azurerm_kubernetes_cluster.import_cluster_test \"id\"  All went well, state file was created. Then i recreated configuration base on state file and checking it using \"terraform apply\" until I get \"No changes\" output. I finally get this done, but I realized that no all AKS parts was importer to terraform. I did some manual changes against cluster eg. I changed Authentication and Authorization metod from...",
        "ts": "1667819793.925799",
        "username": "Terraform",
        "icons": {
            "image_48": "https:\/\/s3-us-west-2.amazonaws.com\/slack-files2\/bot_icons\/2019-02-12\/548785199618_48.png"
        },
        "bot_id": "BG3N7LG73",
        "blocks": [
            {
                "type": "rich_text",
                "block_id": "MvRh=",
                "elements": [
                    {
                        "type": "rich_text_section",
                        "elements": [
                            {
                                "type": "link",
                                "url": "https:\/\/www.reddit.com\/r\/Terraform\/comments\/yojdzz\/aks_cluster_import\/",
                                "text": "AKS cluster import"
                            },
                            {
                                "type": "text",
                                "text": "\nHello, I have imported existing AKS cluster to be managed by terraform: terraform import azurerm_kubernetes_cluster.import_cluster_test \"id\"  All went well, state file was created. Then i recreated configuration base on state file and checking it using \"terraform apply\" until I get \"No changes\" output. I finally get this done, but I realized that no all AKS parts was importer to terraform. I did some manual changes against cluster eg. I changed Authentication and Authorization metod from..."
                            }
                        ]
                    }
                ]
            }
        ],
        "attachments": [
            {
                "from_url": "https:\/\/www.reddit.com\/r\/Terraform\/comments\/yojdzz\/aks_cluster_import\/",
                "thumb_url": "https:\/\/www.redditstatic.com\/new-icon.png",
                "thumb_width": 256,
                "thumb_height": 256,
                "service_icon": "http:\/\/www.redditstatic.com\/desktop2x\/img\/favicon\/apple-icon-57x57.png",
                "id": 1,
                "original_url": "https:\/\/www.reddit.com\/r\/Terraform\/comments\/yojdzz\/aks_cluster_import\/",
                "fallback": "reddit: AKS cluster import",
                "text": "Hello, I have imported existing AKS cluster to be managed by terraform: terraform import azurerm_kubernetes_cluster.import_cluster_test...",
                "title": "AKS cluster import",
                "title_link": "https:\/\/www.reddit.com\/r\/Terraform\/comments\/yojdzz\/aks_cluster_import\/",
                "service_name": "reddit"
            }
        ],
        "edited": {
            "user": "BG3N7LG73",
            "ts": "1667819794.000000"
        }
    },
    {
        "type": "message",
        "subtype": "bot_message",
        "text": "<https:\/\/www.reddit.com\/r\/Terraform\/comments\/yokyqw\/unable_to_find_a_management_group\/|Unable to find a management group>\nHi all! Any advice on additional troubleshooting steps for the below error?  ``` Error: Management Group \"00000000-0000-0000-0000-000000000000\" was not found with data.azurerm_management_group.current on <http:\/\/main.tf|main.tf> line 40, in data \"azurerm_management_group\" \"current\": data \"azurerm_management_group\" \"current\" { ``` I am using a service principal with the Contributor role assigned to authenticate to azure.  I have ensured the management group UUID set in the terraform config points to the...",
        "ts": "1667823995.995639",
        "username": "Terraform",
        "icons": {
            "image_48": "https:\/\/s3-us-west-2.amazonaws.com\/slack-files2\/bot_icons\/2019-02-12\/548785199618_48.png"
        },
        "bot_id": "BG3N7LG73",
        "blocks": [
            {
                "type": "rich_text",
                "block_id": "\/athZ",
                "elements": [
                    {
                        "type": "rich_text_section",
                        "elements": [
                            {
                                "type": "link",
                                "url": "https:\/\/www.reddit.com\/r\/Terraform\/comments\/yokyqw\/unable_to_find_a_management_group\/",
                                "text": "Unable to find a management group"
                            },
                            {
                                "type": "text",
                                "text": "\nHi all! Any advice on additional troubleshooting steps for the below error?  "
                            }
                        ]
                    },
                    {
                        "type": "rich_text_preformatted",
                        "elements": [
                            {
                                "type": "text",
                                "text": " Error: Management Group \"00000000-0000-0000-0000-000000000000\" was not found with data.azurerm_management_group.current on "
                            },
                            {
                                "type": "link",
                                "url": "http:\/\/main.tf",
                                "text": "main.tf"
                            },
                            {
                                "type": "text",
                                "text": " line 40, in data \"azurerm_management_group\" \"current\": data \"azurerm_management_group\" \"current\" { "
                            }
                        ]
                    },
                    {
                        "type": "rich_text_section",
                        "elements": [
                            {
                                "type": "text",
                                "text": " I am using a service principal with the Contributor role assigned to authenticate to azure.  I have ensured the management group UUID set in the terraform config points to the..."
                            }
                        ]
                    }
                ]
            }
        ],
        "attachments": [
            {
                "from_url": "https:\/\/www.reddit.com\/r\/Terraform\/comments\/yokyqw\/unable_to_find_a_management_group\/",
                "thumb_url": "https:\/\/www.redditstatic.com\/new-icon.png",
                "thumb_width": 256,
                "thumb_height": 256,
                "service_icon": "http:\/\/www.redditstatic.com\/desktop2x\/img\/favicon\/apple-icon-57x57.png",
                "id": 1,
                "original_url": "https:\/\/www.reddit.com\/r\/Terraform\/comments\/yokyqw\/unable_to_find_a_management_group\/",
                "fallback": "reddit: Unable to find a management group",
                "text": "Hi all! Any advice on additional troubleshooting steps for the below error? ``` Error: Management Group \"00000000-0000-0000-0000-000000000000\"...",
                "title": "Unable to find a management group",
                "title_link": "https:\/\/www.reddit.com\/r\/Terraform\/comments\/yokyqw\/unable_to_find_a_management_group\/",
                "service_name": "reddit"
            }
        ],
        "edited": {
            "user": "BG3N7LG73",
            "ts": "1667823996.000000"
        }
    },
    {
        "type": "message",
        "subtype": "bot_message",
        "text": "<https:\/\/www.reddit.com\/r\/Terraform\/comments\/yoob3i\/how_to_set_allowed_inbound_ip_addresses_in\/|How to set \"Allowed inbound IP addresses\" in terraform code for Logic App deployment?>\nHi, because of the organisation's policy we have to have our Logic Apps (consumption) have the following policy in place: '\"Allowed inbound IP addresses\" should not be \"any\"'.  I can set this in the portal and change it to \"Only other Logic Apps\", but how can I implement it in the terraform logic app block? I guess by default its set to \"Any\". Here's the terraform code: \/\/ Create an instance of logic app resource \"azurerm_logic_app_workflow\" \"logicapp\" { name = \"workflow-resources\" location =...",
        "ts": "1667831795.663639",
        "username": "Terraform",
        "icons": {
            "image_48": "https:\/\/s3-us-west-2.amazonaws.com\/slack-files2\/bot_icons\/2019-02-12\/548785199618_48.png"
        },
        "bot_id": "BG3N7LG73",
        "blocks": [
            {
                "type": "rich_text",
                "block_id": "sODgP",
                "elements": [
                    {
                        "type": "rich_text_section",
                        "elements": [
                            {
                                "type": "link",
                                "url": "https:\/\/www.reddit.com\/r\/Terraform\/comments\/yoob3i\/how_to_set_allowed_inbound_ip_addresses_in\/",
                                "text": "How to set \"Allowed inbound IP addresses\" in terraform code for Logic App deployment?"
                            },
                            {
                                "type": "text",
                                "text": "\nHi, because of the organisation's policy we have to have our Logic Apps (consumption) have the following policy in place: '\"Allowed inbound IP addresses\" should not be \"any\"'.  I can set this in the portal and change it to \"Only other Logic Apps\", but how can I implement it in the terraform logic app block? I guess by default its set to \"Any\". Here's the terraform code: \/\/ Create an instance of logic app resource \"azurerm_logic_app_workflow\" \"logicapp\" { name = \"workflow-resources\" location =..."
                            }
                        ]
                    }
                ]
            }
        ],
        "attachments": [
            {
                "from_url": "https:\/\/www.reddit.com\/r\/Terraform\/comments\/yoob3i\/how_to_set_allowed_inbound_ip_addresses_in\/",
                "thumb_url": "https:\/\/www.redditstatic.com\/new-icon.png",
                "thumb_width": 256,
                "thumb_height": 256,
                "service_icon": "http:\/\/www.redditstatic.com\/desktop2x\/img\/favicon\/apple-icon-57x57.png",
                "id": 1,
                "original_url": "https:\/\/www.reddit.com\/r\/Terraform\/comments\/yoob3i\/how_to_set_allowed_inbound_ip_addresses_in\/",
                "fallback": "reddit: How to set \"Allowed inbound IP addresses\" in terraform code for Logic App deployment?",
                "text": "Hi, because of the organisation's policy we have to have our Logic Apps (consumption) have the following policy in place: '\"Allowed inbound IP...",
                "title": "How to set \"Allowed inbound IP addresses\" in terraform code for Logic App deployment?",
                "title_link": "https:\/\/www.reddit.com\/r\/Terraform\/comments\/yoob3i\/how_to_set_allowed_inbound_ip_addresses_in\/",
                "service_name": "reddit"
            }
        ],
        "edited": {
            "user": "BG3N7LG73",
            "ts": "1667831796.000000"
        }
    },
    {
        "type": "message",
        "subtype": "bot_message",
        "text": "<https:\/\/www.reddit.com\/r\/Terraform\/comments\/yositn\/workaround_for_making_a_failed_coalesce_default\/|Workaround for making a failed coalesce() default to null in Terraform 1.3>\nI have many scenarios where I use a for_each iterate over a map of objects, the call a child module with appropriate parameters. I'll often use <https:\/\/developer.hashicorp.com\/terraform\/language\/functions\/coalesce|coalesce()> to check if the object has an attribute set, and if not, use some backup value so that at least one of the values is non-null. However, I have scenarios where I do want to pass a null to the child module. For example, in the parent module, if I don't set a...",
        "ts": "1667840191.936909",
        "username": "Terraform",
        "icons": {
            "image_48": "https:\/\/s3-us-west-2.amazonaws.com\/slack-files2\/bot_icons\/2019-02-12\/548785199618_48.png"
        },
        "bot_id": "BG3N7LG73",
        "blocks": [
            {
                "type": "rich_text",
                "block_id": "CdVpy",
                "elements": [
                    {
                        "type": "rich_text_section",
                        "elements": [
                            {
                                "type": "link",
                                "url": "https:\/\/www.reddit.com\/r\/Terraform\/comments\/yositn\/workaround_for_making_a_failed_coalesce_default\/",
                                "text": "Workaround for making a failed coalesce() default to null in Terraform 1.3"
                            },
                            {
                                "type": "text",
                                "text": "\nI have many scenarios where I use a for_each iterate over a map of objects, the call a child module with appropriate parameters. I'll often use "
                            },
                            {
                                "type": "link",
                                "url": "https:\/\/developer.hashicorp.com\/terraform\/language\/functions\/coalesce",
                                "text": "coalesce()"
                            },
                            {
                                "type": "text",
                                "text": " to check if the object has an attribute set, and if not, use some backup value so that at least one of the values is non-null. However, I have scenarios where I do want to pass a null to the child module. For example, in the parent module, if I don't set a..."
                            }
                        ]
                    }
                ]
            }
        ],
        "attachments": [
            {
                "from_url": "https:\/\/www.reddit.com\/r\/Terraform\/comments\/yositn\/workaround_for_making_a_failed_coalesce_default\/",
                "thumb_url": "https:\/\/www.redditstatic.com\/new-icon.png",
                "thumb_width": 256,
                "thumb_height": 256,
                "service_icon": "http:\/\/www.redditstatic.com\/desktop2x\/img\/favicon\/apple-icon-57x57.png",
                "id": 1,
                "original_url": "https:\/\/www.reddit.com\/r\/Terraform\/comments\/yositn\/workaround_for_making_a_failed_coalesce_default\/",
                "fallback": "reddit: Workaround for making a failed coalesce() default to null in Terraform 1.3",
                "text": "I have many scenarios where I use a for\\_each iterate over a map of objects, the call a child module with appropriate parameters. I'll often use...",
                "title": "Workaround for making a failed coalesce() default to null in Terraform 1.3",
                "title_link": "https:\/\/www.reddit.com\/r\/Terraform\/comments\/yositn\/workaround_for_making_a_failed_coalesce_default\/",
                "service_name": "reddit"
            },
            {
                "from_url": "https:\/\/developer.hashicorp.com\/terraform\/language\/functions\/coalesce",
                "image_url": "https:\/\/developer.hashicorp.com\/og-image\/terraform.jpg",
                "image_width": 444,
                "image_height": 250,
                "image_bytes": 124196,
                "service_icon": "https:\/\/developer.hashicorp.com\/favicon.ico",
                "id": 2,
                "original_url": "https:\/\/developer.hashicorp.com\/terraform\/language\/functions\/coalesce",
                "fallback": "coalesce - Functions - Configuration Language | Terraform | HashiCorp Developer",
                "text": "The coalesce function takes any number of arguments and returns the\nfirst one that isn't null nor empty.",
                "title": "coalesce - Functions - Configuration Language | Terraform | HashiCorp Developer",
                "title_link": "https:\/\/developer.hashicorp.com\/terraform\/language\/functions\/coalesce",
                "service_name": "developer.hashicorp.com"
            }
        ],
        "edited": {
            "user": "BG3N7LG73",
            "ts": "1667840192.000000"
        }
    },
    {
        "type": "message",
        "subtype": "bot_message",
        "text": "<https:\/\/www.reddit.com\/r\/Terraform\/comments\/yosx1n\/usecases_for_terragrunt\/|Use-cases for Terragrunt>\nDoes anyone here currently (or in the past) use Terragrunt? Are there still good use-cases for Terragrunt? I saw an article or video recently where someone was arguing that Terragrunt shouldn't be adopted by organizations that are just now starting to use Terraform.  For anyone using Terragrunt, what is your use-case for it? If I wanted to deploy a \"standardized\" or \"account baseline\" piece of code or module to all accounts with a single deploy in my AWS organization, would Terragrunt be...",
        "ts": "1667840797.790919",
        "username": "Terraform",
        "icons": {
            "image_48": "https:\/\/s3-us-west-2.amazonaws.com\/slack-files2\/bot_icons\/2019-02-12\/548785199618_48.png"
        },
        "bot_id": "BG3N7LG73",
        "blocks": [
            {
                "type": "rich_text",
                "block_id": "i\/bW",
                "elements": [
                    {
                        "type": "rich_text_section",
                        "elements": [
                            {
                                "type": "link",
                                "url": "https:\/\/www.reddit.com\/r\/Terraform\/comments\/yosx1n\/usecases_for_terragrunt\/",
                                "text": "Use-cases for Terragrunt"
                            },
                            {
                                "type": "text",
                                "text": "\nDoes anyone here currently (or in the past) use Terragrunt? Are there still good use-cases for Terragrunt? I saw an article or video recently where someone was arguing that Terragrunt shouldn't be adopted by organizations that are just now starting to use Terraform.  For anyone using Terragrunt, what is your use-case for it? If I wanted to deploy a \"standardized\" or \"account baseline\" piece of code or module to all accounts with a single deploy in my AWS organization, would Terragrunt be..."
                            }
                        ]
                    }
                ]
            }
        ],
        "attachments": [
            {
                "from_url": "https:\/\/www.reddit.com\/r\/Terraform\/comments\/yosx1n\/usecases_for_terragrunt\/",
                "thumb_url": "https:\/\/www.redditstatic.com\/new-icon.png",
                "thumb_width": 256,
                "thumb_height": 256,
                "service_icon": "http:\/\/www.redditstatic.com\/desktop2x\/img\/favicon\/apple-icon-57x57.png",
                "id": 1,
                "original_url": "https:\/\/www.reddit.com\/r\/Terraform\/comments\/yosx1n\/usecases_for_terragrunt\/",
                "fallback": "reddit: Use-cases for Terragrunt",
                "text": "Does anyone here currently (or in the past) use Terragrunt? Are there still good use-cases for Terragrunt? I saw an article or video recently...",
                "title": "Use-cases for Terragrunt",
                "title_link": "https:\/\/www.reddit.com\/r\/Terraform\/comments\/yosx1n\/usecases_for_terragrunt\/",
                "service_name": "reddit"
            }
        ],
        "edited": {
            "user": "BG3N7LG73",
            "ts": "1667840798.000000"
        }
    },
    {
        "type": "message",
        "subtype": "bot_message",
        "text": "<https:\/\/www.reddit.com\/r\/Terraform\/comments\/yotr33\/aws_secrets_manager_and_terraform_multi\/|AWS Secrets Manager and Terraform - multi environment secrets>\nI have same-named secrets across all of my 4 environments. The problem is AWS adds characters at the end of the secret ARN, meaning all of my secrets have different \"names\", besides their environment, which is not a problem. The specific problem can be described with this: For example, secret called \"dbpass\" looks like this on the dev account:  data \"aws_secretsmanager_secret\" \"s1\" { arn = \"arn:aws:secretsmanager:us-east-1:xxx:secret:\/dev\/dbpass-123456\" }  While a secret with the same name...",
        "ts": "1667841993.515789",
        "username": "Terraform",
        "icons": {
            "image_48": "https:\/\/s3-us-west-2.amazonaws.com\/slack-files2\/bot_icons\/2019-02-12\/548785199618_48.png"
        },
        "bot_id": "BG3N7LG73",
        "blocks": [
            {
                "type": "rich_text",
                "block_id": "\/mBHp",
                "elements": [
                    {
                        "type": "rich_text_section",
                        "elements": [
                            {
                                "type": "link",
                                "url": "https:\/\/www.reddit.com\/r\/Terraform\/comments\/yotr33\/aws_secrets_manager_and_terraform_multi\/",
                                "text": "AWS Secrets Manager and Terraform - multi environment secrets"
                            },
                            {
                                "type": "text",
                                "text": "\nI have same-named secrets across all of my 4 environments. The problem is AWS adds characters at the end of the secret ARN, meaning all of my secrets have different \"names\", besides their environment, which is not a problem. The specific problem can be described with this: For example, secret called \"dbpass\" looks like this on the dev account:  data \"aws_secretsmanager_secret\" \"s1\" { arn = \"arn"
                            },
                            {
                                "type": "emoji",
                                "name": "aws"
                            },
                            {
                                "type": "text",
                                "text": "secretsmanager"
                            },
                            {
                                "type": "emoji",
                                "name": "us-east-1"
                            },
                            {
                                "type": "text",
                                "text": "xxx"
                            },
                            {
                                "type": "emoji",
                                "name": "secret",
                                "unicode": "3299-fe0f"
                            },
                            {
                                "type": "text",
                                "text": "\/dev\/dbpass-123456\" }  While a secret with the same name..."
                            }
                        ]
                    }
                ]
            }
        ],
        "attachments": [
            {
                "from_url": "https:\/\/www.reddit.com\/r\/Terraform\/comments\/yotr33\/aws_secrets_manager_and_terraform_multi\/",
                "thumb_url": "https:\/\/www.redditstatic.com\/new-icon.png",
                "thumb_width": 256,
                "thumb_height": 256,
                "service_icon": "http:\/\/www.redditstatic.com\/desktop2x\/img\/favicon\/apple-icon-57x57.png",
                "id": 1,
                "original_url": "https:\/\/www.reddit.com\/r\/Terraform\/comments\/yotr33\/aws_secrets_manager_and_terraform_multi\/",
                "fallback": "reddit: AWS Secrets Manager and Terraform - multi environment secrets",
                "text": "I have same-named secrets across all of my 4 environments. The problem is AWS adds characters at the end of the secret ARN, meaning all of my...",
                "title": "AWS Secrets Manager and Terraform - multi environment secrets",
                "title_link": "https:\/\/www.reddit.com\/r\/Terraform\/comments\/yotr33\/aws_secrets_manager_and_terraform_multi\/",
                "service_name": "reddit"
            }
        ],
        "edited": {
            "user": "BG3N7LG73",
            "ts": "1667841993.000000"
        }
    },
    {
        "type": "message",
        "subtype": "bot_message",
        "text": "<https:\/\/www.reddit.com\/r\/Terraform\/comments\/you14t\/create_database_on_rds_in_terraform\/|Create database on RDS in Terraform?>\nHey Is it considered a good practice to create Databases via Terraform? So each tenant has it‘s own database. We require different Users with different roles for each tenant Database. The databases are managed „manual“ with Liquibase, but i want to initially create empty databases with all the different roles and users via IaC. The actual data(including tables, functions etc. ) will not be part of the solution. We already create the secrets for each user and store them in the aws secrets...",
        "ts": "1667843193.114389",
        "username": "Terraform",
        "icons": {
            "image_48": "https:\/\/s3-us-west-2.amazonaws.com\/slack-files2\/bot_icons\/2019-02-12\/548785199618_48.png"
        },
        "bot_id": "BG3N7LG73",
        "blocks": [
            {
                "type": "rich_text",
                "block_id": "NuOpB",
                "elements": [
                    {
                        "type": "rich_text_section",
                        "elements": [
                            {
                                "type": "link",
                                "url": "https:\/\/www.reddit.com\/r\/Terraform\/comments\/you14t\/create_database_on_rds_in_terraform\/",
                                "text": "Create database on RDS in Terraform?"
                            },
                            {
                                "type": "text",
                                "text": "\nHey Is it considered a good practice to create Databases via Terraform? So each tenant has it‘s own database. We require different Users with different roles for each tenant Database. The databases are managed „manual“ with Liquibase, but i want to initially create empty databases with all the different roles and users via IaC. The actual data(including tables, functions etc. ) will not be part of the solution. We already create the secrets for each user and store them in the aws secrets..."
                            }
                        ]
                    }
                ]
            }
        ],
        "attachments": [
            {
                "from_url": "https:\/\/www.reddit.com\/r\/Terraform\/comments\/you14t\/create_database_on_rds_in_terraform\/",
                "thumb_url": "https:\/\/www.redditstatic.com\/new-icon.png",
                "thumb_width": 256,
                "thumb_height": 256,
                "service_icon": "http:\/\/www.redditstatic.com\/desktop2x\/img\/favicon\/apple-icon-57x57.png",
                "id": 1,
                "original_url": "https:\/\/www.reddit.com\/r\/Terraform\/comments\/you14t\/create_database_on_rds_in_terraform\/",
                "fallback": "reddit: Create database on RDS in Terraform?",
                "text": "Hey Is it considered a good practice to create Databases via Terraform? So each tenant has it‘s own database. We require different Users with...",
                "title": "Create database on RDS in Terraform?",
                "title_link": "https:\/\/www.reddit.com\/r\/Terraform\/comments\/you14t\/create_database_on_rds_in_terraform\/",
                "service_name": "reddit"
            }
        ],
        "edited": {
            "user": "BG3N7LG73",
            "ts": "1667843193.000000"
        }
    },
    {
        "type": "message",
        "subtype": "bot_message",
        "text": "<https:\/\/www.reddit.com\/r\/Terraform\/comments\/youfbi\/help_with_loop\/|Help with loop ?>\nHello!  I am an absolute noob and I am not quite sure how to resolve this issue.  Basically I am using this module :\n<https:\/\/github.com\/terraform-aws-modules\/terraform-aws-rds-aurora\/blob\/v7.6.0\/examples\/mysql\/main.tf|https:\/\/github.com\/terraform-aws-modules\/terraform-aws-rds-aurora\/blob\/v7.6.0\/examples\/mysql\/main.tf>  In the example below, you basically create 3 instances.\n My task is to create a variable so the user chooses how much instances are created.\n Unfortunately, my...",
        "ts": "1667843794.363839",
        "username": "Terraform",
        "icons": {
            "image_48": "https:\/\/s3-us-west-2.amazonaws.com\/slack-files2\/bot_icons\/2019-02-12\/548785199618_48.png"
        },
        "bot_id": "BG3N7LG73",
        "blocks": [
            {
                "type": "rich_text",
                "block_id": "b1\/",
                "elements": [
                    {
                        "type": "rich_text_section",
                        "elements": [
                            {
                                "type": "link",
                                "url": "https:\/\/www.reddit.com\/r\/Terraform\/comments\/youfbi\/help_with_loop\/",
                                "text": "Help with loop ?"
                            },
                            {
                                "type": "text",
                                "text": "\nHello!  I am an absolute noob and I am not quite sure how to resolve this issue.  Basically I am using this module :\n"
                            },
                            {
                                "type": "link",
                                "url": "https:\/\/github.com\/terraform-aws-modules\/terraform-aws-rds-aurora\/blob\/v7.6.0\/examples\/mysql\/main.tf"
                            },
                            {
                                "type": "text",
                                "text": "  In the example below, you basically create 3 instances.\n My task is to create a variable so the user chooses how much instances are created.\n Unfortunately, my..."
                            }
                        ]
                    }
                ]
            }
        ],
        "attachments": [
            {
                "from_url": "https:\/\/www.reddit.com\/r\/Terraform\/comments\/youfbi\/help_with_loop\/",
                "thumb_url": "https:\/\/external-preview.redd.it\/tuvbt2t6gky91.png?overlay-align=bottom,left&crop=387:202.617801047,smart&overlay-height=15p&overlay=%2Fwatermark%2Ft5_2u8e4.png%3Fs%3Dbfb326ca8735739e33a60abaf9a7c73bcb4a2134&width=387&height=202.617801047&auto=webp&s=ff6270a6a808fa7e737297df22614437bddccf85",
                "thumb_width": 130,
                "thumb_height": 60,
                "service_icon": "http:\/\/www.redditstatic.com\/desktop2x\/img\/favicon\/apple-icon-57x57.png",
                "id": 1,
                "original_url": "https:\/\/www.reddit.com\/r\/Terraform\/comments\/youfbi\/help_with_loop\/",
                "fallback": "reddit: Help with loop ?",
                "text": "Posted in r\/Terraform by u\/akirakotkata • 1 point and 0 comments",
                "title": "Help with loop ?",
                "title_link": "https:\/\/www.reddit.com\/r\/Terraform\/comments\/youfbi\/help_with_loop\/",
                "service_name": "reddit"
            },
            {
                "from_url": "https:\/\/github.com\/terraform-aws-modules\/terraform-aws-rds-aurora\/blob\/v7.6.0\/examples\/mysql\/main.tf",
                "image_url": "https:\/\/opengraph.githubassets.com\/0f89d80548bfaf7e2222e50de08b14f741fd96a32667de46b941ced08363ab51\/terraform-aws-modules\/terraform-aws-rds-aurora",
                "image_width": 500,
                "image_height": 250,
                "image_bytes": 66217,
                "service_icon": "https:\/\/a.slack-edge.com\/80588\/img\/unfurl_icons\/github.png",
                "id": 2,
                "original_url": "https:\/\/github.com\/terraform-aws-modules\/terraform-aws-rds-aurora\/blob\/v7.6.0\/examples\/mysql\/main.tf",
                "fallback": "GitHub: terraform-aws-rds-aurora\/main.tf at v7.6.0 · terraform-aws-modules\/terraform-aws-rds-aurora",
                "text": "Terraform module which creates RDS Aurora resources on AWS :flag-ua: - terraform-aws-rds-aurora\/main.tf at v7.6.0 · terraform-aws-modules\/terraform-aws-rds-aurora",
                "title": "terraform-aws-rds-aurora\/main.tf at v7.6.0 · terraform-aws-modules\/terraform-aws-rds-aurora",
                "title_link": "https:\/\/github.com\/terraform-aws-modules\/terraform-aws-rds-aurora\/blob\/v7.6.0\/examples\/mysql\/main.tf",
                "service_name": "GitHub"
            }
        ],
        "edited": {
            "user": "BG3N7LG73",
            "ts": "1667843794.000000"
        }
    },
    {
        "type": "message",
        "subtype": "bot_message",
        "text": "<https:\/\/www.reddit.com\/r\/Terraform\/comments\/yow8iz\/azure_relay_namespace_why_is_this_rarely_used\/|Azure Relay Namespace, why is this rarely used?>\nWe deployed an relay namespace in our environment, but there was barely good documentation for it and not all features were supported on the AzureRM. Had to revert to AzApi.  Did any of you guys had successful use cases for it. There is so little info on it.    submitted by   <https:\/\/www.reddit.com\/user\/FlipFlopHopDop| \/u\/FlipFlopHopDop > \n<https:\/\/www.reddit.com\/r\/Terraform\/comments\/yow8iz\/azure_relay_namespace_why_is_this_rarely_used\/|[link]>   &lt;a...",
        "ts": "1667846789.956089",
        "username": "Terraform",
        "icons": {
            "image_48": "https:\/\/s3-us-west-2.amazonaws.com\/slack-files2\/bot_icons\/2019-02-12\/548785199618_48.png"
        },
        "bot_id": "BG3N7LG73",
        "blocks": [
            {
                "type": "rich_text",
                "block_id": "gwcy",
                "elements": [
                    {
                        "type": "rich_text_section",
                        "elements": [
                            {
                                "type": "link",
                                "url": "https:\/\/www.reddit.com\/r\/Terraform\/comments\/yow8iz\/azure_relay_namespace_why_is_this_rarely_used\/",
                                "text": "Azure Relay Namespace, why is this rarely used?"
                            },
                            {
                                "type": "text",
                                "text": "\nWe deployed an relay namespace in our environment, but there was barely good documentation for it and not all features were supported on the AzureRM. Had to revert to AzApi.  Did any of you guys had successful use cases for it. There is so little info on it.    submitted by   "
                            },
                            {
                                "type": "link",
                                "url": "https:\/\/www.reddit.com\/user\/FlipFlopHopDop",
                                "text": "\/u\/FlipFlopHopDop"
                            },
                            {
                                "type": "text",
                                "text": " \n"
                            },
                            {
                                "type": "link",
                                "url": "https:\/\/www.reddit.com\/r\/Terraform\/comments\/yow8iz\/azure_relay_namespace_why_is_this_rarely_used\/",
                                "text": "[link]"
                            },
                            {
                                "type": "text",
                                "text": "   <a..."
                            }
                        ]
                    }
                ]
            }
        ],
        "attachments": [
            {
                "from_url": "https:\/\/www.reddit.com\/r\/Terraform\/comments\/yow8iz\/azure_relay_namespace_why_is_this_rarely_used\/",
                "thumb_url": "https:\/\/www.redditstatic.com\/new-icon.png",
                "thumb_width": 256,
                "thumb_height": 256,
                "service_icon": "http:\/\/www.redditstatic.com\/desktop2x\/img\/favicon\/apple-icon-57x57.png",
                "id": 1,
                "original_url": "https:\/\/www.reddit.com\/r\/Terraform\/comments\/yow8iz\/azure_relay_namespace_why_is_this_rarely_used\/",
                "fallback": "reddit: Azure Relay Namespace, why is this rarely used?",
                "text": "We deployed an relay namespace in our environment, but there was barely good documentation for it and not all features were supported on the...",
                "title": "Azure Relay Namespace, why is this rarely used?",
                "title_link": "https:\/\/www.reddit.com\/r\/Terraform\/comments\/yow8iz\/azure_relay_namespace_why_is_this_rarely_used\/",
                "service_name": "reddit"
            },
            {
                "from_url": "https:\/\/www.reddit.com\/user\/FlipFlopHopDop",
                "service_icon": "http:\/\/www.redditstatic.com\/desktop2x\/img\/favicon\/apple-icon-57x57.png",
                "id": 2,
                "original_url": "https:\/\/www.reddit.com\/user\/FlipFlopHopDop",
                "fallback": "reddit.com: over 18?",
                "text": "Reddit gives you the best of the internet in one place. Get a constantly updating feed of breaking news, fun stories, pics, memes, and videos just for you. Passionate about something niche? Reddit has thousands of vibrant communities with people that share your interests. Alternatively, find out what’s trending across all of Reddit on r\/popular. Reddit is also anonymous so you can be yourself, with your Reddit profile and persona disconnected from your real-world identity.",
                "title": "reddit.com: over 18?",
                "title_link": "https:\/\/www.reddit.com\/user\/FlipFlopHopDop",
                "service_name": "reddit.com"
            }
        ],
        "edited": {
            "user": "BG3N7LG73",
            "ts": "1667846790.000000"
        }
    },
    {
        "type": "message",
        "subtype": "bot_message",
        "text": "<https:\/\/www.reddit.com\/r\/Terraform\/comments\/yoz7s0\/how_to_manage_aws_securityhub_standards_control\/|How to manage aws_securityhub_standards_control when using delegated accounts>\nHey folks,  I've got an AWS org that uses a delegated admin for security hub and I need to disable a control.  I tried to assume a role in my delegated admin to disable controls in all my accounts and that's failing.  I basically got a list of all my accounts then did a for_each on the account ID and in the control arn Ex: resource \"aws_securityhub_standards_control\" \"this\" { for_each = local.parsed_accounts standards_control_arn =...",
        "ts": "1667852796.103409",
        "username": "Terraform",
        "icons": {
            "image_48": "https:\/\/s3-us-west-2.amazonaws.com\/slack-files2\/bot_icons\/2019-02-12\/548785199618_48.png"
        },
        "bot_id": "BG3N7LG73",
        "blocks": [
            {
                "type": "rich_text",
                "block_id": "rMF+",
                "elements": [
                    {
                        "type": "rich_text_section",
                        "elements": [
                            {
                                "type": "link",
                                "url": "https:\/\/www.reddit.com\/r\/Terraform\/comments\/yoz7s0\/how_to_manage_aws_securityhub_standards_control\/",
                                "text": "How to manage aws_securityhub_standards_control when using delegated accounts"
                            },
                            {
                                "type": "text",
                                "text": "\nHey folks,  I've got an AWS org that uses a delegated admin for security hub and I need to disable a control.  I tried to assume a role in my delegated admin to disable controls in all my accounts and that's failing.  I basically got a list of all my accounts then did a for_each on the account ID and in the control arn Ex: resource \"aws_securityhub_standards_control\" \"this\" { for_each = local.parsed_accounts standards_control_arn =..."
                            }
                        ]
                    }
                ]
            }
        ],
        "attachments": [
            {
                "from_url": "https:\/\/www.reddit.com\/r\/Terraform\/comments\/yoz7s0\/how_to_manage_aws_securityhub_standards_control\/",
                "thumb_url": "https:\/\/www.redditstatic.com\/new-icon.png",
                "thumb_width": 256,
                "thumb_height": 256,
                "service_icon": "http:\/\/www.redditstatic.com\/desktop2x\/img\/favicon\/apple-icon-57x57.png",
                "id": 1,
                "original_url": "https:\/\/www.reddit.com\/r\/Terraform\/comments\/yoz7s0\/how_to_manage_aws_securityhub_standards_control\/",
                "fallback": "reddit: How to manage aws_securityhub_standards_control when using delegated accounts",
                "text": "Hey folks, I've got an AWS org that uses a delegated admin for security hub and I need to disable a control. I tried to assume a role in my...",
                "title": "How to manage aws_securityhub_standards_control when using delegated accounts",
                "title_link": "https:\/\/www.reddit.com\/r\/Terraform\/comments\/yoz7s0\/how_to_manage_aws_securityhub_standards_control\/",
                "service_name": "reddit"
            }
        ],
        "edited": {
            "user": "BG3N7LG73",
            "ts": "1667852796.000000"
        }
    },
    {
        "type": "message",
        "subtype": "bot_message",
        "text": "<https:\/\/www.reddit.com\/r\/Terraform\/comments\/yp09vj\/infrastructure_orchestration_event\/|Infrastructure Orchestration Event>\nSo, there is a cool virtual event tomorrow (11\/8) about how to orchestrate Terraform, Ansible, and AWS to spin up the required cloud infrastructure - while installing the proper databases, security, and permissions.  It will have a 30 min technical demo to illustrate how to automate and orchestrate the whole process using Stonebranch. Anyway, if you've got some time, come check it out. &lt;a...",
        "ts": "1667855787.712539",
        "username": "Terraform",
        "icons": {
            "image_48": "https:\/\/s3-us-west-2.amazonaws.com\/slack-files2\/bot_icons\/2019-02-12\/548785199618_48.png"
        },
        "bot_id": "BG3N7LG73",
        "blocks": [
            {
                "type": "rich_text",
                "block_id": "A0M1j",
                "elements": [
                    {
                        "type": "rich_text_section",
                        "elements": [
                            {
                                "type": "link",
                                "url": "https:\/\/www.reddit.com\/r\/Terraform\/comments\/yp09vj\/infrastructure_orchestration_event\/",
                                "text": "Infrastructure Orchestration Event"
                            },
                            {
                                "type": "text",
                                "text": "\nSo, there is a cool virtual event tomorrow (11\/8) about how to orchestrate Terraform, Ansible, and AWS to spin up the required cloud infrastructure - while installing the proper databases, security, and permissions.  It will have a 30 min technical demo to illustrate how to automate and orchestrate the whole process using Stonebranch. Anyway, if you've got some time, come check it out. <a..."
                            }
                        ]
                    }
                ]
            }
        ],
        "attachments": [
            {
                "from_url": "https:\/\/www.reddit.com\/r\/Terraform\/comments\/yp09vj\/infrastructure_orchestration_event\/",
                "thumb_url": "https:\/\/www.redditstatic.com\/new-icon.png",
                "thumb_width": 256,
                "thumb_height": 256,
                "service_icon": "http:\/\/www.redditstatic.com\/desktop2x\/img\/favicon\/apple-icon-57x57.png",
                "id": 1,
                "original_url": "https:\/\/www.reddit.com\/r\/Terraform\/comments\/yp09vj\/infrastructure_orchestration_event\/",
                "fallback": "reddit: Infrastructure Orchestration Event",
                "text": "So, there is a cool virtual event tomorrow (11\/8) about how to orchestrate Terraform, Ansible, and AWS to spin up the required cloud...",
                "title": "Infrastructure Orchestration Event",
                "title_link": "https:\/\/www.reddit.com\/r\/Terraform\/comments\/yp09vj\/infrastructure_orchestration_event\/",
                "service_name": "reddit"
            }
        ],
        "edited": {
            "user": "BG3N7LG73",
            "ts": "1667855788.000000"
        }
    },
    {
        "type": "message",
        "subtype": "bot_message",
        "text": "<https:\/\/www.reddit.com\/r\/Terraform\/comments\/yp0ir5\/terraforming_microservices_in_aws\/|Terraforming microservices in AWS>\nHi guys, I have been struggling to wrap my head around how aws aligns its ecs services to be called in sequence. I am using ecs fargate instances and i would like to have 4 four services trigger in sequence, any material or advice? TIA    submitted by   <https:\/\/www.reddit.com\/user\/jaded_mundane| \/u\/jaded_mundane > \n<https:\/\/www.reddit.com\/r\/Terraform\/comments\/yp0ir5\/terraforming_microservices_in_aws\/|[link]>   &lt;a...",
        "ts": "1667855787.744839",
        "username": "Terraform",
        "icons": {
            "image_48": "https:\/\/s3-us-west-2.amazonaws.com\/slack-files2\/bot_icons\/2019-02-12\/548785199618_48.png"
        },
        "bot_id": "BG3N7LG73",
        "blocks": [
            {
                "type": "rich_text",
                "block_id": "oof1",
                "elements": [
                    {
                        "type": "rich_text_section",
                        "elements": [
                            {
                                "type": "link",
                                "url": "https:\/\/www.reddit.com\/r\/Terraform\/comments\/yp0ir5\/terraforming_microservices_in_aws\/",
                                "text": "Terraforming microservices in AWS"
                            },
                            {
                                "type": "text",
                                "text": "\nHi guys, I have been struggling to wrap my head around how aws aligns its ecs services to be called in sequence. I am using ecs fargate instances and i would like to have 4 four services trigger in sequence, any material or advice? TIA    submitted by   "
                            },
                            {
                                "type": "link",
                                "url": "https:\/\/www.reddit.com\/user\/jaded_mundane",
                                "text": "\/u\/jaded_mundane"
                            },
                            {
                                "type": "text",
                                "text": " \n"
                            },
                            {
                                "type": "link",
                                "url": "https:\/\/www.reddit.com\/r\/Terraform\/comments\/yp0ir5\/terraforming_microservices_in_aws\/",
                                "text": "[link]"
                            },
                            {
                                "type": "text",
                                "text": "   <a..."
                            }
                        ]
                    }
                ]
            }
        ],
        "attachments": [
            {
                "from_url": "https:\/\/www.reddit.com\/r\/Terraform\/comments\/yp0ir5\/terraforming_microservices_in_aws\/",
                "thumb_url": "https:\/\/www.redditstatic.com\/new-icon.png",
                "thumb_width": 256,
                "thumb_height": 256,
                "service_icon": "http:\/\/www.redditstatic.com\/desktop2x\/img\/favicon\/apple-icon-57x57.png",
                "id": 1,
                "original_url": "https:\/\/www.reddit.com\/r\/Terraform\/comments\/yp0ir5\/terraforming_microservices_in_aws\/",
                "fallback": "reddit: Terraforming microservices in AWS",
                "text": "Hi guys, I have been struggling to wrap my head around how aws aligns its ecs services to be called in sequence. I am using ecs fargate instances...",
                "title": "Terraforming microservices in AWS",
                "title_link": "https:\/\/www.reddit.com\/r\/Terraform\/comments\/yp0ir5\/terraforming_microservices_in_aws\/",
                "service_name": "reddit"
            },
            {
                "from_url": "https:\/\/www.reddit.com\/user\/jaded_mundane",
                "service_icon": "http:\/\/www.redditstatic.com\/desktop2x\/img\/favicon\/apple-icon-57x57.png",
                "id": 2,
                "original_url": "https:\/\/www.reddit.com\/user\/jaded_mundane",
                "fallback": "overview for jaded_mundane",
                "text": "The u\/jaded_mundane community on Reddit. Reddit gives you the best of the internet in one place.",
                "title": "overview for jaded_mundane",
                "title_link": "https:\/\/www.reddit.com\/user\/jaded_mundane",
                "service_name": "reddit.com"
            }
        ],
        "edited": {
            "user": "BG3N7LG73",
            "ts": "1667855788.000000"
        }
    },
    {
        "type": "message",
        "subtype": "bot_message",
        "text": "<https:\/\/www.reddit.com\/r\/Terraform\/comments\/yp4p8f\/for_each_and_count\/|For_each and Count?>\nI need to loop through a json config basically for each vm type (web, db, etc. ) create the amount of servers that is stated in instances.  { \"vms\": { \"web\": { \"instances\": 5 }, \"db\": { \"instances\": 2 } } }  for_each var.vms works to state my type created, but now how can I also create the amount of vms that is defined by instances?    submitted by   <https:\/\/www.reddit.com\/user\/mofayew| \/u\/mofayew > \n&lt;a...",
        "ts": "1667864790.666609",
        "username": "Terraform",
        "icons": {
            "image_48": "https:\/\/s3-us-west-2.amazonaws.com\/slack-files2\/bot_icons\/2019-02-12\/548785199618_48.png"
        },
        "bot_id": "BG3N7LG73",
        "blocks": [
            {
                "type": "rich_text",
                "block_id": "lEO",
                "elements": [
                    {
                        "type": "rich_text_section",
                        "elements": [
                            {
                                "type": "link",
                                "url": "https:\/\/www.reddit.com\/r\/Terraform\/comments\/yp4p8f\/for_each_and_count\/",
                                "text": "For_each and Count?"
                            },
                            {
                                "type": "text",
                                "text": "\nI need to loop through a json config basically for each vm type (web, db, etc. ) create the amount of servers that is stated in instances.  { \"vms\": { \"web\": { \"instances\": 5 }, \"db\": { \"instances\": 2 } } }  for_each var.vms works to state my type created, but now how can I also create the amount of vms that is defined by instances?    submitted by   "
                            },
                            {
                                "type": "link",
                                "url": "https:\/\/www.reddit.com\/user\/mofayew",
                                "text": "\/u\/mofayew"
                            },
                            {
                                "type": "text",
                                "text": " \n<a..."
                            }
                        ]
                    }
                ]
            }
        ],
        "attachments": [
            {
                "from_url": "https:\/\/www.reddit.com\/r\/Terraform\/comments\/yp4p8f\/for_each_and_count\/",
                "thumb_url": "https:\/\/www.redditstatic.com\/new-icon.png",
                "thumb_width": 256,
                "thumb_height": 256,
                "service_icon": "http:\/\/www.redditstatic.com\/desktop2x\/img\/favicon\/apple-icon-57x57.png",
                "id": 1,
                "original_url": "https:\/\/www.reddit.com\/r\/Terraform\/comments\/yp4p8f\/for_each_and_count\/",
                "fallback": "reddit: For_each and Count?",
                "text": "I need to loop through a json config basically for each vm type (web, db, etc. ) create the amount of servers that is stated in instances. ...",
                "title": "For_each and Count?",
                "title_link": "https:\/\/www.reddit.com\/r\/Terraform\/comments\/yp4p8f\/for_each_and_count\/",
                "service_name": "reddit"
            },
            {
                "from_url": "https:\/\/www.reddit.com\/user\/mofayew",
                "service_icon": "http:\/\/www.redditstatic.com\/desktop2x\/img\/favicon\/apple-icon-57x57.png",
                "id": 2,
                "original_url": "https:\/\/www.reddit.com\/user\/mofayew",
                "fallback": "overview for mofayew",
                "text": "The u\/mofayew community on Reddit. Reddit gives you the best of the internet in one place.",
                "title": "overview for mofayew",
                "title_link": "https:\/\/www.reddit.com\/user\/mofayew",
                "service_name": "reddit.com"
            }
        ],
        "edited": {
            "user": "BG3N7LG73",
            "ts": "1667864790.000000"
        }
    }
]