[
    {
        "type": "message",
        "subtype": "bot_message",
        "text": "<https:\/\/www.reddit.com\/r\/Terraform\/comments\/ys5m5e\/when_adding_a_new_custom_scope_to_a_cognito_user\/|When adding a new custom scope to a Cognito user pool app client, Terraform wants to destroy all the other scopes before adding the new one>\nApologies if the title is a bit confusing.  Essentially, I am adding a new custom scope inside a Cognito user pool app client called (app\/post) in our production account, the plan comes up next to the resource as:   \"aws_cognito_user_pool_client\" will be updated in-place  Below this, it shows a red line against all the other custom scopes in the app client that will be removed and replaced with a \"known after apply\".  This is confusing to me all I am doing is adding a new custom scope to the...",
        "ts": "1668158791.703529",
        "username": "Terraform",
        "icons": {
            "image_48": "https:\/\/s3-us-west-2.amazonaws.com\/slack-files2\/bot_icons\/2019-02-12\/548785199618_48.png"
        },
        "bot_id": "BG3N7LG73",
        "blocks": [
            {
                "type": "rich_text",
                "block_id": "6b2lp",
                "elements": [
                    {
                        "type": "rich_text_section",
                        "elements": [
                            {
                                "type": "link",
                                "url": "https:\/\/www.reddit.com\/r\/Terraform\/comments\/ys5m5e\/when_adding_a_new_custom_scope_to_a_cognito_user\/",
                                "text": "When adding a new custom scope to a Cognito user pool app client, Terraform wants to destroy all the other scopes before adding the new one"
                            },
                            {
                                "type": "text",
                                "text": "\nApologies if the title is a bit confusing.  Essentially, I am adding a new custom scope inside a Cognito user pool app client called (app\/post) in our production account, the plan comes up next to the resource as:   \"aws_cognito_user_pool_client\" will be updated in-place  Below this, it shows a red line against all the other custom scopes in the app client that will be removed and replaced with a \"known after apply\".  This is confusing to me all I am doing is adding a new custom scope to the..."
                            }
                        ]
                    }
                ]
            }
        ],
        "attachments": [
            {
                "from_url": "https:\/\/www.reddit.com\/r\/Terraform\/comments\/ys5m5e\/when_adding_a_new_custom_scope_to_a_cognito_user\/",
                "thumb_url": "https:\/\/www.redditstatic.com\/new-icon.png",
                "thumb_width": 256,
                "thumb_height": 256,
                "service_icon": "http:\/\/www.redditstatic.com\/desktop2x\/img\/favicon\/apple-icon-57x57.png",
                "id": 1,
                "original_url": "https:\/\/www.reddit.com\/r\/Terraform\/comments\/ys5m5e\/when_adding_a_new_custom_scope_to_a_cognito_user\/",
                "fallback": "reddit: When adding a new custom scope to a Cognito user pool app client, Terraform wants to destroy all the other scopes before adding the new one",
                "text": "Apologies if the title is a bit confusing. Essentially, I am adding a new custom scope inside a Cognito user pool app client called (app\/post)...",
                "title": "When adding a new custom scope to a Cognito user pool app client, Terraform wants to destroy all the other scopes before adding the new one",
                "title_link": "https:\/\/www.reddit.com\/r\/Terraform\/comments\/ys5m5e\/when_adding_a_new_custom_scope_to_a_cognito_user\/",
                "service_name": "reddit"
            }
        ],
        "edited": {
            "user": "BG3N7LG73",
            "ts": "1668158791.000000"
        }
    },
    {
        "type": "message",
        "subtype": "bot_message",
        "text": "<https:\/\/www.reddit.com\/r\/Terraform\/comments\/ys9c3q\/convert_csv_column_into_a_list_or_should_i_use\/|Convert csv column into a list or should I use for_each?>\nHi, I'm new to terraform and I'm still trying to understand how it works. I have a CSV file with some columns, I need to get the values of the first column and insert into a resource as a simple list of values. CSV is like: name,value name1,value1 name2,value2 My code looks like: locals { instances = csvdecode(file(\"members.csv\")) } resource \"group\" \"name\" { name = \"group name\" description = \"a group of objects\" members = [ member1, member2,..., member_n ] } So I need members to be...",
        "ts": "1668170792.708569",
        "username": "Terraform",
        "icons": {
            "image_48": "https:\/\/s3-us-west-2.amazonaws.com\/slack-files2\/bot_icons\/2019-02-12\/548785199618_48.png"
        },
        "bot_id": "BG3N7LG73",
        "blocks": [
            {
                "type": "rich_text",
                "block_id": "z3MBQ",
                "elements": [
                    {
                        "type": "rich_text_section",
                        "elements": [
                            {
                                "type": "link",
                                "url": "https:\/\/www.reddit.com\/r\/Terraform\/comments\/ys9c3q\/convert_csv_column_into_a_list_or_should_i_use\/",
                                "text": "Convert csv column into a list or should I use for_each?"
                            },
                            {
                                "type": "text",
                                "text": "\nHi, I'm new to terraform and I'm still trying to understand how it works. I have a CSV file with some columns, I need to get the values of the first column and insert into a resource as a simple list of values. CSV is like: name,value name1,value1 name2,value2 My code looks like: locals { instances = csvdecode(file(\"members.csv\")) } resource \"group\" \"name\" { name = \"group name\" description = \"a group of objects\" members = [ member1, member2,..., member_n ] } So I need members to be..."
                            }
                        ]
                    }
                ]
            }
        ],
        "attachments": [
            {
                "from_url": "https:\/\/www.reddit.com\/r\/Terraform\/comments\/ys9c3q\/convert_csv_column_into_a_list_or_should_i_use\/",
                "thumb_url": "https:\/\/www.redditstatic.com\/new-icon.png",
                "thumb_width": 256,
                "thumb_height": 256,
                "service_icon": "http:\/\/www.redditstatic.com\/desktop2x\/img\/favicon\/apple-icon-57x57.png",
                "id": 1,
                "original_url": "https:\/\/www.reddit.com\/r\/Terraform\/comments\/ys9c3q\/convert_csv_column_into_a_list_or_should_i_use\/",
                "fallback": "reddit: Convert csv column into a list or should I use for_each?",
                "text": "Hi, I'm new to terraform and I'm still trying to understand how it works. I have a CSV file with some columns, I need to get the values of the...",
                "title": "Convert csv column into a list or should I use for_each?",
                "title_link": "https:\/\/www.reddit.com\/r\/Terraform\/comments\/ys9c3q\/convert_csv_column_into_a_list_or_should_i_use\/",
                "service_name": "reddit"
            }
        ],
        "edited": {
            "user": "BG3N7LG73",
            "ts": "1668170793.000000"
        }
    },
    {
        "type": "message",
        "subtype": "bot_message",
        "text": "<https:\/\/www.reddit.com\/r\/Terraform\/comments\/ysckab\/google_cloud_how_do_i_import_gcp_cloud_sql\/|Google Cloud - How do I import GCP cloud SQL certificates into Secret Manager using Terraform?>\nMy GCP cloud SQL has SSL enabled. With that, my client will require the server CA cert, client cert and key to connect to the database. The client is configured to retrieve the certs and key from Secret Manager. I am deploying my setup using Terraform. Once the SQL instance is created, it needs to output the certs and key so that I can create them in Secret Manager. However, Secret Manager only takes in string format but the output of the certs and keys are in list format. I am quite new to...",
        "ts": "1668179195.634759",
        "username": "Terraform",
        "icons": {
            "image_48": "https:\/\/s3-us-west-2.amazonaws.com\/slack-files2\/bot_icons\/2019-02-12\/548785199618_48.png"
        },
        "bot_id": "BG3N7LG73",
        "blocks": [
            {
                "type": "rich_text",
                "block_id": "iub=",
                "elements": [
                    {
                        "type": "rich_text_section",
                        "elements": [
                            {
                                "type": "link",
                                "url": "https:\/\/www.reddit.com\/r\/Terraform\/comments\/ysckab\/google_cloud_how_do_i_import_gcp_cloud_sql\/",
                                "text": "Google Cloud - How do I import GCP cloud SQL certificates into Secret Manager using Terraform?"
                            },
                            {
                                "type": "text",
                                "text": "\nMy GCP cloud SQL has SSL enabled. With that, my client will require the server CA cert, client cert and key to connect to the database. The client is configured to retrieve the certs and key from Secret Manager. I am deploying my setup using Terraform. Once the SQL instance is created, it needs to output the certs and key so that I can create them in Secret Manager. However, Secret Manager only takes in string format but the output of the certs and keys are in list format. I am quite new to..."
                            }
                        ]
                    }
                ]
            }
        ],
        "attachments": [
            {
                "from_url": "https:\/\/www.reddit.com\/r\/Terraform\/comments\/ysckab\/google_cloud_how_do_i_import_gcp_cloud_sql\/",
                "thumb_url": "https:\/\/www.redditstatic.com\/new-icon.png",
                "thumb_width": 256,
                "thumb_height": 256,
                "service_icon": "http:\/\/www.redditstatic.com\/desktop2x\/img\/favicon\/apple-icon-57x57.png",
                "id": 1,
                "original_url": "https:\/\/www.reddit.com\/r\/Terraform\/comments\/ysckab\/google_cloud_how_do_i_import_gcp_cloud_sql\/",
                "fallback": "reddit: Google Cloud - How do I import GCP cloud SQL certificates into Secret Manager using Terraform?",
                "text": "My GCP cloud SQL has SSL enabled. With that, my client will require the server CA cert, client cert and key to connect to the database. The client...",
                "title": "Google Cloud - How do I import GCP cloud SQL certificates into Secret Manager using Terraform?",
                "title_link": "https:\/\/www.reddit.com\/r\/Terraform\/comments\/ysckab\/google_cloud_how_do_i_import_gcp_cloud_sql\/",
                "service_name": "reddit"
            }
        ],
        "edited": {
            "user": "BG3N7LG73",
            "ts": "1668179195.000000"
        }
    },
    {
        "type": "message",
        "subtype": "bot_message",
        "text": "<https:\/\/www.reddit.com\/r\/Terraform\/comments\/yscmm7\/when_is_it_useful_or_needed_to_refer_to_a_module\/|When is it useful or needed to refer to a module, but not have it create any resources?>\nWhat is the intent of a whole module being conditionally created, depending on its var? For example, Route53 Records module creates resources conditionally on var.create <https:\/\/github.com\/terraform-aws-modules\/terraform-aws-route53\/blob\/1c52dc1cfa\/modules\/records\/main.tf#L11|here> and <https:\/\/github.com\/terraform-aws-modules\/terraform-aws-route53\/blob\/1c52dc1cfa\/modules\/records\/main.tf#L19|here>. In other words, when is it useful to not create\/use a module (in this...",
        "ts": "1668179195.723939",
        "username": "Terraform",
        "icons": {
            "image_48": "https:\/\/s3-us-west-2.amazonaws.com\/slack-files2\/bot_icons\/2019-02-12\/548785199618_48.png"
        },
        "bot_id": "BG3N7LG73",
        "blocks": [
            {
                "type": "rich_text",
                "block_id": "62U",
                "elements": [
                    {
                        "type": "rich_text_section",
                        "elements": [
                            {
                                "type": "link",
                                "url": "https:\/\/www.reddit.com\/r\/Terraform\/comments\/yscmm7\/when_is_it_useful_or_needed_to_refer_to_a_module\/",
                                "text": "When is it useful or needed to refer to a module, but not have it create any resources?"
                            },
                            {
                                "type": "text",
                                "text": "\nWhat is the intent of a whole module being conditionally created, depending on its var? For example, Route53 Records module creates resources conditionally on var.create "
                            },
                            {
                                "type": "link",
                                "url": "https:\/\/github.com\/terraform-aws-modules\/terraform-aws-route53\/blob\/1c52dc1cfa\/modules\/records\/main.tf#L11",
                                "text": "here"
                            },
                            {
                                "type": "text",
                                "text": " and "
                            },
                            {
                                "type": "link",
                                "url": "https:\/\/github.com\/terraform-aws-modules\/terraform-aws-route53\/blob\/1c52dc1cfa\/modules\/records\/main.tf#L19",
                                "text": "here"
                            },
                            {
                                "type": "text",
                                "text": ". In other words, when is it useful to not create\/use a module (in this..."
                            }
                        ]
                    }
                ]
            }
        ],
        "attachments": [
            {
                "from_url": "https:\/\/www.reddit.com\/r\/Terraform\/comments\/yscmm7\/when_is_it_useful_or_needed_to_refer_to_a_module\/",
                "thumb_url": "https:\/\/www.redditstatic.com\/new-icon.png",
                "thumb_width": 256,
                "thumb_height": 256,
                "service_icon": "http:\/\/www.redditstatic.com\/desktop2x\/img\/favicon\/apple-icon-57x57.png",
                "id": 1,
                "original_url": "https:\/\/www.reddit.com\/r\/Terraform\/comments\/yscmm7\/when_is_it_useful_or_needed_to_refer_to_a_module\/",
                "fallback": "reddit: When is it useful or needed to refer to a module, but not have it create any resources?",
                "text": "What is the intent of a whole module being conditionally created, depending on its `var`? For example, Route53 Records module creates resources...",
                "title": "When is it useful or needed to refer to a module, but not have it create any resources?",
                "title_link": "https:\/\/www.reddit.com\/r\/Terraform\/comments\/yscmm7\/when_is_it_useful_or_needed_to_refer_to_a_module\/",
                "service_name": "reddit"
            },
            {
                "from_url": "https:\/\/github.com\/terraform-aws-modules\/terraform-aws-route53\/blob\/1c52dc1cfa\/modules\/records\/main.tf#L11",
                "image_url": "https:\/\/opengraph.githubassets.com\/f0daceecb01e6bfa56df1c0d7558552e66f7261bed0f3e4b3eae9fe1c1441bef\/terraform-aws-modules\/terraform-aws-route53",
                "image_width": 500,
                "image_height": 250,
                "image_bytes": 65603,
                "service_icon": "https:\/\/a.slack-edge.com\/80588\/img\/unfurl_icons\/github.png",
                "id": 2,
                "original_url": "https:\/\/github.com\/terraform-aws-modules\/terraform-aws-route53\/blob\/1c52dc1cfa\/modules\/records\/main.tf#L11",
                "fallback": "GitHub: terraform-aws-route53\/main.tf at 1c52dc1cfa35f4b57f8418173e84360fe9e8b738 · terraform-aws-modules\/terraform-aws-route53",
                "text": "Terraform module which creates Route53 resources on AWS :flag-ua: - terraform-aws-route53\/main.tf at 1c52dc1cfa35f4b57f8418173e84360fe9e8b738 · terraform-aws-modules\/terraform-aws-route53",
                "title": "terraform-aws-route53\/main.tf at 1c52dc1cfa35f4b57f8418173e84360fe9e8b738 · terraform-aws-modules\/terraform-aws-route53",
                "title_link": "https:\/\/github.com\/terraform-aws-modules\/terraform-aws-route53\/blob\/1c52dc1cfa\/modules\/records\/main.tf#L11",
                "service_name": "GitHub"
            },
            {
                "from_url": "https:\/\/github.com\/terraform-aws-modules\/terraform-aws-route53\/blob\/1c52dc1cfa\/modules\/records\/main.tf#L19",
                "image_url": "https:\/\/opengraph.githubassets.com\/f0daceecb01e6bfa56df1c0d7558552e66f7261bed0f3e4b3eae9fe1c1441bef\/terraform-aws-modules\/terraform-aws-route53",
                "image_width": 500,
                "image_height": 250,
                "image_bytes": 65603,
                "service_icon": "https:\/\/a.slack-edge.com\/80588\/img\/unfurl_icons\/github.png",
                "id": 3,
                "original_url": "https:\/\/github.com\/terraform-aws-modules\/terraform-aws-route53\/blob\/1c52dc1cfa\/modules\/records\/main.tf#L19",
                "fallback": "GitHub: terraform-aws-route53\/main.tf at 1c52dc1cfa35f4b57f8418173e84360fe9e8b738 · terraform-aws-modules\/terraform-aws-route53",
                "text": "Terraform module which creates Route53 resources on AWS :flag-ua: - terraform-aws-route53\/main.tf at 1c52dc1cfa35f4b57f8418173e84360fe9e8b738 · terraform-aws-modules\/terraform-aws-route53",
                "title": "terraform-aws-route53\/main.tf at 1c52dc1cfa35f4b57f8418173e84360fe9e8b738 · terraform-aws-modules\/terraform-aws-route53",
                "title_link": "https:\/\/github.com\/terraform-aws-modules\/terraform-aws-route53\/blob\/1c52dc1cfa\/modules\/records\/main.tf#L19",
                "service_name": "GitHub"
            }
        ],
        "edited": {
            "user": "BG3N7LG73",
            "ts": "1668179196.000000"
        }
    },
    {
        "type": "message",
        "subtype": "bot_message",
        "text": "<https:\/\/www.reddit.com\/r\/Terraform\/comments\/yscnma\/how_to_write_a_variable_number_of_dns_names\/|How to write a variable number of DNS names within a resource?>\nvar.nodes = 3 Right now, I have a tls_cert_request with the following for DNS names:  resource \"tls_cert_request\" \"my-cert-request\" { ... dns_names = [ \"dns-root-0.node.internal\", \"dns-root-1.node.internal\", \"dns-root-2.node.internal\" ] }  My objective is to create a var.nodes number of dns names. (More generally, I want a variable number of strings in an array) Using Count to create a variable number of \"tls_cert_request\" with a single DNS Name is trivial with  resource \"tls_cert_request\"...",
        "ts": "1668179195.833349",
        "username": "Terraform",
        "icons": {
            "image_48": "https:\/\/s3-us-west-2.amazonaws.com\/slack-files2\/bot_icons\/2019-02-12\/548785199618_48.png"
        },
        "bot_id": "BG3N7LG73",
        "blocks": [
            {
                "type": "rich_text",
                "block_id": "KSj",
                "elements": [
                    {
                        "type": "rich_text_section",
                        "elements": [
                            {
                                "type": "link",
                                "url": "https:\/\/www.reddit.com\/r\/Terraform\/comments\/yscnma\/how_to_write_a_variable_number_of_dns_names\/",
                                "text": "How to write a variable number of DNS names within a resource?"
                            },
                            {
                                "type": "text",
                                "text": "\nvar.nodes = 3 Right now, I have a tls_cert_request with the following for DNS names:  resource \"tls_cert_request\" \"my-cert-request\" { ... dns_names = [ \"dns-root-0.node.internal\", \"dns-root-1.node.internal\", \"dns-root-2.node.internal\" ] }  My objective is to create a var.nodes number of dns names. (More generally, I want a variable number of strings in an array) Using Count to create a variable number of \"tls_cert_request\" with a single DNS Name is trivial with  resource \"tls_cert_request\"..."
                            }
                        ]
                    }
                ]
            }
        ],
        "attachments": [
            {
                "from_url": "https:\/\/www.reddit.com\/r\/Terraform\/comments\/yscnma\/how_to_write_a_variable_number_of_dns_names\/",
                "thumb_url": "https:\/\/www.redditstatic.com\/new-icon.png",
                "thumb_width": 256,
                "thumb_height": 256,
                "service_icon": "http:\/\/www.redditstatic.com\/desktop2x\/img\/favicon\/apple-icon-57x57.png",
                "id": 1,
                "original_url": "https:\/\/www.reddit.com\/r\/Terraform\/comments\/yscnma\/how_to_write_a_variable_number_of_dns_names\/",
                "fallback": "reddit: How to write a variable number of DNS names within a resource?",
                "text": "var.nodes = 3 Right now, I have a tls_cert_request with the following for DNS names: resource \"tls_cert_request\" \"my-cert-request\" { ...",
                "title": "How to write a variable number of DNS names within a resource?",
                "title_link": "https:\/\/www.reddit.com\/r\/Terraform\/comments\/yscnma\/how_to_write_a_variable_number_of_dns_names\/",
                "service_name": "reddit"
            }
        ],
        "edited": {
            "user": "BG3N7LG73",
            "ts": "1668179196.000000"
        }
    },
    {
        "type": "message",
        "subtype": "bot_message",
        "text": "<https:\/\/www.reddit.com\/r\/Terraform\/comments\/ysdmh6\/terraform_plan_always_changes_delegated_subnet\/|terraform plan always changes delegated subnet?>\nEvery time I run terraform plan, it says there are changes to be made to a delegated subnet. Is this normal? Terraform will perform the following actions: # azurerm_subnet.db will be updated in-place ~ resource \"azurerm_subnet\" \"db\" { id = \"\/subscriptions\/xxxxxxxxxxxxxx\/resourceGroups\/myrg\/providers\/Microsoft.Network\/virtualNetworks\/myvnet\/subnets\/mysubnet\" name = \"mysubnet\" # (9 unchanged attributes hidden) ~ delegation { name = \"postgres_delegation\" ~ service_delegation { ~ actions = [ -...",
        "ts": "1668180993.152199",
        "username": "Terraform",
        "icons": {
            "image_48": "https:\/\/s3-us-west-2.amazonaws.com\/slack-files2\/bot_icons\/2019-02-12\/548785199618_48.png"
        },
        "bot_id": "BG3N7LG73",
        "blocks": [
            {
                "type": "rich_text",
                "block_id": "EKMb",
                "elements": [
                    {
                        "type": "rich_text_section",
                        "elements": [
                            {
                                "type": "link",
                                "url": "https:\/\/www.reddit.com\/r\/Terraform\/comments\/ysdmh6\/terraform_plan_always_changes_delegated_subnet\/",
                                "text": "terraform plan always changes delegated subnet?"
                            },
                            {
                                "type": "text",
                                "text": "\nEvery time I run terraform plan, it says there are changes to be made to a delegated subnet. Is this normal? Terraform will perform the following actions: # azurerm_subnet.db will be updated in-place ~ resource \"azurerm_subnet\" \"db\" { id = \"\/subscriptions\/xxxxxxxxxxxxxx\/resourceGroups\/myrg\/providers\/Microsoft.Network\/virtualNetworks\/myvnet\/subnets\/mysubnet\" name = \"mysubnet\" # (9 unchanged attributes hidden) ~ delegation { name = \"postgres_delegation\" ~ service_delegation { ~ actions = [ -..."
                            }
                        ]
                    }
                ]
            }
        ],
        "attachments": [
            {
                "from_url": "https:\/\/www.reddit.com\/r\/Terraform\/comments\/ysdmh6\/terraform_plan_always_changes_delegated_subnet\/",
                "thumb_url": "https:\/\/www.redditstatic.com\/new-icon.png",
                "thumb_width": 256,
                "thumb_height": 256,
                "service_icon": "http:\/\/www.redditstatic.com\/desktop2x\/img\/favicon\/apple-icon-57x57.png",
                "id": 1,
                "original_url": "https:\/\/www.reddit.com\/r\/Terraform\/comments\/ysdmh6\/terraform_plan_always_changes_delegated_subnet\/",
                "fallback": "reddit: terraform plan always changes delegated subnet?",
                "text": "Every time I run terraform plan, it says there are changes to be made to a delegated subnet. Is this normal? Terraform will perform the...",
                "title": "terraform plan always changes delegated subnet?",
                "title_link": "https:\/\/www.reddit.com\/r\/Terraform\/comments\/ysdmh6\/terraform_plan_always_changes_delegated_subnet\/",
                "service_name": "reddit"
            }
        ],
        "edited": {
            "user": "BG3N7LG73",
            "ts": "1668180993.000000"
        }
    },
    {
        "type": "message",
        "subtype": "bot_message",
        "text": "<https:\/\/www.reddit.com\/r\/Terraform\/comments\/ysduhw\/oci_export_all_resource_to_terraform_modules\/|OCI: Export all resource to Terraform modules>\nDear engineers I would like to export the entire configuration of all my Compartments (VCN, DRG, IPsec, etc) from Oracle Cloud to Terraform modules. Is what I want to do possible?\n If the answer is no, what is the best alternative route?    submitted by   <https:\/\/www.reddit.com\/user\/Execuzione| \/u\/Execuzione > \n<https:\/\/www.reddit.com\/r\/Terraform\/comments\/ysduhw\/oci_export_all_resource_to_terraform_modules\/|[link]>   &lt;a...",
        "ts": "1668182191.079059",
        "username": "Terraform",
        "icons": {
            "image_48": "https:\/\/s3-us-west-2.amazonaws.com\/slack-files2\/bot_icons\/2019-02-12\/548785199618_48.png"
        },
        "bot_id": "BG3N7LG73",
        "blocks": [
            {
                "type": "rich_text",
                "block_id": "9mnxh",
                "elements": [
                    {
                        "type": "rich_text_section",
                        "elements": [
                            {
                                "type": "link",
                                "url": "https:\/\/www.reddit.com\/r\/Terraform\/comments\/ysduhw\/oci_export_all_resource_to_terraform_modules\/",
                                "text": "OCI: Export all resource to Terraform modules"
                            },
                            {
                                "type": "text",
                                "text": "\nDear engineers I would like to export the entire configuration of all my Compartments (VCN, DRG, IPsec, etc) from Oracle Cloud to Terraform modules. Is what I want to do possible?\n If the answer is no, what is the best alternative route?    submitted by   "
                            },
                            {
                                "type": "link",
                                "url": "https:\/\/www.reddit.com\/user\/Execuzione",
                                "text": "\/u\/Execuzione"
                            },
                            {
                                "type": "text",
                                "text": " \n"
                            },
                            {
                                "type": "link",
                                "url": "https:\/\/www.reddit.com\/r\/Terraform\/comments\/ysduhw\/oci_export_all_resource_to_terraform_modules\/",
                                "text": "[link]"
                            },
                            {
                                "type": "text",
                                "text": "   <a..."
                            }
                        ]
                    }
                ]
            }
        ],
        "attachments": [
            {
                "from_url": "https:\/\/www.reddit.com\/r\/Terraform\/comments\/ysduhw\/oci_export_all_resource_to_terraform_modules\/",
                "thumb_url": "https:\/\/www.redditstatic.com\/new-icon.png",
                "thumb_width": 256,
                "thumb_height": 256,
                "service_icon": "http:\/\/www.redditstatic.com\/desktop2x\/img\/favicon\/apple-icon-57x57.png",
                "id": 1,
                "original_url": "https:\/\/www.reddit.com\/r\/Terraform\/comments\/ysduhw\/oci_export_all_resource_to_terraform_modules\/",
                "fallback": "reddit: OCI: Export all resource to Terraform modules",
                "text": "Dear engineers I would like to export the entire configuration of all my Compartments (VCN, DRG, IPsec, etc) from Oracle Cloud to Terraform...",
                "title": "OCI: Export all resource to Terraform modules",
                "title_link": "https:\/\/www.reddit.com\/r\/Terraform\/comments\/ysduhw\/oci_export_all_resource_to_terraform_modules\/",
                "service_name": "reddit"
            },
            {
                "from_url": "https:\/\/www.reddit.com\/user\/Execuzione",
                "service_icon": "http:\/\/www.redditstatic.com\/desktop2x\/img\/favicon\/apple-icon-57x57.png",
                "id": 2,
                "original_url": "https:\/\/www.reddit.com\/user\/Execuzione",
                "fallback": "overview for Execuzione",
                "text": "The u\/Execuzione community on Reddit. Reddit gives you the best of the internet in one place.",
                "title": "overview for Execuzione",
                "title_link": "https:\/\/www.reddit.com\/user\/Execuzione",
                "service_name": "reddit.com"
            }
        ],
        "edited": {
            "user": "BG3N7LG73",
            "ts": "1668182191.000000"
        }
    },
    {
        "type": "message",
        "subtype": "bot_message",
        "text": "<https:\/\/www.reddit.com\/r\/Terraform\/comments\/ysiv8p\/terraform_associate_certification\/|Terraform Associate Certification>\nI am looking to get basic knowledge about terraform and consider getting the <https:\/\/www.hashicorp.com\/certification\/terraform-associate|https:\/\/www.hashicorp.com\/certification\/terraform-associate> certificate. What was your experience getting it? What would be a suggested timeline to get it? Couple of days? Weeks?    submitted by   <https:\/\/www.reddit.com\/user\/prrxddq| \/u\/prrxddq > \n&lt;a...",
        "ts": "1668191793.029659",
        "username": "Terraform",
        "icons": {
            "image_48": "https:\/\/s3-us-west-2.amazonaws.com\/slack-files2\/bot_icons\/2019-02-12\/548785199618_48.png"
        },
        "bot_id": "BG3N7LG73",
        "blocks": [
            {
                "type": "rich_text",
                "block_id": "LwCs",
                "elements": [
                    {
                        "type": "rich_text_section",
                        "elements": [
                            {
                                "type": "link",
                                "url": "https:\/\/www.reddit.com\/r\/Terraform\/comments\/ysiv8p\/terraform_associate_certification\/",
                                "text": "Terraform Associate Certification"
                            },
                            {
                                "type": "text",
                                "text": "\nI am looking to get basic knowledge about terraform and consider getting the "
                            },
                            {
                                "type": "link",
                                "url": "https:\/\/www.hashicorp.com\/certification\/terraform-associate"
                            },
                            {
                                "type": "text",
                                "text": " certificate. What was your experience getting it? What would be a suggested timeline to get it? Couple of days? Weeks?    submitted by   "
                            },
                            {
                                "type": "link",
                                "url": "https:\/\/www.reddit.com\/user\/prrxddq",
                                "text": "\/u\/prrxddq"
                            },
                            {
                                "type": "text",
                                "text": " \n<a..."
                            }
                        ]
                    }
                ]
            }
        ],
        "attachments": [
            {
                "from_url": "https:\/\/www.reddit.com\/r\/Terraform\/comments\/ysiv8p\/terraform_associate_certification\/",
                "thumb_url": "https:\/\/www.redditstatic.com\/new-icon.png",
                "thumb_width": 256,
                "thumb_height": 256,
                "service_icon": "http:\/\/www.redditstatic.com\/desktop2x\/img\/favicon\/apple-icon-57x57.png",
                "id": 1,
                "original_url": "https:\/\/www.reddit.com\/r\/Terraform\/comments\/ysiv8p\/terraform_associate_certification\/",
                "fallback": "reddit: Terraform Associate Certification",
                "text": "I am looking to get basic knowledge about terraform and consider getting...",
                "title": "Terraform Associate Certification",
                "title_link": "https:\/\/www.reddit.com\/r\/Terraform\/comments\/ysiv8p\/terraform_associate_certification\/",
                "service_name": "reddit"
            },
            {
                "from_url": "https:\/\/www.hashicorp.com\/certification\/terraform-associate",
                "image_url": "https:\/\/www.datocms-assets.com\/2885\/1645553469-hcta0-badge.png?auto=format&fit=max&w=1200",
                "image_width": 250,
                "image_height": 250,
                "image_bytes": 94760,
                "id": 2,
                "original_url": "https:\/\/www.hashicorp.com\/certification\/terraform-associate",
                "fallback": "HashiCorp: Infrastructure enables innovation: HashiCorp Cloud Engineer Certification - Terraform Associate",
                "text": "Cloud engineers can use the Terraform Associate exam from HashiCorp to verify their basic infrastructure automation skills.",
                "title": "HashiCorp Cloud Engineer Certification - Terraform Associate",
                "title_link": "https:\/\/www.hashicorp.com\/certification\/terraform-associate",
                "service_name": "HashiCorp: Infrastructure enables innovation"
            },
            {
                "from_url": "https:\/\/www.reddit.com\/user\/prrxddq",
                "service_icon": "http:\/\/www.redditstatic.com\/desktop2x\/img\/favicon\/apple-icon-57x57.png",
                "id": 3,
                "original_url": "https:\/\/www.reddit.com\/user\/prrxddq",
                "fallback": "overview for prrxddq",
                "text": "The u\/prrxddq community on Reddit. Reddit gives you the best of the internet in one place.",
                "title": "overview for prrxddq",
                "title_link": "https:\/\/www.reddit.com\/user\/prrxddq",
                "service_name": "reddit.com"
            }
        ],
        "edited": {
            "user": "BG3N7LG73",
            "ts": "1668191794.000000"
        }
    },
    {
        "type": "message",
        "subtype": "bot_message",
        "text": "<https:\/\/www.reddit.com\/r\/Terraform\/comments\/ysjsmh\/get_value_of_string_based_on_date\/|Get value of string based on date?>\nHello all! On the 20th of every month we release a new image and the naming format is YYYYMMDD I was trying to set the image name to be something like if it isn't the 20th, use last months image, if it's not, use the current image. I currently use this, but that means I only run it when it's past the 20th. Otherwise I have to change it up to specify the previous image.  data \"google_compute_image\" \"default\" { name \"image-name-${formatdate(\"YYYYMMDD\")}\" project = var.project }  So if it's past...",
        "ts": "1668194188.610209",
        "username": "Terraform",
        "icons": {
            "image_48": "https:\/\/s3-us-west-2.amazonaws.com\/slack-files2\/bot_icons\/2019-02-12\/548785199618_48.png"
        },
        "bot_id": "BG3N7LG73",
        "blocks": [
            {
                "type": "rich_text",
                "block_id": "x6DI",
                "elements": [
                    {
                        "type": "rich_text_section",
                        "elements": [
                            {
                                "type": "link",
                                "url": "https:\/\/www.reddit.com\/r\/Terraform\/comments\/ysjsmh\/get_value_of_string_based_on_date\/",
                                "text": "Get value of string based on date?"
                            },
                            {
                                "type": "text",
                                "text": "\nHello all! On the 20th of every month we release a new image and the naming format is YYYYMMDD I was trying to set the image name to be something like if it isn't the 20th, use last months image, if it's not, use the current image. I currently use this, but that means I only run it when it's past the 20th. Otherwise I have to change it up to specify the previous image.  data \"google_compute_image\" \"default\" { name \"image-name-${formatdate(\"YYYYMMDD\")}\" project = var.project }  So if it's past..."
                            }
                        ]
                    }
                ]
            }
        ],
        "attachments": [
            {
                "from_url": "https:\/\/www.reddit.com\/r\/Terraform\/comments\/ysjsmh\/get_value_of_string_based_on_date\/",
                "thumb_url": "https:\/\/www.redditstatic.com\/new-icon.png",
                "thumb_width": 256,
                "thumb_height": 256,
                "service_icon": "http:\/\/www.redditstatic.com\/desktop2x\/img\/favicon\/apple-icon-57x57.png",
                "id": 1,
                "original_url": "https:\/\/www.reddit.com\/r\/Terraform\/comments\/ysjsmh\/get_value_of_string_based_on_date\/",
                "fallback": "reddit: Get value of string based on date?",
                "text": "Hello all! On the 20th of every month we release a new image and the naming format is YYYYMMDD I was trying to set the image name to be...",
                "title": "Get value of string based on date?",
                "title_link": "https:\/\/www.reddit.com\/r\/Terraform\/comments\/ysjsmh\/get_value_of_string_based_on_date\/",
                "service_name": "reddit"
            }
        ],
        "edited": {
            "user": "BG3N7LG73",
            "ts": "1668194189.000000"
        }
    }
]