[
    {
        "type": "message",
        "subtype": "bot_message",
        "text": "<https:\/\/www.reddit.com\/r\/Terraform\/comments\/z2n4z4\/cloudfront_distribution_for_s3\/|Cloudfront distribution for s3>\nwhat resource\/policy do i need to add to access my s3 bucket ? <https:\/\/preview.redd.it\/5vb7q39qvo1a1.png?width=1204&amp;format=png&amp;auto=webp&amp;s=48cddf06ab8b9dc2ab0dc70d1fea07cbd8b4c6b1|https:\/\/preview.redd.it\/5vb7q39qvo1a1.png?width=1204&format=png&auto=webp&s=48cddf06ab8b9dc2ab0dc70d1fea07cbd8b4c6b1>    submitted by   <https:\/\/www.reddit.com\/user\/Carter_009| \/u\/Carter_009 > \n&lt;a...",
        "ts": "1669204587.258039",
        "username": "Terraform",
        "icons": {
            "image_48": "https:\/\/s3-us-west-2.amazonaws.com\/slack-files2\/bot_icons\/2019-02-12\/548785199618_48.png"
        },
        "bot_id": "BG3N7LG73",
        "blocks": [
            {
                "type": "rich_text",
                "block_id": "n5ce",
                "elements": [
                    {
                        "type": "rich_text_section",
                        "elements": [
                            {
                                "type": "link",
                                "url": "https:\/\/www.reddit.com\/r\/Terraform\/comments\/z2n4z4\/cloudfront_distribution_for_s3\/",
                                "text": "Cloudfront distribution for s3"
                            },
                            {
                                "type": "text",
                                "text": "\nwhat resource\/policy do i need to add to access my s3 bucket ? "
                            },
                            {
                                "type": "link",
                                "url": "https:\/\/preview.redd.it\/5vb7q39qvo1a1.png?width=1204&amp;format=png&amp;auto=webp&amp;s=48cddf06ab8b9dc2ab0dc70d1fea07cbd8b4c6b1",
                                "text": "https:\/\/preview.redd.it\/5vb7q39qvo1a1.png?width=1204&format=png&auto=webp&s=48cddf06ab8b9dc2ab0dc70d1fea07cbd8b4c6b1"
                            },
                            {
                                "type": "text",
                                "text": "    submitted by   "
                            },
                            {
                                "type": "link",
                                "url": "https:\/\/www.reddit.com\/user\/Carter_009",
                                "text": "\/u\/Carter_009"
                            },
                            {
                                "type": "text",
                                "text": " \n<a..."
                            }
                        ]
                    }
                ]
            }
        ],
        "attachments": [
            {
                "from_url": "https:\/\/www.reddit.com\/r\/Terraform\/comments\/z2n4z4\/cloudfront_distribution_for_s3\/",
                "thumb_url": "https:\/\/external-preview.redd.it\/5vb7q39qvo1a1.png?overlay-align=bottom,left&crop=1200:270,smart&overlay-height=15p&overlay=%2Fwatermark%2Ft5_2u8e4.png%3Fs%3Dbfb326ca8735739e33a60abaf9a7c73bcb4a2134&width=1200&height=270&auto=webp&s=d95bb5d18687627eb1bdaf2e6f339fdc5f62fe42",
                "thumb_width": 130,
                "thumb_height": 60,
                "service_icon": "http:\/\/www.redditstatic.com\/desktop2x\/img\/favicon\/apple-icon-57x57.png",
                "id": 1,
                "original_url": "https:\/\/www.reddit.com\/r\/Terraform\/comments\/z2n4z4\/cloudfront_distribution_for_s3\/",
                "fallback": "reddit: Cloudfront distribution for s3",
                "text": "Posted in r\/Terraform by u\/Carter_009 • 1 point and 0 comments",
                "title": "Cloudfront distribution for s3",
                "title_link": "https:\/\/www.reddit.com\/r\/Terraform\/comments\/z2n4z4\/cloudfront_distribution_for_s3\/",
                "service_name": "reddit"
            },
            {
                "from_url": "https:\/\/preview.redd.it\/5vb7q39qvo1a1.png?width=1204&format=png&auto=webp&s=48cddf06ab8b9dc2ab0dc70d1fea07cbd8b4c6b1",
                "image_url": "https:\/\/preview.redd.it\/5vb7q39qvo1a1.png?width=1204&format=png&auto=webp&s=48cddf06ab8b9dc2ab0dc70d1fea07cbd8b4c6b1",
                "image_width": 1204,
                "image_height": 270,
                "image_bytes": 49399,
                "id": 2,
                "original_url": "https:\/\/preview.redd.it\/5vb7q39qvo1a1.png?width=1204&amp;format=png&amp;auto=webp&amp;s=48cddf06ab8b9dc2ab0dc70d1fea07cbd8b4c6b1",
                "fallback": "1204x270px image"
            },
            {
                "from_url": "https:\/\/www.reddit.com\/user\/Carter_009",
                "service_icon": "http:\/\/www.redditstatic.com\/desktop2x\/img\/favicon\/apple-icon-57x57.png",
                "id": 3,
                "original_url": "https:\/\/www.reddit.com\/user\/Carter_009",
                "fallback": "overview for Carter_009",
                "text": "The u\/Carter_009 community on Reddit. Reddit gives you the best of the internet in one place.",
                "title": "overview for Carter_009",
                "title_link": "https:\/\/www.reddit.com\/user\/Carter_009",
                "service_name": "reddit.com"
            }
        ],
        "edited": {
            "user": "BG3N7LG73",
            "ts": "1669204587.000000"
        }
    },
    {
        "type": "message",
        "subtype": "bot_message",
        "text": "<https:\/\/www.reddit.com\/r\/Terraform\/comments\/z2oync\/terraform_cloud_is_there_a_settings_file\/|Terraform cloud - is there a settings file?>\nHi, I am looking to migrate our s3 backed terraform to terraform cloud. With the removal of traditional workspaces we are going to have 100+ cloud workspaces. I am struggling to see how to manage these 100 workspaces in a VCS driven workflow.  ​ It seems like I need to manually click through the gui 100 times and then correctly configure each workflow to point each workspace to our mongo repo, set the correct working dir, triggers etc. ​ Am I missing something obvious or is this going to be a...",
        "ts": "1669210588.827629",
        "username": "Terraform",
        "icons": {
            "image_48": "https:\/\/s3-us-west-2.amazonaws.com\/slack-files2\/bot_icons\/2019-02-12\/548785199618_48.png"
        },
        "bot_id": "BG3N7LG73",
        "blocks": [
            {
                "type": "rich_text",
                "block_id": "EFX",
                "elements": [
                    {
                        "type": "rich_text_section",
                        "elements": [
                            {
                                "type": "link",
                                "url": "https:\/\/www.reddit.com\/r\/Terraform\/comments\/z2oync\/terraform_cloud_is_there_a_settings_file\/",
                                "text": "Terraform cloud - is there a settings file?"
                            },
                            {
                                "type": "text",
                                "text": "\nHi, I am looking to migrate our s3 backed terraform to terraform cloud. With the removal of traditional workspaces we are going to have 100+ cloud workspaces. I am struggling to see how to manage these 100 workspaces in a VCS driven workflow.  ​ It seems like I need to manually click through the gui 100 times and then correctly configure each workflow to point each workspace to our mongo repo, set the correct working dir, triggers etc. ​ Am I missing something obvious or is this going to be a..."
                            }
                        ]
                    }
                ]
            }
        ],
        "attachments": [
            {
                "from_url": "https:\/\/www.reddit.com\/r\/Terraform\/comments\/z2oync\/terraform_cloud_is_there_a_settings_file\/",
                "thumb_url": "https:\/\/www.redditstatic.com\/new-icon.png",
                "thumb_width": 256,
                "thumb_height": 256,
                "service_icon": "http:\/\/www.redditstatic.com\/desktop2x\/img\/favicon\/apple-icon-57x57.png",
                "id": 1,
                "original_url": "https:\/\/www.reddit.com\/r\/Terraform\/comments\/z2oync\/terraform_cloud_is_there_a_settings_file\/",
                "fallback": "reddit: Terraform cloud - is there a settings file?",
                "text": "Hi, I am looking to migrate our s3 backed terraform to terraform cloud. With the removal of traditional workspaces we are going to have 100+...",
                "title": "Terraform cloud - is there a settings file?",
                "title_link": "https:\/\/www.reddit.com\/r\/Terraform\/comments\/z2oync\/terraform_cloud_is_there_a_settings_file\/",
                "service_name": "reddit"
            }
        ],
        "edited": {
            "user": "BG3N7LG73",
            "ts": "1669210589.000000"
        }
    },
    {
        "type": "message",
        "subtype": "bot_message",
        "text": "<https:\/\/www.reddit.com\/r\/Terraform\/comments\/z2tg97\/atlantis_hashicorp_vault_provider\/|Atlantis + HashiCorp Vault provider>\nHi guys! My team is slowly incorporating Atlantis. We do use HashiCorp Vault and corresponding provider for some of our Terraform configuration.  The questions is: how do you support both AWS IAM authentication (used by Atlantis running in ECS) in the Vault's provider configuration and at the same time allow for supplying Vault token directly (we want to have an opportunity to execute Terraform code locally for SRE team) ?  I've managed to partially make it work like this: provider \"vault\" {...",
        "ts": "1669221390.430009",
        "username": "Terraform",
        "icons": {
            "image_48": "https:\/\/s3-us-west-2.amazonaws.com\/slack-files2\/bot_icons\/2019-02-12\/548785199618_48.png"
        },
        "bot_id": "BG3N7LG73",
        "blocks": [
            {
                "type": "rich_text",
                "block_id": "2mx7",
                "elements": [
                    {
                        "type": "rich_text_section",
                        "elements": [
                            {
                                "type": "link",
                                "url": "https:\/\/www.reddit.com\/r\/Terraform\/comments\/z2tg97\/atlantis_hashicorp_vault_provider\/",
                                "text": "Atlantis + HashiCorp Vault provider"
                            },
                            {
                                "type": "text",
                                "text": "\nHi guys! My team is slowly incorporating Atlantis. We do use HashiCorp Vault and corresponding provider for some of our Terraform configuration.  The questions is: how do you support both AWS IAM authentication (used by Atlantis running in ECS) in the Vault's provider configuration and at the same time allow for supplying Vault token directly (we want to have an opportunity to execute Terraform code locally for SRE team) ?  I've managed to partially make it work like this: provider \"vault\" {..."
                            }
                        ]
                    }
                ]
            }
        ],
        "attachments": [
            {
                "from_url": "https:\/\/www.reddit.com\/r\/Terraform\/comments\/z2tg97\/atlantis_hashicorp_vault_provider\/",
                "thumb_url": "https:\/\/www.redditstatic.com\/new-icon.png",
                "thumb_width": 256,
                "thumb_height": 256,
                "service_icon": "http:\/\/www.redditstatic.com\/desktop2x\/img\/favicon\/apple-icon-57x57.png",
                "id": 1,
                "original_url": "https:\/\/www.reddit.com\/r\/Terraform\/comments\/z2tg97\/atlantis_hashicorp_vault_provider\/",
                "fallback": "reddit: Atlantis + HashiCorp Vault provider",
                "text": "Hi guys! My team is slowly incorporating Atlantis. We do use HashiCorp Vault and corresponding provider for some of our Terraform configuration....",
                "title": "Atlantis + HashiCorp Vault provider",
                "title_link": "https:\/\/www.reddit.com\/r\/Terraform\/comments\/z2tg97\/atlantis_hashicorp_vault_provider\/",
                "service_name": "reddit"
            }
        ],
        "edited": {
            "user": "BG3N7LG73",
            "ts": "1669221390.000000"
        }
    },
    {
        "type": "message",
        "subtype": "bot_message",
        "text": "<https:\/\/www.reddit.com\/r\/Terraform\/comments\/z2u97x\/three_conditionals_in_terraform_usually_the\/|Three conditionals in terraform. Usually the conditions are like a == a ? 1 : 2. What if you have 3 rd option. How can I add this third elseif?>\nsubmitted by   <https:\/\/www.reddit.com\/user\/cerocool20| \/u\/cerocool20 > \n<https:\/\/www.reddit.com\/r\/Terraform\/comments\/z2u97x\/three_conditionals_in_terraform_usually_the\/|[link]>   <https:\/\/www.reddit.com\/r\/Terraform\/comments\/z2u97x\/three_conditionals_in_terraform_usually_the\/|[comments]>",
        "ts": "1669223190.621509",
        "username": "Terraform",
        "icons": {
            "image_48": "https:\/\/s3-us-west-2.amazonaws.com\/slack-files2\/bot_icons\/2019-02-12\/548785199618_48.png"
        },
        "bot_id": "BG3N7LG73",
        "blocks": [
            {
                "type": "rich_text",
                "block_id": "DCGIP",
                "elements": [
                    {
                        "type": "rich_text_section",
                        "elements": [
                            {
                                "type": "link",
                                "url": "https:\/\/www.reddit.com\/r\/Terraform\/comments\/z2u97x\/three_conditionals_in_terraform_usually_the\/",
                                "text": "Three conditionals in terraform. Usually the conditions are like a == a ? 1 : 2. What if you have 3 rd option. How can I add this third elseif?"
                            },
                            {
                                "type": "text",
                                "text": "\nsubmitted by   "
                            },
                            {
                                "type": "link",
                                "url": "https:\/\/www.reddit.com\/user\/cerocool20",
                                "text": "\/u\/cerocool20"
                            },
                            {
                                "type": "text",
                                "text": " \n"
                            },
                            {
                                "type": "link",
                                "url": "https:\/\/www.reddit.com\/r\/Terraform\/comments\/z2u97x\/three_conditionals_in_terraform_usually_the\/",
                                "text": "[link]"
                            },
                            {
                                "type": "text",
                                "text": "   "
                            },
                            {
                                "type": "link",
                                "url": "https:\/\/www.reddit.com\/r\/Terraform\/comments\/z2u97x\/three_conditionals_in_terraform_usually_the\/",
                                "text": "[comments]"
                            }
                        ]
                    }
                ]
            }
        ],
        "attachments": [
            {
                "from_url": "https:\/\/www.reddit.com\/r\/Terraform\/comments\/z2u97x\/three_conditionals_in_terraform_usually_the\/",
                "thumb_url": "https:\/\/www.redditstatic.com\/new-icon.png",
                "thumb_width": 256,
                "thumb_height": 256,
                "service_icon": "http:\/\/www.redditstatic.com\/desktop2x\/img\/favicon\/apple-icon-57x57.png",
                "id": 1,
                "original_url": "https:\/\/www.reddit.com\/r\/Terraform\/comments\/z2u97x\/three_conditionals_in_terraform_usually_the\/",
                "fallback": "reddit: Three conditionals in terraform. Usually the conditions are like a == a ? 1 : 2. What if you have 3 rd option. How can I add this third elseif?",
                "text": "Posted in r\/Terraform by u\/cerocool20 • 1 point and 0 comments",
                "title": "Three conditionals in terraform. Usually the conditions are like a == a ? 1 : 2. What if you have 3 rd option. How can I add this third elseif?",
                "title_link": "https:\/\/www.reddit.com\/r\/Terraform\/comments\/z2u97x\/three_conditionals_in_terraform_usually_the\/",
                "service_name": "reddit"
            },
            {
                "from_url": "https:\/\/www.reddit.com\/user\/cerocool20",
                "service_icon": "http:\/\/www.redditstatic.com\/desktop2x\/img\/favicon\/apple-icon-57x57.png",
                "id": 2,
                "original_url": "https:\/\/www.reddit.com\/user\/cerocool20",
                "fallback": "overview for cerocool20",
                "text": "The u\/cerocool20 community on Reddit. Reddit gives you the best of the internet in one place.",
                "title": "overview for cerocool20",
                "title_link": "https:\/\/www.reddit.com\/user\/cerocool20",
                "service_name": "reddit.com"
            }
        ],
        "edited": {
            "user": "BG3N7LG73",
            "ts": "1669223190.000000"
        }
    },
    {
        "type": "message",
        "subtype": "bot_message",
        "text": "<https:\/\/www.reddit.com\/r\/Terraform\/comments\/z2wkjn\/create_n_number_of_target_groups_for_an\/|Create n number of target groups for an application load balancer with single block in terraform>\nI have an ALB &amp; want to create N number of target groups for this ALB using terraform. All the target groups have (different) their own specific configuration like ports, healthcheck etc. I want to create this N number of target groups with a single block of 'aws_lb_target_group'. Creating two Target groups using individual blocks  resource \"aws_lb_target_group\" \"alb_tg1\" { name = \"tg1\" port = 8080 protocol = \"HTTP\" target_type = local.target_type vpc_id = <http:\/\/local.xxx|local.xxx> health_check {...",
        "ts": "1669228589.872759",
        "username": "Terraform",
        "icons": {
            "image_48": "https:\/\/s3-us-west-2.amazonaws.com\/slack-files2\/bot_icons\/2019-02-12\/548785199618_48.png"
        },
        "bot_id": "BG3N7LG73",
        "blocks": [
            {
                "type": "rich_text",
                "block_id": "mAASM",
                "elements": [
                    {
                        "type": "rich_text_section",
                        "elements": [
                            {
                                "type": "link",
                                "url": "https:\/\/www.reddit.com\/r\/Terraform\/comments\/z2wkjn\/create_n_number_of_target_groups_for_an\/",
                                "text": "Create n number of target groups for an application load balancer with single block in terraform"
                            },
                            {
                                "type": "text",
                                "text": "\nI have an ALB & want to create N number of target groups for this ALB using terraform. All the target groups have (different) their own specific configuration like ports, healthcheck etc. I want to create this N number of target groups with a single block of 'aws_lb_target_group'. Creating two Target groups using individual blocks  resource \"aws_lb_target_group\" \"alb_tg1\" { name = \"tg1\" port = 8080 protocol = \"HTTP\" target_type = local.target_type vpc_id = "
                            },
                            {
                                "type": "link",
                                "url": "http:\/\/local.xxx",
                                "text": "local.xxx"
                            },
                            {
                                "type": "text",
                                "text": " health_check {..."
                            }
                        ]
                    }
                ]
            }
        ],
        "attachments": [
            {
                "from_url": "https:\/\/www.reddit.com\/r\/Terraform\/comments\/z2wkjn\/create_n_number_of_target_groups_for_an\/",
                "thumb_url": "https:\/\/www.redditstatic.com\/new-icon.png",
                "thumb_width": 256,
                "thumb_height": 256,
                "service_icon": "http:\/\/www.redditstatic.com\/desktop2x\/img\/favicon\/apple-icon-57x57.png",
                "id": 1,
                "original_url": "https:\/\/www.reddit.com\/r\/Terraform\/comments\/z2wkjn\/create_n_number_of_target_groups_for_an\/",
                "fallback": "reddit: Create n number of target groups for an application load balancer with single block in terraform",
                "text": "I have an ALB &amp; want to create N number of target groups for this ALB using terraform. All the target groups have (different) their own specific...",
                "title": "Create n number of target groups for an application load balancer with single block in terraform",
                "title_link": "https:\/\/www.reddit.com\/r\/Terraform\/comments\/z2wkjn\/create_n_number_of_target_groups_for_an\/",
                "service_name": "reddit"
            }
        ],
        "edited": {
            "user": "BG3N7LG73",
            "ts": "1669228590.000000"
        }
    },
    {
        "type": "message",
        "subtype": "bot_message",
        "text": "<https:\/\/www.reddit.com\/r\/Terraform\/comments\/z2wxvg\/decoupling_terraform_ecs_task_definition_and\/|Decoupling terraform ecs task definition and deployments>\nWe use terraform to create our ECS task definition which specifies the image tag to run, other containers, environment variables, etc. We use <https:\/\/github.com\/fabfuel\/ecs-deploy|ecs-deploy> to deploy a new image version to the ECS service. It does it by creating a new ECS task definition with the updated image url and deploying that. Meanwhile, the image tag in the TF ECS task definition gets stale\/out of date. So whenever we run terraform plan it tries to revert back to the...",
        "ts": "1669229191.427159",
        "username": "Terraform",
        "icons": {
            "image_48": "https:\/\/s3-us-west-2.amazonaws.com\/slack-files2\/bot_icons\/2019-02-12\/548785199618_48.png"
        },
        "bot_id": "BG3N7LG73",
        "blocks": [
            {
                "type": "rich_text",
                "block_id": "xIV",
                "elements": [
                    {
                        "type": "rich_text_section",
                        "elements": [
                            {
                                "type": "link",
                                "url": "https:\/\/www.reddit.com\/r\/Terraform\/comments\/z2wxvg\/decoupling_terraform_ecs_task_definition_and\/",
                                "text": "Decoupling terraform ecs task definition and deployments"
                            },
                            {
                                "type": "text",
                                "text": "\nWe use terraform to create our ECS task definition which specifies the image tag to run, other containers, environment variables, etc. We use "
                            },
                            {
                                "type": "link",
                                "url": "https:\/\/github.com\/fabfuel\/ecs-deploy",
                                "text": "ecs-deploy"
                            },
                            {
                                "type": "text",
                                "text": " to deploy a new image version to the ECS service. It does it by creating a new ECS task definition with the updated image url and deploying that. Meanwhile, the image tag in the TF ECS task definition gets stale\/out of date. So whenever we run terraform plan it tries to revert back to the..."
                            }
                        ]
                    }
                ]
            }
        ],
        "attachments": [
            {
                "from_url": "https:\/\/www.reddit.com\/r\/Terraform\/comments\/z2wxvg\/decoupling_terraform_ecs_task_definition_and\/",
                "thumb_url": "https:\/\/www.redditstatic.com\/new-icon.png",
                "thumb_width": 256,
                "thumb_height": 256,
                "service_icon": "http:\/\/www.redditstatic.com\/desktop2x\/img\/favicon\/apple-icon-57x57.png",
                "id": 1,
                "original_url": "https:\/\/www.reddit.com\/r\/Terraform\/comments\/z2wxvg\/decoupling_terraform_ecs_task_definition_and\/",
                "fallback": "reddit: Decoupling terraform ecs task definition and deployments",
                "text": "We use terraform to create our ECS task definition which specifies the image tag to run, other containers, environment variables, etc. We use...",
                "title": "Decoupling terraform ecs task definition and deployments",
                "title_link": "https:\/\/www.reddit.com\/r\/Terraform\/comments\/z2wxvg\/decoupling_terraform_ecs_task_definition_and\/",
                "service_name": "reddit"
            },
            {
                "from_url": "https:\/\/github.com\/fabfuel\/ecs-deploy",
                "image_url": "https:\/\/opengraph.githubassets.com\/f18fcabb3417b0e4fab4efaedc2f90da9bfe42ad35742f059a80e42a3f30a3a9\/fabfuel\/ecs-deploy",
                "image_width": 500,
                "image_height": 250,
                "image_bytes": 119075,
                "service_icon": "https:\/\/a.slack-edge.com\/80588\/img\/unfurl_icons\/github.png",
                "id": 2,
                "original_url": "https:\/\/github.com\/fabfuel\/ecs-deploy",
                "fallback": "GitHub: GitHub - fabfuel\/ecs-deploy: Powerful CLI tool to simplify Amazon ECS deployments, rollbacks &amp; scaling",
                "text": "Powerful CLI tool to simplify Amazon ECS deployments, rollbacks &amp; scaling - GitHub - fabfuel\/ecs-deploy: Powerful CLI tool to simplify Amazon ECS deployments, rollbacks &amp; scaling",
                "title": "GitHub - fabfuel\/ecs-deploy: Powerful CLI tool to simplify Amazon ECS deployments, rollbacks &amp; scaling",
                "title_link": "https:\/\/github.com\/fabfuel\/ecs-deploy",
                "service_name": "GitHub"
            }
        ],
        "edited": {
            "user": "BG3N7LG73",
            "ts": "1669229191.000000"
        }
    },
    {
        "type": "message",
        "subtype": "bot_message",
        "text": "<https:\/\/www.reddit.com\/r\/Terraform\/comments\/z2wyu7\/hashicorp_training_for_cheap\/|HashiCorp Training for Cheap>\nPosting to make sure people can get these courses for cheap. Please delete it and accept my apologies if not allowed. I didn't see any rules against posting it. I'm running a 5-day sale on all my courses, offering them for the lowest price that Udemy will allow me to sell them. I've only offered these courses at these prices once or twice this year, so please take advantage. Pick up all the courses you'll need to gain new skills and level up your career: :camera::camera::camera: COUPON CODE: BLACKFRIDAY22...",
        "ts": "1669229191.470309",
        "username": "Terraform",
        "icons": {
            "image_48": "https:\/\/s3-us-west-2.amazonaws.com\/slack-files2\/bot_icons\/2019-02-12\/548785199618_48.png"
        },
        "bot_id": "BG3N7LG73",
        "blocks": [
            {
                "type": "rich_text",
                "block_id": "rJ2QO",
                "elements": [
                    {
                        "type": "rich_text_section",
                        "elements": [
                            {
                                "type": "link",
                                "url": "https:\/\/www.reddit.com\/r\/Terraform\/comments\/z2wyu7\/hashicorp_training_for_cheap\/",
                                "text": "HashiCorp Training for Cheap"
                            },
                            {
                                "type": "text",
                                "text": "\nPosting to make sure people can get these courses for cheap. Please delete it and accept my apologies if not allowed. I didn't see any rules against posting it. I'm running a 5-day sale on all my courses, offering them for the lowest price that Udemy will allow me to sell them. I've only offered these courses at these prices once or twice this year, so please take advantage. Pick up all the courses you'll need to gain new skills and level up your career: "
                            },
                            {
                                "type": "emoji",
                                "name": "camera",
                                "unicode": "1f4f7"
                            },
                            {
                                "type": "emoji",
                                "name": "camera",
                                "unicode": "1f4f7"
                            },
                            {
                                "type": "emoji",
                                "name": "camera",
                                "unicode": "1f4f7"
                            },
                            {
                                "type": "text",
                                "text": " COUPON CODE: BLACKFRIDAY22..."
                            }
                        ]
                    }
                ]
            }
        ],
        "attachments": [
            {
                "from_url": "https:\/\/www.reddit.com\/r\/Terraform\/comments\/z2wyu7\/hashicorp_training_for_cheap\/",
                "thumb_url": "https:\/\/www.redditstatic.com\/new-icon.png",
                "thumb_width": 256,
                "thumb_height": 256,
                "service_icon": "http:\/\/www.redditstatic.com\/desktop2x\/img\/favicon\/apple-icon-57x57.png",
                "id": 1,
                "original_url": "https:\/\/www.reddit.com\/r\/Terraform\/comments\/z2wyu7\/hashicorp_training_for_cheap\/",
                "fallback": "reddit: HashiCorp Training for Cheap",
                "text": "Posting to make sure people can get these courses for cheap. Please delete it and accept my apologies if not allowed. I didn't see any rules...",
                "title": "HashiCorp Training for Cheap",
                "title_link": "https:\/\/www.reddit.com\/r\/Terraform\/comments\/z2wyu7\/hashicorp_training_for_cheap\/",
                "service_name": "reddit"
            }
        ],
        "edited": {
            "user": "BG3N7LG73",
            "ts": "1669229192.000000"
        }
    },
    {
        "type": "message",
        "subtype": "bot_message",
        "text": "<https:\/\/www.reddit.com\/r\/Terraform\/comments\/z2xd7y\/selecting_tag_based_off_rg_name\/|Selecting Tag based off RG Name>\nI am trying to select a tag based on the RG name but I am having some issues here and cant seem to find an answer.  variable for RG Name variable \"groups\" { description = \"Groups for each resource\" type = list(string) default = [\"one\", \"two\", \"three\", \"four\", \"five\"] }  resource building resource \"azurerm_resource_group\" \"rgs\" { for_each = toset(var.groups) name = \"${each.value}-rg\" location = var.sub_location tags = local.tags }  those work to build the different RGs I want. I am not sure...",
        "ts": "1669230387.951579",
        "username": "Terraform",
        "icons": {
            "image_48": "https:\/\/s3-us-west-2.amazonaws.com\/slack-files2\/bot_icons\/2019-02-12\/548785199618_48.png"
        },
        "bot_id": "BG3N7LG73",
        "blocks": [
            {
                "type": "rich_text",
                "block_id": "9yHfk",
                "elements": [
                    {
                        "type": "rich_text_section",
                        "elements": [
                            {
                                "type": "link",
                                "url": "https:\/\/www.reddit.com\/r\/Terraform\/comments\/z2xd7y\/selecting_tag_based_off_rg_name\/",
                                "text": "Selecting Tag based off RG Name"
                            },
                            {
                                "type": "text",
                                "text": "\nI am trying to select a tag based on the RG name but I am having some issues here and cant seem to find an answer.  variable for RG Name variable \"groups\" { description = \"Groups for each resource\" type = list(string) default = [\"one\", \"two\", \"three\", \"four\", \"five\"] }  resource building resource \"azurerm_resource_group\" \"rgs\" { for_each = toset(var.groups) name = \"${each.value}-rg\" location = var.sub_location tags = local.tags }  those work to build the different RGs I want. I am not sure..."
                            }
                        ]
                    }
                ]
            }
        ],
        "attachments": [
            {
                "from_url": "https:\/\/www.reddit.com\/r\/Terraform\/comments\/z2xd7y\/selecting_tag_based_off_rg_name\/",
                "thumb_url": "https:\/\/www.redditstatic.com\/new-icon.png",
                "thumb_width": 256,
                "thumb_height": 256,
                "service_icon": "http:\/\/www.redditstatic.com\/desktop2x\/img\/favicon\/apple-icon-57x57.png",
                "id": 1,
                "original_url": "https:\/\/www.reddit.com\/r\/Terraform\/comments\/z2xd7y\/selecting_tag_based_off_rg_name\/",
                "fallback": "reddit: Selecting Tag based off RG Name",
                "text": "I am trying to select a tag based on the RG name but I am having some issues here and cant seem to find an answer. variable for RG Name ...",
                "title": "Selecting Tag based off RG Name",
                "title_link": "https:\/\/www.reddit.com\/r\/Terraform\/comments\/z2xd7y\/selecting_tag_based_off_rg_name\/",
                "service_name": "reddit"
            }
        ],
        "edited": {
            "user": "BG3N7LG73",
            "ts": "1669230388.000000"
        }
    },
    {
        "type": "message",
        "subtype": "bot_message",
        "text": "<https:\/\/www.reddit.com\/r\/Terraform\/comments\/z3dq0u\/what_are_some_terraform_automation_tools_you_want\/|What are some Terraform automation tools you want to exist?>\nTerraform is great but sometimes the workflow can be tedious or painful. Some of that is due to the technology itself (eg: refactoring is hard), and some of it is due to the complexity of large codebases. Tools like terragrunt, tfmigrate, tfautomv, and tftree help by automating away some tedious work that computers are well suited to do. What do you think is missing from the current Terraform automation tooling ecosystem? What new tool or feature would make you more productive?    submitted...",
        "ts": "1669275987.982739",
        "username": "Terraform",
        "icons": {
            "image_48": "https:\/\/s3-us-west-2.amazonaws.com\/slack-files2\/bot_icons\/2019-02-12\/548785199618_48.png"
        },
        "bot_id": "BG3N7LG73",
        "blocks": [
            {
                "type": "rich_text",
                "block_id": "fgdyk",
                "elements": [
                    {
                        "type": "rich_text_section",
                        "elements": [
                            {
                                "type": "link",
                                "url": "https:\/\/www.reddit.com\/r\/Terraform\/comments\/z3dq0u\/what_are_some_terraform_automation_tools_you_want\/",
                                "text": "What are some Terraform automation tools you want to exist?"
                            },
                            {
                                "type": "text",
                                "text": "\nTerraform is great but sometimes the workflow can be tedious or painful. Some of that is due to the technology itself (eg: refactoring is hard), and some of it is due to the complexity of large codebases. Tools like terragrunt, tfmigrate, tfautomv, and tftree help by automating away some tedious work that computers are well suited to do. What do you think is missing from the current Terraform automation tooling ecosystem? What new tool or feature would make you more productive?    submitted..."
                            }
                        ]
                    }
                ]
            }
        ],
        "attachments": [
            {
                "from_url": "https:\/\/www.reddit.com\/r\/Terraform\/comments\/z3dq0u\/what_are_some_terraform_automation_tools_you_want\/",
                "thumb_url": "https:\/\/www.redditstatic.com\/new-icon.png",
                "thumb_width": 256,
                "thumb_height": 256,
                "service_icon": "http:\/\/www.redditstatic.com\/desktop2x\/img\/favicon\/apple-icon-57x57.png",
                "id": 1,
                "original_url": "https:\/\/www.reddit.com\/r\/Terraform\/comments\/z3dq0u\/what_are_some_terraform_automation_tools_you_want\/",
                "fallback": "reddit: What are some Terraform automation tools you want to exist?",
                "text": "Terraform is great but sometimes the workflow can be tedious or painful. Some of that is due to the technology itself (eg: refactoring is hard),...",
                "title": "What are some Terraform automation tools you want to exist?",
                "title_link": "https:\/\/www.reddit.com\/r\/Terraform\/comments\/z3dq0u\/what_are_some_terraform_automation_tools_you_want\/",
                "service_name": "reddit"
            }
        ],
        "edited": {
            "user": "BG3N7LG73",
            "ts": "1669275988.000000"
        }
    }
]