[
    {
        "type": "message",
        "subtype": "bot_message",
        "text": "<https:\/\/www.reddit.com\/r\/Terraform\/comments\/z8n4db\/module_with_nested_dynamic_blocks\/|Module with nested dynamic blocks>\nHi all. I'm looking to make a module that creates one or more network firewall rule collections and one or more firewall rules within said collection. Here is what I have so far: module -&gt; <https:\/\/firewall.tf\/|firewall.tf> resource \"azurerm_firewall_policy_rule_collection_group\" \"firewall_collection_group\" { name = var.vnet_name firewall_policy_id = data.azurerm_firewall_policy.firewall_policy.id priority = var.firewall_collection_group_priority dynamic \"network_rule_collection\"...",
        "ts": "1669802191.674909",
        "username": "Terraform",
        "icons": {
            "image_48": "https:\/\/s3-us-west-2.amazonaws.com\/slack-files2\/bot_icons\/2019-02-12\/548785199618_48.png"
        },
        "bot_id": "BG3N7LG73",
        "blocks": [
            {
                "type": "rich_text",
                "block_id": "J2h",
                "elements": [
                    {
                        "type": "rich_text_section",
                        "elements": [
                            {
                                "type": "link",
                                "url": "https:\/\/www.reddit.com\/r\/Terraform\/comments\/z8n4db\/module_with_nested_dynamic_blocks\/",
                                "text": "Module with nested dynamic blocks"
                            },
                            {
                                "type": "text",
                                "text": "\nHi all. I'm looking to make a module that creates one or more network firewall rule collections and one or more firewall rules within said collection. Here is what I have so far: module -> "
                            },
                            {
                                "type": "link",
                                "url": "https:\/\/firewall.tf\/",
                                "text": "firewall.tf"
                            },
                            {
                                "type": "text",
                                "text": " resource \"azurerm_firewall_policy_rule_collection_group\" \"firewall_collection_group\" { name = var.vnet_name firewall_policy_id = data.azurerm_firewall_policy.firewall_policy.id priority = var.firewall_collection_group_priority dynamic \"network_rule_collection\"..."
                            }
                        ]
                    }
                ]
            }
        ],
        "attachments": [
            {
                "from_url": "https:\/\/www.reddit.com\/r\/Terraform\/comments\/z8n4db\/module_with_nested_dynamic_blocks\/",
                "thumb_url": "https:\/\/www.redditstatic.com\/new-icon.png",
                "thumb_width": 256,
                "thumb_height": 256,
                "service_icon": "http:\/\/www.redditstatic.com\/desktop2x\/img\/favicon\/apple-icon-57x57.png",
                "id": 1,
                "original_url": "https:\/\/www.reddit.com\/r\/Terraform\/comments\/z8n4db\/module_with_nested_dynamic_blocks\/",
                "fallback": "reddit: Module with nested dynamic blocks",
                "text": "Hi all. I'm looking to make a module that creates one or more network firewall rule collections and one or more firewall rules within said...",
                "title": "Module with nested dynamic blocks",
                "title_link": "https:\/\/www.reddit.com\/r\/Terraform\/comments\/z8n4db\/module_with_nested_dynamic_blocks\/",
                "service_name": "reddit"
            }
        ],
        "edited": {
            "user": "BG3N7LG73",
            "ts": "1669802192.000000"
        }
    },
    {
        "type": "message",
        "subtype": "bot_message",
        "text": "<https:\/\/www.reddit.com\/r\/Terraform\/comments\/z8qtx5\/terraform_cicd_with_girls_aws_mfa_authentication\/|Terraform CI\/CD with girls, AWS MFA authentication>\nWe are starting a new project and we would like to implement a CI\/CD in girly for terraform to check\/validate our infrastructure. The only issue is that, for security reason, access to AWS resources can be made only via MFA. I need suggestions to how to implement this MFA into CI\/CD to be able run the pipeline automatically    submitted by   <https:\/\/www.reddit.com\/user\/eltear1| \/u\/eltear1 > \n&lt;a...",
        "ts": "1669814188.810649",
        "username": "Terraform",
        "icons": {
            "image_48": "https:\/\/s3-us-west-2.amazonaws.com\/slack-files2\/bot_icons\/2019-02-12\/548785199618_48.png"
        },
        "bot_id": "BG3N7LG73",
        "blocks": [
            {
                "type": "rich_text",
                "block_id": "DpM",
                "elements": [
                    {
                        "type": "rich_text_section",
                        "elements": [
                            {
                                "type": "link",
                                "url": "https:\/\/www.reddit.com\/r\/Terraform\/comments\/z8qtx5\/terraform_cicd_with_girls_aws_mfa_authentication\/",
                                "text": "Terraform CI\/CD with girls, AWS MFA authentication"
                            },
                            {
                                "type": "text",
                                "text": "\nWe are starting a new project and we would like to implement a CI\/CD in girly for terraform to check\/validate our infrastructure. The only issue is that, for security reason, access to AWS resources can be made only via MFA. I need suggestions to how to implement this MFA into CI\/CD to be able run the pipeline automatically    submitted by   "
                            },
                            {
                                "type": "link",
                                "url": "https:\/\/www.reddit.com\/user\/eltear1",
                                "text": "\/u\/eltear1"
                            },
                            {
                                "type": "text",
                                "text": " \n<a..."
                            }
                        ]
                    }
                ]
            }
        ],
        "attachments": [
            {
                "from_url": "https:\/\/www.reddit.com\/r\/Terraform\/comments\/z8qtx5\/terraform_cicd_with_girls_aws_mfa_authentication\/",
                "thumb_url": "https:\/\/www.redditstatic.com\/new-icon.png",
                "thumb_width": 256,
                "thumb_height": 256,
                "service_icon": "http:\/\/www.redditstatic.com\/desktop2x\/img\/favicon\/apple-icon-57x57.png",
                "id": 1,
                "original_url": "https:\/\/www.reddit.com\/r\/Terraform\/comments\/z8qtx5\/terraform_cicd_with_girls_aws_mfa_authentication\/",
                "fallback": "reddit: Terraform CI\/CD with girls, AWS MFA authentication",
                "text": "We are starting a new project and we would like to implement a CI\/CD in girly for terraform to check\/validate our infrastructure. The only issue...",
                "title": "Terraform CI\/CD with girls, AWS MFA authentication",
                "title_link": "https:\/\/www.reddit.com\/r\/Terraform\/comments\/z8qtx5\/terraform_cicd_with_girls_aws_mfa_authentication\/",
                "service_name": "reddit"
            },
            {
                "from_url": "https:\/\/www.reddit.com\/user\/eltear1",
                "service_icon": "http:\/\/www.redditstatic.com\/desktop2x\/img\/favicon\/apple-icon-57x57.png",
                "id": 2,
                "original_url": "https:\/\/www.reddit.com\/user\/eltear1",
                "fallback": "overview for eltear1",
                "text": "The u\/eltear1 community on Reddit. Reddit gives you the best of the internet in one place.",
                "title": "overview for eltear1",
                "title_link": "https:\/\/www.reddit.com\/user\/eltear1",
                "service_name": "reddit.com"
            }
        ],
        "edited": {
            "user": "BG3N7LG73",
            "ts": "1669814189.000000"
        }
    }
]