[
    {
        "type": "message",
        "subtype": "bot_message",
        "text": "<https:\/\/www.reddit.com\/r\/Terraform\/comments\/z08zeo\/terraform_nested_map_interation\/|Terraform Nested Map Interation>\nHi Redditusr,  i ran into a problem when trying to create aws nics within a nested map  variable \"ec2\" { type = map(object({ instance_type = string ami = string disable_api_termination = optional(bool, false) ebs_optimized = optional(bool, true) instance_initiated_shutdown_behavior = optional(string, \"stop\") monitoring = optional(bool, false) nics = map(object({ device_index = number subnet_id = string })) })) }  I can successful create the ec2 instance with following code resource...",
        "ts": "1668963389.425559",
        "username": "Terraform",
        "icons": {
            "image_48": "https:\/\/s3-us-west-2.amazonaws.com\/slack-files2\/bot_icons\/2019-02-12\/548785199618_48.png"
        },
        "bot_id": "BG3N7LG73",
        "blocks": [
            {
                "type": "rich_text",
                "block_id": "e2f3",
                "elements": [
                    {
                        "type": "rich_text_section",
                        "elements": [
                            {
                                "type": "link",
                                "url": "https:\/\/www.reddit.com\/r\/Terraform\/comments\/z08zeo\/terraform_nested_map_interation\/",
                                "text": "Terraform Nested Map Interation"
                            },
                            {
                                "type": "text",
                                "text": "\nHi Redditusr,  i ran into a problem when trying to create aws nics within a nested map  variable \"ec2\" { type = map(object({ instance_type = string ami = string disable_api_termination = optional(bool, false) ebs_optimized = optional(bool, true) instance_initiated_shutdown_behavior = optional(string, \"stop\") monitoring = optional(bool, false) nics = map(object({ device_index = number subnet_id = string })) })) }  I can successful create the ec2 instance with following code resource..."
                            }
                        ]
                    }
                ]
            }
        ],
        "attachments": [
            {
                "from_url": "https:\/\/www.reddit.com\/r\/Terraform\/comments\/z08zeo\/terraform_nested_map_interation\/",
                "thumb_url": "https:\/\/www.redditstatic.com\/new-icon.png",
                "thumb_width": 256,
                "thumb_height": 256,
                "service_icon": "http:\/\/www.redditstatic.com\/desktop2x\/img\/favicon\/apple-icon-57x57.png",
                "id": 1,
                "original_url": "https:\/\/www.reddit.com\/r\/Terraform\/comments\/z08zeo\/terraform_nested_map_interation\/",
                "fallback": "reddit: Terraform Nested Map Interation",
                "text": "Hi Redditusr, i ran into a problem when trying to create aws nics within a nested map variable \"ec2\" { type = map(object({ ...",
                "title": "Terraform Nested Map Interation",
                "title_link": "https:\/\/www.reddit.com\/r\/Terraform\/comments\/z08zeo\/terraform_nested_map_interation\/",
                "service_name": "reddit"
            }
        ],
        "edited": {
            "user": "BG3N7LG73",
            "ts": "1668963390.000000"
        }
    },
    {
        "type": "message",
        "subtype": "bot_message",
        "text": "<https:\/\/www.reddit.com\/r\/Terraform\/comments\/z0k1lg\/terraform_simple_task_error\/|terraform simple task error>\nsubmitted by   <https:\/\/www.reddit.com\/user\/SportsB0y| \/u\/SportsB0y > \n<https:\/\/i.redd.it\/d75rjjua671a1.jpg|[link]>   <https:\/\/www.reddit.com\/r\/Terraform\/comments\/z0k1lg\/terraform_simple_task_error\/|[comments]>",
        "ts": "1668990391.227619",
        "username": "Terraform",
        "icons": {
            "image_48": "https:\/\/s3-us-west-2.amazonaws.com\/slack-files2\/bot_icons\/2019-02-12\/548785199618_48.png"
        },
        "bot_id": "BG3N7LG73",
        "blocks": [
            {
                "type": "rich_text",
                "block_id": "A7sy",
                "elements": [
                    {
                        "type": "rich_text_section",
                        "elements": [
                            {
                                "type": "link",
                                "url": "https:\/\/www.reddit.com\/r\/Terraform\/comments\/z0k1lg\/terraform_simple_task_error\/",
                                "text": "terraform simple task error"
                            },
                            {
                                "type": "text",
                                "text": "\nsubmitted by   "
                            },
                            {
                                "type": "link",
                                "url": "https:\/\/www.reddit.com\/user\/SportsB0y",
                                "text": "\/u\/SportsB0y"
                            },
                            {
                                "type": "text",
                                "text": " \n"
                            },
                            {
                                "type": "link",
                                "url": "https:\/\/i.redd.it\/d75rjjua671a1.jpg",
                                "text": "[link]"
                            },
                            {
                                "type": "text",
                                "text": "   "
                            },
                            {
                                "type": "link",
                                "url": "https:\/\/www.reddit.com\/r\/Terraform\/comments\/z0k1lg\/terraform_simple_task_error\/",
                                "text": "[comments]"
                            }
                        ]
                    }
                ]
            }
        ],
        "attachments": [
            {
                "from_url": "https:\/\/www.reddit.com\/r\/Terraform\/comments\/z0k1lg\/terraform_simple_task_error\/",
                "thumb_url": "https:\/\/b.thumbs.redditmedia.com\/UhHtsyKv2aGCs3cXynOvx3a976Dnn568ZH52QX_PERw.jpg",
                "thumb_width": 140,
                "thumb_height": 68,
                "service_icon": "http:\/\/www.redditstatic.com\/desktop2x\/img\/favicon\/apple-icon-57x57.png",
                "id": 1,
                "original_url": "https:\/\/www.reddit.com\/r\/Terraform\/comments\/z0k1lg\/terraform_simple_task_error\/",
                "fallback": "reddit: terraform simple task error",
                "text": "Posted in r\/Terraform by u\/SportsB0y • 0 points and 2 comments",
                "title": "terraform simple task error",
                "title_link": "https:\/\/www.reddit.com\/r\/Terraform\/comments\/z0k1lg\/terraform_simple_task_error\/",
                "service_name": "reddit"
            },
            {
                "from_url": "https:\/\/www.reddit.com\/user\/SportsB0y",
                "service_icon": "http:\/\/www.redditstatic.com\/desktop2x\/img\/favicon\/apple-icon-57x57.png",
                "id": 2,
                "original_url": "https:\/\/www.reddit.com\/user\/SportsB0y",
                "fallback": "overview for SportsB0y",
                "text": "The u\/SportsB0y community on Reddit. Reddit gives you the best of the internet in one place.",
                "title": "overview for SportsB0y",
                "title_link": "https:\/\/www.reddit.com\/user\/SportsB0y",
                "service_name": "reddit.com"
            },
            {
                "from_url": "https:\/\/i.redd.it\/d75rjjua671a1.jpg",
                "image_url": "https:\/\/i.redd.it\/d75rjjua671a1.jpg",
                "image_width": 1351,
                "image_height": 663,
                "image_bytes": 73109,
                "id": 3,
                "original_url": "https:\/\/i.redd.it\/d75rjjua671a1.jpg",
                "fallback": "1351x663px image"
            }
        ],
        "edited": {
            "user": "BG3N7LG73",
            "ts": "1668990391.000000"
        }
    },
    {
        "type": "message",
        "subtype": "bot_message",
        "text": "<https:\/\/www.reddit.com\/r\/Terraform\/comments\/z0sqka\/tfautomv_v05_released\/|tfautomv v0.5 released>\nsubmitted by   <https:\/\/www.reddit.com\/user\/busseroverflow| \/u\/busseroverflow > \n<https:\/\/github.com\/padok-team\/tfautomv\/releases\/tag\/v0.5.0|[link]>   <https:\/\/www.reddit.com\/r\/Terraform\/comments\/z0sqka\/tfautomv_v05_released\/|[comments]>",
        "ts": "1669016788.441129",
        "username": "Terraform",
        "icons": {
            "image_48": "https:\/\/s3-us-west-2.amazonaws.com\/slack-files2\/bot_icons\/2019-02-12\/548785199618_48.png"
        },
        "bot_id": "BG3N7LG73",
        "blocks": [
            {
                "type": "rich_text",
                "block_id": "JOaUe",
                "elements": [
                    {
                        "type": "rich_text_section",
                        "elements": [
                            {
                                "type": "link",
                                "url": "https:\/\/www.reddit.com\/r\/Terraform\/comments\/z0sqka\/tfautomv_v05_released\/",
                                "text": "tfautomv v0.5 released"
                            },
                            {
                                "type": "text",
                                "text": "\nsubmitted by   "
                            },
                            {
                                "type": "link",
                                "url": "https:\/\/www.reddit.com\/user\/busseroverflow",
                                "text": "\/u\/busseroverflow"
                            },
                            {
                                "type": "text",
                                "text": " \n"
                            },
                            {
                                "type": "link",
                                "url": "https:\/\/github.com\/padok-team\/tfautomv\/releases\/tag\/v0.5.0",
                                "text": "[link]"
                            },
                            {
                                "type": "text",
                                "text": "   "
                            },
                            {
                                "type": "link",
                                "url": "https:\/\/www.reddit.com\/r\/Terraform\/comments\/z0sqka\/tfautomv_v05_released\/",
                                "text": "[comments]"
                            }
                        ]
                    }
                ]
            }
        ],
        "attachments": [
            {
                "from_url": "https:\/\/www.reddit.com\/r\/Terraform\/comments\/z0sqka\/tfautomv_v05_released\/",
                "thumb_url": "https:\/\/b.thumbs.redditmedia.com\/g0e_MvWDbXb_0hxClZcus8A7GZqc0W8O-2nUgzfbCas.jpg",
                "thumb_width": 140,
                "thumb_height": 70,
                "service_icon": "http:\/\/www.redditstatic.com\/desktop2x\/img\/favicon\/apple-icon-57x57.png",
                "id": 1,
                "original_url": "https:\/\/www.reddit.com\/r\/Terraform\/comments\/z0sqka\/tfautomv_v05_released\/",
                "fallback": "reddit: tfautomv v0.5 released",
                "text": "Posted in r\/Terraform by u\/busseroverflow • 1 point and 0 comments",
                "title": "tfautomv v0.5 released",
                "title_link": "https:\/\/www.reddit.com\/r\/Terraform\/comments\/z0sqka\/tfautomv_v05_released\/",
                "service_name": "reddit"
            },
            {
                "from_url": "https:\/\/www.reddit.com\/user\/busseroverflow",
                "service_icon": "http:\/\/www.redditstatic.com\/desktop2x\/img\/favicon\/apple-icon-57x57.png",
                "id": 2,
                "original_url": "https:\/\/www.reddit.com\/user\/busseroverflow",
                "fallback": "overview for busseroverflow",
                "text": "The u\/busseroverflow community on Reddit. Reddit gives you the best of the internet in one place.",
                "title": "overview for busseroverflow",
                "title_link": "https:\/\/www.reddit.com\/user\/busseroverflow",
                "service_name": "reddit.com"
            },
            {
                "from_url": "https:\/\/github.com\/padok-team\/tfautomv\/releases\/tag\/v0.5.0",
                "image_url": "https:\/\/opengraph.githubassets.com\/ea0e0e51ba2a3b40457237c41efcab6becd9a1fa8ca29a63d943bd41a5c09a1e\/padok-team\/tfautomv\/releases\/tag\/v0.5.0",
                "image_width": 500,
                "image_height": 250,
                "image_bytes": 60223,
                "service_icon": "https:\/\/a.slack-edge.com\/80588\/img\/unfurl_icons\/github.png",
                "id": 3,
                "original_url": "https:\/\/github.com\/padok-team\/tfautomv\/releases\/tag\/v0.5.0",
                "fallback": "GitHub: Release v0.5.0 · padok-team\/tfautomv",
                "text": "Changelog\nThis release includes the new prefix effect for the -ignore flag, a new\n-terraform-bin flag, and the ability to install tfautomv on Arch Linux.\nNew prefix effect\nWith the prefix effect, u...",
                "title": "Release v0.5.0 · padok-team\/tfautomv",
                "title_link": "https:\/\/github.com\/padok-team\/tfautomv\/releases\/tag\/v0.5.0",
                "service_name": "GitHub"
            }
        ],
        "edited": {
            "user": "BG3N7LG73",
            "ts": "1669016788.000000"
        }
    }
]