[
    {
        "client_msg_id": "e4aa3982-63db-4897-b154-f3cc9281d489",
        "type": "message",
        "text": "【相談】\n\n以下のリンクと同じような状況で、Codedeployが新しいASGを作るため、tfstaetに差ができてしまい、AMIの差し替えがかなり面倒なことになっているので、相談させてください。\n理想は、 `aws_launch_configuration`   で指定しているAMIを新しいAMIに置き換え、  `terraform apply`   後、codedeployを走らせると新しいAMIに置き換わってる状態にできると嬉しいです。\nこうすれば、手動でAMIを差し替えたり、tfstaetをいじったりする必要はないよ！みたいな回答でも嬉しいです。\nご存知の方いらっしゃれば、ご教示お願いします:man-bowing:\n\n<https:\/\/www.reddit.com\/r\/Terraform\/comments\/8lte6t\/bluegreen_deployments_on_asg_with_codedeploy\/>",
        "user": "ULZRR521W",
        "ts": "1574837399.044100",
        "team": "TFU0BKCQP",
        "user_team": "TFU0BKCQP",
        "source_team": "TFU0BKCQP",
        "user_profile": {
            "avatar_hash": "gb21dc634f47",
            "image_72": "https:\/\/secure.gravatar.com\/avatar\/fb21dc634f476dc7350a3561c9662349.jpg?s=72&d=https%3A%2F%2Fa.slack-edge.com%2Fdf10d%2Fimg%2Favatars%2Fava_0020-72.png",
            "first_name": "",
            "real_name": "joe",
            "display_name": "joe",
            "team": "TFU0BKCQP",
            "name": "kinjoyuji",
            "is_restricted": false,
            "is_ultra_restricted": false
        },
        "edited": {
            "user": "ULZRR521W",
            "ts": "1574837655.000000"
        },
        "attachments": [
            {
                "service_name": "reddit",
                "title": "Blue\/Green Deployments on ASG with CodeDeploy",
                "title_link": "https:\/\/www.reddit.com\/r\/Terraform\/comments\/8lte6t\/bluegreen_deployments_on_asg_with_codedeploy\/",
                "text": "Posted in r\/Terraform by u\/jeremiahstanley • 4 points and 3 comments",
                "fallback": "reddit: Blue\/Green Deployments on ASG with CodeDeploy",
                "from_url": "https:\/\/www.reddit.com\/r\/Terraform\/comments\/8lte6t\/bluegreen_deployments_on_asg_with_codedeploy\/",
                "thumb_url": "https:\/\/external-preview.redd.it\/r0p0izvfktz01.png?overlay-align=bottom,left&crop=1200:628.272251309,smart&overlay-height=15p&overlay=%2Fwatermark%2Ft5_2u8e4.png%3Fs%3Dbfb326ca8735739e33a60abaf9a7c73bcb4a2134&width=1200&height=628.272251309&auto=webp&s=8a9cf031c99b38342525c8afea0fc67065e0d2a1",
                "thumb_width": 130,
                "thumb_height": 60,
                "service_icon": "http:\/\/www.redditstatic.com\/desktop2x\/img\/favicon\/apple-icon-57x57.png",
                "id": 1,
                "original_url": "https:\/\/www.reddit.com\/r\/Terraform\/comments\/8lte6t\/bluegreen_deployments_on_asg_with_codedeploy\/"
            }
        ],
        "blocks": [
            {
                "type": "rich_text",
                "block_id": "Ras",
                "elements": [
                    {
                        "type": "rich_text_section",
                        "elements": [
                            {
                                "type": "text",
                                "text": "【相談】\n\n以下のリンクと同じような状況で、Codedeployが新しいASGを作るため、tfstaetに差ができてしまい、AMIの差し替えがかなり面倒なことになっているので、相談させてください。\n理想は、 `aws_launch_configuration`   で指定しているAMIを新しいAMIに置き換え、  `terraform apply`   後、codedeployを走らせると新しいAMIに置き換わってる状態にできると嬉しいです。\nこうすれば、手動でAMIを差し替えたり、tfstaetをいじったりする必要はないよ！みたいな回答でも嬉しいです。\nご存知の方いらっしゃれば、ご教示お願いします"
                            },
                            {
                                "type": "emoji",
                                "name": "man-bowing"
                            },
                            {
                                "type": "text",
                                "text": "\n\n"
                            },
                            {
                                "type": "link",
                                "url": "https:\/\/www.reddit.com\/r\/Terraform\/comments\/8lte6t\/bluegreen_deployments_on_asg_with_codedeploy\/"
                            }
                        ]
                    }
                ]
            }
        ]
    },
    {
        "client_msg_id": "df7c537a-37fe-48d3-b8d3-af0c9c04e4c5",
        "type": "message",
        "text": "aws_codedeploy_deployment_group で、\n\n```  lifecycle {\n    ignore_changes = [\n      \"autoscaling_groups\",\n    ]\n  }```\n\nってしておくとBGDで差し変わってしまっていても無視できます。\nlaunch_configuration と autoscaling_group はこれまでと同じなので、おっしゃってるとおりの形になるはずです。",
        "user": "UFU0BKD8F",
        "ts": "1574837897.046500",
        "team": "TFU0BKCQP",
        "user_team": "TFU0BKCQP",
        "source_team": "TFU0BKCQP",
        "user_profile": {
            "avatar_hash": "92c41c62c7b0",
            "image_72": "https:\/\/avatars.slack-edge.com\/2019-01-30\/537137791812_92c41c62c7b0f054d3dd_72.jpg",
            "first_name": "らき",
            "real_name": "らき",
            "display_name": "raki",
            "team": "TFU0BKCQP",
            "name": "nishimuray",
            "is_restricted": false,
            "is_ultra_restricted": false
        },
        "blocks": [
            {
                "type": "rich_text",
                "block_id": "HFel",
                "elements": [
                    {
                        "type": "rich_text_section",
                        "elements": [
                            {
                                "type": "text",
                                "text": "aws_codedeploy_deployment_group で、\n"
                            }
                        ]
                    },
                    {
                        "type": "rich_text_preformatted",
                        "elements": [
                            {
                                "type": "text",
                                "text": "  lifecycle {\n    ignore_changes = [\n      \"autoscaling_groups\",\n    ]\n  }"
                            }
                        ]
                    },
                    {
                        "type": "rich_text_section",
                        "elements": [
                            {
                                "type": "text",
                                "text": "\nってしておくとBGDで差し変わってしまっていても無視できます。\nlaunch_configuration と autoscaling_group はこれまでと同じなので、おっしゃってるとおりの形になるはずです。"
                            }
                        ]
                    }
                ]
            }
        ],
        "reactions": [
            {
                "name": "bangbang",
                "users": [
                    "ULZRR521W"
                ],
                "count": 1
            },
            {
                "name": "man-bowing",
                "users": [
                    "ULZRR521W"
                ],
                "count": 1
            }
        ]
    },
    {
        "client_msg_id": "39f6b782-db40-47ce-8fdd-44ae9f43270e",
        "type": "message",
        "text": "<@UFU0BKD8F> さん\nありがとうございます！試してみますmm",
        "user": "ULZRR521W",
        "ts": "1574838164.047200",
        "team": "TFU0BKCQP",
        "user_team": "TFU0BKCQP",
        "source_team": "TFU0BKCQP",
        "user_profile": {
            "avatar_hash": "gb21dc634f47",
            "image_72": "https:\/\/secure.gravatar.com\/avatar\/fb21dc634f476dc7350a3561c9662349.jpg?s=72&d=https%3A%2F%2Fa.slack-edge.com%2Fdf10d%2Fimg%2Favatars%2Fava_0020-72.png",
            "first_name": "",
            "real_name": "joe",
            "display_name": "joe",
            "team": "TFU0BKCQP",
            "name": "kinjoyuji",
            "is_restricted": false,
            "is_ultra_restricted": false
        },
        "blocks": [
            {
                "type": "rich_text",
                "block_id": "5u7",
                "elements": [
                    {
                        "type": "rich_text_section",
                        "elements": [
                            {
                                "type": "user",
                                "user_id": "UFU0BKD8F"
                            },
                            {
                                "type": "text",
                                "text": " さん\nありがとうございます！試してみますmm"
                            }
                        ]
                    }
                ]
            }
        ],
        "reactions": [
            {
                "name": "+1",
                "users": [
                    "UFU0BKD8F"
                ],
                "count": 1
            }
        ]
    }
]