[
    {
        "client_msg_id": "8de310b6-6418-43aa-b7d6-adf9912e9ecd",
        "type": "message",
        "text": "<https:\/\/www.hashicorp.com\/blog\/announcing-terraform-0-1-2-beta-2>",
        "user": "UFU0BKD8F",
        "ts": "1555606812.000500",
        "attachments": [
            {
                "service_name": "HashiCorp - Cloud Infrastructure Automation",
                "title": "Announcing HashiCorp Terraform 0.12 Beta2",
                "title_link": "https:\/\/www.hashicorp.com\/blog\/announcing-terraform-0-1-2-beta-2",
                "text": "We are pleased to announce the availability of the second beta release of HashiCorp Terraform 0.12! The 0.12 release of Terraform contains major language improvements and a host of...",
                "fallback": "HashiCorp - Cloud Infrastructure Automation: Announcing HashiCorp Terraform 0.12 Beta2",
                "thumb_url": "https:\/\/www.datocms-assets.com\/2885\/1547675882-terraform-thumb.png",
                "from_url": "https:\/\/www.hashicorp.com\/blog\/announcing-terraform-0-1-2-beta-2",
                "thumb_width": 202,
                "thumb_height": 202,
                "service_icon": "https:\/\/www.datocms-assets.com\/2885\/1527033389-favicon.png?w=57&h=57",
                "id": 1,
                "original_url": "https:\/\/www.hashicorp.com\/blog\/announcing-terraform-0-1-2-beta-2"
            }
        ],
        "reactions": [
            {
                "name": "tada",
                "users": [
                    "UGTNGDPUJ",
                    "UFTKSQ25T",
                    "UGW0ABZLG"
                ],
                "count": 3
            },
            {
                "name": "+1",
                "users": [
                    "UHVFQ5UUC",
                    "UFTKSQ25T",
                    "UJ3BLGMHV",
                    "UGW0ABZLG"
                ],
                "count": 4
            }
        ]
    },
    {
        "client_msg_id": "080b9142-1fdf-4713-9c52-3c3195d7dc0e",
        "type": "message",
        "text": "お、マイルストーンが99%になってISSUEもあと5個。。。\nうまくいけばGW前ワンチャンあるかな。。。",
        "user": "UFU0BKD8F",
        "ts": "1555606877.001500"
    }
]