[
    {
        "client_msg_id": "ee734c14-7344-4b67-9a9c-cf1b9e65cdb1",
        "type": "message",
        "text": "本日です！↑\n<https:\/\/twitter.com\/hashicorpjp\/status\/1395208431233949701>",
        "user": "UFU0BKD8F",
        "ts": "1621479466.000300",
        "team": "TFU0BKCQP",
        "user_team": "TFU0BKCQP",
        "source_team": "TFU0BKCQP",
        "user_profile": {
            "avatar_hash": "92c41c62c7b0",
            "image_72": "https:\/\/avatars.slack-edge.com\/2019-01-30\/537137791812_92c41c62c7b0f054d3dd_72.jpg",
            "first_name": "らき",
            "real_name": "らき",
            "display_name": "raki",
            "team": "TFU0BKCQP",
            "name": "nishimuray",
            "is_restricted": false,
            "is_ultra_restricted": false
        },
        "attachments": [
            {
                "fallback": "<https:\/\/twitter.com\/hashicorpjp|@hashicorpjp>: 本日Terraform Cloud Businessの1時間のWebinerを開催します。まだご登録間に合いますのでご興味ある方はこちらからお申し込みください。<https:\/\/www.hashicorp.com\/events\/webinars\/terraform-cloud-business-getting-started>",
                "ts": 1621478586,
                "author_name": "HashiCorp Japan",
                "author_link": "https:\/\/twitter.com\/hashicorpjp\/status\/1395208431233949701",
                "author_icon": "https:\/\/pbs.twimg.com\/profile_images\/1270175454628962306\/8txKKD61_normal.jpg",
                "author_subname": "@hashicorpjp",
                "text": "本日Terraform Cloud Businessの1時間のWebinerを開催します。まだご登録間に合いますのでご興味ある方はこちらからお申し込みください。<https:\/\/www.hashicorp.com\/events\/webinars\/terraform-cloud-business-getting-started>",
                "service_name": "twitter",
                "service_url": "https:\/\/twitter.com\/",
                "from_url": "https:\/\/twitter.com\/hashicorpjp\/status\/1395208431233949701",
                "id": 1,
                "original_url": "https:\/\/twitter.com\/hashicorpjp\/status\/1395208431233949701",
                "footer": "Twitter",
                "footer_icon": "https:\/\/a.slack-edge.com\/80588\/img\/services\/twitter_pixel_snapped_32.png"
            }
        ],
        "blocks": [
            {
                "type": "rich_text",
                "block_id": "epZY",
                "elements": [
                    {
                        "type": "rich_text_section",
                        "elements": [
                            {
                                "type": "text",
                                "text": "本日です！↑\n"
                            },
                            {
                                "type": "link",
                                "url": "https:\/\/twitter.com\/hashicorpjp\/status\/1395208431233949701"
                            }
                        ]
                    }
                ]
            }
        ],
        "reactions": [
            {
                "name": "+1",
                "users": [
                    "UGW0ABZLG",
                    "U01AEH6SRL2"
                ],
                "count": 2
            }
        ]
    }
]