[
    {
        "client_msg_id": "df3ecb89-a0c1-4344-b884-887c989c20fa",
        "type": "message",
        "text": "初めまして。TerraformでAWSの構築をできるよう勉強中です。\nよろしくお願いします。",
        "user": "U026SAFQCUS",
        "ts": "1625125822.004200",
        "team": "TFU0BKCQP",
        "user_team": "TFU0BKCQP",
        "source_team": "TFU0BKCQP",
        "user_profile": {
            "avatar_hash": "a94a7d8c7067",
            "image_72": "https:\/\/avatars.slack-edge.com\/2021-07-01\/2243013650481_a94a7d8c7067397bdc94_72.png",
            "first_name": "",
            "real_name": "draft up",
            "display_name": "draft up",
            "team": "TFU0BKCQP",
            "name": "updraft.1970",
            "is_restricted": false,
            "is_ultra_restricted": false
        },
        "blocks": [
            {
                "type": "rich_text",
                "block_id": "jUGE",
                "elements": [
                    {
                        "type": "rich_text_section",
                        "elements": [
                            {
                                "type": "text",
                                "text": "初めまして。TerraformでAWSの構築をできるよう勉強中です。\nよろしくお願いします。"
                            }
                        ]
                    }
                ]
            }
        ],
        "reactions": [
            {
                "name": "よろしく",
                "users": [
                    "U01GAQPRFQB",
                    "UFU0BKD8F",
                    "UGY9BJ1NF",
                    "UG46Z57TN"
                ],
                "count": 4
            }
        ]
    }
]