[
    {
        "client_msg_id": "ec014a3b-9405-46c6-9537-99d53f9f18d8",
        "type": "message",
        "text": "<https:\/\/terraform-jp.slack.com\/archives\/C02PAMCSK0D\/p1639051162018400>",
        "user": "UFU0BKD8F",
        "ts": "1639051173.018900",
        "blocks": [
            {
                "type": "rich_text",
                "block_id": "heEf",
                "elements": [
                    {
                        "type": "rich_text_section",
                        "elements": [
                            {
                                "type": "link",
                                "url": "https:\/\/terraform-jp.slack.com\/archives\/C02PAMCSK0D\/p1639051162018400"
                            }
                        ]
                    }
                ]
            }
        ],
        "team": "TFU0BKCQP",
        "user_team": "TFU0BKCQP",
        "source_team": "TFU0BKCQP",
        "user_profile": {
            "avatar_hash": "92c41c62c7b0",
            "image_72": "https:\/\/avatars.slack-edge.com\/2019-01-30\/537137791812_92c41c62c7b0f054d3dd_72.jpg",
            "first_name": "らき",
            "real_name": "らき",
            "display_name": "raki",
            "team": "TFU0BKCQP",
            "name": "nishimuray",
            "is_restricted": false,
            "is_ultra_restricted": false
        },
        "attachments": [
            {
                "from_url": "https:\/\/terraform-jp.slack.com\/archives\/C02PAMCSK0D\/p1639051162018400",
                "ts": "1639051162.018400",
                "author_id": "UFU0BKD8F",
                "channel_team": "TFU0BKCQP",
                "channel_id": "C02PAMCSK0D",
                "channel_name": "mini-study",
                "is_msg_unfurl": true,
                "message_blocks": [
                    {
                        "team": "TFU0BKCQP",
                        "channel": "C02PAMCSK0D",
                        "ts": "1639051162.018400",
                        "message": {
                            "blocks": [
                                {
                                    "type": "rich_text",
                                    "block_id": "p=KI8",
                                    "elements": [
                                        {
                                            "type": "rich_text_section",
                                            "elements": [
                                                {
                                                    "type": "text",
                                                    "text": "terraform v1.1.0 リリース記念雑談を始めますw\n"
                                                },
                                                {
                                                    "type": "link",
                                                    "url": "https:\/\/us04web.zoom.us\/j\/76473624169?pwd=ZGpVaVRQeXc2T1BjYlhsUXZ6a3UyUT09"
                                                }
                                            ]
                                        }
                                    ]
                                }
                            ]
                        }
                    }
                ],
                "id": 1,
                "original_url": "https:\/\/terraform-jp.slack.com\/archives\/C02PAMCSK0D\/p1639051162018400",
                "fallback": "[December 9th, 2021 3:59 AM] nishimuray: terraform v1.1.0 リリース記念雑談を始めますw\n<https:\/\/us04web.zoom.us\/j\/76473624169?pwd=ZGpVaVRQeXc2T1BjYlhsUXZ6a3UyUT09>",
                "text": "terraform v1.1.0 リリース記念雑談を始めますw\n<https:\/\/us04web.zoom.us\/j\/76473624169?pwd=ZGpVaVRQeXc2T1BjYlhsUXZ6a3UyUT09>",
                "author_name": "らき",
                "author_link": "https:\/\/terraform-jp.slack.com\/team\/UFU0BKD8F",
                "author_icon": "https:\/\/avatars.slack-edge.com\/2019-01-30\/537137791812_92c41c62c7b0f054d3dd_48.jpg",
                "author_subname": "らき",
                "mrkdwn_in": [
                    "text"
                ],
                "footer": "#mini-study に投稿"
            }
        ]
    },
    {
        "type": "message",
        "subtype": "thread_broadcast",
        "text": "<https:\/\/qiita.com\/moajo\/items\/a840ecf88607ff583c02>\n書きました！",
        "user": "U02NTCZJLAX",
        "ts": "1639063376.019100",
        "thread_ts": "1638253329.010400",
        "root": {
            "client_msg_id": "f1150fe6-de03-47f1-97e7-7ec7e391f1c7",
            "type": "message",
            "text": "Day10参加します！\nたぶんgithub organizationの権限管理をterraform化した話を書きます",
            "user": "U02NTCZJLAX",
            "ts": "1638253329.010400",
            "blocks": [
                {
                    "type": "rich_text",
                    "block_id": "keNwo",
                    "elements": [
                        {
                            "type": "rich_text_section",
                            "elements": [
                                {
                                    "type": "text",
                                    "text": "Day10参加します！\nたぶんgithub organizationの権限管理をterraform化した話を書きます"
                                }
                            ]
                        }
                    ]
                }
            ],
            "team": "TFU0BKCQP",
            "thread_ts": "1638253329.010400",
            "reply_count": 15,
            "reply_users_count": 4,
            "latest_reply": "1639884515.026900",
            "reply_users": [
                "U02NTCZJLAX",
                "UFU0BKD8F",
                "U01NB7CKNF2",
                "UFT60TQCQ"
            ],
            "replies": [
                {
                    "user": "U02NTCZJLAX",
                    "ts": "1639063376.019100"
                },
                {
                    "user": "UFU0BKD8F",
                    "ts": "1639066662.019600"
                },
                {
                    "user": "U02NTCZJLAX",
                    "ts": "1639102249.020900"
                },
                {
                    "user": "UFU0BKD8F",
                    "ts": "1639102306.021100"
                },
                {
                    "user": "U01NB7CKNF2",
                    "ts": "1639106688.021500"
                },
                {
                    "user": "U02NTCZJLAX",
                    "ts": "1639110439.021700"
                },
                {
                    "user": "U02NTCZJLAX",
                    "ts": "1639110467.021900"
                },
                {
                    "user": "U01NB7CKNF2",
                    "ts": "1639113229.022100"
                },
                {
                    "user": "U02NTCZJLAX",
                    "ts": "1639115892.022400"
                },
                {
                    "user": "U02NTCZJLAX",
                    "ts": "1639115937.022600"
                },
                {
                    "user": "U02NTCZJLAX",
                    "ts": "1639115992.022800"
                },
                {
                    "user": "U01NB7CKNF2",
                    "ts": "1639117883.023000"
                },
                {
                    "user": "U02NTCZJLAX",
                    "ts": "1639122423.023300"
                },
                {
                    "user": "UFT60TQCQ",
                    "ts": "1639301326.023900"
                },
                {
                    "user": "UFT60TQCQ",
                    "ts": "1639884515.026900"
                }
            ],
            "is_locked": false,
            "subscribed": true,
            "last_read": "1639884515.026900"
        },
        "blocks": [
            {
                "type": "rich_text",
                "block_id": "8tS",
                "elements": [
                    {
                        "type": "rich_text_section",
                        "elements": [
                            {
                                "type": "link",
                                "url": "https:\/\/qiita.com\/moajo\/items\/a840ecf88607ff583c02"
                            },
                            {
                                "type": "text",
                                "text": "\n書きました！"
                            }
                        ]
                    }
                ]
            }
        ],
        "attachments": [
            {
                "from_url": "https:\/\/qiita.com\/moajo\/items\/a840ecf88607ff583c02",
                "image_url": "https:\/\/qiita-user-contents.imgix.net\/https%3A%2F%2Fqiita-user-contents.imgix.net%2Fhttps%253A%252F%252Fcdn.qiita.com%252Fassets%252Fpublic%252Farticle-ogp-background-9f5428127621718a910c8b63951390ad.png%3Fixlib%3Drb-4.0.0%26w%3D1200%26mark%3Dhttps%253A%252F%252Fqiita-user-contents.imgix.net%252F~text%253Fixlib%253Drb-4.0.0%2526w%253D916%2526txt64%253DR2l0SHVi44Gu5qip6ZmQ566h55CG44KSVGVycmFmb3Jt5YyW44GX44Gm5bm444Gb44Gr44Gq44KN44GG%2526txt-color%253D%252523212121%2526txt-font%253DHiragino%252520Sans%252520W6%2526txt-size%253D56%2526txt-clip%253Dellipsis%2526txt-align%253Dleft%25252Ctop%2526s%253D35646447b1af59c9bacb842d61fd9655%26mark-x%3D142%26mark-y%3D112%26s%3Db777663611c4b60953d7e76d64fa9fe7?ixlib=rb-4.0.0&w=1200&mark=https%3A%2F%2Fqiita-user-contents.imgix.net%2F~text%3Fixlib%3Drb-4.0.0%26w%3D616%26txt64%3DQG1vYWpv%26txt-color%3D%2523212121%26txt-font%3DHiragino%2520Sans%2520W6%26txt-size%3D36%26txt-align%3Dleft%252Ctop%26s%3D5118d2b06958352891dac36876b84b37&mark-x=142&mark-y=491&s=51dae090209d93643f97c1ee9902695b",
                "image_width": 476,
                "image_height": 250,
                "image_bytes": 45240,
                "service_icon": "https:\/\/cdn.qiita.com\/assets\/favicons\/public\/apple-touch-icon-ec5ba42a24ae923f16825592efdc356f.png",
                "id": 1,
                "original_url": "https:\/\/qiita.com\/moajo\/items\/a840ecf88607ff583c02",
                "fallback": "Qiita: GitHubの権限管理をTerraform化して幸せになろう - Qiita",
                "text": "この記事はterraformアドベントカレンダー 2021 10日目の記事です。 会社等でgithubを使っている方の多くは Organization を作って各リポジトリへのアクセス権を管理していると思います。 ところで以下...",
                "title": "GitHubの権限管理をTerraform化して幸せになろう - Qiita",
                "title_link": "https:\/\/qiita.com\/moajo\/items\/a840ecf88607ff583c02",
                "service_name": "Qiita"
            }
        ],
        "client_msg_id": "4acd9893-9d89-46b3-b58c-16781f9a92cc",
        "reactions": [
            {
                "name": "+1",
                "users": [
                    "UFU0BKD8F",
                    "U02K7TWFJ83",
                    "U027Q3A22UX",
                    "UR4NW10LD"
                ],
                "count": 4
            }
        ]
    },
    {
        "client_msg_id": "f9adc09e-e5c8-4a0f-9850-ca456f210951",
        "type": "message",
        "text": "twitter では投稿しない？\nterraform-jp から RT するけど。。。\nしないなら qiita 直撃で投稿するけど。",
        "user": "UFU0BKD8F",
        "ts": "1639066662.019600",
        "blocks": [
            {
                "type": "rich_text",
                "block_id": "kFu",
                "elements": [
                    {
                        "type": "rich_text_section",
                        "elements": [
                            {
                                "type": "text",
                                "text": "twitter では投稿しない？\nterraform-jp から RT するけど。。。\nしないなら qiita 直撃で投稿するけど。"
                            }
                        ]
                    }
                ]
            }
        ],
        "team": "TFU0BKCQP",
        "user_team": "TFU0BKCQP",
        "source_team": "TFU0BKCQP",
        "user_profile": {
            "avatar_hash": "92c41c62c7b0",
            "image_72": "https:\/\/avatars.slack-edge.com\/2019-01-30\/537137791812_92c41c62c7b0f054d3dd_72.jpg",
            "first_name": "らき",
            "real_name": "らき",
            "display_name": "raki",
            "team": "TFU0BKCQP",
            "name": "nishimuray",
            "is_restricted": false,
            "is_ultra_restricted": false
        },
        "thread_ts": "1638253329.010400",
        "parent_user_id": "U02NTCZJLAX"
    },
    {
        "client_msg_id": "529dad74-cca3-4f47-ba07-ed97f8703bf2",
        "type": "message",
        "text": "気がついたらアドベントカレンダー全部埋まってましたね\n<https:\/\/qiita.com\/advent-calendar\/2021\/terraform>\n\n記事書いたけど出すところがなくなりましたw",
        "user": "ULSHHPEBB",
        "ts": "1639091763.020600",
        "blocks": [
            {
                "type": "rich_text",
                "block_id": "ZeAV",
                "elements": [
                    {
                        "type": "rich_text_section",
                        "elements": [
                            {
                                "type": "text",
                                "text": "気がついたらアドベントカレンダー全部埋まってましたね\n"
                            },
                            {
                                "type": "link",
                                "url": "https:\/\/qiita.com\/advent-calendar\/2021\/terraform"
                            },
                            {
                                "type": "text",
                                "text": "\n\n記事書いたけど出すところがなくなりましたw"
                            }
                        ]
                    }
                ]
            }
        ],
        "team": "TFU0BKCQP",
        "user_team": "TFU0BKCQP",
        "source_team": "TFU0BKCQP",
        "user_profile": {
            "avatar_hash": "d635bf7ab5d3",
            "image_72": "https:\/\/avatars.slack-edge.com\/2019-09-17\/762415046560_d635bf7ab5d3f3a6f2e2_72.jpg",
            "first_name": "",
            "real_name": "Satoshi Tanaka",
            "display_name": "Satoshi Tanaka",
            "team": "TFU0BKCQP",
            "name": "kangae2",
            "is_restricted": false,
            "is_ultra_restricted": false
        },
        "attachments": [
            {
                "from_url": "https:\/\/qiita.com\/advent-calendar\/2021\/terraform",
                "image_url": "https:\/\/cdn.qiita.com\/assets\/public\/advent_calendar\/ogp\/ogp-advent_calendar_2021-d4c98ac37fde1dc3bfc356f4ea2edd84.jpg",
                "image_width": 476,
                "image_height": 250,
                "image_bytes": 152090,
                "service_icon": "https:\/\/cdn.qiita.com\/assets\/favicons\/public\/apple-touch-icon-ec5ba42a24ae923f16825592efdc356f.png",
                "id": 1,
                "original_url": "https:\/\/qiita.com\/advent-calendar\/2021\/terraform",
                "fallback": "Qiita: Calendar for terraform | Advent Calendar 2021 - Qiita",
                "text": "Calendar page for terraform.",
                "title": "Calendar for terraform | Advent Calendar 2021 - Qiita",
                "title_link": "https:\/\/qiita.com\/advent-calendar\/2021\/terraform",
                "service_name": "Qiita"
            }
        ]
    },
    {
        "client_msg_id": "9188b911-0dc5-42ac-9402-23e280cfc0d3",
        "type": "message",
        "text": "あ、さっきtwitterにも投げましたｗ",
        "user": "U02NTCZJLAX",
        "ts": "1639102249.020900",
        "blocks": [
            {
                "type": "rich_text",
                "block_id": "F70",
                "elements": [
                    {
                        "type": "rich_text_section",
                        "elements": [
                            {
                                "type": "text",
                                "text": "あ、さっきtwitterにも投げましたｗ"
                            }
                        ]
                    }
                ]
            }
        ],
        "team": "TFU0BKCQP",
        "user_team": "TFU0BKCQP",
        "source_team": "TFU0BKCQP",
        "user_profile": {
            "avatar_hash": "c5c08031276d",
            "image_72": "https:\/\/avatars.slack-edge.com\/2021-11-28\/2775441655891_c5c08031276daec59feb_72.png",
            "first_name": "moajo",
            "real_name": "moajo",
            "display_name": "moajo",
            "team": "TFU0BKCQP",
            "name": "mimirosiasd",
            "is_restricted": false,
            "is_ultra_restricted": false
        },
        "thread_ts": "1638253329.010400",
        "parent_user_id": "U02NTCZJLAX"
    },
    {
        "client_msg_id": "1e325d66-2757-49c8-9a81-62d450700caf",
        "type": "message",
        "text": "RTしておきました",
        "user": "UFU0BKD8F",
        "ts": "1639102306.021100",
        "blocks": [
            {
                "type": "rich_text",
                "block_id": "bBCYo",
                "elements": [
                    {
                        "type": "rich_text_section",
                        "elements": [
                            {
                                "type": "text",
                                "text": "RTしておきました"
                            }
                        ]
                    }
                ]
            }
        ],
        "team": "TFU0BKCQP",
        "user_team": "TFU0BKCQP",
        "source_team": "TFU0BKCQP",
        "user_profile": {
            "avatar_hash": "92c41c62c7b0",
            "image_72": "https:\/\/avatars.slack-edge.com\/2019-01-30\/537137791812_92c41c62c7b0f054d3dd_72.jpg",
            "first_name": "らき",
            "real_name": "らき",
            "display_name": "raki",
            "team": "TFU0BKCQP",
            "name": "nishimuray",
            "is_restricted": false,
            "is_ultra_restricted": false
        },
        "thread_ts": "1638253329.010400",
        "parent_user_id": "U02NTCZJLAX",
        "reactions": [
            {
                "name": "heart",
                "users": [
                    "U02NTCZJLAX"
                ],
                "count": 1
            },
            {
                "name": "raised_hands",
                "users": [
                    "U02NTCZJLAX"
                ],
                "count": 1
            }
        ]
    },
    {
        "client_msg_id": "c24efea1-817e-4d9b-8d2d-f127d56a350c",
        "type": "message",
        "text": "`create_default_maintainer = true` にするってことはweb上でメンバーの追加・削除をするってことですかね？\nそれだとTerraformのコードとズレてしまうと思うのですが、どう運用しているのか気になりました。",
        "user": "U01NB7CKNF2",
        "ts": "1639106688.021500",
        "blocks": [
            {
                "type": "rich_text",
                "block_id": "nMRdK",
                "elements": [
                    {
                        "type": "rich_text_section",
                        "elements": [
                            {
                                "type": "text",
                                "text": "create_default_maintainer = true",
                                "style": {
                                    "code": true
                                }
                            },
                            {
                                "type": "text",
                                "text": " にするってことはweb上でメンバーの追加・削除をするってことですかね？\nそれだとTerraformのコードとズレてしまうと思うのですが、どう運用しているのか気になりました。"
                            }
                        ]
                    }
                ]
            }
        ],
        "team": "TFU0BKCQP",
        "user_team": "TFU0BKCQP",
        "source_team": "TFU0BKCQP",
        "user_profile": {
            "avatar_hash": "gecad9d801d7",
            "image_72": "https:\/\/secure.gravatar.com\/avatar\/ecad9d801d79f6c6e5df93094690685e.jpg?s=72&d=https%3A%2F%2Fa.slack-edge.com%2Fdf10d%2Fimg%2Favatars%2Fava_0019-72.png",
            "first_name": "",
            "real_name": "Takumi Shotoku",
            "display_name": "Takumi Shotoku",
            "team": "TFU0BKCQP",
            "name": "sinsoku.listy",
            "is_restricted": false,
            "is_ultra_restricted": false
        },
        "thread_ts": "1638253329.010400",
        "parent_user_id": "U02NTCZJLAX"
    },
    {
        "client_msg_id": "8c8db1c6-5236-4eaa-9851-602473a73d06",
        "type": "message",
        "text": "create_default_maintainer=trueにしつつ、applyしてる本人を普通にグループメンバーにも追加するような定義を書いています。\n二重定義っぽいのですが、create_default_maintainer=falseの場合\n`空グループ作成-&gt;メンバー追加` という挙動になるので、からグループ作成した時点で自分自身を追加することも不可能になってしまうという・・・",
        "user": "U02NTCZJLAX",
        "ts": "1639110439.021700",
        "blocks": [
            {
                "type": "rich_text",
                "block_id": "AykY",
                "elements": [
                    {
                        "type": "rich_text_section",
                        "elements": [
                            {
                                "type": "text",
                                "text": "create_default_maintainer=trueにしつつ、applyしてる本人を普通にグループメンバーにも追加するような定義を書いています。\n二重定義っぽいのですが、create_default_maintainer=falseの場合\n"
                            },
                            {
                                "type": "text",
                                "text": "空グループ作成->メンバー追加",
                                "style": {
                                    "code": true
                                }
                            },
                            {
                                "type": "text",
                                "text": " という挙動になるので、からグループ作成した時点で自分自身を追加することも不可能になってしまうという・・・"
                            }
                        ]
                    }
                ]
            }
        ],
        "team": "TFU0BKCQP",
        "user_team": "TFU0BKCQP",
        "source_team": "TFU0BKCQP",
        "user_profile": {
            "avatar_hash": "c5c08031276d",
            "image_72": "https:\/\/avatars.slack-edge.com\/2021-11-28\/2775441655891_c5c08031276daec59feb_72.png",
            "first_name": "moajo",
            "real_name": "moajo",
            "display_name": "moajo",
            "team": "TFU0BKCQP",
            "name": "mimirosiasd",
            "is_restricted": false,
            "is_ultra_restricted": false
        },
        "thread_ts": "1638253329.010400",
        "parent_user_id": "U02NTCZJLAX"
    },
    {
        "client_msg_id": "1679afe5-c003-4178-a2f1-aada59796fd8",
        "type": "message",
        "text": "必要なければ、その後自分自身をメンバーに追加している定義を削除すればOKです",
        "user": "U02NTCZJLAX",
        "ts": "1639110467.021900",
        "blocks": [
            {
                "type": "rich_text",
                "block_id": "=6f5",
                "elements": [
                    {
                        "type": "rich_text_section",
                        "elements": [
                            {
                                "type": "text",
                                "text": "必要なければ、その後自分自身をメンバーに追加している定義を削除すればOKです"
                            }
                        ]
                    }
                ]
            }
        ],
        "team": "TFU0BKCQP",
        "user_team": "TFU0BKCQP",
        "source_team": "TFU0BKCQP",
        "user_profile": {
            "avatar_hash": "c5c08031276d",
            "image_72": "https:\/\/avatars.slack-edge.com\/2021-11-28\/2775441655891_c5c08031276daec59feb_72.png",
            "first_name": "moajo",
            "real_name": "moajo",
            "display_name": "moajo",
            "team": "TFU0BKCQP",
            "name": "mimirosiasd",
            "is_restricted": false,
            "is_ultra_restricted": false
        },
        "thread_ts": "1638253329.010400",
        "parent_user_id": "U02NTCZJLAX"
    },
    {
        "client_msg_id": "ddf50d67-0d24-4c4a-845f-729dda2239e1",
        "type": "message",
        "text": "チームを作成できる権限を持っているなら、メンバー追加する権限も持っているはずで、Terraformでメンバー追加の設定を書いているなら、普通にapplyできるような。",
        "user": "U01NB7CKNF2",
        "ts": "1639113229.022100",
        "blocks": [
            {
                "type": "rich_text",
                "block_id": "RJ5YD",
                "elements": [
                    {
                        "type": "rich_text_section",
                        "elements": [
                            {
                                "type": "text",
                                "text": "チームを作成できる権限を持っているなら、メンバー追加する権限も持っているはずで、Terraformでメンバー追加の設定を書いているなら、普通にapplyできるような。"
                            }
                        ]
                    }
                ]
            }
        ],
        "team": "TFU0BKCQP",
        "user_team": "TFU0BKCQP",
        "source_team": "TFU0BKCQP",
        "user_profile": {
            "avatar_hash": "gecad9d801d7",
            "image_72": "https:\/\/secure.gravatar.com\/avatar\/ecad9d801d79f6c6e5df93094690685e.jpg?s=72&d=https%3A%2F%2Fa.slack-edge.com%2Fdf10d%2Fimg%2Favatars%2Fava_0019-72.png",
            "first_name": "",
            "real_name": "Takumi Shotoku",
            "display_name": "Takumi Shotoku",
            "team": "TFU0BKCQP",
            "name": "sinsoku.listy",
            "is_restricted": false,
            "is_ultra_restricted": false
        },
        "edited": {
            "user": "U01NB7CKNF2",
            "ts": "1639113243.000000"
        },
        "thread_ts": "1638253329.010400",
        "parent_user_id": "U02NTCZJLAX"
    },
    {
        "client_msg_id": "76ff5edc-332d-4213-ad3a-4d8d88ce7863",
        "type": "message",
        "text": "チームを作成する権限があっても、削除する権限がない場合はある気がしますね",
        "user": "U02NTCZJLAX",
        "ts": "1639115892.022400",
        "blocks": [
            {
                "type": "rich_text",
                "block_id": "Liro",
                "elements": [
                    {
                        "type": "rich_text_section",
                        "elements": [
                            {
                                "type": "text",
                                "text": "チームを作成する権限があっても、削除する権限がない場合はある気がしますね"
                            }
                        ]
                    }
                ]
            }
        ],
        "team": "TFU0BKCQP",
        "user_team": "TFU0BKCQP",
        "source_team": "TFU0BKCQP",
        "user_profile": {
            "avatar_hash": "c5c08031276d",
            "image_72": "https:\/\/avatars.slack-edge.com\/2021-11-28\/2775441655891_c5c08031276daec59feb_72.png",
            "first_name": "moajo",
            "real_name": "moajo",
            "display_name": "moajo",
            "team": "TFU0BKCQP",
            "name": "mimirosiasd",
            "is_restricted": false,
            "is_ultra_restricted": false
        },
        "thread_ts": "1638253329.010400",
        "parent_user_id": "U02NTCZJLAX"
    },
    {
        "client_msg_id": "559f9ca9-8e0c-470f-a883-549b953c22c0",
        "type": "message",
        "text": "たぶんこれです\n<https:\/\/docs.github.com\/ja\/organizations\/managing-organization-settings\/setting-team-creation-permissions-in-your-organization>",
        "user": "U02NTCZJLAX",
        "ts": "1639115937.022600",
        "blocks": [
            {
                "type": "rich_text",
                "block_id": "odV",
                "elements": [
                    {
                        "type": "rich_text_section",
                        "elements": [
                            {
                                "type": "text",
                                "text": "たぶんこれです\n"
                            },
                            {
                                "type": "link",
                                "url": "https:\/\/docs.github.com\/ja\/organizations\/managing-organization-settings\/setting-team-creation-permissions-in-your-organization"
                            }
                        ]
                    }
                ]
            }
        ],
        "team": "TFU0BKCQP",
        "user_team": "TFU0BKCQP",
        "source_team": "TFU0BKCQP",
        "user_profile": {
            "avatar_hash": "c5c08031276d",
            "image_72": "https:\/\/avatars.slack-edge.com\/2021-11-28\/2775441655891_c5c08031276daec59feb_72.png",
            "first_name": "moajo",
            "real_name": "moajo",
            "display_name": "moajo",
            "team": "TFU0BKCQP",
            "name": "mimirosiasd",
            "is_restricted": false,
            "is_ultra_restricted": false
        },
        "thread_ts": "1638253329.010400",
        "parent_user_id": "U02NTCZJLAX"
    },
    {
        "client_msg_id": "c127d373-3fc8-4c9e-8fc1-a7b81e6a341e",
        "type": "message",
        "text": "これ、チーム作成権限は持っていても、自分がmaintainerになってないチームのメンバーを追加する権限は得られないのです",
        "user": "U02NTCZJLAX",
        "ts": "1639115992.022800",
        "blocks": [
            {
                "type": "rich_text",
                "block_id": "lStjX",
                "elements": [
                    {
                        "type": "rich_text_section",
                        "elements": [
                            {
                                "type": "text",
                                "text": "これ、チーム作成権限は持っていても、自分がmaintainerになってないチームのメンバーを追加する権限は得られないのです"
                            }
                        ]
                    }
                ]
            }
        ],
        "team": "TFU0BKCQP",
        "user_team": "TFU0BKCQP",
        "source_team": "TFU0BKCQP",
        "user_profile": {
            "avatar_hash": "c5c08031276d",
            "image_72": "https:\/\/avatars.slack-edge.com\/2021-11-28\/2775441655891_c5c08031276daec59feb_72.png",
            "first_name": "moajo",
            "real_name": "moajo",
            "display_name": "moajo",
            "team": "TFU0BKCQP",
            "name": "mimirosiasd",
            "is_restricted": false,
            "is_ultra_restricted": false
        },
        "thread_ts": "1638253329.010400",
        "parent_user_id": "U02NTCZJLAX"
    },
    {
        "client_msg_id": "2819768d-aebd-4781-a5b1-1973648624c0",
        "type": "message",
        "text": "なるほど、私の理解が間違っていて「チーム作成は可能だけど、メンバー追加はできない権限」があるのが分かりました！\n勉強になる。",
        "user": "U01NB7CKNF2",
        "ts": "1639117883.023000",
        "blocks": [
            {
                "type": "rich_text",
                "block_id": "9xv0k",
                "elements": [
                    {
                        "type": "rich_text_section",
                        "elements": [
                            {
                                "type": "text",
                                "text": "なるほど、私の理解が間違っていて「チーム作成は可能だけど、メンバー追加はできない権限」があるのが分かりました！\n勉強になる。"
                            }
                        ]
                    }
                ]
            }
        ],
        "team": "TFU0BKCQP",
        "user_team": "TFU0BKCQP",
        "source_team": "TFU0BKCQP",
        "user_profile": {
            "avatar_hash": "gecad9d801d7",
            "image_72": "https:\/\/secure.gravatar.com\/avatar\/ecad9d801d79f6c6e5df93094690685e.jpg?s=72&d=https%3A%2F%2Fa.slack-edge.com%2Fdf10d%2Fimg%2Favatars%2Fava_0019-72.png",
            "first_name": "",
            "real_name": "Takumi Shotoku",
            "display_name": "Takumi Shotoku",
            "team": "TFU0BKCQP",
            "name": "sinsoku.listy",
            "is_restricted": false,
            "is_ultra_restricted": false
        },
        "thread_ts": "1638253329.010400",
        "parent_user_id": "U02NTCZJLAX",
        "reactions": [
            {
                "name": "raised_hands",
                "users": [
                    "U02NTCZJLAX"
                ],
                "count": 1
            }
        ]
    },
    {
        "client_msg_id": "60f5abf7-03d0-4b37-86fa-2e975fd1ea8d",
        "type": "message",
        "text": "あとちなみに\n&gt; それだとTerraformのコードとズレてしまうと思うのですが、どう運用しているのか気になりました。\nっていうのは、実際よくわかってない人とか忙しい人が普通に手動で権限いじっちゃうのでズレは生じるんですよね。\nズレを生じさせないことというよりは、ズレていた時にterraform定義を正とすることで棚卸しを容易にする、不正な権限を発見しやすくするということに主眼をおいています",
        "user": "U02NTCZJLAX",
        "ts": "1639122423.023300",
        "blocks": [
            {
                "type": "rich_text",
                "block_id": "nQoM",
                "elements": [
                    {
                        "type": "rich_text_section",
                        "elements": [
                            {
                                "type": "text",
                                "text": "あとちなみに\n"
                            }
                        ]
                    },
                    {
                        "type": "rich_text_quote",
                        "elements": [
                            {
                                "type": "text",
                                "text": "それだとTerraformのコードとズレてしまうと思うのですが、どう運用しているのか気になりました。"
                            }
                        ]
                    },
                    {
                        "type": "rich_text_section",
                        "elements": [
                            {
                                "type": "text",
                                "text": "\nっていうのは、実際よくわかってない人とか忙しい人が普通に手動で権限いじっちゃうのでズレは生じるんですよね。\nズレを生じさせないことというよりは、ズレていた時にterraform定義を正とすることで棚卸しを容易にする、不正な権限を発見しやすくするということに主眼をおいています"
                            }
                        ]
                    }
                ]
            }
        ],
        "team": "TFU0BKCQP",
        "user_team": "TFU0BKCQP",
        "source_team": "TFU0BKCQP",
        "user_profile": {
            "avatar_hash": "c5c08031276d",
            "image_72": "https:\/\/avatars.slack-edge.com\/2021-11-28\/2775441655891_c5c08031276daec59feb_72.png",
            "first_name": "moajo",
            "real_name": "moajo",
            "display_name": "moajo",
            "team": "TFU0BKCQP",
            "name": "mimirosiasd",
            "is_restricted": false,
            "is_ultra_restricted": false
        },
        "thread_ts": "1638253329.010400",
        "parent_user_id": "U02NTCZJLAX",
        "reactions": [
            {
                "name": "heart",
                "users": [
                    "U01NB7CKNF2"
                ],
                "count": 1
            }
        ]
    }
]