[
    {
        "type": "message",
        "subtype": "thread_broadcast",
        "text": "19日目かきました\n<https:\/\/twitter.com\/sogaoh\/status\/1472407792455925767?s=20>",
        "user": "UFT60TQCQ",
        "ts": "1639884515.026900",
        "thread_ts": "1638253329.010400",
        "root": {
            "client_msg_id": "f1150fe6-de03-47f1-97e7-7ec7e391f1c7",
            "type": "message",
            "text": "Day10参加します！\nたぶんgithub organizationの権限管理をterraform化した話を書きます",
            "user": "U02NTCZJLAX",
            "ts": "1638253329.010400",
            "blocks": [
                {
                    "type": "rich_text",
                    "block_id": "keNwo",
                    "elements": [
                        {
                            "type": "rich_text_section",
                            "elements": [
                                {
                                    "type": "text",
                                    "text": "Day10参加します！\nたぶんgithub organizationの権限管理をterraform化した話を書きます"
                                }
                            ]
                        }
                    ]
                }
            ],
            "team": "TFU0BKCQP",
            "thread_ts": "1638253329.010400",
            "reply_count": 15,
            "reply_users_count": 4,
            "latest_reply": "1639884515.026900",
            "reply_users": [
                "U02NTCZJLAX",
                "UFU0BKD8F",
                "U01NB7CKNF2",
                "UFT60TQCQ"
            ],
            "replies": [
                {
                    "user": "U02NTCZJLAX",
                    "ts": "1639063376.019100"
                },
                {
                    "user": "UFU0BKD8F",
                    "ts": "1639066662.019600"
                },
                {
                    "user": "U02NTCZJLAX",
                    "ts": "1639102249.020900"
                },
                {
                    "user": "UFU0BKD8F",
                    "ts": "1639102306.021100"
                },
                {
                    "user": "U01NB7CKNF2",
                    "ts": "1639106688.021500"
                },
                {
                    "user": "U02NTCZJLAX",
                    "ts": "1639110439.021700"
                },
                {
                    "user": "U02NTCZJLAX",
                    "ts": "1639110467.021900"
                },
                {
                    "user": "U01NB7CKNF2",
                    "ts": "1639113229.022100"
                },
                {
                    "user": "U02NTCZJLAX",
                    "ts": "1639115892.022400"
                },
                {
                    "user": "U02NTCZJLAX",
                    "ts": "1639115937.022600"
                },
                {
                    "user": "U02NTCZJLAX",
                    "ts": "1639115992.022800"
                },
                {
                    "user": "U01NB7CKNF2",
                    "ts": "1639117883.023000"
                },
                {
                    "user": "U02NTCZJLAX",
                    "ts": "1639122423.023300"
                },
                {
                    "user": "UFT60TQCQ",
                    "ts": "1639301326.023900"
                },
                {
                    "user": "UFT60TQCQ",
                    "ts": "1639884515.026900"
                }
            ],
            "is_locked": false,
            "subscribed": true,
            "last_read": "1639884515.026900"
        },
        "blocks": [
            {
                "type": "rich_text",
                "block_id": "RfoG=",
                "elements": [
                    {
                        "type": "rich_text_section",
                        "elements": [
                            {
                                "type": "text",
                                "text": "19日目かきました\n"
                            },
                            {
                                "type": "link",
                                "url": "https:\/\/twitter.com\/sogaoh\/status\/1472407792455925767?s=20"
                            }
                        ]
                    }
                ]
            }
        ],
        "attachments": [
            {
                "from_url": "https:\/\/twitter.com\/sogaoh\/status\/1472407792455925767?s=20",
                "ts": 1639884348,
                "id": 1,
                "original_url": "https:\/\/twitter.com\/sogaoh\/status\/1472407792455925767?s=20",
                "fallback": "<https:\/\/twitter.com\/sogaoh|@sogaoh>: #mackerelio #terraform アドベントカレンダー19日目のエントリかきました\n<https:\/\/zenn.dev\/sogaoh\/articles\/21-12-19-fb58235a2fbb6c>",
                "text": "#mackerelio #terraform アドベントカレンダー19日目のエントリかきました\n<https:\/\/zenn.dev\/sogaoh\/articles\/21-12-19-fb58235a2fbb6c>",
                "author_name": "央",
                "author_link": "https:\/\/twitter.com\/sogaoh\/status\/1472407792455925767",
                "author_icon": "https:\/\/pbs.twimg.com\/profile_images\/1377655606845140998\/9_-bGj5P_normal.jpg",
                "author_subname": "@sogaoh",
                "service_name": "twitter",
                "service_url": "https:\/\/twitter.com",
                "footer": "Twitter",
                "footer_icon": "https:\/\/a.slack-edge.com\/80588\/img\/services\/twitter_pixel_snapped_32.png"
            }
        ],
        "client_msg_id": "7a4279b5-624a-498b-ac31-a0d0ccc786e3",
        "reactions": [
            {
                "name": "tada",
                "users": [
                    "ULSHHPEBB",
                    "U02K7TWFJ83",
                    "U029HDK176Y",
                    "U01MNV17CSC",
                    "U01RV4S0WBA"
                ],
                "count": 5
            }
        ]
    }
]