[
    {
        "type": "message",
        "subtype": "bot_message",
        "text": "<https:\/\/www.reddit.com\/r\/Terraform\/comments\/c02h2j\/how_does_the_new_012_features_change_your_modules\/|How does the new 0.12 features change your modules ?>\nNow that we are able to do a lot of data manipulation with locals\/vars\/output and we can pass nested objects back and forth from and to modules , you could potentially write really polyphormic modules that create one or many resources ( maybe counting inside of them ) etc . What’s your view ? \n   submitted by   <https:\/\/www.reddit.com\/user\/bechampion| \/u\/bechampion > \n&lt;a...",
        "ts": "1560409306.002100",
        "username": "Terraform ALL the Worlds!",
        "icons": {
            "image_48": "https:\/\/s3-us-west-2.amazonaws.com\/slack-files2\/bot_icons\/2019-02-12\/548785199618_48.png"
        },
        "bot_id": "BG3N7LG73",
        "attachments": [
            {
                "service_name": "reddit",
                "title": "r\/Terraform - How does the new 0.12 features change your modules ?",
                "title_link": "https:\/\/www.reddit.com\/r\/Terraform\/comments\/c02h2j\/how_does_the_new_012_features_change_your_modules\/",
                "text": "0 votes and 0 comments so far on Reddit",
                "fallback": "reddit: r\/Terraform - How does the new 0.12 features change your modules ?",
                "from_url": "https:\/\/www.reddit.com\/r\/Terraform\/comments\/c02h2j\/how_does_the_new_012_features_change_your_modules\/",
                "service_icon": "https:\/\/www.redditstatic.com\/desktop2x\/img\/favicon\/apple-icon-57x57.png",
                "id": 1,
                "original_url": "https:\/\/www.reddit.com\/r\/Terraform\/comments\/c02h2j\/how_does_the_new_012_features_change_your_modules\/"
            },
            {
                "service_name": "reddit",
                "title": "bechampion (u\/bechampion) - Reddit",
                "title_link": "https:\/\/www.reddit.com\/user\/bechampion",
                "text": "u\/bechampion:",
                "fallback": "reddit: bechampion (u\/bechampion) - Reddit",
                "thumb_url": "https:\/\/www.redditstatic.com\/avatars\/avatar_default_07_4856A3.png",
                "from_url": "https:\/\/www.reddit.com\/user\/bechampion",
                "thumb_width": 256,
                "thumb_height": 256,
                "service_icon": "https:\/\/www.redditstatic.com\/desktop2x\/img\/favicon\/apple-icon-57x57.png",
                "id": 2,
                "original_url": "https:\/\/www.reddit.com\/user\/bechampion"
            }
        ]
    },
    {
        "type": "message",
        "subtype": "bot_message",
        "text": "<https:\/\/qiita.com\/yoshidna\/items\/83bba821fc802edcac71|[GCP]04.コマンドとTerraformでWindowsとCentOSをLaunchする>\n<https:\/\/qiita.com\/#%E5%89%8D%E6%8F%90>前提\n\n\ncloud init が完了していること\n\ngcloud config list にデフォルトプロジェクトが指定されていること\n[compute]\nregion = asia-east1\nzone = asia-east1-b\n[core]\naccount = <mailto:xxxxxxxx@gmail.com|xxxxxxxx@gmail.com>\ndisable_usage_reporting = True\nproject = t-environment\nYour active configuration is: [default]\n\n\nVPCとサブネットが作成されていること\nFirewall Ruleが設定されていること\nTerraformの初期設定（terraform init）が完了していること\n\n&lt;a...",
        "ts": "1560428804.002300",
        "username": "Terraformタグが付けられた新着記事 - Qiita",
        "icons": {
            "image_36": "https:\/\/a.slack-edge.com\/66f9\/img\/services\/rss_36.png",
            "image_48": "https:\/\/a.slack-edge.com\/66f9\/img\/services\/rss_48.png",
            "image_72": "https:\/\/a.slack-edge.com\/205a\/img\/services\/rss_72.png"
        },
        "bot_id": "BG3N7LG73",
        "attachments": [
            {
                "service_name": "Qiita",
                "title": "[GCP]コマンドとTerraformでWindowsとCentOSをLaunchする - Qiita",
                "title_link": "https:\/\/qiita.com\/yoshidna\/items\/83bba821fc802edcac71",
                "text": "# はじめに 作成したVPCにFirewall Ruleを追加する ## 前提 - `cloud init` が完了していること - `gcloud config list` にデフォルトプロジェクトが指定されていること ```b...",
                "fallback": "Qiita: [GCP]コマンドとTerraformでWindowsとCentOSをLaunchする - Qiita",
                "thumb_url": "https:\/\/cdn.qiita.com\/assets\/qiita-fb-2887e7b4aad86fd8c25cea84846f2236.png",
                "from_url": "https:\/\/qiita.com\/yoshidna\/items\/83bba821fc802edcac71",
                "thumb_width": 200,
                "thumb_height": 200,
                "service_icon": "https:\/\/cdn.qiita.com\/assets\/favicons\/public\/apple-touch-icon-f9a6afad761ec2306e10db2736187c8b.png",
                "id": 1,
                "original_url": "https:\/\/qiita.com\/yoshidna\/items\/83bba821fc802edcac71"
            },
            {
                "service_name": "Qiita",
                "title": "プログラマの技術情報共有サービス - Qiita",
                "title_link": "https:\/\/qiita.com\/#%E5%89%8D%E6%8F%90",
                "text": "Qiitaは、プログラマのための技術情報共有サービスです。 プログラミングに関するTips、ノウハウ、メモを簡単に記録 &amp; 公開することができます。",
                "fallback": "Qiita: プログラマの技術情報共有サービス - Qiita",
                "thumb_url": "https:\/\/cdn.qiita.com\/assets\/qiita-fb-2887e7b4aad86fd8c25cea84846f2236.png",
                "from_url": "https:\/\/qiita.com\/#%E5%89%8D%E6%8F%90",
                "thumb_width": 200,
                "thumb_height": 200,
                "service_icon": "https:\/\/cdn.qiita.com\/assets\/favicons\/public\/apple-touch-icon-f9a6afad761ec2306e10db2736187c8b.png",
                "id": 2,
                "original_url": "https:\/\/qiita.com\/#%E5%89%8D%E6%8F%90"
            }
        ]
    },
    {
        "type": "message",
        "subtype": "bot_message",
        "text": "<https:\/\/www.reddit.com\/r\/Terraform\/comments\/c07dgc\/using_external_jsons_as_data_source\/|Using external JSONs as data source>\nHi all, i have a online json file which i'am fetching using &gt;data \"http\"",
        "ts": "1560441104.002500",
        "username": "Terraform ALL the Worlds!",
        "icons": {
            "image_48": "https:\/\/s3-us-west-2.amazonaws.com\/slack-files2\/bot_icons\/2019-02-12\/548785199618_48.png"
        },
        "bot_id": "BG3N7LG73",
        "attachments": [
            {
                "service_name": "reddit",
                "title": "r\/Terraform - Using external JSONs as data source",
                "title_link": "https:\/\/www.reddit.com\/r\/Terraform\/comments\/c07dgc\/using_external_jsons_as_data_source\/",
                "text": "0 votes and 0 comments so far on Reddit",
                "fallback": "reddit: r\/Terraform - Using external JSONs as data source",
                "from_url": "https:\/\/www.reddit.com\/r\/Terraform\/comments\/c07dgc\/using_external_jsons_as_data_source\/",
                "service_icon": "https:\/\/www.redditstatic.com\/desktop2x\/img\/favicon\/apple-icon-57x57.png",
                "id": 1,
                "original_url": "https:\/\/www.reddit.com\/r\/Terraform\/comments\/c07dgc\/using_external_jsons_as_data_source\/"
            }
        ]
    },
    {
        "type": "message",
        "subtype": "bot_message",
        "text": "<https:\/\/www.reddit.com\/r\/Terraform\/comments\/c09gjn\/new_user_question_shared_config_for_resources\/|New user question: shared config for resources>\nI’m new to terraform (today), and I’m trying to use it to manage a load of gitlab repositories, using the gitlab provider, rather than the usual cloud cluster type applications. I have a load of gitlab_project resources that I want to have the same options, but different names etc. How should I best share config between them? So far I’ve tried having a separate resource per repo, which obviously involves a lot of duplication but works fine.  Then I tried using a single resource with...",
        "ts": "1560451912.002700",
        "username": "Terraform ALL the Worlds!",
        "icons": {
            "image_48": "https:\/\/s3-us-west-2.amazonaws.com\/slack-files2\/bot_icons\/2019-02-12\/548785199618_48.png"
        },
        "bot_id": "BG3N7LG73",
        "attachments": [
            {
                "service_name": "reddit",
                "title": "r\/Terraform - New user question: shared config for resources",
                "title_link": "https:\/\/www.reddit.com\/r\/Terraform\/comments\/c09gjn\/new_user_question_shared_config_for_resources\/",
                "text": "0 votes and 0 comments so far on Reddit",
                "fallback": "reddit: r\/Terraform - New user question: shared config for resources",
                "from_url": "https:\/\/www.reddit.com\/r\/Terraform\/comments\/c09gjn\/new_user_question_shared_config_for_resources\/",
                "service_icon": "https:\/\/www.redditstatic.com\/desktop2x\/img\/favicon\/apple-icon-57x57.png",
                "id": 1,
                "original_url": "https:\/\/www.reddit.com\/r\/Terraform\/comments\/c09gjn\/new_user_question_shared_config_for_resources\/"
            }
        ]
    },
    {
        "type": "message",
        "subtype": "bot_message",
        "text": "<https:\/\/www.reddit.com\/r\/Terraform\/comments\/c0bi7f\/authenticating_to_terraform_cloud_using_env_vars\/|Authenticating to Terraform Cloud using ENV VARs>\nHi there,  I've just signed up for Terraform Cloud to use their free state storage and I'm trying to figure it out how to authenticate using ENV VARs instead setting up a .terraformrc file. I'd like to setup a secret on my CI system and use it only on build time. Is there a way to do that?  Thanks! \n   submitted by   <https:\/\/www.reddit.com\/user\/brunopadz| \/u\/brunopadz > \n&lt;a...",
        "ts": "1560463000.002900",
        "username": "Terraform ALL the Worlds!",
        "icons": {
            "image_48": "https:\/\/s3-us-west-2.amazonaws.com\/slack-files2\/bot_icons\/2019-02-12\/548785199618_48.png"
        },
        "bot_id": "BG3N7LG73",
        "attachments": [
            {
                "service_name": "reddit",
                "title": "r\/Terraform - Authenticating to Terraform Cloud using ENV VARs",
                "title_link": "https:\/\/www.reddit.com\/r\/Terraform\/comments\/c0bi7f\/authenticating_to_terraform_cloud_using_env_vars\/",
                "text": "0 votes and 0 comments so far on Reddit",
                "fallback": "reddit: r\/Terraform - Authenticating to Terraform Cloud using ENV VARs",
                "from_url": "https:\/\/www.reddit.com\/r\/Terraform\/comments\/c0bi7f\/authenticating_to_terraform_cloud_using_env_vars\/",
                "service_icon": "https:\/\/www.redditstatic.com\/desktop2x\/img\/favicon\/apple-icon-57x57.png",
                "id": 1,
                "original_url": "https:\/\/www.reddit.com\/r\/Terraform\/comments\/c0bi7f\/authenticating_to_terraform_cloud_using_env_vars\/"
            }
        ]
    },
    {
        "type": "message",
        "subtype": "bot_message",
        "text": "<https:\/\/www.reddit.com\/r\/Terraform\/comments\/c0cn4d\/best_practices_for_structuring_terraform_projects\/|Best practices for structuring terraform projects>\nHi I was wondering how other organizations are approaching the issue we currently have. At our work we have a couple of main terraform projects that provisions the underlying core aws accounts, policies, network and infrastructure. Traditionally this has meant that practically everything the devs need with any new infrastructure such as a database will be created in these projects.  As we progress we have found instances where devs need resources quite specific to what they are implementing....",
        "ts": "1560466600.003100",
        "username": "Terraform ALL the Worlds!",
        "icons": {
            "image_48": "https:\/\/s3-us-west-2.amazonaws.com\/slack-files2\/bot_icons\/2019-02-12\/548785199618_48.png"
        },
        "bot_id": "BG3N7LG73",
        "attachments": [
            {
                "service_name": "reddit",
                "title": "r\/Terraform - Best practices for structuring terraform projects",
                "title_link": "https:\/\/www.reddit.com\/r\/Terraform\/comments\/c0cn4d\/best_practices_for_structuring_terraform_projects\/",
                "text": "0 votes and 0 comments so far on Reddit",
                "fallback": "reddit: r\/Terraform - Best practices for structuring terraform projects",
                "from_url": "https:\/\/www.reddit.com\/r\/Terraform\/comments\/c0cn4d\/best_practices_for_structuring_terraform_projects\/",
                "service_icon": "https:\/\/www.redditstatic.com\/desktop2x\/img\/favicon\/apple-icon-57x57.png",
                "id": 1,
                "original_url": "https:\/\/www.reddit.com\/r\/Terraform\/comments\/c0cn4d\/best_practices_for_structuring_terraform_projects\/"
            }
        ]
    }
]