[
    {
        "type": "message",
        "subtype": "bot_message",
        "text": "<https:\/\/qiita.com\/andromeda\/items\/32a6ae52ca2cf50449e2|インタラクティブに terraform plan 実行してくれるslackbot>\n<https:\/\/qiita.com\/#%E3%81%AF%E3%81%98%E3%82%81%E3%81%AB>はじめに\n\nうちのチームでは、AWS\/GCP合わせて、17プロジェクト程 terraformで管理しています。\n日々terraformの差分の確認等を少しでも自動化すべくslackbotを活用した事例です。\n\n自身の過去記事でterraform planを実行するslack botを作成しました。\n\n&lt;a href=\"<https:\/\/qiita.com\/andromeda\/items\/b07ae280270d4e0c4709>\"...",
        "ts": "1560673304.004200",
        "username": "Terraformタグが付けられた新着記事 - Qiita",
        "icons": {
            "image_36": "https:\/\/a.slack-edge.com\/66f9\/img\/services\/rss_36.png",
            "image_48": "https:\/\/a.slack-edge.com\/66f9\/img\/services\/rss_48.png",
            "image_72": "https:\/\/a.slack-edge.com\/205a\/img\/services\/rss_72.png"
        },
        "bot_id": "BG3N7LG73",
        "attachments": [
            {
                "service_name": "Qiita",
                "title": "インタラクティブに terraform plan 実行してくれるslackbot - Qiita",
                "title_link": "https:\/\/qiita.com\/andromeda\/items\/32a6ae52ca2cf50449e2",
                "text": "# はじめに うちのチームでは、AWS\/GCP合わせて、17プロジェクト程 terraformで管理しています。 日々terraformの差分の確認等を少しでも自動化すべくslackbotを活用した事例です。 自身の過去記事でte...",
                "fallback": "Qiita: インタラクティブに terraform plan 実行してくれるslackbot - Qiita",
                "thumb_url": "https:\/\/cdn.qiita.com\/assets\/qiita-fb-2887e7b4aad86fd8c25cea84846f2236.png",
                "from_url": "https:\/\/qiita.com\/andromeda\/items\/32a6ae52ca2cf50449e2",
                "thumb_width": 200,
                "thumb_height": 200,
                "service_icon": "https:\/\/cdn.qiita.com\/assets\/favicons\/public\/apple-touch-icon-f9a6afad761ec2306e10db2736187c8b.png",
                "id": 1,
                "original_url": "https:\/\/qiita.com\/andromeda\/items\/32a6ae52ca2cf50449e2"
            },
            {
                "service_name": "Qiita",
                "title": "プログラマの技術情報共有サービス - Qiita",
                "title_link": "https:\/\/qiita.com\/#%E3%81%AF%E3%81%98%E3%82%81%E3%81%AB",
                "text": "Qiitaは、プログラマのための技術情報共有サービスです。 プログラミングに関するTips、ノウハウ、メモを簡単に記録 &amp; 公開することができます。",
                "fallback": "Qiita: プログラマの技術情報共有サービス - Qiita",
                "thumb_url": "https:\/\/cdn.qiita.com\/assets\/qiita-fb-2887e7b4aad86fd8c25cea84846f2236.png",
                "from_url": "https:\/\/qiita.com\/#%E3%81%AF%E3%81%98%E3%82%81%E3%81%AB",
                "thumb_width": 200,
                "thumb_height": 200,
                "service_icon": "https:\/\/cdn.qiita.com\/assets\/favicons\/public\/apple-touch-icon-f9a6afad761ec2306e10db2736187c8b.png",
                "id": 2,
                "original_url": "https:\/\/qiita.com\/#%E3%81%AF%E3%81%98%E3%82%81%E3%81%AB"
            },
            {
                "service_name": "Qiita",
                "title": "pythonでterraform planを実行してslackへ通知する - Qiita",
                "title_link": "https:\/\/qiita.com\/andromeda\/items\/b07ae280270d4e0c4709",
                "text": "# はじめに Terraformを導入して1年程度で管理するawsアカウントやgcpプロジェクトが10程度に増えました。 日々の差分チェックを怠ると、いざリソース追加しようとして terraform planを実行したら、 `Plan...",
                "fallback": "Qiita: pythonでterraform planを実行してslackへ通知する - Qiita",
                "thumb_url": "https:\/\/cdn.qiita.com\/assets\/qiita-fb-2887e7b4aad86fd8c25cea84846f2236.png",
                "from_url": "https:\/\/qiita.com\/andromeda\/items\/b07ae280270d4e0c4709",
                "thumb_width": 200,
                "thumb_height": 200,
                "service_icon": "https:\/\/cdn.qiita.com\/assets\/favicons\/public\/apple-touch-icon-f9a6afad761ec2306e10db2736187c8b.png",
                "id": 3,
                "original_url": "https:\/\/qiita.com\/andromeda\/items\/b07ae280270d4e0c4709"
            }
        ]
    },
    {
        "type": "message",
        "subtype": "bot_message",
        "text": "<https:\/\/dev.classmethod.jp\/cloud\/aws\/atlantis-terraform\/|TerraformをPull Request上のコマンドで実行！Atlantisを試してみた>\nこんにちは。かたいなかです。 現在関わっているプロジェクトで、Terraformの適用をイイ感じに行う方法を検討しています。 そのなかで、GitHubのPRコメントのコマンドでTerraformのplanやapplyを行 […]",
        "ts": "1560680746.004400",
        "username": "Terraform – DevelopersIO",
        "icons": {
            "image_36": "https:\/\/a.slack-edge.com\/66f9\/img\/services\/rss_36.png",
            "image_48": "https:\/\/a.slack-edge.com\/66f9\/img\/services\/rss_48.png",
            "image_72": "https:\/\/a.slack-edge.com\/205a\/img\/services\/rss_72.png"
        },
        "bot_id": "BG3N7LG73",
        "attachments": [
            {
                "service_name": "DevelopersIO | クラスメソッド発「やってみた」系技術メディア",
                "title": "TerraformをPull Request上からイイ感じに実行！Atlantisを試してみた | DevelopersIO",
                "title_link": "https:\/\/dev.classmethod.jp\/cloud\/aws\/atlantis-terraform\/",
                "text": "こんにちは。かたいなかです。 現在関わっているプロジェクトで、Terraformの適用をイイ感じに行う方法を検討しています。 そのなかで、GitHubのPRコメントのコマンドでTerraformのplanやapplyを行 […]",
                "fallback": "DevelopersIO | クラスメソッド発「やってみた」系技術メディア: TerraformをPull Request上からイイ感じに実行！Atlantisを試してみた | DevelopersIO",
                "image_url": "https:\/\/cdn-ssl-devio-img.classmethod.jp\/wp-content\/uploads\/2019\/06\/Atlantis-logo-1200x630.png",
                "from_url": "https:\/\/dev.classmethod.jp\/cloud\/aws\/atlantis-terraform\/",
                "image_width": 476,
                "image_height": 250,
                "image_bytes": 37778,
                "service_icon": "https:\/\/cdn-ssl-devio-img.classmethod.jp\/wp-content\/uploads\/2017\/07\/icatch2017.png",
                "id": 1,
                "original_url": "https:\/\/dev.classmethod.jp\/cloud\/aws\/atlantis-terraform\/"
            }
        ]
    },
    {
        "type": "message",
        "subtype": "bot_message",
        "text": "<https:\/\/www.reddit.com\/r\/Terraform\/comments\/c1fem5\/terraform_schedulling_terraform_destroy\/|Terraform Schedulling \"terraform destroy\">\nI've a situation that it was better if I can schedul a \"terraform destroy\" instead of remember every day to do that. ​ Anyone already pass throught it? Or know a tool that provides remote terraform commands execution? ​ Cheers \n   submitted by   <https:\/\/www.reddit.com\/user\/dminella| \/u\/dminella > \n<https:\/\/www.reddit.com\/r\/Terraform\/comments\/c1fem5\/terraform_schedulling_terraform_destroy\/|[link]>   &lt;a...",
        "ts": "1560721901.004600",
        "username": "Terraform ALL the Worlds!",
        "icons": {
            "image_48": "https:\/\/s3-us-west-2.amazonaws.com\/slack-files2\/bot_icons\/2019-02-12\/548785199618_48.png"
        },
        "bot_id": "BG3N7LG73",
        "attachments": [
            {
                "service_name": "reddit",
                "title": "r\/Terraform - Terraform Schedulling \"terraform destroy\"",
                "title_link": "https:\/\/www.reddit.com\/r\/Terraform\/comments\/c1fem5\/terraform_schedulling_terraform_destroy\/",
                "text": "0 votes and 0 comments so far on Reddit",
                "fallback": "reddit: r\/Terraform - Terraform Schedulling \"terraform destroy\"",
                "from_url": "https:\/\/www.reddit.com\/r\/Terraform\/comments\/c1fem5\/terraform_schedulling_terraform_destroy\/",
                "service_icon": "https:\/\/www.redditstatic.com\/desktop2x\/img\/favicon\/apple-icon-57x57.png",
                "id": 1,
                "original_url": "https:\/\/www.reddit.com\/r\/Terraform\/comments\/c1fem5\/terraform_schedulling_terraform_destroy\/"
            }
        ]
    }
]