[
    {
        "user": "UKT912NG5",
        "type": "message",
        "subtype": "channel_join",
        "ts": "1561214866.010700",
        "text": "<@UKT912NG5>さんがチャンネルに参加しました"
    },
    {
        "type": "message",
        "subtype": "bot_message",
        "text": "<https:\/\/www.reddit.com\/r\/Terraform\/comments\/c3upqg\/learn_terraform_from_tutorials_courses_books\/|Learn Terraform from tutorials, courses &amp; books>\nsubmitted by   <https:\/\/www.reddit.com\/user\/ReactDOM| \/u\/ReactDOM > \n<https:\/\/reactdom.com\/terraform|[link]>   <https:\/\/www.reddit.com\/r\/Terraform\/comments\/c3upqg\/learn_terraform_from_tutorials_courses_books\/|[comments]>",
        "ts": "1561237898.010800",
        "username": "Terraform ALL the Worlds!",
        "icons": {
            "image_48": "https:\/\/s3-us-west-2.amazonaws.com\/slack-files2\/bot_icons\/2019-02-12\/548785199618_48.png"
        },
        "bot_id": "BG3N7LG73",
        "attachments": [
            {
                "service_name": "reddit",
                "title": "r\/Terraform - Learn Terraform from tutorials, courses &amp; books",
                "title_link": "https:\/\/www.reddit.com\/r\/Terraform\/comments\/c3upqg\/learn_terraform_from_tutorials_courses_books\/",
                "text": "0 votes and 0 comments so far on Reddit",
                "fallback": "reddit: r\/Terraform - Learn Terraform from tutorials, courses &amp; books",
                "thumb_url": "https:\/\/external-preview.redd.it\/JhEtvMvTB8gBkeQeVIMVXP9B5VE3U-_cu7bFfn-5xKE.jpg?auto=webp&s=28d980b9c16d0bdc47e9ce0c9ff7bd0b0e207f05",
                "from_url": "https:\/\/www.reddit.com\/r\/Terraform\/comments\/c3upqg\/learn_terraform_from_tutorials_courses_books\/",
                "thumb_width": 750,
                "thumb_height": 422,
                "service_icon": "https:\/\/www.redditstatic.com\/desktop2x\/img\/favicon\/apple-icon-57x57.png",
                "id": 1,
                "original_url": "https:\/\/www.reddit.com\/r\/Terraform\/comments\/c3upqg\/learn_terraform_from_tutorials_courses_books\/"
            },
            {
                "service_name": "reddit",
                "title": "ReactDOM (u\/ReactDOM) - Reddit",
                "title_link": "https:\/\/www.reddit.com\/user\/ReactDOM",
                "text": "u\/ReactDOM: Join thousands of developers stay updated with all the latest ReactJS, React Native &amp; GraphQL with the ReactDOM Newsletter. Also …",
                "fallback": "reddit: ReactDOM (u\/ReactDOM) - Reddit",
                "thumb_url": "https:\/\/www.redditstatic.com\/avatars\/avatar_default_06_FF8717.png",
                "from_url": "https:\/\/www.reddit.com\/user\/ReactDOM",
                "thumb_width": 256,
                "thumb_height": 256,
                "service_icon": "https:\/\/www.redditstatic.com\/desktop2x\/img\/favicon\/apple-icon-57x57.png",
                "id": 2,
                "original_url": "https:\/\/www.reddit.com\/user\/ReactDOM"
            },
            {
                "service_name": "ReactDOM",
                "title": "Learn Terraform: Best Terraform tutorials, courses &amp; books 2019",
                "title_link": "https:\/\/reactdom.com\/terraform",
                "text": "Best Terraform tutorials, Best Terraform books &amp; Best Terraform courses to learn Terraform in 2019",
                "fallback": "ReactDOM: Learn Terraform: Best Terraform tutorials, courses &amp; books 2019",
                "image_url": "http:\/\/udemy-images.udemy.com\/course\/750x422\/1617616_5a60_2.jpg",
                "from_url": "https:\/\/reactdom.com\/terraform",
                "image_width": 444,
                "image_height": 250,
                "image_bytes": 33577,
                "id": 3,
                "original_url": "https:\/\/reactdom.com\/terraform"
            }
        ]
    },
    {
        "type": "message",
        "subtype": "bot_message",
        "text": "<https:\/\/qiita.com\/sky0621\/items\/08afae927cf9e45b3aaa|Terraform備忘録>\n<https:\/\/qiita.com\/#%E3%81%8A%E9%A1%8C>お題\n\nTerraform(v0.12)での備忘録。\nTerraform CLIのインストールやAWSプロジェクトの作成及びローカルからコマンド叩ける状態になっている前提。\n\n\n<https:\/\/qiita.com\/#%E7%92%B0%E5%A2%83>環境\n\n\n<https:\/\/qiita.com\/#-os---linuxubuntu># OS - Linux(Ubuntu)\n\n$ cat \/etc\/os-release \nNAME=\"Ubuntu\"\nVERSION=\"18.04.2 LTS (Bionic Beaver)\"\n\n\n\n<https:\/\/qiita.com\/#-ide---visual-studio-code># IDE - Visual Studio Code\n\nVersion: 1.35.1\nCommit:...",
        "ts": "1561246303.011000",
        "username": "Terraformタグが付けられた新着記事 - Qiita",
        "icons": {
            "image_36": "https:\/\/a.slack-edge.com\/66f9\/img\/services\/rss_36.png",
            "image_48": "https:\/\/a.slack-edge.com\/66f9\/img\/services\/rss_48.png",
            "image_72": "https:\/\/a.slack-edge.com\/205a\/img\/services\/rss_72.png"
        },
        "bot_id": "BG3N7LG73",
        "attachments": [
            {
                "service_name": "Qiita",
                "title": "Terraform備忘録 - Qiita",
                "title_link": "https:\/\/qiita.com\/sky0621\/items\/08afae927cf9e45b3aaa",
                "text": "# お題 Terraform(`v0.12`)での備忘録。 Terraform CLIのインストールやAWSプロジェクトの作成及びローカルからコマンド叩ける状態になっている前提。 # 環境 ### # OS - Linux(Ubun...",
                "fallback": "Qiita: Terraform備忘録 - Qiita",
                "thumb_url": "https:\/\/cdn.qiita.com\/assets\/qiita-fb-2887e7b4aad86fd8c25cea84846f2236.png",
                "from_url": "https:\/\/qiita.com\/sky0621\/items\/08afae927cf9e45b3aaa",
                "thumb_width": 200,
                "thumb_height": 200,
                "service_icon": "https:\/\/cdn.qiita.com\/assets\/favicons\/public\/apple-touch-icon-f9a6afad761ec2306e10db2736187c8b.png",
                "id": 1,
                "original_url": "https:\/\/qiita.com\/sky0621\/items\/08afae927cf9e45b3aaa"
            },
            {
                "service_name": "Qiita",
                "title": "プログラマの技術情報共有サービス - Qiita",
                "title_link": "https:\/\/qiita.com\/#%E3%81%8A%E9%A1%8C",
                "text": "Qiitaは、プログラマのための技術情報共有サービスです。 プログラミングに関するTips、ノウハウ、メモを簡単に記録 &amp; 公開することができます。",
                "fallback": "Qiita: プログラマの技術情報共有サービス - Qiita",
                "thumb_url": "https:\/\/cdn.qiita.com\/assets\/qiita-fb-2887e7b4aad86fd8c25cea84846f2236.png",
                "from_url": "https:\/\/qiita.com\/#%E3%81%8A%E9%A1%8C",
                "thumb_width": 200,
                "thumb_height": 200,
                "service_icon": "https:\/\/cdn.qiita.com\/assets\/favicons\/public\/apple-touch-icon-f9a6afad761ec2306e10db2736187c8b.png",
                "id": 2,
                "original_url": "https:\/\/qiita.com\/#%E3%81%8A%E9%A1%8C"
            },
            {
                "service_name": "Qiita",
                "title": "プログラマの技術情報共有サービス - Qiita",
                "title_link": "https:\/\/qiita.com\/#%E7%92%B0%E5%A2%83",
                "text": "Qiitaは、プログラマのための技術情報共有サービスです。 プログラミングに関するTips、ノウハウ、メモを簡単に記録 &amp; 公開することができます。",
                "fallback": "Qiita: プログラマの技術情報共有サービス - Qiita",
                "thumb_url": "https:\/\/cdn.qiita.com\/assets\/qiita-fb-2887e7b4aad86fd8c25cea84846f2236.png",
                "from_url": "https:\/\/qiita.com\/#%E7%92%B0%E5%A2%83",
                "thumb_width": 200,
                "thumb_height": 200,
                "service_icon": "https:\/\/cdn.qiita.com\/assets\/favicons\/public\/apple-touch-icon-f9a6afad761ec2306e10db2736187c8b.png",
                "id": 3,
                "original_url": "https:\/\/qiita.com\/#%E7%92%B0%E5%A2%83"
            },
            {
                "service_name": "Qiita",
                "title": "プログラマの技術情報共有サービス - Qiita",
                "title_link": "https:\/\/qiita.com\/#-os---linuxubuntu",
                "text": "Qiitaは、プログラマのための技術情報共有サービスです。 プログラミングに関するTips、ノウハウ、メモを簡単に記録 &amp; 公開することができます。",
                "fallback": "Qiita: プログラマの技術情報共有サービス - Qiita",
                "thumb_url": "https:\/\/cdn.qiita.com\/assets\/qiita-fb-2887e7b4aad86fd8c25cea84846f2236.png",
                "from_url": "https:\/\/qiita.com\/#-os---linuxubuntu",
                "thumb_width": 200,
                "thumb_height": 200,
                "service_icon": "https:\/\/cdn.qiita.com\/assets\/favicons\/public\/apple-touch-icon-f9a6afad761ec2306e10db2736187c8b.png",
                "id": 4,
                "original_url": "https:\/\/qiita.com\/#-os---linuxubuntu"
            },
            {
                "service_name": "Qiita",
                "title": "プログラマの技術情報共有サービス - Qiita",
                "title_link": "https:\/\/qiita.com\/#-ide---visual-studio-code",
                "text": "Qiitaは、プログラマのための技術情報共有サービスです。 プログラミングに関するTips、ノウハウ、メモを簡単に記録 &amp; 公開することができます。",
                "fallback": "Qiita: プログラマの技術情報共有サービス - Qiita",
                "thumb_url": "https:\/\/cdn.qiita.com\/assets\/qiita-fb-2887e7b4aad86fd8c25cea84846f2236.png",
                "from_url": "https:\/\/qiita.com\/#-ide---visual-studio-code",
                "thumb_width": 200,
                "thumb_height": 200,
                "service_icon": "https:\/\/cdn.qiita.com\/assets\/favicons\/public\/apple-touch-icon-f9a6afad761ec2306e10db2736187c8b.png",
                "id": 5,
                "original_url": "https:\/\/qiita.com\/#-ide---visual-studio-code"
            }
        ]
    }
]