[
    {
        "type": "message",
        "subtype": "bot_message",
        "text": "<https:\/\/www.reddit.com\/r\/Terraform\/comments\/c58977\/terraform_ovh_openstack_dns_server_on_private\/|Terraform -OVH &amp; Openstack : DNS Server on private subnet>\nHello here !  ​ I currently build networks and subnets on Openstack using Terraform and OVH Provider. I can set nearly all I want except DNS server.  ​ And, I don't find anything on the doc :  <https:\/\/www.terraform.io\/docs\/providers\/ovh\/r\/cloud_network_private_subnet.html|https:\/\/www.terraform.io\/docs\/providers\/ovh\/r\/cloud_network_private_subnet.html> ​ Any tips to set a DNS on subnet creation via OVH Provider ? Or I must create it using Openstack provider ?  ​ Thanks !...",
        "ts": "1561468302.012400",
        "username": "Terraform ALL the Worlds!",
        "icons": {
            "image_48": "https:\/\/s3-us-west-2.amazonaws.com\/slack-files2\/bot_icons\/2019-02-12\/548785199618_48.png"
        },
        "bot_id": "BG3N7LG73",
        "attachments": [
            {
                "service_name": "reddit",
                "title": "r\/Terraform - Terraform -OVH &amp; Openstack : DNS Server on private subnet",
                "title_link": "https:\/\/www.reddit.com\/r\/Terraform\/comments\/c58977\/terraform_ovh_openstack_dns_server_on_private\/",
                "text": "0 votes and 0 comments so far on Reddit",
                "fallback": "reddit: r\/Terraform - Terraform -OVH &amp; Openstack : DNS Server on private subnet",
                "thumb_url": "https:\/\/external-preview.redd.it\/KzizhgzKGs2jUWKDOfEY85A9lpNMWqKqLZJyPXp-kGg.jpg?auto=webp&s=c596aaaceac54d4261a6012c1f385c6a7d7c8310",
                "from_url": "https:\/\/www.reddit.com\/r\/Terraform\/comments\/c58977\/terraform_ovh_openstack_dns_server_on_private\/",
                "thumb_width": 712,
                "thumb_height": 712,
                "service_icon": "https:\/\/www.redditstatic.com\/desktop2x\/img\/favicon\/apple-icon-57x57.png",
                "id": 1,
                "original_url": "https:\/\/www.reddit.com\/r\/Terraform\/comments\/c58977\/terraform_ovh_openstack_dns_server_on_private\/"
            },
            {
                "service_name": "Terraform by HashiCorp",
                "title": "OVH: cloud_network_private_subnet - Terraform by HashiCorp",
                "title_link": "https:\/\/www.terraform.io\/docs\/providers\/ovh\/r\/cloud_network_private_subnet.html",
                "text": "Creates a subnet in a private network of a public cloud project.",
                "fallback": "Terraform by HashiCorp: OVH: cloud_network_private_subnet - Terraform by HashiCorp",
                "thumb_url": "https:\/\/www.terraform.io\/assets\/images\/og-image-8b3e4f7d.png",
                "from_url": "https:\/\/www.terraform.io\/docs\/providers\/ovh\/r\/cloud_network_private_subnet.html",
                "thumb_width": 712,
                "thumb_height": 712,
                "service_icon": "https:\/\/www.terraform.io\/assets\/images\/favicons\/apple-touch-icon-13180a24.png",
                "id": 2,
                "original_url": "https:\/\/www.terraform.io\/docs\/providers\/ovh\/r\/cloud_network_private_subnet.html"
            }
        ]
    },
    {
        "type": "message",
        "subtype": "bot_message",
        "text": "<https:\/\/qiita.com\/takoikatakotako\/items\/0ff29e014c0812b4b369|Terraform で書く CodeBuild -&gt; ECR -&gt; ECS with Vapor その1>\nTerraform v0.12.1\n\nSwift製 WebFrameWork である Vapor をECS へのデプロイするところまでをTerraformの練習として書きました。\n解説記事というよりは個人的な忘備録、メモになります。\n\nTerraform が初めての場合は Terraform 公式のチュートリアルにまず取り掛かる事をお勧めします。\nTerraform はバージョンによる差異も大きく、そしてどんどん良いものになっているため、これから始めるのであれば最新版を使うことをお勧めします。\n\n<https:\/\/www.terraform.io\/intro\/index.html|Introduction to Terraform>\n\n\n&lt;a...",
        "ts": "1561468907.012600",
        "username": "Terraformタグが付けられた新着記事 - Qiita",
        "icons": {
            "image_36": "https:\/\/a.slack-edge.com\/66f9\/img\/services\/rss_36.png",
            "image_48": "https:\/\/a.slack-edge.com\/66f9\/img\/services\/rss_48.png",
            "image_72": "https:\/\/a.slack-edge.com\/205a\/img\/services\/rss_72.png"
        },
        "bot_id": "BG3N7LG73",
        "attachments": [
            {
                "service_name": "Qiita",
                "title": "Terraform で書く CodeBuild -&gt; ECR -&gt; ECS with Vapor その1 - Qiita",
                "title_link": "https:\/\/qiita.com\/takoikatakotako\/items\/0ff29e014c0812b4b369",
                "text": "`Terraform v0.12.1` Swift製 WebFrameWork である Vapor をECS へのデプロイするところまでをTerraformの練習として書きました。 解説記事というよりは個人的な忘備録、メモになります...",
                "fallback": "Qiita: Terraform で書く CodeBuild -&gt; ECR -&gt; ECS with Vapor その1 - Qiita",
                "thumb_url": "https:\/\/cdn.qiita.com\/assets\/qiita-fb-2887e7b4aad86fd8c25cea84846f2236.png",
                "from_url": "https:\/\/qiita.com\/takoikatakotako\/items\/0ff29e014c0812b4b369",
                "thumb_width": 200,
                "thumb_height": 200,
                "service_icon": "https:\/\/cdn.qiita.com\/assets\/favicons\/public\/apple-touch-icon-f9a6afad761ec2306e10db2736187c8b.png",
                "id": 1,
                "original_url": "https:\/\/qiita.com\/takoikatakotako\/items\/0ff29e014c0812b4b369"
            },
            {
                "service_name": "Terraform by HashiCorp",
                "title": "Introduction - Terraform by HashiCorp",
                "title_link": "https:\/\/www.terraform.io\/intro\/index.html",
                "text": "Welcome to the intro guide to Terraform! This guide is the best place to start with Terraform. We cover what Terraform is, what problems it can solve, how it compares to existing software, and contains a quick start for using Terraform.",
                "fallback": "Terraform by HashiCorp: Introduction - Terraform by HashiCorp",
                "image_url": "https:\/\/www.terraform.io\/assets\/images\/og-image-large-e60c82fe.png",
                "from_url": "https:\/\/www.terraform.io\/intro\/index.html",
                "image_width": 476,
                "image_height": 250,
                "image_bytes": 11094,
                "service_icon": "https:\/\/www.terraform.io\/assets\/images\/favicons\/apple-touch-icon-13180a24.png",
                "id": 2,
                "original_url": "https:\/\/www.terraform.io\/intro\/index.html"
            }
        ]
    }
]