[
    {
        "type": "message",
        "subtype": "bot_message",
        "text": "<https:\/\/qiita.com\/yoshidna\/items\/17374c35557c38a194ab|[GCP]カスタムモードのVPCをコマンドとTerraformで作成する>\n<https:\/\/qiita.com\/#%E3%81%AF%E3%81%98%E3%82%81%E3%81%AB>はじめに\n\nカスタムモードのVPCをコマンドラインとTerraformから作成する\n\n\n<https:\/\/qiita.com\/#%E5%89%8D%E6%8F%90>前提\n\n\n\ncloud init が完了していること\n\ngcloud config list にデフォルトプロジェクトが指定されていること\n\n[compute]\nregion = asia-east1\nzone = asia-east1-b\n[core]\naccount = <mailto:xxxxxxxx@gmail.com|xxxxxxxx@gmail.com>\ndisable_usage_reporting = True\nproject =...",
        "ts": "1560329803.000700",
        "username": "Terraformタグが付けられた新着記事 - Qiita",
        "icons": {
            "image_36": "https:\/\/a.slack-edge.com\/66f9\/img\/services\/rss_36.png",
            "image_48": "https:\/\/a.slack-edge.com\/66f9\/img\/services\/rss_48.png",
            "image_72": "https:\/\/a.slack-edge.com\/205a\/img\/services\/rss_72.png"
        },
        "bot_id": "BG3N7LG73",
        "attachments": [
            {
                "service_name": "Qiita",
                "title": "[GCP]カスタムモードのVPCをコマンドとTerraformで作成する - Qiita",
                "title_link": "https:\/\/qiita.com\/yoshidna\/items\/17374c35557c38a194ab",
                "text": "# はじめに カスタムモードのVPCをコマンドラインとTerraformから作成する ## 前提 - `cloud init` が完了していること - `gcloud config list` にデフォルトプロジェクトが指定されてい...",
                "fallback": "Qiita: [GCP]カスタムモードのVPCをコマンドとTerraformで作成する - Qiita",
                "thumb_url": "https:\/\/cdn.qiita.com\/assets\/qiita-fb-2887e7b4aad86fd8c25cea84846f2236.png",
                "from_url": "https:\/\/qiita.com\/yoshidna\/items\/17374c35557c38a194ab",
                "thumb_width": 200,
                "thumb_height": 200,
                "service_icon": "https:\/\/cdn.qiita.com\/assets\/favicons\/public\/apple-touch-icon-f9a6afad761ec2306e10db2736187c8b.png",
                "id": 1,
                "original_url": "https:\/\/qiita.com\/yoshidna\/items\/17374c35557c38a194ab"
            },
            {
                "service_name": "Qiita",
                "title": "プログラマの技術情報共有サービス - Qiita",
                "title_link": "https:\/\/qiita.com\/#%E3%81%AF%E3%81%98%E3%82%81%E3%81%AB",
                "text": "Qiitaは、プログラマのための技術情報共有サービスです。 プログラミングに関するTips、ノウハウ、メモを簡単に記録 &amp; 公開することができます。",
                "fallback": "Qiita: プログラマの技術情報共有サービス - Qiita",
                "thumb_url": "https:\/\/cdn.qiita.com\/assets\/qiita-fb-2887e7b4aad86fd8c25cea84846f2236.png",
                "from_url": "https:\/\/qiita.com\/#%E3%81%AF%E3%81%98%E3%82%81%E3%81%AB",
                "thumb_width": 200,
                "thumb_height": 200,
                "service_icon": "https:\/\/cdn.qiita.com\/assets\/favicons\/public\/apple-touch-icon-f9a6afad761ec2306e10db2736187c8b.png",
                "id": 2,
                "original_url": "https:\/\/qiita.com\/#%E3%81%AF%E3%81%98%E3%82%81%E3%81%AB"
            },
            {
                "service_name": "Qiita",
                "title": "プログラマの技術情報共有サービス - Qiita",
                "title_link": "https:\/\/qiita.com\/#%E5%89%8D%E6%8F%90",
                "text": "Qiitaは、プログラマのための技術情報共有サービスです。 プログラミングに関するTips、ノウハウ、メモを簡単に記録 &amp; 公開することができます。",
                "fallback": "Qiita: プログラマの技術情報共有サービス - Qiita",
                "thumb_url": "https:\/\/cdn.qiita.com\/assets\/qiita-fb-2887e7b4aad86fd8c25cea84846f2236.png",
                "from_url": "https:\/\/qiita.com\/#%E5%89%8D%E6%8F%90",
                "thumb_width": 200,
                "thumb_height": 200,
                "service_icon": "https:\/\/cdn.qiita.com\/assets\/favicons\/public\/apple-touch-icon-f9a6afad761ec2306e10db2736187c8b.png",
                "id": 3,
                "original_url": "https:\/\/qiita.com\/#%E5%89%8D%E6%8F%90"
            }
        ]
    },
    {
        "type": "message",
        "subtype": "bot_message",
        "text": "<https:\/\/qiita.com\/yoshidna\/items\/fea54bbe1fabc0ac6105|[GCP]作ったVPCにコマンドとTerraformでFirewall Ruleを作成する>\n<https:\/\/qiita.com\/#%E3%81%AF%E3%81%98%E3%82%81%E3%81%AB>はじめに\n\n<https:\/\/qiita.com\/yoshidna\/items\/17374c35557c38a194ab|前項>で作成したVPCにFirewall Ruleを追加する\n\n\n<https:\/\/qiita.com\/#%E5%89%8D%E6%8F%90>前提\n\n\n\ncloud init が完了していること\n\ngcloud config list にデフォルトプロジェクトが指定されていること\n\n[compute]\nregion = asia-east1\nzone = asia-east1-b\n[core]\naccount = <mailto:xxxxxxxx@gmail.com|xxxxxxxx@gmail.com>...",
        "ts": "1560342427.000900",
        "username": "Terraformタグが付けられた新着記事 - Qiita",
        "icons": {
            "image_36": "https:\/\/a.slack-edge.com\/66f9\/img\/services\/rss_36.png",
            "image_48": "https:\/\/a.slack-edge.com\/66f9\/img\/services\/rss_48.png",
            "image_72": "https:\/\/a.slack-edge.com\/205a\/img\/services\/rss_72.png"
        },
        "bot_id": "BG3N7LG73",
        "attachments": [
            {
                "service_name": "Qiita",
                "title": "[GCP]作ったVPCにコマンドとTerraformでFirewall Ruleを作成する - Qiita",
                "title_link": "https:\/\/qiita.com\/yoshidna\/items\/fea54bbe1fabc0ac6105",
                "text": "# はじめに [前項](<https:\/\/qiita.com\/yoshidna\/items\/17374c35557c38a194ab>)で作成したVPCにFirewall Ruleを追加する ## 前提 - `cloud init` が...",
                "fallback": "Qiita: [GCP]作ったVPCにコマンドとTerraformでFirewall Ruleを作成する - Qiita",
                "thumb_url": "https:\/\/cdn.qiita.com\/assets\/qiita-fb-2887e7b4aad86fd8c25cea84846f2236.png",
                "from_url": "https:\/\/qiita.com\/yoshidna\/items\/fea54bbe1fabc0ac6105",
                "thumb_width": 200,
                "thumb_height": 200,
                "service_icon": "https:\/\/cdn.qiita.com\/assets\/favicons\/public\/apple-touch-icon-f9a6afad761ec2306e10db2736187c8b.png",
                "id": 1,
                "original_url": "https:\/\/qiita.com\/yoshidna\/items\/fea54bbe1fabc0ac6105"
            },
            {
                "service_name": "Qiita",
                "title": "プログラマの技術情報共有サービス - Qiita",
                "title_link": "https:\/\/qiita.com\/#%E3%81%AF%E3%81%98%E3%82%81%E3%81%AB",
                "text": "Qiitaは、プログラマのための技術情報共有サービスです。 プログラミングに関するTips、ノウハウ、メモを簡単に記録 &amp; 公開することができます。",
                "fallback": "Qiita: プログラマの技術情報共有サービス - Qiita",
                "thumb_url": "https:\/\/cdn.qiita.com\/assets\/qiita-fb-2887e7b4aad86fd8c25cea84846f2236.png",
                "from_url": "https:\/\/qiita.com\/#%E3%81%AF%E3%81%98%E3%82%81%E3%81%AB",
                "thumb_width": 200,
                "thumb_height": 200,
                "service_icon": "https:\/\/cdn.qiita.com\/assets\/favicons\/public\/apple-touch-icon-f9a6afad761ec2306e10db2736187c8b.png",
                "id": 2,
                "original_url": "https:\/\/qiita.com\/#%E3%81%AF%E3%81%98%E3%82%81%E3%81%AB"
            },
            {
                "service_name": "Qiita",
                "title": "[GCP]カスタムモードのVPCをコマンドとTerraformで作成する - Qiita",
                "title_link": "https:\/\/qiita.com\/yoshidna\/items\/17374c35557c38a194ab",
                "text": "# はじめに カスタムモードのVPCをコマンドラインとTerraformから作成する ## 前提 - `cloud init` が完了していること - `gcloud config list` にデフォルトプロジェクトが指定されてい...",
                "fallback": "Qiita: [GCP]カスタムモードのVPCをコマンドとTerraformで作成する - Qiita",
                "thumb_url": "https:\/\/cdn.qiita.com\/assets\/qiita-fb-2887e7b4aad86fd8c25cea84846f2236.png",
                "from_url": "https:\/\/qiita.com\/yoshidna\/items\/17374c35557c38a194ab",
                "thumb_width": 200,
                "thumb_height": 200,
                "service_icon": "https:\/\/cdn.qiita.com\/assets\/favicons\/public\/apple-touch-icon-f9a6afad761ec2306e10db2736187c8b.png",
                "id": 3,
                "original_url": "https:\/\/qiita.com\/yoshidna\/items\/17374c35557c38a194ab"
            },
            {
                "service_name": "Qiita",
                "title": "プログラマの技術情報共有サービス - Qiita",
                "title_link": "https:\/\/qiita.com\/#%E5%89%8D%E6%8F%90",
                "text": "Qiitaは、プログラマのための技術情報共有サービスです。 プログラミングに関するTips、ノウハウ、メモを簡単に記録 &amp; 公開することができます。",
                "fallback": "Qiita: プログラマの技術情報共有サービス - Qiita",
                "thumb_url": "https:\/\/cdn.qiita.com\/assets\/qiita-fb-2887e7b4aad86fd8c25cea84846f2236.png",
                "from_url": "https:\/\/qiita.com\/#%E5%89%8D%E6%8F%90",
                "thumb_width": 200,
                "thumb_height": 200,
                "service_icon": "https:\/\/cdn.qiita.com\/assets\/favicons\/public\/apple-touch-icon-f9a6afad761ec2306e10db2736187c8b.png",
                "id": 4,
                "original_url": "https:\/\/qiita.com\/#%E5%89%8D%E6%8F%90"
            }
        ]
    },
    {
        "type": "message",
        "subtype": "bot_message",
        "text": "<https:\/\/www.reddit.com\/r\/Terraform\/comments\/bzsaa0\/aws_redshift_terraform\/|AWS Redshift Terraform>\nHey\n I am trying to create a Route53 record for Redshift. The only reference I can see is to use the endpoint, the problem is, the endpoint has a port appended. Anyone else solved this? Here is my TF code which creates the record fine, but it results in a name of <https:\/\/redshift.example.com\/|redshift.example.com> pointing to <https:\/\/main.cab8kinjeciy.eu-west-1.redshift.amazonaws.com:5439\/|main.cab4kisfedasd.eu-west-1.redshift.amazonaws.com:5439> which obvisously...",
        "ts": "1560352002.001100",
        "username": "Terraform ALL the Worlds!",
        "icons": {
            "image_48": "https:\/\/s3-us-west-2.amazonaws.com\/slack-files2\/bot_icons\/2019-02-12\/548785199618_48.png"
        },
        "bot_id": "BG3N7LG73",
        "attachments": [
            {
                "service_name": "reddit",
                "title": "r\/Terraform - AWS Redshift Terraform",
                "title_link": "https:\/\/www.reddit.com\/r\/Terraform\/comments\/bzsaa0\/aws_redshift_terraform\/",
                "text": "0 votes and 0 comments so far on Reddit",
                "fallback": "reddit: r\/Terraform - AWS Redshift Terraform",
                "from_url": "https:\/\/www.reddit.com\/r\/Terraform\/comments\/bzsaa0\/aws_redshift_terraform\/",
                "service_icon": "https:\/\/www.redditstatic.com\/desktop2x\/img\/favicon\/apple-icon-57x57.png",
                "id": 1,
                "original_url": "https:\/\/www.reddit.com\/r\/Terraform\/comments\/bzsaa0\/aws_redshift_terraform\/"
            }
        ]
    },
    {
        "type": "message",
        "subtype": "bot_message",
        "text": "<https:\/\/www.reddit.com\/r\/Terraform\/comments\/bzsq7i\/terraform_route53_lb_and_cdn_interdependency\/|Terraform: Route53, LB and CDN interdependency>\nMy team uses Terraform to deploy the necessary infrastructure. Currently, our stack is composed of: AutoScalingGroup fronted by a Load-Balancer, and a Route53 DNS record that points to this LB; We would like to extend the stack to include a Cloudfront distribution that points to the LB, and make the Route53 DNS record point to the CDN. I would like to be able to: \nspin up Cloudfront and change the DNS record to point to the CDN, without causing any downtime; tear down the CDN, change the DNS...",
        "ts": "1560354399.001300",
        "username": "Terraform ALL the Worlds!",
        "icons": {
            "image_48": "https:\/\/s3-us-west-2.amazonaws.com\/slack-files2\/bot_icons\/2019-02-12\/548785199618_48.png"
        },
        "bot_id": "BG3N7LG73",
        "attachments": [
            {
                "service_name": "reddit",
                "title": "r\/Terraform - Terraform: Route53, LB and CDN interdependency",
                "title_link": "https:\/\/www.reddit.com\/r\/Terraform\/comments\/bzsq7i\/terraform_route53_lb_and_cdn_interdependency\/",
                "text": "0 votes and 0 comments so far on Reddit",
                "fallback": "reddit: r\/Terraform - Terraform: Route53, LB and CDN interdependency",
                "thumb_url": "https:\/\/external-preview.redd.it\/QgPvRTknlY3rMNDqH1k4I37XGiq9tZF_FsygC_Xht4o.jpg?auto=webp&s=8cd5e918e2bde6ca72d4445d6fc007f203689799",
                "from_url": "https:\/\/www.reddit.com\/r\/Terraform\/comments\/bzsq7i\/terraform_route53_lb_and_cdn_interdependency\/",
                "thumb_width": 316,
                "thumb_height": 316,
                "service_icon": "https:\/\/www.redditstatic.com\/desktop2x\/img\/favicon\/apple-icon-57x57.png",
                "id": 1,
                "original_url": "https:\/\/www.reddit.com\/r\/Terraform\/comments\/bzsq7i\/terraform_route53_lb_and_cdn_interdependency\/"
            }
        ]
    },
    {
        "type": "message",
        "subtype": "bot_message",
        "text": "<https:\/\/www.reddit.com\/r\/Terraform\/comments\/bzvv0p\/using_a_version_of_a_module_based_on_the_value_of\/|Using a 'version' of a module based on the value of a variable from tfvars>\nWe are using dynamodb for our application and the schema (tables names, index ...) change time to time when developer want to change them, I was thinking of having a variable in my tfvars file that report the schema version, and use that variable to load the correct module\/tf file describing the set of dynamodb tables. We have multiple set of environment, and today only the tfvars file if specific for each environment and it is apply to the same set of tf files. \n   submitted by   &lt;a...",
        "ts": "1560370005.001500",
        "username": "Terraform ALL the Worlds!",
        "icons": {
            "image_48": "https:\/\/s3-us-west-2.amazonaws.com\/slack-files2\/bot_icons\/2019-02-12\/548785199618_48.png"
        },
        "bot_id": "BG3N7LG73",
        "attachments": [
            {
                "service_name": "reddit",
                "title": "r\/Terraform - Using a 'version' of a module based on the value of a variable from tfvars",
                "title_link": "https:\/\/www.reddit.com\/r\/Terraform\/comments\/bzvv0p\/using_a_version_of_a_module_based_on_the_value_of\/",
                "text": "0 votes and 0 comments so far on Reddit",
                "fallback": "reddit: r\/Terraform - Using a 'version' of a module based on the value of a variable from tfvars",
                "from_url": "https:\/\/www.reddit.com\/r\/Terraform\/comments\/bzvv0p\/using_a_version_of_a_module_based_on_the_value_of\/",
                "service_icon": "https:\/\/www.redditstatic.com\/desktop2x\/img\/favicon\/apple-icon-57x57.png",
                "id": 1,
                "original_url": "https:\/\/www.reddit.com\/r\/Terraform\/comments\/bzvv0p\/using_a_version_of_a_module_based_on_the_value_of\/"
            }
        ]
    },
    {
        "type": "message",
        "subtype": "bot_message",
        "text": "<https:\/\/qiita.com\/berryu\/items\/103ad71ebffd6f0696cb|TerraformでAzure VMを構築>\nAzure上に仮想マシンを立てる際、今後のことも考えてTerraformを使用したのでやり方をまとめておきます。\n\nここではTerraformの詳しい解説は省略します。\n\n\n<https:\/\/qiita.com\/#%E3%83%90%E3%83%BC%E3%82%B8%E3%83%A7%E3%83%B3>バージョン\n\nTerraform v0.12.1\n\nprovider.azurerm v1.30.1\n\n\n<https:\/\/qiita.com\/#%E3%82%B3%E3%83%BC%E3%83%89>コード...",
        "ts": "1560395510.001700",
        "username": "Terraformタグが付けられた新着記事 - Qiita",
        "icons": {
            "image_36": "https:\/\/a.slack-edge.com\/66f9\/img\/services\/rss_36.png",
            "image_48": "https:\/\/a.slack-edge.com\/66f9\/img\/services\/rss_48.png",
            "image_72": "https:\/\/a.slack-edge.com\/205a\/img\/services\/rss_72.png"
        },
        "bot_id": "BG3N7LG73",
        "attachments": [
            {
                "service_name": "Qiita",
                "title": "TerraformでAzure VMを構築 - Qiita",
                "title_link": "https:\/\/qiita.com\/berryu\/items\/103ad71ebffd6f0696cb",
                "text": "Azure上に仮想マシンを立てる際、今後のことも考えてTerraformを使用したのでやり方をまとめておきます。 ここではTerraformの詳しい解説は省略します。 # バージョン Terraform v0.12.1 p...",
                "fallback": "Qiita: TerraformでAzure VMを構築 - Qiita",
                "thumb_url": "https:\/\/cdn.qiita.com\/assets\/qiita-fb-2887e7b4aad86fd8c25cea84846f2236.png",
                "from_url": "https:\/\/qiita.com\/berryu\/items\/103ad71ebffd6f0696cb",
                "thumb_width": 200,
                "thumb_height": 200,
                "service_icon": "https:\/\/cdn.qiita.com\/assets\/favicons\/public\/apple-touch-icon-f9a6afad761ec2306e10db2736187c8b.png",
                "id": 1,
                "original_url": "https:\/\/qiita.com\/berryu\/items\/103ad71ebffd6f0696cb"
            },
            {
                "service_name": "Qiita",
                "title": "プログラマの技術情報共有サービス - Qiita",
                "title_link": "https:\/\/qiita.com\/#%E3%83%90%E3%83%BC%E3%82%B8%E3%83%A7%E3%83%B3",
                "text": "Qiitaは、プログラマのための技術情報共有サービスです。 プログラミングに関するTips、ノウハウ、メモを簡単に記録 &amp; 公開することができます。",
                "fallback": "Qiita: プログラマの技術情報共有サービス - Qiita",
                "thumb_url": "https:\/\/cdn.qiita.com\/assets\/qiita-fb-2887e7b4aad86fd8c25cea84846f2236.png",
                "from_url": "https:\/\/qiita.com\/#%E3%83%90%E3%83%BC%E3%82%B8%E3%83%A7%E3%83%B3",
                "thumb_width": 200,
                "thumb_height": 200,
                "service_icon": "https:\/\/cdn.qiita.com\/assets\/favicons\/public\/apple-touch-icon-f9a6afad761ec2306e10db2736187c8b.png",
                "id": 2,
                "original_url": "https:\/\/qiita.com\/#%E3%83%90%E3%83%BC%E3%82%B8%E3%83%A7%E3%83%B3"
            },
            {
                "service_name": "Qiita",
                "title": "プログラマの技術情報共有サービス - Qiita",
                "title_link": "https:\/\/qiita.com\/#%E3%82%B3%E3%83%BC%E3%83%89",
                "text": "Qiitaは、プログラマのための技術情報共有サービスです。 プログラミングに関するTips、ノウハウ、メモを簡単に記録 &amp; 公開することができます。",
                "fallback": "Qiita: プログラマの技術情報共有サービス - Qiita",
                "thumb_url": "https:\/\/cdn.qiita.com\/assets\/qiita-fb-2887e7b4aad86fd8c25cea84846f2236.png",
                "from_url": "https:\/\/qiita.com\/#%E3%82%B3%E3%83%BC%E3%83%89",
                "thumb_width": 200,
                "thumb_height": 200,
                "service_icon": "https:\/\/cdn.qiita.com\/assets\/favicons\/public\/apple-touch-icon-f9a6afad761ec2306e10db2736187c8b.png",
                "id": 3,
                "original_url": "https:\/\/qiita.com\/#%E3%82%B3%E3%83%BC%E3%83%89"
            }
        ]
    },
    {
        "type": "message",
        "subtype": "bot_message",
        "text": "<https:\/\/qiita.com\/keiichi-hikita\/items\/98ad4f9f9ebdbfe2ad39|昨今話題の terraformer で自作Providerのリソースをimportするところ（不完全）までできたのでやったことを書いてみる>\n<https:\/\/qiita.com\/#%E3%81%AF%E3%81%98%E3%82%81%E3%81%AB>はじめに\n\n<https:\/\/qiita.com\/shogomuranushi\/items\/98cf2c9800187f51e982|こちら> の記事で <https:\/\/github.com\/GoogleCloudPlatform\/terraformer|terraformer> というものを知ることができたので（ありがとうございます）すが、実際に自作Provider相当のリソースををこの terraformer...",
        "ts": "1560405402.001900",
        "username": "Terraformタグが付けられた新着記事 - Qiita",
        "icons": {
            "image_36": "https:\/\/a.slack-edge.com\/66f9\/img\/services\/rss_36.png",
            "image_48": "https:\/\/a.slack-edge.com\/66f9\/img\/services\/rss_48.png",
            "image_72": "https:\/\/a.slack-edge.com\/205a\/img\/services\/rss_72.png"
        },
        "bot_id": "BG3N7LG73",
        "attachments": [
            {
                "service_name": "Qiita",
                "title": "昨今話題の terraformer で自作Providerのリソースをimportするところ（不完全）までできたのでやったことを書いてみる - Qiita",
                "title_link": "https:\/\/qiita.com\/keiichi-hikita\/items\/98ad4f9f9ebdbfe2ad39",
                "text": "## はじめに [こちら](<https:\/\/qiita.com\/shogomuranushi\/items\/98cf2c9800187f51e982>) の記事で [terraformer](<https:\/\/github.com\/Goo>...",
                "fallback": "Qiita: 昨今話題の terraformer で自作Providerのリソースをimportするところ（不完全）までできたのでやったことを書いてみる - Qiita",
                "thumb_url": "https:\/\/cdn.qiita.com\/assets\/qiita-fb-2887e7b4aad86fd8c25cea84846f2236.png",
                "from_url": "https:\/\/qiita.com\/keiichi-hikita\/items\/98ad4f9f9ebdbfe2ad39",
                "thumb_width": 200,
                "thumb_height": 200,
                "service_icon": "https:\/\/cdn.qiita.com\/assets\/favicons\/public\/apple-touch-icon-f9a6afad761ec2306e10db2736187c8b.png",
                "id": 1,
                "original_url": "https:\/\/qiita.com\/keiichi-hikita\/items\/98ad4f9f9ebdbfe2ad39"
            },
            {
                "service_name": "Qiita",
                "title": "プログラマの技術情報共有サービス - Qiita",
                "title_link": "https:\/\/qiita.com\/#%E3%81%AF%E3%81%98%E3%82%81%E3%81%AB",
                "text": "Qiitaは、プログラマのための技術情報共有サービスです。 プログラミングに関するTips、ノウハウ、メモを簡単に記録 &amp; 公開することができます。",
                "fallback": "Qiita: プログラマの技術情報共有サービス - Qiita",
                "thumb_url": "https:\/\/cdn.qiita.com\/assets\/qiita-fb-2887e7b4aad86fd8c25cea84846f2236.png",
                "from_url": "https:\/\/qiita.com\/#%E3%81%AF%E3%81%98%E3%82%81%E3%81%AB",
                "thumb_width": 200,
                "thumb_height": 200,
                "service_icon": "https:\/\/cdn.qiita.com\/assets\/favicons\/public\/apple-touch-icon-f9a6afad761ec2306e10db2736187c8b.png",
                "id": 2,
                "original_url": "https:\/\/qiita.com\/#%E3%81%AF%E3%81%98%E3%82%81%E3%81%AB"
            },
            {
                "service_name": "Qiita",
                "title": "Infrastructure as Codeを少し楽にするterraformerが出た - Qiita",
                "title_link": "https:\/\/qiita.com\/shogomuranushi\/items\/98cf2c9800187f51e982",
                "text": "過去に [Terraform Best Practices in 2017](<https:\/\/qiita.com\/shogomuranushi\/items\/e2f3ff3cfdcacdd17f99>) という記事を書きました。 そのあ...",
                "fallback": "Qiita: Infrastructure as Codeを少し楽にするterraformerが出た - Qiita",
                "thumb_url": "https:\/\/cdn.qiita.com\/assets\/qiita-fb-2887e7b4aad86fd8c25cea84846f2236.png",
                "from_url": "https:\/\/qiita.com\/shogomuranushi\/items\/98cf2c9800187f51e982",
                "thumb_width": 200,
                "thumb_height": 200,
                "service_icon": "https:\/\/cdn.qiita.com\/assets\/favicons\/public\/apple-touch-icon-f9a6afad761ec2306e10db2736187c8b.png",
                "id": 3,
                "original_url": "https:\/\/qiita.com\/shogomuranushi\/items\/98cf2c9800187f51e982"
            },
            {
                "service_name": "GitHub",
                "title": "GoogleCloudPlatform\/terraformer",
                "title_link": "https:\/\/github.com\/GoogleCloudPlatform\/terraformer",
                "text": "CLI tool to generate terraform files from existing infrastructure (reverse Terraform). Infrastructure to Code - GoogleCloudPlatform\/terraformer",
                "fallback": "GitHub: GoogleCloudPlatform\/terraformer",
                "thumb_url": "https:\/\/avatars2.githubusercontent.com\/u\/2810941?s=400&v=4",
                "from_url": "https:\/\/github.com\/GoogleCloudPlatform\/terraformer",
                "thumb_width": 400,
                "thumb_height": 400,
                "service_icon": "https:\/\/a.slack-edge.com\/bfaba\/img\/unfurl_icons\/github.png",
                "id": 4,
                "original_url": "https:\/\/github.com\/GoogleCloudPlatform\/terraformer"
            }
        ]
    }
]