[
    {
        "type": "message",
        "subtype": "bot_message",
        "text": "<https:\/\/www.reddit.com\/r\/Terraform\/comments\/bviamb\/can_anyone_tell_me_why_this_very_simple_localexec\/|Can anyone tell me why this very simple local-exec isn't running at all?>\nresource \"tls_private_key\" \"ssh\" { algorithm = \"RSA\" rsa_bits = 4096 } resource \"aws_key_pair\" \"master\" { key_name = \"master_ssh_key\" public_key = \"${tls_private_key.ssh.public_key_openssh}\" provisioner \"local-exec\" { command = \"echo \\\"${tls_private_key.ssh.private_key_pem}\\\" &gt; .\/data\/ssh\/master_id_rsa; chmod 400 .\/data\/ssh\/master_id_rsa\" } provisioner \"local-exec\" { when = \"destroy\" command = \"rm .\/data\/ssh\/master_id_rsa.pem\" } provisioner \"local-exec\" { when = \"destroy\" command = \"rm...",
        "ts": "1559374898.003300",
        "username": "Terraform ALL the Worlds!",
        "icons": {
            "image_48": "https:\/\/s3-us-west-2.amazonaws.com\/slack-files2\/bot_icons\/2019-02-12\/548785199618_48.png"
        },
        "bot_id": "BG3N7LG73",
        "attachments": [
            {
                "service_name": "reddit",
                "title": "r\/Terraform - Can anyone tell me why this very simple local-exec isn't running at all?",
                "title_link": "https:\/\/www.reddit.com\/r\/Terraform\/comments\/bviamb\/can_anyone_tell_me_why_this_very_simple_localexec\/",
                "text": "0 votes and 0 comments so far on Reddit",
                "fallback": "reddit: r\/Terraform - Can anyone tell me why this very simple local-exec isn't running at all?",
                "from_url": "https:\/\/www.reddit.com\/r\/Terraform\/comments\/bviamb\/can_anyone_tell_me_why_this_very_simple_localexec\/",
                "service_icon": "https:\/\/www.redditstatic.com\/desktop2x\/img\/favicon\/apple-icon-57x57.png",
                "id": 1,
                "original_url": "https:\/\/www.reddit.com\/r\/Terraform\/comments\/bviamb\/can_anyone_tell_me_why_this_very_simple_localexec\/"
            }
        ]
    },
    {
        "type": "message",
        "subtype": "bot_message",
        "text": "<https:\/\/qiita.com\/oke-py\/items\/3f98558a5c15b159bd3b|Istio有効化したGKEクラスタをTerraformで作成する>\n<https:\/\/qiita.com\/#%E3%81%AF%E3%81%98%E3%82%81%E3%81%AB>はじめに\n\n各種検証をするにあたってGKEクラスタを何度も手動で作成するのが面倒に感じたため、初めてTerraformを使ってInfrastructure as Code化しました。その際に発生したエラーの対応方法を備忘録としてまとめておきます。\n\n\n<https:\/\/qiita.com\/#tldr>TL;DR\n\n最終的に以下のようになりました。\n\n\n<http:\/\/gke.tf|gke.tf>\nprovider \"google-beta\"...",
        "ts": "1559458313.003500",
        "username": "Terraformタグが付けられた新着記事 - Qiita",
        "icons": {
            "image_36": "https:\/\/a.slack-edge.com\/66f9\/img\/services\/rss_36.png",
            "image_48": "https:\/\/a.slack-edge.com\/66f9\/img\/services\/rss_48.png",
            "image_72": "https:\/\/a.slack-edge.com\/205a\/img\/services\/rss_72.png"
        },
        "bot_id": "BG3N7LG73",
        "attachments": [
            {
                "service_name": "Qiita",
                "title": "Istio有効化したGKEクラスタをTerraformで作成する - Qiita",
                "title_link": "https:\/\/qiita.com\/oke-py\/items\/3f98558a5c15b159bd3b",
                "text": "## はじめに 各種検証をするにあたってGKEクラスタを何度も手動で作成するのが面倒に感じたため、初めてTerraformを使ってInfrastructure as Code化しました。その際に発生したエラーの対応方法を備忘録として...",
                "fallback": "Qiita: Istio有効化したGKEクラスタをTerraformで作成する - Qiita",
                "thumb_url": "https:\/\/cdn.qiita.com\/assets\/qiita-fb-2887e7b4aad86fd8c25cea84846f2236.png",
                "from_url": "https:\/\/qiita.com\/oke-py\/items\/3f98558a5c15b159bd3b",
                "thumb_width": 200,
                "thumb_height": 200,
                "service_icon": "https:\/\/cdn.qiita.com\/assets\/favicons\/public\/apple-touch-icon-f9a6afad761ec2306e10db2736187c8b.png",
                "id": 1,
                "original_url": "https:\/\/qiita.com\/oke-py\/items\/3f98558a5c15b159bd3b"
            },
            {
                "service_name": "Qiita",
                "title": "プログラマの技術情報共有サービス - Qiita",
                "title_link": "https:\/\/qiita.com\/#%E3%81%AF%E3%81%98%E3%82%81%E3%81%AB",
                "text": "Qiitaは、プログラマのための技術情報共有サービスです。 プログラミングに関するTips、ノウハウ、メモを簡単に記録 &amp; 公開することができます。",
                "fallback": "Qiita: プログラマの技術情報共有サービス - Qiita",
                "thumb_url": "https:\/\/cdn.qiita.com\/assets\/qiita-fb-2887e7b4aad86fd8c25cea84846f2236.png",
                "from_url": "https:\/\/qiita.com\/#%E3%81%AF%E3%81%98%E3%82%81%E3%81%AB",
                "thumb_width": 200,
                "thumb_height": 200,
                "service_icon": "https:\/\/cdn.qiita.com\/assets\/favicons\/public\/apple-touch-icon-f9a6afad761ec2306e10db2736187c8b.png",
                "id": 2,
                "original_url": "https:\/\/qiita.com\/#%E3%81%AF%E3%81%98%E3%82%81%E3%81%AB"
            },
            {
                "service_name": "Qiita",
                "title": "プログラマの技術情報共有サービス - Qiita",
                "title_link": "https:\/\/qiita.com\/#tldr",
                "text": "Qiitaは、プログラマのための技術情報共有サービスです。 プログラミングに関するTips、ノウハウ、メモを簡単に記録 &amp; 公開することができます。",
                "fallback": "Qiita: プログラマの技術情報共有サービス - Qiita",
                "thumb_url": "https:\/\/cdn.qiita.com\/assets\/qiita-fb-2887e7b4aad86fd8c25cea84846f2236.png",
                "from_url": "https:\/\/qiita.com\/#tldr",
                "thumb_width": 200,
                "thumb_height": 200,
                "service_icon": "https:\/\/cdn.qiita.com\/assets\/favicons\/public\/apple-touch-icon-f9a6afad761ec2306e10db2736187c8b.png",
                "id": 3,
                "original_url": "https:\/\/qiita.com\/#tldr"
            }
        ]
    }
]