[
    {
        "type": "message",
        "subtype": "bot_message",
        "text": "<https:\/\/www.reddit.com\/r\/Terraform\/comments\/c6kevc\/whats_the_best_startegy_to_develop_and_deploy_on\/|What's the best startegy to develop and deploy on multiple Accounts>\nHi, I'm working with my team on a Terraform project and in the project process we have to deploy on different environments which corresponds to different AWS accounts :  Dev Int Preprod Prod Actually we are only in DEV, but soon we will deploy on INT and other environments.  The terraform backend is actually set on an S3 bucket in the Dev account. ​ Now suppose that we have to deploy to INT env, we have to edit backend to specify the bucket of INT env, assume the role of the new account and...",
        "ts": "1561730800.014600",
        "username": "Terraform ALL the Worlds!",
        "icons": {
            "image_48": "https:\/\/s3-us-west-2.amazonaws.com\/slack-files2\/bot_icons\/2019-02-12\/548785199618_48.png"
        },
        "bot_id": "BG3N7LG73"
    }
]