[
    {
        "type": "message",
        "subtype": "bot_message",
        "text": "<https:\/\/www.reddit.com\/r\/Terraform\/comments\/c7apeu\/sourcing_modules_from_vsts_azure_devops_repo\/|Sourcing Modules from VSTS (Azure DevOps) Repo>\nHi, I'm using Terraform in a VSTS release pipeline, using Peter Groenewegen's 'Run Terraform' agent jobs on a hosted build agent. We have VSTS intgrted with Azure AD. I'm stuggling to figure out how I can authenticate to my VSTS repo where I'm trying to source these modules from. Is anybody else doing this? Any pointers would be appreciated. Thanks    submitted by   <https:\/\/www.reddit.com\/user\/yarebulo| \/u\/yarebulo > \n&lt;a...",
        "ts": "1561882001.015300",
        "username": "Terraform ALL the Worlds!",
        "icons": {
            "image_48": "https:\/\/s3-us-west-2.amazonaws.com\/slack-files2\/bot_icons\/2019-02-12\/548785199618_48.png"
        },
        "bot_id": "BG3N7LG73",
        "attachments": [
            {
                "service_name": "reddit",
                "title": "r\/Terraform - Sourcing Modules from VSTS (Azure DevOps) Repo",
                "title_link": "https:\/\/www.reddit.com\/r\/Terraform\/comments\/c7apeu\/sourcing_modules_from_vsts_azure_devops_repo\/",
                "text": "0 votes and 0 comments so far on Reddit",
                "fallback": "reddit: r\/Terraform - Sourcing Modules from VSTS (Azure DevOps) Repo",
                "from_url": "https:\/\/www.reddit.com\/r\/Terraform\/comments\/c7apeu\/sourcing_modules_from_vsts_azure_devops_repo\/",
                "service_icon": "https:\/\/www.redditstatic.com\/desktop2x\/img\/favicon\/apple-icon-57x57.png",
                "id": 1,
                "original_url": "https:\/\/www.reddit.com\/r\/Terraform\/comments\/c7apeu\/sourcing_modules_from_vsts_azure_devops_repo\/"
            },
            {
                "service_name": "reddit",
                "title": "yarebulo (u\/yarebulo) - Reddit",
                "title_link": "https:\/\/www.reddit.com\/user\/yarebulo",
                "text": "u\/yarebulo:",
                "fallback": "reddit: yarebulo (u\/yarebulo) - Reddit",
                "thumb_url": "https:\/\/www.redditstatic.com\/avatars\/avatar_default_01_FF585B.png",
                "from_url": "https:\/\/www.reddit.com\/user\/yarebulo",
                "thumb_width": 256,
                "thumb_height": 256,
                "service_icon": "https:\/\/www.redditstatic.com\/desktop2x\/img\/favicon\/apple-icon-57x57.png",
                "id": 2,
                "original_url": "https:\/\/www.reddit.com\/user\/yarebulo"
            }
        ]
    },
    {
        "type": "message",
        "subtype": "bot_message",
        "text": "<https:\/\/qiita.com\/n_watanabe\/items\/e31fc0a62e9776c2eb9c|[Alibaba Cloud] TerraformでマルチゾーンRDSを作成>\nAlibaba CloudでTerraformを使って、マルチゾーンRDSを作成するサンプルを以下に記載します。\nなお、ひとまず、パスワードとか雑に書いていますが、そこはスルーでお願いします。\n\n\n<http:\/\/vpc.tf|vpc.tf>\nprovider \"alicloud\" {\n  region     = \"ap-northeast-1\"\n}\n\nresource \"alicloud_vpc\" \"vpc\" {\n  name        = \"VPC\"\n  description = \"Aliyun VPC\"\n  cidr_block  = \"172.16.0.0\/16\"\n}\n\nresource \"alicloud_vswitch\" \"vsw\" {\n  vpc_id            = \"${alicloud_vpc.vpc.id}\"\n  name              = \"VSw\"\n  description       = \"Aliyun VSwitch\"\n  cidr_block        = \"172.16.1.0\/24\"\n  availability_zone =...",
        "ts": "1561896108.015500",
        "username": "Terraformタグが付けられた新着記事 - Qiita",
        "icons": {
            "image_36": "https:\/\/a.slack-edge.com\/66f9\/img\/services\/rss_36.png",
            "image_48": "https:\/\/a.slack-edge.com\/66f9\/img\/services\/rss_48.png",
            "image_72": "https:\/\/a.slack-edge.com\/205a\/img\/services\/rss_72.png"
        },
        "bot_id": "BG3N7LG73",
        "attachments": [
            {
                "service_name": "Qiita",
                "title": "[Alibaba Cloud] TerraformでマルチゾーンRDSを作成 - Qiita",
                "title_link": "https:\/\/qiita.com\/n_watanabe\/items\/e31fc0a62e9776c2eb9c",
                "text": "Alibaba CloudでTerraformを使って、マルチゾーンRDSを作成するサンプルを以下に記載します。 なお、ひとまず、パスワードとか雑に書いていますが、そこはスルーでお願いします。 ```<http:\/\/vpc.tf|vpc.tf> provider ...",
                "fallback": "Qiita: [Alibaba Cloud] TerraformでマルチゾーンRDSを作成 - Qiita",
                "thumb_url": "https:\/\/cdn.qiita.com\/assets\/qiita-fb-2887e7b4aad86fd8c25cea84846f2236.png",
                "from_url": "https:\/\/qiita.com\/n_watanabe\/items\/e31fc0a62e9776c2eb9c",
                "thumb_width": 200,
                "thumb_height": 200,
                "service_icon": "https:\/\/cdn.qiita.com\/assets\/favicons\/public\/apple-touch-icon-f9a6afad761ec2306e10db2736187c8b.png",
                "id": 1,
                "original_url": "https:\/\/qiita.com\/n_watanabe\/items\/e31fc0a62e9776c2eb9c"
            }
        ]
    }
]