[
    {
        "user": "UKT912NG5",
        "type": "message",
        "subtype": "channel_join",
        "ts": "1561214845.055700",
        "text": "<@UKT912NG5>さんがチャンネルに参加しました"
    },
    {
        "client_msg_id": "42db4801-e06b-4556-849f-1aae49d53748",
        "type": "message",
        "text": "このテーマ以外に特に議題がなければ、興味があるグループに分かれて、30m-45mくらいコードリーディングして、各グループから全体にFBみたいな形にします？\n- Terraformはどうやってproviderを呼んでいるのか\n- providerがAWSにどのように命令を行っているのか（api？）\n- providerのCI\/CDでは何をテストしているのか (量的に複数のProviderを参照？)\n\nそのあと、CONTRIBUTING.md についてISSUE\/PullRequestディスカッション or 再度グループワーク\n※もしくは、これも上記のテーマの一つに入れてしまうとか？\n\n時間と興味があったら、コントリビュートしやすいISSUEの話とか、実際どういう風にPR出してるかのお話とか？",
        "user": "UKAKENQAF",
        "ts": "1561260137.060600",
        "team": "TFU0BKCQP",
        "user_team": "TFU0BKCQP",
        "source_team": "TFU0BKCQP",
        "user_profile": {
            "avatar_hash": "g3c6c9b43cb5",
            "image_72": "https:\/\/secure.gravatar.com\/avatar\/f3c6c9b43cb5ff355b8faaac3e662292.jpg?s=72&d=https%3A%2F%2Fa.slack-edge.com%2Fdf10d%2Fimg%2Favatars%2Fava_0020-72.png",
            "first_name": "",
            "real_name": "kterada0509",
            "display_name": "kterada0509",
            "team": "TFU0BKCQP",
            "name": "kterada.0509sg",
            "is_restricted": false,
            "is_ultra_restricted": false
        },
        "reactions": [
            {
                "name": "+1",
                "users": [
                    "UFU0BKD8F",
                    "UG46Z57TN",
                    "UHS4SFFA7"
                ],
                "count": 3
            }
        ]
    }
]