[
    {
        "client_msg_id": "09680476-2ee5-451d-b48c-6dfe3591364d",
        "type": "message",
        "text": "まったくできる気がしないですが、勢いで参加しました！terraform好きです！",
        "user": "UGYK9KX4M",
        "ts": "1560873162.021200",
        "team": "TFU0BKCQP",
        "user_team": "TFU0BKCQP",
        "source_team": "TFU0BKCQP",
        "user_profile": {
            "avatar_hash": "1a8ab5a2cf06",
            "image_72": "https:\/\/avatars.slack-edge.com\/2019-03-14\/576323452691_1a8ab5a2cf06391e73e9_72.png",
            "first_name": "Masayuki",
            "real_name": "Masayuki Nakano",
            "display_name": "maaaato",
            "team": "TFU0BKCQP",
            "name": "igosso.mato",
            "is_restricted": false,
            "is_ultra_restricted": false
        },
        "reactions": [
            {
                "name": "raised_hands",
                "users": [
                    "UGY8YDQ2G"
                ],
                "count": 1
            }
        ]
    },
    {
        "client_msg_id": "04E33C45-FAAA-4980-A158-6587EC4640BD",
        "type": "message",
        "text": "ゴーゴー",
        "user": "UG46Z57TN",
        "ts": "1560875360.021500",
        "team": "TFU0BKCQP",
        "user_team": "TFU0BKCQP",
        "source_team": "TFU0BKCQP",
        "user_profile": {
            "avatar_hash": "c6bdd4cb17db",
            "image_72": "https:\/\/avatars.slack-edge.com\/2019-07-05\/685991185957_c6bdd4cb17db956661a1_72.jpg",
            "first_name": "Takeshi",
            "real_name": "Takeshi Kondo",
            "display_name": "chaspy",
            "team": "TFU0BKCQP",
            "name": "take.she12",
            "is_restricted": false,
            "is_ultra_restricted": false
        }
    }
]