[
    {
        "client_msg_id": "4D48B07B-40D2-4F9C-8401-097062BAA400",
        "type": "message",
        "text": "もりはやさん、ちなみに会議室キャパどれくらいでしょうか\n枠こえて申し込んでもらえてるので増枠の可能性を知りたく",
        "user": "UG46Z57TN",
        "ts": "1560959254.022800",
        "team": "TFU0BKCQP",
        "user_team": "TFU0BKCQP",
        "source_team": "TFU0BKCQP",
        "user_profile": {
            "avatar_hash": "c6bdd4cb17db",
            "image_72": "https:\/\/avatars.slack-edge.com\/2019-07-05\/685991185957_c6bdd4cb17db956661a1_72.jpg",
            "first_name": "Takeshi",
            "real_name": "Takeshi Kondo",
            "display_name": "chaspy",
            "team": "TFU0BKCQP",
            "name": "take.she12",
            "is_restricted": false,
            "is_ultra_restricted": false
        }
    },
    {
        "client_msg_id": "aca29ace-6460-4560-8be7-0068a4c70fee",
        "type": "message",
        "text": "今日話してた感じでいけば多少増えても問題ないしその気になればもっと増えても平気は平気だと思う",
        "user": "UFU0BKD8F",
        "ts": "1560959421.023600",
        "team": "TFU0BKCQP",
        "user_team": "TFU0BKCQP",
        "source_team": "TFU0BKCQP",
        "user_profile": {
            "avatar_hash": "92c41c62c7b0",
            "image_72": "https:\/\/avatars.slack-edge.com\/2019-01-30\/537137791812_92c41c62c7b0f054d3dd_72.jpg",
            "first_name": "らき",
            "real_name": "らき",
            "display_name": "raki",
            "team": "TFU0BKCQP",
            "name": "nishimuray",
            "is_restricted": false,
            "is_ultra_restricted": false
        }
    },
    {
        "client_msg_id": "31e3cdfd-21c0-4c3d-846b-05627001c938",
        "type": "message",
        "text": "うすうす感じてたけどもしかしてらきさんもりはやさんとこで働いてるんですかｗ",
        "user": "UG46Z57TN",
        "ts": "1560959448.024000",
        "team": "TFU0BKCQP",
        "user_team": "TFU0BKCQP",
        "source_team": "TFU0BKCQP",
        "user_profile": {
            "avatar_hash": "c6bdd4cb17db",
            "image_72": "https:\/\/avatars.slack-edge.com\/2019-07-05\/685991185957_c6bdd4cb17db956661a1_72.jpg",
            "first_name": "Takeshi",
            "real_name": "Takeshi Kondo",
            "display_name": "chaspy",
            "team": "TFU0BKCQP",
            "name": "take.she12",
            "is_restricted": false,
            "is_ultra_restricted": false
        },
        "reactions": [
            {
                "name": "muscle",
                "users": [
                    "UFTKSQ25T"
                ],
                "count": 1
            }
        ]
    },
    {
        "client_msg_id": "eeb0cc7d-8d23-42f7-8ceb-aa80ed46f97f",
        "type": "message",
        "text": "今週からねｗ",
        "user": "UFU0BKD8F",
        "ts": "1560959459.024300",
        "team": "TFU0BKCQP",
        "user_team": "TFU0BKCQP",
        "source_team": "TFU0BKCQP",
        "user_profile": {
            "avatar_hash": "92c41c62c7b0",
            "image_72": "https:\/\/avatars.slack-edge.com\/2019-01-30\/537137791812_92c41c62c7b0f054d3dd_72.jpg",
            "first_name": "らき",
            "real_name": "らき",
            "display_name": "raki",
            "team": "TFU0BKCQP",
            "name": "nishimuray",
            "is_restricted": false,
            "is_ultra_restricted": false
        },
        "thread_ts": "1560959459.024300",
        "reply_count": 2,
        "reply_users_count": 2,
        "latest_reply": "1560993003.034500",
        "reply_users": [
            "UFTKSQ25T",
            "UFU0BKD8F"
        ],
        "replies": [
            {
                "user": "UFTKSQ25T",
                "ts": "1560981719.034100"
            },
            {
                "user": "UFU0BKD8F",
                "ts": "1560993003.034500"
            }
        ],
        "subscribed": true,
        "last_read": "1560993003.034500",
        "reactions": [
            {
                "name": "tada",
                "users": [
                    "UFTKSQ25T"
                ],
                "count": 1
            }
        ]
    },
    {
        "client_msg_id": "b467b739-e3e4-4df1-8b6a-4f9b075242ad",
        "type": "message",
        "text": "このへんからあれ？って思ってた\n<https:\/\/terraform-jp.slack.com\/archives\/CJPQ4NCA2\/p1560767653011600?thread_ts=1560651640.001000&amp;cid=CJPQ4NCA2>",
        "user": "UG46Z57TN",
        "ts": "1560959493.024600",
        "team": "TFU0BKCQP",
        "user_team": "TFU0BKCQP",
        "source_team": "TFU0BKCQP",
        "user_profile": {
            "avatar_hash": "c6bdd4cb17db",
            "image_72": "https:\/\/avatars.slack-edge.com\/2019-07-05\/685991185957_c6bdd4cb17db956661a1_72.jpg",
            "first_name": "Takeshi",
            "real_name": "Takeshi Kondo",
            "display_name": "chaspy",
            "team": "TFU0BKCQP",
            "name": "take.she12",
            "is_restricted": false,
            "is_ultra_restricted": false
        },
        "attachments": [
            {
                "from_url": "https:\/\/terraform-jp.slack.com\/archives\/CJPQ4NCA2\/p1560767653011600?thread_ts=1560651640.001000&amp;cid=CJPQ4NCA2",
                "fallback": "[June 17th, 2019 3:34 AM] nishimuray: 今日の話題は <@UG46Z57TN> の読み方がチャスピーなのかキャスピーなのかだったw チャスピーに一票なんだけどどうなの？",
                "ts": "1560767653.011600",
                "author_id": "UFU0BKD8F",
                "author_subname": "らき",
                "channel_id": "CJPQ4NCA2",
                "channel_name": "ちょっとしたこと",
                "is_msg_unfurl": true,
                "is_reply_unfurl": true,
                "text": "今日の話題は <@UG46Z57TN> の読み方がチャスピーなのかキャスピーなのかだったw チャスピーに一票なんだけどどうなの？",
                "author_name": "らき",
                "author_link": "https:\/\/terraform-jp.slack.com\/team\/UFU0BKD8F",
                "author_icon": "https:\/\/avatars.slack-edge.com\/2019-01-30\/537137791812_92c41c62c7b0f054d3dd_48.jpg",
                "mrkdwn_in": [
                    "text"
                ],
                "id": 1,
                "original_url": "https:\/\/terraform-jp.slack.com\/archives\/CJPQ4NCA2\/p1560767653011600?thread_ts=1560651640.001000&amp;cid=CJPQ4NCA2",
                "footer": "#ちょっとしたこと のスレッドから"
            }
        ]
    },
    {
        "client_msg_id": "f13b282b-8707-494d-a9a6-bf8465f16095",
        "type": "message",
        "text": "では許可より謝罪で8-&gt;10に増枠",
        "user": "UG46Z57TN",
        "ts": "1560959527.025100",
        "team": "TFU0BKCQP",
        "user_team": "TFU0BKCQP",
        "source_team": "TFU0BKCQP",
        "user_profile": {
            "avatar_hash": "c6bdd4cb17db",
            "image_72": "https:\/\/avatars.slack-edge.com\/2019-07-05\/685991185957_c6bdd4cb17db956661a1_72.jpg",
            "first_name": "Takeshi",
            "real_name": "Takeshi Kondo",
            "display_name": "chaspy",
            "team": "TFU0BKCQP",
            "name": "take.she12",
            "is_restricted": false,
            "is_ultra_restricted": false
        }
    },
    {
        "client_msg_id": "9e03f1c9-cfac-45e5-add8-d54015cbcf35",
        "type": "message",
        "text": "増枠ed",
        "user": "UG46Z57TN",
        "ts": "1560959563.026000",
        "team": "TFU0BKCQP",
        "user_team": "TFU0BKCQP",
        "source_team": "TFU0BKCQP",
        "user_profile": {
            "avatar_hash": "c6bdd4cb17db",
            "image_72": "https:\/\/avatars.slack-edge.com\/2019-07-05\/685991185957_c6bdd4cb17db956661a1_72.jpg",
            "first_name": "Takeshi",
            "real_name": "Takeshi Kondo",
            "display_name": "chaspy",
            "team": "TFU0BKCQP",
            "name": "take.she12",
            "is_restricted": false,
            "is_ultra_restricted": false
        }
    },
    {
        "client_msg_id": "be92e670-110f-41f6-921f-01f79eeb85fd",
        "type": "message",
        "text": "予約した会議室のサイズ的には10人は余裕でいける",
        "user": "UFU0BKD8F",
        "ts": "1560959567.026100",
        "team": "TFU0BKCQP",
        "user_team": "TFU0BKCQP",
        "source_team": "TFU0BKCQP",
        "user_profile": {
            "avatar_hash": "92c41c62c7b0",
            "image_72": "https:\/\/avatars.slack-edge.com\/2019-01-30\/537137791812_92c41c62c7b0f054d3dd_72.jpg",
            "first_name": "らき",
            "real_name": "らき",
            "display_name": "raki",
            "team": "TFU0BKCQP",
            "name": "nishimuray",
            "is_restricted": false,
            "is_ultra_restricted": false
        }
    },
    {
        "client_msg_id": "fa090a16-3371-4f10-b521-28332fff548c",
        "type": "message",
        "text": "もし増枠したら隣と繋げて広げるのも辞さないって感じだったから30人くらいまではいけるんじゃなかろうか",
        "user": "UFU0BKD8F",
        "ts": "1560959612.027000",
        "team": "TFU0BKCQP",
        "user_team": "TFU0BKCQP",
        "source_team": "TFU0BKCQP",
        "user_profile": {
            "avatar_hash": "92c41c62c7b0",
            "image_72": "https:\/\/avatars.slack-edge.com\/2019-01-30\/537137791812_92c41c62c7b0f054d3dd_72.jpg",
            "first_name": "らき",
            "real_name": "らき",
            "display_name": "raki",
            "team": "TFU0BKCQP",
            "name": "nishimuray",
            "is_restricted": false,
            "is_ultra_restricted": false
        }
    },
    {
        "client_msg_id": "aa58bc5b-1494-4a28-afb8-369067376df8",
        "type": "message",
        "text": "30人のソースコードリーディング会ｗ",
        "user": "UG46Z57TN",
        "ts": "1560959624.027300",
        "team": "TFU0BKCQP",
        "user_team": "TFU0BKCQP",
        "source_team": "TFU0BKCQP",
        "user_profile": {
            "avatar_hash": "c6bdd4cb17db",
            "image_72": "https:\/\/avatars.slack-edge.com\/2019-07-05\/685991185957_c6bdd4cb17db956661a1_72.jpg",
            "first_name": "Takeshi",
            "real_name": "Takeshi Kondo",
            "display_name": "chaspy",
            "team": "TFU0BKCQP",
            "name": "take.she12",
            "is_restricted": false,
            "is_ultra_restricted": false
        }
    },
    {
        "client_msg_id": "555d72e0-ebba-47cc-bb8d-4a2500d7f596",
        "type": "message",
        "text": "俺ソースコードリーディングとかやったことないけど、やり方とか進め方とか\n今のうちに考えたほうがいいね",
        "user": "UFU0BKD8F",
        "ts": "1560959655.028000",
        "team": "TFU0BKCQP",
        "user_team": "TFU0BKCQP",
        "source_team": "TFU0BKCQP",
        "user_profile": {
            "avatar_hash": "92c41c62c7b0",
            "image_72": "https:\/\/avatars.slack-edge.com\/2019-01-30\/537137791812_92c41c62c7b0f054d3dd_72.jpg",
            "first_name": "らき",
            "real_name": "らき",
            "display_name": "raki",
            "team": "TFU0BKCQP",
            "name": "nishimuray",
            "is_restricted": false,
            "is_ultra_restricted": false
        }
    },
    {
        "client_msg_id": "e5dfd488-703f-4b9d-b73f-9fb787beb25e",
        "type": "message",
        "text": "というかなるべく事前にいろいろ調べておこうとは思ってます",
        "user": "UG46Z57TN",
        "ts": "1560959677.028600",
        "team": "TFU0BKCQP",
        "user_team": "TFU0BKCQP",
        "source_team": "TFU0BKCQP",
        "user_profile": {
            "avatar_hash": "c6bdd4cb17db",
            "image_72": "https:\/\/avatars.slack-edge.com\/2019-07-05\/685991185957_c6bdd4cb17db956661a1_72.jpg",
            "first_name": "Takeshi",
            "real_name": "Takeshi Kondo",
            "display_name": "chaspy",
            "team": "TFU0BKCQP",
            "name": "take.she12",
            "is_restricted": false,
            "is_ultra_restricted": false
        }
    },
    {
        "client_msg_id": "dc236402-cc39-41e4-9491-3fa7c32e0b19",
        "type": "message",
        "text": "みんなgolangが読めるとも限らないし。。。",
        "user": "UFU0BKD8F",
        "ts": "1560959678.028700",
        "team": "TFU0BKCQP",
        "user_team": "TFU0BKCQP",
        "source_team": "TFU0BKCQP",
        "user_profile": {
            "avatar_hash": "92c41c62c7b0",
            "image_72": "https:\/\/avatars.slack-edge.com\/2019-01-30\/537137791812_92c41c62c7b0f054d3dd_72.jpg",
            "first_name": "らき",
            "real_name": "らき",
            "display_name": "raki",
            "team": "TFU0BKCQP",
            "name": "nishimuray",
            "is_restricted": false,
            "is_ultra_restricted": false
        }
    },
    {
        "client_msg_id": "64949f4a-5b09-45f9-a9cb-93a344999f24",
        "type": "message",
        "text": "調べたことをここで投げ込んで共有しておけば手っ取り早いと思うの。",
        "user": "UFU0BKD8F",
        "ts": "1560959712.029300",
        "team": "TFU0BKCQP",
        "user_team": "TFU0BKCQP",
        "source_team": "TFU0BKCQP",
        "user_profile": {
            "avatar_hash": "92c41c62c7b0",
            "image_72": "https:\/\/avatars.slack-edge.com\/2019-01-30\/537137791812_92c41c62c7b0f054d3dd_72.jpg",
            "first_name": "らき",
            "real_name": "らき",
            "display_name": "raki",
            "team": "TFU0BKCQP",
            "name": "nishimuray",
            "is_restricted": false,
            "is_ultra_restricted": false
        }
    },
    {
        "client_msg_id": "b55e4426-698c-4cd6-81db-f6539555518c",
        "type": "message",
        "text": "hackmdにかいていく予定。\n<https:\/\/hackmd.io\/HeEmX_dPQAaEANhiH1lKQQ?view>",
        "user": "UG46Z57TN",
        "ts": "1560959743.030300",
        "team": "TFU0BKCQP",
        "user_team": "TFU0BKCQP",
        "source_team": "TFU0BKCQP",
        "user_profile": {
            "avatar_hash": "c6bdd4cb17db",
            "image_72": "https:\/\/avatars.slack-edge.com\/2019-07-05\/685991185957_c6bdd4cb17db956661a1_72.jpg",
            "first_name": "Takeshi",
            "real_name": "Takeshi Kondo",
            "display_name": "chaspy",
            "team": "TFU0BKCQP",
            "name": "take.she12",
            "is_restricted": false,
            "is_ultra_restricted": false
        },
        "attachments": [
            {
                "title": "Terraform\/AWS Provier source code reading #1 - HackMD",
                "title_link": "https:\/\/hackmd.io\/HeEmX_dPQAaEANhiH1lKQQ?view",
                "fallback": "Terraform\/AWS Provier source code reading #1 - HackMD",
                "image_url": "https:\/\/hackmd.io\/favicon.png",
                "from_url": "https:\/\/hackmd.io\/HeEmX_dPQAaEANhiH1lKQQ?view",
                "image_width": 128,
                "image_height": 128,
                "image_bytes": 725,
                "service_icon": "https:\/\/hackmd.io\/apple-touch-icon.png",
                "service_name": "hackmd.io",
                "id": 1,
                "original_url": "https:\/\/hackmd.io\/HeEmX_dPQAaEANhiH1lKQQ?view"
            }
        ]
    },
    {
        "client_msg_id": "2b8dca6d-b4c9-40df-9438-af9fd5baf4bb",
        "type": "message",
        "text": "そもそもproviderってスタート時点から本体のpluginコードに飛ばされるわけで\n基本的に本体コードリーディングになるはず。。。",
        "user": "UFU0BKD8F",
        "ts": "1560959761.031100",
        "team": "TFU0BKCQP",
        "user_team": "TFU0BKCQP",
        "source_team": "TFU0BKCQP",
        "user_profile": {
            "avatar_hash": "92c41c62c7b0",
            "image_72": "https:\/\/avatars.slack-edge.com\/2019-01-30\/537137791812_92c41c62c7b0f054d3dd_72.jpg",
            "first_name": "らき",
            "real_name": "らき",
            "display_name": "raki",
            "team": "TFU0BKCQP",
            "name": "nishimuray",
            "is_restricted": false,
            "is_ultra_restricted": false
        }
    },
    {
        "client_msg_id": "bc31e249-071e-4529-a77a-bb97ce8c5b9e",
        "type": "message",
        "text": "あとkteradaさんのmerged PRを見ていくのも面白いかなとか\n<https:\/\/github.com\/terraform-providers\/terraform-provider-aws\/pulls?q=is%3Apr+author%3Akterada0509+is%3Aclosed>",
        "user": "UG46Z57TN",
        "ts": "1560959784.031200",
        "team": "TFU0BKCQP",
        "user_team": "TFU0BKCQP",
        "source_team": "TFU0BKCQP",
        "user_profile": {
            "avatar_hash": "c6bdd4cb17db",
            "image_72": "https:\/\/avatars.slack-edge.com\/2019-07-05\/685991185957_c6bdd4cb17db956661a1_72.jpg",
            "first_name": "Takeshi",
            "real_name": "Takeshi Kondo",
            "display_name": "chaspy",
            "team": "TFU0BKCQP",
            "name": "take.she12",
            "is_restricted": false,
            "is_ultra_restricted": false
        },
        "reactions": [
            {
                "name": "naruhodo",
                "users": [
                    "UFTKSQ25T",
                    "UGY8YDQ2G"
                ],
                "count": 2
            },
            {
                "name": "+1",
                "users": [
                    "UFTKSQ25T",
                    "UGY8YDQ2G"
                ],
                "count": 2
            },
            {
                "name": "interrobang",
                "users": [
                    "UKAKENQAF"
                ],
                "count": 1
            }
        ]
    },
    {
        "client_msg_id": "c794eb83-bf61-42b2-83dc-a8859ead6b74",
        "type": "message",
        "text": "読み方リードしてくれるひとが突然あらわれると心強いですがまぁそうとも限らないのでなんとかします",
        "user": "UG46Z57TN",
        "ts": "1560959823.032100",
        "team": "TFU0BKCQP",
        "user_team": "TFU0BKCQP",
        "source_team": "TFU0BKCQP",
        "user_profile": {
            "avatar_hash": "c6bdd4cb17db",
            "image_72": "https:\/\/avatars.slack-edge.com\/2019-07-05\/685991185957_c6bdd4cb17db956661a1_72.jpg",
            "first_name": "Takeshi",
            "real_name": "Takeshi Kondo",
            "display_name": "chaspy",
            "team": "TFU0BKCQP",
            "name": "take.she12",
            "is_restricted": false,
            "is_ultra_restricted": false
        }
    },
    {
        "client_msg_id": "a81510de-da45-4abe-80da-983f6d1ebd8c",
        "type": "message",
        "text": "というか当日までにこのチャンネルで意見交換しつつ進めて当日にはだいたいわかってるみたいになれば優勝",
        "user": "UG46Z57TN",
        "ts": "1560959843.032600",
        "team": "TFU0BKCQP",
        "user_team": "TFU0BKCQP",
        "source_team": "TFU0BKCQP",
        "user_profile": {
            "avatar_hash": "c6bdd4cb17db",
            "image_72": "https:\/\/avatars.slack-edge.com\/2019-07-05\/685991185957_c6bdd4cb17db956661a1_72.jpg",
            "first_name": "Takeshi",
            "real_name": "Takeshi Kondo",
            "display_name": "chaspy",
            "team": "TFU0BKCQP",
            "name": "take.she12",
            "is_restricted": false,
            "is_ultra_restricted": false
        },
        "edited": {
            "user": "UG46Z57TN",
            "ts": "1560959847.000000"
        }
    },
    {
        "client_msg_id": "cea47aa9-406b-4723-9034-d5467bf39538",
        "type": "message",
        "text": "そうね",
        "user": "UFU0BKD8F",
        "ts": "1560959882.032900",
        "team": "TFU0BKCQP",
        "user_team": "TFU0BKCQP",
        "source_team": "TFU0BKCQP",
        "user_profile": {
            "avatar_hash": "92c41c62c7b0",
            "image_72": "https:\/\/avatars.slack-edge.com\/2019-01-30\/537137791812_92c41c62c7b0f054d3dd_72.jpg",
            "first_name": "らき",
            "real_name": "らき",
            "display_name": "raki",
            "team": "TFU0BKCQP",
            "name": "nishimuray",
            "is_restricted": false,
            "is_ultra_restricted": false
        }
    },
    {
        "client_msg_id": "1cb145b1-5432-496d-8858-cd0ff7985ab1",
        "type": "message",
        "text": "会議キャパらきさんが書いた通りですー",
        "user": "UFTKSQ25T",
        "ts": "1560981427.033400",
        "team": "TFU0BKCQP",
        "user_team": "TFU0BKCQP",
        "source_team": "TFU0BKCQP",
        "user_profile": {
            "avatar_hash": "g0bffa2bb65a",
            "image_72": "https:\/\/secure.gravatar.com\/avatar\/10bffa2bb65aa200d991e14d6110f549.jpg?s=72&d=https%3A%2F%2Fa.slack-edge.com%2Fdf10d%2Fimg%2Favatars%2Fava_0016-72.png",
            "first_name": "",
            "real_name": "morihaya",
            "display_name": "",
            "team": "TFU0BKCQP",
            "name": "yukiya.hayashi",
            "is_restricted": false,
            "is_ultra_restricted": false
        },
        "reactions": [
            {
                "name": "+1",
                "users": [
                    "UG46Z57TN"
                ],
                "count": 1
            }
        ]
    },
    {
        "client_msg_id": "6c313635-3bb2-404c-9ab8-2d064175c2ab",
        "type": "message",
        "text": "HackMD良さ&gt;&lt;",
        "user": "UFTKSQ25T",
        "ts": "1560981498.034000",
        "team": "TFU0BKCQP",
        "user_team": "TFU0BKCQP",
        "source_team": "TFU0BKCQP",
        "user_profile": {
            "avatar_hash": "g0bffa2bb65a",
            "image_72": "https:\/\/secure.gravatar.com\/avatar\/10bffa2bb65aa200d991e14d6110f549.jpg?s=72&d=https%3A%2F%2Fa.slack-edge.com%2Fdf10d%2Fimg%2Favatars%2Fava_0016-72.png",
            "first_name": "",
            "real_name": "morihaya",
            "display_name": "",
            "team": "TFU0BKCQP",
            "name": "yukiya.hayashi",
            "is_restricted": false,
            "is_ultra_restricted": false
        }
    },
    {
        "client_msg_id": "663520e0-145f-44e0-9be8-4ef4b9299df8",
        "type": "message",
        "text": "まじで助かります！＞＜",
        "user": "UFTKSQ25T",
        "ts": "1560981719.034100",
        "team": "TFU0BKCQP",
        "user_team": "TFU0BKCQP",
        "source_team": "TFU0BKCQP",
        "user_profile": {
            "avatar_hash": "g0bffa2bb65a",
            "image_72": "https:\/\/secure.gravatar.com\/avatar\/10bffa2bb65aa200d991e14d6110f549.jpg?s=72&d=https%3A%2F%2Fa.slack-edge.com%2Fdf10d%2Fimg%2Favatars%2Fava_0016-72.png",
            "first_name": "",
            "real_name": "morihaya",
            "display_name": "",
            "team": "TFU0BKCQP",
            "name": "yukiya.hayashi",
            "is_restricted": false,
            "is_ultra_restricted": false
        },
        "thread_ts": "1560959459.024300",
        "parent_user_id": "UFU0BKD8F"
    },
    {
        "client_msg_id": "fb4ce71c-774b-4e06-9e1f-4f87ddd4327a",
        "type": "message",
        "text": "がんばるｗ",
        "user": "UFU0BKD8F",
        "ts": "1560993003.034500",
        "team": "TFU0BKCQP",
        "user_team": "TFU0BKCQP",
        "source_team": "TFU0BKCQP",
        "user_profile": {
            "avatar_hash": "92c41c62c7b0",
            "image_72": "https:\/\/avatars.slack-edge.com\/2019-01-30\/537137791812_92c41c62c7b0f054d3dd_72.jpg",
            "first_name": "らき",
            "real_name": "らき",
            "display_name": "raki",
            "team": "TFU0BKCQP",
            "name": "nishimuray",
            "is_restricted": false,
            "is_ultra_restricted": false
        },
        "thread_ts": "1560959459.024300",
        "parent_user_id": "UFU0BKD8F"
    },
    {
        "client_msg_id": "09D31FAA-4AB7-4F01-AE4A-46BEA62F10D1",
        "type": "message",
        "text": "30人になると凄腕のファシリテーターいないとコードリーディング難しそう:thinking_face: ",
        "user": "UKAKENQAF",
        "ts": "1561011478.036400",
        "team": "TFU0BKCQP",
        "user_team": "TFU0BKCQP",
        "source_team": "TFU0BKCQP",
        "user_profile": {
            "avatar_hash": "g3c6c9b43cb5",
            "image_72": "https:\/\/secure.gravatar.com\/avatar\/f3c6c9b43cb5ff355b8faaac3e662292.jpg?s=72&d=https%3A%2F%2Fa.slack-edge.com%2Fdf10d%2Fimg%2Favatars%2Fava_0020-72.png",
            "first_name": "",
            "real_name": "kterada0509",
            "display_name": "kterada0509",
            "team": "TFU0BKCQP",
            "name": "kterada.0509sg",
            "is_restricted": false,
            "is_ultra_restricted": false
        }
    },
    {
        "client_msg_id": "062e08cd-6787-4497-9529-30306fc6b448",
        "type": "message",
        "text": "普通のコードリーディングってどんな感じでやるのでしょう？",
        "user": "UFU0BKD8F",
        "ts": "1561011636.037000",
        "team": "TFU0BKCQP",
        "user_team": "TFU0BKCQP",
        "source_team": "TFU0BKCQP",
        "user_profile": {
            "avatar_hash": "92c41c62c7b0",
            "image_72": "https:\/\/avatars.slack-edge.com\/2019-01-30\/537137791812_92c41c62c7b0f054d3dd_72.jpg",
            "first_name": "らき",
            "real_name": "らき",
            "display_name": "raki",
            "team": "TFU0BKCQP",
            "name": "nishimuray",
            "is_restricted": false,
            "is_ultra_restricted": false
        }
    },
    {
        "client_msg_id": "b2c44b69-5ace-4495-a5d3-638534c2dd83",
        "type": "message",
        "text": "ふだん一人でコード読んでるのでみんなで読むというのがどういうことかイマイチ分かっていないです",
        "user": "UHS4SFFA7",
        "ts": "1561011885.037700",
        "team": "TFU0BKCQP",
        "user_team": "TFU0BKCQP",
        "source_team": "TFU0BKCQP",
        "user_profile": {
            "avatar_hash": "gade34f8bdf1",
            "image_72": "https:\/\/secure.gravatar.com\/avatar\/5ade34f8bdf1b55c4ff82c11cf23cf42.jpg?s=72&d=https%3A%2F%2Fa.slack-edge.com%2Fdf10d%2Fimg%2Favatars%2Fava_0008-72.png",
            "first_name": "",
            "real_name": "minamijoyo",
            "display_name": "minamijoyo",
            "team": "TFU0BKCQP",
            "name": "minamijoyo",
            "is_restricted": false,
            "is_ultra_restricted": false
        }
    },
    {
        "client_msg_id": "88122b02-40b2-4ef5-a3b7-cc4d5a1d7d67",
        "type": "message",
        "text": "プロジェクタにエディタを映してみんなで眺めるのかな？",
        "user": "UHS4SFFA7",
        "ts": "1561011925.038300",
        "team": "TFU0BKCQP",
        "user_team": "TFU0BKCQP",
        "source_team": "TFU0BKCQP",
        "user_profile": {
            "avatar_hash": "gade34f8bdf1",
            "image_72": "https:\/\/secure.gravatar.com\/avatar\/5ade34f8bdf1b55c4ff82c11cf23cf42.jpg?s=72&d=https%3A%2F%2Fa.slack-edge.com%2Fdf10d%2Fimg%2Favatars%2Fava_0008-72.png",
            "first_name": "",
            "real_name": "minamijoyo",
            "display_name": "minamijoyo",
            "team": "TFU0BKCQP",
            "name": "minamijoyo",
            "is_restricted": false,
            "is_ultra_restricted": false
        }
    },
    {
        "client_msg_id": "a9714640-a07f-4ae5-9e00-9e4b699d61d8",
        "type": "message",
        "text": "そう、普通コードって一人で読むよね。みたいな。コードリーディングがどういう感じでやられてるのか興味ある。",
        "user": "UFU0BKD8F",
        "ts": "1561012006.039600",
        "team": "TFU0BKCQP",
        "user_team": "TFU0BKCQP",
        "source_team": "TFU0BKCQP",
        "user_profile": {
            "avatar_hash": "92c41c62c7b0",
            "image_72": "https:\/\/avatars.slack-edge.com\/2019-01-30\/537137791812_92c41c62c7b0f054d3dd_72.jpg",
            "first_name": "らき",
            "real_name": "らき",
            "display_name": "raki",
            "team": "TFU0BKCQP",
            "name": "nishimuray",
            "is_restricted": false,
            "is_ultra_restricted": false
        }
    },
    {
        "client_msg_id": "32197c69-e8f9-4597-b3ce-0db2d73db2bf",
        "type": "message",
        "text": "２、３人でペアプロみたいにドライバーとナビゲータに別れてみるとか、モブプロみたいに後ろ複数つけるとか。。。",
        "user": "UFU0BKD8F",
        "ts": "1561012067.040700",
        "team": "TFU0BKCQP",
        "user_team": "TFU0BKCQP",
        "source_team": "TFU0BKCQP",
        "user_profile": {
            "avatar_hash": "92c41c62c7b0",
            "image_72": "https:\/\/avatars.slack-edge.com\/2019-01-30\/537137791812_92c41c62c7b0f054d3dd_72.jpg",
            "first_name": "らき",
            "real_name": "らき",
            "display_name": "raki",
            "team": "TFU0BKCQP",
            "name": "nishimuray",
            "is_restricted": false,
            "is_ultra_restricted": false
        },
        "reactions": [
            {
                "name": "eyes",
                "users": [
                    "UGY8YDQ2G"
                ],
                "count": 1
            }
        ]
    },
    {
        "client_msg_id": "41a03df3-3a6a-454c-a2b1-b57d66371075",
        "type": "message",
        "text": "よくある形式だとそれぞれテーマ決めて、最後に学びを共有みたいな形ですもんね。",
        "user": "UKAKENQAF",
        "ts": "1561012433.041200",
        "team": "TFU0BKCQP",
        "user_team": "TFU0BKCQP",
        "source_team": "TFU0BKCQP",
        "user_profile": {
            "avatar_hash": "g3c6c9b43cb5",
            "image_72": "https:\/\/secure.gravatar.com\/avatar\/f3c6c9b43cb5ff355b8faaac3e662292.jpg?s=72&d=https%3A%2F%2Fa.slack-edge.com%2Fdf10d%2Fimg%2Favatars%2Fava_0020-72.png",
            "first_name": "",
            "real_name": "kterada0509",
            "display_name": "kterada0509",
            "team": "TFU0BKCQP",
            "name": "kterada.0509sg",
            "is_restricted": false,
            "is_ultra_restricted": false
        }
    },
    {
        "client_msg_id": "120d4b57-81dc-4508-a3bd-181fada9cdb2",
        "type": "message",
        "text": "ペアプロの読む版みたいなイメージやか",
        "user": "UG46Z57TN",
        "ts": "1561013006.042200",
        "team": "TFU0BKCQP",
        "user_team": "TFU0BKCQP",
        "source_team": "TFU0BKCQP",
        "user_profile": {
            "avatar_hash": "c6bdd4cb17db",
            "image_72": "https:\/\/avatars.slack-edge.com\/2019-07-05\/685991185957_c6bdd4cb17db956661a1_72.jpg",
            "first_name": "Takeshi",
            "real_name": "Takeshi Kondo",
            "display_name": "chaspy",
            "team": "TFU0BKCQP",
            "name": "take.she12",
            "is_restricted": false,
            "is_ultra_restricted": false
        }
    },
    {
        "client_msg_id": "d315fc6f-e0d9-4657-94e8-a61245101655",
        "type": "message",
        "text": "ペアプロっぽいのにするなら環境の作り方とかコードの追い方とかの共有したほうがいいね。。。Golang力の有無もそうだけどIDEの使い方でずいぶん違うはず。。。",
        "user": "UFU0BKD8F",
        "ts": "1561013140.043900",
        "team": "TFU0BKCQP",
        "user_team": "TFU0BKCQP",
        "source_team": "TFU0BKCQP",
        "user_profile": {
            "avatar_hash": "92c41c62c7b0",
            "image_72": "https:\/\/avatars.slack-edge.com\/2019-01-30\/537137791812_92c41c62c7b0f054d3dd_72.jpg",
            "first_name": "らき",
            "real_name": "らき",
            "display_name": "raki",
            "team": "TFU0BKCQP",
            "name": "nishimuray",
            "is_restricted": false,
            "is_ultra_restricted": false
        }
    },
    {
        "client_msg_id": "cd44bfc5-1211-4722-a114-06a42ec25034",
        "type": "message",
        "text": "VSCode live share?",
        "user": "UG46Z57TN",
        "ts": "1561013179.044200",
        "team": "TFU0BKCQP",
        "user_team": "TFU0BKCQP",
        "source_team": "TFU0BKCQP",
        "user_profile": {
            "avatar_hash": "c6bdd4cb17db",
            "image_72": "https:\/\/avatars.slack-edge.com\/2019-07-05\/685991185957_c6bdd4cb17db956661a1_72.jpg",
            "first_name": "Takeshi",
            "real_name": "Takeshi Kondo",
            "display_name": "chaspy",
            "team": "TFU0BKCQP",
            "name": "take.she12",
            "is_restricted": false,
            "is_ultra_restricted": false
        }
    },
    {
        "client_msg_id": "807d3107-cc19-44cd-a12d-b2d2769c45cc",
        "type": "message",
        "text": "各人のコードリーディングのスタイルの共有とかいるかしらね。\n第ゼロ回開催の機運。。。？ｗ",
        "user": "UFU0BKD8F",
        "ts": "1561013273.046100",
        "team": "TFU0BKCQP",
        "user_team": "TFU0BKCQP",
        "source_team": "TFU0BKCQP",
        "user_profile": {
            "avatar_hash": "92c41c62c7b0",
            "image_72": "https:\/\/avatars.slack-edge.com\/2019-01-30\/537137791812_92c41c62c7b0f054d3dd_72.jpg",
            "first_name": "らき",
            "real_name": "らき",
            "display_name": "raki",
            "team": "TFU0BKCQP",
            "name": "nishimuray",
            "is_restricted": false,
            "is_ultra_restricted": false
        }
    },
    {
        "client_msg_id": "e2b3c752-8bba-4999-9305-ceb37fef7475",
        "type": "message",
        "text": "でもなんかしらのシェアはしないとだからやっぱ画面共有の何かはいるね。\n物理ディスプレイがあるならまだしも",
        "user": "UG46Z57TN",
        "ts": "1561013317.046700",
        "team": "TFU0BKCQP",
        "user_team": "TFU0BKCQP",
        "source_team": "TFU0BKCQP",
        "user_profile": {
            "avatar_hash": "c6bdd4cb17db",
            "image_72": "https:\/\/avatars.slack-edge.com\/2019-07-05\/685991185957_c6bdd4cb17db956661a1_72.jpg",
            "first_name": "Takeshi",
            "real_name": "Takeshi Kondo",
            "display_name": "chaspy",
            "team": "TFU0BKCQP",
            "name": "take.she12",
            "is_restricted": false,
            "is_ultra_restricted": false
        }
    },
    {
        "client_msg_id": "4c68d572-7908-4af3-ab4b-7abc4b585b6f",
        "type": "message",
        "text": "あと、超絶人見知りの俺が初対面の人とペアプロできる気がしない問題についてｗ",
        "user": "UFU0BKD8F",
        "ts": "1561013417.048200",
        "team": "TFU0BKCQP",
        "user_team": "TFU0BKCQP",
        "source_team": "TFU0BKCQP",
        "user_profile": {
            "avatar_hash": "92c41c62c7b0",
            "image_72": "https:\/\/avatars.slack-edge.com\/2019-01-30\/537137791812_92c41c62c7b0f054d3dd_72.jpg",
            "first_name": "らき",
            "real_name": "らき",
            "display_name": "raki",
            "team": "TFU0BKCQP",
            "name": "nishimuray",
            "is_restricted": false,
            "is_ultra_restricted": false
        }
    },
    {
        "client_msg_id": "5a989cf4-4f4f-442d-9c37-8ece8228d5e5",
        "type": "message",
        "text": "そいつは大変だ",
        "user": "UG46Z57TN",
        "ts": "1561013430.048500",
        "team": "TFU0BKCQP",
        "user_team": "TFU0BKCQP",
        "source_team": "TFU0BKCQP",
        "user_profile": {
            "avatar_hash": "c6bdd4cb17db",
            "image_72": "https:\/\/avatars.slack-edge.com\/2019-07-05\/685991185957_c6bdd4cb17db956661a1_72.jpg",
            "first_name": "Takeshi",
            "real_name": "Takeshi Kondo",
            "display_name": "chaspy",
            "team": "TFU0BKCQP",
            "name": "take.she12",
            "is_restricted": false,
            "is_ultra_restricted": false
        }
    },
    {
        "client_msg_id": "e0656adb-030b-4e18-948f-daba43b42d55",
        "type": "message",
        "text": "その問題考えると2,3人でペアプロより4,5人にしてモブプロ的な方がいいかもですね。",
        "user": "UKAKENQAF",
        "ts": "1561013656.049400",
        "team": "TFU0BKCQP",
        "user_team": "TFU0BKCQP",
        "source_team": "TFU0BKCQP",
        "user_profile": {
            "avatar_hash": "g3c6c9b43cb5",
            "image_72": "https:\/\/secure.gravatar.com\/avatar\/f3c6c9b43cb5ff355b8faaac3e662292.jpg?s=72&d=https%3A%2F%2Fa.slack-edge.com%2Fdf10d%2Fimg%2Favatars%2Fava_0020-72.png",
            "first_name": "",
            "real_name": "kterada0509",
            "display_name": "kterada0509",
            "team": "TFU0BKCQP",
            "name": "kterada.0509sg",
            "is_restricted": false,
            "is_ultra_restricted": false
        }
    },
    {
        "client_msg_id": "d69c0190-1d0b-4dca-8dfe-a9e6a565ecec",
        "type": "message",
        "text": "いま10人なので2グループ、12-15なら3グループで",
        "user": "UG46Z57TN",
        "ts": "1561013689.049900",
        "team": "TFU0BKCQP",
        "user_team": "TFU0BKCQP",
        "source_team": "TFU0BKCQP",
        "user_profile": {
            "avatar_hash": "c6bdd4cb17db",
            "image_72": "https:\/\/avatars.slack-edge.com\/2019-07-05\/685991185957_c6bdd4cb17db956661a1_72.jpg",
            "first_name": "Takeshi",
            "real_name": "Takeshi Kondo",
            "display_name": "chaspy",
            "team": "TFU0BKCQP",
            "name": "take.she12",
            "is_restricted": false,
            "is_ultra_restricted": false
        }
    },
    {
        "client_msg_id": "aa89d24d-f6f6-4a02-b5d9-701f6da7c80c",
        "type": "message",
        "text": "ちなまた2人並んでくれてるからまた今夜増枠するかも",
        "user": "UG46Z57TN",
        "ts": "1561013704.050400",
        "team": "TFU0BKCQP",
        "user_team": "TFU0BKCQP",
        "source_team": "TFU0BKCQP",
        "user_profile": {
            "avatar_hash": "c6bdd4cb17db",
            "image_72": "https:\/\/avatars.slack-edge.com\/2019-07-05\/685991185957_c6bdd4cb17db956661a1_72.jpg",
            "first_name": "Takeshi",
            "real_name": "Takeshi Kondo",
            "display_name": "chaspy",
            "team": "TFU0BKCQP",
            "name": "take.she12",
            "is_restricted": false,
            "is_ultra_restricted": false
        },
        "reactions": [
            {
                "name": "+1",
                "users": [
                    "UFU0BKD8F",
                    "UHS4SFFA7",
                    "UKAKENQAF",
                    "UFTKSQ25T"
                ],
                "count": 4
            }
        ]
    }
]