[
    {
        "client_msg_id": "81e396de-fda9-4340-a9dc-360f63657bc3",
        "type": "message",
        "text": "ぶっちゃけ全然リーディングできてない。。。_no",
        "user": "UFU0BKD8F",
        "ts": "1561336421.061400",
        "team": "TFU0BKCQP",
        "user_team": "TFU0BKCQP",
        "source_team": "TFU0BKCQP",
        "user_profile": {
            "avatar_hash": "92c41c62c7b0",
            "image_72": "https:\/\/avatars.slack-edge.com\/2019-01-30\/537137791812_92c41c62c7b0f054d3dd_72.jpg",
            "first_name": "らき",
            "real_name": "らき",
            "display_name": "raki",
            "team": "TFU0BKCQP",
            "name": "nishimuray",
            "is_restricted": false,
            "is_ultra_restricted": false
        }
    },
    {
        "user": "UJ167V97S",
        "type": "message",
        "subtype": "channel_join",
        "ts": "1561349994.061700",
        "text": "<@UJ167V97S>さんがチャンネルに参加しました"
    }
]