[
    {
        "client_msg_id": "1cc912cb-fb5c-4016-8b67-aa827dc1aaaf",
        "type": "message",
        "text": "増枠er",
        "user": "UG46Z57TN",
        "ts": "1561019362.051300",
        "team": "TFU0BKCQP",
        "user_team": "TFU0BKCQP",
        "source_team": "TFU0BKCQP",
        "user_profile": {
            "avatar_hash": "c6bdd4cb17db",
            "image_72": "https:\/\/avatars.slack-edge.com\/2019-07-05\/685991185957_c6bdd4cb17db956661a1_72.jpg",
            "first_name": "Takeshi",
            "real_name": "Takeshi Kondo",
            "display_name": "chaspy",
            "team": "TFU0BKCQP",
            "name": "take.she12",
            "is_restricted": false,
            "is_ultra_restricted": false
        }
    },
    {
        "client_msg_id": "ff759405-386e-4c8e-8431-0728117d7815",
        "type": "message",
        "text": "出張できそうな雰囲気なので申込みしました",
        "user": "UGY8YDQ2G",
        "ts": "1561019638.051900",
        "team": "TFU0BKCQP",
        "user_team": "TFU0BKCQP",
        "source_team": "TFU0BKCQP",
        "user_profile": {
            "avatar_hash": "g291f154cfcc",
            "image_72": "https:\/\/secure.gravatar.com\/avatar\/e291f154cfcc9464f726fde90258369b.jpg?s=72&d=https%3A%2F%2Fa.slack-edge.com%2Fdf10d%2Fimg%2Favatars%2Fava_0010-72.png",
            "first_name": "",
            "real_name": "Mafuyu Kamono",
            "display_name": "mafuyuk",
            "team": "TFU0BKCQP",
            "name": "mafuyuk.m",
            "is_restricted": false,
            "is_ultra_restricted": false
        },
        "reactions": [
            {
                "name": "clap",
                "users": [
                    "UKAKENQAF",
                    "UFTKSQ25T"
                ],
                "count": 2
            }
        ]
    },
    {
        "client_msg_id": "9135a288-6713-4e92-9826-d6702529d13c",
        "type": "message",
        "text": "まじすか！！！すごい",
        "user": "UG46Z57TN",
        "ts": "1561019662.052300",
        "team": "TFU0BKCQP",
        "user_team": "TFU0BKCQP",
        "source_team": "TFU0BKCQP",
        "user_profile": {
            "avatar_hash": "c6bdd4cb17db",
            "image_72": "https:\/\/avatars.slack-edge.com\/2019-07-05\/685991185957_c6bdd4cb17db956661a1_72.jpg",
            "first_name": "Takeshi",
            "real_name": "Takeshi Kondo",
            "display_name": "chaspy",
            "team": "TFU0BKCQP",
            "name": "take.she12",
            "is_restricted": false,
            "is_ultra_restricted": false
        }
    },
    {
        "client_msg_id": "15d9ccc7-34b2-40b1-ae05-7ebac1ce8b9e",
        "type": "message",
        "text": "一度顔合わせたあととか、コードリーディングの方法がこなれてきたらリモートでもできるかもですね〜",
        "user": "UG46Z57TN",
        "ts": "1561019690.053400",
        "team": "TFU0BKCQP",
        "user_team": "TFU0BKCQP",
        "source_team": "TFU0BKCQP",
        "user_profile": {
            "avatar_hash": "c6bdd4cb17db",
            "image_72": "https:\/\/avatars.slack-edge.com\/2019-07-05\/685991185957_c6bdd4cb17db956661a1_72.jpg",
            "first_name": "Takeshi",
            "real_name": "Takeshi Kondo",
            "display_name": "chaspy",
            "team": "TFU0BKCQP",
            "name": "take.she12",
            "is_restricted": false,
            "is_ultra_restricted": false
        },
        "reactions": [
            {
                "name": "raised_hands",
                "users": [
                    "UGY8YDQ2G",
                    "UFTKSQ25T"
                ],
                "count": 2
            }
        ]
    },
    {
        "client_msg_id": "1197e5e4-d1f9-4947-abab-89c9c898602b",
        "type": "message",
        "text": "他にも予定あったのと予定を増産しましたw\n多分行けると思うので勉強させていただきます:bow:",
        "user": "UGY8YDQ2G",
        "ts": "1561019699.053700",
        "team": "TFU0BKCQP",
        "user_team": "TFU0BKCQP",
        "source_team": "TFU0BKCQP",
        "user_profile": {
            "avatar_hash": "g291f154cfcc",
            "image_72": "https:\/\/secure.gravatar.com\/avatar\/e291f154cfcc9464f726fde90258369b.jpg?s=72&d=https%3A%2F%2Fa.slack-edge.com%2Fdf10d%2Fimg%2Favatars%2Fava_0010-72.png",
            "first_name": "",
            "real_name": "Mafuyu Kamono",
            "display_name": "mafuyuk",
            "team": "TFU0BKCQP",
            "name": "mafuyuk.m",
            "is_restricted": false,
            "is_ultra_restricted": false
        }
    }
]