[
    {
        "type": "message",
        "subtype": "bot_message",
        "text": "<https:\/\/qiita.com\/en30\/items\/c6e40e3294c3dc6e0bef|CodeBuildのSlack通知をTerraformでサクッと設定する>\n最近CodeBuildを利用し始めたのですが、CircleCI等のようにはサクッとSlack通知ができないのを少しもどかしく感じました。ビルドの状態がSlack上で楽に把握できないと、コンソールを見に行ってしまったり思考リソースを奪われてしまいますよね。\n\nそこでよし通知をしようと思っても、まさにこれというTerraform Moduleがなかったのでmoduleを作ってみました。\n\n&lt;a...",
        "ts": "1558870917.000100",
        "username": "Terraformタグが付けられた新着記事 - Qiita",
        "icons": {
            "image_36": "https:\/\/a.slack-edge.com\/66f9\/img\/services\/rss_36.png",
            "image_48": "https:\/\/a.slack-edge.com\/66f9\/img\/services\/rss_48.png",
            "image_72": "https:\/\/a.slack-edge.com\/205a\/img\/services\/rss_72.png"
        },
        "bot_id": "BG3N7LG73",
        "attachments": [
            {
                "service_name": "Qiita",
                "title": "CodeBuildのSlack通知をTerraformでサクッと設定する - Qiita",
                "title_link": "https:\/\/qiita.com\/en30\/items\/c6e40e3294c3dc6e0bef",
                "text": "最近CodeBuildを利用し始めたのですが、CircleCI等のようにはサクッとSlack通知ができないのを少しもどかしく感じました。ビルドの状態がSlack上で楽に把握できないと、コンソールを見に行ってしまったり思考リソースを奪わ...",
                "fallback": "Qiita: CodeBuildのSlack通知をTerraformでサクッと設定する - Qiita",
                "thumb_url": "https:\/\/cdn.qiita.com\/assets\/qiita-fb-2887e7b4aad86fd8c25cea84846f2236.png",
                "from_url": "https:\/\/qiita.com\/en30\/items\/c6e40e3294c3dc6e0bef",
                "thumb_width": 200,
                "thumb_height": 200,
                "service_icon": "https:\/\/cdn.qiita.com\/assets\/favicons\/public\/apple-touch-icon-f9a6afad761ec2306e10db2736187c8b.png",
                "id": 1,
                "original_url": "https:\/\/qiita.com\/en30\/items\/c6e40e3294c3dc6e0bef"
            }
        ]
    },
    {
        "type": "message",
        "subtype": "bot_message",
        "text": "<https:\/\/www.reddit.com\/r\/Terraform\/comments\/btdu4k\/public_module_versioning_for_terraform_12\/|Public module versioning for Terraform 12?>\nI publish and maintain <https:\/\/registry.terraform.io\/modules\/joshuamkite\/ssh-bastion-service|a module in the Terraform Module Registry>. I am wondering how best to handle the necessarily breaking change of accomodating HCL2 that comes in with Terraform 0.12. I have already implemented the code changes and checked that they work. The obvious way forward is to increment a major version and note the break in the changelog etc. This means that the old HCL1 code remains available if...",
        "ts": "1558909011.000100",
        "username": "Terraform ALL the Worlds!",
        "icons": {
            "image_48": "https:\/\/s3-us-west-2.amazonaws.com\/slack-files2\/bot_icons\/2019-02-12\/548785199618_48.png"
        },
        "bot_id": "BG3N7LG73",
        "attachments": [
            {
                "service_name": "reddit",
                "title": "r\/Terraform - Public module versioning for Terraform 12?",
                "title_link": "https:\/\/www.reddit.com\/r\/Terraform\/comments\/btdu4k\/public_module_versioning_for_terraform_12\/",
                "text": "0 votes and 0 comments so far on Reddit",
                "fallback": "reddit: r\/Terraform - Public module versioning for Terraform 12?",
                "from_url": "https:\/\/www.reddit.com\/r\/Terraform\/comments\/btdu4k\/public_module_versioning_for_terraform_12\/",
                "service_icon": "https:\/\/www.redditstatic.com\/desktop2x\/img\/favicon\/apple-icon-57x57.png",
                "id": 1,
                "original_url": "https:\/\/www.reddit.com\/r\/Terraform\/comments\/btdu4k\/public_module_versioning_for_terraform_12\/"
            }
        ]
    },
    {
        "type": "message",
        "subtype": "bot_message",
        "text": "<https:\/\/www.reddit.com\/r\/Terraform\/comments\/btgyp3\/terraform_passing_a_variable_with_double_quotes\/|Terraform - passing a variable with double quotes>\nCommunity, I am using the following provisioner code to run a command to trigger chef to run on the remote node via my chef workstation.  Jumpstarts the bootstrapping of the remote server. provisioner \"local-exec\" { command = \"knife bootstrap windows winrm '${aws_instance.[SERVER_NAME].private_ip}' -y -N '[NODE_NAME]' -x '.\\[USER_NAME]' -P ''${rsadecrypt(self.password_data,file(\".\/[PEM_FILE_NAME].pem\"))}'' --run-list 'role[ROLE_NAME]' --bootstrap-install-command 'msiexec \/i...",
        "ts": "1558927918.000300",
        "username": "Terraform ALL the Worlds!",
        "icons": {
            "image_48": "https:\/\/s3-us-west-2.amazonaws.com\/slack-files2\/bot_icons\/2019-02-12\/548785199618_48.png"
        },
        "bot_id": "BG3N7LG73"
    },
    {
        "type": "message",
        "subtype": "bot_message",
        "text": "<https:\/\/qiita.com\/suzutatsu\/items\/f892e8e7f439c7fc424e|Terraform 0.12へのバージョンアップ>\n<https:\/\/qiita.com\/#%E5%85%AC%E5%BC%8F%E3%83%89%E3%82%AD%E3%83%A5%E3%83%A1%E3%83%B3%E3%83%88>公式ドキュメント\n\n公式ドキュメントに詳しく書いてあります。\nじっくり作業できる方は公式ドキュメントに従って作業してください。\n（このメモも公式ドキュメントを見て作業したものです）\n&lt;a href=\"https:\/\/www.terraform.io\/upgrade-guides\/0-12.html\" rel=\"nofollow noopener\" target=\"_blank\"&gt;Upgrading to Terraform...",
        "ts": "1558936616.000400",
        "username": "Terraformタグが付けられた新着記事 - Qiita",
        "icons": {
            "image_36": "https:\/\/a.slack-edge.com\/66f9\/img\/services\/rss_36.png",
            "image_48": "https:\/\/a.slack-edge.com\/66f9\/img\/services\/rss_48.png",
            "image_72": "https:\/\/a.slack-edge.com\/205a\/img\/services\/rss_72.png"
        },
        "bot_id": "BG3N7LG73",
        "attachments": [
            {
                "service_name": "Qiita",
                "title": "Terraform 0.12へのバージョンアップ - Qiita",
                "title_link": "https:\/\/qiita.com\/suzutatsu\/items\/f892e8e7f439c7fc424e",
                "text": "# 公式ドキュメント 公式ドキュメントに詳しく書いてあります。 じっくり作業できる方は公式ドキュメントに従って作業してください。 （このメモも公式ドキュメントを見て作業したものです） [Upgrading to Terraform v...",
                "fallback": "Qiita: Terraform 0.12へのバージョンアップ - Qiita",
                "thumb_url": "https:\/\/cdn.qiita.com\/assets\/qiita-fb-2887e7b4aad86fd8c25cea84846f2236.png",
                "from_url": "https:\/\/qiita.com\/suzutatsu\/items\/f892e8e7f439c7fc424e",
                "thumb_width": 200,
                "thumb_height": 200,
                "service_icon": "https:\/\/cdn.qiita.com\/assets\/favicons\/public\/apple-touch-icon-f9a6afad761ec2306e10db2736187c8b.png",
                "id": 1,
                "original_url": "https:\/\/qiita.com\/suzutatsu\/items\/f892e8e7f439c7fc424e"
            },
            {
                "service_name": "Qiita",
                "title": "プログラマの技術情報共有サービス - Qiita",
                "title_link": "https:\/\/qiita.com\/#%E5%85%AC%E5%BC%8F%E3%83%89%E3%82%AD%E3%83%A5%E3%83%A1%E3%83%B3%E3%83%88",
                "text": "Qiitaは、プログラマのための技術情報共有サービスです。 プログラミングに関するTips、ノウハウ、メモを簡単に記録 &amp; 公開することができます。",
                "fallback": "Qiita: プログラマの技術情報共有サービス - Qiita",
                "thumb_url": "https:\/\/cdn.qiita.com\/assets\/qiita-fb-2887e7b4aad86fd8c25cea84846f2236.png",
                "from_url": "https:\/\/qiita.com\/#%E5%85%AC%E5%BC%8F%E3%83%89%E3%82%AD%E3%83%A5%E3%83%A1%E3%83%B3%E3%83%88",
                "thumb_width": 200,
                "thumb_height": 200,
                "service_icon": "https:\/\/cdn.qiita.com\/assets\/favicons\/public\/apple-touch-icon-f9a6afad761ec2306e10db2736187c8b.png",
                "id": 2,
                "original_url": "https:\/\/qiita.com\/#%E5%85%AC%E5%BC%8F%E3%83%89%E3%82%AD%E3%83%A5%E3%83%A1%E3%83%B3%E3%83%88"
            }
        ]
    }
]