[
    {
        "type": "message",
        "subtype": "bot_message",
        "text": "<https:\/\/www.google.com\/url?rct=j&amp;sa=t&amp;url=https:\/\/www.asahi.com\/and_M\/pressrelease\/pre_2660170\/&amp;ct=ga&amp;cd=CAIyHDMwMTY1OGE1ZDI5NDAyNzE6Y28uanA6amE6SlA&amp;usg=AFQjCNFACwp7WkeKxsW4bA_VH-bs-VY9iQ|鈴与シンワート株式会社：ベアメタルエッジへのオープンソースの適用>\nKubesprayはTerraformとAnsibleを介した自動化によって、Kubernetesクラスタリングの立ち上げの複雑さを取り除きます。Terraformはインフラを ...",
        "ts": "1558988348.000600",
        "username": "Google アラート - terraform",
        "icons": {
            "image_36": "https:\/\/a.slack-edge.com\/66f9\/img\/services\/rss_36.png",
            "image_48": "https:\/\/a.slack-edge.com\/66f9\/img\/services\/rss_48.png",
            "image_72": "https:\/\/a.slack-edge.com\/205a\/img\/services\/rss_72.png"
        },
        "bot_id": "BG3N7LG73"
    },
    {
        "type": "message",
        "subtype": "bot_message",
        "text": "<https:\/\/www.reddit.com\/r\/Terraform\/comments\/bts0uf\/using_env_variables_for_access_keys\/|Using env variables for access keys>\nHi All, Just wanted to know if I could see an example of how I'd pass in aws access keys as environment variables into a Terraform script? I am on windows. I'm refactoring from cred files. Thanks \n   submitted by   <https:\/\/www.reddit.com\/user\/GSS55| \/u\/GSS55 > \n<https:\/\/www.reddit.com\/r\/Terraform\/comments\/bts0uf\/using_env_variables_for_access_keys\/|[link]>   <https:\/\/www.reddit.com\/r\/Terraform\/comments\/bts0uf\/using_env_variables_for_access_keys\/|[comments]>",
        "ts": "1558994830.000700",
        "username": "Terraform ALL the Worlds!",
        "icons": {
            "image_48": "https:\/\/s3-us-west-2.amazonaws.com\/slack-files2\/bot_icons\/2019-02-12\/548785199618_48.png"
        },
        "bot_id": "BG3N7LG73",
        "attachments": [
            {
                "service_name": "reddit",
                "title": "r\/Terraform - Using env variables for access keys",
                "title_link": "https:\/\/www.reddit.com\/r\/Terraform\/comments\/bts0uf\/using_env_variables_for_access_keys\/",
                "text": "0 votes and 0 comments so far on Reddit",
                "fallback": "reddit: r\/Terraform - Using env variables for access keys",
                "from_url": "https:\/\/www.reddit.com\/r\/Terraform\/comments\/bts0uf\/using_env_variables_for_access_keys\/",
                "service_icon": "https:\/\/www.redditstatic.com\/desktop2x\/img\/favicon\/apple-icon-57x57.png",
                "id": 1,
                "original_url": "https:\/\/www.reddit.com\/r\/Terraform\/comments\/bts0uf\/using_env_variables_for_access_keys\/"
            },
            {
                "service_name": "reddit",
                "title": "GSS55 (u\/GSS55) - Reddit",
                "title_link": "https:\/\/www.reddit.com\/user\/GSS55",
                "text": "u\/GSS55:",
                "fallback": "reddit: GSS55 (u\/GSS55) - Reddit",
                "thumb_url": "https:\/\/www.redditstatic.com\/avatars\/avatar_default_08_545452.png",
                "from_url": "https:\/\/www.reddit.com\/user\/GSS55",
                "thumb_width": 256,
                "thumb_height": 256,
                "service_icon": "https:\/\/www.redditstatic.com\/desktop2x\/img\/favicon\/apple-icon-57x57.png",
                "id": 2,
                "original_url": "https:\/\/www.reddit.com\/user\/GSS55"
            }
        ]
    },
    {
        "type": "message",
        "subtype": "bot_message",
        "text": "<https:\/\/qiita.com\/keiichi-hikita\/items\/09ea25fab094986f4950|TerraformのLocal Valuesについてよくわからなかったので検証してみた>\n<https:\/\/qiita.com\/#local-values%E3%81%A8%E3%81%AF>Local Valuesとは\n\n公式によると、\n\n\nlocal values というものを普通のプログラミング言語に照らし合わせて考えると、、、\n\n\n\nvariable が関数のargumenｔに相当\n\noutput が関数のreturn valueに相当\nでは locals(=local variables) は・・・というと関数内スコープの変数に相当...",
        "ts": "1558999608.000900",
        "username": "Terraformタグが付けられた新着記事 - Qiita",
        "icons": {
            "image_36": "https:\/\/a.slack-edge.com\/66f9\/img\/services\/rss_36.png",
            "image_48": "https:\/\/a.slack-edge.com\/66f9\/img\/services\/rss_48.png",
            "image_72": "https:\/\/a.slack-edge.com\/205a\/img\/services\/rss_72.png"
        },
        "bot_id": "BG3N7LG73",
        "attachments": [
            {
                "service_name": "Qiita",
                "title": "TerraformのLocal Valuesについてよくわからなかったので検証してみた - Qiita",
                "title_link": "https:\/\/qiita.com\/keiichi-hikita\/items\/09ea25fab094986f4950",
                "text": "## Local Valuesとは 公式によると、 - local values というものを普通のプログラミング言語に照らし合わせて考えると、、、 - `variable` が関数のargumenｔに相当 - `...",
                "fallback": "Qiita: TerraformのLocal Valuesについてよくわからなかったので検証してみた - Qiita",
                "thumb_url": "https:\/\/cdn.qiita.com\/assets\/qiita-fb-2887e7b4aad86fd8c25cea84846f2236.png",
                "from_url": "https:\/\/qiita.com\/keiichi-hikita\/items\/09ea25fab094986f4950",
                "thumb_width": 200,
                "thumb_height": 200,
                "service_icon": "https:\/\/cdn.qiita.com\/assets\/favicons\/public\/apple-touch-icon-f9a6afad761ec2306e10db2736187c8b.png",
                "id": 1,
                "original_url": "https:\/\/qiita.com\/keiichi-hikita\/items\/09ea25fab094986f4950"
            },
            {
                "service_name": "Qiita",
                "title": "プログラマの技術情報共有サービス - Qiita",
                "title_link": "https:\/\/qiita.com\/#local-values%E3%81%A8%E3%81%AF",
                "text": "Qiitaは、プログラマのための技術情報共有サービスです。 プログラミングに関するTips、ノウハウ、メモを簡単に記録 &amp; 公開することができます。",
                "fallback": "Qiita: プログラマの技術情報共有サービス - Qiita",
                "thumb_url": "https:\/\/cdn.qiita.com\/assets\/qiita-fb-2887e7b4aad86fd8c25cea84846f2236.png",
                "from_url": "https:\/\/qiita.com\/#local-values%E3%81%A8%E3%81%AF",
                "thumb_width": 200,
                "thumb_height": 200,
                "service_icon": "https:\/\/cdn.qiita.com\/assets\/favicons\/public\/apple-touch-icon-f9a6afad761ec2306e10db2736187c8b.png",
                "id": 2,
                "original_url": "https:\/\/qiita.com\/#local-values%E3%81%A8%E3%81%AF"
            }
        ]
    },
    {
        "type": "message",
        "subtype": "bot_message",
        "text": "<https:\/\/qiita.com\/andromeda\/items\/fda67a65bbb56f21e6bd|GCPから出たterraformingじゃないterraformer使ってみた>\n普段AWS と GCP 触ってますが、 AWSだと <https:\/\/github.com\/dtan4\/terraforming|dtan\/terraforming> をちょいちょい使ってて、GCP対応来ないかなぁーって思ってました……\n\nそしたら、まさかのGoogleから terraforming terraformer なる物が出ていてビビったのでとりあえずちょっと試してみました。\n\n対応provider\n\nGoogle Cloud\nAWS\nOpenStack\nKubernetes\nGithub...",
        "ts": "1559002615.001100",
        "username": "Terraformタグが付けられた新着記事 - Qiita",
        "icons": {
            "image_36": "https:\/\/a.slack-edge.com\/66f9\/img\/services\/rss_36.png",
            "image_48": "https:\/\/a.slack-edge.com\/66f9\/img\/services\/rss_48.png",
            "image_72": "https:\/\/a.slack-edge.com\/205a\/img\/services\/rss_72.png"
        },
        "bot_id": "BG3N7LG73",
        "attachments": [
            {
                "service_name": "Qiita",
                "title": "GCPから出たterraformingじゃないterraformer使ってみた - Qiita",
                "title_link": "https:\/\/qiita.com\/andromeda\/items\/fda67a65bbb56f21e6bd",
                "text": "普段AWS と GCP 触ってますが、 AWSだと [dtan\/terraforming](<https:\/\/github.com\/dtan4\/terraforming>) をちょいちょい使ってて、GCP対応来ないかなぁーって思ってまし...",
                "fallback": "Qiita: GCPから出たterraformingじゃないterraformer使ってみた - Qiita",
                "thumb_url": "https:\/\/cdn.qiita.com\/assets\/qiita-fb-2887e7b4aad86fd8c25cea84846f2236.png",
                "from_url": "https:\/\/qiita.com\/andromeda\/items\/fda67a65bbb56f21e6bd",
                "thumb_width": 200,
                "thumb_height": 200,
                "service_icon": "https:\/\/cdn.qiita.com\/assets\/favicons\/public\/apple-touch-icon-f9a6afad761ec2306e10db2736187c8b.png",
                "id": 1,
                "original_url": "https:\/\/qiita.com\/andromeda\/items\/fda67a65bbb56f21e6bd"
            },
            {
                "service_name": "GitHub",
                "title": "dtan4\/terraforming",
                "title_link": "https:\/\/github.com\/dtan4\/terraforming",
                "text": "Export existing AWS resources to Terraform style (tf, tfstate) - dtan4\/terraforming",
                "fallback": "GitHub: dtan4\/terraforming",
                "thumb_url": "https:\/\/avatars3.githubusercontent.com\/u\/680124?s=400&v=4",
                "from_url": "https:\/\/github.com\/dtan4\/terraforming",
                "thumb_width": 200,
                "thumb_height": 200,
                "service_icon": "https:\/\/a.slack-edge.com\/bfaba\/img\/unfurl_icons\/github.png",
                "id": 2,
                "original_url": "https:\/\/github.com\/dtan4\/terraforming"
            }
        ]
    },
    {
        "type": "message",
        "subtype": "bot_message",
        "text": "<https:\/\/qiita.com\/keiichi-hikita\/items\/8a133a79b857ae7e7416|TerraformのHCL仕様(Configuration Language解説)について(1)  〜0.11を振り返ってみる〜>\n<https:\/\/qiita.com\/#%E3%81%AF%E3%81%98%E3%82%81%E3%81%AB>はじめに\n\nTerraform 0.12がリリースされましたが、ではどこが変わったのか・・・を調べていく過程で、そもそも0.11時代ってどうだったんだろう・・・というのをちゃんと把握したく、一度全部読んでみました。\nその内容をかいつまんで記載したのが以下です。...",
        "ts": "1559014019.001300",
        "username": "Terraformタグが付けられた新着記事 - Qiita",
        "icons": {
            "image_36": "https:\/\/a.slack-edge.com\/66f9\/img\/services\/rss_36.png",
            "image_48": "https:\/\/a.slack-edge.com\/66f9\/img\/services\/rss_48.png",
            "image_72": "https:\/\/a.slack-edge.com\/205a\/img\/services\/rss_72.png"
        },
        "bot_id": "BG3N7LG73",
        "attachments": [
            {
                "service_name": "Qiita",
                "title": "TerraformのHCL仕様(Configuration Language解説)について(1)  〜0.11を振り返ってみる〜 - Qiita",
                "title_link": "https:\/\/qiita.com\/keiichi-hikita\/items\/8a133a79b857ae7e7416",
                "text": "## はじめに Terraform 0.12がリリースされましたが、ではどこが変わったのか・・・を調べていく過程で、そもそも0.11時代ってどうだったんだろう・・・というのをちゃんと把握したく、一度全部読んでみました。 その内容をか...",
                "fallback": "Qiita: TerraformのHCL仕様(Configuration Language解説)について(1)  〜0.11を振り返ってみる〜 - Qiita",
                "thumb_url": "https:\/\/cdn.qiita.com\/assets\/qiita-fb-2887e7b4aad86fd8c25cea84846f2236.png",
                "from_url": "https:\/\/qiita.com\/keiichi-hikita\/items\/8a133a79b857ae7e7416",
                "thumb_width": 200,
                "thumb_height": 200,
                "service_icon": "https:\/\/cdn.qiita.com\/assets\/favicons\/public\/apple-touch-icon-f9a6afad761ec2306e10db2736187c8b.png",
                "id": 1,
                "original_url": "https:\/\/qiita.com\/keiichi-hikita\/items\/8a133a79b857ae7e7416"
            },
            {
                "service_name": "Qiita",
                "title": "プログラマの技術情報共有サービス - Qiita",
                "title_link": "https:\/\/qiita.com\/#%E3%81%AF%E3%81%98%E3%82%81%E3%81%AB",
                "text": "Qiitaは、プログラマのための技術情報共有サービスです。 プログラミングに関するTips、ノウハウ、メモを簡単に記録 &amp; 公開することができます。",
                "fallback": "Qiita: プログラマの技術情報共有サービス - Qiita",
                "thumb_url": "https:\/\/cdn.qiita.com\/assets\/qiita-fb-2887e7b4aad86fd8c25cea84846f2236.png",
                "from_url": "https:\/\/qiita.com\/#%E3%81%AF%E3%81%98%E3%82%81%E3%81%AB",
                "thumb_width": 200,
                "thumb_height": 200,
                "service_icon": "https:\/\/cdn.qiita.com\/assets\/favicons\/public\/apple-touch-icon-f9a6afad761ec2306e10db2736187c8b.png",
                "id": 2,
                "original_url": "https:\/\/qiita.com\/#%E3%81%AF%E3%81%98%E3%82%81%E3%81%AB"
            }
        ]
    },
    {
        "type": "message",
        "subtype": "bot_message",
        "text": "<https:\/\/qiita.com\/jxmtst\/items\/bbb7d829b1e383488639|Terraform 0.12 おさらい>\n<https:\/\/qiita.com\/#terraform%E3%81%AE012%E3%81%8C%E6%AD%A3%E5%BC%8F%E3%83%AA%E3%83%AA%E3%83%BC%E3%82%B9>Terraformの0.12が正式リリース\n\n2019.5.23にTerraformが0.12が正式リリースされた\n<https:\/\/www.hashicorp.com\/blog\/announcing-terraform-0-12|Announcing Terraform 0.12>\n\n最近Terraformを始めたので0.12-rc1で実装をしていましたが、...",
        "ts": "1559015218.001500",
        "username": "Terraformタグが付けられた新着記事 - Qiita",
        "icons": {
            "image_36": "https:\/\/a.slack-edge.com\/66f9\/img\/services\/rss_36.png",
            "image_48": "https:\/\/a.slack-edge.com\/66f9\/img\/services\/rss_48.png",
            "image_72": "https:\/\/a.slack-edge.com\/205a\/img\/services\/rss_72.png"
        },
        "bot_id": "BG3N7LG73",
        "attachments": [
            {
                "service_name": "Qiita",
                "title": "Terraform 0.12 おさらい - Qiita",
                "title_link": "https:\/\/qiita.com\/jxmtst\/items\/bbb7d829b1e383488639",
                "text": "## Terraformの0.12が正式リリース 2019.5.23にTerraformが0.12が正式リリースされた [Announcing Terraform 0\\.12](<https:\/\/www.hashicorp.com\/bl>...",
                "fallback": "Qiita: Terraform 0.12 おさらい - Qiita",
                "thumb_url": "https:\/\/cdn.qiita.com\/assets\/qiita-fb-2887e7b4aad86fd8c25cea84846f2236.png",
                "from_url": "https:\/\/qiita.com\/jxmtst\/items\/bbb7d829b1e383488639",
                "thumb_width": 200,
                "thumb_height": 200,
                "service_icon": "https:\/\/cdn.qiita.com\/assets\/favicons\/public\/apple-touch-icon-f9a6afad761ec2306e10db2736187c8b.png",
                "id": 1,
                "original_url": "https:\/\/qiita.com\/jxmtst\/items\/bbb7d829b1e383488639"
            },
            {
                "service_name": "Qiita",
                "title": "プログラマの技術情報共有サービス - Qiita",
                "title_link": "https:\/\/qiita.com\/#terraform%E3%81%AE012%E3%81%8C%E6%AD%A3%E5%BC%8F%E3%83%AA%E3%83%AA%E3%83%BC%E3%82%B9",
                "text": "Qiitaは、プログラマのための技術情報共有サービスです。 プログラミングに関するTips、ノウハウ、メモを簡単に記録 &amp; 公開することができます。",
                "fallback": "Qiita: プログラマの技術情報共有サービス - Qiita",
                "thumb_url": "https:\/\/cdn.qiita.com\/assets\/qiita-fb-2887e7b4aad86fd8c25cea84846f2236.png",
                "from_url": "https:\/\/qiita.com\/#terraform%E3%81%AE012%E3%81%8C%E6%AD%A3%E5%BC%8F%E3%83%AA%E3%83%AA%E3%83%BC%E3%82%B9",
                "thumb_width": 200,
                "thumb_height": 200,
                "service_icon": "https:\/\/cdn.qiita.com\/assets\/favicons\/public\/apple-touch-icon-f9a6afad761ec2306e10db2736187c8b.png",
                "id": 2,
                "original_url": "https:\/\/qiita.com\/#terraform%E3%81%AE012%E3%81%8C%E6%AD%A3%E5%BC%8F%E3%83%AA%E3%83%AA%E3%83%BC%E3%82%B9"
            },
            {
                "service_name": "HashiCorp - Cloud Infrastructure Automation",
                "title": "Announcing Terraform 0.12",
                "title_link": "https:\/\/www.hashicorp.com\/blog\/announcing-terraform-0-12",
                "text": "We are very proud to announce that Terraform 0.12 is officially released. Terraform 0.12 is a major update that includes dozens of improvements and features spanning the breadth a...",
                "fallback": "HashiCorp - Cloud Infrastructure Automation: Announcing Terraform 0.12",
                "thumb_url": "https:\/\/www.datocms-assets.com\/2885\/1508522484-share.jpg",
                "from_url": "https:\/\/www.hashicorp.com\/blog\/announcing-terraform-0-12",
                "thumb_width": 2400,
                "thumb_height": 1256,
                "service_icon": "https:\/\/www.datocms-assets.com\/2885\/1527033389-favicon.png?w=57&h=57",
                "id": 3,
                "original_url": "https:\/\/www.hashicorp.com\/blog\/announcing-terraform-0-12"
            }
        ]
    }
]