[
    {
        "type": "message",
        "subtype": "bot_message",
        "text": "<https:\/\/www.reddit.com\/r\/Terraform\/comments\/bo1zkd\/creating_r53_private_records_during_instance\/|Creating r53 private records during instance creation using the official ec2 module>\nHey folks. I have been using the official TF modules for my builds for the last two weeks, and everything is going quite well. However I do have a query: As part of the official EC2 module, I wanted to add a private DNS A record for each host in route53. It works, kinda. Except if i create more than one instance, it assigns all the IPs to the first instance name [in the case below fp-1 gets the IPs for fp-1-3]It would be awesome if someone could help me figure out where I am banjaxing this,...",
        "ts": "1557745619.014300",
        "username": "Terraform ALL the Worlds!",
        "icons": {
            "image_48": "https:\/\/s3-us-west-2.amazonaws.com\/slack-files2\/bot_icons\/2019-02-12\/548785199618_48.png"
        },
        "bot_id": "BG3N7LG73",
        "attachments": [
            {
                "service_name": "reddit",
                "title": "r\/Terraform - Creating r53 private records during instance creation using the official ec2 module",
                "title_link": "https:\/\/www.reddit.com\/r\/Terraform\/comments\/bo1zkd\/creating_r53_private_records_during_instance\/",
                "text": "0 votes and 0 comments so far on Reddit",
                "fallback": "reddit: r\/Terraform - Creating r53 private records during instance creation using the official ec2 module",
                "from_url": "https:\/\/www.reddit.com\/r\/Terraform\/comments\/bo1zkd\/creating_r53_private_records_during_instance\/",
                "service_icon": "https:\/\/www.redditstatic.com\/desktop2x\/img\/favicon\/apple-icon-57x57.png",
                "id": 1,
                "original_url": "https:\/\/www.reddit.com\/r\/Terraform\/comments\/bo1zkd\/creating_r53_private_records_during_instance\/"
            }
        ]
    },
    {
        "type": "message",
        "subtype": "bot_message",
        "text": "<https:\/\/qiita.com\/asmsuechan\/items\/179dd0aa8200311b75e4|Terraformのuser_dataが動いていない時>\nuser_dataで書いたスクリプトはrootユーザーとして実行されます。\n\n<https:\/\/docs.aws.amazon.com\/ja_jp\/AWSEC2\/latest\/UserGuide\/user-data.html|https:\/\/docs.aws.amazon.com\/ja_jp\/AWSEC2\/latest\/UserGuide\/user-data.html>\n\n何かおかしいと思ったら実行ユーザーに注意してみましょう。また、ログファイルは \/var\/log\/cloud-init-output.log にあるのでこちらも見てみましょう。",
        "ts": "1557750728.014500",
        "username": "Terraformタグが付けられた新着記事 - Qiita",
        "icons": {
            "image_36": "https:\/\/a.slack-edge.com\/66f9\/img\/services\/rss_36.png",
            "image_48": "https:\/\/a.slack-edge.com\/66f9\/img\/services\/rss_48.png",
            "image_72": "https:\/\/a.slack-edge.com\/205a\/img\/services\/rss_72.png"
        },
        "bot_id": "BG3N7LG73",
        "attachments": [
            {
                "service_name": "Qiita",
                "title": "Terraformのuser_dataが動いていない時 - Qiita",
                "title_link": "https:\/\/qiita.com\/asmsuechan\/items\/179dd0aa8200311b75e4",
                "text": "`user_data`で書いたスクリプトはrootユーザーとして実行されます。 <https:\/\/docs.aws.amazon.com\/ja_jp\/AWSEC2\/latest\/UserGuide\/user-data.html> 何か...",
                "fallback": "Qiita: Terraformのuser_dataが動いていない時 - Qiita",
                "thumb_url": "https:\/\/cdn.qiita.com\/assets\/qiita-fb-2887e7b4aad86fd8c25cea84846f2236.png",
                "from_url": "https:\/\/qiita.com\/asmsuechan\/items\/179dd0aa8200311b75e4",
                "thumb_width": 200,
                "thumb_height": 200,
                "service_icon": "https:\/\/cdn.qiita.com\/assets\/favicons\/public\/apple-touch-icon-f9a6afad761ec2306e10db2736187c8b.png",
                "id": 1,
                "original_url": "https:\/\/qiita.com\/asmsuechan\/items\/179dd0aa8200311b75e4"
            },
            {
                "title": "Linux インスタンスでの起動時のコマンドの実行 - Amazon Elastic Compute Cloud",
                "title_link": "https:\/\/docs.aws.amazon.com\/ja_jp\/AWSEC2\/latest\/UserGuide\/user-data.html",
                "text": "起動時に Amazon Linux インスタンスにユーザーデータを渡します。",
                "fallback": "Linux インスタンスでの起動時のコマンドの実行 - Amazon Elastic Compute Cloud",
                "from_url": "https:\/\/docs.aws.amazon.com\/ja_jp\/AWSEC2\/latest\/UserGuide\/user-data.html",
                "service_icon": "https:\/\/docs.aws.amazon.com\/images\/favicon.ico",
                "service_name": "docs.aws.amazon.com",
                "id": 2,
                "original_url": "https:\/\/docs.aws.amazon.com\/ja_jp\/AWSEC2\/latest\/UserGuide\/user-data.html"
            }
        ]
    },
    {
        "type": "message",
        "subtype": "bot_message",
        "text": "<https:\/\/www.reddit.com\/r\/Terraform\/comments\/bo4isl\/how_to_switch_resource_names_based_on_environment\/|How to switch resource names based on environment>\nThe title is perhaps not accurate, so bare with me. ​ I'm setting up a pipeline that needs to be able to deploy staging and production environments.  The state for this project is stored remotely like so: terraform { required_version = \"0.11.13\" backend \"s3\" { bucket = \"bucketname\" key = \"state\/theone\" region = \"us-east-1\" } }  And one example resource in this project looks like this: resource \"aws_lb_target_group\" \"theone_http\" { name = \"theone-http\" port = 81 protocol = \"HTTP\" vpc_id =...",
        "ts": "1557759714.014700",
        "username": "Terraform ALL the Worlds!",
        "icons": {
            "image_48": "https:\/\/s3-us-west-2.amazonaws.com\/slack-files2\/bot_icons\/2019-02-12\/548785199618_48.png"
        },
        "bot_id": "BG3N7LG73",
        "attachments": [
            {
                "service_name": "reddit",
                "title": "r\/Terraform - How to switch resource names based on environment",
                "title_link": "https:\/\/www.reddit.com\/r\/Terraform\/comments\/bo4isl\/how_to_switch_resource_names_based_on_environment\/",
                "text": "0 votes and 0 comments so far on Reddit",
                "fallback": "reddit: r\/Terraform - How to switch resource names based on environment",
                "from_url": "https:\/\/www.reddit.com\/r\/Terraform\/comments\/bo4isl\/how_to_switch_resource_names_based_on_environment\/",
                "service_icon": "https:\/\/www.redditstatic.com\/desktop2x\/img\/favicon\/apple-icon-57x57.png",
                "id": 1,
                "original_url": "https:\/\/www.reddit.com\/r\/Terraform\/comments\/bo4isl\/how_to_switch_resource_names_based_on_environment\/"
            }
        ]
    },
    {
        "type": "message",
        "subtype": "bot_message",
        "text": "<https:\/\/www.reddit.com\/r\/Terraform\/comments\/bo6wns\/dependency_for_provider\/|dependency for provider>\nI am trying to use vault sts as source for aws credential, it work ok, when I do a plan for all my terraform, however, if I target a specific resource, terraform doesn't 'find' the dependency between the <https:\/\/provider.aws\/|provider.aws> and data.vault_aws_access_credentials and I get the error : * <https:\/\/provider.aws\/|provider.aws>: No valid credential sources found for AWS Provider. Is it a bug ? somebody has a work around ? \n   submitted by   &lt;a...",
        "ts": "1557771719.014900",
        "username": "Terraform ALL the Worlds!",
        "icons": {
            "image_48": "https:\/\/s3-us-west-2.amazonaws.com\/slack-files2\/bot_icons\/2019-02-12\/548785199618_48.png"
        },
        "bot_id": "BG3N7LG73",
        "attachments": [
            {
                "service_name": "reddit",
                "title": "r\/Terraform - dependency for provider",
                "title_link": "https:\/\/www.reddit.com\/r\/Terraform\/comments\/bo6wns\/dependency_for_provider\/",
                "text": "0 votes and 0 comments so far on Reddit",
                "fallback": "reddit: r\/Terraform - dependency for provider",
                "from_url": "https:\/\/www.reddit.com\/r\/Terraform\/comments\/bo6wns\/dependency_for_provider\/",
                "service_icon": "https:\/\/www.redditstatic.com\/desktop2x\/img\/favicon\/apple-icon-57x57.png",
                "id": 1,
                "original_url": "https:\/\/www.reddit.com\/r\/Terraform\/comments\/bo6wns\/dependency_for_provider\/"
            }
        ]
    },
    {
        "type": "message",
        "subtype": "bot_message",
        "text": "<https:\/\/www.reddit.com\/r\/Terraform\/comments\/bo8871\/for_each_in_modules_multiregion_modules\/|for_each in modules? (multi-region modules?)>\nI was really hoping to use for_each syntax in modules. ​ eg. (deploying a keypair to all the regions I use -- I use a lot more than this, it's just an example) variable \"my_regions\" { type = list(string) description = \"list of regions\" default = [\"us-west-1\", \"us-west-2\"] } module \"keypair-iter\" { source = \"..\/modules\/keypairs\" for_each = var.my_regions region = each }  where the module looks something like this provider \"aws\" { region = var.region } resource \"aws_key_pair\" \"testnet\" {...",
        "ts": "1557777417.015100",
        "username": "Terraform ALL the Worlds!",
        "icons": {
            "image_48": "https:\/\/s3-us-west-2.amazonaws.com\/slack-files2\/bot_icons\/2019-02-12\/548785199618_48.png"
        },
        "bot_id": "BG3N7LG73",
        "attachments": [
            {
                "service_name": "reddit",
                "title": "r\/Terraform - for_each in modules? (multi-region modules?)",
                "title_link": "https:\/\/www.reddit.com\/r\/Terraform\/comments\/bo8871\/for_each_in_modules_multiregion_modules\/",
                "text": "0 votes and 0 comments so far on Reddit",
                "fallback": "reddit: r\/Terraform - for_each in modules? (multi-region modules?)",
                "thumb_url": "https:\/\/external-preview.redd.it\/CA5kpmtrelInz67pdIhqP9dNkFiJl3sAW5DsMCn2puI.jpg?auto=webp&s=d67f3488eac814d2880e0f8a867b3652415587e9",
                "from_url": "https:\/\/www.reddit.com\/r\/Terraform\/comments\/bo8871\/for_each_in_modules_multiregion_modules\/",
                "thumb_width": 2400,
                "thumb_height": 1256,
                "service_icon": "https:\/\/www.redditstatic.com\/desktop2x\/img\/favicon\/apple-icon-57x57.png",
                "id": 1,
                "original_url": "https:\/\/www.reddit.com\/r\/Terraform\/comments\/bo8871\/for_each_in_modules_multiregion_modules\/"
            }
        ]
    }
]