[
    {
        "type": "message",
        "subtype": "bot_message",
        "text": "<https:\/\/www.reddit.com\/r\/Terraform\/comments\/bk7w5y\/a_terraform_module_for_dynamically_creating\/|A Terraform module for dynamically creating Amazon ECS Task Definitions>\nHi everyone, I recently published a Terraform module for dynamically creating <https:\/\/docs.aws.amazon.com\/AmazonECS\/latest\/developerguide\/task_definitions.html|AWS ECS Task Definitions>. This module supports creating task definitions with a single <https:\/\/docs.aws.amazon.com\/AmazonECS\/latest\/APIReference\/API_ContainerDefinition.html|container definition> or multiple container definitions. Also, this is my first time using &lt;a...",
        "ts": "1556886739.007100",
        "username": "Terraform ALL the Worlds!",
        "icons": {
            "image_48": "https:\/\/s3-us-west-2.amazonaws.com\/slack-files2\/bot_icons\/2019-02-12\/548785199618_48.png"
        },
        "bot_id": "BG3N7LG73",
        "attachments": [
            {
                "service_name": "reddit",
                "title": "r\/Terraform - A Terraform module for dynamically creating Amazon ECS Task Definitions",
                "title_link": "https:\/\/www.reddit.com\/r\/Terraform\/comments\/bk7w5y\/a_terraform_module_for_dynamically_creating\/",
                "text": "0 votes and 0 comments so far on Reddit",
                "fallback": "reddit: r\/Terraform - A Terraform module for dynamically creating Amazon ECS Task Definitions",
                "thumb_url": "https:\/\/external-preview.redd.it\/BTa0w2t64SGo5LYNbcSw6WnCajGCjJaNcxFXzHMKZD4.jpg?auto=webp&s=fda0e1c9ab83ed3e039850c3beb5ac5f163edc8d",
                "from_url": "https:\/\/www.reddit.com\/r\/Terraform\/comments\/bk7w5y\/a_terraform_module_for_dynamically_creating\/",
                "thumb_width": 200,
                "thumb_height": 120,
                "service_icon": "https:\/\/www.redditstatic.com\/desktop2x\/img\/favicon\/apple-icon-57x57.png",
                "id": 1,
                "original_url": "https:\/\/www.reddit.com\/r\/Terraform\/comments\/bk7w5y\/a_terraform_module_for_dynamically_creating\/"
            },
            {
                "title": "Amazon ECS Task Definitions - Amazon Elastic Container Service",
                "title_link": "https:\/\/docs.aws.amazon.com\/AmazonECS\/latest\/developerguide\/task_definitions.html",
                "text": "A task definition is required to run Docker containers in Amazon ECS. Some of the parameters you can specify in a task definition include:",
                "fallback": "Amazon ECS Task Definitions - Amazon Elastic Container Service",
                "from_url": "https:\/\/docs.aws.amazon.com\/AmazonECS\/latest\/developerguide\/task_definitions.html",
                "service_icon": "https:\/\/docs.aws.amazon.com\/images\/favicon.ico",
                "service_name": "docs.aws.amazon.com",
                "id": 2,
                "original_url": "https:\/\/docs.aws.amazon.com\/AmazonECS\/latest\/developerguide\/task_definitions.html"
            },
            {
                "title": "ContainerDefinition - Amazon Elastic Container Service",
                "title_link": "https:\/\/docs.aws.amazon.com\/AmazonECS\/latest\/APIReference\/API_ContainerDefinition.html",
                "text": "Container definitions are used in task definitions to describe the different containers that are launched as part of a task.",
                "fallback": "ContainerDefinition - Amazon Elastic Container Service",
                "from_url": "https:\/\/docs.aws.amazon.com\/AmazonECS\/latest\/APIReference\/API_ContainerDefinition.html",
                "service_icon": "https:\/\/docs.aws.amazon.com\/images\/favicon.ico",
                "service_name": "docs.aws.amazon.com",
                "id": 3,
                "original_url": "https:\/\/docs.aws.amazon.com\/AmazonECS\/latest\/APIReference\/API_ContainerDefinition.html"
            }
        ]
    },
    {
        "type": "message",
        "subtype": "bot_message",
        "text": "<https:\/\/www.reddit.com\/r\/Terraform\/comments\/bkbzxn\/editing_resources_in_a_child_module\/|Editing resources in a child module>\nHi all, I'll ask the question first, then get to the backstory: is there a way to edit a resource that's defined in a child module, when I don't have the ability to edit the child module itself? Backstory: My company uses GruntWork modules for a lot of infrastructure provisioning in AWS, which are imported from their private GitHub repository. The natural problem with this is that I'm reliant on GruntWork's modules to expose all the functionality I need - and in this particular case, it...",
        "ts": "1556910432.007300",
        "username": "Terraform ALL the Worlds!",
        "icons": {
            "image_48": "https:\/\/s3-us-west-2.amazonaws.com\/slack-files2\/bot_icons\/2019-02-12\/548785199618_48.png"
        },
        "bot_id": "BG3N7LG73",
        "attachments": [
            {
                "service_name": "reddit",
                "title": "r\/Terraform - Editing resources in a child module",
                "title_link": "https:\/\/www.reddit.com\/r\/Terraform\/comments\/bkbzxn\/editing_resources_in_a_child_module\/",
                "text": "0 votes and 0 comments so far on Reddit",
                "fallback": "reddit: r\/Terraform - Editing resources in a child module",
                "from_url": "https:\/\/www.reddit.com\/r\/Terraform\/comments\/bkbzxn\/editing_resources_in_a_child_module\/",
                "service_icon": "https:\/\/www.redditstatic.com\/desktop2x\/img\/favicon\/apple-icon-57x57.png",
                "id": 1,
                "original_url": "https:\/\/www.reddit.com\/r\/Terraform\/comments\/bkbzxn\/editing_resources_in_a_child_module\/"
            }
        ]
    },
    {
        "type": "message",
        "subtype": "bot_message",
        "text": "<https:\/\/qiita.com\/shin1988\/items\/a51153ccc07918c60650|Terraformでterraform_remote_stateが参照できない>\n<https:\/\/qiita.com\/#%E3%81%93%E3%82%8C%E3%81%AF%E4%BD%95>これは何？\n\nTerraformでモジュール化する際に、terraform_remote_stateに書き込まれている変数を読めずにハマったので残しておきます。\n\n\n<https:\/\/qiita.com\/#%E7%92%B0%E5%A2%83>環境\n\nTerraform v0.11.10\nprovider.aws v2.7.0\n\n\n<https:\/\/qiita.com\/#%E4%BD%95%E3%81%8C%E5%95%8F%E9%A1%8C%E3%81%A0%E3%81%A3%E3%81%9F%E3%81%AE%E3%81%8B>何が問題だったのか...",
        "ts": "1556946112.007500",
        "username": "Terraformタグが付けられた新着記事 - Qiita",
        "icons": {
            "image_36": "https:\/\/a.slack-edge.com\/66f9\/img\/services\/rss_36.png",
            "image_48": "https:\/\/a.slack-edge.com\/66f9\/img\/services\/rss_48.png",
            "image_72": "https:\/\/a.slack-edge.com\/205a\/img\/services\/rss_72.png"
        },
        "bot_id": "BG3N7LG73",
        "attachments": [
            {
                "service_name": "Qiita",
                "title": "Terraformでterraform_remote_stateが参照できない - Qiita",
                "title_link": "https:\/\/qiita.com\/shin1988\/items\/a51153ccc07918c60650",
                "text": "## これは何？ Terraformでモジュール化する際に、terraform_remote_stateに書き込まれている変数を読めずにハマったので残しておきます。 ## 環境 Terraform v0.11.10 provide...",
                "fallback": "Qiita: Terraformでterraform_remote_stateが参照できない - Qiita",
                "thumb_url": "https:\/\/cdn.qiita.com\/assets\/qiita-fb-2887e7b4aad86fd8c25cea84846f2236.png",
                "from_url": "https:\/\/qiita.com\/shin1988\/items\/a51153ccc07918c60650",
                "thumb_width": 200,
                "thumb_height": 200,
                "service_icon": "https:\/\/cdn.qiita.com\/assets\/favicons\/public\/apple-touch-icon-f9a6afad761ec2306e10db2736187c8b.png",
                "id": 1,
                "original_url": "https:\/\/qiita.com\/shin1988\/items\/a51153ccc07918c60650"
            },
            {
                "service_name": "Qiita",
                "title": "プログラマの技術情報共有サービス - Qiita",
                "title_link": "https:\/\/qiita.com\/#%E3%81%93%E3%82%8C%E3%81%AF%E4%BD%95",
                "text": "Qiitaは、プログラマのための技術情報共有サービスです。 プログラミングに関するTips、ノウハウ、メモを簡単に記録 &amp; 公開することができます。",
                "fallback": "Qiita: プログラマの技術情報共有サービス - Qiita",
                "thumb_url": "https:\/\/cdn.qiita.com\/assets\/qiita-fb-2887e7b4aad86fd8c25cea84846f2236.png",
                "from_url": "https:\/\/qiita.com\/#%E3%81%93%E3%82%8C%E3%81%AF%E4%BD%95",
                "thumb_width": 200,
                "thumb_height": 200,
                "service_icon": "https:\/\/cdn.qiita.com\/assets\/favicons\/public\/apple-touch-icon-f9a6afad761ec2306e10db2736187c8b.png",
                "id": 2,
                "original_url": "https:\/\/qiita.com\/#%E3%81%93%E3%82%8C%E3%81%AF%E4%BD%95"
            },
            {
                "service_name": "Qiita",
                "title": "プログラマの技術情報共有サービス - Qiita",
                "title_link": "https:\/\/qiita.com\/#%E7%92%B0%E5%A2%83",
                "text": "Qiitaは、プログラマのための技術情報共有サービスです。 プログラミングに関するTips、ノウハウ、メモを簡単に記録 &amp; 公開することができます。",
                "fallback": "Qiita: プログラマの技術情報共有サービス - Qiita",
                "thumb_url": "https:\/\/cdn.qiita.com\/assets\/qiita-fb-2887e7b4aad86fd8c25cea84846f2236.png",
                "from_url": "https:\/\/qiita.com\/#%E7%92%B0%E5%A2%83",
                "thumb_width": 200,
                "thumb_height": 200,
                "service_icon": "https:\/\/cdn.qiita.com\/assets\/favicons\/public\/apple-touch-icon-f9a6afad761ec2306e10db2736187c8b.png",
                "id": 3,
                "original_url": "https:\/\/qiita.com\/#%E7%92%B0%E5%A2%83"
            },
            {
                "service_name": "Qiita",
                "title": "プログラマの技術情報共有サービス - Qiita",
                "title_link": "https:\/\/qiita.com\/#%E4%BD%95%E3%81%8C%E5%95%8F%E9%A1%8C%E3%81%A0%E3%81%A3%E3%81%9F%E3%81%AE%E3%81%8B",
                "text": "Qiitaは、プログラマのための技術情報共有サービスです。 プログラミングに関するTips、ノウハウ、メモを簡単に記録 &amp; 公開することができます。",
                "fallback": "Qiita: プログラマの技術情報共有サービス - Qiita",
                "thumb_url": "https:\/\/cdn.qiita.com\/assets\/qiita-fb-2887e7b4aad86fd8c25cea84846f2236.png",
                "from_url": "https:\/\/qiita.com\/#%E4%BD%95%E3%81%8C%E5%95%8F%E9%A1%8C%E3%81%A0%E3%81%A3%E3%81%9F%E3%81%AE%E3%81%8B",
                "thumb_width": 200,
                "thumb_height": 200,
                "service_icon": "https:\/\/cdn.qiita.com\/assets\/favicons\/public\/apple-touch-icon-f9a6afad761ec2306e10db2736187c8b.png",
                "id": 4,
                "original_url": "https:\/\/qiita.com\/#%E4%BD%95%E3%81%8C%E5%95%8F%E9%A1%8C%E3%81%A0%E3%81%A3%E3%81%9F%E3%81%AE%E3%81%8B"
            }
        ]
    },
    {
        "type": "message",
        "subtype": "bot_message",
        "text": "<https:\/\/qiita.com\/maki_azuki\/items\/cf98335a8edaddd0a801|WIP:terraformを使ってconohaでinstance生成>\n<https:\/\/qiita.com\/#%E3%81%AF%E3%81%98%E3%82%81%E3%81%AB>はじめに\n\nconohaで色々とお勉強しているけれども、結構な頻度でbreak&amp;buildを行なっている。\nあとは専ら土日でやってるのでそろそろGUIじゃなくてMacから自動で構築出来る様にしたい。\n\n以上の理由でterraformを使ってconohaにinstanceを作成することを目標にする！\n\n\n<https:\/\/qiita.com\/#--machine-specs>- machine specs\n\n\nOS :...",
        "ts": "1556951535.007700",
        "username": "Terraformタグが付けられた新着記事 - Qiita",
        "icons": {
            "image_36": "https:\/\/a.slack-edge.com\/66f9\/img\/services\/rss_36.png",
            "image_48": "https:\/\/a.slack-edge.com\/66f9\/img\/services\/rss_48.png",
            "image_72": "https:\/\/a.slack-edge.com\/205a\/img\/services\/rss_72.png"
        },
        "bot_id": "BG3N7LG73",
        "attachments": [
            {
                "service_name": "Qiita",
                "title": "WIP:terraformを使ってconohaでinstance生成 - Qiita",
                "title_link": "https:\/\/qiita.com\/maki_azuki\/items\/cf98335a8edaddd0a801",
                "text": "## はじめに conohaで色々とお勉強しているけれども、結構な頻度でbreak&amp;buildを行なっている。 あとは専ら土日でやってるのでそろそろGUIじゃなくてMacから自動で構築出来る様にしたい。 以上の理由でterrafor...",
                "fallback": "Qiita: WIP:terraformを使ってconohaでinstance生成 - Qiita",
                "thumb_url": "https:\/\/cdn.qiita.com\/assets\/qiita-fb-2887e7b4aad86fd8c25cea84846f2236.png",
                "from_url": "https:\/\/qiita.com\/maki_azuki\/items\/cf98335a8edaddd0a801",
                "thumb_width": 200,
                "thumb_height": 200,
                "service_icon": "https:\/\/cdn.qiita.com\/assets\/favicons\/public\/apple-touch-icon-f9a6afad761ec2306e10db2736187c8b.png",
                "id": 1,
                "original_url": "https:\/\/qiita.com\/maki_azuki\/items\/cf98335a8edaddd0a801"
            },
            {
                "service_name": "Qiita",
                "title": "プログラマの技術情報共有サービス - Qiita",
                "title_link": "https:\/\/qiita.com\/#%E3%81%AF%E3%81%98%E3%82%81%E3%81%AB",
                "text": "Qiitaは、プログラマのための技術情報共有サービスです。 プログラミングに関するTips、ノウハウ、メモを簡単に記録 &amp; 公開することができます。",
                "fallback": "Qiita: プログラマの技術情報共有サービス - Qiita",
                "thumb_url": "https:\/\/cdn.qiita.com\/assets\/qiita-fb-2887e7b4aad86fd8c25cea84846f2236.png",
                "from_url": "https:\/\/qiita.com\/#%E3%81%AF%E3%81%98%E3%82%81%E3%81%AB",
                "thumb_width": 200,
                "thumb_height": 200,
                "service_icon": "https:\/\/cdn.qiita.com\/assets\/favicons\/public\/apple-touch-icon-f9a6afad761ec2306e10db2736187c8b.png",
                "id": 2,
                "original_url": "https:\/\/qiita.com\/#%E3%81%AF%E3%81%98%E3%82%81%E3%81%AB"
            },
            {
                "service_name": "Qiita",
                "title": "プログラマの技術情報共有サービス - Qiita",
                "title_link": "https:\/\/qiita.com\/#--machine-specs",
                "text": "Qiitaは、プログラマのための技術情報共有サービスです。 プログラミングに関するTips、ノウハウ、メモを簡単に記録 &amp; 公開することができます。",
                "fallback": "Qiita: プログラマの技術情報共有サービス - Qiita",
                "thumb_url": "https:\/\/cdn.qiita.com\/assets\/qiita-fb-2887e7b4aad86fd8c25cea84846f2236.png",
                "from_url": "https:\/\/qiita.com\/#--machine-specs",
                "thumb_width": 200,
                "thumb_height": 200,
                "service_icon": "https:\/\/cdn.qiita.com\/assets\/favicons\/public\/apple-touch-icon-f9a6afad761ec2306e10db2736187c8b.png",
                "id": 3,
                "original_url": "https:\/\/qiita.com\/#--machine-specs"
            }
        ]
    }
]