[
    {
        "type": "message",
        "subtype": "bot_message",
        "text": "<https:\/\/www.reddit.com\/r\/Terraform\/comments\/bpb5uk\/terraform_file_structure_terramod\/|Terraform file structure \"Terramod\">\nHi all, ​ I am relatively new to the world of IAC and love it. My work employs Tf for most of our customers. I am currently trying to get the hang of it, and understand the level of abstraction needed for small\/medium environments that require changes (not that) often i.e. Customer requests new Dev env - boom! Provisioned. Second VPC in X env for y - boom! Provisioned. They are just examples, not my main problem. ​ I am asking if you have any resources for learning that will help explain...",
        "ts": "1558004814.017900",
        "username": "Terraform ALL the Worlds!",
        "icons": {
            "image_48": "https:\/\/s3-us-west-2.amazonaws.com\/slack-files2\/bot_icons\/2019-02-12\/548785199618_48.png"
        },
        "bot_id": "BG3N7LG73",
        "attachments": [
            {
                "service_name": "reddit",
                "title": "r\/Terraform - Terraform file structure \"Terramod\"",
                "title_link": "https:\/\/www.reddit.com\/r\/Terraform\/comments\/bpb5uk\/terraform_file_structure_terramod\/",
                "text": "0 votes and 0 comments so far on Reddit",
                "fallback": "reddit: r\/Terraform - Terraform file structure \"Terramod\"",
                "thumb_url": "https:\/\/external-preview.redd.it\/LPsNkMic4vcbmgEObiWZwrakfxLMo163cvxIsW95lmk.jpg?auto=webp&s=a9adf253280db0a937e167459da97a2c1d81fa48",
                "from_url": "https:\/\/www.reddit.com\/r\/Terraform\/comments\/bpb5uk\/terraform_file_structure_terramod\/",
                "thumb_width": 480,
                "thumb_height": 360,
                "service_icon": "https:\/\/www.redditstatic.com\/desktop2x\/img\/favicon\/apple-icon-57x57.png",
                "id": 1,
                "original_url": "https:\/\/www.reddit.com\/r\/Terraform\/comments\/bpb5uk\/terraform_file_structure_terramod\/"
            }
        ]
    },
    {
        "type": "message",
        "subtype": "bot_message",
        "text": "<https:\/\/www.reddit.com\/r\/Terraform\/comments\/bpekkb\/tf_noob_question_provider_when_using_submodules\/|TF noob question: Provider when using submodules>\nHey, currently working on a proof of concept to teach myself terraform. In a <https:\/\/youtu.be\/LVgP63BkhKQ?t=1594|video from Hashicorp> the presenter creates submodules for separate components of the infrastructure. I want to do that, too. I have a, let's say a zookeper cluster, that I want to separate in a submodule, but still use the same provider I declare in the root folder of that whole project. (Same with variables. I have let's say my ssh key. I want to define it one time...",
        "ts": "1558024008.018100",
        "username": "Terraform ALL the Worlds!",
        "icons": {
            "image_48": "https:\/\/s3-us-west-2.amazonaws.com\/slack-files2\/bot_icons\/2019-02-12\/548785199618_48.png"
        },
        "bot_id": "BG3N7LG73",
        "attachments": [
            {
                "service_name": "reddit",
                "title": "r\/Terraform - TF noob question: Provider when using submodules",
                "title_link": "https:\/\/www.reddit.com\/r\/Terraform\/comments\/bpekkb\/tf_noob_question_provider_when_using_submodules\/",
                "text": "0 votes and 0 comments so far on Reddit",
                "fallback": "reddit: r\/Terraform - TF noob question: Provider when using submodules",
                "thumb_url": "https:\/\/external-preview.redd.it\/qrdpsd6YNiN5J8j9oLS96Ro9jBFt1lkWr0O5nvnUZfM.jpg?auto=webp&s=3803d92063bf221605e90a78d47d9a9e5c0f5fb7",
                "from_url": "https:\/\/www.reddit.com\/r\/Terraform\/comments\/bpekkb\/tf_noob_question_provider_when_using_submodules\/",
                "thumb_width": 480,
                "thumb_height": 360,
                "service_icon": "https:\/\/www.redditstatic.com\/desktop2x\/img\/favicon\/apple-icon-57x57.png",
                "id": 1,
                "original_url": "https:\/\/www.reddit.com\/r\/Terraform\/comments\/bpekkb\/tf_noob_question_provider_when_using_submodules\/"
            },
            {
                "service_name": "YouTube",
                "service_url": "https:\/\/www.youtube.com\/",
                "title": "How to Build Reusable, Composable, Battle tested Terraform Modules",
                "title_link": "https:\/\/youtu.be\/LVgP63BkhKQ?t=1594",
                "author_name": "HashiCorp",
                "author_link": "https:\/\/www.youtube.com\/channel\/UC-AdvAxaagE9W2f0webyNUQ",
                "thumb_url": "https:\/\/i.ytimg.com\/vi\/LVgP63BkhKQ\/hqdefault.jpg",
                "thumb_width": 480,
                "thumb_height": 360,
                "fallback": "YouTube Video: How to Build Reusable, Composable, Battle tested Terraform Modules",
                "video_html": "<iframe width=\"400\" height=\"225\" src=\"https:\/\/www.youtube.com\/embed\/LVgP63BkhKQ?start=1594&feature=oembed&start=1594&autoplay=1&iv_load_policy=3\" frameborder=\"0\" allow=\"accelerometer; autoplay; encrypted-media; gyroscope; picture-in-picture\" allowfullscreen><\/iframe>",
                "video_html_width": 400,
                "video_html_height": 225,
                "from_url": "https:\/\/youtu.be\/LVgP63BkhKQ?t=1594",
                "service_icon": "https:\/\/a.slack-edge.com\/2089\/img\/unfurl_icons\/youtube.png",
                "id": 2,
                "original_url": "https:\/\/youtu.be\/LVgP63BkhKQ?t=1594"
            }
        ]
    },
    {
        "type": "message",
        "subtype": "bot_message",
        "text": "<https:\/\/www.reddit.com\/r\/Terraform\/comments\/bphux1\/why_do_i_need_dozens_of_copies_of_the_same\/|Why do I need dozens of copies of the same Terraform provider?>\nI have a bunch of Terraform code within a single repository that is broken up into several different environments (prod, qa, dev, etc), and within those environments there are different EC2 regions, and within each region there are several different types of server roles that each have their own terraform code to create auto-scaling groups, ELBs\/ALBs, security group rules, etc for that particular role. For example: prod\/us-east-1\/front_end_server\/main.tf qa\/us-west-2\/back_end_server\/main.tf...",
        "ts": "1558039917.018300",
        "username": "Terraform ALL the Worlds!",
        "icons": {
            "image_48": "https:\/\/s3-us-west-2.amazonaws.com\/slack-files2\/bot_icons\/2019-02-12\/548785199618_48.png"
        },
        "bot_id": "BG3N7LG73",
        "attachments": [
            {
                "service_name": "reddit",
                "title": "r\/Terraform - Why do I need dozens of copies of the same Terraform provider?",
                "title_link": "https:\/\/www.reddit.com\/r\/Terraform\/comments\/bphux1\/why_do_i_need_dozens_of_copies_of_the_same\/",
                "text": "0 votes and 0 comments so far on Reddit",
                "fallback": "reddit: r\/Terraform - Why do I need dozens of copies of the same Terraform provider?",
                "from_url": "https:\/\/www.reddit.com\/r\/Terraform\/comments\/bphux1\/why_do_i_need_dozens_of_copies_of_the_same\/",
                "service_icon": "https:\/\/www.redditstatic.com\/desktop2x\/img\/favicon\/apple-icon-57x57.png",
                "id": 1,
                "original_url": "https:\/\/www.reddit.com\/r\/Terraform\/comments\/bphux1\/why_do_i_need_dozens_of_copies_of_the_same\/"
            }
        ]
    },
    {
        "type": "message",
        "subtype": "bot_message",
        "text": "<https:\/\/www.reddit.com\/r\/Terraform\/comments\/bpinwe\/aws_ecs_service_and_tags\/|aws_ecs_service and tags>\nAccording to the documentation that I have, the aws_ecs_service resource can use Tags. I see it in the aws provider source as well (<https:\/\/github.com\/terraform-providers\/terraform-provider-aws\/blob\/53d74f10b44c3f28c3a427e195b18ac8447f5b29\/aws\/resource%5C_aws%5C_ecs%5C_service.go#L330|https:\/\/github.com\/terraform-providers\/terraform-provider-aws\/blob\/53d74f10b44c3f28c3a427e195b18ac8447f5b29\/aws\/resource\\_aws\\_ecs\\_service.go#L330>).  ​ But, when I try using it: ​ resource...",
        "ts": "1558044109.018500",
        "username": "Terraform ALL the Worlds!",
        "icons": {
            "image_48": "https:\/\/s3-us-west-2.amazonaws.com\/slack-files2\/bot_icons\/2019-02-12\/548785199618_48.png"
        },
        "bot_id": "BG3N7LG73",
        "attachments": [
            {
                "service_name": "reddit",
                "title": "r\/Terraform - aws_ecs_service and tags",
                "title_link": "https:\/\/www.reddit.com\/r\/Terraform\/comments\/bpinwe\/aws_ecs_service_and_tags\/",
                "text": "0 votes and 0 comments so far on Reddit",
                "fallback": "reddit: r\/Terraform - aws_ecs_service and tags",
                "from_url": "https:\/\/www.reddit.com\/r\/Terraform\/comments\/bpinwe\/aws_ecs_service_and_tags\/",
                "service_icon": "https:\/\/www.redditstatic.com\/desktop2x\/img\/favicon\/apple-icon-57x57.png",
                "id": 1,
                "original_url": "https:\/\/www.reddit.com\/r\/Terraform\/comments\/bpinwe\/aws_ecs_service_and_tags\/"
            }
        ]
    },
    {
        "type": "message",
        "subtype": "bot_message",
        "text": "<https:\/\/www.reddit.com\/r\/Terraform\/comments\/bpj7hh\/opensource_productiongrade_terraform_modules_for\/|Open-Source, Production-Grade Terraform Modules for GCP>\nHi, I work at <https:\/\/gruntwork.io\/|Gruntwork> and we recently announced a collection of open source, production-grade Terraform modules for GCP that we developed in partnership with Google (<https:\/\/blog.gruntwork.io\/open-sourcing-production-grade-modules-for-gcp-8c194010881c|blog post>). For convenience, here are all the links: \n\n<https:\/\/github.com\/gruntwork-io\/terraform-google-gke|terraform-google-gke>: Launch a production-grade Google Kubernetes...",
        "ts": "1558047410.018700",
        "username": "Terraform ALL the Worlds!",
        "icons": {
            "image_48": "https:\/\/s3-us-west-2.amazonaws.com\/slack-files2\/bot_icons\/2019-02-12\/548785199618_48.png"
        },
        "bot_id": "BG3N7LG73",
        "attachments": [
            {
                "service_name": "reddit",
                "title": "r\/Terraform - Open-Source, Production-Grade Terraform Modules for GCP",
                "title_link": "https:\/\/www.reddit.com\/r\/Terraform\/comments\/bpj7hh\/opensource_productiongrade_terraform_modules_for\/",
                "text": "0 votes and 0 comments so far on Reddit",
                "fallback": "reddit: r\/Terraform - Open-Source, Production-Grade Terraform Modules for GCP",
                "thumb_url": "https:\/\/external-preview.redd.it\/NKSXbkBDoRjsvHOXDoVSV-242s7EsI7FsbIilN46yxs.jpg?auto=webp&s=86f146c1f2b77768604bd3dbe8404be1e533e0f5",
                "from_url": "https:\/\/www.reddit.com\/r\/Terraform\/comments\/bpj7hh\/opensource_productiongrade_terraform_modules_for\/",
                "thumb_width": 1920,
                "thumb_height": 1080,
                "service_icon": "https:\/\/www.redditstatic.com\/desktop2x\/img\/favicon\/apple-icon-57x57.png",
                "id": 1,
                "original_url": "https:\/\/www.reddit.com\/r\/Terraform\/comments\/bpj7hh\/opensource_productiongrade_terraform_modules_for\/"
            },
            {
                "title": "Gruntwork | DevOps as a Service",
                "title_link": "https:\/\/gruntwork.io\/",
                "text": "Your entire infrastructure. Defined as code. In about one day. At Gruntwork, we get you running on AWS &amp; GCP with Terraform and you get 100% of the code.",
                "fallback": "Gruntwork | DevOps as a Service",
                "thumb_url": "https:\/\/www.gruntwork.io\/assets\/img\/logos-gruntwork\/gruntwork-overview.png",
                "from_url": "https:\/\/gruntwork.io\/",
                "thumb_width": 1920,
                "thumb_height": 1080,
                "service_icon": "https:\/\/gruntwork.io\/assets\/img\/favicon\/apple-icon-57x57.png",
                "service_name": "gruntwork.io",
                "id": 2,
                "original_url": "https:\/\/gruntwork.io\/"
            },
            {
                "service_name": "Gruntwork",
                "title": "Open-Sourcing Production-Grade Modules for GCP",
                "title_link": "https:\/\/blog.gruntwork.io\/open-sourcing-production-grade-modules-for-gcp-8c194010881c",
                "text": "At Gruntwork, our mission is to make it 10x easier to understand, build, and deploy software—no matter where you want to deploy it. Up…",
                "fallback": "Gruntwork: Open-Sourcing Production-Grade Modules for GCP",
                "image_url": "https:\/\/cdn-images-1.medium.com\/max\/1200\/1*Lkq5ncPQPoWyPGV4wBRnzA.png",
                "fields": [
                    {
                        "title": "Reading time",
                        "value": "3 min read",
                        "short": true
                    }
                ],
                "ts": 1557442140,
                "from_url": "https:\/\/blog.gruntwork.io\/open-sourcing-production-grade-modules-for-gcp-8c194010881c",
                "image_width": 981,
                "image_height": 250,
                "image_bytes": 36507,
                "service_icon": "https:\/\/cdn-images-1.medium.com\/fit\/c\/304\/304\/1*CS7twEKsOTke8SgTpYND2g.png",
                "id": 3,
                "original_url": "https:\/\/blog.gruntwork.io\/open-sourcing-production-grade-modules-for-gcp-8c194010881c"
            },
            {
                "service_name": "GitHub",
                "title": "gruntwork-io\/terraform-google-gke",
                "title_link": "https:\/\/github.com\/gruntwork-io\/terraform-google-gke",
                "text": "Terraform code and scripts for deploying a Google Kubernetes Engine (GKE) cluster. - gruntwork-io\/terraform-google-gke",
                "fallback": "GitHub: gruntwork-io\/terraform-google-gke",
                "thumb_url": "https:\/\/avatars2.githubusercontent.com\/u\/17118990?s=400&v=4",
                "from_url": "https:\/\/github.com\/gruntwork-io\/terraform-google-gke",
                "thumb_width": 400,
                "thumb_height": 400,
                "service_icon": "https:\/\/a.slack-edge.com\/bfaba\/img\/unfurl_icons\/github.png",
                "id": 4,
                "original_url": "https:\/\/github.com\/gruntwork-io\/terraform-google-gke"
            }
        ]
    },
    {
        "type": "message",
        "subtype": "bot_message",
        "text": "<https:\/\/www.reddit.com\/r\/Terraform\/comments\/bpjtw3\/introducing_terraform_cloud_remote_state\/|Introducing Terraform Cloud Remote State Management>\nsubmitted by   <https:\/\/www.reddit.com\/user\/aimless_ly| \/u\/aimless_ly > \n<https:\/\/www.hashicorp.com\/blog\/introducing-terraform-cloud-remote-state-management|[link]>   <https:\/\/www.reddit.com\/r\/Terraform\/comments\/bpjtw3\/introducing_terraform_cloud_remote_state\/|[comments]>",
        "ts": "1558050412.018900",
        "username": "Terraform ALL the Worlds!",
        "icons": {
            "image_48": "https:\/\/s3-us-west-2.amazonaws.com\/slack-files2\/bot_icons\/2019-02-12\/548785199618_48.png"
        },
        "bot_id": "BG3N7LG73",
        "attachments": [
            {
                "service_name": "reddit",
                "title": "r\/Terraform - Introducing Terraform Cloud Remote State Management",
                "title_link": "https:\/\/www.reddit.com\/r\/Terraform\/comments\/bpjtw3\/introducing_terraform_cloud_remote_state\/",
                "text": "0 votes and 0 comments so far on Reddit",
                "fallback": "reddit: r\/Terraform - Introducing Terraform Cloud Remote State Management",
                "thumb_url": "https:\/\/external-preview.redd.it\/CA5kpmtrelInz67pdIhqP9dNkFiJl3sAW5DsMCn2puI.jpg?auto=webp&s=d67f3488eac814d2880e0f8a867b3652415587e9",
                "from_url": "https:\/\/www.reddit.com\/r\/Terraform\/comments\/bpjtw3\/introducing_terraform_cloud_remote_state\/",
                "thumb_width": 2400,
                "thumb_height": 1256,
                "service_icon": "https:\/\/www.redditstatic.com\/desktop2x\/img\/favicon\/apple-icon-57x57.png",
                "id": 1,
                "original_url": "https:\/\/www.reddit.com\/r\/Terraform\/comments\/bpjtw3\/introducing_terraform_cloud_remote_state\/"
            },
            {
                "service_name": "HashiCorp - Cloud Infrastructure Automation",
                "title": "Introducing Terraform Cloud Remote State Management",
                "title_link": "https:\/\/www.hashicorp.com\/blog\/introducing-terraform-cloud-remote-state-management",
                "text": "We’re excited to introduce Terraform Cloud, a collaboration platform designed for all Terraform users. After beta testing the past few months, the Remote State Management feature o...",
                "fallback": "HashiCorp - Cloud Infrastructure Automation: Introducing Terraform Cloud Remote State Management",
                "thumb_url": "https:\/\/www.datocms-assets.com\/2885\/1508522484-share.jpg",
                "from_url": "https:\/\/www.hashicorp.com\/blog\/introducing-terraform-cloud-remote-state-management",
                "thumb_width": 2400,
                "thumb_height": 1256,
                "service_icon": "https:\/\/www.datocms-assets.com\/2885\/1527033389-favicon.png?w=57&h=57",
                "id": 2,
                "original_url": "https:\/\/www.hashicorp.com\/blog\/introducing-terraform-cloud-remote-state-management"
            }
        ]
    }
]