[
    {
        "type": "message",
        "subtype": "bot_message",
        "text": "<https:\/\/qiita.com\/raki\/items\/4b74cf81e34b958b80ad|祝 terraform v0.12.0 リリース！ upgrade やっていき！>\n<https:\/\/qiita.com\/#%E7%A5%9D-terraform-v0120>祝 terraform v0.12.0\n\n待望ってゆうか、予定から遅れに遅れてようやくリリースとなった v0.12 なので、手元のアップグレードをちまちま試しながら記事にしていこうと思います。\n\n\n<https:\/\/www.hashicorp.com\/blog\/announcing-terraform-0-12|https:\/\/www.hashicorp.com\/blog\/announcing-terraform-0-12>\n&lt;a...",
        "ts": "1558599125.000900",
        "username": "Terraformタグが付けられた新着記事 - Qiita",
        "icons": {
            "image_36": "https:\/\/a.slack-edge.com\/66f9\/img\/services\/rss_36.png",
            "image_48": "https:\/\/a.slack-edge.com\/66f9\/img\/services\/rss_48.png",
            "image_72": "https:\/\/a.slack-edge.com\/205a\/img\/services\/rss_72.png"
        },
        "bot_id": "BG3N7LG73",
        "attachments": [
            {
                "service_name": "Qiita",
                "title": "祝 terraform v0.12.0 リリース！ upgrade やっていき！ - Qiita",
                "title_link": "https:\/\/qiita.com\/raki\/items\/4b74cf81e34b958b80ad",
                "text": "# 祝 terraform v0.12.0 待望ってゆうか、予定から遅れに遅れてようやくリリースとなった v0.12 なので、手元のアップグレードをちまちま試しながら記事にしていこうと思います。 * <https:\/\/www.has>...",
                "fallback": "Qiita: 祝 terraform v0.12.0 リリース！ upgrade やっていき！ - Qiita",
                "thumb_url": "https:\/\/cdn.qiita.com\/assets\/qiita-fb-2887e7b4aad86fd8c25cea84846f2236.png",
                "from_url": "https:\/\/qiita.com\/raki\/items\/4b74cf81e34b958b80ad",
                "thumb_width": 200,
                "thumb_height": 200,
                "service_icon": "https:\/\/cdn.qiita.com\/assets\/favicons\/public\/apple-touch-icon-f9a6afad761ec2306e10db2736187c8b.png",
                "id": 1,
                "original_url": "https:\/\/qiita.com\/raki\/items\/4b74cf81e34b958b80ad"
            },
            {
                "service_name": "Qiita",
                "title": "プログラマの技術情報共有サービス - Qiita",
                "title_link": "https:\/\/qiita.com\/#%E7%A5%9D-terraform-v0120",
                "text": "Qiitaは、プログラマのための技術情報共有サービスです。 プログラミングに関するTips、ノウハウ、メモを簡単に記録 &amp; 公開することができます。",
                "fallback": "Qiita: プログラマの技術情報共有サービス - Qiita",
                "thumb_url": "https:\/\/cdn.qiita.com\/assets\/qiita-fb-2887e7b4aad86fd8c25cea84846f2236.png",
                "from_url": "https:\/\/qiita.com\/#%E7%A5%9D-terraform-v0120",
                "thumb_width": 200,
                "thumb_height": 200,
                "service_icon": "https:\/\/cdn.qiita.com\/assets\/favicons\/public\/apple-touch-icon-f9a6afad761ec2306e10db2736187c8b.png",
                "id": 2,
                "original_url": "https:\/\/qiita.com\/#%E7%A5%9D-terraform-v0120"
            },
            {
                "service_name": "HashiCorp - Cloud Infrastructure Automation",
                "title": "Announcing Terraform 0.12",
                "title_link": "https:\/\/www.hashicorp.com\/blog\/announcing-terraform-0-12",
                "text": "We are very proud to announce that Terraform 0.12 is officially released. Terraform 0.12 is a major update that includes dozens of improvements and features spanning the breadth a...",
                "fallback": "HashiCorp - Cloud Infrastructure Automation: Announcing Terraform 0.12",
                "thumb_url": "https:\/\/www.datocms-assets.com\/2885\/1508522484-share.jpg",
                "from_url": "https:\/\/www.hashicorp.com\/blog\/announcing-terraform-0-12",
                "thumb_width": 2400,
                "thumb_height": 1256,
                "service_icon": "https:\/\/www.datocms-assets.com\/2885\/1527033389-favicon.png?w=57&h=57",
                "id": 3,
                "original_url": "https:\/\/www.hashicorp.com\/blog\/announcing-terraform-0-12"
            }
        ],
        "reactions": [
            {
                "name": "tada",
                "users": [
                    "UGTNGDPUJ"
                ],
                "count": 1
            }
        ]
    },
    {
        "type": "message",
        "subtype": "bot_message",
        "text": "<https:\/\/dev.classmethod.jp\/etc\/terraform-upgrade-from-0-11-to-0-12\/|Terraform 0.12がリリースされたのでアップグレードしてみた>\nこんにちは佐伯です。本日待望のTerraform 0.12がリリースされました！ Announcing Terraform 0.12 ということで、アップグレードガイドに沿ってTerraform 0.11からアッ […]",
        "ts": "1558602673.001200",
        "username": "Terraform – DevelopersIO",
        "icons": {
            "image_36": "https:\/\/a.slack-edge.com\/66f9\/img\/services\/rss_36.png",
            "image_48": "https:\/\/a.slack-edge.com\/66f9\/img\/services\/rss_48.png",
            "image_72": "https:\/\/a.slack-edge.com\/205a\/img\/services\/rss_72.png"
        },
        "bot_id": "BG3N7LG73",
        "attachments": [
            {
                "service_name": "DevelopersIO | クラスメソッド発「やってみた」系技術メディア",
                "title": "Terraform 0.12がリリースされたのでアップグレードしてみた | DevelopersIO",
                "title_link": "https:\/\/dev.classmethod.jp\/etc\/terraform-upgrade-from-0-11-to-0-12\/",
                "text": "こんにちは佐伯です。本日待望のTerraform 0.12がリリースされました！ Announcing Terraform 0.12 ということで、アップグレードガイドに沿ってTerraform 0.11からアッ […]",
                "fallback": "DevelopersIO | クラスメソッド発「やってみた」系技術メディア: Terraform 0.12がリリースされたのでアップグレードしてみた | DevelopersIO",
                "image_url": "https:\/\/cdn-ssl-devio-img.classmethod.jp\/wp-content\/uploads\/2014\/07\/Terraform.png",
                "from_url": "https:\/\/dev.classmethod.jp\/etc\/terraform-upgrade-from-0-11-to-0-12\/",
                "image_width": 250,
                "image_height": 250,
                "image_bytes": 245176,
                "service_icon": "https:\/\/cdn-ssl-devio-img.classmethod.jp\/wp-content\/uploads\/2017\/07\/icatch2017.png",
                "id": 1,
                "original_url": "https:\/\/dev.classmethod.jp\/etc\/terraform-upgrade-from-0-11-to-0-12\/"
            }
        ]
    },
    {
        "type": "message",
        "subtype": "bot_message",
        "text": "<https:\/\/www.reddit.com\/r\/Terraform\/comments\/bs0q9q\/terraform_tagging_strategies_aws\/|Terraform tagging strategies (AWS)>\nHello All, ​ How do you tag your resources? and how do you iterate tags through a resource that has a count (i.e. per AZ, 3)? ​ I have it hardcoded like below per resource that has a tag attribute. (Disclaimer: I am new to Tf) The var.tagname &amp; var.tagenv are static strings in a <http:\/\/variable.tf|variable.tf> file, so no room to play with in terms of personalizing the resource in a way like - var.tagname.env.number?? or something like that?; ​ tags = {\n \"Name\" = \"${var.tagname}\"\n \"Environment\" =...",
        "ts": "1558603316.001400",
        "username": "Terraform ALL the Worlds!",
        "icons": {
            "image_48": "https:\/\/s3-us-west-2.amazonaws.com\/slack-files2\/bot_icons\/2019-02-12\/548785199618_48.png"
        },
        "bot_id": "BG3N7LG73",
        "attachments": [
            {
                "service_name": "reddit",
                "title": "r\/Terraform - Terraform tagging strategies (AWS)",
                "title_link": "https:\/\/www.reddit.com\/r\/Terraform\/comments\/bs0q9q\/terraform_tagging_strategies_aws\/",
                "text": "0 votes and 0 comments so far on Reddit",
                "fallback": "reddit: r\/Terraform - Terraform tagging strategies (AWS)",
                "from_url": "https:\/\/www.reddit.com\/r\/Terraform\/comments\/bs0q9q\/terraform_tagging_strategies_aws\/",
                "service_icon": "https:\/\/www.redditstatic.com\/desktop2x\/img\/favicon\/apple-icon-57x57.png",
                "id": 1,
                "original_url": "https:\/\/www.reddit.com\/r\/Terraform\/comments\/bs0q9q\/terraform_tagging_strategies_aws\/"
            }
        ]
    },
    {
        "type": "message",
        "subtype": "bot_message",
        "text": "<https:\/\/www.reddit.com\/r\/Terraform\/comments\/bs1uxb\/need_help_on_attaching_pci_devices_to_vmware_vm\/|Need help on attaching PCI devices to VMWare VM through Terraform>\nHi All, Currently, Terraform 0.11.13 provides support to add network adaptor of type VMXNET3. But in case, VM needs to be launched with SRIOV, Direct-IO, we need to attach PCI device to the VM.  Is there any current support for attaching PCI device to VMWare VM using Terraform? If not, is there any plan to add such support in future? Thanks. \n   submitted by   <https:\/\/www.reddit.com\/user\/sumit_maggo| \/u\/sumit_maggo > \n&lt;a...",
        "ts": "1558612011.001600",
        "username": "Terraform ALL the Worlds!",
        "icons": {
            "image_48": "https:\/\/s3-us-west-2.amazonaws.com\/slack-files2\/bot_icons\/2019-02-12\/548785199618_48.png"
        },
        "bot_id": "BG3N7LG73",
        "attachments": [
            {
                "service_name": "reddit",
                "title": "r\/Terraform - Need help on attaching PCI devices to VMWare VM through Terraform",
                "title_link": "https:\/\/www.reddit.com\/r\/Terraform\/comments\/bs1uxb\/need_help_on_attaching_pci_devices_to_vmware_vm\/",
                "text": "0 votes and 0 comments so far on Reddit",
                "fallback": "reddit: r\/Terraform - Need help on attaching PCI devices to VMWare VM through Terraform",
                "from_url": "https:\/\/www.reddit.com\/r\/Terraform\/comments\/bs1uxb\/need_help_on_attaching_pci_devices_to_vmware_vm\/",
                "service_icon": "https:\/\/www.redditstatic.com\/desktop2x\/img\/favicon\/apple-icon-57x57.png",
                "id": 1,
                "original_url": "https:\/\/www.reddit.com\/r\/Terraform\/comments\/bs1uxb\/need_help_on_attaching_pci_devices_to_vmware_vm\/"
            },
            {
                "service_name": "reddit",
                "title": "sumit_maggo (u\/sumit_maggo) - Reddit",
                "title_link": "https:\/\/www.reddit.com\/user\/sumit_maggo",
                "text": "u\/sumit_maggo:",
                "fallback": "reddit: sumit_maggo (u\/sumit_maggo) - Reddit",
                "thumb_url": "https:\/\/www.redditstatic.com\/avatars\/avatar_default_10_0079D3.png",
                "from_url": "https:\/\/www.reddit.com\/user\/sumit_maggo",
                "thumb_width": 256,
                "thumb_height": 256,
                "service_icon": "https:\/\/www.redditstatic.com\/desktop2x\/img\/favicon\/apple-icon-57x57.png",
                "id": 2,
                "original_url": "https:\/\/www.reddit.com\/user\/sumit_maggo"
            }
        ]
    },
    {
        "type": "message",
        "subtype": "bot_message",
        "text": "<https:\/\/qiita.com\/Wally_modoki\/items\/6e0f0969ca02f6f85c1b|terraform v0.11.14 から v0.12.0 にマイグレーションしてみた>\n<https:\/\/qiita.com\/#%E6%A6%82%E8%A6%81>概要\n\n最近、業務でインフラ系をやらせていただいており、terraformとお友達になりました。\nv0.11.14からv0.12.0にマイグレーションしたので、ハマった点を備忘録として残します。\n\nマイグレーションを行う際に0.11系と0.12.0を結構行き来したので、tfenvの導入をお勧めします。\n\n\n&lt;a...",
        "ts": "1558621632.001800",
        "username": "Terraformタグが付けられた新着記事 - Qiita",
        "icons": {
            "image_36": "https:\/\/a.slack-edge.com\/66f9\/img\/services\/rss_36.png",
            "image_48": "https:\/\/a.slack-edge.com\/66f9\/img\/services\/rss_48.png",
            "image_72": "https:\/\/a.slack-edge.com\/205a\/img\/services\/rss_72.png"
        },
        "bot_id": "BG3N7LG73",
        "attachments": [
            {
                "service_name": "Qiita",
                "title": "terraform v0.11.14 から v0.12.0 にマイグレーションしてみた - Qiita",
                "title_link": "https:\/\/qiita.com\/Wally_modoki\/items\/6e0f0969ca02f6f85c1b",
                "text": "# 概要 最近、業務でインフラ系を任せられるようになり、terraformとお友達になりました。 terraform v0.11.14からv0.12.0にマイグレーションしたので、ハマった点を備忘録として残します。 マイグレーショ...",
                "fallback": "Qiita: terraform v0.11.14 から v0.12.0 にマイグレーションしてみた - Qiita",
                "thumb_url": "https:\/\/cdn.qiita.com\/assets\/qiita-fb-2887e7b4aad86fd8c25cea84846f2236.png",
                "from_url": "https:\/\/qiita.com\/Wally_modoki\/items\/6e0f0969ca02f6f85c1b",
                "thumb_width": 200,
                "thumb_height": 200,
                "service_icon": "https:\/\/cdn.qiita.com\/assets\/favicons\/public\/apple-touch-icon-f9a6afad761ec2306e10db2736187c8b.png",
                "id": 1,
                "original_url": "https:\/\/qiita.com\/Wally_modoki\/items\/6e0f0969ca02f6f85c1b"
            },
            {
                "service_name": "Qiita",
                "title": "プログラマの技術情報共有サービス - Qiita",
                "title_link": "https:\/\/qiita.com\/#%E6%A6%82%E8%A6%81",
                "text": "Qiitaは、プログラマのための技術情報共有サービスです。 プログラミングに関するTips、ノウハウ、メモを簡単に記録 &amp; 公開することができます。",
                "fallback": "Qiita: プログラマの技術情報共有サービス - Qiita",
                "thumb_url": "https:\/\/cdn.qiita.com\/assets\/qiita-fb-2887e7b4aad86fd8c25cea84846f2236.png",
                "from_url": "https:\/\/qiita.com\/#%E6%A6%82%E8%A6%81",
                "thumb_width": 200,
                "thumb_height": 200,
                "service_icon": "https:\/\/cdn.qiita.com\/assets\/favicons\/public\/apple-touch-icon-f9a6afad761ec2306e10db2736187c8b.png",
                "id": 2,
                "original_url": "https:\/\/qiita.com\/#%E6%A6%82%E8%A6%81"
            }
        ]
    },
    {
        "type": "message",
        "subtype": "bot_message",
        "text": "<https:\/\/qiita.com\/billthelizard\/items\/c5dfe0422f0181e6038f|ディレクトリごとに使用する terraform のバージョンを切り替える>\nディレクトリごとに異なるバージョンの terraform を利用できるようにするTIPS.\n\n\n<https:\/\/qiita.com\/#terraform-switcher>Terraform Switcher\n\n<https:\/\/warrensbox.github.io\/terraform-switcher\/|Terraform Switcher> というツールがあり、\n\n$ brew install warrensbox\/tap\/tfswitch\n\n\nでインストールできる.\n\nバージョンを切り替える場合は\n\n$ tfswitch 0.12.0\n\n\nなどとやる.\n\n\n&lt;a...",
        "ts": "1558621632.001900",
        "username": "Terraformタグが付けられた新着記事 - Qiita",
        "icons": {
            "image_36": "https:\/\/a.slack-edge.com\/66f9\/img\/services\/rss_36.png",
            "image_48": "https:\/\/a.slack-edge.com\/66f9\/img\/services\/rss_48.png",
            "image_72": "https:\/\/a.slack-edge.com\/205a\/img\/services\/rss_72.png"
        },
        "bot_id": "BG3N7LG73",
        "attachments": [
            {
                "service_name": "Qiita",
                "title": "ディレクトリごとに使用する terraform のバージョンを切り替える - Qiita",
                "title_link": "https:\/\/qiita.com\/billthelizard\/items\/c5dfe0422f0181e6038f",
                "text": "ディレクトリごとに異なるバージョンの terraform を利用できるようにするTIPS. ## Terraform Switcher [Terraform Switcher](<https:\/\/warrensbox.github>....",
                "fallback": "Qiita: ディレクトリごとに使用する terraform のバージョンを切り替える - Qiita",
                "thumb_url": "https:\/\/cdn.qiita.com\/assets\/qiita-fb-2887e7b4aad86fd8c25cea84846f2236.png",
                "from_url": "https:\/\/qiita.com\/billthelizard\/items\/c5dfe0422f0181e6038f",
                "thumb_width": 200,
                "thumb_height": 200,
                "service_icon": "https:\/\/cdn.qiita.com\/assets\/favicons\/public\/apple-touch-icon-f9a6afad761ec2306e10db2736187c8b.png",
                "id": 1,
                "original_url": "https:\/\/qiita.com\/billthelizard\/items\/c5dfe0422f0181e6038f"
            },
            {
                "service_name": "Qiita",
                "title": "プログラマの技術情報共有サービス - Qiita",
                "title_link": "https:\/\/qiita.com\/#terraform-switcher",
                "text": "Qiitaは、プログラマのための技術情報共有サービスです。 プログラミングに関するTips、ノウハウ、メモを簡単に記録 &amp; 公開することができます。",
                "fallback": "Qiita: プログラマの技術情報共有サービス - Qiita",
                "thumb_url": "https:\/\/cdn.qiita.com\/assets\/qiita-fb-2887e7b4aad86fd8c25cea84846f2236.png",
                "from_url": "https:\/\/qiita.com\/#terraform-switcher",
                "thumb_width": 200,
                "thumb_height": 200,
                "service_icon": "https:\/\/cdn.qiita.com\/assets\/favicons\/public\/apple-touch-icon-f9a6afad761ec2306e10db2736187c8b.png",
                "id": 2,
                "original_url": "https:\/\/qiita.com\/#terraform-switcher"
            },
            {
                "service_name": "tfswitch",
                "title": "Terraform Switcher",
                "title_link": "https:\/\/warrensbox.github.io\/terraform-switcher\/",
                "text": "Manage terraform versions - the tfswitch command line tool lets you switch between different versions of terraform",
                "fallback": "tfswitch: Terraform Switcher",
                "from_url": "https:\/\/warrensbox.github.io\/terraform-switcher\/",
                "service_icon": "https:\/\/s3.us-east-2.amazonaws.com\/kepler-images\/warrensbox\/tfswitch\/favicon_tfswitch_48.png",
                "id": 3,
                "original_url": "https:\/\/warrensbox.github.io\/terraform-switcher\/"
            }
        ]
    },
    {
        "type": "message",
        "subtype": "bot_message",
        "text": "<https:\/\/www.reddit.com\/r\/Terraform\/comments\/bs4938\/aws_db_instance_read_replica\/|Aws_db_instance read replica>\nDoes any one know how to create a read replica in a different region ? resource \"aws_db_subnet_group\" \"atlassianrr\" { name = \"atlassian-${local.env}rr\" subnet_ids = [\"subnet-xxxxx\"] tags = merge(local.tags, { Name = \"Atlassian\" }) } resource \"aws_db_instance\" \"atlassian_replica\" identifier = \"${local.db_id[local.env]}rr1\" replicate_source_db = aws_db_instance.atlassian.identifier allocated_storage = 100 storage_type = \"gp2\" engine = \"mysql\" engine_version = \"5.7.25\" auto_minor_version_upgrade...",
        "ts": "1558625518.002200",
        "username": "Terraform ALL the Worlds!",
        "icons": {
            "image_48": "https:\/\/s3-us-west-2.amazonaws.com\/slack-files2\/bot_icons\/2019-02-12\/548785199618_48.png"
        },
        "bot_id": "BG3N7LG73",
        "attachments": [
            {
                "service_name": "reddit",
                "title": "r\/Terraform - Aws_db_instance read replica",
                "title_link": "https:\/\/www.reddit.com\/r\/Terraform\/comments\/bs4938\/aws_db_instance_read_replica\/",
                "text": "0 votes and 0 comments so far on Reddit",
                "fallback": "reddit: r\/Terraform - Aws_db_instance read replica",
                "from_url": "https:\/\/www.reddit.com\/r\/Terraform\/comments\/bs4938\/aws_db_instance_read_replica\/",
                "service_icon": "https:\/\/www.redditstatic.com\/desktop2x\/img\/favicon\/apple-icon-57x57.png",
                "id": 1,
                "original_url": "https:\/\/www.reddit.com\/r\/Terraform\/comments\/bs4938\/aws_db_instance_read_replica\/"
            }
        ]
    },
    {
        "type": "message",
        "subtype": "bot_message",
        "text": "<https:\/\/www.reddit.com\/r\/Terraform\/comments\/bs5h1q\/documentation_for_012_wrong\/|Documentation for 0.12 wrong?>\nSo I'm re-writing my files to work with version 12 and implementing some of the new features like csvdecode.  According to the documentation (<https:\/\/www.terraform.io\/docs\/configuration\/functions\/csvdecode.html|https:\/\/www.terraform.io\/docs\/configuration\/functions\/csvdecode.html>), I should be able to call length as such: locals { instances = csvdecode(file(\"${path.module}\/instances.csv\")) } resource \"aws_instance\" \"example\" { count = len(local.instances) # Beware! (see below)...",
        "ts": "1558631217.002400",
        "username": "Terraform ALL the Worlds!",
        "icons": {
            "image_48": "https:\/\/s3-us-west-2.amazonaws.com\/slack-files2\/bot_icons\/2019-02-12\/548785199618_48.png"
        },
        "bot_id": "BG3N7LG73",
        "attachments": [
            {
                "service_name": "reddit",
                "title": "r\/Terraform - Documentation for 0.12 wrong?",
                "title_link": "https:\/\/www.reddit.com\/r\/Terraform\/comments\/bs5h1q\/documentation_for_012_wrong\/",
                "text": "0 votes and 0 comments so far on Reddit",
                "fallback": "reddit: r\/Terraform - Documentation for 0.12 wrong?",
                "thumb_url": "https:\/\/external-preview.redd.it\/z65Ij3sjw0pMo0iCpafxuHL0krl46D06FYa55-Ba2jQ.jpg?auto=webp&s=8cc0cd6a1e871c9bd177a59a16093eadba8d9abb",
                "from_url": "https:\/\/www.reddit.com\/r\/Terraform\/comments\/bs5h1q\/documentation_for_012_wrong\/",
                "thumb_width": 712,
                "thumb_height": 712,
                "service_icon": "https:\/\/www.redditstatic.com\/desktop2x\/img\/favicon\/apple-icon-57x57.png",
                "id": 1,
                "original_url": "https:\/\/www.reddit.com\/r\/Terraform\/comments\/bs5h1q\/documentation_for_012_wrong\/"
            },
            {
                "service_name": "Terraform by HashiCorp",
                "title": "csvdecode - Functions - Configuration Language - Terraform by HashiCorp",
                "title_link": "https:\/\/www.terraform.io\/docs\/configuration\/functions\/csvdecode.html",
                "text": "The csvdecode function decodes CSV data into a list of maps.",
                "fallback": "Terraform by HashiCorp: csvdecode - Functions - Configuration Language - Terraform by HashiCorp",
                "thumb_url": "https:\/\/www.terraform.io\/assets\/images\/og-image-8b3e4f7d.png",
                "from_url": "https:\/\/www.terraform.io\/docs\/configuration\/functions\/csvdecode.html",
                "thumb_width": 712,
                "thumb_height": 712,
                "service_icon": "https:\/\/www.terraform.io\/assets\/images\/favicons\/apple-touch-icon-13180a24.png",
                "id": 2,
                "original_url": "https:\/\/www.terraform.io\/docs\/configuration\/functions\/csvdecode.html"
            }
        ]
    },
    {
        "type": "message",
        "subtype": "bot_message",
        "text": "<https:\/\/www.reddit.com\/r\/Terraform\/comments\/bs7nqr\/terralith_multiterralith_terramod_power_terramod\/|Terralith, Multi-Terralith, Terramod, Power Terramod, and Terraservices—Ever heard of these Terraform patterns? Many TF users fit into one of these five setups. Figure out which category you fall into and which one you should be moving toward. (video+slides+transcript)>\nsubmitted by   <https:\/\/www.reddit.com\/user\/piedpiperpivot| \/u\/piedpiperpivot > \n<https:\/\/www.hashicorp.com\/resources\/evolving-infrastructure-terraform-opencredo|[link]>   <https:\/\/www.reddit.com\/r\/Terraform\/comments\/bs7nqr\/terralith_multiterralith_terramod_power_terramod\/|[comments]>",
        "ts": "1558642312.002600",
        "username": "Terraform ALL the Worlds!",
        "icons": {
            "image_48": "https:\/\/s3-us-west-2.amazonaws.com\/slack-files2\/bot_icons\/2019-02-12\/548785199618_48.png"
        },
        "bot_id": "BG3N7LG73",
        "attachments": [
            {
                "service_name": "reddit",
                "title": "r\/Terraform - Terralith, Multi-Terralith, Terramod, Power Terramod, and Terraservices—Ever heard of these Terraform patterns? Many TF users fit into one of these five setups. Figure out which category you fall into and which one you should be moving toward. (video+slides+transcript)",
                "title_link": "https:\/\/www.reddit.com\/r\/Terraform\/comments\/bs7nqr\/terralith_multiterralith_terramod_power_terramod\/",
                "text": "0 votes and 0 comments so far on Reddit",
                "fallback": "reddit: r\/Terraform - Terralith, Multi-Terralith, Terramod, Power Terramod, and Terraservices—Ever heard of these Terraform patterns? Many TF users fit into one of these five setups. Figure out which category you fall into and which one you should be moving toward. (video+slides+transcript)",
                "thumb_url": "https:\/\/external-preview.redd.it\/nn1pPSqEuaAxo1JMuBA81AJ3vlM1Pz2uNkR9pZKQo2s.jpg?auto=webp&s=8732e9cd93cb4f44bb970b8ef8f959e7654f91ce",
                "from_url": "https:\/\/www.reddit.com\/r\/Terraform\/comments\/bs7nqr\/terralith_multiterralith_terramod_power_terramod\/",
                "thumb_width": 1200,
                "thumb_height": 630,
                "service_icon": "https:\/\/www.redditstatic.com\/desktop2x\/img\/favicon\/apple-icon-57x57.png",
                "id": 1,
                "original_url": "https:\/\/www.reddit.com\/r\/Terraform\/comments\/bs7nqr\/terralith_multiterralith_terramod_power_terramod\/"
            },
            {
                "service_name": "reddit",
                "title": "piedpiperpivot (u\/piedpiperpivot) - Reddit",
                "title_link": "https:\/\/www.reddit.com\/user\/piedpiperpivot",
                "text": "u\/piedpiperpivot:",
                "fallback": "reddit: piedpiperpivot (u\/piedpiperpivot) - Reddit",
                "thumb_url": "https:\/\/www.redditstatic.com\/avatars\/avatar_default_04_0079D3.png",
                "from_url": "https:\/\/www.reddit.com\/user\/piedpiperpivot",
                "thumb_width": 256,
                "thumb_height": 256,
                "service_icon": "https:\/\/www.redditstatic.com\/desktop2x\/img\/favicon\/apple-icon-57x57.png",
                "id": 2,
                "original_url": "https:\/\/www.reddit.com\/user\/piedpiperpivot"
            },
            {
                "service_name": "HashiCorp - Cloud Infrastructure Automation",
                "title": "5 Common Terraform Patterns—Evolving Your Infrastructure with Terraform",
                "title_link": "https:\/\/www.hashicorp.com\/resources\/evolving-infrastructure-terraform-opencredo",
                "text": "Nicki Watt, OpenCredo's CTO, explains how her company uses HashiCorp's stack—and particularly Terraform—to support its customers in moving to the world of CI\/CD and DevOps.",
                "fallback": "HashiCorp - Cloud Infrastructure Automation: 5 Common Terraform Patterns—Evolving Your Infrastructure with Terraform",
                "image_url": "https:\/\/www.datocms-assets.com\/2885\/1542060063-terraformshare-imglogo-w-stack-graphic1200x630.png",
                "from_url": "https:\/\/www.hashicorp.com\/resources\/evolving-infrastructure-terraform-opencredo",
                "image_width": 476,
                "image_height": 250,
                "image_bytes": 109078,
                "service_icon": "https:\/\/www.datocms-assets.com\/2885\/1527033389-favicon.png?w=57&h=57",
                "id": 3,
                "original_url": "https:\/\/www.hashicorp.com\/resources\/evolving-infrastructure-terraform-opencredo"
            }
        ]
    }
]