[
    {
        "type": "message",
        "subtype": "bot_message",
        "text": "<https:\/\/www.reddit.com\/r\/Terraform\/comments\/bu23on\/terraform_0120_and_aws_elasticache_parameter_group\/|terraform 0.12.0 and aws_elasticache_parameter_group>\nHi, I have a basic parameter group resource for my redis, that work in terraform 0.11 but not anymore in 0.12 ​ resource \"aws_elasticache_parameter_group\" \"pg\" { count = \"${(var.enabled &amp;&amp; (length(var.parameters_for_parameter_group) &gt;0 || var.cluster ) )? 1 : 0}\" name = \"${<https:\/\/var.name\/|var.name>}\" family = \"${lookup(local.redis_version_pg,var.engine_version)}\" ​ parameter = local.parameters_for_parameter_group ​ lifecycle { create_before_destroy = true } } ​ I get :...",
        "ts": "1559061421.001700",
        "username": "Terraform ALL the Worlds!",
        "icons": {
            "image_48": "https:\/\/s3-us-west-2.amazonaws.com\/slack-files2\/bot_icons\/2019-02-12\/548785199618_48.png"
        },
        "bot_id": "BG3N7LG73",
        "attachments": [
            {
                "service_name": "reddit",
                "title": "r\/Terraform - terraform 0.12.0 and aws_elasticache_parameter_group",
                "title_link": "https:\/\/www.reddit.com\/r\/Terraform\/comments\/bu23on\/terraform_0120_and_aws_elasticache_parameter_group\/",
                "text": "0 votes and 0 comments so far on Reddit",
                "fallback": "reddit: r\/Terraform - terraform 0.12.0 and aws_elasticache_parameter_group",
                "from_url": "https:\/\/www.reddit.com\/r\/Terraform\/comments\/bu23on\/terraform_0120_and_aws_elasticache_parameter_group\/",
                "service_icon": "https:\/\/www.redditstatic.com\/desktop2x\/img\/favicon\/apple-icon-57x57.png",
                "id": 1,
                "original_url": "https:\/\/www.reddit.com\/r\/Terraform\/comments\/bu23on\/terraform_0120_and_aws_elasticache_parameter_group\/"
            }
        ]
    },
    {
        "type": "message",
        "subtype": "bot_message",
        "text": "<https:\/\/qiita.com\/keiichi-hikita\/items\/82f37b69c8263f52f9aa|Terraform 0.12の差分: Input Variable編>\nTerraform 0.12における差分を学習していった結果をまとめていきたいと思います。\nまずは <https:\/\/www.terraform.io\/docs\/configuration\/variables.html|Inuput Variable> 編です。\n\nちなみに、新旧比較。\n\n\n0.12 : <https:\/\/www.terraform.io\/docs\/configuration\/variables.html|https:\/\/www.terraform.io\/docs\/configuration\/variables.html>\n\n0.11 :...",
        "ts": "1559089607.001900",
        "username": "Terraformタグが付けられた新着記事 - Qiita",
        "icons": {
            "image_36": "https:\/\/a.slack-edge.com\/66f9\/img\/services\/rss_36.png",
            "image_48": "https:\/\/a.slack-edge.com\/66f9\/img\/services\/rss_48.png",
            "image_72": "https:\/\/a.slack-edge.com\/205a\/img\/services\/rss_72.png"
        },
        "bot_id": "BG3N7LG73",
        "attachments": [
            {
                "service_name": "Qiita",
                "title": "Terraform 0.12の差分: Input Variable編 - Qiita",
                "title_link": "https:\/\/qiita.com\/keiichi-hikita\/items\/82f37b69c8263f52f9aa",
                "text": "Terraform 0.12における差分を学習していった結果をまとめていきたいと思います。 まずは [Inuput Variable](<https:\/\/www.terraform.io\/docs\/configuration\/varia>...",
                "fallback": "Qiita: Terraform 0.12の差分: Input Variable編 - Qiita",
                "thumb_url": "https:\/\/cdn.qiita.com\/assets\/qiita-fb-2887e7b4aad86fd8c25cea84846f2236.png",
                "from_url": "https:\/\/qiita.com\/keiichi-hikita\/items\/82f37b69c8263f52f9aa",
                "thumb_width": 200,
                "thumb_height": 200,
                "service_icon": "https:\/\/cdn.qiita.com\/assets\/favicons\/public\/apple-touch-icon-f9a6afad761ec2306e10db2736187c8b.png",
                "id": 1,
                "original_url": "https:\/\/qiita.com\/keiichi-hikita\/items\/82f37b69c8263f52f9aa"
            },
            {
                "service_name": "Terraform by HashiCorp",
                "title": "Input Variables - Configuration Language - Terraform by HashiCorp",
                "title_link": "https:\/\/www.terraform.io\/docs\/configuration\/variables.html",
                "text": "Input variables are parameters for Terraform modules. This page covers configuration syntax for variables.",
                "fallback": "Terraform by HashiCorp: Input Variables - Configuration Language - Terraform by HashiCorp",
                "thumb_url": "https:\/\/www.terraform.io\/assets\/images\/og-image-8b3e4f7d.png",
                "from_url": "https:\/\/www.terraform.io\/docs\/configuration\/variables.html",
                "thumb_width": 712,
                "thumb_height": 712,
                "service_icon": "https:\/\/www.terraform.io\/assets\/images\/favicons\/apple-touch-icon-13180a24.png",
                "id": 2,
                "original_url": "https:\/\/www.terraform.io\/docs\/configuration\/variables.html"
            }
        ]
    },
    {
        "type": "message",
        "subtype": "bot_message",
        "text": "<https:\/\/qiita.com\/digitalpeak\/items\/d7b5797d71711d488d1b|Upgrading to terraform 0.12>\n先日、ついにterraform 0.12.0[GA]がリリースされました...!\n\n<https:\/\/www.hashicorp.com\/blog\/announcing-terraform-0-12|Announcing Terraform 0.12>\n&lt;a...",
        "ts": "1559103113.002100",
        "username": "Terraformタグが付けられた新着記事 - Qiita",
        "icons": {
            "image_36": "https:\/\/a.slack-edge.com\/66f9\/img\/services\/rss_36.png",
            "image_48": "https:\/\/a.slack-edge.com\/66f9\/img\/services\/rss_48.png",
            "image_72": "https:\/\/a.slack-edge.com\/205a\/img\/services\/rss_72.png"
        },
        "bot_id": "BG3N7LG73",
        "attachments": [
            {
                "service_name": "Qiita",
                "title": "Upgrading to terraform 0.12 - Qiita",
                "title_link": "https:\/\/qiita.com\/digitalpeak\/items\/d7b5797d71711d488d1b",
                "text": "先日、ついにterraform 0.12.0[GA]がリリースされました...! [Announcing Terraform 0.12](<https:\/\/www.hashicorp.com\/blog\/announcing-terra>...",
                "fallback": "Qiita: Upgrading to terraform 0.12 - Qiita",
                "thumb_url": "https:\/\/cdn.qiita.com\/assets\/qiita-fb-2887e7b4aad86fd8c25cea84846f2236.png",
                "from_url": "https:\/\/qiita.com\/digitalpeak\/items\/d7b5797d71711d488d1b",
                "thumb_width": 200,
                "thumb_height": 200,
                "service_icon": "https:\/\/cdn.qiita.com\/assets\/favicons\/public\/apple-touch-icon-f9a6afad761ec2306e10db2736187c8b.png",
                "id": 1,
                "original_url": "https:\/\/qiita.com\/digitalpeak\/items\/d7b5797d71711d488d1b"
            },
            {
                "service_name": "HashiCorp - Cloud Infrastructure Automation",
                "title": "Announcing Terraform 0.12",
                "title_link": "https:\/\/www.hashicorp.com\/blog\/announcing-terraform-0-12",
                "text": "We are very proud to announce that Terraform 0.12 is officially released. Terraform 0.12 is a major update that includes dozens of improvements and features spanning the breadth a...",
                "fallback": "HashiCorp - Cloud Infrastructure Automation: Announcing Terraform 0.12",
                "thumb_url": "https:\/\/www.datocms-assets.com\/2885\/1508522484-share.jpg",
                "from_url": "https:\/\/www.hashicorp.com\/blog\/announcing-terraform-0-12",
                "thumb_width": 2400,
                "thumb_height": 1256,
                "service_icon": "https:\/\/www.datocms-assets.com\/2885\/1527033389-favicon.png?w=57&h=57",
                "id": 2,
                "original_url": "https:\/\/www.hashicorp.com\/blog\/announcing-terraform-0-12"
            }
        ]
    }
]