[
    {
        "type": "message",
        "subtype": "bot_message",
        "text": "<https:\/\/www.reddit.com\/r\/Terraform\/comments\/bv50ez\/public_tf_modules_in_production\/|Public TF modules in production>\nHi there, ​ I started using TF some time ago, recently also started using it with TFE and it works good. I wrote my own modules representing (micro)services parts of our infrastructure and put them into TFE module repository. I can version them and use them as I need in TFE Workspaces.  Now we got into discussion about public modules (those found on github - <https:\/\/github.com\/terraform-aws-modules|https:\/\/github.com\/terraform-aws-modules>). I have some personal bias...",
        "ts": "1559292104.001900",
        "username": "Terraform ALL the Worlds!",
        "icons": {
            "image_48": "https:\/\/s3-us-west-2.amazonaws.com\/slack-files2\/bot_icons\/2019-02-12\/548785199618_48.png"
        },
        "bot_id": "BG3N7LG73",
        "attachments": [
            {
                "service_name": "reddit",
                "title": "r\/Terraform - Public TF modules in production",
                "title_link": "https:\/\/www.reddit.com\/r\/Terraform\/comments\/bv50ez\/public_tf_modules_in_production\/",
                "text": "0 votes and 0 comments so far on Reddit",
                "fallback": "reddit: r\/Terraform - Public TF modules in production",
                "thumb_url": "https:\/\/external-preview.redd.it\/7YfcJFe93bNiVRTTUKJnV3-Bb5IUvTnmfSJ_5IzIKxY.jpg?auto=webp&s=01357455c590c235c9cc8abcc1227cdaca982491",
                "from_url": "https:\/\/www.reddit.com\/r\/Terraform\/comments\/bv50ez\/public_tf_modules_in_production\/",
                "thumb_width": 280,
                "thumb_height": 280,
                "service_icon": "https:\/\/www.redditstatic.com\/desktop2x\/img\/favicon\/apple-icon-57x57.png",
                "id": 1,
                "original_url": "https:\/\/www.reddit.com\/r\/Terraform\/comments\/bv50ez\/public_tf_modules_in_production\/"
            },
            {
                "service_name": "GitHub",
                "title": "Terraform AWS modules",
                "title_link": "https:\/\/github.com\/terraform-aws-modules",
                "text": "Collection of Terraform AWS modules supported by the community - Terraform AWS modules",
                "fallback": "GitHub: Terraform AWS modules",
                "from_url": "https:\/\/github.com\/terraform-aws-modules",
                "thumb_url": "https:\/\/avatars1.githubusercontent.com\/u\/31414033?s=280&v=4",
                "thumb_width": 250,
                "thumb_height": 250,
                "service_icon": "https:\/\/a.slack-edge.com\/bfaba\/img\/unfurl_icons\/github.png",
                "id": 2,
                "original_url": "https:\/\/github.com\/terraform-aws-modules"
            }
        ]
    },
    {
        "type": "message",
        "subtype": "bot_message",
        "text": "<https:\/\/dev.classmethod.jp\/cloud\/aws\/transfer-for-sftp-with-terraform\/|VPC エンドポイントタイプの Transfer for SFTP を Terraform で作ってみた>\n先日、CloudFormation で Transfer for SFTP を作成できるようになりましたが、今回は Terraform で作成してみました。 [新機能] Transfer for SFTP が Cloud […]",
        "ts": "1559298650.002100",
        "username": "Terraform – DevelopersIO",
        "icons": {
            "image_36": "https:\/\/a.slack-edge.com\/66f9\/img\/services\/rss_36.png",
            "image_48": "https:\/\/a.slack-edge.com\/66f9\/img\/services\/rss_48.png",
            "image_72": "https:\/\/a.slack-edge.com\/205a\/img\/services\/rss_72.png"
        },
        "bot_id": "BG3N7LG73",
        "attachments": [
            {
                "service_name": "DevelopersIO | クラスメソッド発「やってみた」系技術メディア",
                "title": "VPC エンドポイントタイプの Transfer for SFTP を Terraform で作ってみた | DevelopersIO",
                "title_link": "https:\/\/dev.classmethod.jp\/cloud\/aws\/transfer-for-sftp-with-terraform\/",
                "text": "Terraform を使って VPC エンドポイントタイプの Transfer for SFTP を作ってみました。",
                "fallback": "DevelopersIO | クラスメソッド発「やってみた」系技術メディア: VPC エンドポイントタイプの Transfer for SFTP を Terraform で作ってみた | DevelopersIO",
                "image_url": "https:\/\/cdn-ssl-devio-img.classmethod.jp\/wp-content\/uploads\/2019\/04\/aws-transfer-for-sftp.png",
                "from_url": "https:\/\/dev.classmethod.jp\/cloud\/aws\/transfer-for-sftp-with-terraform\/",
                "image_width": 476,
                "image_height": 250,
                "image_bytes": 11328,
                "service_icon": "https:\/\/cdn-ssl-devio-img.classmethod.jp\/wp-content\/uploads\/2017\/07\/icatch2017.png",
                "id": 1,
                "original_url": "https:\/\/dev.classmethod.jp\/cloud\/aws\/transfer-for-sftp-with-terraform\/"
            }
        ]
    },
    {
        "type": "message",
        "subtype": "bot_message",
        "text": "<https:\/\/dev.classmethod.jp\/cloud\/aws\/my-mistake-about-creating-sg-by-terraform\/|TerraformでSecurity Groupを作ったら上手くいかなかった>\nこんにちは、大阪オフィスのかずえです。 前回お伝えした通り、Terraformを使い始めました。 Terraform初心者が実戦投入するまでにやったこと 今回は、初めてのTerraform案件にて私がやってしまった失敗を […]",
        "ts": "1559301053.002300",
        "username": "Terraform – DevelopersIO",
        "icons": {
            "image_36": "https:\/\/a.slack-edge.com\/66f9\/img\/services\/rss_36.png",
            "image_48": "https:\/\/a.slack-edge.com\/66f9\/img\/services\/rss_48.png",
            "image_72": "https:\/\/a.slack-edge.com\/205a\/img\/services\/rss_72.png"
        },
        "bot_id": "BG3N7LG73",
        "attachments": [
            {
                "service_name": "DevelopersIO | クラスメソッド発「やってみた」系技術メディア",
                "title": "TerraformでSecurity Groupを作ったら上手くいかなかった | DevelopersIO",
                "title_link": "https:\/\/dev.classmethod.jp\/cloud\/aws\/my-mistake-about-creating-sg-by-terraform\/",
                "text": "こんにちは、大阪オフィスのかずえです。 前回お伝えした通り、Terraformを使い始めました。 Terraform初心者が実戦投入するまでにやったこと 今回は、初めてのTerraform案件にて私がやってしまった失敗を […]",
                "fallback": "DevelopersIO | クラスメソッド発「やってみた」系技術メディア: TerraformでSecurity Groupを作ったら上手くいかなかった | DevelopersIO",
                "image_url": "https:\/\/cdn-ssl-devio-img.classmethod.jp\/wp-content\/uploads\/2019\/05\/terraform-eyecatch.png",
                "from_url": "https:\/\/dev.classmethod.jp\/cloud\/aws\/my-mistake-about-creating-sg-by-terraform\/",
                "image_width": 476,
                "image_height": 250,
                "image_bytes": 9824,
                "service_icon": "https:\/\/cdn-ssl-devio-img.classmethod.jp\/wp-content\/uploads\/2017\/07\/icatch2017.png",
                "id": 1,
                "original_url": "https:\/\/dev.classmethod.jp\/cloud\/aws\/my-mistake-about-creating-sg-by-terraform\/"
            }
        ]
    }
]