[
    {
        "type": "message",
        "subtype": "bot_message",
        "text": "<https:\/\/www.reddit.com\/r\/Terraform\/comments\/b2hvsc\/packer_terraform_ansible_a_few_questions\/|Packer Terraform Ansible a few questions.>\nSo I started playing with Terraform and I've setup the basic pieces for a very small environment. Packer with digitalocean builder and Ansible provisioner, Terraform to deploy Packer-created images and then running Ansible again to configure passwords etc.  However I'm a bit unclear on how I should setup testing and staging environments. Test\/Staging for instance can't use the let's encrypt part of the digitalocean LoadBalancer. How do you set this up without copy pasting? How would you...",
        "ts": "1552911438.012300",
        "username": "Terraform ALL the Worlds!",
        "icons": {
            "image_48": "https:\/\/s3-us-west-2.amazonaws.com\/slack-files2\/bot_icons\/2019-02-12\/548785199618_48.png"
        },
        "bot_id": "BG3N7LG73",
        "attachments": [
            {
                "service_name": "reddit",
                "title": "r\/Terraform - Packer Terraform Ansible a few questions.",
                "title_link": "https:\/\/www.reddit.com\/r\/Terraform\/comments\/b2hvsc\/packer_terraform_ansible_a_few_questions\/",
                "text": "0 votes and 0 comments so far on Reddit",
                "fallback": "reddit: r\/Terraform - Packer Terraform Ansible a few questions.",
                "from_url": "https:\/\/www.reddit.com\/r\/Terraform\/comments\/b2hvsc\/packer_terraform_ansible_a_few_questions\/",
                "service_icon": "https:\/\/www.redditstatic.com\/desktop2x\/img\/favicon\/apple-icon-57x57.png",
                "id": 1,
                "original_url": "https:\/\/www.reddit.com\/r\/Terraform\/comments\/b2hvsc\/packer_terraform_ansible_a_few_questions\/"
            }
        ]
    },
    {
        "type": "message",
        "subtype": "bot_message",
        "text": "<https:\/\/www.google.com\/url?rct=j&amp;sa=t&amp;url=https:\/\/qiita.com\/gamisan9999\/items\/f5f33dba409c71c7264b&amp;ct=ga&amp;cd=CAIyHDMwMTY1OGE1ZDI5NDAyNzE6Y28uanA6amE6SlA&amp;usg=AFQjCNFH9XuiZjcTQQ81AeMXdeW52lnHAw|俺でもわかる&lt;b&gt;terraform&lt;\/b&gt; resource aws_rds_clusterのengine早見表2019.03版 - Qiita>\n俺です。寺フォーム原人です。 寺でAuroraガンガン立ててガンガンしたいときがあります。 Aurora MySQL 5.6.10aだけがサポートされていた時代から既に数世紀 ...",
        "ts": "1552925665.012500",
        "username": "Google アラート - terraform",
        "icons": {
            "image_36": "https:\/\/a.slack-edge.com\/66f9\/img\/services\/rss_36.png",
            "image_48": "https:\/\/a.slack-edge.com\/66f9\/img\/services\/rss_48.png",
            "image_72": "https:\/\/a.slack-edge.com\/205a\/img\/services\/rss_72.png"
        },
        "bot_id": "BG3N7LG73"
    },
    {
        "type": "message",
        "subtype": "bot_message",
        "text": "<https:\/\/qiita.com\/keitakn\/items\/55da7f9f3c3659cfc804|AWS Secrets ManagerからParameter StoreをTerraformで作成する>\n<https:\/\/qiita.com\/#%E6%A6%82%E8%A6%81>概要\n\nタイトルの通りですが、AWS Secrets ManagerからParameter StoreをTerraformで作成する方法を紹介します。\n\n\n<https:\/\/qiita.com\/#%E6%83%B3%E5%AE%9A%E8%AA%AD%E8%80%85>想定読者\n\n\nAWSの基礎知識をお持ちの方\nAWS Secrets Manager、Parameter Storeを使った事がある方\n\n&lt;a href=\"https:\/\/qiita.com\/tomoya_oka\/items\/a3dd44879eea0d1e3ef5\"&gt;AWSのParameter StoreとSecrets...",
        "ts": "1552926711.012600",
        "username": "Terraformタグが付けられた新着記事 - Qiita",
        "icons": {
            "image_36": "https:\/\/a.slack-edge.com\/66f9\/img\/services\/rss_36.png",
            "image_48": "https:\/\/a.slack-edge.com\/66f9\/img\/services\/rss_48.png",
            "image_72": "https:\/\/a.slack-edge.com\/205a\/img\/services\/rss_72.png"
        },
        "bot_id": "BG3N7LG73",
        "attachments": [
            {
                "service_name": "Qiita",
                "title": "AWS Secrets ManagerからParameter StoreをTerraformで作成する - Qiita",
                "title_link": "https:\/\/qiita.com\/keitakn\/items\/55da7f9f3c3659cfc804",
                "text": "# 概要 タイトルの通りですが、AWS Secrets ManagerからParameter StoreをTerraformで作成する方法を紹介します。 # 想定読者 - AWSの基礎知識をお持ちの方 - AWS Secrets M...",
                "fallback": "Qiita: AWS Secrets ManagerからParameter StoreをTerraformで作成する - Qiita",
                "thumb_url": "https:\/\/cdn.qiita.com\/assets\/qiita-fb-2887e7b4aad86fd8c25cea84846f2236.png",
                "from_url": "https:\/\/qiita.com\/keitakn\/items\/55da7f9f3c3659cfc804",
                "thumb_width": 200,
                "thumb_height": 200,
                "service_icon": "https:\/\/cdn.qiita.com\/assets\/favicons\/public\/apple-touch-icon-f9a6afad761ec2306e10db2736187c8b.png",
                "id": 1,
                "original_url": "https:\/\/qiita.com\/keitakn\/items\/55da7f9f3c3659cfc804"
            },
            {
                "service_name": "Qiita",
                "title": "プログラマの技術情報共有サービス - Qiita",
                "title_link": "https:\/\/qiita.com\/#%E6%A6%82%E8%A6%81",
                "text": "Qiitaは、プログラマのための技術情報共有サービスです。 プログラミングに関するTips、ノウハウ、メモを簡単に記録 &amp; 公開することができます。",
                "fallback": "Qiita: プログラマの技術情報共有サービス - Qiita",
                "thumb_url": "https:\/\/cdn.qiita.com\/assets\/qiita-fb-2887e7b4aad86fd8c25cea84846f2236.png",
                "from_url": "https:\/\/qiita.com\/#%E6%A6%82%E8%A6%81",
                "thumb_width": 200,
                "thumb_height": 200,
                "service_icon": "https:\/\/cdn.qiita.com\/assets\/favicons\/public\/apple-touch-icon-f9a6afad761ec2306e10db2736187c8b.png",
                "id": 2,
                "original_url": "https:\/\/qiita.com\/#%E6%A6%82%E8%A6%81"
            },
            {
                "service_name": "Qiita",
                "title": "プログラマの技術情報共有サービス - Qiita",
                "title_link": "https:\/\/qiita.com\/#%E6%83%B3%E5%AE%9A%E8%AA%AD%E8%80%85",
                "text": "Qiitaは、プログラマのための技術情報共有サービスです。 プログラミングに関するTips、ノウハウ、メモを簡単に記録 &amp; 公開することができます。",
                "fallback": "Qiita: プログラマの技術情報共有サービス - Qiita",
                "thumb_url": "https:\/\/cdn.qiita.com\/assets\/qiita-fb-2887e7b4aad86fd8c25cea84846f2236.png",
                "from_url": "https:\/\/qiita.com\/#%E6%83%B3%E5%AE%9A%E8%AA%AD%E8%80%85",
                "thumb_width": 200,
                "thumb_height": 200,
                "service_icon": "https:\/\/cdn.qiita.com\/assets\/favicons\/public\/apple-touch-icon-f9a6afad761ec2306e10db2736187c8b.png",
                "id": 3,
                "original_url": "https:\/\/qiita.com\/#%E6%83%B3%E5%AE%9A%E8%AA%AD%E8%80%85"
            }
        ]
    },
    {
        "user": "UH0PSGUJ3",
        "type": "message",
        "subtype": "channel_join",
        "ts": "1552975707.012900",
        "text": "<@UH0PSGUJ3>さんがチャンネルに参加しました"
    }
]