[
    {
        "user": "UGZCN013R",
        "type": "message",
        "subtype": "channel_join",
        "ts": "1552636422.010400",
        "text": "<@UGZCN013R>さんがチャンネルに参加しました"
    },
    {
        "type": "message",
        "subtype": "bot_message",
        "text": "<https:\/\/www.reddit.com\/r\/Terraform\/comments\/b1d9sd\/aws_volume_attachment_with_ec2_tags\/|aws_volume_attachment with ec2 tags>\nIm spinning up some EBS volumes and i want to attach it to already created EC2 instances. Instances are created prior and already running. All instances are created with Name tags. what i need is to attach the EBS volumes into some selected EC2 instances based on the name tags. is there any way i could do this.  ​ <https:\/\/i.redd.it\/8id60thif9m21.png|this the script i use to create > ​ This is required as part of house keeping and backup procedure for application maintenance....",
        "ts": "1552646835.010500",
        "username": "Terraform ALL the Worlds!",
        "icons": {
            "image_48": "https:\/\/s3-us-west-2.amazonaws.com\/slack-files2\/bot_icons\/2019-02-12\/548785199618_48.png"
        },
        "bot_id": "BG3N7LG73",
        "attachments": [
            {
                "service_name": "reddit",
                "title": "r\/Terraform - aws_volume_attachment with ec2 tags",
                "title_link": "https:\/\/www.reddit.com\/r\/Terraform\/comments\/b1d9sd\/aws_volume_attachment_with_ec2_tags\/",
                "text": "0 votes and 0 comments so far on Reddit",
                "fallback": "reddit: r\/Terraform - aws_volume_attachment with ec2 tags",
                "from_url": "https:\/\/www.reddit.com\/r\/Terraform\/comments\/b1d9sd\/aws_volume_attachment_with_ec2_tags\/",
                "service_icon": "https:\/\/www.redditstatic.com\/desktop2x\/img\/favicon\/apple-icon-57x57.png",
                "id": 1,
                "original_url": "https:\/\/www.reddit.com\/r\/Terraform\/comments\/b1d9sd\/aws_volume_attachment_with_ec2_tags\/"
            },
            {
                "fallback": "738x304px image",
                "image_url": "https:\/\/i.redd.it\/8id60thif9m21.png",
                "image_width": 738,
                "image_height": 304,
                "image_bytes": 18515,
                "from_url": "https:\/\/i.redd.it\/8id60thif9m21.png",
                "id": 2,
                "original_url": "https:\/\/i.redd.it\/8id60thif9m21.png"
            }
        ]
    },
    {
        "type": "message",
        "subtype": "bot_message",
        "text": "<https:\/\/www.reddit.com\/r\/Terraform\/comments\/b1g9ux\/first_terraform_script_feedback_appreciated\/|First Terraform Script - Feedback appreciated>\nHey y'all, I have written my first Terraform script, and I was looking for feedback on it, such as what I may have done wrong, a best practice I missed, etc. ​ It's a pretty straightforward script that sets up an Azure SQL database and App service, and downloads an app to get started. ​ <https:\/\/github.com\/dantontech\/terraformStockRockRMS|https:\/\/github.com\/dantontech\/terraformStockRockRMS> ​ ​ \n   submitted by   &lt;a href=\"https:\/\/www.reddit.com\/user\/dantontech\"&gt;...",
        "ts": "1552664527.010700",
        "username": "Terraform ALL the Worlds!",
        "icons": {
            "image_48": "https:\/\/s3-us-west-2.amazonaws.com\/slack-files2\/bot_icons\/2019-02-12\/548785199618_48.png"
        },
        "bot_id": "BG3N7LG73",
        "attachments": [
            {
                "service_name": "reddit",
                "title": "r\/Terraform - First Terraform Script - Feedback appreciated",
                "title_link": "https:\/\/www.reddit.com\/r\/Terraform\/comments\/b1g9ux\/first_terraform_script_feedback_appreciated\/",
                "text": "0 votes and 0 comments so far on Reddit",
                "fallback": "reddit: r\/Terraform - First Terraform Script - Feedback appreciated",
                "thumb_url": "https:\/\/external-preview.redd.it\/MGwM_iTnicMtF-SWAVkAG81JPvSJGSectSdXmWatGYM.jpg?auto=webp&s=0d130df9e2b2f206d054ff2c9343611c38507bb0",
                "from_url": "https:\/\/www.reddit.com\/r\/Terraform\/comments\/b1g9ux\/first_terraform_script_feedback_appreciated\/",
                "thumb_width": 420,
                "thumb_height": 420,
                "service_icon": "https:\/\/www.redditstatic.com\/desktop2x\/img\/favicon\/apple-icon-57x57.png",
                "id": 1,
                "original_url": "https:\/\/www.reddit.com\/r\/Terraform\/comments\/b1g9ux\/first_terraform_script_feedback_appreciated\/"
            },
            {
                "service_name": "GitHub",
                "title": "dantontech\/terraformStockRockRMS",
                "title_link": "https:\/\/github.com\/dantontech\/terraformStockRockRMS",
                "text": "Contribute to dantontech\/terraformStockRockRMS development by creating an account on GitHub.",
                "fallback": "GitHub: dantontech\/terraformStockRockRMS",
                "from_url": "https:\/\/github.com\/dantontech\/terraformStockRockRMS",
                "thumb_url": "https:\/\/avatars1.githubusercontent.com\/u\/24862818?s=400&v=4",
                "thumb_width": 250,
                "thumb_height": 250,
                "service_icon": "https:\/\/a.slack-edge.com\/bfaba\/img\/unfurl_icons\/github.png",
                "id": 2,
                "original_url": "https:\/\/github.com\/dantontech\/terraformStockRockRMS"
            }
        ]
    },
    {
        "type": "message",
        "subtype": "bot_message",
        "text": "<https:\/\/www.reddit.com\/r\/Terraform\/comments\/b1ki7l\/provider_vsphere_v1100_released\/|Provider: vSphere v1.10.0 released>\nFEATURES: \nNew Data Source: vsphere_folder (<https:\/\/github.com\/terraform-providers\/terraform-provider-vsphere\/pull\/709|#709>) \nIMPROVEMENTS: \nUpdate tf-vsphere-devrc.mk.example to include all environment variables (<https:\/\/github.com\/terraform-providers\/terraform-provider-vsphere\/pull\/707|#707>) Add Go Modules support (<https:\/\/github.com\/terraform-providers\/terraform-provider-vsphere\/pull\/705|#705>) Fix assorted typos in documenation...",
        "ts": "1552686138.010900",
        "username": "Terraform ALL the Worlds!",
        "icons": {
            "image_48": "https:\/\/s3-us-west-2.amazonaws.com\/slack-files2\/bot_icons\/2019-02-12\/548785199618_48.png"
        },
        "bot_id": "BG3N7LG73",
        "attachments": [
            {
                "service_name": "reddit",
                "title": "r\/Terraform - Provider: vSphere v1.10.0 released",
                "title_link": "https:\/\/www.reddit.com\/r\/Terraform\/comments\/b1ki7l\/provider_vsphere_v1100_released\/",
                "text": "0 votes and 0 comments so far on Reddit",
                "fallback": "reddit: r\/Terraform - Provider: vSphere v1.10.0 released",
                "thumb_url": "https:\/\/external-preview.redd.it\/k6UMRsBFUdrj_ckok6Rr8kwhUFOplZLyZQJ5Qu-ILi4.jpg?auto=webp&s=7af0167616fbd2cd77d2967ac51f391ca63b909c",
                "from_url": "https:\/\/www.reddit.com\/r\/Terraform\/comments\/b1ki7l\/provider_vsphere_v1100_released\/",
                "thumb_width": 400,
                "thumb_height": 400,
                "service_icon": "https:\/\/www.redditstatic.com\/desktop2x\/img\/favicon\/apple-icon-57x57.png",
                "id": 1,
                "original_url": "https:\/\/www.reddit.com\/r\/Terraform\/comments\/b1ki7l\/provider_vsphere_v1100_released\/"
            },
            {
                "service_name": "GitHub",
                "title": "Add folder data source by bill-rich · Pull Request #709 · terraform-providers\/terraform-provider-vsphere",
                "title_link": "https:\/\/github.com\/terraform-providers\/terraform-provider-vsphere\/pull\/709",
                "fallback": "GitHub: Add folder data source by bill-rich · Pull Request #709 · terraform-providers\/terraform-provider-vsphere",
                "from_url": "https:\/\/github.com\/terraform-providers\/terraform-provider-vsphere\/pull\/709",
                "thumb_url": "https:\/\/avatars0.githubusercontent.com\/u\/3035677?s=400&v=4",
                "thumb_width": 250,
                "thumb_height": 250,
                "service_icon": "https:\/\/a.slack-edge.com\/bfaba\/img\/unfurl_icons\/github.png",
                "id": 2,
                "original_url": "https:\/\/github.com\/terraform-providers\/terraform-provider-vsphere\/pull\/709"
            },
            {
                "service_name": "GitHub",
                "title": "Update tf-vsphere-devrc.mk.example by bill-rich · Pull Request #707 · terraform-providers\/terraform-provider-vsphere",
                "title_link": "https:\/\/github.com\/terraform-providers\/terraform-provider-vsphere\/pull\/707",
                "fallback": "GitHub: Update tf-vsphere-devrc.mk.example by bill-rich · Pull Request #707 · terraform-providers\/terraform-provider-vsphere",
                "from_url": "https:\/\/github.com\/terraform-providers\/terraform-provider-vsphere\/pull\/707",
                "thumb_url": "https:\/\/avatars0.githubusercontent.com\/u\/3035677?s=400&v=4",
                "thumb_width": 250,
                "thumb_height": 250,
                "service_icon": "https:\/\/a.slack-edge.com\/bfaba\/img\/unfurl_icons\/github.png",
                "id": 3,
                "original_url": "https:\/\/github.com\/terraform-providers\/terraform-provider-vsphere\/pull\/707"
            },
            {
                "service_name": "GitHub",
                "title": "Switch to Go Modules by bill-rich · Pull Request #705 · terraform-providers\/terraform-provider-vsphere",
                "title_link": "https:\/\/github.com\/terraform-providers\/terraform-provider-vsphere\/pull\/705",
                "fallback": "GitHub: Switch to Go Modules by bill-rich · Pull Request #705 · terraform-providers\/terraform-provider-vsphere",
                "from_url": "https:\/\/github.com\/terraform-providers\/terraform-provider-vsphere\/pull\/705",
                "thumb_url": "https:\/\/avatars0.githubusercontent.com\/u\/3035677?s=400&v=4",
                "thumb_width": 250,
                "thumb_height": 250,
                "service_icon": "https:\/\/a.slack-edge.com\/bfaba\/img\/unfurl_icons\/github.png",
                "id": 4,
                "original_url": "https:\/\/github.com\/terraform-providers\/terraform-provider-vsphere\/pull\/705"
            }
        ]
    },
    {
        "type": "message",
        "subtype": "bot_message",
        "text": "<https:\/\/www.reddit.com\/r\/Terraform\/comments\/b1llyp\/terraform_naming_conventions\/|# Terraform Naming Conventions>\n<http:\/\/rant.tf|rant.tf> variable “spoken_word” { default = “Script” } resource null_resource “rant” { triggers = { what_you_call_my_tf_file = “${var.tf_file_convention}” } provisioner “local-exec” { inline = [ “${var.tf_file_convention == “Script” ? .\/im_gonna_flip_a_table.sh : .\/put_the_table_down.sh}” ] } }  Terraform Resource Configuration files are not scripts. A better name for them, if someone wants to be wrong anyway, might be definition files. But no way in hell should...",
        "ts": "1552692432.011100",
        "username": "Terraform ALL the Worlds!",
        "icons": {
            "image_48": "https:\/\/s3-us-west-2.amazonaws.com\/slack-files2\/bot_icons\/2019-02-12\/548785199618_48.png"
        },
        "bot_id": "BG3N7LG73",
        "attachments": [
            {
                "service_name": "reddit",
                "title": "r\/Terraform - # Terraform Naming Conventions",
                "title_link": "https:\/\/www.reddit.com\/r\/Terraform\/comments\/b1llyp\/terraform_naming_conventions\/",
                "text": "0 votes and 0 comments so far on Reddit",
                "fallback": "reddit: r\/Terraform - # Terraform Naming Conventions",
                "from_url": "https:\/\/www.reddit.com\/r\/Terraform\/comments\/b1llyp\/terraform_naming_conventions\/",
                "service_icon": "https:\/\/www.redditstatic.com\/desktop2x\/img\/favicon\/apple-icon-57x57.png",
                "id": 1,
                "original_url": "https:\/\/www.reddit.com\/r\/Terraform\/comments\/b1llyp\/terraform_naming_conventions\/"
            }
        ]
    },
    {
        "user": "UGXFY0V88",
        "type": "message",
        "subtype": "channel_join",
        "ts": "1552697906.011400",
        "text": "<@UGXFY0V88>さんがチャンネルに参加しました"
    }
]