[
    {
        "type": "message",
        "subtype": "bot_message",
        "text": "<https:\/\/qiita.com\/majikahtn\/items\/828906df8de0b11a9309|Pulumi+VSCodeの書き心地が抜群な件>\n<https:\/\/qiita.com\/#pulumi%E3%81%A8%E3%81%AF>Pulumiとは\n\nちょっと前にバズってたIaCツール。Terraformと比較されてる。個人的には、Terraform一強の状況がなんだかぁだったので、こうゆうのが出るとちょっとわくわく。\n\n\n<https:\/\/qiita.com\/#terraform%E3%81%AB%E5%AF%BE%E3%81%97%E3%81%A6>Terraformに対して...",
        "ts": "1553779043.000100",
        "username": "Terraformタグが付けられた新着記事 - Qiita",
        "icons": {
            "image_36": "https:\/\/a.slack-edge.com\/66f9\/img\/services\/rss_36.png",
            "image_48": "https:\/\/a.slack-edge.com\/66f9\/img\/services\/rss_48.png",
            "image_72": "https:\/\/a.slack-edge.com\/205a\/img\/services\/rss_72.png"
        },
        "bot_id": "BG3N7LG73",
        "attachments": [
            {
                "service_name": "Qiita",
                "title": "Pulumi+VSCodeの書き心地が抜群な件 - Qiita",
                "title_link": "https:\/\/qiita.com\/majikahtn\/items\/828906df8de0b11a9309",
                "text": "## Pulumiとは ちょっと前にバズってたIaCツール。Terraformと比較されてる。個人的には、Terraform一強の状況がなんだかぁだったので、こうゆうのが出るとちょっとわくわく。 ## Terraformに対して ...",
                "fallback": "Qiita: Pulumi+VSCodeの書き心地が抜群な件 - Qiita",
                "thumb_url": "https:\/\/cdn.qiita.com\/assets\/qiita-fb-2887e7b4aad86fd8c25cea84846f2236.png",
                "from_url": "https:\/\/qiita.com\/majikahtn\/items\/828906df8de0b11a9309",
                "thumb_width": 200,
                "thumb_height": 200,
                "service_icon": "https:\/\/cdn.qiita.com\/assets\/favicons\/public\/apple-touch-icon-f9a6afad761ec2306e10db2736187c8b.png",
                "id": 1,
                "original_url": "https:\/\/qiita.com\/majikahtn\/items\/828906df8de0b11a9309"
            },
            {
                "service_name": "Qiita",
                "title": "プログラマの技術情報共有サービス - Qiita",
                "title_link": "https:\/\/qiita.com\/#pulumi%E3%81%A8%E3%81%AF",
                "text": "Qiitaは、プログラマのための技術情報共有サービスです。 プログラミングに関するTips、ノウハウ、メモを簡単に記録 &amp; 公開することができます。",
                "fallback": "Qiita: プログラマの技術情報共有サービス - Qiita",
                "thumb_url": "https:\/\/cdn.qiita.com\/assets\/qiita-fb-2887e7b4aad86fd8c25cea84846f2236.png",
                "from_url": "https:\/\/qiita.com\/#pulumi%E3%81%A8%E3%81%AF",
                "thumb_width": 200,
                "thumb_height": 200,
                "service_icon": "https:\/\/cdn.qiita.com\/assets\/favicons\/public\/apple-touch-icon-f9a6afad761ec2306e10db2736187c8b.png",
                "id": 2,
                "original_url": "https:\/\/qiita.com\/#pulumi%E3%81%A8%E3%81%AF"
            },
            {
                "service_name": "Qiita",
                "title": "プログラマの技術情報共有サービス - Qiita",
                "title_link": "https:\/\/qiita.com\/#terraform%E3%81%AB%E5%AF%BE%E3%81%97%E3%81%A6",
                "text": "Qiitaは、プログラマのための技術情報共有サービスです。 プログラミングに関するTips、ノウハウ、メモを簡単に記録 &amp; 公開することができます。",
                "fallback": "Qiita: プログラマの技術情報共有サービス - Qiita",
                "thumb_url": "https:\/\/cdn.qiita.com\/assets\/qiita-fb-2887e7b4aad86fd8c25cea84846f2236.png",
                "from_url": "https:\/\/qiita.com\/#terraform%E3%81%AB%E5%AF%BE%E3%81%97%E3%81%A6",
                "thumb_width": 200,
                "thumb_height": 200,
                "service_icon": "https:\/\/cdn.qiita.com\/assets\/favicons\/public\/apple-touch-icon-f9a6afad761ec2306e10db2736187c8b.png",
                "id": 3,
                "original_url": "https:\/\/qiita.com\/#terraform%E3%81%AB%E5%AF%BE%E3%81%97%E3%81%A6"
            }
        ]
    },
    {
        "type": "message",
        "subtype": "bot_message",
        "text": "<https:\/\/www.reddit.com\/r\/Terraform\/comments\/b6l3if\/problems_with_enabled_cloudwatch_logs_exports\/|Problems with enabled_cloudwatch_logs_exports>\nI'm getting an error:  Error: Error applying plan: 1 error(s) occurred: * aws_rds_cluster_instance.rdsmain_instance: 1 error(s) occurred: * aws_rds_cluster_instance.rdsmain_instance: unexpected state 'configuring-log-exports', wanted target 'available'. last error: %!s() Terraform does not automatically rollback in the face of errors. Instead, your Terraform state file has been partially updated with any resources that successfully completed. Please address the error above and apply again to...",
        "ts": "1553791944.000300",
        "username": "Terraform ALL the Worlds!",
        "icons": {
            "image_48": "https:\/\/s3-us-west-2.amazonaws.com\/slack-files2\/bot_icons\/2019-02-12\/548785199618_48.png"
        },
        "bot_id": "BG3N7LG73",
        "attachments": [
            {
                "service_name": "reddit",
                "title": "r\/Terraform - Problems with enabled_cloudwatch_logs_exports",
                "title_link": "https:\/\/www.reddit.com\/r\/Terraform\/comments\/b6l3if\/problems_with_enabled_cloudwatch_logs_exports\/",
                "text": "0 votes and 0 comments so far on Reddit",
                "fallback": "reddit: r\/Terraform - Problems with enabled_cloudwatch_logs_exports",
                "from_url": "https:\/\/www.reddit.com\/r\/Terraform\/comments\/b6l3if\/problems_with_enabled_cloudwatch_logs_exports\/",
                "service_icon": "https:\/\/www.redditstatic.com\/desktop2x\/img\/favicon\/apple-icon-57x57.png",
                "id": 1,
                "original_url": "https:\/\/www.reddit.com\/r\/Terraform\/comments\/b6l3if\/problems_with_enabled_cloudwatch_logs_exports\/"
            }
        ]
    }
]