[
    {
        "type": "message",
        "subtype": "bot_message",
        "text": "<https:\/\/qiita.com\/MahoTakara\/items\/27191c19202a167a6344|Terraform と Ansible を連携させてIBM Cloudの仮想サーバーを構築>\nTerraform, Ansible, IBM Cloud CLI を使用できる仮想サーバーをパソコン上に作り、Terraform でIBM Cloud の仮想サーバーを構築する手順とツールを試してみましたので、メモを残しておきます。\n\n&lt;a...",
        "ts": "1553168508.013600",
        "username": "Terraformタグが付けられた新着記事 - Qiita",
        "icons": {
            "image_36": "https:\/\/a.slack-edge.com\/66f9\/img\/services\/rss_36.png",
            "image_48": "https:\/\/a.slack-edge.com\/66f9\/img\/services\/rss_48.png",
            "image_72": "https:\/\/a.slack-edge.com\/205a\/img\/services\/rss_72.png"
        },
        "bot_id": "BG3N7LG73",
        "attachments": [
            {
                "service_name": "Qiita",
                "title": "Terraform と Ansible を連携させてIBM Cloudの仮想サーバーを構築 - Qiita",
                "title_link": "https:\/\/qiita.com\/MahoTakara\/items\/27191c19202a167a6344",
                "text": "Terraform, Ansible, IBM Cloud CLI を使用できる仮想サーバーをパソコン上に作り、Terraform でIBM Cloud の仮想サーバーを構築する手順とツールを試してみましたので、メモを残しておきます。...",
                "fallback": "Qiita: Terraform と Ansible を連携させてIBM Cloudの仮想サーバーを構築 - Qiita",
                "thumb_url": "https:\/\/cdn.qiita.com\/assets\/qiita-fb-2887e7b4aad86fd8c25cea84846f2236.png",
                "from_url": "https:\/\/qiita.com\/MahoTakara\/items\/27191c19202a167a6344",
                "thumb_width": 200,
                "thumb_height": 200,
                "service_icon": "https:\/\/cdn.qiita.com\/assets\/favicons\/public\/apple-touch-icon-f9a6afad761ec2306e10db2736187c8b.png",
                "id": 1,
                "original_url": "https:\/\/qiita.com\/MahoTakara\/items\/27191c19202a167a6344"
            }
        ]
    },
    {
        "type": "message",
        "subtype": "bot_message",
        "text": "<https:\/\/www.reddit.com\/r\/Terraform\/comments\/b3q6my\/backend_must_be_a_single_value_not_a_list\/|backend must be a single value, not a list>\nwould really appreciate some help here, going nuts trying to figure this one. I have a remote state in S3 that i would like to pull values from, so we dont define them repeatedly. The source of my values are from this tf file: provider \"aws\" { region = \"us-east-1\" profile = \"awsprofile\" } terraform { backend \"s3\" { bucket = \"tf-bucket\" key = \"tf\/account.tfstate\" dynamodb_table = \"tf\" region = \"us-east-1\" profile = \"awsprofile\" } } resource \"aws_organizations_account\" \"account\" { name =...",
        "ts": "1553173943.013800",
        "username": "Terraform ALL the Worlds!",
        "icons": {
            "image_48": "https:\/\/s3-us-west-2.amazonaws.com\/slack-files2\/bot_icons\/2019-02-12\/548785199618_48.png"
        },
        "bot_id": "BG3N7LG73",
        "attachments": [
            {
                "service_name": "reddit",
                "title": "r\/Terraform - backend must be a single value, not a list",
                "title_link": "https:\/\/www.reddit.com\/r\/Terraform\/comments\/b3q6my\/backend_must_be_a_single_value_not_a_list\/",
                "text": "0 votes and 0 comments so far on Reddit",
                "fallback": "reddit: r\/Terraform - backend must be a single value, not a list",
                "from_url": "https:\/\/www.reddit.com\/r\/Terraform\/comments\/b3q6my\/backend_must_be_a_single_value_not_a_list\/",
                "service_icon": "https:\/\/www.redditstatic.com\/desktop2x\/img\/favicon\/apple-icon-57x57.png",
                "id": 1,
                "original_url": "https:\/\/www.reddit.com\/r\/Terraform\/comments\/b3q6my\/backend_must_be_a_single_value_not_a_list\/"
            }
        ]
    },
    {
        "type": "message",
        "subtype": "bot_message",
        "text": "<https:\/\/www.reddit.com\/r\/Terraform\/comments\/b3t16o\/ec2_update_means_destroy_and_create\/|EC2 update means destroy and create>\nNew to Terraform. Experimented a lot past days. Still trying to get my head around some of the behaviour. ​ I created an AWS instance and then I wanted to update it by adding some tags and keypair. I noticed Terraform is destroying the instance and recreating it.  ​ I can imagine a situation where I have some servers in production running some webapp and I want to rename it. Then essentially it would destroy and recreate my server. While I understand it's the way Terraform works, I fail...",
        "ts": "1553188929.014000",
        "username": "Terraform ALL the Worlds!",
        "icons": {
            "image_48": "https:\/\/s3-us-west-2.amazonaws.com\/slack-files2\/bot_icons\/2019-02-12\/548785199618_48.png"
        },
        "bot_id": "BG3N7LG73",
        "attachments": [
            {
                "service_name": "reddit",
                "title": "r\/Terraform - EC2 update means destroy and create",
                "title_link": "https:\/\/www.reddit.com\/r\/Terraform\/comments\/b3t16o\/ec2_update_means_destroy_and_create\/",
                "text": "0 votes and 1 comment so far on Reddit",
                "fallback": "reddit: r\/Terraform - EC2 update means destroy and create",
                "from_url": "https:\/\/www.reddit.com\/r\/Terraform\/comments\/b3t16o\/ec2_update_means_destroy_and_create\/",
                "service_icon": "https:\/\/www.redditstatic.com\/desktop2x\/img\/favicon\/apple-icon-57x57.png",
                "id": 1,
                "original_url": "https:\/\/www.reddit.com\/r\/Terraform\/comments\/b3t16o\/ec2_update_means_destroy_and_create\/"
            }
        ]
    },
    {
        "type": "message",
        "subtype": "bot_message",
        "text": "<https:\/\/www.reddit.com\/r\/Terraform\/comments\/b3twzi\/deploying_code_to_ec2_instances\/|Deploying code to ec2 instances>\nI am currently working on a project that requires dividing work among a number of ec2 instances. I decided to use this project as an opportunity to learn Terraform. So far I have no trouble spinning those instances up and down as I please, but I'm not feeling like I understand the best practice for loading my code (stored on Github) onto those instances.  ​ I understand there are `provisioner` keys in terraform that can be used to configure a machine after it is spun up. So my question is,...",
        "ts": "1553192242.014200",
        "username": "Terraform ALL the Worlds!",
        "icons": {
            "image_48": "https:\/\/s3-us-west-2.amazonaws.com\/slack-files2\/bot_icons\/2019-02-12\/548785199618_48.png"
        },
        "bot_id": "BG3N7LG73",
        "attachments": [
            {
                "service_name": "reddit",
                "title": "r\/Terraform - Deploying code to ec2 instances",
                "title_link": "https:\/\/www.reddit.com\/r\/Terraform\/comments\/b3twzi\/deploying_code_to_ec2_instances\/",
                "text": "0 votes and 0 comments so far on Reddit",
                "fallback": "reddit: r\/Terraform - Deploying code to ec2 instances",
                "from_url": "https:\/\/www.reddit.com\/r\/Terraform\/comments\/b3twzi\/deploying_code_to_ec2_instances\/",
                "service_icon": "https:\/\/www.redditstatic.com\/desktop2x\/img\/favicon\/apple-icon-57x57.png",
                "id": 1,
                "original_url": "https:\/\/www.reddit.com\/r\/Terraform\/comments\/b3twzi\/deploying_code_to_ec2_instances\/"
            }
        ]
    },
    {
        "type": "message",
        "subtype": "bot_message",
        "text": "<https:\/\/www.reddit.com\/r\/Terraform\/comments\/b3tx1c\/tf_managing_manually_created_server\/|TF managing manually created server>\nI'm reading the book \"Terraform: up and running\" and found following sentence: You could have all sorts of infrastructure in your AWS account, deployed through a variety of mechanisms (some manually, some via Terraform, some via the CLI), so how does Terraform know which infrastructure it’s responsible for? ​ I know TF keeps a state file, but that's for the resources it created itself. How can TF manage e.g AWS instances it did not create itself. Anyone can share such example ?...",
        "ts": "1553192242.014300",
        "username": "Terraform ALL the Worlds!",
        "icons": {
            "image_48": "https:\/\/s3-us-west-2.amazonaws.com\/slack-files2\/bot_icons\/2019-02-12\/548785199618_48.png"
        },
        "bot_id": "BG3N7LG73",
        "attachments": [
            {
                "service_name": "reddit",
                "title": "r\/Terraform - TF managing manually created server",
                "title_link": "https:\/\/www.reddit.com\/r\/Terraform\/comments\/b3tx1c\/tf_managing_manually_created_server\/",
                "text": "0 votes and 0 comments so far on Reddit",
                "fallback": "reddit: r\/Terraform - TF managing manually created server",
                "from_url": "https:\/\/www.reddit.com\/r\/Terraform\/comments\/b3tx1c\/tf_managing_manually_created_server\/",
                "service_icon": "https:\/\/www.redditstatic.com\/desktop2x\/img\/favicon\/apple-icon-57x57.png",
                "id": 1,
                "original_url": "https:\/\/www.reddit.com\/r\/Terraform\/comments\/b3tx1c\/tf_managing_manually_created_server\/"
            }
        ]
    },
    {
        "type": "message",
        "subtype": "bot_message",
        "text": "<https:\/\/www.reddit.com\/r\/Terraform\/comments\/b3u38t\/elb_and_elb_sg_created_by_k8s_ingress_and_service\/|ELB and ELB SG created by k8s ingress and service won't allow a proper destroy>\nNeed to manually destroy ELB and ELB SG from k8 ingress\/service in order for the TF project to be destroyed. Is there a way to do this through automation? \n   submitted by   <https:\/\/www.reddit.com\/user\/WolfPusssy| \/u\/WolfPusssy > \n<https:\/\/www.reddit.com\/r\/Terraform\/comments\/b3u38t\/elb_and_elb_sg_created_by_k8s_ingress_and_service\/|[link]>   <https:\/\/www.reddit.com\/r\/Terraform\/comments\/b3u38t\/elb_and_elb_sg_created_by_k8s_ingress_and_service\/|[comments]>",
        "ts": "1553193429.014600",
        "username": "Terraform ALL the Worlds!",
        "icons": {
            "image_48": "https:\/\/s3-us-west-2.amazonaws.com\/slack-files2\/bot_icons\/2019-02-12\/548785199618_48.png"
        },
        "bot_id": "BG3N7LG73",
        "attachments": [
            {
                "service_name": "reddit",
                "title": "r\/Terraform - ELB and ELB SG created by k8s ingress and service won't allow a proper destroy",
                "title_link": "https:\/\/www.reddit.com\/r\/Terraform\/comments\/b3u38t\/elb_and_elb_sg_created_by_k8s_ingress_and_service\/",
                "text": "0 votes and 0 comments so far on Reddit",
                "fallback": "reddit: r\/Terraform - ELB and ELB SG created by k8s ingress and service won't allow a proper destroy",
                "from_url": "https:\/\/www.reddit.com\/r\/Terraform\/comments\/b3u38t\/elb_and_elb_sg_created_by_k8s_ingress_and_service\/",
                "service_icon": "https:\/\/www.redditstatic.com\/desktop2x\/img\/favicon\/apple-icon-57x57.png",
                "id": 1,
                "original_url": "https:\/\/www.reddit.com\/r\/Terraform\/comments\/b3u38t\/elb_and_elb_sg_created_by_k8s_ingress_and_service\/"
            },
            {
                "service_name": "reddit",
                "title": "WolfPusssy (u\/WolfPusssy) - Reddit",
                "title_link": "https:\/\/www.reddit.com\/user\/WolfPusssy",
                "text": "u\/WolfPusssy:",
                "fallback": "reddit: WolfPusssy (u\/WolfPusssy) - Reddit",
                "thumb_url": "https:\/\/www.redditstatic.com\/avatars\/avatar_default_20_0DD3BB.png",
                "from_url": "https:\/\/www.reddit.com\/user\/WolfPusssy",
                "thumb_width": 256,
                "thumb_height": 256,
                "service_icon": "https:\/\/www.redditstatic.com\/desktop2x\/img\/favicon\/apple-icon-57x57.png",
                "id": 2,
                "original_url": "https:\/\/www.reddit.com\/user\/WolfPusssy"
            }
        ]
    },
    {
        "type": "message",
        "subtype": "bot_message",
        "text": "<https:\/\/www.reddit.com\/r\/Terraform\/comments\/b3ueuh\/terraform_password_prompt\/|Terraform Password Prompt>\nHi, As you all know it's possible to let terraform prompt for variables at startup. Even the Hashicorp tutorial is mentioning this: <https:\/\/learn.hashicorp.com\/terraform\/getting-started\/variables|https:\/\/learn.hashicorp.com\/terraform\/getting-started\/variables> It's working as expected, but the value will be written in plain text on my terminal. Is there a way to spawn a special password prompt, so that my password will not be visible on my screen? I am talking about the prompt...",
        "ts": "1553194619.014800",
        "username": "Terraform ALL the Worlds!",
        "icons": {
            "image_48": "https:\/\/s3-us-west-2.amazonaws.com\/slack-files2\/bot_icons\/2019-02-12\/548785199618_48.png"
        },
        "bot_id": "BG3N7LG73",
        "attachments": [
            {
                "service_name": "reddit",
                "title": "r\/Terraform - Terraform Password Prompt",
                "title_link": "https:\/\/www.reddit.com\/r\/Terraform\/comments\/b3ueuh\/terraform_password_prompt\/",
                "text": "0 votes and 0 comments so far on Reddit",
                "fallback": "reddit: r\/Terraform - Terraform Password Prompt",
                "thumb_url": "https:\/\/external-preview.redd.it\/FTdCYC8uiboXxa1SU5pPRkrXhKka1YVPEUHU2hz3T54.jpg?auto=webp&s=39fb52d7f960b2ece3b7f1ff6ee7818e6b9c31fe",
                "from_url": "https:\/\/www.reddit.com\/r\/Terraform\/comments\/b3ueuh\/terraform_password_prompt\/",
                "thumb_width": 1200,
                "thumb_height": 630,
                "service_icon": "https:\/\/www.redditstatic.com\/desktop2x\/img\/favicon\/apple-icon-57x57.png",
                "id": 1,
                "original_url": "https:\/\/www.reddit.com\/r\/Terraform\/comments\/b3ueuh\/terraform_password_prompt\/"
            },
            {
                "service_name": "HashiCorp Learn",
                "title": "Input Variables | Terraform - HashiCorp Learn",
                "title_link": "https:\/\/learn.hashicorp.com\/terraform\/getting-started\/variables",
                "text": "Parameterize your configuration with input variables.",
                "fallback": "HashiCorp Learn: Input Variables | Terraform - HashiCorp Learn",
                "image_url": "https:\/\/www.datocms-assets.com\/2885\/1542060715-hashicorpshare-imglogo-w-stack-graphic1200x630.png",
                "from_url": "https:\/\/learn.hashicorp.com\/terraform\/getting-started\/variables",
                "image_width": 476,
                "image_height": 250,
                "image_bytes": 144778,
                "service_icon": "https:\/\/www.datocms-assets.com\/2885\/1527033389-favicon.png?w=57&amp;h=57",
                "id": 2,
                "original_url": "https:\/\/learn.hashicorp.com\/terraform\/getting-started\/variables"
            }
        ]
    }
]