[
    {
        "type": "message",
        "subtype": "bot_message",
        "text": "<https:\/\/www.reddit.com\/r\/Terraform\/comments\/b64nk3\/terraform_and_ansible_on_aws\/|Terraform and ansible on AWS>\nI want to deploy a cluster of servers. the whole AWS infrastructure is descriped in tf and the provisioning of the servers is written in ansible (there is also a on prem cluster..). the great thing is this works in the way of  $ tf apply -target module.XY  $ ansible-playbook all.yml --limt XY and so on.. the reason for this ping pong is some services depend on others.  ​ recently I added a ansible provisioning plugin to execute ansible from tf. this works.  ​ the problem is in tf is no...",
        "ts": "1553695312.017500",
        "username": "Terraform ALL the Worlds!",
        "icons": {
            "image_48": "https:\/\/s3-us-west-2.amazonaws.com\/slack-files2\/bot_icons\/2019-02-12\/548785199618_48.png"
        },
        "bot_id": "BG3N7LG73",
        "attachments": [
            {
                "service_name": "reddit",
                "title": "r\/Terraform - Terraform and ansible on AWS",
                "title_link": "https:\/\/www.reddit.com\/r\/Terraform\/comments\/b64nk3\/terraform_and_ansible_on_aws\/",
                "text": "0 votes and 0 comments so far on Reddit",
                "fallback": "reddit: r\/Terraform - Terraform and ansible on AWS",
                "from_url": "https:\/\/www.reddit.com\/r\/Terraform\/comments\/b64nk3\/terraform_and_ansible_on_aws\/",
                "service_icon": "https:\/\/www.redditstatic.com\/desktop2x\/img\/favicon\/apple-icon-57x57.png",
                "id": 1,
                "original_url": "https:\/\/www.reddit.com\/r\/Terraform\/comments\/b64nk3\/terraform_and_ansible_on_aws\/"
            }
        ]
    },
    {
        "type": "message",
        "subtype": "bot_message",
        "text": "<https:\/\/www.reddit.com\/r\/Terraform\/comments\/b65hlq\/routing_from_kubernetes_to_external_vms_using_the\/|Routing from Kubernetes to External VMs using the Ambassador API gateway: A Terraformed Playground>\nsubmitted by   <https:\/\/www.reddit.com\/user\/kiarash-irandoust| \/u\/kiarash-irandoust > \n<https:\/\/medium.com\/@danielbryantuk\/4faead9b021d|[link]>   <https:\/\/www.reddit.com\/r\/Terraform\/comments\/b65hlq\/routing_from_kubernetes_to_external_vms_using_the\/|[comments]>",
        "ts": "1553699813.017700",
        "username": "Terraform ALL the Worlds!",
        "icons": {
            "image_48": "https:\/\/s3-us-west-2.amazonaws.com\/slack-files2\/bot_icons\/2019-02-12\/548785199618_48.png"
        },
        "bot_id": "BG3N7LG73",
        "attachments": [
            {
                "service_name": "reddit",
                "title": "r\/Terraform - Routing from Kubernetes to External VMs using the Ambassador API gateway: A Terraformed Playground",
                "title_link": "https:\/\/www.reddit.com\/r\/Terraform\/comments\/b65hlq\/routing_from_kubernetes_to_external_vms_using_the\/",
                "text": "0 votes and 0 comments so far on Reddit",
                "fallback": "reddit: r\/Terraform - Routing from Kubernetes to External VMs using the Ambassador API gateway: A Terraformed Playground",
                "thumb_url": "https:\/\/external-preview.redd.it\/qcCMwylzFFlkYJ1W4cKEq_VVQNGULGwfkxrtHEd-T1I.jpg?auto=webp&s=2b8ba4d448365d12c3249b63f29890b3057b238b",
                "from_url": "https:\/\/www.reddit.com\/r\/Terraform\/comments\/b65hlq\/routing_from_kubernetes_to_external_vms_using_the\/",
                "thumb_width": 1047,
                "thumb_height": 603,
                "service_icon": "https:\/\/www.redditstatic.com\/desktop2x\/img\/favicon\/apple-icon-57x57.png",
                "id": 1,
                "original_url": "https:\/\/www.reddit.com\/r\/Terraform\/comments\/b65hlq\/routing_from_kubernetes_to_external_vms_using_the\/"
            },
            {
                "service_name": "reddit",
                "title": "kiarash-irandoust (u\/kiarash-irandoust) - Reddit",
                "title_link": "https:\/\/www.reddit.com\/user\/kiarash-irandoust",
                "text": "u\/kiarash-irandoust:",
                "fallback": "reddit: kiarash-irandoust (u\/kiarash-irandoust) - Reddit",
                "thumb_url": "https:\/\/www.redditstatic.com\/avatars\/avatar_default_03_46A508.png",
                "from_url": "https:\/\/www.reddit.com\/user\/kiarash-irandoust",
                "thumb_width": 256,
                "thumb_height": 256,
                "service_icon": "https:\/\/www.redditstatic.com\/desktop2x\/img\/favicon\/apple-icon-57x57.png",
                "id": 2,
                "original_url": "https:\/\/www.reddit.com\/user\/kiarash-irandoust"
            },
            {
                "service_name": "ITNEXT",
                "title": "Routing from Kubernetes to External VMs using the Ambassador API gateway: A Terraformed Playground",
                "title_link": "https:\/\/medium.com\/@danielbryantuk\/4faead9b021d",
                "text": "At Datawire, we are seeing more organizations migrating to their “next-generation” cloud-native platform built around Docker and…",
                "fallback": "ITNEXT: Routing from Kubernetes to External VMs using the Ambassador API gateway: A Terraformed Playground",
                "image_url": "https:\/\/cdn-images-1.medium.com\/max\/1200\/0*N3rzMF2wZJqHPzeP",
                "fields": [
                    {
                        "title": "Reading time",
                        "value": "5 min read",
                        "short": true
                    }
                ],
                "ts": 1553696895,
                "from_url": "https:\/\/medium.com\/@danielbryantuk\/4faead9b021d",
                "image_width": 434,
                "image_height": 250,
                "image_bytes": 64043,
                "service_icon": "https:\/\/cdn-images-1.medium.com\/fit\/c\/304\/304\/1*yAqDFIFA5F_NXalOJKz4TA.png",
                "id": 3,
                "original_url": "https:\/\/medium.com\/@danielbryantuk\/4faead9b021d"
            }
        ]
    },
    {
        "type": "message",
        "subtype": "bot_message",
        "text": "<https:\/\/www.reddit.com\/r\/Terraform\/comments\/b69afy\/is_there_a_way_to_access_a_variable_inside\/|Is there a way to access a variable inside another variable?>\nFor example, I create a resource with this:  resource \"aws_route53_health_check\" \"${var.accountname}-check\" { blah }    I then need to be able to access the id of this resource inside another resource with something like:  health_check_id = \"${aws_route53_health_check.${var.accountname}-check.id}\"    But this doesn't work. I'm sure there is a way to do this but I'm not sure what the right approach\/syntax is.  \n   submitted by   &lt;a href=\"https:\/\/www.reddit.com\/user\/fsdaofsmifoiomssdafi\"&gt;...",
        "ts": "1553719009.017900",
        "username": "Terraform ALL the Worlds!",
        "icons": {
            "image_48": "https:\/\/s3-us-west-2.amazonaws.com\/slack-files2\/bot_icons\/2019-02-12\/548785199618_48.png"
        },
        "bot_id": "BG3N7LG73",
        "attachments": [
            {
                "service_name": "reddit",
                "title": "r\/Terraform - Is there a way to access a variable inside another variable?",
                "title_link": "https:\/\/www.reddit.com\/r\/Terraform\/comments\/b69afy\/is_there_a_way_to_access_a_variable_inside\/",
                "text": "0 votes and 0 comments so far on Reddit",
                "fallback": "reddit: r\/Terraform - Is there a way to access a variable inside another variable?",
                "from_url": "https:\/\/www.reddit.com\/r\/Terraform\/comments\/b69afy\/is_there_a_way_to_access_a_variable_inside\/",
                "service_icon": "https:\/\/www.redditstatic.com\/desktop2x\/img\/favicon\/apple-icon-57x57.png",
                "id": 1,
                "original_url": "https:\/\/www.reddit.com\/r\/Terraform\/comments\/b69afy\/is_there_a_way_to_access_a_variable_inside\/"
            }
        ]
    }
]