[
    {
        "type": "message",
        "subtype": "bot_message",
        "text": "<https:\/\/www.reddit.com\/r\/Terraform\/comments\/b4vcc2\/aws_newbie_question_creating_new_resources_with\/|(aws, newbie question): Creating new resources with terraform in a region that already has resources created with the gui, any danger?>\nI've been making experiments with terraform (aws provider) in a \"virgin\" region and now I would like to get a little more serious and try to provision resources in our \"production\" region.  Obviously in our prod region there are already live resources that were created via the aws GUI. Is there anything I should look for to avoid making damages to my existing infrastructure while I create my new resoureces using terraform?  bonus question: what strategy do you use to make sure that your...",
        "ts": "1553427440.016300",
        "username": "Terraform ALL the Worlds!",
        "icons": {
            "image_48": "https:\/\/s3-us-west-2.amazonaws.com\/slack-files2\/bot_icons\/2019-02-12\/548785199618_48.png"
        },
        "bot_id": "BG3N7LG73",
        "attachments": [
            {
                "service_name": "reddit",
                "title": "r\/Terraform - (aws, newbie question): Creating new resources with terraform in a region that already has resources created with the gui, any danger?",
                "title_link": "https:\/\/www.reddit.com\/r\/Terraform\/comments\/b4vcc2\/aws_newbie_question_creating_new_resources_with\/",
                "text": "0 votes and 0 comments so far on Reddit",
                "fallback": "reddit: r\/Terraform - (aws, newbie question): Creating new resources with terraform in a region that already has resources created with the gui, any danger?",
                "from_url": "https:\/\/www.reddit.com\/r\/Terraform\/comments\/b4vcc2\/aws_newbie_question_creating_new_resources_with\/",
                "service_icon": "https:\/\/www.redditstatic.com\/desktop2x\/img\/favicon\/apple-icon-57x57.png",
                "id": 1,
                "original_url": "https:\/\/www.reddit.com\/r\/Terraform\/comments\/b4vcc2\/aws_newbie_question_creating_new_resources_with\/"
            }
        ]
    },
    {
        "type": "message",
        "subtype": "bot_message",
        "text": "<https:\/\/www.reddit.com\/r\/Terraform\/comments\/b511oj\/possible_to_reuse_modules_by_only_declaring\/|Possible to reuse modules by only declaring variables?>\nI know the question sounds dumb, but let me try to explain.... Due to state, you cannot \"re-use\" a declared module... So let's say I have a module for ec2 instance and a load balancer.  I have the module declared and in a state section (in a folder). I want to create an identical object for test and prod environments. So I create a prod.tfvars and a test.tfvars  Then I execute, calling with the test.tfvars and everything gets created. Now I want to create the identical object using the...",
        "ts": "1553459208.016500",
        "username": "Terraform ALL the Worlds!",
        "icons": {
            "image_48": "https:\/\/s3-us-west-2.amazonaws.com\/slack-files2\/bot_icons\/2019-02-12\/548785199618_48.png"
        },
        "bot_id": "BG3N7LG73",
        "attachments": [
            {
                "service_name": "reddit",
                "title": "r\/Terraform - Possible to reuse modules by only declaring variables?",
                "title_link": "https:\/\/www.reddit.com\/r\/Terraform\/comments\/b511oj\/possible_to_reuse_modules_by_only_declaring\/",
                "text": "0 votes and 0 comments so far on Reddit",
                "fallback": "reddit: r\/Terraform - Possible to reuse modules by only declaring variables?",
                "from_url": "https:\/\/www.reddit.com\/r\/Terraform\/comments\/b511oj\/possible_to_reuse_modules_by_only_declaring\/",
                "service_icon": "https:\/\/www.redditstatic.com\/desktop2x\/img\/favicon\/apple-icon-57x57.png",
                "id": 1,
                "original_url": "https:\/\/www.reddit.com\/r\/Terraform\/comments\/b511oj\/possible_to_reuse_modules_by_only_declaring\/"
            }
        ]
    }
]