[
    {
        "user": "UGTNGDPUJ",
        "type": "message",
        "subtype": "channel_join",
        "ts": "1552131230.005400",
        "text": "<@UGTNGDPUJ>さんがチャンネルに参加しました"
    },
    {
        "type": "message",
        "subtype": "bot_message",
        "text": "<https:\/\/www.reddit.com\/r\/Terraform\/comments\/az2ldy\/question_on_using_terraform_for_api_gateway\/|Question on using Terraform for API Gateway>\nI'm working on defining an AWS API Gateway in Terraform. I have about ten different resources (endpoints) with one to three methods each, that map to four AWS Lambda functions between them. Between defining the resources, methods, integrations, Lambda permissions, and integration and method responses, I have something like 1,400 lines of largely-boilerplate TF code split over ten or so files. Is this typical? Or is there some way to reduce the amount of repeated code? For example, I have code...",
        "ts": "1552131756.005500",
        "username": "Terraform ALL the Worlds!",
        "icons": {
            "image_48": "https:\/\/s3-us-west-2.amazonaws.com\/slack-files2\/bot_icons\/2019-02-12\/548785199618_48.png"
        },
        "bot_id": "BG3N7LG73",
        "attachments": [
            {
                "service_name": "reddit",
                "title": "r\/Terraform - Question on using Terraform for API Gateway",
                "title_link": "https:\/\/www.reddit.com\/r\/Terraform\/comments\/az2ldy\/question_on_using_terraform_for_api_gateway\/",
                "text": "0 votes and 0 comments so far on Reddit",
                "fallback": "reddit: r\/Terraform - Question on using Terraform for API Gateway",
                "from_url": "https:\/\/www.reddit.com\/r\/Terraform\/comments\/az2ldy\/question_on_using_terraform_for_api_gateway\/",
                "service_icon": "https:\/\/www.redditstatic.com\/desktop2x\/img\/favicon\/apple-icon-57x57.png",
                "id": 1,
                "original_url": "https:\/\/www.reddit.com\/r\/Terraform\/comments\/az2ldy\/question_on_using_terraform_for_api_gateway\/"
            }
        ]
    },
    {
        "type": "message",
        "subtype": "bot_message",
        "text": "<https:\/\/qiita.com\/moroishisan\/items\/35736e9a0332d0df9206|Terraformインストール>\n<https:\/\/qiita.com\/#%E7%92%B0%E5%A2%83>環境\n\n\nAmazonLinux2\n\n\n<https:\/\/qiita.com\/#%E6%89%8B%E9%A0%86>手順\n\n\nダウンロードしたいバージョンを確認\n<https:\/\/releases.hashicorp.com\/terraform\/|https:\/\/releases.hashicorp.com\/terraform\/>\n\nTerraformダウンロード（2019年3月10日時点の最新バージョンは0.11.12）\n\nwget...",
        "ts": "1552149730.005700",
        "username": "Terraformタグが付けられた新着記事 - Qiita",
        "icons": {
            "image_36": "https:\/\/a.slack-edge.com\/66f9\/img\/services\/rss_36.png",
            "image_48": "https:\/\/a.slack-edge.com\/66f9\/img\/services\/rss_48.png",
            "image_72": "https:\/\/a.slack-edge.com\/205a\/img\/services\/rss_72.png"
        },
        "bot_id": "BG3N7LG73",
        "attachments": [
            {
                "service_name": "Qiita",
                "title": "Terraformインストール - Qiita",
                "title_link": "https:\/\/qiita.com\/moroishisan\/items\/35736e9a0332d0df9206",
                "text": "## 環境 - AmazonLinux2 ## 手順 1. ダウンロードしたいバージョンを確認 <https:\/\/releases.hashicorp.com\/terraform\/> 2. Terraformダウンロード（20...",
                "fallback": "Qiita: Terraformインストール - Qiita",
                "thumb_url": "https:\/\/cdn.qiita.com\/assets\/qiita-fb-2887e7b4aad86fd8c25cea84846f2236.png",
                "from_url": "https:\/\/qiita.com\/moroishisan\/items\/35736e9a0332d0df9206",
                "thumb_width": 200,
                "thumb_height": 200,
                "service_icon": "https:\/\/cdn.qiita.com\/assets\/favicons\/public\/apple-touch-icon-f9a6afad761ec2306e10db2736187c8b.png",
                "id": 1,
                "original_url": "https:\/\/qiita.com\/moroishisan\/items\/35736e9a0332d0df9206"
            },
            {
                "service_name": "Qiita",
                "title": "プログラマの技術情報共有サービス - Qiita",
                "title_link": "https:\/\/qiita.com\/#%E7%92%B0%E5%A2%83",
                "text": "Qiitaは、プログラマのための技術情報共有サービスです。 プログラミングに関するTips、ノウハウ、メモを簡単に記録 &amp; 公開することができます。",
                "fallback": "Qiita: プログラマの技術情報共有サービス - Qiita",
                "thumb_url": "https:\/\/cdn.qiita.com\/assets\/qiita-fb-2887e7b4aad86fd8c25cea84846f2236.png",
                "from_url": "https:\/\/qiita.com\/#%E7%92%B0%E5%A2%83",
                "thumb_width": 200,
                "thumb_height": 200,
                "service_icon": "https:\/\/cdn.qiita.com\/assets\/favicons\/public\/apple-touch-icon-f9a6afad761ec2306e10db2736187c8b.png",
                "id": 2,
                "original_url": "https:\/\/qiita.com\/#%E7%92%B0%E5%A2%83"
            },
            {
                "service_name": "Qiita",
                "title": "プログラマの技術情報共有サービス - Qiita",
                "title_link": "https:\/\/qiita.com\/#%E6%89%8B%E9%A0%86",
                "text": "Qiitaは、プログラマのための技術情報共有サービスです。 プログラミングに関するTips、ノウハウ、メモを簡単に記録 &amp; 公開することができます。",
                "fallback": "Qiita: プログラマの技術情報共有サービス - Qiita",
                "thumb_url": "https:\/\/cdn.qiita.com\/assets\/qiita-fb-2887e7b4aad86fd8c25cea84846f2236.png",
                "from_url": "https:\/\/qiita.com\/#%E6%89%8B%E9%A0%86",
                "thumb_width": 200,
                "thumb_height": 200,
                "service_icon": "https:\/\/cdn.qiita.com\/assets\/favicons\/public\/apple-touch-icon-f9a6afad761ec2306e10db2736187c8b.png",
                "id": 3,
                "original_url": "https:\/\/qiita.com\/#%E6%89%8B%E9%A0%86"
            }
        ]
    },
    {
        "type": "message",
        "subtype": "bot_message",
        "text": "<https:\/\/www.reddit.com\/r\/Terraform\/comments\/az7rrx\/aws_instance_count_provisioner\/|aws_instance + count + provisioner>\nLet's say you've created a resource with aws_instance and it has count equals to 5. Also there is a provisioner at the end. ​ The question is, for each resource aws_instance successfully created it will run a separated provisioner process execution or just one for all 5? ​ Thanks! \n   submitted by   <https:\/\/www.reddit.com\/user\/d1m4r1n0| \/u\/d1m4r1n0 > \n<https:\/\/www.reddit.com\/r\/Terraform\/comments\/az7rrx\/aws_instance_count_provisioner\/|[link]>   &lt;a...",
        "ts": "1552164466.005900",
        "username": "Terraform ALL the Worlds!",
        "icons": {
            "image_48": "https:\/\/s3-us-west-2.amazonaws.com\/slack-files2\/bot_icons\/2019-02-12\/548785199618_48.png"
        },
        "bot_id": "BG3N7LG73",
        "attachments": [
            {
                "service_name": "reddit",
                "title": "r\/Terraform - aws_instance + count + provisioner",
                "title_link": "https:\/\/www.reddit.com\/r\/Terraform\/comments\/az7rrx\/aws_instance_count_provisioner\/",
                "text": "0 votes and 0 comments so far on Reddit",
                "fallback": "reddit: r\/Terraform - aws_instance + count + provisioner",
                "from_url": "https:\/\/www.reddit.com\/r\/Terraform\/comments\/az7rrx\/aws_instance_count_provisioner\/",
                "service_icon": "https:\/\/www.redditstatic.com\/desktop2x\/img\/favicon\/apple-icon-57x57.png",
                "id": 1,
                "original_url": "https:\/\/www.reddit.com\/r\/Terraform\/comments\/az7rrx\/aws_instance_count_provisioner\/"
            },
            {
                "service_name": "reddit",
                "title": "d1m4r1n0 (u\/d1m4r1n0) - Reddit",
                "title_link": "https:\/\/www.reddit.com\/user\/d1m4r1n0",
                "text": "u\/d1m4r1n0:",
                "fallback": "reddit: d1m4r1n0 (u\/d1m4r1n0) - Reddit",
                "thumb_url": "https:\/\/styles.redditmedia.com\/t5_wyrxh\/styles\/profileIcon_oj4twb2ifxh21.png?width=256&height=256&crop=256:256,smart&s=89cd08dd82c6cc90986169396787682a8e2dbbcc",
                "from_url": "https:\/\/www.reddit.com\/user\/d1m4r1n0",
                "thumb_width": 256,
                "thumb_height": 256,
                "service_icon": "https:\/\/www.redditstatic.com\/desktop2x\/img\/favicon\/apple-icon-57x57.png",
                "id": 2,
                "original_url": "https:\/\/www.reddit.com\/user\/d1m4r1n0"
            }
        ]
    },
    {
        "type": "message",
        "subtype": "bot_message",
        "text": "<https:\/\/www.google.com\/url?rct=j&amp;sa=t&amp;url=https:\/\/qiita.com\/moroishisan\/items\/35736e9a0332d0df9206&amp;ct=ga&amp;cd=CAIyHDMwMTY1OGE1ZDI5NDAyNzE6Y28uanA6amE6SlA&amp;usg=AFQjCNFaSkNQ1No-bhJEw_R0nt0zE7kJBQ|&lt;b&gt;Terraform&lt;\/b&gt;インストール>\n環境. AmazonLinux2. 手順. ダウンロードしたいバージョンを確認 <https:\/\/releases.hashicorp.com\/terraform\/>. Terraformダウンロード（2019年3月10日時点の ...",
        "ts": "1552175980.006100",
        "username": "Google アラート - terraform",
        "icons": {
            "image_36": "https:\/\/a.slack-edge.com\/66f9\/img\/services\/rss_36.png",
            "image_48": "https:\/\/a.slack-edge.com\/66f9\/img\/services\/rss_48.png",
            "image_72": "https:\/\/a.slack-edge.com\/205a\/img\/services\/rss_72.png"
        },
        "bot_id": "BG3N7LG73"
    }
]