[
    {
        "type": "message",
        "subtype": "bot_message",
        "text": "<https:\/\/www.reddit.com\/r\/Terraform\/comments\/aw2o0s\/openbsd_vms_on_vsphere\/|OpenBSD VMs on vSphere>\nHi! I'm using Terraform to deploy OpenBSD VMs to vSphere. What happens is Terraform times out when the newly created OpenBSD fails to report back its IP address. I'm guessing this got something to do with OpenBSD's own implementation of VMware Tools called vmt. Checking the VM in vCenter, the VM does report back a valid IP address so I'm a bit surprised Terraform fails to pick it up. I did some more digging and learned that Terraform checks not only the IP address but also if the address is...",
        "ts": "1551431264.001100",
        "username": "Terraform ALL the Worlds!",
        "icons": {
            "image_48": "https:\/\/s3-us-west-2.amazonaws.com\/slack-files2\/bot_icons\/2019-02-12\/548785199618_48.png"
        },
        "bot_id": "BG3N7LG73",
        "attachments": [
            {
                "service_name": "reddit",
                "title": "r\/Terraform - OpenBSD VMs on vSphere",
                "title_link": "https:\/\/www.reddit.com\/r\/Terraform\/comments\/aw2o0s\/openbsd_vms_on_vsphere\/",
                "text": "0 votes and 0 comments so far on Reddit",
                "fallback": "reddit: r\/Terraform - OpenBSD VMs on vSphere",
                "from_url": "https:\/\/www.reddit.com\/r\/Terraform\/comments\/aw2o0s\/openbsd_vms_on_vsphere\/",
                "service_icon": "https:\/\/www.redditstatic.com\/desktop2x\/img\/favicon\/apple-icon-57x57.png",
                "id": 1,
                "original_url": "https:\/\/www.reddit.com\/r\/Terraform\/comments\/aw2o0s\/openbsd_vms_on_vsphere\/"
            }
        ]
    },
    {
        "type": "message",
        "subtype": "bot_message",
        "text": "<https:\/\/www.hashicorp.com\/blog\/announcing-run-notifications-in-terraform-enterpris|Announcing Run Notifications in Terraform Enterprise>\nWe are pleased to announce Notifications for run events in Terraform Enterprise.",
        "ts": "1551470672.001300",
        "username": "Hashicorp Blog",
        "icons": {
            "image_48": "https:\/\/s3-us-west-2.amazonaws.com\/slack-files2\/bot_icons\/2019-02-28\/564099755362_48.png"
        },
        "bot_id": "BG3N7LG73",
        "attachments": [
            {
                "service_name": "HashiCorp - Cloud Infrastructure Automation",
                "title": "Announcing Run Notifications in Terraform Enterprise",
                "title_link": "https:\/\/www.hashicorp.com\/blog\/announcing-run-notifications-in-terraform-enterpris",
                "text": "We are pleased to announce Notifications for run events in Terraform Enterprise. ...",
                "fallback": "HashiCorp - Cloud Infrastructure Automation: Announcing Run Notifications in Terraform Enterprise",
                "thumb_url": "https:\/\/www.datocms-assets.com\/2885\/1508522484-share.jpg",
                "from_url": "https:\/\/www.hashicorp.com\/blog\/announcing-run-notifications-in-terraform-enterpris",
                "thumb_width": 2400,
                "thumb_height": 1256,
                "service_icon": "https:\/\/www.datocms-assets.com\/2885\/1527033389-favicon.png?w=57&h=57",
                "id": 1,
                "original_url": "https:\/\/www.hashicorp.com\/blog\/announcing-run-notifications-in-terraform-enterpris"
            }
        ]
    }
]