[
    {
        "type": "message",
        "subtype": "bot_message",
        "text": "<https:\/\/www.reddit.com\/r\/Terraform\/comments\/b1psej\/running_terraform_using_aws_codepipeline\/|Running Terraform using AWS CodePipeLine>\nJust started a new project, they provision all AWS resources using Terraform. Please note, Terraform code sits on AWS Commit, but Terraform plan &amp; apply are executed via Jenkins which I don't see reason to use junkins in order to run Terraform, but I was told they use Jenkins to keep track of jobs. My plan is to get ride of Jenkins and use AWS CodePipeLine instead since they already use CodeCommit in hopes to keep things simple. I'd like to know if this is doable whether I can run Terraform...",
        "ts": "1552720931.011500",
        "username": "Terraform ALL the Worlds!",
        "icons": {
            "image_48": "https:\/\/s3-us-west-2.amazonaws.com\/slack-files2\/bot_icons\/2019-02-12\/548785199618_48.png"
        },
        "bot_id": "BG3N7LG73",
        "attachments": [
            {
                "service_name": "reddit",
                "title": "r\/Terraform - Running Terraform using AWS CodePipeLine",
                "title_link": "https:\/\/www.reddit.com\/r\/Terraform\/comments\/b1psej\/running_terraform_using_aws_codepipeline\/",
                "text": "0 votes and 0 comments so far on Reddit",
                "fallback": "reddit: r\/Terraform - Running Terraform using AWS CodePipeLine",
                "from_url": "https:\/\/www.reddit.com\/r\/Terraform\/comments\/b1psej\/running_terraform_using_aws_codepipeline\/",
                "service_icon": "https:\/\/www.redditstatic.com\/desktop2x\/img\/favicon\/apple-icon-57x57.png",
                "id": 1,
                "original_url": "https:\/\/www.reddit.com\/r\/Terraform\/comments\/b1psej\/running_terraform_using_aws_codepipeline\/"
            }
        ]
    },
    {
        "type": "message",
        "subtype": "bot_message",
        "text": "<https:\/\/www.reddit.com\/r\/Terraform\/comments\/b1wicj\/terraform_digital_ocean_and_projects\/|Terraform, Digital Ocean and projects>\nDoes anyone know if Terraform supports the ability to deploy a Droplet within a specific project? If so, could you possibly explain how? Thanks in advance. \n   submitted by   <https:\/\/www.reddit.com\/user\/Rorasaurus_Prime| \/u\/Rorasaurus_Prime > \n<https:\/\/www.reddit.com\/r\/Terraform\/comments\/b1wicj\/terraform_digital_ocean_and_projects\/|[link]>   <https:\/\/www.reddit.com\/r\/Terraform\/comments\/b1wicj\/terraform_digital_ocean_and_projects\/|[comments]>",
        "ts": "1552766245.011700",
        "username": "Terraform ALL the Worlds!",
        "icons": {
            "image_48": "https:\/\/s3-us-west-2.amazonaws.com\/slack-files2\/bot_icons\/2019-02-12\/548785199618_48.png"
        },
        "bot_id": "BG3N7LG73",
        "attachments": [
            {
                "service_name": "reddit",
                "title": "Rorasaurus_Prime (u\/Rorasaurus_Prime) - Reddit",
                "title_link": "https:\/\/www.reddit.com\/user\/Rorasaurus_Prime",
                "text": "u\/Rorasaurus_Prime:",
                "fallback": "reddit: Rorasaurus_Prime (u\/Rorasaurus_Prime) - Reddit",
                "thumb_url": "https:\/\/www.redditstatic.com\/avatars\/avatar_default_02_46D160.png",
                "from_url": "https:\/\/www.reddit.com\/user\/Rorasaurus_Prime",
                "thumb_width": 256,
                "thumb_height": 256,
                "service_icon": "https:\/\/www.redditstatic.com\/desktop2x\/img\/favicon\/apple-icon-57x57.png",
                "id": 1,
                "original_url": "https:\/\/www.reddit.com\/user\/Rorasaurus_Prime"
            }
        ]
    },
    {
        "type": "message",
        "subtype": "bot_message",
        "text": "<https:\/\/www.reddit.com\/r\/Terraform\/comments\/b1yecm\/beginner_tutorial\/|Beginner tutorial>\nHi I am new to Terraform. Can someone point me to a good tutorial \n   submitted by   <https:\/\/www.reddit.com\/user\/ab624| \/u\/ab624 > \n<https:\/\/www.reddit.com\/r\/Terraform\/comments\/b1yecm\/beginner_tutorial\/|[link]>   <https:\/\/www.reddit.com\/r\/Terraform\/comments\/b1yecm\/beginner_tutorial\/|[comments]>",
        "ts": "1552776737.011900",
        "username": "Terraform ALL the Worlds!",
        "icons": {
            "image_48": "https:\/\/s3-us-west-2.amazonaws.com\/slack-files2\/bot_icons\/2019-02-12\/548785199618_48.png"
        },
        "bot_id": "BG3N7LG73",
        "attachments": [
            {
                "service_name": "reddit",
                "title": "r\/Terraform - Beginner tutorial",
                "title_link": "https:\/\/www.reddit.com\/r\/Terraform\/comments\/b1yecm\/beginner_tutorial\/",
                "text": "0 votes and 1 comment so far on Reddit",
                "fallback": "reddit: r\/Terraform - Beginner tutorial",
                "from_url": "https:\/\/www.reddit.com\/r\/Terraform\/comments\/b1yecm\/beginner_tutorial\/",
                "service_icon": "https:\/\/www.redditstatic.com\/desktop2x\/img\/favicon\/apple-icon-57x57.png",
                "id": 1,
                "original_url": "https:\/\/www.reddit.com\/r\/Terraform\/comments\/b1yecm\/beginner_tutorial\/"
            },
            {
                "service_name": "reddit",
                "title": "ab624 (u\/ab624) - Reddit",
                "title_link": "https:\/\/www.reddit.com\/user\/ab624",
                "text": "u\/ab624:",
                "fallback": "reddit: ab624 (u\/ab624) - Reddit",
                "thumb_url": "https:\/\/www.redditstatic.com\/avatars\/avatar_default_12_0DD3BB.png",
                "from_url": "https:\/\/www.reddit.com\/user\/ab624",
                "thumb_width": 256,
                "thumb_height": 256,
                "service_icon": "https:\/\/www.redditstatic.com\/desktop2x\/img\/favicon\/apple-icon-57x57.png",
                "id": 2,
                "original_url": "https:\/\/www.reddit.com\/user\/ab624"
            }
        ]
    },
    {
        "type": "message",
        "subtype": "bot_message",
        "text": "<https:\/\/www.reddit.com\/r\/Terraform\/comments\/b21jxr\/looking_for_a_solution_for_my_customers_to\/|Looking for a solution for my customers to download files from their S3 bucket without giving them AWS access Acct>\n1st, I am trying to setup IAM users via Terraform with only Read\/Download access to their S3 Bucket. Could someone Ipoint me to a Terraform template that does that..  \nIt would also help if I can encrypt the files on S3 bucket, and they can de-encrypt them after downloads..\n Once step-1 above is done, I am assuming the users will not have access to create\/delete or do any other manipulation on their S3 Bucket. But, while I was looking at couple tools from which they can download their S3...",
        "ts": "1552797438.012100",
        "username": "Terraform ALL the Worlds!",
        "icons": {
            "image_48": "https:\/\/s3-us-west-2.amazonaws.com\/slack-files2\/bot_icons\/2019-02-12\/548785199618_48.png"
        },
        "bot_id": "BG3N7LG73",
        "attachments": [
            {
                "service_name": "reddit",
                "title": "r\/Terraform - Looking for a solution for my customers to download files from their S3 bucket without giving them AWS access Acct",
                "title_link": "https:\/\/www.reddit.com\/r\/Terraform\/comments\/b21jxr\/looking_for_a_solution_for_my_customers_to\/",
                "text": "0 votes and 0 comments so far on Reddit",
                "fallback": "reddit: r\/Terraform - Looking for a solution for my customers to download files from their S3 bucket without giving them AWS access Acct",
                "from_url": "https:\/\/www.reddit.com\/r\/Terraform\/comments\/b21jxr\/looking_for_a_solution_for_my_customers_to\/",
                "service_icon": "https:\/\/www.redditstatic.com\/desktop2x\/img\/favicon\/apple-icon-57x57.png",
                "id": 1,
                "original_url": "https:\/\/www.reddit.com\/r\/Terraform\/comments\/b21jxr\/looking_for_a_solution_for_my_customers_to\/"
            }
        ]
    }
]