[
    {
        "type": "message",
        "subtype": "bot_message",
        "text": "<https:\/\/www.reddit.com\/r\/Terraform\/comments\/b4248u\/terraform_1570_error_when_trying_to_plan\/|Terraform 1.57.0 error when trying to plan>\nSince upgrading to Terraform 1.57.0+, when attempting to perform a plan I receive the error on numerous resources: post <https:\/\/ec2.eu-west-2.amazonaws.com\/:|https:\/\/ec2.eu-west-2.amazonaws.com\/:> dial tcp :443: connectex: only one usage of each socket address (protocol\/network address\/port) is normally permitted. ​ Has anyone else experienced this? Seems to be fine in versions below 1.57.0 but happens for all versions 1.57.0 and above.  \n   submitted by   &lt;a...",
        "ts": "1553240510.015000",
        "username": "Terraform ALL the Worlds!",
        "icons": {
            "image_48": "https:\/\/s3-us-west-2.amazonaws.com\/slack-files2\/bot_icons\/2019-02-12\/548785199618_48.png"
        },
        "bot_id": "BG3N7LG73",
        "attachments": [
            {
                "service_name": "reddit",
                "title": "r\/Terraform - Terraform 1.57.0 error when trying to plan",
                "title_link": "https:\/\/www.reddit.com\/r\/Terraform\/comments\/b4248u\/terraform_1570_error_when_trying_to_plan\/",
                "text": "0 votes and 0 comments so far on Reddit",
                "fallback": "reddit: r\/Terraform - Terraform 1.57.0 error when trying to plan",
                "from_url": "https:\/\/www.reddit.com\/r\/Terraform\/comments\/b4248u\/terraform_1570_error_when_trying_to_plan\/",
                "service_icon": "https:\/\/www.redditstatic.com\/desktop2x\/img\/favicon\/apple-icon-57x57.png",
                "id": 1,
                "original_url": "https:\/\/www.reddit.com\/r\/Terraform\/comments\/b4248u\/terraform_1570_error_when_trying_to_plan\/"
            }
        ]
    },
    {
        "type": "message",
        "subtype": "bot_message",
        "text": "<https:\/\/www.reddit.com\/r\/Terraform\/comments\/b42nmy\/terraform_aws_provider_1570_can_no_longer_plan\/|Terraform AWS Provider 1.57.0+ can no longer plan due to socket address error.>\nSince upgrading to Terraform AWS Provider 1.57.0+, when attempting to perform a plan I receive the error on numerous resources: post <https:\/\/ec2.eu-west-2.amazonaws.com\/:|https:\/\/ec2.eu-west-2.amazonaws.com\/:> dial tcp :443: connectex: only one usage of each socket address (protocol\/network address\/port) is normally permitted. Has anyone else experienced this? Seems to be fine in versions below 1.57.0 but happens for all versions 1.57.0 and above. \n   submitted by   &lt;a...",
        "ts": "1553244410.015200",
        "username": "Terraform ALL the Worlds!",
        "icons": {
            "image_48": "https:\/\/s3-us-west-2.amazonaws.com\/slack-files2\/bot_icons\/2019-02-12\/548785199618_48.png"
        },
        "bot_id": "BG3N7LG73",
        "attachments": [
            {
                "service_name": "reddit",
                "title": "r\/Terraform - Terraform AWS Provider 1.57.0+ can no longer plan due to socket address error.",
                "title_link": "https:\/\/www.reddit.com\/r\/Terraform\/comments\/b42nmy\/terraform_aws_provider_1570_can_no_longer_plan\/",
                "text": "0 votes and 0 comments so far on Reddit",
                "fallback": "reddit: r\/Terraform - Terraform AWS Provider 1.57.0+ can no longer plan due to socket address error.",
                "from_url": "https:\/\/www.reddit.com\/r\/Terraform\/comments\/b42nmy\/terraform_aws_provider_1570_can_no_longer_plan\/",
                "service_icon": "https:\/\/www.redditstatic.com\/desktop2x\/img\/favicon\/apple-icon-57x57.png",
                "id": 1,
                "original_url": "https:\/\/www.reddit.com\/r\/Terraform\/comments\/b42nmy\/terraform_aws_provider_1570_can_no_longer_plan\/"
            }
        ]
    },
    {
        "type": "message",
        "subtype": "bot_message",
        "text": "<https:\/\/qiita.com\/fabiiw05\/items\/e39c9e7c6279c9e074d5|【メモ】TerraForm用 CentOS 7.5 テンプレート作成 (vSphere)>\nTerraformのプロバイダーでVMware vSphereが用意されている。\n仮想マシンをテンプレートから新規に作成することができるが、ホスト名、固定IPなどをTerraformから設定するには少し準備が必要だったのでメモ。注意点としてはテンプレートを作成する前に一度「open-vm-tools」を実行させないと自動デプロイに失敗すること。\n\n\n&lt;a...",
        "ts": "1553261816.015400",
        "username": "Terraformタグが付けられた新着記事 - Qiita",
        "icons": {
            "image_36": "https:\/\/a.slack-edge.com\/66f9\/img\/services\/rss_36.png",
            "image_48": "https:\/\/a.slack-edge.com\/66f9\/img\/services\/rss_48.png",
            "image_72": "https:\/\/a.slack-edge.com\/205a\/img\/services\/rss_72.png"
        },
        "bot_id": "BG3N7LG73",
        "attachments": [
            {
                "service_name": "Qiita",
                "title": "【メモ】TerraForm用 CentOS 7.5 テンプレート作成 (vSphere) - Qiita",
                "title_link": "https:\/\/qiita.com\/fabiiw05\/items\/e39c9e7c6279c9e074d5",
                "text": "TerraformのプロバイダーでVMware vSphereが用意されている。 仮想マシンをテンプレートから新規に作成することができるが、ホスト名、固定IPなどをTerraformから設定するには少し準備が必要だったのでメモ。注意点...",
                "fallback": "Qiita: 【メモ】TerraForm用 CentOS 7.5 テンプレート作成 (vSphere) - Qiita",
                "thumb_url": "https:\/\/cdn.qiita.com\/assets\/qiita-fb-2887e7b4aad86fd8c25cea84846f2236.png",
                "from_url": "https:\/\/qiita.com\/fabiiw05\/items\/e39c9e7c6279c9e074d5",
                "thumb_width": 200,
                "thumb_height": 200,
                "service_icon": "https:\/\/cdn.qiita.com\/assets\/favicons\/public\/apple-touch-icon-f9a6afad761ec2306e10db2736187c8b.png",
                "id": 1,
                "original_url": "https:\/\/qiita.com\/fabiiw05\/items\/e39c9e7c6279c9e074d5"
            }
        ]
    },
    {
        "type": "message",
        "subtype": "bot_message",
        "text": "<https:\/\/qiita.com\/HirokiSakonju\/items\/29f1ac3cae6dbf96df48|GoogleアカウントじゃないメアドをGCPのIAMに登録しようとしたらエラーになる>\n<https:\/\/qiita.com\/#google%E3%82%A2%E3%82%AB%E3%82%A6%E3%83%B3%E3%83%88%E3%81%98%E3%82%83%E3%81%AA%E3%81%84%E3%83%A1%E3%82%A2%E3%83%89%E3%82%92gcp%E3%81%AEiam%E3%81%AB%E7%99%BB%E9%8C%B2%E3%81%97%E3%82%88%E3%81%86%E3%81%A8%E3%81%97%E3%81%9F%E3%82%89%E3%82%A8%E3%83%A9%E3%83%BC%E3%81%AB%E3%81%AA%E3%82%8B>GoogleアカウントじゃないメアドをGCPのIAMに登録しようとしたらエラーになる\n\n\n&lt;a...",
        "ts": "1553271409.015600",
        "username": "Terraformタグが付けられた新着記事 - Qiita",
        "icons": {
            "image_36": "https:\/\/a.slack-edge.com\/66f9\/img\/services\/rss_36.png",
            "image_48": "https:\/\/a.slack-edge.com\/66f9\/img\/services\/rss_48.png",
            "image_72": "https:\/\/a.slack-edge.com\/205a\/img\/services\/rss_72.png"
        },
        "bot_id": "BG3N7LG73",
        "attachments": [
            {
                "service_name": "Qiita",
                "title": "GoogleアカウントじゃないメアドをGCPのIAMに登録しようとしたらエラーになる - Qiita",
                "title_link": "https:\/\/qiita.com\/HirokiSakonju\/items\/29f1ac3cae6dbf96df48",
                "text": "# GoogleアカウントじゃないメアドをGCPのIAMに登録しようとしたらエラーになる ## はじめに Terraformでgoogleアカウント以外のアカウントをIAMに登録しようとしたら、すごく分かりづらいエラーになってハマっ...",
                "fallback": "Qiita: GoogleアカウントじゃないメアドをGCPのIAMに登録しようとしたらエラーになる - Qiita",
                "thumb_url": "https:\/\/cdn.qiita.com\/assets\/qiita-fb-2887e7b4aad86fd8c25cea84846f2236.png",
                "from_url": "https:\/\/qiita.com\/HirokiSakonju\/items\/29f1ac3cae6dbf96df48",
                "thumb_width": 200,
                "thumb_height": 200,
                "service_icon": "https:\/\/cdn.qiita.com\/assets\/favicons\/public\/apple-touch-icon-f9a6afad761ec2306e10db2736187c8b.png",
                "id": 1,
                "original_url": "https:\/\/qiita.com\/HirokiSakonju\/items\/29f1ac3cae6dbf96df48"
            },
            {
                "service_name": "Qiita",
                "title": "プログラマの技術情報共有サービス - Qiita",
                "title_link": "https:\/\/qiita.com\/#google%E3%82%A2%E3%82%AB%E3%82%A6%E3%83%B3%E3%83%88%E3%81%98%E3%82%83%E3%81%AA%E3%81%84%E3%83%A1%E3%82%A2%E3%83%89%E3%82%92gcp%E3%81%AEiam%E3%81%AB%E7%99%BB%E9%8C%B2%E3%81%97%E3%82%88%E3%81%86%E3%81%A8%E3%81%97%E3%81%9F%E3%82%89%E3%82%A8%E3%83%A9%E3%83%BC%E3%81%AB%E3%81%AA%E3%82%8B",
                "text": "Qiitaは、プログラマのための技術情報共有サービスです。 プログラミングに関するTips、ノウハウ、メモを簡単に記録 &amp; 公開することができます。",
                "fallback": "Qiita: プログラマの技術情報共有サービス - Qiita",
                "thumb_url": "https:\/\/cdn.qiita.com\/assets\/qiita-fb-2887e7b4aad86fd8c25cea84846f2236.png",
                "from_url": "https:\/\/qiita.com\/#google%E3%82%A2%E3%82%AB%E3%82%A6%E3%83%B3%E3%83%88%E3%81%98%E3%82%83%E3%81%AA%E3%81%84%E3%83%A1%E3%82%A2%E3%83%89%E3%82%92gcp%E3%81%AEiam%E3%81%AB%E7%99%BB%E9%8C%B2%E3%81%97%E3%82%88%E3%81%86%E3%81%A8%E3%81%97%E3%81%9F%E3%82%89%E3%82%A8%E3%83%A9%E3%83%BC%E3%81%AB%E3%81%AA%E3%82%8B",
                "thumb_width": 200,
                "thumb_height": 200,
                "service_icon": "https:\/\/cdn.qiita.com\/assets\/favicons\/public\/apple-touch-icon-f9a6afad761ec2306e10db2736187c8b.png",
                "id": 2,
                "original_url": "https:\/\/qiita.com\/#google%E3%82%A2%E3%82%AB%E3%82%A6%E3%83%B3%E3%83%88%E3%81%98%E3%82%83%E3%81%AA%E3%81%84%E3%83%A1%E3%82%A2%E3%83%89%E3%82%92gcp%E3%81%AEiam%E3%81%AB%E7%99%BB%E9%8C%B2%E3%81%97%E3%82%88%E3%81%86%E3%81%A8%E3%81%97%E3%81%9F%E3%82%89%E3%82%A8%E3%83%A9%E3%83%BC%E3%81%AB%E3%81%AA%E3%82%8B"
            }
        ]
    },
    {
        "type": "message",
        "subtype": "bot_message",
        "text": "<https:\/\/www.google.com\/url?rct=j&amp;sa=t&amp;url=https:\/\/codezine.jp\/article\/detail\/11441&amp;ct=ga&amp;cd=CAIyHDMwMTY1OGE1ZDI5NDAyNzE6Y28uanA6amE6SlA&amp;usg=AFQjCNGNPt2Dc9msUyS74yFxxyTbyznJCg|HashiCorp製品を駆使し、社員15人でも大規模インフラを運用！ grasysの設計方針と起業のススメ ...>\n当社もかなり使っている製品」として、長谷川氏が最初に取り上げたのは、「Terraform」である。Terraformはあらゆるパブリッククラウドやクラウドサービスの ...",
        "ts": "1553277565.015800",
        "username": "Google アラート - terraform",
        "icons": {
            "image_36": "https:\/\/a.slack-edge.com\/66f9\/img\/services\/rss_36.png",
            "image_48": "https:\/\/a.slack-edge.com\/66f9\/img\/services\/rss_48.png",
            "image_72": "https:\/\/a.slack-edge.com\/205a\/img\/services\/rss_72.png"
        },
        "bot_id": "BG3N7LG73"
    },
    {
        "type": "message",
        "subtype": "bot_message",
        "text": "<https:\/\/www.reddit.com\/r\/Terraform\/comments\/b48c6j\/snipping_characters_from_data_source\/|Snipping characters from data source>\nSo i've just found an issue with my alb configuration that by importing my DNS Zone into my module as a data source, it retains the trailing dot . this unfortunately breaks the host_path rules required. is it possible to snip a character from the output? \n   submitted by   <https:\/\/www.reddit.com\/user\/Kingtoke1| \/u\/Kingtoke1 > \n<https:\/\/www.reddit.com\/r\/Terraform\/comments\/b48c6j\/snipping_characters_from_data_source\/|[link]>   &lt;a...",
        "ts": "1553279242.015900",
        "username": "Terraform ALL the Worlds!",
        "icons": {
            "image_48": "https:\/\/s3-us-west-2.amazonaws.com\/slack-files2\/bot_icons\/2019-02-12\/548785199618_48.png"
        },
        "bot_id": "BG3N7LG73",
        "attachments": [
            {
                "service_name": "reddit",
                "title": "r\/Terraform - Snipping characters from data source",
                "title_link": "https:\/\/www.reddit.com\/r\/Terraform\/comments\/b48c6j\/snipping_characters_from_data_source\/",
                "text": "0 votes and 1 comment so far on Reddit",
                "fallback": "reddit: r\/Terraform - Snipping characters from data source",
                "from_url": "https:\/\/www.reddit.com\/r\/Terraform\/comments\/b48c6j\/snipping_characters_from_data_source\/",
                "service_icon": "https:\/\/www.redditstatic.com\/desktop2x\/img\/favicon\/apple-icon-57x57.png",
                "id": 1,
                "original_url": "https:\/\/www.reddit.com\/r\/Terraform\/comments\/b48c6j\/snipping_characters_from_data_source\/"
            },
            {
                "service_name": "reddit",
                "title": "Kingtoke1 (u\/Kingtoke1) - Reddit",
                "title_link": "https:\/\/www.reddit.com\/user\/Kingtoke1",
                "text": "u\/Kingtoke1:",
                "fallback": "reddit: Kingtoke1 (u\/Kingtoke1) - Reddit",
                "thumb_url": "https:\/\/www.redditstatic.com\/avatars\/avatar_default_05_A5A4A4.png",
                "from_url": "https:\/\/www.reddit.com\/user\/Kingtoke1",
                "thumb_width": 256,
                "thumb_height": 256,
                "service_icon": "https:\/\/www.redditstatic.com\/desktop2x\/img\/favicon\/apple-icon-57x57.png",
                "id": 2,
                "original_url": "https:\/\/www.reddit.com\/user\/Kingtoke1"
            }
        ]
    }
]