[
    {
        "client_msg_id": "08072b0c-9ee5-4962-90f4-389cb5843d30",
        "type": "message",
        "text": "<#CG1Q97RT7|tw-search-terraform> のせい（？）で日々ログが見えなくなっていくので、エクスポートしたログを\ngithub pages でダウンロードできるようにしてみました。\nページ展開はしていなくて、生jsonのままなので好きなように料理していただければ。",
        "user": "UFU0BKD8F",
        "ts": "1560016993.014200",
        "team": "TFU0BKCQP",
        "user_team": "TFU0BKCQP",
        "source_team": "TFU0BKCQP",
        "user_profile": {
            "avatar_hash": "92c41c62c7b0",
            "image_72": "https:\/\/avatars.slack-edge.com\/2019-01-30\/537137791812_92c41c62c7b0f054d3dd_72.jpg",
            "first_name": "らき",
            "real_name": "らき",
            "display_name": "raki",
            "team": "TFU0BKCQP",
            "name": "nishimuray",
            "is_restricted": false,
            "is_ultra_restricted": false
        },
        "reactions": [
            {
                "name": "heart",
                "users": [
                    "UG1QN22JZ"
                ],
                "count": 1
            }
        ]
    },
    {
        "client_msg_id": "7d5a62e7-2b11-4920-841e-0a89548c8a73",
        "type": "message",
        "text": "ついでというか、もうちょっと手軽に情報を編集管理できる機能はないかと、Notionを試してみています。\n<https:\/\/www.notion.so\/3e2fb55a23fc487f9729f7f0d44b2274>",
        "user": "UFU0BKD8F",
        "ts": "1560017070.015300",
        "team": "TFU0BKCQP",
        "user_team": "TFU0BKCQP",
        "source_team": "TFU0BKCQP",
        "user_profile": {
            "avatar_hash": "92c41c62c7b0",
            "image_72": "https:\/\/avatars.slack-edge.com\/2019-01-30\/537137791812_92c41c62c7b0f054d3dd_72.jpg",
            "first_name": "らき",
            "real_name": "らき",
            "display_name": "raki",
            "team": "TFU0BKCQP",
            "name": "nishimuray",
            "is_restricted": false,
            "is_ultra_restricted": false
        },
        "attachments": [
            {
                "service_name": "terraform-jp on Notion",
                "title": "はじめに",
                "title_link": "https:\/\/www.notion.so\/3e2fb55a23fc487f9729f7f0d44b2274",
                "text": "Terraform は HashiCorp の製品です",
                "fallback": "terraform-jp on Notion: はじめに",
                "image_url": "https:\/\/www.notion.so\/image\/https%3A%2F%2Fblog.sshn.me%2Fimages%2Fthumbnails%2Fterraform.png?table=block&id=3e2fb55a-23fc-487f-9729-f7f0d44b2274&width=510&cache=v2",
                "from_url": "https:\/\/www.notion.so\/3e2fb55a23fc487f9729f7f0d44b2274",
                "image_width": 510,
                "image_height": 199,
                "image_bytes": 18407,
                "service_icon": "https:\/\/www.notion.so\/images\/favicon.ico",
                "id": 1,
                "original_url": "https:\/\/www.notion.so\/3e2fb55a23fc487f9729f7f0d44b2274"
            }
        ]
    }
]