[
    {
        "client_msg_id": "14a8ac3d-fadb-4be0-ab78-4f7bb7249700",
        "type": "message",
        "text": "<https:\/\/github.com\/tweag\/terraform-provider-secret>",
        "user": "UGY5WMTHR",
        "ts": "1559791949.000600",
        "team": "TFU0BKCQP",
        "user_team": "TFU0BKCQP",
        "source_team": "TFU0BKCQP",
        "user_profile": {
            "avatar_hash": "gd22fcf5773b",
            "image_72": "https:\/\/secure.gravatar.com\/avatar\/ad22fcf5773b906c08330f4d57242212.jpg?s=72&d=https%3A%2F%2Fa.slack-edge.com%2Fdf10d%2Fimg%2Favatars%2Fava_0021-72.png",
            "first_name": "",
            "real_name": "inductor",
            "display_name": "inductor",
            "team": "TFU0BKCQP",
            "name": "kela",
            "is_restricted": false,
            "is_ultra_restricted": false
        },
        "attachments": [
            {
                "fallback": "tweag\/terraform-provider-secret",
                "text": "Terraform secret provider",
                "title": "tweag\/terraform-provider-secret",
                "footer": "<https:\/\/github.com\/tweag\/terraform-provider-secret|tweag\/terraform-provider-secret>",
                "id": 1,
                "ts": 1539704168,
                "color": "24292f",
                "fields": [
                    {
                        "title": "Stars",
                        "value": "19",
                        "short": true
                    },
                    {
                        "title": "Language",
                        "value": "Shell",
                        "short": true
                    }
                ],
                "mrkdwn_in": [
                    "text",
                    "fields"
                ],
                "bot_id": "BH12QQBB4",
                "app_unfurl_url": "https:\/\/github.com\/tweag\/terraform-provider-secret",
                "is_app_unfurl": true
            }
        ]
    },
    {
        "client_msg_id": "02a22112-e885-4d61-8e22-e5b8bcfdb7a8",
        "type": "message",
        "text": "これ誰か使ったことありますか？ :thinking_face:",
        "user": "UGY5WMTHR",
        "ts": "1559791957.001000",
        "team": "TFU0BKCQP",
        "user_team": "TFU0BKCQP",
        "source_team": "TFU0BKCQP",
        "user_profile": {
            "avatar_hash": "gd22fcf5773b",
            "image_72": "https:\/\/secure.gravatar.com\/avatar\/ad22fcf5773b906c08330f4d57242212.jpg?s=72&d=https%3A%2F%2Fa.slack-edge.com%2Fdf10d%2Fimg%2Favatars%2Fava_0021-72.png",
            "first_name": "",
            "real_name": "inductor",
            "display_name": "inductor",
            "team": "TFU0BKCQP",
            "name": "kela",
            "is_restricted": false,
            "is_ultra_restricted": false
        }
    },
    {
        "client_msg_id": "d0167131-7bc9-43a6-b98f-2ce2e5aa8928",
        "type": "message",
        "text": "こんなものが",
        "user": "UHS4SFFA7",
        "ts": "1559794165.001400",
        "team": "TFU0BKCQP",
        "user_team": "TFU0BKCQP",
        "source_team": "TFU0BKCQP",
        "user_profile": {
            "avatar_hash": "gade34f8bdf1",
            "image_72": "https:\/\/secure.gravatar.com\/avatar\/5ade34f8bdf1b55c4ff82c11cf23cf42.jpg?s=72&d=https%3A%2F%2Fa.slack-edge.com%2Fdf10d%2Fimg%2Favatars%2Fava_0008-72.png",
            "first_name": "",
            "real_name": "minamijoyo",
            "display_name": "minamijoyo",
            "team": "TFU0BKCQP",
            "name": "minamijoyo",
            "is_restricted": false,
            "is_ultra_restricted": false
        }
    },
    {
        "client_msg_id": "337623a8-236d-498c-b111-ce32a3b92e32",
        "type": "message",
        "text": "tfstateを暗号化してくれる君かなにかなのかなって気になって実装見たんですけど、これべつに暗号化してないような？ :thinking_face:\n<https:\/\/github.com\/tweag\/terraform-provider-secret\/blob\/master\/secret\/resource.go#L41-L46>",
        "user": "UHS4SFFA7",
        "ts": "1559794211.002300",
        "team": "TFU0BKCQP",
        "user_team": "TFU0BKCQP",
        "source_team": "TFU0BKCQP",
        "user_profile": {
            "avatar_hash": "gade34f8bdf1",
            "image_72": "https:\/\/secure.gravatar.com\/avatar\/5ade34f8bdf1b55c4ff82c11cf23cf42.jpg?s=72&d=https%3A%2F%2Fa.slack-edge.com%2Fdf10d%2Fimg%2Favatars%2Fava_0008-72.png",
            "first_name": "",
            "real_name": "minamijoyo",
            "display_name": "minamijoyo",
            "team": "TFU0BKCQP",
            "name": "minamijoyo",
            "is_restricted": false,
            "is_ultra_restricted": false
        },
        "attachments": [
            {
                "fallback": "[tweag\/terraform-provider-secret] secret\/resource.go:41-46",
                "text": "```\nfunc resourceImporter(d *schema.ResourceData, meta interface{}) ([]*schema.ResourceData, error) {\n\tvalue := d.Id()\n\td.SetId(\"-\")\n\td.Set(\"value\", value)\n\treturn []*schema.ResourceData{d}, nil\n}\n```",
                "title": "secret\/resource.go:41-46",
                "footer": "<https:\/\/github.com\/tweag\/terraform-provider-secret|tweag\/terraform-provider-secret>",
                "id": 1,
                "title_link": "https:\/\/github.com\/tweag\/terraform-provider-secret\/blob\/master\/secret\/resource.go#L41-L46",
                "color": "24292f",
                "mrkdwn_in": [
                    "text"
                ],
                "bot_id": "BH12QQBB4",
                "app_unfurl_url": "https:\/\/github.com\/tweag\/terraform-provider-secret\/blob\/master\/secret\/resource.go#L41-L46",
                "is_app_unfurl": true
            }
        ]
    },
    {
        "client_msg_id": "bef368ad-43a9-4aeb-acc4-84fa959f591c",
        "type": "message",
        "text": "単にremote_stateをKey-Valueストアとして使う的な？",
        "user": "UHS4SFFA7",
        "ts": "1559794273.002900",
        "team": "TFU0BKCQP",
        "user_team": "TFU0BKCQP",
        "source_team": "TFU0BKCQP",
        "user_profile": {
            "avatar_hash": "gade34f8bdf1",
            "image_72": "https:\/\/secure.gravatar.com\/avatar\/5ade34f8bdf1b55c4ff82c11cf23cf42.jpg?s=72&d=https%3A%2F%2Fa.slack-edge.com%2Fdf10d%2Fimg%2Favatars%2Fava_0008-72.png",
            "first_name": "",
            "real_name": "minamijoyo",
            "display_name": "minamijoyo",
            "team": "TFU0BKCQP",
            "name": "minamijoyo",
            "is_restricted": false,
            "is_ultra_restricted": false
        }
    },
    {
        "client_msg_id": "75f43a1c-e5a2-48ac-b86b-26f98ef40efb",
        "type": "message",
        "text": "tfファイル上に値をべた書きしなくて済むくらいの感じな気がしますね..w",
        "user": "UGVSWU1CY",
        "ts": "1559794932.003600",
        "team": "TFU0BKCQP",
        "user_team": "TFU0BKCQP",
        "source_team": "TFU0BKCQP",
        "user_profile": {
            "avatar_hash": "g39e3edf2690",
            "image_72": "https:\/\/secure.gravatar.com\/avatar\/e39e3edf269030f881eb1d9f90f7c411.jpg?s=72&d=https%3A%2F%2Fa.slack-edge.com%2Fdf10d%2Fimg%2Favatars%2Fava_0016-72.png",
            "first_name": "",
            "real_name": "Shinichi ISHIMURA",
            "display_name": "kamatama41",
            "team": "TFU0BKCQP",
            "name": "shiketaudonko41",
            "is_restricted": false,
            "is_ultra_restricted": false
        },
        "edited": {
            "user": "UGVSWU1CY",
            "ts": "1559794938.000000"
        }
    },
    {
        "client_msg_id": "f9c74991-0cd7-4305-bc4e-cf12623769a3",
        "type": "message",
        "text": "Optional:trueでもRequired:trueでもないComputed:trueなのでtfファイルで値を指定するのを防ぐ目的もありますね。\nimportでしか値が設定されないのでtfstateに状態を持つことを強制されると。",
        "user": "UGZHF5C9M",
        "ts": "1559795883.006700",
        "team": "TFU0BKCQP",
        "user_team": "TFU0BKCQP",
        "source_team": "TFU0BKCQP",
        "user_profile": {
            "avatar_hash": "gab9bea7e3b8",
            "image_72": "https:\/\/secure.gravatar.com\/avatar\/0ab9bea7e3b879fcf24d5f4c65c1ce9b.jpg?s=72&d=https%3A%2F%2Fa.slack-edge.com%2Fdf10d%2Fimg%2Favatars%2Fava_0023-72.png",
            "first_name": "",
            "real_name": "yamamoto-febc",
            "display_name": "",
            "team": "TFU0BKCQP",
            "name": "yamamoto.febc",
            "is_restricted": false,
            "is_ultra_restricted": false
        },
        "reactions": [
            {
                "name": "naruhodo",
                "users": [
                    "UGVSWU1CY",
                    "UHS4SFFA7"
                ],
                "count": 2
            }
        ]
    },
    {
        "client_msg_id": "39bd57a4-287c-4a67-ba91-231c1e1be798",
        "type": "message",
        "text": "golangのバージョンもまあまあ古そうなのでメンテどんだけされてるんだろうみたいなのは気になる",
        "user": "UGY5WMTHR",
        "ts": "1559797959.007300",
        "team": "TFU0BKCQP",
        "user_team": "TFU0BKCQP",
        "source_team": "TFU0BKCQP",
        "user_profile": {
            "avatar_hash": "gd22fcf5773b",
            "image_72": "https:\/\/secure.gravatar.com\/avatar\/ad22fcf5773b906c08330f4d57242212.jpg?s=72&d=https%3A%2F%2Fa.slack-edge.com%2Fdf10d%2Fimg%2Favatars%2Fava_0021-72.png",
            "first_name": "",
            "real_name": "inductor",
            "display_name": "inductor",
            "team": "TFU0BKCQP",
            "name": "kela",
            "is_restricted": false,
            "is_ultra_restricted": false
        }
    },
    {
        "client_msg_id": "c779939e-1220-4c84-8ee3-c9fa07493e95",
        "type": "message",
        "text": "この手のやつっていい感じに使えるやつValut以外になにかあるんだろうか・・・",
        "user": "UGY5WMTHR",
        "ts": "1559798297.007700",
        "team": "TFU0BKCQP",
        "user_team": "TFU0BKCQP",
        "source_team": "TFU0BKCQP",
        "user_profile": {
            "avatar_hash": "gd22fcf5773b",
            "image_72": "https:\/\/secure.gravatar.com\/avatar\/ad22fcf5773b906c08330f4d57242212.jpg?s=72&d=https%3A%2F%2Fa.slack-edge.com%2Fdf10d%2Fimg%2Favatars%2Fava_0021-72.png",
            "first_name": "",
            "real_name": "inductor",
            "display_name": "inductor",
            "team": "TFU0BKCQP",
            "name": "kela",
            "is_restricted": false,
            "is_ultra_restricted": false
        }
    }
]