[
    {
        "client_msg_id": "a216a7fc-6496-48eb-902e-07ba3b62a7c5",
        "type": "message",
        "text": "公式プロバイダいろいろいつのまにかhashicorp\/配下に移動してた\n<https:\/\/github.com\/hashicorp\/terraform-provider-aws>",
        "user": "UHS4SFFA7",
        "ts": "1604996018.010400",
        "team": "TFU0BKCQP",
        "user_team": "TFU0BKCQP",
        "source_team": "TFU0BKCQP",
        "user_profile": {
            "avatar_hash": "gade34f8bdf1",
            "image_72": "https:\/\/secure.gravatar.com\/avatar\/5ade34f8bdf1b55c4ff82c11cf23cf42.jpg?s=72&d=https%3A%2F%2Fa.slack-edge.com%2Fdf10d%2Fimg%2Favatars%2Fava_0008-72.png",
            "first_name": "",
            "real_name": "minamijoyo",
            "display_name": "minamijoyo",
            "team": "TFU0BKCQP",
            "name": "minamijoyo",
            "is_restricted": false,
            "is_ultra_restricted": false
        },
        "attachments": [
            {
                "fallback": "hashicorp\/terraform-provider-aws",
                "text": "Terraform AWS provider",
                "title": "hashicorp\/terraform-provider-aws",
                "footer": "<https:\/\/github.com\/hashicorp\/terraform-provider-aws|hashicorp\/terraform-provider-aws>",
                "id": 1,
                "footer_icon": "https:\/\/github.githubassets.com\/favicon.ico",
                "ts": 1496695072,
                "color": "24292f",
                "fields": [
                    {
                        "title": "Website",
                        "value": "<https:\/\/www.terraform.io\/docs\/providers\/aws\/>",
                        "short": true
                    },
                    {
                        "title": "Stars",
                        "value": "5002",
                        "short": true
                    }
                ],
                "mrkdwn_in": [
                    "text",
                    "fields"
                ],
                "bot_id": "BH12QQBB4",
                "app_unfurl_url": "https:\/\/github.com\/hashicorp\/terraform-provider-aws",
                "is_app_unfurl": true
            }
        ],
        "blocks": [
            {
                "type": "rich_text",
                "block_id": "PSKQr",
                "elements": [
                    {
                        "type": "rich_text_section",
                        "elements": [
                            {
                                "type": "text",
                                "text": "公式プロバイダいろいろいつのまにかhashicorp\/配下に移動してた\n"
                            },
                            {
                                "type": "link",
                                "url": "https:\/\/github.com\/hashicorp\/terraform-provider-aws"
                            }
                        ]
                    }
                ]
            }
        ],
        "reactions": [
            {
                "name": "eyes",
                "users": [
                    "UR8TR0GA3",
                    "UTMCUCTCP",
                    "UTAAXRX5E"
                ],
                "count": 3
            },
            {
                "name": "face_with_rolling_eyes",
                "users": [
                    "U01E74AL473",
                    "UGXFY0V88"
                ],
                "count": 2
            }
        ]
    }
]