[
    {
        "type": "message",
        "subtype": "bot_message",
        "text": "<https:\/\/www.reddit.com\/r\/Terraform\/comments\/xv7sp8\/s3_intelligent_tiering_archive_tier_question\/|S3 Intelligent Tiering Archive Tier Question>\nHey team, I am configuring my bucket to use intelligent tiering, but definitely do not want archive tier enabled. AWS documentation says this is optional but looking at Terraform it looks like it is required?  <https:\/\/registry.terraform.io\/providers\/hashicorp\/aws\/latest\/docs\/resources\/s3_bucket_intelligent_tiering_configuration|https:\/\/registry.terraform.io\/providers\/hashicorp\/aws\/latest\/docs\/resources\/s3_bucket_intelligent_tiering_configuration> tiering - (Required) The S3...",
        "ts": "1664867191.946949",
        "username": "Terraform",
        "icons": {
            "image_48": "https:\/\/s3-us-west-2.amazonaws.com\/slack-files2\/bot_icons\/2019-02-12\/548785199618_48.png"
        },
        "bot_id": "BG3N7LG73",
        "blocks": [
            {
                "type": "rich_text",
                "block_id": "9cc",
                "elements": [
                    {
                        "type": "rich_text_section",
                        "elements": [
                            {
                                "type": "link",
                                "url": "https:\/\/www.reddit.com\/r\/Terraform\/comments\/xv7sp8\/s3_intelligent_tiering_archive_tier_question\/",
                                "text": "S3 Intelligent Tiering Archive Tier Question"
                            },
                            {
                                "type": "text",
                                "text": "\nHey team, I am configuring my bucket to use intelligent tiering, but definitely do not want archive tier enabled. AWS documentation says this is optional but looking at Terraform it looks like it is required?  "
                            },
                            {
                                "type": "link",
                                "url": "https:\/\/registry.terraform.io\/providers\/hashicorp\/aws\/latest\/docs\/resources\/s3_bucket_intelligent_tiering_configuration"
                            },
                            {
                                "type": "text",
                                "text": " tiering - (Required) The S3..."
                            }
                        ]
                    }
                ]
            }
        ],
        "attachments": [
            {
                "from_url": "https:\/\/www.reddit.com\/r\/Terraform\/comments\/xv7sp8\/s3_intelligent_tiering_archive_tier_question\/",
                "thumb_url": "https:\/\/www.redditstatic.com\/new-icon.png",
                "thumb_width": 256,
                "thumb_height": 256,
                "service_icon": "http:\/\/www.redditstatic.com\/desktop2x\/img\/favicon\/apple-icon-57x57.png",
                "id": 1,
                "original_url": "https:\/\/www.reddit.com\/r\/Terraform\/comments\/xv7sp8\/s3_intelligent_tiering_archive_tier_question\/",
                "fallback": "reddit: S3 Intelligent Tiering Archive Tier Question",
                "text": "Hey team, I am configuring my bucket to use intelligent tiering, but definitely do not want archive tier enabled. AWS documentation says this is...",
                "title": "S3 Intelligent Tiering Archive Tier Question",
                "title_link": "https:\/\/www.reddit.com\/r\/Terraform\/comments\/xv7sp8\/s3_intelligent_tiering_archive_tier_question\/",
                "service_name": "reddit"
            }
        ],
        "edited": {
            "user": "BG3N7LG73",
            "ts": "1664867192.000000"
        }
    },
    {
        "type": "message",
        "subtype": "bot_message",
        "text": "<https:\/\/www.reddit.com\/r\/Terraform\/comments\/xvfnyz\/question_about_acm_certificate\/|Question about acm certificate>\nLong story short I'm sorta new to terraform im having a issue with my acm certificate not destroying because its not waiting for the cloudfront distribution to be completely disabled so technically the cert its still being used because it takes sometime for the cloudfront to disable. Everything is fine when I deploy my entire infrastructure. If I delete the cloudfront manually via aws console terraform destroy works with no problems. I'm assuming theres a way to tell terraform to wait for the...",
        "ts": "1664892389.851739",
        "username": "Terraform",
        "icons": {
            "image_48": "https:\/\/s3-us-west-2.amazonaws.com\/slack-files2\/bot_icons\/2019-02-12\/548785199618_48.png"
        },
        "bot_id": "BG3N7LG73",
        "blocks": [
            {
                "type": "rich_text",
                "block_id": "2d+9",
                "elements": [
                    {
                        "type": "rich_text_section",
                        "elements": [
                            {
                                "type": "link",
                                "url": "https:\/\/www.reddit.com\/r\/Terraform\/comments\/xvfnyz\/question_about_acm_certificate\/",
                                "text": "Question about acm certificate"
                            },
                            {
                                "type": "text",
                                "text": "\nLong story short I'm sorta new to terraform im having a issue with my acm certificate not destroying because its not waiting for the cloudfront distribution to be completely disabled so technically the cert its still being used because it takes sometime for the cloudfront to disable. Everything is fine when I deploy my entire infrastructure. If I delete the cloudfront manually via aws console terraform destroy works with no problems. I'm assuming theres a way to tell terraform to wait for the..."
                            }
                        ]
                    }
                ]
            }
        ],
        "attachments": [
            {
                "from_url": "https:\/\/www.reddit.com\/r\/Terraform\/comments\/xvfnyz\/question_about_acm_certificate\/",
                "thumb_url": "https:\/\/www.redditstatic.com\/new-icon.png",
                "thumb_width": 256,
                "thumb_height": 256,
                "service_icon": "http:\/\/www.redditstatic.com\/desktop2x\/img\/favicon\/apple-icon-57x57.png",
                "id": 1,
                "original_url": "https:\/\/www.reddit.com\/r\/Terraform\/comments\/xvfnyz\/question_about_acm_certificate\/",
                "fallback": "reddit: Question about acm certificate",
                "text": "Long story short I'm sorta new to terraform im having a issue with my acm certificate not destroying because its not waiting for the cloudfront...",
                "title": "Question about acm certificate",
                "title_link": "https:\/\/www.reddit.com\/r\/Terraform\/comments\/xvfnyz\/question_about_acm_certificate\/",
                "service_name": "reddit"
            }
        ],
        "edited": {
            "user": "BG3N7LG73",
            "ts": "1664892390.000000"
        }
    },
    {
        "type": "message",
        "subtype": "bot_message",
        "text": "<https:\/\/www.reddit.com\/r\/Terraform\/comments\/xvigj8\/terraform_template_files\/|Terraform: Template Files>\nHello!  I am working on the creation of masking policies in Terraform for snowflake.  I create the masking expressions using a template file and I realize that in each execution terraform tries to delete the resource and create it again even if it has no changes. This is because snowflake internally tries to format the query it receives from the template file. Is there a way to format these queries so that it doesn't take it as a change? ​ &lt;a...",
        "ts": "1664898989.592009",
        "username": "Terraform",
        "icons": {
            "image_48": "https:\/\/s3-us-west-2.amazonaws.com\/slack-files2\/bot_icons\/2019-02-12\/548785199618_48.png"
        },
        "bot_id": "BG3N7LG73",
        "blocks": [
            {
                "type": "rich_text",
                "block_id": "TvZ2",
                "elements": [
                    {
                        "type": "rich_text_section",
                        "elements": [
                            {
                                "type": "link",
                                "url": "https:\/\/www.reddit.com\/r\/Terraform\/comments\/xvigj8\/terraform_template_files\/",
                                "text": "Terraform: Template Files"
                            },
                            {
                                "type": "text",
                                "text": "\nHello!  I am working on the creation of masking policies in Terraform for snowflake.  I create the masking expressions using a template file and I realize that in each execution terraform tries to delete the resource and create it again even if it has no changes. This is because snowflake internally tries to format the query it receives from the template file. Is there a way to format these queries so that it doesn't take it as a change? ​ <a..."
                            }
                        ]
                    }
                ]
            }
        ],
        "attachments": [
            {
                "from_url": "https:\/\/www.reddit.com\/r\/Terraform\/comments\/xvigj8\/terraform_template_files\/",
                "thumb_url": "https:\/\/external-preview.redd.it\/fcesm7as7tr91.png?overlay-align=bottom,left&crop=354:151,smart&overlay-height=15p&overlay=%2Fwatermark%2Ft5_2u8e4.png%3Fs%3Dbfb326ca8735739e33a60abaf9a7c73bcb4a2134&width=354&height=151&auto=webp&s=105a4aebdaa651851b0952c14896580025e7451f",
                "thumb_width": 130,
                "thumb_height": 60,
                "service_icon": "http:\/\/www.redditstatic.com\/desktop2x\/img\/favicon\/apple-icon-57x57.png",
                "id": 1,
                "original_url": "https:\/\/www.reddit.com\/r\/Terraform\/comments\/xvigj8\/terraform_template_files\/",
                "fallback": "reddit: Terraform: Template Files",
                "text": "Posted in r\/Terraform by u\/mwilly19 • 1 point and 0 comments",
                "title": "Terraform: Template Files",
                "title_link": "https:\/\/www.reddit.com\/r\/Terraform\/comments\/xvigj8\/terraform_template_files\/",
                "service_name": "reddit"
            }
        ],
        "edited": {
            "user": "BG3N7LG73",
            "ts": "1664898990.000000"
        }
    },
    {
        "type": "message",
        "subtype": "bot_message",
        "text": "<https:\/\/www.reddit.com\/r\/Terraform\/comments\/xvm6xc\/terraform_pre_commit_hooks\/|Terraform - Pre commit hooks>\nHi! I would like to create a custom hook that validates a file in a certain way and not the one offered by terraform with the command \"terraform fmt\". Is this possible? Or maybe alter this command for certain type of files? I want to use it in a pre commit hook    submitted by   <https:\/\/www.reddit.com\/user\/mwilly19| \/u\/mwilly19 > \n<https:\/\/www.reddit.com\/r\/Terraform\/comments\/xvm6xc\/terraform_pre_commit_hooks\/|[link]>   &lt;a...",
        "ts": "1664907989.628799",
        "username": "Terraform",
        "icons": {
            "image_48": "https:\/\/s3-us-west-2.amazonaws.com\/slack-files2\/bot_icons\/2019-02-12\/548785199618_48.png"
        },
        "bot_id": "BG3N7LG73",
        "blocks": [
            {
                "type": "rich_text",
                "block_id": "FBmr",
                "elements": [
                    {
                        "type": "rich_text_section",
                        "elements": [
                            {
                                "type": "link",
                                "url": "https:\/\/www.reddit.com\/r\/Terraform\/comments\/xvm6xc\/terraform_pre_commit_hooks\/",
                                "text": "Terraform - Pre commit hooks"
                            },
                            {
                                "type": "text",
                                "text": "\nHi! I would like to create a custom hook that validates a file in a certain way and not the one offered by terraform with the command \"terraform fmt\". Is this possible? Or maybe alter this command for certain type of files? I want to use it in a pre commit hook    submitted by   "
                            },
                            {
                                "type": "link",
                                "url": "https:\/\/www.reddit.com\/user\/mwilly19",
                                "text": "\/u\/mwilly19"
                            },
                            {
                                "type": "text",
                                "text": " \n"
                            },
                            {
                                "type": "link",
                                "url": "https:\/\/www.reddit.com\/r\/Terraform\/comments\/xvm6xc\/terraform_pre_commit_hooks\/",
                                "text": "[link]"
                            },
                            {
                                "type": "text",
                                "text": "   <a..."
                            }
                        ]
                    }
                ]
            }
        ],
        "attachments": [
            {
                "from_url": "https:\/\/www.reddit.com\/r\/Terraform\/comments\/xvm6xc\/terraform_pre_commit_hooks\/",
                "thumb_url": "https:\/\/www.redditstatic.com\/new-icon.png",
                "thumb_width": 256,
                "thumb_height": 256,
                "service_icon": "http:\/\/www.redditstatic.com\/desktop2x\/img\/favicon\/apple-icon-57x57.png",
                "id": 1,
                "original_url": "https:\/\/www.reddit.com\/r\/Terraform\/comments\/xvm6xc\/terraform_pre_commit_hooks\/",
                "fallback": "reddit: Terraform - Pre commit hooks",
                "text": "Hi! I would like to create a custom hook that validates a file in a certain way and not the one offered by terraform with the command \"terraform...",
                "title": "Terraform - Pre commit hooks",
                "title_link": "https:\/\/www.reddit.com\/r\/Terraform\/comments\/xvm6xc\/terraform_pre_commit_hooks\/",
                "service_name": "reddit"
            },
            {
                "from_url": "https:\/\/www.reddit.com\/user\/mwilly19",
                "service_icon": "http:\/\/www.redditstatic.com\/desktop2x\/img\/favicon\/apple-icon-57x57.png",
                "id": 2,
                "original_url": "https:\/\/www.reddit.com\/user\/mwilly19",
                "fallback": "overview for mwilly19",
                "text": "The u\/mwilly19 community on Reddit. Reddit gives you the best of the internet in one place.",
                "title": "overview for mwilly19",
                "title_link": "https:\/\/www.reddit.com\/user\/mwilly19",
                "service_name": "reddit.com"
            }
        ],
        "edited": {
            "user": "BG3N7LG73",
            "ts": "1664907989.000000"
        }
    },
    {
        "type": "message",
        "subtype": "bot_message",
        "text": "<https:\/\/www.reddit.com\/r\/Terraform\/comments\/xvn5ye\/yet_another_postupdates_terraform_error_x509\/|Yet another post-updates terraform error: \"x509: certificate relies on legacy Common Name field, use SANs instead\">\nSo, yet another GoLang related cert error. I don't have Go installed on my mac, OR on a Debian VM that I spun up just to see if this was something on my local machine or not. The cert that it's referencing in this error most definitely DOES have SANs. It was signed by an internal Windows-based CA. What's rather confusing to me is that the version of terraform I'm running for this is actually very old - 0.13.7 - and this only recently started happening - within the past 2 weeks or so. It's a...",
        "ts": "1664910389.312719",
        "username": "Terraform",
        "icons": {
            "image_48": "https:\/\/s3-us-west-2.amazonaws.com\/slack-files2\/bot_icons\/2019-02-12\/548785199618_48.png"
        },
        "bot_id": "BG3N7LG73",
        "blocks": [
            {
                "type": "rich_text",
                "block_id": "m0z",
                "elements": [
                    {
                        "type": "rich_text_section",
                        "elements": [
                            {
                                "type": "link",
                                "url": "https:\/\/www.reddit.com\/r\/Terraform\/comments\/xvn5ye\/yet_another_postupdates_terraform_error_x509\/",
                                "text": "Yet another post-updates terraform error: \"x509: certificate relies on legacy Common Name field, use SANs instead\""
                            },
                            {
                                "type": "text",
                                "text": "\nSo, yet another GoLang related cert error. I don't have Go installed on my mac, OR on a Debian VM that I spun up just to see if this was something on my local machine or not. The cert that it's referencing in this error most definitely DOES have SANs. It was signed by an internal Windows-based CA. What's rather confusing to me is that the version of terraform I'm running for this is actually very old - 0.13.7 - and this only recently started happening - within the past 2 weeks or so. It's a..."
                            }
                        ]
                    }
                ]
            }
        ],
        "attachments": [
            {
                "from_url": "https:\/\/www.reddit.com\/r\/Terraform\/comments\/xvn5ye\/yet_another_postupdates_terraform_error_x509\/",
                "thumb_url": "https:\/\/www.redditstatic.com\/new-icon.png",
                "thumb_width": 256,
                "thumb_height": 256,
                "service_icon": "http:\/\/www.redditstatic.com\/desktop2x\/img\/favicon\/apple-icon-57x57.png",
                "id": 1,
                "original_url": "https:\/\/www.reddit.com\/r\/Terraform\/comments\/xvn5ye\/yet_another_postupdates_terraform_error_x509\/",
                "fallback": "reddit: Yet another post-updates terraform error: \"x509: certificate relies on legacy Common Name field, use SANs instead\"",
                "text": "So, yet another GoLang related cert error. I don't have Go installed on my mac, OR on a Debian VM that I spun up just to see if this was something...",
                "title": "Yet another post-updates terraform error: \"x509: certificate relies on legacy Common Name field, use SANs instead\"",
                "title_link": "https:\/\/www.reddit.com\/r\/Terraform\/comments\/xvn5ye\/yet_another_postupdates_terraform_error_x509\/",
                "service_name": "reddit"
            }
        ],
        "edited": {
            "user": "BG3N7LG73",
            "ts": "1664910389.000000"
        }
    },
    {
        "type": "message",
        "subtype": "bot_message",
        "text": "<https:\/\/www.reddit.com\/r\/Terraform\/comments\/xvpg60\/reference_output_of_for_each_loop_in_another\/|Reference Output of for_each loop in Another Resource>\nI'm trying to create multiple target groups for my nlb. In the process of creating the target groups I'm trying to avoid code repetition and using the for_each function. I have defined a locals value which contains the name, port, and health check path for my target groups. ​ locals { target-ports-param = { \"port_name\" = {port = \"80\", health_path = \"\/status\"} ... } }  ​ resource \"aws_lb_target_group\" \"my-target-group\" { for_each = local.target-ports-param name = each.key target_type =...",
        "ts": "1664915189.937839",
        "username": "Terraform",
        "icons": {
            "image_48": "https:\/\/s3-us-west-2.amazonaws.com\/slack-files2\/bot_icons\/2019-02-12\/548785199618_48.png"
        },
        "bot_id": "BG3N7LG73",
        "blocks": [
            {
                "type": "rich_text",
                "block_id": "1Yz",
                "elements": [
                    {
                        "type": "rich_text_section",
                        "elements": [
                            {
                                "type": "link",
                                "url": "https:\/\/www.reddit.com\/r\/Terraform\/comments\/xvpg60\/reference_output_of_for_each_loop_in_another\/",
                                "text": "Reference Output of for_each loop in Another Resource"
                            },
                            {
                                "type": "text",
                                "text": "\nI'm trying to create multiple target groups for my nlb. In the process of creating the target groups I'm trying to avoid code repetition and using the for_each function. I have defined a locals value which contains the name, port, and health check path for my target groups. ​ locals { target-ports-param = { \"port_name\" = {port = \"80\", health_path = \"\/status\"} ... } }  ​ resource \"aws_lb_target_group\" \"my-target-group\" { for_each = local.target-ports-param name = each.key target_type =..."
                            }
                        ]
                    }
                ]
            }
        ],
        "attachments": [
            {
                "from_url": "https:\/\/www.reddit.com\/r\/Terraform\/comments\/xvpg60\/reference_output_of_for_each_loop_in_another\/",
                "thumb_url": "https:\/\/www.redditstatic.com\/new-icon.png",
                "thumb_width": 256,
                "thumb_height": 256,
                "service_icon": "http:\/\/www.redditstatic.com\/desktop2x\/img\/favicon\/apple-icon-57x57.png",
                "id": 1,
                "original_url": "https:\/\/www.reddit.com\/r\/Terraform\/comments\/xvpg60\/reference_output_of_for_each_loop_in_another\/",
                "fallback": "reddit: Reference Output of for_each loop in Another Resource",
                "text": "I'm trying to create multiple target groups for my nlb. In the process of creating the target groups I'm trying to avoid code repetition and using...",
                "title": "Reference Output of for_each loop in Another Resource",
                "title_link": "https:\/\/www.reddit.com\/r\/Terraform\/comments\/xvpg60\/reference_output_of_for_each_loop_in_another\/",
                "service_name": "reddit"
            }
        ],
        "edited": {
            "user": "BG3N7LG73",
            "ts": "1664915190.000000"
        }
    },
    {
        "type": "message",
        "subtype": "bot_message",
        "text": "<https:\/\/www.reddit.com\/r\/Terraform\/comments\/xvwg0v\/restrict_input_of_certain_values_inside_terraform\/|Restrict input of certain values inside terraform module>\nHello, does anyone know if it's possible to restrict or check conditions inside a terraform module call?  I am currently using a module to deploy an RDS module, inside this module another submodule is called to create a security group rule. ​ The parameters to passed into the module are specified as so: ​  \"rule_1\" = { description = \"\" from_port = 22 to_port = 22 protocol = \"TCP\" cidr_blocks = [\"172.18.0.0\/16\"] source_security_group_id = null },  ​ And the code of the SG Rule module is as...",
        "ts": "1664933188.360389",
        "username": "Terraform",
        "icons": {
            "image_48": "https:\/\/s3-us-west-2.amazonaws.com\/slack-files2\/bot_icons\/2019-02-12\/548785199618_48.png"
        },
        "bot_id": "BG3N7LG73",
        "blocks": [
            {
                "type": "rich_text",
                "block_id": "x1e",
                "elements": [
                    {
                        "type": "rich_text_section",
                        "elements": [
                            {
                                "type": "link",
                                "url": "https:\/\/www.reddit.com\/r\/Terraform\/comments\/xvwg0v\/restrict_input_of_certain_values_inside_terraform\/",
                                "text": "Restrict input of certain values inside terraform module"
                            },
                            {
                                "type": "text",
                                "text": "\nHello, does anyone know if it's possible to restrict or check conditions inside a terraform module call?  I am currently using a module to deploy an RDS module, inside this module another submodule is called to create a security group rule. ​ The parameters to passed into the module are specified as so: ​  \"rule_1\" = { description = \"\" from_port = 22 to_port = 22 protocol = \"TCP\" cidr_blocks = [\"172.18.0.0\/16\"] source_security_group_id = null },  ​ And the code of the SG Rule module is as..."
                            }
                        ]
                    }
                ]
            }
        ],
        "attachments": [
            {
                "from_url": "https:\/\/www.reddit.com\/r\/Terraform\/comments\/xvwg0v\/restrict_input_of_certain_values_inside_terraform\/",
                "thumb_url": "https:\/\/www.redditstatic.com\/new-icon.png",
                "thumb_width": 256,
                "thumb_height": 256,
                "service_icon": "http:\/\/www.redditstatic.com\/desktop2x\/img\/favicon\/apple-icon-57x57.png",
                "id": 1,
                "original_url": "https:\/\/www.reddit.com\/r\/Terraform\/comments\/xvwg0v\/restrict_input_of_certain_values_inside_terraform\/",
                "fallback": "reddit: Restrict input of certain values inside terraform module",
                "text": "Hello, does anyone know if it's possible to restrict or check conditions inside a terraform module call? I am currently using a module to deploy...",
                "title": "Restrict input of certain values inside terraform module",
                "title_link": "https:\/\/www.reddit.com\/r\/Terraform\/comments\/xvwg0v\/restrict_input_of_certain_values_inside_terraform\/",
                "service_name": "reddit"
            }
        ],
        "edited": {
            "user": "BG3N7LG73",
            "ts": "1664933188.000000"
        }
    },
    {
        "type": "message",
        "subtype": "bot_message",
        "text": "<https:\/\/www.reddit.com\/r\/Terraform\/comments\/xw0zff\/create_a_graph_of_terraform_modules_being_used\/|Create a graph of terraform modules being used>\nHi, Is there a utility outside of terraform or one in built which can be used to create a simple graph of all the modules calls being invoked? Fyi: my modules are in a different repo and are called using a different repo. Thanks in advance for any tips!    submitted by   <https:\/\/www.reddit.com\/user\/IllustriousTip1238| \/u\/IllustriousTip1238 > \n<https:\/\/www.reddit.com\/r\/Terraform\/comments\/xw0zff\/create_a_graph_of_terraform_modules_being_used\/|[link]>   &lt;a...",
        "ts": "1664946389.705679",
        "username": "Terraform",
        "icons": {
            "image_48": "https:\/\/s3-us-west-2.amazonaws.com\/slack-files2\/bot_icons\/2019-02-12\/548785199618_48.png"
        },
        "bot_id": "BG3N7LG73",
        "blocks": [
            {
                "type": "rich_text",
                "block_id": "pVvI8",
                "elements": [
                    {
                        "type": "rich_text_section",
                        "elements": [
                            {
                                "type": "link",
                                "url": "https:\/\/www.reddit.com\/r\/Terraform\/comments\/xw0zff\/create_a_graph_of_terraform_modules_being_used\/",
                                "text": "Create a graph of terraform modules being used"
                            },
                            {
                                "type": "text",
                                "text": "\nHi, Is there a utility outside of terraform or one in built which can be used to create a simple graph of all the modules calls being invoked? Fyi: my modules are in a different repo and are called using a different repo. Thanks in advance for any tips!    submitted by   "
                            },
                            {
                                "type": "link",
                                "url": "https:\/\/www.reddit.com\/user\/IllustriousTip1238",
                                "text": "\/u\/IllustriousTip1238"
                            },
                            {
                                "type": "text",
                                "text": " \n"
                            },
                            {
                                "type": "link",
                                "url": "https:\/\/www.reddit.com\/r\/Terraform\/comments\/xw0zff\/create_a_graph_of_terraform_modules_being_used\/",
                                "text": "[link]"
                            },
                            {
                                "type": "text",
                                "text": "   <a..."
                            }
                        ]
                    }
                ]
            }
        ],
        "attachments": [
            {
                "from_url": "https:\/\/www.reddit.com\/r\/Terraform\/comments\/xw0zff\/create_a_graph_of_terraform_modules_being_used\/",
                "thumb_url": "https:\/\/www.redditstatic.com\/new-icon.png",
                "thumb_width": 256,
                "thumb_height": 256,
                "service_icon": "http:\/\/www.redditstatic.com\/desktop2x\/img\/favicon\/apple-icon-57x57.png",
                "id": 1,
                "original_url": "https:\/\/www.reddit.com\/r\/Terraform\/comments\/xw0zff\/create_a_graph_of_terraform_modules_being_used\/",
                "fallback": "reddit: Create a graph of terraform modules being used",
                "text": "Hi, Is there a utility outside of terraform or one in built which can be used to create a simple graph of all the modules calls being...",
                "title": "Create a graph of terraform modules being used",
                "title_link": "https:\/\/www.reddit.com\/r\/Terraform\/comments\/xw0zff\/create_a_graph_of_terraform_modules_being_used\/",
                "service_name": "reddit"
            },
            {
                "from_url": "https:\/\/www.reddit.com\/user\/IllustriousTip1238",
                "service_icon": "http:\/\/www.redditstatic.com\/desktop2x\/img\/favicon\/apple-icon-57x57.png",
                "id": 2,
                "original_url": "https:\/\/www.reddit.com\/user\/IllustriousTip1238",
                "fallback": "overview for IllustriousTip1238",
                "text": "The u\/IllustriousTip1238 community on Reddit. Reddit gives you the best of the internet in one place.",
                "title": "overview for IllustriousTip1238",
                "title_link": "https:\/\/www.reddit.com\/user\/IllustriousTip1238",
                "service_name": "reddit.com"
            }
        ],
        "edited": {
            "user": "BG3N7LG73",
            "ts": "1664946390.000000"
        }
    },
    {
        "type": "message",
        "subtype": "bot_message",
        "text": "<https:\/\/www.reddit.com\/r\/Terraform\/comments\/xw2o2v\/lab_10create_iam_user_with_terraform_how_to\/|Lab #10:Create IAM user with Terraform | How to Create IAM user in AWS u...>\nsubmitted by   <https:\/\/www.reddit.com\/user\/fosstechnix| \/u\/fosstechnix > \n<https:\/\/youtube.com\/watch?v=eLUvUAzR9w8&amp;feature=share|[link]>   <https:\/\/www.reddit.com\/r\/Terraform\/comments\/xw2o2v\/lab_10create_iam_user_with_terraform_how_to\/|[comments]>",
        "ts": "1664951188.080629",
        "username": "Terraform",
        "icons": {
            "image_48": "https:\/\/s3-us-west-2.amazonaws.com\/slack-files2\/bot_icons\/2019-02-12\/548785199618_48.png"
        },
        "bot_id": "BG3N7LG73",
        "blocks": [
            {
                "type": "rich_text",
                "block_id": "0kig",
                "elements": [
                    {
                        "type": "rich_text_section",
                        "elements": [
                            {
                                "type": "link",
                                "url": "https:\/\/www.reddit.com\/r\/Terraform\/comments\/xw2o2v\/lab_10create_iam_user_with_terraform_how_to\/",
                                "text": "Lab #10:Create IAM user with Terraform | How to Create IAM user in AWS u..."
                            },
                            {
                                "type": "text",
                                "text": "\nsubmitted by   "
                            },
                            {
                                "type": "link",
                                "url": "https:\/\/www.reddit.com\/user\/fosstechnix",
                                "text": "\/u\/fosstechnix"
                            },
                            {
                                "type": "text",
                                "text": " \n"
                            },
                            {
                                "type": "link",
                                "url": "https:\/\/youtube.com\/watch?v=eLUvUAzR9w8&amp;feature=share",
                                "text": "[link]"
                            },
                            {
                                "type": "text",
                                "text": "   "
                            },
                            {
                                "type": "link",
                                "url": "https:\/\/www.reddit.com\/r\/Terraform\/comments\/xw2o2v\/lab_10create_iam_user_with_terraform_how_to\/",
                                "text": "[comments]"
                            }
                        ]
                    }
                ]
            }
        ],
        "attachments": [
            {
                "from_url": "https:\/\/www.reddit.com\/r\/Terraform\/comments\/xw2o2v\/lab_10create_iam_user_with_terraform_how_to\/",
                "image_url": "https:\/\/i.ytimg.com\/vi\/eLUvUAzR9w8\/hqdefault.jpg",
                "image_width": 333,
                "image_height": 250,
                "image_bytes": 19055,
                "service_icon": "http:\/\/www.redditstatic.com\/desktop2x\/img\/favicon\/apple-icon-57x57.png",
                "id": 1,
                "original_url": "https:\/\/www.reddit.com\/r\/Terraform\/comments\/xw2o2v\/lab_10create_iam_user_with_terraform_how_to\/",
                "fallback": "reddit: Lab #10:Create IAM user with Terraform | How to Create IAM user in AWS u...",
                "text": "Posted in r\/Terraform by u\/fosstechnix • 1 point and 0 comments",
                "title": "Lab #10:Create IAM user with Terraform | How to Create IAM user in AWS u...",
                "title_link": "https:\/\/www.reddit.com\/r\/Terraform\/comments\/xw2o2v\/lab_10create_iam_user_with_terraform_how_to\/",
                "service_name": "reddit"
            },
            {
                "from_url": "https:\/\/www.reddit.com\/user\/fosstechnix",
                "service_icon": "http:\/\/www.redditstatic.com\/desktop2x\/img\/favicon\/apple-icon-57x57.png",
                "id": 2,
                "original_url": "https:\/\/www.reddit.com\/user\/fosstechnix",
                "fallback": "overview for fosstechnix",
                "text": "FOSS TechNix (Free ,Open Source Softwares and Technology) founded in 2019 is a community platform where you can find How-to Guides , articles and...",
                "title": "overview for fosstechnix",
                "title_link": "https:\/\/www.reddit.com\/user\/fosstechnix",
                "service_name": "reddit.com"
            },
            {
                "from_url": "https:\/\/youtube.com\/watch?v=eLUvUAzR9w8&amp;feature=share",
                "thumb_url": "https:\/\/i.ytimg.com\/vi\/eLUvUAzR9w8\/hqdefault.jpg",
                "thumb_width": 480,
                "thumb_height": 360,
                "video_html": "<iframe width=\"400\" height=\"225\" src=\"https:\/\/www.youtube.com\/embed\/eLUvUAzR9w8?feature=oembed&autoplay=1&iv_load_policy=3\" frameborder=\"0\" allow=\"accelerometer; autoplay; clipboard-write; encrypted-media; gyroscope; picture-in-picture\" allowfullscreen title=\"Lab #10:Create IAM user with Terraform | How to Create IAM user in AWS using Terraform | Terraform\"><\/iframe>",
                "video_html_width": 400,
                "video_html_height": 225,
                "service_icon": "https:\/\/a.slack-edge.com\/80588\/img\/unfurl_icons\/youtube.png",
                "id": 3,
                "original_url": "https:\/\/youtube.com\/watch?v=eLUvUAzR9w8&amp;feature=share",
                "fallback": "YouTube Video: Lab #10:Create IAM user with Terraform | How to Create IAM user in AWS using Terraform | Terraform",
                "title": "Lab #10:Create IAM user with Terraform | How to Create IAM user in AWS using Terraform | Terraform",
                "title_link": "https:\/\/youtube.com\/watch?v=eLUvUAzR9w8&amp;feature=share",
                "author_name": "DevOps Hint",
                "author_link": "https:\/\/www.youtube.com\/c\/DevOpsHint",
                "service_name": "YouTube",
                "service_url": "https:\/\/www.youtube.com\/"
            }
        ],
        "edited": {
            "user": "BG3N7LG73",
            "ts": "1664951188.000000"
        }
    }
]