[
    {
        "user": "UFUP9BGES",
        "type": "message",
        "subtype": "channel_join",
        "ts": "1549964944.001200",
        "text": "<@UFUP9BGES>さんがチャンネルに参加しました"
    },
    {
        "type": "message",
        "subtype": "bot_message",
        "text": "<https:\/\/www.reddit.com\/r\/Terraform\/comments\/aptvvp\/how_to_pass_hashicorp_vault_secretskv_passwords\/|How to pass HashiCorp Vault secrets(k\/v passwords) to Terraform EC2 instance>\nHow can we pass HashiCorp Vault secrets, k\/v username\/password and feed Terraform while its creating Ec2 instance. For example, i don't want to use in plain text variable \"myvariable\" { default = \"mypassword\" } Using token yea, but what resource should call Vault and ask for secrets which would be injected on creation time. ​ ​ \n   submitted by   <https:\/\/www.reddit.com\/user\/deking89| \/u\/deking89 > \n&lt;a...",
        "ts": "1549982243.001300",
        "username": "Terraform ALL the Worlds!",
        "icons": {
            "image_48": "https:\/\/s3-us-west-2.amazonaws.com\/slack-files2\/bot_icons\/2019-02-12\/548785199618_48.png"
        },
        "bot_id": "BG3N7LG73",
        "attachments": [
            {
                "service_name": "reddit",
                "title": "r\/Terraform - How to pass HashiCorp Vault secrets(k\/v passwords) to Terraform EC2 instance",
                "title_link": "https:\/\/www.reddit.com\/r\/Terraform\/comments\/aptvvp\/how_to_pass_hashicorp_vault_secretskv_passwords\/",
                "text": "1 vote and 0 comments so far on Reddit",
                "fallback": "reddit: r\/Terraform - How to pass HashiCorp Vault secrets(k\/v passwords) to Terraform EC2 instance",
                "from_url": "https:\/\/www.reddit.com\/r\/Terraform\/comments\/aptvvp\/how_to_pass_hashicorp_vault_secretskv_passwords\/",
                "service_icon": "https:\/\/www.redditstatic.com\/desktop2x\/img\/favicon\/apple-icon-57x57.png",
                "id": 1,
                "original_url": "https:\/\/www.reddit.com\/r\/Terraform\/comments\/aptvvp\/how_to_pass_hashicorp_vault_secretskv_passwords\/"
            },
            {
                "service_name": "reddit",
                "title": "deking89 (u\/deking89) - Reddit",
                "title_link": "https:\/\/www.reddit.com\/user\/deking89",
                "text": "u\/deking89:",
                "fallback": "reddit: deking89 (u\/deking89) - Reddit",
                "thumb_url": "https:\/\/www.redditstatic.com\/avatars\/avatar_default_06_A5A4A4.png",
                "from_url": "https:\/\/www.reddit.com\/user\/deking89",
                "thumb_width": 256,
                "thumb_height": 256,
                "service_icon": "https:\/\/www.redditstatic.com\/desktop2x\/img\/favicon\/apple-icon-57x57.png",
                "id": 2,
                "original_url": "https:\/\/www.reddit.com\/user\/deking89"
            }
        ]
    },
    {
        "type": "message",
        "subtype": "bot_message",
        "text": "<https:\/\/www.reddit.com\/r\/Terraform\/comments\/apvwkg\/question_about_using_variables_in_tf\/|Question about using variables in TF>\nHI all, I recently started learning TF for Azure (So much better than .json and ARM FTW!) and am having a bit of trouble with passing variables. I've got my client_id, client_secret etc loaded into my local server as env variables using the \"TF_VAR_client_id\" as name and my actual id as value (for all the 4 required credentials). My <https:\/\/main.tf\/|main.tf> script looks to be set up correctly - but when I run \"plan\" it keeps asking me to input the variables manually? I'm using...",
        "ts": "1549993333.001500",
        "username": "Terraform ALL the Worlds!",
        "icons": {
            "image_48": "https:\/\/s3-us-west-2.amazonaws.com\/slack-files2\/bot_icons\/2019-02-12\/548785199618_48.png"
        },
        "bot_id": "BG3N7LG73",
        "attachments": [
            {
                "service_name": "reddit",
                "title": "r\/Terraform - Question about using variables in TF",
                "title_link": "https:\/\/www.reddit.com\/r\/Terraform\/comments\/apvwkg\/question_about_using_variables_in_tf\/",
                "text": "1 vote and 0 comments so far on Reddit",
                "fallback": "reddit: r\/Terraform - Question about using variables in TF",
                "from_url": "https:\/\/www.reddit.com\/r\/Terraform\/comments\/apvwkg\/question_about_using_variables_in_tf\/",
                "service_icon": "https:\/\/www.redditstatic.com\/desktop2x\/img\/favicon\/apple-icon-57x57.png",
                "id": 1,
                "original_url": "https:\/\/www.reddit.com\/r\/Terraform\/comments\/apvwkg\/question_about_using_variables_in_tf\/"
            }
        ]
    },
    {
        "type": "message",
        "subtype": "bot_message",
        "text": "<https:\/\/www.reddit.com\/r\/Terraform\/comments\/apzdhg\/how_to_split_a_list_of_strings\/|How to split a list of strings?>\nSay I have a list of strings, for a simple example let's say: [ \"example:1\", \"example:2\", \"example:3\" ]  What I want is a new list that looks like: [ \"1\", \"2\", \"3\" ]  Is there a clever way to combine maybe formatlist() and split() to achieve this? \n   submitted by   <https:\/\/www.reddit.com\/user\/derprondo| \/u\/derprondo > \n<https:\/\/www.reddit.com\/r\/Terraform\/comments\/apzdhg\/how_to_split_a_list_of_strings\/|[link]>   &lt;a...",
        "ts": "1550012537.001700",
        "username": "Terraform ALL the Worlds!",
        "icons": {
            "image_48": "https:\/\/s3-us-west-2.amazonaws.com\/slack-files2\/bot_icons\/2019-02-12\/548785199618_48.png"
        },
        "bot_id": "BG3N7LG73",
        "attachments": [
            {
                "service_name": "reddit",
                "title": "r\/Terraform - How to split a list of strings?",
                "title_link": "https:\/\/www.reddit.com\/r\/Terraform\/comments\/apzdhg\/how_to_split_a_list_of_strings\/",
                "text": "1 vote and 0 comments so far on Reddit",
                "fallback": "reddit: r\/Terraform - How to split a list of strings?",
                "from_url": "https:\/\/www.reddit.com\/r\/Terraform\/comments\/apzdhg\/how_to_split_a_list_of_strings\/",
                "service_icon": "https:\/\/www.redditstatic.com\/desktop2x\/img\/favicon\/apple-icon-57x57.png",
                "id": 1,
                "original_url": "https:\/\/www.reddit.com\/r\/Terraform\/comments\/apzdhg\/how_to_split_a_list_of_strings\/"
            },
            {
                "service_name": "reddit",
                "title": "derprondo (u\/derprondo) - Reddit",
                "title_link": "https:\/\/www.reddit.com\/user\/derprondo",
                "text": "u\/derprondo:",
                "fallback": "reddit: derprondo (u\/derprondo) - Reddit",
                "thumb_url": "https:\/\/www.redditstatic.com\/avatars\/avatar_default_06_7193FF.png",
                "from_url": "https:\/\/www.reddit.com\/user\/derprondo",
                "thumb_width": 256,
                "thumb_height": 256,
                "service_icon": "https:\/\/www.redditstatic.com\/desktop2x\/img\/favicon\/apple-icon-57x57.png",
                "id": 2,
                "original_url": "https:\/\/www.reddit.com\/user\/derprondo"
            }
        ]
    }
]