[
    {
        "type": "message",
        "subtype": "bot_message",
        "text": "<https:\/\/www.reddit.com\/r\/Terraform\/comments\/as8gvc\/tf_script_for_gcp\/|TF script for GCP>\nHi, I'm new to Terraform and have been tasked to use it to build some infrastructure in GCP. It's all going well so far but now I need to run some 'provisioner \"remote-exec\"' stuff, and it's not connecting to the VM. I'm reading through <https:\/\/www.terraform.io\/docs\/providers\/google\/getting_started.html|https:\/\/www.terraform.io\/docs\/providers\/google\/getting_started.html> and have the following within my TF file: resource \"google_compute_network\" \"vpc_network\" { name =...",
        "ts": "1550567832.004700",
        "username": "Terraform ALL the Worlds!",
        "icons": {
            "image_48": "https:\/\/s3-us-west-2.amazonaws.com\/slack-files2\/bot_icons\/2019-02-12\/548785199618_48.png"
        },
        "bot_id": "BG3N7LG73",
        "attachments": [
            {
                "service_name": "reddit",
                "title": "r\/Terraform - TF script for GCP",
                "title_link": "https:\/\/www.reddit.com\/r\/Terraform\/comments\/as8gvc\/tf_script_for_gcp\/",
                "text": "1 vote and 0 comments so far on Reddit",
                "fallback": "reddit: r\/Terraform - TF script for GCP",
                "thumb_url": "https:\/\/external-preview.redd.it\/Dvd5dZ9RGhqMGb8dt3VbWVno987LLHRUV_L5lGMGg6g.jpg?auto=webp&s=41c193487518f5d0e4dc0ff1cf3c9034d100a1d0",
                "from_url": "https:\/\/www.reddit.com\/r\/Terraform\/comments\/as8gvc\/tf_script_for_gcp\/",
                "thumb_width": 192,
                "thumb_height": 192,
                "service_icon": "https:\/\/www.redditstatic.com\/desktop2x\/img\/favicon\/apple-icon-57x57.png",
                "id": 1,
                "original_url": "https:\/\/www.reddit.com\/r\/Terraform\/comments\/as8gvc\/tf_script_for_gcp\/"
            },
            {
                "service_name": "Terraform by HashiCorp",
                "title": "Getting Started with the Google provider - Terraform by HashiCorp",
                "title_link": "https:\/\/www.terraform.io\/docs\/providers\/google\/getting_started.html",
                "text": "Getting started with the Google Cloud Platform provider",
                "fallback": "Terraform by HashiCorp: Getting Started with the Google provider - Terraform by HashiCorp",
                "thumb_url": "https:\/\/www.terraform.io\/assets\/images\/og-image-f5bbc98c.png",
                "from_url": "https:\/\/www.terraform.io\/docs\/providers\/google\/getting_started.html",
                "thumb_width": 192,
                "thumb_height": 192,
                "service_icon": "https:\/\/www.terraform.io\/assets\/images\/favicons\/apple-touch-icon-13180a24.png",
                "id": 2,
                "original_url": "https:\/\/www.terraform.io\/docs\/providers\/google\/getting_started.html"
            }
        ]
    },
    {
        "type": "message",
        "subtype": "bot_message",
        "text": "<https:\/\/www.reddit.com\/r\/Terraform\/comments\/as8trl\/creating_an_app_service_plan_for_linux_on_azure\/|Creating an App Service Plan for Linux on Azure not possible at the moment?>\nHi, I want to setup an App Service Plan on Azure and stumble upon this bug: <https:\/\/github.com\/terraform-providers\/terraform-provider-azurerm\/issues\/1981|https:\/\/github.com\/terraform-providers\/terraform-provider-azurerm\/issues\/1981> As the second comment mentioned there should be a workaround by not setting the reserved property. Till this moment I never heard of the property and found out that you can reserved specific resources to save money: &lt;a...",
        "ts": "1550571124.004900",
        "username": "Terraform ALL the Worlds!",
        "icons": {
            "image_48": "https:\/\/s3-us-west-2.amazonaws.com\/slack-files2\/bot_icons\/2019-02-12\/548785199618_48.png"
        },
        "bot_id": "BG3N7LG73",
        "attachments": [
            {
                "service_name": "reddit",
                "title": "r\/Terraform - Creating an App Service Plan for Linux on Azure not possible at the moment?",
                "title_link": "https:\/\/www.reddit.com\/r\/Terraform\/comments\/as8trl\/creating_an_app_service_plan_for_linux_on_azure\/",
                "text": "1 vote and 0 comments so far on Reddit",
                "fallback": "reddit: r\/Terraform - Creating an App Service Plan for Linux on Azure not possible at the moment?",
                "thumb_url": "https:\/\/external-preview.redd.it\/LH9XE9qpN4X2RKnma0QDld8EXIuL9kPmsrdORp1cfHA.jpg?auto=webp&s=a43bf063da0f33cbf4afe25456da54d4d2bd2e24",
                "from_url": "https:\/\/www.reddit.com\/r\/Terraform\/comments\/as8trl\/creating_an_app_service_plan_for_linux_on_azure\/",
                "thumb_width": 400,
                "thumb_height": 400,
                "service_icon": "https:\/\/www.redditstatic.com\/desktop2x\/img\/favicon\/apple-icon-57x57.png",
                "id": 1,
                "original_url": "https:\/\/www.reddit.com\/r\/Terraform\/comments\/as8trl\/creating_an_app_service_plan_for_linux_on_azure\/"
            },
            {
                "service_name": "GitHub",
                "title": "creating  azurerm_app_service_plan returned an error. Status= · Issue #1981 · terraform-providers\/terraform-provider-azurerm",
                "title_link": "https:\/\/github.com\/terraform-providers\/terraform-provider-azurerm\/issues\/1981",
                "text": "Terraform Version Terraform v0.11.8 provider.azurerm v1.14.0 Affected Resource(s) azurerm_app_service_plan azurerm_app_service Terraform Configuration Files resource &amp;quot;azurerm_app_service_plan&amp;...",
                "fallback": "GitHub: creating  azurerm_app_service_plan returned an error. Status= · Issue #1981 · terraform-providers\/terraform-provider-azurerm",
                "from_url": "https:\/\/github.com\/terraform-providers\/terraform-provider-azurerm\/issues\/1981",
                "thumb_url": "https:\/\/avatars2.githubusercontent.com\/u\/4170605?s=400&v=4",
                "thumb_width": 250,
                "thumb_height": 250,
                "service_icon": "https:\/\/a.slack-edge.com\/bfaba\/img\/unfurl_icons\/github.png",
                "id": 2,
                "original_url": "https:\/\/github.com\/terraform-providers\/terraform-provider-azurerm\/issues\/1981"
            }
        ]
    },
    {
        "type": "message",
        "subtype": "bot_message",
        "text": "<https:\/\/www.reddit.com\/r\/Terraform\/comments\/as9vaq\/possible_to_use_locals_with_count\/|Possible to use locals with count?>\nHello all,  ​ If I have a locals block that looks like this: locals { subnet_ids = \"${aws_subnet.vpc_subnets.*.id}\" } ​ Can I do the following: resource \"aws_ami\" \"ami_web\" { count = \"${length(local.subnet_ids)}\" ami =\"ami-0ac019f4fcb7cb7e6\" instance__type = \"t2.micro\" subnet_id = \"${element(local.subnet_ids,count.index)}\" } ​ So far I can't get this to work as I believe that terraform doesn't interpret the count line properly. If this doesn't work, does anyone know a good workaround?...",
        "ts": "1550579518.005100",
        "username": "Terraform ALL the Worlds!",
        "icons": {
            "image_48": "https:\/\/s3-us-west-2.amazonaws.com\/slack-files2\/bot_icons\/2019-02-12\/548785199618_48.png"
        },
        "bot_id": "BG3N7LG73",
        "attachments": [
            {
                "service_name": "reddit",
                "title": "r\/Terraform - Possible to use locals with count?",
                "title_link": "https:\/\/www.reddit.com\/r\/Terraform\/comments\/as9vaq\/possible_to_use_locals_with_count\/",
                "text": "1 vote and 0 comments so far on Reddit",
                "fallback": "reddit: r\/Terraform - Possible to use locals with count?",
                "from_url": "https:\/\/www.reddit.com\/r\/Terraform\/comments\/as9vaq\/possible_to_use_locals_with_count\/",
                "service_icon": "https:\/\/www.redditstatic.com\/desktop2x\/img\/favicon\/apple-icon-57x57.png",
                "id": 1,
                "original_url": "https:\/\/www.reddit.com\/r\/Terraform\/comments\/as9vaq\/possible_to_use_locals_with_count\/"
            }
        ]
    },
    {
        "type": "message",
        "subtype": "bot_message",
        "text": "<https:\/\/www.reddit.com\/r\/Terraform\/comments\/asafde\/google_compute_network_legacy_mode\/|Google Compute Network Legacy Mode>\n* google_compute_subnetwork.public: Error creating Subnetwork: googleapi: Error 400: Invalid value for field '<https:\/\/resource.network\/|resource.network>': 'projects\/project_name\/global\/networks\/infrastructure-vpc'. A VPC Network instead of Legacy Network must be specified for Subnetwork creation., invalid ​ does anyone know how to not create a legacy network? the documentation is poor on this page..  resource \"google_compute_network\" \"network\" {\nname =...",
        "ts": "1550583728.005300",
        "username": "Terraform ALL the Worlds!",
        "icons": {
            "image_48": "https:\/\/s3-us-west-2.amazonaws.com\/slack-files2\/bot_icons\/2019-02-12\/548785199618_48.png"
        },
        "bot_id": "BG3N7LG73",
        "attachments": [
            {
                "service_name": "reddit",
                "title": "r\/Terraform - Google Compute Network Legacy Mode",
                "title_link": "https:\/\/www.reddit.com\/r\/Terraform\/comments\/asafde\/google_compute_network_legacy_mode\/",
                "text": "1 vote and 0 comments so far on Reddit",
                "fallback": "reddit: r\/Terraform - Google Compute Network Legacy Mode",
                "from_url": "https:\/\/www.reddit.com\/r\/Terraform\/comments\/asafde\/google_compute_network_legacy_mode\/",
                "service_icon": "https:\/\/www.redditstatic.com\/desktop2x\/img\/favicon\/apple-icon-57x57.png",
                "id": 1,
                "original_url": "https:\/\/www.reddit.com\/r\/Terraform\/comments\/asafde\/google_compute_network_legacy_mode\/"
            }
        ]
    },
    {
        "type": "message",
        "subtype": "bot_message",
        "text": "<https:\/\/www.reddit.com\/r\/Terraform\/comments\/asc9fn\/aws_cloudwatch_log_metric_filters_namespaces\/|AWS CloudWatch Log Metric Filters -- Namespaces?>\nHey All - I am putting a stack together for a VPC and all of the fun stuff that would come with it. I am creating Flow Logs, but I also want to pass a Log Metric Filter to Create alarms off with. My latest iteration was able to be Applied correctly, but, I cannot find the Filter and am not sure if I totally screwed the pooch on creation. Here is my log_metric_filter for SSH Bruterforce attempts resource \"aws_cloudwatch_log_group\" \"flow-cwl\" { name = \"MainVPC-VPCFlowLogsCWLGroup\" } resource...",
        "ts": "1550594536.005500",
        "username": "Terraform ALL the Worlds!",
        "icons": {
            "image_48": "https:\/\/s3-us-west-2.amazonaws.com\/slack-files2\/bot_icons\/2019-02-12\/548785199618_48.png"
        },
        "bot_id": "BG3N7LG73",
        "attachments": [
            {
                "service_name": "reddit",
                "title": "r\/Terraform - AWS CloudWatch Log Metric Filters -- Namespaces?",
                "title_link": "https:\/\/www.reddit.com\/r\/Terraform\/comments\/asc9fn\/aws_cloudwatch_log_metric_filters_namespaces\/",
                "text": "1 vote and 0 comments so far on Reddit",
                "fallback": "reddit: r\/Terraform - AWS CloudWatch Log Metric Filters -- Namespaces?",
                "from_url": "https:\/\/www.reddit.com\/r\/Terraform\/comments\/asc9fn\/aws_cloudwatch_log_metric_filters_namespaces\/",
                "service_icon": "https:\/\/www.redditstatic.com\/desktop2x\/img\/favicon\/apple-icon-57x57.png",
                "id": 1,
                "original_url": "https:\/\/www.reddit.com\/r\/Terraform\/comments\/asc9fn\/aws_cloudwatch_log_metric_filters_namespaces\/"
            }
        ]
    },
    {
        "type": "message",
        "subtype": "bot_message",
        "text": "<https:\/\/www.reddit.com\/r\/Terraform\/comments\/ascmte\/terraform_modules\/|Terraform modules>\nHello everyone, ​ I would like to share my Terraform modules with subscribers. If you are interested at those modules, see them here: <https:\/\/github.com\/sebastianua\/terraform|https:\/\/github.com\/sebastianua\/terraform> ​ I have been writing Terraform modules for AWS, GCP and CloudFlare services. In future, I want to write modules for Azure.  Please let me know what do you think about the modules. Who wants to join to me, welcome :) ​ \n   submitted by   &lt;a...",
        "ts": "1550596629.005700",
        "username": "Terraform ALL the Worlds!",
        "icons": {
            "image_48": "https:\/\/s3-us-west-2.amazonaws.com\/slack-files2\/bot_icons\/2019-02-12\/548785199618_48.png"
        },
        "bot_id": "BG3N7LG73",
        "attachments": [
            {
                "service_name": "reddit",
                "title": "r\/Terraform - Terraform modules",
                "title_link": "https:\/\/www.reddit.com\/r\/Terraform\/comments\/ascmte\/terraform_modules\/",
                "text": "1 vote and 0 comments so far on Reddit",
                "fallback": "reddit: r\/Terraform - Terraform modules",
                "thumb_url": "https:\/\/external-preview.redd.it\/tG9k79c7ok_grmvsu8IZHrKM_1zv2rAzVh-g65lRxgQ.jpg?auto=webp&s=3934d06ba1ca5d3e8378c543f4e04871cfaa5157",
                "from_url": "https:\/\/www.reddit.com\/r\/Terraform\/comments\/ascmte\/terraform_modules\/",
                "thumb_width": 200,
                "thumb_height": 200,
                "service_icon": "https:\/\/www.redditstatic.com\/desktop2x\/img\/favicon\/apple-icon-57x57.png",
                "id": 1,
                "original_url": "https:\/\/www.reddit.com\/r\/Terraform\/comments\/ascmte\/terraform_modules\/"
            },
            {
                "service_name": "GitHub",
                "title": "SebastianUA\/terraform",
                "title_link": "https:\/\/github.com\/sebastianua\/terraform",
                "text": "work with terraform. Contribute to SebastianUA\/terraform development by creating an account on GitHub.",
                "fallback": "GitHub: SebastianUA\/terraform",
                "from_url": "https:\/\/github.com\/sebastianua\/terraform",
                "thumb_url": "https:\/\/avatars0.githubusercontent.com\/u\/4106411?s=400&v=4",
                "thumb_width": 200,
                "thumb_height": 200,
                "service_icon": "https:\/\/a.slack-edge.com\/bfaba\/img\/unfurl_icons\/github.png",
                "id": 2,
                "original_url": "https:\/\/github.com\/sebastianua\/terraform"
            }
        ]
    },
    {
        "type": "message",
        "subtype": "bot_message",
        "text": "<https:\/\/www.reddit.com\/r\/Terraform\/comments\/asdlfi\/db_option_group_to_connect_to_easticache_memcache\/|DB Option Group to Connect to Easticache Memcache Cluster>\nI have a MYSQL DB Snapshot I am restoring to a newly created RDS instance. That works. I also have a memcache elasticache cluster that I am creating which should work with the newly created RDS instance. That is able to be created. Now how to connect them together in Terraform?  Option groups seem to be the way to do this.  Trying to come up with the name\/value pairs I need to connect a new RDS restore to a new elasticache memcache cluster. I am not finding a whole lot of documentation of...",
        "ts": "1550601136.005900",
        "username": "Terraform ALL the Worlds!",
        "icons": {
            "image_48": "https:\/\/s3-us-west-2.amazonaws.com\/slack-files2\/bot_icons\/2019-02-12\/548785199618_48.png"
        },
        "bot_id": "BG3N7LG73",
        "attachments": [
            {
                "service_name": "reddit",
                "title": "r\/Terraform - DB Option Group to Connect to Easticache Memcache Cluster",
                "title_link": "https:\/\/www.reddit.com\/r\/Terraform\/comments\/asdlfi\/db_option_group_to_connect_to_easticache_memcache\/",
                "text": "1 vote and 0 comments so far on Reddit",
                "fallback": "reddit: r\/Terraform - DB Option Group to Connect to Easticache Memcache Cluster",
                "from_url": "https:\/\/www.reddit.com\/r\/Terraform\/comments\/asdlfi\/db_option_group_to_connect_to_easticache_memcache\/",
                "service_icon": "https:\/\/www.redditstatic.com\/desktop2x\/img\/favicon\/apple-icon-57x57.png",
                "id": 1,
                "original_url": "https:\/\/www.reddit.com\/r\/Terraform\/comments\/asdlfi\/db_option_group_to_connect_to_easticache_memcache\/"
            }
        ]
    },
    {
        "type": "message",
        "subtype": "bot_message",
        "text": "<https:\/\/www.reddit.com\/r\/Terraform\/comments\/asepww\/vault_as_a_windows_service\/|Vault as a Windows Service>\nI've used sc.exe to create a Windows service: Sc create \"vault\" binPath= c:\\vault server -config c:\\config.hcl The service fails to start with \"error 1053: the service did not respond to the start or control request in a timely fashion\" Hashicorp has steps to run Consul as a Windows service, not Vault. Is this possible? Thanks \n   submitted by   <https:\/\/www.reddit.com\/user\/e5ORKW| \/u\/e5ORKW > \n&lt;a...",
        "ts": "1550607736.006100",
        "username": "Terraform ALL the Worlds!",
        "icons": {
            "image_48": "https:\/\/s3-us-west-2.amazonaws.com\/slack-files2\/bot_icons\/2019-02-12\/548785199618_48.png"
        },
        "bot_id": "BG3N7LG73",
        "attachments": [
            {
                "service_name": "reddit",
                "title": "r\/Terraform - Vault as a Windows Service",
                "title_link": "https:\/\/www.reddit.com\/r\/Terraform\/comments\/asepww\/vault_as_a_windows_service\/",
                "text": "1 vote and 0 comments so far on Reddit",
                "fallback": "reddit: r\/Terraform - Vault as a Windows Service",
                "from_url": "https:\/\/www.reddit.com\/r\/Terraform\/comments\/asepww\/vault_as_a_windows_service\/",
                "service_icon": "https:\/\/www.redditstatic.com\/desktop2x\/img\/favicon\/apple-icon-57x57.png",
                "id": 1,
                "original_url": "https:\/\/www.reddit.com\/r\/Terraform\/comments\/asepww\/vault_as_a_windows_service\/"
            },
            {
                "service_name": "reddit",
                "title": "e5ORKW (u\/e5ORKW) - Reddit",
                "title_link": "https:\/\/www.reddit.com\/user\/e5ORKW",
                "text": "u\/e5ORKW:",
                "fallback": "reddit: e5ORKW (u\/e5ORKW) - Reddit",
                "thumb_url": "https:\/\/www.redditstatic.com\/avatars\/avatar_default_01_EA0027.png",
                "from_url": "https:\/\/www.reddit.com\/user\/e5ORKW",
                "thumb_width": 256,
                "thumb_height": 256,
                "service_icon": "https:\/\/www.redditstatic.com\/desktop2x\/img\/favicon\/apple-icon-57x57.png",
                "id": 2,
                "original_url": "https:\/\/www.reddit.com\/user\/e5ORKW"
            }
        ]
    },
    {
        "type": "message",
        "subtype": "bot_message",
        "text": "<https:\/\/www.reddit.com\/r\/Terraform\/comments\/asf9ne\/a_couple_of_terraform_ignition_provider_based\/|A couple of terraform ignition provider based modules that might be helpful for coreos users>\nI wrote these 2 modules recently, might be helpful to others: \n\n<https:\/\/registry.terraform.io\/modules\/captn3m0\/docker-api\/ignition\/1.0.3|docker-api>. Brings up a docker-daemon with proper authentication using Ignition.  \n<https:\/\/registry.terraform.io\/modules\/captn3m0\/github-team-ssh-users\/ignition\/1.0.0|github-team-ssh-users>. Sets up SSH access for all users in a github team. \nIgnition supports merging multiple configurations so you can append the output of these as...",
        "ts": "1550609841.006300",
        "username": "Terraform ALL the Worlds!",
        "icons": {
            "image_48": "https:\/\/s3-us-west-2.amazonaws.com\/slack-files2\/bot_icons\/2019-02-12\/548785199618_48.png"
        },
        "bot_id": "BG3N7LG73",
        "attachments": [
            {
                "service_name": "reddit",
                "title": "r\/Terraform - A couple of terraform ignition provider based modules that might be helpful for coreos users",
                "title_link": "https:\/\/www.reddit.com\/r\/Terraform\/comments\/asf9ne\/a_couple_of_terraform_ignition_provider_based\/",
                "text": "1 vote and 0 comments so far on Reddit",
                "fallback": "reddit: r\/Terraform - A couple of terraform ignition provider based modules that might be helpful for coreos users",
                "from_url": "https:\/\/www.reddit.com\/r\/Terraform\/comments\/asf9ne\/a_couple_of_terraform_ignition_provider_based\/",
                "service_icon": "https:\/\/www.redditstatic.com\/desktop2x\/img\/favicon\/apple-icon-57x57.png",
                "id": 1,
                "original_url": "https:\/\/www.reddit.com\/r\/Terraform\/comments\/asf9ne\/a_couple_of_terraform_ignition_provider_based\/"
            }
        ]
    },
    {
        "type": "message",
        "subtype": "bot_message",
        "text": "<https:\/\/qiita.com\/mgoldchild\/items\/92171a2262ce1a1e67c9|Terraform備忘録>\n雑メモ\n\n\n<https:\/\/qiita.com\/#hcl-syntax>HCL syntax\n\nref <https:\/\/www.terraform.io\/docs\/configuration\/syntax.html|https:\/\/www.terraform.io\/docs\/configuration\/syntax.html>\n\n\n<https:\/\/qiita.com\/#%E3%83%AA%E3%82%BD%E3%83%BC%E3%82%B9>リソース\n\nresource \"\" \"\" {}...",
        "ts": "1550637119.006500",
        "username": "Terraformタグが付けられた新着記事 - Qiita",
        "icons": {
            "image_36": "https:\/\/a.slack-edge.com\/66f9\/img\/services\/rss_36.png",
            "image_48": "https:\/\/a.slack-edge.com\/66f9\/img\/services\/rss_48.png",
            "image_72": "https:\/\/a.slack-edge.com\/205a\/img\/services\/rss_72.png"
        },
        "bot_id": "BG3N7LG73",
        "attachments": [
            {
                "service_name": "Qiita",
                "title": "プログラマの技術情報共有サービス - Qiita",
                "title_link": "https:\/\/qiita.com\/#hcl-syntax",
                "text": "Qiitaは、プログラマのための技術情報共有サービスです。 プログラミングに関するTips、ノウハウ、メモを簡単に記録 &amp; 公開することができます。",
                "fallback": "Qiita: プログラマの技術情報共有サービス - Qiita",
                "thumb_url": "https:\/\/cdn.qiita.com\/assets\/qiita-fb-2887e7b4aad86fd8c25cea84846f2236.png",
                "from_url": "https:\/\/qiita.com\/#hcl-syntax",
                "thumb_width": 200,
                "thumb_height": 200,
                "service_icon": "https:\/\/cdn.qiita.com\/assets\/favicons\/public\/apple-touch-icon-f9a6afad761ec2306e10db2736187c8b.png",
                "id": 1,
                "original_url": "https:\/\/qiita.com\/#hcl-syntax"
            },
            {
                "service_name": "Terraform by HashiCorp",
                "title": "Configuration Syntax - Terraform by HashiCorp",
                "title_link": "https:\/\/www.terraform.io\/docs\/configuration\/syntax.html",
                "text": "The syntax of Terraform configurations is custom. It is meant to strike a balance between human readable and editable as well as being machine-friendly. For machine-friendliness, Terraform can also read JSON configurations. For general Terraform configurations, however, we recommend using the Terraform syntax.",
                "fallback": "Terraform by HashiCorp: Configuration Syntax - Terraform by HashiCorp",
                "thumb_url": "https:\/\/www.terraform.io\/assets\/images\/og-image-f5bbc98c.png",
                "from_url": "https:\/\/www.terraform.io\/docs\/configuration\/syntax.html",
                "thumb_width": 192,
                "thumb_height": 192,
                "service_icon": "https:\/\/www.terraform.io\/assets\/images\/favicons\/apple-touch-icon-13180a24.png",
                "id": 2,
                "original_url": "https:\/\/www.terraform.io\/docs\/configuration\/syntax.html"
            },
            {
                "service_name": "Qiita",
                "title": "プログラマの技術情報共有サービス - Qiita",
                "title_link": "https:\/\/qiita.com\/#%E3%83%AA%E3%82%BD%E3%83%BC%E3%82%B9",
                "text": "Qiitaは、プログラマのための技術情報共有サービスです。 プログラミングに関するTips、ノウハウ、メモを簡単に記録 &amp; 公開することができます。",
                "fallback": "Qiita: プログラマの技術情報共有サービス - Qiita",
                "thumb_url": "https:\/\/cdn.qiita.com\/assets\/qiita-fb-2887e7b4aad86fd8c25cea84846f2236.png",
                "from_url": "https:\/\/qiita.com\/#%E3%83%AA%E3%82%BD%E3%83%BC%E3%82%B9",
                "thumb_width": 200,
                "thumb_height": 200,
                "service_icon": "https:\/\/cdn.qiita.com\/assets\/favicons\/public\/apple-touch-icon-f9a6afad761ec2306e10db2736187c8b.png",
                "id": 3,
                "original_url": "https:\/\/qiita.com\/#%E3%83%AA%E3%82%BD%E3%83%BC%E3%82%B9"
            }
        ]
    }
]