[
    {
        "type": "message",
        "subtype": "bot_message",
        "text": "<https:\/\/www.reddit.com\/r\/Terraform\/comments\/aqoppt\/getting_a_list_of_aws_iam_roles\/|Getting a list of AWS IAM Roles>\nI've been tearing my hair out trying to figure out how to get a list of IAM role ARNs via Terraform to populate an IAM role trust policy. The only data source I can find retrieves a specific IAM role based on a matching role name (accepts wildcards). I need the same functionality but returning all IAM roles that match ​ I've looked at creating my own External Data Source but this seems a little excessive for something so simple. Can anyone suggest a solution? \n   submitted by   &lt;a...",
        "ts": "1550179928.003200",
        "username": "Terraform ALL the Worlds!",
        "icons": {
            "image_48": "https:\/\/s3-us-west-2.amazonaws.com\/slack-files2\/bot_icons\/2019-02-12\/548785199618_48.png"
        },
        "bot_id": "BG3N7LG73",
        "attachments": [
            {
                "service_name": "reddit",
                "title": "r\/Terraform - Getting a list of AWS IAM Roles",
                "title_link": "https:\/\/www.reddit.com\/r\/Terraform\/comments\/aqoppt\/getting_a_list_of_aws_iam_roles\/",
                "text": "1 vote and 0 comments so far on Reddit",
                "fallback": "reddit: r\/Terraform - Getting a list of AWS IAM Roles",
                "from_url": "https:\/\/www.reddit.com\/r\/Terraform\/comments\/aqoppt\/getting_a_list_of_aws_iam_roles\/",
                "service_icon": "https:\/\/www.redditstatic.com\/desktop2x\/img\/favicon\/apple-icon-57x57.png",
                "id": 1,
                "original_url": "https:\/\/www.reddit.com\/r\/Terraform\/comments\/aqoppt\/getting_a_list_of_aws_iam_roles\/"
            }
        ]
    }
]