[
    {
        "user": "UFTKSQ25T",
        "type": "message",
        "subtype": "channel_join",
        "ts": "1550066724.002000",
        "text": "<@UFTKSQ25T>さんがチャンネルに参加しました"
    },
    {
        "type": "message",
        "subtype": "bot_message",
        "text": "<https:\/\/www.reddit.com\/r\/Terraform\/comments\/aq6xcj\/problem_with_cycling_through_virtual_machines\/|Problem with cycling through virtual_machines>\nGreetings fellows, I am having a problem with cycling through enumerated vms when generating a template file. ​ Environment:  - Terraform 0.11.11 - Provider: Azure  Code snippet: ​ File: <https:\/\/vm.tf\/|vm.tf> ############################################################################### # Deploy VMs and Configure Consul and Vault Services ############################################################################### resource \"azurerm_virtual_machine\" \"consul\" { name =...",
        "ts": "1550067434.002100",
        "username": "Terraform ALL the Worlds!",
        "icons": {
            "image_48": "https:\/\/s3-us-west-2.amazonaws.com\/slack-files2\/bot_icons\/2019-02-12\/548785199618_48.png"
        },
        "bot_id": "BG3N7LG73",
        "attachments": [
            {
                "service_name": "reddit",
                "title": "r\/Terraform - Problem with cycling through virtual_machines",
                "title_link": "https:\/\/www.reddit.com\/r\/Terraform\/comments\/aq6xcj\/problem_with_cycling_through_virtual_machines\/",
                "text": "1 vote and 0 comments so far on Reddit",
                "fallback": "reddit: r\/Terraform - Problem with cycling through virtual_machines",
                "from_url": "https:\/\/www.reddit.com\/r\/Terraform\/comments\/aq6xcj\/problem_with_cycling_through_virtual_machines\/",
                "service_icon": "https:\/\/www.redditstatic.com\/desktop2x\/img\/favicon\/apple-icon-57x57.png",
                "id": 1,
                "original_url": "https:\/\/www.reddit.com\/r\/Terraform\/comments\/aq6xcj\/problem_with_cycling_through_virtual_machines\/"
            }
        ]
    },
    {
        "type": "message",
        "subtype": "bot_message",
        "text": "<https:\/\/www.reddit.com\/r\/Terraform\/comments\/aqaj2k\/winrm_with_domain_credentials\/|WinRM with Domain Credentials>\nDoes Terraform support WinRM w\/ Domain Credentials yet? Either as Basic or Negotiate?  Been using it as non domain joined. Figured I'd check back and see if they had fixed this? \n   submitted by   <https:\/\/www.reddit.com\/user\/jumpingbobbing| \/u\/jumpingbobbing > \n<https:\/\/www.reddit.com\/r\/Terraform\/comments\/aqaj2k\/winrm_with_domain_credentials\/|[link]>   <https:\/\/www.reddit.com\/r\/Terraform\/comments\/aqaj2k\/winrm_with_domain_credentials\/|[comments]>",
        "ts": "1550087235.002300",
        "username": "Terraform ALL the Worlds!",
        "icons": {
            "image_48": "https:\/\/s3-us-west-2.amazonaws.com\/slack-files2\/bot_icons\/2019-02-12\/548785199618_48.png"
        },
        "bot_id": "BG3N7LG73",
        "attachments": [
            {
                "service_name": "reddit",
                "title": "r\/Terraform - WinRM with Domain Credentials",
                "title_link": "https:\/\/www.reddit.com\/r\/Terraform\/comments\/aqaj2k\/winrm_with_domain_credentials\/",
                "text": "1 vote and 1 comment so far on Reddit",
                "fallback": "reddit: r\/Terraform - WinRM with Domain Credentials",
                "from_url": "https:\/\/www.reddit.com\/r\/Terraform\/comments\/aqaj2k\/winrm_with_domain_credentials\/",
                "service_icon": "https:\/\/www.redditstatic.com\/desktop2x\/img\/favicon\/apple-icon-57x57.png",
                "id": 1,
                "original_url": "https:\/\/www.reddit.com\/r\/Terraform\/comments\/aqaj2k\/winrm_with_domain_credentials\/"
            },
            {
                "service_name": "reddit",
                "title": "jumpingbobbing (u\/jumpingbobbing) - Reddit",
                "title_link": "https:\/\/www.reddit.com\/user\/jumpingbobbing",
                "text": "u\/jumpingbobbing:",
                "fallback": "reddit: jumpingbobbing (u\/jumpingbobbing) - Reddit",
                "thumb_url": "https:\/\/www.redditstatic.com\/avatars\/avatar_default_08_FFB000.png",
                "from_url": "https:\/\/www.reddit.com\/user\/jumpingbobbing",
                "thumb_width": 256,
                "thumb_height": 256,
                "service_icon": "https:\/\/www.redditstatic.com\/desktop2x\/img\/favicon\/apple-icon-57x57.png",
                "id": 2,
                "original_url": "https:\/\/www.reddit.com\/user\/jumpingbobbing"
            }
        ]
    },
    {
        "type": "message",
        "subtype": "bot_message",
        "text": "<https:\/\/www.reddit.com\/r\/Terraform\/comments\/aqaug2\/how_do_i_create_dynamic_local_file_names\/|How do I create dynamic local file names?>\nI have a template file which renders 3 templates via a aws account variable (list) I now want to create a local file for each of these. What do I put in the “destination” ? I need a file for each render with the variable in the filename  \n   submitted by   <https:\/\/www.reddit.com\/user\/md850| \/u\/md850 > \n<https:\/\/www.reddit.com\/r\/Terraform\/comments\/aqaug2\/how_do_i_create_dynamic_local_file_names\/|[link]>   &lt;a...",
        "ts": "1550089329.002500",
        "username": "Terraform ALL the Worlds!",
        "icons": {
            "image_48": "https:\/\/s3-us-west-2.amazonaws.com\/slack-files2\/bot_icons\/2019-02-12\/548785199618_48.png"
        },
        "bot_id": "BG3N7LG73",
        "attachments": [
            {
                "service_name": "reddit",
                "title": "r\/Terraform - How do I create dynamic local file names?",
                "title_link": "https:\/\/www.reddit.com\/r\/Terraform\/comments\/aqaug2\/how_do_i_create_dynamic_local_file_names\/",
                "text": "1 vote and 0 comments so far on Reddit",
                "fallback": "reddit: r\/Terraform - How do I create dynamic local file names?",
                "from_url": "https:\/\/www.reddit.com\/r\/Terraform\/comments\/aqaug2\/how_do_i_create_dynamic_local_file_names\/",
                "service_icon": "https:\/\/www.redditstatic.com\/desktop2x\/img\/favicon\/apple-icon-57x57.png",
                "id": 1,
                "original_url": "https:\/\/www.reddit.com\/r\/Terraform\/comments\/aqaug2\/how_do_i_create_dynamic_local_file_names\/"
            },
            {
                "service_name": "reddit",
                "title": "md850 (u\/md850) - Reddit",
                "title_link": "https:\/\/www.reddit.com\/user\/md850",
                "text": "u\/md850:",
                "fallback": "reddit: md850 (u\/md850) - Reddit",
                "thumb_url": "https:\/\/www.redditstatic.com\/avatars\/avatar_default_20_4856A3.png",
                "from_url": "https:\/\/www.reddit.com\/user\/md850",
                "thumb_width": 256,
                "thumb_height": 256,
                "service_icon": "https:\/\/www.redditstatic.com\/desktop2x\/img\/favicon\/apple-icon-57x57.png",
                "id": 2,
                "original_url": "https:\/\/www.reddit.com\/user\/md850"
            }
        ]
    },
    {
        "type": "message",
        "subtype": "bot_message",
        "text": "<https:\/\/www.reddit.com\/r\/Terraform\/comments\/aqbgu4\/workspace_state_created_on_remote_server_not\/|Workspace state created on remote server not persisting>\nI have a VSTS pipeline that creates a workspace based on the branch name, creates or selects the workspace if it exists already, and then runs plan\/apply. Unfortunately, I'm having problems with the state not being sent to the azurerm backend that's setup, and therefore the workspace is selected but overwrites the TF state in the default instead of creating it's own state file. When I create the workspace and set it up via my own machines CLI, everything works as expected. ​ Anyone have an...",
        "ts": "1550092338.002700",
        "username": "Terraform ALL the Worlds!",
        "icons": {
            "image_48": "https:\/\/s3-us-west-2.amazonaws.com\/slack-files2\/bot_icons\/2019-02-12\/548785199618_48.png"
        },
        "bot_id": "BG3N7LG73",
        "attachments": [
            {
                "service_name": "reddit",
                "title": "r\/Terraform - Workspace state created on remote server not persisting",
                "title_link": "https:\/\/www.reddit.com\/r\/Terraform\/comments\/aqbgu4\/workspace_state_created_on_remote_server_not\/",
                "text": "1 vote and 0 comments so far on Reddit",
                "fallback": "reddit: r\/Terraform - Workspace state created on remote server not persisting",
                "from_url": "https:\/\/www.reddit.com\/r\/Terraform\/comments\/aqbgu4\/workspace_state_created_on_remote_server_not\/",
                "service_icon": "https:\/\/www.redditstatic.com\/desktop2x\/img\/favicon\/apple-icon-57x57.png",
                "id": 1,
                "original_url": "https:\/\/www.reddit.com\/r\/Terraform\/comments\/aqbgu4\/workspace_state_created_on_remote_server_not\/"
            }
        ]
    },
    {
        "type": "message",
        "subtype": "bot_message",
        "text": "<https:\/\/www.google.com\/url?rct=j&amp;sa=t&amp;url=https:\/\/connpass.com\/event\/120462\/&amp;ct=ga&amp;cd=CAIyHDMwMTY1OGE1ZDI5NDAyNzE6Y28uanA6amE6SlA&amp;usg=AFQjCNE965bZ18LzytyvSUc4N7TIsdUxyA|HashiCorp &lt;b&gt;Terraform&lt;\/b&gt; &amp; Vault Enterprise 勉強会 in 金沢>\n概要 HashiCorp Japan 伊藤さまをお招きして、クラウドによるウェブインフラ自動化・コード化のツールである Terraform 、データを保護する Vault の enterprise ...",
        "ts": "1550121547.002900",
        "username": "Google アラート - terraform",
        "icons": {
            "image_36": "https:\/\/a.slack-edge.com\/66f9\/img\/services\/rss_36.png",
            "image_48": "https:\/\/a.slack-edge.com\/66f9\/img\/services\/rss_48.png",
            "image_72": "https:\/\/a.slack-edge.com\/205a\/img\/services\/rss_72.png"
        },
        "bot_id": "BG3N7LG73"
    },
    {
        "type": "message",
        "subtype": "bot_message",
        "text": "<https:\/\/qiita.com\/keiichi-hikita\/items\/610f40ac364813f957d6|Terraform Resourceのちょっと細かいテストの話 ForceNew編@Accテスト>\n前回、 <https:\/\/qiita.com\/keiichi-hikita\/items\/943f2d22177792ff8b4a|ConflictsWith編@Accテスト>という話を書きました。\n\nで今回は ForceNew編 です。\n\n\n<https:\/\/qiita.com\/#forcenew%E3%81%A8%E3%81%AF>ForceNewとは？\n\nTerraform では、リソースの属性に、 ForceNew というboolean型の属性を付与することができます。\nこんな感じです。\n\nfunc resourceSomethingV1() *schema.Resource {\n    return &amp;schema.Resource{...",
        "ts": "1550125031.003000",
        "username": "Terraformタグが付けられた新着記事 - Qiita",
        "icons": {
            "image_36": "https:\/\/a.slack-edge.com\/66f9\/img\/services\/rss_36.png",
            "image_48": "https:\/\/a.slack-edge.com\/66f9\/img\/services\/rss_48.png",
            "image_72": "https:\/\/a.slack-edge.com\/205a\/img\/services\/rss_72.png"
        },
        "bot_id": "BG3N7LG73",
        "attachments": [
            {
                "service_name": "Qiita",
                "title": "Terraform Resourceのちょっと細かいテストの話 ForceNew編@Accテスト - Qiita",
                "title_link": "https:\/\/qiita.com\/keiichi-hikita\/items\/610f40ac364813f957d6",
                "text": "前回、 [ConflictsWith編@Accテスト](<https:\/\/qiita.com\/keiichi-hikita\/items\/943f2d22177792ff8b4a>)という話を書きました。 で今回は `ForceNew編`...",
                "fallback": "Qiita: Terraform Resourceのちょっと細かいテストの話 ForceNew編@Accテスト - Qiita",
                "thumb_url": "https:\/\/cdn.qiita.com\/assets\/qiita-fb-2887e7b4aad86fd8c25cea84846f2236.png",
                "from_url": "https:\/\/qiita.com\/keiichi-hikita\/items\/610f40ac364813f957d6",
                "thumb_width": 200,
                "thumb_height": 200,
                "service_icon": "https:\/\/cdn.qiita.com\/assets\/favicons\/public\/apple-touch-icon-f9a6afad761ec2306e10db2736187c8b.png",
                "id": 1,
                "original_url": "https:\/\/qiita.com\/keiichi-hikita\/items\/610f40ac364813f957d6"
            },
            {
                "service_name": "Qiita",
                "title": "Terraform Resourceのちょっと細かいテストの話 ConflictsWith編@Accテスト - Qiita",
                "title_link": "https:\/\/qiita.com\/keiichi-hikita\/items\/943f2d22177792ff8b4a",
                "text": "## リソースのテストをしていて思うこと リソースのテストって、実質Accテストだと思うんですよ、Terraformの世界では。 でも、このテストって、 `正常系のテストしかないのでは？` ・・・ と開発をはじめてからずっと思って...",
                "fallback": "Qiita: Terraform Resourceのちょっと細かいテストの話 ConflictsWith編@Accテスト - Qiita",
                "thumb_url": "https:\/\/cdn.qiita.com\/assets\/qiita-fb-2887e7b4aad86fd8c25cea84846f2236.png",
                "from_url": "https:\/\/qiita.com\/keiichi-hikita\/items\/943f2d22177792ff8b4a",
                "thumb_width": 200,
                "thumb_height": 200,
                "service_icon": "https:\/\/cdn.qiita.com\/assets\/favicons\/public\/apple-touch-icon-f9a6afad761ec2306e10db2736187c8b.png",
                "id": 2,
                "original_url": "https:\/\/qiita.com\/keiichi-hikita\/items\/943f2d22177792ff8b4a"
            },
            {
                "service_name": "Qiita",
                "title": "プログラマの技術情報共有サービス - Qiita",
                "title_link": "https:\/\/qiita.com\/#forcenew%E3%81%A8%E3%81%AF",
                "text": "Qiitaは、プログラマのための技術情報共有サービスです。 プログラミングに関するTips、ノウハウ、メモを簡単に記録 &amp; 公開することができます。",
                "fallback": "Qiita: プログラマの技術情報共有サービス - Qiita",
                "thumb_url": "https:\/\/cdn.qiita.com\/assets\/qiita-fb-2887e7b4aad86fd8c25cea84846f2236.png",
                "from_url": "https:\/\/qiita.com\/#forcenew%E3%81%A8%E3%81%AF",
                "thumb_width": 200,
                "thumb_height": 200,
                "service_icon": "https:\/\/cdn.qiita.com\/assets\/favicons\/public\/apple-touch-icon-f9a6afad761ec2306e10db2736187c8b.png",
                "id": 3,
                "original_url": "https:\/\/qiita.com\/#forcenew%E3%81%A8%E3%81%AF"
            }
        ]
    }
]