[
    {
        "client_msg_id": "a771c2ab-4f0a-47bc-abc3-dea84b05c70f",
        "type": "message",
        "text": "おおーー、この記事にめっちゃお世話になりました！！！",
        "user": "UFTKSQ25T",
        "ts": "1556006975.025800",
        "thread_ts": "1556001986.024000",
        "parent_user_id": "UHS4SFFA7",
        "reactions": [
            {
                "name": "heart",
                "users": [
                    "UHS4SFFA7"
                ],
                "count": 1
            }
        ]
    }
]