[
    {
        "client_msg_id": "846CC4FC-4880-4C33-89D5-C5C76FC2388B",
        "type": "message",
        "text": "同じくこの記事にお世話になっております！",
        "user": "UJ3BLGMHV",
        "ts": "1556334246.001000",
        "thread_ts": "1556001986.024000",
        "parent_user_id": "UHS4SFFA7",
        "reactions": [
            {
                "name": "heart",
                "users": [
                    "UHS4SFFA7"
                ],
                "count": 1
            }
        ]
    }
]