[
    {
        "bot_id": "BH12QQBB4",
        "type": "message",
        "text": "",
        "user": "UGYL7FUBA",
        "ts": "1572721729.003500",
        "team": "TFU0BKCQP",
        "bot_profile": {
            "id": "BH12QQBB4",
            "deleted": false,
            "name": "GitHub",
            "updated": 1552744762,
            "app_id": "A8GBNUWU8",
            "icons": {
                "image_36": "https:\/\/slack-files2.s3-us-west-2.amazonaws.com\/avatars\/2017-12-19\/288981919427_f45f04edd92902a96859_36.png",
                "image_48": "https:\/\/slack-files2.s3-us-west-2.amazonaws.com\/avatars\/2017-12-19\/288981919427_f45f04edd92902a96859_48.png",
                "image_72": "https:\/\/slack-files2.s3-us-west-2.amazonaws.com\/avatars\/2017-12-19\/288981919427_f45f04edd92902a96859_72.png"
            },
            "team_id": "TFU0BKCQP"
        },
        "attachments": [
            {
                "author_name": "officel",
                "fallback": "[terraformjp\/terraformjp.github.io] #11 logs: add slack export log",
                "pretext": "Pull request opened by officel",
                "title": "#11 logs: add slack export log",
                "footer": "<https:\/\/github.com\/terraformjp\/terraformjp.github.io|terraformjp\/terraformjp.github.io>",
                "id": 1,
                "title_link": "https:\/\/github.com\/terraformjp\/terraformjp.github.io\/pull\/11",
                "author_link": "https:\/\/github.com\/officel",
                "author_icon": "https:\/\/avatars0.githubusercontent.com\/u\/110354?v=4",
                "footer_icon": "https:\/\/github.githubassets.com\/favicon.ico",
                "ts": 1572721727,
                "color": "36a64f",
                "mrkdwn_in": [
                    "text"
                ]
            }
        ]
    },
    {
        "bot_id": "BH12QQBB4",
        "type": "message",
        "text": "",
        "user": "UGYL7FUBA",
        "ts": "1572721751.003600",
        "team": "TFU0BKCQP",
        "bot_profile": {
            "id": "BH12QQBB4",
            "deleted": false,
            "name": "GitHub",
            "updated": 1552744762,
            "app_id": "A8GBNUWU8",
            "icons": {
                "image_36": "https:\/\/slack-files2.s3-us-west-2.amazonaws.com\/avatars\/2017-12-19\/288981919427_f45f04edd92902a96859_36.png",
                "image_48": "https:\/\/slack-files2.s3-us-west-2.amazonaws.com\/avatars\/2017-12-19\/288981919427_f45f04edd92902a96859_48.png",
                "image_72": "https:\/\/slack-files2.s3-us-west-2.amazonaws.com\/avatars\/2017-12-19\/288981919427_f45f04edd92902a96859_72.png"
            },
            "team_id": "TFU0BKCQP"
        },
        "attachments": [
            {
                "author_name": "officel",
                "fallback": "[terraformjp\/terraformjp.github.io] <https:\/\/github.com\/terraformjp\/terraformjp.github.io\/compare\/27b004e50281...6699e5ebcc75|2 new commits> pushed to <https:\/\/github.com\/terraformjp\/terraformjp.github.io\/tree\/master|`master`>",
                "text": "*<https:\/\/github.com\/terraformjp\/terraformjp.github.io\/compare\/27b004e50281...6699e5ebcc75|2 new commits> pushed to <https:\/\/github.com\/terraformjp\/terraformjp.github.io\/tree\/master|`master`>*\n<https:\/\/github.com\/terraformjp\/terraformjp.github.io\/commit\/75920e4cdc74b94b8ae5b4efbe32dc3ecfa4e10e|`75920e4c`> - logs: add slack export log\n<https:\/\/github.com\/terraformjp\/terraformjp.github.io\/commit\/6699e5ebcc756cccd61e1509bd8e7f84f43a4a00|`6699e5eb`> - Merge pull request #11 from terraformjp\/logs_201905_201910",
                "footer": "<https:\/\/github.com\/terraformjp\/terraformjp.github.io|terraformjp\/terraformjp.github.io>",
                "id": 1,
                "author_link": "https:\/\/github.com\/officel",
                "author_icon": "https:\/\/avatars0.githubusercontent.com\/u\/110354?v=4",
                "footer_icon": "https:\/\/github.githubassets.com\/favicon.ico",
                "color": "24292f",
                "mrkdwn_in": [
                    "text"
                ]
            }
        ]
    },
    {
        "bot_id": "BH12QQBB4",
        "type": "message",
        "text": "",
        "user": "UGYL7FUBA",
        "ts": "1572721752.003700",
        "team": "TFU0BKCQP",
        "bot_profile": {
            "id": "BH12QQBB4",
            "deleted": false,
            "name": "GitHub",
            "updated": 1552744762,
            "app_id": "A8GBNUWU8",
            "icons": {
                "image_36": "https:\/\/slack-files2.s3-us-west-2.amazonaws.com\/avatars\/2017-12-19\/288981919427_f45f04edd92902a96859_36.png",
                "image_48": "https:\/\/slack-files2.s3-us-west-2.amazonaws.com\/avatars\/2017-12-19\/288981919427_f45f04edd92902a96859_48.png",
                "image_72": "https:\/\/slack-files2.s3-us-west-2.amazonaws.com\/avatars\/2017-12-19\/288981919427_f45f04edd92902a96859_72.png"
            },
            "team_id": "TFU0BKCQP"
        },
        "attachments": [
            {
                "fallback": "[terraformjp\/terraformjp.github.io] #11 logs: add slack export log",
                "pretext": "Pull request merged by officel",
                "title": "#11 logs: add slack export log",
                "footer": "<https:\/\/github.com\/terraformjp\/terraformjp.github.io|terraformjp\/terraformjp.github.io>",
                "id": 1,
                "title_link": "https:\/\/github.com\/terraformjp\/terraformjp.github.io\/pull\/11",
                "footer_icon": "https:\/\/github.githubassets.com\/favicon.ico",
                "ts": 1572721727,
                "color": "6f42c1",
                "mrkdwn_in": [
                    "text"
                ]
            }
        ]
    },
    {
        "bot_id": "BH12QQBB4",
        "type": "message",
        "text": "",
        "user": "UGYL7FUBA",
        "ts": "1572721759.003800",
        "team": "TFU0BKCQP",
        "bot_profile": {
            "id": "BH12QQBB4",
            "deleted": false,
            "name": "GitHub",
            "updated": 1552744762,
            "app_id": "A8GBNUWU8",
            "icons": {
                "image_36": "https:\/\/slack-files2.s3-us-west-2.amazonaws.com\/avatars\/2017-12-19\/288981919427_f45f04edd92902a96859_36.png",
                "image_48": "https:\/\/slack-files2.s3-us-west-2.amazonaws.com\/avatars\/2017-12-19\/288981919427_f45f04edd92902a96859_48.png",
                "image_72": "https:\/\/slack-files2.s3-us-west-2.amazonaws.com\/avatars\/2017-12-19\/288981919427_f45f04edd92902a96859_72.png"
            },
            "team_id": "TFU0BKCQP"
        },
        "attachments": [
            {
                "author_name": "github-pages[bot]",
                "fallback": "[terraformjp\/terraformjp.github.io] Successfully deployed 6699e5e to github-pages",
                "text": "Successfully deployed <https:\/\/github.com\/terraformjp\/terraformjp.github.io\/commit\/6699e5ebcc756cccd61e1509bd8e7f84f43a4a00|`6699e5e`> to github-pages",
                "footer": "<https:\/\/github.com\/terraformjp\/terraformjp.github.io|terraformjp\/terraformjp.github.io>",
                "id": 1,
                "author_link": "https:\/\/github.com\/apps\/github-pages",
                "author_icon": "https:\/\/avatars1.githubusercontent.com\/u\/9919?v=4",
                "footer_icon": "https:\/\/github.githubassets.com\/favicon.ico",
                "color": "28a745",
                "mrkdwn_in": [
                    "text"
                ]
            }
        ]
    },
    {
        "client_msg_id": "53a0e2bf-b78f-4227-a66e-d1ba41f04f4f",
        "type": "message",
        "text": "アドベントカレンダーの初日の記事を書いたついでにログ更新した",
        "user": "UFU0BKD8F",
        "ts": "1572721834.004200",
        "team": "TFU0BKCQP",
        "user_team": "TFU0BKCQP",
        "source_team": "TFU0BKCQP",
        "user_profile": {
            "avatar_hash": "92c41c62c7b0",
            "image_72": "https:\/\/avatars.slack-edge.com\/2019-01-30\/537137791812_92c41c62c7b0f054d3dd_72.jpg",
            "first_name": "らき",
            "real_name": "らき",
            "display_name": "raki",
            "team": "TFU0BKCQP",
            "name": "nishimuray",
            "is_restricted": false,
            "is_ultra_restricted": false
        }
    }
]