[
    {
        "type": "message",
        "subtype": "bot_message",
        "text": "",
        "ts": "1573228286.005300",
        "bot_id": "BG2UDF0NA",
        "attachments": [
            {
                "fallback": "terraform-providers\/terraform-provider-kubernetes on GitHub\nv1.10.0",
                "text": "`v1.10.0`",
                "title": "terraform-providers\/terraform-provider-kubernetes on GitHub",
                "id": 1,
                "title_link": "https:\/\/newreleases.io\/github\/terraform-providers\/terraform-provider-kubernetes",
                "mrkdwn_in": [
                    "text"
                ]
            }
        ]
    },
    {
        "type": "message",
        "subtype": "bot_message",
        "text": "",
        "ts": "1573230121.005400",
        "bot_id": "BG2UDF0NA",
        "attachments": [
            {
                "fallback": "terraform-providers\/terraform-provider-kubernetes on GitHub\nv1.10.0 updated\nrelease note: <https:\/\/newreleases.io\/github\/terraform-providers\/terraform-provider-kubernetes?version=v1.10.0>",
                "text": "`v1.10.0` _updated_\n```\nFEATURES:\n\n* New resource: kubernetes_pod_disruption_budget (#644 \/ PR #338)\n\n* New resource: kubernetes_priority_class (PR #495)\n\nIMPROVEMENTS:\n\n* Add mount_propagation attribute to container volume mount\n\n* Add support for.spec.service.port to kubernetes_api_service (#665)\n\n* Update <http:\/\/k8s.io\/client-go|k8s.io\/client-go> to v12\n\n* Set option to cascade delete job resources (#534 \/ PR #635)\n\n* Support in-cluster configuration with service accounts (PR #497)\n\n* Parametrize all existing timeout values (PR #607)\n\n* Enable HTTP requests\/responses tracing in debug mode (PR #630)\n\nBUG FIXES:\n\n* Do not set default namespace for replication controller and deployment pod templates (#275)\n\n* Updated host_alias property name to host_aliases (PR #670)\n\n* Docs - updated all broken and commit-specific Kubernetes links to point to master branch (PR #626)\n\n* Allow 0 for backoff_limit on kubernetes_job (PR #632)\n```\n<https:\/\/newreleases.io\/github\/terraform-providers\/terraform-provider-kubernetes?version=v1.10.0|release note...>",
                "title": "terraform-providers\/terraform-provider-kubernetes on GitHub",
                "id": 1,
                "title_link": "https:\/\/newreleases.io\/github\/terraform-providers\/terraform-provider-kubernetes",
                "mrkdwn_in": [
                    "text"
                ]
            }
        ]
    },
    {
        "type": "message",
        "subtype": "bot_message",
        "text": "",
        "ts": "1573239266.005500",
        "bot_id": "BG2UDF0NA",
        "attachments": [
            {
                "fallback": "terraform-aws-modules\/terraform-aws-notify-slack on GitHub\nv2.1.0",
                "text": "`v2.1.0`",
                "title": "terraform-aws-modules\/terraform-aws-notify-slack on GitHub",
                "id": 1,
                "title_link": "https:\/\/newreleases.io\/github\/terraform-aws-modules\/terraform-aws-notify-slack",
                "mrkdwn_in": [
                    "text"
                ]
            }
        ]
    },
    {
        "type": "message",
        "subtype": "bot_message",
        "text": "",
        "ts": "1573239875.005600",
        "bot_id": "BG2UDF0NA",
        "attachments": [
            {
                "fallback": "terraform-aws-modules\/terraform-aws-notify-slack on GitHub\nv2.2.0",
                "text": "`v2.2.0`",
                "title": "terraform-aws-modules\/terraform-aws-notify-slack on GitHub",
                "id": 1,
                "title_link": "https:\/\/newreleases.io\/github\/terraform-aws-modules\/terraform-aws-notify-slack",
                "mrkdwn_in": [
                    "text"
                ]
            }
        ]
    },
    {
        "type": "message",
        "subtype": "bot_message",
        "text": "",
        "ts": "1573245971.005700",
        "bot_id": "BG2UDF0NA",
        "attachments": [
            {
                "fallback": "terraform-aws-modules\/terraform-aws-notify-slack on GitHub\nv2.3.0",
                "text": "`v2.3.0`",
                "title": "terraform-aws-modules\/terraform-aws-notify-slack on GitHub",
                "id": 1,
                "title_link": "https:\/\/newreleases.io\/github\/terraform-aws-modules\/terraform-aws-notify-slack",
                "mrkdwn_in": [
                    "text"
                ]
            }
        ]
    },
    {
        "type": "message",
        "subtype": "bot_message",
        "text": "",
        "ts": "1573246582.005800",
        "bot_id": "BG2UDF0NA",
        "attachments": [
            {
                "fallback": "terraform-aws-modules\/terraform-aws-notify-slack on GitHub\nv1.14.0",
                "text": "`v1.14.0`",
                "title": "terraform-aws-modules\/terraform-aws-notify-slack on GitHub",
                "id": 1,
                "title_link": "https:\/\/newreleases.io\/github\/terraform-aws-modules\/terraform-aws-notify-slack",
                "mrkdwn_in": [
                    "text"
                ]
            }
        ]
    },
    {
        "type": "message",
        "subtype": "bot_message",
        "text": "",
        "ts": "1573271565.005900",
        "bot_id": "BG2UDF0NA",
        "attachments": [
            {
                "fallback": "hashicorp\/terraform-github-actions on GitHub\nv0.5.4v0.5.4\nrelease note: <https:\/\/newreleases.io\/github\/hashicorp\/terraform-github-actions?version=v0.5.4>",
                "text": "*v0.5.4* `v0.5.4`\n```\n------\nv0.5.4\n------\n\nChanged\n-------\n\n* Always post a comment on a pull request regardless of exit code when using apply. ( #97 ( <https:\/\/github.com\/hashicorp\/terraform-github-actions\/issues\/97> ) )\n\n* Pass comment content to jq using pipes instead of arguments.\n```\n<https:\/\/newreleases.io\/github\/hashicorp\/terraform-github-actions?version=v0.5.4|release note...>",
                "title": "hashicorp\/terraform-github-actions on GitHub",
                "id": 1,
                "title_link": "https:\/\/newreleases.io\/github\/hashicorp\/terraform-github-actions",
                "mrkdwn_in": [
                    "text"
                ]
            }
        ]
    },
    {
        "type": "message",
        "subtype": "bot_message",
        "text": "",
        "ts": "1573273399.006000",
        "bot_id": "BG2UDF0NA",
        "attachments": [
            {
                "fallback": "hashicorp\/terraform-github-actions on GitHub\nv0.6.0v0.6.0\nrelease note: <https:\/\/newreleases.io\/github\/hashicorp\/terraform-github-actions?version=v0.6.0>",
                "text": "*v0.6.0* `v0.6.0`\n```\n------\nv0.6.0\n------\n\nAdded\n-----\n\n* Allow passing arguments using GitHub Actions args attribute. ( #105 ( <https:\/\/github.com\/hashicorp\/terraform-github-actions\/issues\/105> ) )\n\nChanged\n-------\n\n* Updated examples to reflect new additions.\n```\n<https:\/\/newreleases.io\/github\/hashicorp\/terraform-github-actions?version=v0.6.0|release note...>",
                "title": "hashicorp\/terraform-github-actions on GitHub",
                "id": 1,
                "title_link": "https:\/\/newreleases.io\/github\/hashicorp\/terraform-github-actions",
                "mrkdwn_in": [
                    "text"
                ]
            }
        ]
    }
]