[
    {
        "type": "message",
        "subtype": "bot_message",
        "text": "",
        "ts": "1573835210.007600",
        "bot_id": "BG2UDF0NA",
        "attachments": [
            {
                "fallback": "terraform-providers\/terraform-provider-google on GitHub\nv3.0.0-beta.1",
                "text": "`v3.0.0-beta.1`",
                "title": "terraform-providers\/terraform-provider-google on GitHub",
                "id": 1,
                "title_link": "https:\/\/newreleases.io\/github\/terraform-providers\/terraform-provider-google",
                "mrkdwn_in": [
                    "text"
                ]
            }
        ]
    },
    {
        "type": "message",
        "subtype": "bot_message",
        "text": "",
        "ts": "1573846746.007700",
        "bot_id": "BG2UDF0NA",
        "attachments": [
            {
                "fallback": "cloudposse\/terraform-aws-dynamodb on GitHub\n0.11.0 Add support for `regex_replace_chars` variable0.11.0\nrelease note: <https:\/\/newreleases.io\/github\/cloudposse\/terraform-aws-dynamodb?version=0.11.0>",
                "text": "*0.11.0 Add support for `regex_replace_chars` variable* `0.11.0`\n```\n----\nwhat\n----\n\n* Add support for regex_replace_chars variable\n\n---\nwhy\n---\n\n* The variable is passed through to the null-label module and allows more flexibility when naming resources\n```\n<https:\/\/newreleases.io\/github\/cloudposse\/terraform-aws-dynamodb?version=0.11.0|release note...>",
                "title": "cloudposse\/terraform-aws-dynamodb on GitHub",
                "id": 1,
                "title_link": "https:\/\/newreleases.io\/github\/cloudposse\/terraform-aws-dynamodb",
                "mrkdwn_in": [
                    "text"
                ]
            }
        ]
    }
]