[
    {
        "client_msg_id": "c800250b-cc12-4d62-8927-9b7b22be8e2b",
        "type": "message",
        "text": "はじめまして\nIoTプラットフォームのインフラ構築運用をTerraform管理に移行するお仕事を自習しながらボチボチやっています。\n具体的なステートの分離単位やモジュールの分離単位・内容などに悩んでいたところ、本workspaceを見つけたので参加させていただきました。\n現在の環境はAWS、Github、TerraformCloudになります。\n色々と勉強させてください！よろしくお願いします！",
        "user": "U03A6V05GQH",
        "ts": "1648981178.730899",
        "blocks": [
            {
                "type": "rich_text",
                "block_id": "STUc",
                "elements": [
                    {
                        "type": "rich_text_section",
                        "elements": [
                            {
                                "type": "text",
                                "text": "はじめまして\nIoTプラットフォームのインフラ構築運用をTerraform管理に移行するお仕事を自習しながらボチボチやっています。\n具体的なステートの分離単位やモジュールの分離単位・内容などに悩んでいたところ、本workspaceを見つけたので参加させていただきました。\n現在の環境はAWS、Github、TerraformCloudになります。\n色々と勉強させてください！よろしくお願いします！"
                            }
                        ]
                    }
                ]
            }
        ],
        "team": "TFU0BKCQP",
        "user_team": "TFU0BKCQP",
        "source_team": "TFU0BKCQP",
        "user_profile": {
            "avatar_hash": "g1b142f4344e",
            "image_72": "https:\/\/secure.gravatar.com\/avatar\/1b142f4344e05088ab80250670f65cff.jpg?s=72&d=https%3A%2F%2Fa.slack-edge.com%2Fdf10d%2Fimg%2Favatars%2Fava_0020-72.png",
            "first_name": "RYOQN",
            "real_name": "RYOQN",
            "display_name": "RYOQN",
            "team": "TFU0BKCQP",
            "name": "fukuda",
            "is_restricted": false,
            "is_ultra_restricted": false
        },
        "edited": {
            "user": "U03A6V05GQH",
            "ts": "1648981239.000000"
        },
        "reactions": [
            {
                "name": "tada",
                "users": [
                    "UGY9BJ1NF",
                    "U02DCS0HVTP",
                    "U01GAQPRFQB",
                    "U02K7TWFJ83",
                    "UQT52H29G",
                    "U029HDK176Y",
                    "U02UHQ29FFW",
                    "U033TBTA8D7",
                    "URKFM4N0Z"
                ],
                "count": 9
            },
            {
                "name": "よろしく",
                "users": [
                    "UFU0BKD8F",
                    "U033TBTA8D7",
                    "U02DCS0HVTP"
                ],
                "count": 3
            }
        ]
    }
]