[
    {
        "client_msg_id": "a37c0912-3ae1-44af-81c0-bfe0fc2739d3",
        "type": "message",
        "text": "[HashiCorpで働きたいエンジニア募集]　プリセールスおよびパートナーチームでSEを募集してます！日本在住の方で日本語がしゃべれる HashiCorp製品が大好きな方、是非、ご応募お待ちしてます〜気軽にDMいただければ、カジュアルにお話もできます！<https:\/\/www.hashicorp.com\/job\/2521715>",
        "user": "UMYT1J2RX",
        "ts": "1612507008.011100",
        "team": "TFU0BKCQP",
        "user_team": "TFU0BKCQP",
        "source_team": "TFU0BKCQP",
        "user_profile": {
            "avatar_hash": "g9e1ca1887f6",
            "image_72": "https:\/\/secure.gravatar.com\/avatar\/59e1ca1887f6751ed6cc67e1eed56a91.jpg?s=72&d=https%3A%2F%2Fa.slack-edge.com%2Fdf10d%2Fimg%2Favatars%2Fava_0010-72.png",
            "first_name": "",
            "real_name": "Rumi Oku",
            "display_name": "",
            "team": "TFU0BKCQP",
            "name": "rumioku",
            "is_restricted": false,
            "is_ultra_restricted": false
        },
        "attachments": [
            {
                "service_name": "HashiCorp",
                "title": "Partner Solutions Engineer, Japan - Tokyo (Remote) - Jobs at HashiCorp",
                "title_link": "https:\/\/www.hashicorp.com\/job\/2521715",
                "text": "Join our team and help us build industry-leading products that are redefining how enterprises are running their IT infrastructure.",
                "fallback": "HashiCorp: Partner Solutions Engineer, Japan - Tokyo (Remote) - Jobs at HashiCorp",
                "image_url": "https:\/\/www.datocms-assets.com\/2885\/1542060715-hashicorpshare-imglogo-w-stack-graphic1200x630.png",
                "from_url": "https:\/\/www.hashicorp.com\/job\/2521715",
                "image_width": 476,
                "image_height": 250,
                "image_bytes": 144778,
                "id": 1,
                "original_url": "https:\/\/www.hashicorp.com\/job\/2521715"
            }
        ],
        "blocks": [
            {
                "type": "rich_text",
                "block_id": "CGqvD",
                "elements": [
                    {
                        "type": "rich_text_section",
                        "elements": [
                            {
                                "type": "text",
                                "text": "[HashiCorpで働きたいエンジニア募集]　プリセールスおよびパートナーチームでSEを募集してます！日本在住の方で日本語がしゃべれる HashiCorp製品が大好きな方、是非、ご応募お待ちしてます〜気軽にDMいただければ、カジュアルにお話もできます！"
                            },
                            {
                                "type": "link",
                                "url": "https:\/\/www.hashicorp.com\/job\/2521715"
                            }
                        ]
                    }
                ]
            }
        ],
        "reactions": [
            {
                "name": "tada",
                "users": [
                    "UFU0BKD8F",
                    "UHS4SFFA7",
                    "UGY9BJ1NF",
                    "UREE40K7A",
                    "U01AEH6SRL2",
                    "UR5BX70JC",
                    "U01E5H76RNX",
                    "UKAKENQAF",
                    "U01GAQPRFQB",
                    "U012X6FSHC7",
                    "UGV9YDCVD",
                    "UTS83NH0D",
                    "UL49H207R",
                    "UGW0ABZLG",
                    "ULNRQ99GB",
                    "U01GW0D6MD2"
                ],
                "count": 16
            }
        ]
    }
]