[
    {
        "client_msg_id": "80a15f8f-3707-4b5a-a1ce-fc1cda72a68a",
        "type": "message",
        "text": "発表者の方、資料登録おねがいしまーす！\n<@UHS4SFFA7> さんのはいれときました\n<https:\/\/terraform-jp.connpass.com\/event\/200581\/presentation\/>",
        "user": "UG46Z57TN",
        "ts": "1612954050.037300",
        "team": "TFU0BKCQP",
        "user_team": "TFU0BKCQP",
        "source_team": "TFU0BKCQP",
        "user_profile": {
            "avatar_hash": "c6bdd4cb17db",
            "image_72": "https:\/\/avatars.slack-edge.com\/2019-07-05\/685991185957_c6bdd4cb17db956661a1_72.jpg",
            "first_name": "Takeshi",
            "real_name": "Takeshi Kondo",
            "display_name": "chaspy",
            "team": "TFU0BKCQP",
            "name": "take.she12",
            "is_restricted": false,
            "is_ultra_restricted": false
        },
        "attachments": [
            {
                "service_name": "connpass",
                "title": "Terraform meetup ONLINE #2021.02 - 資料一覧 - connpass",
                "title_link": "https:\/\/terraform-jp.connpass.com\/event\/200581\/presentation\/",
                "text": "「Terraform meetup ONLINE #2021.02」の資料一覧です",
                "fallback": "connpass: Terraform meetup ONLINE #2021.02 - 資料一覧 - connpass",
                "thumb_url": "https:\/\/github.githubassets.com\/images\/modules\/gists\/gist-og-image.png",
                "from_url": "https:\/\/terraform-jp.connpass.com\/event\/200581\/presentation\/",
                "thumb_width": 1280,
                "thumb_height": 640,
                "service_icon": "https:\/\/connpass.com\/static\/img\/apple_touch_icon.png",
                "id": 1,
                "original_url": "https:\/\/terraform-jp.connpass.com\/event\/200581\/presentation\/"
            }
        ],
        "blocks": [
            {
                "type": "rich_text",
                "block_id": "=2Ete",
                "elements": [
                    {
                        "type": "rich_text_section",
                        "elements": [
                            {
                                "type": "text",
                                "text": "発表者の方、資料登録おねがいしまーす！\n"
                            },
                            {
                                "type": "user",
                                "user_id": "UHS4SFFA7"
                            },
                            {
                                "type": "text",
                                "text": " さんのはいれときました\n"
                            },
                            {
                                "type": "link",
                                "url": "https:\/\/terraform-jp.connpass.com\/event\/200581\/presentation\/"
                            }
                        ]
                    }
                ]
            }
        ],
        "thread_ts": "1611796253.004800",
        "parent_user_id": "UFU0BKD8F",
        "reactions": [
            {
                "name": "pray",
                "users": [
                    "UHS4SFFA7"
                ],
                "count": 1
            },
            {
                "name": "terraform-spin",
                "users": [
                    "U012X6FSHC7"
                ],
                "count": 1
            }
        ]
    }
]