[
    {
        "client_msg_id": "e98e0fc3-79f3-44d2-b89f-065aaef641ff",
        "type": "message",
        "text": "<@UFU0BKD8F>\nTitle: How to add a new lint to tflint-ruleset-aws\nAbstract: tflint の aws 向けの rule set \"<https:\/\/github.com\/terraform-linters\/tflint-ruleset-aws\/>\" は pluggable になっており、新規 rule 追加がしやすくなっています。本発表では DB Instance の engine が valid のテストを追加する PR を元に、Contribution の方法と、その lint の仕組みを解説します。\n時間: 10分\n\n<https:\/\/github.com\/terraform-linters\/tflint-ruleset-aws\/pull\/61>\n^これが通るかわかんないけどまぁコードよみよみぐらいはしたら何か喋れるんじゃないかと思いますのでこのネタでいきます",
        "user": "UG46Z57TN",
        "ts": "1612722128.015200",
        "team": "TFU0BKCQP",
        "user_team": "TFU0BKCQP",
        "source_team": "TFU0BKCQP",
        "user_profile": {
            "avatar_hash": "c6bdd4cb17db",
            "image_72": "https:\/\/avatars.slack-edge.com\/2019-07-05\/685991185957_c6bdd4cb17db956661a1_72.jpg",
            "first_name": "Takeshi",
            "real_name": "Takeshi Kondo",
            "display_name": "chaspy",
            "team": "TFU0BKCQP",
            "name": "take.she12",
            "is_restricted": false,
            "is_ultra_restricted": false
        },
        "attachments": [
            {
                "fallback": "[terraform-linters\/tflint-ruleset-aws] #61 Add lint for db_instance's engine attribute",
                "title": "#61 Add lint for db_instance's engine attribute",
                "footer": "<https:\/\/github.com\/terraform-linters\/tflint-ruleset-aws|terraform-linters\/tflint-ruleset-aws>",
                "id": 1,
                "title_link": "https:\/\/github.com\/terraform-linters\/tflint-ruleset-aws\/pull\/61",
                "footer_icon": "https:\/\/github.githubassets.com\/favicon.ico",
                "ts": 1612720344,
                "color": "36a64f",
                "mrkdwn_in": [
                    "text"
                ],
                "bot_id": "BH12QQBB4",
                "app_unfurl_url": "https:\/\/github.com\/terraform-linters\/tflint-ruleset-aws\/pull\/61",
                "is_app_unfurl": true
            }
        ],
        "blocks": [
            {
                "type": "rich_text",
                "block_id": "akM",
                "elements": [
                    {
                        "type": "rich_text_section",
                        "elements": [
                            {
                                "type": "user",
                                "user_id": "UFU0BKD8F"
                            },
                            {
                                "type": "text",
                                "text": "\nTitle: How to add a new lint to tflint-ruleset-aws\nAbstract: tflint の aws 向けの rule set \""
                            },
                            {
                                "type": "link",
                                "url": "https:\/\/github.com\/terraform-linters\/tflint-ruleset-aws\/"
                            },
                            {
                                "type": "text",
                                "text": "\" は pluggable になっており、新規 rule 追加がしやすくなっています。本発表では DB Instance の engine が valid のテストを追加する PR を元に、Contribution の方法と、その lint の仕組みを解説します。\n時間: 10分\n\n"
                            },
                            {
                                "type": "link",
                                "url": "https:\/\/github.com\/terraform-linters\/tflint-ruleset-aws\/pull\/61"
                            },
                            {
                                "type": "text",
                                "text": "\n^これが通るかわかんないけどまぁコードよみよみぐらいはしたら何か喋れるんじゃないかと思いますのでこのネタでいきます"
                            }
                        ]
                    }
                ]
            }
        ],
        "thread_ts": "1611796253.004800",
        "parent_user_id": "UFU0BKD8F",
        "reactions": [
            {
                "name": "+1",
                "users": [
                    "UFU0BKD8F"
                ],
                "count": 1
            }
        ]
    },
    {
        "client_msg_id": "399963c4-551b-4771-b00b-2661d3d040b7",
        "type": "message",
        "text": "編集権限あるのだから自分で追加しよーと思ったけどまだ何も書かれてなかった",
        "user": "UG46Z57TN",
        "ts": "1612722225.015500",
        "team": "TFU0BKCQP",
        "user_team": "TFU0BKCQP",
        "source_team": "TFU0BKCQP",
        "user_profile": {
            "avatar_hash": "c6bdd4cb17db",
            "image_72": "https:\/\/avatars.slack-edge.com\/2019-07-05\/685991185957_c6bdd4cb17db956661a1_72.jpg",
            "first_name": "Takeshi",
            "real_name": "Takeshi Kondo",
            "display_name": "chaspy",
            "team": "TFU0BKCQP",
            "name": "take.she12",
            "is_restricted": false,
            "is_ultra_restricted": false
        },
        "blocks": [
            {
                "type": "rich_text",
                "block_id": "ydNO",
                "elements": [
                    {
                        "type": "rich_text_section",
                        "elements": [
                            {
                                "type": "text",
                                "text": "編集権限あるのだから自分で追加しよーと思ったけどまだ何も書かれてなかった"
                            }
                        ]
                    }
                ]
            }
        ],
        "thread_ts": "1611796253.004800",
        "parent_user_id": "UFU0BKD8F"
    },
    {
        "client_msg_id": "51955179-a03f-44b7-ae78-edb92cd8d36c",
        "type": "message",
        "text": "ごめんごめん、のほほんとしてたｗ",
        "user": "UFU0BKD8F",
        "ts": "1612742350.015800",
        "team": "TFU0BKCQP",
        "user_team": "TFU0BKCQP",
        "source_team": "TFU0BKCQP",
        "user_profile": {
            "avatar_hash": "92c41c62c7b0",
            "image_72": "https:\/\/avatars.slack-edge.com\/2019-01-30\/537137791812_92c41c62c7b0f054d3dd_72.jpg",
            "first_name": "らき",
            "real_name": "らき",
            "display_name": "raki",
            "team": "TFU0BKCQP",
            "name": "nishimuray",
            "is_restricted": false,
            "is_ultra_restricted": false
        },
        "blocks": [
            {
                "type": "rich_text",
                "block_id": "Mrm",
                "elements": [
                    {
                        "type": "rich_text_section",
                        "elements": [
                            {
                                "type": "text",
                                "text": "ごめんごめん、のほほんとしてたｗ"
                            }
                        ]
                    }
                ]
            }
        ],
        "thread_ts": "1611796253.004800",
        "parent_user_id": "UFU0BKD8F",
        "reactions": [
            {
                "name": "relaxed",
                "users": [
                    "UG46Z57TN"
                ],
                "count": 1
            }
        ]
    }
]