[
    {
        "type": "message",
        "subtype": "bot_message",
        "text": "",
        "ts": "1551388226.000100",
        "bot_id": "BG2UDF0NA",
        "attachments": [
            {
                "fallback": "terraform-providers\/terraform-provider-kubernetes on GitHub\nv1.5.2",
                "text": "`v1.5.2`",
                "title": "terraform-providers\/terraform-provider-kubernetes on GitHub",
                "id": 1,
                "title_link": "https:\/\/newreleases.io\/github\/terraform-providers\/terraform-provider-kubernetes",
                "mrkdwn_in": [
                    "text"
                ]
            }
        ]
    },
    {
        "type": "message",
        "subtype": "bot_message",
        "text": "",
        "ts": "1551388615.000200",
        "bot_id": "BG2UDF0NA",
        "attachments": [
            {
                "fallback": "hashicorp\/terraform on GitHub\nv0.12.0-beta1",
                "text": "`v0.12.0-beta1`",
                "title": "hashicorp\/terraform on GitHub",
                "id": 1,
                "title_link": "https:\/\/newreleases.io\/github\/hashicorp\/terraform",
                "mrkdwn_in": [
                    "text"
                ]
            }
        ]
    },
    {
        "type": "message",
        "subtype": "bot_message",
        "text": "",
        "ts": "1551395218.000300",
        "bot_id": "BG2UDF0NA",
        "attachments": [
            {
                "fallback": "hashicorp\/terraform on GitHub\nv0.12.0-beta1 pre-release, updated\nrelease note: <https:\/\/newreleases.io\/github\/hashicorp\/terraform?version=v0.12.0-beta1>",
                "text": "`v0.12.0-beta1` _pre-release_, _updated_\n```\nThis is a pre-release version of Terraform v0.12.0.\n\nFor important information on the status of this release, please see the release announcement ( <https:\/\/www.hashicorp.com\/blog\/announcing-terraform-0-1-2-beta1> ).\n```\n<https:\/\/newreleases.io\/github\/hashicorp\/terraform?version=v0.12.0-beta1|release note...>",
                "title": "hashicorp\/terraform on GitHub",
                "id": 1,
                "title_link": "https:\/\/newreleases.io\/github\/hashicorp\/terraform",
                "mrkdwn_in": [
                    "text"
                ]
            }
        ]
    }
]