[
    {
        "type": "message",
        "subtype": "bot_message",
        "text": "",
        "ts": "1552301349.002100",
        "bot_id": "BG2UDF0NA",
        "attachments": [
            {
                "fallback": "terraform-aws-modules\/terraform-aws-rds on GitHub\nv1.24.0",
                "text": "`v1.24.0`",
                "title": "terraform-aws-modules\/terraform-aws-rds on GitHub",
                "id": 1,
                "title_link": "https:\/\/newreleases.io\/github\/terraform-aws-modules\/terraform-aws-rds",
                "mrkdwn_in": [
                    "text"
                ]
            }
        ]
    },
    {
        "type": "message",
        "subtype": "bot_message",
        "text": "",
        "ts": "1552330570.002200",
        "bot_id": "BG2UDF0NA",
        "attachments": [
            {
                "fallback": "hashicorp\/terraform on GitHub\nv0.11.13\nrelease note: <https:\/\/newreleases.io\/github\/hashicorp\/terraform?version=v0.11.13>",
                "text": "`v0.11.13`\n```\nv0.11.13\n```\n<https:\/\/newreleases.io\/github\/hashicorp\/terraform?version=v0.11.13|release note...>",
                "title": "hashicorp\/terraform on GitHub",
                "id": 1,
                "title_link": "https:\/\/newreleases.io\/github\/hashicorp\/terraform",
                "mrkdwn_in": [
                    "text"
                ]
            }
        ]
    }
]