[
    {
        "type": "message",
        "subtype": "bot_message",
        "text": "",
        "ts": "1552930272.009400",
        "bot_id": "BG2UDF0NA",
        "attachments": [
            {
                "fallback": "terraform-aws-modules\/terraform-aws-rds on GitHub\nv1.26.0",
                "text": "`v1.26.0`",
                "title": "terraform-aws-modules\/terraform-aws-rds on GitHub",
                "id": 1,
                "title_link": "https:\/\/newreleases.io\/github\/terraform-aws-modules\/terraform-aws-rds",
                "mrkdwn_in": [
                    "text"
                ]
            }
        ]
    },
    {
        "type": "message",
        "subtype": "bot_message",
        "text": "",
        "ts": "1552946642.009500",
        "bot_id": "BG2UDF0NA",
        "attachments": [
            {
                "fallback": "hashicorp\/vault on GitHub\nv1.1.0",
                "text": "`v1.1.0`",
                "title": "hashicorp\/vault on GitHub",
                "id": 1,
                "title_link": "https:\/\/newreleases.io\/github\/hashicorp\/vault",
                "mrkdwn_in": [
                    "text"
                ]
            }
        ]
    }
]