[
    {
        "type": "message",
        "subtype": "bot_message",
        "text": "",
        "ts": "1551695876.000400",
        "bot_id": "BG2UDF0NA",
        "attachments": [
            {
                "fallback": "hashicorp\/packer on GitHub\nv1.3.5",
                "text": "`v1.3.5`",
                "title": "hashicorp\/packer on GitHub",
                "id": 1,
                "title_link": "https:\/\/newreleases.io\/github\/hashicorp\/packer",
                "mrkdwn_in": [
                    "text"
                ]
            }
        ]
    }
]