[
    {
        "user": "UGYL7FUBA",
        "type": "message",
        "subtype": "app_conversation_join",
        "ts": "1552744763.003900",
        "text": "<@UGYL7FUBA>さんがこの会話に追加されました。",
        "inviter": "UFU0BKD8F"
    },
    {
        "bot_id": "BH11SV83W",
        "type": "message",
        "text": "",
        "user": "UGYL7FUBA",
        "ts": "1552745057.004200",
        "attachments": [
            {
                "text": "Subscribed to <https:\/\/github.com\/terraformjp\/terraformjp.github.io|terraformjp\/terraformjp.github.io>",
                "id": 1,
                "color": "24292f",
                "fallback": "Subscribed to <https:\/\/github.com\/terraformjp\/terraformjp.github.io|terraformjp\/terraformjp.github.io>"
            }
        ]
    },
    {
        "bot_id": "BH12QQBB4",
        "type": "message",
        "text": "",
        "user": "UGYL7FUBA",
        "ts": "1552745207.004300",
        "edited": {
            "user": "UGYL7FUBA",
            "ts": "1552745698.000000"
        },
        "attachments": [
            {
                "author_name": "officel",
                "fallback": "[terraformjp\/terraformjp.github.io] Issue opened by officel",
                "text": "• <https:\/\/tech.qookie.jp\/posts\/slack-notice-github\/|https:\/\/tech.qookie.jp\/posts\/slack-notice-github\/>\n\nを参考に <http:\/\/terraformjp.github.io|terraformjp.github.io> リポジトリの更新を通知するようにしてみた",
                "pretext": "Issue opened by officel",
                "title": "#6 github - slack 連携のテスト",
                "footer": "<https:\/\/github.com\/terraformjp\/terraformjp.github.io|terraformjp\/terraformjp.github.io>",
                "id": 1,
                "title_link": "https:\/\/github.com\/terraformjp\/terraformjp.github.io\/issues\/6",
                "author_link": "https:\/\/github.com\/officel",
                "author_icon": "https:\/\/avatars0.githubusercontent.com\/u\/110354?v=4",
                "ts": 1552745205,
                "color": "cb2431",
                "fields": [
                    {
                        "title": "Comments",
                        "value": "2",
                        "short": true
                    }
                ],
                "mrkdwn_in": [
                    "text"
                ]
            }
        ]
    },
    {
        "bot_id": "BH12QQBB4",
        "type": "message",
        "text": "",
        "user": "UGYL7FUBA",
        "ts": "1552745697.004400",
        "attachments": [
            {
                "fallback": "[terraformjp\/terraformjp.github.io] Issue closed by officel",
                "pretext": "Issue closed by officel",
                "title": "#6 github - slack 連携のテスト",
                "footer": "<https:\/\/github.com\/terraformjp\/terraformjp.github.io|terraformjp\/terraformjp.github.io>",
                "id": 1,
                "title_link": "https:\/\/github.com\/terraformjp\/terraformjp.github.io\/issues\/6",
                "ts": 1552745205,
                "color": "cb2431",
                "mrkdwn_in": [
                    "text"
                ]
            }
        ]
    },
    {
        "client_msg_id": "291f1108-233d-4be2-a2e4-0180f4c3cfc7",
        "type": "message",
        "text": "なんでオープンISSUEのステータスカラーが赤なんじゃろ。。。\n普通緑になるはずでわ。。。",
        "user": "UFU0BKD8F",
        "ts": "1552745871.006000"
    },
    {
        "client_msg_id": "3926677A-FCAD-4C14-84FD-FFBCDD33F96E",
        "type": "message",
        "text": "closeしたら赤に全部変わりますね",
        "user": "UGW0TPSQY",
        "ts": "1552746075.006700"
    },
    {
        "client_msg_id": "f47807e9-a05b-4585-83e7-3aad45108135",
        "type": "message",
        "text": "あ、既に投稿されてる分も変わるんですか？",
        "user": "UFU0BKD8F",
        "ts": "1552746110.007200"
    },
    {
        "bot_id": "BH12QQBB4",
        "type": "message",
        "text": "",
        "user": "UGYL7FUBA",
        "ts": "1552746220.007300",
        "edited": {
            "user": "UGYL7FUBA",
            "ts": "1552746426.000000"
        },
        "attachments": [
            {
                "author_name": "officel",
                "fallback": "[terraformjp\/terraformjp.github.io] Issue opened by officel",
                "text": "最初は緑",
                "pretext": "Issue opened by officel",
                "title": "#7 slack に投稿されたステータスカラーが変化するらしいのでテスト",
                "footer": "<https:\/\/github.com\/terraformjp\/terraformjp.github.io|terraformjp\/terraformjp.github.io>",
                "id": 1,
                "title_link": "https:\/\/github.com\/terraformjp\/terraformjp.github.io\/issues\/7",
                "author_link": "https:\/\/github.com\/officel",
                "author_icon": "https:\/\/avatars0.githubusercontent.com\/u\/110354?v=4",
                "ts": 1552746219,
                "color": "cb2431",
                "fields": [
                    {
                        "title": "Labels",
                        "value": "question",
                        "short": true
                    },
                    {
                        "title": "Comments",
                        "value": "2",
                        "short": true
                    }
                ],
                "mrkdwn_in": [
                    "text"
                ]
            }
        ]
    },
    {
        "client_msg_id": "7baee665-c530-4112-b84a-d8d961dc8806",
        "type": "message",
        "text": "本当だｗ",
        "user": "UFU0BKD8F",
        "ts": "1552746229.007500"
    },
    {
        "client_msg_id": "8e820fd7-02eb-4606-b5e7-f69f63359bf8",
        "type": "message",
        "text": "コメント追加しただけだと何も起きない",
        "user": "UFU0BKD8F",
        "ts": "1552746297.007800"
    },
    {
        "client_msg_id": "2cc451e9-5a32-4ab8-ba50-698a282fdb87",
        "type": "message",
        "text": "ラベルを追加すると投稿が更新される",
        "user": "UFU0BKD8F",
        "ts": "1552746350.008300"
    },
    {
        "bot_id": "BH12QQBB4",
        "type": "message",
        "text": "",
        "user": "UGYL7FUBA",
        "ts": "1552746425.008400",
        "attachments": [
            {
                "fallback": "[terraformjp\/terraformjp.github.io] Issue closed by officel",
                "pretext": "Issue closed by officel",
                "title": "#7 slack に投稿されたステータスカラーが変化するらしいのでテスト",
                "footer": "<https:\/\/github.com\/terraformjp\/terraformjp.github.io|terraformjp\/terraformjp.github.io>",
                "id": 1,
                "title_link": "https:\/\/github.com\/terraformjp\/terraformjp.github.io\/issues\/7",
                "ts": 1552746219,
                "color": "cb2431",
                "mrkdwn_in": [
                    "text"
                ]
            }
        ]
    },
    {
        "client_msg_id": "9b86bde2-bca3-44e4-9440-6aa577afb410",
        "type": "message",
        "text": "<@UGW0TPSQY> テストできました。ありがとうございます。",
        "user": "UFU0BKD8F",
        "ts": "1552746524.009000"
    }
]