[
    {
        "type": "message",
        "subtype": "bot_message",
        "text": "",
        "ts": "1553628289.010900",
        "bot_id": "BG2UDF0NA",
        "attachments": [
            {
                "fallback": "terraform-providers\/terraform-provider-google on GitHub\nv2.3.0",
                "text": "`v2.3.0`",
                "title": "terraform-providers\/terraform-provider-google on GitHub",
                "id": 1,
                "title_link": "https:\/\/newreleases.io\/github\/terraform-providers\/terraform-provider-google",
                "mrkdwn_in": [
                    "text"
                ]
            }
        ]
    },
    {
        "type": "message",
        "subtype": "bot_message",
        "text": "",
        "ts": "1553636008.011000",
        "bot_id": "BG2UDF0NA",
        "attachments": [
            {
                "fallback": "hashicorp\/consul on GitHub\ninternal\/v0.1.0",
                "text": "`internal\/v0.1.0`",
                "title": "hashicorp\/consul on GitHub",
                "id": 1,
                "title_link": "https:\/\/newreleases.io\/github\/hashicorp\/consul",
                "mrkdwn_in": [
                    "text"
                ]
            }
        ]
    },
    {
        "type": "message",
        "subtype": "bot_message",
        "text": "",
        "ts": "1553636609.011100",
        "bot_id": "BG2UDF0NA",
        "attachments": [
            {
                "fallback": "hashicorp\/consul on GitHub\napi\/v1.0.0",
                "text": "`api\/v1.0.0`",
                "title": "hashicorp\/consul on GitHub",
                "id": 1,
                "title_link": "https:\/\/newreleases.io\/github\/hashicorp\/consul",
                "mrkdwn_in": [
                    "text"
                ]
            }
        ]
    }
]