[
    {
        "client_msg_id": "5291e3a2-c168-44e6-a230-f90086849bf6",
        "type": "message",
        "text": "ありがとうございます！そうですよね。。。",
        "user": "U01TMEARC2F",
        "ts": "1666963694.047349",
        "blocks": [
            {
                "type": "rich_text",
                "block_id": "0e+kz",
                "elements": [
                    {
                        "type": "rich_text_section",
                        "elements": [
                            {
                                "type": "text",
                                "text": "ありがとうございます！そうですよね。。。"
                            }
                        ]
                    }
                ]
            }
        ],
        "team": "TFU0BKCQP",
        "user_team": "TFU0BKCQP",
        "source_team": "TFU0BKCQP",
        "user_profile": {
            "avatar_hash": "91b3166c416e",
            "image_72": "https:\/\/avatars.slack-edge.com\/2021-04-07\/1939276726386_91b3166c416e442d7f3c_72.jpg",
            "first_name": "翁華宏",
            "real_name": "翁華宏",
            "display_name": "kahirokunn",
            "team": "TFU0BKCQP",
            "name": "okinakahiro",
            "is_restricted": false,
            "is_ultra_restricted": false
        },
        "thread_ts": "1666322260.522389",
        "parent_user_id": "U01TMEARC2F"
    },
    {
        "client_msg_id": "3f377452-1c68-4891-ab21-f88016422a79",
        "type": "message",
        "text": "ちなみに今回はlogを有効化して調査した結果、依存グラフが驚くほどのサイズに膨れ上がっていました。\n原因は、巨大なterraform moduleが２つあり、それらにdepends_onを付けたのが原因で、指数関数的に実行時間が伸びていました。。。\nイメージこんな感じです。\n\n```module \"ultra_big\" {}\n\nmodule \"ultra_big2\" { depends_on=[module.ultra_big] }```\nこれを、以下の様にしたら解消されました。\n\n```module \"ultra_big\" {}\n\nmodule \"ultra_big2\" { }```\n",
        "user": "U01TMEARC2F",
        "ts": "1666963817.328039",
        "blocks": [
            {
                "type": "rich_text",
                "block_id": "xp0",
                "elements": [
                    {
                        "type": "rich_text_section",
                        "elements": [
                            {
                                "type": "text",
                                "text": "ちなみに今回はlogを有効化して調査した結果、依存グラフが驚くほどのサイズに膨れ上がっていました。\n原因は、巨大なterraform moduleが２つあり、それらにdepends_onを付けたのが原因で、指数関数的に実行時間が伸びていました。。。\nイメージこんな感じです。\n\n"
                            }
                        ]
                    },
                    {
                        "type": "rich_text_preformatted",
                        "elements": [
                            {
                                "type": "text",
                                "text": "module \"ultra_big\" {}\n\nmodule \"ultra_big2\" { depends_on=[module.ultra_big] }"
                            }
                        ],
                        "border": 0
                    },
                    {
                        "type": "rich_text_section",
                        "elements": [
                            {
                                "type": "text",
                                "text": "\nこれを、以下の様にしたら解消されました。\n\n"
                            }
                        ]
                    },
                    {
                        "type": "rich_text_preformatted",
                        "elements": [
                            {
                                "type": "text",
                                "text": "module \"ultra_big\" {}\n\nmodule \"ultra_big2\" { }"
                            }
                        ],
                        "border": 0
                    },
                    {
                        "type": "rich_text_section",
                        "elements": []
                    }
                ]
            }
        ],
        "team": "TFU0BKCQP",
        "user_team": "TFU0BKCQP",
        "source_team": "TFU0BKCQP",
        "user_profile": {
            "avatar_hash": "91b3166c416e",
            "image_72": "https:\/\/avatars.slack-edge.com\/2021-04-07\/1939276726386_91b3166c416e442d7f3c_72.jpg",
            "first_name": "翁華宏",
            "real_name": "翁華宏",
            "display_name": "kahirokunn",
            "team": "TFU0BKCQP",
            "name": "okinakahiro",
            "is_restricted": false,
            "is_ultra_restricted": false
        },
        "thread_ts": "1666322260.522389",
        "parent_user_id": "U01TMEARC2F",
        "reactions": [
            {
                "name": "eyes",
                "users": [
                    "U01UFN81W1E"
                ],
                "count": 1
            }
        ]
    },
    {
        "client_msg_id": "ece79e6e-a3d0-46c2-bc9a-b587b1aebe81",
        "type": "message",
        "text": "(全然関係なくてすいませんでした。。。って感じでした :cry:",
        "user": "U01TMEARC2F",
        "ts": "1666963833.799389",
        "blocks": [
            {
                "type": "rich_text",
                "block_id": "mmmq\/",
                "elements": [
                    {
                        "type": "rich_text_section",
                        "elements": [
                            {
                                "type": "text",
                                "text": "(全然関係なくてすいませんでした。。。って感じでした "
                            },
                            {
                                "type": "emoji",
                                "name": "cry",
                                "unicode": "1f622"
                            }
                        ]
                    }
                ]
            }
        ],
        "team": "TFU0BKCQP",
        "user_team": "TFU0BKCQP",
        "source_team": "TFU0BKCQP",
        "user_profile": {
            "avatar_hash": "91b3166c416e",
            "image_72": "https:\/\/avatars.slack-edge.com\/2021-04-07\/1939276726386_91b3166c416e442d7f3c_72.jpg",
            "first_name": "翁華宏",
            "real_name": "翁華宏",
            "display_name": "kahirokunn",
            "team": "TFU0BKCQP",
            "name": "okinakahiro",
            "is_restricted": false,
            "is_ultra_restricted": false
        },
        "thread_ts": "1666322260.522389",
        "parent_user_id": "U01TMEARC2F"
    },
    {
        "client_msg_id": "54b1ec7f-816d-4c38-9731-3878ea136261",
        "type": "message",
        "text": "なるほど〜。もしかするとフリープランはメモリの割当が小さめで、巨大なplanが激重になるってことなのかもしれないですね。なんにせよ解決したようでよかったです :ok_hand:",
        "user": "UHS4SFFA7",
        "ts": "1666966440.987829",
        "blocks": [
            {
                "type": "rich_text",
                "block_id": "GwaZ",
                "elements": [
                    {
                        "type": "rich_text_section",
                        "elements": [
                            {
                                "type": "text",
                                "text": "なるほど〜。もしかするとフリープランはメモリの割当が小さめで、巨大なplanが激重になるってことなのかもしれないですね。なんにせよ解決したようでよかったです "
                            },
                            {
                                "type": "emoji",
                                "name": "ok_hand",
                                "unicode": "1f44c"
                            }
                        ]
                    }
                ]
            }
        ],
        "team": "TFU0BKCQP",
        "user_team": "TFU0BKCQP",
        "source_team": "TFU0BKCQP",
        "user_profile": {
            "avatar_hash": "gade34f8bdf1",
            "image_72": "https:\/\/secure.gravatar.com\/avatar\/5ade34f8bdf1b55c4ff82c11cf23cf42.jpg?s=72&d=https%3A%2F%2Fa.slack-edge.com%2Fdf10d%2Fimg%2Favatars%2Fava_0008-72.png",
            "first_name": "",
            "real_name": "minamijoyo",
            "display_name": "minamijoyo",
            "team": "TFU0BKCQP",
            "name": "minamijoyo",
            "is_restricted": false,
            "is_ultra_restricted": false
        },
        "thread_ts": "1666322260.522389",
        "parent_user_id": "U01TMEARC2F",
        "reactions": [
            {
                "name": "man-bowing",
                "users": [
                    "U01TMEARC2F"
                ],
                "count": 1
            }
        ]
    },
    {
        "client_msg_id": "4F7196DE-F707-4B9B-AEE8-5F9BB3EA6EC4",
        "type": "message",
        "text": "ありがとうございます！！！:raised_hands:",
        "user": "U01TMEARC2F",
        "ts": "1666966465.667099",
        "blocks": [
            {
                "type": "rich_text",
                "block_id": "iVXp",
                "elements": [
                    {
                        "type": "rich_text_section",
                        "elements": [
                            {
                                "type": "text",
                                "text": "ありがとうございます！！！"
                            },
                            {
                                "type": "emoji",
                                "name": "raised_hands",
                                "unicode": "1f64c"
                            }
                        ]
                    }
                ]
            }
        ],
        "team": "TFU0BKCQP",
        "user_team": "TFU0BKCQP",
        "source_team": "TFU0BKCQP",
        "user_profile": {
            "avatar_hash": "91b3166c416e",
            "image_72": "https:\/\/avatars.slack-edge.com\/2021-04-07\/1939276726386_91b3166c416e442d7f3c_72.jpg",
            "first_name": "翁華宏",
            "real_name": "翁華宏",
            "display_name": "kahirokunn",
            "team": "TFU0BKCQP",
            "name": "okinakahiro",
            "is_restricted": false,
            "is_ultra_restricted": false
        },
        "thread_ts": "1666322260.522389",
        "parent_user_id": "U01TMEARC2F"
    }
]