[
    {
        "client_msg_id": "c3514c7a-9afd-49c3-a37c-d506b0bf95fc",
        "type": "message",
        "text": "（Terraform Cloudユーザではなく、直接の回答ではないのですが、誰も回答が付かないので）\n\nフリープランのリソース制限について公式の言及は見つけられませんでしたが、一般的にフリープランは優先度やリソース割当が低いということは可能性としてはありそうというぐらいしか分かりませんでした。なんの回答にもなっていないですが。",
        "user": "UHS4SFFA7",
        "ts": "1666746352.536779",
        "blocks": [
            {
                "type": "rich_text",
                "block_id": "sal",
                "elements": [
                    {
                        "type": "rich_text_section",
                        "elements": [
                            {
                                "type": "text",
                                "text": "（Terraform Cloudユーザではなく、直接の回答ではないのですが、誰も回答が付かないので）\n\nフリープランのリソース制限について公式の言及は見つけられませんでしたが、一般的にフリープランは優先度やリソース割当が低いということは可能性としてはありそうというぐらいしか分かりませんでした。なんの回答にもなっていないですが。"
                            }
                        ]
                    }
                ]
            }
        ],
        "team": "TFU0BKCQP",
        "user_team": "TFU0BKCQP",
        "source_team": "TFU0BKCQP",
        "user_profile": {
            "avatar_hash": "gade34f8bdf1",
            "image_72": "https:\/\/secure.gravatar.com\/avatar\/5ade34f8bdf1b55c4ff82c11cf23cf42.jpg?s=72&d=https%3A%2F%2Fa.slack-edge.com%2Fdf10d%2Fimg%2Favatars%2Fava_0008-72.png",
            "first_name": "",
            "real_name": "minamijoyo",
            "display_name": "minamijoyo",
            "team": "TFU0BKCQP",
            "name": "minamijoyo",
            "is_restricted": false,
            "is_ultra_restricted": false
        },
        "thread_ts": "1666322260.522389",
        "parent_user_id": "U01TMEARC2F"
    }
]