[
    {
        "type": "message",
        "subtype": "bot_message",
        "text": "",
        "ts": "1625492571.005600",
        "bot_id": "BG2UDF0NA",
        "attachments": [
            {
                "fallback": "DataDog\/ansible-datadog on GitHub\n4.11.0",
                "text": "`4.11.0`",
                "title": "DataDog\/ansible-datadog on GitHub",
                "id": 1,
                "title_link": "https:\/\/newreleases.io\/github\/DataDog\/ansible-datadog",
                "mrkdwn_in": [
                    "text"
                ]
            }
        ]
    },
    {
        "type": "message",
        "subtype": "bot_message",
        "text": "",
        "ts": "1625492797.005700",
        "bot_id": "BG2UDF0NA",
        "attachments": [
            {
                "fallback": "DataDog\/ansible-datadog on GitHub\n4.11.0 \/ 2021-07-054.11.0 updated\nrelease note: <https:\/\/newreleases.io\/github\/DataDog\/ansible-datadog?version=4.11.0>",
                "text": "*4.11.0 \/ 2021-07-05* `4.11.0` _updated_\n```\n* [IMPROVEMENT] Install datadog-signing-keys package on Debian\/Ubuntu. See #372.\n\n* [IMPROVEMENT] Skip install on Linux systems when pinned version is already installed. See #371.\n\n* [IMPROVEMENT] Update 'http' URLs to 'https' wherever possible. See #369.Thanks @rossigee.\n\n* [BUGFIX] Detect existing version in check mode on Windows. See #364. Thanks @camjay.\n```\n<https:\/\/newreleases.io\/github\/DataDog\/ansible-datadog?version=4.11.0|release note...>",
                "title": "DataDog\/ansible-datadog on GitHub",
                "id": 1,
                "title_link": "https:\/\/newreleases.io\/github\/DataDog\/ansible-datadog",
                "mrkdwn_in": [
                    "text"
                ]
            }
        ]
    }
]