[
    {
        "type": "message",
        "subtype": "bot_message",
        "text": "",
        "ts": "1626403765.006300",
        "bot_id": "BG2UDF0NA",
        "attachments": [
            {
                "fallback": "terraform-providers\/terraform-provider-azurerm on GitHub\nv2.68.0",
                "text": "`v2.68.0`",
                "title": "terraform-providers\/terraform-provider-azurerm on GitHub",
                "id": 1,
                "title_link": "https:\/\/newreleases.io\/github\/terraform-providers\/terraform-provider-azurerm",
                "mrkdwn_in": [
                    "text"
                ]
            }
        ]
    },
    {
        "type": "message",
        "subtype": "bot_message",
        "text": "",
        "ts": "1626404217.006400",
        "bot_id": "BG2UDF0NA",
        "attachments": [
            {
                "fallback": "terraform-providers\/terraform-provider-azurerm on GitHub\nv2.68.0v2.68.0 updated\nrelease note: <https:\/\/newreleases.io\/github\/terraform-providers\/terraform-provider-azurerm?version=v2.68.0>",
                "text": "*v2.68.0* `v2.68.0` _updated_\n<https:\/\/newreleases.io\/github\/terraform-providers\/terraform-provider-azurerm?version=v2.68.0|release note...>",
                "title": "terraform-providers\/terraform-provider-azurerm on GitHub",
                "id": 1,
                "title_link": "https:\/\/newreleases.io\/github\/terraform-providers\/terraform-provider-azurerm",
                "mrkdwn_in": [
                    "text"
                ]
            }
        ]
    }
]