[
    {
        "type": "message",
        "subtype": "bot_message",
        "text": "",
        "ts": "1626745233.006500",
        "bot_id": "BG2UDF0NA",
        "attachments": [
            {
                "fallback": "ansible\/ansible on GitHub\nv2.10.12 \n\nv2.9.24",
                "text": "`v2.10.12` \n\n`v2.9.24`",
                "title": "ansible\/ansible on GitHub",
                "id": 1,
                "title_link": "https:\/\/newreleases.io\/github\/ansible\/ansible",
                "mrkdwn_in": [
                    "text"
                ]
            }
        ]
    }
]