[
    {
        "client_msg_id": "c8f22d66-7077-434d-9051-4f041445ef2e",
        "type": "message",
        "text": "初めまして。\nterraform-provider-tfeにて、3ヶ月ほど前からPRしてたバグの修正があったのですが、\nなかなかマージどころかレビューにも廻らず、そろそろここで相談しようかと思ってた矢先に、\n他の方が拾ってくれて、本日無事マージされました:relaxed:\n\nそれはさて置き、やはり気になったバグや機能追加で自分でもできる程度のことは積極的に協力していきたいと思っていますので、\n詰まったときはいろいろと相談に乗ってもらえると嬉しいです:man-bowing:",
        "user": "U01AEH6SRL2",
        "ts": "1601547216.003500",
        "team": "TFU0BKCQP",
        "user_team": "TFU0BKCQP",
        "source_team": "TFU0BKCQP",
        "user_profile": {
            "avatar_hash": "d3afb6c9e48a",
            "image_72": "https:\/\/avatars.slack-edge.com\/2020-09-19\/1398101624832_d3afb6c9e48a610f6650_72.png",
            "first_name": "くろせえつお",
            "real_name": "くろせえつお",
            "display_name": "kuroseets",
            "team": "TFU0BKCQP",
            "name": "etsuo.kurose",
            "is_restricted": false,
            "is_ultra_restricted": false
        },
        "blocks": [
            {
                "type": "rich_text",
                "block_id": "zvNY",
                "elements": [
                    {
                        "type": "rich_text_section",
                        "elements": [
                            {
                                "type": "text",
                                "text": "初めまして。\nterraform-provider-tfeにて、3ヶ月ほど前からPRしてたバグの修正があったのですが、\nなかなかマージどころかレビューにも廻らず、そろそろここで相談しようかと思ってた矢先に、\n他の方が拾ってくれて、本日無事マージされました"
                            },
                            {
                                "type": "emoji",
                                "name": "relaxed"
                            },
                            {
                                "type": "text",
                                "text": "\n\nそれはさて置き、やはり気になったバグや機能追加で自分でもできる程度のことは積極的に協力していきたいと思っていますので、\n詰まったときはいろいろと相談に乗ってもらえると嬉しいです"
                            },
                            {
                                "type": "emoji",
                                "name": "man-bowing"
                            }
                        ]
                    }
                ]
            }
        ],
        "reactions": [
            {
                "name": "+1",
                "users": [
                    "UFU0BKD8F",
                    "UHS4SFFA7",
                    "UQ7KXKHB9",
                    "UG46Z57TN",
                    "U01GAQPRFQB"
                ],
                "count": 5
            }
        ]
    }
]