[
    {
        "client_msg_id": "dafbd39b-ae87-494d-a4cc-622de1f76356",
        "type": "message",
        "text": "最近知ったんですがasdfってterraformもバージョン切り替えできるんですね <https:\/\/asdf-vm.com\/>",
        "user": "UGZFRS015",
        "ts": "1552552335.066900",
        "attachments": [
            {
                "title": "asdf vm - An extendable version manager",
                "title_link": "https:\/\/asdf-vm.com\/",
                "text": "An extendable version manager",
                "fallback": "asdf vm - An extendable version manager",
                "from_url": "https:\/\/asdf-vm.com\/",
                "service_name": "asdf-vm.com",
                "id": 1,
                "original_url": "https:\/\/asdf-vm.com\/"
            }
        ],
        "thread_ts": "1552552335.066900",
        "reply_count": 2,
        "reply_users_count": 2,
        "latest_reply": "1552553285.067300",
        "reply_users": [
            "UFU0BKD8F",
            "UGZFRS015"
        ],
        "replies": [
            {
                "user": "UFU0BKD8F",
                "ts": "1552553223.067100"
            },
            {
                "user": "UGZFRS015",
                "ts": "1552553285.067300"
            }
        ]
    },
    {
        "client_msg_id": "e0b137a2-766e-41e1-ac80-3ddd41a85a10",
        "type": "message",
        "text": "anyenvにCLIツールも追加した感じなんですかね？",
        "user": "UFU0BKD8F",
        "ts": "1552553223.067100",
        "thread_ts": "1552552335.066900",
        "parent_user_id": "UGZFRS015",
        "reactions": [
            {
                "name": "woman-gesturing-ok",
                "users": [
                    "UGZFRS015"
                ],
                "count": 1
            }
        ]
    },
    {
        "client_msg_id": "b3c10e73-b2a7-4f1a-968d-9cb6698e65e8",
        "type": "message",
        "text": "hashicorp系ツールはpluginがありました <https:\/\/github.com\/Banno\/asdf-hashicorp>",
        "user": "UGZFRS015",
        "ts": "1552553285.067300",
        "attachments": [
            {
                "service_name": "GitHub",
                "title": "Banno\/asdf-hashicorp",
                "title_link": "https:\/\/github.com\/Banno\/asdf-hashicorp",
                "text": "HashiCorp tools plugin for asdf version manager. Contribute to Banno\/asdf-hashicorp development by creating an account on GitHub.",
                "fallback": "GitHub: Banno\/asdf-hashicorp",
                "from_url": "https:\/\/github.com\/Banno\/asdf-hashicorp",
                "thumb_url": "https:\/\/avatars3.githubusercontent.com\/u\/371161?s=400&v=4",
                "thumb_width": 200,
                "thumb_height": 200,
                "service_icon": "https:\/\/a.slack-edge.com\/bfaba\/img\/unfurl_icons\/github.png",
                "id": 1,
                "original_url": "https:\/\/github.com\/Banno\/asdf-hashicorp"
            }
        ],
        "thread_ts": "1552552335.066900",
        "parent_user_id": "UGZFRS015"
    },
    {
        "client_msg_id": "96787d7f-f968-40b9-a3be-072c106f15d8",
        "type": "message",
        "text": "hashiucorpとしてはbest practiceはdeprecateで、official moduleを使えということか\n<https:\/\/github.com\/hashicorp\/best-practices\/>",
        "user": "UG46Z57TN",
        "ts": "1552614162.069400",
        "attachments": [
            {
                "service_name": "GitHub",
                "title": "hashicorp\/best-practices",
                "title_link": "https:\/\/github.com\/hashicorp\/best-practices\/",
                "text": "Contribute to hashicorp\/best-practices development by creating an account on GitHub.",
                "fallback": "GitHub: hashicorp\/best-practices",
                "from_url": "https:\/\/github.com\/hashicorp\/best-practices\/",
                "thumb_url": "https:\/\/avatars0.githubusercontent.com\/u\/761456?s=400&v=4",
                "thumb_width": 250,
                "thumb_height": 250,
                "service_icon": "https:\/\/a.slack-edge.com\/bfaba\/img\/unfurl_icons\/github.png",
                "id": 1,
                "original_url": "https:\/\/github.com\/hashicorp\/best-practices\/"
            }
        ],
        "thread_ts": "1552614162.069400",
        "reply_count": 5,
        "reply_users_count": 3,
        "latest_reply": "1552618378.078700",
        "reply_users": [
            "UGYK9KX4M",
            "UG46Z57TN",
            "UFU0BKD8F"
        ],
        "replies": [
            {
                "user": "UGYK9KX4M",
                "ts": "1552615201.070300"
            },
            {
                "user": "UG46Z57TN",
                "ts": "1552615582.070500"
            },
            {
                "user": "UG46Z57TN",
                "ts": "1552615662.070700"
            },
            {
                "user": "UG46Z57TN",
                "ts": "1552615668.070900"
            },
            {
                "user": "UFU0BKD8F",
                "ts": "1552618378.078700"
            }
        ]
    },
    {
        "client_msg_id": "a5b8c8bb-3cd9-4c3c-946e-fcc8a027ede5",
        "type": "message",
        "text": "github pagesにベストプラクティスみたいなの書いていくとよいですね",
        "user": "UG46Z57TN",
        "ts": "1552614174.069900",
        "reactions": [
            {
                "name": "+1",
                "users": [
                    "UFU0BKD8F"
                ],
                "count": 1
            }
        ]
    },
    {
        "client_msg_id": "d0094460-2388-45e6-99e6-097566fba90f",
        "type": "message",
        "text": "Official moduleなにげに使ったことなかったです",
        "user": "UGYK9KX4M",
        "ts": "1552615201.070300",
        "thread_ts": "1552614162.069400",
        "parent_user_id": "UG46Z57TN"
    },
    {
        "client_msg_id": "d2d6d90c-cbe2-4e2b-b1ff-7298cf73ce7c",
        "type": "message",
        "text": "同じくないんですよね。",
        "user": "UG46Z57TN",
        "ts": "1552615582.070500",
        "thread_ts": "1552614162.069400",
        "parent_user_id": "UG46Z57TN"
    },
    {
        "client_msg_id": "e1fba435-9ba1-45a8-9693-21adc567b273",
        "type": "message",
        "text": "今新しくはじめるならまずofficial moduleからはじめるーでもよさそう",
        "user": "UG46Z57TN",
        "ts": "1552615662.070700",
        "thread_ts": "1552614162.069400",
        "parent_user_id": "UG46Z57TN"
    },
    {
        "client_msg_id": "754c638d-3c85-43ab-b6c8-f8361dfb0b5a",
        "type": "message",
        "text": "すでに作ってきているmoduleがあるからなあ",
        "user": "UG46Z57TN",
        "ts": "1552615668.070900",
        "thread_ts": "1552614162.069400",
        "parent_user_id": "UG46Z57TN"
    },
    {
        "client_msg_id": "86bcfb5a-12af-4656-9a15-1445a14ccf80",
        "type": "message",
        "text": "日本でもこういうのやってくれないかな\n<https:\/\/www.hashicorp.com\/blog\/2019-diversity-scholarship-applications-now-open>",
        "user": "UFU0BKD8F",
        "ts": "1552617442.071500",
        "attachments": [
            {
                "service_name": "HashiCorp - Cloud Infrastructure Automation",
                "title": "HashiCorp 2019 Diversity Scholarship Applications Now Open",
                "title_link": "https:\/\/www.hashicorp.com\/blog\/2019-diversity-scholarship-applications-now-open",
                "text": "For the second year, HashiCorp offers a Diversity Scholarship to help members of groups underrepresented in the tech and open source attend HashiConf EU (8–10 July, 2019 in Amsterdam) and HashiConf US (9-11 September, 2019 in Seattle, WA).",
                "fallback": "HashiCorp - Cloud Infrastructure Automation: HashiCorp 2019 Diversity Scholarship Applications Now Open",
                "thumb_url": "https:\/\/www.datocms-assets.com\/2885\/1518802002-hds-thumb.png",
                "from_url": "https:\/\/www.hashicorp.com\/blog\/2019-diversity-scholarship-applications-now-open",
                "thumb_width": 1458,
                "thumb_height": 1458,
                "service_icon": "https:\/\/www.datocms-assets.com\/2885\/1527033389-favicon.png?w=57&h=57",
                "id": 1,
                "original_url": "https:\/\/www.hashicorp.com\/blog\/2019-diversity-scholarship-applications-now-open"
            }
        ]
    },
    {
        "client_msg_id": "b3f86853-c524-460b-8cbb-633b6a6d4892",
        "type": "message",
        "text": "明日、「Orbsから始めるTerraform生活」という題でLT登壇します〜\n<https:\/\/connpass.com\/event\/120462\/>\n\n明日資料公開するのでその際にはツッコミとかもらえたら嬉しいです",
        "user": "UGY8YDQ2G",
        "ts": "1552617781.073300",
        "attachments": [
            {
                "service_name": "connpass",
                "title": "HashiCorp Terraform &amp; Vault Enterprise 勉強会  in 金沢 (2019\/03\/16 14:00〜)",
                "title_link": "https:\/\/connpass.com\/event\/120462\/",
                "text": "# 概要 HashiCorp Japan 伊藤さまをお招きして、クラウドによるウェブインフラ自動化・コード化のツールである Terraform 、データを保護する Vault の enterprise 版についてお話いただきます。 また、 各コミュニティによる現場での活用方法のLTに加えて、パネルセッションと質問会等を行う予定です。会場にて質問どしどしお寄せください。(twitterハッシュタグなどから運営も拾っていきたいと考えています) 運営には合同会社 DMM.comさま、Kanazawa.rbさま、JAWS-UG金沢さまのご協力を得ています。 みなさんぜひご参加ください。...",
                "fallback": "connpass: HashiCorp Terraform &amp; Vault Enterprise 勉強会  in 金沢 (2019\/03\/16 14:00〜)",
                "thumb_url": "https:\/\/connpass.com\/static\/img\/468_468.png",
                "from_url": "https:\/\/connpass.com\/event\/120462\/",
                "thumb_width": 468,
                "thumb_height": 468,
                "service_icon": "https:\/\/connpass.com\/static\/img\/apple_touch_icon.png",
                "id": 1,
                "original_url": "https:\/\/connpass.com\/event\/120462\/"
            }
        ],
        "reactions": [
            {
                "name": "+1",
                "users": [
                    "UFU0BKD8F",
                    "UGVTSE7LG",
                    "UGYCLKP52",
                    "UGW0TPSQY"
                ],
                "count": 4
            },
            {
                "name": "cool",
                "users": [
                    "UG46Z57TN",
                    "UH0PSGUJ3"
                ],
                "count": 2
            },
            {
                "name": "clap",
                "users": [
                    "UGTNGDPUJ",
                    "UH0MSCD7Z"
                ],
                "count": 2
            }
        ]
    },
    {
        "client_msg_id": "2df23b87-8b1c-47fd-9d51-b5056088fdbd",
        "type": "message",
        "text": "そういえばうちの同僚が場所も見ないで参加ボタン押してたｗ\nお土産に落雁頼んだｗ",
        "user": "UFU0BKD8F",
        "ts": "1552617920.074700"
    },
    {
        "client_msg_id": "728e1fb4-8553-4abc-abad-5f7b4c54c424",
        "type": "message",
        "text": "気づいてもなお行くのがすごいｗ",
        "user": "UG46Z57TN",
        "ts": "1552617942.075400"
    },
    {
        "client_msg_id": "7ab02843-9d5c-4c8c-93e7-c8035bc7417d",
        "type": "message",
        "text": "すごいｗｗｗ",
        "user": "UGY8YDQ2G",
        "ts": "1552617950.075800"
    },
    {
        "client_msg_id": "800b8acd-c8d9-4283-82bf-faa9e973ecea",
        "type": "message",
        "text": "行動力w",
        "user": "UGVTSE7LG",
        "ts": "1552617950.075900"
    },
    {
        "client_msg_id": "eca48434-ce2f-4f50-ad8d-3538cc31f1ce",
        "type": "message",
        "text": "うちの同僚は冗談抜きでいろいろすごいので。。。\nCKADはもちろんCKAも取得済な上にdockerとかk8sのイベントでヨーロッパに\n自費で行っちゃうくらい。。。",
        "user": "UFU0BKD8F",
        "ts": "1552618103.078400",
        "reactions": [
            {
                "name": "cool",
                "users": [
                    "UG46Z57TN",
                    "UG1QN22JZ"
                ],
                "count": 2
            },
            {
                "name": "100",
                "users": [
                    "UGY8YDQ2G",
                    "UGTNGDPUJ",
                    "UFUP9BGES"
                ],
                "count": 3
            }
        ]
    },
    {
        "client_msg_id": "f83513de-b9e9-45d8-9917-e215a5217eca",
        "type": "message",
        "text": "少なくてもAWSに関してはオフィシャルなやつを使うほうが（更新追従はめんどうだけど）AWS側の変更に対応しやすいのでお勧め",
        "user": "UFU0BKD8F",
        "ts": "1552618378.078700",
        "thread_ts": "1552614162.069400",
        "parent_user_id": "UG46Z57TN",
        "reactions": [
            {
                "name": "+1",
                "users": [
                    "UGYK9KX4M"
                ],
                "count": 1
            }
        ]
    }
]