[
    {
        "client_msg_id": "682c23e9-3b58-42ef-a1f9-962ea54c4705",
        "type": "message",
        "text": "LTのスライドです〜\n良かったら見てください\n\n<https:\/\/speakerdeck.com\/mafuyuk\/terraform-life-starting-from-orbs>",
        "user": "UGY8YDQ2G",
        "ts": "1552720122.080600",
        "attachments": [
            {
                "service_name": "Speaker Deck",
                "title": "Orbsから始めるTerraform生活\/ terraform-life-starting-from-orbs",
                "title_link": "https:\/\/speakerdeck.com\/mafuyuk\/terraform-life-starting-from-orbs",
                "text": "TerraformのCI\/CDフローについてのお話 <https:\/\/github.com\/mafuyuk\/terraform-orb>",
                "fallback": "Speaker Deck: Orbsから始めるTerraform生活\/ terraform-life-starting-from-orbs",
                "image_url": "https:\/\/speakerd.s3.amazonaws.com\/presentations\/36ca3b63e9634d31b72eebc94ab7ddaf\/slide_0.jpg?502564",
                "from_url": "https:\/\/speakerdeck.com\/mafuyuk\/terraform-life-starting-from-orbs",
                "image_width": 333,
                "image_height": 250,
                "image_bytes": 54804,
                "service_icon": "https:\/\/d2dfho4r6t7asi.cloudfront.net\/assets\/favicon-c0fe5475f88a65b817c8cc7c0fedc01b7acc17fe27628fa13ca3f96e56e16977.png",
                "id": 1,
                "original_url": "https:\/\/speakerdeck.com\/mafuyuk\/terraform-life-starting-from-orbs"
            }
        ],
        "reactions": [
            {
                "name": "+1",
                "users": [
                    "UFU0BKD8F",
                    "UGVTSE7LG",
                    "UGW0TPSQY",
                    "UGZHF5C9M",
                    "UFT9ULVQR",
                    "UGTNGDPUJ",
                    "UH0PSGUJ3",
                    "UGYCLKP52",
                    "UFT60TQCQ",
                    "UGYK9KX4M",
                    "UH0JY61KR",
                    "UGV9YDCVD",
                    "UGXFY0V88",
                    "UH0MSCD7Z",
                    "UG1QN22JZ"
                ],
                "count": 15
            },
            {
                "name": "eyes",
                "users": [
                    "UH0MSCD7Z"
                ],
                "count": 1
            }
        ]
    }
]