[
    {
        "client_msg_id": "7a9a4d15-753a-4438-a5da-1d0983e28bf9",
        "type": "message",
        "text": "CKAタイムリーなブログが <http:\/\/bbrfkr.hatenablog.jp\/entry\/2019\/03\/06\/114800>",
        "user": "UFTKSQ25T",
        "ts": "1551918222.048000",
        "edited": {
            "user": "UFTKSQ25T",
            "ts": "1551918233.000000"
        },
        "attachments": [
            {
                "service_name": "ビビリフクロウの足跡",
                "title": "Kubernetesの認定資格「CKA」を取得しました 〜これから受ける方へのアドバイス〜 - ビビリフクロウの足跡",
                "title_link": "http:\/\/bbrfkr.hatenablog.jp\/entry\/2019\/03\/06\/114800",
                "text": "この度、Kubernetesの認定資格「CKA(Certified Kubernetes Administrator)」を取得いたしました！ 今後受ける方のお役に立てばと、受験レポートを残しておきます。 要約 〜忙しい人はここだけ読んでね〜 試験に関する説明の書かれている英語のドキュメント「Handbook」「Important Tips」を熟読しよう！ 「Kubernetes完全ガイド」の4章から8章は可能な限り、9章から12章は余力と相談して押さえておこう！ 「Kubernetes The Hard Way」を1度実施し、各オペレーションの意味を理解しておこう！ 受験動機 私の場合は、今ま…",
                "fallback": "ビビリフクロウの足跡: Kubernetesの認定資格「CKA」を取得しました 〜これから受ける方へのアドバイス〜 - ビビリフクロウの足跡",
                "image_url": "https:\/\/cdn-ak.f.st-hatena.com\/images\/fotolife\/b\/bbrfkr\/20190306\/20190306114113.png",
                "ts": 1551840480,
                "from_url": "http:\/\/bbrfkr.hatenablog.jp\/entry\/2019\/03\/06\/114800",
                "image_width": 324,
                "image_height": 250,
                "image_bytes": 435658,
                "service_icon": "https:\/\/cdn.image.st-hatena.com\/image\/favicon\/a18516fbb537947b5dacf8a9daec08ce74f67633\/version=1\/https%3A%2F%2Fcdn.user.blog.st-hatena.com%2Fblog_custom_icon%2F148762521%2F1521383959192265",
                "id": 1,
                "original_url": "http:\/\/bbrfkr.hatenablog.jp\/entry\/2019\/03\/06\/114800"
            }
        ]
    },
    {
        "client_msg_id": "b828d9bf-9279-489b-b454-da47eae8eb67",
        "type": "message",
        "text": "CKAはゆっくりじっくり勉強したい。。。",
        "user": "UFU0BKD8F",
        "ts": "1551921012.050900"
    }
]