[
    {
        "client_msg_id": "61b0378d-f7b3-4164-91cb-bc04b5c572d5",
        "type": "message",
        "text": "ansible一択の風潮（一度導入したら使い倒す感じ）に対して、terraformの優位性、みたいなのがまとまっていないかなぁ。。。",
        "user": "UH0PSGUJ3",
        "ts": "1553760979.009100",
        "thread_ts": "1553760979.009100",
        "reply_count": 8,
        "reply_users_count": 3,
        "latest_reply": "1553762452.010800",
        "reply_users": [
            "UH0PSGUJ3",
            "UGVTSE7LG",
            "UFU0BKD8F"
        ],
        "replies": [
            {
                "user": "UH0PSGUJ3",
                "ts": "1553761011.009200"
            },
            {
                "user": "UH0PSGUJ3",
                "ts": "1553761106.009400"
            },
            {
                "user": "UGVTSE7LG",
                "ts": "1553761176.009600"
            },
            {
                "user": "UFU0BKD8F",
                "ts": "1553761293.009800"
            },
            {
                "user": "UH0PSGUJ3",
                "ts": "1553761325.010000"
            },
            {
                "user": "UFU0BKD8F",
                "ts": "1553761530.010400"
            },
            {
                "user": "UGVTSE7LG",
                "ts": "1553761638.010600"
            },
            {
                "user": "UH0PSGUJ3",
                "ts": "1553762452.010800"
            }
        ]
    },
    {
        "client_msg_id": "1383511c-961d-4a58-bd27-1190b1449d55",
        "type": "message",
        "text": "モジュールでゴリゴリリソースも作成しろよ、と。。。",
        "user": "UH0PSGUJ3",
        "ts": "1553761011.009200",
        "thread_ts": "1553760979.009100",
        "parent_user_id": "UH0PSGUJ3"
    },
    {
        "client_msg_id": "f38d05cf-77fa-466f-95a6-4b28d19be7ec",
        "type": "message",
        "text": "確かに導入はおいそれと足並みそろえるには、運用の回し方まで設計しないといけないんだろうけど、ベストプラクティスに完全に乗っかり切れない（体制とか体制とか体制とか）となると部分最適？になってリソースの差分が生まれてしまいかねない",
        "user": "UH0PSGUJ3",
        "ts": "1553761106.009400",
        "thread_ts": "1553760979.009100",
        "parent_user_id": "UH0PSGUJ3"
    },
    {
        "client_msg_id": "c8cfc6d3-d83b-47ad-8588-41fe2c26b997",
        "type": "message",
        "text": "まぁ、でも HashiCorp としては「OS の外側やそれこそ『インフラ』と呼べるレイヤーは Terraform でやって頂き、OS の中身は Ansible が既に使われているなら Ansible でやってしまうのが良いのではないですかね？少なくとも Terraform は Ansible と敵対するつもりはないので、うまく強調して利用して頂ければ」的なことを言ってますね。(まぁ、HashiCorp の中の人によって多少思いは違うでしょうけど。",
        "user": "UGVTSE7LG",
        "ts": "1553761176.009600",
        "thread_ts": "1553760979.009100",
        "parent_user_id": "UH0PSGUJ3"
    },
    {
        "client_msg_id": "4cd8c6ff-4985-4ebf-b2a4-9f4ff2b018ab",
        "type": "message",
        "text": "中の人のことは知らないけど、適材適所だと思うし、実際うちもansible+packer でAMI作ってるし、それ以外の部分はterraform化してるし、無理にどっちかに寄せるつもりは全然ないというか、寄せる意味ある？ってゆうか。",
        "user": "UFU0BKD8F",
        "ts": "1553761293.009800",
        "thread_ts": "1553760979.009100",
        "parent_user_id": "UH0PSGUJ3"
    },
    {
        "client_msg_id": "961bb5d7-ca69-47ca-a3a9-6ec6922d4241",
        "type": "message",
        "text": "コメントありがとうございます。まさに、インフラ部分についてはterraformで、OSはこれまで通りAnsibleで、という状態を作るのがいいと思っているのですが、Ansibleも多機能で、インフラも触れるというところで、「じゃあ、ansibleで全部できるよね」となってしまわぬように、terraform勉強中であります…。",
        "user": "UH0PSGUJ3",
        "ts": "1553761325.010000",
        "edited": {
            "user": "UH0PSGUJ3",
            "ts": "1553761519.000000"
        },
        "thread_ts": "1553760979.009100",
        "parent_user_id": "UH0PSGUJ3"
    },
    {
        "client_msg_id": "97eddbd7-4ee8-4ad2-900a-ed797342d994",
        "type": "message",
        "text": "できるの定義の違いですしね。。。先日pulumiで失笑を買ってたブログ記事があったけど、terraform, ansible, plumi が目指しているインフラ管理にはその方法論の部分に差異がありそれが特徴であるのであって、できるできないならもちろんどれでもできる、ただそうして出来上がったインフラをどう運用維持管理していくか、は全く別の話だ、というだけでケリつくと思っていて、なんでそんなこともわからないのかしらっていつも不思議",
        "user": "UFU0BKD8F",
        "ts": "1553761530.010400",
        "thread_ts": "1553760979.009100",
        "parent_user_id": "UH0PSGUJ3"
    },
    {
        "client_msg_id": "010be486-dd4a-4ec2-8fcc-1cfbade8c8de",
        "type": "message",
        "text": "ネタで、HashiCorp さんと同じイベントで登壇するときは、Ansible 使わずに全部 Terraform とかで環境を構築とかやりますが、現実的には適材適所になりますよね。",
        "user": "UGVTSE7LG",
        "ts": "1553761638.010600",
        "thread_ts": "1553760979.009100",
        "parent_user_id": "UH0PSGUJ3"
    },
    {
        "client_msg_id": "d0d5d9bd-9e42-4e38-897e-17eaf6f1b502",
        "type": "message",
        "text": "ちょっと、導入の説明とかで使わせてもらいます！:sunglasses:",
        "user": "UH0PSGUJ3",
        "ts": "1553762452.010800",
        "thread_ts": "1553760979.009100",
        "parent_user_id": "UH0PSGUJ3"
    },
    {
        "client_msg_id": "85b083c4-3266-403d-b15c-0999a1fcd8be",
        "type": "message",
        "text": "<@UH0PSGUJ3> さんの流れで教えて欲しいですー\nぼくもOS周りはAnsibleに任せてますね。\nそれ以外はterraformを使う感じです。\nただ、そもそもプロビジョニングを行うサーバ（terraform、ansibleを実行）を作成する時って、みなさんどうしてます？\nterraformで起動スクリプトでAnsible実行環境を整えたらあとは、ansibleローカル実行なのか、Packer + AnsibleでゴールデンAMI作ろうぜなのか。\nそれとも、変更することがほぼないから手インストールで良いねってスタイルなのか。",
        "user": "UGY9BJ1NF",
        "ts": "1553763023.012500"
    },
    {
        "client_msg_id": "4515e782-7714-4260-b6de-22be12abf727",
        "type": "message",
        "text": "プログラマではなくインフラエンジニアな自分としては、Terraformが一番分かりやすいので、自動化ツール利用の第一号としてTerraformを採用したということもあり、後は全てシェルスクリプトです…。\nAnsibleは守備範囲が広すぎて現況を置き換えるのがしんどそうという先入観めいたものがあるのですが、Terraformなら、それを使わないならマネジメントコンソールポチポチになってしまい、作業の性質が大きく変わるため、Terraform採用の意義はあるよね、とは思った次第です。\nCloudFormationじゃない理由は、jsonとかyamlで記述するのはさすがにしんどそう、みたいなアレです。\n\nもともとその手のツールを何も採用していなかった泥臭いインフラエンジニアにとっては、Ansibleは「いつか置き換えたい理想」で、Terraformは「別建てできる便利ツール」という印象です。",
        "user": "UFUP9BGES",
        "ts": "1553763596.012700"
    },
    {
        "client_msg_id": "005a56ff-65d2-4f75-b8c7-8252771dfdb4",
        "type": "message",
        "text": "完全新規の場合の話（俺が今担当してるのがそう）\n* 手元から terraform の remote_state を置くためのs3 bucketを作成するAnsible実行\n* 手元から初回用のAMI作成のためのAnsible+Packer実行\n* 手元から初回用のterraform実行（AWSの環境設定のほとんどができる。AMIもここで食う\n* jenkins機もここで出来上がってる（先のAMIと後のterraformでASG等が組まれる）ので、ジョブとしてこれらを実行する環境を整える\n* 後はjenkinsジョブで随時実行、定期実行で常にplan\nみたいな感じ。\n勝手な変更が入ればplanでわかる（そもそもなるべく勝手できないようにIAM設定してるけど）し、AWS側の変更や追従したterraform側の変更もある程度定期実行の結果をチェックしてればわかる感じ。",
        "user": "UFU0BKD8F",
        "ts": "1553765161.018700",
        "edited": {
            "user": "UFU0BKD8F",
            "ts": "1553765288.000000"
        },
        "reactions": [
            {
                "name": "+1",
                "users": [
                    "UFTKSQ25T"
                ],
                "count": 1
            }
        ]
    },
    {
        "client_msg_id": "6f53797d-447a-4449-a9aa-1a14a15b31ff",
        "type": "message",
        "text": "<@UFUP9BGES>\n&gt; Ansibleは守備範囲が広すぎて現況を置き換えるのがしんどそうという先入観めいたものがあるのですが、Terraformなら、それを使わないならマネジメントコンソールポチポチになってしまい、作業の性質が大きく変わるため、Terraform採用の意義はあるよね、とは思った次第です。\nたしかに、Ansibleは範囲広いですが、terraformでやれない（orやらない）部分を補ってくれるのはいいと思いますね。\n冪等性の部分も担保できますし（commandとかshellを利用する場合は、自身でやる感じですが）\n&gt; CloudFormationじゃない理由は、jsonとかyamlで記述するのはさすがにしんどそう、みたいなアレです。\nCloudFormationだとベンダーロックになってしまうため、terraformを推したかたちで進めましたね。\n個人的にjsonはツラミですが、yamlは苦じゃないですねー",
        "user": "UGY9BJ1NF",
        "ts": "1553766700.024300",
        "edited": {
            "user": "UGY9BJ1NF",
            "ts": "1553766723.000000"
        }
    },
    {
        "client_msg_id": "7e792789-d551-4eac-aab0-2c28ba1cc1fd",
        "type": "message",
        "text": "<@UFU0BKD8F>\nわかりやすい説明ありがとうございます！参考になります！\n&gt; 勝手な変更が入ればplanでわかる（そもそもなるべく勝手できないようにIAM設定してるけど）し、AWS側の変更や追従したterraform側の変更もある程度定期実行の結果をチェックしてればわかる感じ。\nこれはJenkinsで定期plan実行して、変更されていないかチェックしている感じですかね？",
        "user": "UGY9BJ1NF",
        "ts": "1553766951.025800"
    },
    {
        "client_msg_id": "141c805a-6c51-4246-911e-7e4471d1944d",
        "type": "message",
        "text": "そうです。実際はすげぇ量のplanが走る（環境ごとにわけてあるので）のをshellでぶんまわしてますが、そこでエラーハンドリングして差分が出ても止まらない（全部流す）ようにしつつ、差分が出たらわかるようにしてます。うるさいので通知はしていませんが。",
        "user": "UFU0BKD8F",
        "ts": "1553767075.027600"
    },
    {
        "client_msg_id": "a18c97fe-0ff7-4b3a-94fe-13e8a2fb12f8",
        "type": "message",
        "text": "素敵な環境ですね！\n規模大きくなると通知はノイズになりますよね。。そして、結局誰も見なくなるという。。",
        "user": "UGY9BJ1NF",
        "ts": "1553767400.029300"
    },
    {
        "client_msg_id": "9e39e2cd-0346-4193-afc5-a09e0864f28f",
        "type": "message",
        "text": "plan差分は後から気が付いてもさほど問題ないことが多いのでｗ",
        "user": "UFU0BKD8F",
        "ts": "1553767495.030600"
    },
    {
        "client_msg_id": "22a631a2-ac85-485f-94e6-61ea64c0370b",
        "type": "message",
        "text": "TerraformはCircleCIにやらせてますね",
        "user": "UGY5WMTHR",
        "ts": "1553767590.032800"
    },
    {
        "client_msg_id": "60857a57-bf88-4067-b325-0d1d68a4021d",
        "type": "message",
        "text": "Ansibleは使ってないのでわからない〜",
        "user": "UGY5WMTHR",
        "ts": "1553767601.033200"
    },
    {
        "client_msg_id": "09bb2dcf-335a-4b37-b37c-62c8c95b2ed6",
        "type": "message",
        "text": "SaaSのCIいいなー。うちもそうしたかった。。。_no",
        "user": "UFU0BKD8F",
        "ts": "1553767661.033800"
    },
    {
        "client_msg_id": "b0a2cb63-67c2-4417-a6b2-51b11b8f0249",
        "type": "message",
        "text": "&gt; plan差分は後から気が付いてもさほど問題ないことが多いのでｗ\n納得w",
        "user": "UGY9BJ1NF",
        "ts": "1553767801.034000"
    },
    {
        "client_msg_id": "86cf1156-ce56-4ad5-aabf-6aaa11120413",
        "type": "message",
        "text": "<@UGY5WMTHR> よかったらAnsibleの代替ってゆうか、サーバ？インスタンス？のプロビジョニングをどうしているか教えてくださいー",
        "user": "UFU0BKD8F",
        "ts": "1553768429.034800"
    },
    {
        "client_msg_id": "15078739-A10D-4F41-B3F3-FD65FFE9023D",
        "type": "message",
        "text": "最近はずっとGKEとかECSとかばっかり",
        "user": "UGY5WMTHR",
        "ts": "1553768728.035700"
    },
    {
        "client_msg_id": "F3AC3C85-6FFD-41FC-BBE0-F232CD5A8DAD",
        "type": "message",
        "text": "Ansibleだと構成設定は保存できるけどアプリケーションの依存関係とかしんどいので、その辺は全部docker imageに閉じ込めてます",
        "user": "UGY5WMTHR",
        "ts": "1553768762.036800",
        "reactions": [
            {
                "name": "cool",
                "users": [
                    "UG46Z57TN",
                    "UH0PSGUJ3"
                ],
                "count": 2
            },
            {
                "name": "heart",
                "users": [
                    "UGY9BJ1NF"
                ],
                "count": 1
            }
        ]
    },
    {
        "client_msg_id": "82dc2552-df9a-4e00-ac6b-74f2db2db139",
        "type": "message",
        "text": "コンテナかー。それはそれでうらやましい。",
        "user": "UFU0BKD8F",
        "ts": "1553768791.037400"
    },
    {
        "client_msg_id": "23EAD52B-512A-40F7-A254-923813DE2430",
        "type": "message",
        "text": "僕なんかよりchaspyさんのほうが詳しいのではww",
        "user": "UGY5WMTHR",
        "ts": "1553768834.037900",
        "edited": {
            "user": "UGY5WMTHR",
            "ts": "1553768839.000000"
        },
        "reactions": [
            {
                "name": "woman-gesturing-no",
                "users": [
                    "UG46Z57TN"
                ],
                "count": 1
            }
        ]
    },
    {
        "client_msg_id": "b61db3cf-b427-4722-8754-d6601927d9af",
        "type": "message",
        "text": "な、なんだってー（AA略",
        "user": "UFU0BKD8F",
        "ts": "1553768870.038400"
    },
    {
        "client_msg_id": "2958C370-B0FF-4F9E-B152-79B17F9C1CB1",
        "type": "message",
        "text": "すごい楽しみにしている\n<https:\/\/twitter.com\/tmknom\/status\/1111266022059704320>",
        "user": "UG46Z57TN",
        "ts": "1553823824.040600",
        "thread_ts": "1553823824.040600",
        "reply_count": 13,
        "reply_users_count": 5,
        "latest_reply": "1553829463.045100",
        "reply_users": [
            "UH0PSGUJ3",
            "UFU0BKD8F",
            "UG46Z57TN",
            "UGW0TPSQY",
            "UFUP9BGES"
        ],
        "replies": [
            {
                "user": "UH0PSGUJ3",
                "ts": "1553823983.040700"
            },
            {
                "user": "UFU0BKD8F",
                "ts": "1553824257.040900"
            },
            {
                "user": "UG46Z57TN",
                "ts": "1553824284.041400"
            },
            {
                "user": "UH0PSGUJ3",
                "ts": "1553824318.042000"
            },
            {
                "user": "UG46Z57TN",
                "ts": "1553824320.042200"
            },
            {
                "user": "UG46Z57TN",
                "ts": "1553824357.042900"
            },
            {
                "user": "UFU0BKD8F",
                "ts": "1553824369.043100"
            },
            {
                "user": "UGW0TPSQY",
                "ts": "1553824544.043600"
            },
            {
                "user": "UFUP9BGES",
                "ts": "1553824547.043800"
            },
            {
                "user": "UH0PSGUJ3",
                "ts": "1553824657.044100"
            },
            {
                "user": "UG46Z57TN",
                "ts": "1553824894.044300"
            },
            {
                "user": "UFU0BKD8F",
                "ts": "1553825264.044700"
            },
            {
                "user": "UH0PSGUJ3",
                "ts": "1553829463.045100"
            }
        ],
        "reactions": [
            {
                "name": "hearts",
                "users": [
                    "UFT9ULVQR",
                    "UGTNGDPUJ"
                ],
                "count": 2
            }
        ]
    },
    {
        "client_msg_id": "e97e6ae1-1cf2-4b25-8bf2-dcc69a3c3bcb",
        "type": "message",
        "text": "存在を知らなかった！是非読んでみたいですね。",
        "user": "UH0PSGUJ3",
        "ts": "1553823983.040700",
        "thread_ts": "1553823824.040600",
        "parent_user_id": "UG46Z57TN"
    },
    {
        "client_msg_id": "e200da30-4022-4d57-ad2e-f093da150119",
        "type": "message",
        "text": "この本があればv0.12の準備もばっちり！（とはいえ人混み嫌いだし買いには行かないんだけど",
        "user": "UFU0BKD8F",
        "ts": "1553824257.040900",
        "thread_ts": "1553823824.040600",
        "parent_user_id": "UG46Z57TN"
    },
    {
        "client_msg_id": "3D0D6A9C-BFA7-4CC5-808C-DB57B14FC61D",
        "type": "message",
        "text": "わかる&lt;人混み",
        "user": "UG46Z57TN",
        "ts": "1553824284.041400",
        "thread_ts": "1553823824.040600",
        "parent_user_id": "UG46Z57TN"
    },
    {
        "client_msg_id": "44ab82a3-e6e9-4aff-9be6-f9eefac8a16d",
        "type": "message",
        "text": "なぬ kindleとかで読めないのか・・・（ゆとり",
        "user": "UH0PSGUJ3",
        "ts": "1553824318.042000",
        "thread_ts": "1553823824.040600",
        "parent_user_id": "UG46Z57TN"
    },
    {
        "client_msg_id": "2D3E101B-23AC-472A-B0B8-4F6F21586B40",
        "type": "message",
        "text": "だいたい空いた頃行くけどその頃にはもう売ってない",
        "user": "UG46Z57TN",
        "ts": "1553824320.042200",
        "thread_ts": "1553823824.040600",
        "parent_user_id": "UG46Z57TN"
    },
    {
        "client_msg_id": "E5DE4A36-D7E4-43BB-BB44-DAFFA8729A7B",
        "type": "message",
        "text": "まだ手はついてないみたいですが考えてはいるみたいですね&lt;電子",
        "user": "UG46Z57TN",
        "ts": "1553824357.042900",
        "thread_ts": "1553823824.040600",
        "parent_user_id": "UG46Z57TN"
    },
    {
        "client_msg_id": "71c94962-4b27-4e22-af46-ac9917446ca7",
        "type": "message",
        "text": "６は１時まで入場有料とか聞いたけど。。。ファストパス的なものならもちろん買うけど、商業主義の入場規制だったら死ぬので行く気が。。。",
        "user": "UFU0BKD8F",
        "ts": "1553824369.043100",
        "thread_ts": "1553823824.040600",
        "parent_user_id": "UG46Z57TN"
    },
    {
        "client_msg_id": "F92F8953-6DF0-4545-BA98-7470F7BDE8D0",
        "type": "message",
        "text": "on GCPも欲しい",
        "user": "UGW0TPSQY",
        "ts": "1553824544.043600",
        "thread_ts": "1553823824.040600",
        "parent_user_id": "UG46Z57TN"
    },
    {
        "client_msg_id": "4c5a135d-e818-4220-bf41-5c523684d59b",
        "type": "message",
        "text": "技術書展6の会場（池袋サンシャインシティ）でしか買えないっぽいんですよね…。\n<https:\/\/techbookfest.org\/event\/tbf06>\nそして当日の会場は混雑が予想されるわけですか。当たり前といえば当たり前ですね。",
        "user": "UFUP9BGES",
        "ts": "1553824547.043800",
        "attachments": [
            {
                "service_name": "技術書典：技術書オンリーイベント",
                "title": "技術書典6",
                "title_link": "https:\/\/techbookfest.org\/event\/tbf06",
                "text": "技術書の祭典が2019年04月14日（日）＠池袋サンシャインシティ2F 展示ホールD（文化会館ビル2F）で開催決定！",
                "fallback": "技術書典：技術書オンリーイベント: 技術書典6",
                "image_url": "https:\/\/techbookfest.org\/assets\/tbf06\/images\/ogp.jpg",
                "from_url": "https:\/\/techbookfest.org\/event\/tbf06",
                "image_width": 476,
                "image_height": 250,
                "image_bytes": 324963,
                "service_icon": "https:\/\/techbookfest.org\/assets\/images\/icon_2x.png",
                "id": 1,
                "original_url": "https:\/\/techbookfest.org\/event\/tbf06"
            }
        ],
        "thread_ts": "1553823824.040600",
        "parent_user_id": "UG46Z57TN"
    },
    {
        "client_msg_id": "ee97e867-ee1a-4157-995e-29aa0c0f983a",
        "type": "message",
        "text": "ぐぬぬｎ",
        "user": "UH0PSGUJ3",
        "ts": "1553824657.044100",
        "thread_ts": "1553823824.040600",
        "parent_user_id": "UG46Z57TN"
    },
    {
        "client_msg_id": "f2b5b130-9646-4a7b-9936-34871d414add",
        "type": "message",
        "text": "ユーザーミートアップ（という名のこのslackのオフ会）してそこで登壇してもらってそこで売ってもらおう",
        "user": "UG46Z57TN",
        "ts": "1553824894.044300",
        "thread_ts": "1553823824.040600",
        "parent_user_id": "UG46Z57TN"
    },
    {
        "client_msg_id": "7B3659B2-3395-419A-8658-BBD00FEC1EF3",
        "type": "message",
        "text": "すげえナイスアイデア！",
        "user": "UFU0BKD8F",
        "ts": "1553825264.044700",
        "thread_ts": "1553823824.040600",
        "parent_user_id": "UG46Z57TN"
    },
    {
        "client_msg_id": "6666A042-CDC6-4E23-B206-CD41891825FC",
        "type": "message",
        "text": "ヤダ、行きたい！",
        "user": "UH0PSGUJ3",
        "ts": "1553829463.045100",
        "thread_ts": "1553823824.040600",
        "parent_user_id": "UG46Z57TN"
    }
]