[
    {
        "client_msg_id": "143040d1-2b1f-4bcd-afe7-a33d2f740242",
        "type": "message",
        "text": "甘え上等なんですがterraform stateをいい感じにいじれるCLIがほしい。",
        "user": "UG46Z57TN",
        "ts": "1551424299.000400",
        "edited": {
            "user": "UG46Z57TN",
            "ts": "1551424314.000000"
        }
    },
    {
        "client_msg_id": "b3f3f37d-a2ec-44a3-b898-138bb4962903",
        "type": "message",
        "text": "terraform state ls したい。",
        "user": "UG46Z57TN",
        "ts": "1551424303.000600"
    },
    {
        "client_msg_id": "97b099c3-4680-465f-aa89-2359d557b1b8",
        "type": "message",
        "text": "terraform state list じゃなくて？",
        "user": "UFU0BKD8F",
        "ts": "1551424436.001000"
    },
    {
        "client_msg_id": "b50b1b36-f707-4e68-8b64-c5a6e625627e",
        "type": "message",
        "text": "あるのか！",
        "user": "UG46Z57TN",
        "ts": "1551424442.001300"
    },
    {
        "client_msg_id": "ca840fa7-adbb-40e4-a414-ad64492ab2af",
        "type": "message",
        "text": "先日質問チャンネルでリストだしたじゃない",
        "user": "UFU0BKD8F",
        "ts": "1551424536.001600"
    },
    {
        "client_msg_id": "3c8f4ab0-fa79-453d-9179-f355b3d909a0",
        "type": "message",
        "text": "overlooked!",
        "user": "UG46Z57TN",
        "ts": "1551424563.002200"
    },
    {
        "client_msg_id": "717741a8-01de-4f5a-8582-362543ed951e",
        "type": "message",
        "text": "state list でリソースアドレスを確認しないと辛いでしょう。。。",
        "user": "UFU0BKD8F",
        "ts": "1551424620.003100"
    },
    {
        "client_msg_id": "446f5264-c7e3-460a-ab31-a68cb77fb1a2",
        "type": "message",
        "text": "showもあるのね",
        "user": "UG46Z57TN",
        "ts": "1551424634.003400"
    },
    {
        "client_msg_id": "a6c88b1c-8af8-4cc6-b60e-0b47c3fbdb85",
        "type": "message",
        "text": "毎回ファイル見てた。。。",
        "user": "UG46Z57TN",
        "ts": "1551424638.003600"
    },
    {
        "client_msg_id": "30d5d834-3ede-4265-976c-fda94de7e439",
        "type": "message",
        "text": "辛いｗｗ",
        "user": "UFU0BKD8F",
        "ts": "1551424643.003900"
    },
    {
        "client_msg_id": "057c87c3-6d8b-419d-b25b-f5e0214da013",
        "type": "message",
        "text": "今日も圧倒的成長してしまった。ありがとうございます。",
        "user": "UG46Z57TN",
        "ts": "1551424718.004200",
        "reactions": [
            {
                "name": "+1",
                "users": [
                    "UFU0BKD8F"
                ],
                "count": 1
            }
        ]
    },
    {
        "client_msg_id": "0d547c5d-bca6-44ed-96f9-35fd1344f2c6",
        "type": "message",
        "text": "コード、stateファイル、リソースの関係が把握できて、コントロールできるようになったら\nCloudFormation が辛くなるし、Ansible との使い分けがはっきりしてくる、と思う。。。\nそれぞれ目標が違うってことがわかるのでクラウドエンジニアとしてかなり伸びる、と思ってる。。。",
        "user": "UFU0BKD8F",
        "ts": "1551424846.006500"
    },
    {
        "client_msg_id": "50f7de0b-038e-4234-a9ac-0a60a8b683b4",
        "type": "message",
        "text": "目指そう",
        "user": "UG46Z57TN",
        "ts": "1551424870.006900"
    },
    {
        "client_msg_id": "de7c4438-1de7-421a-9cbb-0e1d5dd46fc1",
        "type": "message",
        "text": "がんばりましょう！",
        "user": "UFU0BKD8F",
        "ts": "1551424911.007200"
    }
]