[
    {
        "user": "UGVP0PXRA",
        "type": "message",
        "subtype": "channel_join",
        "ts": "1552391993.056700",
        "text": "<@UGVP0PXRA>さんがチャンネルに参加しました"
    },
    {
        "client_msg_id": "7528d487-38a2-4f1e-86ae-c4b75e349fc2",
        "type": "message",
        "text": "terraformのベータプログラムで Terraform Enterprise Free Tierの招待が来たんだけど\n実際問題作るもんがないので持て余すなど。",
        "user": "UFU0BKD8F",
        "ts": "1552457236.057700"
    }
]