[
    {
        "type": "message",
        "subtype": "bot_message",
        "text": "",
        "ts": "1584192449.006800",
        "bot_id": "BG2UDF0NA",
        "attachments": [
            {
                "fallback": "wata727\/tflint on GitHub\nv0.15.2",
                "text": "`v0.15.2`",
                "title": "wata727\/tflint on GitHub",
                "id": 1,
                "title_link": "https:\/\/newreleases.io\/github\/wata727\/tflint",
                "mrkdwn_in": [
                    "text"
                ]
            }
        ]
    },
    {
        "type": "message",
        "subtype": "bot_message",
        "text": "",
        "ts": "1584194996.006900",
        "bot_id": "BG2UDF0NA",
        "attachments": [
            {
                "fallback": "wata727\/tflint on GitHub\nv0.15.2v0.15.2 updated\nrelease note: <https:\/\/newreleases.io\/github\/wata727\/tflint?version=v0.15.2>",
                "text": "*v0.15.2* `v0.15.2` _updated_\n```\n-------------------\n0.15.2 (2020-03-14)\n-------------------\n\nGPG key ID: 8CE69160EB3F2FE9\n\nEnhancements\n------------\n\n* #650 ( <https:\/\/github.com\/terraform-linters\/tflint\/pull\/650> ) : Bump <http:\/\/github.com\/zclconf\/go-cty|github.com\/zclconf\/go-cty> from 1.3.0 to 1.3.1\n\n* #653 ( <https:\/\/github.com\/terraform-linters\/tflint\/pull\/653> ) : Bump terraform to v0.12.23 ( @chenrui333 ( <https:\/\/github.com\/chenrui333> ) )\n\n* #665 ( <https:\/\/github.com\/terraform-linters\/tflint\/pull\/665> ) : Bump <http:\/\/github.com\/aws\/aws-sdk-go|github.com\/aws\/aws-sdk-go> from 1.28.9 to 1.29.24\n\n* #667 ( <https:\/\/github.com\/terraform-linters\/tflint\/pull\/667> ) : Bump terraform-provider-aws to v2.53.0 from v2.50.0 ( @wata727 ( <https:\/\/github.com\/wata727> ) )\n\nChores\n------\n\n* #647 ( <https:\/\/github.com\/terraform-linters\/tflint\/pull\/647> ) : Bump <http:\/\/github.com\/hashicorp\/go-plugin|github.com\/hashicorp\/go-plugin> from 1.0.1 to 1.1.0\n\n* #649 ( <https:\/\/github.com\/terraform-linters\/tflint\/pull\/649> ) : Bump golang to v1.14 ( @chenrui333 ( <https:\/\/github.com\/chenrui333> ) )\n\n* #657 ( <https:\/\/github.com\/terraform-linters\/tflint\/pull\/657> ) : Run linters in GitHub Actions ( @wata727 ( <https:\/\/github.com\/wata727> ) )\n\n* #660 ( <https:\/\/github.com\/terraform-linters\/tflint\/pull\/660> ) : Bump <http:\/\/github.com\/hashicorp\/terraform-plugin-sdk|github.com\/hashicorp\/terraform-plugin-sdk> from 1.7.0 to 1.8.0 in \/tools\n\n* #666 ( <https:\/\/github.com\/terraform-linters\/tflint\/pull\/666> ) : Add install guide for Windows (choco install) ( @aaronsteers ( <https:\/\/github.com\/aaronsteers> ) )\n```\n<https:\/\/newreleases.io\/github\/wata727\/tflint?version=v0.15.2|release note...>",
                "title": "wata727\/tflint on GitHub",
                "id": 1,
                "title_link": "https:\/\/newreleases.io\/github\/wata727\/tflint",
                "mrkdwn_in": [
                    "text"
                ]
            }
        ]
    }
]