[
    {
        "type": "message",
        "subtype": "bot_message",
        "text": "",
        "ts": "1584521719.007300",
        "bot_id": "BG2UDF0NA",
        "attachments": [
            {
                "fallback": "hashicorp\/packer on GitHub\nnightlynightly pre-release, updated",
                "text": "*nightly* `nightly` _pre-release_, _updated_",
                "title": "hashicorp\/packer on GitHub",
                "id": 1,
                "title_link": "https:\/\/newreleases.io\/github\/hashicorp\/packer",
                "mrkdwn_in": [
                    "text"
                ]
            }
        ]
    },
    {
        "type": "message",
        "subtype": "bot_message",
        "text": "",
        "ts": "1584576236.007400",
        "bot_id": "BG2UDF0NA",
        "attachments": [
            {
                "fallback": "terraform-providers\/terraform-provider-azurerm on GitHub\nv2.2.0v2.2.0\nrelease note: <https:\/\/newreleases.io\/github\/terraform-providers\/terraform-provider-azurerm?version=v2.2.0>",
                "text": "*v2.2.0* `v2.2.0`\n```\n----------------------\n2.2.0 (March 18, 2020)\n----------------------\n\nFEATURES:\n\n* *New Data Source:* azurerm_app_configuration ( #6133 ( <https:\/\/github.com\/terraform-providers\/terraform-provider-azurerm\/issues\/6133> ) )\n\n* *New Data Source:* azurerm_powerbi_embedded ( #5152 ( <https:\/\/github.com\/terraform-providers\/terraform-provider-azurerm\/issues\/5152> ) )\n\n* *New Resource:* azurerm_cost_management_export_resource_group ( #6131 ( <https:\/\/github.com\/terraform-providers\/terraform-provider-azurerm\/issues\/6131> ) )\n\n* *New Resource:* azurerm_powerbi_embedded ( #5152 ( <https:\/\/github.com\/terraform-providers\/terraform-provider-azurerm\/issues\/5152> ) )\n\n* *New Resource:* azurerm_virtual_hub_connection ( #5951 ( <https:\/\/github.com\/terraform-providers\/terraform-provider-azurerm\/issues\/5951> ) )\n\nIMPROVEMENTS:\n\n* Data Source: * azurerm_logic_app_workflow - expose computed field: endpoint_configuration ( #5862 ( <https:\/\/github.com\/terraform-providers\/terraform-provider-azurerm\/issues\/5862> ) )\n\n* azurerm_application_gateway - support for key vault SSL certificate via the key_value_secret_id property ( #4366 ( <https:\/\/github.com\/terraform-providers\/terraform-provider-azurerm\/issues\/4366> ) )\n\n* azurerm_function_app - support for configuring daily_memory_time_quota ( #6100 ( <https:\/\/github.com\/terraform-providers\/terraform-provider-azurerm\/issues\/6100> ) )\n\n* azurerm_logic_app_workflow - expose computed field: endpoint_configuration ( #5862 ( <https:\/\/github.com\/terraform-providers\/terraform-provider-azurerm\/issues\/5862> ) )\n\n* azurerm_linux_virtual_machine_scale_set - support for scale_in_policy and terminate_notification ( #5391 ( <https:\/\/github.com\/terraform-providers\/terraform-provider-azurerm\/issues\/5391> ) )\n\n* azurerm_sql_database - support for the extended_auditing_policy property ( #5049 ( <https:\/\/github.com\/terraform-providers\/terraform-provider-azurerm\/issues\/5049> ) )\n\n* azurerm_windows_virtual_machine_scale_set - support for scale_in_policy and terminate_notification ( #5391 ( <https:\/\/github.com\/terraform-providers\/terraform-provider-azurerm\/issues\/5391> ) )\n\nBUG FIXES:\n\n* Data Source: azurerm_iothub_dps_shared_access_policy - building the primary_connection_string and secondary_connection_string from the Service endpoint rather than the Devices endpoint ( #6108 ( <https:\/\/github.com\/terraform-providers\/terraform-provider-azurerm\/issues\/6108> ) )\n\n* azurerm_function_app - Add WEBSITE_CONTENT &amp; WEBSITE_CONTENTAZUREFILECONNECTIONSTRING for premium plans ( #5761 ( <https:\/\/github.com\/terraform-providers\/terraform-provider-azurerm\/issues\/5761> ) )\n\n* azurerm_iothub_dps_shared_access_policy - building the primary_connection_string and secondary_connection_string from the Service endpoint rather than the Devices endpoint ( #6108 ( <https:\/\/github.com\/terraform-providers\/terraform-provider-azurerm\/issues\/6108> ) )\n\n* azurerm_linux_virtual_machine - updating the validation for name to allow periods ( #5966 ( <https:\/\/github.com\/terraform-providers\/terraform-provider-azurerm\/issues\/5966> ) )\n\n* azurerm_linux_virtual_machine_scale_set - updating the validation for name to allow periods ( #5966 ( <https:\/\/github.com\/terraform-providers\/terraform-provider-azurerm\/issues\/5966> ) )\n\n* azurerm_storage_management_policy - Fixed the use of single blob rule actions ( #5803 ( <https:\/\/github.com\/terraform-providers\/terraform-provider-azurerm\/issues\/5803> ) )\n```\n<https:\/\/newreleases.io\/github\/terraform-providers\/terraform-provider-azurerm?version=v2.2.0|release note...>",
                "title": "terraform-providers\/terraform-provider-azurerm on GitHub",
                "id": 1,
                "title_link": "https:\/\/newreleases.io\/github\/terraform-providers\/terraform-provider-azurerm",
                "mrkdwn_in": [
                    "text"
                ]
            }
        ]
    }
]