[
    {
        "type": "message",
        "subtype": "bot_message",
        "text": "",
        "ts": "1584047710.006600",
        "bot_id": "BG2UDF0NA",
        "attachments": [
            {
                "fallback": "terraform-providers\/terraform-provider-aws on GitHub\nv2.53.0",
                "text": "`v2.53.0`",
                "title": "terraform-providers\/terraform-provider-aws on GitHub",
                "id": 1,
                "title_link": "https:\/\/newreleases.io\/github\/terraform-providers\/terraform-provider-aws",
                "mrkdwn_in": [
                    "text"
                ]
            }
        ]
    },
    {
        "type": "message",
        "subtype": "bot_message",
        "text": "",
        "ts": "1584048549.006700",
        "bot_id": "BG2UDF0NA",
        "attachments": [
            {
                "fallback": "terraform-providers\/terraform-provider-aws on GitHub\nv2.53.0v2.53.0 updated\nrelease note: <https:\/\/newreleases.io\/github\/terraform-providers\/terraform-provider-aws?version=v2.53.0>",
                "text": "*v2.53.0* `v2.53.0` _updated_\n```\nNOTES:\n\n* resource\/aws_cognito_user_pool: The addition of Software Token MFA support required the use of new GetUserPoolMfaConfig and SetUserPoolMfaConfig API calls. Restrictive IAM permissions for Terraform may require updates. ( #12358 ( <https:\/\/github.com\/terraform-providers\/terraform-provider-aws\/issues\/12358> ) )\n\nFEATURES:\n\n* *New Resource:* aws_apigatewayv2_api ( #8842 ( <https:\/\/github.com\/terraform-providers\/terraform-provider-aws\/issues\/8842> ) )\n\nENHANCEMENTS:\n\n* resource\/aws_appsync_graphql_api: Add xray_enabled argument ( #11972 ( <https:\/\/github.com\/terraform-providers\/terraform-provider-aws\/issues\/11972> ) )\n\n* resource\/aws_cloud9_environment_ec2: Add tags argument ( #12132 ( <https:\/\/github.com\/terraform-providers\/terraform-provider-aws\/issues\/12132> ) )\n\n* resource\/aws_cognito_user_pool: Add software_token_mfa_configuration configuration block (Support Time-based One-Time Password (TOTP) Multi-Factor Authentication) ( #12358 ( <https:\/\/github.com\/terraform-providers\/terraform-provider-aws\/issues\/12358> ) )\n\n* resource\/aws_ec2_traffic_mirror_filter: Add tags argument ( #12133 ( <https:\/\/github.com\/terraform-providers\/terraform-provider-aws\/issues\/12133> ) )\n\n* resource\/aws_ec2_traffic_mirror_session: Add tags argument ( #12134 ( <https:\/\/github.com\/terraform-providers\/terraform-provider-aws\/issues\/12134> ) )\n\n* resource\/aws_ec2_traffic_mirror_target: Add tags argument and network_load_balancer_arn plan-time validation ( #12135 ( <https:\/\/github.com\/terraform-providers\/terraform-provider-aws\/issues\/12135> ) )\n\n* resource\/aws_flow_log: Add tags argument ( #12273 ( <https:\/\/github.com\/terraform-providers\/terraform-provider-aws\/issues\/12273> ) )\n\n* resource\/aws_flow_log: Add iam_role_arn and log_destination plan-time validation ( #12273 ( <https:\/\/github.com\/terraform-providers\/terraform-provider-aws\/issues\/12273> ) )\n\n* resource\/aws_globalaccelerator_accelerator: Add tags argument ( #12309 ( <https:\/\/github.com\/terraform-providers\/terraform-provider-aws\/issues\/12309> ) )\n\n* resource\/aws_vpc_endpoint: Support tag-on-create ( #12288 ( <https:\/\/github.com\/terraform-providers\/terraform-provider-aws\/issues\/12288> ) )\n\n* resource\/aws_vpc_endpoint_service: Support tag-on-create and add network_load_balancer_arns plan-time validation ( #12290 ( <https:\/\/github.com\/terraform-providers\/terraform-provider-aws\/issues\/12290> ) )\n\nBUG FIXES:\n\n* resource\/aws_vpn_gateway: Automatically retry on DetachVpnGateway calls receiving InvalidParameterValue: This call cannot be completed because there are pending VPNs or Virtual Interfaces ( #11720 ( <https:\/\/github.com\/terraform-providers\/terraform-provider-aws\/issues\/11720> ) )\n\n* resource\/aws_vpn_gateway_attachment: Automatically retry on DetachVpnGateway calls receiving InvalidParameterValue: This call cannot be completed because there are pending VPNs or Virtual Interfaces ( #11720 ( <https:\/\/github.com\/terraform-providers\/terraform-provider-aws\/issues\/11720> ) )\n```\n<https:\/\/newreleases.io\/github\/terraform-providers\/terraform-provider-aws?version=v2.53.0|release note...>",
                "title": "terraform-providers\/terraform-provider-aws on GitHub",
                "id": 1,
                "title_link": "https:\/\/newreleases.io\/github\/terraform-providers\/terraform-provider-aws",
                "mrkdwn_in": [
                    "text"
                ]
            }
        ]
    }
]