[
    {
        "type": "message",
        "subtype": "bot_message",
        "text": "",
        "ts": "1583434456.001600",
        "bot_id": "BG2UDF0NA",
        "attachments": [
            {
                "fallback": "ansible\/ansible on GitHub\nv2.9.6",
                "text": "`v2.9.6`",
                "title": "ansible\/ansible on GitHub",
                "id": 1,
                "title_link": "https:\/\/newreleases.io\/github\/ansible\/ansible",
                "mrkdwn_in": [
                    "text"
                ]
            }
        ]
    },
    {
        "type": "message",
        "subtype": "bot_message",
        "text": "",
        "ts": "1583434760.001700",
        "bot_id": "BG2UDF0NA",
        "attachments": [
            {
                "fallback": "ansible\/ansible on GitHub\nv2.8.9",
                "text": "`v2.8.9`",
                "title": "ansible\/ansible on GitHub",
                "id": 1,
                "title_link": "https:\/\/newreleases.io\/github\/ansible\/ansible",
                "mrkdwn_in": [
                    "text"
                ]
            }
        ]
    },
    {
        "type": "message",
        "subtype": "bot_message",
        "text": "",
        "ts": "1583439541.001800",
        "bot_id": "BG2UDF0NA",
        "attachments": [
            {
                "fallback": "hashicorp\/terraform on GitHub\nv0.12.22",
                "text": "`v0.12.22`",
                "title": "hashicorp\/terraform on GitHub",
                "id": 1,
                "title_link": "https:\/\/newreleases.io\/github\/hashicorp\/terraform",
                "mrkdwn_in": [
                    "text"
                ]
            }
        ]
    },
    {
        "type": "message",
        "subtype": "bot_message",
        "text": "",
        "ts": "1583440455.001900",
        "bot_id": "BG2UDF0NA",
        "attachments": [
            {
                "fallback": "hashicorp\/terraform on GitHub\nv0.12.22 updated\nrelease note: <https:\/\/newreleases.io\/github\/hashicorp\/terraform?version=v0.12.22>",
                "text": "`v0.12.22` _updated_\n```\nENHANCEMENTS:\n\n* registry: Add configurable retries for module and provider discovery requests to the remote registry ( #24260 ( <https:\/\/github.com\/hashicorp\/terraform\/pull\/24260> ) )\n\n* registry: Add configurable request timeout for the remote registry client ( #24259 ( <https:\/\/github.com\/hashicorp\/terraform\/pull\/24259> ) )\n\nBUG FIXES:\n\n* cli: Fix terraform state mv to correctly set the resource each mode based on the target address ( #24254 ( <https:\/\/github.com\/hashicorp\/terraform\/issues\/24254> ) )\n\n* cli: The terraform plan command (and the implied plan run by terraform apply with no arguments) will now print any warnings that were generated even if there are no changes to be made. ( #24095 ( <https:\/\/github.com\/hashicorp\/terraform\/issues\/24095> ) )\n```\n<https:\/\/newreleases.io\/github\/hashicorp\/terraform?version=v0.12.22|release note...>",
                "title": "hashicorp\/terraform on GitHub",
                "id": 1,
                "title_link": "https:\/\/newreleases.io\/github\/hashicorp\/terraform",
                "mrkdwn_in": [
                    "text"
                ]
            }
        ]
    },
    {
        "type": "message",
        "subtype": "bot_message",
        "text": "",
        "ts": "1583442067.002000",
        "bot_id": "BG2UDF0NA",
        "attachments": [
            {
                "fallback": "hashicorp\/vault on GitHub\nv1.3.3",
                "text": "`v1.3.3`",
                "title": "hashicorp\/vault on GitHub",
                "id": 1,
                "title_link": "https:\/\/newreleases.io\/github\/hashicorp\/vault",
                "mrkdwn_in": [
                    "text"
                ]
            }
        ]
    },
    {
        "type": "message",
        "subtype": "bot_message",
        "text": "",
        "ts": "1583442371.002100",
        "bot_id": "BG2UDF0NA",
        "attachments": [
            {
                "fallback": "hashicorp\/terraform on GitHub\nv0.12.23",
                "text": "`v0.12.23`",
                "title": "hashicorp\/terraform on GitHub",
                "id": 1,
                "title_link": "https:\/\/newreleases.io\/github\/hashicorp\/terraform",
                "mrkdwn_in": [
                    "text"
                ]
            }
        ]
    },
    {
        "type": "message",
        "subtype": "bot_message",
        "text": "",
        "ts": "1583443323.002200",
        "bot_id": "BG2UDF0NA",
        "attachments": [
            {
                "fallback": "hashicorp\/terraform on GitHub\nv0.12.23 updated",
                "text": "`v0.12.23` _updated_",
                "title": "hashicorp\/terraform on GitHub",
                "id": 1,
                "title_link": "https:\/\/newreleases.io\/github\/hashicorp\/terraform",
                "mrkdwn_in": [
                    "text"
                ]
            }
        ]
    },
    {
        "type": "message",
        "subtype": "bot_message",
        "text": "",
        "ts": "1583445205.002300",
        "bot_id": "BG2UDF0NA",
        "attachments": [
            {
                "fallback": "ansible\/ansible on GitHub\nv2.8.10",
                "text": "`v2.8.10`",
                "title": "ansible\/ansible on GitHub",
                "id": 1,
                "title_link": "https:\/\/newreleases.io\/github\/ansible\/ansible",
                "mrkdwn_in": [
                    "text"
                ]
            }
        ]
    },
    {
        "client_msg_id": "DF371366-E81D-433F-BEBD-3D4D375BBC1E",
        "type": "message",
        "text": "嘘だろおいぃぃぃ",
        "user": "UFU0BKD8F",
        "ts": "1583463104.003000",
        "team": "TFU0BKCQP",
        "user_team": "TFU0BKCQP",
        "source_team": "TFU0BKCQP",
        "user_profile": {
            "avatar_hash": "92c41c62c7b0",
            "image_72": "https:\/\/avatars.slack-edge.com\/2019-01-30\/537137791812_92c41c62c7b0f054d3dd_72.jpg",
            "first_name": "らき",
            "real_name": "らき",
            "display_name": "raki",
            "team": "TFU0BKCQP",
            "name": "nishimuray",
            "is_restricted": false,
            "is_ultra_restricted": false
        },
        "blocks": [
            {
                "type": "rich_text",
                "block_id": "fyC9",
                "elements": [
                    {
                        "type": "rich_text_section",
                        "elements": [
                            {
                                "type": "text",
                                "text": "嘘だろおいぃぃぃ"
                            }
                        ]
                    }
                ]
            }
        ]
    },
    {
        "client_msg_id": "672b23a4-9967-4e12-9fa4-58cb7ffabc01",
        "type": "message",
        "text": "`0.13`  ?",
        "user": "UKAKENQAF",
        "ts": "1583463213.003400",
        "team": "TFU0BKCQP",
        "user_team": "TFU0BKCQP",
        "source_team": "TFU0BKCQP",
        "user_profile": {
            "avatar_hash": "12cb7b39ae77",
            "image_72": "https:\/\/avatars.slack-edge.com\/2020-03-01\/963049719842_12cb7b39ae7726f3acf8_72.jpg",
            "first_name": "teraken0509",
            "real_name": "teraken0509",
            "display_name": "teraken0509",
            "team": "TFU0BKCQP",
            "name": "kterada.0509sg",
            "is_restricted": false,
            "is_ultra_restricted": false
        },
        "blocks": [
            {
                "type": "rich_text",
                "block_id": "4uno",
                "elements": [
                    {
                        "type": "rich_text_section",
                        "elements": [
                            {
                                "type": "text",
                                "text": "0.13",
                                "style": {
                                    "code": true
                                }
                            },
                            {
                                "type": "text",
                                "text": "  ?"
                            }
                        ]
                    }
                ]
            }
        ]
    }
]