[
    {
        "client_msg_id": "a6f75493-508a-401a-9228-9071db6c605e",
        "type": "message",
        "text": "関係者じゃないけど。terraform + vault はちょっと聞きたいかも。\n<https:\/\/hashicorp.connpass.com\/event\/153919\/>",
        "user": "UFU0BKD8F",
        "ts": "1572573876.000500",
        "team": "TFU0BKCQP",
        "user_team": "TFU0BKCQP",
        "source_team": "TFU0BKCQP",
        "user_profile": {
            "avatar_hash": "92c41c62c7b0",
            "image_72": "https:\/\/avatars.slack-edge.com\/2019-01-30\/537137791812_92c41c62c7b0f054d3dd_72.jpg",
            "first_name": "らき",
            "real_name": "らき",
            "display_name": "raki",
            "team": "TFU0BKCQP",
            "name": "nishimuray",
            "is_restricted": false,
            "is_ultra_restricted": false
        },
        "attachments": [
            {
                "service_name": "connpass",
                "title": "HCJ Enterprise Solutions Seminar (2019\/11\/11 15:00〜)",
                "title_link": "https:\/\/hashicorp.connpass.com\/event\/153919\/",
                "text": "# はじめに 本イベントは弊社のコーポレートアップデートやエンタープライズソリューションなどをご紹介するための 不定期開催イベントなります。今回は第一回目として、パートナーである株式会社ラック様をお迎えして 下記の内容で実施致します。 お申し込みは下記フォームからお待ちしております。 <https:\/\/docs.google.com\/forms\/d\/e\/1FAIpQLSc8pU-1fxPB6l6Wu_gmR0nHK-> iR_RKkFFXgEhBgzdU9uWbung\/viewform?usp=sf_link # 日時 11\/11 15:00 - 18:00 # 会場 カサレア...",
                "fallback": "connpass: HCJ Enterprise Solutions Seminar (2019\/11\/11 15:00〜)",
                "image_url": "https:\/\/connpass-tokyo.s3.amazonaws.com\/thumbs\/86\/34\/8634090104b8eb22bc8398cb33b3766e.png",
                "from_url": "https:\/\/hashicorp.connpass.com\/event\/153919\/",
                "image_width": 466,
                "image_height": 115,
                "image_bytes": 16988,
                "service_icon": "https:\/\/connpass.com\/static\/img\/apple_touch_icon.png",
                "id": 1,
                "original_url": "https:\/\/hashicorp.connpass.com\/event\/153919\/"
            }
        ]
    }
]