[
    {
        "client_msg_id": "00d7b826-444e-4b8d-a93b-964d0fcdac33",
        "type": "message",
        "text": "これは … :thinking_face:\n\n『Terraboard』\n（<https:\/\/camptocamp.github.io\/terraboard\/> ）",
        "user": "UGW0ABZLG",
        "ts": "1569914343.012900",
        "team": "TFU0BKCQP",
        "user_team": "TFU0BKCQP",
        "source_team": "TFU0BKCQP",
        "user_profile": {
            "avatar_hash": "aab14d1b78b0",
            "image_72": "https:\/\/avatars.slack-edge.com\/2019-04-25\/611657622993_aab14d1b78b05683bd59_72.png",
            "first_name": "shuntaro",
            "real_name": "shuntaro hara",
            "display_name": "hara",
            "team": "TFU0BKCQP",
            "name": "forest.hara0702",
            "is_restricted": false,
            "is_ultra_restricted": false
        },
        "reactions": [
            {
                "name": "eyes",
                "users": [
                    "UM12KGR0E",
                    "UFT60TQCQ"
                ],
                "count": 2
            }
        ]
    }
]