[
    {
        "client_msg_id": "1909ac28-ae2a-40d9-9f79-279c9b2c3a5e",
        "type": "message",
        "text": "めんどいでござる",
        "user": "UG46Z57TN",
        "ts": "1571939711.035100",
        "team": "TFU0BKCQP",
        "user_team": "TFU0BKCQP",
        "source_team": "TFU0BKCQP",
        "user_profile": {
            "avatar_hash": "c6bdd4cb17db",
            "image_72": "https:\/\/avatars.slack-edge.com\/2019-07-05\/685991185957_c6bdd4cb17db956661a1_72.jpg",
            "first_name": "Takeshi",
            "real_name": "Takeshi Kondo",
            "display_name": "chaspy",
            "team": "TFU0BKCQP",
            "name": "take.she12",
            "is_restricted": false,
            "is_ultra_restricted": false
        },
        "thread_ts": "1571835939.020200",
        "parent_user_id": "UG46Z57TN"
    },
    {
        "client_msg_id": "28862d53-a3cd-46eb-9e9c-f7388f7232d1",
        "type": "message",
        "text": "security grouptろかvpc id とかzone idとかを元のstateでoutputしてみさせてやらないといけない",
        "user": "UG46Z57TN",
        "ts": "1571939737.035300",
        "team": "TFU0BKCQP",
        "user_team": "TFU0BKCQP",
        "source_team": "TFU0BKCQP",
        "user_profile": {
            "avatar_hash": "c6bdd4cb17db",
            "image_72": "https:\/\/avatars.slack-edge.com\/2019-07-05\/685991185957_c6bdd4cb17db956661a1_72.jpg",
            "first_name": "Takeshi",
            "real_name": "Takeshi Kondo",
            "display_name": "chaspy",
            "team": "TFU0BKCQP",
            "name": "take.she12",
            "is_restricted": false,
            "is_ultra_restricted": false
        },
        "thread_ts": "1571835939.020200",
        "parent_user_id": "UG46Z57TN"
    },
    {
        "client_msg_id": "34f34990-b38d-4fec-931c-fc6a6415fe1c",
        "type": "message",
        "text": "いやまぁそうなんですけどね",
        "user": "UG46Z57TN",
        "ts": "1571939741.035500",
        "team": "TFU0BKCQP",
        "user_team": "TFU0BKCQP",
        "source_team": "TFU0BKCQP",
        "user_profile": {
            "avatar_hash": "c6bdd4cb17db",
            "image_72": "https:\/\/avatars.slack-edge.com\/2019-07-05\/685991185957_c6bdd4cb17db956661a1_72.jpg",
            "first_name": "Takeshi",
            "real_name": "Takeshi Kondo",
            "display_name": "chaspy",
            "team": "TFU0BKCQP",
            "name": "take.she12",
            "is_restricted": false,
            "is_ultra_restricted": false
        },
        "thread_ts": "1571835939.020200",
        "parent_user_id": "UG46Z57TN"
    },
    {
        "client_msg_id": "2f83c71e-5308-4021-bcbe-495e745eec37",
        "type": "message",
        "text": "複雑度増すような。。。",
        "user": "UG46Z57TN",
        "ts": "1571939748.035700",
        "team": "TFU0BKCQP",
        "user_team": "TFU0BKCQP",
        "source_team": "TFU0BKCQP",
        "user_profile": {
            "avatar_hash": "c6bdd4cb17db",
            "image_72": "https:\/\/avatars.slack-edge.com\/2019-07-05\/685991185957_c6bdd4cb17db956661a1_72.jpg",
            "first_name": "Takeshi",
            "real_name": "Takeshi Kondo",
            "display_name": "chaspy",
            "team": "TFU0BKCQP",
            "name": "take.she12",
            "is_restricted": false,
            "is_ultra_restricted": false
        },
        "thread_ts": "1571835939.020200",
        "parent_user_id": "UG46Z57TN"
    },
    {
        "client_msg_id": "bbe522b1-4443-404b-8ee7-ef543fdaf0e7",
        "type": "message",
        "text": "module 使ってれば丸ごと引っこ抜けるの楽でいいよ。",
        "user": "UFU0BKD8F",
        "ts": "1571962707.035900",
        "team": "TFU0BKCQP",
        "user_team": "TFU0BKCQP",
        "source_team": "TFU0BKCQP",
        "user_profile": {
            "avatar_hash": "92c41c62c7b0",
            "image_72": "https:\/\/avatars.slack-edge.com\/2019-01-30\/537137791812_92c41c62c7b0f054d3dd_72.jpg",
            "first_name": "らき",
            "real_name": "らき",
            "display_name": "raki",
            "team": "TFU0BKCQP",
            "name": "nishimuray",
            "is_restricted": false,
            "is_ultra_restricted": false
        },
        "thread_ts": "1571835939.020200",
        "parent_user_id": "UG46Z57TN"
    },
    {
        "client_msg_id": "aba860c0-7b6c-420d-92d8-8e2dc0e17cbd",
        "type": "message",
        "text": "むしろmodule使ってないと丸ごと引っこ抜けないのでは",
        "user": "UG46Z57TN",
        "ts": "1571967449.036100",
        "team": "TFU0BKCQP",
        "user_team": "TFU0BKCQP",
        "source_team": "TFU0BKCQP",
        "user_profile": {
            "avatar_hash": "c6bdd4cb17db",
            "image_72": "https:\/\/avatars.slack-edge.com\/2019-07-05\/685991185957_c6bdd4cb17db956661a1_72.jpg",
            "first_name": "Takeshi",
            "real_name": "Takeshi Kondo",
            "display_name": "chaspy",
            "team": "TFU0BKCQP",
            "name": "take.she12",
            "is_restricted": false,
            "is_ultra_restricted": false
        },
        "thread_ts": "1571835939.020200",
        "parent_user_id": "UG46Z57TN"
    },
    {
        "client_msg_id": "0590186b-b390-4fb6-b625-fec074007f3c",
        "type": "message",
        "text": "outputはそのvalueだけとれるだけか。。。。。。。",
        "user": "UG46Z57TN",
        "ts": "1571967466.036300",
        "team": "TFU0BKCQP",
        "user_team": "TFU0BKCQP",
        "source_team": "TFU0BKCQP",
        "user_profile": {
            "avatar_hash": "c6bdd4cb17db",
            "image_72": "https:\/\/avatars.slack-edge.com\/2019-07-05\/685991185957_c6bdd4cb17db956661a1_72.jpg",
            "first_name": "Takeshi",
            "real_name": "Takeshi Kondo",
            "display_name": "chaspy",
            "team": "TFU0BKCQP",
            "name": "take.she12",
            "is_restricted": false,
            "is_ultra_restricted": false
        },
        "thread_ts": "1571835939.020200",
        "parent_user_id": "UG46Z57TN"
    },
    {
        "client_msg_id": "c819ef0c-9d10-436b-b3a8-53e736d461a7",
        "type": "message",
        "text": "めんどいでござる",
        "user": "UG46Z57TN",
        "ts": "1571967469.036500",
        "team": "TFU0BKCQP",
        "user_team": "TFU0BKCQP",
        "source_team": "TFU0BKCQP",
        "user_profile": {
            "avatar_hash": "c6bdd4cb17db",
            "image_72": "https:\/\/avatars.slack-edge.com\/2019-07-05\/685991185957_c6bdd4cb17db956661a1_72.jpg",
            "first_name": "Takeshi",
            "real_name": "Takeshi Kondo",
            "display_name": "chaspy",
            "team": "TFU0BKCQP",
            "name": "take.she12",
            "is_restricted": false,
            "is_ultra_restricted": false
        },
        "thread_ts": "1571835939.020200",
        "parent_user_id": "UG46Z57TN"
    },
    {
        "type": "message",
        "subtype": "thread_broadcast",
        "text": "昨夜28commit積んだ結果、base networkみたいなのはmodule化先にしたほうがいいじゃんという結論に至り無事挫折",
        "user": "UG46Z57TN",
        "ts": "1571980675.036700",
        "thread_ts": "1571835939.020200",
        "root": {
            "client_msg_id": "E36923BA-E96E-4AF3-837F-324A6F77BB77",
            "type": "message",
            "text": "stateの分割、どういうプロセスで進めればいいかなぁ、大きい1つのstateからドメイン単位にわけていく感じの",
            "user": "UG46Z57TN",
            "ts": "1571835939.020200",
            "team": "TFU0BKCQP",
            "thread_ts": "1571835939.020200",
            "reply_count": 42,
            "reply_users_count": 3,
            "latest_reply": "1571980683.037000",
            "reply_users": [
                "UG46Z57TN",
                "UFU0BKD8F",
                "UHS4SFFA7"
            ],
            "replies": [
                {
                    "user": "UG46Z57TN",
                    "ts": "1571835959.020500"
                },
                {
                    "user": "UG46Z57TN",
                    "ts": "1571835979.021000"
                },
                {
                    "user": "UG46Z57TN",
                    "ts": "1571835985.021400"
                },
                {
                    "user": "UG46Z57TN",
                    "ts": "1571835992.021800"
                },
                {
                    "user": "UG46Z57TN",
                    "ts": "1571835999.022200"
                },
                {
                    "user": "UG46Z57TN",
                    "ts": "1571836005.022600"
                },
                {
                    "user": "UFU0BKD8F",
                    "ts": "1571836334.024300"
                },
                {
                    "user": "UFU0BKD8F",
                    "ts": "1571836375.025200"
                },
                {
                    "user": "UG46Z57TN",
                    "ts": "1571838858.025600"
                },
                {
                    "user": "UG46Z57TN",
                    "ts": "1571838863.026000"
                },
                {
                    "user": "UG46Z57TN",
                    "ts": "1571838909.026700"
                },
                {
                    "user": "UG46Z57TN",
                    "ts": "1571838916.027100"
                },
                {
                    "user": "UFU0BKD8F",
                    "ts": "1571839601.030100"
                },
                {
                    "user": "UG46Z57TN",
                    "ts": "1571839625.030600"
                },
                {
                    "user": "UG46Z57TN",
                    "ts": "1571839643.031300"
                },
                {
                    "user": "UFU0BKD8F",
                    "ts": "1571843361.031500"
                },
                {
                    "user": "UG46Z57TN",
                    "ts": "1571843439.031700"
                },
                {
                    "user": "UG46Z57TN",
                    "ts": "1571843472.031900"
                },
                {
                    "user": "UFU0BKD8F",
                    "ts": "1571843589.032100"
                },
                {
                    "user": "UG46Z57TN",
                    "ts": "1571843637.032300"
                },
                {
                    "user": "UFU0BKD8F",
                    "ts": "1571843692.032500"
                },
                {
                    "user": "UG46Z57TN",
                    "ts": "1571843721.032700"
                },
                {
                    "user": "UG46Z57TN",
                    "ts": "1571843734.032900"
                },
                {
                    "user": "UFU0BKD8F",
                    "ts": "1571843762.033100"
                },
                {
                    "user": "UG46Z57TN",
                    "ts": "1571843775.033300"
                },
                {
                    "user": "UG46Z57TN",
                    "ts": "1571843784.033500"
                },
                {
                    "user": "UFU0BKD8F",
                    "ts": "1571844382.033700"
                },
                {
                    "user": "UHS4SFFA7",
                    "ts": "1571883068.033900"
                },
                {
                    "user": "UFU0BKD8F",
                    "ts": "1571883165.034200"
                },
                {
                    "user": "UG46Z57TN",
                    "ts": "1571885865.034400"
                },
                {
                    "user": "UG46Z57TN",
                    "ts": "1571885867.034600"
                },
                {
                    "user": "UG46Z57TN",
                    "ts": "1571885878.034800"
                },
                {
                    "user": "UG46Z57TN",
                    "ts": "1571939711.035100"
                },
                {
                    "user": "UG46Z57TN",
                    "ts": "1571939737.035300"
                },
                {
                    "user": "UG46Z57TN",
                    "ts": "1571939741.035500"
                },
                {
                    "user": "UG46Z57TN",
                    "ts": "1571939748.035700"
                },
                {
                    "user": "UFU0BKD8F",
                    "ts": "1571962707.035900"
                },
                {
                    "user": "UG46Z57TN",
                    "ts": "1571967449.036100"
                },
                {
                    "user": "UG46Z57TN",
                    "ts": "1571967466.036300"
                },
                {
                    "user": "UG46Z57TN",
                    "ts": "1571967469.036500"
                },
                {
                    "user": "UG46Z57TN",
                    "ts": "1571980675.036700"
                },
                {
                    "user": "UG46Z57TN",
                    "ts": "1571980683.037000"
                }
            ],
            "subscribed": true,
            "last_read": "1571980683.037000"
        },
        "client_msg_id": "960c3602-4a36-4ce0-b928-133f918150a5"
    },
    {
        "client_msg_id": "82d77d90-a483-41cd-a298-6fabaee0f53a",
        "type": "message",
        "text": "state分割もっとシュッといくと思ってた。。。",
        "user": "UG46Z57TN",
        "ts": "1571980683.037000",
        "team": "TFU0BKCQP",
        "user_team": "TFU0BKCQP",
        "source_team": "TFU0BKCQP",
        "user_profile": {
            "avatar_hash": "c6bdd4cb17db",
            "image_72": "https:\/\/avatars.slack-edge.com\/2019-07-05\/685991185957_c6bdd4cb17db956661a1_72.jpg",
            "first_name": "Takeshi",
            "real_name": "Takeshi Kondo",
            "display_name": "chaspy",
            "team": "TFU0BKCQP",
            "name": "take.she12",
            "is_restricted": false,
            "is_ultra_restricted": false
        },
        "thread_ts": "1571835939.020200",
        "parent_user_id": "UG46Z57TN"
    }
]