[
    {
        "client_msg_id": "da1939c9-d64e-438c-8ac9-54cc3d332473",
        "type": "message",
        "text": "ほんとにちょっとした疑問なので質問ではなくこちらで、、\n\n```\nresource \"aws_instance\" \"example\" {\n  # ...instance configuration...\n}\n```\n\nこの“aws_instance”部分や、“example”の部分の言い方って何かありますか？\nあったら教えていただきたいです。\n今まで、resourceの左のやつ、resourceの右のやつ、みたいに脳内で呼んでいてずっともやもやしていました。",
        "user": "UJZCUFM7D",
        "ts": "1570611250.004200",
        "team": "TFU0BKCQP",
        "user_team": "TFU0BKCQP",
        "source_team": "TFU0BKCQP",
        "user_profile": {
            "avatar_hash": "g660f4361676",
            "image_72": "https:\/\/secure.gravatar.com\/avatar\/7660f4361676c30f37308cfb8fe171fd.jpg?s=72&d=https%3A%2F%2Fa.slack-edge.com%2Fdf10d%2Fimg%2Favatars%2Fava_0026-72.png",
            "first_name": "H.M",
            "real_name": "H.M",
            "display_name": "H.M",
            "team": "TFU0BKCQP",
            "name": "hikaru-miyazawa",
            "is_restricted": false,
            "is_ultra_restricted": false
        }
    },
    {
        "client_msg_id": "9db7232c-a36d-4996-a70c-5155f504c137",
        "type": "message",
        "text": "かわいい",
        "user": "UG46Z57TN",
        "ts": "1570611267.004500",
        "team": "TFU0BKCQP",
        "user_team": "TFU0BKCQP",
        "source_team": "TFU0BKCQP",
        "user_profile": {
            "avatar_hash": "c6bdd4cb17db",
            "image_72": "https:\/\/avatars.slack-edge.com\/2019-07-05\/685991185957_c6bdd4cb17db956661a1_72.jpg",
            "first_name": "Takeshi",
            "real_name": "Takeshi Kondo",
            "display_name": "chaspy",
            "team": "TFU0BKCQP",
            "name": "take.she12",
            "is_restricted": false,
            "is_ultra_restricted": false
        }
    },
    {
        "client_msg_id": "8d6ecd09-c158-4891-9357-38fd16e25b31",
        "type": "message",
        "text": "左はresource type",
        "user": "UG46Z57TN",
        "ts": "1570611303.004900",
        "team": "TFU0BKCQP",
        "user_team": "TFU0BKCQP",
        "source_team": "TFU0BKCQP",
        "user_profile": {
            "avatar_hash": "c6bdd4cb17db",
            "image_72": "https:\/\/avatars.slack-edge.com\/2019-07-05\/685991185957_c6bdd4cb17db956661a1_72.jpg",
            "first_name": "Takeshi",
            "real_name": "Takeshi Kondo",
            "display_name": "chaspy",
            "team": "TFU0BKCQP",
            "name": "take.she12",
            "is_restricted": false,
            "is_ultra_restricted": false
        }
    },
    {
        "client_msg_id": "72240c1f-a10a-48cc-a62b-08a23f41852f",
        "type": "message",
        "text": "<https:\/\/www.terraform.io\/docs\/internals\/resource-addressing.html>",
        "user": "UFU0BKD8F",
        "ts": "1570611304.005000",
        "team": "TFU0BKCQP",
        "user_team": "TFU0BKCQP",
        "source_team": "TFU0BKCQP",
        "user_profile": {
            "avatar_hash": "92c41c62c7b0",
            "image_72": "https:\/\/avatars.slack-edge.com\/2019-01-30\/537137791812_92c41c62c7b0f054d3dd_72.jpg",
            "first_name": "らき",
            "real_name": "らき",
            "display_name": "raki",
            "team": "TFU0BKCQP",
            "name": "nishimuray",
            "is_restricted": false,
            "is_ultra_restricted": false
        },
        "attachments": [
            {
                "service_name": "Terraform by HashiCorp",
                "title": "Internals: Resource Address - Terraform by HashiCorp",
                "title_link": "https:\/\/www.terraform.io\/docs\/internals\/resource-addressing.html",
                "text": "Resource addressing is used to target specific resources in a larger infrastructure.",
                "fallback": "Terraform by HashiCorp: Internals: Resource Address - Terraform by HashiCorp",
                "thumb_url": "https:\/\/www.terraform.io\/assets\/images\/og-image-8b3e4f7d.png",
                "from_url": "https:\/\/www.terraform.io\/docs\/internals\/resource-addressing.html",
                "thumb_width": 712,
                "thumb_height": 712,
                "service_icon": "https:\/\/www.terraform.io\/assets\/images\/favicons\/apple-touch-icon-13180a24.png",
                "id": 1,
                "original_url": "https:\/\/www.terraform.io\/docs\/internals\/resource-addressing.html"
            }
        ]
    },
    {
        "client_msg_id": "82e5ecc0-fd65-45e7-bed0-21dd16ac9247",
        "type": "message",
        "text": "あっ",
        "user": "UG46Z57TN",
        "ts": "1570611321.005700",
        "team": "TFU0BKCQP",
        "user_team": "TFU0BKCQP",
        "source_team": "TFU0BKCQP",
        "user_profile": {
            "avatar_hash": "c6bdd4cb17db",
            "image_72": "https:\/\/avatars.slack-edge.com\/2019-07-05\/685991185957_c6bdd4cb17db956661a1_72.jpg",
            "first_name": "Takeshi",
            "real_name": "Takeshi Kondo",
            "display_name": "chaspy",
            "team": "TFU0BKCQP",
            "name": "take.she12",
            "is_restricted": false,
            "is_ultra_restricted": false
        }
    },
    {
        "client_msg_id": "e918d4fd-6a4a-4489-ac24-9257c4c75f43",
        "type": "message",
        "text": "答えだ",
        "user": "UG46Z57TN",
        "ts": "1570611322.005900",
        "team": "TFU0BKCQP",
        "user_team": "TFU0BKCQP",
        "source_team": "TFU0BKCQP",
        "user_profile": {
            "avatar_hash": "c6bdd4cb17db",
            "image_72": "https:\/\/avatars.slack-edge.com\/2019-07-05\/685991185957_c6bdd4cb17db956661a1_72.jpg",
            "first_name": "Takeshi",
            "real_name": "Takeshi Kondo",
            "display_name": "chaspy",
            "team": "TFU0BKCQP",
            "name": "take.she12",
            "is_restricted": false,
            "is_ultra_restricted": false
        }
    },
    {
        "client_msg_id": "e5827bf0-fe95-4668-899b-25db49940679",
        "type": "message",
        "text": "リソースタイプ、リソースネーム、[リソースインデックス]、が正しい名前。",
        "user": "UFU0BKD8F",
        "ts": "1570611324.006000",
        "team": "TFU0BKCQP",
        "user_team": "TFU0BKCQP",
        "source_team": "TFU0BKCQP",
        "user_profile": {
            "avatar_hash": "92c41c62c7b0",
            "image_72": "https:\/\/avatars.slack-edge.com\/2019-01-30\/537137791812_92c41c62c7b0f054d3dd_72.jpg",
            "first_name": "らき",
            "real_name": "らき",
            "display_name": "raki",
            "team": "TFU0BKCQP",
            "name": "nishimuray",
            "is_restricted": false,
            "is_ultra_restricted": false
        },
        "edited": {
            "user": "UFU0BKD8F",
            "ts": "1570611400.000000"
        },
        "reactions": [
            {
                "name": "ありがとうございます",
                "users": [
                    "UGW0ABZLG",
                    "UJZCUFM7D"
                ],
                "count": 2
            },
            {
                "name": "naruhodo",
                "users": [
                    "UGW0ABZLG",
                    "UJZCUFM7D"
                ],
                "count": 2
            },
            {
                "name": "chiken",
                "users": [
                    "UGW0ABZLG",
                    "UKEHA1JSW",
                    "ULVN9SU7R",
                    "ULYDVRXNY",
                    "UJZCUFM7D"
                ],
                "count": 5
            },
            {
                "name": "man-bowing",
                "users": [
                    "UGW0ABZLG",
                    "UJZCUFM7D"
                ],
                "count": 2
            }
        ]
    },
    {
        "client_msg_id": "ecd8a8c0-adb9-41a6-8758-8b15632c5592",
        "type": "message",
        "text": "<https:\/\/www.terraform.io\/docs\/configuration\/resources.html>",
        "user": "UG46Z57TN",
        "ts": "1570611328.006200",
        "team": "TFU0BKCQP",
        "user_team": "TFU0BKCQP",
        "source_team": "TFU0BKCQP",
        "user_profile": {
            "avatar_hash": "c6bdd4cb17db",
            "image_72": "https:\/\/avatars.slack-edge.com\/2019-07-05\/685991185957_c6bdd4cb17db956661a1_72.jpg",
            "first_name": "Takeshi",
            "real_name": "Takeshi Kondo",
            "display_name": "chaspy",
            "team": "TFU0BKCQP",
            "name": "take.she12",
            "is_restricted": false,
            "is_ultra_restricted": false
        },
        "attachments": [
            {
                "service_name": "Terraform by HashiCorp",
                "title": "Resources - Configuration Language - Terraform by HashiCorp",
                "title_link": "https:\/\/www.terraform.io\/docs\/configuration\/resources.html",
                "text": "Resources are the most important element in a Terraform configuration. Each resource corresponds to an infrastructure object, such as a virtual network or compute instance.",
                "fallback": "Terraform by HashiCorp: Resources - Configuration Language - Terraform by HashiCorp",
                "thumb_url": "https:\/\/www.terraform.io\/assets\/images\/og-image-8b3e4f7d.png",
                "from_url": "https:\/\/www.terraform.io\/docs\/configuration\/resources.html",
                "thumb_width": 712,
                "thumb_height": 712,
                "service_icon": "https:\/\/www.terraform.io\/assets\/images\/favicons\/apple-touch-icon-13180a24.png",
                "id": 1,
                "original_url": "https:\/\/www.terraform.io\/docs\/configuration\/resources.html"
            }
        ]
    },
    {
        "client_msg_id": "45350b35-4d9b-41c6-b1a4-aba7d4334e1a",
        "type": "message",
        "text": "感謝します！\nQiita記事書いてて、やばいわからないと思って聞きました笑",
        "user": "UJZCUFM7D",
        "ts": "1570611490.007600",
        "team": "TFU0BKCQP",
        "user_team": "TFU0BKCQP",
        "source_team": "TFU0BKCQP",
        "user_profile": {
            "avatar_hash": "g660f4361676",
            "image_72": "https:\/\/secure.gravatar.com\/avatar\/7660f4361676c30f37308cfb8fe171fd.jpg?s=72&d=https%3A%2F%2Fa.slack-edge.com%2Fdf10d%2Fimg%2Favatars%2Fava_0026-72.png",
            "first_name": "H.M",
            "real_name": "H.M",
            "display_name": "H.M",
            "team": "TFU0BKCQP",
            "name": "hikaru-miyazawa",
            "is_restricted": false,
            "is_ultra_restricted": false
        },
        "reactions": [
            {
                "name": "+1",
                "users": [
                    "UFU0BKD8F",
                    "UGW0ABZLG"
                ],
                "count": 2
            }
        ]
    },
    {
        "client_msg_id": "405933c6-d1df-4128-b9dd-b51eb72d2818",
        "type": "message",
        "text": "ちなみに import を手書きする時はドキュメントのサンプルコードをこぴぺしてからやると\nちょっとだけ手っ取り早い。\nrequire なやつは既に記載済みだから。\nそれと、1つずつくっつけるよりは、関連リソースの枠を作って、それぞれのリンケージを\n先にやっておいてからインポートするとあとの手直しが楽。",
        "user": "UFU0BKD8F",
        "ts": "1570617407.011100",
        "team": "TFU0BKCQP",
        "user_team": "TFU0BKCQP",
        "source_team": "TFU0BKCQP",
        "user_profile": {
            "avatar_hash": "92c41c62c7b0",
            "image_72": "https:\/\/avatars.slack-edge.com\/2019-01-30\/537137791812_92c41c62c7b0f054d3dd_72.jpg",
            "first_name": "らき",
            "real_name": "らき",
            "display_name": "raki",
            "team": "TFU0BKCQP",
            "name": "nishimuray",
            "is_restricted": false,
            "is_ultra_restricted": false
        }
    },
    {
        "client_msg_id": "646a03da-c0e8-41dc-8567-b17b83670e17",
        "type": "message",
        "text": "terraformあきた",
        "user": "UG46Z57TN",
        "ts": "1570643614.011300",
        "team": "TFU0BKCQP",
        "user_team": "TFU0BKCQP",
        "source_team": "TFU0BKCQP",
        "user_profile": {
            "avatar_hash": "c6bdd4cb17db",
            "image_72": "https:\/\/avatars.slack-edge.com\/2019-07-05\/685991185957_c6bdd4cb17db956661a1_72.jpg",
            "first_name": "Takeshi",
            "real_name": "Takeshi Kondo",
            "display_name": "chaspy",
            "team": "TFU0BKCQP",
            "name": "take.she12",
            "is_restricted": false,
            "is_ultra_restricted": false
        },
        "reactions": [
            {
                "name": "innocent",
                "users": [
                    "UHS4SFFA7",
                    "ULSHHPEBB",
                    "UJ0HPTBD2",
                    "ULSGHDRED",
                    "UM1G01HSL"
                ],
                "count": 5
            }
        ]
    },
    {
        "client_msg_id": "6575516d-d9e2-4d1b-8f71-b62723f06ed6",
        "type": "message",
        "text": "route53のimportめっちゃきもいですね。。。\n<https:\/\/www.terraform.io\/docs\/providers\/aws\/r\/route53_record.html#import>",
        "user": "UG46Z57TN",
        "ts": "1570644392.011700",
        "team": "TFU0BKCQP",
        "user_team": "TFU0BKCQP",
        "source_team": "TFU0BKCQP",
        "user_profile": {
            "avatar_hash": "c6bdd4cb17db",
            "image_72": "https:\/\/avatars.slack-edge.com\/2019-07-05\/685991185957_c6bdd4cb17db956661a1_72.jpg",
            "first_name": "Takeshi",
            "real_name": "Takeshi Kondo",
            "display_name": "chaspy",
            "team": "TFU0BKCQP",
            "name": "take.she12",
            "is_restricted": false,
            "is_ultra_restricted": false
        },
        "attachments": [
            {
                "service_name": "Terraform by HashiCorp",
                "title": "AWS: aws_route53_record - Terraform by HashiCorp",
                "title_link": "https:\/\/www.terraform.io\/docs\/providers\/aws\/r\/route53_record.html#import",
                "text": "Provides a Route53 record resource.",
                "fallback": "Terraform by HashiCorp: AWS: aws_route53_record - Terraform by HashiCorp",
                "thumb_url": "https:\/\/www.terraform.io\/assets\/images\/og-image-8b3e4f7d.png",
                "from_url": "https:\/\/www.terraform.io\/docs\/providers\/aws\/r\/route53_record.html#import",
                "thumb_width": 712,
                "thumb_height": 712,
                "service_icon": "https:\/\/www.terraform.io\/assets\/images\/favicons\/apple-touch-icon-13180a24.png",
                "id": 1,
                "original_url": "https:\/\/www.terraform.io\/docs\/providers\/aws\/r\/route53_record.html#import"
            }
        ]
    }
]