[
    {
        "client_msg_id": "a9a2b1a3-1c37-48ab-9a3b-e68cdbc35ffd",
        "type": "message",
        "text": "```\nData resources do not have lifecycle settings, so a lifecycle block is not allowed.\n```\n\nあー。。。。",
        "user": "UFU0BKD8F",
        "ts": "1572407021.038700",
        "team": "TFU0BKCQP",
        "user_team": "TFU0BKCQP",
        "source_team": "TFU0BKCQP",
        "user_profile": {
            "avatar_hash": "92c41c62c7b0",
            "image_72": "https:\/\/avatars.slack-edge.com\/2019-01-30\/537137791812_92c41c62c7b0f054d3dd_72.jpg",
            "first_name": "らき",
            "real_name": "らき",
            "display_name": "raki",
            "team": "TFU0BKCQP",
            "name": "nishimuray",
            "is_restricted": false,
            "is_ultra_restricted": false
        }
    },
    {
        "client_msg_id": "4DDF909C-FC05-44F9-8CC7-767401D6AB50",
        "type": "message",
        "text": "cloudworksさんとこはstateどんなふうに分割してますか？ <@UHS4SFFA7> ",
        "user": "UG46Z57TN",
        "ts": "1572408757.039500",
        "team": "TFU0BKCQP",
        "user_team": "TFU0BKCQP",
        "source_team": "TFU0BKCQP",
        "user_profile": {
            "avatar_hash": "c6bdd4cb17db",
            "image_72": "https:\/\/avatars.slack-edge.com\/2019-07-05\/685991185957_c6bdd4cb17db956661a1_72.jpg",
            "first_name": "Takeshi",
            "real_name": "Takeshi Kondo",
            "display_name": "chaspy",
            "team": "TFU0BKCQP",
            "name": "take.she12",
            "is_restricted": false,
            "is_ultra_restricted": false
        },
        "thread_ts": "1572408757.039500",
        "reply_count": 16,
        "reply_users_count": 4,
        "latest_reply": "1572433277.044500",
        "reply_users": [
            "UG46Z57TN",
            "UHS4SFFA7",
            "UFU0BKD8F",
            "UP3JFHZ8V"
        ],
        "replies": [
            {
                "user": "UG46Z57TN",
                "ts": "1572409717.039600"
            },
            {
                "user": "UHS4SFFA7",
                "ts": "1572410458.039800"
            },
            {
                "user": "UHS4SFFA7",
                "ts": "1572410627.040000"
            },
            {
                "user": "UG46Z57TN",
                "ts": "1572410667.040200"
            },
            {
                "user": "UHS4SFFA7",
                "ts": "1572410676.040400"
            },
            {
                "user": "UHS4SFFA7",
                "ts": "1572410792.040600"
            },
            {
                "user": "UHS4SFFA7",
                "ts": "1572411073.040800"
            },
            {
                "user": "UG46Z57TN",
                "ts": "1572411088.041100"
            },
            {
                "user": "UG46Z57TN",
                "ts": "1572411118.042100"
            },
            {
                "user": "UHS4SFFA7",
                "ts": "1572411366.042400"
            },
            {
                "user": "UG46Z57TN",
                "ts": "1572411435.042700"
            },
            {
                "user": "UHS4SFFA7",
                "ts": "1572411462.042900"
            },
            {
                "user": "UG46Z57TN",
                "ts": "1572411679.043200"
            },
            {
                "user": "UFU0BKD8F",
                "ts": "1572411697.043400"
            },
            {
                "user": "UG46Z57TN",
                "ts": "1572415610.044300"
            },
            {
                "user": "UP3JFHZ8V",
                "ts": "1572433277.044500"
            }
        ],
        "subscribed": true,
        "last_read": "1572433277.044500"
    },
    {
        "client_msg_id": "8dd888a3-c45e-4cdc-be34-80de7b6ad68b",
        "type": "message",
        "text": "<@UP3JFHZ8V> もメンション！",
        "user": "UG46Z57TN",
        "ts": "1572409717.039600",
        "team": "TFU0BKCQP",
        "user_team": "TFU0BKCQP",
        "source_team": "TFU0BKCQP",
        "user_profile": {
            "avatar_hash": "c6bdd4cb17db",
            "image_72": "https:\/\/avatars.slack-edge.com\/2019-07-05\/685991185957_c6bdd4cb17db956661a1_72.jpg",
            "first_name": "Takeshi",
            "real_name": "Takeshi Kondo",
            "display_name": "chaspy",
            "team": "TFU0BKCQP",
            "name": "take.she12",
            "is_restricted": false,
            "is_ultra_restricted": false
        },
        "thread_ts": "1572408757.039500",
        "parent_user_id": "UG46Z57TN"
    },
    {
        "client_msg_id": "fefab29c-1463-4679-89eb-423e5417507f",
        "type": "message",
        "text": "んー、ディレクトリ構造的な話だとコード書いた時期によってまちまちで統一はされてないんだけど、普段メインでいじってるリポジトリは",
        "user": "UHS4SFFA7",
        "ts": "1572410458.039800",
        "team": "TFU0BKCQP",
        "user_team": "TFU0BKCQP",
        "source_team": "TFU0BKCQP",
        "user_profile": {
            "avatar_hash": "gade34f8bdf1",
            "image_72": "https:\/\/secure.gravatar.com\/avatar\/5ade34f8bdf1b55c4ff82c11cf23cf42.jpg?s=72&d=https%3A%2F%2Fa.slack-edge.com%2Fdf10d%2Fimg%2Favatars%2Fava_0008-72.png",
            "first_name": "",
            "real_name": "minamijoyo",
            "display_name": "minamijoyo",
            "team": "TFU0BKCQP",
            "name": "minamijoyo",
            "is_restricted": false,
            "is_ultra_restricted": false
        },
        "thread_ts": "1572408757.039500",
        "parent_user_id": "UG46Z57TN"
    },
    {
        "client_msg_id": "b02c0301-d22d-4ae6-b240-b3b4d9e4c3b9",
        "type": "message",
        "text": "わりとオーソドックスな感じで\n```\naws-accounts\/ # アカウント全体のコード\n  A\/\n    iam\/\n    vpc\/\n  B\/\nservices\/  # サービス単位のコード\n  aaa\/\n    production\/\n    staging\/\n  bbb\/\n    production\/\nmodules\/ # 共通コードの置き場\n  ecs_cluster\/\n  ecs_task\/\n```",
        "user": "UHS4SFFA7",
        "ts": "1572410627.040000",
        "team": "TFU0BKCQP",
        "user_team": "TFU0BKCQP",
        "source_team": "TFU0BKCQP",
        "user_profile": {
            "avatar_hash": "gade34f8bdf1",
            "image_72": "https:\/\/secure.gravatar.com\/avatar\/5ade34f8bdf1b55c4ff82c11cf23cf42.jpg?s=72&d=https%3A%2F%2Fa.slack-edge.com%2Fdf10d%2Fimg%2Favatars%2Fava_0008-72.png",
            "first_name": "",
            "real_name": "minamijoyo",
            "display_name": "minamijoyo",
            "team": "TFU0BKCQP",
            "name": "minamijoyo",
            "is_restricted": false,
            "is_ultra_restricted": false
        },
        "thread_ts": "1572408757.039500",
        "parent_user_id": "UG46Z57TN"
    },
    {
        "client_msg_id": "b05ef77d-f23d-4d79-8797-7117e3b0691c",
        "type": "message",
        "text": "おー",
        "user": "UG46Z57TN",
        "ts": "1572410667.040200",
        "team": "TFU0BKCQP",
        "user_team": "TFU0BKCQP",
        "source_team": "TFU0BKCQP",
        "user_profile": {
            "avatar_hash": "c6bdd4cb17db",
            "image_72": "https:\/\/avatars.slack-edge.com\/2019-07-05\/685991185957_c6bdd4cb17db956661a1_72.jpg",
            "first_name": "Takeshi",
            "real_name": "Takeshi Kondo",
            "display_name": "chaspy",
            "team": "TFU0BKCQP",
            "name": "take.she12",
            "is_restricted": false,
            "is_ultra_restricted": false
        },
        "thread_ts": "1572408757.039500",
        "parent_user_id": "UG46Z57TN"
    },
    {
        "client_msg_id": "d4ae761b-e845-47df-bd0c-c0d1eecd5010",
        "type": "message",
        "text": "ただコードがどんどん増えてくるとtfstateが肥大化してくるので、もうちょっと細かく切りたいお気持ち",
        "user": "UHS4SFFA7",
        "ts": "1572410676.040400",
        "team": "TFU0BKCQP",
        "user_team": "TFU0BKCQP",
        "source_team": "TFU0BKCQP",
        "user_profile": {
            "avatar_hash": "gade34f8bdf1",
            "image_72": "https:\/\/secure.gravatar.com\/avatar\/5ade34f8bdf1b55c4ff82c11cf23cf42.jpg?s=72&d=https%3A%2F%2Fa.slack-edge.com%2Fdf10d%2Fimg%2Favatars%2Fava_0008-72.png",
            "first_name": "",
            "real_name": "minamijoyo",
            "display_name": "minamijoyo",
            "team": "TFU0BKCQP",
            "name": "minamijoyo",
            "is_restricted": false,
            "is_ultra_restricted": false
        },
        "thread_ts": "1572408757.039500",
        "parent_user_id": "UG46Z57TN"
    },
    {
        "client_msg_id": "a5c1b7ed-f86b-4ae9-98c9-b9566ace0838",
        "type": "message",
        "text": "比較的最近書かれた新規事業とかやってる方は(私あんまりいじってないんだけど)、もうちょっとレイヤー化されてる。\n\n```\nenvironments\/\n  dev\/\n  prod\/\n    account\/\n    application\/\n    datastore\/\n    deployment\/\n    frontend\/\n    governance\/\n    logging\/\n    network\/\nmodules\/\n  ...\/\n```",
        "user": "UHS4SFFA7",
        "ts": "1572410792.040600",
        "team": "TFU0BKCQP",
        "user_team": "TFU0BKCQP",
        "source_team": "TFU0BKCQP",
        "user_profile": {
            "avatar_hash": "gade34f8bdf1",
            "image_72": "https:\/\/secure.gravatar.com\/avatar\/5ade34f8bdf1b55c4ff82c11cf23cf42.jpg?s=72&d=https%3A%2F%2Fa.slack-edge.com%2Fdf10d%2Fimg%2Favatars%2Fava_0008-72.png",
            "first_name": "",
            "real_name": "minamijoyo",
            "display_name": "minamijoyo",
            "team": "TFU0BKCQP",
            "name": "minamijoyo",
            "is_restricted": false,
            "is_ultra_restricted": false
        },
        "thread_ts": "1572408757.039500",
        "parent_user_id": "UG46Z57TN"
    },
    {
        "client_msg_id": "46c3bcd2-5d83-45d5-a61c-ba9ffadaaaaa",
        "type": "message",
        "text": "変更の頻度とかで分けるのがよいんかなぁと最近なんとなく思ってる。",
        "user": "UHS4SFFA7",
        "ts": "1572411073.040800",
        "team": "TFU0BKCQP",
        "user_team": "TFU0BKCQP",
        "source_team": "TFU0BKCQP",
        "user_profile": {
            "avatar_hash": "gade34f8bdf1",
            "image_72": "https:\/\/secure.gravatar.com\/avatar\/5ade34f8bdf1b55c4ff82c11cf23cf42.jpg?s=72&d=https%3A%2F%2Fa.slack-edge.com%2Fdf10d%2Fimg%2Favatars%2Fava_0008-72.png",
            "first_name": "",
            "real_name": "minamijoyo",
            "display_name": "minamijoyo",
            "team": "TFU0BKCQP",
            "name": "minamijoyo",
            "is_restricted": false,
            "is_ultra_restricted": false
        },
        "thread_ts": "1572408757.039500",
        "parent_user_id": "UG46Z57TN"
    },
    {
        "client_msg_id": "F7AE6D49-DB5A-4E11-87CB-0A7AAB5E941E",
        "type": "message",
        "text": "<https:\/\/twitter.com\/chaspy_\/status\/1187601882245582848?s=21>",
        "user": "UG46Z57TN",
        "ts": "1572411088.041100",
        "team": "TFU0BKCQP",
        "user_team": "TFU0BKCQP",
        "source_team": "TFU0BKCQP",
        "user_profile": {
            "avatar_hash": "c6bdd4cb17db",
            "image_72": "https:\/\/avatars.slack-edge.com\/2019-07-05\/685991185957_c6bdd4cb17db956661a1_72.jpg",
            "first_name": "Takeshi",
            "real_name": "Takeshi Kondo",
            "display_name": "chaspy",
            "team": "TFU0BKCQP",
            "name": "take.she12",
            "is_restricted": false,
            "is_ultra_restricted": false
        },
        "thread_ts": "1572408757.039500",
        "parent_user_id": "UG46Z57TN"
    },
    {
        "client_msg_id": "D17B0D5C-8ABC-412A-9049-779A59CF47E0",
        "type": "message",
        "text": "オフィス遊びにいって30分、1時間ぐらい見せてもらったり相談させてもらったりしていいですか？笑",
        "user": "UG46Z57TN",
        "ts": "1572411118.042100",
        "team": "TFU0BKCQP",
        "user_team": "TFU0BKCQP",
        "source_team": "TFU0BKCQP",
        "user_profile": {
            "avatar_hash": "c6bdd4cb17db",
            "image_72": "https:\/\/avatars.slack-edge.com\/2019-07-05\/685991185957_c6bdd4cb17db956661a1_72.jpg",
            "first_name": "Takeshi",
            "real_name": "Takeshi Kondo",
            "display_name": "chaspy",
            "team": "TFU0BKCQP",
            "name": "take.she12",
            "is_restricted": false,
            "is_ultra_restricted": false
        },
        "thread_ts": "1572408757.039500",
        "parent_user_id": "UG46Z57TN"
    },
    {
        "client_msg_id": "c7a5ee82-ec3b-4f59-a31c-5e3105ef9434",
        "type": "message",
        "text": "チラ見せするぐらいならまぁいいんじゃないかと思うんだけど、現状のコードベースの課題感のコンテキストを共有するのが難しいかもしれない。",
        "user": "UHS4SFFA7",
        "ts": "1572411366.042400",
        "team": "TFU0BKCQP",
        "user_team": "TFU0BKCQP",
        "source_team": "TFU0BKCQP",
        "user_profile": {
            "avatar_hash": "gade34f8bdf1",
            "image_72": "https:\/\/secure.gravatar.com\/avatar\/5ade34f8bdf1b55c4ff82c11cf23cf42.jpg?s=72&d=https%3A%2F%2Fa.slack-edge.com%2Fdf10d%2Fimg%2Favatars%2Fava_0008-72.png",
            "first_name": "",
            "real_name": "minamijoyo",
            "display_name": "minamijoyo",
            "team": "TFU0BKCQP",
            "name": "minamijoyo",
            "is_restricted": false,
            "is_ultra_restricted": false
        },
        "thread_ts": "1572408757.039500",
        "parent_user_id": "UG46Z57TN"
    },
    {
        "client_msg_id": "BC94AD19-33D6-427D-86B4-75BD9207E910",
        "type": "message",
        "text": "フムー",
        "user": "UG46Z57TN",
        "ts": "1572411435.042700",
        "team": "TFU0BKCQP",
        "user_team": "TFU0BKCQP",
        "source_team": "TFU0BKCQP",
        "user_profile": {
            "avatar_hash": "c6bdd4cb17db",
            "image_72": "https:\/\/avatars.slack-edge.com\/2019-07-05\/685991185957_c6bdd4cb17db956661a1_72.jpg",
            "first_name": "Takeshi",
            "real_name": "Takeshi Kondo",
            "display_name": "chaspy",
            "team": "TFU0BKCQP",
            "name": "take.she12",
            "is_restricted": false,
            "is_ultra_restricted": false
        },
        "thread_ts": "1572408757.039500",
        "parent_user_id": "UG46Z57TN"
    },
    {
        "client_msg_id": "e98b690e-6312-42aa-905b-3f4e26916898",
        "type": "message",
        "text": "結局、最適解は扱ってるサービスの特性や開発チームの状況などに依存するので、他社の事例をそのまま取り入れてもうまく行かないんじゃないかと思ってる。",
        "user": "UHS4SFFA7",
        "ts": "1572411462.042900",
        "team": "TFU0BKCQP",
        "user_team": "TFU0BKCQP",
        "source_team": "TFU0BKCQP",
        "user_profile": {
            "avatar_hash": "gade34f8bdf1",
            "image_72": "https:\/\/secure.gravatar.com\/avatar\/5ade34f8bdf1b55c4ff82c11cf23cf42.jpg?s=72&d=https%3A%2F%2Fa.slack-edge.com%2Fdf10d%2Fimg%2Favatars%2Fava_0008-72.png",
            "first_name": "",
            "real_name": "minamijoyo",
            "display_name": "minamijoyo",
            "team": "TFU0BKCQP",
            "name": "minamijoyo",
            "is_restricted": false,
            "is_ultra_restricted": false
        },
        "thread_ts": "1572408757.039500",
        "parent_user_id": "UG46Z57TN"
    },
    {
        "client_msg_id": "A573660B-BB52-42BE-868A-0B0D33CACA98",
        "type": "message",
        "text": "それはそうですね",
        "user": "UG46Z57TN",
        "ts": "1572411679.043200",
        "team": "TFU0BKCQP",
        "user_team": "TFU0BKCQP",
        "source_team": "TFU0BKCQP",
        "user_profile": {
            "avatar_hash": "c6bdd4cb17db",
            "image_72": "https:\/\/avatars.slack-edge.com\/2019-07-05\/685991185957_c6bdd4cb17db956661a1_72.jpg",
            "first_name": "Takeshi",
            "real_name": "Takeshi Kondo",
            "display_name": "chaspy",
            "team": "TFU0BKCQP",
            "name": "take.she12",
            "is_restricted": false,
            "is_ultra_restricted": false
        },
        "thread_ts": "1572408757.039500",
        "parent_user_id": "UG46Z57TN"
    },
    {
        "client_msg_id": "cecee30e-8d0a-46ab-ba69-955b8a14fc83",
        "type": "message",
        "text": "来週のコードリーディングの裏番組はtfstateの分割についてｗ",
        "user": "UFU0BKD8F",
        "ts": "1572411697.043400",
        "team": "TFU0BKCQP",
        "user_team": "TFU0BKCQP",
        "source_team": "TFU0BKCQP",
        "user_profile": {
            "avatar_hash": "92c41c62c7b0",
            "image_72": "https:\/\/avatars.slack-edge.com\/2019-01-30\/537137791812_92c41c62c7b0f054d3dd_72.jpg",
            "first_name": "らき",
            "real_name": "らき",
            "display_name": "raki",
            "team": "TFU0BKCQP",
            "name": "nishimuray",
            "is_restricted": false,
            "is_ultra_restricted": false
        },
        "thread_ts": "1572408757.039500",
        "parent_user_id": "UG46Z57TN"
    },
    {
        "client_msg_id": "602CD3A8-B69A-45B3-B699-3F45DC12E837",
        "type": "message",
        "text": "いま他社2つ、あそびにいこうとしてて3つぐらい集まったら面白いかなぁと思ったのだ",
        "user": "UG46Z57TN",
        "ts": "1572415610.044300",
        "team": "TFU0BKCQP",
        "user_team": "TFU0BKCQP",
        "source_team": "TFU0BKCQP",
        "user_profile": {
            "avatar_hash": "c6bdd4cb17db",
            "image_72": "https:\/\/avatars.slack-edge.com\/2019-07-05\/685991185957_c6bdd4cb17db956661a1_72.jpg",
            "first_name": "Takeshi",
            "real_name": "Takeshi Kondo",
            "display_name": "chaspy",
            "team": "TFU0BKCQP",
            "name": "take.she12",
            "is_restricted": false,
            "is_ultra_restricted": false
        },
        "thread_ts": "1572408757.039500",
        "parent_user_id": "UG46Z57TN"
    }
]