[
    {
        "client_msg_id": "5a95127c-d63b-4b7e-8092-185fd7701dc0",
        "type": "message",
        "text": "lifecycle に update_before_destroy が欲しい。。。",
        "user": "UFU0BKD8F",
        "ts": "1570759298.014100",
        "team": "TFU0BKCQP",
        "user_team": "TFU0BKCQP",
        "source_team": "TFU0BKCQP",
        "user_profile": {
            "avatar_hash": "92c41c62c7b0",
            "image_72": "https:\/\/avatars.slack-edge.com\/2019-01-30\/537137791812_92c41c62c7b0f054d3dd_72.jpg",
            "first_name": "らき",
            "real_name": "らき",
            "display_name": "raki",
            "team": "TFU0BKCQP",
            "name": "nishimuray",
            "is_restricted": false,
            "is_ultra_restricted": false
        }
    }
]