[
    {
        "type": "message",
        "subtype": "bot_message",
        "text": "",
        "ts": "1643296841.646199",
        "bot_id": "B01D39EAGTT",
        "attachments": [
            {
                "id": 1,
                "fallback": "hashicorp\/vault on GitHub\nv1.7.9v1.7.9",
                "text": "*v1.7.9* `v1.7.9`",
                "title": "hashicorp\/vault on GitHub",
                "title_link": "https:\/\/newreleases.io\/github\/hashicorp\/vault",
                "mrkdwn_in": [
                    "text"
                ]
            }
        ]
    },
    {
        "type": "message",
        "subtype": "bot_message",
        "text": "",
        "ts": "1643297310.943939",
        "bot_id": "B01D39EAGTT",
        "attachments": [
            {
                "id": 1,
                "fallback": "hashicorp\/vault on GitHub\nv1.8.8v1.8.8",
                "text": "*v1.8.8* `v1.8.8`",
                "title": "hashicorp\/vault on GitHub",
                "title_link": "https:\/\/newreleases.io\/github\/hashicorp\/vault",
                "mrkdwn_in": [
                    "text"
                ]
            }
        ]
    },
    {
        "type": "message",
        "subtype": "bot_message",
        "text": "",
        "ts": "1643297788.855589",
        "bot_id": "B01D39EAGTT",
        "attachments": [
            {
                "id": 1,
                "fallback": "hashicorp\/vault on GitHub\nv1.9.3v1.9.3",
                "text": "*v1.9.3* `v1.9.3`",
                "title": "hashicorp\/vault on GitHub",
                "title_link": "https:\/\/newreleases.io\/github\/hashicorp\/vault",
                "mrkdwn_in": [
                    "text"
                ]
            }
        ]
    },
    {
        "type": "message",
        "subtype": "bot_message",
        "text": "",
        "ts": "1643309352.338319",
        "bot_id": "B01D39EAGTT",
        "attachments": [
            {
                "id": 1,
                "fallback": "hashicorp\/terraform-provider-awscc on GitHub\nv0.11.0",
                "text": "`v0.11.0`",
                "title": "hashicorp\/terraform-provider-awscc on GitHub",
                "title_link": "https:\/\/newreleases.io\/github\/hashicorp\/terraform-provider-awscc",
                "mrkdwn_in": [
                    "text"
                ]
            }
        ]
    },
    {
        "type": "message",
        "subtype": "bot_message",
        "text": "",
        "ts": "1643310213.847339",
        "bot_id": "B01D39EAGTT",
        "attachments": [
            {
                "id": 1,
                "fallback": "hashicorp\/terraform-provider-awscc on GitHub\nv0.11.0 updated\nrelease note: <https:\/\/newreleases.io\/github\/hashicorp\/terraform-provider-awscc?version=v0.11.0>",
                "text": "`v0.11.0` _updated_\n<https:\/\/newreleases.io\/github\/hashicorp\/terraform-provider-awscc?version=v0.11.0|release note...>",
                "title": "hashicorp\/terraform-provider-awscc on GitHub",
                "title_link": "https:\/\/newreleases.io\/github\/hashicorp\/terraform-provider-awscc",
                "mrkdwn_in": [
                    "text"
                ]
            }
        ]
    },
    {
        "type": "message",
        "subtype": "bot_message",
        "text": "",
        "ts": "1643333847.417259",
        "bot_id": "B01D39EAGTT",
        "attachments": [
            {
                "id": 1,
                "fallback": "hashicorp\/terraform-provider-aws on GitHub\nv3.74.0v3.74.0 \nrelease note: <https:\/\/newreleases.io\/github\/hashicorp\/terraform-provider-aws?version=v3.74.0>\n\nv3.73.0v3.73.0 updated\nrelease note: <https:\/\/newreleases.io\/github\/hashicorp\/terraform-provider-aws?version=v3.73.0>",
                "text": "*v3.74.0* `v3.74.0` \n<https:\/\/newreleases.io\/github\/hashicorp\/terraform-provider-aws?version=v3.74.0|release note...>\n\n*v3.73.0* `v3.73.0` _updated_\n```\nFEATURES:\n\n* *New Data Source:* aws_cloudfront_origin_access_identity ( #22572 ( <https:\/\/github.com\/hashicorp\/terraform-provider-aws\/issues\/22572> ) )\n\n* *New Data Source:* aws_vpc_ipam_preview_next_cidr ( #22643 ( <https:\/\/github.com\/hashicorp\/terraform-provider-aws\/issues\/22643> ) )\n\n* *New Resource:* aws_appsync_api_cache ( #22578 ( <https:\/\/github.com\/hashicorp\/terraform-provider-aws\/issues\/22578> ) )\n\n* *New Resource:* aws_appsync_domain_name ( #22487 ( <https:\/\/github.com\/hashicorp\/terraform-provider-aws\/issues\/22487> ) )\n\n* *New Resource:* aws_appsync_domain_name_api_association ( #22487 ( <https:\/\/github.com\/hashicorp\/terraform-provider-aws\/issues\/22487> ) )\n\n* *New Resource:* aws_cloudsearch_domain ( #17723 ( <https:\/\/github.com\/hashicorp\/terraform-provider-aws\/issues\/17723> ) )\n\n* *New Resource:* aws_cloudsearch_domain_service_access_policy ( #17723 ( <https:\/\/github.com\/hashicorp\/terraform-provider-aws\/issues\/17723> ) )\n\n* *New Resource:* aws_detective_invitation_accepter ( #22163 ( <https:\/\/github.com\/hashicorp\/terraform-provider-aws\/issues\/22163> ) )\n\n* *New Resource:* aws_detective_member ( #22163 ( <https:\/\/github.com\/hashicorp\/terraform-provider-aws\/issues\/22163> ) )\n\n* *New Resource:* aws_fsx_data_repository_association ( #22291 ( <https:\/\/github.com\/hashicorp\/terraform-provider-aws\/issues\/22291> ) )\n\n* *New Resource:* aws_lambda_invocation ( #19488 ( <https:\/\/github.com\/hashicorp\/terraform-provider-aws\/issues\/19488> ) )\n\nENHANCEMENTS:\n\n* data-source\/aws_cognito_user_pool_clients: Add client_names attribute ( #22615 ( <https:\/\/github.com\/hashicorp\/terraform-provider-aws\/issues\/22615> ) )\n\n* data-source\/aws_imagebuilder_image_recipe: Add user_data_base64 attribute ( #21763 ( <https:\/\/github.com\/hashicorp\/terraform-provider-aws\/issues\/21763> ) )\n\n* resource\/aws_dynamodb_table: Add special case handling when switching billing_mode from PAY_PER_REQUEST to PROVISIONED and provisioned throughput is ignored. ( #22630 ( <https:\/\/github.com\/hashicorp\/terraform-provider-aws\/issues\/22630> ) )\n\n* resource\/aws_fsx_lustre_file_system: Add file_system_type_version argument ( #22291 ( <https:\/\/github.com\/hashicorp\/terraform-provider-aws\/issues\/22291> ) )\n\n* resource\/aws_imagebuilder_image_recipe: Add user_data_base64 argument ( #21763 ( <https:\/\/github.com\/hashicorp\/terraform-provider-aws\/issues\/21763> ) )\n\n* resource\/aws_opsworks_custom_layer: Add plan time validation for ebs_volume.type and custom_json. ( #12433 ( <https:\/\/github.com\/hashicorp\/terraform-provider-aws\/issues\/12433> ) )\n\n* resource\/aws_opsworks_custom_layer: Add support for cloudwatch_configuration ( #12433 ( <https:\/\/github.com\/hashicorp\/terraform-provider-aws\/issues\/12433> ) )\n\n* resource\/aws_security_group: Ensure that the Security Group is found 3 times in a row before declaring that it has been created ( #22420 ( <https:\/\/github.com\/hashicorp\/terraform-provider-aws\/issues\/22420> ) )\n\nBUG FIXES:\n\n* resource\/aws_apprunner_custom_domain_association: Add the status binding_certificate as a valid target when waiting for creation. ( #20222 ( <https:\/\/github.com\/hashicorp\/terraform-provider-aws\/issues\/20222> ) )\n\n* resource\/aws_cloudfront_distribution: Increase the maximum valid origin_keepalive_timeout value to 180 ( #22632 ( <https:\/\/github.com\/hashicorp\/terraform-provider-aws\/issues\/22632> ) )\n\n* resource\/aws_ecr_lifecycle_policy: Fix diffs in policy when no changes are detected ( #22665 ( <https:\/\/github.com\/hashicorp\/terraform-provider-aws\/issues\/22665> ) )\n\n* resource\/aws_load_balancer_policy: Suppress policy_attribute differences ( #21776 ( <https:\/\/github.com\/hashicorp\/terraform-provider-aws\/issues\/21776> ) )\n```\n<https:\/\/newreleases.io\/github\/hashicorp\/terraform-provider-aws?version=v3.73.0|release note...>",
                "title": "hashicorp\/terraform-provider-aws on GitHub",
                "title_link": "https:\/\/newreleases.io\/github\/hashicorp\/terraform-provider-aws",
                "mrkdwn_in": [
                    "text"
                ]
            }
        ]
    }
]