[
    {
        "type": "message",
        "subtype": "bot_message",
        "text": "",
        "ts": "1642611527.000300",
        "bot_id": "B01D39EAGTT",
        "attachments": [
            {
                "id": 1,
                "fallback": "hashicorp\/packer on GitHub\nv1.7.9",
                "text": "`v1.7.9`",
                "title": "hashicorp\/packer on GitHub",
                "title_link": "https:\/\/newreleases.io\/github\/hashicorp\/packer",
                "mrkdwn_in": [
                    "text"
                ]
            }
        ]
    },
    {
        "type": "message",
        "subtype": "bot_message",
        "text": "",
        "ts": "1642617936.000400",
        "bot_id": "B01D39EAGTT",
        "attachments": [
            {
                "id": 1,
                "fallback": "hashicorp\/terraform on GitHub\nv1.1.4v1.1.4 \nrelease note: <https:\/\/newreleases.io\/github\/hashicorp\/terraform?version=v1.1.4>",
                "text": "*v1.1.4* `v1.1.4` \n```\n------------------------\n1.1.4 (January 19, 2022)\n------------------------\n\nBUG FIXES:\n\n* config: Non-nullable variables with null inputs were not given default values when checking validation statements ( #30330 ( <https:\/\/github.com\/hashicorp\/terraform\/issues\/30330> ) )\n\n* config: Terraform will no longer incorrectly report \"Cross-package move statement\" when an external package has changed a resource from no count to using count , or vice-versa. ( #30333 ( <https:\/\/github.com\/hashicorp\/terraform\/issues\/30333> ) )\n```\n<https:\/\/newreleases.io\/github\/hashicorp\/terraform?version=v1.1.4|release note...>",
                "title": "hashicorp\/terraform on GitHub",
                "title_link": "https:\/\/newreleases.io\/github\/hashicorp\/terraform",
                "mrkdwn_in": [
                    "text"
                ]
            }
        ]
    },
    {
        "type": "message",
        "subtype": "bot_message",
        "text": "",
        "ts": "1642628882.000500",
        "bot_id": "B01D39EAGTT",
        "attachments": [
            {
                "id": 1,
                "fallback": "hashicorp\/terraform-provider-google on GitHub\nv4.7.0",
                "text": "`v4.7.0`",
                "title": "hashicorp\/terraform-provider-google on GitHub",
                "title_link": "https:\/\/newreleases.io\/github\/hashicorp\/terraform-provider-google",
                "mrkdwn_in": [
                    "text"
                ]
            }
        ]
    },
    {
        "type": "message",
        "subtype": "bot_message",
        "text": "",
        "ts": "1642629700.000600",
        "bot_id": "B01D39EAGTT",
        "attachments": [
            {
                "id": 1,
                "fallback": "hashicorp\/terraform-provider-google on GitHub\nv4.7.0 updated\nrelease note: <https:\/\/newreleases.io\/github\/hashicorp\/terraform-provider-google?version=v4.7.0>",
                "text": "`v4.7.0` _updated_\n<https:\/\/newreleases.io\/github\/hashicorp\/terraform-provider-google?version=v4.7.0|release note...>",
                "title": "hashicorp\/terraform-provider-google on GitHub",
                "title_link": "https:\/\/newreleases.io\/github\/hashicorp\/terraform-provider-google",
                "mrkdwn_in": [
                    "text"
                ]
            }
        ]
    }
]