[
    {
        "type": "message",
        "subtype": "bot_message",
        "text": "",
        "ts": "1638531565.008200",
        "bot_id": "B01D39EAGTT",
        "attachments": [
            {
                "fallback": "hashicorp\/terraform-provider-awscc on GitHub\nv0.8.0 updated",
                "text": "`v0.8.0` _updated_",
                "title": "hashicorp\/terraform-provider-awscc on GitHub",
                "id": 1,
                "title_link": "https:\/\/newreleases.io\/github\/hashicorp\/terraform-provider-awscc",
                "mrkdwn_in": [
                    "text"
                ]
            }
        ]
    },
    {
        "type": "message",
        "subtype": "bot_message",
        "text": "",
        "ts": "1638532295.008300",
        "bot_id": "B01D39EAGTT",
        "attachments": [
            {
                "fallback": "hashicorp\/terraform-provider-awscc on GitHub\nv0.8.0 updated\nrelease note: <https:\/\/newreleases.io\/github\/hashicorp\/terraform-provider-awscc?version=v0.8.0>",
                "text": "`v0.8.0` _updated_\n```\nFEATURES:\n\n* *New Data Source:* awscc_chatbot_slack_channel_configuration\n\n* *New Data Source:* awscc_chatbot_slack_channel_configurations\n\n* *New Data Source:* awscc_connect_contact_flow\n\n* *New Data Source:* awscc_connect_contact_flow_module\n\n* *New Data Source:* awscc_ec2_ipam\n\n* *New Data Source:* awscc_ec2_ipam_allocation\n\n* *New Data Source:* awscc_ec2_ipam_pool\n\n* *New Data Source:* awscc_ec2_ipam_pools\n\n* *New Data Source:* awscc_ec2_ipam_scope\n\n* *New Data Source:* awscc_ec2_ipam_scopes\n\n* *New Data Source:* awscc_ec2_ipams\n\n* *New Data Source:* awscc_ec2_vpc_endpoint\n\n* *New Data Source:* awscc_ec2_vpc_endpoints\n\n* *New Data Source:* awscc_evidently_experiment\n\n* *New Data Source:* awscc_evidently_feature\n\n* *New Data Source:* awscc_evidently_launch\n\n* *New Data Source:* awscc_evidently_project\n\n* *New Data Source:* awscc_refactorspaces_environment\n\n* *New Data Source:* awscc_refactorspaces_environments\n\n* *New Data Source:* awscc_refactorspaces_route\n\n* *New Data Source:* awscc_refactorspaces_service\n\n* *New Data Source:* awscc_resiliencehub_app\n\n* *New Data Source:* awscc_resiliencehub_apps\n\n* *New Data Source:* awscc_resiliencehub_resiliency_policies\n\n* *New Data Source:* awscc_resiliencehub_resiliency_policy\n\n* *New Data Source:* awscc_rum_app_monitor\n\n* *New Data Source:* awscc_rum_app_monitors\n\n* *New Data Source:* awscc_timestream_scheduled_queries\n\n* *New Data Source:* awscc_timestream_scheduled_query\n\n* *New Data Source:* awscc_transfer_workflow\n\n* *New Data Source:* awscc_transfer_workflows\n\n* *New Resource:* awscc_chatbot_slack_channel_configuration\n\n* *New Resource:* awscc_connect_contact_flow\n\n* *New Resource:* awscc_connect_contact_flow_module\n\n* *New Resource:* awscc_ec2_ipam\n\n* *New Resource:* awscc_ec2_ipam_allocation\n\n* *New Resource:* awscc_ec2_ipam_pool\n\n* *New Resource:* awscc_ec2_ipam_scope\n\n* *New Resource:* awscc_ec2_vpc_endpoint\n\n* *New Resource:* awscc_evidently_experiment\n\n* *New Resource:* awscc_evidently_feature\n\n* *New Resource:* awscc_evidently_launch\n\n* *New Resource:* awscc_evidently_project\n\n* *New Resource:* awscc_refactorspaces_environment\n\n* *New Resource:* awscc_refactorspaces_route\n\n* *New Resource:* awscc_refactorspaces_service\n\n* *New Resource:* awscc_resiliencehub_app\n\n* *New Resource:* awscc_resiliencehub_resiliency_policy\n\n* *New Resource:* awscc_rum_app_monitor\n\n* *New Resource:* awscc_timestream_scheduled_query\n\n* *New Resource:* awscc_transfer_workflow\n```\n<https:\/\/newreleases.io\/github\/hashicorp\/terraform-provider-awscc?version=v0.8.0|release note...>",
                "title": "hashicorp\/terraform-provider-awscc on GitHub",
                "id": 1,
                "title_link": "https:\/\/newreleases.io\/github\/hashicorp\/terraform-provider-awscc",
                "mrkdwn_in": [
                    "text"
                ]
            }
        ]
    },
    {
        "type": "message",
        "subtype": "bot_message",
        "text": "",
        "ts": "1638565330.008400",
        "bot_id": "B01D39EAGTT",
        "attachments": [
            {
                "fallback": "hashicorp\/terraform-provider-google on GitHub\nv4.2.1",
                "text": "`v4.2.1`",
                "title": "hashicorp\/terraform-provider-google on GitHub",
                "id": 1,
                "title_link": "https:\/\/newreleases.io\/github\/hashicorp\/terraform-provider-google",
                "mrkdwn_in": [
                    "text"
                ]
            }
        ]
    },
    {
        "type": "message",
        "subtype": "bot_message",
        "text": "",
        "ts": "1638566074.008500",
        "bot_id": "B01D39EAGTT",
        "attachments": [
            {
                "fallback": "hashicorp\/terraform-provider-google on GitHub\nv4.2.1v4.2.1 updated",
                "text": "*v4.2.1* `v4.2.1` _updated_",
                "title": "hashicorp\/terraform-provider-google on GitHub",
                "id": 1,
                "title_link": "https:\/\/newreleases.io\/github\/hashicorp\/terraform-provider-google",
                "mrkdwn_in": [
                    "text"
                ]
            }
        ]
    }
]