[
    {
        "type": "message",
        "subtype": "bot_message",
        "text": "",
        "ts": "1639777229.011800",
        "bot_id": "B01D39EAGTT",
        "attachments": [
            {
                "id": 1,
                "fallback": "hashicorp\/packer on GitHub\nnightlynightly pre-release, updated\nrelease note: <https:\/\/newreleases.io\/github\/hashicorp\/packer?version=nightly>",
                "text": "*nightly* `nightly` _pre-release_, _updated_\n```\nNightly releases are snapshots of the development activity on the Packer project that may include new features and bug fixes scheduled for upcoming releases ( <https:\/\/github.com\/hashicorp\/packer\/milestones> ). These releases are made available to make it easier for users to test their existing build configurations against the latest Packer code base for potential issues or to experiment with new features, with a chance to provide feedback on ways to improve the changes before being released.\n\nAs these releases are snapshots of the latest code, you may encounter an issue compared to the latest stable release so users are encouraged to run nightly releases in a non production environment. If you encounter an issue, please check our issue tracker ( <https:\/\/github.com\/hashicorp\/packer\/issues> ) to see if the issue has already been reported; if a report hasn't been made, please report it so we can review the issue and make any needed fixes.\n\n*Note* : Nightly releases are only available via GitHub; distribution via Homebrew, Docker, or Chocolatey is not supported.\n```\n<https:\/\/newreleases.io\/github\/hashicorp\/packer?version=nightly|release note...>",
                "title": "hashicorp\/packer on GitHub",
                "title_link": "https:\/\/newreleases.io\/github\/hashicorp\/packer",
                "mrkdwn_in": [
                    "text"
                ]
            }
        ]
    },
    {
        "type": "message",
        "subtype": "bot_message",
        "text": "",
        "ts": "1639778356.011900",
        "bot_id": "B01D39EAGTT",
        "attachments": [
            {
                "id": 1,
                "fallback": "hashicorp\/terraform on GitHub\nv1.1.2v1.1.2 \nrelease note: <https:\/\/newreleases.io\/github\/hashicorp\/terraform?version=v1.1.2>",
                "text": "*v1.1.2* `v1.1.2` \n```\n-------------------------\n1.1.2 (December 17, 2021)\n-------------------------\n\n*If you are using Terraform CLI v1.1.0 or v1.1.1, please upgrade to this new version as soon as possible.*\n\nTerraform CLI v1.1.0 and v1.1.1 both have a bug where a failure to construct the apply-time graph can cause Terraform to incorrectly report success and save an empty state, effectively \"forgetting\" all existing infrastructure. Although configurations that already worked on previous releases should not encounter this problem, it's possible that incorrect future configuration changes would trigger this behavior during the apply step.\n\nBUG FIXES:\n\n* config: Fix panic when using -target in combination with moved blocks within modules ( #30189 ( <https:\/\/github.com\/hashicorp\/terraform\/issues\/30189> ) )\n\n* core: Fix condition which could lead to an empty state being written when there is a failure building the apply graph ( #30199 ( <https:\/\/github.com\/hashicorp\/terraform\/issues\/30199> ) )\n```\n<https:\/\/newreleases.io\/github\/hashicorp\/terraform?version=v1.1.2|release note...>",
                "title": "hashicorp\/terraform on GitHub",
                "title_link": "https:\/\/newreleases.io\/github\/hashicorp\/terraform",
                "mrkdwn_in": [
                    "text"
                ]
            }
        ]
    }
]