[
    {
        "type": "message",
        "subtype": "bot_message",
        "text": "",
        "ts": "1639067814.009400",
        "bot_id": "B01D39EAGTT",
        "attachments": [
            {
                "id": 1,
                "fallback": "hashicorp\/vault on GitHub\nv1.7.7v1.7.7",
                "text": "*v1.7.7* `v1.7.7`",
                "title": "hashicorp\/vault on GitHub",
                "title_link": "https:\/\/newreleases.io\/github\/hashicorp\/vault",
                "mrkdwn_in": [
                    "text"
                ]
            }
        ]
    },
    {
        "type": "message",
        "subtype": "bot_message",
        "text": "",
        "ts": "1639069399.009500",
        "bot_id": "B01D39EAGTT",
        "attachments": [
            {
                "id": 1,
                "fallback": "hashicorp\/vault on GitHub\nv1.8.6v1.8.6",
                "text": "*v1.8.6* `v1.8.6`",
                "title": "hashicorp\/vault on GitHub",
                "title_link": "https:\/\/newreleases.io\/github\/hashicorp\/vault",
                "mrkdwn_in": [
                    "text"
                ]
            }
        ]
    },
    {
        "type": "message",
        "subtype": "bot_message",
        "text": "",
        "ts": "1639070621.009600",
        "bot_id": "B01D39EAGTT",
        "attachments": [
            {
                "id": 1,
                "fallback": "hashicorp\/vault on GitHub\nv1.9.1 \nrelease note: <https:\/\/newreleases.io\/github\/hashicorp\/vault?version=v1.9.1>",
                "text": "`v1.9.1` \n```\n-----\n1.9.1\n-----\n\nDecember 9, 2021\n----------------\n\nIMPROVEMENTS:\n\n* storage\/aerospike: Upgrade aerospike-client-go to v5.6.0. [ GH-12165 ( <https:\/\/github.com\/hashicorp\/vault\/pull\/12165> ) ]\n\nBUG FIXES:\n\n* auth\/approle: Fix regression where unset cidrlist is returned as nil instead of zero-length array. [ GH-13235 ( <https:\/\/github.com\/hashicorp\/vault\/pull\/13235> ) ]\n\n* ha (enterprise): Prevents performance standby nodes from serving and caching stale data immediately after performance standby election completes\n\n* http:Fix \/sys\/monitor endpoint returning streaming not supported [ GH-13200 ( <https:\/\/github.com\/hashicorp\/vault\/pull\/13200> ) ]\n\n* identity\/oidc: Make the nonce parameter optional for the Authorization Endpoint of OIDC providers. [ GH-13231 ( <https:\/\/github.com\/hashicorp\/vault\/pull\/13231> ) ]\n\n* identity: Fixes a panic in the OIDC key rotation due to a missing nil check. [ GH-13298 ( <https:\/\/github.com\/hashicorp\/vault\/pull\/13298> ) ]\n\n* sdk\/queue: move lock before length check to prevent panics. [ GH-13146 ( <https:\/\/github.com\/hashicorp\/vault\/pull\/13146> ) ]\n\n* secrets\/azure: Fixes service principal generation when assigning roles that have DataActions ( <https:\/\/docs.microsoft.com\/en-us\/azure\/role-based-access-control\/role-definitions#dataactions> ). [ GH-13277 ( <https:\/\/github.com\/hashicorp\/vault\/pull\/13277> ) ]\n\n* secrets\/pki: Recognize ed25519 when requesting a response in PKCS8 format [ GH-13257 ( <https:\/\/github.com\/hashicorp\/vault\/pull\/13257> ) ]\n\n* storage\/raft: Fix a panic when trying to store a key &gt; 32KB in a transaction. [ GH-13286 ( <https:\/\/github.com\/hashicorp\/vault\/pull\/13286> ) ]\n\n* storage\/raft: Fix a panic when trying to write a key &gt; 32KB [ GH-13282 ( <https:\/\/github.com\/hashicorp\/vault\/pull\/13282> ) ]\n\n* ui: Do not show verify connection value on database connection config page [ GH-13152 ( <https:\/\/github.com\/hashicorp\/vault\/pull\/13152> ) ]\n\n* ui: Fixes issue restoring raft storage snapshot [ GH-13107 ( <https:\/\/github.com\/hashicorp\/vault\/pull\/13107> ) ]\n\n* ui: Fixes issue with OIDC auth workflow when using MetaMask Chrome extension [ GH-13133 ( <https:\/\/github.com\/hashicorp\/vault\/pull\/13133> ) ]\n\n* ui: Fixes issue with automate secret deletion value not displaying initially if set in secret metadata edit view [ GH-13177 ( <https:\/\/github.com\/hashicorp\/vault\/pull\/13177> ) ]\n\n* ui: Fixes issue with placeholder not displaying for automatically deleted secrets when deletion time has passed [ GH-13166 ( <https:\/\/github.com\/hashicorp\/vault\/pull\/13166> ) ]\n\n* ui: Fixes node-forge error when parsing EC (elliptical curve) certs [ GH-13238 ( <https:\/\/github.com\/hashicorp\/vault\/pull\/13238> ) ]\n```\n<https:\/\/newreleases.io\/github\/hashicorp\/vault?version=v1.9.1|release note...>",
                "title": "hashicorp\/vault on GitHub",
                "title_link": "https:\/\/newreleases.io\/github\/hashicorp\/vault",
                "mrkdwn_in": [
                    "text"
                ]
            }
        ]
    },
    {
        "type": "message",
        "subtype": "bot_message",
        "text": "",
        "ts": "1639095091.009700",
        "bot_id": "B01D39EAGTT",
        "attachments": [
            {
                "id": 1,
                "fallback": "hashicorp\/vault on GitHub\nv1.9.1 updated",
                "text": "`v1.9.1` _updated_",
                "title": "hashicorp\/vault on GitHub",
                "title_link": "https:\/\/newreleases.io\/github\/hashicorp\/vault",
                "mrkdwn_in": [
                    "text"
                ]
            }
        ]
    },
    {
        "type": "message",
        "subtype": "bot_message",
        "text": "",
        "ts": "1639096745.009800",
        "bot_id": "B01D39EAGTT",
        "attachments": [
            {
                "id": 1,
                "fallback": "hashicorp\/terraform-provider-aws on GitHub\nv3.69.0v3.69.0 \nrelease note: <https:\/\/newreleases.io\/github\/hashicorp\/terraform-provider-aws?version=v3.69.0>",
                "text": "*v3.69.0* `v3.69.0` \n```\nFEATURES:\n\n* *New Resource:* aws_codecommit_approval_rule_template_association ( #13467 ( <https:\/\/github.com\/hashicorp\/terraform-provider-aws\/issues\/13467> ) )\n\n* *New Resource:* aws_detective_graph ( #22042 ( <https:\/\/github.com\/hashicorp\/terraform-provider-aws\/issues\/22042> ) )\n\n* *New Resource:* aws_ec2_subnet_cidr_reservation ( #22051 ( <https:\/\/github.com\/hashicorp\/terraform-provider-aws\/issues\/22051> ) )\n\n* *New Resource:* aws_ecs_task_set ( #22096 ( <https:\/\/github.com\/hashicorp\/terraform-provider-aws\/issues\/22096> ) )\n\n* *New Resource:* aws_emr_studio ( #21855 ( <https:\/\/github.com\/hashicorp\/terraform-provider-aws\/issues\/21855> ) )\n\n* *New Resource:* aws_emr_studio_session_mapping ( #22140 ( <https:\/\/github.com\/hashicorp\/terraform-provider-aws\/issues\/22140> ) )\n\nENHANCEMENTS:\n\n* data-source\/aws_dynamodb_table: Add table_class attribute ( #22110 ( <https:\/\/github.com\/hashicorp\/terraform-provider-aws\/issues\/22110> ) )\n\n* resource\/aws_backup_region_settings: Add resource_type_management_preference argument ( #22021 ( <https:\/\/github.com\/hashicorp\/terraform-provider-aws\/issues\/22021> ) )\n\n* resource\/aws_cloudtrail: Add plan time validations for cloud_watch_logs_group_arn , cloud_watch_logs_role_arn , name , s3_key_prefix. ( #21882 ( <https:\/\/github.com\/hashicorp\/terraform-provider-aws\/issues\/21882> ) )\n\n* resource\/aws_dynamodb_table: Add table_class argument ( #22110 ( <https:\/\/github.com\/hashicorp\/terraform-provider-aws\/issues\/22110> ) )\n\n* resource\/aws_elasticache_replication_group: Add data_tiering_enabled argument ( #22066 ( <https:\/\/github.com\/hashicorp\/terraform-provider-aws\/issues\/22066> ) )\n\n* resource\/aws_elasticsearch_domain: Add auto_tune_options configuration block ( #21652 ( <https:\/\/github.com\/hashicorp\/terraform-provider-aws\/issues\/21652> ) )\n\n* resource\/aws_kinesis_stream: Add stream_mode_details argument in support of Kinesis Data Streams On-Demand ( #22002 ( <https:\/\/github.com\/hashicorp\/terraform-provider-aws\/issues\/22002> ) )\n\n* resource\/aws_lambda_event_source_mapping: Add filter_criteria argument ( #21937 ( <https:\/\/github.com\/hashicorp\/terraform-provider-aws\/issues\/21937> ) )\n\n* resource\/aws_sqs_queue: Add sqs_managed_sse_enabled argument ( #21954 ( <https:\/\/github.com\/hashicorp\/terraform-provider-aws\/issues\/21954> ) )\n\n* resource\/aws_transfer_server: Add function argument in support of custom identity providers ( #22039 ( <https:\/\/github.com\/hashicorp\/terraform-provider-aws\/issues\/22039> ) )\n\n* resource\/ecs: Add runtime_platform argument in support of Fargate for ECS Windows containers ( #22016 ( <https:\/\/github.com\/hashicorp\/terraform-provider-aws\/issues\/22016> ) )\n```\n<https:\/\/newreleases.io\/github\/hashicorp\/terraform-provider-aws?version=v3.69.0|release note...>",
                "title": "hashicorp\/terraform-provider-aws on GitHub",
                "title_link": "https:\/\/newreleases.io\/github\/hashicorp\/terraform-provider-aws",
                "mrkdwn_in": [
                    "text"
                ]
            }
        ]
    },
    {
        "type": "message",
        "subtype": "bot_message",
        "text": "",
        "ts": "1639098897.009900",
        "bot_id": "B01D39EAGTT",
        "attachments": [
            {
                "id": 1,
                "fallback": "hashicorp\/vault on GitHub\nv1.9.1 updated\nrelease note: <https:\/\/newreleases.io\/github\/hashicorp\/vault?version=v1.9.1>",
                "text": "`v1.9.1` _updated_\n```\n-----\n1.9.1\n-----\n\nDecember 9, 2021\n----------------\n\nIMPROVEMENTS:\n\n* storage\/aerospike: Upgrade aerospike-client-go to v5.6.0. [ GH-12165 ( <https:\/\/github.com\/hashicorp\/vault\/pull\/12165> ) ]\n\nBUG FIXES:\n\n* auth\/approle: Fix regression where unset cidrlist is returned as nil instead of zero-length array. [ GH-13235 ( <https:\/\/github.com\/hashicorp\/vault\/pull\/13235> ) ]\n\n* ha (enterprise): Prevents performance standby nodes from serving and caching stale data immediately after performance standby election completes\n\n* http:Fix \/sys\/monitor endpoint returning streaming not supported [ GH-13200 ( <https:\/\/github.com\/hashicorp\/vault\/pull\/13200> ) ]\n\n* identity\/oidc: Make the nonce parameter optional for the Authorization Endpoint of OIDC providers. [ GH-13231 ( <https:\/\/github.com\/hashicorp\/vault\/pull\/13231> ) ]\n\n* identity: Fixes a panic in the OIDC key rotation due to a missing nil check. [ GH-13298 ( <https:\/\/github.com\/hashicorp\/vault\/pull\/13298> ) ]\n\n* sdk\/queue: move lock before length check to prevent panics. [ GH-13146 ( <https:\/\/github.com\/hashicorp\/vault\/pull\/13146> ) ]\n\n* secrets\/azure: Fixes service principal generation when assigning roles that have DataActions ( <https:\/\/docs.microsoft.com\/en-us\/azure\/role-based-access-control\/role-definitions#dataactions> ). [ GH-13277 ( <https:\/\/github.com\/hashicorp\/vault\/pull\/13277> ) ]\n\n* secrets\/pki: Recognize ed25519 when requesting a response in PKCS8 format [ GH-13257 ( <https:\/\/github.com\/hashicorp\/vault\/pull\/13257> ) ]\n\n* storage\/raft: Fix a panic when trying to store a key &gt; 32KB in a transaction. [ GH-13286 ( <https:\/\/github.com\/hashicorp\/vault\/pull\/13286> ) ]\n\n* storage\/raft: Fix a panic when trying to write a key &gt; 32KB [ GH-13282 ( <https:\/\/github.com\/hashicorp\/vault\/pull\/13282> ) ]\n\n* ui: Do not show verify connection value on database connection config page [ GH-13152 ( <https:\/\/github.com\/hashicorp\/vault\/pull\/13152> ) ]\n\n* ui: Fixes issue restoring raft storage snapshot [ GH-13107 ( <https:\/\/github.com\/hashicorp\/vault\/pull\/13107> ) ]\n\n* ui: Fixes issue with OIDC auth workflow when using MetaMask Chrome extension [ GH-13133 ( <https:\/\/github.com\/hashicorp\/vault\/pull\/13133> ) ]\n\n* ui: Fixes issue with automate secret deletion value not displaying initially if set in secret metadata edit view [ GH-13177 ( <https:\/\/github.com\/hashicorp\/vault\/pull\/13177> ) ]\n\n* ui: Fixes issue with placeholder not displaying for automatically deleted secrets when deletion time has passed [ GH-13166 ( <https:\/\/github.com\/hashicorp\/vault\/pull\/13166> ) ]\n\n* ui: Fixes node-forge error when parsing EC (elliptical curve) certs [ GH-13238 ( <https:\/\/github.com\/hashicorp\/vault\/pull\/13238> ) ]\n```\n<https:\/\/newreleases.io\/github\/hashicorp\/vault?version=v1.9.1|release note...>",
                "title": "hashicorp\/vault on GitHub",
                "title_link": "https:\/\/newreleases.io\/github\/hashicorp\/vault",
                "mrkdwn_in": [
                    "text"
                ]
            }
        ]
    }
]