[
    {
        "type": "message",
        "subtype": "bot_message",
        "text": "",
        "ts": "1638808348.008600",
        "bot_id": "B01D39EAGTT",
        "attachments": [
            {
                "fallback": "hashicorp\/terraform-provider-kubernetes on GitHub\nv2.7.1",
                "text": "`v2.7.1`",
                "title": "hashicorp\/terraform-provider-kubernetes on GitHub",
                "id": 1,
                "title_link": "https:\/\/newreleases.io\/github\/hashicorp\/terraform-provider-kubernetes",
                "mrkdwn_in": [
                    "text"
                ]
            }
        ]
    },
    {
        "type": "message",
        "subtype": "bot_message",
        "text": "",
        "ts": "1638812543.008700",
        "bot_id": "B01D39EAGTT",
        "attachments": [
            {
                "fallback": "hashicorp\/terraform-provider-kubernetes on GitHub\nv2.7.1v2.7.1 updated\nrelease note: <https:\/\/newreleases.io\/github\/hashicorp\/terraform-provider-kubernetes?version=v2.7.1>",
                "text": "*v2.7.1* `v2.7.1` _updated_\n```\nBUG FIXES:\n\n* Fix type-morphing of Map into Map (#1521)\n```\n<https:\/\/newreleases.io\/github\/hashicorp\/terraform-provider-kubernetes?version=v2.7.1|release note...>",
                "title": "hashicorp\/terraform-provider-kubernetes on GitHub",
                "id": 1,
                "title_link": "https:\/\/newreleases.io\/github\/hashicorp\/terraform-provider-kubernetes",
                "mrkdwn_in": [
                    "text"
                ]
            }
        ]
    },
    {
        "type": "message",
        "subtype": "bot_message",
        "text": "",
        "ts": "1638828221.008800",
        "bot_id": "B01D39EAGTT",
        "attachments": [
            {
                "fallback": "hashicorp\/terraform-provider-google on GitHub\nv4.3.0",
                "text": "`v4.3.0`",
                "title": "hashicorp\/terraform-provider-google on GitHub",
                "id": 1,
                "title_link": "https:\/\/newreleases.io\/github\/hashicorp\/terraform-provider-google",
                "mrkdwn_in": [
                    "text"
                ]
            }
        ]
    }
]