[
    {
        "type": "message",
        "subtype": "bot_message",
        "text": "",
        "ts": "1638890731.008900",
        "bot_id": "B01D39EAGTT",
        "attachments": [
            {
                "fallback": "hashicorp\/terraform-provider-google on GitHub\nv4.3.0 updated",
                "text": "`v4.3.0` _updated_",
                "title": "hashicorp\/terraform-provider-google on GitHub",
                "id": 1,
                "title_link": "https:\/\/newreleases.io\/github\/hashicorp\/terraform-provider-google",
                "mrkdwn_in": [
                    "text"
                ]
            }
        ]
    },
    {
        "type": "message",
        "subtype": "bot_message",
        "text": "",
        "ts": "1638891505.009000",
        "bot_id": "B01D39EAGTT",
        "attachments": [
            {
                "fallback": "hashicorp\/terraform-provider-google on GitHub\nv4.3.0 updated\nrelease note: <https:\/\/newreleases.io\/github\/hashicorp\/terraform-provider-google?version=v4.3.0>",
                "text": "`v4.3.0` _updated_\n<https:\/\/newreleases.io\/github\/hashicorp\/terraform-provider-google?version=v4.3.0|release note...>",
                "title": "hashicorp\/terraform-provider-google on GitHub",
                "id": 1,
                "title_link": "https:\/\/newreleases.io\/github\/hashicorp\/terraform-provider-google",
                "mrkdwn_in": [
                    "text"
                ]
            }
        ]
    },
    {
        "type": "message",
        "subtype": "bot_message",
        "text": "",
        "ts": "1638901117.009100",
        "bot_id": "B01D39EAGTT",
        "attachments": [
            {
                "fallback": "hashicorp\/terraform-provider-kubernetes on GitHub\nv2.7.0v2.7.0 updated\nrelease note: <https:\/\/newreleases.io\/github\/hashicorp\/terraform-provider-kubernetes?version=v2.7.0>",
                "text": "*v2.7.0* `v2.7.0` _updated_\n```\nIMPROVEMENTS:\n\n* Add support for storage\/v1\n\n* Add support for certificates\/v1\n\n* Add support for networking\/v1\n\n* Add support for policy\/v1\n\n* Add completion_mode to job spec\n\n* Improve performance of kubernetes_manifest by reducing amount of API calls\n\nBUG FIXES:\n\n* Fix crash when container env block is empty\n\n* Fix invalid allowedHostPaths PodSecurityPolicy patch\n\n* Fix handling of \"null\" values on fields of kubernetes_manifest\n\nThis release introduces version suffixes to the names of resources and datasources. See our documentation page for more details on this convention and the motivation behind it.\n```\n<https:\/\/newreleases.io\/github\/hashicorp\/terraform-provider-kubernetes?version=v2.7.0|release note...>",
                "title": "hashicorp\/terraform-provider-kubernetes on GitHub",
                "id": 1,
                "title_link": "https:\/\/newreleases.io\/github\/hashicorp\/terraform-provider-kubernetes",
                "mrkdwn_in": [
                    "text"
                ]
            }
        ]
    }
]