[
    {
        "type": "message",
        "subtype": "bot_message",
        "text": "",
        "ts": "1639676530.011300",
        "bot_id": "B01D39EAGTT",
        "attachments": [
            {
                "id": 1,
                "fallback": "hashicorp\/boundary on GitHub\nv0.7.3v0.7.3 \nrelease note: <https:\/\/newreleases.io\/github\/hashicorp\/boundary?version=v0.7.3>",
                "text": "*v0.7.3* `v0.7.3` \n```\n------------------\n0.7.3 (2021\/12\/16)\n------------------\n\nBug Fixes\n---------\n\n* target: Fix permission bug which prevents the UI from being able to add and remove\nhost sources on a target. ( PR ( <https:\/\/github.com\/hashicorp\/boundary\/pull\/1794> ) )\n\n* credential: Fix panic during credential issue when a nil secret is received. This can\noccur when using the Vault KV backend which returns a nil secret and no error if the\nsecret does not exist. ( PR ( <https:\/\/github.com\/hashicorp\/boundary\/pull\/1798> ) )\n```\n<https:\/\/newreleases.io\/github\/hashicorp\/boundary?version=v0.7.3|release note...>",
                "title": "hashicorp\/boundary on GitHub",
                "title_link": "https:\/\/newreleases.io\/github\/hashicorp\/boundary",
                "mrkdwn_in": [
                    "text"
                ]
            }
        ]
    },
    {
        "type": "message",
        "subtype": "bot_message",
        "text": "",
        "ts": "1639680645.011400",
        "bot_id": "B01D39EAGTT",
        "attachments": [
            {
                "id": 1,
                "fallback": "hashicorp\/terraform-provider-aws on GitHub\nv2.70.1v2.70.1 \nrelease note: <https:\/\/newreleases.io\/github\/hashicorp\/terraform-provider-aws?version=v2.70.1>",
                "text": "*v2.70.1* `v2.70.1` \n```\nBUG FIXES:\n\nresource\/aws_lambda_function: Wait for successful completion of function code update (#22242)\n```\n<https:\/\/newreleases.io\/github\/hashicorp\/terraform-provider-aws?version=v2.70.1|release note...>",
                "title": "hashicorp\/terraform-provider-aws on GitHub",
                "title_link": "https:\/\/newreleases.io\/github\/hashicorp\/terraform-provider-aws",
                "mrkdwn_in": [
                    "text"
                ]
            }
        ]
    },
    {
        "type": "message",
        "subtype": "bot_message",
        "text": "",
        "ts": "1639680809.011500",
        "bot_id": "B01D39EAGTT",
        "attachments": [
            {
                "id": 1,
                "fallback": "hashicorp\/terraform-provider-awscc on GitHub\nv0.9.0",
                "text": "`v0.9.0`",
                "title": "hashicorp\/terraform-provider-awscc on GitHub",
                "title_link": "https:\/\/newreleases.io\/github\/hashicorp\/terraform-provider-awscc",
                "mrkdwn_in": [
                    "text"
                ]
            }
        ]
    },
    {
        "type": "message",
        "subtype": "bot_message",
        "text": "",
        "ts": "1639685085.011600",
        "bot_id": "B01D39EAGTT",
        "attachments": [
            {
                "id": 1,
                "fallback": "hashicorp\/terraform-provider-awscc on GitHub\nv0.9.0 updated\nrelease note: <https:\/\/newreleases.io\/github\/hashicorp\/terraform-provider-awscc?version=v0.9.0>",
                "text": "`v0.9.0` _updated_\n```\nFEATURES:\n\n* *New Data Source:* awscc_apigateway_deployment\n\n* *New Data Source:* awscc_appsync_domain_name\n\n* *New Data Source:* awscc_appsync_domain_name_api_association\n\n* *New Data Source:* awscc_lex_bot\n\n* *New Data Source:* awscc_lex_bot_alias\n\n* *New Data Source:* awscc_lex_bot_version\n\n* *New Data Source:* awscc_lex_bots\n\n* *New Data Source:* awscc_lex_resource_policy\n\n* *New Resource:* awscc_apigateway_deployment\n\n* *New Resource:* awscc_appsync_domain_name\n\n* *New Resource:* awscc_appsync_domain_name_api_association\n\n* *New Resource:* awscc_lex_bot\n\n* *New Resource:* awscc_lex_bot_alias\n\n* *New Resource:* awscc_lex_bot_version\n\n* *New Resource:* awscc_lex_resource_policy\n\nBUG FIXES:\n\n* provider: Ensure darwin\/arm64 platform is included in releases\n\n* Prevent terraform plan showing that a resource must be replaced immediately after creation ( #306 ( <https:\/\/github.com\/hashicorp\/terraform-provider-awscc\/issues\/306> ) )\n\n* Prevent errors like An unexpected error was encountered trying to read an attribute from the state. during resource read ( #306 ( <https:\/\/github.com\/hashicorp\/terraform-provider-awscc\/issues\/306> ) )\n\n------------------------------------------------------------------------------------------------------\n0.8.0 ( <https:\/\/github.com\/hashicorp\/terraform-provider-awscc\/releases\/tag\/v0.8.0> ) (December 3, 2021)\n------------------------------------------------------------------------------------------------------\n\nFEATURES:\n\n* *New Data Source:* awscc_chatbot_slack_channel_configuration\n\n* *New Data Source:* awscc_chatbot_slack_channel_configurations\n\n* *New Data Source:* awscc_connect_contact_flow\n\n* *New Data Source:* awscc_connect_contact_flow_module\n\n* *New Data Source:* awscc_ec2_ipam\n\n* *New Data Source:* awscc_ec2_ipam_allocation\n\n* *New Data Source:* awscc_ec2_ipam_pool\n\n* *New Data Source:* awscc_ec2_ipam_pools\n\n* *New Data Source:* awscc_ec2_ipam_scope\n\n* *New Data Source:* awscc_ec2_ipam_scopes\n\n* *New Data Source:* awscc_ec2_ipams\n\n* *New Data Source:* awscc_ec2_vpc_endpoint\n\n* *New Data Source:* awscc_ec2_vpc_endpoints\n\n* *New Data Source:* awscc_evidently_experiment\n\n* *New Data Source:* awscc_evidently_feature\n\n* *New Data Source:* awscc_evidently_launch\n\n* *New Data Source:* awscc_evidently_project\n\n* *New Data Source:* awscc_refactorspaces_environment\n\n* *New Data Source:* awscc_refactorspaces_environments\n\n* *New Data Source:* awscc_refactorspaces_route\n\n* *New Data Source:* awscc_refactorspaces_service\n\n* *New Data Source:* awscc_resiliencehub_app\n\n* *New Data Source:* awscc_resiliencehub_apps\n\n* *New Data Source:* awscc_resiliencehub_resiliency_policies\n\n* *New Data Source:* awscc_resiliencehub_resiliency_policy\n\n* *New Data Source:* awscc_rum_app_monitor\n\n* *New Data Source:* awscc_rum_app_monitors\n\n* *New Data Source:* awscc_timestream_scheduled_queries\n\n* *New Data Source:* awscc_timestream_scheduled_query\n\n* *New Data Source:* awscc_transfer_workflow\n\n* *New Data Source:* awscc_transfer_workflows\n\n* *New Resource:* awscc_chatbot_slack_channel_configuration\n\n* *New Resource:* awscc_connect_contact_flow\n\n* *New Resource:* awscc_connect_contact_flow_module\n\n* *New Resource:* awscc_ec2_ipam\n\n* *New Resource:* awscc_ec2_ipam_allocation\n\n* *New Resource:* awscc_ec2_ipam_pool\n\n* *New Resource:* awscc_ec2_ipam_scope\n\n* *New Resource:* awscc_ec2_vpc_endpoint\n\n* *New Resource:* awscc_evidently_experiment\n\n* *New Resource:* awscc_evidently_feature\n\n* *New Resource:* awscc_evidently_launch\n\n* *New Resource:* awscc_evidently_project\n\n* *New Resource:* awscc_refactorspaces_environment\n\n* *New Resource:* awscc_refactorspaces_route\n\n* *New Resource:* awscc_refactorspaces_service\n\n* *New Resource:* awscc_resiliencehub_app\n\n* *New Resource:* awscc_resiliencehub_resiliency_policy\n\n* *New Resource:* awscc_rum_app_monitor\n\n* *New Resource:* awscc_timestream_scheduled_query\n\n* *New Resource:* awscc_transfer_workflow\n```\n<https:\/\/newreleases.io\/github\/hashicorp\/terraform-provider-awscc?version=v0.9.0|release note...>",
                "title": "hashicorp\/terraform-provider-awscc on GitHub",
                "title_link": "https:\/\/newreleases.io\/github\/hashicorp\/terraform-provider-awscc",
                "mrkdwn_in": [
                    "text"
                ]
            }
        ]
    },
    {
        "type": "message",
        "subtype": "bot_message",
        "text": "",
        "ts": "1639698902.011700",
        "bot_id": "B01D39EAGTT",
        "attachments": [
            {
                "id": 1,
                "fallback": "hashicorp\/terraform-provider-aws on GitHub\nv3.70.0v3.70.0 \nrelease note: <https:\/\/newreleases.io\/github\/hashicorp\/terraform-provider-aws?version=v3.70.0>",
                "text": "*v3.70.0* `v3.70.0` \n<https:\/\/newreleases.io\/github\/hashicorp\/terraform-provider-aws?version=v3.70.0|release note...>",
                "title": "hashicorp\/terraform-provider-aws on GitHub",
                "title_link": "https:\/\/newreleases.io\/github\/hashicorp\/terraform-provider-aws",
                "mrkdwn_in": [
                    "text"
                ]
            }
        ]
    }
]