[
    {
        "type": "message",
        "subtype": "bot_message",
        "text": "",
        "ts": "1640195080.012600",
        "bot_id": "B01D39EAGTT",
        "attachments": [
            {
                "id": 1,
                "fallback": "hashicorp\/vault on GitHub\napi\/v1.3.1",
                "text": "`api\/v1.3.1`",
                "title": "hashicorp\/vault on GitHub",
                "title_link": "https:\/\/newreleases.io\/github\/hashicorp\/vault",
                "mrkdwn_in": [
                    "text"
                ]
            }
        ]
    }
]