[
    {
        "type": "message",
        "subtype": "bot_message",
        "text": "",
        "ts": "1640119869.012400",
        "bot_id": "B01D39EAGTT",
        "attachments": [
            {
                "id": 1,
                "fallback": "hashicorp\/vault on GitHub\nv1.8.7v1.8.7 \n\nv1.7.8v1.7.8",
                "text": "*v1.8.7* `v1.8.7` \n\n*v1.7.8* `v1.7.8`",
                "title": "hashicorp\/vault on GitHub",
                "title_link": "https:\/\/newreleases.io\/github\/hashicorp\/vault",
                "mrkdwn_in": [
                    "text"
                ]
            }
        ]
    },
    {
        "type": "message",
        "subtype": "bot_message",
        "text": "",
        "ts": "1640120614.012500",
        "bot_id": "B01D39EAGTT",
        "attachments": [
            {
                "id": 1,
                "fallback": "hashicorp\/vault on GitHub\nv1.9.2v1.9.2",
                "text": "*v1.9.2* `v1.9.2`",
                "title": "hashicorp\/vault on GitHub",
                "title_link": "https:\/\/newreleases.io\/github\/hashicorp\/vault",
                "mrkdwn_in": [
                    "text"
                ]
            }
        ]
    }
]