[
    {
        "client_msg_id": "19d385db-82d4-4c30-83ea-764fef6825fd",
        "type": "message",
        "text": "tryとcan、というのが追加されたらしいですね\n<https:\/\/github.com\/hashicorp\/terraform\/releases\/tag\/v0.12.20>",
        "user": "UFTKSQ25T",
        "ts": "1579736397.004000",
        "team": "TFU0BKCQP",
        "user_team": "TFU0BKCQP",
        "source_team": "TFU0BKCQP",
        "user_profile": {
            "avatar_hash": "g0bffa2bb65a",
            "image_72": "https:\/\/secure.gravatar.com\/avatar\/10bffa2bb65aa200d991e14d6110f549.jpg?s=72&d=https%3A%2F%2Fa.slack-edge.com%2Fdf10d%2Fimg%2Favatars%2Fava_0016-72.png",
            "first_name": "",
            "real_name": "morihaya",
            "display_name": "",
            "team": "TFU0BKCQP",
            "name": "yukiya.hayashi",
            "is_restricted": false,
            "is_ultra_restricted": false
        },
        "blocks": [
            {
                "type": "rich_text",
                "block_id": "caT",
                "elements": [
                    {
                        "type": "rich_text_section",
                        "elements": [
                            {
                                "type": "text",
                                "text": "tryとcan、というのが追加されたらしいですね\n"
                            },
                            {
                                "type": "link",
                                "url": "https:\/\/github.com\/hashicorp\/terraform\/releases\/tag\/v0.12.20"
                            }
                        ]
                    }
                ]
            }
        ],
        "reactions": [
            {
                "name": "eyes",
                "users": [
                    "UFU0BKD8F",
                    "USUBHB47R",
                    "ULFK57XL4"
                ],
                "count": 3
            },
            {
                "name": "+1",
                "users": [
                    "UR5JXDNMT",
                    "UR8TR0GA3",
                    "UJ0HPTBD2"
                ],
                "count": 3
            }
        ]
    },
    {
        "client_msg_id": "f7557452-06ec-44c8-a979-f677082d90c3",
        "type": "message",
        "text": "experimentsな機能をopt-inする仕組みが入って、variableにvalidationが書けるようになったんだけど、それで使うことを意図してtry\/canを入れたみたいです。\n<https:\/\/github.com\/hashicorp\/terraform\/pull\/23794>",
        "user": "UHS4SFFA7",
        "ts": "1579740565.005900",
        "team": "TFU0BKCQP",
        "user_team": "TFU0BKCQP",
        "source_team": "TFU0BKCQP",
        "user_profile": {
            "avatar_hash": "gade34f8bdf1",
            "image_72": "https:\/\/secure.gravatar.com\/avatar\/5ade34f8bdf1b55c4ff82c11cf23cf42.jpg?s=72&d=https%3A%2F%2Fa.slack-edge.com%2Fdf10d%2Fimg%2Favatars%2Fava_0008-72.png",
            "first_name": "",
            "real_name": "minamijoyo",
            "display_name": "minamijoyo",
            "team": "TFU0BKCQP",
            "name": "minamijoyo",
            "is_restricted": false,
            "is_ultra_restricted": false
        },
        "attachments": [
            {
                "author_name": "apparentlymart",
                "fallback": "[hashicorp\/terraform] #23794 Experimental custom validation rules for input variables",
                "text": "This set of commits introduces, as an opt-in experiment only for now, the capability to write custom validation rules for input variables in a module:\n\n```\nvariable \"ami_id\" {\n  type = string\n\n  validation {\n    condition     = can(regex(\"^ami-\", var.ami_id))\n    error_message = \"Argument ami_id must be a valid AMI id, starting with \\\"ami-\\\".\"\n  }\n}\n```\n\nThe `condition` argument inside this new `validation` block takes an expression that must return either `true` to indicate that the value is valid, or `false` to indicate that it is invalid. To avoid introducing new graph edges, `condition` is constrained such that it can refer only to the variable that is being validated, which is `var.ami_id` in the example above.\n\nBy attaching the validation rule directly to the variable, Terraform can therefore report the given error in context, identifying the value provided by the caller as the subject of the error:\n\n```\nError: Invalid value for variable\n\n  on <http:\/\/example.tf|example.tf> line 5, in module \"example\":\n   5:   ami_id = \"amo-abc123\"\n\nArgument ami_id must be a valid AMI id, starting with \"ami-\".\n\nThis was checked by the validation rule at modules\/example\/variables.tf:7,3-13.\n\n```\n\n* * *\n\nI'm introducing this as an opt-in experiment using our new language experiments mechanism, both so that we can make this easier for folks to try out and give feedback and also as a first iteration of using our language experiments process with a relatively self-contained language feature so we can hopefully iron out any process difficulties before we try to use it with more complex language improvements.\n\nConsequently the new `validation` block will, for now, be accepted only in modules with an explicit experiment opt-in:\n\n```\nterraform {\n  experiments = [variable_validation]\n}\n```\n\nThe intent of this mechanism is to make it very clear that this is not yet a stable language feature and it's subject to breaking changes even in minor releases until it's finalized. Our hope, then, is that folks will give it a try in an experimental way and give feedback that may allow the feature to be adjusted and improved prior to final release. (If you are reading this because you _do_ have feedback after this has been included in a release, please <https:\/\/github.com\/hashicorp\/terraform\/issues\/new\/choose|open a new issue to record your feedback>, rather than adding comments to this one, so that we can keep a separate issue for each thread of discussion.)\n\nUnless subsequent feedback and discussion raises a show-stopper for the design of the feature, we can hopefully make it stable (not requiring the experiment opt-in) in a future release.\n\n* * *\n\nThis also includes two related enhancements:\n\n• A `can` function to allow using the success or failure of an expression as a validation condition. I expect this will be the most concise way to express a lot of validation conditions, because validation is primarily used to guard against similar errors downstream and give better feedback to the module caller: we can use it to say \"if this operation would fail downstream, return an error early here instead\".\n• A `try` function, which is not directly in service of validation but uses the same underlying techniques as `can` to allow concisely writing normalization expressions that adapt arbitrary data derived from elsewhere (like JSON\/YAML from outside sources) for use in a Terraform configuration.\n\nThe documentation pages for these functions, included as part of this PR, give more information on the usage and intended use-cases for each of the functions. These two functions are _not_ part of the experiment, but are bundled in here because `can` is important for the usability of `validation` blocks.",
                "title": "#23794 Experimental custom validation rules for input variables",
                "footer": "<https:\/\/github.com\/hashicorp\/terraform|hashicorp\/terraform>",
                "id": 1,
                "title_link": "https:\/\/github.com\/hashicorp\/terraform\/pull\/23794",
                "author_link": "https:\/\/github.com\/apparentlymart",
                "author_icon": "https:\/\/avatars1.githubusercontent.com\/u\/20180?v=4",
                "footer_icon": "https:\/\/github.githubassets.com\/favicon.ico",
                "ts": 1578347484,
                "color": "6f42c1",
                "fields": [
                    {
                        "title": "Assignees",
                        "value": "apparentlymart",
                        "short": true
                    },
                    {
                        "title": "Labels",
                        "value": "config, enhancement, sdkv1",
                        "short": true
                    }
                ],
                "mrkdwn_in": [
                    "text"
                ],
                "bot_id": "BH12QQBB4",
                "app_unfurl_url": "https:\/\/github.com\/hashicorp\/terraform\/pull\/23794",
                "is_app_unfurl": true
            }
        ],
        "blocks": [
            {
                "type": "rich_text",
                "block_id": "ooF",
                "elements": [
                    {
                        "type": "rich_text_section",
                        "elements": [
                            {
                                "type": "text",
                                "text": "experimentsな機能をopt-inする仕組みが入って、variableにvalidationが書けるようになったんだけど、それで使うことを意図してtry\/canを入れたみたいです。\n"
                            },
                            {
                                "type": "link",
                                "url": "https:\/\/github.com\/hashicorp\/terraform\/pull\/23794"
                            }
                        ]
                    }
                ]
            }
        ],
        "reactions": [
            {
                "name": "naruhodo",
                "users": [
                    "UFTKSQ25T",
                    "UQT52H29G",
                    "ULFK57XL4",
                    "ULS55L16V"
                ],
                "count": 4
            },
            {
                "name": "sunglasses",
                "users": [
                    "UM12KGR0E",
                    "UQT52H29G"
                ],
                "count": 2
            },
            {
                "name": "sugoi",
                "users": [
                    "UQT52H29G",
                    "UGXFY0V88"
                ],
                "count": 2
            }
        ]
    }
]