[
    {
        "client_msg_id": "4ff03d88-1b50-4dc4-8013-e9a2999fbaae",
        "type": "message",
        "text": "新年あけましておめでとうございます。\n本年もどうぞよろしくお願いいたします。\n先ほど Tw でも周知しましたが、１月のコードリーディングはスキップ、２月にミートアップ開催予定です。\n\nそれとは別にこの辺で書いたんですが <https:\/\/qiita.com\/raki\/items\/96691d45922dd25e1365>\n今年は半日ワールドカフェを別途開催したいと考えていて、会場提供やスポンサーを募集中です。\nもちろんいつもどおり大崎開催でHashiCorp様にフードスポンサーをしてもらうでもいいんですが、\n活動に協賛いただける企業さんは多いにこしたことはないですし、\n今後会場のローテーションができるようになると、場所や時間的制約で参加できなかった人にも\n門戸が広げやすくなるかなって下心があったりなかったり。\nご興味のある方、会場提供やスポンサーにお心当たりのある方はご連絡ください。",
        "user": "UFU0BKD8F",
        "ts": "1577889387.009300",
        "team": "TFU0BKCQP",
        "user_team": "TFU0BKCQP",
        "source_team": "TFU0BKCQP",
        "user_profile": {
            "avatar_hash": "92c41c62c7b0",
            "image_72": "https:\/\/avatars.slack-edge.com\/2019-01-30\/537137791812_92c41c62c7b0f054d3dd_72.jpg",
            "first_name": "らき",
            "real_name": "らき",
            "display_name": "raki",
            "team": "TFU0BKCQP",
            "name": "nishimuray",
            "is_restricted": false,
            "is_ultra_restricted": false
        },
        "attachments": [
            {
                "service_name": "Qiita",
                "title": "terraform-jp で 2020 年にやりたいこと - Qiita",
                "title_link": "https:\/\/qiita.com\/raki\/items\/96691d45922dd25e1365",
                "text": "# はじめに この記事は[全国ITコミュニティ運営者の2020こんなことやりたい妄想 Advent Calendar 2019](<https:\/\/qiita.com\/advent-calendar\/2019\/community>)の７...",
                "fallback": "Qiita: terraform-jp で 2020 年にやりたいこと - Qiita",
                "image_url": "https:\/\/qiita-user-contents.imgix.net\/https%3A%2F%2Fcdn.qiita.com%2Fassets%2Fpublic%2Fogp-background-1150d8b18a7c15795b701a55ae908f94.png?ixlib=rb-1.2.2&w=1200&mark=https%3A%2F%2Fqiita-user-contents.imgix.net%2F~text%3Fixlib%3Drb-1.2.2%26w%3D840%26h%3D380%26txt%3Dterraform-jp%2520%25E3%2581%25A7%25202020%2520%25E5%25B9%25B4%25E3%2581%25AB%25E3%2582%2584%25E3%2582%258A%25E3%2581%259F%25E3%2581%2584%25E3%2581%2593%25E3%2581%25A8%26txt-color%3D%2523333%26txt-font%3DAvenir-Black%26txt-size%3D54%26txt-clip%3Dellipsis%26txt-align%3Dcenter%252Cmiddle%26s%3D4b06688d8eefb73783bf79ef6dd3e13f&mark-align=center%2Cmiddle&blend=https%3A%2F%2Fqiita-user-contents.imgix.net%2F~text%3Fixlib%3Drb-1.2.2%26w%3D840%26h%3D500%26txt%3D%2540raki%26txt-color%3D%2523333%26txt-font%3DAvenir-Black%26txt-size%3D45%26txt-align%3Dright%252Cbottom%26s%3D47adf5528de61a58c8c275442b21d722&blend-align=center%2Cmiddle&blend-mode=normal&s=e7aadfeedfd36f86c3b98987a0e2edf7",
                "from_url": "https:\/\/qiita.com\/raki\/items\/96691d45922dd25e1365",
                "image_width": 476,
                "image_height": 250,
                "image_bytes": 36650,
                "service_icon": "https:\/\/cdn.qiita.com\/assets\/favicons\/public\/apple-touch-icon-ec5ba42a24ae923f16825592efdc356f.png",
                "id": 1,
                "original_url": "https:\/\/qiita.com\/raki\/items\/96691d45922dd25e1365"
            }
        ],
        "blocks": [
            {
                "type": "rich_text",
                "block_id": "X8a",
                "elements": [
                    {
                        "type": "rich_text_section",
                        "elements": [
                            {
                                "type": "text",
                                "text": "新年あけましておめでとうございます。\n本年もどうぞよろしくお願いいたします。\n先ほど Tw でも周知しましたが、１月のコードリーディングはスキップ、２月にミートアップ開催予定です。\n\nそれとは別にこの辺で書いたんですが "
                            },
                            {
                                "type": "link",
                                "url": "https:\/\/qiita.com\/raki\/items\/96691d45922dd25e1365"
                            },
                            {
                                "type": "text",
                                "text": "\n今年は半日ワールドカフェを別途開催したいと考えていて、会場提供やスポンサーを募集中です。\nもちろんいつもどおり大崎開催でHashiCorp様にフードスポンサーをしてもらうでもいいんですが、\n活動に協賛いただける企業さんは多いにこしたことはないですし、\n今後会場のローテーションができるようになると、場所や時間的制約で参加できなかった人にも\n門戸が広げやすくなるかなって下心があったりなかったり。\nご興味のある方、会場提供やスポンサーにお心当たりのある方はご連絡ください。"
                            }
                        ]
                    }
                ]
            }
        ],
        "reactions": [
            {
                "name": "+1",
                "users": [
                    "UG46Z57TN",
                    "ULYDVRXNY",
                    "UQSRV97S6",
                    "UR8TR0GA3",
                    "URYS4QJ2D",
                    "UGY9BJ1NF",
                    "UFTKSQ25T",
                    "UL96LK5T3",
                    "UL90RPEQ7",
                    "UH0PSGUJ3",
                    "ULZRR521W",
                    "URKFM4N0Z",
                    "UM2FB5M29"
                ],
                "count": 13
            },
            {
                "name": "tada",
                "users": [
                    "UGW0ABZLG",
                    "UGZCN013R",
                    "UL90RPEQ7",
                    "UGXFY0V88",
                    "ULZRR521W",
                    "UMVGSCQNS",
                    "UQVH5EQQ3"
                ],
                "count": 7
            }
        ]
    }
]