[
    {
        "type": "message",
        "text": "terraform-cdk なるものを最近知りました。\npulumiと比較される感じなのかな。\nどの言語で試してみるか迷う。",
        "user": "U02K7TWFJ83",
        "ts": "1636669057.004900",
        "blocks": [
            {
                "type": "rich_text",
                "block_id": "=VQ",
                "elements": [
                    {
                        "type": "rich_text_section",
                        "elements": [
                            {
                                "type": "text",
                                "text": "terraform-cdk なるものを最近知りました。\npulumiと比較される感じなのかな。\nどの言語で試してみるか迷う。"
                            }
                        ]
                    }
                ]
            }
        ],
        "team": "TFU0BKCQP",
        "user_team": "TFU0BKCQP",
        "source_team": "TFU0BKCQP",
        "user_profile": {
            "avatar_hash": "86721a977b30",
            "image_72": "https:\/\/avatars.slack-edge.com\/2021-10-27\/2654208361715_86721a977b3051d7e40e_72.jpg",
            "first_name": "myabaou",
            "real_name": "myabaou",
            "display_name": "myabaou",
            "team": "TFU0BKCQP",
            "name": "yu_mabashi",
            "is_restricted": false,
            "is_ultra_restricted": false
        },
        "attachments": [
            {
                "fallback": "[December 16th, 2020 9:06 PM] Terraformタグが付けられた新着記事 - Qiita: <https:\/\/qiita.com\/Banchi0123\/items\/b99d8d5c0e66a663663f|terraform-cdk で AWSにリソースをdeployする>\nSensyn Robotics の開発部マネージャー伴です。\n\n皆さん<https:\/\/aws.amazon.com\/jp\/cdk\/|AWS CDK(Cloud Development Kit)>はご存知でしょうか。\nそうです。あのCloudFormationやSAMのテンプレート書き地獄に一筋の光が ...\n\n個々のリソースだけでなくインフラ構成のベストプラクティスがクラス化されており、そのクラスをカスタマイズして使うことが出来て、よくあるパターンのインフラ構成であればわざわざ1から依存関係を整理してリソース定義を書かなくても良くなるとても素敵なツールです。\n\nTypeScript, JavaScript, Python, Java, C#でインフラ構成を定義出来て、cliからデプロイ可能になります。\nCIにもシンプルに組み込めそうです。\n\nそして先日そのCDKでプロバイダーとしてterraformが使える &lt;a...",
                "ts": "1608120402.113200",
                "msg_subtype": "bot_message",
                "author_subname": "Terraformタグが付けられた新着記事 - Qiita",
                "channel_team": "TFU0BKCQP",
                "channel_id": "CG45XC0SY",
                "channel_name": "rss",
                "is_msg_unfurl": true,
                "text": "<https:\/\/qiita.com\/Banchi0123\/items\/b99d8d5c0e66a663663f|terraform-cdk で AWSにリソースをdeployする>\nSensyn Robotics の開発部マネージャー伴です。\n\n皆さん<https:\/\/aws.amazon.com\/jp\/cdk\/|AWS CDK(Cloud Development Kit)>はご存知でしょうか。\nそうです。あのCloudFormationやSAMのテンプレート書き地獄に一筋の光が ...\n\n個々のリソースだけでなくインフラ構成のベストプラクティスがクラス化されており、そのクラスをカスタマイズして使うことが出来て、よくあるパターンのインフラ構成であればわざわざ1から依存関係を整理してリソース定義を書かなくても良くなるとても素敵なツールです。\n\nTypeScript, JavaScript, Python, Java, C#でインフラ構成を定義出来て、cliからデプロイ可能になります。\nCIにもシンプルに組み込めそうです。\n\nそして先日そのCDKでプロバイダーとしてterraformが使える &lt;a...",
                "author_icon": "https:\/\/a.slack-edge.com\/80588\/img\/services\/rss_48.png",
                "author_link": "https:\/\/terraform-jp.slack.com\/services\/BG3N7LG73",
                "mrkdwn_in": [
                    "text"
                ],
                "color": "D0D0D0",
                "from_url": "https:\/\/terraform-jp.slack.com\/archives\/CG45XC0SY\/p1608120402113200",
                "is_share": true,
                "footer": "#rss に投稿"
            }
        ],
        "thread_ts": "1636669057.004900",
        "reply_count": 1,
        "reply_users_count": 1,
        "latest_reply": "1636669700.005700",
        "reply_users": [
            "U02K7TWFJ83"
        ],
        "replies": [
            {
                "user": "U02K7TWFJ83",
                "ts": "1636669700.005700"
            }
        ],
        "is_locked": false,
        "subscribed": false
    },
    {
        "client_msg_id": "305B6E8C-DCBB-4DFE-A5F2-2AF6260CD17C",
        "type": "message",
        "text": "<https:\/\/learn.hashicorp.com\/tutorials\/terraform\/cdktf-build-go|https:\/\/learn.hashicorp.com\/tutorials\/terraform\/cdktf-build-go>\nGOもあった。\nゴーファーくんと仲良しになるか。。",
        "user": "U02K7TWFJ83",
        "ts": "1636669700.005700",
        "blocks": [
            {
                "type": "rich_text",
                "block_id": "nCk",
                "elements": [
                    {
                        "type": "rich_text_section",
                        "elements": [
                            {
                                "type": "link",
                                "url": "https:\/\/learn.hashicorp.com\/tutorials\/terraform\/cdktf-build-go",
                                "text": "https:\/\/learn.hashicorp.com\/tutorials\/terraform\/cdktf-build-go"
                            },
                            {
                                "type": "text",
                                "text": "\nGOもあった。\nゴーファーくんと仲良しになるか。。"
                            }
                        ]
                    }
                ]
            }
        ],
        "team": "TFU0BKCQP",
        "user_team": "TFU0BKCQP",
        "source_team": "TFU0BKCQP",
        "user_profile": {
            "avatar_hash": "86721a977b30",
            "image_72": "https:\/\/avatars.slack-edge.com\/2021-10-27\/2654208361715_86721a977b3051d7e40e_72.jpg",
            "first_name": "myabaou",
            "real_name": "myabaou",
            "display_name": "myabaou",
            "team": "TFU0BKCQP",
            "name": "yu_mabashi",
            "is_restricted": false,
            "is_ultra_restricted": false
        },
        "attachments": [
            {
                "from_url": "https:\/\/learn.hashicorp.com\/tutorials\/terraform\/cdktf-build-go",
                "service_name": "HashiCorp Learn",
                "title": "Build AWS Infrastructure with Go | Terraform - HashiCorp Learn",
                "title_link": "https:\/\/learn.hashicorp.com\/tutorials\/terraform\/cdktf-build-go",
                "text": "Use CDK for Terraform (CDKTF) to write infrastructure as code configurations in Go. Initialize a new CDKTF project with Go. Provision an EC2 instance on AWS using Go code and CDKTF. Modify and destroy the instance.",
                "image_url": "https:\/\/www.datocms-assets.com\/2885\/1622161215-learn-card-2x.jpg",
                "image_width": 476,
                "image_height": 250,
                "image_bytes": 338089,
                "fallback": "HashiCorp Learn: Build AWS Infrastructure with Go | Terraform - HashiCorp Learn",
                "service_icon": "https:\/\/learn.hashicorp.com\/img\/favicons\/favicon-16x16.png",
                "id": 1,
                "original_url": "https:\/\/learn.hashicorp.com\/tutorials\/terraform\/cdktf-build-go"
            }
        ],
        "thread_ts": "1636669057.004900",
        "parent_user_id": "U02K7TWFJ83",
        "reactions": [
            {
                "name": "+1",
                "users": [
                    "U01GAQPRFQB"
                ],
                "count": 1
            }
        ]
    }
]