[
    {
        "client_msg_id": "b25f9c2a-8612-4c97-86b4-ede57dd27149",
        "type": "message",
        "text": "初めまして。terraform が思うように使いこなせていません。もっと勉強したいです。slack を使うのもはじめてです。よろしくお願いします。",
        "user": "U018WM2DBGA",
        "ts": "1597450307.003500",
        "team": "TFU0BKCQP",
        "user_team": "TFU0BKCQP",
        "source_team": "TFU0BKCQP",
        "user_profile": {
            "avatar_hash": "g35e1bfbe0a1",
            "image_72": "https:\/\/secure.gravatar.com\/avatar\/35e1bfbe0a15455f6ae218f23ea42bbc.jpg?s=72&d=https%3A%2F%2Fa.slack-edge.com%2Fdf10d%2Fimg%2Favatars%2Fava_0008-72.png",
            "first_name": "",
            "real_name": "Takeshi OKURA",
            "display_name": "Takeshi OKURA",
            "team": "TFU0BKCQP",
            "name": "okura3",
            "is_restricted": false,
            "is_ultra_restricted": false
        },
        "blocks": [
            {
                "type": "rich_text",
                "block_id": "2JDV",
                "elements": [
                    {
                        "type": "rich_text_section",
                        "elements": [
                            {
                                "type": "text",
                                "text": "初めまして。terraform が思うように使いこなせていません。もっと勉強したいです。slack を使うのもはじめてです。よろしくお願いします。"
                            }
                        ]
                    }
                ]
            }
        ],
        "reactions": [
            {
                "name": "+1",
                "users": [
                    "UG46Z57TN",
                    "UKAKENQAF",
                    "UQT52H29G",
                    "U012X6FSHC7",
                    "UFU0BKD8F",
                    "UGFSM002K"
                ],
                "count": 6
            },
            {
                "name": "tada",
                "users": [
                    "UQT52H29G"
                ],
                "count": 1
            }
        ]
    }
]