[
    {
        "type": "message",
        "subtype": "bot_message",
        "text": "",
        "ts": "1664374041.114949",
        "bot_id": "B01D39EAGTT",
        "attachments": [
            {
                "id": 1,
                "fallback": "hashicorp\/terraform on GitHub\nv1.3.1 \nrelease note: <https:\/\/newreleases.io\/github\/hashicorp\/terraform?version=v1.3.1>",
                "text": "`v1.3.1` \n```\n--------------------------\n1.3.1 (September 28, 2022)\n--------------------------\n\nNOTE:\n\n* On darwin\/amd64 and darwin\/arm64 architectures, terraform binaries are now built with CGO enabled. This should not have any user-facing impact, except in cases where the pure Go DNS resolver causes problems on recent versions of macOS: using CGO may mitigate these issues. Please see the upstream bug golang\/go#52839 ( <https:\/\/github.com\/golang\/go\/issues\/52839> ) for more details.\n\nBUG FIXES:\n\n* Fixed a crash when using objects with optional attributes and default values in collections, most visible with nested modules. ( #31847 ( <https:\/\/github.com\/hashicorp\/terraform\/issues\/31847> ) )\n* Prevent cycles in some situations where a provider depends on resources in the configuration which are participating in planned changes. ( #31857 ( <https:\/\/github.com\/hashicorp\/terraform\/issues\/31857> ) )\n* Fixed an error when attempting to destroy a configuration where resources do not exist in the state. ( #31858 ( <https:\/\/github.com\/hashicorp\/terraform\/issues\/31858> ) )\n* Data sources which cannot be read during will no longer prevent the state from being serialized. ( #31871 ( <https:\/\/github.com\/hashicorp\/terraform\/issues\/31871> ) )\n* Fixed a crash which occured when a resource with a precondition and\/or a postcondition appeared inside a module with two or more instances. ( #31860 ( <https:\/\/github.com\/hashicorp\/terraform\/issues\/31860> ) )\n```\n<https:\/\/newreleases.io\/github\/hashicorp\/terraform?version=v1.3.1|release note...>",
                "title": "hashicorp\/terraform on GitHub",
                "title_link": "https:\/\/newreleases.io\/github\/hashicorp\/terraform",
                "mrkdwn_in": [
                    "text"
                ]
            }
        ]
    },
    {
        "type": "message",
        "subtype": "bot_message",
        "text": "",
        "ts": "1664380084.860319",
        "bot_id": "B01D39EAGTT",
        "attachments": [
            {
                "id": 1,
                "fallback": "hashicorp\/terraform-cdk on GitHub\nv0.13.0-pre.57",
                "text": "`v0.13.0-pre.57`",
                "title": "hashicorp\/terraform-cdk on GitHub",
                "title_link": "https:\/\/newreleases.io\/github\/hashicorp\/terraform-cdk",
                "mrkdwn_in": [
                    "text"
                ]
            }
        ]
    },
    {
        "type": "message",
        "subtype": "bot_message",
        "text": "",
        "ts": "1664412676.361029",
        "bot_id": "B01D39EAGTT",
        "attachments": [
            {
                "id": 1,
                "fallback": "hashicorp\/packer on GitHub\nnightly updated",
                "text": "`nightly` _updated_",
                "title": "hashicorp\/packer on GitHub",
                "title_link": "https:\/\/newreleases.io\/github\/hashicorp\/packer",
                "mrkdwn_in": [
                    "text"
                ]
            }
        ]
    }
]