[
    {
        "type": "message",
        "subtype": "bot_message",
        "text": "",
        "ts": "1664304216.956039",
        "bot_id": "B01D39EAGTT",
        "attachments": [
            {
                "id": 1,
                "fallback": "hashicorp\/boundary on GitHub\nv0.11.0 \nrelease note: <https:\/\/newreleases.io\/github\/hashicorp\/boundary?version=v0.11.0>",
                "text": "`v0.11.0` \n<https:\/\/newreleases.io\/github\/hashicorp\/boundary?version=v0.11.0|release note...>",
                "title": "hashicorp\/boundary on GitHub",
                "title_link": "https:\/\/newreleases.io\/github\/hashicorp\/boundary",
                "mrkdwn_in": [
                    "text"
                ]
            }
        ]
    }
]