[
    {
        "client_msg_id": "e38158c7-6ef2-4334-8726-6b860ce76251",
        "type": "message",
        "text": "v0.14 beta出るの早かったなーって思ってたら、masterブランチがもうv0.15の準備を始めてて、さすがに草w\n<https:\/\/github.com\/hashicorp\/terraform\/blob\/master\/CHANGELOG.md>",
        "user": "UHS4SFFA7",
        "ts": "1603120838.006200",
        "team": "TFU0BKCQP",
        "user_team": "TFU0BKCQP",
        "source_team": "TFU0BKCQP",
        "user_profile": {
            "avatar_hash": "gade34f8bdf1",
            "image_72": "https:\/\/secure.gravatar.com\/avatar\/5ade34f8bdf1b55c4ff82c11cf23cf42.jpg?s=72&d=https%3A%2F%2Fa.slack-edge.com%2Fdf10d%2Fimg%2Favatars%2Fava_0008-72.png",
            "first_name": "",
            "real_name": "minamijoyo",
            "display_name": "minamijoyo",
            "team": "TFU0BKCQP",
            "name": "minamijoyo",
            "is_restricted": false,
            "is_ultra_restricted": false
        },
        "attachments": [
            {
                "fallback": "[hashicorp\/terraform] CHANGELOG.md",
                "text": "```\n## 0.15.0 (Unreleased)\n\nENHANCEMENTS:\n\n* Improved support for Windows console UI, including bold colors and underline for HCL diagnostics [GH-26588]\n\n## Previous Releases\n\nFor information on prior major releases, see their changelogs:\n\n* [v0.14](<https:\/\/github.com\/hashicorp\/terraform\/blob\/v0.14\/CHANGELOG.md>)\n* [v0.13](<https:\/\/github.com\/hashicorp\/terraform\/blob\/v0.13\/CHANGELOG.md>)\n* [v0.12](<https:\/\/github.com\/hashicorp\/terraform\/blob\/v0.12\/CHANGELOG.md>)\n* [v0.11 and earlier](<https:\/\/github.com\/hashicorp\/terraform\/blob\/v0.11\/CHANGELOG.md>)\n\n```",
                "title": "CHANGELOG.md",
                "footer": "<https:\/\/github.com\/hashicorp\/terraform|hashicorp\/terraform>",
                "id": 1,
                "title_link": "https:\/\/github.com\/hashicorp\/terraform\/blob\/master\/CHANGELOG.md",
                "footer_icon": "https:\/\/github.githubassets.com\/favicon.ico",
                "color": "24292f",
                "mrkdwn_in": [
                    "text"
                ],
                "bot_id": "BH12QQBB4",
                "app_unfurl_url": "https:\/\/github.com\/hashicorp\/terraform\/blob\/master\/CHANGELOG.md",
                "is_app_unfurl": true
            }
        ],
        "blocks": [
            {
                "type": "rich_text",
                "block_id": "a3kU",
                "elements": [
                    {
                        "type": "rich_text_section",
                        "elements": [
                            {
                                "type": "text",
                                "text": "v0.14 beta出るの早かったなーって思ってたら、masterブランチがもうv0.15の準備を始めてて、さすがに草w\n"
                            },
                            {
                                "type": "link",
                                "url": "https:\/\/github.com\/hashicorp\/terraform\/blob\/master\/CHANGELOG.md"
                            }
                        ]
                    }
                ]
            }
        ],
        "reactions": [
            {
                "name": "scream",
                "users": [
                    "UFU0BKD8F",
                    "UREE40K7A",
                    "ULSHHPEBB",
                    "UGW0ABZLG",
                    "U01AEH6SRL2",
                    "U018F14RQBE",
                    "UTMCUCTCP",
                    "ULS55L16V",
                    "UM12KGR0E",
                    "UGYK9KX4M"
                ],
                "count": 10
            },
            {
                "name": "rolling_on_the_floor_laughing",
                "users": [
                    "UL90RPEQ7",
                    "ULFK57XL4"
                ],
                "count": 2
            }
        ]
    }
]