[
    {
        "client_msg_id": "31b44177-7f49-40c4-8319-c0d4b138a533",
        "type": "message",
        "text": "新しい人も入ってるので周知。\nアドカレでも言及した小規模な勉強会という名の雑談タイムを実施中です。\n<https:\/\/qiita.com\/raki\/items\/d6d59b18185cc8fb2064>\n\n<https:\/\/terraform-jp.slack.com\/archives\/C02PAMCSK0D\/p1642506952002900>",
        "user": "UFU0BKD8F",
        "ts": "1642507084.002100",
        "blocks": [
            {
                "type": "rich_text",
                "block_id": "9BCc",
                "elements": [
                    {
                        "type": "rich_text_section",
                        "elements": [
                            {
                                "type": "text",
                                "text": "新しい人も入ってるので周知。\nアドカレでも言及した小規模な勉強会という名の雑談タイムを実施中です。\n"
                            },
                            {
                                "type": "link",
                                "url": "https:\/\/qiita.com\/raki\/items\/d6d59b18185cc8fb2064"
                            },
                            {
                                "type": "text",
                                "text": "\n\n"
                            },
                            {
                                "type": "link",
                                "url": "https:\/\/terraform-jp.slack.com\/archives\/C02PAMCSK0D\/p1642506952002900"
                            }
                        ]
                    }
                ]
            }
        ],
        "team": "TFU0BKCQP",
        "user_team": "TFU0BKCQP",
        "source_team": "TFU0BKCQP",
        "user_profile": {
            "avatar_hash": "92c41c62c7b0",
            "image_72": "https:\/\/avatars.slack-edge.com\/2019-01-30\/537137791812_92c41c62c7b0f054d3dd_72.jpg",
            "first_name": "らき",
            "real_name": "らき",
            "display_name": "raki",
            "team": "TFU0BKCQP",
            "name": "nishimuray",
            "is_restricted": false,
            "is_ultra_restricted": false
        },
        "attachments": [
            {
                "from_url": "https:\/\/terraform-jp.slack.com\/archives\/C02PAMCSK0D\/p1642506952002900",
                "ts": "1642506952.002900",
                "author_id": "UFU0BKD8F",
                "channel_team": "TFU0BKCQP",
                "channel_id": "C02PAMCSK0D",
                "channel_name": "mini-study",
                "is_msg_unfurl": true,
                "message_blocks": [
                    {
                        "team": "TFU0BKCQP",
                        "channel": "C02PAMCSK0D",
                        "ts": "1642506952.002900",
                        "message": {
                            "blocks": [
                                {
                                    "type": "rich_text",
                                    "block_id": "c9S",
                                    "elements": [
                                        {
                                            "type": "rich_text_section",
                                            "elements": [
                                                {
                                                    "type": "text",
                                                    "text": "第３回雑談始めます。誰か来るまでは一人カラオケ会場ｗ\n"
                                                },
                                                {
                                                    "type": "link",
                                                    "url": "https:\/\/us04web.zoom.us\/j\/76722909570?pwd=1IxjslGiO9EjHoSdB1V3zw9FSfwwcp.1"
                                                }
                                            ]
                                        }
                                    ]
                                }
                            ]
                        }
                    }
                ],
                "id": 2,
                "original_url": "https:\/\/terraform-jp.slack.com\/archives\/C02PAMCSK0D\/p1642506952002900",
                "fallback": "[January 18th, 2022 3:55 AM] nishimuray: 第３回雑談始めます。誰か来るまでは一人カラオケ会場ｗ\n<https:\/\/us04web.zoom.us\/j\/76722909570?pwd=1IxjslGiO9EjHoSdB1V3zw9FSfwwcp.1>",
                "text": "第３回雑談始めます。誰か来るまでは一人カラオケ会場ｗ\n<https:\/\/us04web.zoom.us\/j\/76722909570?pwd=1IxjslGiO9EjHoSdB1V3zw9FSfwwcp.1>",
                "author_name": "らき",
                "author_link": "https:\/\/terraform-jp.slack.com\/team\/UFU0BKD8F",
                "author_icon": "https:\/\/avatars.slack-edge.com\/2019-01-30\/537137791812_92c41c62c7b0f054d3dd_48.jpg",
                "author_subname": "らき",
                "mrkdwn_in": [
                    "text"
                ],
                "footer": "#mini-study に投稿"
            }
        ]
    }
]