[
    {
        "client_msg_id": "928D8935-0137-4DD3-A9E1-F69D776725EC",
        "type": "message",
        "text": "色々とご意見ありがとうございます!\n\n一昨日新しい職場で初めてterraformのコード見てきました\n\n<http:\/\/各環境毎のディレクトリ配下にvariable.tf|xn--variable-ne4g3a79cqewmqa42c3a2587jeqwa3qtkg2gm8ubtt9i.tf>\nを置いて自動で読ませてるっぽいやり方でした\nここまでいくと自分なりにのベストプラクティスを模索する方が楽しいかもですw\n（みんな通った道なのかなぁ）\n\n新しい職場でterraform一年生頑張ってきます\n",
        "user": "U03MFML7D8U",
        "ts": "1656807906.031769",
        "blocks": [
            {
                "type": "rich_text",
                "block_id": "DspF",
                "elements": [
                    {
                        "type": "rich_text_section",
                        "elements": [
                            {
                                "type": "text",
                                "text": "色々とご意見ありがとうございます"
                            },
                            {
                                "type": "text",
                                "text": "!"
                            },
                            {
                                "type": "text",
                                "text": "\n"
                            },
                            {
                                "type": "text",
                                "text": "\n"
                            },
                            {
                                "type": "text",
                                "text": "一昨日新しい職場で初めて"
                            },
                            {
                                "type": "text",
                                "text": "terraform"
                            },
                            {
                                "type": "text",
                                "text": "のコード見てきました"
                            },
                            {
                                "type": "text",
                                "text": "\n"
                            },
                            {
                                "type": "text",
                                "text": "\n"
                            },
                            {
                                "type": "text",
                                "text": "各環境毎のディレクトリ配下に"
                            },
                            {
                                "type": "text",
                                "text": "variable.tf"
                            },
                            {
                                "type": "text",
                                "text": "\n"
                            },
                            {
                                "type": "text",
                                "text": "を置いて自動で読ませてるっぽいやり方でした"
                            },
                            {
                                "type": "text",
                                "text": "\n"
                            },
                            {
                                "type": "text",
                                "text": "ここまでいくと自分なりにのベストプラクティスを模索する方が楽しいかもですw"
                            },
                            {
                                "type": "text",
                                "text": "\n"
                            },
                            {
                                "type": "text",
                                "text": "（みんな通った道なのかなぁ）"
                            },
                            {
                                "type": "text",
                                "text": "\n"
                            },
                            {
                                "type": "text",
                                "text": "\n新しい職場で"
                            },
                            {
                                "type": "text",
                                "text": "terraform"
                            },
                            {
                                "type": "text",
                                "text": "一年生頑張ってきます"
                            },
                            {
                                "type": "text",
                                "text": "\n"
                            }
                        ]
                    }
                ]
            }
        ],
        "team": "TFU0BKCQP",
        "user_team": "TFU0BKCQP",
        "source_team": "TFU0BKCQP",
        "user_profile": {
            "avatar_hash": "g00cad1383cd",
            "image_72": "https:\/\/secure.gravatar.com\/avatar\/00cad1383cd7970ece36d294bfecc30b.jpg?s=72&d=https%3A%2F%2Fa.slack-edge.com%2Fdf10d%2Fimg%2Favatars%2Fava_0011-72.png",
            "first_name": "maki",
            "real_name": "maki",
            "display_name": "",
            "team": "TFU0BKCQP",
            "name": "maki.azuki.it",
            "is_restricted": false,
            "is_ultra_restricted": false
        },
        "thread_ts": "1656415036.748109",
        "parent_user_id": "U03MFML7D8U",
        "reactions": [
            {
                "name": "+1",
                "users": [
                    "UGY9BJ1NF",
                    "UFU0BKD8F",
                    "U02K7TWFJ83",
                    "U03A6V05GQH"
                ],
                "count": 4
            }
        ]
    }
]