[
    {
        "client_msg_id": "B57D841E-1CF5-42F2-89AB-1F6006752EC5",
        "type": "message",
        "text": "&gt; 古き良き workspace を使う（使うな\n（個人的にはWorkspace 便利すよ！w アカウントや環境とかをよしなに切り替えられるので）",
        "user": "UGY9BJ1NF",
        "ts": "1656629730.047669",
        "blocks": [
            {
                "type": "rich_text",
                "block_id": "4rF1Q",
                "elements": [
                    {
                        "type": "rich_text_quote",
                        "elements": [
                            {
                                "type": "text",
                                "text": "古き良き workspace を使う（使うな"
                            }
                        ],
                        "border": 0
                    },
                    {
                        "type": "rich_text_section",
                        "elements": [
                            {
                                "type": "text",
                                "text": "（個人的には"
                            },
                            {
                                "type": "text",
                                "text": "Workspace"
                            },
                            {
                                "type": "text",
                                "text": " 便利すよ！w"
                            },
                            {
                                "type": "text",
                                "text": " "
                            },
                            {
                                "type": "text",
                                "text": "アカウントや環境とかをよしなに切り替えられるので）"
                            }
                        ]
                    }
                ]
            }
        ],
        "team": "TFU0BKCQP",
        "user_team": "TFU0BKCQP",
        "source_team": "TFU0BKCQP",
        "user_profile": {
            "avatar_hash": "db2f4d9fe31e",
            "image_72": "https:\/\/avatars.slack-edge.com\/2019-03-14\/576772793877_db2f4d9fe31e4921d24d_72.jpg",
            "first_name": "Masamitsu",
            "real_name": "Masamitsu Maehara",
            "display_name": "micci184",
            "team": "TFU0BKCQP",
            "name": "micci184",
            "is_restricted": false,
            "is_ultra_restricted": false
        },
        "thread_ts": "1656415036.748109",
        "parent_user_id": "U03MFML7D8U"
    }
]