[
    {
        "client_msg_id": "b07b526e-6a9f-45e8-b1f3-210fc0e59ec7",
        "type": "message",
        "text": "*全てのresourceに暗黙的な依存があるproviderに対する記述テクニックについて*\n\n知見を持ってる方がいらっしゃったらと思い投稿させて頂きました。\nとある要件で作成しているCustom Providerが、バックエンドの事情にて、全てのresource操作を基本的に１並列ずつしか流せない状況のようでした。\nこのような場合、Custom Provider利用者に下記のようにresource blockの１つ１つにdepends_onを入れてもらうのは、到底人間が管理できるものじゃないと考えていて、どうにか改善したいなと考えております。\n<https:\/\/www.terraform.io\/cli\/commands\/apply#parallelism-n|parallelism>=1　等で回避も可能かと思ったのですが、当該のresource以外での変更スピードでも影響が出てしまうので、できれば避けたいのですが、TFファイルの記述テクニック等で改善するナレッジなど持ってる方いらっしゃったら、お知恵をお貸しいただけないでしょうか？\n\nよろしくお願いします。\n\n```resource \"hoge\" \"resource-1\" {\n}\nresource \"hoge\" \"resource-2\" {\n  depends_on = [hoge.resource-1]\n}\nresource \"hoge\" \"resource-3\" {\n  depends_on = [hoge.resource-1, hoge.resource-2]\n}```",
        "user": "U03NK6JL6D7",
        "ts": "1656917913.276779",
        "blocks": [
            {
                "type": "rich_text",
                "block_id": "1GQ",
                "elements": [
                    {
                        "type": "rich_text_section",
                        "elements": [
                            {
                                "type": "text",
                                "text": "全てのresourceに暗黙的な依存があるproviderに対する記述テクニックについて",
                                "style": {
                                    "bold": true
                                }
                            },
                            {
                                "type": "text",
                                "text": "\n\n知見を持ってる方がいらっしゃったらと思い投稿させて頂きました。\nとある要件で作成しているCustom Providerが、バックエンドの事情にて、全てのresource操作を基本的に１並列ずつしか流せない状況のようでした。\nこのような場合、Custom Provider利用者に下記のようにresource blockの１つ１つにdepends_onを入れてもらうのは、到底人間が管理できるものじゃないと考えていて、どうにか改善したいなと考えております。\n"
                            },
                            {
                                "type": "link",
                                "url": "https:\/\/www.terraform.io\/cli\/commands\/apply#parallelism-n",
                                "text": "parallelism"
                            },
                            {
                                "type": "text",
                                "text": "=1　等で回避も可能かと思ったのですが、当該のresource以外での変更スピードでも影響が出てしまうので、できれば避けたいのですが、TFファイルの記述テクニック等で改善するナレッジなど持ってる方いらっしゃったら、お知恵をお貸しいただけないでしょうか？\n\nよろしくお願いします。\n\n"
                            }
                        ]
                    },
                    {
                        "type": "rich_text_preformatted",
                        "elements": [
                            {
                                "type": "text",
                                "text": "resource \"hoge\" \"resource-1\" {\n}\nresource \"hoge\" \"resource-2\" {\n  depends_on = [hoge.resource-1]\n}\nresource \"hoge\" \"resource-3\" {\n  depends_on = [hoge.resource-1, hoge.resource-2]\n}"
                            }
                        ],
                        "border": 0
                    }
                ]
            }
        ],
        "team": "TFU0BKCQP",
        "user_team": "TFU0BKCQP",
        "source_team": "TFU0BKCQP",
        "user_profile": {
            "avatar_hash": "9fc8d3aae842",
            "image_72": "https:\/\/avatars.slack-edge.com\/2022-07-04\/3748075430454_9fc8d3aae8423df0839f_72.png",
            "first_name": "kkitai",
            "real_name": "kkitai",
            "display_name": "kkitai",
            "team": "TFU0BKCQP",
            "name": "kkitai",
            "is_restricted": false,
            "is_ultra_restricted": false
        },
        "thread_ts": "1656917913.276779",
        "reply_count": 5,
        "reply_users_count": 4,
        "latest_reply": "1656934880.039059",
        "reply_users": [
            "UFU0BKD8F",
            "UHS4SFFA7",
            "U03NK6JL6D7",
            "ULS55L16V"
        ],
        "replies": [
            {
                "user": "UFU0BKD8F",
                "ts": "1656921641.246459"
            },
            {
                "user": "UHS4SFFA7",
                "ts": "1656922880.460569"
            },
            {
                "user": "U03NK6JL6D7",
                "ts": "1656926371.190869"
            },
            {
                "user": "U03NK6JL6D7",
                "ts": "1656926523.698359"
            },
            {
                "user": "ULS55L16V",
                "ts": "1656934880.039059"
            }
        ],
        "is_locked": false,
        "subscribed": true,
        "last_read": "1656934880.039059"
    }
]