[
    {
        "client_msg_id": "0c863298-8fd9-433f-b975-28f3353deee6",
        "type": "message",
        "text": "ご質問させてください！\nprevent_destroyをtrueからfalseの変更して、applyをしたいのですが、反映されない結果となりました。\nこれ以外にもリソースの一部の設定値を変更したい場合などで、applyに反映されない結果となることはよくあるかなと思ったりしたのですが、こう言った場合どのように対応するのがよろしいでしょうか？\n```resource \"aws_s3_bucket\" \"terraform_state\" {\n  bucket = \"s3-test\"\n  # &lt;span&gt;terraform destroyによって削除されないよう設定&lt;\/span&gt;\n  lifecycle {\n    prevent_destroy = true\n  }\n}```\n↓ trueからfalseに変更\n```resource \"aws_s3_bucket\" \"terraform_state\" {\n  bucket = \"s3-test\"\n  # &lt;span&gt;terraform destroyによって削除されないよう設定&lt;\/span&gt;\n  lifecycle {\n    prevent_destroy = false\n  }\n}```",
        "user": "U01G7AFMH9T",
        "ts": "1659190987.184159",
        "blocks": [
            {
                "type": "rich_text",
                "block_id": "P6b6",
                "elements": [
                    {
                        "type": "rich_text_section",
                        "elements": [
                            {
                                "type": "text",
                                "text": "ご質問させてください！\nprevent_destroyをtrueからfalseの変更して、applyをしたいのですが、反映されない結果となりました。\nこれ以外にもリソースの一部の設定値を変更したい場合などで、applyに反映されない結果となることはよくあるかなと思ったりしたのですが、こう言った場合どのように対応するのがよろしいでしょうか？\n"
                            }
                        ]
                    },
                    {
                        "type": "rich_text_preformatted",
                        "elements": [
                            {
                                "type": "text",
                                "text": "resource \"aws_s3_bucket\" \"terraform_state\" {\n  bucket = \"s3-test\"\n  # <span>terraform destroyによって削除されないよう設定<\/span>\n  lifecycle {\n    prevent_destroy = true\n  }\n}"
                            }
                        ],
                        "border": 0
                    },
                    {
                        "type": "rich_text_section",
                        "elements": [
                            {
                                "type": "text",
                                "text": "↓ trueからfalseに変更\n"
                            }
                        ]
                    },
                    {
                        "type": "rich_text_preformatted",
                        "elements": [
                            {
                                "type": "text",
                                "text": "resource \"aws_s3_bucket\" \"terraform_state\" {\n  bucket = \"s3-test\"\n  # <span>terraform destroyによって削除されないよう設定<\/span>\n  lifecycle {\n    prevent_destroy = false\n  }\n}"
                            }
                        ],
                        "border": 0
                    }
                ]
            }
        ],
        "team": "TFU0BKCQP",
        "user_team": "TFU0BKCQP",
        "source_team": "TFU0BKCQP",
        "user_profile": {
            "avatar_hash": "e862bb032a41",
            "image_72": "https:\/\/avatars.slack-edge.com\/2020-12-07\/1547712675958_e862bb032a41add9f004_72.png",
            "first_name": "",
            "real_name": "S S",
            "display_name": "S S",
            "team": "TFU0BKCQP",
            "name": "wvp360gqanukcqhg",
            "is_restricted": false,
            "is_ultra_restricted": false
        },
        "edited": {
            "user": "U01G7AFMH9T",
            "ts": "1659191023.000000"
        },
        "thread_ts": "1659190987.184159",
        "reply_count": 2,
        "reply_users_count": 2,
        "latest_reply": "1659221469.221939",
        "reply_users": [
            "UFU0BKD8F",
            "U01G7AFMH9T"
        ],
        "replies": [
            {
                "user": "UFU0BKD8F",
                "ts": "1659209172.290279"
            },
            {
                "user": "U01G7AFMH9T",
                "ts": "1659221469.221939"
            }
        ],
        "is_locked": false,
        "subscribed": true,
        "last_read": "1659221469.221939"
    },
    {
        "client_msg_id": "5e0ba201-eb4e-4e99-b96f-21d575ec9dda",
        "type": "message",
        "text": "<https:\/\/www.terraform.io\/language\/meta-arguments\/lifecycle>\n\nそもそもちゃんと見てなかったんだと思うんだけど、lifecycle は差分にはあがってこないメタデータなので、\n反映されないってわけじゃなくて、実行時にコードの状態で処理される、が正です。\n\n具体的には `prevent_destroy = true` ってなってるコードで destroy しようとすると拒否されて、\n`prevent_destroy = false` になってる時は拒否られずに処理できる、だけです。\ntfstate にも記録されないので、差分とかないのです。\n\n&gt; リソースの一部の設定値を変更したい場合などで、applyに反映されない結果\n個人的には覚えがないので勘違いか間違ってるかのどっちかかなって。。。\n\n&gt; こう言った場合どのように対応\nIaC は git などの VCS で管理されることで意味が出るので、いつその変更をしたのか、を\n記録しておく以上の意味は lifecycle.prevent_destroy にはないんじゃないかなって。。。",
        "user": "UFU0BKD8F",
        "ts": "1659209172.290279",
        "blocks": [
            {
                "type": "rich_text",
                "block_id": "Dy=",
                "elements": [
                    {
                        "type": "rich_text_section",
                        "elements": [
                            {
                                "type": "link",
                                "url": "https:\/\/www.terraform.io\/language\/meta-arguments\/lifecycle"
                            },
                            {
                                "type": "text",
                                "text": "\n\nそもそもちゃんと見てなかったんだと思うんだけど、lifecycle は差分にはあがってこないメタデータなので、\n反映されないってわけじゃなくて、実行時にコードの状態で処理される、が正です。\n\n具体的には "
                            },
                            {
                                "type": "text",
                                "text": "prevent_destroy = true",
                                "style": {
                                    "code": true
                                }
                            },
                            {
                                "type": "text",
                                "text": " ってなってるコードで destroy しようとすると拒否されて、\n"
                            },
                            {
                                "type": "text",
                                "text": "prevent_destroy = false",
                                "style": {
                                    "code": true
                                }
                            },
                            {
                                "type": "text",
                                "text": " になってる時は拒否られずに処理できる、だけです。\ntfstate にも記録されないので、差分とかないのです。\n\n"
                            }
                        ]
                    },
                    {
                        "type": "rich_text_quote",
                        "elements": [
                            {
                                "type": "text",
                                "text": "リソースの一部の設定値を変更したい場合などで、applyに反映されない結果"
                            }
                        ]
                    },
                    {
                        "type": "rich_text_section",
                        "elements": [
                            {
                                "type": "text",
                                "text": "\n個人的には覚えがないので勘違いか間違ってるかのどっちかかなって。。。\n\n"
                            }
                        ]
                    },
                    {
                        "type": "rich_text_quote",
                        "elements": [
                            {
                                "type": "text",
                                "text": "こう言った場合どのように対応"
                            }
                        ]
                    },
                    {
                        "type": "rich_text_section",
                        "elements": [
                            {
                                "type": "text",
                                "text": "\nIaC は git などの VCS で管理されることで意味が出るので、いつその変更をしたのか、を\n記録しておく以上の意味は lifecycle.prevent_destroy にはないんじゃないかなって。。。"
                            }
                        ]
                    }
                ]
            }
        ],
        "team": "TFU0BKCQP",
        "user_team": "TFU0BKCQP",
        "source_team": "TFU0BKCQP",
        "user_profile": {
            "avatar_hash": "92c41c62c7b0",
            "image_72": "https:\/\/avatars.slack-edge.com\/2019-01-30\/537137791812_92c41c62c7b0f054d3dd_72.jpg",
            "first_name": "らき",
            "real_name": "らき",
            "display_name": "raki",
            "team": "TFU0BKCQP",
            "name": "nishimuray",
            "is_restricted": false,
            "is_ultra_restricted": false
        },
        "attachments": [
            {
                "from_url": "https:\/\/www.terraform.io\/language\/meta-arguments\/lifecycle",
                "image_url": "https:\/\/www.terraform.io\/img\/og-image.png",
                "image_width": 478,
                "image_height": 250,
                "image_bytes": 31319,
                "service_icon": "https:\/\/www.terraform.io\/favicon.ico",
                "id": 1,
                "original_url": "https:\/\/www.terraform.io\/language\/meta-arguments\/lifecycle",
                "fallback": "Terraform by HashiCorp: The lifecycle Meta-Argument - Configuration Language | Terraform by HashiCorp",
                "text": "The meta-arguments in a lifecycle block allow you to customize resource behavior.",
                "title": "The lifecycle Meta-Argument - Configuration Language | Terraform by HashiCorp",
                "title_link": "https:\/\/www.terraform.io\/language\/meta-arguments\/lifecycle",
                "service_name": "Terraform by HashiCorp"
            }
        ],
        "thread_ts": "1659190987.184159",
        "parent_user_id": "U01G7AFMH9T"
    },
    {
        "client_msg_id": "5de3f6d8-76b8-4a4d-bc70-8d86337a0b44",
        "type": "message",
        "text": "<@UFU0BKD8F> ご回答ありがとうございます！",
        "user": "U01G7AFMH9T",
        "ts": "1659221469.221939",
        "blocks": [
            {
                "type": "rich_text",
                "block_id": "QbG8H",
                "elements": [
                    {
                        "type": "rich_text_section",
                        "elements": [
                            {
                                "type": "user",
                                "user_id": "UFU0BKD8F"
                            },
                            {
                                "type": "text",
                                "text": " ご回答ありがとうございます！"
                            }
                        ]
                    }
                ]
            }
        ],
        "team": "TFU0BKCQP",
        "user_team": "TFU0BKCQP",
        "source_team": "TFU0BKCQP",
        "user_profile": {
            "avatar_hash": "e862bb032a41",
            "image_72": "https:\/\/avatars.slack-edge.com\/2020-12-07\/1547712675958_e862bb032a41add9f004_72.png",
            "first_name": "",
            "real_name": "S S",
            "display_name": "S S",
            "team": "TFU0BKCQP",
            "name": "wvp360gqanukcqhg",
            "is_restricted": false,
            "is_ultra_restricted": false
        },
        "thread_ts": "1659190987.184159",
        "parent_user_id": "U01G7AFMH9T"
    }
]