[
    {
        "type": "message",
        "subtype": "bot_message",
        "text": "<https:\/\/qiita.com\/stakakey\/items\/d7ce86256bb4e38d0828|TerraformでIAM ユーザーに初期パスワードを埋め込む方法>\nはじめに\n\nTerraformで\"aws_iam_user\"リソース単体では\n初期パスワードを設定する項目がないためパスワードも追加してあげようと思い設定しました。\n\n公式リファレンスはこちら\n\n\n前提条件\n\n今回は以下のバージョンでやってみました。\nそこまでバージョン意識しなくても出来そうですが割と新しいものを採用しています。\n\n\nTerraformバージョン：1.0.0\nAWSプロバイダー：provider <http:\/\/registry.terraform.io\/hashicorp\/aws|registry.terraform.io\/hashicorp\/aws> v3.45.0\naws cli：aws-cli\/2.1.19\n\n\n今回の肝は、実行環境にAWS CLIがインストールされている事です。\n\n\n注意点\n\n実際は\"aws_iam_user_login_profile\"リソースから初期パスワードを作成できるが\n以下の手順の通り私にとっては複雑でした。また鍵作成ができるものがどこかにインストールされていないといけない気がします。\n\n\n公開鍵作成ツールをダウンロード\n鍵作成\n作成した鍵をエンコード\ntfファイルに入れる\n\n\n公式リファレンスはこちら...",
        "ts": "1623492408.047400",
        "username": "Terraformタグが付けられた新着記事 - Qiita",
        "icons": {
            "image_36": "https:\/\/a.slack-edge.com\/80588\/img\/services\/rss_36.png",
            "image_48": "https:\/\/a.slack-edge.com\/80588\/img\/services\/rss_48.png",
            "image_72": "https:\/\/a.slack-edge.com\/80588\/img\/services\/rss_72.png"
        },
        "bot_id": "BG3N7LG73",
        "attachments": [
            {
                "service_name": "Qiita",
                "title": "TerraformでIAM ユーザーに初期パスワードを埋め込む方法 - Qiita",
                "title_link": "https:\/\/qiita.com\/stakakey\/items\/d7ce86256bb4e38d0828",
                "text": "はじめに Terraformで\"aws_iam_user\"リソース単体では 初期パスワードを設定する項目がないためパスワードも追加してあげようと思い設定しました。 公式リファレンスはこちら 前提条件 今回は以下のバージョ...",
                "fallback": "Qiita: TerraformでIAM ユーザーに初期パスワードを埋め込む方法 - Qiita",
                "image_url": "https:\/\/qiita-user-contents.imgix.net\/https%3A%2F%2Fcdn.qiita.com%2Fassets%2Fpublic%2Farticle-ogp-background-1150d8b18a7c15795b701a55ae908f94.png?ixlib=rb-4.0.0&w=1200&mark=https%3A%2F%2Fqiita-user-contents.imgix.net%2F~text%3Fixlib%3Drb-4.0.0%26w%3D840%26h%3D380%26txt%3DTerraform%25E3%2581%25A7IAM%2520%25E3%2583%25A6%25E3%2583%25BC%25E3%2582%25B6%25E3%2583%25BC%25E3%2581%25AB%25E5%2588%259D%25E6%259C%259F%25E3%2583%2591%25E3%2582%25B9%25E3%2583%25AF%25E3%2583%25BC%25E3%2583%2589%25E3%2582%2592%25E5%259F%258B%25E3%2582%2581%25E8%25BE%25BC%25E3%2582%2580%25E6%2596%25B9%25E6%25B3%2595%26txt-color%3D%2523333%26txt-font%3DHiragino%2520Sans%2520W6%26txt-size%3D54%26txt-clip%3Dellipsis%26txt-align%3Dcenter%252Cmiddle%26s%3D83d8f994c65935981448763e2d8fafb7&mark-align=center%2Cmiddle&blend=https%3A%2F%2Fqiita-user-contents.imgix.net%2F~text%3Fixlib%3Drb-4.0.0%26w%3D840%26h%3D500%26txt%3D%2540stakakey%26txt-color%3D%2523333%26txt-font%3DHiragino%2520Sans%2520W6%26txt-size%3D45%26txt-align%3Dright%252Cbottom%26s%3D27f85d0ed52013d94d53dcbe3828d7fd&blend-align=center%2Cmiddle&blend-mode=normal&s=68228c8a5ff5c9e3a8a38365d977209f",
                "from_url": "https:\/\/qiita.com\/stakakey\/items\/d7ce86256bb4e38d0828",
                "image_width": 476,
                "image_height": 250,
                "image_bytes": 50572,
                "service_icon": "https:\/\/cdn.qiita.com\/assets\/favicons\/public\/apple-touch-icon-ec5ba42a24ae923f16825592efdc356f.png",
                "id": 1,
                "original_url": "https:\/\/qiita.com\/stakakey\/items\/d7ce86256bb4e38d0828"
            }
        ],
        "edited": {
            "user": "BG3N7LG73",
            "ts": "1623492408.000000"
        }
    },
    {
        "type": "message",
        "subtype": "bot_message",
        "text": "<https:\/\/www.reddit.com\/r\/Terraform\/comments\/ny94r4\/upgraded_from_v013_to_v015_now_very_confused_on\/|Upgraded from v0.13 to v0.15, now very confused on how to use modules>\nBeen working w\/ Terraform v0.13 for about 6 months, and I'm getting close to the point where the code can be shared with co-workers, and an operations team can start creating new things with Terraform in Google Cloud Platform.  This is a brownfield deployment, so I've been writing very specific modules, intended to only add\/change limited components of the environment at any given time. Here's how I've been writing modules: Create sub-directory called \"my_module\" with a &lt;a...",
        "ts": "1623511599.047600",
        "username": "Terraform",
        "icons": {
            "image_48": "https:\/\/s3-us-west-2.amazonaws.com\/slack-files2\/bot_icons\/2019-02-12\/548785199618_48.png"
        },
        "bot_id": "BG3N7LG73",
        "attachments": [
            {
                "service_name": "reddit",
                "title": "Upgraded from v0.13 to v0.15, now very confused on how to use modules",
                "title_link": "https:\/\/www.reddit.com\/r\/Terraform\/comments\/ny94r4\/upgraded_from_v013_to_v015_now_very_confused_on\/",
                "text": "Been working w\/ Terraform v0.13 for about 6 months, and I'm getting close to the point where the code can be shared with co-workers, and an...",
                "fallback": "reddit: Upgraded from v0.13 to v0.15, now very confused on how to use modules",
                "thumb_url": "https:\/\/www.redditstatic.com\/new-icon.png",
                "from_url": "https:\/\/www.reddit.com\/r\/Terraform\/comments\/ny94r4\/upgraded_from_v013_to_v015_now_very_confused_on\/",
                "thumb_width": 256,
                "thumb_height": 256,
                "service_icon": "http:\/\/www.redditstatic.com\/desktop2x\/img\/favicon\/apple-icon-57x57.png",
                "id": 1,
                "original_url": "https:\/\/www.reddit.com\/r\/Terraform\/comments\/ny94r4\/upgraded_from_v013_to_v015_now_very_confused_on\/"
            }
        ],
        "edited": {
            "user": "BG3N7LG73",
            "ts": "1623511599.000000"
        }
    },
    {
        "type": "message",
        "subtype": "bot_message",
        "text": "<https:\/\/www.reddit.com\/r\/Terraform\/comments\/nyfngw\/im_new_to_terraform_and_my_company_is_shifting\/|I'm new to Terraform, and my company is shifting from manual to IAC, so I want to automate the each IAM user permission policy vie terraform and i found none reliable. Please do recommend me how to add permissios to iam user. Thanks>\nsubmitted by   <https:\/\/www.reddit.com\/user\/surosesah| \/u\/surosesah > \n<https:\/\/www.reddit.com\/r\/Terraform\/comments\/nyfngw\/im_new_to_terraform_and_my_company_is_shifting\/|[link]>   <https:\/\/www.reddit.com\/r\/Terraform\/comments\/nyfngw\/im_new_to_terraform_and_my_company_is_shifting\/|[comments]>",
        "ts": "1623530796.047800",
        "username": "Terraform",
        "icons": {
            "image_48": "https:\/\/s3-us-west-2.amazonaws.com\/slack-files2\/bot_icons\/2019-02-12\/548785199618_48.png"
        },
        "bot_id": "BG3N7LG73",
        "attachments": [
            {
                "service_name": "reddit",
                "title": "I'm new to Terraform, and my company is shifting from manual to IAC, so I want to automate the each IAM user permission policy vie terraform and i found none reliable. Please do recommend me how to add permissios to iam user. Thanks",
                "title_link": "https:\/\/www.reddit.com\/r\/Terraform\/comments\/nyfngw\/im_new_to_terraform_and_my_company_is_shifting\/",
                "text": "Posted in r\/Terraform by u\/surosesah • 1 point and 1 comment",
                "fallback": "reddit: I'm new to Terraform, and my company is shifting from manual to IAC, so I want to automate the each IAM user permission policy vie terraform and i found none reliable. Please do recommend me how to add permissios to iam user. Thanks",
                "thumb_url": "https:\/\/www.redditstatic.com\/new-icon.png",
                "from_url": "https:\/\/www.reddit.com\/r\/Terraform\/comments\/nyfngw\/im_new_to_terraform_and_my_company_is_shifting\/",
                "thumb_width": 256,
                "thumb_height": 256,
                "service_icon": "http:\/\/www.redditstatic.com\/desktop2x\/img\/favicon\/apple-icon-57x57.png",
                "id": 1,
                "original_url": "https:\/\/www.reddit.com\/r\/Terraform\/comments\/nyfngw\/im_new_to_terraform_and_my_company_is_shifting\/"
            },
            {
                "title": "overview for surosesah",
                "title_link": "https:\/\/www.reddit.com\/user\/surosesah",
                "text": "The u\/surosesah community on Reddit. Reddit gives you the best of the internet in one place.",
                "fallback": "overview for surosesah",
                "from_url": "https:\/\/www.reddit.com\/user\/surosesah",
                "service_icon": "http:\/\/www.redditstatic.com\/desktop2x\/img\/favicon\/apple-icon-57x57.png",
                "service_name": "reddit.com",
                "id": 2,
                "original_url": "https:\/\/www.reddit.com\/user\/surosesah"
            }
        ],
        "edited": {
            "user": "BG3N7LG73",
            "ts": "1623530796.000000"
        }
    }
]