[
    {
        "type": "message",
        "subtype": "bot_message",
        "text": "<https:\/\/qiita.com\/sabawanco\/items\/8d300547f871fde766f7|GCPのOrganizationPolicyをTerraform Moduleで設定した>\nGCPの組織ポリシー（OrganizationPolicy）をTerraform moduleで設定した時のメモです。\n\n\n組織ポリシーとは\n\n\n制約の構成\n必要な制限で制約を構成することによって定義される\n組織ノード、フォルダ、またはプロジェクトに適用される\n\n\n\n\n\n組織ポリシーの設定に必要な権限\n\n組織ポリシーの設定には、組織ポリシー管理者ロール(roles\/orgpolicy.policyAdmin)が必要になります。\n\n\n\n\nTerraformのmoduleを使って組織ポリシーを設定する\n\nTerraformのmoduleを使って組織ポリシーを設定すると、フォルダやプロジェクトの除外設定が簡単にできました。\n\n\n組織ポリシー（通常）\n\nこちらのmoduleを使いました。\n\n\nTerraformのページ\n<https:\/\/registry.terraform.io\/modules\/terraform-google-modules\/org-policy\/google\/latest>\nGitHubのページ...",
        "ts": "1622884598.033700",
        "username": "Terraformタグが付けられた新着記事 - Qiita",
        "icons": {
            "image_36": "https:\/\/a.slack-edge.com\/80588\/img\/services\/rss_36.png",
            "image_48": "https:\/\/a.slack-edge.com\/80588\/img\/services\/rss_48.png",
            "image_72": "https:\/\/a.slack-edge.com\/80588\/img\/services\/rss_72.png"
        },
        "bot_id": "BG3N7LG73",
        "attachments": [
            {
                "service_name": "Qiita",
                "title": "GCPのOrganizationPolicyをTerraform Moduleで設定 - Qiita",
                "title_link": "https:\/\/qiita.com\/sabawanco\/items\/8d300547f871fde766f7",
                "text": "GCPの組織ポリシー（OrganizationPolicy）をTerraform moduleで設定した時のメモです。 組織ポリシーとは 制約の構成 必要な制限で制約を構成することによって定義される 組織ノード、フォルダ、また...",
                "fallback": "Qiita: GCPのOrganizationPolicyをTerraform Moduleで設定 - Qiita",
                "image_url": "https:\/\/qiita-user-contents.imgix.net\/https%3A%2F%2Fcdn.qiita.com%2Fassets%2Fpublic%2Farticle-ogp-background-1150d8b18a7c15795b701a55ae908f94.png?ixlib=rb-4.0.0&w=1200&mark=https%3A%2F%2Fqiita-user-contents.imgix.net%2F~text%3Fixlib%3Drb-4.0.0%26w%3D840%26h%3D380%26txt%3DGCP%25E3%2581%25AEOrganizationPolicy%25E3%2582%2592Terraform%2520Module%25E3%2581%25A7%25E8%25A8%25AD%25E5%25AE%259A%26txt-color%3D%2523333%26txt-font%3DHiragino%2520Sans%2520W6%26txt-size%3D54%26txt-clip%3Dellipsis%26txt-align%3Dcenter%252Cmiddle%26s%3Deba1fd4b7013ecff9222d0bb920f7751&mark-align=center%2Cmiddle&blend=https%3A%2F%2Fqiita-user-contents.imgix.net%2F~text%3Fixlib%3Drb-4.0.0%26w%3D840%26h%3D500%26txt%3D%2540sabawanco%26txt-color%3D%2523333%26txt-font%3DHiragino%2520Sans%2520W6%26txt-size%3D45%26txt-align%3Dright%252Cbottom%26s%3D7bc3a7cc48a6c2fb123d33e216fccdba&blend-align=center%2Cmiddle&blend-mode=normal&s=ecf13273966f516318867f5b68103fe3",
                "from_url": "https:\/\/qiita.com\/sabawanco\/items\/8d300547f871fde766f7",
                "image_width": 476,
                "image_height": 250,
                "image_bytes": 48991,
                "service_icon": "https:\/\/cdn.qiita.com\/assets\/favicons\/public\/apple-touch-icon-ec5ba42a24ae923f16825592efdc356f.png",
                "id": 1,
                "original_url": "https:\/\/qiita.com\/sabawanco\/items\/8d300547f871fde766f7"
            }
        ],
        "edited": {
            "user": "BG3N7LG73",
            "ts": "1622884598.000000"
        }
    },
    {
        "type": "message",
        "subtype": "bot_message",
        "text": "<https:\/\/www.reddit.com\/r\/Terraform\/comments\/nsvgzp\/terraform_provisioner_breaks_terminal_display\/|Terraform provisioner breaks terminal display>\nHi everyone, Im still rather new to Terraform, so excuse me if its somehow obvious. My Terraform config works and does what it should, but using any kind of provisioner leads my terminal window to become totally jumbled up and impossible to read.  I use the remote-exec provisioner to update packages on the remote machine, and then execute an ansible playbook locally afterwards, but I cant see what actually gets executed due to the display issue that throws all output together. Anybody have a...",
        "ts": "1622899598.033900",
        "username": "Terraform",
        "icons": {
            "image_48": "https:\/\/s3-us-west-2.amazonaws.com\/slack-files2\/bot_icons\/2019-02-12\/548785199618_48.png"
        },
        "bot_id": "BG3N7LG73",
        "attachments": [
            {
                "service_name": "reddit",
                "title": "Terraform provisioner breaks terminal display",
                "title_link": "https:\/\/www.reddit.com\/r\/Terraform\/comments\/nsvgzp\/terraform_provisioner_breaks_terminal_display\/",
                "text": "Hi everyone, Im still rather new to Terraform, so excuse me if its somehow obvious. My Terraform config works and does what it should, but using...",
                "fallback": "reddit: Terraform provisioner breaks terminal display",
                "thumb_url": "https:\/\/www.redditstatic.com\/new-icon.png",
                "from_url": "https:\/\/www.reddit.com\/r\/Terraform\/comments\/nsvgzp\/terraform_provisioner_breaks_terminal_display\/",
                "thumb_width": 256,
                "thumb_height": 256,
                "service_icon": "http:\/\/www.redditstatic.com\/desktop2x\/img\/favicon\/apple-icon-57x57.png",
                "id": 1,
                "original_url": "https:\/\/www.reddit.com\/r\/Terraform\/comments\/nsvgzp\/terraform_provisioner_breaks_terminal_display\/"
            }
        ],
        "edited": {
            "user": "BG3N7LG73",
            "ts": "1622899598.000000"
        }
    },
    {
        "type": "message",
        "subtype": "bot_message",
        "text": "<https:\/\/www.reddit.com\/r\/Terraform\/comments\/nsz3k2\/terraform_for_beginners_labs\/|Terraform for Beginners + Labs>\nsubmitted by   <https:\/\/www.reddit.com\/user\/bingoauditor| \/u\/bingoauditor > \n<https:\/\/www.youtube.com\/watch?v=YcJ9IeukJL8|[link]>   <https:\/\/www.reddit.com\/r\/Terraform\/comments\/nsz3k2\/terraform_for_beginners_labs\/|[comments]>",
        "ts": "1622916396.034100",
        "username": "Terraform",
        "icons": {
            "image_48": "https:\/\/s3-us-west-2.amazonaws.com\/slack-files2\/bot_icons\/2019-02-12\/548785199618_48.png"
        },
        "bot_id": "BG3N7LG73",
        "attachments": [
            {
                "service_name": "reddit",
                "title": "Terraform for Beginners + Labs",
                "title_link": "https:\/\/www.reddit.com\/r\/Terraform\/comments\/nsz3k2\/terraform_for_beginners_labs\/",
                "text": "Posted in r\/Terraform by u\/bingoauditor • 1 point and 0 comments",
                "fallback": "reddit: Terraform for Beginners + Labs",
                "image_url": "https:\/\/i.ytimg.com\/vi\/YcJ9IeukJL8\/hqdefault.jpg",
                "image_width": 333,
                "image_height": 250,
                "from_url": "https:\/\/www.reddit.com\/r\/Terraform\/comments\/nsz3k2\/terraform_for_beginners_labs\/",
                "image_bytes": 17414,
                "service_icon": "http:\/\/www.redditstatic.com\/desktop2x\/img\/favicon\/apple-icon-57x57.png",
                "id": 1,
                "original_url": "https:\/\/www.reddit.com\/r\/Terraform\/comments\/nsz3k2\/terraform_for_beginners_labs\/"
            },
            {
                "title": "overview for bingoauditor",
                "title_link": "https:\/\/www.reddit.com\/user\/bingoauditor",
                "text": "Bingo Auditor is the UK’s leading independent Online Bingo Site Offers reviews website. Checkout and compare below best bingo deals:...",
                "fallback": "overview for bingoauditor",
                "from_url": "https:\/\/www.reddit.com\/user\/bingoauditor",
                "service_icon": "http:\/\/www.redditstatic.com\/desktop2x\/img\/favicon\/apple-icon-57x57.png",
                "service_name": "reddit.com",
                "id": 2,
                "original_url": "https:\/\/www.reddit.com\/user\/bingoauditor"
            },
            {
                "service_name": "YouTube",
                "service_url": "https:\/\/www.youtube.com\/",
                "title": "Terraform for Beginners + Labs",
                "title_link": "https:\/\/www.youtube.com\/watch?v=YcJ9IeukJL8",
                "author_name": "KodeKloud",
                "author_link": "https:\/\/www.youtube.com\/c\/KodeKloud",
                "thumb_url": "https:\/\/i.ytimg.com\/vi\/YcJ9IeukJL8\/hqdefault.jpg",
                "thumb_width": 480,
                "thumb_height": 360,
                "fallback": "YouTube Video: Terraform for Beginners + Labs",
                "video_html": "<iframe width=\"400\" height=\"225\" src=\"https:\/\/www.youtube.com\/embed\/YcJ9IeukJL8?feature=oembed&autoplay=1&iv_load_policy=3\" frameborder=\"0\" allow=\"accelerometer; autoplay; clipboard-write; encrypted-media; gyroscope; picture-in-picture\" allowfullscreen><\/iframe>",
                "video_html_width": 400,
                "video_html_height": 225,
                "from_url": "https:\/\/www.youtube.com\/watch?v=YcJ9IeukJL8",
                "service_icon": "https:\/\/a.slack-edge.com\/80588\/img\/unfurl_icons\/youtube.png",
                "id": 3,
                "original_url": "https:\/\/www.youtube.com\/watch?v=YcJ9IeukJL8"
            }
        ],
        "edited": {
            "user": "BG3N7LG73",
            "ts": "1622916396.000000"
        }
    },
    {
        "type": "message",
        "subtype": "bot_message",
        "text": "<https:\/\/www.reddit.com\/r\/Terraform\/comments\/nt17ld\/post_flair_has_been_added\/|Post Flair Has Been Added>\nHowdy Terraformers! We have turned on post flair by popular request. Hoping your inits, plans, applies, and destroys are going well!    submitted by   <https:\/\/www.reddit.com\/user\/Onlydole| \/u\/Onlydole > \n<https:\/\/www.reddit.com\/r\/Terraform\/comments\/nt17ld\/post_flair_has_been_added\/|[link]>   <https:\/\/www.reddit.com\/r\/Terraform\/comments\/nt17ld\/post_flair_has_been_added\/|[comments]>",
        "ts": "1622916396.034200",
        "username": "Terraform",
        "icons": {
            "image_48": "https:\/\/s3-us-west-2.amazonaws.com\/slack-files2\/bot_icons\/2019-02-12\/548785199618_48.png"
        },
        "bot_id": "BG3N7LG73",
        "attachments": [
            {
                "service_name": "reddit",
                "title": "Post Flair Has Been Added",
                "title_link": "https:\/\/www.reddit.com\/r\/Terraform\/comments\/nt17ld\/post_flair_has_been_added\/",
                "text": "Howdy Terraformers! We have turned on post flair by popular request. Hoping your inits, plans, applies, and destroys are going well!",
                "fallback": "reddit: Post Flair Has Been Added",
                "thumb_url": "https:\/\/www.redditstatic.com\/new-icon.png",
                "from_url": "https:\/\/www.reddit.com\/r\/Terraform\/comments\/nt17ld\/post_flair_has_been_added\/",
                "thumb_width": 256,
                "thumb_height": 256,
                "service_icon": "http:\/\/www.redditstatic.com\/desktop2x\/img\/favicon\/apple-icon-57x57.png",
                "id": 1,
                "original_url": "https:\/\/www.reddit.com\/r\/Terraform\/comments\/nt17ld\/post_flair_has_been_added\/"
            },
            {
                "title": "overview for Onlydole",
                "title_link": "https:\/\/www.reddit.com\/user\/Onlydole",
                "text": "The u\/Onlydole community on Reddit. Reddit gives you the best of the internet in one place.",
                "fallback": "overview for Onlydole",
                "from_url": "https:\/\/www.reddit.com\/user\/Onlydole",
                "service_icon": "http:\/\/www.redditstatic.com\/desktop2x\/img\/favicon\/apple-icon-57x57.png",
                "service_name": "reddit.com",
                "id": 2,
                "original_url": "https:\/\/www.reddit.com\/user\/Onlydole"
            }
        ],
        "edited": {
            "user": "BG3N7LG73",
            "ts": "1622916396.000000"
        }
    },
    {
        "type": "message",
        "subtype": "bot_message",
        "text": "<https:\/\/www.reddit.com\/r\/Terraform\/comments\/ntbgd7\/how_to_manage_at_scale_newbie_question\/|How to manage at scale (newbie question)?>\nI'll start with the disclaimer that I'm fairly new to Terraform. Basically been poking around with it for a couple of days. So, how do you manage it at scale. Lets say for example I want to manage my vSphere infrastructure with it. Couple of hundred existing VM's, say 10 hosts. Do you represent this entire environment with a single folder and just have .tf files for every different VM and Host? Say you're using standard vSwitches, you then have to have them defined in each hosts file...",
        "ts": "1622947597.034500",
        "username": "Terraform",
        "icons": {
            "image_48": "https:\/\/s3-us-west-2.amazonaws.com\/slack-files2\/bot_icons\/2019-02-12\/548785199618_48.png"
        },
        "bot_id": "BG3N7LG73",
        "attachments": [
            {
                "service_name": "reddit",
                "title": "How to manage at scale (newbie question)?",
                "title_link": "https:\/\/www.reddit.com\/r\/Terraform\/comments\/ntbgd7\/how_to_manage_at_scale_newbie_question\/",
                "text": "I'll start with the disclaimer that I'm fairly new to Terraform. Basically been poking around with it for a couple of days. So, how do you manage...",
                "fallback": "reddit: How to manage at scale (newbie question)?",
                "thumb_url": "https:\/\/www.redditstatic.com\/new-icon.png",
                "from_url": "https:\/\/www.reddit.com\/r\/Terraform\/comments\/ntbgd7\/how_to_manage_at_scale_newbie_question\/",
                "thumb_width": 256,
                "thumb_height": 256,
                "service_icon": "http:\/\/www.redditstatic.com\/desktop2x\/img\/favicon\/apple-icon-57x57.png",
                "id": 1,
                "original_url": "https:\/\/www.reddit.com\/r\/Terraform\/comments\/ntbgd7\/how_to_manage_at_scale_newbie_question\/"
            }
        ],
        "edited": {
            "user": "BG3N7LG73",
            "ts": "1622947597.000000"
        }
    },
    {
        "type": "message",
        "subtype": "bot_message",
        "text": "<https:\/\/www.reddit.com\/r\/Terraform\/comments\/nte8p8\/design_patterns_for_terraform\/|“Design Patterns” for Terraform>\nI have been a part of two teams utilizing terraform throughout my career so far. One was from the perspective of a software engineer utilizing terraform to manage a large scale enterprise serverless application , the other as a DevOps engineer where we oversee the infrastructure for many teams mainly utilizing containerized services (kubernetes) , relational database.  Wanted to get a conversation started about the different “design patterns” and project structures people have used , and the...",
        "ts": "1622957194.034700",
        "username": "Terraform",
        "icons": {
            "image_48": "https:\/\/s3-us-west-2.amazonaws.com\/slack-files2\/bot_icons\/2019-02-12\/548785199618_48.png"
        },
        "bot_id": "BG3N7LG73",
        "attachments": [
            {
                "service_name": "reddit",
                "title": "“Design Patterns” for Terraform",
                "title_link": "https:\/\/www.reddit.com\/r\/Terraform\/comments\/nte8p8\/design_patterns_for_terraform\/",
                "text": "I have been a part of two teams utilizing terraform throughout my career so far. One was from the perspective of a software engineer utilizing...",
                "fallback": "reddit: “Design Patterns” for Terraform",
                "thumb_url": "https:\/\/www.redditstatic.com\/new-icon.png",
                "from_url": "https:\/\/www.reddit.com\/r\/Terraform\/comments\/nte8p8\/design_patterns_for_terraform\/",
                "thumb_width": 256,
                "thumb_height": 256,
                "service_icon": "http:\/\/www.redditstatic.com\/desktop2x\/img\/favicon\/apple-icon-57x57.png",
                "id": 1,
                "original_url": "https:\/\/www.reddit.com\/r\/Terraform\/comments\/nte8p8\/design_patterns_for_terraform\/"
            }
        ],
        "edited": {
            "user": "BG3N7LG73",
            "ts": "1622957194.000000"
        }
    }
]