[
    {
        "type": "message",
        "subtype": "bot_message",
        "text": "<https:\/\/www.reddit.com\/r\/Terraform\/comments\/o4si5o\/how_to_use_terraform_with_aws_provider_with_local\/|How to use terraform with AWS provider with local editors?>\nWhen use terraform run tasks with AWS as provider \"aws\" { assume_role { role_arn = \"arn:aws:iam::xxxx\" } } terraform { required_version = \"1.0.0\" required_providers { aws = { version = \"3.46.0\" source = \"hashicorp\/aws\" } } backend \"s3\" { bucket = \"my-bucket\" key = \"my-key\" region = \"us-east-1\" } }  If only run the terraform init and terraform apply on a deploy server, but can't do it on localhost because of the aws key security issue. Then every time edit the .tf file with an editor on local...",
        "ts": "1624274192.064700",
        "username": "Terraform",
        "icons": {
            "image_48": "https:\/\/s3-us-west-2.amazonaws.com\/slack-files2\/bot_icons\/2019-02-12\/548785199618_48.png"
        },
        "bot_id": "BG3N7LG73",
        "attachments": [
            {
                "service_name": "reddit",
                "title": "How to use terraform with AWS provider with local editors?",
                "title_link": "https:\/\/www.reddit.com\/r\/Terraform\/comments\/o4si5o\/how_to_use_terraform_with_aws_provider_with_local\/",
                "text": "When use terraform run tasks with AWS as provider \"aws\" { assume_role { role_arn = \"arn:aws:iam::xxxx\" } } ...",
                "fallback": "reddit: How to use terraform with AWS provider with local editors?",
                "thumb_url": "https:\/\/www.redditstatic.com\/new-icon.png",
                "from_url": "https:\/\/www.reddit.com\/r\/Terraform\/comments\/o4si5o\/how_to_use_terraform_with_aws_provider_with_local\/",
                "thumb_width": 256,
                "thumb_height": 256,
                "service_icon": "http:\/\/www.redditstatic.com\/desktop2x\/img\/favicon\/apple-icon-57x57.png",
                "id": 1,
                "original_url": "https:\/\/www.reddit.com\/r\/Terraform\/comments\/o4si5o\/how_to_use_terraform_with_aws_provider_with_local\/"
            }
        ],
        "edited": {
            "user": "BG3N7LG73",
            "ts": "1624274192.000000"
        }
    },
    {
        "type": "message",
        "subtype": "bot_message",
        "text": "<https:\/\/www.reddit.com\/r\/Terraform\/comments\/o52995\/running_multiple_commands_with_terraform_docker\/|Running multiple commands with Terraform docker image>\nI'm trying to use the `hashicorp\/terraform:1.0.0` image in Cloud Build. The command I want to run is: terraform workspace select staging || terraform workspace new staging  This is a problem with the image because the entrypoint is for the `terraform` executable, so it only works when providing the command after `terraform` like `init` or `plan`. I know that I need to override the `entrypoint` on my job, which I've done successfully when using GitLab CI\/CD, however I'm unable to find a...",
        "ts": "1624302400.064900",
        "username": "Terraform",
        "icons": {
            "image_48": "https:\/\/s3-us-west-2.amazonaws.com\/slack-files2\/bot_icons\/2019-02-12\/548785199618_48.png"
        },
        "bot_id": "BG3N7LG73",
        "attachments": [
            {
                "service_name": "reddit",
                "title": "Running multiple commands with Terraform docker image",
                "title_link": "https:\/\/www.reddit.com\/r\/Terraform\/comments\/o52995\/running_multiple_commands_with_terraform_docker\/",
                "text": "I'm trying to use the \\`hashicorp\/terraform:1.0.0\\` image in Cloud Build. The command I want to run is: terraform workspace select staging...",
                "fallback": "reddit: Running multiple commands with Terraform docker image",
                "thumb_url": "https:\/\/www.redditstatic.com\/new-icon.png",
                "from_url": "https:\/\/www.reddit.com\/r\/Terraform\/comments\/o52995\/running_multiple_commands_with_terraform_docker\/",
                "thumb_width": 256,
                "thumb_height": 256,
                "service_icon": "http:\/\/www.redditstatic.com\/desktop2x\/img\/favicon\/apple-icon-57x57.png",
                "id": 1,
                "original_url": "https:\/\/www.reddit.com\/r\/Terraform\/comments\/o52995\/running_multiple_commands_with_terraform_docker\/"
            }
        ],
        "edited": {
            "user": "BG3N7LG73",
            "ts": "1624302400.000000"
        }
    },
    {
        "type": "message",
        "subtype": "bot_message",
        "text": "<https:\/\/www.reddit.com\/r\/Terraform\/comments\/o53388\/cannot_associate_tgw_route_table_with_attached_vpc\/|Cannot associate TGW route table with attached VPC.>\nUsing terraform tgw module. Deployed tgw in a network vpc, trying to create additional account and attach its vpc to the network tgw. Attachment is created succesfully but for the route table association i got message that \"route table deleted or does not exist\". Seen multiple issues with that on github with recommendation to set parameters for defaul association and propagation to false for the peer vpc. Done that with no luck. Tgw does not have default route table.    submitted by   &lt;a...",
        "ts": "1624304183.065100",
        "username": "Terraform",
        "icons": {
            "image_48": "https:\/\/s3-us-west-2.amazonaws.com\/slack-files2\/bot_icons\/2019-02-12\/548785199618_48.png"
        },
        "bot_id": "BG3N7LG73",
        "attachments": [
            {
                "service_name": "reddit",
                "title": "Cannot associate TGW route table with attached VPC.",
                "title_link": "https:\/\/www.reddit.com\/r\/Terraform\/comments\/o53388\/cannot_associate_tgw_route_table_with_attached_vpc\/",
                "text": "Using terraform tgw module. Deployed tgw in a network vpc, trying to create additional account and attach its vpc to the network tgw. Attachment...",
                "fallback": "reddit: Cannot associate TGW route table with attached VPC.",
                "thumb_url": "https:\/\/www.redditstatic.com\/new-icon.png",
                "from_url": "https:\/\/www.reddit.com\/r\/Terraform\/comments\/o53388\/cannot_associate_tgw_route_table_with_attached_vpc\/",
                "thumb_width": 256,
                "thumb_height": 256,
                "service_icon": "http:\/\/www.redditstatic.com\/desktop2x\/img\/favicon\/apple-icon-57x57.png",
                "id": 1,
                "original_url": "https:\/\/www.reddit.com\/r\/Terraform\/comments\/o53388\/cannot_associate_tgw_route_table_with_attached_vpc\/"
            }
        ],
        "edited": {
            "user": "BG3N7LG73",
            "ts": "1624304183.000000"
        }
    },
    {
        "type": "message",
        "subtype": "bot_message",
        "text": "<https:\/\/www.reddit.com\/r\/Terraform\/comments\/o54r0t\/creating_many_ephemeral_clusters_how_to_use\/|Creating many ephemeral clusters - how to use workspace?>\nI'm using terraform with GCP. In my scenario I will need to provide developers the ability to create ephemeral clusters. That is that each developer could create a cluster, use it, destroy it. How can I achieve this? Seems like I need to create a workspace (state file) for each cluster, otherwise if a dev is working on a cluster and another dev tries to create a different cluster - it will destroy the former and create the latter (same workspace). But I have many developers and jobs.......",
        "ts": "1624308396.065300",
        "username": "Terraform",
        "icons": {
            "image_48": "https:\/\/s3-us-west-2.amazonaws.com\/slack-files2\/bot_icons\/2019-02-12\/548785199618_48.png"
        },
        "bot_id": "BG3N7LG73",
        "attachments": [
            {
                "service_name": "reddit",
                "title": "Creating many ephemeral clusters - how to use workspace?",
                "title_link": "https:\/\/www.reddit.com\/r\/Terraform\/comments\/o54r0t\/creating_many_ephemeral_clusters_how_to_use\/",
                "text": "I'm using terraform with GCP. In my scenario I will need to provide developers the ability to create ephemeral clusters. That is that each...",
                "fallback": "reddit: Creating many ephemeral clusters - how to use workspace?",
                "thumb_url": "https:\/\/www.redditstatic.com\/new-icon.png",
                "from_url": "https:\/\/www.reddit.com\/r\/Terraform\/comments\/o54r0t\/creating_many_ephemeral_clusters_how_to_use\/",
                "thumb_width": 256,
                "thumb_height": 256,
                "service_icon": "http:\/\/www.redditstatic.com\/desktop2x\/img\/favicon\/apple-icon-57x57.png",
                "id": 1,
                "original_url": "https:\/\/www.reddit.com\/r\/Terraform\/comments\/o54r0t\/creating_many_ephemeral_clusters_how_to_use\/"
            }
        ],
        "edited": {
            "user": "BG3N7LG73",
            "ts": "1624308396.000000"
        }
    },
    {
        "type": "message",
        "subtype": "bot_message",
        "text": "<https:\/\/www.reddit.com\/r\/Terraform\/comments\/o570le\/sorting_of_variable_names_in_variablestf\/|Sorting of variable names in variables.tf>\nI am wondering if there is a terraform utility\/command to sort the variable names inside the <http:\/\/variables.tf|variables.tf>. For example, let say I have this in the <http:\/\/variables.tf|variables.tf>, variable \"test\" { description = \"test\" type = string } variable \"dogs\" { default = 3 } variable \"cat\" { description = \"name cat\" }  The output will be sorted based on the variable names like this: variable \"cat\" { description = \"name cat\" } variable \"dogs\" { default = 3 } variable \"test\" { description = \"test\" type = string }  If...",
        "ts": "1624314397.065500",
        "username": "Terraform",
        "icons": {
            "image_48": "https:\/\/s3-us-west-2.amazonaws.com\/slack-files2\/bot_icons\/2019-02-12\/548785199618_48.png"
        },
        "bot_id": "BG3N7LG73",
        "attachments": [
            {
                "service_name": "reddit",
                "title": "Sorting of variable names in variables.tf",
                "title_link": "https:\/\/www.reddit.com\/r\/Terraform\/comments\/o570le\/sorting_of_variable_names_in_variablestf\/",
                "text": "I am wondering if there is a terraform utility\/command to sort the variable names inside the <http:\/\/variables.tf|variables.tf>. For example, let say I have this in the...",
                "fallback": "reddit: Sorting of variable names in variables.tf",
                "thumb_url": "https:\/\/www.redditstatic.com\/new-icon.png",
                "from_url": "https:\/\/www.reddit.com\/r\/Terraform\/comments\/o570le\/sorting_of_variable_names_in_variablestf\/",
                "thumb_width": 256,
                "thumb_height": 256,
                "service_icon": "http:\/\/www.redditstatic.com\/desktop2x\/img\/favicon\/apple-icon-57x57.png",
                "id": 1,
                "original_url": "https:\/\/www.reddit.com\/r\/Terraform\/comments\/o570le\/sorting_of_variable_names_in_variablestf\/"
            }
        ],
        "edited": {
            "user": "BG3N7LG73",
            "ts": "1624314397.000000"
        }
    },
    {
        "type": "message",
        "subtype": "bot_message",
        "text": "<https:\/\/www.reddit.com\/r\/Terraform\/comments\/o5f3qc\/amazon_cdk\/|Amazon CDK>\nI know that this is a terraform sub but has someone looked at AWS CDK objectively and perhaps play a bit with it and gotten a good grasp about it? Assuming that you are only interested in AWS of course. I would like to gather formed (and if possible) impartial opinions.    submitted by   <https:\/\/www.reddit.com\/user\/cattrends| \/u\/cattrends > \n<https:\/\/www.reddit.com\/r\/Terraform\/comments\/o5f3qc\/amazon_cdk\/|[link]>   &lt;a...",
        "ts": "1624338999.065700",
        "username": "Terraform",
        "icons": {
            "image_48": "https:\/\/s3-us-west-2.amazonaws.com\/slack-files2\/bot_icons\/2019-02-12\/548785199618_48.png"
        },
        "bot_id": "BG3N7LG73",
        "attachments": [
            {
                "service_name": "reddit",
                "title": "Amazon CDK",
                "title_link": "https:\/\/www.reddit.com\/r\/Terraform\/comments\/o5f3qc\/amazon_cdk\/",
                "text": "I know that this is a terraform sub but has someone looked at AWS CDK objectively and perhaps play a bit with it and gotten a good grasp about it?...",
                "fallback": "reddit: Amazon CDK",
                "thumb_url": "https:\/\/www.redditstatic.com\/new-icon.png",
                "from_url": "https:\/\/www.reddit.com\/r\/Terraform\/comments\/o5f3qc\/amazon_cdk\/",
                "thumb_width": 256,
                "thumb_height": 256,
                "service_icon": "http:\/\/www.redditstatic.com\/desktop2x\/img\/favicon\/apple-icon-57x57.png",
                "id": 1,
                "original_url": "https:\/\/www.reddit.com\/r\/Terraform\/comments\/o5f3qc\/amazon_cdk\/"
            },
            {
                "title": "overview for cattrends",
                "title_link": "https:\/\/www.reddit.com\/user\/cattrends",
                "text": "The u\/cattrends community on Reddit. Reddit gives you the best of the internet in one place.",
                "fallback": "overview for cattrends",
                "from_url": "https:\/\/www.reddit.com\/user\/cattrends",
                "service_icon": "http:\/\/www.redditstatic.com\/desktop2x\/img\/favicon\/apple-icon-57x57.png",
                "service_name": "reddit.com",
                "id": 2,
                "original_url": "https:\/\/www.reddit.com\/user\/cattrends"
            }
        ],
        "edited": {
            "user": "BG3N7LG73",
            "ts": "1624338999.000000"
        }
    },
    {
        "type": "message",
        "subtype": "bot_message",
        "text": "<https:\/\/www.reddit.com\/r\/Terraform\/comments\/o5g6mb\/creating_a_simple_terraform_provider\/|Creating a simple Terraform provider>\nHi all, as the title says but with bit of background. I have started learning Go &amp; I am getting comfortable with it. I would like to learn how to write Terraform provider from scratch, I am not hoping for an out of the box, production ready provider. Just a simple provider that I can help me in understanding the whole Terraform provider paradigm.  I watched couple of talks on YT &amp; read few articles. They are good but not making a lot of sense to me or I am not understanding them right (more...",
        "ts": "1624343194.065900",
        "username": "Terraform",
        "icons": {
            "image_48": "https:\/\/s3-us-west-2.amazonaws.com\/slack-files2\/bot_icons\/2019-02-12\/548785199618_48.png"
        },
        "bot_id": "BG3N7LG73",
        "attachments": [
            {
                "service_name": "reddit",
                "title": "Creating a simple Terraform provider",
                "title_link": "https:\/\/www.reddit.com\/r\/Terraform\/comments\/o5g6mb\/creating_a_simple_terraform_provider\/",
                "text": "Hi all, as the title says but with bit of background. I have started learning Go &amp; I am getting comfortable with it. I would like to learn how to...",
                "fallback": "reddit: Creating a simple Terraform provider",
                "thumb_url": "https:\/\/www.redditstatic.com\/new-icon.png",
                "from_url": "https:\/\/www.reddit.com\/r\/Terraform\/comments\/o5g6mb\/creating_a_simple_terraform_provider\/",
                "thumb_width": 256,
                "thumb_height": 256,
                "service_icon": "http:\/\/www.redditstatic.com\/desktop2x\/img\/favicon\/apple-icon-57x57.png",
                "id": 1,
                "original_url": "https:\/\/www.reddit.com\/r\/Terraform\/comments\/o5g6mb\/creating_a_simple_terraform_provider\/"
            }
        ],
        "edited": {
            "user": "BG3N7LG73",
            "ts": "1624343195.000000"
        }
    }
]