[
    {
        "type": "message",
        "subtype": "bot_message",
        "text": "<https:\/\/www.reddit.com\/r\/Terraform\/comments\/o8u7g7\/looping_over_map_inside_a_single_resource_not\/|Looping over map inside a single resource - not sure if this is even possible?>\nBackground: I'm trying to create a module which is generic and flexible to fit different use-cases. It is used to create an instance, and the instance can have n network interfaces. I'd like the module to be able to support an arbitrary number of interfaces for an instance. A network interface definition inside the instance resource is a map like this:   network { id = 0 tag = 1000 mac = 00:00.. }  If you want to attach two interfaces, you just provide another network block. I haven't really...",
        "ts": "1624788399.073200",
        "username": "Terraform",
        "icons": {
            "image_48": "https:\/\/s3-us-west-2.amazonaws.com\/slack-files2\/bot_icons\/2019-02-12\/548785199618_48.png"
        },
        "bot_id": "BG3N7LG73",
        "attachments": [
            {
                "service_name": "reddit",
                "title": "Looping over map inside a single resource - not sure if this is even possible?",
                "title_link": "https:\/\/www.reddit.com\/r\/Terraform\/comments\/o8u7g7\/looping_over_map_inside_a_single_resource_not\/",
                "text": "Background: I'm trying to create a module which is generic and flexible to fit different use-cases. It is used to create an instance, and the...",
                "fallback": "reddit: Looping over map inside a single resource - not sure if this is even possible?",
                "thumb_url": "https:\/\/www.redditstatic.com\/new-icon.png",
                "from_url": "https:\/\/www.reddit.com\/r\/Terraform\/comments\/o8u7g7\/looping_over_map_inside_a_single_resource_not\/",
                "thumb_width": 256,
                "thumb_height": 256,
                "service_icon": "http:\/\/www.redditstatic.com\/desktop2x\/img\/favicon\/apple-icon-57x57.png",
                "id": 1,
                "original_url": "https:\/\/www.reddit.com\/r\/Terraform\/comments\/o8u7g7\/looping_over_map_inside_a_single_resource_not\/"
            }
        ],
        "edited": {
            "user": "BG3N7LG73",
            "ts": "1624788399.000000"
        }
    },
    {
        "type": "message",
        "subtype": "bot_message",
        "text": "<https:\/\/www.reddit.com\/r\/Terraform\/comments\/o8z8an\/i_made_a_cli_tool_in_go_to_easily_delete_300_aws\/|I made a CLI tool in Go to easily delete ~300 AWS resources by their Terraform names and IDs (even across multiple accounts+regions)>\nsubmitted by   <https:\/\/www.reddit.com\/user\/jckuester| \/u\/jckuester > \n<https:\/\/github.com\/jckuester\/awsrm|[link]>   <https:\/\/www.reddit.com\/r\/Terraform\/comments\/o8z8an\/i_made_a_cli_tool_in_go_to_easily_delete_300_aws\/|[comments]>",
        "ts": "1624808795.073400",
        "username": "Terraform",
        "icons": {
            "image_48": "https:\/\/s3-us-west-2.amazonaws.com\/slack-files2\/bot_icons\/2019-02-12\/548785199618_48.png"
        },
        "bot_id": "BG3N7LG73",
        "attachments": [
            {
                "service_name": "reddit",
                "title": "I made a CLI tool in Go to easily delete ~300 AWS resources by their Terraform names and IDs (even across multiple accounts+regions)",
                "title_link": "https:\/\/www.reddit.com\/r\/Terraform\/comments\/o8z8an\/i_made_a_cli_tool_in_go_to_easily_delete_300_aws\/",
                "text": "Posted in r\/Terraform by u\/jckuester • 1 point and 1 comment",
                "fallback": "reddit: I made a CLI tool in Go to easily delete ~300 AWS resources by their Terraform names and IDs (even across multiple accounts+regions)",
                "thumb_url": "https:\/\/b.thumbs.redditmedia.com\/SyNHFjTjInqEisV2764TKw43p0LGa-Vq-4FnToGphGw.jpg",
                "from_url": "https:\/\/www.reddit.com\/r\/Terraform\/comments\/o8z8an\/i_made_a_cli_tool_in_go_to_easily_delete_300_aws\/",
                "thumb_width": 140,
                "thumb_height": 70,
                "service_icon": "http:\/\/www.redditstatic.com\/desktop2x\/img\/favicon\/apple-icon-57x57.png",
                "id": 1,
                "original_url": "https:\/\/www.reddit.com\/r\/Terraform\/comments\/o8z8an\/i_made_a_cli_tool_in_go_to_easily_delete_300_aws\/"
            },
            {
                "title": "overview for jckuester",
                "title_link": "https:\/\/www.reddit.com\/user\/jckuester",
                "text": "The u\/jckuester community on Reddit. Reddit gives you the best of the internet in one place.",
                "fallback": "overview for jckuester",
                "from_url": "https:\/\/www.reddit.com\/user\/jckuester",
                "service_icon": "http:\/\/www.redditstatic.com\/desktop2x\/img\/favicon\/apple-icon-57x57.png",
                "service_name": "reddit.com",
                "id": 2,
                "original_url": "https:\/\/www.reddit.com\/user\/jckuester"
            },
            {
                "service_name": "GitHub",
                "title": "jckuester\/awsrm",
                "title_link": "https:\/\/github.com\/jckuester\/awsrm",
                "text": "A remove command for AWS resources. Contribute to jckuester\/awsrm development by creating an account on GitHub.",
                "fallback": "GitHub: jckuester\/awsrm",
                "image_url": "https:\/\/opengraph.githubassets.com\/c5b49d0147586c874496650828bf1eeec80ebde80d7d32fba82efaaa50b8237c\/jckuester\/awsrm",
                "image_width": 500,
                "image_height": 250,
                "from_url": "https:\/\/github.com\/jckuester\/awsrm",
                "image_bytes": 105850,
                "service_icon": "https:\/\/a.slack-edge.com\/80588\/img\/unfurl_icons\/github.png",
                "id": 3,
                "original_url": "https:\/\/github.com\/jckuester\/awsrm"
            }
        ],
        "edited": {
            "user": "BG3N7LG73",
            "ts": "1624808796.000000"
        }
    },
    {
        "type": "message",
        "subtype": "bot_message",
        "text": "<https:\/\/www.reddit.com\/r\/Terraform\/comments\/o92xmf\/whats_the_pass_mark_or_percentage_for_terraform\/|What’s the pass mark or Percentage for Terraform Associate ?>\nsubmitted by   <https:\/\/www.reddit.com\/user\/Botzeee| \/u\/Botzeee > \n<https:\/\/www.reddit.com\/r\/Terraform\/comments\/o92xmf\/whats_the_pass_mark_or_percentage_for_terraform\/|[link]>   <https:\/\/www.reddit.com\/r\/Terraform\/comments\/o92xmf\/whats_the_pass_mark_or_percentage_for_terraform\/|[comments]>",
        "ts": "1624819597.073600",
        "username": "Terraform",
        "icons": {
            "image_48": "https:\/\/s3-us-west-2.amazonaws.com\/slack-files2\/bot_icons\/2019-02-12\/548785199618_48.png"
        },
        "bot_id": "BG3N7LG73",
        "attachments": [
            {
                "service_name": "reddit",
                "title": "What’s the pass mark or Percentage for Terraform Associate ?",
                "title_link": "https:\/\/www.reddit.com\/r\/Terraform\/comments\/o92xmf\/whats_the_pass_mark_or_percentage_for_terraform\/",
                "text": "Posted in r\/Terraform by u\/Botzeee • 1 point and 0 comments",
                "fallback": "reddit: What’s the pass mark or Percentage for Terraform Associate ?",
                "thumb_url": "https:\/\/www.redditstatic.com\/new-icon.png",
                "from_url": "https:\/\/www.reddit.com\/r\/Terraform\/comments\/o92xmf\/whats_the_pass_mark_or_percentage_for_terraform\/",
                "thumb_width": 256,
                "thumb_height": 256,
                "service_icon": "http:\/\/www.redditstatic.com\/desktop2x\/img\/favicon\/apple-icon-57x57.png",
                "id": 1,
                "original_url": "https:\/\/www.reddit.com\/r\/Terraform\/comments\/o92xmf\/whats_the_pass_mark_or_percentage_for_terraform\/"
            },
            {
                "title": "reddit.com: over 18?",
                "title_link": "https:\/\/www.reddit.com\/user\/Botzeee",
                "text": "Reddit gives you the best of the internet in one place. Get a constantly updating feed of breaking news, fun stories, pics, memes, and videos just for you. Passionate about something niche? Reddit has thousands of vibrant communities with people that share your interests. Alternatively, find out what’s trending across all of Reddit on r\/popular. Reddit is also anonymous so you can be yourself, with your Reddit profile and persona disconnected from your real-world identity.",
                "fallback": "reddit.com: over 18?",
                "from_url": "https:\/\/www.reddit.com\/user\/Botzeee",
                "service_icon": "http:\/\/www.redditstatic.com\/desktop2x\/img\/favicon\/apple-icon-57x57.png",
                "service_name": "reddit.com",
                "id": 2,
                "original_url": "https:\/\/www.reddit.com\/user\/Botzeee"
            }
        ],
        "edited": {
            "user": "BG3N7LG73",
            "ts": "1624819597.000000"
        }
    },
    {
        "type": "message",
        "subtype": "bot_message",
        "text": "<https:\/\/www.reddit.com\/r\/Terraform\/comments\/o93q9g\/terraform_variable_to_bash_script\/|Terraform variable to bash script.>\nAfter creating an aws instance, I run a bash script with the terraform's module provisioner. This script is suppose to create an user and add it to the sudoers file. ​ #!\/bin\/bash username=\"test_user1\" sudo useradd -m $username &amp;&amp; echo \"User: $username created\"; echo \"$username ALL=(ALL) NOPASSWD: ALL\" | sudo tee \/etc\/sudoers.d\/$username &gt; \/dev\/null;  I would like to create a variable in a <http:\/\/vars.tf|vars.tf> file that I can call in this bash script. I've read this post &lt;a...",
        "ts": "1624822595.073800",
        "username": "Terraform",
        "icons": {
            "image_48": "https:\/\/s3-us-west-2.amazonaws.com\/slack-files2\/bot_icons\/2019-02-12\/548785199618_48.png"
        },
        "bot_id": "BG3N7LG73",
        "attachments": [
            {
                "service_name": "reddit",
                "title": "Terraform variable to bash script.",
                "title_link": "https:\/\/www.reddit.com\/r\/Terraform\/comments\/o93q9g\/terraform_variable_to_bash_script\/",
                "text": "After creating an aws instance, I run a bash script with the terraform's module provisioner. This script is suppose to create an user and add it...",
                "fallback": "reddit: Terraform variable to bash script.",
                "thumb_url": "https:\/\/www.redditstatic.com\/new-icon.png",
                "from_url": "https:\/\/www.reddit.com\/r\/Terraform\/comments\/o93q9g\/terraform_variable_to_bash_script\/",
                "thumb_width": 256,
                "thumb_height": 256,
                "service_icon": "http:\/\/www.redditstatic.com\/desktop2x\/img\/favicon\/apple-icon-57x57.png",
                "id": 1,
                "original_url": "https:\/\/www.reddit.com\/r\/Terraform\/comments\/o93q9g\/terraform_variable_to_bash_script\/"
            }
        ],
        "edited": {
            "user": "BG3N7LG73",
            "ts": "1624822595.000000"
        }
    },
    {
        "type": "message",
        "subtype": "bot_message",
        "text": "<https:\/\/www.reddit.com\/r\/Terraform\/comments\/o955tj\/provisioning_wintel_servers_in_existing_vpc_on_gcp\/|Provisioning wintel server(s) in existing vpc on GCP.>\nI’m new to provisioning on gcp using terraform I’m trying to provision a wintel server(s) into a current vpc in gcp Trying to find how I can go about that.\n Can someone point me to documentation?  Thanks.  AM    submitted by   <https:\/\/www.reddit.com\/user\/jidohansha| \/u\/jidohansha > \n<https:\/\/www.reddit.com\/r\/Terraform\/comments\/o955tj\/provisioning_wintel_servers_in_existing_vpc_on_gcp\/|[link]>   &lt;a...",
        "ts": "1624827400.074000",
        "username": "Terraform",
        "icons": {
            "image_48": "https:\/\/s3-us-west-2.amazonaws.com\/slack-files2\/bot_icons\/2019-02-12\/548785199618_48.png"
        },
        "bot_id": "BG3N7LG73",
        "attachments": [
            {
                "service_name": "reddit",
                "title": "Provisioning wintel server(s) in existing vpc on GCP.",
                "title_link": "https:\/\/www.reddit.com\/r\/Terraform\/comments\/o955tj\/provisioning_wintel_servers_in_existing_vpc_on_gcp\/",
                "text": "I’m new to provisioning on gcp using terraform I’m trying to provision a wintel server(s) into a current vpc in gcp Trying to find how I can go...",
                "fallback": "reddit: Provisioning wintel server(s) in existing vpc on GCP.",
                "thumb_url": "https:\/\/www.redditstatic.com\/new-icon.png",
                "from_url": "https:\/\/www.reddit.com\/r\/Terraform\/comments\/o955tj\/provisioning_wintel_servers_in_existing_vpc_on_gcp\/",
                "thumb_width": 256,
                "thumb_height": 256,
                "service_icon": "http:\/\/www.redditstatic.com\/desktop2x\/img\/favicon\/apple-icon-57x57.png",
                "id": 1,
                "original_url": "https:\/\/www.reddit.com\/r\/Terraform\/comments\/o955tj\/provisioning_wintel_servers_in_existing_vpc_on_gcp\/"
            },
            {
                "title": "overview for jidohansha",
                "title_link": "https:\/\/www.reddit.com\/user\/jidohansha",
                "text": "The u\/jidohansha community on Reddit. Reddit gives you the best of the internet in one place.",
                "fallback": "overview for jidohansha",
                "from_url": "https:\/\/www.reddit.com\/user\/jidohansha",
                "service_icon": "http:\/\/www.redditstatic.com\/desktop2x\/img\/favicon\/apple-icon-57x57.png",
                "service_name": "reddit.com",
                "id": 2,
                "original_url": "https:\/\/www.reddit.com\/user\/jidohansha"
            }
        ],
        "edited": {
            "user": "BG3N7LG73",
            "ts": "1624827400.000000"
        }
    }
]