[
    {
        "type": "message",
        "subtype": "bot_message",
        "text": "<https:\/\/qiita.com\/m-oka-system\/items\/8280f748f88ac2e28ad7|作りながら覚えるTerraform入門(4) - EC2編>\n作りながら覚えるTerraform入門シリーズの第4回です。\n今回はEC2関連のリソースを作成してみましょう。EC2にはnginxをインストールして、ブラウザでHTTP接続できるところまでを確認します。\n\n\n作りながら覚えるTerraform入門シリーズ\n\n\nインストールと初期設定\n基本編\nVPC編\n\nEC2編 =&gt; 今回はコチラ\nRoute53 + ACM編（準備中）\nELB編（準備中）\nRDS編（準備中）\n\n\n今回の学習ポイントは以下です。\n\n\nデータソースの使い方\nhttpプロバイダーの使い方\nローカル変数の使い方\noutputの使い方\n\n\n\nキーペアの作成\n\nTerraformには現時点ではキーペアを新規作成する方法はないようです。\naws_key_pairというResourceは存在しますが、既存のキー(公開鍵)をインポートするためのものなので、\n\n\nssh-keygenでキーペアを作成\n\naws_key_pairで公開鍵をインポート\n\n\nという流れになるようです。\n今回はコンソール画面から作成します。\n\n\n\n\nIAMロールの作成...",
        "ts": "1623137197.038300",
        "username": "Terraformタグが付けられた新着記事 - Qiita",
        "icons": {
            "image_36": "https:\/\/a.slack-edge.com\/80588\/img\/services\/rss_36.png",
            "image_48": "https:\/\/a.slack-edge.com\/80588\/img\/services\/rss_48.png",
            "image_72": "https:\/\/a.slack-edge.com\/80588\/img\/services\/rss_72.png"
        },
        "bot_id": "BG3N7LG73",
        "attachments": [
            {
                "service_name": "Qiita",
                "title": "作りながら覚えるTerraform入門(4) - EC2編 - Qiita",
                "title_link": "https:\/\/qiita.com\/m-oka-system\/items\/8280f748f88ac2e28ad7",
                "text": "作りながら覚えるTerraform入門シリーズの第4回です。 今回はEC2関連のリソースを作成してみましょう。 作りながら覚えるTerraform入門シリーズ インストールと初期設定 基本編 VPC編 EC2編 =&gt; ...",
                "fallback": "Qiita: 作りながら覚えるTerraform入門(4) - EC2編 - Qiita",
                "image_url": "https:\/\/qiita-user-contents.imgix.net\/https%3A%2F%2Fcdn.qiita.com%2Fassets%2Fpublic%2Farticle-ogp-background-1150d8b18a7c15795b701a55ae908f94.png?ixlib=rb-4.0.0&w=1200&mark=https%3A%2F%2Fqiita-user-contents.imgix.net%2F~text%3Fixlib%3Drb-4.0.0%26w%3D840%26h%3D380%26txt%3D%25E4%25BD%259C%25E3%2582%258A%25E3%2581%25AA%25E3%2581%258C%25E3%2582%2589%25E8%25A6%259A%25E3%2581%2588%25E3%2582%258BTerraform%25E5%2585%25A5%25E9%2596%2580%25284%2529%2520-%2520EC2%25E7%25B7%25A8%26txt-color%3D%2523333%26txt-font%3DHiragino%2520Sans%2520W6%26txt-size%3D54%26txt-clip%3Dellipsis%26txt-align%3Dcenter%252Cmiddle%26s%3Db65594bab8a91d5907d072db3d62d0a8&mark-align=center%2Cmiddle&blend=https%3A%2F%2Fqiita-user-contents.imgix.net%2F~text%3Fixlib%3Drb-4.0.0%26w%3D840%26h%3D500%26txt%3D%2540m-oka-system%26txt-color%3D%2523333%26txt-font%3DHiragino%2520Sans%2520W6%26txt-size%3D45%26txt-align%3Dright%252Cbottom%26s%3D8b002e370d0cdcd733306fa4fb2c2a39&blend-align=center%2Cmiddle&blend-mode=normal&s=7b598e8a613b013f3598f846c8bfee4d",
                "from_url": "https:\/\/qiita.com\/m-oka-system\/items\/8280f748f88ac2e28ad7",
                "image_width": 476,
                "image_height": 250,
                "image_bytes": 47489,
                "service_icon": "https:\/\/cdn.qiita.com\/assets\/favicons\/public\/apple-touch-icon-ec5ba42a24ae923f16825592efdc356f.png",
                "id": 1,
                "original_url": "https:\/\/qiita.com\/m-oka-system\/items\/8280f748f88ac2e28ad7"
            }
        ],
        "edited": {
            "user": "BG3N7LG73",
            "ts": "1623137197.000000"
        }
    },
    {
        "type": "message",
        "subtype": "bot_message",
        "text": "<https:\/\/www.reddit.com\/r\/Terraform\/comments\/nv0kov\/is_it_possible_to_use_terratest_with_terraformcdk\/|Is it possible to use terratest with terraform-cdk?>\nIf not, what's the current recommendation for writing tests for terraform-cdk projects? Any example?    submitted by   <https:\/\/www.reddit.com\/user\/MehdiHK| \/u\/MehdiHK > \n<https:\/\/www.reddit.com\/r\/Terraform\/comments\/nv0kov\/is_it_possible_to_use_terratest_with_terraformcdk\/|[link]>   <https:\/\/www.reddit.com\/r\/Terraform\/comments\/nv0kov\/is_it_possible_to_use_terratest_with_terraformcdk\/|[comments]>",
        "ts": "1623144397.038500",
        "username": "Terraform",
        "icons": {
            "image_48": "https:\/\/s3-us-west-2.amazonaws.com\/slack-files2\/bot_icons\/2019-02-12\/548785199618_48.png"
        },
        "bot_id": "BG3N7LG73",
        "attachments": [
            {
                "service_name": "reddit",
                "title": "Is it possible to use terratest with terraform-cdk?",
                "title_link": "https:\/\/www.reddit.com\/r\/Terraform\/comments\/nv0kov\/is_it_possible_to_use_terratest_with_terraformcdk\/",
                "text": "If not, what's the current recommendation for writing tests for terraform-cdk projects? Any example?",
                "fallback": "reddit: Is it possible to use terratest with terraform-cdk?",
                "thumb_url": "https:\/\/www.redditstatic.com\/new-icon.png",
                "from_url": "https:\/\/www.reddit.com\/r\/Terraform\/comments\/nv0kov\/is_it_possible_to_use_terratest_with_terraformcdk\/",
                "thumb_width": 256,
                "thumb_height": 256,
                "service_icon": "http:\/\/www.redditstatic.com\/desktop2x\/img\/favicon\/apple-icon-57x57.png",
                "id": 1,
                "original_url": "https:\/\/www.reddit.com\/r\/Terraform\/comments\/nv0kov\/is_it_possible_to_use_terratest_with_terraformcdk\/"
            },
            {
                "title": "overview for MehdiHK",
                "title_link": "https:\/\/www.reddit.com\/user\/MehdiHK",
                "text": "The u\/MehdiHK community on Reddit. Reddit gives you the best of the internet in one place.",
                "fallback": "overview for MehdiHK",
                "from_url": "https:\/\/www.reddit.com\/user\/MehdiHK",
                "service_icon": "http:\/\/www.redditstatic.com\/desktop2x\/img\/favicon\/apple-icon-57x57.png",
                "service_name": "reddit.com",
                "id": 2,
                "original_url": "https:\/\/www.reddit.com\/user\/MehdiHK"
            }
        ],
        "edited": {
            "user": "BG3N7LG73",
            "ts": "1623144397.000000"
        }
    },
    {
        "type": "message",
        "subtype": "bot_message",
        "text": "<https:\/\/www.reddit.com\/r\/Terraform\/comments\/nv1h8u\/announcing_hashicorp_terraform_10_general\/|Announcing HashiCorp Terraform 1.0 General Availability>\nsubmitted by   <https:\/\/www.reddit.com\/user\/Onlydole| \/u\/Onlydole > \n<https:\/\/www.hashicorp.com\/blog\/announcing-hashicorp-terraform-1-0-general-availability|[link]>   <https:\/\/www.reddit.com\/r\/Terraform\/comments\/nv1h8u\/announcing_hashicorp_terraform_10_general\/|[comments]>",
        "ts": "1623151000.038700",
        "username": "Terraform",
        "icons": {
            "image_48": "https:\/\/s3-us-west-2.amazonaws.com\/slack-files2\/bot_icons\/2019-02-12\/548785199618_48.png"
        },
        "bot_id": "BG3N7LG73",
        "attachments": [
            {
                "service_name": "reddit",
                "title": "Announcing HashiCorp Terraform 1.0 General Availability",
                "title_link": "https:\/\/www.reddit.com\/r\/Terraform\/comments\/nv1h8u\/announcing_hashicorp_terraform_10_general\/",
                "text": "Posted in r\/Terraform by u\/Onlydole • 1 point and 0 comments",
                "fallback": "reddit: Announcing HashiCorp Terraform 1.0 General Availability",
                "from_url": "https:\/\/www.reddit.com\/r\/Terraform\/comments\/nv1h8u\/announcing_hashicorp_terraform_10_general\/",
                "service_icon": "http:\/\/www.redditstatic.com\/desktop2x\/img\/favicon\/apple-icon-57x57.png",
                "id": 1,
                "original_url": "https:\/\/www.reddit.com\/r\/Terraform\/comments\/nv1h8u\/announcing_hashicorp_terraform_10_general\/"
            },
            {
                "title": "overview for Onlydole",
                "title_link": "https:\/\/www.reddit.com\/user\/Onlydole",
                "text": "The u\/Onlydole community on Reddit. Reddit gives you the best of the internet in one place.",
                "fallback": "overview for Onlydole",
                "from_url": "https:\/\/www.reddit.com\/user\/Onlydole",
                "service_icon": "http:\/\/www.redditstatic.com\/desktop2x\/img\/favicon\/apple-icon-57x57.png",
                "service_name": "reddit.com",
                "id": 2,
                "original_url": "https:\/\/www.reddit.com\/user\/Onlydole"
            },
            {
                "service_name": "HashiCorp",
                "title": "Announcing HashiCorp Terraform 1.0 General Availability",
                "title_link": "https:\/\/www.hashicorp.com\/blog\/announcing-hashicorp-terraform-1-0-general-availability",
                "text": "Terraform 1.0 — now generally available — marks a major milestone for interoperability, ease of upgrades, and maintenance for your automation workflows.",
                "fallback": "HashiCorp: Announcing HashiCorp Terraform 1.0 General Availability",
                "image_url": "https:\/\/www.datocms-assets.com\/2885\/1620083055-blog-library-product-terraform-dark-graphics.jpg",
                "from_url": "https:\/\/www.hashicorp.com\/blog\/announcing-hashicorp-terraform-1-0-general-availability",
                "image_width": 444,
                "image_height": 250,
                "image_bytes": 104790,
                "id": 3,
                "original_url": "https:\/\/www.hashicorp.com\/blog\/announcing-hashicorp-terraform-1-0-general-availability"
            }
        ],
        "edited": {
            "user": "BG3N7LG73",
            "ts": "1623151000.000000"
        },
        "reactions": [
            {
                "name": "tada",
                "users": [
                    "UGXFY0V88"
                ],
                "count": 1
            }
        ]
    },
    {
        "type": "message",
        "subtype": "bot_message",
        "text": "<https:\/\/www.reddit.com\/r\/Terraform\/comments\/nv4q5f\/terraform_is_it_possible\/|Terraform : is it possible ??>\nHi everyone  I m fairly new to terraform and have a couple of questions and would really appreciate some insights. is it possible to deploy an application on multiple clouds using a single terraform configuration ?? is it possible to deploy one microservice on one cloud and another microservice on another cloud using terraform ?? so basically I want to split my infrastructure on multiple clouds.  also hoping that all this can be done using terraform community version. if you have some useful...",
        "ts": "1623161794.039000",
        "username": "Terraform",
        "icons": {
            "image_48": "https:\/\/s3-us-west-2.amazonaws.com\/slack-files2\/bot_icons\/2019-02-12\/548785199618_48.png"
        },
        "bot_id": "BG3N7LG73",
        "attachments": [
            {
                "service_name": "reddit",
                "title": "Terraform : is it possible ??",
                "title_link": "https:\/\/www.reddit.com\/r\/Terraform\/comments\/nv4q5f\/terraform_is_it_possible\/",
                "text": "Hi everyone I m fairly new to terraform and have a couple of questions and would really appreciate some insights. 1. **is it possible** to...",
                "fallback": "reddit: Terraform : is it possible ??",
                "thumb_url": "https:\/\/www.redditstatic.com\/new-icon.png",
                "from_url": "https:\/\/www.reddit.com\/r\/Terraform\/comments\/nv4q5f\/terraform_is_it_possible\/",
                "thumb_width": 256,
                "thumb_height": 256,
                "service_icon": "http:\/\/www.redditstatic.com\/desktop2x\/img\/favicon\/apple-icon-57x57.png",
                "id": 1,
                "original_url": "https:\/\/www.reddit.com\/r\/Terraform\/comments\/nv4q5f\/terraform_is_it_possible\/"
            }
        ],
        "edited": {
            "user": "BG3N7LG73",
            "ts": "1623161795.000000"
        }
    },
    {
        "type": "message",
        "subtype": "bot_message",
        "text": "<https:\/\/qiita.com\/ktroutner\/items\/5c0672eb88b162ab99ef|AWS CloudFrontのアクセスを一律リダイレクトするように設定できるまでの話>\n背景\n\nこの間、運営している２つのメディアサイトを統合させたくて、AWSのCloudFrontで配信している古いサイトから外部のサイトに移行する必要があった。\n\n\n\nold.example.comはCloudFrontを使ってS3に入っているコンテンツを配信しているサイト\n\nnew.example.comはAWS外でホスティングしているサイト\n\n\n古いサイトのページはアクセス数が少ないため、<http:\/\/内容は移行せずold.example.com\/*に来たアクセスを一律new.example.com\/homeにリダイレクトするのが今回の要件。|xn--old-983be3js19wbcr4h6df63a.example.com\/*に来たアクセスを一律new.example.com\/homeにリダイレクトするのが今回の要件。>\n\nなお、AWSのリソースや設定はTerraformで管理している。\n\n\nやったことその① HostNameとReplaceKeyWithでURLを完全に書き換える\n\nまずはリダイレクトの基本設定として、RoutingRulesにRedirectRuleを追加する。...",
        "ts": "1623162995.039200",
        "username": "Terraformタグが付けられた新着記事 - Qiita",
        "icons": {
            "image_36": "https:\/\/a.slack-edge.com\/80588\/img\/services\/rss_36.png",
            "image_48": "https:\/\/a.slack-edge.com\/80588\/img\/services\/rss_48.png",
            "image_72": "https:\/\/a.slack-edge.com\/80588\/img\/services\/rss_72.png"
        },
        "bot_id": "BG3N7LG73",
        "attachments": [
            {
                "service_name": "Qiita",
                "title": "AWS CloudFrontのアクセスを一律リダイレクトするように設定できるまでの話 - Qiita",
                "title_link": "https:\/\/qiita.com\/ktroutner\/items\/5c0672eb88b162ab99ef",
                "text": "背景 この間、運営している２つのメディアサイトを統合させたくて、AWSのCloudFrontで配信している古いサイトから外部のサイトに移行する必要があった。 old.example.comはCloudFrontを使ってS3...",
                "fallback": "Qiita: AWS CloudFrontのアクセスを一律リダイレクトするように設定できるまでの話 - Qiita",
                "image_url": "https:\/\/qiita-user-contents.imgix.net\/https%3A%2F%2Fcdn.qiita.com%2Fassets%2Fpublic%2Farticle-ogp-background-1150d8b18a7c15795b701a55ae908f94.png?ixlib=rb-4.0.0&w=1200&mark=https%3A%2F%2Fqiita-user-contents.imgix.net%2F~text%3Fixlib%3Drb-4.0.0%26w%3D840%26h%3D380%26txt%3DAWS%2520CloudFront%25E3%2581%25AE%25E3%2582%25A2%25E3%2582%25AF%25E3%2582%25BB%25E3%2582%25B9%25E3%2582%2592%25E4%25B8%2580%25E5%25BE%258B%25E3%2583%25AA%25E3%2583%2580%25E3%2582%25A4%25E3%2583%25AC%25E3%2582%25AF%25E3%2583%2588%25E3%2581%2599%25E3%2582%258B%25E3%2582%2588%25E3%2581%2586%25E3%2581%25AB%25E8%25A8%25AD%25E5%25AE%259A%25E3%2581%25A7%25E3%2581%258D%25E3%2582%258B%25E3%2581%25BE%25E3%2581%25A7%25E3%2581%25AE%25E8%25A9%25B1%26txt-color%3D%2523333%26txt-font%3DHiragino%2520Sans%2520W6%26txt-size%3D54%26txt-clip%3Dellipsis%26txt-align%3Dcenter%252Cmiddle%26s%3D92d4cb425e568808fad581bf30f55956&mark-align=center%2Cmiddle&blend=https%3A%2F%2Fqiita-user-contents.imgix.net%2F~text%3Fixlib%3Drb-4.0.0%26w%3D840%26h%3D500%26txt%3D%2540ktroutner%26txt-color%3D%2523333%26txt-font%3DHiragino%2520Sans%2520W6%26txt-size%3D45%26txt-align%3Dright%252Cbottom%26s%3D5fe999eb4e67f8f1a399b4e562a6ae8c&blend-align=center%2Cmiddle&blend-mode=normal&s=59bc6a66b8abfe919276658730bd2598",
                "from_url": "https:\/\/qiita.com\/ktroutner\/items\/5c0672eb88b162ab99ef",
                "image_width": 476,
                "image_height": 250,
                "image_bytes": 62909,
                "service_icon": "https:\/\/cdn.qiita.com\/assets\/favicons\/public\/apple-touch-icon-ec5ba42a24ae923f16825592efdc356f.png",
                "id": 1,
                "original_url": "https:\/\/qiita.com\/ktroutner\/items\/5c0672eb88b162ab99ef"
            }
        ],
        "edited": {
            "user": "BG3N7LG73",
            "ts": "1623162996.000000"
        }
    },
    {
        "type": "message",
        "subtype": "bot_message",
        "text": "<https:\/\/www.reddit.com\/r\/Terraform\/comments\/nv7fn7\/aws_ecr_repository_policy_for_public_ecr\/|aws_ecr_repository_policy for public ecr?>\nHi, I'm trying to deploy the public ecr to pass docker hub pull limits. I've a few private ecr deployed from the tf module with policies to limit the access. I wanted to do the same with public-ecr but every time I'm trying to deploy the policy I got the error. Private ecr are deployed in `eu-west-1`, and the public one is in `us-east-1`. ​ I got an error like this. Of course, in awscli I can see them deployed. ​ Error: error creating ECR Repository Policy: RepositoryNotFoundException: The...",
        "ts": "1623169000.039400",
        "username": "Terraform",
        "icons": {
            "image_48": "https:\/\/s3-us-west-2.amazonaws.com\/slack-files2\/bot_icons\/2019-02-12\/548785199618_48.png"
        },
        "bot_id": "BG3N7LG73",
        "attachments": [
            {
                "service_name": "reddit",
                "title": "aws_ecr_repository_policy for public ecr?",
                "title_link": "https:\/\/www.reddit.com\/r\/Terraform\/comments\/nv7fn7\/aws_ecr_repository_policy_for_public_ecr\/",
                "text": "Hi, I'm trying to deploy the public ecr to pass docker hub pull limits. I've a few private ecr deployed from the tf module with policies to limit...",
                "fallback": "reddit: aws_ecr_repository_policy for public ecr?",
                "thumb_url": "https:\/\/www.redditstatic.com\/new-icon.png",
                "from_url": "https:\/\/www.reddit.com\/r\/Terraform\/comments\/nv7fn7\/aws_ecr_repository_policy_for_public_ecr\/",
                "thumb_width": 256,
                "thumb_height": 256,
                "service_icon": "http:\/\/www.redditstatic.com\/desktop2x\/img\/favicon\/apple-icon-57x57.png",
                "id": 1,
                "original_url": "https:\/\/www.reddit.com\/r\/Terraform\/comments\/nv7fn7\/aws_ecr_repository_policy_for_public_ecr\/"
            }
        ],
        "edited": {
            "user": "BG3N7LG73",
            "ts": "1623169000.000000"
        }
    },
    {
        "type": "message",
        "subtype": "bot_message",
        "text": "<https:\/\/www.reddit.com\/r\/Terraform\/comments\/nv8see\/terraform_upgrade_012_to_013\/|Terraform upgrade 0.12 to 0.13>\nI have a Terraform version 0.12.29 and I want to locally try to run terraform plan on 0.13.4. This is what I did: 1. Edit <http:\/\/main.tf|main.tf> and change the version of terraform to 0.13.4 $ tfswitch (I changed the .tfswitchrc to 0.13.4) $ terraform init -reconfigure --backend-config test.json  In test.json, I have this { \"acl\": \"private\", \"bucket\": \"X\", \"dynamodb_table\": \"X\", \"encrypt\": true, \"external_id\": \"X\", \"region\": \"X\", \"role_arn\": \"XX\" }  We are using s3 as our backend. Also, note that I have not...",
        "ts": "1623171998.039600",
        "username": "Terraform",
        "icons": {
            "image_48": "https:\/\/s3-us-west-2.amazonaws.com\/slack-files2\/bot_icons\/2019-02-12\/548785199618_48.png"
        },
        "bot_id": "BG3N7LG73",
        "attachments": [
            {
                "service_name": "reddit",
                "title": "Terraform upgrade 0.12 to 0.13",
                "title_link": "https:\/\/www.reddit.com\/r\/Terraform\/comments\/nv8see\/terraform_upgrade_012_to_013\/",
                "text": "I have a Terraform version 0.12.29 and I want to locally try to run terraform plan on 0.13.4. This is what I did: 1. Edit <http:\/\/main.tf|main.tf> and change...",
                "fallback": "reddit: Terraform upgrade 0.12 to 0.13",
                "thumb_url": "https:\/\/www.redditstatic.com\/new-icon.png",
                "from_url": "https:\/\/www.reddit.com\/r\/Terraform\/comments\/nv8see\/terraform_upgrade_012_to_013\/",
                "thumb_width": 256,
                "thumb_height": 256,
                "service_icon": "http:\/\/www.redditstatic.com\/desktop2x\/img\/favicon\/apple-icon-57x57.png",
                "id": 1,
                "original_url": "https:\/\/www.reddit.com\/r\/Terraform\/comments\/nv8see\/terraform_upgrade_012_to_013\/"
            }
        ],
        "edited": {
            "user": "BG3N7LG73",
            "ts": "1623171998.000000"
        }
    },
    {
        "type": "message",
        "subtype": "bot_message",
        "text": "<https:\/\/www.reddit.com\/r\/Terraform\/comments\/nv9nui\/how_to_import_azure_resources_efficiently_in\/|How to import azure resources efficiently in terraform?>\nI need to convert all my azure resources as IaC through Terrafrom, so how to use import method efficiently for this task? I've nearly 50 RGs and around 600 resources approx., I am really stuck how to start? It would be great help if anyone help this beginner to grow...    submitted by   <https:\/\/www.reddit.com\/user\/Perumal_Natarajan| \/u\/Perumal_Natarajan > \n<https:\/\/www.reddit.com\/r\/Terraform\/comments\/nv9nui\/how_to_import_azure_resources_efficiently_in\/|[link]>   &lt;a...",
        "ts": "1623174997.039800",
        "username": "Terraform",
        "icons": {
            "image_48": "https:\/\/s3-us-west-2.amazonaws.com\/slack-files2\/bot_icons\/2019-02-12\/548785199618_48.png"
        },
        "bot_id": "BG3N7LG73",
        "attachments": [
            {
                "service_name": "reddit",
                "title": "How to import azure resources efficiently in terraform?",
                "title_link": "https:\/\/www.reddit.com\/r\/Terraform\/comments\/nv9nui\/how_to_import_azure_resources_efficiently_in\/",
                "text": "I need to convert all my azure resources as IaC through Terrafrom, so how to use import method efficiently for this task? I've nearly 50 RGs and...",
                "fallback": "reddit: How to import azure resources efficiently in terraform?",
                "thumb_url": "https:\/\/www.redditstatic.com\/new-icon.png",
                "from_url": "https:\/\/www.reddit.com\/r\/Terraform\/comments\/nv9nui\/how_to_import_azure_resources_efficiently_in\/",
                "thumb_width": 256,
                "thumb_height": 256,
                "service_icon": "http:\/\/www.redditstatic.com\/desktop2x\/img\/favicon\/apple-icon-57x57.png",
                "id": 1,
                "original_url": "https:\/\/www.reddit.com\/r\/Terraform\/comments\/nv9nui\/how_to_import_azure_resources_efficiently_in\/"
            },
            {
                "title": "overview for Perumal_Natarajan",
                "title_link": "https:\/\/www.reddit.com\/user\/Perumal_Natarajan",
                "text": "The u\/Perumal_Natarajan community on Reddit. Reddit gives you the best of the internet in one place.",
                "fallback": "overview for Perumal_Natarajan",
                "from_url": "https:\/\/www.reddit.com\/user\/Perumal_Natarajan",
                "service_icon": "http:\/\/www.redditstatic.com\/desktop2x\/img\/favicon\/apple-icon-57x57.png",
                "service_name": "reddit.com",
                "id": 2,
                "original_url": "https:\/\/www.reddit.com\/user\/Perumal_Natarajan"
            }
        ],
        "edited": {
            "user": "BG3N7LG73",
            "ts": "1623174997.000000"
        }
    },
    {
        "type": "message",
        "subtype": "bot_message",
        "text": "<https:\/\/www.reddit.com\/r\/Terraform\/comments\/nvdidj\/possible_to_use_terraform_with_visual_studio\/|Possible to use Terraform with Visual Studio Community?>\nBasically title-. I havent been able to find any packages for it yet, Anyone have advice?    submitted by   <https:\/\/www.reddit.com\/user\/BlueEyedGirl25| \/u\/BlueEyedGirl25 > \n<https:\/\/www.reddit.com\/r\/Terraform\/comments\/nvdidj\/possible_to_use_terraform_with_visual_studio\/|[link]>   <https:\/\/www.reddit.com\/r\/Terraform\/comments\/nvdidj\/possible_to_use_terraform_with_visual_studio\/|[comments]>",
        "ts": "1623184599.040000",
        "username": "Terraform",
        "icons": {
            "image_48": "https:\/\/s3-us-west-2.amazonaws.com\/slack-files2\/bot_icons\/2019-02-12\/548785199618_48.png"
        },
        "bot_id": "BG3N7LG73",
        "attachments": [
            {
                "service_name": "reddit",
                "title": "Possible to use Terraform with Visual Studio Community?",
                "title_link": "https:\/\/www.reddit.com\/r\/Terraform\/comments\/nvdidj\/possible_to_use_terraform_with_visual_studio\/",
                "text": "Basically title-. I havent been able to find any packages for it yet, Anyone have advice?",
                "fallback": "reddit: Possible to use Terraform with Visual Studio Community?",
                "thumb_url": "https:\/\/www.redditstatic.com\/new-icon.png",
                "from_url": "https:\/\/www.reddit.com\/r\/Terraform\/comments\/nvdidj\/possible_to_use_terraform_with_visual_studio\/",
                "thumb_width": 256,
                "thumb_height": 256,
                "service_icon": "http:\/\/www.redditstatic.com\/desktop2x\/img\/favicon\/apple-icon-57x57.png",
                "id": 1,
                "original_url": "https:\/\/www.reddit.com\/r\/Terraform\/comments\/nvdidj\/possible_to_use_terraform_with_visual_studio\/"
            },
            {
                "title": "reddit.com: over 18?",
                "title_link": "https:\/\/www.reddit.com\/user\/BlueEyedGirl25",
                "text": "Reddit gives you the best of the internet in one place. Get a constantly updating feed of breaking news, fun stories, pics, memes, and videos just for you. Passionate about something niche? Reddit has thousands of vibrant communities with people that share your interests. Alternatively, find out what’s trending across all of Reddit on r\/popular. Reddit is also anonymous so you can be yourself, with your Reddit profile and persona disconnected from your real-world identity.",
                "fallback": "reddit.com: over 18?",
                "from_url": "https:\/\/www.reddit.com\/user\/BlueEyedGirl25",
                "service_icon": "http:\/\/www.redditstatic.com\/desktop2x\/img\/favicon\/apple-icon-57x57.png",
                "service_name": "reddit.com",
                "id": 2,
                "original_url": "https:\/\/www.reddit.com\/user\/BlueEyedGirl25"
            }
        ],
        "edited": {
            "user": "BG3N7LG73",
            "ts": "1623184599.000000"
        }
    },
    {
        "type": "message",
        "subtype": "bot_message",
        "text": "<https:\/\/www.reddit.com\/r\/Terraform\/comments\/nvhuzq\/adding_sensitive_true_threatens_change\/|adding sensitive = true threatens change>\nI'm upgrading our terraform repo to 1.0, but when I make the jump from 0.14 -&gt; 0.15 I am hitting a snag with sensitive values. I am prompted to add sensitive = true to the values of some outputs. This is fine: output \"some_db_connection_string\" { description = \"The connection string for somedb value = module.somedb.client_connection_string sensitive = true }  The problem is when I terraform plan I'm being told that some of the \"sensitive\" values will change in place: #...",
        "ts": "1623195999.040200",
        "username": "Terraform",
        "icons": {
            "image_48": "https:\/\/s3-us-west-2.amazonaws.com\/slack-files2\/bot_icons\/2019-02-12\/548785199618_48.png"
        },
        "bot_id": "BG3N7LG73",
        "attachments": [
            {
                "service_name": "reddit",
                "title": "adding sensitive = true threatens change",
                "title_link": "https:\/\/www.reddit.com\/r\/Terraform\/comments\/nvhuzq\/adding_sensitive_true_threatens_change\/",
                "text": "I'm upgrading our terraform repo to 1.0, but when I make the jump from 0.14 -&gt; 0.15 I am hitting a snag with sensitive values. I am prompted to...",
                "fallback": "reddit: adding sensitive = true threatens change",
                "thumb_url": "https:\/\/www.redditstatic.com\/new-icon.png",
                "from_url": "https:\/\/www.reddit.com\/r\/Terraform\/comments\/nvhuzq\/adding_sensitive_true_threatens_change\/",
                "thumb_width": 256,
                "thumb_height": 256,
                "service_icon": "http:\/\/www.redditstatic.com\/desktop2x\/img\/favicon\/apple-icon-57x57.png",
                "id": 1,
                "original_url": "https:\/\/www.reddit.com\/r\/Terraform\/comments\/nvhuzq\/adding_sensitive_true_threatens_change\/"
            }
        ],
        "edited": {
            "user": "BG3N7LG73",
            "ts": "1623195999.000000"
        }
    },
    {
        "type": "message",
        "subtype": "bot_message",
        "text": "<https:\/\/qiita.com\/m-oka-system\/items\/34f3ac3d98210d06dbc8|作りながら覚えるTerraform入門(5) - Route53 + ACM編>\n作りながら覚えるTerraform入門シリーズの第5回です。\n今回は独自ドメインでHTTPS接続するための準備として、Route53とACMを作成していきます。\n独自ドメインはお名前.comで取得しているものを使います。\n\n\n作りながら覚えるTerraform入門シリーズ\n\n\nインストールと初期設定\n基本編\nVPC編\nEC2編\n\nRoute53 + ACM編 =&gt; 今回はコチラ\nELB編（準備中）\nRDS編（準備中）\n\n\n今回の学習ポイントは以下です。が、具体的に解説はできていません^^;\n\n\nlifecycle\nメタ引数\nfor文\n\n\n\nホストゾーンの作成\n\nまず、Route53のホストゾーンを作成します。\nroute53.tfを作成し、以下のコードを貼り付けます。\n\n\n<http:\/\/route53.tf|route53.tf>\n################################\n# Route 53\n################################\nresource \"aws_route53_zone\" \"public\" {\n  name = var.my_domain\n}...",
        "ts": "1623203203.040400",
        "username": "Terraformタグが付けられた新着記事 - Qiita",
        "icons": {
            "image_36": "https:\/\/a.slack-edge.com\/80588\/img\/services\/rss_36.png",
            "image_48": "https:\/\/a.slack-edge.com\/80588\/img\/services\/rss_48.png",
            "image_72": "https:\/\/a.slack-edge.com\/80588\/img\/services\/rss_72.png"
        },
        "bot_id": "BG3N7LG73",
        "attachments": [
            {
                "service_name": "Qiita",
                "title": "作りながら覚えるTerraform入門(5) - Route53 + ACM編 - Qiita",
                "title_link": "https:\/\/qiita.com\/m-oka-system\/items\/34f3ac3d98210d06dbc8",
                "text": "作りながら覚えるTerraform入門シリーズの第5回です。 今回は独自ドメインでHTTPS接続するための準備として、Route53とACMを作成していきます。 独自ドメインはお名前.comで取得しているものを使います。 作りなが...",
                "fallback": "Qiita: 作りながら覚えるTerraform入門(5) - Route53 + ACM編 - Qiita",
                "image_url": "https:\/\/qiita-user-contents.imgix.net\/https%3A%2F%2Fcdn.qiita.com%2Fassets%2Fpublic%2Farticle-ogp-background-1150d8b18a7c15795b701a55ae908f94.png?ixlib=rb-4.0.0&w=1200&mark=https%3A%2F%2Fqiita-user-contents.imgix.net%2F~text%3Fixlib%3Drb-4.0.0%26w%3D840%26h%3D380%26txt%3D%25E4%25BD%259C%25E3%2582%258A%25E3%2581%25AA%25E3%2581%258C%25E3%2582%2589%25E8%25A6%259A%25E3%2581%2588%25E3%2582%258BTerraform%25E5%2585%25A5%25E9%2596%2580%25285%2529%2520-%2520Route53%2520%252B%2520ACM%25E7%25B7%25A8%26txt-color%3D%2523333%26txt-font%3DHiragino%2520Sans%2520W6%26txt-size%3D54%26txt-clip%3Dellipsis%26txt-align%3Dcenter%252Cmiddle%26s%3D85349f8f128bfb5a0b4f2eee3af0546b&mark-align=center%2Cmiddle&blend=https%3A%2F%2Fqiita-user-contents.imgix.net%2F~text%3Fixlib%3Drb-4.0.0%26w%3D840%26h%3D500%26txt%3D%2540m-oka-system%26txt-color%3D%2523333%26txt-font%3DHiragino%2520Sans%2520W6%26txt-size%3D45%26txt-align%3Dright%252Cbottom%26s%3D8b002e370d0cdcd733306fa4fb2c2a39&blend-align=center%2Cmiddle&blend-mode=normal&s=05f9504458d84b24ec8742b9303949a4",
                "from_url": "https:\/\/qiita.com\/m-oka-system\/items\/34f3ac3d98210d06dbc8",
                "image_width": 476,
                "image_height": 250,
                "image_bytes": 53525,
                "service_icon": "https:\/\/cdn.qiita.com\/assets\/favicons\/public\/apple-touch-icon-ec5ba42a24ae923f16825592efdc356f.png",
                "id": 1,
                "original_url": "https:\/\/qiita.com\/m-oka-system\/items\/34f3ac3d98210d06dbc8"
            }
        ],
        "edited": {
            "user": "BG3N7LG73",
            "ts": "1623203203.000000"
        }
    },
    {
        "type": "message",
        "subtype": "bot_message",
        "text": "<https:\/\/qiita.com\/tonluqclml\/items\/f9ce3b7aa27c2088fa2b|Terraform 1.0 へアップグレードする方法の覚書>\nこの度、めでたく Terraform がバージョン 1.0 に到達しました。\n\n\nAnnouncing HashiCorp Terraform 1.0 General Availability\n[祝]TerraformがついにGAになりました | DevelopersIO\n\n\n\nようし、我が社でも Terraform のバージョンを 1.0 に上げるぞ！\n\n\nと意気込んでいる人も多いと思いますが、一方で、\n\n\n何か社内がバージョンを上げる雰囲気になっているが、何をすればいいのか分からない\n\n\nという人も少なくないと思います。\n\n\nアップグレードする必要は無いが、慎重になる必要もない\n\nそもそも、Terraform は、JavaやRubyといったプログラミング言語と違い、「脆弱性が発見されWEBサービスが外部からの攻撃の危険にさらされる」といったことはありません（多分）。なので、急いで 1.0 に上げる必要はありません。\n\n一方で今回の 1.0 は 0.15 から大きな変更があったわけではないので、慎重になる必要もありません。プログラミング言語のように...",
        "ts": "1623206202.040600",
        "username": "Terraformタグが付けられた新着記事 - Qiita",
        "icons": {
            "image_36": "https:\/\/a.slack-edge.com\/80588\/img\/services\/rss_36.png",
            "image_48": "https:\/\/a.slack-edge.com\/80588\/img\/services\/rss_48.png",
            "image_72": "https:\/\/a.slack-edge.com\/80588\/img\/services\/rss_72.png"
        },
        "bot_id": "BG3N7LG73",
        "attachments": [
            {
                "service_name": "Qiita",
                "title": "Terraform 1.0 へアップグレードする方法の覚書 - Qiita",
                "title_link": "https:\/\/qiita.com\/tonluqclml\/items\/f9ce3b7aa27c2088fa2b",
                "text": "この度、めでたく Terraform がバージョン 1.0 に到達しました。 Announcing HashiCorp Terraform 1.0 General Availability [祝]TerraformがついにGAにな...",
                "fallback": "Qiita: Terraform 1.0 へアップグレードする方法の覚書 - Qiita",
                "image_url": "https:\/\/qiita-user-contents.imgix.net\/https%3A%2F%2Fcdn.qiita.com%2Fassets%2Fpublic%2Farticle-ogp-background-1150d8b18a7c15795b701a55ae908f94.png?ixlib=rb-4.0.0&w=1200&mark=https%3A%2F%2Fqiita-user-contents.imgix.net%2F~text%3Fixlib%3Drb-4.0.0%26w%3D840%26h%3D380%26txt%3DTerraform%25201.0%2520%25E3%2581%25B8%25E3%2582%25A2%25E3%2583%2583%25E3%2583%2597%25E3%2582%25B0%25E3%2583%25AC%25E3%2583%25BC%25E3%2583%2589%25E3%2581%2599%25E3%2582%258B%25E6%2596%25B9%25E6%25B3%2595%25E3%2581%25AE%25E8%25A6%259A%25E6%259B%25B8%26txt-color%3D%2523333%26txt-font%3DHiragino%2520Sans%2520W6%26txt-size%3D54%26txt-clip%3Dellipsis%26txt-align%3Dcenter%252Cmiddle%26s%3D633c436e53cdd43d4bbc31cf0cab80c7&mark-align=center%2Cmiddle&blend=https%3A%2F%2Fqiita-user-contents.imgix.net%2F~text%3Fixlib%3Drb-4.0.0%26w%3D840%26h%3D500%26txt%3D%2540tonluqclml%26txt-color%3D%2523333%26txt-font%3DHiragino%2520Sans%2520W6%26txt-size%3D45%26txt-align%3Dright%252Cbottom%26s%3D3ddf63c8e7b805d15e6919e0357ca7e1&blend-align=center%2Cmiddle&blend-mode=normal&s=340f95cb7c9e661bdece3cbcbb98c8c5",
                "from_url": "https:\/\/qiita.com\/tonluqclml\/items\/f9ce3b7aa27c2088fa2b",
                "image_width": 476,
                "image_height": 250,
                "image_bytes": 44429,
                "service_icon": "https:\/\/cdn.qiita.com\/assets\/favicons\/public\/apple-touch-icon-ec5ba42a24ae923f16825592efdc356f.png",
                "id": 1,
                "original_url": "https:\/\/qiita.com\/tonluqclml\/items\/f9ce3b7aa27c2088fa2b"
            }
        ],
        "edited": {
            "user": "BG3N7LG73",
            "ts": "1623206202.000000"
        }
    },
    {
        "type": "message",
        "subtype": "bot_message",
        "text": "<https:\/\/qiita.com\/m-oka-system\/items\/8882431042a1d01d0b7c|作りながら覚えるTerraform入門(6) - ELB編>\n作りながら覚えるTerraform入門シリーズの第6回です。\n今回はロードバランサを作成して独自ドメインでHTTPS接続できるようにしていきます。\n\n\n作りながら覚えるTerraform入門シリーズ\n\n\nインストールと初期設定\n基本編\nVPC編\nEC2編\nRoute53 + ACM編\n\nELB編 =&gt; 今回はコチラ\nRDS編（準備中）\n\n\n今回の学習ポイントは・・・\nTerraform観点だともう基本的なポイントはご紹介したので特にないのですが、強いて挙げれば\n\n\ntoset関数\nfor_each\n\n\nでしょうか。\nあと、これまでに作成してきたリソースが組み合わさって繋がるので最後の接続確認が気持ちいい。笑\n\n\nELBの作成\n\nまず、アプリケーションロードバランサ(ALB)を作成します。\nelb.tfを作成して、以下のコードを貼り付けます。\n\n\n<http:\/\/elb.tf|elb.tf>\n################################\n# ELB\n################################\n# ELB\nresource \"aws_lb\" \"alb\" {\n  name...",
        "ts": "1623217596.040800",
        "username": "Terraformタグが付けられた新着記事 - Qiita",
        "icons": {
            "image_36": "https:\/\/a.slack-edge.com\/80588\/img\/services\/rss_36.png",
            "image_48": "https:\/\/a.slack-edge.com\/80588\/img\/services\/rss_48.png",
            "image_72": "https:\/\/a.slack-edge.com\/80588\/img\/services\/rss_72.png"
        },
        "bot_id": "BG3N7LG73",
        "attachments": [
            {
                "service_name": "Qiita",
                "title": "作りながら覚えるTerraform入門(6) - ELB編 - Qiita",
                "title_link": "https:\/\/qiita.com\/m-oka-system\/items\/8882431042a1d01d0b7c",
                "text": "作りながら覚えるTerraform入門シリーズの第6回です。 今回はロードバランサを作成して独自ドメインでHTTPS接続できるようにしていきます。 作りながら覚えるTerraform入門シリーズ インストールと初期設定 基本編...",
                "fallback": "Qiita: 作りながら覚えるTerraform入門(6) - ELB編 - Qiita",
                "image_url": "https:\/\/qiita-user-contents.imgix.net\/https%3A%2F%2Fcdn.qiita.com%2Fassets%2Fpublic%2Farticle-ogp-background-1150d8b18a7c15795b701a55ae908f94.png?ixlib=rb-4.0.0&w=1200&mark=https%3A%2F%2Fqiita-user-contents.imgix.net%2F~text%3Fixlib%3Drb-4.0.0%26w%3D840%26h%3D380%26txt%3D%25E4%25BD%259C%25E3%2582%258A%25E3%2581%25AA%25E3%2581%258C%25E3%2582%2589%25E8%25A6%259A%25E3%2581%2588%25E3%2582%258BTerraform%25E5%2585%25A5%25E9%2596%2580%25286%2529%2520-%2520ELB%25E7%25B7%25A8%26txt-color%3D%2523333%26txt-font%3DHiragino%2520Sans%2520W6%26txt-size%3D54%26txt-clip%3Dellipsis%26txt-align%3Dcenter%252Cmiddle%26s%3D5806fb23acfcbcc7a6601110640478f9&mark-align=center%2Cmiddle&blend=https%3A%2F%2Fqiita-user-contents.imgix.net%2F~text%3Fixlib%3Drb-4.0.0%26w%3D840%26h%3D500%26txt%3D%2540m-oka-system%26txt-color%3D%2523333%26txt-font%3DHiragino%2520Sans%2520W6%26txt-size%3D45%26txt-align%3Dright%252Cbottom%26s%3D8b002e370d0cdcd733306fa4fb2c2a39&blend-align=center%2Cmiddle&blend-mode=normal&s=4fd6c6857f881734a954a3a09f967433",
                "from_url": "https:\/\/qiita.com\/m-oka-system\/items\/8882431042a1d01d0b7c",
                "image_width": 476,
                "image_height": 250,
                "image_bytes": 46944,
                "service_icon": "https:\/\/cdn.qiita.com\/assets\/favicons\/public\/apple-touch-icon-ec5ba42a24ae923f16825592efdc356f.png",
                "id": 1,
                "original_url": "https:\/\/qiita.com\/m-oka-system\/items\/8882431042a1d01d0b7c"
            }
        ],
        "edited": {
            "user": "BG3N7LG73",
            "ts": "1623217596.000000"
        }
    }
]