[
    {
        "type": "message",
        "subtype": "bot_message",
        "text": "<https:\/\/www.reddit.com\/r\/Terraform\/comments\/o0znd8\/codepipeline\/|CodePipeline>\nHi Guys, I am trying to improve my Terraform abilities and am totally stumped with the AWS CodePipeline process. If someone more experienced\/smarter than me can give me some advice or point out the flaw in my logic here it would be greatly appreciated.The problem is as follows: Basically, I have set up a basic VPC environment with two subnets across two AZs, with an autoscaling group sitting in front of an application load balancer. I have configured the backend tf.state to be stored in S3. I...",
        "ts": "1623830797.054700",
        "username": "Terraform",
        "icons": {
            "image_48": "https:\/\/s3-us-west-2.amazonaws.com\/slack-files2\/bot_icons\/2019-02-12\/548785199618_48.png"
        },
        "bot_id": "BG3N7LG73",
        "attachments": [
            {
                "service_name": "reddit",
                "title": "CodePipeline",
                "title_link": "https:\/\/www.reddit.com\/r\/Terraform\/comments\/o0znd8\/codepipeline\/",
                "text": "Hi Guys, I am trying to improve my Terraform abilities and am totally stumped with the AWS CodePipeline process. If someone more...",
                "fallback": "reddit: CodePipeline",
                "thumb_url": "https:\/\/www.redditstatic.com\/new-icon.png",
                "from_url": "https:\/\/www.reddit.com\/r\/Terraform\/comments\/o0znd8\/codepipeline\/",
                "thumb_width": 256,
                "thumb_height": 256,
                "service_icon": "http:\/\/www.redditstatic.com\/desktop2x\/img\/favicon\/apple-icon-57x57.png",
                "id": 1,
                "original_url": "https:\/\/www.reddit.com\/r\/Terraform\/comments\/o0znd8\/codepipeline\/"
            }
        ],
        "edited": {
            "user": "BG3N7LG73",
            "ts": "1623830798.000000"
        }
    },
    {
        "type": "message",
        "subtype": "bot_message",
        "text": "<https:\/\/www.reddit.com\/r\/Terraform\/comments\/o10duq\/need_feedback_on_terraform_config_structure_for_a\/|Need feedback on Terraform config structure for a bunch of DNS records in AWS>\nThe registration of a domain within my company is about to expire and we decided now is a good time to also to move our DNS records from <https:\/\/gandi.net\/|gandi.net> to AWS Route53, and use Terraform to describe them. The DNS records (~200 in total) are separated in groups by context (Website, Docs, Training, etc) Most of the DNS records are associated with services\/apps that are not in TF yet, so the records have no other infrastructure to be part of currently Given these two...",
        "ts": "1623833797.054900",
        "username": "Terraform",
        "icons": {
            "image_48": "https:\/\/s3-us-west-2.amazonaws.com\/slack-files2\/bot_icons\/2019-02-12\/548785199618_48.png"
        },
        "bot_id": "BG3N7LG73",
        "attachments": [
            {
                "service_name": "reddit",
                "title": "Need feedback on Terraform config structure for a bunch of DNS records in AWS",
                "title_link": "https:\/\/www.reddit.com\/r\/Terraform\/comments\/o10duq\/need_feedback_on_terraform_config_structure_for_a\/",
                "text": "The registration of a domain within my company is about to expire and we decided now is a good time to also to move our DNS records from...",
                "fallback": "reddit: Need feedback on Terraform config structure for a bunch of DNS records in AWS",
                "thumb_url": "https:\/\/www.redditstatic.com\/new-icon.png",
                "from_url": "https:\/\/www.reddit.com\/r\/Terraform\/comments\/o10duq\/need_feedback_on_terraform_config_structure_for_a\/",
                "thumb_width": 256,
                "thumb_height": 256,
                "service_icon": "http:\/\/www.redditstatic.com\/desktop2x\/img\/favicon\/apple-icon-57x57.png",
                "id": 1,
                "original_url": "https:\/\/www.reddit.com\/r\/Terraform\/comments\/o10duq\/need_feedback_on_terraform_config_structure_for_a\/"
            },
            {
                "service_name": "Gandi.net",
                "title": "Gandi.net: Domain Names, Web Hosting, SSL Certificates",
                "title_link": "https:\/\/gandi.net\/",
                "text": "➤ Email, web hosting, SSL certificate :white_check_mark: It all begins with a domain name :white_check_mark: Buy the perfect domain name among our 750 extensions!",
                "fallback": "Gandi.net: Gandi.net: Domain Names, Web Hosting, SSL Certificates",
                "image_url": "https:\/\/www.gandi.net\/static\/images\/social\/gandi_socials_opengraphs_twitter_HOME.fa5c1dbcdc3d.jpg",
                "image_width": 500,
                "from_url": "https:\/\/gandi.net\/",
                "image_height": 250,
                "image_bytes": 130683,
                "service_icon": "https:\/\/www.gandi.net\/favicon.ico",
                "id": 2,
                "original_url": "https:\/\/gandi.net\/"
            }
        ],
        "edited": {
            "user": "BG3N7LG73",
            "ts": "1623833797.000000"
        }
    },
    {
        "type": "message",
        "subtype": "bot_message",
        "text": "<https:\/\/www.reddit.com\/r\/Terraform\/comments\/o12r9a\/calling_packer_build_from_terraform\/|Calling Packer Build from Terraform>\nI am trying to automate infrastructure and AWS resource provisioning via a combination of Packer\/Terraform\/Ansible. I want to create a VPC and all the underlying resources within that, i.e. subnets, routing tables, etc. I then want to build an AMI within that VPC (using one of the aforementioned subnets), and only then, at that point provision EC2 instances from said AMI ID. After this, I intend to carry out the configuration of said EC2 instances via Ansible. The steps I have been taking so...",
        "ts": "1623843998.055100",
        "username": "Terraform",
        "icons": {
            "image_48": "https:\/\/s3-us-west-2.amazonaws.com\/slack-files2\/bot_icons\/2019-02-12\/548785199618_48.png"
        },
        "bot_id": "BG3N7LG73",
        "attachments": [
            {
                "service_name": "reddit",
                "title": "Calling Packer Build from Terraform",
                "title_link": "https:\/\/www.reddit.com\/r\/Terraform\/comments\/o12r9a\/calling_packer_build_from_terraform\/",
                "text": "I am trying to automate infrastructure and AWS resource provisioning via a combination of Packer\/Terraform\/Ansible. I want to create a VPC and...",
                "fallback": "reddit: Calling Packer Build from Terraform",
                "thumb_url": "https:\/\/www.redditstatic.com\/new-icon.png",
                "from_url": "https:\/\/www.reddit.com\/r\/Terraform\/comments\/o12r9a\/calling_packer_build_from_terraform\/",
                "thumb_width": 256,
                "thumb_height": 256,
                "service_icon": "http:\/\/www.redditstatic.com\/desktop2x\/img\/favicon\/apple-icon-57x57.png",
                "id": 1,
                "original_url": "https:\/\/www.reddit.com\/r\/Terraform\/comments\/o12r9a\/calling_packer_build_from_terraform\/"
            }
        ],
        "edited": {
            "user": "BG3N7LG73",
            "ts": "1623843998.000000"
        }
    },
    {
        "type": "message",
        "subtype": "bot_message",
        "text": "<https:\/\/www.reddit.com\/r\/Terraform\/comments\/o13154\/anyone_wanna_talk_to_the_terraform_team_about_tf\/|Anyone wanna talk to the Terraform team about TF import?>\nHey there! It's me Ashley, from the TF product team. Would you like to give your input on what you'd like the future TF import experience to be? We'd love to talk to some folks who have exposure to TF import either by using it, or discussing the importing infrastructure to Terraform or Terraform Cloud\/Enterprise.  If you're interested in chatting you can pick a time on my <https:\/\/calendly.com\/ashleyxadamson|calendar>.\n Thank you!    submitted by   &lt;a...",
        "ts": "1623845197.055300",
        "username": "Terraform",
        "icons": {
            "image_48": "https:\/\/s3-us-west-2.amazonaws.com\/slack-files2\/bot_icons\/2019-02-12\/548785199618_48.png"
        },
        "bot_id": "BG3N7LG73",
        "attachments": [
            {
                "service_name": "reddit",
                "title": "Anyone wanna talk to the Terraform team about TF import?",
                "title_link": "https:\/\/www.reddit.com\/r\/Terraform\/comments\/o13154\/anyone_wanna_talk_to_the_terraform_team_about_tf\/",
                "text": "Hey there! It's me Ashley, from the TF product team. Would you like to give your input on what you'd like the future TF import experience to be?...",
                "fallback": "reddit: Anyone wanna talk to the Terraform team about TF import?",
                "thumb_url": "https:\/\/www.redditstatic.com\/new-icon.png",
                "from_url": "https:\/\/www.reddit.com\/r\/Terraform\/comments\/o13154\/anyone_wanna_talk_to_the_terraform_team_about_tf\/",
                "thumb_width": 256,
                "thumb_height": 256,
                "service_icon": "http:\/\/www.redditstatic.com\/desktop2x\/img\/favicon\/apple-icon-57x57.png",
                "id": 1,
                "original_url": "https:\/\/www.reddit.com\/r\/Terraform\/comments\/o13154\/anyone_wanna_talk_to_the_terraform_team_about_tf\/"
            },
            {
                "service_name": "Calendly",
                "title": "Ashley Adamson",
                "title_link": "https:\/\/calendly.com\/ashleyxadamson",
                "text": "Welcome to my scheduling page. Please follow the instructions to add an event to my calendar.",
                "fallback": "Calendly: Ashley Adamson",
                "thumb_url": "https:\/\/d3v0px0pttie1i.cloudfront.net\/uploads\/user\/avatar\/2907424\/155cc678.jpg?source=opengraph",
                "from_url": "https:\/\/calendly.com\/ashleyxadamson",
                "thumb_width": 200,
                "thumb_height": 200,
                "service_icon": "https:\/\/assets.calendly.com\/assets\/touch-icon-iphone-260067382323ed52661bd79f4fa22edee49175d0d5b1cfc96cdc28eabbea159a.png",
                "id": 2,
                "original_url": "https:\/\/calendly.com\/ashleyxadamson"
            }
        ],
        "edited": {
            "user": "BG3N7LG73",
            "ts": "1623845197.000000"
        }
    },
    {
        "type": "message",
        "subtype": "bot_message",
        "text": "<https:\/\/www.reddit.com\/r\/Terraform\/comments\/o132hu\/warning_azurerm_provider_after_update\/|Warning azurerm provider after update>\nHello guys, After updating my terraform version to 0.15 im receiving the following warning. Does anyone is facing the same issue or have any idea how could I solve it?  if i add the provider config within the child module its seems to work, but i not sure if its the best way. Thanks in advance. │ Warning: Provider azurerm is undefined │ on <https:\/\/main.tf\/|main.tf> line 21, in module \"keyvault\": │ 21: azurerm = azurerm.keyvault │ Module module.keyvault does not declare a provider...",
        "ts": "1623845197.055400",
        "username": "Terraform",
        "icons": {
            "image_48": "https:\/\/s3-us-west-2.amazonaws.com\/slack-files2\/bot_icons\/2019-02-12\/548785199618_48.png"
        },
        "bot_id": "BG3N7LG73",
        "attachments": [
            {
                "service_name": "reddit",
                "title": "Warning azurerm provider after update",
                "title_link": "https:\/\/www.reddit.com\/r\/Terraform\/comments\/o132hu\/warning_azurerm_provider_after_update\/",
                "text": "Hello guys, After updating my terraform version to 0.15 im receiving the following warning. Does anyone is facing the same issue or have any idea...",
                "fallback": "reddit: Warning azurerm provider after update",
                "thumb_url": "https:\/\/www.redditstatic.com\/new-icon.png",
                "from_url": "https:\/\/www.reddit.com\/r\/Terraform\/comments\/o132hu\/warning_azurerm_provider_after_update\/",
                "thumb_width": 256,
                "thumb_height": 256,
                "service_icon": "http:\/\/www.redditstatic.com\/desktop2x\/img\/favicon\/apple-icon-57x57.png",
                "id": 1,
                "original_url": "https:\/\/www.reddit.com\/r\/Terraform\/comments\/o132hu\/warning_azurerm_provider_after_update\/"
            }
        ],
        "edited": {
            "user": "BG3N7LG73",
            "ts": "1623845197.000000"
        }
    },
    {
        "type": "message",
        "subtype": "bot_message",
        "text": "<https:\/\/qiita.com\/kazu_kazu\/items\/c54d464136452aa246be|terraform initでunexpected EOFエラー発生原因の一例>\nエラー文\n\n[xx@MacBook-Pro ~\/terraform\/example_2]# terraform init\n\nInitializing the backend...\n\nInitializing provider plugins...\n- Finding latest version of hashicorp\/aws...\n- Installing hashicorp\/aws v3.45.0...\n╷\n│ Error: Failed to install provider\n│ \n│ Error while installing hashicorp\/aws v3.45.0: unexpected EOF\n\n\n\n原因\n\nコードの記載方法の誤り。\nGitHubのissueでも、コーディングが原因の場合もあると記載されています。\n\n\n\n\n誤\nresource \"aws_ecr_lifecycle_policy\" \"example\" {\n  repository = aws_ecr_repository.example.name\n\n  policy =",
        "ts": "1623845198.055700",
        "username": "Terraformタグが付けられた新着記事 - Qiita",
        "icons": {
            "image_36": "https:\/\/a.slack-edge.com\/80588\/img\/services\/rss_36.png",
            "image_48": "https:\/\/a.slack-edge.com\/80588\/img\/services\/rss_48.png",
            "image_72": "https:\/\/a.slack-edge.com\/80588\/img\/services\/rss_72.png"
        },
        "bot_id": "BG3N7LG73",
        "attachments": [
            {
                "service_name": "Qiita",
                "title": "terraform initでunexpected EOFエラー発生原因の一例 - Qiita",
                "title_link": "https:\/\/qiita.com\/kazu_kazu\/items\/c54d464136452aa246be",
                "text": "エラー文 [xx@MacBook-Pro ~\/terraform\/example_2]# terraform init Initializing the backend... Initializing provider pl...",
                "fallback": "Qiita: terraform initでunexpected EOFエラー発生原因の一例 - Qiita",
                "image_url": "https:\/\/qiita-user-contents.imgix.net\/https%3A%2F%2Fcdn.qiita.com%2Fassets%2Fpublic%2Farticle-ogp-background-1150d8b18a7c15795b701a55ae908f94.png?ixlib=rb-4.0.0&w=1200&mark=https%3A%2F%2Fqiita-user-contents.imgix.net%2F~text%3Fixlib%3Drb-4.0.0%26w%3D840%26h%3D380%26txt%3Dterraform%2520init%25E3%2581%25A7unexpected%2520EOF%25E3%2582%25A8%25E3%2583%25A9%25E3%2583%25BC%25E7%2599%25BA%25E7%2594%259F%25E5%258E%259F%25E5%259B%25A0%25E3%2581%25AE%25E4%25B8%2580%25E4%25BE%258B%26txt-color%3D%2523333%26txt-font%3DHiragino%2520Sans%2520W6%26txt-size%3D54%26txt-clip%3Dellipsis%26txt-align%3Dcenter%252Cmiddle%26s%3D9096ef41ba9a61fc0776fd24ded27ef0&mark-align=center%2Cmiddle&blend=https%3A%2F%2Fqiita-user-contents.imgix.net%2F~text%3Fixlib%3Drb-4.0.0%26w%3D840%26h%3D500%26txt%3D%2540kazu_kazu%26txt-color%3D%2523333%26txt-font%3DHiragino%2520Sans%2520W6%26txt-size%3D45%26txt-align%3Dright%252Cbottom%26s%3D178e10662c77f8f7ce78255f84028432&blend-align=center%2Cmiddle&blend-mode=normal&s=8d621e328fed4ccd22895754ff3141c1",
                "from_url": "https:\/\/qiita.com\/kazu_kazu\/items\/c54d464136452aa246be",
                "image_width": 476,
                "image_height": 250,
                "image_bytes": 42017,
                "service_icon": "https:\/\/cdn.qiita.com\/assets\/favicons\/public\/apple-touch-icon-ec5ba42a24ae923f16825592efdc356f.png",
                "id": 1,
                "original_url": "https:\/\/qiita.com\/kazu_kazu\/items\/c54d464136452aa246be"
            }
        ],
        "edited": {
            "user": "BG3N7LG73",
            "ts": "1623845198.000000"
        }
    },
    {
        "type": "message",
        "subtype": "bot_message",
        "text": "<https:\/\/www.reddit.com\/r\/Terraform\/comments\/o150zp\/blog_utilizing_terraform_resource_dependencies\/|[Blog] Utilizing Terraform Resource Dependencies with Azure Examples | Jeff Brown Tech>\nsubmitted by   <https:\/\/www.reddit.com\/user\/jeffbrowntech| \/u\/jeffbrowntech > \n<https:\/\/jeffbrown.tech\/terraform-resource-dependencies\/|[link]>   <https:\/\/www.reddit.com\/r\/Terraform\/comments\/o150zp\/blog_utilizing_terraform_resource_dependencies\/|[comments]>",
        "ts": "1623851197.055900",
        "username": "Terraform",
        "icons": {
            "image_48": "https:\/\/s3-us-west-2.amazonaws.com\/slack-files2\/bot_icons\/2019-02-12\/548785199618_48.png"
        },
        "bot_id": "BG3N7LG73",
        "attachments": [
            {
                "service_name": "reddit",
                "title": "[Blog] Utilizing Terraform Resource Dependencies with Azure Examples | Jeff Brown Tech",
                "title_link": "https:\/\/www.reddit.com\/r\/Terraform\/comments\/o150zp\/blog_utilizing_terraform_resource_dependencies\/",
                "text": "Posted in r\/Terraform by u\/jeffbrowntech • 1 point and 0 comments",
                "fallback": "reddit: [Blog] Utilizing Terraform Resource Dependencies with Azure Examples | Jeff Brown Tech",
                "thumb_url": "https:\/\/b.thumbs.redditmedia.com\/jUTmrJI74jtQiag2FVMXku5TOXErb3794grxPuNGwbU.jpg",
                "from_url": "https:\/\/www.reddit.com\/r\/Terraform\/comments\/o150zp\/blog_utilizing_terraform_resource_dependencies\/",
                "thumb_width": 140,
                "thumb_height": 93,
                "service_icon": "http:\/\/www.redditstatic.com\/desktop2x\/img\/favicon\/apple-icon-57x57.png",
                "id": 1,
                "original_url": "https:\/\/www.reddit.com\/r\/Terraform\/comments\/o150zp\/blog_utilizing_terraform_resource_dependencies\/"
            },
            {
                "title": "overview for jeffbrowntech",
                "title_link": "https:\/\/www.reddit.com\/user\/jeffbrowntech",
                "text": "Cloud Administrator and DevOps Engineer focusing on Microsoft 365, Azure, and PowerShell. Blogger @ jeffbrown.tech, course instructor at Cybrary,...",
                "fallback": "overview for jeffbrowntech",
                "from_url": "https:\/\/www.reddit.com\/user\/jeffbrowntech",
                "service_icon": "http:\/\/www.redditstatic.com\/desktop2x\/img\/favicon\/apple-icon-57x57.png",
                "service_name": "reddit.com",
                "id": 2,
                "original_url": "https:\/\/www.reddit.com\/user\/jeffbrowntech"
            },
            {
                "service_name": "Jeff Brown Tech",
                "title": "Utilizing Terraform Resource Dependencies with Azure Examples | Jeff Brown Tech",
                "title_link": "https:\/\/jeffbrown.tech\/terraform-resource-dependencies\/",
                "text": "Terraform has two methods of managing resource dependencies: using implicit using resource names and explicit using the depends_on module.",
                "fallback": "Jeff Brown Tech: Utilizing Terraform Resource Dependencies with Azure Examples | Jeff Brown Tech",
                "image_url": "https:\/\/jeffbrown.tech\/wp-content\/uploads\/2021\/06\/ikuygcfmfw4.jpg",
                "image_width": 375,
                "image_height": 250,
                "fields": [
                    {
                        "title": "Written by",
                        "value": "Jeff Brown Tech",
                        "short": true
                    },
                    {
                        "title": "Est. reading time",
                        "value": "5 minutes",
                        "short": true
                    }
                ],
                "ts": 1623848400,
                "from_url": "https:\/\/jeffbrown.tech\/terraform-resource-dependencies\/",
                "image_bytes": 260636,
                "service_icon": "https:\/\/jeffbrown.tech\/wp-content\/uploads\/2020\/05\/cropped-websiteicon-2-180x180.png",
                "id": 3,
                "original_url": "https:\/\/jeffbrown.tech\/terraform-resource-dependencies\/"
            }
        ],
        "edited": {
            "user": "BG3N7LG73",
            "ts": "1623851198.000000"
        }
    },
    {
        "type": "message",
        "subtype": "bot_message",
        "text": "<https:\/\/www.reddit.com\/r\/Terraform\/comments\/o1638p\/managing_github_repositories_and_teams_wtf\/|Managing Github repositories and teams w\/TF>\nHi guys, So we're moving our GH resources management from UI into Terraform. Cool. Let's say, that we have following configuration of resources defined:  github_teams = {\n \"team-1\" = {\n name = \"team-1\"\n privacy = \"closed\"\n parent_team_id = null\n },\n \"team-2\" = {\n name = \"team-2\"\n privacy = \"closed\"\n parent_team_id = null\n }\n }  github_repositories = {\n \"repo-1\" = {\n name = \"repo-1\"\n permissions = {\n team-1 = \"admin\"\n team-2 = \"push\"\n },\n \"repo-2\" = {\n name = \"repo-2\"\n permissions = {\n team-1...",
        "ts": "1623854200.056100",
        "username": "Terraform",
        "icons": {
            "image_48": "https:\/\/s3-us-west-2.amazonaws.com\/slack-files2\/bot_icons\/2019-02-12\/548785199618_48.png"
        },
        "bot_id": "BG3N7LG73",
        "attachments": [
            {
                "service_name": "reddit",
                "title": "Managing Github repositories and teams w\/TF",
                "title_link": "https:\/\/www.reddit.com\/r\/Terraform\/comments\/o1638p\/managing_github_repositories_and_teams_wtf\/",
                "text": "Hi guys, So we're moving our GH resources management from UI into Terraform. Cool. Let's say, that we have following configuration of resources...",
                "fallback": "reddit: Managing Github repositories and teams w\/TF",
                "thumb_url": "https:\/\/www.redditstatic.com\/new-icon.png",
                "from_url": "https:\/\/www.reddit.com\/r\/Terraform\/comments\/o1638p\/managing_github_repositories_and_teams_wtf\/",
                "thumb_width": 256,
                "thumb_height": 256,
                "service_icon": "http:\/\/www.redditstatic.com\/desktop2x\/img\/favicon\/apple-icon-57x57.png",
                "id": 1,
                "original_url": "https:\/\/www.reddit.com\/r\/Terraform\/comments\/o1638p\/managing_github_repositories_and_teams_wtf\/"
            }
        ],
        "edited": {
            "user": "BG3N7LG73",
            "ts": "1623854201.000000"
        }
    },
    {
        "type": "message",
        "subtype": "bot_message",
        "text": "<https:\/\/www.reddit.com\/r\/Terraform\/comments\/o178c8\/terraform_learning_slack_group\/|Terraform learning slack group>\nHi, Is there any terraform slack group available for lerning, If anyone has the group name. Please let me know.    submitted by   <https:\/\/www.reddit.com\/user\/bal_velaga| \/u\/bal_velaga > \n<https:\/\/www.reddit.com\/r\/Terraform\/comments\/o178c8\/terraform_learning_slack_group\/|[link]>   <https:\/\/www.reddit.com\/r\/Terraform\/comments\/o178c8\/terraform_learning_slack_group\/|[comments]>",
        "ts": "1623857196.056300",
        "username": "Terraform",
        "icons": {
            "image_48": "https:\/\/s3-us-west-2.amazonaws.com\/slack-files2\/bot_icons\/2019-02-12\/548785199618_48.png"
        },
        "bot_id": "BG3N7LG73",
        "attachments": [
            {
                "title": "reddit.com: over 18?",
                "title_link": "https:\/\/www.reddit.com\/r\/Terraform\/comments\/o178c8\/terraform_learning_slack_group\/",
                "text": "Reddit gives you the best of the internet in one place. Get a constantly updating feed of breaking news, fun stories, pics, memes, and videos just for you. Passionate about something niche? Reddit has thousands of vibrant communities with people that share your interests. Alternatively, find out what’s trending across all of Reddit on r\/popular. Reddit is also anonymous so you can be yourself, with your Reddit profile and persona disconnected from your real-world identity.",
                "fallback": "reddit.com: over 18?",
                "from_url": "https:\/\/www.reddit.com\/r\/Terraform\/comments\/o178c8\/terraform_learning_slack_group\/",
                "service_icon": "http:\/\/www.redditstatic.com\/desktop2x\/img\/favicon\/apple-icon-57x57.png",
                "service_name": "reddit.com",
                "id": 1,
                "original_url": "https:\/\/www.reddit.com\/r\/Terraform\/comments\/o178c8\/terraform_learning_slack_group\/"
            },
            {
                "title": "overview for bal_velaga",
                "title_link": "https:\/\/www.reddit.com\/user\/bal_velaga",
                "text": "The u\/bal_velaga community on Reddit. Reddit gives you the best of the internet in one place.",
                "fallback": "overview for bal_velaga",
                "from_url": "https:\/\/www.reddit.com\/user\/bal_velaga",
                "service_icon": "http:\/\/www.redditstatic.com\/desktop2x\/img\/favicon\/apple-icon-57x57.png",
                "service_name": "reddit.com",
                "id": 2,
                "original_url": "https:\/\/www.reddit.com\/user\/bal_velaga"
            }
        ],
        "edited": {
            "user": "BG3N7LG73",
            "ts": "1623857196.000000"
        }
    },
    {
        "type": "message",
        "subtype": "bot_message",
        "text": "<https:\/\/qiita.com\/kazu_kazu\/items\/f838f134cffb25f03299|TerraformでBucket名にリージョン名とアカウントIDを動的に付与する>\nリージョン、アカウントID取得\n\n\n<http:\/\/main.tf|main.tf>\ndata \"aws_region\" \"current\" {}\ndata \"aws_caller_identity\" \"current\" {}\n\n\n\n\nBucket名にリージョンとアカウントIDを使用\n\n\n\n\n<http:\/\/s3.tf|s3.tf>\nresource \"aws_s3_bucket\" \"artifact\" {\n    bucket = \"artifact-pragmatic-terraform-${data.aws_region.current.name}-${data.aws_caller_identity.current.account_id}\"\n\n    lifecycle_rule {\n        enabled = true\n\n        expiration {\n            days = \"180\"\n        }\n    }\n}\n\n\n\n\nterraform-apply実行時の抜粋\nTerraform will perform the following actions:\n\n  #...",
        "ts": "1623857207.056500",
        "username": "Terraformタグが付けられた新着記事 - Qiita",
        "icons": {
            "image_36": "https:\/\/a.slack-edge.com\/80588\/img\/services\/rss_36.png",
            "image_48": "https:\/\/a.slack-edge.com\/80588\/img\/services\/rss_48.png",
            "image_72": "https:\/\/a.slack-edge.com\/80588\/img\/services\/rss_72.png"
        },
        "bot_id": "BG3N7LG73",
        "attachments": [
            {
                "service_name": "Qiita",
                "title": "TerraformでBucket名にリージョン名とアカウントIDを動的に付与する - Qiita",
                "title_link": "https:\/\/qiita.com\/kazu_kazu\/items\/f838f134cffb25f03299",
                "text": "リージョン、アカウントID取得 <http:\/\/main.tf|main.tf> data \"aws_region\" \"current\" {} data \"aws_caller_identity\" \"current\" {} Bucket名にリージョンと...",
                "fallback": "Qiita: TerraformでBucket名にリージョン名とアカウントIDを動的に付与する - Qiita",
                "image_url": "https:\/\/qiita-user-contents.imgix.net\/https%3A%2F%2Fcdn.qiita.com%2Fassets%2Fpublic%2Farticle-ogp-background-1150d8b18a7c15795b701a55ae908f94.png?ixlib=rb-4.0.0&w=1200&mark=https%3A%2F%2Fqiita-user-contents.imgix.net%2F~text%3Fixlib%3Drb-4.0.0%26w%3D840%26h%3D380%26txt%3DTerraform%25E3%2581%25A7Bucket%25E5%2590%258D%25E3%2581%25AB%25E3%2583%25AA%25E3%2583%25BC%25E3%2582%25B8%25E3%2583%25A7%25E3%2583%25B3%25E5%2590%258D%25E3%2581%25A8%25E3%2582%25A2%25E3%2582%25AB%25E3%2582%25A6%25E3%2583%25B3%25E3%2583%2588ID%25E3%2582%2592%25E5%258B%2595%25E7%259A%2584%25E3%2581%25AB%25E4%25BB%2598%25E4%25B8%258E%25E3%2581%2599%25E3%2582%258B%26txt-color%3D%2523333%26txt-font%3DHiragino%2520Sans%2520W6%26txt-size%3D54%26txt-clip%3Dellipsis%26txt-align%3Dcenter%252Cmiddle%26s%3D81f8e2092b7069e791ade65888a846ea&mark-align=center%2Cmiddle&blend=https%3A%2F%2Fqiita-user-contents.imgix.net%2F~text%3Fixlib%3Drb-4.0.0%26w%3D840%26h%3D500%26txt%3D%2540kazu_kazu%26txt-color%3D%2523333%26txt-font%3DHiragino%2520Sans%2520W6%26txt-size%3D45%26txt-align%3Dright%252Cbottom%26s%3D178e10662c77f8f7ce78255f84028432&blend-align=center%2Cmiddle&blend-mode=normal&s=3184183c836f22ff754148779944c1a7",
                "from_url": "https:\/\/qiita.com\/kazu_kazu\/items\/f838f134cffb25f03299",
                "image_width": 476,
                "image_height": 250,
                "image_bytes": 53162,
                "service_icon": "https:\/\/cdn.qiita.com\/assets\/favicons\/public\/apple-touch-icon-ec5ba42a24ae923f16825592efdc356f.png",
                "id": 1,
                "original_url": "https:\/\/qiita.com\/kazu_kazu\/items\/f838f134cffb25f03299"
            }
        ],
        "edited": {
            "user": "BG3N7LG73",
            "ts": "1623857208.000000"
        }
    },
    {
        "type": "message",
        "subtype": "bot_message",
        "text": "<https:\/\/www.reddit.com\/r\/Terraform\/comments\/o17ozy\/same_or_separate_folders_for_terraform_code_per\/|Same or separate folders for terraform code per environment?>\nHi, we are just starting using terraform and after using it for some time manually we want to introduce pipelines to automate. We have different environments dev,test,prod and will deploy mainly infrastructure. The question is, can we go with the same code for all environments and separate only variables, or should we go with different folders per env and separate code for it. My main worry is that nonprod and prod could differ and it would be hard to express that differences via the...",
        "ts": "1623857797.056700",
        "username": "Terraform",
        "icons": {
            "image_48": "https:\/\/s3-us-west-2.amazonaws.com\/slack-files2\/bot_icons\/2019-02-12\/548785199618_48.png"
        },
        "bot_id": "BG3N7LG73",
        "attachments": [
            {
                "service_name": "reddit",
                "title": "Same or separate folders for terraform code per environment?",
                "title_link": "https:\/\/www.reddit.com\/r\/Terraform\/comments\/o17ozy\/same_or_separate_folders_for_terraform_code_per\/",
                "text": "Hi, we are just starting using terraform and after using it for some time manually we want to introduce pipelines to automate. We have different...",
                "fallback": "reddit: Same or separate folders for terraform code per environment?",
                "thumb_url": "https:\/\/www.redditstatic.com\/new-icon.png",
                "from_url": "https:\/\/www.reddit.com\/r\/Terraform\/comments\/o17ozy\/same_or_separate_folders_for_terraform_code_per\/",
                "thumb_width": 256,
                "thumb_height": 256,
                "service_icon": "http:\/\/www.redditstatic.com\/desktop2x\/img\/favicon\/apple-icon-57x57.png",
                "id": 1,
                "original_url": "https:\/\/www.reddit.com\/r\/Terraform\/comments\/o17ozy\/same_or_separate_folders_for_terraform_code_per\/"
            }
        ],
        "edited": {
            "user": "BG3N7LG73",
            "ts": "1623857797.000000"
        }
    },
    {
        "type": "message",
        "subtype": "bot_message",
        "text": "<https:\/\/www.reddit.com\/r\/Terraform\/comments\/o1bc5x\/grabbing_virtual_machine_id_for_data_disk\/|Grabbing virtual_machine_id for data disk attachment>\nHello all, I am working on a module that can spin up XX number of VM's that it pulls from a list and then want to come back and attach XX number of managed disks to those VM's from the same list. I am able to get the VM's aspects to work, the part I seem to be stuck on is how to pull the virtual_machine_id's so I can handle the data disk attachment. Open for options if I am just not doing it in the best way. Here is an example list. nodes = {  server = { count = 1 size = \"Standard_DS1_v2\"...",
        "ts": "1623867998.056900",
        "username": "Terraform",
        "icons": {
            "image_48": "https:\/\/s3-us-west-2.amazonaws.com\/slack-files2\/bot_icons\/2019-02-12\/548785199618_48.png"
        },
        "bot_id": "BG3N7LG73",
        "attachments": [
            {
                "service_name": "reddit",
                "title": "Grabbing virtual_machine_id for data disk attachment",
                "title_link": "https:\/\/www.reddit.com\/r\/Terraform\/comments\/o1bc5x\/grabbing_virtual_machine_id_for_data_disk\/",
                "text": "Hello all, I am working on a module that can spin up XX number of VM's that it pulls from a list and then want to come back and attach XX...",
                "fallback": "reddit: Grabbing virtual_machine_id for data disk attachment",
                "thumb_url": "https:\/\/www.redditstatic.com\/new-icon.png",
                "from_url": "https:\/\/www.reddit.com\/r\/Terraform\/comments\/o1bc5x\/grabbing_virtual_machine_id_for_data_disk\/",
                "thumb_width": 256,
                "thumb_height": 256,
                "service_icon": "http:\/\/www.redditstatic.com\/desktop2x\/img\/favicon\/apple-icon-57x57.png",
                "id": 1,
                "original_url": "https:\/\/www.reddit.com\/r\/Terraform\/comments\/o1bc5x\/grabbing_virtual_machine_id_for_data_disk\/"
            }
        ],
        "edited": {
            "user": "BG3N7LG73",
            "ts": "1623867998.000000"
        }
    },
    {
        "type": "message",
        "subtype": "bot_message",
        "text": "<https:\/\/www.reddit.com\/r\/Terraform\/comments\/o1damo\/pfx_cert_in_terraform\/|pfx cert in terraform>\nDoes anyone know is Terraform can read a pfx file? I'm trying to build an Azure application gateway and I can't get terraform to handle the pfx file. I've tried data = \"${base64encode(file(\"\/path\/file.pfx\"))}\"    submitted by   <https:\/\/www.reddit.com\/user\/T0mmy_The_CaT| \/u\/T0mmy_The_CaT > \n<https:\/\/www.reddit.com\/r\/Terraform\/comments\/o1damo\/pfx_cert_in_terraform\/|[link]>   <https:\/\/www.reddit.com\/r\/Terraform\/comments\/o1damo\/pfx_cert_in_terraform\/|[comments]>",
        "ts": "1623872802.057100",
        "username": "Terraform",
        "icons": {
            "image_48": "https:\/\/s3-us-west-2.amazonaws.com\/slack-files2\/bot_icons\/2019-02-12\/548785199618_48.png"
        },
        "bot_id": "BG3N7LG73",
        "attachments": [
            {
                "service_name": "reddit",
                "title": "pfx cert in terraform",
                "title_link": "https:\/\/www.reddit.com\/r\/Terraform\/comments\/o1damo\/pfx_cert_in_terraform\/",
                "text": "Does anyone know is Terraform can read a pfx file? I'm trying to build an Azure application gateway and I can't get terraform to handle the pfx...",
                "fallback": "reddit: pfx cert in terraform",
                "thumb_url": "https:\/\/www.redditstatic.com\/new-icon.png",
                "from_url": "https:\/\/www.reddit.com\/r\/Terraform\/comments\/o1damo\/pfx_cert_in_terraform\/",
                "thumb_width": 256,
                "thumb_height": 256,
                "service_icon": "http:\/\/www.redditstatic.com\/desktop2x\/img\/favicon\/apple-icon-57x57.png",
                "id": 1,
                "original_url": "https:\/\/www.reddit.com\/r\/Terraform\/comments\/o1damo\/pfx_cert_in_terraform\/"
            },
            {
                "title": "overview for T0mmy_The_CaT",
                "title_link": "https:\/\/www.reddit.com\/user\/T0mmy_The_CaT",
                "text": "The u\/T0mmy_The_CaT community on Reddit. Reddit gives you the best of the internet in one place.",
                "fallback": "overview for T0mmy_The_CaT",
                "from_url": "https:\/\/www.reddit.com\/user\/T0mmy_The_CaT",
                "service_icon": "http:\/\/www.redditstatic.com\/desktop2x\/img\/favicon\/apple-icon-57x57.png",
                "service_name": "reddit.com",
                "id": 2,
                "original_url": "https:\/\/www.reddit.com\/user\/T0mmy_The_CaT"
            }
        ],
        "edited": {
            "user": "BG3N7LG73",
            "ts": "1623872802.000000"
        }
    },
    {
        "type": "message",
        "subtype": "bot_message",
        "text": "<https:\/\/www.reddit.com\/r\/Terraform\/comments\/o1e0xw\/odd_error_message_unexpected_provider_block\/|Odd error message - Unexpected \"provider\" block>\nEdit: Solved. I'm an idiot and have been working too long today. I was running \"terraform apply --var-file <https:\/\/file.tf\/|file.tf>\" instead of \"file.tfvars\" ​ I have a file that I used to update some VNET peering in Azure, and for some reason it is giving me an odd error. I've updated this file plenty of times over the last few weeks. If you Google it there are 0 results, I think something funky is going on, or I'm missing something. &lt;a...",
        "ts": "1623875198.057300",
        "username": "Terraform",
        "icons": {
            "image_48": "https:\/\/s3-us-west-2.amazonaws.com\/slack-files2\/bot_icons\/2019-02-12\/548785199618_48.png"
        },
        "bot_id": "BG3N7LG73",
        "attachments": [
            {
                "service_name": "reddit",
                "title": "Odd error message - Unexpected \"provider\" block",
                "title_link": "https:\/\/www.reddit.com\/r\/Terraform\/comments\/o1e0xw\/odd_error_message_unexpected_provider_block\/",
                "text": "Posted in r\/Terraform by u\/AzurePlusEverything • 1 point and 0 comments",
                "fallback": "reddit: Odd error message - Unexpected \"provider\" block",
                "thumb_url": "https:\/\/external-preview.redd.it\/cnihj86roo571.png?overlay-align=bottom,left&crop=271:136,smart&overlay-height=15p&overlay=%2Fwatermark%2Ft5_2u8e4.png%3Fs%3Dbfb326ca8735739e33a60abaf9a7c73bcb4a2134&width=271&height=136&auto=webp&s=2d9f5f0f0e0d18e9ade5368fa5ccd77baa1dc4da",
                "from_url": "https:\/\/www.reddit.com\/r\/Terraform\/comments\/o1e0xw\/odd_error_message_unexpected_provider_block\/",
                "thumb_width": 130,
                "thumb_height": 60,
                "service_icon": "http:\/\/www.redditstatic.com\/desktop2x\/img\/favicon\/apple-icon-57x57.png",
                "id": 1,
                "original_url": "https:\/\/www.reddit.com\/r\/Terraform\/comments\/o1e0xw\/odd_error_message_unexpected_provider_block\/"
            }
        ],
        "edited": {
            "user": "BG3N7LG73",
            "ts": "1623875198.000000"
        }
    },
    {
        "type": "message",
        "subtype": "bot_message",
        "text": "<https:\/\/www.reddit.com\/r\/Terraform\/comments\/o1gmfd\/aws_aurora_cluster_engine_version\/|AWS Aurora cluster engine version>\nHi I was about to perform what I thought would be a routine change if engine version from 2.07 to 2.10 of my Aurora instance - But when I did a terraform plan it told me the instance would be replaced. No way am I destroying the entire db to upgrade a minor version. So I did it in aws and terraform refresh caught the changes. But what I want to know is - is this intentional and if so, how can I use terraform to upgrade without deleting my database ?    submitted by   &lt;a...",
        "ts": "1623881196.057500",
        "username": "Terraform",
        "icons": {
            "image_48": "https:\/\/s3-us-west-2.amazonaws.com\/slack-files2\/bot_icons\/2019-02-12\/548785199618_48.png"
        },
        "bot_id": "BG3N7LG73",
        "attachments": [
            {
                "service_name": "reddit",
                "title": "AWS Aurora cluster engine version",
                "title_link": "https:\/\/www.reddit.com\/r\/Terraform\/comments\/o1gmfd\/aws_aurora_cluster_engine_version\/",
                "text": "Hi I was about to perform what I thought would be a routine change if engine version from 2.07 to 2.10 of my Aurora instance - But when I did a...",
                "fallback": "reddit: AWS Aurora cluster engine version",
                "thumb_url": "https:\/\/www.redditstatic.com\/new-icon.png",
                "from_url": "https:\/\/www.reddit.com\/r\/Terraform\/comments\/o1gmfd\/aws_aurora_cluster_engine_version\/",
                "thumb_width": 256,
                "thumb_height": 256,
                "service_icon": "http:\/\/www.redditstatic.com\/desktop2x\/img\/favicon\/apple-icon-57x57.png",
                "id": 1,
                "original_url": "https:\/\/www.reddit.com\/r\/Terraform\/comments\/o1gmfd\/aws_aurora_cluster_engine_version\/"
            }
        ],
        "edited": {
            "user": "BG3N7LG73",
            "ts": "1623881196.000000"
        }
    },
    {
        "type": "message",
        "subtype": "bot_message",
        "text": "<https:\/\/www.reddit.com\/r\/Terraform\/comments\/o1i2qn\/trigger_null_resource_depending_on_an_azurerm\/|Trigger null_resource depending on an azurerm_mssql_server update>\nHi guys, I would like to trigger a null_resource depending on an azurerm_mssql_server resource change\/update. Basically, if my azurerm_mssql_server resource is updated, I would like my null_resource to be triggered. I know I could always trigger my null_resource, but I wonder if there is a way of detecting that my azurerm_mssql_server is being updated. This is my code resource \"azurerm_mssql_server\" \"sql_01\" {\nname = \"${var.dc_lid}-hy-${var.dc_iid}-sql01\"\nresource_group_name =...",
        "ts": "1623884798.057700",
        "username": "Terraform",
        "icons": {
            "image_48": "https:\/\/s3-us-west-2.amazonaws.com\/slack-files2\/bot_icons\/2019-02-12\/548785199618_48.png"
        },
        "bot_id": "BG3N7LG73",
        "attachments": [
            {
                "service_name": "reddit",
                "title": "Trigger null_resource depending on an azurerm_mssql_server update",
                "title_link": "https:\/\/www.reddit.com\/r\/Terraform\/comments\/o1i2qn\/trigger_null_resource_depending_on_an_azurerm\/",
                "text": "Hi guys, I would like to trigger a null\\_resource depending on an azurerm\\_mssql\\_server resource change\/update. Basically, if my...",
                "fallback": "reddit: Trigger null_resource depending on an azurerm_mssql_server update",
                "thumb_url": "https:\/\/www.redditstatic.com\/new-icon.png",
                "from_url": "https:\/\/www.reddit.com\/r\/Terraform\/comments\/o1i2qn\/trigger_null_resource_depending_on_an_azurerm\/",
                "thumb_width": 256,
                "thumb_height": 256,
                "service_icon": "http:\/\/www.redditstatic.com\/desktop2x\/img\/favicon\/apple-icon-57x57.png",
                "id": 1,
                "original_url": "https:\/\/www.reddit.com\/r\/Terraform\/comments\/o1i2qn\/trigger_null_resource_depending_on_an_azurerm\/"
            }
        ],
        "edited": {
            "user": "BG3N7LG73",
            "ts": "1623884798.000000"
        }
    },
    {
        "type": "message",
        "subtype": "bot_message",
        "text": "<https:\/\/www.reddit.com\/r\/Terraform\/comments\/o1kbhv\/example_code_with_multiaccount_aws\/|Example code with multi-account aws>\nDoes anybody have a sample code to manage\/create a multi-account environment in AWS with Terraform? So that I have a place to start. Thanks!    submitted by   <https:\/\/www.reddit.com\/user\/FullSprinkles4| \/u\/FullSprinkles4 > \n<https:\/\/www.reddit.com\/r\/Terraform\/comments\/o1kbhv\/example_code_with_multiaccount_aws\/|[link]>   <https:\/\/www.reddit.com\/r\/Terraform\/comments\/o1kbhv\/example_code_with_multiaccount_aws\/|[comments]>",
        "ts": "1623891998.057900",
        "username": "Terraform",
        "icons": {
            "image_48": "https:\/\/s3-us-west-2.amazonaws.com\/slack-files2\/bot_icons\/2019-02-12\/548785199618_48.png"
        },
        "bot_id": "BG3N7LG73",
        "attachments": [
            {
                "service_name": "reddit",
                "title": "Example code with multi-account aws",
                "title_link": "https:\/\/www.reddit.com\/r\/Terraform\/comments\/o1kbhv\/example_code_with_multiaccount_aws\/",
                "text": "Does anybody have a sample code to manage\/create a multi-account environment in AWS with Terraform? So that I have a place to start. Thanks!",
                "fallback": "reddit: Example code with multi-account aws",
                "thumb_url": "https:\/\/www.redditstatic.com\/new-icon.png",
                "from_url": "https:\/\/www.reddit.com\/r\/Terraform\/comments\/o1kbhv\/example_code_with_multiaccount_aws\/",
                "thumb_width": 256,
                "thumb_height": 256,
                "service_icon": "http:\/\/www.redditstatic.com\/desktop2x\/img\/favicon\/apple-icon-57x57.png",
                "id": 1,
                "original_url": "https:\/\/www.reddit.com\/r\/Terraform\/comments\/o1kbhv\/example_code_with_multiaccount_aws\/"
            },
            {
                "title": "overview for FullSprinkles4",
                "title_link": "https:\/\/www.reddit.com\/user\/FullSprinkles4",
                "text": "The u\/FullSprinkles4 community on Reddit. Reddit gives you the best of the internet in one place.",
                "fallback": "overview for FullSprinkles4",
                "from_url": "https:\/\/www.reddit.com\/user\/FullSprinkles4",
                "service_icon": "http:\/\/www.redditstatic.com\/desktop2x\/img\/favicon\/apple-icon-57x57.png",
                "service_name": "reddit.com",
                "id": 2,
                "original_url": "https:\/\/www.reddit.com\/user\/FullSprinkles4"
            }
        ],
        "edited": {
            "user": "BG3N7LG73",
            "ts": "1623891998.000000"
        }
    },
    {
        "type": "message",
        "subtype": "bot_message",
        "text": "<https:\/\/www.reddit.com\/r\/Terraform\/comments\/o1mwqv\/aws_network_firewall_aws_networkfirewall_rule\/|AWS Network Firewall - aws_networkfirewall_rule_group>\nI'm evaluating AWS Network Firewall and the example in the AWS provider docs does not work (from <https:\/\/registry.terraform.io\/providers\/hashicorp\/aws\/latest\/docs\/resources\/networkfirewall_rule_group#rule-option|https:\/\/registry.terraform.io\/providers\/hashicorp\/aws\/latest\/docs\/resources\/networkfirewall_rule_group#rule-option>): resource \"aws_networkfirewall_rule_group\" \"example\" { capacity = 50 description = \"Permits http traffic from source\" name = \"example\" type = \"STATEFUL\"...",
        "ts": "1623899799.058100",
        "username": "Terraform",
        "icons": {
            "image_48": "https:\/\/s3-us-west-2.amazonaws.com\/slack-files2\/bot_icons\/2019-02-12\/548785199618_48.png"
        },
        "bot_id": "BG3N7LG73",
        "attachments": [
            {
                "service_name": "reddit",
                "title": "AWS Network Firewall - aws_networkfirewall_rule_group",
                "title_link": "https:\/\/www.reddit.com\/r\/Terraform\/comments\/o1mwqv\/aws_network_firewall_aws_networkfirewall_rule\/",
                "text": "I'm evaluating AWS Network Firewall and the example in the AWS provider docs does not work (from...",
                "fallback": "reddit: AWS Network Firewall - aws_networkfirewall_rule_group",
                "thumb_url": "https:\/\/www.redditstatic.com\/new-icon.png",
                "from_url": "https:\/\/www.reddit.com\/r\/Terraform\/comments\/o1mwqv\/aws_network_firewall_aws_networkfirewall_rule\/",
                "thumb_width": 256,
                "thumb_height": 256,
                "service_icon": "http:\/\/www.redditstatic.com\/desktop2x\/img\/favicon\/apple-icon-57x57.png",
                "id": 1,
                "original_url": "https:\/\/www.reddit.com\/r\/Terraform\/comments\/o1mwqv\/aws_network_firewall_aws_networkfirewall_rule\/"
            }
        ],
        "edited": {
            "user": "BG3N7LG73",
            "ts": "1623899799.000000"
        }
    },
    {
        "type": "message",
        "subtype": "bot_message",
        "text": "<https:\/\/www.reddit.com\/r\/Terraform\/comments\/o1o8dd\/is_count_the_best_conditional_expression_for_my\/|Is count the best conditional expression for my case?>\nIn my <http:\/\/main.tf|main.tf>, I have set up to create four virtual machines. I want to add a condition, if the condition is true, it will create the VM, otherwise, it won't. is count the best way to go with this? Thanks in advance. <http:\/\/main.tf|main.tf> ` locals { create_monday_virtual_machine = true } ` resource \"azurerm_virtual_machine\" \"monday\" { count = var.create_monday_virtual_machine ? 1 : 0 name = \"${var.prefix}-vm\" location = azurerm_resource_group.main.location resource_group_name =...",
        "ts": "1623903998.058300",
        "username": "Terraform",
        "icons": {
            "image_48": "https:\/\/s3-us-west-2.amazonaws.com\/slack-files2\/bot_icons\/2019-02-12\/548785199618_48.png"
        },
        "bot_id": "BG3N7LG73",
        "attachments": [
            {
                "service_name": "reddit",
                "title": "Is count the best conditional expression for my case?",
                "title_link": "https:\/\/www.reddit.com\/r\/Terraform\/comments\/o1o8dd\/is_count_the_best_conditional_expression_for_my\/",
                "text": "In my <http:\/\/main.tf|main.tf>, I have set up to create four virtual machines. I want to add a condition, if the condition is true, it will create the VM,...",
                "fallback": "reddit: Is count the best conditional expression for my case?",
                "thumb_url": "https:\/\/www.redditstatic.com\/new-icon.png",
                "from_url": "https:\/\/www.reddit.com\/r\/Terraform\/comments\/o1o8dd\/is_count_the_best_conditional_expression_for_my\/",
                "thumb_width": 256,
                "thumb_height": 256,
                "service_icon": "http:\/\/www.redditstatic.com\/desktop2x\/img\/favicon\/apple-icon-57x57.png",
                "id": 1,
                "original_url": "https:\/\/www.reddit.com\/r\/Terraform\/comments\/o1o8dd\/is_count_the_best_conditional_expression_for_my\/"
            }
        ],
        "edited": {
            "user": "BG3N7LG73",
            "ts": "1623903998.000000"
        }
    }
]