[
    {
        "client_msg_id": "3db1998e-7a66-45c4-9304-fe5f9fc610f8",
        "type": "message",
        "text": "v0.15のbetaもう出ましたね。思ったよりも早い。\n<https:\/\/github.com\/hashicorp\/terraform\/releases\/tag\/v0.15.0-beta1>",
        "user": "UHS4SFFA7",
        "ts": "1614212807.001400",
        "team": "TFU0BKCQP",
        "user_team": "TFU0BKCQP",
        "source_team": "TFU0BKCQP",
        "user_profile": {
            "avatar_hash": "gade34f8bdf1",
            "image_72": "https:\/\/secure.gravatar.com\/avatar\/5ade34f8bdf1b55c4ff82c11cf23cf42.jpg?s=72&d=https%3A%2F%2Fa.slack-edge.com%2Fdf10d%2Fimg%2Favatars%2Fava_0008-72.png",
            "first_name": "",
            "real_name": "minamijoyo",
            "display_name": "minamijoyo",
            "team": "TFU0BKCQP",
            "name": "minamijoyo",
            "is_restricted": false,
            "is_ultra_restricted": false
        },
        "blocks": [
            {
                "type": "rich_text",
                "block_id": "LJhC",
                "elements": [
                    {
                        "type": "rich_text_section",
                        "elements": [
                            {
                                "type": "text",
                                "text": "v0.15のbetaもう出ましたね。思ったよりも早い。\n"
                            },
                            {
                                "type": "link",
                                "url": "https:\/\/github.com\/hashicorp\/terraform\/releases\/tag\/v0.15.0-beta1"
                            }
                        ]
                    }
                ]
            }
        ],
        "reactions": [
            {
                "name": "tada",
                "users": [
                    "UFU0BKD8F"
                ],
                "count": 1
            }
        ]
    },
    {
        "client_msg_id": "4710a1e5-5069-49b8-a1c2-0dcd51819ee8",
        "type": "message",
        "text": "<https:\/\/discuss.hashicorp.com\/t\/terraform-0-15-0-beta1-released\/21368>",
        "user": "UHS4SFFA7",
        "ts": "1614214003.001700",
        "team": "TFU0BKCQP",
        "user_team": "TFU0BKCQP",
        "source_team": "TFU0BKCQP",
        "user_profile": {
            "avatar_hash": "gade34f8bdf1",
            "image_72": "https:\/\/secure.gravatar.com\/avatar\/5ade34f8bdf1b55c4ff82c11cf23cf42.jpg?s=72&d=https%3A%2F%2Fa.slack-edge.com%2Fdf10d%2Fimg%2Favatars%2Fava_0008-72.png",
            "first_name": "",
            "real_name": "minamijoyo",
            "display_name": "minamijoyo",
            "team": "TFU0BKCQP",
            "name": "minamijoyo",
            "is_restricted": false,
            "is_ultra_restricted": false
        },
        "attachments": [
            {
                "service_name": "HashiCorp Discuss",
                "title": "Terraform 0.15.0-beta1 Released!",
                "title_link": "https:\/\/discuss.hashicorp.com\/t\/terraform-0-15-0-beta1-released\/21368",
                "text": "We’ve released Terraform 0.15.0-beta1, which marks the start of the prerelease testing period for Terraform v0.15. We plan to publish at least one more beta release and one release candidate before the final 0.15.0. During this period, we’d be very grateful if you could help test the release for any unusual behavior. We do not recommend using beta releases in production. While this release has seen some alpha testing prior to these beta releases, the betas will be the first exposure of some of...",
                "fallback": "HashiCorp Discuss: Terraform 0.15.0-beta1 Released!",
                "thumb_url": "https:\/\/aws1.discourse-cdn.com\/hashicorp\/original\/1X\/154331ed085112b536f7a0c4c5355c17a57e53c1.png",
                "ts": 1614193895,
                "from_url": "https:\/\/discuss.hashicorp.com\/t\/terraform-0-15-0-beta1-released\/21368",
                "thumb_width": 65,
                "thumb_height": 65,
                "service_icon": "https:\/\/aws1.discourse-cdn.com\/hashicorp\/optimized\/1X\/154331ed085112b536f7a0c4c5355c17a57e53c1_2_180x180.png",
                "id": 1,
                "original_url": "https:\/\/discuss.hashicorp.com\/t\/terraform-0-15-0-beta1-released\/21368"
            }
        ],
        "blocks": [
            {
                "type": "rich_text",
                "block_id": "3C+B",
                "elements": [
                    {
                        "type": "rich_text_section",
                        "elements": [
                            {
                                "type": "link",
                                "url": "https:\/\/discuss.hashicorp.com\/t\/terraform-0-15-0-beta1-released\/21368"
                            }
                        ]
                    }
                ]
            }
        ]
    },
    {
        "client_msg_id": "df6cb70f-0ef4-4e59-a27c-f86b7245eb51",
        "type": "message",
        "text": "&gt; Terraform 0.15 is a largely a housekeeping release to prepare for Terraform 1.0. A number of deprecations have been completed with removals and\/or errors.",
        "user": "UHS4SFFA7",
        "ts": "1614214026.002100",
        "team": "TFU0BKCQP",
        "user_team": "TFU0BKCQP",
        "source_team": "TFU0BKCQP",
        "user_profile": {
            "avatar_hash": "gade34f8bdf1",
            "image_72": "https:\/\/secure.gravatar.com\/avatar\/5ade34f8bdf1b55c4ff82c11cf23cf42.jpg?s=72&d=https%3A%2F%2Fa.slack-edge.com%2Fdf10d%2Fimg%2Favatars%2Fava_0008-72.png",
            "first_name": "",
            "real_name": "minamijoyo",
            "display_name": "minamijoyo",
            "team": "TFU0BKCQP",
            "name": "minamijoyo",
            "is_restricted": false,
            "is_ultra_restricted": false
        },
        "blocks": [
            {
                "type": "rich_text",
                "block_id": "DepB",
                "elements": [
                    {
                        "type": "rich_text_quote",
                        "elements": [
                            {
                                "type": "text",
                                "text": "Terraform 0.15 is a largely a housekeeping release to prepare for Terraform 1.0. A number of deprecations have been completed with removals and\/or errors."
                            }
                        ]
                    }
                ]
            }
        ]
    },
    {
        "client_msg_id": "3f3e9165-76e8-4a8c-8188-8cf573e75349",
        "type": "message",
        "text": "テーマは技術的負債の解消ってかんじ",
        "user": "UHS4SFFA7",
        "ts": "1614214080.002500",
        "team": "TFU0BKCQP",
        "user_team": "TFU0BKCQP",
        "source_team": "TFU0BKCQP",
        "user_profile": {
            "avatar_hash": "gade34f8bdf1",
            "image_72": "https:\/\/secure.gravatar.com\/avatar\/5ade34f8bdf1b55c4ff82c11cf23cf42.jpg?s=72&d=https%3A%2F%2Fa.slack-edge.com%2Fdf10d%2Fimg%2Favatars%2Fava_0008-72.png",
            "first_name": "",
            "real_name": "minamijoyo",
            "display_name": "minamijoyo",
            "team": "TFU0BKCQP",
            "name": "minamijoyo",
            "is_restricted": false,
            "is_ultra_restricted": false
        },
        "blocks": [
            {
                "type": "rich_text",
                "block_id": "RLaY",
                "elements": [
                    {
                        "type": "rich_text_section",
                        "elements": [
                            {
                                "type": "text",
                                "text": "テーマは技術的負債の解消ってかんじ"
                            }
                        ]
                    }
                ]
            }
        ]
    }
]