[
    {
        "type": "message",
        "subtype": "bot_message",
        "text": "<https:\/\/www.reddit.com\/r\/Terraform\/comments\/l5fkpg\/ansible_and_terraform_together_automate_nextcloud\/|Ansible and Terraform together: Automate Nextcloud and OnlyOffice in one of five clouds with text and video step-by-step guides>\nHi all, maker of <https:\/\/github.com\/chadgeary\/cloudblock|cloudblock> here with a new project: <https:\/\/github.com\/chadgeary\/cloudblock|cloudoffice> CloudOffice automates deployment of Nextcloud and OnlyOffice - you choose which cloud to deploy in! Options include AWS, Azure, Digital Ocean, Google Cloud, and Oracle Cloud. Each includes step-by-step text guides, plus a video to follow along with me as we go through the guide. Guides are tailored towards Windows, though...",
        "ts": "1611674209.008400",
        "username": "Terraform",
        "icons": {
            "image_48": "https:\/\/s3-us-west-2.amazonaws.com\/slack-files2\/bot_icons\/2019-02-12\/548785199618_48.png"
        },
        "bot_id": "BG3N7LG73",
        "attachments": [
            {
                "service_name": "reddit",
                "title": "Ansible and Terraform together: Automate Nextcloud and OnlyOffice in one of five clouds with text and video step-by-step guides",
                "title_link": "https:\/\/www.reddit.com\/r\/Terraform\/comments\/l5fkpg\/ansible_and_terraform_together_automate_nextcloud\/",
                "text": "Hi all, maker of [cloudblock](<https:\/\/github.com\/chadgeary\/cloudblock>) here with a new project:...",
                "fallback": "reddit: Ansible and Terraform together: Automate Nextcloud and OnlyOffice in one of five clouds with text and video step-by-step guides",
                "thumb_url": "https:\/\/www.redditstatic.com\/new-icon.png",
                "from_url": "https:\/\/www.reddit.com\/r\/Terraform\/comments\/l5fkpg\/ansible_and_terraform_together_automate_nextcloud\/",
                "thumb_width": 256,
                "thumb_height": 256,
                "service_icon": "http:\/\/www.redditstatic.com\/desktop2x\/img\/favicon\/apple-icon-57x57.png",
                "id": 1,
                "original_url": "https:\/\/www.reddit.com\/r\/Terraform\/comments\/l5fkpg\/ansible_and_terraform_together_automate_nextcloud\/"
            },
            {
                "service_name": "GitHub",
                "title": "chadgeary\/cloudblock",
                "title_link": "https:\/\/github.com\/chadgeary\/cloudblock",
                "text": "Cloudblock automates deployment of secure ad-blocking for all of your devices - even when mobile. Step-by-step text and video guides included! Compatible clouds include AWS, Azure, Google Cloud, an...",
                "fallback": "GitHub: chadgeary\/cloudblock",
                "from_url": "https:\/\/github.com\/chadgeary\/cloudblock",
                "thumb_url": "https:\/\/repository-images.githubusercontent.com\/241555935\/8529fa00-24ea-11eb-826a-b9709a949e47",
                "thumb_width": 508,
                "thumb_height": 250,
                "service_icon": "https:\/\/a.slack-edge.com\/80588\/img\/unfurl_icons\/github.png",
                "id": 2,
                "original_url": "https:\/\/github.com\/chadgeary\/cloudblock"
            }
        ],
        "edited": {
            "user": "BG3N7LG73",
            "ts": "1611674209.000000"
        }
    },
    {
        "type": "message",
        "subtype": "bot_message",
        "text": "<https:\/\/www.reddit.com\/r\/Terraform\/comments\/l5gilh\/terraform_interpolation_issue\/|terraform interpolation issue>\nI am having some issues with some modules and don't quite understand the new formatting. I am using azurerm and when you provide a var for a value in a resource do you use \"var.object\" or var.object or \"${var.object}\" (the last from what I understand is NIU for the lastest version. Iam currently running 0.14.3. My Directory structure is as follows  Terraform\n -- Dev - - <https:\/\/devenvbuild.tf\/|Devenvbuild.tf> In the devenv build I am calling various modules and one of them has...",
        "ts": "1611676008.008600",
        "username": "Terraform",
        "icons": {
            "image_48": "https:\/\/s3-us-west-2.amazonaws.com\/slack-files2\/bot_icons\/2019-02-12\/548785199618_48.png"
        },
        "bot_id": "BG3N7LG73",
        "attachments": [
            {
                "service_name": "reddit",
                "title": "terraform interpolation issue",
                "title_link": "https:\/\/www.reddit.com\/r\/Terraform\/comments\/l5gilh\/terraform_interpolation_issue\/",
                "text": "I am having some issues with some modules and don't quite understand the new formatting. I am using azurerm and when you provide a var for a value...",
                "fallback": "reddit: terraform interpolation issue",
                "thumb_url": "https:\/\/www.redditstatic.com\/new-icon.png",
                "from_url": "https:\/\/www.reddit.com\/r\/Terraform\/comments\/l5gilh\/terraform_interpolation_issue\/",
                "thumb_width": 256,
                "thumb_height": 256,
                "service_icon": "http:\/\/www.redditstatic.com\/desktop2x\/img\/favicon\/apple-icon-57x57.png",
                "id": 1,
                "original_url": "https:\/\/www.reddit.com\/r\/Terraform\/comments\/l5gilh\/terraform_interpolation_issue\/"
            }
        ],
        "edited": {
            "user": "BG3N7LG73",
            "ts": "1611676008.000000"
        }
    },
    {
        "type": "message",
        "subtype": "bot_message",
        "text": "<https:\/\/www.reddit.com\/r\/Terraform\/comments\/l5hrim\/bootstrap_project_with_aws_and_terraform_with\/|Bootstrap project with aws and terraform with localstack - Study, QA, IaC testing, etc>\nFor those interested aws and terraform for studying without a real AWS account, or having an initial project for you development local environment, QA environment, or execute Infrastructure-as-Code tests, etc, I created this little project here. <https:\/\/github.com\/edgar-anascimento\/terraform-localstack-setup|https:\/\/github.com\/edgar-anascimento\/terraform-localstack-setup> ​ Just follow the instructions and you're good to go. ​ Cheers!    submitted by   &lt;a...",
        "ts": "1611680214.008800",
        "username": "Terraform",
        "icons": {
            "image_48": "https:\/\/s3-us-west-2.amazonaws.com\/slack-files2\/bot_icons\/2019-02-12\/548785199618_48.png"
        },
        "bot_id": "BG3N7LG73",
        "attachments": [
            {
                "service_name": "reddit",
                "title": "Bootstrap project with aws and terraform with localstack - Study, QA, IaC testing, etc",
                "title_link": "https:\/\/www.reddit.com\/r\/Terraform\/comments\/l5hrim\/bootstrap_project_with_aws_and_terraform_with\/",
                "text": "For those interested aws and terraform for studying without a real AWS account, or having an initial project for you development local...",
                "fallback": "reddit: Bootstrap project with aws and terraform with localstack - Study, QA, IaC testing, etc",
                "thumb_url": "https:\/\/www.redditstatic.com\/new-icon.png",
                "from_url": "https:\/\/www.reddit.com\/r\/Terraform\/comments\/l5hrim\/bootstrap_project_with_aws_and_terraform_with\/",
                "thumb_width": 256,
                "thumb_height": 256,
                "service_icon": "http:\/\/www.redditstatic.com\/desktop2x\/img\/favicon\/apple-icon-57x57.png",
                "id": 1,
                "original_url": "https:\/\/www.reddit.com\/r\/Terraform\/comments\/l5hrim\/bootstrap_project_with_aws_and_terraform_with\/"
            },
            {
                "service_name": "GitHub",
                "title": "edgar-anascimento\/terraform-localstack-setup",
                "title_link": "https:\/\/github.com\/edgar-anascimento\/terraform-localstack-setup",
                "text": "This repository is intended to register an idea to bootstrap a study or QA terraform project using localstack docker container to simulate AWS Services. Also it uses local S3 bucket as backend and ...",
                "fallback": "GitHub: edgar-anascimento\/terraform-localstack-setup",
                "thumb_url": "https:\/\/avatars.githubusercontent.com\/u\/29614331?s=400&v=4",
                "from_url": "https:\/\/github.com\/edgar-anascimento\/terraform-localstack-setup",
                "thumb_width": 400,
                "thumb_height": 400,
                "service_icon": "https:\/\/a.slack-edge.com\/80588\/img\/unfurl_icons\/github.png",
                "id": 2,
                "original_url": "https:\/\/github.com\/edgar-anascimento\/terraform-localstack-setup"
            }
        ],
        "edited": {
            "user": "BG3N7LG73",
            "ts": "1611680214.000000"
        }
    },
    {
        "type": "message",
        "subtype": "bot_message",
        "text": "<https:\/\/www.reddit.com\/r\/Terraform\/comments\/l5kfh0\/help_with_sourcing_a_local_child_module\/|Help with sourcing a local child module.>\nI have a <https:\/\/main.tf\/|main.tf> file in a root directory and a subfolder beneath it called \"testmod\" with a <https:\/\/test.tf\/|test.tf> file. In <https:\/\/test.tf\/|test.tf>, the module is named \"test\" as shown: module \"test\" { } In <https:\/\/main.tf\/|main.tf>, I am calling the test module like this: module \"test\" {source = \".\/testmod\"} ​ However, when I run terraform init, I get the following error: Error: Failed to download module ​ Could not...",
        "ts": "1611686814.009000",
        "username": "Terraform",
        "icons": {
            "image_48": "https:\/\/s3-us-west-2.amazonaws.com\/slack-files2\/bot_icons\/2019-02-12\/548785199618_48.png"
        },
        "bot_id": "BG3N7LG73",
        "attachments": [
            {
                "service_name": "reddit",
                "title": "Help with sourcing a local child module.",
                "title_link": "https:\/\/www.reddit.com\/r\/Terraform\/comments\/l5kfh0\/help_with_sourcing_a_local_child_module\/",
                "text": "I have a [<http:\/\/main.tf|main.tf>](<https:\/\/main.tf>) file in a root directory and a subfolder beneath it called \"testmod\" with a [<http:\/\/test.tf|test.tf>](<https:\/\/test.tf>) file....",
                "fallback": "reddit: Help with sourcing a local child module.",
                "thumb_url": "https:\/\/www.redditstatic.com\/new-icon.png",
                "from_url": "https:\/\/www.reddit.com\/r\/Terraform\/comments\/l5kfh0\/help_with_sourcing_a_local_child_module\/",
                "thumb_width": 256,
                "thumb_height": 256,
                "service_icon": "http:\/\/www.redditstatic.com\/desktop2x\/img\/favicon\/apple-icon-57x57.png",
                "id": 1,
                "original_url": "https:\/\/www.reddit.com\/r\/Terraform\/comments\/l5kfh0\/help_with_sourcing_a_local_child_module\/"
            }
        ],
        "edited": {
            "user": "BG3N7LG73",
            "ts": "1611686814.000000"
        }
    },
    {
        "type": "message",
        "subtype": "bot_message",
        "text": "<https:\/\/www.reddit.com\/r\/Terraform\/comments\/l5stg6\/when_running_terraform_inside_container_is_it_bad\/|When running terraform inside container, is it bad idea to run terraform with root user?>\nI'm working on modifying scripts created by other developers in my team, and found that terraform runs as root inside container. I suppose using non-root user minimizes damage of security issues that allows arbitrary code execution. Running terraform with root user also cause issues with file owners and permissions (if host OS is also linux), and allow terraform to modify anything (or create files) inside container.  I haven't heard of any real example of arbitrary code execution issues on...",
        "ts": "1611710814.009200",
        "username": "Terraform",
        "icons": {
            "image_48": "https:\/\/s3-us-west-2.amazonaws.com\/slack-files2\/bot_icons\/2019-02-12\/548785199618_48.png"
        },
        "bot_id": "BG3N7LG73",
        "attachments": [
            {
                "service_name": "reddit",
                "title": "When running terraform inside container, is it bad idea to run terraform with root user?",
                "title_link": "https:\/\/www.reddit.com\/r\/Terraform\/comments\/l5stg6\/when_running_terraform_inside_container_is_it_bad\/",
                "text": "I'm working on modifying scripts created by other developers in my team, and found that terraform runs as root inside container. I suppose using...",
                "fallback": "reddit: When running terraform inside container, is it bad idea to run terraform with root user?",
                "thumb_url": "https:\/\/www.redditstatic.com\/new-icon.png",
                "from_url": "https:\/\/www.reddit.com\/r\/Terraform\/comments\/l5stg6\/when_running_terraform_inside_container_is_it_bad\/",
                "thumb_width": 256,
                "thumb_height": 256,
                "service_icon": "http:\/\/www.redditstatic.com\/desktop2x\/img\/favicon\/apple-icon-57x57.png",
                "id": 1,
                "original_url": "https:\/\/www.reddit.com\/r\/Terraform\/comments\/l5stg6\/when_running_terraform_inside_container_is_it_bad\/"
            }
        ],
        "edited": {
            "user": "BG3N7LG73",
            "ts": "1611710815.000000"
        }
    },
    {
        "type": "message",
        "subtype": "bot_message",
        "text": "<https:\/\/www.reddit.com\/r\/Terraform\/comments\/l5swy5\/help_with_countindex_of_module\/|Help with count.index of module>\nI'm trying to create multiple cloudwatch alarms for AWS based on the instances being created from a module. Psuedo code: module: resource \"aws_instance\" \"instance\" { ami_id = \"xxxxx\" output \"id\" { value = aws_instance.instance.instance_id }  <http:\/\/instance.tf|instance.tf> module \"instance\" { source = \"..\/mysource\/instances\" count = var.instance_count } resource \"cw_metric_alarm\" { count = var.instance_count dimensions = { InstanceId = module.instance.id[count.index] }  I'm getting an 'unsupported attribute'...",
        "ts": "1611710814.009300",
        "username": "Terraform",
        "icons": {
            "image_48": "https:\/\/s3-us-west-2.amazonaws.com\/slack-files2\/bot_icons\/2019-02-12\/548785199618_48.png"
        },
        "bot_id": "BG3N7LG73",
        "attachments": [
            {
                "service_name": "reddit",
                "title": "Help with count.index of module",
                "title_link": "https:\/\/www.reddit.com\/r\/Terraform\/comments\/l5swy5\/help_with_countindex_of_module\/",
                "text": "I'm trying to create multiple cloudwatch alarms for AWS based on the instances being created from a module. Psuedo code: module: resource...",
                "fallback": "reddit: Help with count.index of module",
                "thumb_url": "https:\/\/www.redditstatic.com\/new-icon.png",
                "from_url": "https:\/\/www.reddit.com\/r\/Terraform\/comments\/l5swy5\/help_with_countindex_of_module\/",
                "thumb_width": 256,
                "thumb_height": 256,
                "service_icon": "http:\/\/www.redditstatic.com\/desktop2x\/img\/favicon\/apple-icon-57x57.png",
                "id": 1,
                "original_url": "https:\/\/www.reddit.com\/r\/Terraform\/comments\/l5swy5\/help_with_countindex_of_module\/"
            }
        ],
        "edited": {
            "user": "BG3N7LG73",
            "ts": "1611710815.000000"
        }
    },
    {
        "type": "message",
        "subtype": "bot_message",
        "text": "<https:\/\/www.reddit.com\/r\/Terraform\/comments\/l5szkr\/auto_remediation_of_cloud_environments_breaking\/|Auto Remediation of Cloud environments breaking terraform>\nNeed help finding out how to enable terraform to handle changes made to a GCP environment by a complaince tool or confi mgmt tool. I have not witnessed but been told that if you have such a tool perform automated changes instead of doing through terraform it will break the tform state. ​ Questions is this true? how can tform work with such tools? ​ any links or answers are welcome.    submitted by   <https:\/\/www.reddit.com\/user\/shocadmin| \/u\/shocadmin > \n&lt;a...",
        "ts": "1611710814.009400",
        "username": "Terraform",
        "icons": {
            "image_48": "https:\/\/s3-us-west-2.amazonaws.com\/slack-files2\/bot_icons\/2019-02-12\/548785199618_48.png"
        },
        "bot_id": "BG3N7LG73",
        "attachments": [
            {
                "service_name": "reddit",
                "title": "Auto Remediation of Cloud environments breaking terraform",
                "title_link": "https:\/\/www.reddit.com\/r\/Terraform\/comments\/l5szkr\/auto_remediation_of_cloud_environments_breaking\/",
                "text": "Need help finding out how to enable terraform to handle changes made to a GCP environment by a complaince tool or confi mgmt tool. I have not...",
                "fallback": "reddit: Auto Remediation of Cloud environments breaking terraform",
                "thumb_url": "https:\/\/www.redditstatic.com\/new-icon.png",
                "from_url": "https:\/\/www.reddit.com\/r\/Terraform\/comments\/l5szkr\/auto_remediation_of_cloud_environments_breaking\/",
                "thumb_width": 256,
                "thumb_height": 256,
                "service_icon": "http:\/\/www.redditstatic.com\/desktop2x\/img\/favicon\/apple-icon-57x57.png",
                "id": 1,
                "original_url": "https:\/\/www.reddit.com\/r\/Terraform\/comments\/l5szkr\/auto_remediation_of_cloud_environments_breaking\/"
            },
            {
                "title": "overview for shocadmin",
                "title_link": "https:\/\/www.reddit.com\/user\/shocadmin",
                "text": "The u\/shocadmin community on Reddit. Reddit gives you the best of the internet in one place.",
                "fallback": "overview for shocadmin",
                "from_url": "https:\/\/www.reddit.com\/user\/shocadmin",
                "service_icon": "http:\/\/www.redditstatic.com\/desktop2x\/img\/favicon\/apple-icon-57x57.png",
                "service_name": "reddit.com",
                "id": 2,
                "original_url": "https:\/\/www.reddit.com\/user\/shocadmin"
            }
        ],
        "edited": {
            "user": "BG3N7LG73",
            "ts": "1611710815.000000"
        }
    },
    {
        "type": "message",
        "subtype": "bot_message",
        "text": "<https:\/\/qiita.com\/yoshii0110\/items\/38f0dd1008bf31090c77|便利なterraformコマンド3選 (備忘録)>\n<https:\/\/qiita.com\/#%E3%81%AF%E3%81%98%E3%82%81%E3%81%AB>はじめに\n\ntfstateで管理しているリソースのリストが見たい\ntfstateから特定のリソースを管理外にしたい\n作成済みのリソースを狙ったtfstateの管理下にしたい\n上記のような対応がしたいときにおすすめのコマンドを記載します。\n\n\n<https:\/\/qiita.com\/#tfstate%E3%81%A7%E7%AE%A1%E7%90%86%E3%81%97%E3%81%A6%E3%81%84%E3%82%8B%E3%83%AA%E3%82%BD%E3%83%BC%E3%82%B9%E3%81%AE%E3%83%AA%E3%82%B9%E3%83%88%E3%81%8C%E8%A6%8B%E3%81%9F%E3%81%84>tfstateで管理しているリソースのリストが見たい\n\nterraform state list\n\n\n上記のコマンドで、モジュールを含むすべてのリソースを一覧表示できます。\n&lt;a...",
        "ts": "1611719808.009800",
        "username": "Terraformタグが付けられた新着記事 - Qiita",
        "icons": {
            "image_36": "https:\/\/a.slack-edge.com\/80588\/img\/services\/rss_36.png",
            "image_48": "https:\/\/a.slack-edge.com\/80588\/img\/services\/rss_48.png",
            "image_72": "https:\/\/a.slack-edge.com\/80588\/img\/services\/rss_72.png"
        },
        "bot_id": "BG3N7LG73",
        "attachments": [
            {
                "service_name": "Qiita",
                "title": "便利なterraformコマンド3選 (備忘録)  - Qiita",
                "title_link": "https:\/\/qiita.com\/yoshii0110\/items\/38f0dd1008bf31090c77",
                "text": "はじめに tfstateで管理しているリソースのリストが見たい tfstateから特定のリソースを管理外にしたい 作成済みのリソースを狙ったtfstateの管理下にしたい 上記のような対応がしたいときにおすすめのコマンドを...",
                "fallback": "Qiita: 便利なterraformコマンド3選 (備忘録)  - Qiita",
                "image_url": "https:\/\/qiita-user-contents.imgix.net\/https%3A%2F%2Fcdn.qiita.com%2Fassets%2Fpublic%2Farticle-ogp-background-1150d8b18a7c15795b701a55ae908f94.png?ixlib=rb-1.2.2&w=1200&mark=https%3A%2F%2Fqiita-user-contents.imgix.net%2F~text%3Fixlib%3Drb-1.2.2%26w%3D840%26h%3D380%26txt%3D%25E4%25BE%25BF%25E5%2588%25A9%25E3%2581%25AAterraform%25E3%2582%25B3%25E3%2583%259E%25E3%2583%25B3%25E3%2583%25893%25E9%2581%25B8%2520%2528%25E5%2582%2599%25E5%25BF%2598%25E9%258C%25B2%2529%2520%26txt-color%3D%2523333%26txt-font%3DHiragino%2520Sans%2520W6%26txt-size%3D54%26txt-clip%3Dellipsis%26txt-align%3Dcenter%252Cmiddle%26s%3D50414039e8d2be90cfe473d8e76b22a6&mark-align=center%2Cmiddle&blend=https%3A%2F%2Fqiita-user-contents.imgix.net%2F~text%3Fixlib%3Drb-1.2.2%26w%3D840%26h%3D500%26txt%3D%2540yoshii0110%26txt-color%3D%2523333%26txt-font%3DHiragino%2520Sans%2520W6%26txt-size%3D45%26txt-align%3Dright%252Cbottom%26s%3Db5063081ec9ea065e6dcced4bd1c62a5&blend-align=center%2Cmiddle&blend-mode=normal&s=3260be583391796ef72b55c28a980a6f",
                "from_url": "https:\/\/qiita.com\/yoshii0110\/items\/38f0dd1008bf31090c77",
                "image_width": 476,
                "image_height": 250,
                "image_bytes": 48775,
                "service_icon": "https:\/\/cdn.qiita.com\/assets\/favicons\/public\/apple-touch-icon-ec5ba42a24ae923f16825592efdc356f.png",
                "id": 1,
                "original_url": "https:\/\/qiita.com\/yoshii0110\/items\/38f0dd1008bf31090c77"
            },
            {
                "service_name": "Qiita",
                "title": "プログラマの技術情報共有サービス - Qiita",
                "title_link": "https:\/\/qiita.com\/#%E3%81%AF%E3%81%98%E3%82%81%E3%81%AB",
                "text": "Qiitaは、プログラマのための技術情報共有サービスです。 プログラミングに関するTips、ノウハウ、メモを簡単に記録 &amp; 公開することができます。",
                "fallback": "Qiita: プログラマの技術情報共有サービス - Qiita",
                "thumb_url": "https:\/\/cdn.qiita.com\/assets\/qiita-fb-41f9429f13a8c56f50dd0ab477c80d26.png",
                "from_url": "https:\/\/qiita.com\/#%E3%81%AF%E3%81%98%E3%82%81%E3%81%AB",
                "thumb_width": 1200,
                "thumb_height": 630,
                "service_icon": "https:\/\/cdn.qiita.com\/assets\/favicons\/public\/apple-touch-icon-ec5ba42a24ae923f16825592efdc356f.png",
                "id": 2,
                "original_url": "https:\/\/qiita.com\/#%E3%81%AF%E3%81%98%E3%82%81%E3%81%AB"
            },
            {
                "service_name": "Qiita",
                "title": "プログラマの技術情報共有サービス - Qiita",
                "title_link": "https:\/\/qiita.com\/#tfstate%E3%81%A7%E7%AE%A1%E7%90%86%E3%81%97%E3%81%A6%E3%81%84%E3%82%8B%E3%83%AA%E3%82%BD%E3%83%BC%E3%82%B9%E3%81%AE%E3%83%AA%E3%82%B9%E3%83%88%E3%81%8C%E8%A6%8B%E3%81%9F%E3%81%84",
                "text": "Qiitaは、プログラマのための技術情報共有サービスです。 プログラミングに関するTips、ノウハウ、メモを簡単に記録 &amp; 公開することができます。",
                "fallback": "Qiita: プログラマの技術情報共有サービス - Qiita",
                "thumb_url": "https:\/\/cdn.qiita.com\/assets\/qiita-fb-41f9429f13a8c56f50dd0ab477c80d26.png",
                "from_url": "https:\/\/qiita.com\/#tfstate%E3%81%A7%E7%AE%A1%E7%90%86%E3%81%97%E3%81%A6%E3%81%84%E3%82%8B%E3%83%AA%E3%82%BD%E3%83%BC%E3%82%B9%E3%81%AE%E3%83%AA%E3%82%B9%E3%83%88%E3%81%8C%E8%A6%8B%E3%81%9F%E3%81%84",
                "thumb_width": 1200,
                "thumb_height": 630,
                "service_icon": "https:\/\/cdn.qiita.com\/assets\/favicons\/public\/apple-touch-icon-ec5ba42a24ae923f16825592efdc356f.png",
                "id": 3,
                "original_url": "https:\/\/qiita.com\/#tfstate%E3%81%A7%E7%AE%A1%E7%90%86%E3%81%97%E3%81%A6%E3%81%84%E3%82%8B%E3%83%AA%E3%82%BD%E3%83%BC%E3%82%B9%E3%81%AE%E3%83%AA%E3%82%B9%E3%83%88%E3%81%8C%E8%A6%8B%E3%81%9F%E3%81%84"
            }
        ],
        "edited": {
            "user": "BG3N7LG73",
            "ts": "1611719808.000000"
        }
    },
    {
        "type": "message",
        "subtype": "bot_message",
        "text": "<https:\/\/qiita.com\/yumenomatayume\/items\/94205d1dc2b21cf09e92|Terraform Cloudで「this field cannot be set」エラーが出たので、terraformとtfstateファイルのversion upをする>\nGitHubリポジトリとTerraform Coudを連携させて、OCI(Oracle Cloud Infrastructure)のリソースを管理しているものがある。\n\nTerraform Cloudはクラウド上でTerraformが自動的に実行されるサービスであり、\nGitHubと連携すると以下の処理が走る。\n\nPR作成時にterraform planが実行される\nmasterブランチにpush or mergeされるとterraform applyが実行される\nこの時、いちいちPR作成してTerraform Cloudで実行されるのを待つのが面倒だったため、\nTerraform Cloudからtfstateファイルをダウロードして、ローカルPCでterraform plan\/applyを実行していた。\n\nこの時に「this field cannot be set」というエラーが発生した。\n\n\n<https:\/\/qiita.com\/#terraform%E3%81%AEversion-up>Terraformのversion up...",
        "ts": "1611724614.010000",
        "username": "Terraformタグが付けられた新着記事 - Qiita",
        "icons": {
            "image_36": "https:\/\/a.slack-edge.com\/80588\/img\/services\/rss_36.png",
            "image_48": "https:\/\/a.slack-edge.com\/80588\/img\/services\/rss_48.png",
            "image_72": "https:\/\/a.slack-edge.com\/80588\/img\/services\/rss_72.png"
        },
        "bot_id": "BG3N7LG73",
        "attachments": [
            {
                "service_name": "Qiita",
                "title": "Terraform Cloudで「this field cannot be set」エラーが出たので、terraformとtfstateファイルのversion upをする - Qiita",
                "title_link": "https:\/\/qiita.com\/yumenomatayume\/items\/94205d1dc2b21cf09e92",
                "text": "GitHubリポジトリとTerraform Coudを連携させて、OCI(Oracle Cloud Infrastructure)のリソースを管理しているものがある。 Terraform Cloudはクラウド上でTerraformが...",
                "fallback": "Qiita: Terraform Cloudで「this field cannot be set」エラーが出たので、terraformとtfstateファイルのversion upをする - Qiita",
                "image_url": "https:\/\/qiita-user-contents.imgix.net\/https%3A%2F%2Fcdn.qiita.com%2Fassets%2Fpublic%2Farticle-ogp-background-1150d8b18a7c15795b701a55ae908f94.png?ixlib=rb-1.2.2&w=1200&mark=https%3A%2F%2Fqiita-user-contents.imgix.net%2F~text%3Fixlib%3Drb-1.2.2%26w%3D840%26h%3D380%26txt%3DTerraform%2520Cloud%25E3%2581%25A7%25E3%2580%258Cthis%2520field%2520cannot%2520be%2520set%25E3%2580%258D%25E3%2582%25A8%25E3%2583%25A9%25E3%2583%25BC%25E3%2581%258C%25E5%2587%25BA%25E3%2581%259F%25E3%2581%25AE%25E3%2581%25A7%25E3%2580%2581terraform%25E3%2581%25A8tfstate%25E3%2583%2595%25E3%2582%25A1%25E3%2582%25A4%25E3%2583%25AB%25E3%2581%25AEversion%2520up%25E3%2582%2592%25E3%2581%2599%25E3%2582%258B%26txt-color%3D%2523333%26txt-font%3DHiragino%2520Sans%2520W6%26txt-size%3D54%26txt-clip%3Dellipsis%26txt-align%3Dcenter%252Cmiddle%26s%3D032b20233b519c0809aab46583772a39&mark-align=center%2Cmiddle&blend=https%3A%2F%2Fqiita-user-contents.imgix.net%2F~text%3Fixlib%3Drb-1.2.2%26w%3D840%26h%3D500%26txt%3D%2540yumenomatayume%26txt-color%3D%2523333%26txt-font%3DHiragino%2520Sans%2520W6%26txt-size%3D45%26txt-align%3Dright%252Cbottom%26s%3D91632a06741872d2afdc9940d3e7a15d&blend-align=center%2Cmiddle&blend-mode=normal&s=59b62dc7332f1c2059acef54b607129f",
                "from_url": "https:\/\/qiita.com\/yumenomatayume\/items\/94205d1dc2b21cf09e92",
                "image_width": 476,
                "image_height": 250,
                "image_bytes": 79667,
                "service_icon": "https:\/\/cdn.qiita.com\/assets\/favicons\/public\/apple-touch-icon-ec5ba42a24ae923f16825592efdc356f.png",
                "id": 1,
                "original_url": "https:\/\/qiita.com\/yumenomatayume\/items\/94205d1dc2b21cf09e92"
            },
            {
                "service_name": "Qiita",
                "title": "プログラマの技術情報共有サービス - Qiita",
                "title_link": "https:\/\/qiita.com\/#terraform%E3%81%AEversion-up",
                "text": "Qiitaは、プログラマのための技術情報共有サービスです。 プログラミングに関するTips、ノウハウ、メモを簡単に記録 &amp; 公開することができます。",
                "fallback": "Qiita: プログラマの技術情報共有サービス - Qiita",
                "thumb_url": "https:\/\/cdn.qiita.com\/assets\/qiita-fb-41f9429f13a8c56f50dd0ab477c80d26.png",
                "from_url": "https:\/\/qiita.com\/#terraform%E3%81%AEversion-up",
                "thumb_width": 1200,
                "thumb_height": 630,
                "service_icon": "https:\/\/cdn.qiita.com\/assets\/favicons\/public\/apple-touch-icon-ec5ba42a24ae923f16825592efdc356f.png",
                "id": 2,
                "original_url": "https:\/\/qiita.com\/#terraform%E3%81%AEversion-up"
            }
        ],
        "edited": {
            "user": "BG3N7LG73",
            "ts": "1611724615.000000"
        }
    }
]