[
    {
        "type": "message",
        "subtype": "bot_message",
        "text": "<https:\/\/www.reddit.com\/r\/Terraform\/comments\/l9aicd\/why_is_it_so_difficult_to_make_a_role_with_few\/|Why is it so difficult to make a role with few policies attached? (AWS)>\nI'm trying to provision Kinesis Firehose and it needs a number of permissions, but I'm reaching limits per policy. Thought to myself \"yo, just split this monster and make a few policies\". But it turns out Terraform does it in a very roundabout way, rather than just allowing a list input. There are role_policy_attachments and policy_attachments and role_policies. Stack overflow also suggested iterating through policies and using length() function... Why iam_role resource can't simply take a...",
        "ts": "1612093010.014800",
        "username": "Terraform",
        "icons": {
            "image_48": "https:\/\/s3-us-west-2.amazonaws.com\/slack-files2\/bot_icons\/2019-02-12\/548785199618_48.png"
        },
        "bot_id": "BG3N7LG73",
        "attachments": [
            {
                "service_name": "reddit",
                "title": "Why is it so difficult to make a role with few policies attached? (AWS)",
                "title_link": "https:\/\/www.reddit.com\/r\/Terraform\/comments\/l9aicd\/why_is_it_so_difficult_to_make_a_role_with_few\/",
                "text": "I'm trying to provision Kinesis Firehose and it needs a number of permissions, but I'm reaching limits per policy. Thought to myself \"yo, just...",
                "fallback": "reddit: Why is it so difficult to make a role with few policies attached? (AWS)",
                "thumb_url": "https:\/\/www.redditstatic.com\/new-icon.png",
                "from_url": "https:\/\/www.reddit.com\/r\/Terraform\/comments\/l9aicd\/why_is_it_so_difficult_to_make_a_role_with_few\/",
                "thumb_width": 256,
                "thumb_height": 256,
                "service_icon": "http:\/\/www.redditstatic.com\/desktop2x\/img\/favicon\/apple-icon-57x57.png",
                "id": 1,
                "original_url": "https:\/\/www.reddit.com\/r\/Terraform\/comments\/l9aicd\/why_is_it_so_difficult_to_make_a_role_with_few\/"
            }
        ],
        "edited": {
            "user": "BG3N7LG73",
            "ts": "1612093011.000000"
        }
    }
]