[
    {
        "type": "message",
        "subtype": "bot_message",
        "text": "<https:\/\/qiita.com\/kyohah\/items\/2ac79b2052e826ca1f66|terraformでcloudfront用のACMを取得する>\naliasを使い、providerで選択する。\n\n\nprovider \"aws\" {\n  alias  = \"virginia\"\n  region = \"us-east-1\"\n}\n\nresource \"aws_acm_certificate\" \"main\" {\n  provider = aws.virginia\n}\n\n\n<https:\/\/registry.terraform.io\/providers\/hashicorp\/aws\/latest\/docs\/resources\/acm_certificate#domain_validation_options|domain_validation_options>のSetは&lt;a...",
        "ts": "1612028807.014400",
        "username": "Terraformタグが付けられた新着記事 - Qiita",
        "icons": {
            "image_36": "https:\/\/a.slack-edge.com\/80588\/img\/services\/rss_36.png",
            "image_48": "https:\/\/a.slack-edge.com\/80588\/img\/services\/rss_48.png",
            "image_72": "https:\/\/a.slack-edge.com\/80588\/img\/services\/rss_72.png"
        },
        "bot_id": "BG3N7LG73",
        "attachments": [
            {
                "service_name": "Qiita",
                "title": "terraformでcloudfront用のACMを取得する - Qiita",
                "title_link": "https:\/\/qiita.com\/kyohah\/items\/2ac79b2052e826ca1f66",
                "text": "aliasを使い、providerで選択する。 provider \"aws\" { alias = \"virginia\" region = \"us-east-1\" } resource \"aws_acm_certific...",
                "fallback": "Qiita: terraformでcloudfront用のACMを取得する - Qiita",
                "image_url": "https:\/\/qiita-user-contents.imgix.net\/https%3A%2F%2Fcdn.qiita.com%2Fassets%2Fpublic%2Farticle-ogp-background-1150d8b18a7c15795b701a55ae908f94.png?ixlib=rb-1.2.2&w=1200&mark=https%3A%2F%2Fqiita-user-contents.imgix.net%2F~text%3Fixlib%3Drb-1.2.2%26w%3D840%26h%3D380%26txt%3Dterraform%25E3%2581%25A7cloudfront%25E7%2594%25A8%25E3%2581%25AEACM%25E3%2582%2592%25E5%258F%2596%25E5%25BE%2597%25E3%2581%2599%25E3%2582%258B%26txt-color%3D%2523333%26txt-font%3DHiragino%2520Sans%2520W6%26txt-size%3D54%26txt-clip%3Dellipsis%26txt-align%3Dcenter%252Cmiddle%26s%3D41fc5af0b7b95445e2293507d1323dc1&mark-align=center%2Cmiddle&blend=https%3A%2F%2Fqiita-user-contents.imgix.net%2F~text%3Fixlib%3Drb-1.2.2%26w%3D840%26h%3D500%26txt%3D%2540kyohah%26txt-color%3D%2523333%26txt-font%3DHiragino%2520Sans%2520W6%26txt-size%3D45%26txt-align%3Dright%252Cbottom%26s%3D828163545731190aadc2e527a94108ad&blend-align=center%2Cmiddle&blend-mode=normal&s=473802eab507e5027dfdd458e5b86a15",
                "from_url": "https:\/\/qiita.com\/kyohah\/items\/2ac79b2052e826ca1f66",
                "image_width": 476,
                "image_height": 250,
                "image_bytes": 47003,
                "service_icon": "https:\/\/cdn.qiita.com\/assets\/favicons\/public\/apple-touch-icon-ec5ba42a24ae923f16825592efdc356f.png",
                "id": 1,
                "original_url": "https:\/\/qiita.com\/kyohah\/items\/2ac79b2052e826ca1f66"
            }
        ],
        "edited": {
            "user": "BG3N7LG73",
            "ts": "1612028808.000000"
        }
    },
    {
        "type": "message",
        "subtype": "bot_message",
        "text": "<https:\/\/www.reddit.com\/r\/Terraform\/comments\/l948re\/aws_workspaces_terraform_to_create_directory_root\/|AWS workspaces Terraform to create directory root>\nI am working on a project to automate to have an http trigger call to have an ec2 instance created in AWS for users and from researching the flow is the http trigger from workday or Jira -&gt; terraform -&gt;AWS lambda\/Python botó 3.0 then email credentials out to manager. I’ve never worked with anything aside Python and researching how to build all this and then off boarding and possible flag to not delete if need instance to stay alive until manually deleted. Can anyone help push in right...",
        "ts": "1612067209.014600",
        "username": "Terraform",
        "icons": {
            "image_48": "https:\/\/s3-us-west-2.amazonaws.com\/slack-files2\/bot_icons\/2019-02-12\/548785199618_48.png"
        },
        "bot_id": "BG3N7LG73",
        "attachments": [
            {
                "service_name": "reddit",
                "title": "AWS workspaces Terraform to create directory root",
                "title_link": "https:\/\/www.reddit.com\/r\/Terraform\/comments\/l948re\/aws_workspaces_terraform_to_create_directory_root\/",
                "text": "I am working on a project to automate to have an http trigger call to have an ec2 instance created in AWS for users and from researching the flow...",
                "fallback": "reddit: AWS workspaces Terraform to create directory root",
                "thumb_url": "https:\/\/www.redditstatic.com\/new-icon.png",
                "from_url": "https:\/\/www.reddit.com\/r\/Terraform\/comments\/l948re\/aws_workspaces_terraform_to_create_directory_root\/",
                "thumb_width": 256,
                "thumb_height": 256,
                "service_icon": "http:\/\/www.redditstatic.com\/desktop2x\/img\/favicon\/apple-icon-57x57.png",
                "id": 1,
                "original_url": "https:\/\/www.reddit.com\/r\/Terraform\/comments\/l948re\/aws_workspaces_terraform_to_create_directory_root\/"
            }
        ],
        "edited": {
            "user": "BG3N7LG73",
            "ts": "1612067209.000000"
        }
    }
]