[
    {
        "type": "message",
        "subtype": "bot_message",
        "text": "<https:\/\/www.reddit.com\/r\/Terraform\/comments\/krkcn1\/proxmox_terraform_provider_terraform_import_fail\/|Proxmox Terraform Provider - Terraform import fail>\nHello, Did anyone manage to import an existing proxmox ressource via terraform import ? I'm using the Proxmox telmate provider. I got the following error:  [user@machine proxmox-test]$ terraform import proxmox_vm_qemu.test \"100\" proxmox_vm_qemu.test: Importing from ID \"100\"... proxmox_vm_qemu.test: Import prepared! Prepared proxmox_vm_qemu for import proxmox_vm_qemu.test: Refreshing state... [id=100]  Error: Unexpected error when trying to read and parse the resource: Invalid resource format:...",
        "ts": "1609925206.138000",
        "username": "Terraform",
        "icons": {
            "image_48": "https:\/\/s3-us-west-2.amazonaws.com\/slack-files2\/bot_icons\/2019-02-12\/548785199618_48.png"
        },
        "bot_id": "BG3N7LG73",
        "attachments": [
            {
                "service_name": "reddit",
                "title": "Proxmox Terraform Provider - Terraform import fail",
                "title_link": "https:\/\/www.reddit.com\/r\/Terraform\/comments\/krkcn1\/proxmox_terraform_provider_terraform_import_fail\/",
                "text": "Hello, Did anyone manage to import an existing proxmox ressource via terraform import ? I'm using the Proxmox telmate provider. I got the...",
                "fallback": "reddit: Proxmox Terraform Provider - Terraform import fail",
                "thumb_url": "https:\/\/www.redditstatic.com\/new-icon.png",
                "from_url": "https:\/\/www.reddit.com\/r\/Terraform\/comments\/krkcn1\/proxmox_terraform_provider_terraform_import_fail\/",
                "thumb_width": 256,
                "thumb_height": 256,
                "service_icon": "http:\/\/www.redditstatic.com\/desktop2x\/img\/favicon\/apple-icon-57x57.png",
                "id": 1,
                "original_url": "https:\/\/www.reddit.com\/r\/Terraform\/comments\/krkcn1\/proxmox_terraform_provider_terraform_import_fail\/"
            }
        ],
        "edited": {
            "user": "BG3N7LG73",
            "ts": "1609925207.000000"
        }
    },
    {
        "type": "message",
        "subtype": "bot_message",
        "text": "<https:\/\/qiita.com\/moya_dev\/items\/b3fc4c8f3242e8bb65f4|terraformで入れ子の値を無視（ignore_change）する方法>\n<https:\/\/qiita.com\/#ignore_changes-%E5%9F%BA%E6%9C%AC%E7%9A%84%E3%81%AA%E4%BD%BF%E3%81%84%E6%96%B9>ignore_changes 基本的な使い方\n\nterraformで、特定の項目をterraformで管理したくない場合、lifecycleのignore_changesが使えます。\n\n<https:\/\/www.terraform.io\/docs\/configuration\/meta-arguments\/lifecycle.html#ignore_changes|The lifecycle Meta-Argument - Configuration Language - Terraform by HashiCorp>\n\nドキュメントからの引用ですが、これが基本的な設定の仕方になります。\n\nresource \"aws_instance\" \"example\"...",
        "ts": "1609937202.138200",
        "username": "Terraformタグが付けられた新着記事 - Qiita",
        "icons": {
            "image_36": "https:\/\/a.slack-edge.com\/80588\/img\/services\/rss_36.png",
            "image_48": "https:\/\/a.slack-edge.com\/80588\/img\/services\/rss_48.png",
            "image_72": "https:\/\/a.slack-edge.com\/80588\/img\/services\/rss_72.png"
        },
        "bot_id": "BG3N7LG73",
        "attachments": [
            {
                "service_name": "Qiita",
                "title": "terraformで入れ子の値を無視（ignore_change）する方法 - Qiita",
                "title_link": "https:\/\/qiita.com\/moya_dev\/items\/b3fc4c8f3242e8bb65f4",
                "text": "ignore_changes 基本的な使い方 terraformで、特定の項目をterraformで管理したくない場合、lifecycleのignore_changesが使えます。 The lifecycle Meta-Arg...",
                "fallback": "Qiita: terraformで入れ子の値を無視（ignore_change）する方法 - Qiita",
                "image_url": "https:\/\/qiita-user-contents.imgix.net\/https%3A%2F%2Fcdn.qiita.com%2Fassets%2Fpublic%2Farticle-ogp-background-1150d8b18a7c15795b701a55ae908f94.png?ixlib=rb-1.2.2&w=1200&mark=https%3A%2F%2Fqiita-user-contents.imgix.net%2F~text%3Fixlib%3Drb-1.2.2%26w%3D840%26h%3D380%26txt%3Dterraform%25E3%2581%25A7%25E5%2585%25A5%25E3%2582%258C%25E5%25AD%2590%25E3%2581%25AE%25E5%2580%25A4%25E3%2582%2592%25E7%2584%25A1%25E8%25A6%2596%25EF%25BC%2588ignore_change%25EF%25BC%2589%25E3%2581%2599%25E3%2582%258B%25E6%2596%25B9%25E6%25B3%2595%26txt-color%3D%2523333%26txt-font%3DHiragino%2520Sans%2520W6%26txt-size%3D54%26txt-clip%3Dellipsis%26txt-align%3Dcenter%252Cmiddle%26s%3Dd9ea48b05eed5154f40b5b0448e031f0&mark-align=center%2Cmiddle&blend=https%3A%2F%2Fqiita-user-contents.imgix.net%2F~text%3Fixlib%3Drb-1.2.2%26w%3D840%26h%3D500%26txt%3D%2540moya_dev%26txt-color%3D%2523333%26txt-font%3DHiragino%2520Sans%2520W6%26txt-size%3D45%26txt-align%3Dright%252Cbottom%26s%3D55ba9053c6b04f55f53fb8bf45da13d2&blend-align=center%2Cmiddle&blend-mode=normal&s=6649014b2ab83b6c811cc7589c9628c1",
                "from_url": "https:\/\/qiita.com\/moya_dev\/items\/b3fc4c8f3242e8bb65f4",
                "image_width": 476,
                "image_height": 250,
                "image_bytes": 57237,
                "service_icon": "https:\/\/cdn.qiita.com\/assets\/favicons\/public\/apple-touch-icon-ec5ba42a24ae923f16825592efdc356f.png",
                "id": 1,
                "original_url": "https:\/\/qiita.com\/moya_dev\/items\/b3fc4c8f3242e8bb65f4"
            },
            {
                "service_name": "Qiita",
                "title": "プログラマの技術情報共有サービス - Qiita",
                "title_link": "https:\/\/qiita.com\/#ignore_changes-%E5%9F%BA%E6%9C%AC%E7%9A%84%E3%81%AA%E4%BD%BF%E3%81%84%E6%96%B9",
                "text": "Qiitaは、プログラマのための技術情報共有サービスです。 プログラミングに関するTips、ノウハウ、メモを簡単に記録 &amp; 公開することができます。",
                "fallback": "Qiita: プログラマの技術情報共有サービス - Qiita",
                "thumb_url": "https:\/\/cdn.qiita.com\/assets\/qiita-fb-41f9429f13a8c56f50dd0ab477c80d26.png",
                "from_url": "https:\/\/qiita.com\/#ignore_changes-%E5%9F%BA%E6%9C%AC%E7%9A%84%E3%81%AA%E4%BD%BF%E3%81%84%E6%96%B9",
                "thumb_width": 1200,
                "thumb_height": 630,
                "service_icon": "https:\/\/cdn.qiita.com\/assets\/favicons\/public\/apple-touch-icon-ec5ba42a24ae923f16825592efdc356f.png",
                "id": 2,
                "original_url": "https:\/\/qiita.com\/#ignore_changes-%E5%9F%BA%E6%9C%AC%E7%9A%84%E3%81%AA%E4%BD%BF%E3%81%84%E6%96%B9"
            },
            {
                "service_name": "Terraform by HashiCorp",
                "title": "The lifecycle Meta-Argument - Configuration Language - Terraform by HashiCorp",
                "title_link": "https:\/\/www.terraform.io\/docs\/configuration\/meta-arguments\/lifecycle.html#ignore_changes",
                "text": "Terraform by HashiCorp",
                "fallback": "Terraform by HashiCorp: The lifecycle Meta-Argument - Configuration Language - Terraform by HashiCorp",
                "thumb_url": "https:\/\/www.terraform.io\/assets\/images\/og-image-8b3e4f7d.png",
                "from_url": "https:\/\/www.terraform.io\/docs\/configuration\/meta-arguments\/lifecycle.html#ignore_changes",
                "thumb_width": 712,
                "thumb_height": 712,
                "service_icon": "https:\/\/www.terraform.io\/assets\/images\/favicons\/apple-touch-icon-13180a24.png",
                "id": 3,
                "original_url": "https:\/\/www.terraform.io\/docs\/configuration\/meta-arguments\/lifecycle.html#ignore_changes"
            }
        ],
        "edited": {
            "user": "BG3N7LG73",
            "ts": "1609937203.000000"
        }
    },
    {
        "type": "message",
        "subtype": "bot_message",
        "text": "<https:\/\/www.reddit.com\/r\/Terraform\/comments\/krqyrt\/how_to_use_helm_plugins_with_helm_provider\/|How to use Helm plugins with Helm Provider?>\nHello all, I am currently attempting to use the Helm provider to deploy a chart into AWS EKS. This chart has a couple of secrets that I have had encrypted using AWS KMS and the helm-secrets plugin found here: <https:\/\/github.com\/jkroepke\/helm-secrets|https:\/\/github.com\/jkroepke\/helm-secret> When deploying directly through Helm, I can simply wrap the regular deployment with the helm secrets plugin like so: helm secrets install my-chart . -f .\\secrets.my-chart-secrets.yaml  and it...",
        "ts": "1609950405.138400",
        "username": "Terraform",
        "icons": {
            "image_48": "https:\/\/s3-us-west-2.amazonaws.com\/slack-files2\/bot_icons\/2019-02-12\/548785199618_48.png"
        },
        "bot_id": "BG3N7LG73",
        "attachments": [
            {
                "service_name": "reddit",
                "title": "How to use Helm plugins with Helm Provider?",
                "title_link": "https:\/\/www.reddit.com\/r\/Terraform\/comments\/krqyrt\/how_to_use_helm_plugins_with_helm_provider\/",
                "text": "Hello all, I am currently attempting to use the Helm provider to deploy a chart into AWS EKS. This chart has a couple of secrets that I have had...",
                "fallback": "reddit: How to use Helm plugins with Helm Provider?",
                "thumb_url": "https:\/\/www.redditstatic.com\/new-icon.png",
                "from_url": "https:\/\/www.reddit.com\/r\/Terraform\/comments\/krqyrt\/how_to_use_helm_plugins_with_helm_provider\/",
                "thumb_width": 256,
                "thumb_height": 256,
                "service_icon": "http:\/\/www.redditstatic.com\/desktop2x\/img\/favicon\/apple-icon-57x57.png",
                "id": 1,
                "original_url": "https:\/\/www.reddit.com\/r\/Terraform\/comments\/krqyrt\/how_to_use_helm_plugins_with_helm_provider\/"
            },
            {
                "service_name": "GitHub",
                "title": "jkroepke\/helm-secrets",
                "title_link": "https:\/\/github.com\/jkroepke\/helm-secrets",
                "text": "Successor of zendesk\/helm-secrets - A helm plugin that help manage secrets with Git workflow and store them anywhere - jkroepke\/helm-secrets",
                "fallback": "GitHub: jkroepke\/helm-secrets",
                "thumb_url": "https:\/\/avatars0.githubusercontent.com\/u\/1560587?s=400&v=4",
                "from_url": "https:\/\/github.com\/jkroepke\/helm-secrets",
                "thumb_width": 400,
                "thumb_height": 400,
                "service_icon": "https:\/\/a.slack-edge.com\/80588\/img\/unfurl_icons\/github.png",
                "id": 2,
                "original_url": "https:\/\/github.com\/jkroepke\/helm-secrets"
            }
        ],
        "edited": {
            "user": "BG3N7LG73",
            "ts": "1609950405.000000"
        }
    },
    {
        "type": "message",
        "subtype": "bot_message",
        "text": "<https:\/\/qiita.com\/sgash708\/items\/92f3219555c4483628dc|ECRのuntaggedイメージ削除>\n備忘録です。\n\n最近現場で、新システムのインフラにECSの導入→コード化をしています。\nlatest運用にしており、untaggedイメージが増産されていました。\nなのでサイクルを決めて削除するように変更しました。\n\n下記コードは、一日のサイクルで削除してもらうようにコードになっています。\n\n\n<http:\/\/ecr.tf|ecr.tf>\nresource \"aws_ecr_repository\" \"base\" {\n  name = local.service_name\n}\nresource \"aws_ecr_repository\" \"app\" {\n  name = local.service_name\n}\n\n# untaggedイメージの削除\nresource \"aws_ecr_lifecycle_policy\" \"base\" {\n  repository = aws_ecr_repository.base.name\n\n  policy =",
        "ts": "1609979208.138600",
        "username": "Terraformタグが付けられた新着記事 - Qiita",
        "icons": {
            "image_36": "https:\/\/a.slack-edge.com\/80588\/img\/services\/rss_36.png",
            "image_48": "https:\/\/a.slack-edge.com\/80588\/img\/services\/rss_48.png",
            "image_72": "https:\/\/a.slack-edge.com\/80588\/img\/services\/rss_72.png"
        },
        "bot_id": "BG3N7LG73",
        "attachments": [
            {
                "service_name": "Qiita",
                "title": "ECRのuntaggedイメージ削除 - Qiita",
                "title_link": "https:\/\/qiita.com\/sgash708\/items\/92f3219555c4483628dc",
                "text": "備忘録です。 最近現場で、新システムのインフラにECSの導入→コード化をしています。 latest運用にしており、untaggedイメージが増産されていました。 なのでサイクルを決めて削除するように変更しました。 下記コードは、一...",
                "fallback": "Qiita: ECRのuntaggedイメージ削除 - Qiita",
                "image_url": "https:\/\/qiita-user-contents.imgix.net\/https%3A%2F%2Fcdn.qiita.com%2Fassets%2Fpublic%2Farticle-ogp-background-1150d8b18a7c15795b701a55ae908f94.png?ixlib=rb-1.2.2&w=1200&mark=https%3A%2F%2Fqiita-user-contents.imgix.net%2F~text%3Fixlib%3Drb-1.2.2%26w%3D840%26h%3D380%26txt%3DECR%25E3%2581%25AEuntagged%25E3%2582%25A4%25E3%2583%25A1%25E3%2583%25BC%25E3%2582%25B8%25E5%2589%258A%25E9%2599%25A4%26txt-color%3D%2523333%26txt-font%3DHiragino%2520Sans%2520W6%26txt-size%3D54%26txt-clip%3Dellipsis%26txt-align%3Dcenter%252Cmiddle%26s%3D9925661e7452a9a6b5eb267c9b480e91&mark-align=center%2Cmiddle&blend=https%3A%2F%2Fqiita-user-contents.imgix.net%2F~text%3Fixlib%3Drb-1.2.2%26w%3D840%26h%3D500%26txt%3D%2540sgash708%26txt-color%3D%2523333%26txt-font%3DHiragino%2520Sans%2520W6%26txt-size%3D45%26txt-align%3Dright%252Cbottom%26s%3D9e9b35fed9288b71b204cc9d21c5f119&blend-align=center%2Cmiddle&blend-mode=normal&s=30256f9621b1a85b93c326e710aa0dd5",
                "from_url": "https:\/\/qiita.com\/sgash708\/items\/92f3219555c4483628dc",
                "image_width": 476,
                "image_height": 250,
                "image_bytes": 42340,
                "service_icon": "https:\/\/cdn.qiita.com\/assets\/favicons\/public\/apple-touch-icon-ec5ba42a24ae923f16825592efdc356f.png",
                "id": 1,
                "original_url": "https:\/\/qiita.com\/sgash708\/items\/92f3219555c4483628dc"
            }
        ],
        "edited": {
            "user": "BG3N7LG73",
            "ts": "1609979208.000000"
        }
    },
    {
        "type": "message",
        "subtype": "bot_message",
        "text": "<https:\/\/qiita.com\/horit\/items\/9970726ad51eccd38b65|tfswitchをmacにインストールする>\n<https:\/\/qiita.com\/horit\/items\/8ca232015f08cef90815|tfswitchをlinuxにインストールする>\nこの記事のmac版。\n\n\n<https:\/\/qiita.com\/#tfswitch%E3%81%A8%E3%81%AF>tfswitchとは？\n\n公式：<https:\/\/warrensbox.github.io\/terraform-switcher\/|https:\/\/warrensbox.github.io\/terraform-switcher\/>\n\n日本語資料が少ないようなので、改めて使い勝手を記載しようと思います。\n\n使いたいバージョンを選ぶだけ！！\n\n$ tfswitch\nUse the arrow keys to navigate: ↓ ↑ → ← \n? Select Terraform version: \n  ▸ 0.14.4...",
        "ts": "1609994802.138800",
        "username": "Terraformタグが付けられた新着記事 - Qiita",
        "icons": {
            "image_36": "https:\/\/a.slack-edge.com\/80588\/img\/services\/rss_36.png",
            "image_48": "https:\/\/a.slack-edge.com\/80588\/img\/services\/rss_48.png",
            "image_72": "https:\/\/a.slack-edge.com\/80588\/img\/services\/rss_72.png"
        },
        "bot_id": "BG3N7LG73",
        "attachments": [
            {
                "service_name": "Qiita",
                "title": "tfswitchをmacにインストールする - Qiita",
                "title_link": "https:\/\/qiita.com\/horit\/items\/9970726ad51eccd38b65",
                "text": "tfswitchをlinuxにインストールする この記事のmac版。 tfswitchとは？ 公式：<https:\/\/warrensbox.github.io\/terraform-switcher\/> 日本語資料が少ないようなので...",
                "fallback": "Qiita: tfswitchをmacにインストールする - Qiita",
                "image_url": "https:\/\/qiita-user-contents.imgix.net\/https%3A%2F%2Fcdn.qiita.com%2Fassets%2Fpublic%2Farticle-ogp-background-1150d8b18a7c15795b701a55ae908f94.png?ixlib=rb-1.2.2&w=1200&mark=https%3A%2F%2Fqiita-user-contents.imgix.net%2F~text%3Fixlib%3Drb-1.2.2%26w%3D840%26h%3D380%26txt%3Dtfswitch%25E3%2582%2592mac%25E3%2581%25AB%25E3%2582%25A4%25E3%2583%25B3%25E3%2582%25B9%25E3%2583%2588%25E3%2583%25BC%25E3%2583%25AB%25E3%2581%2599%25E3%2582%258B%26txt-color%3D%2523333%26txt-font%3DHiragino%2520Sans%2520W6%26txt-size%3D54%26txt-clip%3Dellipsis%26txt-align%3Dcenter%252Cmiddle%26s%3Dc47a3050f838b896f56b2b5c3685d195&mark-align=center%2Cmiddle&blend=https%3A%2F%2Fqiita-user-contents.imgix.net%2F~text%3Fixlib%3Drb-1.2.2%26w%3D840%26h%3D500%26txt%3D%2540horit%26txt-color%3D%2523333%26txt-font%3DHiragino%2520Sans%2520W6%26txt-size%3D45%26txt-align%3Dright%252Cbottom%26s%3D3d05592c93cd315d9ea3083334c258ef&blend-align=center%2Cmiddle&blend-mode=normal&s=4a2f2f02b6f95b879601edee10d92b42",
                "from_url": "https:\/\/qiita.com\/horit\/items\/9970726ad51eccd38b65",
                "image_width": 476,
                "image_height": 250,
                "image_bytes": 38545,
                "service_icon": "https:\/\/cdn.qiita.com\/assets\/favicons\/public\/apple-touch-icon-ec5ba42a24ae923f16825592efdc356f.png",
                "id": 1,
                "original_url": "https:\/\/qiita.com\/horit\/items\/9970726ad51eccd38b65"
            },
            {
                "service_name": "Qiita",
                "title": "tfswitchをlinuxにインストールする - Qiita",
                "title_link": "https:\/\/qiita.com\/horit\/items\/8ca232015f08cef90815",
                "text": "tfswitchとは <https:\/\/warrensbox.github.io\/terraform-switcher\/> terraformのバージョンを簡単に切り替えられるツール。 最新へのバージョンアップもtfswitchコマ...",
                "fallback": "Qiita: tfswitchをlinuxにインストールする - Qiita",
                "image_url": "https:\/\/qiita-user-contents.imgix.net\/https%3A%2F%2Fcdn.qiita.com%2Fassets%2Fpublic%2Farticle-ogp-background-1150d8b18a7c15795b701a55ae908f94.png?ixlib=rb-1.2.2&w=1200&mark=https%3A%2F%2Fqiita-user-contents.imgix.net%2F~text%3Fixlib%3Drb-1.2.2%26w%3D840%26h%3D380%26txt%3Dtfswitch%25E3%2582%2592linux%25E3%2581%25AB%25E3%2582%25A4%25E3%2583%25B3%25E3%2582%25B9%25E3%2583%2588%25E3%2583%25BC%25E3%2583%25AB%25E3%2581%2599%25E3%2582%258B%26txt-color%3D%2523333%26txt-font%3DHiragino%2520Sans%2520W6%26txt-size%3D54%26txt-clip%3Dellipsis%26txt-align%3Dcenter%252Cmiddle%26s%3D3191f560f278e8186ed61d45036887c4&mark-align=center%2Cmiddle&blend=https%3A%2F%2Fqiita-user-contents.imgix.net%2F~text%3Fixlib%3Drb-1.2.2%26w%3D840%26h%3D500%26txt%3D%2540horit%26txt-color%3D%2523333%26txt-font%3DHiragino%2520Sans%2520W6%26txt-size%3D45%26txt-align%3Dright%252Cbottom%26s%3D3d05592c93cd315d9ea3083334c258ef&blend-align=center%2Cmiddle&blend-mode=normal&s=2392b2cf3b99c358430aa4aa1d673da6",
                "from_url": "https:\/\/qiita.com\/horit\/items\/8ca232015f08cef90815",
                "image_width": 476,
                "image_height": 250,
                "image_bytes": 38726,
                "service_icon": "https:\/\/cdn.qiita.com\/assets\/favicons\/public\/apple-touch-icon-ec5ba42a24ae923f16825592efdc356f.png",
                "id": 2,
                "original_url": "https:\/\/qiita.com\/horit\/items\/8ca232015f08cef90815"
            },
            {
                "service_name": "Qiita",
                "title": "プログラマの技術情報共有サービス - Qiita",
                "title_link": "https:\/\/qiita.com\/#tfswitch%E3%81%A8%E3%81%AF",
                "text": "Qiitaは、プログラマのための技術情報共有サービスです。 プログラミングに関するTips、ノウハウ、メモを簡単に記録 &amp; 公開することができます。",
                "fallback": "Qiita: プログラマの技術情報共有サービス - Qiita",
                "thumb_url": "https:\/\/cdn.qiita.com\/assets\/qiita-fb-41f9429f13a8c56f50dd0ab477c80d26.png",
                "from_url": "https:\/\/qiita.com\/#tfswitch%E3%81%A8%E3%81%AF",
                "thumb_width": 1200,
                "thumb_height": 630,
                "service_icon": "https:\/\/cdn.qiita.com\/assets\/favicons\/public\/apple-touch-icon-ec5ba42a24ae923f16825592efdc356f.png",
                "id": 3,
                "original_url": "https:\/\/qiita.com\/#tfswitch%E3%81%A8%E3%81%AF"
            },
            {
                "title": "TFSwitch",
                "title_link": "https:\/\/warrensbox.github.io\/terraform-switcher\/",
                "text": "A command line tool to switch between different versions of terraform (install with homebrew and more)",
                "fallback": "TFSwitch",
                "from_url": "https:\/\/warrensbox.github.io\/terraform-switcher\/",
                "service_icon": "https:\/\/tfswitch.warrensbox.com\/static\/favicon_tfswitch_16.png",
                "service_name": "tfswitch.warrensbox.com",
                "id": 4,
                "original_url": "https:\/\/warrensbox.github.io\/terraform-switcher\/"
            }
        ],
        "edited": {
            "user": "BG3N7LG73",
            "ts": "1609994802.000000"
        }
    },
    {
        "type": "message",
        "subtype": "bot_message",
        "text": "<https:\/\/www.reddit.com\/r\/Terraform\/comments\/ks6e27\/use_a_string_as_a_reference_to_an_output\/|Use a string as a reference to an output?>\nI have an output (module.environment_folders.children) that looks like this <https:\/\/preview.redd.it\/k4d8tvcbiu961.png?width=290&amp;format=png&amp;auto=webp&amp;s=0e4c81ea672e359f083aeb369171e5f0afab1d9b|https:\/\/preview.redd.it\/k4d8tvcbiu961.png?width=290&format=png&auto=webp&s=0e4c81ea672e359f083aeb369171e5f0afab1d9b> where 545209896037 is equal to a variable called org_id. I want to use that as an input (parent_resources) to a module later in the file, something along these lines;...",
        "ts": "1609997201.139000",
        "username": "Terraform",
        "icons": {
            "image_48": "https:\/\/s3-us-west-2.amazonaws.com\/slack-files2\/bot_icons\/2019-02-12\/548785199618_48.png"
        },
        "bot_id": "BG3N7LG73",
        "attachments": [
            {
                "service_name": "reddit",
                "title": "Use a string as a reference to an output?",
                "title_link": "https:\/\/www.reddit.com\/r\/Terraform\/comments\/ks6e27\/use_a_string_as_a_reference_to_an_output\/",
                "text": "Posted in r\/Terraform by u\/UmungoBungo • 1 point and 0 comments",
                "fallback": "reddit: Use a string as a reference to an output?",
                "thumb_url": "https:\/\/external-preview.redd.it\/k4d8tvcbiu961.png?overlay-align=bottom,left&crop=290:59,smart&overlay-height=15p&overlay=%2Fwatermark%2Ft5_2u8e4.png%3Fs%3Dbfb326ca8735739e33a60abaf9a7c73bcb4a2134&width=290&height=59&auto=webp&s=478f5e59a331f13b2497d3c8e4c54f9bf4917473",
                "from_url": "https:\/\/www.reddit.com\/r\/Terraform\/comments\/ks6e27\/use_a_string_as_a_reference_to_an_output\/",
                "thumb_width": 130,
                "thumb_height": 60,
                "service_icon": "http:\/\/www.redditstatic.com\/desktop2x\/img\/favicon\/apple-icon-57x57.png",
                "id": 1,
                "original_url": "https:\/\/www.reddit.com\/r\/Terraform\/comments\/ks6e27\/use_a_string_as_a_reference_to_an_output\/"
            },
            {
                "fallback": "290x59px image",
                "image_url": "https:\/\/preview.redd.it\/k4d8tvcbiu961.png?width=290&format=png&auto=webp&s=0e4c81ea672e359f083aeb369171e5f0afab1d9b",
                "image_width": 290,
                "image_height": 59,
                "image_bytes": 2719,
                "from_url": "https:\/\/preview.redd.it\/k4d8tvcbiu961.png?width=290&format=png&auto=webp&s=0e4c81ea672e359f083aeb369171e5f0afab1d9b",
                "id": 2,
                "original_url": "https:\/\/preview.redd.it\/k4d8tvcbiu961.png?width=290&amp;format=png&amp;auto=webp&amp;s=0e4c81ea672e359f083aeb369171e5f0afab1d9b"
            }
        ],
        "edited": {
            "user": "BG3N7LG73",
            "ts": "1609997201.000000"
        }
    },
    {
        "type": "message",
        "subtype": "bot_message",
        "text": "<https:\/\/www.reddit.com\/r\/Terraform\/comments\/ks6txg\/terraform_lifecycle\/|Terraform Lifecycle>\nTerraform lifecycle consists of – init, plan, apply, and destroy.  ​ <https:\/\/preview.redd.it\/es3nn4jmlu961.png?width=1328&amp;format=png&amp;auto=webp&amp;s=bb028860fa0a117b08158519c299894c221cc1eb|https:\/\/preview.redd.it\/es3nn4jmlu961.png?width=1328&format=png&auto=webp&s=bb028860fa0a117b08158519c299894c221cc1eb> Terraform init initializes the (local) Terraform environment. Usually executed only once per session.\n Terraform plan compares the Terraform state with the as-is state in the...",
        "ts": "1609999600.139200",
        "username": "Terraform",
        "icons": {
            "image_48": "https:\/\/s3-us-west-2.amazonaws.com\/slack-files2\/bot_icons\/2019-02-12\/548785199618_48.png"
        },
        "bot_id": "BG3N7LG73",
        "attachments": [
            {
                "service_name": "reddit",
                "title": "Terraform Lifecycle",
                "title_link": "https:\/\/www.reddit.com\/r\/Terraform\/comments\/ks6txg\/terraform_lifecycle\/",
                "text": "Posted in r\/Terraform by u\/NilotpalS-1 • 1 point and 0 comments",
                "fallback": "reddit: Terraform Lifecycle",
                "from_url": "https:\/\/www.reddit.com\/r\/Terraform\/comments\/ks6txg\/terraform_lifecycle\/",
                "thumb_url": "https:\/\/external-preview.redd.it\/es3nn4jmlu961.png?overlay-align=bottom,left&crop=1200:188,smart&overlay-height=15p&overlay=%2Fwatermark%2Ft5_2u8e4.png%3Fs%3Dbfb326ca8735739e33a60abaf9a7c73bcb4a2134&width=1200&height=188&auto=webp&s=9c246cb9218ec6888ae36e5a20e469deaf63625b",
                "thumb_width": 130,
                "thumb_height": 60,
                "service_icon": "http:\/\/www.redditstatic.com\/desktop2x\/img\/favicon\/apple-icon-57x57.png",
                "id": 1,
                "original_url": "https:\/\/www.reddit.com\/r\/Terraform\/comments\/ks6txg\/terraform_lifecycle\/"
            },
            {
                "fallback": "1328x188px image",
                "image_url": "https:\/\/preview.redd.it\/es3nn4jmlu961.png?width=1328&format=png&auto=webp&s=bb028860fa0a117b08158519c299894c221cc1eb",
                "image_width": 1328,
                "image_height": 188,
                "image_bytes": 11327,
                "from_url": "https:\/\/preview.redd.it\/es3nn4jmlu961.png?width=1328&format=png&auto=webp&s=bb028860fa0a117b08158519c299894c221cc1eb",
                "id": 2,
                "original_url": "https:\/\/preview.redd.it\/es3nn4jmlu961.png?width=1328&amp;format=png&amp;auto=webp&amp;s=bb028860fa0a117b08158519c299894c221cc1eb"
            }
        ],
        "edited": {
            "user": "BG3N7LG73",
            "ts": "1609999601.000000"
        }
    }
]