[
    {
        "type": "message",
        "subtype": "bot_message",
        "text": "<https:\/\/www.reddit.com\/r\/Terraform\/comments\/kzqrbh\/more_verbosity_in_errors\/|More verbosity in errors>\nHi everyone I'm having a small issue. When resizing a disk in Vmware I usually adjust the configuration in the tfvars file. Sometimes I forget. I then get this error: ​ Error: disk.0: virtual disk \"disk0\": virtual disks cannot be shrunk (old: 400 new: 140) ​ on <https:\/\/resources.tf\/|resources.tf> line 121, in resource \"vsphere_virtual_machine\" \"demo_vm\": 121: resource \"vsphere_virtual_machine\" \"demo_vm\" { ​ The problem here is that the error references &lt;a...",
        "ts": "1610959606.005700",
        "username": "Terraform",
        "icons": {
            "image_48": "https:\/\/s3-us-west-2.amazonaws.com\/slack-files2\/bot_icons\/2019-02-12\/548785199618_48.png"
        },
        "bot_id": "BG3N7LG73",
        "attachments": [
            {
                "service_name": "reddit",
                "title": "More verbosity in errors",
                "title_link": "https:\/\/www.reddit.com\/r\/Terraform\/comments\/kzqrbh\/more_verbosity_in_errors\/",
                "text": "Hi everyone I'm having a small issue. When resizing a disk in Vmware I usually adjust the configuration in the tfvars file. Sometimes I forget. I...",
                "fallback": "reddit: More verbosity in errors",
                "thumb_url": "https:\/\/www.redditstatic.com\/new-icon.png",
                "from_url": "https:\/\/www.reddit.com\/r\/Terraform\/comments\/kzqrbh\/more_verbosity_in_errors\/",
                "thumb_width": 256,
                "thumb_height": 256,
                "service_icon": "http:\/\/www.redditstatic.com\/desktop2x\/img\/favicon\/apple-icon-57x57.png",
                "id": 1,
                "original_url": "https:\/\/www.reddit.com\/r\/Terraform\/comments\/kzqrbh\/more_verbosity_in_errors\/"
            }
        ],
        "edited": {
            "user": "BG3N7LG73",
            "ts": "1610959606.000000"
        }
    },
    {
        "type": "message",
        "subtype": "bot_message",
        "text": "<https:\/\/www.reddit.com\/r\/Terraform\/comments\/kzqyph\/question_can_you_change_the_account_alias_of_an\/|[Question] can you change the Account Alias of an AWS Account using Terraform?>\nHey guys, i‘m fairly new to terraform and i wondered if there is a possibility to change an AWS Account Alias using Terraform. I know how to change it using the AWS Console, but to change it you need to use the root user of the account. Is there an option to use the credentials of the root user instead of IAM credentials? Thanks in advance!    submitted by   <https:\/\/www.reddit.com\/user\/8marKobe24| \/u\/8marKobe24 > \n&lt;a...",
        "ts": "1610960815.005900",
        "username": "Terraform",
        "icons": {
            "image_48": "https:\/\/s3-us-west-2.amazonaws.com\/slack-files2\/bot_icons\/2019-02-12\/548785199618_48.png"
        },
        "bot_id": "BG3N7LG73",
        "attachments": [
            {
                "service_name": "reddit",
                "title": "[Question] can you change the Account Alias of an AWS Account using Terraform?",
                "title_link": "https:\/\/www.reddit.com\/r\/Terraform\/comments\/kzqyph\/question_can_you_change_the_account_alias_of_an\/",
                "text": "Hey guys, i‘m fairly new to terraform and i wondered if there is a possibility to change an AWS Account Alias using Terraform. I know how to...",
                "fallback": "reddit: [Question] can you change the Account Alias of an AWS Account using Terraform?",
                "thumb_url": "https:\/\/www.redditstatic.com\/new-icon.png",
                "from_url": "https:\/\/www.reddit.com\/r\/Terraform\/comments\/kzqyph\/question_can_you_change_the_account_alias_of_an\/",
                "thumb_width": 256,
                "thumb_height": 256,
                "service_icon": "http:\/\/www.redditstatic.com\/desktop2x\/img\/favicon\/apple-icon-57x57.png",
                "id": 1,
                "original_url": "https:\/\/www.reddit.com\/r\/Terraform\/comments\/kzqyph\/question_can_you_change_the_account_alias_of_an\/"
            },
            {
                "title": "overview for 8marKobe24",
                "title_link": "https:\/\/www.reddit.com\/user\/8marKobe24",
                "text": "Pineapple the Fruit Dude.",
                "fallback": "overview for 8marKobe24",
                "from_url": "https:\/\/www.reddit.com\/user\/8marKobe24",
                "service_icon": "http:\/\/www.redditstatic.com\/desktop2x\/img\/favicon\/apple-icon-57x57.png",
                "service_name": "reddit.com",
                "id": 2,
                "original_url": "https:\/\/www.reddit.com\/user\/8marKobe24"
            }
        ],
        "edited": {
            "user": "BG3N7LG73",
            "ts": "1610960815.000000"
        }
    },
    {
        "type": "message",
        "subtype": "bot_message",
        "text": "<https:\/\/www.reddit.com\/r\/Terraform\/comments\/kzr6tu\/variable_interpolation_for_a_loop\/|Variable interpolation for a loop>\nhi, trying to create a new relic infra alert condition from a for_each loop - the policy id is successfully created and should be accessed by .name.id - the name part comes from the loop as an attribute of the object, but the terraform doesnt seem to be able to interpolate that in to the correct value. if i hard code the string, it works, but policy[each.value.var].id nor does policy.${each.value.var}.id - it complains about the $ sign not being used by the language. has any else done this...",
        "ts": "1610961404.006100",
        "username": "Terraform",
        "icons": {
            "image_48": "https:\/\/s3-us-west-2.amazonaws.com\/slack-files2\/bot_icons\/2019-02-12\/548785199618_48.png"
        },
        "bot_id": "BG3N7LG73",
        "attachments": [
            {
                "service_name": "reddit",
                "title": "Variable interpolation for a loop",
                "title_link": "https:\/\/www.reddit.com\/r\/Terraform\/comments\/kzr6tu\/variable_interpolation_for_a_loop\/",
                "text": "hi, trying to create a new relic infra alert condition from a for_each loop - the policy id is successfully created and should be accessed by...",
                "fallback": "reddit: Variable interpolation for a loop",
                "thumb_url": "https:\/\/www.redditstatic.com\/new-icon.png",
                "from_url": "https:\/\/www.reddit.com\/r\/Terraform\/comments\/kzr6tu\/variable_interpolation_for_a_loop\/",
                "thumb_width": 256,
                "thumb_height": 256,
                "service_icon": "http:\/\/www.redditstatic.com\/desktop2x\/img\/favicon\/apple-icon-57x57.png",
                "id": 1,
                "original_url": "https:\/\/www.reddit.com\/r\/Terraform\/comments\/kzr6tu\/variable_interpolation_for_a_loop\/"
            }
        ],
        "edited": {
            "user": "BG3N7LG73",
            "ts": "1610961405.000000"
        }
    },
    {
        "type": "message",
        "subtype": "bot_message",
        "text": "<https:\/\/qiita.com\/takkii1010\/items\/eef57e29be6cb7061d95|Terraformで初期パスワードとシークレットアクセスキーを持つIAMユーザを作成する>\n<https:\/\/qiita.com\/#%E3%81%AF%E3%81%98%E3%82%81%E3%81%AB>はじめに\n\nTerraformで複数のtfファイルを定期的にapply, destroyする必要があり、スクリプトを使って楽をしたいなぁという話になりました。\n\n以下の流れをそれぞれスクリプトに分けて自動化したいです。\n\nIAMユーザーを作成\n1. のユーザーでリソースを作成\n1. のユーザーでリソースを削除\nまずは、手動での実行がどのようなものか自分自身が理解する必要がありそうだなと。\nということで、TerraformとGnuPGを使って初期パスワードとアクセスキーを持つIAMユーザを作成してみます。\n\nIAMユーザを作成\n1. のユーザーでリソースを作成\n\n<https:\/\/qiita.com\/#%E7%92%B0%E5%A2%83>環境\n\n$ sw_vers\nProductName:    macOS\nProductVersion: 11.1\nBuildVersion:   20C69\n\n$ terraform...",
        "ts": "1610971605.006300",
        "username": "Terraformタグが付けられた新着記事 - Qiita",
        "icons": {
            "image_36": "https:\/\/a.slack-edge.com\/80588\/img\/services\/rss_36.png",
            "image_48": "https:\/\/a.slack-edge.com\/80588\/img\/services\/rss_48.png",
            "image_72": "https:\/\/a.slack-edge.com\/80588\/img\/services\/rss_72.png"
        },
        "bot_id": "BG3N7LG73",
        "attachments": [
            {
                "service_name": "Qiita",
                "title": "Terraformで初期パスワードとシークレットアクセスキーを持つIAMユーザを作成する - Qiita",
                "title_link": "https:\/\/qiita.com\/takkii1010\/items\/eef57e29be6cb7061d95",
                "text": "はじめに Terraformで複数のtfファイルを定期的にapply, destroyする必要があり、スクリプトを使って楽をしたいなぁという話になりました。 以下の流れをそれぞれスクリプトに分けて自動化したいです。 IAM...",
                "fallback": "Qiita: Terraformで初期パスワードとシークレットアクセスキーを持つIAMユーザを作成する - Qiita",
                "image_url": "https:\/\/qiita-user-contents.imgix.net\/https%3A%2F%2Fcdn.qiita.com%2Fassets%2Fpublic%2Farticle-ogp-background-1150d8b18a7c15795b701a55ae908f94.png?ixlib=rb-1.2.2&w=1200&mark=https%3A%2F%2Fqiita-user-contents.imgix.net%2F~text%3Fixlib%3Drb-1.2.2%26w%3D840%26h%3D380%26txt%3DTerraform%25E3%2581%25A7%25E5%2588%259D%25E6%259C%259F%25E3%2583%2591%25E3%2582%25B9%25E3%2583%25AF%25E3%2583%25BC%25E3%2583%2589%25E3%2581%25A8%25E3%2582%25B7%25E3%2583%25BC%25E3%2582%25AF%25E3%2583%25AC%25E3%2583%2583%25E3%2583%2588%25E3%2582%25A2%25E3%2582%25AF%25E3%2582%25BB%25E3%2582%25B9%25E3%2582%25AD%25E3%2583%25BC%25E3%2582%2592%25E6%258C%2581%25E3%2581%25A4IAM%25E3%2583%25A6%25E3%2583%25BC%25E3%2582%25B6%25E3%2582%2592%25E4%25BD%259C%25E6%2588%2590%25E3%2581%2599%25E3%2582%258B%26txt-color%3D%2523333%26txt-font%3DHiragino%2520Sans%2520W6%26txt-size%3D54%26txt-clip%3Dellipsis%26txt-align%3Dcenter%252Cmiddle%26s%3Dcb36d92a336d43e416250c139a1bb3de&mark-align=center%2Cmiddle&blend=https%3A%2F%2Fqiita-user-contents.imgix.net%2F~text%3Fixlib%3Drb-1.2.2%26w%3D840%26h%3D500%26txt%3D%2540takkii1010%26txt-color%3D%2523333%26txt-font%3DHiragino%2520Sans%2520W6%26txt-size%3D45%26txt-align%3Dright%252Cbottom%26s%3D1be48b474042df46d89de1c86b8819e9&blend-align=center%2Cmiddle&blend-mode=normal&s=93d760ba0ebf45df69a565a0e4ba2666",
                "from_url": "https:\/\/qiita.com\/takkii1010\/items\/eef57e29be6cb7061d95",
                "image_width": 476,
                "image_height": 250,
                "image_bytes": 66355,
                "service_icon": "https:\/\/cdn.qiita.com\/assets\/favicons\/public\/apple-touch-icon-ec5ba42a24ae923f16825592efdc356f.png",
                "id": 1,
                "original_url": "https:\/\/qiita.com\/takkii1010\/items\/eef57e29be6cb7061d95"
            },
            {
                "service_name": "Qiita",
                "title": "プログラマの技術情報共有サービス - Qiita",
                "title_link": "https:\/\/qiita.com\/#%E3%81%AF%E3%81%98%E3%82%81%E3%81%AB",
                "text": "Qiitaは、プログラマのための技術情報共有サービスです。 プログラミングに関するTips、ノウハウ、メモを簡単に記録 &amp; 公開することができます。",
                "fallback": "Qiita: プログラマの技術情報共有サービス - Qiita",
                "thumb_url": "https:\/\/cdn.qiita.com\/assets\/qiita-fb-41f9429f13a8c56f50dd0ab477c80d26.png",
                "from_url": "https:\/\/qiita.com\/#%E3%81%AF%E3%81%98%E3%82%81%E3%81%AB",
                "thumb_width": 1200,
                "thumb_height": 630,
                "service_icon": "https:\/\/cdn.qiita.com\/assets\/favicons\/public\/apple-touch-icon-ec5ba42a24ae923f16825592efdc356f.png",
                "id": 2,
                "original_url": "https:\/\/qiita.com\/#%E3%81%AF%E3%81%98%E3%82%81%E3%81%AB"
            },
            {
                "service_name": "Qiita",
                "title": "プログラマの技術情報共有サービス - Qiita",
                "title_link": "https:\/\/qiita.com\/#%E7%92%B0%E5%A2%83",
                "text": "Qiitaは、プログラマのための技術情報共有サービスです。 プログラミングに関するTips、ノウハウ、メモを簡単に記録 &amp; 公開することができます。",
                "fallback": "Qiita: プログラマの技術情報共有サービス - Qiita",
                "thumb_url": "https:\/\/cdn.qiita.com\/assets\/qiita-fb-41f9429f13a8c56f50dd0ab477c80d26.png",
                "from_url": "https:\/\/qiita.com\/#%E7%92%B0%E5%A2%83",
                "thumb_width": 1200,
                "thumb_height": 630,
                "service_icon": "https:\/\/cdn.qiita.com\/assets\/favicons\/public\/apple-touch-icon-ec5ba42a24ae923f16825592efdc356f.png",
                "id": 3,
                "original_url": "https:\/\/qiita.com\/#%E7%92%B0%E5%A2%83"
            }
        ],
        "edited": {
            "user": "BG3N7LG73",
            "ts": "1610971606.000000"
        }
    },
    {
        "type": "message",
        "subtype": "bot_message",
        "text": "<https:\/\/www.reddit.com\/r\/Terraform\/comments\/kzv2fs\/null_resource_mind_bending_state_management\/|null_resource, mind bending state management, snowflake configuration>\nHello Terraform sub! This is my first time posting here. I work primarily with IBM Cloud and its associated provider. As a part of my configuration, I have a logDNA instance being provisioned. The provisioning goes successfully. Now, to connect my cluster (ROKS) to the logDNA instance, I use the null_resource since the provider doesn't have a resource for it (specifically to connect logDNA to cluster). Here's where I am getting wrecked. The null_resource, apparently, only stores the id and...",
        "ts": "1610978810.006500",
        "username": "Terraform",
        "icons": {
            "image_48": "https:\/\/s3-us-west-2.amazonaws.com\/slack-files2\/bot_icons\/2019-02-12\/548785199618_48.png"
        },
        "bot_id": "BG3N7LG73",
        "attachments": [
            {
                "service_name": "reddit",
                "title": "null_resource, mind bending state management, snowflake configuration",
                "title_link": "https:\/\/www.reddit.com\/r\/Terraform\/comments\/kzv2fs\/null_resource_mind_bending_state_management\/",
                "text": "Hello Terraform sub! This is my first time posting here. I work primarily with IBM Cloud and its associated provider. As a part of my...",
                "fallback": "reddit: null_resource, mind bending state management, snowflake configuration",
                "thumb_url": "https:\/\/www.redditstatic.com\/new-icon.png",
                "from_url": "https:\/\/www.reddit.com\/r\/Terraform\/comments\/kzv2fs\/null_resource_mind_bending_state_management\/",
                "thumb_width": 256,
                "thumb_height": 256,
                "service_icon": "http:\/\/www.redditstatic.com\/desktop2x\/img\/favicon\/apple-icon-57x57.png",
                "id": 1,
                "original_url": "https:\/\/www.reddit.com\/r\/Terraform\/comments\/kzv2fs\/null_resource_mind_bending_state_management\/"
            }
        ],
        "edited": {
            "user": "BG3N7LG73",
            "ts": "1610978810.000000"
        }
    },
    {
        "type": "message",
        "subtype": "bot_message",
        "text": "<https:\/\/www.reddit.com\/r\/Terraform\/comments\/kzvmje\/error_after_importing_vms_but_not_after_import\/|Error after importing VMs but not after import disks in GCP through Terraform>\n​ Hi Team, There are 3 vms and 3 additional disks(attached to those vms) created manually in google cloud platform which i am trying to import them into the existing TF configuration. I have the deployment service account ready. I am able to import the additional disks successfully without any issue. However, when i try to import the VMs i am gettign the below permission error. ​ the VM statemnt is a below resource \"google_compute_instance\" \"name_in_TF\"{ ---------- ---------- } so, The VM...",
        "ts": "1610980618.006700",
        "username": "Terraform",
        "icons": {
            "image_48": "https:\/\/s3-us-west-2.amazonaws.com\/slack-files2\/bot_icons\/2019-02-12\/548785199618_48.png"
        },
        "bot_id": "BG3N7LG73",
        "attachments": [
            {
                "service_name": "reddit",
                "title": "Error after importing VMs but not after import disks in GCP through Terraform",
                "title_link": "https:\/\/www.reddit.com\/r\/Terraform\/comments\/kzvmje\/error_after_importing_vms_but_not_after_import\/",
                "text": "&amp;#x200B; Hi Team, There are 3 vms and 3 additional disks(attached to those vms) created manually in google cloud platform which i am trying to...",
                "fallback": "reddit: Error after importing VMs but not after import disks in GCP through Terraform",
                "thumb_url": "https:\/\/www.redditstatic.com\/new-icon.png",
                "from_url": "https:\/\/www.reddit.com\/r\/Terraform\/comments\/kzvmje\/error_after_importing_vms_but_not_after_import\/",
                "thumb_width": 256,
                "thumb_height": 256,
                "service_icon": "http:\/\/www.redditstatic.com\/desktop2x\/img\/favicon\/apple-icon-57x57.png",
                "id": 1,
                "original_url": "https:\/\/www.reddit.com\/r\/Terraform\/comments\/kzvmje\/error_after_importing_vms_but_not_after_import\/"
            }
        ],
        "edited": {
            "user": "BG3N7LG73",
            "ts": "1610980618.000000"
        }
    },
    {
        "type": "message",
        "subtype": "bot_message",
        "text": "<https:\/\/www.reddit.com\/r\/Terraform\/comments\/kzwa8c\/automatically_stop_aws_ressources_after_a\/|Automatically stop aws ressources after a predefined time>\nWe are a medium sized team that needs to use aws ressources (mostly ec2, vpc, route53) for a certain amount of time, usually for testing and training. Its easy to create and destroy these resources with terraform, the problem is that one needs to remember to destroy after testing or training is done. Its easy to forget, which will incure unessessary cost. So I am looking at ways to automate the destroy process. aws has methods to destroy ec2 instances, however they would leave the route53...",
        "ts": "1610982412.006900",
        "username": "Terraform",
        "icons": {
            "image_48": "https:\/\/s3-us-west-2.amazonaws.com\/slack-files2\/bot_icons\/2019-02-12\/548785199618_48.png"
        },
        "bot_id": "BG3N7LG73",
        "attachments": [
            {
                "service_name": "reddit",
                "title": "Automatically stop aws ressources after a predefined time",
                "title_link": "https:\/\/www.reddit.com\/r\/Terraform\/comments\/kzwa8c\/automatically_stop_aws_ressources_after_a\/",
                "text": "We are a medium sized team that needs to use aws ressources (mostly ec2, vpc, route53) for a certain amount of time, usually for testing and...",
                "fallback": "reddit: Automatically stop aws ressources after a predefined time",
                "thumb_url": "https:\/\/www.redditstatic.com\/new-icon.png",
                "from_url": "https:\/\/www.reddit.com\/r\/Terraform\/comments\/kzwa8c\/automatically_stop_aws_ressources_after_a\/",
                "thumb_width": 256,
                "thumb_height": 256,
                "service_icon": "http:\/\/www.redditstatic.com\/desktop2x\/img\/favicon\/apple-icon-57x57.png",
                "id": 1,
                "original_url": "https:\/\/www.reddit.com\/r\/Terraform\/comments\/kzwa8c\/automatically_stop_aws_ressources_after_a\/"
            }
        ],
        "edited": {
            "user": "BG3N7LG73",
            "ts": "1610982413.000000"
        }
    },
    {
        "type": "message",
        "subtype": "bot_message",
        "text": "<https:\/\/www.reddit.com\/r\/Terraform\/comments\/kzy0ce\/resource_reuse_and_dry\/|Resource reuse and DRY>\nI have a lot of good ideas on how to keep my configuration DRY through the use of modules and terragrunt, but one thing that is still unclear to me is whether it is possible using one of these methods or another way potentially to have a shared file that contains resources shared by all environments and another configuration file that is also loaded containing resources defined that are specific to the environment supplied when running terraform? For example: <http:\/\/prod.tf|prod.tf> resource...",
        "ts": "1610988410.007100",
        "username": "Terraform",
        "icons": {
            "image_48": "https:\/\/s3-us-west-2.amazonaws.com\/slack-files2\/bot_icons\/2019-02-12\/548785199618_48.png"
        },
        "bot_id": "BG3N7LG73",
        "attachments": [
            {
                "service_name": "reddit",
                "title": "Resource reuse and DRY",
                "title_link": "https:\/\/www.reddit.com\/r\/Terraform\/comments\/kzy0ce\/resource_reuse_and_dry\/",
                "text": "I have a lot of good ideas on how to keep my configuration DRY through the use of modules and terragrunt, but one thing that is still unclear to...",
                "fallback": "reddit: Resource reuse and DRY",
                "thumb_url": "https:\/\/www.redditstatic.com\/new-icon.png",
                "from_url": "https:\/\/www.reddit.com\/r\/Terraform\/comments\/kzy0ce\/resource_reuse_and_dry\/",
                "thumb_width": 256,
                "thumb_height": 256,
                "service_icon": "http:\/\/www.redditstatic.com\/desktop2x\/img\/favicon\/apple-icon-57x57.png",
                "id": 1,
                "original_url": "https:\/\/www.reddit.com\/r\/Terraform\/comments\/kzy0ce\/resource_reuse_and_dry\/"
            }
        ],
        "edited": {
            "user": "BG3N7LG73",
            "ts": "1610988411.000000"
        }
    },
    {
        "type": "message",
        "subtype": "bot_message",
        "text": "<https:\/\/www.reddit.com\/r\/Terraform\/comments\/kzyrhv\/some_terraform_014_dependency_lock_file_gotchas\/|Some terraform 0.14 dependency lock file gotchas>\nHi, recently found a couple of not very clear tricks with this new feature from 0.14 Terraform.  Everything is discussed already in issues on GitHub, but I think it would be useful to have them all in one place. So I wrote a <https:\/\/link.medium.com\/gE0nMAat9cb|short article>    submitted by   <https:\/\/www.reddit.com\/user\/Nklya| \/u\/Nklya > \n<https:\/\/www.reddit.com\/r\/Terraform\/comments\/kzyrhv\/some_terraform_014_dependency_lock_file_gotchas\/|[link]>   &lt;a...",
        "ts": "1610990815.007300",
        "username": "Terraform",
        "icons": {
            "image_48": "https:\/\/s3-us-west-2.amazonaws.com\/slack-files2\/bot_icons\/2019-02-12\/548785199618_48.png"
        },
        "bot_id": "BG3N7LG73",
        "attachments": [
            {
                "service_name": "reddit",
                "title": "Some terraform 0.14 dependency lock file gotchas",
                "title_link": "https:\/\/www.reddit.com\/r\/Terraform\/comments\/kzyrhv\/some_terraform_014_dependency_lock_file_gotchas\/",
                "text": "Hi, recently found a couple of not very clear tricks with this new feature from 0.14 Terraform. Everything is discussed already in issues on...",
                "fallback": "reddit: Some terraform 0.14 dependency lock file gotchas",
                "thumb_url": "https:\/\/www.redditstatic.com\/new-icon.png",
                "from_url": "https:\/\/www.reddit.com\/r\/Terraform\/comments\/kzyrhv\/some_terraform_014_dependency_lock_file_gotchas\/",
                "thumb_width": 256,
                "thumb_height": 256,
                "service_icon": "http:\/\/www.redditstatic.com\/desktop2x\/img\/favicon\/apple-icon-57x57.png",
                "id": 1,
                "original_url": "https:\/\/www.reddit.com\/r\/Terraform\/comments\/kzyrhv\/some_terraform_014_dependency_lock_file_gotchas\/"
            },
            {
                "service_name": "Medium",
                "title": "Terraform v0.14 dependency lock file (.terraform.lock.hcl) gotchas",
                "title_link": "https:\/\/link.medium.com\/gE0nMAat9cb",
                "text": "In December 2020 a new version of Terraform was released — v0.14. Along with many new things there was released a pretty nice feature —…",
                "fallback": "Medium: Terraform v0.14 dependency lock file (.terraform.lock.hcl) gotchas",
                "fields": [
                    {
                        "title": "Reading time",
                        "value": "2 min read",
                        "short": true
                    }
                ],
                "ts": 1610636245,
                "from_url": "https:\/\/link.medium.com\/gE0nMAat9cb",
                "service_icon": "https:\/\/miro.medium.com\/fit\/c\/152\/152\/1*sHhtYhaCe2Uc3IU0IgKwIQ.png",
                "id": 2,
                "original_url": "https:\/\/link.medium.com\/gE0nMAat9cb"
            },
            {
                "title": "overview for Nklya",
                "title_link": "https:\/\/www.reddit.com\/user\/Nklya",
                "text": "The u\/Nklya community on Reddit. Reddit gives you the best of the internet in one place.",
                "fallback": "overview for Nklya",
                "from_url": "https:\/\/www.reddit.com\/user\/Nklya",
                "service_icon": "http:\/\/www.redditstatic.com\/desktop2x\/img\/favicon\/apple-icon-57x57.png",
                "service_name": "reddit.com",
                "id": 3,
                "original_url": "https:\/\/www.reddit.com\/user\/Nklya"
            }
        ],
        "edited": {
            "user": "BG3N7LG73",
            "ts": "1610990815.000000"
        }
    },
    {
        "type": "message",
        "subtype": "bot_message",
        "text": "<https:\/\/www.reddit.com\/r\/Terraform\/comments\/l02zj1\/account_creating_module_using_for_each_question\/|Account creating module using for_each question>\nHi! So I'm trying to write a module which creates an account in aws organizations using for_each, and using the newly created accounts id as part of an arn so that it can be assumed to bootstrap said account. The issue im encountering is trying to get the provider arn expects a string as part of its assume_role. Anyone have any ideas? resource \"aws_organizations_account\" \"account\" { for_each = local.account name = each.key email = \"${each.key}@email.com\" lifecycle { ignore_changes =...",
        "ts": "1611002817.007500",
        "username": "Terraform",
        "icons": {
            "image_48": "https:\/\/s3-us-west-2.amazonaws.com\/slack-files2\/bot_icons\/2019-02-12\/548785199618_48.png"
        },
        "bot_id": "BG3N7LG73",
        "attachments": [
            {
                "service_name": "reddit",
                "title": "Account creating module using for_each question",
                "title_link": "https:\/\/www.reddit.com\/r\/Terraform\/comments\/l02zj1\/account_creating_module_using_for_each_question\/",
                "text": "Hi! So I'm trying to write a module which creates an account in aws organizations using for_each, and using the newly created accounts id as part...",
                "fallback": "reddit: Account creating module using for_each question",
                "thumb_url": "https:\/\/www.redditstatic.com\/new-icon.png",
                "from_url": "https:\/\/www.reddit.com\/r\/Terraform\/comments\/l02zj1\/account_creating_module_using_for_each_question\/",
                "thumb_width": 256,
                "thumb_height": 256,
                "service_icon": "http:\/\/www.redditstatic.com\/desktop2x\/img\/favicon\/apple-icon-57x57.png",
                "id": 1,
                "original_url": "https:\/\/www.reddit.com\/r\/Terraform\/comments\/l02zj1\/account_creating_module_using_for_each_question\/"
            }
        ],
        "edited": {
            "user": "BG3N7LG73",
            "ts": "1611002817.000000"
        }
    },
    {
        "type": "message",
        "subtype": "bot_message",
        "text": "<https:\/\/www.reddit.com\/r\/Terraform\/comments\/l05slw\/custom_terraform_provider_for_retrieving_device42\/|Custom Terraform provider for retrieving Device42 passwords>\nA few months ago, I worked for a company which used both Terraform for infrastructure management and Device42 for device\/secrets management, and I decided to start writing a custom provider to make my life easier. Then I quit and it was no longer relevant anymore. Then I decided since I had some working code, I would try and \"finish\" it to a state where it is usable and release it with a permissive license so anyone who finds it useful is free to fork\/extend it; all I ask is that my name is...",
        "ts": "1611010616.007700",
        "username": "Terraform",
        "icons": {
            "image_48": "https:\/\/s3-us-west-2.amazonaws.com\/slack-files2\/bot_icons\/2019-02-12\/548785199618_48.png"
        },
        "bot_id": "BG3N7LG73",
        "attachments": [
            {
                "service_name": "reddit",
                "title": "Custom Terraform provider for retrieving Device42 passwords",
                "title_link": "https:\/\/www.reddit.com\/r\/Terraform\/comments\/l05slw\/custom_terraform_provider_for_retrieving_device42\/",
                "text": "A few months ago, I worked for a company which used both Terraform for infrastructure management and Device42 for device\/secrets management, and I...",
                "fallback": "reddit: Custom Terraform provider for retrieving Device42 passwords",
                "thumb_url": "https:\/\/www.redditstatic.com\/new-icon.png",
                "from_url": "https:\/\/www.reddit.com\/r\/Terraform\/comments\/l05slw\/custom_terraform_provider_for_retrieving_device42\/",
                "thumb_width": 256,
                "thumb_height": 256,
                "service_icon": "http:\/\/www.redditstatic.com\/desktop2x\/img\/favicon\/apple-icon-57x57.png",
                "id": 1,
                "original_url": "https:\/\/www.reddit.com\/r\/Terraform\/comments\/l05slw\/custom_terraform_provider_for_retrieving_device42\/"
            }
        ],
        "edited": {
            "user": "BG3N7LG73",
            "ts": "1611010616.000000"
        }
    },
    {
        "type": "message",
        "subtype": "bot_message",
        "text": "<https:\/\/qiita.com\/boccham\/items\/8c88b40c845f64ce4165|TFSwitch terraformのバージョン管理>\n<https:\/\/qiita.com\/#tfswitch-%E4%BD%BF%E3%81%84%E3%81%BE%E3%81%97%E3%82%87%E3%81%86>TFSwitch 使いましょう\n\nterraform のバージョン管理ツール\n\n\n<https:\/\/tfswitch.warrensbox.com\/|tfswitch>\n\n\n\n<https:\/\/qiita.com\/#%E7%92%B0%E5%A2%83>環境\n\nOS環境：macOS Big Sur ver11.1\n\n\n<https:\/\/qiita.com\/#%E3%82%A4%E3%83%B3%E3%82%B9%E3%83%88%E3%83%BC%E3%83%AB>インストール\n\nbrewコマンドにて、インストール\n\n$ brew update\n$ brew install warrensbox\/tap\/tfswitch\n\n\n\n&lt;a...",
        "ts": "1611029214.007900",
        "username": "Terraformタグが付けられた新着記事 - Qiita",
        "icons": {
            "image_36": "https:\/\/a.slack-edge.com\/80588\/img\/services\/rss_36.png",
            "image_48": "https:\/\/a.slack-edge.com\/80588\/img\/services\/rss_48.png",
            "image_72": "https:\/\/a.slack-edge.com\/80588\/img\/services\/rss_72.png"
        },
        "bot_id": "BG3N7LG73",
        "attachments": [
            {
                "service_name": "Qiita",
                "title": "TFSwitch terraformのバージョン管理 - Qiita",
                "title_link": "https:\/\/qiita.com\/boccham\/items\/8c88b40c845f64ce4165",
                "text": "TFSwitch 使いましょう terraform のバージョン管理ツール tfswitch 環境 OS環境：macOS Big Sur ver11.1 インストール brewコマンドにて、インストール $ ...",
                "fallback": "Qiita: TFSwitch terraformのバージョン管理 - Qiita",
                "image_url": "https:\/\/qiita-user-contents.imgix.net\/https%3A%2F%2Fcdn.qiita.com%2Fassets%2Fpublic%2Farticle-ogp-background-1150d8b18a7c15795b701a55ae908f94.png?ixlib=rb-1.2.2&w=1200&mark=https%3A%2F%2Fqiita-user-contents.imgix.net%2F~text%3Fixlib%3Drb-1.2.2%26w%3D840%26h%3D380%26txt%3DTFSwitch%2520terraform%25E3%2581%25AE%25E3%2583%2590%25E3%2583%25BC%25E3%2582%25B8%25E3%2583%25A7%25E3%2583%25B3%25E7%25AE%25A1%25E7%2590%2586%26txt-color%3D%2523333%26txt-font%3DHiragino%2520Sans%2520W6%26txt-size%3D54%26txt-clip%3Dellipsis%26txt-align%3Dcenter%252Cmiddle%26s%3D120224dca65f0e016418d9bdc406da40&mark-align=center%2Cmiddle&blend=https%3A%2F%2Fqiita-user-contents.imgix.net%2F~text%3Fixlib%3Drb-1.2.2%26w%3D840%26h%3D500%26txt%3D%2540boccham%26txt-color%3D%2523333%26txt-font%3DHiragino%2520Sans%2520W6%26txt-size%3D45%26txt-align%3Dright%252Cbottom%26s%3D5959f017c306578bc9739f30c2cdd659&blend-align=center%2Cmiddle&blend-mode=normal&s=52f63e996a12dd22b9078aed117ed70e",
                "from_url": "https:\/\/qiita.com\/boccham\/items\/8c88b40c845f64ce4165",
                "image_width": 476,
                "image_height": 250,
                "image_bytes": 42566,
                "service_icon": "https:\/\/cdn.qiita.com\/assets\/favicons\/public\/apple-touch-icon-ec5ba42a24ae923f16825592efdc356f.png",
                "id": 1,
                "original_url": "https:\/\/qiita.com\/boccham\/items\/8c88b40c845f64ce4165"
            },
            {
                "service_name": "Qiita",
                "title": "プログラマの技術情報共有サービス - Qiita",
                "title_link": "https:\/\/qiita.com\/#tfswitch-%E4%BD%BF%E3%81%84%E3%81%BE%E3%81%97%E3%82%87%E3%81%86",
                "text": "Qiitaは、プログラマのための技術情報共有サービスです。 プログラミングに関するTips、ノウハウ、メモを簡単に記録 &amp; 公開することができます。",
                "fallback": "Qiita: プログラマの技術情報共有サービス - Qiita",
                "thumb_url": "https:\/\/cdn.qiita.com\/assets\/qiita-fb-41f9429f13a8c56f50dd0ab477c80d26.png",
                "from_url": "https:\/\/qiita.com\/#tfswitch-%E4%BD%BF%E3%81%84%E3%81%BE%E3%81%97%E3%82%87%E3%81%86",
                "thumb_width": 1200,
                "thumb_height": 630,
                "service_icon": "https:\/\/cdn.qiita.com\/assets\/favicons\/public\/apple-touch-icon-ec5ba42a24ae923f16825592efdc356f.png",
                "id": 2,
                "original_url": "https:\/\/qiita.com\/#tfswitch-%E4%BD%BF%E3%81%84%E3%81%BE%E3%81%97%E3%82%87%E3%81%86"
            },
            {
                "title": "TFSwitch",
                "title_link": "https:\/\/tfswitch.warrensbox.com\/",
                "text": "A command line tool to switch between different versions of terraform (install with homebrew and more)",
                "fallback": "TFSwitch",
                "from_url": "https:\/\/tfswitch.warrensbox.com\/",
                "service_icon": "https:\/\/tfswitch.warrensbox.com\/static\/favicon_tfswitch_16.png",
                "service_name": "tfswitch.warrensbox.com",
                "id": 3,
                "original_url": "https:\/\/tfswitch.warrensbox.com\/"
            },
            {
                "service_name": "Qiita",
                "title": "プログラマの技術情報共有サービス - Qiita",
                "title_link": "https:\/\/qiita.com\/#%E7%92%B0%E5%A2%83",
                "text": "Qiitaは、プログラマのための技術情報共有サービスです。 プログラミングに関するTips、ノウハウ、メモを簡単に記録 &amp; 公開することができます。",
                "fallback": "Qiita: プログラマの技術情報共有サービス - Qiita",
                "thumb_url": "https:\/\/cdn.qiita.com\/assets\/qiita-fb-41f9429f13a8c56f50dd0ab477c80d26.png",
                "from_url": "https:\/\/qiita.com\/#%E7%92%B0%E5%A2%83",
                "thumb_width": 1200,
                "thumb_height": 630,
                "service_icon": "https:\/\/cdn.qiita.com\/assets\/favicons\/public\/apple-touch-icon-ec5ba42a24ae923f16825592efdc356f.png",
                "id": 4,
                "original_url": "https:\/\/qiita.com\/#%E7%92%B0%E5%A2%83"
            },
            {
                "service_name": "Qiita",
                "title": "プログラマの技術情報共有サービス - Qiita",
                "title_link": "https:\/\/qiita.com\/#%E3%82%A4%E3%83%B3%E3%82%B9%E3%83%88%E3%83%BC%E3%83%AB",
                "text": "Qiitaは、プログラマのための技術情報共有サービスです。 プログラミングに関するTips、ノウハウ、メモを簡単に記録 &amp; 公開することができます。",
                "fallback": "Qiita: プログラマの技術情報共有サービス - Qiita",
                "thumb_url": "https:\/\/cdn.qiita.com\/assets\/qiita-fb-41f9429f13a8c56f50dd0ab477c80d26.png",
                "from_url": "https:\/\/qiita.com\/#%E3%82%A4%E3%83%B3%E3%82%B9%E3%83%88%E3%83%BC%E3%83%AB",
                "thumb_width": 1200,
                "thumb_height": 630,
                "service_icon": "https:\/\/cdn.qiita.com\/assets\/favicons\/public\/apple-touch-icon-ec5ba42a24ae923f16825592efdc356f.png",
                "id": 5,
                "original_url": "https:\/\/qiita.com\/#%E3%82%A4%E3%83%B3%E3%82%B9%E3%83%88%E3%83%BC%E3%83%AB"
            }
        ],
        "edited": {
            "user": "BG3N7LG73",
            "ts": "1611029215.000000"
        }
    },
    {
        "type": "message",
        "subtype": "bot_message",
        "text": "<https:\/\/www.reddit.com\/r\/Terraform\/comments\/l0c4vs\/looking_to_get_started_with_terraform\/|Looking to get started with Terraform>\nHello everyone, I don't know if these posts are allowed, but I am looking for a reliable way to get started learning Terraform in a job area that is non existent. I have a background of doing help desk, system administration, system engineer, basically a ace of trades master of none. I am able to code to an extent and know some powershell. At my job it's pretty much dead end, juggling other peoples problems all day and not focusing on a single project. There is no Terraform currently in my...",
        "ts": "1611030419.008100",
        "username": "Terraform",
        "icons": {
            "image_48": "https:\/\/s3-us-west-2.amazonaws.com\/slack-files2\/bot_icons\/2019-02-12\/548785199618_48.png"
        },
        "bot_id": "BG3N7LG73",
        "attachments": [
            {
                "service_name": "reddit",
                "title": "Looking to get started with Terraform",
                "title_link": "https:\/\/www.reddit.com\/r\/Terraform\/comments\/l0c4vs\/looking_to_get_started_with_terraform\/",
                "text": "Hello everyone, I don't know if these posts are allowed, but I am looking for a reliable way to get started learning Terraform in a job area that...",
                "fallback": "reddit: Looking to get started with Terraform",
                "thumb_url": "https:\/\/www.redditstatic.com\/new-icon.png",
                "from_url": "https:\/\/www.reddit.com\/r\/Terraform\/comments\/l0c4vs\/looking_to_get_started_with_terraform\/",
                "thumb_width": 256,
                "thumb_height": 256,
                "service_icon": "http:\/\/www.redditstatic.com\/desktop2x\/img\/favicon\/apple-icon-57x57.png",
                "id": 1,
                "original_url": "https:\/\/www.reddit.com\/r\/Terraform\/comments\/l0c4vs\/looking_to_get_started_with_terraform\/"
            }
        ],
        "edited": {
            "user": "BG3N7LG73",
            "ts": "1611030420.000000"
        }
    }
]