[
    {
        "type": "message",
        "subtype": "bot_message",
        "text": "<https:\/\/www.reddit.com\/r\/Terraform\/comments\/kxs27c\/terragrunt_intermodule_dependency_management\/|Terragrunt — Inter-module dependency management>\nTerragrunt is a thin wrapper that provides extra tools for keeping your configurations DRY, working with multiple Terraform modules, and managing remote state. It provides a native approach of connecting outputs from one module to another while maintaining each deployment’s independence. <https:\/\/patrick-picard.medium.com\/\/terragrunt-inter-module-dependency-management-36528693acdf?source=friends_link&amp;sk=896fbb8d429762084919c47b2c0b88a2|This brief post> explains about the...",
        "ts": "1610707617.001700",
        "username": "Terraform",
        "icons": {
            "image_48": "https:\/\/s3-us-west-2.amazonaws.com\/slack-files2\/bot_icons\/2019-02-12\/548785199618_48.png"
        },
        "bot_id": "BG3N7LG73",
        "attachments": [
            {
                "service_name": "reddit",
                "title": "Terragrunt — Inter-module dependency management",
                "title_link": "https:\/\/www.reddit.com\/r\/Terraform\/comments\/kxs27c\/terragrunt_intermodule_dependency_management\/",
                "text": "Terragrunt is a thin wrapper that provides extra tools for keeping your configurations DRY, working with multiple Terraform modules, and managing...",
                "fallback": "reddit: Terragrunt — Inter-module dependency management",
                "thumb_url": "https:\/\/www.redditstatic.com\/new-icon.png",
                "from_url": "https:\/\/www.reddit.com\/r\/Terraform\/comments\/kxs27c\/terragrunt_intermodule_dependency_management\/",
                "thumb_width": 256,
                "thumb_height": 256,
                "service_icon": "http:\/\/www.redditstatic.com\/desktop2x\/img\/favicon\/apple-icon-57x57.png",
                "id": 1,
                "original_url": "https:\/\/www.reddit.com\/r\/Terraform\/comments\/kxs27c\/terragrunt_intermodule_dependency_management\/"
            },
            {
                "service_name": "Medium",
                "title": "Terragrunt — Inter-module dependency management",
                "title_link": "https:\/\/patrick-picard.medium.com\/\/terragrunt-inter-module-dependency-management-36528693acdf?source=friends_link&sk=896fbb8d429762084919c47b2c0b88a2",
                "text": "Terraform provides a graph engine that is rather smart. As you use attributes from one resource in another, it generates implied…",
                "fallback": "Medium: Terragrunt — Inter-module dependency management",
                "image_url": "https:\/\/miro.medium.com\/max\/1200\/1*jG3lh3-h93nsKqunh9AMhg.png",
                "fields": [
                    {
                        "title": "Reading time",
                        "value": "3 min read",
                        "short": true
                    }
                ],
                "ts": 1608053295,
                "from_url": "https:\/\/patrick-picard.medium.com\/\/terragrunt-inter-module-dependency-management-36528693acdf?source=friends_link&sk=896fbb8d429762084919c47b2c0b88a2",
                "image_width": 912,
                "image_height": 250,
                "image_bytes": 89577,
                "service_icon": "https:\/\/miro.medium.com\/fit\/c\/152\/152\/1*sHhtYhaCe2Uc3IU0IgKwIQ.png",
                "id": 2,
                "original_url": "https:\/\/patrick-picard.medium.com\/\/terragrunt-inter-module-dependency-management-36528693acdf?source=friends_link&amp;sk=896fbb8d429762084919c47b2c0b88a2"
            }
        ],
        "edited": {
            "user": "BG3N7LG73",
            "ts": "1610707617.000000"
        }
    },
    {
        "type": "message",
        "subtype": "bot_message",
        "text": "<https:\/\/www.reddit.com\/r\/Terraform\/comments\/kxs716\/unable_to_deploy_windows_template\/|Unable to deploy Windows Template>\nHi! It's my first approch with Terraform. I create an infrastructure which already work with Linux Template. ​ The problem is when I tried to deploy a Windows VM, Terraform doesn't launch the deployment. ​ Is there a way to fix it? Thanks by advance! <https:\/\/preview.redd.it\/unq7dkwx6hb61.png?width=644&amp;format=png&amp;auto=webp&amp;s=a3d669a57d569f97bea47b1bc101141f341eb16d|https:\/\/preview.redd.it\/unq7dkwx6hb61.png?width=644&format=png&auto=webp&s=a3d669a57d569f97bea47b1bc101141f341eb16d>...",
        "ts": "1610708810.001900",
        "username": "Terraform",
        "icons": {
            "image_48": "https:\/\/s3-us-west-2.amazonaws.com\/slack-files2\/bot_icons\/2019-02-12\/548785199618_48.png"
        },
        "bot_id": "BG3N7LG73",
        "attachments": [
            {
                "service_name": "reddit",
                "title": "Unable to deploy Windows Template",
                "title_link": "https:\/\/www.reddit.com\/r\/Terraform\/comments\/kxs716\/unable_to_deploy_windows_template\/",
                "text": "Posted in r\/Terraform by u\/jogab24 • 2 points and 0 comments",
                "fallback": "reddit: Unable to deploy Windows Template",
                "from_url": "https:\/\/www.reddit.com\/r\/Terraform\/comments\/kxs716\/unable_to_deploy_windows_template\/",
                "thumb_url": "https:\/\/external-preview.redd.it\/unq7dkwx6hb61.png?overlay-align=bottom,left&crop=644:154,smart&overlay-height=15p&overlay=%2Fwatermark%2Ft5_2u8e4.png%3Fs%3Dbfb326ca8735739e33a60abaf9a7c73bcb4a2134&width=644&height=154&auto=webp&s=d0433921f1698e90a16762139fde2e838ff3d722",
                "thumb_width": 130,
                "thumb_height": 60,
                "service_icon": "http:\/\/www.redditstatic.com\/desktop2x\/img\/favicon\/apple-icon-57x57.png",
                "id": 1,
                "original_url": "https:\/\/www.reddit.com\/r\/Terraform\/comments\/kxs716\/unable_to_deploy_windows_template\/"
            },
            {
                "fallback": "644x154px image",
                "image_url": "https:\/\/preview.redd.it\/unq7dkwx6hb61.png?width=644&format=png&auto=webp&s=a3d669a57d569f97bea47b1bc101141f341eb16d",
                "image_width": 644,
                "image_height": 154,
                "image_bytes": 5227,
                "from_url": "https:\/\/preview.redd.it\/unq7dkwx6hb61.png?width=644&format=png&auto=webp&s=a3d669a57d569f97bea47b1bc101141f341eb16d",
                "id": 2,
                "original_url": "https:\/\/preview.redd.it\/unq7dkwx6hb61.png?width=644&amp;format=png&amp;auto=webp&amp;s=a3d669a57d569f97bea47b1bc101141f341eb16d"
            }
        ],
        "edited": {
            "user": "BG3N7LG73",
            "ts": "1610708810.000000"
        }
    },
    {
        "type": "message",
        "subtype": "bot_message",
        "text": "<https:\/\/www.reddit.com\/r\/Terraform\/comments\/kxtymi\/what_are_the_greatest_challenges_you_face_with\/|What are the greatest challenges you face with Terraform? - and how you made it through>\nIt is fairly easy to build anything from scratch, but our first challenge was to re-organize our efforts. What challenges did you face?    submitted by   <https:\/\/www.reddit.com\/user\/metegenez| \/u\/metegenez > \n<https:\/\/www.reddit.com\/r\/Terraform\/comments\/kxtymi\/what_are_the_greatest_challenges_you_face_with\/|[link]>   <https:\/\/www.reddit.com\/r\/Terraform\/comments\/kxtymi\/what_are_the_greatest_challenges_you_face_with\/|[comments]>",
        "ts": "1610715417.002100",
        "username": "Terraform",
        "icons": {
            "image_48": "https:\/\/s3-us-west-2.amazonaws.com\/slack-files2\/bot_icons\/2019-02-12\/548785199618_48.png"
        },
        "bot_id": "BG3N7LG73",
        "attachments": [
            {
                "service_name": "reddit",
                "title": "What are the greatest challenges you face with Terraform? - and how you made it through",
                "title_link": "https:\/\/www.reddit.com\/r\/Terraform\/comments\/kxtymi\/what_are_the_greatest_challenges_you_face_with\/",
                "text": "It is fairly easy to build anything from scratch, but our first challenge was to re-organize our efforts. What challenges did you face?",
                "fallback": "reddit: What are the greatest challenges you face with Terraform? - and how you made it through",
                "thumb_url": "https:\/\/www.redditstatic.com\/new-icon.png",
                "from_url": "https:\/\/www.reddit.com\/r\/Terraform\/comments\/kxtymi\/what_are_the_greatest_challenges_you_face_with\/",
                "thumb_width": 256,
                "thumb_height": 256,
                "service_icon": "http:\/\/www.redditstatic.com\/desktop2x\/img\/favicon\/apple-icon-57x57.png",
                "id": 1,
                "original_url": "https:\/\/www.reddit.com\/r\/Terraform\/comments\/kxtymi\/what_are_the_greatest_challenges_you_face_with\/"
            },
            {
                "title": "overview for metegenez",
                "title_link": "https:\/\/www.reddit.com\/user\/metegenez",
                "text": "The u\/metegenez community on Reddit. Reddit gives you the best of the internet in one place.",
                "fallback": "overview for metegenez",
                "from_url": "https:\/\/www.reddit.com\/user\/metegenez",
                "service_icon": "http:\/\/www.redditstatic.com\/desktop2x\/img\/favicon\/apple-icon-57x57.png",
                "service_name": "reddit.com",
                "id": 2,
                "original_url": "https:\/\/www.reddit.com\/user\/metegenez"
            }
        ],
        "edited": {
            "user": "BG3N7LG73",
            "ts": "1610715417.000000"
        }
    },
    {
        "type": "message",
        "subtype": "bot_message",
        "text": "<https:\/\/www.reddit.com\/r\/Terraform\/comments\/kxxfhf\/help_setting_a_block_argument_key_using_a_variable\/|[Help] Setting a block argument key using a variable>\nHey all, Im having a hard time defining an action inside a nested block within a dynamic block. It doesnt seem like I can use a variable to set the block's name. ie. for WAFv2's aws_wafv2_web_acl... dynamic \"rule\" { for_each = var.waf_rules.ip_sets content { name = \"${var.environment_scope}-waf-${rule.key}\" priority = rule.value[0] action { allow {} } ...  I want \"allow\" to be taken from a variable such as rule.value[1], but I can't since its technically the key for a block. I've tried the...",
        "ts": "1610727420.002300",
        "username": "Terraform",
        "icons": {
            "image_48": "https:\/\/s3-us-west-2.amazonaws.com\/slack-files2\/bot_icons\/2019-02-12\/548785199618_48.png"
        },
        "bot_id": "BG3N7LG73",
        "attachments": [
            {
                "service_name": "reddit",
                "title": "[Help] Setting a block argument key using a variable",
                "title_link": "https:\/\/www.reddit.com\/r\/Terraform\/comments\/kxxfhf\/help_setting_a_block_argument_key_using_a_variable\/",
                "text": "Hey all, Im having a hard time defining an action inside a nested block within a dynamic block. It doesnt seem like I can use a variable to set...",
                "fallback": "reddit: [Help] Setting a block argument key using a variable",
                "thumb_url": "https:\/\/www.redditstatic.com\/new-icon.png",
                "from_url": "https:\/\/www.reddit.com\/r\/Terraform\/comments\/kxxfhf\/help_setting_a_block_argument_key_using_a_variable\/",
                "thumb_width": 256,
                "thumb_height": 256,
                "service_icon": "http:\/\/www.redditstatic.com\/desktop2x\/img\/favicon\/apple-icon-57x57.png",
                "id": 1,
                "original_url": "https:\/\/www.reddit.com\/r\/Terraform\/comments\/kxxfhf\/help_setting_a_block_argument_key_using_a_variable\/"
            }
        ],
        "edited": {
            "user": "BG3N7LG73",
            "ts": "1610727420.000000"
        }
    },
    {
        "type": "message",
        "subtype": "bot_message",
        "text": "<https:\/\/www.reddit.com\/r\/Terraform\/comments\/kxz7df\/aws_route_table_propagated_routes_data_source\/|AWS Route Table - Propagated routes data source?>\nIn my environment, central IT creates new AWS accounts, VPCs, and VPN connections, and individual silos manage everything else. The routes back to central IT are automatically propagated to the route table attached to the VPN Gateway. Is there a way to query those propagated routes in Terraform as a data source? I can successfully query any static routes added to the route table (for example, the route to <https:\/\/0.0.0.0\/0|0.0.0.0\/0> via the IGW) using the aws_route_table data...",
        "ts": "1610732822.002500",
        "username": "Terraform",
        "icons": {
            "image_48": "https:\/\/s3-us-west-2.amazonaws.com\/slack-files2\/bot_icons\/2019-02-12\/548785199618_48.png"
        },
        "bot_id": "BG3N7LG73",
        "attachments": [
            {
                "service_name": "reddit",
                "title": "AWS Route Table - Propagated routes data source?",
                "title_link": "https:\/\/www.reddit.com\/r\/Terraform\/comments\/kxz7df\/aws_route_table_propagated_routes_data_source\/",
                "text": "In my environment, central IT creates new AWS accounts, VPCs, and VPN connections, and individual silos manage everything else. The routes back...",
                "fallback": "reddit: AWS Route Table - Propagated routes data source?",
                "thumb_url": "https:\/\/www.redditstatic.com\/new-icon.png",
                "from_url": "https:\/\/www.reddit.com\/r\/Terraform\/comments\/kxz7df\/aws_route_table_propagated_routes_data_source\/",
                "thumb_width": 256,
                "thumb_height": 256,
                "service_icon": "http:\/\/www.redditstatic.com\/desktop2x\/img\/favicon\/apple-icon-57x57.png",
                "id": 1,
                "original_url": "https:\/\/www.reddit.com\/r\/Terraform\/comments\/kxz7df\/aws_route_table_propagated_routes_data_source\/"
            }
        ],
        "edited": {
            "user": "BG3N7LG73",
            "ts": "1610732822.000000"
        }
    },
    {
        "type": "message",
        "subtype": "bot_message",
        "text": "<https:\/\/www.reddit.com\/r\/Terraform\/comments\/kxzbkl\/hashicorp_releases_cdk_for_terraform_01\/|HashiCorp releases CDK for Terraform 0.1>\nsubmitted by   <https:\/\/www.reddit.com\/user\/Onlydole| \/u\/Onlydole > \n<https:\/\/www.hashicorp.com\/blog\/announcing-cdk-for-terraform-0-1|[link]>   <https:\/\/www.reddit.com\/r\/Terraform\/comments\/kxzbkl\/hashicorp_releases_cdk_for_terraform_01\/|[comments]>",
        "ts": "1610732822.002600",
        "username": "Terraform",
        "icons": {
            "image_48": "https:\/\/s3-us-west-2.amazonaws.com\/slack-files2\/bot_icons\/2019-02-12\/548785199618_48.png"
        },
        "bot_id": "BG3N7LG73",
        "attachments": [
            {
                "service_name": "reddit",
                "title": "HashiCorp releases CDK for Terraform 0.1",
                "title_link": "https:\/\/www.reddit.com\/r\/Terraform\/comments\/kxzbkl\/hashicorp_releases_cdk_for_terraform_01\/",
                "text": "Posted in r\/Terraform by u\/Onlydole • 1 point and 0 comments",
                "fallback": "reddit: HashiCorp releases CDK for Terraform 0.1",
                "thumb_url": "https:\/\/b.thumbs.redditmedia.com\/HzVEkcVh8vpZ4n_omfkobhp9LxtK_DicPBoTnGJp6Uo.jpg",
                "from_url": "https:\/\/www.reddit.com\/r\/Terraform\/comments\/kxzbkl\/hashicorp_releases_cdk_for_terraform_01\/",
                "thumb_width": 140,
                "thumb_height": 78,
                "service_icon": "http:\/\/www.redditstatic.com\/desktop2x\/img\/favicon\/apple-icon-57x57.png",
                "id": 1,
                "original_url": "https:\/\/www.reddit.com\/r\/Terraform\/comments\/kxzbkl\/hashicorp_releases_cdk_for_terraform_01\/"
            },
            {
                "title": "overview for Onlydole",
                "title_link": "https:\/\/www.reddit.com\/user\/Onlydole",
                "text": "The u\/Onlydole community on Reddit. Reddit gives you the best of the internet in one place.",
                "fallback": "overview for Onlydole",
                "from_url": "https:\/\/www.reddit.com\/user\/Onlydole",
                "service_icon": "http:\/\/www.redditstatic.com\/desktop2x\/img\/favicon\/apple-icon-57x57.png",
                "service_name": "reddit.com",
                "id": 2,
                "original_url": "https:\/\/www.reddit.com\/user\/Onlydole"
            },
            {
                "service_name": "HashiCorp",
                "title": "Announcing CDK for Terraform 0.1",
                "title_link": "https:\/\/www.hashicorp.com\/blog\/announcing-cdk-for-terraform-0-1",
                "text": "CDK for Terraform now supports Java and C# and has new collaboration features on Terraform Cloud.",
                "fallback": "HashiCorp: Announcing CDK for Terraform 0.1",
                "image_url": "https:\/\/www.datocms-assets.com\/2885\/1596833357-terraformshare3.jpg",
                "from_url": "https:\/\/www.hashicorp.com\/blog\/announcing-cdk-for-terraform-0-1",
                "image_width": 444,
                "image_height": 250,
                "image_bytes": 151794,
                "id": 3,
                "original_url": "https:\/\/www.hashicorp.com\/blog\/announcing-cdk-for-terraform-0-1"
            }
        ],
        "edited": {
            "user": "BG3N7LG73",
            "ts": "1610732822.000000"
        }
    },
    {
        "type": "message",
        "subtype": "bot_message",
        "text": "<https:\/\/www.reddit.com\/r\/Terraform\/comments\/ky8bng\/terraform_provider_install_failure_error_failed\/|Terraform Provider Install Failure - Error: Failed to install provider>\nHi Terraform Community ​ I am trying to get terraform init going but getting a flurry of provider installation failures What am I missing? <https:\/\/provider.tf\/|Provider.tf> terraform {\n required_providers {\n azurerm = {\n source = \"hashicorp\/azurerm\"\n version = \"~&gt; 2.43.0\"\n }\n azuread = {\n source = \"hashicorp\/azuread\"\n version = \"~&gt; 1.2.1\"\n }\n random = {\n source = \"hashicorp\/random\"\n version = \"~&gt; 3.0.1\"\n }\n null = {\n source = \"hashicorp\/null\"\n version = \"~&gt; 3.0.0\"\n }\n tls = {...",
        "ts": "1610759820.002900",
        "username": "Terraform",
        "icons": {
            "image_48": "https:\/\/s3-us-west-2.amazonaws.com\/slack-files2\/bot_icons\/2019-02-12\/548785199618_48.png"
        },
        "bot_id": "BG3N7LG73",
        "attachments": [
            {
                "service_name": "reddit",
                "title": "Terraform Provider Install Failure - Error: Failed to install provider",
                "title_link": "https:\/\/www.reddit.com\/r\/Terraform\/comments\/ky8bng\/terraform_provider_install_failure_error_failed\/",
                "text": "Posted in r\/Terraform by u\/KitchenLingonberry59 • 1 point and 0 comments",
                "fallback": "reddit: Terraform Provider Install Failure - Error: Failed to install provider",
                "thumb_url": "https:\/\/a.thumbs.redditmedia.com\/DmmqQknDC2p27Mnezhh2e3s0rjW--Z5gD7PcTdxQiE8.jpg",
                "from_url": "https:\/\/www.reddit.com\/r\/Terraform\/comments\/ky8bng\/terraform_provider_install_failure_error_failed\/",
                "thumb_width": 140,
                "thumb_height": 140,
                "service_icon": "http:\/\/www.redditstatic.com\/desktop2x\/img\/favicon\/apple-icon-57x57.png",
                "id": 1,
                "original_url": "https:\/\/www.reddit.com\/r\/Terraform\/comments\/ky8bng\/terraform_provider_install_failure_error_failed\/"
            }
        ],
        "edited": {
            "user": "BG3N7LG73",
            "ts": "1610759820.000000"
        }
    },
    {
        "type": "message",
        "subtype": "bot_message",
        "text": "<https:\/\/www.reddit.com\/r\/Terraform\/comments\/ky8cxq\/terraform_provider_install_failure_error_failed\/|Terraform Provider Install Failure - Error: Failed to install provider>\nHi Guys I am trying to get terraform init going but getting a flurry of provider installation failures Am i missing something? <https:\/\/provider.tf\/|Provider.tf> terraform {\n required_providers {\n azurerm = {\n source = \"hashicorp\/azurerm\"\n version = \"~&gt; 2.43.0\"\n }\n azuread = {\n source = \"hashicorp\/azuread\"\n version = \"~&gt; 1.2.1\"\n }\n random = {\n source = \"hashicorp\/random\"\n version = \"~&gt; 3.0.1\"\n }\n null = {\n source = \"hashicorp\/null\"\n version = \"~&gt; 3.0.0\"\n }\n tls = {\n source =...",
        "ts": "1610759820.003000",
        "username": "Terraform",
        "icons": {
            "image_48": "https:\/\/s3-us-west-2.amazonaws.com\/slack-files2\/bot_icons\/2019-02-12\/548785199618_48.png"
        },
        "bot_id": "BG3N7LG73",
        "attachments": [
            {
                "service_name": "reddit",
                "title": "Terraform Provider Install Failure - Error: Failed to install provider",
                "title_link": "https:\/\/www.reddit.com\/r\/Terraform\/comments\/ky8cxq\/terraform_provider_install_failure_error_failed\/",
                "text": "Posted in r\/Terraform by u\/KitchenLingonberry59 • 1 point and 0 comments",
                "fallback": "reddit: Terraform Provider Install Failure - Error: Failed to install provider",
                "from_url": "https:\/\/www.reddit.com\/r\/Terraform\/comments\/ky8cxq\/terraform_provider_install_failure_error_failed\/",
                "thumb_url": "https:\/\/external-preview.redd.it\/5sy2cd8pelb61.png?overlay-align=bottom,left&crop=880:460.732984293,smart&overlay-height=15p&overlay=%2Fwatermark%2Ft5_2u8e4.png%3Fs%3Dbfb326ca8735739e33a60abaf9a7c73bcb4a2134&width=880&height=460.732984293&auto=webp&s=db3a8454ac6fa03f4f849f76f7f09774ec9acece",
                "thumb_width": 130,
                "thumb_height": 60,
                "service_icon": "http:\/\/www.redditstatic.com\/desktop2x\/img\/favicon\/apple-icon-57x57.png",
                "id": 1,
                "original_url": "https:\/\/www.reddit.com\/r\/Terraform\/comments\/ky8cxq\/terraform_provider_install_failure_error_failed\/"
            }
        ],
        "edited": {
            "user": "BG3N7LG73",
            "ts": "1610759820.000000"
        }
    },
    {
        "type": "message",
        "subtype": "bot_message",
        "text": "<https:\/\/qiita.com\/rinchsan\/items\/97006fb4969abbe3d6d2|GitHub ActionsでTerraformの実行を自動化する>\n<https:\/\/qiita.com\/#%E3%81%A9%E3%82%93%E3%81%AA%E6%84%9F%E3%81%98%E3%81%AB%E8%87%AA%E5%8B%95%E5%8C%96%E3%81%97%E3%81%9F%E3%81%84%E3%81%8B>どんな感じに自動化したいか\n\nPull Request作成時にterraform planを実行し、その結果をPRにコメントしたい。\nPull Requestをマージしたときにterraform applyを実行したい。\ntfstateをいい感じに分けたい。\n変更した部分だけterraformを実行したい。\n\n<https:\/\/qiita.com\/#%E5%AE%9F%E9%9A%9B%E3%81%AE%E3%82%B3%E3%83%BC%E3%83%89%E3%81%AF%E3%81%93%E3%81%A1%E3%82%89>実際のコードはこちら\n\n&lt;a...",
        "ts": "1610782013.003300",
        "username": "Terraformタグが付けられた新着記事 - Qiita",
        "icons": {
            "image_36": "https:\/\/a.slack-edge.com\/80588\/img\/services\/rss_36.png",
            "image_48": "https:\/\/a.slack-edge.com\/80588\/img\/services\/rss_48.png",
            "image_72": "https:\/\/a.slack-edge.com\/80588\/img\/services\/rss_72.png"
        },
        "bot_id": "BG3N7LG73",
        "attachments": [
            {
                "service_name": "Qiita",
                "title": "GitHub ActionsでTerraformの実行を自動化する - Qiita",
                "title_link": "https:\/\/qiita.com\/rinchsan\/items\/97006fb4969abbe3d6d2",
                "text": "どんな感じに自動化したいか Pull Request作成時にterraform planを実行し、その結果をPRにコメントしたい。 Pull Requestをマージしたときにterraform applyを実行したい。 tfs...",
                "fallback": "Qiita: GitHub ActionsでTerraformの実行を自動化する - Qiita",
                "image_url": "https:\/\/qiita-user-contents.imgix.net\/https%3A%2F%2Fcdn.qiita.com%2Fassets%2Fpublic%2Farticle-ogp-background-1150d8b18a7c15795b701a55ae908f94.png?ixlib=rb-1.2.2&w=1200&mark=https%3A%2F%2Fqiita-user-contents.imgix.net%2F~text%3Fixlib%3Drb-1.2.2%26w%3D840%26h%3D380%26txt%3DGitHub%2520Actions%25E3%2581%25A7Terraform%25E3%2581%25AE%25E5%25AE%259F%25E8%25A1%258C%25E3%2582%2592%25E8%2587%25AA%25E5%258B%2595%25E5%258C%2596%25E3%2581%2599%25E3%2582%258B%26txt-color%3D%2523333%26txt-font%3DHiragino%2520Sans%2520W6%26txt-size%3D54%26txt-clip%3Dellipsis%26txt-align%3Dcenter%252Cmiddle%26s%3Debc3bdb36f2bc32b85d190c9ba2ba741&mark-align=center%2Cmiddle&blend=https%3A%2F%2Fqiita-user-contents.imgix.net%2F~text%3Fixlib%3Drb-1.2.2%26w%3D840%26h%3D500%26txt%3D%2540rinchsan%26txt-color%3D%2523333%26txt-font%3DHiragino%2520Sans%2520W6%26txt-size%3D45%26txt-align%3Dright%252Cbottom%26s%3D24b7e5eda7d7db6682f72944ef1cc5fb&blend-align=center%2Cmiddle&blend-mode=normal&s=4f15a15fb511a5978cedee8352729c9b",
                "from_url": "https:\/\/qiita.com\/rinchsan\/items\/97006fb4969abbe3d6d2",
                "image_width": 476,
                "image_height": 250,
                "image_bytes": 49624,
                "service_icon": "https:\/\/cdn.qiita.com\/assets\/favicons\/public\/apple-touch-icon-ec5ba42a24ae923f16825592efdc356f.png",
                "id": 1,
                "original_url": "https:\/\/qiita.com\/rinchsan\/items\/97006fb4969abbe3d6d2"
            },
            {
                "service_name": "Qiita",
                "title": "プログラマの技術情報共有サービス - Qiita",
                "title_link": "https:\/\/qiita.com\/#%E3%81%A9%E3%82%93%E3%81%AA%E6%84%9F%E3%81%98%E3%81%AB%E8%87%AA%E5%8B%95%E5%8C%96%E3%81%97%E3%81%9F%E3%81%84%E3%81%8B",
                "text": "Qiitaは、プログラマのための技術情報共有サービスです。 プログラミングに関するTips、ノウハウ、メモを簡単に記録 &amp; 公開することができます。",
                "fallback": "Qiita: プログラマの技術情報共有サービス - Qiita",
                "thumb_url": "https:\/\/cdn.qiita.com\/assets\/qiita-fb-41f9429f13a8c56f50dd0ab477c80d26.png",
                "from_url": "https:\/\/qiita.com\/#%E3%81%A9%E3%82%93%E3%81%AA%E6%84%9F%E3%81%98%E3%81%AB%E8%87%AA%E5%8B%95%E5%8C%96%E3%81%97%E3%81%9F%E3%81%84%E3%81%8B",
                "thumb_width": 1200,
                "thumb_height": 630,
                "service_icon": "https:\/\/cdn.qiita.com\/assets\/favicons\/public\/apple-touch-icon-ec5ba42a24ae923f16825592efdc356f.png",
                "id": 2,
                "original_url": "https:\/\/qiita.com\/#%E3%81%A9%E3%82%93%E3%81%AA%E6%84%9F%E3%81%98%E3%81%AB%E8%87%AA%E5%8B%95%E5%8C%96%E3%81%97%E3%81%9F%E3%81%84%E3%81%8B"
            },
            {
                "service_name": "Qiita",
                "title": "プログラマの技術情報共有サービス - Qiita",
                "title_link": "https:\/\/qiita.com\/#%E5%AE%9F%E9%9A%9B%E3%81%AE%E3%82%B3%E3%83%BC%E3%83%89%E3%81%AF%E3%81%93%E3%81%A1%E3%82%89",
                "text": "Qiitaは、プログラマのための技術情報共有サービスです。 プログラミングに関するTips、ノウハウ、メモを簡単に記録 &amp; 公開することができます。",
                "fallback": "Qiita: プログラマの技術情報共有サービス - Qiita",
                "thumb_url": "https:\/\/cdn.qiita.com\/assets\/qiita-fb-41f9429f13a8c56f50dd0ab477c80d26.png",
                "from_url": "https:\/\/qiita.com\/#%E5%AE%9F%E9%9A%9B%E3%81%AE%E3%82%B3%E3%83%BC%E3%83%89%E3%81%AF%E3%81%93%E3%81%A1%E3%82%89",
                "thumb_width": 1200,
                "thumb_height": 630,
                "service_icon": "https:\/\/cdn.qiita.com\/assets\/favicons\/public\/apple-touch-icon-ec5ba42a24ae923f16825592efdc356f.png",
                "id": 3,
                "original_url": "https:\/\/qiita.com\/#%E5%AE%9F%E9%9A%9B%E3%81%AE%E3%82%B3%E3%83%BC%E3%83%89%E3%81%AF%E3%81%93%E3%81%A1%E3%82%89"
            }
        ],
        "edited": {
            "user": "BG3N7LG73",
            "ts": "1610782014.000000"
        }
    }
]