[
    {
        "type": "message",
        "subtype": "bot_message",
        "text": "<https:\/\/www.reddit.com\/r\/Terraform\/comments\/l7sg8s\/etok_execute_terraform_on_kubernetes\/|Etok: execute terraform on kubernetes>\nsubmitted by   <https:\/\/www.reddit.com\/user\/leg100| \/u\/leg100 > \n<https:\/\/github.com\/leg100\/etok|[link]>   <https:\/\/www.reddit.com\/r\/Terraform\/comments\/l7sg8s\/etok_execute_terraform_on_kubernetes\/|[comments]>",
        "ts": "1611927410.013000",
        "username": "Terraform",
        "icons": {
            "image_48": "https:\/\/s3-us-west-2.amazonaws.com\/slack-files2\/bot_icons\/2019-02-12\/548785199618_48.png"
        },
        "bot_id": "BG3N7LG73",
        "attachments": [
            {
                "service_name": "reddit",
                "title": "Etok: execute terraform on kubernetes",
                "title_link": "https:\/\/www.reddit.com\/r\/Terraform\/comments\/l7sg8s\/etok_execute_terraform_on_kubernetes\/",
                "text": "Posted in r\/Terraform by u\/leg100 • 1 point and 0 comments",
                "fallback": "reddit: Etok: execute terraform on kubernetes",
                "thumb_url": "https:\/\/b.thumbs.redditmedia.com\/uAzuU27M2V-JqkfR6FEzcVWVTq-IyilabpIRrUVw90s.jpg",
                "from_url": "https:\/\/www.reddit.com\/r\/Terraform\/comments\/l7sg8s\/etok_execute_terraform_on_kubernetes\/",
                "thumb_width": 140,
                "thumb_height": 140,
                "service_icon": "http:\/\/www.redditstatic.com\/desktop2x\/img\/favicon\/apple-icon-57x57.png",
                "id": 1,
                "original_url": "https:\/\/www.reddit.com\/r\/Terraform\/comments\/l7sg8s\/etok_execute_terraform_on_kubernetes\/"
            },
            {
                "title": "overview for leg100",
                "title_link": "https:\/\/www.reddit.com\/user\/leg100",
                "text": "The u\/leg100 community on Reddit. Reddit gives you the best of the internet in one place.",
                "fallback": "overview for leg100",
                "from_url": "https:\/\/www.reddit.com\/user\/leg100",
                "service_icon": "http:\/\/www.redditstatic.com\/desktop2x\/img\/favicon\/apple-icon-57x57.png",
                "service_name": "reddit.com",
                "id": 2,
                "original_url": "https:\/\/www.reddit.com\/user\/leg100"
            },
            {
                "service_name": "GitHub",
                "title": "leg100\/etok",
                "title_link": "https:\/\/github.com\/leg100\/etok",
                "text": "Execute Terraform on Kubernetes. Contribute to leg100\/etok development by creating an account on GitHub.",
                "fallback": "GitHub: leg100\/etok",
                "thumb_url": "https:\/\/avatars.githubusercontent.com\/u\/75728?s=400&v=4",
                "from_url": "https:\/\/github.com\/leg100\/etok",
                "thumb_width": 400,
                "thumb_height": 400,
                "service_icon": "https:\/\/a.slack-edge.com\/80588\/img\/unfurl_icons\/github.png",
                "id": 3,
                "original_url": "https:\/\/github.com\/leg100\/etok"
            }
        ],
        "edited": {
            "user": "BG3N7LG73",
            "ts": "1611927410.000000"
        }
    },
    {
        "type": "message",
        "subtype": "bot_message",
        "text": "<https:\/\/qiita.com\/kuromitsu0104\/items\/dc0021a20100e11f2f7d|【独学・未経験】Nuxt.js, Rails, Docker, AWS ECS(Fargate), Terraformな完全SPAポートフォリオを制作しました！　>\n<https:\/\/qiita.com\/#%E6%A6%82%E8%A6%81>概要\n\nプログラミング歴半年（独学）の実務未経験者が完全SPAなポートフォリオを制作しましたので紹介していきたいと思います！\n記事の最後には初学者が詰まるであろうポイントもまとめておきましたので、参考になれば幸いです。\n\n\n<https:\/\/qiita.com\/#%E4%BD%9C%E8%80%85%E3%81%AE%E3%82%B9%E3%83%9A%E3%83%83%E3%82%AF>作者のスペック\n\n年齢は27歳（今年で28歳）で今までにプログラミング経験はありませんでした。\n今現在はエンジニアを目指して独学で学習中でして、本記事を執筆している時点でプログラミング学習期間は半年間です。\nポートフォリオに関わる技術のキャッチアップをしながら約4ヶ月程かけてポートフォリオを完成させました。\n\nポートフォリオ制作に着手した時点では、ProgateとRailsチュートリアルを終えた程度の実力。...",
        "ts": "1611935807.013200",
        "username": "Terraformタグが付けられた新着記事 - Qiita",
        "icons": {
            "image_36": "https:\/\/a.slack-edge.com\/80588\/img\/services\/rss_36.png",
            "image_48": "https:\/\/a.slack-edge.com\/80588\/img\/services\/rss_48.png",
            "image_72": "https:\/\/a.slack-edge.com\/80588\/img\/services\/rss_72.png"
        },
        "bot_id": "BG3N7LG73",
        "attachments": [
            {
                "service_name": "Qiita",
                "title": "【独学・未経験】Nuxt.js, Rails, Docker, AWS ECS(Fargate), Terraformな完全SPAポートフォリオを制作しました！　 - Qiita",
                "title_link": "https:\/\/qiita.com\/kuromitsu0104\/items\/dc0021a20100e11f2f7d",
                "text": "概要 プログラミング歴半年（独学）の実務未経験者が完全SPAなポートフォリオを制作しましたので紹介していきたいと思います！ 記事の最後には初学者が詰まるであろうポイントもまとめておきましたので、参考になれば幸いです。 作者の...",
                "fallback": "Qiita: 【独学・未経験】Nuxt.js, Rails, Docker, AWS ECS(Fargate), Terraformな完全SPAポートフォリオを制作しました！　 - Qiita",
                "image_url": "https:\/\/qiita-user-contents.imgix.net\/https%3A%2F%2Fcdn.qiita.com%2Fassets%2Fpublic%2Farticle-ogp-background-1150d8b18a7c15795b701a55ae908f94.png?ixlib=rb-1.2.2&w=1200&mark=https%3A%2F%2Fqiita-user-contents.imgix.net%2F~text%3Fixlib%3Drb-1.2.2%26w%3D840%26h%3D380%26txt%3D%25E3%2580%2590%25E7%258B%25AC%25E5%25AD%25A6%25E3%2583%25BB%25E6%259C%25AA%25E7%25B5%258C%25E9%25A8%2593%25E3%2580%2591Nuxt.js%252C%2520Rails%252C%2520Docker%252C%2520AWS%2520ECS%2528Fargate%2529%252C%2520Terraform%25E3%2581%25AA%25E5%25AE%258C%25E5%2585%25A8SPA%25E3%2583%259D%25E3%2583%25BC%25E3%2583%2588%25E3%2583%2595%25E3%2582%25A9%25E3%2583%25AA%25E3%2582%25AA%25E3%2582%2592%25E5%2588%25B6%25E4%25BD%259C%25E3%2581%2597%25E3%2581%25BE%25E3%2581%2597%25E3%2581%259F%25EF%25BC%2581%25E3%2580%2580%26txt-color%3D%2523333%26txt-font%3DHiragino%2520Sans%2520W6%26txt-size%3D54%26txt-clip%3Dellipsis%26txt-align%3Dcenter%252Cmiddle%26s%3Db492d62589a75f64d8a708c84dad017c&mark-align=center%2Cmiddle&blend=https%3A%2F%2Fqiita-user-contents.imgix.net%2F~text%3Fixlib%3Drb-1.2.2%26w%3D840%26h%3D500%26txt%3D%2540kuromitsu0104%26txt-color%3D%2523333%26txt-font%3DHiragino%2520Sans%2520W6%26txt-size%3D45%26txt-align%3Dright%252Cbottom%26s%3De22a21c5a7f81202f52ff57a9aa09890&blend-align=center%2Cmiddle&blend-mode=normal&s=f81a7afe8f02c65516d3408acf5209a9",
                "from_url": "https:\/\/qiita.com\/kuromitsu0104\/items\/dc0021a20100e11f2f7d",
                "image_width": 476,
                "image_height": 250,
                "image_bytes": 87352,
                "service_icon": "https:\/\/cdn.qiita.com\/assets\/favicons\/public\/apple-touch-icon-ec5ba42a24ae923f16825592efdc356f.png",
                "id": 1,
                "original_url": "https:\/\/qiita.com\/kuromitsu0104\/items\/dc0021a20100e11f2f7d"
            },
            {
                "service_name": "Qiita",
                "title": "プログラマの技術情報共有サービス - Qiita",
                "title_link": "https:\/\/qiita.com\/#%E6%A6%82%E8%A6%81",
                "text": "Qiitaは、プログラマのための技術情報共有サービスです。 プログラミングに関するTips、ノウハウ、メモを簡単に記録 &amp; 公開することができます。",
                "fallback": "Qiita: プログラマの技術情報共有サービス - Qiita",
                "thumb_url": "https:\/\/cdn.qiita.com\/assets\/qiita-fb-41f9429f13a8c56f50dd0ab477c80d26.png",
                "from_url": "https:\/\/qiita.com\/#%E6%A6%82%E8%A6%81",
                "thumb_width": 1200,
                "thumb_height": 630,
                "service_icon": "https:\/\/cdn.qiita.com\/assets\/favicons\/public\/apple-touch-icon-ec5ba42a24ae923f16825592efdc356f.png",
                "id": 2,
                "original_url": "https:\/\/qiita.com\/#%E6%A6%82%E8%A6%81"
            },
            {
                "service_name": "Qiita",
                "title": "プログラマの技術情報共有サービス - Qiita",
                "title_link": "https:\/\/qiita.com\/#%E4%BD%9C%E8%80%85%E3%81%AE%E3%82%B9%E3%83%9A%E3%83%83%E3%82%AF",
                "text": "Qiitaは、プログラマのための技術情報共有サービスです。 プログラミングに関するTips、ノウハウ、メモを簡単に記録 &amp; 公開することができます。",
                "fallback": "Qiita: プログラマの技術情報共有サービス - Qiita",
                "thumb_url": "https:\/\/cdn.qiita.com\/assets\/qiita-fb-41f9429f13a8c56f50dd0ab477c80d26.png",
                "from_url": "https:\/\/qiita.com\/#%E4%BD%9C%E8%80%85%E3%81%AE%E3%82%B9%E3%83%9A%E3%83%83%E3%82%AF",
                "thumb_width": 1200,
                "thumb_height": 630,
                "service_icon": "https:\/\/cdn.qiita.com\/assets\/favicons\/public\/apple-touch-icon-ec5ba42a24ae923f16825592efdc356f.png",
                "id": 3,
                "original_url": "https:\/\/qiita.com\/#%E4%BD%9C%E8%80%85%E3%81%AE%E3%82%B9%E3%83%9A%E3%83%83%E3%82%AF"
            }
        ],
        "edited": {
            "user": "BG3N7LG73",
            "ts": "1611935807.000000"
        }
    },
    {
        "type": "message",
        "subtype": "bot_message",
        "text": "<https:\/\/www.reddit.com\/r\/Terraform\/comments\/l7woxb\/data_source_aws_ami_product_code_example\/|Data Source: aws_ami Product Code Example>\nHello, ​ I am learning terraform and trying to see how I can use the product_codes filter. I took a look at the examples but those only have the one specific property whereas product_codes has two and I am not quite sure how the format should be. <https:\/\/registry.terraform.io\/providers\/hashicorp\/aws\/latest\/docs\/data-sources\/ami|https:\/\/registry.terraform.io\/providers\/hashicorp\/aws\/latest\/docs\/data-sources\/ami> ​ Any help would be greatly appreciated!    submitted by   &lt;a...",
        "ts": "1611938206.013400",
        "username": "Terraform",
        "icons": {
            "image_48": "https:\/\/s3-us-west-2.amazonaws.com\/slack-files2\/bot_icons\/2019-02-12\/548785199618_48.png"
        },
        "bot_id": "BG3N7LG73",
        "attachments": [
            {
                "service_name": "reddit",
                "title": "Data Source: aws_ami Product Code Example",
                "title_link": "https:\/\/www.reddit.com\/r\/Terraform\/comments\/l7woxb\/data_source_aws_ami_product_code_example\/",
                "text": "Hello, &amp;#x200B; I am learning terraform and trying to see how I can use the product\\_codes filter. I took a look at the examples but those only...",
                "fallback": "reddit: Data Source: aws_ami Product Code Example",
                "thumb_url": "https:\/\/www.redditstatic.com\/new-icon.png",
                "from_url": "https:\/\/www.reddit.com\/r\/Terraform\/comments\/l7woxb\/data_source_aws_ami_product_code_example\/",
                "thumb_width": 256,
                "thumb_height": 256,
                "service_icon": "http:\/\/www.redditstatic.com\/desktop2x\/img\/favicon\/apple-icon-57x57.png",
                "id": 1,
                "original_url": "https:\/\/www.reddit.com\/r\/Terraform\/comments\/l7woxb\/data_source_aws_ami_product_code_example\/"
            }
        ],
        "edited": {
            "user": "BG3N7LG73",
            "ts": "1611938207.000000"
        }
    },
    {
        "type": "message",
        "subtype": "bot_message",
        "text": "<https:\/\/www.reddit.com\/r\/Terraform\/comments\/l7yvj2\/azure_devops_marketplace\/|Azure Devops &amp; Marketplace>\nHi all, We are using Azure devops to create our pipelines for building infrastructure out in azure. I wondered if there was a smart way to deploy things directly from azure marketplace using a terraform script, rather than go download the arm template that get generated and running that in a pipeline.    submitted by   <https:\/\/www.reddit.com\/user\/thinkscientist| \/u\/thinkscientist > \n<https:\/\/www.reddit.com\/r\/Terraform\/comments\/l7yvj2\/azure_devops_marketplace\/|[link]>...",
        "ts": "1611943009.013600",
        "username": "Terraform",
        "icons": {
            "image_48": "https:\/\/s3-us-west-2.amazonaws.com\/slack-files2\/bot_icons\/2019-02-12\/548785199618_48.png"
        },
        "bot_id": "BG3N7LG73",
        "attachments": [
            {
                "service_name": "reddit",
                "title": "Azure Devops &amp; Marketplace",
                "title_link": "https:\/\/www.reddit.com\/r\/Terraform\/comments\/l7yvj2\/azure_devops_marketplace\/",
                "text": "Hi all, We are using Azure devops to create our pipelines for building infrastructure out in azure. I wondered if there was a smart way to deploy...",
                "fallback": "reddit: Azure Devops &amp; Marketplace",
                "thumb_url": "https:\/\/www.redditstatic.com\/new-icon.png",
                "from_url": "https:\/\/www.reddit.com\/r\/Terraform\/comments\/l7yvj2\/azure_devops_marketplace\/",
                "thumb_width": 256,
                "thumb_height": 256,
                "service_icon": "http:\/\/www.redditstatic.com\/desktop2x\/img\/favicon\/apple-icon-57x57.png",
                "id": 1,
                "original_url": "https:\/\/www.reddit.com\/r\/Terraform\/comments\/l7yvj2\/azure_devops_marketplace\/"
            },
            {
                "title": "overview for thinkscientist",
                "title_link": "https:\/\/www.reddit.com\/user\/thinkscientist",
                "text": "The u\/thinkscientist community on Reddit. Reddit gives you the best of the internet in one place.",
                "fallback": "overview for thinkscientist",
                "from_url": "https:\/\/www.reddit.com\/user\/thinkscientist",
                "service_icon": "http:\/\/www.redditstatic.com\/desktop2x\/img\/favicon\/apple-icon-57x57.png",
                "service_name": "reddit.com",
                "id": 2,
                "original_url": "https:\/\/www.reddit.com\/user\/thinkscientist"
            }
        ],
        "edited": {
            "user": "BG3N7LG73",
            "ts": "1611943009.000000"
        }
    },
    {
        "type": "message",
        "subtype": "bot_message",
        "text": "<https:\/\/www.reddit.com\/r\/Terraform\/comments\/l842vs\/a_data_resource_azurerm_subnet_subnetprivate_has\/|A data resource \"azurerm_subnet\" \"subnet-private\" has not been declared in the root module ?>\nIn <https:\/\/data.tf\/|data.tf> I have data \"azurerm_subnet\" \"subnet-private\" {\nname = var.subnet-private\nresource_group_name = data.azurerm_virtual_network.vnet_vmss.resource_group_name\nvirtual_network_name = data.azurerm_virtual_network.vnet_vmss.name\n} and in m<https:\/\/main.tf\/|ain.tf> I am calling module with  backend-subnet = data.azurerm_subnet.subnet-private.id then getting error \"A data resource \"azurerm_subnet\" \"subnet-private\" has not been declared in the root...",
        "ts": "1611955013.013800",
        "username": "Terraform",
        "icons": {
            "image_48": "https:\/\/s3-us-west-2.amazonaws.com\/slack-files2\/bot_icons\/2019-02-12\/548785199618_48.png"
        },
        "bot_id": "BG3N7LG73",
        "attachments": [
            {
                "service_name": "reddit",
                "title": "A data resource \"azurerm_subnet\" \"subnet-private\" has not been declared in the root module ?",
                "title_link": "https:\/\/www.reddit.com\/r\/Terraform\/comments\/l842vs\/a_data_resource_azurerm_subnet_subnetprivate_has\/",
                "text": "In [<http:\/\/data.tf|data.tf>](<https:\/\/data.tf>) I have `data \"azurerm_subnet\" \"subnet-private\" {` `name = var.subnet-private` ...",
                "fallback": "reddit: A data resource \"azurerm_subnet\" \"subnet-private\" has not been declared in the root module ?",
                "thumb_url": "https:\/\/www.redditstatic.com\/new-icon.png",
                "from_url": "https:\/\/www.reddit.com\/r\/Terraform\/comments\/l842vs\/a_data_resource_azurerm_subnet_subnetprivate_has\/",
                "thumb_width": 256,
                "thumb_height": 256,
                "service_icon": "http:\/\/www.redditstatic.com\/desktop2x\/img\/favicon\/apple-icon-57x57.png",
                "id": 1,
                "original_url": "https:\/\/www.reddit.com\/r\/Terraform\/comments\/l842vs\/a_data_resource_azurerm_subnet_subnetprivate_has\/"
            }
        ],
        "edited": {
            "user": "BG3N7LG73",
            "ts": "1611955014.000000"
        }
    },
    {
        "type": "message",
        "subtype": "bot_message",
        "text": "<https:\/\/www.reddit.com\/r\/Terraform\/comments\/l8cmu8\/vault_cloud\/|Vault Cloud?>\nSo I have 2 repositories: one that hold the static Gatsby site and the other holds the Terraform HCL code and the API lambda functions. I'd like to use vault so that when I update the 'dev' branch on the Terraform one, the Gatsby repository can update it's environment variables with the proper values. Is Vault the right option for this?    submitted by   <https:\/\/www.reddit.com\/user\/tnorlund| \/u\/tnorlund > \n&lt;a...",
        "ts": "1611978404.014000",
        "username": "Terraform",
        "icons": {
            "image_48": "https:\/\/s3-us-west-2.amazonaws.com\/slack-files2\/bot_icons\/2019-02-12\/548785199618_48.png"
        },
        "bot_id": "BG3N7LG73",
        "attachments": [
            {
                "service_name": "reddit",
                "title": "Vault Cloud?",
                "title_link": "https:\/\/www.reddit.com\/r\/Terraform\/comments\/l8cmu8\/vault_cloud\/",
                "text": "So I have 2 repositories: one that hold the static Gatsby site and the other holds the Terraform HCL code and the API lambda functions. I'd like...",
                "fallback": "reddit: Vault Cloud?",
                "thumb_url": "https:\/\/www.redditstatic.com\/new-icon.png",
                "from_url": "https:\/\/www.reddit.com\/r\/Terraform\/comments\/l8cmu8\/vault_cloud\/",
                "thumb_width": 256,
                "thumb_height": 256,
                "service_icon": "http:\/\/www.redditstatic.com\/desktop2x\/img\/favicon\/apple-icon-57x57.png",
                "id": 1,
                "original_url": "https:\/\/www.reddit.com\/r\/Terraform\/comments\/l8cmu8\/vault_cloud\/"
            },
            {
                "title": "overview for tnorlund",
                "title_link": "https:\/\/www.reddit.com\/user\/tnorlund",
                "text": "The u\/tnorlund community on Reddit. Reddit gives you the best of the internet in one place.",
                "fallback": "overview for tnorlund",
                "from_url": "https:\/\/www.reddit.com\/user\/tnorlund",
                "service_icon": "http:\/\/www.redditstatic.com\/desktop2x\/img\/favicon\/apple-icon-57x57.png",
                "service_name": "reddit.com",
                "id": 2,
                "original_url": "https:\/\/www.reddit.com\/user\/tnorlund"
            }
        ],
        "edited": {
            "user": "BG3N7LG73",
            "ts": "1611978404.000000"
        }
    },
    {
        "type": "message",
        "subtype": "bot_message",
        "text": "<https:\/\/qiita.com\/hmdsg\/items\/9acf2297a3c701eea671|terraformでIAMのRoleとPolicyを同時に作成・削除する>\n<https:\/\/qiita.com\/#%E3%81%AF%E3%81%98%E3%82%81%E3%81%AB>はじめに\n\nIAMの管理をterraformで行う際、RoleとPolicyを同時に作成、削除を行ったら思い通りの挙動ができずハマったのでその対処。\n以下はLambda用に新たにロールを作成し(ロール名：test-lambda-role)、AmazonS3FullAccessをアタッチする例となります。\n\n\n<https:\/\/qiita.com\/#%E5%90%8C%E6%99%82%E3%81%AB%E4%BD%9C%E6%88%90%E5%89%8A%E9%99%A4%E3%81%8C%E3%81%A7%E3%81%8D%E3%81%AA%E3%81%84%E3%83%91%E3%82%BF%E3%83%BC%E3%83%B3>同時に作成・削除ができないパターン\n\n\nresource \"aws_iam_role\" \"test_lambda\" {\n  assume_role_policy =",
        "ts": "1611993409.014200",
        "username": "Terraformタグが付けられた新着記事 - Qiita",
        "icons": {
            "image_36": "https:\/\/a.slack-edge.com\/80588\/img\/services\/rss_36.png",
            "image_48": "https:\/\/a.slack-edge.com\/80588\/img\/services\/rss_48.png",
            "image_72": "https:\/\/a.slack-edge.com\/80588\/img\/services\/rss_72.png"
        },
        "bot_id": "BG3N7LG73",
        "attachments": [
            {
                "service_name": "Qiita",
                "title": "terraformでIAMのRoleとPolicyを同時に作成・削除する - Qiita",
                "title_link": "https:\/\/qiita.com\/hmdsg\/items\/9acf2297a3c701eea671",
                "text": "はじめに IAMの管理をterraformで行う際、RoleとPolicyを同時に作成、削除を行ったら思い通りの挙動ができずハマったのでその対処。 以下はLambda用に新たにロールを作成し(ロール名：test-lambda-r...",
                "fallback": "Qiita: terraformでIAMのRoleとPolicyを同時に作成・削除する - Qiita",
                "image_url": "https:\/\/qiita-user-contents.imgix.net\/https%3A%2F%2Fcdn.qiita.com%2Fassets%2Fpublic%2Farticle-ogp-background-1150d8b18a7c15795b701a55ae908f94.png?ixlib=rb-1.2.2&w=1200&mark=https%3A%2F%2Fqiita-user-contents.imgix.net%2F~text%3Fixlib%3Drb-1.2.2%26w%3D840%26h%3D380%26txt%3Dterraform%25E3%2581%25A7IAM%25E3%2581%25AERole%25E3%2581%25A8Policy%25E3%2582%2592%25E5%2590%258C%25E6%2599%2582%25E3%2581%25AB%25E4%25BD%259C%25E6%2588%2590%25E3%2583%25BB%25E5%2589%258A%25E9%2599%25A4%25E3%2581%2599%25E3%2582%258B%26txt-color%3D%2523333%26txt-font%3DHiragino%2520Sans%2520W6%26txt-size%3D54%26txt-clip%3Dellipsis%26txt-align%3Dcenter%252Cmiddle%26s%3De5c38527ddec057698fffc0a8d32c6da&mark-align=center%2Cmiddle&blend=https%3A%2F%2Fqiita-user-contents.imgix.net%2F~text%3Fixlib%3Drb-1.2.2%26w%3D840%26h%3D500%26txt%3D%2540hmdsg%26txt-color%3D%2523333%26txt-font%3DHiragino%2520Sans%2520W6%26txt-size%3D45%26txt-align%3Dright%252Cbottom%26s%3D9d33d0aeb50c0222c43b54a5ff6da341&blend-align=center%2Cmiddle&blend-mode=normal&s=edfe90a6005a8b0ecc624089f1bd6ee9",
                "from_url": "https:\/\/qiita.com\/hmdsg\/items\/9acf2297a3c701eea671",
                "image_width": 476,
                "image_height": 250,
                "image_bytes": 55085,
                "service_icon": "https:\/\/cdn.qiita.com\/assets\/favicons\/public\/apple-touch-icon-ec5ba42a24ae923f16825592efdc356f.png",
                "id": 1,
                "original_url": "https:\/\/qiita.com\/hmdsg\/items\/9acf2297a3c701eea671"
            },
            {
                "service_name": "Qiita",
                "title": "プログラマの技術情報共有サービス - Qiita",
                "title_link": "https:\/\/qiita.com\/#%E3%81%AF%E3%81%98%E3%82%81%E3%81%AB",
                "text": "Qiitaは、プログラマのための技術情報共有サービスです。 プログラミングに関するTips、ノウハウ、メモを簡単に記録 &amp; 公開することができます。",
                "fallback": "Qiita: プログラマの技術情報共有サービス - Qiita",
                "thumb_url": "https:\/\/cdn.qiita.com\/assets\/qiita-fb-41f9429f13a8c56f50dd0ab477c80d26.png",
                "from_url": "https:\/\/qiita.com\/#%E3%81%AF%E3%81%98%E3%82%81%E3%81%AB",
                "thumb_width": 1200,
                "thumb_height": 630,
                "service_icon": "https:\/\/cdn.qiita.com\/assets\/favicons\/public\/apple-touch-icon-ec5ba42a24ae923f16825592efdc356f.png",
                "id": 2,
                "original_url": "https:\/\/qiita.com\/#%E3%81%AF%E3%81%98%E3%82%81%E3%81%AB"
            },
            {
                "service_name": "Qiita",
                "title": "プログラマの技術情報共有サービス - Qiita",
                "title_link": "https:\/\/qiita.com\/#%E5%90%8C%E6%99%82%E3%81%AB%E4%BD%9C%E6%88%90%E5%89%8A%E9%99%A4%E3%81%8C%E3%81%A7%E3%81%8D%E3%81%AA%E3%81%84%E3%83%91%E3%82%BF%E3%83%BC%E3%83%B3",
                "text": "Qiitaは、プログラマのための技術情報共有サービスです。 プログラミングに関するTips、ノウハウ、メモを簡単に記録 &amp; 公開することができます。",
                "fallback": "Qiita: プログラマの技術情報共有サービス - Qiita",
                "thumb_url": "https:\/\/cdn.qiita.com\/assets\/qiita-fb-41f9429f13a8c56f50dd0ab477c80d26.png",
                "from_url": "https:\/\/qiita.com\/#%E5%90%8C%E6%99%82%E3%81%AB%E4%BD%9C%E6%88%90%E5%89%8A%E9%99%A4%E3%81%8C%E3%81%A7%E3%81%8D%E3%81%AA%E3%81%84%E3%83%91%E3%82%BF%E3%83%BC%E3%83%B3",
                "thumb_width": 1200,
                "thumb_height": 630,
                "service_icon": "https:\/\/cdn.qiita.com\/assets\/favicons\/public\/apple-touch-icon-ec5ba42a24ae923f16825592efdc356f.png",
                "id": 3,
                "original_url": "https:\/\/qiita.com\/#%E5%90%8C%E6%99%82%E3%81%AB%E4%BD%9C%E6%88%90%E5%89%8A%E9%99%A4%E3%81%8C%E3%81%A7%E3%81%8D%E3%81%AA%E3%81%84%E3%83%91%E3%82%BF%E3%83%BC%E3%83%B3"
            }
        ],
        "edited": {
            "user": "BG3N7LG73",
            "ts": "1611993409.000000"
        }
    }
]