[
    {
        "type": "message",
        "subtype": "bot_message",
        "text": "<https:\/\/www.reddit.com\/r\/Terraform\/comments\/kx27yx\/the_nononsense_guide_to_iac_and_terraform\/|The no-nonsense guide to IaC and Terraform>\nsubmitted by   <https:\/\/www.reddit.com\/user\/Ambergriswas| \/u\/Ambergriswas > \n<https:\/\/resources.cast.ai\/blog\/no-nonsense-guide-to-iac-and-terraform|[link]>   <https:\/\/www.reddit.com\/r\/Terraform\/comments\/kx27yx\/the_nononsense_guide_to_iac_and_terraform\/|[comments]>",
        "ts": "1610616406.000500",
        "username": "Terraform",
        "icons": {
            "image_48": "https:\/\/s3-us-west-2.amazonaws.com\/slack-files2\/bot_icons\/2019-02-12\/548785199618_48.png"
        },
        "bot_id": "BG3N7LG73",
        "attachments": [
            {
                "service_name": "reddit",
                "title": "The no-nonsense guide to IaC and Terraform",
                "title_link": "https:\/\/www.reddit.com\/r\/Terraform\/comments\/kx27yx\/the_nononsense_guide_to_iac_and_terraform\/",
                "text": "Posted in r\/Terraform by u\/Ambergriswas • 1 point and 0 comments",
                "fallback": "reddit: The no-nonsense guide to IaC and Terraform",
                "thumb_url": "https:\/\/www.redditstatic.com\/new-icon.png",
                "from_url": "https:\/\/www.reddit.com\/r\/Terraform\/comments\/kx27yx\/the_nononsense_guide_to_iac_and_terraform\/",
                "thumb_width": 256,
                "thumb_height": 256,
                "service_icon": "http:\/\/www.redditstatic.com\/desktop2x\/img\/favicon\/apple-icon-57x57.png",
                "id": 1,
                "original_url": "https:\/\/www.reddit.com\/r\/Terraform\/comments\/kx27yx\/the_nononsense_guide_to_iac_and_terraform\/"
            },
            {
                "title": "overview for Ambergriswas",
                "title_link": "https:\/\/www.reddit.com\/user\/Ambergriswas",
                "text": "The u\/Ambergriswas community on Reddit. Reddit gives you the best of the internet in one place.",
                "fallback": "overview for Ambergriswas",
                "from_url": "https:\/\/www.reddit.com\/user\/Ambergriswas",
                "service_icon": "http:\/\/www.redditstatic.com\/desktop2x\/img\/favicon\/apple-icon-57x57.png",
                "service_name": "reddit.com",
                "id": 2,
                "original_url": "https:\/\/www.reddit.com\/user\/Ambergriswas"
            },
            {
                "title": "The no-nonsense guide to IaC and Terraform",
                "title_link": "https:\/\/resources.cast.ai\/blog\/no-nonsense-guide-to-iac-and-terraform",
                "text": "This won't be a how-to tutorial piece that duplicates the role of documentation. I will instead share my thoughts on the why of Terraform.",
                "fallback": "The no-nonsense guide to IaC and Terraform",
                "image_url": "https:\/\/resources.cast.ai\/hubfs\/wb-great3.jpg#keepProtocol",
                "image_width": 466,
                "image_height": 250,
                "from_url": "https:\/\/resources.cast.ai\/blog\/no-nonsense-guide-to-iac-and-terraform",
                "image_bytes": 41325,
                "service_icon": "https:\/\/resources.cast.ai\/hubfs\/cast_symbol_black.png",
                "service_name": "resources.cast.ai",
                "id": 3,
                "original_url": "https:\/\/resources.cast.ai\/blog\/no-nonsense-guide-to-iac-and-terraform"
            }
        ],
        "edited": {
            "user": "BG3N7LG73",
            "ts": "1610616407.000000"
        }
    },
    {
        "type": "message",
        "subtype": "bot_message",
        "text": "<https:\/\/www.reddit.com\/r\/Terraform\/comments\/kx6tse\/naming_the_root_block_device_ebs_volume\/|Naming the root block device EBS volume>\nCan you create a tag and name the root block device from terraform? The reason for the question is so that I can create a life cycle policy to snapshot the volume, however it requires a target tags entry. target_tags = { Snapshot = \"true\" } ​ <https:\/\/registry.terraform.io\/providers\/hashicorp\/aws\/latest\/docs\/resources\/instance|https:\/\/registry.terraform.io\/providers\/hashicorp\/aws\/latest\/docs\/resources\/instance> &lt;a...",
        "ts": "1610635606.000700",
        "username": "Terraform",
        "icons": {
            "image_48": "https:\/\/s3-us-west-2.amazonaws.com\/slack-files2\/bot_icons\/2019-02-12\/548785199618_48.png"
        },
        "bot_id": "BG3N7LG73",
        "attachments": [
            {
                "service_name": "reddit",
                "title": "Naming the root block device EBS volume",
                "title_link": "https:\/\/www.reddit.com\/r\/Terraform\/comments\/kx6tse\/naming_the_root_block_device_ebs_volume\/",
                "text": "Can you create a tag and name the root block device from terraform? The reason for the question is so that I can create a life cycle policy to...",
                "fallback": "reddit: Naming the root block device EBS volume",
                "thumb_url": "https:\/\/www.redditstatic.com\/new-icon.png",
                "from_url": "https:\/\/www.reddit.com\/r\/Terraform\/comments\/kx6tse\/naming_the_root_block_device_ebs_volume\/",
                "thumb_width": 256,
                "thumb_height": 256,
                "service_icon": "http:\/\/www.redditstatic.com\/desktop2x\/img\/favicon\/apple-icon-57x57.png",
                "id": 1,
                "original_url": "https:\/\/www.reddit.com\/r\/Terraform\/comments\/kx6tse\/naming_the_root_block_device_ebs_volume\/"
            }
        ],
        "edited": {
            "user": "BG3N7LG73",
            "ts": "1610635607.000000"
        }
    },
    {
        "type": "message",
        "subtype": "bot_message",
        "text": "<https:\/\/www.reddit.com\/r\/Terraform\/comments\/kxdq9v\/adding_resources_to_existing_infra_but_with\/|Adding resources to existing infra, but with Terraform this time>\nHello Folks, I want to ask do I have to import the existing infrastructure to Terraform if I want to build the infrastructure with Terraform from now on. ​ To make it simple: I have an existing infrastructure in Google Cloud ( separated in 2 projects, prod and non prod) All this infra was created manually. Now, I want to introduce terraform so that I don't want to sit and do it manually the next time I'm setting up a resource I have a few questions in regards to this: Can I start writing code...",
        "ts": "1610655421.000900",
        "username": "Terraform",
        "icons": {
            "image_48": "https:\/\/s3-us-west-2.amazonaws.com\/slack-files2\/bot_icons\/2019-02-12\/548785199618_48.png"
        },
        "bot_id": "BG3N7LG73",
        "attachments": [
            {
                "service_name": "reddit",
                "title": "Adding resources to existing infra, but with Terraform this time",
                "title_link": "https:\/\/www.reddit.com\/r\/Terraform\/comments\/kxdq9v\/adding_resources_to_existing_infra_but_with\/",
                "text": "Hello Folks, I want to ask do I have to import the existing infrastructure to Terraform if I want to build the infrastructure with Terraform from...",
                "fallback": "reddit: Adding resources to existing infra, but with Terraform this time",
                "from_url": "https:\/\/www.reddit.com\/r\/Terraform\/comments\/kxdq9v\/adding_resources_to_existing_infra_but_with\/",
                "service_icon": "http:\/\/www.redditstatic.com\/desktop2x\/img\/favicon\/apple-icon-57x57.png",
                "id": 1,
                "original_url": "https:\/\/www.reddit.com\/r\/Terraform\/comments\/kxdq9v\/adding_resources_to_existing_infra_but_with\/"
            }
        ],
        "edited": {
            "user": "BG3N7LG73",
            "ts": "1610655421.000000"
        }
    },
    {
        "type": "message",
        "subtype": "bot_message",
        "text": "<https:\/\/www.reddit.com\/r\/Terraform\/comments\/kxg9gr\/psa_every_provider_will_generate_its_own\/|PSA: every provider will generate its own credentials!>\nTldr; every aws provider that exists in your terraform will contact sts to generate assume_role creds Internally, there was a terraform repo that had a provider block configured within a nested module (module created a role with multiple policies using a module for the role and a module per policy) each use of the module created a provider block 200+ provider blocks made for some slow terraform plans. After stripping them all out so that the providers were defined at the root and passed in...",
        "ts": "1610663814.001100",
        "username": "Terraform",
        "icons": {
            "image_48": "https:\/\/s3-us-west-2.amazonaws.com\/slack-files2\/bot_icons\/2019-02-12\/548785199618_48.png"
        },
        "bot_id": "BG3N7LG73",
        "attachments": [
            {
                "service_name": "reddit",
                "title": "PSA: every provider will generate its own credentials!",
                "title_link": "https:\/\/www.reddit.com\/r\/Terraform\/comments\/kxg9gr\/psa_every_provider_will_generate_its_own\/",
                "text": "Tldr; every aws provider that exists in your terraform will contact sts to generate assume_role creds Internally, there was a terraform repo...",
                "fallback": "reddit: PSA: every provider will generate its own credentials!",
                "thumb_url": "https:\/\/www.redditstatic.com\/new-icon.png",
                "from_url": "https:\/\/www.reddit.com\/r\/Terraform\/comments\/kxg9gr\/psa_every_provider_will_generate_its_own\/",
                "thumb_width": 256,
                "thumb_height": 256,
                "service_icon": "http:\/\/www.redditstatic.com\/desktop2x\/img\/favicon\/apple-icon-57x57.png",
                "id": 1,
                "original_url": "https:\/\/www.reddit.com\/r\/Terraform\/comments\/kxg9gr\/psa_every_provider_will_generate_its_own\/"
            }
        ],
        "edited": {
            "user": "BG3N7LG73",
            "ts": "1610663814.000000"
        }
    },
    {
        "type": "message",
        "subtype": "bot_message",
        "text": "<https:\/\/qiita.com\/kyohah\/items\/52167a8e7d49f0381fe1|[WIP]minecraft server構築しようとしたが諦めかけてる>\n調べたことを断片的に書く\n\n\n<https:\/\/qiita.com\/#%E7%84%A1%E6%96%99%E3%82%B5%E3%83%BC%E3%83%90%E3%83%BC%E3%81%A7%E9%A0%91%E5%BC%B5%E3%82%8B>無料サーバーで頑張る\n\n\n<https:\/\/qiita.com\/#aternos><https:\/\/aternos.org\/:ja\/|aternos>\n\n\n海外にregionがあり、minecraftはゲームなのでラグが気になる\nインスタンスが立ち上がらないことがある\n\n\n&lt;a...",
        "ts": "1610664417.001300",
        "username": "Terraformタグが付けられた新着記事 - Qiita",
        "icons": {
            "image_36": "https:\/\/a.slack-edge.com\/80588\/img\/services\/rss_36.png",
            "image_48": "https:\/\/a.slack-edge.com\/80588\/img\/services\/rss_48.png",
            "image_72": "https:\/\/a.slack-edge.com\/80588\/img\/services\/rss_72.png"
        },
        "bot_id": "BG3N7LG73",
        "attachments": [
            {
                "service_name": "Qiita",
                "title": "[WIP]minecraft server構築しようとしたが諦めかけてる - Qiita",
                "title_link": "https:\/\/qiita.com\/kyohah\/items\/52167a8e7d49f0381fe1",
                "text": "調べたことを断片的に書く 無料サーバーで頑張る aternos 海外にregionがあり、minecraftはゲームなのでラグが気になる インスタンスが立ち上がらないことがある 難易度低いが高い感じで頑張る 国内有...",
                "fallback": "Qiita: [WIP]minecraft server構築しようとしたが諦めかけてる - Qiita",
                "image_url": "https:\/\/qiita-user-contents.imgix.net\/https%3A%2F%2Fcdn.qiita.com%2Fassets%2Fpublic%2Farticle-ogp-background-1150d8b18a7c15795b701a55ae908f94.png?ixlib=rb-1.2.2&w=1200&mark=https%3A%2F%2Fqiita-user-contents.imgix.net%2F~text%3Fixlib%3Drb-1.2.2%26w%3D840%26h%3D380%26txt%3D%255BWIP%255Dminecraft%2520server%25E6%25A7%258B%25E7%25AF%2589%25E3%2581%2597%25E3%2582%2588%25E3%2581%2586%25E3%2581%25A8%25E3%2581%2597%25E3%2581%259F%25E3%2581%258C%25E8%25AB%25A6%25E3%2582%2581%25E3%2581%258B%25E3%2581%2591%25E3%2581%25A6%25E3%2582%258B%26txt-color%3D%2523333%26txt-font%3DHiragino%2520Sans%2520W6%26txt-size%3D54%26txt-clip%3Dellipsis%26txt-align%3Dcenter%252Cmiddle%26s%3D7ae6fe339297d0b7f49413bbf36d4d60&mark-align=center%2Cmiddle&blend=https%3A%2F%2Fqiita-user-contents.imgix.net%2F~text%3Fixlib%3Drb-1.2.2%26w%3D840%26h%3D500%26txt%3D%2540kyohah%26txt-color%3D%2523333%26txt-font%3DHiragino%2520Sans%2520W6%26txt-size%3D45%26txt-align%3Dright%252Cbottom%26s%3D828163545731190aadc2e527a94108ad&blend-align=center%2Cmiddle&blend-mode=normal&s=06bc1685fa04f68cc5d731a4671f5f71",
                "from_url": "https:\/\/qiita.com\/kyohah\/items\/52167a8e7d49f0381fe1",
                "image_width": 476,
                "image_height": 250,
                "image_bytes": 55754,
                "service_icon": "https:\/\/cdn.qiita.com\/assets\/favicons\/public\/apple-touch-icon-ec5ba42a24ae923f16825592efdc356f.png",
                "id": 1,
                "original_url": "https:\/\/qiita.com\/kyohah\/items\/52167a8e7d49f0381fe1"
            },
            {
                "service_name": "Qiita",
                "title": "プログラマの技術情報共有サービス - Qiita",
                "title_link": "https:\/\/qiita.com\/#%E7%84%A1%E6%96%99%E3%82%B5%E3%83%BC%E3%83%90%E3%83%BC%E3%81%A7%E9%A0%91%E5%BC%B5%E3%82%8B",
                "text": "Qiitaは、プログラマのための技術情報共有サービスです。 プログラミングに関するTips、ノウハウ、メモを簡単に記録 &amp; 公開することができます。",
                "fallback": "Qiita: プログラマの技術情報共有サービス - Qiita",
                "thumb_url": "https:\/\/cdn.qiita.com\/assets\/qiita-fb-41f9429f13a8c56f50dd0ab477c80d26.png",
                "from_url": "https:\/\/qiita.com\/#%E7%84%A1%E6%96%99%E3%82%B5%E3%83%BC%E3%83%90%E3%83%BC%E3%81%A7%E9%A0%91%E5%BC%B5%E3%82%8B",
                "thumb_width": 1200,
                "thumb_height": 630,
                "service_icon": "https:\/\/cdn.qiita.com\/assets\/favicons\/public\/apple-touch-icon-ec5ba42a24ae923f16825592efdc356f.png",
                "id": 2,
                "original_url": "https:\/\/qiita.com\/#%E7%84%A1%E6%96%99%E3%82%B5%E3%83%BC%E3%83%90%E3%83%BC%E3%81%A7%E9%A0%91%E5%BC%B5%E3%82%8B"
            },
            {
                "service_name": "Qiita",
                "title": "プログラマの技術情報共有サービス - Qiita",
                "title_link": "https:\/\/qiita.com\/#aternos",
                "text": "Qiitaは、プログラマのための技術情報共有サービスです。 プログラミングに関するTips、ノウハウ、メモを簡単に記録 &amp; 公開することができます。",
                "fallback": "Qiita: プログラマの技術情報共有サービス - Qiita",
                "thumb_url": "https:\/\/cdn.qiita.com\/assets\/qiita-fb-41f9429f13a8c56f50dd0ab477c80d26.png",
                "from_url": "https:\/\/qiita.com\/#aternos",
                "thumb_width": 1200,
                "thumb_height": 630,
                "service_icon": "https:\/\/cdn.qiita.com\/assets\/favicons\/public\/apple-touch-icon-ec5ba42a24ae923f16825592efdc356f.png",
                "id": 3,
                "original_url": "https:\/\/qiita.com\/#aternos"
            }
        ],
        "edited": {
            "user": "BG3N7LG73",
            "ts": "1610664417.000000"
        }
    },
    {
        "type": "message",
        "subtype": "bot_message",
        "text": "<https:\/\/www.reddit.com\/r\/Terraform\/comments\/kxoskv\/best_practices_for_sorting_terraform_files_when\/|Best practices for sorting Terraform files when you have shared resources?>\nSo looking at some best practices documentation, they recommend sorting out your TF files into app project. In the case of AWS, ABC Project will have its own EC2, RDS, ELasticache resources in the same folder. What would your recommendations be if some resources are shared? Eg; 2 app projects are sharing the same MySQL RDS database in production, or the same Redis cache is being used by multiple projects? As much as I would like to have separate DBs or Caches for different projects, it won't...",
        "ts": "1610692612.001500",
        "username": "Terraform",
        "icons": {
            "image_48": "https:\/\/s3-us-west-2.amazonaws.com\/slack-files2\/bot_icons\/2019-02-12\/548785199618_48.png"
        },
        "bot_id": "BG3N7LG73",
        "attachments": [
            {
                "service_name": "reddit",
                "title": "Best practices for sorting Terraform files when you have shared resources?",
                "title_link": "https:\/\/www.reddit.com\/r\/Terraform\/comments\/kxoskv\/best_practices_for_sorting_terraform_files_when\/",
                "text": "So looking at some best practices documentation, they recommend sorting out your TF files into app project. In the case of AWS, ABC Project will...",
                "fallback": "reddit: Best practices for sorting Terraform files when you have shared resources?",
                "thumb_url": "https:\/\/www.redditstatic.com\/new-icon.png",
                "from_url": "https:\/\/www.reddit.com\/r\/Terraform\/comments\/kxoskv\/best_practices_for_sorting_terraform_files_when\/",
                "thumb_width": 256,
                "thumb_height": 256,
                "service_icon": "http:\/\/www.redditstatic.com\/desktop2x\/img\/favicon\/apple-icon-57x57.png",
                "id": 1,
                "original_url": "https:\/\/www.reddit.com\/r\/Terraform\/comments\/kxoskv\/best_practices_for_sorting_terraform_files_when\/"
            }
        ],
        "edited": {
            "user": "BG3N7LG73",
            "ts": "1610692612.000000"
        }
    }
]