[
    {
        "type": "message",
        "subtype": "bot_message",
        "text": "<https:\/\/www.reddit.com\/r\/Terraform\/comments\/kuccaq\/automatic_maintenance_pages_with_terraform\/|Automatic maintenance pages with Terraform &amp; Cloudflare>\nsubmitted by   <https:\/\/www.reddit.com\/user\/dxt0434| \/u\/dxt0434 > \n<https:\/\/github.com\/adinhodovic\/terraform-cloudflare-maintenance|[link]>   <https:\/\/www.reddit.com\/r\/Terraform\/comments\/kuccaq\/automatic_maintenance_pages_with_terraform\/|[comments]>",
        "ts": "1610276240.142600",
        "username": "Terraform",
        "icons": {
            "image_48": "https:\/\/s3-us-west-2.amazonaws.com\/slack-files2\/bot_icons\/2019-02-12\/548785199618_48.png"
        },
        "bot_id": "BG3N7LG73",
        "attachments": [
            {
                "service_name": "reddit",
                "title": "Automatic maintenance pages with Terraform &amp; Cloudflare",
                "title_link": "https:\/\/www.reddit.com\/r\/Terraform\/comments\/kuccaq\/automatic_maintenance_pages_with_terraform\/",
                "text": "Posted in r\/Terraform by u\/dxt0434 • 1 point and 0 comments",
                "fallback": "reddit: Automatic maintenance pages with Terraform &amp; Cloudflare",
                "thumb_url": "https:\/\/a.thumbs.redditmedia.com\/T4avryZ8BNqcdSs56fYZuDOu5QGMSjTfpob0-L0VAq8.jpg",
                "from_url": "https:\/\/www.reddit.com\/r\/Terraform\/comments\/kuccaq\/automatic_maintenance_pages_with_terraform\/",
                "thumb_width": 140,
                "thumb_height": 140,
                "service_icon": "http:\/\/www.redditstatic.com\/desktop2x\/img\/favicon\/apple-icon-57x57.png",
                "id": 1,
                "original_url": "https:\/\/www.reddit.com\/r\/Terraform\/comments\/kuccaq\/automatic_maintenance_pages_with_terraform\/"
            },
            {
                "title": "overview for dxt0434",
                "title_link": "https:\/\/www.reddit.com\/user\/dxt0434",
                "text": "The u\/dxt0434 community on Reddit. Reddit gives you the best of the internet in one place.",
                "fallback": "overview for dxt0434",
                "from_url": "https:\/\/www.reddit.com\/user\/dxt0434",
                "service_icon": "http:\/\/www.redditstatic.com\/desktop2x\/img\/favicon\/apple-icon-57x57.png",
                "service_name": "reddit.com",
                "id": 2,
                "original_url": "https:\/\/www.reddit.com\/user\/dxt0434"
            },
            {
                "service_name": "GitHub",
                "title": "adinhodovic\/terraform-cloudflare-maintenance",
                "title_link": "https:\/\/github.com\/adinhodovic\/terraform-cloudflare-maintenance",
                "text": "Terraform module to create a responsive Maintenance Page using Cloudflare Workers. - adinhodovic\/terraform-cloudflare-maintenance",
                "fallback": "GitHub: adinhodovic\/terraform-cloudflare-maintenance",
                "thumb_url": "https:\/\/avatars1.githubusercontent.com\/u\/12065867?s=400&v=4",
                "from_url": "https:\/\/github.com\/adinhodovic\/terraform-cloudflare-maintenance",
                "thumb_width": 400,
                "thumb_height": 400,
                "service_icon": "https:\/\/a.slack-edge.com\/80588\/img\/unfurl_icons\/github.png",
                "id": 3,
                "original_url": "https:\/\/github.com\/adinhodovic\/terraform-cloudflare-maintenance"
            }
        ],
        "edited": {
            "user": "BG3N7LG73",
            "ts": "1610276241.000000"
        }
    },
    {
        "type": "message",
        "subtype": "bot_message",
        "text": "<https:\/\/www.reddit.com\/r\/Terraform\/comments\/kuop76\/setting_terraform_service_principal_permissions\/|Setting Terraform Service Principal Permissions to Work With Azure Active Directory>\n<https:\/\/simonemms.com\/blog\/2021\/01\/10\/setting-terraform-service-principal-to-work-with-azure-active-directory|https:\/\/simonemms.com\/blog\/2021\/01\/10\/setting-terraform-service-principal-to-work-with-azure-active-directory>    submitted by   <https:\/\/www.reddit.com\/user\/riggerthegeek| \/u\/riggerthegeek > \n<https:\/\/www.reddit.com\/r\/Terraform\/comments\/kuop76\/setting_terraform_service_principal_permissions\/|[link]>   &lt;a...",
        "ts": "1610318853.142800",
        "username": "Terraform",
        "icons": {
            "image_48": "https:\/\/s3-us-west-2.amazonaws.com\/slack-files2\/bot_icons\/2019-02-12\/548785199618_48.png"
        },
        "bot_id": "BG3N7LG73",
        "attachments": [
            {
                "service_name": "reddit",
                "title": "Setting Terraform Service Principal Permissions to Work With Azure Active Directory",
                "title_link": "https:\/\/www.reddit.com\/r\/Terraform\/comments\/kuop76\/setting_terraform_service_principal_permissions\/",
                "text": "[<https:\/\/simonemms.com\/blog\/2021\/01\/10\/setting-terraform-service-principal-to-work-with-azure-active-directory>](<https:\/\/simonemms.com\/blog\/2021\/01\/>...",
                "fallback": "reddit: Setting Terraform Service Principal Permissions to Work With Azure Active Directory",
                "thumb_url": "https:\/\/www.redditstatic.com\/new-icon.png",
                "from_url": "https:\/\/www.reddit.com\/r\/Terraform\/comments\/kuop76\/setting_terraform_service_principal_permissions\/",
                "thumb_width": 256,
                "thumb_height": 256,
                "service_icon": "http:\/\/www.redditstatic.com\/desktop2x\/img\/favicon\/apple-icon-57x57.png",
                "id": 1,
                "original_url": "https:\/\/www.reddit.com\/r\/Terraform\/comments\/kuop76\/setting_terraform_service_principal_permissions\/"
            },
            {
                "service_name": "Simon Emms",
                "title": "Setting Terraform Service Principal Permissions to Work With Azure Active Directory",
                "title_link": "https:\/\/simonemms.com\/blog\/2021\/01\/10\/setting-terraform-service-principal-to-work-with-azure-active-directory",
                "text": "Terraform is a great way of configuring your cloud infrastructure, but adding the permissions to work with Azure Active Directory is always difficult to remember",
                "fallback": "Simon Emms: Setting Terraform Service Principal Permissions to Work With Azure Active Directory",
                "thumb_url": "https:\/\/simonemms.com\/img\/blog\/nicolas-dmitrichev-3dlCVIwobdk-unsplash.jpg",
                "from_url": "https:\/\/simonemms.com\/blog\/2021\/01\/10\/setting-terraform-service-principal-to-work-with-azure-active-directory",
                "thumb_width": 640,
                "thumb_height": 425,
                "service_icon": "https:\/\/simonemms.com\/favicons\/apple-icon-57x57.png",
                "id": 2,
                "original_url": "https:\/\/simonemms.com\/blog\/2021\/01\/10\/setting-terraform-service-principal-to-work-with-azure-active-directory"
            },
            {
                "title": "overview for riggerthegeek",
                "title_link": "https:\/\/www.reddit.com\/user\/riggerthegeek",
                "text": "The u\/riggerthegeek community on Reddit. Reddit gives you the best of the internet in one place.",
                "fallback": "overview for riggerthegeek",
                "from_url": "https:\/\/www.reddit.com\/user\/riggerthegeek",
                "service_icon": "http:\/\/www.redditstatic.com\/desktop2x\/img\/favicon\/apple-icon-57x57.png",
                "service_name": "reddit.com",
                "id": 3,
                "original_url": "https:\/\/www.reddit.com\/user\/riggerthegeek"
            }
        ],
        "edited": {
            "user": "BG3N7LG73",
            "ts": "1610318854.000000"
        }
    },
    {
        "type": "message",
        "subtype": "bot_message",
        "text": "<https:\/\/www.reddit.com\/r\/Terraform\/comments\/kuvkwv\/how_to_correctly_use_depends_on_for_a_module\/|how to correctly use depends_on for a module?>\nI have been trying to use depends_on a few times over the past weeks, with no success, so I thought it would be good to finally work out what issue I am introducting. For reference, I am using Terraform v0.14.4, and deploying via Terraform Cloud (which doesn't allow a target apply either). This is the block that needs to run first; module \"development_folders\" {  source = \".\/modules\/folder\" org_id = var.org_id name = \"development\" divisions = local.division_folder_names } And this needs to...",
        "ts": "1610341660.143000",
        "username": "Terraform",
        "icons": {
            "image_48": "https:\/\/s3-us-west-2.amazonaws.com\/slack-files2\/bot_icons\/2019-02-12\/548785199618_48.png"
        },
        "bot_id": "BG3N7LG73",
        "attachments": [
            {
                "service_name": "reddit",
                "title": "how to correctly use depends_on for a module?",
                "title_link": "https:\/\/www.reddit.com\/r\/Terraform\/comments\/kuvkwv\/how_to_correctly_use_depends_on_for_a_module\/",
                "text": "I have been trying to use depends\\_on a few times over the past weeks, with no success, so I thought it would be good to finally work out what...",
                "fallback": "reddit: how to correctly use depends_on for a module?",
                "thumb_url": "https:\/\/www.redditstatic.com\/new-icon.png",
                "from_url": "https:\/\/www.reddit.com\/r\/Terraform\/comments\/kuvkwv\/how_to_correctly_use_depends_on_for_a_module\/",
                "thumb_width": 256,
                "thumb_height": 256,
                "service_icon": "http:\/\/www.redditstatic.com\/desktop2x\/img\/favicon\/apple-icon-57x57.png",
                "id": 1,
                "original_url": "https:\/\/www.reddit.com\/r\/Terraform\/comments\/kuvkwv\/how_to_correctly_use_depends_on_for_a_module\/"
            }
        ],
        "edited": {
            "user": "BG3N7LG73",
            "ts": "1610341661.000000"
        }
    }
]