[
    {
        "type": "message",
        "subtype": "bot_message",
        "text": "<https:\/\/www.reddit.com\/r\/Terraform\/comments\/l17cmn\/managing_ec2_security_groups\/|Managing ec2 &amp; security groups>\nHi, I am looking for some help with how to manage ec2 instances and security groups. The high level design plan is: <http:\/\/ec2.tf|ec2.tf> Takes input from csv file and uses for_each loop to create ec2 instances  <http:\/\/hostname.tf|hostname.tf> Each ec2 instance created has a separate .tf file for it's security group  I have ran into several issues when trying to make this work. My initial idea was to simply refer to the instances using interpolation So within the ec2 resource: vpc_security_group_ids =...",
        "ts": "1611142610.010500",
        "username": "Terraform",
        "icons": {
            "image_48": "https:\/\/s3-us-west-2.amazonaws.com\/slack-files2\/bot_icons\/2019-02-12\/548785199618_48.png"
        },
        "bot_id": "BG3N7LG73",
        "attachments": [
            {
                "service_name": "reddit",
                "title": "Managing ec2 &amp; security groups",
                "title_link": "https:\/\/www.reddit.com\/r\/Terraform\/comments\/l17cmn\/managing_ec2_security_groups\/",
                "text": "Hi, I am looking for some help with how to manage ec2 instances and security groups. The high level design plan is: - <http:\/\/ec2.tf|ec2.tf> - Takes input...",
                "fallback": "reddit: Managing ec2 &amp; security groups",
                "thumb_url": "https:\/\/www.redditstatic.com\/new-icon.png",
                "from_url": "https:\/\/www.reddit.com\/r\/Terraform\/comments\/l17cmn\/managing_ec2_security_groups\/",
                "thumb_width": 256,
                "thumb_height": 256,
                "service_icon": "http:\/\/www.redditstatic.com\/desktop2x\/img\/favicon\/apple-icon-57x57.png",
                "id": 1,
                "original_url": "https:\/\/www.reddit.com\/r\/Terraform\/comments\/l17cmn\/managing_ec2_security_groups\/"
            }
        ],
        "edited": {
            "user": "BG3N7LG73",
            "ts": "1611142610.000000"
        }
    },
    {
        "type": "message",
        "subtype": "bot_message",
        "text": "<https:\/\/www.reddit.com\/r\/Terraform\/comments\/l1d5uf\/launch_configuration_must_be_replaces_is_asked\/|launch_configuration must be replaces is asked once in a while>\nlaunch_configuration must be replaced* is asked once in a while Eventhough no changes are made or just user_data is updated in this case, ebs_block_device and root_block_device wants to change but why? Should I just predefine those and not leave it to chance? ​  # module.asg_alb.aws_launch_configuration.launch_configuration must be replaced +\/- resource \"aws_launch_configuration\" \"launch_configuration\" { ~ arn =...",
        "ts": "1611162421.010700",
        "username": "Terraform",
        "icons": {
            "image_48": "https:\/\/s3-us-west-2.amazonaws.com\/slack-files2\/bot_icons\/2019-02-12\/548785199618_48.png"
        },
        "bot_id": "BG3N7LG73",
        "attachments": [
            {
                "service_name": "reddit",
                "title": "launch_configuration must be replaces is asked once in a while",
                "title_link": "https:\/\/www.reddit.com\/r\/Terraform\/comments\/l1d5uf\/launch_configuration_must_be_replaces_is_asked\/",
                "text": "# launch_configuration must be replaced* is asked once in a while Eventhough no changes are made or just user\\_data is updated in this case, ...",
                "fallback": "reddit: launch_configuration must be replaces is asked once in a while",
                "thumb_url": "https:\/\/www.redditstatic.com\/new-icon.png",
                "from_url": "https:\/\/www.reddit.com\/r\/Terraform\/comments\/l1d5uf\/launch_configuration_must_be_replaces_is_asked\/",
                "thumb_width": 256,
                "thumb_height": 256,
                "service_icon": "http:\/\/www.redditstatic.com\/desktop2x\/img\/favicon\/apple-icon-57x57.png",
                "id": 1,
                "original_url": "https:\/\/www.reddit.com\/r\/Terraform\/comments\/l1d5uf\/launch_configuration_must_be_replaces_is_asked\/"
            }
        ],
        "edited": {
            "user": "BG3N7LG73",
            "ts": "1611162422.000000"
        }
    },
    {
        "type": "message",
        "subtype": "bot_message",
        "text": "<https:\/\/www.reddit.com\/r\/Terraform\/comments\/l1djdp\/synthesizing_tiered_vpc_in_terraform\/|Synthesizing Tiered VPC in Terraform>\n<https:\/\/jq1.io\/posts\/tiered_vpc\/|https:\/\/jq1.io\/posts\/tiered_vpc\/> Combining ideas to create a better one. ~jq1    submitted by   <https:\/\/www.reddit.com\/user\/JayQ_One| \/u\/JayQ_One > \n<https:\/\/www.reddit.com\/r\/Terraform\/comments\/l1djdp\/synthesizing_tiered_vpc_in_terraform\/|[link]>   <https:\/\/www.reddit.com\/r\/Terraform\/comments\/l1djdp\/synthesizing_tiered_vpc_in_terraform\/|[comments]>",
        "ts": "1611163610.010900",
        "username": "Terraform",
        "icons": {
            "image_48": "https:\/\/s3-us-west-2.amazonaws.com\/slack-files2\/bot_icons\/2019-02-12\/548785199618_48.png"
        },
        "bot_id": "BG3N7LG73",
        "attachments": [
            {
                "service_name": "reddit",
                "title": "Synthesizing Tiered VPC in Terraform",
                "title_link": "https:\/\/www.reddit.com\/r\/Terraform\/comments\/l1djdp\/synthesizing_tiered_vpc_in_terraform\/",
                "text": "[<https:\/\/jq1.io\/posts\/tiered\\_vpc\/>](<https:\/\/jq1.io\/posts\/tiered_vpc\/>) Combining ideas to create a better one. \\~jq1",
                "fallback": "reddit: Synthesizing Tiered VPC in Terraform",
                "thumb_url": "https:\/\/www.redditstatic.com\/new-icon.png",
                "from_url": "https:\/\/www.reddit.com\/r\/Terraform\/comments\/l1djdp\/synthesizing_tiered_vpc_in_terraform\/",
                "thumb_width": 256,
                "thumb_height": 256,
                "service_icon": "http:\/\/www.redditstatic.com\/desktop2x\/img\/favicon\/apple-icon-57x57.png",
                "id": 1,
                "original_url": "https:\/\/www.reddit.com\/r\/Terraform\/comments\/l1djdp\/synthesizing_tiered_vpc_in_terraform\/"
            },
            {
                "service_name": "Demolition Man",
                "title": "Synthesizing Tiered VPC in Terraform",
                "title_link": "https:\/\/jq1.io\/posts\/tiered_vpc\/",
                "text": "Today’s Mathematics Dynamic VPC x Tiered Subnet Calculator = Tiered VPC Observing Abstractions In hindsight, the Dynamic VPC module should instead be called Simple VPC. It provides a general VPC tier including one public subnet (\/24) and one private subnet (\/24) with a NAT Gateway per AZ. The interface is easy to understand since there is minimal focus on subnetting due to internal subnet generation. Routing is automatic and the module outputs can be consumed for peering.",
                "fallback": "Demolition Man: Synthesizing Tiered VPC in Terraform",
                "ts": 1610507025,
                "from_url": "https:\/\/jq1.io\/posts\/tiered_vpc\/",
                "service_icon": "https:\/\/jq1.io\/apple-touch-icon-144-precomposed.png",
                "id": 2,
                "original_url": "https:\/\/jq1.io\/posts\/tiered_vpc\/"
            },
            {
                "title": "overview for JayQ_One",
                "title_link": "https:\/\/www.reddit.com\/user\/JayQ_One",
                "text": "--=[ <http:\/\/jq1.io|jq1.io> ]=--.",
                "fallback": "overview for JayQ_One",
                "from_url": "https:\/\/www.reddit.com\/user\/JayQ_One",
                "service_icon": "http:\/\/www.redditstatic.com\/desktop2x\/img\/favicon\/apple-icon-57x57.png",
                "service_name": "reddit.com",
                "id": 3,
                "original_url": "https:\/\/www.reddit.com\/user\/JayQ_One"
            }
        ],
        "edited": {
            "user": "BG3N7LG73",
            "ts": "1611163611.000000"
        }
    },
    {
        "type": "message",
        "subtype": "bot_message",
        "text": "<https:\/\/www.reddit.com\/r\/Terraform\/comments\/l1gqv5\/vpc_sharing_tagging_on_participant_accounts\/|VPC Sharing - tagging on participant accounts?>\nI'm implementing VPC sharing in my organization. No issues with the implementation so far. I've discovered, however, that any tags set by the owner account (on the VPCs or subnets, for example) do not carry over to the participant accounts. I'm aware of the \"<https:\/\/registry.terraform.io\/providers\/hashicorp\/aws\/latest\/docs\/resources\/ec2_tag|aws_ec2_tag>\" resource, which can apply tags in this scenario. My thought is to set up \"aws_vpc\" data lookups from the owning account, match...",
        "ts": "1611172613.011100",
        "username": "Terraform",
        "icons": {
            "image_48": "https:\/\/s3-us-west-2.amazonaws.com\/slack-files2\/bot_icons\/2019-02-12\/548785199618_48.png"
        },
        "bot_id": "BG3N7LG73",
        "attachments": [
            {
                "service_name": "reddit",
                "title": "VPC Sharing - tagging on participant accounts?",
                "title_link": "https:\/\/www.reddit.com\/r\/Terraform\/comments\/l1gqv5\/vpc_sharing_tagging_on_participant_accounts\/",
                "text": "I'm implementing VPC sharing in my organization. No issues with the implementation so far. I've discovered, however, that any tags set by the...",
                "fallback": "reddit: VPC Sharing - tagging on participant accounts?",
                "thumb_url": "https:\/\/www.redditstatic.com\/new-icon.png",
                "from_url": "https:\/\/www.reddit.com\/r\/Terraform\/comments\/l1gqv5\/vpc_sharing_tagging_on_participant_accounts\/",
                "thumb_width": 256,
                "thumb_height": 256,
                "service_icon": "http:\/\/www.redditstatic.com\/desktop2x\/img\/favicon\/apple-icon-57x57.png",
                "id": 1,
                "original_url": "https:\/\/www.reddit.com\/r\/Terraform\/comments\/l1gqv5\/vpc_sharing_tagging_on_participant_accounts\/"
            }
        ],
        "edited": {
            "user": "BG3N7LG73",
            "ts": "1611172614.000000"
        }
    },
    {
        "type": "message",
        "subtype": "bot_message",
        "text": "<https:\/\/www.reddit.com\/r\/Terraform\/comments\/l1p687\/getting_an_environment_started_help_on_windows\/|Getting an environment started Help on Windows>\nHello everyone, I am trying to learn terraform and i have been having trouble to get an environment to get started learning. First i tried following the white papers on <https:\/\/learn.hashicorp.com\/tutorials\/terraform\/azure-build?in=terraform\/azure-get-started|https:\/\/learn.hashicorp.com\/tutorials\/terraform\/azure-build?in=terraform\/azure-get-started> and i could not get az login to work. Then i tried using visual code studio using this guide &lt;a...",
        "ts": "1611197815.000100",
        "username": "Terraform",
        "icons": {
            "image_48": "https:\/\/s3-us-west-2.amazonaws.com\/slack-files2\/bot_icons\/2019-02-12\/548785199618_48.png"
        },
        "bot_id": "BG3N7LG73",
        "attachments": [
            {
                "service_name": "reddit",
                "title": "Getting an environment started Help on Windows",
                "title_link": "https:\/\/www.reddit.com\/r\/Terraform\/comments\/l1p687\/getting_an_environment_started_help_on_windows\/",
                "text": "Hello everyone, I am trying to learn terraform and i have been having trouble to get an environment to get started learning. First i tried...",
                "fallback": "reddit: Getting an environment started Help on Windows",
                "thumb_url": "https:\/\/www.redditstatic.com\/new-icon.png",
                "from_url": "https:\/\/www.reddit.com\/r\/Terraform\/comments\/l1p687\/getting_an_environment_started_help_on_windows\/",
                "thumb_width": 256,
                "thumb_height": 256,
                "service_icon": "http:\/\/www.redditstatic.com\/desktop2x\/img\/favicon\/apple-icon-57x57.png",
                "id": 1,
                "original_url": "https:\/\/www.reddit.com\/r\/Terraform\/comments\/l1p687\/getting_an_environment_started_help_on_windows\/"
            },
            {
                "service_name": "HashiCorp Learn",
                "title": "Build Infrastructure | Terraform - HashiCorp Learn",
                "title_link": "https:\/\/learn.hashicorp.com\/tutorials\/terraform\/azure-build?in=terraform\/azure-get-started",
                "text": "Initialize, plan and apply configuration in a directory to create an Azure resource group. Inspect the Terraform state to discover the group ID once Terraform creates it.",
                "fallback": "HashiCorp Learn: Build Infrastructure | Terraform - HashiCorp Learn",
                "image_url": "https:\/\/learn.hashicorp.com\/img\/share\/share.png",
                "from_url": "https:\/\/learn.hashicorp.com\/tutorials\/terraform\/azure-build?in=terraform\/azure-get-started",
                "image_width": 476,
                "image_height": 250,
                "image_bytes": 144778,
                "service_icon": "https:\/\/learn.hashicorp.com\/img\/favicons\/favicon-16x16.png",
                "id": 2,
                "original_url": "https:\/\/learn.hashicorp.com\/tutorials\/terraform\/azure-build?in=terraform\/azure-get-started"
            }
        ],
        "edited": {
            "user": "BG3N7LG73",
            "ts": "1611197816.000000"
        }
    }
]