[
    {
        "type": "message",
        "subtype": "bot_message",
        "text": "",
        "ts": "1567715367.001600",
        "bot_id": "BG2UDF0NA",
        "attachments": [
            {
                "fallback": "terraform-providers\/terraform-provider-aws on GitHub\nv2.27.0",
                "text": "`v2.27.0`",
                "title": "terraform-providers\/terraform-provider-aws on GitHub",
                "id": 1,
                "title_link": "https:\/\/newreleases.io\/github\/terraform-providers\/terraform-provider-aws",
                "mrkdwn_in": [
                    "text"
                ]
            }
        ]
    },
    {
        "type": "message",
        "subtype": "bot_message",
        "text": "",
        "ts": "1567716090.001700",
        "bot_id": "BG2UDF0NA",
        "attachments": [
            {
                "fallback": "terraform-providers\/terraform-provider-aws on GitHub\nv2.27.0v2.27.0 updated\nrelease note: <https:\/\/newreleases.io\/github\/terraform-providers\/terraform-provider-aws?version=v2.27.0>",
                "text": "*v2.27.0* `v2.27.0` _updated_\n```\nENHANCEMENTS:\n\n* data-source\/aws_ecs_cluster: Add setting attribute ( #9720 ( <https:\/\/github.com\/terraform-providers\/terraform-provider-aws\/issues\/9720> ) )\n\n* provider: Support AWS C2S and SC2S endpoints ( #9998 ( <https:\/\/github.com\/terraform-providers\/terraform-provider-aws\/issues\/9998> ) )\n\n* resource\/aws_ecs_cluster: Add setting configuration blocks (support enabling Container Insights) ( #9720 ( <https:\/\/github.com\/terraform-providers\/terraform-provider-aws\/issues\/9720> ) )\n\n* resource\/aws_kinesis_firehose_delivery_stream: Add server_side_encryption configuration block (support Server Side Encryption) ( #6523 ( <https:\/\/github.com\/terraform-providers\/terraform-provider-aws\/issues\/6523> ) )\n\nBUG FIXES:\n\n* resource\/aws_s3_bucket: Include any system tags that Terraform ignores when setting S3 bucket tags ( #7342 ( <https:\/\/github.com\/terraform-providers\/terraform-provider-aws\/issues\/7342> ) )\n```\n<https:\/\/newreleases.io\/github\/terraform-providers\/terraform-provider-aws?version=v2.27.0|release note...>",
                "title": "terraform-providers\/terraform-provider-aws on GitHub",
                "id": 1,
                "title_link": "https:\/\/newreleases.io\/github\/terraform-providers\/terraform-provider-aws",
                "mrkdwn_in": [
                    "text"
                ]
            }
        ]
    },
    {
        "type": "message",
        "subtype": "bot_message",
        "text": "",
        "ts": "1567720498.001800",
        "bot_id": "BG2UDF0NA",
        "attachments": [
            {
                "fallback": "ansible\/ansible on GitHub\nv2.9.0b1",
                "text": "`v2.9.0b1`",
                "title": "ansible\/ansible on GitHub",
                "id": 1,
                "title_link": "https:\/\/newreleases.io\/github\/ansible\/ansible",
                "mrkdwn_in": [
                    "text"
                ]
            }
        ]
    }
]