[
    {
        "type": "message",
        "subtype": "bot_message",
        "text": "",
        "ts": "1569001637.001000",
        "bot_id": "BG2UDF0NA",
        "attachments": [
            {
                "fallback": "terraform-providers\/terraform-provider-aws on GitHub\nv2.29.0",
                "text": "`v2.29.0`",
                "title": "terraform-providers\/terraform-provider-aws on GitHub",
                "id": 1,
                "title_link": "https:\/\/newreleases.io\/github\/terraform-providers\/terraform-provider-aws",
                "mrkdwn_in": [
                    "text"
                ]
            }
        ]
    },
    {
        "type": "message",
        "subtype": "bot_message",
        "text": "",
        "ts": "1569002360.001100",
        "bot_id": "BG2UDF0NA",
        "attachments": [
            {
                "fallback": "terraform-providers\/terraform-provider-aws on GitHub\nv2.29.0v2.29.0 updated\nrelease note: <https:\/\/newreleases.io\/github\/terraform-providers\/terraform-provider-aws?version=v2.29.0>",
                "text": "*v2.29.0* `v2.29.0` _updated_\n```\nENHANCEMENTS:\n\n* data-source\/aws_s3_bucket_object: Add object_lock_legal_hold_status , object_lock_mode and object_lock_retain_until_date attributes ( #9942 ( <https:\/\/github.com\/terraform-providers\/terraform-provider-aws\/issues\/9942> ) )\n\n* resource\/aws_glue_job: Add ability to specify python version for pythonshell in glue jobs ( #9409 ( <https:\/\/github.com\/terraform-providers\/terraform-provider-aws\/issues\/9409> ) )\n\n* resource\/aws_s3_bucket_object: Add force_destroy , object_lock_legal_hold_status , object_lock_mode and object_lock_retain_until_date attributes ( #9942 ( <https:\/\/github.com\/terraform-providers\/terraform-provider-aws\/issues\/9942> ) )\n\n* resource\/aws_ssm_association: Add import support ( #10055 ( <https:\/\/github.com\/terraform-providers\/terraform-provider-aws\/issues\/10055> ) )\n\n* resource\/aws_waf_rate_based_rule: Update rate based rule limit for WAF ( #9946 ( <https:\/\/github.com\/terraform-providers\/terraform-provider-aws\/pull\/9946> ) )\n\n* resource\/aws_wafregional_rate_based_rule: Update rate based rule limit for WAF ( #9946 ( <https:\/\/github.com\/terraform-providers\/terraform-provider-aws\/pull\/9946> ) )\n\nBUG FIXES:\n\n* ecs_task_definition_equivalency: Fix a crash if environment name is missing ( #10074 ( <https:\/\/github.com\/terraform-providers\/terraform-provider-aws\/issues\/10074> ) )\n```\n<https:\/\/newreleases.io\/github\/terraform-providers\/terraform-provider-aws?version=v2.29.0|release note...>",
                "title": "terraform-providers\/terraform-provider-aws on GitHub",
                "id": 1,
                "title_link": "https:\/\/newreleases.io\/github\/terraform-providers\/terraform-provider-aws",
                "mrkdwn_in": [
                    "text"
                ]
            }
        ]
    },
    {
        "type": "message",
        "subtype": "bot_message",
        "text": "",
        "ts": "1569007007.001200",
        "bot_id": "BG2UDF0NA",
        "attachments": [
            {
                "fallback": "ansible\/ansible on GitHub\nv2.9.0rc1",
                "text": "`v2.9.0rc1`",
                "title": "ansible\/ansible on GitHub",
                "id": 1,
                "title_link": "https:\/\/newreleases.io\/github\/ansible\/ansible",
                "mrkdwn_in": [
                    "text"
                ]
            }
        ]
    }
]