[
    {
        "type": "message",
        "subtype": "bot_message",
        "text": "",
        "ts": "1567181158.000700",
        "bot_id": "BG2UDF0NA",
        "attachments": [
            {
                "fallback": "DataDog\/ansible-datadog on GitHub\n3.1.0 \/ 2019-08-303.1.0\nrelease note: <https:\/\/newreleases.io\/github\/DataDog\/ansible-datadog?version=3.1.0>\n\n3.0.0 \/ 2019-05-173.0.0 updated\nrelease note: <https:\/\/newreleases.io\/github\/DataDog\/ansible-datadog?version=3.0.0>\n\n2.6.0 \/ 2019-03-052.6.0 updated\nrelease note: <https:\/\/newreleases.io\/github\/DataDog\/ansible-datadog?version=2.6.0>\n\n2.5.0 \/ 2019-02-122.5.0 updated\nrelease note: <https:\/\/newreleases.io\/github\/DataDog\/ansible-datadog?version=2.5.0>",
                "text": "*3.1.0 \/ 2019-08-30* `3.1.0`\n```\n* [FEATURE] Trust new RPM key on SUSE. See #203.\n\n* [IMPROVEMENT] Windows: Add the ability to specify the ‘ddagentuser’ name and password in the configuration.\n\n* [FEATURE] Add ‘pre_task’ and ‘post_task’ folder for custom user tasks.\n```\n<https:\/\/newreleases.io\/github\/DataDog\/ansible-datadog?version=3.1.0|release note...>\n\n*3.0.0 \/ 2019-05-17* `3.0.0` _updated_\n```\n* [FEATURE] On Linux: you can now add the Agent’s user to additionnal groups.\n\n* [DEPRECATION] Bumping this minimum supported Ansible version from 2.2 to 2.5 (version prior from 2.5 are EOL).\n\n* [IMPROVEMENT] Use ‘include_tasks’ instead of ‘include’ which bump minimum ansible version to 2.4 (thanks to @rouge8).\n\n* [FIX] Make sure the Live Process agent and APM agent aren’t started when datadog_enabled is set to false (thanks to @pdecat).\n```\n<https:\/\/newreleases.io\/github\/DataDog\/ansible-datadog?version=3.0.0|release note...>\n\n*2.6.0 \/ 2019-03-05* `2.6.0` _updated_\n```\n* [FEATURE] Add support for managing Windows hosts.\n```\n<https:\/\/newreleases.io\/github\/DataDog\/ansible-datadog?version=2.6.0|release note...>\n\n*2.5.0 \/ 2019-02-12* `2.5.0` _updated_\n```\n[IMPROVEMENT] Allow the use of a backup keyserver for apt in case the main one is down.\n[IMPROVEMENT] Fix configuration items order to be the same between playbook runs (thanks to @jpiron).\n```\n<https:\/\/newreleases.io\/github\/DataDog\/ansible-datadog?version=2.5.0|release note...>",
                "title": "DataDog\/ansible-datadog on GitHub",
                "id": 1,
                "title_link": "https:\/\/newreleases.io\/github\/DataDog\/ansible-datadog",
                "mrkdwn_in": [
                    "text"
                ]
            }
        ]
    }
]