[
    {
        "type": "message",
        "subtype": "bot_message",
        "text": "",
        "ts": "1569361002.001400",
        "bot_id": "BG2UDF0NA",
        "attachments": [
            {
                "fallback": "terraform-providers\/terraform-provider-google on GitHub\nv2.16.0",
                "text": "`v2.16.0`",
                "title": "terraform-providers\/terraform-provider-google on GitHub",
                "id": 1,
                "title_link": "https:\/\/newreleases.io\/github\/terraform-providers\/terraform-provider-google",
                "mrkdwn_in": [
                    "text"
                ]
            }
        ]
    },
    {
        "type": "message",
        "subtype": "bot_message",
        "text": "",
        "ts": "1569379353.001500",
        "bot_id": "BG2UDF0NA",
        "attachments": [
            {
                "fallback": "cloudposse\/terraform-aws-alb-ingress on GitHub\n0.8.0 Add support for more config options0.8.0\nrelease note: <https:\/\/newreleases.io\/github\/cloudposse\/terraform-aws-alb-ingress?version=0.8.0>",
                "text": "*0.8.0 Add support for more config options* `0.8.0`\n```\n----\nwhat\n----\n\n* Add support for more config options\n\n---\nwhy\n---\n\n* New parameters with sensible defaults to not break the current consumers:\n\n* health check variables to enable\/disable and control the port + protocol\n\n* slow_start\n\n* stickiness\n```\n<https:\/\/newreleases.io\/github\/cloudposse\/terraform-aws-alb-ingress?version=0.8.0|release note...>",
                "title": "cloudposse\/terraform-aws-alb-ingress on GitHub",
                "id": 1,
                "title_link": "https:\/\/newreleases.io\/github\/cloudposse\/terraform-aws-alb-ingress",
                "mrkdwn_in": [
                    "text"
                ]
            }
        ]
    }
]