[
    {
        "type": "message",
        "subtype": "bot_message",
        "text": "",
        "ts": "1569534250.001600",
        "bot_id": "BG2UDF0NA",
        "attachments": [
            {
                "fallback": "terraform-providers\/terraform-provider-aws on GitHub\nv2.30.0",
                "text": "`v2.30.0`",
                "title": "terraform-providers\/terraform-provider-aws on GitHub",
                "id": 1,
                "title_link": "https:\/\/newreleases.io\/github\/terraform-providers\/terraform-provider-aws",
                "mrkdwn_in": [
                    "text"
                ]
            }
        ]
    },
    {
        "type": "message",
        "subtype": "bot_message",
        "text": "",
        "ts": "1569538745.001700",
        "bot_id": "BG2UDF0NA",
        "attachments": [
            {
                "fallback": "terraform-providers\/terraform-provider-aws on GitHub\nv2.30.0 updated\nrelease note: <https:\/\/newreleases.io\/github\/terraform-providers\/terraform-provider-aws?version=v2.30.0>",
                "text": "`v2.30.0` _updated_\n```\nNOTES:\n\n* provider: The default development, testing, and building of the Terraform AWS Provider binary is now done with Go 1.13. This version of Go now requires macOS 10.11 El Capitan or later and FreeBSD 11.2 or later. Support for previous versions of those operating systems has been discontinued. ( #10206 ( <https:\/\/github.com\/terraform-providers\/terraform-provider-aws\/issues\/10206> ) )\n\n* provider: The actual Terraform version running the provider will now be included the AWS Go SDK User-Agent headers for Terraform 0.12 and later. Terraform 0.11 and earlier will use Terraform\/0.11+compatible as this information was not accessible in those versions. Previously, the Terraform version in the User-Agent header was based on the <http:\/\/github.com\/hashicorp\/terraform|github.com\/hashicorp\/terraform> dependency in the provider codebase. ( #9570 ( <https:\/\/github.com\/terraform-providers\/terraform-provider-aws\/issues\/9570> ) )\n\nENHANCEMENTS:\n\n* data-source\/aws_cloudtrail_service_account: Support cn-north-1 region ( #10134 ( <https:\/\/github.com\/terraform-providers\/terraform-provider-aws\/issues\/10134> ) )\n\n* data-source\/aws_elastic_beanstalk_hosted_zone: Support ap-east-1 , ap-northeast-3 , us-gov-east-1 and us-gov-west-1 regions ( #10134 ( <https:\/\/github.com\/terraform-providers\/terraform-provider-aws\/issues\/10134> ) )\n\n* data-source\/aws_elb_hosted_zone_id: Support cn-northwest-1 region ( #10134 ( <https:\/\/github.com\/terraform-providers\/terraform-provider-aws\/issues\/10134> ) )\n\n* data-source\/aws_redshift_service_account: Support ap-northeast-3 , cn-north-1 , eu-north-1 and me-south-1 regions ( #10134 ( <https:\/\/github.com\/terraform-providers\/terraform-provider-aws\/issues\/10134> ) )\n\n* provider: Use real Terraform version in User-Agent header ( #9570 ( <https:\/\/github.com\/terraform-providers\/terraform-provider-aws\/issues\/9570> ) )\n\n* resource\/aws_appsync_graphql_api: Add additional_authentication_providers configuration blocks ( #8587 ( <https:\/\/github.com\/terraform-providers\/terraform-provider-aws\/issues\/8587> ) )\n\n* resource\/aws_elastic_beanstalk_environment: Add endpoint_url attribute ( #10015 ( <https:\/\/github.com\/terraform-providers\/terraform-provider-aws\/issues\/10015> ) )\n\n* resource\/aws_lightsail_static_ip_attachment: Add ip_address attribute ( #10109 ( <https:\/\/github.com\/terraform-providers\/terraform-provider-aws\/issues\/10109> ) )\n\n* resource\/aws_opsworks_stack: Switch legacy Opsworks client User-Agent to real Terraform version ( #10246 ( <https:\/\/github.com\/terraform-providers\/terraform-provider-aws\/issues\/10246> ) )\n\n* resource\/aws_sns_topic_policy: Support resource import ( #10163 ( <https:\/\/github.com\/terraform-providers\/terraform-provider-aws\/issues\/10163> ) )\n\n* resource\/aws_sqs_queue: Support tag-on-create in AWS Commercial regions ( #10156 ( <https:\/\/github.com\/terraform-providers\/terraform-provider-aws\/issues\/10156> ) )\n\nBUG FIXES:\n\n* data-source\/aws_elb_hosted_zone_id: Correct value for cn-north-1 region ( #10134 ( <https:\/\/github.com\/terraform-providers\/terraform-provider-aws\/issues\/10134> ) )\n\n* resource\/aws_ec2_client_vpn_endpoint: Ensure missing resource triggers state removal ( #10187 ( <https:\/\/github.com\/terraform-providers\/terraform-provider-aws\/issues\/10187> ) )\n\n* resource\/aws_instance: Prevent panic when updating credit_specification to empty configuration block ( #10212 ( <https:\/\/github.com\/terraform-providers\/terraform-provider-aws\/issues\/10212> ) )\n\n* resource\/aws_security_group: Ensure deletion errors are properly raised ( #10165 ( <https:\/\/github.com\/terraform-providers\/terraform-provider-aws\/issues\/10165> ) )\n\n* resource\/aws_spot_fleet_request: Ensure launch_specification configuration block placement_group argument is passed through to the API when it is specified ( #10103 ( <https:\/\/github.com\/terraform-providers\/terraform-provider-aws\/issues\/10103> ) )\n```\n<https:\/\/newreleases.io\/github\/terraform-providers\/terraform-provider-aws?version=v2.30.0|release note...>",
                "title": "terraform-providers\/terraform-provider-aws on GitHub",
                "id": 1,
                "title_link": "https:\/\/newreleases.io\/github\/terraform-providers\/terraform-provider-aws",
                "mrkdwn_in": [
                    "text"
                ]
            }
        ]
    }
]