[
    {
        "client_msg_id": "87d9cea3-7e23-4bce-8e0f-2a9e0308fb4e",
        "type": "message",
        "text": "CloudFront の作成待ち時間が長い。。。",
        "user": "UFU0BKD8F",
        "ts": "1567583134.022000",
        "team": "TFU0BKCQP",
        "user_team": "TFU0BKCQP",
        "source_team": "TFU0BKCQP",
        "user_profile": {
            "avatar_hash": "92c41c62c7b0",
            "image_72": "https:\/\/avatars.slack-edge.com\/2019-01-30\/537137791812_92c41c62c7b0f054d3dd_72.jpg",
            "first_name": "らき",
            "real_name": "らき",
            "display_name": "raki",
            "team": "TFU0BKCQP",
            "name": "nishimuray",
            "is_restricted": false,
            "is_ultra_restricted": false
        },
        "reactions": [
            {
                "name": "wakaru",
                "users": [
                    "ULFK57XL4",
                    "UJZCUFM7D",
                    "UKEHA1JSW",
                    "UH0JY61KR",
                    "UFTKSQ25T"
                ],
                "count": 5
            }
        ]
    }
]