[
    {
        "client_msg_id": "8102f854-ce6f-4290-af38-5a01c63ec305",
        "type": "message",
        "text": "AWSな話だけど、terraformで管理しているリソースと管理できていないリソースを区別するのに\nタグ付け以外で何かいいアイデアないですかね。。。。\n具体的には既存の環境で手作業で処理されているリソースとterraformで管理しているリソースがあって\nそろそろ掃除したいんだけどどういう手順が楽かなって。",
        "user": "UFU0BKD8F",
        "ts": "1568253783.041600",
        "team": "TFU0BKCQP",
        "user_team": "TFU0BKCQP",
        "source_team": "TFU0BKCQP",
        "user_profile": {
            "avatar_hash": "92c41c62c7b0",
            "image_72": "https:\/\/avatars.slack-edge.com\/2019-01-30\/537137791812_92c41c62c7b0f054d3dd_72.jpg",
            "first_name": "らき",
            "real_name": "らき",
            "display_name": "raki",
            "team": "TFU0BKCQP",
            "name": "nishimuray",
            "is_restricted": false,
            "is_ultra_restricted": false
        }
    },
    {
        "client_msg_id": "d0ddf3ba-045c-4a96-a0d3-df68260da79d",
        "type": "message",
        "text": "descriptionにmanaged by terraformって入れがち",
        "user": "UG46Z57TN",
        "ts": "1568255133.041900",
        "team": "TFU0BKCQP",
        "user_team": "TFU0BKCQP",
        "source_team": "TFU0BKCQP",
        "user_profile": {
            "avatar_hash": "c6bdd4cb17db",
            "image_72": "https:\/\/avatars.slack-edge.com\/2019-07-05\/685991185957_c6bdd4cb17db956661a1_72.jpg",
            "first_name": "Takeshi",
            "real_name": "Takeshi Kondo",
            "display_name": "chaspy",
            "team": "TFU0BKCQP",
            "name": "take.she12",
            "is_restricted": false,
            "is_ultra_restricted": false
        }
    },
    {
        "client_msg_id": "862503c7-dc26-429e-8008-c82cd0b4f5e2",
        "type": "message",
        "text": "モジュールとかでデフォルトにそういうのいれてるのあるしね。。。",
        "user": "UFU0BKD8F",
        "ts": "1568255621.042800",
        "team": "TFU0BKCQP",
        "user_team": "TFU0BKCQP",
        "source_team": "TFU0BKCQP",
        "user_profile": {
            "avatar_hash": "92c41c62c7b0",
            "image_72": "https:\/\/avatars.slack-edge.com\/2019-01-30\/537137791812_92c41c62c7b0f054d3dd_72.jpg",
            "first_name": "らき",
            "real_name": "らき",
            "display_name": "raki",
            "team": "TFU0BKCQP",
            "name": "nishimuray",
            "is_restricted": false,
            "is_ultra_restricted": false
        }
    },
    {
        "client_msg_id": "92c8557d-6843-4c08-a840-f254ab77940a",
        "type": "message",
        "text": "リソースのdescに○○用の○○リソースとか書いちゃうとか。\nゾーンにドメイン用ゾーンとか書いちゃうみたいな。",
        "user": "UFU0BKD8F",
        "ts": "1568255723.044200",
        "team": "TFU0BKCQP",
        "user_team": "TFU0BKCQP",
        "source_team": "TFU0BKCQP",
        "user_profile": {
            "avatar_hash": "92c41c62c7b0",
            "image_72": "https:\/\/avatars.slack-edge.com\/2019-01-30\/537137791812_92c41c62c7b0f054d3dd_72.jpg",
            "first_name": "らき",
            "real_name": "らき",
            "display_name": "raki",
            "team": "TFU0BKCQP",
            "name": "nishimuray",
            "is_restricted": false,
            "is_ultra_restricted": false
        }
    },
    {
        "client_msg_id": "faeea838-ccde-489d-bb91-6884cc9a2ecb",
        "type": "message",
        "text": "その後手作業で散々変更されてTerraform管理を諦めてもそのままにしがち…。\n\n実践の伴ってないジャストアイデアな放言ですが、CloudTrailのログを洗って判別するという力技はどうでしょう？\n条件指定とかが相当に面倒臭そうだとは思いますが…。",
        "user": "UFUP9BGES",
        "ts": "1568256198.044400",
        "team": "TFU0BKCQP",
        "user_team": "TFU0BKCQP",
        "source_team": "TFU0BKCQP",
        "user_profile": {
            "avatar_hash": "g1ab82c88cbc",
            "image_72": "https:\/\/secure.gravatar.com\/avatar\/31ab82c88cbcd51de65e6e00bdee9e22.jpg?s=72&d=https%3A%2F%2Fa.slack-edge.com%2Fdf10d%2Fimg%2Favatars%2Fava_0001-72.png",
            "first_name": "",
            "real_name": "益田ラヂヲ",
            "display_name": "益田ラヂヲ",
            "team": "TFU0BKCQP",
            "name": "brettspielwelt",
            "is_restricted": false,
            "is_ultra_restricted": false
        }
    },
    {
        "client_msg_id": "06bf728a-8fd6-4d41-8bdf-628b1e5a6bba",
        "type": "message",
        "text": "力技すぎるってゆうか、Trailを起こす前から存在するリソースだと対象外になりがちなのと、\nSDKやMCを通したリソースアクセスしかTrailには残らないので、通常運転してるだけの\nインスタンスやRDS等は判断できないんじゃないかな、たぶん。。。\nそこまでTrail使いこなしてないからどこまでいけるかはちょっと不安でもあるけど。",
        "user": "UFU0BKD8F",
        "ts": "1568256536.047300",
        "team": "TFU0BKCQP",
        "user_team": "TFU0BKCQP",
        "source_team": "TFU0BKCQP",
        "user_profile": {
            "avatar_hash": "92c41c62c7b0",
            "image_72": "https:\/\/avatars.slack-edge.com\/2019-01-30\/537137791812_92c41c62c7b0f054d3dd_72.jpg",
            "first_name": "らき",
            "real_name": "らき",
            "display_name": "raki",
            "team": "TFU0BKCQP",
            "name": "nishimuray",
            "is_restricted": false,
            "is_ultra_restricted": false
        }
    },
    {
        "client_msg_id": "57a3409b-e4f1-48b0-a2df-4f91afe94f87",
        "type": "message",
        "text": "ああ、たしかにDescribe系は残らないので、いにしえに稼働開始してから何も変更せず通常運転してるだけだと、ログには出てこないですね…。\nそうだ…だから、コスト算出のためにCloudTrailからログを解析するのは諦めて、Cost and Usage Reportの使用状況データを解析することにしたんだった。ただ、こっちは飽くまでも使用状況データなので、メタ情報っぽいのがタグ以外にはないです。",
        "user": "UFUP9BGES",
        "ts": "1568257167.047500",
        "team": "TFU0BKCQP",
        "user_team": "TFU0BKCQP",
        "source_team": "TFU0BKCQP",
        "user_profile": {
            "avatar_hash": "g1ab82c88cbc",
            "image_72": "https:\/\/secure.gravatar.com\/avatar\/31ab82c88cbcd51de65e6e00bdee9e22.jpg?s=72&d=https%3A%2F%2Fa.slack-edge.com%2Fdf10d%2Fimg%2Favatars%2Fava_0001-72.png",
            "first_name": "",
            "real_name": "益田ラヂヲ",
            "display_name": "益田ラヂヲ",
            "team": "TFU0BKCQP",
            "name": "brettspielwelt",
            "is_restricted": false,
            "is_ultra_restricted": false
        },
        "edited": {
            "user": "UFUP9BGES",
            "ts": "1568257209.000000"
        }
    },
    {
        "client_msg_id": "a798e6c5-6309-4345-87a8-e1ac4f35e41d",
        "type": "message",
        "text": "そうなんですよね。。。",
        "user": "UFU0BKD8F",
        "ts": "1568257970.048600",
        "team": "TFU0BKCQP",
        "user_team": "TFU0BKCQP",
        "source_team": "TFU0BKCQP",
        "user_profile": {
            "avatar_hash": "92c41c62c7b0",
            "image_72": "https:\/\/avatars.slack-edge.com\/2019-01-30\/537137791812_92c41c62c7b0f054d3dd_72.jpg",
            "first_name": "らき",
            "real_name": "らき",
            "display_name": "raki",
            "team": "TFU0BKCQP",
            "name": "nishimuray",
            "is_restricted": false,
            "is_ultra_restricted": false
        },
        "reactions": [
            {
                "name": "turai",
                "users": [
                    "UFUP9BGES"
                ],
                "count": 1
            }
        ]
    },
    {
        "client_msg_id": "2f729af8-cdb3-4fa8-9f88-d3770da8677e",
        "type": "message",
        "text": "使用状況によらずにterraformの管理下またはその配下のリソースかどうかが判別したい\n（削除しても大丈夫かどうか）だけなんですけどね。。。\nそもそもちゃんと管理しとけってのは歴史あるアカウントでは仕方ないことですし。。。\nそれらを整理していくうまいやり方ないかなぁって。",
        "user": "UFU0BKD8F",
        "ts": "1568258052.050200",
        "team": "TFU0BKCQP",
        "user_team": "TFU0BKCQP",
        "source_team": "TFU0BKCQP",
        "user_profile": {
            "avatar_hash": "92c41c62c7b0",
            "image_72": "https:\/\/avatars.slack-edge.com\/2019-01-30\/537137791812_92c41c62c7b0f054d3dd_72.jpg",
            "first_name": "らき",
            "real_name": "らき",
            "display_name": "raki",
            "team": "TFU0BKCQP",
            "name": "nishimuray",
            "is_restricted": false,
            "is_ultra_restricted": false
        }
    }
]