[
    {
        "client_msg_id": "35bbd0a6-729b-4d46-a03c-c5dc2c32ee82",
        "type": "message",
        "text": "null_resource、知らなかった\n<https:\/\/qiita.com\/eigo_s\/items\/0dd6ffc84e1732eff703>",
        "user": "ULNRQ99GB",
        "ts": "1567397462.006000",
        "team": "TFU0BKCQP",
        "user_team": "TFU0BKCQP",
        "source_team": "TFU0BKCQP",
        "user_profile": {
            "avatar_hash": "gc3764ffb70d",
            "image_72": "https:\/\/secure.gravatar.com\/avatar\/9c3764ffb70d8d34ee4014f6c1452ca5.jpg?s=72&d=https%3A%2F%2Fa.slack-edge.com%2Fdf10d%2Fimg%2Favatars%2Fava_0006-72.png",
            "first_name": "",
            "real_name": "Daichi Harada",
            "display_name": "Daichi Harada",
            "team": "TFU0BKCQP",
            "name": "daichi.harada",
            "is_restricted": false,
            "is_ultra_restricted": false
        },
        "attachments": [
            {
                "service_name": "Qiita",
                "title": "terraformのnull_resourceが便利だよ！という話 - Qiita",
                "title_link": "https:\/\/qiita.com\/eigo_s\/items\/0dd6ffc84e1732eff703",
                "text": "# はじめに この記事は、[dwango advent calender](<http:\/\/qiita.com\/advent-calendar\/2016\/dwango>)の12日目の記事です！ ギリギリ間に合わない感じになってしまいました...",
                "fallback": "Qiita: terraformのnull_resourceが便利だよ！という話 - Qiita",
                "thumb_url": "https:\/\/cdn.qiita.com\/assets\/qiita-fb-2887e7b4aad86fd8c25cea84846f2236.png",
                "from_url": "https:\/\/qiita.com\/eigo_s\/items\/0dd6ffc84e1732eff703",
                "thumb_width": 200,
                "thumb_height": 200,
                "service_icon": "https:\/\/cdn.qiita.com\/assets\/favicons\/public\/apple-touch-icon-f9a6afad761ec2306e10db2736187c8b.png",
                "id": 1,
                "original_url": "https:\/\/qiita.com\/eigo_s\/items\/0dd6ffc84e1732eff703"
            }
        ]
    },
    {
        "type": "message",
        "text": "providerがまだ対応してないときのワークアラウンドとして使えるんですね\n<https:\/\/github.com\/terraform-providers\/terraform-provider-aws\/pull\/3957>",
        "files": [
            {
                "id": "FMZBBBAA3",
                "created": 1567397506,
                "timestamp": 1567397506,
                "name": "スクリーンショット 2019-09-02 11.33.47.png",
                "title": "スクリーンショット 2019-09-02 11.33.47.png",
                "mimetype": "image\/png",
                "filetype": "png",
                "pretty_type": "PNG",
                "user": "ULNRQ99GB",
                "editable": false,
                "size": 105429,
                "mode": "hosted",
                "is_external": false,
                "external_type": "",
                "is_public": true,
                "public_url_shared": false,
                "display_as_bot": false,
                "username": "",
                "url_private": "https:\/\/files.slack.com\/files-pri\/TFU0BKCQP-FMZBBBAA3\/____________________________2019-09-02_11.33.47.png?t=xoxe-538011658839-821464126950-821111338151-96d06d568fcadccaa6204ade0d97d265",
                "url_private_download": "https:\/\/files.slack.com\/files-pri\/TFU0BKCQP-FMZBBBAA3\/download\/____________________________2019-09-02_11.33.47.png?t=xoxe-538011658839-821464126950-821111338151-96d06d568fcadccaa6204ade0d97d265",
                "thumb_64": "https:\/\/files.slack.com\/files-tmb\/TFU0BKCQP-FMZBBBAA3-520ceb054b\/____________________________2019-09-02_11.33.47_64.png?t=xoxe-538011658839-821464126950-821111338151-96d06d568fcadccaa6204ade0d97d265",
                "thumb_80": "https:\/\/files.slack.com\/files-tmb\/TFU0BKCQP-FMZBBBAA3-520ceb054b\/____________________________2019-09-02_11.33.47_80.png?t=xoxe-538011658839-821464126950-821111338151-96d06d568fcadccaa6204ade0d97d265",
                "thumb_360": "https:\/\/files.slack.com\/files-tmb\/TFU0BKCQP-FMZBBBAA3-520ceb054b\/____________________________2019-09-02_11.33.47_360.png?t=xoxe-538011658839-821464126950-821111338151-96d06d568fcadccaa6204ade0d97d265",
                "thumb_360_w": 360,
                "thumb_360_h": 189,
                "thumb_480": "https:\/\/files.slack.com\/files-tmb\/TFU0BKCQP-FMZBBBAA3-520ceb054b\/____________________________2019-09-02_11.33.47_480.png?t=xoxe-538011658839-821464126950-821111338151-96d06d568fcadccaa6204ade0d97d265",
                "thumb_480_w": 480,
                "thumb_480_h": 252,
                "thumb_160": "https:\/\/files.slack.com\/files-tmb\/TFU0BKCQP-FMZBBBAA3-520ceb054b\/____________________________2019-09-02_11.33.47_160.png?t=xoxe-538011658839-821464126950-821111338151-96d06d568fcadccaa6204ade0d97d265",
                "thumb_720": "https:\/\/files.slack.com\/files-tmb\/TFU0BKCQP-FMZBBBAA3-520ceb054b\/____________________________2019-09-02_11.33.47_720.png?t=xoxe-538011658839-821464126950-821111338151-96d06d568fcadccaa6204ade0d97d265",
                "thumb_720_w": 720,
                "thumb_720_h": 378,
                "thumb_800": "https:\/\/files.slack.com\/files-tmb\/TFU0BKCQP-FMZBBBAA3-520ceb054b\/____________________________2019-09-02_11.33.47_800.png?t=xoxe-538011658839-821464126950-821111338151-96d06d568fcadccaa6204ade0d97d265",
                "thumb_800_w": 800,
                "thumb_800_h": 420,
                "thumb_960": "https:\/\/files.slack.com\/files-tmb\/TFU0BKCQP-FMZBBBAA3-520ceb054b\/____________________________2019-09-02_11.33.47_960.png?t=xoxe-538011658839-821464126950-821111338151-96d06d568fcadccaa6204ade0d97d265",
                "thumb_960_w": 960,
                "thumb_960_h": 504,
                "thumb_1024": "https:\/\/files.slack.com\/files-tmb\/TFU0BKCQP-FMZBBBAA3-520ceb054b\/____________________________2019-09-02_11.33.47_1024.png?t=xoxe-538011658839-821464126950-821111338151-96d06d568fcadccaa6204ade0d97d265",
                "thumb_1024_w": 1024,
                "thumb_1024_h": 537,
                "image_exif_rotation": 1,
                "original_w": 1498,
                "original_h": 786,
                "permalink": "https:\/\/terraform-jp.slack.com\/files\/ULNRQ99GB\/FMZBBBAA3\/____________________________2019-09-02_11.33.47.png",
                "permalink_public": "https:\/\/slack-files.com\/TFU0BKCQP-FMZBBBAA3-21a2c332f7",
                "is_starred": false,
                "has_rich_preview": false
            }
        ],
        "upload": true,
        "user": "ULNRQ99GB",
        "display_as_bot": false,
        "ts": "1567397509.006200",
        "client_msg_id": "ab6f3ffb-ba46-4ec1-a797-d4e2cab9a94b"
    },
    {
        "client_msg_id": "4AF72456-77B2-4E68-9B9B-C6695BA22D58",
        "type": "message",
        "text": "ついついにstate fileをdevの扱う領域ごとに分離していくことに決めた",
        "user": "UG46Z57TN",
        "ts": "1567401763.007100",
        "team": "TFU0BKCQP",
        "user_team": "TFU0BKCQP",
        "source_team": "TFU0BKCQP",
        "user_profile": {
            "avatar_hash": "c6bdd4cb17db",
            "image_72": "https:\/\/avatars.slack-edge.com\/2019-07-05\/685991185957_c6bdd4cb17db956661a1_72.jpg",
            "first_name": "Takeshi",
            "real_name": "Takeshi Kondo",
            "display_name": "chaspy",
            "team": "TFU0BKCQP",
            "name": "take.she12",
            "is_restricted": false,
            "is_ultra_restricted": false
        },
        "reactions": [
            {
                "name": "tada",
                "users": [
                    "UFU0BKD8F"
                ],
                "count": 1
            }
        ]
    },
    {
        "client_msg_id": "C1E39D23-404E-4D87-BA73-4D197BC33468",
        "type": "message",
        "text": "releaseはSREがやる、でもいいといえばいいが毎週確実に作業が発生するし、対象リソースは少ないので練習もかねて",
        "user": "UG46Z57TN",
        "ts": "1567401848.008200",
        "team": "TFU0BKCQP",
        "user_team": "TFU0BKCQP",
        "source_team": "TFU0BKCQP",
        "user_profile": {
            "avatar_hash": "c6bdd4cb17db",
            "image_72": "https:\/\/avatars.slack-edge.com\/2019-07-05\/685991185957_c6bdd4cb17db956661a1_72.jpg",
            "first_name": "Takeshi",
            "real_name": "Takeshi Kondo",
            "display_name": "chaspy",
            "team": "TFU0BKCQP",
            "name": "take.she12",
            "is_restricted": false,
            "is_ultra_restricted": false
        }
    },
    {
        "client_msg_id": "ed5a175d-9cf6-4c24-9bb6-a397a26b41e5",
        "type": "message",
        "text": "中に含めるリソース次第よね。。。\n開発チームが調整すべきところとSREが調整したほうがいいところ、は\nそれぞれのチームの知見とかレベルによるし。。。\n最終的に整合性が取れるならいいけど、開発に任せてたら知らないリソースが増えてて\n使ってるんだか使ってないんだかよくわからないリソースが増えてって\nカオスになるのをどう防止していくかに興味がある。。。",
        "user": "UFU0BKD8F",
        "ts": "1567402092.011200",
        "team": "TFU0BKCQP",
        "user_team": "TFU0BKCQP",
        "source_team": "TFU0BKCQP",
        "user_profile": {
            "avatar_hash": "92c41c62c7b0",
            "image_72": "https:\/\/avatars.slack-edge.com\/2019-01-30\/537137791812_92c41c62c7b0f054d3dd_72.jpg",
            "first_name": "らき",
            "real_name": "らき",
            "display_name": "raki",
            "team": "TFU0BKCQP",
            "name": "nishimuray",
            "is_restricted": false,
            "is_ultra_restricted": false
        }
    },
    {
        "client_msg_id": "75f24dda-849c-41a3-af58-ca3402eb4b73",
        "type": "message",
        "text": "今回の場合、唯一EC2(ELB + EC2 isntance)で動いているアプリケーションがあって、それのASGとLCの定義更新だけなんです",
        "user": "UG46Z57TN",
        "ts": "1567402716.013000",
        "team": "TFU0BKCQP",
        "user_team": "TFU0BKCQP",
        "source_team": "TFU0BKCQP",
        "user_profile": {
            "avatar_hash": "c6bdd4cb17db",
            "image_72": "https:\/\/avatars.slack-edge.com\/2019-07-05\/685991185957_c6bdd4cb17db956661a1_72.jpg",
            "first_name": "Takeshi",
            "real_name": "Takeshi Kondo",
            "display_name": "chaspy",
            "team": "TFU0BKCQP",
            "name": "take.she12",
            "is_restricted": false,
            "is_ultra_restricted": false
        },
        "edited": {
            "user": "UG46Z57TN",
            "ts": "1567402725.000000"
        }
    },
    {
        "client_msg_id": "8196b8b8-2a23-4733-acf4-cae8c33cdc09",
        "type": "message",
        "text": "増減しないし、機械的に更新していくだけだからいいかなと",
        "user": "UG46Z57TN",
        "ts": "1567402737.013600",
        "team": "TFU0BKCQP",
        "user_team": "TFU0BKCQP",
        "source_team": "TFU0BKCQP",
        "user_profile": {
            "avatar_hash": "c6bdd4cb17db",
            "image_72": "https:\/\/avatars.slack-edge.com\/2019-07-05\/685991185957_c6bdd4cb17db956661a1_72.jpg",
            "first_name": "Takeshi",
            "real_name": "Takeshi Kondo",
            "display_name": "chaspy",
            "team": "TFU0BKCQP",
            "name": "take.she12",
            "is_restricted": false,
            "is_ultra_restricted": false
        }
    },
    {
        "client_msg_id": "6c398f83-4c77-4fbc-9a5a-a1423813d5f9",
        "type": "message",
        "text": "なるほろ。。。\n権限でそこらへんだけしか使えないように絞ってあればいいね。\n\n個人的にはそこからR53とかCloudFrontとかTargetGroupとかログのためにS3とかSorryサーバのS3とかCloudWatchとかsnsとか普通についてくるかなとか\n思っていて、ElastiCacheやRDSのパラメータグループとかオプショングループとか触りたくなって\nテスト環境から本番に繋ぎたいとかでSecurityGroup緩めたいとかなって、\nおわた＼(^o^)／ってなるよなぁって懸念しただけなの。。。",
        "user": "UFU0BKD8F",
        "ts": "1567403086.017700",
        "team": "TFU0BKCQP",
        "user_team": "TFU0BKCQP",
        "source_team": "TFU0BKCQP",
        "user_profile": {
            "avatar_hash": "92c41c62c7b0",
            "image_72": "https:\/\/avatars.slack-edge.com\/2019-01-30\/537137791812_92c41c62c7b0f054d3dd_72.jpg",
            "first_name": "らき",
            "real_name": "らき",
            "display_name": "raki",
            "team": "TFU0BKCQP",
            "name": "nishimuray",
            "is_restricted": false,
            "is_ultra_restricted": false
        }
    }
]