[
    {
        "client_msg_id": "203ae6ef-b236-419b-8740-08f6a08563a7",
        "type": "message",
        "text": "ECS の Task Definition って terraform で管理しない方がよいのでしょうか。\nBlue\/Green Deployment 選択して ECR -&gt; CodePipeline -&gt; ECS(blue\/green) とかでパイプライン組もうとすると CodeDeploy に渡す `taskdef.json` が必要になり、terraform で管理している内容と同様のものをアプリケーションのリポジトリ等でも管理せねばならず…\n\nそれともなんか勘違いしてるだけなのかな。うまく回せるんだろうか。",
        "user": "UGFSM002K",
        "ts": "1568706634.000300",
        "team": "TFU0BKCQP",
        "user_team": "TFU0BKCQP",
        "source_team": "TFU0BKCQP",
        "user_profile": {
            "avatar_hash": "g41659063723",
            "image_72": "https:\/\/secure.gravatar.com\/avatar\/941659063723b64d22b3868c054123ce.jpg?s=72&d=https%3A%2F%2Fa.slack-edge.com%2Fdf10d%2Fimg%2Favatars%2Fava_0006-72.png",
            "first_name": "t2ynkmr",
            "real_name": "t2ynkmr",
            "display_name": "",
            "team": "TFU0BKCQP",
            "name": "tetsuyanakamura76",
            "is_restricted": false,
            "is_ultra_restricted": false
        },
        "edited": {
            "user": "UGFSM002K",
            "ts": "1568706646.000000"
        },
        "thread_ts": "1568706634.000300",
        "reply_count": 7,
        "reply_users_count": 2,
        "latest_reply": "1568943902.003200",
        "reply_users": [
            "UHS4SFFA7",
            "UGFSM002K"
        ],
        "replies": [
            {
                "user": "UHS4SFFA7",
                "ts": "1568767210.000600"
            },
            {
                "user": "UGFSM002K",
                "ts": "1568767998.000800"
            },
            {
                "user": "UGFSM002K",
                "ts": "1568768036.001000"
            },
            {
                "user": "UHS4SFFA7",
                "ts": "1568768176.001200"
            },
            {
                "user": "UHS4SFFA7",
                "ts": "1568768254.001400"
            },
            {
                "user": "UGFSM002K",
                "ts": "1568943580.003000"
            },
            {
                "user": "UGFSM002K",
                "ts": "1568943902.003200"
            }
        ],
        "subscribed": false
    },
    {
        "client_msg_id": "7543be0c-568a-4b71-9f6c-96d8603635a7",
        "type": "message",
        "text": "普段ECSにはCircleCIからデプロイしてるのでいまいち自信はないのですが、軽くぐぐったかんじ、`taskdef.json` はみんなCodeBuildのartifactsとして作ってるっぽいので、CodeDeployでデプロイするならTerraformの管理外でよいんじゃないかなという印象を受けました。",
        "user": "UHS4SFFA7",
        "ts": "1568767210.000600",
        "team": "TFU0BKCQP",
        "user_team": "TFU0BKCQP",
        "source_team": "TFU0BKCQP",
        "user_profile": {
            "avatar_hash": "gade34f8bdf1",
            "image_72": "https:\/\/secure.gravatar.com\/avatar\/5ade34f8bdf1b55c4ff82c11cf23cf42.jpg?s=72&d=https%3A%2F%2Fa.slack-edge.com%2Fdf10d%2Fimg%2Favatars%2Fava_0008-72.png",
            "first_name": "",
            "real_name": "minamijoyo",
            "display_name": "minamijoyo",
            "team": "TFU0BKCQP",
            "name": "minamijoyo",
            "is_restricted": false,
            "is_ultra_restricted": false
        },
        "thread_ts": "1568706634.000300",
        "parent_user_id": "UGFSM002K"
    },
    {
        "client_msg_id": "a8e55f6b-837f-4ae3-bc6a-b7e27937a113",
        "type": "message",
        "text": "ありがとうございます。やはり管理外にすべきなのかな。",
        "user": "UGFSM002K",
        "ts": "1568767998.000800",
        "team": "TFU0BKCQP",
        "user_team": "TFU0BKCQP",
        "source_team": "TFU0BKCQP",
        "user_profile": {
            "avatar_hash": "g41659063723",
            "image_72": "https:\/\/secure.gravatar.com\/avatar\/941659063723b64d22b3868c054123ce.jpg?s=72&d=https%3A%2F%2Fa.slack-edge.com%2Fdf10d%2Fimg%2Favatars%2Fava_0006-72.png",
            "first_name": "t2ynkmr",
            "real_name": "t2ynkmr",
            "display_name": "",
            "team": "TFU0BKCQP",
            "name": "tetsuyanakamura76",
            "is_restricted": false,
            "is_ultra_restricted": false
        },
        "thread_ts": "1568706634.000300",
        "parent_user_id": "UGFSM002K"
    },
    {
        "client_msg_id": "0dbd28e7-741f-4ca6-b194-6734a36b8704",
        "type": "message",
        "text": "codepipeline の中の codebuild で  `aws ecs describe-task-definition` とかでファイル出力しているのは見かけましたが、うーんという気持ち。",
        "user": "UGFSM002K",
        "ts": "1568768036.001000",
        "team": "TFU0BKCQP",
        "user_team": "TFU0BKCQP",
        "source_team": "TFU0BKCQP",
        "user_profile": {
            "avatar_hash": "g41659063723",
            "image_72": "https:\/\/secure.gravatar.com\/avatar\/941659063723b64d22b3868c054123ce.jpg?s=72&d=https%3A%2F%2Fa.slack-edge.com%2Fdf10d%2Fimg%2Favatars%2Fava_0006-72.png",
            "first_name": "t2ynkmr",
            "real_name": "t2ynkmr",
            "display_name": "",
            "team": "TFU0BKCQP",
            "name": "tetsuyanakamura76",
            "is_restricted": false,
            "is_ultra_restricted": false
        },
        "thread_ts": "1568706634.000300",
        "parent_user_id": "UGFSM002K"
    },
    {
        "client_msg_id": "1f6f7915-472c-422f-8510-ffafc3d36559",
        "type": "message",
        "text": "逆にTerraform側で管理したい理由はなんかありますか？masterはどちらか一箇所で管理できればよいんじゃないかと思いますが。",
        "user": "UHS4SFFA7",
        "ts": "1568768176.001200",
        "team": "TFU0BKCQP",
        "user_team": "TFU0BKCQP",
        "source_team": "TFU0BKCQP",
        "user_profile": {
            "avatar_hash": "gade34f8bdf1",
            "image_72": "https:\/\/secure.gravatar.com\/avatar\/5ade34f8bdf1b55c4ff82c11cf23cf42.jpg?s=72&d=https%3A%2F%2Fa.slack-edge.com%2Fdf10d%2Fimg%2Favatars%2Fava_0008-72.png",
            "first_name": "",
            "real_name": "minamijoyo",
            "display_name": "minamijoyo",
            "team": "TFU0BKCQP",
            "name": "minamijoyo",
            "is_restricted": false,
            "is_ultra_restricted": false
        },
        "thread_ts": "1568706634.000300",
        "parent_user_id": "UGFSM002K"
    },
    {
        "client_msg_id": "603430d9-2d65-4974-82ba-8610a19f0d19",
        "type": "message",
        "text": "terraformで管理せずに設定だけ参照したい場合は、resourceではなくdataとして参照することは可能です。\n<https:\/\/www.terraform.io\/docs\/providers\/aws\/d\/ecs_task_definition.html>",
        "user": "UHS4SFFA7",
        "ts": "1568768254.001400",
        "team": "TFU0BKCQP",
        "user_team": "TFU0BKCQP",
        "source_team": "TFU0BKCQP",
        "user_profile": {
            "avatar_hash": "gade34f8bdf1",
            "image_72": "https:\/\/secure.gravatar.com\/avatar\/5ade34f8bdf1b55c4ff82c11cf23cf42.jpg?s=72&d=https%3A%2F%2Fa.slack-edge.com%2Fdf10d%2Fimg%2Favatars%2Fava_0008-72.png",
            "first_name": "",
            "real_name": "minamijoyo",
            "display_name": "minamijoyo",
            "team": "TFU0BKCQP",
            "name": "minamijoyo",
            "is_restricted": false,
            "is_ultra_restricted": false
        },
        "attachments": [
            {
                "service_name": "Terraform by HashiCorp",
                "title": "AWS: aws_ecs_task_definition - Terraform by HashiCorp",
                "title_link": "https:\/\/www.terraform.io\/docs\/providers\/aws\/d\/ecs_task_definition.html",
                "text": "Provides details about an ecs task definition",
                "fallback": "Terraform by HashiCorp: AWS: aws_ecs_task_definition - Terraform by HashiCorp",
                "thumb_url": "https:\/\/www.terraform.io\/assets\/images\/og-image-8b3e4f7d.png",
                "from_url": "https:\/\/www.terraform.io\/docs\/providers\/aws\/d\/ecs_task_definition.html",
                "thumb_width": 712,
                "thumb_height": 712,
                "service_icon": "https:\/\/www.terraform.io\/assets\/images\/favicons\/apple-touch-icon-13180a24.png",
                "id": 1,
                "original_url": "https:\/\/www.terraform.io\/docs\/providers\/aws\/d\/ecs_task_definition.html"
            }
        ],
        "thread_ts": "1568706634.000300",
        "parent_user_id": "UGFSM002K",
        "reactions": [
            {
                "name": "+1",
                "users": [
                    "UFU0BKD8F",
                    "UGFSM002K"
                ],
                "count": 2
            }
        ]
    }
]