[
    {
        "client_msg_id": "928101e1-89c9-468b-b422-8396927a3924",
        "type": "message",
        "text": "CloudFront のエラーページ対応、特定のページじゃなくて LB のリスナールールみたいに設定のレスポンス返せるといいのにな。",
        "user": "UFU0BKD8F",
        "ts": "1567671267.024200",
        "team": "TFU0BKCQP",
        "user_team": "TFU0BKCQP",
        "source_team": "TFU0BKCQP",
        "user_profile": {
            "avatar_hash": "92c41c62c7b0",
            "image_72": "https:\/\/avatars.slack-edge.com\/2019-01-30\/537137791812_92c41c62c7b0f054d3dd_72.jpg",
            "first_name": "らき",
            "real_name": "らき",
            "display_name": "raki",
            "team": "TFU0BKCQP",
            "name": "nishimuray",
            "is_restricted": false,
            "is_ultra_restricted": false
        }
    },
    {
        "client_msg_id": "92778811-b4df-4524-bab7-9f0abc5da6f3",
        "type": "message",
        "text": "CloudFront に apply した直後にミスに気づく敗北感\nそろそろwait_for_deploymentをfalseにするべき・・・",
        "user": "UFU0BKD8F",
        "ts": "1567673482.025100",
        "team": "TFU0BKCQP",
        "user_team": "TFU0BKCQP",
        "source_team": "TFU0BKCQP",
        "user_profile": {
            "avatar_hash": "92c41c62c7b0",
            "image_72": "https:\/\/avatars.slack-edge.com\/2019-01-30\/537137791812_92c41c62c7b0f054d3dd_72.jpg",
            "first_name": "らき",
            "real_name": "らき",
            "display_name": "raki",
            "team": "TFU0BKCQP",
            "name": "nishimuray",
            "is_restricted": false,
            "is_ultra_restricted": false
        }
    }
]