[
    {
        "client_msg_id": "0d5292d5-2652-4f5f-8815-02003e4500f4",
        "type": "message",
        "text": "初めまして！\nTerraformでRoute53を管理されている方に質問なのですがRoute53をどのように管理されているかお伺いしたいです。\n一つのstateでRoute53全体を管理してしまうと複数の箇所で変更が走った際にAPIの制限に引っかかってしまうのと自分が働いている会社のシステム的にURLを発行してRoute53に登録するような処理があるのでTerraformの変更とユーザーのURL発行がかぶると不具合の原因になりかねるのでどのように管理をするかといった感じです。\n対応方法としてはroute53を複数のstateに分割してparallelismを抑えて複数のRoute53に変更が走った際は並列でCIなどを走らせないを考えているのですが他にこれがいいよなどあれば:man-bowing:\n<https:\/\/docs.aws.amazon.com\/ja_jp\/Route53\/latest\/DeveloperGuide\/DNSLimitations.html#limits-api-requests>",
        "user": "U01E5H76RNX",
        "ts": "1604627822.035000",
        "team": "TFU0BKCQP",
        "user_team": "TFU0BKCQP",
        "source_team": "TFU0BKCQP",
        "user_profile": {
            "avatar_hash": "4a6b830a1348",
            "image_72": "https:\/\/avatars.slack-edge.com\/2020-11-06\/1481604102307_4a6b830a1348cc202189_72.png",
            "first_name": "",
            "real_name": "joe",
            "display_name": "joe",
            "team": "TFU0BKCQP",
            "name": "yuzun225",
            "is_restricted": false,
            "is_ultra_restricted": false
        },
        "edited": {
            "user": "U01E5H76RNX",
            "ts": "1604627836.000000"
        },
        "attachments": [
            {
                "title": "Quotas - Amazon Route 53",
                "title_link": "https:\/\/docs.aws.amazon.com\/ja_jp\/Route53\/latest\/DeveloperGuide\/DNSLimitations.html#limits-api-requests",
                "text": "次のクォータを一覧表示します。 Route 53 APIリクエストとエンティティ数。",
                "fallback": "Quotas - Amazon Route 53",
                "from_url": "https:\/\/docs.aws.amazon.com\/ja_jp\/Route53\/latest\/DeveloperGuide\/DNSLimitations.html#limits-api-requests",
                "service_icon": "https:\/\/docs.aws.amazon.com\/assets\/images\/favicon.ico",
                "service_name": "docs.aws.amazon.com",
                "id": 1,
                "original_url": "https:\/\/docs.aws.amazon.com\/ja_jp\/Route53\/latest\/DeveloperGuide\/DNSLimitations.html#limits-api-requests"
            }
        ],
        "blocks": [
            {
                "type": "rich_text",
                "block_id": "onuQ7",
                "elements": [
                    {
                        "type": "rich_text_section",
                        "elements": [
                            {
                                "type": "text",
                                "text": "初めまして！\nTerraformでRoute53を管理されている方に質問なのですがRoute53をどのように管理されているかお伺いしたいです。\n一つのstateでRoute53全体を管理してしまうと複数の箇所で変更が走った際にAPIの制限に引っかかってしまうのと自分が働いている会社のシステム的にURLを発行してRoute53に登録するような処理があるのでTerraformの変更とユーザーのURL発行がかぶると不具合の原因になりかねるのでどのように管理をするかといった感じです。\n対応方法としてはroute53を複数のstateに分割してparallelismを抑えて複数のRoute53に変更が走った際は並列でCIなどを走らせないを考えているのですが他にこれがいいよなどあれば"
                            },
                            {
                                "type": "emoji",
                                "name": "man-bowing"
                            },
                            {
                                "type": "text",
                                "text": "\n"
                            },
                            {
                                "type": "link",
                                "url": "https:\/\/docs.aws.amazon.com\/ja_jp\/Route53\/latest\/DeveloperGuide\/DNSLimitations.html#limits-api-requests"
                            }
                        ]
                    }
                ]
            }
        ]
    },
    {
        "client_msg_id": "c3dddbc0-dc6e-4bfe-9670-b884709838e9",
        "type": "message",
        "text": "zone を作るのとレコードを作るのは別のステートにしてあればいいだけかなって気がします。\nzone はプロジェクトの早いうちに作りますけど、レコードは進行に伴って追加修正削除が発生するので、\nそれぞれ必要な位置で発火すれば。。。\n具体的には、プロジェクト共通用のディレクトリでzoneの作成、各サービスや環境毎のディレクトリでレコード作成、\nってするだけです。",
        "user": "UFU0BKD8F",
        "ts": "1604628115.037800",
        "team": "TFU0BKCQP",
        "user_team": "TFU0BKCQP",
        "source_team": "TFU0BKCQP",
        "user_profile": {
            "avatar_hash": "92c41c62c7b0",
            "image_72": "https:\/\/avatars.slack-edge.com\/2019-01-30\/537137791812_92c41c62c7b0f054d3dd_72.jpg",
            "first_name": "らき",
            "real_name": "らき",
            "display_name": "raki",
            "team": "TFU0BKCQP",
            "name": "nishimuray",
            "is_restricted": false,
            "is_ultra_restricted": false
        },
        "blocks": [
            {
                "type": "rich_text",
                "block_id": "csb1C",
                "elements": [
                    {
                        "type": "rich_text_section",
                        "elements": [
                            {
                                "type": "text",
                                "text": "zone を作るのとレコードを作るのは別のステートにしてあればいいだけかなって気がします。\nzone はプロジェクトの早いうちに作りますけど、レコードは進行に伴って追加修正削除が発生するので、\nそれぞれ必要な位置で発火すれば。。。\n具体的には、プロジェクト共通用のディレクトリでzoneの作成、各サービスや環境毎のディレクトリでレコード作成、\nってするだけです。"
                            }
                        ]
                    }
                ]
            }
        ]
    },
    {
        "client_msg_id": "77bb8c7d-b3f9-486f-b404-063f1117233b",
        "type": "message",
        "text": "&gt; 自分が働いている会社のシステム的にURLを発行してRoute53に登録するような処理があるのでTerraformの変更とユーザーのURL発行がかぶると不具合の原因になりかねる\nこのフローがイマイチ想像できませんでした。\nurl  を発行して terraform に変更すればいいのでかぶらないのでは？と思ったり。`url を発行` というのは何のことなんだろう。",
        "user": "UG46Z57TN",
        "ts": "1604628757.038600",
        "team": "TFU0BKCQP",
        "user_team": "TFU0BKCQP",
        "source_team": "TFU0BKCQP",
        "user_profile": {
            "avatar_hash": "c6bdd4cb17db",
            "image_72": "https:\/\/avatars.slack-edge.com\/2019-07-05\/685991185957_c6bdd4cb17db956661a1_72.jpg",
            "first_name": "Takeshi",
            "real_name": "Takeshi Kondo",
            "display_name": "chaspy",
            "team": "TFU0BKCQP",
            "name": "take.she12",
            "is_restricted": false,
            "is_ultra_restricted": false
        },
        "edited": {
            "user": "UG46Z57TN",
            "ts": "1604628788.000000"
        },
        "blocks": [
            {
                "type": "rich_text",
                "block_id": "f7u=",
                "elements": [
                    {
                        "type": "rich_text_quote",
                        "elements": [
                            {
                                "type": "text",
                                "text": "自分が働いている会社のシステム的にURLを発行してRoute53に登録するような処理があるのでTerraformの変更とユーザーのURL発行がかぶると不具合の原因になりかねる"
                            }
                        ]
                    },
                    {
                        "type": "rich_text_section",
                        "elements": [
                            {
                                "type": "text",
                                "text": "このフローがイマイチ想像できませんでした。\nurl  を発行して terraform に変更すればいいのでかぶらないのでは？と思ったり。"
                            },
                            {
                                "type": "text",
                                "text": "url を発行",
                                "style": {
                                    "code": true
                                }
                            },
                            {
                                "type": "text",
                                "text": " というのは何のことなんだろう。"
                            }
                        ]
                    }
                ]
            }
        ]
    },
    {
        "client_msg_id": "abc8ebb7-cc86-4087-9963-7c94d7d5dec5",
        "type": "message",
        "text": "まぁでももし同時に変更が走ると困るものがある場合はその単位で state を分割して、CI で複数 state の変更を禁止するのがいいんじゃないですかね。\nうちは禁止とまでは言わないですけど、能動的に PR に label をつけないとできないようにしています。\nstaging と production 同時に変更するヤンチャを防ぐため。",
        "user": "UG46Z57TN",
        "ts": "1604628872.040100",
        "team": "TFU0BKCQP",
        "user_team": "TFU0BKCQP",
        "source_team": "TFU0BKCQP",
        "user_profile": {
            "avatar_hash": "c6bdd4cb17db",
            "image_72": "https:\/\/avatars.slack-edge.com\/2019-07-05\/685991185957_c6bdd4cb17db956661a1_72.jpg",
            "first_name": "Takeshi",
            "real_name": "Takeshi Kondo",
            "display_name": "chaspy",
            "team": "TFU0BKCQP",
            "name": "take.she12",
            "is_restricted": false,
            "is_ultra_restricted": false
        },
        "blocks": [
            {
                "type": "rich_text",
                "block_id": "hgQ",
                "elements": [
                    {
                        "type": "rich_text_section",
                        "elements": [
                            {
                                "type": "text",
                                "text": "まぁでももし同時に変更が走ると困るものがある場合はその単位で state を分割して、CI で複数 state の変更を禁止するのがいいんじゃないですかね。\nうちは禁止とまでは言わないですけど、能動的に PR に label をつけないとできないようにしています。\nstaging と production 同時に変更するヤンチャを防ぐため。"
                            }
                        ]
                    }
                ]
            }
        ]
    },
    {
        "client_msg_id": "21e5c00b-2851-4540-ab08-0017acc2c448",
        "type": "message",
        "text": "お二人ともありがとうございます！\n確かにzoneとrecordを別にしてしまうのはありですね。",
        "user": "U01E5H76RNX",
        "ts": "1604631064.041700",
        "team": "TFU0BKCQP",
        "user_team": "TFU0BKCQP",
        "source_team": "TFU0BKCQP",
        "user_profile": {
            "avatar_hash": "4a6b830a1348",
            "image_72": "https:\/\/avatars.slack-edge.com\/2020-11-06\/1481604102307_4a6b830a1348cc202189_72.png",
            "first_name": "",
            "real_name": "joe",
            "display_name": "joe",
            "team": "TFU0BKCQP",
            "name": "yuzun225",
            "is_restricted": false,
            "is_ultra_restricted": false
        },
        "blocks": [
            {
                "type": "rich_text",
                "block_id": "o48",
                "elements": [
                    {
                        "type": "rich_text_section",
                        "elements": [
                            {
                                "type": "text",
                                "text": "お二人ともありがとうございます！\n確かにzoneとrecordを別にしてしまうのはありですね。"
                            }
                        ]
                    }
                ]
            }
        ]
    },
    {
        "client_msg_id": "26bda798-9efe-4ece-b18f-8d86e8816fd8",
        "type": "message",
        "text": "&gt; url  を発行して terraform に変更すればいいのでかぶらないのでは？と思ったり。`url を発行` というのは何のことなんだろう。\nzoomやmeetsのようにwebで通話する際のURLを追加する処理をアプリケーションでしています。\n通話が終了するとアプリ側からレコードを削除してくれるものなのでTerraformで操作するものではないです(説明が下手で申し訳ないです)",
        "user": "U01E5H76RNX",
        "ts": "1604631070.042100",
        "team": "TFU0BKCQP",
        "user_team": "TFU0BKCQP",
        "source_team": "TFU0BKCQP",
        "user_profile": {
            "avatar_hash": "4a6b830a1348",
            "image_72": "https:\/\/avatars.slack-edge.com\/2020-11-06\/1481604102307_4a6b830a1348cc202189_72.png",
            "first_name": "",
            "real_name": "joe",
            "display_name": "joe",
            "team": "TFU0BKCQP",
            "name": "yuzun225",
            "is_restricted": false,
            "is_ultra_restricted": false
        },
        "edited": {
            "user": "U01E5H76RNX",
            "ts": "1604631183.000000"
        },
        "blocks": [
            {
                "type": "rich_text",
                "block_id": "9pvZ",
                "elements": [
                    {
                        "type": "rich_text_quote",
                        "elements": [
                            {
                                "type": "text",
                                "text": "url  を発行して terraform に変更すればいいのでかぶらないのでは？と思ったり。"
                            },
                            {
                                "type": "text",
                                "text": "url を発行",
                                "style": {
                                    "code": true
                                }
                            },
                            {
                                "type": "text",
                                "text": " というのは何のことなんだろう。"
                            }
                        ]
                    },
                    {
                        "type": "rich_text_section",
                        "elements": [
                            {
                                "type": "text",
                                "text": "zoomやmeetsのようにwebで通話する際のURLを追加する処理をアプリケーションでしています。\n通話が終了するとアプリ側からレコードを削除してくれるものなのでTerraformで操作するものではないです(説明が下手で申し訳ないです)"
                            }
                        ]
                    }
                ]
            }
        ]
    },
    {
        "client_msg_id": "5f8b1179-308f-4264-8c66-31c6ee41ba11",
        "type": "message",
        "text": "ありってゆうか、モノリス形式以外ならそうならざるをえないってゆうか、\n分割しておくほうが便利でそもそもそうしない理由なんてないってゆうか。。。\n\nてゆうか、\n&gt;  通話が終了するとアプリ側からレコードを削除してくれるものなのでTerraformで操作するものではないです\nってことは、terraformを使おうが使うまいが、route53のリクエストリミットには引っかかる可能性を排除できない気がする。。。",
        "user": "UFU0BKD8F",
        "ts": "1604631388.045000",
        "team": "TFU0BKCQP",
        "user_team": "TFU0BKCQP",
        "source_team": "TFU0BKCQP",
        "user_profile": {
            "avatar_hash": "92c41c62c7b0",
            "image_72": "https:\/\/avatars.slack-edge.com\/2019-01-30\/537137791812_92c41c62c7b0f054d3dd_72.jpg",
            "first_name": "らき",
            "real_name": "らき",
            "display_name": "raki",
            "team": "TFU0BKCQP",
            "name": "nishimuray",
            "is_restricted": false,
            "is_ultra_restricted": false
        },
        "blocks": [
            {
                "type": "rich_text",
                "block_id": "Woc",
                "elements": [
                    {
                        "type": "rich_text_section",
                        "elements": [
                            {
                                "type": "text",
                                "text": "ありってゆうか、モノリス形式以外ならそうならざるをえないってゆうか、\n分割しておくほうが便利でそもそもそうしない理由なんてないってゆうか。。。\n\nてゆうか、\n"
                            }
                        ]
                    },
                    {
                        "type": "rich_text_quote",
                        "elements": [
                            {
                                "type": "text",
                                "text": " 通話が終了するとアプリ側からレコードを削除してくれるものなのでTerraformで操作するものではないです"
                            }
                        ]
                    },
                    {
                        "type": "rich_text_section",
                        "elements": [
                            {
                                "type": "text",
                                "text": "ってことは、terraformを使おうが使うまいが、route53のリクエストリミットには引っかかる可能性を排除できない気がする。。。"
                            }
                        ]
                    }
                ]
            }
        ]
    },
    {
        "client_msg_id": "7556167f-a841-4220-9ba4-07139094a60d",
        "type": "message",
        "text": "アプリで作ったり消したりしてるなら terraform で管理しないほうがいいのでは。",
        "user": "UG46Z57TN",
        "ts": "1604631531.047700",
        "team": "TFU0BKCQP",
        "user_team": "TFU0BKCQP",
        "source_team": "TFU0BKCQP",
        "user_profile": {
            "avatar_hash": "c6bdd4cb17db",
            "image_72": "https:\/\/avatars.slack-edge.com\/2019-07-05\/685991185957_c6bdd4cb17db956661a1_72.jpg",
            "first_name": "Takeshi",
            "real_name": "Takeshi Kondo",
            "display_name": "chaspy",
            "team": "TFU0BKCQP",
            "name": "take.she12",
            "is_restricted": false,
            "is_ultra_restricted": false
        },
        "blocks": [
            {
                "type": "rich_text",
                "block_id": "W5J",
                "elements": [
                    {
                        "type": "rich_text_section",
                        "elements": [
                            {
                                "type": "text",
                                "text": "アプリで作ったり消したりしてるなら terraform で管理しないほうがいいのでは。"
                            }
                        ]
                    }
                ]
            }
        ]
    },
    {
        "client_msg_id": "d573059e-c00e-417a-bf89-26703da3521c",
        "type": "message",
        "text": "どちらかというとzone毎にstateを分割してしまうかなと思っていたのでzoneとrecordで分割するという意味でアリかなという意味でした。\n\n&gt; アプリで作ったり消したりしてるなら terraform で管理しないほうがいいのでは。",
        "user": "U01E5H76RNX",
        "ts": "1604631604.048400",
        "team": "TFU0BKCQP",
        "user_team": "TFU0BKCQP",
        "source_team": "TFU0BKCQP",
        "user_profile": {
            "avatar_hash": "4a6b830a1348",
            "image_72": "https:\/\/avatars.slack-edge.com\/2020-11-06\/1481604102307_4a6b830a1348cc202189_72.png",
            "first_name": "",
            "real_name": "joe",
            "display_name": "joe",
            "team": "TFU0BKCQP",
            "name": "yuzun225",
            "is_restricted": false,
            "is_ultra_restricted": false
        },
        "edited": {
            "user": "U01E5H76RNX",
            "ts": "1604631658.000000"
        },
        "blocks": [
            {
                "type": "rich_text",
                "block_id": "vd\/W5",
                "elements": [
                    {
                        "type": "rich_text_section",
                        "elements": [
                            {
                                "type": "text",
                                "text": "どちらかというとzone毎にstateを分割してしまうかなと思っていたのでzoneとrecordで分割するという意味でアリかなという意味でした。\n\n"
                            }
                        ]
                    },
                    {
                        "type": "rich_text_quote",
                        "elements": [
                            {
                                "type": "text",
                                "text": "アプリで作ったり消したりしてるなら terraform で管理しないほうがいいのでは。"
                            }
                        ]
                    }
                ]
            }
        ]
    },
    {
        "client_msg_id": "cdb4ce51-fef1-4a03-a97a-f1c56334a416",
        "type": "message",
        "text": "これはアプリで作っているものは管理してなくて他で使っているものを管理している状態です:man-bowing:",
        "user": "U01E5H76RNX",
        "ts": "1604631646.049200",
        "team": "TFU0BKCQP",
        "user_team": "TFU0BKCQP",
        "source_team": "TFU0BKCQP",
        "user_profile": {
            "avatar_hash": "4a6b830a1348",
            "image_72": "https:\/\/avatars.slack-edge.com\/2020-11-06\/1481604102307_4a6b830a1348cc202189_72.png",
            "first_name": "",
            "real_name": "joe",
            "display_name": "joe",
            "team": "TFU0BKCQP",
            "name": "yuzun225",
            "is_restricted": false,
            "is_ultra_restricted": false
        },
        "edited": {
            "user": "U01E5H76RNX",
            "ts": "1604631762.000000"
        },
        "blocks": [
            {
                "type": "rich_text",
                "block_id": "rHl6e",
                "elements": [
                    {
                        "type": "rich_text_section",
                        "elements": [
                            {
                                "type": "text",
                                "text": "これはアプリで作っているものは管理してなくて他で使っているものを管理している状態です"
                            },
                            {
                                "type": "emoji",
                                "name": "man-bowing"
                            }
                        ]
                    }
                ]
            }
        ]
    },
    {
        "client_msg_id": "62ccc14d-21d3-49d6-983f-1d62b1c19148",
        "type": "message",
        "text": "rakiさんがおっしゃったようなstateの分割が今は最善だと思うのでそれでやっていこうと思いますありがとうございます:man-bowing:",
        "user": "U01E5H76RNX",
        "ts": "1604631811.050300",
        "team": "TFU0BKCQP",
        "user_team": "TFU0BKCQP",
        "source_team": "TFU0BKCQP",
        "user_profile": {
            "avatar_hash": "4a6b830a1348",
            "image_72": "https:\/\/avatars.slack-edge.com\/2020-11-06\/1481604102307_4a6b830a1348cc202189_72.png",
            "first_name": "",
            "real_name": "joe",
            "display_name": "joe",
            "team": "TFU0BKCQP",
            "name": "yuzun225",
            "is_restricted": false,
            "is_ultra_restricted": false
        },
        "blocks": [
            {
                "type": "rich_text",
                "block_id": "IEF",
                "elements": [
                    {
                        "type": "rich_text_section",
                        "elements": [
                            {
                                "type": "text",
                                "text": "rakiさんがおっしゃったようなstateの分割が今は最善だと思うのでそれでやっていこうと思いますありがとうございます"
                            },
                            {
                                "type": "emoji",
                                "name": "man-bowing"
                            }
                        ]
                    }
                ]
            }
        ]
    },
    {
        "client_msg_id": "4e90a7be-539a-4df2-beac-0769f3cd70f0",
        "type": "message",
        "text": "terraform関係ない話ですが・・・\n一時的発行のサブドメインを route53 に登録・削除してるのがすごいなとは思います。\n自分なら、ワイルドカードにして、プログラム側で処理する方法を考えるので・・・",
        "user": "UR5BX70JC",
        "ts": "1604632627.051800",
        "team": "TFU0BKCQP",
        "user_team": "TFU0BKCQP",
        "source_team": "TFU0BKCQP",
        "user_profile": {
            "avatar_hash": "g6af599f32fa",
            "image_72": "https:\/\/secure.gravatar.com\/avatar\/6af599f32faee79feb4d9c6073db1c3b.jpg?s=72&d=https%3A%2F%2Fa.slack-edge.com%2Fdf10d%2Fimg%2Favatars%2Fava_0025-72.png",
            "first_name": "",
            "real_name": "Kaoru",
            "display_name": "Kaoru",
            "team": "TFU0BKCQP",
            "name": "oda",
            "is_restricted": false,
            "is_ultra_restricted": false
        },
        "blocks": [
            {
                "type": "rich_text",
                "block_id": "o3T",
                "elements": [
                    {
                        "type": "rich_text_section",
                        "elements": [
                            {
                                "type": "text",
                                "text": "terraform関係ない話ですが・・・\n一時的発行のサブドメインを route53 に登録・削除してるのがすごいなとは思います。\n自分なら、ワイルドカードにして、プログラム側で処理する方法を考えるので・・・"
                            }
                        ]
                    }
                ]
            }
        ],
        "thread_ts": "1604632627.051800",
        "reply_count": 2,
        "reply_users_count": 2,
        "latest_reply": "1604633366.052300",
        "reply_users": [
            "U01E5H76RNX",
            "UR5BX70JC"
        ],
        "replies": [
            {
                "user": "U01E5H76RNX",
                "ts": "1604633267.052100"
            },
            {
                "user": "UR5BX70JC",
                "ts": "1604633366.052300"
            }
        ],
        "is_locked": false,
        "subscribed": false,
        "reactions": [
            {
                "name": "+1",
                "users": [
                    "UG46Z57TN"
                ],
                "count": 1
            },
            {
                "name": "joy",
                "users": [
                    "U01E5H76RNX"
                ],
                "count": 1
            }
        ]
    },
    {
        "client_msg_id": "4f7a9cbb-5062-4dd8-b42e-ab2ff9aa59c4",
        "type": "message",
        "text": "おっしゃる通りでその辺は改善できないのか話あっているところです、、",
        "user": "U01E5H76RNX",
        "ts": "1604633267.052100",
        "team": "TFU0BKCQP",
        "user_team": "TFU0BKCQP",
        "source_team": "TFU0BKCQP",
        "user_profile": {
            "avatar_hash": "4a6b830a1348",
            "image_72": "https:\/\/avatars.slack-edge.com\/2020-11-06\/1481604102307_4a6b830a1348cc202189_72.png",
            "first_name": "",
            "real_name": "joe",
            "display_name": "joe",
            "team": "TFU0BKCQP",
            "name": "yuzun225",
            "is_restricted": false,
            "is_ultra_restricted": false
        },
        "blocks": [
            {
                "type": "rich_text",
                "block_id": "pB5On",
                "elements": [
                    {
                        "type": "rich_text_section",
                        "elements": [
                            {
                                "type": "text",
                                "text": "おっしゃる通りでその辺は改善できないのか話あっているところです、、"
                            }
                        ]
                    }
                ]
            }
        ],
        "thread_ts": "1604632627.051800",
        "parent_user_id": "UR5BX70JC",
        "reactions": [
            {
                "name": "+1",
                "users": [
                    "UR5BX70JC"
                ],
                "count": 1
            }
        ]
    },
    {
        "client_msg_id": "e63a1641-6aa5-44de-8b11-f27c3f2830d9",
        "type": "message",
        "text": "DNSの伝播という意味でも、DNS操作するより、アプリ側処理の方がいいんじゃないかと・・・早く改善できるとよいですね",
        "user": "UR5BX70JC",
        "ts": "1604633366.052300",
        "team": "TFU0BKCQP",
        "user_team": "TFU0BKCQP",
        "source_team": "TFU0BKCQP",
        "user_profile": {
            "avatar_hash": "g6af599f32fa",
            "image_72": "https:\/\/secure.gravatar.com\/avatar\/6af599f32faee79feb4d9c6073db1c3b.jpg?s=72&d=https%3A%2F%2Fa.slack-edge.com%2Fdf10d%2Fimg%2Favatars%2Fava_0025-72.png",
            "first_name": "",
            "real_name": "Kaoru",
            "display_name": "Kaoru",
            "team": "TFU0BKCQP",
            "name": "oda",
            "is_restricted": false,
            "is_ultra_restricted": false
        },
        "blocks": [
            {
                "type": "rich_text",
                "block_id": "Os2",
                "elements": [
                    {
                        "type": "rich_text_section",
                        "elements": [
                            {
                                "type": "text",
                                "text": "DNSの伝播という意味でも、DNS操作するより、アプリ側処理の方がいいんじゃないかと・・・早く改善できるとよいですね"
                            }
                        ]
                    }
                ]
            }
        ],
        "thread_ts": "1604632627.051800",
        "parent_user_id": "UR5BX70JC",
        "reactions": [
            {
                "name": "man-bowing",
                "users": [
                    "U01E5H76RNX"
                ],
                "count": 1
            }
        ]
    }
]