[
    {
        "client_msg_id": "2d00f10d-524b-4820-bf0f-0a3a5101680a",
        "type": "message",
        "text": "<https:\/\/twitter.com\/sogaoh\/status\/1302040044358656000?s=20>",
        "user": "UFT60TQCQ",
        "ts": "1599265526.011500",
        "team": "TFU0BKCQP",
        "user_team": "TFU0BKCQP",
        "source_team": "TFU0BKCQP",
        "user_profile": {
            "avatar_hash": "f10ceef4e6f6",
            "image_72": "https:\/\/avatars.slack-edge.com\/2019-01-31\/539093872183_f10ceef4e6f603f1f094_72.jpg",
            "first_name": "sogaoh",
            "real_name": "sogaoh",
            "display_name": "",
            "team": "TFU0BKCQP",
            "name": "sogaoh",
            "is_restricted": false,
            "is_ultra_restricted": false
        },
        "blocks": [
            {
                "type": "rich_text",
                "block_id": "igb",
                "elements": [
                    {
                        "type": "rich_text_section",
                        "elements": [
                            {
                                "type": "link",
                                "url": "https:\/\/twitter.com\/sogaoh\/status\/1302040044358656000?s=20"
                            }
                        ]
                    }
                ]
            }
        ]
    },
    {
        "client_msg_id": "639f9652-1cf8-4085-9b8a-d4278df1c4f8",
        "type": "message",
        "text": "<@UFU0BKD8F> TwitterアプリをインストールしてOKでしょうか？",
        "user": "UFT60TQCQ",
        "ts": "1599265556.012000",
        "team": "TFU0BKCQP",
        "user_team": "TFU0BKCQP",
        "source_team": "TFU0BKCQP",
        "user_profile": {
            "avatar_hash": "f10ceef4e6f6",
            "image_72": "https:\/\/avatars.slack-edge.com\/2019-01-31\/539093872183_f10ceef4e6f603f1f094_72.jpg",
            "first_name": "sogaoh",
            "real_name": "sogaoh",
            "display_name": "",
            "team": "TFU0BKCQP",
            "name": "sogaoh",
            "is_restricted": false,
            "is_ultra_restricted": false
        },
        "blocks": [
            {
                "type": "rich_text",
                "block_id": "699",
                "elements": [
                    {
                        "type": "rich_text_section",
                        "elements": [
                            {
                                "type": "user",
                                "user_id": "UFU0BKD8F"
                            },
                            {
                                "type": "text",
                                "text": " TwitterアプリをインストールしてOKでしょうか？"
                            }
                        ]
                    }
                ]
            }
        ]
    },
    {
        "client_msg_id": "8d120088-e51b-435b-b54a-c4b7efa82762",
        "type": "message",
        "text": "<@UFT60TQCQ> どうぞー",
        "user": "UFU0BKD8F",
        "ts": "1599277735.012200",
        "team": "TFU0BKCQP",
        "user_team": "TFU0BKCQP",
        "source_team": "TFU0BKCQP",
        "user_profile": {
            "avatar_hash": "92c41c62c7b0",
            "image_72": "https:\/\/avatars.slack-edge.com\/2019-01-30\/537137791812_92c41c62c7b0f054d3dd_72.jpg",
            "first_name": "らき",
            "real_name": "らき",
            "display_name": "raki",
            "team": "TFU0BKCQP",
            "name": "nishimuray",
            "is_restricted": false,
            "is_ultra_restricted": false
        },
        "blocks": [
            {
                "type": "rich_text",
                "block_id": "Sk9",
                "elements": [
                    {
                        "type": "rich_text_section",
                        "elements": [
                            {
                                "type": "user",
                                "user_id": "UFT60TQCQ"
                            },
                            {
                                "type": "text",
                                "text": " どうぞー"
                            }
                        ]
                    }
                ]
            }
        ],
        "reactions": [
            {
                "name": "man-bowing",
                "users": [
                    "UFT60TQCQ"
                ],
                "count": 1
            }
        ]
    },
    {
        "client_msg_id": "478637e6-53b7-4d67-a977-cdb5f49c021c",
        "type": "message",
        "text": "<https:\/\/twitter.com\/sogaoh\/status\/1302040044358656000?s=20>",
        "user": "UFT60TQCQ",
        "ts": "1599277867.012400",
        "team": "TFU0BKCQP",
        "user_team": "TFU0BKCQP",
        "source_team": "TFU0BKCQP",
        "user_profile": {
            "avatar_hash": "f10ceef4e6f6",
            "image_72": "https:\/\/avatars.slack-edge.com\/2019-01-31\/539093872183_f10ceef4e6f603f1f094_72.jpg",
            "first_name": "sogaoh",
            "real_name": "sogaoh",
            "display_name": "",
            "team": "TFU0BKCQP",
            "name": "sogaoh",
            "is_restricted": false,
            "is_ultra_restricted": false
        },
        "attachments": [
            {
                "fallback": "<https:\/\/twitter.com\/sogaoh|@sogaoh>: terraform-provider-github の次期バージョンリリースが来週予定らしい\n<https:\/\/github.com\/terraform-providers\/terraform-provider-github\/issues\/501#issuecomment-687434217>",
                "ts": 1599265511,
                "author_name": "央",
                "author_link": "https:\/\/twitter.com\/sogaoh\/status\/1302040044358656000",
                "author_icon": "https:\/\/pbs.twimg.com\/profile_images\/1245373008425828352\/pzwbnHdn_normal.jpg",
                "author_subname": "@sogaoh",
                "text": "terraform-provider-github の次期バージョンリリースが来週予定らしい\n<https:\/\/github.com\/terraform-providers\/terraform-provider-github\/issues\/501#issuecomment-687434217>",
                "service_name": "twitter",
                "service_url": "https:\/\/twitter.com\/",
                "from_url": "https:\/\/twitter.com\/sogaoh\/status\/1302040044358656000?s=20",
                "id": 1,
                "original_url": "https:\/\/twitter.com\/sogaoh\/status\/1302040044358656000?s=20",
                "footer": "Twitter",
                "footer_icon": "https:\/\/a.slack-edge.com\/80588\/img\/services\/twitter_pixel_snapped_32.png"
            }
        ],
        "blocks": [
            {
                "type": "rich_text",
                "block_id": "3mAQ",
                "elements": [
                    {
                        "type": "rich_text_section",
                        "elements": [
                            {
                                "type": "link",
                                "url": "https:\/\/twitter.com\/sogaoh\/status\/1302040044358656000?s=20"
                            }
                        ]
                    }
                ]
            }
        ]
    },
    {
        "client_msg_id": "736fb94c-e3e3-446e-b82d-4af9aadec99c",
        "type": "message",
        "text": "というわけでアプリ入れましたー",
        "user": "UFT60TQCQ",
        "ts": "1599277890.012900",
        "team": "TFU0BKCQP",
        "user_team": "TFU0BKCQP",
        "source_team": "TFU0BKCQP",
        "user_profile": {
            "avatar_hash": "f10ceef4e6f6",
            "image_72": "https:\/\/avatars.slack-edge.com\/2019-01-31\/539093872183_f10ceef4e6f603f1f094_72.jpg",
            "first_name": "sogaoh",
            "real_name": "sogaoh",
            "display_name": "",
            "team": "TFU0BKCQP",
            "name": "sogaoh",
            "is_restricted": false,
            "is_ultra_restricted": false
        },
        "blocks": [
            {
                "type": "rich_text",
                "block_id": "Ef3mN",
                "elements": [
                    {
                        "type": "rich_text_section",
                        "elements": [
                            {
                                "type": "text",
                                "text": "というわけでアプリ入れましたー"
                            }
                        ]
                    }
                ]
            }
        ]
    },
    {
        "client_msg_id": "4bd65c6c-a45d-45e2-bb95-25ea620775d7",
        "type": "message",
        "text": "twtterからの通知は <#CG1Q97RT7|tw-search-terraform> に流すようにしています",
        "user": "UFT60TQCQ",
        "ts": "1599277948.013400",
        "team": "TFU0BKCQP",
        "user_team": "TFU0BKCQP",
        "source_team": "TFU0BKCQP",
        "user_profile": {
            "avatar_hash": "f10ceef4e6f6",
            "image_72": "https:\/\/avatars.slack-edge.com\/2019-01-31\/539093872183_f10ceef4e6f603f1f094_72.jpg",
            "first_name": "sogaoh",
            "real_name": "sogaoh",
            "display_name": "",
            "team": "TFU0BKCQP",
            "name": "sogaoh",
            "is_restricted": false,
            "is_ultra_restricted": false
        },
        "blocks": [
            {
                "type": "rich_text",
                "block_id": "h1q",
                "elements": [
                    {
                        "type": "rich_text_section",
                        "elements": [
                            {
                                "type": "text",
                                "text": "twtterからの通知は "
                            },
                            {
                                "type": "channel",
                                "channel_id": "CG1Q97RT7"
                            },
                            {
                                "type": "text",
                                "text": " に流すようにしています"
                            }
                        ]
                    }
                ]
            }
        ]
    }
]