[
    {
        "type": "message",
        "subtype": "bot_message",
        "text": "",
        "ts": "1588881868.007400",
        "bot_id": "BG2UDF0NA",
        "attachments": [
            {
                "fallback": "hashicorp\/vagrant on GitHub\nv2.2.9",
                "text": "`v2.2.9`",
                "title": "hashicorp\/vagrant on GitHub",
                "id": 1,
                "title_link": "https:\/\/newreleases.io\/github\/hashicorp\/vagrant",
                "mrkdwn_in": [
                    "text"
                ]
            }
        ]
    },
    {
        "type": "message",
        "subtype": "bot_message",
        "text": "",
        "ts": "1588896890.007500",
        "bot_id": "BG2UDF0NA",
        "attachments": [
            {
                "fallback": "terraform-providers\/terraform-provider-azurerm on GitHub\nv2.9.0",
                "text": "`v2.9.0`",
                "title": "terraform-providers\/terraform-provider-azurerm on GitHub",
                "id": 1,
                "title_link": "https:\/\/newreleases.io\/github\/terraform-providers\/terraform-provider-azurerm",
                "mrkdwn_in": [
                    "text"
                ]
            }
        ]
    },
    {
        "type": "message",
        "subtype": "bot_message",
        "text": "",
        "ts": "1588899857.007600",
        "bot_id": "BG2UDF0NA",
        "attachments": [
            {
                "fallback": "terraform-providers\/terraform-provider-aws on GitHub\nv2.61.0",
                "text": "`v2.61.0`",
                "title": "terraform-providers\/terraform-provider-aws on GitHub",
                "id": 1,
                "title_link": "https:\/\/newreleases.io\/github\/terraform-providers\/terraform-provider-aws",
                "mrkdwn_in": [
                    "text"
                ]
            }
        ]
    },
    {
        "type": "message",
        "subtype": "bot_message",
        "text": "",
        "ts": "1588902000.007700",
        "bot_id": "BG2UDF0NA",
        "attachments": [
            {
                "fallback": "terraform-providers\/terraform-provider-azurerm on GitHub\nv2.9.0v2.9.0 updated\nrelease note: <https:\/\/newreleases.io\/github\/terraform-providers\/terraform-provider-azurerm?version=v2.9.0>",
                "text": "*v2.9.0* `v2.9.0` _updated_\n<https:\/\/newreleases.io\/github\/terraform-providers\/terraform-provider-azurerm?version=v2.9.0|release note...>",
                "title": "terraform-providers\/terraform-provider-azurerm on GitHub",
                "id": 1,
                "title_link": "https:\/\/newreleases.io\/github\/terraform-providers\/terraform-provider-azurerm",
                "mrkdwn_in": [
                    "text"
                ]
            }
        ]
    },
    {
        "type": "message",
        "subtype": "bot_message",
        "text": "",
        "ts": "1588902219.007800",
        "bot_id": "BG2UDF0NA",
        "attachments": [
            {
                "fallback": "terraform-providers\/terraform-provider-aws on GitHub\nv2.61.0v2.61.0 updated\nrelease note: <https:\/\/newreleases.io\/github\/terraform-providers\/terraform-provider-aws?version=v2.61.0>",
                "text": "*v2.61.0* `v2.61.0` _updated_\n```\nFEATURES:\n\n* *New Data Source:* aws_ec2_coip_pool ( #12852 ( <https:\/\/github.com\/terraform-providers\/terraform-provider-aws\/issues\/12852> ) )\n\n* *New Data Source:* aws_ec2_coip_pools ( #12852 ( <https:\/\/github.com\/terraform-providers\/terraform-provider-aws\/issues\/12852> ) )\n\n* *New Data Source:* aws_ec2_local_gateway ( #12764 ( <https:\/\/github.com\/terraform-providers\/terraform-provider-aws\/issues\/12764> ) )\n\n* *New Data Source:* aws_ec2_local_gateways ( #12764 ( <https:\/\/github.com\/terraform-providers\/terraform-provider-aws\/issues\/12764> ) )\n\n* *New Data Source:* aws_ec2_local_gateway_route_table ( #13002 ( <https:\/\/github.com\/terraform-providers\/terraform-provider-aws\/issues\/13002> ) )\n\n* *New Data Source:* aws_ec2_local_gateway_route_tables ( #13002 ( <https:\/\/github.com\/terraform-providers\/terraform-provider-aws\/issues\/13002> ) )\n\n* *New Resource:* aws_ec2_transit_gateway_peering_attachment_accepter ( #11185 ( <https:\/\/github.com\/terraform-providers\/terraform-provider-aws\/issues\/11185> ) )\n\nENHANCEMENTS:\n\n* data-source\/aws_ebs_volume: Add multi_attach_enabled attribute ( #13108 ( <https:\/\/github.com\/terraform-providers\/terraform-provider-aws\/issues\/13108> ) )\n\n* data-source\/aws_efs_file_system: Add size_in_bytes attribute ( #13125 ( <https:\/\/github.com\/terraform-providers\/terraform-provider-aws\/issues\/13125> ) )\n\n* data-source\/aws_eip: Add customer_owned_ip and customer_owned_ipv4_pool attributes ( #12862 ( <https:\/\/github.com\/terraform-providers\/terraform-provider-aws\/issues\/12862> ) )\n\n* data-source\/aws_launch_template: add partition_number attribute ( #11655 ( <https:\/\/github.com\/terraform-providers\/terraform-provider-aws\/issues\/11655> ) )\n\n* resource\/aws_api_gateway_deployment: Add triggers argument ( #13054 ( <https:\/\/github.com\/terraform-providers\/terraform-provider-aws\/issues\/13054> ) )\n\n* resource\/aws_apigatewayv2_deployment: Add triggers argument ( #13055 ( <https:\/\/github.com\/terraform-providers\/terraform-provider-aws\/issues\/13055> ) )\n\n* resource\/aws_ebs_volume: Add multi_attach_enabled attribute ( #13108 ( <https:\/\/github.com\/terraform-providers\/terraform-provider-aws\/issues\/13108> ) )\n\n* resource\/aws_eip: Add customer_owned_ip attribute and customer_owned_ipv4_pool argument ( #12862 ( <https:\/\/github.com\/terraform-providers\/terraform-provider-aws\/issues\/12862> ) )\n\n* resource\/aws_glue_connection: Support KAFKA for connection_type argument ( #13141 ( <https:\/\/github.com\/terraform-providers\/terraform-provider-aws\/issues\/13141> ) )\n\n* resource\/aws_launch_template: add partition_number attribute ( #11655 ( <https:\/\/github.com\/terraform-providers\/terraform-provider-aws\/issues\/11655> ) )\n\n* resource\/aws_launch_template: add plan time validation to volume_type , spot_instance_type , ipv6_addresses , ipv4_addresses , private_ip_address` ( #11655 ( <https:\/\/github.com\/terraform-providers\/terraform-provider-aws\/issues\/11655> ) )\n\n* resource\/aws_workspaces_directory: Add output attributes for workspace_security_group_id , iam_role_id , registration_code , directory_name , directory_type , customer_user_name , alias , ip_group_ids and dns_ip_addresses ( #13089 ( <https:\/\/github.com\/terraform-providers\/terraform-provider-aws\/issues\/13089> ) )\n\nBUG FIXES:\n\n* resource\/aws_workspaces_directory: Fixes error when removing tags ( #13089 ( <https:\/\/github.com\/terraform-providers\/terraform-provider-aws\/issues\/13089> ) )\n```\n<https:\/\/newreleases.io\/github\/terraform-providers\/terraform-provider-aws?version=v2.61.0|release note...>",
                "title": "terraform-providers\/terraform-provider-aws on GitHub",
                "id": 1,
                "title_link": "https:\/\/newreleases.io\/github\/terraform-providers\/terraform-provider-aws",
                "mrkdwn_in": [
                    "text"
                ]
            }
        ]
    }
]