[
    {
        "client_msg_id": "61fc163b-ca86-4669-948b-e6e9b14f68ba",
        "type": "message",
        "text": "TerraformのGoogle Providerのresourceを修正した話を書きました！\n<https:\/\/www.m3tech.blog\/entry\/fix-terraform-recreate>",
        "user": "U0152D76T41",
        "ts": "1611293759.001400",
        "team": "TFU0BKCQP",
        "user_team": "TFU0BKCQP",
        "source_team": "TFU0BKCQP",
        "user_profile": {
            "avatar_hash": "g841002bf24b",
            "image_72": "https:\/\/secure.gravatar.com\/avatar\/841002bf24bb562253de7eb3c17ceae6.jpg?s=72&d=https%3A%2F%2Fa.slack-edge.com%2Fdf10d%2Fimg%2Favatars%2Fava_0017-72.png",
            "first_name": "Kanji",
            "real_name": "Kanji Yomoda",
            "display_name": "k-yomo",
            "team": "TFU0BKCQP",
            "name": "kanji.yy",
            "is_restricted": false,
            "is_ultra_restricted": false
        },
        "edited": {
            "user": "U0152D76T41",
            "ts": "1611293879.000000"
        },
        "attachments": [
            {
                "service_name": "エムスリーテックブログ",
                "title": "Terraformの不要なreplaceを阻止する - エムスリーテックブログ",
                "title_link": "https:\/\/www.m3tech.blog\/entry\/fix-terraform-recreate",
                "text": "この記事はエムスリー SRE がお届けするブログリレーの5日目です。エムスリー エンジニアリンググループ新卒2年目の四方田です。今回はTerraform Google ProviderのCloud Schedulerが変更の度に毎回replaceされてしまう問題を解決した話をご紹介します。",
                "fallback": "エムスリーテックブログ: Terraformの不要なreplaceを阻止する - エムスリーテックブログ",
                "image_url": "https:\/\/cdn-ak.f.st-hatena.com\/images\/fotolife\/k\/k-yomo\/20210120\/20210120030130.png",
                "ts": 1611112500,
                "from_url": "https:\/\/www.m3tech.blog\/entry\/fix-terraform-recreate",
                "image_width": 250,
                "image_height": 250,
                "image_bytes": 6912,
                "service_icon": "https:\/\/www.m3tech.blog\/icon\/touch",
                "id": 1,
                "original_url": "https:\/\/www.m3tech.blog\/entry\/fix-terraform-recreate"
            }
        ],
        "blocks": [
            {
                "type": "rich_text",
                "block_id": "SNt1c",
                "elements": [
                    {
                        "type": "rich_text_section",
                        "elements": [
                            {
                                "type": "text",
                                "text": "TerraformのGoogle Providerのresourceを修正した話を書きました！\n"
                            },
                            {
                                "type": "link",
                                "url": "https:\/\/www.m3tech.blog\/entry\/fix-terraform-recreate"
                            }
                        ]
                    }
                ]
            }
        ],
        "reactions": [
            {
                "name": "tada",
                "users": [
                    "UFU0BKD8F",
                    "UHS4SFFA7",
                    "U01K2CMHZCY",
                    "U01GPFST4MQ",
                    "UKAKENQAF",
                    "U01EA3TC613",
                    "UR6TGPC0P",
                    "UQT52H29G",
                    "U01GW0D6MD2",
                    "UNZSA1277",
                    "UGV9YDCVD",
                    "U01GAQPRFQB",
                    "UGW0ABZLG"
                ],
                "count": 13
            }
        ]
    }
]