[
    {
        "type": "message",
        "subtype": "bot_message",
        "text": "",
        "ts": "1664789015.310359",
        "bot_id": "B01D39EAGTT",
        "attachments": [
            {
                "id": 1,
                "fallback": "hashicorp\/terraform-cdk on GitHub\nv0.13.0-pre.60",
                "text": "`v0.13.0-pre.60`",
                "title": "hashicorp\/terraform-cdk on GitHub",
                "title_link": "https:\/\/newreleases.io\/github\/hashicorp\/terraform-cdk",
                "mrkdwn_in": [
                    "text"
                ]
            }
        ]
    },
    {
        "type": "message",
        "subtype": "bot_message",
        "text": "",
        "ts": "1664800618.323869",
        "bot_id": "B01D39EAGTT",
        "attachments": [
            {
                "id": 1,
                "fallback": "hashicorp\/terraform-cdk on GitHub\nv0.13.0-pre.61",
                "text": "`v0.13.0-pre.61`",
                "title": "hashicorp\/terraform-cdk on GitHub",
                "title_link": "https:\/\/newreleases.io\/github\/hashicorp\/terraform-cdk",
                "mrkdwn_in": [
                    "text"
                ]
            }
        ]
    },
    {
        "type": "message",
        "subtype": "bot_message",
        "text": "",
        "ts": "1664810670.620829",
        "bot_id": "B01D39EAGTT",
        "attachments": [
            {
                "id": 1,
                "fallback": "hashicorp\/terraform-cdk on GitHub\nv0.13.0-pre.62",
                "text": "`v0.13.0-pre.62`",
                "title": "hashicorp\/terraform-cdk on GitHub",
                "title_link": "https:\/\/newreleases.io\/github\/hashicorp\/terraform-cdk",
                "mrkdwn_in": [
                    "text"
                ]
            }
        ]
    },
    {
        "type": "message",
        "subtype": "bot_message",
        "text": "",
        "ts": "1664814269.465869",
        "bot_id": "B01D39EAGTT",
        "attachments": [
            {
                "id": 1,
                "fallback": "hashicorp\/terraform-cdk on GitHub\nv0.13.0 \nrelease note: <https:\/\/newreleases.io\/github\/hashicorp\/terraform-cdk?version=v0.13.0>",
                "text": "`v0.13.0` \n```\n*Breaking Changes*\nAbbreviated version below, for a guide see Upgrade Guide for 0.13 ( <https:\/\/www.terraform.io\/cdktf\/release\/upgrade-guide-v0-13> ).\n\n0.13 includes performance improvements to generated providers. Instead of exporting a flat list of exports including all supported resources and data sources, we now export each construct and it's associated structures in their own namespace. Due to this, the way you import constructs from your CDKTF application will change. For more information regarding this release, and some of the reasonings behind the changes, please check out the version 0.13 release post ( <https:\/\/cdk.tf\/0.13> ).\n\nTypescript\n\/\/ Before version 0.13\nimport { Container , Image , DockerProvider } from \"@ckdtf\/provider-docker\" ;\n\n\/\/ Version 0.13\nimport { Image } from \"@cdktf\/provider-docker\/lib\/image\" ;\nimport { DockerProvider } from \"@cdktf\/provider-docker\/lib\/provider\" ;\nimport { Container } from \"@cdktf\/provider-docker\/lib\/container\" ;\nPython\nfrom cdktf_cdktf_provider_kubernetes. kubernetes import Namespace , Service , Deployment , KubernetesProvider\n```\n<https:\/\/newreleases.io\/github\/hashicorp\/terraform-cdk?version=v0.13.0|release note...>",
                "title": "hashicorp\/terraform-cdk on GitHub",
                "title_link": "https:\/\/newreleases.io\/github\/hashicorp\/terraform-cdk",
                "mrkdwn_in": [
                    "text"
                ]
            }
        ]
    },
    {
        "type": "message",
        "subtype": "bot_message",
        "text": "",
        "ts": "1664822487.859639",
        "bot_id": "B01D39EAGTT",
        "attachments": [
            {
                "id": 1,
                "fallback": "hashicorp\/waypoint on GitHub\nv0.10.2 \nrelease note: <https:\/\/newreleases.io\/github\/hashicorp\/waypoint?version=v0.10.2>",
                "text": "`v0.10.2` \n```\n-------------------------\n0.10.2 (October 03, 2022)\n-------------------------\n\nBREAKING CHANGES:\n\n* plugin\/helm: Add support for create_namespace and skip_crds (default is now false) [ GH-3950 ( <https:\/\/github.com\/hashicorp\/waypoint\/issues\/3950> ) ]\n\nIMPROVEMENTS:\n\n* cli\/runnerinstall: Update runner install to set the new profile as the default\nif none exists [ GH-3922 ( <https:\/\/github.com\/hashicorp\/waypoint\/issues\/3922> ) ]\n* cli: A new -runner-target-any flag has been added to runner profile set to allow users to specify targeting any runner. [ GH-3854 ( <https:\/\/github.com\/hashicorp\/waypoint\/issues\/3854> ) ]\n* cli: Setting configurations in a runner profile no longer resets unspecified configuration [ GH-3854 ( <https:\/\/github.com\/hashicorp\/waypoint\/issues\/3854> ) ]\n* plugin\/ecs: Implement WatchTask plugin for AWS ECS task launcher. Store ECS on-demand runner logs in the job system. [ GH-3918 ( <https:\/\/github.com\/hashicorp\/waypoint\/issues\/3918> ) ]\n* plugin\/docker: Add new docker-ref plugin for a build noop for referencing a Docker Image [ GH-3912 ( <https:\/\/github.com\/hashicorp\/waypoint\/issues\/3912> ) ]\n\nBUG FIXES:\n\n* cli\/install: Set image pull policy configuration on Helm installation of Waypoint server and runner [ GH-3948 ( <https:\/\/github.com\/hashicorp\/waypoint\/issues\/3948> ) ]\n* cli: Fix panic when setting project datasource to local [ GH-3972 ( <https:\/\/github.com\/hashicorp\/waypoint\/issues\/3972> ) ]\n* core: Connected entrypoints for deleted projects now error out properly. [ GH-3949 ( <https:\/\/github.com\/hashicorp\/waypoint\/issues\/3949> ) ]\n* core: Fix out of order job ids for waypoint pipeline run job stream CLI. [ GH-3946 ( <https:\/\/github.com\/hashicorp\/waypoint\/issues\/3946> ) ]\n* plugin\/nomad-jobspec: Fix deployment of periodic and system Nomad jobs. [ GH-3963 ( <https:\/\/github.com\/hashicorp\/waypoint\/issues\/3963> ) ]\n* ui: Fix crash when encountering resources without IDs [ GH-3929 ( <https:\/\/github.com\/hashicorp\/waypoint\/issues\/3929> ) ]\n```\n<https:\/\/newreleases.io\/github\/hashicorp\/waypoint?version=v0.10.2|release note...>",
                "title": "hashicorp\/waypoint on GitHub",
                "title_link": "https:\/\/newreleases.io\/github\/hashicorp\/waypoint",
                "mrkdwn_in": [
                    "text"
                ]
            }
        ]
    },
    {
        "type": "message",
        "subtype": "bot_message",
        "text": "",
        "ts": "1664853178.266109",
        "bot_id": "B01D39EAGTT",
        "attachments": [
            {
                "id": 1,
                "fallback": "hashicorp\/terraform-provider-google on GitHub\nv4.39.0",
                "text": "`v4.39.0`",
                "title": "hashicorp\/terraform-provider-google on GitHub",
                "title_link": "https:\/\/newreleases.io\/github\/hashicorp\/terraform-provider-google",
                "mrkdwn_in": [
                    "text"
                ]
            }
        ]
    },
    {
        "type": "message",
        "subtype": "bot_message",
        "text": "",
        "ts": "1664853797.388839",
        "bot_id": "B01D39EAGTT",
        "attachments": [
            {
                "id": 1,
                "fallback": "hashicorp\/terraform-provider-google on GitHub\nv4.39.0 updated\nrelease note: <https:\/\/newreleases.io\/github\/hashicorp\/terraform-provider-google?version=v4.39.0>",
                "text": "`v4.39.0` _updated_\n```\nFEATURES:\n\n* *New Data Source:* google_artifact_registry_repository ( #12637 ( <https:\/\/github.com\/hashicorp\/terraform-provider-google\/pull\/12637> ) )\n* *New Resource:* google_identity_platform_config ( #12665 ( <https:\/\/github.com\/hashicorp\/terraform-provider-google\/pull\/12665> ) )\n\nIMPROVEMENTS:\n\n* certificatemanager: added public\/private PEM fields pem_certificate \/ pem_private_key and deprecated certificate_pem \/ private_key_pem ( #12664 ( <https:\/\/github.com\/hashicorp\/terraform-provider-google\/pull\/12664> ) )\n* clouddeploy: added serial_pipeline.stages.strategy field to google_clouddeploy_delivery_pipeline ( #12619 ( <https:\/\/github.com\/hashicorp\/terraform-provider-google\/pull\/12619> ) )\n* container: added notification_config.pubsub.filter field to google_container_cluster ( #12643 ( <https:\/\/github.com\/hashicorp\/terraform-provider-google\/pull\/12643> ) )\n* eventarc: added channels and conditions fields to google_eventarc_trigger ( #12619 ( <https:\/\/github.com\/hashicorp\/terraform-provider-google\/pull\/12619> ) )\n* healthcare: added notification_configs field to google_healthcare_fhir_store resource ( #12646 ( <https:\/\/github.com\/hashicorp\/terraform-provider-google\/pull\/12646> ) )\n* iap: added ability to import google_iap_brand using ID using {{project}}\/{{brand_id}} format ( #12633 ( <https:\/\/github.com\/hashicorp\/terraform-provider-google\/pull\/12633> ) )\n* secretmanager: added output field 'version' to resource 'secret_manager_secret_version' ( #12658 ( <https:\/\/github.com\/hashicorp\/terraform-provider-google\/pull\/12658> ) )\n* sql: added maintenance_version and available_maintenance_versions fields to google_sql_database_instance resource ( #12659 ( <https:\/\/github.com\/hashicorp\/terraform-provider-google\/pull\/12659> ) )\n* storagetransfer: added notification_config field to google_storage_transfer_job resource ( #12625 ( <https:\/\/github.com\/hashicorp\/terraform-provider-google\/pull\/12625> ) )\n* tags: added purpose and purpose_data properties to google_tags_tag_key ( #12649 ( <https:\/\/github.com\/hashicorp\/terraform-provider-google\/pull\/12649> ) )\n\nBUG FIXES:\n\n* bigquery: fixed a bug where allow_quoted_newlines and allow_jagged_rows could not be set to false on google_bigquery_table ( #12627 ( <https:\/\/github.com\/hashicorp\/terraform-provider-google\/pull\/12627> ) )\n* cloudfunction: fixed inability to update docker_repository and kms_key_name on google_cloudfunctions_function ( #12662 ( <https:\/\/github.com\/hashicorp\/terraform-provider-google\/pull\/12662> ) )\n* compute: fixed inability to manage Cloud Armor adaptive_protection_config on google_compute_security_policy ( #12661 ( <https:\/\/github.com\/hashicorp\/terraform-provider-google\/pull\/12661> ) )\n* iam: fixed diffs between policy_data from google_iam_policy data source and policy data in API responses ( #12652 ( <https:\/\/github.com\/hashicorp\/terraform-provider-google\/pull\/12652> ) )\n* iam: fixed permadiff resulting from empty fields being sent in requests to set conditional IAM policies ( #12653 ( <https:\/\/github.com\/hashicorp\/terraform-provider-google\/pull\/12653> ) )\n* secretmanager: fixed a bug where google_secret_manager_secret_version that was destroyed outside of Terraform would not be recreated on apply ( #12644 ( <https:\/\/github.com\/hashicorp\/terraform-provider-google\/pull\/12644> ) )\n* storagetransfer: fixed a crash in google_storagetransfer_job when transfer_schedule is empty ( #12704 ( <https:\/\/github.com\/hashicorp\/terraform-provider-google\/pull\/12704> ) )\n```\n<https:\/\/newreleases.io\/github\/hashicorp\/terraform-provider-google?version=v4.39.0|release note...>",
                "title": "hashicorp\/terraform-provider-google on GitHub",
                "title_link": "https:\/\/newreleases.io\/github\/hashicorp\/terraform-provider-google",
                "mrkdwn_in": [
                    "text"
                ]
            }
        ]
    }
]