[
    {
        "type": "message",
        "subtype": "bot_message",
        "text": "",
        "ts": "1664564317.913289",
        "bot_id": "B01D39EAGTT",
        "attachments": [
            {
                "id": 1,
                "fallback": "hashicorp\/vault on GitHub\nv1.12.0-rc1v1.12.0-rc1 pre-release",
                "text": "*v1.12.0-rc1* `v1.12.0-rc1` _pre-release_",
                "title": "hashicorp\/vault on GitHub",
                "title_link": "https:\/\/newreleases.io\/github\/hashicorp\/vault",
                "mrkdwn_in": [
                    "text"
                ]
            }
        ]
    },
    {
        "type": "message",
        "subtype": "bot_message",
        "text": "",
        "ts": "1664570959.416799",
        "bot_id": "B01D39EAGTT",
        "attachments": [
            {
                "id": 1,
                "fallback": "hashicorp\/consul-template on GitHub\nv0.29.3v0.29.3",
                "text": "*v0.29.3* `v0.29.3`",
                "title": "hashicorp\/consul-template on GitHub",
                "title_link": "https:\/\/newreleases.io\/github\/hashicorp\/consul-template",
                "mrkdwn_in": [
                    "text"
                ]
            }
        ]
    },
    {
        "type": "message",
        "subtype": "bot_message",
        "text": "",
        "ts": "1664579998.220389",
        "bot_id": "B01D39EAGTT",
        "attachments": [
            {
                "id": 1,
                "fallback": "hashicorp\/consul-template on GitHub\nv0.29.4v0.29.4",
                "text": "*v0.29.4* `v0.29.4`",
                "title": "hashicorp\/consul-template on GitHub",
                "title_link": "https:\/\/newreleases.io\/github\/hashicorp\/consul-template",
                "mrkdwn_in": [
                    "text"
                ]
            }
        ]
    },
    {
        "type": "message",
        "subtype": "bot_message",
        "text": "",
        "ts": "1664585355.717709",
        "bot_id": "B01D39EAGTT",
        "attachments": [
            {
                "id": 1,
                "fallback": "hashicorp\/packer on GitHub\nnightly updated",
                "text": "`nightly` _updated_",
                "title": "hashicorp\/packer on GitHub",
                "title_link": "https:\/\/newreleases.io\/github\/hashicorp\/packer",
                "mrkdwn_in": [
                    "text"
                ]
            }
        ]
    }
]