[
    {
        "type": "message",
        "subtype": "bot_message",
        "text": "",
        "ts": "1666972067.614089",
        "bot_id": "B01D39EAGTT",
        "attachments": [
            {
                "id": 1,
                "fallback": "hashicorp\/packer on GitHub\nv1.8.4 CVE\nrelease note: <https:\/\/newreleases.io\/github\/hashicorp\/packer?version=v1.8.4>",
                "text": "`v1.8.4` _CVE_\n<https:\/\/newreleases.io\/github\/hashicorp\/packer?version=v1.8.4|release note...>",
                "title": "hashicorp\/packer on GitHub",
                "title_link": "https:\/\/newreleases.io\/github\/hashicorp\/packer",
                "mrkdwn_in": [
                    "text"
                ]
            }
        ]
    },
    {
        "type": "message",
        "subtype": "bot_message",
        "text": "",
        "ts": "1667003554.045569",
        "bot_id": "B01D39EAGTT",
        "attachments": [
            {
                "id": 1,
                "fallback": "hashicorp\/packer on GitHub\nnightly updated",
                "text": "`nightly` _updated_",
                "title": "hashicorp\/packer on GitHub",
                "title_link": "https:\/\/newreleases.io\/github\/hashicorp\/packer",
                "mrkdwn_in": [
                    "text"
                ]
            }
        ]
    }
]