[
    {
        "type": "message",
        "subtype": "bot_message",
        "text": "",
        "ts": "1666351373.482949",
        "bot_id": "B01D39EAGTT",
        "attachments": [
            {
                "id": 1,
                "fallback": "hashicorp\/terraform-cdk on GitHub\nv0.14.0-pre.7",
                "text": "`v0.14.0-pre.7`",
                "title": "hashicorp\/terraform-cdk on GitHub",
                "title_link": "https:\/\/newreleases.io\/github\/hashicorp\/terraform-cdk",
                "mrkdwn_in": [
                    "text"
                ]
            }
        ]
    },
    {
        "type": "message",
        "subtype": "bot_message",
        "text": "",
        "ts": "1666360294.752669",
        "bot_id": "B01D39EAGTT",
        "attachments": [
            {
                "id": 1,
                "fallback": "hashicorp\/terraform-cdk on GitHub\nv0.14.0-pre.8",
                "text": "`v0.14.0-pre.8`",
                "title": "hashicorp\/terraform-cdk on GitHub",
                "title_link": "https:\/\/newreleases.io\/github\/hashicorp\/terraform-cdk",
                "mrkdwn_in": [
                    "text"
                ]
            }
        ]
    },
    {
        "type": "message",
        "subtype": "bot_message",
        "text": "",
        "ts": "1666369532.856089",
        "bot_id": "B01D39EAGTT",
        "attachments": [
            {
                "id": 1,
                "fallback": "hashicorp\/terraform-provider-aws on GitHub\nv4.36.1",
                "text": "`v4.36.1`",
                "title": "hashicorp\/terraform-provider-aws on GitHub",
                "title_link": "https:\/\/newreleases.io\/github\/hashicorp\/terraform-provider-aws",
                "mrkdwn_in": [
                    "text"
                ]
            }
        ]
    },
    {
        "type": "message",
        "subtype": "bot_message",
        "text": "",
        "ts": "1666370976.915969",
        "bot_id": "B01D39EAGTT",
        "attachments": [
            {
                "id": 1,
                "fallback": "hashicorp\/terraform-provider-aws on GitHub\nv4.36.1 updated\nrelease note: <https:\/\/newreleases.io\/github\/hashicorp\/terraform-provider-aws?version=v4.36.1>",
                "text": "`v4.36.1` _updated_\n```\nBUG FIXES:\n\n* data-source\/aws_default_tags: Fix regression setting tags to null instead of an empty map ( {} ) when no default_tags are defined ( #27377 ( <https:\/\/github.com\/hashicorp\/terraform-provider-aws\/issues\/27377> ) )\n```\n<https:\/\/newreleases.io\/github\/hashicorp\/terraform-provider-aws?version=v4.36.1|release note...>",
                "title": "hashicorp\/terraform-provider-aws on GitHub",
                "title_link": "https:\/\/newreleases.io\/github\/hashicorp\/terraform-provider-aws",
                "mrkdwn_in": [
                    "text"
                ]
            }
        ]
    },
    {
        "type": "message",
        "subtype": "bot_message",
        "text": "",
        "ts": "1666399827.446499",
        "bot_id": "B01D39EAGTT",
        "attachments": [
            {
                "id": 1,
                "fallback": "hashicorp\/packer on GitHub\nnightly updated",
                "text": "`nightly` _updated_",
                "title": "hashicorp\/packer on GitHub",
                "title_link": "https:\/\/newreleases.io\/github\/hashicorp\/packer",
                "mrkdwn_in": [
                    "text"
                ]
            }
        ]
    }
]