[
    {
        "type": "message",
        "subtype": "bot_message",
        "text": "",
        "ts": "1666175411.224739",
        "bot_id": "B01D39EAGTT",
        "attachments": [
            {
                "id": 1,
                "fallback": "hashicorp\/terraform-cdk on GitHub\nv0.14.0-pre.6",
                "text": "`v0.14.0-pre.6`",
                "title": "hashicorp\/terraform-cdk on GitHub",
                "title_link": "https:\/\/newreleases.io\/github\/hashicorp\/terraform-cdk",
                "mrkdwn_in": [
                    "text"
                ]
            }
        ]
    },
    {
        "type": "message",
        "subtype": "bot_message",
        "text": "",
        "ts": "1666202081.794909",
        "bot_id": "B01D39EAGTT",
        "attachments": [
            {
                "id": 1,
                "fallback": "hashicorp\/terraform on GitHub\nv1.3.3 \nrelease note: <https:\/\/newreleases.io\/github\/hashicorp\/terraform?version=v1.3.3>",
                "text": "`v1.3.3` \n```\n------------------------\n1.3.3 (October 19, 2022)\n------------------------\n\nBUG FIXES:\n\n* Fix error when removing a resource from configuration which has according to the provider has already been deleted. ( #31850 ( <https:\/\/github.com\/hashicorp\/terraform\/issues\/31850> ) )\n* Fix error when setting empty collections into variables with collections of nested objects with default values. ( #32033 ( <https:\/\/github.com\/hashicorp\/terraform\/issues\/32033> ) )\n```\n<https:\/\/newreleases.io\/github\/hashicorp\/terraform?version=v1.3.3|release note...>",
                "title": "hashicorp\/terraform on GitHub",
                "title_link": "https:\/\/newreleases.io\/github\/hashicorp\/terraform",
                "mrkdwn_in": [
                    "text"
                ]
            }
        ]
    },
    {
        "type": "message",
        "subtype": "bot_message",
        "text": "",
        "ts": "1666215609.580679",
        "bot_id": "B01D39EAGTT",
        "attachments": [
            {
                "id": 1,
                "fallback": "hashicorp\/consul on GitHub\napi\/v1.15.3",
                "text": "`api\/v1.15.3`",
                "title": "hashicorp\/consul on GitHub",
                "title_link": "https:\/\/newreleases.io\/github\/hashicorp\/consul",
                "mrkdwn_in": [
                    "text"
                ]
            }
        ]
    }
]