[
    {
        "type": "message",
        "subtype": "bot_message",
        "text": "",
        "ts": "1666095634.413039",
        "bot_id": "B01D39EAGTT",
        "attachments": [
            {
                "id": 1,
                "fallback": "hashicorp\/terraform-cdk on GitHub\nv0.14.0-pre.5",
                "text": "`v0.14.0-pre.5`",
                "title": "hashicorp\/terraform-cdk on GitHub",
                "title_link": "https:\/\/newreleases.io\/github\/hashicorp\/terraform-cdk",
                "mrkdwn_in": [
                    "text"
                ]
            }
        ]
    },
    {
        "type": "message",
        "subtype": "bot_message",
        "text": "",
        "ts": "1666103686.259309",
        "bot_id": "B01D39EAGTT",
        "attachments": [
            {
                "id": 1,
                "fallback": "hashicorp\/terraform-cdk on GitHub\nv0.13.1 \nrelease note: <https:\/\/newreleases.io\/github\/hashicorp\/terraform-cdk?version=v0.13.1>",
                "text": "`v0.13.1` \n```\nfeat\n----\n\n* feat(cli): Add support for terraform's parallelism flag #2107 ( <https:\/\/github.com\/hashicorp\/terraform-cdk\/pull\/2107> )\n* feat: add redirect link to pre-built providers json file #2180 ( <https:\/\/github.com\/hashicorp\/terraform-cdk\/pull\/2180> )\n* feat(cli): link to troubleshooting page for error #2192 ( <https:\/\/github.com\/hashicorp\/terraform-cdk\/pull\/2192> )\n\nfix\n---\n\n* fix(provider-generator): change Static resource class to StaticResource as their namespace 'static' is not valid in TypeScript re-exports #2168 ( <https:\/\/github.com\/hashicorp\/terraform-cdk\/pull\/2168> )\n* fix(cli): dont wrap list terminal output #2188 ( <https:\/\/github.com\/hashicorp\/terraform-cdk\/pull\/2188> )\n* fix(cli): handle missing package versions for non-npm packages #2177 ( <https:\/\/github.com\/hashicorp\/terraform-cdk\/pull\/2177> )\n* fix(docs): Fix upgrade guide imports for Python #2171 ( <https:\/\/github.com\/hashicorp\/terraform-cdk\/pull\/2171> )\n* fix(docs): update old config key #2195 ( <https:\/\/github.com\/hashicorp\/terraform-cdk\/pull\/2195> )\n\nchore\n-----\n\n* chore: Update link to blogpost #2176 ( <https:\/\/github.com\/hashicorp\/terraform-cdk\/pull\/2176> )\n```\n<https:\/\/newreleases.io\/github\/hashicorp\/terraform-cdk?version=v0.13.1|release note...>",
                "title": "hashicorp\/terraform-cdk on GitHub",
                "title_link": "https:\/\/newreleases.io\/github\/hashicorp\/terraform-cdk",
                "mrkdwn_in": [
                    "text"
                ]
            }
        ]
    },
    {
        "type": "message",
        "subtype": "bot_message",
        "text": "",
        "ts": "1666127769.713809",
        "bot_id": "B01D39EAGTT",
        "attachments": [
            {
                "id": 1,
                "fallback": "hashicorp\/vagrant on GitHub\nv2.3.2",
                "text": "`v2.3.2`",
                "title": "hashicorp\/vagrant on GitHub",
                "title_link": "https:\/\/newreleases.io\/github\/hashicorp\/vagrant",
                "mrkdwn_in": [
                    "text"
                ]
            }
        ]
    },
    {
        "type": "message",
        "subtype": "bot_message",
        "text": "",
        "ts": "1666127918.730339",
        "bot_id": "B01D39EAGTT",
        "attachments": [
            {
                "id": 1,
                "fallback": "hashicorp\/terraform-provider-boundary on GitHub\nv1.1.2",
                "text": "`v1.1.2`",
                "title": "hashicorp\/terraform-provider-boundary on GitHub",
                "title_link": "https:\/\/newreleases.io\/github\/hashicorp\/terraform-provider-boundary",
                "mrkdwn_in": [
                    "text"
                ]
            }
        ]
    },
    {
        "type": "message",
        "subtype": "bot_message",
        "text": "",
        "ts": "1666128499.890709",
        "bot_id": "B01D39EAGTT",
        "attachments": [
            {
                "id": 1,
                "fallback": "hashicorp\/terraform-provider-boundary on GitHub\nv1.1.2 updated\nrelease note: <https:\/\/newreleases.io\/github\/hashicorp\/terraform-provider-boundary?version=v1.1.2>",
                "text": "`v1.1.2` _updated_\n```\nCanonical reference for changes, improvements, and bugfixes for the Boundary Terraform provider.\n\n----\nNext\n----\n\nNew and Improved\n----------------\n\n* Add support for setting mapping overrides for vault credential libraries\n( PR ( <https:\/\/github.com\/hashicorp\/terraform-provider-boundary\/pull\/287> ) ).\n\nBug Fixes\n---------\n\n* Improve error message when authenticating to boundary\n( PR ( <https:\/\/github.com\/hashicorp\/terraform-provider-boundary\/pull\/290> ) ).\n* Set state before returning an error when creating a resource\n( PR ( <https:\/\/github.com\/hashicorp\/terraform-provider-boundary\/pull\/289> ) )\n```\n<https:\/\/newreleases.io\/github\/hashicorp\/terraform-provider-boundary?version=v1.1.2|release note...>",
                "title": "hashicorp\/terraform-provider-boundary on GitHub",
                "title_link": "https:\/\/newreleases.io\/github\/hashicorp\/terraform-provider-boundary",
                "mrkdwn_in": [
                    "text"
                ]
            }
        ]
    },
    {
        "type": "message",
        "subtype": "bot_message",
        "text": "",
        "ts": "1666130134.576579",
        "bot_id": "B01D39EAGTT",
        "attachments": [
            {
                "id": 1,
                "fallback": "hashicorp\/vagrant on GitHub\nv2.3.2 updated\nrelease note: <https:\/\/newreleases.io\/github\/hashicorp\/vagrant?version=v2.3.2>",
                "text": "`v2.3.2` _updated_\n```\n<https:\/\/github.com\/hashicorp\/vagrant\/blob\/v2.3.2\/CHANGELOG.md> ( <https:\/\/github.com\/hashicorp\/vagrant\/blob\/v2.3.2\/CHANGELOG.md> )\n```\n<https:\/\/newreleases.io\/github\/hashicorp\/vagrant?version=v2.3.2|release note...>",
                "title": "hashicorp\/vagrant on GitHub",
                "title_link": "https:\/\/newreleases.io\/github\/hashicorp\/vagrant",
                "mrkdwn_in": [
                    "text"
                ]
            }
        ]
    },
    {
        "type": "message",
        "subtype": "bot_message",
        "text": "",
        "ts": "1666140405.599569",
        "bot_id": "B01D39EAGTT",
        "attachments": [
            {
                "id": 1,
                "fallback": "hashicorp\/packer on GitHub\nnightly updated",
                "text": "`nightly` _updated_",
                "title": "hashicorp\/packer on GitHub",
                "title_link": "https:\/\/newreleases.io\/github\/hashicorp\/packer",
                "mrkdwn_in": [
                    "text"
                ]
            }
        ]
    }
]