[
    {
        "type": "message",
        "subtype": "bot_message",
        "text": "",
        "ts": "1665575833.038439",
        "bot_id": "B01D39EAGTT",
        "attachments": [
            {
                "id": 1,
                "fallback": "hashicorp\/setup-terraform on GitHub\nv2.0.1 \nrelease note: <https:\/\/newreleases.io\/github\/hashicorp\/setup-terraform?version=v2.0.1>",
                "text": "`v2.0.1` \n<https:\/\/newreleases.io\/github\/hashicorp\/setup-terraform?version=v2.0.1|release note...>",
                "title": "hashicorp\/setup-terraform on GitHub",
                "title_link": "https:\/\/newreleases.io\/github\/hashicorp\/setup-terraform",
                "mrkdwn_in": [
                    "text"
                ]
            }
        ]
    },
    {
        "type": "message",
        "subtype": "bot_message",
        "text": "",
        "ts": "1665576958.976149",
        "bot_id": "B01D39EAGTT",
        "attachments": [
            {
                "id": 1,
                "fallback": "hashicorp\/terraform-cdk on GitHub\nv0.14.0-pre.0",
                "text": "`v0.14.0-pre.0`",
                "title": "hashicorp\/terraform-cdk on GitHub",
                "title_link": "https:\/\/newreleases.io\/github\/hashicorp\/terraform-cdk",
                "mrkdwn_in": [
                    "text"
                ]
            }
        ]
    },
    {
        "type": "message",
        "subtype": "bot_message",
        "text": "",
        "ts": "1665578380.918499",
        "bot_id": "B01D39EAGTT",
        "attachments": [
            {
                "id": 1,
                "fallback": "hashicorp\/setup-terraform on GitHub\nv2.0.2 \nrelease note: <https:\/\/newreleases.io\/github\/hashicorp\/setup-terraform?version=v2.0.2>",
                "text": "`v2.0.2` \n```\n--------------\nWhat's Changed\n--------------\n\nNOTES\n-----\n\n* Update 2.0.1 release metadata by @jpogran ( <https:\/\/github.com\/jpogran> ) in #253 ( <https:\/\/github.com\/hashicorp\/setup-terraform\/pull\/253> )\n* Release 2.0.2 by @jpogran ( <https:\/\/github.com\/jpogran> ) in #254 ( <https:\/\/github.com\/hashicorp\/setup-terraform\/pull\/254> )\n\nINTERNAL\n--------\n\n* Bump jest from 29.0.3 to 29.1.2 by @dependabot ( <https:\/\/github.com\/dependabot> ) in #248 ( <https:\/\/github.com\/hashicorp\/setup-terraform\/pull\/248> )\n* README.md updates - direct links to license and code of conduct, updated GitHub documents link by @magnetikonline ( <https:\/\/github.com\/magnetikonline> ) in #244 ( <https:\/\/github.com\/hashicorp\/setup-terraform\/pull\/244> )\n\n*Full Changelog* : v2.0.1...v2.0.2 ( <https:\/\/github.com\/hashicorp\/setup-terraform\/compare\/v2.0.1...v2.0.2> )\n```\n<https:\/\/newreleases.io\/github\/hashicorp\/setup-terraform?version=v2.0.2|release note...>",
                "title": "hashicorp\/setup-terraform on GitHub",
                "title_link": "https:\/\/newreleases.io\/github\/hashicorp\/setup-terraform",
                "mrkdwn_in": [
                    "text"
                ]
            }
        ]
    },
    {
        "type": "message",
        "subtype": "bot_message",
        "text": "",
        "ts": "1665590815.800809",
        "bot_id": "B01D39EAGTT",
        "attachments": [
            {
                "id": 1,
                "fallback": "hashicorp\/vault on GitHub\nv1.12.0 \nrelease note: <https:\/\/newreleases.io\/github\/hashicorp\/vault?version=v1.12.0>",
                "text": "`v1.12.0` \n<https:\/\/newreleases.io\/github\/hashicorp\/vault?version=v1.12.0|release note...>",
                "title": "hashicorp\/vault on GitHub",
                "title_link": "https:\/\/newreleases.io\/github\/hashicorp\/vault",
                "mrkdwn_in": [
                    "text"
                ]
            }
        ]
    },
    {
        "type": "message",
        "subtype": "bot_message",
        "text": "",
        "ts": "1665598385.543679",
        "bot_id": "B01D39EAGTT",
        "attachments": [
            {
                "id": 1,
                "fallback": "hashicorp\/terraform-provider-boundary on GitHub\nv1.1.1",
                "text": "`v1.1.1`",
                "title": "hashicorp\/terraform-provider-boundary on GitHub",
                "title_link": "https:\/\/newreleases.io\/github\/hashicorp\/terraform-provider-boundary",
                "mrkdwn_in": [
                    "text"
                ]
            }
        ]
    },
    {
        "type": "message",
        "subtype": "bot_message",
        "text": "",
        "ts": "1665598452.687049",
        "bot_id": "B01D39EAGTT",
        "attachments": [
            {
                "id": 1,
                "fallback": "hashicorp\/vault on GitHub\napi\/v1.8.1",
                "text": "`api\/v1.8.1`",
                "title": "hashicorp\/vault on GitHub",
                "title_link": "https:\/\/newreleases.io\/github\/hashicorp\/vault",
                "mrkdwn_in": [
                    "text"
                ]
            }
        ]
    },
    {
        "type": "message",
        "subtype": "bot_message",
        "text": "",
        "ts": "1665598928.507239",
        "bot_id": "B01D39EAGTT",
        "attachments": [
            {
                "id": 1,
                "fallback": "hashicorp\/terraform-provider-boundary on GitHub\nv1.1.1 updated\nrelease note: <https:\/\/newreleases.io\/github\/hashicorp\/terraform-provider-boundary?version=v1.1.1>",
                "text": "`v1.1.1` _updated_\n```\nCanonical reference for changes, improvements, and bugfixes for the Boundary Terraform provider.\n\n------------------------\n1.1.1 (October 12, 2022)\n------------------------\n\nBug Fixes\n---------\n\n* The plugin cleanup function is being called before the entire Terraform workflow is complete.\n( Issue ( <https:\/\/github.com\/hashicorp\/terraform-provider-boundary\/issues\/282> ) ),\n( PR ( <https:\/\/github.com\/hashicorp\/terraform-provider-boundary\/pull\/285> ) ).\n```\n<https:\/\/newreleases.io\/github\/hashicorp\/terraform-provider-boundary?version=v1.1.1|release note...>",
                "title": "hashicorp\/terraform-provider-boundary on GitHub",
                "title_link": "https:\/\/newreleases.io\/github\/hashicorp\/terraform-provider-boundary",
                "mrkdwn_in": [
                    "text"
                ]
            }
        ]
    },
    {
        "type": "message",
        "subtype": "bot_message",
        "text": "",
        "ts": "1665621751.118139",
        "bot_id": "B01D39EAGTT",
        "attachments": [
            {
                "id": 1,
                "fallback": "hashicorp\/packer on GitHub\nnightly updated",
                "text": "`nightly` _updated_",
                "title": "hashicorp\/packer on GitHub",
                "title_link": "https:\/\/newreleases.io\/github\/hashicorp\/packer",
                "mrkdwn_in": [
                    "text"
                ]
            }
        ]
    }
]