[
    {
        "user_id": "UH0PSGUJ3",
        "user_name": "akihito.kimura.15",
        "date": "1553737327",
        "change_type": "added",
        "app_type": "Simple Poll",
        "app_id": "A0HFW7MR6",
        "scope": "identity.basic,identity.email"
    },
    {
        "user_id": "UH0PSGUJ3",
        "user_name": "akihito.kimura.15",
        "date": "1552961488",
        "change_type": "added",
        "app_type": "Trello",
        "app_id": "A074YH40Z",
        "scope": "identify,bot,commands,channels:history,groups:history,im:history,mpim:history,channels:read,emoji:read,groups:read,mpim:read,reminders:read,search:read,stars:read,team:read,users:read,users:read.email,chat:write:user,chat:write:bot,im:write,reminders:write"
    },
    {
        "user_id": "UFU0BKD8F",
        "user_name": "nishimuray",
        "date": "1552744763",
        "change_type": "expanded",
        "service_id": "579092827378",
        "service_type": "App",
        "scope": null,
        "app_type": "GitHub",
        "app_id": "A8GBNUWU8"
    },
    {
        "user_id": "UFU0BKD8F",
        "user_name": "nishimuray",
        "date": "1552744763",
        "change_type": "expanded",
        "service_id": "579092827378",
        "service_type": "App",
        "scope": null,
        "app_type": "GitHub",
        "app_id": "A8GBNUWU8"
    },
    {
        "user_id": "UFU0BKD8F",
        "user_name": "nishimuray",
        "date": "1552744763",
        "change_type": "resource_grant_created",
        "service_id": "579092827378",
        "service_type": "App",
        "scope": null,
        "app_type": "GitHub",
        "app_id": "A8GBNUWU8"
    },
    {
        "user_id": "UFU0BKD8F",
        "user_name": "nishimuray",
        "date": "1552744763",
        "change_type": "resource_grant_created",
        "service_id": "579092827378",
        "service_type": "App",
        "scope": null,
        "channel": "private",
        "app_type": "GitHub",
        "app_id": "A8GBNUWU8"
    },
    {
        "user_id": "UFU0BKD8F",
        "user_name": "nishimuray",
        "date": "1552744763",
        "change_type": "resource_grant_created",
        "service_id": "579092827378",
        "service_type": "App",
        "scope": null,
        "channel": "CG2UA0AA2",
        "app_type": "GitHub",
        "app_id": "A8GBNUWU8"
    },
    {
        "user_id": "UFU0BKD8F",
        "user_name": "nishimuray",
        "date": "1552744762",
        "change_type": "added",
        "app_type": "GitHub",
        "app_id": "A8GBNUWU8"
    },
    {
        "user_id": "UFU0BKD8F",
        "user_name": "nishimuray",
        "date": "1552520188",
        "change_type": "added",
        "app_type": "Trello",
        "app_id": "A074YH40Z",
        "scope": "identify,bot,commands,channels:history,groups:history,im:history,mpim:history,channels:read,emoji:read,groups:read,mpim:read,reminders:read,search:read,stars:read,team:read,users:read,users:read.email,chat:write:user,chat:write:bot,im:write,reminders:write"
    },
    {
        "user_id": "UFU0BKD8F",
        "user_name": "nishimuray",
        "date": "1549947584",
        "change_type": "updated",
        "rss_feed": true,
        "rss_feed_change_type": "added",
        "rss_feed_title": "Terraformタグが付けられた新着記事 - Qiita",
        "rss_feed_url": "https:\/\/qiita.com\/tags\/terraform\/feed",
        "service_id": "547755696241",
        "service_type": "RSS",
        "scope": "commands,incoming-webhook",
        "channel": "CG45XC0SY"
    },
    {
        "user_id": "UFU0BKD8F",
        "user_name": "nishimuray",
        "date": "1549943766",
        "change_type": "updated",
        "rss_feed": true,
        "rss_feed_change_type": "removed",
        "rss_feed_title": "Terraform - Feedforce Developer Blog",
        "rss_feed_url": "https:\/\/developer.feedforce.jp\/feed\/category\/Terraform",
        "service_id": "547755696241",
        "service_type": "RSS",
        "scope": "commands,incoming-webhook",
        "channel": "CG45XC0SY"
    },
    {
        "user_id": "UFU0BKD8F",
        "user_name": "nishimuray",
        "date": "1549943752",
        "change_type": "updated",
        "rss_feed": true,
        "rss_feed_change_type": "removed",
        "rss_feed_title": "terraform  タグが付けられた記事一覧を表示しています。  | スマートスタイル TECH BLOG",
        "rss_feed_url": "https:\/\/www.s-style.co.jp\/blog\/tag\/terraform\/feed\/",
        "service_id": "547755696241",
        "service_type": "RSS",
        "scope": "commands,incoming-webhook",
        "channel": "CG45XC0SY"
    },
    {
        "user_id": "UFU0BKD8F",
        "user_name": "nishimuray",
        "date": "1549943739",
        "change_type": "updated",
        "rss_feed": true,
        "rss_feed_change_type": "removed",
        "rss_feed_title": "terraform – Schibsted Tech Polska",
        "rss_feed_url": "https:\/\/www.schibsted.pl\/tag\/terraform\/feed\/",
        "service_id": "547755696241",
        "service_type": "RSS",
        "scope": "commands,incoming-webhook",
        "channel": "CG45XC0SY"
    },
    {
        "user_id": "UFU0BKD8F",
        "user_name": "nishimuray",
        "date": "1549943734",
        "change_type": "updated",
        "rss_feed": true,
        "rss_feed_change_type": "removed",
        "rss_feed_title": "OSS-Terraform - Cloudii blog",
        "rss_feed_url": "https:\/\/cloudii.atomitech.jp\/rss\/category\/OSS-Terraform",
        "service_id": "547755696241",
        "service_type": "RSS",
        "scope": "commands,incoming-webhook",
        "channel": "CG45XC0SY"
    },
    {
        "user_id": "UFU0BKD8F",
        "user_name": "nishimuray",
        "date": "1549943548",
        "change_type": "updated",
        "rss_feed": true,
        "rss_feed_change_type": "added",
        "rss_feed_title": "Google アラート - terraform",
        "rss_feed_url": "https:\/\/www.google.co.jp\/alerts\/feeds\/01885670614731521165\/13731927345034164831",
        "service_id": "547755696241",
        "service_type": "RSS",
        "scope": "commands,incoming-webhook",
        "channel": "CG45XC0SY"
    },
    {
        "user_id": "UFU0BKD8F",
        "user_name": "nishimuray",
        "date": "1549943344",
        "change_type": "updated",
        "rss_feed": true,
        "rss_feed_change_type": "added",
        "rss_feed_title": "OSS-Terraform - Cloudii blog",
        "rss_feed_url": "https:\/\/cloudii.atomitech.jp\/rss\/category\/OSS-Terraform",
        "service_id": "547755696241",
        "service_type": "RSS",
        "scope": "commands,incoming-webhook",
        "channel": "CG45XC0SY"
    },
    {
        "user_id": "UFU0BKD8F",
        "user_name": "nishimuray",
        "date": "1549943187",
        "change_type": "updated",
        "rss_feed": true,
        "rss_feed_change_type": "added",
        "rss_feed_title": "terraform  タグが付けられた記事一覧を表示しています。  | スマートスタイル TECH BLOG",
        "rss_feed_url": "https:\/\/www.s-style.co.jp\/blog\/tag\/terraform\/feed\/",
        "service_id": "547755696241",
        "service_type": "RSS",
        "scope": "commands,incoming-webhook",
        "channel": "CG45XC0SY"
    },
    {
        "user_id": "UFU0BKD8F",
        "user_name": "nishimuray",
        "date": "1549943132",
        "change_type": "updated",
        "rss_feed": true,
        "rss_feed_change_type": "added",
        "rss_feed_title": "Terraform - Feedforce Developer Blog",
        "rss_feed_url": "https:\/\/developer.feedforce.jp\/feed\/category\/Terraform",
        "service_id": "547755696241",
        "service_type": "RSS",
        "scope": "commands,incoming-webhook",
        "channel": "CG45XC0SY"
    },
    {
        "user_id": "UFU0BKD8F",
        "user_name": "nishimuray",
        "date": "1549942701",
        "change_type": "updated",
        "rss_feed": true,
        "rss_feed_change_type": "added",
        "rss_feed_title": "terraform – Schibsted Tech Polska",
        "rss_feed_url": "https:\/\/www.schibsted.pl\/tag\/terraform\/feed\/",
        "service_id": "547755696241",
        "service_type": "RSS",
        "scope": "commands,incoming-webhook",
        "channel": "CG45XC0SY"
    },
    {
        "user_id": "UFU0BKD8F",
        "user_name": "nishimuray",
        "date": "1549942599",
        "change_type": "updated",
        "rss_feed": true,
        "rss_feed_change_type": "added",
        "rss_feed_title": "Terraform – DevelopersIO",
        "rss_feed_url": "https:\/\/dev.classmethod.jp\/referencecat\/configuration-management-tool-terraform\/feed\/",
        "service_id": "547755696241",
        "service_type": "RSS",
        "scope": "commands,incoming-webhook",
        "channel": "CG45XC0SY"
    },
    {
        "user_id": "UFU0BKD8F",
        "user_name": "nishimuray",
        "date": "1549942460",
        "change_type": "updated",
        "rss_feed": true,
        "rss_feed_change_type": "added",
        "rss_feed_title": "Hashicorp Blog",
        "rss_feed_url": "http:\/\/www.hashicorp.com\/feed.xml",
        "service_id": "547755696241",
        "service_type": "RSS",
        "scope": "commands,incoming-webhook",
        "channel": "CG45XC0SY"
    },
    {
        "user_id": "UFU0BKD8F",
        "user_name": "nishimuray",
        "date": "1549942336",
        "change_type": "updated",
        "rss_feed": true,
        "rss_feed_change_type": "added",
        "rss_feed_title": "Terraform ALL the Worlds!",
        "rss_feed_url": "https:\/\/www.reddit.com\/r\/Terraform\/.rss",
        "service_id": "547755696241",
        "service_type": "RSS",
        "scope": "commands,incoming-webhook",
        "channel": "CG45XC0SY"
    },
    {
        "user_id": "UFU0BKD8F",
        "user_name": "nishimuray",
        "date": "1549942297",
        "change_type": "added",
        "service_id": "547755696241",
        "service_type": "RSS",
        "scope": "commands,incoming-webhook"
    },
    {
        "user_id": "UFU0BKD8F",
        "user_name": "nishimuray",
        "date": "1549602963",
        "change_type": "added",
        "app_type": "IFTTT",
        "app_id": "A028LGAFF",
        "scope": "identify,ifttt"
    },
    {
        "user_id": "UFU0BKD8F",
        "user_name": "nishimuray",
        "date": "1549591585",
        "change_type": "added",
        "app_type": "NewReleases",
        "app_id": "ABLGBJZ19",
        "scope": "identify,incoming-webhook"
    },
    {
        "user_id": "UFU0BKD8F",
        "user_name": "nishimuray",
        "date": "1548998195",
        "change_type": "added",
        "app_type": "Simple Poll",
        "app_id": "A0HFW7MR6",
        "scope": "identify,commands,chat:write:bot,reactions:write"
    }
]