[
    {
        "id": "CFSA6CXQ9",
        "name": "general",
        "created": "1548834160",
        "creator": "UFU0BKD8F",
        "is_archived": false,
        "is_general": true,
        "members": [
            "UFT60TQCQ",
            "UFT9ULVQR",
            "UFTDF1HHQ",
            "UFTKSQ25T",
            "UFU0BKD8F",
            "UFUP9BGES",
            "UG1QN22JZ",
            "UG46Z57TN",
            "UGFSM002K",
            "UGTNGDPUJ",
            "UGV9YDCVD",
            "UGVP0PXRA",
            "UGVSWU1CY",
            "UGVTSE7LG",
            "UGVTYQMSL",
            "UGW0ABZLG",
            "UGW0TPSQY",
            "UGW1DNGRW",
            "UGW264S4Q",
            "UGX7P1RME",
            "UGXFY0V88",
            "UGXHYR44Q",
            "UGY0UR1ND",
            "UGY5WMTHR",
            "UGY6B32E7",
            "UGY6K620K",
            "UGY6L067M",
            "UGY8856P6",
            "UGY886BT6",
            "UGY8C9DDZ",
            "UGY8GDX7W",
            "UGY8U3CSG",
            "UGY8YDQ2G",
            "UGY8Z1NR2",
            "UGY97R6NP",
            "UGY9BJ1NF",
            "UGYAR4QTE",
            "UGYBTNY58",
            "UGYBY2PK6",
            "UGYC5C4MQ",
            "UGYCLKP52",
            "UGYD5RXMJ",
            "UGYHBT55G",
            "UGYK9KX4M",
            "UGYKJTTQD",
            "UGYKRFWLD",
            "UGYQ72T0V",
            "UGYV6SG1Z",
            "UGZ2S5T5J",
            "UGZBSHP8F",
            "UGZBW92F9",
            "UGZCN013R",
            "UGZEH10LX",
            "UGZEKF45V",
            "UGZFN643Z",
            "UGZFRS015",
            "UGZGGSX3R",
            "UGZGU018X",
            "UGZHF5C9M",
            "UGZHL3G58",
            "UGZJ39LRZ",
            "UGZNBEY4E",
            "UGZNSJ3CN",
            "UGZPDFYFQ",
            "UGZPFT6SK",
            "UGZTB47PY",
            "UH02BA4MC",
            "UH06Y5F2S",
            "UH0JY61KR",
            "UH0L29KE1",
            "UH0MSCD7Z",
            "UH0PSGUJ3",
            "UH0R0GHL7",
            "UH0R5GV47",
            "UH15ZT1RV",
            "UH28P989K",
            "UH2LYREDD",
            "UH2PNBBJ7",
            "UH4RQAZ7Z",
            "UH609CXU0",
            "UHEC5ULR2",
            "UHECJRKU7",
            "UHJLRE6TU",
            "UHKCLDNAC",
            "UHPQ8MTFC",
            "UHQDKH59R",
            "UHQTMS7EY",
            "UHR7Y51QA",
            "UHS4SFFA7",
            "UHTHA38AK",
            "UHVFQ5UUC",
            "UHW2WJPJM",
            "UHWMHP8MU",
            "UHWNF64MC",
            "UJ03H37FG",
            "UJ0HPTBD2",
            "UJ138PGJ1",
            "UJ15SRE0M",
            "UJ167V97S",
            "UJ20V4ECC",
            "UJ3BLGMHV",
            "UJ410GNJ2",
            "UJ79LU3U3",
            "UJC42G5JL",
            "UJLC166NP",
            "UJNFY0BAP",
            "UJRB7EG1F",
            "UJW7ZR7PE",
            "UJZCUFM7D",
            "UJZFQ533L",
            "UK30T49RU",
            "UK384DUQH",
            "UKAHKDY2F",
            "UKAHNSLEA",
            "UKAKENQAF",
            "UKCJS13K4",
            "UKEHA1JSW",
            "UKN316Y8Y",
            "UKN9STMK7",
            "UKNKCUDFC",
            "UKP5EASTC",
            "UKQFNH4NN",
            "UKSQ6TT3Q",
            "UKT912NG5",
            "UKU6CLQB0",
            "UKVF41YJV",
            "UL01EEC3E",
            "UL0GEF132",
            "UL0MXS2CD",
            "UL0PQ9UKT",
            "UL1238EFN",
            "UL13ESGJH",
            "UL2LU9BPZ",
            "UL48LDD5Y",
            "UL49H207R",
            "UL4A1JAG3",
            "UL4G4D0UB",
            "UL4J3NUTF",
            "UL59XDEJW",
            "UL5B6R59Q",
            "UL5BG0LQK",
            "UL5MYHN4S",
            "UL90RPEQ7",
            "UL9648EBT",
            "UL96LK5T3",
            "UL97TFWLR",
            "ULF3MUNFN",
            "ULF74RFH9",
            "ULFJL58N8",
            "ULFK57XL4",
            "ULFNFQU9K",
            "ULG0CCQJZ",
            "ULGNBK8CV",
            "ULHJ71XEK",
            "ULHJYBVV5",
            "ULHM5KPHD",
            "ULHM79TJB",
            "ULHMACU6S",
            "ULJGDGFHQ",
            "ULLQAU32Q",
            "ULM2HACH4",
            "ULMDWMXJ6",
            "ULMEHJ56W",
            "ULMEJGX8S",
            "ULMFL4J82",
            "ULMG6D5GB",
            "ULMGQRMTP",
            "ULMGSPA1F",
            "ULNRQ99GB",
            "ULPQ1ECKV",
            "ULQR33F89",
            "ULRDJGN21",
            "ULS55L16V",
            "ULSCJJ61X",
            "ULSFRJ2LR",
            "ULSGHDRED",
            "ULSGHNVPT",
            "ULSHHPEBB",
            "ULT57AZ3R",
            "ULUB60T88",
            "ULUB6GFRT",
            "ULUFKEVT4",
            "ULVDV48SV",
            "ULVN9SU7R",
            "ULVQHSG2U",
            "ULX169QVA",
            "ULXPCDM3J",
            "ULYDVRXNY",
            "ULYGJ2CQ4",
            "ULYSHKF1N",
            "ULYTJ0WBA",
            "ULZ9B9858",
            "ULZGFCK46",
            "ULZRR521W",
            "UM0A2CVDE",
            "UM0CTAZPF",
            "UM0GLQE21",
            "UM0KE9RHA",
            "UM0LZ9SAG",
            "UM0NB2347",
            "UM0NBFPD5",
            "UM12KGR0E",
            "UM15W242H",
            "UM1G01HSL",
            "UM241QY7Q",
            "UM2FB5M29",
            "UM48VG9GR",
            "UM5CGLAHJ",
            "UM8PFT96J",
            "UMDMDL41G",
            "UMF9KBT09",
            "UMFV73316",
            "UMG006XGD",
            "UMGPJKUMR",
            "UMKU63ECB",
            "UML5RT2TE",
            "UMLGPCZJ4",
            "UMRG4RVME",
            "UMSFZUAUS",
            "UMTMSUFKM",
            "UMVGSCQNS",
            "UMYHH04RE",
            "UMYT1J2RX",
            "UN50J6FAL",
            "UN54FJ396",
            "UN5A15HPX",
            "UN76QQCVC",
            "UN88QSGEB",
            "UN9323EH5",
            "UN9JYN048",
            "UNEF1A5L6",
            "UNL56TGTU",
            "UNL57VCAW",
            "UNL581058",
            "UNM6K2A2J",
            "UNMDQPLHH",
            "UNMDYBLJX",
            "UNME3CREF",
            "UNY628KQB",
            "UNYEA4LQ4",
            "UNZEWNK3P",
            "UNZSA1277",
            "UNZTK1Q5T",
            "UP0PN8DP1",
            "UP0PW9X9V",
            "UP0QL0D39",
            "UP21PTGGJ",
            "UP3AANM6U",
            "UP3AB95L5",
            "UP3JFHZ8V",
            "UPDQH0N2E",
            "UPSJ0B82U",
            "UPSJ0HM5E",
            "UQ04UFVFW",
            "UQ36361UG"
        ],
        "topic": {
            "value": "メンバー向け周知等々。CM\/PR不可。",
            "creator": "UFU0BKD8F",
            "last_set": "1548848442"
        },
        "purpose": {
            "value": "このチャンネルはワークスペース全体のコミュニケーションと社内アナウンス用です。全メンバーがこのチャンネルに参加しています。",
            "creator": "UFU0BKD8F",
            "last_set": "1548834160"
        }
    },
    {
        "id": "CFSA6D2SD",
        "name": "v012",
        "created": "1548834160",
        "creator": "UFU0BKD8F",
        "is_archived": false,
        "is_general": false,
        "members": [
            "UFT60TQCQ",
            "UFT9ULVQR",
            "UFTDF1HHQ",
            "UFTKSQ25T",
            "UFU0BKD8F",
            "UFUP9BGES",
            "UG1QN22JZ",
            "UG46Z57TN",
            "UGFSM002K",
            "UGTNGDPUJ",
            "UGV9YDCVD",
            "UGVP0PXRA",
            "UGVSWU1CY",
            "UGVTSE7LG",
            "UGVTYQMSL",
            "UGW0ABZLG",
            "UGW0TPSQY",
            "UGW1DNGRW",
            "UGW264S4Q",
            "UGX7P1RME",
            "UGXFY0V88",
            "UGXHYR44Q",
            "UGY0UR1ND",
            "UGY5WMTHR",
            "UGY6B32E7",
            "UGY6K620K",
            "UGY6L067M",
            "UGY8856P6",
            "UGY886BT6",
            "UGY8C9DDZ",
            "UGY8GDX7W",
            "UGY8U3CSG",
            "UGY8YDQ2G",
            "UGY8Z1NR2",
            "UGY97R6NP",
            "UGY9BJ1NF",
            "UGYAR4QTE",
            "UGYBTNY58",
            "UGYBY2PK6",
            "UGYC5C4MQ",
            "UGYCLKP52",
            "UGYD5RXMJ",
            "UGYHBT55G",
            "UGYK9KX4M",
            "UGYKJTTQD",
            "UGYKRFWLD",
            "UGYQ72T0V",
            "UGYV6SG1Z",
            "UGZ2S5T5J",
            "UGZBSHP8F",
            "UGZBW92F9",
            "UGZCN013R",
            "UGZEH10LX",
            "UGZEKF45V",
            "UGZFN643Z",
            "UGZFRS015",
            "UGZGGSX3R",
            "UGZGU018X",
            "UGZHF5C9M",
            "UGZHL3G58",
            "UGZJ39LRZ",
            "UGZNBEY4E",
            "UGZNSJ3CN",
            "UGZPDFYFQ",
            "UGZPFT6SK",
            "UGZTB47PY",
            "UH02BA4MC",
            "UH06Y5F2S",
            "UH0JY61KR",
            "UH0L29KE1",
            "UH0MSCD7Z",
            "UH0PSGUJ3",
            "UH0R0GHL7",
            "UH0R5GV47",
            "UH15ZT1RV",
            "UH28P989K",
            "UH2LYREDD",
            "UH2PNBBJ7",
            "UH4RQAZ7Z",
            "UH609CXU0",
            "UHEC5ULR2",
            "UHECJRKU7",
            "UHJLRE6TU",
            "UHKCLDNAC",
            "UHPQ8MTFC",
            "UHQDKH59R",
            "UHQTMS7EY",
            "UHR7Y51QA",
            "UHS4SFFA7",
            "UHTHA38AK",
            "UHVFQ5UUC",
            "UHW2WJPJM",
            "UHWMHP8MU",
            "UHWNF64MC",
            "UJ03H37FG",
            "UJ0HPTBD2",
            "UJ138PGJ1",
            "UJ15SRE0M",
            "UJ167V97S",
            "UJ20V4ECC",
            "UJ3BLGMHV",
            "UJ410GNJ2",
            "UJ79LU3U3",
            "UJC42G5JL",
            "UJLC166NP",
            "UJNFY0BAP",
            "UJRB7EG1F",
            "UJW7ZR7PE",
            "UJZCUFM7D",
            "UJZFQ533L",
            "UK30T49RU",
            "UK384DUQH",
            "UKAHKDY2F",
            "UKAHNSLEA",
            "UKAKENQAF",
            "UKCJS13K4",
            "UKEHA1JSW",
            "UKN316Y8Y",
            "UKN9STMK7",
            "UKNKCUDFC",
            "UKP5EASTC",
            "UKQFNH4NN",
            "UKSQ6TT3Q",
            "UKT912NG5",
            "UKU6CLQB0",
            "UKVF41YJV",
            "UL01EEC3E",
            "UL0GEF132",
            "UL0MXS2CD",
            "UL0PQ9UKT",
            "UL1238EFN",
            "UL13ESGJH",
            "UL2LU9BPZ",
            "UL48LDD5Y",
            "UL49H207R",
            "UL4A1JAG3",
            "UL4G4D0UB",
            "UL4J3NUTF",
            "UL59XDEJW",
            "UL5B6R59Q",
            "UL5BG0LQK",
            "UL5MYHN4S",
            "UL90RPEQ7",
            "UL9648EBT",
            "UL96LK5T3",
            "UL97TFWLR",
            "ULF3MUNFN",
            "ULF74RFH9",
            "ULFJL58N8",
            "ULFK57XL4",
            "ULFNFQU9K",
            "ULG0CCQJZ",
            "ULGNBK8CV",
            "ULHJ71XEK",
            "ULHJYBVV5",
            "ULHM5KPHD",
            "ULHM79TJB",
            "ULHMACU6S",
            "ULJGDGFHQ",
            "ULLQAU32Q",
            "ULM2HACH4",
            "ULMDWMXJ6",
            "ULMEHJ56W",
            "ULMEJGX8S",
            "ULMFL4J82",
            "ULMG6D5GB",
            "ULMGQRMTP",
            "ULMGSPA1F",
            "ULNRQ99GB",
            "ULPQ1ECKV",
            "ULQR33F89",
            "ULRDJGN21",
            "ULS55L16V",
            "ULSCJJ61X",
            "ULSFRJ2LR",
            "ULSGHDRED",
            "ULSGHNVPT",
            "ULSHHPEBB",
            "ULT57AZ3R",
            "ULUB60T88",
            "ULUB6GFRT",
            "ULUFKEVT4",
            "ULVDV48SV",
            "ULVN9SU7R",
            "ULVQHSG2U",
            "ULX169QVA",
            "ULXPCDM3J",
            "ULYDVRXNY",
            "ULYGJ2CQ4",
            "ULYSHKF1N",
            "ULYTJ0WBA",
            "ULZ9B9858",
            "ULZGFCK46",
            "ULZRR521W",
            "UM0A2CVDE",
            "UM0CTAZPF",
            "UM0GLQE21",
            "UM0KE9RHA",
            "UM0LZ9SAG",
            "UM0NB2347",
            "UM0NBFPD5",
            "UM12KGR0E",
            "UM15W242H",
            "UM1G01HSL",
            "UM241QY7Q",
            "UM2FB5M29",
            "UM48VG9GR",
            "UM5CGLAHJ",
            "UM8PFT96J",
            "UMDMDL41G",
            "UMF9KBT09",
            "UMFV73316",
            "UMG006XGD",
            "UMGPJKUMR",
            "UMKU63ECB",
            "UML5RT2TE",
            "UMLGPCZJ4",
            "UMRG4RVME",
            "UMSFZUAUS",
            "UMTMSUFKM",
            "UMVGSCQNS",
            "UMYHH04RE",
            "UMYT1J2RX",
            "UN50J6FAL",
            "UN54FJ396",
            "UN5A15HPX",
            "UN76QQCVC",
            "UN88QSGEB",
            "UN9323EH5",
            "UN9JYN048",
            "UNEF1A5L6",
            "UNL56TGTU",
            "UNL57VCAW",
            "UNL581058",
            "UNM6K2A2J",
            "UNMDQPLHH",
            "UNMDYBLJX",
            "UNME3CREF",
            "UNY628KQB",
            "UNYEA4LQ4",
            "UNZEWNK3P",
            "UNZSA1277",
            "UNZTK1Q5T",
            "UP0PN8DP1",
            "UP0PW9X9V",
            "UP0QL0D39",
            "UP21PTGGJ",
            "UP3AANM6U",
            "UP3AB95L5",
            "UP3JFHZ8V",
            "UPDQH0N2E",
            "UPSJ0B82U",
            "UPSJ0HM5E",
            "UQ04UFVFW",
            "UQ36361UG"
        ],
        "topic": {
            "value": "version 0.12 について話しましょう",
            "creator": "UFU0BKD8F",
            "last_set": "1548848548"
        },
        "purpose": {
            "value": "",
            "creator": "",
            "last_set": "0"
        }
    },
    {
        "id": "CFT9WPH7X",
        "name": "イベント案内など",
        "created": "1548848495",
        "creator": "UFU0BKD8F",
        "is_archived": false,
        "is_general": false,
        "members": [
            "UFT60TQCQ",
            "UFTKSQ25T",
            "UFU0BKD8F",
            "UFUP9BGES",
            "UG46Z57TN",
            "UGTNGDPUJ",
            "UGVTSE7LG",
            "UGVTYQMSL",
            "UGW0ABZLG",
            "UGY5WMTHR",
            "UGY8YDQ2G",
            "UGY9BJ1NF",
            "UGYKRFWLD",
            "UGZGU018X",
            "UGZJ39LRZ",
            "UH0PSGUJ3",
            "UH2LYREDD",
            "UH4RQAZ7Z",
            "UHS4SFFA7",
            "UJ03H37FG",
            "UJ0HPTBD2",
            "UJ3BLGMHV",
            "UJRB7EG1F",
            "UJZCUFM7D",
            "UKAHKDY2F",
            "UKAHNSLEA",
            "UKT912NG5",
            "UL59XDEJW",
            "UL9648EBT",
            "ULFJL58N8",
            "ULFNFQU9K",
            "ULHM5KPHD",
            "ULMDWMXJ6",
            "ULRDJGN21",
            "ULS55L16V",
            "ULSHHPEBB",
            "ULVDV48SV",
            "ULVN9SU7R",
            "UM0CTAZPF"
        ],
        "topic": {
            "value": "",
            "creator": "",
            "last_set": "0"
        },
        "purpose": {
            "value": "イベント周知等はこちら",
            "creator": "UFU0BKD8F",
            "last_set": "1548848496"
        }
    },
    {
        "id": "CFTAKMSRX",
        "name": "自己紹介",
        "created": "1548895581",
        "creator": "UFU0BKD8F",
        "is_archived": false,
        "is_general": false,
        "members": [
            "UFT60TQCQ",
            "UFT9ULVQR",
            "UFTKSQ25T",
            "UFU0BKD8F",
            "UFUP9BGES",
            "UG1QN22JZ",
            "UG46Z57TN",
            "UGFSM002K",
            "UGTNGDPUJ",
            "UGVSWU1CY",
            "UGVTSE7LG",
            "UGVTYQMSL",
            "UGW0ABZLG",
            "UGW0TPSQY",
            "UGW1DNGRW",
            "UGW264S4Q",
            "UGX7P1RME",
            "UGXFY0V88",
            "UGXHYR44Q",
            "UGY0UR1ND",
            "UGY5WMTHR",
            "UGY6B32E7",
            "UGY6K620K",
            "UGY6L067M",
            "UGY8C9DDZ",
            "UGY8GDX7W",
            "UGY8U3CSG",
            "UGY8YDQ2G",
            "UGY8Z1NR2",
            "UGY97R6NP",
            "UGY9BJ1NF",
            "UGYAR4QTE",
            "UGYBTNY58",
            "UGYBY2PK6",
            "UGYC5C4MQ",
            "UGYCLKP52",
            "UGYD5RXMJ",
            "UGYHBT55G",
            "UGYK9KX4M",
            "UGYKJTTQD",
            "UGYKRFWLD",
            "UGYQ72T0V",
            "UGYV6SG1Z",
            "UGZ2S5T5J",
            "UGZBSHP8F",
            "UGZBW92F9",
            "UGZCN013R",
            "UGZEH10LX",
            "UGZEKF45V",
            "UGZFN643Z",
            "UGZFRS015",
            "UGZGGSX3R",
            "UGZGU018X",
            "UGZHF5C9M",
            "UGZHL3G58",
            "UGZJ39LRZ",
            "UGZNBEY4E",
            "UGZNSJ3CN",
            "UGZPDFYFQ",
            "UGZPFT6SK",
            "UGZTB47PY",
            "UH02BA4MC",
            "UH06Y5F2S",
            "UH0JY61KR",
            "UH0L29KE1",
            "UH0MSCD7Z",
            "UH0PSGUJ3",
            "UH0R0GHL7",
            "UH0R5GV47",
            "UH15ZT1RV",
            "UH28P989K",
            "UH2LYREDD",
            "UH2PNBBJ7",
            "UH4RQAZ7Z",
            "UH609CXU0",
            "UHEC5ULR2",
            "UHECJRKU7",
            "UHJLRE6TU",
            "UHKCLDNAC",
            "UHPQ8MTFC",
            "UHQDKH59R",
            "UHQTMS7EY",
            "UHR7Y51QA",
            "UHS4SFFA7",
            "UHTHA38AK",
            "UHVFQ5UUC",
            "UHW2WJPJM",
            "UHWMHP8MU",
            "UHWNF64MC",
            "UJ03H37FG",
            "UJ0HPTBD2",
            "UJ138PGJ1",
            "UJ15SRE0M",
            "UJ167V97S",
            "UJ20V4ECC",
            "UJ3BLGMHV",
            "UJ410GNJ2",
            "UJ79LU3U3",
            "UJC42G5JL",
            "UJLC166NP",
            "UJNFY0BAP",
            "UJRB7EG1F",
            "UJW7ZR7PE",
            "UJZCUFM7D",
            "UJZFQ533L",
            "UK30T49RU",
            "UK384DUQH",
            "UKAHKDY2F",
            "UKAHNSLEA",
            "UKAKENQAF",
            "UKCJS13K4",
            "UKEHA1JSW",
            "UKN316Y8Y",
            "UKN9STMK7",
            "UKNKCUDFC",
            "UKP5EASTC",
            "UKQFNH4NN",
            "UKSQ6TT3Q",
            "UKT912NG5",
            "UKU6CLQB0",
            "UKVF41YJV",
            "UL01EEC3E",
            "UL0GEF132",
            "UL0MXS2CD",
            "UL0PQ9UKT",
            "UL1238EFN",
            "UL13ESGJH",
            "UL2LU9BPZ",
            "UL48LDD5Y",
            "UL49H207R",
            "UL4A1JAG3",
            "UL4G4D0UB",
            "UL4J3NUTF",
            "UL59XDEJW",
            "UL5B6R59Q",
            "UL5BG0LQK",
            "UL5MYHN4S",
            "UL90RPEQ7",
            "UL9648EBT",
            "UL96LK5T3",
            "UL97TFWLR",
            "ULF3MUNFN",
            "ULF74RFH9",
            "ULFJL58N8",
            "ULFK57XL4",
            "ULFNFQU9K",
            "ULG0CCQJZ",
            "ULGNBK8CV",
            "ULHJ71XEK",
            "ULHJYBVV5",
            "ULHM5KPHD",
            "ULHM79TJB",
            "ULHMACU6S",
            "ULJGDGFHQ",
            "ULLQAU32Q",
            "ULM2HACH4",
            "ULMDWMXJ6",
            "ULMEHJ56W",
            "ULMEJGX8S",
            "ULMFL4J82",
            "ULMG6D5GB",
            "ULMGQRMTP",
            "ULNRQ99GB",
            "ULPQ1ECKV",
            "ULQR33F89",
            "ULRDJGN21",
            "ULS55L16V",
            "ULSCJJ61X",
            "ULSFRJ2LR",
            "ULSGHDRED",
            "ULSGHNVPT",
            "ULSHHPEBB",
            "ULT57AZ3R",
            "ULUB60T88",
            "ULUFKEVT4",
            "ULVDV48SV",
            "ULVN9SU7R",
            "ULVQHSG2U",
            "ULX169QVA",
            "ULXPCDM3J",
            "ULYDVRXNY",
            "ULYGJ2CQ4",
            "ULYSHKF1N",
            "ULYTJ0WBA",
            "ULZ9B9858",
            "ULZGFCK46",
            "ULZRR521W",
            "UM0A2CVDE",
            "UM0CTAZPF",
            "UM0GLQE21",
            "UM0KE9RHA",
            "UM0LZ9SAG",
            "UM0NB2347",
            "UM0NBFPD5",
            "UM12KGR0E",
            "UM15W242H",
            "UM1G01HSL",
            "UM241QY7Q",
            "UM2FB5M29",
            "UM48VG9GR",
            "UM5CGLAHJ",
            "UM8PFT96J",
            "UMDMDL41G",
            "UMF9KBT09",
            "UMFV73316",
            "UMG006XGD",
            "UMGPJKUMR",
            "UMKU63ECB",
            "UML5RT2TE",
            "UMLGPCZJ4",
            "UMRG4RVME",
            "UMSFZUAUS",
            "UMTMSUFKM",
            "UMVGSCQNS",
            "UMYHH04RE",
            "UMYT1J2RX",
            "UN50J6FAL",
            "UN54FJ396",
            "UN5A15HPX",
            "UN76QQCVC",
            "UN88QSGEB",
            "UN9323EH5",
            "UN9JYN048",
            "UNEF1A5L6",
            "UNL56TGTU",
            "UNL57VCAW",
            "UNL581058",
            "UNM6K2A2J",
            "UNMDQPLHH",
            "UNMDYBLJX",
            "UNME3CREF",
            "UNY628KQB",
            "UNYEA4LQ4",
            "UNZEWNK3P",
            "UNZSA1277",
            "UNZTK1Q5T",
            "UP0PN8DP1",
            "UP0PW9X9V",
            "UP0QL0D39",
            "UP21PTGGJ",
            "UP3AANM6U",
            "UP3AB95L5",
            "UP3JFHZ8V",
            "UPDQH0N2E",
            "UPSJ0B82U",
            "UPSJ0HM5E",
            "UQ04UFVFW",
            "UQ36361UG"
        ],
        "topic": {
            "value": "",
            "creator": "",
            "last_set": "0"
        },
        "purpose": {
            "value": "自己紹介でもしましょう。返信はスレが望ましいと思いまふ",
            "creator": "UFU0BKD8F",
            "last_set": "1548895582"
        }
    },
    {
        "id": "CFTUV1SSW",
        "name": "質問",
        "created": "1548897454",
        "creator": "UFU0BKD8F",
        "is_archived": false,
        "is_general": false,
        "members": [
            "UFT60TQCQ",
            "UFT9ULVQR",
            "UFTKSQ25T",
            "UFU0BKD8F",
            "UFUP9BGES",
            "UG1QN22JZ",
            "UG46Z57TN",
            "UGFSM002K",
            "UGTNGDPUJ",
            "UGV9YDCVD",
            "UGVP0PXRA",
            "UGVSWU1CY",
            "UGVTSE7LG",
            "UGVTYQMSL",
            "UGW0ABZLG",
            "UGW0TPSQY",
            "UGW1DNGRW",
            "UGW264S4Q",
            "UGX7P1RME",
            "UGXFY0V88",
            "UGXHYR44Q",
            "UGY0UR1ND",
            "UGY5WMTHR",
            "UGY6B32E7",
            "UGY6K620K",
            "UGY6L067M",
            "UGY8856P6",
            "UGY8C9DDZ",
            "UGY8GDX7W",
            "UGY8U3CSG",
            "UGY8YDQ2G",
            "UGY8Z1NR2",
            "UGY97R6NP",
            "UGY9BJ1NF",
            "UGYAR4QTE",
            "UGYBTNY58",
            "UGYBY2PK6",
            "UGYC5C4MQ",
            "UGYCLKP52",
            "UGYD5RXMJ",
            "UGYHBT55G",
            "UGYK9KX4M",
            "UGYKJTTQD",
            "UGYKRFWLD",
            "UGYQ72T0V",
            "UGYV6SG1Z",
            "UGZ2S5T5J",
            "UGZBSHP8F",
            "UGZBW92F9",
            "UGZCN013R",
            "UGZEH10LX",
            "UGZEKF45V",
            "UGZFN643Z",
            "UGZFRS015",
            "UGZGGSX3R",
            "UGZGU018X",
            "UGZHF5C9M",
            "UGZHL3G58",
            "UGZJ39LRZ",
            "UGZNBEY4E",
            "UGZNSJ3CN",
            "UGZPDFYFQ",
            "UGZPFT6SK",
            "UGZTB47PY",
            "UH02BA4MC",
            "UH06Y5F2S",
            "UH0JY61KR",
            "UH0L29KE1",
            "UH0MSCD7Z",
            "UH0PSGUJ3",
            "UH0R0GHL7",
            "UH0R5GV47",
            "UH15ZT1RV",
            "UH28P989K",
            "UH2LYREDD",
            "UH2PNBBJ7",
            "UH4RQAZ7Z",
            "UH609CXU0",
            "UHEC5ULR2",
            "UHECJRKU7",
            "UHJLRE6TU",
            "UHKCLDNAC",
            "UHPQ8MTFC",
            "UHQDKH59R",
            "UHQTMS7EY",
            "UHR7Y51QA",
            "UHS4SFFA7",
            "UHTHA38AK",
            "UHVFQ5UUC",
            "UHW2WJPJM",
            "UHWMHP8MU",
            "UHWNF64MC",
            "UJ03H37FG",
            "UJ0HPTBD2",
            "UJ138PGJ1",
            "UJ15SRE0M",
            "UJ167V97S",
            "UJ20V4ECC",
            "UJ3BLGMHV",
            "UJ410GNJ2",
            "UJ79LU3U3",
            "UJC42G5JL",
            "UJLC166NP",
            "UJNFY0BAP",
            "UJRB7EG1F",
            "UJW7ZR7PE",
            "UJZCUFM7D",
            "UJZFQ533L",
            "UK30T49RU",
            "UK384DUQH",
            "UKAHKDY2F",
            "UKAHNSLEA",
            "UKAKENQAF",
            "UKCJS13K4",
            "UKEHA1JSW",
            "UKN316Y8Y",
            "UKN9STMK7",
            "UKNKCUDFC",
            "UKP5EASTC",
            "UKQFNH4NN",
            "UKSQ6TT3Q",
            "UKT912NG5",
            "UKU6CLQB0",
            "UKVF41YJV",
            "UL01EEC3E",
            "UL0GEF132",
            "UL0MXS2CD",
            "UL0PQ9UKT",
            "UL1238EFN",
            "UL13ESGJH",
            "UL2LU9BPZ",
            "UL48LDD5Y",
            "UL49H207R",
            "UL4A1JAG3",
            "UL4G4D0UB",
            "UL4J3NUTF",
            "UL59XDEJW",
            "UL5B6R59Q",
            "UL5BG0LQK",
            "UL5MYHN4S",
            "UL90RPEQ7",
            "UL9648EBT",
            "UL96LK5T3",
            "UL97TFWLR",
            "ULF3MUNFN",
            "ULF74RFH9",
            "ULFJL58N8",
            "ULFK57XL4",
            "ULFNFQU9K",
            "ULG0CCQJZ",
            "ULGNBK8CV",
            "ULHJ71XEK",
            "ULHJYBVV5",
            "ULHM5KPHD",
            "ULHM79TJB",
            "ULHMACU6S",
            "ULJGDGFHQ",
            "ULLQAU32Q",
            "ULM2HACH4",
            "ULMDWMXJ6",
            "ULMEHJ56W",
            "ULMEJGX8S",
            "ULMFL4J82",
            "ULMG6D5GB",
            "ULMGQRMTP",
            "ULMGSPA1F",
            "ULNRQ99GB",
            "ULPQ1ECKV",
            "ULQR33F89",
            "ULRDJGN21",
            "ULS55L16V",
            "ULSCJJ61X",
            "ULSFRJ2LR",
            "ULSGHDRED",
            "ULSGHNVPT",
            "ULSHHPEBB",
            "ULT57AZ3R",
            "ULUB60T88",
            "ULUB6GFRT",
            "ULUFKEVT4",
            "ULVDV48SV",
            "ULVN9SU7R",
            "ULVQHSG2U",
            "ULX169QVA",
            "ULXPCDM3J",
            "ULYDVRXNY",
            "ULYGJ2CQ4",
            "ULYSHKF1N",
            "ULYTJ0WBA",
            "ULZ9B9858",
            "ULZGFCK46",
            "ULZRR521W",
            "UM0A2CVDE",
            "UM0CTAZPF",
            "UM0GLQE21",
            "UM0KE9RHA",
            "UM0LZ9SAG",
            "UM0NB2347",
            "UM0NBFPD5",
            "UM12KGR0E",
            "UM15W242H",
            "UM1G01HSL",
            "UM241QY7Q",
            "UM2FB5M29",
            "UM48VG9GR",
            "UM5CGLAHJ",
            "UM8PFT96J",
            "UMDMDL41G",
            "UMF9KBT09",
            "UMFV73316",
            "UMG006XGD",
            "UMGPJKUMR",
            "UMKU63ECB",
            "UML5RT2TE",
            "UMLGPCZJ4",
            "UMRG4RVME",
            "UMSFZUAUS",
            "UMTMSUFKM",
            "UMVGSCQNS",
            "UMYHH04RE",
            "UMYT1J2RX",
            "UN50J6FAL",
            "UN54FJ396",
            "UN5A15HPX",
            "UN76QQCVC",
            "UN88QSGEB",
            "UN9323EH5",
            "UN9JYN048",
            "UNEF1A5L6",
            "UNL56TGTU",
            "UNL57VCAW",
            "UNL581058",
            "UNM6K2A2J",
            "UNMDQPLHH",
            "UNMDYBLJX",
            "UNME3CREF",
            "UNY628KQB",
            "UNYEA4LQ4",
            "UNZEWNK3P",
            "UNZSA1277",
            "UNZTK1Q5T",
            "UP0PN8DP1",
            "UP0PW9X9V",
            "UP0QL0D39",
            "UP21PTGGJ",
            "UP3AANM6U",
            "UP3AB95L5",
            "UP3JFHZ8V",
            "UPDQH0N2E",
            "UPSJ0B82U",
            "UPSJ0HM5E",
            "UQ04UFVFW",
            "UQ36361UG"
        ],
        "pins": [
            {
                "id": "1548998490.001000",
                "type": "C",
                "created": 1551248364,
                "user": "UFU0BKD8F",
                "owner": "USLACKBOT"
            },
            {
                "id": "1549937786.000300",
                "type": "C",
                "created": 1551248373,
                "user": "UFU0BKD8F",
                "owner": "USLACKBOT"
            },
            {
                "id": "1551248537.032300",
                "type": "C",
                "created": 1551248581,
                "user": "UFU0BKD8F",
                "owner": "USLACKBOT"
            },
            {
                "id": "1552639311.116000",
                "type": "C",
                "created": 1554864193,
                "user": "UFU0BKD8F",
                "owner": "USLACKBOT"
            },
            {
                "id": "1554864134.028000",
                "type": "C",
                "created": 1554864208,
                "user": "UFU0BKD8F",
                "owner": "USLACKBOT"
            }
        ],
        "topic": {
            "value": "",
            "creator": "",
            "last_set": "0"
        },
        "purpose": {
            "value": "質問は具体的かつ本質的にしましょう。他人にエスパーを求めるの禁止。",
            "creator": "UFU0BKD8F",
            "last_set": "1548897455"
        }
    },
    {
        "id": "CFUAW9FQW",
        "name": "random",
        "created": "1548834160",
        "creator": "UFU0BKD8F",
        "is_archived": false,
        "is_general": false,
        "members": [
            "UFT60TQCQ",
            "UFT9ULVQR",
            "UFTDF1HHQ",
            "UFTKSQ25T",
            "UFU0BKD8F",
            "UFUP9BGES",
            "UG1QN22JZ",
            "UG46Z57TN",
            "UGFSM002K",
            "UGTNGDPUJ",
            "UGV9YDCVD",
            "UGVP0PXRA",
            "UGVSWU1CY",
            "UGVTSE7LG",
            "UGVTYQMSL",
            "UGW0ABZLG",
            "UGW0TPSQY",
            "UGW1DNGRW",
            "UGW264S4Q",
            "UGX7P1RME",
            "UGXFY0V88",
            "UGXHYR44Q",
            "UGY0UR1ND",
            "UGY5WMTHR",
            "UGY6B32E7",
            "UGY6K620K",
            "UGY6L067M",
            "UGY8856P6",
            "UGY886BT6",
            "UGY8C9DDZ",
            "UGY8GDX7W",
            "UGY8U3CSG",
            "UGY8YDQ2G",
            "UGY8Z1NR2",
            "UGY97R6NP",
            "UGY9BJ1NF",
            "UGYAR4QTE",
            "UGYBTNY58",
            "UGYBY2PK6",
            "UGYC5C4MQ",
            "UGYCLKP52",
            "UGYD5RXMJ",
            "UGYHBT55G",
            "UGYK9KX4M",
            "UGYKJTTQD",
            "UGYKRFWLD",
            "UGYQ72T0V",
            "UGYV6SG1Z",
            "UGZ2S5T5J",
            "UGZBSHP8F",
            "UGZBW92F9",
            "UGZCN013R",
            "UGZEH10LX",
            "UGZEKF45V",
            "UGZFN643Z",
            "UGZFRS015",
            "UGZGGSX3R",
            "UGZGU018X",
            "UGZHF5C9M",
            "UGZHL3G58",
            "UGZJ39LRZ",
            "UGZNBEY4E",
            "UGZNSJ3CN",
            "UGZPDFYFQ",
            "UGZPFT6SK",
            "UGZTB47PY",
            "UH02BA4MC",
            "UH06Y5F2S",
            "UH0JY61KR",
            "UH0L29KE1",
            "UH0MSCD7Z",
            "UH0PSGUJ3",
            "UH0R0GHL7",
            "UH0R5GV47",
            "UH15ZT1RV",
            "UH28P989K",
            "UH2LYREDD",
            "UH2PNBBJ7",
            "UH4RQAZ7Z",
            "UH609CXU0",
            "UHEC5ULR2",
            "UHECJRKU7",
            "UHJLRE6TU",
            "UHKCLDNAC",
            "UHPQ8MTFC",
            "UHQDKH59R",
            "UHQTMS7EY",
            "UHR7Y51QA",
            "UHS4SFFA7",
            "UHTHA38AK",
            "UHVFQ5UUC",
            "UHW2WJPJM",
            "UHWMHP8MU",
            "UHWNF64MC",
            "UJ03H37FG",
            "UJ0HPTBD2",
            "UJ138PGJ1",
            "UJ15SRE0M",
            "UJ167V97S",
            "UJ20V4ECC",
            "UJ3BLGMHV",
            "UJ410GNJ2",
            "UJ79LU3U3",
            "UJC42G5JL",
            "UJLC166NP",
            "UJNFY0BAP",
            "UJRB7EG1F",
            "UJW7ZR7PE",
            "UJZCUFM7D",
            "UJZFQ533L",
            "UK30T49RU",
            "UK384DUQH",
            "UKAHKDY2F",
            "UKAHNSLEA",
            "UKAKENQAF",
            "UKCJS13K4",
            "UKEHA1JSW",
            "UKN316Y8Y",
            "UKN9STMK7",
            "UKNKCUDFC",
            "UKP5EASTC",
            "UKQFNH4NN",
            "UKSQ6TT3Q",
            "UKT912NG5",
            "UKU6CLQB0",
            "UKVF41YJV",
            "UL01EEC3E",
            "UL0GEF132",
            "UL0MXS2CD",
            "UL0PQ9UKT",
            "UL1238EFN",
            "UL13ESGJH",
            "UL2LU9BPZ",
            "UL48LDD5Y",
            "UL49H207R",
            "UL4A1JAG3",
            "UL4G4D0UB",
            "UL4J3NUTF",
            "UL59XDEJW",
            "UL5B6R59Q",
            "UL5BG0LQK",
            "UL5MYHN4S",
            "UL90RPEQ7",
            "UL9648EBT",
            "UL96LK5T3",
            "UL97TFWLR",
            "ULF3MUNFN",
            "ULF74RFH9",
            "ULFJL58N8",
            "ULFK57XL4",
            "ULFNFQU9K",
            "ULG0CCQJZ",
            "ULGNBK8CV",
            "ULHJ71XEK",
            "ULHJYBVV5",
            "ULHM5KPHD",
            "ULHM79TJB",
            "ULHMACU6S",
            "ULJGDGFHQ",
            "ULLQAU32Q",
            "ULM2HACH4",
            "ULMDWMXJ6",
            "ULMEHJ56W",
            "ULMEJGX8S",
            "ULMFL4J82",
            "ULMG6D5GB",
            "ULMGQRMTP",
            "ULMGSPA1F",
            "ULNRQ99GB",
            "ULPQ1ECKV",
            "ULQR33F89",
            "ULRDJGN21",
            "ULS55L16V",
            "ULSCJJ61X",
            "ULSFRJ2LR",
            "ULSGHDRED",
            "ULSGHNVPT",
            "ULSHHPEBB",
            "ULT57AZ3R",
            "ULUB60T88",
            "ULUB6GFRT",
            "ULUFKEVT4",
            "ULVDV48SV",
            "ULVN9SU7R",
            "ULVQHSG2U",
            "ULX169QVA",
            "ULXPCDM3J",
            "ULYDVRXNY",
            "ULYGJ2CQ4",
            "ULYSHKF1N",
            "ULYTJ0WBA",
            "ULZ9B9858",
            "ULZGFCK46",
            "ULZRR521W",
            "UM0A2CVDE",
            "UM0CTAZPF",
            "UM0GLQE21",
            "UM0KE9RHA",
            "UM0LZ9SAG",
            "UM0NB2347",
            "UM0NBFPD5",
            "UM12KGR0E",
            "UM15W242H",
            "UM1G01HSL",
            "UM241QY7Q",
            "UM2FB5M29",
            "UM48VG9GR",
            "UM5CGLAHJ",
            "UM8PFT96J",
            "UMDMDL41G",
            "UMF9KBT09",
            "UMFV73316",
            "UMG006XGD",
            "UMGPJKUMR",
            "UMKU63ECB",
            "UML5RT2TE",
            "UMLGPCZJ4",
            "UMRG4RVME",
            "UMSFZUAUS",
            "UMTMSUFKM",
            "UMVGSCQNS",
            "UMYHH04RE",
            "UMYT1J2RX",
            "UN50J6FAL",
            "UN54FJ396",
            "UN5A15HPX",
            "UN76QQCVC",
            "UN88QSGEB",
            "UN9323EH5",
            "UN9JYN048",
            "UNEF1A5L6",
            "UNL56TGTU",
            "UNL57VCAW",
            "UNL581058",
            "UNM6K2A2J",
            "UNMDQPLHH",
            "UNMDYBLJX",
            "UNME3CREF",
            "UNY628KQB",
            "UNYEA4LQ4",
            "UNZEWNK3P",
            "UNZSA1277",
            "UNZTK1Q5T",
            "UP0PN8DP1",
            "UP0PW9X9V",
            "UP0QL0D39",
            "UP21PTGGJ",
            "UP3AANM6U",
            "UP3AB95L5",
            "UP3JFHZ8V",
            "UPDQH0N2E",
            "UPSJ0B82U",
            "UPSJ0HM5E",
            "UQ04UFVFW",
            "UQ36361UG"
        ],
        "pins": [
            {
                "id": "1548983861.011600",
                "type": "C",
                "created": 1548983919,
                "user": "UFTKSQ25T",
                "owner": "UFU0BKD8F"
            }
        ],
        "topic": {
            "value": "好きなこと書きましょう",
            "creator": "UFU0BKD8F",
            "last_set": "1548848469"
        },
        "purpose": {
            "value": "緩いコミュニケーション目的でなんでも雑談するところ。本日のおやつ投下推奨。",
            "creator": "UFU0BKD8F",
            "last_set": "1549952568"
        }
    },
    {
        "id": "CG1Q97RT7",
        "name": "tw-search-terraform",
        "created": "1549603048",
        "creator": "UFU0BKD8F",
        "is_archived": false,
        "is_general": false,
        "members": [
            "UFTKSQ25T",
            "UFU0BKD8F",
            "UFUP9BGES",
            "UG46Z57TN",
            "UGW0ABZLG",
            "UGYKRFWLD",
            "UH0PSGUJ3",
            "UKAHNSLEA",
            "UKT912NG5",
            "UL49H207R",
            "ULFNFQU9K",
            "ULZRR521W",
            "UNEF1A5L6"
        ],
        "topic": {
            "value": "停止中",
            "creator": "UFU0BKD8F",
            "last_set": "1566522983"
        },
        "purpose": {
            "value": "twitter で terraform を投稿したら投稿される。たぶん正直うるさくなるのでmute推奨",
            "creator": "UFU0BKD8F",
            "last_set": "1549603963"
        }
    },
    {
        "id": "CG2UA0AA2",
        "name": "release",
        "created": "1549591193",
        "creator": "UFU0BKD8F",
        "is_archived": false,
        "is_general": false,
        "members": [
            "UFT60TQCQ",
            "UFT9ULVQR",
            "UFTKSQ25T",
            "UFU0BKD8F",
            "UFUP9BGES",
            "UG46Z57TN",
            "UGFSM002K",
            "UGTNGDPUJ",
            "UGW0ABZLG",
            "UGW0TPSQY",
            "UGW264S4Q",
            "UGXFY0V88",
            "UGXHYR44Q",
            "UGY9BJ1NF",
            "UGZCN013R",
            "UGZNSJ3CN",
            "UH0PSGUJ3",
            "UH4RQAZ7Z",
            "UH609CXU0",
            "UHWMHP8MU",
            "UJ03H37FG",
            "UJ0HPTBD2",
            "UJ3BLGMHV",
            "UJ79LU3U3",
            "UJRB7EG1F",
            "UJW7ZR7PE",
            "UJZCUFM7D",
            "UKAHKDY2F",
            "UKAHNSLEA",
            "UKAKENQAF",
            "UKEHA1JSW",
            "UKN9STMK7",
            "UKQFNH4NN",
            "UKT912NG5",
            "UL0PQ9UKT",
            "UL13ESGJH",
            "UL49H207R",
            "UL4A1JAG3",
            "UL5B6R59Q",
            "UL90RPEQ7",
            "UL9648EBT",
            "UL96LK5T3",
            "UL97TFWLR",
            "ULF3MUNFN",
            "ULFNFQU9K",
            "ULHJYBVV5",
            "ULHM79TJB",
            "ULMG6D5GB",
            "ULNRQ99GB",
            "ULRDJGN21",
            "ULSCJJ61X",
            "ULSGHDRED",
            "ULSHHPEBB",
            "ULUB6GFRT",
            "ULUFKEVT4",
            "ULVDV48SV",
            "ULVN9SU7R",
            "ULX169QVA",
            "ULYDVRXNY",
            "ULZRR521W",
            "UM0CTAZPF",
            "UM12KGR0E",
            "UM1G01HSL",
            "UM2FB5M29",
            "UM8PFT96J",
            "UMFV73316",
            "UMKU63ECB",
            "UMRG4RVME",
            "UMTMSUFKM",
            "UMVGSCQNS",
            "UMYHH04RE",
            "UN50J6FAL",
            "UN54FJ396",
            "UN9323EH5",
            "UN9JYN048",
            "UNMDYBLJX",
            "UNME3CREF",
            "UP3AB95L5"
        ],
        "topic": {
            "value": "",
            "creator": "",
            "last_set": "0"
        },
        "purpose": {
            "value": "release bot にお知らせさせる",
            "creator": "UFU0BKD8F",
            "last_set": "1549591194"
        }
    },
    {
        "id": "CG45XC0SY",
        "name": "rss",
        "created": "1549942235",
        "creator": "UFU0BKD8F",
        "is_archived": false,
        "is_general": false,
        "members": [
            "UFTKSQ25T",
            "UFU0BKD8F",
            "UFUP9BGES",
            "UG46Z57TN",
            "UGTNGDPUJ",
            "UGW0ABZLG",
            "UGW264S4Q",
            "UGXFY0V88",
            "UGZCN013R",
            "UGZTB47PY",
            "UH0PSGUJ3",
            "UJ03H37FG",
            "UJ0HPTBD2",
            "UJ167V97S",
            "UJW7ZR7PE",
            "UJZCUFM7D",
            "UKAHKDY2F",
            "UKAHNSLEA",
            "UKT912NG5",
            "UL49H207R",
            "ULFJL58N8",
            "ULFK57XL4",
            "ULFNFQU9K",
            "ULVN9SU7R",
            "ULZRR521W",
            "UM0CTAZPF",
            "UM1G01HSL",
            "UM8PFT96J",
            "UN50J6FAL",
            "UNMDYBLJX",
            "UP0QL0D39"
        ],
        "topic": {
            "value": "",
            "creator": "",
            "last_set": "0"
        },
        "purpose": {
            "value": "terraform 関連のRSSを流すよ。リストが欲しい時は \/feed list ってすればいいよ。 追加したいときは \/feed rss-url ってすればいいと思うよ。",
            "creator": "UFU0BKD8F",
            "last_set": "1549943634"
        }
    },
    {
        "id": "CGEFZGMHP",
        "name": "ローディングメッセージ",
        "created": "1550951101",
        "creator": "UFU0BKD8F",
        "is_archived": false,
        "is_general": false,
        "members": [
            "UFU0BKD8F",
            "UGV9YDCVD",
            "UGVTSE7LG",
            "UGW0ABZLG",
            "UGW0TPSQY",
            "UGY9BJ1NF",
            "UGYKRFWLD",
            "UJ167V97S",
            "UKT912NG5",
            "ULFJL58N8",
            "ULFK57XL4",
            "ULFNFQU9K"
        ],
        "pins": [
            {
                "id": "1550951579.002200",
                "type": "C",
                "created": 1551232683,
                "user": "UFU0BKD8F",
                "owner": "UFU0BKD8F"
            }
        ],
        "topic": {
            "value": "",
            "creator": "",
            "last_set": "0"
        },
        "purpose": {
            "value": "terraform のちょっとしたtipsをローディングメッセージに積み上げてみる",
            "creator": "UFU0BKD8F",
            "last_set": "1550951553"
        }
    },
    {
        "id": "CGX4QCRNK",
        "name": "github-pages",
        "created": "1552405958",
        "creator": "UFU0BKD8F",
        "is_archived": false,
        "is_general": false,
        "members": [
            "UFTKSQ25T",
            "UFU0BKD8F",
            "UFUP9BGES",
            "UG46Z57TN",
            "UGVTSE7LG",
            "UGVTYQMSL",
            "UGW0ABZLG",
            "UGW0TPSQY",
            "UGY5WMTHR",
            "UGY6K620K",
            "UGY7APW02",
            "UGY8YDQ2G",
            "UGY9BJ1NF",
            "UGYBY2PK6",
            "UGYKRFWLD",
            "UGZTB47PY",
            "UH0PSGUJ3",
            "UJ0HPTBD2",
            "UKAHKDY2F",
            "UKAHNSLEA",
            "UKT912NG5",
            "ULFK57XL4",
            "ULFNFQU9K",
            "ULHM5KPHD",
            "ULS55L16V",
            "ULVN9SU7R",
            "ULZRR521W"
        ],
        "pins": [
            {
                "id": "1553430941.017200",
                "type": "C",
                "created": 1553430955,
                "user": "UFU0BKD8F",
                "owner": "UFU0BKD8F"
            }
        ],
        "topic": {
            "value": "<https:\/\/github.com\/terraformjp\/terraformjp.github.io>",
            "creator": "UG46Z57TN",
            "last_set": "1552456878"
        },
        "purpose": {
            "value": "<https:\/\/github.com\/terraformjp\/terraformjp.github.io> を育てるちゃんねる",
            "creator": "UFU0BKD8F",
            "last_set": "1552405959"
        }
    },
    {
        "id": "CGXD6AYGY",
        "name": "小ネタ",
        "created": "1552635199",
        "creator": "UFU0BKD8F",
        "is_archived": false,
        "is_general": false,
        "members": [
            "UFT60TQCQ",
            "UFTKSQ25T",
            "UFU0BKD8F",
            "UFUP9BGES",
            "UG46Z57TN",
            "UGFSM002K",
            "UGV9YDCVD",
            "UGVTSE7LG",
            "UGW0ABZLG",
            "UGW0TPSQY",
            "UGXFY0V88",
            "UGXHYR44Q",
            "UGY8YDQ2G",
            "UGY9BJ1NF",
            "UGYC5C4MQ",
            "UGZNSJ3CN",
            "UGZPDFYFQ",
            "UH0JY61KR",
            "UH0PSGUJ3",
            "UH4RQAZ7Z",
            "UHS4SFFA7",
            "UHWMHP8MU",
            "UHWNF64MC",
            "UJ03H37FG",
            "UJ0HPTBD2",
            "UJ3BLGMHV",
            "UJNFY0BAP",
            "UJRB7EG1F",
            "UJW7ZR7PE",
            "UJZCUFM7D",
            "UKAHKDY2F",
            "UKAHNSLEA",
            "UKEHA1JSW",
            "UKQFNH4NN",
            "UKT912NG5",
            "UL0PQ9UKT",
            "UL13ESGJH",
            "UL49H207R",
            "UL5B6R59Q",
            "UL9648EBT",
            "UL97TFWLR",
            "ULFJL58N8",
            "ULFNFQU9K",
            "ULJGDGFHQ",
            "ULMG6D5GB",
            "ULNRQ99GB",
            "ULRDJGN21",
            "ULS55L16V",
            "ULSCJJ61X",
            "ULSGHDRED",
            "ULSHHPEBB",
            "ULUFKEVT4",
            "ULVDV48SV",
            "ULVN9SU7R",
            "ULVQHSG2U",
            "ULX169QVA",
            "ULYDVRXNY",
            "ULZRR521W",
            "UM0LZ9SAG",
            "UM12KGR0E",
            "UM5CGLAHJ",
            "UM8PFT96J",
            "UMKU63ECB",
            "UML5RT2TE",
            "UMRG4RVME",
            "UMTMSUFKM",
            "UMVGSCQNS",
            "UMYHH04RE",
            "UN50J6FAL",
            "UN54FJ396",
            "UN9JYN048",
            "UP3AB95L5"
        ],
        "topic": {
            "value": "",
            "creator": "",
            "last_set": "0"
        },
        "purpose": {
            "value": "terraform に関する独り言でも書きましょう",
            "creator": "UFU0BKD8F",
            "last_set": "1552635200"
        }
    },
    {
        "id": "CJPQ4NCA2",
        "name": "ちょっとしたこと",
        "created": "1557742760",
        "creator": "UFU0BKD8F",
        "is_archived": false,
        "is_general": false,
        "members": [
            "UFT60TQCQ",
            "UFT9ULVQR",
            "UFTKSQ25T",
            "UFU0BKD8F",
            "UFUP9BGES",
            "UG46Z57TN",
            "UGFSM002K",
            "UGTNGDPUJ",
            "UGV9YDCVD",
            "UGVTSE7LG",
            "UGW0ABZLG",
            "UGW264S4Q",
            "UGXFY0V88",
            "UGXHYR44Q",
            "UGY5WMTHR",
            "UGY9BJ1NF",
            "UGYC5C4MQ",
            "UGYD5RXMJ",
            "UGYQ72T0V",
            "UGZBSHP8F",
            "UGZJ39LRZ",
            "UGZPDFYFQ",
            "UGZTB47PY",
            "UH0JY61KR",
            "UH0PSGUJ3",
            "UH2LYREDD",
            "UHKCLDNAC",
            "UHS4SFFA7",
            "UHWMHP8MU",
            "UHWNF64MC",
            "UJ0HPTBD2",
            "UJ15SRE0M",
            "UJC42G5JL",
            "UJNFY0BAP",
            "UJRB7EG1F",
            "UJZCUFM7D",
            "UKAHKDY2F",
            "UKAHNSLEA",
            "UKEHA1JSW",
            "UKQFNH4NN",
            "UKT912NG5",
            "UL0PQ9UKT",
            "UL49H207R",
            "UL4J3NUTF",
            "UL5B6R59Q",
            "UL90RPEQ7",
            "UL9648EBT",
            "UL97TFWLR",
            "ULFJL58N8",
            "ULFK57XL4",
            "ULFNFQU9K",
            "ULHM5KPHD",
            "ULHM79TJB",
            "ULJGDGFHQ",
            "ULMG6D5GB",
            "ULNRQ99GB",
            "ULRDJGN21",
            "ULS55L16V",
            "ULSCJJ61X",
            "ULSGHDRED",
            "ULSHHPEBB",
            "ULUFKEVT4",
            "ULVDV48SV",
            "ULVN9SU7R",
            "ULVQHSG2U",
            "ULX169QVA",
            "ULYDVRXNY",
            "ULZRR521W",
            "UM0CTAZPF",
            "UM12KGR0E",
            "UM1G01HSL",
            "UM8PFT96J",
            "UMF9KBT09",
            "UMKU63ECB",
            "UML5RT2TE",
            "UMRG4RVME",
            "UMTMSUFKM",
            "UMVGSCQNS",
            "UMYHH04RE",
            "UN54FJ396",
            "UN9323EH5",
            "UN9JYN048",
            "UNMDQPLHH",
            "UP0QL0D39",
            "UP3AB95L5",
            "UP3JFHZ8V"
        ],
        "topic": {
            "value": "",
            "creator": "",
            "last_set": "0"
        },
        "purpose": {
            "value": "質問ってほどでもないし、雑談って感じでもない、とりあえずterraformに関することならなんでも放り込むチャンネル。質問するのに何か手を打つ前にここに放流したらちょっと手っ取り早いかもしれない、くらいの。",
            "creator": "UFU0BKD8F",
            "last_set": "1557745077"
        }
    },
    {
        "id": "CJSG6CY65",
        "name": "gcp",
        "created": "1558657180",
        "creator": "UGW0TPSQY",
        "is_archived": false,
        "is_general": false,
        "members": [
            "UFUP9BGES",
            "UGW0ABZLG",
            "UGW0TPSQY",
            "UKQFNH4NN",
            "UKT912NG5",
            "UL48LDD5Y",
            "ULFNFQU9K",
            "ULHJYBVV5",
            "ULRDJGN21",
            "ULS55L16V",
            "ULSGHDRED",
            "UM1G01HSL",
            "UM241QY7Q",
            "UMKU63ECB",
            "UN9323EH5",
            "UNEF1A5L6",
            "UNL581058"
        ],
        "topic": {
            "value": "",
            "creator": "",
            "last_set": "0"
        },
        "purpose": {
            "value": "",
            "creator": "",
            "last_set": "0"
        }
    },
    {
        "id": "CJYSHP2Q0",
        "name": "fastly",
        "created": "1558657206",
        "creator": "UGW0TPSQY",
        "is_archived": false,
        "is_general": false,
        "members": [
            "UFUP9BGES",
            "UGW0ABZLG",
            "UGW0TPSQY",
            "UKT912NG5",
            "ULFNFQU9K",
            "ULNRQ99GB",
            "ULRDJGN21",
            "UM1G01HSL"
        ],
        "topic": {
            "value": "",
            "creator": "",
            "last_set": "0"
        },
        "purpose": {
            "value": "Fastly providerまわり",
            "creator": "UGW0TPSQY",
            "last_set": "1558657206"
        }
    },
    {
        "id": "CKM6XUP4Y",
        "name": "codereading",
        "created": "1560774761",
        "creator": "UG46Z57TN",
        "is_archived": false,
        "is_general": false,
        "members": [
            "UFT60TQCQ",
            "UFTKSQ25T",
            "UFU0BKD8F",
            "UFUP9BGES",
            "UG46Z57TN",
            "UGVP0PXRA",
            "UGW0ABZLG",
            "UGW0TPSQY",
            "UGY8U3CSG",
            "UGY8YDQ2G",
            "UGYC5C4MQ",
            "UGYK9KX4M",
            "UGYKRFWLD",
            "UHS4SFFA7",
            "UHWMHP8MU",
            "UJ0HPTBD2",
            "UJ15SRE0M",
            "UJ167V97S",
            "UJZCUFM7D",
            "UKAKENQAF",
            "UKCJS13K4",
            "UKN316Y8Y",
            "UKP5EASTC",
            "UKT912NG5",
            "UL01EEC3E",
            "UL0GEF132",
            "UL13ESGJH",
            "UL49H207R",
            "UL96LK5T3",
            "ULFK57XL4",
            "ULFNFQU9K",
            "ULHM79TJB",
            "ULM2HACH4",
            "ULMEHJ56W",
            "ULMEJGX8S",
            "ULMG6D5GB",
            "ULQR33F89",
            "ULRDJGN21",
            "ULS55L16V",
            "ULSFRJ2LR",
            "ULSGHDRED",
            "ULSHHPEBB",
            "ULVN9SU7R",
            "ULVQHSG2U",
            "ULXPCDM3J",
            "ULZ9B9858",
            "ULZRR521W",
            "UM0CTAZPF",
            "UM15W242H",
            "UM1G01HSL",
            "UM241QY7Q",
            "UMVGSCQNS",
            "UN9323EH5",
            "UNL581058",
            "UP0QL0D39",
            "UQ36361UG"
        ],
        "pins": [
            {
                "id": "1561473636.084600",
                "type": "C",
                "created": 1561509840,
                "user": "UFTKSQ25T",
                "owner": "UHS4SFFA7"
            }
        ],
        "topic": {
            "value": "#3 <https:\/\/terraform-jp.connpass.com\/event\/150359\/>\nhackmd: <https:\/\/hackmd.io\/ltNuiK_KTEaxueiCLY7rMw>",
            "creator": "UG46Z57TN",
            "last_set": "1570355901"
        },
        "purpose": {
            "value": "",
            "creator": "",
            "last_set": "0"
        }
    },
    {
        "id": "CL3G8HMUN",
        "name": "meetup",
        "created": "1561992015",
        "creator": "UG46Z57TN",
        "is_archived": false,
        "is_general": false,
        "members": [
            "UFT60TQCQ",
            "UFTKSQ25T",
            "UFU0BKD8F",
            "UFUP9BGES",
            "UG46Z57TN",
            "UGVP0PXRA",
            "UGW0ABZLG",
            "UGXFY0V88",
            "UGY5WMTHR",
            "UGY8YDQ2G",
            "UGY9BJ1NF",
            "UGYC5C4MQ",
            "UGZBW92F9",
            "UGZPDFYFQ",
            "UH0PSGUJ3",
            "UHS4SFFA7",
            "UJ0HPTBD2",
            "UJ15SRE0M",
            "UJ167V97S",
            "UJRB7EG1F",
            "UJZCUFM7D",
            "UJZFQ533L",
            "UKAHKDY2F",
            "UKAKENQAF",
            "UL0PQ9UKT",
            "UL1238EFN",
            "UL13ESGJH",
            "UL48LDD5Y",
            "UL59XDEJW",
            "UL5BG0LQK",
            "UL90RPEQ7",
            "ULFJL58N8",
            "ULFK57XL4",
            "ULFNFQU9K",
            "ULHM5KPHD",
            "ULHM79TJB",
            "ULJGDGFHQ",
            "ULMDWMXJ6",
            "ULMEJGX8S",
            "ULMG6D5GB",
            "ULS55L16V",
            "ULSGHDRED",
            "ULSHHPEBB",
            "ULVN9SU7R",
            "ULVQHSG2U",
            "ULYGJ2CQ4",
            "ULZRR521W",
            "UM0CTAZPF",
            "UM0LZ9SAG",
            "UM0NBFPD5",
            "UM12KGR0E",
            "UM241QY7Q",
            "UM5CGLAHJ",
            "UM8PFT96J",
            "UMDMDL41G",
            "UMF9KBT09",
            "UMKU63ECB",
            "UMSFZUAUS",
            "UN50J6FAL",
            "UN54FJ396",
            "UN9JYN048",
            "UNL581058",
            "UNMDQPLHH",
            "UNMDYBLJX",
            "UNZSA1277",
            "UP3JFHZ8V"
        ],
        "topic": {
            "value": "meetup#2 10\/2 <https:\/\/connpass.com\/event\/142041\/>",
            "creator": "UG46Z57TN",
            "last_set": "1567949125"
        },
        "purpose": {
            "value": "",
            "creator": "UL90RPEQ7",
            "last_set": "1564964306"
        }
    }
]