[
    {
        "client_msg_id": "1b49bd34-738a-47af-9965-10a92d7d03b3",
        "type": "message",
        "text": "はじめまして。SRE NEXT でこちらの channel を教えていただいたので参加しました。\n業務で Terraform 利用しています。宜しくお願いします:smile:",
        "user": "USTAX5RQB",
        "ts": "1580091974.012500",
        "team": "TFU0BKCQP",
        "user_team": "TFU0BKCQP",
        "source_team": "TFU0BKCQP",
        "user_profile": {
            "avatar_hash": "52d6ab1dc06a",
            "image_72": "https:\/\/avatars.slack-edge.com\/2020-01-27\/922860630709_52d6ab1dc06a9812335e_72.jpg",
            "first_name": "",
            "real_name": "masayosu",
            "display_name": "masayosu",
            "team": "TFU0BKCQP",
            "name": "masayoshi.maezawa",
            "is_restricted": false,
            "is_ultra_restricted": false
        },
        "blocks": [
            {
                "type": "rich_text",
                "block_id": "=MDW",
                "elements": [
                    {
                        "type": "rich_text_section",
                        "elements": [
                            {
                                "type": "text",
                                "text": "はじめまして。SRE NEXT でこちらの channel を教えていただいたので参加しました。\n業務で Terraform 利用しています。宜しくお願いします"
                            },
                            {
                                "type": "emoji",
                                "name": "smile"
                            }
                        ]
                    }
                ]
            }
        ],
        "reactions": [
            {
                "name": "よろしく",
                "users": [
                    "UFU0BKD8F",
                    "UG46Z57TN",
                    "ULYDVRXNY",
                    "URHQT1JSG",
                    "UGW0ABZLG",
                    "UFTKSQ25T",
                    "UGY9BJ1NF"
                ],
                "count": 7
            },
            {
                "name": "clap",
                "users": [
                    "UG46Z57TN",
                    "ULYDVRXNY",
                    "URHQT1JSG",
                    "UGW0ABZLG",
                    "UFTKSQ25T"
                ],
                "count": 5
            }
        ]
    }
]