[
    {
        "client_msg_id": "52bc1783-13bb-442b-bcb7-2695908162db",
        "type": "message",
        "text": "はじめまして、terraform-jpのツイッターから参加させていただきました。\nAWS環境でterraform を利用してます。よろしくお願いいたします。",
        "user": "USXSQU1R8",
        "ts": "1580372554.021900",
        "team": "TFU0BKCQP",
        "user_team": "TFU0BKCQP",
        "source_team": "TFU0BKCQP",
        "user_profile": {
            "avatar_hash": "gf72f225fcdb",
            "image_72": "https:\/\/secure.gravatar.com\/avatar\/f72f225fcdb09c64e2296b15760d6b47.jpg?s=72&d=https%3A%2F%2Fa.slack-edge.com%2Fdf10d%2Fimg%2Favatars%2Fava_0002-72.png",
            "first_name": "tamagawa_ksk",
            "real_name": "tamagawa_ksk",
            "display_name": "tamagawa_ksk",
            "team": "TFU0BKCQP",
            "name": "tamagawa-kosuke",
            "is_restricted": false,
            "is_ultra_restricted": false
        },
        "blocks": [
            {
                "type": "rich_text",
                "block_id": "CDRLx",
                "elements": [
                    {
                        "type": "rich_text_section",
                        "elements": [
                            {
                                "type": "text",
                                "text": "はじめまして、terraform-jpのツイッターから参加させていただきました。\nAWS環境でterraform を利用してます。よろしくお願いいたします。"
                            }
                        ]
                    }
                ]
            }
        ],
        "reactions": [
            {
                "name": "よろしく",
                "users": [
                    "UFU0BKD8F",
                    "UGW0ABZLG",
                    "URHQT1JSG",
                    "UGY9BJ1NF",
                    "UFTKSQ25T"
                ],
                "count": 5
            }
        ]
    }
]