[
    {
        "type": "message",
        "subtype": "bot_message",
        "text": "",
        "ts": "1617817824.002500",
        "bot_id": "B01D39EAGTT",
        "attachments": [
            {
                "fallback": "hashicorp\/terraform on GitHub\nv0.15.0-rc2",
                "text": "`v0.15.0-rc2`",
                "title": "hashicorp\/terraform on GitHub",
                "id": 1,
                "title_link": "https:\/\/newreleases.io\/github\/hashicorp\/terraform",
                "mrkdwn_in": [
                    "text"
                ]
            }
        ]
    },
    {
        "type": "message",
        "subtype": "bot_message",
        "text": "",
        "ts": "1617818016.002600",
        "bot_id": "B01D39EAGTT",
        "attachments": [
            {
                "fallback": "hashicorp\/terraform on GitHub\nv0.15.0-rc2v0.15.0-rc2 pre-release, updated\nrelease note: <https:\/\/newreleases.io\/github\/hashicorp\/terraform?version=v0.15.0-rc2>",
                "text": "*v0.15.0-rc2* `v0.15.0-rc2` _pre-release_, _updated_\n```\n-------------------\n0.15.0 (Unreleased)\n-------------------\n\nBUG FIXES:\n\n* core: Fix crash when rendering JSON plans containing iterable unknown values ( #28253 ( <https:\/\/github.com\/hashicorp\/terraform\/issues\/28253> ) )\n```\n<https:\/\/newreleases.io\/github\/hashicorp\/terraform?version=v0.15.0-rc2|release note...>",
                "title": "hashicorp\/terraform on GitHub",
                "id": 1,
                "title_link": "https:\/\/newreleases.io\/github\/hashicorp\/terraform",
                "mrkdwn_in": [
                    "text"
                ]
            }
        ]
    },
    {
        "type": "message",
        "subtype": "bot_message",
        "text": "",
        "ts": "1617819691.002700",
        "bot_id": "B01D39EAGTT",
        "attachments": [
            {
                "fallback": "hashicorp\/terraform on GitHub\nv0.14.10v0.14.10 \nrelease note: <https:\/\/newreleases.io\/github\/hashicorp\/terraform?version=v0.14.10>",
                "text": "*v0.14.10* `v0.14.10` \n```\n------------------------\n0.14.10 (April 07, 2021)\n------------------------\n\nBUG FIXES:\n\n* cli: Only rewrite provider locks file if its contents has changed. ( #28230 ( <https:\/\/github.com\/hashicorp\/terraform\/issues\/28230> ) )\n```\n<https:\/\/newreleases.io\/github\/hashicorp\/terraform?version=v0.14.10|release note...>",
                "title": "hashicorp\/terraform on GitHub",
                "id": 1,
                "title_link": "https:\/\/newreleases.io\/github\/hashicorp\/terraform",
                "mrkdwn_in": [
                    "text"
                ]
            }
        ]
    }
]