[
    {
        "type": "message",
        "subtype": "bot_message",
        "text": "",
        "ts": "1617649541.002200",
        "bot_id": "B01D39EAGTT",
        "attachments": [
            {
                "fallback": "hashicorp\/terraform-provider-google on GitHub\nv3.63.0",
                "text": "`v3.63.0`",
                "title": "hashicorp\/terraform-provider-google on GitHub",
                "id": 1,
                "title_link": "https:\/\/newreleases.io\/github\/hashicorp\/terraform-provider-google",
                "mrkdwn_in": [
                    "text"
                ]
            }
        ]
    },
    {
        "type": "message",
        "subtype": "bot_message",
        "text": "",
        "ts": "1617652474.002300",
        "bot_id": "B01D39EAGTT",
        "attachments": [
            {
                "fallback": "hashicorp\/terraform-provider-google on GitHub\n3.63.0v3.63.0 updated\nrelease note: <https:\/\/newreleases.io\/github\/hashicorp\/terraform-provider-google?version=v3.63.0>",
                "text": "*3.63.0* `v3.63.0` _updated_\n```\nFEATURES:\n\n* *New Data Source:* google_monitoring_istio_canonical_service ( #8789 ( <https:\/\/github.com\/hashicorp\/terraform-provider-google\/pull\/8789> ) )\n\n* *New Resource:* google_apigee_instance_attachment ( #8795 ( <https:\/\/github.com\/hashicorp\/terraform-provider-google\/pull\/8795> ) )\n\nIMPROVEMENTS:\n\n* added support for Apple silicon chip (updated to go 1.16) ( #8693 ( <https:\/\/github.com\/hashicorp\/terraform-provider-google\/pull\/8693> ) )\n\n* container:\n\n* added support for GKE Autopilot in google_container_cluster ( #8805 ( <https:\/\/github.com\/hashicorp\/terraform-provider-google\/pull\/8805> ) )\n\n* promoted networking_mode to GA in google_container_cluster ( #8805 ( <https:\/\/github.com\/hashicorp\/terraform-provider-google\/pull\/8805> ) )\n\n* added private_ipv6_google_access field to google_container_cluster ( #8798 ( <https:\/\/github.com\/hashicorp\/terraform-provider-google\/pull\/8798> ) )\n\n* sql: changed the default timeout of google_sql_database_instance to 30m from 20m ( #8802 ( <https:\/\/github.com\/hashicorp\/terraform-provider-google\/pull\/8802> ) )\n\nBUG FIXES:\n\n* bigquery: fixed issue where you couldn't extend an existing schema with additional columns in google_bigquery_table ( #8803 ( <https:\/\/github.com\/hashicorp\/terraform-provider-google\/pull\/8803> ) )\n\n* cloudidentity: modified google_cloud_identity_groups and google_cloud_identity_group_memberships to respect the user_project_override and billing_project configurations and send the appropriate headers to establish a quota project ( #8762 ( <https:\/\/github.com\/hashicorp\/terraform-provider-google\/pull\/8762> ) )\n\n* compute: added minimum for scopes field to google_compute_instance resource ( #8801 ( <https:\/\/github.com\/hashicorp\/terraform-provider-google\/pull\/8801> ) )\n\n* notebooks: fixed permadiff on labels for google_notebook_instance ( #8799 ( <https:\/\/github.com\/hashicorp\/terraform-provider-google\/pull\/8799> ) )\n\n* secretmanager: set required on secrest_data in google_secret_manager_secret_version ( #8797 ( <https:\/\/github.com\/hashicorp\/terraform-provider-google\/pull\/8797> ) )\n```\n<https:\/\/newreleases.io\/github\/hashicorp\/terraform-provider-google?version=v3.63.0|release note...>",
                "title": "hashicorp\/terraform-provider-google on GitHub",
                "id": 1,
                "title_link": "https:\/\/newreleases.io\/github\/hashicorp\/terraform-provider-google",
                "mrkdwn_in": [
                    "text"
                ]
            }
        ]
    },
    {
        "type": "message",
        "subtype": "bot_message",
        "text": "",
        "ts": "1617665138.002400",
        "bot_id": "B01D39EAGTT",
        "attachments": [
            {
                "fallback": "hashicorp\/packer on GitHub\nv1.7.2v1.7.2 \nrelease note: <https:\/\/newreleases.io\/github\/hashicorp\/packer?version=v1.7.2>",
                "text": "*v1.7.2* `v1.7.2` \n```\nPacker patch release version 1.7.2\n```\n<https:\/\/newreleases.io\/github\/hashicorp\/packer?version=v1.7.2|release note...>",
                "title": "hashicorp\/packer on GitHub",
                "id": 1,
                "title_link": "https:\/\/newreleases.io\/github\/hashicorp\/packer",
                "mrkdwn_in": [
                    "text"
                ]
            }
        ]
    }
]