[
    {
        "type": "message",
        "subtype": "bot_message",
        "text": "",
        "ts": "1619025463.005300",
        "bot_id": "B01D39EAGTT",
        "attachments": [
            {
                "fallback": "hashicorp\/vault on GitHub\nv1.7.1v1.7.1 \nrelease note: <https:\/\/newreleases.io\/github\/hashicorp\/vault?version=v1.7.1>",
                "text": "*v1.7.1* `v1.7.1` \n```\nRelease vault v1.7.1\n```\n<https:\/\/newreleases.io\/github\/hashicorp\/vault?version=v1.7.1|release note...>",
                "title": "hashicorp\/vault on GitHub",
                "id": 1,
                "title_link": "https:\/\/newreleases.io\/github\/hashicorp\/vault",
                "mrkdwn_in": [
                    "text"
                ]
            }
        ]
    },
    {
        "type": "message",
        "subtype": "bot_message",
        "text": "",
        "ts": "1619025645.005400",
        "bot_id": "B01D39EAGTT",
        "attachments": [
            {
                "fallback": "hashicorp\/vault on GitHub\nv1.5.8v1.5.8 \nrelease note: <https:\/\/newreleases.io\/github\/hashicorp\/vault?version=v1.5.8>\n\nv1.6.4v1.6.4 \nrelease note: <https:\/\/newreleases.io\/github\/hashicorp\/vault?version=v1.6.4>",
                "text": "*v1.5.8* `v1.5.8` \n```\nRelease vault v1.5.8\n```\n<https:\/\/newreleases.io\/github\/hashicorp\/vault?version=v1.5.8|release note...>\n\n*v1.6.4* `v1.6.4` \n```\nRelease vault v1.6.4\n```\n<https:\/\/newreleases.io\/github\/hashicorp\/vault?version=v1.6.4|release note...>",
                "title": "hashicorp\/vault on GitHub",
                "id": 1,
                "title_link": "https:\/\/newreleases.io\/github\/hashicorp\/vault",
                "mrkdwn_in": [
                    "text"
                ]
            }
        ]
    }
]