[
    {
        "type": "message",
        "subtype": "bot_message",
        "text": "",
        "ts": "1618358325.003400",
        "bot_id": "B01D39EAGTT",
        "attachments": [
            {
                "fallback": "hashicorp\/boundary on GitHub\napi\/v0.0.9",
                "text": "`api\/v0.0.9`",
                "title": "hashicorp\/boundary on GitHub",
                "id": 1,
                "title_link": "https:\/\/newreleases.io\/github\/hashicorp\/boundary",
                "mrkdwn_in": [
                    "text"
                ]
            }
        ]
    }
]