[
    {
        "client_msg_id": "ec111939-ee67-4166-ae32-5fc90fb8c51b",
        "type": "message",
        "text": "土日にcontaienr insight放置してるの片付けてなんか1つ着手しよう",
        "user": "UG46Z57TN",
        "ts": "1565281469.055200",
        "team": "TFU0BKCQP",
        "user_team": "TFU0BKCQP",
        "source_team": "TFU0BKCQP",
        "user_profile": {
            "avatar_hash": "c6bdd4cb17db",
            "image_72": "https:\/\/avatars.slack-edge.com\/2019-07-05\/685991185957_c6bdd4cb17db956661a1_72.jpg",
            "first_name": "Takeshi",
            "real_name": "Takeshi Kondo",
            "display_name": "chaspy",
            "team": "TFU0BKCQP",
            "name": "take.she12",
            "is_restricted": false,
            "is_ultra_restricted": false
        },
        "thread_ts": "1565281469.055200",
        "reply_count": 2,
        "reply_users_count": 2,
        "latest_reply": "1565619142.056800",
        "reply_users": [
            "UKAKENQAF",
            "UG46Z57TN"
        ],
        "replies": [
            {
                "user": "UKAKENQAF",
                "ts": "1565616126.056500"
            },
            {
                "user": "UG46Z57TN",
                "ts": "1565619142.056800"
            }
        ],
        "subscribed": false
    },
    {
        "type": "message",
        "subtype": "reminder_add",
        "text": "  8月17日 (土) 11:00 , 日本標準時 にこのチャンネルでこれをリマインドするよう設定しました : “@chaspy codereadingのあれこれあれして” ",
        "user": "UG46Z57TN",
        "ts": "1565283932.055300"
    }
]