[
    {
        "client_msg_id": "658df11b-12ff-4f23-822c-9f2233ae5d15",
        "type": "message",
        "text": "久々にpr出したらcheck全部failした :scream:\n<https:\/\/github.com\/terraform-providers\/terraform-provider-aws\/pull\/9811>",
        "user": "UKAKENQAF",
        "ts": "1566209631.058900",
        "team": "TFU0BKCQP",
        "user_team": "TFU0BKCQP",
        "source_team": "TFU0BKCQP",
        "user_profile": {
            "avatar_hash": "g3c6c9b43cb5",
            "image_72": "https:\/\/secure.gravatar.com\/avatar\/f3c6c9b43cb5ff355b8faaac3e662292.jpg?s=72&d=https%3A%2F%2Fa.slack-edge.com%2Fdf10d%2Fimg%2Favatars%2Fava_0020-72.png",
            "first_name": "",
            "real_name": "kterada0509",
            "display_name": "kterada0509",
            "team": "TFU0BKCQP",
            "name": "kterada.0509sg",
            "is_restricted": false,
            "is_ultra_restricted": false
        },
        "attachments": [
            {
                "author_name": "kterada0509",
                "fallback": "[terraform-providers\/terraform-provider-aws] #9811 Add deletion_protection attribute for aws_docdb_cluster",
                "text": "*Community Note*\n\n• Please vote on this pull request by adding a :+1: <https:\/\/blog.github.com\/2016-03-10-add-reactions-to-pull-requests-issues-and-comments\/|reaction> to the original pull request comment to help the community and maintainers prioritize this request\n• Please do not leave \"+1\" comments, they generate extra noise for pull request followers and do not help prioritize the request\n\nCloses <https:\/\/github.com\/terraform-providers\/terraform-provider-aws\/issues\/9723|#9723>\n\nRelease note for <https:\/\/github.com\/terraform-providers\/terraform-provider-aws\/blob\/master\/CHANGELOG.md|CHANGELOG>:\n\n```\nresource\/aws_docdb_cluster: Add `deletion_protection` attribute\n\n```\n\nOutput from acceptance testing:\n\n```\n$ make testacc TEST=.\/aws TESTARGS='-run=TestAccAWSDocDBCluster_'\n==&gt; Checking that code complies with gofmt requirements...\nTF_ACC=1 go test .\/aws -v -parallel 20 -run=TestAccAWSDocDBCluster_ -timeout 120m\n=== RUN   TestAccAWSDocDBCluster_basic\n=== PAUSE TestAccAWSDocDBCluster_basic\n=== RUN   TestAccAWSDocDBCluster_namePrefix\n=== PAUSE TestAccAWSDocDBCluster_namePrefix\n=== RUN   TestAccAWSDocDBCluster_generatedName\n=== PAUSE TestAccAWSDocDBCluster_generatedName\n=== RUN   TestAccAWSDocDBCluster_takeFinalSnapshot\n=== PAUSE TestAccAWSDocDBCluster_takeFinalSnapshot\n=== RUN   TestAccAWSDocDBCluster_DeletionProtection\n=== PAUSE TestAccAWSDocDBCluster_DeletionProtection\n=== RUN   TestAccAWSDocDBCluster_missingUserNameCausesError\n=== PAUSE TestAccAWSDocDBCluster_missingUserNameCausesError\n=== RUN   TestAccAWSDocDBCluster_updateTags\n=== PAUSE TestAccAWSDocDBCluster_updateTags\n=== RUN   TestAccAWSDocDBCluster_updateCloudwatchLogsExports\n=== PAUSE TestAccAWSDocDBCluster_updateCloudwatchLogsExports\n=== RUN   TestAccAWSDocDBCluster_kmsKey\n=== PAUSE TestAccAWSDocDBCluster_kmsKey\n=== RUN   TestAccAWSDocDBCluster_encrypted\n=== PAUSE TestAccAWSDocDBCluster_encrypted\n=== RUN   TestAccAWSDocDBCluster_backupsUpdate\n=== PAUSE TestAccAWSDocDBCluster_backupsUpdate\n=== RUN   TestAccAWSDocDBCluster_Port\n=== PAUSE TestAccAWSDocDBCluster_Port\n=== CONT  TestAccAWSDocDBCluster_basic\n=== CONT  TestAccAWSDocDBCluster_Port\n=== CONT  TestAccAWSDocDBCluster_missingUserNameCausesError\n=== CONT  TestAccAWSDocDBCluster_DeletionProtection\n=== CONT  TestAccAWSDocDBCluster_takeFinalSnapshot\n=== CONT  TestAccAWSDocDBCluster_generatedName\n=== CONT  TestAccAWSDocDBCluster_namePrefix\n=== CONT  TestAccAWSDocDBCluster_encrypted\n=== CONT  TestAccAWSDocDBCluster_backupsUpdate\n=== CONT  TestAccAWSDocDBCluster_kmsKey\n=== CONT  TestAccAWSDocDBCluster_updateCloudwatchLogsExports\n=== CONT  TestAccAWSDocDBCluster_updateTags\n--- PASS: TestAccAWSDocDBCluster_missingUserNameCausesError (22.93s)\n--- PASS: TestAccAWSDocDBCluster_generatedName (138.24s)\n--- PASS: TestAccAWSDocDBCluster_basic (138.79s)\n--- PASS: TestAccAWSDocDBCluster_namePrefix (169.57s)\n--- PASS: TestAccAWSDocDBCluster_encrypted (169.59s)\n--- PASS: TestAccAWSDocDBCluster_updateCloudwatchLogsExports (196.19s)\n--- PASS: TestAccAWSDocDBCluster_updateTags (198.59s)\n--- PASS: TestAccAWSDocDBCluster_backupsUpdate (201.55s)\n--- PASS: TestAccAWSDocDBCluster_takeFinalSnapshot (202.77s)\n--- PASS: TestAccAWSDocDBCluster_kmsKey (214.53s)\n--- PASS: TestAccAWSDocDBCluster_DeletionProtection (221.19s)\n--- PASS: TestAccAWSDocDBCluster_Port (285.84s)\nPASS\nok  \t<http:\/\/github.com\/terraform-providers\/terraform-provider-aws\/aws|github.com\/terraform-providers\/terraform-provider-aws\/aws>\t285.965s\n\n```",
                "title": "#9811 Add deletion_protection attribute for aws_docdb_cluster",
                "footer": "<https:\/\/github.com\/terraform-providers\/terraform-provider-aws|terraform-providers\/terraform-provider-aws>",
                "id": 1,
                "title_link": "https:\/\/github.com\/terraform-providers\/terraform-provider-aws\/pull\/9811",
                "author_link": "https:\/\/github.com\/kterada0509",
                "author_icon": "https:\/\/avatars3.githubusercontent.com\/u\/7654622?v=4",
                "footer_icon": "https:\/\/github.githubassets.com\/favicon.ico",
                "ts": 1566209131,
                "color": "36a64f",
                "fields": [
                    {
                        "title": "Labels",
                        "value": "documentation, size\/M, tests",
                        "short": true
                    },
                    {
                        "title": "Reviewers",
                        "value": "@terraform-providers\/aws-provider",
                        "short": true
                    }
                ],
                "mrkdwn_in": [
                    "text"
                ],
                "bot_id": "BH12QQBB4",
                "app_unfurl_url": "https:\/\/github.com\/terraform-providers\/terraform-provider-aws\/pull\/9811",
                "is_app_unfurl": true
            }
        ],
        "reactions": [
            {
                "name": "innocent",
                "users": [
                    "UHS4SFFA7"
                ],
                "count": 1
            }
        ]
    }
]