[
    {
        "client_msg_id": "c1b5489b-b213-4e17-93d3-4b5060beea23",
        "type": "message",
        "text": "もう週明け月曜じゃん。。。\n月日が経つのが早すぎてやばい。",
        "user": "UFU0BKD8F",
        "ts": "1567125272.001200",
        "team": "TFU0BKCQP",
        "user_team": "TFU0BKCQP",
        "source_team": "TFU0BKCQP",
        "user_profile": {
            "avatar_hash": "92c41c62c7b0",
            "image_72": "https:\/\/avatars.slack-edge.com\/2019-01-30\/537137791812_92c41c62c7b0f054d3dd_72.jpg",
            "first_name": "らき",
            "real_name": "らき",
            "display_name": "raki",
            "team": "TFU0BKCQP",
            "name": "nishimuray",
            "is_restricted": false,
            "is_ultra_restricted": false
        },
        "reactions": [
            {
                "name": "wakaru",
                "users": [
                    "UFTKSQ25T"
                ],
                "count": 1
            }
        ]
    }
]