[
    {
        "client_msg_id": "c9ba07e3-3a58-47af-b1a3-aafb73357607",
        "type": "message",
        "text": "あとでやろうとおいてたら自動優勝してたｗ\n<https:\/\/github.com\/terraform-providers\/terraform-provider-aws\/pull\/9369>",
        "user": "UG46Z57TN",
        "ts": "1564904062.041300",
        "team": "TFU0BKCQP",
        "user_team": "TFU0BKCQP",
        "source_team": "TFU0BKCQP",
        "user_profile": {
            "avatar_hash": "c6bdd4cb17db",
            "image_72": "https:\/\/avatars.slack-edge.com\/2019-07-05\/685991185957_c6bdd4cb17db956661a1_72.jpg",
            "first_name": "Takeshi",
            "real_name": "Takeshi Kondo",
            "display_name": "chaspy",
            "team": "TFU0BKCQP",
            "name": "take.she12",
            "is_restricted": false,
            "is_ultra_restricted": false
        },
        "attachments": [
            {
                "author_name": "chaspy",
                "fallback": "[terraform-providers\/terraform-provider-aws] #9369 Add support for lambda permission import",
                "text": "*Community Note*\n\n• Please vote on this pull request by adding a :+1: <https:\/\/blog.github.com\/2016-03-10-add-reactions-to-pull-requests-issues-and-comments\/|reaction> to the original pull request comment to help the community and maintainers prioritize this request\n• Please do not leave \"+1\" comments, they generate extra noise for pull request followers and do not help prioritize the request\n\nFixes <https:\/\/github.com\/terraform-providers\/terraform-provider-aws\/issues\/9357|#9357>\n\nRelease note for <https:\/\/github.com\/terraform-providers\/terraform-provider-aws\/blob\/master\/CHANGELOG.md|CHANGELOG>:\n\n```\nresource\/aws_lambda_permission: Support resource import\n\n```\n\nOutput from acceptance testing:\n\n```\nmake testacc TESTARGS='-run=TestAccAWSCloudWatchEventTarget_basic' \n==&gt; Checking that code complies with gofmt requirements...\nTF_ACC=1 go test .\/... -v -parallel 20 -run=TestAccAWSCloudWatchEventTarget_basic -timeout 120m\n?   \t<http:\/\/github.com\/terraform-providers\/terraform-provider-aws|github.com\/terraform-providers\/terraform-provider-aws>\t[no test files]\n=== RUN   TestAccAWSCloudWatchEventTarget_basic\n=== PAUSE TestAccAWSCloudWatchEventTarget_basic\n=== CONT  TestAccAWSCloudWatchEventTarget_basic\n--- PASS: TestAccAWSCloudWatchEventTarget_basic (58.64s)\nPASS\nok  \t<http:\/\/github.com\/terraform-providers\/terraform-provider-aws\/aws|github.com\/terraform-providers\/terraform-provider-aws\/aws>\t58.721s\n\n```",
                "title": "#9369 Add support for lambda permission import",
                "footer": "<https:\/\/github.com\/terraform-providers\/terraform-provider-aws|terraform-providers\/terraform-provider-aws>",
                "id": 1,
                "title_link": "https:\/\/github.com\/terraform-providers\/terraform-provider-aws\/pull\/9369",
                "author_link": "https:\/\/github.com\/chaspy",
                "author_icon": "https:\/\/avatars2.githubusercontent.com\/u\/10370988?v=4",
                "ts": 1563307902,
                "color": "6f42c1",
                "fields": [
                    {
                        "title": "Assignees",
                        "value": "ryndaniels",
                        "short": true
                    },
                    {
                        "title": "Labels",
                        "value": "documentation, enhancement, service\/lambda, size\/M, tests",
                        "short": true
                    }
                ],
                "mrkdwn_in": [
                    "text"
                ],
                "bot_id": "BH12QQBB4",
                "app_unfurl_url": "https:\/\/github.com\/terraform-providers\/terraform-provider-aws\/pull\/9369",
                "is_app_unfurl": true
            }
        ],
        "reactions": [
            {
                "name": "tada",
                "users": [
                    "UKAKENQAF",
                    "UHS4SFFA7",
                    "ULZRR521W"
                ],
                "count": 3
            },
            {
                "name": "sparkles",
                "users": [
                    "UGY8YDQ2G"
                ],
                "count": 1
            }
        ]
    },
    {
        "type": "message",
        "subtype": "thread_broadcast",
        "text": "時間的に現地参加するのが難しそうなので、HackMDとこのslackで参加できる時間だけリモート参加してみようかと思うんですが、そういうのってありですか？",
        "user": "ULMEJGX8S",
        "ts": "1564918131.041700",
        "thread_ts": "1564800321.039400",
        "root": {
            "client_msg_id": "86022b24-bac6-430b-a57a-1f84ab0643d3",
            "type": "message",
            "text": "<!channel> 公開しました！\n<https:\/\/connpass.com\/event\/142039\/>",
            "user": "UG46Z57TN",
            "ts": "1564800321.039400",
            "team": "TFU0BKCQP",
            "attachments": [
                {
                    "service_name": "connpass",
                    "title": "Terraform Source Code Reading#2 (2019\/09\/02 18:45〜)",
                    "title_link": "https:\/\/connpass.com\/event\/142039\/",
                    "text": "## Terraform Source Code Reading Terraform, aws-providerにcontributionするために、まずはソースコードを読んでみよう！という会です。 Contributionに挑戦したいひと、あるいはすでにコミッターとして活躍しているひとなど、いろんなひとの参加を歓迎します。 ## コンテンツ 柔軟にいけると思いますが、2回目なので大きな流れぐらいは思いつき次第追記します。 slack（#codereading \/ Terraform-jp slack)での意見も歓迎します。 ## 会場 オイシックス・ラ・大地さんの会議室で行...",
                    "fallback": "connpass: Terraform Source Code Reading#2 (2019\/09\/02 18:45〜)",
                    "image_url": "https:\/\/connpass-tokyo.s3.amazonaws.com\/thumbs\/dc\/7e\/dc7e948e93f0ba0bfb9848635f74c520.png",
                    "from_url": "https:\/\/connpass.com\/event\/142039\/",
                    "image_width": 250,
                    "image_height": 250,
                    "image_bytes": 17974,
                    "service_icon": "https:\/\/connpass.com\/static\/img\/apple_touch_icon.png",
                    "id": 1,
                    "original_url": "https:\/\/connpass.com\/event\/142039\/"
                }
            ],
            "thread_ts": "1564800321.039400",
            "reply_count": 6,
            "reply_users_count": 3,
            "latest_reply": "1564976198.046700",
            "reply_users": [
                "ULMEJGX8S",
                "UG46Z57TN",
                "UHS4SFFA7"
            ],
            "replies": [
                {
                    "user": "ULMEJGX8S",
                    "ts": "1564918131.041700"
                },
                {
                    "user": "UG46Z57TN",
                    "ts": "1564921257.044000"
                },
                {
                    "user": "UG46Z57TN",
                    "ts": "1564921287.045000"
                },
                {
                    "user": "ULMEJGX8S",
                    "ts": "1564921516.045400"
                },
                {
                    "user": "UHS4SFFA7",
                    "ts": "1564976064.046200"
                },
                {
                    "user": "UG46Z57TN",
                    "ts": "1564976198.046700"
                }
            ],
            "subscribed": false
        },
        "client_msg_id": "abe66c74-dee8-4101-b786-087c7bf6c415"
    },
    {
        "client_msg_id": "C81B44E6-4B45-44C9-96A5-086287F8865F",
        "type": "message",
        "text": "<@ULMEJGX8S> ありです！\n現地側がどれだけリモート配慮するかは約束できませんが、ちゃんと参加の声をあげてもらえて、かつ、もし簡単に電話会議で配信できればそういうこともできるかもしれません",
        "user": "UG46Z57TN",
        "ts": "1564921257.044000",
        "team": "TFU0BKCQP",
        "user_team": "TFU0BKCQP",
        "source_team": "TFU0BKCQP",
        "user_profile": {
            "avatar_hash": "c6bdd4cb17db",
            "image_72": "https:\/\/avatars.slack-edge.com\/2019-07-05\/685991185957_c6bdd4cb17db956661a1_72.jpg",
            "first_name": "Takeshi",
            "real_name": "Takeshi Kondo",
            "display_name": "chaspy",
            "team": "TFU0BKCQP",
            "name": "take.she12",
            "is_restricted": false,
            "is_ultra_restricted": false
        },
        "edited": {
            "user": "UG46Z57TN",
            "ts": "1564921313.000000"
        },
        "thread_ts": "1564800321.039400",
        "parent_user_id": "UG46Z57TN",
        "reactions": [
            {
                "name": "すてき",
                "users": [
                    "ULMEJGX8S"
                ],
                "count": 1
            }
        ]
    },
    {
        "client_msg_id": "604C21FC-A6F8-4C64-AB6B-3326328A90A3",
        "type": "message",
        "text": "少なくとも当日slackのこのチャンネルとかで誰かが実況したり、質問したりそれに答えたりとかはできるはずです。",
        "user": "UG46Z57TN",
        "ts": "1564921287.045000",
        "team": "TFU0BKCQP",
        "user_team": "TFU0BKCQP",
        "source_team": "TFU0BKCQP",
        "user_profile": {
            "avatar_hash": "c6bdd4cb17db",
            "image_72": "https:\/\/avatars.slack-edge.com\/2019-07-05\/685991185957_c6bdd4cb17db956661a1_72.jpg",
            "first_name": "Takeshi",
            "real_name": "Takeshi Kondo",
            "display_name": "chaspy",
            "team": "TFU0BKCQP",
            "name": "take.she12",
            "is_restricted": false,
            "is_ultra_restricted": false
        },
        "edited": {
            "user": "UG46Z57TN",
            "ts": "1564921324.000000"
        },
        "thread_ts": "1564800321.039400",
        "parent_user_id": "UG46Z57TN",
        "reactions": [
            {
                "name": "すてき",
                "users": [
                    "ULMEJGX8S"
                ],
                "count": 1
            }
        ]
    },
    {
        "client_msg_id": "5c797bbc-9041-456b-9ccc-65f482cb134f",
        "type": "message",
        "text": "了解です。\nHackMDとSlack経由でなにか交流できたらいいな。くらいの認識ですので、こちらは気にせず現地で盛り上がってください :smile:",
        "user": "ULMEJGX8S",
        "ts": "1564921516.045400",
        "team": "TFU0BKCQP",
        "user_team": "TFU0BKCQP",
        "source_team": "TFU0BKCQP",
        "user_profile": {
            "avatar_hash": "g0e9fb058948",
            "image_72": "https:\/\/secure.gravatar.com\/avatar\/40e9fb058948fbe7560f77b49937aece.jpg?s=72&d=https%3A%2F%2Fa.slack-edge.com%2Fdf10d%2Fimg%2Favatars%2Fava_0009-72.png",
            "first_name": "",
            "real_name": "ques0942",
            "display_name": "ques0942",
            "team": "TFU0BKCQP",
            "name": "nari0942",
            "is_restricted": false,
            "is_ultra_restricted": false
        },
        "thread_ts": "1564800321.039400",
        "parent_user_id": "UG46Z57TN",
        "reactions": [
            {
                "name": "+1",
                "users": [
                    "UG46Z57TN",
                    "UFTKSQ25T"
                ],
                "count": 2
            }
        ]
    },
    {
        "client_msg_id": "a4d0f9ae-3225-4e8e-abc9-7df698ef4387",
        "type": "message",
        "text": "meetupのタイミングだけじゃなくて、別に環境構築で分からないこととか随時このチャンネルに垂れ流したらええんやで。",
        "user": "UHS4SFFA7",
        "ts": "1564976064.046200",
        "team": "TFU0BKCQP",
        "user_team": "TFU0BKCQP",
        "source_team": "TFU0BKCQP",
        "user_profile": {
            "avatar_hash": "gade34f8bdf1",
            "image_72": "https:\/\/secure.gravatar.com\/avatar\/5ade34f8bdf1b55c4ff82c11cf23cf42.jpg?s=72&d=https%3A%2F%2Fa.slack-edge.com%2Fdf10d%2Fimg%2Favatars%2Fava_0008-72.png",
            "first_name": "",
            "real_name": "minamijoyo",
            "display_name": "minamijoyo",
            "team": "TFU0BKCQP",
            "name": "minamijoyo",
            "is_restricted": false,
            "is_ultra_restricted": false
        },
        "thread_ts": "1564800321.039400",
        "parent_user_id": "UG46Z57TN",
        "reactions": [
            {
                "name": "yatteiki",
                "users": [
                    "UG46Z57TN",
                    "UFTKSQ25T"
                ],
                "count": 2
            },
            {
                "name": "sorena",
                "users": [
                    "ULMEJGX8S",
                    "UFTKSQ25T"
                ],
                "count": 2
            }
        ]
    },
    {
        "client_msg_id": "16cff9ef-caef-44db-9dd8-050be2571259",
        "type": "message",
        "text": "というよりcodereadingはオフ会当日よりそれまでの時間のほうが大事なんです、なるべく手ぶらではなく日頃からそれぞれで進めていって、会ったときにそれベースに学びを加速できると最高",
        "user": "UG46Z57TN",
        "ts": "1564976198.046700",
        "team": "TFU0BKCQP",
        "user_team": "TFU0BKCQP",
        "source_team": "TFU0BKCQP",
        "user_profile": {
            "avatar_hash": "c6bdd4cb17db",
            "image_72": "https:\/\/avatars.slack-edge.com\/2019-07-05\/685991185957_c6bdd4cb17db956661a1_72.jpg",
            "first_name": "Takeshi",
            "real_name": "Takeshi Kondo",
            "display_name": "chaspy",
            "team": "TFU0BKCQP",
            "name": "take.she12",
            "is_restricted": false,
            "is_ultra_restricted": false
        },
        "thread_ts": "1564800321.039400",
        "parent_user_id": "UG46Z57TN",
        "reactions": [
            {
                "name": "wakarimi",
                "users": [
                    "ULMEJGX8S",
                    "UFTKSQ25T"
                ],
                "count": 2
            },
            {
                "name": "heart_eyes",
                "users": [
                    "UFU0BKD8F"
                ],
                "count": 1
            }
        ]
    }
]