[
    {
        "client_msg_id": "cb7ae134-d741-435e-97aa-5808550f1561",
        "type": "message",
        "text": "ですねー。\nそもそも\ntemplate_file　と local_file以外で\n実現できないかなーと探してましたが\nなかなかそのような情報はでてこないですね。",
        "user": "U02K7TWFJ83",
        "ts": "1639988140.060000",
        "blocks": [
            {
                "type": "rich_text",
                "block_id": "oCv",
                "elements": [
                    {
                        "type": "rich_text_section",
                        "elements": [
                            {
                                "type": "text",
                                "text": "ですねー。\nそもそも\ntemplate_file　と local_file以外で\n実現できないかなーと探してましたが\nなかなかそのような情報はでてこないですね。"
                            }
                        ]
                    }
                ]
            }
        ],
        "team": "TFU0BKCQP",
        "user_team": "TFU0BKCQP",
        "source_team": "TFU0BKCQP",
        "user_profile": {
            "avatar_hash": "86721a977b30",
            "image_72": "https:\/\/avatars.slack-edge.com\/2021-10-27\/2654208361715_86721a977b3051d7e40e_72.jpg",
            "first_name": "myabaou",
            "real_name": "myabaou",
            "display_name": "myabaou",
            "team": "TFU0BKCQP",
            "name": "yu_mabashi",
            "is_restricted": false,
            "is_ultra_restricted": false
        },
        "thread_ts": "1639970387.058600",
        "parent_user_id": "U02K7TWFJ83"
    },
    {
        "client_msg_id": "a547539f-68d1-4b55-8d27-3d726440cf37",
        "type": "message",
        "text": "null_resource がいやな理由がわからないのでアレだけど、\n似たような機能を実現するのに random_integer とかのランダムプロバイダーがあります。\nこんな感じでファイルが更新されていたら拾えます。\n<https:\/\/github.com\/officel\/examples-terraform\/blob\/main\/jokes\/zatsudan2\/main.tf>",
        "user": "UFU0BKD8F",
        "ts": "1640009344.060200",
        "blocks": [
            {
                "type": "rich_text",
                "block_id": "snLu",
                "elements": [
                    {
                        "type": "rich_text_section",
                        "elements": [
                            {
                                "type": "text",
                                "text": "null_resource がいやな理由がわからないのでアレだけど、\n似たような機能を実現するのに random_integer とかのランダムプロバイダーがあります。\nこんな感じでファイルが更新されていたら拾えます。\n"
                            },
                            {
                                "type": "link",
                                "url": "https:\/\/github.com\/officel\/examples-terraform\/blob\/main\/jokes\/zatsudan2\/main.tf"
                            }
                        ]
                    }
                ]
            }
        ],
        "team": "TFU0BKCQP",
        "user_team": "TFU0BKCQP",
        "source_team": "TFU0BKCQP",
        "user_profile": {
            "avatar_hash": "92c41c62c7b0",
            "image_72": "https:\/\/avatars.slack-edge.com\/2019-01-30\/537137791812_92c41c62c7b0f054d3dd_72.jpg",
            "first_name": "らき",
            "real_name": "らき",
            "display_name": "raki",
            "team": "TFU0BKCQP",
            "name": "nishimuray",
            "is_restricted": false,
            "is_ultra_restricted": false
        },
        "thread_ts": "1639970387.058600",
        "parent_user_id": "U02K7TWFJ83",
        "reactions": [
            {
                "name": "eyes",
                "users": [
                    "U02K7TWFJ83"
                ],
                "count": 1
            },
            {
                "name": "exclamation",
                "users": [
                    "U02NTCZJLAX"
                ],
                "count": 1
            }
        ]
    },
    {
        "client_msg_id": "47a8bf47-b0c2-4024-91ce-93e97bf994c2",
        "type": "message",
        "text": "同じ機能でキーパーを使うのに時間制御って手がありつつ\n<https:\/\/github.com\/officel\/examples-terraform\/blob\/main\/jokes\/rps\/main.tf>\n強制的に時間経過で処理させる time provider もあります。\n<https:\/\/github.com\/officel\/examples-terraform\/blob\/main\/provider\/time\/main.tf>\n（どっちも今回のには向いてないけど）",
        "user": "UFU0BKD8F",
        "ts": "1640009621.060600",
        "blocks": [
            {
                "type": "rich_text",
                "block_id": "8zWR+",
                "elements": [
                    {
                        "type": "rich_text_section",
                        "elements": [
                            {
                                "type": "text",
                                "text": "同じ機能でキーパーを使うのに時間制御って手がありつつ\n"
                            },
                            {
                                "type": "link",
                                "url": "https:\/\/github.com\/officel\/examples-terraform\/blob\/main\/jokes\/rps\/main.tf"
                            },
                            {
                                "type": "text",
                                "text": "\n強制的に時間経過で処理させる time provider もあります。\n"
                            },
                            {
                                "type": "link",
                                "url": "https:\/\/github.com\/officel\/examples-terraform\/blob\/main\/provider\/time\/main.tf"
                            },
                            {
                                "type": "text",
                                "text": "\n（どっちも今回のには向いてないけど）"
                            }
                        ]
                    }
                ]
            }
        ],
        "team": "TFU0BKCQP",
        "user_team": "TFU0BKCQP",
        "source_team": "TFU0BKCQP",
        "user_profile": {
            "avatar_hash": "92c41c62c7b0",
            "image_72": "https:\/\/avatars.slack-edge.com\/2019-01-30\/537137791812_92c41c62c7b0f054d3dd_72.jpg",
            "first_name": "らき",
            "real_name": "らき",
            "display_name": "raki",
            "team": "TFU0BKCQP",
            "name": "nishimuray",
            "is_restricted": false,
            "is_ultra_restricted": false
        },
        "attachments": [
            {
                "id": 1,
                "footer_icon": "https:\/\/slack.github.com\/static\/img\/favicon-neutral.png",
                "color": "24292f",
                "bot_id": "B01U2F8JUF9",
                "app_unfurl_url": "https:\/\/github.com\/officel\/examples-terraform\/blob\/main\/jokes\/rps\/main.tf",
                "is_app_unfurl": true,
                "app_id": "A01BP7R4KNY",
                "fallback": "<https:\/\/github.com\/officel\/examples-terraform\/blob\/main\/jokes\/rps\/main.tf | main.tf>",
                "title": "<https:\/\/github.com\/officel\/examples-terraform\/blob\/main\/jokes\/rps\/main.tf | main.tf>",
                "footer": "<https:\/\/github.com\/officel\/examples-terraform|officel\/examples-terraform>",
                "mrkdwn_in": [
                    "text"
                ]
            },
            {
                "id": 2,
                "footer_icon": "https:\/\/slack.github.com\/static\/img\/favicon-neutral.png",
                "color": "24292f",
                "bot_id": "B01U2F8JUF9",
                "app_unfurl_url": "https:\/\/github.com\/officel\/examples-terraform\/blob\/main\/provider\/time\/main.tf",
                "is_app_unfurl": true,
                "app_id": "A01BP7R4KNY",
                "fallback": "<https:\/\/github.com\/officel\/examples-terraform\/blob\/main\/provider\/time\/main.tf | main.tf>",
                "title": "<https:\/\/github.com\/officel\/examples-terraform\/blob\/main\/provider\/time\/main.tf | main.tf>",
                "footer": "<https:\/\/github.com\/officel\/examples-terraform|officel\/examples-terraform>",
                "mrkdwn_in": [
                    "text"
                ]
            }
        ],
        "thread_ts": "1639970387.058600",
        "parent_user_id": "U02K7TWFJ83"
    },
    {
        "client_msg_id": "dc6ded8d-d91d-451e-8076-5c03dc6c605f",
        "type": "message",
        "text": "忘れないって話では使えないけど、taint(replace)を使うって手もあり。。。\n<https:\/\/github.com\/officel\/examples-terraform\/tree\/main\/examples\/local-exec>",
        "user": "UFU0BKD8F",
        "ts": "1640009686.060900",
        "blocks": [
            {
                "type": "rich_text",
                "block_id": "Aae",
                "elements": [
                    {
                        "type": "rich_text_section",
                        "elements": [
                            {
                                "type": "text",
                                "text": "忘れないって話では使えないけど、taint(replace)を使うって手もあり。。。\n"
                            },
                            {
                                "type": "link",
                                "url": "https:\/\/github.com\/officel\/examples-terraform\/tree\/main\/examples\/local-exec"
                            }
                        ]
                    }
                ]
            }
        ],
        "team": "TFU0BKCQP",
        "user_team": "TFU0BKCQP",
        "source_team": "TFU0BKCQP",
        "user_profile": {
            "avatar_hash": "92c41c62c7b0",
            "image_72": "https:\/\/avatars.slack-edge.com\/2019-01-30\/537137791812_92c41c62c7b0f054d3dd_72.jpg",
            "first_name": "らき",
            "real_name": "らき",
            "display_name": "raki",
            "team": "TFU0BKCQP",
            "name": "nishimuray",
            "is_restricted": false,
            "is_ultra_restricted": false
        },
        "thread_ts": "1639970387.058600",
        "parent_user_id": "U02K7TWFJ83",
        "reactions": [
            {
                "name": "eyes",
                "users": [
                    "U02K7TWFJ83"
                ],
                "count": 1
            }
        ]
    },
    {
        "client_msg_id": "9037904e-4dda-4e55-bf57-6754f563cf6d",
        "type": "message",
        "text": "<@UFU0BKD8F> ありがとうございます。\nrandom_integer　そのような使い方ができるんですね。\n参考になりました。",
        "user": "U02K7TWFJ83",
        "ts": "1640052110.061300",
        "blocks": [
            {
                "type": "rich_text",
                "block_id": "Ao+",
                "elements": [
                    {
                        "type": "rich_text_section",
                        "elements": [
                            {
                                "type": "user",
                                "user_id": "UFU0BKD8F"
                            },
                            {
                                "type": "text",
                                "text": " ありがとうございます。\nrandom_integer　そのような使い方ができるんですね。\n参考になりました。"
                            }
                        ]
                    }
                ]
            }
        ],
        "team": "TFU0BKCQP",
        "user_team": "TFU0BKCQP",
        "source_team": "TFU0BKCQP",
        "user_profile": {
            "avatar_hash": "86721a977b30",
            "image_72": "https:\/\/avatars.slack-edge.com\/2021-10-27\/2654208361715_86721a977b3051d7e40e_72.jpg",
            "first_name": "myabaou",
            "real_name": "myabaou",
            "display_name": "myabaou",
            "team": "TFU0BKCQP",
            "name": "yu_mabashi",
            "is_restricted": false,
            "is_ultra_restricted": false
        },
        "thread_ts": "1639970387.058600",
        "parent_user_id": "U02K7TWFJ83"
    },
    {
        "client_msg_id": "fc0f78cc-8230-4466-a849-ebe2f64e7e9b",
        "type": "message",
        "text": "random_integerなるほど。面白いですね・・・",
        "user": "U02NTCZJLAX",
        "ts": "1640053435.061600",
        "blocks": [
            {
                "type": "rich_text",
                "block_id": "2U8p",
                "elements": [
                    {
                        "type": "rich_text_section",
                        "elements": [
                            {
                                "type": "text",
                                "text": "random_integerなるほど。面白いですね・・・"
                            }
                        ]
                    }
                ]
            }
        ],
        "team": "TFU0BKCQP",
        "user_team": "TFU0BKCQP",
        "source_team": "TFU0BKCQP",
        "user_profile": {
            "avatar_hash": "c5c08031276d",
            "image_72": "https:\/\/avatars.slack-edge.com\/2021-11-28\/2775441655891_c5c08031276daec59feb_72.png",
            "first_name": "moajo",
            "real_name": "moajo",
            "display_name": "moajo",
            "team": "TFU0BKCQP",
            "name": "mimirosiasd",
            "is_restricted": false,
            "is_ultra_restricted": false
        },
        "thread_ts": "1639970387.058600",
        "parent_user_id": "U02K7TWFJ83"
    },
    {
        "client_msg_id": "21586332-f5d6-48a4-a1b0-e63ad8866f4e",
        "type": "message",
        "text": "ファイル変更検知系だと、変更検知したいディレクトリまるごとarchive_fileしてそのoutput_shaの変化で検知するやつは前使ってました",
        "user": "U02NTCZJLAX",
        "ts": "1640053723.061800",
        "blocks": [
            {
                "type": "rich_text",
                "block_id": "Jmzhc",
                "elements": [
                    {
                        "type": "rich_text_section",
                        "elements": [
                            {
                                "type": "text",
                                "text": "ファイル変更検知系だと、変更検知したいディレクトリまるごとarchive_fileしてそのoutput_shaの変化で検知するやつは前使ってました"
                            }
                        ]
                    }
                ]
            }
        ],
        "team": "TFU0BKCQP",
        "user_team": "TFU0BKCQP",
        "source_team": "TFU0BKCQP",
        "user_profile": {
            "avatar_hash": "c5c08031276d",
            "image_72": "https:\/\/avatars.slack-edge.com\/2021-11-28\/2775441655891_c5c08031276daec59feb_72.png",
            "first_name": "moajo",
            "real_name": "moajo",
            "display_name": "moajo",
            "team": "TFU0BKCQP",
            "name": "mimirosiasd",
            "is_restricted": false,
            "is_ultra_restricted": false
        },
        "thread_ts": "1639970387.058600",
        "parent_user_id": "U02K7TWFJ83"
    }
]