[
    {
        "client_msg_id": "3600106f-5d81-4003-ac2e-fd31022eca81",
        "type": "message",
        "text": "<@ULMGSPA1F>\n実際のサイクルを知れて勉強になります。\nデフォルトとの誤差、気をつけます。state showが全部見れるので、これをドキュメントにしてテストしましたでもOKですよね。",
        "user": "U02R4SDAU3S",
        "ts": "1639476598.052200",
        "blocks": [
            {
                "type": "rich_text",
                "block_id": "ljKa",
                "elements": [
                    {
                        "type": "rich_text_section",
                        "elements": [
                            {
                                "type": "user",
                                "user_id": "ULMGSPA1F"
                            },
                            {
                                "type": "text",
                                "text": "\n実際のサイクルを知れて勉強になります。\nデフォルトとの誤差、気をつけます。state showが全部見れるので、これをドキュメントにしてテストしましたでもOKですよね。"
                            }
                        ]
                    }
                ]
            }
        ],
        "team": "TFU0BKCQP",
        "user_team": "TFU0BKCQP",
        "source_team": "TFU0BKCQP",
        "user_profile": {
            "avatar_hash": "4971a6c9f67c",
            "image_72": "https:\/\/avatars.slack-edge.com\/2021-12-13\/2828238991717_4971a6c9f67c45b5b6ec_72.png",
            "first_name": "yamada",
            "real_name": "yamada",
            "display_name": "yamada",
            "team": "TFU0BKCQP",
            "name": "yamada_sakura",
            "is_restricted": false,
            "is_ultra_restricted": false
        },
        "thread_ts": "1639386757.045500",
        "parent_user_id": "U02R4SDAU3S"
    },
    {
        "client_msg_id": "38ce4564-b647-4ec9-b1ac-6821532c5e6a",
        "type": "message",
        "text": "開発環境importは僕もよくやってますが、その場合一回全リソースをdestroyしてapplyし直すのをやってますね\nこうするとテストしなくてもズレがないことを保証できます",
        "user": "U02NTCZJLAX",
        "ts": "1639494045.052500",
        "blocks": [
            {
                "type": "rich_text",
                "block_id": "0vH6",
                "elements": [
                    {
                        "type": "rich_text_section",
                        "elements": [
                            {
                                "type": "text",
                                "text": "開発環境importは僕もよくやってますが、その場合一回全リソースをdestroyしてapplyし直すのをやってますね\nこうするとテストしなくてもズレがないことを保証できます"
                            }
                        ]
                    }
                ]
            }
        ],
        "team": "TFU0BKCQP",
        "user_team": "TFU0BKCQP",
        "source_team": "TFU0BKCQP",
        "user_profile": {
            "avatar_hash": "c5c08031276d",
            "image_72": "https:\/\/avatars.slack-edge.com\/2021-11-28\/2775441655891_c5c08031276daec59feb_72.png",
            "first_name": "moajo",
            "real_name": "moajo",
            "display_name": "moajo",
            "team": "TFU0BKCQP",
            "name": "mimirosiasd",
            "is_restricted": false,
            "is_ultra_restricted": false
        },
        "thread_ts": "1639386757.045500",
        "parent_user_id": "U02R4SDAU3S"
    },
    {
        "client_msg_id": "0b83a432-f7c5-42f3-89a7-cfbf62df1e1c",
        "type": "message",
        "text": "なるほど、ありがとうございます。\n確かにdestroy出来ればそれが良いと思います:smiling_face_with_3_hearts:\nただ私の場合それが出来なかったのは、AWSだとDynamoDBやCloudWatchLogsなどのステートフルなもの。\nあとEIPのように作り直すと変わってしまうもの、VPC Peerなどで他所を巻き込んでいるもの、などが再作成しづらかったなー、という記憶があります:smiley:",
        "user": "ULMGSPA1F",
        "ts": "1639530280.052700",
        "blocks": [
            {
                "type": "rich_text",
                "block_id": "=Nu",
                "elements": [
                    {
                        "type": "rich_text_section",
                        "elements": [
                            {
                                "type": "text",
                                "text": "なるほど、ありがとうございます。\n確かにdestroy出来ればそれが良いと思います"
                            },
                            {
                                "type": "emoji",
                                "name": "smiling_face_with_3_hearts",
                                "unicode": "1f970"
                            },
                            {
                                "type": "text",
                                "text": "\nただ私の場合それが出来なかったのは、AWSだとDynamoDBやCloudWatchLogsなどのステートフルなもの。\nあとEIPのように作り直すと変わってしまうもの、VPC Peerなどで他所を巻き込んでいるもの、などが再作成しづらかったなー、という記憶があります"
                            },
                            {
                                "type": "emoji",
                                "name": "smiley",
                                "unicode": "1f603"
                            }
                        ]
                    }
                ]
            }
        ],
        "team": "TFU0BKCQP",
        "user_team": "TFU0BKCQP",
        "source_team": "TFU0BKCQP",
        "user_profile": {
            "avatar_hash": "gaf9deb49f75",
            "image_72": "https:\/\/secure.gravatar.com\/avatar\/faf9deb49f754b79390b64d036725f67.jpg?s=72&d=https%3A%2F%2Fa.slack-edge.com%2Fdf10d%2Fimg%2Favatars%2Fava_0004-72.png",
            "first_name": "yshd",
            "real_name": "yshd",
            "display_name": "",
            "team": "TFU0BKCQP",
            "name": "yshdyk11202000",
            "is_restricted": false,
            "is_ultra_restricted": false
        },
        "thread_ts": "1639386757.045500",
        "parent_user_id": "U02R4SDAU3S",
        "reactions": [
            {
                "name": "wakarimi",
                "users": [
                    "U02NTCZJLAX"
                ],
                "count": 1
            }
        ]
    }
]