[
    {
        "client_msg_id": "960633b3-6133-4b6a-811d-745061d68ec9",
        "type": "message",
        "text": "横からすみません、subnet のタグはクラスタ作るときに自動でつきませんか？（正常な挙動かはわかりませんがうちは観測してます、、）\nそれと tag ignore を組み合わせれば terraform 管理の外に追いやれそうだなと思いました…！",
        "user": "UN9323EH5",
        "ts": "1597123939.159300",
        "team": "TFU0BKCQP",
        "user_team": "TFU0BKCQP",
        "source_team": "TFU0BKCQP",
        "user_profile": {
            "avatar_hash": "g67da6dea537",
            "image_72": "https:\/\/secure.gravatar.com\/avatar\/e67da6dea537bb62b09d55f52be58872.jpg?s=72&d=https%3A%2F%2Fa.slack-edge.com%2Fdf10d%2Fimg%2Favatars%2Fava_0024-72.png",
            "first_name": "",
            "real_name": "yukin01",
            "display_name": "",
            "team": "TFU0BKCQP",
            "name": "bump1105",
            "is_restricted": false,
            "is_ultra_restricted": false
        },
        "blocks": [
            {
                "type": "rich_text",
                "block_id": "Wk9",
                "elements": [
                    {
                        "type": "rich_text_section",
                        "elements": [
                            {
                                "type": "text",
                                "text": "横からすみません、subnet のタグはクラスタ作るときに自動でつきませんか？（正常な挙動かはわかりませんがうちは観測してます、、）\nそれと tag ignore を組み合わせれば terraform 管理の外に追いやれそうだなと思いました…！"
                            }
                        ]
                    }
                ]
            }
        ],
        "thread_ts": "1596527278.154300",
        "parent_user_id": "UG46Z57TN"
    },
    {
        "client_msg_id": "a52fc22d-59f0-4ab7-86bd-5dc35995ea1c",
        "type": "message",
        "text": "おぉ、、、ちょっと試してみます :pray:",
        "user": "UG46Z57TN",
        "ts": "1597123989.159500",
        "team": "TFU0BKCQP",
        "user_team": "TFU0BKCQP",
        "source_team": "TFU0BKCQP",
        "user_profile": {
            "avatar_hash": "c6bdd4cb17db",
            "image_72": "https:\/\/avatars.slack-edge.com\/2019-07-05\/685991185957_c6bdd4cb17db956661a1_72.jpg",
            "first_name": "Takeshi",
            "real_name": "Takeshi Kondo",
            "display_name": "chaspy",
            "team": "TFU0BKCQP",
            "name": "take.she12",
            "is_restricted": false,
            "is_ultra_restricted": false
        },
        "blocks": [
            {
                "type": "rich_text",
                "block_id": "frz",
                "elements": [
                    {
                        "type": "rich_text_section",
                        "elements": [
                            {
                                "type": "text",
                                "text": "おぉ、、、ちょっと試してみます "
                            },
                            {
                                "type": "emoji",
                                "name": "pray"
                            }
                        ]
                    }
                ]
            }
        ],
        "thread_ts": "1596527278.154300",
        "parent_user_id": "UG46Z57TN"
    },
    {
        "client_msg_id": "daa75f1e-06fc-4feb-9203-802795e379a8",
        "type": "message",
        "text": "本タスクは無事終了しましたw\n<https:\/\/twitter.com\/chaspy_\/status\/1292996562524622850>",
        "user": "UG46Z57TN",
        "ts": "1597124021.159700",
        "team": "TFU0BKCQP",
        "user_team": "TFU0BKCQP",
        "source_team": "TFU0BKCQP",
        "user_profile": {
            "avatar_hash": "c6bdd4cb17db",
            "image_72": "https:\/\/avatars.slack-edge.com\/2019-07-05\/685991185957_c6bdd4cb17db956661a1_72.jpg",
            "first_name": "Takeshi",
            "real_name": "Takeshi Kondo",
            "display_name": "chaspy",
            "team": "TFU0BKCQP",
            "name": "take.she12",
            "is_restricted": false,
            "is_ultra_restricted": false
        },
        "blocks": [
            {
                "type": "rich_text",
                "block_id": "19poa",
                "elements": [
                    {
                        "type": "rich_text_section",
                        "elements": [
                            {
                                "type": "text",
                                "text": "本タスクは無事終了しましたw\n"
                            },
                            {
                                "type": "link",
                                "url": "https:\/\/twitter.com\/chaspy_\/status\/1292996562524622850"
                            }
                        ]
                    }
                ]
            }
        ],
        "thread_ts": "1596527278.154300",
        "parent_user_id": "UG46Z57TN"
    },
    {
        "client_msg_id": "65ad6781-8778-4e87-9ae1-ab73cc85afba",
        "type": "message",
        "text": "あっ1週間前なの確認せずに投稿してしまいました…すみません:bow:\n記事ももちろん拝見しました！お疲れさまでした！",
        "user": "UN9323EH5",
        "ts": "1597125598.159900",
        "team": "TFU0BKCQP",
        "user_team": "TFU0BKCQP",
        "source_team": "TFU0BKCQP",
        "user_profile": {
            "avatar_hash": "g67da6dea537",
            "image_72": "https:\/\/secure.gravatar.com\/avatar\/e67da6dea537bb62b09d55f52be58872.jpg?s=72&d=https%3A%2F%2Fa.slack-edge.com%2Fdf10d%2Fimg%2Favatars%2Fava_0024-72.png",
            "first_name": "",
            "real_name": "yukin01",
            "display_name": "",
            "team": "TFU0BKCQP",
            "name": "bump1105",
            "is_restricted": false,
            "is_ultra_restricted": false
        },
        "blocks": [
            {
                "type": "rich_text",
                "block_id": "i270O",
                "elements": [
                    {
                        "type": "rich_text_section",
                        "elements": [
                            {
                                "type": "text",
                                "text": "あっ1週間前なの確認せずに投稿してしまいました…すみません"
                            },
                            {
                                "type": "emoji",
                                "name": "bow"
                            },
                            {
                                "type": "text",
                                "text": "\n記事ももちろん拝見しました！お疲れさまでした！"
                            }
                        ]
                    }
                ]
            }
        ],
        "thread_ts": "1596527278.154300",
        "parent_user_id": "UG46Z57TN",
        "reactions": [
            {
                "name": "pray",
                "users": [
                    "UG46Z57TN"
                ],
                "count": 1
            },
            {
                "name": "+1",
                "users": [
                    "UG46Z57TN"
                ],
                "count": 1
            },
            {
                "name": "smile",
                "users": [
                    "UG46Z57TN"
                ],
                "count": 1
            }
        ]
    }
]