[
    {
        "client_msg_id": "15f19656-c175-4691-82f6-07eb7d2bffdc",
        "type": "message",
        "text": "今日たまたま同僚とペアプロしてて気が付いたんだけど、data ソースって暗黙的な依存関係の解決が処理できない。。。？\n\n```data \"aws_security_group\" \"current_default\" {\n  vpc_id = data.aws_vpc.this.id\n  name   = aws_security_group.default_only.name\n  depends_on = [\n    aws_security_group.default_only\n  ]\n}\nresource \"aws_security_group\" \"default_only\" {\n  vpc_id      = data.aws_vpc.this.id\n  name        = \"default_only\"\n}```\nドキュメントを見る限りではリソースと同じ依存関係の解決処理が走ってるはずなのに、\ndepends_on がないとエラーになっちゃう。。。",
        "user": "UFU0BKD8F",
        "ts": "1597755972.163300",
        "team": "TFU0BKCQP",
        "user_team": "TFU0BKCQP",
        "source_team": "TFU0BKCQP",
        "user_profile": {
            "avatar_hash": "92c41c62c7b0",
            "image_72": "https:\/\/avatars.slack-edge.com\/2019-01-30\/537137791812_92c41c62c7b0f054d3dd_72.jpg",
            "first_name": "らき",
            "real_name": "らき",
            "display_name": "raki",
            "team": "TFU0BKCQP",
            "name": "nishimuray",
            "is_restricted": false,
            "is_ultra_restricted": false
        },
        "blocks": [
            {
                "type": "rich_text",
                "block_id": "TJ3",
                "elements": [
                    {
                        "type": "rich_text_section",
                        "elements": [
                            {
                                "type": "text",
                                "text": "今日たまたま同僚とペアプロしてて気が付いたんだけど、data ソースって暗黙的な依存関係の解決が処理できない。。。？\n\n"
                            }
                        ]
                    },
                    {
                        "type": "rich_text_preformatted",
                        "elements": [
                            {
                                "type": "text",
                                "text": "data \"aws_security_group\" \"current_default\" {\n  vpc_id = data.aws_vpc.this.id\n  name   = aws_security_group.default_only.name\n  depends_on = [\n    aws_security_group.default_only\n  ]\n}\nresource \"aws_security_group\" \"default_only\" {\n  vpc_id      = data.aws_vpc.this.id\n  name        = \"default_only\"\n}"
                            }
                        ]
                    },
                    {
                        "type": "rich_text_section",
                        "elements": [
                            {
                                "type": "text",
                                "text": "\nドキュメントを見る限りではリソースと同じ依存関係の解決処理が走ってるはずなのに、\ndepends_on がないとエラーになっちゃう。。。"
                            }
                        ]
                    }
                ]
            }
        ],
        "thread_ts": "1597755972.163300",
        "reply_count": 5,
        "reply_users_count": 2,
        "latest_reply": "1597760443.164400",
        "reply_users": [
            "UFU0BKD8F",
            "UHS4SFFA7"
        ],
        "replies": [
            {
                "user": "UFU0BKD8F",
                "ts": "1597756077.163400"
            },
            {
                "user": "UHS4SFFA7",
                "ts": "1597758084.163600"
            },
            {
                "user": "UHS4SFFA7",
                "ts": "1597758610.163800"
            },
            {
                "user": "UFU0BKD8F",
                "ts": "1597759874.164100"
            },
            {
                "user": "UHS4SFFA7",
                "ts": "1597760443.164400"
            }
        ],
        "is_locked": false,
        "subscribed": true,
        "last_read": "1597760443.164400"
    },
    {
        "client_msg_id": "2a7c5c1d-2084-428c-89b1-6ffa21a2a965",
        "type": "message",
        "text": "vpc の default sg がちょっとつらい感じなので default 相当のsgを食わせてる。\n元はsgを別に作らないで、name = \"default\" にしてたのを変更して気が付いた。",
        "user": "UFU0BKD8F",
        "ts": "1597756077.163400",
        "team": "TFU0BKCQP",
        "user_team": "TFU0BKCQP",
        "source_team": "TFU0BKCQP",
        "user_profile": {
            "avatar_hash": "92c41c62c7b0",
            "image_72": "https:\/\/avatars.slack-edge.com\/2019-01-30\/537137791812_92c41c62c7b0f054d3dd_72.jpg",
            "first_name": "らき",
            "real_name": "らき",
            "display_name": "raki",
            "team": "TFU0BKCQP",
            "name": "nishimuray",
            "is_restricted": false,
            "is_ultra_restricted": false
        },
        "blocks": [
            {
                "type": "rich_text",
                "block_id": "HfR",
                "elements": [
                    {
                        "type": "rich_text_section",
                        "elements": [
                            {
                                "type": "text",
                                "text": "vpc の default sg がちょっとつらい感じなので default 相当のsgを食わせてる。\n元はsgを別に作らないで、name = \"default\" にしてたのを変更して気が付いた。"
                            }
                        ]
                    }
                ]
            }
        ],
        "thread_ts": "1597755972.163300",
        "parent_user_id": "UFU0BKD8F"
    },
    {
        "client_msg_id": "c298d945-fc32-4fb1-9700-68897db2d7f7",
        "type": "message",
        "text": "エラーになるのってtf v0.12ですかね？data sourceの読み込みはtf v0.12ではrefreshフェーズで実行されてたのだが、依存関係がおかしくなる既知の問題があったので、tf v0.13ではplanフェーズで実行されるようになったよ。これ豆な。",
        "user": "UHS4SFFA7",
        "ts": "1597758084.163600",
        "team": "TFU0BKCQP",
        "user_team": "TFU0BKCQP",
        "source_team": "TFU0BKCQP",
        "user_profile": {
            "avatar_hash": "gade34f8bdf1",
            "image_72": "https:\/\/secure.gravatar.com\/avatar\/5ade34f8bdf1b55c4ff82c11cf23cf42.jpg?s=72&d=https%3A%2F%2Fa.slack-edge.com%2Fdf10d%2Fimg%2Favatars%2Fava_0008-72.png",
            "first_name": "",
            "real_name": "minamijoyo",
            "display_name": "minamijoyo",
            "team": "TFU0BKCQP",
            "name": "minamijoyo",
            "is_restricted": false,
            "is_ultra_restricted": false
        },
        "blocks": [
            {
                "type": "rich_text",
                "block_id": "8tboG",
                "elements": [
                    {
                        "type": "rich_text_section",
                        "elements": [
                            {
                                "type": "text",
                                "text": "エラーになるのってtf v0.12ですかね？data sourceの読み込みはtf v0.12ではrefreshフェーズで実行されてたのだが、依存関係がおかしくなる既知の問題があったので、tf v0.13ではplanフェーズで実行されるようになったよ。これ豆な。"
                            }
                        ]
                    }
                ]
            }
        ],
        "thread_ts": "1597755972.163300",
        "parent_user_id": "UFU0BKD8F",
        "reactions": [
            {
                "name": "+1",
                "users": [
                    "UFU0BKD8F",
                    "UM12KGR0E"
                ],
                "count": 2
            }
        ]
    },
    {
        "client_msg_id": "79c3495a-25a4-4b9f-ba22-baf7ff82664d",
        "type": "message",
        "text": "FYI: <https:\/\/github.com\/hashicorp\/terraform\/issues\/17034>",
        "user": "UHS4SFFA7",
        "ts": "1597758610.163800",
        "team": "TFU0BKCQP",
        "user_team": "TFU0BKCQP",
        "source_team": "TFU0BKCQP",
        "user_profile": {
            "avatar_hash": "gade34f8bdf1",
            "image_72": "https:\/\/secure.gravatar.com\/avatar\/5ade34f8bdf1b55c4ff82c11cf23cf42.jpg?s=72&d=https%3A%2F%2Fa.slack-edge.com%2Fdf10d%2Fimg%2Favatars%2Fava_0008-72.png",
            "first_name": "",
            "real_name": "minamijoyo",
            "display_name": "minamijoyo",
            "team": "TFU0BKCQP",
            "name": "minamijoyo",
            "is_restricted": false,
            "is_ultra_restricted": false
        },
        "attachments": [
            {
                "author_name": "apparentlymart",
                "fallback": "[hashicorp\/terraform] #17034 Data Resource Lifecycle Adjustments",
                "text": "*Background Info*\n\nBack in <https:\/\/github.com\/hashicorp\/terraform\/pull\/6598|#6598> we introduced the idea of _data sources_, allowing us to model reading data from external sources as a first-class concept. This has generally been a successful addition, with some great new patterns emerging around it.\n\nHowever, the current lifecycle for data sources creates some minor problems. As currently implemented, data sources are read during the \"refresh\" phase that runs prior to creating a plan, except in two situations:\n\n• If any of the configuration arguments in the corresponding `data` block have `&lt;computed&gt;` values.\n• If `depends_on` is non-empty for the data resource.\n\nIn both of the above cases, the read action is deferred until the \"apply\" phase, which in turn causes all of the result attributes to appear as `&lt;computed&gt;` in the plan.\n\nUnfortunately both of the above situations are problematic today, as a consequence of data sources being processed during \"refresh\". These problems are described in more detail in the following sections.\n\n*When Data Resource Arguments change*\n\nBecause data resources are read during the \"refresh\" phase, references to attributes of resources are resolved from their value in state rather than their value in the resulting diff. This results in a \"change lag\" , where certain changes to configuration require two runs of `terraform apply` to fully take effect. The first run reads the data source with the _old_ resource values and _then_ updates the resource, while the second run reads the data source using the _new_ resource values, possibly causing further cascading changes to other resources.\n\nThis is particularly tricky for situations where a resource has custom diff logic (via the mechanism added in <https:\/\/github.com\/hashicorp\/terraform\/pull\/14887|#14887>) that detects and reports changes to `Computed` attributes that are side-effects of the requested changes, since this can result in additional value changes that are not reflected in the data source read.\n\nThe most problematic case is when an attribute is marked as `&lt;computed&gt;` during an update: this _should_ cause any dependent data resource to be deferred until apply time, but instead the old value is used to do the read and the computed value resulting from the change is not detected at all.\n\n*Trouble with `depends_on`*\n\nThe current behavior for `depends_on` for data resources is essentially useless, since it always results in a \"perma-diff\". The reason for this is that `depends_on` doesn't give Terraform enough information to know what aspect of the dependency is important, and so it must conservatively _always_ defer the read until the \"apply\" phase to preserve the guarantee that it happens after the resource changes are finalized.\n\nIdeally we'd like the data resource read to be deferred until apply time only if there are pending changes to a dependent resource, but that is not currently possible because we process data resources during the \"refresh\" phase where resource diffs have not yet been created, and thus we cannot determine if a change is pending.\n\n*Proposed Change*\n\nThe above issues can be addressed by moving data source processing into the \"plan\" phase.\n\nThis was seen as undesirable during the original data source design because it would cause the \"plan\" phase to, for the first time, require reaching out to external endpoints. However, we have since made that compromise in order to improve the robustness of planning in <https:\/\/github.com\/hashicorp\/terraform\/pull\/14887|#14887>. In this new context, reading from data sources during plan is consistent with our goal of having Terraform make whatever requests it needs to make in order to produce an accurate, comprehensive plan. <https:\/\/github.com\/hashicorp\/terraform\/issues\/15895|#15895> proposes some adjustments to the behavior of `terraform validate` so that it can be used as the \"offline static check\" command, allowing `terraform plan` to be more complex and require valid credentials for remote APIs even when the implicit refresh is disabled.\n\nIncluding data source reads in the _plan_ graph means that Terraform will produce diffs for resources _before_ attempting to read data sources that depend on them, which addresses all of the problems described above: the data source arguments can be interpolated from the new values as defined in the diff, rather than the old values present in state.\n\nIn particular, the diff can be consulted in order to decide whether a data resource must be deferred until the \"apply\" phase, allowing any new `&lt;computed&gt;` values to be considered, and allowing `depends_on` to defer only if there is a non-empty diff for the referenced resource(s).\n\n*Effect on the Managed Resource Lifecycle*\n\nThis change does not greatly affect the lifecycle for _managed_ resources, but it _does_ restore the original property that the \"refresh\" phase is a state-only operation with the exception of provider configuration.\n\nAn interesting implication of this is that it is in principle safe to disregard any inter-resource dependencies for refresh purposes and instead construct a flatter graph where each resource depends only on its provider. This in turn can permit greater parallelism in read calls, and more opportunities for API request consolidation once #7388 is addressed.\n\n*Effect on `terraform refresh`*\n\nSince data sources are currently processed in the \"refresh\" phase, the `terraform refresh` command currently updates them. This can be useful in situations where a root module output depends on a data source attribute and its state is being consumed with `terraform_remote_state`.\n\nMoving data source reads to the plan phase will mean that `terraform refresh` will no longer update them. The change proposed in <https:\/\/github.com\/hashicorp\/terraform\/issues\/15419|#15419> can partially mitigate this by making data resource updates -- and corresponding output updates -- an explicit part of the normal `terraform apply` flow, which is a more desirable outcome for the reasons described in that issue.\n\nTo retain the ability to _only_ update data resources, without applying other changes, we can add a new argument to `terraform plan` (and, by extension, `terraform apply` with no explicit plan file argument) `-read-only`, which produces a reduced plan graph that _only_ includes the data resources.\n\nBringing data source refresh into the main plan+apply workflow is superior to the current `terraform refresh` approach because it allows the user to evaluate and approve the resulting changes to outputs, rather than just blindly accepting these updates and potentially disrupting downstream remote state consumers.\n\nFor users that still want to accept data source updates without a confirmation step, the command line `terraform apply -read-only -auto-approve` would be equivalent to the current `terraform refresh` behavior.",
                "title": "#17034 Data Resource Lifecycle Adjustments",
                "footer": "<https:\/\/github.com\/hashicorp\/terraform|hashicorp\/terraform>",
                "id": 1,
                "title_link": "https:\/\/github.com\/hashicorp\/terraform\/issues\/17034",
                "author_link": "https:\/\/github.com\/apparentlymart",
                "author_icon": "https:\/\/avatars1.githubusercontent.com\/u\/20180?v=4",
                "footer_icon": "https:\/\/github.githubassets.com\/favicon.ico",
                "ts": 1515096043,
                "color": "cb2431",
                "fields": [
                    {
                        "title": "Labels",
                        "value": "core, enhancement, proposal",
                        "short": true
                    },
                    {
                        "title": "Comments",
                        "value": "11",
                        "short": true
                    }
                ],
                "mrkdwn_in": [
                    "text"
                ],
                "bot_id": "BH12QQBB4",
                "app_unfurl_url": "https:\/\/github.com\/hashicorp\/terraform\/issues\/17034",
                "is_app_unfurl": true
            }
        ],
        "blocks": [
            {
                "type": "rich_text",
                "block_id": "OchwX",
                "elements": [
                    {
                        "type": "rich_text_section",
                        "elements": [
                            {
                                "type": "text",
                                "text": "FYI: "
                            },
                            {
                                "type": "link",
                                "url": "https:\/\/github.com\/hashicorp\/terraform\/issues\/17034"
                            }
                        ]
                    }
                ]
            }
        ],
        "thread_ts": "1597755972.163300",
        "parent_user_id": "UFU0BKD8F"
    },
    {
        "client_msg_id": "a3c098d0-b302-43a8-b121-e62d91168e3b",
        "type": "message",
        "text": "そうです。まだ v0.12 です。\nv0.13 にしたら避けられるのかー。。。早く v0.13.1 になんねかな。。。ｗ（まだだっまだ上げないよっｗ",
        "user": "UFU0BKD8F",
        "ts": "1597759874.164100",
        "team": "TFU0BKCQP",
        "user_team": "TFU0BKCQP",
        "source_team": "TFU0BKCQP",
        "user_profile": {
            "avatar_hash": "92c41c62c7b0",
            "image_72": "https:\/\/avatars.slack-edge.com\/2019-01-30\/537137791812_92c41c62c7b0f054d3dd_72.jpg",
            "first_name": "らき",
            "real_name": "らき",
            "display_name": "raki",
            "team": "TFU0BKCQP",
            "name": "nishimuray",
            "is_restricted": false,
            "is_ultra_restricted": false
        },
        "blocks": [
            {
                "type": "rich_text",
                "block_id": "6+U5",
                "elements": [
                    {
                        "type": "rich_text_section",
                        "elements": [
                            {
                                "type": "text",
                                "text": "そうです。まだ v0.12 です。\nv0.13 にしたら避けられるのかー。。。早く v0.13.1 になんねかな。。。ｗ（まだだっまだ上げないよっｗ"
                            }
                        ]
                    }
                ]
            }
        ],
        "thread_ts": "1597755972.163300",
        "parent_user_id": "UFU0BKD8F"
    },
    {
        "client_msg_id": "8e7f6a72-1e71-4a4b-aafa-9ebbb854c249",
        "type": "message",
        "text": "へーしゃもバグを踏んでv0.13.1待ち",
        "user": "UHS4SFFA7",
        "ts": "1597760443.164400",
        "team": "TFU0BKCQP",
        "user_team": "TFU0BKCQP",
        "source_team": "TFU0BKCQP",
        "user_profile": {
            "avatar_hash": "gade34f8bdf1",
            "image_72": "https:\/\/secure.gravatar.com\/avatar\/5ade34f8bdf1b55c4ff82c11cf23cf42.jpg?s=72&d=https%3A%2F%2Fa.slack-edge.com%2Fdf10d%2Fimg%2Favatars%2Fava_0008-72.png",
            "first_name": "",
            "real_name": "minamijoyo",
            "display_name": "minamijoyo",
            "team": "TFU0BKCQP",
            "name": "minamijoyo",
            "is_restricted": false,
            "is_ultra_restricted": false
        },
        "blocks": [
            {
                "type": "rich_text",
                "block_id": "hBaU",
                "elements": [
                    {
                        "type": "rich_text_section",
                        "elements": [
                            {
                                "type": "text",
                                "text": "へーしゃもバグを踏んでv0.13.1待ち"
                            }
                        ]
                    }
                ]
            }
        ],
        "thread_ts": "1597755972.163300",
        "parent_user_id": "UFU0BKD8F",
        "reactions": [
            {
                "name": "scream",
                "users": [
                    "UFU0BKD8F"
                ],
                "count": 1
            }
        ]
    }
]