[
    {
        "client_msg_id": "a94532ac-94c8-4b0e-bd8d-df4e49b6456b",
        "type": "message",
        "text": "<https:\/\/github.com\/hashicorp\/setup-terraform#usage>\nsetup-terraformアクションの、pull requestスレッドへの書き込みがイマイチイケていないので、改善しました。\n\nポイント\n• JSでカラーコードを除去することでplan実行時の--no-colorをなくせた\n• パット見で差分が合ったのかなかったのかがわかるよう、1行目に変更されたリソースの数を表示\n• 詳細では変更されたリソースのフルパスと変更内容を表示\n• 上記がわかっていればあまり見ないterraform planの生ログはここに含めずGithub ActionsのWeb UIから見てもらう想定\n```    - uses: actions\/github-script@0.9.0\n      if: github.event_name == 'pull_request' &amp;&amp; (steps.plan.outcome == 'failure' || steps.plan.outcome == 'success')\n      env:\n        PLAN: ${{ steps.plan.outputs.stdout }}\n      with:\n        github-token: ${{ secrets.GITHUB_TOKEN }}\n        script: |\n          \/\/ <https:\/\/stackoverflow.com\/a\/29497680\/4006322>\n          const plan_out =\n              `${process.env.PLAN}`.replace(\n                  \/[\\u001b\\u009b][[()#;?]*(?:[0-9]{1,4}(?:;[0-9]{0,4})*)?[0-9A-ORZcf-nqry=&gt;&lt;]\/g,\n                  ''\n               );\n          const result_summary = \/\\n(Plan:.*|No changes.*)\\n\/g.exec(plan_out)[1];\n          const changing_resource = plan_out.match(\/#.+\/g) || [''];\n          const output = `**` + result_summary + `**\n          *Working Directory: \\`infra\/production\/main\\`*\n          &lt;details&gt;&lt;summary&gt;terraform plan summary&lt;\/summary&gt;\n          \\`\\`\\` ` + changing_resource.join('\\n') + ` \\`\\`\\`\n          &lt;\/details&gt;`;\n          github.issues.createComment({\n            issue_number: context.issue.number,\n            owner: context.repo.owner,\n            repo: context.repo.repo,\n            body: output\n          })```",
        "user": "UTK1B5BB2",
        "ts": "1598403299.004400",
        "team": "TFU0BKCQP",
        "user_team": "TFU0BKCQP",
        "source_team": "TFU0BKCQP",
        "user_profile": {
            "avatar_hash": "f9e26d92b470",
            "image_72": "https:\/\/avatars.slack-edge.com\/2020-02-05\/926890716897_f9e26d92b470908ab893_72.png",
            "first_name": "",
            "real_name": "kbigwheel",
            "display_name": "kbigwheel",
            "team": "TFU0BKCQP",
            "name": "k.bigwheel",
            "is_restricted": false,
            "is_ultra_restricted": false
        },
        "attachments": [
            {
                "fallback": "hashicorp\/setup-terraform",
                "text": "Sets up Terraform CLI in your GitHub Actions workflow.",
                "title": "hashicorp\/setup-terraform",
                "footer": "<https:\/\/github.com\/hashicorp\/setup-terraform|hashicorp\/setup-terraform>",
                "id": 1,
                "footer_icon": "https:\/\/github.githubassets.com\/favicon.ico",
                "ts": 1587660787,
                "color": "24292f",
                "fields": [
                    {
                        "title": "Website",
                        "value": "<https:\/\/www.terraform.io\/docs\/github-actions\/setup-terraform.html>",
                        "short": true
                    },
                    {
                        "title": "Stars",
                        "value": "172",
                        "short": true
                    }
                ],
                "mrkdwn_in": [
                    "text",
                    "fields"
                ],
                "bot_id": "BH12QQBB4",
                "app_unfurl_url": "https:\/\/github.com\/hashicorp\/setup-terraform#usage",
                "is_app_unfurl": true
            }
        ],
        "blocks": [
            {
                "type": "rich_text",
                "block_id": "BCKNW",
                "elements": [
                    {
                        "type": "rich_text_section",
                        "elements": [
                            {
                                "type": "link",
                                "url": "https:\/\/github.com\/hashicorp\/setup-terraform#usage"
                            },
                            {
                                "type": "text",
                                "text": "\nsetup-terraformアクションの、pull requestスレッドへの書き込みがイマイチイケていないので、改善しました。\n\nポイント\n"
                            }
                        ]
                    },
                    {
                        "type": "rich_text_list",
                        "elements": [
                            {
                                "type": "rich_text_section",
                                "elements": [
                                    {
                                        "type": "text",
                                        "text": "JSでカラーコードを除去することでplan実行時の--no-colorをなくせた"
                                    }
                                ]
                            },
                            {
                                "type": "rich_text_section",
                                "elements": [
                                    {
                                        "type": "text",
                                        "text": "パット見で差分が合ったのかなかったのかがわかるよう、1行目に変更されたリソースの数を表示"
                                    }
                                ]
                            },
                            {
                                "type": "rich_text_section",
                                "elements": [
                                    {
                                        "type": "text",
                                        "text": "詳細では変更されたリソースのフルパスと変更内容を表示"
                                    }
                                ]
                            },
                            {
                                "type": "rich_text_section",
                                "elements": [
                                    {
                                        "type": "text",
                                        "text": "上記がわかっていればあまり見ないterraform planの生ログはここに含めずGithub ActionsのWeb UIから見てもらう想定"
                                    }
                                ]
                            }
                        ],
                        "style": "bullet",
                        "indent": 0
                    },
                    {
                        "type": "rich_text_preformatted",
                        "elements": [
                            {
                                "type": "text",
                                "text": "    - uses: actions\/github-script@0.9.0\n      if: github.event_name == 'pull_request' && (steps.plan.outcome == 'failure' || steps.plan.outcome == 'success')\n      env:\n        PLAN: ${{ steps.plan.outputs.stdout }}\n      with:\n        github-token: ${{ secrets.GITHUB_TOKEN }}\n        script: |\n          \/\/ "
                            },
                            {
                                "type": "link",
                                "url": "https:\/\/stackoverflow.com\/a\/29497680\/4006322"
                            },
                            {
                                "type": "text",
                                "text": "\n          const plan_out =\n              `${process.env.PLAN}`.replace(\n                  \/[\\u001b\\u009b][[()#;?]*(?:[0-9]{1,4}(?:;[0-9]{0,4})*)?[0-9A-ORZcf-nqry=><]\/g,\n                  ''\n               );\n          const result_summary = \/\\n(Plan:.*|No changes.*)\\n\/g.exec(plan_out)[1];\n          const changing_resource = plan_out.match(\/#.+\/g) || [''];\n          const output = `**` + result_summary + `**\n          *Working Directory: \\`infra\/production\/main\\`*\n          <details><summary>terraform plan summary<\/summary>\n          \\`\\`\\` ` + changing_resource.join('\\n') + ` \\`\\`\\`\n          <\/details>`;\n          github.issues.createComment({\n            issue_number: context.issue.number,\n            owner: context.repo.owner,\n            repo: context.repo.repo,\n            body: output\n          })"
                            }
                        ]
                    }
                ]
            }
        ]
    },
    {
        "type": "message",
        "text": "こんな感じ",
        "files": [
            {
                "id": "F019PDTBN2Y",
                "created": 1598403391,
                "timestamp": 1598403391,
                "name": "スクリーンショット 2020-08-25 20.37.59.png",
                "title": "スクリーンショット 2020-08-25 20.37.59.png",
                "mimetype": "image\/png",
                "filetype": "png",
                "pretty_type": "PNG",
                "user": "UTK1B5BB2",
                "editable": false,
                "size": 83107,
                "mode": "hosted",
                "is_external": false,
                "external_type": "",
                "is_public": true,
                "public_url_shared": false,
                "display_as_bot": false,
                "username": "",
                "url_private": "https:\/\/files.slack.com\/files-pri\/TFU0BKCQP-F019PDTBN2Y\/____________________________2020-08-25_20.37.59.png?t=xoxe-538011658839-2450028086230-2456770081459-876eea5ef3991415897f151b813fc7b6",
                "url_private_download": "https:\/\/files.slack.com\/files-pri\/TFU0BKCQP-F019PDTBN2Y\/download\/____________________________2020-08-25_20.37.59.png?t=xoxe-538011658839-2450028086230-2456770081459-876eea5ef3991415897f151b813fc7b6",
                "thumb_64": "https:\/\/files.slack.com\/files-tmb\/TFU0BKCQP-F019PDTBN2Y-cb020a2c6f\/____________________________2020-08-25_20.37.59_64.png?t=xoxe-538011658839-2450028086230-2456770081459-876eea5ef3991415897f151b813fc7b6",
                "thumb_80": "https:\/\/files.slack.com\/files-tmb\/TFU0BKCQP-F019PDTBN2Y-cb020a2c6f\/____________________________2020-08-25_20.37.59_80.png?t=xoxe-538011658839-2450028086230-2456770081459-876eea5ef3991415897f151b813fc7b6",
                "thumb_360": "https:\/\/files.slack.com\/files-tmb\/TFU0BKCQP-F019PDTBN2Y-cb020a2c6f\/____________________________2020-08-25_20.37.59_360.png?t=xoxe-538011658839-2450028086230-2456770081459-876eea5ef3991415897f151b813fc7b6",
                "thumb_360_w": 360,
                "thumb_360_h": 82,
                "thumb_480": "https:\/\/files.slack.com\/files-tmb\/TFU0BKCQP-F019PDTBN2Y-cb020a2c6f\/____________________________2020-08-25_20.37.59_480.png?t=xoxe-538011658839-2450028086230-2456770081459-876eea5ef3991415897f151b813fc7b6",
                "thumb_480_w": 480,
                "thumb_480_h": 109,
                "thumb_160": "https:\/\/files.slack.com\/files-tmb\/TFU0BKCQP-F019PDTBN2Y-cb020a2c6f\/____________________________2020-08-25_20.37.59_160.png?t=xoxe-538011658839-2450028086230-2456770081459-876eea5ef3991415897f151b813fc7b6",
                "thumb_720": "https:\/\/files.slack.com\/files-tmb\/TFU0BKCQP-F019PDTBN2Y-cb020a2c6f\/____________________________2020-08-25_20.37.59_720.png?t=xoxe-538011658839-2450028086230-2456770081459-876eea5ef3991415897f151b813fc7b6",
                "thumb_720_w": 720,
                "thumb_720_h": 163,
                "thumb_800": "https:\/\/files.slack.com\/files-tmb\/TFU0BKCQP-F019PDTBN2Y-cb020a2c6f\/____________________________2020-08-25_20.37.59_800.png?t=xoxe-538011658839-2450028086230-2456770081459-876eea5ef3991415897f151b813fc7b6",
                "thumb_800_w": 800,
                "thumb_800_h": 181,
                "thumb_960": "https:\/\/files.slack.com\/files-tmb\/TFU0BKCQP-F019PDTBN2Y-cb020a2c6f\/____________________________2020-08-25_20.37.59_960.png?t=xoxe-538011658839-2450028086230-2456770081459-876eea5ef3991415897f151b813fc7b6",
                "thumb_960_w": 960,
                "thumb_960_h": 217,
                "thumb_1024": "https:\/\/files.slack.com\/files-tmb\/TFU0BKCQP-F019PDTBN2Y-cb020a2c6f\/____________________________2020-08-25_20.37.59_1024.png?t=xoxe-538011658839-2450028086230-2456770081459-876eea5ef3991415897f151b813fc7b6",
                "thumb_1024_w": 1024,
                "thumb_1024_h": 232,
                "original_w": 2102,
                "original_h": 476,
                "thumb_tiny": "AwAKADDQ27ckEnJzyelLz\/k06igBAPWloooAKMUUUAf\/2Q==",
                "permalink": "https:\/\/terraform-jp.slack.com\/files\/UTK1B5BB2\/F019PDTBN2Y\/____________________________2020-08-25_20.37.59.png",
                "permalink_public": "https:\/\/slack-files.com\/TFU0BKCQP-F019PDTBN2Y-efb29051b3",
                "is_starred": false,
                "has_rich_preview": false
            }
        ],
        "upload": false,
        "blocks": [
            {
                "type": "rich_text",
                "block_id": "jQEL",
                "elements": [
                    {
                        "type": "rich_text_section",
                        "elements": [
                            {
                                "type": "text",
                                "text": "こんな感じ"
                            }
                        ]
                    }
                ]
            }
        ],
        "user": "UTK1B5BB2",
        "display_as_bot": false,
        "ts": "1598403395.004700"
    }
]