[
    {
        "type": "message",
        "subtype": "bot_message",
        "text": "",
        "ts": "1652394605.314429",
        "bot_id": "B01D39EAGTT",
        "attachments": [
            {
                "id": 1,
                "fallback": "hashicorp\/terraform-provider-awscc on GitHub\nv0.21.0",
                "text": "`v0.21.0`",
                "title": "hashicorp\/terraform-provider-awscc on GitHub",
                "title_link": "https:\/\/newreleases.io\/github\/hashicorp\/terraform-provider-awscc",
                "mrkdwn_in": [
                    "text"
                ]
            }
        ]
    },
    {
        "type": "message",
        "subtype": "bot_message",
        "text": "",
        "ts": "1652395430.476169",
        "bot_id": "B01D39EAGTT",
        "attachments": [
            {
                "id": 1,
                "fallback": "hashicorp\/terraform-provider-awscc on GitHub\nv0.21.0 updated\nrelease note: <https:\/\/newreleases.io\/github\/hashicorp\/terraform-provider-awscc?version=v0.21.0>",
                "text": "`v0.21.0` _updated_\n```\nFEATURES:\n\n* *New Data Source:* awscc_iot_role_alias\n* *New Data Source:* awscc_iot_role_aliases\n* *New Data Source:* awscc_macie_sessions\n* *New Data Source:* awscc_networkmanager_connect_attachment\n* *New Data Source:* awscc_networkmanager_connect_attachments\n* *New Data Source:* awscc_networkmanager_connect_peer\n* *New Data Source:* awscc_networkmanager_connect_peers\n* *New Data Source:* awscc_networkmanager_core_network\n* *New Data Source:* awscc_networkmanager_core_networks\n* *New Data Source:* awscc_networkmanager_site_to_site_vpn_attachment\n* *New Data Source:* awscc_networkmanager_site_to_site_vpn_attachments\n* *New Data Source:* awscc_networkmanager_vpc_attachment\n* *New Data Source:* awscc_networkmanager_vpc_attachments\n* *New Resource:* awscc_iot_role_alias\n* *New Resource:* awscc_networkmanager_connect_attachment\n* *New Resource:* awscc_networkmanager_connect_peer\n* *New Resource:* awscc_networkmanager_core_network\n* *New Resource:* awscc_networkmanager_site_to_site_vpn_attachment\n* *New Resource:* awscc_networkmanager_vpc_attachment\n```\n<https:\/\/newreleases.io\/github\/hashicorp\/terraform-provider-awscc?version=v0.21.0|release note...>",
                "title": "hashicorp\/terraform-provider-awscc on GitHub",
                "title_link": "https:\/\/newreleases.io\/github\/hashicorp\/terraform-provider-awscc",
                "mrkdwn_in": [
                    "text"
                ]
            }
        ]
    }
]