[
    {
        "type": "message",
        "subtype": "bot_message",
        "text": "",
        "ts": "1599058317.003100",
        "bot_id": "BG2UDF0NA",
        "attachments": [
            {
                "fallback": "hashicorp\/terraform on GitHub\nv0.13.2v0.13.2 \nrelease note: <https:\/\/newreleases.io\/github\/hashicorp\/terraform?version=v0.13.2>",
                "text": "*v0.13.2* `v0.13.2` \n```\n---------------------------\n0.13.2 (September 02, 2020)\n---------------------------\n\nNEW FEATURES:\n\n* *Network-based Mirrors for Provider Installation ( <https:\/\/www.terraform.io\/docs\/commands\/cli-config.html#provider-installation> )* : As an addition to the existing capability of \"mirroring\" providers into the local filesystem, a network mirror allows publishing copies of providers on an HTTP server and using that as an alternative source for provider packages, for situations where directly accessing the origin registries is impossible or undesirable. ( #25999 ( <https:\/\/github.com\/hashicorp\/terraform\/issues\/25999> ) )\n\nENHANCEMENTS:\n\n* backend\/http: add support for configuration by environment variable. ( #25439 ( <https:\/\/github.com\/hashicorp\/terraform\/issues\/25439> ) )\n\n* command: Add support for provider redirects to 0.13upgrade. If a provider in the Terraform Registry has moved to a new namespace, the 0.13upgrade subcommand now detects this and follows the redirect where possible. ( #26061 ( <https:\/\/github.com\/hashicorp\/terraform\/issues\/26061> ) )\n\n* command: Improve init error diagnostics when encountering what appears to be an in-house provider required by a pre-0.13 state file. Terraform will now display suggested terraform state replace-provider commands which will fix this specific problem. ( #26066 ( <https:\/\/github.com\/hashicorp\/terraform\/issues\/26066> ) )\n\nBUG FIXES:\n\n* command: Warn instead of error when the output subcommand with no arguments results in no outputs. This aligns the UI to match the 0 exit code in this situation, which is notable but not necessarily an error. ( #26036 ( <https:\/\/github.com\/hashicorp\/terraform\/issues\/26036> ) )\n\n* terraform: Fix crashing bug when reading data sources during plan with blocks backed by objects, not collections ( #26028 ( <https:\/\/github.com\/hashicorp\/terraform\/issues\/26028> ) )\n\n* terraform: Fix bug where variables values were asked for twice on the command line and provider input values were asked for but not saved ( #26063 ( <https:\/\/github.com\/hashicorp\/terraform\/issues\/26063> ) )\n```\n<https:\/\/newreleases.io\/github\/hashicorp\/terraform?version=v0.13.2|release note...>",
                "title": "hashicorp\/terraform on GitHub",
                "id": 1,
                "title_link": "https:\/\/newreleases.io\/github\/hashicorp\/terraform",
                "mrkdwn_in": [
                    "text"
                ]
            }
        ],
        "reactions": [
            {
                "name": "eyes",
                "users": [
                    "UFU0BKD8F"
                ],
                "count": 1
            }
        ]
    },
    {
        "type": "message",
        "subtype": "bot_message",
        "text": "",
        "ts": "1599068999.003300",
        "bot_id": "BG2UDF0NA",
        "attachments": [
            {
                "fallback": "ansible\/ansible on GitHub\nv2.10.1rc2",
                "text": "`v2.10.1rc2`",
                "title": "ansible\/ansible on GitHub",
                "id": 1,
                "title_link": "https:\/\/newreleases.io\/github\/ansible\/ansible",
                "mrkdwn_in": [
                    "text"
                ]
            }
        ]
    },
    {
        "type": "message",
        "subtype": "bot_message",
        "text": "",
        "ts": "1599069307.003400",
        "bot_id": "BG2UDF0NA",
        "attachments": [
            {
                "fallback": "ansible\/ansible on GitHub\nv2.10.1rc2 updated",
                "text": "`v2.10.1rc2` _updated_",
                "title": "ansible\/ansible on GitHub",
                "id": 1,
                "title_link": "https:\/\/newreleases.io\/github\/ansible\/ansible",
                "mrkdwn_in": [
                    "text"
                ]
            }
        ]
    },
    {
        "type": "message",
        "subtype": "bot_message",
        "text": "",
        "ts": "1599081544.003500",
        "bot_id": "BG2UDF0NA",
        "attachments": [
            {
                "fallback": "hashicorp\/terraform-provider-kubernetes on GitHub\nv1.13.0",
                "text": "`v1.13.0`",
                "title": "hashicorp\/terraform-provider-kubernetes on GitHub",
                "id": 1,
                "title_link": "https:\/\/newreleases.io\/github\/hashicorp\/terraform-provider-kubernetes",
                "mrkdwn_in": [
                    "text"
                ]
            }
        ]
    },
    {
        "type": "message",
        "subtype": "bot_message",
        "text": "",
        "ts": "1599082003.003600",
        "bot_id": "BG2UDF0NA",
        "attachments": [
            {
                "fallback": "hashicorp\/terraform-provider-kubernetes on GitHub\nv1.13.0v1.13.0 updated\nrelease note: <https:\/\/newreleases.io\/github\/hashicorp\/terraform-provider-kubernetes?version=v1.13.0>",
                "text": "*v1.13.0* `v1.13.0` _updated_\n```\nFEATURES:\n\nAdd resource CertificateSigningRequest (#922)\nAdd resource default_service_account (#876)\n\nIMPROVEMENTS:\n\nAllow in-place update of PVC's storage request (#957)\nAdd sysctl support to pod spec (#938)\nAdd ability to wait for deployment to delete (#937)\nAdd support for aggregation_rule to cluster_role resource (#911)\nAdd health_check_node_port to Service resource (#908)\nAdd support for size_limit for empty_dir block (#912)\nAdd support for volume mode (#939)\nAdd projected volumes in pod_spec (#907)\nAdd termination_message_policy to container schema (#847)\n\nBUG FIXES:\n\nRecreate Storage Class on VolumeBindingMode update (#757)\nFix url attribute in admissionregistration client_config.service block (#959)\nFix crash when deferencing nil pointer in v1beta1.IngressRule (#967)\n```\n<https:\/\/newreleases.io\/github\/hashicorp\/terraform-provider-kubernetes?version=v1.13.0|release note...>",
                "title": "hashicorp\/terraform-provider-kubernetes on GitHub",
                "id": 1,
                "title_link": "https:\/\/newreleases.io\/github\/hashicorp\/terraform-provider-kubernetes",
                "mrkdwn_in": [
                    "text"
                ]
            }
        ]
    },
    {
        "type": "message",
        "subtype": "bot_message",
        "text": "",
        "ts": "1599091929.003700",
        "bot_id": "BG2UDF0NA",
        "attachments": [
            {
                "fallback": "hashicorp\/terraform-provider-kubernetes on GitHub\nv1.13.1",
                "text": "`v1.13.1`",
                "title": "hashicorp\/terraform-provider-kubernetes on GitHub",
                "id": 1,
                "title_link": "https:\/\/newreleases.io\/github\/hashicorp\/terraform-provider-kubernetes",
                "mrkdwn_in": [
                    "text"
                ]
            }
        ]
    },
    {
        "type": "message",
        "subtype": "bot_message",
        "text": "",
        "ts": "1599093034.003800",
        "bot_id": "BG2UDF0NA",
        "attachments": [
            {
                "fallback": "hashicorp\/terraform-provider-kubernetes on GitHub\nv1.13.1v1.13.1 updated\nrelease note: <https:\/\/newreleases.io\/github\/hashicorp\/terraform-provider-kubernetes?version=v1.13.1>",
                "text": "*v1.13.1* `v1.13.1` _updated_\n```\nBUG FIXES:\n\nFix crash when size_limit is not present on empty_dir volume (#983)\n```\n<https:\/\/newreleases.io\/github\/hashicorp\/terraform-provider-kubernetes?version=v1.13.1|release note...>",
                "title": "hashicorp\/terraform-provider-kubernetes on GitHub",
                "id": 1,
                "title_link": "https:\/\/newreleases.io\/github\/hashicorp\/terraform-provider-kubernetes",
                "mrkdwn_in": [
                    "text"
                ]
            }
        ]
    },
    {
        "type": "message",
        "subtype": "bot_message",
        "text": "",
        "ts": "1599110161.003900",
        "bot_id": "BG2UDF0NA",
        "attachments": [
            {
                "fallback": "cloudposse\/terraform-aws-dynamodb on GitHub\nv0.19.00.19.0 \nrelease note: <https:\/\/newreleases.io\/github\/cloudposse\/terraform-aws-dynamodb?version=0.19.0>",
                "text": "*v0.19.0* `0.19.0` \n```\nensure we can take v3 of the aws provider @jurgenweber (#62)\n\n## what\ndo not restrict the aws provider version to just v2\n\n---\nwhy\n---\n\n<https:\/\/github.com\/cloudposse\/terraform-aws-route53-cluster-hostname\/issues\/23>\nthe aws cloud provider has v13 fixes and requirements also\n\n----------\nreferences\n----------\n\ncloses #61\n<https:\/\/github.com\/cloudposse\/terraform-aws-dynamodb\/issues\/61>\n```\n<https:\/\/newreleases.io\/github\/cloudposse\/terraform-aws-dynamodb?version=0.19.0|release note...>",
                "title": "cloudposse\/terraform-aws-dynamodb on GitHub",
                "id": 1,
                "title_link": "https:\/\/newreleases.io\/github\/cloudposse\/terraform-aws-dynamodb",
                "mrkdwn_in": [
                    "text"
                ]
            }
        ]
    }
]