[
    {
        "type": "message",
        "subtype": "bot_message",
        "text": "",
        "ts": "1599579995.004900",
        "bot_id": "BG2UDF0NA",
        "attachments": [
            {
                "fallback": "hashicorp\/setup-terraform on GitHub\nv1.2.0 \n\nv1 updated",
                "text": "`v1.2.0` \n\n`v1` _updated_",
                "title": "hashicorp\/setup-terraform on GitHub",
                "id": 1,
                "title_link": "https:\/\/newreleases.io\/github\/hashicorp\/setup-terraform",
                "mrkdwn_in": [
                    "text"
                ]
            }
        ]
    },
    {
        "type": "message",
        "subtype": "bot_message",
        "text": "",
        "ts": "1599580305.005000",
        "bot_id": "BG2UDF0NA",
        "attachments": [
            {
                "fallback": "hashicorp\/setup-terraform on GitHub\nv1.2.0 updated\nrelease note: <https:\/\/newreleases.io\/github\/hashicorp\/setup-terraform?version=v1.2.0>\n\nv1 updated",
                "text": "`v1.2.0` _updated_\n```\n------\nv1.2.0\n------\n\n* Allow terraform_version to take a version constraint. ( #38 ( <https:\/\/github.com\/hashicorp\/setup-terraform\/pull\/38> ) )\n```\n<https:\/\/newreleases.io\/github\/hashicorp\/setup-terraform?version=v1.2.0|release note...>\n\n`v1` _updated_",
                "title": "hashicorp\/setup-terraform on GitHub",
                "id": 1,
                "title_link": "https:\/\/newreleases.io\/github\/hashicorp\/setup-terraform",
                "mrkdwn_in": [
                    "text"
                ]
            }
        ]
    },
    {
        "type": "message",
        "subtype": "bot_message",
        "text": "",
        "ts": "1599586034.005100",
        "bot_id": "BG2UDF0NA",
        "attachments": [
            {
                "fallback": "hashicorp\/terraform-provider-google on GitHub\nv3.38.0",
                "text": "`v3.38.0`",
                "title": "hashicorp\/terraform-provider-google on GitHub",
                "id": 1,
                "title_link": "https:\/\/newreleases.io\/github\/hashicorp\/terraform-provider-google",
                "mrkdwn_in": [
                    "text"
                ]
            }
        ]
    },
    {
        "type": "message",
        "subtype": "bot_message",
        "text": "",
        "ts": "1599599511.005200",
        "bot_id": "BG2UDF0NA",
        "attachments": [
            {
                "fallback": "hashicorp\/terraform-provider-google on GitHub\nv3.38.0v3.38.0 updated\nrelease note: <https:\/\/newreleases.io\/github\/hashicorp\/terraform-provider-google?version=v3.38.0>",
                "text": "*v3.38.0* `v3.38.0` _updated_\n```\nDEPRECATIONS:\n\n* storage: deprecated bucket_policy_only field in google_storage_bucket in favour of uniform_bucket_level_access ( #7143 ( <https:\/\/github.com\/hashicorp\/terraform-provider-google\/pull\/7143> ) )\n\nFEATURES:\n\n* *New Resource:* google_compute_disk_iam_binding ( #7110 ( <https:\/\/github.com\/hashicorp\/terraform-provider-google\/pull\/7110> ) )\n\n* *New Resource:* google_compute_disk_iam_member ( #7110 ( <https:\/\/github.com\/hashicorp\/terraform-provider-google\/pull\/7110> ) )\n\n* *New Resource:* google_compute_disk_iam_policy ( #7110 ( <https:\/\/github.com\/hashicorp\/terraform-provider-google\/pull\/7110> ) )\n\n* *New Resource:* google_compute_region_disk_iam_binding ( #7110 ( <https:\/\/github.com\/hashicorp\/terraform-provider-google\/pull\/7110> ) )\n\n* *New Resource:* google_compute_region_disk_iam_member ( #7110 ( <https:\/\/github.com\/hashicorp\/terraform-provider-google\/pull\/7110> ) )\n\n* *New Resource:* google_compute_region_disk_iam_policy ( #7110 ( <https:\/\/github.com\/hashicorp\/terraform-provider-google\/pull\/7110> ) )\n\n* *New Resource:* google_data_loss_prevention_inspect_template ( #7123 ( <https:\/\/github.com\/hashicorp\/terraform-provider-google\/pull\/7123> ) )\n\n* *New Resource:* google_data_loss_prevention_job_trigger ( #7123 ( <https:\/\/github.com\/hashicorp\/terraform-provider-google\/pull\/7123> ) )\n\n* *New Resource:* google_data_loss_prevention_stored_info_type ( #7145 ( <https:\/\/github.com\/hashicorp\/terraform-provider-google\/pull\/7145> ) )\n\nIMPROVEMENTS:\n\n* compute: Added graceful termination to google_compute_instance_group_manager create calls so that partially created instance group managers will resume the original operation if the Terraform process is killed mid create. ( #7153 ( <https:\/\/github.com\/hashicorp\/terraform-provider-google\/pull\/7153> ) )\n\n* container: added project override support to google_container_cluster and google_container_nodepool ( #7114 ( <https:\/\/github.com\/hashicorp\/terraform-provider-google\/pull\/7114> ) )\n\n* osconfig: added rollout field to google_os_config_patch_deployment ( #7172 ( <https:\/\/github.com\/hashicorp\/terraform-provider-google\/pull\/7172> ) )\n\n* provider: added a new field billing_project to the provider that's associated as a billing\/quota project with most requests when user_project_override is true ( #7113 ( <https:\/\/github.com\/hashicorp\/terraform-provider-google\/pull\/7113> ) )\n\n* resourcemanager: added additional fields to google_projects datasource ( #7139 ( <https:\/\/github.com\/hashicorp\/terraform-provider-google\/pull\/7139> ) )\n\n* serviceusage: added project override support to google_project_service ( #7114 ( <https:\/\/github.com\/hashicorp\/terraform-provider-google\/pull\/7114> ) )\n\nBUG FIXES:\n\n* bigquerydatatransfer: fixed params.secret_access_key perma-diff for AWS S3 data transfer config types by adding a sensitive_params block with the secret_access_key attribute. ( #7174 ( <https:\/\/github.com\/hashicorp\/terraform-provider-google\/pull\/7174> ) )\n\n* compute: Fixed bug with google_netblock_ip_ranges data source failing to read from the correct URL ( #7156 ( <https:\/\/github.com\/hashicorp\/terraform-provider-google\/pull\/7156> ) )\n\n* compute: fixed updating google_compute_instance.shielded_instance_config by adding it to the allow_stopping_for_update list ( #7132 ( <https:\/\/github.com\/hashicorp\/terraform-provider-google\/pull\/7132> ) )\n```\n<https:\/\/newreleases.io\/github\/hashicorp\/terraform-provider-google?version=v3.38.0|release note...>",
                "title": "hashicorp\/terraform-provider-google on GitHub",
                "id": 1,
                "title_link": "https:\/\/newreleases.io\/github\/hashicorp\/terraform-provider-google",
                "mrkdwn_in": [
                    "text"
                ]
            }
        ]
    }
]