[
    {
        "type": "message",
        "subtype": "bot_message",
        "text": "",
        "ts": "1600715021.000400",
        "bot_id": "BG2UDF0NA",
        "attachments": [
            {
                "fallback": "terraform-docs\/terraform-docs on GitHub\nv0.10.0v0.10.0 \nrelease note: <https:\/\/newreleases.io\/github\/terraform-docs\/terraform-docs?version=v0.10.0>",
                "text": "*v0.10.0* `v0.10.0` \n```\n---------\nChangelog\n---------\n\n* Update Changelog\n```\n<https:\/\/newreleases.io\/github\/terraform-docs\/terraform-docs?version=v0.10.0|release note...>",
                "title": "terraform-docs\/terraform-docs on GitHub",
                "id": 1,
                "title_link": "https:\/\/newreleases.io\/github\/terraform-docs\/terraform-docs",
                "mrkdwn_in": [
                    "text"
                ]
            }
        ]
    },
    {
        "type": "message",
        "subtype": "bot_message",
        "text": "",
        "ts": "1600715997.000500",
        "bot_id": "BG2UDF0NA",
        "attachments": [
            {
                "fallback": "cloudposse\/terraform-aws-cloudfront-cdn on GitHub\nv0.8.00.8.0 \nrelease note: <https:\/\/newreleases.io\/github\/cloudposse\/terraform-aws-cloudfront-cdn?version=0.8.0>",
                "text": "*v0.8.0* `0.8.0` \n```\nUpdate to the latest GitHub actions and workflows @aknysh (#39)\n\n## what\n\n* Update to the latest GitHub actions and workflows\n\n---\nwhy\n---\n\n* Standardization\n\n* Use the latest GitHub actions and workflows in all the consecutive PRs for testing and linting\n\nAdd slash-command-dispatch GitHub Actions workflow @maximmi (#32)\n\n## what\n\n* Add slash-command-dispatch GitHub Actions workflow\n\n---\nwhy\n---\n\n* In a repo with the GitHub actions workflow present, when a PR is opened, we can comment on the PR with commands \/build-readme and \/terraform-fmt to rebuild README and format terraform code and push the changes back to the PR repo\n```\n<https:\/\/newreleases.io\/github\/cloudposse\/terraform-aws-cloudfront-cdn?version=0.8.0|release note...>",
                "title": "cloudposse\/terraform-aws-cloudfront-cdn on GitHub",
                "id": 1,
                "title_link": "https:\/\/newreleases.io\/github\/cloudposse\/terraform-aws-cloudfront-cdn",
                "mrkdwn_in": [
                    "text"
                ]
            }
        ]
    },
    {
        "type": "message",
        "subtype": "bot_message",
        "text": "",
        "ts": "1600733114.000600",
        "bot_id": "BG2UDF0NA",
        "attachments": [
            {
                "fallback": "hashicorp\/terraform-provider-google on GitHub\nv3.40.0",
                "text": "`v3.40.0`",
                "title": "hashicorp\/terraform-provider-google on GitHub",
                "id": 1,
                "title_link": "https:\/\/newreleases.io\/github\/hashicorp\/terraform-provider-google",
                "mrkdwn_in": [
                    "text"
                ]
            }
        ]
    },
    {
        "type": "message",
        "subtype": "bot_message",
        "text": "",
        "ts": "1600750796.000700",
        "bot_id": "BG2UDF0NA",
        "attachments": [
            {
                "fallback": "hashicorp\/packer on GitHub\nnightly pre-release, updated\nrelease note: <https:\/\/newreleases.io\/github\/hashicorp\/packer?version=nightly>",
                "text": "`nightly` _pre-release_, _updated_\n```\nNightly releases are snapshots of the development activity on the Packer project that may include new features and bug fixes scheduled for upcoming releases ( <https:\/\/github.com\/hashicorp\/packer\/milestones> ). These releases are made available to make it easier for users to test their existing build configurations against the latest Packer code base for potential issues or to experiment with new features, with a chance to provide feedback on ways to improve the changes before being released.\n\nAs these releases are snapshots of the latest code, you may encounter an issue compared to the latest stable release so users are encouraged to run nightly releases in a non production environment. If you encounter an issue, please check our issue tracker ( <https:\/\/github.com\/hashicorp\/packer\/issues> ) to see if the issue has already been reported; if a report hasn't been made, please report it so we can review the issue and make any needed fixes.\n\n*Note* : Nightly releases are only available via GitHub; distribution via Homebrew, Docker, or Chocolatey is not supported.\n```\n<https:\/\/newreleases.io\/github\/hashicorp\/packer?version=nightly|release note...>",
                "title": "hashicorp\/packer on GitHub",
                "id": 1,
                "title_link": "https:\/\/newreleases.io\/github\/hashicorp\/packer",
                "mrkdwn_in": [
                    "text"
                ]
            }
        ]
    },
    {
        "type": "message",
        "subtype": "bot_message",
        "text": "",
        "ts": "1600751387.000800",
        "bot_id": "BG2UDF0NA",
        "attachments": [
            {
                "fallback": "hashicorp\/terraform-provider-google on GitHub\nv3.40.0v3.40.0 updated\nrelease note: <https:\/\/newreleases.io\/github\/hashicorp\/terraform-provider-google?version=v3.40.0>",
                "text": "*v3.40.0* `v3.40.0` _updated_\n```\nDEPRECATIONS:\n\n* bigtable: Deprecated instance_type for google_bigtable_instance - it is now recommended to leave field unspecified. ( #7253 ( <https:\/\/github.com\/hashicorp\/terraform-provider-google\/pull\/7253> ) )\n\nFEATURES:\n\n* *New Data Source:* google_compute_region_ssl_certificate ( #7252 ( <https:\/\/github.com\/hashicorp\/terraform-provider-google\/pull\/7252> ) )\n\n* *New Resource:* google_compute_target_grpc_proxy ( #7277 ( <https:\/\/github.com\/hashicorp\/terraform-provider-google\/pull\/7277> ) )\n\nIMPROVEMENTS:\n\n* cloudfunctions: added the ALLOW_INTERNAL_AND_GCLB option to ingress_settings of google_cloudfunctions_function resource. ( #7287 ( <https:\/\/github.com\/hashicorp\/terraform-provider-google\/pull\/7287> ) )\n\n* cloudlbuild: added options and artifacts properties to google_cloudbuild_trigger ( #7280 ( <https:\/\/github.com\/hashicorp\/terraform-provider-google\/pull\/7280> ) )\n\n* compute: added GRPC as a valid value for google_compute_backend_service.protocol (and regional equivalent) ( #7254 ( <https:\/\/github.com\/hashicorp\/terraform-provider-google\/pull\/7254> ) )\n\n* compute: added support for configuring Internal load balancer for Cloud Run for Anthos ( #7268 ( <https:\/\/github.com\/hashicorp\/terraform-provider-google\/pull\/7268> ) )\n\n* compute: added 'all' option for google_compute_firewall ( #7225 ( <https:\/\/github.com\/hashicorp\/terraform-provider-google\/pull\/7225> ) )\n\n* dataflow : added transformnameMapping to google_dataflow_job ( #7259 ( <https:\/\/github.com\/hashicorp\/terraform-provider-google\/pull\/7259> ) )\n\n* dns: added force_destroy option to google_dns_managed_zone to delete records created outside of Terraform ( #7289 ( <https:\/\/github.com\/hashicorp\/terraform-provider-google\/pull\/7289> ) )\n\n* serviceusage: added ability to pass google.project.id to google_project_service.project ( #7255 ( <https:\/\/github.com\/hashicorp\/terraform-provider-google\/pull\/7255> ) )\n\n* spanner: added schema update\/update ddl support for google_spanner_database ( #7279 ( <https:\/\/github.com\/hashicorp\/terraform-provider-google\/pull\/7279> ) )\n\nBUG FIXES:\n\n* bigtable: fixed the update behaviour of the single_cluster_routing sub-fields in google_bigtable_app_profile ( #7266 ( <https:\/\/github.com\/hashicorp\/terraform-provider-google\/pull\/7266> ) )\n\n* dataproc: fixed issues where updating google_dataproc_cluster.cluster_config.autoscaling_policy would do nothing, and where there was no way to remove a policy. ( #7269 ( <https:\/\/github.com\/hashicorp\/terraform-provider-google\/pull\/7269> ) )\n\n* osconfig: fixed a potential crash in google_os_config_patch_deployment due to an unchecked nil value in recurring_schedule ( #7265 ( <https:\/\/github.com\/hashicorp\/terraform-provider-google\/pull\/7265> ) )\n\n* serviceusage: fixed intermittent failure when a service is already being modified - added retries #7230 ( <https:\/\/github.com\/hashicorp\/terraform-provider-google\/pull\/7230> ) )\n\n* serviceusage: fixed an issue where <http:\/\/bigquery.googleapis.com|bigquery.googleapis.com> was getting enabled as the <http:\/\/bigquery-json.googleapis.com|bigquery-json.googleapis.com> alias instead, incorrectly. This had no user impact yet, but the alias may go away in the future. ( #7230 ( <https:\/\/github.com\/hashicorp\/terraform-provider-google\/pull\/7230> ) )\n```\n<https:\/\/newreleases.io\/github\/hashicorp\/terraform-provider-google?version=v3.40.0|release note...>",
                "title": "hashicorp\/terraform-provider-google on GitHub",
                "id": 1,
                "title_link": "https:\/\/newreleases.io\/github\/hashicorp\/terraform-provider-google",
                "mrkdwn_in": [
                    "text"
                ]
            }
        ]
    }
]