[
    {
        "type": "message",
        "subtype": "bot_message",
        "text": "",
        "ts": "1599667022.005300",
        "bot_id": "BG2UDF0NA",
        "attachments": [
            {
                "fallback": "cloudposse\/terraform-aws-dynamodb on GitHub\nv0.20.00.20.0 \nrelease note: <https:\/\/newreleases.io\/github\/cloudposse\/terraform-aws-dynamodb?version=0.20.0>",
                "text": "*v0.20.0* `0.20.0` \n```\nupdate terraform-aws-dynamodb-autoscaler version @woz5999 (#65)\n\n## what\nset minimum versions for providers without pinning to a specific major version\n\n---\nwhy\n---\n\nthe current method makes it very difficult to maintain or upgrade consistent provider versions within a project\n\n----------\nreferences\n----------\n\n<https:\/\/www.terraform.io\/docs\/configuration\/provider-requirements.html#best-practices-for-provider-versions>\n```\n<https:\/\/newreleases.io\/github\/cloudposse\/terraform-aws-dynamodb?version=0.20.0|release note...>",
                "title": "cloudposse\/terraform-aws-dynamodb on GitHub",
                "id": 1,
                "title_link": "https:\/\/newreleases.io\/github\/cloudposse\/terraform-aws-dynamodb",
                "mrkdwn_in": [
                    "text"
                ]
            }
        ]
    }
]