[
    {
        "type": "message",
        "subtype": "bot_message",
        "text": "",
        "ts": "1619866327.006700",
        "bot_id": "B01D39EAGTT",
        "attachments": [
            {
                "fallback": "hashicorp\/terraform-provider-google on GitHub\nv3.66.1 updated\nrelease note: <https:\/\/newreleases.io\/github\/hashicorp\/terraform-provider-google?version=v3.66.1>",
                "text": "`v3.66.1` _updated_\n```\nBUG FIXES:\n\n* compute: fixed bug where terraform would crash if updating from no service_account.scopes to more. ( #9032 ( <https:\/\/github.com\/hashicorp\/terraform-provider-google\/pull\/9032> ) )\n```\n<https:\/\/newreleases.io\/github\/hashicorp\/terraform-provider-google?version=v3.66.1|release note...>",
                "title": "hashicorp\/terraform-provider-google on GitHub",
                "id": 1,
                "title_link": "https:\/\/newreleases.io\/github\/hashicorp\/terraform-provider-google",
                "mrkdwn_in": [
                    "text"
                ]
            }
        ]
    }
]