[
    {
        "type": "message",
        "subtype": "bot_message",
        "text": "",
        "ts": "1620251333.006900",
        "bot_id": "B01D39EAGTT",
        "attachments": [
            {
                "fallback": "hashicorp\/terraform on GitHub\nv0.15.2v0.15.2 \nrelease note: <https:\/\/newreleases.io\/github\/hashicorp\/terraform?version=v0.15.2>",
                "text": "*v0.15.2* `v0.15.2` \n```\n---------------------\n0.15.2 (May 05, 2021)\n---------------------\n\nENHANCEMENTS:\n\n* terraform plan and terraform apply : Both now support a new planning option -replace=... which takes the address of a resource instance already tracked in the state and forces Terraform to upgrade either an update or no-op plan for that instance into a \"replace\" (either destroy-then-create or create-then-destroy depending on configuration), to allow replacing a degraded object with a new object of the same configuration in a single action and preview the effect of that before applying it.\n\n* terraform apply : Now has a -destroy option for symmetry with terraform plan -destroy , which makes terraform destroy effectively an alias for terraform apply -destroy. This change is only for consistency between terraform plan and terraform apply ; there are no current plans to deprecate terraform destroy. ( #28489 ( <https:\/\/github.com\/hashicorp\/terraform\/issues\/28489> ) )\n\n* core: Update HCL to allow better planning of dynamic blocks ( #28424 ( <https:\/\/github.com\/hashicorp\/terraform\/issues\/28424> ) )\n\n* core: Unmark values when planning data sources ( #28539 ( <https:\/\/github.com\/hashicorp\/terraform\/issues\/28539> ) )\n\nBUG FIXES:\n\n* command\/format: Fix various issues with nested-type attribute formatting ( #28600 ( <https:\/\/github.com\/hashicorp\/terraform\/issues\/28600> ) )\n\n* core: Fix JSON plan output to add sensitivity data for provider-specified sensitive attribute values ( #28523 ( <https:\/\/github.com\/hashicorp\/terraform\/issues\/28523> ) )\n\n* cli: Fix missing \"forces replacement\" UI for attribute changes which are marked as sensitive by the provider ( #28583 ( <https:\/\/github.com\/hashicorp\/terraform\/issues\/28583> ) )\n\n* cli: Fix crash when rendering diagnostic caused by missing trailing quote ( #28598 ( <https:\/\/github.com\/hashicorp\/terraform\/issues\/28598> ) )\n\n* functions: Fix crash when calling setproduct with one or more empty collections ( #28607 ( <https:\/\/github.com\/hashicorp\/terraform\/issues\/28607> ) )\n```\n<https:\/\/newreleases.io\/github\/hashicorp\/terraform?version=v0.15.2|release note...>",
                "title": "hashicorp\/terraform on GitHub",
                "id": 1,
                "title_link": "https:\/\/newreleases.io\/github\/hashicorp\/terraform",
                "mrkdwn_in": [
                    "text"
                ]
            }
        ]
    },
    {
        "type": "message",
        "subtype": "bot_message",
        "text": "",
        "ts": "1620261721.007000",
        "bot_id": "B01D39EAGTT",
        "attachments": [
            {
                "fallback": "hashicorp\/consul on GitHub\nv1.10.0-beta2",
                "text": "`v1.10.0-beta2`",
                "title": "hashicorp\/consul on GitHub",
                "id": 1,
                "title_link": "https:\/\/newreleases.io\/github\/hashicorp\/consul",
                "mrkdwn_in": [
                    "text"
                ]
            }
        ]
    },
    {
        "type": "message",
        "subtype": "bot_message",
        "text": "",
        "ts": "1620261901.007100",
        "bot_id": "B01D39EAGTT",
        "attachments": [
            {
                "fallback": "hashicorp\/consul on GitHub\nv1.10.0-beta2v1.10.0-beta2 pre-release, updated\nrelease note: <https:\/\/newreleases.io\/github\/hashicorp\/consul?version=v1.10.0-beta2>",
                "text": "*v1.10.0-beta2* `v1.10.0-beta2` _pre-release_, _updated_\n<https:\/\/newreleases.io\/github\/hashicorp\/consul?version=v1.10.0-beta2|release note...>",
                "title": "hashicorp\/consul on GitHub",
                "id": 1,
                "title_link": "https:\/\/newreleases.io\/github\/hashicorp\/consul",
                "mrkdwn_in": [
                    "text"
                ]
            }
        ]
    }
]