[
    {
        "type": "message",
        "subtype": "bot_message",
        "text": "",
        "ts": "1620322056.007200",
        "bot_id": "B01D39EAGTT",
        "attachments": [
            {
                "fallback": "hashicorp\/boundary on GitHub\nv0.2.1v0.2.1 \nrelease note: <https:\/\/newreleases.io\/github\/hashicorp\/boundary?version=v0.2.1>",
                "text": "*v0.2.1* `v0.2.1` \n<https:\/\/newreleases.io\/github\/hashicorp\/boundary?version=v0.2.1|release note...>",
                "title": "hashicorp\/boundary on GitHub",
                "id": 1,
                "title_link": "https:\/\/newreleases.io\/github\/hashicorp\/boundary",
                "mrkdwn_in": [
                    "text"
                ]
            }
        ]
    },
    {
        "type": "message",
        "subtype": "bot_message",
        "text": "",
        "ts": "1620327212.007300",
        "bot_id": "B01D39EAGTT",
        "attachments": [
            {
                "fallback": "hashicorp\/terraform on GitHub\nv0.15.3v0.15.3 \nrelease note: <https:\/\/newreleases.io\/github\/hashicorp\/terraform?version=v0.15.3>",
                "text": "*v0.15.3* `v0.15.3` \n```\n---------------------\n0.15.3 (May 06, 2021)\n---------------------\n\nENHANCEMENTS:\n\n* terraform show : Add data to the JSON plan output describing which changes caused a resource to be replaced ( #28608 ( <https:\/\/github.com\/hashicorp\/terraform\/issues\/28608> ) )\n\nBUG FIXES:\n\n* terraform show : Fix crash for JSON plan output of new resources with sensitive attributes in nested blocks ( #28624 ( <https:\/\/github.com\/hashicorp\/terraform\/issues\/28624> ) )\n```\n<https:\/\/newreleases.io\/github\/hashicorp\/terraform?version=v0.15.3|release note...>",
                "title": "hashicorp\/terraform on GitHub",
                "id": 1,
                "title_link": "https:\/\/newreleases.io\/github\/hashicorp\/terraform",
                "mrkdwn_in": [
                    "text"
                ]
            }
        ]
    },
    {
        "type": "message",
        "subtype": "bot_message",
        "text": "",
        "ts": "1620327457.007400",
        "bot_id": "B01D39EAGTT",
        "attachments": [
            {
                "fallback": "hashicorp\/terraform-provider-boundary on GitHub\nv1.0.2",
                "text": "`v1.0.2`",
                "title": "hashicorp\/terraform-provider-boundary on GitHub",
                "id": 1,
                "title_link": "https:\/\/newreleases.io\/github\/hashicorp\/terraform-provider-boundary",
                "mrkdwn_in": [
                    "text"
                ]
            }
        ]
    },
    {
        "type": "message",
        "subtype": "bot_message",
        "text": "",
        "ts": "1620345672.007500",
        "bot_id": "B01D39EAGTT",
        "attachments": [
            {
                "fallback": "hashicorp\/terraform-provider-aws on GitHub\nv3.39.0",
                "text": "`v3.39.0`",
                "title": "hashicorp\/terraform-provider-aws on GitHub",
                "id": 1,
                "title_link": "https:\/\/newreleases.io\/github\/hashicorp\/terraform-provider-aws",
                "mrkdwn_in": [
                    "text"
                ]
            }
        ]
    }
]