[
    {
        "type": "message",
        "subtype": "bot_message",
        "text": "",
        "ts": "1621419797.000700",
        "bot_id": "B01D39EAGTT",
        "attachments": [
            {
                "fallback": "hashicorp\/terraform-provider-kubernetes on GitHub\nv1.13.4",
                "text": "`v1.13.4`",
                "title": "hashicorp\/terraform-provider-kubernetes on GitHub",
                "id": 1,
                "title_link": "https:\/\/newreleases.io\/github\/hashicorp\/terraform-provider-kubernetes",
                "mrkdwn_in": [
                    "text"
                ]
            }
        ]
    },
    {
        "type": "message",
        "subtype": "bot_message",
        "text": "",
        "ts": "1621420234.000800",
        "bot_id": "B01D39EAGTT",
        "attachments": [
            {
                "fallback": "hashicorp\/terraform-provider-kubernetes on GitHub\nv1.13.4v1.13.4 updated\nrelease note: <https:\/\/newreleases.io\/github\/hashicorp\/terraform-provider-kubernetes?version=v1.13.4>",
                "text": "*v1.13.4* `v1.13.4` _updated_\n```\nIMPROVEMENTS:\n\n* Clean up incompatible licenses. (#1238)\n\n* Docs: fix broken links (#1041)\n\n* Enable links check and fix 2 links (#1259)\n```\n<https:\/\/newreleases.io\/github\/hashicorp\/terraform-provider-kubernetes?version=v1.13.4|release note...>",
                "title": "hashicorp\/terraform-provider-kubernetes on GitHub",
                "id": 1,
                "title_link": "https:\/\/newreleases.io\/github\/hashicorp\/terraform-provider-kubernetes",
                "mrkdwn_in": [
                    "text"
                ]
            }
        ]
    },
    {
        "type": "message",
        "subtype": "bot_message",
        "text": "",
        "ts": "1621440611.000900",
        "bot_id": "B01D39EAGTT",
        "attachments": [
            {
                "fallback": "hashicorp\/boundary on GitHub\nv0.2.2 \nrelease note: <https:\/\/newreleases.io\/github\/hashicorp\/boundary?version=v0.2.2>",
                "text": "`v0.2.2` \n```\n------------------\n0.2.2 (2021\/05\/17)\n------------------\n\nNew and Improved\n----------------\n\n* Inline OIDC authentication flow: when the OIDC authentication flow succeeds,\nthe third-party provider browser window is automatically closed and the user\nis returned to the admin UI.\n\nBug Fixes\n---------\n\n* oidc: If provider returns an aud claim as a string or []string ,\nBoundary will properly parse the claims JSON.\n( issue ( <https:\/\/github.com\/hashicorp\/cap\/issues\/37> ) ,\nPR ( <https:\/\/github.com\/hashicorp\/boundary\/pull\/1231> ) )\n\n* sessions: Clean up connections that are dangling after a worker dies (is\nrestarted, powered off, etc.) This fixes some cases where a session never goes\nto terminated state because connections are not properly marked closed.\n( Issue 1 ( <https:\/\/github.com\/hashicorp\/boundary\/issues\/894> ) , Issue\n2 ( <https:\/\/github.com\/hashicorp\/boundary\/issues\/1055> ) ,\nPR ( <https:\/\/github.com\/hashicorp\/boundary\/pull\/1220> ) )\n\n* sessions: Add some missing API-level checks when session cancellation was\nrequested. It's much easier than interpreting the domain-level check failures.\n( PR ( <https:\/\/github.com\/hashicorp\/boundary\/pull\/1223> ) )\n\n* authenticate: When authenticating with OIDC and json format output, the\ncommand will no longer print out a notice that it's opening your web browser\n( Issue ( <https:\/\/github.com\/hashicorp\/boundary\/issues\/1193> ) ,\nPR ( <https:\/\/github.com\/hashicorp\/boundary\/pull\/1213> ) )\n```\n<https:\/\/newreleases.io\/github\/hashicorp\/boundary?version=v0.2.2|release note...>",
                "title": "hashicorp\/boundary on GitHub",
                "id": 1,
                "title_link": "https:\/\/newreleases.io\/github\/hashicorp\/boundary",
                "mrkdwn_in": [
                    "text"
                ]
            }
        ]
    },
    {
        "type": "message",
        "subtype": "bot_message",
        "text": "",
        "ts": "1621451806.001000",
        "bot_id": "B01D39EAGTT",
        "attachments": [
            {
                "fallback": "hashicorp\/terraform on GitHub\nv0.15.4v0.15.4 \nrelease note: <https:\/\/newreleases.io\/github\/hashicorp\/terraform?version=v0.15.4>",
                "text": "*v0.15.4* `v0.15.4` \n<https:\/\/newreleases.io\/github\/hashicorp\/terraform?version=v0.15.4|release note...>",
                "title": "hashicorp\/terraform on GitHub",
                "id": 1,
                "title_link": "https:\/\/newreleases.io\/github\/hashicorp\/terraform",
                "mrkdwn_in": [
                    "text"
                ]
            }
        ]
    },
    {
        "type": "message",
        "subtype": "bot_message",
        "text": "",
        "ts": "1621474696.001100",
        "bot_id": "B01D39EAGTT",
        "attachments": [
            {
                "fallback": "hashicorp\/terraform-provider-aws on GitHub\nv3.42.0",
                "text": "`v3.42.0`",
                "title": "hashicorp\/terraform-provider-aws on GitHub",
                "id": 1,
                "title_link": "https:\/\/newreleases.io\/github\/hashicorp\/terraform-provider-aws",
                "mrkdwn_in": [
                    "text"
                ]
            }
        ]
    },
    {
        "type": "message",
        "subtype": "bot_message",
        "text": "",
        "ts": "1621474914.001200",
        "bot_id": "B01D39EAGTT",
        "attachments": [
            {
                "fallback": "hashicorp\/terraform-provider-aws on GitHub\nv3.42.0v3.42.0 updated\nrelease note: <https:\/\/newreleases.io\/github\/hashicorp\/terraform-provider-aws?version=v3.42.0>",
                "text": "*v3.42.0* `v3.42.0` _updated_\n```\nFEATURES:\n\n* *New Data Source:* aws_service_discovery_dns_namespace ( #6856 ( <https:\/\/github.com\/hashicorp\/terraform-provider-aws\/issues\/6856> ) )\n\n* *New Resource:* aws_cloudwatch_metric_stream ( #18870 ( <https:\/\/github.com\/hashicorp\/terraform-provider-aws\/issues\/18870> ) )\n\n* *New Resource:* aws_servicecatalog_constraint ( #19385 ( <https:\/\/github.com\/hashicorp\/terraform-provider-aws\/issues\/19385> ) )\n\n* *New Resource:* aws_servicecatalog_product_portfolio_association ( #19385 ( <https:\/\/github.com\/hashicorp\/terraform-provider-aws\/issues\/19385> ) )\n\n* *New Resource:* aws_servicecatalog_service_action ( #19369 ( <https:\/\/github.com\/hashicorp\/terraform-provider-aws\/issues\/19369> ) )\n\nENHANCEMENTS:\n\n* resource\/aws_autoscaling_policy: Add PredictiveScaling policy_type and predictive_scaling_configuration argument ( #19447 ( <https:\/\/github.com\/hashicorp\/terraform-provider-aws\/issues\/19447> ) )\n\nBUG FIXES:\n\n* resource\/aws_networkfirewall_rule_group: Correctly update resource on rules change ( #19430 ( <https:\/\/github.com\/hashicorp\/terraform-provider-aws\/issues\/19430> ) )\n```\n<https:\/\/newreleases.io\/github\/hashicorp\/terraform-provider-aws?version=v3.42.0|release note...>",
                "title": "hashicorp\/terraform-provider-aws on GitHub",
                "id": 1,
                "title_link": "https:\/\/newreleases.io\/github\/hashicorp\/terraform-provider-aws",
                "mrkdwn_in": [
                    "text"
                ]
            }
        ]
    }
]