[
    {
        "type": "message",
        "subtype": "bot_message",
        "text": "",
        "ts": "1578478600.000600",
        "bot_id": "BG2UDF0NA",
        "attachments": [
            {
                "fallback": "terraform-providers\/terraform-provider-azurerm on GitHub\nv1.40.0",
                "text": "`v1.40.0`",
                "title": "terraform-providers\/terraform-provider-azurerm on GitHub",
                "id": 1,
                "title_link": "https:\/\/newreleases.io\/github\/terraform-providers\/terraform-provider-azurerm",
                "mrkdwn_in": [
                    "text"
                ]
            }
        ]
    },
    {
        "type": "message",
        "subtype": "bot_message",
        "text": "",
        "ts": "1578479528.000700",
        "bot_id": "BG2UDF0NA",
        "attachments": [
            {
                "fallback": "terraform-providers\/terraform-provider-azurerm on GitHub\nv1.40.0v1.40.0 updated\nrelease note: <https:\/\/newreleases.io\/github\/terraform-providers\/terraform-provider-azurerm?version=v1.40.0>",
                "text": "*v1.40.0* `v1.40.0` _updated_\n<https:\/\/newreleases.io\/github\/terraform-providers\/terraform-provider-azurerm?version=v1.40.0|release note...>",
                "title": "terraform-providers\/terraform-provider-azurerm on GitHub",
                "id": 1,
                "title_link": "https:\/\/newreleases.io\/github\/terraform-providers\/terraform-provider-azurerm",
                "mrkdwn_in": [
                    "text"
                ]
            }
        ]
    },
    {
        "type": "message",
        "subtype": "bot_message",
        "text": "",
        "ts": "1578511651.000800",
        "bot_id": "BG2UDF0NA",
        "attachments": [
            {
                "fallback": "hashicorp\/packer on GitHub\nnightlynightly pre-release, updated",
                "text": "*nightly* `nightly` _pre-release_, _updated_",
                "title": "hashicorp\/packer on GitHub",
                "id": 1,
                "title_link": "https:\/\/newreleases.io\/github\/hashicorp\/packer",
                "mrkdwn_in": [
                    "text"
                ]
            }
        ]
    },
    {
        "type": "message",
        "subtype": "bot_message",
        "text": "",
        "ts": "1578516184.000900",
        "bot_id": "BG2UDF0NA",
        "attachments": [
            {
                "fallback": "cloudposse\/terraform-aws-dynamodb on GitHub\n0.13.0 Add tags to autoscaler0.13.0\nrelease note: <https:\/\/newreleases.io\/github\/cloudposse\/terraform-aws-dynamodb?version=0.13.0>",
                "text": "*0.13.0 Add tags to autoscaler* `0.13.0`\n```\n----\nwhat\n----\n\n* Add tags to autoscaler\n\n---\nwhy\n---\n\n* The autoscaler supports tags\n\n* Tag all the created resources\n```\n<https:\/\/newreleases.io\/github\/cloudposse\/terraform-aws-dynamodb?version=0.13.0|release note...>",
                "title": "cloudposse\/terraform-aws-dynamodb on GitHub",
                "id": 1,
                "title_link": "https:\/\/newreleases.io\/github\/cloudposse\/terraform-aws-dynamodb",
                "mrkdwn_in": [
                    "text"
                ]
            }
        ]
    },
    {
        "type": "message",
        "subtype": "bot_message",
        "text": "",
        "ts": "1578523892.001000",
        "bot_id": "BG2UDF0NA",
        "attachments": [
            {
                "fallback": "hashicorp\/terraform on GitHub\nv0.12.19",
                "text": "`v0.12.19`",
                "title": "hashicorp\/terraform on GitHub",
                "id": 1,
                "title_link": "https:\/\/newreleases.io\/github\/hashicorp\/terraform",
                "mrkdwn_in": [
                    "text"
                ]
            }
        ]
    },
    {
        "type": "message",
        "subtype": "bot_message",
        "text": "",
        "ts": "1578524329.001100",
        "bot_id": "BG2UDF0NA",
        "attachments": [
            {
                "fallback": "hashicorp\/terraform on GitHub\nv0.12.19 updated\nrelease note: <https:\/\/newreleases.io\/github\/hashicorp\/terraform?version=v0.12.19>",
                "text": "`v0.12.19` _updated_\n```\nENHANCEMENTS:\n\n* command\/init: Cache Terraform Registry metadata responses when handling multiple references to the same module. ( #23727 ( <https:\/\/github.com\/hashicorp\/terraform\/issues\/23727> ) )\n\n* command\/state-mv: Detect and remove references elsewhere in the state to the source address in a terraform state mv operation. This does not affect any current operations but will cause the resulting state snapshot to be different than before, and a future version of Terraform may make use of this additional precision. ( #23791 ( <https:\/\/github.com\/hashicorp\/terraform\/issues\/23791> ) )\n\nBUG FIXES:\n\n* command\/init: Fix an issue with via an update to go-getter where modules would fail to download from the registry ( #23792 ( <https:\/\/github.com\/hashicorp\/terraform\/issues\/23792> ) )\n\n* command\/init: use backend config from state when -backend=false is used during init. ( #23802 ( <https:\/\/github.com\/hashicorp\/terraform\/issues\/23802> ) )\n\n* core: Do not evaluate unused config values, which may not be valid during destroy ( #23717 ( <https:\/\/github.com\/hashicorp\/terraform\/issues\/23717> ) )\n\n* core: Better error handling for an odd “should never happen” situation regarding the restoration of a deposed instance during a create_before_destroy replace action. While this does not yet fix the situation (it can still happen), it now has a specialized error message to hopefully help gather some more information about the root cause in future reports. ( #23718 ( <https:\/\/github.com\/hashicorp\/terraform\/issues\/23718> ) )\n\n* core: Prevent insertion of default providers when resources are removed from the config. ( #23696 ( <https:\/\/github.com\/hashicorp\/terraform\/issues\/23696> ) )\n\n* core: Detect and handle dependencies implied by references in a connection block directly within a resource block. ( #23663 ( <https:\/\/github.com\/hashicorp\/terraform\/issues\/23663> ) )\n\n* communicator\/ssh: Fix deadlock when SSH agent forwarding fails. ( #23661 ( <https:\/\/github.com\/hashicorp\/terraform\/issues\/23661> ) )\n```\n<https:\/\/newreleases.io\/github\/hashicorp\/terraform?version=v0.12.19|release note...>",
                "title": "hashicorp\/terraform on GitHub",
                "id": 1,
                "title_link": "https:\/\/newreleases.io\/github\/hashicorp\/terraform",
                "mrkdwn_in": [
                    "text"
                ]
            }
        ]
    }
]