[
    {
        "type": "message",
        "subtype": "bot_message",
        "text": "",
        "ts": "1578404098.002100",
        "bot_id": "BG2UDF0NA",
        "attachments": [
            {
                "fallback": "terraform-aws-modules\/terraform-aws-rds on GitHub\nv2.9.0",
                "text": "`v2.9.0`",
                "title": "terraform-aws-modules\/terraform-aws-rds on GitHub",
                "id": 1,
                "title_link": "https:\/\/newreleases.io\/github\/terraform-aws-modules\/terraform-aws-rds",
                "mrkdwn_in": [
                    "text"
                ]
            }
        ]
    },
    {
        "type": "message",
        "subtype": "bot_message",
        "text": "",
        "ts": "1578404566.002200",
        "bot_id": "BG2UDF0NA",
        "attachments": [
            {
                "fallback": "terraform-aws-modules\/terraform-aws-rds on GitHub\nv2.10.0",
                "text": "`v2.10.0`",
                "title": "terraform-aws-modules\/terraform-aws-rds on GitHub",
                "id": 1,
                "title_link": "https:\/\/newreleases.io\/github\/terraform-aws-modules\/terraform-aws-rds",
                "mrkdwn_in": [
                    "text"
                ]
            }
        ]
    },
    {
        "type": "message",
        "subtype": "bot_message",
        "text": "",
        "ts": "1578405503.002300",
        "bot_id": "BG2UDF0NA",
        "attachments": [
            {
                "fallback": "terraform-aws-modules\/terraform-aws-rds on GitHub\nv2.11.0",
                "text": "`v2.11.0`",
                "title": "terraform-aws-modules\/terraform-aws-rds on GitHub",
                "id": 1,
                "title_link": "https:\/\/newreleases.io\/github\/terraform-aws-modules\/terraform-aws-rds",
                "mrkdwn_in": [
                    "text"
                ]
            }
        ]
    },
    {
        "type": "message",
        "subtype": "bot_message",
        "text": "",
        "ts": "1578414628.002400",
        "bot_id": "BG2UDF0NA",
        "attachments": [
            {
                "fallback": "cloudposse\/terraform-aws-dynamodb on GitHub\n0.12.0 Use the latest label module to support the environment attribute0.12.0\nrelease note: <https:\/\/newreleases.io\/github\/cloudposse\/terraform-aws-dynamodb?version=0.12.0>",
                "text": "*0.12.0 Use the latest label module to support the environment attribute* `0.12.0`\n```\n----\nwhat\n----\n\n* Use the latest label module to support the environment attribute\n\n---\nwhy\n---\n\n* Allow the environment attribute to be passed to included modules\n\n* Useful for naming resources\n```\n<https:\/\/newreleases.io\/github\/cloudposse\/terraform-aws-dynamodb?version=0.12.0|release note...>",
                "title": "cloudposse\/terraform-aws-dynamodb on GitHub",
                "id": 1,
                "title_link": "https:\/\/newreleases.io\/github\/cloudposse\/terraform-aws-dynamodb",
                "mrkdwn_in": [
                    "text"
                ]
            }
        ]
    },
    {
        "type": "message",
        "subtype": "bot_message",
        "text": "",
        "ts": "1578416425.002500",
        "bot_id": "BG2UDF0NA",
        "attachments": [
            {
                "fallback": "terraform-aws-modules\/terraform-aws-security-group on GitHub\nv3.3.0",
                "text": "`v3.3.0`",
                "title": "terraform-aws-modules\/terraform-aws-security-group on GitHub",
                "id": 1,
                "title_link": "https:\/\/newreleases.io\/github\/terraform-aws-modules\/terraform-aws-security-group",
                "mrkdwn_in": [
                    "text"
                ]
            }
        ]
    },
    {
        "type": "message",
        "subtype": "bot_message",
        "text": "",
        "ts": "1578423261.000100",
        "bot_id": "BG2UDF0NA",
        "attachments": [
            {
                "fallback": "terraform-aws-modules\/terraform-aws-rds on GitHub\nv1.34.0",
                "text": "`v1.34.0`",
                "title": "terraform-aws-modules\/terraform-aws-rds on GitHub",
                "id": 1,
                "title_link": "https:\/\/newreleases.io\/github\/terraform-aws-modules\/terraform-aws-rds",
                "mrkdwn_in": [
                    "text"
                ]
            }
        ]
    },
    {
        "type": "message",
        "subtype": "bot_message",
        "text": "",
        "ts": "1578426296.000200",
        "bot_id": "BG2UDF0NA",
        "attachments": [
            {
                "fallback": "terraform-aws-modules\/terraform-aws-rds on GitHub\nv2.12.0",
                "text": "`v2.12.0`",
                "title": "terraform-aws-modules\/terraform-aws-rds on GitHub",
                "id": 1,
                "title_link": "https:\/\/newreleases.io\/github\/terraform-aws-modules\/terraform-aws-rds",
                "mrkdwn_in": [
                    "text"
                ]
            }
        ]
    },
    {
        "type": "message",
        "subtype": "bot_message",
        "text": "",
        "ts": "1578426799.000300",
        "bot_id": "BG2UDF0NA",
        "attachments": [
            {
                "fallback": "terraform-aws-modules\/terraform-aws-rds on GitHub\nv1.35.0",
                "text": "`v1.35.0`",
                "title": "terraform-aws-modules\/terraform-aws-rds on GitHub",
                "id": 1,
                "title_link": "https:\/\/newreleases.io\/github\/terraform-aws-modules\/terraform-aws-rds",
                "mrkdwn_in": [
                    "text"
                ]
            }
        ]
    },
    {
        "type": "message",
        "subtype": "bot_message",
        "text": "",
        "ts": "1578427192.000400",
        "bot_id": "BG2UDF0NA",
        "attachments": [
            {
                "fallback": "terraform-providers\/terraform-provider-google on GitHub\nv3.4.0",
                "text": "`v3.4.0`",
                "title": "terraform-providers\/terraform-provider-google on GitHub",
                "id": 1,
                "title_link": "https:\/\/newreleases.io\/github\/terraform-providers\/terraform-provider-google",
                "mrkdwn_in": [
                    "text"
                ]
            }
        ]
    }
]