[
    {
        "type": "message",
        "subtype": "bot_message",
        "text": "",
        "ts": "1580311277.002700",
        "bot_id": "BG2UDF0NA",
        "attachments": [
            {
                "fallback": "hashicorp\/terraform-github-actions on GitHub\nv0.7.0v0.7.0\nrelease note: <https:\/\/newreleases.io\/github\/hashicorp\/terraform-github-actions?version=v0.7.0>",
                "text": "*v0.7.0* `v0.7.0`\n```\n------\nv0.7.0\n------\n\nAdded\n-----\n\n* Added tf_actions_plan_output output. ( #119 ( <https:\/\/github.com\/hashicorp\/terraform-github-actions\/pull\/119> ) )\n\nChanged\n-------\n\n* Removed unecessary step in Dockerfile. ( #132 ( <https:\/\/github.com\/hashicorp\/terraform-github-actions\/pull\/132> ) )\n\nFixed\n-----\n\n* Process multi-line outputs correctly. ( #116 ( <https:\/\/github.com\/hashicorp\/terraform-github-actions\/pull\/116> ) )\n\n* Fixed typo in outputs documentation. ( #126 ( <https:\/\/github.com\/hashicorp\/terraform-github-actions\/pull\/126> ) )\n```\n<https:\/\/newreleases.io\/github\/hashicorp\/terraform-github-actions?version=v0.7.0|release note...>",
                "title": "hashicorp\/terraform-github-actions on GitHub",
                "id": 1,
                "title_link": "https:\/\/newreleases.io\/github\/hashicorp\/terraform-github-actions",
                "mrkdwn_in": [
                    "text"
                ]
            }
        ]
    },
    {
        "type": "message",
        "subtype": "bot_message",
        "text": "",
        "ts": "1580332374.002800",
        "bot_id": "BG2UDF0NA",
        "attachments": [
            {
                "fallback": "hashicorp\/terraform-github-actions on GitHub\nv0.7.1v0.7.1\nrelease note: <https:\/\/newreleases.io\/github\/hashicorp\/terraform-github-actions?version=v0.7.1>",
                "text": "*v0.7.1* `v0.7.1`\n```\n------\nv0.7.1\n------\n\nFixed\n-----\n\n* Fixed missing tf_actions_plan_has_changes output when plan exit code is 0. ( #136 ( <https:\/\/github.com\/hashicorp\/terraform-github-actions\/pull\/136> ) )\n```\n<https:\/\/newreleases.io\/github\/hashicorp\/terraform-github-actions?version=v0.7.1|release note...>",
                "title": "hashicorp\/terraform-github-actions on GitHub",
                "id": 1,
                "title_link": "https:\/\/newreleases.io\/github\/hashicorp\/terraform-github-actions",
                "mrkdwn_in": [
                    "text"
                ]
            }
        ]
    }
]