[
    {
        "type": "message",
        "subtype": "bot_message",
        "text": "",
        "ts": "1579603080.001200",
        "bot_id": "BG2UDF0NA",
        "attachments": [
            {
                "fallback": "terraform-aws-modules\/terraform-aws-notify-slack on GitHub\nv2.10.0",
                "text": "`v2.10.0`",
                "title": "terraform-aws-modules\/terraform-aws-notify-slack on GitHub",
                "id": 1,
                "title_link": "https:\/\/newreleases.io\/github\/terraform-aws-modules\/terraform-aws-notify-slack",
                "mrkdwn_in": [
                    "text"
                ]
            }
        ]
    },
    {
        "type": "message",
        "subtype": "bot_message",
        "text": "",
        "ts": "1579603204.001300",
        "bot_id": "BG2UDF0NA",
        "attachments": [
            {
                "fallback": "terraform-aws-modules\/terraform-aws-security-group on GitHub\nv3.4.0",
                "text": "`v3.4.0`",
                "title": "terraform-aws-modules\/terraform-aws-security-group on GitHub",
                "id": 1,
                "title_link": "https:\/\/newreleases.io\/github\/terraform-aws-modules\/terraform-aws-security-group",
                "mrkdwn_in": [
                    "text"
                ]
            }
        ]
    },
    {
        "type": "message",
        "subtype": "bot_message",
        "text": "",
        "ts": "1579622001.001400",
        "bot_id": "BG2UDF0NA",
        "attachments": [
            {
                "fallback": "segmentio\/terraform-docs on GitHub\nv0.8.1v0.8.1\nrelease note: <https:\/\/newreleases.io\/github\/segmentio\/terraform-docs?version=v0.8.1>",
                "text": "*v0.8.1* `v0.8.1`\n```\n---------\nChangelog\n---------\n\nBug Fixes\n---------\n\n* Show native map and list as default value in JSON ( #174 ( <https:\/\/github.com\/segmentio\/terraform-docs\/issues\/174> ) )\n```\n<https:\/\/newreleases.io\/github\/segmentio\/terraform-docs?version=v0.8.1|release note...>",
                "title": "segmentio\/terraform-docs on GitHub",
                "id": 1,
                "title_link": "https:\/\/newreleases.io\/github\/segmentio\/terraform-docs",
                "mrkdwn_in": [
                    "text"
                ]
            }
        ]
    },
    {
        "type": "message",
        "subtype": "bot_message",
        "text": "",
        "ts": "1579653889.001500",
        "bot_id": "BG2UDF0NA",
        "attachments": [
            {
                "fallback": "terraform-providers\/terraform-provider-google on GitHub\nv3.5.0",
                "text": "`v3.5.0`",
                "title": "terraform-providers\/terraform-provider-google on GitHub",
                "id": 1,
                "title_link": "https:\/\/newreleases.io\/github\/terraform-providers\/terraform-provider-google",
                "mrkdwn_in": [
                    "text"
                ]
            }
        ]
    }
]