[
    {
        "type": "message",
        "subtype": "bot_message",
        "text": "",
        "ts": "1579293831.000600",
        "bot_id": "BG2UDF0NA",
        "attachments": [
            {
                "fallback": "terraform-providers\/terraform-provider-aws on GitHub\nv2.45.0v2.45.0 updated\nrelease note: <https:\/\/newreleases.io\/github\/terraform-providers\/terraform-provider-aws?version=v2.45.0>",
                "text": "*v2.45.0* `v2.45.0` _updated_\n```\nENHANCEMENTS:\n\n* resource\/aws_codepipeline_webhook: Support in-place tags updates ( #11387 ( <https:\/\/github.com\/terraform-providers\/terraform-provider-aws\/issues\/11387> ) )\n\n* resource\/aws_db_parameter_group: Support resetting parameter group values ( #11540 ( <https:\/\/github.com\/terraform-providers\/terraform-provider-aws\/issues\/11540> ) )\n\n* resource\/aws_docdb_cluster: Support profiler CloudWatch export type ( #11051 ( <https:\/\/github.com\/terraform-providers\/terraform-provider-aws\/issues\/11051> ) )\n\n* resource\/aws_gamelift_alias: Add tags argument ( #11486 ( <https:\/\/github.com\/terraform-providers\/terraform-provider-aws\/issues\/11486> ) )\n\n* resource\/aws_gamelift_build: Add tags argument and arn attribute ( #11486 ( <https:\/\/github.com\/terraform-providers\/terraform-provider-aws\/issues\/11486> ) )\n\n* resource\/aws_gamelift_fleet - Add support for instance_role_arn ( #11553 ( <https:\/\/github.com\/terraform-providers\/terraform-provider-aws\/issues\/11553> ) )\n\n* resource\/aws_gamelift_game_session_queue: Add tags argument ( #11486 ( <https:\/\/github.com\/terraform-providers\/terraform-provider-aws\/issues\/11486> ) )\n\n* resource\/aws_neptune_parameter_group: Support tag-on-create ( #11245 ( <https:\/\/github.com\/terraform-providers\/terraform-provider-aws\/issues\/11245> ) )\n\n* resource\/aws_pinpoint_app: Add plan-time validation for limit configuration block daily , maximum_duration , messages_per_second and total arguments ( #11368 ( <https:\/\/github.com\/terraform-providers\/terraform-provider-aws\/issues\/11368> ) )\n\n* resource\/aws_rds_cluster: Allow enabling Aurora Serverless HTTP endpoint (Data API) with enable_http_endpoint ( #11048 ( <https:\/\/github.com\/terraform-providers\/terraform-provider-aws\/issues\/11048> ) )\n\n* resource\/aws_rds_cluster_parameter_group: Support resetting parameter group values ( #11540 ( <https:\/\/github.com\/terraform-providers\/terraform-provider-aws\/issues\/11540> ) )\n\n* resource\/aws_ssm_document: Add support for “Package” document type ( #11492 ( <https:\/\/github.com\/terraform-providers\/terraform-provider-aws\/issues\/11492> ) )\n\n* resource\/aws_vpc_peering_connection_accepter: Support resource import ( #4486 ( <https:\/\/github.com\/terraform-providers\/terraform-provider-aws\/issues\/4486> ) )\n\nBUG FIXES:\n\n* resource\/aws_autoscaling_group: Prevent indefinite wait for desired capacity to be available when instance_weight specified and &gt;=1 ( #11357 ( <https:\/\/github.com\/terraform-providers\/terraform-provider-aws\/issues\/11357> ) )\n\n* resource\/aws_cloudwatch_event_rule: Retry deletion on CloudWatch Events Target deletion eventual consistency ( #11475 ( <https:\/\/github.com\/terraform-providers\/terraform-provider-aws\/issues\/11475> ) )\n\n* resource\/aws_cloudwatch_event_target: Return failed entry error code and message if provided in RemoveTargets response ( #11475 ( <https:\/\/github.com\/terraform-providers\/terraform-provider-aws\/issues\/11475> ) )\n\n* resource\/aws_codepipeline_webhook: Properly trigger resource recreation when authentication_configuration configuration block allowed_ip_range and secret_token arguments change ( #11387 ( <https:\/\/github.com\/terraform-providers\/terraform-provider-aws\/issues\/11387> ) )\n\n* resource\/aws_emr_cluster: Prevent perpetual difference with ec2_attributes configuration block emr_managed_master_security_group , emr_managed_slave_security_group , and service_access_security_groups arguments when omitted (support EMR Managed Security Groups) ( #5493 ( <https:\/\/github.com\/terraform-providers\/terraform-provider-aws\/issues\/5493> ) )\n\n* resource\/aws_opsworks_permission: Prevent Unable to change own permission level error during self updates ( #11379 ( <https:\/\/github.com\/terraform-providers\/terraform-provider-aws\/issues\/11379> ) )\n```\n<https:\/\/newreleases.io\/github\/terraform-providers\/terraform-provider-aws?version=v2.45.0|release note...>",
                "title": "terraform-providers\/terraform-provider-aws on GitHub",
                "id": 1,
                "title_link": "https:\/\/newreleases.io\/github\/terraform-providers\/terraform-provider-aws",
                "mrkdwn_in": [
                    "text"
                ]
            }
        ]
    },
    {
        "type": "message",
        "subtype": "bot_message",
        "text": "",
        "ts": "1579293845.000700",
        "bot_id": "BG2UDF0NA",
        "attachments": [
            {
                "fallback": "segmentio\/terraform-docs on GitHub\nv0.8.0v0.8.0\nrelease note: <https:\/\/newreleases.io\/github\/segmentio\/terraform-docs?version=v0.8.0>",
                "text": "*v0.8.0* `v0.8.0`\n```\n---------\nChangelog\n---------\n\n*This release supports Terraform v0.12.x configuration.*\n\nFeatures\n--------\n\n* Add ‘–no-escape’ flag to ‘json’ command ( #147 ( <https:\/\/github.com\/segmentio\/terraform-docs\/issues\/147> ) )\n\n* Add flags to not show different sections ( #144 ( <https:\/\/github.com\/segmentio\/terraform-docs\/issues\/144> ) )\n\n* Add ‘–no-color’ flag to ‘pretty’ command ( #143 ( <https:\/\/github.com\/segmentio\/terraform-docs\/issues\/143> ) )\n\n* Show ‘providers’ information ( #140 ( <https:\/\/github.com\/segmentio\/terraform-docs\/issues\/140> ) )\n\n* Bump golang to latest v1.13 ( #133 ( <https:\/\/github.com\/segmentio\/terraform-docs\/issues\/133> ) )\n\n* Support Terraform 0.12.x configuration ( #113 ( <https:\/\/github.com\/segmentio\/terraform-docs\/issues\/113> ) )\n\nEnhancements\n------------\n\n* Rename flag to ‘–sort-by-required’ ( #150 ( <https:\/\/github.com\/segmentio\/terraform-docs\/issues\/150> ) )\n\n* Mark ‘–with-aggregate-type-defaults’ as deprecated ( #148 ( <https:\/\/github.com\/segmentio\/terraform-docs\/issues\/148> ) )\n\n* Bump homebrew formula version on release ( #135 ( <https:\/\/github.com\/segmentio\/terraform-docs\/issues\/135> ) )\n\n* Enable new go linters and fix the existing issues ( #132 ( <https:\/\/github.com\/segmentio\/terraform-docs\/issues\/132> ) )\n\nBug Fixes\n---------\n\n* Do not escape any characters of a URL ( #170 ( <https:\/\/github.com\/segmentio\/terraform-docs\/issues\/170> ) )\n\n* Add double space at the end of multi-lines paragraph ( #169 ( <https:\/\/github.com\/segmentio\/terraform-docs\/issues\/169> ) )\n\n* Show empty JSON properties, as ‘null’ for all types ( #166 ( <https:\/\/github.com\/segmentio\/terraform-docs\/issues\/166> ) )\n\n* Show all JSON properties, empty or null ( #160 ( <https:\/\/github.com\/segmentio\/terraform-docs\/issues\/160> ) )\n\n* Do not escape strings inside code blocks ( #155 ( <https:\/\/github.com\/segmentio\/terraform-docs\/issues\/155> ) )\n\n* Read leading module header from <http:\/\/main.tf|main.tf> ( #154 ( <https:\/\/github.com\/segmentio\/terraform-docs\/issues\/154> ) )\n\n* Read leading comment lines if description is not provided ( #151 ( <https:\/\/github.com\/segmentio\/terraform-docs\/issues\/151> ) )\n\n* Reimplement ‘–no-sort’ to be compatible with Terraform 0.12 configuration ( #141 ( <https:\/\/github.com\/segmentio\/terraform-docs\/issues\/141> ) )\n\nCode Refactoring\n----------------\n\n* Move doc.Doc to tfconf.Module ( #136 ( <https:\/\/github.com\/segmentio\/terraform-docs\/issues\/136> ) )\n\nDocumentation\n-------------\n\n* Initial commit of usage documentation ( #162 ( <https:\/\/github.com\/segmentio\/terraform-docs\/issues\/162> ) )\n\n* Deprecate accepting files as commands param ( #163 ( <https:\/\/github.com\/segmentio\/terraform-docs\/issues\/163> ) )\n\n* Update Module internal documentaion\n\nBREAKING CHANGE\n---------------\n\n* With Terraform 0.12 ability to generate output from file has been deprecated in favor of from folder which contains one or <http:\/\/more.tf|more.tf> files.\n\n* In the JSON format response, list of “Inputs” has been renamed to inputs.\n\n* In the JSON format response, list of “Outputs” has been renamed to outputs.\n\n* In the JSON format respone, module “Comment” has been renamed to module header.\n\n* For simplicity we’ve decided to deprecated the old --sort-inputs-by-required flag to the simpler and more generic --sort--by-required. The deprecated flags will get removed second release from now.\n\n* As of Terraform 0.12, the default value of input variables are shown in full JSON format (if available) and --with-aggregate-type-defaults is not needed anymore. The flag is marked as soft deprecated and will get removed in the second release from now.\n\n* With Terraform 0.12 the information about providers being used in the module will be generated by default. This will cause the first generation of documents with the latest release of terraform-docs binary be slightly different than before, now there will be Providers section in Markdown and providers block in JSON. You can ignore this by using new --no-providers flag if you choose to.\n\nContributors\n------------\n\nVery special thanks for @moatra for the awesome work :heart:\n\n* @chenrui333\n\n* @khos2ow\n\n* @moatra\n```\n<https:\/\/newreleases.io\/github\/segmentio\/terraform-docs?version=v0.8.0|release note...>",
                "title": "segmentio\/terraform-docs on GitHub",
                "id": 1,
                "title_link": "https:\/\/newreleases.io\/github\/segmentio\/terraform-docs",
                "mrkdwn_in": [
                    "text"
                ]
            }
        ]
    }
]