[
    {
        "client_msg_id": "27b1b815-e4f0-433f-8f14-e55289f3d0af",
        "type": "message",
        "text": "みなさんTerraformを書くときのエディタは何を使われていますか？:eyes:\nIntelliJを使っていたのですが転職で使わなくなりVSCに乗り換えようか検討しています\n現状IntelliJかVSC以外に選択肢はあるんでしょうか",
        "user": "U01DX2J904V",
        "ts": "1652411387.462149",
        "blocks": [
            {
                "type": "rich_text",
                "block_id": "PrEs",
                "elements": [
                    {
                        "type": "rich_text_section",
                        "elements": [
                            {
                                "type": "text",
                                "text": "みなさんTerraformを書くときのエディタは何を使われていますか？"
                            },
                            {
                                "type": "emoji",
                                "name": "eyes",
                                "unicode": "1f440"
                            },
                            {
                                "type": "text",
                                "text": "\nIntelliJを使っていたのですが転職で使わなくなりVSCに乗り換えようか検討しています\n現状IntelliJかVSC以外に選択肢はあるんでしょうか"
                            }
                        ]
                    }
                ]
            }
        ],
        "team": "TFU0BKCQP",
        "user_team": "TFU0BKCQP",
        "source_team": "TFU0BKCQP",
        "user_profile": {
            "avatar_hash": "61d32800c6fc",
            "image_72": "https:\/\/avatars.slack-edge.com\/2020-11-04\/1500020650448_61d32800c6fce51b5467_72.png",
            "first_name": "HonMarkHunt",
            "real_name": "HonMarkHunt",
            "display_name": "HonMarkHunt",
            "team": "TFU0BKCQP",
            "name": "honmaso",
            "is_restricted": false,
            "is_ultra_restricted": false
        },
        "thread_ts": "1652411387.462149",
        "reply_count": 9,
        "reply_users_count": 9,
        "latest_reply": "1652442728.711609",
        "reply_users": [
            "UFU0BKD8F",
            "ULMGSPA1F",
            "U01NB7CKNF2",
            "U018F14RQBE",
            "UGY9BJ1NF",
            "U01GAQPRFQB",
            "UR6TGPC0P",
            "U02K7TWFJ83",
            "UQT52H29G"
        ],
        "replies": [
            {
                "user": "UFU0BKD8F",
                "ts": "1652411532.552089"
            },
            {
                "user": "ULMGSPA1F",
                "ts": "1652411964.892609"
            },
            {
                "user": "U01NB7CKNF2",
                "ts": "1652412299.393389"
            },
            {
                "user": "U018F14RQBE",
                "ts": "1652413161.049059"
            },
            {
                "user": "UGY9BJ1NF",
                "ts": "1652413174.114719"
            },
            {
                "user": "U01GAQPRFQB",
                "ts": "1652415474.431399"
            },
            {
                "user": "UR6TGPC0P",
                "ts": "1652416096.535189"
            },
            {
                "user": "U02K7TWFJ83",
                "ts": "1652418501.335079"
            },
            {
                "user": "UQT52H29G",
                "ts": "1652442728.711609"
            }
        ],
        "is_locked": false,
        "subscribed": true,
        "last_read": "1652442728.711609"
    },
    {
        "client_msg_id": "3f2292f4-0543-453f-ae83-f07f2671c176",
        "type": "message",
        "text": "黙ってvi(vim)",
        "user": "UFU0BKD8F",
        "ts": "1652411532.552089",
        "blocks": [
            {
                "type": "rich_text",
                "block_id": "ZHPng",
                "elements": [
                    {
                        "type": "rich_text_section",
                        "elements": [
                            {
                                "type": "text",
                                "text": "黙ってvi(vim)"
                            }
                        ]
                    }
                ]
            }
        ],
        "team": "TFU0BKCQP",
        "user_team": "TFU0BKCQP",
        "source_team": "TFU0BKCQP",
        "user_profile": {
            "avatar_hash": "92c41c62c7b0",
            "image_72": "https:\/\/avatars.slack-edge.com\/2019-01-30\/537137791812_92c41c62c7b0f054d3dd_72.jpg",
            "first_name": "らき",
            "real_name": "らき",
            "display_name": "raki",
            "team": "TFU0BKCQP",
            "name": "nishimuray",
            "is_restricted": false,
            "is_ultra_restricted": false
        },
        "thread_ts": "1652411387.462149",
        "parent_user_id": "U01DX2J904V",
        "reactions": [
            {
                "name": "eyes",
                "users": [
                    "U01DX2J904V"
                ],
                "count": 1
            }
        ]
    },
    {
        "client_msg_id": "FD8E67BB-2E8E-4501-ADC3-D99C76B4EE74",
        "type": "message",
        "text": "Neovimです！",
        "user": "ULMGSPA1F",
        "ts": "1652411964.892609",
        "blocks": [
            {
                "type": "rich_text",
                "block_id": "70d",
                "elements": [
                    {
                        "type": "rich_text_section",
                        "elements": [
                            {
                                "type": "text",
                                "text": "Neovimです！"
                            }
                        ]
                    }
                ]
            }
        ],
        "team": "TFU0BKCQP",
        "user_team": "TFU0BKCQP",
        "source_team": "TFU0BKCQP",
        "user_profile": {
            "avatar_hash": "gaf9deb49f75",
            "image_72": "https:\/\/secure.gravatar.com\/avatar\/faf9deb49f754b79390b64d036725f67.jpg?s=72&d=https%3A%2F%2Fa.slack-edge.com%2Fdf10d%2Fimg%2Favatars%2Fava_0004-72.png",
            "first_name": "yshd",
            "real_name": "yshd",
            "display_name": "",
            "team": "TFU0BKCQP",
            "name": "yshdyk11202000",
            "is_restricted": false,
            "is_ultra_restricted": false
        },
        "thread_ts": "1652411387.462149",
        "parent_user_id": "U01DX2J904V",
        "reactions": [
            {
                "name": "eyes",
                "users": [
                    "U01DX2J904V"
                ],
                "count": 1
            }
        ]
    },
    {
        "client_msg_id": "cb298fa8-617f-44eb-8032-b8076a5d6d73",
        "type": "message",
        "text": "vim使う年寄りしかいない（vim使ってます）",
        "user": "U01NB7CKNF2",
        "ts": "1652412299.393389",
        "blocks": [
            {
                "type": "rich_text",
                "block_id": "lCRr+",
                "elements": [
                    {
                        "type": "rich_text_section",
                        "elements": [
                            {
                                "type": "text",
                                "text": "vim使う年寄りしかいない（vim使ってます）"
                            }
                        ]
                    }
                ]
            }
        ],
        "team": "TFU0BKCQP",
        "user_team": "TFU0BKCQP",
        "source_team": "TFU0BKCQP",
        "user_profile": {
            "avatar_hash": "gecad9d801d7",
            "image_72": "https:\/\/secure.gravatar.com\/avatar\/ecad9d801d79f6c6e5df93094690685e.jpg?s=72&d=https%3A%2F%2Fa.slack-edge.com%2Fdf10d%2Fimg%2Favatars%2Fava_0019-72.png",
            "first_name": "",
            "real_name": "Takumi Shotoku",
            "display_name": "Takumi Shotoku",
            "team": "TFU0BKCQP",
            "name": "sinsoku.listy",
            "is_restricted": false,
            "is_ultra_restricted": false
        },
        "thread_ts": "1652411387.462149",
        "parent_user_id": "U01DX2J904V",
        "reactions": [
            {
                "name": "eyes",
                "users": [
                    "U01DX2J904V"
                ],
                "count": 1
            }
        ]
    },
    {
        "client_msg_id": "5b0654f1-3dee-4f6f-abcc-e6321e847044",
        "type": "message",
        "text": "VSCodeです！",
        "user": "U018F14RQBE",
        "ts": "1652413161.049059",
        "blocks": [
            {
                "type": "rich_text",
                "block_id": "tk8uj",
                "elements": [
                    {
                        "type": "rich_text_section",
                        "elements": [
                            {
                                "type": "text",
                                "text": "VSCodeです！"
                            }
                        ]
                    }
                ]
            }
        ],
        "team": "TFU0BKCQP",
        "user_team": "TFU0BKCQP",
        "source_team": "TFU0BKCQP",
        "user_profile": {
            "avatar_hash": "g5a6541ecc9d",
            "image_72": "https:\/\/secure.gravatar.com\/avatar\/5a6541ecc9ddfab33ef8e06833aafd01.jpg?s=72&d=https%3A%2F%2Fa.slack-edge.com%2Fdf10d%2Fimg%2Favatars%2Fava_0020-72.png",
            "first_name": "saitotak",
            "real_name": "saitotak",
            "display_name": "",
            "team": "TFU0BKCQP",
            "name": "takuro.saito",
            "is_restricted": false,
            "is_ultra_restricted": false
        },
        "thread_ts": "1652411387.462149",
        "parent_user_id": "U01DX2J904V",
        "reactions": [
            {
                "name": "eyes",
                "users": [
                    "U01DX2J904V"
                ],
                "count": 1
            }
        ]
    },
    {
        "client_msg_id": "BFB818A2-1FC8-46C1-B544-0DA2A256402C",
        "type": "message",
        "text": "VSCode",
        "user": "UGY9BJ1NF",
        "ts": "1652413174.114719",
        "blocks": [
            {
                "type": "rich_text",
                "block_id": "yrf",
                "elements": [
                    {
                        "type": "rich_text_section",
                        "elements": [
                            {
                                "type": "text",
                                "text": "VSCode"
                            }
                        ]
                    }
                ]
            }
        ],
        "team": "TFU0BKCQP",
        "user_team": "TFU0BKCQP",
        "source_team": "TFU0BKCQP",
        "user_profile": {
            "avatar_hash": "db2f4d9fe31e",
            "image_72": "https:\/\/avatars.slack-edge.com\/2019-03-14\/576772793877_db2f4d9fe31e4921d24d_72.jpg",
            "first_name": "Masamitsu",
            "real_name": "Masamitsu Maehara",
            "display_name": "micci184",
            "team": "TFU0BKCQP",
            "name": "micci184",
            "is_restricted": false,
            "is_ultra_restricted": false
        },
        "thread_ts": "1652411387.462149",
        "parent_user_id": "U01DX2J904V",
        "reactions": [
            {
                "name": "eyes",
                "users": [
                    "U01DX2J904V"
                ],
                "count": 1
            }
        ]
    },
    {
        "client_msg_id": "06462a52-ca5e-4a82-a025-f4ed20d0a676",
        "type": "message",
        "text": "VSCodeです〜",
        "user": "U01GAQPRFQB",
        "ts": "1652415474.431399",
        "blocks": [
            {
                "type": "rich_text",
                "block_id": "YF5Z",
                "elements": [
                    {
                        "type": "rich_text_section",
                        "elements": [
                            {
                                "type": "text",
                                "text": "VSCodeです〜"
                            }
                        ]
                    }
                ]
            }
        ],
        "team": "TFU0BKCQP",
        "user_team": "TFU0BKCQP",
        "source_team": "TFU0BKCQP",
        "user_profile": {
            "avatar_hash": "6ab6c226f11c",
            "image_72": "https:\/\/avatars.slack-edge.com\/2021-11-09\/2702170171539_6ab6c226f11cae0ecec4_72.png",
            "first_name": "",
            "real_name": "Sho Ishii",
            "display_name": "Sho Ishii",
            "team": "TFU0BKCQP",
            "name": "s_ishii",
            "is_restricted": false,
            "is_ultra_restricted": false
        },
        "thread_ts": "1652411387.462149",
        "parent_user_id": "U01DX2J904V",
        "reactions": [
            {
                "name": "eyes",
                "users": [
                    "U01DX2J904V"
                ],
                "count": 1
            }
        ]
    },
    {
        "client_msg_id": "e67f4a64-46a4-4061-8d78-f7ca36490a70",
        "type": "message",
        "text": "VSCodeです！",
        "user": "UR6TGPC0P",
        "ts": "1652416096.535189",
        "blocks": [
            {
                "type": "rich_text",
                "block_id": "F2t",
                "elements": [
                    {
                        "type": "rich_text_section",
                        "elements": [
                            {
                                "type": "text",
                                "text": "VSCodeです！"
                            }
                        ]
                    }
                ]
            }
        ],
        "team": "TFU0BKCQP",
        "user_team": "TFU0BKCQP",
        "source_team": "TFU0BKCQP",
        "user_profile": {
            "avatar_hash": "g3f848c0c0b9",
            "image_72": "https:\/\/secure.gravatar.com\/avatar\/3f848c0c0b9a6603894e157da93e4655.jpg?s=72&d=https%3A%2F%2Fa.slack-edge.com%2Fdf10d%2Fimg%2Favatars%2Fava_0007-72.png",
            "first_name": "",
            "real_name": "tada",
            "display_name": "tada",
            "team": "TFU0BKCQP",
            "name": "tadainfra",
            "is_restricted": false,
            "is_ultra_restricted": false
        },
        "thread_ts": "1652411387.462149",
        "parent_user_id": "U01DX2J904V",
        "reactions": [
            {
                "name": "eyes",
                "users": [
                    "U01DX2J904V"
                ],
                "count": 1
            }
        ]
    },
    {
        "client_msg_id": "dbac13f5-655f-4471-9467-82eb1ce1ae72",
        "type": "message",
        "text": "VS Code + <https:\/\/github.com\/hashicorp\/vscode-terraform>\nです！",
        "user": "U02K7TWFJ83",
        "ts": "1652418501.335079",
        "blocks": [
            {
                "type": "rich_text",
                "block_id": "ho8",
                "elements": [
                    {
                        "type": "rich_text_section",
                        "elements": [
                            {
                                "type": "text",
                                "text": "VS Code + "
                            },
                            {
                                "type": "link",
                                "url": "https:\/\/github.com\/hashicorp\/vscode-terraform"
                            },
                            {
                                "type": "text",
                                "text": "\nです！"
                            }
                        ]
                    }
                ]
            }
        ],
        "team": "TFU0BKCQP",
        "user_team": "TFU0BKCQP",
        "source_team": "TFU0BKCQP",
        "user_profile": {
            "avatar_hash": "86721a977b30",
            "image_72": "https:\/\/avatars.slack-edge.com\/2021-10-27\/2654208361715_86721a977b3051d7e40e_72.jpg",
            "first_name": "myabaou",
            "real_name": "myabaou",
            "display_name": "myabaou",
            "team": "TFU0BKCQP",
            "name": "yu_mabashi",
            "is_restricted": false,
            "is_ultra_restricted": false
        },
        "attachments": [
            {
                "id": 1,
                "color": "24292f",
                "bot_id": "B01U2F8JUF9",
                "app_unfurl_url": "https:\/\/github.com\/hashicorp\/vscode-terraform",
                "is_app_unfurl": true,
                "app_id": "A01BP7R4KNY",
                "fallback": "hashicorp\/vscode-terraform",
                "text": "HashiCorp Terraform VSCode extension",
                "title": "hashicorp\/vscode-terraform",
                "fields": [
                    {
                        "value": "<https:\/\/marketplace.visualstudio.com\/items?itemName=HashiCorp.terraform>",
                        "title": "Website",
                        "short": true
                    },
                    {
                        "value": "774",
                        "title": "Stars",
                        "short": true
                    }
                ]
            }
        ],
        "thread_ts": "1652411387.462149",
        "parent_user_id": "U01DX2J904V",
        "reactions": [
            {
                "name": "eyes",
                "users": [
                    "U01DX2J904V"
                ],
                "count": 1
            }
        ]
    }
]