[
    {
        "type": "message",
        "subtype": "bot_message",
        "text": "",
        "ts": "1669034412.168389",
        "bot_id": "B01D39EAGTT",
        "attachments": [
            {
                "id": 1,
                "fallback": "hashicorp\/terraform-cdk on GitHub\nv0.15.0-pre.0",
                "text": "`v0.15.0-pre.0`",
                "title": "hashicorp\/terraform-cdk on GitHub",
                "title_link": "https:\/\/newreleases.io\/github\/hashicorp\/terraform-cdk",
                "mrkdwn_in": [
                    "text"
                ]
            }
        ]
    },
    {
        "type": "message",
        "subtype": "bot_message",
        "text": "",
        "ts": "1669039068.204579",
        "bot_id": "B01D39EAGTT",
        "attachments": [
            {
                "id": 1,
                "fallback": "hashicorp\/terraform-cdk on GitHub\nv0.15.0-pre.1",
                "text": "`v0.15.0-pre.1`",
                "title": "hashicorp\/terraform-cdk on GitHub",
                "title_link": "https:\/\/newreleases.io\/github\/hashicorp\/terraform-cdk",
                "mrkdwn_in": [
                    "text"
                ]
            }
        ]
    },
    {
        "type": "message",
        "subtype": "bot_message",
        "text": "",
        "ts": "1669041693.880419",
        "bot_id": "B01D39EAGTT",
        "attachments": [
            {
                "id": 1,
                "fallback": "hashicorp\/terraform-cdk on GitHub\nv0.15.0-pre.2",
                "text": "`v0.15.0-pre.2`",
                "title": "hashicorp\/terraform-cdk on GitHub",
                "title_link": "https:\/\/newreleases.io\/github\/hashicorp\/terraform-cdk",
                "mrkdwn_in": [
                    "text"
                ]
            }
        ]
    },
    {
        "type": "message",
        "subtype": "bot_message",
        "text": "",
        "ts": "1669048885.849379",
        "bot_id": "B01D39EAGTT",
        "attachments": [
            {
                "id": 1,
                "fallback": "hashicorp\/consul on GitHub\napi\/v1.17.0 \n\nsdk\/v0.13.0",
                "text": "`api\/v1.17.0` \n\n`sdk\/v0.13.0`",
                "title": "hashicorp\/consul on GitHub",
                "title_link": "https:\/\/newreleases.io\/github\/hashicorp\/consul",
                "mrkdwn_in": [
                    "text"
                ]
            }
        ]
    },
    {
        "type": "message",
        "subtype": "bot_message",
        "text": "",
        "ts": "1669049853.274699",
        "bot_id": "B01D39EAGTT",
        "attachments": [
            {
                "id": 1,
                "fallback": "hashicorp\/terraform-cdk on GitHub\nv0.15.0-pre.3",
                "text": "`v0.15.0-pre.3`",
                "title": "hashicorp\/terraform-cdk on GitHub",
                "title_link": "https:\/\/newreleases.io\/github\/hashicorp\/terraform-cdk",
                "mrkdwn_in": [
                    "text"
                ]
            }
        ]
    },
    {
        "type": "message",
        "subtype": "bot_message",
        "text": "",
        "ts": "1669054814.620579",
        "bot_id": "B01D39EAGTT",
        "attachments": [
            {
                "id": 1,
                "fallback": "hashicorp\/consul on GitHub\nv1.14.1 \nrelease note: <https:\/\/newreleases.io\/github\/hashicorp\/consul?version=v1.14.1>",
                "text": "`v1.14.1` \n```\n--------------------------\n1.14.1 (November 21, 2022)\n--------------------------\n\nBUG FIXES:\n\n* cli: Fix issue where consul connect envoy incorrectly uses the HTTPS API configuration for xDS connections. [ GH-15466 ( <https:\/\/github.com\/hashicorp\/consul\/issues\/15466> ) ]\n* sdk: Fix SDK testutil backwards compatibility by only configuring grpc_tls port for new Consul versions. [ GH-15423 ( <https:\/\/github.com\/hashicorp\/consul\/issues\/15423> ) ]\n```\n<https:\/\/newreleases.io\/github\/hashicorp\/consul?version=v1.14.1|release note...>",
                "title": "hashicorp\/consul on GitHub",
                "title_link": "https:\/\/newreleases.io\/github\/hashicorp\/consul",
                "mrkdwn_in": [
                    "text"
                ]
            }
        ]
    },
    {
        "type": "message",
        "subtype": "bot_message",
        "text": "",
        "ts": "1669061841.365019",
        "bot_id": "B01D39EAGTT",
        "attachments": [
            {
                "id": 1,
                "fallback": "hashicorp\/terraform-provider-google on GitHub\nv4.44.0",
                "text": "`v4.44.0`",
                "title": "hashicorp\/terraform-provider-google on GitHub",
                "title_link": "https:\/\/newreleases.io\/github\/hashicorp\/terraform-provider-google",
                "mrkdwn_in": [
                    "text"
                ]
            }
        ]
    },
    {
        "type": "message",
        "subtype": "bot_message",
        "text": "",
        "ts": "1669062468.385479",
        "bot_id": "B01D39EAGTT",
        "attachments": [
            {
                "id": 1,
                "fallback": "hashicorp\/terraform-provider-google on GitHub\nv4.44.0 updated\nrelease note: <https:\/\/newreleases.io\/github\/hashicorp\/terraform-provider-google?version=v4.44.0>",
                "text": "`v4.44.0` _updated_\n<https:\/\/newreleases.io\/github\/hashicorp\/terraform-provider-google?version=v4.44.0|release note...>",
                "title": "hashicorp\/terraform-provider-google on GitHub",
                "title_link": "https:\/\/newreleases.io\/github\/hashicorp\/terraform-provider-google",
                "mrkdwn_in": [
                    "text"
                ]
            }
        ]
    }
]