[
    {
        "type": "message",
        "subtype": "bot_message",
        "text": "",
        "ts": "1667385653.280059",
        "bot_id": "B01D39EAGTT",
        "attachments": [
            {
                "id": 1,
                "fallback": "hashicorp\/terraform-cdk on GitHub\nv0.14.0-pre.19",
                "text": "`v0.14.0-pre.19`",
                "title": "hashicorp\/terraform-cdk on GitHub",
                "title_link": "https:\/\/newreleases.io\/github\/hashicorp\/terraform-cdk",
                "mrkdwn_in": [
                    "text"
                ]
            }
        ]
    },
    {
        "type": "message",
        "subtype": "bot_message",
        "text": "",
        "ts": "1667407292.753319",
        "bot_id": "B01D39EAGTT",
        "attachments": [
            {
                "id": 1,
                "fallback": "hashicorp\/terraform on GitHub\nv1.3.4 \nrelease note: <https:\/\/newreleases.io\/github\/hashicorp\/terraform?version=v1.3.4>",
                "text": "`v1.3.4` \n```\n-------------------------\n1.3.4 (November 02, 2022)\n-------------------------\n\nBUG FIXES:\n\n* Fix invalid refresh-only plan caused by data sources being deferred to apply ( #32111 ( <https:\/\/github.com\/hashicorp\/terraform\/issues\/32111> ) )\n* Optimize the handling of condition checks during apply to prevent performance regressions with large numbers of instances ( #32123 ( <https:\/\/github.com\/hashicorp\/terraform\/issues\/32123> ) )\n* Output preconditions should not be evaluated during destroy ( #32051 ( <https:\/\/github.com\/hashicorp\/terraform\/issues\/32051> ) )\n* Fix crash from console when outputs contain preconditions ( #32051 ( <https:\/\/github.com\/hashicorp\/terraform\/issues\/32051> ) )\n* Destroy with no state would still attempt to evaluate some values ( #32051 ( <https:\/\/github.com\/hashicorp\/terraform\/issues\/32051> ) )\n* Prevent unnecessary evaluation and planning of resources during the pre-destroy refresh ( #32051 ( <https:\/\/github.com\/hashicorp\/terraform\/issues\/32051> ) )\n* AzureRM Backend: support for generic OIDC authentication via the oidc_token and oidc_token_file_path properties ( #31966 ( <https:\/\/github.com\/hashicorp\/terraform\/issues\/31966> ) )\n* Input and Module Variables: Convert variable types before attempting to apply default values. ( #32027 ( <https:\/\/github.com\/hashicorp\/terraform\/issues\/32027> ) )\n* When installing remote module packages delivered in tar format, Terraform now limits the tar header block size to 1MiB to avoid unbounded memory usage for maliciously-crafted module packages. ( #32135 ( <https:\/\/github.com\/hashicorp\/terraform\/issues\/32135> ) )\n* Terraform will now reject excessively-complex regular expression patterns passed to the regex , regexall , and replace functions, to avoid unbounded memory usage for maliciously-crafted patterns. This change should not affect any reasonable patterns intended for practical use. ( #32135 ( <https:\/\/github.com\/hashicorp\/terraform\/issues\/32135> ) )\n* Terraform on Windows now rejects invalid environment variables whose values contain the NUL character when propagating environment variables to a child process such as a provider plugin. Previously Terraform would incorrectly treat that character as a separator between two separate environment variables. ( #32135 ( <https:\/\/github.com\/hashicorp\/terraform\/issues\/32135> ) )\n```\n<https:\/\/newreleases.io\/github\/hashicorp\/terraform?version=v1.3.4|release note...>",
                "title": "hashicorp\/terraform on GitHub",
                "title_link": "https:\/\/newreleases.io\/github\/hashicorp\/terraform",
                "mrkdwn_in": [
                    "text"
                ]
            }
        ]
    },
    {
        "type": "message",
        "subtype": "bot_message",
        "text": "",
        "ts": "1667427318.296889",
        "bot_id": "B01D39EAGTT",
        "attachments": [
            {
                "id": 1,
                "fallback": "hashicorp\/terraform-provider-google on GitHub\nv4.42.1",
                "text": "`v4.42.1`",
                "title": "hashicorp\/terraform-provider-google on GitHub",
                "title_link": "https:\/\/newreleases.io\/github\/hashicorp\/terraform-provider-google",
                "mrkdwn_in": [
                    "text"
                ]
            }
        ]
    },
    {
        "type": "message",
        "subtype": "bot_message",
        "text": "",
        "ts": "1667428002.307569",
        "bot_id": "B01D39EAGTT",
        "attachments": [
            {
                "id": 1,
                "fallback": "hashicorp\/terraform-provider-google on GitHub\nv4.42.1 updated\nrelease note: <https:\/\/newreleases.io\/github\/hashicorp\/terraform-provider-google?version=v4.42.1>",
                "text": "`v4.42.1` _updated_\n<https:\/\/newreleases.io\/github\/hashicorp\/terraform-provider-google?version=v4.42.1|release note...>",
                "title": "hashicorp\/terraform-provider-google on GitHub",
                "title_link": "https:\/\/newreleases.io\/github\/hashicorp\/terraform-provider-google",
                "mrkdwn_in": [
                    "text"
                ]
            }
        ]
    },
    {
        "type": "message",
        "subtype": "bot_message",
        "text": "",
        "ts": "1667436774.669069",
        "bot_id": "B01D39EAGTT",
        "attachments": [
            {
                "id": 1,
                "fallback": "hashicorp\/packer on GitHub\nnightly updated",
                "text": "`nightly` _updated_",
                "title": "hashicorp\/packer on GitHub",
                "title_link": "https:\/\/newreleases.io\/github\/hashicorp\/packer",
                "mrkdwn_in": [
                    "text"
                ]
            }
        ]
    }
]