[
    {
        "type": "message",
        "subtype": "bot_message",
        "text": "",
        "ts": "1667491382.988049",
        "bot_id": "B01D39EAGTT",
        "attachments": [
            {
                "id": 1,
                "fallback": "hashicorp\/terraform-cdk on GitHub\nv0.13.3 \nrelease note: <https:\/\/newreleases.io\/github\/hashicorp\/terraform-cdk?version=v0.13.3>",
                "text": "`v0.13.3` \n```\nfix\n---\n\n* fix: Redact authorization header when error logging from TFC\/TFE #2241 ( <https:\/\/github.com\/hashicorp\/terraform-cdk\/pull\/2241> )\n```\n<https:\/\/newreleases.io\/github\/hashicorp\/terraform-cdk?version=v0.13.3|release note...>",
                "title": "hashicorp\/terraform-cdk on GitHub",
                "title_link": "https:\/\/newreleases.io\/github\/hashicorp\/terraform-cdk",
                "mrkdwn_in": [
                    "text"
                ]
            }
        ]
    },
    {
        "type": "message",
        "subtype": "bot_message",
        "text": "",
        "ts": "1667502213.484949",
        "bot_id": "B01D39EAGTT",
        "attachments": [
            {
                "id": 1,
                "fallback": "hashicorp\/waypoint on GitHub\nv0.10.3 \nrelease note: <https:\/\/newreleases.io\/github\/hashicorp\/waypoint?version=v0.10.3>",
                "text": "`v0.10.3` \n```\n--------------------------\n0.10.3 (November 03, 2022)\n--------------------------\n\nFEATURES:\n\nIMPROVEMENTS:\n\nBUG FIXES:\n```\n<https:\/\/newreleases.io\/github\/hashicorp\/waypoint?version=v0.10.3|release note...>",
                "title": "hashicorp\/waypoint on GitHub",
                "title_link": "https:\/\/newreleases.io\/github\/hashicorp\/waypoint",
                "mrkdwn_in": [
                    "text"
                ]
            }
        ]
    },
    {
        "type": "message",
        "subtype": "bot_message",
        "text": "",
        "ts": "1667502840.720609",
        "bot_id": "B01D39EAGTT",
        "attachments": [
            {
                "id": 1,
                "fallback": "hashicorp\/terraform-provider-aws on GitHub\nv4.38.0 \n\nv4.37.0 updated\nrelease note: <https:\/\/newreleases.io\/github\/hashicorp\/terraform-provider-aws?version=v4.37.0>",
                "text": "`v4.38.0` \n\n`v4.37.0` _updated_\n<https:\/\/newreleases.io\/github\/hashicorp\/terraform-provider-aws?version=v4.37.0|release note...>",
                "title": "hashicorp\/terraform-provider-aws on GitHub",
                "title_link": "https:\/\/newreleases.io\/github\/hashicorp\/terraform-provider-aws",
                "mrkdwn_in": [
                    "text"
                ]
            }
        ]
    },
    {
        "type": "message",
        "subtype": "bot_message",
        "text": "",
        "ts": "1667504688.818039",
        "bot_id": "B01D39EAGTT",
        "attachments": [
            {
                "id": 1,
                "fallback": "hashicorp\/terraform-provider-aws on GitHub\nv4.38.0 updated\nrelease note: <https:\/\/newreleases.io\/github\/hashicorp\/terraform-provider-aws?version=v4.38.0>",
                "text": "`v4.38.0` _updated_\n<https:\/\/newreleases.io\/github\/hashicorp\/terraform-provider-aws?version=v4.38.0|release note...>",
                "title": "hashicorp\/terraform-provider-aws on GitHub",
                "title_link": "https:\/\/newreleases.io\/github\/hashicorp\/terraform-provider-aws",
                "mrkdwn_in": [
                    "text"
                ]
            }
        ]
    },
    {
        "type": "message",
        "subtype": "bot_message",
        "text": "",
        "ts": "1667504780.720419",
        "bot_id": "B01D39EAGTT",
        "attachments": [
            {
                "id": 1,
                "fallback": "hashicorp\/terraform-provider-awscc on GitHub\nv0.37.0",
                "text": "`v0.37.0`",
                "title": "hashicorp\/terraform-provider-awscc on GitHub",
                "title_link": "https:\/\/newreleases.io\/github\/hashicorp\/terraform-provider-awscc",
                "mrkdwn_in": [
                    "text"
                ]
            }
        ]
    },
    {
        "type": "message",
        "subtype": "bot_message",
        "text": "",
        "ts": "1667505385.730729",
        "bot_id": "B01D39EAGTT",
        "attachments": [
            {
                "id": 1,
                "fallback": "hashicorp\/terraform-provider-awscc on GitHub\nv0.37.0 updated\nrelease note: <https:\/\/newreleases.io\/github\/hashicorp\/terraform-provider-awscc?version=v0.37.0>",
                "text": "`v0.37.0` _updated_\n```\nFEATURES:\n\n* *New Data Source:* awscc_apprunner_vpc_ingress_connection\n* *New Data Source:* awscc_apprunner_vpc_ingress_connections\n* *New Data Source:* awscc_supportapp_slack_workspace_configuration\n* *New Data Source:* awscc_supportapp_slack_workspace_configurations\n* *New Resource:* awscc_apprunner_vpc_ingress_connection\n* *New Resource:* awscc_supportapp_slack_workspace_configuration\n```\n<https:\/\/newreleases.io\/github\/hashicorp\/terraform-provider-awscc?version=v0.37.0|release note...>",
                "title": "hashicorp\/terraform-provider-awscc on GitHub",
                "title_link": "https:\/\/newreleases.io\/github\/hashicorp\/terraform-provider-awscc",
                "mrkdwn_in": [
                    "text"
                ]
            }
        ]
    }
]