[
    {
        "client_msg_id": "4ac0b39d-cdd2-4c73-b9f5-dbd6f287f3bd",
        "type": "message",
        "text": "<https:\/\/mackerel.io\/ja\/blog\/entry\/2021\/08\/03\/170757>",
        "user": "UFT60TQCQ",
        "ts": "1628058027.000200",
        "team": "TFU0BKCQP",
        "user_team": "TFU0BKCQP",
        "source_team": "TFU0BKCQP",
        "user_profile": {
            "avatar_hash": "f10ceef4e6f6",
            "image_72": "https:\/\/avatars.slack-edge.com\/2019-01-31\/539093872183_f10ceef4e6f603f1f094_72.jpg",
            "first_name": "sogaoh",
            "real_name": "sogaoh",
            "display_name": "",
            "team": "TFU0BKCQP",
            "name": "sogaoh",
            "is_restricted": false,
            "is_ultra_restricted": false
        },
        "attachments": [
            {
                "service_name": "Mackerel お知らせ #mackerelio",
                "title": "Terraform Provider Mackerel を Terraform Registry にて公開しました - Mackerel お知らせ #mackerelio",
                "title_link": "https:\/\/mackerel.io\/ja\/blog\/entry\/2021\/08\/03\/170757",
                "text": "こんにちは。 Mackerel SRE チームの id:heleeen です 先日、Terraform Registry に Mackerel 用の Terraform Provider を公開しました。 これによって Terraform で監視設定など各種設定を管理することができます。 mackerelio-labs\/mackerel | Terraform Registry Terraform Provider Mackerel 公開にあたって Mackerel の Terraform Provider はこれまで公式に公開していなかったのですが、以前から作成、公開されていた @xcezx…",
                "fallback": "Mackerel お知らせ #mackerelio: Terraform Provider Mackerel を Terraform Registry にて公開しました - Mackerel お知らせ #mackerelio",
                "image_url": "https:\/\/ogimage.blog.st-hatena.com\/12921228815720160391\/26006613791776384\/1627982361",
                "ts": 1627978077,
                "from_url": "https:\/\/mackerel.io\/ja\/blog\/entry\/2021\/08\/03\/170757",
                "image_width": 476,
                "image_height": 250,
                "image_bytes": 53613,
                "service_icon": "https:\/\/mackerel.io\/ja\/blog\/icon\/touch",
                "id": 1,
                "original_url": "https:\/\/mackerel.io\/ja\/blog\/entry\/2021\/08\/03\/170757"
            }
        ],
        "blocks": [
            {
                "type": "rich_text",
                "block_id": "IF7cP",
                "elements": [
                    {
                        "type": "rich_text_section",
                        "elements": [
                            {
                                "type": "link",
                                "url": "https:\/\/mackerel.io\/ja\/blog\/entry\/2021\/08\/03\/170757"
                            }
                        ]
                    }
                ]
            }
        ],
        "thread_ts": "1628058027.000200",
        "reply_count": 1,
        "reply_users_count": 1,
        "latest_reply": "1630919078.002800",
        "reply_users": [
            "UFT60TQCQ"
        ],
        "replies": [
            {
                "user": "UFT60TQCQ",
                "ts": "1630919078.002800"
            }
        ],
        "is_locked": false,
        "subscribed": false,
        "reactions": [
            {
                "name": "tada",
                "users": [
                    "UGW0ABZLG"
                ],
                "count": 1
            },
            {
                "name": "clap",
                "users": [
                    "UGW0ABZLG"
                ],
                "count": 1
            },
            {
                "name": "terraform-party",
                "users": [
                    "UGW0ABZLG"
                ],
                "count": 1
            }
        ]
    }
]