[
    {
        "type": "message",
        "subtype": "bot_message",
        "text": "<https:\/\/www.reddit.com\/r\/Terraform\/comments\/feze7y\/terraform_import_succeeds_then_fails_to_access\/|terraform import succeeds then fails to access credentials to aws-org>\nterraform version 11.14 The aws-org already exists and I'm trying to import it into my terraform configuration. &gt;&gt; terraform import module.aws-org.aws_organizations_account.account  &gt;&gt; module.aws-org.awsorganizations _account.account: Importing from ID \"\" ... &gt;&gt; module.aws-org.awsorganizations _account.account: Import complete! &gt;&gt; Imported aws_organizations_account (ID: ) module.aws-org.awsorganizations_account.account: Refreshing state. ID: ) Error:...",
        "ts": "1583607419.017900",
        "username": "Terraform ALL the Worlds!",
        "icons": {
            "image_48": "https:\/\/s3-us-west-2.amazonaws.com\/slack-files2\/bot_icons\/2019-02-12\/548785199618_48.png"
        },
        "bot_id": "BG3N7LG73",
        "attachments": [
            {
                "service_name": "reddit",
                "title": "terraform import succeeds then fails to access credentials to aws-org",
                "title_link": "https:\/\/www.reddit.com\/r\/Terraform\/comments\/feze7y\/terraform_import_succeeds_then_fails_to_access\/",
                "text": "terraform version 11.14 The aws-org already exists and I'm trying to import it into my terraform configuration. \\&gt;&gt; terraform import...",
                "fallback": "reddit: terraform import succeeds then fails to access credentials to aws-org",
                "thumb_url": "https:\/\/www.redditstatic.com\/new-icon.png",
                "from_url": "https:\/\/www.reddit.com\/r\/Terraform\/comments\/feze7y\/terraform_import_succeeds_then_fails_to_access\/",
                "thumb_width": 256,
                "thumb_height": 256,
                "service_icon": "http:\/\/www.redditstatic.com\/desktop2x\/img\/favicon\/apple-icon-57x57.png",
                "id": 1,
                "original_url": "https:\/\/www.reddit.com\/r\/Terraform\/comments\/feze7y\/terraform_import_succeeds_then_fails_to_access\/"
            }
        ],
        "edited": {
            "user": "BG3N7LG73",
            "ts": "1583607419.000000"
        }
    },
    {
        "type": "message",
        "subtype": "bot_message",
        "text": "<https:\/\/qiita.com\/ishim0226\/items\/49693f5e315d4090dd87|ConnpassイベントをSlack通知するツールを作ってTerraform化してみた>\nConnpassの勉強会情報をSlack通知するツール（python）を作ってterraformでデプロイ自動化してみました。\nものはこちら → <https:\/\/github.com\/ishim0226\/ConnpassToSlack|https:\/\/github.com\/ishim0226\/ConnpassToSlack>\n\nいくつかパラメータセットしてapplyするだけなので、数分でデプロイできます。\n\n\n<https:\/\/qiita.com\/#%E4%BD%9C%E3%81%A3%E3%81%9F%E8%83%8C%E6%99%AF>作った背景\n\n普段、インフラエンジニアとして働いておりプログラミングすることがあまりないので、勉強してみたいと思ったのがきっかけです。\nどうせならインフラ部分のスキルを掛け合わせたいと思い、クラウド上でインフラコード化を前提に考えた結果、このようなものを作ってみました。...",
        "ts": "1583619419.018100",
        "username": "Terraformタグが付けられた新着記事 - Qiita",
        "icons": {
            "image_36": "https:\/\/a.slack-edge.com\/80588\/img\/services\/rss_36.png",
            "image_48": "https:\/\/a.slack-edge.com\/80588\/img\/services\/rss_48.png",
            "image_72": "https:\/\/a.slack-edge.com\/80588\/img\/services\/rss_72.png"
        },
        "bot_id": "BG3N7LG73",
        "attachments": [
            {
                "service_name": "Qiita",
                "title": "ConnpassイベントをSlack通知するツールを作ってTerraform化してみた - Qiita",
                "title_link": "https:\/\/qiita.com\/ishim0226\/items\/49693f5e315d4090dd87",
                "text": "Connpassの勉強会情報をSlack通知するツール（python）を作ってterraformでデプロイ自動化してみました。 ものはこちら → <https:\/\/github.com\/ishim0226\/ConnpassToSlack>...",
                "fallback": "Qiita: ConnpassイベントをSlack通知するツールを作ってTerraform化してみた - Qiita",
                "image_url": "https:\/\/qiita-user-contents.imgix.net\/https%3A%2F%2Fcdn.qiita.com%2Fassets%2Fpublic%2Fogp-background-1150d8b18a7c15795b701a55ae908f94.png?ixlib=rb-1.2.2&w=1200&mark=https%3A%2F%2Fqiita-user-contents.imgix.net%2F~text%3Fixlib%3Drb-1.2.2%26w%3D840%26h%3D380%26txt%3DConnpass%25E3%2582%25A4%25E3%2583%2599%25E3%2583%25B3%25E3%2583%2588%25E3%2582%2592Slack%25E9%2580%259A%25E7%259F%25A5%25E3%2581%2599%25E3%2582%258B%25E3%2583%2584%25E3%2583%25BC%25E3%2583%25AB%25E3%2582%2592%25E4%25BD%259C%25E3%2581%25A3%25E3%2581%25A6Terraform%25E5%258C%2596%25E3%2581%2597%25E3%2581%25A6%25E3%2581%25BF%25E3%2581%259F%26txt-color%3D%2523333%26txt-font%3DAvenir-Black%26txt-size%3D54%26txt-clip%3Dellipsis%26txt-align%3Dcenter%252Cmiddle%26s%3D8c87e55674072a1c5f69692bdce321ae&mark-align=center%2Cmiddle&blend=https%3A%2F%2Fqiita-user-contents.imgix.net%2F~text%3Fixlib%3Drb-1.2.2%26w%3D840%26h%3D500%26txt%3D%2540ishim0226%26txt-color%3D%2523333%26txt-font%3DAvenir-Black%26txt-size%3D45%26txt-align%3Dright%252Cbottom%26s%3Db19d4ca49119532c4f1302578231af93&blend-align=center%2Cmiddle&blend-mode=normal&s=64198410010644f934b3137190331187",
                "from_url": "https:\/\/qiita.com\/ishim0226\/items\/49693f5e315d4090dd87",
                "image_width": 476,
                "image_height": 250,
                "image_bytes": 57574,
                "service_icon": "https:\/\/cdn.qiita.com\/assets\/favicons\/public\/apple-touch-icon-ec5ba42a24ae923f16825592efdc356f.png",
                "id": 1,
                "original_url": "https:\/\/qiita.com\/ishim0226\/items\/49693f5e315d4090dd87"
            },
            {
                "service_name": "GitHub",
                "title": "ishim0226\/ConnpassToSlack",
                "title_link": "https:\/\/github.com\/ishim0226\/ConnpassToSlack",
                "text": "Contribute to ishim0226\/ConnpassToSlack development by creating an account on GitHub.",
                "fallback": "GitHub: ishim0226\/ConnpassToSlack",
                "thumb_url": "https:\/\/avatars2.githubusercontent.com\/u\/59224818?s=400&v=4",
                "from_url": "https:\/\/github.com\/ishim0226\/ConnpassToSlack",
                "thumb_width": 420,
                "thumb_height": 420,
                "service_icon": "https:\/\/a.slack-edge.com\/80588\/img\/unfurl_icons\/github.png",
                "id": 2,
                "original_url": "https:\/\/github.com\/ishim0226\/ConnpassToSlack"
            },
            {
                "service_name": "Qiita",
                "title": "プログラマの技術情報共有サービス - Qiita",
                "title_link": "https:\/\/qiita.com\/#%E4%BD%9C%E3%81%A3%E3%81%9F%E8%83%8C%E6%99%AF",
                "text": "Qiitaは、プログラマのための技術情報共有サービスです。 プログラミングに関するTips、ノウハウ、メモを簡単に記録 &amp; 公開することができます。",
                "fallback": "Qiita: プログラマの技術情報共有サービス - Qiita",
                "thumb_url": "https:\/\/cdn.qiita.com\/assets\/qiita-fb-fe28c64039d925349e620ba55091e078.png",
                "from_url": "https:\/\/qiita.com\/#%E4%BD%9C%E3%81%A3%E3%81%9F%E8%83%8C%E6%99%AF",
                "thumb_width": 1200,
                "thumb_height": 630,
                "service_icon": "https:\/\/cdn.qiita.com\/assets\/favicons\/public\/apple-touch-icon-ec5ba42a24ae923f16825592efdc356f.png",
                "id": 3,
                "original_url": "https:\/\/qiita.com\/#%E4%BD%9C%E3%81%A3%E3%81%9F%E8%83%8C%E6%99%AF"
            }
        ],
        "edited": {
            "user": "BG3N7LG73",
            "ts": "1583619419.000000"
        }
    },
    {
        "type": "message",
        "subtype": "bot_message",
        "text": "<https:\/\/www.reddit.com\/r\/Terraform\/comments\/ff9fnc\/how_to_manage_500_customers_configurations\/|How to Manage 500+ customers configurations>\nReally need your advice here.  we have few hundred of different deployments managed by TF.\n Each env [customer\/dev\/test\/and pre-prod] get his own feature-branch with the project files.We save the data (configuration) on Consul as key:val. The problem is that each environment look's little bit different. some have VPN, other's won't. some add 3rd party resources other not. so i cant create generic template and populate it.  How you tackle scenario like that?    submitted by   &lt;a...",
        "ts": "1583654218.018300",
        "username": "Terraform ALL the Worlds!",
        "icons": {
            "image_48": "https:\/\/s3-us-west-2.amazonaws.com\/slack-files2\/bot_icons\/2019-02-12\/548785199618_48.png"
        },
        "bot_id": "BG3N7LG73",
        "attachments": [
            {
                "service_name": "reddit",
                "title": "How to Manage 500+ customers configurations",
                "title_link": "https:\/\/www.reddit.com\/r\/Terraform\/comments\/ff9fnc\/how_to_manage_500_customers_configurations\/",
                "text": "Really need your advice here. we have few hundred of different deployments managed by TF. Each env \\[customer\/dev\/test\/and pre-prod\\] get...",
                "fallback": "reddit: How to Manage 500+ customers configurations",
                "thumb_url": "https:\/\/www.redditstatic.com\/new-icon.png",
                "from_url": "https:\/\/www.reddit.com\/r\/Terraform\/comments\/ff9fnc\/how_to_manage_500_customers_configurations\/",
                "thumb_width": 256,
                "thumb_height": 256,
                "service_icon": "http:\/\/www.redditstatic.com\/desktop2x\/img\/favicon\/apple-icon-57x57.png",
                "id": 1,
                "original_url": "https:\/\/www.reddit.com\/r\/Terraform\/comments\/ff9fnc\/how_to_manage_500_customers_configurations\/"
            }
        ],
        "edited": {
            "user": "BG3N7LG73",
            "ts": "1583654218.000000"
        }
    },
    {
        "type": "message",
        "subtype": "bot_message",
        "text": "<https:\/\/www.reddit.com\/r\/Terraform\/comments\/ff9ex4\/terraform_fmt_github_application\/|Terraform fmt GitHub Application>\nI got tired of setting up Terraform fmt on different repos and then manually having to fix any issues that slipped through pre-commit. Check out a GitHub Application that checks the formatting and allows you to fix it with the click of a button. ​ <https:\/\/github.com\/apps\/terraform-format-0-12|https:\/\/github.com\/apps\/terraform-format-0-12>    submitted by   <https:\/\/www.reddit.com\/user\/gabel0287| \/u\/gabel0287 > \n&lt;a...",
        "ts": "1583654218.018400",
        "username": "Terraform ALL the Worlds!",
        "icons": {
            "image_48": "https:\/\/s3-us-west-2.amazonaws.com\/slack-files2\/bot_icons\/2019-02-12\/548785199618_48.png"
        },
        "bot_id": "BG3N7LG73",
        "attachments": [
            {
                "title": "GitHub",
                "title_link": "https:\/\/github.com\/apps\/terraform-format-0-12",
                "text": "GitHub is where people build software. More than 40 million people use GitHub to discover, fork, and contribute to over 100 million projects.",
                "fallback": "GitHub",
                "from_url": "https:\/\/github.com\/apps\/terraform-format-0-12",
                "thumb_url": "https:\/\/github.githubassets.com\/images\/modules\/open_graph\/github-logo.png",
                "thumb_width": 250,
                "thumb_height": 250,
                "service_icon": "https:\/\/a.slack-edge.com\/80588\/img\/unfurl_icons\/github.png",
                "id": 1,
                "original_url": "https:\/\/github.com\/apps\/terraform-format-0-12"
            },
            {
                "title": "overview for gabel0287",
                "title_link": "https:\/\/www.reddit.com\/user\/gabel0287",
                "text": "The u\/gabel0287 community on Reddit. Reddit gives you the best of the internet in one place.",
                "fallback": "overview for gabel0287",
                "from_url": "https:\/\/www.reddit.com\/user\/gabel0287",
                "service_icon": "http:\/\/www.redditstatic.com\/desktop2x\/img\/favicon\/apple-icon-57x57.png",
                "service_name": "reddit.com",
                "id": 2,
                "original_url": "https:\/\/www.reddit.com\/user\/gabel0287"
            }
        ],
        "edited": {
            "user": "BG3N7LG73",
            "ts": "1583654218.000000"
        }
    }
]