[
    {
        "type": "message",
        "subtype": "bot_message",
        "text": "<https:\/\/www.reddit.com\/r\/Terraform\/comments\/fgaqc0\/help_needed_creating_a_list_of_dbs_and_a_sublist\/|Help needed: Creating a list of DBs and a sublist of permissions which should be granted to a MySQL User with the MySQL provider.>\nTerraform Version: &gt;=0.12\n MySQL Provider &gt;=1.9.0 Hello guys, I am currently having trouble to solve the following scenario:\n There is a MySQL instance (Google CloudSQL to be more precise) where I want to create a user.\n Then I want to grant this user a list of permissions to a list of databases. But unfortunately I am not able to create the appropriate setup of the resource definitions and variables for that. The &lt;a href=\"https:\/\/www.terraform.io\/docs\/providers\/mysql\/r\/grant.html\"&gt;provider...",
        "ts": "1583830622.020900",
        "username": "Terraform ALL the Worlds!",
        "icons": {
            "image_48": "https:\/\/s3-us-west-2.amazonaws.com\/slack-files2\/bot_icons\/2019-02-12\/548785199618_48.png"
        },
        "bot_id": "BG3N7LG73",
        "attachments": [
            {
                "service_name": "reddit",
                "title": "Help needed: Creating a list of DBs and a sublist of permissions which should be granted to a MySQL User with the MySQL provider.",
                "title_link": "https:\/\/www.reddit.com\/r\/Terraform\/comments\/fgaqc0\/help_needed_creating_a_list_of_dbs_and_a_sublist\/",
                "text": "Terraform Version: &gt;=0.12 MySQL Provider &gt;=1.9.0 Hello guys, I am currently having trouble to solve the following scenario: There is a MySQL...",
                "fallback": "reddit: Help needed: Creating a list of DBs and a sublist of permissions which should be granted to a MySQL User with the MySQL provider.",
                "thumb_url": "https:\/\/www.redditstatic.com\/new-icon.png",
                "from_url": "https:\/\/www.reddit.com\/r\/Terraform\/comments\/fgaqc0\/help_needed_creating_a_list_of_dbs_and_a_sublist\/",
                "thumb_width": 256,
                "thumb_height": 256,
                "service_icon": "http:\/\/www.redditstatic.com\/desktop2x\/img\/favicon\/apple-icon-57x57.png",
                "id": 1,
                "original_url": "https:\/\/www.reddit.com\/r\/Terraform\/comments\/fgaqc0\/help_needed_creating_a_list_of_dbs_and_a_sublist\/"
            }
        ],
        "edited": {
            "user": "BG3N7LG73",
            "ts": "1583830622.000000"
        }
    },
    {
        "type": "message",
        "subtype": "bot_message",
        "text": "<https:\/\/www.reddit.com\/r\/Terraform\/comments\/fgezdw\/resource_dependency_on_data\/|Resource \"dependency\" on Data>\nI'm hitting a brick wall trying to implement a module for Azure RBAC. The issue with more details and code <https:\/\/github.com\/hashicorp\/terraform\/issues\/24333|https:\/\/github.com\/hashicorp\/terraform\/issues\/24333> Using TF 0.12.20 - checked the changelog and no later-implemented features resolve this. Using the latest TF providers for Azure Notes in short: variables contain TF state key path (for scope) and principal names using `data` to translate from NAME to ID, and from STATE...",
        "ts": "1583852223.021100",
        "username": "Terraform ALL the Worlds!",
        "icons": {
            "image_48": "https:\/\/s3-us-west-2.amazonaws.com\/slack-files2\/bot_icons\/2019-02-12\/548785199618_48.png"
        },
        "bot_id": "BG3N7LG73",
        "attachments": [
            {
                "service_name": "reddit",
                "title": "Resource \"dependency\" on Data",
                "title_link": "https:\/\/www.reddit.com\/r\/Terraform\/comments\/fgezdw\/resource_dependency_on_data\/",
                "text": "I'm hitting a brick wall trying to implement a module for Azure RBAC. The issue with more details and code...",
                "fallback": "reddit: Resource \"dependency\" on Data",
                "thumb_url": "https:\/\/www.redditstatic.com\/new-icon.png",
                "from_url": "https:\/\/www.reddit.com\/r\/Terraform\/comments\/fgezdw\/resource_dependency_on_data\/",
                "thumb_width": 256,
                "thumb_height": 256,
                "service_icon": "http:\/\/www.redditstatic.com\/desktop2x\/img\/favicon\/apple-icon-57x57.png",
                "id": 1,
                "original_url": "https:\/\/www.reddit.com\/r\/Terraform\/comments\/fgezdw\/resource_dependency_on_data\/"
            },
            {
                "service_name": "GitHub",
                "title": "\"data\" resource not available to \"resource\" on the initial apply · Issue #24333 · hashicorp\/terraform",
                "title_link": "https:\/\/github.com\/hashicorp\/terraform\/issues\/24333",
                "text": "Terraform Version Terraform v0.12.20 + provider.azuread v0.7.0 + provider.azurerm v2.0.0 Terraform Configuration Files variables { &amp;quot;environment&amp;quot;: &amp;quot;prod&amp;quot;, &amp;quot;rbac_rules&amp;quot;:...",
                "fallback": "GitHub: \"data\" resource not available to \"resource\" on the initial apply · Issue #24333 · hashicorp\/terraform",
                "thumb_url": "https:\/\/avatars0.githubusercontent.com\/u\/761456?s=400&v=4",
                "from_url": "https:\/\/github.com\/hashicorp\/terraform\/issues\/24333",
                "thumb_width": 399,
                "thumb_height": 399,
                "service_icon": "https:\/\/a.slack-edge.com\/80588\/img\/unfurl_icons\/github.png",
                "id": 2,
                "original_url": "https:\/\/github.com\/hashicorp\/terraform\/issues\/24333"
            }
        ],
        "edited": {
            "user": "BG3N7LG73",
            "ts": "1583852223.000000"
        }
    },
    {
        "type": "message",
        "subtype": "bot_message",
        "text": "<https:\/\/www.reddit.com\/r\/Terraform\/comments\/fggdos\/adding_tags_to_a_network_interface_used_by_lambda\/|Adding tags to a Network Interface used by Lambda>\nI have a aws_lambda_function that is similar to: json resource \"aws_lambda_function\" \"function\" { ... vpc_config { subnet_ids = var.subnet security_group_ids = var.securitygroup } tags = var.tag_object }  When I deploy the resource, the tags are not applied to the Network Interface. I also tried to create the network interface separately, and attach it, but that appears to only work for ec2 instances. I would like to know if there is a way to add the tag to the Network Interface for a Lambda...",
        "ts": "1583858223.021300",
        "username": "Terraform ALL the Worlds!",
        "icons": {
            "image_48": "https:\/\/s3-us-west-2.amazonaws.com\/slack-files2\/bot_icons\/2019-02-12\/548785199618_48.png"
        },
        "bot_id": "BG3N7LG73",
        "attachments": [
            {
                "service_name": "reddit",
                "title": "Adding tags to a Network Interface used by Lambda",
                "title_link": "https:\/\/www.reddit.com\/r\/Terraform\/comments\/fggdos\/adding_tags_to_a_network_interface_used_by_lambda\/",
                "text": "I have a aws_lambda_function that is similar to: ```json resource \"aws_lambda_function\" \"function\" { ... vpc_config { subnet_ids =...",
                "fallback": "reddit: Adding tags to a Network Interface used by Lambda",
                "thumb_url": "https:\/\/www.redditstatic.com\/new-icon.png",
                "from_url": "https:\/\/www.reddit.com\/r\/Terraform\/comments\/fggdos\/adding_tags_to_a_network_interface_used_by_lambda\/",
                "thumb_width": 256,
                "thumb_height": 256,
                "service_icon": "http:\/\/www.redditstatic.com\/desktop2x\/img\/favicon\/apple-icon-57x57.png",
                "id": 1,
                "original_url": "https:\/\/www.reddit.com\/r\/Terraform\/comments\/fggdos\/adding_tags_to_a_network_interface_used_by_lambda\/"
            }
        ],
        "edited": {
            "user": "BG3N7LG73",
            "ts": "1583858224.000000"
        }
    },
    {
        "type": "message",
        "subtype": "bot_message",
        "text": "<https:\/\/www.reddit.com\/r\/Terraform\/comments\/fghrdy\/issue_with_elastic_transcoder_and_terraform_seems\/|Issue with elastic transcoder and Terraform - Seems to be posting to eu-west-2??>\n``` resource \"aws_elastictranscoder_pipeline\" \"Production-Videos\" { input_bucket = aws_s3_bucket.video-stream.id name = \"Production-Videos\" role = aws_iam_role.transcoding-role.arn content_config { bucket = aws_s3_bucket.video-source.bucket storage_class = \"Standard\" } thumbnail_config { bucket = aws_s3_bucket.video-stream.bucket storage_class = \"Standard\" } } ``` This is my pipeline Role is ``` resource \"aws_iam_role\" \"transcoding-role\" { name = \"transcoding-role\" assume_role_policy =",
        "ts": "1583863025.021500",
        "username": "Terraform ALL the Worlds!",
        "icons": {
            "image_48": "https:\/\/s3-us-west-2.amazonaws.com\/slack-files2\/bot_icons\/2019-02-12\/548785199618_48.png"
        },
        "bot_id": "BG3N7LG73",
        "attachments": [
            {
                "service_name": "reddit",
                "title": "Issue with elastic transcoder and Terraform - Seems to be posting to eu-west-2??",
                "title_link": "https:\/\/www.reddit.com\/r\/Terraform\/comments\/fghrdy\/issue_with_elastic_transcoder_and_terraform_seems\/",
                "text": "``` resource \"aws_elastictranscoder_pipeline\" \"Production-Videos\" { input_bucket = aws_s3_bucket.video-stream.id name =...",
                "fallback": "reddit: Issue with elastic transcoder and Terraform - Seems to be posting to eu-west-2??",
                "thumb_url": "https:\/\/www.redditstatic.com\/new-icon.png",
                "from_url": "https:\/\/www.reddit.com\/r\/Terraform\/comments\/fghrdy\/issue_with_elastic_transcoder_and_terraform_seems\/",
                "thumb_width": 256,
                "thumb_height": 256,
                "service_icon": "http:\/\/www.redditstatic.com\/desktop2x\/img\/favicon\/apple-icon-57x57.png",
                "id": 1,
                "original_url": "https:\/\/www.reddit.com\/r\/Terraform\/comments\/fghrdy\/issue_with_elastic_transcoder_and_terraform_seems\/"
            }
        ],
        "edited": {
            "user": "BG3N7LG73",
            "ts": "1583863026.000000"
        }
    },
    {
        "type": "message",
        "subtype": "bot_message",
        "text": "<https:\/\/www.reddit.com\/r\/Terraform\/comments\/fgj1j9\/build_aws_global_resources_1x_but_regional\/|build AWS global resources 1x but regional resources multiple times>\nAnyone know of a good way to deploy enable AWS config + deploy AWS config rules to multiple regions, while only declaring the required IAM rules and S3 bucket 1x? cant use a single module because AWS Config doesnt accept Region as an argument. if i use multiple modules with different Providers (one provider for each region) it fails because the IAM\/S3 resources already exist after the 1st module runs. and i cant do conditional data lookups to deploy IAM if they dont exist, or dont deploy if...",
        "ts": "1583867825.021700",
        "username": "Terraform ALL the Worlds!",
        "icons": {
            "image_48": "https:\/\/s3-us-west-2.amazonaws.com\/slack-files2\/bot_icons\/2019-02-12\/548785199618_48.png"
        },
        "bot_id": "BG3N7LG73",
        "attachments": [
            {
                "service_name": "reddit",
                "title": "build AWS global resources 1x but regional resources multiple times",
                "title_link": "https:\/\/www.reddit.com\/r\/Terraform\/comments\/fgj1j9\/build_aws_global_resources_1x_but_regional\/",
                "text": "Anyone know of a good way to deploy enable AWS config + deploy AWS config rules to multiple regions, while only declaring the required IAM rules...",
                "fallback": "reddit: build AWS global resources 1x but regional resources multiple times",
                "thumb_url": "https:\/\/www.redditstatic.com\/new-icon.png",
                "from_url": "https:\/\/www.reddit.com\/r\/Terraform\/comments\/fgj1j9\/build_aws_global_resources_1x_but_regional\/",
                "thumb_width": 256,
                "thumb_height": 256,
                "service_icon": "http:\/\/www.redditstatic.com\/desktop2x\/img\/favicon\/apple-icon-57x57.png",
                "id": 1,
                "original_url": "https:\/\/www.reddit.com\/r\/Terraform\/comments\/fgj1j9\/build_aws_global_resources_1x_but_regional\/"
            }
        ],
        "edited": {
            "user": "BG3N7LG73",
            "ts": "1583867826.000000"
        }
    },
    {
        "type": "message",
        "subtype": "bot_message",
        "text": "<https:\/\/www.reddit.com\/r\/Terraform\/comments\/fgnpol\/security_policy_configurations_for_infrastructure\/|Security &amp; Policy Configurations for Infrastructure as Code>\nSet your YouTube reminder for Sunday, March 15th, 2020 at 1 PM EST! <https:\/\/youtu.be\/KOTXCIN0yE0|https:\/\/youtu.be\/KOTXCIN0yE0>  Join us as we deep dive into some techniques for proactively checking the security and policy of our infrastructure as code, using examples featuring Open Policy Agent and Terraform.  Meetup RSVP: <https:\/\/www.meetup.com\/OWASP-DevSlop-Project\/events\/268639871\/|https:\/\/www.meetup.com\/OWASP-DevSlop-Project\/events\/268639871\/> ​ &lt;a...",
        "ts": "1583884621.021900",
        "username": "Terraform ALL the Worlds!",
        "icons": {
            "image_48": "https:\/\/s3-us-west-2.amazonaws.com\/slack-files2\/bot_icons\/2019-02-12\/548785199618_48.png"
        },
        "bot_id": "BG3N7LG73",
        "attachments": [
            {
                "service_name": "reddit",
                "title": "Security &amp; Policy Configurations for Infrastructure as Code",
                "title_link": "https:\/\/www.reddit.com\/r\/Terraform\/comments\/fgnpol\/security_policy_configurations_for_infrastructure\/",
                "text": "Posted in r\/Terraform by u\/OWASP_DevSlop • 1 point and 0 comments",
                "fallback": "reddit: Security &amp; Policy Configurations for Infrastructure as Code",
                "from_url": "https:\/\/www.reddit.com\/r\/Terraform\/comments\/fgnpol\/security_policy_configurations_for_infrastructure\/",
                "thumb_url": "https:\/\/external-preview.redd.it\/1g301gaqnxl41.png?overlay-align=bottom,left&crop=1200:628.272251309,smart&overlay-height=15p&overlay=%2Fwatermark%2Ft5_2u8e4.png%3Fs%3Dbfb326ca8735739e33a60abaf9a7c73bcb4a2134&width=1200&height=628.272251309&auto=webp&s=5c43fd772a11c6de003dd3a58bdf9f8f59cf1d75",
                "thumb_width": 130,
                "thumb_height": 60,
                "service_icon": "http:\/\/www.redditstatic.com\/desktop2x\/img\/favicon\/apple-icon-57x57.png",
                "id": 1,
                "original_url": "https:\/\/www.reddit.com\/r\/Terraform\/comments\/fgnpol\/security_policy_configurations_for_infrastructure\/"
            },
            {
                "service_name": "Meetup",
                "title": "Security &amp; Policy Configurations for Infrastructure as Code with Rosemary Wang",
                "title_link": "https:\/\/www.meetup.com\/OWASP-DevSlop-Project\/events\/268639871\/",
                "text": "Sun, Mar 15, 2020, 1:00 PM: Our second guest this month is developer advocate Rosemary Wang!How can we enforce security and policy on our infrastructure by shifting configuration testing left?We'll di",
                "fallback": "Meetup: Security &amp; Policy Configurations for Infrastructure as Code with Rosemary Wang",
                "image_url": "https:\/\/secure.meetupstatic.com\/photos\/event\/b\/0\/e\/a\/600_488985290.jpeg",
                "fields": [
                    {
                        "title": "Where",
                        "value": "OWASP DevSlop YouTube Channel <http:\/\/www.youtube.com\/c\/OWASPDevSlop> Ottawa, on",
                        "short": true
                    },
                    {
                        "title": "When",
                        "value": "Sun, Mar 15, 2020, 1:00 PM",
                        "short": true
                    }
                ],
                "from_url": "https:\/\/www.meetup.com\/OWASP-DevSlop-Project\/events\/268639871\/",
                "image_width": 444,
                "image_height": 250,
                "image_bytes": 363526,
                "service_icon": "https:\/\/www.meetup.com\/mu_static\/en-US\/m_swarm_120x120.4f86abc9.png",
                "id": 2,
                "original_url": "https:\/\/www.meetup.com\/OWASP-DevSlop-Project\/events\/268639871\/"
            }
        ],
        "edited": {
            "user": "BG3N7LG73",
            "ts": "1583884621.000000"
        }
    },
    {
        "type": "message",
        "subtype": "bot_message",
        "text": "<https:\/\/www.reddit.com\/r\/Terraform\/comments\/fgprhw\/conditional_parameter_for_port_mapping_in\/|Conditional parameter for port mapping in security group using terraform>\nHi all , I am using Terraform v0.11.14, and I have to set egress rule such that  if the env is not equal to \"internet\" then my rules will be from_port = 80\nto_port = 80 My code is as below. I tried with different option but no success. Please suggest. resource \"aws_security_group_rule\" \"egress_http_in\" {\ncount = \"${length(var.squid_cidrs) &gt; 0 ? 1 : 0}\"\ncidr_blocks = [\"${split(\",\", var.env == \"internet\" ? join(\",\", var.internet_squid_cidrs) : join(\",\", var.squid_cidrs))}\"]\ntype = \"egress\"...",
        "ts": "1583893024.022100",
        "username": "Terraform ALL the Worlds!",
        "icons": {
            "image_48": "https:\/\/s3-us-west-2.amazonaws.com\/slack-files2\/bot_icons\/2019-02-12\/548785199618_48.png"
        },
        "bot_id": "BG3N7LG73",
        "attachments": [
            {
                "service_name": "reddit",
                "title": "Conditional parameter for port mapping in security group using terraform",
                "title_link": "https:\/\/www.reddit.com\/r\/Terraform\/comments\/fgprhw\/conditional_parameter_for_port_mapping_in\/",
                "text": "Hi all , I am using Terraform v0.11.14, and I have to set egress rule such that if the env is not equal to \"internet\" then my rules will be ...",
                "fallback": "reddit: Conditional parameter for port mapping in security group using terraform",
                "thumb_url": "https:\/\/www.redditstatic.com\/new-icon.png",
                "from_url": "https:\/\/www.reddit.com\/r\/Terraform\/comments\/fgprhw\/conditional_parameter_for_port_mapping_in\/",
                "thumb_width": 256,
                "thumb_height": 256,
                "service_icon": "http:\/\/www.redditstatic.com\/desktop2x\/img\/favicon\/apple-icon-57x57.png",
                "id": 1,
                "original_url": "https:\/\/www.reddit.com\/r\/Terraform\/comments\/fgprhw\/conditional_parameter_for_port_mapping_in\/"
            }
        ],
        "edited": {
            "user": "BG3N7LG73",
            "ts": "1583893025.000000"
        }
    },
    {
        "type": "message",
        "subtype": "bot_message",
        "text": "<https:\/\/www.reddit.com\/r\/Terraform\/comments\/fgry9s\/terraform_backend_and_locking\/|terraform backend and locking>\nCan I use s3 as backend and locking ? or i have to use Dynamodb table only for locking .    submitted by   <https:\/\/www.reddit.com\/user\/mystuff592| \/u\/mystuff592 > \n<https:\/\/www.reddit.com\/r\/Terraform\/comments\/fgry9s\/terraform_backend_and_locking\/|[link]>   <https:\/\/www.reddit.com\/r\/Terraform\/comments\/fgry9s\/terraform_backend_and_locking\/|[comments]>",
        "ts": "1583903822.022300",
        "username": "Terraform ALL the Worlds!",
        "icons": {
            "image_48": "https:\/\/s3-us-west-2.amazonaws.com\/slack-files2\/bot_icons\/2019-02-12\/548785199618_48.png"
        },
        "bot_id": "BG3N7LG73",
        "attachments": [
            {
                "service_name": "reddit",
                "title": "terraform backend and locking",
                "title_link": "https:\/\/www.reddit.com\/r\/Terraform\/comments\/fgry9s\/terraform_backend_and_locking\/",
                "text": "Can I use s3 as backend and locking ? or i have to use Dynamodb table only for locking .",
                "fallback": "reddit: terraform backend and locking",
                "thumb_url": "https:\/\/www.redditstatic.com\/new-icon.png",
                "from_url": "https:\/\/www.reddit.com\/r\/Terraform\/comments\/fgry9s\/terraform_backend_and_locking\/",
                "thumb_width": 256,
                "thumb_height": 256,
                "service_icon": "http:\/\/www.redditstatic.com\/desktop2x\/img\/favicon\/apple-icon-57x57.png",
                "id": 1,
                "original_url": "https:\/\/www.reddit.com\/r\/Terraform\/comments\/fgry9s\/terraform_backend_and_locking\/"
            },
            {
                "title": "overview for mystuff592",
                "title_link": "https:\/\/www.reddit.com\/user\/mystuff592",
                "text": "The u\/mystuff592 community on Reddit. Reddit gives you the best of the internet in one place.",
                "fallback": "overview for mystuff592",
                "from_url": "https:\/\/www.reddit.com\/user\/mystuff592",
                "service_icon": "http:\/\/www.redditstatic.com\/desktop2x\/img\/favicon\/apple-icon-57x57.png",
                "service_name": "reddit.com",
                "id": 2,
                "original_url": "https:\/\/www.reddit.com\/user\/mystuff592"
            }
        ],
        "edited": {
            "user": "BG3N7LG73",
            "ts": "1583903822.000000"
        }
    }
]