[
    {
        "type": "message",
        "subtype": "bot_message",
        "text": "<https:\/\/www.reddit.com\/r\/Terraform\/comments\/ffezrh\/how_to_reference_existing_infra_in_terraform\/|How to reference existing infra in terraform>\nI writing new terraform template, I want to reference some public subnet and security group which is created manually. How can I achieve that ?    submitted by   <https:\/\/www.reddit.com\/user\/mystuff592| \/u\/mystuff592 > \n<https:\/\/www.reddit.com\/r\/Terraform\/comments\/ffezrh\/how_to_reference_existing_infra_in_terraform\/|[link]>   <https:\/\/www.reddit.com\/r\/Terraform\/comments\/ffezrh\/how_to_reference_existing_infra_in_terraform\/|[comments]>",
        "ts": "1583685420.018700",
        "username": "Terraform ALL the Worlds!",
        "icons": {
            "image_48": "https:\/\/s3-us-west-2.amazonaws.com\/slack-files2\/bot_icons\/2019-02-12\/548785199618_48.png"
        },
        "bot_id": "BG3N7LG73",
        "attachments": [
            {
                "service_name": "reddit",
                "title": "How to reference existing infra in terraform",
                "title_link": "https:\/\/www.reddit.com\/r\/Terraform\/comments\/ffezrh\/how_to_reference_existing_infra_in_terraform\/",
                "text": "I writing new terraform template, I want to reference some public subnet and security group which is created manually. How can I achieve that ?",
                "fallback": "reddit: How to reference existing infra in terraform",
                "thumb_url": "https:\/\/www.redditstatic.com\/new-icon.png",
                "from_url": "https:\/\/www.reddit.com\/r\/Terraform\/comments\/ffezrh\/how_to_reference_existing_infra_in_terraform\/",
                "thumb_width": 256,
                "thumb_height": 256,
                "service_icon": "http:\/\/www.redditstatic.com\/desktop2x\/img\/favicon\/apple-icon-57x57.png",
                "id": 1,
                "original_url": "https:\/\/www.reddit.com\/r\/Terraform\/comments\/ffezrh\/how_to_reference_existing_infra_in_terraform\/"
            },
            {
                "title": "overview for mystuff592",
                "title_link": "https:\/\/www.reddit.com\/user\/mystuff592",
                "text": "The u\/mystuff592 community on Reddit. Reddit gives you the best of the internet in one place.",
                "fallback": "overview for mystuff592",
                "from_url": "https:\/\/www.reddit.com\/user\/mystuff592",
                "service_icon": "http:\/\/www.redditstatic.com\/desktop2x\/img\/favicon\/apple-icon-57x57.png",
                "service_name": "reddit.com",
                "id": 2,
                "original_url": "https:\/\/www.reddit.com\/user\/mystuff592"
            }
        ],
        "edited": {
            "user": "BG3N7LG73",
            "ts": "1583685421.000000"
        }
    },
    {
        "type": "message",
        "subtype": "bot_message",
        "text": "<https:\/\/www.reddit.com\/r\/Terraform\/comments\/fffgop\/transferring_statefile_from_git_to_s3\/|Transferring Statefile from Git to S3>\nHello, I am using AWS Organisations and have 2 AWS Accounts say stage and dev, with Stage as primary login. I have a bunch of resources for Dev Environment created using Terraform. The Statefile and the terraform code resides in Git Repository. The Terraform code also creates S3 Bucket which I want to use to store state file. ​ Here is the challenge, I am able to create and S3 Bucket in Dev environment. I want move the state file to S3 of Dev Account. Whenever I initialise terraform to learn...",
        "ts": "1583687819.018900",
        "username": "Terraform ALL the Worlds!",
        "icons": {
            "image_48": "https:\/\/s3-us-west-2.amazonaws.com\/slack-files2\/bot_icons\/2019-02-12\/548785199618_48.png"
        },
        "bot_id": "BG3N7LG73",
        "attachments": [
            {
                "service_name": "reddit",
                "title": "Transferring Statefile from Git to S3",
                "title_link": "https:\/\/www.reddit.com\/r\/Terraform\/comments\/fffgop\/transferring_statefile_from_git_to_s3\/",
                "text": "Hello, I am using AWS Organisations and have 2 AWS Accounts say stage and dev, with Stage as primary login. I have a bunch of resources for Dev...",
                "fallback": "reddit: Transferring Statefile from Git to S3",
                "thumb_url": "https:\/\/www.redditstatic.com\/new-icon.png",
                "from_url": "https:\/\/www.reddit.com\/r\/Terraform\/comments\/fffgop\/transferring_statefile_from_git_to_s3\/",
                "thumb_width": 256,
                "thumb_height": 256,
                "service_icon": "http:\/\/www.redditstatic.com\/desktop2x\/img\/favicon\/apple-icon-57x57.png",
                "id": 1,
                "original_url": "https:\/\/www.reddit.com\/r\/Terraform\/comments\/fffgop\/transferring_statefile_from_git_to_s3\/"
            }
        ],
        "edited": {
            "user": "BG3N7LG73",
            "ts": "1583687819.000000"
        }
    },
    {
        "type": "message",
        "subtype": "bot_message",
        "text": "<https:\/\/www.reddit.com\/r\/Terraform\/comments\/ffnmpa\/terraform_ssh_connection_to_windows_10_the\/|Terraform ssh connection to Windows 10 “The directory name is invalid”>\nI have the following Terraform code at an attempt to remotely generalize a Windows 10 box via \"remote-exec\". I have already enabled openssh-server on Windows 10 and I can connect fine. After it connects it then has an error \"The directory name is invalid\". Even commands like \"dir\" or \"hostname\" have this error. Code: ``` resource \"null_resource\" \"generalize_vm\" { provisioner \"remote-exec\" { connection { user = var.vm_username password = var.vm_password host = \"ip\" } inline = [ \"dir\", ]  } }...",
        "ts": "1583721424.019100",
        "username": "Terraform ALL the Worlds!",
        "icons": {
            "image_48": "https:\/\/s3-us-west-2.amazonaws.com\/slack-files2\/bot_icons\/2019-02-12\/548785199618_48.png"
        },
        "bot_id": "BG3N7LG73",
        "attachments": [
            {
                "service_name": "reddit",
                "title": "Terraform ssh connection to Windows 10 “The directory name is invalid”",
                "title_link": "https:\/\/www.reddit.com\/r\/Terraform\/comments\/ffnmpa\/terraform_ssh_connection_to_windows_10_the\/",
                "text": "I have the following Terraform code at an attempt to remotely generalize a Windows 10 box via \"remote-exec\". I have already enabled openssh-server...",
                "fallback": "reddit: Terraform ssh connection to Windows 10 “The directory name is invalid”",
                "thumb_url": "https:\/\/www.redditstatic.com\/new-icon.png",
                "from_url": "https:\/\/www.reddit.com\/r\/Terraform\/comments\/ffnmpa\/terraform_ssh_connection_to_windows_10_the\/",
                "thumb_width": 256,
                "thumb_height": 256,
                "service_icon": "http:\/\/www.redditstatic.com\/desktop2x\/img\/favicon\/apple-icon-57x57.png",
                "id": 1,
                "original_url": "https:\/\/www.reddit.com\/r\/Terraform\/comments\/ffnmpa\/terraform_ssh_connection_to_windows_10_the\/"
            }
        ],
        "edited": {
            "user": "BG3N7LG73",
            "ts": "1583721424.000000"
        }
    }
]