[
    {
        "type": "message",
        "subtype": "bot_message",
        "text": "<https:\/\/www.reddit.com\/r\/Terraform\/comments\/fl5xdb\/unable_to_pull_ssm_parameter_store_data\/|Unable to pull SSM Parameter Store data>\nSo I created a parameter in AWS SSM called test-param (<https:\/\/imgur.com\/a\/LurrunX|https:\/\/imgur.com\/a\/LurrunX>). I am able to call the parameter using the aws cli. So at a minimum, I know my account\/IAM Keys has access. MBP:Dev $ aws ssm get-parameter --name test-param { \"Parameter\": { \"Name\": \"test-param\", \"Type\": \"String\", \"Value\": \"rsa sha256 blah blah blah\\nThis is\\nmy ssh\\nkey\\n\", \"Version\": 1, \"LastModifiedDate\": \"2020-03-19T02:58:53.286000-04:00\", \"ARN\":...",
        "ts": "1584602827.032100",
        "username": "Terraform ALL the Worlds!",
        "icons": {
            "image_48": "https:\/\/s3-us-west-2.amazonaws.com\/slack-files2\/bot_icons\/2019-02-12\/548785199618_48.png"
        },
        "bot_id": "BG3N7LG73",
        "attachments": [
            {
                "service_name": "reddit",
                "title": "Unable to pull SSM Parameter Store data",
                "title_link": "https:\/\/www.reddit.com\/r\/Terraform\/comments\/fl5xdb\/unable_to_pull_ssm_parameter_store_data\/",
                "text": "So I created a parameter in AWS SSM called test-param ([<https:\/\/imgur.com\/a\/LurrunX>](<https:\/\/imgur.com\/a\/LurrunX>)). I am able to call the...",
                "fallback": "reddit: Unable to pull SSM Parameter Store data",
                "thumb_url": "https:\/\/www.redditstatic.com\/new-icon.png",
                "from_url": "https:\/\/www.reddit.com\/r\/Terraform\/comments\/fl5xdb\/unable_to_pull_ssm_parameter_store_data\/",
                "thumb_width": 256,
                "thumb_height": 256,
                "service_icon": "http:\/\/www.redditstatic.com\/desktop2x\/img\/favicon\/apple-icon-57x57.png",
                "id": 1,
                "original_url": "https:\/\/www.reddit.com\/r\/Terraform\/comments\/fl5xdb\/unable_to_pull_ssm_parameter_store_data\/"
            },
            {
                "title": "Imgur",
                "title_link": "https:\/\/imgur.com\/a\/LurrunX",
                "text": "Post with 0 views.",
                "fallback": "Imgur",
                "image_url": "https:\/\/i.imgur.com\/KBlQtnr.jpg",
                "image_width": 253,
                "image_height": 250,
                "from_url": "https:\/\/imgur.com\/a\/LurrunX",
                "image_bytes": 101164,
                "service_icon": "http:\/\/s.imgur.com\/images\/favicon-152.png",
                "service_name": "imgur.com",
                "id": 2,
                "original_url": "https:\/\/imgur.com\/a\/LurrunX"
            }
        ],
        "edited": {
            "user": "BG3N7LG73",
            "ts": "1584602827.000000"
        }
    },
    {
        "type": "message",
        "subtype": "bot_message",
        "text": "<https:\/\/www.reddit.com\/r\/Terraform\/comments\/fl8ufn\/terraform_aws_route53_health_check_resource\/|Terraform aws_route53_health_check resource example for type=TCP>\nWe would like to enable a Route 53 failover check, where the health check requires establishing a connection to TCP port N on primary IP address A.A.A.A, with failover to secondary IP address B.B.B.B if the connection cannot be established. If it's relevant (beyond pricing), the primary and secondary addresses are currently external to AWS, but will eventually be migrated to EC2 instances. The &lt;a...",
        "ts": "1584619624.032300",
        "username": "Terraform ALL the Worlds!",
        "icons": {
            "image_48": "https:\/\/s3-us-west-2.amazonaws.com\/slack-files2\/bot_icons\/2019-02-12\/548785199618_48.png"
        },
        "bot_id": "BG3N7LG73",
        "attachments": [
            {
                "service_name": "reddit",
                "title": "Terraform aws_route53_health_check resource example for type=TCP",
                "title_link": "https:\/\/www.reddit.com\/r\/Terraform\/comments\/fl8ufn\/terraform_aws_route53_health_check_resource\/",
                "text": "We would like to enable a Route 53 failover check, where the health check requires establishing a connection to TCP port N on primary IP address...",
                "fallback": "reddit: Terraform aws_route53_health_check resource example for type=TCP",
                "thumb_url": "https:\/\/www.redditstatic.com\/new-icon.png",
                "from_url": "https:\/\/www.reddit.com\/r\/Terraform\/comments\/fl8ufn\/terraform_aws_route53_health_check_resource\/",
                "thumb_width": 256,
                "thumb_height": 256,
                "service_icon": "http:\/\/www.redditstatic.com\/desktop2x\/img\/favicon\/apple-icon-57x57.png",
                "id": 1,
                "original_url": "https:\/\/www.reddit.com\/r\/Terraform\/comments\/fl8ufn\/terraform_aws_route53_health_check_resource\/"
            }
        ],
        "edited": {
            "user": "BG3N7LG73",
            "ts": "1584619624.000000"
        }
    },
    {
        "type": "message",
        "subtype": "bot_message",
        "text": "<https:\/\/www.reddit.com\/r\/Terraform\/comments\/fl9xiv\/azure_monitor_metric_alert\/|Azure Monitor Metric Alert>\nHi all! Trying to use azurerm_monitor_metric_alert and see that “scopes” takes a set of strings of resource ID’s. Can’t seem to get it to take this and think I am doing it wrong! Has anyone got a working example of it taking a set of strings for this?    submitted by   <https:\/\/www.reddit.com\/user\/HarleyB153| \/u\/HarleyB153 > \n<https:\/\/www.reddit.com\/r\/Terraform\/comments\/fl9xiv\/azure_monitor_metric_alert\/|[link]>   &lt;a...",
        "ts": "1584624428.032500",
        "username": "Terraform ALL the Worlds!",
        "icons": {
            "image_48": "https:\/\/s3-us-west-2.amazonaws.com\/slack-files2\/bot_icons\/2019-02-12\/548785199618_48.png"
        },
        "bot_id": "BG3N7LG73",
        "attachments": [
            {
                "service_name": "reddit",
                "title": "Azure Monitor Metric Alert",
                "title_link": "https:\/\/www.reddit.com\/r\/Terraform\/comments\/fl9xiv\/azure_monitor_metric_alert\/",
                "text": "Hi all! Trying to use azurerm_monitor_metric_alert and see that “scopes” takes a set of strings of resource ID’s. Can’t seem to get it to take...",
                "fallback": "reddit: Azure Monitor Metric Alert",
                "thumb_url": "https:\/\/www.redditstatic.com\/new-icon.png",
                "from_url": "https:\/\/www.reddit.com\/r\/Terraform\/comments\/fl9xiv\/azure_monitor_metric_alert\/",
                "thumb_width": 256,
                "thumb_height": 256,
                "service_icon": "http:\/\/www.redditstatic.com\/desktop2x\/img\/favicon\/apple-icon-57x57.png",
                "id": 1,
                "original_url": "https:\/\/www.reddit.com\/r\/Terraform\/comments\/fl9xiv\/azure_monitor_metric_alert\/"
            },
            {
                "title": "overview for HarleyB153",
                "title_link": "https:\/\/www.reddit.com\/user\/HarleyB153",
                "text": "The u\/HarleyB153 community on Reddit. Reddit gives you the best of the internet in one place.",
                "fallback": "overview for HarleyB153",
                "from_url": "https:\/\/www.reddit.com\/user\/HarleyB153",
                "service_icon": "http:\/\/www.redditstatic.com\/desktop2x\/img\/favicon\/apple-icon-57x57.png",
                "service_name": "reddit.com",
                "id": 2,
                "original_url": "https:\/\/www.reddit.com\/user\/HarleyB153"
            }
        ],
        "edited": {
            "user": "BG3N7LG73",
            "ts": "1584624429.000000"
        }
    },
    {
        "type": "message",
        "subtype": "bot_message",
        "text": "<https:\/\/www.reddit.com\/r\/Terraform\/comments\/flb7dl\/create_vpn_and_cgw_in_specific_region\/|Create VPN and CGW in specific region>\nHi all I need to create a CGW in another region other than the default us-east-1 which is what I have in my provider statement. Does anyone have any idea how to create a CGW in another region? using region = \"us-west-1\" does not work resource \"aws_customer_gateway\" \"cgw-singapore\" { bgp_asn = 65000 ip_address = \"111.111.111.111\" type = \"ipsec.1\" tags = { Name = \"cgw-singapore\" }     submitted by   <https:\/\/www.reddit.com\/user\/musicman961| \/u\/musicman961 > \n&lt;a...",
        "ts": "1584630427.032700",
        "username": "Terraform ALL the Worlds!",
        "icons": {
            "image_48": "https:\/\/s3-us-west-2.amazonaws.com\/slack-files2\/bot_icons\/2019-02-12\/548785199618_48.png"
        },
        "bot_id": "BG3N7LG73",
        "attachments": [
            {
                "service_name": "reddit",
                "title": "Create VPN and CGW in specific region",
                "title_link": "https:\/\/www.reddit.com\/r\/Terraform\/comments\/flb7dl\/create_vpn_and_cgw_in_specific_region\/",
                "text": "Hi all I need to create a CGW in another region other than the default us-east-1 which is what I have in my provider statement. Does anyone have...",
                "fallback": "reddit: Create VPN and CGW in specific region",
                "thumb_url": "https:\/\/www.redditstatic.com\/new-icon.png",
                "from_url": "https:\/\/www.reddit.com\/r\/Terraform\/comments\/flb7dl\/create_vpn_and_cgw_in_specific_region\/",
                "thumb_width": 256,
                "thumb_height": 256,
                "service_icon": "http:\/\/www.redditstatic.com\/desktop2x\/img\/favicon\/apple-icon-57x57.png",
                "id": 1,
                "original_url": "https:\/\/www.reddit.com\/r\/Terraform\/comments\/flb7dl\/create_vpn_and_cgw_in_specific_region\/"
            },
            {
                "title": "overview for musicman961",
                "title_link": "https:\/\/www.reddit.com\/user\/musicman961",
                "text": "The u\/musicman961 community on Reddit. Reddit gives you the best of the internet in one place.",
                "fallback": "overview for musicman961",
                "from_url": "https:\/\/www.reddit.com\/user\/musicman961",
                "service_icon": "http:\/\/www.redditstatic.com\/desktop2x\/img\/favicon\/apple-icon-57x57.png",
                "service_name": "reddit.com",
                "id": 2,
                "original_url": "https:\/\/www.reddit.com\/user\/musicman961"
            }
        ],
        "edited": {
            "user": "BG3N7LG73",
            "ts": "1584630427.000000"
        }
    },
    {
        "type": "message",
        "subtype": "bot_message",
        "text": "<https:\/\/www.reddit.com\/r\/Terraform\/comments\/flcikn\/how_do_you_test_your_terraform_code\/|How do you test your Terraform code ?>\nsubmitted by   <https:\/\/www.reddit.com\/user\/geraldC13| \/u\/geraldC13 > \n<https:\/\/youtu.be\/D-ka67k2xiY|[link]>   <https:\/\/www.reddit.com\/r\/Terraform\/comments\/flcikn\/how_do_you_test_your_terraform_code\/|[comments]>",
        "ts": "1584635234.032900",
        "username": "Terraform ALL the Worlds!",
        "icons": {
            "image_48": "https:\/\/s3-us-west-2.amazonaws.com\/slack-files2\/bot_icons\/2019-02-12\/548785199618_48.png"
        },
        "bot_id": "BG3N7LG73",
        "attachments": [
            {
                "service_name": "reddit",
                "title": "How do you test your Terraform code ?",
                "title_link": "https:\/\/www.reddit.com\/r\/Terraform\/comments\/flcikn\/how_do_you_test_your_terraform_code\/",
                "text": "Posted in r\/Terraform by u\/geraldC13 • 1 point and 1 comment",
                "fallback": "reddit: How do you test your Terraform code ?",
                "image_url": "https:\/\/i.ytimg.com\/vi\/D-ka67k2xiY\/hqdefault.jpg",
                "image_width": 333,
                "image_height": 250,
                "from_url": "https:\/\/www.reddit.com\/r\/Terraform\/comments\/flcikn\/how_do_you_test_your_terraform_code\/",
                "image_bytes": 17816,
                "service_icon": "http:\/\/www.redditstatic.com\/desktop2x\/img\/favicon\/apple-icon-57x57.png",
                "id": 1,
                "original_url": "https:\/\/www.reddit.com\/r\/Terraform\/comments\/flcikn\/how_do_you_test_your_terraform_code\/"
            },
            {
                "title": "overview for geraldC13",
                "title_link": "https:\/\/www.reddit.com\/user\/geraldC13",
                "text": "The u\/geraldC13 community on Reddit. Reddit gives you the best of the internet in one place.",
                "fallback": "overview for geraldC13",
                "from_url": "https:\/\/www.reddit.com\/user\/geraldC13",
                "service_icon": "http:\/\/www.redditstatic.com\/desktop2x\/img\/favicon\/apple-icon-57x57.png",
                "service_name": "reddit.com",
                "id": 2,
                "original_url": "https:\/\/www.reddit.com\/user\/geraldC13"
            },
            {
                "service_name": "YouTube",
                "service_url": "https:\/\/www.youtube.com\/",
                "title": "Ask Me Anything on Infrastructure as Code. Should you test your Terraform Code?",
                "title_link": "https:\/\/youtu.be\/D-ka67k2xiY",
                "author_name": "CloudSkiff",
                "author_link": "https:\/\/www.youtube.com\/channel\/UCqUCM6vQKkq08amsqf_vKzg",
                "thumb_url": "https:\/\/i.ytimg.com\/vi\/D-ka67k2xiY\/hqdefault.jpg",
                "thumb_width": 480,
                "thumb_height": 360,
                "fallback": "YouTube Video: Ask Me Anything on Infrastructure as Code. Should you test your Terraform Code?",
                "video_html": "<iframe width=\"400\" height=\"225\" src=\"https:\/\/www.youtube.com\/embed\/D-ka67k2xiY?feature=oembed&autoplay=1&iv_load_policy=3\" frameborder=\"0\" allow=\"accelerometer; autoplay; encrypted-media; gyroscope; picture-in-picture\" allowfullscreen><\/iframe>",
                "video_html_width": 400,
                "video_html_height": 225,
                "from_url": "https:\/\/youtu.be\/D-ka67k2xiY",
                "service_icon": "https:\/\/a.slack-edge.com\/80588\/img\/unfurl_icons\/youtube.png",
                "id": 3,
                "original_url": "https:\/\/youtu.be\/D-ka67k2xiY"
            }
        ],
        "edited": {
            "user": "BG3N7LG73",
            "ts": "1584635235.000000"
        }
    },
    {
        "type": "message",
        "subtype": "bot_message",
        "text": "<https:\/\/www.reddit.com\/r\/Terraform\/comments\/flfrux\/whats_best_practices_for_using_terraform_to\/|What's best practices for using terraform to create\/ update a dev, staging, and prod environment?>\nI've heard it said I should use modules for each environment, I've heard it said I should use config files. What do you guys do?    submitted by   <https:\/\/www.reddit.com\/user\/kalavala93| \/u\/kalavala93 > \n<https:\/\/www.reddit.com\/r\/Terraform\/comments\/flfrux\/whats_best_practices_for_using_terraform_to\/|[link]>   <https:\/\/www.reddit.com\/r\/Terraform\/comments\/flfrux\/whats_best_practices_for_using_terraform_to\/|[comments]>",
        "ts": "1584646031.033100",
        "username": "Terraform ALL the Worlds!",
        "icons": {
            "image_48": "https:\/\/s3-us-west-2.amazonaws.com\/slack-files2\/bot_icons\/2019-02-12\/548785199618_48.png"
        },
        "bot_id": "BG3N7LG73",
        "attachments": [
            {
                "service_name": "reddit",
                "title": "What's best practices for using terraform to create\/ update a dev, staging, and prod environment?",
                "title_link": "https:\/\/www.reddit.com\/r\/Terraform\/comments\/flfrux\/whats_best_practices_for_using_terraform_to\/",
                "text": "I've heard it said I should use modules for each environment, I've heard it said I should use config files. What do you guys do?",
                "fallback": "reddit: What's best practices for using terraform to create\/ update a dev, staging, and prod environment?",
                "thumb_url": "https:\/\/www.redditstatic.com\/new-icon.png",
                "from_url": "https:\/\/www.reddit.com\/r\/Terraform\/comments\/flfrux\/whats_best_practices_for_using_terraform_to\/",
                "thumb_width": 256,
                "thumb_height": 256,
                "service_icon": "http:\/\/www.redditstatic.com\/desktop2x\/img\/favicon\/apple-icon-57x57.png",
                "id": 1,
                "original_url": "https:\/\/www.reddit.com\/r\/Terraform\/comments\/flfrux\/whats_best_practices_for_using_terraform_to\/"
            },
            {
                "title": "overview for kalavala93",
                "title_link": "https:\/\/www.reddit.com\/user\/kalavala93",
                "text": "The u\/kalavala93 community on Reddit. Reddit gives you the best of the internet in one place.",
                "fallback": "overview for kalavala93",
                "from_url": "https:\/\/www.reddit.com\/user\/kalavala93",
                "service_icon": "http:\/\/www.redditstatic.com\/desktop2x\/img\/favicon\/apple-icon-57x57.png",
                "service_name": "reddit.com",
                "id": 2,
                "original_url": "https:\/\/www.reddit.com\/user\/kalavala93"
            }
        ],
        "edited": {
            "user": "BG3N7LG73",
            "ts": "1584646031.000000"
        }
    },
    {
        "type": "message",
        "subtype": "bot_message",
        "text": "<https:\/\/www.reddit.com\/r\/Terraform\/comments\/flgdmw\/can_you_you_reference_a_single_variable_in_a\/|Can you you reference a single variable in a .tfvars file?>\nHow can I just reference variable_one and disregard variable_two in the main.tfvars file below? terraform variable_one = \"hello\" variable_two = \"world\"  I know to reference the whole file, I use terraform apply -var-file=main.tfvars. Just curious if there's a way to select which variables to reference.    submitted by   <https:\/\/www.reddit.com\/user\/brycelarkin10| \/u\/brycelarkin10 > \n&lt;a...",
        "ts": "1584647234.033300",
        "username": "Terraform ALL the Worlds!",
        "icons": {
            "image_48": "https:\/\/s3-us-west-2.amazonaws.com\/slack-files2\/bot_icons\/2019-02-12\/548785199618_48.png"
        },
        "bot_id": "BG3N7LG73",
        "attachments": [
            {
                "service_name": "reddit",
                "title": "Can you you reference a single variable in a .tfvars file?",
                "title_link": "https:\/\/www.reddit.com\/r\/Terraform\/comments\/flgdmw\/can_you_you_reference_a_single_variable_in_a\/",
                "text": "How can I just reference `variable_one` and disregard `variable_two` in the `main.tfvars` file below? ```terraform variable_one =...",
                "fallback": "reddit: Can you you reference a single variable in a .tfvars file?",
                "thumb_url": "https:\/\/www.redditstatic.com\/new-icon.png",
                "from_url": "https:\/\/www.reddit.com\/r\/Terraform\/comments\/flgdmw\/can_you_you_reference_a_single_variable_in_a\/",
                "thumb_width": 256,
                "thumb_height": 256,
                "service_icon": "http:\/\/www.redditstatic.com\/desktop2x\/img\/favicon\/apple-icon-57x57.png",
                "id": 1,
                "original_url": "https:\/\/www.reddit.com\/r\/Terraform\/comments\/flgdmw\/can_you_you_reference_a_single_variable_in_a\/"
            },
            {
                "title": "overview for brycelarkin10",
                "title_link": "https:\/\/www.reddit.com\/user\/brycelarkin10",
                "text": "The u\/brycelarkin10 community on Reddit. Reddit gives you the best of the internet in one place.",
                "fallback": "overview for brycelarkin10",
                "from_url": "https:\/\/www.reddit.com\/user\/brycelarkin10",
                "service_icon": "http:\/\/www.redditstatic.com\/desktop2x\/img\/favicon\/apple-icon-57x57.png",
                "service_name": "reddit.com",
                "id": 2,
                "original_url": "https:\/\/www.reddit.com\/user\/brycelarkin10"
            }
        ],
        "edited": {
            "user": "BG3N7LG73",
            "ts": "1584647235.000000"
        }
    },
    {
        "type": "message",
        "subtype": "bot_message",
        "text": "<https:\/\/www.reddit.com\/r\/Terraform\/comments\/flhpe7\/tf_azure_vm_creation_fails_in_tf_but_success_in\/|TF Azure vm creation fails in TF but success in az. Can't taint. Can't apply. must delete manually>\ntldr.  Azure thru an error creating a vm, but continued. TF does not see it as created making tfstate is out of sync. TF plan does not warn that these resources already exist. It would seem that on creating some resources in azure, if it returns an error makes tf believe apply failed but the resource actually exists in azure and cannot be tainted, destroyed or even show up in a plan as already existing. Hey there.\n I'm pretty new to TF and azure. I'm following the getting started guide &lt;a...",
        "ts": "1584652036.033500",
        "username": "Terraform ALL the Worlds!",
        "icons": {
            "image_48": "https:\/\/s3-us-west-2.amazonaws.com\/slack-files2\/bot_icons\/2019-02-12\/548785199618_48.png"
        },
        "bot_id": "BG3N7LG73",
        "attachments": [
            {
                "service_name": "reddit",
                "title": "TF Azure vm creation fails in TF but success in az. Can't taint. Can't apply. must delete manually",
                "title_link": "https:\/\/www.reddit.com\/r\/Terraform\/comments\/flhpe7\/tf_azure_vm_creation_fails_in_tf_but_success_in\/",
                "text": "tldr. Azure thru an error creating a vm, but continued. TF does not see it as created making tfstate is out of sync. TF plan does not warn that...",
                "fallback": "reddit: TF Azure vm creation fails in TF but success in az. Can't taint. Can't apply. must delete manually",
                "thumb_url": "https:\/\/www.redditstatic.com\/new-icon.png",
                "from_url": "https:\/\/www.reddit.com\/r\/Terraform\/comments\/flhpe7\/tf_azure_vm_creation_fails_in_tf_but_success_in\/",
                "thumb_width": 256,
                "thumb_height": 256,
                "service_icon": "http:\/\/www.redditstatic.com\/desktop2x\/img\/favicon\/apple-icon-57x57.png",
                "id": 1,
                "original_url": "https:\/\/www.reddit.com\/r\/Terraform\/comments\/flhpe7\/tf_azure_vm_creation_fails_in_tf_but_success_in\/"
            }
        ],
        "edited": {
            "user": "BG3N7LG73",
            "ts": "1584652036.000000"
        }
    },
    {
        "type": "message",
        "subtype": "bot_message",
        "text": "<https:\/\/www.reddit.com\/r\/Terraform\/comments\/fliy77\/error_403_creating_an_asg_from_an_aws_launch\/|Error 403 creating an ASG from an AWS Launch Template?>\nHello, I have inherited a .tf file, and am having a few issues trying to get it to run. Error: Error creating AutoScaling Group: AccessDenied: You are not authorized to use launch template: lt-007f117d13e549dc5 status code: 403, request id: cd38e436-63db-4ddc-8e55-b24f41fd4fda The credentials I am using have AdministatorAccess so I guess it isn't that. I am supplying subnet IDs because there is no default VPC. Don't know if that is related... ​ resource \"aws_autoscaling_group\" \"asg-gph-dev\"...",
        "ts": "1584656826.033700",
        "username": "Terraform ALL the Worlds!",
        "icons": {
            "image_48": "https:\/\/s3-us-west-2.amazonaws.com\/slack-files2\/bot_icons\/2019-02-12\/548785199618_48.png"
        },
        "bot_id": "BG3N7LG73",
        "attachments": [
            {
                "service_name": "reddit",
                "title": "Error 403 creating an ASG from an AWS Launch Template?",
                "title_link": "https:\/\/www.reddit.com\/r\/Terraform\/comments\/fliy77\/error_403_creating_an_asg_from_an_aws_launch\/",
                "text": "Hello, I have inherited a .tf file, and am having a few issues trying to get it to run. *Error: Error creating AutoScaling Group: AccessDenied:...",
                "fallback": "reddit: Error 403 creating an ASG from an AWS Launch Template?",
                "thumb_url": "https:\/\/www.redditstatic.com\/new-icon.png",
                "from_url": "https:\/\/www.reddit.com\/r\/Terraform\/comments\/fliy77\/error_403_creating_an_asg_from_an_aws_launch\/",
                "thumb_width": 256,
                "thumb_height": 256,
                "service_icon": "http:\/\/www.redditstatic.com\/desktop2x\/img\/favicon\/apple-icon-57x57.png",
                "id": 1,
                "original_url": "https:\/\/www.reddit.com\/r\/Terraform\/comments\/fliy77\/error_403_creating_an_asg_from_an_aws_launch\/"
            }
        ],
        "edited": {
            "user": "BG3N7LG73",
            "ts": "1584656827.000000"
        }
    },
    {
        "type": "message",
        "subtype": "bot_message",
        "text": "<https:\/\/www.reddit.com\/r\/Terraform\/comments\/flk79y\/how_to_start_new_instances_when_there_is_a_change\/|How to start new instances when there is a change in launch configuration?>\nHi there, I am looking for a way to launch new EC2 instances when Terraform detects a change in the launch configuration of an ASG. One way of doing this I know is using computed launch configuration name in ASG's name so that every time there is a change in launch configuration it will also force a new ASG. Hence launching new instances with the change. However, I cannot have an ASG with a fixed name with this method. There would a timestamp every time in ASG name. So is it possible to...",
        "ts": "1584660428.033900",
        "username": "Terraform ALL the Worlds!",
        "icons": {
            "image_48": "https:\/\/s3-us-west-2.amazonaws.com\/slack-files2\/bot_icons\/2019-02-12\/548785199618_48.png"
        },
        "bot_id": "BG3N7LG73",
        "attachments": [
            {
                "service_name": "reddit",
                "title": "How to start new instances when there is a change in launch configuration?",
                "title_link": "https:\/\/www.reddit.com\/r\/Terraform\/comments\/flk79y\/how_to_start_new_instances_when_there_is_a_change\/",
                "text": "Hi there, I am looking for a way to launch new EC2 instances when Terraform detects a change in the launch configuration of an ASG. One way of...",
                "fallback": "reddit: How to start new instances when there is a change in launch configuration?",
                "thumb_url": "https:\/\/www.redditstatic.com\/new-icon.png",
                "from_url": "https:\/\/www.reddit.com\/r\/Terraform\/comments\/flk79y\/how_to_start_new_instances_when_there_is_a_change\/",
                "thumb_width": 256,
                "thumb_height": 256,
                "service_icon": "http:\/\/www.redditstatic.com\/desktop2x\/img\/favicon\/apple-icon-57x57.png",
                "id": 1,
                "original_url": "https:\/\/www.reddit.com\/r\/Terraform\/comments\/flk79y\/how_to_start_new_instances_when_there_is_a_change\/"
            }
        ],
        "edited": {
            "user": "BG3N7LG73",
            "ts": "1584660428.000000"
        }
    },
    {
        "type": "message",
        "subtype": "bot_message",
        "text": "<https:\/\/www.reddit.com\/r\/Terraform\/comments\/fll3ei\/for_each_error_a_reference_to_eachvalue_has_been\/|For_each error \"A reference to \"each.value\" has been used in a context in which it unavailable\">\nI'm trying to setup some centralised logging S3 buckets. To whit I need to add the canonical ID's of all the accounts that'll be writing to the thing, which is a bunch and continue to update this as we add new accounts.  We've got the list stored securely, I then grab this and make a variable with the canonical value using locals like thus: canonicallist = [ for account in var.canonicalall[0]: account.value ]  if I send that variable to output, the list is 20 something lines in this format:...",
        "ts": "1584664027.034100",
        "username": "Terraform ALL the Worlds!",
        "icons": {
            "image_48": "https:\/\/s3-us-west-2.amazonaws.com\/slack-files2\/bot_icons\/2019-02-12\/548785199618_48.png"
        },
        "bot_id": "BG3N7LG73",
        "attachments": [
            {
                "service_name": "reddit",
                "title": "For_each error \"A reference to \"each.value\" has been used in a context in which it unavailable\"",
                "title_link": "https:\/\/www.reddit.com\/r\/Terraform\/comments\/fll3ei\/for_each_error_a_reference_to_eachvalue_has_been\/",
                "text": "I'm trying to setup some centralised logging S3 buckets. To whit I need to add the canonical ID's of all the accounts that'll be writing to the...",
                "fallback": "reddit: For_each error \"A reference to \"each.value\" has been used in a context in which it unavailable\"",
                "thumb_url": "https:\/\/www.redditstatic.com\/new-icon.png",
                "from_url": "https:\/\/www.reddit.com\/r\/Terraform\/comments\/fll3ei\/for_each_error_a_reference_to_eachvalue_has_been\/",
                "thumb_width": 256,
                "thumb_height": 256,
                "service_icon": "http:\/\/www.redditstatic.com\/desktop2x\/img\/favicon\/apple-icon-57x57.png",
                "id": 1,
                "original_url": "https:\/\/www.reddit.com\/r\/Terraform\/comments\/fll3ei\/for_each_error_a_reference_to_eachvalue_has_been\/"
            }
        ],
        "edited": {
            "user": "BG3N7LG73",
            "ts": "1584664027.000000"
        }
    }
]