[
    {
        "type": "message",
        "subtype": "bot_message",
        "text": "<https:\/\/qiita.com\/enchima\/items\/4b0339284173f5aee8a1|OCIコンピュートインスタンスのブートボリュームの設定をTerraformで変更する>\nOCIのブロック・ボリュームにはパフォーマンスのパラメータ（vpus_per_gb）があります。\nインスタンスのブートボリュームもブロック・ボリュームなので同様にパフォーマンスの設定が可能です。\n作成するインスタンスでこの設定をデフォルト設定の「バランス」から「より高いパフォーマンス」に変更する必要があったのですが、Terraformでやろうとすると一筋縄ではいかず試行錯誤したのでまとめます。\n\n\n<https:\/\/qiita.com\/#%E3%82%84%E3%82%8A%E3%81%9F%E3%81%8B%E3%81%A3%E3%81%9F%E3%81%93%E3%81%A8>やりたかったこと\n\nOCI公式のイメージからインスタンスを作成する。\n作成したインスタンスのブートボリュームのパラメータ（vpus_per_gb）を変更する。\n上記をTerraformで実施する。\n\n&lt;a...",
        "ts": "1583138220.010800",
        "username": "Terraformタグが付けられた新着記事 - Qiita",
        "icons": {
            "image_36": "https:\/\/a.slack-edge.com\/80588\/img\/services\/rss_36.png",
            "image_48": "https:\/\/a.slack-edge.com\/80588\/img\/services\/rss_48.png",
            "image_72": "https:\/\/a.slack-edge.com\/80588\/img\/services\/rss_72.png"
        },
        "bot_id": "BG3N7LG73",
        "attachments": [
            {
                "service_name": "Qiita",
                "title": "OCIコンピュートインスタンスのブートボリュームの設定をTerraformで変更する - Qiita",
                "title_link": "https:\/\/qiita.com\/enchima\/items\/4b0339284173f5aee8a1",
                "text": "OCIのブロック・ボリュームにはパフォーマンスのパラメータ（vpus_per_gb）があります。 インスタンスのブートボリュームもブロック・ボリュームなので同様にパフォーマンスの設定が可能です。 作成するインスタンスでこの設定をデフォ...",
                "fallback": "Qiita: OCIコンピュートインスタンスのブートボリュームの設定をTerraformで変更する - Qiita",
                "image_url": "https:\/\/qiita-user-contents.imgix.net\/https%3A%2F%2Fcdn.qiita.com%2Fassets%2Fpublic%2Fogp-background-1150d8b18a7c15795b701a55ae908f94.png?ixlib=rb-1.2.2&w=1200&mark=https%3A%2F%2Fqiita-user-contents.imgix.net%2F~text%3Fixlib%3Drb-1.2.2%26w%3D840%26h%3D380%26txt%3DOCI%25E3%2582%25B3%25E3%2583%25B3%25E3%2583%2594%25E3%2583%25A5%25E3%2583%25BC%25E3%2583%2588%25E3%2582%25A4%25E3%2583%25B3%25E3%2582%25B9%25E3%2582%25BF%25E3%2583%25B3%25E3%2582%25B9%25E3%2581%25AE%25E3%2583%2596%25E3%2583%25BC%25E3%2583%2588%25E3%2583%259C%25E3%2583%25AA%25E3%2583%25A5%25E3%2583%25BC%25E3%2583%25A0%25E3%2581%25AE%25E8%25A8%25AD%25E5%25AE%259A%25E3%2582%2592Terraform%25E3%2581%25A7%25E5%25A4%2589%25E6%259B%25B4%25E3%2581%2599%25E3%2582%258B%26txt-color%3D%2523333%26txt-font%3DAvenir-Black%26txt-size%3D54%26txt-clip%3Dellipsis%26txt-align%3Dcenter%252Cmiddle%26s%3D2e07733028cd83b11cadfe6d35d3ba03&mark-align=center%2Cmiddle&blend=https%3A%2F%2Fqiita-user-contents.imgix.net%2F~text%3Fixlib%3Drb-1.2.2%26w%3D840%26h%3D500%26txt%3D%2540enchima%26txt-color%3D%2523333%26txt-font%3DAvenir-Black%26txt-size%3D45%26txt-align%3Dright%252Cbottom%26s%3D7fd14fe2bafc0aea09d85b885a00f3d7&blend-align=center%2Cmiddle&blend-mode=normal&s=72e3e942a1413b01f2fa3523723a1283",
                "from_url": "https:\/\/qiita.com\/enchima\/items\/4b0339284173f5aee8a1",
                "image_width": 476,
                "image_height": 250,
                "image_bytes": 54865,
                "service_icon": "https:\/\/cdn.qiita.com\/assets\/favicons\/public\/apple-touch-icon-ec5ba42a24ae923f16825592efdc356f.png",
                "id": 1,
                "original_url": "https:\/\/qiita.com\/enchima\/items\/4b0339284173f5aee8a1"
            },
            {
                "service_name": "Qiita",
                "title": "プログラマの技術情報共有サービス - Qiita",
                "title_link": "https:\/\/qiita.com\/#%E3%82%84%E3%82%8A%E3%81%9F%E3%81%8B%E3%81%A3%E3%81%9F%E3%81%93%E3%81%A8",
                "text": "Qiitaは、プログラマのための技術情報共有サービスです。 プログラミングに関するTips、ノウハウ、メモを簡単に記録 &amp; 公開することができます。",
                "fallback": "Qiita: プログラマの技術情報共有サービス - Qiita",
                "thumb_url": "https:\/\/cdn.qiita.com\/assets\/qiita-fb-fe28c64039d925349e620ba55091e078.png",
                "from_url": "https:\/\/qiita.com\/#%E3%82%84%E3%82%8A%E3%81%9F%E3%81%8B%E3%81%A3%E3%81%9F%E3%81%93%E3%81%A8",
                "thumb_width": 1200,
                "thumb_height": 630,
                "service_icon": "https:\/\/cdn.qiita.com\/assets\/favicons\/public\/apple-touch-icon-ec5ba42a24ae923f16825592efdc356f.png",
                "id": 2,
                "original_url": "https:\/\/qiita.com\/#%E3%82%84%E3%82%8A%E3%81%9F%E3%81%8B%E3%81%A3%E3%81%9F%E3%81%93%E3%81%A8"
            }
        ],
        "edited": {
            "user": "BG3N7LG73",
            "ts": "1583138221.000000"
        }
    },
    {
        "type": "message",
        "subtype": "bot_message",
        "text": "<https:\/\/www.reddit.com\/r\/Terraform\/comments\/fc97lj\/top_5_reasons_for_outsourcing_frontend_development\/|Top 5 Reasons For Outsourcing Front-End Development>\nsubmitted by   <https:\/\/www.reddit.com\/user\/Miserable-Pie| \/u\/Miserable-Pie > \n<http:\/\/outsourcing-frontend.xyz\/|[link]>   <https:\/\/www.reddit.com\/r\/Terraform\/comments\/fc97lj\/top_5_reasons_for_outsourcing_frontend_development\/|[comments]>",
        "ts": "1583139422.011000",
        "username": "Terraform ALL the Worlds!",
        "icons": {
            "image_48": "https:\/\/s3-us-west-2.amazonaws.com\/slack-files2\/bot_icons\/2019-02-12\/548785199618_48.png"
        },
        "bot_id": "BG3N7LG73",
        "attachments": [
            {
                "service_name": "reddit",
                "title": "Top 5 Reasons For Outsourcing Front-End Development",
                "title_link": "https:\/\/www.reddit.com\/r\/Terraform\/comments\/fc97lj\/top_5_reasons_for_outsourcing_frontend_development\/",
                "text": "Posted in r\/Terraform by u\/Miserable-Pie • 1 point and 0 comments",
                "fallback": "reddit: Top 5 Reasons For Outsourcing Front-End Development",
                "thumb_url": "https:\/\/b.thumbs.redditmedia.com\/NK5pkaiBPUADkp1IiJ8Z2tBqbShSIKMePaOCb6cV8pA.jpg",
                "from_url": "https:\/\/www.reddit.com\/r\/Terraform\/comments\/fc97lj\/top_5_reasons_for_outsourcing_frontend_development\/",
                "thumb_width": 140,
                "thumb_height": 93,
                "service_icon": "http:\/\/www.redditstatic.com\/desktop2x\/img\/favicon\/apple-icon-57x57.png",
                "id": 1,
                "original_url": "https:\/\/www.reddit.com\/r\/Terraform\/comments\/fc97lj\/top_5_reasons_for_outsourcing_frontend_development\/"
            },
            {
                "title": "overview for Miserable-Pie",
                "title_link": "https:\/\/www.reddit.com\/user\/Miserable-Pie",
                "text": "The u\/Miserable-Pie community on Reddit. Reddit gives you the best of the internet in one place.",
                "fallback": "overview for Miserable-Pie",
                "from_url": "https:\/\/www.reddit.com\/user\/Miserable-Pie",
                "service_icon": "http:\/\/www.redditstatic.com\/desktop2x\/img\/favicon\/apple-icon-57x57.png",
                "service_name": "reddit.com",
                "id": 2,
                "original_url": "https:\/\/www.reddit.com\/user\/Miserable-Pie"
            },
            {
                "title": "Top 5 Reasons For Outsourcing Front-End Development",
                "title_link": "http:\/\/outsourcing-frontend.xyz\/",
                "text": "Developing web applications can generally be done in two ways: by an in-house team that you hire and train or by a remote team. Outsourcing introduces many advantages regardless of the size of the business you are running.",
                "fallback": "Top 5 Reasons For Outsourcing Front-End Development",
                "image_url": "https:\/\/selleo.com\/uploads\/outsourcing_frontend.jpg",
                "from_url": "http:\/\/outsourcing-frontend.xyz\/",
                "image_width": 376,
                "image_height": 250,
                "image_bytes": 46751,
                "service_icon": "https:\/\/selleo.com\/favicon.ico",
                "service_name": "selleo.com",
                "id": 3,
                "original_url": "http:\/\/outsourcing-frontend.xyz\/"
            }
        ],
        "edited": {
            "user": "BG3N7LG73",
            "ts": "1583139423.000000"
        }
    },
    {
        "type": "message",
        "subtype": "bot_message",
        "text": "<https:\/\/qiita.com\/hieki\/items\/2c3bd988e92ef474da2a|Terraform で Azure AD アプリケーションをオシャレに定義して諦める>\nAzure AD を扱っていると、やはりどうしても Infrastructure as Code を実現したくなる瞬間が多々あります。そんな時、<https:\/\/www.terraform.io\/docs\/providers\/azuread\/index.html|Terraform の Azure Active Directory Provider>を用いるという選択肢は有用でしょう。\n便利そうですね！ 使ってみましょう。\n\n私の場合、Azure AD  azuread_application という Resource を扱う必要があり、更に今回の用途では、Microsoft Graph API のパーミッションを付与する必要がありました。これの resource_app_id が必要そうです。&lt;a href=\"<https:\/\/developer.microsoft.com\/ja-jp\/graph\/graph-explorer>\" rel=\"nofollow noopener\"...",
        "ts": "1583159826.011200",
        "username": "Terraformタグが付けられた新着記事 - Qiita",
        "icons": {
            "image_36": "https:\/\/a.slack-edge.com\/80588\/img\/services\/rss_36.png",
            "image_48": "https:\/\/a.slack-edge.com\/80588\/img\/services\/rss_48.png",
            "image_72": "https:\/\/a.slack-edge.com\/80588\/img\/services\/rss_72.png"
        },
        "bot_id": "BG3N7LG73",
        "attachments": [
            {
                "service_name": "Qiita",
                "title": "Terraform で Azure AD アプリケーションをオシャレに定義して諦める - Qiita",
                "title_link": "https:\/\/qiita.com\/hieki\/items\/2c3bd988e92ef474da2a",
                "text": "Azure AD を扱っていると、やはりどうしても Infrastructure as Code を実現したくなる瞬間が多々あります。そんな時、[Terraform の Azure Active Directory Provider]...",
                "fallback": "Qiita: Terraform で Azure AD アプリケーションをオシャレに定義して諦める - Qiita",
                "image_url": "https:\/\/qiita-user-contents.imgix.net\/https%3A%2F%2Fcdn.qiita.com%2Fassets%2Fpublic%2Fogp-background-1150d8b18a7c15795b701a55ae908f94.png?ixlib=rb-1.2.2&w=1200&mark=https%3A%2F%2Fqiita-user-contents.imgix.net%2F~text%3Fixlib%3Drb-1.2.2%26w%3D840%26h%3D380%26txt%3DTerraform%2520%25E3%2581%25A7%2520Azure%2520AD%2520%25E3%2582%25A2%25E3%2583%2597%25E3%2583%25AA%25E3%2582%25B1%25E3%2583%25BC%25E3%2582%25B7%25E3%2583%25A7%25E3%2583%25B3%25E3%2582%2592%25E3%2582%25AA%25E3%2582%25B7%25E3%2583%25A3%25E3%2583%25AC%25E3%2581%25AB%25E5%25AE%259A%25E7%25BE%25A9%25E3%2581%2597%25E3%2581%25A6%25E8%25AB%25A6%25E3%2582%2581%25E3%2582%258B%26txt-color%3D%2523333%26txt-font%3DAvenir-Black%26txt-size%3D54%26txt-clip%3Dellipsis%26txt-align%3Dcenter%252Cmiddle%26s%3D12816346a354b7e99cf1605f47d5a404&mark-align=center%2Cmiddle&blend=https%3A%2F%2Fqiita-user-contents.imgix.net%2F~text%3Fixlib%3Drb-1.2.2%26w%3D840%26h%3D500%26txt%3D%2540hieki%26txt-color%3D%2523333%26txt-font%3DAvenir-Black%26txt-size%3D45%26txt-align%3Dright%252Cbottom%26s%3Dbf912d84bd1a4e62a1a5f7fe396e105a&blend-align=center%2Cmiddle&blend-mode=normal&s=15e1ffba81a5e9d46c130324e3cd64e4",
                "from_url": "https:\/\/qiita.com\/hieki\/items\/2c3bd988e92ef474da2a",
                "image_width": 476,
                "image_height": 250,
                "image_bytes": 49127,
                "service_icon": "https:\/\/cdn.qiita.com\/assets\/favicons\/public\/apple-touch-icon-ec5ba42a24ae923f16825592efdc356f.png",
                "id": 1,
                "original_url": "https:\/\/qiita.com\/hieki\/items\/2c3bd988e92ef474da2a"
            },
            {
                "service_name": "Terraform by HashiCorp",
                "title": "Provider: Azure Active Directory - Terraform by HashiCorp",
                "title_link": "https:\/\/www.terraform.io\/docs\/providers\/azuread\/index.html",
                "text": "The AzureAD Provider is used to interact with the many resources supported by Azure Active Directory.",
                "fallback": "Terraform by HashiCorp: Provider: Azure Active Directory - Terraform by HashiCorp",
                "thumb_url": "https:\/\/www.terraform.io\/assets\/images\/og-image-8b3e4f7d.png",
                "from_url": "https:\/\/www.terraform.io\/docs\/providers\/azuread\/index.html",
                "thumb_width": 712,
                "thumb_height": 712,
                "service_icon": "https:\/\/www.terraform.io\/assets\/images\/favicons\/apple-touch-icon-13180a24.png",
                "id": 2,
                "original_url": "https:\/\/www.terraform.io\/docs\/providers\/azuread\/index.html"
            },
            {
                "title": "Graph エクスプローラー - Microsoft Graph",
                "title_link": "https:\/\/developer.microsoft.com\/ja-jp\/graph\/graph-explorer",
                "text": "Graph エクスプローラーは、Microsoft Graph に対して要求したり、応答を表示したりできるツールです。",
                "fallback": "Graph エクスプローラー - Microsoft Graph",
                "from_url": "https:\/\/developer.microsoft.com\/ja-jp\/graph\/graph-explorer",
                "service_icon": "https:\/\/developer.microsoft.com\/favicon.ico",
                "service_name": "developer.microsoft.com",
                "id": 3,
                "original_url": "https:\/\/developer.microsoft.com\/ja-jp\/graph\/graph-explorer"
            }
        ],
        "edited": {
            "user": "BG3N7LG73",
            "ts": "1583159826.000000"
        }
    },
    {
        "type": "message",
        "subtype": "bot_message",
        "text": "<https:\/\/www.reddit.com\/r\/Terraform\/comments\/fcmaul\/how_to_have_a_different_state_file_but_on_the\/|How to have a different state file but on the same environment.>\nI've read about workspaces to manage the same configuration on different environments but I don't think that fits my use case. We use Terraform for some automation with Github Actions, for each PR we open we deploy a review app on Heroku, now for this we use Google's PubSub and create subscriptions that point to these review apps. I'm using the remote back-end. ​ I just experienced that when we deploy 2 PRs the old subscriptions get replaced. ​ Example, PR 1 gets deployed, subscriptions are...",
        "ts": "1583197027.011400",
        "username": "Terraform ALL the Worlds!",
        "icons": {
            "image_48": "https:\/\/s3-us-west-2.amazonaws.com\/slack-files2\/bot_icons\/2019-02-12\/548785199618_48.png"
        },
        "bot_id": "BG3N7LG73",
        "attachments": [
            {
                "service_name": "reddit",
                "title": "How to have a different state file but on the same environment.",
                "title_link": "https:\/\/www.reddit.com\/r\/Terraform\/comments\/fcmaul\/how_to_have_a_different_state_file_but_on_the\/",
                "text": "I've read about workspaces to manage the same configuration on different environments but I don't think that fits my use case. We use Terraform...",
                "fallback": "reddit: How to have a different state file but on the same environment.",
                "thumb_url": "https:\/\/www.redditstatic.com\/new-icon.png",
                "from_url": "https:\/\/www.reddit.com\/r\/Terraform\/comments\/fcmaul\/how_to_have_a_different_state_file_but_on_the\/",
                "thumb_width": 256,
                "thumb_height": 256,
                "service_icon": "http:\/\/www.redditstatic.com\/desktop2x\/img\/favicon\/apple-icon-57x57.png",
                "id": 1,
                "original_url": "https:\/\/www.reddit.com\/r\/Terraform\/comments\/fcmaul\/how_to_have_a_different_state_file_but_on_the\/"
            }
        ],
        "edited": {
            "user": "BG3N7LG73",
            "ts": "1583197027.000000"
        }
    },
    {
        "type": "message",
        "subtype": "bot_message",
        "text": "<https:\/\/www.reddit.com\/r\/Terraform\/comments\/fcozxz\/cloudwatch_event_to_stop_ecs_service\/|CloudWatch Event to Stop ECS Service>\nI want to have an ECS service run during business hours only.\n I can successfully create a CW rule with ecs target setting the task_count to 1 for starting it, but if you set to 0 (to stop) get \"expected ecs_target.0.task_count to be in the range (1 - 2147483647), got 0\"  Looks like a TF validation issue, since 0 is a valid value - just wondering if others had done this (besides deploying a lambda)    submitted by   <https:\/\/www.reddit.com\/user\/rdkls| \/u\/rdkls > \n&lt;a...",
        "ts": "1583209021.011600",
        "username": "Terraform ALL the Worlds!",
        "icons": {
            "image_48": "https:\/\/s3-us-west-2.amazonaws.com\/slack-files2\/bot_icons\/2019-02-12\/548785199618_48.png"
        },
        "bot_id": "BG3N7LG73",
        "attachments": [
            {
                "service_name": "reddit",
                "title": "CloudWatch Event to Stop ECS Service",
                "title_link": "https:\/\/www.reddit.com\/r\/Terraform\/comments\/fcozxz\/cloudwatch_event_to_stop_ecs_service\/",
                "text": "I want to have an ECS service run during business hours only. I can successfully create a CW rule with ecs target setting the task\\_count to 1...",
                "fallback": "reddit: CloudWatch Event to Stop ECS Service",
                "thumb_url": "https:\/\/www.redditstatic.com\/new-icon.png",
                "from_url": "https:\/\/www.reddit.com\/r\/Terraform\/comments\/fcozxz\/cloudwatch_event_to_stop_ecs_service\/",
                "thumb_width": 256,
                "thumb_height": 256,
                "service_icon": "http:\/\/www.redditstatic.com\/desktop2x\/img\/favicon\/apple-icon-57x57.png",
                "id": 1,
                "original_url": "https:\/\/www.reddit.com\/r\/Terraform\/comments\/fcozxz\/cloudwatch_event_to_stop_ecs_service\/"
            },
            {
                "title": "overview for rdkls",
                "title_link": "https:\/\/www.reddit.com\/user\/rdkls",
                "text": "The u\/rdkls community on Reddit. Reddit gives you the best of the internet in one place.",
                "fallback": "overview for rdkls",
                "from_url": "https:\/\/www.reddit.com\/user\/rdkls",
                "service_icon": "http:\/\/www.redditstatic.com\/desktop2x\/img\/favicon\/apple-icon-57x57.png",
                "service_name": "reddit.com",
                "id": 2,
                "original_url": "https:\/\/www.reddit.com\/user\/rdkls"
            }
        ],
        "edited": {
            "user": "BG3N7LG73",
            "ts": "1583209021.000000"
        }
    },
    {
        "type": "message",
        "subtype": "bot_message",
        "text": "<https:\/\/qiita.com\/takuma-jpn\/items\/748b585dd73a3ac8e79e|Terraform 0.12.x 特定のモジュール（リソース）を apply \/ plan する（公式ドキュメントとコマンドが違うやないかい）>\n&lt;a...",
        "ts": "1583211421.011800",
        "username": "Terraformタグが付けられた新着記事 - Qiita",
        "icons": {
            "image_36": "https:\/\/a.slack-edge.com\/80588\/img\/services\/rss_36.png",
            "image_48": "https:\/\/a.slack-edge.com\/80588\/img\/services\/rss_48.png",
            "image_72": "https:\/\/a.slack-edge.com\/80588\/img\/services\/rss_72.png"
        },
        "bot_id": "BG3N7LG73",
        "attachments": [
            {
                "service_name": "Qiita",
                "title": "Terraform 0.12.x 特定のモジュール（リソース）を apply \/ plan する（公式ドキュメントとコマンドが違うやないかい） - Qiita",
                "title_link": "https:\/\/qiita.com\/takuma-jpn\/items\/748b585dd73a3ac8e79e",
                "text": "###ファイルを変更して、ほかのリソースのアップデートまではしたくない場合に、[-target] オプションを使うと便利です。 Terraformのバージョンは下記のとおりです。 今回は、awsのサービスを利用したいため、プロバイダ...",
                "fallback": "Qiita: Terraform 0.12.x 特定のモジュール（リソース）を apply \/ plan する（公式ドキュメントとコマンドが違うやないかい） - Qiita",
                "image_url": "https:\/\/qiita-user-contents.imgix.net\/https%3A%2F%2Fcdn.qiita.com%2Fassets%2Fpublic%2Fogp-background-1150d8b18a7c15795b701a55ae908f94.png?ixlib=rb-1.2.2&w=1200&mark=https%3A%2F%2Fqiita-user-contents.imgix.net%2F~text%3Fixlib%3Drb-1.2.2%26w%3D840%26h%3D380%26txt%3DTerraform%25200.12.x%2520%25E7%2589%25B9%25E5%25AE%259A%25E3%2581%25AE%25E3%2583%25A2%25E3%2582%25B8%25E3%2583%25A5%25E3%2583%25BC%25E3%2583%25AB%25EF%25BC%2588%25E3%2583%25AA%25E3%2582%25BD%25E3%2583%25BC%25E3%2582%25B9%25EF%25BC%2589%25E3%2582%2592%2520apply%2520%252F%2520plan%2520%25E3%2581%2599%25E3%2582%258B%25EF%25BC%2588%25E5%2585%25AC%25E5%25BC%258F%25E3%2583%2589%25E3%2582%25AD%25E3%2583%25A5%25E3%2583%25A1%25E3%2583%25B3%25E3%2583%2588%25E3%2581%25A8%25E3%2582%25B3%25E3%2583%259E%25E3%2583%25B3%25E3%2583%2589%25E3%2581%258C%25E9%2581%2595%25E3%2581%2586%25E3%2582%2584%25E3%2581%25AA%25E3%2581%2584%25E3%2581%258B%25E3%2581%2584%25EF%25BC%2589%26txt-color%3D%2523333%26txt-font%3DAvenir-Black%26txt-size%3D54%26txt-clip%3Dellipsis%26txt-align%3Dcenter%252Cmiddle%26s%3D3ada7af49f92a74856e7c65b58904ab8&mark-align=center%2Cmiddle&blend=https%3A%2F%2Fqiita-user-contents.imgix.net%2F~text%3Fixlib%3Drb-1.2.2%26w%3D840%26h%3D500%26txt%3D%2540takuma-jpn%26txt-color%3D%2523333%26txt-font%3DAvenir-Black%26txt-size%3D45%26txt-align%3Dright%252Cbottom%26s%3De434d103a409fcb0a2c4b50c27683cf1&blend-align=center%2Cmiddle&blend-mode=normal&s=d7e900c506c81ce3bed19ee19f6fff4a",
                "from_url": "https:\/\/qiita.com\/takuma-jpn\/items\/748b585dd73a3ac8e79e",
                "image_width": 476,
                "image_height": 250,
                "image_bytes": 73962,
                "service_icon": "https:\/\/cdn.qiita.com\/assets\/favicons\/public\/apple-touch-icon-ec5ba42a24ae923f16825592efdc356f.png",
                "id": 1,
                "original_url": "https:\/\/qiita.com\/takuma-jpn\/items\/748b585dd73a3ac8e79e"
            }
        ],
        "edited": {
            "user": "BG3N7LG73",
            "ts": "1583211421.000000"
        }
    },
    {
        "type": "message",
        "subtype": "bot_message",
        "text": "<https:\/\/www.reddit.com\/r\/Terraform\/comments\/fcqd73\/cicd_with_cloud_build_gcp\/|CI\/CD with Cloud Build (GCP)>\nI have a semi-working CI\/CD pipeline running my IaC using Terraform. I can make it work using the Cloud Build default Service Account, but not the Terraform Service account.  I currently haven't found a good secure way to pass the JSON to Cloud Build. I thought I could use KMS or Secret Manager, but haven't figured that out yet. I don't want to store it with the IaC code as the JSON shouldn't leave GCP environment IMO. Has anyone else ever had to deal with this kind of issue and how did you...",
        "ts": "1583216224.012000",
        "username": "Terraform ALL the Worlds!",
        "icons": {
            "image_48": "https:\/\/s3-us-west-2.amazonaws.com\/slack-files2\/bot_icons\/2019-02-12\/548785199618_48.png"
        },
        "bot_id": "BG3N7LG73",
        "attachments": [
            {
                "service_name": "reddit",
                "title": "CI\/CD with Cloud Build (GCP)",
                "title_link": "https:\/\/www.reddit.com\/r\/Terraform\/comments\/fcqd73\/cicd_with_cloud_build_gcp\/",
                "text": "I have a semi-working CI\/CD pipeline running my IaC using Terraform. I can make it work using the Cloud Build default Service Account, but not...",
                "fallback": "reddit: CI\/CD with Cloud Build (GCP)",
                "thumb_url": "https:\/\/www.redditstatic.com\/new-icon.png",
                "from_url": "https:\/\/www.reddit.com\/r\/Terraform\/comments\/fcqd73\/cicd_with_cloud_build_gcp\/",
                "thumb_width": 256,
                "thumb_height": 256,
                "service_icon": "http:\/\/www.redditstatic.com\/desktop2x\/img\/favicon\/apple-icon-57x57.png",
                "id": 1,
                "original_url": "https:\/\/www.reddit.com\/r\/Terraform\/comments\/fcqd73\/cicd_with_cloud_build_gcp\/"
            }
        ],
        "edited": {
            "user": "BG3N7LG73",
            "ts": "1583216224.000000"
        }
    },
    {
        "type": "message",
        "subtype": "bot_message",
        "text": "<https:\/\/qiita.com\/shin1988\/items\/1423ef931d56dd445636|複数のAWSアカウントにterraformを実行する>\n<https:\/\/qiita.com\/#%E3%82%84%E3%82%8A%E3%81%9F%E3%81%84%E3%81%93%E3%81%A8>やりたいこと\n\nterraform workspaceを使って、複数AWS環境にterraformを実行したい\n\n\n<https:\/\/qiita.com\/#%E5%89%8D%E6%8F%90>前提\n\nこの記事ではhogeプロジェクトに対して、dev\/stg\/prdそれぞれの環境を別AWSアカウントに作りたいという前提にします。\nまた各アカウントでリソースを作成する権限をもったaccess_key \/ secret_keyはすでに払い出してもらっており、それをterraformを実行するマシンの$HOME\/.aws\/credentialsに保存しているものとします。\n\n\n<https:\/\/qiita.com\/#%E5%AE%9F%E8%A3%85>実装\n\n最終的な実装は以下の様な形になりました。\n\n\n~\/.aws\/credentials...",
        "ts": "1583218620.012200",
        "username": "Terraformタグが付けられた新着記事 - Qiita",
        "icons": {
            "image_36": "https:\/\/a.slack-edge.com\/80588\/img\/services\/rss_36.png",
            "image_48": "https:\/\/a.slack-edge.com\/80588\/img\/services\/rss_48.png",
            "image_72": "https:\/\/a.slack-edge.com\/80588\/img\/services\/rss_72.png"
        },
        "bot_id": "BG3N7LG73",
        "attachments": [
            {
                "service_name": "Qiita",
                "title": "複数のAWSアカウントにterraformを実行する - Qiita",
                "title_link": "https:\/\/qiita.com\/shin1988\/items\/1423ef931d56dd445636",
                "text": "## やりたいこと terraform workspaceを使って、複数AWS環境にterraformを実行したい ## 前提 この記事ではhogeプロジェクトに対して、dev\/stg\/prdそれぞれの環境を別AWSアカウントに作り...",
                "fallback": "Qiita: 複数のAWSアカウントにterraformを実行する - Qiita",
                "image_url": "https:\/\/qiita-user-contents.imgix.net\/https%3A%2F%2Fcdn.qiita.com%2Fassets%2Fpublic%2Fogp-background-1150d8b18a7c15795b701a55ae908f94.png?ixlib=rb-1.2.2&w=1200&mark=https%3A%2F%2Fqiita-user-contents.imgix.net%2F~text%3Fixlib%3Drb-1.2.2%26w%3D840%26h%3D380%26txt%3D%25E8%25A4%2587%25E6%2595%25B0%25E3%2581%25AEAWS%25E3%2582%25A2%25E3%2582%25AB%25E3%2582%25A6%25E3%2583%25B3%25E3%2583%2588%25E3%2581%25ABterraform%25E3%2582%2592%25E5%25AE%259F%25E8%25A1%258C%25E3%2581%2599%25E3%2582%258B%26txt-color%3D%2523333%26txt-font%3DAvenir-Black%26txt-size%3D54%26txt-clip%3Dellipsis%26txt-align%3Dcenter%252Cmiddle%26s%3De42553ac5de64924651d0c6b61860589&mark-align=center%2Cmiddle&blend=https%3A%2F%2Fqiita-user-contents.imgix.net%2F~text%3Fixlib%3Drb-1.2.2%26w%3D840%26h%3D500%26txt%3D%2540shin1988%26txt-color%3D%2523333%26txt-font%3DAvenir-Black%26txt-size%3D45%26txt-align%3Dright%252Cbottom%26s%3D50397cf3dc70308f4e57ff9fb18071c8&blend-align=center%2Cmiddle&blend-mode=normal&s=9009f05dd7960dc4412a6f64099c4eb2",
                "from_url": "https:\/\/qiita.com\/shin1988\/items\/1423ef931d56dd445636",
                "image_width": 476,
                "image_height": 250,
                "image_bytes": 47469,
                "service_icon": "https:\/\/cdn.qiita.com\/assets\/favicons\/public\/apple-touch-icon-ec5ba42a24ae923f16825592efdc356f.png",
                "id": 1,
                "original_url": "https:\/\/qiita.com\/shin1988\/items\/1423ef931d56dd445636"
            },
            {
                "service_name": "Qiita",
                "title": "プログラマの技術情報共有サービス - Qiita",
                "title_link": "https:\/\/qiita.com\/#%E3%82%84%E3%82%8A%E3%81%9F%E3%81%84%E3%81%93%E3%81%A8",
                "text": "Qiitaは、プログラマのための技術情報共有サービスです。 プログラミングに関するTips、ノウハウ、メモを簡単に記録 &amp; 公開することができます。",
                "fallback": "Qiita: プログラマの技術情報共有サービス - Qiita",
                "thumb_url": "https:\/\/cdn.qiita.com\/assets\/qiita-fb-fe28c64039d925349e620ba55091e078.png",
                "from_url": "https:\/\/qiita.com\/#%E3%82%84%E3%82%8A%E3%81%9F%E3%81%84%E3%81%93%E3%81%A8",
                "thumb_width": 1200,
                "thumb_height": 630,
                "service_icon": "https:\/\/cdn.qiita.com\/assets\/favicons\/public\/apple-touch-icon-ec5ba42a24ae923f16825592efdc356f.png",
                "id": 2,
                "original_url": "https:\/\/qiita.com\/#%E3%82%84%E3%82%8A%E3%81%9F%E3%81%84%E3%81%93%E3%81%A8"
            },
            {
                "service_name": "Qiita",
                "title": "プログラマの技術情報共有サービス - Qiita",
                "title_link": "https:\/\/qiita.com\/#%E5%89%8D%E6%8F%90",
                "text": "Qiitaは、プログラマのための技術情報共有サービスです。 プログラミングに関するTips、ノウハウ、メモを簡単に記録 &amp; 公開することができます。",
                "fallback": "Qiita: プログラマの技術情報共有サービス - Qiita",
                "thumb_url": "https:\/\/cdn.qiita.com\/assets\/qiita-fb-fe28c64039d925349e620ba55091e078.png",
                "from_url": "https:\/\/qiita.com\/#%E5%89%8D%E6%8F%90",
                "thumb_width": 1200,
                "thumb_height": 630,
                "service_icon": "https:\/\/cdn.qiita.com\/assets\/favicons\/public\/apple-touch-icon-ec5ba42a24ae923f16825592efdc356f.png",
                "id": 3,
                "original_url": "https:\/\/qiita.com\/#%E5%89%8D%E6%8F%90"
            },
            {
                "service_name": "Qiita",
                "title": "プログラマの技術情報共有サービス - Qiita",
                "title_link": "https:\/\/qiita.com\/#%E5%AE%9F%E8%A3%85",
                "text": "Qiitaは、プログラマのための技術情報共有サービスです。 プログラミングに関するTips、ノウハウ、メモを簡単に記録 &amp; 公開することができます。",
                "fallback": "Qiita: プログラマの技術情報共有サービス - Qiita",
                "thumb_url": "https:\/\/cdn.qiita.com\/assets\/qiita-fb-fe28c64039d925349e620ba55091e078.png",
                "from_url": "https:\/\/qiita.com\/#%E5%AE%9F%E8%A3%85",
                "thumb_width": 1200,
                "thumb_height": 630,
                "service_icon": "https:\/\/cdn.qiita.com\/assets\/favicons\/public\/apple-touch-icon-ec5ba42a24ae923f16825592efdc356f.png",
                "id": 4,
                "original_url": "https:\/\/qiita.com\/#%E5%AE%9F%E8%A3%85"
            }
        ],
        "edited": {
            "user": "BG3N7LG73",
            "ts": "1583218621.000000"
        }
    },
    {
        "type": "message",
        "subtype": "bot_message",
        "text": "<https:\/\/www.reddit.com\/r\/Terraform\/comments\/fcqrp7\/introduce_terraform_in_already_running_projects\/|Introduce Terraform in already running projects AWS\/GCP>\nHi Guys, we have several gcp and aws projects in my company and we are planning to introduce terraform. What would be the first step to use terraform when projects are already running ? is there something like \"export in code\" in aws\/gcp and then import it to terraform ? Thank you!    submitted by   <https:\/\/www.reddit.com\/user\/Cloud--Man| \/u\/Cloud--Man > \n<https:\/\/www.reddit.com\/r\/Terraform\/comments\/fcqrp7\/introduce_terraform_in_already_running_projects\/|[link]>   &lt;a...",
        "ts": "1583218624.012400",
        "username": "Terraform ALL the Worlds!",
        "icons": {
            "image_48": "https:\/\/s3-us-west-2.amazonaws.com\/slack-files2\/bot_icons\/2019-02-12\/548785199618_48.png"
        },
        "bot_id": "BG3N7LG73",
        "attachments": [
            {
                "service_name": "reddit",
                "title": "Introduce Terraform in already running projects AWS\/GCP",
                "title_link": "https:\/\/www.reddit.com\/r\/Terraform\/comments\/fcqrp7\/introduce_terraform_in_already_running_projects\/",
                "text": "Hi Guys, we have several gcp and aws projects in my company and we are planning to introduce terraform. What would be the first step to use...",
                "fallback": "reddit: Introduce Terraform in already running projects AWS\/GCP",
                "thumb_url": "https:\/\/www.redditstatic.com\/new-icon.png",
                "from_url": "https:\/\/www.reddit.com\/r\/Terraform\/comments\/fcqrp7\/introduce_terraform_in_already_running_projects\/",
                "thumb_width": 256,
                "thumb_height": 256,
                "service_icon": "http:\/\/www.redditstatic.com\/desktop2x\/img\/favicon\/apple-icon-57x57.png",
                "id": 1,
                "original_url": "https:\/\/www.reddit.com\/r\/Terraform\/comments\/fcqrp7\/introduce_terraform_in_already_running_projects\/"
            },
            {
                "title": "overview for Cloud--Man",
                "title_link": "https:\/\/www.reddit.com\/user\/Cloud--Man",
                "text": "The u\/Cloud--Man community on Reddit. Reddit gives you the best of the internet in one place.",
                "fallback": "overview for Cloud--Man",
                "from_url": "https:\/\/www.reddit.com\/user\/Cloud--Man",
                "service_icon": "http:\/\/www.redditstatic.com\/desktop2x\/img\/favicon\/apple-icon-57x57.png",
                "service_name": "reddit.com",
                "id": 2,
                "original_url": "https:\/\/www.reddit.com\/user\/Cloud--Man"
            }
        ],
        "edited": {
            "user": "BG3N7LG73",
            "ts": "1583218624.000000"
        }
    }
]