[
    {
        "type": "message",
        "subtype": "bot_message",
        "text": "<https:\/\/www.reddit.com\/r\/Terraform\/comments\/fp9zr1\/where_to_start\/|Where to start>\n2 weeks of time.. where to start to learn Terraform? Have been finished AWS solution architect and been practising. Please provide a list or blogs where to start to learn Terraform and how to move to Devops in Infrastructure as Code stream.    submitted by   <https:\/\/www.reddit.com\/user\/bharadws| \/u\/bharadws > \n<https:\/\/www.reddit.com\/r\/Terraform\/comments\/fp9zr1\/where_to_start\/|[link]>   &lt;a...",
        "ts": "1585222620.002300",
        "username": "Terraform ALL the Worlds!",
        "icons": {
            "image_48": "https:\/\/s3-us-west-2.amazonaws.com\/slack-files2\/bot_icons\/2019-02-12\/548785199618_48.png"
        },
        "bot_id": "BG3N7LG73",
        "attachments": [
            {
                "service_name": "reddit",
                "title": "Where to start",
                "title_link": "https:\/\/www.reddit.com\/r\/Terraform\/comments\/fp9zr1\/where_to_start\/",
                "text": "2 weeks of time.. where to start to learn Terraform? Have been finished AWS solution architect and been practising. Please provide a list or blogs...",
                "fallback": "reddit: Where to start",
                "thumb_url": "https:\/\/www.redditstatic.com\/new-icon.png",
                "from_url": "https:\/\/www.reddit.com\/r\/Terraform\/comments\/fp9zr1\/where_to_start\/",
                "thumb_width": 256,
                "thumb_height": 256,
                "service_icon": "http:\/\/www.redditstatic.com\/desktop2x\/img\/favicon\/apple-icon-57x57.png",
                "id": 1,
                "original_url": "https:\/\/www.reddit.com\/r\/Terraform\/comments\/fp9zr1\/where_to_start\/"
            },
            {
                "title": "overview for bharadws",
                "title_link": "https:\/\/www.reddit.com\/user\/bharadws",
                "text": "The u\/bharadws community on Reddit. Reddit gives you the best of the internet in one place.",
                "fallback": "overview for bharadws",
                "from_url": "https:\/\/www.reddit.com\/user\/bharadws",
                "service_icon": "http:\/\/www.redditstatic.com\/desktop2x\/img\/favicon\/apple-icon-57x57.png",
                "service_name": "reddit.com",
                "id": 2,
                "original_url": "https:\/\/www.reddit.com\/user\/bharadws"
            }
        ],
        "edited": {
            "user": "BG3N7LG73",
            "ts": "1585222620.000000"
        }
    },
    {
        "type": "message",
        "subtype": "bot_message",
        "text": "<https:\/\/www.reddit.com\/r\/Terraform\/comments\/fpbvha\/ask_me_anything_on_infrastructure_as_code\/|Ask Me Anything on Infrastructure as Code, Kubernetes and Terrarform>\nHi there for those interested, we're hosting an \"Ask Me Anything\" session on Infrastructure as Code \/  Kubernetes and Terrarform with the author of \"Infrastructure as Code - Cookbook\"  :point_right: <https:\/\/cloudskiff.com\/infrastructure-as-code-ama-session%E2%80%A6|https:\/\/cloudskiff.com\/infrastructure-as-code-ama-session…> Feel free to join in :)    submitted by   <https:\/\/www.reddit.com\/user\/geraldC13| \/u\/geraldC13 > \n&lt;a...",
        "ts": "1585231031.002500",
        "username": "Terraform ALL the Worlds!",
        "icons": {
            "image_48": "https:\/\/s3-us-west-2.amazonaws.com\/slack-files2\/bot_icons\/2019-02-12\/548785199618_48.png"
        },
        "bot_id": "BG3N7LG73",
        "attachments": [
            {
                "service_name": "reddit",
                "title": "Ask Me Anything on Infrastructure as Code, Kubernetes and Terrarform",
                "title_link": "https:\/\/www.reddit.com\/r\/Terraform\/comments\/fpbvha\/ask_me_anything_on_infrastructure_as_code\/",
                "text": "Hi there for those interested, we're hosting an \"Ask Me Anything\" session on Infrastructure as Code \/ Kubernetes and Terrarform with the author...",
                "fallback": "reddit: Ask Me Anything on Infrastructure as Code, Kubernetes and Terrarform",
                "thumb_url": "https:\/\/www.redditstatic.com\/new-icon.png",
                "from_url": "https:\/\/www.reddit.com\/r\/Terraform\/comments\/fpbvha\/ask_me_anything_on_infrastructure_as_code\/",
                "thumb_width": 256,
                "thumb_height": 256,
                "service_icon": "http:\/\/www.redditstatic.com\/desktop2x\/img\/favicon\/apple-icon-57x57.png",
                "id": 1,
                "original_url": "https:\/\/www.reddit.com\/r\/Terraform\/comments\/fpbvha\/ask_me_anything_on_infrastructure_as_code\/"
            },
            {
                "title": "overview for geraldC13",
                "title_link": "https:\/\/www.reddit.com\/user\/geraldC13",
                "text": "The u\/geraldC13 community on Reddit. Reddit gives you the best of the internet in one place.",
                "fallback": "overview for geraldC13",
                "from_url": "https:\/\/www.reddit.com\/user\/geraldC13",
                "service_icon": "http:\/\/www.redditstatic.com\/desktop2x\/img\/favicon\/apple-icon-57x57.png",
                "service_name": "reddit.com",
                "id": 2,
                "original_url": "https:\/\/www.reddit.com\/user\/geraldC13"
            }
        ],
        "edited": {
            "user": "BG3N7LG73",
            "ts": "1585231031.000000"
        }
    },
    {
        "type": "message",
        "subtype": "bot_message",
        "text": "<https:\/\/www.reddit.com\/r\/Terraform\/comments\/fpntgo\/packer_environment_variable_question\/|Packer environment variable question>\nsorry, guys. I realise this is Terraform forum but I can't find Packer forum. I'm a beginner for Packer and Terraform. I build a Azure Devops pipeline and create variable Client_ID and Client_secret in the pipeline. Then in the yaml file, I use - script: | echo Hello, world! packer build Packer\/Windows5.jsonenv:MY_CLIENTID: $(client_id)MY_SECRETKEY: $(client_secret) ​ with in Windows5.json file, I include client_id and client_secret {\"variables\": {\"client_id\": \"{{ env...",
        "ts": "1585271824.002700",
        "username": "Terraform ALL the Worlds!",
        "icons": {
            "image_48": "https:\/\/s3-us-west-2.amazonaws.com\/slack-files2\/bot_icons\/2019-02-12\/548785199618_48.png"
        },
        "bot_id": "BG3N7LG73",
        "attachments": [
            {
                "service_name": "reddit",
                "title": "Packer environment variable question",
                "title_link": "https:\/\/www.reddit.com\/r\/Terraform\/comments\/fpntgo\/packer_environment_variable_question\/",
                "text": "sorry, guys. I realise this is Terraform forum but I can't find Packer forum. I'm a beginner for Packer and Terraform. I build a Azure Devops...",
                "fallback": "reddit: Packer environment variable question",
                "thumb_url": "https:\/\/www.redditstatic.com\/new-icon.png",
                "from_url": "https:\/\/www.reddit.com\/r\/Terraform\/comments\/fpntgo\/packer_environment_variable_question\/",
                "thumb_width": 256,
                "thumb_height": 256,
                "service_icon": "http:\/\/www.redditstatic.com\/desktop2x\/img\/favicon\/apple-icon-57x57.png",
                "id": 1,
                "original_url": "https:\/\/www.reddit.com\/r\/Terraform\/comments\/fpntgo\/packer_environment_variable_question\/"
            }
        ],
        "edited": {
            "user": "BG3N7LG73",
            "ts": "1585271824.000000"
        }
    },
    {
        "type": "message",
        "subtype": "bot_message",
        "text": "<https:\/\/www.reddit.com\/r\/Terraform\/comments\/fprnje\/terraform_libvirt_how_to_use_local_qcow2_file_in\/|Terraform Libvirt - How to use local qcow2 file in the hypervisor instead of cloud images?>\nIt seems like the libvirt provider only takes pre-defined cloud images. I create my own pre-allocated base qcow2 image that is local to the hypervisor and wish to use it as source file with terraform. I need the base image to get copied locally since it's at 30G and takes a while to get copied even when I stood up a separate webserver.  Is this doable?    submitted by   <https:\/\/www.reddit.com\/user\/Benderanomalous| \/u\/Benderanomalous > \n&lt;a...",
        "ts": "1585288623.002900",
        "username": "Terraform ALL the Worlds!",
        "icons": {
            "image_48": "https:\/\/s3-us-west-2.amazonaws.com\/slack-files2\/bot_icons\/2019-02-12\/548785199618_48.png"
        },
        "bot_id": "BG3N7LG73",
        "attachments": [
            {
                "service_name": "reddit",
                "title": "Terraform Libvirt - How to use local qcow2 file in the hypervisor instead of cloud images?",
                "title_link": "https:\/\/www.reddit.com\/r\/Terraform\/comments\/fprnje\/terraform_libvirt_how_to_use_local_qcow2_file_in\/",
                "text": "It seems like the libvirt provider only takes pre-defined cloud images. I create my own pre-allocated base qcow2 image that is local to the...",
                "fallback": "reddit: Terraform Libvirt - How to use local qcow2 file in the hypervisor instead of cloud images?",
                "thumb_url": "https:\/\/www.redditstatic.com\/new-icon.png",
                "from_url": "https:\/\/www.reddit.com\/r\/Terraform\/comments\/fprnje\/terraform_libvirt_how_to_use_local_qcow2_file_in\/",
                "thumb_width": 256,
                "thumb_height": 256,
                "service_icon": "http:\/\/www.redditstatic.com\/desktop2x\/img\/favicon\/apple-icon-57x57.png",
                "id": 1,
                "original_url": "https:\/\/www.reddit.com\/r\/Terraform\/comments\/fprnje\/terraform_libvirt_how_to_use_local_qcow2_file_in\/"
            },
            {
                "title": "overview for Benderanomalous",
                "title_link": "https:\/\/www.reddit.com\/user\/Benderanomalous",
                "text": "The u\/Benderanomalous community on Reddit. Reddit gives you the best of the internet in one place.",
                "fallback": "overview for Benderanomalous",
                "from_url": "https:\/\/www.reddit.com\/user\/Benderanomalous",
                "service_icon": "http:\/\/www.redditstatic.com\/desktop2x\/img\/favicon\/apple-icon-57x57.png",
                "service_name": "reddit.com",
                "id": 2,
                "original_url": "https:\/\/www.reddit.com\/user\/Benderanomalous"
            }
        ],
        "edited": {
            "user": "BG3N7LG73",
            "ts": "1585288623.000000"
        }
    }
]