[
    {
        "type": "message",
        "subtype": "bot_message",
        "text": "<https:\/\/qiita.com\/santaroze1616\/items\/a9c489480fe502a55206|Terraformを使用してherokuにデプロイした際の備忘録>\nこの記事ではTerraform初心者の私が、herokuにデプロイし際の備忘録を記載してます。\n\n＜作成環境＞\n■PC:MacBook (13-inch, Aluminum, Late 2008)\n■macOS:10.11.6\n:black_medium_square:Terrafom:v0.12.20\n:black_medium_square:herokuk:v2.2.2\n\n\n<https:\/\/blog.sshn.me\/posts\/using-terraform-to-build-heroku-app\/|https:\/\/blog.sshn.me\/posts\/using-terraform-to-build-heroku-app\/>\n\nこの記事は、基本的に、上記ページを参照しておりますが、上記私の作成環境でデプロイする際に修正した点を記載しております。\n\n\n:black_medium_square:Terraformのインストール\nbrew install terraform\n:black_medium_square:herokuの登録\n&lt;a href=\"<https:\/\/jp.heroku.com\/>\"...",
        "ts": "1583061419.010200",
        "username": "Terraformタグが付けられた新着記事 - Qiita",
        "icons": {
            "image_36": "https:\/\/a.slack-edge.com\/80588\/img\/services\/rss_36.png",
            "image_48": "https:\/\/a.slack-edge.com\/80588\/img\/services\/rss_48.png",
            "image_72": "https:\/\/a.slack-edge.com\/80588\/img\/services\/rss_72.png"
        },
        "bot_id": "BG3N7LG73",
        "attachments": [
            {
                "service_name": "Qiita",
                "title": "Terraformを使用してherokuにデプロイした際の備忘録 - Qiita",
                "title_link": "https:\/\/qiita.com\/santaroze1616\/items\/a9c489480fe502a55206",
                "text": "この記事ではTerraform初心者の私が、herokuにデプロイし際の備忘録を記載してます。 ＜作成環境＞ ■PC:MacBook (13-inch, Aluminum, Late 2008) ■macOS:10.11.6 :black_medium_square:Te...",
                "fallback": "Qiita: Terraformを使用してherokuにデプロイした際の備忘録 - Qiita",
                "image_url": "https:\/\/qiita-user-contents.imgix.net\/https%3A%2F%2Fcdn.qiita.com%2Fassets%2Fpublic%2Fogp-background-1150d8b18a7c15795b701a55ae908f94.png?ixlib=rb-1.2.2&w=1200&mark=https%3A%2F%2Fqiita-user-contents.imgix.net%2F~text%3Fixlib%3Drb-1.2.2%26w%3D840%26h%3D380%26txt%3DTerraform%25E3%2582%2592%25E4%25BD%25BF%25E7%2594%25A8%25E3%2581%2597%25E3%2581%25A6heroku%25E3%2581%25AB%25E3%2583%2587%25E3%2583%2597%25E3%2583%25AD%25E3%2582%25A4%25E3%2581%2597%25E3%2581%259F%25E9%259A%259B%25E3%2581%25AE%25E5%2582%2599%25E5%25BF%2598%25E9%258C%25B2%26txt-color%3D%2523333%26txt-font%3DAvenir-Black%26txt-size%3D54%26txt-clip%3Dellipsis%26txt-align%3Dcenter%252Cmiddle%26s%3D98623b6a8004140a137fecb4406bb87e&mark-align=center%2Cmiddle&blend=https%3A%2F%2Fqiita-user-contents.imgix.net%2F~text%3Fixlib%3Drb-1.2.2%26w%3D840%26h%3D500%26txt%3D%2540santaroze1616%26txt-color%3D%2523333%26txt-font%3DAvenir-Black%26txt-size%3D45%26txt-align%3Dright%252Cbottom%26s%3Dd41e4614189093f475a79d24c615f8e1&blend-align=center%2Cmiddle&blend-mode=normal&s=08a2bc48e707fd8c30960f0fd90cc9d5",
                "from_url": "https:\/\/qiita.com\/santaroze1616\/items\/a9c489480fe502a55206",
                "image_width": 476,
                "image_height": 250,
                "image_bytes": 48740,
                "service_icon": "https:\/\/cdn.qiita.com\/assets\/favicons\/public\/apple-touch-icon-ec5ba42a24ae923f16825592efdc356f.png",
                "id": 1,
                "original_url": "https:\/\/qiita.com\/santaroze1616\/items\/a9c489480fe502a55206"
            },
            {
                "service_name": "blog.sshn.me",
                "title": "Terraformを利用してHerokuアプリをセットアップしてみる",
                "title_link": "https:\/\/blog.sshn.me\/posts\/using-terraform-to-build-heroku-app\/",
                "text": "Terraformを利用したHerokuアプリケーションのセットアップを試してみました",
                "fallback": "blog.sshn.me: Terraformを利用してHerokuアプリをセットアップしてみる",
                "thumb_url": "https:\/\/blog.sshn.me\/images\/thumbnails\/terraform.png",
                "from_url": "https:\/\/blog.sshn.me\/posts\/using-terraform-to-build-heroku-app\/",
                "thumb_width": 1464,
                "thumb_height": 570,
                "id": 2,
                "original_url": "https:\/\/blog.sshn.me\/posts\/using-terraform-to-build-heroku-app\/"
            },
            {
                "title": "クラウド・アプリケーション・プラットフォーム | Heroku",
                "title_link": "https:\/\/jp.heroku.com\/",
                "text": "Heroku は、アプリケーションの開発から実行、運用までのすべてをクラウドで完結できる PaaS（サービスとしてのプラットフォーム）です。",
                "fallback": "クラウド・アプリケーション・プラットフォーム | Heroku",
                "image_url": "https:\/\/www.herokucdn.com\/images\/og.png",
                "image_width": 476,
                "image_height": 250,
                "from_url": "https:\/\/jp.heroku.com\/",
                "image_bytes": 116648,
                "service_name": "jp.heroku.com",
                "id": 3,
                "original_url": "https:\/\/jp.heroku.com\/"
            }
        ],
        "edited": {
            "user": "BG3N7LG73",
            "ts": "1583061420.000000"
        }
    },
    {
        "type": "message",
        "subtype": "bot_message",
        "text": "<https:\/\/www.reddit.com\/r\/Terraform\/comments\/fbts88\/difference_between_different_policy_resources\/|Difference between different policy resources>\nMaybe this actually belongs in <https:\/\/www.reddit.com\/r\/aws|\/r\/aws>, if so, I apologize. Is there a good resource that can help an absolute idiot like myself to understand the difference (and use-cases) for each resource related to policies? That is, all the different aws_iam_*_policy and aws_iam_*_policy_attachment (where * can be user, role, group and \"nothing\") The background is that I'm setting up lambdas that, among other things, read from DynamoDB and are triggered on a...",
        "ts": "1583068619.010400",
        "username": "Terraform ALL the Worlds!",
        "icons": {
            "image_48": "https:\/\/s3-us-west-2.amazonaws.com\/slack-files2\/bot_icons\/2019-02-12\/548785199618_48.png"
        },
        "bot_id": "BG3N7LG73",
        "attachments": [
            {
                "service_name": "reddit",
                "title": "Difference between different policy resources",
                "title_link": "https:\/\/www.reddit.com\/r\/Terraform\/comments\/fbts88\/difference_between_different_policy_resources\/",
                "text": "Maybe this actually belongs in \/r\/aws, if so, I apologize. Is there a good resource that can help an absolute idiot like myself to understand the...",
                "fallback": "reddit: Difference between different policy resources",
                "thumb_url": "https:\/\/www.redditstatic.com\/new-icon.png",
                "from_url": "https:\/\/www.reddit.com\/r\/Terraform\/comments\/fbts88\/difference_between_different_policy_resources\/",
                "thumb_width": 256,
                "thumb_height": 256,
                "service_icon": "http:\/\/www.redditstatic.com\/desktop2x\/img\/favicon\/apple-icon-57x57.png",
                "id": 1,
                "original_url": "https:\/\/www.reddit.com\/r\/Terraform\/comments\/fbts88\/difference_between_different_policy_resources\/"
            },
            {
                "service_name": "reddit",
                "title": "Amazon Web Services (AWS): S3, EC2, SQS, RDS, DynamoDB, IAM, CloudFormation, Route 53, VPC and more • r\/aws",
                "title_link": "https:\/\/www.reddit.com\/r\/aws",
                "text": "News, articles and tools covering Amazon Web Services (AWS), including S3, EC2, SQS, RDS, DynamoDB, IAM, CloudFormation, Route 53, CloudFront,...",
                "fallback": "reddit: Amazon Web Services (AWS): S3, EC2, SQS, RDS, DynamoDB, IAM, CloudFormation, Route 53, VPC and more • r\/aws",
                "thumb_url": "https:\/\/styles.redditmedia.com\/t5_2qh84\/styles\/bannerBackgroundImage_iixmyiifzmi21.png",
                "from_url": "https:\/\/www.reddit.com\/r\/aws",
                "thumb_width": 44,
                "thumb_height": 28,
                "service_icon": "http:\/\/www.redditstatic.com\/desktop2x\/img\/favicon\/apple-icon-57x57.png",
                "id": 2,
                "original_url": "https:\/\/www.reddit.com\/r\/aws"
            }
        ],
        "edited": {
            "user": "BG3N7LG73",
            "ts": "1583068619.000000"
        }
    },
    {
        "type": "message",
        "subtype": "bot_message",
        "text": "<https:\/\/qiita.com\/fukubaka0825\/items\/2dddfeb4abae5aeb27d3|Dockerコンテナ上で、変更があるコンポーネントのdirだけterraformコマンドをうって回るmakeコマンドを整備する>\n<https:\/\/qiita.com\/#%E3%81%AF%E3%81%98%E3%82%81%E3%81%AB>はじめに\n\nこんにちわ！都内でエンジニアをやっている、これからSREをやっていきな<https:\/\/twitter.com\/fukubaka0825|nari>と申します。\n最近記事が書けてなかったんですが、3月から新しい職場ということもあって、今週は前職で作ったものの供養に５つくらい記事を書いていきたいと思います。\n\n\n<https:\/\/qiita.com\/#%E4%BD%95%E3%82%92%E4%BD%9C%E3%81%A3%E3%81%9F%E3%81%8B>何を作ったか\n\nTerraformでインフラをコード管理していて、以下の図のように細かいコンポーネントに分けて管理している場合、...",
        "ts": "1583081822.010600",
        "username": "Terraformタグが付けられた新着記事 - Qiita",
        "icons": {
            "image_36": "https:\/\/a.slack-edge.com\/80588\/img\/services\/rss_36.png",
            "image_48": "https:\/\/a.slack-edge.com\/80588\/img\/services\/rss_48.png",
            "image_72": "https:\/\/a.slack-edge.com\/80588\/img\/services\/rss_72.png"
        },
        "bot_id": "BG3N7LG73",
        "attachments": [
            {
                "service_name": "Qiita",
                "title": "Dockerコンテナ上で、変更があるコンポーネントのdirだけterraformコマンドをうって回るmakeコマンドを整備する - Qiita",
                "title_link": "https:\/\/qiita.com\/fukubaka0825\/items\/2dddfeb4abae5aeb27d3",
                "text": "## はじめに こんにちわ！都内でエンジニアをやっている、これからSREをやっていきな[nari](<https:\/\/twitter.com\/fukubaka0825>)と申します。 最近記事が書けてなかったんですが、3月から新しい職場と...",
                "fallback": "Qiita: Dockerコンテナ上で、変更があるコンポーネントのdirだけterraformコマンドをうって回るmakeコマンドを整備する - Qiita",
                "image_url": "https:\/\/qiita-user-contents.imgix.net\/https%3A%2F%2Fcdn.qiita.com%2Fassets%2Fpublic%2Fogp-background-1150d8b18a7c15795b701a55ae908f94.png?ixlib=rb-1.2.2&w=1200&mark=https%3A%2F%2Fqiita-user-contents.imgix.net%2F~text%3Fixlib%3Drb-1.2.2%26w%3D840%26h%3D380%26txt%3DDocker%25E3%2582%25B3%25E3%2583%25B3%25E3%2583%2586%25E3%2583%258A%25E4%25B8%258A%25E3%2581%25A7%25E3%2580%2581%25E5%25A4%2589%25E6%259B%25B4%25E3%2581%258C%25E3%2581%2582%25E3%2582%258B%25E3%2582%25B3%25E3%2583%25B3%25E3%2583%259D%25E3%2583%25BC%25E3%2583%258D%25E3%2583%25B3%25E3%2583%2588%25E3%2581%25AEdir%25E3%2581%25A0%25E3%2581%2591terraform%25E3%2582%25B3%25E3%2583%259E%25E3%2583%25B3%25E3%2583%2589%25E3%2582%2592%25E3%2581%2586%25E3%2581%25A3%25E3%2581%25A6%25E5%259B%259E%25E3%2582%258Bmake%25E3%2582%25B3%25E3%2583%259E%25E3%2583%25B3%25E3%2583%2589%25E3%2582%2592%25E6%2595%25B4%25E5%2582%2599%25E3%2581%2599%25E3%2582%258B%26txt-color%3D%2523333%26txt-font%3DAvenir-Black%26txt-size%3D54%26txt-clip%3Dellipsis%26txt-align%3Dcenter%252Cmiddle%26s%3Da06c8782c378ee91fccb9d74c5bc4c3e&mark-align=center%2Cmiddle&blend=https%3A%2F%2Fqiita-user-contents.imgix.net%2F~text%3Fixlib%3Drb-1.2.2%26w%3D840%26h%3D500%26txt%3D%2540fukubaka0825%26txt-color%3D%2523333%26txt-font%3DAvenir-Black%26txt-size%3D45%26txt-align%3Dright%252Cbottom%26s%3D3384cbcb39cf09de66b06e6c779d179b&blend-align=center%2Cmiddle&blend-mode=normal&s=6df9bca9bbee859238196732ed585c9e",
                "from_url": "https:\/\/qiita.com\/fukubaka0825\/items\/2dddfeb4abae5aeb27d3",
                "image_width": 476,
                "image_height": 250,
                "image_bytes": 79893,
                "service_icon": "https:\/\/cdn.qiita.com\/assets\/favicons\/public\/apple-touch-icon-ec5ba42a24ae923f16825592efdc356f.png",
                "id": 1,
                "original_url": "https:\/\/qiita.com\/fukubaka0825\/items\/2dddfeb4abae5aeb27d3"
            },
            {
                "service_name": "Qiita",
                "title": "プログラマの技術情報共有サービス - Qiita",
                "title_link": "https:\/\/qiita.com\/#%E3%81%AF%E3%81%98%E3%82%81%E3%81%AB",
                "text": "Qiitaは、プログラマのための技術情報共有サービスです。 プログラミングに関するTips、ノウハウ、メモを簡単に記録 &amp; 公開することができます。",
                "fallback": "Qiita: プログラマの技術情報共有サービス - Qiita",
                "thumb_url": "https:\/\/cdn.qiita.com\/assets\/qiita-fb-fe28c64039d925349e620ba55091e078.png",
                "from_url": "https:\/\/qiita.com\/#%E3%81%AF%E3%81%98%E3%82%81%E3%81%AB",
                "thumb_width": 1200,
                "thumb_height": 630,
                "service_icon": "https:\/\/cdn.qiita.com\/assets\/favicons\/public\/apple-touch-icon-ec5ba42a24ae923f16825592efdc356f.png",
                "id": 2,
                "original_url": "https:\/\/qiita.com\/#%E3%81%AF%E3%81%98%E3%82%81%E3%81%AB"
            },
            {
                "title": "Takashi Narikawa (@fukubaka0825) | Twitter",
                "title_link": "https:\/\/twitter.com\/fukubaka0825",
                "text": "The latest Tweets from Takashi Narikawa (@fukubaka0825). Site Reliability Engineer at @eureka_inc, in Tokyo Gopher\/#srenext #srelounge member\/Security\/#terraform contributor\/English:@fukubaka_en. Tokyo-to, Japan",
                "fallback": "Takashi Narikawa (@fukubaka0825) | Twitter",
                "from_url": "https:\/\/twitter.com\/fukubaka0825",
                "service_icon": "https:\/\/abs.twimg.com\/icons\/apple-touch-icon-192x192.png",
                "service_name": "twitter.com",
                "id": 3,
                "original_url": "https:\/\/twitter.com\/fukubaka0825"
            },
            {
                "service_name": "Qiita",
                "title": "プログラマの技術情報共有サービス - Qiita",
                "title_link": "https:\/\/qiita.com\/#%E4%BD%95%E3%82%92%E4%BD%9C%E3%81%A3%E3%81%9F%E3%81%8B",
                "text": "Qiitaは、プログラマのための技術情報共有サービスです。 プログラミングに関するTips、ノウハウ、メモを簡単に記録 &amp; 公開することができます。",
                "fallback": "Qiita: プログラマの技術情報共有サービス - Qiita",
                "thumb_url": "https:\/\/cdn.qiita.com\/assets\/qiita-fb-fe28c64039d925349e620ba55091e078.png",
                "from_url": "https:\/\/qiita.com\/#%E4%BD%95%E3%82%92%E4%BD%9C%E3%81%A3%E3%81%9F%E3%81%8B",
                "thumb_width": 1200,
                "thumb_height": 630,
                "service_icon": "https:\/\/cdn.qiita.com\/assets\/favicons\/public\/apple-touch-icon-ec5ba42a24ae923f16825592efdc356f.png",
                "id": 4,
                "original_url": "https:\/\/qiita.com\/#%E4%BD%95%E3%82%92%E4%BD%9C%E3%81%A3%E3%81%9F%E3%81%8B"
            }
        ],
        "edited": {
            "user": "BG3N7LG73",
            "ts": "1583081822.000000"
        }
    }
]