[
    {
        "type": "message",
        "subtype": "bot_message",
        "text": "<https:\/\/www.reddit.com\/r\/Terraform\/comments\/fnhw55\/ecs_scheduled_tasks\/|ECS Scheduled tasks>\nHi, I’m trying to create a module for ECS to use scheduled tasks. I can get an ecs cluster, service and task definition created but running into an issue when including the cloudwacth_events module. Error: Invalid value for module argument <http:\/\/main.tf|main.tf> line 89, in module \"events\": ecs_target = [ { task_count = 1 task_definition_arn = module.ecs.ecs_task_arn } ] The given value is not suitable for child module variable \"ecs_target\" defined at...",
        "ts": "1584961020.037600",
        "username": "Terraform ALL the Worlds!",
        "icons": {
            "image_48": "https:\/\/s3-us-west-2.amazonaws.com\/slack-files2\/bot_icons\/2019-02-12\/548785199618_48.png"
        },
        "bot_id": "BG3N7LG73",
        "attachments": [
            {
                "service_name": "reddit",
                "title": "ECS Scheduled tasks",
                "title_link": "https:\/\/www.reddit.com\/r\/Terraform\/comments\/fnhw55\/ecs_scheduled_tasks\/",
                "text": "Hi, I’m trying to create a module for ECS to use scheduled tasks. I can get an ecs cluster, service and task definition created but running into...",
                "fallback": "reddit: ECS Scheduled tasks",
                "thumb_url": "https:\/\/www.redditstatic.com\/new-icon.png",
                "from_url": "https:\/\/www.reddit.com\/r\/Terraform\/comments\/fnhw55\/ecs_scheduled_tasks\/",
                "thumb_width": 256,
                "thumb_height": 256,
                "service_icon": "http:\/\/www.redditstatic.com\/desktop2x\/img\/favicon\/apple-icon-57x57.png",
                "id": 1,
                "original_url": "https:\/\/www.reddit.com\/r\/Terraform\/comments\/fnhw55\/ecs_scheduled_tasks\/"
            }
        ],
        "edited": {
            "user": "BG3N7LG73",
            "ts": "1584961020.000000"
        }
    },
    {
        "type": "message",
        "subtype": "bot_message",
        "text": "<https:\/\/www.reddit.com\/r\/Terraform\/comments\/fnihdw\/how_to_for_each_with_list_ob_objects\/|how to for_each with list ob objects?>\nresource \"aws_route53_zone\" \"aws_zone\" { for_each = toset(var.vpcs) provider = aws.eu-west-1 name = \"${var.account}.${each.value.region}.${local.aws_zone_suffix}\" } variable \"vpcs\" { type = list(object({ region = string, cidr = string, subnet_mask = number, azs = list(string) })) default = [] description = \"The VPCS that will be created\" }  .tfvars vpcs = [ { region = \"eu-west-1\" cidr = \"10.52.0.0\/16\" subnet_mask = 22 azs = [\"eu-west-1a\", \"eu-west-1b\", \"eu-west-1c\"] }, { region = \"us-east-1\"...",
        "ts": "1584963428.037800",
        "username": "Terraform ALL the Worlds!",
        "icons": {
            "image_48": "https:\/\/s3-us-west-2.amazonaws.com\/slack-files2\/bot_icons\/2019-02-12\/548785199618_48.png"
        },
        "bot_id": "BG3N7LG73",
        "attachments": [
            {
                "service_name": "reddit",
                "title": "how to for_each with list ob objects?",
                "title_link": "https:\/\/www.reddit.com\/r\/Terraform\/comments\/fnihdw\/how_to_for_each_with_list_ob_objects\/",
                "text": "resource \"aws_route53_zone\" \"aws_zone\" { for_each = toset(var.vpcs) provider = aws.eu-west-1 name =...",
                "fallback": "reddit: how to for_each with list ob objects?",
                "thumb_url": "https:\/\/www.redditstatic.com\/new-icon.png",
                "from_url": "https:\/\/www.reddit.com\/r\/Terraform\/comments\/fnihdw\/how_to_for_each_with_list_ob_objects\/",
                "thumb_width": 256,
                "thumb_height": 256,
                "service_icon": "http:\/\/www.redditstatic.com\/desktop2x\/img\/favicon\/apple-icon-57x57.png",
                "id": 1,
                "original_url": "https:\/\/www.reddit.com\/r\/Terraform\/comments\/fnihdw\/how_to_for_each_with_list_ob_objects\/"
            }
        ],
        "edited": {
            "user": "BG3N7LG73",
            "ts": "1584963428.000000"
        }
    },
    {
        "type": "message",
        "subtype": "bot_message",
        "text": "<https:\/\/qiita.com\/nii_yan\/items\/806bd22f87d6fb23d149|GCP Access Context Managerの設定をterraform importする方法>\nAccess Context Managerの設定をimportしようとして意外とハマったのでメモ\n\nterraform importするにはサービスアカウントが必要なので、何かしらのプロジェクトでサービスアカウントを作成\n\nサービスアカウントにAccessContextManagerのimport出来る権限をつけるが\n　プロジェクト設定のIAMで権限をつける\n　組織設定のIAMで権限をつける\n\nサービスアカウントを作ったプロジェクトを選んだままIAM画面でサービスアカウントに権限を付けてもimportが出来ない\n\n以下のようなエラーが出る\n\nError: Error reading AccessContextManagerAccessLevel \"accessPolicies\/1234\/accessLevels\/hogehoge\": goog\nleapi: Error 403: The caller does not have permission\n\n\n&lt;a...",
        "ts": "1584971220.038000",
        "username": "Terraformタグが付けられた新着記事 - Qiita",
        "icons": {
            "image_36": "https:\/\/a.slack-edge.com\/80588\/img\/services\/rss_36.png",
            "image_48": "https:\/\/a.slack-edge.com\/80588\/img\/services\/rss_48.png",
            "image_72": "https:\/\/a.slack-edge.com\/80588\/img\/services\/rss_72.png"
        },
        "bot_id": "BG3N7LG73",
        "attachments": [
            {
                "service_name": "Qiita",
                "title": "GCP Access Context Managerの設定をterraform importする方法 - Qiita",
                "title_link": "https:\/\/qiita.com\/nii_yan\/items\/806bd22f87d6fb23d149",
                "text": "Access Context Managerの設定をimportしようとして意外とハマったのでメモ terraform importするにはサービスアカウントが必要なので、何かしらのプロジェクトでサービスアカウントを作成 サービス...",
                "fallback": "Qiita: GCP Access Context Managerの設定をterraform importする方法 - Qiita",
                "image_url": "https:\/\/qiita-user-contents.imgix.net\/https%3A%2F%2Fcdn.qiita.com%2Fassets%2Fpublic%2Farticle-ogp-background-1150d8b18a7c15795b701a55ae908f94.png?ixlib=rb-1.2.2&w=1200&mark=https%3A%2F%2Fqiita-user-contents.imgix.net%2F~text%3Fixlib%3Drb-1.2.2%26w%3D840%26h%3D380%26txt%3DGCP%2520Access%2520Context%2520Manager%25E3%2581%25AE%25E8%25A8%25AD%25E5%25AE%259A%25E3%2582%2592terraform%2520import%25E3%2581%2599%25E3%2582%258B%25E6%2596%25B9%25E6%25B3%2595%26txt-color%3D%2523333%26txt-font%3DAvenir-Black%26txt-size%3D54%26txt-clip%3Dellipsis%26txt-align%3Dcenter%252Cmiddle%26s%3D763a6b0f63245528e80ab21d88d2ade7&mark-align=center%2Cmiddle&blend=https%3A%2F%2Fqiita-user-contents.imgix.net%2F~text%3Fixlib%3Drb-1.2.2%26w%3D840%26h%3D500%26txt%3D%2540nii_yan%26txt-color%3D%2523333%26txt-font%3DAvenir-Black%26txt-size%3D45%26txt-align%3Dright%252Cbottom%26s%3Df116ad6b1b3e5ce6c59dedb715905fc9&blend-align=center%2Cmiddle&blend-mode=normal&s=a0de719f30076a659297bc590380efac",
                "from_url": "https:\/\/qiita.com\/nii_yan\/items\/806bd22f87d6fb23d149",
                "image_width": 476,
                "image_height": 250,
                "image_bytes": 48208,
                "service_icon": "https:\/\/cdn.qiita.com\/assets\/favicons\/public\/apple-touch-icon-ec5ba42a24ae923f16825592efdc356f.png",
                "id": 1,
                "original_url": "https:\/\/qiita.com\/nii_yan\/items\/806bd22f87d6fb23d149"
            }
        ],
        "edited": {
            "user": "BG3N7LG73",
            "ts": "1584971220.000000"
        }
    },
    {
        "type": "message",
        "subtype": "bot_message",
        "text": "<https:\/\/www.reddit.com\/r\/Terraform\/comments\/fno3wq\/using_variables_in_resource_names\/|using variables in resource names>\nI am looking to have a list of names for aws ec2 instances but i dont seem to be able to figure out the syntax to loop through the names of the servers. If i create a variable thats a list of hostnames like \"dev-server-01\" \"dev-server02\" is there a way to have that loop execute outside of the resource \"aws_instance\" \"my hostname\" {} block or a way to not have terraform identify the resource as the same each time? This seems simple but i guess im missing something.    submitted by   &lt;a...",
        "ts": "1584986233.038200",
        "username": "Terraform ALL the Worlds!",
        "icons": {
            "image_48": "https:\/\/s3-us-west-2.amazonaws.com\/slack-files2\/bot_icons\/2019-02-12\/548785199618_48.png"
        },
        "bot_id": "BG3N7LG73",
        "attachments": [
            {
                "service_name": "reddit",
                "title": "using variables in resource names",
                "title_link": "https:\/\/www.reddit.com\/r\/Terraform\/comments\/fno3wq\/using_variables_in_resource_names\/",
                "text": "I am looking to have a list of names for aws ec2 instances but i dont seem to be able to figure out the syntax to loop through the names of the...",
                "fallback": "reddit: using variables in resource names",
                "thumb_url": "https:\/\/www.redditstatic.com\/new-icon.png",
                "from_url": "https:\/\/www.reddit.com\/r\/Terraform\/comments\/fno3wq\/using_variables_in_resource_names\/",
                "thumb_width": 256,
                "thumb_height": 256,
                "service_icon": "http:\/\/www.redditstatic.com\/desktop2x\/img\/favicon\/apple-icon-57x57.png",
                "id": 1,
                "original_url": "https:\/\/www.reddit.com\/r\/Terraform\/comments\/fno3wq\/using_variables_in_resource_names\/"
            }
        ],
        "edited": {
            "user": "BG3N7LG73",
            "ts": "1584986233.000000"
        }
    },
    {
        "type": "message",
        "subtype": "bot_message",
        "text": "<https:\/\/www.reddit.com\/r\/Terraform\/comments\/fnq3kp\/is_it_possible_to_modify_resource_created_by_a\/|Is it possible to modify resource created by a module?>\nHi community! I'm using a module for setting up some resources but there's a configuration on one of those resources I'd like to change. The obvious path for me would be to fork the module source and change whatever I don't like, because as far as I understand a resource can't be defined twice. Any other option I may look into? Any clue? Thanks!!    submitted by   <https:\/\/www.reddit.com\/user\/kusw3| \/u\/kusw3 > \n&lt;a...",
        "ts": "1584992234.038400",
        "username": "Terraform ALL the Worlds!",
        "icons": {
            "image_48": "https:\/\/s3-us-west-2.amazonaws.com\/slack-files2\/bot_icons\/2019-02-12\/548785199618_48.png"
        },
        "bot_id": "BG3N7LG73",
        "attachments": [
            {
                "service_name": "reddit",
                "title": "Is it possible to modify resource created by a module?",
                "title_link": "https:\/\/www.reddit.com\/r\/Terraform\/comments\/fnq3kp\/is_it_possible_to_modify_resource_created_by_a\/",
                "text": "Hi community! I'm using a module for setting up some resources but there's a configuration on one of those resources I'd like to change. The...",
                "fallback": "reddit: Is it possible to modify resource created by a module?",
                "thumb_url": "https:\/\/www.redditstatic.com\/new-icon.png",
                "from_url": "https:\/\/www.reddit.com\/r\/Terraform\/comments\/fnq3kp\/is_it_possible_to_modify_resource_created_by_a\/",
                "thumb_width": 256,
                "thumb_height": 256,
                "service_icon": "http:\/\/www.redditstatic.com\/desktop2x\/img\/favicon\/apple-icon-57x57.png",
                "id": 1,
                "original_url": "https:\/\/www.reddit.com\/r\/Terraform\/comments\/fnq3kp\/is_it_possible_to_modify_resource_created_by_a\/"
            },
            {
                "title": "overview for kusw3",
                "title_link": "https:\/\/www.reddit.com\/user\/kusw3",
                "text": "The u\/kusw3 community on Reddit. Reddit gives you the best of the internet in one place.",
                "fallback": "overview for kusw3",
                "from_url": "https:\/\/www.reddit.com\/user\/kusw3",
                "service_icon": "http:\/\/www.redditstatic.com\/desktop2x\/img\/favicon\/apple-icon-57x57.png",
                "service_name": "reddit.com",
                "id": 2,
                "original_url": "https:\/\/www.reddit.com\/user\/kusw3"
            }
        ],
        "edited": {
            "user": "BG3N7LG73",
            "ts": "1584992234.000000"
        }
    },
    {
        "type": "message",
        "subtype": "bot_message",
        "text": "<https:\/\/www.reddit.com\/r\/Terraform\/comments\/fnqcbq\/deployment_script_for_terraform_workspacesmultienv\/|Deployment Script for Terraform (Workspaces\/Multi-env)>\nMaybe someone will find this helpful #!\/bin\/bash # This script takes 2 inputs, an ENV, and a Terraform execution command (plan or apply). # It is a wrapper script to be used in conjunction with a CI component and # programmatically run the Terraform tools for managing infrastructure. # Echo commands in the shell set -x set -e # Set variables ENV=\"${1}\" EXEC=\"${2}\" ### Select Environment cd environments\/${ENV} ### Terraform terraform --version terraform init terraform workspace select \"${ENV}\"...",
        "ts": "1584992234.038500",
        "username": "Terraform ALL the Worlds!",
        "icons": {
            "image_48": "https:\/\/s3-us-west-2.amazonaws.com\/slack-files2\/bot_icons\/2019-02-12\/548785199618_48.png"
        },
        "bot_id": "BG3N7LG73",
        "attachments": [
            {
                "service_name": "reddit",
                "title": "Deployment Script for Terraform (Workspaces\/Multi-env)",
                "title_link": "https:\/\/www.reddit.com\/r\/Terraform\/comments\/fnqcbq\/deployment_script_for_terraform_workspacesmultienv\/",
                "text": "\\*Maybe someone will find this helpful\\* #!\/bin\/bash # This script takes 2 inputs, an ENV, and a Terraform execution command (plan or...",
                "fallback": "reddit: Deployment Script for Terraform (Workspaces\/Multi-env)",
                "thumb_url": "https:\/\/www.redditstatic.com\/new-icon.png",
                "from_url": "https:\/\/www.reddit.com\/r\/Terraform\/comments\/fnqcbq\/deployment_script_for_terraform_workspacesmultienv\/",
                "thumb_width": 256,
                "thumb_height": 256,
                "service_icon": "http:\/\/www.redditstatic.com\/desktop2x\/img\/favicon\/apple-icon-57x57.png",
                "id": 1,
                "original_url": "https:\/\/www.reddit.com\/r\/Terraform\/comments\/fnqcbq\/deployment_script_for_terraform_workspacesmultienv\/"
            }
        ],
        "edited": {
            "user": "BG3N7LG73",
            "ts": "1584992234.000000"
        }
    },
    {
        "type": "message",
        "subtype": "bot_message",
        "text": "<https:\/\/qiita.com\/Hikosaburou\/items\/765f62531bc63fad1d8d|TerraformのModuleを理解するための雑なメモ>\n<https:\/\/qiita.com\/#%E3%81%93%E3%82%8C%E3%81%AF%E3%81%AA%E3%82%93%E3%81%A7%E3%81%99%E3%81%8B>これはなんですか\n\nTerraform の Module を調べたときに理解しづらかったことを垂れ流しておきます。\n\n<https:\/\/qiita.com\/#%E5%AE%9F%E8%A1%8C%E3%83%87%E3%82%A3%E3%83%AC%E3%82%AF%E3%83%88%E3%83%AA%E3%81%AE-tf-%E3%81%AF%E3%83%AB%E3%83%BC%E3%83%88%E3%83%A2%E3%82%B8%E3%83%A5%E3%83%BC%E3%83%AB>実行ディレクトリの .tf はルートモジュール\n\n実は、普段 terraform plan, terraform apply を実行するときに作る .tf 一式も ルートモジュール というモジュールである。モジュールだからこそ、通常のモジュールと同様に...",
        "ts": "1585008423.038800",
        "username": "Terraformタグが付けられた新着記事 - Qiita",
        "icons": {
            "image_36": "https:\/\/a.slack-edge.com\/80588\/img\/services\/rss_36.png",
            "image_48": "https:\/\/a.slack-edge.com\/80588\/img\/services\/rss_48.png",
            "image_72": "https:\/\/a.slack-edge.com\/80588\/img\/services\/rss_72.png"
        },
        "bot_id": "BG3N7LG73",
        "attachments": [
            {
                "service_name": "Qiita",
                "title": "TerraformのModuleを理解するための雑なメモ - Qiita",
                "title_link": "https:\/\/qiita.com\/Hikosaburou\/items\/765f62531bc63fad1d8d",
                "text": "# これはなんですか - Terraform の Module を調べたときに理解しづらかったことを垂れ流しておきます。 # 実行ディレクトリの .tf はルートモジュール 実は、普段 `terraform plan`, `te...",
                "fallback": "Qiita: TerraformのModuleを理解するための雑なメモ - Qiita",
                "image_url": "https:\/\/qiita-user-contents.imgix.net\/https%3A%2F%2Fcdn.qiita.com%2Fassets%2Fpublic%2Farticle-ogp-background-1150d8b18a7c15795b701a55ae908f94.png?ixlib=rb-1.2.2&w=1200&mark=https%3A%2F%2Fqiita-user-contents.imgix.net%2F~text%3Fixlib%3Drb-1.2.2%26w%3D840%26h%3D380%26txt%3DTerraform%25E3%2581%25AEModule%25E3%2582%2592%25E7%2590%2586%25E8%25A7%25A3%25E3%2581%2599%25E3%2582%258B%25E3%2581%259F%25E3%2582%2581%25E3%2581%25AE%25E9%259B%2591%25E3%2581%25AA%25E3%2583%25A1%25E3%2583%25A2%26txt-color%3D%2523333%26txt-font%3DAvenir-Black%26txt-size%3D54%26txt-clip%3Dellipsis%26txt-align%3Dcenter%252Cmiddle%26s%3Dcd82b912afca7948dc982f78d4f9b6fd&mark-align=center%2Cmiddle&blend=https%3A%2F%2Fqiita-user-contents.imgix.net%2F~text%3Fixlib%3Drb-1.2.2%26w%3D840%26h%3D500%26txt%3D%2540Hikosaburou%26txt-color%3D%2523333%26txt-font%3DAvenir-Black%26txt-size%3D45%26txt-align%3Dright%252Cbottom%26s%3De65774c1461969f2aa0948991e9e250f&blend-align=center%2Cmiddle&blend-mode=normal&s=5ee2ddd22dd21b5702bef99cdbceebae",
                "from_url": "https:\/\/qiita.com\/Hikosaburou\/items\/765f62531bc63fad1d8d",
                "image_width": 476,
                "image_height": 250,
                "image_bytes": 46931,
                "service_icon": "https:\/\/cdn.qiita.com\/assets\/favicons\/public\/apple-touch-icon-ec5ba42a24ae923f16825592efdc356f.png",
                "id": 1,
                "original_url": "https:\/\/qiita.com\/Hikosaburou\/items\/765f62531bc63fad1d8d"
            },
            {
                "service_name": "Qiita",
                "title": "プログラマの技術情報共有サービス - Qiita",
                "title_link": "https:\/\/qiita.com\/#%E3%81%93%E3%82%8C%E3%81%AF%E3%81%AA%E3%82%93%E3%81%A7%E3%81%99%E3%81%8B",
                "text": "Qiitaは、プログラマのための技術情報共有サービスです。 プログラミングに関するTips、ノウハウ、メモを簡単に記録 &amp; 公開することができます。",
                "fallback": "Qiita: プログラマの技術情報共有サービス - Qiita",
                "thumb_url": "https:\/\/cdn.qiita.com\/assets\/qiita-fb-fe28c64039d925349e620ba55091e078.png",
                "from_url": "https:\/\/qiita.com\/#%E3%81%93%E3%82%8C%E3%81%AF%E3%81%AA%E3%82%93%E3%81%A7%E3%81%99%E3%81%8B",
                "thumb_width": 1200,
                "thumb_height": 630,
                "service_icon": "https:\/\/cdn.qiita.com\/assets\/favicons\/public\/apple-touch-icon-ec5ba42a24ae923f16825592efdc356f.png",
                "id": 2,
                "original_url": "https:\/\/qiita.com\/#%E3%81%93%E3%82%8C%E3%81%AF%E3%81%AA%E3%82%93%E3%81%A7%E3%81%99%E3%81%8B"
            },
            {
                "service_name": "Qiita",
                "title": "プログラマの技術情報共有サービス - Qiita",
                "title_link": "https:\/\/qiita.com\/#%E5%AE%9F%E8%A1%8C%E3%83%87%E3%82%A3%E3%83%AC%E3%82%AF%E3%83%88%E3%83%AA%E3%81%AE-tf-%E3%81%AF%E3%83%AB%E3%83%BC%E3%83%88%E3%83%A2%E3%82%B8%E3%83%A5%E3%83%BC%E3%83%AB",
                "text": "Qiitaは、プログラマのための技術情報共有サービスです。 プログラミングに関するTips、ノウハウ、メモを簡単に記録 &amp; 公開することができます。",
                "fallback": "Qiita: プログラマの技術情報共有サービス - Qiita",
                "thumb_url": "https:\/\/cdn.qiita.com\/assets\/qiita-fb-fe28c64039d925349e620ba55091e078.png",
                "from_url": "https:\/\/qiita.com\/#%E5%AE%9F%E8%A1%8C%E3%83%87%E3%82%A3%E3%83%AC%E3%82%AF%E3%83%88%E3%83%AA%E3%81%AE-tf-%E3%81%AF%E3%83%AB%E3%83%BC%E3%83%88%E3%83%A2%E3%82%B8%E3%83%A5%E3%83%BC%E3%83%AB",
                "thumb_width": 1200,
                "thumb_height": 630,
                "service_icon": "https:\/\/cdn.qiita.com\/assets\/favicons\/public\/apple-touch-icon-ec5ba42a24ae923f16825592efdc356f.png",
                "id": 3,
                "original_url": "https:\/\/qiita.com\/#%E5%AE%9F%E8%A1%8C%E3%83%87%E3%82%A3%E3%83%AC%E3%82%AF%E3%83%88%E3%83%AA%E3%81%AE-tf-%E3%81%AF%E3%83%AB%E3%83%BC%E3%83%88%E3%83%A2%E3%82%B8%E3%83%A5%E3%83%BC%E3%83%AB"
            }
        ],
        "edited": {
            "user": "BG3N7LG73",
            "ts": "1585008424.000000"
        }
    },
    {
        "type": "message",
        "subtype": "bot_message",
        "text": "<https:\/\/www.reddit.com\/r\/Terraform\/comments\/fnwklk\/terraform_cloud_module_registry_not_picking_up\/|Terraform cloud module registry not picking up GitHub tags>\nHey all,  I have a weird problem with Terraform Cloud module registry when I publish a module from a private GitHub repo with releases\/tags set it picks up everything fine however, if i add new releases\/or tags to the repo Terraform Cloud will occasionally not pick up the changes and sit on an old version. To fix it I need to delete the module, remove the releases\/tags from the GitHub repo and create a new release\/tag. Has anyone else had a similar issue? I really hope I am not overlooking...",
        "ts": "1585015027.039000",
        "username": "Terraform ALL the Worlds!",
        "icons": {
            "image_48": "https:\/\/s3-us-west-2.amazonaws.com\/slack-files2\/bot_icons\/2019-02-12\/548785199618_48.png"
        },
        "bot_id": "BG3N7LG73",
        "attachments": [
            {
                "service_name": "reddit",
                "title": "Terraform cloud module registry not picking up GitHub tags",
                "title_link": "https:\/\/www.reddit.com\/r\/Terraform\/comments\/fnwklk\/terraform_cloud_module_registry_not_picking_up\/",
                "text": "Hey all, I have a weird problem with Terraform Cloud module registry when I publish a module from a private GitHub repo with releases\/tags set...",
                "fallback": "reddit: Terraform cloud module registry not picking up GitHub tags",
                "thumb_url": "https:\/\/www.redditstatic.com\/new-icon.png",
                "from_url": "https:\/\/www.reddit.com\/r\/Terraform\/comments\/fnwklk\/terraform_cloud_module_registry_not_picking_up\/",
                "thumb_width": 256,
                "thumb_height": 256,
                "service_icon": "http:\/\/www.redditstatic.com\/desktop2x\/img\/favicon\/apple-icon-57x57.png",
                "id": 1,
                "original_url": "https:\/\/www.reddit.com\/r\/Terraform\/comments\/fnwklk\/terraform_cloud_module_registry_not_picking_up\/"
            }
        ],
        "edited": {
            "user": "BG3N7LG73",
            "ts": "1585015027.000000"
        }
    }
]