[
    {
        "type": "message",
        "subtype": "bot_message",
        "text": "<https:\/\/www.reddit.com\/r\/Terraform\/comments\/fonumr\/how_to_deal_with_module_versioning_for\/|How to deal with module versioning for dev\/stage\/prod environments?>\nI have a monorepo for AWS Terraform code. I have a modules folder where I store modules that are shared between all environments( dev\/stage\/prod). However, our software has a long release cycles. When I apply dev terraform, it might be that only one month later these changes will be applied to prod. I'm interested in what should I do to fix the problem that after I apply dev terraform the module changes. However I'd like to use previous module version in staging. The only solution I can think...",
        "ts": "1585131423.000300",
        "username": "Terraform ALL the Worlds!",
        "icons": {
            "image_48": "https:\/\/s3-us-west-2.amazonaws.com\/slack-files2\/bot_icons\/2019-02-12\/548785199618_48.png"
        },
        "bot_id": "BG3N7LG73",
        "attachments": [
            {
                "service_name": "reddit",
                "title": "How to deal with module versioning for dev\/stage\/prod environments?",
                "title_link": "https:\/\/www.reddit.com\/r\/Terraform\/comments\/fonumr\/how_to_deal_with_module_versioning_for\/",
                "text": "I have a monorepo for AWS Terraform code. I have a modules folder where I store modules that are shared between all environments( dev\/stage\/prod)....",
                "fallback": "reddit: How to deal with module versioning for dev\/stage\/prod environments?",
                "thumb_url": "https:\/\/www.redditstatic.com\/new-icon.png",
                "from_url": "https:\/\/www.reddit.com\/r\/Terraform\/comments\/fonumr\/how_to_deal_with_module_versioning_for\/",
                "thumb_width": 256,
                "thumb_height": 256,
                "service_icon": "http:\/\/www.redditstatic.com\/desktop2x\/img\/favicon\/apple-icon-57x57.png",
                "id": 1,
                "original_url": "https:\/\/www.reddit.com\/r\/Terraform\/comments\/fonumr\/how_to_deal_with_module_versioning_for\/"
            }
        ],
        "edited": {
            "user": "BG3N7LG73",
            "ts": "1585131423.000000"
        }
    },
    {
        "type": "message",
        "subtype": "bot_message",
        "text": "<https:\/\/www.reddit.com\/r\/Terraform\/comments\/foopu2\/conditional_default_action_in_aws_lb_listener\/|Conditional default_action in aws_lb_listener?>\nI have an ALB where I'd like to have an authenticate-oidc default action before directing traffic to the target group, but in my test environment only. I would usually use something like count = var.environment == \"test\" ? 1 : 0 but that is not supported in default_action blocks. Do I have to duplicate the entire listener? resource \"aws_lb_listener\" \"https\" { load_balancer_arn = aws_lb.alb.arn port = 443 protocol = \"HTTPS\" certificate_arn = ... # Apply this only in preproduction environment...",
        "ts": "1585136224.000500",
        "username": "Terraform ALL the Worlds!",
        "icons": {
            "image_48": "https:\/\/s3-us-west-2.amazonaws.com\/slack-files2\/bot_icons\/2019-02-12\/548785199618_48.png"
        },
        "bot_id": "BG3N7LG73",
        "attachments": [
            {
                "service_name": "reddit",
                "title": "Conditional default_action in aws_lb_listener?",
                "title_link": "https:\/\/www.reddit.com\/r\/Terraform\/comments\/foopu2\/conditional_default_action_in_aws_lb_listener\/",
                "text": "I have an ALB where I'd like to have an `authenticate-oidc` default action before directing traffic to the target group, but in my test...",
                "fallback": "reddit: Conditional default_action in aws_lb_listener?",
                "thumb_url": "https:\/\/www.redditstatic.com\/new-icon.png",
                "from_url": "https:\/\/www.reddit.com\/r\/Terraform\/comments\/foopu2\/conditional_default_action_in_aws_lb_listener\/",
                "thumb_width": 256,
                "thumb_height": 256,
                "service_icon": "http:\/\/www.redditstatic.com\/desktop2x\/img\/favicon\/apple-icon-57x57.png",
                "id": 1,
                "original_url": "https:\/\/www.reddit.com\/r\/Terraform\/comments\/foopu2\/conditional_default_action_in_aws_lb_listener\/"
            }
        ],
        "edited": {
            "user": "BG3N7LG73",
            "ts": "1585136224.000000"
        }
    },
    {
        "type": "message",
        "subtype": "bot_message",
        "text": "<https:\/\/www.reddit.com\/r\/Terraform\/comments\/fos8e8\/how_do_i_call_my_tfvars_variable_into_my\/|How do I call my tfvars variable into my variables.tf with this file structure?>\n├── <http:\/\/main.tf|main.tf> ├── makefile ├── terraform.tfvars ├── modules │ └── openshift │ ├── <http:\/\/variables.tf|variables.tf>  My <https:\/\/main.tf\/|main.tf> calls <https:\/\/00-variables.tf\/|variables.tf> and I'm trying to pass my variable assignment from terraform.tfvars to my <https:\/\/variables.tf\/|variables.tf> .  I'm encountering this error  on <http:\/\/main.tf|main.tf> line 17, in module \"openshift\": 17: module \"openshift\" { The argument \"MY_REGION\" is required, but no definition was found.  This is...",
        "ts": "1585150628.000700",
        "username": "Terraform ALL the Worlds!",
        "icons": {
            "image_48": "https:\/\/s3-us-west-2.amazonaws.com\/slack-files2\/bot_icons\/2019-02-12\/548785199618_48.png"
        },
        "bot_id": "BG3N7LG73",
        "attachments": [
            {
                "service_name": "reddit",
                "title": "How do I call my tfvars variable into my variables.tf with this file structure?",
                "title_link": "https:\/\/www.reddit.com\/r\/Terraform\/comments\/fos8e8\/how_do_i_call_my_tfvars_variable_into_my\/",
                "text": "├── <http:\/\/main.tf|main.tf> ├── makefile ├── terraform.tfvars ├── modules │ └── openshift │ ├──...",
                "fallback": "reddit: How do I call my tfvars variable into my variables.tf with this file structure?",
                "thumb_url": "https:\/\/www.redditstatic.com\/new-icon.png",
                "from_url": "https:\/\/www.reddit.com\/r\/Terraform\/comments\/fos8e8\/how_do_i_call_my_tfvars_variable_into_my\/",
                "thumb_width": 256,
                "thumb_height": 256,
                "service_icon": "http:\/\/www.redditstatic.com\/desktop2x\/img\/favicon\/apple-icon-57x57.png",
                "id": 1,
                "original_url": "https:\/\/www.reddit.com\/r\/Terraform\/comments\/fos8e8\/how_do_i_call_my_tfvars_variable_into_my\/"
            }
        ],
        "edited": {
            "user": "BG3N7LG73",
            "ts": "1585150629.000000"
        }
    },
    {
        "type": "message",
        "subtype": "bot_message",
        "text": "<https:\/\/www.reddit.com\/r\/Terraform\/comments\/fou3ix\/terraform_best_practices_existing_key_pair_vs\/|Terraform Best Practices: Existing Key Pair Vs Generating a New One each Build Why or Why not?>\nRight now in our existing infrastructure we use existing keypairs...because users have access to them. But what is the best way to handle this? My theory is its to create a new keypair each time because its the safest way to do it from a security perspective. The only thing now is how do we allow the user to get access it if need be. Apologies for the noob questions weve only been using Terraform for a month.    submitted by   &lt;a href=\"https:\/\/www.reddit.com\/user\/kalavala93\"&gt; \/u\/kalavala93...",
        "ts": "1585156629.000900",
        "username": "Terraform ALL the Worlds!",
        "icons": {
            "image_48": "https:\/\/s3-us-west-2.amazonaws.com\/slack-files2\/bot_icons\/2019-02-12\/548785199618_48.png"
        },
        "bot_id": "BG3N7LG73",
        "attachments": [
            {
                "service_name": "reddit",
                "title": "Terraform Best Practices: Existing Key Pair Vs Generating a New One each Build Why or Why not?",
                "title_link": "https:\/\/www.reddit.com\/r\/Terraform\/comments\/fou3ix\/terraform_best_practices_existing_key_pair_vs\/",
                "text": "Right now in our existing infrastructure we use existing keypairs...because users have access to them. But what is the best way to handle this? My...",
                "fallback": "reddit: Terraform Best Practices: Existing Key Pair Vs Generating a New One each Build Why or Why not?",
                "thumb_url": "https:\/\/www.redditstatic.com\/new-icon.png",
                "from_url": "https:\/\/www.reddit.com\/r\/Terraform\/comments\/fou3ix\/terraform_best_practices_existing_key_pair_vs\/",
                "thumb_width": 256,
                "thumb_height": 256,
                "service_icon": "http:\/\/www.redditstatic.com\/desktop2x\/img\/favicon\/apple-icon-57x57.png",
                "id": 1,
                "original_url": "https:\/\/www.reddit.com\/r\/Terraform\/comments\/fou3ix\/terraform_best_practices_existing_key_pair_vs\/"
            }
        ],
        "edited": {
            "user": "BG3N7LG73",
            "ts": "1585156629.000000"
        }
    },
    {
        "type": "message",
        "subtype": "bot_message",
        "text": "<https:\/\/www.reddit.com\/r\/Terraform\/comments\/fouflm\/terragrunt_add_backend_in_modules\/|[terragrunt] Add backend in modules ?>\nHey there, We've recently begun to switch from a monolith terraform script to terragrunt with multiple modules, and I wonder how the backend should be implemented ?  The modules are meant to be reused by other projects, so forcing the backend in them seems wrong, even with partial configuration (some modules will be used on projects on Azure and AWS, with different backends types.). An alternative i've thought of is to make a terraform script which calls the module and implement the backend,...",
        "ts": "1585157832.001100",
        "username": "Terraform ALL the Worlds!",
        "icons": {
            "image_48": "https:\/\/s3-us-west-2.amazonaws.com\/slack-files2\/bot_icons\/2019-02-12\/548785199618_48.png"
        },
        "bot_id": "BG3N7LG73",
        "attachments": [
            {
                "service_name": "reddit",
                "title": "[terragrunt] Add backend in modules ?",
                "title_link": "https:\/\/www.reddit.com\/r\/Terraform\/comments\/fouflm\/terragrunt_add_backend_in_modules\/",
                "text": "Hey there, We've recently begun to switch from a monolith terraform script to terragrunt with multiple modules, and I wonder how the backend...",
                "fallback": "reddit: [terragrunt] Add backend in modules ?",
                "thumb_url": "https:\/\/www.redditstatic.com\/new-icon.png",
                "from_url": "https:\/\/www.reddit.com\/r\/Terraform\/comments\/fouflm\/terragrunt_add_backend_in_modules\/",
                "thumb_width": 256,
                "thumb_height": 256,
                "service_icon": "http:\/\/www.redditstatic.com\/desktop2x\/img\/favicon\/apple-icon-57x57.png",
                "id": 1,
                "original_url": "https:\/\/www.reddit.com\/r\/Terraform\/comments\/fouflm\/terragrunt_add_backend_in_modules\/"
            }
        ],
        "edited": {
            "user": "BG3N7LG73",
            "ts": "1585157832.000000"
        }
    },
    {
        "type": "message",
        "subtype": "bot_message",
        "text": "<https:\/\/www.reddit.com\/r\/Terraform\/comments\/fov4iy\/hashicorp_ambassador_call_for_nominations\/|HashiCorp Ambassador Call for Nominations>\n<https:\/\/www.hashicorp.com\/blog\/hashicorp-ambassador-call-for-nominations\/|https:\/\/www.hashicorp.com\/blog\/hashicorp-ambassador-call-for-nominations\/>    submitted by   <https:\/\/www.reddit.com\/user\/valdecircarvalho| \/u\/valdecircarvalho > \n<https:\/\/www.reddit.com\/r\/Terraform\/comments\/fov4iy\/hashicorp_ambassador_call_for_nominations\/|[link]>   <https:\/\/www.reddit.com\/r\/Terraform\/comments\/fov4iy\/hashicorp_ambassador_call_for_nominations\/|[comments]>",
        "ts": "1585160230.001300",
        "username": "Terraform ALL the Worlds!",
        "icons": {
            "image_48": "https:\/\/s3-us-west-2.amazonaws.com\/slack-files2\/bot_icons\/2019-02-12\/548785199618_48.png"
        },
        "bot_id": "BG3N7LG73",
        "attachments": [
            {
                "service_name": "reddit",
                "title": "HashiCorp Ambassador Call for Nominations",
                "title_link": "https:\/\/www.reddit.com\/r\/Terraform\/comments\/fov4iy\/hashicorp_ambassador_call_for_nominations\/",
                "text": "[<https:\/\/www.hashicorp.com\/blog\/hashicorp-ambassador-call-for-nominations\/>](<https:\/\/www.hashicorp.com\/blog\/hashicorp-ambassador-call-for-nominations\/>)",
                "fallback": "reddit: HashiCorp Ambassador Call for Nominations",
                "thumb_url": "https:\/\/www.redditstatic.com\/new-icon.png",
                "from_url": "https:\/\/www.reddit.com\/r\/Terraform\/comments\/fov4iy\/hashicorp_ambassador_call_for_nominations\/",
                "thumb_width": 256,
                "thumb_height": 256,
                "service_icon": "http:\/\/www.redditstatic.com\/desktop2x\/img\/favicon\/apple-icon-57x57.png",
                "id": 1,
                "original_url": "https:\/\/www.reddit.com\/r\/Terraform\/comments\/fov4iy\/hashicorp_ambassador_call_for_nominations\/"
            },
            {
                "service_name": "HashiCorp: Infrastructure enables innovation",
                "title": "HashiCorp Ambassador Call for Nominations",
                "title_link": "https:\/\/www.hashicorp.com\/blog\/hashicorp-ambassador-call-for-nominations\/",
                "text": "HashiCorp is seeking Ambassador nominations to recognize community members for their efforts in sharing knowledge around HashiCorp tools. Nominations open now through April 5....",
                "fallback": "HashiCorp: Infrastructure enables innovation: HashiCorp Ambassador Call for Nominations",
                "thumb_url": "https:\/\/www.datocms-assets.com\/2885\/1575073610-hashiconf-diversity-scholarship-1.png?fit=max&fm=jpg&w=1000",
                "from_url": "https:\/\/www.hashicorp.com\/blog\/hashicorp-ambassador-call-for-nominations\/",
                "thumb_width": 623,
                "thumb_height": 635,
                "service_icon": "https:\/\/www.datocms-assets.com\/2885\/1527033389-favicon.png?h=16&amp;w=16",
                "id": 2,
                "original_url": "https:\/\/www.hashicorp.com\/blog\/hashicorp-ambassador-call-for-nominations\/"
            },
            {
                "title": "overview for valdecircarvalho",
                "title_link": "https:\/\/www.reddit.com\/user\/valdecircarvalho",
                "text": "Sr. Solutions Architect | Blogger | Speaker | :heart_eyes: Community Lover #vExpert #VMUGLeader #vBrownbagBrasil #VeeamVanguard @homelaber...",
                "fallback": "overview for valdecircarvalho",
                "from_url": "https:\/\/www.reddit.com\/user\/valdecircarvalho",
                "service_icon": "http:\/\/www.redditstatic.com\/desktop2x\/img\/favicon\/apple-icon-57x57.png",
                "service_name": "reddit.com",
                "id": 3,
                "original_url": "https:\/\/www.reddit.com\/user\/valdecircarvalho"
            }
        ],
        "edited": {
            "user": "BG3N7LG73",
            "ts": "1585160231.000000"
        }
    },
    {
        "type": "message",
        "subtype": "bot_message",
        "text": "<https:\/\/www.reddit.com\/r\/Terraform\/comments\/fowd8r\/setting_a_static_ip_in_windows\/|Setting a static IP in Windows>\nHi there, I am having problems trying to set a static IP on a Windows instance. I create an additional NIC in the Terraform with an IP of 10.185.10.15  resource \"aws_network_interface\" \"win-tf\" { subnet_id = \"subnet-0a050b97ce2e81ca2\" private_ips = [\"10.185.10.15\"] security_groups = [aws_security_group.win-tf-sg.id] attachment { instance = \"${aws_instance.win-tf-instance.id}\" device_index = 1 } }  and then in Powershell I set the existing adapter to the desired IP that I want, which is...",
        "ts": "1585165025.001500",
        "username": "Terraform ALL the Worlds!",
        "icons": {
            "image_48": "https:\/\/s3-us-west-2.amazonaws.com\/slack-files2\/bot_icons\/2019-02-12\/548785199618_48.png"
        },
        "bot_id": "BG3N7LG73",
        "attachments": [
            {
                "service_name": "reddit",
                "title": "Setting a static IP in Windows",
                "title_link": "https:\/\/www.reddit.com\/r\/Terraform\/comments\/fowd8r\/setting_a_static_ip_in_windows\/",
                "text": "Hi there, I am having problems trying to set a static IP on a Windows instance. I create an additional NIC in the Terraform with an IP of...",
                "fallback": "reddit: Setting a static IP in Windows",
                "thumb_url": "https:\/\/www.redditstatic.com\/new-icon.png",
                "from_url": "https:\/\/www.reddit.com\/r\/Terraform\/comments\/fowd8r\/setting_a_static_ip_in_windows\/",
                "thumb_width": 256,
                "thumb_height": 256,
                "service_icon": "http:\/\/www.redditstatic.com\/desktop2x\/img\/favicon\/apple-icon-57x57.png",
                "id": 1,
                "original_url": "https:\/\/www.reddit.com\/r\/Terraform\/comments\/fowd8r\/setting_a_static_ip_in_windows\/"
            }
        ],
        "edited": {
            "user": "BG3N7LG73",
            "ts": "1585165026.000000"
        }
    },
    {
        "type": "message",
        "subtype": "bot_message",
        "text": "<https:\/\/www.reddit.com\/r\/Terraform\/comments\/fowj5a\/how_to_find_if_there_is_a_change_in_aws_resource\/|How to find if there is a change in AWS resource using Terraform?>\nHello to the people working from home! I have a bash script which I use to extract the ID of an instance which is going to be changed. Basically the following grep function grep -n \"module.aws_instance.xyz-instance (new resource required)\" terraform-plan.txt | grep -Eo '^[^:]+' Now this was all working fine until I updated to Terraform 12 which changes few things in Terraform plan. Now instead of getting 'module.aws_instance.xyz-instance (new resource required)', it shows the following -...",
        "ts": "1585165026.001600",
        "username": "Terraform ALL the Worlds!",
        "icons": {
            "image_48": "https:\/\/s3-us-west-2.amazonaws.com\/slack-files2\/bot_icons\/2019-02-12\/548785199618_48.png"
        },
        "bot_id": "BG3N7LG73",
        "attachments": [
            {
                "service_name": "reddit",
                "title": "How to find if there is a change in AWS resource using Terraform?",
                "title_link": "https:\/\/www.reddit.com\/r\/Terraform\/comments\/fowj5a\/how_to_find_if_there_is_a_change_in_aws_resource\/",
                "text": "Hello to the people working from home! I have a bash script which I use to extract the ID of an instance which is going to be changed. Basically...",
                "fallback": "reddit: How to find if there is a change in AWS resource using Terraform?",
                "thumb_url": "https:\/\/www.redditstatic.com\/new-icon.png",
                "from_url": "https:\/\/www.reddit.com\/r\/Terraform\/comments\/fowj5a\/how_to_find_if_there_is_a_change_in_aws_resource\/",
                "thumb_width": 256,
                "thumb_height": 256,
                "service_icon": "http:\/\/www.redditstatic.com\/desktop2x\/img\/favicon\/apple-icon-57x57.png",
                "id": 1,
                "original_url": "https:\/\/www.reddit.com\/r\/Terraform\/comments\/fowj5a\/how_to_find_if_there_is_a_change_in_aws_resource\/"
            }
        ],
        "edited": {
            "user": "BG3N7LG73",
            "ts": "1585165026.000000"
        }
    },
    {
        "type": "message",
        "subtype": "bot_message",
        "text": "<https:\/\/www.reddit.com\/r\/Terraform\/comments\/fp08f9\/how_to_test_terraform_locally\/|How to test Terraform locally?>\nAs a beginner, I want to tinker with Terraform and understand it better before I try it for something serious. My learning method is to try a tool locally, such that I could rapidly iterate by trial and error, observe the effects of my actions and form a better mental model of how this tool works. The tutorials I've seen so far rely on Google's, Amazon's or Microsoft's cloud service. Is there a way to experiment with Terraform in an offline environment, such that no external service is...",
        "ts": "1585178223.001900",
        "username": "Terraform ALL the Worlds!",
        "icons": {
            "image_48": "https:\/\/s3-us-west-2.amazonaws.com\/slack-files2\/bot_icons\/2019-02-12\/548785199618_48.png"
        },
        "bot_id": "BG3N7LG73",
        "attachments": [
            {
                "service_name": "reddit",
                "title": "How to test Terraform locally?",
                "title_link": "https:\/\/www.reddit.com\/r\/Terraform\/comments\/fp08f9\/how_to_test_terraform_locally\/",
                "text": "As a beginner, I want to tinker with Terraform and understand it better before I try it for something serious. My learning method is to try a tool...",
                "fallback": "reddit: How to test Terraform locally?",
                "thumb_url": "https:\/\/www.redditstatic.com\/new-icon.png",
                "from_url": "https:\/\/www.reddit.com\/r\/Terraform\/comments\/fp08f9\/how_to_test_terraform_locally\/",
                "thumb_width": 256,
                "thumb_height": 256,
                "service_icon": "http:\/\/www.redditstatic.com\/desktop2x\/img\/favicon\/apple-icon-57x57.png",
                "id": 1,
                "original_url": "https:\/\/www.reddit.com\/r\/Terraform\/comments\/fp08f9\/how_to_test_terraform_locally\/"
            }
        ],
        "edited": {
            "user": "BG3N7LG73",
            "ts": "1585178223.000000"
        }
    },
    {
        "type": "message",
        "subtype": "bot_message",
        "text": "<https:\/\/www.reddit.com\/r\/Terraform\/comments\/fp2pfp\/how_to_configure_a_productiongrade_cicd_workflow\/|How to configure a production-grade CI\/CD workflow for Infrastructure Code>\nsubmitted by   <https:\/\/www.reddit.com\/user\/eszanon| \/u\/eszanon > \n<https:\/\/blog.gruntwork.io\/how-to-configure-a-production-grade-ci-cd-workflow-for-infrastructure-code-15c50bea5ae7|[link]>   <https:\/\/www.reddit.com\/r\/Terraform\/comments\/fp2pfp\/how_to_configure_a_productiongrade_cicd_workflow\/|[comments]>",
        "ts": "1585186621.002100",
        "username": "Terraform ALL the Worlds!",
        "icons": {
            "image_48": "https:\/\/s3-us-west-2.amazonaws.com\/slack-files2\/bot_icons\/2019-02-12\/548785199618_48.png"
        },
        "bot_id": "BG3N7LG73",
        "attachments": [
            {
                "service_name": "reddit",
                "title": "How to configure a production-grade CI\/CD workflow for Infrastructure Code",
                "title_link": "https:\/\/www.reddit.com\/r\/Terraform\/comments\/fp2pfp\/how_to_configure_a_productiongrade_cicd_workflow\/",
                "text": "Posted in r\/Terraform by u\/eszanon • 1 point and 0 comments",
                "fallback": "reddit: How to configure a production-grade CI\/CD workflow for Infrastructure Code",
                "thumb_url": "https:\/\/b.thumbs.redditmedia.com\/r8OiVsYUdg3Hi-Ew8KuBCqLJY4URNE9PmGZ1f032DsQ.jpg",
                "from_url": "https:\/\/www.reddit.com\/r\/Terraform\/comments\/fp2pfp\/how_to_configure_a_productiongrade_cicd_workflow\/",
                "thumb_width": 140,
                "thumb_height": 78,
                "service_icon": "http:\/\/www.redditstatic.com\/desktop2x\/img\/favicon\/apple-icon-57x57.png",
                "id": 1,
                "original_url": "https:\/\/www.reddit.com\/r\/Terraform\/comments\/fp2pfp\/how_to_configure_a_productiongrade_cicd_workflow\/"
            },
            {
                "title": "overview for eszanon",
                "title_link": "https:\/\/www.reddit.com\/user\/eszanon",
                "text": "The u\/eszanon community on Reddit. Reddit gives you the best of the internet in one place.",
                "fallback": "overview for eszanon",
                "from_url": "https:\/\/www.reddit.com\/user\/eszanon",
                "service_icon": "http:\/\/www.redditstatic.com\/desktop2x\/img\/favicon\/apple-icon-57x57.png",
                "service_name": "reddit.com",
                "id": 2,
                "original_url": "https:\/\/www.reddit.com\/user\/eszanon"
            },
            {
                "service_name": "Medium",
                "title": "How to configure a production-grade CI\/CD workflow for Infrastructure Code",
                "title_link": "https:\/\/blog.gruntwork.io\/how-to-configure-a-production-grade-ci-cd-workflow-for-infrastructure-code-15c50bea5ae7",
                "text": "Learn how to set up a secure and fully automated CI \/ CD pipeline for your Terraform and Terragrunt code",
                "fallback": "Medium: How to configure a production-grade CI\/CD workflow for Infrastructure Code",
                "image_url": "https:\/\/miro.medium.com\/max\/1200\/1*1bzmKMeqyPDMi2RWrytDDA.png",
                "fields": [
                    {
                        "title": "Reading time",
                        "value": "3 min read",
                        "short": true
                    }
                ],
                "ts": 1584465369,
                "from_url": "https:\/\/blog.gruntwork.io\/how-to-configure-a-production-grade-ci-cd-workflow-for-infrastructure-code-15c50bea5ae7",
                "image_width": 444,
                "image_height": 250,
                "image_bytes": 400246,
                "service_icon": "https:\/\/cdn-images-1.medium.com\/fit\/c\/152\/152\/1*8I-HPL0bfoIzGied-dzOvA.png",
                "id": 3,
                "original_url": "https:\/\/blog.gruntwork.io\/how-to-configure-a-production-grade-ci-cd-workflow-for-infrastructure-code-15c50bea5ae7"
            }
        ],
        "edited": {
            "user": "BG3N7LG73",
            "ts": "1585186622.000000"
        }
    }
]