[
    {
        "type": "message",
        "subtype": "bot_message",
        "text": "<https:\/\/www.reddit.com\/r\/Terraform\/comments\/fs960v\/count_in_resource_name_but_not_if_count_equals\/|count in resource name | but not if count equals just 1>\nif i provision e.g. 2 vms its cool to name like: name = \"${var.vsphere_vm_name}-${count.index + 1}\" but if I only want to create one vm it would be cool if the name is just: ${var.vsphere_vm_name}.. is this possible?    submitted by   <https:\/\/www.reddit.com\/user\/pat_1988| \/u\/pat_1988 > \n<https:\/\/www.reddit.com\/r\/Terraform\/comments\/fs960v\/count_in_resource_name_but_not_if_count_equals\/|[link]>   &lt;a...",
        "ts": "1585643817.007600",
        "username": "Terraform ALL the Worlds!",
        "icons": {
            "image_48": "https:\/\/s3-us-west-2.amazonaws.com\/slack-files2\/bot_icons\/2019-02-12\/548785199618_48.png"
        },
        "bot_id": "BG3N7LG73",
        "attachments": [
            {
                "service_name": "reddit",
                "title": "count in resource name | but not if count equals just 1",
                "title_link": "https:\/\/www.reddit.com\/r\/Terraform\/comments\/fs960v\/count_in_resource_name_but_not_if_count_equals\/",
                "text": "if i provision e.g. 2 vms its cool to name like: name = \"${var.vsphere\\_vm\\_name}-${count.index + 1}\" but if I only want to create...",
                "fallback": "reddit: count in resource name | but not if count equals just 1",
                "thumb_url": "https:\/\/www.redditstatic.com\/new-icon.png",
                "from_url": "https:\/\/www.reddit.com\/r\/Terraform\/comments\/fs960v\/count_in_resource_name_but_not_if_count_equals\/",
                "thumb_width": 256,
                "thumb_height": 256,
                "service_icon": "http:\/\/www.redditstatic.com\/desktop2x\/img\/favicon\/apple-icon-57x57.png",
                "id": 1,
                "original_url": "https:\/\/www.reddit.com\/r\/Terraform\/comments\/fs960v\/count_in_resource_name_but_not_if_count_equals\/"
            },
            {
                "title": "overview for pat_1988",
                "title_link": "https:\/\/www.reddit.com\/user\/pat_1988",
                "text": "The u\/pat_1988 community on Reddit. Reddit gives you the best of the internet in one place.",
                "fallback": "overview for pat_1988",
                "from_url": "https:\/\/www.reddit.com\/user\/pat_1988",
                "service_icon": "http:\/\/www.redditstatic.com\/desktop2x\/img\/favicon\/apple-icon-57x57.png",
                "service_name": "reddit.com",
                "id": 2,
                "original_url": "https:\/\/www.reddit.com\/user\/pat_1988"
            }
        ],
        "edited": {
            "user": "BG3N7LG73",
            "ts": "1585643817.000000"
        }
    },
    {
        "type": "message",
        "subtype": "bot_message",
        "text": "<https:\/\/dev.classmethod.jp\/articles\/terraform-aws-module-security-group\/|[Terraform] セキュリティグループを検証済Moduleを使って作成してみた>\nセキュリティグループをModuleを使って構築してみます。 terraform-aws-modules\/security-group\/aws | Terraform Registry やってみた 例として80、443ポー […]",
        "ts": "1585663863.007800",
        "username": "Terraform – Developers.IO",
        "icons": {
            "image_36": "https:\/\/a.slack-edge.com\/80588\/img\/services\/rss_36.png",
            "image_48": "https:\/\/a.slack-edge.com\/80588\/img\/services\/rss_48.png",
            "image_72": "https:\/\/a.slack-edge.com\/80588\/img\/services\/rss_72.png"
        },
        "bot_id": "BG3N7LG73",
        "attachments": [
            {
                "service_name": "クラスメソッド発「やってみた」系技術メディア | Developers.IO",
                "title": "[Terraform] セキュリティグループを検証済Moduleを使って作成してみた | Developers.IO",
                "title_link": "https:\/\/dev.classmethod.jp\/articles\/terraform-aws-module-security-group\/",
                "text": "セキュリティグループを検証済Moduleを使って作成してみます。コード量が削減されいい感じです。",
                "fallback": "クラスメソッド発「やってみた」系技術メディア | Developers.IO: [Terraform] セキュリティグループを検証済Moduleを使って作成してみた | Developers.IO",
                "image_url": "https:\/\/cdn-ssl-devio-img.classmethod.jp\/wp-content\/uploads\/2019\/05\/terraform-eyecatch-960x504.png",
                "from_url": "https:\/\/dev.classmethod.jp\/articles\/terraform-aws-module-security-group\/",
                "image_width": 476,
                "image_height": 250,
                "image_bytes": 22887,
                "id": 1,
                "original_url": "https:\/\/dev.classmethod.jp\/articles\/terraform-aws-module-security-group\/"
            }
        ],
        "edited": {
            "user": "BG3N7LG73",
            "ts": "1585663866.000000"
        }
    }
]