[
    {
        "type": "message",
        "subtype": "bot_message",
        "text": "",
        "ts": "1649082372.644939",
        "bot_id": "B01D39EAGTT",
        "attachments": [
            {
                "id": 1,
                "fallback": "hashicorp\/setup-terraform on GitHub\nv1.4.0 \nrelease note: <https:\/\/newreleases.io\/github\/hashicorp\/setup-terraform?version=v1.4.0>\n\nproxy",
                "text": "`v1.4.0` \n<https:\/\/newreleases.io\/github\/hashicorp\/setup-terraform?version=v1.4.0|release note...>\n\n`proxy`",
                "title": "hashicorp\/setup-terraform on GitHub",
                "title_link": "https:\/\/newreleases.io\/github\/hashicorp\/setup-terraform",
                "mrkdwn_in": [
                    "text"
                ]
            }
        ]
    },
    {
        "type": "message",
        "subtype": "bot_message",
        "text": "",
        "ts": "1649083210.817729",
        "bot_id": "B01D39EAGTT",
        "attachments": [
            {
                "id": 1,
                "fallback": "hashicorp\/setup-terraform on GitHub\nv1 updated",
                "text": "`v1` _updated_",
                "title": "hashicorp\/setup-terraform on GitHub",
                "title_link": "https:\/\/newreleases.io\/github\/hashicorp\/setup-terraform",
                "mrkdwn_in": [
                    "text"
                ]
            }
        ]
    },
    {
        "type": "message",
        "subtype": "bot_message",
        "text": "",
        "ts": "1649103100.014229",
        "bot_id": "B01D39EAGTT",
        "attachments": [
            {
                "id": 1,
                "fallback": "hashicorp\/consul-template on GitHub\nv0.28.1v0.28.1",
                "text": "*v0.28.1* `v0.28.1`",
                "title": "hashicorp\/consul-template on GitHub",
                "title_link": "https:\/\/newreleases.io\/github\/hashicorp\/consul-template",
                "mrkdwn_in": [
                    "text"
                ]
            }
        ]
    },
    {
        "type": "message",
        "subtype": "bot_message",
        "text": "",
        "ts": "1649109685.085029",
        "bot_id": "B01D39EAGTT",
        "attachments": [
            {
                "id": 1,
                "fallback": "hashicorp\/terraform-provider-google on GitHub\nv4.16.0",
                "text": "`v4.16.0`",
                "title": "hashicorp\/terraform-provider-google on GitHub",
                "title_link": "https:\/\/newreleases.io\/github\/hashicorp\/terraform-provider-google",
                "mrkdwn_in": [
                    "text"
                ]
            }
        ]
    },
    {
        "type": "message",
        "subtype": "bot_message",
        "text": "",
        "ts": "1649110895.515769",
        "bot_id": "B01D39EAGTT",
        "attachments": [
            {
                "id": 1,
                "fallback": "hashicorp\/terraform-provider-google on GitHub\nv4.16.0 updated\nrelease note: <https:\/\/newreleases.io\/github\/hashicorp\/terraform-provider-google?version=v4.16.0>",
                "text": "`v4.16.0` _updated_\n<https:\/\/newreleases.io\/github\/hashicorp\/terraform-provider-google?version=v4.16.0|release note...>",
                "title": "hashicorp\/terraform-provider-google on GitHub",
                "title_link": "https:\/\/newreleases.io\/github\/hashicorp\/terraform-provider-google",
                "mrkdwn_in": [
                    "text"
                ]
            }
        ]
    },
    {
        "type": "message",
        "subtype": "bot_message",
        "text": "",
        "ts": "1649125829.578329",
        "bot_id": "B01D39EAGTT",
        "attachments": [
            {
                "id": 1,
                "fallback": "hashicorp\/consul on GitHub\nv1.12.0-beta1 pre-release\nrelease note: <https:\/\/newreleases.io\/github\/hashicorp\/consul?version=v1.12.0-beta1>",
                "text": "`v1.12.0-beta1` _pre-release_\n<https:\/\/newreleases.io\/github\/hashicorp\/consul?version=v1.12.0-beta1|release note...>",
                "title": "hashicorp\/consul on GitHub",
                "title_link": "https:\/\/newreleases.io\/github\/hashicorp\/consul",
                "mrkdwn_in": [
                    "text"
                ]
            }
        ]
    }
]