[
    {
        "type": "message",
        "subtype": "bot_message",
        "text": "",
        "ts": "1649348386.230399",
        "bot_id": "B01D39EAGTT",
        "attachments": [
            {
                "id": 1,
                "fallback": "hashicorp\/waypoint on GitHub\nv0.8.0 \nrelease note: <https:\/\/newreleases.io\/github\/hashicorp\/waypoint?version=v0.8.0>",
                "text": "`v0.8.0` \n<https:\/\/newreleases.io\/github\/hashicorp\/waypoint?version=v0.8.0|release note...>",
                "title": "hashicorp\/waypoint on GitHub",
                "title_link": "https:\/\/newreleases.io\/github\/hashicorp\/waypoint",
                "mrkdwn_in": [
                    "text"
                ]
            }
        ]
    },
    {
        "type": "message",
        "subtype": "bot_message",
        "text": "",
        "ts": "1649349279.068629",
        "bot_id": "B01D39EAGTT",
        "attachments": [
            {
                "id": 1,
                "fallback": "hashicorp\/terraform-provider-kubernetes on GitHub\nv2.10.0",
                "text": "`v2.10.0`",
                "title": "hashicorp\/terraform-provider-kubernetes on GitHub",
                "title_link": "https:\/\/newreleases.io\/github\/hashicorp\/terraform-provider-kubernetes",
                "mrkdwn_in": [
                    "text"
                ]
            }
        ]
    },
    {
        "type": "message",
        "subtype": "bot_message",
        "text": "",
        "ts": "1649349742.768639",
        "bot_id": "B01D39EAGTT",
        "attachments": [
            {
                "id": 1,
                "fallback": "hashicorp\/terraform-provider-kubernetes on GitHub\nv2.10.0 updated\nrelease note: <https:\/\/newreleases.io\/github\/hashicorp\/terraform-provider-kubernetes?version=v2.10.0>",
                "text": "`v2.10.0` _updated_\n```\nNEW:\n\n* Resource kubernetes_labels ( #692 ( <https:\/\/github.com\/hashicorp\/terraform-provider-kubernetes\/issues\/692> ) )\n* Resource kubernetes_annotations ( #692 ( <https:\/\/github.com\/hashicorp\/terraform-provider-kubernetes\/issues\/692> ) )\n* Resource kubernetes_config_map_v1_data ( #723 ( <https:\/\/github.com\/hashicorp\/terraform-provider-kubernetes\/issues\/723> ) )\n* Block wait with attribute rollout of kubernetes_manifest ( #1549 ( <https:\/\/github.com\/hashicorp\/terraform-provider-kubernetes\/pull\/1549> ) )\n* Data source and resource attributes app_protocol of kubernetes_service ( #1554 ( <https:\/\/github.com\/hashicorp\/terraform-provider-kubernetes\/issues\/1554> ) )\n* Attribute container_resource of resource kubernetes_horizontal_pod_autoscaler_v2beta2 ( #1637 ( <https:\/\/github.com\/hashicorp\/terraform-provider-kubernetes\/issues\/1637> ) )\n\nIMPROVEMENTS:\n\n* Deprecate wait_for attribute in favor of wait block in kubernetes_manifest ( #1549 ( <https:\/\/github.com\/hashicorp\/terraform-provider-kubernetes\/pull\/1549> ) )\n* Make attribute rule optional of kubernetes_validating_webhook_configuration(_v1) and kubernetes_mutating_webhook_configuration(_v1) ( #1618 ( <https:\/\/github.com\/hashicorp\/terraform-provider-kubernetes\/issues\/1618> ) , #1643 ( <https:\/\/github.com\/hashicorp\/terraform-provider-kubernetes\/issues\/1643> ) )\n* Update documentation and correct some errors ( #1622 ( <https:\/\/github.com\/hashicorp\/terraform-provider-kubernetes\/issues\/1622> ) , #1628 ( <https:\/\/github.com\/hashicorp\/terraform-provider-kubernetes\/pull\/1628> ) , #1657 ( <https:\/\/github.com\/hashicorp\/terraform-provider-kubernetes\/pull\/1657> ) , #1681 ( <https:\/\/github.com\/hashicorp\/terraform-provider-kubernetes\/pull\/1681> ) )\n\nBUG FIXES:\n\n* Fix crash when multiple match_expression are used in kubernetes_resource_quota ( #1561 ( <https:\/\/github.com\/hashicorp\/terraform-provider-kubernetes\/issues\/1561> ) )\n* Fix issue when in some circumstances changes of seLinuxOptions.Type doesn't reflect in the state file ( #1650 ( <https:\/\/github.com\/hashicorp\/terraform-provider-kubernetes\/pull\/1650> ) )\n* Ignore service account volumes with kube-api-access prefix ( #1663 ( <https:\/\/github.com\/hashicorp\/terraform-provider-kubernetes\/pull\/1663> ) )\n```\n<https:\/\/newreleases.io\/github\/hashicorp\/terraform-provider-kubernetes?version=v2.10.0|release note...>",
                "title": "hashicorp\/terraform-provider-kubernetes on GitHub",
                "title_link": "https:\/\/newreleases.io\/github\/hashicorp\/terraform-provider-kubernetes",
                "mrkdwn_in": [
                    "text"
                ]
            }
        ]
    },
    {
        "type": "message",
        "subtype": "bot_message",
        "text": "",
        "ts": "1649351281.766529",
        "bot_id": "B01D39EAGTT",
        "attachments": [
            {
                "id": 1,
                "fallback": "hashicorp\/terraform on GitHub\nv1.1.8 \nrelease note: <https:\/\/newreleases.io\/github\/hashicorp\/terraform?version=v1.1.8>",
                "text": "`v1.1.8` \n```\n----------------------\n1.1.8 (April 07, 2022)\n----------------------\n\nBUG FIXES:\n\n* cli: Fix missing identifying attributes (e.g. \"id\", \"name\") when displaying plan diffs with nested objects. ( #30685 ( <https:\/\/github.com\/hashicorp\/terraform\/issues\/30685> ) )\n* functions: Fix error when sum() function is called with a collection of string-encoded numbers, such as sum([\"1\", \"2\", \"3\"]). ( #30684 ( <https:\/\/github.com\/hashicorp\/terraform\/issues\/30684> ) )\n* When rendering a diff, Terraform now quotes the name of any object attribute whose string representation is not a valid identifier. ( #30766 ( <https:\/\/github.com\/hashicorp\/terraform\/issues\/30766> ) )\n* Terraform will no longer crash in the terraform apply phase if an error occurs during backend configuration. ( #30780 ( <https:\/\/github.com\/hashicorp\/terraform\/pull\/30780> ) )\n```\n<https:\/\/newreleases.io\/github\/hashicorp\/terraform?version=v1.1.8|release note...>",
                "title": "hashicorp\/terraform on GitHub",
                "title_link": "https:\/\/newreleases.io\/github\/hashicorp\/terraform",
                "mrkdwn_in": [
                    "text"
                ]
            }
        ]
    },
    {
        "type": "message",
        "subtype": "bot_message",
        "text": "",
        "ts": "1649361625.714139",
        "bot_id": "B01D39EAGTT",
        "attachments": [
            {
                "id": 1,
                "fallback": "hashicorp\/terraform-provider-aws on GitHub\nv4.9.0",
                "text": "`v4.9.0`",
                "title": "hashicorp\/terraform-provider-aws on GitHub",
                "title_link": "https:\/\/newreleases.io\/github\/hashicorp\/terraform-provider-aws",
                "mrkdwn_in": [
                    "text"
                ]
            }
        ]
    },
    {
        "type": "message",
        "subtype": "bot_message",
        "text": "",
        "ts": "1649361985.348969",
        "bot_id": "B01D39EAGTT",
        "attachments": [
            {
                "id": 1,
                "fallback": "hashicorp\/terraform-provider-awscc on GitHub\nv0.17.0",
                "text": "`v0.17.0`",
                "title": "hashicorp\/terraform-provider-awscc on GitHub",
                "title_link": "https:\/\/newreleases.io\/github\/hashicorp\/terraform-provider-awscc",
                "mrkdwn_in": [
                    "text"
                ]
            }
        ]
    },
    {
        "type": "message",
        "subtype": "bot_message",
        "text": "",
        "ts": "1649362419.871189",
        "bot_id": "B01D39EAGTT",
        "attachments": [
            {
                "id": 1,
                "fallback": "hashicorp\/terraform-provider-awscc on GitHub\nv0.17.0 updated\nrelease note: <https:\/\/newreleases.io\/github\/hashicorp\/terraform-provider-awscc?version=v0.17.0>",
                "text": "`v0.17.0` _updated_\n```\nFEATURES:\n\n* *New Data Source:* awscc_datasync_location_fsx_open_zfs\n* *New Data Source:* awscc_datasync_location_fsx_open_zfs_plural\n* *New Data Source:* awscc_events_endpoint\n* *New Data Source:* awscc_events_endpoints\n* *New Data Source:* awscc_lambda_url\n* *New Resource:* awscc_datasync_location_fsx_open_zfs\n* *New Resource:* awscc_events_endpoint\n* *New Resource:* awscc_lambda_url\n\n------------------------------------------------------------------------------------------------------\n0.16.0 ( <https:\/\/github.com\/hashicorp\/terraform-provider-awscc\/releases\/tag\/v0.16.0> ) (March 24, 2022)\n------------------------------------------------------------------------------------------------------\n\nFEATURES:\n\n* *New Data Source:* awscc_iotevents_alarm_model\n* *New Data Source:* awscc_iotevents_alarm_models\n* *New Resource:* awscc_iotevents_alarm_model\n```\n<https:\/\/newreleases.io\/github\/hashicorp\/terraform-provider-awscc?version=v0.17.0|release note...>",
                "title": "hashicorp\/terraform-provider-awscc on GitHub",
                "title_link": "https:\/\/newreleases.io\/github\/hashicorp\/terraform-provider-awscc",
                "mrkdwn_in": [
                    "text"
                ]
            }
        ]
    },
    {
        "type": "message",
        "subtype": "bot_message",
        "text": "",
        "ts": "1649368115.433819",
        "bot_id": "B01D39EAGTT",
        "attachments": [
            {
                "id": 1,
                "fallback": "hashicorp\/terraform-provider-aws on GitHub\nv4.9.0 updated\nrelease note: <https:\/\/newreleases.io\/github\/hashicorp\/terraform-provider-aws?version=v4.9.0>",
                "text": "`v4.9.0` _updated_\n<https:\/\/newreleases.io\/github\/hashicorp\/terraform-provider-aws?version=v4.9.0|release note...>",
                "title": "hashicorp\/terraform-provider-aws on GitHub",
                "title_link": "https:\/\/newreleases.io\/github\/hashicorp\/terraform-provider-aws",
                "mrkdwn_in": [
                    "text"
                ]
            }
        ]
    }
]