[
    {
        "type": "message",
        "subtype": "bot_message",
        "text": "",
        "ts": "1651244449.379939",
        "bot_id": "B01D39EAGTT",
        "attachments": [
            {
                "id": 1,
                "fallback": "hashicorp\/vault on GitHub\nv1.8.11v1.8.11",
                "text": "*v1.8.11* `v1.8.11`",
                "title": "hashicorp\/vault on GitHub",
                "title_link": "https:\/\/newreleases.io\/github\/hashicorp\/vault",
                "mrkdwn_in": [
                    "text"
                ]
            }
        ]
    },
    {
        "type": "message",
        "subtype": "bot_message",
        "text": "",
        "ts": "1651246708.573339",
        "bot_id": "B01D39EAGTT",
        "attachments": [
            {
                "id": 1,
                "fallback": "hashicorp\/vault on GitHub\nv1.9.6v1.9.6",
                "text": "*v1.9.6* `v1.9.6`",
                "title": "hashicorp\/vault on GitHub",
                "title_link": "https:\/\/newreleases.io\/github\/hashicorp\/vault",
                "mrkdwn_in": [
                    "text"
                ]
            }
        ]
    },
    {
        "type": "message",
        "subtype": "bot_message",
        "text": "",
        "ts": "1651247133.174869",
        "bot_id": "B01D39EAGTT",
        "attachments": [
            {
                "id": 1,
                "fallback": "hashicorp\/vault on GitHub\nv1.10.2v1.10.2",
                "text": "*v1.10.2* `v1.10.2`",
                "title": "hashicorp\/vault on GitHub",
                "title_link": "https:\/\/newreleases.io\/github\/hashicorp\/vault",
                "mrkdwn_in": [
                    "text"
                ]
            }
        ]
    },
    {
        "type": "message",
        "subtype": "bot_message",
        "text": "",
        "ts": "1651247656.280669",
        "bot_id": "B01D39EAGTT",
        "attachments": [
            {
                "id": 1,
                "fallback": "hashicorp\/terraform-provider-aws on GitHub\nv4.12.1",
                "text": "`v4.12.1`",
                "title": "hashicorp\/terraform-provider-aws on GitHub",
                "title_link": "https:\/\/newreleases.io\/github\/hashicorp\/terraform-provider-aws",
                "mrkdwn_in": [
                    "text"
                ]
            }
        ]
    },
    {
        "type": "message",
        "subtype": "bot_message",
        "text": "",
        "ts": "1651248507.167409",
        "bot_id": "B01D39EAGTT",
        "attachments": [
            {
                "id": 1,
                "fallback": "hashicorp\/terraform-provider-aws on GitHub\nv4.12.1 updated",
                "text": "`v4.12.1` _updated_",
                "title": "hashicorp\/terraform-provider-aws on GitHub",
                "title_link": "https:\/\/newreleases.io\/github\/hashicorp\/terraform-provider-aws",
                "mrkdwn_in": [
                    "text"
                ]
            }
        ]
    },
    {
        "type": "message",
        "subtype": "bot_message",
        "text": "",
        "ts": "1651254139.770689",
        "bot_id": "B01D39EAGTT",
        "attachments": [
            {
                "id": 1,
                "fallback": "hashicorp\/terraform-provider-aws on GitHub\nv4.12.1 updated\nrelease note: <https:\/\/newreleases.io\/github\/hashicorp\/terraform-provider-aws?version=v4.12.1>",
                "text": "`v4.12.1` _updated_\n```\nENHANCEMENTS:\n\n* resource\/aws_kms_key: Add support for HMAC_256 customer master key spec ( #24450 ( <https:\/\/github.com\/hashicorp\/terraform-provider-aws\/issues\/24450> ) )\n\nBUG FIXES:\n\n* resource\/aws_acm_certificate_validation: Restore certificate issuance timestamp as the resource id value, fixing error on existing resource Read ( #24453 ( <https:\/\/github.com\/hashicorp\/terraform-provider-aws\/issues\/24453> ) )\n* resource\/aws_kms_alias: Fix reserved prefix used in name and name_prefix plan time validation ( #24469 ( <https:\/\/github.com\/hashicorp\/terraform-provider-aws\/issues\/24469> ) )\n```\n<https:\/\/newreleases.io\/github\/hashicorp\/terraform-provider-aws?version=v4.12.1|release note...>",
                "title": "hashicorp\/terraform-provider-aws on GitHub",
                "title_link": "https:\/\/newreleases.io\/github\/hashicorp\/terraform-provider-aws",
                "mrkdwn_in": [
                    "text"
                ]
            }
        ]
    },
    {
        "type": "message",
        "subtype": "bot_message",
        "text": "",
        "ts": "1651279153.413789",
        "bot_id": "B01D39EAGTT",
        "attachments": [
            {
                "id": 1,
                "fallback": "hashicorp\/packer on GitHub\nnightly updated",
                "text": "`nightly` _updated_",
                "title": "hashicorp\/packer on GitHub",
                "title_link": "https:\/\/newreleases.io\/github\/hashicorp\/packer",
                "mrkdwn_in": [
                    "text"
                ]
            }
        ]
    }
]