[
    {
        "type": "message",
        "subtype": "bot_message",
        "text": "",
        "ts": "1651067395.882029",
        "bot_id": "B01D39EAGTT",
        "attachments": [
            {
                "id": 1,
                "fallback": "hashicorp\/terraform-provider-kubernetes on GitHub\nv2.11.0",
                "text": "`v2.11.0`",
                "title": "hashicorp\/terraform-provider-kubernetes on GitHub",
                "title_link": "https:\/\/newreleases.io\/github\/hashicorp\/terraform-provider-kubernetes",
                "mrkdwn_in": [
                    "text"
                ]
            }
        ]
    },
    {
        "type": "message",
        "subtype": "bot_message",
        "text": "",
        "ts": "1651082273.542999",
        "bot_id": "B01D39EAGTT",
        "attachments": [
            {
                "id": 1,
                "fallback": "hashicorp\/terraform-provider-kubernetes on GitHub\nv2.11.0 updated\nrelease note: <https:\/\/newreleases.io\/github\/hashicorp\/terraform-provider-kubernetes?version=v2.11.0>",
                "text": "`v2.11.0` _updated_\n```\nNEW:\n\n* Add a new resource kubernetes_horizontal_pod_autoscaler_v2 ( #1674 ( <https:\/\/github.com\/hashicorp\/terraform-provider-kubernetes\/pull\/1674> ) )\n\nIMPROVEMENTS:\n\n* Add ip_families and ip_family_policy attributes to kubernetes_service ( #1662 ( <https:\/\/github.com\/hashicorp\/terraform-provider-kubernetes\/pull\/1662> ) )\n* Handle x-kubernetes-preserve-unknown-fields type annotation from OpenAPI: changes to attributes of this type trigger whole resource recreation. ( #1646 ( <https:\/\/github.com\/hashicorp\/terraform-provider-kubernetes\/pull\/1646> ) )\n* Upgrade terraform-plugin-mux to v0.6.0 ( #1686 ( <https:\/\/github.com\/hashicorp\/terraform-provider-kubernetes\/pull\/1686> ) )\n* Add GitHub action for EKS acceptance tests ( #1656 ( <https:\/\/github.com\/hashicorp\/terraform-provider-kubernetes\/pull\/1656> ) )\n* Add github action for acceptance tests using kind ( #1691 ( <https:\/\/github.com\/hashicorp\/terraform-provider-kubernetes\/pull\/1691> ) )\n\nBUG FIXES:\n\n* Fix conversion of big.Float to float64 in kubernetes_manifest ( #1661 ( <https:\/\/github.com\/hashicorp\/terraform-provider-kubernetes\/pull\/1661> ) )\n* Fix identification of int-or-string type attributes to include 3rd party types defined by aggregated APIs ( #1640 ( <https:\/\/github.com\/hashicorp\/terraform-provider-kubernetes\/pull\/1640> ) )\n```\n<https:\/\/newreleases.io\/github\/hashicorp\/terraform-provider-kubernetes?version=v2.11.0|release note...>",
                "title": "hashicorp\/terraform-provider-kubernetes on GitHub",
                "title_link": "https:\/\/newreleases.io\/github\/hashicorp\/terraform-provider-kubernetes",
                "mrkdwn_in": [
                    "text"
                ]
            }
        ]
    },
    {
        "type": "message",
        "subtype": "bot_message",
        "text": "",
        "ts": "1651088058.566679",
        "bot_id": "B01D39EAGTT",
        "attachments": [
            {
                "id": 1,
                "fallback": "hashicorp\/terraform on GitHub\nv1.2.0-beta1 pre-release\nrelease note: <https:\/\/newreleases.io\/github\/hashicorp\/terraform?version=v1.2.0-beta1>",
                "text": "`v1.2.0-beta1` _pre-release_\n<https:\/\/newreleases.io\/github\/hashicorp\/terraform?version=v1.2.0-beta1|release note...>",
                "title": "hashicorp\/terraform on GitHub",
                "title_link": "https:\/\/newreleases.io\/github\/hashicorp\/terraform",
                "mrkdwn_in": [
                    "text"
                ]
            }
        ]
    }
]