[
    {
        "type": "message",
        "subtype": "bot_message",
        "text": "",
        "ts": "1649960190.189709",
        "bot_id": "B01D39EAGTT",
        "attachments": [
            {
                "id": 1,
                "fallback": "hashicorp\/terraform-provider-awscc on GitHub\nv0.18.0",
                "text": "`v0.18.0`",
                "title": "hashicorp\/terraform-provider-awscc on GitHub",
                "title_link": "https:\/\/newreleases.io\/github\/hashicorp\/terraform-provider-awscc",
                "mrkdwn_in": [
                    "text"
                ]
            }
        ]
    },
    {
        "type": "message",
        "subtype": "bot_message",
        "text": "",
        "ts": "1649962984.914209",
        "bot_id": "B01D39EAGTT",
        "attachments": [
            {
                "id": 1,
                "fallback": "hashicorp\/consul on GitHub\nv1.11.5 updated\nrelease note: <https:\/\/newreleases.io\/github\/hashicorp\/consul?version=v1.11.5>\n\nv1.9.17 \nrelease note: <https:\/\/newreleases.io\/github\/hashicorp\/consul?version=v1.9.17>",
                "text": "`v1.11.5` _updated_\n```\n-----------------------\n1.11.5 (April 13, 2022)\n-----------------------\n\nSECURITY:\n\n* agent: Added a new check field, disable_redirects , that allows for disabling the following of redirects for HTTP checks. The intention is to default this to true in a future release so that redirects must explicitly be enabled. [ GH-12685 ( <https:\/\/github.com\/hashicorp\/consul\/issues\/12685> ) ]\n* connect: Properly set SNI when configured for services behind a terminating gateway. [ GH-12672 ( <https:\/\/github.com\/hashicorp\/consul\/issues\/12672> ) ]\n\nIMPROVEMENTS:\n\n* agent: improve log messages when a service with a critical health check is deregistered due to exceeding the deregister_critical_service_after timeout [ GH-12725 ( <https:\/\/github.com\/hashicorp\/consul\/issues\/12725> ) ]\n* xds: ensure that all connect timeout configs can apply equally to tproxy direct dial connections [ GH-12711 ( <https:\/\/github.com\/hashicorp\/consul\/issues\/12711> ) ]\n\nBUG FIXES:\n\n* acl: *(Enterprise Only)* fixes a bug preventing ACL policies configured with datacenter restrictions from being created if the cluster had been upgraded to Consul 1.11+ from an earlier version.\n* connect\/ca: cancel old Vault renewal on CA configuration. Provide a 1 - 6 second backoff on repeated token renewal requests to prevent overwhelming Vault. [ GH-12607 ( <https:\/\/github.com\/hashicorp\/consul\/issues\/12607> ) ]\n* namespace: *(Enterprise Only)* Unreserve consul namespace to allow K8s namespace mirroring when deploying in consul K8s namespace .\n* raft: upgrade to v1.3.6 which fixes a bug where a read replica node could attempt bootstrapping raft and prevent other nodes from bootstrapping at all [ GH-12496 ( <https:\/\/github.com\/hashicorp\/consul\/issues\/12496> ) ]\n* replication: Fixed a bug which could prevent ACL replication from continuing successfully after a leader election. [ GH-12565 ( <https:\/\/github.com\/hashicorp\/consul\/issues\/12565> ) ]\n* server: fix spurious blocking query suppression for discovery chains [ GH-12512 ( <https:\/\/github.com\/hashicorp\/consul\/issues\/12512> ) ]\n* ui: Fixes a visual bug where our loading icon can look cut off [ GH-12479 ( <https:\/\/github.com\/hashicorp\/consul\/issues\/12479> ) ]\n* usagemetrics: *(Enterprise only)* Fix a bug where Consul usage metrics stopped being reported when upgrading servers from 1.10 to 1.11 or later.\n```\n<https:\/\/newreleases.io\/github\/hashicorp\/consul?version=v1.11.5|release note...>\n\n`v1.9.17` \n```\n-----------------------\n1.9.17 (April 13, 2022)\n-----------------------\n\nSECURITY:\n\n* agent: Added a new check field, disable_redirects , that allows for disabling the following of redirects for HTTP checks. The intention is to default this to true in a future release so that redirects must explicitly be enabled. [ GH-12685 ( <https:\/\/github.com\/hashicorp\/consul\/issues\/12685> ) ]\n* connect: Properly set SNI when configured for services behind a terminating gateway. [ GH-12672 ( <https:\/\/github.com\/hashicorp\/consul\/issues\/12672> ) ]\n\nDEPRECATIONS:\n\n* tls: With the upgrade to Go 1.17, the ordering of tls_cipher_suites will no longer be honored, and tls_prefer_server_cipher_suites is now ignored. [ GH-12767 ( <https:\/\/github.com\/hashicorp\/consul\/issues\/12767> ) ]\n\nBUG FIXES:\n\n* connect\/ca: cancel old Vault renewal on CA configuration. Provide a 1 - 6 second backoff on repeated token renewal requests to prevent overwhelming Vault. [ GH-12607 ( <https:\/\/github.com\/hashicorp\/consul\/issues\/12607> ) ]\n* memberlist: fixes a bug which prevented members from joining a cluster with\nlarge amounts of churn [ GH-253 ( <https:\/\/github.com\/hashicorp\/memberlist\/issues\/253> ) ] [ GH-12046 ( <https:\/\/github.com\/hashicorp\/consul\/issues\/12046> ) ]\n* replication: Fixed a bug which could prevent ACL replication from continuing successfully after a leader election. [ GH-12565 ( <https:\/\/github.com\/hashicorp\/consul\/issues\/12565> ) ]\n```\n<https:\/\/newreleases.io\/github\/hashicorp\/consul?version=v1.9.17|release note...>",
                "title": "hashicorp\/consul on GitHub",
                "title_link": "https:\/\/newreleases.io\/github\/hashicorp\/consul",
                "mrkdwn_in": [
                    "text"
                ]
            }
        ]
    },
    {
        "type": "message",
        "subtype": "bot_message",
        "text": "",
        "ts": "1649963567.391009",
        "bot_id": "B01D39EAGTT",
        "attachments": [
            {
                "id": 1,
                "fallback": "hashicorp\/terraform-provider-awscc on GitHub\nv0.18.0 updated\nrelease note: <https:\/\/newreleases.io\/github\/hashicorp\/terraform-provider-awscc?version=v0.18.0>",
                "text": "`v0.18.0` _updated_\n```\nFEATURES:\n\n* *New Data Source:* awscc_apprunner_observability_configuration\n* *New Data Source:* awscc_apprunner_observability_configurations\n* *New Data Source:* awscc_ssm_documents\n* *New Resource:* awscc_apprunner_observability_configuration\n```\n<https:\/\/newreleases.io\/github\/hashicorp\/terraform-provider-awscc?version=v0.18.0|release note...>",
                "title": "hashicorp\/terraform-provider-awscc on GitHub",
                "title_link": "https:\/\/newreleases.io\/github\/hashicorp\/terraform-provider-awscc",
                "mrkdwn_in": [
                    "text"
                ]
            }
        ]
    },
    {
        "type": "message",
        "subtype": "bot_message",
        "text": "",
        "ts": "1649967384.860809",
        "bot_id": "B01D39EAGTT",
        "attachments": [
            {
                "id": 1,
                "fallback": "hashicorp\/terraform-provider-aws on GitHub\nv4.10.0",
                "text": "`v4.10.0`",
                "title": "hashicorp\/terraform-provider-aws on GitHub",
                "title_link": "https:\/\/newreleases.io\/github\/hashicorp\/terraform-provider-aws",
                "mrkdwn_in": [
                    "text"
                ]
            }
        ]
    },
    {
        "type": "message",
        "subtype": "bot_message",
        "text": "",
        "ts": "1649974012.092139",
        "bot_id": "B01D39EAGTT",
        "attachments": [
            {
                "id": 1,
                "fallback": "hashicorp\/terraform-provider-aws on GitHub\nv4.10.0 updated\nrelease note: <https:\/\/newreleases.io\/github\/hashicorp\/terraform-provider-aws?version=v4.10.0>",
                "text": "`v4.10.0` _updated_\n<https:\/\/newreleases.io\/github\/hashicorp\/terraform-provider-aws?version=v4.10.0|release note...>",
                "title": "hashicorp\/terraform-provider-aws on GitHub",
                "title_link": "https:\/\/newreleases.io\/github\/hashicorp\/terraform-provider-aws",
                "mrkdwn_in": [
                    "text"
                ]
            }
        ]
    }
]