[
    {
        "client_msg_id": "e8148ce4-1036-4db8-917d-12fcd5574d42",
        "type": "message",
        "text": "terraform-aws-modules\/lambda\/aws 活用事例を書きました\n<https:\/\/zenn.dev\/sogaoh\/articles\/21-10-01-eabd3d05b0bcfc>",
        "user": "UFT60TQCQ",
        "ts": "1633181749.000800",
        "blocks": [
            {
                "type": "rich_text",
                "block_id": "VV3s",
                "elements": [
                    {
                        "type": "rich_text_section",
                        "elements": [
                            {
                                "type": "text",
                                "text": "terraform-aws-modules\/lambda\/aws 活用事例を書きました\n"
                            },
                            {
                                "type": "link",
                                "url": "https:\/\/zenn.dev\/sogaoh\/articles\/21-10-01-eabd3d05b0bcfc"
                            }
                        ]
                    }
                ]
            }
        ],
        "team": "TFU0BKCQP",
        "user_team": "TFU0BKCQP",
        "source_team": "TFU0BKCQP",
        "user_profile": {
            "avatar_hash": "f10ceef4e6f6",
            "image_72": "https:\/\/avatars.slack-edge.com\/2019-01-31\/539093872183_f10ceef4e6f603f1f094_72.jpg",
            "first_name": "sogaoh",
            "real_name": "sogaoh",
            "display_name": "",
            "team": "TFU0BKCQP",
            "name": "sogaoh",
            "is_restricted": false,
            "is_ultra_restricted": false
        },
        "attachments": [
            {
                "service_name": "Zenn",
                "title": "Cognito User Pool の Sign-In 数を Mackerel サービスメトリックに定期投稿する",
                "title_link": "https:\/\/zenn.dev\/sogaoh\/articles\/21-10-01-eabd3d05b0bcfc",
                "fallback": "Zenn: Cognito User Pool の Sign-In 数を Mackerel サービスメトリックに定期投稿する",
                "image_url": "https:\/\/res.cloudinary.com\/zenn\/image\/upload\/s--_IhYXn6c--\/co_rgb:222%2Cg_south_west%2Cl_text:notosansjp-medium.otf_37_bold:sogaoh%2Cx_203%2Cy_98\/c_fit%2Cco_rgb:222%2Cg_north_west%2Cl_text:notosansjp-medium.otf_60_bold:Cognito%2520User%2520Pool%2520%25E3%2581%25AE%2520Sign-In%2520%25E6%2595%25B0%25E3%2582%2592%2520Mackerel%2520%25E3%2582%25B5%25E3%2583%25BC%25E3%2583%2593%25E3%2582%25B9%25E3%2583%25A1%25E3%2583%2588%25E3%2583%25AA%25E3%2583%2583%25E3%2582%25AF%25E3%2581%25AB%25E5%25AE%259A%25E6%259C%259F%25E6%258A%2595%25E7%25A8%25BF%25E3%2581%2599%25E3%2582%258B%2Cw_1010%2Cx_90%2Cy_100\/g_south_west%2Ch_90%2Cl_fetch:aHR0cHM6Ly9saDMuZ29vZ2xldXNlcmNvbnRlbnQuY29tL2EtL0FPaDE0R2dqeUJ2UUNtOE5IT3JDdTNoNi1MTkhsaWp1ZmVfTlB0ZU9sV1ZxSlE9czgwLWM=%2Cr_max%2Cw_90%2Cx_87%2Cy_72\/v1627274783\/default\/og-base_z4sxah.png",
                "from_url": "https:\/\/zenn.dev\/sogaoh\/articles\/21-10-01-eabd3d05b0bcfc",
                "image_width": 476,
                "image_height": 250,
                "image_bytes": 37552,
                "service_icon": "https:\/\/zenn.dev\/images\/icon.png",
                "id": 1,
                "original_url": "https:\/\/zenn.dev\/sogaoh\/articles\/21-10-01-eabd3d05b0bcfc"
            }
        ],
        "reactions": [
            {
                "name": "clap",
                "users": [
                    "UG46Z57TN",
                    "U02GC50AYE9",
                    "UFU0BKD8F",
                    "U02EXFN4QN4",
                    "ULSHHPEBB"
                ],
                "count": 5
            },
            {
                "name": "tada",
                "users": [
                    "UGY9BJ1NF",
                    "U02EXFN4QN4"
                ],
                "count": 2
            }
        ]
    }
]