[
    {
        "client_msg_id": "215429c0-26d2-40fa-b0d2-9d76f8680a54",
        "type": "message",
        "text": "terraform weekly に今頃気づくってゆうね。もうね。\n<https:\/\/twitter.com\/weekly_tf>",
        "user": "UFU0BKD8F",
        "ts": "1624461454.001700",
        "team": "TFU0BKCQP",
        "user_team": "TFU0BKCQP",
        "source_team": "TFU0BKCQP",
        "user_profile": {
            "avatar_hash": "92c41c62c7b0",
            "image_72": "https:\/\/avatars.slack-edge.com\/2019-01-30\/537137791812_92c41c62c7b0f054d3dd_72.jpg",
            "first_name": "らき",
            "real_name": "らき",
            "display_name": "raki",
            "team": "TFU0BKCQP",
            "name": "nishimuray",
            "is_restricted": false,
            "is_ultra_restricted": false
        },
        "attachments": [
            {
                "title": "terraform weekly (@weekly_tf) | Twitter",
                "title_link": "https:\/\/twitter.com\/weekly_tf",
                "text": "The latest Tweets from terraform weekly (@weekly_tf). A weekly newsletter dedicated to the Terraform ecosystem",
                "fallback": "terraform weekly (@weekly_tf) | Twitter",
                "from_url": "https:\/\/twitter.com\/weekly_tf",
                "service_icon": "https:\/\/abs.twimg.com\/icons\/apple-touch-icon-192x192.png",
                "service_name": "twitter.com",
                "id": 1,
                "original_url": "https:\/\/twitter.com\/weekly_tf"
            }
        ],
        "blocks": [
            {
                "type": "rich_text",
                "block_id": "xFL",
                "elements": [
                    {
                        "type": "rich_text_section",
                        "elements": [
                            {
                                "type": "text",
                                "text": "terraform weekly に今頃気づくってゆうね。もうね。\n"
                            },
                            {
                                "type": "link",
                                "url": "https:\/\/twitter.com\/weekly_tf"
                            }
                        ]
                    }
                ]
            }
        ],
        "reactions": [
            {
                "name": "+1",
                "users": [
                    "ULSHHPEBB",
                    "UHS4SFFA7",
                    "U01LFASMXQS",
                    "UL49H207R",
                    "U01RVK12UF5"
                ],
                "count": 5
            }
        ]
    },
    {
        "client_msg_id": "7c9ea82b-2833-4b85-a289-2fa2784f3b9c",
        "type": "message",
        "text": "運営してるのantonさんじゃん（terraform-aws-modulesのメンテナの方です）",
        "user": "UHS4SFFA7",
        "ts": "1624494046.002700",
        "team": "TFU0BKCQP",
        "user_team": "TFU0BKCQP",
        "source_team": "TFU0BKCQP",
        "user_profile": {
            "avatar_hash": "gade34f8bdf1",
            "image_72": "https:\/\/secure.gravatar.com\/avatar\/5ade34f8bdf1b55c4ff82c11cf23cf42.jpg?s=72&d=https%3A%2F%2Fa.slack-edge.com%2Fdf10d%2Fimg%2Favatars%2Fava_0008-72.png",
            "first_name": "",
            "real_name": "minamijoyo",
            "display_name": "minamijoyo",
            "team": "TFU0BKCQP",
            "name": "minamijoyo",
            "is_restricted": false,
            "is_ultra_restricted": false
        },
        "blocks": [
            {
                "type": "rich_text",
                "block_id": "jDvce",
                "elements": [
                    {
                        "type": "rich_text_section",
                        "elements": [
                            {
                                "type": "text",
                                "text": "運営してるのantonさんじゃん（terraform-aws-modulesのメンテナの方です）"
                            }
                        ]
                    }
                ]
            }
        ]
    }
]