[
    {
        "user": "UGFSM002K",
        "type": "message",
        "subtype": "channel_join",
        "ts": "1550885081.000200",
        "text": "<@UGFSM002K>さんがチャンネルに参加しました"
    },
    {
        "client_msg_id": "DEB21C9A-540A-4A4A-91D2-1CE2692A5BFF",
        "type": "message",
        "text": "弁護士ドットコムで SRE をやっています。\nチームでの terraform 運用に悩みがあり、参加してみました。よろしくお願いしますー",
        "user": "UGFSM002K",
        "ts": "1550885444.002300",
        "thread_ts": "1550885444.002300",
        "reply_count": 1,
        "reply_users_count": 1,
        "latest_reply": "1550886822.004200",
        "reply_users": [
            "UFU0BKD8F"
        ],
        "replies": [
            {
                "user": "UFU0BKD8F",
                "ts": "1550886822.004200"
            }
        ],
        "reactions": [
            {
                "name": "よろしく",
                "users": [
                    "UFU0BKD8F",
                    "UG1QN22JZ",
                    "UFUP9BGES",
                    "UFT9ULVQR",
                    "UFTKSQ25T",
                    "UGYKRFWLD"
                ],
                "count": 6
            }
        ]
    },
    {
        "client_msg_id": "AC728C7C-19F3-4601-80EE-2FB45C0AA5B2",
        "type": "message",
        "text": "よろしくおねがいします。まだに人が少ないのですが質問は <#CFTUV1SSW|質問> に投げればみんながんばって答えると思いますー。",
        "user": "UFU0BKD8F",
        "ts": "1550886822.004200",
        "thread_ts": "1550885444.002300",
        "parent_user_id": "UGFSM002K",
        "reactions": [
            {
                "name": "man-bowing",
                "users": [
                    "UGFSM002K"
                ],
                "count": 1
            }
        ]
    }
]