[
    {
        "user": "UG46Z57TN",
        "type": "message",
        "subtype": "channel_join",
        "ts": "1549947812.000200",
        "text": "<@UG46Z57TN>さんがチャンネルに参加しました"
    },
    {
        "client_msg_id": "f69e4d1b-a2c5-4e0b-b2eb-3467c8e902f1",
        "type": "message",
        "text": "QuipperでSREをやっています。\nterraformの気持ちがあまりわからないので参加しました。よろしくおねがいします。\n<https:\/\/chaspy.me>",
        "user": "UG46Z57TN",
        "ts": "1549947851.000600",
        "edited": {
            "user": "UG46Z57TN",
            "ts": "1549947891.000000"
        },
        "thread_ts": "1549947851.000600",
        "reply_count": 1,
        "reply_users_count": 1,
        "latest_reply": "1549947955.001000",
        "reply_users": [
            "UFU0BKD8F"
        ],
        "replies": [
            {
                "user": "UFU0BKD8F",
                "ts": "1549947955.001000"
            }
        ],
        "reactions": [
            {
                "name": "よろしく",
                "users": [
                    "UFU0BKD8F",
                    "UG1QN22JZ",
                    "UFTKSQ25T",
                    "UFT9ULVQR",
                    "UGYKRFWLD"
                ],
                "count": 5
            }
        ]
    },
    {
        "client_msg_id": "cafa3e73-13fe-4b04-90f1-e74d014075b6",
        "type": "message",
        "text": "こんにちわ。よろしくお願いします。質問じゃなくても構わないのでトークのネタ投下お待ちしています！みんなでterraformのお気持ち察していきましょうｗ",
        "user": "UFU0BKD8F",
        "ts": "1549947955.001000",
        "thread_ts": "1549947851.000600",
        "parent_user_id": "UG46Z57TN",
        "reactions": [
            {
                "name": "+1",
                "users": [
                    "UG46Z57TN"
                ],
                "count": 1
            }
        ]
    }
]