[
    {
        "client_msg_id": "b1a1c8b4-913e-4dc8-bb24-85145707aa34",
        "type": "message",
        "text": "いまからマスターパスワード設定間違えて作ったaurora clusterを、ブツ削除、tf state削除、再apply という作業をするぞ！",
        "user": "UG46Z57TN",
        "ts": "1552022721.054200",
        "edited": {
            "user": "UG46Z57TN",
            "ts": "1552022730.000000"
        }
    },
    {
        "client_msg_id": "c612f4d9-383b-40b0-b5e6-4d5a50c4dc60",
        "type": "message",
        "text": "state fileがいるのか。 state listするには",
        "user": "UG46Z57TN",
        "ts": "1552022784.054700",
        "edited": {
            "user": "UG46Z57TN",
            "ts": "1552022798.000000"
        }
    },
    {
        "client_msg_id": "2e039742-090a-4346-a492-beae657f5def",
        "type": "message",
        "text": "めっちゃ便利やん",
        "user": "UG46Z57TN",
        "ts": "1552022847.055200"
    },
    {
        "client_msg_id": "4e837773-2b58-4e17-838b-f298ec123c15",
        "type": "message",
        "text": "destroyでよかったような気もしないでもない。",
        "user": "UG46Z57TN",
        "ts": "1552023473.055500"
    }
]