[
    {
        "type": "message",
        "subtype": "bot_message",
        "text": "<https:\/\/qiita.com\/neruneruo\/items\/b3256c0b30835e4f26a4|Terraform＋Amazon Athenaで快適なログ集計の準備をする>\n<https:\/\/qiita.com\/#%E3%81%AF%E3%81%98%E3%82%81%E3%81%AB>はじめに\n\nAmazon AthenaはS3に入ったログをSQLで抽出したり集計したりできる超便利機能。\nでも、Terraformで一発で作ろうとするとちょっとクセがあるので、整理をしてみた。\n\n\n<https:\/\/qiita.com\/#amazon-athena%E3%81%AB%E5%BF%85%E8%A6%81%E3%81%AA%E3%83%AA%E3%82%BD%E3%83%BC%E3%82%B9>Amazon Athenaに必要なリソース\n\nAmazon Athenaに必要なリソースは以下の5つ。\n\nワークグループ\nデータベース\nテーブル\nデータ\nSQL\nだ。データベースに登録するデータはS3に格納しておく必要がある。\n\n\n&lt;a...",
        "ts": "1616855208.016200",
        "username": "Terraformタグが付けられた新着記事 - Qiita",
        "icons": {
            "image_36": "https:\/\/a.slack-edge.com\/80588\/img\/services\/rss_36.png",
            "image_48": "https:\/\/a.slack-edge.com\/80588\/img\/services\/rss_48.png",
            "image_72": "https:\/\/a.slack-edge.com\/80588\/img\/services\/rss_72.png"
        },
        "bot_id": "BG3N7LG73",
        "attachments": [
            {
                "service_name": "Qiita",
                "title": "Amazon Athenaで快適ログ集計をTerraformで準備する - Qiita",
                "title_link": "https:\/\/qiita.com\/neruneruo\/items\/b3256c0b30835e4f26a4",
                "text": "はじめに Amazon AthenaはS3に入ったログをSQLで抽出したり集計したりできる超便利機能。 でも、Terraformで一発で作ろうとするとちょっとクセがあるので、整理をしてみた。 Amazon Athenaに必要...",
                "fallback": "Qiita: Amazon Athenaで快適ログ集計をTerraformで準備する - Qiita",
                "image_url": "https:\/\/qiita-user-contents.imgix.net\/https%3A%2F%2Fcdn.qiita.com%2Fassets%2Fpublic%2Farticle-ogp-background-1150d8b18a7c15795b701a55ae908f94.png?ixlib=rb-1.2.2&w=1200&mark=https%3A%2F%2Fqiita-user-contents.imgix.net%2F~text%3Fixlib%3Drb-1.2.2%26w%3D840%26h%3D380%26txt%3DAmazon%2520Athena%25E3%2581%25A7%25E5%25BF%25AB%25E9%2581%25A9%25E3%2583%25AD%25E3%2582%25B0%25E9%259B%2586%25E8%25A8%2588%25E3%2582%2592Terraform%25E3%2581%25A7%25E6%25BA%2596%25E5%2582%2599%25E3%2581%2599%25E3%2582%258B%26txt-color%3D%2523333%26txt-font%3DHiragino%2520Sans%2520W6%26txt-size%3D54%26txt-clip%3Dellipsis%26txt-align%3Dcenter%252Cmiddle%26s%3D16e688f90a3029d8f503cb24cc53e97e&mark-align=center%2Cmiddle&blend=https%3A%2F%2Fqiita-user-contents.imgix.net%2F~text%3Fixlib%3Drb-1.2.2%26w%3D840%26h%3D500%26txt%3D%2540neruneruo%26txt-color%3D%2523333%26txt-font%3DHiragino%2520Sans%2520W6%26txt-size%3D45%26txt-align%3Dright%252Cbottom%26s%3D0a897fb56a0410946e0f3f1cb6106bf0&blend-align=center%2Cmiddle&blend-mode=normal&s=d5682446beccbaac59b74f228ce51d34",
                "from_url": "https:\/\/qiita.com\/neruneruo\/items\/b3256c0b30835e4f26a4",
                "image_width": 476,
                "image_height": 250,
                "image_bytes": 53477,
                "service_icon": "https:\/\/cdn.qiita.com\/assets\/favicons\/public\/apple-touch-icon-ec5ba42a24ae923f16825592efdc356f.png",
                "id": 1,
                "original_url": "https:\/\/qiita.com\/neruneruo\/items\/b3256c0b30835e4f26a4"
            },
            {
                "service_name": "Qiita",
                "title": "プログラマの技術情報共有サービス - Qiita",
                "title_link": "https:\/\/qiita.com\/#%E3%81%AF%E3%81%98%E3%82%81%E3%81%AB",
                "text": "Qiitaは、プログラマのための技術情報共有サービスです。 プログラミングに関するTips、ノウハウ、メモを簡単に記録 &amp; 公開することができます。",
                "fallback": "Qiita: プログラマの技術情報共有サービス - Qiita",
                "thumb_url": "https:\/\/cdn.qiita.com\/assets\/qiita-fb-41f9429f13a8c56f50dd0ab477c80d26.png",
                "from_url": "https:\/\/qiita.com\/#%E3%81%AF%E3%81%98%E3%82%81%E3%81%AB",
                "thumb_width": 1200,
                "thumb_height": 630,
                "service_icon": "https:\/\/cdn.qiita.com\/assets\/favicons\/public\/apple-touch-icon-ec5ba42a24ae923f16825592efdc356f.png",
                "id": 2,
                "original_url": "https:\/\/qiita.com\/#%E3%81%AF%E3%81%98%E3%82%81%E3%81%AB"
            },
            {
                "service_name": "Qiita",
                "title": "プログラマの技術情報共有サービス - Qiita",
                "title_link": "https:\/\/qiita.com\/#amazon-athena%E3%81%AB%E5%BF%85%E8%A6%81%E3%81%AA%E3%83%AA%E3%82%BD%E3%83%BC%E3%82%B9",
                "text": "Qiitaは、プログラマのための技術情報共有サービスです。 プログラミングに関するTips、ノウハウ、メモを簡単に記録 &amp; 公開することができます。",
                "fallback": "Qiita: プログラマの技術情報共有サービス - Qiita",
                "thumb_url": "https:\/\/cdn.qiita.com\/assets\/qiita-fb-41f9429f13a8c56f50dd0ab477c80d26.png",
                "from_url": "https:\/\/qiita.com\/#amazon-athena%E3%81%AB%E5%BF%85%E8%A6%81%E3%81%AA%E3%83%AA%E3%82%BD%E3%83%BC%E3%82%B9",
                "thumb_width": 1200,
                "thumb_height": 630,
                "service_icon": "https:\/\/cdn.qiita.com\/assets\/favicons\/public\/apple-touch-icon-ec5ba42a24ae923f16825592efdc356f.png",
                "id": 3,
                "original_url": "https:\/\/qiita.com\/#amazon-athena%E3%81%AB%E5%BF%85%E8%A6%81%E3%81%AA%E3%83%AA%E3%82%BD%E3%83%BC%E3%82%B9"
            }
        ],
        "edited": {
            "user": "BG3N7LG73",
            "ts": "1616855208.000000"
        }
    },
    {
        "type": "message",
        "subtype": "bot_message",
        "text": "<https:\/\/www.reddit.com\/r\/Terraform\/comments\/mek083\/i_have_made_this_design\/|I have made this design>\nsubmitted by   <https:\/\/www.reddit.com\/user\/bicali27501| \/u\/bicali27501 > \n<https:\/\/www.reddit.com\/gallery\/mek083|[link]>   <https:\/\/www.reddit.com\/r\/Terraform\/comments\/mek083\/i_have_made_this_design\/|[comments]>",
        "ts": "1616872006.016400",
        "username": "Terraform",
        "icons": {
            "image_48": "https:\/\/s3-us-west-2.amazonaws.com\/slack-files2\/bot_icons\/2019-02-12\/548785199618_48.png"
        },
        "bot_id": "BG3N7LG73",
        "attachments": [
            {
                "service_name": "reddit",
                "title": "I have made this design",
                "title_link": "https:\/\/www.reddit.com\/r\/Terraform\/comments\/mek083\/i_have_made_this_design\/",
                "text": "Posted in r\/Terraform by u\/bicali27501 • 1 point and 0 comments",
                "fallback": "reddit: I have made this design",
                "thumb_url": "https:\/\/b.thumbs.redditmedia.com\/dKb0lxjEgvejfk-XwNho3hTMJIImM-T05u2uIworq9k.jpg",
                "from_url": "https:\/\/www.reddit.com\/r\/Terraform\/comments\/mek083\/i_have_made_this_design\/",
                "thumb_width": 140,
                "thumb_height": 140,
                "service_icon": "http:\/\/www.redditstatic.com\/desktop2x\/img\/favicon\/apple-icon-57x57.png",
                "id": 1,
                "original_url": "https:\/\/www.reddit.com\/r\/Terraform\/comments\/mek083\/i_have_made_this_design\/"
            },
            {
                "title": "overview for bicali27501",
                "title_link": "https:\/\/www.reddit.com\/user\/bicali27501",
                "text": "The u\/bicali27501 community on Reddit. Reddit gives you the best of the internet in one place.",
                "fallback": "overview for bicali27501",
                "from_url": "https:\/\/www.reddit.com\/user\/bicali27501",
                "service_icon": "http:\/\/www.redditstatic.com\/desktop2x\/img\/favicon\/apple-icon-57x57.png",
                "service_name": "reddit.com",
                "id": 2,
                "original_url": "https:\/\/www.reddit.com\/user\/bicali27501"
            }
        ],
        "edited": {
            "user": "BG3N7LG73",
            "ts": "1616872006.000000"
        }
    },
    {
        "type": "message",
        "subtype": "bot_message",
        "text": "<https:\/\/www.reddit.com\/r\/Terraform\/comments\/meonu7\/referencing_another_attribute_in_terraform\/|Referencing another attribute in Terraform resource>\nHi, In a terraform resource, is it possible for one attribute to reference another? For example, take a storage_Account_blob_Container_sas , it has the following two attributes: start = \"2018-03-21\" expiry = \"2018-03-21\" I want to compute expiry based on the start, and expiry would be a few days after. For that I can use a timeadd() function, but for the start value I'd like to reference \"start\".    submitted by   <https:\/\/www.reddit.com\/user\/GSS55| \/u\/GSS55 > \n&lt;a...",
        "ts": "1616885808.016600",
        "username": "Terraform",
        "icons": {
            "image_48": "https:\/\/s3-us-west-2.amazonaws.com\/slack-files2\/bot_icons\/2019-02-12\/548785199618_48.png"
        },
        "bot_id": "BG3N7LG73",
        "attachments": [
            {
                "service_name": "reddit",
                "title": "Referencing another attribute in Terraform resource",
                "title_link": "https:\/\/www.reddit.com\/r\/Terraform\/comments\/meonu7\/referencing_another_attribute_in_terraform\/",
                "text": "Hi, In a terraform resource, is it possible for one attribute to reference another? For example, take a storage_Account_blob_Container_sas , it...",
                "fallback": "reddit: Referencing another attribute in Terraform resource",
                "thumb_url": "https:\/\/www.redditstatic.com\/new-icon.png",
                "from_url": "https:\/\/www.reddit.com\/r\/Terraform\/comments\/meonu7\/referencing_another_attribute_in_terraform\/",
                "thumb_width": 256,
                "thumb_height": 256,
                "service_icon": "http:\/\/www.redditstatic.com\/desktop2x\/img\/favicon\/apple-icon-57x57.png",
                "id": 1,
                "original_url": "https:\/\/www.reddit.com\/r\/Terraform\/comments\/meonu7\/referencing_another_attribute_in_terraform\/"
            },
            {
                "title": "reddit.com: over 18?",
                "title_link": "https:\/\/www.reddit.com\/user\/GSS55",
                "text": "Reddit gives you the best of the internet in one place. Get a constantly updating feed of breaking news, fun stories, pics, memes, and videos just for you. Passionate about something niche? Reddit has thousands of vibrant communities with people that share your interests. Alternatively, find out what’s trending across all of Reddit on r\/popular. Reddit is also anonymous so you can be yourself, with your Reddit profile and persona disconnected from your real-world identity.",
                "fallback": "reddit.com: over 18?",
                "from_url": "https:\/\/www.reddit.com\/user\/GSS55",
                "service_icon": "http:\/\/www.redditstatic.com\/desktop2x\/img\/favicon\/apple-icon-57x57.png",
                "service_name": "reddit.com",
                "id": 2,
                "original_url": "https:\/\/www.reddit.com\/user\/GSS55"
            }
        ],
        "edited": {
            "user": "BG3N7LG73",
            "ts": "1616885808.000000"
        }
    },
    {
        "type": "message",
        "subtype": "bot_message",
        "text": "<https:\/\/www.reddit.com\/r\/Terraform\/comments\/mes2wm\/terraform_assigning_resource_values_to_variables\/|terraform assigning resource values to variables>\nhello, I was hoping to figure out a way to assign the id of a resource to a variable &amp; then use that variable to deploy &amp; manage resources? Case in point, I have a load balancer with a name of over 32 chars &amp; Terraform shows an error, it is not Terraform's limitation but something that I've seen happen in aws console as well. So I am thinking that I can assign that long load balancer id to a variable &amp; then use that variable in resource blocks. Is is possible? Error: Error creating XXXX:...",
        "ts": "1616897809.016800",
        "username": "Terraform",
        "icons": {
            "image_48": "https:\/\/s3-us-west-2.amazonaws.com\/slack-files2\/bot_icons\/2019-02-12\/548785199618_48.png"
        },
        "bot_id": "BG3N7LG73",
        "attachments": [
            {
                "service_name": "reddit",
                "title": "terraform assigning resource values to variables",
                "title_link": "https:\/\/www.reddit.com\/r\/Terraform\/comments\/mes2wm\/terraform_assigning_resource_values_to_variables\/",
                "text": "hello, I was hoping to figure out a way to assign the id of a resource to a variable &amp; then use that variable to deploy &amp; manage resources? Case...",
                "fallback": "reddit: terraform assigning resource values to variables",
                "thumb_url": "https:\/\/www.redditstatic.com\/new-icon.png",
                "from_url": "https:\/\/www.reddit.com\/r\/Terraform\/comments\/mes2wm\/terraform_assigning_resource_values_to_variables\/",
                "thumb_width": 256,
                "thumb_height": 256,
                "service_icon": "http:\/\/www.redditstatic.com\/desktop2x\/img\/favicon\/apple-icon-57x57.png",
                "id": 1,
                "original_url": "https:\/\/www.reddit.com\/r\/Terraform\/comments\/mes2wm\/terraform_assigning_resource_values_to_variables\/"
            }
        ],
        "edited": {
            "user": "BG3N7LG73",
            "ts": "1616897809.000000"
        }
    }
]