[
    {
        "type": "message",
        "subtype": "bot_message",
        "text": "<https:\/\/qiita.com\/nissy-y-hargen\/items\/ac853ebabf85b5a37ecd|AWSの環境をTerraformを使って構築してみた>\nAWSで使い捨ての環境を構築する際は、AWS CloudFormationを利用することが多いと思います。\n検証環境をテンプレートとして残しておいたり、マネジメントコンソールやAWS CLIから簡単に構築\/削除を行うことができます。\n\nAWS公式のツール以外だと、Terraformが選択肢の1つとして挙げられます。\n\n\n<https:\/\/qiita.com\/#terraform%E3%81%A3%E3%81%A6%E4%BD%95>Terraformって何？\n\nHashiCorp社が提供するTerraformは、インフラ構築や設定などをコード(テンプレートファイル)を使って自動化するツールです。（Infrastructure as Code）\nAWS以外にも数多くのプロバイダ(クラウドサービスやツール)に対応しています。\n\nこの記事の載時点では最新バージョン0.14.5までリリースされています。(2021年 1月時点)\nTerraformの開発は非常に活発であり、最新バージョンのリリースもかなり頻度が高いです。\n今後、Infrastructure as...",
        "ts": "1614526606.012500",
        "username": "Terraformタグが付けられた新着記事 - Qiita",
        "icons": {
            "image_36": "https:\/\/a.slack-edge.com\/80588\/img\/services\/rss_36.png",
            "image_48": "https:\/\/a.slack-edge.com\/80588\/img\/services\/rss_48.png",
            "image_72": "https:\/\/a.slack-edge.com\/80588\/img\/services\/rss_72.png"
        },
        "bot_id": "BG3N7LG73",
        "attachments": [
            {
                "service_name": "Qiita",
                "title": "AWSの環境をTerraformを使って構築してみた - Qiita",
                "title_link": "https:\/\/qiita.com\/nissy-y-hargen\/items\/ac853ebabf85b5a37ecd",
                "text": "AWSで使い捨ての環境を構築する際は、AWS CloudFormationを利用することが多いと思います。 検証環境をテンプレートとして残しておいたり、マネジメントコンソールやAWS CLIから簡単に構築\/削除を行うことができます。 ...",
                "fallback": "Qiita: AWSの環境をTerraformを使って構築してみた - Qiita",
                "image_url": "https:\/\/qiita-user-contents.imgix.net\/https%3A%2F%2Fcdn.qiita.com%2Fassets%2Fpublic%2Farticle-ogp-background-1150d8b18a7c15795b701a55ae908f94.png?ixlib=rb-1.2.2&w=1200&mark=https%3A%2F%2Fqiita-user-contents.imgix.net%2F~text%3Fixlib%3Drb-1.2.2%26w%3D840%26h%3D380%26txt%3DAWS%25E3%2581%25AE%25E7%2592%25B0%25E5%25A2%2583%25E3%2582%2592Terraform%25E3%2582%2592%25E4%25BD%25BF%25E3%2581%25A3%25E3%2581%25A6%25E6%25A7%258B%25E7%25AF%2589%25E3%2581%2597%25E3%2581%25A6%25E3%2581%25BF%25E3%2581%259F%26txt-color%3D%2523333%26txt-font%3DHiragino%2520Sans%2520W6%26txt-size%3D54%26txt-clip%3Dellipsis%26txt-align%3Dcenter%252Cmiddle%26s%3Dbee5726e8004d8eb19087f8327442835&mark-align=center%2Cmiddle&blend=https%3A%2F%2Fqiita-user-contents.imgix.net%2F~text%3Fixlib%3Drb-1.2.2%26w%3D840%26h%3D500%26txt%3D%2540nissy-y-hargen%26txt-color%3D%2523333%26txt-font%3DHiragino%2520Sans%2520W6%26txt-size%3D45%26txt-align%3Dright%252Cbottom%26s%3D988e318f044b71a1b365b83da7eb1ca2&blend-align=center%2Cmiddle&blend-mode=normal&s=6021a122e14cb6a6fdddbe7454682e78",
                "from_url": "https:\/\/qiita.com\/nissy-y-hargen\/items\/ac853ebabf85b5a37ecd",
                "image_width": 476,
                "image_height": 250,
                "image_bytes": 54093,
                "service_icon": "https:\/\/cdn.qiita.com\/assets\/favicons\/public\/apple-touch-icon-ec5ba42a24ae923f16825592efdc356f.png",
                "id": 1,
                "original_url": "https:\/\/qiita.com\/nissy-y-hargen\/items\/ac853ebabf85b5a37ecd"
            },
            {
                "service_name": "Qiita",
                "title": "プログラマの技術情報共有サービス - Qiita",
                "title_link": "https:\/\/qiita.com\/#terraform%E3%81%A3%E3%81%A6%E4%BD%95",
                "text": "Qiitaは、プログラマのための技術情報共有サービスです。 プログラミングに関するTips、ノウハウ、メモを簡単に記録 &amp; 公開することができます。",
                "fallback": "Qiita: プログラマの技術情報共有サービス - Qiita",
                "thumb_url": "https:\/\/cdn.qiita.com\/assets\/qiita-fb-41f9429f13a8c56f50dd0ab477c80d26.png",
                "from_url": "https:\/\/qiita.com\/#terraform%E3%81%A3%E3%81%A6%E4%BD%95",
                "thumb_width": 1200,
                "thumb_height": 630,
                "service_icon": "https:\/\/cdn.qiita.com\/assets\/favicons\/public\/apple-touch-icon-ec5ba42a24ae923f16825592efdc356f.png",
                "id": 2,
                "original_url": "https:\/\/qiita.com\/#terraform%E3%81%A3%E3%81%A6%E4%BD%95"
            }
        ],
        "edited": {
            "user": "BG3N7LG73",
            "ts": "1614526606.000000"
        }
    },
    {
        "type": "message",
        "subtype": "bot_message",
        "text": "<https:\/\/www.reddit.com\/r\/Terraform\/comments\/lul3dm\/route_53_redirect_to_cloudfront_deployment\/|Route 53 redirect to Cloudfront Deployment>\nI'm using Terraform to create a Cloudfront distribution. I have it up and running, but the only way I can access it is through the https:\/\/.<http:\/\/cloudfront.net\/|cloudfront.net\/> address. I'd like to use a record in the Route 53 zone I have to redirect to the Cloudfront distribution. Any Idea how to do this?   variable \"www_domain_name\" { default = \"<http:\/\/example.com|example.com>\" }  An S3 bucket is used to host the static code. This is available to the public and uses a policy that allows for public access.  resource \"aws_s3_bucket\"...",
        "ts": "1614533804.012700",
        "username": "Terraform",
        "icons": {
            "image_48": "https:\/\/s3-us-west-2.amazonaws.com\/slack-files2\/bot_icons\/2019-02-12\/548785199618_48.png"
        },
        "bot_id": "BG3N7LG73",
        "attachments": [
            {
                "service_name": "reddit",
                "title": "Route 53 redirect to Cloudfront Deployment",
                "title_link": "https:\/\/www.reddit.com\/r\/Terraform\/comments\/lul3dm\/route_53_redirect_to_cloudfront_deployment\/",
                "text": "I'm using Terraform to create a Cloudfront distribution. I have it up and running, but the only way I can access it is through the...",
                "fallback": "reddit: Route 53 redirect to Cloudfront Deployment",
                "thumb_url": "https:\/\/www.redditstatic.com\/new-icon.png",
                "from_url": "https:\/\/www.reddit.com\/r\/Terraform\/comments\/lul3dm\/route_53_redirect_to_cloudfront_deployment\/",
                "thumb_width": 256,
                "thumb_height": 256,
                "service_icon": "http:\/\/www.redditstatic.com\/desktop2x\/img\/favicon\/apple-icon-57x57.png",
                "id": 1,
                "original_url": "https:\/\/www.reddit.com\/r\/Terraform\/comments\/lul3dm\/route_53_redirect_to_cloudfront_deployment\/"
            }
        ],
        "edited": {
            "user": "BG3N7LG73",
            "ts": "1614533804.000000"
        }
    },
    {
        "type": "message",
        "subtype": "bot_message",
        "text": "<https:\/\/www.reddit.com\/r\/Terraform\/comments\/luo5hs\/serverless_jobs_processer_with_aws_sqs_and_lambda\/|Serverless jobs processer with AWS SQS and Lambda>\nHello community! I have created a reference project, to deploy a serverless jobs processer onto AWS via Terraform. Hope you find this useful! AWS API Gateway to proxy requests to SQS message queue Triggers Lambda function to process job for example calls an async function Writes results to DynamoDB database AWS API Gateway to proxy requests to DynamoDB to retrieve results Currently, the Lambda does nothing at all! But by all means feel free to update index.js\n to perform an async function....",
        "ts": "1614541007.012900",
        "username": "Terraform",
        "icons": {
            "image_48": "https:\/\/s3-us-west-2.amazonaws.com\/slack-files2\/bot_icons\/2019-02-12\/548785199618_48.png"
        },
        "bot_id": "BG3N7LG73",
        "attachments": [
            {
                "service_name": "reddit",
                "title": "Serverless jobs processer with AWS SQS and Lambda",
                "title_link": "https:\/\/www.reddit.com\/r\/Terraform\/comments\/luo5hs\/serverless_jobs_processer_with_aws_sqs_and_lambda\/",
                "text": "Hello community! I have created a reference project, to deploy a serverless jobs processer onto AWS via Terraform. Hope you find this useful! *...",
                "fallback": "reddit: Serverless jobs processer with AWS SQS and Lambda",
                "thumb_url": "https:\/\/www.redditstatic.com\/new-icon.png",
                "from_url": "https:\/\/www.reddit.com\/r\/Terraform\/comments\/luo5hs\/serverless_jobs_processer_with_aws_sqs_and_lambda\/",
                "thumb_width": 256,
                "thumb_height": 256,
                "service_icon": "http:\/\/www.redditstatic.com\/desktop2x\/img\/favicon\/apple-icon-57x57.png",
                "id": 1,
                "original_url": "https:\/\/www.reddit.com\/r\/Terraform\/comments\/luo5hs\/serverless_jobs_processer_with_aws_sqs_and_lambda\/"
            }
        ],
        "edited": {
            "user": "BG3N7LG73",
            "ts": "1614541007.000000"
        }
    },
    {
        "type": "message",
        "subtype": "bot_message",
        "text": "<https:\/\/qiita.com\/yoshuuua\/items\/e04d503ab294fd73af18|マルチクラウド下でのTerraformのディレクトリを改めて考える>\n<https:\/\/qiita.com\/#%E6%A6%82%E8%A6%81>概要\n\nTerraformはAWSやGCPなどのクラウドを管理するための構成管理ツールですが、\n自分でtfファイルやディレクトリ構成の粒度を決めれます。\nTerraformでマルチクラウドを扱う時にどのような粒度でディレクトリを分ければいいのかを考えていきます。\n\n\n<https:\/\/qiita.com\/#%E5%89%8D%E6%8F%90%E6%9D%A1%E4%BB%B6>前提条件\n\nTerraformを使う場面は様々ですが、今回はGCPとAWS2つのクラウドをTerraformで管理することを前提とします。\nまたAWSはステージングアカウントと本番アカウント2つある前提で話します。\n\n※様々な流派がTerraformにあるのですが、今回はシンプルにしたいのでworkplaceやmoduleは使わないです\n\n以下が今回例として扱うGCPとAWSの状態です。\n\nAWSアカウント:\n- prodアカウント     ・・・ 本番環境用\n-...",
        "ts": "1614566203.013100",
        "username": "Terraformタグが付けられた新着記事 - Qiita",
        "icons": {
            "image_36": "https:\/\/a.slack-edge.com\/80588\/img\/services\/rss_36.png",
            "image_48": "https:\/\/a.slack-edge.com\/80588\/img\/services\/rss_48.png",
            "image_72": "https:\/\/a.slack-edge.com\/80588\/img\/services\/rss_72.png"
        },
        "bot_id": "BG3N7LG73",
        "attachments": [
            {
                "service_name": "Qiita",
                "title": "マルチクラウド下でのTerraformのディレクトリを改めて考える - Qiita",
                "title_link": "https:\/\/qiita.com\/yoshuuua\/items\/e04d503ab294fd73af18",
                "text": "概要 TerraformはAWSやGCPなどのクラウドを管理するための構成管理ツールですが、 自分でtfファイルやディレクトリ構成の粒度を決めれます。 Terraformでマルチクラウドを扱う時にどのような粒度でディレクトリを分...",
                "fallback": "Qiita: マルチクラウド下でのTerraformのディレクトリを改めて考える - Qiita",
                "image_url": "https:\/\/qiita-user-contents.imgix.net\/https%3A%2F%2Fcdn.qiita.com%2Fassets%2Fpublic%2Farticle-ogp-background-1150d8b18a7c15795b701a55ae908f94.png?ixlib=rb-1.2.2&w=1200&mark=https%3A%2F%2Fqiita-user-contents.imgix.net%2F~text%3Fixlib%3Drb-1.2.2%26w%3D840%26h%3D380%26txt%3D%25E3%2583%259E%25E3%2583%25AB%25E3%2583%2581%25E3%2582%25AF%25E3%2583%25A9%25E3%2582%25A6%25E3%2583%2589%25E4%25B8%258B%25E3%2581%25A7%25E3%2581%25AETerraform%25E3%2581%25AE%25E3%2583%2587%25E3%2582%25A3%25E3%2583%25AC%25E3%2582%25AF%25E3%2583%2588%25E3%2583%25AA%25E3%2582%2592%25E6%2594%25B9%25E3%2582%2581%25E3%2581%25A6%25E8%2580%2583%25E3%2581%2588%25E3%2582%258B%26txt-color%3D%2523333%26txt-font%3DHiragino%2520Sans%2520W6%26txt-size%3D54%26txt-clip%3Dellipsis%26txt-align%3Dcenter%252Cmiddle%26s%3D1b882da692f70039e8f5346dc6d5844b&mark-align=center%2Cmiddle&blend=https%3A%2F%2Fqiita-user-contents.imgix.net%2F~text%3Fixlib%3Drb-1.2.2%26w%3D840%26h%3D500%26txt%3D%2540yoshuuua%26txt-color%3D%2523333%26txt-font%3DHiragino%2520Sans%2520W6%26txt-size%3D45%26txt-align%3Dright%252Cbottom%26s%3D0b1629e0e655fdb94aad67daec4e7f2d&blend-align=center%2Cmiddle&blend-mode=normal&s=a8af5031ccb3f75511a5037044eb6937",
                "from_url": "https:\/\/qiita.com\/yoshuuua\/items\/e04d503ab294fd73af18",
                "image_width": 476,
                "image_height": 250,
                "image_bytes": 58635,
                "service_icon": "https:\/\/cdn.qiita.com\/assets\/favicons\/public\/apple-touch-icon-ec5ba42a24ae923f16825592efdc356f.png",
                "id": 1,
                "original_url": "https:\/\/qiita.com\/yoshuuua\/items\/e04d503ab294fd73af18"
            },
            {
                "service_name": "Qiita",
                "title": "プログラマの技術情報共有サービス - Qiita",
                "title_link": "https:\/\/qiita.com\/#%E6%A6%82%E8%A6%81",
                "text": "Qiitaは、プログラマのための技術情報共有サービスです。 プログラミングに関するTips、ノウハウ、メモを簡単に記録 &amp; 公開することができます。",
                "fallback": "Qiita: プログラマの技術情報共有サービス - Qiita",
                "thumb_url": "https:\/\/cdn.qiita.com\/assets\/qiita-fb-41f9429f13a8c56f50dd0ab477c80d26.png",
                "from_url": "https:\/\/qiita.com\/#%E6%A6%82%E8%A6%81",
                "thumb_width": 1200,
                "thumb_height": 630,
                "service_icon": "https:\/\/cdn.qiita.com\/assets\/favicons\/public\/apple-touch-icon-ec5ba42a24ae923f16825592efdc356f.png",
                "id": 2,
                "original_url": "https:\/\/qiita.com\/#%E6%A6%82%E8%A6%81"
            },
            {
                "service_name": "Qiita",
                "title": "プログラマの技術情報共有サービス - Qiita",
                "title_link": "https:\/\/qiita.com\/#%E5%89%8D%E6%8F%90%E6%9D%A1%E4%BB%B6",
                "text": "Qiitaは、プログラマのための技術情報共有サービスです。 プログラミングに関するTips、ノウハウ、メモを簡単に記録 &amp; 公開することができます。",
                "fallback": "Qiita: プログラマの技術情報共有サービス - Qiita",
                "thumb_url": "https:\/\/cdn.qiita.com\/assets\/qiita-fb-41f9429f13a8c56f50dd0ab477c80d26.png",
                "from_url": "https:\/\/qiita.com\/#%E5%89%8D%E6%8F%90%E6%9D%A1%E4%BB%B6",
                "thumb_width": 1200,
                "thumb_height": 630,
                "service_icon": "https:\/\/cdn.qiita.com\/assets\/favicons\/public\/apple-touch-icon-ec5ba42a24ae923f16825592efdc356f.png",
                "id": 3,
                "original_url": "https:\/\/qiita.com\/#%E5%89%8D%E6%8F%90%E6%9D%A1%E4%BB%B6"
            }
        ],
        "edited": {
            "user": "BG3N7LG73",
            "ts": "1614566203.000000"
        }
    },
    {
        "type": "message",
        "subtype": "bot_message",
        "text": "<https:\/\/qiita.com\/atsushi586\/items\/07015a91e992dd7cdfa9|terraformでapply後にtfstate削除してもう一回applyしたらどうなるか試してみた>\nterraformをapplyした時に作成されるtfstateには、現在の状態が記録されているみたいです。それを削除してapplyしたらどうなるか気になったのでやってみました。\n\n\n<https:\/\/qiita.com\/#%E5%89%8D%E6%8F%90>前提\n\nコードは、EC2を作成するだけ\n一度terraformでapplyした後に、作成されたtfstateを削除、その後再びapplyを実施してみる\n\n<https:\/\/qiita.com\/#%E6%A4%9C%E8%A8%BC>検証\n\n1度apply実行後に、tfstateを削除せずplanしてみる\n\n$ terraform plan\nRefreshing Terraform state in-memory prior to plan...\nThe refreshed state will be used to calculate this plan, but will not be\npersisted to local or remote state...",
        "ts": "1614566203.013200",
        "username": "Terraformタグが付けられた新着記事 - Qiita",
        "icons": {
            "image_36": "https:\/\/a.slack-edge.com\/80588\/img\/services\/rss_36.png",
            "image_48": "https:\/\/a.slack-edge.com\/80588\/img\/services\/rss_48.png",
            "image_72": "https:\/\/a.slack-edge.com\/80588\/img\/services\/rss_72.png"
        },
        "bot_id": "BG3N7LG73",
        "attachments": [
            {
                "service_name": "Qiita",
                "title": "terraformでapply後にtfstate削除してもう一回applyしたらどうなるか試してみた - Qiita",
                "title_link": "https:\/\/qiita.com\/atsushi586\/items\/07015a91e992dd7cdfa9",
                "text": "terraformをapplyした時に作成されるtfstateには、現在の状態が記録されているみたいです。それを削除してapplyしたらどうなるか気になったのでやってみました。 前提 コードは、EC2を作成するだけ 一度ter...",
                "fallback": "Qiita: terraformでapply後にtfstate削除してもう一回applyしたらどうなるか試してみた - Qiita",
                "image_url": "https:\/\/qiita-user-contents.imgix.net\/https%3A%2F%2Fcdn.qiita.com%2Fassets%2Fpublic%2Farticle-ogp-background-1150d8b18a7c15795b701a55ae908f94.png?ixlib=rb-1.2.2&w=1200&mark=https%3A%2F%2Fqiita-user-contents.imgix.net%2F~text%3Fixlib%3Drb-1.2.2%26w%3D840%26h%3D380%26txt%3Dterraform%25E3%2581%25A7apply%25E5%25BE%258C%25E3%2581%25ABtfstate%25E5%2589%258A%25E9%2599%25A4%25E3%2581%2597%25E3%2581%25A6%25E3%2582%2582%25E3%2581%2586%25E4%25B8%2580%25E5%259B%259Eapply%25E3%2581%2597%25E3%2581%259F%25E3%2582%2589%25E3%2581%25A9%25E3%2581%2586%25E3%2581%25AA%25E3%2582%258B%25E3%2581%258B%25E8%25A9%25A6%25E3%2581%2597%25E3%2581%25A6%25E3%2581%25BF%25E3%2581%259F%26txt-color%3D%2523333%26txt-font%3DHiragino%2520Sans%2520W6%26txt-size%3D54%26txt-clip%3Dellipsis%26txt-align%3Dcenter%252Cmiddle%26s%3D9993c1122dcbc8db078fca13da848cfc&mark-align=center%2Cmiddle&blend=https%3A%2F%2Fqiita-user-contents.imgix.net%2F~text%3Fixlib%3Drb-1.2.2%26w%3D840%26h%3D500%26txt%3D%2540atsushi586%26txt-color%3D%2523333%26txt-font%3DHiragino%2520Sans%2520W6%26txt-size%3D45%26txt-align%3Dright%252Cbottom%26s%3Dbb5db22440ca4816c34ec65703f9f4cd&blend-align=center%2Cmiddle&blend-mode=normal&s=da8e64204af70a76508c5b9959337739",
                "from_url": "https:\/\/qiita.com\/atsushi586\/items\/07015a91e992dd7cdfa9",
                "image_width": 476,
                "image_height": 250,
                "image_bytes": 71877,
                "service_icon": "https:\/\/cdn.qiita.com\/assets\/favicons\/public\/apple-touch-icon-ec5ba42a24ae923f16825592efdc356f.png",
                "id": 1,
                "original_url": "https:\/\/qiita.com\/atsushi586\/items\/07015a91e992dd7cdfa9"
            },
            {
                "service_name": "Qiita",
                "title": "プログラマの技術情報共有サービス - Qiita",
                "title_link": "https:\/\/qiita.com\/#%E5%89%8D%E6%8F%90",
                "text": "Qiitaは、プログラマのための技術情報共有サービスです。 プログラミングに関するTips、ノウハウ、メモを簡単に記録 &amp; 公開することができます。",
                "fallback": "Qiita: プログラマの技術情報共有サービス - Qiita",
                "thumb_url": "https:\/\/cdn.qiita.com\/assets\/qiita-fb-41f9429f13a8c56f50dd0ab477c80d26.png",
                "from_url": "https:\/\/qiita.com\/#%E5%89%8D%E6%8F%90",
                "thumb_width": 1200,
                "thumb_height": 630,
                "service_icon": "https:\/\/cdn.qiita.com\/assets\/favicons\/public\/apple-touch-icon-ec5ba42a24ae923f16825592efdc356f.png",
                "id": 2,
                "original_url": "https:\/\/qiita.com\/#%E5%89%8D%E6%8F%90"
            },
            {
                "service_name": "Qiita",
                "title": "プログラマの技術情報共有サービス - Qiita",
                "title_link": "https:\/\/qiita.com\/#%E6%A4%9C%E8%A8%BC",
                "text": "Qiitaは、プログラマのための技術情報共有サービスです。 プログラミングに関するTips、ノウハウ、メモを簡単に記録 &amp; 公開することができます。",
                "fallback": "Qiita: プログラマの技術情報共有サービス - Qiita",
                "thumb_url": "https:\/\/cdn.qiita.com\/assets\/qiita-fb-41f9429f13a8c56f50dd0ab477c80d26.png",
                "from_url": "https:\/\/qiita.com\/#%E6%A4%9C%E8%A8%BC",
                "thumb_width": 1200,
                "thumb_height": 630,
                "service_icon": "https:\/\/cdn.qiita.com\/assets\/favicons\/public\/apple-touch-icon-ec5ba42a24ae923f16825592efdc356f.png",
                "id": 3,
                "original_url": "https:\/\/qiita.com\/#%E6%A4%9C%E8%A8%BC"
            }
        ],
        "edited": {
            "user": "BG3N7LG73",
            "ts": "1614566203.000000"
        }
    },
    {
        "type": "message",
        "subtype": "bot_message",
        "text": "<https:\/\/www.reddit.com\/r\/Terraform\/comments\/luyyiq\/breakup_one_project\/|Breakup One Project>\nHey all, Im trying to figure out how to be more organized. I'm using Microsoft Visual Code. I have one project using aws and terraform. I would like to stand-up a ec2 instance, set-up vpc, subnets, elastic ip, nat, etc. How do I break up these different components in different .tf files but still be able to run a terraform plan and apply.... building it out. I dont want all of it in one <http:\/\/main.tf|main.tf> file. I want someone be able to come in and it be easy on the eyes when they look at the file...",
        "ts": "1614571003.013500",
        "username": "Terraform",
        "icons": {
            "image_48": "https:\/\/s3-us-west-2.amazonaws.com\/slack-files2\/bot_icons\/2019-02-12\/548785199618_48.png"
        },
        "bot_id": "BG3N7LG73",
        "attachments": [
            {
                "service_name": "reddit",
                "title": "Breakup One Project",
                "title_link": "https:\/\/www.reddit.com\/r\/Terraform\/comments\/luyyiq\/breakup_one_project\/",
                "text": "Hey all, Im trying to figure out how to be more organized. I'm using Microsoft Visual Code. I have one project using aws and terraform. I would...",
                "fallback": "reddit: Breakup One Project",
                "thumb_url": "https:\/\/www.redditstatic.com\/new-icon.png",
                "from_url": "https:\/\/www.reddit.com\/r\/Terraform\/comments\/luyyiq\/breakup_one_project\/",
                "thumb_width": 256,
                "thumb_height": 256,
                "service_icon": "http:\/\/www.redditstatic.com\/desktop2x\/img\/favicon\/apple-icon-57x57.png",
                "id": 1,
                "original_url": "https:\/\/www.reddit.com\/r\/Terraform\/comments\/luyyiq\/breakup_one_project\/"
            }
        ],
        "edited": {
            "user": "BG3N7LG73",
            "ts": "1614571003.000000"
        }
    }
]