[
    {
        "type": "message",
        "subtype": "bot_message",
        "text": "<https:\/\/www.reddit.com\/r\/Terraform\/comments\/m146ey\/provisioner_connection_private_ssh_key_from_env\/|Provisioner connection: Private SSH key from env variable not working, verbatim path does?>\nI'm trying to parametrize an EC2 provisioner for pipeline use, i. e. putting the path to the private key in an Env variable is the easiest option with Gitlab's file variables. However, I'm getting the error Failed to read ssh private key: no key found with a config like connection { host = self.public_ip user = \"ubuntu\" private_key = file(var.ssh_master_private_key) }  I've also tried various permutations like \"${file(var.ssh_master_private\\_key)}\"\\ or file(\"${var.ssh_master_private_key}\")...",
        "ts": "1615288605.024900",
        "username": "Terraform",
        "icons": {
            "image_48": "https:\/\/s3-us-west-2.amazonaws.com\/slack-files2\/bot_icons\/2019-02-12\/548785199618_48.png"
        },
        "bot_id": "BG3N7LG73",
        "attachments": [
            {
                "service_name": "reddit",
                "title": "Provisioner connection: Private SSH key from env variable not working, verbatim path does?",
                "title_link": "https:\/\/www.reddit.com\/r\/Terraform\/comments\/m146ey\/provisioner_connection_private_ssh_key_from_env\/",
                "text": "I'm trying to parametrize an EC2 provisioner for pipeline use, i. e. putting the path to the private key in an Env variable is the easiest option...",
                "fallback": "reddit: Provisioner connection: Private SSH key from env variable not working, verbatim path does?",
                "thumb_url": "https:\/\/www.redditstatic.com\/new-icon.png",
                "from_url": "https:\/\/www.reddit.com\/r\/Terraform\/comments\/m146ey\/provisioner_connection_private_ssh_key_from_env\/",
                "thumb_width": 256,
                "thumb_height": 256,
                "service_icon": "http:\/\/www.redditstatic.com\/desktop2x\/img\/favicon\/apple-icon-57x57.png",
                "id": 1,
                "original_url": "https:\/\/www.reddit.com\/r\/Terraform\/comments\/m146ey\/provisioner_connection_private_ssh_key_from_env\/"
            }
        ],
        "edited": {
            "user": "BG3N7LG73",
            "ts": "1615288606.000000"
        }
    },
    {
        "type": "message",
        "subtype": "bot_message",
        "text": "<https:\/\/www.reddit.com\/r\/Terraform\/comments\/m18ei8\/http2_on_alb_with_terraform\/|HTTP2 on ALB with Terraform>\nHi guys, I'm looking for a way to put HTTP2 like in the AWS web console for my target groups. ​ <https:\/\/preview.redd.it\/mp67amloq0m61.png?width=1195&amp;format=png&amp;auto=webp&amp;s=c2b4ee61938fdb209d406d2c8f7f9ecdd41cd551|https:\/\/preview.redd.it\/mp67amloq0m61.png?width=1195&format=png&auto=webp&s=c2b4ee61938fdb209d406d2c8f7f9ecdd41cd551> I tough it actually was HTTP2, but when I make a plan it say that it is in HTTP1. The documentation say that you can enable to true for showing if there...",
        "ts": "1615303604.025100",
        "username": "Terraform",
        "icons": {
            "image_48": "https:\/\/s3-us-west-2.amazonaws.com\/slack-files2\/bot_icons\/2019-02-12\/548785199618_48.png"
        },
        "bot_id": "BG3N7LG73",
        "attachments": [
            {
                "service_name": "reddit",
                "title": "HTTP2 on ALB with Terraform",
                "title_link": "https:\/\/www.reddit.com\/r\/Terraform\/comments\/m18ei8\/http2_on_alb_with_terraform\/",
                "text": "Posted in r\/Terraform by u\/M31moth • 1 point and 0 comments",
                "fallback": "reddit: HTTP2 on ALB with Terraform",
                "from_url": "https:\/\/www.reddit.com\/r\/Terraform\/comments\/m18ei8\/http2_on_alb_with_terraform\/",
                "thumb_url": "https:\/\/external-preview.redd.it\/mp67amloq0m61.png?overlay-align=bottom,left&crop=1195:468,smart&overlay-height=15p&overlay=%2Fwatermark%2Ft5_2u8e4.png%3Fs%3Dbfb326ca8735739e33a60abaf9a7c73bcb4a2134&width=1195&height=468&auto=webp&s=b8d65b80743479cbe234f3032536330b6470db51",
                "thumb_width": 130,
                "thumb_height": 60,
                "service_icon": "http:\/\/www.redditstatic.com\/desktop2x\/img\/favicon\/apple-icon-57x57.png",
                "id": 1,
                "original_url": "https:\/\/www.reddit.com\/r\/Terraform\/comments\/m18ei8\/http2_on_alb_with_terraform\/"
            },
            {
                "fallback": "1195x468px image",
                "image_url": "https:\/\/preview.redd.it\/mp67amloq0m61.png?width=1195&format=png&auto=webp&s=c2b4ee61938fdb209d406d2c8f7f9ecdd41cd551",
                "image_width": 1195,
                "image_height": 468,
                "image_bytes": 40148,
                "from_url": "https:\/\/preview.redd.it\/mp67amloq0m61.png?width=1195&format=png&auto=webp&s=c2b4ee61938fdb209d406d2c8f7f9ecdd41cd551",
                "id": 2,
                "original_url": "https:\/\/preview.redd.it\/mp67amloq0m61.png?width=1195&amp;format=png&amp;auto=webp&amp;s=c2b4ee61938fdb209d406d2c8f7f9ecdd41cd551"
            }
        ],
        "edited": {
            "user": "BG3N7LG73",
            "ts": "1615303923.000000"
        }
    },
    {
        "type": "message",
        "subtype": "bot_message",
        "text": "<https:\/\/www.reddit.com\/r\/Terraform\/comments\/m1ca97\/get_all_instance_ips_for_prometheus_yaml\/|Get all instance IP's for Prometheus yaml?>\nI want to collect all of my instance private IP's near the end of my Terraform deployment so that I can add them to my Prometheus yaml such that it is able to scrape from all of them.  These are all different resources (around 15), broken up by machine type with a few instances of each type. An example of types: ``` worker-titanx worker-titanxp worker-1080ti proxy bastion ingress ``` Since they are all different resources, I can't just do a for-each with a single resource type. Is there a...",
        "ts": "1615313806.025300",
        "username": "Terraform",
        "icons": {
            "image_48": "https:\/\/s3-us-west-2.amazonaws.com\/slack-files2\/bot_icons\/2019-02-12\/548785199618_48.png"
        },
        "bot_id": "BG3N7LG73",
        "attachments": [
            {
                "service_name": "reddit",
                "title": "Get all instance IP's for Prometheus yaml?",
                "title_link": "https:\/\/www.reddit.com\/r\/Terraform\/comments\/m1ca97\/get_all_instance_ips_for_prometheus_yaml\/",
                "text": "I want to collect all of my instance private IP's near the end of my Terraform deployment so that I can add them to my Prometheus yaml such that...",
                "fallback": "reddit: Get all instance IP's for Prometheus yaml?",
                "thumb_url": "https:\/\/www.redditstatic.com\/new-icon.png",
                "from_url": "https:\/\/www.reddit.com\/r\/Terraform\/comments\/m1ca97\/get_all_instance_ips_for_prometheus_yaml\/",
                "thumb_width": 256,
                "thumb_height": 256,
                "service_icon": "http:\/\/www.redditstatic.com\/desktop2x\/img\/favicon\/apple-icon-57x57.png",
                "id": 1,
                "original_url": "https:\/\/www.reddit.com\/r\/Terraform\/comments\/m1ca97\/get_all_instance_ips_for_prometheus_yaml\/"
            }
        ],
        "edited": {
            "user": "BG3N7LG73",
            "ts": "1615313807.000000"
        }
    },
    {
        "type": "message",
        "subtype": "bot_message",
        "text": "<https:\/\/www.reddit.com\/r\/Terraform\/comments\/m1ft7u\/terraform_cloudenterprise_credential_helper\/|Terraform Cloud\/Enterprise Credential Helper>\nWe got tired of keeping our Terraform Cloud\/Enterprise API tokens in plain text in a config file so we created a Terraform credential helper using Go that stores the tokens in the credential manager of the given OS, insert the tokens into the vault, manage them, and generate the necessary config files to allow Terraform to make use of the credential helper. After having great success using it for our team we have decided to share it with the greater FOSS community in hopes that we help can...",
        "ts": "1615324004.025500",
        "username": "Terraform",
        "icons": {
            "image_48": "https:\/\/s3-us-west-2.amazonaws.com\/slack-files2\/bot_icons\/2019-02-12\/548785199618_48.png"
        },
        "bot_id": "BG3N7LG73",
        "attachments": [
            {
                "service_name": "reddit",
                "title": "Terraform Cloud\/Enterprise Credential Helper",
                "title_link": "https:\/\/www.reddit.com\/r\/Terraform\/comments\/m1ft7u\/terraform_cloudenterprise_credential_helper\/",
                "text": "We got tired of keeping our Terraform Cloud\/Enterprise API tokens in plain text in a config file so we created a Terraform credential helper using...",
                "fallback": "reddit: Terraform Cloud\/Enterprise Credential Helper",
                "thumb_url": "https:\/\/www.redditstatic.com\/new-icon.png",
                "from_url": "https:\/\/www.reddit.com\/r\/Terraform\/comments\/m1ft7u\/terraform_cloudenterprise_credential_helper\/",
                "thumb_width": 256,
                "thumb_height": 256,
                "service_icon": "http:\/\/www.redditstatic.com\/desktop2x\/img\/favicon\/apple-icon-57x57.png",
                "id": 1,
                "original_url": "https:\/\/www.reddit.com\/r\/Terraform\/comments\/m1ft7u\/terraform_cloudenterprise_credential_helper\/"
            }
        ],
        "edited": {
            "user": "BG3N7LG73",
            "ts": "1615324005.000000"
        }
    },
    {
        "type": "message",
        "subtype": "bot_message",
        "text": "<https:\/\/www.reddit.com\/r\/Terraform\/comments\/m1ftpj\/install_and_start_openssh_on_windows_server_2016\/|Install and Start OpenSSH on Windows Server 2016 with Terraform User data..>\nI've been struggling with writing a powershell user data script to install and start openssh on a windows machine. Please help..    submitted by   <https:\/\/www.reddit.com\/user\/GeneralSkunkie| \/u\/GeneralSkunkie > \n<https:\/\/www.reddit.com\/r\/Terraform\/comments\/m1ftpj\/install_and_start_openssh_on_windows_server_2016\/|[link]>   <https:\/\/www.reddit.com\/r\/Terraform\/comments\/m1ftpj\/install_and_start_openssh_on_windows_server_2016\/|[comments]>",
        "ts": "1615324004.025600",
        "username": "Terraform",
        "icons": {
            "image_48": "https:\/\/s3-us-west-2.amazonaws.com\/slack-files2\/bot_icons\/2019-02-12\/548785199618_48.png"
        },
        "bot_id": "BG3N7LG73",
        "attachments": [
            {
                "service_name": "reddit",
                "title": "Install and Start OpenSSH on Windows Server 2016 with Terraform User data..",
                "title_link": "https:\/\/www.reddit.com\/r\/Terraform\/comments\/m1ftpj\/install_and_start_openssh_on_windows_server_2016\/",
                "text": "I've been struggling with writing a powershell user data script to install and start openssh on a windows machine. Please help..",
                "fallback": "reddit: Install and Start OpenSSH on Windows Server 2016 with Terraform User data..",
                "thumb_url": "https:\/\/www.redditstatic.com\/new-icon.png",
                "from_url": "https:\/\/www.reddit.com\/r\/Terraform\/comments\/m1ftpj\/install_and_start_openssh_on_windows_server_2016\/",
                "thumb_width": 256,
                "thumb_height": 256,
                "service_icon": "http:\/\/www.redditstatic.com\/desktop2x\/img\/favicon\/apple-icon-57x57.png",
                "id": 1,
                "original_url": "https:\/\/www.reddit.com\/r\/Terraform\/comments\/m1ftpj\/install_and_start_openssh_on_windows_server_2016\/"
            },
            {
                "title": "overview for GeneralSkunkie",
                "title_link": "https:\/\/www.reddit.com\/user\/GeneralSkunkie",
                "text": "The u\/GeneralSkunkie community on Reddit. Reddit gives you the best of the internet in one place.",
                "fallback": "overview for GeneralSkunkie",
                "from_url": "https:\/\/www.reddit.com\/user\/GeneralSkunkie",
                "service_icon": "http:\/\/www.redditstatic.com\/desktop2x\/img\/favicon\/apple-icon-57x57.png",
                "service_name": "reddit.com",
                "id": 2,
                "original_url": "https:\/\/www.reddit.com\/user\/GeneralSkunkie"
            }
        ],
        "edited": {
            "user": "BG3N7LG73",
            "ts": "1615324005.000000"
        }
    },
    {
        "type": "message",
        "subtype": "bot_message",
        "text": "<https:\/\/www.reddit.com\/r\/Terraform\/comments\/m1i0j2\/debugging_error_saved_plan_is_stale\/|Debugging Error: Saved plan is stale>\nSo I got this error:  Saved plan is stale  I wonder if there is a way to debug this type of error? I mean if you get this, what do you usually check for?    submitted by   <https:\/\/www.reddit.com\/user\/kolinkorr839| \/u\/kolinkorr839 > \n<https:\/\/www.reddit.com\/r\/Terraform\/comments\/m1i0j2\/debugging_error_saved_plan_is_stale\/|[link]>   <https:\/\/www.reddit.com\/r\/Terraform\/comments\/m1i0j2\/debugging_error_saved_plan_is_stale\/|[comments]>",
        "ts": "1615328806.025900",
        "username": "Terraform",
        "icons": {
            "image_48": "https:\/\/s3-us-west-2.amazonaws.com\/slack-files2\/bot_icons\/2019-02-12\/548785199618_48.png"
        },
        "bot_id": "BG3N7LG73",
        "attachments": [
            {
                "service_name": "reddit",
                "title": "Debugging Error: Saved plan is stale",
                "title_link": "https:\/\/www.reddit.com\/r\/Terraform\/comments\/m1i0j2\/debugging_error_saved_plan_is_stale\/",
                "text": "So I got this error: Saved plan is stale I wonder if there is a way to debug this type of error? I mean if you get this, what do you...",
                "fallback": "reddit: Debugging Error: Saved plan is stale",
                "thumb_url": "https:\/\/www.redditstatic.com\/new-icon.png",
                "from_url": "https:\/\/www.reddit.com\/r\/Terraform\/comments\/m1i0j2\/debugging_error_saved_plan_is_stale\/",
                "thumb_width": 256,
                "thumb_height": 256,
                "service_icon": "http:\/\/www.redditstatic.com\/desktop2x\/img\/favicon\/apple-icon-57x57.png",
                "id": 1,
                "original_url": "https:\/\/www.reddit.com\/r\/Terraform\/comments\/m1i0j2\/debugging_error_saved_plan_is_stale\/"
            },
            {
                "title": "overview for kolinkorr839",
                "title_link": "https:\/\/www.reddit.com\/user\/kolinkorr839",
                "text": "The u\/kolinkorr839 community on Reddit. Reddit gives you the best of the internet in one place.",
                "fallback": "overview for kolinkorr839",
                "from_url": "https:\/\/www.reddit.com\/user\/kolinkorr839",
                "service_icon": "http:\/\/www.redditstatic.com\/desktop2x\/img\/favicon\/apple-icon-57x57.png",
                "service_name": "reddit.com",
                "id": 2,
                "original_url": "https:\/\/www.reddit.com\/user\/kolinkorr839"
            }
        ],
        "edited": {
            "user": "BG3N7LG73",
            "ts": "1615328806.000000"
        }
    },
    {
        "type": "message",
        "subtype": "bot_message",
        "text": "<https:\/\/www.reddit.com\/r\/Terraform\/comments\/m1j5oh\/terraformlockhcl_realworld_purpose_vs_overhead\/|Terraform.lock.hcl real-world purpose vs. overhead makes it awful>\nTLDR: I'm interested in hearing other's opinion on this new feature, and if maybe perhaps I'm mostly alone on this. Essentially I find it's tries to aggressively solve an issue the coder should be handling anyway, and does so in a way that makes TF harder to use, harder to integrate, less secure, and all around a worse experience for it. Pretty damning opening, but disable and move on is my honest opinion here. Lets start from the top and try to get an understanding of what Hashicorp thought...",
        "ts": "1615333005.026100",
        "username": "Terraform",
        "icons": {
            "image_48": "https:\/\/s3-us-west-2.amazonaws.com\/slack-files2\/bot_icons\/2019-02-12\/548785199618_48.png"
        },
        "bot_id": "BG3N7LG73",
        "attachments": [
            {
                "service_name": "reddit",
                "title": "Terraform.lock.hcl real-world purpose vs. overhead makes it awful",
                "title_link": "https:\/\/www.reddit.com\/r\/Terraform\/comments\/m1j5oh\/terraformlockhcl_realworld_purpose_vs_overhead\/",
                "text": "TLDR: I'm interested in hearing other's opinion on this new feature, and if maybe perhaps I'm mostly alone on this. Essentially I find it's tries...",
                "fallback": "reddit: Terraform.lock.hcl real-world purpose vs. overhead makes it awful",
                "thumb_url": "https:\/\/www.redditstatic.com\/new-icon.png",
                "from_url": "https:\/\/www.reddit.com\/r\/Terraform\/comments\/m1j5oh\/terraformlockhcl_realworld_purpose_vs_overhead\/",
                "thumb_width": 256,
                "thumb_height": 256,
                "service_icon": "http:\/\/www.redditstatic.com\/desktop2x\/img\/favicon\/apple-icon-57x57.png",
                "id": 1,
                "original_url": "https:\/\/www.reddit.com\/r\/Terraform\/comments\/m1j5oh\/terraformlockhcl_realworld_purpose_vs_overhead\/"
            }
        ],
        "edited": {
            "user": "BG3N7LG73",
            "ts": "1615333005.000000"
        }
    },
    {
        "type": "message",
        "subtype": "bot_message",
        "text": "<https:\/\/www.reddit.com\/r\/Terraform\/comments\/m1lizh\/is_it_possible_to_run_packer_in_terraform_cloud\/|Is it possible to run Packer in Terraform Cloud?>\nI assume Terraform Cloud is a fairly limited environment only made for running Terraform, but I had to ask, in case I missed something and somebody here has managed to pull it off.    submitted by   <https:\/\/www.reddit.com\/user\/5alpha-reductase| \/u\/5alpha-reductase > \n<https:\/\/www.reddit.com\/r\/Terraform\/comments\/m1lizh\/is_it_possible_to_run_packer_in_terraform_cloud\/|[link]>   &lt;a...",
        "ts": "1615339603.026300",
        "username": "Terraform",
        "icons": {
            "image_48": "https:\/\/s3-us-west-2.amazonaws.com\/slack-files2\/bot_icons\/2019-02-12\/548785199618_48.png"
        },
        "bot_id": "BG3N7LG73",
        "attachments": [
            {
                "service_name": "reddit",
                "title": "Is it possible to run Packer in Terraform Cloud?",
                "title_link": "https:\/\/www.reddit.com\/r\/Terraform\/comments\/m1lizh\/is_it_possible_to_run_packer_in_terraform_cloud\/",
                "text": "I assume Terraform Cloud is a fairly limited environment only made for running Terraform, but I had to ask, in case I missed something and...",
                "fallback": "reddit: Is it possible to run Packer in Terraform Cloud?",
                "thumb_url": "https:\/\/www.redditstatic.com\/new-icon.png",
                "from_url": "https:\/\/www.reddit.com\/r\/Terraform\/comments\/m1lizh\/is_it_possible_to_run_packer_in_terraform_cloud\/",
                "thumb_width": 256,
                "thumb_height": 256,
                "service_icon": "http:\/\/www.redditstatic.com\/desktop2x\/img\/favicon\/apple-icon-57x57.png",
                "id": 1,
                "original_url": "https:\/\/www.reddit.com\/r\/Terraform\/comments\/m1lizh\/is_it_possible_to_run_packer_in_terraform_cloud\/"
            },
            {
                "title": "overview for 5alpha-reductase",
                "title_link": "https:\/\/www.reddit.com\/user\/5alpha-reductase",
                "text": "The u\/5alpha-reductase community on Reddit. Reddit gives you the best of the internet in one place.",
                "fallback": "overview for 5alpha-reductase",
                "from_url": "https:\/\/www.reddit.com\/user\/5alpha-reductase",
                "service_icon": "http:\/\/www.redditstatic.com\/desktop2x\/img\/favicon\/apple-icon-57x57.png",
                "service_name": "reddit.com",
                "id": 2,
                "original_url": "https:\/\/www.reddit.com\/user\/5alpha-reductase"
            }
        ],
        "edited": {
            "user": "BG3N7LG73",
            "ts": "1615339603.000000"
        }
    },
    {
        "type": "message",
        "subtype": "bot_message",
        "text": "<https:\/\/www.reddit.com\/r\/Terraform\/comments\/m1q1ub\/%E0%A4%95%E0%A4%A6%E0%A4%B0%E0%A4%A4_%E0%A4%A8_%E0%A4%9C%E0%A4%B8_%E0%A4%AC%E0%A4%A8%E0%A4%AF_%E0%A4%B5_%E0%A4%B9_%E0%A4%85%E0%A4%B8%E0%A4%B2_%E0%A4%96%E0%A4%AC%E0%A4%B8%E0%A4%B0%E0%A4%A4_%E0%A4%B9\/|कुदरत ने जैसा बनाया वो ही असली ख़ूबसूरती है>\nsubmitted by   <https:\/\/www.reddit.com\/user\/kendiafitla| \/u\/kendiafitla > \n<https:\/\/i.imgur.com\/HTECons.jpg|[link]>   <https:\/\/www.reddit.com\/r\/Terraform\/comments\/m1q1ub\/%E0%A4%95%E0%A4%A6%E0%A4%B0%E0%A4%A4_%E0%A4%A8_%E0%A4%9C%E0%A4%B8_%E0%A4%AC%E0%A4%A8%E0%A4%AF_%E0%A4%B5_%E0%A4%B9_%E0%A4%85%E0%A4%B8%E0%A4%B2_%E0%A4%96%E0%A4%AC%E0%A4%B8%E0%A4%B0%E0%A4%A4_%E0%A4%B9\/|[comments]>",
        "ts": "1615353999.026500",
        "username": "Terraform",
        "icons": {
            "image_48": "https:\/\/s3-us-west-2.amazonaws.com\/slack-files2\/bot_icons\/2019-02-12\/548785199618_48.png"
        },
        "bot_id": "BG3N7LG73",
        "attachments": [
            {
                "service_name": "reddit",
                "title": "कुदरत ने जैसा बनाया वो ही असली ख़ूबसूरती है",
                "title_link": "https:\/\/www.reddit.com\/r\/Terraform\/comments\/m1q1ub\/%E0%A4%95%E0%A4%A6%E0%A4%B0%E0%A4%A4_%E0%A4%A8_%E0%A4%9C%E0%A4%B8_%E0%A4%AC%E0%A4%A8%E0%A4%AF_%E0%A4%B5_%E0%A4%B9_%E0%A4%85%E0%A4%B8%E0%A4%B2_%E0%A4%96%E0%A4%AC%E0%A4%B8%E0%A4%B0%E0%A4%A4_%E0%A4%B9\/",
                "text": "Posted in r\/Terraform by u\/kendiafitla • 0 points and 0 comments",
                "fallback": "reddit: कुदरत ने जैसा बनाया वो ही असली ख़ूबसूरती है",
                "thumb_url": "https:\/\/i.imgur.com\/HTECons.jpg",
                "from_url": "https:\/\/www.reddit.com\/r\/Terraform\/comments\/m1q1ub\/%E0%A4%95%E0%A4%A6%E0%A4%B0%E0%A4%A4_%E0%A4%A8_%E0%A4%9C%E0%A4%B8_%E0%A4%AC%E0%A4%A8%E0%A4%AF_%E0%A4%B5_%E0%A4%B9_%E0%A4%85%E0%A4%B8%E0%A4%B2_%E0%A4%96%E0%A4%AC%E0%A4%B8%E0%A4%B0%E0%A4%A4_%E0%A4%B9\/",
                "thumb_width": 773,
                "thumb_height": 1047,
                "service_icon": "http:\/\/www.redditstatic.com\/desktop2x\/img\/favicon\/apple-icon-57x57.png",
                "id": 1,
                "original_url": "https:\/\/www.reddit.com\/r\/Terraform\/comments\/m1q1ub\/%E0%A4%95%E0%A4%A6%E0%A4%B0%E0%A4%A4_%E0%A4%A8_%E0%A4%9C%E0%A4%B8_%E0%A4%AC%E0%A4%A8%E0%A4%AF_%E0%A4%B5_%E0%A4%B9_%E0%A4%85%E0%A4%B8%E0%A4%B2_%E0%A4%96%E0%A4%AC%E0%A4%B8%E0%A4%B0%E0%A4%A4_%E0%A4%B9\/"
            },
            {
                "title": "overview for kendiafitla",
                "title_link": "https:\/\/www.reddit.com\/user\/kendiafitla",
                "text": "The u\/kendiafitla community on Reddit. Reddit gives you the best of the internet in one place.",
                "fallback": "overview for kendiafitla",
                "from_url": "https:\/\/www.reddit.com\/user\/kendiafitla",
                "service_icon": "http:\/\/www.redditstatic.com\/desktop2x\/img\/favicon\/apple-icon-57x57.png",
                "service_name": "reddit.com",
                "id": 2,
                "original_url": "https:\/\/www.reddit.com\/user\/kendiafitla"
            },
            {
                "fallback": "773x1047px image",
                "image_url": "https:\/\/i.imgur.com\/HTECons.jpg",
                "image_width": 773,
                "image_height": 1047,
                "image_bytes": 265378,
                "from_url": "https:\/\/i.imgur.com\/HTECons.jpg",
                "id": 3,
                "original_url": "https:\/\/i.imgur.com\/HTECons.jpg"
            }
        ],
        "edited": {
            "user": "BG3N7LG73",
            "ts": "1615354000.000000"
        }
    },
    {
        "type": "message",
        "subtype": "bot_message",
        "text": "<https:\/\/www.reddit.com\/r\/Terraform\/comments\/m1q2ob\/bigquery_views_using_terraform\/|bigquery views using terraform>\nHI , can we create dataset views using terraform ? if so how.pls share tf code if    submitted by   <https:\/\/www.reddit.com\/user\/Dazzling-Vehicle-490| \/u\/Dazzling-Vehicle-490 > \n<https:\/\/www.reddit.com\/r\/Terraform\/comments\/m1q2ob\/bigquery_views_using_terraform\/|[link]>   <https:\/\/www.reddit.com\/r\/Terraform\/comments\/m1q2ob\/bigquery_views_using_terraform\/|[comments]>",
        "ts": "1615354000.026600",
        "username": "Terraform",
        "icons": {
            "image_48": "https:\/\/s3-us-west-2.amazonaws.com\/slack-files2\/bot_icons\/2019-02-12\/548785199618_48.png"
        },
        "bot_id": "BG3N7LG73",
        "attachments": [
            {
                "service_name": "reddit",
                "title": "bigquery views using terraform",
                "title_link": "https:\/\/www.reddit.com\/r\/Terraform\/comments\/m1q2ob\/bigquery_views_using_terraform\/",
                "text": "HI , can we create dataset views using terraform ? if so how.pls share tf code if",
                "fallback": "reddit: bigquery views using terraform",
                "thumb_url": "https:\/\/www.redditstatic.com\/new-icon.png",
                "from_url": "https:\/\/www.reddit.com\/r\/Terraform\/comments\/m1q2ob\/bigquery_views_using_terraform\/",
                "thumb_width": 256,
                "thumb_height": 256,
                "service_icon": "http:\/\/www.redditstatic.com\/desktop2x\/img\/favicon\/apple-icon-57x57.png",
                "id": 1,
                "original_url": "https:\/\/www.reddit.com\/r\/Terraform\/comments\/m1q2ob\/bigquery_views_using_terraform\/"
            },
            {
                "title": "overview for Dazzling-Vehicle-490",
                "title_link": "https:\/\/www.reddit.com\/user\/Dazzling-Vehicle-490",
                "text": "The u\/Dazzling-Vehicle-490 community on Reddit. Reddit gives you the best of the internet in one place.",
                "fallback": "overview for Dazzling-Vehicle-490",
                "from_url": "https:\/\/www.reddit.com\/user\/Dazzling-Vehicle-490",
                "service_icon": "http:\/\/www.redditstatic.com\/desktop2x\/img\/favicon\/apple-icon-57x57.png",
                "service_name": "reddit.com",
                "id": 2,
                "original_url": "https:\/\/www.reddit.com\/user\/Dazzling-Vehicle-490"
            }
        ],
        "edited": {
            "user": "BG3N7LG73",
            "ts": "1615354000.000000"
        }
    }
]