[
    {
        "type": "message",
        "subtype": "bot_message",
        "text": "<https:\/\/www.reddit.com\/r\/Terraform\/comments\/mcwvc3\/azure_eventhub_dedicated_sku\/|Azure Eventhub Dedicated Sku>\nHello All, azure eventhub Standard sku allows for up to 10 \"eventhubs\" or in kafka terms \"topics\" inside a namespace. Once you need more than that, you have to go to the Dedicated sku. Reference: <https:\/\/docs.microsoft.com\/en-us\/azure\/event-hubs\/event-hubs-quotas|https:\/\/docs.microsoft.com\/en-us\/azure\/event-hubs\/event-hubs-quotas> If I supply \"Dedicated\" to the sku variable in the resource, I get this Error: expected sku to be one of [Basic Standard], got Dedicated  Can I only...",
        "ts": "1616674610.012700",
        "username": "Terraform",
        "icons": {
            "image_48": "https:\/\/s3-us-west-2.amazonaws.com\/slack-files2\/bot_icons\/2019-02-12\/548785199618_48.png"
        },
        "bot_id": "BG3N7LG73",
        "attachments": [
            {
                "service_name": "reddit",
                "title": "Azure Eventhub Dedicated Sku",
                "title_link": "https:\/\/www.reddit.com\/r\/Terraform\/comments\/mcwvc3\/azure_eventhub_dedicated_sku\/",
                "text": "Hello All, azure eventhub Standard sku allows for up to 10 \"eventhubs\" or in kafka terms \"topics\" inside a namespace. Once you need more than...",
                "fallback": "reddit: Azure Eventhub Dedicated Sku",
                "thumb_url": "https:\/\/www.redditstatic.com\/new-icon.png",
                "from_url": "https:\/\/www.reddit.com\/r\/Terraform\/comments\/mcwvc3\/azure_eventhub_dedicated_sku\/",
                "thumb_width": 256,
                "thumb_height": 256,
                "service_icon": "http:\/\/www.redditstatic.com\/desktop2x\/img\/favicon\/apple-icon-57x57.png",
                "id": 1,
                "original_url": "https:\/\/www.reddit.com\/r\/Terraform\/comments\/mcwvc3\/azure_eventhub_dedicated_sku\/"
            },
            {
                "title": "Quotas and limits - Azure Event Hubs - Azure Event Hubs",
                "title_link": "https:\/\/docs.microsoft.com\/en-us\/azure\/event-hubs\/event-hubs-quotas",
                "text": "This article provides limits and quotas for Azure Event Hubs. For example, number of namespaces per subscription, number of event hubs per namespace.",
                "fallback": "Quotas and limits - Azure Event Hubs - Azure Event Hubs",
                "thumb_url": "https:\/\/docs.microsoft.com\/en-us\/media\/logos\/logo-ms-social.png",
                "from_url": "https:\/\/docs.microsoft.com\/en-us\/azure\/event-hubs\/event-hubs-quotas",
                "thumb_width": 400,
                "thumb_height": 400,
                "service_icon": "https:\/\/docs.microsoft.com\/favicon.ico",
                "service_name": "docs.microsoft.com",
                "id": 2,
                "original_url": "https:\/\/docs.microsoft.com\/en-us\/azure\/event-hubs\/event-hubs-quotas"
            }
        ],
        "edited": {
            "user": "BG3N7LG73",
            "ts": "1616674612.000000"
        }
    },
    {
        "type": "message",
        "subtype": "bot_message",
        "text": "<https:\/\/www.reddit.com\/r\/Terraform\/comments\/md35c8\/bloody_maps_access\/|Bloody maps access>\nHey guys, Iam struggling with constructing list from some nested objects in terraform. I have a list: ​  vnets = [ { name = \"vnet1\" location = \"us\" subnets = [ { name = \"subnet1\" prefix = \"10.10.99.0\/24\" ignore_changes = false }, { name = \"subnet2\" prefix = \"10.10.19.0\/24\" ignore_changes = true }, { name = \"subnet3\" prefix = \"10.10.19.0\/24\" ignore_changes = true }, { name = \"subnet4\" prefix = \"10.1.224.0\/19\" ignore_changes = true } ] } ]  And I am using module to create vnet+subnets in...",
        "ts": "1616692607.012900",
        "username": "Terraform",
        "icons": {
            "image_48": "https:\/\/s3-us-west-2.amazonaws.com\/slack-files2\/bot_icons\/2019-02-12\/548785199618_48.png"
        },
        "bot_id": "BG3N7LG73",
        "attachments": [
            {
                "service_name": "reddit",
                "title": "Bloody maps access",
                "title_link": "https:\/\/www.reddit.com\/r\/Terraform\/comments\/md35c8\/bloody_maps_access\/",
                "text": "Hey guys, Iam struggling with constructing list from some nested objects in terraform. I have a list: &amp;#x200B; vnets = [ { ...",
                "fallback": "reddit: Bloody maps access",
                "thumb_url": "https:\/\/www.redditstatic.com\/new-icon.png",
                "from_url": "https:\/\/www.reddit.com\/r\/Terraform\/comments\/md35c8\/bloody_maps_access\/",
                "thumb_width": 256,
                "thumb_height": 256,
                "service_icon": "http:\/\/www.redditstatic.com\/desktop2x\/img\/favicon\/apple-icon-57x57.png",
                "id": 1,
                "original_url": "https:\/\/www.reddit.com\/r\/Terraform\/comments\/md35c8\/bloody_maps_access\/"
            }
        ],
        "edited": {
            "user": "BG3N7LG73",
            "ts": "1616692608.000000"
        }
    },
    {
        "type": "message",
        "subtype": "bot_message",
        "text": "<https:\/\/www.reddit.com\/r\/Terraform\/comments\/md8bos\/terraform_azuread_user_creation\/|Terraform + AzureAD User Creation>\nI noticed today that AzureAD is available as a provider, and includes the <https:\/\/registry.terraform.io\/providers\/hashicorp\/azuread\/latest\/docs\/resources\/user|User resource>. User account creation is neat and all, but the password field is required.  I can see using Terraform to simplify account creation processes, having something like a scheduled job run hourly to pull new hires in and deploy them to AD and Group Management, etc., but the thought of having to put a password in,...",
        "ts": "1616707010.013100",
        "username": "Terraform",
        "icons": {
            "image_48": "https:\/\/s3-us-west-2.amazonaws.com\/slack-files2\/bot_icons\/2019-02-12\/548785199618_48.png"
        },
        "bot_id": "BG3N7LG73",
        "attachments": [
            {
                "service_name": "reddit",
                "title": "Terraform + AzureAD User Creation",
                "title_link": "https:\/\/www.reddit.com\/r\/Terraform\/comments\/md8bos\/terraform_azuread_user_creation\/",
                "text": "I noticed today that AzureAD is available as a provider, and includes the [User...",
                "fallback": "reddit: Terraform + AzureAD User Creation",
                "thumb_url": "https:\/\/www.redditstatic.com\/new-icon.png",
                "from_url": "https:\/\/www.reddit.com\/r\/Terraform\/comments\/md8bos\/terraform_azuread_user_creation\/",
                "thumb_width": 256,
                "thumb_height": 256,
                "service_icon": "http:\/\/www.redditstatic.com\/desktop2x\/img\/favicon\/apple-icon-57x57.png",
                "id": 1,
                "original_url": "https:\/\/www.reddit.com\/r\/Terraform\/comments\/md8bos\/terraform_azuread_user_creation\/"
            }
        ],
        "edited": {
            "user": "BG3N7LG73",
            "ts": "1616707010.000000"
        }
    },
    {
        "type": "message",
        "subtype": "bot_message",
        "text": "<https:\/\/www.reddit.com\/r\/Terraform\/comments\/mdaegr\/aws_eks_and_default_security_group\/|AWS EKS and default Security Group>\nHi guys, currently I am migrating from AWS ECS into EKS and I struggle with one things and that's the Cluster security group created by default by EKS. I know that it's possible to add rules into this group using data and aws_security_group_rule resources. I would like to override this default group and use my previously created group instead. I have couple of reasons: Naming convention - all my SGs are named to be quickly recognised and the default name (eks-cluster-sg-apps-31312) is not OK...",
        "ts": "1616713008.013300",
        "username": "Terraform",
        "icons": {
            "image_48": "https:\/\/s3-us-west-2.amazonaws.com\/slack-files2\/bot_icons\/2019-02-12\/548785199618_48.png"
        },
        "bot_id": "BG3N7LG73",
        "attachments": [
            {
                "service_name": "reddit",
                "title": "AWS EKS and default Security Group",
                "title_link": "https:\/\/www.reddit.com\/r\/Terraform\/comments\/mdaegr\/aws_eks_and_default_security_group\/",
                "text": "Hi guys, currently I am migrating from AWS ECS into EKS and I struggle with one things and that's the Cluster security group created by default...",
                "fallback": "reddit: AWS EKS and default Security Group",
                "thumb_url": "https:\/\/www.redditstatic.com\/new-icon.png",
                "from_url": "https:\/\/www.reddit.com\/r\/Terraform\/comments\/mdaegr\/aws_eks_and_default_security_group\/",
                "thumb_width": 256,
                "thumb_height": 256,
                "service_icon": "http:\/\/www.redditstatic.com\/desktop2x\/img\/favicon\/apple-icon-57x57.png",
                "id": 1,
                "original_url": "https:\/\/www.reddit.com\/r\/Terraform\/comments\/mdaegr\/aws_eks_and_default_security_group\/"
            }
        ],
        "edited": {
            "user": "BG3N7LG73",
            "ts": "1616713009.000000"
        }
    },
    {
        "type": "message",
        "subtype": "bot_message",
        "text": "<https:\/\/www.reddit.com\/r\/Terraform\/comments\/mddd3t\/using_azurerm_windows_virtual_machine_and_azurerm\/|Using \"azurerm_windows_virtual_machine\" and \"azurerm_mssql_virtual_machine\" together to spin up a SQL Server Virtual Machine in Azure - but SQL Storage isn't getting configured.>\nHey Guys, Good morning. Need an assist. This is regarding Azure.\n In my previous project I have used the legacy \"azurerm_virtual_machine\" resource + ARM Template to provision the \"Microsoft.SqlVirtualMachine\/SqlVirtualMachines\" resource and have the data disks, luns configured. That works pretty well. In my current project we are making use of the newer resource \"azurerm_windows_virtual_machine\" ,+ \"azurerm_mssql_virtual_machine\" together to spin up the SQL VMs. However it's been a dud so...",
        "ts": "1616722008.013500",
        "username": "Terraform",
        "icons": {
            "image_48": "https:\/\/s3-us-west-2.amazonaws.com\/slack-files2\/bot_icons\/2019-02-12\/548785199618_48.png"
        },
        "bot_id": "BG3N7LG73",
        "attachments": [
            {
                "service_name": "reddit",
                "title": "Using \"azurerm_windows_virtual_machine\" and \"azurerm_mssql_virtual_machine\" together to spin up a SQL Server Virtual Machine in Azure - but SQL Storage isn't getting configured.",
                "title_link": "https:\/\/www.reddit.com\/r\/Terraform\/comments\/mddd3t\/using_azurerm_windows_virtual_machine_and_azurerm\/",
                "text": "Hey Guys, Good morning. Need an assist. This is regarding Azure. In my previous project I have used the legacy \"azurerm\\_virtual\\_machine\"...",
                "fallback": "reddit: Using \"azurerm_windows_virtual_machine\" and \"azurerm_mssql_virtual_machine\" together to spin up a SQL Server Virtual Machine in Azure - but SQL Storage isn't getting configured.",
                "thumb_url": "https:\/\/www.redditstatic.com\/new-icon.png",
                "from_url": "https:\/\/www.reddit.com\/r\/Terraform\/comments\/mddd3t\/using_azurerm_windows_virtual_machine_and_azurerm\/",
                "thumb_width": 256,
                "thumb_height": 256,
                "service_icon": "http:\/\/www.redditstatic.com\/desktop2x\/img\/favicon\/apple-icon-57x57.png",
                "id": 1,
                "original_url": "https:\/\/www.reddit.com\/r\/Terraform\/comments\/mddd3t\/using_azurerm_windows_virtual_machine_and_azurerm\/"
            }
        ],
        "edited": {
            "user": "BG3N7LG73",
            "ts": "1616722009.000000"
        }
    },
    {
        "type": "message",
        "subtype": "bot_message",
        "text": "<https:\/\/www.google.com\/url?rct=j&amp;sa=t&amp;url=https:\/\/www.lac.co.jp\/solution_product\/terraform.html&amp;ct=ga&amp;cd=CAIyHDMwMTY1OGE1ZDI5NDAyNzE6Y28uanA6amE6SlA&amp;usg=AFQjCNEzG9faeJ4YFU1jdBoKtEtHC5ACPg|HashiCorp &lt;b&gt;Terraform&lt;\/b&gt; Enterprise\/ &lt;b&gt;Terraform&lt;\/b&gt; Cloud Business | セキュリティ対策のラック>\nTerraform（テラフォーム）は、マルチクラウド環境でのインフラ構築において、コードによる設定変更作業や履歴管理ができ、さらに組織のポリシー ...",
        "ts": "1616724830.013700",
        "username": "Google アラート - terraform",
        "icons": {
            "image_36": "https:\/\/a.slack-edge.com\/80588\/img\/services\/rss_36.png",
            "image_48": "https:\/\/a.slack-edge.com\/80588\/img\/services\/rss_48.png",
            "image_72": "https:\/\/a.slack-edge.com\/80588\/img\/services\/rss_72.png"
        },
        "bot_id": "BG3N7LG73"
    },
    {
        "type": "message",
        "subtype": "bot_message",
        "text": "<https:\/\/www.reddit.com\/r\/Terraform\/comments\/mdhec4\/ainotebook_with_old_tf_code\/|ai-notebook with old tf code>\nHI , I am trying to create ai-notebook using <https:\/\/tf.my\/|tf.> All my previous tf code is deployed using terraform version 0.11.8 and google provider version 2.x. But when i tried to deploy ai notebook, i found provider version doesn't support google_notebooks_instance. <https:\/\/suitable.as\/|As> per my exploration it needs terraform version above 0.12.x and google provider above 3.x. ​ can some guide me how deploy ai notebook with old tf code ?  can i change...",
        "ts": "1616737007.013800",
        "username": "Terraform",
        "icons": {
            "image_48": "https:\/\/s3-us-west-2.amazonaws.com\/slack-files2\/bot_icons\/2019-02-12\/548785199618_48.png"
        },
        "bot_id": "BG3N7LG73",
        "attachments": [
            {
                "service_name": "reddit",
                "title": "ai-notebook with old tf code",
                "title_link": "https:\/\/www.reddit.com\/r\/Terraform\/comments\/mdhec4\/ainotebook_with_old_tf_code\/",
                "text": "HI , I am trying to create ai-notebook using [tf.](<https:\/\/tf.My>) All my previous tf code is deployed using terraform version 0.11.8 and google...",
                "fallback": "reddit: ai-notebook with old tf code",
                "thumb_url": "https:\/\/www.redditstatic.com\/new-icon.png",
                "from_url": "https:\/\/www.reddit.com\/r\/Terraform\/comments\/mdhec4\/ainotebook_with_old_tf_code\/",
                "thumb_width": 256,
                "thumb_height": 256,
                "service_icon": "http:\/\/www.redditstatic.com\/desktop2x\/img\/favicon\/apple-icon-57x57.png",
                "id": 1,
                "original_url": "https:\/\/www.reddit.com\/r\/Terraform\/comments\/mdhec4\/ainotebook_with_old_tf_code\/"
            }
        ],
        "edited": {
            "user": "BG3N7LG73",
            "ts": "1616737008.000000"
        }
    }
]