[
    {
        "type": "message",
        "subtype": "bot_message",
        "text": "<https:\/\/www.reddit.com\/r\/Terraform\/comments\/m4v1sx\/help_how_do_i_use_output_from_for_each_loop_as\/|Help! How do I use output from for_each loop as inputs to another module?>\nHow can I use the outputs of a previous module as inputs? I'm creating two compartments in OCI and want to pass on the name and ids as vars to the next module(s) #<http:\/\/outputs.tf|outputs.tf> output \"compartment\" { value = module.CreateCompartment } # terraform output Changes to Outputs: + compartment = { + nonproduction = { + compartment_description = \"sid_lower compartment\" + compartment_id = (known after apply) + compartment_name = \"sid_lower\" + parent_compartment_id = \"ocid1.tenancy.oc1..xxxxx\" } +...",
        "ts": "1615729603.033500",
        "username": "Terraform",
        "icons": {
            "image_48": "https:\/\/s3-us-west-2.amazonaws.com\/slack-files2\/bot_icons\/2019-02-12\/548785199618_48.png"
        },
        "bot_id": "BG3N7LG73",
        "attachments": [
            {
                "service_name": "reddit",
                "title": "Help! How do I use output from for_each loop as inputs to another module?",
                "title_link": "https:\/\/www.reddit.com\/r\/Terraform\/comments\/m4v1sx\/help_how_do_i_use_output_from_for_each_loop_as\/",
                "text": "How can I use the outputs of a previous module as inputs? I'm creating two compartments in OCI and want to pass on the name and ids as vars to...",
                "fallback": "reddit: Help! How do I use output from for_each loop as inputs to another module?",
                "thumb_url": "https:\/\/www.redditstatic.com\/new-icon.png",
                "from_url": "https:\/\/www.reddit.com\/r\/Terraform\/comments\/m4v1sx\/help_how_do_i_use_output_from_for_each_loop_as\/",
                "thumb_width": 256,
                "thumb_height": 256,
                "service_icon": "http:\/\/www.redditstatic.com\/desktop2x\/img\/favicon\/apple-icon-57x57.png",
                "id": 1,
                "original_url": "https:\/\/www.reddit.com\/r\/Terraform\/comments\/m4v1sx\/help_how_do_i_use_output_from_for_each_loop_as\/"
            }
        ],
        "edited": {
            "user": "BG3N7LG73",
            "ts": "1615729603.000000"
        }
    },
    {
        "type": "message",
        "subtype": "bot_message",
        "text": "<https:\/\/www.reddit.com\/r\/Terraform\/comments\/m4x4xe\/regarding_using_external_modules_inside_nested\/|Regarding using external modules inside nested modules>\nHi All,  I am trying to create a nested module in terraform  In the root directory, when I use a external module, I see that the module is downloaded in  ${ROOT_DIR}\/.terraform\/modules I am trying to create a module that internally depends on a external module So in the root dir I have created a <http:\/\/main.tf|main.tf> that is sourcing git::<https:\/\/github.com\/terraform-aws-modules\/terraform-aws-autoscaling.git|https:\/\/github.com\/terraform-aws-modules\/terraform-aws-autoscaling.git> The <http:\/\/main.tf|main.tf> is...",
        "ts": "1615736806.033700",
        "username": "Terraform",
        "icons": {
            "image_48": "https:\/\/s3-us-west-2.amazonaws.com\/slack-files2\/bot_icons\/2019-02-12\/548785199618_48.png"
        },
        "bot_id": "BG3N7LG73",
        "attachments": [
            {
                "service_name": "reddit",
                "title": "Regarding using external modules inside nested modules",
                "title_link": "https:\/\/www.reddit.com\/r\/Terraform\/comments\/m4x4xe\/regarding_using_external_modules_inside_nested\/",
                "text": "Hi All, I am trying to create a nested module in terraform In the root directory, when I use a external module, I see that the module is...",
                "fallback": "reddit: Regarding using external modules inside nested modules",
                "thumb_url": "https:\/\/www.redditstatic.com\/new-icon.png",
                "from_url": "https:\/\/www.reddit.com\/r\/Terraform\/comments\/m4x4xe\/regarding_using_external_modules_inside_nested\/",
                "thumb_width": 256,
                "thumb_height": 256,
                "service_icon": "http:\/\/www.redditstatic.com\/desktop2x\/img\/favicon\/apple-icon-57x57.png",
                "id": 1,
                "original_url": "https:\/\/www.reddit.com\/r\/Terraform\/comments\/m4x4xe\/regarding_using_external_modules_inside_nested\/"
            },
            {
                "service_name": "GitHub",
                "title": "terraform-aws-modules\/terraform-aws-autoscaling",
                "title_link": "https:\/\/github.com\/terraform-aws-modules\/terraform-aws-autoscaling.git",
                "text": "Terraform module which creates Auto Scaling resources on AWS - terraform-aws-modules\/terraform-aws-autoscaling",
                "fallback": "GitHub: terraform-aws-modules\/terraform-aws-autoscaling",
                "thumb_url": "https:\/\/avatars.githubusercontent.com\/u\/31414033?s=400&v=4",
                "from_url": "https:\/\/github.com\/terraform-aws-modules\/terraform-aws-autoscaling.git",
                "thumb_width": 400,
                "thumb_height": 400,
                "service_icon": "https:\/\/a.slack-edge.com\/80588\/img\/unfurl_icons\/github.png",
                "id": 2,
                "original_url": "https:\/\/github.com\/terraform-aws-modules\/terraform-aws-autoscaling.git"
            }
        ],
        "edited": {
            "user": "BG3N7LG73",
            "ts": "1615736807.000000"
        }
    },
    {
        "type": "message",
        "subtype": "bot_message",
        "text": "<https:\/\/www.reddit.com\/r\/Terraform\/comments\/m4y16x\/terrafrom_api\/|Terrafrom API?>\nHi guys!!! I work at a DevOps team in Tech company in Italy. We work on an private on premise network, we have a private datacenter managed by VMware vsphere. One of my duties is to create vm’s by request of a user, for now we developed a website so the client can login an request a vm, the backend works with pyvmomi. I want to make a website so the user can order a vm on the vsphere as a service but the backend will be with Terraform, so I need to create a RestAPI of terraform, someone did...",
        "ts": "1615739805.033900",
        "username": "Terraform",
        "icons": {
            "image_48": "https:\/\/s3-us-west-2.amazonaws.com\/slack-files2\/bot_icons\/2019-02-12\/548785199618_48.png"
        },
        "bot_id": "BG3N7LG73",
        "attachments": [
            {
                "service_name": "reddit",
                "title": "Terrafrom API?",
                "title_link": "https:\/\/www.reddit.com\/r\/Terraform\/comments\/m4y16x\/terrafrom_api\/",
                "text": "Hi guys!!! I work at a DevOps team in Tech company in Italy. We work on an private on premise network, we have a private datacenter managed by...",
                "fallback": "reddit: Terrafrom API?",
                "thumb_url": "https:\/\/www.redditstatic.com\/new-icon.png",
                "from_url": "https:\/\/www.reddit.com\/r\/Terraform\/comments\/m4y16x\/terrafrom_api\/",
                "thumb_width": 256,
                "thumb_height": 256,
                "service_icon": "http:\/\/www.redditstatic.com\/desktop2x\/img\/favicon\/apple-icon-57x57.png",
                "id": 1,
                "original_url": "https:\/\/www.reddit.com\/r\/Terraform\/comments\/m4y16x\/terrafrom_api\/"
            }
        ],
        "edited": {
            "user": "BG3N7LG73",
            "ts": "1615739805.000000"
        }
    },
    {
        "type": "message",
        "subtype": "bot_message",
        "text": "<https:\/\/qiita.com\/Noma74\/items\/269308c502aeb6a89ba7|terraformを使ってみる>\n<https:\/\/qiita.com\/#terraform%E3%82%92%E4%BD%BF%E3%81%A3%E3%81%A6%E3%81%BF%E3%82%8B>terraformを使ってみる\n\n自社でterraformの簡単な使用方法について説明する機会があるので準備するにあたってのメモ\n\n\n<https:\/\/qiita.com\/#aws%E3%82%A2%E3%82%AB%E3%82%A6%E3%83%B3%E3%83%88%E3%81%AE%E5%8F%96%E5%BE%97>AWSアカウントの取得\n\n無料枠でやる。普通にアカウントを作成する\n\n\n<https:\/\/qiita.com\/#%E5%88%9D%E5%9B%9E%E3%83%AD%E3%82%B0%E3%82%A4%E3%83%B3%E3%81%AE%E6%B3%A8%E6%84%8F%E7%82%B9>初回ログインの注意点\n\nログインはルートユーザーの E メールを使用したサインインから入る\n\n\n&lt;a...",
        "ts": "1615767405.034100",
        "username": "Terraformタグが付けられた新着記事 - Qiita",
        "icons": {
            "image_36": "https:\/\/a.slack-edge.com\/80588\/img\/services\/rss_36.png",
            "image_48": "https:\/\/a.slack-edge.com\/80588\/img\/services\/rss_48.png",
            "image_72": "https:\/\/a.slack-edge.com\/80588\/img\/services\/rss_72.png"
        },
        "bot_id": "BG3N7LG73",
        "attachments": [
            {
                "service_name": "Qiita",
                "title": "terraformを使ってみる - Qiita",
                "title_link": "https:\/\/qiita.com\/Noma74\/items\/269308c502aeb6a89ba7",
                "text": "terraformを使ってみる 自社でterraformの簡単な使用方法について説明する機会があるので準備するにあたってのメモ AWSアカウントの取得 無料枠でやる。普通にアカウントを作成する 初回ログインの注意点 ...",
                "fallback": "Qiita: terraformを使ってみる - Qiita",
                "image_url": "https:\/\/qiita-user-contents.imgix.net\/https%3A%2F%2Fcdn.qiita.com%2Fassets%2Fpublic%2Farticle-ogp-background-1150d8b18a7c15795b701a55ae908f94.png?ixlib=rb-1.2.2&w=1200&mark=https%3A%2F%2Fqiita-user-contents.imgix.net%2F~text%3Fixlib%3Drb-1.2.2%26w%3D840%26h%3D380%26txt%3Dterraform%25E3%2582%2592%25E4%25BD%25BF%25E3%2581%25A3%25E3%2581%25A6%25E3%2581%25BF%25E3%2582%258B%26txt-color%3D%2523333%26txt-font%3DHiragino%2520Sans%2520W6%26txt-size%3D54%26txt-clip%3Dellipsis%26txt-align%3Dcenter%252Cmiddle%26s%3Dff5f94abc8500506ef49e316766b51b6&mark-align=center%2Cmiddle&blend=https%3A%2F%2Fqiita-user-contents.imgix.net%2F~text%3Fixlib%3Drb-1.2.2%26w%3D840%26h%3D500%26txt%3D%2540Noma74%26txt-color%3D%2523333%26txt-font%3DHiragino%2520Sans%2520W6%26txt-size%3D45%26txt-align%3Dright%252Cbottom%26s%3Dd29fc679615a59ee4ab91bf6a8f2bd4c&blend-align=center%2Cmiddle&blend-mode=normal&s=f96ca65478342a813aacc643430500a5",
                "from_url": "https:\/\/qiita.com\/Noma74\/items\/269308c502aeb6a89ba7",
                "image_width": 476,
                "image_height": 250,
                "image_bytes": 35943,
                "service_icon": "https:\/\/cdn.qiita.com\/assets\/favicons\/public\/apple-touch-icon-ec5ba42a24ae923f16825592efdc356f.png",
                "id": 1,
                "original_url": "https:\/\/qiita.com\/Noma74\/items\/269308c502aeb6a89ba7"
            },
            {
                "service_name": "Qiita",
                "title": "プログラマの技術情報共有サービス - Qiita",
                "title_link": "https:\/\/qiita.com\/#terraform%E3%82%92%E4%BD%BF%E3%81%A3%E3%81%A6%E3%81%BF%E3%82%8B",
                "text": "Qiitaは、プログラマのための技術情報共有サービスです。 プログラミングに関するTips、ノウハウ、メモを簡単に記録 &amp; 公開することができます。",
                "fallback": "Qiita: プログラマの技術情報共有サービス - Qiita",
                "thumb_url": "https:\/\/cdn.qiita.com\/assets\/qiita-fb-41f9429f13a8c56f50dd0ab477c80d26.png",
                "from_url": "https:\/\/qiita.com\/#terraform%E3%82%92%E4%BD%BF%E3%81%A3%E3%81%A6%E3%81%BF%E3%82%8B",
                "thumb_width": 1200,
                "thumb_height": 630,
                "service_icon": "https:\/\/cdn.qiita.com\/assets\/favicons\/public\/apple-touch-icon-ec5ba42a24ae923f16825592efdc356f.png",
                "id": 2,
                "original_url": "https:\/\/qiita.com\/#terraform%E3%82%92%E4%BD%BF%E3%81%A3%E3%81%A6%E3%81%BF%E3%82%8B"
            },
            {
                "service_name": "Qiita",
                "title": "プログラマの技術情報共有サービス - Qiita",
                "title_link": "https:\/\/qiita.com\/#aws%E3%82%A2%E3%82%AB%E3%82%A6%E3%83%B3%E3%83%88%E3%81%AE%E5%8F%96%E5%BE%97",
                "text": "Qiitaは、プログラマのための技術情報共有サービスです。 プログラミングに関するTips、ノウハウ、メモを簡単に記録 &amp; 公開することができます。",
                "fallback": "Qiita: プログラマの技術情報共有サービス - Qiita",
                "thumb_url": "https:\/\/cdn.qiita.com\/assets\/qiita-fb-41f9429f13a8c56f50dd0ab477c80d26.png",
                "from_url": "https:\/\/qiita.com\/#aws%E3%82%A2%E3%82%AB%E3%82%A6%E3%83%B3%E3%83%88%E3%81%AE%E5%8F%96%E5%BE%97",
                "thumb_width": 1200,
                "thumb_height": 630,
                "service_icon": "https:\/\/cdn.qiita.com\/assets\/favicons\/public\/apple-touch-icon-ec5ba42a24ae923f16825592efdc356f.png",
                "id": 3,
                "original_url": "https:\/\/qiita.com\/#aws%E3%82%A2%E3%82%AB%E3%82%A6%E3%83%B3%E3%83%88%E3%81%AE%E5%8F%96%E5%BE%97"
            },
            {
                "service_name": "Qiita",
                "title": "プログラマの技術情報共有サービス - Qiita",
                "title_link": "https:\/\/qiita.com\/#%E5%88%9D%E5%9B%9E%E3%83%AD%E3%82%B0%E3%82%A4%E3%83%B3%E3%81%AE%E6%B3%A8%E6%84%8F%E7%82%B9",
                "text": "Qiitaは、プログラマのための技術情報共有サービスです。 プログラミングに関するTips、ノウハウ、メモを簡単に記録 &amp; 公開することができます。",
                "fallback": "Qiita: プログラマの技術情報共有サービス - Qiita",
                "thumb_url": "https:\/\/cdn.qiita.com\/assets\/qiita-fb-41f9429f13a8c56f50dd0ab477c80d26.png",
                "from_url": "https:\/\/qiita.com\/#%E5%88%9D%E5%9B%9E%E3%83%AD%E3%82%B0%E3%82%A4%E3%83%B3%E3%81%AE%E6%B3%A8%E6%84%8F%E7%82%B9",
                "thumb_width": 1200,
                "thumb_height": 630,
                "service_icon": "https:\/\/cdn.qiita.com\/assets\/favicons\/public\/apple-touch-icon-ec5ba42a24ae923f16825592efdc356f.png",
                "id": 4,
                "original_url": "https:\/\/qiita.com\/#%E5%88%9D%E5%9B%9E%E3%83%AD%E3%82%B0%E3%82%A4%E3%83%B3%E3%81%AE%E6%B3%A8%E6%84%8F%E7%82%B9"
            }
        ],
        "edited": {
            "user": "BG3N7LG73",
            "ts": "1615767405.000000"
        }
    },
    {
        "type": "message",
        "subtype": "bot_message",
        "text": "<https:\/\/qiita.com\/atsushi586\/items\/066ddccea2a5bfddbd74|terraformerを使ってEC2の状態を出力>\n<https:\/\/qiita.com\/#%E3%81%AF%E3%81%98%E3%82%81%E3%81%AB>はじめに\n\nterraformerを使用すれば、tfファイルを自動生成出来るらしいので、事前に作成したEC2をterraformerを使ってtfファイルを作成してみます。\n\n\n<https:\/\/qiita.com\/#terraformer%E3%81%AE%E3%83%90%E3%83%BC%E3%82%B8%E3%83%A7%E3%83%B3>terraformerのバージョン\n\n今回は下記のバージョンで試します。\n\nバージョン\nv0.8.6\n\n<https:\/\/qiita.com\/#%E4%BA%8B%E5%89%8D%E6%BA%96%E5%82%99>事前準備\n\n\n<https:\/\/qiita.com\/#terraform-init>terraform init...",
        "ts": "1615771006.034300",
        "username": "Terraformタグが付けられた新着記事 - Qiita",
        "icons": {
            "image_36": "https:\/\/a.slack-edge.com\/80588\/img\/services\/rss_36.png",
            "image_48": "https:\/\/a.slack-edge.com\/80588\/img\/services\/rss_48.png",
            "image_72": "https:\/\/a.slack-edge.com\/80588\/img\/services\/rss_72.png"
        },
        "bot_id": "BG3N7LG73",
        "attachments": [
            {
                "service_name": "Qiita",
                "title": "terraformerを使ってEC2の状態を出力 - Qiita",
                "title_link": "https:\/\/qiita.com\/atsushi586\/items\/066ddccea2a5bfddbd74",
                "text": "はじめに terraformerを使用すれば、tfファイルを自動生成出来るらしいので、事前に作成したEC2をterraformerを使ってtfファイルを作成してみます。 terraformerのバージョン 今回は下記のバー...",
                "fallback": "Qiita: terraformerを使ってEC2の状態を出力 - Qiita",
                "image_url": "https:\/\/qiita-user-contents.imgix.net\/https%3A%2F%2Fcdn.qiita.com%2Fassets%2Fpublic%2Farticle-ogp-background-1150d8b18a7c15795b701a55ae908f94.png?ixlib=rb-1.2.2&w=1200&mark=https%3A%2F%2Fqiita-user-contents.imgix.net%2F~text%3Fixlib%3Drb-1.2.2%26w%3D840%26h%3D380%26txt%3Dterraformer%25E3%2582%2592%25E4%25BD%25BF%25E3%2581%25A3%25E3%2581%25A6EC2%25E3%2581%25AE%25E7%258A%25B6%25E6%2585%258B%25E3%2582%2592%25E5%2587%25BA%25E5%258A%259B%26txt-color%3D%2523333%26txt-font%3DHiragino%2520Sans%2520W6%26txt-size%3D54%26txt-clip%3Dellipsis%26txt-align%3Dcenter%252Cmiddle%26s%3De2ed917602ccede585aa066da24887ce&mark-align=center%2Cmiddle&blend=https%3A%2F%2Fqiita-user-contents.imgix.net%2F~text%3Fixlib%3Drb-1.2.2%26w%3D840%26h%3D500%26txt%3D%2540atsushi586%26txt-color%3D%2523333%26txt-font%3DHiragino%2520Sans%2520W6%26txt-size%3D45%26txt-align%3Dright%252Cbottom%26s%3Dbb5db22440ca4816c34ec65703f9f4cd&blend-align=center%2Cmiddle&blend-mode=normal&s=46f0410fede9e574f72ef0160400fc9e",
                "from_url": "https:\/\/qiita.com\/atsushi586\/items\/066ddccea2a5bfddbd74",
                "image_width": 476,
                "image_height": 250,
                "image_bytes": 49140,
                "service_icon": "https:\/\/cdn.qiita.com\/assets\/favicons\/public\/apple-touch-icon-ec5ba42a24ae923f16825592efdc356f.png",
                "id": 1,
                "original_url": "https:\/\/qiita.com\/atsushi586\/items\/066ddccea2a5bfddbd74"
            },
            {
                "service_name": "Qiita",
                "title": "プログラマの技術情報共有サービス - Qiita",
                "title_link": "https:\/\/qiita.com\/#%E3%81%AF%E3%81%98%E3%82%81%E3%81%AB",
                "text": "Qiitaは、プログラマのための技術情報共有サービスです。 プログラミングに関するTips、ノウハウ、メモを簡単に記録 &amp; 公開することができます。",
                "fallback": "Qiita: プログラマの技術情報共有サービス - Qiita",
                "thumb_url": "https:\/\/cdn.qiita.com\/assets\/qiita-fb-41f9429f13a8c56f50dd0ab477c80d26.png",
                "from_url": "https:\/\/qiita.com\/#%E3%81%AF%E3%81%98%E3%82%81%E3%81%AB",
                "thumb_width": 1200,
                "thumb_height": 630,
                "service_icon": "https:\/\/cdn.qiita.com\/assets\/favicons\/public\/apple-touch-icon-ec5ba42a24ae923f16825592efdc356f.png",
                "id": 2,
                "original_url": "https:\/\/qiita.com\/#%E3%81%AF%E3%81%98%E3%82%81%E3%81%AB"
            },
            {
                "service_name": "Qiita",
                "title": "プログラマの技術情報共有サービス - Qiita",
                "title_link": "https:\/\/qiita.com\/#terraformer%E3%81%AE%E3%83%90%E3%83%BC%E3%82%B8%E3%83%A7%E3%83%B3",
                "text": "Qiitaは、プログラマのための技術情報共有サービスです。 プログラミングに関するTips、ノウハウ、メモを簡単に記録 &amp; 公開することができます。",
                "fallback": "Qiita: プログラマの技術情報共有サービス - Qiita",
                "thumb_url": "https:\/\/cdn.qiita.com\/assets\/qiita-fb-41f9429f13a8c56f50dd0ab477c80d26.png",
                "from_url": "https:\/\/qiita.com\/#terraformer%E3%81%AE%E3%83%90%E3%83%BC%E3%82%B8%E3%83%A7%E3%83%B3",
                "thumb_width": 1200,
                "thumb_height": 630,
                "service_icon": "https:\/\/cdn.qiita.com\/assets\/favicons\/public\/apple-touch-icon-ec5ba42a24ae923f16825592efdc356f.png",
                "id": 3,
                "original_url": "https:\/\/qiita.com\/#terraformer%E3%81%AE%E3%83%90%E3%83%BC%E3%82%B8%E3%83%A7%E3%83%B3"
            },
            {
                "service_name": "Qiita",
                "title": "プログラマの技術情報共有サービス - Qiita",
                "title_link": "https:\/\/qiita.com\/#%E4%BA%8B%E5%89%8D%E6%BA%96%E5%82%99",
                "text": "Qiitaは、プログラマのための技術情報共有サービスです。 プログラミングに関するTips、ノウハウ、メモを簡単に記録 &amp; 公開することができます。",
                "fallback": "Qiita: プログラマの技術情報共有サービス - Qiita",
                "thumb_url": "https:\/\/cdn.qiita.com\/assets\/qiita-fb-41f9429f13a8c56f50dd0ab477c80d26.png",
                "from_url": "https:\/\/qiita.com\/#%E4%BA%8B%E5%89%8D%E6%BA%96%E5%82%99",
                "thumb_width": 1200,
                "thumb_height": 630,
                "service_icon": "https:\/\/cdn.qiita.com\/assets\/favicons\/public\/apple-touch-icon-ec5ba42a24ae923f16825592efdc356f.png",
                "id": 4,
                "original_url": "https:\/\/qiita.com\/#%E4%BA%8B%E5%89%8D%E6%BA%96%E5%82%99"
            },
            {
                "service_name": "Qiita",
                "title": "プログラマの技術情報共有サービス - Qiita",
                "title_link": "https:\/\/qiita.com\/#terraform-init",
                "text": "Qiitaは、プログラマのための技術情報共有サービスです。 プログラミングに関するTips、ノウハウ、メモを簡単に記録 &amp; 公開することができます。",
                "fallback": "Qiita: プログラマの技術情報共有サービス - Qiita",
                "thumb_url": "https:\/\/cdn.qiita.com\/assets\/qiita-fb-41f9429f13a8c56f50dd0ab477c80d26.png",
                "from_url": "https:\/\/qiita.com\/#terraform-init",
                "thumb_width": 1200,
                "thumb_height": 630,
                "service_icon": "https:\/\/cdn.qiita.com\/assets\/favicons\/public\/apple-touch-icon-ec5ba42a24ae923f16825592efdc356f.png",
                "id": 5,
                "original_url": "https:\/\/qiita.com\/#terraform-init"
            }
        ],
        "edited": {
            "user": "BG3N7LG73",
            "ts": "1615771006.000000"
        }
    },
    {
        "type": "message",
        "subtype": "bot_message",
        "text": "<https:\/\/www.reddit.com\/r\/Terraform\/comments\/m5a68r\/installing_docker_but_script_is_launching_new\/|Installing docker, but script is launching new shell>\nHi, I'm trying to install an EC2 instance with docker so I can launch a web-server. I can do it manually, but I'm running into trouble with my .tf scripts. I have the following provisioners in my .tf file: provisioner \"file\" { source = \".\/scripts\/docker_install.sh\" destination = \"\/tmp\/docker_install.sh\" connection { type = \"ssh\" host = aws_instance.ubuntu_instance.public_ip user = var.ssh_user private_key = file(\"${path.module}\/keys\/key.pem\") } } provisioner \"remote-exec\" { inline = [ \"chmod...",
        "ts": "1615774003.034500",
        "username": "Terraform",
        "icons": {
            "image_48": "https:\/\/s3-us-west-2.amazonaws.com\/slack-files2\/bot_icons\/2019-02-12\/548785199618_48.png"
        },
        "bot_id": "BG3N7LG73",
        "attachments": [
            {
                "service_name": "reddit",
                "title": "Installing docker, but script is launching new shell",
                "title_link": "https:\/\/www.reddit.com\/r\/Terraform\/comments\/m5a68r\/installing_docker_but_script_is_launching_new\/",
                "text": "Hi, I'm trying to install an EC2 instance with docker so I can launch a web-server. I can do it manually, but I'm running into trouble with my...",
                "fallback": "reddit: Installing docker, but script is launching new shell",
                "thumb_url": "https:\/\/www.redditstatic.com\/new-icon.png",
                "from_url": "https:\/\/www.reddit.com\/r\/Terraform\/comments\/m5a68r\/installing_docker_but_script_is_launching_new\/",
                "thumb_width": 256,
                "thumb_height": 256,
                "service_icon": "http:\/\/www.redditstatic.com\/desktop2x\/img\/favicon\/apple-icon-57x57.png",
                "id": 1,
                "original_url": "https:\/\/www.reddit.com\/r\/Terraform\/comments\/m5a68r\/installing_docker_but_script_is_launching_new\/"
            }
        ],
        "edited": {
            "user": "BG3N7LG73",
            "ts": "1615774003.000000"
        }
    },
    {
        "type": "message",
        "subtype": "bot_message",
        "text": "<https:\/\/www.reddit.com\/r\/Terraform\/comments\/m5bqki\/what_would_happen_if_you_tried_to_terraform\/|What would happen if you tried to ‘terraform import’ a resource previously created by someone else using Terraform>\nJust a thought experiment, might try this out at work this week. Unless anyone knows?    submitted by   <https:\/\/www.reddit.com\/user\/smudgekins| \/u\/smudgekins > \n<https:\/\/www.reddit.com\/r\/Terraform\/comments\/m5bqki\/what_would_happen_if_you_tried_to_terraform\/|[link]>   <https:\/\/www.reddit.com\/r\/Terraform\/comments\/m5bqki\/what_would_happen_if_you_tried_to_terraform\/|[comments]>",
        "ts": "1615780005.034700",
        "username": "Terraform",
        "icons": {
            "image_48": "https:\/\/s3-us-west-2.amazonaws.com\/slack-files2\/bot_icons\/2019-02-12\/548785199618_48.png"
        },
        "bot_id": "BG3N7LG73",
        "attachments": [
            {
                "service_name": "reddit",
                "title": "What would happen if you tried to ‘terraform import’ a resource previously created by someone else using Terraform",
                "title_link": "https:\/\/www.reddit.com\/r\/Terraform\/comments\/m5bqki\/what_would_happen_if_you_tried_to_terraform\/",
                "text": "Just a thought experiment, might try this out at work this week. Unless anyone knows?",
                "fallback": "reddit: What would happen if you tried to ‘terraform import’ a resource previously created by someone else using Terraform",
                "thumb_url": "https:\/\/www.redditstatic.com\/new-icon.png",
                "from_url": "https:\/\/www.reddit.com\/r\/Terraform\/comments\/m5bqki\/what_would_happen_if_you_tried_to_terraform\/",
                "thumb_width": 256,
                "thumb_height": 256,
                "service_icon": "http:\/\/www.redditstatic.com\/desktop2x\/img\/favicon\/apple-icon-57x57.png",
                "id": 1,
                "original_url": "https:\/\/www.reddit.com\/r\/Terraform\/comments\/m5bqki\/what_would_happen_if_you_tried_to_terraform\/"
            },
            {
                "title": "overview for smudgekins",
                "title_link": "https:\/\/www.reddit.com\/user\/smudgekins",
                "text": "The u\/smudgekins community on Reddit. Reddit gives you the best of the internet in one place.",
                "fallback": "overview for smudgekins",
                "from_url": "https:\/\/www.reddit.com\/user\/smudgekins",
                "service_icon": "http:\/\/www.redditstatic.com\/desktop2x\/img\/favicon\/apple-icon-57x57.png",
                "service_name": "reddit.com",
                "id": 2,
                "original_url": "https:\/\/www.reddit.com\/user\/smudgekins"
            }
        ],
        "edited": {
            "user": "BG3N7LG73",
            "ts": "1615780005.000000"
        }
    },
    {
        "type": "message",
        "subtype": "bot_message",
        "text": "<https:\/\/qiita.com\/mcatm\/items\/de65a9b8c525155feb76|Terraform Cloudを使っていて、モジュールのパスが通らない>\nTerraformのtfstateを、<https:\/\/app.terraform.io\/|Terraform Cloud>で管理している私。そんな私が、今までステージングで構築していた環境と同一構成の本番環境を構築しようとしています。そんな時、今までは何事もなく動作していたTerraformが、terraform planを走らせた途端にこんな感じでエラーを吐いてうんともすんとも言わなくなることがあります。\n\nError: Unreadable module directory\n\n\n短期間で二度もこの問題にぶち当たりまして、流石に記録しておかないとまたやるぞ、と思い、ここに記す次第です。私は未来の自分を全く信用しておりません。\n\n\n<https:\/\/qiita.com\/#%E5%AF%BE%E5%87%A6%E6%96%B9%E6%B3%95>対処方法\n\nWorkspaceのSetting &gt; Generalの中に、「Execution...",
        "ts": "1615790204.034900",
        "username": "Terraformタグが付けられた新着記事 - Qiita",
        "icons": {
            "image_36": "https:\/\/a.slack-edge.com\/80588\/img\/services\/rss_36.png",
            "image_48": "https:\/\/a.slack-edge.com\/80588\/img\/services\/rss_48.png",
            "image_72": "https:\/\/a.slack-edge.com\/80588\/img\/services\/rss_72.png"
        },
        "bot_id": "BG3N7LG73",
        "attachments": [
            {
                "service_name": "Qiita",
                "title": "Terraform Cloudを使っていて、モジュールのパスが通らない - Qiita",
                "title_link": "https:\/\/qiita.com\/mcatm\/items\/de65a9b8c525155feb76",
                "text": "Terraformのtfstateを、Terraform Cloudで管理している私。そんな私が、今までステージングで構築していた環境と同一構成の本番環境を構築しようとしています。そんな時、今までは何事もなく動作していたTerrafo...",
                "fallback": "Qiita: Terraform Cloudを使っていて、モジュールのパスが通らない - Qiita",
                "image_url": "https:\/\/qiita-user-contents.imgix.net\/https%3A%2F%2Fcdn.qiita.com%2Fassets%2Fpublic%2Farticle-ogp-background-1150d8b18a7c15795b701a55ae908f94.png?ixlib=rb-1.2.2&w=1200&mark=https%3A%2F%2Fqiita-user-contents.imgix.net%2F~text%3Fixlib%3Drb-1.2.2%26w%3D840%26h%3D380%26txt%3DTerraform%2520Cloud%25E3%2582%2592%25E4%25BD%25BF%25E3%2581%25A3%25E3%2581%25A6%25E3%2581%2584%25E3%2581%25A6%25E3%2580%2581%25E3%2583%25A2%25E3%2582%25B8%25E3%2583%25A5%25E3%2583%25BC%25E3%2583%25AB%25E3%2581%25AE%25E3%2583%2591%25E3%2582%25B9%25E3%2581%258C%25E9%2580%259A%25E3%2582%2589%25E3%2581%25AA%25E3%2581%2584%26txt-color%3D%2523333%26txt-font%3DHiragino%2520Sans%2520W6%26txt-size%3D54%26txt-clip%3Dellipsis%26txt-align%3Dcenter%252Cmiddle%26s%3D065399f7cdd61755e20708e50615ef23&mark-align=center%2Cmiddle&blend=https%3A%2F%2Fqiita-user-contents.imgix.net%2F~text%3Fixlib%3Drb-1.2.2%26w%3D840%26h%3D500%26txt%3D%2540mcatm%26txt-color%3D%2523333%26txt-font%3DHiragino%2520Sans%2520W6%26txt-size%3D45%26txt-align%3Dright%252Cbottom%26s%3D463d2aaec4c72d8d768f6dd0fa722e30&blend-align=center%2Cmiddle&blend-mode=normal&s=58531a32a3c3445465bb651438124f52",
                "from_url": "https:\/\/qiita.com\/mcatm\/items\/de65a9b8c525155feb76",
                "image_width": 476,
                "image_height": 250,
                "image_bytes": 54528,
                "service_icon": "https:\/\/cdn.qiita.com\/assets\/favicons\/public\/apple-touch-icon-ec5ba42a24ae923f16825592efdc356f.png",
                "id": 1,
                "original_url": "https:\/\/qiita.com\/mcatm\/items\/de65a9b8c525155feb76"
            },
            {
                "service_name": "Qiita",
                "title": "プログラマの技術情報共有サービス - Qiita",
                "title_link": "https:\/\/qiita.com\/#%E5%AF%BE%E5%87%A6%E6%96%B9%E6%B3%95",
                "text": "Qiitaは、プログラマのための技術情報共有サービスです。 プログラミングに関するTips、ノウハウ、メモを簡単に記録 &amp; 公開することができます。",
                "fallback": "Qiita: プログラマの技術情報共有サービス - Qiita",
                "thumb_url": "https:\/\/cdn.qiita.com\/assets\/qiita-fb-41f9429f13a8c56f50dd0ab477c80d26.png",
                "from_url": "https:\/\/qiita.com\/#%E5%AF%BE%E5%87%A6%E6%96%B9%E6%B3%95",
                "thumb_width": 1200,
                "thumb_height": 630,
                "service_icon": "https:\/\/cdn.qiita.com\/assets\/favicons\/public\/apple-touch-icon-ec5ba42a24ae923f16825592efdc356f.png",
                "id": 2,
                "original_url": "https:\/\/qiita.com\/#%E5%AF%BE%E5%87%A6%E6%96%B9%E6%B3%95"
            }
        ],
        "edited": {
            "user": "BG3N7LG73",
            "ts": "1615790204.000000"
        }
    }
]