[
    {
        "type": "message",
        "subtype": "bot_message",
        "text": "<https:\/\/qiita.com\/Kent7\/items\/9954b35bddc5a9163f5e|terraform apply が実行できない>\nterraform 初心者です。\n\n\n<https:\/\/qiita.com\/#%E7%B5%90%E8%AB%96>結論\n\nterraform apply は <http:\/\/main.tf|main.tf> と同じディレクトリではないと、実行できない。\n\nTest1\n└── Test2\n     ├── <http:\/\/main.tf|main.tf>\n     └── terraform.tfstate\n\n\n$ cd Test1\n$ ls\nterraform_test\n\n# <http:\/\/main.tf|main.tf> より上の階層（Test1）で terraform apply を打つと…\n$ terraform apply\nError: No configuration files\n\nApply requires configuration to be present. Applying without a configuration\nwould mark everything for destruction, which is normally not what is desired.\nIf you would like to...",
        "ts": "1616314605.006600",
        "username": "Terraformタグが付けられた新着記事 - Qiita",
        "icons": {
            "image_36": "https:\/\/a.slack-edge.com\/80588\/img\/services\/rss_36.png",
            "image_48": "https:\/\/a.slack-edge.com\/80588\/img\/services\/rss_48.png",
            "image_72": "https:\/\/a.slack-edge.com\/80588\/img\/services\/rss_72.png"
        },
        "bot_id": "BG3N7LG73",
        "attachments": [
            {
                "service_name": "Qiita",
                "title": "terraform apply が実行できない - Qiita",
                "title_link": "https:\/\/qiita.com\/Kent7\/items\/9954b35bddc5a9163f5e",
                "text": "terraform 初心者です。 結論 terraform apply は <http:\/\/main.tf|main.tf> と同じディレクトリではないと、実行できない。 Test1 └── Test2 ├── <http:\/\/main.tf|main.tf> └── te...",
                "fallback": "Qiita: terraform apply が実行できない - Qiita",
                "image_url": "https:\/\/qiita-user-contents.imgix.net\/https%3A%2F%2Fcdn.qiita.com%2Fassets%2Fpublic%2Farticle-ogp-background-1150d8b18a7c15795b701a55ae908f94.png?ixlib=rb-1.2.2&w=1200&mark=https%3A%2F%2Fqiita-user-contents.imgix.net%2F~text%3Fixlib%3Drb-1.2.2%26w%3D840%26h%3D380%26txt%3Dterraform%2520apply%2520%25E3%2581%258C%25E5%25AE%259F%25E8%25A1%258C%25E3%2581%25A7%25E3%2581%258D%25E3%2581%25AA%25E3%2581%2584%26txt-color%3D%2523333%26txt-font%3DHiragino%2520Sans%2520W6%26txt-size%3D54%26txt-clip%3Dellipsis%26txt-align%3Dcenter%252Cmiddle%26s%3Df265949ce256a708665a816f38eec756&mark-align=center%2Cmiddle&blend=https%3A%2F%2Fqiita-user-contents.imgix.net%2F~text%3Fixlib%3Drb-1.2.2%26w%3D840%26h%3D500%26txt%3D%2540Kent7%26txt-color%3D%2523333%26txt-font%3DHiragino%2520Sans%2520W6%26txt-size%3D45%26txt-align%3Dright%252Cbottom%26s%3Df1a9215c032cb757efd5457065d6943c&blend-align=center%2Cmiddle&blend-mode=normal&s=f1a32c25786cce72f8612df05db9e3a5",
                "from_url": "https:\/\/qiita.com\/Kent7\/items\/9954b35bddc5a9163f5e",
                "image_width": 476,
                "image_height": 250,
                "image_bytes": 39734,
                "service_icon": "https:\/\/cdn.qiita.com\/assets\/favicons\/public\/apple-touch-icon-ec5ba42a24ae923f16825592efdc356f.png",
                "id": 1,
                "original_url": "https:\/\/qiita.com\/Kent7\/items\/9954b35bddc5a9163f5e"
            },
            {
                "service_name": "Qiita",
                "title": "プログラマの技術情報共有サービス - Qiita",
                "title_link": "https:\/\/qiita.com\/#%E7%B5%90%E8%AB%96",
                "text": "Qiitaは、プログラマのための技術情報共有サービスです。 プログラミングに関するTips、ノウハウ、メモを簡単に記録 &amp; 公開することができます。",
                "fallback": "Qiita: プログラマの技術情報共有サービス - Qiita",
                "thumb_url": "https:\/\/cdn.qiita.com\/assets\/qiita-fb-41f9429f13a8c56f50dd0ab477c80d26.png",
                "from_url": "https:\/\/qiita.com\/#%E7%B5%90%E8%AB%96",
                "thumb_width": 1200,
                "thumb_height": 630,
                "service_icon": "https:\/\/cdn.qiita.com\/assets\/favicons\/public\/apple-touch-icon-ec5ba42a24ae923f16825592efdc356f.png",
                "id": 2,
                "original_url": "https:\/\/qiita.com\/#%E7%B5%90%E8%AB%96"
            }
        ],
        "edited": {
            "user": "BG3N7LG73",
            "ts": "1616314605.000000"
        }
    },
    {
        "type": "message",
        "subtype": "bot_message",
        "text": "<https:\/\/www.reddit.com\/r\/Terraform\/comments\/m9x1ar\/rendering_local_values_and_variables_speed_up\/|Rendering Local Values and Variables speed up development>\nIs there a way to render the values of Local Values and Variables? As an example, I have this file ```go variable \"foo\" { type = string value = \"bar\" } locals { my_var = \"here is ${var.foo}\" } Expected output: `my_var = \"here is bar\" ``` Is there a quick and easy way to do it? I've tried <https:\/\/www.terraform.io\/docs\/cli\/commands\/console.html|terraform console> but it's hard to use it with complicated use-cases, such as templatefile, jsonencode, jsondecode, merge and the list...",
        "ts": "1616334407.006800",
        "username": "Terraform",
        "icons": {
            "image_48": "https:\/\/s3-us-west-2.amazonaws.com\/slack-files2\/bot_icons\/2019-02-12\/548785199618_48.png"
        },
        "bot_id": "BG3N7LG73",
        "attachments": [
            {
                "service_name": "reddit",
                "title": "Rendering Local Values and Variables speed up development",
                "title_link": "https:\/\/www.reddit.com\/r\/Terraform\/comments\/m9x1ar\/rendering_local_values_and_variables_speed_up\/",
                "text": "Is there a way to render the values of Local Values and Variables? As an example, I have this file ```go variable \"foo\" { type = string value...",
                "fallback": "reddit: Rendering Local Values and Variables speed up development",
                "thumb_url": "https:\/\/www.redditstatic.com\/new-icon.png",
                "from_url": "https:\/\/www.reddit.com\/r\/Terraform\/comments\/m9x1ar\/rendering_local_values_and_variables_speed_up\/",
                "thumb_width": 256,
                "thumb_height": 256,
                "service_icon": "http:\/\/www.redditstatic.com\/desktop2x\/img\/favicon\/apple-icon-57x57.png",
                "id": 1,
                "original_url": "https:\/\/www.reddit.com\/r\/Terraform\/comments\/m9x1ar\/rendering_local_values_and_variables_speed_up\/"
            },
            {
                "service_name": "Terraform by HashiCorp",
                "title": "Command: console - Terraform by HashiCorp",
                "title_link": "https:\/\/www.terraform.io\/docs\/cli\/commands\/console.html",
                "text": "The `terraform console` command provides an interactive console for evaluting expressions.",
                "fallback": "Terraform by HashiCorp: Command: console - Terraform by HashiCorp",
                "thumb_url": "https:\/\/www.terraform.io\/assets\/images\/og-image-8b3e4f7d.png",
                "from_url": "https:\/\/www.terraform.io\/docs\/cli\/commands\/console.html",
                "thumb_width": 712,
                "thumb_height": 712,
                "service_icon": "https:\/\/www.terraform.io\/assets\/images\/favicons\/apple-touch-icon-13180a24.png",
                "id": 2,
                "original_url": "https:\/\/www.terraform.io\/docs\/cli\/commands\/console.html"
            }
        ],
        "edited": {
            "user": "BG3N7LG73",
            "ts": "1616334408.000000"
        }
    },
    {
        "type": "message",
        "subtype": "bot_message",
        "text": "<https:\/\/www.reddit.com\/r\/Terraform\/comments\/ma0y1g\/aws_preemptively_create_log_groups_for_lambdaedge\/|AWS: Preemptively create log groups for LambdaEdge functions>\nIf given the correct permissions, Lambda functions will automatically create CloudWatch log groups to hold log output from the Lambda. Same for LambdaEdge functions with the addition that the log groups are created in each region in which the LambdaEdge function has run and the name of the log group includes the name of the region. The problem is that the retention time is set to forever and there is no way to change that unless you wait for the log group to be created and then change the...",
        "ts": "1616346404.007000",
        "username": "Terraform",
        "icons": {
            "image_48": "https:\/\/s3-us-west-2.amazonaws.com\/slack-files2\/bot_icons\/2019-02-12\/548785199618_48.png"
        },
        "bot_id": "BG3N7LG73",
        "attachments": [
            {
                "service_name": "reddit",
                "title": "AWS: Preemptively create log groups for LambdaEdge functions",
                "title_link": "https:\/\/www.reddit.com\/r\/Terraform\/comments\/ma0y1g\/aws_preemptively_create_log_groups_for_lambdaedge\/",
                "text": "If given the correct permissions, Lambda functions will automatically create CloudWatch log groups to hold log output from the Lambda. Same for...",
                "fallback": "reddit: AWS: Preemptively create log groups for LambdaEdge functions",
                "thumb_url": "https:\/\/www.redditstatic.com\/new-icon.png",
                "from_url": "https:\/\/www.reddit.com\/r\/Terraform\/comments\/ma0y1g\/aws_preemptively_create_log_groups_for_lambdaedge\/",
                "thumb_width": 256,
                "thumb_height": 256,
                "service_icon": "http:\/\/www.redditstatic.com\/desktop2x\/img\/favicon\/apple-icon-57x57.png",
                "id": 1,
                "original_url": "https:\/\/www.reddit.com\/r\/Terraform\/comments\/ma0y1g\/aws_preemptively_create_log_groups_for_lambdaedge\/"
            }
        ],
        "edited": {
            "user": "BG3N7LG73",
            "ts": "1616346405.000000"
        }
    },
    {
        "type": "message",
        "subtype": "bot_message",
        "text": "<https:\/\/www.reddit.com\/r\/Terraform\/comments\/ma1xdw\/how_to_deal_with_shared_code_for_lambda_functions\/|How to deal with shared code for lambda functions?>\nI have a single repo for my source code and AWS infra code and want to replicate a file across all functions. Currently I'm using data archive block to zip my functions first, but that works only for individual files or folders. What's the best way to do it?    submitted by   <https:\/\/www.reddit.com\/user\/mad_edge| \/u\/mad_edge > \n<https:\/\/www.reddit.com\/r\/Terraform\/comments\/ma1xdw\/how_to_deal_with_shared_code_for_lambda_functions\/|[link]>   &lt;a...",
        "ts": "1616349404.007200",
        "username": "Terraform",
        "icons": {
            "image_48": "https:\/\/s3-us-west-2.amazonaws.com\/slack-files2\/bot_icons\/2019-02-12\/548785199618_48.png"
        },
        "bot_id": "BG3N7LG73",
        "attachments": [
            {
                "service_name": "reddit",
                "title": "How to deal with shared code for lambda functions?",
                "title_link": "https:\/\/www.reddit.com\/r\/Terraform\/comments\/ma1xdw\/how_to_deal_with_shared_code_for_lambda_functions\/",
                "text": "I have a single repo for my source code and AWS infra code and want to replicate a file across all functions. Currently I'm using `data archive`...",
                "fallback": "reddit: How to deal with shared code for lambda functions?",
                "thumb_url": "https:\/\/www.redditstatic.com\/new-icon.png",
                "from_url": "https:\/\/www.reddit.com\/r\/Terraform\/comments\/ma1xdw\/how_to_deal_with_shared_code_for_lambda_functions\/",
                "thumb_width": 256,
                "thumb_height": 256,
                "service_icon": "http:\/\/www.redditstatic.com\/desktop2x\/img\/favicon\/apple-icon-57x57.png",
                "id": 1,
                "original_url": "https:\/\/www.reddit.com\/r\/Terraform\/comments\/ma1xdw\/how_to_deal_with_shared_code_for_lambda_functions\/"
            },
            {
                "title": "overview for mad_edge",
                "title_link": "https:\/\/www.reddit.com\/user\/mad_edge",
                "text": "The u\/mad_edge community on Reddit. Reddit gives you the best of the internet in one place.",
                "fallback": "overview for mad_edge",
                "from_url": "https:\/\/www.reddit.com\/user\/mad_edge",
                "service_icon": "http:\/\/www.redditstatic.com\/desktop2x\/img\/favicon\/apple-icon-57x57.png",
                "service_name": "reddit.com",
                "id": 2,
                "original_url": "https:\/\/www.reddit.com\/user\/mad_edge"
            }
        ],
        "edited": {
            "user": "BG3N7LG73",
            "ts": "1616349405.000000"
        }
    },
    {
        "type": "message",
        "subtype": "bot_message",
        "text": "<https:\/\/www.reddit.com\/r\/Terraform\/comments\/ma2fc3\/deploying_azure_with_terraform_2_remote_state\/|Deploying Azure with Terraform - 2 - Remote State>\nsubmitted by   <https:\/\/www.reddit.com\/user\/Jonnychipz| \/u\/Jonnychipz > \n<https:\/\/youtu.be\/cHLv7MRCSwo|[link]>   <https:\/\/www.reddit.com\/r\/Terraform\/comments\/ma2fc3\/deploying_azure_with_terraform_2_remote_state\/|[comments]>",
        "ts": "1616350606.007400",
        "username": "Terraform",
        "icons": {
            "image_48": "https:\/\/s3-us-west-2.amazonaws.com\/slack-files2\/bot_icons\/2019-02-12\/548785199618_48.png"
        },
        "bot_id": "BG3N7LG73",
        "attachments": [
            {
                "service_name": "reddit",
                "title": "Deploying Azure with Terraform - 2 - Remote State",
                "title_link": "https:\/\/www.reddit.com\/r\/Terraform\/comments\/ma2fc3\/deploying_azure_with_terraform_2_remote_state\/",
                "text": "Posted in r\/Terraform by u\/Jonnychipz • 1 point and 0 comments",
                "fallback": "reddit: Deploying Azure with Terraform - 2 - Remote State",
                "image_url": "https:\/\/i.ytimg.com\/vi\/cHLv7MRCSwo\/hqdefault.jpg",
                "image_width": 333,
                "image_height": 250,
                "from_url": "https:\/\/www.reddit.com\/r\/Terraform\/comments\/ma2fc3\/deploying_azure_with_terraform_2_remote_state\/",
                "image_bytes": 24018,
                "service_icon": "http:\/\/www.redditstatic.com\/desktop2x\/img\/favicon\/apple-icon-57x57.png",
                "id": 1,
                "original_url": "https:\/\/www.reddit.com\/r\/Terraform\/comments\/ma2fc3\/deploying_azure_with_terraform_2_remote_state\/"
            },
            {
                "title": "overview for Jonnychipz",
                "title_link": "https:\/\/www.reddit.com\/user\/Jonnychipz",
                "text": "The u\/Jonnychipz community on Reddit. Reddit gives you the best of the internet in one place.",
                "fallback": "overview for Jonnychipz",
                "from_url": "https:\/\/www.reddit.com\/user\/Jonnychipz",
                "service_icon": "http:\/\/www.redditstatic.com\/desktop2x\/img\/favicon\/apple-icon-57x57.png",
                "service_name": "reddit.com",
                "id": 2,
                "original_url": "https:\/\/www.reddit.com\/user\/Jonnychipz"
            },
            {
                "service_name": "YouTube",
                "service_url": "https:\/\/www.youtube.com\/",
                "title": "Deploying Azure with Terraform - 2 - Remote State",
                "title_link": "https:\/\/youtu.be\/cHLv7MRCSwo",
                "author_name": "Cloud Talk with Jonnychipz",
                "author_link": "https:\/\/www.youtube.com\/c\/CloudTalkwithJonnychipz",
                "thumb_url": "https:\/\/i.ytimg.com\/vi\/cHLv7MRCSwo\/hqdefault.jpg",
                "thumb_width": 480,
                "thumb_height": 360,
                "fallback": "YouTube Video: Deploying Azure with Terraform - 2 - Remote State",
                "video_html": "<iframe width=\"400\" height=\"225\" src=\"https:\/\/www.youtube.com\/embed\/cHLv7MRCSwo?feature=oembed&autoplay=1&iv_load_policy=3\" frameborder=\"0\" allow=\"accelerometer; autoplay; clipboard-write; encrypted-media; gyroscope; picture-in-picture\" allowfullscreen><\/iframe>",
                "video_html_width": 400,
                "video_html_height": 225,
                "from_url": "https:\/\/youtu.be\/cHLv7MRCSwo",
                "service_icon": "https:\/\/a.slack-edge.com\/80588\/img\/unfurl_icons\/youtube.png",
                "id": 3,
                "original_url": "https:\/\/youtu.be\/cHLv7MRCSwo"
            }
        ],
        "edited": {
            "user": "BG3N7LG73",
            "ts": "1616350606.000000"
        }
    },
    {
        "type": "message",
        "subtype": "bot_message",
        "text": "<https:\/\/www.reddit.com\/r\/Terraform\/comments\/ma2561\/deploying_azure_with_terraform_1_getting_started\/|Deploying Azure with Terraform - 1 - Getting Started>\nsubmitted by   <https:\/\/www.reddit.com\/user\/Jonnychipz| \/u\/Jonnychipz > \n<https:\/\/youtu.be\/yPRc_w60XAk|[link]>   <https:\/\/www.reddit.com\/r\/Terraform\/comments\/ma2561\/deploying_azure_with_terraform_1_getting_started\/|[comments]>",
        "ts": "1616350606.007500",
        "username": "Terraform",
        "icons": {
            "image_48": "https:\/\/s3-us-west-2.amazonaws.com\/slack-files2\/bot_icons\/2019-02-12\/548785199618_48.png"
        },
        "bot_id": "BG3N7LG73",
        "attachments": [
            {
                "service_name": "reddit",
                "title": "Deploying Azure with Terraform - 1 - Getting Started",
                "title_link": "https:\/\/www.reddit.com\/r\/Terraform\/comments\/ma2561\/deploying_azure_with_terraform_1_getting_started\/",
                "text": "Posted in r\/Terraform by u\/Jonnychipz • 2 points and 0 comments",
                "fallback": "reddit: Deploying Azure with Terraform - 1 - Getting Started",
                "image_url": "https:\/\/i.ytimg.com\/vi\/yPRc_w60XAk\/hqdefault.jpg",
                "image_width": 333,
                "image_height": 250,
                "from_url": "https:\/\/www.reddit.com\/r\/Terraform\/comments\/ma2561\/deploying_azure_with_terraform_1_getting_started\/",
                "image_bytes": 24419,
                "service_icon": "http:\/\/www.redditstatic.com\/desktop2x\/img\/favicon\/apple-icon-57x57.png",
                "id": 1,
                "original_url": "https:\/\/www.reddit.com\/r\/Terraform\/comments\/ma2561\/deploying_azure_with_terraform_1_getting_started\/"
            },
            {
                "service_name": "YouTube",
                "service_url": "https:\/\/www.youtube.com\/",
                "title": "Deploying Azure with Terraform - 1 - Getting Started",
                "title_link": "https:\/\/youtu.be\/yPRc_w60XAk",
                "author_name": "Cloud Talk with Jonnychipz",
                "author_link": "https:\/\/www.youtube.com\/c\/CloudTalkwithJonnychipz",
                "thumb_url": "https:\/\/i.ytimg.com\/vi\/yPRc_w60XAk\/hqdefault.jpg",
                "thumb_width": 480,
                "thumb_height": 360,
                "fallback": "YouTube Video: Deploying Azure with Terraform - 1 - Getting Started",
                "video_html": "<iframe width=\"400\" height=\"225\" src=\"https:\/\/www.youtube.com\/embed\/yPRc_w60XAk?feature=oembed&autoplay=1&iv_load_policy=3\" frameborder=\"0\" allow=\"accelerometer; autoplay; clipboard-write; encrypted-media; gyroscope; picture-in-picture\" allowfullscreen><\/iframe>",
                "video_html_width": 400,
                "video_html_height": 225,
                "from_url": "https:\/\/youtu.be\/yPRc_w60XAk",
                "service_icon": "https:\/\/a.slack-edge.com\/80588\/img\/unfurl_icons\/youtube.png",
                "id": 3,
                "original_url": "https:\/\/youtu.be\/yPRc_w60XAk"
            }
        ],
        "edited": {
            "user": "BG3N7LG73",
            "ts": "1616350606.000000"
        }
    },
    {
        "type": "message",
        "subtype": "bot_message",
        "text": "<https:\/\/qiita.com\/suzuyui\/items\/879dfa5d837a19c39a54|Terraform で GCP での組織設定・共有 VPC・VPN の作成>\n<https:\/\/qiita.com\/#%E5%86%85%E5%AE%B9>内容\n\nこれまで GCP を手動構築していた範囲を、Terraform で IaC 化したので、その内容を記載する\n\n\n<https:\/\/qiita.com\/#%E3%81%93%E3%82%8C%E3%81%BE%E3%81%A7%E6%89%8B%E5%8B%95web%E3%82%B3%E3%83%B3%E3%82%BD%E3%83%BC%E3%83%AB-gcloud-etc%E3%81%A7%E3%82%84%E3%81%A3%E3%81%A6%E3%81%84%E3%81%9F%E5%86%85%E5%AE%B9-terraform-%E3%82%B3%E3%83%BC%E3%83%89%E5%8C%96%E5%AF%BE%E8%B1%A1>これまで手動(Webコンソール, gcloud, etc.)でやっていた内容 (Terraform コード化対象)\n\n\n\n\n\n\n\n\n\n\n&lt;a...",
        "ts": "1616353007.007800",
        "username": "Terraformタグが付けられた新着記事 - Qiita",
        "icons": {
            "image_36": "https:\/\/a.slack-edge.com\/80588\/img\/services\/rss_36.png",
            "image_48": "https:\/\/a.slack-edge.com\/80588\/img\/services\/rss_48.png",
            "image_72": "https:\/\/a.slack-edge.com\/80588\/img\/services\/rss_72.png"
        },
        "bot_id": "BG3N7LG73",
        "attachments": [
            {
                "service_name": "Qiita",
                "title": "Terraform で GCP での組織設定・共有 VPC・VPN の作成 - Qiita",
                "title_link": "https:\/\/qiita.com\/suzuyui\/items\/879dfa5d837a19c39a54",
                "text": "内容 これまで GCP を手動構築していた範囲を、Terraform で IaC 化したので、その内容を記載する これまで手動(Webコンソール, gcloud, etc.)でやっていた内容 (Terraform コード化対...",
                "fallback": "Qiita: Terraform で GCP での組織設定・共有 VPC・VPN の作成 - Qiita",
                "image_url": "https:\/\/qiita-user-contents.imgix.net\/https%3A%2F%2Fcdn.qiita.com%2Fassets%2Fpublic%2Farticle-ogp-background-1150d8b18a7c15795b701a55ae908f94.png?ixlib=rb-1.2.2&w=1200&mark=https%3A%2F%2Fqiita-user-contents.imgix.net%2F~text%3Fixlib%3Drb-1.2.2%26w%3D840%26h%3D380%26txt%3DTerraform%2520%25E3%2581%25A7%2520GCP%2520%25E3%2581%25A7%25E3%2581%25AE%25E7%25B5%2584%25E7%25B9%2594%25E8%25A8%25AD%25E5%25AE%259A%25E3%2583%25BB%25E5%2585%25B1%25E6%259C%2589%2520VPC%25E3%2583%25BBVPN%2520%25E3%2581%25AE%25E4%25BD%259C%25E6%2588%2590%26txt-color%3D%2523333%26txt-font%3DHiragino%2520Sans%2520W6%26txt-size%3D54%26txt-clip%3Dellipsis%26txt-align%3Dcenter%252Cmiddle%26s%3Dfbf4d36af342cd89f9cad83d0bb45dc8&mark-align=center%2Cmiddle&blend=https%3A%2F%2Fqiita-user-contents.imgix.net%2F~text%3Fixlib%3Drb-1.2.2%26w%3D840%26h%3D500%26txt%3D%2540suzuyui%26txt-color%3D%2523333%26txt-font%3DHiragino%2520Sans%2520W6%26txt-size%3D45%26txt-align%3Dright%252Cbottom%26s%3D205ef2fb62b1ea355f562c0c79055b76&blend-align=center%2Cmiddle&blend-mode=normal&s=fce7382021336f514414c10814c693c1",
                "from_url": "https:\/\/qiita.com\/suzuyui\/items\/879dfa5d837a19c39a54",
                "image_width": 476,
                "image_height": 250,
                "image_bytes": 53165,
                "service_icon": "https:\/\/cdn.qiita.com\/assets\/favicons\/public\/apple-touch-icon-ec5ba42a24ae923f16825592efdc356f.png",
                "id": 1,
                "original_url": "https:\/\/qiita.com\/suzuyui\/items\/879dfa5d837a19c39a54"
            },
            {
                "service_name": "Qiita",
                "title": "プログラマの技術情報共有サービス - Qiita",
                "title_link": "https:\/\/qiita.com\/#%E5%86%85%E5%AE%B9",
                "text": "Qiitaは、プログラマのための技術情報共有サービスです。 プログラミングに関するTips、ノウハウ、メモを簡単に記録 &amp; 公開することができます。",
                "fallback": "Qiita: プログラマの技術情報共有サービス - Qiita",
                "thumb_url": "https:\/\/cdn.qiita.com\/assets\/qiita-fb-41f9429f13a8c56f50dd0ab477c80d26.png",
                "from_url": "https:\/\/qiita.com\/#%E5%86%85%E5%AE%B9",
                "thumb_width": 1200,
                "thumb_height": 630,
                "service_icon": "https:\/\/cdn.qiita.com\/assets\/favicons\/public\/apple-touch-icon-ec5ba42a24ae923f16825592efdc356f.png",
                "id": 2,
                "original_url": "https:\/\/qiita.com\/#%E5%86%85%E5%AE%B9"
            },
            {
                "service_name": "Qiita",
                "title": "プログラマの技術情報共有サービス - Qiita",
                "title_link": "https:\/\/qiita.com\/#%E3%81%93%E3%82%8C%E3%81%BE%E3%81%A7%E6%89%8B%E5%8B%95web%E3%82%B3%E3%83%B3%E3%82%BD%E3%83%BC%E3%83%AB-gcloud-etc%E3%81%A7%E3%82%84%E3%81%A3%E3%81%A6%E3%81%84%E3%81%9F%E5%86%85%E5%AE%B9-terraform-%E3%82%B3%E3%83%BC%E3%83%89%E5%8C%96%E5%AF%BE%E8%B1%A1",
                "text": "Qiitaは、プログラマのための技術情報共有サービスです。 プログラミングに関するTips、ノウハウ、メモを簡単に記録 &amp; 公開することができます。",
                "fallback": "Qiita: プログラマの技術情報共有サービス - Qiita",
                "thumb_url": "https:\/\/cdn.qiita.com\/assets\/qiita-fb-41f9429f13a8c56f50dd0ab477c80d26.png",
                "from_url": "https:\/\/qiita.com\/#%E3%81%93%E3%82%8C%E3%81%BE%E3%81%A7%E6%89%8B%E5%8B%95web%E3%82%B3%E3%83%B3%E3%82%BD%E3%83%BC%E3%83%AB-gcloud-etc%E3%81%A7%E3%82%84%E3%81%A3%E3%81%A6%E3%81%84%E3%81%9F%E5%86%85%E5%AE%B9-terraform-%E3%82%B3%E3%83%BC%E3%83%89%E5%8C%96%E5%AF%BE%E8%B1%A1",
                "thumb_width": 1200,
                "thumb_height": 630,
                "service_icon": "https:\/\/cdn.qiita.com\/assets\/favicons\/public\/apple-touch-icon-ec5ba42a24ae923f16825592efdc356f.png",
                "id": 3,
                "original_url": "https:\/\/qiita.com\/#%E3%81%93%E3%82%8C%E3%81%BE%E3%81%A7%E6%89%8B%E5%8B%95web%E3%82%B3%E3%83%B3%E3%82%BD%E3%83%BC%E3%83%AB-gcloud-etc%E3%81%A7%E3%82%84%E3%81%A3%E3%81%A6%E3%81%84%E3%81%9F%E5%86%85%E5%AE%B9-terraform-%E3%82%B3%E3%83%BC%E3%83%89%E5%8C%96%E5%AF%BE%E8%B1%A1"
            }
        ],
        "edited": {
            "user": "BG3N7LG73",
            "ts": "1616353007.000000"
        }
    },
    {
        "type": "message",
        "subtype": "bot_message",
        "text": "<https:\/\/www.reddit.com\/r\/Terraform\/comments\/ma3ozl\/best_practices_to_delete_only_a_particular\/|Best practices to delete only a particular resource from the list of resources created using terraform>\nIs terraform -target is the only best solution    submitted by   <https:\/\/www.reddit.com\/user\/Aktrick| \/u\/Aktrick > \n<https:\/\/www.reddit.com\/r\/Terraform\/comments\/ma3ozl\/best_practices_to_delete_only_a_particular\/|[link]>   <https:\/\/www.reddit.com\/r\/Terraform\/comments\/ma3ozl\/best_practices_to_delete_only_a_particular\/|[comments]>",
        "ts": "1616354807.008000",
        "username": "Terraform",
        "icons": {
            "image_48": "https:\/\/s3-us-west-2.amazonaws.com\/slack-files2\/bot_icons\/2019-02-12\/548785199618_48.png"
        },
        "bot_id": "BG3N7LG73",
        "attachments": [
            {
                "service_name": "reddit",
                "title": "Best practices to delete only a particular resource from the list of resources created using terraform",
                "title_link": "https:\/\/www.reddit.com\/r\/Terraform\/comments\/ma3ozl\/best_practices_to_delete_only_a_particular\/",
                "text": "Is terraform -target is the only best solution",
                "fallback": "reddit: Best practices to delete only a particular resource from the list of resources created using terraform",
                "thumb_url": "https:\/\/www.redditstatic.com\/new-icon.png",
                "from_url": "https:\/\/www.reddit.com\/r\/Terraform\/comments\/ma3ozl\/best_practices_to_delete_only_a_particular\/",
                "thumb_width": 256,
                "thumb_height": 256,
                "service_icon": "http:\/\/www.redditstatic.com\/desktop2x\/img\/favicon\/apple-icon-57x57.png",
                "id": 1,
                "original_url": "https:\/\/www.reddit.com\/r\/Terraform\/comments\/ma3ozl\/best_practices_to_delete_only_a_particular\/"
            },
            {
                "title": "overview for Aktrick",
                "title_link": "https:\/\/www.reddit.com\/user\/Aktrick",
                "text": "The u\/Aktrick community on Reddit. Reddit gives you the best of the internet in one place.",
                "fallback": "overview for Aktrick",
                "from_url": "https:\/\/www.reddit.com\/user\/Aktrick",
                "service_icon": "http:\/\/www.redditstatic.com\/desktop2x\/img\/favicon\/apple-icon-57x57.png",
                "service_name": "reddit.com",
                "id": 2,
                "original_url": "https:\/\/www.reddit.com\/user\/Aktrick"
            }
        ],
        "edited": {
            "user": "BG3N7LG73",
            "ts": "1616354807.000000"
        }
    },
    {
        "type": "message",
        "subtype": "bot_message",
        "text": "<https:\/\/www.reddit.com\/r\/Terraform\/comments\/maft9v\/iam_policies_using_terraform\/|IAM policies using Terraform>\nHey Guys! I am new to terraform and just getting started. I was wondering if it is possible to manage,add and customise IAM policies and user roles using terraform? Thanks in advance for all help.    submitted by   <https:\/\/www.reddit.com\/user\/manan26| \/u\/manan26 > \n<https:\/\/www.reddit.com\/r\/Terraform\/comments\/maft9v\/iam_policies_using_terraform\/|[link]>   <https:\/\/www.reddit.com\/r\/Terraform\/comments\/maft9v\/iam_policies_using_terraform\/|[comments]>",
        "ts": "1616392005.008200",
        "username": "Terraform",
        "icons": {
            "image_48": "https:\/\/s3-us-west-2.amazonaws.com\/slack-files2\/bot_icons\/2019-02-12\/548785199618_48.png"
        },
        "bot_id": "BG3N7LG73",
        "attachments": [
            {
                "service_name": "reddit",
                "title": "IAM policies using Terraform",
                "title_link": "https:\/\/www.reddit.com\/r\/Terraform\/comments\/maft9v\/iam_policies_using_terraform\/",
                "text": "Hey Guys! I am new to terraform and just getting started. I was wondering if it is possible to manage,add and customise IAM policies and user...",
                "fallback": "reddit: IAM policies using Terraform",
                "thumb_url": "https:\/\/www.redditstatic.com\/new-icon.png",
                "from_url": "https:\/\/www.reddit.com\/r\/Terraform\/comments\/maft9v\/iam_policies_using_terraform\/",
                "thumb_width": 256,
                "thumb_height": 256,
                "service_icon": "http:\/\/www.redditstatic.com\/desktop2x\/img\/favicon\/apple-icon-57x57.png",
                "id": 1,
                "original_url": "https:\/\/www.reddit.com\/r\/Terraform\/comments\/maft9v\/iam_policies_using_terraform\/"
            },
            {
                "title": "overview for manan26",
                "title_link": "https:\/\/www.reddit.com\/user\/manan26",
                "text": "The u\/manan26 community on Reddit. Reddit gives you the best of the internet in one place.",
                "fallback": "overview for manan26",
                "from_url": "https:\/\/www.reddit.com\/user\/manan26",
                "service_icon": "http:\/\/www.redditstatic.com\/desktop2x\/img\/favicon\/apple-icon-57x57.png",
                "service_name": "reddit.com",
                "id": 2,
                "original_url": "https:\/\/www.reddit.com\/user\/manan26"
            }
        ],
        "edited": {
            "user": "BG3N7LG73",
            "ts": "1616392006.000000"
        }
    }
]