[
    {
        "type": "message",
        "subtype": "bot_message",
        "text": "<https:\/\/qiita.com\/mokichi\/items\/87b0160d3e16f09e75ac|Terraform RegistryのAWSモジュールを使いつつ既存VPCをインポートする>\nAWSでWebアプリを動かす場合、stagingやproductionといった環境ごとにVPCを分けるケースが多いと思います。VPCを作ったことがある方なら分かると思いますが、Webアプリを動かすために作成しなければならないVPC関連のリソースは結構多いです。\n\nVPC\nインターネットゲートウェイ\nルートテーブル\nサブネット\nルートテーブルとインターネットゲートウェイの関連付け\nルートテーブルとサブネットの関連付け\nセキュリティグループ（本記事では説明しません）\nパブリックに公開するなら最低限これくらいは必要ですが、管理コンソールでポチポチ作るのも大変ですし、Terraformの <https:\/\/registry.terraform.io\/providers\/hashicorp\/aws\/latest\/docs|AWS Provider> を使っても各リソースごとに設定を記述する必要があり、面倒ですしコード量も大きくなります。\n\nそこで、&lt;a...",
        "ts": "1617091609.020400",
        "username": "Terraformタグが付けられた新着記事 - Qiita",
        "icons": {
            "image_36": "https:\/\/a.slack-edge.com\/80588\/img\/services\/rss_36.png",
            "image_48": "https:\/\/a.slack-edge.com\/80588\/img\/services\/rss_48.png",
            "image_72": "https:\/\/a.slack-edge.com\/80588\/img\/services\/rss_72.png"
        },
        "bot_id": "BG3N7LG73",
        "attachments": [
            {
                "service_name": "Qiita",
                "title": "Terraform RegistryのAWSモジュールを使いつつ既存VPCをインポートする - Qiita",
                "title_link": "https:\/\/qiita.com\/mokichi\/items\/87b0160d3e16f09e75ac",
                "text": "AWSでWebアプリを動かす場合、stagingやproductionといった環境ごとにVPCを分けるケースが多いと思います。VPCを作ったことがある方なら分かると思いますが、Webアプリを動かすために作成しなければならないVPC関連...",
                "fallback": "Qiita: Terraform RegistryのAWSモジュールを使いつつ既存VPCをインポートする - Qiita",
                "image_url": "https:\/\/staging-qiita-user-contents.imgix.net\/https%3A%2F%2Fcdn.qiita.com%2Fassets%2Fpublic%2Farticle-ogp-background-1150d8b18a7c15795b701a55ae908f94.png?ixlib=rb-4.0.0&w=1200&mark=https%3A%2F%2Fstaging-qiita-user-contents.imgix.net%2F~text%3Fixlib%3Drb-4.0.0%26w%3D840%26h%3D380%26txt%3DTerraform%2520Registry%25E3%2581%25AEAWS%25E3%2583%25A2%25E3%2582%25B8%25E3%2583%25A5%25E3%2583%25BC%25E3%2583%25AB%25E3%2582%2592%25E4%25BD%25BF%25E3%2581%2584%25E3%2581%25A4%25E3%2581%25A4%25E6%2597%25A2%25E5%25AD%2598VPC%25E3%2582%2592%25E3%2582%25A4%25E3%2583%25B3%25E3%2583%259D%25E3%2583%25BC%25E3%2583%2588%25E3%2581%2599%25E3%2582%258B%26txt-color%3D%2523333%26txt-font%3DHiragino%2520Sans%2520W6%26txt-size%3D54%26txt-clip%3Dellipsis%26txt-align%3Dcenter%252Cmiddle%26s%3Db98ca1aef27b1390e507d766086a79d8&mark-align=center%2Cmiddle&blend=https%3A%2F%2Fstaging-qiita-user-contents.imgix.net%2F~text%3Fixlib%3Drb-4.0.0%26w%3D840%26h%3D500%26txt%3D%2540mokichi%26txt-color%3D%2523333%26txt-font%3DHiragino%2520Sans%2520W6%26txt-size%3D45%26txt-align%3Dright%252Cbottom%26s%3D8971df0b72c61c0173dccd8a9f57c493&blend-align=center%2Cmiddle&blend-mode=normal&s=d72033a93dd5d80bf0275d40601737ea",
                "from_url": "https:\/\/qiita.com\/mokichi\/items\/87b0160d3e16f09e75ac",
                "image_width": 476,
                "image_height": 250,
                "image_bytes": 63225,
                "service_icon": "https:\/\/cdn.qiita.com\/assets\/favicons\/public\/apple-touch-icon-ec5ba42a24ae923f16825592efdc356f.png",
                "id": 1,
                "original_url": "https:\/\/qiita.com\/mokichi\/items\/87b0160d3e16f09e75ac"
            }
        ],
        "edited": {
            "user": "BG3N7LG73",
            "ts": "1617091610.000000"
        }
    },
    {
        "type": "message",
        "subtype": "bot_message",
        "text": "<https:\/\/qiita.com\/momotaro98\/items\/9414a59b5976002b71fd|設定と実インフラ差分(drift)の発生時対応のユースケースでTerraformとCloudFormationを比較>\n<https:\/\/qiita.com\/#-%E3%81%AF%E3%81%98%E3%82%81%E3%81%AB># はじめに\n\nInfrastructure Codeでのインフラ運用にて一般的に課題になるのでYamlファイルでの宣言的設定と実インフラの差分、いわゆるdriftと呼ばれるやつが発生したときの対応です。\n\nこの記事ではTerraformとCloudFormationとの比較においてdrift対応にフォーカスし、差分において設定内容を実インフラへ適用させるユースケースと実インフラを設定へ適用させるユースケースの2つで、TerraformとCloudFormationそれぞれの対応方法をみています。\n\n\n<https:\/\/qiita.com\/#-%E5%89%8D%E6%8F%90># 前提\n\nこの記事の実験では、AWS EC2インスタンスのタグリソースのみの差分を発生させ検証しています。...",
        "ts": "1617118007.020600",
        "username": "Terraformタグが付けられた新着記事 - Qiita",
        "icons": {
            "image_36": "https:\/\/a.slack-edge.com\/80588\/img\/services\/rss_36.png",
            "image_48": "https:\/\/a.slack-edge.com\/80588\/img\/services\/rss_48.png",
            "image_72": "https:\/\/a.slack-edge.com\/80588\/img\/services\/rss_72.png"
        },
        "bot_id": "BG3N7LG73",
        "attachments": [
            {
                "service_name": "Qiita",
                "title": "設定と実インフラ差分(drift)の発生時対応のユースケースでTerraformとCloudFormationを比較 - Qiita",
                "title_link": "https:\/\/qiita.com\/momotaro98\/items\/9414a59b5976002b71fd",
                "text": "# はじめに Infrastructure Codeでのインフラ運用にて一般的に課題になるのでYamlファイルでの宣言的設定と実インフラの差分、いわゆるdriftと呼ばれるやつが発生したときの対応です。 この記事ではTerra...",
                "fallback": "Qiita: 設定と実インフラ差分(drift)の発生時対応のユースケースでTerraformとCloudFormationを比較 - Qiita",
                "image_url": "https:\/\/staging-qiita-user-contents.imgix.net\/https%3A%2F%2Fcdn.qiita.com%2Fassets%2Fpublic%2Farticle-ogp-background-1150d8b18a7c15795b701a55ae908f94.png?ixlib=rb-4.0.0&w=1200&mark=https%3A%2F%2Fstaging-qiita-user-contents.imgix.net%2F~text%3Fixlib%3Drb-4.0.0%26w%3D840%26h%3D380%26txt%3D%25E8%25A8%25AD%25E5%25AE%259A%25E3%2581%25A8%25E5%25AE%259F%25E3%2582%25A4%25E3%2583%25B3%25E3%2583%2595%25E3%2583%25A9%25E5%25B7%25AE%25E5%2588%2586%2528drift%2529%25E3%2581%25AE%25E7%2599%25BA%25E7%2594%259F%25E6%2599%2582%25E5%25AF%25BE%25E5%25BF%259C%25E3%2581%25AE%25E3%2583%25A6%25E3%2583%25BC%25E3%2582%25B9%25E3%2582%25B1%25E3%2583%25BC%25E3%2582%25B9%25E3%2581%25A7Terraform%25E3%2581%25A8CloudFormation%25E3%2582%2592%25E6%25AF%2594%25E8%25BC%2583%26txt-color%3D%2523333%26txt-font%3DHiragino%2520Sans%2520W6%26txt-size%3D54%26txt-clip%3Dellipsis%26txt-align%3Dcenter%252Cmiddle%26s%3Dc4c15a2bb0e4c412c471b495cdb00d4c&mark-align=center%2Cmiddle&blend=https%3A%2F%2Fstaging-qiita-user-contents.imgix.net%2F~text%3Fixlib%3Drb-4.0.0%26w%3D840%26h%3D500%26txt%3D%2540momotaro98%26txt-color%3D%2523333%26txt-font%3DHiragino%2520Sans%2520W6%26txt-size%3D45%26txt-align%3Dright%252Cbottom%26s%3Dbc716435c1e65514ed9b5da816e01c49&blend-align=center%2Cmiddle&blend-mode=normal&s=9f6e497bc084e481a74fee37254458b8",
                "from_url": "https:\/\/qiita.com\/momotaro98\/items\/9414a59b5976002b71fd",
                "image_width": 476,
                "image_height": 250,
                "image_bytes": 75225,
                "service_icon": "https:\/\/cdn.qiita.com\/assets\/favicons\/public\/apple-touch-icon-ec5ba42a24ae923f16825592efdc356f.png",
                "id": 1,
                "original_url": "https:\/\/qiita.com\/momotaro98\/items\/9414a59b5976002b71fd"
            },
            {
                "service_name": "Qiita",
                "title": "プログラマの技術情報共有サービス - Qiita",
                "title_link": "https:\/\/qiita.com\/#-%E3%81%AF%E3%81%98%E3%82%81%E3%81%AB",
                "text": "Qiitaは、プログラマのための技術情報共有サービスです。 プログラミングに関するTips、ノウハウ、メモを簡単に記録 &amp; 公開することができます。",
                "fallback": "Qiita: プログラマの技術情報共有サービス - Qiita",
                "thumb_url": "https:\/\/cdn.qiita.com\/assets\/qiita-fb-41f9429f13a8c56f50dd0ab477c80d26.png",
                "from_url": "https:\/\/qiita.com\/#-%E3%81%AF%E3%81%98%E3%82%81%E3%81%AB",
                "thumb_width": 1200,
                "thumb_height": 630,
                "service_icon": "https:\/\/cdn.qiita.com\/assets\/favicons\/public\/apple-touch-icon-ec5ba42a24ae923f16825592efdc356f.png",
                "id": 2,
                "original_url": "https:\/\/qiita.com\/#-%E3%81%AF%E3%81%98%E3%82%81%E3%81%AB"
            },
            {
                "service_name": "Qiita",
                "title": "プログラマの技術情報共有サービス - Qiita",
                "title_link": "https:\/\/qiita.com\/#-%E5%89%8D%E6%8F%90",
                "text": "Qiitaは、プログラマのための技術情報共有サービスです。 プログラミングに関するTips、ノウハウ、メモを簡単に記録 &amp; 公開することができます。",
                "fallback": "Qiita: プログラマの技術情報共有サービス - Qiita",
                "thumb_url": "https:\/\/cdn.qiita.com\/assets\/qiita-fb-41f9429f13a8c56f50dd0ab477c80d26.png",
                "from_url": "https:\/\/qiita.com\/#-%E5%89%8D%E6%8F%90",
                "thumb_width": 1200,
                "thumb_height": 630,
                "service_icon": "https:\/\/cdn.qiita.com\/assets\/favicons\/public\/apple-touch-icon-ec5ba42a24ae923f16825592efdc356f.png",
                "id": 3,
                "original_url": "https:\/\/qiita.com\/#-%E5%89%8D%E6%8F%90"
            }
        ],
        "edited": {
            "user": "BG3N7LG73",
            "ts": "1617118008.000000"
        }
    },
    {
        "type": "message",
        "subtype": "bot_message",
        "text": "<https:\/\/www.reddit.com\/r\/Terraform\/comments\/mgipax\/autotrigger_step_functions_after_tf_apply\/|Auto-trigger Step Functions after TF apply>\nHi - I have a bunch of lambda functions and one step function that orchestrate few things. All of them are created thru the same TF codebase \/ workspace. Is there a way to auto-trigger the step function (create by this TF workspace) everytime there was a TF apply (the step function takes zero inputs - so just triggering it would suffice). Thank you !    submitted by   <https:\/\/www.reddit.com\/user\/navcode| \/u\/navcode > \n&lt;a...",
        "ts": "1617118612.020800",
        "username": "Terraform",
        "icons": {
            "image_48": "https:\/\/s3-us-west-2.amazonaws.com\/slack-files2\/bot_icons\/2019-02-12\/548785199618_48.png"
        },
        "bot_id": "BG3N7LG73",
        "attachments": [
            {
                "service_name": "reddit",
                "title": "Auto-trigger Step Functions after TF apply",
                "title_link": "https:\/\/www.reddit.com\/r\/Terraform\/comments\/mgipax\/autotrigger_step_functions_after_tf_apply\/",
                "text": "Hi - I have a bunch of lambda functions and one step function that orchestrate few things. All of them are created thru the same TF codebase \/...",
                "fallback": "reddit: Auto-trigger Step Functions after TF apply",
                "thumb_url": "https:\/\/www.redditstatic.com\/new-icon.png",
                "from_url": "https:\/\/www.reddit.com\/r\/Terraform\/comments\/mgipax\/autotrigger_step_functions_after_tf_apply\/",
                "thumb_width": 256,
                "thumb_height": 256,
                "service_icon": "http:\/\/www.redditstatic.com\/desktop2x\/img\/favicon\/apple-icon-57x57.png",
                "id": 1,
                "original_url": "https:\/\/www.reddit.com\/r\/Terraform\/comments\/mgipax\/autotrigger_step_functions_after_tf_apply\/"
            },
            {
                "title": "overview for navcode",
                "title_link": "https:\/\/www.reddit.com\/user\/navcode",
                "text": "The u\/navcode community on Reddit. Reddit gives you the best of the internet in one place.",
                "fallback": "overview for navcode",
                "from_url": "https:\/\/www.reddit.com\/user\/navcode",
                "service_icon": "http:\/\/www.redditstatic.com\/desktop2x\/img\/favicon\/apple-icon-57x57.png",
                "service_name": "reddit.com",
                "id": 2,
                "original_url": "https:\/\/www.reddit.com\/user\/navcode"
            }
        ],
        "edited": {
            "user": "BG3N7LG73",
            "ts": "1617118612.000000"
        }
    },
    {
        "type": "message",
        "subtype": "bot_message",
        "text": "<https:\/\/www.reddit.com\/r\/Terraform\/comments\/mgka6l\/back_to_basics_running_an_apache_web_server_in_an\/|Back to basics - running an Apache web server in an ECS cluster of EC2 instances>\nHello community! I have created a reference project, to run an Apache web server in an ECS cluster of EC2 instances. A bit like a hello world project of cloud. I hope you find this useful! Create an ECS cluster of EC2 instances with an Auto Scaling Group Run an Apache HTTP web server inside a container in the ECS cluster An Elastic Load Balancer which forwards traffic to the Auto Scaling Group AWS resources managed in Terraform Github project URL: &lt;a...",
        "ts": "1617124011.021000",
        "username": "Terraform",
        "icons": {
            "image_48": "https:\/\/s3-us-west-2.amazonaws.com\/slack-files2\/bot_icons\/2019-02-12\/548785199618_48.png"
        },
        "bot_id": "BG3N7LG73",
        "attachments": [
            {
                "service_name": "reddit",
                "title": "Back to basics - running an Apache web server in an ECS cluster of EC2 instances",
                "title_link": "https:\/\/www.reddit.com\/r\/Terraform\/comments\/mgka6l\/back_to_basics_running_an_apache_web_server_in_an\/",
                "text": "Hello community! I have created a reference project, to run an Apache web server in an ECS cluster of EC2 instances. A bit like a *hello world*...",
                "fallback": "reddit: Back to basics - running an Apache web server in an ECS cluster of EC2 instances",
                "thumb_url": "https:\/\/www.redditstatic.com\/new-icon.png",
                "from_url": "https:\/\/www.reddit.com\/r\/Terraform\/comments\/mgka6l\/back_to_basics_running_an_apache_web_server_in_an\/",
                "thumb_width": 256,
                "thumb_height": 256,
                "service_icon": "http:\/\/www.redditstatic.com\/desktop2x\/img\/favicon\/apple-icon-57x57.png",
                "id": 1,
                "original_url": "https:\/\/www.reddit.com\/r\/Terraform\/comments\/mgka6l\/back_to_basics_running_an_apache_web_server_in_an\/"
            }
        ],
        "edited": {
            "user": "BG3N7LG73",
            "ts": "1617124011.000000"
        }
    },
    {
        "type": "message",
        "subtype": "bot_message",
        "text": "<https:\/\/www.reddit.com\/r\/Terraform\/comments\/mgm0cj\/create_and_manage_an_aws_ecs_cluster_with\/|Create and Manage an AWS ECS Cluster with Terraform>\nsubmitted by   <https:\/\/www.reddit.com\/user\/thorgaardian| \/u\/thorgaardian > \n<https:\/\/www.architect.io\/blog\/terraform-aws-ecs|[link]>   <https:\/\/www.reddit.com\/r\/Terraform\/comments\/mgm0cj\/create_and_manage_an_aws_ecs_cluster_with\/|[comments]>",
        "ts": "1617127611.021200",
        "username": "Terraform",
        "icons": {
            "image_48": "https:\/\/s3-us-west-2.amazonaws.com\/slack-files2\/bot_icons\/2019-02-12\/548785199618_48.png"
        },
        "bot_id": "BG3N7LG73",
        "attachments": [
            {
                "service_name": "reddit",
                "title": "Create and Manage an AWS ECS Cluster with Terraform",
                "title_link": "https:\/\/www.reddit.com\/r\/Terraform\/comments\/mgm0cj\/create_and_manage_an_aws_ecs_cluster_with\/",
                "text": "Posted in r\/Terraform by u\/thorgaardian • 1 point and 0 comments",
                "fallback": "reddit: Create and Manage an AWS ECS Cluster with Terraform",
                "thumb_url": "https:\/\/b.thumbs.redditmedia.com\/_8YglEgMM02yJNy_1ZUM8eBP5Q7nmLDNXwKN9ko_s6Q.jpg",
                "from_url": "https:\/\/www.reddit.com\/r\/Terraform\/comments\/mgm0cj\/create_and_manage_an_aws_ecs_cluster_with\/",
                "thumb_width": 140,
                "thumb_height": 78,
                "service_icon": "http:\/\/www.redditstatic.com\/desktop2x\/img\/favicon\/apple-icon-57x57.png",
                "id": 1,
                "original_url": "https:\/\/www.reddit.com\/r\/Terraform\/comments\/mgm0cj\/create_and_manage_an_aws_ecs_cluster_with\/"
            },
            {
                "title": "overview for thorgaardian",
                "title_link": "https:\/\/www.reddit.com\/user\/thorgaardian",
                "text": "Founder @ <http:\/\/Architect.io|Architect.io>.",
                "fallback": "overview for thorgaardian",
                "from_url": "https:\/\/www.reddit.com\/user\/thorgaardian",
                "service_icon": "http:\/\/www.redditstatic.com\/desktop2x\/img\/favicon\/apple-icon-57x57.png",
                "service_name": "reddit.com",
                "id": 2,
                "original_url": "https:\/\/www.reddit.com\/user\/thorgaardian"
            },
            {
                "title": "Create and Manage an AWS ECS Cluster with Terraform",
                "title_link": "https:\/\/www.architect.io\/blog\/terraform-aws-ecs",
                "text": "Follow this tutorial to deploy a simple load balanced “Hello World” application to AWS ECS with Terraform.",
                "fallback": "Create and Manage an AWS ECS Cluster with Terraform",
                "image_url": "https:\/\/www.architect.io\/images\/blog\/terraform-aws-ecs\/aws-ecs-and-terraform.png",
                "from_url": "https:\/\/www.architect.io\/blog\/terraform-aws-ecs",
                "image_width": 444,
                "image_height": 250,
                "image_bytes": 78400,
                "service_icon": "https:\/\/www.architect.io\/favicon.ico",
                "service_name": "architect.io",
                "id": 3,
                "original_url": "https:\/\/www.architect.io\/blog\/terraform-aws-ecs"
            }
        ],
        "edited": {
            "user": "BG3N7LG73",
            "ts": "1617127612.000000"
        }
    },
    {
        "type": "message",
        "subtype": "bot_message",
        "text": "<https:\/\/www.reddit.com\/r\/Terraform\/comments\/mgobi8\/run_powershell_script_on_azure_vm_creation\/|Run PowerShell Script on Azure VM Creation>\nHello All, I'm new to Terraform and having a play-around with my local Azure subscription. I've hit a bit of a roadblock when trying to run a PowerShell script remotely onto a provisioned Azure VM. My initial thoughts were that I could use the remote-exec provisioner and pass in a InLine PowerShell script. This wasn't as easy as I thought with having to pass in connection details using a method such as WinRM.  Does anybody have a preferred method of being able to run PowerShell scripts or...",
        "ts": "1617134808.021400",
        "username": "Terraform",
        "icons": {
            "image_48": "https:\/\/s3-us-west-2.amazonaws.com\/slack-files2\/bot_icons\/2019-02-12\/548785199618_48.png"
        },
        "bot_id": "BG3N7LG73",
        "attachments": [
            {
                "service_name": "reddit",
                "title": "Run PowerShell Script on Azure VM Creation",
                "title_link": "https:\/\/www.reddit.com\/r\/Terraform\/comments\/mgobi8\/run_powershell_script_on_azure_vm_creation\/",
                "text": "Hello All, I'm new to Terraform and having a play-around with my local Azure subscription. I've hit a bit of a roadblock when trying to run a...",
                "fallback": "reddit: Run PowerShell Script on Azure VM Creation",
                "thumb_url": "https:\/\/www.redditstatic.com\/new-icon.png",
                "from_url": "https:\/\/www.reddit.com\/r\/Terraform\/comments\/mgobi8\/run_powershell_script_on_azure_vm_creation\/",
                "thumb_width": 256,
                "thumb_height": 256,
                "service_icon": "http:\/\/www.redditstatic.com\/desktop2x\/img\/favicon\/apple-icon-57x57.png",
                "id": 1,
                "original_url": "https:\/\/www.reddit.com\/r\/Terraform\/comments\/mgobi8\/run_powershell_script_on_azure_vm_creation\/"
            }
        ],
        "edited": {
            "user": "BG3N7LG73",
            "ts": "1617134808.000000"
        }
    },
    {
        "type": "message",
        "subtype": "bot_message",
        "text": "<https:\/\/www.reddit.com\/r\/Terraform\/comments\/mgqoxj\/get_clean_terraform_output_from_list\/|Get clean terraform output from list>\nWhen I Terraform an Azure Synapse Workspace it gets a self assigned identity. I want to use this identity in a powershell script using terraform output to enable 'Storage Blob Data Contributor' to its rightful storage account. Here is my issue -  I want to output just the principal_id for the workspace.\n This output output \"synapse_connectivity_identity\" { value = azurerm_synapse_workspace.workspace.identity }  Provides this output terraform output synapse_connectivity_identity tolist([ {...",
        "ts": "1617140808.021600",
        "username": "Terraform",
        "icons": {
            "image_48": "https:\/\/s3-us-west-2.amazonaws.com\/slack-files2\/bot_icons\/2019-02-12\/548785199618_48.png"
        },
        "bot_id": "BG3N7LG73",
        "attachments": [
            {
                "service_name": "reddit",
                "title": "Get clean terraform output from list",
                "title_link": "https:\/\/www.reddit.com\/r\/Terraform\/comments\/mgqoxj\/get_clean_terraform_output_from_list\/",
                "text": "When I Terraform an Azure Synapse Workspace it gets a self assigned identity. I want to use this identity in a powershell script using terraform...",
                "fallback": "reddit: Get clean terraform output from list",
                "thumb_url": "https:\/\/www.redditstatic.com\/new-icon.png",
                "from_url": "https:\/\/www.reddit.com\/r\/Terraform\/comments\/mgqoxj\/get_clean_terraform_output_from_list\/",
                "thumb_width": 256,
                "thumb_height": 256,
                "service_icon": "http:\/\/www.redditstatic.com\/desktop2x\/img\/favicon\/apple-icon-57x57.png",
                "id": 1,
                "original_url": "https:\/\/www.reddit.com\/r\/Terraform\/comments\/mgqoxj\/get_clean_terraform_output_from_list\/"
            }
        ],
        "edited": {
            "user": "BG3N7LG73",
            "ts": "1617140808.000000"
        }
    }
]