[
    {
        "type": "message",
        "subtype": "bot_message",
        "text": "<https:\/\/www.reddit.com\/r\/Terraform\/comments\/lxfkfb\/injecting_files_into_fargate\/|Injecting files into fargate>\nI have a gcp translate serviceKey.json which is used in my nodejs as such. export GOOGLE_APPLICATION_CREDENTIALS=\"\/home\/user\/Downloads\/my-key.json\"  I am using terrafrom and jenkins to setup my fargate by pulling container from ecr. How am i supposed to inject this into the fargate or use it as environment varaibles i have no clue. I have access to aws parameter store if that is required.    submitted by   <https:\/\/www.reddit.com\/user\/carnav098| \/u\/carnav098 > \n&lt;a...",
        "ts": "1614845203.018500",
        "username": "Terraform",
        "icons": {
            "image_48": "https:\/\/s3-us-west-2.amazonaws.com\/slack-files2\/bot_icons\/2019-02-12\/548785199618_48.png"
        },
        "bot_id": "BG3N7LG73",
        "attachments": [
            {
                "service_name": "reddit",
                "title": "Injecting files into fargate",
                "title_link": "https:\/\/www.reddit.com\/r\/Terraform\/comments\/lxfkfb\/injecting_files_into_fargate\/",
                "text": "I have a gcp translate serviceKey.json which is used in my nodejs as such. export...",
                "fallback": "reddit: Injecting files into fargate",
                "thumb_url": "https:\/\/www.redditstatic.com\/new-icon.png",
                "from_url": "https:\/\/www.reddit.com\/r\/Terraform\/comments\/lxfkfb\/injecting_files_into_fargate\/",
                "thumb_width": 256,
                "thumb_height": 256,
                "service_icon": "http:\/\/www.redditstatic.com\/desktop2x\/img\/favicon\/apple-icon-57x57.png",
                "id": 1,
                "original_url": "https:\/\/www.reddit.com\/r\/Terraform\/comments\/lxfkfb\/injecting_files_into_fargate\/"
            },
            {
                "title": "overview for carnav098",
                "title_link": "https:\/\/www.reddit.com\/user\/carnav098",
                "text": "The u\/carnav098 community on Reddit. Reddit gives you the best of the internet in one place.",
                "fallback": "overview for carnav098",
                "from_url": "https:\/\/www.reddit.com\/user\/carnav098",
                "service_icon": "http:\/\/www.redditstatic.com\/desktop2x\/img\/favicon\/apple-icon-57x57.png",
                "service_name": "reddit.com",
                "id": 2,
                "original_url": "https:\/\/www.reddit.com\/user\/carnav098"
            }
        ],
        "edited": {
            "user": "BG3N7LG73",
            "ts": "1614845203.000000"
        }
    },
    {
        "type": "message",
        "subtype": "bot_message",
        "text": "<https:\/\/www.reddit.com\/r\/Terraform\/comments\/lxiakj\/debugging_tf_today_oc\/|Debugging tf today [OC]>\nsubmitted by   <https:\/\/www.reddit.com\/user\/0atman| \/u\/0atman > \n<https:\/\/i.redd.it\/86q5cf4pwzk61.png|[link]>   <https:\/\/www.reddit.com\/r\/Terraform\/comments\/lxiakj\/debugging_tf_today_oc\/|[comments]>",
        "ts": "1614857202.018700",
        "username": "Terraform",
        "icons": {
            "image_48": "https:\/\/s3-us-west-2.amazonaws.com\/slack-files2\/bot_icons\/2019-02-12\/548785199618_48.png"
        },
        "bot_id": "BG3N7LG73",
        "attachments": [
            {
                "service_name": "reddit",
                "title": "Debugging tf today [OC]",
                "title_link": "https:\/\/www.reddit.com\/r\/Terraform\/comments\/lxiakj\/debugging_tf_today_oc\/",
                "text": "Posted in r\/Terraform by u\/0atman • 3 points and 0 comments",
                "fallback": "reddit: Debugging tf today [OC]",
                "thumb_url": "https:\/\/b.thumbs.redditmedia.com\/p6jAfm6J41HTDdbooGybHrRdbqE_koTGfFz_Ov74l3E.jpg",
                "from_url": "https:\/\/www.reddit.com\/r\/Terraform\/comments\/lxiakj\/debugging_tf_today_oc\/",
                "thumb_width": 140,
                "thumb_height": 130,
                "service_icon": "http:\/\/www.redditstatic.com\/desktop2x\/img\/favicon\/apple-icon-57x57.png",
                "id": 1,
                "original_url": "https:\/\/www.reddit.com\/r\/Terraform\/comments\/lxiakj\/debugging_tf_today_oc\/"
            },
            {
                "title": "overview for 0atman",
                "title_link": "https:\/\/www.reddit.com\/user\/0atman",
                "text": "The u\/0atman community on Reddit. Reddit gives you the best of the internet in one place.",
                "fallback": "overview for 0atman",
                "from_url": "https:\/\/www.reddit.com\/user\/0atman",
                "service_icon": "http:\/\/www.redditstatic.com\/desktop2x\/img\/favicon\/apple-icon-57x57.png",
                "service_name": "reddit.com",
                "id": 2,
                "original_url": "https:\/\/www.reddit.com\/user\/0atman"
            },
            {
                "fallback": "500x465px image",
                "image_url": "https:\/\/i.redd.it\/86q5cf4pwzk61.png",
                "image_width": 500,
                "image_height": 465,
                "image_bytes": 296637,
                "from_url": "https:\/\/i.redd.it\/86q5cf4pwzk61.png",
                "id": 3,
                "original_url": "https:\/\/i.redd.it\/86q5cf4pwzk61.png"
            }
        ],
        "edited": {
            "user": "BG3N7LG73",
            "ts": "1614857202.000000"
        }
    },
    {
        "type": "message",
        "subtype": "bot_message",
        "text": "<https:\/\/www.reddit.com\/r\/Terraform\/comments\/lxk51d\/how_to_output_static_ip_using_vsphere_provider\/|How to output static IP using vsphere provider?>\nI've been searching everywhere trying to find how to output the IP of a created vsphere VM. So far, I can only find how to output the default_ip_address. This doesn't help me because I'm using 'count' and I designate a 'start_ip_address + 1' kind of thing to create the IP address. I tried to output the ipv4_address, but this doesn't work because it's within the network_interface piece.  Hope this makes sense. If you need to see my tf file let me know. I need to output the IP to pass it into...",
        "ts": "1614864404.018900",
        "username": "Terraform",
        "icons": {
            "image_48": "https:\/\/s3-us-west-2.amazonaws.com\/slack-files2\/bot_icons\/2019-02-12\/548785199618_48.png"
        },
        "bot_id": "BG3N7LG73",
        "attachments": [
            {
                "service_name": "reddit",
                "title": "How to output static IP using vsphere provider?",
                "title_link": "https:\/\/www.reddit.com\/r\/Terraform\/comments\/lxk51d\/how_to_output_static_ip_using_vsphere_provider\/",
                "text": "I've been searching everywhere trying to find how to output the IP of a created vsphere VM. So far, I can only find how to output the...",
                "fallback": "reddit: How to output static IP using vsphere provider?",
                "thumb_url": "https:\/\/www.redditstatic.com\/new-icon.png",
                "from_url": "https:\/\/www.reddit.com\/r\/Terraform\/comments\/lxk51d\/how_to_output_static_ip_using_vsphere_provider\/",
                "thumb_width": 256,
                "thumb_height": 256,
                "service_icon": "http:\/\/www.redditstatic.com\/desktop2x\/img\/favicon\/apple-icon-57x57.png",
                "id": 1,
                "original_url": "https:\/\/www.reddit.com\/r\/Terraform\/comments\/lxk51d\/how_to_output_static_ip_using_vsphere_provider\/"
            }
        ],
        "edited": {
            "user": "BG3N7LG73",
            "ts": "1614864404.000000"
        }
    },
    {
        "type": "message",
        "subtype": "bot_message",
        "text": "<https:\/\/www.reddit.com\/r\/Terraform\/comments\/lxkx0d\/getting_back_my_eip_in_aws_is_rocket_science\/|Getting back my eip in aws is rocket science>\nWhy do i have to do a terraform apply 2,3 times to get my eip back on my aws instance? Its like after configuration and changes i have to run terraform apply again empty just to get the IP back    submitted by   <https:\/\/www.reddit.com\/user\/Master_Assignment_58| \/u\/Master_Assignment_58 > \n<https:\/\/www.reddit.com\/r\/Terraform\/comments\/lxkx0d\/getting_back_my_eip_in_aws_is_rocket_science\/|[link]>   &lt;a...",
        "ts": "1614866203.019100",
        "username": "Terraform",
        "icons": {
            "image_48": "https:\/\/s3-us-west-2.amazonaws.com\/slack-files2\/bot_icons\/2019-02-12\/548785199618_48.png"
        },
        "bot_id": "BG3N7LG73",
        "attachments": [
            {
                "service_name": "reddit",
                "title": "Getting back my eip in aws is rocket science",
                "title_link": "https:\/\/www.reddit.com\/r\/Terraform\/comments\/lxkx0d\/getting_back_my_eip_in_aws_is_rocket_science\/",
                "text": "Why do i have to do a terraform apply 2,3 times to get my eip back on my aws instance? Its like after configuration and changes i have to run...",
                "fallback": "reddit: Getting back my eip in aws is rocket science",
                "thumb_url": "https:\/\/www.redditstatic.com\/new-icon.png",
                "from_url": "https:\/\/www.reddit.com\/r\/Terraform\/comments\/lxkx0d\/getting_back_my_eip_in_aws_is_rocket_science\/",
                "thumb_width": 256,
                "thumb_height": 256,
                "service_icon": "http:\/\/www.redditstatic.com\/desktop2x\/img\/favicon\/apple-icon-57x57.png",
                "id": 1,
                "original_url": "https:\/\/www.reddit.com\/r\/Terraform\/comments\/lxkx0d\/getting_back_my_eip_in_aws_is_rocket_science\/"
            },
            {
                "title": "overview for Master_Assignment_58",
                "title_link": "https:\/\/www.reddit.com\/user\/Master_Assignment_58",
                "text": "The u\/Master_Assignment_58 community on Reddit. Reddit gives you the best of the internet in one place.",
                "fallback": "overview for Master_Assignment_58",
                "from_url": "https:\/\/www.reddit.com\/user\/Master_Assignment_58",
                "service_icon": "http:\/\/www.redditstatic.com\/desktop2x\/img\/favicon\/apple-icon-57x57.png",
                "service_name": "reddit.com",
                "id": 2,
                "original_url": "https:\/\/www.reddit.com\/user\/Master_Assignment_58"
            }
        ],
        "edited": {
            "user": "BG3N7LG73",
            "ts": "1614866204.000000"
        }
    },
    {
        "type": "message",
        "subtype": "bot_message",
        "text": "<https:\/\/www.reddit.com\/r\/Terraform\/comments\/lxlnp0\/pulling_tags_from_a_variable_file\/|Pulling tags from a variable file?>\nHi folks, I'm getting started with terraform and I am looking to start using variables. I have a <http:\/\/var.tf|var.tf> file in the same directory that I initialized TF in that also contains my <http:\/\/main.tf|main.tf> I want to add a set of tags from the <http:\/\/var.tf|var.tf> file to the resource <http:\/\/var.tf|var.tf> contains something like the following: variable \"tags\" { default = { Owner = \"myself\" Department = \"Infrastructure\" \"Subscription Environment\" = \"Env1\" Team = \"team1\" } } in my <http:\/\/main.tf|main.tf> file, for the tag section under an azurerm virtual...",
        "ts": "1614868003.019300",
        "username": "Terraform",
        "icons": {
            "image_48": "https:\/\/s3-us-west-2.amazonaws.com\/slack-files2\/bot_icons\/2019-02-12\/548785199618_48.png"
        },
        "bot_id": "BG3N7LG73",
        "attachments": [
            {
                "service_name": "reddit",
                "title": "Pulling tags from a variable file?",
                "title_link": "https:\/\/www.reddit.com\/r\/Terraform\/comments\/lxlnp0\/pulling_tags_from_a_variable_file\/",
                "text": "Hi folks, I'm getting started with terraform and I am looking to start using variables. I have a <http:\/\/var.tf|var.tf> file in the same directory that I...",
                "fallback": "reddit: Pulling tags from a variable file?",
                "thumb_url": "https:\/\/www.redditstatic.com\/new-icon.png",
                "from_url": "https:\/\/www.reddit.com\/r\/Terraform\/comments\/lxlnp0\/pulling_tags_from_a_variable_file\/",
                "thumb_width": 256,
                "thumb_height": 256,
                "service_icon": "http:\/\/www.redditstatic.com\/desktop2x\/img\/favicon\/apple-icon-57x57.png",
                "id": 1,
                "original_url": "https:\/\/www.reddit.com\/r\/Terraform\/comments\/lxlnp0\/pulling_tags_from_a_variable_file\/"
            }
        ],
        "edited": {
            "user": "BG3N7LG73",
            "ts": "1614868004.000000"
        }
    },
    {
        "type": "message",
        "subtype": "bot_message",
        "text": "<https:\/\/www.reddit.com\/r\/Terraform\/comments\/lxpm7m\/aws_eip_not_being_created_nor_associated\/|AWS EIP Not being created nor associated>\nHi there, I'm having an issue creating an instance and associating an Elastic IP to it. My code creates an AIP, an EIP Association and the Instance, but when running `apply`, it tries to connect to the instance (ssh) using the wrong public IP (the one initially assigned to the instance) instead of the EIP. Checking on AWS I also don't see the EIP being created, nor being associated with the instance. EIP: resource \"aws_eip\" \"toolbox\" { vpc = true tags = { \"Name\" = \"${var.environment}-toolbox\"...",
        "ts": "1614878206.019500",
        "username": "Terraform",
        "icons": {
            "image_48": "https:\/\/s3-us-west-2.amazonaws.com\/slack-files2\/bot_icons\/2019-02-12\/548785199618_48.png"
        },
        "bot_id": "BG3N7LG73",
        "attachments": [
            {
                "service_name": "reddit",
                "title": "AWS EIP Not being created nor associated",
                "title_link": "https:\/\/www.reddit.com\/r\/Terraform\/comments\/lxpm7m\/aws_eip_not_being_created_nor_associated\/",
                "text": "Hi there, I'm having an issue creating an instance and associating an Elastic IP to it. My code creates an AIP, an EIP Association and the...",
                "fallback": "reddit: AWS EIP Not being created nor associated",
                "thumb_url": "https:\/\/www.redditstatic.com\/new-icon.png",
                "from_url": "https:\/\/www.reddit.com\/r\/Terraform\/comments\/lxpm7m\/aws_eip_not_being_created_nor_associated\/",
                "thumb_width": 256,
                "thumb_height": 256,
                "service_icon": "http:\/\/www.redditstatic.com\/desktop2x\/img\/favicon\/apple-icon-57x57.png",
                "id": 1,
                "original_url": "https:\/\/www.reddit.com\/r\/Terraform\/comments\/lxpm7m\/aws_eip_not_being_created_nor_associated\/"
            }
        ],
        "edited": {
            "user": "BG3N7LG73",
            "ts": "1614878206.000000"
        }
    },
    {
        "type": "message",
        "subtype": "bot_message",
        "text": "<https:\/\/www.reddit.com\/r\/Terraform\/comments\/lxs4wh\/terraform_output_with_for_each\/|Terraform Output with For_Each>\nHey everyone, I am trying to output the images being used by a Kubernetes deployment that is being managed in Terraform. This is so I can work with the outputs from an automation standpoint but also makes it easier to read changes in the plans.  Deployment Example from Docs with an added \"for_each\" resource \"kubernetes_deployment\" \"example\" { for_each = var.k8s_namespaces metadata { name = \"terraform-example\" namespace = each.key labels = { test = \"MyExampleApp\" } } spec { replicas = 3...",
        "ts": "1614885405.019700",
        "username": "Terraform",
        "icons": {
            "image_48": "https:\/\/s3-us-west-2.amazonaws.com\/slack-files2\/bot_icons\/2019-02-12\/548785199618_48.png"
        },
        "bot_id": "BG3N7LG73",
        "attachments": [
            {
                "service_name": "reddit",
                "title": "Terraform Output with For_Each",
                "title_link": "https:\/\/www.reddit.com\/r\/Terraform\/comments\/lxs4wh\/terraform_output_with_for_each\/",
                "text": "Hey everyone, I am trying to output the images being used by a Kubernetes deployment that is being managed in Terraform. This is so I can work...",
                "fallback": "reddit: Terraform Output with For_Each",
                "thumb_url": "https:\/\/www.redditstatic.com\/new-icon.png",
                "from_url": "https:\/\/www.reddit.com\/r\/Terraform\/comments\/lxs4wh\/terraform_output_with_for_each\/",
                "thumb_width": 256,
                "thumb_height": 256,
                "service_icon": "http:\/\/www.redditstatic.com\/desktop2x\/img\/favicon\/apple-icon-57x57.png",
                "id": 1,
                "original_url": "https:\/\/www.reddit.com\/r\/Terraform\/comments\/lxs4wh\/terraform_output_with_for_each\/"
            }
        ],
        "edited": {
            "user": "BG3N7LG73",
            "ts": "1614885405.000000"
        }
    },
    {
        "type": "message",
        "subtype": "bot_message",
        "text": "<https:\/\/www.reddit.com\/r\/Terraform\/comments\/lxshcm\/how_to_enable_azure_monitor_in_windows_virtual\/|How to enable azure monitor in windows virtual machine using terraform?>\nI've found a note from over 5 months ago that this feature is in preview mode and is not available as a module in Terraform. Is it still the case? Do you have a way to do it some other way? thanks    submitted by   <https:\/\/www.reddit.com\/user\/been_there_too| \/u\/been_there_too > \n<https:\/\/www.reddit.com\/r\/Terraform\/comments\/lxshcm\/how_to_enable_azure_monitor_in_windows_virtual\/|[link]>   &lt;a...",
        "ts": "1614885405.019800",
        "username": "Terraform",
        "icons": {
            "image_48": "https:\/\/s3-us-west-2.amazonaws.com\/slack-files2\/bot_icons\/2019-02-12\/548785199618_48.png"
        },
        "bot_id": "BG3N7LG73",
        "attachments": [
            {
                "service_name": "reddit",
                "title": "How to enable azure monitor in windows virtual machine using terraform?",
                "title_link": "https:\/\/www.reddit.com\/r\/Terraform\/comments\/lxshcm\/how_to_enable_azure_monitor_in_windows_virtual\/",
                "text": "I've found a note from over 5 months ago that this feature is in preview mode and is not available as a module in Terraform. Is it still the...",
                "fallback": "reddit: How to enable azure monitor in windows virtual machine using terraform?",
                "thumb_url": "https:\/\/www.redditstatic.com\/new-icon.png",
                "from_url": "https:\/\/www.reddit.com\/r\/Terraform\/comments\/lxshcm\/how_to_enable_azure_monitor_in_windows_virtual\/",
                "thumb_width": 256,
                "thumb_height": 256,
                "service_icon": "http:\/\/www.redditstatic.com\/desktop2x\/img\/favicon\/apple-icon-57x57.png",
                "id": 1,
                "original_url": "https:\/\/www.reddit.com\/r\/Terraform\/comments\/lxshcm\/how_to_enable_azure_monitor_in_windows_virtual\/"
            },
            {
                "title": "overview for been_there_too",
                "title_link": "https:\/\/www.reddit.com\/user\/been_there_too",
                "text": "The u\/been_there_too community on Reddit. Reddit gives you the best of the internet in one place.",
                "fallback": "overview for been_there_too",
                "from_url": "https:\/\/www.reddit.com\/user\/been_there_too",
                "service_icon": "http:\/\/www.redditstatic.com\/desktop2x\/img\/favicon\/apple-icon-57x57.png",
                "service_name": "reddit.com",
                "id": 2,
                "original_url": "https:\/\/www.reddit.com\/user\/been_there_too"
            }
        ],
        "edited": {
            "user": "BG3N7LG73",
            "ts": "1614885405.000000"
        }
    },
    {
        "type": "message",
        "subtype": "bot_message",
        "text": "<https:\/\/www.reddit.com\/r\/Terraform\/comments\/lxvgnd\/issues_running_terraform_plan_locally_works_fine\/|Issues running terraform plan locally, works fine in the pipeline>\nFrustrating issue has popped up and we're at a loss. We have Rancher managed kubernetes clusters on-prem (vsphere). We are using terraform 12.17. We also have some very basic Azure DevOps pipelines to handle the terraform plan and apply. When we run the plan pipeline, no issues, everything runs as it should. When I try to run terraform plan locally (ubuntu), I get the following error: Error: Get \"<http:\/\/localhost\/api\/v1\/namespaces\/kube-system\/secrets\/cloud-provider-secret>\": dial tcp...",
        "ts": "1614893205.020100",
        "username": "Terraform",
        "icons": {
            "image_48": "https:\/\/s3-us-west-2.amazonaws.com\/slack-files2\/bot_icons\/2019-02-12\/548785199618_48.png"
        },
        "bot_id": "BG3N7LG73",
        "attachments": [
            {
                "service_name": "reddit",
                "title": "Issues running terraform plan locally, works fine in the pipeline",
                "title_link": "https:\/\/www.reddit.com\/r\/Terraform\/comments\/lxvgnd\/issues_running_terraform_plan_locally_works_fine\/",
                "text": "Frustrating issue has popped up and we're at a loss. We have Rancher managed kubernetes clusters on-prem (vsphere). We are using terraform...",
                "fallback": "reddit: Issues running terraform plan locally, works fine in the pipeline",
                "thumb_url": "https:\/\/www.redditstatic.com\/new-icon.png",
                "from_url": "https:\/\/www.reddit.com\/r\/Terraform\/comments\/lxvgnd\/issues_running_terraform_plan_locally_works_fine\/",
                "thumb_width": 256,
                "thumb_height": 256,
                "service_icon": "http:\/\/www.redditstatic.com\/desktop2x\/img\/favicon\/apple-icon-57x57.png",
                "id": 1,
                "original_url": "https:\/\/www.reddit.com\/r\/Terraform\/comments\/lxvgnd\/issues_running_terraform_plan_locally_works_fine\/"
            }
        ],
        "edited": {
            "user": "BG3N7LG73",
            "ts": "1614893206.000000"
        }
    },
    {
        "type": "message",
        "subtype": "bot_message",
        "text": "<https:\/\/www.reddit.com\/r\/Terraform\/comments\/lxvsgc\/new_to_terraform_in_azure_have_a_question_about\/|New to Terraform in Azure. Have a question about vnets and subnets.>\nDumb question. I'm new to using Terraform in Azure. I'd like to create a new firewall but launch it in an existing vnet and subnet. I see examples of how to create new vnets and subnets but how do I tell terraform to use an existing resource?    submitted by   <https:\/\/www.reddit.com\/user\/T0mmy_The_CaT| \/u\/T0mmy_The_CaT > \n<https:\/\/www.reddit.com\/r\/Terraform\/comments\/lxvsgc\/new_to_terraform_in_azure_have_a_question_about\/|[link]>   &lt;a...",
        "ts": "1614893206.020200",
        "username": "Terraform",
        "icons": {
            "image_48": "https:\/\/s3-us-west-2.amazonaws.com\/slack-files2\/bot_icons\/2019-02-12\/548785199618_48.png"
        },
        "bot_id": "BG3N7LG73",
        "attachments": [
            {
                "service_name": "reddit",
                "title": "New to Terraform in Azure. Have a question about vnets and subnets.",
                "title_link": "https:\/\/www.reddit.com\/r\/Terraform\/comments\/lxvsgc\/new_to_terraform_in_azure_have_a_question_about\/",
                "text": "Dumb question. I'm new to using Terraform in Azure. I'd like to create a new firewall but launch it in an existing vnet and subnet. I see examples...",
                "fallback": "reddit: New to Terraform in Azure. Have a question about vnets and subnets.",
                "thumb_url": "https:\/\/www.redditstatic.com\/new-icon.png",
                "from_url": "https:\/\/www.reddit.com\/r\/Terraform\/comments\/lxvsgc\/new_to_terraform_in_azure_have_a_question_about\/",
                "thumb_width": 256,
                "thumb_height": 256,
                "service_icon": "http:\/\/www.redditstatic.com\/desktop2x\/img\/favicon\/apple-icon-57x57.png",
                "id": 1,
                "original_url": "https:\/\/www.reddit.com\/r\/Terraform\/comments\/lxvsgc\/new_to_terraform_in_azure_have_a_question_about\/"
            },
            {
                "title": "overview for T0mmy_The_CaT",
                "title_link": "https:\/\/www.reddit.com\/user\/T0mmy_The_CaT",
                "text": "The u\/T0mmy_The_CaT community on Reddit. Reddit gives you the best of the internet in one place.",
                "fallback": "overview for T0mmy_The_CaT",
                "from_url": "https:\/\/www.reddit.com\/user\/T0mmy_The_CaT",
                "service_icon": "http:\/\/www.redditstatic.com\/desktop2x\/img\/favicon\/apple-icon-57x57.png",
                "service_name": "reddit.com",
                "id": 2,
                "original_url": "https:\/\/www.reddit.com\/user\/T0mmy_The_CaT"
            }
        ],
        "edited": {
            "user": "BG3N7LG73",
            "ts": "1614893206.000000"
        }
    }
]