[
    {
        "type": "message",
        "subtype": "bot_message",
        "text": "<https:\/\/www.reddit.com\/r\/Terraform\/comments\/m5fhb2\/deploying_to_google_cloud_run_with_terraform\/|Deploying to Google Cloud Run with Terraform>\nsubmitted by   <https:\/\/www.reddit.com\/user\/ruanmartinelli| \/u\/ruanmartinelli > \n<https:\/\/hyperfoo.io\/posts\/terraform-cloud-run|[link]>   <https:\/\/www.reddit.com\/r\/Terraform\/comments\/m5fhb2\/deploying_to_google_cloud_run_with_terraform\/|[comments]>",
        "ts": "1615795007.035100",
        "username": "Terraform",
        "icons": {
            "image_48": "https:\/\/s3-us-west-2.amazonaws.com\/slack-files2\/bot_icons\/2019-02-12\/548785199618_48.png"
        },
        "bot_id": "BG3N7LG73",
        "attachments": [
            {
                "service_name": "reddit",
                "title": "Deploying to Google Cloud Run with Terraform",
                "title_link": "https:\/\/www.reddit.com\/r\/Terraform\/comments\/m5fhb2\/deploying_to_google_cloud_run_with_terraform\/",
                "text": "Posted in r\/Terraform by u\/ruanmartinelli • 1 point and 0 comments",
                "fallback": "reddit: Deploying to Google Cloud Run with Terraform",
                "thumb_url": "https:\/\/a.thumbs.redditmedia.com\/RLx231yxHxtu8yurg34i_V6xRth8lkwRExlzyF4h3G8.jpg",
                "from_url": "https:\/\/www.reddit.com\/r\/Terraform\/comments\/m5fhb2\/deploying_to_google_cloud_run_with_terraform\/",
                "thumb_width": 140,
                "thumb_height": 78,
                "service_icon": "http:\/\/www.redditstatic.com\/desktop2x\/img\/favicon\/apple-icon-57x57.png",
                "id": 1,
                "original_url": "https:\/\/www.reddit.com\/r\/Terraform\/comments\/m5fhb2\/deploying_to_google_cloud_run_with_terraform\/"
            },
            {
                "title": "overview for ruanmartinelli",
                "title_link": "https:\/\/www.reddit.com\/user\/ruanmartinelli",
                "text": "The u\/ruanmartinelli community on Reddit. Reddit gives you the best of the internet in one place.",
                "fallback": "overview for ruanmartinelli",
                "from_url": "https:\/\/www.reddit.com\/user\/ruanmartinelli",
                "service_icon": "http:\/\/www.redditstatic.com\/desktop2x\/img\/favicon\/apple-icon-57x57.png",
                "service_name": "reddit.com",
                "id": 2,
                "original_url": "https:\/\/www.reddit.com\/user\/ruanmartinelli"
            },
            {
                "service_name": "HYPERFOO",
                "title": "Deploying to Google Cloud Run with Terraform",
                "title_link": "https:\/\/hyperfoo.io\/posts\/terraform-cloud-run",
                "text": "Cloud Run is a serverless platform from Google Cloud to deploy and run containers. It's fully managed...",
                "fallback": "HYPERFOO: Deploying to Google Cloud Run with Terraform",
                "image_url": "https:\/\/hyperfoo.io\/images\/terraform-01.png",
                "from_url": "https:\/\/hyperfoo.io\/posts\/terraform-cloud-run",
                "image_width": 400,
                "image_height": 224,
                "image_bytes": 197946,
                "id": 3,
                "original_url": "https:\/\/hyperfoo.io\/posts\/terraform-cloud-run"
            }
        ],
        "edited": {
            "user": "BG3N7LG73",
            "ts": "1615795007.000000"
        }
    },
    {
        "type": "message",
        "subtype": "bot_message",
        "text": "<https:\/\/www.reddit.com\/r\/Terraform\/comments\/m5gghl\/kubernetes_service_creation_of_an_alb\/|kubernetes_service creation of an ALB>\nHi all, I'm trying to deploy an ALB with my EKS cluster, but the ELB that gets created is a classic one, not Application.  ​ resource \"kubernetes_service\" \"nginx\" { metadata { name = \"nginx-example\" annotations = { \"<http:\/\/service.beta.kubernetes.io\/aws-load-balancer-type|service.beta.kubernetes.io\/aws-load-balancer-type>\" = \"alb\" } } spec { selector = { App = kubernetes_deployment.nginx.spec.0.template.0.metadata[0].<http:\/\/labels.App|labels.App> } port { port = 80 target_port = 80 } type = \"LoadBalancer\" } }  ​ Does anybody know what I'm missing?    submitted by   &lt;a...",
        "ts": "1615799203.035300",
        "username": "Terraform",
        "icons": {
            "image_48": "https:\/\/s3-us-west-2.amazonaws.com\/slack-files2\/bot_icons\/2019-02-12\/548785199618_48.png"
        },
        "bot_id": "BG3N7LG73",
        "attachments": [
            {
                "service_name": "reddit",
                "title": "kubernetes_service creation of an ALB",
                "title_link": "https:\/\/www.reddit.com\/r\/Terraform\/comments\/m5gghl\/kubernetes_service_creation_of_an_alb\/",
                "text": "Hi all, I'm trying to deploy an ALB with my EKS cluster, but the ELB that gets created is a classic one, not Application. &amp;#x200B; resource...",
                "fallback": "reddit: kubernetes_service creation of an ALB",
                "thumb_url": "https:\/\/www.redditstatic.com\/new-icon.png",
                "from_url": "https:\/\/www.reddit.com\/r\/Terraform\/comments\/m5gghl\/kubernetes_service_creation_of_an_alb\/",
                "thumb_width": 256,
                "thumb_height": 256,
                "service_icon": "http:\/\/www.redditstatic.com\/desktop2x\/img\/favicon\/apple-icon-57x57.png",
                "id": 1,
                "original_url": "https:\/\/www.reddit.com\/r\/Terraform\/comments\/m5gghl\/kubernetes_service_creation_of_an_alb\/"
            }
        ],
        "edited": {
            "user": "BG3N7LG73",
            "ts": "1615799204.000000"
        }
    },
    {
        "type": "message",
        "subtype": "bot_message",
        "text": "<https:\/\/www.reddit.com\/r\/Terraform\/comments\/m5j8qh\/terraform_show\/|terraform show>\ni have created a one bucket name xyz using terraform in gcp .someone has deleted this bucket manually as still i can see this bucket name in terraform show. now i have done terraform refresh. but still i can see the state of xyz bucket in terraform show output even after refresh . upto my analysis whenever you do terraform refresh you can see only state files of buckets which are available currently&amp;that are created using terraform and you can't see deleted state files of resources which are...",
        "ts": "1615811206.035500",
        "username": "Terraform",
        "icons": {
            "image_48": "https:\/\/s3-us-west-2.amazonaws.com\/slack-files2\/bot_icons\/2019-02-12\/548785199618_48.png"
        },
        "bot_id": "BG3N7LG73",
        "attachments": [
            {
                "service_name": "reddit",
                "title": "terraform show",
                "title_link": "https:\/\/www.reddit.com\/r\/Terraform\/comments\/m5j8qh\/terraform_show\/",
                "text": "i have created a one bucket name xyz using terraform in gcp .someone has deleted this bucket manually as still i can see this bucket name in...",
                "fallback": "reddit: terraform show",
                "thumb_url": "https:\/\/www.redditstatic.com\/new-icon.png",
                "from_url": "https:\/\/www.reddit.com\/r\/Terraform\/comments\/m5j8qh\/terraform_show\/",
                "thumb_width": 256,
                "thumb_height": 256,
                "service_icon": "http:\/\/www.redditstatic.com\/desktop2x\/img\/favicon\/apple-icon-57x57.png",
                "id": 1,
                "original_url": "https:\/\/www.reddit.com\/r\/Terraform\/comments\/m5j8qh\/terraform_show\/"
            }
        ],
        "edited": {
            "user": "BG3N7LG73",
            "ts": "1615811207.000000"
        }
    },
    {
        "type": "message",
        "subtype": "bot_message",
        "text": "<https:\/\/www.reddit.com\/r\/Terraform\/comments\/m5kc0t\/azure_application_gateway_with_an_variable_amount\/|Azure Application Gateway with an variable amount of Authentication_Certificate>\nHello dear Terraform-community,I am a newbie in working with Terraform. One of our customers wants a module for an azure_application_gateway. This module should be able to be used for deploying different workloads. Some workloads come with only one Authentication_Certificate others come with 3 or 5.The number of Authentication_Certificate comes via a variable called certdata with type list(string). Depending on how many entries the list has, Authentication_Certificate entries should be...",
        "ts": "1615814203.035700",
        "username": "Terraform",
        "icons": {
            "image_48": "https:\/\/s3-us-west-2.amazonaws.com\/slack-files2\/bot_icons\/2019-02-12\/548785199618_48.png"
        },
        "bot_id": "BG3N7LG73",
        "attachments": [
            {
                "service_name": "reddit",
                "title": "Azure Application Gateway with an variable amount of Authentication_Certificate",
                "title_link": "https:\/\/www.reddit.com\/r\/Terraform\/comments\/m5kc0t\/azure_application_gateway_with_an_variable_amount\/",
                "text": "Hello dear Terraform-community,I am a newbie in working with Terraform. One of our customers wants a module for an...",
                "fallback": "reddit: Azure Application Gateway with an variable amount of Authentication_Certificate",
                "thumb_url": "https:\/\/www.redditstatic.com\/new-icon.png",
                "from_url": "https:\/\/www.reddit.com\/r\/Terraform\/comments\/m5kc0t\/azure_application_gateway_with_an_variable_amount\/",
                "thumb_width": 256,
                "thumb_height": 256,
                "service_icon": "http:\/\/www.redditstatic.com\/desktop2x\/img\/favicon\/apple-icon-57x57.png",
                "id": 1,
                "original_url": "https:\/\/www.reddit.com\/r\/Terraform\/comments\/m5kc0t\/azure_application_gateway_with_an_variable_amount\/"
            }
        ],
        "edited": {
            "user": "BG3N7LG73",
            "ts": "1615814203.000000"
        }
    },
    {
        "type": "message",
        "subtype": "bot_message",
        "text": "<https:\/\/www.reddit.com\/r\/Terraform\/comments\/m5ko8w\/anyone_is_aware_of_schema_method_or_a_way_to\/|Anyone is aware of schema method or a way to validate that one of the multiple values must be present\/required in my provider ?>\nSuppose I have three values in my resource.go provider file, schema.Resource{ return &amp;schema.Resource{ val1{}, val2{}, val3{}, } } and I want to ensure a validation which will check either of val1\/2\/3 should be present\/required    submitted by   <https:\/\/www.reddit.com\/user\/ramuklawjju| \/u\/ramuklawjju > \n<https:\/\/www.reddit.com\/r\/Terraform\/comments\/m5ko8w\/anyone_is_aware_of_schema_method_or_a_way_to\/|[link]>   &lt;a...",
        "ts": "1615815404.035900",
        "username": "Terraform",
        "icons": {
            "image_48": "https:\/\/s3-us-west-2.amazonaws.com\/slack-files2\/bot_icons\/2019-02-12\/548785199618_48.png"
        },
        "bot_id": "BG3N7LG73",
        "attachments": [
            {
                "service_name": "reddit",
                "title": "Anyone is aware of schema method or a way to validate that one of the multiple values must be present\/required in my provider ?",
                "title_link": "https:\/\/www.reddit.com\/r\/Terraform\/comments\/m5ko8w\/anyone_is_aware_of_schema_method_or_a_way_to\/",
                "text": "Suppose I have three values in my resource.go provider file, schema.Resource{ return &amp;schema.Resource{ val1{}, val2{}, val3{}, } ...",
                "fallback": "reddit: Anyone is aware of schema method or a way to validate that one of the multiple values must be present\/required in my provider ?",
                "thumb_url": "https:\/\/www.redditstatic.com\/new-icon.png",
                "from_url": "https:\/\/www.reddit.com\/r\/Terraform\/comments\/m5ko8w\/anyone_is_aware_of_schema_method_or_a_way_to\/",
                "thumb_width": 256,
                "thumb_height": 256,
                "service_icon": "http:\/\/www.redditstatic.com\/desktop2x\/img\/favicon\/apple-icon-57x57.png",
                "id": 1,
                "original_url": "https:\/\/www.reddit.com\/r\/Terraform\/comments\/m5ko8w\/anyone_is_aware_of_schema_method_or_a_way_to\/"
            },
            {
                "title": "overview for ramuklawjju",
                "title_link": "https:\/\/www.reddit.com\/user\/ramuklawjju",
                "text": "Just a random human being, with random thoughts and a different perspective. Hmu if you need an extra pair of eye on anything. Be kind to animals.",
                "fallback": "overview for ramuklawjju",
                "from_url": "https:\/\/www.reddit.com\/user\/ramuklawjju",
                "service_icon": "http:\/\/www.redditstatic.com\/desktop2x\/img\/favicon\/apple-icon-57x57.png",
                "service_name": "reddit.com",
                "id": 2,
                "original_url": "https:\/\/www.reddit.com\/user\/ramuklawjju"
            }
        ],
        "edited": {
            "user": "BG3N7LG73",
            "ts": "1615815404.000000"
        }
    },
    {
        "type": "message",
        "subtype": "bot_message",
        "text": "<https:\/\/www.reddit.com\/r\/Terraform\/comments\/m5kyn0\/error_this_object_does_not_ahve_an_attribute\/|Error: This object does not ahve an attribute named \"id\".>\nI have multiple customers in my tf project and for each I'm successfully creating a stack of resources, incl an AWS Secretsmanager Secret like this: resource \"aws_secretsmanager_secret\" \"secret\" { for_each = var.customers name = \"${var.project_name}-${each.value.id}-secrets\" description = \"customer secrets\" kms_key_id = module.kms-key-customer[each.key].kms_alias.target_key_arn }  I also have a python script I want to run, which takes a list with the secret names as an argument. In order to...",
        "ts": "1615816007.036100",
        "username": "Terraform",
        "icons": {
            "image_48": "https:\/\/s3-us-west-2.amazonaws.com\/slack-files2\/bot_icons\/2019-02-12\/548785199618_48.png"
        },
        "bot_id": "BG3N7LG73",
        "attachments": [
            {
                "service_name": "reddit",
                "title": "Error: This object does not ahve an attribute named \"id\".",
                "title_link": "https:\/\/www.reddit.com\/r\/Terraform\/comments\/m5kyn0\/error_this_object_does_not_ahve_an_attribute\/",
                "text": "I have multiple customers in my tf project and for each I'm successfully creating a stack of resources, incl an AWS Secretsmanager Secret like...",
                "fallback": "reddit: Error: This object does not ahve an attribute named \"id\".",
                "thumb_url": "https:\/\/www.redditstatic.com\/new-icon.png",
                "from_url": "https:\/\/www.reddit.com\/r\/Terraform\/comments\/m5kyn0\/error_this_object_does_not_ahve_an_attribute\/",
                "thumb_width": 256,
                "thumb_height": 256,
                "service_icon": "http:\/\/www.redditstatic.com\/desktop2x\/img\/favicon\/apple-icon-57x57.png",
                "id": 1,
                "original_url": "https:\/\/www.reddit.com\/r\/Terraform\/comments\/m5kyn0\/error_this_object_does_not_ahve_an_attribute\/"
            }
        ],
        "edited": {
            "user": "BG3N7LG73",
            "ts": "1615816007.000000"
        }
    },
    {
        "type": "message",
        "subtype": "bot_message",
        "text": "<https:\/\/www.reddit.com\/r\/Terraform\/comments\/m5m6wg\/optional_attributes_in_azurerm_vm_causing_vm_to\/|Optional attributes in Azurerm VM causing VM to be re-created>\nI'm playing around with Terraform in Azure. I'm able to create a VM, but when I run terraform plan after creating it this is what is displayed:  ... -\/+ resource \"azurerm_linux_virtual_machine\" \"vm\" { - availability_set_id = \"\" -&gt; null - dedicated_host_id = \"\" -&gt; null - encryption_at_host_enabled = false -&gt; null - eviction_policy = \"\" -&gt; null ...  These attributes are not defined in the TF file. I've added these to the lifecycle ignore_changes list to workaround it. Is this normal? ......",
        "ts": "1615820206.036300",
        "username": "Terraform",
        "icons": {
            "image_48": "https:\/\/s3-us-west-2.amazonaws.com\/slack-files2\/bot_icons\/2019-02-12\/548785199618_48.png"
        },
        "bot_id": "BG3N7LG73",
        "attachments": [
            {
                "service_name": "reddit",
                "title": "Optional attributes in Azurerm VM causing VM to be re-created",
                "title_link": "https:\/\/www.reddit.com\/r\/Terraform\/comments\/m5m6wg\/optional_attributes_in_azurerm_vm_causing_vm_to\/",
                "text": "I'm playing around with Terraform in Azure. I'm able to create a VM, but when I run `terraform plan` after creating it this is what is...",
                "fallback": "reddit: Optional attributes in Azurerm VM causing VM to be re-created",
                "thumb_url": "https:\/\/www.redditstatic.com\/new-icon.png",
                "from_url": "https:\/\/www.reddit.com\/r\/Terraform\/comments\/m5m6wg\/optional_attributes_in_azurerm_vm_causing_vm_to\/",
                "thumb_width": 256,
                "thumb_height": 256,
                "service_icon": "http:\/\/www.redditstatic.com\/desktop2x\/img\/favicon\/apple-icon-57x57.png",
                "id": 1,
                "original_url": "https:\/\/www.reddit.com\/r\/Terraform\/comments\/m5m6wg\/optional_attributes_in_azurerm_vm_causing_vm_to\/"
            }
        ],
        "edited": {
            "user": "BG3N7LG73",
            "ts": "1615820207.000000"
        }
    },
    {
        "type": "message",
        "subtype": "bot_message",
        "text": "<https:\/\/www.reddit.com\/r\/Terraform\/comments\/m5nv14\/root_resource_was_present_but_now_absent\/|Root resource was present but now absent>\nI'm troubleshooting the error: `Provider produced inconsistent result after apply` When looking at the debugger it returns:  provider  produced an unexpected new value: Root resource was present, but now absent.  What does that error mean? To what is it referring when it says \"Root resource\"?    submitted by   <https:\/\/www.reddit.com\/user\/fuzzyfoozand| \/u\/fuzzyfoozand > \n&lt;a...",
        "ts": "1615824407.036500",
        "username": "Terraform",
        "icons": {
            "image_48": "https:\/\/s3-us-west-2.amazonaws.com\/slack-files2\/bot_icons\/2019-02-12\/548785199618_48.png"
        },
        "bot_id": "BG3N7LG73",
        "attachments": [
            {
                "service_name": "reddit",
                "title": "Root resource was present but now absent",
                "title_link": "https:\/\/www.reddit.com\/r\/Terraform\/comments\/m5nv14\/root_resource_was_present_but_now_absent\/",
                "text": "I'm troubleshooting the error: \\`Provider produced inconsistent result after apply\\` When looking at the debugger it returns: &gt;provider...",
                "fallback": "reddit: Root resource was present but now absent",
                "thumb_url": "https:\/\/www.redditstatic.com\/new-icon.png",
                "from_url": "https:\/\/www.reddit.com\/r\/Terraform\/comments\/m5nv14\/root_resource_was_present_but_now_absent\/",
                "thumb_width": 256,
                "thumb_height": 256,
                "service_icon": "http:\/\/www.redditstatic.com\/desktop2x\/img\/favicon\/apple-icon-57x57.png",
                "id": 1,
                "original_url": "https:\/\/www.reddit.com\/r\/Terraform\/comments\/m5nv14\/root_resource_was_present_but_now_absent\/"
            },
            {
                "title": "overview for fuzzyfoozand",
                "title_link": "https:\/\/www.reddit.com\/user\/fuzzyfoozand",
                "text": "The u\/fuzzyfoozand community on Reddit. Reddit gives you the best of the internet in one place.",
                "fallback": "overview for fuzzyfoozand",
                "from_url": "https:\/\/www.reddit.com\/user\/fuzzyfoozand",
                "service_icon": "http:\/\/www.redditstatic.com\/desktop2x\/img\/favicon\/apple-icon-57x57.png",
                "service_name": "reddit.com",
                "id": 2,
                "original_url": "https:\/\/www.reddit.com\/user\/fuzzyfoozand"
            }
        ],
        "edited": {
            "user": "BG3N7LG73",
            "ts": "1615824408.000000"
        }
    },
    {
        "type": "message",
        "subtype": "bot_message",
        "text": "<https:\/\/www.reddit.com\/r\/Terraform\/comments\/m5t8vb\/azure_virtual_network_gateway_with_express_route\/|azure virtual network gateway with express route conditional dependency question>\nIs there a way to conditionalize a resource based on a specific value of a dependent resource? when you create an express route, the \"service_provider_provisioning_state\" attribute is always \"NotProvisioned.\" (you have to give the access key to your service provider, who can finish provisioning the express route). something like this: resource \"azurerm_express_route_circuit\" \"express_route\" {} resource \"azurerm_virtual_network_gateway_connection\" \"gw_connect_express_rt\" { depends_on =...",
        "ts": "1615838208.036700",
        "username": "Terraform",
        "icons": {
            "image_48": "https:\/\/s3-us-west-2.amazonaws.com\/slack-files2\/bot_icons\/2019-02-12\/548785199618_48.png"
        },
        "bot_id": "BG3N7LG73",
        "attachments": [
            {
                "service_name": "reddit",
                "title": "azure virtual network gateway with express route conditional dependency question",
                "title_link": "https:\/\/www.reddit.com\/r\/Terraform\/comments\/m5t8vb\/azure_virtual_network_gateway_with_express_route\/",
                "text": "Is there a way to conditionalize a resource based on a specific value of a dependent resource? when you create an express route, the...",
                "fallback": "reddit: azure virtual network gateway with express route conditional dependency question",
                "thumb_url": "https:\/\/www.redditstatic.com\/new-icon.png",
                "from_url": "https:\/\/www.reddit.com\/r\/Terraform\/comments\/m5t8vb\/azure_virtual_network_gateway_with_express_route\/",
                "thumb_width": 256,
                "thumb_height": 256,
                "service_icon": "http:\/\/www.redditstatic.com\/desktop2x\/img\/favicon\/apple-icon-57x57.png",
                "id": 1,
                "original_url": "https:\/\/www.reddit.com\/r\/Terraform\/comments\/m5t8vb\/azure_virtual_network_gateway_with_express_route\/"
            }
        ],
        "edited": {
            "user": "BG3N7LG73",
            "ts": "1615838208.000000"
        }
    }
]