[
    {
        "client_msg_id": "ac57b6e3-b5bc-4c5d-903a-0baf70f25a16",
        "type": "message",
        "text": "もしよければ教えていただきたいのですが、PermissionSet の管理も Terraform でされていますか？",
        "user": "UGYC5C4MQ",
        "ts": "1630655551.001500",
        "blocks": [
            {
                "type": "rich_text",
                "block_id": "LVyJ",
                "elements": [
                    {
                        "type": "rich_text_section",
                        "elements": [
                            {
                                "type": "text",
                                "text": "もしよければ教えていただきたいのですが、PermissionSet の管理も Terraform でされていますか？"
                            }
                        ]
                    }
                ]
            }
        ],
        "team": "TFU0BKCQP",
        "user_team": "TFU0BKCQP",
        "source_team": "TFU0BKCQP",
        "user_profile": {
            "avatar_hash": "g0bde1a9fab0",
            "image_72": "https:\/\/secure.gravatar.com\/avatar\/10bde1a9fab085d6b5a2753fd9a7f974.jpg?s=72&d=https%3A%2F%2Fa.slack-edge.com%2Fdf10d%2Fimg%2Favatars%2Fava_0016-72.png",
            "first_name": "",
            "real_name": "mapk0y",
            "display_name": "まっぷけーぜろわい",
            "team": "TFU0BKCQP",
            "name": "mapk0y",
            "is_restricted": false,
            "is_ultra_restricted": false
        },
        "thread_ts": "1630650384.000400",
        "parent_user_id": "U01AZ40QECR"
    },
    {
        "client_msg_id": "b9ce86a7-6c41-4b99-ac58-0b974648ad24",
        "type": "message",
        "text": "弊社では PermissionSet も Terraform で管理しています！\n一方で、こちらは必要以上のモジュールの作り込みはせず、 Terraform Provider AWS をほとんどそのまま使用しています。",
        "user": "U01AZ40QECR",
        "ts": "1630657133.001700",
        "blocks": [
            {
                "type": "rich_text",
                "block_id": "MUUw=",
                "elements": [
                    {
                        "type": "rich_text_section",
                        "elements": [
                            {
                                "type": "text",
                                "text": "弊社では PermissionSet も Terraform で管理しています！\n一方で、こちらは必要以上のモジュールの作り込みはせず、 Terraform Provider AWS をほとんどそのまま使用しています。"
                            }
                        ]
                    }
                ]
            }
        ],
        "team": "TFU0BKCQP",
        "user_team": "TFU0BKCQP",
        "source_team": "TFU0BKCQP",
        "user_profile": {
            "avatar_hash": "97f148bf52e0",
            "image_72": "https:\/\/avatars.slack-edge.com\/2021-09-03\/2465289661633_97f148bf52e046517449_72.jpg",
            "first_name": "rakiyoshi",
            "real_name": "rakiyoshi",
            "display_name": "rakiyoshi",
            "team": "TFU0BKCQP",
            "name": "ryo614",
            "is_restricted": false,
            "is_ultra_restricted": false
        },
        "edited": {
            "user": "U01AZ40QECR",
            "ts": "1630657307.000000"
        },
        "thread_ts": "1630650384.000400",
        "parent_user_id": "U01AZ40QECR"
    },
    {
        "client_msg_id": "2d728155-24ab-40f6-ad66-45cba88aa8d7",
        "type": "message",
        "text": "ご返答ありがとうございます。\n\nサンプルやコードを確認させていただくかぎりは arn を直接ではなく PermissionSet 名で渡す感じになっていると思うのですが別々にファイル的には管理している感じなのでしょうか。\n実は、自作モジュールでは一緒にしちゃったんですが、Assignment と PermissionSet は更新頻度や触りたい人が異なる気がするので分けたほうがいいかもと考えてます。",
        "user": "UGYC5C4MQ",
        "ts": "1630659153.002200",
        "blocks": [
            {
                "type": "rich_text",
                "block_id": "8Tv2R",
                "elements": [
                    {
                        "type": "rich_text_section",
                        "elements": [
                            {
                                "type": "text",
                                "text": "ご返答ありがとうございます。\n\nサンプルやコードを確認させていただくかぎりは arn を直接ではなく PermissionSet 名で渡す感じになっていると思うのですが別々にファイル的には管理している感じなのでしょうか。\n実は、自作モジュールでは一緒にしちゃったんですが、Assignment と PermissionSet は更新頻度や触りたい人が異なる気がするので分けたほうがいいかもと考えてます。"
                            }
                        ]
                    }
                ]
            }
        ],
        "team": "TFU0BKCQP",
        "user_team": "TFU0BKCQP",
        "source_team": "TFU0BKCQP",
        "user_profile": {
            "avatar_hash": "g0bde1a9fab0",
            "image_72": "https:\/\/secure.gravatar.com\/avatar\/10bde1a9fab085d6b5a2753fd9a7f974.jpg?s=72&d=https%3A%2F%2Fa.slack-edge.com%2Fdf10d%2Fimg%2Favatars%2Fava_0016-72.png",
            "first_name": "",
            "real_name": "mapk0y",
            "display_name": "まっぷけーぜろわい",
            "team": "TFU0BKCQP",
            "name": "mapk0y",
            "is_restricted": false,
            "is_ultra_restricted": false
        },
        "thread_ts": "1630650384.000400",
        "parent_user_id": "U01AZ40QECR"
    }
]