[
    {
        "type": "message",
        "subtype": "thread_broadcast",
        "text": "<https:\/\/twitter.com\/sogaoh\/status\/1434804206150451202>",
        "user": "UFT60TQCQ",
        "ts": "1630919078.002800",
        "thread_ts": "1628058027.000200",
        "root": {
            "client_msg_id": "4ac0b39d-cdd2-4c73-b9f5-dbd6f287f3bd",
            "type": "message",
            "text": "<https:\/\/mackerel.io\/ja\/blog\/entry\/2021\/08\/03\/170757>",
            "user": "UFT60TQCQ",
            "ts": "1628058027.000200",
            "blocks": [
                {
                    "type": "rich_text",
                    "block_id": "IF7cP",
                    "elements": [
                        {
                            "type": "rich_text_section",
                            "elements": [
                                {
                                    "type": "link",
                                    "url": "https:\/\/mackerel.io\/ja\/blog\/entry\/2021\/08\/03\/170757"
                                }
                            ]
                        }
                    ]
                }
            ],
            "team": "TFU0BKCQP",
            "attachments": [
                {
                    "service_name": "Mackerel お知らせ #mackerelio",
                    "title": "Terraform Provider Mackerel を Terraform Registry にて公開しました - Mackerel お知らせ #mackerelio",
                    "title_link": "https:\/\/mackerel.io\/ja\/blog\/entry\/2021\/08\/03\/170757",
                    "text": "こんにちは。 Mackerel SRE チームの id:heleeen です 先日、Terraform Registry に Mackerel 用の Terraform Provider を公開しました。 これによって Terraform で監視設定など各種設定を管理することができます。 mackerelio-labs\/mackerel | Terraform Registry Terraform Provider Mackerel 公開にあたって Mackerel の Terraform Provider はこれまで公式に公開していなかったのですが、以前から作成、公開されていた @xcezx…",
                    "fallback": "Mackerel お知らせ #mackerelio: Terraform Provider Mackerel を Terraform Registry にて公開しました - Mackerel お知らせ #mackerelio",
                    "image_url": "https:\/\/ogimage.blog.st-hatena.com\/12921228815720160391\/26006613791776384\/1627982361",
                    "ts": 1627978077,
                    "from_url": "https:\/\/mackerel.io\/ja\/blog\/entry\/2021\/08\/03\/170757",
                    "image_width": 476,
                    "image_height": 250,
                    "image_bytes": 53613,
                    "service_icon": "https:\/\/mackerel.io\/ja\/blog\/icon\/touch",
                    "id": 1,
                    "original_url": "https:\/\/mackerel.io\/ja\/blog\/entry\/2021\/08\/03\/170757"
                }
            ],
            "thread_ts": "1628058027.000200",
            "reply_count": 1,
            "reply_users_count": 1,
            "latest_reply": "1630919078.002800",
            "reply_users": [
                "UFT60TQCQ"
            ],
            "replies": [
                {
                    "user": "UFT60TQCQ",
                    "ts": "1630919078.002800"
                }
            ],
            "is_locked": false,
            "subscribed": false
        },
        "blocks": [
            {
                "type": "rich_text",
                "block_id": "NtHMY",
                "elements": [
                    {
                        "type": "rich_text_section",
                        "elements": [
                            {
                                "type": "link",
                                "url": "https:\/\/twitter.com\/sogaoh\/status\/1434804206150451202"
                            }
                        ]
                    }
                ]
            }
        ],
        "attachments": [
            {
                "fallback": "<https:\/\/twitter.com\/sogaoh|@sogaoh>: terraform-provider-mackerel の v0.0.4 が出たみたい #mackerelio\n<https:\/\/registry.terraform.io\/providers\/mackerelio-labs\/mackerel\/latest>",
                "ts": 1630918954,
                "author_name": "央",
                "author_link": "https:\/\/twitter.com\/sogaoh\/status\/1434804206150451202",
                "author_icon": "https:\/\/pbs.twimg.com\/profile_images\/1377655606845140998\/9_-bGj5P_normal.jpg",
                "author_subname": "@sogaoh",
                "text": "terraform-provider-mackerel の v0.0.4 が出たみたい #mackerelio\n<https:\/\/registry.terraform.io\/providers\/mackerelio-labs\/mackerel\/latest>",
                "service_name": "twitter",
                "service_url": "https:\/\/twitter.com\/",
                "from_url": "https:\/\/twitter.com\/sogaoh\/status\/1434804206150451202",
                "id": 1,
                "original_url": "https:\/\/twitter.com\/sogaoh\/status\/1434804206150451202",
                "footer": "Twitter",
                "footer_icon": "https:\/\/a.slack-edge.com\/80588\/img\/services\/twitter_pixel_snapped_32.png"
            }
        ],
        "client_msg_id": "68374bf4-8b05-4b7c-92ce-73f444417ba3"
    },
    {
        "client_msg_id": "DFBA91C5-6758-4719-BF9D-C57C668DFD51",
        "type": "message",
        "text": "確かに更新頻度と触る人は違ってきそうですが、弊社だと一つのリポジトリに両方を書き、二つのサイド(aws全体管理チームと個別の開発チーム)で共同管理していますね。\nPRは必ず前者のチームがレビューする感じです",
        "user": "UTK1B5BB2",
        "ts": "1630929060.007100",
        "blocks": [
            {
                "type": "rich_text",
                "block_id": "1hWV",
                "elements": [
                    {
                        "type": "rich_text_section",
                        "elements": [
                            {
                                "type": "text",
                                "text": "確かに更新頻度と触る人は違ってきそうですが、弊社だと一つのリポジトリに両方を書き、二つのサイド(aws全体管理チームと個別の開発チーム)で共同管理していますね。\nPRは必ず前者のチームがレビューする感じです"
                            }
                        ]
                    }
                ]
            }
        ],
        "team": "TFU0BKCQP",
        "user_team": "TFU0BKCQP",
        "source_team": "TFU0BKCQP",
        "user_profile": {
            "avatar_hash": "f9e26d92b470",
            "image_72": "https:\/\/avatars.slack-edge.com\/2020-02-05\/926890716897_f9e26d92b470908ab893_72.png",
            "first_name": "",
            "real_name": "kbigwheel",
            "display_name": "kbigwheel",
            "team": "TFU0BKCQP",
            "name": "k.bigwheel",
            "is_restricted": false,
            "is_ultra_restricted": false
        },
        "edited": {
            "user": "UTK1B5BB2",
            "ts": "1630929110.000000"
        },
        "thread_ts": "1630650384.000400",
        "parent_user_id": "U01AZ40QECR"
    }
]