[
    {
        "type": "message",
        "subtype": "bot_message",
        "text": "",
        "ts": "1596070543.029900",
        "bot_id": "BG2UDF0NA",
        "attachments": [
            {
                "fallback": "hashicorp\/terraform-provider-kubernetes on GitHub\nv1.12.0",
                "text": "`v1.12.0`",
                "title": "hashicorp\/terraform-provider-kubernetes on GitHub",
                "id": 1,
                "title_link": "https:\/\/newreleases.io\/github\/hashicorp\/terraform-provider-kubernetes",
                "mrkdwn_in": [
                    "text"
                ]
            }
        ]
    },
    {
        "type": "message",
        "subtype": "bot_message",
        "text": "",
        "ts": "1596073209.030000",
        "bot_id": "BG2UDF0NA",
        "attachments": [
            {
                "fallback": "hashicorp\/terraform-provider-kubernetes on GitHub\nv1.12.0v1.12.0 updated\nrelease note: <https:\/\/newreleases.io\/github\/hashicorp\/terraform-provider-kubernetes?version=v1.12.0>",
                "text": "*v1.12.0* `v1.12.0` _updated_\n```\nBUG FIXES:\n\n* Fix crash in resource_kubernetes_pod_security_policy attribute host_ports (#931)\n\nIMPROVEMENTS:\n\n* Add wait_for_rollout to kubernetes_deployment resource (#863)\n\n* Add wait_for_rollout to kubernetes_stateful_set resource (#605)\n```\n<https:\/\/newreleases.io\/github\/hashicorp\/terraform-provider-kubernetes?version=v1.12.0|release note...>",
                "title": "hashicorp\/terraform-provider-kubernetes on GitHub",
                "id": 1,
                "title_link": "https:\/\/newreleases.io\/github\/hashicorp\/terraform-provider-kubernetes",
                "mrkdwn_in": [
                    "text"
                ]
            }
        ]
    }
]