[
    {
        "type": "message",
        "subtype": "bot_message",
        "text": "",
        "ts": "1595427268.028200",
        "bot_id": "BG2UDF0NA",
        "attachments": [
            {
                "fallback": "hashicorp\/terraform on GitHub\nv0.13.0-rc1",
                "text": "`v0.13.0-rc1`",
                "title": "hashicorp\/terraform on GitHub",
                "id": 1,
                "title_link": "https:\/\/newreleases.io\/github\/hashicorp\/terraform",
                "mrkdwn_in": [
                    "text"
                ]
            }
        ]
    },
    {
        "type": "message",
        "subtype": "bot_message",
        "text": "",
        "ts": "1595427823.028300",
        "bot_id": "BG2UDF0NA",
        "attachments": [
            {
                "fallback": "hashicorp\/terraform on GitHub\nv0.13.0-rc1v0.13.0-rc1 pre-release, updated\nrelease note: <https:\/\/newreleases.io\/github\/hashicorp\/terraform?version=v0.13.0-rc1>",
                "text": "*v0.13.0-rc1* `v0.13.0-rc1` _pre-release_, _updated_\n```\n--------------------------\n0.13.0-rc1 (July 22, 2020)\n--------------------------\n\nBUG FIXES:\n\n* command\/init: Fix confusing error message for locally-installed providers with invalid package structure ( #25504 ( <https:\/\/github.com\/hashicorp\/terraform\/issues\/25504> ) )\n\n* core: Prevent outputs from being evaluated during destroy ( #25500 ( <https:\/\/github.com\/hashicorp\/terraform\/issues\/25500> ) )\n\n* core: Fix the pruning of temporary values from the root module which will fail to evaluate during destroy ( #25543 ( <https:\/\/github.com\/hashicorp\/terraform\/issues\/25543> ) )\n\n* core: Don’t create redundant dependency edges between objects in different instances of the same module. ( #25599 ( <https:\/\/github.com\/hashicorp\/terraform\/issues\/25599> ) )\n\n* core: Prevent quadratic memory usage with large numbers of instances by not storing the complete resource state in each instance ( #25544 ( <https:\/\/github.com\/hashicorp\/terraform\/issues\/25544> ) )\n\n* core: Fix errors and remove cycles when a provider configuration references resources during a full destroy, and fix empty evaluation results when using self references in a destroy provisioner. ( #25681 ( <https:\/\/github.com\/hashicorp\/terraform\/issues\/25681> ) )\n```\n<https:\/\/newreleases.io\/github\/hashicorp\/terraform?version=v0.13.0-rc1|release note...>",
                "title": "hashicorp\/terraform on GitHub",
                "id": 1,
                "title_link": "https:\/\/newreleases.io\/github\/hashicorp\/terraform",
                "mrkdwn_in": [
                    "text"
                ]
            }
        ]
    },
    {
        "type": "message",
        "subtype": "bot_message",
        "text": "",
        "ts": "1595434376.028400",
        "bot_id": "BG2UDF0NA",
        "attachments": [
            {
                "fallback": "hashicorp\/terraform on GitHub\nv0.12.29",
                "text": "`v0.12.29`",
                "title": "hashicorp\/terraform on GitHub",
                "id": 1,
                "title_link": "https:\/\/newreleases.io\/github\/hashicorp\/terraform",
                "mrkdwn_in": [
                    "text"
                ]
            }
        ]
    },
    {
        "type": "message",
        "subtype": "bot_message",
        "text": "",
        "ts": "1595435174.028500",
        "bot_id": "BG2UDF0NA",
        "attachments": [
            {
                "fallback": "hashicorp\/terraform on GitHub\nv0.12.29v0.12.29 updated\nrelease note: <https:\/\/newreleases.io\/github\/hashicorp\/terraform?version=v0.12.29>",
                "text": "*v0.12.29* `v0.12.29` _updated_\n```\n-----------------------\n0.12.29 (July 22, 2020)\n-----------------------\n\nBUG FIXES:\n\n* core: core: Prevent quadratic memory usage with large numbers of instances by not storing the complete resource state in each instance ( #25633 ( <https:\/\/github.com\/hashicorp\/terraform\/issues\/25633> ) )\n```\n<https:\/\/newreleases.io\/github\/hashicorp\/terraform?version=v0.12.29|release note...>",
                "title": "hashicorp\/terraform on GitHub",
                "id": 1,
                "title_link": "https:\/\/newreleases.io\/github\/hashicorp\/terraform",
                "mrkdwn_in": [
                    "text"
                ]
            }
        ]
    },
    {
        "client_msg_id": "c71d3fa3-4aaf-4e6b-942e-ffb24becbe8a",
        "type": "message",
        "text": "お、0.13.0-rc1 と 0.12.29 か。。。",
        "user": "UFU0BKD8F",
        "ts": "1595435230.029100",
        "team": "TFU0BKCQP",
        "user_team": "TFU0BKCQP",
        "source_team": "TFU0BKCQP",
        "user_profile": {
            "avatar_hash": "92c41c62c7b0",
            "image_72": "https:\/\/avatars.slack-edge.com\/2019-01-30\/537137791812_92c41c62c7b0f054d3dd_72.jpg",
            "first_name": "らき",
            "real_name": "らき",
            "display_name": "raki",
            "team": "TFU0BKCQP",
            "name": "nishimuray",
            "is_restricted": false,
            "is_ultra_restricted": false
        },
        "blocks": [
            {
                "type": "rich_text",
                "block_id": "pVzf",
                "elements": [
                    {
                        "type": "rich_text_section",
                        "elements": [
                            {
                                "type": "text",
                                "text": "お、0.13.0-rc1 と 0.12.29 か。。。"
                            }
                        ]
                    }
                ]
            }
        ]
    }
]