[
    {
        "type": "message",
        "subtype": "bot_message",
        "text": "",
        "ts": "1594072781.025200",
        "bot_id": "BG2UDF0NA",
        "attachments": [
            {
                "fallback": "terraform-providers\/terraform-provider-google on GitHub\nv3.29.0",
                "text": "`v3.29.0`",
                "title": "terraform-providers\/terraform-provider-google on GitHub",
                "id": 1,
                "title_link": "https:\/\/newreleases.io\/github\/terraform-providers\/terraform-provider-google",
                "mrkdwn_in": [
                    "text"
                ]
            }
        ]
    },
    {
        "type": "message",
        "subtype": "bot_message",
        "text": "",
        "ts": "1594081965.025300",
        "bot_id": "BG2UDF0NA",
        "attachments": [
            {
                "fallback": "terraform-providers\/terraform-provider-google on GitHub\nv3.29.0v3.29.0 updated\nrelease note: <https:\/\/newreleases.io\/github\/terraform-providers\/terraform-provider-google?version=v3.29.0>",
                "text": "*v3.29.0* `v3.29.0` _updated_\n```\nNOTES:\n\n* added the <https:\/\/www.googleapis.com\/auth\/cloud-identity> scope to the provider by default ( #6681 ( <https:\/\/github.com\/terraform-providers\/terraform-provider-google\/pull\/6681> ) )\n\n* google_app_engine_*_version ’s service field is required; previously it would have passed validation but failed on apply if it were absent. ( #6720 ( <https:\/\/github.com\/terraform-providers\/terraform-provider-google\/pull\/6720> ) )\n\nFEATURES:\n\n* *New Resource:* google_kms_key_ring_import_job ( #6682 ( <https:\/\/github.com\/terraform-providers\/terraform-provider-google\/pull\/6682> ) )\n\n* *New Resource:* google_folder_iam_audit_config ( #6708 ( <https:\/\/github.com\/terraform-providers\/terraform-provider-google\/pull\/6708> ) )\n\nIMPROVEMENTS:\n\n* bigquery: Added \"HOUR\" option for google_bigquery_table time partitioning ( type ) ( #6702 ( <https:\/\/github.com\/terraform-providers\/terraform-provider-google\/pull\/6702> ) )\n\n* bigquery: Added support for BigQuery hourly time partitioning ( #6675 ( <https:\/\/github.com\/terraform-providers\/terraform-provider-google\/pull\/6675> ) )\n\n* compute: Added mode to google_compute_region_autoscaler autoscaling_policy ( #6685 ( <https:\/\/github.com\/terraform-providers\/terraform-provider-google\/pull\/6685> ) )\n\n* container: Promoted google_container_cluster database_encryption to GA. ( #6701 ( <https:\/\/github.com\/terraform-providers\/terraform-provider-google\/pull\/6701> ) )\n\n* endpoints: google_endpoints_service now allows dependent resources to plan based on the config_id value. ( #6722 ( <https:\/\/github.com\/terraform-providers\/terraform-provider-google\/pull\/6722> ) )\n\n* monitoring: added request_method , content_type , and body fields within the http_check object to google_monitoring_uptime_check_config resource ( #6700 ( <https:\/\/github.com\/terraform-providers\/terraform-provider-google\/pull\/6700> ) )\n\nBUG FIXES:\n\n* compute: fixed an issue in compute_url_map where path_matcher sub-fields would conflict with default_service ( #6721 ( <https:\/\/github.com\/terraform-providers\/terraform-provider-google\/pull\/6721> ) )\n```\n<https:\/\/newreleases.io\/github\/terraform-providers\/terraform-provider-google?version=v3.29.0|release note...>",
                "title": "terraform-providers\/terraform-provider-google on GitHub",
                "id": 1,
                "title_link": "https:\/\/newreleases.io\/github\/terraform-providers\/terraform-provider-google",
                "mrkdwn_in": [
                    "text"
                ]
            }
        ]
    },
    {
        "type": "message",
        "subtype": "bot_message",
        "text": "",
        "ts": "1594097591.025400",
        "bot_id": "BG2UDF0NA",
        "attachments": [
            {
                "fallback": "hashicorp\/packer on GitHub\nnightly pre-release, updated\nrelease note: <https:\/\/newreleases.io\/github\/hashicorp\/packer?version=nightly>",
                "text": "`nightly` _pre-release_, _updated_\n```\nNightly releases are snapshots of the development activity on the Packer project that may include new features and bug fixes scheduled for upcoming releases ( <https:\/\/github.com\/hashicorp\/packer\/milestones> ). These releases are made available to make it easier for users to test their existing build configurations against the latest Packer code base for potential issues or to experiment with new features, with a chance to provide feedback on ways to improve the changes before being released.\n\nAs these releases are snapshots of the latest code, you may encounter an issue compared to the latest stable release so users are encouraged to run nightly releases in a non production environment. If you encounter an issue, please check our issue tracker ( <https:\/\/github.com\/hashicorp\/packer\/issues> ) to see if the issue has already been reported; if a report hasn’t been made, please report it so we can review the issue and make any needed fixes.\n\n*Note* : Nightly releases are only available via GitHub; distribution via Homebrew, Docker, or Chocolatey is not supported.\n```\n<https:\/\/newreleases.io\/github\/hashicorp\/packer?version=nightly|release note...>",
                "title": "hashicorp\/packer on GitHub",
                "id": 1,
                "title_link": "https:\/\/newreleases.io\/github\/hashicorp\/packer",
                "mrkdwn_in": [
                    "text"
                ]
            }
        ]
    }
]