[
    {
        "type": "message",
        "subtype": "bot_message",
        "text": "",
        "ts": "1595164404.027100",
        "bot_id": "BG2UDF0NA",
        "attachments": [
            {
                "fallback": "terraform-linters\/tflint on GitHub\nv0.18.0",
                "text": "`v0.18.0`",
                "title": "terraform-linters\/tflint on GitHub",
                "id": 1,
                "title_link": "https:\/\/newreleases.io\/github\/terraform-linters\/tflint",
                "mrkdwn_in": [
                    "text"
                ]
            }
        ]
    },
    {
        "type": "message",
        "subtype": "bot_message",
        "text": "",
        "ts": "1595169949.027200",
        "bot_id": "BG2UDF0NA",
        "attachments": [
            {
                "fallback": "terraform-linters\/tflint on GitHub\nv0.18.0v0.18.0 updated\nrelease note: <https:\/\/newreleases.io\/github\/terraform-linters\/tflint?version=v0.18.0>",
                "text": "*v0.18.0* `v0.18.0` _updated_\n```\n-------------------\n0.18.0 (2020-07-19)\n-------------------\n\nThis release adds Backend() API for accessing the Terraform backend configuration. If you want to use the API, the plugin must be built with tflint-plugin-sdk v0.3.0. For details, please see the CHANGELOG of tflint-plugin-sdk.\n\nGPG key ID: 8CE69160EB3F2FE9\n\nBreaking Changes\n----------------\n\n* #845 ( <https:\/\/github.com\/terraform-linters\/tflint\/pull\/845> ) : Bump tflint-plugin-sdk to v0.3.0 ( @wata727 ( <https:\/\/github.com\/wata727> ) )\n\n* This change breaks plugin API backward compatibility. In order for plugins to work against v0.18.0, you need to build with tflint-plugin-sdk v0.3.0.\n\nEnhancements\n------------\n\n* #838 ( <https:\/\/github.com\/terraform-linters\/tflint\/pull\/838> ) : plugin: Add Backend() to plugin server ( @pd ( <https:\/\/github.com\/pd> ) )\n\n* #844 ( <https:\/\/github.com\/terraform-linters\/tflint\/pull\/844> ) : Add --loglevel option ( @wata727 ( <https:\/\/github.com\/wata727> ) )\n\n* #846 ( <https:\/\/github.com\/terraform-linters\/tflint\/pull\/846> ) : Bump terraform-provider-aws to v2.70.0 from v2.68.0 ( @wata727 ( <https:\/\/github.com\/wata727> ) )\n\nBugFixes\n--------\n\n* #840 ( <https:\/\/github.com\/terraform-linters\/tflint\/pull\/840> ) : tflint: Fix module resolution when terraform init is invoked from another directory ( @mkielar ( <https:\/\/github.com\/mkielar> ) )\n\nChores\n------\n\n* #830 ( <https:\/\/github.com\/terraform-linters\/tflint\/pull\/830> ) : Bump <http:\/\/github.com\/spf13\/afero|github.com\/spf13\/afero> from 1.3.0 to 1.3.1\n\n* #847 ( <https:\/\/github.com\/terraform-linters\/tflint\/pull\/847> ) : Bump <http:\/\/github.com\/aws\/aws-sdk-go|github.com\/aws\/aws-sdk-go> from 1.32.12 to 1.33.7\n```\n<https:\/\/newreleases.io\/github\/terraform-linters\/tflint?version=v0.18.0|release note...>",
                "title": "terraform-linters\/tflint on GitHub",
                "id": 1,
                "title_link": "https:\/\/newreleases.io\/github\/terraform-linters\/tflint",
                "mrkdwn_in": [
                    "text"
                ]
            }
        ]
    }
]