[
    {
        "type": "message",
        "subtype": "bot_message",
        "text": "",
        "ts": "1550011946.000300",
        "bot_id": "BG2UDF0NA",
        "attachments": [
            {
                "fallback": "DataDog\/ansible-datadog on GitHub\n2.5.0",
                "text": "`2.5.0`",
                "title": "DataDog\/ansible-datadog on GitHub",
                "id": 1,
                "title_link": "https:\/\/newreleases.io\/github\/DataDog\/ansible-datadog",
                "mrkdwn_in": [
                    "text"
                ]
            }
        ]
    }
]