[
    {
        "client_msg_id": "db076a42-e2bd-4e9a-abc3-7a4b315b204d",
        "type": "message",
        "text": "v0.12.24 が出るのか v.0.13.0 になるのかわからないけど、 <#C010A017338|v013> 作りました。",
        "user": "UFU0BKD8F",
        "ts": "1584509889.002900",
        "team": "TFU0BKCQP",
        "user_team": "TFU0BKCQP",
        "source_team": "TFU0BKCQP",
        "user_profile": {
            "avatar_hash": "92c41c62c7b0",
            "image_72": "https:\/\/avatars.slack-edge.com\/2019-01-30\/537137791812_92c41c62c7b0f054d3dd_72.jpg",
            "first_name": "らき",
            "real_name": "らき",
            "display_name": "raki",
            "team": "TFU0BKCQP",
            "name": "nishimuray",
            "is_restricted": false,
            "is_ultra_restricted": false
        },
        "blocks": [
            {
                "type": "rich_text",
                "block_id": "610aE",
                "elements": [
                    {
                        "type": "rich_text_section",
                        "elements": [
                            {
                                "type": "text",
                                "text": "v0.12.24 が出るのか v.0.13.0 になるのかわからないけど、 "
                            },
                            {
                                "type": "channel",
                                "channel_id": "C010A017338"
                            },
                            {
                                "type": "text",
                                "text": " 作りました。"
                            }
                        ]
                    }
                ]
            }
        ],
        "reactions": [
            {
                "name": "tada",
                "users": [
                    "UR5JXDNMT",
                    "ULVN9SU7R",
                    "UGW0ABZLG",
                    "UGFSM002K",
                    "UR8TR0GA3",
                    "UHS4SFFA7",
                    "UJ0HPTBD2",
                    "UGY9BJ1NF",
                    "UTMCUCTCP",
                    "UFTKSQ25T",
                    "ULFK57XL4",
                    "UTK1B5BB2",
                    "ULMG6D5GB"
                ],
                "count": 13
            }
        ]
    }
]