[
    {
        "type": "message",
        "subtype": "bot_message",
        "text": "",
        "ts": "1651845020.041799",
        "bot_id": "BG2UDF0NA",
        "attachments": [
            {
                "id": 1,
                "fallback": "terraform-linters\/tflint on GitHub\nv0.36.2",
                "text": "`v0.36.2`",
                "title": "terraform-linters\/tflint on GitHub",
                "title_link": "https:\/\/newreleases.io\/github\/terraform-linters\/tflint",
                "mrkdwn_in": [
                    "text"
                ]
            }
        ]
    },
    {
        "type": "message",
        "subtype": "bot_message",
        "text": "",
        "ts": "1651846376.041979",
        "bot_id": "BG2UDF0NA",
        "attachments": [
            {
                "id": 1,
                "fallback": "terraform-linters\/tflint on GitHub\nv0.36.2 updated\nrelease note: <https:\/\/newreleases.io\/github\/terraform-linters\/tflint?version=v0.36.2>",
                "text": "`v0.36.2` _updated_\n```\n-------------------\n0.36.2 (2022-05-06)\n-------------------\n\nBugFixes\n--------\n\n* #1376 ( <https:\/\/github.com\/terraform-linters\/tflint\/pull\/1376> ) : Fix unintended errors when enabling Terraform rules by CLI ( @wata727 ( <https:\/\/github.com\/wata727> ) )\n* #1377 ( <https:\/\/github.com\/terraform-linters\/tflint\/pull\/1377> ) : Fix panic when enabling plugins by CLI ( @wata727 ( <https:\/\/github.com\/wata727> ) )\n```\n<https:\/\/newreleases.io\/github\/terraform-linters\/tflint?version=v0.36.2|release note...>",
                "title": "terraform-linters\/tflint on GitHub",
                "title_link": "https:\/\/newreleases.io\/github\/terraform-linters\/tflint",
                "mrkdwn_in": [
                    "text"
                ]
            }
        ]
    }
]