[
    {
        "type": "message",
        "subtype": "bot_message",
        "text": "",
        "ts": "1652463892.254639",
        "bot_id": "BG2UDF0NA",
        "attachments": [
            {
                "id": 1,
                "fallback": "hashicorp\/terraform-provider-azurerm on GitHub\nv3.6.0 updated\nrelease note: <https:\/\/newreleases.io\/github\/hashicorp\/terraform-provider-azurerm?version=v3.6.0>",
                "text": "`v3.6.0` _updated_\n```\nFEATURES:\n\n* *New Resource* : azurerm_confidential_ledger ( #15420 ( <https:\/\/github.com\/hashicorp\/terraform-provider-azurerm\/issues\/15420> ) )\n* *New Resource* : azurerm_managed_disk_sas_token ( #15558 ( <https:\/\/github.com\/hashicorp\/terraform-provider-azurerm\/issues\/15558> ) )\n* *New Resource* : azurerm_spring_cloud_gateway ( #16175 ( <https:\/\/github.com\/hashicorp\/terraform-provider-azurerm\/issues\/16175> ) )\n* *New Resource* : azurerm_spring_cloud_build_pack_binding ( #16673 ( <https:\/\/github.com\/hashicorp\/terraform-provider-azurerm\/issues\/16673> ) )\n* *New Resource* : azurerm_spring_cloud_gateway_custom_domain ( #16720 ( <https:\/\/github.com\/hashicorp\/terraform-provider-azurerm\/issues\/16720> ) )\n* *New Resource* : azurerm_stream_analytics_output_powerbi ( #16439 ( <https:\/\/github.com\/hashicorp\/terraform-provider-azurerm\/issues\/16439> ) )\n\nENHANCEMENTS:\n\n* dependencies: updating to v64.0.0 of <http:\/\/github.com\/Azure\/azure-sdk-for-go|github.com\/Azure\/azure-sdk-for-go> ( #16631 ( <https:\/\/github.com\/hashicorp\/terraform-provider-azurerm\/issues\/16631> ) )\n* dependencies: upgrade network to 2021-08-01 ( #16631 ( <https:\/\/github.com\/hashicorp\/terraform-provider-azurerm\/issues\/16631> ) )\n* azurerm_container_group - support for the key_vault_key_id property (Customer Managed Key encryption) ( #16709 ( <https:\/\/github.com\/hashicorp\/terraform-provider-azurerm\/issues\/16709> ) )\n* azurerm_cosmosdb_account - support mongo version 4.2 ( #16738 ( <https:\/\/github.com\/hashicorp\/terraform-provider-azurerm\/issues\/16738> ) )\n* azurerm_cosmosdb_cassandra_cluster - support for the tags property ( #16743 ( <https:\/\/github.com\/hashicorp\/terraform-provider-azurerm\/issues\/16743> ) )\n* azurerm_kubernetes_cluster_node_pool - the property node_labels can now be updated ( #16360 ( <https:\/\/github.com\/hashicorp\/terraform-provider-azurerm\/issues\/16360> ) )\n* azurerm_kubernetes_cluster - the property default_node_pool.node_labels can now be updated ( #16360 ( <https:\/\/github.com\/hashicorp\/terraform-provider-azurerm\/issues\/16360> ) )\n* azurerm_kubernetes_cluster - allow value none for network_profile.network_plugin ( #16250 ( <https:\/\/github.com\/hashicorp\/terraform-provider-azurerm\/issues\/16250> ) )\n* azurerm_kusto_script - lock kusto cluster so multiple scripts can be applied ( #16690 ( <https:\/\/github.com\/hashicorp\/terraform-provider-azurerm\/issues\/16690> ) )\n* azurerm_storage_share - support the access_tier attribute ( #16462 ( <https:\/\/github.com\/hashicorp\/terraform-provider-azurerm\/issues\/16462> ) )\n* azurerm_snapshot - support for the trusted_launch_enabled propertyu ( #16679 ( <https:\/\/github.com\/hashicorp\/terraform-provider-azurerm\/issues\/16679> ) )\n* azurerm_stream_analytics_function_javascript_uda - support for the input.configuration_parameter property ( #16575 ( <https:\/\/github.com\/hashicorp\/terraform-provider-azurerm\/issues\/16575> ) )\n* azurerm_stream_analytics_function_javascript_udf - support for the input.configuration_parameter property ( #16579 ( <https:\/\/github.com\/hashicorp\/terraform-provider-azurerm\/issues\/16579> ) )\n* azurerm_linux_virtual_machine - correctly support for the update the diff_disk_settings.placement property ( #14847 ( <https:\/\/github.com\/hashicorp\/terraform-provider-azurerm\/issues\/14847> ) )\n* azurerm_virtual_network_gateway_connection - support for the custom_bgp_addresses property ( #16631 ( <https:\/\/github.com\/hashicorp\/terraform-provider-azurerm\/issues\/16631> ) )\n* azurerm_windows_virtual_machine - correctly support for the update the diff_disk_settings.placement property ( #14847 ( <https:\/\/github.com\/hashicorp\/terraform-provider-azurerm\/issues\/14847> ) )\n\nBUG FIXES:\n\n* azurerm_app_configuration_feature - allow successful creation of resource without specifying any optional filters ( #16459 ( <https:\/\/github.com\/hashicorp\/terraform-provider-azurerm\/issues\/16459> ) )\n* azurerm_mssql_managed_instance_failover_group - correctly import resource and sent primary isntance id ( #16705 ( <https:\/\/github.com\/hashicorp\/terraform-provider-azurerm\/issues\/16705> ) )\n```\n<https:\/\/newreleases.io\/github\/hashicorp\/terraform-provider-azurerm?version=v3.6.0|release note...>",
                "title": "hashicorp\/terraform-provider-azurerm on GitHub",
                "title_link": "https:\/\/newreleases.io\/github\/hashicorp\/terraform-provider-azurerm",
                "mrkdwn_in": [
                    "text"
                ]
            }
        ]
    }
]