[
    {
        "type": "message",
        "subtype": "bot_message",
        "text": "",
        "ts": "1653018865.204689",
        "bot_id": "BG2UDF0NA",
        "attachments": [
            {
                "id": 1,
                "fallback": "hashicorp\/terraform-provider-azurerm on GitHub\nv3.7.0",
                "text": "`v3.7.0`",
                "title": "hashicorp\/terraform-provider-azurerm on GitHub",
                "title_link": "https:\/\/newreleases.io\/github\/hashicorp\/terraform-provider-azurerm",
                "mrkdwn_in": [
                    "text"
                ]
            }
        ]
    },
    {
        "type": "message",
        "subtype": "bot_message",
        "text": "",
        "ts": "1653023372.581489",
        "bot_id": "BG2UDF0NA",
        "attachments": [
            {
                "id": 1,
                "fallback": "hashicorp\/terraform-provider-azurerm on GitHub\nv3.7.0 updated\nrelease note: <https:\/\/newreleases.io\/github\/hashicorp\/terraform-provider-azurerm?version=v3.7.0>",
                "text": "`v3.7.0` _updated_\n```\nFEATURES:\n\n* *New Authentication Method:* OIDC ( #16555 ( <https:\/\/github.com\/hashicorp\/terraform-provider-azurerm\/issues\/16555> ) )\n* *New Data Source* : azurerm_elastic_cloud_elasticsearch ( #14821 ( <https:\/\/github.com\/hashicorp\/terraform-provider-azurerm\/issues\/14821> ) )\n* *New Resource* : azurerm_elastic_cloud_elasticsearch ( #14821 ( <https:\/\/github.com\/hashicorp\/terraform-provider-azurerm\/issues\/14821> ) )\n* *New Resource* : azurerm_healthcare_fhir_service ( #15913 ( <https:\/\/github.com\/hashicorp\/terraform-provider-azurerm\/issues\/15913> ) )\n* *New Resource* : azurerm_virtual_network_gateway_nat_rule ( #15720 ( <https:\/\/github.com\/hashicorp\/terraform-provider-azurerm\/issues\/15720> ) )\n\nENHANCEMENTS:\n\n* dependencies: upgrade redis to 2020-12-01 ( #16532 ( <https:\/\/github.com\/hashicorp\/terraform-provider-azurerm\/issues\/16532> ) )\n* azurerm_container_registry - support changing replications ( #16678 ( <https:\/\/github.com\/hashicorp\/terraform-provider-azurerm\/issues\/16678> ) )\n* azurerm_disk_encryption_set - the encryption_type property now supports ConfidentialVmEncryptedWithCustomerKey ( #16870 ( <https:\/\/github.com\/hashicorp\/terraform-provider-azurerm\/issues\/16870> ) )\n* azurerm_linux_function_app - add support for PowerShell 7.2 ( #16718 ( <https:\/\/github.com\/hashicorp\/terraform-provider-azurerm\/issues\/16718> ) )\n* azurerm_signalr_service - support the Premium_P1 SKU ( #16875 ( <https:\/\/github.com\/hashicorp\/terraform-provider-azurerm\/issues\/16875> ) )\n* azurerm_spring_cloud_app - support for the identity block ( #16280 ( <https:\/\/github.com\/hashicorp\/terraform-provider-azurerm\/issues\/16280> ) )\n* azurerm_spring_cloud_app - support for the addon_json property ( #16722 ( <https:\/\/github.com\/hashicorp\/terraform-provider-azurerm\/issues\/16722> ) )\n* azurerm_windows_function_app - support for PowerShell 7.2 ( #16718 ( <https:\/\/github.com\/hashicorp\/terraform-provider-azurerm\/issues\/16718> ) )\n* azurerm_mssql_managed_instance - support for the maintenance_configuration_name property ( #16832 ( <https:\/\/github.com\/hashicorp\/terraform-provider-azurerm\/issues\/16832> ) )\n\nBUG FIXES:\n\n* Data Source: azurerm_databricks_workspace - prevent a panic when the SKU field is missing ( #16819 ( <https:\/\/github.com\/hashicorp\/terraform-provider-azurerm\/issues\/16819> ) )\n* azurerm_application_insights_web_test - working around a breaking change in the API where creation would fail ( #16845 ( <https:\/\/github.com\/hashicorp\/terraform-provider-azurerm\/issues\/16845> ) )\n* azurerm_express_route_gateway - handle gateway connections not found error ( #16804 ( <https:\/\/github.com\/hashicorp\/terraform-provider-azurerm\/issues\/16804> ) )\n* azurerm_shared_image - changing the eula property now creates a new resource ( #16868 ( <https:\/\/github.com\/hashicorp\/terraform-provider-azurerm\/issues\/16868> ) )\n\nDEPRECATIONS:\n\n* azurerm_video_analyzer - Video Analyzer (Preview) is now Deprecated and will be Retired on 2022-11-30 - as such this resource is deprecated and will be removed in v4.0 of the AzureRM Provider ( #16847 ( <https:\/\/github.com\/hashicorp\/terraform-provider-azurerm\/issues\/16847> ) )\n* azurerm_video_analyzer_edge_module - Video Analyzer (Preview) is now Deprecated and will be Retired on 2022-11-30 - as such this resource is deprecated and will be removed in v4.0 of the AzureRM Provider ( #16847 ( <https:\/\/github.com\/hashicorp\/terraform-provider-azurerm\/issues\/16847> ) )\n```\n<https:\/\/newreleases.io\/github\/hashicorp\/terraform-provider-azurerm?version=v3.7.0|release note...>",
                "title": "hashicorp\/terraform-provider-azurerm on GitHub",
                "title_link": "https:\/\/newreleases.io\/github\/hashicorp\/terraform-provider-azurerm",
                "mrkdwn_in": [
                    "text"
                ]
            }
        ]
    }
]