[
    {
        "type": "message",
        "subtype": "bot_message",
        "text": "",
        "ts": "1653844062.734469",
        "bot_id": "BG2UDF0NA",
        "attachments": [
            {
                "id": 1,
                "fallback": "terraform-linters\/tflint on GitHub\nv0.37.0",
                "text": "`v0.37.0`",
                "title": "terraform-linters\/tflint on GitHub",
                "title_link": "https:\/\/newreleases.io\/github\/terraform-linters\/tflint",
                "mrkdwn_in": [
                    "text"
                ]
            }
        ]
    },
    {
        "type": "message",
        "subtype": "bot_message",
        "text": "",
        "ts": "1653844473.604349",
        "bot_id": "BG2UDF0NA",
        "attachments": [
            {
                "id": 1,
                "fallback": "terraform-linters\/tflint on GitHub\nv0.37.0 updated\nrelease note: <https:\/\/newreleases.io\/github\/terraform-linters\/tflint?version=v0.37.0>",
                "text": "`v0.37.0` _updated_\n```\n-------------------\n0.37.0 (2022-05-30)\n-------------------\n\nGPG key ID: 8CE69160EB3F2FE9\n\nEnhancements\n------------\n\n* #1401 ( <https:\/\/github.com\/terraform-linters\/tflint\/pull\/1401> ) #1403 ( <https:\/\/github.com\/terraform-linters\/tflint\/pull\/1403> ) : terraform: Add support for Terraform v1.2 syntax ( @lonegunmanb ( <https:\/\/github.com\/lonegunmanb> ) @wata727 ( <https:\/\/github.com\/wata727> ) )\n\nChores\n------\n\n* #1378 ( <https:\/\/github.com\/terraform-linters\/tflint\/pull\/1378> ) : build(deps): Bump <http:\/\/github.com\/hashicorp\/go-plugin|github.com\/hashicorp\/go-plugin> from 1.4.3 to 1.4.4\n* #1379 ( <https:\/\/github.com\/terraform-linters\/tflint\/pull\/1379> ) : build(deps): Bump docker\/metadata-action from 3 to 4\n* #1380 ( <https:\/\/github.com\/terraform-linters\/tflint\/pull\/1380> ) : build(deps): Bump docker\/login-action from 1 to 2\n* #1381 ( <https:\/\/github.com\/terraform-linters\/tflint\/pull\/1381> ) : build(deps): Bump docker\/setup-buildx-action from 1 to 2\n* #1382 ( <https:\/\/github.com\/terraform-linters\/tflint\/pull\/1382> ) : build(deps): Bump docker\/build-push-action from 2 to 3\n* #1383 ( <https:\/\/github.com\/terraform-linters\/tflint\/pull\/1383> ) : build(deps): Bump docker\/setup-qemu-action from 1 to 2\n* #1385 ( <https:\/\/github.com\/terraform-linters\/tflint\/pull\/1385> ) : Remove a redundant log message ( @alexjurkiewicz ( <https:\/\/github.com\/alexjurkiewicz> ) )\n* #1386 ( <https:\/\/github.com\/terraform-linters\/tflint\/pull\/1386> ) : build(deps): Bump golangci\/golangci-lint-action from 3.1.0 to 3.2.0\n* #1387 ( <https:\/\/github.com\/terraform-linters\/tflint\/pull\/1387> ) : build(deps): Bump golang from 1.18.1-alpine3.15 to 1.18.2-alpine3.15\n* #1389 ( <https:\/\/github.com\/terraform-linters\/tflint\/pull\/1389> ) : build(deps): Bump <http:\/\/github.com\/hashicorp\/go-version|github.com\/hashicorp\/go-version> from 1.4.0 to 1.5.0\n* #1390 ( <https:\/\/github.com\/terraform-linters\/tflint\/pull\/1390> ) : build(deps): Bump <http:\/\/github.com\/hashicorp\/go-getter|github.com\/hashicorp\/go-getter> from 1.5.11 to 1.6.1\n* #1391 ( <https:\/\/github.com\/terraform-linters\/tflint\/pull\/1391> ) : build(deps): Bump goreleaser\/goreleaser-action from 2 to 3\n* #1404 ( <https:\/\/github.com\/terraform-linters\/tflint\/pull\/1404> ) : Remove testify ( @wata727 ( <https:\/\/github.com\/wata727> ) )\n```\n<https:\/\/newreleases.io\/github\/terraform-linters\/tflint?version=v0.37.0|release note...>",
                "title": "terraform-linters\/tflint on GitHub",
                "title_link": "https:\/\/newreleases.io\/github\/terraform-linters\/tflint",
                "mrkdwn_in": [
                    "text"
                ]
            }
        ]
    }
]