[
    {
        "client_msg_id": "72108602-5379-4dbd-9685-2afc1c9434f4",
        "type": "message",
        "text": "リソースアドレス: <https:\/\/www.terraform.io\/docs\/internals\/resource-addressing.html>",
        "user": "UFU0BKD8F",
        "ts": "1555312130.000300",
        "attachments": [
            {
                "service_name": "Terraform by HashiCorp",
                "title": "Internals: Resource Address - Terraform by HashiCorp",
                "title_link": "https:\/\/www.terraform.io\/docs\/internals\/resource-addressing.html",
                "text": "Resource addressing is used to target specific resources in a larger infrastructure.",
                "fallback": "Terraform by HashiCorp: Internals: Resource Address - Terraform by HashiCorp",
                "thumb_url": "https:\/\/www.terraform.io\/assets\/images\/og-image-8b3e4f7d.png",
                "from_url": "https:\/\/www.terraform.io\/docs\/internals\/resource-addressing.html",
                "thumb_width": 712,
                "thumb_height": 712,
                "service_icon": "https:\/\/www.terraform.io\/assets\/images\/favicons\/apple-touch-icon-13180a24.png",
                "id": 1,
                "original_url": "https:\/\/www.terraform.io\/docs\/internals\/resource-addressing.html"
            }
        ],
        "thread_ts": "1555312130.000300",
        "reply_count": 1,
        "reply_users_count": 1,
        "latest_reply": "1555312164.000500",
        "reply_users": [
            "UFU0BKD8F"
        ],
        "replies": [
            {
                "user": "UFU0BKD8F",
                "ts": "1555312164.000500"
            }
        ]
    },
    {
        "client_msg_id": "6f112926-2c33-409c-8f1c-ed849685b64f",
        "type": "message",
        "text": "terraform本には記載がなかったので書いたｗ",
        "user": "UFU0BKD8F",
        "ts": "1555312164.000500",
        "thread_ts": "1555312130.000300",
        "parent_user_id": "UFU0BKD8F"
    }
]