[
    {
        "type": "message",
        "subtype": "bot_message",
        "text": "",
        "ts": "1606239212.011400",
        "bot_id": "B01D39EAGTT",
        "attachments": [
            {
                "fallback": "hashicorp\/consul on GitHub\nsdk\/v0.7.0",
                "text": "`sdk\/v0.7.0`",
                "title": "hashicorp\/consul on GitHub",
                "id": 1,
                "title_link": "https:\/\/newreleases.io\/github\/hashicorp\/consul",
                "mrkdwn_in": [
                    "text"
                ]
            }
        ]
    },
    {
        "type": "message",
        "subtype": "bot_message",
        "text": "",
        "ts": "1606239551.011500",
        "bot_id": "B01D39EAGTT",
        "attachments": [
            {
                "fallback": "hashicorp\/consul on GitHub\napi\/v1.8.0",
                "text": "`api\/v1.8.0`",
                "title": "hashicorp\/consul on GitHub",
                "id": 1,
                "title_link": "https:\/\/newreleases.io\/github\/hashicorp\/consul",
                "mrkdwn_in": [
                    "text"
                ]
            }
        ]
    },
    {
        "type": "message",
        "subtype": "bot_message",
        "text": "",
        "ts": "1606246950.011600",
        "bot_id": "B01D39EAGTT",
        "attachments": [
            {
                "fallback": "hashicorp\/consul on GitHub\nv1.9.0v1.9.0 CVE\nrelease note: <https:\/\/newreleases.io\/github\/hashicorp\/consul?version=v1.9.0>",
                "text": "*v1.9.0* `v1.9.0` _CVE_\n<https:\/\/newreleases.io\/github\/hashicorp\/consul?version=v1.9.0|release note...>",
                "title": "hashicorp\/consul on GitHub",
                "id": 1,
                "title_link": "https:\/\/newreleases.io\/github\/hashicorp\/consul",
                "mrkdwn_in": [
                    "text"
                ]
            }
        ]
    }
]