[
    {
        "type": "message",
        "subtype": "bot_message",
        "text": "",
        "ts": "1605894399.011100",
        "bot_id": "B01D39EAGTT",
        "attachments": [
            {
                "fallback": "hashicorp\/vagrant on GitHub\nv2.2.14",
                "text": "`v2.2.14`",
                "title": "hashicorp\/vagrant on GitHub",
                "id": 1,
                "title_link": "https:\/\/newreleases.io\/github\/hashicorp\/vagrant",
                "mrkdwn_in": [
                    "text"
                ]
            }
        ]
    }
]