[
    {
        "type": "message",
        "subtype": "bot_message",
        "text": "",
        "ts": "1605635504.010500",
        "bot_id": "B01D39EAGTT",
        "attachments": [
            {
                "fallback": "hashicorp\/boundary on GitHub\nv0.1.2v0.1.2 \nrelease note: <https:\/\/newreleases.io\/github\/hashicorp\/boundary?version=v0.1.2>",
                "text": "*v0.1.2* `v0.1.2` \n```\nRelease boundary v0.1.2\n```\n<https:\/\/newreleases.io\/github\/hashicorp\/boundary?version=v0.1.2|release note...>",
                "title": "hashicorp\/boundary on GitHub",
                "id": 1,
                "title_link": "https:\/\/newreleases.io\/github\/hashicorp\/boundary",
                "mrkdwn_in": [
                    "text"
                ]
            }
        ]
    },
    {
        "type": "message",
        "subtype": "bot_message",
        "text": "",
        "ts": "1605635587.010600",
        "bot_id": "B01D39EAGTT",
        "attachments": [
            {
                "fallback": "hashicorp\/consul on GitHub\nv1.9.0-rc1v1.9.0-rc1 pre-release\nrelease note: <https:\/\/newreleases.io\/github\/hashicorp\/consul?version=v1.9.0-rc1>",
                "text": "*v1.9.0-rc1* `v1.9.0-rc1` _pre-release_\n```\n-----------------------------\n1.9.0-rc1 (November 17, 2020)\n-----------------------------\n\nBREAKING CHANGES:\n\n* connect: Update Envoy metrics names and labels for proxy listeners so that attributes like datacenter and namespace can be extracted. [ GH-9207 ( <https:\/\/github.com\/hashicorp\/consul\/issues\/9207> ) ]\n\n* server: *(Enterprise only)* Pre-existing intentions defined with\nnon-existent destination namespaces were non-functional and are erased during\nthe upgrade process. This should not matter as these intentions had nothing to\nenforce. [ GH-9186 ( <https:\/\/github.com\/hashicorp\/consul\/issues\/9186> ) ]\n\n* server: *(OSS only)* Pre-existing intentions defined with either a source or\ndestination namespace value that is not \"default\" are rewritten or deleted\nduring the upgrade process. Wildcards first attempt to downgrade to \"default\"\nunless an intention already exists, otherwise these non-functional intentions\nare deleted. [ GH-9186 ( <https:\/\/github.com\/hashicorp\/consul\/issues\/9186> ) ]\n\nFEATURES:\n\n* agent: return the default ACL policy to callers as a header [ GH-9101 ( <https:\/\/github.com\/hashicorp\/consul\/issues\/9101> ) ]\n\n* autopilot: Added a new consul operator autopilot state command to retrieve and view the Autopilot state from consul. [ GH-9142 ( <https:\/\/github.com\/hashicorp\/consul\/issues\/9142> ) ]\n\nIMPROVEMENTS:\n\n* agent: All metrics should be present and available to prometheus scrapers when Consul starts. If any non-deprecated metrics are missing please submit an issue with its name. [ GH-9198 ( <https:\/\/github.com\/hashicorp\/consul\/issues\/9198> ) ]\n\n* server: break up Intention.Apply monolithic method [ GH-9007 ( <https:\/\/github.com\/hashicorp\/consul\/issues\/9007> ) ]\n\n* server: remove config entry CAS in legacy intention API bridge code [ GH-9151 ( <https:\/\/github.com\/hashicorp\/consul\/issues\/9151> ) ]\n\n* ui: Add the Upstreams and Exposed Paths tabs for services in mesh [ GH-9141 ( <https:\/\/github.com\/hashicorp\/consul\/issues\/9141> ) ]\n\n* ui: Moves the Proxy health checks to be displayed with the Service health check under the Health Checks tab [ GH-9141 ( <https:\/\/github.com\/hashicorp\/consul\/issues\/9141> ) ]\n\nDEPRECATIONS:\n\n* telemetry: the disable_compat_1.9 config will cover more metrics deprecations in future 1.9 point releases. These metrics will be emitted twice for backwards compatibility - if the flag is true, only the new metric name will be written. [ GH-9181 ( <https:\/\/github.com\/hashicorp\/consul\/issues\/9181> ) ]\n\nBUG FIXES:\n\n* autopilot: Prevent panic when requesting the autopilot health immediately after a leader is elected. [ GH-9204 ( <https:\/\/github.com\/hashicorp\/consul\/issues\/9204> ) ]\n\n* license: *(Enterprise only)* Fixed an issue where warnings about Namespaces being unlicensed would be emitted erroneously.\n\n* namespace: *(Enterprise Only)* Fixed a bug that could case snapshot restoration to fail when it contained a namespace marked for deletion while still containing other resources in that namespace. [ GH-9156 ( <https:\/\/github.com\/hashicorp\/consul\/issues\/9156> ) ]\n\n* namespace: *(Enterprise Only)* Fixed an issue where namespaced services and checks were not being deleted when the containing namespace was deleted.\n\n* server: skip deleted and deleting namespaces when migrating intentions to config entries [ GH-9186 ( <https:\/\/github.com\/hashicorp\/consul\/issues\/9186> ) ]\n```\n<https:\/\/newreleases.io\/github\/hashicorp\/consul?version=v1.9.0-rc1|release note...>",
                "title": "hashicorp\/consul on GitHub",
                "id": 1,
                "title_link": "https:\/\/newreleases.io\/github\/hashicorp\/consul",
                "mrkdwn_in": [
                    "text"
                ]
            }
        ]
    },
    {
        "type": "message",
        "subtype": "bot_message",
        "text": "",
        "ts": "1605644427.010700",
        "bot_id": "B01D39EAGTT",
        "attachments": [
            {
                "fallback": "hashicorp\/terraform-provider-google on GitHub\nv3.48.0v3.48.0 updated\nrelease note: <https:\/\/newreleases.io\/github\/hashicorp\/terraform-provider-google?version=v3.48.0>",
                "text": "*v3.48.0* `v3.48.0` _updated_\n```\nFEATURES:\n\n* *New Data Source:* google_iam_workload_identity_pool_provider ( #7733 ( <https:\/\/github.com\/hashicorp\/terraform-provider-google\/pull\/7733> ) )\n\nIMPROVEMENTS:\n\n* apigateway: added api_config_id_prefix field to google_api_gateway_api_config resoure ( #7753 ( <https:\/\/github.com\/hashicorp\/terraform-provider-google\/pull\/7753> ) )\n\n* cloudfunctions: fixed a bug with google_cloudfunction_function that blocked updates when Organization Policies are enabled. ( #7723 ( <https:\/\/github.com\/hashicorp\/terraform-provider-google\/pull\/7723> ) )\n\n* compute: added autoscaling_policy.0.scale_in_control fields to google_compute_autoscaler ( #7773 ( <https:\/\/github.com\/hashicorp\/terraform-provider-google\/pull\/7773> ) )\n\n* compute: added autoscaling_policy.0.scale_in_control fields to google_compute_region_autoscaler ( #7773 ( <https:\/\/github.com\/hashicorp\/terraform-provider-google\/pull\/7773> ) )\n\n* compute: added update support for google_compute_interconnect_attachment bandwidth field ( #7762 ( <https:\/\/github.com\/hashicorp\/terraform-provider-google\/pull\/7762> ) )\n\n* dataproc: added \"FLINK\", \"DOCKER\", \"HBASE\" as valid options for field cluster_config.0.software_config.0.optional_components of google_dataproc_cluster resource ( #7726 ( <https:\/\/github.com\/hashicorp\/terraform-provider-google\/pull\/7726> ) )\n\nBUG FIXES:\n\n* cloudrun: added diff suppress function for google_cloud_run_domain_mapping metadata.annotations to ignore API-set fields ( #7764 ( <https:\/\/github.com\/hashicorp\/terraform-provider-google\/pull\/7764> ) )\n\n* spanner: marked google_spanner_instance.config as ForceNew as is not updatable ( #7763 ( <https:\/\/github.com\/hashicorp\/terraform-provider-google\/pull\/7763> ) )\n```\n<https:\/\/newreleases.io\/github\/hashicorp\/terraform-provider-google?version=v3.48.0|release note...>",
                "title": "hashicorp\/terraform-provider-google on GitHub",
                "id": 1,
                "title_link": "https:\/\/newreleases.io\/github\/hashicorp\/terraform-provider-google",
                "mrkdwn_in": [
                    "text"
                ]
            }
        ]
    }
]