[
    {
        "client_msg_id": "19A625F0-DF53-4F52-901B-1F97C0E05CEE",
        "type": "message",
        "text": "初めまして。tedと申します。import時の実装方法について質問させて下さい。現在、以下のように構成としております。最初はすべてsecurity-groupをterraformで作成しましたが、一部コンソールからsecurity-groupに対してsecurity-group-ruleを手動で追加してるリソースがあります。\n\nsecurity-group-ruleのみをimportしたいのですが、どのような手順でやるべきなのでしょうか？\n\nterraform\n├── development\n│   └── <http:\/\/main.tf|main.tf>\n├── staging\n│   └── <http:\/\/main.tf|main.tf>\n├── production\n│   └── <http:\/\/main.tf|main.tf>\n└── modules\n    └── security-group\n        ├── <http:\/\/main.tf|main.tf>\n         └── <http:\/\/variables.tf|variables.tf>\n    └── security-group-rule\n        ├── <http:\/\/main.tf|main.tf>\n         └── <http:\/\/variables.tf|variables.tf>\n\n以下辺りを確認してつくってますが、解決に至らず。moduleの仕組みがあまり正しく理解できてないのかも知れません。\n\n<https:\/\/tech.layerx.co.jp\/entry\/improve-iac-development-with-terraform-import|https:\/\/tech.layerx.co.jp\/entry\/improve-iac-development-with-terraform-import>\n<https:\/\/undefined\/providers\/hashicorp\/aws\/latest\/docs\/resources\/security_group_rule|https:\/\/undefined\/providers\/hashicorp\/aws\/latest\/docs\/resources\/security_group_rule>\n<https:\/\/www.mpon.me\/entry\/2017\/02\/14\/000000_1|https:\/\/www.mpon.me\/entry\/2017\/02\/14\/000000_1>\n<https:\/\/registry.terraform.io\/modules\/terraform-aws-modules\/security-group\/aws\/latest|https:\/\/registry.terraform.io\/modules\/terraform-aws-modules\/security-group\/aws\/latest>",
        "user": "U027N0PH7RV",
        "ts": "1643364658.911089",
        "blocks": [
            {
                "type": "rich_text",
                "block_id": "7j1GJ",
                "elements": [
                    {
                        "type": "rich_text_section",
                        "elements": [
                            {
                                "type": "text",
                                "text": "初めまして。tedと申します。import時の実装方法について質問させて下さい。現在、以下のように構成としております。最初はすべてsecurity-groupをterraformで作成しましたが、一部コンソールからsecurity-groupに対してsecurity-group-ruleを手動で追加してるリソースがあります。\n\nsecurity-group-ruleのみをimportしたいのですが、どのような手順でやるべきなのでしょうか？\n\nterraform\n├── development\n│   └── main.tf\n├── staging\n│   └── main.tf\n├── production\n│   └── main.tf\n└── modules\n    └── security-group\n        ├── main.tf\n         └── variables.tf\n    └── security-group-rule\n        ├── main.tf\n         └── variables.tf\n\n以下辺りを確認してつくってますが、解決に至らず。moduleの仕組みがあまり正しく理解できてないのかも知れません。\n\n"
                            },
                            {
                                "type": "link",
                                "url": "https:\/\/tech.layerx.co.jp\/entry\/improve-iac-development-with-terraform-import",
                                "text": "https:\/\/tech.layerx.co.jp\/entry\/improve-iac-development-with-terraform-import"
                            },
                            {
                                "type": "text",
                                "text": "\n"
                            },
                            {
                                "type": "link",
                                "url": "https:\/\/undefined\/providers\/hashicorp\/aws\/latest\/docs\/resources\/security_group_rule",
                                "text": "https:\/\/undefined\/providers\/hashicorp\/aws\/latest\/docs\/resources\/security_group_rule"
                            },
                            {
                                "type": "text",
                                "text": "\n"
                            },
                            {
                                "type": "link",
                                "url": "https:\/\/www.mpon.me\/entry\/2017\/02\/14\/000000_1",
                                "text": "https:\/\/www.mpon.me\/entry\/2017\/02\/14\/000000_1"
                            },
                            {
                                "type": "text",
                                "text": "\n"
                            },
                            {
                                "type": "link",
                                "url": "https:\/\/registry.terraform.io\/modules\/terraform-aws-modules\/security-group\/aws\/latest",
                                "text": "https:\/\/registry.terraform.io\/modules\/terraform-aws-modules\/security-group\/aws\/latest"
                            }
                        ]
                    }
                ]
            }
        ],
        "team": "TFU0BKCQP",
        "user_team": "TFU0BKCQP",
        "source_team": "TFU0BKCQP",
        "user_profile": {
            "avatar_hash": "f239f16510a1",
            "image_72": "https:\/\/avatars.slack-edge.com\/2021-07-14\/2274951614723_f239f16510a1294022ea_72.jpg",
            "first_name": "",
            "real_name": "Yasuhiro Kawamura",
            "display_name": "",
            "team": "TFU0BKCQP",
            "name": "y.kawamu09",
            "is_restricted": false,
            "is_ultra_restricted": false
        },
        "edited": {
            "user": "U027N0PH7RV",
            "ts": "1643364735.000000"
        },
        "attachments": [
            {
                "from_url": "https:\/\/tech.layerx.co.jp\/entry\/improve-iac-development-with-terraform-import",
                "ts": 1624608000,
                "image_url": "https:\/\/cdn-ak.f.st-hatena.com\/images\/fotolife\/s\/shnjtk\/20210625\/20210625102609.png",
                "image_width": 375,
                "image_height": 250,
                "image_bytes": 214771,
                "service_icon": "https:\/\/tech.layerx.co.jp\/icon\/touch",
                "id": 1,
                "original_url": "https:\/\/tech.layerx.co.jp\/entry\/improve-iac-development-with-terraform-import",
                "fallback": "LayerX エンジニアブログ: Terraform import のススメ 〜開発効率化編〜 - LayerX エンジニアブログ",
                "text": "こんにちは、LayerX で主にインフラを担当している高江です。 今回は、一見地味ではありますが実はとても役に立つ機能である Terraform import についてお話したいと思います。 Terraform import とは 公式サイトでは次のように説明されています。 Terraform is able to import existing infrastructure. This allows you take resources you've created by some other means and bring it under Terraform management. 要す…",
                "title": "Terraform import のススメ 〜開発効率化編〜 - LayerX エンジニアブログ",
                "title_link": "https:\/\/tech.layerx.co.jp\/entry\/improve-iac-development-with-terraform-import",
                "service_name": "LayerX エンジニアブログ"
            },
            {
                "from_url": "https:\/\/www.mpon.me\/entry\/2017\/02\/14\/000000_1",
                "ts": 1486998000,
                "image_url": "https:\/\/ogimage.blog.st-hatena.com\/6435922169449437495\/10328749687238706252\/1517441387",
                "image_width": 476,
                "image_height": 250,
                "image_bytes": 61670,
                "service_icon": "https:\/\/www.mpon.me\/icon\/touch",
                "id": 2,
                "original_url": "https:\/\/www.mpon.me\/entry\/2017\/02\/14\/000000_1",
                "fallback": "まーぽんって誰がつけたの？: terraformでsecurity groupをmodule化するときに気をつけること - まーぽんって誰がつけたの？",
                "text": "IPアドレスを定義した共通のsecurity groupを作りたい あるプロジェクトで外部のIPアドレスなどをまとめたものをsecurity groupとしてmodule化している。このアイディア自体はいいんだけど、環境ごとにこれを利用しようとした場合に失敗する。 例えば、こんな感じでmodulesに外部IPを書いたようなsecurity_groupをつくる。 terraform ├── development │ └── <http:\/\/main.tf|main.tf> ├── staging │ └── <http:\/\/main.tf|main.tf> ├── production │ └── <http:\/\/main.tf|main.tf> └── modules └── externa…",
                "title": "terraformでsecurity groupをmodule化するときに気をつけること - まーぽんって誰がつけたの？",
                "title_link": "https:\/\/www.mpon.me\/entry\/2017\/02\/14\/000000_1",
                "service_name": "まーぽんって誰がつけたの？"
            }
        ],
        "thread_ts": "1643364658.911089",
        "reply_count": 8,
        "reply_users_count": 3,
        "latest_reply": "1643704793.168169",
        "reply_users": [
            "U012X6FSHC7",
            "U027N0PH7RV",
            "U02K7TWFJ83"
        ],
        "replies": [
            {
                "user": "U012X6FSHC7",
                "ts": "1643365070.638059"
            },
            {
                "user": "U012X6FSHC7",
                "ts": "1643365125.834849"
            },
            {
                "user": "U027N0PH7RV",
                "ts": "1643365436.446599"
            },
            {
                "user": "U02K7TWFJ83",
                "ts": "1643589147.112469"
            },
            {
                "user": "U027N0PH7RV",
                "ts": "1643593006.269729"
            },
            {
                "user": "U02K7TWFJ83",
                "ts": "1643594249.591619"
            },
            {
                "user": "U027N0PH7RV",
                "ts": "1643626531.264449"
            },
            {
                "user": "U02K7TWFJ83",
                "ts": "1643704793.168169"
            }
        ],
        "is_locked": false,
        "subscribed": false
    },
    {
        "client_msg_id": "9e1acb03-05ed-4095-8f1d-c42ea49efec6",
        "type": "message",
        "text": "terraform import module.xxx.aws_yyy.resource\nみたいなことも試されていますかね？\nこちら各環境のディレクトリ(例でいただいた中だとstagingとか)の中で実行していただければimportできるかな思います",
        "user": "U012X6FSHC7",
        "ts": "1643365070.638059",
        "blocks": [
            {
                "type": "rich_text",
                "block_id": "5mh",
                "elements": [
                    {
                        "type": "rich_text_section",
                        "elements": [
                            {
                                "type": "text",
                                "text": "terraform import module.xxx.aws_yyy.resource\nみたいなことも試されていますかね？\nこちら各環境のディレクトリ(例でいただいた中だとstagingとか)の中で実行していただければimportできるかな思います"
                            }
                        ]
                    }
                ]
            }
        ],
        "team": "TFU0BKCQP",
        "user_team": "TFU0BKCQP",
        "source_team": "TFU0BKCQP",
        "user_profile": {
            "avatar_hash": "4ac725839cd3",
            "image_72": "https:\/\/avatars.slack-edge.com\/2020-05-09\/1107231314694_4ac725839cd365fcfdd1_72.jpg",
            "first_name": "Taisei",
            "real_name": "Taisei Ito",
            "display_name": "kaedemalu",
            "team": "TFU0BKCQP",
            "name": "kaedemalu",
            "is_restricted": false,
            "is_ultra_restricted": false
        },
        "edited": {
            "user": "U012X6FSHC7",
            "ts": "1643365305.000000"
        },
        "thread_ts": "1643364658.911089",
        "parent_user_id": "U027N0PH7RV"
    },
    {
        "client_msg_id": "06a6e85e-c5bd-4e82-9eb8-28e671335a45",
        "type": "message",
        "text": "参考にされているリンクにあるように、事前にmoduleの中でリソースは書いておいて、importするのは同じ流れです",
        "user": "U012X6FSHC7",
        "ts": "1643365125.834849",
        "blocks": [
            {
                "type": "rich_text",
                "block_id": "YzGTx",
                "elements": [
                    {
                        "type": "rich_text_section",
                        "elements": [
                            {
                                "type": "text",
                                "text": "参考にされているリンクにあるように、事前にmoduleの中でリソースは書いておいて、importするのは同じ流れです"
                            }
                        ]
                    }
                ]
            }
        ],
        "team": "TFU0BKCQP",
        "user_team": "TFU0BKCQP",
        "source_team": "TFU0BKCQP",
        "user_profile": {
            "avatar_hash": "4ac725839cd3",
            "image_72": "https:\/\/avatars.slack-edge.com\/2020-05-09\/1107231314694_4ac725839cd365fcfdd1_72.jpg",
            "first_name": "Taisei",
            "real_name": "Taisei Ito",
            "display_name": "kaedemalu",
            "team": "TFU0BKCQP",
            "name": "kaedemalu",
            "is_restricted": false,
            "is_ultra_restricted": false
        },
        "thread_ts": "1643364658.911089",
        "parent_user_id": "U027N0PH7RV"
    },
    {
        "client_msg_id": "71DD8FC5-7DD2-456A-BE54-00C4AF4F7C3B",
        "type": "message",
        "text": "まだ試せてないです！作成中です。\nちょっと試してみます。ありがとうございます。\n\n&gt; terraform import module.xxx.aws_yyy.resource\n&gt; みたいなことも試されていますかね？\n",
        "user": "U027N0PH7RV",
        "ts": "1643365436.446599",
        "blocks": [
            {
                "type": "rich_text",
                "block_id": "G3g",
                "elements": [
                    {
                        "type": "rich_text_section",
                        "elements": [
                            {
                                "type": "text",
                                "text": "まだ試せてないです！作成中です。\nちょっと試してみます。ありがとうございます。\n"
                            },
                            {
                                "type": "text",
                                "text": "\n"
                            }
                        ]
                    },
                    {
                        "type": "rich_text_quote",
                        "elements": [
                            {
                                "type": "text",
                                "text": "terraform import module.xxx.aws_yyy.resource"
                            },
                            {
                                "type": "text",
                                "text": "\n"
                            },
                            {
                                "type": "text",
                                "text": "みたいなことも試されていますかね？"
                            }
                        ],
                        "border": 0
                    },
                    {
                        "type": "rich_text_section",
                        "elements": []
                    }
                ]
            }
        ],
        "team": "TFU0BKCQP",
        "user_team": "TFU0BKCQP",
        "source_team": "TFU0BKCQP",
        "user_profile": {
            "avatar_hash": "f239f16510a1",
            "image_72": "https:\/\/avatars.slack-edge.com\/2021-07-14\/2274951614723_f239f16510a1294022ea_72.jpg",
            "first_name": "",
            "real_name": "Yasuhiro Kawamura",
            "display_name": "",
            "team": "TFU0BKCQP",
            "name": "y.kawamu09",
            "is_restricted": false,
            "is_ultra_restricted": false
        },
        "thread_ts": "1643364658.911089",
        "parent_user_id": "U027N0PH7RV"
    },
    {
        "client_msg_id": "16983357-131b-417f-a628-cef5a7cffd9e",
        "type": "message",
        "text": "セキュリティグループはもっぱらingressブロックとかegressブロックをその場で書いていて、セキュリティグループと別にルールを書いたことないんですけど、どっちの書き方する人が多いんですかね？",
        "user": "UQT52H29G",
        "ts": "1643375144.522719",
        "blocks": [
            {
                "type": "rich_text",
                "block_id": "vop",
                "elements": [
                    {
                        "type": "rich_text_section",
                        "elements": [
                            {
                                "type": "text",
                                "text": "セキュリティグループはもっぱらingressブロックとかegressブロックをその場で書いていて、セキュリティグループと別にルールを書いたことないんですけど、どっちの書き方する人が多いんですかね？"
                            }
                        ]
                    }
                ]
            }
        ],
        "team": "TFU0BKCQP",
        "user_team": "TFU0BKCQP",
        "source_team": "TFU0BKCQP",
        "user_profile": {
            "avatar_hash": "gd60bbe66cfd",
            "image_72": "https:\/\/secure.gravatar.com\/avatar\/d60bbe66cfd79bbb250bad66a706f939.jpg?s=72&d=https%3A%2F%2Fa.slack-edge.com%2Fdf10d%2Fimg%2Favatars%2Fava_0011-72.png",
            "first_name": "",
            "real_name": "fusagiko",
            "display_name": "fusagiko",
            "team": "TFU0BKCQP",
            "name": "fsgiko",
            "is_restricted": false,
            "is_ultra_restricted": false
        },
        "thread_ts": "1643375144.522719",
        "reply_count": 3,
        "reply_users_count": 3,
        "latest_reply": "1646713177.433109",
        "reply_users": [
            "U02K7TWFJ83",
            "UQT52H29G",
            "ULMG6D5GB"
        ],
        "replies": [
            {
                "user": "U02K7TWFJ83",
                "ts": "1643588377.306429"
            },
            {
                "user": "UQT52H29G",
                "ts": "1643944354.228539"
            },
            {
                "user": "ULMG6D5GB",
                "ts": "1646713177.433109"
            }
        ],
        "is_locked": false,
        "subscribed": false
    }
]