[
    {
        "client_msg_id": "6acf7e10-2d2b-47c0-ae17-9bd3f742b858",
        "type": "message",
        "text": "こんにちは\nterraformの運用についてのご相談です。\nインフラの構成とソースコード(lambdaのソースなど)の管理はどのように管理していますか？\n前提：環境はterraform workspaceを使わずにディレクトリ(staging,develop,prod)を利用\n1. 同一リポジトリにソースコードもIaCもオールインワンで管理\n2. Iacとソースコードは別で管理\n私のチームでは2で開発をしています。\nソースコードのリポジトリをreleaseしたときに、s3などに反映させる(階層はリポジトリ名\/バージョン形式で)\nIac側からはLambdaリソースでs3を指定しています。これにより意図しないバージョン更新が防げる\n\n1で開発していた時期もありましたが、terraformがブランチを無視した使い方であるのに、ソースコードはブランチを使いたい特性から微妙だなぁとなってやめました。\n正解はないと思いますが、皆様はどのような運用にされてますか？",
        "user": "U020ZPER9RC",
        "ts": "1620364953.061900",
        "team": "TFU0BKCQP",
        "user_team": "TFU0BKCQP",
        "source_team": "TFU0BKCQP",
        "user_profile": {
            "avatar_hash": "3b0826b57876",
            "image_72": "https:\/\/avatars.slack-edge.com\/2021-05-06\/2037496370309_3b0826b57876fc419cc2_72.png",
            "first_name": "なかむら",
            "real_name": "なかむら",
            "display_name": "なかむら",
            "team": "TFU0BKCQP",
            "name": "im.masayanakamura",
            "is_restricted": false,
            "is_ultra_restricted": false
        },
        "blocks": [
            {
                "type": "rich_text",
                "block_id": "O0e3",
                "elements": [
                    {
                        "type": "rich_text_section",
                        "elements": [
                            {
                                "type": "text",
                                "text": "こんにちは\nterraformの運用についてのご相談です。\nインフラの構成とソースコード(lambdaのソースなど)の管理はどのように管理していますか？\n前提：環境はterraform workspaceを使わずにディレクトリ(staging,develop,prod)を利用\n"
                            }
                        ]
                    },
                    {
                        "type": "rich_text_list",
                        "elements": [
                            {
                                "type": "rich_text_section",
                                "elements": [
                                    {
                                        "type": "text",
                                        "text": "同一リポジトリにソースコードもIaCもオールインワンで管理"
                                    }
                                ]
                            },
                            {
                                "type": "rich_text_section",
                                "elements": [
                                    {
                                        "type": "text",
                                        "text": "Iacとソースコードは別で管理"
                                    }
                                ]
                            }
                        ],
                        "style": "ordered",
                        "indent": 0
                    },
                    {
                        "type": "rich_text_section",
                        "elements": [
                            {
                                "type": "text",
                                "text": "私のチームでは2で開発をしています。\nソースコードのリポジトリをreleaseしたときに、s3などに反映させる(階層はリポジトリ名\/バージョン形式で)\nIac側からはLambdaリソースでs3を指定しています。これにより意図しないバージョン更新が防げる\n\n1で開発していた時期もありましたが、terraformがブランチを無視した使い方であるのに、ソースコードはブランチを使いたい特性から微妙だなぁとなってやめました。\n正解はないと思いますが、皆様はどのような運用にされてますか？"
                            }
                        ]
                    }
                ]
            }
        ],
        "thread_ts": "1620364953.061900",
        "reply_count": 3,
        "reply_users_count": 3,
        "latest_reply": "1620453077.064400",
        "reply_users": [
            "UFU0BKD8F",
            "UNZSA1277",
            "U020ZPER9RC"
        ],
        "replies": [
            {
                "user": "UFU0BKD8F",
                "ts": "1620375105.064000"
            },
            {
                "user": "UNZSA1277",
                "ts": "1620424511.064200"
            },
            {
                "user": "U020ZPER9RC",
                "ts": "1620453077.064400"
            }
        ],
        "is_locked": false,
        "subscribed": true,
        "last_read": "1620453077.064400"
    }
]