[
    {
        "client_msg_id": "0d7b31d7-4ad7-45bd-82c3-736895e181be",
        "type": "message",
        "text": "以前やったときには環境ごとのパラメータは全部パラメータストアに入れて、パラメータストアのprefixとIAMロール名を境界点にterraformとserverless frameworkで組みましたね",
        "user": "UQT52H29G",
        "ts": "1620373121.063600",
        "team": "TFU0BKCQP",
        "user_team": "TFU0BKCQP",
        "source_team": "TFU0BKCQP",
        "user_profile": {
            "avatar_hash": "gd60bbe66cfd",
            "image_72": "https:\/\/secure.gravatar.com\/avatar\/d60bbe66cfd79bbb250bad66a706f939.jpg?s=72&d=https%3A%2F%2Fa.slack-edge.com%2Fdf10d%2Fimg%2Favatars%2Fava_0011-72.png",
            "first_name": "",
            "real_name": "fusagiko",
            "display_name": "fusagiko",
            "team": "TFU0BKCQP",
            "name": "fsgiko",
            "is_restricted": false,
            "is_ultra_restricted": false
        },
        "blocks": [
            {
                "type": "rich_text",
                "block_id": "sL0r",
                "elements": [
                    {
                        "type": "rich_text_section",
                        "elements": [
                            {
                                "type": "text",
                                "text": "以前やったときには環境ごとのパラメータは全部パラメータストアに入れて、パラメータストアのprefixとIAMロール名を境界点にterraformとserverless frameworkで組みましたね"
                            }
                        ]
                    }
                ]
            }
        ],
        "reactions": [
            {
                "name": "raised_hands",
                "users": [
                    "U020ZPER9RC"
                ],
                "count": 1
            }
        ]
    },
    {
        "client_msg_id": "ae0d1f6a-2644-4f2a-9d3d-f7ca078ad372",
        "type": "message",
        "text": "一緒に管理するリソースの有無とCIの頻度、コードの提供元とかに依る。。。？\n完全に自前のLambdaなら別で管理したほうがCI的にも楽だし、\nめったに更新しないzip提供で済むようなやつならterraformに埋めたほうが楽だし、\nDataDog みたいに処理方法込みで用意されているものはそれに従うし。。。",
        "user": "UFU0BKD8F",
        "ts": "1620375105.064000",
        "team": "TFU0BKCQP",
        "user_team": "TFU0BKCQP",
        "source_team": "TFU0BKCQP",
        "user_profile": {
            "avatar_hash": "92c41c62c7b0",
            "image_72": "https:\/\/avatars.slack-edge.com\/2019-01-30\/537137791812_92c41c62c7b0f054d3dd_72.jpg",
            "first_name": "らき",
            "real_name": "らき",
            "display_name": "raki",
            "team": "TFU0BKCQP",
            "name": "nishimuray",
            "is_restricted": false,
            "is_ultra_restricted": false
        },
        "blocks": [
            {
                "type": "rich_text",
                "block_id": "LG\/V",
                "elements": [
                    {
                        "type": "rich_text_section",
                        "elements": [
                            {
                                "type": "text",
                                "text": "一緒に管理するリソースの有無とCIの頻度、コードの提供元とかに依る。。。？\n完全に自前のLambdaなら別で管理したほうがCI的にも楽だし、\nめったに更新しないzip提供で済むようなやつならterraformに埋めたほうが楽だし、\nDataDog みたいに処理方法込みで用意されているものはそれに従うし。。。"
                            }
                        ]
                    }
                ]
            }
        ],
        "thread_ts": "1620364953.061900",
        "parent_user_id": "U020ZPER9RC"
    },
    {
        "client_msg_id": "ff00dc3e-e5df-4e1c-b0a2-1dbc0b4be218",
        "type": "message",
        "text": "リポジトリ分けて、serverless framework使ってます。\nLambda使う時はサーバレス構成の機能を追加してく感じになっているので、機能を破棄したいときはそのリポジトリ単位で破棄できるように、Lambda以外のリソースもserverless frameworkで作ってる感じです。（API GwatewayやDynamoDBなど）",
        "user": "UNZSA1277",
        "ts": "1620424511.064200",
        "team": "TFU0BKCQP",
        "user_team": "TFU0BKCQP",
        "source_team": "TFU0BKCQP",
        "user_profile": {
            "avatar_hash": "6b3dfe5f3965",
            "image_72": "https:\/\/avatars.slack-edge.com\/2019-11-20\/833550175745_6b3dfe5f39650759997f_72.jpg",
            "first_name": "",
            "real_name": "dehio3",
            "display_name": "dehio3",
            "team": "TFU0BKCQP",
            "name": "dehitomo0318",
            "is_restricted": false,
            "is_ultra_restricted": false
        },
        "blocks": [
            {
                "type": "rich_text",
                "block_id": "fREm",
                "elements": [
                    {
                        "type": "rich_text_section",
                        "elements": [
                            {
                                "type": "text",
                                "text": "リポジトリ分けて、serverless framework使ってます。\nLambda使う時はサーバレス構成の機能を追加してく感じになっているので、機能を破棄したいときはそのリポジトリ単位で破棄できるように、Lambda以外のリソースもserverless frameworkで作ってる感じです。（API GwatewayやDynamoDBなど）"
                            }
                        ]
                    }
                ]
            }
        ],
        "thread_ts": "1620364953.061900",
        "parent_user_id": "U020ZPER9RC"
    },
    {
        "client_msg_id": "8772e89d-497f-4329-b637-b41ed2563dbc",
        "type": "message",
        "text": "やっぱり更新頻度とかに依りますよねー\nTerraform+serverless構成でtf側からlambdaのarnを引いていいたときもありましたが、適宜適応ですよね\nありがとうございます :+1:",
        "user": "U020ZPER9RC",
        "ts": "1620453077.064400",
        "team": "TFU0BKCQP",
        "user_team": "TFU0BKCQP",
        "source_team": "TFU0BKCQP",
        "user_profile": {
            "avatar_hash": "3b0826b57876",
            "image_72": "https:\/\/avatars.slack-edge.com\/2021-05-06\/2037496370309_3b0826b57876fc419cc2_72.png",
            "first_name": "なかむら",
            "real_name": "なかむら",
            "display_name": "なかむら",
            "team": "TFU0BKCQP",
            "name": "im.masayanakamura",
            "is_restricted": false,
            "is_ultra_restricted": false
        },
        "blocks": [
            {
                "type": "rich_text",
                "block_id": "iuob",
                "elements": [
                    {
                        "type": "rich_text_section",
                        "elements": [
                            {
                                "type": "text",
                                "text": "やっぱり更新頻度とかに依りますよねー\nTerraform+serverless構成でtf側からlambdaのarnを引いていいたときもありましたが、適宜適応ですよね\nありがとうございます "
                            },
                            {
                                "type": "emoji",
                                "name": "+1"
                            }
                        ]
                    }
                ]
            }
        ],
        "thread_ts": "1620364953.061900",
        "parent_user_id": "U020ZPER9RC"
    }
]