[
    {
        "client_msg_id": "8F159216-2C32-4B67-AC45-8C5C40D2E6AA",
        "type": "message",
        "text": "prevent_destroyって他のリソースを削除する時に怒られちゃいますよねー\ndestroyを行わず、applyのみで、他のモジュール全てに対しcountと3項演算子でリソースの作成・削除を切り替えるのはどうなんでしょう",
        "user": "U020ZPER9RC",
        "ts": "1622043539.005600",
        "team": "TFU0BKCQP",
        "user_team": "TFU0BKCQP",
        "source_team": "TFU0BKCQP",
        "user_profile": {
            "avatar_hash": "3b0826b57876",
            "image_72": "https:\/\/avatars.slack-edge.com\/2021-05-06\/2037496370309_3b0826b57876fc419cc2_72.png",
            "first_name": "なかむら",
            "real_name": "なかむら",
            "display_name": "なかむら",
            "team": "TFU0BKCQP",
            "name": "im.masayanakamura",
            "is_restricted": false,
            "is_ultra_restricted": false
        },
        "blocks": [
            {
                "type": "rich_text",
                "block_id": "JDe",
                "elements": [
                    {
                        "type": "rich_text_section",
                        "elements": [
                            {
                                "type": "text",
                                "text": "prevent_destroyって他のリソースを削除する時に怒られちゃいますよねー\ndestroyを行わず、applyのみで、他のモジュール全てに対しcountと3項演算子でリソースの作成・削除を切り替えるのはどうなんでしょう"
                            }
                        ]
                    }
                ]
            }
        ],
        "thread_ts": "1621929711.001200",
        "parent_user_id": "U020ZPER9RC"
    },
    {
        "client_msg_id": "58dcb201-ba56-4f25-95c3-e129bf232273",
        "type": "message",
        "text": "作成と削除を繰り返す目的で count を利用するのは面倒な気もしますけど\nそもそもの目的がわからないので、それでいいならいいのでは。。。\n\nterraform は宣言的にリソースを扱うことで状態を管理するのが主目的のはずなので、\nリソースの作成と削除を count で表現する、と考えればあながちダメではないのかもしれないですし。\n\n個人的にはそのために var を渡したり書き換えたりするくらいなら、\n保持するリソースと、作成削除を繰り返すリソースは別のディレクトリで管理するほうが\n楽でいい気がしますけど。。。",
        "user": "UFU0BKD8F",
        "ts": "1622044109.005800",
        "team": "TFU0BKCQP",
        "user_team": "TFU0BKCQP",
        "source_team": "TFU0BKCQP",
        "user_profile": {
            "avatar_hash": "92c41c62c7b0",
            "image_72": "https:\/\/avatars.slack-edge.com\/2019-01-30\/537137791812_92c41c62c7b0f054d3dd_72.jpg",
            "first_name": "らき",
            "real_name": "らき",
            "display_name": "raki",
            "team": "TFU0BKCQP",
            "name": "nishimuray",
            "is_restricted": false,
            "is_ultra_restricted": false
        },
        "blocks": [
            {
                "type": "rich_text",
                "block_id": "7YZ",
                "elements": [
                    {
                        "type": "rich_text_section",
                        "elements": [
                            {
                                "type": "text",
                                "text": "作成と削除を繰り返す目的で count を利用するのは面倒な気もしますけど\nそもそもの目的がわからないので、それでいいならいいのでは。。。\n\nterraform は宣言的にリソースを扱うことで状態を管理するのが主目的のはずなので、\nリソースの作成と削除を count で表現する、と考えればあながちダメではないのかもしれないですし。\n\n個人的にはそのために var を渡したり書き換えたりするくらいなら、\n保持するリソースと、作成削除を繰り返すリソースは別のディレクトリで管理するほうが\n楽でいい気がしますけど。。。"
                            }
                        ]
                    }
                ]
            }
        ],
        "thread_ts": "1621929711.001200",
        "parent_user_id": "U020ZPER9RC"
    },
    {
        "client_msg_id": "4c6e88cf-c1dc-43c8-914d-11d24ffcef3b",
        "type": "message",
        "text": "透過的暗号化 true で RDS Cluster を作る案件があるのですが、初めてなので「これを注意した方が良い」というのがあればコメントいただけると大変ありがたいです・・・ :pray:",
        "user": "UFT60TQCQ",
        "ts": "1622072059.007400",
        "team": "TFU0BKCQP",
        "user_team": "TFU0BKCQP",
        "source_team": "TFU0BKCQP",
        "user_profile": {
            "avatar_hash": "f10ceef4e6f6",
            "image_72": "https:\/\/avatars.slack-edge.com\/2019-01-31\/539093872183_f10ceef4e6f603f1f094_72.jpg",
            "first_name": "sogaoh",
            "real_name": "sogaoh",
            "display_name": "",
            "team": "TFU0BKCQP",
            "name": "sogaoh",
            "is_restricted": false,
            "is_ultra_restricted": false
        },
        "blocks": [
            {
                "type": "rich_text",
                "block_id": "4K9T",
                "elements": [
                    {
                        "type": "rich_text_section",
                        "elements": [
                            {
                                "type": "text",
                                "text": "透過的暗号化 true で RDS Cluster を作る案件があるのですが、初めてなので「これを注意した方が良い」というのがあればコメントいただけると大変ありがたいです・・・ "
                            },
                            {
                                "type": "emoji",
                                "name": "pray"
                            }
                        ]
                    }
                ]
            }
        ],
        "thread_ts": "1622072059.007400",
        "reply_count": 4,
        "reply_users_count": 3,
        "latest_reply": "1622390577.012000",
        "reply_users": [
            "U01E5H76RNX",
            "UFT60TQCQ",
            "UGFSM002K"
        ],
        "replies": [
            {
                "user": "U01E5H76RNX",
                "ts": "1622077624.008000"
            },
            {
                "user": "UFT60TQCQ",
                "ts": "1622078593.010400"
            },
            {
                "user": "UGFSM002K",
                "ts": "1622390449.011800"
            },
            {
                "user": "UGFSM002K",
                "ts": "1622390577.012000"
            }
        ],
        "is_locked": false,
        "subscribed": false,
        "reactions": [
            {
                "name": "thinking_face",
                "users": [
                    "UFU0BKD8F"
                ],
                "count": 1
            }
        ]
    },
    {
        "client_msg_id": "11f1df86-6d00-41e2-9b85-323576347ba8",
        "type": "message",
        "text": "（terraform で構築する際に）",
        "user": "UFT60TQCQ",
        "ts": "1622072088.007800",
        "team": "TFU0BKCQP",
        "user_team": "TFU0BKCQP",
        "source_team": "TFU0BKCQP",
        "user_profile": {
            "avatar_hash": "f10ceef4e6f6",
            "image_72": "https:\/\/avatars.slack-edge.com\/2019-01-31\/539093872183_f10ceef4e6f603f1f094_72.jpg",
            "first_name": "sogaoh",
            "real_name": "sogaoh",
            "display_name": "",
            "team": "TFU0BKCQP",
            "name": "sogaoh",
            "is_restricted": false,
            "is_ultra_restricted": false
        },
        "blocks": [
            {
                "type": "rich_text",
                "block_id": "Fkr",
                "elements": [
                    {
                        "type": "rich_text_section",
                        "elements": [
                            {
                                "type": "text",
                                "text": "（terraform で構築する際に）"
                            }
                        ]
                    }
                ]
            }
        ]
    },
    {
        "client_msg_id": "e6c27f41-473f-42b7-ae39-e63567d5bd6f",
        "type": "message",
        "text": "Terraform というより RDS を使用して構築する際に考慮することが多そうなので AWS のサポートなりに質問したほうがいい回答が得られたりするのかなと思いました。\n\n参考になるかわかりませんがこのようなドキュメントがありました\n<https:\/\/docs.aws.amazon.com\/ja_jp\/AmazonRDS\/latest\/UserGuide\/Overview.Encryption.html>",
        "user": "U01E5H76RNX",
        "ts": "1622077624.008000",
        "team": "TFU0BKCQP",
        "user_team": "TFU0BKCQP",
        "source_team": "TFU0BKCQP",
        "user_profile": {
            "avatar_hash": "4a6b830a1348",
            "image_72": "https:\/\/avatars.slack-edge.com\/2020-11-06\/1481604102307_4a6b830a1348cc202189_72.png",
            "first_name": "",
            "real_name": "joe",
            "display_name": "joe",
            "team": "TFU0BKCQP",
            "name": "yuzun225",
            "is_restricted": false,
            "is_ultra_restricted": false
        },
        "attachments": [
            {
                "title": "Amazon RDS リソースの暗号化 - Amazon Relational Database Service",
                "title_link": "https:\/\/docs.aws.amazon.com\/ja_jp\/AmazonRDS\/latest\/UserGuide\/Overview.Encryption.html",
                "text": "RDS データを保護するには、DB インスタンスを暗号化します。",
                "fallback": "Amazon RDS リソースの暗号化 - Amazon Relational Database Service",
                "from_url": "https:\/\/docs.aws.amazon.com\/ja_jp\/AmazonRDS\/latest\/UserGuide\/Overview.Encryption.html",
                "service_icon": "https:\/\/docs.aws.amazon.com\/assets\/images\/favicon.ico",
                "service_name": "docs.aws.amazon.com",
                "id": 1,
                "original_url": "https:\/\/docs.aws.amazon.com\/ja_jp\/AmazonRDS\/latest\/UserGuide\/Overview.Encryption.html"
            }
        ],
        "blocks": [
            {
                "type": "rich_text",
                "block_id": "ChV",
                "elements": [
                    {
                        "type": "rich_text_section",
                        "elements": [
                            {
                                "type": "text",
                                "text": "Terraform というより RDS を使用して構築する際に考慮することが多そうなので AWS のサポートなりに質問したほうがいい回答が得られたりするのかなと思いました。\n\n参考になるかわかりませんがこのようなドキュメントがありました\n"
                            },
                            {
                                "type": "link",
                                "url": "https:\/\/docs.aws.amazon.com\/ja_jp\/AmazonRDS\/latest\/UserGuide\/Overview.Encryption.html"
                            }
                        ]
                    }
                ]
            }
        ],
        "thread_ts": "1622072059.007400",
        "parent_user_id": "UFT60TQCQ"
    },
    {
        "client_msg_id": "8477CCF9-1A5C-440D-B7A2-604058C4B18B",
        "type": "message",
        "text": "ありがとうございます\nAWSサポート、ビジネスじゃなくdeveloperなので即答は期待できず、こちらに聞いた次第です",
        "user": "UFT60TQCQ",
        "ts": "1622078593.010400",
        "team": "TFU0BKCQP",
        "user_team": "TFU0BKCQP",
        "source_team": "TFU0BKCQP",
        "user_profile": {
            "avatar_hash": "f10ceef4e6f6",
            "image_72": "https:\/\/avatars.slack-edge.com\/2019-01-31\/539093872183_f10ceef4e6f603f1f094_72.jpg",
            "first_name": "sogaoh",
            "real_name": "sogaoh",
            "display_name": "",
            "team": "TFU0BKCQP",
            "name": "sogaoh",
            "is_restricted": false,
            "is_ultra_restricted": false
        },
        "blocks": [
            {
                "type": "rich_text",
                "block_id": "B2v=p",
                "elements": [
                    {
                        "type": "rich_text_section",
                        "elements": [
                            {
                                "type": "text",
                                "text": "ありがとうございます\nAWSサポート、ビジネスじゃなくdeveloperなので即答は期待できず、こちらに聞いた次第です"
                            }
                        ]
                    }
                ]
            }
        ],
        "thread_ts": "1622072059.007400",
        "parent_user_id": "UFT60TQCQ"
    }
]