[
    {
        "client_msg_id": "587f46f5-0bbb-4fb6-83e2-5e9e3d68fa21",
        "type": "message",
        "text": "直ってないどころかより酷い感じに見えるんじゃが。。。\n<https:\/\/github.com\/terraform-providers\/terraform-provider-datadog\/issues\/105>",
        "user": "UFU0BKD8F",
        "ts": "1580827163.000400",
        "team": "TFU0BKCQP",
        "user_team": "TFU0BKCQP",
        "source_team": "TFU0BKCQP",
        "user_profile": {
            "avatar_hash": "92c41c62c7b0",
            "image_72": "https:\/\/avatars.slack-edge.com\/2019-01-30\/537137791812_92c41c62c7b0f054d3dd_72.jpg",
            "first_name": "らき",
            "real_name": "らき",
            "display_name": "raki",
            "team": "TFU0BKCQP",
            "name": "nishimuray",
            "is_restricted": false,
            "is_ultra_restricted": false
        },
        "attachments": [
            {
                "author_name": "officel",
                "fallback": "[terraform-providers\/terraform-provider-datadog] #105 Can not imported ScreenBoard got an error unmarshal",
                "text": "Hi there,\n\nI'm happy to be able to manage the screenboard with DataDog.  \nBut I tried importing an existing board but it got an error.  \nAm I something wrong?\n\n*Terraform Version*\n\n```\n$ terraform -v\nTerraform v0.11.8\n+ provider.aws v1.40.0\n+ provider.datadog v1.4.0\n\n```\n\n*Affected Resource(s)*\n\n• datadog_screenboard\n\n*Terraform Configuration Files*\n\n```\nresource \"datadog_screenboard\" \"security_log\" {\n}\n```\n\nOf course, other resources can be managed.\n\n*Expected Behavior*\n\nimported screenboard\n\n*Actual Behavior*\n\n```\n$ terraform import datadog_screenboard.security_log 465952\ndatadog_screenboard.security_log: Importing from ID \"465952\"...\n\nError: datadog_screenboard.security_log (import id: 465952): import datadog_screenboard.security_log (id: 465952): json: cannot unmarshal number into Go struct field Screenboard.height of type string\n\n```\n\n*Steps to Reproduce*\n\nonly use import .\n\n*Important Factoids*\n\nmaybe any boards cannot import...\n\naws integration make some boards, can not imported.\n\n*References*\n\n<https:\/\/www.terraform.io\/docs\/providers\/datadog\/r\/screenboard.html|https:\/\/www.terraform.io\/docs\/providers\/datadog\/r\/screenboard.html>\n\nPlease tell me if there is any information. Thank you.",
                "title": "#105 Can not imported ScreenBoard got an error unmarshal",
                "footer": "<https:\/\/github.com\/terraform-providers\/terraform-provider-datadog|terraform-providers\/terraform-provider-datadog>",
                "id": 1,
                "title_link": "https:\/\/github.com\/terraform-providers\/terraform-provider-datadog\/issues\/105",
                "author_link": "https:\/\/github.com\/officel",
                "author_icon": "https:\/\/avatars0.githubusercontent.com\/u\/110354?v=4",
                "footer_icon": "https:\/\/github.githubassets.com\/favicon.ico",
                "ts": 1539247575,
                "color": "36a64f",
                "fields": [
                    {
                        "title": "Labels",
                        "value": "bug, duplicate",
                        "short": true
                    },
                    {
                        "title": "Comments",
                        "value": "18",
                        "short": true
                    }
                ],
                "mrkdwn_in": [
                    "text"
                ],
                "bot_id": "BH12QQBB4",
                "app_unfurl_url": "https:\/\/github.com\/terraform-providers\/terraform-provider-datadog\/issues\/105",
                "is_app_unfurl": true
            }
        ],
        "blocks": [
            {
                "type": "rich_text",
                "block_id": "jzRp",
                "elements": [
                    {
                        "type": "rich_text_section",
                        "elements": [
                            {
                                "type": "text",
                                "text": "直ってないどころかより酷い感じに見えるんじゃが。。。\n"
                            },
                            {
                                "type": "link",
                                "url": "https:\/\/github.com\/terraform-providers\/terraform-provider-datadog\/issues\/105"
                            }
                        ]
                    }
                ]
            }
        ]
    },
    {
        "client_msg_id": "7aaa523a-3b6c-4e10-b00a-78df885d24dc",
        "type": "message",
        "text": "あぁ、まぁ落ちなくはなったね。。。\nwidthとheightの指定は無視されてるっぽいけど、、、",
        "user": "UFU0BKD8F",
        "ts": "1580864801.001400",
        "team": "TFU0BKCQP",
        "user_team": "TFU0BKCQP",
        "source_team": "TFU0BKCQP",
        "user_profile": {
            "avatar_hash": "92c41c62c7b0",
            "image_72": "https:\/\/avatars.slack-edge.com\/2019-01-30\/537137791812_92c41c62c7b0f054d3dd_72.jpg",
            "first_name": "らき",
            "real_name": "らき",
            "display_name": "raki",
            "team": "TFU0BKCQP",
            "name": "nishimuray",
            "is_restricted": false,
            "is_ultra_restricted": false
        },
        "blocks": [
            {
                "type": "rich_text",
                "block_id": "Lud",
                "elements": [
                    {
                        "type": "rich_text_section",
                        "elements": [
                            {
                                "type": "text",
                                "text": "あぁ、まぁ落ちなくはなったね。。。\nwidthとheightの指定は無視されてるっぽいけど、、、"
                            }
                        ]
                    }
                ]
            }
        ]
    }
]