[
    {
        "client_msg_id": "ecbdbb41-3c45-4a47-9493-c17d96aee3aa",
        "type": "message",
        "text": "Big Surにしてからacceptance testが思い通りに実行されない。。。\nおまかんなら良いのですが。。。",
        "user": "U01AEH6SRL2",
        "ts": "1607850340.005600",
        "team": "TFU0BKCQP",
        "user_team": "TFU0BKCQP",
        "source_team": "TFU0BKCQP",
        "user_profile": {
            "avatar_hash": "d3afb6c9e48a",
            "image_72": "https:\/\/avatars.slack-edge.com\/2020-09-19\/1398101624832_d3afb6c9e48a610f6650_72.png",
            "first_name": "くろせえつお",
            "real_name": "くろせえつお",
            "display_name": "kuroseets",
            "team": "TFU0BKCQP",
            "name": "etsuo.kurose",
            "is_restricted": false,
            "is_ultra_restricted": false
        },
        "blocks": [
            {
                "type": "rich_text",
                "block_id": "0WTf",
                "elements": [
                    {
                        "type": "rich_text_section",
                        "elements": [
                            {
                                "type": "text",
                                "text": "Big Surにしてからacceptance testが思い通りに実行されない。。。\nおまかんなら良いのですが。。。"
                            }
                        ]
                    }
                ]
            }
        ]
    }
]