[
    {
        "type": "message",
        "subtype": "bot_message",
        "text": "<https:\/\/www.reddit.com\/r\/Terraform\/comments\/islmgx\/creating_digitalocean_droplets_with_terraform\/|Creating DigitalOcean Droplets with Terraform>\nI've written a post about Terraform and DigitalOcean Droplets, Firewalls and Load Balancers. Any feedback is welcome! <https:\/\/vigueras.dev\/creating-digitalocean-droplets-with-terraform\/|https:\/\/vigueras.dev\/creating-digitalocean-droplets-with-terraform\/>    submitted by   <https:\/\/www.reddit.com\/user\/DanielVigueras| \/u\/DanielVigueras > \n<https:\/\/www.reddit.com\/r\/Terraform\/comments\/islmgx\/creating_digitalocean_droplets_with_terraform\/|[link]>   &lt;a...",
        "ts": "1600093607.034700",
        "username": "Terraform",
        "icons": {
            "image_48": "https:\/\/s3-us-west-2.amazonaws.com\/slack-files2\/bot_icons\/2019-02-12\/548785199618_48.png"
        },
        "bot_id": "BG3N7LG73",
        "attachments": [
            {
                "service_name": "reddit",
                "title": "Creating DigitalOcean Droplets with Terraform",
                "title_link": "https:\/\/www.reddit.com\/r\/Terraform\/comments\/islmgx\/creating_digitalocean_droplets_with_terraform\/",
                "text": "I've written a post about Terraform and DigitalOcean Droplets, Firewalls and Load Balancers. Any feedback is...",
                "fallback": "reddit: Creating DigitalOcean Droplets with Terraform",
                "thumb_url": "https:\/\/www.redditstatic.com\/new-icon.png",
                "from_url": "https:\/\/www.reddit.com\/r\/Terraform\/comments\/islmgx\/creating_digitalocean_droplets_with_terraform\/",
                "thumb_width": 256,
                "thumb_height": 256,
                "service_icon": "http:\/\/www.redditstatic.com\/desktop2x\/img\/favicon\/apple-icon-57x57.png",
                "id": 1,
                "original_url": "https:\/\/www.reddit.com\/r\/Terraform\/comments\/islmgx\/creating_digitalocean_droplets_with_terraform\/"
            },
            {
                "service_name": "Daniel Vigueras",
                "title": "Creating DigitalOcean Droplets with Terraform - Daniel Vigueras",
                "title_link": "https:\/\/vigueras.dev\/creating-digitalocean-droplets-with-terraform\/",
                "text": "This post contains a tutorial about getting started with DigitalOcean and Terraform, an open-source tool to provision cloud resources.",
                "fallback": "Daniel Vigueras: Creating DigitalOcean Droplets with Terraform - Daniel Vigueras",
                "image_url": "https:\/\/vigueras.dev\/wp-content\/uploads\/2020\/09\/terraform-digitalocean-1.jpg",
                "image_width": 387,
                "image_height": 250,
                "ts": 1599734646,
                "from_url": "https:\/\/vigueras.dev\/creating-digitalocean-droplets-with-terraform\/",
                "image_bytes": 12296,
                "service_icon": "https:\/\/vigueras.dev\/wp-content\/themes\/genesis\/images\/favicon.ico",
                "id": 2,
                "original_url": "https:\/\/vigueras.dev\/creating-digitalocean-droplets-with-terraform\/"
            },
            {
                "title": "overview for DanielVigueras",
                "title_link": "https:\/\/www.reddit.com\/user\/DanielVigueras",
                "text": "The u\/DanielVigueras community on Reddit. Reddit gives you the best of the internet in one place.",
                "fallback": "overview for DanielVigueras",
                "from_url": "https:\/\/www.reddit.com\/user\/DanielVigueras",
                "service_icon": "http:\/\/www.redditstatic.com\/desktop2x\/img\/favicon\/apple-icon-57x57.png",
                "service_name": "reddit.com",
                "id": 3,
                "original_url": "https:\/\/www.reddit.com\/user\/DanielVigueras"
            }
        ],
        "edited": {
            "user": "BG3N7LG73",
            "ts": "1600093607.000000"
        }
    },
    {
        "type": "message",
        "subtype": "bot_message",
        "text": "<https:\/\/www.reddit.com\/r\/Terraform\/comments\/isn4aw\/free_devopssre_bootcamp_round_2\/|Free DevOps\/SRE Bootcamp Round 2>\nOn Monday September 21, I'll be running an 8 week, 16 part bootcamp called Pipelines: A Journey into Software Delivery, Automation and Infrastructure. This bootcamp is designed to learn how to practically apply the concepts we learned in the 12 week, Intro to DevOps bootcamp we ran earlier this year. It is COMPLETELY FREE, and no signup is required. Just show up! All information can be found at the link below, but Ill include the information here to save you a click. Feel free to reach out...",
        "ts": "1600097806.034900",
        "username": "Terraform",
        "icons": {
            "image_48": "https:\/\/s3-us-west-2.amazonaws.com\/slack-files2\/bot_icons\/2019-02-12\/548785199618_48.png"
        },
        "bot_id": "BG3N7LG73",
        "attachments": [
            {
                "service_name": "reddit",
                "title": "Free DevOps\/SRE Bootcamp Round 2",
                "title_link": "https:\/\/www.reddit.com\/r\/Terraform\/comments\/isn4aw\/free_devopssre_bootcamp_round_2\/",
                "text": "On Monday September 21, I'll be running an 8 week, 16 part bootcamp called Pipelines: A Journey into Software Delivery, Automation and...",
                "fallback": "reddit: Free DevOps\/SRE Bootcamp Round 2",
                "thumb_url": "https:\/\/www.redditstatic.com\/new-icon.png",
                "from_url": "https:\/\/www.reddit.com\/r\/Terraform\/comments\/isn4aw\/free_devopssre_bootcamp_round_2\/",
                "thumb_width": 256,
                "thumb_height": 256,
                "service_icon": "http:\/\/www.redditstatic.com\/desktop2x\/img\/favicon\/apple-icon-57x57.png",
                "id": 1,
                "original_url": "https:\/\/www.reddit.com\/r\/Terraform\/comments\/isn4aw\/free_devopssre_bootcamp_round_2\/"
            }
        ],
        "edited": {
            "user": "BG3N7LG73",
            "ts": "1600097807.000000"
        }
    },
    {
        "type": "message",
        "subtype": "bot_message",
        "text": "<https:\/\/www.reddit.com\/r\/Terraform\/comments\/isovji\/terraform_registry_azure_modules\/|Terraform Registry Azure Modules>\nHello, I am new to terraform and learning bits here and there, I have just started looking at Azure modules.\n  \n I am on a Mac, got PowerShell v7.0.3 installed, updated PowerShell Azure modules to latest, Terraform v13 installed. I have noticed issues with 2 modules:\n  \n<https:\/\/registry.terraform.io\/modules\/Azure\/network\/azurerm\/3.2.1|https:\/\/registry.terraform.io\/modules\/Azure\/network\/azurerm\/3.2.1>\n For this module I had to specify an older version. v3.0.1 to get it working....",
        "ts": "1600102608.035100",
        "username": "Terraform",
        "icons": {
            "image_48": "https:\/\/s3-us-west-2.amazonaws.com\/slack-files2\/bot_icons\/2019-02-12\/548785199618_48.png"
        },
        "bot_id": "BG3N7LG73",
        "attachments": [
            {
                "service_name": "reddit",
                "title": "Terraform Registry Azure Modules",
                "title_link": "https:\/\/www.reddit.com\/r\/Terraform\/comments\/isovji\/terraform_registry_azure_modules\/",
                "text": "Hello, I am new to terraform and learning bits here and there, I have just started looking at Azure modules. &amp;nbsp; I am on a Mac, got...",
                "fallback": "reddit: Terraform Registry Azure Modules",
                "thumb_url": "https:\/\/www.redditstatic.com\/new-icon.png",
                "from_url": "https:\/\/www.reddit.com\/r\/Terraform\/comments\/isovji\/terraform_registry_azure_modules\/",
                "thumb_width": 256,
                "thumb_height": 256,
                "service_icon": "http:\/\/www.redditstatic.com\/desktop2x\/img\/favicon\/apple-icon-57x57.png",
                "id": 1,
                "original_url": "https:\/\/www.reddit.com\/r\/Terraform\/comments\/isovji\/terraform_registry_azure_modules\/"
            }
        ],
        "edited": {
            "user": "BG3N7LG73",
            "ts": "1600102609.000000"
        }
    },
    {
        "type": "message",
        "subtype": "bot_message",
        "text": "<https:\/\/www.reddit.com\/r\/Terraform\/comments\/isry6k\/vsphere_how_to_remove_extra_disks_from_cloned\/|Vsphere - How to remove extra disks from cloned template?>\nI'm cloning a generic base_os template which has 3 disks. However, I only need 1 disk for my final VM. Is there anyway I can remove the extra disks with terraform instead of doing it manually through Vsphere.    submitted by   <https:\/\/www.reddit.com\/user\/throwaway7421237| \/u\/throwaway7421237 > \n<https:\/\/www.reddit.com\/r\/Terraform\/comments\/isry6k\/vsphere_how_to_remove_extra_disks_from_cloned\/|[link]>   &lt;a...",
        "ts": "1600111611.035300",
        "username": "Terraform",
        "icons": {
            "image_48": "https:\/\/s3-us-west-2.amazonaws.com\/slack-files2\/bot_icons\/2019-02-12\/548785199618_48.png"
        },
        "bot_id": "BG3N7LG73",
        "attachments": [
            {
                "service_name": "reddit",
                "title": "Vsphere - How to remove extra disks from cloned template?",
                "title_link": "https:\/\/www.reddit.com\/r\/Terraform\/comments\/isry6k\/vsphere_how_to_remove_extra_disks_from_cloned\/",
                "text": "I'm cloning a generic base\\_os template which has 3 disks. However, I only need 1 disk for my final VM. Is there anyway I can remove the extra...",
                "fallback": "reddit: Vsphere - How to remove extra disks from cloned template?",
                "thumb_url": "https:\/\/www.redditstatic.com\/new-icon.png",
                "from_url": "https:\/\/www.reddit.com\/r\/Terraform\/comments\/isry6k\/vsphere_how_to_remove_extra_disks_from_cloned\/",
                "thumb_width": 256,
                "thumb_height": 256,
                "service_icon": "http:\/\/www.redditstatic.com\/desktop2x\/img\/favicon\/apple-icon-57x57.png",
                "id": 1,
                "original_url": "https:\/\/www.reddit.com\/r\/Terraform\/comments\/isry6k\/vsphere_how_to_remove_extra_disks_from_cloned\/"
            },
            {
                "title": "overview for throwaway7421237",
                "title_link": "https:\/\/www.reddit.com\/user\/throwaway7421237",
                "text": "The u\/throwaway7421237 community on Reddit. Reddit gives you the best of the internet in one place.",
                "fallback": "overview for throwaway7421237",
                "from_url": "https:\/\/www.reddit.com\/user\/throwaway7421237",
                "service_icon": "http:\/\/www.redditstatic.com\/desktop2x\/img\/favicon\/apple-icon-57x57.png",
                "service_name": "reddit.com",
                "id": 2,
                "original_url": "https:\/\/www.reddit.com\/user\/throwaway7421237"
            }
        ],
        "edited": {
            "user": "BG3N7LG73",
            "ts": "1600111612.000000"
        }
    },
    {
        "type": "message",
        "subtype": "bot_message",
        "text": "<https:\/\/www.reddit.com\/r\/Terraform\/comments\/isvudj\/terragrunt_how_do_you_deal_with_multiple_providers\/|Terragrunt - How Do You Deal With Multiple Providers>\nWe're looking to start using other providers besides AWS. How do you incorporate them into your top level Terragrunt structure? Or do you keep the top level (with the includes block) `terragrunt.hcl` be at the provider level?    submitted by   <https:\/\/www.reddit.com\/user\/TheBurrfoot| \/u\/TheBurrfoot > \n<https:\/\/www.reddit.com\/r\/Terraform\/comments\/isvudj\/terragrunt_how_do_you_deal_with_multiple_providers\/|[link]>   &lt;a...",
        "ts": "1600123612.035500",
        "username": "Terraform",
        "icons": {
            "image_48": "https:\/\/s3-us-west-2.amazonaws.com\/slack-files2\/bot_icons\/2019-02-12\/548785199618_48.png"
        },
        "bot_id": "BG3N7LG73",
        "attachments": [
            {
                "service_name": "reddit",
                "title": "Terragrunt - How Do You Deal With Multiple Providers",
                "title_link": "https:\/\/www.reddit.com\/r\/Terraform\/comments\/isvudj\/terragrunt_how_do_you_deal_with_multiple_providers\/",
                "text": "We're looking to start using other providers besides AWS. How do you incorporate them into your top level Terragrunt structure? Or do you keep...",
                "fallback": "reddit: Terragrunt - How Do You Deal With Multiple Providers",
                "thumb_url": "https:\/\/www.redditstatic.com\/new-icon.png",
                "from_url": "https:\/\/www.reddit.com\/r\/Terraform\/comments\/isvudj\/terragrunt_how_do_you_deal_with_multiple_providers\/",
                "thumb_width": 256,
                "thumb_height": 256,
                "service_icon": "http:\/\/www.redditstatic.com\/desktop2x\/img\/favicon\/apple-icon-57x57.png",
                "id": 1,
                "original_url": "https:\/\/www.reddit.com\/r\/Terraform\/comments\/isvudj\/terragrunt_how_do_you_deal_with_multiple_providers\/"
            },
            {
                "title": "overview for TheBurrfoot",
                "title_link": "https:\/\/www.reddit.com\/user\/TheBurrfoot",
                "text": "The u\/TheBurrfoot community on Reddit. Reddit gives you the best of the internet in one place.",
                "fallback": "overview for TheBurrfoot",
                "from_url": "https:\/\/www.reddit.com\/user\/TheBurrfoot",
                "service_icon": "http:\/\/www.redditstatic.com\/desktop2x\/img\/favicon\/apple-icon-57x57.png",
                "service_name": "reddit.com",
                "id": 2,
                "original_url": "https:\/\/www.reddit.com\/user\/TheBurrfoot"
            }
        ],
        "edited": {
            "user": "BG3N7LG73",
            "ts": "1600123612.000000"
        }
    }
]