[
    {
        "type": "message",
        "subtype": "bot_message",
        "text": "<https:\/\/www.reddit.com\/r\/Terraform\/comments\/j1uweh\/terraform_jupyter_kernel\/|Terraform jupyter kernel?>\nDoes anybody work on a jupyter terraform kernel?    submitted by   <https:\/\/www.reddit.com\/user\/Polybius23| \/u\/Polybius23 > \n<https:\/\/www.reddit.com\/r\/Terraform\/comments\/j1uweh\/terraform_jupyter_kernel\/|[link]>   <https:\/\/www.reddit.com\/r\/Terraform\/comments\/j1uweh\/terraform_jupyter_kernel\/|[comments]>",
        "ts": "1601367407.007700",
        "username": "Terraform",
        "icons": {
            "image_48": "https:\/\/s3-us-west-2.amazonaws.com\/slack-files2\/bot_icons\/2019-02-12\/548785199618_48.png"
        },
        "bot_id": "BG3N7LG73",
        "attachments": [
            {
                "service_name": "reddit",
                "title": "Terraform jupyter kernel?",
                "title_link": "https:\/\/www.reddit.com\/r\/Terraform\/comments\/j1uweh\/terraform_jupyter_kernel\/",
                "text": "Does anybody work on a jupyter terraform kernel?",
                "fallback": "reddit: Terraform jupyter kernel?",
                "thumb_url": "https:\/\/www.redditstatic.com\/new-icon.png",
                "from_url": "https:\/\/www.reddit.com\/r\/Terraform\/comments\/j1uweh\/terraform_jupyter_kernel\/",
                "thumb_width": 256,
                "thumb_height": 256,
                "service_icon": "http:\/\/www.redditstatic.com\/desktop2x\/img\/favicon\/apple-icon-57x57.png",
                "id": 1,
                "original_url": "https:\/\/www.reddit.com\/r\/Terraform\/comments\/j1uweh\/terraform_jupyter_kernel\/"
            },
            {
                "title": "overview for Polybius23",
                "title_link": "https:\/\/www.reddit.com\/user\/Polybius23",
                "text": "The u\/Polybius23 community on Reddit. Reddit gives you the best of the internet in one place.",
                "fallback": "overview for Polybius23",
                "from_url": "https:\/\/www.reddit.com\/user\/Polybius23",
                "service_icon": "http:\/\/www.redditstatic.com\/desktop2x\/img\/favicon\/apple-icon-57x57.png",
                "service_name": "reddit.com",
                "id": 2,
                "original_url": "https:\/\/www.reddit.com\/user\/Polybius23"
            }
        ],
        "edited": {
            "user": "BG3N7LG73",
            "ts": "1601367407.000000"
        }
    },
    {
        "type": "message",
        "subtype": "bot_message",
        "text": "<https:\/\/www.reddit.com\/r\/Terraform\/comments\/j1wi5m\/supplement_labels_with_a_map\/|supplement labels with a map?>\nSay i have a resource that looks like: labels { foo = bar baz = blah }  Can you chuck it a map type variable, and have done with it? Say, something like this: some-map = { foo = bar baz = blah } resource.... labels { ${var.some-map} } }  Or even better, can i supplement labels with a map? As in fire in the contents of the map as-is? some-map = { foo = bar baz = blah } resource.... labels { some-existing-label = \"whatever\" ${var.some-map} } }  ​ The second idea doesn't feel right to me though,...",
        "ts": "1601375204.007900",
        "username": "Terraform",
        "icons": {
            "image_48": "https:\/\/s3-us-west-2.amazonaws.com\/slack-files2\/bot_icons\/2019-02-12\/548785199618_48.png"
        },
        "bot_id": "BG3N7LG73",
        "attachments": [
            {
                "service_name": "reddit",
                "title": "supplement labels with a map?",
                "title_link": "https:\/\/www.reddit.com\/r\/Terraform\/comments\/j1wi5m\/supplement_labels_with_a_map\/",
                "text": "Say i have a resource that looks like: labels { foo = bar baz = blah } Can you chuck it a map type variable, and have done...",
                "fallback": "reddit: supplement labels with a map?",
                "thumb_url": "https:\/\/www.redditstatic.com\/new-icon.png",
                "from_url": "https:\/\/www.reddit.com\/r\/Terraform\/comments\/j1wi5m\/supplement_labels_with_a_map\/",
                "thumb_width": 256,
                "thumb_height": 256,
                "service_icon": "http:\/\/www.redditstatic.com\/desktop2x\/img\/favicon\/apple-icon-57x57.png",
                "id": 1,
                "original_url": "https:\/\/www.reddit.com\/r\/Terraform\/comments\/j1wi5m\/supplement_labels_with_a_map\/"
            }
        ],
        "edited": {
            "user": "BG3N7LG73",
            "ts": "1601375205.000000"
        }
    },
    {
        "type": "message",
        "subtype": "bot_message",
        "text": "<https:\/\/www.reddit.com\/r\/Terraform\/comments\/j21spb\/using_terraform_cloud\/|Using Terraform Cloud?>\nI was wondering how many of you use terraform cloud to manage state and\/or modules? Can you tell me your experience with it? How was the migration to TF Cloud? We're currently on S3\/DynamoDB for our backend and statelock but I'd like to move us to TF Cloud if it makes sense. CI\/CD is managed through GitLab so we don't need the remote exec functions and we also use Terragrunt to keep our code somewhat \"DRY\"    submitted by   <https:\/\/www.reddit.com\/user\/Flipphones| \/u\/Flipphones >...",
        "ts": "1601395011.008100",
        "username": "Terraform",
        "icons": {
            "image_48": "https:\/\/s3-us-west-2.amazonaws.com\/slack-files2\/bot_icons\/2019-02-12\/548785199618_48.png"
        },
        "bot_id": "BG3N7LG73",
        "attachments": [
            {
                "service_name": "reddit",
                "title": "Using Terraform Cloud?",
                "title_link": "https:\/\/www.reddit.com\/r\/Terraform\/comments\/j21spb\/using_terraform_cloud\/",
                "text": "I was wondering how many of you use terraform cloud to manage state and\/or modules? Can you tell me your experience with it? How was the migration...",
                "fallback": "reddit: Using Terraform Cloud?",
                "thumb_url": "https:\/\/www.redditstatic.com\/new-icon.png",
                "from_url": "https:\/\/www.reddit.com\/r\/Terraform\/comments\/j21spb\/using_terraform_cloud\/",
                "thumb_width": 256,
                "thumb_height": 256,
                "service_icon": "http:\/\/www.redditstatic.com\/desktop2x\/img\/favicon\/apple-icon-57x57.png",
                "id": 1,
                "original_url": "https:\/\/www.reddit.com\/r\/Terraform\/comments\/j21spb\/using_terraform_cloud\/"
            },
            {
                "title": "overview for Flipphones",
                "title_link": "https:\/\/www.reddit.com\/user\/Flipphones",
                "text": "The u\/Flipphones community on Reddit. Reddit gives you the best of the internet in one place.",
                "fallback": "overview for Flipphones",
                "from_url": "https:\/\/www.reddit.com\/user\/Flipphones",
                "service_icon": "http:\/\/www.redditstatic.com\/desktop2x\/img\/favicon\/apple-icon-57x57.png",
                "service_name": "reddit.com",
                "id": 2,
                "original_url": "https:\/\/www.reddit.com\/user\/Flipphones"
            }
        ],
        "edited": {
            "user": "BG3N7LG73",
            "ts": "1601395012.000000"
        }
    },
    {
        "type": "message",
        "subtype": "bot_message",
        "text": "<https:\/\/www.reddit.com\/r\/Terraform\/comments\/j22333\/create_list_from_list_of_maps_if_enabled\/|Create List from \"List of Maps\" IF \"enabled\">\nI'm trying to work through some better ways of laying out our config and wanting to do things where I need, for example, a list of regions that we use for an account. I'm wanting to use the following value in a variable: [ { region = \"eu-west-1\" enabled = true }, { region = \"us-east-1\" enabled = false } ]  I have the following but wanted to add \"if enabled\" but can't seem to do this. locals { aws_regions = [for region in var.region_data: region.region] }  Is there a way? I thought about using...",
        "ts": "1601396214.008300",
        "username": "Terraform",
        "icons": {
            "image_48": "https:\/\/s3-us-west-2.amazonaws.com\/slack-files2\/bot_icons\/2019-02-12\/548785199618_48.png"
        },
        "bot_id": "BG3N7LG73",
        "attachments": [
            {
                "service_name": "reddit",
                "title": "Create List from \"List of Maps\" IF \"enabled\"",
                "title_link": "https:\/\/www.reddit.com\/r\/Terraform\/comments\/j22333\/create_list_from_list_of_maps_if_enabled\/",
                "text": "I'm trying to work through some better ways of laying out our config and wanting to do things where I need, for example, a list of regions that we...",
                "fallback": "reddit: Create List from \"List of Maps\" IF \"enabled\"",
                "thumb_url": "https:\/\/www.redditstatic.com\/new-icon.png",
                "from_url": "https:\/\/www.reddit.com\/r\/Terraform\/comments\/j22333\/create_list_from_list_of_maps_if_enabled\/",
                "thumb_width": 256,
                "thumb_height": 256,
                "service_icon": "http:\/\/www.redditstatic.com\/desktop2x\/img\/favicon\/apple-icon-57x57.png",
                "id": 1,
                "original_url": "https:\/\/www.reddit.com\/r\/Terraform\/comments\/j22333\/create_list_from_list_of_maps_if_enabled\/"
            }
        ],
        "edited": {
            "user": "BG3N7LG73",
            "ts": "1601396215.000000"
        }
    },
    {
        "type": "message",
        "subtype": "bot_message",
        "text": "<https:\/\/www.reddit.com\/r\/Terraform\/comments\/j24den\/azure_quickstart_sample_terraform_configurations\/|Azure Quickstart Sample Terraform Configurations>\n&gt; 101-vm-simple-rhel-unmanaged  &gt; 101-vm-sql-existing-autopatching-update  &gt; 101-vm-sql-existing-autobackup-update  &gt; 101-vm-from-sig  <https:\/\/kpatnayakuni.com\/projects\/arm-templates-to-terraform-configuration\/|https:\/\/kpatnayakuni.com\/projects\/arm-templates-to-terraform-configuration\/> &lt;a...",
        "ts": "1601402214.008500",
        "username": "Terraform",
        "icons": {
            "image_48": "https:\/\/s3-us-west-2.amazonaws.com\/slack-files2\/bot_icons\/2019-02-12\/548785199618_48.png"
        },
        "bot_id": "BG3N7LG73",
        "attachments": [
            {
                "service_name": "reddit",
                "title": "Azure Quickstart Sample Terraform Configurations",
                "title_link": "https:\/\/www.reddit.com\/r\/Terraform\/comments\/j24den\/azure_quickstart_sample_terraform_configurations\/",
                "text": "Posted in r\/Terraform by u\/kpatnayakuni • 1 point and 0 comments",
                "fallback": "reddit: Azure Quickstart Sample Terraform Configurations",
                "from_url": "https:\/\/www.reddit.com\/r\/Terraform\/comments\/j24den\/azure_quickstart_sample_terraform_configurations\/",
                "thumb_url": "https:\/\/external-preview.redd.it\/g4c4epldk4q51.png?overlay-align=bottom,left&crop=1200:628.272251309,smart&overlay-height=15p&overlay=%2Fwatermark%2Ft5_2u8e4.png%3Fs%3Dbfb326ca8735739e33a60abaf9a7c73bcb4a2134&width=1200&height=628.272251309&auto=webp&s=2c0a37ff51e84403a39573b8c86e8d9e7ae16935",
                "thumb_width": 130,
                "thumb_height": 60,
                "service_icon": "http:\/\/www.redditstatic.com\/desktop2x\/img\/favicon\/apple-icon-57x57.png",
                "id": 1,
                "original_url": "https:\/\/www.reddit.com\/r\/Terraform\/comments\/j24den\/azure_quickstart_sample_terraform_configurations\/"
            }
        ],
        "edited": {
            "user": "BG3N7LG73",
            "ts": "1601402214.000000"
        }
    },
    {
        "type": "message",
        "subtype": "bot_message",
        "text": "<https:\/\/www.reddit.com\/r\/Terraform\/comments\/j24fg9\/how_to_output_list_of_arns_when_created_with_for\/|How to output list of ARNS when created with for_each loop?>\nHi, Hoping someone has seen this before and can help! I am creating resolver rules using a csv in the following way: resource \"aws_route53_resolver_rule\" \"r53_dc_location\" { for_each = { for r in local.dc_location : r.domain =&gt; r } domain_name = each.value.domain name = each.value.name rule_type = \"FORWARD\" resolver_endpoint_id = \"${aws_route53_resolver_endpoint.outbound_endpoint.id}\" target_ip { ip = var.r53_forward_rule_01 } target_ip { ip = var.r53_forward_rule_02 } tags = { Environment =...",
        "ts": "1601403411.008700",
        "username": "Terraform",
        "icons": {
            "image_48": "https:\/\/s3-us-west-2.amazonaws.com\/slack-files2\/bot_icons\/2019-02-12\/548785199618_48.png"
        },
        "bot_id": "BG3N7LG73",
        "attachments": [
            {
                "service_name": "reddit",
                "title": "How to output list of ARNS when created with for_each loop?",
                "title_link": "https:\/\/www.reddit.com\/r\/Terraform\/comments\/j24fg9\/how_to_output_list_of_arns_when_created_with_for\/",
                "text": "Hi, Hoping someone has seen this before and can help! I am creating resolver rules using a csv in the following way: resource...",
                "fallback": "reddit: How to output list of ARNS when created with for_each loop?",
                "thumb_url": "https:\/\/www.redditstatic.com\/new-icon.png",
                "from_url": "https:\/\/www.reddit.com\/r\/Terraform\/comments\/j24fg9\/how_to_output_list_of_arns_when_created_with_for\/",
                "thumb_width": 256,
                "thumb_height": 256,
                "service_icon": "http:\/\/www.redditstatic.com\/desktop2x\/img\/favicon\/apple-icon-57x57.png",
                "id": 1,
                "original_url": "https:\/\/www.reddit.com\/r\/Terraform\/comments\/j24fg9\/how_to_output_list_of_arns_when_created_with_for\/"
            }
        ],
        "edited": {
            "user": "BG3N7LG73",
            "ts": "1601403411.000000"
        }
    },
    {
        "type": "message",
        "subtype": "bot_message",
        "text": "<https:\/\/www.reddit.com\/r\/Terraform\/comments\/j267y2\/update_aws_ecs\/|Update AWS ECS>\nI use terraform to manage my infrastructure which includes using ECS fargate in code deploy deployment controller rather than ECS. We then use AWS pipeline to push new images. There can be a drift with the task definition arn if we have deployments but no infrastructure changes. If I do need to make a change to the infrastructure, it fails as it can’t update the TD (even things like changing desired count fails even though I can do that through AWS cli). Am I using TF incorrectly or is there...",
        "ts": "1601408209.008900",
        "username": "Terraform",
        "icons": {
            "image_48": "https:\/\/s3-us-west-2.amazonaws.com\/slack-files2\/bot_icons\/2019-02-12\/548785199618_48.png"
        },
        "bot_id": "BG3N7LG73",
        "attachments": [
            {
                "service_name": "reddit",
                "title": "Update AWS ECS",
                "title_link": "https:\/\/www.reddit.com\/r\/Terraform\/comments\/j267y2\/update_aws_ecs\/",
                "text": "I use terraform to manage my infrastructure which includes using ECS fargate in code deploy deployment controller rather than ECS. We then use...",
                "fallback": "reddit: Update AWS ECS",
                "thumb_url": "https:\/\/www.redditstatic.com\/new-icon.png",
                "from_url": "https:\/\/www.reddit.com\/r\/Terraform\/comments\/j267y2\/update_aws_ecs\/",
                "thumb_width": 256,
                "thumb_height": 256,
                "service_icon": "http:\/\/www.redditstatic.com\/desktop2x\/img\/favicon\/apple-icon-57x57.png",
                "id": 1,
                "original_url": "https:\/\/www.reddit.com\/r\/Terraform\/comments\/j267y2\/update_aws_ecs\/"
            }
        ],
        "edited": {
            "user": "BG3N7LG73",
            "ts": "1601408209.000000"
        }
    },
    {
        "type": "message",
        "subtype": "bot_message",
        "text": "<https:\/\/www.reddit.com\/r\/Terraform\/comments\/j291t6\/how_do_we_assign_static_ip_while_creating_vm_in\/|How do we assign static ip while creating vm in azure ?>\nsubmitted by   <https:\/\/www.reddit.com\/user\/nippyin| \/u\/nippyin > \n<https:\/\/www.reddit.com\/r\/Terraform\/comments\/j291t6\/how_do_we_assign_static_ip_while_creating_vm_in\/|[link]>   <https:\/\/www.reddit.com\/r\/Terraform\/comments\/j291t6\/how_do_we_assign_static_ip_while_creating_vm_in\/|[comments]>",
        "ts": "1601417209.009100",
        "username": "Terraform",
        "icons": {
            "image_48": "https:\/\/s3-us-west-2.amazonaws.com\/slack-files2\/bot_icons\/2019-02-12\/548785199618_48.png"
        },
        "bot_id": "BG3N7LG73",
        "attachments": [
            {
                "service_name": "reddit",
                "title": "How do we assign static ip while creating vm in azure ?",
                "title_link": "https:\/\/www.reddit.com\/r\/Terraform\/comments\/j291t6\/how_do_we_assign_static_ip_while_creating_vm_in\/",
                "text": "Posted in r\/Terraform by u\/nippyin • 1 point and 0 comments",
                "fallback": "reddit: How do we assign static ip while creating vm in azure ?",
                "thumb_url": "https:\/\/www.redditstatic.com\/new-icon.png",
                "from_url": "https:\/\/www.reddit.com\/r\/Terraform\/comments\/j291t6\/how_do_we_assign_static_ip_while_creating_vm_in\/",
                "thumb_width": 256,
                "thumb_height": 256,
                "service_icon": "http:\/\/www.redditstatic.com\/desktop2x\/img\/favicon\/apple-icon-57x57.png",
                "id": 1,
                "original_url": "https:\/\/www.reddit.com\/r\/Terraform\/comments\/j291t6\/how_do_we_assign_static_ip_while_creating_vm_in\/"
            },
            {
                "title": "overview for nippyin",
                "title_link": "https:\/\/www.reddit.com\/user\/nippyin",
                "text": "The u\/nippyin community on Reddit. Reddit gives you the best of the internet in one place.",
                "fallback": "overview for nippyin",
                "from_url": "https:\/\/www.reddit.com\/user\/nippyin",
                "service_icon": "http:\/\/www.redditstatic.com\/desktop2x\/img\/favicon\/apple-icon-57x57.png",
                "service_name": "reddit.com",
                "id": 2,
                "original_url": "https:\/\/www.reddit.com\/user\/nippyin"
            }
        ],
        "edited": {
            "user": "BG3N7LG73",
            "ts": "1601417209.000000"
        }
    },
    {
        "type": "message",
        "subtype": "bot_message",
        "text": "<https:\/\/www.reddit.com\/r\/Terraform\/comments\/j2931v\/new_vm_creation_in_azure\/|New vm creation in azure>\nHi All, I am trying to create a vm in azure using terraform module, however not sure how do i assign static IP address. I do not want to enter manually or use cidrhost function.    submitted by   <https:\/\/www.reddit.com\/user\/nippyin| \/u\/nippyin > \n<https:\/\/www.reddit.com\/r\/Terraform\/comments\/j2931v\/new_vm_creation_in_azure\/|[link]>   <https:\/\/www.reddit.com\/r\/Terraform\/comments\/j2931v\/new_vm_creation_in_azure\/|[comments]>",
        "ts": "1601417209.009200",
        "username": "Terraform",
        "icons": {
            "image_48": "https:\/\/s3-us-west-2.amazonaws.com\/slack-files2\/bot_icons\/2019-02-12\/548785199618_48.png"
        },
        "bot_id": "BG3N7LG73",
        "attachments": [
            {
                "service_name": "reddit",
                "title": "New vm creation in azure",
                "title_link": "https:\/\/www.reddit.com\/r\/Terraform\/comments\/j2931v\/new_vm_creation_in_azure\/",
                "text": "Hi All, I am trying to create a vm in azure using terraform module, however not sure how do i assign static IP address. I do not want to enter...",
                "fallback": "reddit: New vm creation in azure",
                "thumb_url": "https:\/\/www.redditstatic.com\/new-icon.png",
                "from_url": "https:\/\/www.reddit.com\/r\/Terraform\/comments\/j2931v\/new_vm_creation_in_azure\/",
                "thumb_width": 256,
                "thumb_height": 256,
                "service_icon": "http:\/\/www.redditstatic.com\/desktop2x\/img\/favicon\/apple-icon-57x57.png",
                "id": 1,
                "original_url": "https:\/\/www.reddit.com\/r\/Terraform\/comments\/j2931v\/new_vm_creation_in_azure\/"
            },
            {
                "title": "overview for nippyin",
                "title_link": "https:\/\/www.reddit.com\/user\/nippyin",
                "text": "The u\/nippyin community on Reddit. Reddit gives you the best of the internet in one place.",
                "fallback": "overview for nippyin",
                "from_url": "https:\/\/www.reddit.com\/user\/nippyin",
                "service_icon": "http:\/\/www.redditstatic.com\/desktop2x\/img\/favicon\/apple-icon-57x57.png",
                "service_name": "reddit.com",
                "id": 2,
                "original_url": "https:\/\/www.reddit.com\/user\/nippyin"
            }
        ],
        "edited": {
            "user": "BG3N7LG73",
            "ts": "1601417209.000000"
        }
    },
    {
        "type": "message",
        "subtype": "bot_message",
        "text": "<https:\/\/qiita.com\/Yusuke-Shimizu\/items\/5332c99265d947146c36|TerraformからCodePipelineのソースブランチの変更を無視したい>\n<https:\/\/qiita.com\/#%E8%83%8C%E6%99%AF>背景\n\nTerraformでCodePipelineをデプロイしてる\nパイプラインのソースは適宜ブランチを修正して実行する運用\n修正後にTerraformからデプロイしようとすると、ブランチ部分が変更箇所として出てきてしまう\nソースブランチの変更をTerraformで無視したい\n\n\n<https:\/\/qiita.com\/#%E7%A2%BA%E8%AA%8D%E7%92%B0%E5%A2%83>確認環境\n\n$ terraform -version\nTerraform v0.12.26\n\n\n\n<https:\/\/qiita.com\/#%E3%82%84%E3%82%8B%E3%81%93%E3%81%A8>やること\n\n下記のようなlifecycleを追加してあげればOK\nstageとactionの引数(下記だと両方0)はコードによって変更が必要\n\n  lifecycle {\n    ignore_changes =...",
        "ts": "1601442409.009500",
        "username": "Terraformタグが付けられた新着記事 - Qiita",
        "icons": {
            "image_36": "https:\/\/a.slack-edge.com\/80588\/img\/services\/rss_36.png",
            "image_48": "https:\/\/a.slack-edge.com\/80588\/img\/services\/rss_48.png",
            "image_72": "https:\/\/a.slack-edge.com\/80588\/img\/services\/rss_72.png"
        },
        "bot_id": "BG3N7LG73",
        "attachments": [
            {
                "service_name": "Qiita",
                "title": "TerraformからCodePipelineのソースブランチの変更を無視したい - Qiita",
                "title_link": "https:\/\/qiita.com\/Yusuke-Shimizu\/items\/5332c99265d947146c36",
                "text": "背景 TerraformでCodePipelineをデプロイしてる パイプラインのソースは適宜ブランチを修正して実行する運用 修正後にTerraformからデプロイしようとすると、ブランチ部分が変更箇所として出てきてしまう ソー...",
                "fallback": "Qiita: TerraformからCodePipelineのソースブランチの変更を無視したい - Qiita",
                "image_url": "https:\/\/qiita-user-contents.imgix.net\/https%3A%2F%2Fcdn.qiita.com%2Fassets%2Fpublic%2Farticle-ogp-background-1150d8b18a7c15795b701a55ae908f94.png?ixlib=rb-1.2.2&w=1200&mark=https%3A%2F%2Fqiita-user-contents.imgix.net%2F~text%3Fixlib%3Drb-1.2.2%26w%3D840%26h%3D380%26txt%3DTerraform%25E3%2581%258B%25E3%2582%2589CodePipeline%25E3%2581%25AE%25E3%2582%25BD%25E3%2583%25BC%25E3%2582%25B9%25E3%2583%2596%25E3%2583%25A9%25E3%2583%25B3%25E3%2583%2581%25E3%2581%25AE%25E5%25A4%2589%25E6%259B%25B4%25E3%2582%2592%25E7%2584%25A1%25E8%25A6%2596%25E3%2581%2597%25E3%2581%259F%25E3%2581%2584%26txt-color%3D%2523333%26txt-font%3DHiragino%2520Sans%2520W6%26txt-size%3D54%26txt-clip%3Dellipsis%26txt-align%3Dcenter%252Cmiddle%26s%3D1fdd8824fdb67e636ef53f8bda791f04&mark-align=center%2Cmiddle&blend=https%3A%2F%2Fqiita-user-contents.imgix.net%2F~text%3Fixlib%3Drb-1.2.2%26w%3D840%26h%3D500%26txt%3D%2540Yusuke-Shimizu%26txt-color%3D%2523333%26txt-font%3DHiragino%2520Sans%2520W6%26txt-size%3D45%26txt-align%3Dright%252Cbottom%26s%3D3b626f118fbac086c49e16488b9f702d&blend-align=center%2Cmiddle&blend-mode=normal&s=1c1a7d0a2ebc54ef55e98dd007270bdd",
                "from_url": "https:\/\/qiita.com\/Yusuke-Shimizu\/items\/5332c99265d947146c36",
                "image_width": 476,
                "image_height": 250,
                "image_bytes": 60366,
                "service_icon": "https:\/\/cdn.qiita.com\/assets\/favicons\/public\/apple-touch-icon-ec5ba42a24ae923f16825592efdc356f.png",
                "id": 1,
                "original_url": "https:\/\/qiita.com\/Yusuke-Shimizu\/items\/5332c99265d947146c36"
            },
            {
                "service_name": "Qiita",
                "title": "プログラマの技術情報共有サービス - Qiita",
                "title_link": "https:\/\/qiita.com\/#%E8%83%8C%E6%99%AF",
                "text": "Qiitaは、プログラマのための技術情報共有サービスです。 プログラミングに関するTips、ノウハウ、メモを簡単に記録 &amp; 公開することができます。",
                "fallback": "Qiita: プログラマの技術情報共有サービス - Qiita",
                "thumb_url": "https:\/\/cdn.qiita.com\/assets\/qiita-fb-fe28c64039d925349e620ba55091e078.png",
                "from_url": "https:\/\/qiita.com\/#%E8%83%8C%E6%99%AF",
                "thumb_width": 1200,
                "thumb_height": 630,
                "service_icon": "https:\/\/cdn.qiita.com\/assets\/favicons\/public\/apple-touch-icon-ec5ba42a24ae923f16825592efdc356f.png",
                "id": 2,
                "original_url": "https:\/\/qiita.com\/#%E8%83%8C%E6%99%AF"
            },
            {
                "service_name": "Qiita",
                "title": "プログラマの技術情報共有サービス - Qiita",
                "title_link": "https:\/\/qiita.com\/#%E7%A2%BA%E8%AA%8D%E7%92%B0%E5%A2%83",
                "text": "Qiitaは、プログラマのための技術情報共有サービスです。 プログラミングに関するTips、ノウハウ、メモを簡単に記録 &amp; 公開することができます。",
                "fallback": "Qiita: プログラマの技術情報共有サービス - Qiita",
                "thumb_url": "https:\/\/cdn.qiita.com\/assets\/qiita-fb-fe28c64039d925349e620ba55091e078.png",
                "from_url": "https:\/\/qiita.com\/#%E7%A2%BA%E8%AA%8D%E7%92%B0%E5%A2%83",
                "thumb_width": 1200,
                "thumb_height": 630,
                "service_icon": "https:\/\/cdn.qiita.com\/assets\/favicons\/public\/apple-touch-icon-ec5ba42a24ae923f16825592efdc356f.png",
                "id": 3,
                "original_url": "https:\/\/qiita.com\/#%E7%A2%BA%E8%AA%8D%E7%92%B0%E5%A2%83"
            },
            {
                "service_name": "Qiita",
                "title": "プログラマの技術情報共有サービス - Qiita",
                "title_link": "https:\/\/qiita.com\/#%E3%82%84%E3%82%8B%E3%81%93%E3%81%A8",
                "text": "Qiitaは、プログラマのための技術情報共有サービスです。 プログラミングに関するTips、ノウハウ、メモを簡単に記録 &amp; 公開することができます。",
                "fallback": "Qiita: プログラマの技術情報共有サービス - Qiita",
                "thumb_url": "https:\/\/cdn.qiita.com\/assets\/qiita-fb-fe28c64039d925349e620ba55091e078.png",
                "from_url": "https:\/\/qiita.com\/#%E3%82%84%E3%82%8B%E3%81%93%E3%81%A8",
                "thumb_width": 1200,
                "thumb_height": 630,
                "service_icon": "https:\/\/cdn.qiita.com\/assets\/favicons\/public\/apple-touch-icon-ec5ba42a24ae923f16825592efdc356f.png",
                "id": 4,
                "original_url": "https:\/\/qiita.com\/#%E3%82%84%E3%82%8B%E3%81%93%E3%81%A8"
            }
        ],
        "edited": {
            "user": "BG3N7LG73",
            "ts": "1601442409.000000"
        }
    }
]