[
    {
        "type": "message",
        "subtype": "bot_message",
        "text": "<https:\/\/qiita.com\/takuya_tsurumi\/items\/7449b3f5e565b4334a72|Terraform 0.13 の新機能を試してみた>\n<https:\/\/qiita.com\/#1-%E3%81%AF%E3%81%98%E3%82%81%E3%81%AB>1. はじめに\n\nterraformのバージョン0.13が8\/10にリリースされました。\n普段terraformを使用しているため、今回のアップデートによりどんな機能が追加になったのか個人的に気になるところを検証してみます。\n私が最近Azureを使っていることから、Azureを使用して検証します。\n\n\n<https:\/\/qiita.com\/#2-%E3%83%90%E3%83%BC%E3%82%B8%E3%83%A7%E3%83%B3%E3%82%A2%E3%83%83%E3%83%97%E3%81%AB%E3%82%88%E3%81%A3%E3%81%A6%E8%BF%BD%E5%8A%A0%E3%81%95%E3%82%8C%E3%81%9F%E6%96%B0%E6%A9%9F%E8%83%BD>2. バージョンアップによって追加された新機能\n\n新しく追加された機能は以下の5つでした。...",
        "ts": "1601454406.009700",
        "username": "Terraformタグが付けられた新着記事 - Qiita",
        "icons": {
            "image_36": "https:\/\/a.slack-edge.com\/80588\/img\/services\/rss_36.png",
            "image_48": "https:\/\/a.slack-edge.com\/80588\/img\/services\/rss_48.png",
            "image_72": "https:\/\/a.slack-edge.com\/80588\/img\/services\/rss_72.png"
        },
        "bot_id": "BG3N7LG73",
        "attachments": [
            {
                "service_name": "Qiita",
                "title": "Terraform 0.13 の新機能を試してみた - Qiita",
                "title_link": "https:\/\/qiita.com\/takuya_tsurumi\/items\/7449b3f5e565b4334a72",
                "text": "1. はじめに terraformのバージョン0.13が8\/10にリリースされました。 普段terraformを使用しているため、今回のアップデートによりどんな機能が追加になったのか個人的に気になるところを検証してみます。私が最...",
                "fallback": "Qiita: Terraform 0.13 の新機能を試してみた - Qiita",
                "image_url": "https:\/\/qiita-user-contents.imgix.net\/https%3A%2F%2Fcdn.qiita.com%2Fassets%2Fpublic%2Farticle-ogp-background-1150d8b18a7c15795b701a55ae908f94.png?ixlib=rb-1.2.2&w=1200&mark=https%3A%2F%2Fqiita-user-contents.imgix.net%2F~text%3Fixlib%3Drb-1.2.2%26w%3D840%26h%3D380%26txt%3DTerraform%25200.13%2520%25E3%2581%25AE%25E6%2596%25B0%25E6%25A9%259F%25E8%2583%25BD%25E3%2582%2592%25E8%25A9%25A6%25E3%2581%2597%25E3%2581%25A6%25E3%2581%25BF%25E3%2581%259F%26txt-color%3D%2523333%26txt-font%3DHiragino%2520Sans%2520W6%26txt-size%3D54%26txt-clip%3Dellipsis%26txt-align%3Dcenter%252Cmiddle%26s%3D6798e2d0580fd43611bd8b05fd2ebf8e&mark-align=center%2Cmiddle&blend=https%3A%2F%2Fqiita-user-contents.imgix.net%2F~text%3Fixlib%3Drb-1.2.2%26w%3D840%26h%3D500%26txt%3D%2540takuya_tsurumi%26txt-color%3D%2523333%26txt-font%3DHiragino%2520Sans%2520W6%26txt-size%3D45%26txt-align%3Dright%252Cbottom%26s%3Dcf871e24283bad53ce851b504707820f&blend-align=center%2Cmiddle&blend-mode=normal&s=8eb0465e3d0768f199ea563696ecab33",
                "from_url": "https:\/\/qiita.com\/takuya_tsurumi\/items\/7449b3f5e565b4334a72",
                "image_width": 476,
                "image_height": 250,
                "image_bytes": 49739,
                "service_icon": "https:\/\/cdn.qiita.com\/assets\/favicons\/public\/apple-touch-icon-ec5ba42a24ae923f16825592efdc356f.png",
                "id": 1,
                "original_url": "https:\/\/qiita.com\/takuya_tsurumi\/items\/7449b3f5e565b4334a72"
            },
            {
                "service_name": "Qiita",
                "title": "プログラマの技術情報共有サービス - Qiita",
                "title_link": "https:\/\/qiita.com\/#1-%E3%81%AF%E3%81%98%E3%82%81%E3%81%AB",
                "text": "Qiitaは、プログラマのための技術情報共有サービスです。 プログラミングに関するTips、ノウハウ、メモを簡単に記録 &amp; 公開することができます。",
                "fallback": "Qiita: プログラマの技術情報共有サービス - Qiita",
                "thumb_url": "https:\/\/cdn.qiita.com\/assets\/qiita-fb-fe28c64039d925349e620ba55091e078.png",
                "from_url": "https:\/\/qiita.com\/#1-%E3%81%AF%E3%81%98%E3%82%81%E3%81%AB",
                "thumb_width": 1200,
                "thumb_height": 630,
                "service_icon": "https:\/\/cdn.qiita.com\/assets\/favicons\/public\/apple-touch-icon-ec5ba42a24ae923f16825592efdc356f.png",
                "id": 2,
                "original_url": "https:\/\/qiita.com\/#1-%E3%81%AF%E3%81%98%E3%82%81%E3%81%AB"
            },
            {
                "service_name": "Qiita",
                "title": "プログラマの技術情報共有サービス - Qiita",
                "title_link": "https:\/\/qiita.com\/#2-%E3%83%90%E3%83%BC%E3%82%B8%E3%83%A7%E3%83%B3%E3%82%A2%E3%83%83%E3%83%97%E3%81%AB%E3%82%88%E3%81%A3%E3%81%A6%E8%BF%BD%E5%8A%A0%E3%81%95%E3%82%8C%E3%81%9F%E6%96%B0%E6%A9%9F%E8%83%BD",
                "text": "Qiitaは、プログラマのための技術情報共有サービスです。 プログラミングに関するTips、ノウハウ、メモを簡単に記録 &amp; 公開することができます。",
                "fallback": "Qiita: プログラマの技術情報共有サービス - Qiita",
                "thumb_url": "https:\/\/cdn.qiita.com\/assets\/qiita-fb-fe28c64039d925349e620ba55091e078.png",
                "from_url": "https:\/\/qiita.com\/#2-%E3%83%90%E3%83%BC%E3%82%B8%E3%83%A7%E3%83%B3%E3%82%A2%E3%83%83%E3%83%97%E3%81%AB%E3%82%88%E3%81%A3%E3%81%A6%E8%BF%BD%E5%8A%A0%E3%81%95%E3%82%8C%E3%81%9F%E6%96%B0%E6%A9%9F%E8%83%BD",
                "thumb_width": 1200,
                "thumb_height": 630,
                "service_icon": "https:\/\/cdn.qiita.com\/assets\/favicons\/public\/apple-touch-icon-ec5ba42a24ae923f16825592efdc356f.png",
                "id": 3,
                "original_url": "https:\/\/qiita.com\/#2-%E3%83%90%E3%83%BC%E3%82%B8%E3%83%A7%E3%83%B3%E3%82%A2%E3%83%83%E3%83%97%E3%81%AB%E3%82%88%E3%81%A3%E3%81%A6%E8%BF%BD%E5%8A%A0%E3%81%95%E3%82%8C%E3%81%9F%E6%96%B0%E6%A9%9F%E8%83%BD"
            }
        ],
        "edited": {
            "user": "BG3N7LG73",
            "ts": "1601454406.000000"
        }
    },
    {
        "type": "message",
        "subtype": "bot_message",
        "text": "<https:\/\/qiita.com\/fullsat_\/items\/a2843ec5fe36484f8e19|TerraformのバージョンアップでInvalid indexが出た時の対処>\n小ネタです。\n\n\n<https:\/\/qiita.com\/#acm%E3%82%92terraform%E3%81%A7%E4%BD%9C%E3%82%8B%E6%96%B9%E6%B3%95%E3%81%8C%E4%BD%BF%E3%81%88%E3%81%AA%E3%81%8F%E3%81%AA%E3%81%A3%E3%81%A6%E3%81%9F%E4%BB%B6>ACMをterraformで作る方法が使えなくなってた件\n\nこれまでterraformでACMを作成する方法として\n\n<https:\/\/dev.classmethod.jp\/articles\/acm-cert-by-terraform\/|https:\/\/dev.classmethod.jp\/articles\/acm-cert-by-terraform\/>\nこちらの記事を参考に作っていました。\n\nそれで、問題の部分は以下の部分です。...",
        "ts": "1601459206.009900",
        "username": "Terraformタグが付けられた新着記事 - Qiita",
        "icons": {
            "image_36": "https:\/\/a.slack-edge.com\/80588\/img\/services\/rss_36.png",
            "image_48": "https:\/\/a.slack-edge.com\/80588\/img\/services\/rss_48.png",
            "image_72": "https:\/\/a.slack-edge.com\/80588\/img\/services\/rss_72.png"
        },
        "bot_id": "BG3N7LG73",
        "attachments": [
            {
                "service_name": "Qiita",
                "title": "TerraformのバージョンアップでInvalid indexが出た時の対処 - Qiita",
                "title_link": "https:\/\/qiita.com\/fullsat_\/items\/a2843ec5fe36484f8e19",
                "text": "小ネタです。 ACMをterraformで作る方法が使えなくなってた件 これまでterraformでACMを作成する方法として <https:\/\/dev.classmethod.jp\/articles\/acm-cert-by-t>...",
                "fallback": "Qiita: TerraformのバージョンアップでInvalid indexが出た時の対処 - Qiita",
                "image_url": "https:\/\/qiita-user-contents.imgix.net\/https%3A%2F%2Fcdn.qiita.com%2Fassets%2Fpublic%2Farticle-ogp-background-1150d8b18a7c15795b701a55ae908f94.png?ixlib=rb-1.2.2&w=1200&mark=https%3A%2F%2Fqiita-user-contents.imgix.net%2F~text%3Fixlib%3Drb-1.2.2%26w%3D840%26h%3D380%26txt%3DTerraform%25E3%2581%25AE%25E3%2583%2590%25E3%2583%25BC%25E3%2582%25B8%25E3%2583%25A7%25E3%2583%25B3%25E3%2582%25A2%25E3%2583%2583%25E3%2583%2597%25E3%2581%25A7Invalid%2520index%25E3%2581%258C%25E5%2587%25BA%25E3%2581%259F%25E6%2599%2582%25E3%2581%25AE%25E5%25AF%25BE%25E5%2587%25A6%26txt-color%3D%2523333%26txt-font%3DHiragino%2520Sans%2520W6%26txt-size%3D54%26txt-clip%3Dellipsis%26txt-align%3Dcenter%252Cmiddle%26s%3Dfba2ed0d0b2d587592a2c340c70210d0&mark-align=center%2Cmiddle&blend=https%3A%2F%2Fqiita-user-contents.imgix.net%2F~text%3Fixlib%3Drb-1.2.2%26w%3D840%26h%3D500%26txt%3D%2540fullsat_%26txt-color%3D%2523333%26txt-font%3DHiragino%2520Sans%2520W6%26txt-size%3D45%26txt-align%3Dright%252Cbottom%26s%3D2d1d76e4ad80e7eb4c7a7bb58ae894c1&blend-align=center%2Cmiddle&blend-mode=normal&s=3368b2347e394d2661d9995184affaca",
                "from_url": "https:\/\/qiita.com\/fullsat_\/items\/a2843ec5fe36484f8e19",
                "image_width": 476,
                "image_height": 250,
                "image_bytes": 55033,
                "service_icon": "https:\/\/cdn.qiita.com\/assets\/favicons\/public\/apple-touch-icon-ec5ba42a24ae923f16825592efdc356f.png",
                "id": 1,
                "original_url": "https:\/\/qiita.com\/fullsat_\/items\/a2843ec5fe36484f8e19"
            },
            {
                "service_name": "Qiita",
                "title": "プログラマの技術情報共有サービス - Qiita",
                "title_link": "https:\/\/qiita.com\/#acm%E3%82%92terraform%E3%81%A7%E4%BD%9C%E3%82%8B%E6%96%B9%E6%B3%95%E3%81%8C%E4%BD%BF%E3%81%88%E3%81%AA%E3%81%8F%E3%81%AA%E3%81%A3%E3%81%A6%E3%81%9F%E4%BB%B6",
                "text": "Qiitaは、プログラマのための技術情報共有サービスです。 プログラミングに関するTips、ノウハウ、メモを簡単に記録 &amp; 公開することができます。",
                "fallback": "Qiita: プログラマの技術情報共有サービス - Qiita",
                "thumb_url": "https:\/\/cdn.qiita.com\/assets\/qiita-fb-fe28c64039d925349e620ba55091e078.png",
                "from_url": "https:\/\/qiita.com\/#acm%E3%82%92terraform%E3%81%A7%E4%BD%9C%E3%82%8B%E6%96%B9%E6%B3%95%E3%81%8C%E4%BD%BF%E3%81%88%E3%81%AA%E3%81%8F%E3%81%AA%E3%81%A3%E3%81%A6%E3%81%9F%E4%BB%B6",
                "thumb_width": 1200,
                "thumb_height": 630,
                "service_icon": "https:\/\/cdn.qiita.com\/assets\/favicons\/public\/apple-touch-icon-ec5ba42a24ae923f16825592efdc356f.png",
                "id": 2,
                "original_url": "https:\/\/qiita.com\/#acm%E3%82%92terraform%E3%81%A7%E4%BD%9C%E3%82%8B%E6%96%B9%E6%B3%95%E3%81%8C%E4%BD%BF%E3%81%88%E3%81%AA%E3%81%8F%E3%81%AA%E3%81%A3%E3%81%A6%E3%81%9F%E4%BB%B6"
            },
            {
                "service_name": "クラスメソッド発「やってみた」系技術メディア | Developers.IO",
                "title": "TerraformでACM証明書を作成してみた | Developers.IO",
                "title_link": "https:\/\/dev.classmethod.jp\/articles\/acm-cert-by-terraform\/",
                "text": "TerraformにてACM証明書を作成する機会があったので、そのコードを共有いたします。とても簡単に作成することができました。",
                "fallback": "クラスメソッド発「やってみた」系技術メディア | Developers.IO: TerraformでACM証明書を作成してみた | Developers.IO",
                "image_url": "https:\/\/cdn-ssl-devio-img.classmethod.jp\/wp-content\/uploads\/2019\/05\/aws-certificate-manager-960x504.png",
                "from_url": "https:\/\/dev.classmethod.jp\/articles\/acm-cert-by-terraform\/",
                "image_width": 476,
                "image_height": 250,
                "image_bytes": 40035,
                "service_icon": "https:\/\/dev.classmethod.jp\/apple-touch-icon.png",
                "id": 3,
                "original_url": "https:\/\/dev.classmethod.jp\/articles\/acm-cert-by-terraform\/"
            }
        ],
        "edited": {
            "user": "BG3N7LG73",
            "ts": "1601459206.000000"
        }
    },
    {
        "type": "message",
        "subtype": "bot_message",
        "text": "<https:\/\/qiita.com\/charon\/items\/727251f8ce1412a864ab|AWS Fargateから、AWS FireLens → Amazon Kinesis Data Firehose → Amazon S3とログをルーティングする>\n<https:\/\/qiita.com\/#whats>What's\n\nAWS FireLensから、Amazon Kinesis Data Firehoseへのログルーティングを試してみたいなということで。\n\n\n<https:\/\/qiita.com\/#%E3%81%8A%E9%A1%8C>お題\n\n以下のお題でやってみます。\n\nAWS FireLens（AWS for Fluent Bit）をサイドカーに組み込んだ、nginx入りのAWS Fargateクラスターを構築する\nnginxのログは、AWS FireLens（AWS for Fluent Bit）を介してAmazon Kinesis Data Firehoseへ送信する\nAmazon Kinesis Data Firehoseで受け取ったログは、さらにAmazon S3に転送する\nAWS for Fluent Bitのログは、Amazon CloudWatch Logsに出力する\n環境は、Terraformで構築する\n\n&lt;a...",
        "ts": "1601463404.010100",
        "username": "Terraformタグが付けられた新着記事 - Qiita",
        "icons": {
            "image_36": "https:\/\/a.slack-edge.com\/80588\/img\/services\/rss_36.png",
            "image_48": "https:\/\/a.slack-edge.com\/80588\/img\/services\/rss_48.png",
            "image_72": "https:\/\/a.slack-edge.com\/80588\/img\/services\/rss_72.png"
        },
        "bot_id": "BG3N7LG73",
        "attachments": [
            {
                "service_name": "Qiita",
                "title": "AWS Fargateから、AWS FireLens → Amazon Kinesis Data Firehose → Amazon S3とログをルーティングする - Qiita",
                "title_link": "https:\/\/qiita.com\/charon\/items\/727251f8ce1412a864ab",
                "text": "What's AWS FireLensから、Amazon Kinesis Data Firehoseへのログルーティングを試してみたいなということで。 お題 以下のお題でやってみます。 AWS FireLens（AWS...",
                "fallback": "Qiita: AWS Fargateから、AWS FireLens → Amazon Kinesis Data Firehose → Amazon S3とログをルーティングする - Qiita",
                "image_url": "https:\/\/qiita-user-contents.imgix.net\/https%3A%2F%2Fcdn.qiita.com%2Fassets%2Fpublic%2Farticle-ogp-background-1150d8b18a7c15795b701a55ae908f94.png?ixlib=rb-1.2.2&w=1200&mark=https%3A%2F%2Fqiita-user-contents.imgix.net%2F~text%3Fixlib%3Drb-1.2.2%26w%3D840%26h%3D380%26txt%3DAWS%2520Fargate%25E3%2581%258B%25E3%2582%2589%25E3%2580%2581AWS%2520FireLens%2520%25E2%2586%2592%2520Amazon%2520Kinesis%2520Data%2520Firehose%2520%25E2%2586%2592%2520Amazon%2520S3%25E3%2581%25A8%25E3%2583%25AD%25E3%2582%25B0%25E3%2582%2592%25E3%2583%25AB%25E3%2583%25BC%25E3%2583%2586%25E3%2582%25A3%25E3%2583%25B3%25E3%2582%25B0%25E3%2581%2599%25E3%2582%258B%26txt-color%3D%2523333%26txt-font%3DHiragino%2520Sans%2520W6%26txt-size%3D54%26txt-clip%3Dellipsis%26txt-align%3Dcenter%252Cmiddle%26s%3D361a9e639cdafb519ac9d1d3e1cd1c22&mark-align=center%2Cmiddle&blend=https%3A%2F%2Fqiita-user-contents.imgix.net%2F~text%3Fixlib%3Drb-1.2.2%26w%3D840%26h%3D500%26txt%3D%2540charon%26txt-color%3D%2523333%26txt-font%3DHiragino%2520Sans%2520W6%26txt-size%3D45%26txt-align%3Dright%252Cbottom%26s%3D7439b04a45704cb9cceac479fbf88f07&blend-align=center%2Cmiddle&blend-mode=normal&s=7652843dc9e3e28df40c64536fc2d97a",
                "from_url": "https:\/\/qiita.com\/charon\/items\/727251f8ce1412a864ab",
                "image_width": 476,
                "image_height": 250,
                "image_bytes": 72223,
                "service_icon": "https:\/\/cdn.qiita.com\/assets\/favicons\/public\/apple-touch-icon-ec5ba42a24ae923f16825592efdc356f.png",
                "id": 1,
                "original_url": "https:\/\/qiita.com\/charon\/items\/727251f8ce1412a864ab"
            },
            {
                "service_name": "Qiita",
                "title": "プログラマの技術情報共有サービス - Qiita",
                "title_link": "https:\/\/qiita.com\/#whats",
                "text": "Qiitaは、プログラマのための技術情報共有サービスです。 プログラミングに関するTips、ノウハウ、メモを簡単に記録 &amp; 公開することができます。",
                "fallback": "Qiita: プログラマの技術情報共有サービス - Qiita",
                "thumb_url": "https:\/\/cdn.qiita.com\/assets\/qiita-fb-fe28c64039d925349e620ba55091e078.png",
                "from_url": "https:\/\/qiita.com\/#whats",
                "thumb_width": 1200,
                "thumb_height": 630,
                "service_icon": "https:\/\/cdn.qiita.com\/assets\/favicons\/public\/apple-touch-icon-ec5ba42a24ae923f16825592efdc356f.png",
                "id": 2,
                "original_url": "https:\/\/qiita.com\/#whats"
            },
            {
                "service_name": "Qiita",
                "title": "プログラマの技術情報共有サービス - Qiita",
                "title_link": "https:\/\/qiita.com\/#%E3%81%8A%E9%A1%8C",
                "text": "Qiitaは、プログラマのための技術情報共有サービスです。 プログラミングに関するTips、ノウハウ、メモを簡単に記録 &amp; 公開することができます。",
                "fallback": "Qiita: プログラマの技術情報共有サービス - Qiita",
                "thumb_url": "https:\/\/cdn.qiita.com\/assets\/qiita-fb-fe28c64039d925349e620ba55091e078.png",
                "from_url": "https:\/\/qiita.com\/#%E3%81%8A%E9%A1%8C",
                "thumb_width": 1200,
                "thumb_height": 630,
                "service_icon": "https:\/\/cdn.qiita.com\/assets\/favicons\/public\/apple-touch-icon-ec5ba42a24ae923f16825592efdc356f.png",
                "id": 3,
                "original_url": "https:\/\/qiita.com\/#%E3%81%8A%E9%A1%8C"
            }
        ],
        "edited": {
            "user": "BG3N7LG73",
            "ts": "1601463405.000000"
        }
    },
    {
        "type": "message",
        "subtype": "bot_message",
        "text": "<https:\/\/qiita.com\/fullsat_\/items\/fff9d90152e7aa6d6f8f|Terraform 0.13アップグレード時に出たエラーの対処>\nv0.13が出てからしばらく経ちましたが、何気にv0.12アップグレード時よりエラーがよく出たので、まとめておこうと思います。\n\nアップグレードの方法に関しては公式サイトでまとまっています。\n<https:\/\/www.terraform.io\/upgrade-guides\/0-13.html|https:\/\/www.terraform.io\/upgrade-guides\/0-13.html>\n\n内容を読むとプロバイダーの明示的な指定だったりと、そこまで破壊的じゃなさそうだったので、\nエラーが出てもその場で修正という形をとろうと、えいやで変更したら痛い目を見ました。\n\n\n<https:\/\/qiita.com\/#error-failed-to-decode-current-backend-config>Error: Failed to decode current backend config\n\nError: Failed...",
        "ts": "1601468207.010300",
        "username": "Terraformタグが付けられた新着記事 - Qiita",
        "icons": {
            "image_36": "https:\/\/a.slack-edge.com\/80588\/img\/services\/rss_36.png",
            "image_48": "https:\/\/a.slack-edge.com\/80588\/img\/services\/rss_48.png",
            "image_72": "https:\/\/a.slack-edge.com\/80588\/img\/services\/rss_72.png"
        },
        "bot_id": "BG3N7LG73",
        "attachments": [
            {
                "service_name": "Qiita",
                "title": "Terraform 0.13アップグレード時に出たエラーの対処 - Qiita",
                "title_link": "https:\/\/qiita.com\/fullsat_\/items\/fff9d90152e7aa6d6f8f",
                "text": "v0.13が出てからしばらく経ちましたが、何気にv0.12アップグレード時よりエラーがよく出たので、まとめておこうと思います。 アップグレードの方法に関しては公式サイトでまとまっています。 <https:\/\/www.terraform>...",
                "fallback": "Qiita: Terraform 0.13アップグレード時に出たエラーの対処 - Qiita",
                "image_url": "https:\/\/qiita-user-contents.imgix.net\/https%3A%2F%2Fcdn.qiita.com%2Fassets%2Fpublic%2Farticle-ogp-background-1150d8b18a7c15795b701a55ae908f94.png?ixlib=rb-1.2.2&w=1200&mark=https%3A%2F%2Fqiita-user-contents.imgix.net%2F~text%3Fixlib%3Drb-1.2.2%26w%3D840%26h%3D380%26txt%3DTerraform%25200.13%25E3%2582%25A2%25E3%2583%2583%25E3%2583%2597%25E3%2582%25B0%25E3%2583%25AC%25E3%2583%25BC%25E3%2583%2589%25E6%2599%2582%25E3%2581%25AB%25E5%2587%25BA%25E3%2581%259F%25E3%2582%25A8%25E3%2583%25A9%25E3%2583%25BC%25E3%2581%25AE%25E5%25AF%25BE%25E5%2587%25A6%26txt-color%3D%2523333%26txt-font%3DHiragino%2520Sans%2520W6%26txt-size%3D54%26txt-clip%3Dellipsis%26txt-align%3Dcenter%252Cmiddle%26s%3Dd8b966249b10fdcb1cd2a6bd9040fc2a&mark-align=center%2Cmiddle&blend=https%3A%2F%2Fqiita-user-contents.imgix.net%2F~text%3Fixlib%3Drb-1.2.2%26w%3D840%26h%3D500%26txt%3D%2540fullsat_%26txt-color%3D%2523333%26txt-font%3DHiragino%2520Sans%2520W6%26txt-size%3D45%26txt-align%3Dright%252Cbottom%26s%3D2d1d76e4ad80e7eb4c7a7bb58ae894c1&blend-align=center%2Cmiddle&blend-mode=normal&s=20cf43efb17562c04a86fafcfd2f0629",
                "from_url": "https:\/\/qiita.com\/fullsat_\/items\/fff9d90152e7aa6d6f8f",
                "image_width": 476,
                "image_height": 250,
                "image_bytes": 47963,
                "service_icon": "https:\/\/cdn.qiita.com\/assets\/favicons\/public\/apple-touch-icon-ec5ba42a24ae923f16825592efdc356f.png",
                "id": 1,
                "original_url": "https:\/\/qiita.com\/fullsat_\/items\/fff9d90152e7aa6d6f8f"
            },
            {
                "service_name": "Terraform by HashiCorp",
                "title": "Upgrading to Terraform v0.13 - Terraform by HashiCorp",
                "title_link": "https:\/\/www.terraform.io\/upgrade-guides\/0-13.html",
                "text": "Upgrading to Terraform v0.13",
                "fallback": "Terraform by HashiCorp: Upgrading to Terraform v0.13 - Terraform by HashiCorp",
                "thumb_url": "https:\/\/www.terraform.io\/assets\/images\/og-image-8b3e4f7d.png",
                "from_url": "https:\/\/www.terraform.io\/upgrade-guides\/0-13.html",
                "thumb_width": 712,
                "thumb_height": 712,
                "service_icon": "https:\/\/www.terraform.io\/assets\/images\/favicons\/apple-touch-icon-13180a24.png",
                "id": 2,
                "original_url": "https:\/\/www.terraform.io\/upgrade-guides\/0-13.html"
            },
            {
                "service_name": "Qiita",
                "title": "プログラマの技術情報共有サービス - Qiita",
                "title_link": "https:\/\/qiita.com\/#error-failed-to-decode-current-backend-config",
                "text": "Qiitaは、プログラマのための技術情報共有サービスです。 プログラミングに関するTips、ノウハウ、メモを簡単に記録 &amp; 公開することができます。",
                "fallback": "Qiita: プログラマの技術情報共有サービス - Qiita",
                "thumb_url": "https:\/\/cdn.qiita.com\/assets\/qiita-fb-fe28c64039d925349e620ba55091e078.png",
                "from_url": "https:\/\/qiita.com\/#error-failed-to-decode-current-backend-config",
                "thumb_width": 1200,
                "thumb_height": 630,
                "service_icon": "https:\/\/cdn.qiita.com\/assets\/favicons\/public\/apple-touch-icon-ec5ba42a24ae923f16825592efdc356f.png",
                "id": 3,
                "original_url": "https:\/\/qiita.com\/#error-failed-to-decode-current-backend-config"
            }
        ],
        "edited": {
            "user": "BG3N7LG73",
            "ts": "1601468207.000000"
        }
    },
    {
        "type": "message",
        "subtype": "bot_message",
        "text": "<https:\/\/www.reddit.com\/r\/Terraform\/comments\/j2lmbs\/module_changes_ignored\/|Module changes ignored>\nI've created my own module and stored it in the same folder as my own Terraform code: .\/modules\/module_name\/main.tf|<http:\/\/outputs.tf|outputs.tf>|<http:\/\/variables.tf|variables.tf> .\/main.tf|<http:\/\/outputs.tf|outputs.tf>|<http:\/\/variables.tf|variables.tf> In my code, I have this:  module \"module_test\" { source = \".\/modules\/module_name\" }  For some reason, after the first run of terraform apply, no changes are detected in the module itself. So no matter what I add to my module, Terraform still thinks nothing has changed and doesn't apply any changes. Does anyone know how...",
        "ts": "1601471206.010500",
        "username": "Terraform",
        "icons": {
            "image_48": "https:\/\/s3-us-west-2.amazonaws.com\/slack-files2\/bot_icons\/2019-02-12\/548785199618_48.png"
        },
        "bot_id": "BG3N7LG73",
        "attachments": [
            {
                "service_name": "reddit",
                "title": "Module changes ignored",
                "title_link": "https:\/\/www.reddit.com\/r\/Terraform\/comments\/j2lmbs\/module_changes_ignored\/",
                "text": "I've created my own module and stored it in the same folder as my own Terraform...",
                "fallback": "reddit: Module changes ignored",
                "thumb_url": "https:\/\/www.redditstatic.com\/new-icon.png",
                "from_url": "https:\/\/www.reddit.com\/r\/Terraform\/comments\/j2lmbs\/module_changes_ignored\/",
                "thumb_width": 256,
                "thumb_height": 256,
                "service_icon": "http:\/\/www.redditstatic.com\/desktop2x\/img\/favicon\/apple-icon-57x57.png",
                "id": 1,
                "original_url": "https:\/\/www.reddit.com\/r\/Terraform\/comments\/j2lmbs\/module_changes_ignored\/"
            }
        ],
        "edited": {
            "user": "BG3N7LG73",
            "ts": "1601471206.000000"
        }
    },
    {
        "type": "message",
        "subtype": "bot_message",
        "text": "<https:\/\/www.reddit.com\/r\/Terraform\/comments\/j2n8om\/for_each_confusion\/|for_each confusion>\nI am having some issues trying to spin up 3 servers. I am attempting to use for_each to set the hostname and mac_address. Either I am using this wrong or the resource needs the second label to be unique. Any ideas? <http:\/\/main.tf|main.tf> (trimmed for clarity) ``` locals { guests = { \"server_0\" = { mac_address = \"00:50:56:a3:b1:c2\" }, \"server_1\" = { mac_address = \"00:50:56:a3:b1:c3\" }, \"server_2\" = { mac_address = \"00:50:56:a3:b1:c4\" } } } resource \"esxi_guest\" \"map\" { for_each = local.guests guest_name =...",
        "ts": "1601477207.010700",
        "username": "Terraform",
        "icons": {
            "image_48": "https:\/\/s3-us-west-2.amazonaws.com\/slack-files2\/bot_icons\/2019-02-12\/548785199618_48.png"
        },
        "bot_id": "BG3N7LG73",
        "attachments": [
            {
                "service_name": "reddit",
                "title": "for_each confusion",
                "title_link": "https:\/\/www.reddit.com\/r\/Terraform\/comments\/j2n8om\/for_each_confusion\/",
                "text": "I am having some issues trying to spin up 3 servers. I am attempting to use for_each to set the hostname and mac_address. Either I am using this...",
                "fallback": "reddit: for_each confusion",
                "thumb_url": "https:\/\/www.redditstatic.com\/new-icon.png",
                "from_url": "https:\/\/www.reddit.com\/r\/Terraform\/comments\/j2n8om\/for_each_confusion\/",
                "thumb_width": 256,
                "thumb_height": 256,
                "service_icon": "http:\/\/www.redditstatic.com\/desktop2x\/img\/favicon\/apple-icon-57x57.png",
                "id": 1,
                "original_url": "https:\/\/www.reddit.com\/r\/Terraform\/comments\/j2n8om\/for_each_confusion\/"
            }
        ],
        "edited": {
            "user": "BG3N7LG73",
            "ts": "1601477207.000000"
        }
    }
]