[
    {
        "type": "message",
        "subtype": "bot_message",
        "text": "<https:\/\/www.reddit.com\/r\/Terraform\/comments\/in0wy1\/terraform_12_block_variable\/|Terraform 12 block variable>\nNow I am in process of migrating to Terraform 12. One of the main feature here is more strict HCL2 and I like it. But I don't know how to do this more efficient. For example if I have list of maps:  elb_listeners = [ { instance_port = 80 instance_protocol = \"http\" lb_port = 80 lb_protocol = \"http\" }, { instance_port = 443 instance_protocol = \"http\" lb_port = 443 lb_protocol = \"https\" ssl_certificate_id = ARN certificate }  I can spin it with dynamic block like: ``` dynamic \"listener\" {...",
        "ts": "1599312407.022300",
        "username": "Terraform",
        "icons": {
            "image_48": "https:\/\/s3-us-west-2.amazonaws.com\/slack-files2\/bot_icons\/2019-02-12\/548785199618_48.png"
        },
        "bot_id": "BG3N7LG73",
        "attachments": [
            {
                "service_name": "reddit",
                "title": "Terraform 12 block variable",
                "title_link": "https:\/\/www.reddit.com\/r\/Terraform\/comments\/in0wy1\/terraform_12_block_variable\/",
                "text": "Now I am in process of migrating to Terraform 12. One of the main feature here is more strict HCL2 and I like it. But I don't know how to do this...",
                "fallback": "reddit: Terraform 12 block variable",
                "thumb_url": "https:\/\/www.redditstatic.com\/new-icon.png",
                "from_url": "https:\/\/www.reddit.com\/r\/Terraform\/comments\/in0wy1\/terraform_12_block_variable\/",
                "thumb_width": 256,
                "thumb_height": 256,
                "service_icon": "http:\/\/www.redditstatic.com\/desktop2x\/img\/favicon\/apple-icon-57x57.png",
                "id": 1,
                "original_url": "https:\/\/www.reddit.com\/r\/Terraform\/comments\/in0wy1\/terraform_12_block_variable\/"
            }
        ],
        "edited": {
            "user": "BG3N7LG73",
            "ts": "1599312408.000000"
        }
    },
    {
        "type": "message",
        "subtype": "bot_message",
        "text": "<https:\/\/qiita.com\/acro5piano\/items\/d1c684ec3e8c74f9c05e|AWS Fargate サービスを Terraform で構築、 コマンドラインからデプロイ>\n<https:\/\/qiita.com\/#%E5%8B%95%E6%A9%9F>動機\n\n<https:\/\/qiita.com\/items\/512ad160fb78e421214c|【AWS】 Fargate CLI + Terraform で Docker コンテナを動かす簡単なチュートリアル> というのを書いたんですが、下記の問題点を感じました。\n\nFargate CLI のインストールが若干手間。\nFargate CLI を使うと、 Terraform だけで完結しないため、一部ハードコーディングが必要になる。\nFargate CLI は冪等性が無い。\nSSL 証明書周りで、どうしても手間がかかる。\nよって、最近は\n\nインフラ構築は Terraform に任せる\nデプロイは AWS CLI でやる\n環境変数は .env 経由で読み込む\nとしています。\n\nTerraform は長くなるので aws-cdk とかに移行しようとしたのですが、 CloudFormation は ECS に適用するのは難しいことが分かったので、...",
        "ts": "1599316609.022500",
        "username": "Terraformタグが付けられた新着記事 - Qiita",
        "icons": {
            "image_36": "https:\/\/a.slack-edge.com\/80588\/img\/services\/rss_36.png",
            "image_48": "https:\/\/a.slack-edge.com\/80588\/img\/services\/rss_48.png",
            "image_72": "https:\/\/a.slack-edge.com\/80588\/img\/services\/rss_72.png"
        },
        "bot_id": "BG3N7LG73",
        "attachments": [
            {
                "service_name": "Qiita",
                "title": "AWS Fargate サービスを Terraform で構築 - Qiita",
                "title_link": "https:\/\/qiita.com\/acro5piano\/items\/d1c684ec3e8c74f9c05e",
                "text": "動機 AWS】 Fargate CLI + Terraform で Docker コンテナを動かす簡単なチュートリアル というのを書いたんですが、下記の問題点を感じました。 Fargate CLI を使うと、 Terrafo...",
                "fallback": "Qiita: AWS Fargate サービスを Terraform で構築 - Qiita",
                "image_url": "https:\/\/qiita-user-contents.imgix.net\/https%3A%2F%2Fcdn.qiita.com%2Fassets%2Fpublic%2Farticle-ogp-background-1150d8b18a7c15795b701a55ae908f94.png?ixlib=rb-1.2.2&w=1200&mark=https%3A%2F%2Fqiita-user-contents.imgix.net%2F~text%3Fixlib%3Drb-1.2.2%26w%3D840%26h%3D380%26txt%3DAWS%2520Fargate%2520%25E3%2582%25B5%25E3%2583%25BC%25E3%2583%2593%25E3%2582%25B9%25E3%2582%2592%2520Terraform%2520%25E3%2581%25A7%25E6%25A7%258B%25E7%25AF%2589%26txt-color%3D%2523333%26txt-font%3DHiragino%2520Sans%2520W6%26txt-size%3D54%26txt-clip%3Dellipsis%26txt-align%3Dcenter%252Cmiddle%26s%3Ddb61a0f144bb3d029afb903629d5e2ba&mark-align=center%2Cmiddle&blend=https%3A%2F%2Fqiita-user-contents.imgix.net%2F~text%3Fixlib%3Drb-1.2.2%26w%3D840%26h%3D500%26txt%3D%2540acro5piano%26txt-color%3D%2523333%26txt-font%3DHiragino%2520Sans%2520W6%26txt-size%3D45%26txt-align%3Dright%252Cbottom%26s%3Dffa3da7c7e1c91dcdb50abd1d468f58e&blend-align=center%2Cmiddle&blend-mode=normal&s=eb4921a4e320ff6973e0044cf77dc361",
                "from_url": "https:\/\/qiita.com\/acro5piano\/items\/d1c684ec3e8c74f9c05e",
                "image_width": 476,
                "image_height": 250,
                "image_bytes": 49612,
                "service_icon": "https:\/\/cdn.qiita.com\/assets\/favicons\/public\/apple-touch-icon-ec5ba42a24ae923f16825592efdc356f.png",
                "id": 1,
                "original_url": "https:\/\/qiita.com\/acro5piano\/items\/d1c684ec3e8c74f9c05e"
            },
            {
                "service_name": "Qiita",
                "title": "プログラマの技術情報共有サービス - Qiita",
                "title_link": "https:\/\/qiita.com\/#%E5%8B%95%E6%A9%9F",
                "text": "Qiitaは、プログラマのための技術情報共有サービスです。 プログラミングに関するTips、ノウハウ、メモを簡単に記録 &amp; 公開することができます。",
                "fallback": "Qiita: プログラマの技術情報共有サービス - Qiita",
                "thumb_url": "https:\/\/cdn.qiita.com\/assets\/qiita-fb-fe28c64039d925349e620ba55091e078.png",
                "from_url": "https:\/\/qiita.com\/#%E5%8B%95%E6%A9%9F",
                "thumb_width": 1200,
                "thumb_height": 630,
                "service_icon": "https:\/\/cdn.qiita.com\/assets\/favicons\/public\/apple-touch-icon-ec5ba42a24ae923f16825592efdc356f.png",
                "id": 2,
                "original_url": "https:\/\/qiita.com\/#%E5%8B%95%E6%A9%9F"
            },
            {
                "service_name": "Qiita",
                "title": "【AWS】 Fargate CLI + Terraform で Docker コンテナを動かす簡単なチュートリアル - Qiita",
                "title_link": "https:\/\/qiita.com\/items\/512ad160fb78e421214c",
                "text": "AWS の ECS Fargate を使って本番環境を構築していますが、 Terraform だけだと環境構築が若干複雑になるのが悩みでした。 そこで、 Fargate CLI と Terraform を組み合わせると、非常にシンプル...",
                "fallback": "Qiita: 【AWS】 Fargate CLI + Terraform で Docker コンテナを動かす簡単なチュートリアル - Qiita",
                "image_url": "https:\/\/qiita-user-contents.imgix.net\/https%3A%2F%2Fcdn.qiita.com%2Fassets%2Fpublic%2Farticle-ogp-background-1150d8b18a7c15795b701a55ae908f94.png?ixlib=rb-1.2.2&w=1200&mark=https%3A%2F%2Fqiita-user-contents.imgix.net%2F~text%3Fixlib%3Drb-1.2.2%26w%3D840%26h%3D380%26txt%3D%25E3%2580%2590AWS%25E3%2580%2591%2520Fargate%2520CLI%2520%252B%2520Terraform%2520%25E3%2581%25A7%2520Docker%2520%25E3%2582%25B3%25E3%2583%25B3%25E3%2583%2586%25E3%2583%258A%25E3%2582%2592%25E5%258B%2595%25E3%2581%258B%25E3%2581%2599%25E7%25B0%25A1%25E5%258D%2598%25E3%2581%25AA%25E3%2583%2581%25E3%2583%25A5%25E3%2583%25BC%25E3%2583%2588%25E3%2583%25AA%25E3%2582%25A2%25E3%2583%25AB%26txt-color%3D%2523333%26txt-font%3DHiragino%2520Sans%2520W6%26txt-size%3D54%26txt-clip%3Dellipsis%26txt-align%3Dcenter%252Cmiddle%26s%3D60ae9a6c3ba7590de092a567c1a07089&mark-align=center%2Cmiddle&blend=https%3A%2F%2Fqiita-user-contents.imgix.net%2F~text%3Fixlib%3Drb-1.2.2%26w%3D840%26h%3D500%26txt%3D%2540acro5piano%26txt-color%3D%2523333%26txt-font%3DHiragino%2520Sans%2520W6%26txt-size%3D45%26txt-align%3Dright%252Cbottom%26s%3Dffa3da7c7e1c91dcdb50abd1d468f58e&blend-align=center%2Cmiddle&blend-mode=normal&s=fcad0b5cbfbcb571a51b0d07e7e1b1a9",
                "from_url": "https:\/\/qiita.com\/items\/512ad160fb78e421214c",
                "image_width": 476,
                "image_height": 250,
                "image_bytes": 65082,
                "service_icon": "https:\/\/cdn.qiita.com\/assets\/favicons\/public\/apple-touch-icon-ec5ba42a24ae923f16825592efdc356f.png",
                "id": 3,
                "original_url": "https:\/\/qiita.com\/items\/512ad160fb78e421214c"
            }
        ],
        "edited": {
            "user": "BG3N7LG73",
            "ts": "1599316610.000000"
        }
    },
    {
        "type": "message",
        "subtype": "bot_message",
        "text": "<https:\/\/www.reddit.com\/r\/Terraform\/comments\/in47y9\/custom_provider_fallback\/|Custom provider fallback>\nHey everyone. I wrote a custom provider that reaches out to a 3rd party API. Everything is working great, however I want to have a fallback scenario in case the 3rd party service is down, but I can't figure out a good solution. Scenario: We have a workspace with configuration that deploys resources using both the AWS and this custom provider. If the 3rd party API is down or something is changed, Terraform will fail the read operation to refresh state and completely fail the plan even for the...",
        "ts": "1599324415.022700",
        "username": "Terraform",
        "icons": {
            "image_48": "https:\/\/s3-us-west-2.amazonaws.com\/slack-files2\/bot_icons\/2019-02-12\/548785199618_48.png"
        },
        "bot_id": "BG3N7LG73",
        "attachments": [
            {
                "service_name": "reddit",
                "title": "Custom provider fallback",
                "title_link": "https:\/\/www.reddit.com\/r\/Terraform\/comments\/in47y9\/custom_provider_fallback\/",
                "text": "Hey everyone. I wrote a custom provider that reaches out to a 3rd party API. Everything is working great, however I want to have a fallback...",
                "fallback": "reddit: Custom provider fallback",
                "thumb_url": "https:\/\/www.redditstatic.com\/new-icon.png",
                "from_url": "https:\/\/www.reddit.com\/r\/Terraform\/comments\/in47y9\/custom_provider_fallback\/",
                "thumb_width": 256,
                "thumb_height": 256,
                "service_icon": "http:\/\/www.redditstatic.com\/desktop2x\/img\/favicon\/apple-icon-57x57.png",
                "id": 1,
                "original_url": "https:\/\/www.reddit.com\/r\/Terraform\/comments\/in47y9\/custom_provider_fallback\/"
            }
        ],
        "edited": {
            "user": "BG3N7LG73",
            "ts": "1599324416.000000"
        }
    },
    {
        "type": "message",
        "subtype": "bot_message",
        "text": "<https:\/\/www.reddit.com\/r\/Terraform\/comments\/in74jd\/should_monolithic_server_infrastructure_be\/|Should monolithic server infrastructure be managed under one module?>\nI'm currently migrating infrastructure off heroku to AWS. My current setup is one directory for all server infrastructure with 3 workspaces (dev, stage prod). I was wondering if I should split up parts such as: ECS\/ECR (application server concerns) VPC\/subnet creation RDS Redis (elasticache) S3 storage buckets\/cloudfront distributions ... or should I continue to manage it all under one directory\/terraform apply? I'm curious if there's downsides to this once things evolve and get more complex....",
        "ts": "1599334610.022900",
        "username": "Terraform",
        "icons": {
            "image_48": "https:\/\/s3-us-west-2.amazonaws.com\/slack-files2\/bot_icons\/2019-02-12\/548785199618_48.png"
        },
        "bot_id": "BG3N7LG73",
        "attachments": [
            {
                "service_name": "reddit",
                "title": "Should monolithic server infrastructure be managed under one module?",
                "title_link": "https:\/\/www.reddit.com\/r\/Terraform\/comments\/in74jd\/should_monolithic_server_infrastructure_be\/",
                "text": "I'm currently migrating infrastructure off heroku to AWS. My current setup is one directory for all server infrastructure with 3 workspaces (dev,...",
                "fallback": "reddit: Should monolithic server infrastructure be managed under one module?",
                "thumb_url": "https:\/\/www.redditstatic.com\/new-icon.png",
                "from_url": "https:\/\/www.reddit.com\/r\/Terraform\/comments\/in74jd\/should_monolithic_server_infrastructure_be\/",
                "thumb_width": 256,
                "thumb_height": 256,
                "service_icon": "http:\/\/www.redditstatic.com\/desktop2x\/img\/favicon\/apple-icon-57x57.png",
                "id": 1,
                "original_url": "https:\/\/www.reddit.com\/r\/Terraform\/comments\/in74jd\/should_monolithic_server_infrastructure_be\/"
            }
        ],
        "edited": {
            "user": "BG3N7LG73",
            "ts": "1599334611.000000"
        }
    },
    {
        "type": "message",
        "subtype": "bot_message",
        "text": "<https:\/\/www.reddit.com\/r\/Terraform\/comments\/inckgb\/terraform_for_loop\/|Terraform for loop>\nCan someone please help me with this simple loop which is giving me an error.  ${jsonencode([for id in ids : [\"AWS\/EC2\", \"NetworkIn\", \"InstanceId\", \"${id}\"], [\"AWS\/EC2\", \"NetworkOut\", \"InstanceId\", \"${id}\"] ])} Call to function \"templatefile\" failed: .\/network.tmpl:9,70-71: Invalid 'for' expression; Extra characters after &gt;the end of the 'for' expression..     submitted by   <https:\/\/www.reddit.com\/user\/fpena06| \/u\/fpena06 > \n&lt;a...",
        "ts": "1599353810.023100",
        "username": "Terraform",
        "icons": {
            "image_48": "https:\/\/s3-us-west-2.amazonaws.com\/slack-files2\/bot_icons\/2019-02-12\/548785199618_48.png"
        },
        "bot_id": "BG3N7LG73",
        "attachments": [
            {
                "service_name": "reddit",
                "title": "Terraform for loop",
                "title_link": "https:\/\/www.reddit.com\/r\/Terraform\/comments\/inckgb\/terraform_for_loop\/",
                "text": "Can someone please help me with this simple loop which is giving me an error. &gt; ${jsonencode([for id in ids : &gt; [\"AWS\/EC2\",...",
                "fallback": "reddit: Terraform for loop",
                "thumb_url": "https:\/\/www.redditstatic.com\/new-icon.png",
                "from_url": "https:\/\/www.reddit.com\/r\/Terraform\/comments\/inckgb\/terraform_for_loop\/",
                "thumb_width": 256,
                "thumb_height": 256,
                "service_icon": "http:\/\/www.redditstatic.com\/desktop2x\/img\/favicon\/apple-icon-57x57.png",
                "id": 1,
                "original_url": "https:\/\/www.reddit.com\/r\/Terraform\/comments\/inckgb\/terraform_for_loop\/"
            },
            {
                "title": "overview for fpena06",
                "title_link": "https:\/\/www.reddit.com\/user\/fpena06",
                "text": "The u\/fpena06 community on Reddit. Reddit gives you the best of the internet in one place.",
                "fallback": "overview for fpena06",
                "from_url": "https:\/\/www.reddit.com\/user\/fpena06",
                "service_icon": "http:\/\/www.redditstatic.com\/desktop2x\/img\/favicon\/apple-icon-57x57.png",
                "service_name": "reddit.com",
                "id": 2,
                "original_url": "https:\/\/www.reddit.com\/user\/fpena06"
            }
        ],
        "edited": {
            "user": "BG3N7LG73",
            "ts": "1599353810.000000"
        }
    }
]