[
    {
        "type": "message",
        "subtype": "bot_message",
        "text": "<https:\/\/www.reddit.com\/r\/Terraform\/comments\/irvryj\/new_aws_account\/|New AWS account>\nHi folks,  Is it possible to use terraform to create a new AWS account? From a documentation search in terraform wiki, i wasn't able to find something similar, any ideas please? Thanks!    submitted by   <https:\/\/www.reddit.com\/user\/Cloud--Man| \/u\/Cloud--Man > \n<https:\/\/www.reddit.com\/r\/Terraform\/comments\/irvryj\/new_aws_account\/|[link]>   <https:\/\/www.reddit.com\/r\/Terraform\/comments\/irvryj\/new_aws_account\/|[comments]>",
        "ts": "1599992805.034100",
        "username": "Terraform",
        "icons": {
            "image_48": "https:\/\/s3-us-west-2.amazonaws.com\/slack-files2\/bot_icons\/2019-02-12\/548785199618_48.png"
        },
        "bot_id": "BG3N7LG73",
        "attachments": [
            {
                "service_name": "reddit",
                "title": "New AWS account",
                "title_link": "https:\/\/www.reddit.com\/r\/Terraform\/comments\/irvryj\/new_aws_account\/",
                "text": "Hi folks, Is it possible to use terraform to create a new AWS account? From a documentation search in terraform wiki, i wasn't able to find...",
                "fallback": "reddit: New AWS account",
                "thumb_url": "https:\/\/www.redditstatic.com\/new-icon.png",
                "from_url": "https:\/\/www.reddit.com\/r\/Terraform\/comments\/irvryj\/new_aws_account\/",
                "thumb_width": 256,
                "thumb_height": 256,
                "service_icon": "http:\/\/www.redditstatic.com\/desktop2x\/img\/favicon\/apple-icon-57x57.png",
                "id": 1,
                "original_url": "https:\/\/www.reddit.com\/r\/Terraform\/comments\/irvryj\/new_aws_account\/"
            },
            {
                "title": "overview for Cloud--Man",
                "title_link": "https:\/\/www.reddit.com\/user\/Cloud--Man",
                "text": "The u\/Cloud--Man community on Reddit. Reddit gives you the best of the internet in one place.",
                "fallback": "overview for Cloud--Man",
                "from_url": "https:\/\/www.reddit.com\/user\/Cloud--Man",
                "service_icon": "http:\/\/www.redditstatic.com\/desktop2x\/img\/favicon\/apple-icon-57x57.png",
                "service_name": "reddit.com",
                "id": 2,
                "original_url": "https:\/\/www.reddit.com\/user\/Cloud--Man"
            }
        ],
        "edited": {
            "user": "BG3N7LG73",
            "ts": "1599992805.000000"
        }
    },
    {
        "type": "message",
        "subtype": "bot_message",
        "text": "<https:\/\/qiita.com\/takehanKosuke\/items\/93b9922f0d082c9a2655|既に作成されてるAWSリソースをterraformのコードに落とし込む>\n<https:\/\/qiita.com\/#%E3%81%AF%E3%81%98%E3%82%81%E3%81%AB>はじめに\n\nawsのterraformテンプレートをを０から書いていくのはなんとなく面倒だったので、既に作成されているawsリソースから作成できないかと調べていたのですが、terraform import と言うコマンドで似たようなことができそうだったのでまとめます。\n\n\n<https:\/\/qiita.com\/#%E4%BB%8A%E5%9B%9E%E3%81%AE%E3%82%B4%E3%83%BC%E3%83%AB>今回のゴール\n\n今回は既存のVPCをterraformのコードに起こしていきます\n\n\n<https:\/\/qiita.com\/#%E3%83%87%E3%82%A3%E3%83%AC%E3%82%AF%E3%83%88%E3%83%AA%E6%A7%8B%E6%88%90>ディレクトリ構成\n\n.\n├── <http:\/\/config.tf|config.tf>\n├── terraform.tfstate\n├──...",
        "ts": "1600046208.034300",
        "username": "Terraformタグが付けられた新着記事 - Qiita",
        "icons": {
            "image_36": "https:\/\/a.slack-edge.com\/80588\/img\/services\/rss_36.png",
            "image_48": "https:\/\/a.slack-edge.com\/80588\/img\/services\/rss_48.png",
            "image_72": "https:\/\/a.slack-edge.com\/80588\/img\/services\/rss_72.png"
        },
        "bot_id": "BG3N7LG73",
        "attachments": [
            {
                "service_name": "Qiita",
                "title": "既に作成されてるAWSリソースをterraformのコードに落とし込む - Qiita",
                "title_link": "https:\/\/qiita.com\/takehanKosuke\/items\/93b9922f0d082c9a2655",
                "text": "はじめに awsのterraformテンプレートをを０から書いていくのはなんとなく面倒だったので、既に作成されているawsリソースから作成できないかと調べていたのですが、terraform import と言うコマンドで似たよう...",
                "fallback": "Qiita: 既に作成されてるAWSリソースをterraformのコードに落とし込む - Qiita",
                "image_url": "https:\/\/qiita-user-contents.imgix.net\/https%3A%2F%2Fcdn.qiita.com%2Fassets%2Fpublic%2Farticle-ogp-background-1150d8b18a7c15795b701a55ae908f94.png?ixlib=rb-1.2.2&w=1200&mark=https%3A%2F%2Fqiita-user-contents.imgix.net%2F~text%3Fixlib%3Drb-1.2.2%26w%3D840%26h%3D380%26txt%3D%25E6%2597%25A2%25E3%2581%25AB%25E4%25BD%259C%25E6%2588%2590%25E3%2581%2595%25E3%2582%258C%25E3%2581%25A6%25E3%2582%258BAWS%25E3%2583%25AA%25E3%2582%25BD%25E3%2583%25BC%25E3%2582%25B9%25E3%2582%2592terraform%25E3%2581%25AE%25E3%2582%25B3%25E3%2583%25BC%25E3%2583%2589%25E3%2581%25AB%25E8%2590%25BD%25E3%2581%25A8%25E3%2581%2597%25E8%25BE%25BC%25E3%2582%2580%26txt-color%3D%2523333%26txt-font%3DHiragino%2520Sans%2520W6%26txt-size%3D54%26txt-clip%3Dellipsis%26txt-align%3Dcenter%252Cmiddle%26s%3D4cebcb675fe28ca2b5f17736e5f6097c&mark-align=center%2Cmiddle&blend=https%3A%2F%2Fqiita-user-contents.imgix.net%2F~text%3Fixlib%3Drb-1.2.2%26w%3D840%26h%3D500%26txt%3D%2540takehanKosuke%26txt-color%3D%2523333%26txt-font%3DHiragino%2520Sans%2520W6%26txt-size%3D45%26txt-align%3Dright%252Cbottom%26s%3Db9998c43071954a9db9254528b713bf9&blend-align=center%2Cmiddle&blend-mode=normal&s=fb030443c392e9eb9f6fc50e4503e115",
                "from_url": "https:\/\/qiita.com\/takehanKosuke\/items\/93b9922f0d082c9a2655",
                "image_width": 476,
                "image_height": 250,
                "image_bytes": 65398,
                "service_icon": "https:\/\/cdn.qiita.com\/assets\/favicons\/public\/apple-touch-icon-ec5ba42a24ae923f16825592efdc356f.png",
                "id": 1,
                "original_url": "https:\/\/qiita.com\/takehanKosuke\/items\/93b9922f0d082c9a2655"
            },
            {
                "service_name": "Qiita",
                "title": "プログラマの技術情報共有サービス - Qiita",
                "title_link": "https:\/\/qiita.com\/#%E3%81%AF%E3%81%98%E3%82%81%E3%81%AB",
                "text": "Qiitaは、プログラマのための技術情報共有サービスです。 プログラミングに関するTips、ノウハウ、メモを簡単に記録 &amp; 公開することができます。",
                "fallback": "Qiita: プログラマの技術情報共有サービス - Qiita",
                "thumb_url": "https:\/\/cdn.qiita.com\/assets\/qiita-fb-fe28c64039d925349e620ba55091e078.png",
                "from_url": "https:\/\/qiita.com\/#%E3%81%AF%E3%81%98%E3%82%81%E3%81%AB",
                "thumb_width": 1200,
                "thumb_height": 630,
                "service_icon": "https:\/\/cdn.qiita.com\/assets\/favicons\/public\/apple-touch-icon-ec5ba42a24ae923f16825592efdc356f.png",
                "id": 2,
                "original_url": "https:\/\/qiita.com\/#%E3%81%AF%E3%81%98%E3%82%81%E3%81%AB"
            },
            {
                "service_name": "Qiita",
                "title": "プログラマの技術情報共有サービス - Qiita",
                "title_link": "https:\/\/qiita.com\/#%E4%BB%8A%E5%9B%9E%E3%81%AE%E3%82%B4%E3%83%BC%E3%83%AB",
                "text": "Qiitaは、プログラマのための技術情報共有サービスです。 プログラミングに関するTips、ノウハウ、メモを簡単に記録 &amp; 公開することができます。",
                "fallback": "Qiita: プログラマの技術情報共有サービス - Qiita",
                "thumb_url": "https:\/\/cdn.qiita.com\/assets\/qiita-fb-fe28c64039d925349e620ba55091e078.png",
                "from_url": "https:\/\/qiita.com\/#%E4%BB%8A%E5%9B%9E%E3%81%AE%E3%82%B4%E3%83%BC%E3%83%AB",
                "thumb_width": 1200,
                "thumb_height": 630,
                "service_icon": "https:\/\/cdn.qiita.com\/assets\/favicons\/public\/apple-touch-icon-ec5ba42a24ae923f16825592efdc356f.png",
                "id": 3,
                "original_url": "https:\/\/qiita.com\/#%E4%BB%8A%E5%9B%9E%E3%81%AE%E3%82%B4%E3%83%BC%E3%83%AB"
            },
            {
                "service_name": "Qiita",
                "title": "プログラマの技術情報共有サービス - Qiita",
                "title_link": "https:\/\/qiita.com\/#%E3%83%87%E3%82%A3%E3%83%AC%E3%82%AF%E3%83%88%E3%83%AA%E6%A7%8B%E6%88%90",
                "text": "Qiitaは、プログラマのための技術情報共有サービスです。 プログラミングに関するTips、ノウハウ、メモを簡単に記録 &amp; 公開することができます。",
                "fallback": "Qiita: プログラマの技術情報共有サービス - Qiita",
                "thumb_url": "https:\/\/cdn.qiita.com\/assets\/qiita-fb-fe28c64039d925349e620ba55091e078.png",
                "from_url": "https:\/\/qiita.com\/#%E3%83%87%E3%82%A3%E3%83%AC%E3%82%AF%E3%83%88%E3%83%AA%E6%A7%8B%E6%88%90",
                "thumb_width": 1200,
                "thumb_height": 630,
                "service_icon": "https:\/\/cdn.qiita.com\/assets\/favicons\/public\/apple-touch-icon-ec5ba42a24ae923f16825592efdc356f.png",
                "id": 4,
                "original_url": "https:\/\/qiita.com\/#%E3%83%87%E3%82%A3%E3%83%AC%E3%82%AF%E3%83%88%E3%83%AA%E6%A7%8B%E6%88%90"
            }
        ],
        "edited": {
            "user": "BG3N7LG73",
            "ts": "1600046209.000000"
        }
    },
    {
        "type": "message",
        "subtype": "bot_message",
        "text": "<https:\/\/qiita.com\/aaaanwz\/items\/4b860a01def7be253697|terraform非対応リソースをlocal-execで管理する>\n<https:\/\/qiita.com\/#tldr>TL;DR\n\n表題通り、terraformに対応していないクラウドリソースを local-exec を用いてterraform化してみます。\n今回はBigQueryのユーザー定義関数(UDF)でやってみます。\n\n\n<https:\/\/qiita.com\/#%E5%AE%9F%E8%A3%85>実装\n\nさて早速。\n\n\n<http:\/\/main.tf|main.tf>\nvariable project{}\n\nresource \"null_resource\" \"bigquery-udf\" {",
        "ts": "1600051611.034500",
        "username": "Terraformタグが付けられた新着記事 - Qiita",
        "icons": {
            "image_36": "https:\/\/a.slack-edge.com\/80588\/img\/services\/rss_36.png",
            "image_48": "https:\/\/a.slack-edge.com\/80588\/img\/services\/rss_48.png",
            "image_72": "https:\/\/a.slack-edge.com\/80588\/img\/services\/rss_72.png"
        },
        "bot_id": "BG3N7LG73",
        "attachments": [
            {
                "service_name": "Qiita",
                "title": "terraform非対応リソースをlocal-execで管理する - Qiita",
                "title_link": "https:\/\/qiita.com\/aaaanwz\/items\/4b860a01def7be253697",
                "text": "TL;DR 表題通り、terraformに対応していないクラウドリソースを local-exec を用いてterraform化してみます。 今回はBigQueryのユーザー定義関数(UDF)でやってみます。 実装 さて早速...",
                "fallback": "Qiita: terraform非対応リソースをlocal-execで管理する - Qiita",
                "image_url": "https:\/\/qiita-user-contents.imgix.net\/https%3A%2F%2Fcdn.qiita.com%2Fassets%2Fpublic%2Farticle-ogp-background-1150d8b18a7c15795b701a55ae908f94.png?ixlib=rb-1.2.2&w=1200&mark=https%3A%2F%2Fqiita-user-contents.imgix.net%2F~text%3Fixlib%3Drb-1.2.2%26w%3D840%26h%3D380%26txt%3Dterraform%25E9%259D%259E%25E5%25AF%25BE%25E5%25BF%259C%25E3%2583%25AA%25E3%2582%25BD%25E3%2583%25BC%25E3%2582%25B9%25E3%2582%2592local-exec%25E3%2581%25A7%25E7%25AE%25A1%25E7%2590%2586%25E3%2581%2599%25E3%2582%258B%26txt-color%3D%2523333%26txt-font%3DHiragino%2520Sans%2520W6%26txt-size%3D54%26txt-clip%3Dellipsis%26txt-align%3Dcenter%252Cmiddle%26s%3D2f8f21229f4c0ee7388799ecc2abb294&mark-align=center%2Cmiddle&blend=https%3A%2F%2Fqiita-user-contents.imgix.net%2F~text%3Fixlib%3Drb-1.2.2%26w%3D840%26h%3D500%26txt%3D%2540aaaanwz%26txt-color%3D%2523333%26txt-font%3DHiragino%2520Sans%2520W6%26txt-size%3D45%26txt-align%3Dright%252Cbottom%26s%3D7716e34b69e78687a3dfa005bff489bc&blend-align=center%2Cmiddle&blend-mode=normal&s=31e42974dc0df9aaf5165d9c35ca1426",
                "from_url": "https:\/\/qiita.com\/aaaanwz\/items\/4b860a01def7be253697",
                "image_width": 476,
                "image_height": 250,
                "image_bytes": 49255,
                "service_icon": "https:\/\/cdn.qiita.com\/assets\/favicons\/public\/apple-touch-icon-ec5ba42a24ae923f16825592efdc356f.png",
                "id": 1,
                "original_url": "https:\/\/qiita.com\/aaaanwz\/items\/4b860a01def7be253697"
            },
            {
                "service_name": "Qiita",
                "title": "プログラマの技術情報共有サービス - Qiita",
                "title_link": "https:\/\/qiita.com\/#tldr",
                "text": "Qiitaは、プログラマのための技術情報共有サービスです。 プログラミングに関するTips、ノウハウ、メモを簡単に記録 &amp; 公開することができます。",
                "fallback": "Qiita: プログラマの技術情報共有サービス - Qiita",
                "thumb_url": "https:\/\/cdn.qiita.com\/assets\/qiita-fb-fe28c64039d925349e620ba55091e078.png",
                "from_url": "https:\/\/qiita.com\/#tldr",
                "thumb_width": 1200,
                "thumb_height": 630,
                "service_icon": "https:\/\/cdn.qiita.com\/assets\/favicons\/public\/apple-touch-icon-ec5ba42a24ae923f16825592efdc356f.png",
                "id": 2,
                "original_url": "https:\/\/qiita.com\/#tldr"
            },
            {
                "service_name": "Qiita",
                "title": "プログラマの技術情報共有サービス - Qiita",
                "title_link": "https:\/\/qiita.com\/#%E5%AE%9F%E8%A3%85",
                "text": "Qiitaは、プログラマのための技術情報共有サービスです。 プログラミングに関するTips、ノウハウ、メモを簡単に記録 &amp; 公開することができます。",
                "fallback": "Qiita: プログラマの技術情報共有サービス - Qiita",
                "thumb_url": "https:\/\/cdn.qiita.com\/assets\/qiita-fb-fe28c64039d925349e620ba55091e078.png",
                "from_url": "https:\/\/qiita.com\/#%E5%AE%9F%E8%A3%85",
                "thumb_width": 1200,
                "thumb_height": 630,
                "service_icon": "https:\/\/cdn.qiita.com\/assets\/favicons\/public\/apple-touch-icon-ec5ba42a24ae923f16825592efdc356f.png",
                "id": 3,
                "original_url": "https:\/\/qiita.com\/#%E5%AE%9F%E8%A3%85"
            }
        ],
        "edited": {
            "user": "BG3N7LG73",
            "ts": "1600051611.000000"
        }
    }
]