[
    {
        "type": "message",
        "subtype": "bot_message",
        "text": "<https:\/\/www.reddit.com\/r\/Terraform\/comments\/iybt6c\/vs_code_terraform_language_server_crash\/|VS Code Terraform Language Server crash.>\nI just realized that the Terraform-ls server is crashing all the time. First I was wondering, why doesn’t autocomplete and snippets work? Then I checked Github, there they wanted me to install terraform-ls via homebrew. Then I configured it in vs code, after the reload, I got the message that language server got 5 errors in the last 3 minutes, that’s why it won’t be restarted. Can someone please share his congratulation and what he installed with me?    submitted by   &lt;a...",
        "ts": "1600874810.000100",
        "username": "Terraform",
        "icons": {
            "image_48": "https:\/\/s3-us-west-2.amazonaws.com\/slack-files2\/bot_icons\/2019-02-12\/548785199618_48.png"
        },
        "bot_id": "BG3N7LG73",
        "attachments": [
            {
                "service_name": "reddit",
                "title": "VS Code Terraform Language Server crash.",
                "title_link": "https:\/\/www.reddit.com\/r\/Terraform\/comments\/iybt6c\/vs_code_terraform_language_server_crash\/",
                "text": "I just realized that the Terraform-ls server is crashing all the time. First I was wondering, why doesn’t autocomplete and snippets work? Then I...",
                "fallback": "reddit: VS Code Terraform Language Server crash.",
                "thumb_url": "https:\/\/www.redditstatic.com\/new-icon.png",
                "from_url": "https:\/\/www.reddit.com\/r\/Terraform\/comments\/iybt6c\/vs_code_terraform_language_server_crash\/",
                "thumb_width": 256,
                "thumb_height": 256,
                "service_icon": "http:\/\/www.redditstatic.com\/desktop2x\/img\/favicon\/apple-icon-57x57.png",
                "id": 1,
                "original_url": "https:\/\/www.reddit.com\/r\/Terraform\/comments\/iybt6c\/vs_code_terraform_language_server_crash\/"
            }
        ],
        "edited": {
            "user": "BG3N7LG73",
            "ts": "1600874810.000000"
        }
    },
    {
        "type": "message",
        "subtype": "bot_message",
        "text": "<https:\/\/www.reddit.com\/r\/Terraform\/comments\/iydnpq\/figuring_out_protocol_version\/|Figuring out Protocol Version>\nHey all, I’m own several private terraform providers and I’m trying to figure out how to detect which gRPC protocol version is being used for a given provider, but I am having some trouble finding in-depth information about it since Hashicorp abstracts it behind the SDK.  To be clear, I am planning on using the SDK, but still would like to figure out what protocol version a provider version\/binary is using. Hoping there is discrete command or some other clever way to get that information from...",
        "ts": "1600879610.000300",
        "username": "Terraform",
        "icons": {
            "image_48": "https:\/\/s3-us-west-2.amazonaws.com\/slack-files2\/bot_icons\/2019-02-12\/548785199618_48.png"
        },
        "bot_id": "BG3N7LG73",
        "attachments": [
            {
                "service_name": "reddit",
                "title": "Figuring out Protocol Version",
                "title_link": "https:\/\/www.reddit.com\/r\/Terraform\/comments\/iydnpq\/figuring_out_protocol_version\/",
                "text": "Hey all, I’m own several private terraform providers and I’m trying to figure out how to detect which gRPC protocol version is being used for a...",
                "fallback": "reddit: Figuring out Protocol Version",
                "thumb_url": "https:\/\/www.redditstatic.com\/new-icon.png",
                "from_url": "https:\/\/www.reddit.com\/r\/Terraform\/comments\/iydnpq\/figuring_out_protocol_version\/",
                "thumb_width": 256,
                "thumb_height": 256,
                "service_icon": "http:\/\/www.redditstatic.com\/desktop2x\/img\/favicon\/apple-icon-57x57.png",
                "id": 1,
                "original_url": "https:\/\/www.reddit.com\/r\/Terraform\/comments\/iydnpq\/figuring_out_protocol_version\/"
            }
        ],
        "edited": {
            "user": "BG3N7LG73",
            "ts": "1600879611.000000"
        }
    },
    {
        "type": "message",
        "subtype": "bot_message",
        "text": "<https:\/\/www.reddit.com\/r\/Terraform\/comments\/iyew88\/has_anyone_created_a_script_or_tool_to_migrate\/|Has anyone created a script or tool to migrate Terraform code from one cloud to another?>\nAWS, GCP, and Azure have nearly identical product offerings. I've often thought that a complicated find and replace of AWS to GCP product names could get someone 90% of the way towards converting infra from one cloud provider to the other. Has anyone seen or written such a script? (thought I'd ask before writing one myself.)\n e.g.\n resource \"aws_instance\"\n becomes\n resource \"google_compute_instance\"\n etc.    submitted by   <https:\/\/www.reddit.com\/user\/atta-boay| \/u\/atta-boay > \n&lt;a...",
        "ts": "1600883809.000500",
        "username": "Terraform",
        "icons": {
            "image_48": "https:\/\/s3-us-west-2.amazonaws.com\/slack-files2\/bot_icons\/2019-02-12\/548785199618_48.png"
        },
        "bot_id": "BG3N7LG73",
        "attachments": [
            {
                "service_name": "reddit",
                "title": "Has anyone created a script or tool to migrate Terraform code from one cloud to another?",
                "title_link": "https:\/\/www.reddit.com\/r\/Terraform\/comments\/iyew88\/has_anyone_created_a_script_or_tool_to_migrate\/",
                "text": "AWS, GCP, and Azure have nearly identical product offerings. I've often thought that a complicated find and replace of AWS to GCP product names...",
                "fallback": "reddit: Has anyone created a script or tool to migrate Terraform code from one cloud to another?",
                "thumb_url": "https:\/\/www.redditstatic.com\/new-icon.png",
                "from_url": "https:\/\/www.reddit.com\/r\/Terraform\/comments\/iyew88\/has_anyone_created_a_script_or_tool_to_migrate\/",
                "thumb_width": 256,
                "thumb_height": 256,
                "service_icon": "http:\/\/www.redditstatic.com\/desktop2x\/img\/favicon\/apple-icon-57x57.png",
                "id": 1,
                "original_url": "https:\/\/www.reddit.com\/r\/Terraform\/comments\/iyew88\/has_anyone_created_a_script_or_tool_to_migrate\/"
            },
            {
                "title": "overview for atta-boay",
                "title_link": "https:\/\/www.reddit.com\/user\/atta-boay",
                "text": "The u\/atta-boay community on Reddit. Reddit gives you the best of the internet in one place.",
                "fallback": "overview for atta-boay",
                "from_url": "https:\/\/www.reddit.com\/user\/atta-boay",
                "service_icon": "http:\/\/www.redditstatic.com\/desktop2x\/img\/favicon\/apple-icon-57x57.png",
                "service_name": "reddit.com",
                "id": 2,
                "original_url": "https:\/\/www.reddit.com\/user\/atta-boay"
            }
        ],
        "edited": {
            "user": "BG3N7LG73",
            "ts": "1600883809.000000"
        }
    },
    {
        "type": "message",
        "subtype": "bot_message",
        "text": "<https:\/\/www.reddit.com\/r\/Terraform\/comments\/iyhtp1\/i_just_had_fun_debugging_vs_code_today\/|I just had fun debugging vs code today>\nToday I learned the <https:\/\/marketplace.visualstudio.com\/items?itemName=wholroyd.HCL|HCL Package for vs code>, is reason why the <https:\/\/marketplace.visualstudio.com\/items?itemName=run-at-scale.terraform-doc-snippets|Terraform doc snippets package> isn't working. Reason vs code will interpret the .tf, .tfvars interpret as hcl code, while Terraform doc snippet expect the code to be terraform.    submitted by   &lt;a href=\"https:\/\/www.reddit.com\/user\/i0ka0rus\"&gt;...",
        "ts": "1600891607.000700",
        "username": "Terraform",
        "icons": {
            "image_48": "https:\/\/s3-us-west-2.amazonaws.com\/slack-files2\/bot_icons\/2019-02-12\/548785199618_48.png"
        },
        "bot_id": "BG3N7LG73",
        "attachments": [
            {
                "service_name": "reddit",
                "title": "I just had fun debugging vs code today",
                "title_link": "https:\/\/www.reddit.com\/r\/Terraform\/comments\/iyhtp1\/i_just_had_fun_debugging_vs_code_today\/",
                "text": "Today I learned the [HCL Package for vs code](<https:\/\/marketplace.visualstudio.com\/items?itemName=wholroyd.HCL>), is reason why the [Terraform doc...",
                "fallback": "reddit: I just had fun debugging vs code today",
                "thumb_url": "https:\/\/www.redditstatic.com\/new-icon.png",
                "from_url": "https:\/\/www.reddit.com\/r\/Terraform\/comments\/iyhtp1\/i_just_had_fun_debugging_vs_code_today\/",
                "thumb_width": 256,
                "thumb_height": 256,
                "service_icon": "http:\/\/www.redditstatic.com\/desktop2x\/img\/favicon\/apple-icon-57x57.png",
                "id": 1,
                "original_url": "https:\/\/www.reddit.com\/r\/Terraform\/comments\/iyhtp1\/i_just_had_fun_debugging_vs_code_today\/"
            },
            {
                "title": "HCL - Visual Studio Marketplace",
                "title_link": "https:\/\/marketplace.visualstudio.com\/items?itemName=wholroyd.HCL",
                "text": "Extension for Visual Studio Code - HashiCorp Configuration Language support for Visual Studio Code",
                "fallback": "HCL - Visual Studio Marketplace",
                "thumb_url": "https:\/\/wholroyd.gallerycdn.vsassets.io\/extensions\/wholroyd\/hcl\/0.0.5\/1474455619571\/Microsoft.VisualStudio.Services.Icons.Default",
                "from_url": "https:\/\/marketplace.visualstudio.com\/items?itemName=wholroyd.HCL",
                "thumb_width": 300,
                "thumb_height": 311,
                "service_icon": "https:\/\/marketplace.visualstudio.com\/favicon.ico",
                "service_name": "marketplace.visualstudio.com",
                "id": 2,
                "original_url": "https:\/\/marketplace.visualstudio.com\/items?itemName=wholroyd.HCL"
            },
            {
                "title": "Terraform doc snippets - Visual Studio Marketplace",
                "title_link": "https:\/\/marketplace.visualstudio.com\/items?itemName=run-at-scale.terraform-doc-snippets",
                "text": "Extension for Visual Studio Code - Terraform code snippets (&gt;3400) straight from documentation for all provider resources and data sources. All providers in the terraform-providers org covered.",
                "fallback": "Terraform doc snippets - Visual Studio Marketplace",
                "thumb_url": "https:\/\/run-at-scale.gallerycdn.vsassets.io\/extensions\/run-at-scale\/terraform-doc-snippets\/0.4.0\/1553795721054\/Microsoft.VisualStudio.Services.Icons.Default",
                "from_url": "https:\/\/marketplace.visualstudio.com\/items?itemName=run-at-scale.terraform-doc-snippets",
                "thumb_width": 128,
                "thumb_height": 128,
                "service_icon": "https:\/\/marketplace.visualstudio.com\/favicon.ico",
                "service_name": "marketplace.visualstudio.com",
                "id": 3,
                "original_url": "https:\/\/marketplace.visualstudio.com\/items?itemName=run-at-scale.terraform-doc-snippets"
            }
        ],
        "edited": {
            "user": "BG3N7LG73",
            "ts": "1600891607.000000"
        }
    },
    {
        "type": "message",
        "subtype": "bot_message",
        "text": "<https:\/\/www.reddit.com\/r\/Terraform\/comments\/iyi4n8\/accessing_remote_state_output_in_python\/|Accessing remote state output in python?>\nDoes anyone know of a good way to access outputs from my tf states through python code? Can't seem to really find a good way to do this    submitted by   <https:\/\/www.reddit.com\/user\/flareblitz13| \/u\/flareblitz13 > \n<https:\/\/www.reddit.com\/r\/Terraform\/comments\/iyi4n8\/accessing_remote_state_output_in_python\/|[link]>   <https:\/\/www.reddit.com\/r\/Terraform\/comments\/iyi4n8\/accessing_remote_state_output_in_python\/|[comments]>",
        "ts": "1600892807.000900",
        "username": "Terraform",
        "icons": {
            "image_48": "https:\/\/s3-us-west-2.amazonaws.com\/slack-files2\/bot_icons\/2019-02-12\/548785199618_48.png"
        },
        "bot_id": "BG3N7LG73",
        "attachments": [
            {
                "service_name": "reddit",
                "title": "Accessing remote state output in python?",
                "title_link": "https:\/\/www.reddit.com\/r\/Terraform\/comments\/iyi4n8\/accessing_remote_state_output_in_python\/",
                "text": "Does anyone know of a good way to access outputs from my tf states through python code? Can't seem to really find a good way to do this",
                "fallback": "reddit: Accessing remote state output in python?",
                "thumb_url": "https:\/\/www.redditstatic.com\/new-icon.png",
                "from_url": "https:\/\/www.reddit.com\/r\/Terraform\/comments\/iyi4n8\/accessing_remote_state_output_in_python\/",
                "thumb_width": 256,
                "thumb_height": 256,
                "service_icon": "http:\/\/www.redditstatic.com\/desktop2x\/img\/favicon\/apple-icon-57x57.png",
                "id": 1,
                "original_url": "https:\/\/www.reddit.com\/r\/Terraform\/comments\/iyi4n8\/accessing_remote_state_output_in_python\/"
            },
            {
                "title": "overview for flareblitz13",
                "title_link": "https:\/\/www.reddit.com\/user\/flareblitz13",
                "text": "The u\/flareblitz13 community on Reddit. Reddit gives you the best of the internet in one place.",
                "fallback": "overview for flareblitz13",
                "from_url": "https:\/\/www.reddit.com\/user\/flareblitz13",
                "service_icon": "http:\/\/www.redditstatic.com\/desktop2x\/img\/favicon\/apple-icon-57x57.png",
                "service_name": "reddit.com",
                "id": 2,
                "original_url": "https:\/\/www.reddit.com\/user\/flareblitz13"
            }
        ],
        "edited": {
            "user": "BG3N7LG73",
            "ts": "1600892807.000000"
        }
    },
    {
        "type": "message",
        "subtype": "bot_message",
        "text": "<https:\/\/www.reddit.com\/r\/Terraform\/comments\/iyif8m\/help_with_random_password_keepers_im_loosing_the\/|Help with random_password keepers. I'm loosing the battle!>\nAs a new user of Terraform, I'm struggling to understand how to use keepers with the random_password provider. Everything works with a single password, but when I try to do different passwords for each server, I have an issue. I could maybe look past this, but because the password is regenerated on each subsequent run, the generated password no longer matches the actual which is in the machine nor stored in my KV. Below is an excerpt of the script that is relevant to the question. I feel like...",
        "ts": "1600893410.001100",
        "username": "Terraform",
        "icons": {
            "image_48": "https:\/\/s3-us-west-2.amazonaws.com\/slack-files2\/bot_icons\/2019-02-12\/548785199618_48.png"
        },
        "bot_id": "BG3N7LG73",
        "attachments": [
            {
                "service_name": "reddit",
                "title": "Help with random_password keepers. I'm loosing the battle!",
                "title_link": "https:\/\/www.reddit.com\/r\/Terraform\/comments\/iyif8m\/help_with_random_password_keepers_im_loosing_the\/",
                "text": "As a new user of Terraform, I'm struggling to understand how to use keepers with the random_password provider. Everything works with a single...",
                "fallback": "reddit: Help with random_password keepers. I'm loosing the battle!",
                "thumb_url": "https:\/\/www.redditstatic.com\/new-icon.png",
                "from_url": "https:\/\/www.reddit.com\/r\/Terraform\/comments\/iyif8m\/help_with_random_password_keepers_im_loosing_the\/",
                "thumb_width": 256,
                "thumb_height": 256,
                "service_icon": "http:\/\/www.redditstatic.com\/desktop2x\/img\/favicon\/apple-icon-57x57.png",
                "id": 1,
                "original_url": "https:\/\/www.reddit.com\/r\/Terraform\/comments\/iyif8m\/help_with_random_password_keepers_im_loosing_the\/"
            }
        ],
        "edited": {
            "user": "BG3N7LG73",
            "ts": "1600893411.000000"
        }
    },
    {
        "type": "message",
        "subtype": "bot_message",
        "text": "<https:\/\/www.reddit.com\/r\/Terraform\/comments\/iykbkn\/installing_grafana_via_rancher2_app_in_aws\/|Installing Grafana via rancher2_app in AWS>\nTrying to install Grafana via rancher2_app resource into EKS getting stuck on the answers so I can configure ingress. Their documentation shows this same but when I try this terraform complains with various errors: I tried taking out the square brackets and then Rancher has a fit saying it can't parse the yaml.   answers = { \"ingress.hosts\" = [ \"<http:\/\/grafana.foo.com|grafana.foo.com>\" ] \"ingress.extraPaths\" = [ \"<http:\/\/kubernetes.io\/ingress.class|kubernetes.io\/ingress.class>: alb\" ]     submitted by   &lt;a href=\"https:\/\/www.reddit.com\/user\/macjunkie\"&gt;...",
        "ts": "1600899410.001300",
        "username": "Terraform",
        "icons": {
            "image_48": "https:\/\/s3-us-west-2.amazonaws.com\/slack-files2\/bot_icons\/2019-02-12\/548785199618_48.png"
        },
        "bot_id": "BG3N7LG73",
        "attachments": [
            {
                "service_name": "reddit",
                "title": "Installing Grafana via rancher2_app in AWS",
                "title_link": "https:\/\/www.reddit.com\/r\/Terraform\/comments\/iykbkn\/installing_grafana_via_rancher2_app_in_aws\/",
                "text": "Trying to install Grafana via rancher2\\_app resource into EKS getting stuck on the answers so I can configure ingress. Their documentation shows...",
                "fallback": "reddit: Installing Grafana via rancher2_app in AWS",
                "thumb_url": "https:\/\/www.redditstatic.com\/new-icon.png",
                "from_url": "https:\/\/www.reddit.com\/r\/Terraform\/comments\/iykbkn\/installing_grafana_via_rancher2_app_in_aws\/",
                "thumb_width": 256,
                "thumb_height": 256,
                "service_icon": "http:\/\/www.redditstatic.com\/desktop2x\/img\/favicon\/apple-icon-57x57.png",
                "id": 1,
                "original_url": "https:\/\/www.reddit.com\/r\/Terraform\/comments\/iykbkn\/installing_grafana_via_rancher2_app_in_aws\/"
            }
        ],
        "edited": {
            "user": "BG3N7LG73",
            "ts": "1600899411.000000"
        }
    },
    {
        "type": "message",
        "subtype": "bot_message",
        "text": "<https:\/\/www.reddit.com\/r\/Terraform\/comments\/iylaal\/nested_loops_with_for_each\/|Nested Loops With for_each>\nTerraform 0.13.3. I am writing some TF to deploy a mess of target groups in AWS. I've created the target groups using for_each in the aws_lb_target_group. I have several web servers that I want to loop through for each target group. Unfortunately, aws_lb_target_group_attachment takes only one instance id as one of it's arguments, ie you can't give it a list. I've been trying to figure out a way to loop through the attachment and for each site, also loop through all ec2 instance ids. Here is...",
        "ts": "1600902409.001500",
        "username": "Terraform",
        "icons": {
            "image_48": "https:\/\/s3-us-west-2.amazonaws.com\/slack-files2\/bot_icons\/2019-02-12\/548785199618_48.png"
        },
        "bot_id": "BG3N7LG73",
        "attachments": [
            {
                "service_name": "reddit",
                "title": "Nested Loops With for_each",
                "title_link": "https:\/\/www.reddit.com\/r\/Terraform\/comments\/iylaal\/nested_loops_with_for_each\/",
                "text": "Terraform 0.13.3. I am writing some TF to deploy a mess of target groups in AWS. I've created the target groups using `for_each` in the...",
                "fallback": "reddit: Nested Loops With for_each",
                "thumb_url": "https:\/\/www.redditstatic.com\/new-icon.png",
                "from_url": "https:\/\/www.reddit.com\/r\/Terraform\/comments\/iylaal\/nested_loops_with_for_each\/",
                "thumb_width": 256,
                "thumb_height": 256,
                "service_icon": "http:\/\/www.redditstatic.com\/desktop2x\/img\/favicon\/apple-icon-57x57.png",
                "id": 1,
                "original_url": "https:\/\/www.reddit.com\/r\/Terraform\/comments\/iylaal\/nested_loops_with_for_each\/"
            }
        ],
        "edited": {
            "user": "BG3N7LG73",
            "ts": "1600902409.000000"
        }
    },
    {
        "type": "message",
        "subtype": "bot_message",
        "text": "<https:\/\/www.reddit.com\/r\/Terraform\/comments\/iyp4iu\/microservices\/|Microservices>\nDo you keep your terraform and microservice code in the same repo? Eg: nodejs code + AWS ALB \/ Lambda  Eg2: Dockerfile, go code + AWS ECS\/ECR definitions  Eg3: nginx + Python code, and AWS Autoscaling group definition ?  Or do you have a separate infrastructure repo (for one or many microservices?) which contains the TF code, and separate the services \/ program code...    submitted by   <https:\/\/www.reddit.com\/user\/maerf0x0| \/u\/maerf0x0 > \n&lt;a...",
        "ts": "1600917406.001700",
        "username": "Terraform",
        "icons": {
            "image_48": "https:\/\/s3-us-west-2.amazonaws.com\/slack-files2\/bot_icons\/2019-02-12\/548785199618_48.png"
        },
        "bot_id": "BG3N7LG73",
        "attachments": [
            {
                "service_name": "reddit",
                "title": "Microservices",
                "title_link": "https:\/\/www.reddit.com\/r\/Terraform\/comments\/iyp4iu\/microservices\/",
                "text": "Do you keep your terraform and microservice code in the same repo? Eg: nodejs code + AWS ALB \/ Lambda Eg2: Dockerfile, go code + AWS ECS\/ECR...",
                "fallback": "reddit: Microservices",
                "thumb_url": "https:\/\/www.redditstatic.com\/new-icon.png",
                "from_url": "https:\/\/www.reddit.com\/r\/Terraform\/comments\/iyp4iu\/microservices\/",
                "thumb_width": 256,
                "thumb_height": 256,
                "service_icon": "http:\/\/www.redditstatic.com\/desktop2x\/img\/favicon\/apple-icon-57x57.png",
                "id": 1,
                "original_url": "https:\/\/www.reddit.com\/r\/Terraform\/comments\/iyp4iu\/microservices\/"
            },
            {
                "title": "overview for maerf0x0",
                "title_link": "https:\/\/www.reddit.com\/user\/maerf0x0",
                "text": "The u\/maerf0x0 community on Reddit. Reddit gives you the best of the internet in one place.",
                "fallback": "overview for maerf0x0",
                "from_url": "https:\/\/www.reddit.com\/user\/maerf0x0",
                "service_icon": "http:\/\/www.redditstatic.com\/desktop2x\/img\/favicon\/apple-icon-57x57.png",
                "service_name": "reddit.com",
                "id": 2,
                "original_url": "https:\/\/www.reddit.com\/user\/maerf0x0"
            }
        ],
        "edited": {
            "user": "BG3N7LG73",
            "ts": "1600917407.000000"
        }
    },
    {
        "type": "message",
        "subtype": "bot_message",
        "text": "<https:\/\/www.google.com\/url?rct=j&amp;sa=t&amp;url=http:\/\/pressrelease-zero.jp\/archives\/160228&amp;ct=ga&amp;cd=CAIyHDMwMTY1OGE1ZDI5NDAyNzE6Y28uanA6amE6SlA&amp;usg=AFQjCNGtPlqsASUMmNi-mTRAio4Gt6hbTg|ネットワールド、HashiCorpのインフラ構成ツールの最新SaaS版「&lt;b&gt;Terraform&lt;\/b&gt; Cloud Business」の ...>\nマルチクラウド環境で利用可能なプロビジョニングツールとして著名なHashiCorp社のTerraform 製品は、ユーザーがオンプレミスやプライベート ...",
        "ts": "1600919025.001900",
        "username": "Google アラート - terraform",
        "icons": {
            "image_36": "https:\/\/a.slack-edge.com\/80588\/img\/services\/rss_36.png",
            "image_48": "https:\/\/a.slack-edge.com\/80588\/img\/services\/rss_48.png",
            "image_72": "https:\/\/a.slack-edge.com\/80588\/img\/services\/rss_72.png"
        },
        "bot_id": "BG3N7LG73"
    },
    {
        "type": "message",
        "subtype": "bot_message",
        "text": "<https:\/\/www.google.com\/url?rct=j&amp;sa=t&amp;url=http:\/\/news1st.jp\/archives\/6108&amp;ct=ga&amp;cd=CAIyHDMwMTY1OGE1ZDI5NDAyNzE6Y28uanA6amE6SlA&amp;usg=AFQjCNFXuwWvROHuxj3IdHtUeOtkpaEEBA|HashiCorpのインフラ構成ツールの最新SaaS版「&lt;b&gt;Terraform&lt;\/b&gt; Cloud Business」の販売を開始>\n「Terraform Cloud Business」についてマルチクラウド環境で利用可能なプロビジョニングツールとして著名なHashiCorp社のTerraform 製品は、 ...",
        "ts": "1600919025.002000",
        "username": "Google アラート - terraform",
        "icons": {
            "image_36": "https:\/\/a.slack-edge.com\/80588\/img\/services\/rss_36.png",
            "image_48": "https:\/\/a.slack-edge.com\/80588\/img\/services\/rss_48.png",
            "image_72": "https:\/\/a.slack-edge.com\/80588\/img\/services\/rss_72.png"
        },
        "bot_id": "BG3N7LG73"
    },
    {
        "type": "message",
        "subtype": "bot_message",
        "text": "<https:\/\/www.reddit.com\/r\/Terraform\/comments\/iyr84p\/hasslefree_frontends_in_aws_with_terraform_013\/|Hassle-free frontends in AWS with Terraform 0.13 and GitHub Actions>\nsubmitted by   <https:\/\/www.reddit.com\/user\/bencmbrook| \/u\/bencmbrook > \n<https:\/\/transcend.io\/blog\/hassle-free-frontends-in-aws|[link]>   <https:\/\/www.reddit.com\/r\/Terraform\/comments\/iyr84p\/hasslefree_frontends_in_aws_with_terraform_013\/|[comments]>",
        "ts": "1600925804.000100",
        "username": "Terraform",
        "icons": {
            "image_48": "https:\/\/s3-us-west-2.amazonaws.com\/slack-files2\/bot_icons\/2019-02-12\/548785199618_48.png"
        },
        "bot_id": "BG3N7LG73",
        "attachments": [
            {
                "service_name": "reddit",
                "title": "Hassle-free frontends in AWS with Terraform 0.13 and GitHub Actions",
                "title_link": "https:\/\/www.reddit.com\/r\/Terraform\/comments\/iyr84p\/hasslefree_frontends_in_aws_with_terraform_013\/",
                "text": "Posted in r\/Terraform by u\/bencmbrook • 1 point and 0 comments",
                "fallback": "reddit: Hassle-free frontends in AWS with Terraform 0.13 and GitHub Actions",
                "thumb_url": "https:\/\/b.thumbs.redditmedia.com\/a_A382cVEKSfLxYA2LjGWZPFQBv-R2zPozt_gnw-0eI.jpg",
                "from_url": "https:\/\/www.reddit.com\/r\/Terraform\/comments\/iyr84p\/hasslefree_frontends_in_aws_with_terraform_013\/",
                "thumb_width": 140,
                "thumb_height": 55,
                "service_icon": "http:\/\/www.redditstatic.com\/desktop2x\/img\/favicon\/apple-icon-57x57.png",
                "id": 1,
                "original_url": "https:\/\/www.reddit.com\/r\/Terraform\/comments\/iyr84p\/hasslefree_frontends_in_aws_with_terraform_013\/"
            },
            {
                "title": "overview for bencmbrook",
                "title_link": "https:\/\/www.reddit.com\/user\/bencmbrook",
                "text": "The u\/bencmbrook community on Reddit. Reddit gives you the best of the internet in one place.",
                "fallback": "overview for bencmbrook",
                "from_url": "https:\/\/www.reddit.com\/user\/bencmbrook",
                "service_icon": "http:\/\/www.redditstatic.com\/desktop2x\/img\/favicon\/apple-icon-57x57.png",
                "service_name": "reddit.com",
                "id": 2,
                "original_url": "https:\/\/www.reddit.com\/user\/bencmbrook"
            },
            {
                "title": "Hassle-free frontends in AWS with Terraform 0.13 and GitHub Actions",
                "title_link": "https:\/\/transcend.io\/blog\/hassle-free-frontends-in-aws",
                "text": "At Transcend, we create our frontends using cutting-edge open-source Terraform modules. In this post, learn how to create production-ready frontends with continuous delivery in minutes.",
                "fallback": "Hassle-free frontends in AWS with Terraform 0.13 and GitHub Actions",
                "image_url": "https:\/\/images.ctfassets.net\/zp9m00phuodm\/674AKbm9FnPWGRaMu6BPjM\/fc72ac1bff1928e40bd4230ea8c96f10\/Hasslefree_Frontend_Header_Unsplash_AndreasGucklhorn_compressed.jpg?w=1200&q=100",
                "fields": [
                    {
                        "title": "Reading time",
                        "value": "6 min read",
                        "short": true
                    }
                ],
                "ts": 1600758000,
                "from_url": "https:\/\/transcend.io\/blog\/hassle-free-frontends-in-aws",
                "image_width": 630,
                "image_height": 250,
                "image_bytes": 552632,
                "service_icon": "https:\/\/transcend.io\/icons\/icon-48x48.png?v=8708590ada2c47c27944259f104e9410",
                "service_name": "transcend.io",
                "id": 3,
                "original_url": "https:\/\/transcend.io\/blog\/hassle-free-frontends-in-aws"
            }
        ],
        "edited": {
            "user": "BG3N7LG73",
            "ts": "1600925804.000000"
        }
    }
]