[
    {
        "type": "message",
        "subtype": "bot_message",
        "text": "<https:\/\/www.reddit.com\/r\/Terraform\/comments\/it46n5\/learning_terraform_and_aws_iam_can_somebody_give\/|Learning Terraform and AWS IAM - Can somebody give me a hand? At 6:16: Unknown token: 6:16 IDENT aws_iam_group.TestDevTF>\nI tried copy-pasting instructions from the Terraform website and making adjustments, but I seem to be failing!  $ cat <http:\/\/groups.tf|groups.tf> resource \"aws_iam_group\" \"TestDevTF\" { name = \"TestDevTF\" } resource \"aws_iam_group_policy_attachment\" \"TestGroupAdd\" { group = aws_iam_group.TestDevTF policy_arn = aws_iam_policy.TestDevTF } resource \"aws_iam_group_policy\" \"TestDevTF\" { name = \"TestDevTF\" path = \"\/\" description = \"My test policy\" policy =    submitted by",
        "ts": "1600156004.035700",
        "username": "Terraform",
        "icons": {
            "image_48": "https:\/\/s3-us-west-2.amazonaws.com\/slack-files2\/bot_icons\/2019-02-12\/548785199618_48.png"
        },
        "bot_id": "BG3N7LG73",
        "attachments": [
            {
                "service_name": "reddit",
                "title": "Learning Terraform and AWS IAM - Can somebody give me a hand? At 6:16: Unknown token: 6:16 IDENT aws_iam_group.TestDevTF",
                "title_link": "https:\/\/www.reddit.com\/r\/Terraform\/comments\/it46n5\/learning_terraform_and_aws_iam_can_somebody_give\/",
                "text": "I tried copy-pasting instructions from the Terraform website and making adjustments, but I seem to be failing! $ cat <http:\/\/groups.tf|groups.tf> resource...",
                "fallback": "reddit: Learning Terraform and AWS IAM - Can somebody give me a hand? At 6:16: Unknown token: 6:16 IDENT aws_iam_group.TestDevTF",
                "thumb_url": "https:\/\/www.redditstatic.com\/new-icon.png",
                "from_url": "https:\/\/www.reddit.com\/r\/Terraform\/comments\/it46n5\/learning_terraform_and_aws_iam_can_somebody_give\/",
                "thumb_width": 256,
                "thumb_height": 256,
                "service_icon": "http:\/\/www.redditstatic.com\/desktop2x\/img\/favicon\/apple-icon-57x57.png",
                "id": 1,
                "original_url": "https:\/\/www.reddit.com\/r\/Terraform\/comments\/it46n5\/learning_terraform_and_aws_iam_can_somebody_give\/"
            }
        ],
        "edited": {
            "user": "BG3N7LG73",
            "ts": "1600156005.000000"
        }
    },
    {
        "type": "message",
        "subtype": "bot_message",
        "text": "<https:\/\/www.reddit.com\/r\/Terraform\/comments\/it5k9c\/run_provisioner_during_planning\/|Run provisioner during planning>\nHi guys, I'm using Jovo which has a deploy command that builds a zip containing the source code. I want to upload the zip using aws_s3_bucket_object in order to be referenced inside the aws_lambda_function, but I'm not able to run a local-exec provisioner inside a null_resource before calculating the etag of the S3 object. How can I create a dependency between these resources during plan phase? I tried depends_on, but I think it works only when I run apply.    submitted by   &lt;a...",
        "ts": "1600163805.035900",
        "username": "Terraform",
        "icons": {
            "image_48": "https:\/\/s3-us-west-2.amazonaws.com\/slack-files2\/bot_icons\/2019-02-12\/548785199618_48.png"
        },
        "bot_id": "BG3N7LG73",
        "attachments": [
            {
                "service_name": "reddit",
                "title": "Run provisioner during planning",
                "title_link": "https:\/\/www.reddit.com\/r\/Terraform\/comments\/it5k9c\/run_provisioner_during_planning\/",
                "text": "Hi guys, I'm using Jovo which has a deploy command that builds a zip containing the source code. I want to upload the zip using...",
                "fallback": "reddit: Run provisioner during planning",
                "thumb_url": "https:\/\/www.redditstatic.com\/new-icon.png",
                "from_url": "https:\/\/www.reddit.com\/r\/Terraform\/comments\/it5k9c\/run_provisioner_during_planning\/",
                "thumb_width": 256,
                "thumb_height": 256,
                "service_icon": "http:\/\/www.redditstatic.com\/desktop2x\/img\/favicon\/apple-icon-57x57.png",
                "id": 1,
                "original_url": "https:\/\/www.reddit.com\/r\/Terraform\/comments\/it5k9c\/run_provisioner_during_planning\/"
            }
        ],
        "edited": {
            "user": "BG3N7LG73",
            "ts": "1600163805.000000"
        }
    },
    {
        "type": "message",
        "subtype": "bot_message",
        "text": "<https:\/\/www.reddit.com\/r\/Terraform\/comments\/it8r3e\/can_you_put_vars_in_a_json_or_do_i_need\/|Can you put vars in a json or do I need templatefile?>\nSo I have my <https:\/\/main.tf\/|main.tf> the below code which references a json doc.  resource \"aws_iam_role\" \"default_roles\" { count = length(var.role_names) name = var.role_names[count.index] max_session_duration = 43200 description = \"Default roles for AWS \" assume_role_policy = file(\"..\/files\/somejson.json\") }  Inside that json doc I placed a TF variable (below) . Will terraform evaluate the json vars or is that the purpose of the \"templatefile\" function? \"Federated\":...",
        "ts": "1600177006.036100",
        "username": "Terraform",
        "icons": {
            "image_48": "https:\/\/s3-us-west-2.amazonaws.com\/slack-files2\/bot_icons\/2019-02-12\/548785199618_48.png"
        },
        "bot_id": "BG3N7LG73",
        "attachments": [
            {
                "service_name": "reddit",
                "title": "Can you put vars in a json or do I need templatefile?",
                "title_link": "https:\/\/www.reddit.com\/r\/Terraform\/comments\/it8r3e\/can_you_put_vars_in_a_json_or_do_i_need\/",
                "text": "So I have my [<http:\/\/main.tf|main.tf>](<https:\/\/main.tf>) the below code which references a json doc. resource \"aws_iam_role\" \"default_roles\" { count =...",
                "fallback": "reddit: Can you put vars in a json or do I need templatefile?",
                "thumb_url": "https:\/\/www.redditstatic.com\/new-icon.png",
                "from_url": "https:\/\/www.reddit.com\/r\/Terraform\/comments\/it8r3e\/can_you_put_vars_in_a_json_or_do_i_need\/",
                "thumb_width": 256,
                "thumb_height": 256,
                "service_icon": "http:\/\/www.redditstatic.com\/desktop2x\/img\/favicon\/apple-icon-57x57.png",
                "id": 1,
                "original_url": "https:\/\/www.reddit.com\/r\/Terraform\/comments\/it8r3e\/can_you_put_vars_in_a_json_or_do_i_need\/"
            }
        ],
        "edited": {
            "user": "BG3N7LG73",
            "ts": "1600177007.000000"
        }
    },
    {
        "type": "message",
        "subtype": "bot_message",
        "text": "<https:\/\/www.reddit.com\/r\/Terraform\/comments\/it97e4\/how_to_manage_existing_azure_resource_groups\/|How to manage existing Azure Resource Groups using Terraform>\nsubmitted by   <https:\/\/www.reddit.com\/user\/Wireless_Life| \/u\/Wireless_Life > \n<https:\/\/techcommunity.microsoft.com\/t5\/itops-talk-blog\/how-to-manage-existing-azure-resource-groups-using-terraform\/ba-p\/1648135?WT.mc_id=modinfra-8922-abartolo|[link]>   <https:\/\/www.reddit.com\/r\/Terraform\/comments\/it97e4\/how_to_manage_existing_azure_resource_groups\/|[comments]>",
        "ts": "1600178807.036300",
        "username": "Terraform",
        "icons": {
            "image_48": "https:\/\/s3-us-west-2.amazonaws.com\/slack-files2\/bot_icons\/2019-02-12\/548785199618_48.png"
        },
        "bot_id": "BG3N7LG73",
        "attachments": [
            {
                "service_name": "reddit",
                "title": "How to manage existing Azure Resource Groups using Terraform",
                "title_link": "https:\/\/www.reddit.com\/r\/Terraform\/comments\/it97e4\/how_to_manage_existing_azure_resource_groups\/",
                "text": "Posted in r\/Terraform by u\/Wireless_Life • 1 point and 1 comment",
                "fallback": "reddit: How to manage existing Azure Resource Groups using Terraform",
                "thumb_url": "https:\/\/b.thumbs.redditmedia.com\/Y7EvKtuotkGwk7jz5FMdxF9jdwEkLA3GG5s69lupYnU.jpg",
                "from_url": "https:\/\/www.reddit.com\/r\/Terraform\/comments\/it97e4\/how_to_manage_existing_azure_resource_groups\/",
                "thumb_width": 140,
                "thumb_height": 8,
                "service_icon": "http:\/\/www.redditstatic.com\/desktop2x\/img\/favicon\/apple-icon-57x57.png",
                "id": 1,
                "original_url": "https:\/\/www.reddit.com\/r\/Terraform\/comments\/it97e4\/how_to_manage_existing_azure_resource_groups\/"
            },
            {
                "title": "overview for Wireless_Life",
                "title_link": "https:\/\/www.reddit.com\/user\/Wireless_Life",
                "text": "Microsoft Sr. Cloud Advocate. Connecting people, places &amp; things for the enablement of everyone. <https:\/\/www.itopstalk.com>.",
                "fallback": "overview for Wireless_Life",
                "from_url": "https:\/\/www.reddit.com\/user\/Wireless_Life",
                "service_icon": "http:\/\/www.redditstatic.com\/desktop2x\/img\/favicon\/apple-icon-57x57.png",
                "service_name": "reddit.com",
                "id": 2,
                "original_url": "https:\/\/www.reddit.com\/user\/Wireless_Life"
            }
        ],
        "edited": {
            "user": "BG3N7LG73",
            "ts": "1600178808.000000"
        }
    },
    {
        "type": "message",
        "subtype": "bot_message",
        "text": "<https:\/\/www.reddit.com\/r\/Terraform\/comments\/itehk2\/terragruntterraform_iaac\/|Terragrunt+Terraform IaaC>\nHi everyone, I am new to DevOps. I am working on Infrastructure as a Code via Terraform+Terragrunt. So, Terragrunt along with Terraform seems to be a great tool to build the entire infra as code, but I am looking for an enterprise-level code, which I can use as a reference for learning. I would be glad if anyone could help. Thanks in advance!    submitted by   <https:\/\/www.reddit.com\/user\/madhuragr| \/u\/madhuragr > \n&lt;a...",
        "ts": "1600195011.036500",
        "username": "Terraform",
        "icons": {
            "image_48": "https:\/\/s3-us-west-2.amazonaws.com\/slack-files2\/bot_icons\/2019-02-12\/548785199618_48.png"
        },
        "bot_id": "BG3N7LG73",
        "attachments": [
            {
                "service_name": "reddit",
                "title": "Terragrunt+Terraform IaaC",
                "title_link": "https:\/\/www.reddit.com\/r\/Terraform\/comments\/itehk2\/terragruntterraform_iaac\/",
                "text": "Hi everyone, I am new to DevOps. I am working on Infrastructure as a Code via Terraform+Terragrunt. So, Terragrunt along with Terraform seems to...",
                "fallback": "reddit: Terragrunt+Terraform IaaC",
                "thumb_url": "https:\/\/www.redditstatic.com\/new-icon.png",
                "from_url": "https:\/\/www.reddit.com\/r\/Terraform\/comments\/itehk2\/terragruntterraform_iaac\/",
                "thumb_width": 256,
                "thumb_height": 256,
                "service_icon": "http:\/\/www.redditstatic.com\/desktop2x\/img\/favicon\/apple-icon-57x57.png",
                "id": 1,
                "original_url": "https:\/\/www.reddit.com\/r\/Terraform\/comments\/itehk2\/terragruntterraform_iaac\/"
            },
            {
                "title": "overview for madhuragr",
                "title_link": "https:\/\/www.reddit.com\/user\/madhuragr",
                "text": "The u\/madhuragr community on Reddit. Reddit gives you the best of the internet in one place.",
                "fallback": "overview for madhuragr",
                "from_url": "https:\/\/www.reddit.com\/user\/madhuragr",
                "service_icon": "http:\/\/www.redditstatic.com\/desktop2x\/img\/favicon\/apple-icon-57x57.png",
                "service_name": "reddit.com",
                "id": 2,
                "original_url": "https:\/\/www.reddit.com\/user\/madhuragr"
            }
        ],
        "edited": {
            "user": "BG3N7LG73",
            "ts": "1600195011.000000"
        }
    },
    {
        "type": "message",
        "subtype": "bot_message",
        "text": "<https:\/\/www.reddit.com\/r\/Terraform\/comments\/itfjus\/v013_failed_to_instantiate_provider_xxxx_to\/|v0.13 - \"Failed to instantiate provider xxxx to obtain schema: unknown provider\">\nI've been banging my head with this all day so I'm resorting to help here. To note, I've migrated other projects to v0.13 recently with no issue. I'm switching to v0.13.2 from the latest version of v0.12 in one of my repos. I also tried v0.13.1 too. I ran the terraform 0.13upgrade command and the only change it made was adding the required_providers to my <http:\/\/versions.tf|versions.tf> file.  terraform { required_version = \"&gt;= 0.13\" required_providers { archive = { source = \"hashicorp\/archive\" } aws = { source...",
        "ts": "1600198010.036700",
        "username": "Terraform",
        "icons": {
            "image_48": "https:\/\/s3-us-west-2.amazonaws.com\/slack-files2\/bot_icons\/2019-02-12\/548785199618_48.png"
        },
        "bot_id": "BG3N7LG73",
        "attachments": [
            {
                "service_name": "reddit",
                "title": "v0.13 - \"Failed to instantiate provider xxxx to obtain schema: unknown provider\"",
                "title_link": "https:\/\/www.reddit.com\/r\/Terraform\/comments\/itfjus\/v013_failed_to_instantiate_provider_xxxx_to\/",
                "text": "I've been banging my head with this all day so I'm resorting to help here. To note, I've migrated other projects to v0.13 recently with no issue....",
                "fallback": "reddit: v0.13 - \"Failed to instantiate provider xxxx to obtain schema: unknown provider\"",
                "thumb_url": "https:\/\/www.redditstatic.com\/new-icon.png",
                "from_url": "https:\/\/www.reddit.com\/r\/Terraform\/comments\/itfjus\/v013_failed_to_instantiate_provider_xxxx_to\/",
                "thumb_width": 256,
                "thumb_height": 256,
                "service_icon": "http:\/\/www.redditstatic.com\/desktop2x\/img\/favicon\/apple-icon-57x57.png",
                "id": 1,
                "original_url": "https:\/\/www.reddit.com\/r\/Terraform\/comments\/itfjus\/v013_failed_to_instantiate_provider_xxxx_to\/"
            }
        ],
        "edited": {
            "user": "BG3N7LG73",
            "ts": "1600198010.000000"
        }
    },
    {
        "type": "message",
        "subtype": "bot_message",
        "text": "<https:\/\/qiita.com\/yutaka-note\/items\/311b89fd1e343088dafc|Terraformの環境別の書き方>\nTerraformを用いて開発環境や本番環境などの環境毎の記載方法について、フォルダ構成等の記事になります。Google Cloud Platform(GCP)を対象としております。\n\n\n<https:\/\/qiita.com\/#terraform%E3%81%A8%E3%81%AF>Terraformとは\n\nHashiCorp社により提供している、クラウド等のインフラ構築や様々な設定をコード化、自動化するためのツールです。インフラ設定の管理を容易にすることが出来ます。\n<https:\/\/www.terraform.io\/|Terraform>\n\n\n<https:\/\/qiita.com\/#%E7%92%B0%E5%A2%83%E6%A7%8B%E7%AF%89>環境構築\n\n\n&lt;a...",
        "ts": "1600235206.036900",
        "username": "Terraformタグが付けられた新着記事 - Qiita",
        "icons": {
            "image_36": "https:\/\/a.slack-edge.com\/80588\/img\/services\/rss_36.png",
            "image_48": "https:\/\/a.slack-edge.com\/80588\/img\/services\/rss_48.png",
            "image_72": "https:\/\/a.slack-edge.com\/80588\/img\/services\/rss_72.png"
        },
        "bot_id": "BG3N7LG73",
        "attachments": [
            {
                "service_name": "Qiita",
                "title": "Terraformの環境別の書き方 - Qiita",
                "title_link": "https:\/\/qiita.com\/yutaka-note\/items\/311b89fd1e343088dafc",
                "text": "Terraformを用いて開発環境や本番環境などの環境毎の記載方法について、フォルダ構成等の記事になります。Google Cloud Platform(GCP)を対象としております。 Terraformとは HashiCorp社...",
                "fallback": "Qiita: Terraformの環境別の書き方 - Qiita",
                "image_url": "https:\/\/qiita-user-contents.imgix.net\/https%3A%2F%2Fcdn.qiita.com%2Fassets%2Fpublic%2Farticle-ogp-background-1150d8b18a7c15795b701a55ae908f94.png?ixlib=rb-1.2.2&w=1200&mark=https%3A%2F%2Fqiita-user-contents.imgix.net%2F~text%3Fixlib%3Drb-1.2.2%26w%3D840%26h%3D380%26txt%3DTerraform%25E3%2581%25AE%25E7%2592%25B0%25E5%25A2%2583%25E5%2588%25A5%25E3%2581%25AE%25E6%259B%25B8%25E3%2581%258D%25E6%2596%25B9%26txt-color%3D%2523333%26txt-font%3DHiragino%2520Sans%2520W6%26txt-size%3D54%26txt-clip%3Dellipsis%26txt-align%3Dcenter%252Cmiddle%26s%3Da45cb943935a5cc999d4ee96c02079b5&mark-align=center%2Cmiddle&blend=https%3A%2F%2Fqiita-user-contents.imgix.net%2F~text%3Fixlib%3Drb-1.2.2%26w%3D840%26h%3D500%26txt%3D%2540yutaka-note%26txt-color%3D%2523333%26txt-font%3DHiragino%2520Sans%2520W6%26txt-size%3D45%26txt-align%3Dright%252Cbottom%26s%3Da87873facc2801b20c2eb46151c7c897&blend-align=center%2Cmiddle&blend-mode=normal&s=5b6a033cc5c4a34b2abf4ee2079fb671",
                "from_url": "https:\/\/qiita.com\/yutaka-note\/items\/311b89fd1e343088dafc",
                "image_width": 476,
                "image_height": 250,
                "image_bytes": 39246,
                "service_icon": "https:\/\/cdn.qiita.com\/assets\/favicons\/public\/apple-touch-icon-ec5ba42a24ae923f16825592efdc356f.png",
                "id": 1,
                "original_url": "https:\/\/qiita.com\/yutaka-note\/items\/311b89fd1e343088dafc"
            },
            {
                "service_name": "Qiita",
                "title": "プログラマの技術情報共有サービス - Qiita",
                "title_link": "https:\/\/qiita.com\/#terraform%E3%81%A8%E3%81%AF",
                "text": "Qiitaは、プログラマのための技術情報共有サービスです。 プログラミングに関するTips、ノウハウ、メモを簡単に記録 &amp; 公開することができます。",
                "fallback": "Qiita: プログラマの技術情報共有サービス - Qiita",
                "thumb_url": "https:\/\/cdn.qiita.com\/assets\/qiita-fb-fe28c64039d925349e620ba55091e078.png",
                "from_url": "https:\/\/qiita.com\/#terraform%E3%81%A8%E3%81%AF",
                "thumb_width": 1200,
                "thumb_height": 630,
                "service_icon": "https:\/\/cdn.qiita.com\/assets\/favicons\/public\/apple-touch-icon-ec5ba42a24ae923f16825592efdc356f.png",
                "id": 2,
                "original_url": "https:\/\/qiita.com\/#terraform%E3%81%A8%E3%81%AF"
            },
            {
                "title": "Terraform by HashiCorp",
                "title_link": "https:\/\/www.terraform.io\/",
                "text": "Terraform enables you to safely and predictably create, change, and improve infrastructure. It is an open source tool that codifies APIs into declarative configuration files that can be shared amongst team members, treated as code, edited, reviewed, and versioned.",
                "fallback": "Terraform by HashiCorp",
                "image_url": "https:\/\/www.terraform.io\/assets\/images\/og-image-large-e60c82fe.png",
                "from_url": "https:\/\/www.terraform.io\/",
                "image_width": 476,
                "image_height": 250,
                "image_bytes": 11094,
                "service_icon": "https:\/\/www.terraform.io\/assets\/images\/favicons\/apple-touch-icon-13180a24.png",
                "service_name": "terraform.io",
                "id": 3,
                "original_url": "https:\/\/www.terraform.io\/"
            },
            {
                "service_name": "Qiita",
                "title": "プログラマの技術情報共有サービス - Qiita",
                "title_link": "https:\/\/qiita.com\/#%E7%92%B0%E5%A2%83%E6%A7%8B%E7%AF%89",
                "text": "Qiitaは、プログラマのための技術情報共有サービスです。 プログラミングに関するTips、ノウハウ、メモを簡単に記録 &amp; 公開することができます。",
                "fallback": "Qiita: プログラマの技術情報共有サービス - Qiita",
                "thumb_url": "https:\/\/cdn.qiita.com\/assets\/qiita-fb-fe28c64039d925349e620ba55091e078.png",
                "from_url": "https:\/\/qiita.com\/#%E7%92%B0%E5%A2%83%E6%A7%8B%E7%AF%89",
                "thumb_width": 1200,
                "thumb_height": 630,
                "service_icon": "https:\/\/cdn.qiita.com\/assets\/favicons\/public\/apple-touch-icon-ec5ba42a24ae923f16825592efdc356f.png",
                "id": 4,
                "original_url": "https:\/\/qiita.com\/#%E7%92%B0%E5%A2%83%E6%A7%8B%E7%AF%89"
            }
        ],
        "edited": {
            "user": "BG3N7LG73",
            "ts": "1600235206.000000"
        }
    }
]