[
{
    "id": "CFSA6CXQ9",
    "name": "general",
    "created": 1548834160,
    "creator": "UFU0BKD8F",
    "is_archived": false,
    "is_general": true,
    "members": [
        "UFT60TQCQ",
        "UFT9ULVQR",
        "UFTDF1HHQ",
        "UFTKSQ25T",
        "UFU0BKD8F",
        "UFUP9BGES",
        "UG1QN22JZ",
        "UG46Z57TN",
        "UGFSM002K",
        "UGTNGDPUJ",
        "UGV9YDCVD",
        "UGVP0PXRA",
        "UGVSWU1CY",
        "UGVTSE7LG",
        "UGVTYQMSL",
        "UGW0ABZLG",
        "UGW0TPSQY",
        "UGW1DNGRW",
        "UGW264S4Q",
        "UGX7P1RME",
        "UGXFY0V88",
        "UGXHYR44Q",
        "UGY0UR1ND",
        "UGY5WMTHR",
        "UGY6B32E7",
        "UGY6K620K",
        "UGY6L067M",
        "UGY8856P6",
        "UGY886BT6",
        "UGY8C9DDZ",
        "UGY8GDX7W",
        "UGY8U3CSG",
        "UGY8YDQ2G",
        "UGY8Z1NR2",
        "UGY97R6NP",
        "UGY9BJ1NF",
        "UGYAR4QTE",
        "UGYBTNY58",
        "UGYBY2PK6",
        "UGYC5C4MQ",
        "UGYCLKP52",
        "UGYD5RXMJ",
        "UGYHBT55G",
        "UGYK9KX4M",
        "UGYKJTTQD",
        "UGYKRFWLD",
        "UGYQ72T0V",
        "UGYV6SG1Z",
        "UGZ2S5T5J",
        "UGZBSHP8F",
        "UGZBW92F9",
        "UGZCN013R",
        "UGZEH10LX",
        "UGZEKF45V",
        "UGZFN643Z",
        "UGZFRS015",
        "UGZGGSX3R",
        "UGZGU018X",
        "UGZHF5C9M",
        "UGZHL3G58",
        "UGZJ39LRZ",
        "UGZNBEY4E",
        "UGZNSJ3CN",
        "UGZPDFYFQ",
        "UGZPFT6SK",
        "UGZTB47PY",
        "UH06Y5F2S",
        "UH0JY61KR",
        "UH0L29KE1",
        "UH0MSCD7Z",
        "UH0PSGUJ3",
        "UH0R0GHL7",
        "UH0R5GV47",
        "UH15ZT1RV",
        "UH28P989K",
        "UH2LYREDD",
        "UH2PNBBJ7",
        "UH4RQAZ7Z",
        "UH609CXU0",
        "UHEC5ULR2",
        "UHECJRKU7",
        "UHJLRE6TU",
        "UHKCLDNAC",
        "UHPQ8MTFC",
        "UHQDKH59R",
        "UHQTMS7EY",
        "UHR7Y51QA",
        "UHS4SFFA7",
        "UHTHA38AK",
        "UHVFQ5UUC",
        "UHW2WJPJM",
        "UHWMHP8MU",
        "UHWNF64MC",
        "UJ03H37FG",
        "UJ0HPTBD2",
        "UJ138PGJ1",
        "UJ15SRE0M",
        "UJ167V97S",
        "UJ20V4ECC",
        "UJ3BLGMHV",
        "UJ410GNJ2",
        "UJ79LU3U3",
        "UJC42G5JL",
        "UJLC166NP",
        "UJNFY0BAP",
        "UJRB7EG1F",
        "UJW7ZR7PE",
        "UJZCUFM7D",
        "UJZFQ533L",
        "UK30T49RU",
        "UK384DUQH",
        "UKAHKDY2F",
        "UKAHNSLEA",
        "UKAKENQAF",
        "UKCJS13K4",
        "UKEHA1JSW",
        "UKN316Y8Y",
        "UKN9STMK7",
        "UKNKCUDFC",
        "UKP5EASTC",
        "UKQFNH4NN",
        "UKSQ6TT3Q",
        "UKT912NG5",
        "UKU6CLQB0",
        "UKVF41YJV",
        "UL01EEC3E",
        "UL0GEF132",
        "UL0MXS2CD",
        "UL0PQ9UKT",
        "UL1238EFN",
        "UL13ESGJH",
        "UL2LU9BPZ",
        "UL48LDD5Y",
        "UL49H207R",
        "UL4A1JAG3",
        "UL4G4D0UB",
        "UL4J3NUTF",
        "UL59XDEJW",
        "UL5B6R59Q",
        "UL5BG0LQK",
        "UL5MYHN4S",
        "UL90RPEQ7",
        "UL9648EBT",
        "UL96LK5T3",
        "UL97TFWLR",
        "ULF3MUNFN",
        "ULF74RFH9",
        "ULFJL58N8",
        "ULFK57XL4",
        "ULFNFQU9K",
        "ULG0CCQJZ",
        "ULGNBK8CV",
        "ULHJ71XEK",
        "ULHJYBVV5",
        "ULHM5KPHD",
        "ULHM79TJB",
        "ULHMACU6S",
        "ULJGDGFHQ",
        "ULLQAU32Q",
        "ULM2HACH4",
        "ULMDWMXJ6",
        "ULMEHJ56W",
        "ULMEJGX8S",
        "ULMFL4J82",
        "ULMG6D5GB",
        "ULMGQRMTP",
        "ULMGSPA1F",
        "ULNRQ99GB",
        "ULPQ1ECKV",
        "ULQR33F89",
        "ULRDJGN21",
        "ULS55L16V",
        "ULSCJJ61X",
        "ULSFRJ2LR",
        "ULSGHDRED",
        "ULSGHNVPT",
        "ULSHHPEBB",
        "ULT57AZ3R",
        "ULUB60T88",
        "ULUB6GFRT",
        "ULUFKEVT4",
        "ULVDV48SV",
        "ULVN9SU7R",
        "ULVQHSG2U",
        "ULX169QVA",
        "ULXPCDM3J",
        "ULYDVRXNY",
        "ULYGJ2CQ4",
        "ULYSHKF1N",
        "ULYTJ0WBA",
        "ULZ9B9858",
        "ULZGFCK46",
        "ULZRR521W",
        "UM0A2CVDE",
        "UM0CTAZPF",
        "UM0GLQE21",
        "UM0KE9RHA",
        "UM0LZ9SAG",
        "UM0NB2347",
        "UM0NBFPD5",
        "UM12KGR0E",
        "UM15W242H",
        "UM1G01HSL",
        "UM241QY7Q",
        "UM2FB5M29",
        "UM48VG9GR",
        "UM5CGLAHJ",
        "UM8PFT96J",
        "UMDMDL41G",
        "UMF9KBT09",
        "UMFV73316",
        "UMG006XGD",
        "UMGPJKUMR",
        "UMKU63ECB",
        "UML5RT2TE",
        "UMLGPCZJ4",
        "UMRG4RVME",
        "UMSFZUAUS",
        "UMTMSUFKM",
        "UMVGSCQNS",
        "UMYHH04RE",
        "UMYT1J2RX",
        "UN50J6FAL",
        "UN54FJ396",
        "UN5A15HPX",
        "UN76QQCVC",
        "UN88QSGEB",
        "UN9323EH5",
        "UN9JYN048",
        "UNEF1A5L6",
        "UNL56TGTU",
        "UNL57VCAW",
        "UNL581058",
        "UNM6K2A2J",
        "UNMDQPLHH",
        "UNMDYBLJX",
        "UNME3CREF",
        "UNY628KQB",
        "UNYEA4LQ4",
        "UNZEWNK3P",
        "UNZSA1277",
        "UNZTK1Q5T",
        "UP0PN8DP1",
        "UP0PW9X9V",
        "UP0QL0D39",
        "UP21PTGGJ",
        "UP3AANM6U",
        "UP3AB95L5",
        "UP3JFHZ8V",
        "UPDQH0N2E",
        "UPQQ62HEW",
        "UPSJ0B82U",
        "UPSJ0HM5E",
        "UPSR3PHNE",
        "UPT17Q3A6",
        "UPXE0P865",
        "UQ04UFVFW",
        "UQ36361UG",
        "UQ7KXKHB9",
        "UQB0ZP28N",
        "UQKHD9BDE",
        "UQRTVJ0AW",
        "UQSRV97S6",
        "UQT23DJUS",
        "UQT52H29G",
        "UQT8MAKR9",
        "UQTDGB4FM",
        "UQTDZTK9R",
        "UQUBZ2DNX",
        "UQVH5EQQ3",
        "UQXNP147L",
        "UQY4LG0UR",
        "UR0T8CK4G",
        "UR16FPJQZ",
        "UR489PC4U",
        "UR4F2D7GU",
        "UR4NW10LD",
        "UR4SYU1GU",
        "UR4TYNLMS",
        "UR4U1Q324",
        "UR5BX70JC",
        "UR5D4RAER",
        "UR5JPHJ1E",
        "UR5JXDNMT",
        "UR6QTL5RV",
        "UR6TGPC0P",
        "UR7CJRRSB",
        "UR7P4RR2T",
        "UR84TUP46",
        "UR8H8C7PE",
        "UR8QNHXJB",
        "UR8TR0GA3",
        "URAMDQTGU",
        "URBAP68TZ",
        "URCD9ST29",
        "URCP93DLN",
        "UREE40K7A",
        "URGB5J26M",
        "URGTG83V5",
        "URHQT1JSG",
        "URJJ7QQV8",
        "URKFM4N0Z",
        "URN901459",
        "URNHA0WSJ",
        "URW2C3J3Z",
        "URX62CZ7E",
        "URY5JMEAC",
        "URYS4QJ2D",
        "URZU53LCE",
        "US03657SS",
        "US1GXB7F0",
        "US2BT8JTF",
        "US33Y51KR",
        "USBQL1HGA",
        "USCC7GWG6",
        "USDK475L4",
        "USG31LK0R",
        "USJ6SMT9R",
        "USPDQLVJN",
        "USR5WEXGA",
        "USTAX5RQB",
        "USU0US1QT",
        "USUBHB47R",
        "USUED81NH",
        "USXSQU1R8",
        "USZCR4FK5",
        "UT07P147R",
        "UT26F1P98",
        "UT6FECJA3",
        "UT6REA34J",
        "UT86GNAN8",
        "UT87XJ97V",
        "UTA8ZLJ6N",
        "UTAAXRX5E",
        "UTB85GQ6B",
        "UTBTTLSKD",
        "UTHBTHV5J",
        "UTK1B5BB2",
        "UTKLP8Y3F",
        "UTMCUCTCP",
        "UTNN7LWG4",
        "UTPKTK4P7",
        "UTPQKLG8N",
        "UTRTDHJC8",
        "UTS83NH0D",
        "UTUCWU7JS",
        "UU8P38DM3",
        "UU8QSF85T",
        "UUEER9XJA",
        "U010TFUGWQM",
        "U01231YAQG6",
        "U012LPBUH4J",
        "U012X6FSHC7",
        "U013E7MRKRP",
        "U013ELR9F5L",
        "U013X8CRUAC",
        "U01452E41B6",
        "U014DRRJN0H",
        "U014MDYMGTG",
        "U014SFJPEPN",
        "U0152D76T41",
        "U01539XHV6Z",
        "U015S99NJ6P",
        "U015UGRTESD",
        "U015XT0UYPP",
        "U0165RJ0R19",
        "U0169G9FY6T",
        "U016D73CTAR",
        "U016LPBKUBE",
        "U016NST7SBW",
        "U016QF2MR5H",
        "U01742X385Q",
        "U017BU8EJPP",
        "U017FU8292B",
        "U017MBQ0D1U",
        "U017Q1V9H8W",
        "U01836UBJDC",
        "U018491GP1C",
        "U0188QU88TC",
        "U018F14RQBE",
        "U018G73DX9A",
        "U018KBZMXB4",
        "U018WM2DBGA",
        "U018ZT18E8G",
        "U0194UGFUU8",
        "U019AB78N76",
        "U019GHTK6BB",
        "U01AA3TUL1F",
        "U01AB51L3DH",
        "U01AEH6SRL2",
        "U01AKLALPJN",
        "U01APLM5UQK",
        "U01ASRGNFUY",
        "U01AZ40QECR",
        "U01B554L3NH",
        "U01BAHZ6KDY",
        "U01BRVDMDHD",
        "U01C9CR5PQW",
        "U01CQJUFXLN",
        "U01D60GNRT2",
        "U01D71RLHU4",
        "U01DEEV6P2A",
        "U01DNEUQYG2",
        "U01DUGWJZD2",
        "U01DX2J904V",
        "U01E5H76RNX",
        "U01E74AL473",
        "U01EA3TC613",
        "U01EHPK6QN4",
        "U01ENMAQJJ0",
        "U01ERCTPKPE",
        "U01EV5T0NL9",
        "U01FFU7M05V",
        "U01FLSC0LA3",
        "U01FVCMJWMB",
        "U01FVJ3J745",
        "U01G66CGBB8",
        "U01G7AFMH9T",
        "U01GAQPRFQB",
        "U01GD39SE1K",
        "U01GQ0HEYSW",
        "U01GQCASSRZ",
        "U01GSHK6Q81",
        "U01GW0D6MD2",
        "U01GZF5S9TL",
        "U01H1FLCK40",
        "U01HA5H360J",
        "U01HB9906UV",
        "U01HCQAEGTT",
        "U01HD40CYPJ",
        "U01HHGM1NP7",
        "U01HHJBA9EC",
        "U01HHSRC7EU",
        "U01HPDZ9DLH",
        "U01HXSHUER5",
        "U01HZ8465FZ",
        "U01J027JVGB",
        "U01J9JYCCPP",
        "U01JDAC4M3J",
        "U01JGFZ8MPV",
        "U01JHPT7CH5",
        "U01JJL7NLKE",
        "U01JM5R7WE6",
        "U01JS8JUX7W",
        "U01JTCK1DS8",
        "U01K2CMHZCY",
        "U01KA5093FA",
        "U01KM253TEC",
        "U01L84D0DLP",
        "U01LC5Q936H",
        "U01LFASMXQS",
        "U01LMGESZ42",
        "U01LVP05Q7K",
        "U01M1QWC04V",
        "U01M68C6XHV",
        "U01M6J0GR0F",
        "U01M6R3AH8F",
        "U01MEADQS22",
        "U01MEAZQ8LE",
        "U01MEQ9J25U",
        "U01MHPELZJ9",
        "U01MHUNBRFX",
        "U01MJQXH2DB",
        "U01MM5GKG3D",
        "U01MMARCJDR",
        "U01MNB3315W",
        "U01MNLGBV35",
        "U01MNV17CSC",
        "U01MT1T3XA8",
        "U01MTPQFS76",
        "U01MZE1MM97",
        "U01MZF1UK0R",
        "U01MZFHMHFT",
        "U01MZGE8P1P",
        "U01N0RTLZA6",
        "U01NB7CKNF2",
        "U01NMJGPZU5",
        "U01NR6AG0U8",
        "U01NST3EXMZ",
        "U01P1TRLC3A",
        "U01PCB338C8",
        "U01PPSCRKK5",
        "U01PV6TQ09M",
        "U01QAAU1KL6",
        "U01QG0L9XC3",
        "U01R2260A8K",
        "U01RMATU32M",
        "U01RTKP60JW",
        "U01RV4S0WBA",
        "U01RVK12UF5",
        "U01SAG7QJTV",
        "U01SZS4FUMS",
        "U01T81QQ9T9",
        "U01TMEARC2F",
        "U01TRSXGK5G",
        "U01TWR5RWR3",
        "U01UFMZRR8Q",
        "U01UFN81W1E",
        "U01UJCYB2HJ",
        "U01UYPJ0NLT",
        "U0204S8L4BS",
        "U0206UEC6TT",
        "U020ZPER9RC",
        "U021JMH95PW",
        "U0222PLP55H",
        "U022LJV63A4",
        "U022Z6T9QN8",
        "U02353KP6MC",
        "U0238PV5W3E",
        "U023RSZNJN4",
        "U024FJF2V8T",
        "U024S4FNL05",
        "U025GKR30KX",
        "U025KTB1R7S",
        "U025NJ9CFRS",
        "U025YNTUDBP",
        "U026E546UDQ",
        "U026LJVFN2K",
        "U026SAFQCUS",
        "U026WKSAKTK",
        "U027G0V1Z8F",
        "U027K91JRFC",
        "U027KU47W56",
        "U027N0PH7RV",
        "U027Q3A22UX",
        "U027V689WTV",
        "U02813WAXSP",
        "U0288NFV49M",
        "U02942B00KS",
        "U029D7W0BJ5",
        "U029HDK176Y",
        "U029QS20V1A",
        "U029WHR4ZBK",
        "U02BJ9XDHSN",
        "U02BLLXUHLM",
        "U02BM6UUFJA",
        "U02BXJBMQG5",
        "U02C2B3FDCN",
        "U02CYMZSKGQ",
        "U02D4NMPQ9X",
        "U02DCS0HVTP",
        "U02DVGVAY9X"
    ],
    "topic": {
        "value": "メンバー向け周知等々。CM\/PR不可。",
        "creator": "UFU0BKD8F",
        "last_set": 1548848442
    },
    "purpose": {
        "value": "このチャンネルはワークスペース全体のコミュニケーションと社内アナウンス用です。全メンバーがこのチャンネルに参加しています。\n\n<#CFTAKMSRX|自己紹介> をどうぞ。Public なワークスペースなので DM は極力控えましょう。\n\n<#CFTUV1SSW|質問> をどうぞ。やりたいこと、確認したいこと、ゴールを明確にして質問するように心がけましょう。\n\nその他オープンなチャンネルは参加自由です。",
        "creator": "UFU0BKD8F",
        "last_set": 1577070180
    }
},
{
    "id": "CFTAKMSRX",
    "name": "自己紹介",
    "created": 1548895581,
    "creator": "UFU0BKD8F",
    "is_archived": false,
    "is_general": false,
    "members": [
        "UFT60TQCQ",
        "UFT9ULVQR",
        "UFTKSQ25T",
        "UFU0BKD8F",
        "UFUP9BGES",
        "UG1QN22JZ",
        "UG46Z57TN",
        "UGFSM002K",
        "UGTNGDPUJ",
        "UGVSWU1CY",
        "UGVTSE7LG",
        "UGVTYQMSL",
        "UGW0ABZLG",
        "UGW0TPSQY",
        "UGW1DNGRW",
        "UGW264S4Q",
        "UGX7P1RME",
        "UGXFY0V88",
        "UGXHYR44Q",
        "UGY0UR1ND",
        "UGY5WMTHR",
        "UGY6B32E7",
        "UGY6K620K",
        "UGY6L067M",
        "UGY8C9DDZ",
        "UGY8GDX7W",
        "UGY8U3CSG",
        "UGY8YDQ2G",
        "UGY8Z1NR2",
        "UGY97R6NP",
        "UGY9BJ1NF",
        "UGYAR4QTE",
        "UGYBTNY58",
        "UGYBY2PK6",
        "UGYC5C4MQ",
        "UGYCLKP52",
        "UGYD5RXMJ",
        "UGYHBT55G",
        "UGYK9KX4M",
        "UGYKJTTQD",
        "UGYKRFWLD",
        "UGYQ72T0V",
        "UGYV6SG1Z",
        "UGZ2S5T5J",
        "UGZBSHP8F",
        "UGZBW92F9",
        "UGZCN013R",
        "UGZEH10LX",
        "UGZEKF45V",
        "UGZFN643Z",
        "UGZFRS015",
        "UGZGGSX3R",
        "UGZGU018X",
        "UGZHF5C9M",
        "UGZHL3G58",
        "UGZJ39LRZ",
        "UGZNBEY4E",
        "UGZNSJ3CN",
        "UGZPDFYFQ",
        "UGZPFT6SK",
        "UGZTB47PY",
        "UH06Y5F2S",
        "UH0JY61KR",
        "UH0L29KE1",
        "UH0MSCD7Z",
        "UH0PSGUJ3",
        "UH0R0GHL7",
        "UH0R5GV47",
        "UH15ZT1RV",
        "UH28P989K",
        "UH2LYREDD",
        "UH2PNBBJ7",
        "UH4RQAZ7Z",
        "UH609CXU0",
        "UHEC5ULR2",
        "UHECJRKU7",
        "UHJLRE6TU",
        "UHKCLDNAC",
        "UHPQ8MTFC",
        "UHQDKH59R",
        "UHQTMS7EY",
        "UHR7Y51QA",
        "UHS4SFFA7",
        "UHTHA38AK",
        "UHVFQ5UUC",
        "UHW2WJPJM",
        "UHWMHP8MU",
        "UHWNF64MC",
        "UJ03H37FG",
        "UJ0HPTBD2",
        "UJ138PGJ1",
        "UJ15SRE0M",
        "UJ167V97S",
        "UJ20V4ECC",
        "UJ3BLGMHV",
        "UJ410GNJ2",
        "UJ79LU3U3",
        "UJC42G5JL",
        "UJLC166NP",
        "UJNFY0BAP",
        "UJRB7EG1F",
        "UJW7ZR7PE",
        "UJZCUFM7D",
        "UJZFQ533L",
        "UK30T49RU",
        "UK384DUQH",
        "UKAHKDY2F",
        "UKAHNSLEA",
        "UKAKENQAF",
        "UKCJS13K4",
        "UKEHA1JSW",
        "UKN316Y8Y",
        "UKN9STMK7",
        "UKNKCUDFC",
        "UKP5EASTC",
        "UKQFNH4NN",
        "UKSQ6TT3Q",
        "UKT912NG5",
        "UKU6CLQB0",
        "UKVF41YJV",
        "UL01EEC3E",
        "UL0GEF132",
        "UL0MXS2CD",
        "UL0PQ9UKT",
        "UL1238EFN",
        "UL13ESGJH",
        "UL2LU9BPZ",
        "UL48LDD5Y",
        "UL49H207R",
        "UL4A1JAG3",
        "UL4G4D0UB",
        "UL59XDEJW",
        "UL5B6R59Q",
        "UL5BG0LQK",
        "UL5MYHN4S",
        "UL90RPEQ7",
        "UL9648EBT",
        "UL96LK5T3",
        "UL97TFWLR",
        "ULF3MUNFN",
        "ULF74RFH9",
        "ULFJL58N8",
        "ULFK57XL4",
        "ULFNFQU9K",
        "ULG0CCQJZ",
        "ULGNBK8CV",
        "ULHJ71XEK",
        "ULHJYBVV5",
        "ULHM5KPHD",
        "ULHM79TJB",
        "ULHMACU6S",
        "ULJGDGFHQ",
        "ULLQAU32Q",
        "ULM2HACH4",
        "ULMDWMXJ6",
        "ULMEHJ56W",
        "ULMEJGX8S",
        "ULMFL4J82",
        "ULMG6D5GB",
        "ULMGQRMTP",
        "ULNRQ99GB",
        "ULPQ1ECKV",
        "ULQR33F89",
        "ULRDJGN21",
        "ULS55L16V",
        "ULSCJJ61X",
        "ULSFRJ2LR",
        "ULSGHDRED",
        "ULSGHNVPT",
        "ULSHHPEBB",
        "ULT57AZ3R",
        "ULUB60T88",
        "ULUFKEVT4",
        "ULVDV48SV",
        "ULVN9SU7R",
        "ULVQHSG2U",
        "ULX169QVA",
        "ULXPCDM3J",
        "ULYDVRXNY",
        "ULYGJ2CQ4",
        "ULYSHKF1N",
        "ULYTJ0WBA",
        "ULZ9B9858",
        "ULZGFCK46",
        "ULZRR521W",
        "UM0A2CVDE",
        "UM0CTAZPF",
        "UM0GLQE21",
        "UM0KE9RHA",
        "UM0LZ9SAG",
        "UM0NB2347",
        "UM0NBFPD5",
        "UM12KGR0E",
        "UM15W242H",
        "UM1G01HSL",
        "UM241QY7Q",
        "UM2FB5M29",
        "UM5CGLAHJ",
        "UM8PFT96J",
        "UMDMDL41G",
        "UMF9KBT09",
        "UMFV73316",
        "UMG006XGD",
        "UMGPJKUMR",
        "UMKU63ECB",
        "UML5RT2TE",
        "UMLGPCZJ4",
        "UMRG4RVME",
        "UMSFZUAUS",
        "UMTMSUFKM",
        "UMVGSCQNS",
        "UMYHH04RE",
        "UMYT1J2RX",
        "UN50J6FAL",
        "UN54FJ396",
        "UN5A15HPX",
        "UN76QQCVC",
        "UN88QSGEB",
        "UN9323EH5",
        "UN9JYN048",
        "UNEF1A5L6",
        "UNL56TGTU",
        "UNL57VCAW",
        "UNL581058",
        "UNM6K2A2J",
        "UNMDQPLHH",
        "UNMDYBLJX",
        "UNME3CREF",
        "UNY628KQB",
        "UNYEA4LQ4",
        "UNZEWNK3P",
        "UNZSA1277",
        "UNZTK1Q5T",
        "UP0PN8DP1",
        "UP0PW9X9V",
        "UP0QL0D39",
        "UP21PTGGJ",
        "UP3AANM6U",
        "UP3AB95L5",
        "UP3JFHZ8V",
        "UPDQH0N2E",
        "UPQQ62HEW",
        "UPSJ0B82U",
        "UPSJ0HM5E",
        "UPSR3PHNE",
        "UPT17Q3A6",
        "UPXE0P865",
        "UQ04UFVFW",
        "UQ36361UG",
        "UQ7KXKHB9",
        "UQB0ZP28N",
        "UQKHD9BDE",
        "UQRTVJ0AW",
        "UQSRV97S6",
        "UQT23DJUS",
        "UQT52H29G",
        "UQT8MAKR9",
        "UQTDGB4FM",
        "UQTDZTK9R",
        "UQUBZ2DNX",
        "UQVH5EQQ3",
        "UQXNP147L",
        "UQY4LG0UR",
        "UR0T8CK4G",
        "UR16FPJQZ",
        "UR489PC4U",
        "UR4F2D7GU",
        "UR4NW10LD",
        "UR4SYU1GU",
        "UR4TYNLMS",
        "UR4U1Q324",
        "UR5BX70JC",
        "UR5D4RAER",
        "UR5JPHJ1E",
        "UR5JXDNMT",
        "UR6QTL5RV",
        "UR6TGPC0P",
        "UR7CJRRSB",
        "UR7P4RR2T",
        "UR84TUP46",
        "UR8H8C7PE",
        "UR8QNHXJB",
        "URAMDQTGU",
        "URBAP68TZ",
        "URCD9ST29",
        "URCP93DLN",
        "UREE40K7A",
        "URGB5J26M",
        "URGTG83V5",
        "URHQT1JSG",
        "URJJ7QQV8",
        "URKFM4N0Z",
        "URN901459",
        "URNHA0WSJ",
        "URW2C3J3Z",
        "URX62CZ7E",
        "URY5JMEAC",
        "URYS4QJ2D",
        "URZU53LCE",
        "US03657SS",
        "US1GXB7F0",
        "US2BT8JTF",
        "US33Y51KR",
        "USBQL1HGA",
        "USCC7GWG6",
        "USDK475L4",
        "USG31LK0R",
        "USJ6SMT9R",
        "USPDQLVJN",
        "USR5WEXGA",
        "USTAX5RQB",
        "USU0US1QT",
        "USUBHB47R",
        "USUED81NH",
        "USXSQU1R8",
        "USZCR4FK5",
        "UT07P147R",
        "UT26F1P98",
        "UT6FECJA3",
        "UT6REA34J",
        "UT86GNAN8",
        "UT87XJ97V",
        "UTA8ZLJ6N",
        "UTAAXRX5E",
        "UTB85GQ6B",
        "UTBTTLSKD",
        "UTHBTHV5J",
        "UTK1B5BB2",
        "UTKLP8Y3F",
        "UTMCUCTCP",
        "UTNN7LWG4",
        "UTPKTK4P7",
        "UTPQKLG8N",
        "UTRTDHJC8",
        "UTS83NH0D",
        "UTUCWU7JS",
        "UU8P38DM3",
        "UU8QSF85T",
        "UUEER9XJA",
        "U010TFUGWQM",
        "U01231YAQG6",
        "U012LPBUH4J",
        "U012X6FSHC7",
        "U013E7MRKRP",
        "U013ELR9F5L",
        "U013X8CRUAC",
        "U01452E41B6",
        "U014DRRJN0H",
        "U014MDYMGTG",
        "U014SFJPEPN",
        "U0152D76T41",
        "U01539XHV6Z",
        "U015S99NJ6P",
        "U015UGRTESD",
        "U015XT0UYPP",
        "U0165RJ0R19",
        "U0169G9FY6T",
        "U016D73CTAR",
        "U016LPBKUBE",
        "U016NST7SBW",
        "U016QF2MR5H",
        "U01742X385Q",
        "U017BU8EJPP",
        "U017FU8292B",
        "U017MBQ0D1U",
        "U017Q1V9H8W",
        "U01836UBJDC",
        "U018491GP1C",
        "U0188QU88TC",
        "U018F14RQBE",
        "U018G73DX9A",
        "U018KBZMXB4",
        "U018WM2DBGA",
        "U018ZT18E8G",
        "U0194UGFUU8",
        "U019AB78N76",
        "U019GHTK6BB",
        "U01AA3TUL1F",
        "U01AB51L3DH",
        "U01AEH6SRL2",
        "U01AKLALPJN",
        "U01APLM5UQK",
        "U01ASRGNFUY",
        "U01AZ40QECR",
        "U01B554L3NH",
        "U01BAHZ6KDY",
        "U01BRVDMDHD",
        "U01C9CR5PQW",
        "U01CQJUFXLN",
        "U01D60GNRT2",
        "U01D71RLHU4",
        "U01DEEV6P2A",
        "U01DNEUQYG2",
        "U01DUGWJZD2",
        "U01DX2J904V",
        "U01E5H76RNX",
        "U01E74AL473",
        "U01EA3TC613",
        "U01EHPK6QN4",
        "U01ENMAQJJ0",
        "U01ERCTPKPE",
        "U01EV5T0NL9",
        "U01FFU7M05V",
        "U01FLSC0LA3",
        "U01FVCMJWMB",
        "U01FVJ3J745",
        "U01G66CGBB8",
        "U01G7AFMH9T",
        "U01GAQPRFQB",
        "U01GD39SE1K",
        "U01GQ0HEYSW",
        "U01GQCASSRZ",
        "U01GSHK6Q81",
        "U01GW0D6MD2",
        "U01GZF5S9TL",
        "U01H1FLCK40",
        "U01HA5H360J",
        "U01HB9906UV",
        "U01HCQAEGTT",
        "U01HD40CYPJ",
        "U01HHGM1NP7",
        "U01HHJBA9EC",
        "U01HHSRC7EU",
        "U01HPDZ9DLH",
        "U01HXSHUER5",
        "U01HZ8465FZ",
        "U01J027JVGB",
        "U01J9JYCCPP",
        "U01JDAC4M3J",
        "U01JGFZ8MPV",
        "U01JHPT7CH5",
        "U01JJL7NLKE",
        "U01JM5R7WE6",
        "U01JS8JUX7W",
        "U01JTCK1DS8",
        "U01K2CMHZCY",
        "U01KA5093FA",
        "U01KM253TEC",
        "U01L84D0DLP",
        "U01LC5Q936H",
        "U01LFASMXQS",
        "U01LMGESZ42",
        "U01LVP05Q7K",
        "U01M1QWC04V",
        "U01M68C6XHV",
        "U01M6J0GR0F",
        "U01M6R3AH8F",
        "U01MEADQS22",
        "U01MEAZQ8LE",
        "U01MEQ9J25U",
        "U01MHPELZJ9",
        "U01MHUNBRFX",
        "U01MJQXH2DB",
        "U01MM5GKG3D",
        "U01MMARCJDR",
        "U01MNB3315W",
        "U01MNLGBV35",
        "U01MNV17CSC",
        "U01MT1T3XA8",
        "U01MTPQFS76",
        "U01MZE1MM97",
        "U01MZF1UK0R",
        "U01MZFHMHFT",
        "U01MZGE8P1P",
        "U01N0RTLZA6",
        "U01NB7CKNF2",
        "U01NMJGPZU5",
        "U01NR6AG0U8",
        "U01NST3EXMZ",
        "U01P1TRLC3A",
        "U01PCB338C8",
        "U01PPSCRKK5",
        "U01PV6TQ09M",
        "U01QAAU1KL6",
        "U01R2260A8K",
        "U01RMATU32M",
        "U01RTKP60JW",
        "U01RV4S0WBA",
        "U01RVK12UF5",
        "U01SAG7QJTV",
        "U01SZS4FUMS",
        "U01T81QQ9T9",
        "U01TMEARC2F",
        "U01TRSXGK5G",
        "U01TWR5RWR3",
        "U01UFMZRR8Q",
        "U01UFN81W1E",
        "U01UJCYB2HJ",
        "U01UYPJ0NLT",
        "U0204S8L4BS",
        "U0206UEC6TT",
        "U020ZPER9RC",
        "U021JMH95PW",
        "U0222PLP55H",
        "U022LJV63A4",
        "U022Z6T9QN8",
        "U02353KP6MC",
        "U0238PV5W3E",
        "U023RSZNJN4",
        "U024FJF2V8T",
        "U024S4FNL05",
        "U025GKR30KX",
        "U025KTB1R7S",
        "U025NJ9CFRS",
        "U025YNTUDBP",
        "U026E546UDQ",
        "U026LJVFN2K",
        "U026SAFQCUS",
        "U026WKSAKTK",
        "U027G0V1Z8F",
        "U027K91JRFC",
        "U027KU47W56",
        "U027N0PH7RV",
        "U027Q3A22UX",
        "U027V689WTV",
        "U02813WAXSP",
        "U0288NFV49M",
        "U02942B00KS",
        "U029D7W0BJ5",
        "U029HDK176Y",
        "U029QS20V1A",
        "U029WHR4ZBK",
        "U02BJ9XDHSN",
        "U02BLLXUHLM",
        "U02BM6UUFJA",
        "U02BXJBMQG5",
        "U02C2B3FDCN",
        "U02CYMZSKGQ",
        "U02D4NMPQ9X",
        "U02DCS0HVTP",
        "U02DVGVAY9X"
    ],
    "topic": {
        "value": "",
        "creator": "",
        "last_set": 0
    },
    "purpose": {
        "value": "自己紹介でもしましょう。返信はスレが望ましいと思いまふ",
        "creator": "UFU0BKD8F",
        "last_set": 1548895582
    }
},
{
    "id": "CFTUV1SSW",
    "name": "質問",
    "created": 1548897454,
    "creator": "UFU0BKD8F",
    "is_archived": false,
    "is_general": false,
    "members": [
        "UFT60TQCQ",
        "UFT9ULVQR",
        "UFTKSQ25T",
        "UFU0BKD8F",
        "UFUP9BGES",
        "UG1QN22JZ",
        "UG46Z57TN",
        "UGFSM002K",
        "UGTNGDPUJ",
        "UGV9YDCVD",
        "UGVP0PXRA",
        "UGVSWU1CY",
        "UGVTSE7LG",
        "UGVTYQMSL",
        "UGW0ABZLG",
        "UGW0TPSQY",
        "UGW1DNGRW",
        "UGW264S4Q",
        "UGX7P1RME",
        "UGXFY0V88",
        "UGXHYR44Q",
        "UGY0UR1ND",
        "UGY5WMTHR",
        "UGY6B32E7",
        "UGY6K620K",
        "UGY6L067M",
        "UGY8856P6",
        "UGY8C9DDZ",
        "UGY8GDX7W",
        "UGY8U3CSG",
        "UGY8YDQ2G",
        "UGY8Z1NR2",
        "UGY97R6NP",
        "UGY9BJ1NF",
        "UGYAR4QTE",
        "UGYBTNY58",
        "UGYBY2PK6",
        "UGYC5C4MQ",
        "UGYCLKP52",
        "UGYD5RXMJ",
        "UGYHBT55G",
        "UGYK9KX4M",
        "UGYKJTTQD",
        "UGYKRFWLD",
        "UGYQ72T0V",
        "UGYV6SG1Z",
        "UGZ2S5T5J",
        "UGZBSHP8F",
        "UGZBW92F9",
        "UGZCN013R",
        "UGZEH10LX",
        "UGZEKF45V",
        "UGZFN643Z",
        "UGZFRS015",
        "UGZGGSX3R",
        "UGZGU018X",
        "UGZHF5C9M",
        "UGZHL3G58",
        "UGZJ39LRZ",
        "UGZNBEY4E",
        "UGZNSJ3CN",
        "UGZPDFYFQ",
        "UGZPFT6SK",
        "UGZTB47PY",
        "UH06Y5F2S",
        "UH0JY61KR",
        "UH0L29KE1",
        "UH0MSCD7Z",
        "UH0PSGUJ3",
        "UH0R0GHL7",
        "UH0R5GV47",
        "UH15ZT1RV",
        "UH28P989K",
        "UH2LYREDD",
        "UH2PNBBJ7",
        "UH4RQAZ7Z",
        "UH609CXU0",
        "UHEC5ULR2",
        "UHECJRKU7",
        "UHJLRE6TU",
        "UHKCLDNAC",
        "UHPQ8MTFC",
        "UHQDKH59R",
        "UHQTMS7EY",
        "UHR7Y51QA",
        "UHS4SFFA7",
        "UHTHA38AK",
        "UHVFQ5UUC",
        "UHW2WJPJM",
        "UHWMHP8MU",
        "UHWNF64MC",
        "UJ03H37FG",
        "UJ0HPTBD2",
        "UJ138PGJ1",
        "UJ15SRE0M",
        "UJ167V97S",
        "UJ20V4ECC",
        "UJ3BLGMHV",
        "UJ410GNJ2",
        "UJ79LU3U3",
        "UJC42G5JL",
        "UJLC166NP",
        "UJNFY0BAP",
        "UJRB7EG1F",
        "UJW7ZR7PE",
        "UJZCUFM7D",
        "UJZFQ533L",
        "UK30T49RU",
        "UK384DUQH",
        "UKAHKDY2F",
        "UKAHNSLEA",
        "UKAKENQAF",
        "UKCJS13K4",
        "UKEHA1JSW",
        "UKN316Y8Y",
        "UKN9STMK7",
        "UKNKCUDFC",
        "UKP5EASTC",
        "UKQFNH4NN",
        "UKSQ6TT3Q",
        "UKT912NG5",
        "UKU6CLQB0",
        "UKVF41YJV",
        "UL01EEC3E",
        "UL0GEF132",
        "UL0MXS2CD",
        "UL0PQ9UKT",
        "UL1238EFN",
        "UL13ESGJH",
        "UL2LU9BPZ",
        "UL48LDD5Y",
        "UL49H207R",
        "UL4A1JAG3",
        "UL4G4D0UB",
        "UL4J3NUTF",
        "UL59XDEJW",
        "UL5B6R59Q",
        "UL5BG0LQK",
        "UL5MYHN4S",
        "UL90RPEQ7",
        "UL9648EBT",
        "UL96LK5T3",
        "UL97TFWLR",
        "ULF3MUNFN",
        "ULF74RFH9",
        "ULFJL58N8",
        "ULFK57XL4",
        "ULFNFQU9K",
        "ULG0CCQJZ",
        "ULGNBK8CV",
        "ULHJ71XEK",
        "ULHJYBVV5",
        "ULHM5KPHD",
        "ULHM79TJB",
        "ULHMACU6S",
        "ULJGDGFHQ",
        "ULLQAU32Q",
        "ULM2HACH4",
        "ULMDWMXJ6",
        "ULMEHJ56W",
        "ULMEJGX8S",
        "ULMFL4J82",
        "ULMG6D5GB",
        "ULMGQRMTP",
        "ULMGSPA1F",
        "ULNRQ99GB",
        "ULPQ1ECKV",
        "ULQR33F89",
        "ULRDJGN21",
        "ULS55L16V",
        "ULSCJJ61X",
        "ULSFRJ2LR",
        "ULSGHDRED",
        "ULSGHNVPT",
        "ULSHHPEBB",
        "ULT57AZ3R",
        "ULUB60T88",
        "ULUB6GFRT",
        "ULUFKEVT4",
        "ULVDV48SV",
        "ULVN9SU7R",
        "ULVQHSG2U",
        "ULX169QVA",
        "ULXPCDM3J",
        "ULYDVRXNY",
        "ULYGJ2CQ4",
        "ULYSHKF1N",
        "ULYTJ0WBA",
        "ULZ9B9858",
        "ULZGFCK46",
        "ULZRR521W",
        "UM0A2CVDE",
        "UM0CTAZPF",
        "UM0GLQE21",
        "UM0KE9RHA",
        "UM0LZ9SAG",
        "UM0NB2347",
        "UM0NBFPD5",
        "UM12KGR0E",
        "UM15W242H",
        "UM1G01HSL",
        "UM241QY7Q",
        "UM2FB5M29",
        "UM48VG9GR",
        "UM5CGLAHJ",
        "UM8PFT96J",
        "UMDMDL41G",
        "UMF9KBT09",
        "UMFV73316",
        "UMG006XGD",
        "UMGPJKUMR",
        "UMKU63ECB",
        "UML5RT2TE",
        "UMLGPCZJ4",
        "UMRG4RVME",
        "UMSFZUAUS",
        "UMTMSUFKM",
        "UMVGSCQNS",
        "UMYHH04RE",
        "UMYT1J2RX",
        "UN50J6FAL",
        "UN54FJ396",
        "UN5A15HPX",
        "UN76QQCVC",
        "UN88QSGEB",
        "UN9323EH5",
        "UN9JYN048",
        "UNEF1A5L6",
        "UNL56TGTU",
        "UNL57VCAW",
        "UNL581058",
        "UNM6K2A2J",
        "UNMDQPLHH",
        "UNMDYBLJX",
        "UNME3CREF",
        "UNY628KQB",
        "UNYEA4LQ4",
        "UNZEWNK3P",
        "UNZSA1277",
        "UNZTK1Q5T",
        "UP0PN8DP1",
        "UP0PW9X9V",
        "UP0QL0D39",
        "UP21PTGGJ",
        "UP3AANM6U",
        "UP3AB95L5",
        "UP3JFHZ8V",
        "UPDQH0N2E",
        "UPQQ62HEW",
        "UPSJ0B82U",
        "UPSJ0HM5E",
        "UPSR3PHNE",
        "UPT17Q3A6",
        "UPXE0P865",
        "UQ04UFVFW",
        "UQ36361UG",
        "UQ7KXKHB9",
        "UQB0ZP28N",
        "UQKHD9BDE",
        "UQRTVJ0AW",
        "UQSRV97S6",
        "UQT23DJUS",
        "UQT52H29G",
        "UQT8MAKR9",
        "UQTDGB4FM",
        "UQTDZTK9R",
        "UQUBZ2DNX",
        "UQVH5EQQ3",
        "UQXNP147L",
        "UQY4LG0UR",
        "UR0T8CK4G",
        "UR16FPJQZ",
        "UR489PC4U",
        "UR4F2D7GU",
        "UR4NW10LD",
        "UR4SYU1GU",
        "UR4TYNLMS",
        "UR4U1Q324",
        "UR5BX70JC",
        "UR5D4RAER",
        "UR5JPHJ1E",
        "UR5JXDNMT",
        "UR6QTL5RV",
        "UR6TGPC0P",
        "UR7CJRRSB",
        "UR7P4RR2T",
        "UR84TUP46",
        "UR8H8C7PE",
        "UR8QNHXJB",
        "UR8TR0GA3",
        "URAMDQTGU",
        "URBAP68TZ",
        "URCD9ST29",
        "URCP93DLN",
        "UREE40K7A",
        "URGB5J26M",
        "URGTG83V5",
        "URHQT1JSG",
        "URJJ7QQV8",
        "URKFM4N0Z",
        "URN901459",
        "URNHA0WSJ",
        "URW2C3J3Z",
        "URX62CZ7E",
        "URY5JMEAC",
        "URYS4QJ2D",
        "URZU53LCE",
        "US03657SS",
        "US1GXB7F0",
        "US2BT8JTF",
        "US33Y51KR",
        "USBQL1HGA",
        "USCC7GWG6",
        "USDK475L4",
        "USG31LK0R",
        "USJ6SMT9R",
        "USPDQLVJN",
        "USR5WEXGA",
        "USTAX5RQB",
        "USU0US1QT",
        "USUBHB47R",
        "USUED81NH",
        "USXSQU1R8",
        "USZCR4FK5",
        "UT07P147R",
        "UT26F1P98",
        "UT6FECJA3",
        "UT6REA34J",
        "UT86GNAN8",
        "UT87XJ97V",
        "UTA8ZLJ6N",
        "UTAAXRX5E",
        "UTB85GQ6B",
        "UTBTTLSKD",
        "UTHBTHV5J",
        "UTK1B5BB2",
        "UTKLP8Y3F",
        "UTMCUCTCP",
        "UTNN7LWG4",
        "UTPKTK4P7",
        "UTPQKLG8N",
        "UTRTDHJC8",
        "UTS83NH0D",
        "UTUCWU7JS",
        "UU8P38DM3",
        "UU8QSF85T",
        "UUEER9XJA",
        "U010TFUGWQM",
        "U01231YAQG6",
        "U012LPBUH4J",
        "U012X6FSHC7",
        "U013E7MRKRP",
        "U013ELR9F5L",
        "U013X8CRUAC",
        "U01452E41B6",
        "U014DRRJN0H",
        "U014MDYMGTG",
        "U014SFJPEPN",
        "U0152D76T41",
        "U01539XHV6Z",
        "U015S99NJ6P",
        "U015UGRTESD",
        "U015XT0UYPP",
        "U0165RJ0R19",
        "U0169G9FY6T",
        "U016D73CTAR",
        "U016LPBKUBE",
        "U016NST7SBW",
        "U016QF2MR5H",
        "U01742X385Q",
        "U017BU8EJPP",
        "U017FU8292B",
        "U017MBQ0D1U",
        "U017Q1V9H8W",
        "U01836UBJDC",
        "U018491GP1C",
        "U0188QU88TC",
        "U018F14RQBE",
        "U018G73DX9A",
        "U018KBZMXB4",
        "U018WM2DBGA",
        "U018ZT18E8G",
        "U0194UGFUU8",
        "U019AB78N76",
        "U019GHTK6BB",
        "U01AA3TUL1F",
        "U01AB51L3DH",
        "U01AEH6SRL2",
        "U01AKLALPJN",
        "U01APLM5UQK",
        "U01ASRGNFUY",
        "U01AZ40QECR",
        "U01B554L3NH",
        "U01B5S5RJLC",
        "U01BAHZ6KDY",
        "U01BRVDMDHD",
        "U01C9CR5PQW",
        "U01CQJUFXLN",
        "U01D60GNRT2",
        "U01D71RLHU4",
        "U01DEEV6P2A",
        "U01DNEUQYG2",
        "U01DUGWJZD2",
        "U01DX2J904V",
        "U01E5H76RNX",
        "U01E74AL473",
        "U01EA3TC613",
        "U01EHPK6QN4",
        "U01ENMAQJJ0",
        "U01ERCTPKPE",
        "U01EV5T0NL9",
        "U01FFU7M05V",
        "U01FLSC0LA3",
        "U01FVCMJWMB",
        "U01FVJ3J745",
        "U01G66CGBB8",
        "U01G7AFMH9T",
        "U01GAQPRFQB",
        "U01GD39SE1K",
        "U01GQ0HEYSW",
        "U01GQCASSRZ",
        "U01GSHK6Q81",
        "U01GW0D6MD2",
        "U01GZF5S9TL",
        "U01H1FLCK40",
        "U01HA5H360J",
        "U01HB9906UV",
        "U01HCQAEGTT",
        "U01HD40CYPJ",
        "U01HHGM1NP7",
        "U01HHJBA9EC",
        "U01HHSRC7EU",
        "U01HPDZ9DLH",
        "U01HXSHUER5",
        "U01HZ8465FZ",
        "U01J027JVGB",
        "U01J9JYCCPP",
        "U01JDAC4M3J",
        "U01JGFZ8MPV",
        "U01JHPT7CH5",
        "U01JJL7NLKE",
        "U01JM5R7WE6",
        "U01JS8JUX7W",
        "U01JTCK1DS8",
        "U01K2CMHZCY",
        "U01KA5093FA",
        "U01KM253TEC",
        "U01L84D0DLP",
        "U01LC5Q936H",
        "U01LFASMXQS",
        "U01LMGESZ42",
        "U01LVP05Q7K",
        "U01M1QWC04V",
        "U01M68C6XHV",
        "U01M6R3AH8F",
        "U01MEADQS22",
        "U01MEAZQ8LE",
        "U01MEQ9J25U",
        "U01MHPELZJ9",
        "U01MHUNBRFX",
        "U01MJQXH2DB",
        "U01MM5GKG3D",
        "U01MMARCJDR",
        "U01MNB3315W",
        "U01MNLGBV35",
        "U01MNV17CSC",
        "U01MT1T3XA8",
        "U01MTPQFS76",
        "U01MZE1MM97",
        "U01MZF1UK0R",
        "U01MZFHMHFT",
        "U01MZGE8P1P",
        "U01N0RTLZA6",
        "U01NB7CKNF2",
        "U01NMJGPZU5",
        "U01NR6AG0U8",
        "U01NST3EXMZ",
        "U01P1TRLC3A",
        "U01PCB338C8",
        "U01PPSCRKK5",
        "U01PV6TQ09M",
        "U01QAAU1KL6",
        "U01QG0L9XC3",
        "U01R2260A8K",
        "U01RMATU32M",
        "U01RTKP60JW",
        "U01RV4S0WBA",
        "U01RVK12UF5",
        "U01SAG7QJTV",
        "U01SZS4FUMS",
        "U01T81QQ9T9",
        "U01TMEARC2F",
        "U01TRSXGK5G",
        "U01TWR5RWR3",
        "U01UFMZRR8Q",
        "U01UFN81W1E",
        "U01UJCYB2HJ",
        "U01UYPJ0NLT",
        "U0206UEC6TT",
        "U020ZPER9RC",
        "U021JMH95PW",
        "U0222PLP55H",
        "U022LJV63A4",
        "U022Z6T9QN8",
        "U02353KP6MC",
        "U0238PV5W3E",
        "U023RSZNJN4",
        "U024FJF2V8T",
        "U024S4FNL05",
        "U025GKR30KX",
        "U025KTB1R7S",
        "U025NJ9CFRS",
        "U025YNTUDBP",
        "U026E546UDQ",
        "U026LJVFN2K",
        "U026SAFQCUS",
        "U026WKSAKTK",
        "U027G0V1Z8F",
        "U027K91JRFC",
        "U027KU47W56",
        "U027N0PH7RV",
        "U027Q3A22UX",
        "U027V689WTV",
        "U02813WAXSP",
        "U0288NFV49M",
        "U02942B00KS",
        "U029D7W0BJ5",
        "U029HDK176Y",
        "U029QS20V1A",
        "U029WHR4ZBK",
        "U02BJ9XDHSN",
        "U02BLLXUHLM",
        "U02BM6UUFJA",
        "U02BXJBMQG5",
        "U02C2B3FDCN",
        "U02CYMZSKGQ",
        "U02D4NMPQ9X",
        "U02DCS0HVTP",
        "U02DVGVAY9X"
    ],
    "pins": [
        {
            "id": "1548998490.001000",
            "type": "C",
            "created": 1551248364,
            "user": "UFU0BKD8F",
            "owner": "USLACKBOT"
        },
        {
            "id": "1549937786.000300",
            "type": "C",
            "created": 1551248373,
            "user": "UFU0BKD8F",
            "owner": "USLACKBOT"
        },
        {
            "id": "1551248537.032300",
            "type": "C",
            "created": 1551248581,
            "user": "UFU0BKD8F",
            "owner": "USLACKBOT"
        },
        {
            "id": "1552639311.116000",
            "type": "C",
            "created": 1554864193,
            "user": "UFU0BKD8F",
            "owner": "USLACKBOT"
        },
        {
            "id": "1554864134.028000",
            "type": "C",
            "created": 1554864208,
            "user": "UFU0BKD8F",
            "owner": "USLACKBOT"
        }
    ],
    "topic": {
        "value": "",
        "creator": "",
        "last_set": 0
    },
    "purpose": {
        "value": "質問は具体的かつ本質的にしましょう。他人にエスパーを求めるの禁止。",
        "creator": "UFU0BKD8F",
        "last_set": 1548897455
    }
},
{
    "id": "CFUAW9FQW",
    "name": "random",
    "created": 1548834160,
    "creator": "UFU0BKD8F",
    "is_archived": false,
    "is_general": false,
    "members": [
        "UFT60TQCQ",
        "UFT9ULVQR",
        "UFTDF1HHQ",
        "UFTKSQ25T",
        "UFU0BKD8F",
        "UFUP9BGES",
        "UG1QN22JZ",
        "UG46Z57TN",
        "UGFSM002K",
        "UGTNGDPUJ",
        "UGV9YDCVD",
        "UGVP0PXRA",
        "UGVSWU1CY",
        "UGVTSE7LG",
        "UGVTYQMSL",
        "UGW0ABZLG",
        "UGW0TPSQY",
        "UGW1DNGRW",
        "UGW264S4Q",
        "UGX7P1RME",
        "UGXFY0V88",
        "UGXHYR44Q",
        "UGY0UR1ND",
        "UGY5WMTHR",
        "UGY6B32E7",
        "UGY6K620K",
        "UGY6L067M",
        "UGY8856P6",
        "UGY886BT6",
        "UGY8C9DDZ",
        "UGY8GDX7W",
        "UGY8U3CSG",
        "UGY8YDQ2G",
        "UGY8Z1NR2",
        "UGY97R6NP",
        "UGY9BJ1NF",
        "UGYAR4QTE",
        "UGYBTNY58",
        "UGYBY2PK6",
        "UGYC5C4MQ",
        "UGYCLKP52",
        "UGYD5RXMJ",
        "UGYHBT55G",
        "UGYK9KX4M",
        "UGYKJTTQD",
        "UGYKRFWLD",
        "UGYQ72T0V",
        "UGYV6SG1Z",
        "UGZ2S5T5J",
        "UGZBSHP8F",
        "UGZBW92F9",
        "UGZCN013R",
        "UGZEH10LX",
        "UGZEKF45V",
        "UGZFN643Z",
        "UGZFRS015",
        "UGZGGSX3R",
        "UGZGU018X",
        "UGZHF5C9M",
        "UGZHL3G58",
        "UGZJ39LRZ",
        "UGZNBEY4E",
        "UGZNSJ3CN",
        "UGZPDFYFQ",
        "UGZPFT6SK",
        "UGZTB47PY",
        "UH06Y5F2S",
        "UH0JY61KR",
        "UH0L29KE1",
        "UH0MSCD7Z",
        "UH0PSGUJ3",
        "UH0R0GHL7",
        "UH0R5GV47",
        "UH15ZT1RV",
        "UH28P989K",
        "UH2LYREDD",
        "UH2PNBBJ7",
        "UH4RQAZ7Z",
        "UH609CXU0",
        "UHEC5ULR2",
        "UHECJRKU7",
        "UHJLRE6TU",
        "UHKCLDNAC",
        "UHPQ8MTFC",
        "UHQDKH59R",
        "UHQTMS7EY",
        "UHR7Y51QA",
        "UHS4SFFA7",
        "UHTHA38AK",
        "UHVFQ5UUC",
        "UHW2WJPJM",
        "UHWMHP8MU",
        "UHWNF64MC",
        "UJ03H37FG",
        "UJ0HPTBD2",
        "UJ138PGJ1",
        "UJ15SRE0M",
        "UJ167V97S",
        "UJ20V4ECC",
        "UJ3BLGMHV",
        "UJ410GNJ2",
        "UJ79LU3U3",
        "UJC42G5JL",
        "UJLC166NP",
        "UJNFY0BAP",
        "UJRB7EG1F",
        "UJW7ZR7PE",
        "UJZCUFM7D",
        "UJZFQ533L",
        "UK30T49RU",
        "UK384DUQH",
        "UKAHKDY2F",
        "UKAHNSLEA",
        "UKAKENQAF",
        "UKCJS13K4",
        "UKEHA1JSW",
        "UKN316Y8Y",
        "UKN9STMK7",
        "UKNKCUDFC",
        "UKP5EASTC",
        "UKQFNH4NN",
        "UKSQ6TT3Q",
        "UKT912NG5",
        "UKU6CLQB0",
        "UKVF41YJV",
        "UL01EEC3E",
        "UL0GEF132",
        "UL0MXS2CD",
        "UL0PQ9UKT",
        "UL1238EFN",
        "UL13ESGJH",
        "UL2LU9BPZ",
        "UL48LDD5Y",
        "UL49H207R",
        "UL4A1JAG3",
        "UL4G4D0UB",
        "UL4J3NUTF",
        "UL59XDEJW",
        "UL5B6R59Q",
        "UL5BG0LQK",
        "UL5MYHN4S",
        "UL90RPEQ7",
        "UL9648EBT",
        "UL96LK5T3",
        "UL97TFWLR",
        "ULF3MUNFN",
        "ULF74RFH9",
        "ULFJL58N8",
        "ULFK57XL4",
        "ULFNFQU9K",
        "ULG0CCQJZ",
        "ULGNBK8CV",
        "ULHJ71XEK",
        "ULHJYBVV5",
        "ULHM5KPHD",
        "ULHM79TJB",
        "ULHMACU6S",
        "ULJGDGFHQ",
        "ULLQAU32Q",
        "ULM2HACH4",
        "ULMDWMXJ6",
        "ULMEHJ56W",
        "ULMEJGX8S",
        "ULMFL4J82",
        "ULMG6D5GB",
        "ULMGQRMTP",
        "ULMGSPA1F",
        "ULNRQ99GB",
        "ULPQ1ECKV",
        "ULQR33F89",
        "ULRDJGN21",
        "ULS55L16V",
        "ULSCJJ61X",
        "ULSFRJ2LR",
        "ULSGHDRED",
        "ULSGHNVPT",
        "ULSHHPEBB",
        "ULT57AZ3R",
        "ULUB60T88",
        "ULUB6GFRT",
        "ULUFKEVT4",
        "ULVDV48SV",
        "ULVN9SU7R",
        "ULVQHSG2U",
        "ULX169QVA",
        "ULXPCDM3J",
        "ULYDVRXNY",
        "ULYGJ2CQ4",
        "ULYSHKF1N",
        "ULYTJ0WBA",
        "ULZ9B9858",
        "ULZGFCK46",
        "ULZRR521W",
        "UM0A2CVDE",
        "UM0CTAZPF",
        "UM0GLQE21",
        "UM0KE9RHA",
        "UM0LZ9SAG",
        "UM0NB2347",
        "UM0NBFPD5",
        "UM12KGR0E",
        "UM15W242H",
        "UM1G01HSL",
        "UM241QY7Q",
        "UM2FB5M29",
        "UM48VG9GR",
        "UM5CGLAHJ",
        "UM8PFT96J",
        "UMDMDL41G",
        "UMF9KBT09",
        "UMFV73316",
        "UMG006XGD",
        "UMGPJKUMR",
        "UMKU63ECB",
        "UML5RT2TE",
        "UMLGPCZJ4",
        "UMRG4RVME",
        "UMSFZUAUS",
        "UMTMSUFKM",
        "UMVGSCQNS",
        "UMYHH04RE",
        "UMYT1J2RX",
        "UN50J6FAL",
        "UN54FJ396",
        "UN5A15HPX",
        "UN76QQCVC",
        "UN88QSGEB",
        "UN9323EH5",
        "UN9JYN048",
        "UNEF1A5L6",
        "UNL56TGTU",
        "UNL57VCAW",
        "UNL581058",
        "UNM6K2A2J",
        "UNMDQPLHH",
        "UNMDYBLJX",
        "UNME3CREF",
        "UNY628KQB",
        "UNYEA4LQ4",
        "UNZEWNK3P",
        "UNZSA1277",
        "UNZTK1Q5T",
        "UP0PN8DP1",
        "UP0PW9X9V",
        "UP0QL0D39",
        "UP21PTGGJ",
        "UP3AANM6U",
        "UP3AB95L5",
        "UP3JFHZ8V",
        "UPDQH0N2E",
        "UPQQ62HEW",
        "UPSJ0B82U",
        "UPSJ0HM5E",
        "UPSR3PHNE",
        "UPT17Q3A6",
        "UPXE0P865",
        "UQ04UFVFW",
        "UQ36361UG",
        "UQ7KXKHB9",
        "UQB0ZP28N",
        "UQKHD9BDE",
        "UQRTVJ0AW",
        "UQSRV97S6",
        "UQT23DJUS",
        "UQT52H29G",
        "UQT8MAKR9",
        "UQTDGB4FM",
        "UQTDZTK9R",
        "UQUBZ2DNX",
        "UQVH5EQQ3",
        "UQXNP147L",
        "UQY4LG0UR",
        "UR0T8CK4G",
        "UR16FPJQZ",
        "UR489PC4U",
        "UR4F2D7GU",
        "UR4NW10LD",
        "UR4SYU1GU",
        "UR4TYNLMS",
        "UR4U1Q324",
        "UR5BX70JC",
        "UR5D4RAER",
        "UR5JPHJ1E",
        "UR5JXDNMT",
        "UR6QTL5RV",
        "UR6TGPC0P",
        "UR7CJRRSB",
        "UR7P4RR2T",
        "UR84TUP46",
        "UR8H8C7PE",
        "UR8QNHXJB",
        "UR8TR0GA3",
        "URAMDQTGU",
        "URBAP68TZ",
        "URCD9ST29",
        "URCP93DLN",
        "UREE40K7A",
        "URGB5J26M",
        "URGTG83V5",
        "URHQT1JSG",
        "URJJ7QQV8",
        "URKFM4N0Z",
        "URN901459",
        "URNHA0WSJ",
        "URW2C3J3Z",
        "URX62CZ7E",
        "URY5JMEAC",
        "URYS4QJ2D",
        "URZU53LCE",
        "US03657SS",
        "US1GXB7F0",
        "US2BT8JTF",
        "US33Y51KR",
        "USBQL1HGA",
        "USCC7GWG6",
        "USDK475L4",
        "USG31LK0R",
        "USJ6SMT9R",
        "USPDQLVJN",
        "USR5WEXGA",
        "USTAX5RQB",
        "USU0US1QT",
        "USUBHB47R",
        "USUED81NH",
        "USXSQU1R8",
        "USZCR4FK5",
        "UT07P147R",
        "UT26F1P98",
        "UT6FECJA3",
        "UT6REA34J",
        "UT86GNAN8",
        "UT87XJ97V",
        "UTA8ZLJ6N",
        "UTAAXRX5E",
        "UTB85GQ6B",
        "UTBTTLSKD",
        "UTHBTHV5J",
        "UTK1B5BB2",
        "UTKLP8Y3F",
        "UTMCUCTCP",
        "UTNN7LWG4",
        "UTPKTK4P7",
        "UTPQKLG8N",
        "UTRTDHJC8",
        "UTS83NH0D",
        "UTUCWU7JS",
        "UU8P38DM3",
        "UU8QSF85T",
        "UUEER9XJA",
        "U010TFUGWQM",
        "U01231YAQG6",
        "U012LPBUH4J",
        "U012X6FSHC7",
        "U013E7MRKRP",
        "U013ELR9F5L",
        "U013X8CRUAC",
        "U01452E41B6",
        "U014DRRJN0H",
        "U014MDYMGTG",
        "U014SFJPEPN",
        "U0152D76T41",
        "U01539XHV6Z",
        "U015S99NJ6P",
        "U015UGRTESD",
        "U015XT0UYPP",
        "U0165RJ0R19",
        "U0169G9FY6T",
        "U016D73CTAR",
        "U016LPBKUBE",
        "U016NST7SBW",
        "U016QF2MR5H",
        "U01742X385Q",
        "U017BU8EJPP",
        "U017FU8292B",
        "U017MBQ0D1U",
        "U017Q1V9H8W",
        "U01836UBJDC",
        "U018491GP1C",
        "U0188QU88TC",
        "U018F14RQBE",
        "U018G73DX9A",
        "U018KBZMXB4",
        "U018WM2DBGA",
        "U018ZT18E8G",
        "U0194UGFUU8",
        "U019AB78N76",
        "U019GHTK6BB",
        "U01AA3TUL1F",
        "U01AB51L3DH",
        "U01AEH6SRL2",
        "U01AKLALPJN",
        "U01APLM5UQK",
        "U01ASRGNFUY",
        "U01AZ40QECR",
        "U01B554L3NH",
        "U01BAHZ6KDY",
        "U01BRVDMDHD",
        "U01C9CR5PQW",
        "U01CQJUFXLN",
        "U01D60GNRT2",
        "U01D71RLHU4",
        "U01DEEV6P2A",
        "U01DNEUQYG2",
        "U01DUGWJZD2",
        "U01DX2J904V",
        "U01E5H76RNX",
        "U01E74AL473",
        "U01EA3TC613",
        "U01EHPK6QN4",
        "U01ENMAQJJ0",
        "U01ERCTPKPE",
        "U01EV5T0NL9",
        "U01FFU7M05V",
        "U01FLSC0LA3",
        "U01FVCMJWMB",
        "U01FVJ3J745",
        "U01G66CGBB8",
        "U01G7AFMH9T",
        "U01GAQPRFQB",
        "U01GD39SE1K",
        "U01GQ0HEYSW",
        "U01GQCASSRZ",
        "U01GSHK6Q81",
        "U01GW0D6MD2",
        "U01GZF5S9TL",
        "U01H1FLCK40",
        "U01HA5H360J",
        "U01HB9906UV",
        "U01HCQAEGTT",
        "U01HD40CYPJ",
        "U01HHGM1NP7",
        "U01HHJBA9EC",
        "U01HHSRC7EU",
        "U01HPDZ9DLH",
        "U01HXSHUER5",
        "U01HZ8465FZ",
        "U01J027JVGB",
        "U01J9JYCCPP",
        "U01JDAC4M3J",
        "U01JGFZ8MPV",
        "U01JHPT7CH5",
        "U01JJL7NLKE",
        "U01JM5R7WE6",
        "U01JS8JUX7W",
        "U01JTCK1DS8",
        "U01K2CMHZCY",
        "U01KA5093FA",
        "U01KM253TEC",
        "U01L84D0DLP",
        "U01LC5Q936H",
        "U01LFASMXQS",
        "U01LMGESZ42",
        "U01LVP05Q7K",
        "U01M1QWC04V",
        "U01M68C6XHV",
        "U01M6J0GR0F",
        "U01M6R3AH8F",
        "U01MEADQS22",
        "U01MEAZQ8LE",
        "U01MEQ9J25U",
        "U01MHPELZJ9",
        "U01MHUNBRFX",
        "U01MJQXH2DB",
        "U01MM5GKG3D",
        "U01MMARCJDR",
        "U01MNB3315W",
        "U01MNLGBV35",
        "U01MNV17CSC",
        "U01MT1T3XA8",
        "U01MTPQFS76",
        "U01MZE1MM97",
        "U01MZF1UK0R",
        "U01MZFHMHFT",
        "U01MZGE8P1P",
        "U01N0RTLZA6",
        "U01NB7CKNF2",
        "U01NMJGPZU5",
        "U01NR6AG0U8",
        "U01NST3EXMZ",
        "U01P1TRLC3A",
        "U01PCB338C8",
        "U01PPSCRKK5",
        "U01PV6TQ09M",
        "U01QAAU1KL6",
        "U01QG0L9XC3",
        "U01R2260A8K",
        "U01RMATU32M",
        "U01RTKP60JW",
        "U01RV4S0WBA",
        "U01RVK12UF5",
        "U01SAG7QJTV",
        "U01SZS4FUMS",
        "U01T81QQ9T9",
        "U01TMEARC2F",
        "U01TRSXGK5G",
        "U01TWR5RWR3",
        "U01UFMZRR8Q",
        "U01UFN81W1E",
        "U01UJCYB2HJ",
        "U01UYPJ0NLT",
        "U0204S8L4BS",
        "U0206UEC6TT",
        "U020ZPER9RC",
        "U021JMH95PW",
        "U0222PLP55H",
        "U022LJV63A4",
        "U022Z6T9QN8",
        "U02353KP6MC",
        "U0238PV5W3E",
        "U023RSZNJN4",
        "U024FJF2V8T",
        "U024S4FNL05",
        "U025GKR30KX",
        "U025KTB1R7S",
        "U025NJ9CFRS",
        "U025YNTUDBP",
        "U026E546UDQ",
        "U026LJVFN2K",
        "U026SAFQCUS",
        "U026WKSAKTK",
        "U027G0V1Z8F",
        "U027K91JRFC",
        "U027KU47W56",
        "U027N0PH7RV",
        "U027Q3A22UX",
        "U027V689WTV",
        "U02813WAXSP",
        "U0288NFV49M",
        "U02942B00KS",
        "U029D7W0BJ5",
        "U029HDK176Y",
        "U029QS20V1A",
        "U029WHR4ZBK",
        "U02BJ9XDHSN",
        "U02BLLXUHLM",
        "U02BM6UUFJA",
        "U02BXJBMQG5",
        "U02C2B3FDCN",
        "U02CYMZSKGQ",
        "U02D4NMPQ9X",
        "U02DCS0HVTP",
        "U02DVGVAY9X"
    ],
    "pins": [
        {
            "id": "1548983861.011600",
            "type": "C",
            "created": 1548983919,
            "user": "UFTKSQ25T",
            "owner": "UFU0BKD8F"
        }
    ],
    "topic": {
        "value": "好きなこと書きましょう",
        "creator": "UFU0BKD8F",
        "last_set": 1548848469
    },
    "purpose": {
        "value": "緩いコミュニケーション目的でなんでも雑談するところ。本日のおやつ投下推奨。",
        "creator": "UFU0BKD8F",
        "last_set": 1549952568
    }
},
{
    "id": "CG2UA0AA2",
    "name": "release",
    "created": 1549591193,
    "creator": "UFU0BKD8F",
    "is_archived": false,
    "is_general": false,
    "members": [
        "UFT60TQCQ",
        "UFT9ULVQR",
        "UFTKSQ25T",
        "UFU0BKD8F",
        "UFUP9BGES",
        "UGFSM002K",
        "UGTNGDPUJ",
        "UGW0ABZLG",
        "UGW0TPSQY",
        "UGW264S4Q",
        "UGXFY0V88",
        "UGXHYR44Q",
        "UGY8U3CSG",
        "UGY9BJ1NF",
        "UGZCN013R",
        "UGZNSJ3CN",
        "UH0PSGUJ3",
        "UH4RQAZ7Z",
        "UH609CXU0",
        "UHWMHP8MU",
        "UJ03H37FG",
        "UJ0HPTBD2",
        "UJ3BLGMHV",
        "UJ79LU3U3",
        "UJRB7EG1F",
        "UJW7ZR7PE",
        "UJZCUFM7D",
        "UKAHKDY2F",
        "UKAHNSLEA",
        "UKAKENQAF",
        "UKEHA1JSW",
        "UKN9STMK7",
        "UKQFNH4NN",
        "UKT912NG5",
        "UL0PQ9UKT",
        "UL13ESGJH",
        "UL49H207R",
        "UL4A1JAG3",
        "UL5B6R59Q",
        "UL90RPEQ7",
        "UL9648EBT",
        "UL96LK5T3",
        "UL97TFWLR",
        "ULF3MUNFN",
        "ULFJL58N8",
        "ULFNFQU9K",
        "ULHJYBVV5",
        "ULHM79TJB",
        "ULMG6D5GB",
        "ULNRQ99GB",
        "ULRDJGN21",
        "ULSCJJ61X",
        "ULSGHDRED",
        "ULSHHPEBB",
        "ULUB6GFRT",
        "ULUFKEVT4",
        "ULVDV48SV",
        "ULVN9SU7R",
        "ULX169QVA",
        "ULYDVRXNY",
        "ULZRR521W",
        "UM0CTAZPF",
        "UM12KGR0E",
        "UM1G01HSL",
        "UM2FB5M29",
        "UM8PFT96J",
        "UMFV73316",
        "UMKU63ECB",
        "UMRG4RVME",
        "UMTMSUFKM",
        "UMVGSCQNS",
        "UMYHH04RE",
        "UN50J6FAL",
        "UN54FJ396",
        "UN9323EH5",
        "UN9JYN048",
        "UNL581058",
        "UNMDYBLJX",
        "UNME3CREF",
        "UP3AB95L5",
        "UQSRV97S6",
        "UQT52H29G",
        "UR0T8CK4G",
        "UR4SYU1GU",
        "UR4TYNLMS",
        "UR5JXDNMT",
        "UR6TGPC0P",
        "UR84TUP46",
        "UR8QNHXJB",
        "URBAP68TZ",
        "UREE40K7A",
        "URY5JMEAC",
        "US33Y51KR",
        "USPDQLVJN",
        "USXSQU1R8",
        "USZCR4FK5",
        "UT26F1P98",
        "UT6REA34J",
        "UTA8ZLJ6N",
        "UTAAXRX5E",
        "UTK1B5BB2",
        "U013E7MRKRP",
        "U013ELR9F5L",
        "U014MDYMGTG",
        "U0165RJ0R19",
        "U017BU8EJPP",
        "U017MBQ0D1U",
        "U01836UBJDC",
        "U018491GP1C",
        "U0188QU88TC",
        "U018F14RQBE",
        "U01AEH6SRL2",
        "U01APLM5UQK",
        "U01B554L3NH",
        "U01CQJUFXLN",
        "U01D71RLHU4",
        "U01DX2J904V",
        "U01EA3TC613",
        "U01FLSC0LA3",
        "U01FVCMJWMB",
        "U01G7AFMH9T",
        "U01H1FLCK40",
        "U01HA5H360J",
        "U01HHJBA9EC",
        "U01J027JVGB",
        "U01JS8JUX7W",
        "U01LC5Q936H",
        "U01LFASMXQS",
        "U01MEAZQ8LE",
        "U01MHPELZJ9",
        "U01MMARCJDR",
        "U01NR6AG0U8",
        "U01RVK12UF5",
        "U01TRSXGK5G",
        "U01UFN81W1E",
        "U01UYPJ0NLT",
        "U021JMH95PW",
        "U024FJF2V8T",
        "U025GKR30KX",
        "U025KTB1R7S",
        "U026E546UDQ",
        "U029QS20V1A",
        "U029WHR4ZBK",
        "U02BJ9XDHSN"
    ],
    "topic": {
        "value": "",
        "creator": "",
        "last_set": 0
    },
    "purpose": {
        "value": "release bot にお知らせさせる",
        "creator": "UFU0BKD8F",
        "last_set": 1549591194
    }
},
{
    "id": "CG45XC0SY",
    "name": "rss",
    "created": 1549942235,
    "creator": "UFU0BKD8F",
    "is_archived": false,
    "is_general": false,
    "members": [
        "UFTKSQ25T",
        "UFU0BKD8F",
        "UFUP9BGES",
        "UG46Z57TN",
        "UGTNGDPUJ",
        "UGW0ABZLG",
        "UGW264S4Q",
        "UGXFY0V88",
        "UGY8U3CSG",
        "UGZCN013R",
        "UGZTB47PY",
        "UH0JY61KR",
        "UH0PSGUJ3",
        "UJ03H37FG",
        "UJ0HPTBD2",
        "UJ167V97S",
        "UJW7ZR7PE",
        "UJZCUFM7D",
        "UKAHKDY2F",
        "UKAHNSLEA",
        "UKT912NG5",
        "UL49H207R",
        "UL5B6R59Q",
        "ULFJL58N8",
        "ULFK57XL4",
        "ULFNFQU9K",
        "ULRDJGN21",
        "ULVN9SU7R",
        "ULYSHKF1N",
        "ULZRR521W",
        "UM0CTAZPF",
        "UM12KGR0E",
        "UM1G01HSL",
        "UM8PFT96J",
        "UN50J6FAL",
        "UN76QQCVC",
        "UN9323EH5",
        "UNMDYBLJX",
        "UP0QL0D39",
        "UR4SYU1GU",
        "UR4TYNLMS",
        "UR6TGPC0P",
        "UR84TUP46",
        "URBAP68TZ",
        "URJJ7QQV8",
        "UTA8ZLJ6N",
        "UTB85GQ6B",
        "UTMCUCTCP",
        "UTPQKLG8N",
        "U014MDYMGTG",
        "U017BU8EJPP",
        "U018F14RQBE",
        "U01AEH6SRL2",
        "U01APLM5UQK",
        "U01B554L3NH",
        "U01CQJUFXLN",
        "U01D71RLHU4",
        "U01DX2J904V",
        "U01FLSC0LA3",
        "U01FVCMJWMB",
        "U01G7AFMH9T",
        "U01H1FLCK40",
        "U01RVK12UF5",
        "U01UFN81W1E",
        "U0222PLP55H",
        "U025GKR30KX",
        "U025KTB1R7S",
        "U026E546UDQ",
        "U026SAFQCUS",
        "U029QS20V1A",
        "U02BJ9XDHSN",
        "U02BLLXUHLM"
    ],
    "topic": {
        "value": "",
        "creator": "",
        "last_set": 0
    },
    "purpose": {
        "value": "terraform 関連のRSSを流すよ。リストが欲しい時は \/feed list ってすればいいよ。 追加したいときは \/feed rss-url ってすればいいと思うよ。",
        "creator": "UFU0BKD8F",
        "last_set": 1549943634
    }
},
{
    "id": "CJPQ4NCA2",
    "name": "ちょっとしたこと",
    "created": 1557742760,
    "creator": "UFU0BKD8F",
    "is_archived": false,
    "is_general": false,
    "members": [
        "UFT60TQCQ",
        "UFT9ULVQR",
        "UFTKSQ25T",
        "UFU0BKD8F",
        "UFUP9BGES",
        "UG46Z57TN",
        "UGFSM002K",
        "UGTNGDPUJ",
        "UGV9YDCVD",
        "UGVTSE7LG",
        "UGW0ABZLG",
        "UGW264S4Q",
        "UGXFY0V88",
        "UGXHYR44Q",
        "UGY5WMTHR",
        "UGY8U3CSG",
        "UGY8YDQ2G",
        "UGY9BJ1NF",
        "UGYC5C4MQ",
        "UGYD5RXMJ",
        "UGYQ72T0V",
        "UGZBSHP8F",
        "UGZJ39LRZ",
        "UGZPDFYFQ",
        "UGZTB47PY",
        "UH0JY61KR",
        "UH0PSGUJ3",
        "UH2LYREDD",
        "UHKCLDNAC",
        "UHS4SFFA7",
        "UHWMHP8MU",
        "UHWNF64MC",
        "UJ0HPTBD2",
        "UJ15SRE0M",
        "UJC42G5JL",
        "UJNFY0BAP",
        "UJRB7EG1F",
        "UJZCUFM7D",
        "UKAHKDY2F",
        "UKAHNSLEA",
        "UKAKENQAF",
        "UKEHA1JSW",
        "UKQFNH4NN",
        "UKT912NG5",
        "UL0PQ9UKT",
        "UL13ESGJH",
        "UL49H207R",
        "UL4J3NUTF",
        "UL5B6R59Q",
        "UL90RPEQ7",
        "UL9648EBT",
        "UL97TFWLR",
        "ULFJL58N8",
        "ULFK57XL4",
        "ULFNFQU9K",
        "ULHM5KPHD",
        "ULHM79TJB",
        "ULJGDGFHQ",
        "ULMG6D5GB",
        "ULNRQ99GB",
        "ULRDJGN21",
        "ULS55L16V",
        "ULSCJJ61X",
        "ULSGHDRED",
        "ULSHHPEBB",
        "ULUFKEVT4",
        "ULVDV48SV",
        "ULVN9SU7R",
        "ULVQHSG2U",
        "ULX169QVA",
        "ULYDVRXNY",
        "ULZRR521W",
        "UM0CTAZPF",
        "UM12KGR0E",
        "UM1G01HSL",
        "UM8PFT96J",
        "UMF9KBT09",
        "UMKU63ECB",
        "UML5RT2TE",
        "UMRG4RVME",
        "UMTMSUFKM",
        "UMVGSCQNS",
        "UMYHH04RE",
        "UN54FJ396",
        "UN9323EH5",
        "UN9JYN048",
        "UNL581058",
        "UNMDQPLHH",
        "UNMDYBLJX",
        "UP0QL0D39",
        "UP3AB95L5",
        "UP3JFHZ8V",
        "UPQQ62HEW",
        "UQSRV97S6",
        "UQT52H29G",
        "UR0T8CK4G",
        "UR4TYNLMS",
        "UR6TGPC0P",
        "UR8TR0GA3",
        "URAMDQTGU",
        "URBAP68TZ",
        "URY5JMEAC",
        "US2BT8JTF",
        "US33Y51KR",
        "USPDQLVJN",
        "USXSQU1R8",
        "UT26F1P98",
        "UT6FECJA3",
        "UT6REA34J",
        "UT87XJ97V",
        "UTA8ZLJ6N",
        "UTAAXRX5E",
        "UTK1B5BB2",
        "UTKLP8Y3F",
        "UTPQKLG8N",
        "UTRTDHJC8",
        "UTS83NH0D",
        "UTUCWU7JS",
        "UU8QSF85T",
        "U013E7MRKRP",
        "U013ELR9F5L",
        "U013X8CRUAC",
        "U014MDYMGTG",
        "U0152D76T41",
        "U015S99NJ6P",
        "U016NST7SBW",
        "U017BU8EJPP",
        "U017MBQ0D1U",
        "U018F14RQBE",
        "U01AEH6SRL2",
        "U01APLM5UQK",
        "U01AZ40QECR",
        "U01CQJUFXLN",
        "U01D71RLHU4",
        "U01DX2J904V",
        "U01EA3TC613",
        "U01ERCTPKPE",
        "U01FLSC0LA3",
        "U01G7AFMH9T",
        "U01GAQPRFQB",
        "U01GSHK6Q81",
        "U01GW0D6MD2",
        "U01H1FLCK40",
        "U01HD40CYPJ",
        "U01HHJBA9EC",
        "U01HHSRC7EU",
        "U01HPDZ9DLH",
        "U01J027JVGB",
        "U01JJL7NLKE",
        "U01LC5Q936H",
        "U01LFASMXQS",
        "U01LVP05Q7K",
        "U01M1QWC04V",
        "U01MEAZQ8LE",
        "U01MHPELZJ9",
        "U01MMARCJDR",
        "U01MNV17CSC",
        "U01MT1T3XA8",
        "U01NR6AG0U8",
        "U01PV6TQ09M",
        "U01RVK12UF5",
        "U01UFN81W1E",
        "U0204S8L4BS",
        "U0206UEC6TT",
        "U021JMH95PW",
        "U0222PLP55H",
        "U024FJF2V8T",
        "U025GKR30KX",
        "U025KTB1R7S",
        "U025YNTUDBP",
        "U026E546UDQ",
        "U026SAFQCUS",
        "U027Q3A22UX",
        "U0288NFV49M",
        "U029HDK176Y",
        "U029QS20V1A",
        "U029WHR4ZBK",
        "U02BJ9XDHSN",
        "U02BLLXUHLM",
        "U02D4NMPQ9X"
    ],
    "topic": {
        "value": "",
        "creator": "",
        "last_set": 0
    },
    "purpose": {
        "value": "質問ってほどでもないし、雑談って感じでもない、とりあえずterraformに関することならなんでも放り込むチャンネル。質問するのに何か手を打つ前にここに放流したらちょっと手っ取り早いかもしれない、くらいの。",
        "creator": "UFU0BKD8F",
        "last_set": 1557745077
    }
},
{
    "id": "CSSF0UVT7",
    "name": "hashicorp_products",
    "created": 1579238596,
    "creator": "UFU0BKD8F",
    "is_archived": false,
    "is_general": false,
    "members": [
        "UFT60TQCQ",
        "UFTKSQ25T",
        "UFU0BKD8F",
        "UGFSM002K",
        "UGVSWU1CY",
        "UGW0ABZLG",
        "UGW0TPSQY",
        "UGXFY0V88",
        "UGXHYR44Q",
        "UGY8U3CSG",
        "UGZCN013R",
        "UGZNSJ3CN",
        "UH0JY61KR",
        "UH0PSGUJ3",
        "UHQDKH59R",
        "UHS4SFFA7",
        "UJRB7EG1F",
        "UKAHKDY2F",
        "UKAHNSLEA",
        "UL49H207R",
        "UL5B6R59Q",
        "UL90RPEQ7",
        "UL96LK5T3",
        "ULFJL58N8",
        "ULFK57XL4",
        "ULHJ71XEK",
        "ULMG6D5GB",
        "ULNRQ99GB",
        "ULUB6GFRT",
        "ULVN9SU7R",
        "ULYDVRXNY",
        "ULZGFCK46",
        "ULZRR521W",
        "UM0CTAZPF",
        "UM12KGR0E",
        "UM1G01HSL",
        "UM2FB5M29",
        "UMSFZUAUS",
        "UMVGSCQNS",
        "UNMDYBLJX",
        "UNZSA1277",
        "UQTDZTK9R",
        "UR0T8CK4G",
        "UR16FPJQZ",
        "UR489PC4U",
        "UR4TYNLMS",
        "UR5BX70JC",
        "UR6TGPC0P",
        "UR8QNHXJB",
        "UR8TR0GA3",
        "URBAP68TZ",
        "UREE40K7A",
        "URJJ7QQV8",
        "US03657SS",
        "USJ6SMT9R",
        "USTAX5RQB",
        "UT07P147R",
        "UT6FECJA3",
        "UT6REA34J",
        "UTA8ZLJ6N",
        "UTB85GQ6B",
        "UTRTDHJC8",
        "UTUCWU7JS",
        "UU8P38DM3",
        "U012X6FSHC7",
        "U014MDYMGTG",
        "U0152D76T41",
        "U016D73CTAR",
        "U017BU8EJPP",
        "U017MBQ0D1U",
        "U01836UBJDC",
        "U018F14RQBE",
        "U019GHTK6BB",
        "U01AEH6SRL2",
        "U01APLM5UQK",
        "U01BRVDMDHD",
        "U01CQJUFXLN",
        "U01D71RLHU4",
        "U01DNEUQYG2",
        "U01DX2J904V",
        "U01E5H76RNX",
        "U01EA3TC613",
        "U01FLSC0LA3",
        "U01FVCMJWMB",
        "U01G7AFMH9T",
        "U01GZF5S9TL",
        "U01H1FLCK40",
        "U01HA5H360J",
        "U01HHSRC7EU",
        "U01LFASMXQS",
        "U01LVP05Q7K",
        "U01M6J0GR0F",
        "U01MHPELZJ9",
        "U01MNV17CSC",
        "U01MZGE8P1P",
        "U01RV4S0WBA",
        "U01RVK12UF5",
        "U01TRSXGK5G",
        "U01TWR5RWR3",
        "U01UFN81W1E",
        "U01UYPJ0NLT",
        "U0204S8L4BS",
        "U021JMH95PW",
        "U0222PLP55H",
        "U02353KP6MC",
        "U024FJF2V8T",
        "U025GKR30KX",
        "U025KTB1R7S",
        "U026E546UDQ",
        "U029HDK176Y",
        "U029QS20V1A",
        "U02BJ9XDHSN",
        "U02D4NMPQ9X"
    ],
    "topic": {
        "value": "",
        "creator": "",
        "last_set": 0
    },
    "purpose": {
        "value": "HashiCorp のterraform以外のプロダクトについても話しやすくするための試み",
        "creator": "UFU0BKD8F",
        "last_set": 1579238639
    }
}
]