[
    {
        "type": "message",
        "subtype": "bot_message",
        "text": "",
        "ts": "1562341006.000100",
        "bot_id": "BG2UDF0NA",
        "attachments": [
            {
                "fallback": "terraform-providers\/terraform-provider-aws on GitHub\nv2.18.0",
                "text": "`v2.18.0`",
                "title": "terraform-providers\/terraform-provider-aws on GitHub",
                "id": 1,
                "title_link": "https:\/\/newreleases.io\/github\/terraform-providers\/terraform-provider-aws",
                "mrkdwn_in": [
                    "text"
                ]
            }
        ]
    }
]