[
    {
        "type": "message",
        "subtype": "bot_message",
        "text": "",
        "ts": "1562595185.000400",
        "bot_id": "BG2UDF0NA",
        "attachments": [
            {
                "fallback": "hashicorp\/consul on GitHub\nv1.6.0-beta1",
                "text": "`v1.6.0-beta1`",
                "title": "hashicorp\/consul on GitHub",
                "id": 1,
                "title_link": "https:\/\/newreleases.io\/github\/hashicorp\/consul",
                "mrkdwn_in": [
                    "text"
                ]
            }
        ]
    },
    {
        "type": "message",
        "subtype": "bot_message",
        "text": "",
        "ts": "1562604711.000500",
        "bot_id": "BG2UDF0NA",
        "attachments": [
            {
                "fallback": "wata727\/tflint on GitHub\nv0.9.1v0.9.1\nrelease note: <https:\/\/newreleases.io\/github\/wata727\/tflint?version=v0.9.1>",
                "text": "*v0.9.1* `v0.9.1`\n```\n------------------\n0.9.1 (2019-07-09)\n------------------\n\nGPG key ID: 8CE69160EB3F2FE9\n\nEnhancements\n------------\n\n* #348 ( <https:\/\/github.com\/wata727\/tflint\/pull\/348> ) : Update launch configuration instance types\n\n* #350 ( <https:\/\/github.com\/wata727\/tflint\/pull\/350> ) : Add terraform_documented_variables\/outputs rules\n\n* #356 ( <https:\/\/github.com\/wata727\/tflint\/pull\/356> ) : Bump terraform-aws-provider from v2.16.0 to v2.18.0\n\nBugFixes\n--------\n\n* #355 ( <https:\/\/github.com\/wata727\/tflint\/pull\/355> ) : Fix a false positive for log-delivery-write ACL\n\nChores\n------\n\n* #346 ( <https:\/\/github.com\/wata727\/tflint\/pull\/346> ) : Docs: Limitations -&gt; Compatibility with Terraform\n\n* #347 ( <https:\/\/github.com\/wata727\/tflint\/pull\/347> ) : Fix rule generator\n```\n<https:\/\/newreleases.io\/github\/wata727\/tflint?version=v0.9.1|release note...>",
                "title": "wata727\/tflint on GitHub",
                "id": 1,
                "title_link": "https:\/\/newreleases.io\/github\/wata727\/tflint",
                "mrkdwn_in": [
                    "text"
                ]
            }
        ]
    },
    {
        "bot_id": "BH12QQBB4",
        "type": "message",
        "text": "",
        "user": "UGYL7FUBA",
        "ts": "1562606217.000600",
        "team": "TFU0BKCQP",
        "bot_profile": {
            "id": "BH12QQBB4",
            "deleted": false,
            "name": "GitHub",
            "updated": 1552744762,
            "app_id": "A8GBNUWU8",
            "icons": {
                "image_36": "https:\/\/slack-files2.s3-us-west-2.amazonaws.com\/avatars\/2017-12-19\/288981919427_f45f04edd92902a96859_36.png",
                "image_48": "https:\/\/slack-files2.s3-us-west-2.amazonaws.com\/avatars\/2017-12-19\/288981919427_f45f04edd92902a96859_48.png",
                "image_72": "https:\/\/slack-files2.s3-us-west-2.amazonaws.com\/avatars\/2017-12-19\/288981919427_f45f04edd92902a96859_72.png"
            },
            "team_id": "TFU0BKCQP"
        },
        "attachments": [
            {
                "author_name": "chaspy",
                "fallback": "[terraformjp\/terraformjp.github.io] #10 Add event information",
                "text": "<https:\/\/github.com\/officel|@officel> <https:\/\/github.com\/morihaya|@morihaya> Please review and merge :pray:",
                "pretext": "Pull request opened by chaspy",
                "title": "#10 Add event information",
                "footer": "<https:\/\/github.com\/terraformjp\/terraformjp.github.io|terraformjp\/terraformjp.github.io>",
                "id": 1,
                "title_link": "https:\/\/github.com\/terraformjp\/terraformjp.github.io\/pull\/10",
                "author_link": "https:\/\/github.com\/chaspy",
                "author_icon": "https:\/\/avatars2.githubusercontent.com\/u\/10370988?v=4",
                "ts": 1562606214,
                "color": "36a64f",
                "mrkdwn_in": [
                    "text"
                ]
            }
        ]
    },
    {
        "type": "message",
        "subtype": "bot_message",
        "text": "",
        "ts": "1562612711.000700",
        "bot_id": "BG2UDF0NA",
        "attachments": [
            {
                "fallback": "cloudposse\/terraform-aws-dynamodb on GitHub\n0.10.0 Convert to TF 0.12. Add tests. Add Codefresh test pipeline0.10.0\nrelease note: <https:\/\/newreleases.io\/github\/cloudposse\/terraform-aws-dynamodb?version=0.10.0>",
                "text": "*0.10.0 Convert to TF 0.12. Add tests. Add Codefresh test pipeline* `0.10.0`\n```\n----\nwhat\n----\n\n* Port module to Terraform 0.12\n\n* Pin all providers\n\n* Add example for testing\n\n* Add bats and terratest for the example\n\n* Add Codefresh badge to point to the test pipeline in terraform-modules project\n\n* Update README\n\n---\nwhy\n---\n\n* Module currently does not work with 0.12. Much easier syntax\n\n* Better regression control\n\n* Automatically test the example on every commit and pull request\n\n* Provision resources on AWS in the test account and check the outputs for the correct values\n\n* terraform-modules project contains pipelines for all terraform modules\n```\n<https:\/\/newreleases.io\/github\/cloudposse\/terraform-aws-dynamodb?version=0.10.0|release note...>",
                "title": "cloudposse\/terraform-aws-dynamodb on GitHub",
                "id": 1,
                "title_link": "https:\/\/newreleases.io\/github\/cloudposse\/terraform-aws-dynamodb",
                "mrkdwn_in": [
                    "text"
                ]
            }
        ]
    },
    {
        "bot_id": "BH12QQBB4",
        "type": "message",
        "text": "",
        "user": "UGYL7FUBA",
        "ts": "1562631939.000800",
        "team": "TFU0BKCQP",
        "bot_profile": {
            "id": "BH12QQBB4",
            "deleted": false,
            "name": "GitHub",
            "updated": 1552744762,
            "app_id": "A8GBNUWU8",
            "icons": {
                "image_36": "https:\/\/slack-files2.s3-us-west-2.amazonaws.com\/avatars\/2017-12-19\/288981919427_f45f04edd92902a96859_36.png",
                "image_48": "https:\/\/slack-files2.s3-us-west-2.amazonaws.com\/avatars\/2017-12-19\/288981919427_f45f04edd92902a96859_48.png",
                "image_72": "https:\/\/slack-files2.s3-us-west-2.amazonaws.com\/avatars\/2017-12-19\/288981919427_f45f04edd92902a96859_72.png"
            },
            "team_id": "TFU0BKCQP"
        },
        "attachments": [
            {
                "author_name": "officel",
                "fallback": "[terraformjp\/terraformjp.github.io] <https:\/\/github.com\/terraformjp\/terraformjp.github.io\/compare\/02beaadf97f2...27b004e50281|2 new commits> pushed to <https:\/\/github.com\/terraformjp\/terraformjp.github.io\/tree\/master|`master`>",
                "text": "*<https:\/\/github.com\/terraformjp\/terraformjp.github.io\/compare\/02beaadf97f2...27b004e50281|2 new commits> pushed to <https:\/\/github.com\/terraformjp\/terraformjp.github.io\/tree\/master|`master`>*\n<https:\/\/github.com\/terraformjp\/terraformjp.github.io\/commit\/8a391d46d06bf6c59a2ebacde8c40a01481b440a|`8a391d46`> - Add event information\n<https:\/\/github.com\/terraformjp\/terraformjp.github.io\/commit\/27b004e50281d6269bd04345f9a5eed59922730d|`27b004e5`> - Merge pull request #10 from terraformjp\/add-event",
                "footer": "<https:\/\/github.com\/terraformjp\/terraformjp.github.io|terraformjp\/terraformjp.github.io>",
                "id": 1,
                "author_link": "https:\/\/github.com\/officel",
                "author_icon": "https:\/\/avatars0.githubusercontent.com\/u\/110354?v=4",
                "color": "24292f",
                "mrkdwn_in": [
                    "text"
                ]
            }
        ]
    },
    {
        "bot_id": "BH12QQBB4",
        "type": "message",
        "text": "",
        "user": "UGYL7FUBA",
        "ts": "1562631940.000900",
        "team": "TFU0BKCQP",
        "bot_profile": {
            "id": "BH12QQBB4",
            "deleted": false,
            "name": "GitHub",
            "updated": 1552744762,
            "app_id": "A8GBNUWU8",
            "icons": {
                "image_36": "https:\/\/slack-files2.s3-us-west-2.amazonaws.com\/avatars\/2017-12-19\/288981919427_f45f04edd92902a96859_36.png",
                "image_48": "https:\/\/slack-files2.s3-us-west-2.amazonaws.com\/avatars\/2017-12-19\/288981919427_f45f04edd92902a96859_48.png",
                "image_72": "https:\/\/slack-files2.s3-us-west-2.amazonaws.com\/avatars\/2017-12-19\/288981919427_f45f04edd92902a96859_72.png"
            },
            "team_id": "TFU0BKCQP"
        },
        "attachments": [
            {
                "fallback": "[terraformjp\/terraformjp.github.io] #10 Add event information",
                "pretext": "Pull request merged by officel",
                "title": "#10 Add event information",
                "footer": "<https:\/\/github.com\/terraformjp\/terraformjp.github.io|terraformjp\/terraformjp.github.io>",
                "id": 1,
                "title_link": "https:\/\/github.com\/terraformjp\/terraformjp.github.io\/pull\/10",
                "ts": 1562606214,
                "color": "6f42c1",
                "mrkdwn_in": [
                    "text"
                ]
            }
        ]
    },
    {
        "bot_id": "BH12QQBB4",
        "type": "message",
        "text": "",
        "user": "UGYL7FUBA",
        "ts": "1562631945.001000",
        "team": "TFU0BKCQP",
        "bot_profile": {
            "id": "BH12QQBB4",
            "deleted": false,
            "name": "GitHub",
            "updated": 1552744762,
            "app_id": "A8GBNUWU8",
            "icons": {
                "image_36": "https:\/\/slack-files2.s3-us-west-2.amazonaws.com\/avatars\/2017-12-19\/288981919427_f45f04edd92902a96859_36.png",
                "image_48": "https:\/\/slack-files2.s3-us-west-2.amazonaws.com\/avatars\/2017-12-19\/288981919427_f45f04edd92902a96859_48.png",
                "image_72": "https:\/\/slack-files2.s3-us-west-2.amazonaws.com\/avatars\/2017-12-19\/288981919427_f45f04edd92902a96859_72.png"
            },
            "team_id": "TFU0BKCQP"
        },
        "attachments": [
            {
                "author_name": "officel",
                "fallback": "[terraformjp\/terraformjp.github.io] Successfully deployed 27b004e to github-pages",
                "text": "Successfully deployed <https:\/\/github.com\/terraformjp\/terraformjp.github.io\/commit\/27b004e50281d6269bd04345f9a5eed59922730d|`27b004e`> to github-pages",
                "footer": "<https:\/\/github.com\/terraformjp\/terraformjp.github.io|terraformjp\/terraformjp.github.io>",
                "id": 1,
                "author_link": "https:\/\/github.com\/officel",
                "author_icon": "https:\/\/avatars0.githubusercontent.com\/u\/110354?v=4",
                "color": "28a745",
                "mrkdwn_in": [
                    "text"
                ]
            }
        ]
    }
]