[
    {
        "type": "message",
        "subtype": "bot_message",
        "text": "",
        "ts": "1562052230.003400",
        "bot_id": "BG2UDF0NA",
        "attachments": [
            {
                "fallback": "terraform-providers\/terraform-provider-kubernetes on GitHub\nv1.8.0",
                "text": "`v1.8.0`",
                "title": "terraform-providers\/terraform-provider-kubernetes on GitHub",
                "id": 1,
                "title_link": "https:\/\/newreleases.io\/github\/terraform-providers\/terraform-provider-kubernetes",
                "mrkdwn_in": [
                    "text"
                ]
            }
        ]
    },
    {
        "type": "message",
        "subtype": "bot_message",
        "text": "",
        "ts": "1562094350.003500",
        "bot_id": "BG2UDF0NA",
        "attachments": [
            {
                "fallback": "terraform-providers\/terraform-provider-google on GitHub\nv2.10.0",
                "text": "`v2.10.0`",
                "title": "terraform-providers\/terraform-provider-google on GitHub",
                "id": 1,
                "title_link": "https:\/\/newreleases.io\/github\/terraform-providers\/terraform-provider-google",
                "mrkdwn_in": [
                    "text"
                ]
            }
        ]
    }
]