[
    {
        "type": "message",
        "subtype": "bot_message",
        "text": "",
        "ts": "1563544804.003900",
        "bot_id": "BG2UDF0NA",
        "attachments": [
            {
                "fallback": "terraform-providers\/terraform-provider-kubernetes on GitHub\nv1.8.1",
                "text": "`v1.8.1`",
                "title": "terraform-providers\/terraform-provider-kubernetes on GitHub",
                "id": 1,
                "title_link": "https:\/\/newreleases.io\/github\/terraform-providers\/terraform-provider-kubernetes",
                "mrkdwn_in": [
                    "text"
                ]
            }
        ]
    },
    {
        "type": "message",
        "subtype": "bot_message",
        "text": "",
        "ts": "1563550797.004000",
        "bot_id": "BG2UDF0NA",
        "attachments": [
            {
                "fallback": "terraform-providers\/terraform-provider-aws on GitHub\nv2.20.0",
                "text": "`v2.20.0`",
                "title": "terraform-providers\/terraform-provider-aws on GitHub",
                "id": 1,
                "title_link": "https:\/\/newreleases.io\/github\/terraform-providers\/terraform-provider-aws",
                "mrkdwn_in": [
                    "text"
                ]
            }
        ],
        "reactions": [
            {
                "name": "tada",
                "users": [
                    "UG46Z57TN"
                ],
                "count": 1
            }
        ]
    },
    {
        "type": "message",
        "subtype": "bot_message",
        "text": "",
        "ts": "1563605374.000100",
        "bot_id": "BG2UDF0NA",
        "attachments": [
            {
                "fallback": "wata727\/tflint on GitHub\nv0.9.2",
                "text": "`v0.9.2`",
                "title": "wata727\/tflint on GitHub",
                "id": 1,
                "title_link": "https:\/\/newreleases.io\/github\/wata727\/tflint",
                "mrkdwn_in": [
                    "text"
                ]
            }
        ]
    },
    {
        "type": "message",
        "subtype": "bot_message",
        "text": "",
        "ts": "1563605974.000300",
        "bot_id": "BG2UDF0NA",
        "attachments": [
            {
                "fallback": "wata727\/tflint on GitHub\nv0.9.2v0.9.2 updated\nrelease note: <https:\/\/newreleases.io\/github\/wata727\/tflint?version=v0.9.2>",
                "text": "*v0.9.2* `v0.9.2` _updated_\n```\n------------------\n0.9.2 (2019-07-20)\n------------------\n\nGPG key ID: 8CE69160EB3F2FE9\n\nEnhancements\n------------\n\n* #360 ( <https:\/\/github.com\/wata727\/tflint\/pull\/360> ) : Allow settings shared credentials file path\n\n* Added --aws-creds-file in CLI flags\n\n* Added shared_credentials_file in config attributes\n\n* #365 ( <https:\/\/github.com\/wata727\/tflint\/pull\/365> ) : TFLint is now compatible with Terraform v0.12.5\n\n* See <https:\/\/github.com\/hashicorp\/terraform\/releases\/tag\/v0.12.4>\n\n* See <https:\/\/github.com\/hashicorp\/terraform\/releases\/tag\/v0.12.5>\n\n* #367 ( <https:\/\/github.com\/wata727\/tflint\/pull\/367> ) : TFLint is now compatible with Terraform AWS provider v2.20.0\n\n* Updated aws_cloudwatch_metric_alarm_invalid_comparison_operator rule\n```\n<https:\/\/newreleases.io\/github\/wata727\/tflint?version=v0.9.2|release note...>",
                "title": "wata727\/tflint on GitHub",
                "id": 1,
                "title_link": "https:\/\/newreleases.io\/github\/wata727\/tflint",
                "mrkdwn_in": [
                    "text"
                ]
            }
        ]
    }
]