[
    {
        "client_msg_id": "6e0decd4-4ce4-4d8b-ab79-e378c66d7a35",
        "type": "message",
        "text": "M1 macは手元にないですが、terraformはまだ公式にはM1サポートしてないようです。関連するissueを見つけたので貼っておきます。そもそもまだgoが公式に対応しておらず、M1対応のgoの1.16はもうすぐ出るはずですが、goの1.16がterraformに入るのは次のterraform v0.15になるだろうとのこと。providerのリリースサイクルはまた別なので、provider側はさらにその後でしょう。\n<https:\/\/github.com\/hashicorp\/terraform\/issues\/27257>",
        "user": "UHS4SFFA7",
        "ts": "1613481292.041500",
        "team": "TFU0BKCQP",
        "user_team": "TFU0BKCQP",
        "source_team": "TFU0BKCQP",
        "user_profile": {
            "avatar_hash": "gade34f8bdf1",
            "image_72": "https:\/\/secure.gravatar.com\/avatar\/5ade34f8bdf1b55c4ff82c11cf23cf42.jpg?s=72&d=https%3A%2F%2Fa.slack-edge.com%2Fdf10d%2Fimg%2Favatars%2Fava_0008-72.png",
            "first_name": "",
            "real_name": "minamijoyo",
            "display_name": "minamijoyo",
            "team": "TFU0BKCQP",
            "name": "minamijoyo",
            "is_restricted": false,
            "is_ultra_restricted": false
        },
        "attachments": [
            {
                "author_name": "dansimau",
                "fallback": "[hashicorp\/terraform] #27257 darwin\/arm64 build",
                "text": "I didn't see an existing issue, so I thought I'd open an issue to track building an arm64 (Apple Silicon) binary for macOS.\n\nAfter migrating to a new Mac, I have seen at least one issue using Terraform almost straight away:\n\n```\nmodule.certs_us-east-1[\"wildcard\"].aws_acm_certificate_validation.validation: Still creating... [35m27s elapsed]\nmodule.certs[\"wildcard\"].aws_acm_certificate_validation.validation: Still creating... [34m57s elapsed]\nmodule.certs_us-east-1[\"wildcard\"].aws_acm_certificate_validation.validation: Still creating... [35m37s elapsed]\nmodule.certs[\"wildcard\"].aws_acm_certificate_validation.validation: Still creating... [35m7s elapsed]\n\nassertion failed [abi_info.kind == AbiKind::TranslatedCode]: emulated forward to an arm pc that isn't in translated code. arm_pc=0x1053794d8 abi_kind=6 emulation_interval=[0x105464e60,0x105464e74) instruction_interval=[0x105464e4c, 0x105464e74) x86_rip=0x106148c\n(ThreadContextRegisterState.cpp:677 move_to_instruction_boundary)\n\n\n^C\n\n```\n\n(CTRL-C did not kill it; when I killed the provider processes they became zombies; I had to SIGKILL the main terraform process.)\n\n*Current Terraform Version*\n\n```\nTerraform v0.14.2\n\n```\n\n*References*\n\n• <https:\/\/github.com\/golang\/go\/issues\/38485|golang\/go#38485> (will at least require Go build support for darwin\/arm64)",
                "title": "#27257 darwin\/arm64 build",
                "footer": "<https:\/\/github.com\/hashicorp\/terraform|hashicorp\/terraform>",
                "id": 1,
                "title_link": "https:\/\/github.com\/hashicorp\/terraform\/issues\/27257",
                "author_link": "https:\/\/github.com\/dansimau",
                "author_icon": "https:\/\/avatars.githubusercontent.com\/u\/203031?v=4",
                "footer_icon": "https:\/\/github.githubassets.com\/favicon.ico",
                "ts": 1607685291,
                "color": "36a64f",
                "fields": [
                    {
                        "title": "Labels",
                        "value": "build, enhancement",
                        "short": true
                    },
                    {
                        "title": "Comments",
                        "value": "15",
                        "short": true
                    }
                ],
                "mrkdwn_in": [
                    "text"
                ],
                "bot_id": "BH12QQBB4",
                "app_unfurl_url": "https:\/\/github.com\/hashicorp\/terraform\/issues\/27257",
                "is_app_unfurl": true
            }
        ],
        "blocks": [
            {
                "type": "rich_text",
                "block_id": "hXkl\/",
                "elements": [
                    {
                        "type": "rich_text_section",
                        "elements": [
                            {
                                "type": "text",
                                "text": "M1 macは手元にないですが、terraformはまだ公式にはM1サポートしてないようです。関連するissueを見つけたので貼っておきます。そもそもまだgoが公式に対応しておらず、M1対応のgoの1.16はもうすぐ出るはずですが、goの1.16がterraformに入るのは次のterraform v0.15になるだろうとのこと。providerのリリースサイクルはまた別なので、provider側はさらにその後でしょう。\n"
                            },
                            {
                                "type": "link",
                                "url": "https:\/\/github.com\/hashicorp\/terraform\/issues\/27257"
                            }
                        ]
                    }
                ]
            }
        ],
        "thread_ts": "1613481292.041500",
        "reply_count": 1,
        "reply_users_count": 1,
        "latest_reply": "1613524466.043200",
        "reply_users": [
            "U01E5H76RNX"
        ],
        "replies": [
            {
                "user": "U01E5H76RNX",
                "ts": "1613524466.043200"
            }
        ],
        "is_locked": false,
        "subscribed": false,
        "reactions": [
            {
                "name": "eyes",
                "users": [
                    "UG46Z57TN",
                    "U01E5H76RNX",
                    "U01MNV17CSC",
                    "U01GZF5S9TL",
                    "UR4NW10LD",
                    "UGW0ABZLG"
                ],
                "count": 6
            }
        ]
    },
    {
        "client_msg_id": "0c26becd-fa8f-46a5-aaf8-40f881a21b52",
        "type": "message",
        "text": "goの1.16もうすぐ出そうって昨日言ってたら出ましたね\n<https:\/\/blog.golang.org\/go1.16>\n&gt; Go 1.16 also adds macOS ARM64 support (also known as Apple silicon).",
        "user": "UHS4SFFA7",
        "ts": "1613523034.042700",
        "team": "TFU0BKCQP",
        "user_team": "TFU0BKCQP",
        "source_team": "TFU0BKCQP",
        "user_profile": {
            "avatar_hash": "gade34f8bdf1",
            "image_72": "https:\/\/secure.gravatar.com\/avatar\/5ade34f8bdf1b55c4ff82c11cf23cf42.jpg?s=72&d=https%3A%2F%2Fa.slack-edge.com%2Fdf10d%2Fimg%2Favatars%2Fava_0008-72.png",
            "first_name": "",
            "real_name": "minamijoyo",
            "display_name": "minamijoyo",
            "team": "TFU0BKCQP",
            "name": "minamijoyo",
            "is_restricted": false,
            "is_ultra_restricted": false
        },
        "attachments": [
            {
                "title": "Go 1.16 is released - The Go Blog",
                "title_link": "https:\/\/blog.golang.org\/go1.16",
                "text": "Go is an open source programming language that makes it easy to build simple, reliable, and efficient software.",
                "fallback": "Go 1.16 is released - The Go Blog",
                "from_url": "https:\/\/blog.golang.org\/go1.16",
                "service_icon": "https:\/\/blog.golang.org\/favicon.ico",
                "service_name": "blog.golang.org",
                "id": 1,
                "original_url": "https:\/\/blog.golang.org\/go1.16"
            }
        ],
        "blocks": [
            {
                "type": "rich_text",
                "block_id": "z\/n7o",
                "elements": [
                    {
                        "type": "rich_text_section",
                        "elements": [
                            {
                                "type": "text",
                                "text": "goの1.16もうすぐ出そうって昨日言ってたら出ましたね\n"
                            },
                            {
                                "type": "link",
                                "url": "https:\/\/blog.golang.org\/go1.16"
                            },
                            {
                                "type": "text",
                                "text": "\n"
                            }
                        ]
                    },
                    {
                        "type": "rich_text_quote",
                        "elements": [
                            {
                                "type": "text",
                                "text": "Go 1.16 also adds macOS ARM64 support (also known as Apple silicon)."
                            }
                        ]
                    }
                ]
            }
        ],
        "reactions": [
            {
                "name": "tada",
                "users": [
                    "UFU0BKD8F",
                    "U01E5H76RNX",
                    "U01LFASMXQS",
                    "U01GAQPRFQB"
                ],
                "count": 4
            }
        ]
    },
    {
        "client_msg_id": "f61565a4-5a57-4f16-b331-74e8707adbdc",
        "type": "message",
        "text": "ありがとうございます！！\n\n問題なく動いていたのでもう対応しているのかなと思っていたのですが納得できました。\n業務では Actions で回しているので問題なく動いているので首を長くして正式対応待とうと思います:joy:",
        "user": "U01E5H76RNX",
        "ts": "1613524466.043200",
        "team": "TFU0BKCQP",
        "user_team": "TFU0BKCQP",
        "source_team": "TFU0BKCQP",
        "user_profile": {
            "avatar_hash": "4a6b830a1348",
            "image_72": "https:\/\/avatars.slack-edge.com\/2020-11-06\/1481604102307_4a6b830a1348cc202189_72.png",
            "first_name": "",
            "real_name": "joe",
            "display_name": "joe",
            "team": "TFU0BKCQP",
            "name": "yuzun225",
            "is_restricted": false,
            "is_ultra_restricted": false
        },
        "blocks": [
            {
                "type": "rich_text",
                "block_id": "q0JR",
                "elements": [
                    {
                        "type": "rich_text_section",
                        "elements": [
                            {
                                "type": "text",
                                "text": "ありがとうございます！！\n\n問題なく動いていたのでもう対応しているのかなと思っていたのですが納得できました。\n業務では Actions で回しているので問題なく動いているので首を長くして正式対応待とうと思います"
                            },
                            {
                                "type": "emoji",
                                "name": "joy"
                            }
                        ]
                    }
                ]
            }
        ],
        "thread_ts": "1613481292.041500",
        "parent_user_id": "UHS4SFFA7",
        "reactions": [
            {
                "name": "woman-gesturing-ok",
                "users": [
                    "UHS4SFFA7"
                ],
                "count": 1
            }
        ]
    },
    {
        "client_msg_id": "666d7251-d90b-4103-a712-1466cbc4029b",
        "type": "message",
        "text": "初心者の質問で恐縮なのですが、terraformをインストールしようとする際に、サイト上に出てくるlinux_後のarmやamdの意味をご存知の方いらっしゃるでしょうか。。もしご存知の方がいらっしゃいましたら何かご教示いただきたいです。。お願いします。\nrf : <https:\/\/releases.hashicorp.com\/terraform\/0.14.6\/>",
        "user": "U01P1TRLC3A",
        "ts": "1613543214.045800",
        "team": "TFU0BKCQP",
        "user_team": "TFU0BKCQP",
        "source_team": "TFU0BKCQP",
        "user_profile": {
            "avatar_hash": "fc9e63bd3680",
            "image_72": "https:\/\/avatars.slack-edge.com\/2021-02-17\/1772738310321_fc9e63bd36802b5428d7_72.jpg",
            "first_name": "maru",
            "real_name": "maru",
            "display_name": "maru",
            "team": "TFU0BKCQP",
            "name": "irohaa7",
            "is_restricted": false,
            "is_ultra_restricted": false
        },
        "blocks": [
            {
                "type": "rich_text",
                "block_id": "mNiKJ",
                "elements": [
                    {
                        "type": "rich_text_section",
                        "elements": [
                            {
                                "type": "text",
                                "text": "初心者の質問で恐縮なのですが、terraformをインストールしようとする際に、サイト上に出てくるlinux_後のarmやamdの意味をご存知の方いらっしゃるでしょうか。。もしご存知の方がいらっしゃいましたら何かご教示いただきたいです。。お願いします。\nrf : "
                            },
                            {
                                "type": "link",
                                "url": "https:\/\/releases.hashicorp.com\/terraform\/0.14.6\/"
                            }
                        ]
                    }
                ]
            }
        ],
        "thread_ts": "1613543214.045800",
        "reply_count": 3,
        "reply_users_count": 3,
        "latest_reply": "1613550439.046400",
        "reply_users": [
            "UGZEH10LX",
            "UQ7KXKHB9",
            "U01P1TRLC3A"
        ],
        "replies": [
            {
                "user": "UGZEH10LX",
                "ts": "1613546162.045900"
            },
            {
                "user": "UQ7KXKHB9",
                "ts": "1613550079.046200"
            },
            {
                "user": "U01P1TRLC3A",
                "ts": "1613550439.046400"
            }
        ],
        "is_locked": false,
        "subscribed": false
    },
    {
        "client_msg_id": "7b29f409-a9a6-4ebd-85a4-323e416f4beb",
        "type": "message",
        "text": "CPUのアーキテクチャの略称ですね。\nterraformを動かすコンピュータのCPUアーキテクチャによってバイナリが変わってくるため、このように複数のバージョンが用意されている感じですね。\n<https:\/\/blog.framinal.life\/entry\/2020\/04\/22\/041548>",
        "user": "UGZEH10LX",
        "ts": "1613546162.045900",
        "team": "TFU0BKCQP",
        "user_team": "TFU0BKCQP",
        "source_team": "TFU0BKCQP",
        "user_profile": {
            "avatar_hash": "ga43448ce9f9",
            "image_72": "https:\/\/secure.gravatar.com\/avatar\/8a43448ce9f9f416f0bc4c1a281a9746.jpg?s=72&d=https%3A%2F%2Fa.slack-edge.com%2Fdf10d%2Fimg%2Favatars%2Fava_0016-72.png",
            "first_name": "",
            "real_name": "Shota Ito",
            "display_name": "",
            "team": "TFU0BKCQP",
            "name": "shota.ito.jp",
            "is_restricted": false,
            "is_ultra_restricted": false
        },
        "attachments": [
            {
                "service_name": "フラミナル",
                "title": "CPUのアーキテクチャの違いまとめ（x86\/x64\/x86_64\/AMD64\/i386\/i686とはなんなのか？） - フラミナル",
                "title_link": "https:\/\/blog.framinal.life\/entry\/2020\/04\/22\/041548",
                "text": "CPUのx86\/x64\/x86_64\/AMD64\/i386\/i686とはなんなのか？についてわかりやすくまとめます まとめ 実際の定義はこちら 一般的な理解はこちら ビット数の違い（32bit、64bit）とは CPUのざっくり歴史（32bit〜） x86とは なんでx32じゃなくてx86っていう名前なの？ x64とは そのほか i386とは i686とは IA-32とは IA-64、Intel 64の違い まとめ 出てきた単語をざっくり分類 bit数 アーキテクチャ 32bit x86、i386、i686、IA-32 64bit x64、x86_64、x86-64、AMD64、IA-64、I…",
                "fallback": "フラミナル: CPUのアーキテクチャの違いまとめ（x86\/x64\/x86_64\/AMD64\/i386\/i686とはなんなのか？） - フラミナル",
                "image_url": "https:\/\/cdn-ak.f.st-hatena.com\/images\/fotolife\/l\/lirlia\/20200422\/20200422035212.png",
                "ts": 1587496548,
                "from_url": "https:\/\/blog.framinal.life\/entry\/2020\/04\/22\/041548",
                "image_width": 444,
                "image_height": 250,
                "image_bytes": 14420,
                "service_icon": "https:\/\/blog.framinal.life\/icon\/touch",
                "id": 1,
                "original_url": "https:\/\/blog.framinal.life\/entry\/2020\/04\/22\/041548"
            }
        ],
        "blocks": [
            {
                "type": "rich_text",
                "block_id": "IcG",
                "elements": [
                    {
                        "type": "rich_text_section",
                        "elements": [
                            {
                                "type": "text",
                                "text": "CPUのアーキテクチャの略称ですね。\nterraformを動かすコンピュータのCPUアーキテクチャによってバイナリが変わってくるため、このように複数のバージョンが用意されている感じですね。\n"
                            },
                            {
                                "type": "link",
                                "url": "https:\/\/blog.framinal.life\/entry\/2020\/04\/22\/041548"
                            }
                        ]
                    }
                ]
            }
        ],
        "thread_ts": "1613543214.045800",
        "parent_user_id": "U01P1TRLC3A",
        "reactions": [
            {
                "name": "pray",
                "users": [
                    "U01P1TRLC3A"
                ],
                "count": 1
            }
        ]
    }
]