[
    {
        "client_msg_id": "1360f72b-6400-48c9-9a25-dc8094ec96c3",
        "type": "message",
        "text": "tfstateが巨大になってきて分割したく、tfmigrateのmulti_stateが使えないか試しています。\n\ntfstateを分割するうえでは片方からoutputして、それをもう片方でremote_stateデータソースを使って読み込むことになると思うのですが、\ntfmigrateはremote_stateデータソースの取得元の上書きまでは対応していないように見え、tfmigrate planが失敗してしまいます。\n\n移したいリソースから外へ出している値が2個しかなかったので一旦ローカル変数のtfにべた書きするというワークアラウンドで無理やり回避したのですが、正しい、というか本来想定されていた手順などあるんでしょうか",
        "user": "UQT52H29G",
        "ts": "1612781900.020500",
        "team": "TFU0BKCQP",
        "user_team": "TFU0BKCQP",
        "source_team": "TFU0BKCQP",
        "user_profile": {
            "avatar_hash": "gd60bbe66cfd",
            "image_72": "https:\/\/secure.gravatar.com\/avatar\/d60bbe66cfd79bbb250bad66a706f939.jpg?s=72&d=https%3A%2F%2Fa.slack-edge.com%2Fdf10d%2Fimg%2Favatars%2Fava_0011-72.png",
            "first_name": "",
            "real_name": "fusagiko",
            "display_name": "fusagiko",
            "team": "TFU0BKCQP",
            "name": "fsgiko",
            "is_restricted": false,
            "is_ultra_restricted": false
        },
        "blocks": [
            {
                "type": "rich_text",
                "block_id": "QdH=R",
                "elements": [
                    {
                        "type": "rich_text_section",
                        "elements": [
                            {
                                "type": "text",
                                "text": "tfstateが巨大になってきて分割したく、tfmigrateのmulti_stateが使えないか試しています。\n\ntfstateを分割するうえでは片方からoutputして、それをもう片方でremote_stateデータソースを使って読み込むことになると思うのですが、\ntfmigrateはremote_stateデータソースの取得元の上書きまでは対応していないように見え、tfmigrate planが失敗してしまいます。\n\n移したいリソースから外へ出している値が2個しかなかったので一旦ローカル変数のtfにべた書きするというワークアラウンドで無理やり回避したのですが、正しい、というか本来想定されていた手順などあるんでしょうか"
                            }
                        ]
                    }
                ]
            }
        ],
        "thread_ts": "1612781900.020500",
        "reply_count": 3,
        "reply_users_count": 2,
        "latest_reply": "1612838302.022100",
        "reply_users": [
            "UHS4SFFA7",
            "UQT52H29G"
        ],
        "replies": [
            {
                "user": "UHS4SFFA7",
                "ts": "1612785115.021600"
            },
            {
                "user": "UHS4SFFA7",
                "ts": "1612785757.021800"
            },
            {
                "user": "UQT52H29G",
                "ts": "1612838302.022100"
            }
        ],
        "is_locked": false,
        "subscribed": false
    },
    {
        "client_msg_id": "1df325bf-9c59-476f-aef5-74d08bb09695",
        "type": "message",
        "text": "<@UHS4SFFA7> 少し遅めの時間になってしまい申し訳ありませんが、もしよろしければお手すきでお答えいただけますと幸いです :bow:",
        "user": "UQT52H29G",
        "ts": "1612781947.021300",
        "team": "TFU0BKCQP",
        "user_team": "TFU0BKCQP",
        "source_team": "TFU0BKCQP",
        "user_profile": {
            "avatar_hash": "gd60bbe66cfd",
            "image_72": "https:\/\/secure.gravatar.com\/avatar\/d60bbe66cfd79bbb250bad66a706f939.jpg?s=72&d=https%3A%2F%2Fa.slack-edge.com%2Fdf10d%2Fimg%2Favatars%2Fava_0011-72.png",
            "first_name": "",
            "real_name": "fusagiko",
            "display_name": "fusagiko",
            "team": "TFU0BKCQP",
            "name": "fsgiko",
            "is_restricted": false,
            "is_ultra_restricted": false
        },
        "blocks": [
            {
                "type": "rich_text",
                "block_id": "j5f",
                "elements": [
                    {
                        "type": "rich_text_section",
                        "elements": [
                            {
                                "type": "user",
                                "user_id": "UHS4SFFA7"
                            },
                            {
                                "type": "text",
                                "text": " 少し遅めの時間になってしまい申し訳ありませんが、もしよろしければお手すきでお答えいただけますと幸いです "
                            },
                            {
                                "type": "emoji",
                                "name": "bow"
                            }
                        ]
                    }
                ]
            }
        ]
    },
    {
        "client_msg_id": "29cf5d80-366b-492a-a4f8-f7adabc66057",
        "type": "message",
        "text": "terraform_remote_stateは使っていません。リソースタイプごとに対応するdata sourceを使っています。terraform_remote_stateはそのリソースがどうやって作られたのかの実装への依存が高くなり過ぎるので、個人的には使うのを避けています。",
        "user": "UHS4SFFA7",
        "ts": "1612785115.021600",
        "team": "TFU0BKCQP",
        "user_team": "TFU0BKCQP",
        "source_team": "TFU0BKCQP",
        "user_profile": {
            "avatar_hash": "gade34f8bdf1",
            "image_72": "https:\/\/secure.gravatar.com\/avatar\/5ade34f8bdf1b55c4ff82c11cf23cf42.jpg?s=72&d=https%3A%2F%2Fa.slack-edge.com%2Fdf10d%2Fimg%2Favatars%2Fava_0008-72.png",
            "first_name": "",
            "real_name": "minamijoyo",
            "display_name": "minamijoyo",
            "team": "TFU0BKCQP",
            "name": "minamijoyo",
            "is_restricted": false,
            "is_ultra_restricted": false
        },
        "blocks": [
            {
                "type": "rich_text",
                "block_id": "\/Rf",
                "elements": [
                    {
                        "type": "rich_text_section",
                        "elements": [
                            {
                                "type": "text",
                                "text": "terraform_remote_stateは使っていません。リソースタイプごとに対応するdata sourceを使っています。terraform_remote_stateはそのリソースがどうやって作られたのかの実装への依存が高くなり過ぎるので、個人的には使うのを避けています。"
                            }
                        ]
                    }
                ]
            }
        ],
        "thread_ts": "1612781900.020500",
        "parent_user_id": "UQT52H29G"
    },
    {
        "client_msg_id": "9800c551-b69a-40cf-8506-97f275b24506",
        "type": "message",
        "text": "terraform_remote_stateの一番分かりやすいデメリットは、tfstateのフォーマットバージョンに変更があった場合に、アップグレードする順序に依存関係ができるとかですかね。",
        "user": "UHS4SFFA7",
        "ts": "1612785757.021800",
        "team": "TFU0BKCQP",
        "user_team": "TFU0BKCQP",
        "source_team": "TFU0BKCQP",
        "user_profile": {
            "avatar_hash": "gade34f8bdf1",
            "image_72": "https:\/\/secure.gravatar.com\/avatar\/5ade34f8bdf1b55c4ff82c11cf23cf42.jpg?s=72&d=https%3A%2F%2Fa.slack-edge.com%2Fdf10d%2Fimg%2Favatars%2Fava_0008-72.png",
            "first_name": "",
            "real_name": "minamijoyo",
            "display_name": "minamijoyo",
            "team": "TFU0BKCQP",
            "name": "minamijoyo",
            "is_restricted": false,
            "is_ultra_restricted": false
        },
        "blocks": [
            {
                "type": "rich_text",
                "block_id": "TRWA",
                "elements": [
                    {
                        "type": "rich_text_section",
                        "elements": [
                            {
                                "type": "text",
                                "text": "terraform_remote_stateの一番分かりやすいデメリットは、tfstateのフォーマットバージョンに変更があった場合に、アップグレードする順序に依存関係ができるとかですかね。"
                            }
                        ]
                    }
                ]
            }
        ],
        "thread_ts": "1612781900.020500",
        "parent_user_id": "UQT52H29G"
    },
    {
        "client_msg_id": "ed060d5e-d629-427c-a9b3-0b34ea13c261",
        "type": "message",
        "text": "あー、全部datasourceから読みだすのですね\nAPI呼び出し回数の減り方は少なくなるけどtfstateの更新順の依存関係が発生するよりは良いですね…ありがとうございます！",
        "user": "UQT52H29G",
        "ts": "1612838302.022100",
        "team": "TFU0BKCQP",
        "user_team": "TFU0BKCQP",
        "source_team": "TFU0BKCQP",
        "user_profile": {
            "avatar_hash": "gd60bbe66cfd",
            "image_72": "https:\/\/secure.gravatar.com\/avatar\/d60bbe66cfd79bbb250bad66a706f939.jpg?s=72&d=https%3A%2F%2Fa.slack-edge.com%2Fdf10d%2Fimg%2Favatars%2Fava_0011-72.png",
            "first_name": "",
            "real_name": "fusagiko",
            "display_name": "fusagiko",
            "team": "TFU0BKCQP",
            "name": "fsgiko",
            "is_restricted": false,
            "is_ultra_restricted": false
        },
        "edited": {
            "user": "UQT52H29G",
            "ts": "1612838307.000000"
        },
        "blocks": [
            {
                "type": "rich_text",
                "block_id": "xWA=",
                "elements": [
                    {
                        "type": "rich_text_section",
                        "elements": [
                            {
                                "type": "text",
                                "text": "あー、全部datasourceから読みだすのですね\nAPI呼び出し回数の減り方は少なくなるけどtfstateの更新順の依存関係が発生するよりは良いですね…ありがとうございます！"
                            }
                        ]
                    }
                ]
            }
        ],
        "thread_ts": "1612781900.020500",
        "parent_user_id": "UQT52H29G",
        "reactions": [
            {
                "name": "woman-gesturing-ok",
                "users": [
                    "UHS4SFFA7"
                ],
                "count": 1
            }
        ]
    }
]