[
    {
        "client_msg_id": "fd43bd13-058f-462f-a6ff-5e80b18dd64d",
        "type": "message",
        "text": "`terraform 0.14.6` にあげてからよく terraform plan などがtimeoutで落ちるようになったんですが同じような方いらっしゃいますか？\n環境としては M1のMacを使用しています。",
        "user": "U01E5H76RNX",
        "ts": "1613196033.037200",
        "team": "TFU0BKCQP",
        "user_team": "TFU0BKCQP",
        "source_team": "TFU0BKCQP",
        "user_profile": {
            "avatar_hash": "4a6b830a1348",
            "image_72": "https:\/\/avatars.slack-edge.com\/2020-11-06\/1481604102307_4a6b830a1348cc202189_72.png",
            "first_name": "",
            "real_name": "joe",
            "display_name": "joe",
            "team": "TFU0BKCQP",
            "name": "yuzun225",
            "is_restricted": false,
            "is_ultra_restricted": false
        },
        "blocks": [
            {
                "type": "rich_text",
                "block_id": "YSHk",
                "elements": [
                    {
                        "type": "rich_text_section",
                        "elements": [
                            {
                                "type": "text",
                                "text": "terraform 0.14.6",
                                "style": {
                                    "code": true
                                }
                            },
                            {
                                "type": "text",
                                "text": " にあげてからよく terraform plan などがtimeoutで落ちるようになったんですが同じような方いらっしゃいますか？\n環境としては M1のMacを使用しています。"
                            }
                        ]
                    }
                ]
            }
        ],
        "reactions": [
            {
                "name": "thinking_face",
                "users": [
                    "UGW0ABZLG"
                ],
                "count": 1
            }
        ]
    }
]