[
    {
        "client_msg_id": "8b47bd47-aad3-4c0c-b52d-6df0e17e5677",
        "type": "message",
        "text": "Terraform Cloudのplan実行結果をGitHubのプルリクにコメントして、見られるようにしたいと思っています。\n今日のTerraform meetup ONLINEで質問したところ、できそうという話を伺ったのですが、TF Cloud上にはそれっぽい機能は見当たらず…。\nAPI tokenでPlan Exports APIを使って、GitHub Actionsで作り込めば可能という話でしょうか？",
        "user": "U01NB7CKNF2",
        "ts": "1612951700.030900",
        "team": "TFU0BKCQP",
        "user_team": "TFU0BKCQP",
        "source_team": "TFU0BKCQP",
        "user_profile": {
            "avatar_hash": "gecad9d801d7",
            "image_72": "https:\/\/secure.gravatar.com\/avatar\/ecad9d801d79f6c6e5df93094690685e.jpg?s=72&d=https%3A%2F%2Fa.slack-edge.com%2Fdf10d%2Fimg%2Favatars%2Fava_0019-72.png",
            "first_name": "",
            "real_name": "Takumi Shotoku",
            "display_name": "Takumi Shotoku",
            "team": "TFU0BKCQP",
            "name": "sinsoku.listy",
            "is_restricted": false,
            "is_ultra_restricted": false
        },
        "blocks": [
            {
                "type": "rich_text",
                "block_id": "ypz9O",
                "elements": [
                    {
                        "type": "rich_text_section",
                        "elements": [
                            {
                                "type": "text",
                                "text": "Terraform Cloudのplan実行結果をGitHubのプルリクにコメントして、見られるようにしたいと思っています。\n今日のTerraform meetup ONLINEで質問したところ、できそうという話を伺ったのですが、TF Cloud上にはそれっぽい機能は見当たらず…。\nAPI tokenでPlan Exports APIを使って、GitHub Actionsで作り込めば可能という話でしょうか？"
                            }
                        ]
                    }
                ]
            }
        ],
        "thread_ts": "1612951700.030900",
        "reply_count": 19,
        "reply_users_count": 4,
        "latest_reply": "1612956720.035500",
        "reply_users": [
            "UG46Z57TN",
            "U01NB7CKNF2",
            "UFU0BKD8F",
            "UMYT1J2RX"
        ],
        "replies": [
            {
                "user": "UG46Z57TN",
                "ts": "1612951894.031100"
            },
            {
                "user": "UG46Z57TN",
                "ts": "1612951913.031300"
            },
            {
                "user": "UG46Z57TN",
                "ts": "1612951920.031600"
            },
            {
                "user": "UG46Z57TN",
                "ts": "1612951928.031800"
            },
            {
                "user": "UG46Z57TN",
                "ts": "1612951955.032000"
            },
            {
                "user": "U01NB7CKNF2",
                "ts": "1612952267.032200"
            },
            {
                "user": "UG46Z57TN",
                "ts": "1612952302.032500"
            },
            {
                "user": "U01NB7CKNF2",
                "ts": "1612952417.032700"
            },
            {
                "user": "UG46Z57TN",
                "ts": "1612953916.032900"
            },
            {
                "user": "U01NB7CKNF2",
                "ts": "1612954110.033300"
            },
            {
                "user": "UG46Z57TN",
                "ts": "1612954119.033500"
            },
            {
                "user": "UG46Z57TN",
                "ts": "1612954128.033700"
            },
            {
                "user": "UFU0BKD8F",
                "ts": "1612954129.033900"
            },
            {
                "user": "UG46Z57TN",
                "ts": "1612954169.034100"
            },
            {
                "user": "UMYT1J2RX",
                "ts": "1612956313.034500"
            },
            {
                "user": "UMYT1J2RX",
                "ts": "1612956338.034800"
            },
            {
                "user": "UMYT1J2RX",
                "ts": "1612956374.035100"
            },
            {
                "user": "UMYT1J2RX",
                "ts": "1612956494.035300"
            },
            {
                "user": "U01NB7CKNF2",
                "ts": "1612956720.035500"
            }
        ],
        "is_locked": false,
        "subscribed": true,
        "last_read": "1612956720.035500",
        "reactions": [
            {
                "name": "beers",
                "users": [
                    "UGXHYR44Q"
                ],
                "count": 1
            }
        ]
    },
    {
        "client_msg_id": "0641c54b-06c3-4413-9aa3-ca96eaa589d9",
        "type": "message",
        "text": "tfnotify はどうでしょう？",
        "user": "UG46Z57TN",
        "ts": "1612951894.031100",
        "team": "TFU0BKCQP",
        "user_team": "TFU0BKCQP",
        "source_team": "TFU0BKCQP",
        "user_profile": {
            "avatar_hash": "c6bdd4cb17db",
            "image_72": "https:\/\/avatars.slack-edge.com\/2019-07-05\/685991185957_c6bdd4cb17db956661a1_72.jpg",
            "first_name": "Takeshi",
            "real_name": "Takeshi Kondo",
            "display_name": "chaspy",
            "team": "TFU0BKCQP",
            "name": "take.she12",
            "is_restricted": false,
            "is_ultra_restricted": false
        },
        "blocks": [
            {
                "type": "rich_text",
                "block_id": "wmg\/B",
                "elements": [
                    {
                        "type": "rich_text_section",
                        "elements": [
                            {
                                "type": "text",
                                "text": "tfnotify はどうでしょう？"
                            }
                        ]
                    }
                ]
            }
        ],
        "thread_ts": "1612951700.030900",
        "parent_user_id": "U01NB7CKNF2"
    },
    {
        "client_msg_id": "4a441731-b957-45c0-82d7-0ddc648cb1ca",
        "type": "message",
        "text": "<https:\/\/github.com\/mercari\/tfnotify>",
        "user": "UG46Z57TN",
        "ts": "1612951913.031300",
        "team": "TFU0BKCQP",
        "user_team": "TFU0BKCQP",
        "source_team": "TFU0BKCQP",
        "user_profile": {
            "avatar_hash": "c6bdd4cb17db",
            "image_72": "https:\/\/avatars.slack-edge.com\/2019-07-05\/685991185957_c6bdd4cb17db956661a1_72.jpg",
            "first_name": "Takeshi",
            "real_name": "Takeshi Kondo",
            "display_name": "chaspy",
            "team": "TFU0BKCQP",
            "name": "take.she12",
            "is_restricted": false,
            "is_ultra_restricted": false
        },
        "attachments": [
            {
                "fallback": "mercari\/tfnotify",
                "text": "A CLI command to parse Terraform execution result and notify it to GitHub",
                "title": "mercari\/tfnotify",
                "footer": "<https:\/\/github.com\/mercari\/tfnotify|mercari\/tfnotify>",
                "id": 1,
                "footer_icon": "https:\/\/github.githubassets.com\/favicon.ico",
                "ts": 1523012520,
                "color": "24292f",
                "fields": [
                    {
                        "title": "Stars",
                        "value": "347",
                        "short": true
                    },
                    {
                        "title": "Language",
                        "value": "Go",
                        "short": true
                    }
                ],
                "mrkdwn_in": [
                    "text",
                    "fields"
                ],
                "bot_id": "BH12QQBB4",
                "app_unfurl_url": "https:\/\/github.com\/mercari\/tfnotify",
                "is_app_unfurl": true
            }
        ],
        "blocks": [
            {
                "type": "rich_text",
                "block_id": "UU\/d\/",
                "elements": [
                    {
                        "type": "rich_text_section",
                        "elements": [
                            {
                                "type": "link",
                                "url": "https:\/\/github.com\/mercari\/tfnotify"
                            }
                        ]
                    }
                ]
            }
        ],
        "thread_ts": "1612951700.030900",
        "parent_user_id": "U01NB7CKNF2"
    },
    {
        "client_msg_id": "118047dc-c13d-4c27-9709-fa164257459e",
        "type": "message",
        "text": "あ、tf cloud か。。。",
        "user": "UG46Z57TN",
        "ts": "1612951920.031600",
        "team": "TFU0BKCQP",
        "user_team": "TFU0BKCQP",
        "source_team": "TFU0BKCQP",
        "user_profile": {
            "avatar_hash": "c6bdd4cb17db",
            "image_72": "https:\/\/avatars.slack-edge.com\/2019-07-05\/685991185957_c6bdd4cb17db956661a1_72.jpg",
            "first_name": "Takeshi",
            "real_name": "Takeshi Kondo",
            "display_name": "chaspy",
            "team": "TFU0BKCQP",
            "name": "take.she12",
            "is_restricted": false,
            "is_ultra_restricted": false
        },
        "blocks": [
            {
                "type": "rich_text",
                "block_id": "8fHzF",
                "elements": [
                    {
                        "type": "rich_text_section",
                        "elements": [
                            {
                                "type": "text",
                                "text": "あ、tf cloud か。。。"
                            }
                        ]
                    }
                ]
            }
        ],
        "thread_ts": "1612951700.030900",
        "parent_user_id": "U01NB7CKNF2"
    },
    {
        "client_msg_id": "c5eda939-48dd-45b4-b079-d7186bdc715c",
        "type": "message",
        "text": "にはないのか。ほんまか？",
        "user": "UG46Z57TN",
        "ts": "1612951928.031800",
        "team": "TFU0BKCQP",
        "user_team": "TFU0BKCQP",
        "source_team": "TFU0BKCQP",
        "user_profile": {
            "avatar_hash": "c6bdd4cb17db",
            "image_72": "https:\/\/avatars.slack-edge.com\/2019-07-05\/685991185957_c6bdd4cb17db956661a1_72.jpg",
            "first_name": "Takeshi",
            "real_name": "Takeshi Kondo",
            "display_name": "chaspy",
            "team": "TFU0BKCQP",
            "name": "take.she12",
            "is_restricted": false,
            "is_ultra_restricted": false
        },
        "blocks": [
            {
                "type": "rich_text",
                "block_id": "rd8g",
                "elements": [
                    {
                        "type": "rich_text_section",
                        "elements": [
                            {
                                "type": "text",
                                "text": "にはないのか。ほんまか？"
                            }
                        ]
                    }
                ]
            }
        ],
        "thread_ts": "1612951700.030900",
        "parent_user_id": "U01NB7CKNF2"
    },
    {
        "client_msg_id": "7f1f2428-403d-4038-838c-aa555e03c0aa",
        "type": "message",
        "text": "github actions * tfnotify が楽だと思います",
        "user": "UG46Z57TN",
        "ts": "1612951955.032000",
        "team": "TFU0BKCQP",
        "user_team": "TFU0BKCQP",
        "source_team": "TFU0BKCQP",
        "user_profile": {
            "avatar_hash": "c6bdd4cb17db",
            "image_72": "https:\/\/avatars.slack-edge.com\/2019-07-05\/685991185957_c6bdd4cb17db956661a1_72.jpg",
            "first_name": "Takeshi",
            "real_name": "Takeshi Kondo",
            "display_name": "chaspy",
            "team": "TFU0BKCQP",
            "name": "take.she12",
            "is_restricted": false,
            "is_ultra_restricted": false
        },
        "blocks": [
            {
                "type": "rich_text",
                "block_id": "Ef7",
                "elements": [
                    {
                        "type": "rich_text_section",
                        "elements": [
                            {
                                "type": "text",
                                "text": "github actions * tfnotify が楽だと思います"
                            }
                        ]
                    }
                ]
            }
        ],
        "thread_ts": "1612951700.030900",
        "parent_user_id": "U01NB7CKNF2"
    },
    {
        "type": "message",
        "subtype": "thread_broadcast",
        "text": "tf cloudの秘匿値をGitHub secretsにも設定する事になるので二重管理になってしまう。\nplanをtf cloudとactionsの両方で動かすのも無駄なので、それなら完全にActionsに移行してtf cloudを廃止する方が筋良いんですよね…",
        "user": "U01NB7CKNF2",
        "ts": "1612952267.032200",
        "thread_ts": "1612951700.030900",
        "root": {
            "client_msg_id": "8b47bd47-aad3-4c0c-b52d-6df0e17e5677",
            "type": "message",
            "text": "Terraform Cloudのplan実行結果をGitHubのプルリクにコメントして、見られるようにしたいと思っています。\n今日のTerraform meetup ONLINEで質問したところ、できそうという話を伺ったのですが、TF Cloud上にはそれっぽい機能は見当たらず…。\nAPI tokenでPlan Exports APIを使って、GitHub Actionsで作り込めば可能という話でしょうか？",
            "user": "U01NB7CKNF2",
            "ts": "1612951700.030900",
            "team": "TFU0BKCQP",
            "blocks": [
                {
                    "type": "rich_text",
                    "block_id": "ypz9O",
                    "elements": [
                        {
                            "type": "rich_text_section",
                            "elements": [
                                {
                                    "type": "text",
                                    "text": "Terraform Cloudのplan実行結果をGitHubのプルリクにコメントして、見られるようにしたいと思っています。\n今日のTerraform meetup ONLINEで質問したところ、できそうという話を伺ったのですが、TF Cloud上にはそれっぽい機能は見当たらず…。\nAPI tokenでPlan Exports APIを使って、GitHub Actionsで作り込めば可能という話でしょうか？"
                                }
                            ]
                        }
                    ]
                }
            ],
            "thread_ts": "1612951700.030900",
            "reply_count": 19,
            "reply_users_count": 4,
            "latest_reply": "1612956720.035500",
            "reply_users": [
                "UG46Z57TN",
                "U01NB7CKNF2",
                "UFU0BKD8F",
                "UMYT1J2RX"
            ],
            "replies": [
                {
                    "user": "UG46Z57TN",
                    "ts": "1612951894.031100"
                },
                {
                    "user": "UG46Z57TN",
                    "ts": "1612951913.031300"
                },
                {
                    "user": "UG46Z57TN",
                    "ts": "1612951920.031600"
                },
                {
                    "user": "UG46Z57TN",
                    "ts": "1612951928.031800"
                },
                {
                    "user": "UG46Z57TN",
                    "ts": "1612951955.032000"
                },
                {
                    "user": "U01NB7CKNF2",
                    "ts": "1612952267.032200"
                },
                {
                    "user": "UG46Z57TN",
                    "ts": "1612952302.032500"
                },
                {
                    "user": "U01NB7CKNF2",
                    "ts": "1612952417.032700"
                },
                {
                    "user": "UG46Z57TN",
                    "ts": "1612953916.032900"
                },
                {
                    "user": "U01NB7CKNF2",
                    "ts": "1612954110.033300"
                },
                {
                    "user": "UG46Z57TN",
                    "ts": "1612954119.033500"
                },
                {
                    "user": "UG46Z57TN",
                    "ts": "1612954128.033700"
                },
                {
                    "user": "UFU0BKD8F",
                    "ts": "1612954129.033900"
                },
                {
                    "user": "UG46Z57TN",
                    "ts": "1612954169.034100"
                },
                {
                    "user": "UMYT1J2RX",
                    "ts": "1612956313.034500"
                },
                {
                    "user": "UMYT1J2RX",
                    "ts": "1612956338.034800"
                },
                {
                    "user": "UMYT1J2RX",
                    "ts": "1612956374.035100"
                },
                {
                    "user": "UMYT1J2RX",
                    "ts": "1612956494.035300"
                },
                {
                    "user": "U01NB7CKNF2",
                    "ts": "1612956720.035500"
                }
            ],
            "is_locked": false,
            "subscribed": true,
            "last_read": "1612956720.035500"
        },
        "blocks": [
            {
                "type": "rich_text",
                "block_id": "An3Nw",
                "elements": [
                    {
                        "type": "rich_text_section",
                        "elements": [
                            {
                                "type": "text",
                                "text": "tf cloudの秘匿値をGitHub secretsにも設定する事になるので二重管理になってしまう。\nplanをtf cloudとactionsの両方で動かすのも無駄なので、それなら完全にActionsに移行してtf cloudを廃止する方が筋良いんですよね…"
                            }
                        ]
                    }
                ]
            }
        ],
        "client_msg_id": "8271b361-a0c4-44c2-9af5-c70ce20ba5a5"
    },
    {
        "client_msg_id": "8c580558-f2c6-45a0-8f22-52bdb8f36d2e",
        "type": "message",
        "text": "<@UMYT1J2RX> cloud ぜったい plan 通知あると思うんですが、ありますよね？",
        "user": "UG46Z57TN",
        "ts": "1612952302.032500",
        "team": "TFU0BKCQP",
        "user_team": "TFU0BKCQP",
        "source_team": "TFU0BKCQP",
        "user_profile": {
            "avatar_hash": "c6bdd4cb17db",
            "image_72": "https:\/\/avatars.slack-edge.com\/2019-07-05\/685991185957_c6bdd4cb17db956661a1_72.jpg",
            "first_name": "Takeshi",
            "real_name": "Takeshi Kondo",
            "display_name": "chaspy",
            "team": "TFU0BKCQP",
            "name": "take.she12",
            "is_restricted": false,
            "is_ultra_restricted": false
        },
        "blocks": [
            {
                "type": "rich_text",
                "block_id": "vjW\/",
                "elements": [
                    {
                        "type": "rich_text_section",
                        "elements": [
                            {
                                "type": "user",
                                "user_id": "UMYT1J2RX"
                            },
                            {
                                "type": "text",
                                "text": " cloud ぜったい plan 通知あると思うんですが、ありますよね？"
                            }
                        ]
                    }
                ]
            }
        ],
        "thread_ts": "1612951700.030900",
        "parent_user_id": "U01NB7CKNF2"
    },
    {
        "client_msg_id": "941a791d-e93d-463c-8d37-3c47c357a117",
        "type": "message",
        "text": "planの通知はSlackやメールで可能だけど、planの実行結果を見るためにはtf cloudでログインして、ブラウザ上で実行ログを表示するしかない。（と認識してます）",
        "user": "U01NB7CKNF2",
        "ts": "1612952417.032700",
        "team": "TFU0BKCQP",
        "user_team": "TFU0BKCQP",
        "source_team": "TFU0BKCQP",
        "user_profile": {
            "avatar_hash": "gecad9d801d7",
            "image_72": "https:\/\/secure.gravatar.com\/avatar\/ecad9d801d79f6c6e5df93094690685e.jpg?s=72&d=https%3A%2F%2Fa.slack-edge.com%2Fdf10d%2Fimg%2Favatars%2Fava_0019-72.png",
            "first_name": "",
            "real_name": "Takumi Shotoku",
            "display_name": "Takumi Shotoku",
            "team": "TFU0BKCQP",
            "name": "sinsoku.listy",
            "is_restricted": false,
            "is_ultra_restricted": false
        },
        "blocks": [
            {
                "type": "rich_text",
                "block_id": "KSMgx",
                "elements": [
                    {
                        "type": "rich_text_section",
                        "elements": [
                            {
                                "type": "text",
                                "text": "planの通知はSlackやメールで可能だけど、planの実行結果を見るためにはtf cloudでログインして、ブラウザ上で実行ログを表示するしかない。（と認識してます）"
                            }
                        ]
                    }
                ]
            }
        ],
        "thread_ts": "1612951700.030900",
        "parent_user_id": "U01NB7CKNF2"
    },
    {
        "client_msg_id": "bca2b697-9459-46bc-bb6f-ca067051685a",
        "type": "message",
        "text": "まじっぽい\n<https:\/\/twitter.com\/sinsoku_listy\/status\/1359432349398691840>",
        "user": "UG46Z57TN",
        "ts": "1612953916.032900",
        "team": "TFU0BKCQP",
        "user_team": "TFU0BKCQP",
        "source_team": "TFU0BKCQP",
        "user_profile": {
            "avatar_hash": "c6bdd4cb17db",
            "image_72": "https:\/\/avatars.slack-edge.com\/2019-07-05\/685991185957_c6bdd4cb17db956661a1_72.jpg",
            "first_name": "Takeshi",
            "real_name": "Takeshi Kondo",
            "display_name": "chaspy",
            "team": "TFU0BKCQP",
            "name": "take.she12",
            "is_restricted": false,
            "is_ultra_restricted": false
        },
        "attachments": [
            {
                "fallback": "<https:\/\/twitter.com\/sinsoku_listy|@sinsoku_listy>: Terraform Cloudは便利なんだけど、プルリクにコメントしてくれない点だけが不満。 #terraformjp",
                "ts": 1612948903,
                "author_name": "神速",
                "author_link": "https:\/\/twitter.com\/sinsoku_listy\/status\/1359432349398691840",
                "author_icon": "https:\/\/pbs.twimg.com\/profile_images\/781675891386527744\/Fcb8NDuo_normal.jpg",
                "author_subname": "@sinsoku_listy",
                "text": "Terraform Cloudは便利なんだけど、プルリクにコメントしてくれない点だけが不満。 #terraformjp",
                "service_name": "twitter",
                "service_url": "https:\/\/twitter.com\/",
                "from_url": "https:\/\/twitter.com\/sinsoku_listy\/status\/1359432349398691840",
                "id": 1,
                "original_url": "https:\/\/twitter.com\/sinsoku_listy\/status\/1359432349398691840",
                "footer": "Twitter",
                "footer_icon": "https:\/\/a.slack-edge.com\/80588\/img\/services\/twitter_pixel_snapped_32.png"
            }
        ],
        "blocks": [
            {
                "type": "rich_text",
                "block_id": "3zV",
                "elements": [
                    {
                        "type": "rich_text_section",
                        "elements": [
                            {
                                "type": "text",
                                "text": "まじっぽい\n"
                            },
                            {
                                "type": "link",
                                "url": "https:\/\/twitter.com\/sinsoku_listy\/status\/1359432349398691840"
                            }
                        ]
                    }
                ]
            }
        ],
        "thread_ts": "1612951700.030900",
        "parent_user_id": "U01NB7CKNF2"
    },
    {
        "client_msg_id": "236faee9-8dd3-4751-b875-5bcf4126313f",
        "type": "message",
        "text": "それは私のツイートなのでw",
        "user": "U01NB7CKNF2",
        "ts": "1612954110.033300",
        "team": "TFU0BKCQP",
        "user_team": "TFU0BKCQP",
        "source_team": "TFU0BKCQP",
        "user_profile": {
            "avatar_hash": "gecad9d801d7",
            "image_72": "https:\/\/secure.gravatar.com\/avatar\/ecad9d801d79f6c6e5df93094690685e.jpg?s=72&d=https%3A%2F%2Fa.slack-edge.com%2Fdf10d%2Fimg%2Favatars%2Fava_0019-72.png",
            "first_name": "",
            "real_name": "Takumi Shotoku",
            "display_name": "Takumi Shotoku",
            "team": "TFU0BKCQP",
            "name": "sinsoku.listy",
            "is_restricted": false,
            "is_ultra_restricted": false
        },
        "blocks": [
            {
                "type": "rich_text",
                "block_id": "Y3UCV",
                "elements": [
                    {
                        "type": "rich_text_section",
                        "elements": [
                            {
                                "type": "text",
                                "text": "それは私のツイートなのでw"
                            }
                        ]
                    }
                ]
            }
        ],
        "thread_ts": "1612951700.030900",
        "parent_user_id": "U01NB7CKNF2"
    },
    {
        "client_msg_id": "08a0416e-253d-417d-84f8-62b86426f93d",
        "type": "message",
        "text": "wwwwww",
        "user": "UG46Z57TN",
        "ts": "1612954119.033500",
        "team": "TFU0BKCQP",
        "user_team": "TFU0BKCQP",
        "source_team": "TFU0BKCQP",
        "user_profile": {
            "avatar_hash": "c6bdd4cb17db",
            "image_72": "https:\/\/avatars.slack-edge.com\/2019-07-05\/685991185957_c6bdd4cb17db956661a1_72.jpg",
            "first_name": "Takeshi",
            "real_name": "Takeshi Kondo",
            "display_name": "chaspy",
            "team": "TFU0BKCQP",
            "name": "take.she12",
            "is_restricted": false,
            "is_ultra_restricted": false
        },
        "blocks": [
            {
                "type": "rich_text",
                "block_id": "+a+R2",
                "elements": [
                    {
                        "type": "rich_text_section",
                        "elements": [
                            {
                                "type": "text",
                                "text": "wwwwww"
                            }
                        ]
                    }
                ]
            }
        ],
        "thread_ts": "1612951700.030900",
        "parent_user_id": "U01NB7CKNF2"
    },
    {
        "client_msg_id": "4283da5f-fa88-4b63-bff3-9e59fea43f75",
        "type": "message",
        "text": "人間をアイコンで認識していることがわかる",
        "user": "UG46Z57TN",
        "ts": "1612954128.033700",
        "team": "TFU0BKCQP",
        "user_team": "TFU0BKCQP",
        "source_team": "TFU0BKCQP",
        "user_profile": {
            "avatar_hash": "c6bdd4cb17db",
            "image_72": "https:\/\/avatars.slack-edge.com\/2019-07-05\/685991185957_c6bdd4cb17db956661a1_72.jpg",
            "first_name": "Takeshi",
            "real_name": "Takeshi Kondo",
            "display_name": "chaspy",
            "team": "TFU0BKCQP",
            "name": "take.she12",
            "is_restricted": false,
            "is_ultra_restricted": false
        },
        "blocks": [
            {
                "type": "rich_text",
                "block_id": "3m1zI",
                "elements": [
                    {
                        "type": "rich_text_section",
                        "elements": [
                            {
                                "type": "text",
                                "text": "人間をアイコンで認識していることがわかる"
                            }
                        ]
                    }
                ]
            }
        ],
        "thread_ts": "1612951700.030900",
        "parent_user_id": "U01NB7CKNF2"
    },
    {
        "client_msg_id": "2933c9fa-1362-4c21-a694-5b4322c6a31a",
        "type": "message",
        "text": "ｗｗｗｗ",
        "user": "UFU0BKD8F",
        "ts": "1612954129.033900",
        "team": "TFU0BKCQP",
        "user_team": "TFU0BKCQP",
        "source_team": "TFU0BKCQP",
        "user_profile": {
            "avatar_hash": "92c41c62c7b0",
            "image_72": "https:\/\/avatars.slack-edge.com\/2019-01-30\/537137791812_92c41c62c7b0f054d3dd_72.jpg",
            "first_name": "らき",
            "real_name": "らき",
            "display_name": "raki",
            "team": "TFU0BKCQP",
            "name": "nishimuray",
            "is_restricted": false,
            "is_ultra_restricted": false
        },
        "blocks": [
            {
                "type": "rich_text",
                "block_id": "6tlJ",
                "elements": [
                    {
                        "type": "rich_text_section",
                        "elements": [
                            {
                                "type": "text",
                                "text": "ｗｗｗｗ"
                            }
                        ]
                    }
                ]
            }
        ],
        "thread_ts": "1612951700.030900",
        "parent_user_id": "U01NB7CKNF2"
    },
    {
        "client_msg_id": "2cad90de-d1ee-408e-8e40-2bf3ae7a5366",
        "type": "message",
        "text": "神速さんの本名全然ご存知なかったですw",
        "user": "UG46Z57TN",
        "ts": "1612954169.034100",
        "team": "TFU0BKCQP",
        "user_team": "TFU0BKCQP",
        "source_team": "TFU0BKCQP",
        "user_profile": {
            "avatar_hash": "c6bdd4cb17db",
            "image_72": "https:\/\/avatars.slack-edge.com\/2019-07-05\/685991185957_c6bdd4cb17db956661a1_72.jpg",
            "first_name": "Takeshi",
            "real_name": "Takeshi Kondo",
            "display_name": "chaspy",
            "team": "TFU0BKCQP",
            "name": "take.she12",
            "is_restricted": false,
            "is_ultra_restricted": false
        },
        "blocks": [
            {
                "type": "rich_text",
                "block_id": "2BRN",
                "elements": [
                    {
                        "type": "rich_text_section",
                        "elements": [
                            {
                                "type": "text",
                                "text": "神速さんの本名全然ご存知なかったですw"
                            }
                        ]
                    }
                ]
            }
        ],
        "thread_ts": "1612951700.030900",
        "parent_user_id": "U01NB7CKNF2"
    },
    {
        "client_msg_id": "51037e14-1e20-4228-8918-1e012e2dc57f",
        "type": "message",
        "text": "<https:\/\/www.terraform.io\/docs\/cloud\/api\/plan-exports.html>\nこのあたりで取る感じですかねぇ",
        "user": "UMYT1J2RX",
        "ts": "1612956313.034500",
        "team": "TFU0BKCQP",
        "user_team": "TFU0BKCQP",
        "source_team": "TFU0BKCQP",
        "user_profile": {
            "avatar_hash": "g9e1ca1887f6",
            "image_72": "https:\/\/secure.gravatar.com\/avatar\/59e1ca1887f6751ed6cc67e1eed56a91.jpg?s=72&d=https%3A%2F%2Fa.slack-edge.com%2Fdf10d%2Fimg%2Favatars%2Fava_0010-72.png",
            "first_name": "",
            "real_name": "Rumi Oku",
            "display_name": "",
            "team": "TFU0BKCQP",
            "name": "rumioku",
            "is_restricted": false,
            "is_ultra_restricted": false
        },
        "attachments": [
            {
                "service_name": "Terraform by HashiCorp",
                "title": "Plan Exports - API Docs - Terraform Cloud and Terraform Enterprise - Terraform by HashiCorp",
                "title_link": "https:\/\/www.terraform.io\/docs\/cloud\/api\/plan-exports.html",
                "text": "Terraform by HashiCorp",
                "fallback": "Terraform by HashiCorp: Plan Exports - API Docs - Terraform Cloud and Terraform Enterprise - Terraform by HashiCorp",
                "thumb_url": "https:\/\/www.terraform.io\/assets\/images\/og-image-8b3e4f7d.png",
                "from_url": "https:\/\/www.terraform.io\/docs\/cloud\/api\/plan-exports.html",
                "thumb_width": 712,
                "thumb_height": 712,
                "service_icon": "https:\/\/www.terraform.io\/assets\/images\/favicons\/apple-touch-icon-13180a24.png",
                "id": 1,
                "original_url": "https:\/\/www.terraform.io\/docs\/cloud\/api\/plan-exports.html"
            }
        ],
        "blocks": [
            {
                "type": "rich_text",
                "block_id": "8E=tC",
                "elements": [
                    {
                        "type": "rich_text_section",
                        "elements": [
                            {
                                "type": "link",
                                "url": "https:\/\/www.terraform.io\/docs\/cloud\/api\/plan-exports.html"
                            },
                            {
                                "type": "text",
                                "text": "\nこのあたりで取る感じですかねぇ"
                            }
                        ]
                    }
                ]
            }
        ],
        "thread_ts": "1612951700.030900",
        "parent_user_id": "U01NB7CKNF2"
    },
    {
        "client_msg_id": "747ad357-c04c-42d2-9f86-c29be6a9ea7b",
        "type": "message",
        "text": "<https:\/\/www.terraform.io\/docs\/cloud\/api\/notification-configurations.html>",
        "user": "UMYT1J2RX",
        "ts": "1612956338.034800",
        "team": "TFU0BKCQP",
        "user_team": "TFU0BKCQP",
        "source_team": "TFU0BKCQP",
        "user_profile": {
            "avatar_hash": "g9e1ca1887f6",
            "image_72": "https:\/\/secure.gravatar.com\/avatar\/59e1ca1887f6751ed6cc67e1eed56a91.jpg?s=72&d=https%3A%2F%2Fa.slack-edge.com%2Fdf10d%2Fimg%2Favatars%2Fava_0010-72.png",
            "first_name": "",
            "real_name": "Rumi Oku",
            "display_name": "",
            "team": "TFU0BKCQP",
            "name": "rumioku",
            "is_restricted": false,
            "is_ultra_restricted": false
        },
        "attachments": [
            {
                "service_name": "Terraform by HashiCorp",
                "title": "Notification Configurations - API Docs - Terraform Cloud and Terraform Enterprise - Terraform by HashiCorp",
                "title_link": "https:\/\/www.terraform.io\/docs\/cloud\/api\/notification-configurations.html",
                "text": "Terraform by HashiCorp",
                "fallback": "Terraform by HashiCorp: Notification Configurations - API Docs - Terraform Cloud and Terraform Enterprise - Terraform by HashiCorp",
                "thumb_url": "https:\/\/www.terraform.io\/assets\/images\/og-image-8b3e4f7d.png",
                "from_url": "https:\/\/www.terraform.io\/docs\/cloud\/api\/notification-configurations.html",
                "thumb_width": 712,
                "thumb_height": 712,
                "service_icon": "https:\/\/www.terraform.io\/assets\/images\/favicons\/apple-touch-icon-13180a24.png",
                "id": 1,
                "original_url": "https:\/\/www.terraform.io\/docs\/cloud\/api\/notification-configurations.html"
            }
        ],
        "blocks": [
            {
                "type": "rich_text",
                "block_id": "uYop",
                "elements": [
                    {
                        "type": "rich_text_section",
                        "elements": [
                            {
                                "type": "link",
                                "url": "https:\/\/www.terraform.io\/docs\/cloud\/api\/notification-configurations.html"
                            }
                        ]
                    }
                ]
            }
        ],
        "thread_ts": "1612951700.030900",
        "parent_user_id": "U01NB7CKNF2"
    },
    {
        "client_msg_id": "cf749f40-8532-4ae5-9b80-f51b81f5b56e",
        "type": "message",
        "text": "Notificationsではplanの中身までは取れないです〜",
        "user": "UMYT1J2RX",
        "ts": "1612956374.035100",
        "team": "TFU0BKCQP",
        "user_team": "TFU0BKCQP",
        "source_team": "TFU0BKCQP",
        "user_profile": {
            "avatar_hash": "g9e1ca1887f6",
            "image_72": "https:\/\/secure.gravatar.com\/avatar\/59e1ca1887f6751ed6cc67e1eed56a91.jpg?s=72&d=https%3A%2F%2Fa.slack-edge.com%2Fdf10d%2Fimg%2Favatars%2Fava_0010-72.png",
            "first_name": "",
            "real_name": "Rumi Oku",
            "display_name": "",
            "team": "TFU0BKCQP",
            "name": "rumioku",
            "is_restricted": false,
            "is_ultra_restricted": false
        },
        "blocks": [
            {
                "type": "rich_text",
                "block_id": "vwHx",
                "elements": [
                    {
                        "type": "rich_text_section",
                        "elements": [
                            {
                                "type": "text",
                                "text": "Notificationsではplanの中身までは取れないです〜"
                            }
                        ]
                    }
                ]
            }
        ],
        "thread_ts": "1612951700.030900",
        "parent_user_id": "U01NB7CKNF2"
    },
    {
        "client_msg_id": "e91ddcb8-984f-432f-9a76-7b8f01eacca2",
        "type": "message",
        "text": "Remote Runを使って戻ってきたものをslackにポストとかじゃない？って言われました。。。いいソリューションなくてすみませんmm",
        "user": "UMYT1J2RX",
        "ts": "1612956494.035300",
        "team": "TFU0BKCQP",
        "user_team": "TFU0BKCQP",
        "source_team": "TFU0BKCQP",
        "user_profile": {
            "avatar_hash": "g9e1ca1887f6",
            "image_72": "https:\/\/secure.gravatar.com\/avatar\/59e1ca1887f6751ed6cc67e1eed56a91.jpg?s=72&d=https%3A%2F%2Fa.slack-edge.com%2Fdf10d%2Fimg%2Favatars%2Fava_0010-72.png",
            "first_name": "",
            "real_name": "Rumi Oku",
            "display_name": "",
            "team": "TFU0BKCQP",
            "name": "rumioku",
            "is_restricted": false,
            "is_ultra_restricted": false
        },
        "blocks": [
            {
                "type": "rich_text",
                "block_id": "OcSG",
                "elements": [
                    {
                        "type": "rich_text_section",
                        "elements": [
                            {
                                "type": "text",
                                "text": "Remote Runを使って戻ってきたものをslackにポストとかじゃない？って言われました。。。いいソリューションなくてすみませんmm"
                            }
                        ]
                    }
                ]
            }
        ],
        "thread_ts": "1612951700.030900",
        "parent_user_id": "U01NB7CKNF2"
    },
    {
        "client_msg_id": "cae545c4-358b-47ee-82f9-7a426d20850f",
        "type": "message",
        "text": "APIで実装する方法はいけそうなので、ちょっと後日に試してみます。",
        "user": "U01NB7CKNF2",
        "ts": "1612956720.035500",
        "team": "TFU0BKCQP",
        "user_team": "TFU0BKCQP",
        "source_team": "TFU0BKCQP",
        "user_profile": {
            "avatar_hash": "gecad9d801d7",
            "image_72": "https:\/\/secure.gravatar.com\/avatar\/ecad9d801d79f6c6e5df93094690685e.jpg?s=72&d=https%3A%2F%2Fa.slack-edge.com%2Fdf10d%2Fimg%2Favatars%2Fava_0019-72.png",
            "first_name": "",
            "real_name": "Takumi Shotoku",
            "display_name": "Takumi Shotoku",
            "team": "TFU0BKCQP",
            "name": "sinsoku.listy",
            "is_restricted": false,
            "is_ultra_restricted": false
        },
        "blocks": [
            {
                "type": "rich_text",
                "block_id": "8TxX",
                "elements": [
                    {
                        "type": "rich_text_section",
                        "elements": [
                            {
                                "type": "text",
                                "text": "APIで実装する方法はいけそうなので、ちょっと後日に試してみます。"
                            }
                        ]
                    }
                ]
            }
        ],
        "thread_ts": "1612951700.030900",
        "parent_user_id": "U01NB7CKNF2"
    }
]