[
    {
        "client_msg_id": "4911B8E8-3C29-438E-8241-31BB2EF66604",
        "type": "message",
        "text": "ありがとうございます。明日もゴミ掃除あるのでやってみます！",
        "user": "U01GSHK6Q81",
        "ts": "1608632352.014300",
        "team": "TFU0BKCQP",
        "user_team": "TFU0BKCQP",
        "source_team": "TFU0BKCQP",
        "user_profile": {
            "avatar_hash": "g2d128b46ce6",
            "image_72": "https:\/\/secure.gravatar.com\/avatar\/2d128b46ce6701851c20548cf1a7afdb.jpg?s=72&d=https%3A%2F%2Fa.slack-edge.com%2Fdf10d%2Fimg%2Favatars%2Fava_0015-72.png",
            "first_name": "",
            "real_name": "dainoji",
            "display_name": "",
            "team": "TFU0BKCQP",
            "name": "mority0813",
            "is_restricted": false,
            "is_ultra_restricted": false
        },
        "blocks": [
            {
                "type": "rich_text",
                "block_id": "A3=0",
                "elements": [
                    {
                        "type": "rich_text_section",
                        "elements": [
                            {
                                "type": "text",
                                "text": "ありがとうございます。明日もゴミ掃除あるのでやってみます！"
                            }
                        ]
                    }
                ]
            }
        ]
    }
]