[
    {
        "type": "message",
        "subtype": "bot_message",
        "text": "<https:\/\/www.reddit.com\/r\/Terraform\/comments\/pcieq1\/eks_upgraded_module_is_removing_the_autoscaling\/|eks upgraded module is removing the autoscaling groups>\nHi colleagues, i am updating our eks terraform module from v 13 to v <https:\/\/registry.terraform.io\/modules\/terraform-aws-modules\/eks\/aws\/17.1.0?tab=inputs|17> and i noticed in the terraform plan that it removes the autoscaling groups, any idea why?  ~ resources = [ - { - autoscaling_groups = [ - { - name = \"eks-xxxx\" }, ] - remote_access_security_group_id = \"\" },     submitted by   <https:\/\/www.reddit.com\/user\/Cloud--Man| \/u\/Cloud--Man > \n&lt;a...",
        "ts": "1630049803.000100",
        "username": "Terraform",
        "icons": {
            "image_48": "https:\/\/s3-us-west-2.amazonaws.com\/slack-files2\/bot_icons\/2019-02-12\/548785199618_48.png"
        },
        "bot_id": "BG3N7LG73",
        "attachments": [
            {
                "service_name": "reddit",
                "title": "eks upgraded module is removing the autoscaling groups",
                "title_link": "https:\/\/www.reddit.com\/r\/Terraform\/comments\/pcieq1\/eks_upgraded_module_is_removing_the_autoscaling\/",
                "text": "Hi colleagues, i am updating our eks terraform module from v 13 to v...",
                "fallback": "reddit: eks upgraded module is removing the autoscaling groups",
                "thumb_url": "https:\/\/www.redditstatic.com\/new-icon.png",
                "from_url": "https:\/\/www.reddit.com\/r\/Terraform\/comments\/pcieq1\/eks_upgraded_module_is_removing_the_autoscaling\/",
                "thumb_width": 256,
                "thumb_height": 256,
                "service_icon": "http:\/\/www.redditstatic.com\/desktop2x\/img\/favicon\/apple-icon-57x57.png",
                "id": 1,
                "original_url": "https:\/\/www.reddit.com\/r\/Terraform\/comments\/pcieq1\/eks_upgraded_module_is_removing_the_autoscaling\/"
            },
            {
                "title": "overview for Cloud--Man",
                "title_link": "https:\/\/www.reddit.com\/user\/Cloud--Man",
                "text": "The u\/Cloud--Man community on Reddit. Reddit gives you the best of the internet in one place.",
                "fallback": "overview for Cloud--Man",
                "from_url": "https:\/\/www.reddit.com\/user\/Cloud--Man",
                "service_icon": "http:\/\/www.redditstatic.com\/desktop2x\/img\/favicon\/apple-icon-57x57.png",
                "service_name": "reddit.com",
                "id": 2,
                "original_url": "https:\/\/www.reddit.com\/user\/Cloud--Man"
            }
        ],
        "edited": {
            "user": "BG3N7LG73",
            "ts": "1630049803.000000"
        }
    },
    {
        "type": "message",
        "subtype": "bot_message",
        "text": "<https:\/\/www.reddit.com\/r\/Terraform\/comments\/pcmi0i\/azure_postgresql_default_time_zone\/|Azure Postgresql default time zone>\nI'm relatively new to Terraform and am on a project setting up an Azure project environment for migrating an existing application. Is it possible to set the default time zone of an Azure Postgresql database server to UTC using Terraform?    submitted by   <https:\/\/www.reddit.com\/user\/Belbarid| \/u\/Belbarid > \n<https:\/\/www.reddit.com\/r\/Terraform\/comments\/pcmi0i\/azure_postgresql_default_time_zone\/|[link]>   &lt;a...",
        "ts": "1630068398.000300",
        "username": "Terraform",
        "icons": {
            "image_48": "https:\/\/s3-us-west-2.amazonaws.com\/slack-files2\/bot_icons\/2019-02-12\/548785199618_48.png"
        },
        "bot_id": "BG3N7LG73",
        "attachments": [
            {
                "service_name": "reddit",
                "title": "Azure Postgresql default time zone",
                "title_link": "https:\/\/www.reddit.com\/r\/Terraform\/comments\/pcmi0i\/azure_postgresql_default_time_zone\/",
                "text": "I'm relatively new to Terraform and am on a project setting up an Azure project environment for migrating an existing application. Is it possible...",
                "fallback": "reddit: Azure Postgresql default time zone",
                "thumb_url": "https:\/\/www.redditstatic.com\/new-icon.png",
                "from_url": "https:\/\/www.reddit.com\/r\/Terraform\/comments\/pcmi0i\/azure_postgresql_default_time_zone\/",
                "thumb_width": 256,
                "thumb_height": 256,
                "service_icon": "http:\/\/www.redditstatic.com\/desktop2x\/img\/favicon\/apple-icon-57x57.png",
                "id": 1,
                "original_url": "https:\/\/www.reddit.com\/r\/Terraform\/comments\/pcmi0i\/azure_postgresql_default_time_zone\/"
            },
            {
                "title": "overview for Belbarid",
                "title_link": "https:\/\/www.reddit.com\/user\/Belbarid",
                "text": "The u\/Belbarid community on Reddit. Reddit gives you the best of the internet in one place.",
                "fallback": "overview for Belbarid",
                "from_url": "https:\/\/www.reddit.com\/user\/Belbarid",
                "service_icon": "http:\/\/www.redditstatic.com\/desktop2x\/img\/favicon\/apple-icon-57x57.png",
                "service_name": "reddit.com",
                "id": 2,
                "original_url": "https:\/\/www.reddit.com\/user\/Belbarid"
            }
        ],
        "edited": {
            "user": "BG3N7LG73",
            "ts": "1630068398.000000"
        }
    },
    {
        "type": "message",
        "subtype": "bot_message",
        "text": "<https:\/\/www.reddit.com\/r\/Terraform\/comments\/pcpngo\/can_i_have_tf_join_azure_vms_to_an_onprem_ad\/|Can I have TF join Azure VMs to an on-prem AD without a secret.tfvars file?>\nI'm looking at using Terraform for Azure VDI, and part of the process would be <https:\/\/pixelrobots.co.uk\/2019\/03\/use-terraform-to-join-a-new-azure-virtual-machine-to-a-domain\/|using a VM extension to join the VMs to our on-prem AD>. This would require me setting a password for an AD account with permissions to join machines to the domain. I'd rather not save the password to secret.tfvars or any other location where it'd exist in plain text. Is there some way I can accomplish the...",
        "ts": "1630078597.000500",
        "username": "Terraform",
        "icons": {
            "image_48": "https:\/\/s3-us-west-2.amazonaws.com\/slack-files2\/bot_icons\/2019-02-12\/548785199618_48.png"
        },
        "bot_id": "BG3N7LG73",
        "attachments": [
            {
                "service_name": "reddit",
                "title": "Can I have TF join Azure VMs to an on-prem AD without a secret.tfvars file?",
                "title_link": "https:\/\/www.reddit.com\/r\/Terraform\/comments\/pcpngo\/can_i_have_tf_join_azure_vms_to_an_onprem_ad\/",
                "text": "I'm looking at using Terraform for Azure VDI, and part of the process would be [using a VM extension to join the VMs to our on-prem...",
                "fallback": "reddit: Can I have TF join Azure VMs to an on-prem AD without a secret.tfvars file?",
                "thumb_url": "https:\/\/www.redditstatic.com\/new-icon.png",
                "from_url": "https:\/\/www.reddit.com\/r\/Terraform\/comments\/pcpngo\/can_i_have_tf_join_azure_vms_to_an_onprem_ad\/",
                "thumb_width": 256,
                "thumb_height": 256,
                "service_icon": "http:\/\/www.redditstatic.com\/desktop2x\/img\/favicon\/apple-icon-57x57.png",
                "id": 1,
                "original_url": "https:\/\/www.reddit.com\/r\/Terraform\/comments\/pcpngo\/can_i_have_tf_join_azure_vms_to_an_onprem_ad\/"
            },
            {
                "service_name": "Pixel Robots.",
                "title": "Use Terraform to join a new Azure Virtual Machine to a Domain - Pixel Robots.",
                "title_link": "https:\/\/pixelrobots.co.uk\/2019\/03\/use-terraform-to-join-a-new-azure-virtual-machine-to-a-domain\/",
                "text": "Reading Time: &lt; 1 minute Share:As I continue using terraform with Microsoft Azure, I keep finding cool stuff. In this short blog post, I am going to show you how to join an Azure Virtual Machine to an Active Directory Read more…",
                "fallback": "Pixel Robots.: Use Terraform to join a new Azure Virtual Machine to a Domain - Pixel Robots.",
                "image_url": "https:\/\/pixelrobots.co.uk\/wp-content\/uploads\/2019\/03\/adjoin.png",
                "image_width": 360,
                "image_height": 240,
                "fields": [
                    {
                        "title": "Written by",
                        "value": "Pixel Robots.",
                        "short": true
                    },
                    {
                        "title": "Estimated reading time",
                        "value": "1 minute",
                        "short": true
                    }
                ],
                "ts": 1552486334,
                "from_url": "https:\/\/pixelrobots.co.uk\/2019\/03\/use-terraform-to-join-a-new-azure-virtual-machine-to-a-domain\/",
                "image_bytes": 32241,
                "id": 2,
                "original_url": "https:\/\/pixelrobots.co.uk\/2019\/03\/use-terraform-to-join-a-new-azure-virtual-machine-to-a-domain\/"
            }
        ],
        "edited": {
            "user": "BG3N7LG73",
            "ts": "1630078597.000000"
        }
    },
    {
        "type": "message",
        "subtype": "bot_message",
        "text": "<https:\/\/www.reddit.com\/r\/Terraform\/comments\/pcq0gy\/is_there_support_for_adding_rds_proxy_to_lambda\/|Is there support for adding RDS proxy to lambda function in terraform, I don't see anything in documentation?>\nsubmitted by   <https:\/\/www.reddit.com\/user\/Flaky_Meringue_7957| \/u\/Flaky_Meringue_7957 > \n<https:\/\/www.reddit.com\/r\/Terraform\/comments\/pcq0gy\/is_there_support_for_adding_rds_proxy_to_lambda\/|[link]>   <https:\/\/www.reddit.com\/r\/Terraform\/comments\/pcq0gy\/is_there_support_for_adding_rds_proxy_to_lambda\/|[comments]>",
        "ts": "1630080398.000700",
        "username": "Terraform",
        "icons": {
            "image_48": "https:\/\/s3-us-west-2.amazonaws.com\/slack-files2\/bot_icons\/2019-02-12\/548785199618_48.png"
        },
        "bot_id": "BG3N7LG73",
        "attachments": [
            {
                "service_name": "reddit",
                "title": "Is there support for adding RDS proxy to lambda function in terraform, I don't see anything in documentation?",
                "title_link": "https:\/\/www.reddit.com\/r\/Terraform\/comments\/pcq0gy\/is_there_support_for_adding_rds_proxy_to_lambda\/",
                "text": "Posted in r\/Terraform by u\/Flaky_Meringue_7957 • 1 point and 0 comments",
                "fallback": "reddit: Is there support for adding RDS proxy to lambda function in terraform, I don't see anything in documentation?",
                "thumb_url": "https:\/\/www.redditstatic.com\/new-icon.png",
                "from_url": "https:\/\/www.reddit.com\/r\/Terraform\/comments\/pcq0gy\/is_there_support_for_adding_rds_proxy_to_lambda\/",
                "thumb_width": 256,
                "thumb_height": 256,
                "service_icon": "http:\/\/www.redditstatic.com\/desktop2x\/img\/favicon\/apple-icon-57x57.png",
                "id": 1,
                "original_url": "https:\/\/www.reddit.com\/r\/Terraform\/comments\/pcq0gy\/is_there_support_for_adding_rds_proxy_to_lambda\/"
            },
            {
                "title": "overview for Flaky_Meringue_7957",
                "title_link": "https:\/\/www.reddit.com\/user\/Flaky_Meringue_7957",
                "text": "The u\/Flaky_Meringue_7957 community on Reddit. Reddit gives you the best of the internet in one place.",
                "fallback": "overview for Flaky_Meringue_7957",
                "from_url": "https:\/\/www.reddit.com\/user\/Flaky_Meringue_7957",
                "service_icon": "http:\/\/www.redditstatic.com\/desktop2x\/img\/favicon\/apple-icon-57x57.png",
                "service_name": "reddit.com",
                "id": 2,
                "original_url": "https:\/\/www.reddit.com\/user\/Flaky_Meringue_7957"
            }
        ],
        "edited": {
            "user": "BG3N7LG73",
            "ts": "1630080398.000000"
        }
    },
    {
        "type": "message",
        "subtype": "bot_message",
        "text": "<https:\/\/www.reddit.com\/r\/Terraform\/comments\/pcrvk6\/i_passed_the_hashicorp_terraform_certification\/|I passed the HashiCorp Terraform Certification with a 84%. Here's my Guide>\nI create free cloud certifications full-time. I sat this exam so I could share my test-taking experience as well as an introspective of how I feel this certification fits in the industry.  TL;DR: The exam is easy, but also unbalanced, I do recommend obtaining this certification if your path is DevOps Engineer due to industry demand and the exam fee is very inexpensive. I recommend studying beyond the exam guide outline to round out your knowledge. ![image.png](&lt;a...",
        "ts": "1630085798.000900",
        "username": "Terraform",
        "icons": {
            "image_48": "https:\/\/s3-us-west-2.amazonaws.com\/slack-files2\/bot_icons\/2019-02-12\/548785199618_48.png"
        },
        "bot_id": "BG3N7LG73",
        "attachments": [
            {
                "service_name": "reddit",
                "title": "I passed the HashiCorp Terraform Certification with a 84%. Here's my Guide",
                "title_link": "https:\/\/www.reddit.com\/r\/Terraform\/comments\/pcrvk6\/i_passed_the_hashicorp_terraform_certification\/",
                "text": "&gt; I create free cloud certifications full-time. I sat this exam so I could share my test-taking experience as well as an introspective of how I...",
                "fallback": "reddit: I passed the HashiCorp Terraform Certification with a 84%. Here's my Guide",
                "thumb_url": "https:\/\/www.redditstatic.com\/new-icon.png",
                "from_url": "https:\/\/www.reddit.com\/r\/Terraform\/comments\/pcrvk6\/i_passed_the_hashicorp_terraform_certification\/",
                "thumb_width": 256,
                "thumb_height": 256,
                "service_icon": "http:\/\/www.redditstatic.com\/desktop2x\/img\/favicon\/apple-icon-57x57.png",
                "id": 1,
                "original_url": "https:\/\/www.reddit.com\/r\/Terraform\/comments\/pcrvk6\/i_passed_the_hashicorp_terraform_certification\/"
            }
        ],
        "edited": {
            "user": "BG3N7LG73",
            "ts": "1630085798.000000"
        }
    },
    {
        "type": "message",
        "subtype": "bot_message",
        "text": "<https:\/\/www.reddit.com\/r\/Terraform\/comments\/pcscyj\/im_still_new_to_terraform_but_decided_to_write_a\/|Im still new to Terraform but decided to write a tip blog post as this might be useful for others.>\nsubmitted by   <https:\/\/www.reddit.com\/user\/RyanBijkerk| \/u\/RyanBijkerk > \n<https:\/\/www.logitblog.com\/terraform-101-tips-element-function\/|[link]>   <https:\/\/www.reddit.com\/r\/Terraform\/comments\/pcscyj\/im_still_new_to_terraform_but_decided_to_write_a\/|[comments]>",
        "ts": "1630087597.001100",
        "username": "Terraform",
        "icons": {
            "image_48": "https:\/\/s3-us-west-2.amazonaws.com\/slack-files2\/bot_icons\/2019-02-12\/548785199618_48.png"
        },
        "bot_id": "BG3N7LG73",
        "attachments": [
            {
                "service_name": "reddit",
                "title": "Im still new to Terraform but decided to write a tip blog post as this might be useful for others.",
                "title_link": "https:\/\/www.reddit.com\/r\/Terraform\/comments\/pcscyj\/im_still_new_to_terraform_but_decided_to_write_a\/",
                "text": "Posted in r\/Terraform by u\/RyanBijkerk • 1 point and 0 comments",
                "fallback": "reddit: Im still new to Terraform but decided to write a tip blog post as this might be useful for others.",
                "thumb_url": "https:\/\/b.thumbs.redditmedia.com\/uuMY4jpxMbooBYuCJix7k84YkdoNrcnjh7kBtXDfSwU.jpg",
                "from_url": "https:\/\/www.reddit.com\/r\/Terraform\/comments\/pcscyj\/im_still_new_to_terraform_but_decided_to_write_a\/",
                "thumb_width": 140,
                "thumb_height": 35,
                "service_icon": "http:\/\/www.redditstatic.com\/desktop2x\/img\/favicon\/apple-icon-57x57.png",
                "id": 1,
                "original_url": "https:\/\/www.reddit.com\/r\/Terraform\/comments\/pcscyj\/im_still_new_to_terraform_but_decided_to_write_a\/"
            },
            {
                "title": "overview for RyanBijkerk",
                "title_link": "https:\/\/www.reddit.com\/user\/RyanBijkerk",
                "text": "The u\/RyanBijkerk community on Reddit. Reddit gives you the best of the internet in one place.",
                "fallback": "overview for RyanBijkerk",
                "from_url": "https:\/\/www.reddit.com\/user\/RyanBijkerk",
                "service_icon": "http:\/\/www.redditstatic.com\/desktop2x\/img\/favicon\/apple-icon-57x57.png",
                "service_name": "reddit.com",
                "id": 2,
                "original_url": "https:\/\/www.reddit.com\/user\/RyanBijkerk"
            },
            {
                "service_name": "Logit Blog",
                "title": "Terraform 101 tip: element function",
                "title_link": "https:\/\/www.logitblog.com\/terraform-101-tips-element-function\/",
                "text": "In the last couple of months, my day-to-day work involves a lot working with Terraform. Now sometimes there are features or functions which are not described clearly. Therefore introducing 101 tips, a series sharing some tips that might help you. The first blog post of the series will be covering the function element.",
                "fallback": "Logit Blog: Terraform 101 tip: element function",
                "image_url": "https:\/\/www.logitblog.com\/assets\/images\/posts\/2021-08-27-terraform-101-tips-element-function\/terraform-101-tips-element-function-feature-image.png",
                "ts": 1630022400,
                "from_url": "https:\/\/www.logitblog.com\/terraform-101-tips-element-function\/",
                "image_width": 790,
                "image_height": 200,
                "image_bytes": 85248,
                "service_icon": "https:\/\/www.logitblog.com\/assets\/images\/favicon.ico",
                "id": 3,
                "original_url": "https:\/\/www.logitblog.com\/terraform-101-tips-element-function\/"
            }
        ],
        "edited": {
            "user": "BG3N7LG73",
            "ts": "1630087597.000000"
        }
    }
]