[
    {
        "type": "message",
        "subtype": "bot_message",
        "text": "<https:\/\/www.reddit.com\/r\/Terraform\/comments\/pd708z\/terraform_modules_atomic_design\/|Terraform Modules: Atomic Design>\nsubmitted by   <https:\/\/www.reddit.com\/user\/macunha1| \/u\/macunha1 > \n<https:\/\/macunha.me\/en\/post\/2021\/06\/terraform-atomic-design\/|[link]>   <https:\/\/www.reddit.com\/r\/Terraform\/comments\/pd708z\/terraform_modules_atomic_design\/|[comments]>",
        "ts": "1630145199.001300",
        "username": "Terraform",
        "icons": {
            "image_48": "https:\/\/s3-us-west-2.amazonaws.com\/slack-files2\/bot_icons\/2019-02-12\/548785199618_48.png"
        },
        "bot_id": "BG3N7LG73",
        "attachments": [
            {
                "service_name": "reddit",
                "title": "Terraform Modules: Atomic Design",
                "title_link": "https:\/\/www.reddit.com\/r\/Terraform\/comments\/pd708z\/terraform_modules_atomic_design\/",
                "text": "Posted in r\/Terraform by u\/macunha1 • 1 point and 0 comments",
                "fallback": "reddit: Terraform Modules: Atomic Design",
                "thumb_url": "https:\/\/b.thumbs.redditmedia.com\/c-7o19rbYDGG4FDuMoobwB_vkhSc_uSOXhCCyWCMkDs.jpg",
                "from_url": "https:\/\/www.reddit.com\/r\/Terraform\/comments\/pd708z\/terraform_modules_atomic_design\/",
                "thumb_width": 140,
                "thumb_height": 140,
                "service_icon": "http:\/\/www.redditstatic.com\/desktop2x\/img\/favicon\/apple-icon-57x57.png",
                "id": 1,
                "original_url": "https:\/\/www.reddit.com\/r\/Terraform\/comments\/pd708z\/terraform_modules_atomic_design\/"
            },
            {
                "title": "overview for macunha1",
                "title_link": "https:\/\/www.reddit.com\/user\/macunha1",
                "text": "The u\/macunha1 community on Reddit. Reddit gives you the best of the internet in one place.",
                "fallback": "overview for macunha1",
                "from_url": "https:\/\/www.reddit.com\/user\/macunha1",
                "service_icon": "http:\/\/www.redditstatic.com\/desktop2x\/img\/favicon\/apple-icon-57x57.png",
                "service_name": "reddit.com",
                "id": 2,
                "original_url": "https:\/\/www.reddit.com\/user\/macunha1"
            },
            {
                "service_name": "It's me, Macunha!",
                "title": "Terraform: Atomic Design | It's me, Macunha!",
                "title_link": "https:\/\/macunha.me\/en\/post\/2021\/06\/terraform-atomic-design\/",
                "text": "Adapting the Atomic Design methodology to Infrastructure as Code components to help foster code reusability, ease of maintenance and agile development of the infrastructure. Creates standardization, validates inputs and brings the Terraform definitions closer to the developers (self-service Ops).",
                "fallback": "It's me, Macunha!: Terraform: Atomic Design | It's me, Macunha!",
                "thumb_url": "https:\/\/macunha.me\/media\/icon_hu176de0364afaeda8922c372b574c3cbf_6946_512x512_fill_lanczos_center_2.png",
                "ts": 1624917600,
                "from_url": "https:\/\/macunha.me\/en\/post\/2021\/06\/terraform-atomic-design\/",
                "thumb_width": 512,
                "thumb_height": 512,
                "service_icon": "https:\/\/macunha.me\/media\/icon_hu176de0364afaeda8922c372b574c3cbf_6946_180x180_fill_lanczos_center_2.png",
                "id": 3,
                "original_url": "https:\/\/macunha.me\/en\/post\/2021\/06\/terraform-atomic-design\/"
            }
        ],
        "edited": {
            "user": "BG3N7LG73",
            "ts": "1630145200.000000"
        }
    },
    {
        "type": "message",
        "subtype": "bot_message",
        "text": "<https:\/\/www.reddit.com\/r\/Terraform\/comments\/pdmbs1\/dynamicstatic_resource_mapping\/|Dynamic\/Static Resource Mapping>\nHello All, Having trouble figuring something out and wanted to run it by the community here. Its probably straight forward, I'm struggling to find an answer. I'm creating KMS keys, S3 buckets, KMS aliases. I am using a locals map to establish a few variable using other variables, so a <https:\/\/variables.tf\/|variables.tf> doesn't really fit. My main question is highlighted by ????? below.  How do I map a resource to a specific returned value within another resource? So for instance...",
        "ts": "1630201598.001500",
        "username": "Terraform",
        "icons": {
            "image_48": "https:\/\/s3-us-west-2.amazonaws.com\/slack-files2\/bot_icons\/2019-02-12\/548785199618_48.png"
        },
        "bot_id": "BG3N7LG73",
        "attachments": [
            {
                "service_name": "reddit",
                "title": "Dynamic\/Static Resource Mapping",
                "title_link": "https:\/\/www.reddit.com\/r\/Terraform\/comments\/pdmbs1\/dynamicstatic_resource_mapping\/",
                "text": "Hello All, Having trouble figuring something out and wanted to run it by the community here. Its probably straight forward, I'm struggling to...",
                "fallback": "reddit: Dynamic\/Static Resource Mapping",
                "thumb_url": "https:\/\/www.redditstatic.com\/new-icon.png",
                "from_url": "https:\/\/www.reddit.com\/r\/Terraform\/comments\/pdmbs1\/dynamicstatic_resource_mapping\/",
                "thumb_width": 256,
                "thumb_height": 256,
                "service_icon": "http:\/\/www.redditstatic.com\/desktop2x\/img\/favicon\/apple-icon-57x57.png",
                "id": 1,
                "original_url": "https:\/\/www.reddit.com\/r\/Terraform\/comments\/pdmbs1\/dynamicstatic_resource_mapping\/"
            }
        ],
        "edited": {
            "user": "BG3N7LG73",
            "ts": "1630201599.000000"
        }
    }
]