[
    {
        "type": "message",
        "subtype": "bot_message",
        "text": "<https:\/\/www.reddit.com\/r\/Terraform\/comments\/p9uhfu\/aws_terraform_resources\/|AWS Terraform Resources>\nHi Community , I am a new born child in the Terraform Universe. Have been studying AWS for a while and was using boto3 for basic infra provisioning. Now I want to learn Terraform and jump into some certification. Can someone refer be to resources I can start with. I am 10 years into IT and 5 years into Big Data 1.5 years doing basic AWS , so some course which moves at fast pace can also be recommended.    submitted by   &lt;a href=\"https:\/\/www.reddit.com\/user\/impratiksingh\"&gt; \/u\/impratiksingh...",
        "ts": "1629702400.042500",
        "username": "Terraform",
        "icons": {
            "image_48": "https:\/\/s3-us-west-2.amazonaws.com\/slack-files2\/bot_icons\/2019-02-12\/548785199618_48.png"
        },
        "bot_id": "BG3N7LG73",
        "attachments": [
            {
                "service_name": "reddit",
                "title": "AWS Terraform Resources",
                "title_link": "https:\/\/www.reddit.com\/r\/Terraform\/comments\/p9uhfu\/aws_terraform_resources\/",
                "text": "Hi Community , I am a new born child in the Terraform Universe. Have been studying AWS for a while and was using boto3 for basic infra...",
                "fallback": "reddit: AWS Terraform Resources",
                "thumb_url": "https:\/\/www.redditstatic.com\/new-icon.png",
                "from_url": "https:\/\/www.reddit.com\/r\/Terraform\/comments\/p9uhfu\/aws_terraform_resources\/",
                "thumb_width": 256,
                "thumb_height": 256,
                "service_icon": "http:\/\/www.redditstatic.com\/desktop2x\/img\/favicon\/apple-icon-57x57.png",
                "id": 1,
                "original_url": "https:\/\/www.reddit.com\/r\/Terraform\/comments\/p9uhfu\/aws_terraform_resources\/"
            }
        ],
        "edited": {
            "user": "BG3N7LG73",
            "ts": "1629702401.000000"
        }
    },
    {
        "type": "message",
        "subtype": "bot_message",
        "text": "<https:\/\/www.reddit.com\/r\/Terraform\/comments\/p9xpya\/terraform_outputs_en_github_actions_con_cloud\/|Terraform outputs en GitHub Actions con Cloud Functions (SPANISH)>\nsubmitted by   <https:\/\/www.reddit.com\/user\/International-Row822| \/u\/International-Row822 > \n<https:\/\/www.youtube.com\/watch?v=Exq3R99tMXY|[link]>   <https:\/\/www.reddit.com\/r\/Terraform\/comments\/p9xpya\/terraform_outputs_en_github_actions_con_cloud\/|[comments]>",
        "ts": "1629718598.042700",
        "username": "Terraform",
        "icons": {
            "image_48": "https:\/\/s3-us-west-2.amazonaws.com\/slack-files2\/bot_icons\/2019-02-12\/548785199618_48.png"
        },
        "bot_id": "BG3N7LG73",
        "attachments": [
            {
                "service_name": "reddit",
                "title": "Terraform outputs en GitHub Actions con Cloud Functions (SPANISH)",
                "title_link": "https:\/\/www.reddit.com\/r\/Terraform\/comments\/p9xpya\/terraform_outputs_en_github_actions_con_cloud\/",
                "text": "Posted in r\/Terraform by u\/International-Row822 • 1 point and 0 comments",
                "fallback": "reddit: Terraform outputs en GitHub Actions con Cloud Functions (SPANISH)",
                "image_url": "https:\/\/i.ytimg.com\/vi\/Exq3R99tMXY\/hqdefault.jpg",
                "image_width": 333,
                "image_height": 250,
                "from_url": "https:\/\/www.reddit.com\/r\/Terraform\/comments\/p9xpya\/terraform_outputs_en_github_actions_con_cloud\/",
                "image_bytes": 25245,
                "service_icon": "http:\/\/www.redditstatic.com\/desktop2x\/img\/favicon\/apple-icon-57x57.png",
                "id": 1,
                "original_url": "https:\/\/www.reddit.com\/r\/Terraform\/comments\/p9xpya\/terraform_outputs_en_github_actions_con_cloud\/"
            },
            {
                "title": "overview for International-Row822",
                "title_link": "https:\/\/www.reddit.com\/user\/International-Row822",
                "text": "Claimora permite registrar todas las horas trabajadas y dar informes precisos al departamento de recursos humanos, además de generar informes para...",
                "fallback": "overview for International-Row822",
                "from_url": "https:\/\/www.reddit.com\/user\/International-Row822",
                "service_icon": "http:\/\/www.redditstatic.com\/desktop2x\/img\/favicon\/apple-icon-57x57.png",
                "service_name": "reddit.com",
                "id": 2,
                "original_url": "https:\/\/www.reddit.com\/user\/International-Row822"
            },
            {
                "service_name": "YouTube",
                "service_url": "https:\/\/www.youtube.com\/",
                "title": "Terraform outputs en GitHub Actions  con Cloud Functions",
                "title_link": "https:\/\/www.youtube.com\/watch?v=Exq3R99tMXY",
                "author_name": "mkdev, en Español",
                "author_link": "https:\/\/www.youtube.com\/channel\/UC83wpYKW0ZBwhTN4tGdC9fA",
                "thumb_url": "https:\/\/i.ytimg.com\/vi\/Exq3R99tMXY\/hqdefault.jpg",
                "thumb_width": 480,
                "thumb_height": 360,
                "fallback": "YouTube Video: Terraform outputs en GitHub Actions  con Cloud Functions",
                "video_html": "<iframe width=\"400\" height=\"225\" src=\"https:\/\/www.youtube.com\/embed\/Exq3R99tMXY?feature=oembed&autoplay=1&iv_load_policy=3\" frameborder=\"0\" allow=\"accelerometer; autoplay; clipboard-write; encrypted-media; gyroscope; picture-in-picture\" allowfullscreen><\/iframe>",
                "video_html_width": 400,
                "video_html_height": 225,
                "from_url": "https:\/\/www.youtube.com\/watch?v=Exq3R99tMXY",
                "service_icon": "https:\/\/a.slack-edge.com\/80588\/img\/unfurl_icons\/youtube.png",
                "id": 3,
                "original_url": "https:\/\/www.youtube.com\/watch?v=Exq3R99tMXY"
            }
        ],
        "edited": {
            "user": "BG3N7LG73",
            "ts": "1629718598.000000"
        }
    },
    {
        "type": "message",
        "subtype": "bot_message",
        "text": "<https:\/\/www.reddit.com\/r\/Terraform\/comments\/pa0moe\/quick_tech_terraformdocs\/|Quick Tech - terraform-docs>\nsubmitted by   <https:\/\/www.reddit.com\/user\/vTimD| \/u\/vTimD > \n<https:\/\/youtu.be\/dW5UsgnCwJc|[link]>   <https:\/\/www.reddit.com\/r\/Terraform\/comments\/pa0moe\/quick_tech_terraformdocs\/|[comments]>",
        "ts": "1629728200.042900",
        "username": "Terraform",
        "icons": {
            "image_48": "https:\/\/s3-us-west-2.amazonaws.com\/slack-files2\/bot_icons\/2019-02-12\/548785199618_48.png"
        },
        "bot_id": "BG3N7LG73",
        "attachments": [
            {
                "service_name": "reddit",
                "title": "Quick Tech - terraform-docs",
                "title_link": "https:\/\/www.reddit.com\/r\/Terraform\/comments\/pa0moe\/quick_tech_terraformdocs\/",
                "text": "Posted in r\/Terraform by u\/vTimD • 1 point and 0 comments",
                "fallback": "reddit: Quick Tech - terraform-docs",
                "image_url": "https:\/\/i.ytimg.com\/vi\/dW5UsgnCwJc\/hqdefault.jpg",
                "image_width": 333,
                "image_height": 250,
                "from_url": "https:\/\/www.reddit.com\/r\/Terraform\/comments\/pa0moe\/quick_tech_terraformdocs\/",
                "image_bytes": 20919,
                "service_icon": "http:\/\/www.redditstatic.com\/desktop2x\/img\/favicon\/apple-icon-57x57.png",
                "id": 1,
                "original_url": "https:\/\/www.reddit.com\/r\/Terraform\/comments\/pa0moe\/quick_tech_terraformdocs\/"
            },
            {
                "title": "overview for vTimD",
                "title_link": "https:\/\/www.reddit.com\/user\/vTimD",
                "text": "The u\/vTimD community on Reddit. Reddit gives you the best of the internet in one place.",
                "fallback": "overview for vTimD",
                "from_url": "https:\/\/www.reddit.com\/user\/vTimD",
                "service_icon": "http:\/\/www.redditstatic.com\/desktop2x\/img\/favicon\/apple-icon-57x57.png",
                "service_name": "reddit.com",
                "id": 2,
                "original_url": "https:\/\/www.reddit.com\/user\/vTimD"
            },
            {
                "service_name": "YouTube",
                "service_url": "https:\/\/www.youtube.com\/",
                "title": "Quick Tech - terraform-docs",
                "title_link": "https:\/\/youtu.be\/dW5UsgnCwJc",
                "author_name": "env0",
                "author_link": "https:\/\/www.youtube.com\/c\/envZero",
                "thumb_url": "https:\/\/i.ytimg.com\/vi\/dW5UsgnCwJc\/hqdefault.jpg",
                "thumb_width": 480,
                "thumb_height": 360,
                "fallback": "YouTube Video: Quick Tech - terraform-docs",
                "video_html": "<iframe width=\"400\" height=\"225\" src=\"https:\/\/www.youtube.com\/embed\/dW5UsgnCwJc?feature=oembed&autoplay=1&iv_load_policy=3\" frameborder=\"0\" allow=\"accelerometer; autoplay; clipboard-write; encrypted-media; gyroscope; picture-in-picture\" allowfullscreen><\/iframe>",
                "video_html_width": 400,
                "video_html_height": 225,
                "from_url": "https:\/\/youtu.be\/dW5UsgnCwJc",
                "service_icon": "https:\/\/a.slack-edge.com\/80588\/img\/unfurl_icons\/youtube.png",
                "id": 3,
                "original_url": "https:\/\/youtu.be\/dW5UsgnCwJc"
            }
        ],
        "edited": {
            "user": "BG3N7LG73",
            "ts": "1629728200.000000"
        }
    },
    {
        "type": "message",
        "subtype": "bot_message",
        "text": "<https:\/\/www.reddit.com\/r\/Terraform\/comments\/pa29vn\/issue_in_running_terraform_init_i_am_running\/|Issue in running terraform init - I am running terraform script using Jenkins and following error is thrown. Can someone help please? I have checked the credentials file and it is fine.>\nsubmitted by   <https:\/\/www.reddit.com\/user\/111pallavi| \/u\/111pallavi > \n<https:\/\/i.redd.it\/d8f90kr3n4j71.jpg|[link]>   <https:\/\/www.reddit.com\/r\/Terraform\/comments\/pa29vn\/issue_in_running_terraform_init_i_am_running\/|[comments]>",
        "ts": "1629733599.043100",
        "username": "Terraform",
        "icons": {
            "image_48": "https:\/\/s3-us-west-2.amazonaws.com\/slack-files2\/bot_icons\/2019-02-12\/548785199618_48.png"
        },
        "bot_id": "BG3N7LG73",
        "attachments": [
            {
                "service_name": "reddit",
                "title": "Issue in running terraform init - I am running terraform script using Jenkins and following error is thrown. Can someone help please? I have checked the credentials file and it is fine.",
                "title_link": "https:\/\/www.reddit.com\/r\/Terraform\/comments\/pa29vn\/issue_in_running_terraform_init_i_am_running\/",
                "text": "Posted in r\/Terraform by u\/111pallavi • 1 point and 0 comments",
                "fallback": "reddit: Issue in running terraform init - I am running terraform script using Jenkins and following error is thrown. Can someone help please? I have checked the credentials file and it is fine.",
                "thumb_url": "https:\/\/b.thumbs.redditmedia.com\/8yh5-cokVWzM8I4gZOwXq-v_jHZB0oPD-Pht96MHMlA.jpg",
                "from_url": "https:\/\/www.reddit.com\/r\/Terraform\/comments\/pa29vn\/issue_in_running_terraform_init_i_am_running\/",
                "thumb_width": 140,
                "thumb_height": 105,
                "service_icon": "http:\/\/www.redditstatic.com\/desktop2x\/img\/favicon\/apple-icon-57x57.png",
                "id": 1,
                "original_url": "https:\/\/www.reddit.com\/r\/Terraform\/comments\/pa29vn\/issue_in_running_terraform_init_i_am_running\/"
            },
            {
                "title": "overview for 111pallavi",
                "title_link": "https:\/\/www.reddit.com\/user\/111pallavi",
                "text": "The u\/111pallavi community on Reddit. Reddit gives you the best of the internet in one place.",
                "fallback": "overview for 111pallavi",
                "from_url": "https:\/\/www.reddit.com\/user\/111pallavi",
                "service_icon": "http:\/\/www.redditstatic.com\/desktop2x\/img\/favicon\/apple-icon-57x57.png",
                "service_name": "reddit.com",
                "id": 2,
                "original_url": "https:\/\/www.reddit.com\/user\/111pallavi"
            },
            {
                "fallback": "4608x3456px image",
                "image_url": "https:\/\/i.redd.it\/d8f90kr3n4j71.jpg",
                "image_width": 4608,
                "image_height": 3456,
                "image_bytes": 3993373,
                "from_url": "https:\/\/i.redd.it\/d8f90kr3n4j71.jpg",
                "id": 3,
                "original_url": "https:\/\/i.redd.it\/d8f90kr3n4j71.jpg"
            }
        ],
        "edited": {
            "user": "BG3N7LG73",
            "ts": "1629733599.000000"
        }
    },
    {
        "type": "message",
        "subtype": "bot_message",
        "text": "<https:\/\/www.reddit.com\/r\/Terraform\/comments\/pa2pt5\/can_i_show_the_output_of_planapplydestroy_as_just\/|Can I show the output of plan\/apply\/destroy as just a list of IDs?>\nI'd like to get a list of all the resources that Terraform wants to modify\/create\/destroy during a plan\/apply\/destroy in Azure. Is there a way to just get a list of the ID fields from each resource? That'll be my quick reference list to confirm as a sanity check in a more readable format.    submitted by   <https:\/\/www.reddit.com\/user\/MohnJaddenPowers| \/u\/MohnJaddenPowers > \n&lt;a...",
        "ts": "1629735401.043300",
        "username": "Terraform",
        "icons": {
            "image_48": "https:\/\/s3-us-west-2.amazonaws.com\/slack-files2\/bot_icons\/2019-02-12\/548785199618_48.png"
        },
        "bot_id": "BG3N7LG73",
        "attachments": [
            {
                "service_name": "reddit",
                "title": "Can I show the output of plan\/apply\/destroy as just a list of IDs?",
                "title_link": "https:\/\/www.reddit.com\/r\/Terraform\/comments\/pa2pt5\/can_i_show_the_output_of_planapplydestroy_as_just\/",
                "text": "I'd like to get a list of all the resources that Terraform wants to modify\/create\/destroy during a plan\/apply\/destroy in Azure. Is there a way to...",
                "fallback": "reddit: Can I show the output of plan\/apply\/destroy as just a list of IDs?",
                "thumb_url": "https:\/\/www.redditstatic.com\/new-icon.png",
                "from_url": "https:\/\/www.reddit.com\/r\/Terraform\/comments\/pa2pt5\/can_i_show_the_output_of_planapplydestroy_as_just\/",
                "thumb_width": 256,
                "thumb_height": 256,
                "service_icon": "http:\/\/www.redditstatic.com\/desktop2x\/img\/favicon\/apple-icon-57x57.png",
                "id": 1,
                "original_url": "https:\/\/www.reddit.com\/r\/Terraform\/comments\/pa2pt5\/can_i_show_the_output_of_planapplydestroy_as_just\/"
            },
            {
                "title": "overview for MohnJaddenPowers",
                "title_link": "https:\/\/www.reddit.com\/user\/MohnJaddenPowers",
                "text": "The u\/MohnJaddenPowers community on Reddit. Reddit gives you the best of the internet in one place.",
                "fallback": "overview for MohnJaddenPowers",
                "from_url": "https:\/\/www.reddit.com\/user\/MohnJaddenPowers",
                "service_icon": "http:\/\/www.redditstatic.com\/desktop2x\/img\/favicon\/apple-icon-57x57.png",
                "service_name": "reddit.com",
                "id": 2,
                "original_url": "https:\/\/www.reddit.com\/user\/MohnJaddenPowers"
            }
        ],
        "edited": {
            "user": "BG3N7LG73",
            "ts": "1629735402.000000"
        }
    },
    {
        "type": "message",
        "subtype": "bot_message",
        "text": "<https:\/\/www.reddit.com\/r\/Terraform\/comments\/pa8b41\/can_you_create_an_instance_from_a_snapshot\/|Can you create an instance from a snapshot without creating an ami?>\nI know snapshots are cheaper to store than AMIs so I was wondering if I can create an EC2 instants without first having to create an AMI to save costs? I thought about creating an ami starting the instance then destroying the AMI and mabey I could do that with an SDK like boto3 ? but i don’t think I could do that with terraform?    submitted by   <https:\/\/www.reddit.com\/user\/testing35| \/u\/testing35 > \n&lt;a...",
        "ts": "1629751597.043500",
        "username": "Terraform",
        "icons": {
            "image_48": "https:\/\/s3-us-west-2.amazonaws.com\/slack-files2\/bot_icons\/2019-02-12\/548785199618_48.png"
        },
        "bot_id": "BG3N7LG73",
        "attachments": [
            {
                "service_name": "reddit",
                "title": "Can you create an instance from a snapshot without creating an ami?",
                "title_link": "https:\/\/www.reddit.com\/r\/Terraform\/comments\/pa8b41\/can_you_create_an_instance_from_a_snapshot\/",
                "text": "I know snapshots are cheaper to store than AMIs so I was wondering if I can create an EC2 instants without first having to create an AMI to save...",
                "fallback": "reddit: Can you create an instance from a snapshot without creating an ami?",
                "thumb_url": "https:\/\/www.redditstatic.com\/new-icon.png",
                "from_url": "https:\/\/www.reddit.com\/r\/Terraform\/comments\/pa8b41\/can_you_create_an_instance_from_a_snapshot\/",
                "thumb_width": 256,
                "thumb_height": 256,
                "service_icon": "http:\/\/www.redditstatic.com\/desktop2x\/img\/favicon\/apple-icon-57x57.png",
                "id": 1,
                "original_url": "https:\/\/www.reddit.com\/r\/Terraform\/comments\/pa8b41\/can_you_create_an_instance_from_a_snapshot\/"
            },
            {
                "title": "overview for testing35",
                "title_link": "https:\/\/www.reddit.com\/user\/testing35",
                "text": "Hey I am bot created by Coco Tweaks <https:\/\/hub.cocotweaks.net>.",
                "fallback": "overview for testing35",
                "from_url": "https:\/\/www.reddit.com\/user\/testing35",
                "service_icon": "http:\/\/www.redditstatic.com\/desktop2x\/img\/favicon\/apple-icon-57x57.png",
                "service_name": "reddit.com",
                "id": 2,
                "original_url": "https:\/\/www.reddit.com\/user\/testing35"
            }
        ],
        "edited": {
            "user": "BG3N7LG73",
            "ts": "1629751597.000000"
        }
    },
    {
        "type": "message",
        "subtype": "bot_message",
        "text": "<https:\/\/www.reddit.com\/r\/Terraform\/comments\/paa4sb\/how_to_configure_terragrunt_in_github_actions_to\/|how to configure terragrunt in Github actions to create backend s3 bucket in IAM account and not the role assumed .>\nI configured terragrunt to assume role which works very well but I found out that terragrunt create the backend s3 bucket in the IAM user <https:\/\/account.how\/|account.How> can I configure terragrunt to create the backend bucket(s3) in the assume role account and not the IAM user account. I am using GitHub Actions workflows to run the process .some of my code are below ​ ​ terragrunt.hcl ​ remote_state { backend = \"s3\" config = bucket = \"name of bucket\" key =...",
        "ts": "1629757601.043700",
        "username": "Terraform",
        "icons": {
            "image_48": "https:\/\/s3-us-west-2.amazonaws.com\/slack-files2\/bot_icons\/2019-02-12\/548785199618_48.png"
        },
        "bot_id": "BG3N7LG73",
        "attachments": [
            {
                "service_name": "reddit",
                "title": "how to configure terragrunt in Github actions to create backend s3 bucket in IAM account and not the role assumed .",
                "title_link": "https:\/\/www.reddit.com\/r\/Terraform\/comments\/paa4sb\/how_to_configure_terragrunt_in_github_actions_to\/",
                "text": "I configured terragrunt to assume role which works very well but I found out that terragrunt create the backend s3 bucket in the IAM user...",
                "fallback": "reddit: how to configure terragrunt in Github actions to create backend s3 bucket in IAM account and not the role assumed .",
                "thumb_url": "https:\/\/www.redditstatic.com\/new-icon.png",
                "from_url": "https:\/\/www.reddit.com\/r\/Terraform\/comments\/paa4sb\/how_to_configure_terragrunt_in_github_actions_to\/",
                "thumb_width": 256,
                "thumb_height": 256,
                "service_icon": "http:\/\/www.redditstatic.com\/desktop2x\/img\/favicon\/apple-icon-57x57.png",
                "id": 1,
                "original_url": "https:\/\/www.reddit.com\/r\/Terraform\/comments\/paa4sb\/how_to_configure_terragrunt_in_github_actions_to\/"
            }
        ],
        "edited": {
            "user": "BG3N7LG73",
            "ts": "1629757601.000000"
        }
    },
    {
        "type": "message",
        "subtype": "bot_message",
        "text": "<https:\/\/www.reddit.com\/r\/Terraform\/comments\/pac1fv\/how_to_use_remoteexec_if_instance_is_created\/|How to use remote-exec if instance is created using a module?>\nWhat is the best way for me to execute a script on a remote EC2 instance after it is made if I am using the terraform-aws-modules\/ec2-instance\/aws module?  Detailed version: I am using the <https:\/\/registry.terraform.io\/modules\/terraform-aws-modules\/ec2-instance\/aws\/latest|terraform-aws-modules\/ec2-instance\/aws> module to build a AWS instance. I want to run a script on that instance once it is created. It looks like I can do that using the &lt;a...",
        "ts": "1629764199.043900",
        "username": "Terraform",
        "icons": {
            "image_48": "https:\/\/s3-us-west-2.amazonaws.com\/slack-files2\/bot_icons\/2019-02-12\/548785199618_48.png"
        },
        "bot_id": "BG3N7LG73",
        "attachments": [
            {
                "service_name": "reddit",
                "title": "How to use remote-exec if instance is created using a module?",
                "title_link": "https:\/\/www.reddit.com\/r\/Terraform\/comments\/pac1fv\/how_to_use_remoteexec_if_instance_is_created\/",
                "text": "What is the best way for me to execute a script on a remote EC2 instance after it is made if I am using the...",
                "fallback": "reddit: How to use remote-exec if instance is created using a module?",
                "thumb_url": "https:\/\/www.redditstatic.com\/new-icon.png",
                "from_url": "https:\/\/www.reddit.com\/r\/Terraform\/comments\/pac1fv\/how_to_use_remoteexec_if_instance_is_created\/",
                "thumb_width": 256,
                "thumb_height": 256,
                "service_icon": "http:\/\/www.redditstatic.com\/desktop2x\/img\/favicon\/apple-icon-57x57.png",
                "id": 1,
                "original_url": "https:\/\/www.reddit.com\/r\/Terraform\/comments\/pac1fv\/how_to_use_remoteexec_if_instance_is_created\/"
            }
        ],
        "edited": {
            "user": "BG3N7LG73",
            "ts": "1629764200.000000"
        }
    }
]