[
    {
        "type": "message",
        "subtype": "bot_message",
        "text": "<https:\/\/www.reddit.com\/r\/Terraform\/comments\/p5yk62\/ignoreaccept_external_changes_eg_in_azurerm_app\/|Ignore\/Accept external changes (eg. in azurerm_app_service -&gt; app_settings)>\nHello I'm managing our Azure infrastructure with Terraform (1.0.4 right now). Azure portal allows to make changes to properties on the web. When I make such a change \"manually\" and run terraform plan ... again, it'll of course notice this and show something like this: ```terraform Note: Objects have changed outside of Terraform Terraform detected the following changes made outside of Terraform since the last \"terraform apply\": # module.appservice.azurerm_app_service.admin has been changed ~...",
        "ts": "1629183996.032100",
        "username": "Terraform",
        "icons": {
            "image_48": "https:\/\/s3-us-west-2.amazonaws.com\/slack-files2\/bot_icons\/2019-02-12\/548785199618_48.png"
        },
        "bot_id": "BG3N7LG73",
        "attachments": [
            {
                "service_name": "reddit",
                "title": "Ignore\/Accept external changes (eg. in azurerm_app_service -&gt; app_settings)",
                "title_link": "https:\/\/www.reddit.com\/r\/Terraform\/comments\/p5yk62\/ignoreaccept_external_changes_eg_in_azurerm_app\/",
                "text": "Hello I'm managing our Azure infrastructure with Terraform (1.0.4 right now). Azure portal allows to make changes to properties on the web. When...",
                "fallback": "reddit: Ignore\/Accept external changes (eg. in azurerm_app_service -&gt; app_settings)",
                "thumb_url": "https:\/\/www.redditstatic.com\/new-icon.png",
                "from_url": "https:\/\/www.reddit.com\/r\/Terraform\/comments\/p5yk62\/ignoreaccept_external_changes_eg_in_azurerm_app\/",
                "thumb_width": 256,
                "thumb_height": 256,
                "service_icon": "http:\/\/www.redditstatic.com\/desktop2x\/img\/favicon\/apple-icon-57x57.png",
                "id": 1,
                "original_url": "https:\/\/www.reddit.com\/r\/Terraform\/comments\/p5yk62\/ignoreaccept_external_changes_eg_in_azurerm_app\/"
            }
        ],
        "edited": {
            "user": "BG3N7LG73",
            "ts": "1629183996.000000"
        }
    },
    {
        "type": "message",
        "subtype": "bot_message",
        "text": "<https:\/\/www.reddit.com\/r\/Terraform\/comments\/p5z6je\/lab_8_how_to_create_ec2_instance_in_aws_using\/|Lab #8: How to Create EC2 Instance in AWS using Terraform | Create EC2 I...>\nsubmitted by   <https:\/\/www.reddit.com\/user\/fosstechnix| \/u\/fosstechnix > \n<https:\/\/youtube.com\/watch?v=oK49a0XjgTs&amp;feature=share|[link]>   <https:\/\/www.reddit.com\/r\/Terraform\/comments\/p5z6je\/lab_8_how_to_create_ec2_instance_in_aws_using\/|[comments]>",
        "ts": "1629187002.032300",
        "username": "Terraform",
        "icons": {
            "image_48": "https:\/\/s3-us-west-2.amazonaws.com\/slack-files2\/bot_icons\/2019-02-12\/548785199618_48.png"
        },
        "bot_id": "BG3N7LG73",
        "attachments": [
            {
                "service_name": "reddit",
                "title": "Lab #8: How to Create EC2 Instance in AWS using Terraform | Create EC2 I...",
                "title_link": "https:\/\/www.reddit.com\/r\/Terraform\/comments\/p5z6je\/lab_8_how_to_create_ec2_instance_in_aws_using\/",
                "text": "Posted in r\/Terraform by u\/fosstechnix • 1 point and 0 comments",
                "fallback": "reddit: Lab #8: How to Create EC2 Instance in AWS using Terraform | Create EC2 I...",
                "image_url": "https:\/\/i.ytimg.com\/vi\/oK49a0XjgTs\/hqdefault.jpg",
                "image_width": 333,
                "image_height": 250,
                "from_url": "https:\/\/www.reddit.com\/r\/Terraform\/comments\/p5z6je\/lab_8_how_to_create_ec2_instance_in_aws_using\/",
                "image_bytes": 15238,
                "service_icon": "http:\/\/www.redditstatic.com\/desktop2x\/img\/favicon\/apple-icon-57x57.png",
                "id": 1,
                "original_url": "https:\/\/www.reddit.com\/r\/Terraform\/comments\/p5z6je\/lab_8_how_to_create_ec2_instance_in_aws_using\/"
            },
            {
                "title": "overview for fosstechnix",
                "title_link": "https:\/\/www.reddit.com\/user\/fosstechnix",
                "text": "FOSS TechNix (Free ,Open Source Softwares and Technology) founded in 2019 is a community platform where you can find How-to Guides , articles and...",
                "fallback": "overview for fosstechnix",
                "from_url": "https:\/\/www.reddit.com\/user\/fosstechnix",
                "service_icon": "http:\/\/www.redditstatic.com\/desktop2x\/img\/favicon\/apple-icon-57x57.png",
                "service_name": "reddit.com",
                "id": 2,
                "original_url": "https:\/\/www.reddit.com\/user\/fosstechnix"
            },
            {
                "service_name": "YouTube",
                "service_url": "https:\/\/www.youtube.com\/",
                "title": "Lab #8: How to Create EC2 Instance in AWS using Terraform | Create EC2 Instance using Terraform",
                "title_link": "https:\/\/youtube.com\/watch?v=oK49a0XjgTs&amp;feature=share",
                "author_name": "DevOps Hint",
                "author_link": "https:\/\/www.youtube.com\/c\/DevOpsHint",
                "thumb_url": "https:\/\/i.ytimg.com\/vi\/oK49a0XjgTs\/hqdefault.jpg",
                "thumb_width": 480,
                "thumb_height": 360,
                "fallback": "YouTube Video: Lab #8: How to Create EC2 Instance in AWS using Terraform | Create EC2 Instance using Terraform",
                "video_html": "<iframe width=\"400\" height=\"225\" src=\"https:\/\/www.youtube.com\/embed\/oK49a0XjgTs?feature=oembed&autoplay=1&iv_load_policy=3\" frameborder=\"0\" allow=\"accelerometer; autoplay; clipboard-write; encrypted-media; gyroscope; picture-in-picture\" allowfullscreen><\/iframe>",
                "video_html_width": 400,
                "video_html_height": 225,
                "from_url": "https:\/\/youtube.com\/watch?v=oK49a0XjgTs&amp;feature=share",
                "service_icon": "https:\/\/a.slack-edge.com\/80588\/img\/unfurl_icons\/youtube.png",
                "id": 3,
                "original_url": "https:\/\/youtube.com\/watch?v=oK49a0XjgTs&amp;feature=share"
            }
        ],
        "edited": {
            "user": "BG3N7LG73",
            "ts": "1629187002.000000"
        }
    },
    {
        "type": "message",
        "subtype": "bot_message",
        "text": "<https:\/\/www.reddit.com\/r\/Terraform\/comments\/p630r2\/what_version_of_terraform_to_use_for_azure\/|What version of Terraform to use for Azure?>\nHi Guys, I'm starting to get more involved in using Terraform for Azure and I'm wondering what version you'd recommend to use? I see on the download page that 1.04 is what is shown by default (<https:\/\/www.terraform.io\/downloads.html|https:\/\/www.terraform.io\/downloads.html>) so I'm thinking that one is the stable best one to use? I see that syntax and inputs change from version to version so I want to avoid having to rewrite my files so maybe I should use a newer release? Any...",
        "ts": "1629204996.032500",
        "username": "Terraform",
        "icons": {
            "image_48": "https:\/\/s3-us-west-2.amazonaws.com\/slack-files2\/bot_icons\/2019-02-12\/548785199618_48.png"
        },
        "bot_id": "BG3N7LG73",
        "attachments": [
            {
                "service_name": "reddit",
                "title": "What version of Terraform to use for Azure?",
                "title_link": "https:\/\/www.reddit.com\/r\/Terraform\/comments\/p630r2\/what_version_of_terraform_to_use_for_azure\/",
                "text": "Hi Guys, I'm starting to get more involved in using Terraform for Azure and I'm wondering what version you'd recommend to use? I see on the...",
                "fallback": "reddit: What version of Terraform to use for Azure?",
                "thumb_url": "https:\/\/www.redditstatic.com\/new-icon.png",
                "from_url": "https:\/\/www.reddit.com\/r\/Terraform\/comments\/p630r2\/what_version_of_terraform_to_use_for_azure\/",
                "thumb_width": 256,
                "thumb_height": 256,
                "service_icon": "http:\/\/www.redditstatic.com\/desktop2x\/img\/favicon\/apple-icon-57x57.png",
                "id": 1,
                "original_url": "https:\/\/www.reddit.com\/r\/Terraform\/comments\/p630r2\/what_version_of_terraform_to_use_for_azure\/"
            },
            {
                "service_name": "Terraform by HashiCorp",
                "title": "Download Terraform - Terraform by HashiCorp",
                "title_link": "https:\/\/www.terraform.io\/downloads.html",
                "text": "Download Terraform",
                "fallback": "Terraform by HashiCorp: Download Terraform - Terraform by HashiCorp",
                "thumb_url": "https:\/\/www.terraform.io\/assets\/images\/og-image-8b3e4f7d.png",
                "from_url": "https:\/\/www.terraform.io\/downloads.html",
                "thumb_width": 712,
                "thumb_height": 712,
                "service_icon": "https:\/\/www.terraform.io\/assets\/images\/favicons\/apple-touch-icon-5c2d0048.png",
                "id": 2,
                "original_url": "https:\/\/www.terraform.io\/downloads.html"
            }
        ],
        "edited": {
            "user": "BG3N7LG73",
            "ts": "1629204996.000000"
        }
    },
    {
        "type": "message",
        "subtype": "bot_message",
        "text": "<https:\/\/www.reddit.com\/r\/Terraform\/comments\/p63k7i\/trying_to_setup_a_pipeline_in_azure_devops_using\/|Trying to setup a pipeline in Azure devops using Terraform with modules stored in private git where the backend (state) and actual resources deployed are in different subscriptions. I’m having trouble finding a good blog or example of such deployment. Would someone please share yml + TF examples?>\nsubmitted by   <https:\/\/www.reddit.com\/user\/TechnicianPlastic514| \/u\/TechnicianPlastic514 > \n<https:\/\/www.reddit.com\/r\/Terraform\/comments\/p63k7i\/trying_to_setup_a_pipeline_in_azure_devops_using\/|[link]>   <https:\/\/www.reddit.com\/r\/Terraform\/comments\/p63k7i\/trying_to_setup_a_pipeline_in_azure_devops_using\/|[comments]>",
        "ts": "1629206794.032700",
        "username": "Terraform",
        "icons": {
            "image_48": "https:\/\/s3-us-west-2.amazonaws.com\/slack-files2\/bot_icons\/2019-02-12\/548785199618_48.png"
        },
        "bot_id": "BG3N7LG73",
        "attachments": [
            {
                "service_name": "reddit",
                "title": "Trying to setup a pipeline in Azure devops using Terraform with modules stored in private git where the backend (state) and actual resources deployed are in different subscriptions. I’m having trouble finding a good blog or example of such deployment. Would someone please share yml + TF examples?",
                "title_link": "https:\/\/www.reddit.com\/r\/Terraform\/comments\/p63k7i\/trying_to_setup_a_pipeline_in_azure_devops_using\/",
                "text": "Posted in r\/Terraform by u\/TechnicianPlastic514 • 1 point and 0 comments",
                "fallback": "reddit: Trying to setup a pipeline in Azure devops using Terraform with modules stored in private git where the backend (state) and actual resources deployed are in different subscriptions. I’m having trouble finding a good blog or example of such deployment. Would someone please share yml + TF examples?",
                "thumb_url": "https:\/\/www.redditstatic.com\/new-icon.png",
                "from_url": "https:\/\/www.reddit.com\/r\/Terraform\/comments\/p63k7i\/trying_to_setup_a_pipeline_in_azure_devops_using\/",
                "thumb_width": 256,
                "thumb_height": 256,
                "service_icon": "http:\/\/www.redditstatic.com\/desktop2x\/img\/favicon\/apple-icon-57x57.png",
                "id": 1,
                "original_url": "https:\/\/www.reddit.com\/r\/Terraform\/comments\/p63k7i\/trying_to_setup_a_pipeline_in_azure_devops_using\/"
            },
            {
                "title": "overview for TechnicianPlastic514",
                "title_link": "https:\/\/www.reddit.com\/user\/TechnicianPlastic514",
                "text": "The u\/TechnicianPlastic514 community on Reddit. Reddit gives you the best of the internet in one place.",
                "fallback": "overview for TechnicianPlastic514",
                "from_url": "https:\/\/www.reddit.com\/user\/TechnicianPlastic514",
                "service_icon": "http:\/\/www.redditstatic.com\/desktop2x\/img\/favicon\/apple-icon-57x57.png",
                "service_name": "reddit.com",
                "id": 2,
                "original_url": "https:\/\/www.reddit.com\/user\/TechnicianPlastic514"
            }
        ],
        "edited": {
            "user": "BG3N7LG73",
            "ts": "1629206794.000000"
        }
    },
    {
        "type": "message",
        "subtype": "bot_message",
        "text": "<https:\/\/www.reddit.com\/r\/Terraform\/comments\/p68g3g\/flatten_the_nested_map\/|Flatten the Nested Map>\nHi Guys, I am reading a yaml file which is looking like below -  microservices: nginx: name: \"nginx\" short_name: \"ngx\" task_definition: \"nginx\" desired_count: \"1\" container_definition: \".\/task-definitions\/nginx.json\" cpu: 128 memory: 256 container_port: redacted image_name: nginx\/agent:7 http_port: 8125 https_port: 8126 lb_rule_priority: 100 datadog: name: \"datadog\" short_name: \"dog\" task_definition: \"datadog\" desired_count: \"2\" container_definition: \".\/task-definitions\/datadog.json\" cpu: 128...",
        "ts": "1629222997.032900",
        "username": "Terraform",
        "icons": {
            "image_48": "https:\/\/s3-us-west-2.amazonaws.com\/slack-files2\/bot_icons\/2019-02-12\/548785199618_48.png"
        },
        "bot_id": "BG3N7LG73",
        "attachments": [
            {
                "service_name": "reddit",
                "title": "Flatten the Nested Map",
                "title_link": "https:\/\/www.reddit.com\/r\/Terraform\/comments\/p68g3g\/flatten_the_nested_map\/",
                "text": "Hi Guys, I am reading a yaml file which is looking like below - microservices: nginx: name: \"nginx\" ...",
                "fallback": "reddit: Flatten the Nested Map",
                "thumb_url": "https:\/\/www.redditstatic.com\/new-icon.png",
                "from_url": "https:\/\/www.reddit.com\/r\/Terraform\/comments\/p68g3g\/flatten_the_nested_map\/",
                "thumb_width": 256,
                "thumb_height": 256,
                "service_icon": "http:\/\/www.redditstatic.com\/desktop2x\/img\/favicon\/apple-icon-57x57.png",
                "id": 1,
                "original_url": "https:\/\/www.reddit.com\/r\/Terraform\/comments\/p68g3g\/flatten_the_nested_map\/"
            }
        ],
        "edited": {
            "user": "BG3N7LG73",
            "ts": "1629222997.000000"
        }
    },
    {
        "type": "message",
        "subtype": "bot_message",
        "text": "<https:\/\/www.reddit.com\/r\/Terraform\/comments\/p6eisg\/capturing_and_incrementing_ip_addresses_in\/|Capturing and Incrementing IP Addresses in Terraform>\nI'm curious if Terraform has a way of keeping track, or looking up, the IP Addresses assigned to each deployed server. I'm trying to come up with a method of incrementing server addresses in Terraform. If I have a subnet that's 192.168.110.0\/24 and I have a server at x.x.110.5\/24, Terraform will: Look up the addresses I have See that I have 110.5\/24 as the latest ip address I've used. Will add 1 to the latest server being deployed. Assigning it to a 110.6\/24 address. Trying to learn the best...",
        "ts": "1629241595.033100",
        "username": "Terraform",
        "icons": {
            "image_48": "https:\/\/s3-us-west-2.amazonaws.com\/slack-files2\/bot_icons\/2019-02-12\/548785199618_48.png"
        },
        "bot_id": "BG3N7LG73",
        "attachments": [
            {
                "service_name": "reddit",
                "title": "Capturing and Incrementing IP Addresses in Terraform",
                "title_link": "https:\/\/www.reddit.com\/r\/Terraform\/comments\/p6eisg\/capturing_and_incrementing_ip_addresses_in\/",
                "text": "I'm curious if Terraform has a way of keeping track, or looking up, the IP Addresses assigned to each deployed server. I'm trying to come up with...",
                "fallback": "reddit: Capturing and Incrementing IP Addresses in Terraform",
                "thumb_url": "https:\/\/www.redditstatic.com\/new-icon.png",
                "from_url": "https:\/\/www.reddit.com\/r\/Terraform\/comments\/p6eisg\/capturing_and_incrementing_ip_addresses_in\/",
                "thumb_width": 256,
                "thumb_height": 256,
                "service_icon": "http:\/\/www.redditstatic.com\/desktop2x\/img\/favicon\/apple-icon-57x57.png",
                "id": 1,
                "original_url": "https:\/\/www.reddit.com\/r\/Terraform\/comments\/p6eisg\/capturing_and_incrementing_ip_addresses_in\/"
            }
        ],
        "edited": {
            "user": "BG3N7LG73",
            "ts": "1629241595.000000"
        }
    },
    {
        "type": "message",
        "subtype": "bot_message",
        "text": "<https:\/\/www.reddit.com\/r\/Terraform\/comments\/p6fkb3\/account_vending_landing_zone_using_tf\/|account vending \/ landing zone using tf>\nis anything publicly available in tf for vending accounts in aws? It looks like the TLZ isn't available (unless you contact an account rep?).    submitted by   <https:\/\/www.reddit.com\/user\/btcmaster2000| \/u\/btcmaster2000 > \n<https:\/\/www.reddit.com\/r\/Terraform\/comments\/p6fkb3\/account_vending_landing_zone_using_tf\/|[link]>   <https:\/\/www.reddit.com\/r\/Terraform\/comments\/p6fkb3\/account_vending_landing_zone_using_tf\/|[comments]>",
        "ts": "1629244601.033300",
        "username": "Terraform",
        "icons": {
            "image_48": "https:\/\/s3-us-west-2.amazonaws.com\/slack-files2\/bot_icons\/2019-02-12\/548785199618_48.png"
        },
        "bot_id": "BG3N7LG73",
        "attachments": [
            {
                "service_name": "reddit",
                "title": "account vending \/ landing zone using tf",
                "title_link": "https:\/\/www.reddit.com\/r\/Terraform\/comments\/p6fkb3\/account_vending_landing_zone_using_tf\/",
                "text": "is anything publicly available in tf for vending accounts in aws? It looks like the TLZ isn't available (unless you contact an account rep?).",
                "fallback": "reddit: account vending \/ landing zone using tf",
                "thumb_url": "https:\/\/www.redditstatic.com\/new-icon.png",
                "from_url": "https:\/\/www.reddit.com\/r\/Terraform\/comments\/p6fkb3\/account_vending_landing_zone_using_tf\/",
                "thumb_width": 256,
                "thumb_height": 256,
                "service_icon": "http:\/\/www.redditstatic.com\/desktop2x\/img\/favicon\/apple-icon-57x57.png",
                "id": 1,
                "original_url": "https:\/\/www.reddit.com\/r\/Terraform\/comments\/p6fkb3\/account_vending_landing_zone_using_tf\/"
            },
            {
                "title": "overview for btcmaster2000",
                "title_link": "https:\/\/www.reddit.com\/user\/btcmaster2000",
                "text": "Passionate about tech, finance, and beer.",
                "fallback": "overview for btcmaster2000",
                "from_url": "https:\/\/www.reddit.com\/user\/btcmaster2000",
                "service_icon": "http:\/\/www.redditstatic.com\/desktop2x\/img\/favicon\/apple-icon-57x57.png",
                "service_name": "reddit.com",
                "id": 2,
                "original_url": "https:\/\/www.reddit.com\/user\/btcmaster2000"
            }
        ],
        "edited": {
            "user": "BG3N7LG73",
            "ts": "1629244601.000000"
        }
    }
]