[
    {
        "client_msg_id": "f25c7e72-63e3-489a-9461-bcf85241fe44",
        "type": "message",
        "text": "む。。。？\n<https:\/\/www.hashicorp.com\/blog\/announcing-terraform-aws-cloud-control-provider-tech-preview>",
        "user": "UFU0BKD8F",
        "ts": "1633076283.000500",
        "blocks": [
            {
                "type": "rich_text",
                "block_id": "kQT",
                "elements": [
                    {
                        "type": "rich_text_section",
                        "elements": [
                            {
                                "type": "text",
                                "text": "む。。。？\n"
                            },
                            {
                                "type": "link",
                                "url": "https:\/\/www.hashicorp.com\/blog\/announcing-terraform-aws-cloud-control-provider-tech-preview"
                            }
                        ]
                    }
                ]
            }
        ],
        "team": "TFU0BKCQP",
        "user_team": "TFU0BKCQP",
        "source_team": "TFU0BKCQP",
        "user_profile": {
            "avatar_hash": "92c41c62c7b0",
            "image_72": "https:\/\/avatars.slack-edge.com\/2019-01-30\/537137791812_92c41c62c7b0f054d3dd_72.jpg",
            "first_name": "らき",
            "real_name": "らき",
            "display_name": "raki",
            "team": "TFU0BKCQP",
            "name": "nishimuray",
            "is_restricted": false,
            "is_ultra_restricted": false
        },
        "attachments": [
            {
                "fallback": "HashiCorp: Announcing Terraform AWS Cloud Control Provider Tech Preview",
                "image_url": "https:\/\/www.datocms-assets.com\/2885\/1633031784-site-merchaws-cloud-control-apiblog.png",
                "image_width": 374,
                "image_height": 186,
                "image_bytes": 15740,
                "from_url": "https:\/\/www.hashicorp.com\/blog\/announcing-terraform-aws-cloud-control-provider-tech-preview",
                "service_name": "HashiCorp",
                "title": "Announcing Terraform AWS Cloud Control Provider Tech Preview",
                "title_link": "https:\/\/www.hashicorp.com\/blog\/announcing-terraform-aws-cloud-control-provider-tech-preview",
                "text": "This new provider for HashiCorp Terraform — built around the AWS Cloud Control API — is designed to bring new services to Terraform faster.",
                "id": 1,
                "original_url": "https:\/\/www.hashicorp.com\/blog\/announcing-terraform-aws-cloud-control-provider-tech-preview"
            }
        ],
        "reactions": [
            {
                "name": "interrobang",
                "users": [
                    "U01GAQPRFQB",
                    "UQT52H29G",
                    "UFT60TQCQ",
                    "UR6TGPC0P",
                    "UGY9BJ1NF",
                    "U02EXFN4QN4",
                    "UGXFY0V88"
                ],
                "count": 7
            },
            {
                "name": "heart",
                "users": [
                    "UHS4SFFA7"
                ],
                "count": 1
            }
        ]
    }
]