[
    {
        "client_msg_id": "EF9A057E-DBDC-4BA7-845F-626D5CBC7CE4",
        "type": "message",
        "text": "いいすよねこれ",
        "user": "UGY5WMTHR",
        "ts": "1633162177.001300",
        "blocks": [
            {
                "type": "rich_text",
                "block_id": "D41y",
                "elements": [
                    {
                        "type": "rich_text_section",
                        "elements": [
                            {
                                "type": "text",
                                "text": "いいすよねこれ"
                            }
                        ]
                    }
                ]
            }
        ],
        "team": "TFU0BKCQP",
        "user_team": "TFU0BKCQP",
        "source_team": "TFU0BKCQP",
        "user_profile": {
            "avatar_hash": "gd22fcf5773b",
            "image_72": "https:\/\/secure.gravatar.com\/avatar\/ad22fcf5773b906c08330f4d57242212.jpg?s=72&d=https%3A%2F%2Fa.slack-edge.com%2Fdf10d%2Fimg%2Favatars%2Fava_0021-72.png",
            "first_name": "",
            "real_name": "inductor",
            "display_name": "inductor",
            "team": "TFU0BKCQP",
            "name": "kela",
            "is_restricted": false,
            "is_ultra_restricted": false
        }
    },
    {
        "client_msg_id": "149050E5-13C0-471A-93C4-3DB86A26A4E8",
        "type": "message",
        "text": "だいぶコードベースが小さくなるのでメンテしやすそう",
        "user": "UGY5WMTHR",
        "ts": "1633162188.001800",
        "blocks": [
            {
                "type": "rich_text",
                "block_id": "IVr",
                "elements": [
                    {
                        "type": "rich_text_section",
                        "elements": [
                            {
                                "type": "text",
                                "text": "だいぶコードベースが小さくなるのでメンテしやすそう"
                            }
                        ]
                    }
                ]
            }
        ],
        "team": "TFU0BKCQP",
        "user_team": "TFU0BKCQP",
        "source_team": "TFU0BKCQP",
        "user_profile": {
            "avatar_hash": "gd22fcf5773b",
            "image_72": "https:\/\/secure.gravatar.com\/avatar\/ad22fcf5773b906c08330f4d57242212.jpg?s=72&d=https%3A%2F%2Fa.slack-edge.com%2Fdf10d%2Fimg%2Favatars%2Fava_0021-72.png",
            "first_name": "",
            "real_name": "inductor",
            "display_name": "inductor",
            "team": "TFU0BKCQP",
            "name": "kela",
            "is_restricted": false,
            "is_ultra_restricted": false
        }
    }
]