[
    {
        "client_msg_id": "26701b7a-f19a-4e43-a060-3b936d92b8ca",
        "type": "message",
        "text": "はじめまして。UUUM株式会社でなんか色々やってます。\nterraformは個人で使っており絶賛勉強中です。\nよろしくお願いします!",
        "user": "UGZTB47PY",
        "ts": "1552547383.034100",
        "reactions": [
            {
                "name": "よろしく",
                "users": [
                    "UFU0BKD8F",
                    "UGVSWU1CY",
                    "UGYK9KX4M",
                    "UFUP9BGES",
                    "UG1QN22JZ",
                    "UFTKSQ25T",
                    "UGFSM002K"
                ],
                "count": 7
            }
        ]
    },
    {
        "client_msg_id": "38FC8DB8-3C18-44D0-95F8-BC74891B598B",
        "type": "message",
        "text": "はじめまして。Officialプロバイダーのterraform-provider-arukasや3rd providerのterraform-provider-sakuracloud, RKEプロバイダーの開発をしてる山本と申します。よろしくお願いします！",
        "user": "UGZHF5C9M",
        "ts": "1552550346.037900",
        "reactions": [
            {
                "name": "よろしく",
                "users": [
                    "UFU0BKD8F",
                    "UG1QN22JZ",
                    "UFTKSQ25T",
                    "UGFSM002K",
                    "UJ410GNJ2"
                ],
                "count": 5
            },
            {
                "name": "tada",
                "users": [
                    "UH0MSCD7Z"
                ],
                "count": 1
            }
        ]
    },
    {
        "client_msg_id": "23d4c60c-4638-4cad-9849-aa240bd85829",
        "type": "message",
        "text": "すげぇ、usacloudの人が来てくれたーーッ！\n全選手入場めいてきたな…。",
        "user": "UFUP9BGES",
        "ts": "1552551087.038300",
        "reactions": [
            {
                "name": "よろしく",
                "users": [
                    "UGZHF5C9M",
                    "UJ410GNJ2"
                ],
                "count": 2
            }
        ]
    },
    {
        "client_msg_id": "70f3419d-5ca0-40f7-bc2b-2fc27561c551",
        "type": "message",
        "text": "はじめましてー\n最近terraform触るようになっていたので参加しました。よろしくおねがいします:bow:",
        "user": "UGY8YDQ2G",
        "ts": "1552617662.045600",
        "reactions": [
            {
                "name": "よろしく",
                "users": [
                    "UFU0BKD8F",
                    "UGTNGDPUJ",
                    "UFTKSQ25T",
                    "UG1QN22JZ",
                    "UGZHF5C9M",
                    "UJ410GNJ2"
                ],
                "count": 6
            },
            {
                "name": "tada",
                "users": [
                    "UGZCN013R"
                ],
                "count": 1
            }
        ]
    },
    {
        "client_msg_id": "39b91680-75f4-4e1f-bc03-f0e54df13b9c",
        "type": "message",
        "text": "はじめまして。富山の富士通グループで働いてます。@akht と申します。\nTerraformは個人で勉強中で、Openstackでリソース配備削除を試してみたり、consulにつなげてtfstate管理のお試しくらいです。\nほとんど初心者ですが、ゆくゆくはIaCとして活用したいと思っています。\n早く火星に移住したい。よろしくお願いいたします。。",
        "user": "UH0PSGUJ3",
        "ts": "1552620386.048600",
        "edited": {
            "user": "UH0PSGUJ3",
            "ts": "1552620880.000000"
        },
        "reactions": [
            {
                "name": "+1",
                "users": [
                    "UGY8YDQ2G"
                ],
                "count": 1
            },
            {
                "name": "globe_with_meridians",
                "users": [
                    "UGZTB47PY"
                ],
                "count": 1
            },
            {
                "name": "よろしく",
                "users": [
                    "UFU0BKD8F",
                    "UGTNGDPUJ",
                    "UFTKSQ25T",
                    "UG1QN22JZ",
                    "UGZHF5C9M",
                    "UJ410GNJ2"
                ],
                "count": 6
            },
            {
                "name": "tada",
                "users": [
                    "UGZCN013R"
                ],
                "count": 1
            }
        ]
    },
    {
        "client_msg_id": "abae2cb9-7bb2-41c6-aab7-d25db3bdda11",
        "type": "message",
        "text": "はじめまして、エムスリーの園田です。 terraform は結構使っていて、会社ブログでも記事書いたりしてます。\n<https:\/\/www.m3tech.blog\/entry\/aws-private-stns-api>\nここには情報収集のため Join させていただきました。よろしくおねがいします。",
        "user": "UGYHBT55G",
        "ts": "1552621006.050200",
        "attachments": [
            {
                "service_name": "エムスリーテックブログ",
                "title": "サーバーレスでプライベートな STNS のバックエンド API を AWS で実現した話 - エムスリーテックブログ",
                "title_link": "https:\/\/www.m3tech.blog\/entry\/aws-private-stns-api",
                "text": "お久しぶりです、エムスリーエンジニアリンググループ 兼 QLife エンジニアの園田です。 STNS という pam と連携可能な HTTP プロトコルを利用した Linux の認証機構があります。 通常は TOML でアカウント情報を管理するのですが、API のインターフェースが公開されているため、独自のバックエンドサーバーを構築して利用することも可能です。 弊社 SRE の寺岡も独自のバックエンドを実装した記事を Qiita に投稿しています。 <http:\/\/qiita.com|qiita.com> 今回実装した STNS のバックエンドは、AWS の API Gateway + Lambda + DynamoDB で実現し…",
                "fallback": "エムスリーテックブログ: サーバーレスでプライベートな STNS のバックエンド API を AWS で実現した話 - エムスリーテックブログ",
                "image_url": "https:\/\/stns.jp\/images\/stns-architecture.png",
                "ts": 1551232800,
                "from_url": "https:\/\/www.m3tech.blog\/entry\/aws-private-stns-api",
                "image_width": 545,
                "image_height": 250,
                "image_bytes": 66224,
                "service_icon": "https:\/\/cdn.image.st-hatena.com\/image\/favicon\/830a96839dd9610e7debfbca64661350a059170f\/version=1\/https%3A%2F%2Fcdn.user.blog.st-hatena.com%2Fcustom_blog_icon%2F142482937%2F1514251334293747",
                "id": 1,
                "original_url": "https:\/\/www.m3tech.blog\/entry\/aws-private-stns-api"
            }
        ],
        "reactions": [
            {
                "name": "よろしく",
                "users": [
                    "UFU0BKD8F",
                    "UGYK9KX4M",
                    "UH0PSGUJ3",
                    "UFT9ULVQR",
                    "UGTNGDPUJ",
                    "UH0MSCD7Z",
                    "UFTKSQ25T",
                    "UG1QN22JZ",
                    "UGZHF5C9M",
                    "UJ410GNJ2"
                ],
                "count": 10
            },
            {
                "name": "tada",
                "users": [
                    "UGZCN013R"
                ],
                "count": 1
            }
        ]
    }
]