[
    {
        "type": "message",
        "subtype": "bot_message",
        "text": "",
        "ts": "1666629849.000409",
        "bot_id": "BG2UDF0NA",
        "attachments": [
            {
                "id": 1,
                "fallback": "terraform-linters\/tflint on GitHub\nv0.42.1",
                "text": "`v0.42.1`",
                "title": "terraform-linters\/tflint on GitHub",
                "title_link": "https:\/\/newreleases.io\/github\/terraform-linters\/tflint",
                "mrkdwn_in": [
                    "text"
                ]
            }
        ]
    },
    {
        "type": "message",
        "subtype": "bot_message",
        "text": "",
        "ts": "1666631169.853859",
        "bot_id": "BG2UDF0NA",
        "attachments": [
            {
                "id": 1,
                "fallback": "terraform-linters\/tflint on GitHub\nv0.42.1 updated\nrelease note: <https:\/\/newreleases.io\/github\/terraform-linters\/tflint?version=v0.42.1>",
                "text": "`v0.42.1` _updated_\n```\n-------------------\n0.42.1 (2022-10-25)\n-------------------\n\nBugFixes\n--------\n\n* #1566 ( <https:\/\/github.com\/terraform-linters\/tflint\/pull\/1566> ) : terraform: Fix incorrect circular reference detection ( @wata727 ( <https:\/\/github.com\/wata727> ) )\n```\n<https:\/\/newreleases.io\/github\/terraform-linters\/tflint?version=v0.42.1|release note...>",
                "title": "terraform-linters\/tflint on GitHub",
                "title_link": "https:\/\/newreleases.io\/github\/terraform-linters\/tflint",
                "mrkdwn_in": [
                    "text"
                ]
            }
        ]
    },
    {
        "type": "message",
        "subtype": "bot_message",
        "text": "",
        "ts": "1666654339.703779",
        "bot_id": "BG2UDF0NA",
        "attachments": [
            {
                "id": 1,
                "fallback": "cloudposse\/terraform-aws-dynamodb on GitHub\nv0.31.00.31.0 \nrelease note: <https:\/\/newreleases.io\/github\/cloudposse\/terraform-aws-dynamodb?version=0.31.0>",
                "text": "*v0.31.0* `0.31.0` \n```\nFix Perma-Drift with Replicas @milldr ( <https:\/\/github.com\/milldr> ) ( #107 ( <https:\/\/github.com\/cloudposse\/terraform-aws-dynamodb\/pull\/107> ) )\n\n----\nwhat\n----\n\n* Explicitly set replica attributes as the default values\n\n---\nwhy\n---\n\n* If using replicas, we always see drift for plans if those values are not set\n\n----------\nreferences\n----------\n\n* closes #104 ( <https:\/\/github.com\/cloudposse\/terraform-aws-dynamodb\/issues\/104> )\n```\n<https:\/\/newreleases.io\/github\/cloudposse\/terraform-aws-dynamodb?version=0.31.0|release note...>",
                "title": "cloudposse\/terraform-aws-dynamodb on GitHub",
                "title_link": "https:\/\/newreleases.io\/github\/cloudposse\/terraform-aws-dynamodb",
                "mrkdwn_in": [
                    "text"
                ]
            }
        ]
    }
]