[
    {
        "type": "message",
        "subtype": "bot_message",
        "text": "",
        "ts": "1664822852.167079",
        "bot_id": "BG2UDF0NA",
        "attachments": [
            {
                "id": 1,
                "fallback": "ansible\/ansible on GitHub\nv2.13.5rc1 \n\nv2.12.10rc1",
                "text": "`v2.13.5rc1` \n\n`v2.12.10rc1`",
                "title": "ansible\/ansible on GitHub",
                "title_link": "https:\/\/newreleases.io\/github\/ansible\/ansible",
                "mrkdwn_in": [
                    "text"
                ]
            }
        ]
    }
]