[
    {
        "type": "message",
        "subtype": "bot_message",
        "text": "",
        "ts": "1666704630.587249",
        "bot_id": "BG2UDF0NA",
        "attachments": [
            {
                "id": 1,
                "fallback": "terraform-aws-modules\/terraform-aws-security-group on GitHub\nv4.15.0 \nrelease note: <https:\/\/newreleases.io\/github\/terraform-aws-modules\/terraform-aws-security-group?version=v4.15.0>\n\nv4.14.0 \nrelease note: <https:\/\/newreleases.io\/github\/terraform-aws-modules\/terraform-aws-security-group?version=v4.14.0>",
                "text": "`v4.15.0` \n```\n-----------------------------------------------------------------------------------------------------------------------\n4.15.0 ( <https:\/\/github.com\/terraform-aws-modules\/terraform-aws-security-group\/compare\/v4.14.0...v4.15.0> ) (2022-10-25)\n-----------------------------------------------------------------------------------------------------------------------\n\nFeatures\n--------\n\n* Added Vault rule ( #260 ( <https:\/\/github.com\/terraform-aws-modules\/terraform-aws-security-group\/issues\/260> ) ) ( 5ae4f94 ( <https:\/\/github.com\/terraform-aws-modules\/terraform-aws-security-group\/commit\/5ae4f9454ea099a092628139b055985eb087fe0b> ) )\n```\n<https:\/\/newreleases.io\/github\/terraform-aws-modules\/terraform-aws-security-group?version=v4.15.0|release note...>\n\n`v4.14.0` \n```\n-----------------------------------------------------------------------------------------------------------------------\n4.14.0 ( <https:\/\/github.com\/terraform-aws-modules\/terraform-aws-security-group\/compare\/v4.13.1...v4.14.0> ) (2022-10-25)\n-----------------------------------------------------------------------------------------------------------------------\n\nFeatures\n--------\n\n* Added DAX Cluster rules ( #259 ( <https:\/\/github.com\/terraform-aws-modules\/terraform-aws-security-group\/issues\/259> ) ) ( 0da7667 ( <https:\/\/github.com\/terraform-aws-modules\/terraform-aws-security-group\/commit\/0da7667766bbf0aa02b2c087bc4c48ae2845a384> ) )\n```\n<https:\/\/newreleases.io\/github\/terraform-aws-modules\/terraform-aws-security-group?version=v4.14.0|release note...>",
                "title": "terraform-aws-modules\/terraform-aws-security-group on GitHub",
                "title_link": "https:\/\/newreleases.io\/github\/terraform-aws-modules\/terraform-aws-security-group",
                "mrkdwn_in": [
                    "text"
                ]
            }
        ]
    },
    {
        "type": "message",
        "subtype": "bot_message",
        "text": "",
        "ts": "1666710552.786969",
        "bot_id": "BG2UDF0NA",
        "attachments": [
            {
                "id": 1,
                "fallback": "terraform-aws-modules\/terraform-aws-security-group on GitHub\nv4.16.0 \nrelease note: <https:\/\/newreleases.io\/github\/terraform-aws-modules\/terraform-aws-security-group?version=v4.16.0>",
                "text": "`v4.16.0` \n```\n-----------------------------------------------------------------------------------------------------------------------\n4.16.0 ( <https:\/\/github.com\/terraform-aws-modules\/terraform-aws-security-group\/compare\/v4.15.0...v4.16.0> ) (2022-10-25)\n-----------------------------------------------------------------------------------------------------------------------\n\nFeatures\n--------\n\n* Add a rule for prometheus node exporter on port 9100 ( #262 ( <https:\/\/github.com\/terraform-aws-modules\/terraform-aws-security-group\/issues\/262> ) ) ( ee913e4 ( <https:\/\/github.com\/terraform-aws-modules\/terraform-aws-security-group\/commit\/ee913e48cbbbed14b97deb2b38188d97d1395f6b> ) )\n```\n<https:\/\/newreleases.io\/github\/terraform-aws-modules\/terraform-aws-security-group?version=v4.16.0|release note...>",
                "title": "terraform-aws-modules\/terraform-aws-security-group on GitHub",
                "title_link": "https:\/\/newreleases.io\/github\/terraform-aws-modules\/terraform-aws-security-group",
                "mrkdwn_in": [
                    "text"
                ]
            }
        ]
    },
    {
        "type": "message",
        "subtype": "bot_message",
        "text": "",
        "ts": "1666718995.077119",
        "bot_id": "BG2UDF0NA",
        "attachments": [
            {
                "id": 1,
                "fallback": "terraform-linters\/tflint on GitHub\nv0.42.2",
                "text": "`v0.42.2`",
                "title": "terraform-linters\/tflint on GitHub",
                "title_link": "https:\/\/newreleases.io\/github\/terraform-linters\/tflint",
                "mrkdwn_in": [
                    "text"
                ]
            }
        ]
    },
    {
        "type": "message",
        "subtype": "bot_message",
        "text": "",
        "ts": "1666719576.440849",
        "bot_id": "BG2UDF0NA",
        "attachments": [
            {
                "id": 1,
                "fallback": "terraform-linters\/tflint on GitHub\nv0.42.2 updated\nrelease note: <https:\/\/newreleases.io\/github\/terraform-linters\/tflint?version=v0.42.2>",
                "text": "`v0.42.2` _updated_\n```\n-------------------\n0.42.2 (2022-10-26)\n-------------------\n\nBugFixes\n--------\n\n* #1574 ( <https:\/\/github.com\/terraform-linters\/tflint\/pull\/1574> ) : Bump bundled terraform plugin to v0.2.1 ( @wata727 ( <https:\/\/github.com\/wata727> ) )\n\nChores\n------\n\n* #1568 ( <https:\/\/github.com\/terraform-linters\/tflint\/pull\/1568> ) : build(deps): Bump golangci\/golangci-lint-action from 3.2.0 to 3.3.0\n* #1569 ( <https:\/\/github.com\/terraform-linters\/tflint\/pull\/1569> ) : build(deps): Bump sigstore\/cosign-installer from 2.8.0 to 2.8.1\n```\n<https:\/\/newreleases.io\/github\/terraform-linters\/tflint?version=v0.42.2|release note...>",
                "title": "terraform-linters\/tflint on GitHub",
                "title_link": "https:\/\/newreleases.io\/github\/terraform-linters\/tflint",
                "mrkdwn_in": [
                    "text"
                ]
            }
        ]
    }
]