[
    {
        "type": "message",
        "subtype": "bot_message",
        "text": "",
        "ts": "1665072947.538289",
        "bot_id": "BG2UDF0NA",
        "attachments": [
            {
                "id": 1,
                "fallback": "hashicorp\/terraform-provider-azurerm on GitHub\nv3.26.0 \nrelease note: <https:\/\/newreleases.io\/github\/hashicorp\/terraform-provider-azurerm?version=v3.26.0>",
                "text": "`v3.26.0` \n```\nBREAKING CHANGES:\n\n* azurerm_load_test - the computed attribute dataplane_uri has been renamed to data_plane_uri for consistency ( #18654 ( <https:\/\/github.com\/hashicorp\/terraform-provider-azurerm\/issues\/18654> ) )\n\nFEATURES:\n\n* *New Resource:* azurerm_iotcentral_application_network_rule_set ( #18589 ( <https:\/\/github.com\/hashicorp\/terraform-provider-azurerm\/issues\/18589> ) )\n\nENHANCEMENTS:\n\n* dependencies: updating to v0.43.0 of <http:\/\/github.com\/hashicorp\/go-azure-helpers|github.com\/hashicorp\/go-azure-helpers> ( #18630 ( <https:\/\/github.com\/hashicorp\/terraform-provider-azurerm\/issues\/18630> ) )\n* dependencies: updating to v0.20221004.1155444 of <http:\/\/github.com\/hashicorp\/go-azure-sdk|github.com\/hashicorp\/go-azure-sdk> ( #18628 ( <https:\/\/github.com\/hashicorp\/terraform-provider-azurerm\/issues\/18628> ) )\n* provider: support for auto-registering SDK Clients and Services ( #18629 ( <https:\/\/github.com\/hashicorp\/terraform-provider-azurerm\/issues\/18629> ) )\n* azurerm_batch_pool - support for the node_deallocation_method , dynamic_vnet_assignment_scope , and source_port_ranges properties ( #18436 ( <https:\/\/github.com\/hashicorp\/terraform-provider-azurerm\/issues\/18436> ) )\n* azurerm_kubernetes_cluster - support for pod_cidrs and service_cidrs properties ( #16657 ( <https:\/\/github.com\/hashicorp\/terraform-provider-azurerm\/issues\/16657> ) )\n* azurerm_kubernetes_cluster - support for message_of_the_day , managed_outbound_ipv6_count , scale_down_mode and workload_runtime properties ( #16741 ( <https:\/\/github.com\/hashicorp\/terraform-provider-azurerm\/issues\/16741> ) )\n* azurerm_kubernetes_cluster_node_pool - support for message_of_the_day , scale_down_mode and workload_runtime properties ( #16741 ( <https:\/\/github.com\/hashicorp\/terraform-provider-azurerm\/issues\/16741> ) )\n* azurerm_load_test - switching to an auto-generated resource ( #18654 ( <https:\/\/github.com\/hashicorp\/terraform-provider-azurerm\/issues\/18654> ) )\n* azurerm_load_test - the computed attribute dataplane_uri has been renamed to data_plane_uri for consistency ( #18654 ( <https:\/\/github.com\/hashicorp\/terraform-provider-azurerm\/issues\/18654> ) )\n* azurerm_load_test - support for the description field ( #18654 ( <https:\/\/github.com\/hashicorp\/terraform-provider-azurerm\/issues\/18654> ) )\n* azurerm_user_assigned_identity - switching to an auto-generated resource ( #18654 ( <https:\/\/github.com\/hashicorp\/terraform-provider-azurerm\/issues\/18654> ) )\n\nBUG FIXES:\n\n* azurerm_linux_function_app_slot - read app settings from the correct endpoint ( #18396 ( <https:\/\/github.com\/hashicorp\/terraform-provider-azurerm\/issues\/18396> ) )\n* azurerm_load_test - changing the name field now forces a new resource to be created ( #18654 ( <https:\/\/github.com\/hashicorp\/terraform-provider-azurerm\/issues\/18654> ) )\n* azurerm_windows_function_app_slot - read app settings from the correct endpoint ( #18396 ( <https:\/\/github.com\/hashicorp\/terraform-provider-azurerm\/issues\/18396> ) )\n```\n<https:\/\/newreleases.io\/github\/hashicorp\/terraform-provider-azurerm?version=v3.26.0|release note...>",
                "title": "hashicorp\/terraform-provider-azurerm on GitHub",
                "title_link": "https:\/\/newreleases.io\/github\/hashicorp\/terraform-provider-azurerm",
                "mrkdwn_in": [
                    "text"
                ]
            }
        ]
    }
]