[
    {
        "type": "message",
        "subtype": "bot_message",
        "text": "",
        "ts": "1666917038.514379",
        "bot_id": "BG2UDF0NA",
        "attachments": [
            {
                "id": 1,
                "fallback": "hashicorp\/terraform-provider-azurerm on GitHub\nv3.29.0 \nrelease note: <https:\/\/newreleases.io\/github\/hashicorp\/terraform-provider-azurerm?version=v3.29.0>",
                "text": "`v3.29.0` \n<https:\/\/newreleases.io\/github\/hashicorp\/terraform-provider-azurerm?version=v3.29.0|release note...>",
                "title": "hashicorp\/terraform-provider-azurerm on GitHub",
                "title_link": "https:\/\/newreleases.io\/github\/hashicorp\/terraform-provider-azurerm",
                "mrkdwn_in": [
                    "text"
                ]
            }
        ]
    }
]