[
    {
        "type": "message",
        "subtype": "bot_message",
        "text": "",
        "ts": "1667226358.543409",
        "bot_id": "BG2UDF0NA",
        "attachments": [
            {
                "id": 1,
                "fallback": "ansible\/ansible on GitHub\nv2.14.0rc2 \n\nv2.13.6rc1",
                "text": "`v2.14.0rc2` \n\n`v2.13.6rc1`",
                "title": "ansible\/ansible on GitHub",
                "title_link": "https:\/\/newreleases.io\/github\/ansible\/ansible",
                "mrkdwn_in": [
                    "text"
                ]
            }
        ]
    },
    {
        "type": "message",
        "subtype": "bot_message",
        "text": "",
        "ts": "1667227053.683579",
        "bot_id": "BG2UDF0NA",
        "attachments": [
            {
                "id": 1,
                "fallback": "ansible\/ansible on GitHub\nv2.14.0rc2 updated",
                "text": "`v2.14.0rc2` _updated_",
                "title": "ansible\/ansible on GitHub",
                "title_link": "https:\/\/newreleases.io\/github\/ansible\/ansible",
                "mrkdwn_in": [
                    "text"
                ]
            }
        ]
    }
]