[
    {
        "type": "message",
        "subtype": "bot_message",
        "text": "",
        "ts": "1576265298.000100",
        "bot_id": "BG2UDF0NA",
        "attachments": [
            {
                "fallback": "terraform-providers\/terraform-provider-aws on GitHub\nv2.42.0",
                "text": "`v2.42.0`",
                "title": "terraform-providers\/terraform-provider-aws on GitHub",
                "id": 1,
                "title_link": "https:\/\/newreleases.io\/github\/terraform-providers\/terraform-provider-aws",
                "mrkdwn_in": [
                    "text"
                ]
            }
        ]
    },
    {
        "type": "message",
        "subtype": "bot_message",
        "text": "",
        "ts": "1576266842.000200",
        "bot_id": "BG2UDF0NA",
        "attachments": [
            {
                "fallback": "terraform-providers\/terraform-provider-aws on GitHub\nv2.42.0 updated\nrelease note: <https:\/\/newreleases.io\/github\/terraform-providers\/terraform-provider-aws?version=v2.42.0>",
                "text": "`v2.42.0` _updated_\n```\nFEATURES:\n\n* *New Resource:* aws_ecs_capacity_provider [GH-11151]\n\n* *New Resource:* aws_media_convert_queue [GH-10041]\n\n* *New Resource:* aws_workspaces_ip_group [GH-10904]\n\nENHANCEMENTS:\n\n* resource\/aws_apigateway_usage_plan: Add tags argument and arn attribute [GH-10566]\n\n* resource\/aws_codebuild_project: Add ARM_CONTAINER as valid environment configuration block compute_type argument value [GH-11206]\n\n* resource\/aws_ecs_cluster: Add capacity_providers argument and default_capacity_provider_strategy configuration block (support ECS Capacity Providers) [GH-11151]\n\n* resource\/aws_ecs_service: Add capacity_provider_strategy configuration block (support ECS Capacity Providers) [GH-11151]\n\n* resource\/aws_emr_cluster: Add step_concurrency_level argument [GH-11196]\n\n* resource\/aws_lb_listener_rule: Support ALB advanced routing rules [GH-8268]\n\nBUG FIXES:\n\n* provider: Prevent crash in planning IAM Policy equivalency checking with invalid Resource declarations (e.g. a list of list of strings) [GH-11107]\n\n* resource\/aws_eks_cluster: Handle additional InvalidParameterException: Error in role params error during creation for IAM eventual consistency [GH-11127]\n\n* resource\/aws_iam_role: Ignore additional NoSuchEntity errors on deletion [GH-11125]\n\n* resource\/aws_network_interface: Prevent extraneous ModifyNetworkInterfaceAttribute API call during update [GH-11277]\n\n* resource\/aws_security_group: Support ampersand ( &amp; ) in ingress and egress configuration block description argument value validation [GH-9528]\n\n* resource\/aws_security_group_rule: Support ampersand ( &amp; ) in description argument value validation [GH-9528]\n```\n<https:\/\/newreleases.io\/github\/terraform-providers\/terraform-provider-aws?version=v2.42.0|release note...>",
                "title": "terraform-providers\/terraform-provider-aws on GitHub",
                "id": 1,
                "title_link": "https:\/\/newreleases.io\/github\/terraform-providers\/terraform-provider-aws",
                "mrkdwn_in": [
                    "text"
                ]
            }
        ],
        "reactions": [
            {
                "name": "tada",
                "users": [
                    "UGXFY0V88",
                    "UFTKSQ25T",
                    "UGFSM002K"
                ],
                "count": 3
            }
        ]
    },
    {
        "type": "message",
        "subtype": "bot_message",
        "text": "",
        "ts": "1576271974.000300",
        "bot_id": "BG2UDF0NA",
        "attachments": [
            {
                "fallback": "terraform-providers\/terraform-provider-google on GitHub\nv2.20.1",
                "text": "`v2.20.1`",
                "title": "terraform-providers\/terraform-provider-google on GitHub",
                "id": 1,
                "title_link": "https:\/\/newreleases.io\/github\/terraform-providers\/terraform-provider-google",
                "mrkdwn_in": [
                    "text"
                ]
            }
        ]
    }
]