[
    {
        "type": "message",
        "subtype": "bot_message",
        "text": "",
        "ts": "1576786158.000100",
        "bot_id": "BG2UDF0NA",
        "attachments": [
            {
                "fallback": "terraform-providers\/terraform-provider-aws on GitHub\nv2.43.0",
                "text": "`v2.43.0`",
                "title": "terraform-providers\/terraform-provider-aws on GitHub",
                "id": 1,
                "title_link": "https:\/\/newreleases.io\/github\/terraform-providers\/terraform-provider-aws",
                "mrkdwn_in": [
                    "text"
                ]
            }
        ]
    },
    {
        "type": "message",
        "subtype": "bot_message",
        "text": "",
        "ts": "1576787063.000200",
        "bot_id": "BG2UDF0NA",
        "attachments": [
            {
                "fallback": "terraform-providers\/terraform-provider-aws on GitHub\n2.43.0 (December 19, 2019)v2.43.0 updated\nrelease note: <https:\/\/newreleases.io\/github\/terraform-providers\/terraform-provider-aws?version=v2.43.0>",
                "text": "*2.43.0 (December 19, 2019)* `v2.43.0` _updated_\n```\nNOTES:\n\n* This will be the last planned release until early January. Enjoy the rest of your year!\n\nFEATURES:\n\n* *New Data Source:* aws_organizations_organizational_units ( #10395 ( <https:\/\/github.com\/terraform-providers\/terraform-provider-aws\/issues\/10395> ) )\n\n* *New Resource:* aws_accessanalyzer_analyzer ( #11169 ( <https:\/\/github.com\/terraform-providers\/terraform-provider-aws\/issues\/11169> ) )\n\n* *New Resource:* aws_lambda_function_event_invoke_config ( #11165 ( <https:\/\/github.com\/terraform-providers\/terraform-provider-aws\/issues\/11165> ) )\n\nENHANCEMENTS:\n\n* data-source\/aws_elb: Add arn attribute ( #11345 ( <https:\/\/github.com\/terraform-providers\/terraform-provider-aws\/issues\/11345> ) )\n\n* resource\/aws_batch_compute_environment: Support resource import ( #11299 ( <https:\/\/github.com\/terraform-providers\/terraform-provider-aws\/issues\/11299> ) )\n\n* resource\/aws_codebuild_project: Add queued_timeout argument ( #11261 ( <https:\/\/github.com\/terraform-providers\/terraform-provider-aws\/issues\/11261> ) )\n\n* resource\/aws_fsx_windows_file_system: Support storage_capacity minimum value of 32 in validation to match recent updates to the API ( #11272 ( <https:\/\/github.com\/terraform-providers\/terraform-provider-aws\/issues\/11272> ) )\n\n* resource\/aws_opsworks_custom_layer: Add encrypted ebs_volume configuration ( #7110 ( <https:\/\/github.com\/terraform-providers\/terraform-provider-aws\/issues\/7110> ) )\n\nBUG FIXES:\n\n* resource\/aws_datasync_agent: Trigger resource recreation on updated InvalidRequestException error for agents deleted outside Terraform ( #11005 ( <https:\/\/github.com\/terraform-providers\/terraform-provider-aws\/issues\/11005> ) )\n\n* resource\/aws_ecs_cluster: Fixes intermittent failures on update when cluster dependencies are updating ( #11310 ( <https:\/\/github.com\/terraform-providers\/terraform-provider-aws\/issues\/11310> ) )\n\n* resource\/aws_ecs_cluster: Fixes bug where ECS cluster capacity providers are updated but default provider strategy is not changed ( #11316 ( <https:\/\/github.com\/terraform-providers\/terraform-provider-aws\/issues\/11316> ) )\n\n* resource\/aws_globalaccelerator_endpoint_group: Allow traffic_dial_percentage to be set to 0 ( #11253 ( <https:\/\/github.com\/terraform-providers\/terraform-provider-aws\/issues\/11253> ) )\n\n* resource\/aws_lb_listener_rule: Fixes regression from version 2.42.0 when updating a rule without modifying condition ( #11364 ( <https:\/\/github.com\/terraform-providers\/terraform-provider-aws\/issues\/11364> ) )\n\n* resource\/aws_ssm_activation: Ensure tags are refreshed into Terraform state during read for drift detection ( #11290 ( <https:\/\/github.com\/terraform-providers\/terraform-provider-aws\/issues\/11290> ) )\n```\n<https:\/\/newreleases.io\/github\/terraform-providers\/terraform-provider-aws?version=v2.43.0|release note...>",
                "title": "terraform-providers\/terraform-provider-aws on GitHub",
                "id": 1,
                "title_link": "https:\/\/newreleases.io\/github\/terraform-providers\/terraform-provider-aws",
                "mrkdwn_in": [
                    "text"
                ]
            }
        ]
    }
]