[
    {
        "type": "message",
        "subtype": "bot_message",
        "text": "",
        "ts": "1576665738.000800",
        "bot_id": "BG2UDF0NA",
        "attachments": [
            {
                "fallback": "terraform-providers\/terraform-provider-azurerm on GitHub\nv1.39.0v1.39.0\nrelease note: <https:\/\/newreleases.io\/github\/terraform-providers\/terraform-provider-azurerm?version=v1.39.0>",
                "text": "*v1.39.0* `v1.39.0`\n<https:\/\/newreleases.io\/github\/terraform-providers\/terraform-provider-azurerm?version=v1.39.0|release note...>",
                "title": "terraform-providers\/terraform-provider-azurerm on GitHub",
                "id": 1,
                "title_link": "https:\/\/newreleases.io\/github\/terraform-providers\/terraform-provider-azurerm",
                "mrkdwn_in": [
                    "text"
                ]
            }
        ]
    },
    {
        "type": "message",
        "subtype": "bot_message",
        "text": "",
        "ts": "1576669111.000900",
        "bot_id": "BG2UDF0NA",
        "attachments": [
            {
                "fallback": "DataDog\/ansible-datadog on GitHub\n3.4.0 \/ 2019-12-183.4.0\nrelease note: <https:\/\/newreleases.io\/github\/DataDog\/ansible-datadog?version=3.4.0>",
                "text": "*3.4.0 \/ 2019-12-18* `3.4.0`\n```\n* [FEATURE] Reset pinned Windows version. See #234.\n\n* [DOCS] Add README instructions for Windows hosts. See #233.\n\n* [META] Update list of platforms supported by the role. See #224.\n```\n<https:\/\/newreleases.io\/github\/DataDog\/ansible-datadog?version=3.4.0|release note...>",
                "title": "DataDog\/ansible-datadog on GitHub",
                "id": 1,
                "title_link": "https:\/\/newreleases.io\/github\/DataDog\/ansible-datadog",
                "mrkdwn_in": [
                    "text"
                ]
            }
        ]
    },
    {
        "type": "message",
        "subtype": "bot_message",
        "text": "",
        "ts": "1576678002.001000",
        "bot_id": "BG2UDF0NA",
        "attachments": [
            {
                "fallback": "wata727\/tflint on GitHub\nv0.13.3",
                "text": "`v0.13.3`",
                "title": "wata727\/tflint on GitHub",
                "id": 1,
                "title_link": "https:\/\/newreleases.io\/github\/wata727\/tflint",
                "mrkdwn_in": [
                    "text"
                ]
            }
        ]
    },
    {
        "type": "message",
        "subtype": "bot_message",
        "text": "",
        "ts": "1576683346.001100",
        "bot_id": "BG2UDF0NA",
        "attachments": [
            {
                "fallback": "DataDog\/ansible-datadog on GitHub\n4.0.0",
                "text": "`4.0.0`",
                "title": "DataDog\/ansible-datadog on GitHub",
                "id": 1,
                "title_link": "https:\/\/newreleases.io\/github\/DataDog\/ansible-datadog",
                "mrkdwn_in": [
                    "text"
                ]
            }
        ]
    },
    {
        "type": "message",
        "subtype": "bot_message",
        "text": "",
        "ts": "1576683650.001200",
        "bot_id": "BG2UDF0NA",
        "attachments": [
            {
                "fallback": "DataDog\/ansible-datadog on GitHub\n4.0.0 \/ 2019-12-184.0.0 updated\nrelease note: <https:\/\/newreleases.io\/github\/DataDog\/ansible-datadog?version=4.0.0>",
                "text": "*4.0.0 \/ 2019-12-18* `4.0.0` _updated_\n```\n*This role will install Agent v7 by default.* Datadog Agent v7 runs checks with Python 3, so if you were running any custom checks written in Python, they must be compatible with Python 3. If you were not running any custom checks or if your custom checks are already compatible with Python 3, then it is safe to upgrade to Agent v7.\n\n* [MAJOR] Agent 7 support. See #220.\n\n* Refer to the role upgrade section ( README.md#role-upgrade-from-v3-to-v4 ) of the docs for the complete list of changes and instructions to upgrade this role from v3 to v4.\n\n* [FEATURE] Infer major version from datadog_agent_version. See #239.\n\n* [FEATURE] Allow pinned version install on multiple platforms at the same time. See #235.\n```\n<https:\/\/newreleases.io\/github\/DataDog\/ansible-datadog?version=4.0.0|release note...>",
                "title": "DataDog\/ansible-datadog on GitHub",
                "id": 1,
                "title_link": "https:\/\/newreleases.io\/github\/DataDog\/ansible-datadog",
                "mrkdwn_in": [
                    "text"
                ]
            }
        ]
    },
    {
        "type": "message",
        "subtype": "bot_message",
        "text": "",
        "ts": "1576693874.001300",
        "bot_id": "BG2UDF0NA",
        "attachments": [
            {
                "fallback": "hashicorp\/vault on GitHub\nv1.3.1",
                "text": "`v1.3.1`",
                "title": "hashicorp\/vault on GitHub",
                "id": 1,
                "title_link": "https:\/\/newreleases.io\/github\/hashicorp\/vault",
                "mrkdwn_in": [
                    "text"
                ]
            }
        ]
    },
    {
        "type": "message",
        "subtype": "bot_message",
        "text": "",
        "ts": "1576698037.001400",
        "bot_id": "BG2UDF0NA",
        "attachments": [
            {
                "fallback": "wata727\/tflint on GitHub\nv0.13.3v0.13.3 updated\nrelease note: <https:\/\/newreleases.io\/github\/wata727\/tflint?version=v0.13.3>",
                "text": "*v0.13.3* `v0.13.3` _updated_\n```\n-------------------\n0.13.3 (2019-12-18)\n-------------------\n\nGPG key ID: 8CE69160EB3F2FE9\n\nEnhancements\n------------\n\n* #545 ( <https:\/\/github.com\/terraform-linters\/tflint\/pull\/545> ) : Bump terraform to v0.12.18 ( @chenrui333 ( <https:\/\/github.com\/chenrui333> ) )\n\nBugFixes\n--------\n\n* #555 ( <https:\/\/github.com\/terraform-linters\/tflint\/pull\/555> ) : Parse absolute paths in TF_DATA_DIR correctly ( @madddi ( <https:\/\/github.com\/madddi> ) )\n\nChores\n------\n\n* #542 ( <https:\/\/github.com\/terraform-linters\/tflint\/pull\/542> ) : Fix the pre-commit hook ( @Dunedan ( <https:\/\/github.com\/Dunedan> ) )\n\n* #556 ( <https:\/\/github.com\/terraform-linters\/tflint\/pull\/556> ) : Remove legacy TF 0.11 fields from module records ( @madddi ( <https:\/\/github.com\/madddi> ) )\n```\n<https:\/\/newreleases.io\/github\/wata727\/tflint?version=v0.13.3|release note...>",
                "title": "wata727\/tflint on GitHub",
                "id": 1,
                "title_link": "https:\/\/newreleases.io\/github\/wata727\/tflint",
                "mrkdwn_in": [
                    "text"
                ]
            }
        ]
    },
    {
        "type": "message",
        "subtype": "bot_message",
        "text": "",
        "ts": "1576715007.000100",
        "bot_id": "BG2UDF0NA",
        "attachments": [
            {
                "fallback": "hashicorp\/packer on GitHub\nv1.5.0",
                "text": "`v1.5.0`",
                "title": "hashicorp\/packer on GitHub",
                "id": 1,
                "title_link": "https:\/\/newreleases.io\/github\/hashicorp\/packer",
                "mrkdwn_in": [
                    "text"
                ]
            }
        ]
    },
    {
        "type": "message",
        "subtype": "bot_message",
        "text": "",
        "ts": "1576715314.000200",
        "bot_id": "BG2UDF0NA",
        "attachments": [
            {
                "fallback": "hashicorp\/packer on GitHub\n1.5.0",
                "text": "`1.5.0`",
                "title": "hashicorp\/packer on GitHub",
                "id": 1,
                "title_link": "https:\/\/newreleases.io\/github\/hashicorp\/packer",
                "mrkdwn_in": [
                    "text"
                ]
            }
        ]
    }
]