[
    {
        "client_msg_id": "cdfaf502-e3b6-411a-bea5-ad08fc191b0b",
        "type": "message",
        "text": "AWS terraformで\n作成するIAMグループ毎に\nIAMポリシーを割り当てたいのですが\n２重ループのような実装をしたことある人っていますか？\n<https:\/\/zenn.dev\/myabaou\/scraps\/ef6e6199c69984>",
        "user": "U02K7TWFJ83",
        "ts": "1637306895.014000",
        "blocks": [
            {
                "type": "rich_text",
                "block_id": "mTwqh",
                "elements": [
                    {
                        "type": "rich_text_section",
                        "elements": [
                            {
                                "type": "text",
                                "text": "AWS terraformで\n作成するIAMグループ毎に\nIAMポリシーを割り当てたいのですが\n２重ループのような実装をしたことある人っていますか？\n"
                            },
                            {
                                "type": "link",
                                "url": "https:\/\/zenn.dev\/myabaou\/scraps\/ef6e6199c69984"
                            }
                        ]
                    }
                ]
            }
        ],
        "team": "TFU0BKCQP",
        "user_team": "TFU0BKCQP",
        "source_team": "TFU0BKCQP",
        "user_profile": {
            "avatar_hash": "86721a977b30",
            "image_72": "https:\/\/avatars.slack-edge.com\/2021-10-27\/2654208361715_86721a977b3051d7e40e_72.jpg",
            "first_name": "myabaou",
            "real_name": "myabaou",
            "display_name": "myabaou",
            "team": "TFU0BKCQP",
            "name": "yu_mabashi",
            "is_restricted": false,
            "is_ultra_restricted": false
        },
        "thread_ts": "1637306895.014000",
        "reply_count": 6,
        "reply_users_count": 2,
        "latest_reply": "1637311434.015900",
        "reply_users": [
            "UFU0BKD8F",
            "U02K7TWFJ83"
        ],
        "replies": [
            {
                "user": "UFU0BKD8F",
                "ts": "1637308143.014100"
            },
            {
                "user": "UFU0BKD8F",
                "ts": "1637308635.014300"
            },
            {
                "user": "U02K7TWFJ83",
                "ts": "1637308636.014600"
            },
            {
                "user": "UFU0BKD8F",
                "ts": "1637309070.015100"
            },
            {
                "user": "U02K7TWFJ83",
                "ts": "1637309427.015500"
            },
            {
                "user": "UFU0BKD8F",
                "ts": "1637311434.015900"
            }
        ],
        "is_locked": false,
        "subscribed": true,
        "last_read": "1637311434.015900"
    },
    {
        "client_msg_id": "db178b9b-176c-493f-b5b0-9b1ba5b91837",
        "type": "message",
        "text": "全く答えにはなってないのでスルーしていただいていいのですけど、\n後でメンテするのが面倒になるので、変数でグループ化とかやめて、\n平べったく管理したほうがあとあと幸せになれる気がします。\n無理してループして作って可読性を下げるよりも、平易な宣言になっているのがterraform的じゃないかなと。\nロジック書くのはplumiにでも任せておけばいい。。。\n\nこんな感じのディレクトリ構造だと、どこに何が入ってるのかが一目瞭然（のはず）なので\nファイル名にリソース名をつけて管理してあげると管理も楽です（リソースの量とか変更頻度とかにもよるかもだけど）\n\n```iam\/\n  1_iam_policy\/\n  2_iam_role\/\n  3_iam_group\/\n  4_iam_user\/```",
        "user": "UFU0BKD8F",
        "ts": "1637308143.014100",
        "blocks": [
            {
                "type": "rich_text",
                "block_id": "NJZnX",
                "elements": [
                    {
                        "type": "rich_text_section",
                        "elements": [
                            {
                                "type": "text",
                                "text": "全く答えにはなってないのでスルーしていただいていいのですけど、\n後でメンテするのが面倒になるので、変数でグループ化とかやめて、\n平べったく管理したほうがあとあと幸せになれる気がします。\n無理してループして作って可読性を下げるよりも、平易な宣言になっているのがterraform的じゃないかなと。\nロジック書くのはplumiにでも任せておけばいい。。。\n\nこんな感じのディレクトリ構造だと、どこに何が入ってるのかが一目瞭然（のはず）なので\nファイル名にリソース名をつけて管理してあげると管理も楽です（リソースの量とか変更頻度とかにもよるかもだけど）\n\n"
                            }
                        ]
                    },
                    {
                        "type": "rich_text_preformatted",
                        "elements": [
                            {
                                "type": "text",
                                "text": "iam\/\n  1_iam_policy\/\n  2_iam_role\/\n  3_iam_group\/\n  4_iam_user\/"
                            }
                        ]
                    }
                ]
            }
        ],
        "team": "TFU0BKCQP",
        "user_team": "TFU0BKCQP",
        "source_team": "TFU0BKCQP",
        "user_profile": {
            "avatar_hash": "92c41c62c7b0",
            "image_72": "https:\/\/avatars.slack-edge.com\/2019-01-30\/537137791812_92c41c62c7b0f054d3dd_72.jpg",
            "first_name": "らき",
            "real_name": "らき",
            "display_name": "raki",
            "team": "TFU0BKCQP",
            "name": "nishimuray",
            "is_restricted": false,
            "is_ultra_restricted": false
        },
        "thread_ts": "1637306895.014000",
        "parent_user_id": "U02K7TWFJ83",
        "reactions": [
            {
                "name": "man-bowing",
                "users": [
                    "U02K7TWFJ83"
                ],
                "count": 1
            },
            {
                "name": "eyes",
                "users": [
                    "U02KJPBMQJC"
                ],
                "count": 1
            }
        ]
    },
    {
        "client_msg_id": "47a17001-10c5-41c3-a844-15abaf3f8b5c",
        "type": "message",
        "text": "ちなみにどうしても今の形のままでやりたいのなら、\/modules\/iam_group_attachement\/ を用意して、\n入れ子モジュールにすれば書きやすくていいと思います。\n\n入れ子モジュールも嫌だというのであればこういう手があります（見にくいし理解しにくいので好きじゃない\n<https:\/\/www.terraform.io\/docs\/language\/functions\/flatten.html#flattening-nested-structures-for-for_each>",
        "user": "UFU0BKD8F",
        "ts": "1637308635.014300",
        "blocks": [
            {
                "type": "rich_text",
                "block_id": "qL5",
                "elements": [
                    {
                        "type": "rich_text_section",
                        "elements": [
                            {
                                "type": "text",
                                "text": "ちなみにどうしても今の形のままでやりたいのなら、\/modules\/iam_group_attachement\/ を用意して、\n入れ子モジュールにすれば書きやすくていいと思います。\n\n入れ子モジュールも嫌だというのであればこういう手があります（見にくいし理解しにくいので好きじゃない\n"
                            },
                            {
                                "type": "link",
                                "url": "https:\/\/www.terraform.io\/docs\/language\/functions\/flatten.html#flattening-nested-structures-for-for_each"
                            }
                        ]
                    }
                ]
            }
        ],
        "team": "TFU0BKCQP",
        "user_team": "TFU0BKCQP",
        "source_team": "TFU0BKCQP",
        "user_profile": {
            "avatar_hash": "92c41c62c7b0",
            "image_72": "https:\/\/avatars.slack-edge.com\/2019-01-30\/537137791812_92c41c62c7b0f054d3dd_72.jpg",
            "first_name": "らき",
            "real_name": "らき",
            "display_name": "raki",
            "team": "TFU0BKCQP",
            "name": "nishimuray",
            "is_restricted": false,
            "is_ultra_restricted": false
        },
        "attachments": [
            {
                "from_url": "https:\/\/www.terraform.io\/docs\/language\/functions\/flatten.html#flattening-nested-structures-for-for_each",
                "service_name": "Terraform by HashiCorp",
                "title": "flatten - Functions - Configuration Language - Terraform by HashiCorp",
                "title_link": "https:\/\/www.terraform.io\/docs\/language\/functions\/flatten.html#flattening-nested-structures-for-for_each",
                "text": "The flatten function eliminates nested lists from a list.",
                "thumb_url": "https:\/\/www.terraform.io\/assets\/images\/og-image-c18d275f.png",
                "thumb_width": 2400,
                "thumb_height": 1254,
                "fallback": "Terraform by HashiCorp: flatten - Functions - Configuration Language - Terraform by HashiCorp",
                "service_icon": "https:\/\/www.terraform.io\/assets\/images\/favicons\/apple-touch-icon-5c2d0048.png",
                "id": 1,
                "original_url": "https:\/\/www.terraform.io\/docs\/language\/functions\/flatten.html#flattening-nested-structures-for-for_each"
            }
        ],
        "thread_ts": "1637306895.014000",
        "parent_user_id": "U02K7TWFJ83",
        "reactions": [
            {
                "name": "eyes",
                "users": [
                    "U02K7TWFJ83"
                ],
                "count": 1
            }
        ]
    },
    {
        "client_msg_id": "69b82d1a-b10f-40fb-b30b-8e4915d6f54b",
        "type": "message",
        "text": "<@UFU0BKD8F>\n確かに。。\nそっちのほうがシンプルかつわかりやすいかもしれないですね。\n目的は\nIAM ユーザ\nグループ\nポリシー\nをいい感じに管理したいことなので\nポリシーのアタッチを別モジュールにすることも検討してみます。\nありがとうございます。",
        "user": "U02K7TWFJ83",
        "ts": "1637308636.014600",
        "blocks": [
            {
                "type": "rich_text",
                "block_id": "ExWXA",
                "elements": [
                    {
                        "type": "rich_text_section",
                        "elements": [
                            {
                                "type": "user",
                                "user_id": "UFU0BKD8F"
                            },
                            {
                                "type": "text",
                                "text": "\n確かに。。\nそっちのほうがシンプルかつわかりやすいかもしれないですね。\n目的は\nIAM ユーザ\nグループ\nポリシー\nをいい感じに管理したいことなので\nポリシーのアタッチを別モジュールにすることも検討してみます。\nありがとうございます。"
                            }
                        ]
                    }
                ]
            }
        ],
        "team": "TFU0BKCQP",
        "user_team": "TFU0BKCQP",
        "source_team": "TFU0BKCQP",
        "user_profile": {
            "avatar_hash": "86721a977b30",
            "image_72": "https:\/\/avatars.slack-edge.com\/2021-10-27\/2654208361715_86721a977b3051d7e40e_72.jpg",
            "first_name": "myabaou",
            "real_name": "myabaou",
            "display_name": "myabaou",
            "team": "TFU0BKCQP",
            "name": "yu_mabashi",
            "is_restricted": false,
            "is_ultra_restricted": false
        },
        "thread_ts": "1637306895.014000",
        "parent_user_id": "U02K7TWFJ83",
        "reactions": [
            {
                "name": "+1",
                "users": [
                    "UFU0BKD8F"
                ],
                "count": 1
            }
        ]
    }
]