[
    {
        "client_msg_id": "2583b328-af23-4d26-94c4-07879970cc61",
        "type": "message",
        "text": "具体的にはFirebase Authenticationのメッセージテンプレートや独自ドメインの設定などを書き起こせないかな、と思っていたんですが見当たらないんです\n<https:\/\/terraform-jp.slack.com\/archives\/CFTUV1SSW\/p1636444078004600?thread_ts=1636443392.004000&amp;cid=CFTUV1SSW>",
        "user": "UQT52H29G",
        "ts": "1636446272.005100",
        "blocks": [
            {
                "type": "rich_text",
                "block_id": "3WH",
                "elements": [
                    {
                        "type": "rich_text_section",
                        "elements": [
                            {
                                "type": "text",
                                "text": "具体的にはFirebase Authenticationのメッセージテンプレートや独自ドメインの設定などを書き起こせないかな、と思っていたんですが見当たらないんです\n"
                            },
                            {
                                "type": "link",
                                "url": "https:\/\/terraform-jp.slack.com\/archives\/CFTUV1SSW\/p1636444078004600?thread_ts=1636443392.004000&cid=CFTUV1SSW"
                            }
                        ]
                    }
                ]
            }
        ],
        "team": "TFU0BKCQP",
        "user_team": "TFU0BKCQP",
        "source_team": "TFU0BKCQP",
        "user_profile": {
            "avatar_hash": "gd60bbe66cfd",
            "image_72": "https:\/\/secure.gravatar.com\/avatar\/d60bbe66cfd79bbb250bad66a706f939.jpg?s=72&d=https%3A%2F%2Fa.slack-edge.com%2Fdf10d%2Fimg%2Favatars%2Fava_0011-72.png",
            "first_name": "",
            "real_name": "fusagiko",
            "display_name": "fusagiko",
            "team": "TFU0BKCQP",
            "name": "fsgiko",
            "is_restricted": false,
            "is_ultra_restricted": false
        },
        "attachments": [
            {
                "from_url": "https:\/\/terraform-jp.slack.com\/archives\/CFTUV1SSW\/p1636444078004600?thread_ts=1636443392.004000&amp;cid=CFTUV1SSW",
                "fallback": "[November 8th, 2021 11:47 PM] nishimuray: こういう感じの話ではなくて？\n<https:\/\/firebase.google.cn\/docs\/firestore\/solutions\/automate-database-create?hl=ja>",
                "ts": "1636444078.004600",
                "author_id": "UFU0BKD8F",
                "author_subname": "らき",
                "channel_team": "TFU0BKCQP",
                "channel_id": "CFTUV1SSW",
                "channel_name": "質問",
                "is_msg_unfurl": true,
                "is_reply_unfurl": true,
                "text": "こういう感じの話ではなくて？\n<https:\/\/firebase.google.cn\/docs\/firestore\/solutions\/automate-database-create?hl=ja>",
                "message_blocks": [
                    {
                        "team": "TFU0BKCQP",
                        "channel": "CFTUV1SSW",
                        "ts": "1636444078.004600",
                        "message": {
                            "blocks": [
                                {
                                    "type": "rich_text",
                                    "block_id": "mQpOu",
                                    "elements": [
                                        {
                                            "type": "rich_text_section",
                                            "elements": [
                                                {
                                                    "type": "text",
                                                    "text": "こういう感じの話ではなくて？\n"
                                                },
                                                {
                                                    "type": "link",
                                                    "url": "https:\/\/firebase.google.cn\/docs\/firestore\/solutions\/automate-database-create?hl=ja"
                                                }
                                            ]
                                        }
                                    ]
                                }
                            ]
                        }
                    }
                ],
                "author_name": "らき",
                "author_link": "https:\/\/terraform-jp.slack.com\/team\/UFU0BKD8F",
                "author_icon": "https:\/\/avatars.slack-edge.com\/2019-01-30\/537137791812_92c41c62c7b0f054d3dd_48.jpg",
                "mrkdwn_in": [
                    "text"
                ],
                "id": 1,
                "original_url": "https:\/\/terraform-jp.slack.com\/archives\/CFTUV1SSW\/p1636444078004600?thread_ts=1636443392.004000&amp;cid=CFTUV1SSW",
                "footer": "#質問 のスレッドから"
            }
        ],
        "thread_ts": "1636443392.004000",
        "parent_user_id": "UQT52H29G"
    },
    {
        "client_msg_id": "28032239-0fc8-4537-80ef-5ce4a2489564",
        "type": "message",
        "text": "&gt; gcloudコマンドをインストールする手間をかけさせたくない、という主旨なのです\nなるほどです。それだと難しいですね。Application Default Credentials取得するためにgcloudコマンドが要るので...。本質的に解決するならCDに寄せるくらいしかないかと。",
        "user": "U01GAQPRFQB",
        "ts": "1636447391.005400",
        "blocks": [
            {
                "type": "rich_text",
                "block_id": "qR6C",
                "elements": [
                    {
                        "type": "rich_text_quote",
                        "elements": [
                            {
                                "type": "text",
                                "text": "gcloudコマンドをインストールする手間をかけさせたくない、という主旨なのです"
                            }
                        ]
                    },
                    {
                        "type": "rich_text_section",
                        "elements": [
                            {
                                "type": "text",
                                "text": "なるほどです。それだと難しいですね。Application Default Credentials取得するためにgcloudコマンドが要るので...。本質的に解決するならCDに寄せるくらいしかないかと。"
                            }
                        ]
                    }
                ]
            }
        ],
        "team": "TFU0BKCQP",
        "user_team": "TFU0BKCQP",
        "source_team": "TFU0BKCQP",
        "user_profile": {
            "avatar_hash": "6ab6c226f11c",
            "image_72": "https:\/\/avatars.slack-edge.com\/2021-11-09\/2702170171539_6ab6c226f11cae0ecec4_72.png",
            "first_name": "",
            "real_name": "Sho Ishii",
            "display_name": "Sho Ishii",
            "team": "TFU0BKCQP",
            "name": "s_ishii",
            "is_restricted": false,
            "is_ultra_restricted": false
        },
        "thread_ts": "1636443392.004000",
        "parent_user_id": "UQT52H29G"
    },
    {
        "client_msg_id": "5f201463-5b36-4e6f-a691-b3f34df9c75a",
        "type": "message",
        "text": "新人教育のワークショップのためにgcloud等環境セットアップが大変・・・というケースであればCloud Shellを使う手もあります。\n<https:\/\/www.hashicorp.com\/blog\/kickstart-terraform-on-gcp-with-google-cloud-shell>\n\nただ今回の用途にはマッチしなさそうですねぇ",
        "user": "U029HDK176Y",
        "ts": "1636504296.005600",
        "blocks": [
            {
                "type": "rich_text",
                "block_id": "2WA",
                "elements": [
                    {
                        "type": "rich_text_section",
                        "elements": [
                            {
                                "type": "text",
                                "text": "新人教育のワークショップのためにgcloud等環境セットアップが大変・・・というケースであればCloud Shellを使う手もあります。\n"
                            },
                            {
                                "type": "link",
                                "url": "https:\/\/www.hashicorp.com\/blog\/kickstart-terraform-on-gcp-with-google-cloud-shell"
                            },
                            {
                                "type": "text",
                                "text": "\n\nただ今回の用途にはマッチしなさそうですねぇ"
                            }
                        ]
                    }
                ]
            }
        ],
        "team": "TFU0BKCQP",
        "user_team": "TFU0BKCQP",
        "source_team": "TFU0BKCQP",
        "user_profile": {
            "avatar_hash": "bab61e6f6065",
            "image_72": "https:\/\/avatars.slack-edge.com\/2021-07-27\/2329912167089_bab61e6f6065bf3b390f_72.gif",
            "first_name": "Kazuto",
            "real_name": "Kazuto Kusama",
            "display_name": "jacopen",
            "team": "TFU0BKCQP",
            "name": "jacopen",
            "is_restricted": false,
            "is_ultra_restricted": false
        },
        "attachments": [
            {
                "from_url": "https:\/\/www.hashicorp.com\/blog\/kickstart-terraform-on-gcp-with-google-cloud-shell",
                "service_name": "HashiCorp",
                "title": "Kickstart Terraform on GCP with Google Cloud Shell",
                "title_link": "https:\/\/www.hashicorp.com\/blog\/kickstart-terraform-on-gcp-with-google-cloud-shell",
                "text": "This guest blog, by Riley Karson of Google Cloud, explores a new enhancement to our Terraform Docs. Users looking for examples of Terraform on Google Cloud can now test out various configurations in Google Cloud Shell with the click of a button.",
                "image_url": "https:\/\/www.datocms-assets.com\/2885\/1600072435-3cb9b276-d56a-49a5-a534-2181bbed279c.png",
                "image_width": 445,
                "image_height": 250,
                "image_bytes": 344335,
                "fallback": "HashiCorp: Kickstart Terraform on GCP with Google Cloud Shell",
                "id": 1,
                "original_url": "https:\/\/www.hashicorp.com\/blog\/kickstart-terraform-on-gcp-with-google-cloud-shell"
            }
        ],
        "thread_ts": "1636443392.004000",
        "parent_user_id": "UQT52H29G"
    },
    {
        "client_msg_id": "5afb59d4-54d1-4371-890a-788aa84ee7cc",
        "type": "message",
        "text": "terraformのディレクトリ構成について質問です。\n<https:\/\/zenn.dev\/myabaou\/scraps\/5cd1998345b0c4>\n（長くなってしまったのでzenn スクラップであげました。）",
        "user": "U02K7TWFJ83",
        "ts": "1636509300.006800",
        "blocks": [
            {
                "type": "rich_text",
                "block_id": "Ogz4",
                "elements": [
                    {
                        "type": "rich_text_section",
                        "elements": [
                            {
                                "type": "text",
                                "text": "terraformのディレクトリ構成について質問です。\n"
                            },
                            {
                                "type": "link",
                                "url": "https:\/\/zenn.dev\/myabaou\/scraps\/5cd1998345b0c4"
                            },
                            {
                                "type": "text",
                                "text": "\n（長くなってしまったのでzenn スクラップであげました。）"
                            }
                        ]
                    }
                ]
            }
        ],
        "team": "TFU0BKCQP",
        "user_team": "TFU0BKCQP",
        "source_team": "TFU0BKCQP",
        "user_profile": {
            "avatar_hash": "86721a977b30",
            "image_72": "https:\/\/avatars.slack-edge.com\/2021-10-27\/2654208361715_86721a977b3051d7e40e_72.jpg",
            "first_name": "myabaou",
            "real_name": "myabaou",
            "display_name": "myabaou",
            "team": "TFU0BKCQP",
            "name": "yu_mabashi",
            "is_restricted": false,
            "is_ultra_restricted": false
        },
        "thread_ts": "1636509300.006800",
        "reply_count": 2,
        "reply_users_count": 2,
        "latest_reply": "1636514003.007300",
        "reply_users": [
            "UFU0BKD8F",
            "U02K7TWFJ83"
        ],
        "replies": [
            {
                "user": "UFU0BKD8F",
                "ts": "1636510470.006900"
            },
            {
                "user": "U02K7TWFJ83",
                "ts": "1636514003.007300"
            }
        ],
        "is_locked": false,
        "subscribed": true,
        "last_read": "1636514003.007300"
    },
    {
        "client_msg_id": "8752d3e4-da12-4b6b-bd00-6e3b3ac6e9f4",
        "type": "message",
        "text": "検証中のモジュールのコードを master(main) にコミットしない（prodに適用しない）のが手っ取り早いと思います。\nデフォルトブランチまたはリリースブランチに適用されたら prod に適用する、ってルールのほうが優先されると思うので。\n\nちなみに、ローカルモジュールでも git から引っ張るようにすれば ref が使えるのでコミットで使い分けできるはできると思います。。。\n<https:\/\/www.terraform.io\/docs\/language\/modules\/sources.html#modules-in-package-sub-directories>",
        "user": "UFU0BKD8F",
        "ts": "1636510470.006900",
        "blocks": [
            {
                "type": "rich_text",
                "block_id": "+hw",
                "elements": [
                    {
                        "type": "rich_text_section",
                        "elements": [
                            {
                                "type": "text",
                                "text": "検証中のモジュールのコードを master(main) にコミットしない（prodに適用しない）のが手っ取り早いと思います。\nデフォルトブランチまたはリリースブランチに適用されたら prod に適用する、ってルールのほうが優先されると思うので。\n\nちなみに、ローカルモジュールでも git から引っ張るようにすれば ref が使えるのでコミットで使い分けできるはできると思います。。。\n"
                            },
                            {
                                "type": "link",
                                "url": "https:\/\/www.terraform.io\/docs\/language\/modules\/sources.html#modules-in-package-sub-directories"
                            }
                        ]
                    }
                ]
            }
        ],
        "team": "TFU0BKCQP",
        "user_team": "TFU0BKCQP",
        "source_team": "TFU0BKCQP",
        "user_profile": {
            "avatar_hash": "92c41c62c7b0",
            "image_72": "https:\/\/avatars.slack-edge.com\/2019-01-30\/537137791812_92c41c62c7b0f054d3dd_72.jpg",
            "first_name": "らき",
            "real_name": "らき",
            "display_name": "raki",
            "team": "TFU0BKCQP",
            "name": "nishimuray",
            "is_restricted": false,
            "is_ultra_restricted": false
        },
        "attachments": [
            {
                "from_url": "https:\/\/www.terraform.io\/docs\/language\/modules\/sources.html#modules-in-package-sub-directories",
                "service_name": "Terraform by HashiCorp",
                "title": "Module Sources - Terraform by HashiCorp",
                "title_link": "https:\/\/www.terraform.io\/docs\/language\/modules\/sources.html#modules-in-package-sub-directories",
                "text": "The source argument tells Terraform where to find child modules's configurations in locations like GitHub, the Terraform Registry, Bitbucket, Git, Mercurial, S3, and GCS.",
                "thumb_url": "https:\/\/www.terraform.io\/assets\/images\/og-image-c18d275f.png",
                "thumb_width": 2400,
                "thumb_height": 1254,
                "fallback": "Terraform by HashiCorp: Module Sources - Terraform by HashiCorp",
                "service_icon": "https:\/\/www.terraform.io\/assets\/images\/favicons\/apple-touch-icon-5c2d0048.png",
                "id": 1,
                "original_url": "https:\/\/www.terraform.io\/docs\/language\/modules\/sources.html#modules-in-package-sub-directories"
            }
        ],
        "thread_ts": "1636509300.006800",
        "parent_user_id": "U02K7TWFJ83"
    },
    {
        "client_msg_id": "1bb815ab-9108-470e-b070-cf67caa9e315",
        "type": "message",
        "text": "<@UFU0BKD8F>\n&gt; 検証中のモジュールのコードを master(main) にコミットしない（prodに適用しない）のが手っ取り早いと思います。\nよくよく考えたら検証中のものをmainブランチにマージしないですよね。。\nmodule先にS3も指定できるんですね。\n初めて知りました。\nS3の特定バージョンのオブジェクトが指定できれば\n理想的ですね。。\n弊社の環境はbitbucketですが試してみます。\n回答ありがとうございます！",
        "user": "U02K7TWFJ83",
        "ts": "1636514003.007300",
        "blocks": [
            {
                "type": "rich_text",
                "block_id": "fnN",
                "elements": [
                    {
                        "type": "rich_text_section",
                        "elements": [
                            {
                                "type": "user",
                                "user_id": "UFU0BKD8F"
                            },
                            {
                                "type": "text",
                                "text": "\n"
                            }
                        ]
                    },
                    {
                        "type": "rich_text_quote",
                        "elements": [
                            {
                                "type": "text",
                                "text": "検証中のモジュールのコードを master(main) にコミットしない（prodに適用しない）のが手っ取り早いと思います。"
                            }
                        ]
                    },
                    {
                        "type": "rich_text_section",
                        "elements": [
                            {
                                "type": "text",
                                "text": "よくよく考えたら検証中のものをmainブランチにマージしないですよね。。\nmodule先にS3も指定できるんですね。\n初めて知りました。\nS3の特定バージョンのオブジェクトが指定できれば\n理想的ですね。。\n弊社の環境はbitbucketですが試してみます。\n回答ありがとうございます！"
                            }
                        ]
                    }
                ]
            }
        ],
        "team": "TFU0BKCQP",
        "user_team": "TFU0BKCQP",
        "source_team": "TFU0BKCQP",
        "user_profile": {
            "avatar_hash": "86721a977b30",
            "image_72": "https:\/\/avatars.slack-edge.com\/2021-10-27\/2654208361715_86721a977b3051d7e40e_72.jpg",
            "first_name": "myabaou",
            "real_name": "myabaou",
            "display_name": "myabaou",
            "team": "TFU0BKCQP",
            "name": "yu_mabashi",
            "is_restricted": false,
            "is_ultra_restricted": false
        },
        "thread_ts": "1636509300.006800",
        "parent_user_id": "U02K7TWFJ83",
        "reactions": [
            {
                "name": "+1",
                "users": [
                    "UFU0BKD8F"
                ],
                "count": 1
            }
        ]
    },
    {
        "client_msg_id": "cec8fb60-d3cd-4d0d-be37-439c9e1e6400",
        "type": "message",
        "text": "皆さんありがとうございます。\n<https:\/\/terraform-jp.slack.com\/archives\/CFTUV1SSW\/p1636444706004800?thread_ts=1636443392.004000&amp;cid=CFTUV1SSW> はやはり難しそうですね…\n\nAWS側との変更頻度にけっこうな差があるので、tfstateを分割して変更したくなった人だけgcloudコマンド入れる、という方向で行ってみようと思います\nありがとうございましたー！",
        "user": "UQT52H29G",
        "ts": "1636522935.007600",
        "blocks": [
            {
                "type": "rich_text",
                "block_id": "U7DP",
                "elements": [
                    {
                        "type": "rich_text_section",
                        "elements": [
                            {
                                "type": "text",
                                "text": "皆さんありがとうございます。\n"
                            },
                            {
                                "type": "link",
                                "url": "https:\/\/terraform-jp.slack.com\/archives\/CFTUV1SSW\/p1636444706004800?thread_ts=1636443392.004000&cid=CFTUV1SSW"
                            },
                            {
                                "type": "text",
                                "text": " はやはり難しそうですね…\n\nAWS側との変更頻度にけっこうな差があるので、tfstateを分割して変更したくなった人だけgcloudコマンド入れる、という方向で行ってみようと思います\nありがとうございましたー！"
                            }
                        ]
                    }
                ]
            }
        ],
        "team": "TFU0BKCQP",
        "user_team": "TFU0BKCQP",
        "source_team": "TFU0BKCQP",
        "user_profile": {
            "avatar_hash": "gd60bbe66cfd",
            "image_72": "https:\/\/secure.gravatar.com\/avatar\/d60bbe66cfd79bbb250bad66a706f939.jpg?s=72&d=https%3A%2F%2Fa.slack-edge.com%2Fdf10d%2Fimg%2Favatars%2Fava_0011-72.png",
            "first_name": "",
            "real_name": "fusagiko",
            "display_name": "fusagiko",
            "team": "TFU0BKCQP",
            "name": "fsgiko",
            "is_restricted": false,
            "is_ultra_restricted": false
        },
        "attachments": [
            {
                "from_url": "https:\/\/terraform-jp.slack.com\/archives\/CFTUV1SSW\/p1636444706004800?thread_ts=1636443392.004000&amp;cid=CFTUV1SSW",
                "fallback": "[November 8th, 2021 11:58 PM] fsgiko: 今回管理するサービスが、AWSメインであって、BigQueryなど部分的にGCP使うという感じなので新しい人にgcloudコマンドをインストールする手間をかけさせたくない、という主旨なのですがgcloudコマンドをインストールせずともそのログインフローができるのでしょうか？\n<https:\/\/terraform-jp.slack.com\/archives\/CFTUV1SSW\/p1636443714004200?thread_ts=1636443392.004000&amp;cid=CFTUV1SSW>",
                "ts": "1636444706.004800",
                "author_id": "UQT52H29G",
                "author_subname": "fusagiko",
                "channel_team": "TFU0BKCQP",
                "channel_id": "CFTUV1SSW",
                "channel_name": "質問",
                "is_msg_unfurl": true,
                "is_reply_unfurl": true,
                "text": "今回管理するサービスが、AWSメインであって、BigQueryなど部分的にGCP使うという感じなので新しい人にgcloudコマンドをインストールする手間をかけさせたくない、という主旨なのですがgcloudコマンドをインストールせずともそのログインフローができるのでしょうか？\n<https:\/\/terraform-jp.slack.com\/archives\/CFTUV1SSW\/p1636443714004200?thread_ts=1636443392.004000&amp;cid=CFTUV1SSW>",
                "message_blocks": [
                    {
                        "team": "TFU0BKCQP",
                        "channel": "CFTUV1SSW",
                        "ts": "1636444706.004800",
                        "message": {
                            "blocks": [
                                {
                                    "type": "rich_text",
                                    "block_id": "sD6",
                                    "elements": [
                                        {
                                            "type": "rich_text_section",
                                            "elements": [
                                                {
                                                    "type": "text",
                                                    "text": "今回管理するサービスが、AWSメインであって、BigQueryなど部分的にGCP使うという感じなので新しい人にgcloudコマンドをインストールする手間をかけさせたくない、という主旨なのですがgcloudコマンドをインストールせずともそのログインフローができるのでしょうか？\n"
                                                },
                                                {
                                                    "type": "link",
                                                    "url": "https:\/\/terraform-jp.slack.com\/archives\/CFTUV1SSW\/p1636443714004200?thread_ts=1636443392.004000&cid=CFTUV1SSW"
                                                }
                                            ]
                                        }
                                    ]
                                }
                            ]
                        }
                    }
                ],
                "author_name": "fusagiko",
                "author_link": "https:\/\/terraform-jp.slack.com\/team\/UQT52H29G",
                "author_icon": "https:\/\/secure.gravatar.com\/avatar\/d60bbe66cfd79bbb250bad66a706f939.jpg?s=48&d=https%3A%2F%2Fa.slack-edge.com%2Fdf10d%2Fimg%2Favatars%2Fava_0011-48.png",
                "mrkdwn_in": [
                    "text"
                ],
                "id": 1,
                "original_url": "https:\/\/terraform-jp.slack.com\/archives\/CFTUV1SSW\/p1636444706004800?thread_ts=1636443392.004000&amp;cid=CFTUV1SSW",
                "footer": "#質問 のスレッドから"
            }
        ],
        "thread_ts": "1636443392.004000",
        "parent_user_id": "UQT52H29G",
        "reactions": [
            {
                "name": "+1",
                "users": [
                    "U01GAQPRFQB",
                    "U029HDK176Y"
                ],
                "count": 2
            }
        ]
    }
]