[
    {
        "client_msg_id": "d242272a-5337-4431-9fb6-aef47d657404",
        "type": "message",
        "text": "for_each の value に複数 var を string で結合みたいなのが v0.14 でできなくなったのでどうしようか悩んでいる\n\n&gt; Cannot use a set of object value in for_each. An iterable collection is required.\n```  dynamic \"set_sensitive\" {\n    for_each = toset([\n      {\n        name  = \"externalPostgreSQL\"\n        value = \"postgresql:\/\/${var.redash_data[count.index].user}:${var.redash_data[count.index].password}@${var.redash_data[count.index].host}:5432\/${var.redash_data[count.index].db_name}\"\n      }])\n    \n    content {\n      name  = set_sensitive.value.name\n      value = set_sensitive.value.value\n    }\n  }```",
        "user": "UG46Z57TN",
        "ts": "1637711531.017500",
        "blocks": [
            {
                "type": "rich_text",
                "block_id": "vam3C",
                "elements": [
                    {
                        "type": "rich_text_section",
                        "elements": [
                            {
                                "type": "text",
                                "text": "for_each の value に複数 var を string で結合みたいなのが v0.14 でできなくなったのでどうしようか悩んでいる\n\n"
                            }
                        ]
                    },
                    {
                        "type": "rich_text_quote",
                        "elements": [
                            {
                                "type": "text",
                                "text": "Cannot use a set of object value in for_each. An iterable collection is required."
                            }
                        ]
                    },
                    {
                        "type": "rich_text_preformatted",
                        "elements": [
                            {
                                "type": "text",
                                "text": "  dynamic \"set_sensitive\" {\n    for_each = toset([\n      {\n        name  = \"externalPostgreSQL\"\n        value = \"postgresql:\/\/${var.redash_data[count.index].user}:${var.redash_data[count.index].password}@${var.redash_data[count.index].host}:5432\/${var.redash_data[count.index].db_name}\"\n      }])\n    \n    content {\n      name  = set_sensitive.value.name\n      value = set_sensitive.value.value\n    }\n  }"
                            }
                        ]
                    }
                ]
            }
        ],
        "team": "TFU0BKCQP",
        "user_team": "TFU0BKCQP",
        "source_team": "TFU0BKCQP",
        "user_profile": {
            "avatar_hash": "c6bdd4cb17db",
            "image_72": "https:\/\/avatars.slack-edge.com\/2019-07-05\/685991185957_c6bdd4cb17db956661a1_72.jpg",
            "first_name": "Takeshi",
            "real_name": "Takeshi Kondo",
            "display_name": "chaspy",
            "team": "TFU0BKCQP",
            "name": "take.she12",
            "is_restricted": false,
            "is_ultra_restricted": false
        },
        "edited": {
            "user": "UG46Z57TN",
            "ts": "1637711551.000000"
        },
        "thread_ts": "1637711531.017500",
        "reply_count": 33,
        "reply_users_count": 3,
        "latest_reply": "1638209999.040400",
        "reply_users": [
            "UG46Z57TN",
            "UFU0BKD8F",
            "UHS4SFFA7"
        ],
        "replies": [
            {
                "user": "UG46Z57TN",
                "ts": "1637711564.017700"
            },
            {
                "user": "UFU0BKD8F",
                "ts": "1637712588.017900"
            },
            {
                "user": "UG46Z57TN",
                "ts": "1637712705.018100"
            },
            {
                "user": "UFU0BKD8F",
                "ts": "1637712901.018300"
            },
            {
                "user": "UFU0BKD8F",
                "ts": "1637713027.018500"
            },
            {
                "user": "UFU0BKD8F",
                "ts": "1637713068.018700"
            },
            {
                "user": "UFU0BKD8F",
                "ts": "1637713158.018900"
            },
            {
                "user": "UG46Z57TN",
                "ts": "1637713296.019100"
            },
            {
                "user": "UG46Z57TN",
                "ts": "1637713623.019400"
            },
            {
                "user": "UG46Z57TN",
                "ts": "1637713666.019600"
            },
            {
                "user": "UG46Z57TN",
                "ts": "1637714086.019800"
            },
            {
                "user": "UG46Z57TN",
                "ts": "1637714163.020100"
            },
            {
                "user": "UG46Z57TN",
                "ts": "1637714203.020400"
            },
            {
                "user": "UG46Z57TN",
                "ts": "1637714789.020600"
            },
            {
                "user": "UFU0BKD8F",
                "ts": "1637714828.020800"
            },
            {
                "user": "UG46Z57TN",
                "ts": "1637715540.021000"
            },
            {
                "user": "UFU0BKD8F",
                "ts": "1637715641.021400"
            },
            {
                "user": "UG46Z57TN",
                "ts": "1637715853.021600"
            },
            {
                "user": "UFU0BKD8F",
                "ts": "1637716255.021800"
            },
            {
                "user": "UHS4SFFA7",
                "ts": "1637889362.022000"
            },
            {
                "user": "UHS4SFFA7",
                "ts": "1637889625.022200"
            },
            {
                "user": "UG46Z57TN",
                "ts": "1637918389.022400"
            },
            {
                "user": "UG46Z57TN",
                "ts": "1637918405.022600"
            },
            {
                "user": "UHS4SFFA7",
                "ts": "1637923375.022900"
            },
            {
                "user": "UG46Z57TN",
                "ts": "1638087572.023100"
            },
            {
                "user": "UG46Z57TN",
                "ts": "1638087574.023300"
            },
            {
                "user": "UG46Z57TN",
                "ts": "1638087862.023500"
            },
            {
                "user": "UG46Z57TN",
                "ts": "1638088095.023700"
            },
            {
                "user": "UHS4SFFA7",
                "ts": "1638153804.024000"
            },
            {
                "user": "UHS4SFFA7",
                "ts": "1638153852.024200"
            },
            {
                "user": "UG46Z57TN",
                "ts": "1638155830.024700"
            },
            {
                "user": "UHS4SFFA7",
                "ts": "1638158848.024900"
            },
            {
                "user": "UG46Z57TN",
                "ts": "1638209999.040400"
            }
        ],
        "is_locked": false,
        "subscribed": true,
        "last_read": "1638209999.040400"
    },
    {
        "client_msg_id": "ef143ff7-4a78-422a-88ce-c18e132a8073",
        "type": "message",
        "text": "本当に sensitive なのは password だけなので",
        "user": "UG46Z57TN",
        "ts": "1637711564.017700",
        "blocks": [
            {
                "type": "rich_text",
                "block_id": "RGUkw",
                "elements": [
                    {
                        "type": "rich_text_section",
                        "elements": [
                            {
                                "type": "text",
                                "text": "本当に sensitive なのは password だけなので"
                            }
                        ]
                    }
                ]
            }
        ],
        "team": "TFU0BKCQP",
        "user_team": "TFU0BKCQP",
        "source_team": "TFU0BKCQP",
        "user_profile": {
            "avatar_hash": "c6bdd4cb17db",
            "image_72": "https:\/\/avatars.slack-edge.com\/2019-07-05\/685991185957_c6bdd4cb17db956661a1_72.jpg",
            "first_name": "Takeshi",
            "real_name": "Takeshi Kondo",
            "display_name": "chaspy",
            "team": "TFU0BKCQP",
            "name": "take.she12",
            "is_restricted": false,
            "is_ultra_restricted": false
        },
        "thread_ts": "1637711531.017500",
        "parent_user_id": "UG46Z57TN"
    },
    {
        "client_msg_id": "0140843f-26dc-4a48-a969-c5ec590b480f",
        "type": "message",
        "text": "バージョンアップｗ",
        "user": "UFU0BKD8F",
        "ts": "1637712588.017900",
        "blocks": [
            {
                "type": "rich_text",
                "block_id": "2cP6h",
                "elements": [
                    {
                        "type": "rich_text_section",
                        "elements": [
                            {
                                "type": "text",
                                "text": "バージョンアップｗ"
                            }
                        ]
                    }
                ]
            }
        ],
        "team": "TFU0BKCQP",
        "user_team": "TFU0BKCQP",
        "source_team": "TFU0BKCQP",
        "user_profile": {
            "avatar_hash": "92c41c62c7b0",
            "image_72": "https:\/\/avatars.slack-edge.com\/2019-01-30\/537137791812_92c41c62c7b0f054d3dd_72.jpg",
            "first_name": "らき",
            "real_name": "らき",
            "display_name": "raki",
            "team": "TFU0BKCQP",
            "name": "nishimuray",
            "is_restricted": false,
            "is_ultra_restricted": false
        },
        "thread_ts": "1637711531.017500",
        "parent_user_id": "UG46Z57TN"
    },
    {
        "client_msg_id": "2b980220-db42-4b56-9a19-d98e4e038893",
        "type": "message",
        "text": "13-&gt;14のvup作業中なのだ",
        "user": "UG46Z57TN",
        "ts": "1637712705.018100",
        "blocks": [
            {
                "type": "rich_text",
                "block_id": "BrQv",
                "elements": [
                    {
                        "type": "rich_text_section",
                        "elements": [
                            {
                                "type": "text",
                                "text": "13->14のvup作業中なのだ"
                            }
                        ]
                    }
                ]
            }
        ],
        "team": "TFU0BKCQP",
        "user_team": "TFU0BKCQP",
        "source_team": "TFU0BKCQP",
        "user_profile": {
            "avatar_hash": "c6bdd4cb17db",
            "image_72": "https:\/\/avatars.slack-edge.com\/2019-07-05\/685991185957_c6bdd4cb17db956661a1_72.jpg",
            "first_name": "Takeshi",
            "real_name": "Takeshi Kondo",
            "display_name": "chaspy",
            "team": "TFU0BKCQP",
            "name": "take.she12",
            "is_restricted": false,
            "is_ultra_restricted": false
        },
        "thread_ts": "1637711531.017500",
        "parent_user_id": "UG46Z57TN"
    },
    {
        "client_msg_id": "3b7f5d8a-c200-4afc-a75f-2e4cbb383627",
        "type": "message",
        "text": "format で作っちゃダメなの？",
        "user": "UFU0BKD8F",
        "ts": "1637712901.018300",
        "blocks": [
            {
                "type": "rich_text",
                "block_id": "Sod0",
                "elements": [
                    {
                        "type": "rich_text_section",
                        "elements": [
                            {
                                "type": "text",
                                "text": "format で作っちゃダメなの？"
                            }
                        ]
                    }
                ]
            }
        ],
        "team": "TFU0BKCQP",
        "user_team": "TFU0BKCQP",
        "source_team": "TFU0BKCQP",
        "user_profile": {
            "avatar_hash": "92c41c62c7b0",
            "image_72": "https:\/\/avatars.slack-edge.com\/2019-01-30\/537137791812_92c41c62c7b0f054d3dd_72.jpg",
            "first_name": "らき",
            "real_name": "らき",
            "display_name": "raki",
            "team": "TFU0BKCQP",
            "name": "nishimuray",
            "is_restricted": false,
            "is_ultra_restricted": false
        },
        "thread_ts": "1637711531.017500",
        "parent_user_id": "UG46Z57TN"
    },
    {
        "client_msg_id": "78780a17-e366-49a7-af8a-1ccb2decec40",
        "type": "message",
        "text": "```value = format(\"<postgresql:\/\/%s:%s@%s:5432\/%s>\",\n  ${var.redash_data[count.index].user},\n  ${var.redash_data[count.index].password},\n  ${var.redash_data[count.index].host},\n  ${var.redash_data[count.index].db_name\n)```\nこんなんでしょ？",
        "user": "UFU0BKD8F",
        "ts": "1637713027.018500",
        "blocks": [
            {
                "type": "rich_text",
                "block_id": "GfcM",
                "elements": [
                    {
                        "type": "rich_text_preformatted",
                        "elements": [
                            {
                                "type": "text",
                                "text": "value = format(\"postgresql:\/\/%s:%s@%s:5432\/%s\",\n  ${var.redash_data[count.index].user},\n  ${var.redash_data[count.index].password},\n  ${var.redash_data[count.index].host},\n  ${var.redash_data[count.index].db_name\n)"
                            }
                        ]
                    },
                    {
                        "type": "rich_text_section",
                        "elements": [
                            {
                                "type": "text",
                                "text": "こんなんでしょ？"
                            }
                        ]
                    }
                ]
            }
        ],
        "team": "TFU0BKCQP",
        "user_team": "TFU0BKCQP",
        "source_team": "TFU0BKCQP",
        "user_profile": {
            "avatar_hash": "92c41c62c7b0",
            "image_72": "https:\/\/avatars.slack-edge.com\/2019-01-30\/537137791812_92c41c62c7b0f054d3dd_72.jpg",
            "first_name": "らき",
            "real_name": "らき",
            "display_name": "raki",
            "team": "TFU0BKCQP",
            "name": "nishimuray",
            "is_restricted": false,
            "is_ultra_restricted": false
        },
        "thread_ts": "1637711531.017500",
        "parent_user_id": "UG46Z57TN"
    },
    {
        "client_msg_id": "e172d82c-c27d-42a2-b80e-85aeb7835f9f",
        "type": "message",
        "text": "toset する前に外で(localsで)作っちゃって持ってくればできそうな気がする？",
        "user": "UFU0BKD8F",
        "ts": "1637713068.018700",
        "blocks": [
            {
                "type": "rich_text",
                "block_id": "c\/6",
                "elements": [
                    {
                        "type": "rich_text_section",
                        "elements": [
                            {
                                "type": "text",
                                "text": "toset する前に外で(localsで)作っちゃって持ってくればできそうな気がする？"
                            }
                        ]
                    }
                ]
            }
        ],
        "team": "TFU0BKCQP",
        "user_team": "TFU0BKCQP",
        "source_team": "TFU0BKCQP",
        "user_profile": {
            "avatar_hash": "92c41c62c7b0",
            "image_72": "https:\/\/avatars.slack-edge.com\/2019-01-30\/537137791812_92c41c62c7b0f054d3dd_72.jpg",
            "first_name": "らき",
            "real_name": "らき",
            "display_name": "raki",
            "team": "TFU0BKCQP",
            "name": "nishimuray",
            "is_restricted": false,
            "is_ultra_restricted": false
        },
        "thread_ts": "1637711531.017500",
        "parent_user_id": "UG46Z57TN"
    },
    {
        "client_msg_id": "252f240e-30c3-4d8f-b5ba-22def71129cb",
        "type": "message",
        "text": "あるいは最初から置き換える。。。？\n<https:\/\/registry.terraform.io\/providers\/snowplow-devops\/redash\/latest\/docs\/resources\/data_source>",
        "user": "UFU0BKD8F",
        "ts": "1637713158.018900",
        "blocks": [
            {
                "type": "rich_text",
                "block_id": "tolKz",
                "elements": [
                    {
                        "type": "rich_text_section",
                        "elements": [
                            {
                                "type": "text",
                                "text": "あるいは最初から置き換える。。。？\n"
                            },
                            {
                                "type": "link",
                                "url": "https:\/\/registry.terraform.io\/providers\/snowplow-devops\/redash\/latest\/docs\/resources\/data_source"
                            }
                        ]
                    }
                ]
            }
        ],
        "team": "TFU0BKCQP",
        "user_team": "TFU0BKCQP",
        "source_team": "TFU0BKCQP",
        "user_profile": {
            "avatar_hash": "92c41c62c7b0",
            "image_72": "https:\/\/avatars.slack-edge.com\/2019-01-30\/537137791812_92c41c62c7b0f054d3dd_72.jpg",
            "first_name": "らき",
            "real_name": "らき",
            "display_name": "raki",
            "team": "TFU0BKCQP",
            "name": "nishimuray",
            "is_restricted": false,
            "is_ultra_restricted": false
        },
        "thread_ts": "1637711531.017500",
        "parent_user_id": "UG46Z57TN"
    },
    {
        "client_msg_id": "775ff923-399d-47fb-a95a-a947e5c79c09",
        "type": "message",
        "text": "あ、それがしたかった＜format",
        "user": "UG46Z57TN",
        "ts": "1637713296.019100",
        "blocks": [
            {
                "type": "rich_text",
                "block_id": "oyaC",
                "elements": [
                    {
                        "type": "rich_text_section",
                        "elements": [
                            {
                                "type": "text",
                                "text": "あ、それがしたかった＜format"
                            }
                        ]
                    }
                ]
            }
        ],
        "team": "TFU0BKCQP",
        "user_team": "TFU0BKCQP",
        "source_team": "TFU0BKCQP",
        "user_profile": {
            "avatar_hash": "c6bdd4cb17db",
            "image_72": "https:\/\/avatars.slack-edge.com\/2019-07-05\/685991185957_c6bdd4cb17db956661a1_72.jpg",
            "first_name": "Takeshi",
            "real_name": "Takeshi Kondo",
            "display_name": "chaspy",
            "team": "TFU0BKCQP",
            "name": "take.she12",
            "is_restricted": false,
            "is_ultra_restricted": false
        },
        "thread_ts": "1637711531.017500",
        "parent_user_id": "UG46Z57TN",
        "reactions": [
            {
                "name": "+1",
                "users": [
                    "UFU0BKD8F"
                ],
                "count": 1
            }
        ]
    },
    {
        "client_msg_id": "5ea65460-80ac-44e4-b893-dc0e1f3ebb73",
        "type": "message",
        "text": "format でもだめすね。。。\n```Error: Invalid dynamic for_each value\n\n  on modules\/eks-system-component-v3\/redash.tf line 41, in resource \"helm_release\" \"redash\":\n  41:     for_each = toset(concat([\n  42:       {\n  43:         name  = \"externalPostgreSQL\"\n  44:         value = format(\"<postgresql:\/\/%s:%s@%s:5432\/%s>\", var.redash_data[count.index].user, var.redash_data[count.index].password, var.redash_data[count.index].host, var.redash_data[count.index].db_name)\n  45:       },\n...\n\nCannot use a set of object value in for_each. An iterable collection is\nrequired.```\n",
        "user": "UG46Z57TN",
        "ts": "1637713623.019400",
        "blocks": [
            {
                "type": "rich_text",
                "block_id": "JZA1p",
                "elements": [
                    {
                        "type": "rich_text_section",
                        "elements": [
                            {
                                "type": "text",
                                "text": "format でもだめすね。。。\n"
                            }
                        ]
                    },
                    {
                        "type": "rich_text_preformatted",
                        "elements": [
                            {
                                "type": "text",
                                "text": "Error: Invalid dynamic for_each value\n\n  on modules\/eks-system-component-v3\/redash.tf line 41, in resource \"helm_release\" \"redash\":\n  41:     for_each = toset(concat([\n  42:       {\n  43:         name  = \"externalPostgreSQL\"\n  44:         value = format(\"postgresql:\/\/%s:%s@%s:5432\/%s\", var.redash_data[count.index].user, var.redash_data[count.index].password, var.redash_data[count.index].host, var.redash_data[count.index].db_name)\n  45:       },\n...\n\nCannot use a set of object value in for_each. An iterable collection is\nrequired."
                            }
                        ]
                    },
                    {
                        "type": "rich_text_section",
                        "elements": []
                    }
                ]
            }
        ],
        "team": "TFU0BKCQP",
        "user_team": "TFU0BKCQP",
        "source_team": "TFU0BKCQP",
        "user_profile": {
            "avatar_hash": "c6bdd4cb17db",
            "image_72": "https:\/\/avatars.slack-edge.com\/2019-07-05\/685991185957_c6bdd4cb17db956661a1_72.jpg",
            "first_name": "Takeshi",
            "real_name": "Takeshi Kondo",
            "display_name": "chaspy",
            "team": "TFU0BKCQP",
            "name": "take.she12",
            "is_restricted": false,
            "is_ultra_restricted": false
        },
        "thread_ts": "1637711531.017500",
        "parent_user_id": "UG46Z57TN",
        "reactions": [
            {
                "name": "thinking_face",
                "users": [
                    "UFU0BKD8F"
                ],
                "count": 1
            }
        ]
    },
    {
        "client_msg_id": "e97055cb-da39-43e1-88b3-65705af42077",
        "type": "message",
        "text": "format でつなごうが for_each に value に複数 variable を参照して set はできない模様",
        "user": "UG46Z57TN",
        "ts": "1637713666.019600",
        "blocks": [
            {
                "type": "rich_text",
                "block_id": "cn4",
                "elements": [
                    {
                        "type": "rich_text_section",
                        "elements": [
                            {
                                "type": "text",
                                "text": "format でつなごうが for_each に value に複数 variable を参照して set はできない模様"
                            }
                        ]
                    }
                ]
            }
        ],
        "team": "TFU0BKCQP",
        "user_team": "TFU0BKCQP",
        "source_team": "TFU0BKCQP",
        "user_profile": {
            "avatar_hash": "c6bdd4cb17db",
            "image_72": "https:\/\/avatars.slack-edge.com\/2019-07-05\/685991185957_c6bdd4cb17db956661a1_72.jpg",
            "first_name": "Takeshi",
            "real_name": "Takeshi Kondo",
            "display_name": "chaspy",
            "team": "TFU0BKCQP",
            "name": "take.she12",
            "is_restricted": false,
            "is_ultra_restricted": false
        },
        "thread_ts": "1637711531.017500",
        "parent_user_id": "UG46Z57TN"
    },
    {
        "client_msg_id": "92f892d0-f772-45b5-a98c-49691faa0a28",
        "type": "message",
        "text": "for_each の外で作ればいいんだけど",
        "user": "UG46Z57TN",
        "ts": "1637714086.019800",
        "blocks": [
            {
                "type": "rich_text",
                "block_id": "H8L",
                "elements": [
                    {
                        "type": "rich_text_section",
                        "elements": [
                            {
                                "type": "text",
                                "text": "for_each の外で作ればいいんだけど"
                            }
                        ]
                    }
                ]
            }
        ],
        "team": "TFU0BKCQP",
        "user_team": "TFU0BKCQP",
        "source_team": "TFU0BKCQP",
        "user_profile": {
            "avatar_hash": "c6bdd4cb17db",
            "image_72": "https:\/\/avatars.slack-edge.com\/2019-07-05\/685991185957_c6bdd4cb17db956661a1_72.jpg",
            "first_name": "Takeshi",
            "real_name": "Takeshi Kondo",
            "display_name": "chaspy",
            "team": "TFU0BKCQP",
            "name": "take.she12",
            "is_restricted": false,
            "is_ultra_restricted": false
        },
        "thread_ts": "1637711531.017500",
        "parent_user_id": "UG46Z57TN"
    },
    {
        "client_msg_id": "e8aa6a1c-d69c-493e-b2fa-bb221c5ce8f1",
        "type": "message",
        "text": "redash_data っていう object の list をまわしているので",
        "user": "UG46Z57TN",
        "ts": "1637714163.020100",
        "blocks": [
            {
                "type": "rich_text",
                "block_id": "kR+RK",
                "elements": [
                    {
                        "type": "rich_text_section",
                        "elements": [
                            {
                                "type": "text",
                                "text": "redash_data っていう object の list をまわしているので"
                            }
                        ]
                    }
                ]
            }
        ],
        "team": "TFU0BKCQP",
        "user_team": "TFU0BKCQP",
        "source_team": "TFU0BKCQP",
        "user_profile": {
            "avatar_hash": "c6bdd4cb17db",
            "image_72": "https:\/\/avatars.slack-edge.com\/2019-07-05\/685991185957_c6bdd4cb17db956661a1_72.jpg",
            "first_name": "Takeshi",
            "real_name": "Takeshi Kondo",
            "display_name": "chaspy",
            "team": "TFU0BKCQP",
            "name": "take.she12",
            "is_restricted": false,
            "is_ultra_restricted": false
        },
        "edited": {
            "user": "UG46Z57TN",
            "ts": "1637714174.000000"
        },
        "thread_ts": "1637711531.017500",
        "parent_user_id": "UG46Z57TN"
    },
    {
        "client_msg_id": "43df1ca8-3552-4300-bb95-54b25c987847",
        "type": "message",
        "text": "resource block で count してる状態で自由に変数くっつけたいんだが",
        "user": "UG46Z57TN",
        "ts": "1637714203.020400",
        "blocks": [
            {
                "type": "rich_text",
                "block_id": "+hUz",
                "elements": [
                    {
                        "type": "rich_text_section",
                        "elements": [
                            {
                                "type": "text",
                                "text": "resource block で count してる状態で自由に変数くっつけたいんだが"
                            }
                        ]
                    }
                ]
            }
        ],
        "team": "TFU0BKCQP",
        "user_team": "TFU0BKCQP",
        "source_team": "TFU0BKCQP",
        "user_profile": {
            "avatar_hash": "c6bdd4cb17db",
            "image_72": "https:\/\/avatars.slack-edge.com\/2019-07-05\/685991185957_c6bdd4cb17db956661a1_72.jpg",
            "first_name": "Takeshi",
            "real_name": "Takeshi Kondo",
            "display_name": "chaspy",
            "team": "TFU0BKCQP",
            "name": "take.she12",
            "is_restricted": false,
            "is_ultra_restricted": false
        },
        "thread_ts": "1637711531.017500",
        "parent_user_id": "UG46Z57TN"
    },
    {
        "client_msg_id": "8c02a05a-5b4f-4e99-ae5f-b97c13f81976",
        "type": "message",
        "text": "最悪これだけ for_each からはずせばええという話ではあるな。",
        "user": "UG46Z57TN",
        "ts": "1637714789.020600",
        "blocks": [
            {
                "type": "rich_text",
                "block_id": "PCKb",
                "elements": [
                    {
                        "type": "rich_text_section",
                        "elements": [
                            {
                                "type": "text",
                                "text": "最悪これだけ for_each からはずせばええという話ではあるな。"
                            }
                        ]
                    }
                ]
            }
        ],
        "team": "TFU0BKCQP",
        "user_team": "TFU0BKCQP",
        "source_team": "TFU0BKCQP",
        "user_profile": {
            "avatar_hash": "c6bdd4cb17db",
            "image_72": "https:\/\/avatars.slack-edge.com\/2019-07-05\/685991185957_c6bdd4cb17db956661a1_72.jpg",
            "first_name": "Takeshi",
            "real_name": "Takeshi Kondo",
            "display_name": "chaspy",
            "team": "TFU0BKCQP",
            "name": "take.she12",
            "is_restricted": false,
            "is_ultra_restricted": false
        },
        "thread_ts": "1637711531.017500",
        "parent_user_id": "UG46Z57TN"
    },
    {
        "client_msg_id": "69c69c09-c17e-4ad6-a284-0178af5f5a26",
        "type": "message",
        "text": "なんだろう、、、エラーメッセージ的には文字列の連結が問題じゃない気がするんだけど。。。\n試しに value = var.redash_data[count.index].user にしても同じエラーになるかしら？",
        "user": "UFU0BKD8F",
        "ts": "1637714828.020800",
        "blocks": [
            {
                "type": "rich_text",
                "block_id": "DgPP",
                "elements": [
                    {
                        "type": "rich_text_section",
                        "elements": [
                            {
                                "type": "text",
                                "text": "なんだろう、、、エラーメッセージ的には文字列の連結が問題じゃない気がするんだけど。。。\n試しに value = var.redash_data[count.index].user にしても同じエラーになるかしら？"
                            }
                        ]
                    }
                ]
            }
        ],
        "team": "TFU0BKCQP",
        "user_team": "TFU0BKCQP",
        "source_team": "TFU0BKCQP",
        "user_profile": {
            "avatar_hash": "92c41c62c7b0",
            "image_72": "https:\/\/avatars.slack-edge.com\/2019-01-30\/537137791812_92c41c62c7b0f054d3dd_72.jpg",
            "first_name": "らき",
            "real_name": "らき",
            "display_name": "raki",
            "team": "TFU0BKCQP",
            "name": "nishimuray",
            "is_restricted": false,
            "is_ultra_restricted": false
        },
        "thread_ts": "1637711531.017500",
        "parent_user_id": "UG46Z57TN"
    },
    {
        "client_msg_id": "bcec4713-e454-4ca6-b0e0-105d924385d2",
        "type": "message",
        "text": "それ（参照してるvarが1つ）だったらエラーにならなかったんでこの結論になりました",
        "user": "UG46Z57TN",
        "ts": "1637715540.021000",
        "blocks": [
            {
                "type": "rich_text",
                "block_id": "8bl",
                "elements": [
                    {
                        "type": "rich_text_section",
                        "elements": [
                            {
                                "type": "text",
                                "text": "それ（参照してるvarが1つ）だったらエラーにならなかったんでこの結論になりました"
                            }
                        ]
                    }
                ]
            }
        ],
        "team": "TFU0BKCQP",
        "user_team": "TFU0BKCQP",
        "source_team": "TFU0BKCQP",
        "user_profile": {
            "avatar_hash": "c6bdd4cb17db",
            "image_72": "https:\/\/avatars.slack-edge.com\/2019-07-05\/685991185957_c6bdd4cb17db956661a1_72.jpg",
            "first_name": "Takeshi",
            "real_name": "Takeshi Kondo",
            "display_name": "chaspy",
            "team": "TFU0BKCQP",
            "name": "take.she12",
            "is_restricted": false,
            "is_ultra_restricted": false
        },
        "edited": {
            "user": "UG46Z57TN",
            "ts": "1637715571.000000"
        },
        "thread_ts": "1637711531.017500",
        "parent_user_id": "UG46Z57TN"
    },
    {
        "client_msg_id": "7d8a0e9a-e5f8-4b1e-935e-a3e6bccf308a",
        "type": "message",
        "text": "count.index がダメ？",
        "user": "UFU0BKD8F",
        "ts": "1637715641.021400",
        "blocks": [
            {
                "type": "rich_text",
                "block_id": "S\/N",
                "elements": [
                    {
                        "type": "rich_text_section",
                        "elements": [
                            {
                                "type": "text",
                                "text": "count.index がダメ？"
                            }
                        ]
                    }
                ]
            }
        ],
        "team": "TFU0BKCQP",
        "user_team": "TFU0BKCQP",
        "source_team": "TFU0BKCQP",
        "user_profile": {
            "avatar_hash": "92c41c62c7b0",
            "image_72": "https:\/\/avatars.slack-edge.com\/2019-01-30\/537137791812_92c41c62c7b0f054d3dd_72.jpg",
            "first_name": "らき",
            "real_name": "らき",
            "display_name": "raki",
            "team": "TFU0BKCQP",
            "name": "nishimuray",
            "is_restricted": false,
            "is_ultra_restricted": false
        },
        "thread_ts": "1637711531.017500",
        "parent_user_id": "UG46Z57TN"
    },
    {
        "client_msg_id": "21c84eb8-cb7d-412a-ac69-9d1a942d3781",
        "type": "message",
        "text": "count_index は他の場所で使ってて通ってるのでそれは問題ない",
        "user": "UG46Z57TN",
        "ts": "1637715853.021600",
        "blocks": [
            {
                "type": "rich_text",
                "block_id": "ASmC5",
                "elements": [
                    {
                        "type": "rich_text_section",
                        "elements": [
                            {
                                "type": "text",
                                "text": "count_index は他の場所で使ってて通ってるのでそれは問題ない"
                            }
                        ]
                    }
                ]
            }
        ],
        "team": "TFU0BKCQP",
        "user_team": "TFU0BKCQP",
        "source_team": "TFU0BKCQP",
        "user_profile": {
            "avatar_hash": "c6bdd4cb17db",
            "image_72": "https:\/\/avatars.slack-edge.com\/2019-07-05\/685991185957_c6bdd4cb17db956661a1_72.jpg",
            "first_name": "Takeshi",
            "real_name": "Takeshi Kondo",
            "display_name": "chaspy",
            "team": "TFU0BKCQP",
            "name": "take.she12",
            "is_restricted": false,
            "is_ultra_restricted": false
        },
        "thread_ts": "1637711531.017500",
        "parent_user_id": "UG46Z57TN"
    },
    {
        "client_msg_id": "9aaf4683-0ccb-4fe8-bce2-412684dd86de",
        "type": "message",
        "text": "リソースの全体を見ないとアレだけど、リソースで count してるから index が使えるってのはいいけど、\nfor_each が一緒にいたら、リソースの count 毎に for_each が動くのかなって。\n```value = count.index```\nにしたらリソースカウント毎に全部の値が入ってるのかなぁって思った次第。。。",
        "user": "UFU0BKD8F",
        "ts": "1637716255.021800",
        "blocks": [
            {
                "type": "rich_text",
                "block_id": "+FdF",
                "elements": [
                    {
                        "type": "rich_text_section",
                        "elements": [
                            {
                                "type": "text",
                                "text": "リソースの全体を見ないとアレだけど、リソースで count してるから index が使えるってのはいいけど、\nfor_each が一緒にいたら、リソースの count 毎に for_each が動くのかなって。\n"
                            }
                        ]
                    },
                    {
                        "type": "rich_text_preformatted",
                        "elements": [
                            {
                                "type": "text",
                                "text": "value = count.index"
                            }
                        ]
                    },
                    {
                        "type": "rich_text_section",
                        "elements": [
                            {
                                "type": "text",
                                "text": "にしたらリソースカウント毎に全部の値が入ってるのかなぁって思った次第。。。"
                            }
                        ]
                    }
                ]
            }
        ],
        "team": "TFU0BKCQP",
        "user_team": "TFU0BKCQP",
        "source_team": "TFU0BKCQP",
        "user_profile": {
            "avatar_hash": "92c41c62c7b0",
            "image_72": "https:\/\/avatars.slack-edge.com\/2019-01-30\/537137791812_92c41c62c7b0f054d3dd_72.jpg",
            "first_name": "らき",
            "real_name": "らき",
            "display_name": "raki",
            "team": "TFU0BKCQP",
            "name": "nishimuray",
            "is_restricted": false,
            "is_ultra_restricted": false
        },
        "thread_ts": "1637711531.017500",
        "parent_user_id": "UG46Z57TN"
    }
]