[
    {
        "client_msg_id": "69445603-c910-4ba7-8ee9-2963de33048a",
        "type": "message",
        "text": "GCPをTerraformで管理する際の方法について二つ質問させてください。\n\n1. 認証情報の取り扱い\ngoogleプロバイダのドキュメントでは下記の二種類の方法が提示されていると解釈しました\n• サービスアカウントのjsonキーを発行してダウンロードし、pathで指定する方法\n• gcloudコマンドを通じてブラウザで認証し、認証後に発行されるsecretをgcloudコマンドのプロンプトに入力してユーザアカウントに紐づく認証情報をgcloudコマンドに引き換えさせ、それを使う方法\n前者では実装者が増えるたびにサービスアカウントとjsonを都度発行する手間が、後者ではgcloudコマンドを入れなければならない手間があると思います。\nterraformだけで後者の、ユーザアカウントとしてブラウザを通じた認証をするようなことはできないのでしょうか。\nあるいは、ほかにもっと良い方法はありませんでしょうか。\n\n1. Firebaseの設定値\n今回管理したいGCPのリソースは主にBigQueryやFirebaseなどなのですが、BigQueryはともかく、\nもしかしてFirebaseってprojectを作成するところまではできてもその中の設定値まで変更する手段がリファレンスを見る限りなさそうなのですが、もしかして本当にないんでしょうか…？\n\n以上、ご教授いただけますと幸いです。よろしくお願いします。",
        "user": "UQT52H29G",
        "ts": "1636443392.004000",
        "blocks": [
            {
                "type": "rich_text",
                "block_id": "afx",
                "elements": [
                    {
                        "type": "rich_text_section",
                        "elements": [
                            {
                                "type": "text",
                                "text": "GCPをTerraformで管理する際の方法について二つ質問させてください。\n\n"
                            }
                        ]
                    },
                    {
                        "type": "rich_text_list",
                        "elements": [
                            {
                                "type": "rich_text_section",
                                "elements": [
                                    {
                                        "type": "text",
                                        "text": "認証情報の取り扱い"
                                    }
                                ]
                            }
                        ],
                        "style": "ordered",
                        "indent": 0,
                        "border": 0
                    },
                    {
                        "type": "rich_text_section",
                        "elements": [
                            {
                                "type": "text",
                                "text": "googleプロバイダのドキュメントでは下記の二種類の方法が提示されていると解釈しました\n"
                            }
                        ]
                    },
                    {
                        "type": "rich_text_list",
                        "elements": [
                            {
                                "type": "rich_text_section",
                                "elements": [
                                    {
                                        "type": "text",
                                        "text": "サービスアカウントのjsonキーを発行してダウンロードし、pathで指定する方法"
                                    }
                                ]
                            },
                            {
                                "type": "rich_text_section",
                                "elements": [
                                    {
                                        "type": "text",
                                        "text": "gcloudコマンドを通じてブラウザで認証し、認証後に発行されるsecretをgcloudコマンドのプロンプトに入力してユーザアカウントに紐づく認証情報をgcloudコマンドに引き換えさせ、それを使う方法"
                                    }
                                ]
                            }
                        ],
                        "style": "bullet",
                        "indent": 0,
                        "border": 0
                    },
                    {
                        "type": "rich_text_section",
                        "elements": [
                            {
                                "type": "text",
                                "text": "\n前者では実装者が増えるたびにサービスアカウントとjsonを都度発行する手間が、後者ではgcloudコマンドを入れなければならない手間があると思います。\nterraformだけで後者の、ユーザアカウントとしてブラウザを通じた認証をするようなことはできないのでしょうか。\nあるいは、ほかにもっと良い方法はありませんでしょうか。\n\n"
                            }
                        ]
                    },
                    {
                        "type": "rich_text_list",
                        "elements": [
                            {
                                "type": "rich_text_section",
                                "elements": [
                                    {
                                        "type": "text",
                                        "text": "Firebaseの設定値"
                                    }
                                ]
                            }
                        ],
                        "style": "ordered",
                        "indent": 0,
                        "border": 0
                    },
                    {
                        "type": "rich_text_section",
                        "elements": [
                            {
                                "type": "text",
                                "text": "今回管理したいGCPのリソースは主にBigQueryやFirebaseなどなのですが、BigQueryはともかく、\nもしかしてFirebaseってprojectを作成するところまではできてもその中の設定値まで変更する手段がリファレンスを見る限りなさそうなのですが、もしかして本当にないんでしょうか…？\n\n以上、ご教授いただけますと幸いです。よろしくお願いします。"
                            }
                        ]
                    }
                ]
            }
        ],
        "team": "TFU0BKCQP",
        "user_team": "TFU0BKCQP",
        "source_team": "TFU0BKCQP",
        "user_profile": {
            "avatar_hash": "gd60bbe66cfd",
            "image_72": "https:\/\/secure.gravatar.com\/avatar\/d60bbe66cfd79bbb250bad66a706f939.jpg?s=72&d=https%3A%2F%2Fa.slack-edge.com%2Fdf10d%2Fimg%2Favatars%2Fava_0011-72.png",
            "first_name": "",
            "real_name": "fusagiko",
            "display_name": "fusagiko",
            "team": "TFU0BKCQP",
            "name": "fsgiko",
            "is_restricted": false,
            "is_ultra_restricted": false
        },
        "edited": {
            "user": "UQT52H29G",
            "ts": "1636443401.000000"
        },
        "thread_ts": "1636443392.004000",
        "reply_count": 8,
        "reply_users_count": 5,
        "latest_reply": "1636522935.007600",
        "reply_users": [
            "U01GAQPRFQB",
            "U012X6FSHC7",
            "UFU0BKD8F",
            "UQT52H29G",
            "U029HDK176Y"
        ],
        "replies": [
            {
                "user": "U01GAQPRFQB",
                "ts": "1636443714.004200"
            },
            {
                "user": "U012X6FSHC7",
                "ts": "1636443724.004400"
            },
            {
                "user": "UFU0BKD8F",
                "ts": "1636444078.004600"
            },
            {
                "user": "UQT52H29G",
                "ts": "1636444706.004800"
            },
            {
                "user": "UQT52H29G",
                "ts": "1636446272.005100"
            },
            {
                "user": "U01GAQPRFQB",
                "ts": "1636447391.005400"
            },
            {
                "user": "U029HDK176Y",
                "ts": "1636504296.005600"
            },
            {
                "user": "UQT52H29G",
                "ts": "1636522935.007600"
            }
        ],
        "is_locked": false,
        "subscribed": true,
        "last_read": "1636522935.007600"
    },
    {
        "client_msg_id": "885ba27c-bb22-4f10-b7e5-c17cd4da889b",
        "type": "message",
        "text": "【1. 認証情報の取り扱い】\n&gt; terraformだけで後者の、ユーザアカウントとしてブラウザを通じた認証をするようなことはできないのでしょうか。\n可能です。google terraform providerでサービスアカウントを明示的に指定しない場合、terraformはApplication Default Credentialsを利用するので、gcloudコマンドを実行するのと同じユーザアカウントでgoogle cloudのリソースを操作できます。",
        "user": "U01GAQPRFQB",
        "ts": "1636443714.004200",
        "blocks": [
            {
                "type": "rich_text",
                "block_id": "zOV",
                "elements": [
                    {
                        "type": "rich_text_section",
                        "elements": [
                            {
                                "type": "text",
                                "text": "【1. 認証情報の取り扱い】\n"
                            }
                        ]
                    },
                    {
                        "type": "rich_text_quote",
                        "elements": [
                            {
                                "type": "text",
                                "text": "terraformだけで後者の、ユーザアカウントとしてブラウザを通じた認証をするようなことはできないのでしょうか。"
                            }
                        ]
                    },
                    {
                        "type": "rich_text_section",
                        "elements": [
                            {
                                "type": "text",
                                "text": "可能です。google terraform providerでサービスアカウントを明示的に指定しない場合、terraformはApplication Default Credentialsを利用するので、gcloudコマンドを実行するのと同じユーザアカウントでgoogle cloudのリソースを操作できます。"
                            }
                        ]
                    }
                ]
            }
        ],
        "team": "TFU0BKCQP",
        "user_team": "TFU0BKCQP",
        "source_team": "TFU0BKCQP",
        "user_profile": {
            "avatar_hash": "6ab6c226f11c",
            "image_72": "https:\/\/avatars.slack-edge.com\/2021-11-09\/2702170171539_6ab6c226f11cae0ecec4_72.png",
            "first_name": "",
            "real_name": "Sho Ishii",
            "display_name": "Sho Ishii",
            "team": "TFU0BKCQP",
            "name": "s_ishii",
            "is_restricted": false,
            "is_ultra_restricted": false
        },
        "thread_ts": "1636443392.004000",
        "parent_user_id": "UQT52H29G"
    },
    {
        "client_msg_id": "761cf3d3-603b-43b5-bb86-e3e201e1c304",
        "type": "message",
        "text": "Firebaseは私も試みたことありますが、確かそれっぽいのなかった気がしますねー",
        "user": "U012X6FSHC7",
        "ts": "1636443724.004400",
        "blocks": [
            {
                "type": "rich_text",
                "block_id": "DGs",
                "elements": [
                    {
                        "type": "rich_text_section",
                        "elements": [
                            {
                                "type": "text",
                                "text": "Firebaseは私も試みたことありますが、確かそれっぽいのなかった気がしますねー"
                            }
                        ]
                    }
                ]
            }
        ],
        "team": "TFU0BKCQP",
        "user_team": "TFU0BKCQP",
        "source_team": "TFU0BKCQP",
        "user_profile": {
            "avatar_hash": "4ac725839cd3",
            "image_72": "https:\/\/avatars.slack-edge.com\/2020-05-09\/1107231314694_4ac725839cd365fcfdd1_72.jpg",
            "first_name": "Taisei",
            "real_name": "Taisei Ito",
            "display_name": "kaedemalu",
            "team": "TFU0BKCQP",
            "name": "kaedemalu",
            "is_restricted": false,
            "is_ultra_restricted": false
        },
        "thread_ts": "1636443392.004000",
        "parent_user_id": "UQT52H29G"
    },
    {
        "client_msg_id": "715d8448-3ccf-41ec-be4d-a6f6f9e4aa3a",
        "type": "message",
        "text": "こういう感じの話ではなくて？\n<https:\/\/firebase.google.cn\/docs\/firestore\/solutions\/automate-database-create?hl=ja>",
        "user": "UFU0BKD8F",
        "ts": "1636444078.004600",
        "blocks": [
            {
                "type": "rich_text",
                "block_id": "mQpOu",
                "elements": [
                    {
                        "type": "rich_text_section",
                        "elements": [
                            {
                                "type": "text",
                                "text": "こういう感じの話ではなくて？\n"
                            },
                            {
                                "type": "link",
                                "url": "https:\/\/firebase.google.cn\/docs\/firestore\/solutions\/automate-database-create?hl=ja"
                            }
                        ]
                    }
                ]
            }
        ],
        "team": "TFU0BKCQP",
        "user_team": "TFU0BKCQP",
        "source_team": "TFU0BKCQP",
        "user_profile": {
            "avatar_hash": "92c41c62c7b0",
            "image_72": "https:\/\/avatars.slack-edge.com\/2019-01-30\/537137791812_92c41c62c7b0f054d3dd_72.jpg",
            "first_name": "らき",
            "real_name": "らき",
            "display_name": "raki",
            "team": "TFU0BKCQP",
            "name": "nishimuray",
            "is_restricted": false,
            "is_ultra_restricted": false
        },
        "thread_ts": "1636443392.004000",
        "parent_user_id": "UQT52H29G"
    },
    {
        "client_msg_id": "ff31a667-696e-44df-99b2-c1f8c334a5f5",
        "type": "message",
        "text": "今回管理するサービスが、AWSメインであって、BigQueryなど部分的にGCP使うという感じなので新しい人にgcloudコマンドをインストールする手間をかけさせたくない、という主旨なのですがgcloudコマンドをインストールせずともそのログインフローができるのでしょうか？\n<https:\/\/terraform-jp.slack.com\/archives\/CFTUV1SSW\/p1636443714004200?thread_ts=1636443392.004000&amp;cid=CFTUV1SSW>",
        "user": "UQT52H29G",
        "ts": "1636444706.004800",
        "blocks": [
            {
                "type": "rich_text",
                "block_id": "sD6",
                "elements": [
                    {
                        "type": "rich_text_section",
                        "elements": [
                            {
                                "type": "text",
                                "text": "今回管理するサービスが、AWSメインであって、BigQueryなど部分的にGCP使うという感じなので新しい人にgcloudコマンドをインストールする手間をかけさせたくない、という主旨なのですがgcloudコマンドをインストールせずともそのログインフローができるのでしょうか？\n"
                            },
                            {
                                "type": "link",
                                "url": "https:\/\/terraform-jp.slack.com\/archives\/CFTUV1SSW\/p1636443714004200?thread_ts=1636443392.004000&cid=CFTUV1SSW"
                            }
                        ]
                    }
                ]
            }
        ],
        "team": "TFU0BKCQP",
        "user_team": "TFU0BKCQP",
        "source_team": "TFU0BKCQP",
        "user_profile": {
            "avatar_hash": "gd60bbe66cfd",
            "image_72": "https:\/\/secure.gravatar.com\/avatar\/d60bbe66cfd79bbb250bad66a706f939.jpg?s=72&d=https%3A%2F%2Fa.slack-edge.com%2Fdf10d%2Fimg%2Favatars%2Fava_0011-72.png",
            "first_name": "",
            "real_name": "fusagiko",
            "display_name": "fusagiko",
            "team": "TFU0BKCQP",
            "name": "fsgiko",
            "is_restricted": false,
            "is_ultra_restricted": false
        },
        "attachments": [
            {
                "from_url": "https:\/\/terraform-jp.slack.com\/archives\/CFTUV1SSW\/p1636443714004200?thread_ts=1636443392.004000&amp;cid=CFTUV1SSW",
                "fallback": "[November 8th, 2021 11:41 PM] s_ishii: 【1. 認証情報の取り扱い】\n&gt; terraformだけで後者の、ユーザアカウントとしてブラウザを通じた認証をするようなことはできないのでしょうか。\n可能です。google terraform providerでサービスアカウントを明示的に指定しない場合、terraformはApplication Default Credentialsを利用するので、gcloudコマンドを実行するのと同じユーザアカウントでgoogle cloudのリソースを操作できます。",
                "ts": "1636443714.004200",
                "author_id": "U01GAQPRFQB",
                "author_subname": "Sho Ishii",
                "channel_team": "TFU0BKCQP",
                "channel_id": "CFTUV1SSW",
                "channel_name": "質問",
                "is_msg_unfurl": true,
                "is_reply_unfurl": true,
                "text": "【1. 認証情報の取り扱い】\n&gt; terraformだけで後者の、ユーザアカウントとしてブラウザを通じた認証をするようなことはできないのでしょうか。\n可能です。google terraform providerでサービスアカウントを明示的に指定しない場合、terraformはApplication Default Credentialsを利用するので、gcloudコマンドを実行するのと同じユーザアカウントでgoogle cloudのリソースを操作できます。",
                "message_blocks": [
                    {
                        "team": "TFU0BKCQP",
                        "channel": "CFTUV1SSW",
                        "ts": "1636443714.004200",
                        "message": {
                            "blocks": [
                                {
                                    "type": "rich_text",
                                    "block_id": "zOV",
                                    "elements": [
                                        {
                                            "type": "rich_text_section",
                                            "elements": [
                                                {
                                                    "type": "text",
                                                    "text": "【1. 認証情報の取り扱い】\n"
                                                }
                                            ]
                                        },
                                        {
                                            "type": "rich_text_quote",
                                            "elements": [
                                                {
                                                    "type": "text",
                                                    "text": "terraformだけで後者の、ユーザアカウントとしてブラウザを通じた認証をするようなことはできないのでしょうか。"
                                                }
                                            ]
                                        },
                                        {
                                            "type": "rich_text_section",
                                            "elements": [
                                                {
                                                    "type": "text",
                                                    "text": "可能です。google terraform providerでサービスアカウントを明示的に指定しない場合、terraformはApplication Default Credentialsを利用するので、gcloudコマンドを実行するのと同じユーザアカウントでgoogle cloudのリソースを操作できます。"
                                                }
                                            ]
                                        }
                                    ]
                                }
                            ]
                        }
                    }
                ],
                "author_name": "Sho Ishii",
                "author_link": "https:\/\/terraform-jp.slack.com\/team\/U01GAQPRFQB",
                "author_icon": "https:\/\/avatars.slack-edge.com\/2021-11-09\/2702170171539_6ab6c226f11cae0ecec4_48.png",
                "mrkdwn_in": [
                    "text"
                ],
                "id": 1,
                "original_url": "https:\/\/terraform-jp.slack.com\/archives\/CFTUV1SSW\/p1636443714004200?thread_ts=1636443392.004000&amp;cid=CFTUV1SSW",
                "footer": "#質問 のスレッドから"
            }
        ],
        "thread_ts": "1636443392.004000",
        "parent_user_id": "UQT52H29G"
    }
]