[
    {
        "client_msg_id": "121c1350-4f3d-44e6-ba23-8413bf353753",
        "type": "message",
        "text": "```#!\/bin\/bash -eo pipefail\ncircle-ghc -c -- terraform plan -out=tfplan ${TF_PATH}\nprovider.datadog.api_key\n  Enter a value: \nprovider.datadog.app_key\n  Enter a value: \nRefreshing Terraform state in-memory prior to plan...\nThe refreshed state will be used to calculate this plan, but will not be\npersisted to local or remote state storage.\n\n\nError: Invalid or missing credentials provided to the Datadog Provider. Please confirm your API and APP keys are valid and see <https:\/\/terraform.io\/docs\/providers\/datadog\/index.html> for more information on providing credentials for the Datadog Provider\n\n  on &lt;input-prompt&gt; line 1:\n  (source code not available)```",
        "user": "UG46Z57TN",
        "ts": "1582341708.014200",
        "team": "TFU0BKCQP",
        "user_team": "TFU0BKCQP",
        "source_team": "TFU0BKCQP",
        "user_profile": {
            "avatar_hash": "c6bdd4cb17db",
            "image_72": "https:\/\/avatars.slack-edge.com\/2019-07-05\/685991185957_c6bdd4cb17db956661a1_72.jpg",
            "first_name": "Takeshi",
            "real_name": "Takeshi Kondo",
            "display_name": "chaspy",
            "team": "TFU0BKCQP",
            "name": "take.she12",
            "is_restricted": false,
            "is_ultra_restricted": false
        },
        "blocks": [
            {
                "type": "rich_text",
                "block_id": "mSu",
                "elements": [
                    {
                        "type": "rich_text_preformatted",
                        "elements": [
                            {
                                "type": "text",
                                "text": "#!\/bin\/bash -eo pipefail\ncircle-ghc -c -- terraform plan -out=tfplan ${TF_PATH}\nprovider.datadog.api_key\n  Enter a value: \nprovider.datadog.app_key\n  Enter a value: \nRefreshing Terraform state in-memory prior to plan...\nThe refreshed state will be used to calculate this plan, but will not be\npersisted to local or remote state storage.\n\n\nError: Invalid or missing credentials provided to the Datadog Provider. Please confirm your API and APP keys are valid and see "
                            },
                            {
                                "type": "link",
                                "url": "https:\/\/terraform.io\/docs\/providers\/datadog\/index.html"
                            },
                            {
                                "type": "text",
                                "text": " for more information on providing credentials for the Datadog Provider\n\n  on <input-prompt> line 1:\n  (source code not available)"
                            }
                        ]
                    }
                ]
            }
        ],
        "thread_ts": "1582341708.014200",
        "reply_count": 20,
        "reply_users_count": 2,
        "latest_reply": "1582343332.018300",
        "reply_users": [
            "UG46Z57TN",
            "UFU0BKD8F"
        ],
        "replies": [
            {
                "user": "UG46Z57TN",
                "ts": "1582341714.014300"
            },
            {
                "user": "UG46Z57TN",
                "ts": "1582341739.014500"
            },
            {
                "user": "UG46Z57TN",
                "ts": "1582341762.014700"
            },
            {
                "user": "UG46Z57TN",
                "ts": "1582341787.014900"
            },
            {
                "user": "UG46Z57TN",
                "ts": "1582341789.015100"
            },
            {
                "user": "UG46Z57TN",
                "ts": "1582341829.015300"
            },
            {
                "user": "UG46Z57TN",
                "ts": "1582341830.015500"
            },
            {
                "user": "UG46Z57TN",
                "ts": "1582341883.015700"
            },
            {
                "user": "UG46Z57TN",
                "ts": "1582341897.015900"
            },
            {
                "user": "UG46Z57TN",
                "ts": "1582341964.016100"
            },
            {
                "user": "UG46Z57TN",
                "ts": "1582342006.016300"
            },
            {
                "user": "UG46Z57TN",
                "ts": "1582342009.016500"
            },
            {
                "user": "UG46Z57TN",
                "ts": "1582342012.016700"
            },
            {
                "user": "UG46Z57TN",
                "ts": "1582342033.016900"
            },
            {
                "user": "UG46Z57TN",
                "ts": "1582342035.017200"
            },
            {
                "user": "UG46Z57TN",
                "ts": "1582342037.017400"
            },
            {
                "user": "UG46Z57TN",
                "ts": "1582342162.017600"
            },
            {
                "user": "UG46Z57TN",
                "ts": "1582342163.017800"
            },
            {
                "user": "UG46Z57TN",
                "ts": "1582342167.018000"
            },
            {
                "user": "UFU0BKD8F",
                "ts": "1582343332.018300"
            }
        ],
        "subscribed": true,
        "last_read": "1582343332.018300",
        "reactions": [
            {
                "name": "white_check_mark",
                "users": [
                    "UG46Z57TN"
                ],
                "count": 1
            }
        ]
    },
    {
        "client_msg_id": "8ad4cf2b-7679-444c-9579-3324db813e30",
        "type": "message",
        "text": "クソー",
        "user": "UG46Z57TN",
        "ts": "1582341714.014300",
        "team": "TFU0BKCQP",
        "user_team": "TFU0BKCQP",
        "source_team": "TFU0BKCQP",
        "user_profile": {
            "avatar_hash": "c6bdd4cb17db",
            "image_72": "https:\/\/avatars.slack-edge.com\/2019-07-05\/685991185957_c6bdd4cb17db956661a1_72.jpg",
            "first_name": "Takeshi",
            "real_name": "Takeshi Kondo",
            "display_name": "chaspy",
            "team": "TFU0BKCQP",
            "name": "take.she12",
            "is_restricted": false,
            "is_ultra_restricted": false
        },
        "blocks": [
            {
                "type": "rich_text",
                "block_id": "zVDT\/",
                "elements": [
                    {
                        "type": "rich_text_section",
                        "elements": [
                            {
                                "type": "text",
                                "text": "クソー"
                            }
                        ]
                    }
                ]
            }
        ],
        "thread_ts": "1582341708.014200",
        "parent_user_id": "UG46Z57TN"
    },
    {
        "client_msg_id": "638f91f9-f2ba-4860-a0c1-1b74221268be",
        "type": "message",
        "text": "```provider \"datadog\" {\n  api_key = \"${var.datadog_api_key}\"\n  app_key = \"${var.datadog_app_key}\"\n}```",
        "user": "UG46Z57TN",
        "ts": "1582341739.014500",
        "team": "TFU0BKCQP",
        "user_team": "TFU0BKCQP",
        "source_team": "TFU0BKCQP",
        "user_profile": {
            "avatar_hash": "c6bdd4cb17db",
            "image_72": "https:\/\/avatars.slack-edge.com\/2019-07-05\/685991185957_c6bdd4cb17db956661a1_72.jpg",
            "first_name": "Takeshi",
            "real_name": "Takeshi Kondo",
            "display_name": "chaspy",
            "team": "TFU0BKCQP",
            "name": "take.she12",
            "is_restricted": false,
            "is_ultra_restricted": false
        },
        "blocks": [
            {
                "type": "rich_text",
                "block_id": "Hu8o0",
                "elements": [
                    {
                        "type": "rich_text_preformatted",
                        "elements": [
                            {
                                "type": "text",
                                "text": "provider \"datadog\" {\n  api_key = \"${var.datadog_api_key}\"\n  app_key = \"${var.datadog_app_key}\"\n}"
                            }
                        ]
                    }
                ]
            }
        ],
        "thread_ts": "1582341708.014200",
        "parent_user_id": "UG46Z57TN"
    },
    {
        "client_msg_id": "158247fe-75d9-4b03-aa7b-4b7f4e4f33e9",
        "type": "message",
        "text": "ここに <http:\/\/provider.tf|provider.tf> がある",
        "user": "UG46Z57TN",
        "ts": "1582341762.014700",
        "team": "TFU0BKCQP",
        "user_team": "TFU0BKCQP",
        "source_team": "TFU0BKCQP",
        "user_profile": {
            "avatar_hash": "c6bdd4cb17db",
            "image_72": "https:\/\/avatars.slack-edge.com\/2019-07-05\/685991185957_c6bdd4cb17db956661a1_72.jpg",
            "first_name": "Takeshi",
            "real_name": "Takeshi Kondo",
            "display_name": "chaspy",
            "team": "TFU0BKCQP",
            "name": "take.she12",
            "is_restricted": false,
            "is_ultra_restricted": false
        },
        "blocks": [
            {
                "type": "rich_text",
                "block_id": "XvEGj",
                "elements": [
                    {
                        "type": "rich_text_section",
                        "elements": [
                            {
                                "type": "text",
                                "text": "ここに provider.tf がある"
                            }
                        ]
                    }
                ]
            }
        ],
        "thread_ts": "1582341708.014200",
        "parent_user_id": "UG46Z57TN"
    },
    {
        "client_msg_id": "a7aba081-7486-4f77-8eaf-8ca52233918a",
        "type": "message",
        "text": "環境変数には\nTF_VAR_datadog_api_key\nTF_VAR_datadog_app_key",
        "user": "UG46Z57TN",
        "ts": "1582341787.014900",
        "team": "TFU0BKCQP",
        "user_team": "TFU0BKCQP",
        "source_team": "TFU0BKCQP",
        "user_profile": {
            "avatar_hash": "c6bdd4cb17db",
            "image_72": "https:\/\/avatars.slack-edge.com\/2019-07-05\/685991185957_c6bdd4cb17db956661a1_72.jpg",
            "first_name": "Takeshi",
            "real_name": "Takeshi Kondo",
            "display_name": "chaspy",
            "team": "TFU0BKCQP",
            "name": "take.she12",
            "is_restricted": false,
            "is_ultra_restricted": false
        },
        "blocks": [
            {
                "type": "rich_text",
                "block_id": "7jul0",
                "elements": [
                    {
                        "type": "rich_text_section",
                        "elements": [
                            {
                                "type": "text",
                                "text": "環境変数には\nTF_VAR_datadog_api_key\nTF_VAR_datadog_app_key"
                            }
                        ]
                    }
                ]
            }
        ],
        "thread_ts": "1582341708.014200",
        "parent_user_id": "UG46Z57TN"
    },
    {
        "client_msg_id": "4028d141-9528-4f2f-a43b-2b1b3943fac9",
        "type": "message",
        "text": "がある",
        "user": "UG46Z57TN",
        "ts": "1582341789.015100",
        "team": "TFU0BKCQP",
        "user_team": "TFU0BKCQP",
        "source_team": "TFU0BKCQP",
        "user_profile": {
            "avatar_hash": "c6bdd4cb17db",
            "image_72": "https:\/\/avatars.slack-edge.com\/2019-07-05\/685991185957_c6bdd4cb17db956661a1_72.jpg",
            "first_name": "Takeshi",
            "real_name": "Takeshi Kondo",
            "display_name": "chaspy",
            "team": "TFU0BKCQP",
            "name": "take.she12",
            "is_restricted": false,
            "is_ultra_restricted": false
        },
        "blocks": [
            {
                "type": "rich_text",
                "block_id": "ZtP",
                "elements": [
                    {
                        "type": "rich_text_section",
                        "elements": [
                            {
                                "type": "text",
                                "text": "がある"
                            }
                        ]
                    }
                ]
            }
        ],
        "thread_ts": "1582341708.014200",
        "parent_user_id": "UG46Z57TN"
    },
    {
        "client_msg_id": "8c4fab4c-f05c-4d7c-bd57-1359a9590ea1",
        "type": "message",
        "text": "入力を求められるということは中身が未定義だから",
        "user": "UG46Z57TN",
        "ts": "1582341829.015300",
        "team": "TFU0BKCQP",
        "user_team": "TFU0BKCQP",
        "source_team": "TFU0BKCQP",
        "user_profile": {
            "avatar_hash": "c6bdd4cb17db",
            "image_72": "https:\/\/avatars.slack-edge.com\/2019-07-05\/685991185957_c6bdd4cb17db956661a1_72.jpg",
            "first_name": "Takeshi",
            "real_name": "Takeshi Kondo",
            "display_name": "chaspy",
            "team": "TFU0BKCQP",
            "name": "take.she12",
            "is_restricted": false,
            "is_ultra_restricted": false
        },
        "blocks": [
            {
                "type": "rich_text",
                "block_id": "A7S",
                "elements": [
                    {
                        "type": "rich_text_section",
                        "elements": [
                            {
                                "type": "text",
                                "text": "入力を求められるということは中身が未定義だから"
                            }
                        ]
                    }
                ]
            }
        ],
        "thread_ts": "1582341708.014200",
        "parent_user_id": "UG46Z57TN"
    },
    {
        "client_msg_id": "be1c3b1d-1210-4124-8388-f9a4c18ea715",
        "type": "message",
        "text": "それはそう",
        "user": "UG46Z57TN",
        "ts": "1582341830.015500",
        "team": "TFU0BKCQP",
        "user_team": "TFU0BKCQP",
        "source_team": "TFU0BKCQP",
        "user_profile": {
            "avatar_hash": "c6bdd4cb17db",
            "image_72": "https:\/\/avatars.slack-edge.com\/2019-07-05\/685991185957_c6bdd4cb17db956661a1_72.jpg",
            "first_name": "Takeshi",
            "real_name": "Takeshi Kondo",
            "display_name": "chaspy",
            "team": "TFU0BKCQP",
            "name": "take.she12",
            "is_restricted": false,
            "is_ultra_restricted": false
        },
        "blocks": [
            {
                "type": "rich_text",
                "block_id": "lfR",
                "elements": [
                    {
                        "type": "rich_text_section",
                        "elements": [
                            {
                                "type": "text",
                                "text": "それはそう"
                            }
                        ]
                    }
                ]
            }
        ],
        "thread_ts": "1582341708.014200",
        "parent_user_id": "UG46Z57TN"
    },
    {
        "client_msg_id": "ef3bdee7-0fba-4d33-bf48-2034c82f5641",
        "type": "message",
        "text": "terraform の version 関係ないよなあ",
        "user": "UG46Z57TN",
        "ts": "1582341883.015700",
        "team": "TFU0BKCQP",
        "user_team": "TFU0BKCQP",
        "source_team": "TFU0BKCQP",
        "user_profile": {
            "avatar_hash": "c6bdd4cb17db",
            "image_72": "https:\/\/avatars.slack-edge.com\/2019-07-05\/685991185957_c6bdd4cb17db956661a1_72.jpg",
            "first_name": "Takeshi",
            "real_name": "Takeshi Kondo",
            "display_name": "chaspy",
            "team": "TFU0BKCQP",
            "name": "take.she12",
            "is_restricted": false,
            "is_ultra_restricted": false
        },
        "blocks": [
            {
                "type": "rich_text",
                "block_id": "n4JG",
                "elements": [
                    {
                        "type": "rich_text_section",
                        "elements": [
                            {
                                "type": "text",
                                "text": "terraform の version 関係ないよなあ"
                            }
                        ]
                    }
                ]
            }
        ],
        "thread_ts": "1582341708.014200",
        "parent_user_id": "UG46Z57TN"
    },
    {
        "client_msg_id": "9f063132-470f-46a0-8256-ea5a19cdf8c1",
        "type": "message",
        "text": "別 project で slo を管理してるものとまんま真似してるんだが",
        "user": "UG46Z57TN",
        "ts": "1582341897.015900",
        "team": "TFU0BKCQP",
        "user_team": "TFU0BKCQP",
        "source_team": "TFU0BKCQP",
        "user_profile": {
            "avatar_hash": "c6bdd4cb17db",
            "image_72": "https:\/\/avatars.slack-edge.com\/2019-07-05\/685991185957_c6bdd4cb17db956661a1_72.jpg",
            "first_name": "Takeshi",
            "real_name": "Takeshi Kondo",
            "display_name": "chaspy",
            "team": "TFU0BKCQP",
            "name": "take.she12",
            "is_restricted": false,
            "is_ultra_restricted": false
        },
        "blocks": [
            {
                "type": "rich_text",
                "block_id": "Fia",
                "elements": [
                    {
                        "type": "rich_text_section",
                        "elements": [
                            {
                                "type": "text",
                                "text": "別 project で slo を管理してるものとまんま真似してるんだが"
                            }
                        ]
                    }
                ]
            }
        ],
        "thread_ts": "1582341708.014200",
        "parent_user_id": "UG46Z57TN"
    },
    {
        "client_msg_id": "8a731b26-e349-4702-99ec-6317a6329415",
        "type": "message",
        "text": "local だとまわる。",
        "user": "UG46Z57TN",
        "ts": "1582341964.016100",
        "team": "TFU0BKCQP",
        "user_team": "TFU0BKCQP",
        "source_team": "TFU0BKCQP",
        "user_profile": {
            "avatar_hash": "c6bdd4cb17db",
            "image_72": "https:\/\/avatars.slack-edge.com\/2019-07-05\/685991185957_c6bdd4cb17db956661a1_72.jpg",
            "first_name": "Takeshi",
            "real_name": "Takeshi Kondo",
            "display_name": "chaspy",
            "team": "TFU0BKCQP",
            "name": "take.she12",
            "is_restricted": false,
            "is_ultra_restricted": false
        },
        "blocks": [
            {
                "type": "rich_text",
                "block_id": "pmuk",
                "elements": [
                    {
                        "type": "rich_text_section",
                        "elements": [
                            {
                                "type": "text",
                                "text": "local だとまわる。"
                            }
                        ]
                    }
                ]
            }
        ],
        "thread_ts": "1582341708.014200",
        "parent_user_id": "UG46Z57TN"
    },
    {
        "client_msg_id": "029e3f32-2900-474b-88f7-27e3dec6324c",
        "type": "message",
        "text": "local だと `DATADOG_API_KEY`  `DATADOG_APP_KEY`",
        "user": "UG46Z57TN",
        "ts": "1582342006.016300",
        "team": "TFU0BKCQP",
        "user_team": "TFU0BKCQP",
        "source_team": "TFU0BKCQP",
        "user_profile": {
            "avatar_hash": "c6bdd4cb17db",
            "image_72": "https:\/\/avatars.slack-edge.com\/2019-07-05\/685991185957_c6bdd4cb17db956661a1_72.jpg",
            "first_name": "Takeshi",
            "real_name": "Takeshi Kondo",
            "display_name": "chaspy",
            "team": "TFU0BKCQP",
            "name": "take.she12",
            "is_restricted": false,
            "is_ultra_restricted": false
        },
        "blocks": [
            {
                "type": "rich_text",
                "block_id": "3Q3L",
                "elements": [
                    {
                        "type": "rich_text_section",
                        "elements": [
                            {
                                "type": "text",
                                "text": "local だと "
                            },
                            {
                                "type": "text",
                                "text": "DATADOG_API_KEY",
                                "style": {
                                    "code": true
                                }
                            },
                            {
                                "type": "text",
                                "text": "  "
                            },
                            {
                                "type": "text",
                                "text": "DATADOG_APP_KEY",
                                "style": {
                                    "code": true
                                }
                            }
                        ]
                    }
                ]
            }
        ],
        "thread_ts": "1582341708.014200",
        "parent_user_id": "UG46Z57TN"
    },
    {
        "client_msg_id": "189daf73-a9af-4dac-b56f-8f130cedad93",
        "type": "message",
        "text": "って名前だな。。。",
        "user": "UG46Z57TN",
        "ts": "1582342009.016500",
        "team": "TFU0BKCQP",
        "user_team": "TFU0BKCQP",
        "source_team": "TFU0BKCQP",
        "user_profile": {
            "avatar_hash": "c6bdd4cb17db",
            "image_72": "https:\/\/avatars.slack-edge.com\/2019-07-05\/685991185957_c6bdd4cb17db956661a1_72.jpg",
            "first_name": "Takeshi",
            "real_name": "Takeshi Kondo",
            "display_name": "chaspy",
            "team": "TFU0BKCQP",
            "name": "take.she12",
            "is_restricted": false,
            "is_ultra_restricted": false
        },
        "blocks": [
            {
                "type": "rich_text",
                "block_id": "870n",
                "elements": [
                    {
                        "type": "rich_text_section",
                        "elements": [
                            {
                                "type": "text",
                                "text": "って名前だな。。。"
                            }
                        ]
                    }
                ]
            }
        ],
        "thread_ts": "1582341708.014200",
        "parent_user_id": "UG46Z57TN"
    },
    {
        "client_msg_id": "2fff539c-d11d-482a-9b2c-6aaba334dc80",
        "type": "message",
        "text": "それはそれでいいのか",
        "user": "UG46Z57TN",
        "ts": "1582342012.016700",
        "team": "TFU0BKCQP",
        "user_team": "TFU0BKCQP",
        "source_team": "TFU0BKCQP",
        "user_profile": {
            "avatar_hash": "c6bdd4cb17db",
            "image_72": "https:\/\/avatars.slack-edge.com\/2019-07-05\/685991185957_c6bdd4cb17db956661a1_72.jpg",
            "first_name": "Takeshi",
            "real_name": "Takeshi Kondo",
            "display_name": "chaspy",
            "team": "TFU0BKCQP",
            "name": "take.she12",
            "is_restricted": false,
            "is_ultra_restricted": false
        },
        "blocks": [
            {
                "type": "rich_text",
                "block_id": "wesmD",
                "elements": [
                    {
                        "type": "rich_text_section",
                        "elements": [
                            {
                                "type": "text",
                                "text": "それはそれでいいのか"
                            }
                        ]
                    }
                ]
            }
        ],
        "thread_ts": "1582341708.014200",
        "parent_user_id": "UG46Z57TN"
    },
    {
        "client_msg_id": "d0be36bb-60cf-45e1-95e4-f2fed73285b6",
        "type": "message",
        "text": "<https:\/\/www.terraform.io\/docs\/providers\/datadog\/index.html>",
        "user": "UG46Z57TN",
        "ts": "1582342033.016900",
        "team": "TFU0BKCQP",
        "user_team": "TFU0BKCQP",
        "source_team": "TFU0BKCQP",
        "user_profile": {
            "avatar_hash": "c6bdd4cb17db",
            "image_72": "https:\/\/avatars.slack-edge.com\/2019-07-05\/685991185957_c6bdd4cb17db956661a1_72.jpg",
            "first_name": "Takeshi",
            "real_name": "Takeshi Kondo",
            "display_name": "chaspy",
            "team": "TFU0BKCQP",
            "name": "take.she12",
            "is_restricted": false,
            "is_ultra_restricted": false
        },
        "attachments": [
            {
                "service_name": "Terraform by HashiCorp",
                "title": "Provider: Datadog - Terraform by HashiCorp",
                "title_link": "https:\/\/www.terraform.io\/docs\/providers\/datadog\/index.html",
                "text": "The Datadog provider is used to interact with the resources supported by Datadog. The provider needs to be configured with the proper credentials before it can be used.",
                "fallback": "Terraform by HashiCorp: Provider: Datadog - Terraform by HashiCorp",
                "thumb_url": "https:\/\/www.terraform.io\/assets\/images\/og-image-8b3e4f7d.png",
                "from_url": "https:\/\/www.terraform.io\/docs\/providers\/datadog\/index.html",
                "thumb_width": 712,
                "thumb_height": 712,
                "service_icon": "https:\/\/www.terraform.io\/assets\/images\/favicons\/apple-touch-icon-13180a24.png",
                "id": 1,
                "original_url": "https:\/\/www.terraform.io\/docs\/providers\/datadog\/index.html"
            }
        ],
        "blocks": [
            {
                "type": "rich_text",
                "block_id": "kACe",
                "elements": [
                    {
                        "type": "rich_text_section",
                        "elements": [
                            {
                                "type": "link",
                                "url": "https:\/\/www.terraform.io\/docs\/providers\/datadog\/index.html"
                            }
                        ]
                    }
                ]
            }
        ],
        "thread_ts": "1582341708.014200",
        "parent_user_id": "UG46Z57TN"
    },
    {
        "client_msg_id": "e7f756d6-2d8c-48d7-8808-e64b97a7ecaa",
        "type": "message",
        "text": "よさそう",
        "user": "UG46Z57TN",
        "ts": "1582342035.017200",
        "team": "TFU0BKCQP",
        "user_team": "TFU0BKCQP",
        "source_team": "TFU0BKCQP",
        "user_profile": {
            "avatar_hash": "c6bdd4cb17db",
            "image_72": "https:\/\/avatars.slack-edge.com\/2019-07-05\/685991185957_c6bdd4cb17db956661a1_72.jpg",
            "first_name": "Takeshi",
            "real_name": "Takeshi Kondo",
            "display_name": "chaspy",
            "team": "TFU0BKCQP",
            "name": "take.she12",
            "is_restricted": false,
            "is_ultra_restricted": false
        },
        "blocks": [
            {
                "type": "rich_text",
                "block_id": "ONWS",
                "elements": [
                    {
                        "type": "rich_text_section",
                        "elements": [
                            {
                                "type": "text",
                                "text": "よさそう"
                            }
                        ]
                    }
                ]
            }
        ],
        "thread_ts": "1582341708.014200",
        "parent_user_id": "UG46Z57TN"
    },
    {
        "client_msg_id": "133686e8-9416-4395-a361-3f613fb0753d",
        "type": "message",
        "text": "そうするか。",
        "user": "UG46Z57TN",
        "ts": "1582342037.017400",
        "team": "TFU0BKCQP",
        "user_team": "TFU0BKCQP",
        "source_team": "TFU0BKCQP",
        "user_profile": {
            "avatar_hash": "c6bdd4cb17db",
            "image_72": "https:\/\/avatars.slack-edge.com\/2019-07-05\/685991185957_c6bdd4cb17db956661a1_72.jpg",
            "first_name": "Takeshi",
            "real_name": "Takeshi Kondo",
            "display_name": "chaspy",
            "team": "TFU0BKCQP",
            "name": "take.she12",
            "is_restricted": false,
            "is_ultra_restricted": false
        },
        "blocks": [
            {
                "type": "rich_text",
                "block_id": "3Zn0n",
                "elements": [
                    {
                        "type": "rich_text_section",
                        "elements": [
                            {
                                "type": "text",
                                "text": "そうするか。"
                            }
                        ]
                    }
                ]
            }
        ],
        "thread_ts": "1582341708.014200",
        "parent_user_id": "UG46Z57TN"
    },
    {
        "client_msg_id": "fd15de23-853d-47ab-a262-a133faca6c1d",
        "type": "message",
        "text": "できたっぽい",
        "user": "UG46Z57TN",
        "ts": "1582342162.017600",
        "team": "TFU0BKCQP",
        "user_team": "TFU0BKCQP",
        "source_team": "TFU0BKCQP",
        "user_profile": {
            "avatar_hash": "c6bdd4cb17db",
            "image_72": "https:\/\/avatars.slack-edge.com\/2019-07-05\/685991185957_c6bdd4cb17db956661a1_72.jpg",
            "first_name": "Takeshi",
            "real_name": "Takeshi Kondo",
            "display_name": "chaspy",
            "team": "TFU0BKCQP",
            "name": "take.she12",
            "is_restricted": false,
            "is_ultra_restricted": false
        },
        "blocks": [
            {
                "type": "rich_text",
                "block_id": "nf9fV",
                "elements": [
                    {
                        "type": "rich_text_section",
                        "elements": [
                            {
                                "type": "text",
                                "text": "できたっぽい"
                            }
                        ]
                    }
                ]
            }
        ],
        "thread_ts": "1582341708.014200",
        "parent_user_id": "UG46Z57TN"
    },
    {
        "client_msg_id": "9c0bba21-2826-400f-bd13-1888955be806",
        "type": "message",
        "text": "謎。",
        "user": "UG46Z57TN",
        "ts": "1582342163.017800",
        "team": "TFU0BKCQP",
        "user_team": "TFU0BKCQP",
        "source_team": "TFU0BKCQP",
        "user_profile": {
            "avatar_hash": "c6bdd4cb17db",
            "image_72": "https:\/\/avatars.slack-edge.com\/2019-07-05\/685991185957_c6bdd4cb17db956661a1_72.jpg",
            "first_name": "Takeshi",
            "real_name": "Takeshi Kondo",
            "display_name": "chaspy",
            "team": "TFU0BKCQP",
            "name": "take.she12",
            "is_restricted": false,
            "is_ultra_restricted": false
        },
        "blocks": [
            {
                "type": "rich_text",
                "block_id": "0N1QP",
                "elements": [
                    {
                        "type": "rich_text_section",
                        "elements": [
                            {
                                "type": "text",
                                "text": "謎。"
                            }
                        ]
                    }
                ]
            }
        ],
        "thread_ts": "1582341708.014200",
        "parent_user_id": "UG46Z57TN"
    },
    {
        "client_msg_id": "10c7b1aa-b1a4-4768-b7e4-e0e1dee756fa",
        "type": "message",
        "text": ":white_check_mark:",
        "user": "UG46Z57TN",
        "ts": "1582342167.018000",
        "team": "TFU0BKCQP",
        "user_team": "TFU0BKCQP",
        "source_team": "TFU0BKCQP",
        "user_profile": {
            "avatar_hash": "c6bdd4cb17db",
            "image_72": "https:\/\/avatars.slack-edge.com\/2019-07-05\/685991185957_c6bdd4cb17db956661a1_72.jpg",
            "first_name": "Takeshi",
            "real_name": "Takeshi Kondo",
            "display_name": "chaspy",
            "team": "TFU0BKCQP",
            "name": "take.she12",
            "is_restricted": false,
            "is_ultra_restricted": false
        },
        "blocks": [
            {
                "type": "rich_text",
                "block_id": "pqhwe",
                "elements": [
                    {
                        "type": "rich_text_section",
                        "elements": [
                            {
                                "type": "emoji",
                                "name": "white_check_mark"
                            }
                        ]
                    }
                ]
            }
        ],
        "thread_ts": "1582341708.014200",
        "parent_user_id": "UG46Z57TN"
    },
    {
        "client_msg_id": "a680bb0c-23e0-4d93-beb0-323ebd438291",
        "type": "message",
        "text": "俺もこないだまで気が付いてなかったけど、datadog provider 自体書くのやめちゃって、大文字の環境変数渡しにすると楽。",
        "user": "UFU0BKD8F",
        "ts": "1582343332.018300",
        "team": "TFU0BKCQP",
        "user_team": "TFU0BKCQP",
        "source_team": "TFU0BKCQP",
        "user_profile": {
            "avatar_hash": "92c41c62c7b0",
            "image_72": "https:\/\/avatars.slack-edge.com\/2019-01-30\/537137791812_92c41c62c7b0f054d3dd_72.jpg",
            "first_name": "らき",
            "real_name": "らき",
            "display_name": "raki",
            "team": "TFU0BKCQP",
            "name": "nishimuray",
            "is_restricted": false,
            "is_ultra_restricted": false
        },
        "blocks": [
            {
                "type": "rich_text",
                "block_id": "+3xx",
                "elements": [
                    {
                        "type": "rich_text_section",
                        "elements": [
                            {
                                "type": "text",
                                "text": "俺もこないだまで気が付いてなかったけど、datadog provider 自体書くのやめちゃって、大文字の環境変数渡しにすると楽。"
                            }
                        ]
                    }
                ]
            }
        ],
        "thread_ts": "1582341708.014200",
        "parent_user_id": "UG46Z57TN"
    }
]