[
    {
        "client_msg_id": "2d365db1-fff9-40c5-babe-5b0f9e1a9660",
        "type": "message",
        "text": "postgres provider まじでいけてないな。。。\n• application roleつくる（できる）\n• 初期のDBのオーナーを ^application role にしたいのに、「そのdatabase はすでに存在します」しっとるわ",
        "user": "UG46Z57TN",
        "ts": "1582035717.010300",
        "team": "TFU0BKCQP",
        "user_team": "TFU0BKCQP",
        "source_team": "TFU0BKCQP",
        "user_profile": {
            "avatar_hash": "c6bdd4cb17db",
            "image_72": "https:\/\/avatars.slack-edge.com\/2019-07-05\/685991185957_c6bdd4cb17db956661a1_72.jpg",
            "first_name": "Takeshi",
            "real_name": "Takeshi Kondo",
            "display_name": "chaspy",
            "team": "TFU0BKCQP",
            "name": "take.she12",
            "is_restricted": false,
            "is_ultra_restricted": false
        },
        "blocks": [
            {
                "type": "rich_text",
                "block_id": "u92mA",
                "elements": [
                    {
                        "type": "rich_text_section",
                        "elements": [
                            {
                                "type": "text",
                                "text": "postgres provider まじでいけてないな。。。\n"
                            }
                        ]
                    },
                    {
                        "type": "rich_text_list",
                        "elements": [
                            {
                                "type": "rich_text_section",
                                "elements": [
                                    {
                                        "type": "text",
                                        "text": "application roleつくる（できる）"
                                    }
                                ]
                            },
                            {
                                "type": "rich_text_section",
                                "elements": [
                                    {
                                        "type": "text",
                                        "text": "初期のDBのオーナーを ^application role にしたいのに、「そのdatabase はすでに存在します」しっとるわ"
                                    }
                                ]
                            }
                        ],
                        "style": "bullet",
                        "indent": 0
                    }
                ]
            }
        ],
        "thread_ts": "1582035717.010300",
        "reply_count": 7,
        "reply_users_count": 2,
        "latest_reply": "1582036437.011600",
        "reply_users": [
            "UFU0BKD8F",
            "UG46Z57TN"
        ],
        "replies": [
            {
                "user": "UFU0BKD8F",
                "ts": "1582035802.010400"
            },
            {
                "user": "UG46Z57TN",
                "ts": "1582035813.010600"
            },
            {
                "user": "UG46Z57TN",
                "ts": "1582035856.010800"
            },
            {
                "user": "UFU0BKD8F",
                "ts": "1582036012.011000"
            },
            {
                "user": "UG46Z57TN",
                "ts": "1582036054.011200"
            },
            {
                "user": "UG46Z57TN",
                "ts": "1582036207.011400"
            },
            {
                "user": "UG46Z57TN",
                "ts": "1582036437.011600"
            }
        ],
        "subscribed": true,
        "last_read": "1582036437.011600"
    },
    {
        "client_msg_id": "e2f148a4-8a37-473e-bacd-764c5652f32a",
        "type": "message",
        "text": "言ったらなんだけどそれはPostgres provider のせいじゃない。。。",
        "user": "UFU0BKD8F",
        "ts": "1582035802.010400",
        "team": "TFU0BKCQP",
        "user_team": "TFU0BKCQP",
        "source_team": "TFU0BKCQP",
        "user_profile": {
            "avatar_hash": "92c41c62c7b0",
            "image_72": "https:\/\/avatars.slack-edge.com\/2019-01-30\/537137791812_92c41c62c7b0f054d3dd_72.jpg",
            "first_name": "らき",
            "real_name": "らき",
            "display_name": "raki",
            "team": "TFU0BKCQP",
            "name": "nishimuray",
            "is_restricted": false,
            "is_ultra_restricted": false
        },
        "blocks": [
            {
                "type": "rich_text",
                "block_id": "kjDu",
                "elements": [
                    {
                        "type": "rich_text_section",
                        "elements": [
                            {
                                "type": "text",
                                "text": "言ったらなんだけどそれはPostgres provider のせいじゃない。。。"
                            }
                        ]
                    }
                ]
            }
        ],
        "thread_ts": "1582035717.010300",
        "parent_user_id": "UG46Z57TN"
    },
    {
        "client_msg_id": "b7a250f5-6d7f-4acd-b643-921536c7c8ed",
        "type": "message",
        "text": "そう",
        "user": "UG46Z57TN",
        "ts": "1582035813.010600",
        "team": "TFU0BKCQP",
        "user_team": "TFU0BKCQP",
        "source_team": "TFU0BKCQP",
        "user_profile": {
            "avatar_hash": "c6bdd4cb17db",
            "image_72": "https:\/\/avatars.slack-edge.com\/2019-07-05\/685991185957_c6bdd4cb17db956661a1_72.jpg",
            "first_name": "Takeshi",
            "real_name": "Takeshi Kondo",
            "display_name": "chaspy",
            "team": "TFU0BKCQP",
            "name": "take.she12",
            "is_restricted": false,
            "is_ultra_restricted": false
        },
        "blocks": [
            {
                "type": "rich_text",
                "block_id": "ssgOS",
                "elements": [
                    {
                        "type": "rich_text_section",
                        "elements": [
                            {
                                "type": "text",
                                "text": "そう"
                            }
                        ]
                    }
                ]
            }
        ],
        "thread_ts": "1582035717.010300",
        "parent_user_id": "UG46Z57TN"
    },
    {
        "client_msg_id": "0f9b4c66-14ae-4cd4-80ab-501e4f8d28ab",
        "type": "message",
        "text": "ALTER DATABASE 相当のことは Terraform じゃできないしするべきじゃないわな",
        "user": "UG46Z57TN",
        "ts": "1582035856.010800",
        "team": "TFU0BKCQP",
        "user_team": "TFU0BKCQP",
        "source_team": "TFU0BKCQP",
        "user_profile": {
            "avatar_hash": "c6bdd4cb17db",
            "image_72": "https:\/\/avatars.slack-edge.com\/2019-07-05\/685991185957_c6bdd4cb17db956661a1_72.jpg",
            "first_name": "Takeshi",
            "real_name": "Takeshi Kondo",
            "display_name": "chaspy",
            "team": "TFU0BKCQP",
            "name": "take.she12",
            "is_restricted": false,
            "is_ultra_restricted": false
        },
        "blocks": [
            {
                "type": "rich_text",
                "block_id": "EKa8B",
                "elements": [
                    {
                        "type": "rich_text_section",
                        "elements": [
                            {
                                "type": "text",
                                "text": "ALTER DATABASE 相当のことは Terraform じゃできないしするべきじゃないわな"
                            }
                        ]
                    }
                ]
            }
        ],
        "thread_ts": "1582035717.010300",
        "parent_user_id": "UG46Z57TN"
    },
    {
        "client_msg_id": "a6d1f385-8420-46fb-96cf-7a91bdf26cd1",
        "type": "message",
        "text": "できないわけじゃないはず？\nRDS for PostgreSQL の管理方法をちゃんと知ればいけると思う。。。\n俺は使ってないのでアレだけど、RDS の管理は AWS Provider のリソースで管理して、別のDBを追加する形でそっちを管理するのをPostgres providerで管理するって感じに分けることでいけると思う。。。",
        "user": "UFU0BKD8F",
        "ts": "1582036012.011000",
        "team": "TFU0BKCQP",
        "user_team": "TFU0BKCQP",
        "source_team": "TFU0BKCQP",
        "user_profile": {
            "avatar_hash": "92c41c62c7b0",
            "image_72": "https:\/\/avatars.slack-edge.com\/2019-01-30\/537137791812_92c41c62c7b0f054d3dd_72.jpg",
            "first_name": "らき",
            "real_name": "らき",
            "display_name": "raki",
            "team": "TFU0BKCQP",
            "name": "nishimuray",
            "is_restricted": false,
            "is_ultra_restricted": false
        },
        "blocks": [
            {
                "type": "rich_text",
                "block_id": "2Xi",
                "elements": [
                    {
                        "type": "rich_text_section",
                        "elements": [
                            {
                                "type": "text",
                                "text": "できないわけじゃないはず？\nRDS for PostgreSQL の管理方法をちゃんと知ればいけると思う。。。\n俺は使ってないのでアレだけど、RDS の管理は AWS Provider のリソースで管理して、別のDBを追加する形でそっちを管理するのをPostgres providerで管理するって感じに分けることでいけると思う。。。"
                            }
                        ]
                    }
                ]
            }
        ],
        "thread_ts": "1582035717.010300",
        "parent_user_id": "UG46Z57TN"
    },
    {
        "client_msg_id": "3943c8ca-bd6e-42b0-878b-5eb451832126",
        "type": "message",
        "text": "はい、そういうふうにわけてます",
        "user": "UG46Z57TN",
        "ts": "1582036054.011200",
        "team": "TFU0BKCQP",
        "user_team": "TFU0BKCQP",
        "source_team": "TFU0BKCQP",
        "user_profile": {
            "avatar_hash": "c6bdd4cb17db",
            "image_72": "https:\/\/avatars.slack-edge.com\/2019-07-05\/685991185957_c6bdd4cb17db956661a1_72.jpg",
            "first_name": "Takeshi",
            "real_name": "Takeshi Kondo",
            "display_name": "chaspy",
            "team": "TFU0BKCQP",
            "name": "take.she12",
            "is_restricted": false,
            "is_ultra_restricted": false
        },
        "blocks": [
            {
                "type": "rich_text",
                "block_id": "g4duG",
                "elements": [
                    {
                        "type": "rich_text_section",
                        "elements": [
                            {
                                "type": "text",
                                "text": "はい、そういうふうにわけてます"
                            }
                        ]
                    }
                ]
            }
        ],
        "thread_ts": "1582035717.010300",
        "parent_user_id": "UG46Z57TN"
    },
    {
        "client_msg_id": "d5140aac-8fc1-4e05-97ef-137ddef2833b",
        "type": "message",
        "text": "初期に作られるデータベースだから import を先にしろって理屈なんだろうか。。。",
        "user": "UG46Z57TN",
        "ts": "1582036207.011400",
        "team": "TFU0BKCQP",
        "user_team": "TFU0BKCQP",
        "source_team": "TFU0BKCQP",
        "user_profile": {
            "avatar_hash": "c6bdd4cb17db",
            "image_72": "https:\/\/avatars.slack-edge.com\/2019-07-05\/685991185957_c6bdd4cb17db956661a1_72.jpg",
            "first_name": "Takeshi",
            "real_name": "Takeshi Kondo",
            "display_name": "chaspy",
            "team": "TFU0BKCQP",
            "name": "take.she12",
            "is_restricted": false,
            "is_ultra_restricted": false
        },
        "blocks": [
            {
                "type": "rich_text",
                "block_id": "1j+",
                "elements": [
                    {
                        "type": "rich_text_section",
                        "elements": [
                            {
                                "type": "text",
                                "text": "初期に作られるデータベースだから import を先にしろって理屈なんだろうか。。。"
                            }
                        ]
                    }
                ]
            }
        ],
        "thread_ts": "1582035717.010300",
        "parent_user_id": "UG46Z57TN"
    },
    {
        "client_msg_id": "a9d7a9a6-3a85-4196-8c40-1851f66ff21b",
        "type": "message",
        "text": "とりあえず terraform を使わない方法で再度考え直そう。",
        "user": "UG46Z57TN",
        "ts": "1582036437.011600",
        "team": "TFU0BKCQP",
        "user_team": "TFU0BKCQP",
        "source_team": "TFU0BKCQP",
        "user_profile": {
            "avatar_hash": "c6bdd4cb17db",
            "image_72": "https:\/\/avatars.slack-edge.com\/2019-07-05\/685991185957_c6bdd4cb17db956661a1_72.jpg",
            "first_name": "Takeshi",
            "real_name": "Takeshi Kondo",
            "display_name": "chaspy",
            "team": "TFU0BKCQP",
            "name": "take.she12",
            "is_restricted": false,
            "is_ultra_restricted": false
        },
        "blocks": [
            {
                "type": "rich_text",
                "block_id": "GLczy",
                "elements": [
                    {
                        "type": "rich_text_section",
                        "elements": [
                            {
                                "type": "text",
                                "text": "とりあえず terraform を使わない方法で再度考え直そう。"
                            }
                        ]
                    }
                ]
            }
        ],
        "thread_ts": "1582035717.010300",
        "parent_user_id": "UG46Z57TN",
        "reactions": [
            {
                "name": "scream",
                "users": [
                    "UFU0BKD8F"
                ],
                "count": 1
            }
        ]
    },
    {
        "client_msg_id": "e2e7975b-94bc-48a1-9f21-56739a742f2c",
        "type": "message",
        "text": "そういえばコロナ関係で勉強会やイベントの開催中止や縮小が相次いでるので\nこういうの検討してもいいのかもしんまいとかちょっと思った。\n<https:\/\/pr.forkwell.com\/2020-02-17-online-event-sponsor-campaign\/>",
        "user": "UFU0BKD8F",
        "ts": "1582043310.012900",
        "team": "TFU0BKCQP",
        "user_team": "TFU0BKCQP",
        "source_team": "TFU0BKCQP",
        "user_profile": {
            "avatar_hash": "92c41c62c7b0",
            "image_72": "https:\/\/avatars.slack-edge.com\/2019-01-30\/537137791812_92c41c62c7b0f054d3dd_72.jpg",
            "first_name": "らき",
            "real_name": "らき",
            "display_name": "raki",
            "team": "TFU0BKCQP",
            "name": "nishimuray",
            "is_restricted": false,
            "is_ultra_restricted": false
        },
        "attachments": [
            {
                "service_name": "Forkwell Press",
                "title": "新型コロナウイルスで中止を検討しているIT勉強会のオンライン開催を支援します - Forkwell Press",
                "title_link": "https:\/\/pr.forkwell.com\/2020-02-17-online-event-sponsor-campaign\/",
                "text": "こんにちは。Forkwell（フォークウェル）運営事務局、エンジニアコミュニティ支援担当の重本です。Forkwell では、エンジニア向けの技術コミュニティを「勉強会・イベントスポンサー」という形で支援しております。スポンサー回数は累計500回を超え、「スポンサーをしてほしい」とお声がけいただく機会も増えました。本日になって、スポンサー先のコミュニティ主催者さまより、新型コロナウイルスの影響により予定していた勉強会の中止を検討しているとのご報告を多数いただいております。イベントは、企画、集客、登壇資料準備など、大変な労力がかかるものですから、準備を進められてきた…",
                "fallback": "Forkwell Press: 新型コロナウイルスで中止を検討しているIT勉強会のオンライン開催を支援します - Forkwell Press",
                "image_url": "https:\/\/pr.forkwell.com\/wp-content\/uploads\/2020\/02\/d0d139e1006287d48faf30a5fcfb8bff.jpeg",
                "from_url": "https:\/\/pr.forkwell.com\/2020-02-17-online-event-sponsor-campaign\/",
                "image_width": 333,
                "image_height": 250,
                "image_bytes": 127120,
                "service_icon": "https:\/\/pr.forkwell.com\/wp-content\/themes\/forkwell\/images\/favicon.ico",
                "id": 1,
                "original_url": "https:\/\/pr.forkwell.com\/2020-02-17-online-event-sponsor-campaign\/"
            }
        ],
        "blocks": [
            {
                "type": "rich_text",
                "block_id": "kyns",
                "elements": [
                    {
                        "type": "rich_text_section",
                        "elements": [
                            {
                                "type": "text",
                                "text": "そういえばコロナ関係で勉強会やイベントの開催中止や縮小が相次いでるので\nこういうの検討してもいいのかもしんまいとかちょっと思った。\n"
                            },
                            {
                                "type": "link",
                                "url": "https:\/\/pr.forkwell.com\/2020-02-17-online-event-sponsor-campaign\/"
                            }
                        ]
                    }
                ]
            }
        ],
        "reactions": [
            {
                "name": "sugoi",
                "users": [
                    "ULYDVRXNY",
                    "UTS83NH0D",
                    "UR8TR0GA3"
                ],
                "count": 3
            },
            {
                "name": "+1",
                "users": [
                    "ULYDVRXNY",
                    "UL49H207R",
                    "UQSRV97S6"
                ],
                "count": 3
            }
        ]
    }
]