[
    {
        "type": "message",
        "subtype": "channel_join",
        "ts": "1612956328.000200",
        "user": "U01AEH6SRL2",
        "text": "<@U01AEH6SRL2>さんがチャンネルに参加しました"
    },
    {
        "type": "message",
        "subtype": "channel_purpose",
        "ts": "1612956328.000300",
        "user": "U01AEH6SRL2",
        "text": "がこのチャンネルの説明を「Terraform Cloudのチャンネル」に設定しました",
        "purpose": "Terraform Cloudのチャンネル"
    },
    {
        "type": "message",
        "subtype": "channel_join",
        "ts": "1612959506.000500",
        "user": "UFT60TQCQ",
        "text": "<@UFT60TQCQ>さんがチャンネルに参加しました"
    },
    {
        "type": "message",
        "subtype": "channel_join",
        "ts": "1612959733.000700",
        "user": "UREE40K7A",
        "text": "<@UREE40K7A>さんがチャンネルに参加しました"
    },
    {
        "type": "message",
        "subtype": "channel_join",
        "ts": "1612964164.000900",
        "user": "UL1238EFN",
        "text": "<@UL1238EFN>さんがチャンネルに参加しました"
    }
]