[
    {
        "type": "message",
        "subtype": "bot_message",
        "text": "<https:\/\/www.reddit.com\/r\/Terraform\/comments\/gnu8iw\/can_i_avoid_certs_private_keys_in_state\/|Can I avoid certs (private keys) in state?>\nI could use some guidance to make sure I am not going totally against the grain of terraform. TL;DR; Can I have terraform manage an Azure Key Vault certificate without the certificate value ending up in the state file? Scenario: State backend is an Azure Storage Account TLS certs and signature certs for multiple web apps in a key vault in Azure. Let's call this vault \"Source\". A key vault \"Target\" located in the same resource group as an Application Gateway v2 (WAF SKU) The gateway has an...",
        "ts": "1590056811.063900",
        "username": "Terraform ALL the Worlds!",
        "icons": {
            "image_48": "https:\/\/s3-us-west-2.amazonaws.com\/slack-files2\/bot_icons\/2019-02-12\/548785199618_48.png"
        },
        "bot_id": "BG3N7LG73",
        "attachments": [
            {
                "service_name": "reddit",
                "title": "Can I avoid certs (private keys) in state?",
                "title_link": "https:\/\/www.reddit.com\/r\/Terraform\/comments\/gnu8iw\/can_i_avoid_certs_private_keys_in_state\/",
                "text": "I could use some guidance to make sure I am not going totally against the grain of terraform. TL;DR; Can I have terraform manage an Azure Key...",
                "fallback": "reddit: Can I avoid certs (private keys) in state?",
                "thumb_url": "https:\/\/www.redditstatic.com\/new-icon.png",
                "from_url": "https:\/\/www.reddit.com\/r\/Terraform\/comments\/gnu8iw\/can_i_avoid_certs_private_keys_in_state\/",
                "thumb_width": 256,
                "thumb_height": 256,
                "service_icon": "http:\/\/www.redditstatic.com\/desktop2x\/img\/favicon\/apple-icon-57x57.png",
                "id": 1,
                "original_url": "https:\/\/www.reddit.com\/r\/Terraform\/comments\/gnu8iw\/can_i_avoid_certs_private_keys_in_state\/"
            }
        ],
        "edited": {
            "user": "BG3N7LG73",
            "ts": "1590056811.000000"
        }
    },
    {
        "type": "message",
        "subtype": "bot_message",
        "text": "<https:\/\/www.reddit.com\/r\/Terraform\/comments\/gnwyr1\/terragrunt_applyall_in_pipeline_or_not\/|Terragrunt apply-all in pipeline or not?>\nhi all. ​ Env: Multi-account AWS with some monolithic apps on top. Minimum all the AWS Infra is managed as code, in most cases the servers are declared too. Gitlab and Gitlab Runners. ​ Splits are done such that different AWS accs have different folders within the hierarchy and terragrunt used on top, seems to work ok. I am somewhat concerned over potential blast radius - under such circumstances how do you control pipeline to only run plan and if necessary apply against say 1 requested...",
        "ts": "1590068811.064100",
        "username": "Terraform ALL the Worlds!",
        "icons": {
            "image_48": "https:\/\/s3-us-west-2.amazonaws.com\/slack-files2\/bot_icons\/2019-02-12\/548785199618_48.png"
        },
        "bot_id": "BG3N7LG73",
        "attachments": [
            {
                "service_name": "reddit",
                "title": "Terragrunt apply-all in pipeline or not?",
                "title_link": "https:\/\/www.reddit.com\/r\/Terraform\/comments\/gnwyr1\/terragrunt_applyall_in_pipeline_or_not\/",
                "text": "hi all. &amp;#x200B; Env: Multi-account AWS with some monolithic apps on top. Minimum all the AWS Infra is managed as code, in most cases the...",
                "fallback": "reddit: Terragrunt apply-all in pipeline or not?",
                "thumb_url": "https:\/\/www.redditstatic.com\/new-icon.png",
                "from_url": "https:\/\/www.reddit.com\/r\/Terraform\/comments\/gnwyr1\/terragrunt_applyall_in_pipeline_or_not\/",
                "thumb_width": 256,
                "thumb_height": 256,
                "service_icon": "http:\/\/www.redditstatic.com\/desktop2x\/img\/favicon\/apple-icon-57x57.png",
                "id": 1,
                "original_url": "https:\/\/www.reddit.com\/r\/Terraform\/comments\/gnwyr1\/terragrunt_applyall_in_pipeline_or_not\/"
            }
        ],
        "edited": {
            "user": "BG3N7LG73",
            "ts": "1590068812.000000"
        }
    },
    {
        "type": "message",
        "subtype": "bot_message",
        "text": "<https:\/\/www.reddit.com\/r\/Terraform\/comments\/gnzs7j\/create_schedules_for_update_manage_in_azure\/|Create schedules for update manage in Azure>\nSo I have been trying to get a update deployment schedule for a Linux VM created in my configuration. It seems using azurerm_automation_job_schedule and azure_automation_schedule doesn’t achieve this.  Anyone able to point me in the direction to the resources needed to create\/configure the update deployment and adding a VM to it?    submitted by   <https:\/\/www.reddit.com\/user\/PXPJC| \/u\/PXPJC > \n&lt;a...",
        "ts": "1590078412.064300",
        "username": "Terraform ALL the Worlds!",
        "icons": {
            "image_48": "https:\/\/s3-us-west-2.amazonaws.com\/slack-files2\/bot_icons\/2019-02-12\/548785199618_48.png"
        },
        "bot_id": "BG3N7LG73",
        "attachments": [
            {
                "service_name": "reddit",
                "title": "Create schedules for update manage in Azure",
                "title_link": "https:\/\/www.reddit.com\/r\/Terraform\/comments\/gnzs7j\/create_schedules_for_update_manage_in_azure\/",
                "text": "So I have been trying to get a update deployment schedule for a Linux VM created in my configuration. It seems using...",
                "fallback": "reddit: Create schedules for update manage in Azure",
                "thumb_url": "https:\/\/www.redditstatic.com\/new-icon.png",
                "from_url": "https:\/\/www.reddit.com\/r\/Terraform\/comments\/gnzs7j\/create_schedules_for_update_manage_in_azure\/",
                "thumb_width": 256,
                "thumb_height": 256,
                "service_icon": "http:\/\/www.redditstatic.com\/desktop2x\/img\/favicon\/apple-icon-57x57.png",
                "id": 1,
                "original_url": "https:\/\/www.reddit.com\/r\/Terraform\/comments\/gnzs7j\/create_schedules_for_update_manage_in_azure\/"
            },
            {
                "title": "overview for PXPJC",
                "title_link": "https:\/\/www.reddit.com\/user\/PXPJC",
                "text": "The u\/PXPJC community on Reddit. Reddit gives you the best of the internet in one place.",
                "fallback": "overview for PXPJC",
                "from_url": "https:\/\/www.reddit.com\/user\/PXPJC",
                "service_icon": "http:\/\/www.redditstatic.com\/desktop2x\/img\/favicon\/apple-icon-57x57.png",
                "service_name": "reddit.com",
                "id": 2,
                "original_url": "https:\/\/www.reddit.com\/user\/PXPJC"
            }
        ],
        "edited": {
            "user": "BG3N7LG73",
            "ts": "1590078413.000000"
        }
    },
    {
        "type": "message",
        "subtype": "bot_message",
        "text": "<https:\/\/www.reddit.com\/r\/Terraform\/comments\/go3k77\/tags_for_resources_shared_in_aws_resource_access\/|Tags for resources shared in AWS Resource Access Manager in accepting accounts>\nI’m sharing subnets to an OU in AWS Organizations with Resource Access Manager as part of a Terraform deployment. Does anyone know of a good way (maybe not with Terraform but another tool) to run a script on a new account that joins that OU and has access to the shared subnets to tag those subnets so that I can use those tags in future Terraform projects? I know AWS is working on a solution on their side for this rather common complaint but I’ve done my usual Google searching and I’m coming...",
        "ts": "1590090415.064500",
        "username": "Terraform ALL the Worlds!",
        "icons": {
            "image_48": "https:\/\/s3-us-west-2.amazonaws.com\/slack-files2\/bot_icons\/2019-02-12\/548785199618_48.png"
        },
        "bot_id": "BG3N7LG73",
        "attachments": [
            {
                "service_name": "reddit",
                "title": "Tags for resources shared in AWS Resource Access Manager in accepting accounts",
                "title_link": "https:\/\/www.reddit.com\/r\/Terraform\/comments\/go3k77\/tags_for_resources_shared_in_aws_resource_access\/",
                "text": "I’m sharing subnets to an OU in AWS Organizations with Resource Access Manager as part of a Terraform deployment. Does anyone know of a good way...",
                "fallback": "reddit: Tags for resources shared in AWS Resource Access Manager in accepting accounts",
                "thumb_url": "https:\/\/www.redditstatic.com\/new-icon.png",
                "from_url": "https:\/\/www.reddit.com\/r\/Terraform\/comments\/go3k77\/tags_for_resources_shared_in_aws_resource_access\/",
                "thumb_width": 256,
                "thumb_height": 256,
                "service_icon": "http:\/\/www.redditstatic.com\/desktop2x\/img\/favicon\/apple-icon-57x57.png",
                "id": 1,
                "original_url": "https:\/\/www.reddit.com\/r\/Terraform\/comments\/go3k77\/tags_for_resources_shared_in_aws_resource_access\/"
            }
        ],
        "edited": {
            "user": "BG3N7LG73",
            "ts": "1590090416.000000"
        }
    },
    {
        "type": "message",
        "subtype": "bot_message",
        "text": "<https:\/\/www.reddit.com\/r\/Terraform\/comments\/go4ap8\/pass_optional_security_group_to_lc_inside_of\/|Pass Optional Security Group to LC inside of Module>\nI have a launch configuration which is part of a module that creates a bunch of infrastructure. Currently, the module is applying some generic security groups for internal VPC access. What I would like to do is to be able to pass into the module an additional optional security group, since not all users of the module would want to use that feature. I am not sure how to pass the security group as an optional parameter to my module, and also what would be the syntax to add it to the list of...",
        "ts": "1590092814.064700",
        "username": "Terraform ALL the Worlds!",
        "icons": {
            "image_48": "https:\/\/s3-us-west-2.amazonaws.com\/slack-files2\/bot_icons\/2019-02-12\/548785199618_48.png"
        },
        "bot_id": "BG3N7LG73",
        "attachments": [
            {
                "service_name": "reddit",
                "title": "Pass Optional Security Group to LC inside of Module",
                "title_link": "https:\/\/www.reddit.com\/r\/Terraform\/comments\/go4ap8\/pass_optional_security_group_to_lc_inside_of\/",
                "text": "I have a launch configuration which is part of a module that creates a bunch of infrastructure. Currently, the module is applying some generic...",
                "fallback": "reddit: Pass Optional Security Group to LC inside of Module",
                "thumb_url": "https:\/\/www.redditstatic.com\/new-icon.png",
                "from_url": "https:\/\/www.reddit.com\/r\/Terraform\/comments\/go4ap8\/pass_optional_security_group_to_lc_inside_of\/",
                "thumb_width": 256,
                "thumb_height": 256,
                "service_icon": "http:\/\/www.redditstatic.com\/desktop2x\/img\/favicon\/apple-icon-57x57.png",
                "id": 1,
                "original_url": "https:\/\/www.reddit.com\/r\/Terraform\/comments\/go4ap8\/pass_optional_security_group_to_lc_inside_of\/"
            }
        ],
        "edited": {
            "user": "BG3N7LG73",
            "ts": "1590092814.000000"
        }
    },
    {
        "type": "message",
        "subtype": "bot_message",
        "text": "<https:\/\/www.reddit.com\/r\/Terraform\/comments\/goazez\/making_certain_variables_available_from_main_tf\/|Making certain variables available from main tf to modules and between modules.>\nTrying to feed variables like the project name, network name via variables so that I don't have to manually keep writing them into various templates. But I seems variables are only visible to their own module folder.  New to this, am I missing something? Was easy with parameter store in Aws but now trying GCP with Terraform and can't seem to work it out.    submitted by   <https:\/\/www.reddit.com\/user\/defeatedbythecat| \/u\/defeatedbythecat > \n&lt;a...",
        "ts": "1590115611.064900",
        "username": "Terraform ALL the Worlds!",
        "icons": {
            "image_48": "https:\/\/s3-us-west-2.amazonaws.com\/slack-files2\/bot_icons\/2019-02-12\/548785199618_48.png"
        },
        "bot_id": "BG3N7LG73",
        "attachments": [
            {
                "service_name": "reddit",
                "title": "Making certain variables available from main tf to modules and between modules.",
                "title_link": "https:\/\/www.reddit.com\/r\/Terraform\/comments\/goazez\/making_certain_variables_available_from_main_tf\/",
                "text": "Trying to feed variables like the project name, network name via variables so that I don't have to manually keep writing them into various...",
                "fallback": "reddit: Making certain variables available from main tf to modules and between modules.",
                "thumb_url": "https:\/\/www.redditstatic.com\/new-icon.png",
                "from_url": "https:\/\/www.reddit.com\/r\/Terraform\/comments\/goazez\/making_certain_variables_available_from_main_tf\/",
                "thumb_width": 256,
                "thumb_height": 256,
                "service_icon": "http:\/\/www.redditstatic.com\/desktop2x\/img\/favicon\/apple-icon-57x57.png",
                "id": 1,
                "original_url": "https:\/\/www.reddit.com\/r\/Terraform\/comments\/goazez\/making_certain_variables_available_from_main_tf\/"
            },
            {
                "title": "overview for defeatedbythecat",
                "title_link": "https:\/\/www.reddit.com\/user\/defeatedbythecat",
                "text": "The u\/defeatedbythecat community on Reddit. Reddit gives you the best of the internet in one place.",
                "fallback": "overview for defeatedbythecat",
                "from_url": "https:\/\/www.reddit.com\/user\/defeatedbythecat",
                "service_icon": "http:\/\/www.redditstatic.com\/desktop2x\/img\/favicon\/apple-icon-57x57.png",
                "service_name": "reddit.com",
                "id": 2,
                "original_url": "https:\/\/www.reddit.com\/user\/defeatedbythecat"
            }
        ],
        "edited": {
            "user": "BG3N7LG73",
            "ts": "1590115611.000000"
        }
    },
    {
        "type": "message",
        "subtype": "bot_message",
        "text": "<https:\/\/www.reddit.com\/r\/Terraform\/comments\/gocoyp\/module_output_propagation_is_there_a_better\/|Module output propagation - Is there a better approach?>\nNesting resources by folder structure makes sense: a\/ b1\/c1\/d1 b2\/c2\/d2 <http:\/\/main.tf|main.tf>  But if d1 would like to reference d2.resource.url, you would end up with a chain of outputs to propagate the url to a\/, followed by a chain of variables to propagate it down to d1. output \"propagated_url\" { value = child_folder.output.propagated_url }  Is there a better way to do this?    submitted by   <https:\/\/www.reddit.com\/user\/dexterleng| \/u\/dexterleng > \n&lt;a...",
        "ts": "1590122809.065100",
        "username": "Terraform ALL the Worlds!",
        "icons": {
            "image_48": "https:\/\/s3-us-west-2.amazonaws.com\/slack-files2\/bot_icons\/2019-02-12\/548785199618_48.png"
        },
        "bot_id": "BG3N7LG73",
        "attachments": [
            {
                "service_name": "reddit",
                "title": "Module output propagation - Is there a better approach?",
                "title_link": "https:\/\/www.reddit.com\/r\/Terraform\/comments\/gocoyp\/module_output_propagation_is_there_a_better\/",
                "text": "Nesting resources by folder structure makes sense: a\/ b1\/c1\/d1 b2\/c2\/d2 <http:\/\/main.tf|main.tf> But if d1 would like to reference...",
                "fallback": "reddit: Module output propagation - Is there a better approach?",
                "thumb_url": "https:\/\/www.redditstatic.com\/new-icon.png",
                "from_url": "https:\/\/www.reddit.com\/r\/Terraform\/comments\/gocoyp\/module_output_propagation_is_there_a_better\/",
                "thumb_width": 256,
                "thumb_height": 256,
                "service_icon": "http:\/\/www.redditstatic.com\/desktop2x\/img\/favicon\/apple-icon-57x57.png",
                "id": 1,
                "original_url": "https:\/\/www.reddit.com\/r\/Terraform\/comments\/gocoyp\/module_output_propagation_is_there_a_better\/"
            },
            {
                "title": "overview for dexterleng",
                "title_link": "https:\/\/www.reddit.com\/user\/dexterleng",
                "text": "The u\/dexterleng community on Reddit. Reddit gives you the best of the internet in one place.",
                "fallback": "overview for dexterleng",
                "from_url": "https:\/\/www.reddit.com\/user\/dexterleng",
                "service_icon": "http:\/\/www.redditstatic.com\/desktop2x\/img\/favicon\/apple-icon-57x57.png",
                "service_name": "reddit.com",
                "id": 2,
                "original_url": "https:\/\/www.reddit.com\/user\/dexterleng"
            }
        ],
        "edited": {
            "user": "BG3N7LG73",
            "ts": "1590122809.000000"
        }
    },
    {
        "type": "message",
        "subtype": "bot_message",
        "text": "<https:\/\/www.google.com\/url?rct=j&amp;sa=t&amp;url=https:\/\/www.infoq.com\/jp\/news\/2020\/05\/spotify-terraform-kubeflow\/&amp;ct=ga&amp;cd=CAIyHDMwMTY1OGE1ZDI5NDAyNzE6Y28uanA6amE6SlA&amp;usg=AFQjCNEY-Toh6PKsgLl7IENE3az1qpt9gA|SpotifyがKubeflow MLパイプライン用の&lt;b&gt;Terraform&lt;\/b&gt;モジュールをオープンソースとして公開>\nこのクラスタはGoogle Kubernetes Engine(GKE)上にホストされ、Terraformを使って設定されている。 Kubeflow Pipelinesは現在成長中の分野である、マシン ...",
        "ts": "1590124428.065300",
        "username": "Google アラート - terraform",
        "icons": {
            "image_36": "https:\/\/a.slack-edge.com\/80588\/img\/services\/rss_36.png",
            "image_48": "https:\/\/a.slack-edge.com\/80588\/img\/services\/rss_48.png",
            "image_72": "https:\/\/a.slack-edge.com\/80588\/img\/services\/rss_72.png"
        },
        "bot_id": "BG3N7LG73"
    }
]