[
    {
        "type": "message",
        "subtype": "bot_message",
        "text": "<https:\/\/www.reddit.com\/r\/Terraform\/comments\/gon109\/strongloop_or_similar_as_an_http_backend\/|strongloop (or similar) as an http backend?>\nHi folks. We have strongloop at work which is really just a frontend to mongodb. It allows you to make up schemas and then use http operators to put and post data so I figured it would be the ticket for a TF state store. I mocked up a terraform TF state file in there for the schema: { \"lineage\": \"string\", \"version\": 0, \"serial\": 0, \"terraform_version\": \"string\", \"outputs\": {}, \"resources\": [ {} ] }  the first problem I ran into was that querying the collection returned an array of those...",
        "ts": "1590167213.065400",
        "username": "Terraform ALL the Worlds!",
        "icons": {
            "image_48": "https:\/\/s3-us-west-2.amazonaws.com\/slack-files2\/bot_icons\/2019-02-12\/548785199618_48.png"
        },
        "bot_id": "BG3N7LG73",
        "attachments": [
            {
                "service_name": "reddit",
                "title": "strongloop (or similar) as an http backend?",
                "title_link": "https:\/\/www.reddit.com\/r\/Terraform\/comments\/gon109\/strongloop_or_similar_as_an_http_backend\/",
                "text": "Hi folks. We have strongloop at work which is really just a frontend to mongodb. It allows you to make up schemas and then use http operators to...",
                "fallback": "reddit: strongloop (or similar) as an http backend?",
                "thumb_url": "https:\/\/www.redditstatic.com\/new-icon.png",
                "from_url": "https:\/\/www.reddit.com\/r\/Terraform\/comments\/gon109\/strongloop_or_similar_as_an_http_backend\/",
                "thumb_width": 256,
                "thumb_height": 256,
                "service_icon": "http:\/\/www.redditstatic.com\/desktop2x\/img\/favicon\/apple-icon-57x57.png",
                "id": 1,
                "original_url": "https:\/\/www.reddit.com\/r\/Terraform\/comments\/gon109\/strongloop_or_similar_as_an_http_backend\/"
            }
        ],
        "edited": {
            "user": "BG3N7LG73",
            "ts": "1590167213.000000"
        }
    },
    {
        "type": "message",
        "subtype": "bot_message",
        "text": "<https:\/\/www.reddit.com\/r\/Terraform\/comments\/goq6dg\/error_failed_to_instantiate_provider_my_provider\/|Error: Failed to instantiate provider \"my_provider\" to obtain schema: Unrecognized remote plugin message>\nHi All, So one of the current providers didn't do what I wanted so I decided to take it and modify it (whilst learning how to program at the same time!) - My advice, don't do it, Golang is mind blowing! Anyways, I built and compiled my provider, got it installed and everything was working great, created some resources etc.. Then Today, I was told my Terraform version wasn't up-to-date, and that the state file was at the newer version (Yep, someone else is also playing with the state file) so...",
        "ts": "1590176815.065600",
        "username": "Terraform ALL the Worlds!",
        "icons": {
            "image_48": "https:\/\/s3-us-west-2.amazonaws.com\/slack-files2\/bot_icons\/2019-02-12\/548785199618_48.png"
        },
        "bot_id": "BG3N7LG73",
        "attachments": [
            {
                "service_name": "reddit",
                "title": "Error: Failed to instantiate provider \"my_provider\" to obtain schema: Unrecognized remote plugin message",
                "title_link": "https:\/\/www.reddit.com\/r\/Terraform\/comments\/goq6dg\/error_failed_to_instantiate_provider_my_provider\/",
                "text": "Hi All, So one of the current providers didn't do what I wanted so I decided to take it and modify it (whilst learning how to program at the same...",
                "fallback": "reddit: Error: Failed to instantiate provider \"my_provider\" to obtain schema: Unrecognized remote plugin message",
                "thumb_url": "https:\/\/www.redditstatic.com\/new-icon.png",
                "from_url": "https:\/\/www.reddit.com\/r\/Terraform\/comments\/goq6dg\/error_failed_to_instantiate_provider_my_provider\/",
                "thumb_width": 256,
                "thumb_height": 256,
                "service_icon": "http:\/\/www.redditstatic.com\/desktop2x\/img\/favicon\/apple-icon-57x57.png",
                "id": 1,
                "original_url": "https:\/\/www.reddit.com\/r\/Terraform\/comments\/goq6dg\/error_failed_to_instantiate_provider_my_provider\/"
            }
        ],
        "edited": {
            "user": "BG3N7LG73",
            "ts": "1590176815.000000"
        }
    },
    {
        "type": "message",
        "subtype": "bot_message",
        "text": "<https:\/\/www.reddit.com\/r\/Terraform\/comments\/goqhck\/is_there_a_way_to_skip_destroying_children\/|Is there a way to skip destroying children resources if the parent is set to be destroyed anyway?>\nMy use case is that I have an AKS cluster, and would like to skip deleting the internal resources of that cluster in the event that I am destroying the cluster itself. It would be great since destroying a namespace sometimes takes up to 8 minutes, and then the cluster takes another 10. I looked online, but maybe I'm not using the right keywords, I can't seem to find anything.    submitted by   <https:\/\/www.reddit.com\/user\/madx23| \/u\/madx23 > \n&lt;a...",
        "ts": "1590178013.065800",
        "username": "Terraform ALL the Worlds!",
        "icons": {
            "image_48": "https:\/\/s3-us-west-2.amazonaws.com\/slack-files2\/bot_icons\/2019-02-12\/548785199618_48.png"
        },
        "bot_id": "BG3N7LG73",
        "attachments": [
            {
                "service_name": "reddit",
                "title": "Is there a way to skip destroying children resources if the parent is set to be destroyed anyway?",
                "title_link": "https:\/\/www.reddit.com\/r\/Terraform\/comments\/goqhck\/is_there_a_way_to_skip_destroying_children\/",
                "text": "My use case is that I have an AKS cluster, and would like to skip deleting the internal resources of that cluster in the event that I am...",
                "fallback": "reddit: Is there a way to skip destroying children resources if the parent is set to be destroyed anyway?",
                "thumb_url": "https:\/\/www.redditstatic.com\/new-icon.png",
                "from_url": "https:\/\/www.reddit.com\/r\/Terraform\/comments\/goqhck\/is_there_a_way_to_skip_destroying_children\/",
                "thumb_width": 256,
                "thumb_height": 256,
                "service_icon": "http:\/\/www.redditstatic.com\/desktop2x\/img\/favicon\/apple-icon-57x57.png",
                "id": 1,
                "original_url": "https:\/\/www.reddit.com\/r\/Terraform\/comments\/goqhck\/is_there_a_way_to_skip_destroying_children\/"
            },
            {
                "title": "overview for madx23",
                "title_link": "https:\/\/www.reddit.com\/user\/madx23",
                "text": "The u\/madx23 community on Reddit. Reddit gives you the best of the internet in one place.",
                "fallback": "overview for madx23",
                "from_url": "https:\/\/www.reddit.com\/user\/madx23",
                "service_icon": "http:\/\/www.redditstatic.com\/desktop2x\/img\/favicon\/apple-icon-57x57.png",
                "service_name": "reddit.com",
                "id": 2,
                "original_url": "https:\/\/www.reddit.com\/user\/madx23"
            }
        ],
        "edited": {
            "user": "BG3N7LG73",
            "ts": "1590178013.000000"
        }
    }
]