[
    {
        "type": "message",
        "subtype": "bot_message",
        "text": "<https:\/\/www.reddit.com\/r\/Terraform\/comments\/gp1qf7\/gke_cluster\/|Gke cluster>\nI am getting a very unusual error while creating a gke cluster using Terraform, it says the <http:\/\/compute.googleapis.com|compute.googleapis.com> is not enabled on the project however it is, these are the overall steps I am performing through Terraform: Create project Enable billing Enable apis (billing, cloudresource manager, compute, container, more) Create vpc, subnets Create private gke cluster I can see vpc and subnets getting created and that implies the compute engine api is enabled before terraform tries to create...",
        "ts": "1590224809.066000",
        "username": "Terraform ALL the Worlds!",
        "icons": {
            "image_48": "https:\/\/s3-us-west-2.amazonaws.com\/slack-files2\/bot_icons\/2019-02-12\/548785199618_48.png"
        },
        "bot_id": "BG3N7LG73",
        "attachments": [
            {
                "service_name": "reddit",
                "title": "Gke cluster",
                "title_link": "https:\/\/www.reddit.com\/r\/Terraform\/comments\/gp1qf7\/gke_cluster\/",
                "text": "I am getting a very unusual error while creating a gke cluster using Terraform, it says the <http:\/\/compute.googleapis.com|compute.googleapis.com> is not enabled on the project...",
                "fallback": "reddit: Gke cluster",
                "thumb_url": "https:\/\/www.redditstatic.com\/new-icon.png",
                "from_url": "https:\/\/www.reddit.com\/r\/Terraform\/comments\/gp1qf7\/gke_cluster\/",
                "thumb_width": 256,
                "thumb_height": 256,
                "service_icon": "http:\/\/www.redditstatic.com\/desktop2x\/img\/favicon\/apple-icon-57x57.png",
                "id": 1,
                "original_url": "https:\/\/www.reddit.com\/r\/Terraform\/comments\/gp1qf7\/gke_cluster\/"
            }
        ],
        "edited": {
            "user": "BG3N7LG73",
            "ts": "1590224809.000000"
        }
    },
    {
        "type": "message",
        "subtype": "bot_message",
        "text": "<https:\/\/www.reddit.com\/r\/Terraform\/comments\/gp462w\/temporary_infrastructure\/|Temporary infrastructure>\nHello, I am new to Terraform. My use case is to spin up a VM with a restore of recent production snapshot once a week for database consistency checks. Once the check is clean, I'd tear down the VM. Would Terraform be the correct tool for a task like that?    submitted by   <https:\/\/www.reddit.com\/user\/whatisapubliccloud| \/u\/whatisapubliccloud > \n<https:\/\/www.reddit.com\/r\/Terraform\/comments\/gp462w\/temporary_infrastructure\/|[link]>   &lt;a...",
        "ts": "1590238012.066200",
        "username": "Terraform ALL the Worlds!",
        "icons": {
            "image_48": "https:\/\/s3-us-west-2.amazonaws.com\/slack-files2\/bot_icons\/2019-02-12\/548785199618_48.png"
        },
        "bot_id": "BG3N7LG73",
        "attachments": [
            {
                "service_name": "reddit",
                "title": "Temporary infrastructure",
                "title_link": "https:\/\/www.reddit.com\/r\/Terraform\/comments\/gp462w\/temporary_infrastructure\/",
                "text": "Hello, I am new to Terraform. My use case is to spin up a VM with a restore of recent production snapshot once a week for database consistency...",
                "fallback": "reddit: Temporary infrastructure",
                "thumb_url": "https:\/\/www.redditstatic.com\/new-icon.png",
                "from_url": "https:\/\/www.reddit.com\/r\/Terraform\/comments\/gp462w\/temporary_infrastructure\/",
                "thumb_width": 256,
                "thumb_height": 256,
                "service_icon": "http:\/\/www.redditstatic.com\/desktop2x\/img\/favicon\/apple-icon-57x57.png",
                "id": 1,
                "original_url": "https:\/\/www.reddit.com\/r\/Terraform\/comments\/gp462w\/temporary_infrastructure\/"
            },
            {
                "title": "overview for whatisapubliccloud",
                "title_link": "https:\/\/www.reddit.com\/user\/whatisapubliccloud",
                "text": "The u\/whatisapubliccloud community on Reddit. Reddit gives you the best of the internet in one place.",
                "fallback": "overview for whatisapubliccloud",
                "from_url": "https:\/\/www.reddit.com\/user\/whatisapubliccloud",
                "service_icon": "http:\/\/www.redditstatic.com\/desktop2x\/img\/favicon\/apple-icon-57x57.png",
                "service_name": "reddit.com",
                "id": 2,
                "original_url": "https:\/\/www.reddit.com\/user\/whatisapubliccloud"
            }
        ],
        "edited": {
            "user": "BG3N7LG73",
            "ts": "1590238012.000000"
        }
    },
    {
        "type": "message",
        "subtype": "bot_message",
        "text": "<https:\/\/www.reddit.com\/r\/Terraform\/comments\/gp5th9\/infrastructure_as_code_best_practices\/|Infrastructure as Code Best Practices?>\nHello All, I've recently been approached about potentially publishing an Infrastructure as Code book. While I certainly have plenty of ideas, I wanted to get a general sense of what do actual practitioners need to learn in order to be successful with IAC? I was thinking to have 3 parts to the book, 1 that focuses on executive leadership and tells the \"why\" story of IAC, 1 that focuses on the technical implementation of IAC, and the last that focuses on architectural patterns and use cases....",
        "ts": "1590245213.066400",
        "username": "Terraform ALL the Worlds!",
        "icons": {
            "image_48": "https:\/\/s3-us-west-2.amazonaws.com\/slack-files2\/bot_icons\/2019-02-12\/548785199618_48.png"
        },
        "bot_id": "BG3N7LG73",
        "attachments": [
            {
                "service_name": "reddit",
                "title": "Infrastructure as Code Best Practices?",
                "title_link": "https:\/\/www.reddit.com\/r\/Terraform\/comments\/gp5th9\/infrastructure_as_code_best_practices\/",
                "text": "Hello All, I've recently been approached about potentially publishing an Infrastructure as Code book. While I certainly have plenty of ideas, I...",
                "fallback": "reddit: Infrastructure as Code Best Practices?",
                "thumb_url": "https:\/\/www.redditstatic.com\/new-icon.png",
                "from_url": "https:\/\/www.reddit.com\/r\/Terraform\/comments\/gp5th9\/infrastructure_as_code_best_practices\/",
                "thumb_width": 256,
                "thumb_height": 256,
                "service_icon": "http:\/\/www.redditstatic.com\/desktop2x\/img\/favicon\/apple-icon-57x57.png",
                "id": 1,
                "original_url": "https:\/\/www.reddit.com\/r\/Terraform\/comments\/gp5th9\/infrastructure_as_code_best_practices\/"
            }
        ],
        "edited": {
            "user": "BG3N7LG73",
            "ts": "1590245214.000000"
        }
    },
    {
        "type": "message",
        "subtype": "bot_message",
        "text": "<https:\/\/www.reddit.com\/r\/Terraform\/comments\/gp73f6\/aws_by_terraform_and_ansible\/|Aws by terraform and ansible>\nHey everyone. I created the aws free tier instance , but how do I imply Ansible inventory and Ansible in gerneral to install something like apache.    submitted by   <https:\/\/www.reddit.com\/user\/Rausitiis| \/u\/Rausitiis > \n<https:\/\/www.reddit.com\/r\/Terraform\/comments\/gp73f6\/aws_by_terraform_and_ansible\/|[link]>   <https:\/\/www.reddit.com\/r\/Terraform\/comments\/gp73f6\/aws_by_terraform_and_ansible\/|[comments]>",
        "ts": "1590248810.066600",
        "username": "Terraform ALL the Worlds!",
        "icons": {
            "image_48": "https:\/\/s3-us-west-2.amazonaws.com\/slack-files2\/bot_icons\/2019-02-12\/548785199618_48.png"
        },
        "bot_id": "BG3N7LG73",
        "attachments": [
            {
                "service_name": "reddit",
                "title": "Aws by terraform and ansible",
                "title_link": "https:\/\/www.reddit.com\/r\/Terraform\/comments\/gp73f6\/aws_by_terraform_and_ansible\/",
                "text": "Hey everyone. I created the aws free tier instance , but how do I imply Ansible inventory and Ansible in gerneral to install something like apache.",
                "fallback": "reddit: Aws by terraform and ansible",
                "thumb_url": "https:\/\/www.redditstatic.com\/new-icon.png",
                "from_url": "https:\/\/www.reddit.com\/r\/Terraform\/comments\/gp73f6\/aws_by_terraform_and_ansible\/",
                "thumb_width": 256,
                "thumb_height": 256,
                "service_icon": "http:\/\/www.redditstatic.com\/desktop2x\/img\/favicon\/apple-icon-57x57.png",
                "id": 1,
                "original_url": "https:\/\/www.reddit.com\/r\/Terraform\/comments\/gp73f6\/aws_by_terraform_and_ansible\/"
            },
            {
                "title": "overview for Rausitiis",
                "title_link": "https:\/\/www.reddit.com\/user\/Rausitiis",
                "text": "The u\/Rausitiis community on Reddit. Reddit gives you the best of the internet in one place.",
                "fallback": "overview for Rausitiis",
                "from_url": "https:\/\/www.reddit.com\/user\/Rausitiis",
                "service_icon": "http:\/\/www.redditstatic.com\/desktop2x\/img\/favicon\/apple-icon-57x57.png",
                "service_name": "reddit.com",
                "id": 2,
                "original_url": "https:\/\/www.reddit.com\/user\/Rausitiis"
            }
        ],
        "edited": {
            "user": "BG3N7LG73",
            "ts": "1590248810.000000"
        }
    },
    {
        "type": "message",
        "subtype": "bot_message",
        "text": "<https:\/\/qiita.com\/neruneruo\/items\/d5e58b4013debdf9ebbe|Terraformの初心者がAmazon EC2に実行環境を作ってECS Fargateなアプリの自動構築をしてみる>\n<https:\/\/qiita.com\/#%E5%89%8D%E6%8F%90%E6%9D%A1%E4%BB%B6>前提条件\n\n最近流行っているTerraformをとりあえず始めてみたい人向け。\n実行環境のEC2インスタンスは、t2.microなAmazon Linux2を使う。\nCloudFormation等でIaCの基礎的な部分を理解している方が、スムースに読み進められると思う。\n\n\n<https:\/\/qiita.com\/#%E3%82%A4%E3%83%B3%E3%82%B9%E3%83%88%E3%83%BC%E3%83%AB>インストール\n\nとりあえず、インストールしたいバージョンを調べる。\n\n$ curl <https:\/\/releases.hashicorp.com\/terraform\/>\n\n\nHTMLで出てくるけどこれくらいなら読めるでしょ。\n\nで、目的のバージョンをwgetで取得する。今回は0.12.25を選択した前提。\n\n$ wget...",
        "ts": "1590249411.066800",
        "username": "Terraformタグが付けられた新着記事 - Qiita",
        "icons": {
            "image_36": "https:\/\/a.slack-edge.com\/80588\/img\/services\/rss_36.png",
            "image_48": "https:\/\/a.slack-edge.com\/80588\/img\/services\/rss_48.png",
            "image_72": "https:\/\/a.slack-edge.com\/80588\/img\/services\/rss_72.png"
        },
        "bot_id": "BG3N7LG73",
        "attachments": [
            {
                "service_name": "Qiita",
                "title": "Terraformの初心者がAmazon EC2に実行環境を作ってECS Fargateなアプリの自動構築をしてみる - Qiita",
                "title_link": "https:\/\/qiita.com\/neruneruo\/items\/d5e58b4013debdf9ebbe",
                "text": "前提条件 最近流行っているTerraformをとりあえず始めてみたい人向け。 実行環境のEC2インスタンスは、t2.microなAmazon Linux2を使う。 CloudFormation等でIaCの基礎的な部分を理解してい...",
                "fallback": "Qiita: Terraformの初心者がAmazon EC2に実行環境を作ってECS Fargateなアプリの自動構築をしてみる - Qiita",
                "image_url": "https:\/\/qiita-user-contents.imgix.net\/https%3A%2F%2Fcdn.qiita.com%2Fassets%2Fpublic%2Farticle-ogp-background-1150d8b18a7c15795b701a55ae908f94.png?ixlib=rb-1.2.2&w=1200&mark=https%3A%2F%2Fqiita-user-contents.imgix.net%2F~text%3Fixlib%3Drb-1.2.2%26w%3D840%26h%3D380%26txt%3DTerraform%25E3%2581%25AE%25E5%2588%259D%25E5%25BF%2583%25E8%2580%2585%25E3%2581%258CAmazon%2520EC2%25E3%2581%25AB%25E5%25AE%259F%25E8%25A1%258C%25E7%2592%25B0%25E5%25A2%2583%25E3%2582%2592%25E4%25BD%259C%25E3%2581%25A3%25E3%2581%25A6ECS%2520Fargate%25E3%2581%25AA%25E3%2582%25A2%25E3%2583%2597%25E3%2583%25AA%25E3%2581%25AE%25E8%2587%25AA%25E5%258B%2595%25E6%25A7%258B%25E7%25AF%2589%25E3%2582%2592%25E3%2581%2597%25E3%2581%25A6%25E3%2581%25BF%25E3%2582%258B%26txt-color%3D%2523333%26txt-font%3DAvenir-Black%26txt-size%3D54%26txt-clip%3Dellipsis%26txt-align%3Dcenter%252Cmiddle%26s%3D71e0948d38a3468c185901727fc8c3fb&mark-align=center%2Cmiddle&blend=https%3A%2F%2Fqiita-user-contents.imgix.net%2F~text%3Fixlib%3Drb-1.2.2%26w%3D840%26h%3D500%26txt%3D%2540neruneruo%26txt-color%3D%2523333%26txt-font%3DAvenir-Black%26txt-size%3D45%26txt-align%3Dright%252Cbottom%26s%3Db63ddde6447bdcb85a11d65d587a41a2&blend-align=center%2Cmiddle&blend-mode=normal&s=55393211001967ef91a1c5415a789da7",
                "from_url": "https:\/\/qiita.com\/neruneruo\/items\/d5e58b4013debdf9ebbe",
                "image_width": 476,
                "image_height": 250,
                "image_bytes": 71100,
                "service_icon": "https:\/\/cdn.qiita.com\/assets\/favicons\/public\/apple-touch-icon-ec5ba42a24ae923f16825592efdc356f.png",
                "id": 1,
                "original_url": "https:\/\/qiita.com\/neruneruo\/items\/d5e58b4013debdf9ebbe"
            },
            {
                "service_name": "Qiita",
                "title": "プログラマの技術情報共有サービス - Qiita",
                "title_link": "https:\/\/qiita.com\/#%E5%89%8D%E6%8F%90%E6%9D%A1%E4%BB%B6",
                "text": "Qiitaは、プログラマのための技術情報共有サービスです。 プログラミングに関するTips、ノウハウ、メモを簡単に記録 &amp; 公開することができます。",
                "fallback": "Qiita: プログラマの技術情報共有サービス - Qiita",
                "thumb_url": "https:\/\/cdn.qiita.com\/assets\/qiita-fb-fe28c64039d925349e620ba55091e078.png",
                "from_url": "https:\/\/qiita.com\/#%E5%89%8D%E6%8F%90%E6%9D%A1%E4%BB%B6",
                "thumb_width": 1200,
                "thumb_height": 630,
                "service_icon": "https:\/\/cdn.qiita.com\/assets\/favicons\/public\/apple-touch-icon-ec5ba42a24ae923f16825592efdc356f.png",
                "id": 2,
                "original_url": "https:\/\/qiita.com\/#%E5%89%8D%E6%8F%90%E6%9D%A1%E4%BB%B6"
            },
            {
                "service_name": "Qiita",
                "title": "プログラマの技術情報共有サービス - Qiita",
                "title_link": "https:\/\/qiita.com\/#%E3%82%A4%E3%83%B3%E3%82%B9%E3%83%88%E3%83%BC%E3%83%AB",
                "text": "Qiitaは、プログラマのための技術情報共有サービスです。 プログラミングに関するTips、ノウハウ、メモを簡単に記録 &amp; 公開することができます。",
                "fallback": "Qiita: プログラマの技術情報共有サービス - Qiita",
                "thumb_url": "https:\/\/cdn.qiita.com\/assets\/qiita-fb-fe28c64039d925349e620ba55091e078.png",
                "from_url": "https:\/\/qiita.com\/#%E3%82%A4%E3%83%B3%E3%82%B9%E3%83%88%E3%83%BC%E3%83%AB",
                "thumb_width": 1200,
                "thumb_height": 630,
                "service_icon": "https:\/\/cdn.qiita.com\/assets\/favicons\/public\/apple-touch-icon-ec5ba42a24ae923f16825592efdc356f.png",
                "id": 3,
                "original_url": "https:\/\/qiita.com\/#%E3%82%A4%E3%83%B3%E3%82%B9%E3%83%88%E3%83%BC%E3%83%AB"
            }
        ],
        "edited": {
            "user": "BG3N7LG73",
            "ts": "1590249411.000000"
        }
    },
    {
        "type": "message",
        "subtype": "bot_message",
        "text": "<https:\/\/www.reddit.com\/r\/Terraform\/comments\/gpc7kn\/terraform_team_workflow_question\/|Terraform team workflow question>\nHi Guys, Quick question. Lets imagine making a change to an EC2 instance in AWS, for example the instance size for performance reasons. My understanding is that in a team environment, you would make a branch and then make the code edit in this branch. Do a terraform plan to ensure the plan is having the ride intended effect (ie instance is modified). Once done, you make a PR to merge to master upon successful review. However, the problem with this is that sometimes a plan may look like the...",
        "ts": "1590266811.067000",
        "username": "Terraform ALL the Worlds!",
        "icons": {
            "image_48": "https:\/\/s3-us-west-2.amazonaws.com\/slack-files2\/bot_icons\/2019-02-12\/548785199618_48.png"
        },
        "bot_id": "BG3N7LG73",
        "attachments": [
            {
                "service_name": "reddit",
                "title": "Terraform team workflow question",
                "title_link": "https:\/\/www.reddit.com\/r\/Terraform\/comments\/gpc7kn\/terraform_team_workflow_question\/",
                "text": "Hi Guys, Quick question. Lets imagine making a change to an EC2 instance in AWS, for example the instance size for performance reasons. My...",
                "fallback": "reddit: Terraform team workflow question",
                "thumb_url": "https:\/\/www.redditstatic.com\/new-icon.png",
                "from_url": "https:\/\/www.reddit.com\/r\/Terraform\/comments\/gpc7kn\/terraform_team_workflow_question\/",
                "thumb_width": 256,
                "thumb_height": 256,
                "service_icon": "http:\/\/www.redditstatic.com\/desktop2x\/img\/favicon\/apple-icon-57x57.png",
                "id": 1,
                "original_url": "https:\/\/www.reddit.com\/r\/Terraform\/comments\/gpc7kn\/terraform_team_workflow_question\/"
            }
        ],
        "edited": {
            "user": "BG3N7LG73",
            "ts": "1590266812.000000"
        }
    }
]