[
    {
        "type": "message",
        "subtype": "bot_message",
        "text": "<https:\/\/www.reddit.com\/r\/Terraform\/comments\/gjnxd6\/add_multiple_compute_instances_to_an_instance\/|add multiple compute instances to an instance group GCP>\nHi everyone! I've just started working with Terraform and I'm loving it so far. However I got stuck on something: I need to create multiple identical vm instances and then add them to an instace group. The creation of multiple instances was succesfull, but I can't figure out how I can add all of them to an instance group. Here my code: #creation of a vm instance resource \"google_compute_instance\" \"webserver\" { #create 2 instances, you can edit this number for more instances count = 2 name =...",
        "ts": "1589468818.054500",
        "username": "Terraform ALL the Worlds!",
        "icons": {
            "image_48": "https:\/\/s3-us-west-2.amazonaws.com\/slack-files2\/bot_icons\/2019-02-12\/548785199618_48.png"
        },
        "bot_id": "BG3N7LG73",
        "attachments": [
            {
                "service_name": "reddit",
                "title": "add multiple compute instances to an instance group GCP",
                "title_link": "https:\/\/www.reddit.com\/r\/Terraform\/comments\/gjnxd6\/add_multiple_compute_instances_to_an_instance\/",
                "text": "Hi everyone! I've just started working with Terraform and I'm loving it so far. However I got stuck on something: I need to create multiple...",
                "fallback": "reddit: add multiple compute instances to an instance group GCP",
                "thumb_url": "https:\/\/www.redditstatic.com\/new-icon.png",
                "from_url": "https:\/\/www.reddit.com\/r\/Terraform\/comments\/gjnxd6\/add_multiple_compute_instances_to_an_instance\/",
                "thumb_width": 256,
                "thumb_height": 256,
                "service_icon": "http:\/\/www.redditstatic.com\/desktop2x\/img\/favicon\/apple-icon-57x57.png",
                "id": 1,
                "original_url": "https:\/\/www.reddit.com\/r\/Terraform\/comments\/gjnxd6\/add_multiple_compute_instances_to_an_instance\/"
            }
        ],
        "edited": {
            "user": "BG3N7LG73",
            "ts": "1589468818.000000"
        }
    },
    {
        "type": "message",
        "subtype": "bot_message",
        "text": "<https:\/\/www.reddit.com\/r\/Terraform\/comments\/gjo03r\/anonymized_secure_and_free_terraform_cost\/|Anonymized, secure, and free Terraform cost estimation based on Terraform plan (0.12+) or Terraform state (any version)>\nsubmitted by   <https:\/\/www.reddit.com\/user\/antonbabenko| \/u\/antonbabenko > \n<https:\/\/github.com\/antonbabenko\/terraform-cost-estimation|[link]>   <https:\/\/www.reddit.com\/r\/Terraform\/comments\/gjo03r\/anonymized_secure_and_free_terraform_cost\/|[comments]>",
        "ts": "1589468818.054600",
        "username": "Terraform ALL the Worlds!",
        "icons": {
            "image_48": "https:\/\/s3-us-west-2.amazonaws.com\/slack-files2\/bot_icons\/2019-02-12\/548785199618_48.png"
        },
        "bot_id": "BG3N7LG73",
        "attachments": [
            {
                "service_name": "reddit",
                "title": "Anonymized, secure, and free Terraform cost estimation based on Terraform plan (0.12+) or Terraform state (any version)",
                "title_link": "https:\/\/www.reddit.com\/r\/Terraform\/comments\/gjo03r\/anonymized_secure_and_free_terraform_cost\/",
                "text": "Posted in r\/Terraform by u\/antonbabenko • 1 point and 0 comments",
                "fallback": "reddit: Anonymized, secure, and free Terraform cost estimation based on Terraform plan (0.12+) or Terraform state (any version)",
                "thumb_url": "https:\/\/b.thumbs.redditmedia.com\/MO5hsf3ifzBr7vRTSVSFQNWzMYHkq6c-2GSYMO0jlPQ.jpg",
                "from_url": "https:\/\/www.reddit.com\/r\/Terraform\/comments\/gjo03r\/anonymized_secure_and_free_terraform_cost\/",
                "thumb_width": 140,
                "thumb_height": 70,
                "service_icon": "http:\/\/www.redditstatic.com\/desktop2x\/img\/favicon\/apple-icon-57x57.png",
                "id": 1,
                "original_url": "https:\/\/www.reddit.com\/r\/Terraform\/comments\/gjo03r\/anonymized_secure_and_free_terraform_cost\/"
            },
            {
                "title": "overview for antonbabenko",
                "title_link": "https:\/\/www.reddit.com\/user\/antonbabenko",
                "text": "AWS Community Hero \/ Terraform fanatic :flag-no::flag-ua: <https:\/\/github.com\/antonbabenko>.",
                "fallback": "overview for antonbabenko",
                "from_url": "https:\/\/www.reddit.com\/user\/antonbabenko",
                "service_icon": "http:\/\/www.redditstatic.com\/desktop2x\/img\/favicon\/apple-icon-57x57.png",
                "service_name": "reddit.com",
                "id": 2,
                "original_url": "https:\/\/www.reddit.com\/user\/antonbabenko"
            },
            {
                "service_name": "GitHub",
                "title": "antonbabenko\/terraform-cost-estimation",
                "title_link": "https:\/\/github.com\/antonbabenko\/terraform-cost-estimation",
                "text": "Anonymized, secure, and free Terraform cost estimation based on Terraform plan (0.12+) or Terraform state (any version) - antonbabenko\/terraform-cost-estimation",
                "fallback": "GitHub: antonbabenko\/terraform-cost-estimation",
                "from_url": "https:\/\/github.com\/antonbabenko\/terraform-cost-estimation",
                "thumb_url": "https:\/\/repository-images.githubusercontent.com\/260142643\/eabf8b80-8f87-11ea-956c-5eaa11e33ba9",
                "thumb_width": 500,
                "thumb_height": 250,
                "service_icon": "https:\/\/a.slack-edge.com\/80588\/img\/unfurl_icons\/github.png",
                "id": 3,
                "original_url": "https:\/\/github.com\/antonbabenko\/terraform-cost-estimation"
            }
        ],
        "edited": {
            "user": "BG3N7LG73",
            "ts": "1589468818.000000"
        }
    },
    {
        "type": "message",
        "subtype": "bot_message",
        "text": "<https:\/\/www.reddit.com\/r\/Terraform\/comments\/gjo9u8\/conditionally_setting_providers\/|Conditionally setting providers>\nHi all, I'm trying to implement a disaster recovery solution in AWS using Terraform-managed resources, and I think I've found an issue with how Terraform sets providers inside modules. I'm using two AWS providers - one for eu-west-2 (default, London), and one for eu-west-1 (Dublin). I want to choose my provider based on whether I'm in my \"london_workspace\" workspace, or in my \"dublin_workspace\" workspace.  ​ ### The problem provider \"aws\" { \/\/ default provider, so there's no alias version =...",
        "ts": "1589470017.054900",
        "username": "Terraform ALL the Worlds!",
        "icons": {
            "image_48": "https:\/\/s3-us-west-2.amazonaws.com\/slack-files2\/bot_icons\/2019-02-12\/548785199618_48.png"
        },
        "bot_id": "BG3N7LG73",
        "attachments": [
            {
                "service_name": "reddit",
                "title": "Conditionally setting providers",
                "title_link": "https:\/\/www.reddit.com\/r\/Terraform\/comments\/gjo9u8\/conditionally_setting_providers\/",
                "text": "Hi all, I'm trying to implement a disaster recovery solution in AWS using Terraform-managed resources, and I think I've found an issue with how...",
                "fallback": "reddit: Conditionally setting providers",
                "thumb_url": "https:\/\/www.redditstatic.com\/new-icon.png",
                "from_url": "https:\/\/www.reddit.com\/r\/Terraform\/comments\/gjo9u8\/conditionally_setting_providers\/",
                "thumb_width": 256,
                "thumb_height": 256,
                "service_icon": "http:\/\/www.redditstatic.com\/desktop2x\/img\/favicon\/apple-icon-57x57.png",
                "id": 1,
                "original_url": "https:\/\/www.reddit.com\/r\/Terraform\/comments\/gjo9u8\/conditionally_setting_providers\/"
            }
        ],
        "edited": {
            "user": "BG3N7LG73",
            "ts": "1589470017.000000"
        }
    },
    {
        "type": "message",
        "subtype": "bot_message",
        "text": "<https:\/\/www.reddit.com\/r\/Terraform\/comments\/gjpr94\/terraform_multi_projects_in_gcp\/|Terraform - Multi Projects in GCP>\nI've just begun building out our GCP infrastructure in Terraform. We have four different projects that this is needed for, dev, qa, uat, and prod. I'm using Workspaces to separate the different projects. I'm trying to retrieve the state information from another workspace. I've done some digging, and it looks like this should work:  data \"terraform_remote_state\" \"buckets\" { backend = \"gcs\" workspace = terraform.workspace config { bucket = \"our-terraform\" prefix = \"terraform\/state\" } }  I'm...",
        "ts": "1589474815.055100",
        "username": "Terraform ALL the Worlds!",
        "icons": {
            "image_48": "https:\/\/s3-us-west-2.amazonaws.com\/slack-files2\/bot_icons\/2019-02-12\/548785199618_48.png"
        },
        "bot_id": "BG3N7LG73",
        "attachments": [
            {
                "service_name": "reddit",
                "title": "Terraform - Multi Projects in GCP",
                "title_link": "https:\/\/www.reddit.com\/r\/Terraform\/comments\/gjpr94\/terraform_multi_projects_in_gcp\/",
                "text": "I've just begun building out our GCP infrastructure in Terraform. We have four different projects that this is needed for, dev, qa, uat, and prod....",
                "fallback": "reddit: Terraform - Multi Projects in GCP",
                "thumb_url": "https:\/\/www.redditstatic.com\/new-icon.png",
                "from_url": "https:\/\/www.reddit.com\/r\/Terraform\/comments\/gjpr94\/terraform_multi_projects_in_gcp\/",
                "thumb_width": 256,
                "thumb_height": 256,
                "service_icon": "http:\/\/www.redditstatic.com\/desktop2x\/img\/favicon\/apple-icon-57x57.png",
                "id": 1,
                "original_url": "https:\/\/www.reddit.com\/r\/Terraform\/comments\/gjpr94\/terraform_multi_projects_in_gcp\/"
            }
        ],
        "edited": {
            "user": "BG3N7LG73",
            "ts": "1589474815.000000"
        }
    },
    {
        "type": "message",
        "subtype": "bot_message",
        "text": "<https:\/\/www.reddit.com\/r\/Terraform\/comments\/gjwden\/anyone_know_a_project_creating_terratest_mapping\/|Anyone know a project creating Terratest mapping for CVEs?>\nTitle says it. I was wondering if anyone knew of a project working on capturing the CVEs in Terratest.    submitted by   <https:\/\/www.reddit.com\/user\/PsychoticallyAmiable| \/u\/PsychoticallyAmiable > \n<https:\/\/www.reddit.com\/r\/Terraform\/comments\/gjwden\/anyone_know_a_project_creating_terratest_mapping\/|[link]>   <https:\/\/www.reddit.com\/r\/Terraform\/comments\/gjwden\/anyone_know_a_project_creating_terratest_mapping\/|[comments]>",
        "ts": "1589495216.055300",
        "username": "Terraform ALL the Worlds!",
        "icons": {
            "image_48": "https:\/\/s3-us-west-2.amazonaws.com\/slack-files2\/bot_icons\/2019-02-12\/548785199618_48.png"
        },
        "bot_id": "BG3N7LG73",
        "attachments": [
            {
                "service_name": "reddit",
                "title": "Anyone know a project creating Terratest mapping for CVEs?",
                "title_link": "https:\/\/www.reddit.com\/r\/Terraform\/comments\/gjwden\/anyone_know_a_project_creating_terratest_mapping\/",
                "text": "Title says it. I was wondering if anyone knew of a project working on capturing the CVEs in Terratest.",
                "fallback": "reddit: Anyone know a project creating Terratest mapping for CVEs?",
                "thumb_url": "https:\/\/www.redditstatic.com\/new-icon.png",
                "from_url": "https:\/\/www.reddit.com\/r\/Terraform\/comments\/gjwden\/anyone_know_a_project_creating_terratest_mapping\/",
                "thumb_width": 256,
                "thumb_height": 256,
                "service_icon": "http:\/\/www.redditstatic.com\/desktop2x\/img\/favicon\/apple-icon-57x57.png",
                "id": 1,
                "original_url": "https:\/\/www.reddit.com\/r\/Terraform\/comments\/gjwden\/anyone_know_a_project_creating_terratest_mapping\/"
            },
            {
                "title": "overview for PsychoticallyAmiable",
                "title_link": "https:\/\/www.reddit.com\/user\/PsychoticallyAmiable",
                "text": "Howdy...",
                "fallback": "overview for PsychoticallyAmiable",
                "from_url": "https:\/\/www.reddit.com\/user\/PsychoticallyAmiable",
                "service_icon": "http:\/\/www.redditstatic.com\/desktop2x\/img\/favicon\/apple-icon-57x57.png",
                "service_name": "reddit.com",
                "id": 2,
                "original_url": "https:\/\/www.reddit.com\/user\/PsychoticallyAmiable"
            }
        ],
        "edited": {
            "user": "BG3N7LG73",
            "ts": "1589495216.000000"
        }
    },
    {
        "type": "message",
        "subtype": "bot_message",
        "text": "<https:\/\/www.reddit.com\/r\/Terraform\/comments\/gjx0sf\/confusion_re_module_inputs\/|Confusion re module inputs>\nI'm reading through the <https:\/\/learn.hashicorp.com\/|learn.hashicorp.com> tutorial on modules - <https:\/\/learn.hashicorp.com\/terraform\/modules\/using-modules#create-terraform-configuration|https:\/\/learn.hashicorp.com\/terraform\/modules\/using-modules#create-terraform-configuration>  I'm so confused.... They're using a vpc module and passing it some inputs such as VPC Name, CIDR etc. But.. The module they're using states that it has other required inputs (\"These variables...",
        "ts": "1589497614.055500",
        "username": "Terraform ALL the Worlds!",
        "icons": {
            "image_48": "https:\/\/s3-us-west-2.amazonaws.com\/slack-files2\/bot_icons\/2019-02-12\/548785199618_48.png"
        },
        "bot_id": "BG3N7LG73",
        "attachments": [
            {
                "service_name": "reddit",
                "title": "Confusion re module inputs",
                "title_link": "https:\/\/www.reddit.com\/r\/Terraform\/comments\/gjx0sf\/confusion_re_module_inputs\/",
                "text": "I'm reading through the [<http:\/\/learn.hashicorp.com|learn.hashicorp.com>](<https:\/\/learn.hashicorp.com\/>) tutorial on modules - ...",
                "fallback": "reddit: Confusion re module inputs",
                "thumb_url": "https:\/\/www.redditstatic.com\/new-icon.png",
                "from_url": "https:\/\/www.reddit.com\/r\/Terraform\/comments\/gjx0sf\/confusion_re_module_inputs\/",
                "thumb_width": 256,
                "thumb_height": 256,
                "service_icon": "http:\/\/www.redditstatic.com\/desktop2x\/img\/favicon\/apple-icon-57x57.png",
                "id": 1,
                "original_url": "https:\/\/www.reddit.com\/r\/Terraform\/comments\/gjx0sf\/confusion_re_module_inputs\/"
            },
            {
                "title": "HashiCorp Learn",
                "title_link": "https:\/\/learn.hashicorp.com\/",
                "text": "Learn how to provision, secure, connect, and run any infrastructure for any application.",
                "fallback": "HashiCorp Learn",
                "image_url": "https:\/\/learn.hashicorp.com\/img\/share\/share.png",
                "from_url": "https:\/\/learn.hashicorp.com\/",
                "image_width": 476,
                "image_height": 250,
                "image_bytes": 144778,
                "service_icon": "https:\/\/learn.hashicorp.com\/img\/favicons\/favicon-16x16.png",
                "service_name": "learn.hashicorp.com",
                "id": 2,
                "original_url": "https:\/\/learn.hashicorp.com\/"
            },
            {
                "service_name": "HashiCorp Learn",
                "title": "Use Terraform Modules | Terraform - HashiCorp Learn",
                "title_link": "https:\/\/learn.hashicorp.com\/terraform\/modules\/using-modules#create-terraform-configuration",
                "text": "Learn how to use Terraform modules",
                "fallback": "HashiCorp Learn: Use Terraform Modules | Terraform - HashiCorp Learn",
                "image_url": "https:\/\/learn.hashicorp.com\/img\/share\/share.png",
                "from_url": "https:\/\/learn.hashicorp.com\/terraform\/modules\/using-modules#create-terraform-configuration",
                "image_width": 476,
                "image_height": 250,
                "image_bytes": 144778,
                "service_icon": "https:\/\/learn.hashicorp.com\/img\/favicons\/favicon-16x16.png",
                "id": 3,
                "original_url": "https:\/\/learn.hashicorp.com\/terraform\/modules\/using-modules#create-terraform-configuration"
            }
        ],
        "edited": {
            "user": "BG3N7LG73",
            "ts": "1589497614.000000"
        }
    },
    {
        "type": "message",
        "subtype": "bot_message",
        "text": "<https:\/\/www.reddit.com\/r\/Terraform\/comments\/gjzrks\/no_module_for_creating_custom_pod_security_policy\/|No module for creating custom pod security policy in azure kubernetes service>\nI am new to using terraform with azure kubernetes service. I need to enable pod security policy in aks. There is a module available to do that. But I need to also create custom pod security policy object. There is no module for that. Can I create my own module? How do I do that if possible? It is a yaml manifest file which need to be run using kubelet apply -f command    submitted by   <https:\/\/www.reddit.com\/user\/jagdip| \/u\/jagdip > \n&lt;a...",
        "ts": "1589507213.055700",
        "username": "Terraform ALL the Worlds!",
        "icons": {
            "image_48": "https:\/\/s3-us-west-2.amazonaws.com\/slack-files2\/bot_icons\/2019-02-12\/548785199618_48.png"
        },
        "bot_id": "BG3N7LG73",
        "attachments": [
            {
                "service_name": "reddit",
                "title": "No module for creating custom pod security policy in azure kubernetes service",
                "title_link": "https:\/\/www.reddit.com\/r\/Terraform\/comments\/gjzrks\/no_module_for_creating_custom_pod_security_policy\/",
                "text": "I am new to using terraform with azure kubernetes service. I need to enable pod security policy in aks. There is a module available to do that....",
                "fallback": "reddit: No module for creating custom pod security policy in azure kubernetes service",
                "thumb_url": "https:\/\/www.redditstatic.com\/new-icon.png",
                "from_url": "https:\/\/www.reddit.com\/r\/Terraform\/comments\/gjzrks\/no_module_for_creating_custom_pod_security_policy\/",
                "thumb_width": 256,
                "thumb_height": 256,
                "service_icon": "http:\/\/www.redditstatic.com\/desktop2x\/img\/favicon\/apple-icon-57x57.png",
                "id": 1,
                "original_url": "https:\/\/www.reddit.com\/r\/Terraform\/comments\/gjzrks\/no_module_for_creating_custom_pod_security_policy\/"
            },
            {
                "title": "overview for jagdip",
                "title_link": "https:\/\/www.reddit.com\/user\/jagdip",
                "text": "The u\/jagdip community on Reddit. Reddit gives you the best of the internet in one place.",
                "fallback": "overview for jagdip",
                "from_url": "https:\/\/www.reddit.com\/user\/jagdip",
                "service_icon": "http:\/\/www.redditstatic.com\/desktop2x\/img\/favicon\/apple-icon-57x57.png",
                "service_name": "reddit.com",
                "id": 2,
                "original_url": "https:\/\/www.reddit.com\/user\/jagdip"
            }
        ],
        "edited": {
            "user": "BG3N7LG73",
            "ts": "1589507213.000000"
        }
    }
]