[
    {
        "type": "message",
        "subtype": "bot_message",
        "text": "<https:\/\/www.reddit.com\/r\/Terraform\/comments\/gh0h8a\/using_for_to_get_values_based_on_maps_keys\/|Using \"for\" to get values based on map's keys>\noutput \"test\" { value = [for sgs in local.customer_sgs: sgs[\"internal_01\"][\"text\"]} locals { customer_sgs = { sg-01 = { internal_01 = { text = \"hello world\" }, internal_02 = { text = \"hello world 2\" } }, sg-02 = { internal-test = { text = \"hello world 3\" }, } } }  running this code gives error:   The given key does not identify an element in this collection value.  ​ I'm trying to fetch the field's value of \"text\" in a specific key(\"internal_01\") Any suggestions?    submitted by   &lt;a...",
        "ts": "1589113610.048200",
        "username": "Terraform ALL the Worlds!",
        "icons": {
            "image_48": "https:\/\/s3-us-west-2.amazonaws.com\/slack-files2\/bot_icons\/2019-02-12\/548785199618_48.png"
        },
        "bot_id": "BG3N7LG73",
        "attachments": [
            {
                "service_name": "reddit",
                "title": "Using \"for\" to get values based on map's keys",
                "title_link": "https:\/\/www.reddit.com\/r\/Terraform\/comments\/gh0h8a\/using_for_to_get_values_based_on_maps_keys\/",
                "text": "output \"test\" { value = [for sgs in local.customer_sgs: sgs[\"internal_01\"][\"text\"]} locals { customer_sgs = { sg-01 =...",
                "fallback": "reddit: Using \"for\" to get values based on map's keys",
                "thumb_url": "https:\/\/www.redditstatic.com\/new-icon.png",
                "from_url": "https:\/\/www.reddit.com\/r\/Terraform\/comments\/gh0h8a\/using_for_to_get_values_based_on_maps_keys\/",
                "thumb_width": 256,
                "thumb_height": 256,
                "service_icon": "http:\/\/www.redditstatic.com\/desktop2x\/img\/favicon\/apple-icon-57x57.png",
                "id": 1,
                "original_url": "https:\/\/www.reddit.com\/r\/Terraform\/comments\/gh0h8a\/using_for_to_get_values_based_on_maps_keys\/"
            }
        ],
        "edited": {
            "user": "BG3N7LG73",
            "ts": "1589113610.000000"
        }
    },
    {
        "type": "message",
        "subtype": "bot_message",
        "text": "<https:\/\/www.reddit.com\/r\/Terraform\/comments\/gh15g4\/using_dynamic_inside_blocks_in_a_resource\/|Using dynamic inside blocks in a resource>\nThis does not work resource \"azurerm_container_registry\" \"acr\" { name = \"ml${var.TERRAFORM_WORKSPACE}acr00\" .... network_rule_set { default_action = \"Deny\" dynamic \"ip_rule\" { for_each = module.global.whitelisted_ip_addresses content { action = \"Allow\" ip_range = ip_rule.value } }  Are dynamic blocks restricted to be at the “top-level”, for want of a better word, inside a resource, provider, data or provisioner. You cannot use them inside a block as illustrated ? also asked at...",
        "ts": "1589116011.048400",
        "username": "Terraform ALL the Worlds!",
        "icons": {
            "image_48": "https:\/\/s3-us-west-2.amazonaws.com\/slack-files2\/bot_icons\/2019-02-12\/548785199618_48.png"
        },
        "bot_id": "BG3N7LG73",
        "attachments": [
            {
                "service_name": "reddit",
                "title": "Using dynamic inside blocks in a resource",
                "title_link": "https:\/\/www.reddit.com\/r\/Terraform\/comments\/gh15g4\/using_dynamic_inside_blocks_in_a_resource\/",
                "text": "This does not work resource \"azurerm_container_registry\" \"acr\" { name = \"ml${var.TERRAFORM_WORKSPACE}acr00\" .... ...",
                "fallback": "reddit: Using dynamic inside blocks in a resource",
                "thumb_url": "https:\/\/www.redditstatic.com\/new-icon.png",
                "from_url": "https:\/\/www.reddit.com\/r\/Terraform\/comments\/gh15g4\/using_dynamic_inside_blocks_in_a_resource\/",
                "thumb_width": 256,
                "thumb_height": 256,
                "service_icon": "http:\/\/www.redditstatic.com\/desktop2x\/img\/favicon\/apple-icon-57x57.png",
                "id": 1,
                "original_url": "https:\/\/www.reddit.com\/r\/Terraform\/comments\/gh15g4\/using_dynamic_inside_blocks_in_a_resource\/"
            }
        ],
        "edited": {
            "user": "BG3N7LG73",
            "ts": "1589116011.000000"
        }
    },
    {
        "type": "message",
        "subtype": "bot_message",
        "text": "<https:\/\/qiita.com\/charon\/items\/58c3ad20232c74a6dc01|Terraformで、Systems Manager（Session Manager）でアクセスできるようにしたEC2インスタンスを構築する>\n<https:\/\/qiita.com\/#tldr>TL;DR\n\nAWS Systems Managerを使って、EC2インスタンスにSSH鍵なしでアクセスできるようにしたい\nそのための環境を、Terraformで構築する\nAWS Systems Managerを利用するためには、EC2にAmazonSSMManagedInstanceCoreポリシーを含むIAMインスタンスプロファイルを付与する必要がある\n\n<https:\/\/qiita.com\/#aws-systems-manager>AWS Systems Manager\n\nAWS Systems Managerとは、AWSインフラリソースの運用の役立つサービスです。\n\n<https:\/\/aws.amazon.com\/jp\/systems-manager\/|AWS Systems Manager>\n\nAWS Systems Managerの機能は、こちら。\n\n&lt;a...",
        "ts": "1589121411.048600",
        "username": "Terraformタグが付けられた新着記事 - Qiita",
        "icons": {
            "image_36": "https:\/\/a.slack-edge.com\/80588\/img\/services\/rss_36.png",
            "image_48": "https:\/\/a.slack-edge.com\/80588\/img\/services\/rss_48.png",
            "image_72": "https:\/\/a.slack-edge.com\/80588\/img\/services\/rss_72.png"
        },
        "bot_id": "BG3N7LG73",
        "attachments": [
            {
                "service_name": "Qiita",
                "title": "Terraformで、Systems Manager（Session Manager）でアクセスできるようにしたEC2インスタンスを構築する - Qiita",
                "title_link": "https:\/\/qiita.com\/charon\/items\/58c3ad20232c74a6dc01",
                "text": "TL;DR AWS Systems Managerを使って、EC2インスタンスにSSH鍵なしでアクセスできるようにしたい そのための環境を、Terraformで構築する AWS Systems Manager AWS ...",
                "fallback": "Qiita: Terraformで、Systems Manager（Session Manager）でアクセスできるようにしたEC2インスタンスを構築する - Qiita",
                "image_url": "https:\/\/qiita-user-contents.imgix.net\/https%3A%2F%2Fcdn.qiita.com%2Fassets%2Fpublic%2Farticle-ogp-background-1150d8b18a7c15795b701a55ae908f94.png?ixlib=rb-1.2.2&w=1200&mark=https%3A%2F%2Fqiita-user-contents.imgix.net%2F~text%3Fixlib%3Drb-1.2.2%26w%3D840%26h%3D380%26txt%3DTerraform%25E3%2581%25A7%25E3%2580%2581Systems%2520Manager%25EF%25BC%2588Session%2520Manager%25EF%25BC%2589%25E3%2581%25A7%25E3%2582%25A2%25E3%2582%25AF%25E3%2582%25BB%25E3%2582%25B9%25E3%2581%25A7%25E3%2581%258D%25E3%2582%258B%25E3%2582%2588%25E3%2581%2586%25E3%2581%25AB%25E3%2581%2597%25E3%2581%259FEC2%25E3%2582%25A4%25E3%2583%25B3%25E3%2582%25B9%25E3%2582%25BF%25E3%2583%25B3%25E3%2582%25B9%25E3%2582%2592%25E6%25A7%258B%25E7%25AF%2589%25E3%2581%2599%25E3%2582%258B%26txt-color%3D%2523333%26txt-font%3DAvenir-Black%26txt-size%3D54%26txt-clip%3Dellipsis%26txt-align%3Dcenter%252Cmiddle%26s%3D78c6809a9277136f2fba3a8f3b2483cc&mark-align=center%2Cmiddle&blend=https%3A%2F%2Fqiita-user-contents.imgix.net%2F~text%3Fixlib%3Drb-1.2.2%26w%3D840%26h%3D500%26txt%3D%2540charon%26txt-color%3D%2523333%26txt-font%3DAvenir-Black%26txt-size%3D45%26txt-align%3Dright%252Cbottom%26s%3Db3bf67de895e87a212d327c2ca245f2b&blend-align=center%2Cmiddle&blend-mode=normal&s=f0143eb2c6177795db7863dd6b71542e",
                "from_url": "https:\/\/qiita.com\/charon\/items\/58c3ad20232c74a6dc01",
                "image_width": 476,
                "image_height": 250,
                "image_bytes": 69218,
                "service_icon": "https:\/\/cdn.qiita.com\/assets\/favicons\/public\/apple-touch-icon-ec5ba42a24ae923f16825592efdc356f.png",
                "id": 1,
                "original_url": "https:\/\/qiita.com\/charon\/items\/58c3ad20232c74a6dc01"
            },
            {
                "service_name": "Qiita",
                "title": "プログラマの技術情報共有サービス - Qiita",
                "title_link": "https:\/\/qiita.com\/#tldr",
                "text": "Qiitaは、プログラマのための技術情報共有サービスです。 プログラミングに関するTips、ノウハウ、メモを簡単に記録 &amp; 公開することができます。",
                "fallback": "Qiita: プログラマの技術情報共有サービス - Qiita",
                "thumb_url": "https:\/\/cdn.qiita.com\/assets\/qiita-fb-fe28c64039d925349e620ba55091e078.png",
                "from_url": "https:\/\/qiita.com\/#tldr",
                "thumb_width": 1200,
                "thumb_height": 630,
                "service_icon": "https:\/\/cdn.qiita.com\/assets\/favicons\/public\/apple-touch-icon-ec5ba42a24ae923f16825592efdc356f.png",
                "id": 2,
                "original_url": "https:\/\/qiita.com\/#tldr"
            },
            {
                "service_name": "Qiita",
                "title": "プログラマの技術情報共有サービス - Qiita",
                "title_link": "https:\/\/qiita.com\/#aws-systems-manager",
                "text": "Qiitaは、プログラマのための技術情報共有サービスです。 プログラミングに関するTips、ノウハウ、メモを簡単に記録 &amp; 公開することができます。",
                "fallback": "Qiita: プログラマの技術情報共有サービス - Qiita",
                "thumb_url": "https:\/\/cdn.qiita.com\/assets\/qiita-fb-fe28c64039d925349e620ba55091e078.png",
                "from_url": "https:\/\/qiita.com\/#aws-systems-manager",
                "thumb_width": 1200,
                "thumb_height": 630,
                "service_icon": "https:\/\/cdn.qiita.com\/assets\/favicons\/public\/apple-touch-icon-ec5ba42a24ae923f16825592efdc356f.png",
                "id": 3,
                "original_url": "https:\/\/qiita.com\/#aws-systems-manager"
            },
            {
                "service_name": "Amazon Web Services, Inc.",
                "title": "AWS Systems Manager（運用時の洞察を改善し、実行）| AWS",
                "title_link": "https:\/\/aws.amazon.com\/jp\/systems-manager\/",
                "text": "問題の検出と解決にかかる時間を短縮する方法をご覧ください。AWS の複数のサービスに関する運用データを把握し、AWS リソース全体でタスクを自動化します。",
                "fallback": "Amazon Web Services, Inc.: AWS Systems Manager（運用時の洞察を改善し、実行）| AWS",
                "thumb_url": "https:\/\/a0.awsstatic.com\/libra-css\/images\/logos\/aws_logo_smile_179x109.png",
                "from_url": "https:\/\/aws.amazon.com\/jp\/systems-manager\/",
                "thumb_width": 179,
                "thumb_height": 109,
                "service_icon": "https:\/\/a0.awsstatic.com\/libra-css\/images\/site\/touch-icon-iphone-114-smile.png",
                "id": 4,
                "original_url": "https:\/\/aws.amazon.com\/jp\/systems-manager\/"
            }
        ],
        "edited": {
            "user": "BG3N7LG73",
            "ts": "1589121412.000000"
        }
    },
    {
        "type": "message",
        "subtype": "bot_message",
        "text": "<https:\/\/www.reddit.com\/r\/Terraform\/comments\/gh9tjb\/enhancing_the_terraform_experience_why_we_use\/|Enhancing the Terraform Experience: Why we use Terragrunt>\nsubmitted by   <https:\/\/www.reddit.com\/user\/bencmbrook| \/u\/bencmbrook > \n<https:\/\/transcend.io\/blog\/why-we-use-terragrunt|[link]>   <https:\/\/www.reddit.com\/r\/Terraform\/comments\/gh9tjb\/enhancing_the_terraform_experience_why_we_use\/|[comments]>",
        "ts": "1589146012.048800",
        "username": "Terraform ALL the Worlds!",
        "icons": {
            "image_48": "https:\/\/s3-us-west-2.amazonaws.com\/slack-files2\/bot_icons\/2019-02-12\/548785199618_48.png"
        },
        "bot_id": "BG3N7LG73",
        "attachments": [
            {
                "service_name": "reddit",
                "title": "Enhancing the Terraform Experience: Why we use Terragrunt",
                "title_link": "https:\/\/www.reddit.com\/r\/Terraform\/comments\/gh9tjb\/enhancing_the_terraform_experience_why_we_use\/",
                "text": "Posted in r\/Terraform by u\/bencmbrook • 1 point and 0 comments",
                "fallback": "reddit: Enhancing the Terraform Experience: Why we use Terragrunt",
                "thumb_url": "https:\/\/b.thumbs.redditmedia.com\/_rmsOZki0WSpwsDMJTMG4P6B5zKuxE-HNPG_TAg7Xoc.jpg",
                "from_url": "https:\/\/www.reddit.com\/r\/Terraform\/comments\/gh9tjb\/enhancing_the_terraform_experience_why_we_use\/",
                "thumb_width": 140,
                "thumb_height": 77,
                "service_icon": "http:\/\/www.redditstatic.com\/desktop2x\/img\/favicon\/apple-icon-57x57.png",
                "id": 1,
                "original_url": "https:\/\/www.reddit.com\/r\/Terraform\/comments\/gh9tjb\/enhancing_the_terraform_experience_why_we_use\/"
            },
            {
                "title": "overview for bencmbrook",
                "title_link": "https:\/\/www.reddit.com\/user\/bencmbrook",
                "text": "The u\/bencmbrook community on Reddit. Reddit gives you the best of the internet in one place.",
                "fallback": "overview for bencmbrook",
                "from_url": "https:\/\/www.reddit.com\/user\/bencmbrook",
                "service_icon": "http:\/\/www.redditstatic.com\/desktop2x\/img\/favicon\/apple-icon-57x57.png",
                "service_name": "reddit.com",
                "id": 2,
                "original_url": "https:\/\/www.reddit.com\/user\/bencmbrook"
            },
            {
                "title": "Enhancing the Terraform Experience: Why we use Terragrunt",
                "title_link": "https:\/\/transcend.io\/blog\/why-we-use-terragrunt",
                "text": "How Transcend deploys high-stakes infrastructure with confidence.",
                "fallback": "Enhancing the Terraform Experience: Why we use Terragrunt",
                "image_url": "https:\/\/images.ctfassets.net\/zp9m00phuodm\/1M4jaAWwqTslL1slpDSEnJ\/ac8448cc979bc028fa5c2a24fefc97b3\/Terragrunt.png?w=1200&q=100",
                "fields": [
                    {
                        "title": "Reading time",
                        "value": "8 min read",
                        "short": true
                    }
                ],
                "ts": 1588834800,
                "from_url": "https:\/\/transcend.io\/blog\/why-we-use-terragrunt",
                "image_width": 450,
                "image_height": 250,
                "image_bytes": 1763844,
                "service_icon": "https:\/\/transcend.io\/icons\/icon-48x48.png?v=4ceb604c9f3357eb8e36243d647db428",
                "service_name": "transcend.io",
                "id": 3,
                "original_url": "https:\/\/transcend.io\/blog\/why-we-use-terragrunt"
            }
        ],
        "edited": {
            "user": "BG3N7LG73",
            "ts": "1589146012.000000"
        }
    },
    {
        "type": "message",
        "subtype": "bot_message",
        "text": "<https:\/\/www.reddit.com\/r\/Terraform\/comments\/ghg16o\/terraform_aws_ec2_tutorial_terraform_tutorial_for\/|Terraform aws ec2 tutorial | Terraform tutorial for beginners | Terrafor...>\nsubmitted by   <https:\/\/www.reddit.com\/user\/OnlineTutorials2020| \/u\/OnlineTutorials2020 > \n<https:\/\/www.youtube.com\/watch?v=KrWNzPImBHM&amp;feature=share|[link]>   <https:\/\/www.reddit.com\/r\/Terraform\/comments\/ghg16o\/terraform_aws_ec2_tutorial_terraform_tutorial_for\/|[comments]>",
        "ts": "1589168815.049000",
        "username": "Terraform ALL the Worlds!",
        "icons": {
            "image_48": "https:\/\/s3-us-west-2.amazonaws.com\/slack-files2\/bot_icons\/2019-02-12\/548785199618_48.png"
        },
        "bot_id": "BG3N7LG73",
        "attachments": [
            {
                "service_name": "reddit",
                "title": "Terraform aws ec2 tutorial | Terraform tutorial for beginners | Terrafor...",
                "title_link": "https:\/\/www.reddit.com\/r\/Terraform\/comments\/ghg16o\/terraform_aws_ec2_tutorial_terraform_tutorial_for\/",
                "text": "Posted in r\/Terraform by u\/OnlineTutorials2020 • 1 point and 1 comment",
                "fallback": "reddit: Terraform aws ec2 tutorial | Terraform tutorial for beginners | Terrafor...",
                "image_url": "https:\/\/i.ytimg.com\/vi\/KrWNzPImBHM\/hqdefault.jpg",
                "image_width": 333,
                "image_height": 250,
                "from_url": "https:\/\/www.reddit.com\/r\/Terraform\/comments\/ghg16o\/terraform_aws_ec2_tutorial_terraform_tutorial_for\/",
                "image_bytes": 23560,
                "service_icon": "http:\/\/www.redditstatic.com\/desktop2x\/img\/favicon\/apple-icon-57x57.png",
                "id": 1,
                "original_url": "https:\/\/www.reddit.com\/r\/Terraform\/comments\/ghg16o\/terraform_aws_ec2_tutorial_terraform_tutorial_for\/"
            },
            {
                "title": "overview for OnlineTutorials2020",
                "title_link": "https:\/\/www.reddit.com\/user\/OnlineTutorials2020",
                "text": "The u\/OnlineTutorials2020 community on Reddit. Reddit gives you the best of the internet in one place.",
                "fallback": "overview for OnlineTutorials2020",
                "from_url": "https:\/\/www.reddit.com\/user\/OnlineTutorials2020",
                "service_icon": "http:\/\/www.redditstatic.com\/desktop2x\/img\/favicon\/apple-icon-57x57.png",
                "service_name": "reddit.com",
                "id": 2,
                "original_url": "https:\/\/www.reddit.com\/user\/OnlineTutorials2020"
            },
            {
                "service_name": "YouTube",
                "service_url": "https:\/\/www.youtube.com\/",
                "title": "Terraform aws ec2 tutorial | Terraform tutorial for beginners | Terraform aws tutorial",
                "title_link": "https:\/\/www.youtube.com\/watch?v=KrWNzPImBHM&amp;feature=share",
                "author_name": "Online Tutorials",
                "author_link": "https:\/\/www.youtube.com\/channel\/UC3wpx987p-cL7ktfkDjnBoA",
                "thumb_url": "https:\/\/i.ytimg.com\/vi\/KrWNzPImBHM\/hqdefault.jpg",
                "thumb_width": 480,
                "thumb_height": 360,
                "fallback": "YouTube Video: Terraform aws ec2 tutorial | Terraform tutorial for beginners | Terraform aws tutorial",
                "video_html": "<iframe width=\"400\" height=\"225\" src=\"https:\/\/www.youtube.com\/embed\/KrWNzPImBHM?feature=oembed&autoplay=1&iv_load_policy=3\" frameborder=\"0\" allow=\"accelerometer; autoplay; encrypted-media; gyroscope; picture-in-picture\" allowfullscreen><\/iframe>",
                "video_html_width": 400,
                "video_html_height": 225,
                "from_url": "https:\/\/www.youtube.com\/watch?v=KrWNzPImBHM&amp;feature=share",
                "service_icon": "https:\/\/a.slack-edge.com\/80588\/img\/unfurl_icons\/youtube.png",
                "id": 3,
                "original_url": "https:\/\/www.youtube.com\/watch?v=KrWNzPImBHM&amp;feature=share"
            }
        ],
        "edited": {
            "user": "BG3N7LG73",
            "ts": "1589168815.000000"
        }
    },
    {
        "type": "message",
        "subtype": "bot_message",
        "text": "<https:\/\/www.reddit.com\/r\/Terraform\/comments\/ghhmk7\/terraform_fundamentals_state_management_and\/|Terraform Fundamentals: State Management and Dependency Graph>\nsubmitted by   <https:\/\/www.reddit.com\/user\/kshirinkin| \/u\/kshirinkin > \n<https:\/\/youtu.be\/4OUWDessM-s|[link]>   <https:\/\/www.reddit.com\/r\/Terraform\/comments\/ghhmk7\/terraform_fundamentals_state_management_and\/|[comments]>",
        "ts": "1589176011.049200",
        "username": "Terraform ALL the Worlds!",
        "icons": {
            "image_48": "https:\/\/s3-us-west-2.amazonaws.com\/slack-files2\/bot_icons\/2019-02-12\/548785199618_48.png"
        },
        "bot_id": "BG3N7LG73",
        "attachments": [
            {
                "service_name": "reddit",
                "title": "Terraform Fundamentals: State Management and Dependency Graph",
                "title_link": "https:\/\/www.reddit.com\/r\/Terraform\/comments\/ghhmk7\/terraform_fundamentals_state_management_and\/",
                "text": "Posted in r\/Terraform by u\/kshirinkin • 1 point and 0 comments",
                "fallback": "reddit: Terraform Fundamentals: State Management and Dependency Graph",
                "image_url": "https:\/\/i.ytimg.com\/vi\/4OUWDessM-s\/hqdefault.jpg",
                "image_width": 333,
                "image_height": 250,
                "from_url": "https:\/\/www.reddit.com\/r\/Terraform\/comments\/ghhmk7\/terraform_fundamentals_state_management_and\/",
                "image_bytes": 19917,
                "service_icon": "http:\/\/www.redditstatic.com\/desktop2x\/img\/favicon\/apple-icon-57x57.png",
                "id": 1,
                "original_url": "https:\/\/www.reddit.com\/r\/Terraform\/comments\/ghhmk7\/terraform_fundamentals_state_management_and\/"
            },
            {
                "title": "overview for kshirinkin",
                "title_link": "https:\/\/www.reddit.com\/user\/kshirinkin",
                "text": "The u\/kshirinkin community on Reddit. Reddit gives you the best of the internet in one place.",
                "fallback": "overview for kshirinkin",
                "from_url": "https:\/\/www.reddit.com\/user\/kshirinkin",
                "service_icon": "http:\/\/www.redditstatic.com\/desktop2x\/img\/favicon\/apple-icon-57x57.png",
                "service_name": "reddit.com",
                "id": 2,
                "original_url": "https:\/\/www.reddit.com\/user\/kshirinkin"
            },
            {
                "service_name": "YouTube",
                "service_url": "https:\/\/www.youtube.com\/",
                "title": "Terraform Fundamentals: State Management and Dependency Graph, Creating the First Server",
                "title_link": "https:\/\/youtu.be\/4OUWDessM-s",
                "author_name": "mkdev",
                "author_link": "https:\/\/www.youtube.com\/channel\/UC33pBiUW51-InqrLd0BmhMQ",
                "thumb_url": "https:\/\/i.ytimg.com\/vi\/4OUWDessM-s\/hqdefault.jpg",
                "thumb_width": 480,
                "thumb_height": 360,
                "fallback": "YouTube Video: Terraform Fundamentals: State Management and Dependency Graph, Creating the First Server",
                "video_html": "<iframe width=\"400\" height=\"225\" src=\"https:\/\/www.youtube.com\/embed\/4OUWDessM-s?feature=oembed&autoplay=1&iv_load_policy=3\" frameborder=\"0\" allow=\"accelerometer; autoplay; encrypted-media; gyroscope; picture-in-picture\" allowfullscreen><\/iframe>",
                "video_html_width": 400,
                "video_html_height": 225,
                "from_url": "https:\/\/youtu.be\/4OUWDessM-s",
                "service_icon": "https:\/\/a.slack-edge.com\/80588\/img\/unfurl_icons\/youtube.png",
                "id": 3,
                "original_url": "https:\/\/youtu.be\/4OUWDessM-s"
            }
        ],
        "edited": {
            "user": "BG3N7LG73",
            "ts": "1589176012.000000"
        }
    }
]