[
    {
        "type": "message",
        "subtype": "bot_message",
        "text": "<https:\/\/www.reddit.com\/r\/Terraform\/comments\/gpm8zn\/hashicorp_sentinel\/|Hashicorp Sentinel>\nCurrently testing Hashicorp Sentinel, but i wonder if any other people are using this and what their experiences are?  I'm trying to setup the policies following the documentation on the Hashicorp website, but this is taking to much time to figure it out. I'm afraid this will introduce to much complexity in a organization.  Also when running into errors you're pretty much on your own. If i check the Sentinel forum on the Hashicorp there are only a few topics, which got me worried to be...",
        "ts": "1590310010.067200",
        "username": "Terraform ALL the Worlds!",
        "icons": {
            "image_48": "https:\/\/s3-us-west-2.amazonaws.com\/slack-files2\/bot_icons\/2019-02-12\/548785199618_48.png"
        },
        "bot_id": "BG3N7LG73",
        "attachments": [
            {
                "service_name": "reddit",
                "title": "Hashicorp Sentinel",
                "title_link": "https:\/\/www.reddit.com\/r\/Terraform\/comments\/gpm8zn\/hashicorp_sentinel\/",
                "text": "Currently testing Hashicorp Sentinel, but i wonder if any other people are using this and what their experiences are? I'm trying to setup the...",
                "fallback": "reddit: Hashicorp Sentinel",
                "thumb_url": "https:\/\/www.redditstatic.com\/new-icon.png",
                "from_url": "https:\/\/www.reddit.com\/r\/Terraform\/comments\/gpm8zn\/hashicorp_sentinel\/",
                "thumb_width": 256,
                "thumb_height": 256,
                "service_icon": "http:\/\/www.redditstatic.com\/desktop2x\/img\/favicon\/apple-icon-57x57.png",
                "id": 1,
                "original_url": "https:\/\/www.reddit.com\/r\/Terraform\/comments\/gpm8zn\/hashicorp_sentinel\/"
            }
        ],
        "edited": {
            "user": "BG3N7LG73",
            "ts": "1590310010.000000"
        }
    },
    {
        "type": "message",
        "subtype": "bot_message",
        "text": "<https:\/\/qiita.com\/umaibou1126\/items\/f47e54580035b5aeea80|Terraform ECS\/IAM作成手順まとめ>\n<https:\/\/qiita.com\/#%E5%8F%82%E8%80%83%E6%96%87%E7%8C%AE>参考文献\n\n<https:\/\/qiita.com\/anfangd\/items\/5eac63d77264e796ffb5|Terraform - CentOS 7 に Terraform をインストールして AWS へ接続>\n<https:\/\/qiita.com\/moroishisan\/items\/35736e9a0332d0df9206|Terraformインストール>\n<https:\/\/qiita.com\/tarumzu\/items\/2d7ed918f230fea957e8|AWS FargateとTerraformで最強＆簡単なインフラ環境を目指す>\n<https:\/\/qiita.com\/kamatama_41\/items\/ba59a070d8389aab7694|tfenvでTerraformのバージョン管理をする>\n&lt;a...",
        "ts": "1590316608.067400",
        "username": "Terraformタグが付けられた新着記事 - Qiita",
        "icons": {
            "image_36": "https:\/\/a.slack-edge.com\/80588\/img\/services\/rss_36.png",
            "image_48": "https:\/\/a.slack-edge.com\/80588\/img\/services\/rss_48.png",
            "image_72": "https:\/\/a.slack-edge.com\/80588\/img\/services\/rss_72.png"
        },
        "bot_id": "BG3N7LG73"
    },
    {
        "type": "message",
        "subtype": "bot_message",
        "text": "<https:\/\/qiita.com\/charon\/items\/625217bc240a1478e37b|Amazon CloudWatch Logsにログを保存するようなAWS Fargateクラスタを、Terraformで構築する>\n<https:\/\/qiita.com\/#what>What?\n\nやりたいこと。\n\nAWS Fargateを使って、クラスタを作る\nコンテナのログは、Amazon CloudWatch Logsに送る\n以上のことを、Terraformで実現する\nというのを書いていきます。\n\n\n<https:\/\/qiita.com\/#%E7%92%B0%E5%A2%83>環境\n\n利用するTerraformと、AWS Providerのバージョンです。\n\n$ terraform version\nTerraform v0.12.25\n+ provider.aws v2.63.0\n\n\n\n<https:\/\/qiita.com\/#%E6%A7%8B%E7%AF%89%E3%81%99%E3%82%8B%E5%86%85%E5%AE%B9>構築する内容\n\nまっさらなところから、VPCを作ってAWS Fargateクラスタを構築、簡単な動作確認を行うところまでやります。\n\nシングルAZ\n動作させるコンテナはnginx\nALBはHTTP...",
        "ts": "1590320210.067500",
        "username": "Terraformタグが付けられた新着記事 - Qiita",
        "icons": {
            "image_36": "https:\/\/a.slack-edge.com\/80588\/img\/services\/rss_36.png",
            "image_48": "https:\/\/a.slack-edge.com\/80588\/img\/services\/rss_48.png",
            "image_72": "https:\/\/a.slack-edge.com\/80588\/img\/services\/rss_72.png"
        },
        "bot_id": "BG3N7LG73",
        "attachments": [
            {
                "service_name": "Qiita",
                "title": "Amazon CloudWatch Logsにログを保存するようなAWS Fargateクラスタを、Terraformで構築する - Qiita",
                "title_link": "https:\/\/qiita.com\/charon\/items\/625217bc240a1478e37b",
                "text": "What? やりたいこと。 AWS Fargateを使って、クラスタを作る コンテナのログは、Amazon CloudWatch Logsに送る 以上のことを、Terraformで実現する というのを書いていきます。 ...",
                "fallback": "Qiita: Amazon CloudWatch Logsにログを保存するようなAWS Fargateクラスタを、Terraformで構築する - Qiita",
                "image_url": "https:\/\/qiita-user-contents.imgix.net\/https%3A%2F%2Fcdn.qiita.com%2Fassets%2Fpublic%2Farticle-ogp-background-1150d8b18a7c15795b701a55ae908f94.png?ixlib=rb-1.2.2&w=1200&mark=https%3A%2F%2Fqiita-user-contents.imgix.net%2F~text%3Fixlib%3Drb-1.2.2%26w%3D840%26h%3D380%26txt%3DAmazon%2520CloudWatch%2520Logs%25E3%2581%25AB%25E3%2583%25AD%25E3%2582%25B0%25E3%2582%2592%25E4%25BF%259D%25E5%25AD%2598%25E3%2581%2599%25E3%2582%258B%25E3%2582%2588%25E3%2581%2586%25E3%2581%25AAAWS%2520Fargate%25E3%2582%25AF%25E3%2583%25A9%25E3%2582%25B9%25E3%2582%25BF%25E3%2582%2592%25E3%2580%2581Terraform%25E3%2581%25A7%25E6%25A7%258B%25E7%25AF%2589%25E3%2581%2599%25E3%2582%258B%26txt-color%3D%2523333%26txt-font%3DAvenir-Black%26txt-size%3D54%26txt-clip%3Dellipsis%26txt-align%3Dcenter%252Cmiddle%26s%3Dccbe6214d75ee531ff1dcb1f7c388a43&mark-align=center%2Cmiddle&blend=https%3A%2F%2Fqiita-user-contents.imgix.net%2F~text%3Fixlib%3Drb-1.2.2%26w%3D840%26h%3D500%26txt%3D%2540charon%26txt-color%3D%2523333%26txt-font%3DAvenir-Black%26txt-size%3D45%26txt-align%3Dright%252Cbottom%26s%3Db3bf67de895e87a212d327c2ca245f2b&blend-align=center%2Cmiddle&blend-mode=normal&s=f520e8cb7a3d3e5b24649a270a29eb5f",
                "from_url": "https:\/\/qiita.com\/charon\/items\/625217bc240a1478e37b",
                "image_width": 476,
                "image_height": 250,
                "image_bytes": 69993,
                "service_icon": "https:\/\/cdn.qiita.com\/assets\/favicons\/public\/apple-touch-icon-ec5ba42a24ae923f16825592efdc356f.png",
                "id": 1,
                "original_url": "https:\/\/qiita.com\/charon\/items\/625217bc240a1478e37b"
            },
            {
                "service_name": "Qiita",
                "title": "プログラマの技術情報共有サービス - Qiita",
                "title_link": "https:\/\/qiita.com\/#what",
                "text": "Qiitaは、プログラマのための技術情報共有サービスです。 プログラミングに関するTips、ノウハウ、メモを簡単に記録 &amp; 公開することができます。",
                "fallback": "Qiita: プログラマの技術情報共有サービス - Qiita",
                "thumb_url": "https:\/\/cdn.qiita.com\/assets\/qiita-fb-fe28c64039d925349e620ba55091e078.png",
                "from_url": "https:\/\/qiita.com\/#what",
                "thumb_width": 1200,
                "thumb_height": 630,
                "service_icon": "https:\/\/cdn.qiita.com\/assets\/favicons\/public\/apple-touch-icon-ec5ba42a24ae923f16825592efdc356f.png",
                "id": 2,
                "original_url": "https:\/\/qiita.com\/#what"
            },
            {
                "service_name": "Qiita",
                "title": "プログラマの技術情報共有サービス - Qiita",
                "title_link": "https:\/\/qiita.com\/#%E7%92%B0%E5%A2%83",
                "text": "Qiitaは、プログラマのための技術情報共有サービスです。 プログラミングに関するTips、ノウハウ、メモを簡単に記録 &amp; 公開することができます。",
                "fallback": "Qiita: プログラマの技術情報共有サービス - Qiita",
                "thumb_url": "https:\/\/cdn.qiita.com\/assets\/qiita-fb-fe28c64039d925349e620ba55091e078.png",
                "from_url": "https:\/\/qiita.com\/#%E7%92%B0%E5%A2%83",
                "thumb_width": 1200,
                "thumb_height": 630,
                "service_icon": "https:\/\/cdn.qiita.com\/assets\/favicons\/public\/apple-touch-icon-ec5ba42a24ae923f16825592efdc356f.png",
                "id": 3,
                "original_url": "https:\/\/qiita.com\/#%E7%92%B0%E5%A2%83"
            },
            {
                "service_name": "Qiita",
                "title": "プログラマの技術情報共有サービス - Qiita",
                "title_link": "https:\/\/qiita.com\/#%E6%A7%8B%E7%AF%89%E3%81%99%E3%82%8B%E5%86%85%E5%AE%B9",
                "text": "Qiitaは、プログラマのための技術情報共有サービスです。 プログラミングに関するTips、ノウハウ、メモを簡単に記録 &amp; 公開することができます。",
                "fallback": "Qiita: プログラマの技術情報共有サービス - Qiita",
                "thumb_url": "https:\/\/cdn.qiita.com\/assets\/qiita-fb-fe28c64039d925349e620ba55091e078.png",
                "from_url": "https:\/\/qiita.com\/#%E6%A7%8B%E7%AF%89%E3%81%99%E3%82%8B%E5%86%85%E5%AE%B9",
                "thumb_width": 1200,
                "thumb_height": 630,
                "service_icon": "https:\/\/cdn.qiita.com\/assets\/favicons\/public\/apple-touch-icon-ec5ba42a24ae923f16825592efdc356f.png",
                "id": 4,
                "original_url": "https:\/\/qiita.com\/#%E6%A7%8B%E7%AF%89%E3%81%99%E3%82%8B%E5%86%85%E5%AE%B9"
            }
        ],
        "edited": {
            "user": "BG3N7LG73",
            "ts": "1590320210.000000"
        }
    },
    {
        "type": "message",
        "subtype": "bot_message",
        "text": "<https:\/\/www.reddit.com\/r\/Terraform\/comments\/gptson\/custom_validation_rules_for_variables_in_terraform\/|Custom Validation Rules for Variables in Terraform>\nsubmitted by   <https:\/\/www.reddit.com\/user\/thorsten-hans| \/u\/thorsten-hans > \n<https:\/\/thorsten-hans.com\/custom-validation-rules-for-variables-in-terraform|[link]>   <https:\/\/www.reddit.com\/r\/Terraform\/comments\/gptson\/custom_validation_rules_for_variables_in_terraform\/|[comments]>",
        "ts": "1590342412.067700",
        "username": "Terraform ALL the Worlds!",
        "icons": {
            "image_48": "https:\/\/s3-us-west-2.amazonaws.com\/slack-files2\/bot_icons\/2019-02-12\/548785199618_48.png"
        },
        "bot_id": "BG3N7LG73",
        "attachments": [
            {
                "service_name": "reddit",
                "title": "Custom Validation Rules for Variables in Terraform",
                "title_link": "https:\/\/www.reddit.com\/r\/Terraform\/comments\/gptson\/custom_validation_rules_for_variables_in_terraform\/",
                "text": "Posted in r\/Terraform by u\/thorsten-hans • 1 point and 0 comments",
                "fallback": "reddit: Custom Validation Rules for Variables in Terraform",
                "thumb_url": "https:\/\/b.thumbs.redditmedia.com\/_e6Yb1LXdTDo1JuzUg-xkwj9cZMjQvmPDxGczbRdMBo.jpg",
                "from_url": "https:\/\/www.reddit.com\/r\/Terraform\/comments\/gptson\/custom_validation_rules_for_variables_in_terraform\/",
                "thumb_width": 140,
                "thumb_height": 93,
                "service_icon": "http:\/\/www.redditstatic.com\/desktop2x\/img\/favicon\/apple-icon-57x57.png",
                "id": 1,
                "original_url": "https:\/\/www.reddit.com\/r\/Terraform\/comments\/gptson\/custom_validation_rules_for_variables_in_terraform\/"
            },
            {
                "title": "overview for thorsten-hans",
                "title_link": "https:\/\/www.reddit.com\/user\/thorsten-hans",
                "text": "The u\/thorsten-hans community on Reddit. Reddit gives you the best of the internet in one place.",
                "fallback": "overview for thorsten-hans",
                "from_url": "https:\/\/www.reddit.com\/user\/thorsten-hans",
                "service_icon": "http:\/\/www.redditstatic.com\/desktop2x\/img\/favicon\/apple-icon-57x57.png",
                "service_name": "reddit.com",
                "id": 2,
                "original_url": "https:\/\/www.reddit.com\/user\/thorsten-hans"
            },
            {
                "service_name": "Thorsten Hans",
                "title": "Custom Validation Rules for Variables in Terraform",
                "title_link": "https:\/\/thorsten-hans.com\/custom-validation-rules-for-variables-in-terraform",
                "text": "Learn how to harden your Terraform projects using custom validation rules for input variables. The feature is still experimental. However, it looks promising and may help you!",
                "fallback": "Thorsten Hans: Custom Validation Rules for Variables in Terraform",
                "image_url": "https:\/\/thorsten-hans.com\/assets\/images\/posts\/feature_images\/terraform.jpg",
                "ts": 1587420000,
                "from_url": "https:\/\/thorsten-hans.com\/custom-validation-rules-for-variables-in-terraform",
                "image_width": 375,
                "image_height": 250,
                "image_bytes": 130395,
                "id": 3,
                "original_url": "https:\/\/thorsten-hans.com\/custom-validation-rules-for-variables-in-terraform"
            }
        ],
        "edited": {
            "user": "BG3N7LG73",
            "ts": "1590342413.000000"
        }
    },
    {
        "type": "message",
        "subtype": "bot_message",
        "text": "<https:\/\/www.reddit.com\/r\/Terraform\/comments\/gq08fy\/terraform_associate_certification\/|Terraform Associate Certification>\nHi Guys I am new in terraform, been using only last 1-2 months. So far I only used on Azure and I absolutely loved it. While I was searching for terraform certification courses, looks like all of them are with AWS provider and examples are with creating various AWS resources. So my question is - Is the exam questions only with AWS provider? Is it possible to choose other provider like Azure? How hard is the exam for a newbie like me? Sorry if my questions sounds silly but I am totally new....",
        "ts": "1590365214.067900",
        "username": "Terraform ALL the Worlds!",
        "icons": {
            "image_48": "https:\/\/s3-us-west-2.amazonaws.com\/slack-files2\/bot_icons\/2019-02-12\/548785199618_48.png"
        },
        "bot_id": "BG3N7LG73",
        "attachments": [
            {
                "service_name": "reddit",
                "title": "Terraform Associate Certification",
                "title_link": "https:\/\/www.reddit.com\/r\/Terraform\/comments\/gq08fy\/terraform_associate_certification\/",
                "text": "Hi Guys I am new in terraform, been using only last 1-2 months. So far I only used on Azure and I absolutely loved it. While I was searching for...",
                "fallback": "reddit: Terraform Associate Certification",
                "thumb_url": "https:\/\/www.redditstatic.com\/new-icon.png",
                "from_url": "https:\/\/www.reddit.com\/r\/Terraform\/comments\/gq08fy\/terraform_associate_certification\/",
                "thumb_width": 256,
                "thumb_height": 256,
                "service_icon": "http:\/\/www.redditstatic.com\/desktop2x\/img\/favicon\/apple-icon-57x57.png",
                "id": 1,
                "original_url": "https:\/\/www.reddit.com\/r\/Terraform\/comments\/gq08fy\/terraform_associate_certification\/"
            }
        ],
        "edited": {
            "user": "BG3N7LG73",
            "ts": "1590365214.000000"
        }
    }
]