[
    {
        "type": "message",
        "subtype": "bot_message",
        "text": "<https:\/\/www.reddit.com\/r\/Terraform\/comments\/gq6k9k\/terraform_tips_tricks_issue_1_format_graph_state\/|Terraform Tips &amp; Tricks, Issue 1: Format, Graph, State>\nsubmitted by   <https:\/\/www.reddit.com\/user\/kshirinkin| \/u\/kshirinkin > \n<https:\/\/youtu.be\/AbhZJreR6ww|[link]>   <https:\/\/www.reddit.com\/r\/Terraform\/comments\/gq6k9k\/terraform_tips_tricks_issue_1_format_graph_state\/|[comments]>",
        "ts": "1590391608.068100",
        "username": "Terraform ALL the Worlds!",
        "icons": {
            "image_48": "https:\/\/s3-us-west-2.amazonaws.com\/slack-files2\/bot_icons\/2019-02-12\/548785199618_48.png"
        },
        "bot_id": "BG3N7LG73",
        "attachments": [
            {
                "service_name": "reddit",
                "title": "Terraform Tips &amp; Tricks, Issue 1: Format, Graph, State",
                "title_link": "https:\/\/www.reddit.com\/r\/Terraform\/comments\/gq6k9k\/terraform_tips_tricks_issue_1_format_graph_state\/",
                "text": "Posted in r\/Terraform by u\/kshirinkin • 1 point and 0 comments",
                "fallback": "reddit: Terraform Tips &amp; Tricks, Issue 1: Format, Graph, State",
                "image_url": "https:\/\/i.ytimg.com\/vi\/AbhZJreR6ww\/hqdefault.jpg",
                "image_width": 333,
                "image_height": 250,
                "from_url": "https:\/\/www.reddit.com\/r\/Terraform\/comments\/gq6k9k\/terraform_tips_tricks_issue_1_format_graph_state\/",
                "image_bytes": 17412,
                "service_icon": "http:\/\/www.redditstatic.com\/desktop2x\/img\/favicon\/apple-icon-57x57.png",
                "id": 1,
                "original_url": "https:\/\/www.reddit.com\/r\/Terraform\/comments\/gq6k9k\/terraform_tips_tricks_issue_1_format_graph_state\/"
            },
            {
                "title": "overview for kshirinkin",
                "title_link": "https:\/\/www.reddit.com\/user\/kshirinkin",
                "text": "The u\/kshirinkin community on Reddit. Reddit gives you the best of the internet in one place.",
                "fallback": "overview for kshirinkin",
                "from_url": "https:\/\/www.reddit.com\/user\/kshirinkin",
                "service_icon": "http:\/\/www.redditstatic.com\/desktop2x\/img\/favicon\/apple-icon-57x57.png",
                "service_name": "reddit.com",
                "id": 2,
                "original_url": "https:\/\/www.reddit.com\/user\/kshirinkin"
            },
            {
                "service_name": "YouTube",
                "service_url": "https:\/\/www.youtube.com\/",
                "title": "Terraform Tips &amp; Tricks, Issue 1: Format, Graph and State",
                "title_link": "https:\/\/youtu.be\/AbhZJreR6ww",
                "author_name": "mkdev",
                "author_link": "https:\/\/www.youtube.com\/channel\/UC33pBiUW51-InqrLd0BmhMQ",
                "thumb_url": "https:\/\/i.ytimg.com\/vi\/AbhZJreR6ww\/hqdefault.jpg",
                "thumb_width": 480,
                "thumb_height": 360,
                "fallback": "YouTube Video: Terraform Tips & Tricks, Issue 1: Format, Graph and State",
                "video_html": "<iframe width=\"400\" height=\"225\" src=\"https:\/\/www.youtube.com\/embed\/AbhZJreR6ww?feature=oembed&autoplay=1&iv_load_policy=3\" frameborder=\"0\" allow=\"accelerometer; autoplay; encrypted-media; gyroscope; picture-in-picture\" allowfullscreen><\/iframe>",
                "video_html_width": 400,
                "video_html_height": 225,
                "from_url": "https:\/\/youtu.be\/AbhZJreR6ww",
                "service_icon": "https:\/\/a.slack-edge.com\/80588\/img\/unfurl_icons\/youtube.png",
                "id": 3,
                "original_url": "https:\/\/youtu.be\/AbhZJreR6ww"
            }
        ],
        "edited": {
            "user": "BG3N7LG73",
            "ts": "1590391609.000000"
        }
    },
    {
        "type": "message",
        "subtype": "bot_message",
        "text": "<https:\/\/www.reddit.com\/r\/Terraform\/comments\/gq79tx\/variable_type_listobject_as_json\/|variable type list(object) as json>\nHello, I'm trying to declare a variable with the type list(object). The variable files are all written in the json format. Json format was selected to have better control over variables in the release pipeline. (merging variable default values from multiple files) <https:\/\/www.terraform.io\/docs\/configuration\/syntax-json.html|https:\/\/www.terraform.io\/docs\/configuration\/syntax-json.html>  In normal terraform config this declaration would look like this: variable \"docker_ports\" {...",
        "ts": "1590396408.068300",
        "username": "Terraform ALL the Worlds!",
        "icons": {
            "image_48": "https:\/\/s3-us-west-2.amazonaws.com\/slack-files2\/bot_icons\/2019-02-12\/548785199618_48.png"
        },
        "bot_id": "BG3N7LG73",
        "attachments": [
            {
                "service_name": "reddit",
                "title": "variable type list(object) as json",
                "title_link": "https:\/\/www.reddit.com\/r\/Terraform\/comments\/gq79tx\/variable_type_listobject_as_json\/",
                "text": "Hello, I'm trying to declare a variable with the type list(object). The variable files are all written in the json format. Json format was...",
                "fallback": "reddit: variable type list(object) as json",
                "thumb_url": "https:\/\/www.redditstatic.com\/new-icon.png",
                "from_url": "https:\/\/www.reddit.com\/r\/Terraform\/comments\/gq79tx\/variable_type_listobject_as_json\/",
                "thumb_width": 256,
                "thumb_height": 256,
                "service_icon": "http:\/\/www.redditstatic.com\/desktop2x\/img\/favicon\/apple-icon-57x57.png",
                "id": 1,
                "original_url": "https:\/\/www.reddit.com\/r\/Terraform\/comments\/gq79tx\/variable_type_listobject_as_json\/"
            },
            {
                "service_name": "Terraform by HashiCorp",
                "title": "JSON Configuration Syntax - Configuration Language - Terraform by HashiCorp",
                "title_link": "https:\/\/www.terraform.io\/docs\/configuration\/syntax-json.html",
                "text": "In addition to the native syntax that is most commonly used with Terraform, the Terraform language can also be expressed in a JSON-compatible syntax.",
                "fallback": "Terraform by HashiCorp: JSON Configuration Syntax - Configuration Language - Terraform by HashiCorp",
                "thumb_url": "https:\/\/www.terraform.io\/assets\/images\/og-image-8b3e4f7d.png",
                "from_url": "https:\/\/www.terraform.io\/docs\/configuration\/syntax-json.html",
                "thumb_width": 712,
                "thumb_height": 712,
                "service_icon": "https:\/\/www.terraform.io\/assets\/images\/favicons\/apple-touch-icon-13180a24.png",
                "id": 2,
                "original_url": "https:\/\/www.terraform.io\/docs\/configuration\/syntax-json.html"
            }
        ],
        "edited": {
            "user": "BG3N7LG73",
            "ts": "1590396408.000000"
        }
    }
]