[
    {
        "type": "message",
        "subtype": "bot_message",
        "text": "",
        "ts": "1664503303.380239",
        "bot_id": "BG2UDF0NA",
        "attachments": [
            {
                "id": 1,
                "fallback": "hashicorp\/terraform-provider-azurerm on GitHub\nv3.25.0",
                "text": "`v3.25.0`",
                "title": "hashicorp\/terraform-provider-azurerm on GitHub",
                "title_link": "https:\/\/newreleases.io\/github\/hashicorp\/terraform-provider-azurerm",
                "mrkdwn_in": [
                    "text"
                ]
            }
        ]
    },
    {
        "type": "message",
        "subtype": "bot_message",
        "text": "",
        "ts": "1664504400.775219",
        "bot_id": "BG2UDF0NA",
        "attachments": [
            {
                "id": 1,
                "fallback": "hashicorp\/terraform-provider-azurerm on GitHub\nv3.25.0 updated\nrelease note: <https:\/\/newreleases.io\/github\/hashicorp\/terraform-provider-azurerm?version=v3.25.0>",
                "text": "`v3.25.0` _updated_\n```\nFEATURES:\n\n* *New Resource:* azurerm_cdn_frontdoor_route ( #18231 ( <https:\/\/github.com\/hashicorp\/terraform-provider-azurerm\/issues\/18231> ) )\n* *New Resource:* azurerm_cdn_frontdoor_custom_domain ( #18231 ( <https:\/\/github.com\/hashicorp\/terraform-provider-azurerm\/issues\/18231> ) )\n* *New Resource:* azurerm_cdn_route_disable_link_to_default_domain ( #18231 ( <https:\/\/github.com\/hashicorp\/terraform-provider-azurerm\/issues\/18231> ) )\n\nENHANCEMENTS:\n\n* dependencies: machinelearning - updating to use 2022-05-01 ( #17671 ( <https:\/\/github.com\/hashicorp\/terraform-provider-azurerm\/issues\/17671> ) )\n* dependencies: updating to version v0.20220921.1082044 of <http:\/\/github.com\/hashicorp\/go-azure-sdk|github.com\/hashicorp\/go-azure-sdk> ( #18557 ( <https:\/\/github.com\/hashicorp\/terraform-provider-azurerm\/issues\/18557> ) )\n* provider: support for the oidc_token_file_path property and ARM_OIDC_TOKEN_FILE_PATH environment variable ( #18335 ( <https:\/\/github.com\/hashicorp\/terraform-provider-azurerm\/issues\/18335> ) )\n* Data Source: azurerm_databricks_workspace - exports the location propertuy ( #18521 ( <https:\/\/github.com\/hashicorp\/terraform-provider-azurerm\/issues\/18521> ) )\n* azurerm_api_management - support for the additional_location.gateway_disabled , certificate_source , and certificate_status properties ( #18508 ( <https:\/\/github.com\/hashicorp\/terraform-provider-azurerm\/issues\/18508> ) )\n* azurerm_automation_software_update_configuration - the classification property has been deprecated in favour of the classifications property that supports multiple values ( #18539 ( <https:\/\/github.com\/hashicorp\/terraform-provider-azurerm\/issues\/18539> ) )\n* azurerm_healthcare_fhir_service - support for the oci_artifact block ( #18571 ( <https:\/\/github.com\/hashicorp\/terraform-provider-azurerm\/issues\/18571> ) )\n* azurerm_healthcare_fhir - support for the public_network_access_enabled property ( #18566 ( <https:\/\/github.com\/hashicorp\/terraform-provider-azurerm\/issues\/18566> ) )\n* azurerm_iotcentral_application - support for the identity and public_network_access_enabled properties ( #18564 ( <https:\/\/github.com\/hashicorp\/terraform-provider-azurerm\/issues\/18564> ) )\n* azurerm_machine_learning_workspace - support for the public_network_access_enabled and v1_legacy_mode properties ( #18469 ( <https:\/\/github.com\/hashicorp\/terraform-provider-azurerm\/issues\/18469> ) )\n* azurerm_storage_account - support for the multichannel_enabled property ( #17999 ( <https:\/\/github.com\/hashicorp\/terraform-provider-azurerm\/issues\/17999> ) )\n* azurerm_windows_virtual_machine - support for the gallery_application property ( #18406 ( <https:\/\/github.com\/hashicorp\/terraform-provider-azurerm\/issues\/18406> ) )\n* azurerm_virtual_hub_bgp_connection - support for the virtual_network_connection_id property ( #18469 ( <https:\/\/github.com\/hashicorp\/terraform-provider-azurerm\/issues\/18469> ) )\n* azurerm_windows_virtual_machine - support for the gallery_application property ( #18406 ( <https:\/\/github.com\/hashicorp\/terraform-provider-azurerm\/issues\/18406> ) )\n\nBUG FIXES:\n\n* Data Source: azurerm_key_vault_certificate_data - correctly create PEM private key block header for EC keys ( #18419 ( <https:\/\/github.com\/hashicorp\/terraform-provider-azurerm\/issues\/18419> ) )\n* azurerm_log_analytics_linked_storage_account - correctly data_source_type case handling ( #18116 ( <https:\/\/github.com\/hashicorp\/terraform-provider-azurerm\/issues\/18116> ) )\n```\n<https:\/\/newreleases.io\/github\/hashicorp\/terraform-provider-azurerm?version=v3.25.0|release note...>",
                "title": "hashicorp\/terraform-provider-azurerm on GitHub",
                "title_link": "https:\/\/newreleases.io\/github\/hashicorp\/terraform-provider-azurerm",
                "mrkdwn_in": [
                    "text"
                ]
            }
        ]
    }
]