[
    {
        "type": "message",
        "subtype": "bot_message",
        "text": "",
        "ts": "1663894410.613309",
        "bot_id": "BG2UDF0NA",
        "attachments": [
            {
                "id": 1,
                "fallback": "hashicorp\/terraform-provider-azurerm on GitHub\nv3.24.0",
                "text": "`v3.24.0`",
                "title": "hashicorp\/terraform-provider-azurerm on GitHub",
                "title_link": "https:\/\/newreleases.io\/github\/hashicorp\/terraform-provider-azurerm",
                "mrkdwn_in": [
                    "text"
                ]
            }
        ]
    },
    {
        "type": "message",
        "subtype": "bot_message",
        "text": "",
        "ts": "1663895458.072189",
        "bot_id": "BG2UDF0NA",
        "attachments": [
            {
                "id": 1,
                "fallback": "hashicorp\/terraform-provider-azurerm on GitHub\nv3.24.0 updated\nrelease note: <https:\/\/newreleases.io\/github\/hashicorp\/terraform-provider-azurerm?version=v3.24.0>",
                "text": "`v3.24.0` _updated_\n```\nFEATURES:\n\n* *New Resource* : azurerm_automation_software_update_configuration ( #17902 ( <https:\/\/github.com\/hashicorp\/terraform-provider-azurerm\/issues\/17902> ) )\n* *New Resource* : azurerm_monitor_alert_processing_rule_action_group ( #17006 ( <https:\/\/github.com\/hashicorp\/terraform-provider-azurerm\/issues\/17006> ) )\n* *New Resource* : azurerm_monitor_alert_processing_rule_suppression ( #17006 ( <https:\/\/github.com\/hashicorp\/terraform-provider-azurerm\/issues\/17006> ) )\n\nENHANCEMENTS:\n\n* dependencies: updating to version v0.20220916.1125744 of <http:\/\/github.com\/hashicorp\/go-azure-sdk|github.com\/hashicorp\/go-azure-sdk> ( #18446 ( <https:\/\/github.com\/hashicorp\/terraform-provider-azurerm\/issues\/18446> ) )\n* dependencies: disks - updating to use 2022-03-02 ( #17671 ( <https:\/\/github.com\/hashicorp\/terraform-provider-azurerm\/issues\/17671> ) )\n* Data Source: azurerm_automation_account - exports the identity attribute ( #18478 ( <https:\/\/github.com\/hashicorp\/terraform-provider-azurerm\/issues\/18478> ) )\n* Data Source: azurerm_storage_account - export the azure_files_identity_based_auth property ( #18405 ( <https:\/\/github.com\/hashicorp\/terraform-provider-azurerm\/issues\/18405> ) )\n* azurerm_api_management_api_operation - support the example , schema_id , and type_name properties ( #18409 ( <https:\/\/github.com\/hashicorp\/terraform-provider-azurerm\/issues\/18409> ) )\n* azurerm_sentinel_alert_rule_scheduled - support for the techniques property ( #18430 ( <https:\/\/github.com\/hashicorp\/terraform-provider-azurerm\/issues\/18430> ) )\n* azurerm_linux_virtual_machine - support for the patch_assessment_mode property ( #18437 ( <https:\/\/github.com\/hashicorp\/terraform-provider-azurerm\/issues\/18437> ) )\n* azurerm_managed_disk - support for the PremiumV2_LRS type ( #17671 ( <https:\/\/github.com\/hashicorp\/terraform-provider-azurerm\/issues\/17671> ) )\n* azurerm_private_endpoint - support for the custom_network_interface_name property ( #18025 ( <https:\/\/github.com\/hashicorp\/terraform-provider-azurerm\/issues\/18025> ) )\n* azurerm_virtual_machine_extension - support for the failure_suppression_enabled property ( #18441 ( <https:\/\/github.com\/hashicorp\/terraform-provider-azurerm\/issues\/18441> ) )\n* azurerm_virtual_machine_scale_set_extension - support for the failure_suppression_enabled property ( #18441 ( <https:\/\/github.com\/hashicorp\/terraform-provider-azurerm\/issues\/18441> ) )\n* azurerm_windows_virtual_machine - support for the patch_assessment_mode property ( #18437 ( <https:\/\/github.com\/hashicorp\/terraform-provider-azurerm\/issues\/18437> ) )\n\nBUG FIXES:\n\n* azurerm_monitor_metric_alert - pass multi criteria to the API in the correct order ( #18438 ( <https:\/\/github.com\/hashicorp\/terraform-provider-azurerm\/issues\/18438> ) )\n* azurerm_monitor_diagnostic_settings - correctly parsing the case for the workspace_id property ( #18467 ( <https:\/\/github.com\/hashicorp\/terraform-provider-azurerm\/issues\/18467> ) )\n* azurerm_security_center_workspace - correctly parsing the case for the workspace_id property ( #18467 ( <https:\/\/github.com\/hashicorp\/terraform-provider-azurerm\/issues\/18467> ) )\n```\n<https:\/\/newreleases.io\/github\/hashicorp\/terraform-provider-azurerm?version=v3.24.0|release note...>",
                "title": "hashicorp\/terraform-provider-azurerm on GitHub",
                "title_link": "https:\/\/newreleases.io\/github\/hashicorp\/terraform-provider-azurerm",
                "mrkdwn_in": [
                    "text"
                ]
            }
        ]
    }
]