[
    {
        "type": "message",
        "subtype": "bot_message",
        "text": "",
        "ts": "1662569420.241909",
        "bot_id": "BG2UDF0NA",
        "attachments": [
            {
                "id": 1,
                "fallback": "terraform-linters\/tflint on GitHub\nv0.40.0",
                "text": "`v0.40.0`",
                "title": "terraform-linters\/tflint on GitHub",
                "title_link": "https:\/\/newreleases.io\/github\/terraform-linters\/tflint",
                "mrkdwn_in": [
                    "text"
                ]
            }
        ]
    },
    {
        "type": "message",
        "subtype": "bot_message",
        "text": "",
        "ts": "1662570500.545679",
        "bot_id": "BG2UDF0NA",
        "attachments": [
            {
                "id": 1,
                "fallback": "terraform-linters\/tflint on GitHub\nv0.40.0 updated\nrelease note: <https:\/\/newreleases.io\/github\/terraform-linters\/tflint?version=v0.40.0>",
                "text": "`v0.40.0` _updated_\n```\n-------------------\n0.40.0 (2022-09-08)\n-------------------\n\nThis release contains major changes to the plugin system. All plugins must be built with tflint-plugin-sdk v0.12.0+ to support this version. See also <https:\/\/github.com\/terraform-linters\/tflint-plugin-sdk\/releases\/tag\/v0.12.0> ( <https:\/\/github.com\/terraform-linters\/tflint-plugin-sdk\/releases\/tag\/v0.12.0> )\n\nStarting with this version, the built-in rules for the Terraform Language have been cut out into the tflint-ruleset-terraform ( <https:\/\/github.com\/terraform-linters\/tflint-ruleset-terraform> ) plugin. Since the plugin is bundled with the TFLint binary, you will still be able to use the rules as before. However, be aware that some default behavior has changed.\n\nGPG key ID: 8CE69160EB3F2FE9\n\nBreaking Changes\n----------------\n\n* #1470 ( <https:\/\/github.com\/terraform-linters\/tflint\/pull\/1470> ) : Remove --loglevel CLI flag ( @wata727 ( <https:\/\/github.com\/wata727> ) )\n* #1496 ( <https:\/\/github.com\/terraform-linters\/tflint\/pull\/1496> ) : plugin: Switch internal Terraform rules to the bundled plugin ( @wata727 ( <https:\/\/github.com\/wata727> ) )\n\n* Rules for the Terraform Language have been cut out into a plugin, allowing you to enable or disable rules in bulk. Just declare the plugin block in.tflint.hcl like any other plugin.\n* The following rules are newly enabled by default. To keep the same behavior as before, these rules should be disabled.\n\n* terraform_deprecated_index\n* terraform_required_providers\n* terraform_required_version\n* terraform_typed_variables\n* terraform_unused_declarations\n\n* See also tflint-ruleset-terraform documentation ( <https:\/\/github.com\/terraform-linters\/tflint-ruleset-terraform\/blob\/v0.1.0\/docs\/configuration.md> ) for plugin configuration.\n\nEnhancements\n------------\n\n* #1480 ( <https:\/\/github.com\/terraform-linters\/tflint\/pull\/1480> ) : plugin: Add support for GetModulePath API ( @wata727 ( <https:\/\/github.com\/wata727> ) )\n* #1481 ( <https:\/\/github.com\/terraform-linters\/tflint\/pull\/1481> ) : plugin: Make GetRuleConfigContent doesn't return an error even if config not found ( @wata727 ( <https:\/\/github.com\/wata727> ) )\n* #1482 ( <https:\/\/github.com\/terraform-linters\/tflint\/pull\/1482> ) : formatter(compact): print hcl.Diagnostics errors in compact format ( @bendrucker ( <https:\/\/github.com\/bendrucker> ) )\n* #1492 ( <https:\/\/github.com\/terraform-linters\/tflint\/pull\/1492> ) : annotations: allow ignoring multiple rules ( @bendrucker ( <https:\/\/github.com\/bendrucker> ) )\n\nBugFixes\n--------\n\n* #1501 ( <https:\/\/github.com\/terraform-linters\/tflint\/pull\/1501> ) : plugin: Fix an error when evaluating sensitive values ( @wata727 ( <https:\/\/github.com\/wata727> ) )\n\nChores\n------\n\n* #1483 ( <https:\/\/github.com\/terraform-linters\/tflint\/pull\/1483> ) : build(deps): Bump <http:\/\/github.com\/mattn\/go-colorable|github.com\/mattn\/go-colorable> from 0.1.12 to 0.1.13\n* #1484 ( <https:\/\/github.com\/terraform-linters\/tflint\/pull\/1484> ) : build(deps): Bump alpine from 3.16.1 to 3.16.2\n* #1485 ( <https:\/\/github.com\/terraform-linters\/tflint\/pull\/1485> ) : build: Improve Go workflows ( @wata727 ( <https:\/\/github.com\/wata727> ) )\n* #1487 ( <https:\/\/github.com\/terraform-linters\/tflint\/pull\/1487> ) : Revert \"Add a notice about verification of keyless signing\" ( @wata727 ( <https:\/\/github.com\/wata727> ) )\n* #1489 ( <https:\/\/github.com\/terraform-linters\/tflint\/pull\/1489> ) : build(deps): Bump <http:\/\/github.com\/zclconf\/go-cty|github.com\/zclconf\/go-cty> from 1.10.0 to 1.11.0\n* #1490 ( <https:\/\/github.com\/terraform-linters\/tflint\/pull\/1490> ) : build(deps): Bump <http:\/\/github.com\/hashicorp\/go-plugin|github.com\/hashicorp\/go-plugin> from 1.4.4 to 1.4.5\n* #1491 ( <https:\/\/github.com\/terraform-linters\/tflint\/pull\/1491> ) : build(deps): Bump sigstore\/cosign-installer from 2.5.0 to 2.5.1\n* #1499 ( <https:\/\/github.com\/terraform-linters\/tflint\/pull\/1499> ) : use mktemp when installing tflint ( @dawez ( <https:\/\/github.com\/dawez> ) )\n* #1500 ( <https:\/\/github.com\/terraform-linters\/tflint\/pull\/1500> ) : Move cli_test.go to integration test ( @wata727 ( <https:\/\/github.com\/wata727> ) )\n* #1504 ( <https:\/\/github.com\/terraform-linters\/tflint\/pull\/1504> ) : build: Use default cosign version ( @wata727 ( <https:\/\/github.com\/wata727> ) )\n```\n<https:\/\/newreleases.io\/github\/terraform-linters\/tflint?version=v0.40.0|release note...>",
                "title": "terraform-linters\/tflint on GitHub",
                "title_link": "https:\/\/newreleases.io\/github\/terraform-linters\/tflint",
                "mrkdwn_in": [
                    "text"
                ]
            }
        ]
    }
]