[
    {
        "type": "message",
        "subtype": "bot_message",
        "text": "",
        "ts": "1663585230.150179",
        "bot_id": "BG2UDF0NA",
        "attachments": [
            {
                "id": 1,
                "fallback": "hashicorp\/terraform-provider-azurerm on GitHub\nv3.23.0 updated\nrelease note: <https:\/\/newreleases.io\/github\/hashicorp\/terraform-provider-azurerm?version=v3.23.0>",
                "text": "`v3.23.0` _updated_\n```\nFEATURES:\n\n* *New Data Source* : private_dns_zone_virtual_network_link ( #18045 ( <https:\/\/github.com\/hashicorp\/terraform-provider-azurerm\/issues\/18045> ) )\n* *New Data Source* : azurerm_monitor_data_collection_rule ( #18318 ( <https:\/\/github.com\/hashicorp\/terraform-provider-azurerm\/issues\/18318> ) )\n\nENHANCEMENTS:\n\n* azurerm_api_management_api_schema - support for the components and definitions properties ( #18394 ( <https:\/\/github.com\/hashicorp\/terraform-provider-azurerm\/issues\/18394> ) )\n* azurerm_automation_account - support for the hybrid_service_url property ( #18320 ( <https:\/\/github.com\/hashicorp\/terraform-provider-azurerm\/issues\/18320> ) )\n* azurerm_batch_pool - support for the user_assigned_identity_id property ( #17104 ( <https:\/\/github.com\/hashicorp\/terraform-provider-azurerm\/issues\/17104> ) )\n* azurerm_batch_pool - support for the data_disks , disk_encryption , extensions , node_placement , task_scheduling_policy , user_accounts , and windows blocks ( #18226 ( <https:\/\/github.com\/hashicorp\/terraform-provider-azurerm\/issues\/18226> ) )\n* azurerm_cosmosdb_account - support for User Assigned identities ( #18378 ( <https:\/\/github.com\/hashicorp\/terraform-provider-azurerm\/issues\/18378> ) )\n* azurerm_eventhub_namespace - support for the public_network_access_enabled property ( #18314 ( <https:\/\/github.com\/hashicorp\/terraform-provider-azurerm\/issues\/18314> ) )\n* azurerm_logic_app_standard - support for the virtual_network_subnet_id property for vNet integration ( #17731 ( <https:\/\/github.com\/hashicorp\/terraform-provider-azurerm\/issues\/17731> ) )\n* azurerm_management_group_policy_remediation - the policy_definition_id property has been deprecated in favour of the more accuractly named policy_definition_reference_id property ( #18037 ( <https:\/\/github.com\/hashicorp\/terraform-provider-azurerm\/issues\/18037> ) )\n* azurerm_resource_policy_remediation - the policy_definition_id property has been deprecated in favour of the more accuractly named policy_definition_reference_id property ( #18037 ( <https:\/\/github.com\/hashicorp\/terraform-provider-azurerm\/issues\/18037> ) )\n* azurerm_resource_group_policy_remediation - the policy_definition_id property has been deprecated in favour of the more accuractly named policy_definition_reference_id property ( #18037 ( <https:\/\/github.com\/hashicorp\/terraform-provider-azurerm\/issues\/18037> ) )\n* azurerm_subscription_policy_remediation - the policy_definition_id property has been deprecated in favour of the more accuractly named policy_definition_reference_id property ( #18037 ( <https:\/\/github.com\/hashicorp\/terraform-provider-azurerm\/issues\/18037> ) )\n\nBUG FIXES:\n\n* azurerm_netapp_volume : add extra validation when data_protection_snapshot_policy.0. snapshot_policy_id is empty ( #18348 ( <https:\/\/github.com\/hashicorp\/terraform-provider-azurerm\/issues\/18348> ) )\n```\n<https:\/\/newreleases.io\/github\/hashicorp\/terraform-provider-azurerm?version=v3.23.0|release note...>",
                "title": "hashicorp\/terraform-provider-azurerm on GitHub",
                "title_link": "https:\/\/newreleases.io\/github\/hashicorp\/terraform-provider-azurerm",
                "mrkdwn_in": [
                    "text"
                ]
            }
        ]
    }
]