[
    {
        "type": "message",
        "subtype": "bot_message",
        "text": "<https:\/\/www.reddit.com\/r\/Terraform\/comments\/vo3cwj\/azure_devops_folders\/|Azure Devops - folders>\nHi * I was looking into terraform docs if there is possible to create folders inside pipelines for dev teams\/other people. Like on the screenshot bellow \"New folder\". But there is no info in documentation. Or is called in different way so I can't find it. Have you ever try to do this with terraform or this is not possible?  &lt;a...",
        "ts": "1656578189.274599",
        "username": "Terraform",
        "icons": {
            "image_48": "https:\/\/s3-us-west-2.amazonaws.com\/slack-files2\/bot_icons\/2019-02-12\/548785199618_48.png"
        },
        "bot_id": "BG3N7LG73",
        "blocks": [
            {
                "type": "rich_text",
                "block_id": "RWE",
                "elements": [
                    {
                        "type": "rich_text_section",
                        "elements": [
                            {
                                "type": "link",
                                "url": "https:\/\/www.reddit.com\/r\/Terraform\/comments\/vo3cwj\/azure_devops_folders\/",
                                "text": "Azure Devops - folders"
                            },
                            {
                                "type": "text",
                                "text": "\nHi * I was looking into terraform docs if there is possible to create folders inside pipelines for dev teams\/other people. Like on the screenshot bellow \"New folder\". But there is no info in documentation. Or is called in different way so I can't find it. Have you ever try to do this with terraform or this is not possible?  <a..."
                            }
                        ]
                    }
                ]
            }
        ],
        "attachments": [
            {
                "from_url": "https:\/\/www.reddit.com\/r\/Terraform\/comments\/vo3cwj\/azure_devops_folders\/",
                "thumb_url": "https:\/\/external-preview.redd.it\/xl8y2l6jyp891.png?overlay-align=bottom,left&crop=513:144,smart&overlay-height=15p&overlay=%2Fwatermark%2Ft5_2u8e4.png%3Fs%3Dbfb326ca8735739e33a60abaf9a7c73bcb4a2134&width=513&height=144&auto=webp&s=3a5acb1b72c87caa211d5c1699592b6a9f02136a",
                "thumb_width": 130,
                "thumb_height": 60,
                "service_icon": "http:\/\/www.redditstatic.com\/desktop2x\/img\/favicon\/apple-icon-57x57.png",
                "id": 1,
                "original_url": "https:\/\/www.reddit.com\/r\/Terraform\/comments\/vo3cwj\/azure_devops_folders\/",
                "fallback": "reddit: Azure Devops - folders",
                "text": "Posted in r\/Terraform by u\/sannholo • 1 point and 0 comments",
                "title": "Azure Devops - folders",
                "title_link": "https:\/\/www.reddit.com\/r\/Terraform\/comments\/vo3cwj\/azure_devops_folders\/",
                "service_name": "reddit"
            }
        ],
        "edited": {
            "user": "BG3N7LG73",
            "ts": "1656578189.000000"
        }
    },
    {
        "type": "message",
        "subtype": "bot_message",
        "text": "<https:\/\/www.reddit.com\/r\/Terraform\/comments\/vo8txs\/changes_to_app_services_in_the_azurerm_terraform\/|Changes to App Services in the AzureRM Terraform Provider in Version 3.0\/4.0>\nChanges to azurerm_app_service, azurerm_function_app and azurerm_app_service_plan resources in versions 3.0\/4.0 of the azurerm provider. Including how to import existing resources into their new replacements. <https:\/\/automatecreate.wordpress.com\/2022\/06\/15\/changes-to-app-services-in-the-azurerm-terraform-provider\/|https:\/\/automatecreate.wordpress.com\/2022\/06\/15\/changes-to-app-services-in-the-azurerm-terraform-provider\/> azurerm_app_service, azurerm_function_app and...",
        "ts": "1656597390.966689",
        "username": "Terraform",
        "icons": {
            "image_48": "https:\/\/s3-us-west-2.amazonaws.com\/slack-files2\/bot_icons\/2019-02-12\/548785199618_48.png"
        },
        "bot_id": "BG3N7LG73",
        "blocks": [
            {
                "type": "rich_text",
                "block_id": "O095K",
                "elements": [
                    {
                        "type": "rich_text_section",
                        "elements": [
                            {
                                "type": "link",
                                "url": "https:\/\/www.reddit.com\/r\/Terraform\/comments\/vo8txs\/changes_to_app_services_in_the_azurerm_terraform\/",
                                "text": "Changes to App Services in the AzureRM Terraform Provider in Version 3.0\/4.0"
                            },
                            {
                                "type": "text",
                                "text": "\nChanges to azurerm_app_service, azurerm_function_app and azurerm_app_service_plan resources in versions 3.0\/4.0 of the azurerm provider. Including how to import existing resources into their new replacements. "
                            },
                            {
                                "type": "link",
                                "url": "https:\/\/automatecreate.wordpress.com\/2022\/06\/15\/changes-to-app-services-in-the-azurerm-terraform-provider\/"
                            },
                            {
                                "type": "text",
                                "text": " azurerm_app_service, azurerm_function_app and..."
                            }
                        ]
                    }
                ]
            }
        ],
        "attachments": [
            {
                "from_url": "https:\/\/www.reddit.com\/r\/Terraform\/comments\/vo8txs\/changes_to_app_services_in_the_azurerm_terraform\/",
                "thumb_url": "https:\/\/www.redditstatic.com\/new-icon.png",
                "thumb_width": 256,
                "thumb_height": 256,
                "service_icon": "http:\/\/www.redditstatic.com\/desktop2x\/img\/favicon\/apple-icon-57x57.png",
                "id": 1,
                "original_url": "https:\/\/www.reddit.com\/r\/Terraform\/comments\/vo8txs\/changes_to_app_services_in_the_azurerm_terraform\/",
                "fallback": "reddit: Changes to App Services in the AzureRM Terraform Provider in Version 3.0\/4.0",
                "text": "Changes to azurerm\\_app\\_service, azurerm\\_function\\_app and azurerm\\_app\\_service\\_plan resources in versions 3.0\/4.0 of the azurerm provider....",
                "title": "Changes to App Services in the AzureRM Terraform Provider in Version 3.0\/4.0",
                "title_link": "https:\/\/www.reddit.com\/r\/Terraform\/comments\/vo8txs\/changes_to_app_services_in_the_azurerm_terraform\/",
                "service_name": "reddit"
            },
            {
                "from_url": "https:\/\/automatecreate.wordpress.com\/2022\/06\/15\/changes-to-app-services-in-the-azurerm-terraform-provider\/",
                "thumb_url": "https:\/\/automatecreate.files.wordpress.com\/2022\/06\/azurerm_app_service_note.png?fit=200%2C150",
                "thumb_width": 200,
                "thumb_height": 82,
                "service_icon": "https:\/\/s2.wp.com\/i\/webclip.png",
                "id": 2,
                "original_url": "https:\/\/automatecreate.wordpress.com\/2022\/06\/15\/changes-to-app-services-in-the-azurerm-terraform-provider\/",
                "fallback": "Automation Creations Link: Changes to App Services in the AzureRM Terraform Provider in Version&nbsp;3.0\/4.0",
                "text": "I was looking through the&nbsp;Terraform Documentation for the AzureRM provider&nbsp;the other day, and I came across a note on the azurerm_app_Service page. This Post will describe the new changes to App Services and the new resources that replace them.\n\n\n\nThe following resources have been deprecated in version 3.0 and will be removed in version 4.0:\n\n\n\nazurerm_app_serviceazurerm_function_appazurerm_app_service_planThey are replaced by the following new resource types:\n\n\n\nazurerm_linux_web_appazurerm_windows_web_appazurerm_linux_function_appazurerm_windows_function_appazurerm_service_planFor more details on these changes, I put together a video where I explore some of the differences between the old and new resouces that I have noticed as well as how to use terraform import to import the deprecated resources into their new replacements. Feel free to check it out.\n\n\n\n\n\nHere are a few key changes that I noticed so far, aside from the name changes:\n\n\n\nazurerm_service_planThe Reserved attribute is no longer required to be set as&nbsp;true&nbsp;when&nbsp;kind&nbsp;is set to&nbsp;linux. The resource will automatically set this value if&nbsp;os_type&nbsp;equals&nbsp;linux;SKU is set differently. Instead of specifying&nbsp;tier&nbsp;and&nbsp;size&nbsp;in the&nbsp;sku&nbsp;block, there is now an attribute called&nbsp;sku_name.Also, instead of specifying a&nbsp;capacity&nbsp;in the&nbsp;sku&nbsp;block, the new resource uses the attribute&nbsp;worker_countazurerm_linux_web_app\/azurerm_windows_web_appapp_service_plan_id&nbsp;is now called&nbsp;service_plan_idsite_config&nbsp;block is now required. If not using, just leave empty. (ex. site_config {})New&nbsp;application_stack&nbsp;block under site_config. Container images are now defined here as well as things like dotnet_versionazurerm_linux_function_app\/azurerm_windows_function_appsite_config&nbsp;block is required here as well.storage_account_access_key&nbsp;is now optional.Below, you can find some basic examples of the new and deprecated resources for comparison.\n\n\n\nThese working examples are also available on GitHub in my&nbsp;AzureAppServiceChanges Repository.\n\n\n\nYou may just need to update the App Service Names since they need to be globally unique.\n\n\n\nExample: App Service Plan\n\n\n\nazurerm_app_service_plan (Deprecated)\n\n\n\nresource \"azurerm_app_service_plan\" \"asp_linux_old\" {\n  name                = \"asp-linux-old\"\n  location            = azurerm_resource_group.rg_appservice_linux_old.location\n  resource_group_name = azurerm_resource_group.rg_appservice_linux_old.name\n  reserved            = true\n  kind                = \"linux\"\n\n  sku {\n    tier     = \"Basic\"\n    size     = \"B1\"\n    capacity = 1\n  }\n}\n\n\n\n\nazurerm_linux_web_app\n\n\n\nresource \"azurerm_linux_web_app\" \"as_linux_new\" {\n  name                = \"as-linux-new-01\"\n  location            = azurerm_resource_group.rg_appservice_linux_new.location\n  resource_group_name = azurerm_resource_group.rg_appservice_linux_new.name\n  service_plan_id     = azurerm_service_plan.asp_linux_new.id\n\n  site_config {\n    always_on = true\n    \n    application_stack {\n      docker_image     = \"appsvcsample\/python-helloworld\"\n      docker_image_tag = \"latest\"\n      dotnet_version   = \"6.0\"\n    }\n  }\n}\n\n\n\n\nExample: Linux App\n\n\n\nazurerm_app_service (Deprecated)\n\n\n\nresource \"azurerm_resource_group\" \"rg_appservice_linux_old\" {\n  name     = \"rg-appservice-linux-old\"\n  location = \"Eastus2\"\n}\n\nresource \"azurerm_app_service_plan\" \"asp_linux_old\" {\n  name                = \"asp-linux-old\"\n  location            = azurerm_resource_group.rg_appservice_linux_old.location\n  resource_group_name = azurerm_resource_group.rg_appservice_linux_old.name\n  reserved            = true\n  kind                = \"linux\"\n\n  sku {\n    tier     = \"Basic\"\n    size     = \"B1\"\n    capacity = 1\n  }\n}\n\nresource \"azurerm_app_service\" \"as_linux_old\" {\n  name                = \"as-linux-old-01\"\n  location            = azurerm_resource_group.rg_appservice_linux_old.location\n  resource_group_name = azurerm_resource_group.rg_appservice_linux_old.name\n  app_service_plan_id = azurerm_app_service_plan.asp_linux_old.id\n\n  site_config {\n    dotnet_framework_version = \"v4.0\"\n    linux_fx_version         = \"DOCKER|appsvcsample\/python-helloworld:latest\"\n\n    always_on = true\n  }\n}\n\n\n\n\nazurerm_linux_web_app\n\n\n\nresource \"azurerm_resource_group\" \"rg_appservice_linux_new\" {\n  name     = \"rg-appservice-linux-new\"\n  location = \"Eastus2\"\n}\n\nresource \"azurerm_service_plan\" \"asp_linux_new\" {\n  name                = \"asp-linux-new\"\n  resource_group_name = azurerm_resource_group.rg_appservice_linux_new.name\n  location            = azurerm_resource_group.rg_appservice_linux_new.location\n  # reserved            = true\n  os_type      = \"Linux\"\n  sku_name     = \"B1\"\n  worker_count = 1\n}\n\nresource \"azurerm_linux_web_app\" \"as_linux_new\" {\n  name                = \"as-linux-new-01\"\n  location            = azurerm_resource_group.rg_appservice_linux_new.location\n  resource_group_name = azurerm_resource_group.rg_appservice_linux_new.name\n  service_plan_id     = azurerm_service_plan.asp_linux_new.id\n\n  site_config {\n    always_on = true\n    \n    application_stack {\n      docker_image     = \"appsvcsample\/python-helloworld\"\n      docker_image_tag = \"latest\"\n      dotnet_version   = \"6.0\"\n    }\n  }\n}\n\n\n\n\nExample: Windows App\n\n\n\nazurerm_app_service (Deprecated)\n\n\n\nresource \"azurerm_resource_group\" \"rg_appservice_windows_old\" {\n  name     = \"rg-appservice-windows-old\"\n  location = \"Eastus2\"\n}\n\nresource \"azurerm_app_service_plan\" \"asp_windows_old\" {\n  name                = \"asp-windows\"\n  location            = azurerm_resource_group.rg_appservice_windows_old.location\n  resource_group_name = azurerm_resource_group.rg_appservice_windows_old.name\n  kind                = \"windows\"\n\n  sku {\n    tier     = \"Basic\"\n    size     = \"B1\"\n    capacity = 1\n  }\n}\n\nresource \"azurerm_app_service\" \"as_windows_old\" {\n  name                = \"as-windows-old\"\n  location            = azurerm_resource_group.rg_appservice_windows_old.location\n  resource_group_name = azurerm_resource_group.rg_appservice_windows_old.name\n  app_service_plan_id = azurerm_app_service_plan.asp_windows_old.id\n\n  site_config {\n    dotnet_framework_version = \"v4.0\"\n    always_on = true\n  }\n}\n\n\n\n\nazurerm_windows_web_app\n\n\n\nresource \"azurerm_resource_group\" \"rg_appservice_windows_new\" {\n  name     = \"new-rg-appservice-windows\"\n  location = \"Eastus2\"\n}\n\nresource \"azurerm_service_plan\" \"asp_windows_new\" {\n  name                = \"asp-windows-new\"\n  resource_group_name = azurerm_resource_group.rg_appservice_windows_new.name\n  location            = azurerm_resource_group.rg_appservice_windows_new.location\n  os_type             = \"Windows\"\n  sku_name            = \"B1\"\n  worker_count        = 1\n}\n\nresource \"azurerm_windows_web_app\" \"as_windows_new\" {\n  name                = \"as-windows-new-01\"\n  resource_group_name = azurerm_resource_group.rg_appservice_windows_new.name\n  location            = azurerm_resource_group.rg_appservice_windows_new.location\n  service_plan_id     = azurerm_service_plan.asp_windows_new.id\n\n  site_config {\n    always_on = true\n    \n    application_stack {\n      dotnet_version = \"v4.0\"\n    }\n  }\n}\n\n\n\n\nExample: Linux Function App\n\n\n\nazurerm_function_app (Deprecated)\n\n\n\nresource \"azurerm_resource_group\" \"rg_functionapp_linux_old\" {\n  name     = \"rg-functionapp-linux-old\"\n  location = \"Eastus2\"\n}\n\nresource \"azurerm_storage_account\" \"sa_old\" {\n  name                     = \"safunclinold01\"\n  resource_group_name      = azurerm_resource_group.rg_functionapp_linux_old.name\n  location                 = azurerm_resource_group.rg_functionapp_linux_old.location\n  account_tier             = \"Standard\"\n  account_replication_type = \"LRS\"\n}\n\nresource \"azurerm_app_service_plan\" \"asp_functionapp_linux_old\" {\n  name                = \"asp-functionapp-linux-old\"\n  location            = azurerm_resource_group.rg_functionapp_linux_old.location\n  resource_group_name = azurerm_resource_group.rg_functionapp_linu…",
                "title": "Changes to App Services in the AzureRM Terraform Provider in Version 3.0\/4.0",
                "title_link": "https:\/\/automatecreate.wordpress.com\/2022\/06\/15\/changes-to-app-services-in-the-azurerm-terraform-provider\/",
                "author_name": "mmcelreath",
                "author_link": "https:\/\/automatecreate.wordpress.com\/author\/mmcelreath\/",
                "service_name": "Automation Creations",
                "service_url": "http:\/\/automatecreate.wordpress.com\/"
            }
        ],
        "edited": {
            "user": "BG3N7LG73",
            "ts": "1656597391.000000"
        }
    }
]