[
    {
        "type": "message",
        "subtype": "bot_message",
        "text": "<https:\/\/www.reddit.com\/r\/Terraform\/comments\/vfsd7v\/a_tutorial_on_deploying_a_flask_api_to_google\/|A tutorial on deploying a Flask API to Google Cloud Run using Terraform and Docker>\nsubmitted by   <https:\/\/www.reddit.com\/user\/fpgmaas| \/u\/fpgmaas > \n<https:\/\/www.fpgmaas.com\/blog\/deploying-a-flask-api-to-cloudrun|[link]>   <https:\/\/www.reddit.com\/r\/Terraform\/comments\/vfsd7v\/a_tutorial_on_deploying_a_flask_api_to_google\/|[comments]>",
        "ts": "1655636188.853829",
        "username": "Terraform",
        "icons": {
            "image_48": "https:\/\/s3-us-west-2.amazonaws.com\/slack-files2\/bot_icons\/2019-02-12\/548785199618_48.png"
        },
        "bot_id": "BG3N7LG73",
        "blocks": [
            {
                "type": "rich_text",
                "block_id": "1\/4",
                "elements": [
                    {
                        "type": "rich_text_section",
                        "elements": [
                            {
                                "type": "link",
                                "url": "https:\/\/www.reddit.com\/r\/Terraform\/comments\/vfsd7v\/a_tutorial_on_deploying_a_flask_api_to_google\/",
                                "text": "A tutorial on deploying a Flask API to Google Cloud Run using Terraform and Docker"
                            },
                            {
                                "type": "text",
                                "text": "\nsubmitted by   "
                            },
                            {
                                "type": "link",
                                "url": "https:\/\/www.reddit.com\/user\/fpgmaas",
                                "text": "\/u\/fpgmaas"
                            },
                            {
                                "type": "text",
                                "text": " \n"
                            },
                            {
                                "type": "link",
                                "url": "https:\/\/www.fpgmaas.com\/blog\/deploying-a-flask-api-to-cloudrun",
                                "text": "[link]"
                            },
                            {
                                "type": "text",
                                "text": "   "
                            },
                            {
                                "type": "link",
                                "url": "https:\/\/www.reddit.com\/r\/Terraform\/comments\/vfsd7v\/a_tutorial_on_deploying_a_flask_api_to_google\/",
                                "text": "[comments]"
                            }
                        ]
                    }
                ]
            }
        ],
        "attachments": [
            {
                "from_url": "https:\/\/www.reddit.com\/r\/Terraform\/comments\/vfsd7v\/a_tutorial_on_deploying_a_flask_api_to_google\/",
                "thumb_url": "https:\/\/a.thumbs.redditmedia.com\/rXHOCM0UijPpR4psuov6wCgucQYCW0GmYgni42ThEL0.jpg",
                "thumb_width": 140,
                "thumb_height": 70,
                "service_icon": "http:\/\/www.redditstatic.com\/desktop2x\/img\/favicon\/apple-icon-57x57.png",
                "id": 1,
                "original_url": "https:\/\/www.reddit.com\/r\/Terraform\/comments\/vfsd7v\/a_tutorial_on_deploying_a_flask_api_to_google\/",
                "fallback": "reddit: A tutorial on deploying a Flask API to Google Cloud Run using Terraform and Docker",
                "text": "Posted in r\/Terraform by u\/fpgmaas • 1 point and 1 comment",
                "title": "A tutorial on deploying a Flask API to Google Cloud Run using Terraform and Docker",
                "title_link": "https:\/\/www.reddit.com\/r\/Terraform\/comments\/vfsd7v\/a_tutorial_on_deploying_a_flask_api_to_google\/",
                "service_name": "reddit"
            },
            {
                "from_url": "https:\/\/www.reddit.com\/user\/fpgmaas",
                "service_icon": "http:\/\/www.redditstatic.com\/desktop2x\/img\/favicon\/apple-icon-57x57.png",
                "id": 2,
                "original_url": "https:\/\/www.reddit.com\/user\/fpgmaas",
                "fallback": "overview for fpgmaas",
                "text": "The u\/fpgmaas community on Reddit. Reddit gives you the best of the internet in one place.",
                "title": "overview for fpgmaas",
                "title_link": "https:\/\/www.reddit.com\/user\/fpgmaas",
                "service_name": "reddit.com"
            },
            {
                "from_url": "https:\/\/www.fpgmaas.com\/blog\/deploying-a-flask-api-to-cloudrun",
                "thumb_url": "https:\/\/www.fpgmaas.com\/static\/64e7dea59f6a8975084836ea824ee147\/2a4de\/image.png",
                "thumb_width": 600,
                "thumb_height": 300,
                "service_icon": "https:\/\/www.fpgmaas.com\/favicon.ico",
                "id": 3,
                "original_url": "https:\/\/www.fpgmaas.com\/blog\/deploying-a-flask-api-to-cloudrun",
                "fallback": "Deploying a Flask API to Google Cloud Run using Terraform | Florian Maas",
                "text": "A tutorial in which we deploy a Dockerized Flask API to Google Cloud Run, while provisioning the required infrastructure with Terraform.",
                "title": "Deploying a Flask API to Google Cloud Run using Terraform | Florian Maas",
                "title_link": "https:\/\/www.fpgmaas.com\/blog\/deploying-a-flask-api-to-cloudrun",
                "service_name": "fpgmaas.com"
            }
        ],
        "edited": {
            "user": "BG3N7LG73",
            "ts": "1655636189.000000"
        }
    },
    {
        "type": "message",
        "subtype": "bot_message",
        "text": "<https:\/\/www.reddit.com\/r\/Terraform\/comments\/vg1jty\/terraform_associate_certification\/|Terraform Associate Certification>\nIs this course by Zeal Vora on Udemy good enough to pass this certification? <https:\/\/www.udemy.com\/course\/terraform-beginner-to-advanced\/|Terraform beginner to advanced>    submitted by   <https:\/\/www.reddit.com\/user\/Ok-Relationship9896| \/u\/Ok-Relationship9896 > \n<https:\/\/www.reddit.com\/r\/Terraform\/comments\/vg1jty\/terraform_associate_certification\/|[link]>   &lt;a...",
        "ts": "1655664987.583149",
        "username": "Terraform",
        "icons": {
            "image_48": "https:\/\/s3-us-west-2.amazonaws.com\/slack-files2\/bot_icons\/2019-02-12\/548785199618_48.png"
        },
        "bot_id": "BG3N7LG73",
        "blocks": [
            {
                "type": "rich_text",
                "block_id": "QXXgB",
                "elements": [
                    {
                        "type": "rich_text_section",
                        "elements": [
                            {
                                "type": "link",
                                "url": "https:\/\/www.reddit.com\/r\/Terraform\/comments\/vg1jty\/terraform_associate_certification\/",
                                "text": "Terraform Associate Certification"
                            },
                            {
                                "type": "text",
                                "text": "\nIs this course by Zeal Vora on Udemy good enough to pass this certification? "
                            },
                            {
                                "type": "link",
                                "url": "https:\/\/www.udemy.com\/course\/terraform-beginner-to-advanced\/",
                                "text": "Terraform beginner to advanced"
                            },
                            {
                                "type": "text",
                                "text": "    submitted by   "
                            },
                            {
                                "type": "link",
                                "url": "https:\/\/www.reddit.com\/user\/Ok-Relationship9896",
                                "text": "\/u\/Ok-Relationship9896"
                            },
                            {
                                "type": "text",
                                "text": " \n"
                            },
                            {
                                "type": "link",
                                "url": "https:\/\/www.reddit.com\/r\/Terraform\/comments\/vg1jty\/terraform_associate_certification\/",
                                "text": "[link]"
                            },
                            {
                                "type": "text",
                                "text": "   <a..."
                            }
                        ]
                    }
                ]
            }
        ],
        "attachments": [
            {
                "from_url": "https:\/\/www.reddit.com\/r\/Terraform\/comments\/vg1jty\/terraform_associate_certification\/",
                "thumb_url": "https:\/\/www.redditstatic.com\/new-icon.png",
                "thumb_width": 256,
                "thumb_height": 256,
                "service_icon": "http:\/\/www.redditstatic.com\/desktop2x\/img\/favicon\/apple-icon-57x57.png",
                "id": 1,
                "original_url": "https:\/\/www.reddit.com\/r\/Terraform\/comments\/vg1jty\/terraform_associate_certification\/",
                "fallback": "reddit: Terraform Associate Certification",
                "text": "Is this course by Zeal Vora on Udemy good enough to pass this certification? [Terraform beginner to...",
                "title": "Terraform Associate Certification",
                "title_link": "https:\/\/www.reddit.com\/r\/Terraform\/comments\/vg1jty\/terraform_associate_certification\/",
                "service_name": "reddit"
            },
            {
                "from_url": "https:\/\/www.udemy.com\/course\/terraform-beginner-to-advanced\/",
                "image_url": "https:\/\/img-c.udemycdn.com\/course\/480x270\/1617616_5a60_3.jpg",
                "image_width": 444,
                "image_height": 250,
                "image_bytes": 17769,
                "service_icon": "https:\/\/www.udemy.com\/staticx\/udemy\/images\/v7\/apple-touch-icon.png",
                "id": 2,
                "original_url": "https:\/\/www.udemy.com\/course\/terraform-beginner-to-advanced\/",
                "fallback": "Udemy: HashiCorp Certified: Terraform Associate 2022",
                "text": "All in one course for learning Terraform and gaining the official certification.",
                "title": "HashiCorp Certified: Terraform Associate 2022",
                "title_link": "https:\/\/www.udemy.com\/course\/terraform-beginner-to-advanced\/",
                "service_name": "Udemy"
            },
            {
                "from_url": "https:\/\/www.reddit.com\/user\/Ok-Relationship9896",
                "service_icon": "http:\/\/www.redditstatic.com\/desktop2x\/img\/favicon\/apple-icon-57x57.png",
                "id": 3,
                "original_url": "https:\/\/www.reddit.com\/user\/Ok-Relationship9896",
                "fallback": "overview for Ok-Relationship9896",
                "text": "The u\/Ok-Relationship9896 community on Reddit. Reddit gives you the best of the internet in one place.",
                "title": "overview for Ok-Relationship9896",
                "title_link": "https:\/\/www.reddit.com\/user\/Ok-Relationship9896",
                "service_name": "reddit.com"
            }
        ],
        "edited": {
            "user": "BG3N7LG73",
            "ts": "1655664987.000000"
        }
    },
    {
        "type": "message",
        "subtype": "bot_message",
        "text": "<https:\/\/www.reddit.com\/r\/Terraform\/comments\/vg411s\/how_to_replace_a_server_managed_by_terraform\/|How to replace a server managed by terraform?>\nI have a cloud server that's managed by terraform that I'm replacing with a different cloud server I'll be creating. What is the proper process for doing it in terraform? When I've done it in the past I don't know the proper way so terraform plan always shows changes and I run terraform commands and change the .tf files through trial and error until it doesn't show changes. What terraform commands do I need to run and in what order? Do I run those before or after I make the changes to the .tf...",
        "ts": "1655672190.007719",
        "username": "Terraform",
        "icons": {
            "image_48": "https:\/\/s3-us-west-2.amazonaws.com\/slack-files2\/bot_icons\/2019-02-12\/548785199618_48.png"
        },
        "bot_id": "BG3N7LG73",
        "blocks": [
            {
                "type": "rich_text",
                "block_id": "LdHZ",
                "elements": [
                    {
                        "type": "rich_text_section",
                        "elements": [
                            {
                                "type": "link",
                                "url": "https:\/\/www.reddit.com\/r\/Terraform\/comments\/vg411s\/how_to_replace_a_server_managed_by_terraform\/",
                                "text": "How to replace a server managed by terraform?"
                            },
                            {
                                "type": "text",
                                "text": "\nI have a cloud server that's managed by terraform that I'm replacing with a different cloud server I'll be creating. What is the proper process for doing it in terraform? When I've done it in the past I don't know the proper way so terraform plan always shows changes and I run terraform commands and change the .tf files through trial and error until it doesn't show changes. What terraform commands do I need to run and in what order? Do I run those before or after I make the changes to the .tf..."
                            }
                        ]
                    }
                ]
            }
        ],
        "attachments": [
            {
                "from_url": "https:\/\/www.reddit.com\/r\/Terraform\/comments\/vg411s\/how_to_replace_a_server_managed_by_terraform\/",
                "thumb_url": "https:\/\/www.redditstatic.com\/new-icon.png",
                "thumb_width": 256,
                "thumb_height": 256,
                "service_icon": "http:\/\/www.redditstatic.com\/desktop2x\/img\/favicon\/apple-icon-57x57.png",
                "id": 1,
                "original_url": "https:\/\/www.reddit.com\/r\/Terraform\/comments\/vg411s\/how_to_replace_a_server_managed_by_terraform\/",
                "fallback": "reddit: How to replace a server managed by terraform?",
                "text": "I have a cloud server that's managed by terraform that I'm replacing with a different cloud server I'll be creating. What is the proper process...",
                "title": "How to replace a server managed by terraform?",
                "title_link": "https:\/\/www.reddit.com\/r\/Terraform\/comments\/vg411s\/how_to_replace_a_server_managed_by_terraform\/",
                "service_name": "reddit"
            }
        ],
        "edited": {
            "user": "BG3N7LG73",
            "ts": "1655672190.000000"
        }
    },
    {
        "type": "message",
        "subtype": "bot_message",
        "text": "<https:\/\/www.reddit.com\/r\/Terraform\/comments\/vg4wh9\/how_to_scalechange_count_of_resource_on_demand\/|How to scale\/change count of resource on demand with external program?>\nI'm making a tool for work which involves spinning up VMs on bare metal machines rented on demand from Equinix Metal. I have set up the providers and the master node resource all successfully, but for the slave nodes I can't figure out how I'm supposed to scale those with demand. Is there a way for me to say (ideally from inside my golang program) \"spin up 3 more slave nodes with this same resource type and give me their IP addresses\" and then later say \"delete this one slave node and don't...",
        "ts": "1655673988.223729",
        "username": "Terraform",
        "icons": {
            "image_48": "https:\/\/s3-us-west-2.amazonaws.com\/slack-files2\/bot_icons\/2019-02-12\/548785199618_48.png"
        },
        "bot_id": "BG3N7LG73",
        "blocks": [
            {
                "type": "rich_text",
                "block_id": "4IbP",
                "elements": [
                    {
                        "type": "rich_text_section",
                        "elements": [
                            {
                                "type": "link",
                                "url": "https:\/\/www.reddit.com\/r\/Terraform\/comments\/vg4wh9\/how_to_scalechange_count_of_resource_on_demand\/",
                                "text": "How to scale\/change count of resource on demand with external program?"
                            },
                            {
                                "type": "text",
                                "text": "\nI'm making a tool for work which involves spinning up VMs on bare metal machines rented on demand from Equinix Metal. I have set up the providers and the master node resource all successfully, but for the slave nodes I can't figure out how I'm supposed to scale those with demand. Is there a way for me to say (ideally from inside my golang program) \"spin up 3 more slave nodes with this same resource type and give me their IP addresses\" and then later say \"delete this one slave node and don't..."
                            }
                        ]
                    }
                ]
            }
        ],
        "attachments": [
            {
                "from_url": "https:\/\/www.reddit.com\/r\/Terraform\/comments\/vg4wh9\/how_to_scalechange_count_of_resource_on_demand\/",
                "thumb_url": "https:\/\/www.redditstatic.com\/new-icon.png",
                "thumb_width": 256,
                "thumb_height": 256,
                "service_icon": "http:\/\/www.redditstatic.com\/desktop2x\/img\/favicon\/apple-icon-57x57.png",
                "id": 1,
                "original_url": "https:\/\/www.reddit.com\/r\/Terraform\/comments\/vg4wh9\/how_to_scalechange_count_of_resource_on_demand\/",
                "fallback": "reddit: How to scale\/change count of resource on demand with external program?",
                "text": "I'm making a tool for work which involves spinning up VMs on bare metal machines rented on demand from Equinix Metal. I have set up the providers...",
                "title": "How to scale\/change count of resource on demand with external program?",
                "title_link": "https:\/\/www.reddit.com\/r\/Terraform\/comments\/vg4wh9\/how_to_scalechange_count_of_resource_on_demand\/",
                "service_name": "reddit"
            }
        ],
        "edited": {
            "user": "BG3N7LG73",
            "ts": "1655673988.000000"
        }
    },
    {
        "type": "message",
        "subtype": "bot_message",
        "text": "<https:\/\/www.reddit.com\/r\/Terraform\/comments\/vg6h2v\/issue_with_route53_using_terraform\/|Issue with Route53 using Terraform>\nI notice that when I create an alias record for my ALB on my console, the record adds the words \"dual stack\" to the front. When I use it, everything works fine. However, when I try to create an Alias record on my terraform and give it my ALB DNS name, words \"dual stack\" no longer appear and the record is just the original ALB DNS name. As a result, it does not work. Do I need to add dualstack in front of the ALB DNS in Terraform?    submitted by   &lt;a...",
        "ts": "1655678788.215559",
        "username": "Terraform",
        "icons": {
            "image_48": "https:\/\/s3-us-west-2.amazonaws.com\/slack-files2\/bot_icons\/2019-02-12\/548785199618_48.png"
        },
        "bot_id": "BG3N7LG73",
        "blocks": [
            {
                "type": "rich_text",
                "block_id": "xcy6Q",
                "elements": [
                    {
                        "type": "rich_text_section",
                        "elements": [
                            {
                                "type": "link",
                                "url": "https:\/\/www.reddit.com\/r\/Terraform\/comments\/vg6h2v\/issue_with_route53_using_terraform\/",
                                "text": "Issue with Route53 using Terraform"
                            },
                            {
                                "type": "text",
                                "text": "\nI notice that when I create an alias record for my ALB on my console, the record adds the words \"dual stack\" to the front. When I use it, everything works fine. However, when I try to create an Alias record on my terraform and give it my ALB DNS name, words \"dual stack\" no longer appear and the record is just the original ALB DNS name. As a result, it does not work. Do I need to add dualstack in front of the ALB DNS in Terraform?    submitted by   <a..."
                            }
                        ]
                    }
                ]
            }
        ],
        "attachments": [
            {
                "from_url": "https:\/\/www.reddit.com\/r\/Terraform\/comments\/vg6h2v\/issue_with_route53_using_terraform\/",
                "thumb_url": "https:\/\/www.redditstatic.com\/new-icon.png",
                "thumb_width": 256,
                "thumb_height": 256,
                "service_icon": "http:\/\/www.redditstatic.com\/desktop2x\/img\/favicon\/apple-icon-57x57.png",
                "id": 1,
                "original_url": "https:\/\/www.reddit.com\/r\/Terraform\/comments\/vg6h2v\/issue_with_route53_using_terraform\/",
                "fallback": "reddit: Issue with Route53 using Terraform",
                "text": "I notice that when I create an alias record for my ALB on my console, the record adds the words \"dual stack\" to the front. When I use it,...",
                "title": "Issue with Route53 using Terraform",
                "title_link": "https:\/\/www.reddit.com\/r\/Terraform\/comments\/vg6h2v\/issue_with_route53_using_terraform\/",
                "service_name": "reddit"
            }
        ],
        "edited": {
            "user": "BG3N7LG73",
            "ts": "1655678788.000000"
        }
    },
    {
        "type": "message",
        "subtype": "bot_message",
        "text": "<https:\/\/www.reddit.com\/r\/Terraform\/comments\/vg7jgr\/learning_docker\/|Learning Docker>\nHi all,  What would you say is the number 1 go-to book for learning docker please?    submitted by   <https:\/\/www.reddit.com\/user\/ZimCanIT| \/u\/ZimCanIT > \n<https:\/\/www.reddit.com\/r\/Terraform\/comments\/vg7jgr\/learning_docker\/|[link]>   <https:\/\/www.reddit.com\/r\/Terraform\/comments\/vg7jgr\/learning_docker\/|[comments]>",
        "ts": "1655681789.526809",
        "username": "Terraform",
        "icons": {
            "image_48": "https:\/\/s3-us-west-2.amazonaws.com\/slack-files2\/bot_icons\/2019-02-12\/548785199618_48.png"
        },
        "bot_id": "BG3N7LG73",
        "blocks": [
            {
                "type": "rich_text",
                "block_id": "aGllM",
                "elements": [
                    {
                        "type": "rich_text_section",
                        "elements": [
                            {
                                "type": "link",
                                "url": "https:\/\/www.reddit.com\/r\/Terraform\/comments\/vg7jgr\/learning_docker\/",
                                "text": "Learning Docker"
                            },
                            {
                                "type": "text",
                                "text": "\nHi all,  What would you say is the number 1 go-to book for learning docker please?    submitted by   "
                            },
                            {
                                "type": "link",
                                "url": "https:\/\/www.reddit.com\/user\/ZimCanIT",
                                "text": "\/u\/ZimCanIT"
                            },
                            {
                                "type": "text",
                                "text": " \n"
                            },
                            {
                                "type": "link",
                                "url": "https:\/\/www.reddit.com\/r\/Terraform\/comments\/vg7jgr\/learning_docker\/",
                                "text": "[link]"
                            },
                            {
                                "type": "text",
                                "text": "   "
                            },
                            {
                                "type": "link",
                                "url": "https:\/\/www.reddit.com\/r\/Terraform\/comments\/vg7jgr\/learning_docker\/",
                                "text": "[comments]"
                            }
                        ]
                    }
                ]
            }
        ],
        "attachments": [
            {
                "from_url": "https:\/\/www.reddit.com\/r\/Terraform\/comments\/vg7jgr\/learning_docker\/",
                "thumb_url": "https:\/\/www.redditstatic.com\/new-icon.png",
                "thumb_width": 256,
                "thumb_height": 256,
                "service_icon": "http:\/\/www.redditstatic.com\/desktop2x\/img\/favicon\/apple-icon-57x57.png",
                "id": 1,
                "original_url": "https:\/\/www.reddit.com\/r\/Terraform\/comments\/vg7jgr\/learning_docker\/",
                "fallback": "reddit: Learning Docker",
                "text": "Hi all, What would you say is the number 1 go-to book for learning docker please?",
                "title": "Learning Docker",
                "title_link": "https:\/\/www.reddit.com\/r\/Terraform\/comments\/vg7jgr\/learning_docker\/",
                "service_name": "reddit"
            },
            {
                "from_url": "https:\/\/www.reddit.com\/user\/ZimCanIT",
                "service_icon": "http:\/\/www.redditstatic.com\/desktop2x\/img\/favicon\/apple-icon-57x57.png",
                "id": 2,
                "original_url": "https:\/\/www.reddit.com\/user\/ZimCanIT",
                "fallback": "overview for ZimCanIT",
                "text": "Documenting my IT journey...",
                "title": "overview for ZimCanIT",
                "title_link": "https:\/\/www.reddit.com\/user\/ZimCanIT",
                "service_name": "reddit.com"
            }
        ],
        "edited": {
            "user": "BG3N7LG73",
            "ts": "1655681789.000000"
        }
    }
]