[
    {
        "client_msg_id": "028c00d7-4fce-40ec-a312-c885cea676bb",
        "type": "message",
        "text": "久しぶりに登場してワークショップの宣伝です〜w Terraform CloudユーザやTerraform Cloudを検討している方、TFC Business (TFCB)が気になる方向けです！今回はOSSはカバーしていないので、その点はご留意いただければと思います〜\n5\/20（木）13時〜14時：\n<https:\/\/www.hashicorp.com\/events\/webinars\/terraform-cloud-business-getting-started>",
        "user": "UMYT1J2RX",
        "ts": "1618557599.006200",
        "team": "TFU0BKCQP",
        "user_team": "TFU0BKCQP",
        "source_team": "TFU0BKCQP",
        "user_profile": {
            "avatar_hash": "g9e1ca1887f6",
            "image_72": "https:\/\/secure.gravatar.com\/avatar\/59e1ca1887f6751ed6cc67e1eed56a91.jpg?s=72&d=https%3A%2F%2Fa.slack-edge.com%2Fdf10d%2Fimg%2Favatars%2Fava_0010-72.png",
            "first_name": "",
            "real_name": "Rumi Oku",
            "display_name": "",
            "team": "TFU0BKCQP",
            "name": "rumioku",
            "is_restricted": false,
            "is_ultra_restricted": false
        },
        "attachments": [
            {
                "service_name": "HashiCorp",
                "title": "Terraform Cloud Businessで始めるエンタープライズプロビジョニング",
                "title_link": "https:\/\/www.hashicorp.com\/events\/webinars\/terraform-cloud-business-getting-started",
                "fallback": "HashiCorp: Terraform Cloud Businessで始めるエンタープライズプロビジョニング",
                "image_url": "https:\/\/www.datocms-assets.com\/2885\/1599178066-events-social-share.jpg",
                "from_url": "https:\/\/www.hashicorp.com\/events\/webinars\/terraform-cloud-business-getting-started",
                "image_width": 476,
                "image_height": 250,
                "image_bytes": 1342199,
                "id": 1,
                "original_url": "https:\/\/www.hashicorp.com\/events\/webinars\/terraform-cloud-business-getting-started"
            }
        ],
        "blocks": [
            {
                "type": "rich_text",
                "block_id": "mqgR1",
                "elements": [
                    {
                        "type": "rich_text_section",
                        "elements": [
                            {
                                "type": "text",
                                "text": "久しぶりに登場してワークショップの宣伝です〜w Terraform CloudユーザやTerraform Cloudを検討している方、TFC Business (TFCB)が気になる方向けです！今回はOSSはカバーしていないので、その点はご留意いただければと思います〜\n5\/20（木）13時〜14時：\n"
                            },
                            {
                                "type": "link",
                                "url": "https:\/\/www.hashicorp.com\/events\/webinars\/terraform-cloud-business-getting-started"
                            }
                        ]
                    }
                ]
            }
        ],
        "reactions": [
            {
                "name": "terraform-party",
                "users": [
                    "UFU0BKD8F",
                    "UR16FPJQZ",
                    "UGW0ABZLG",
                    "U01AEH6SRL2"
                ],
                "count": 4
            }
        ]
    }
]