[
    {
        "client_msg_id": "68bc46e1-5e0d-4afc-8f30-27071adbe968",
        "type": "message",
        "text": "なるほど…!\n確かに検証していてterragruntを導入して運用するのTerraformとまた違った難しさがあるなと感じますね\nコメントありがとうございます！",
        "user": "UR489PC4U",
        "ts": "1587966104.021600",
        "team": "TFU0BKCQP",
        "user_team": "TFU0BKCQP",
        "source_team": "TFU0BKCQP",
        "user_profile": {
            "avatar_hash": "0c3baa987364",
            "image_72": "https:\/\/avatars.slack-edge.com\/2019-12-20\/881681002736_0c3baa987364cd119cb2_72.png",
            "first_name": "ak",
            "real_name": "ak",
            "display_name": "",
            "team": "TFU0BKCQP",
            "name": "am1157154",
            "is_restricted": false,
            "is_ultra_restricted": false
        },
        "blocks": [
            {
                "type": "rich_text",
                "block_id": "keJI",
                "elements": [
                    {
                        "type": "rich_text_section",
                        "elements": [
                            {
                                "type": "text",
                                "text": "なるほど…!\n確かに検証していてterragruntを導入して運用するのTerraformとまた違った難しさがあるなと感じますね\nコメントありがとうございます！"
                            }
                        ]
                    }
                ]
            }
        ],
        "thread_ts": "1587525452.012300",
        "parent_user_id": "UR489PC4U"
    }
]