[
    {
        "client_msg_id": "644A629B-3639-4E1F-A41A-57BCE4889A2F",
        "type": "message",
        "text": "terraform\/plugin本体にコントリビュートできる何かをコミュニティでやれたらいいすねぇ",
        "user": "UG46Z57TN",
        "ts": "1560651640.001000",
        "team": "TFU0BKCQP",
        "user_team": "TFU0BKCQP",
        "source_team": "TFU0BKCQP",
        "user_profile": {
            "avatar_hash": "c6bdd4cb17db",
            "image_72": "https:\/\/avatars.slack-edge.com\/2019-07-05\/685991185957_c6bdd4cb17db956661a1_72.jpg",
            "first_name": "Takeshi",
            "real_name": "Takeshi Kondo",
            "display_name": "chaspy",
            "team": "TFU0BKCQP",
            "name": "take.she12",
            "is_restricted": false,
            "is_ultra_restricted": false
        },
        "thread_ts": "1560651640.001000",
        "reply_count": 26,
        "reply_users_count": 4,
        "latest_reply": "1560768266.012400",
        "reply_users": [
            "UG46Z57TN",
            "UFTKSQ25T",
            "UGY5WMTHR",
            "UFU0BKD8F"
        ],
        "replies": [
            {
                "user": "UG46Z57TN",
                "ts": "1560651674.001800"
            },
            {
                "user": "UG46Z57TN",
                "ts": "1560651689.002500"
            },
            {
                "user": "UG46Z57TN",
                "ts": "1560651714.003100"
            },
            {
                "user": "UFTKSQ25T",
                "ts": "1560665561.003400"
            },
            {
                "user": "UG46Z57TN",
                "ts": "1560665644.004200"
            },
            {
                "user": "UG46Z57TN",
                "ts": "1560665695.005500"
            },
            {
                "user": "UFTKSQ25T",
                "ts": "1560669245.005700"
            },
            {
                "user": "UG46Z57TN",
                "ts": "1560670984.005900"
            },
            {
                "user": "UG46Z57TN",
                "ts": "1560671174.006200"
            },
            {
                "user": "UFTKSQ25T",
                "ts": "1560677888.006600"
            },
            {
                "user": "UGY5WMTHR",
                "ts": "1560731534.007100"
            },
            {
                "user": "UG46Z57TN",
                "ts": "1560731641.007300"
            },
            {
                "user": "UG46Z57TN",
                "ts": "1560749706.007500"
            },
            {
                "user": "UFTKSQ25T",
                "ts": "1560749732.007700"
            },
            {
                "user": "UG46Z57TN",
                "ts": "1560749800.007900"
            },
            {
                "user": "UG46Z57TN",
                "ts": "1560749829.008100"
            },
            {
                "user": "UFTKSQ25T",
                "ts": "1560764497.008400"
            },
            {
                "user": "UG46Z57TN",
                "ts": "1560764927.008700"
            },
            {
                "user": "UFU0BKD8F",
                "ts": "1560764946.008900"
            },
            {
                "user": "UG46Z57TN",
                "ts": "1560764954.009100"
            },
            {
                "user": "UFU0BKD8F",
                "ts": "1560765056.009300"
            },
            {
                "user": "UFU0BKD8F",
                "ts": "1560767653.011600"
            },
            {
                "user": "UG46Z57TN",
                "ts": "1560767676.011800"
            },
            {
                "user": "UG46Z57TN",
                "ts": "1560767695.012000"
            },
            {
                "user": "UG46Z57TN",
                "ts": "1560767997.012200"
            },
            {
                "user": "UG46Z57TN",
                "ts": "1560768266.012400"
            }
        ],
        "subscribed": true,
        "last_read": "1560768266.012400",
        "reactions": [
            {
                "name": "oltu",
                "users": [
                    "UFTKSQ25T"
                ],
                "count": 1
            }
        ]
    },
    {
        "client_msg_id": "0E1D8E73-626D-4667-AD4C-96608D64B87E",
        "type": "message",
        "text": "apply\/deleteを定期的にやって、バージョンアップ後の不具合をみんなでなおす",
        "user": "UG46Z57TN",
        "ts": "1560651674.001800",
        "team": "TFU0BKCQP",
        "user_team": "TFU0BKCQP",
        "source_team": "TFU0BKCQP",
        "user_profile": {
            "avatar_hash": "c6bdd4cb17db",
            "image_72": "https:\/\/avatars.slack-edge.com\/2019-07-05\/685991185957_c6bdd4cb17db956661a1_72.jpg",
            "first_name": "Takeshi",
            "real_name": "Takeshi Kondo",
            "display_name": "chaspy",
            "team": "TFU0BKCQP",
            "name": "take.she12",
            "is_restricted": false,
            "is_ultra_restricted": false
        },
        "thread_ts": "1560651640.001000",
        "parent_user_id": "UG46Z57TN"
    },
    {
        "client_msg_id": "4BF08197-1B80-4E00-BF11-C413C8E64DC3",
        "type": "message",
        "text": "まぁそのクラウドプロバイダー使用量をだれが払うんだって話だが",
        "user": "UG46Z57TN",
        "ts": "1560651689.002500",
        "team": "TFU0BKCQP",
        "user_team": "TFU0BKCQP",
        "source_team": "TFU0BKCQP",
        "user_profile": {
            "avatar_hash": "c6bdd4cb17db",
            "image_72": "https:\/\/avatars.slack-edge.com\/2019-07-05\/685991185957_c6bdd4cb17db956661a1_72.jpg",
            "first_name": "Takeshi",
            "real_name": "Takeshi Kondo",
            "display_name": "chaspy",
            "team": "TFU0BKCQP",
            "name": "take.she12",
            "is_restricted": false,
            "is_ultra_restricted": false
        },
        "thread_ts": "1560651640.001000",
        "parent_user_id": "UG46Z57TN"
    },
    {
        "client_msg_id": "56658193-9479-4E24-9C2A-1EAF42012D40",
        "type": "message",
        "text": "実際プラグインのci\/cdってどうなってるんだろう。",
        "user": "UG46Z57TN",
        "ts": "1560651714.003100",
        "team": "TFU0BKCQP",
        "user_team": "TFU0BKCQP",
        "source_team": "TFU0BKCQP",
        "user_profile": {
            "avatar_hash": "c6bdd4cb17db",
            "image_72": "https:\/\/avatars.slack-edge.com\/2019-07-05\/685991185957_c6bdd4cb17db956661a1_72.jpg",
            "first_name": "Takeshi",
            "real_name": "Takeshi Kondo",
            "display_name": "chaspy",
            "team": "TFU0BKCQP",
            "name": "take.she12",
            "is_restricted": false,
            "is_ultra_restricted": false
        },
        "thread_ts": "1560651640.001000",
        "parent_user_id": "UG46Z57TN"
    },
    {
        "client_msg_id": "89f6a39f-ae17-450a-a51d-f66eaae88ecc",
        "type": "message",
        "text": "面白そうだし有意義ですね\nその前段としてCode Readingとかも良いかも",
        "user": "UFTKSQ25T",
        "ts": "1560665561.003400",
        "team": "TFU0BKCQP",
        "user_team": "TFU0BKCQP",
        "source_team": "TFU0BKCQP",
        "user_profile": {
            "avatar_hash": "g0bffa2bb65a",
            "image_72": "https:\/\/secure.gravatar.com\/avatar\/10bffa2bb65aa200d991e14d6110f549.jpg?s=72&d=https%3A%2F%2Fa.slack-edge.com%2Fdf10d%2Fimg%2Favatars%2Fava_0016-72.png",
            "first_name": "",
            "real_name": "morihaya",
            "display_name": "",
            "team": "TFU0BKCQP",
            "name": "yukiya.hayashi",
            "is_restricted": false,
            "is_ultra_restricted": false
        },
        "thread_ts": "1560651640.001000",
        "parent_user_id": "UG46Z57TN"
    },
    {
        "client_msg_id": "B864641E-CD34-4B02-B648-3389BC7D842A",
        "type": "message",
        "text": "たしかに。そもそもどうやってaws providerがawsへapi?叩いてるか知らない。",
        "user": "UG46Z57TN",
        "ts": "1560665644.004200",
        "team": "TFU0BKCQP",
        "user_team": "TFU0BKCQP",
        "source_team": "TFU0BKCQP",
        "user_profile": {
            "avatar_hash": "c6bdd4cb17db",
            "image_72": "https:\/\/avatars.slack-edge.com\/2019-07-05\/685991185957_c6bdd4cb17db956661a1_72.jpg",
            "first_name": "Takeshi",
            "real_name": "Takeshi Kondo",
            "display_name": "chaspy",
            "team": "TFU0BKCQP",
            "name": "take.she12",
            "is_restricted": false,
            "is_ultra_restricted": false
        },
        "thread_ts": "1560651640.001000",
        "parent_user_id": "UG46Z57TN"
    },
    {
        "client_msg_id": "73329861-8A9E-4834-853D-89B819E854A4",
        "type": "message",
        "text": "morihayaさんとこは遊びいきたいと御社の同僚氏とお話ししたってのあるし、小規模でコードリーディング会やってみません？",
        "user": "UG46Z57TN",
        "ts": "1560665695.005500",
        "team": "TFU0BKCQP",
        "user_team": "TFU0BKCQP",
        "source_team": "TFU0BKCQP",
        "user_profile": {
            "avatar_hash": "c6bdd4cb17db",
            "image_72": "https:\/\/avatars.slack-edge.com\/2019-07-05\/685991185957_c6bdd4cb17db956661a1_72.jpg",
            "first_name": "Takeshi",
            "real_name": "Takeshi Kondo",
            "display_name": "chaspy",
            "team": "TFU0BKCQP",
            "name": "take.she12",
            "is_restricted": false,
            "is_ultra_restricted": false
        },
        "thread_ts": "1560651640.001000",
        "parent_user_id": "UG46Z57TN"
    }
]