[
    {
        "client_msg_id": "a977b337-5b31-4e87-be5a-0e50276a9f55",
        "type": "message",
        "text": "モジュール側がv0.12対応した結果、listだったところがlist(string)になると、\n今までの渡し方だとエラーになるっぽい？\narg = [“${data.res.name.ids}“]\nで通ってたのに\nThe given value is not suitable for child module variable\nて言われるん。。。\narg = data.res.name.ids\n裸にすると通る。\nカレントコンテキストの奴は0.12upgradeで更新されたっぽいけど\nモジュールを会してるやつは更新されなかったっぽくてめっちゃハメられた感。",
        "user": "UFU0BKD8F",
        "ts": "1561712690.018200",
        "team": "TFU0BKCQP",
        "user_team": "TFU0BKCQP",
        "source_team": "TFU0BKCQP",
        "user_profile": {
            "avatar_hash": "92c41c62c7b0",
            "image_72": "https:\/\/avatars.slack-edge.com\/2019-01-30\/537137791812_92c41c62c7b0f054d3dd_72.jpg",
            "first_name": "らき",
            "real_name": "らき",
            "display_name": "raki",
            "team": "TFU0BKCQP",
            "name": "nishimuray",
            "is_restricted": false,
            "is_ultra_restricted": false
        },
        "reactions": [
            {
                "name": "eyes",
                "users": [
                    "UFTKSQ25T"
                ],
                "count": 1
            }
        ]
    }
]