[
    {
        "client_msg_id": "79531377-E7B7-440B-A3D2-72E8B4FA8288",
        "type": "message",
        "text": "v0.12.0-devってなんぞ。。。",
        "user": "UFU0BKD8F",
        "ts": "1558397378.000700",
        "reactions": [
            {
                "name": "thinking_face",
                "users": [
                    "UGXFY0V88"
                ],
                "count": 1
            }
        ]
    },
    {
        "client_msg_id": "4F8630F2-3529-4EB2-9373-E4594692974C",
        "type": "message",
        "text": "エクセルネタの最新版、最新版(2)、みたいなやつなんじゃろか",
        "user": "UFU0BKD8F",
        "ts": "1558397424.001600",
        "thread_ts": "1558397424.001600",
        "reply_count": 8,
        "reply_users_count": 3,
        "latest_reply": "1558400377.003900",
        "reply_users": [
            "UGZHF5C9M",
            "UHS4SFFA7",
            "UFU0BKD8F"
        ],
        "replies": [
            {
                "user": "UGZHF5C9M",
                "ts": "1558398774.001800"
            },
            {
                "user": "UHS4SFFA7",
                "ts": "1558399290.002200"
            },
            {
                "user": "UHS4SFFA7",
                "ts": "1558399297.002400"
            },
            {
                "user": "UHS4SFFA7",
                "ts": "1558399348.002800"
            },
            {
                "user": "UFU0BKD8F",
                "ts": "1558399477.003000"
            },
            {
                "user": "UFU0BKD8F",
                "ts": "1558399511.003200"
            },
            {
                "user": "UGZHF5C9M",
                "ts": "1558399772.003700"
            },
            {
                "user": "UFU0BKD8F",
                "ts": "1558400377.003900"
            }
        ]
    },
    {
        "client_msg_id": "7bde4fe7-69c2-45ad-af72-92bfdb15d17f",
        "type": "message",
        "text": "FYI: v0.12の開発でmasterにマージされるまでに使ってたブランチですね。コードの大幅な変更があった &amp; v0.11の開発も継続してたので0.12がある程度の形になるまでそちらが使われてました。プラグイン開発者向けには最近までpluginsdk-0.12-xxxってブランチもあったのですが0.12RC版以降は使われなくなりました。",
        "user": "UGZHF5C9M",
        "ts": "1558398774.001800",
        "thread_ts": "1558397424.001600",
        "parent_user_id": "UFU0BKD8F",
        "reactions": [
            {
                "name": "eyes",
                "users": [
                    "UFU0BKD8F"
                ],
                "count": 1
            }
        ]
    },
    {
        "client_msg_id": "426d6f5e-b6ed-4065-98e0-36cedde61ee3",
        "type": "message",
        "text": "いや8 hours agoにバイナリが",
        "user": "UHS4SFFA7",
        "ts": "1558399290.002200",
        "thread_ts": "1558397424.001600",
        "parent_user_id": "UFU0BKD8F",
        "reactions": [
            {
                "name": "interrobang",
                "users": [
                    "UGZHF5C9M"
                ],
                "count": 1
            }
        ]
    },
    {
        "type": "message",
        "text": "",
        "files": [
            {
                "id": "FJV4MF9DK",
                "created": 1558399294,
                "timestamp": 1558399294,
                "name": "image.png",
                "title": "image.png",
                "mimetype": "image\/png",
                "filetype": "png",
                "pretty_type": "PNG",
                "user": "UHS4SFFA7",
                "editable": false,
                "size": 115371,
                "mode": "hosted",
                "is_external": false,
                "external_type": "",
                "is_public": true,
                "public_url_shared": false,
                "display_as_bot": false,
                "username": "",
                "url_private": "https:\/\/files.slack.com\/files-pri\/TFU0BKCQP-FJV4MF9DK\/image.png?t=xoxe-538011658839-659312486768-659312486816-e0e6eba5db7559445305723ea449c672",
                "url_private_download": "https:\/\/files.slack.com\/files-pri\/TFU0BKCQP-FJV4MF9DK\/download\/image.png?t=xoxe-538011658839-659312486768-659312486816-e0e6eba5db7559445305723ea449c672",
                "thumb_64": "https:\/\/files.slack.com\/files-tmb\/TFU0BKCQP-FJV4MF9DK-f012e6b258\/image_64.png?t=xoxe-538011658839-659312486768-659312486816-e0e6eba5db7559445305723ea449c672",
                "thumb_80": "https:\/\/files.slack.com\/files-tmb\/TFU0BKCQP-FJV4MF9DK-f012e6b258\/image_80.png?t=xoxe-538011658839-659312486768-659312486816-e0e6eba5db7559445305723ea449c672",
                "thumb_360": "https:\/\/files.slack.com\/files-tmb\/TFU0BKCQP-FJV4MF9DK-f012e6b258\/image_360.png?t=xoxe-538011658839-659312486768-659312486816-e0e6eba5db7559445305723ea449c672",
                "thumb_360_w": 360,
                "thumb_360_h": 167,
                "thumb_480": "https:\/\/files.slack.com\/files-tmb\/TFU0BKCQP-FJV4MF9DK-f012e6b258\/image_480.png?t=xoxe-538011658839-659312486768-659312486816-e0e6eba5db7559445305723ea449c672",
                "thumb_480_w": 480,
                "thumb_480_h": 223,
                "thumb_160": "https:\/\/files.slack.com\/files-tmb\/TFU0BKCQP-FJV4MF9DK-f012e6b258\/image_160.png?t=xoxe-538011658839-659312486768-659312486816-e0e6eba5db7559445305723ea449c672",
                "thumb_720": "https:\/\/files.slack.com\/files-tmb\/TFU0BKCQP-FJV4MF9DK-f012e6b258\/image_720.png?t=xoxe-538011658839-659312486768-659312486816-e0e6eba5db7559445305723ea449c672",
                "thumb_720_w": 720,
                "thumb_720_h": 335,
                "thumb_800": "https:\/\/files.slack.com\/files-tmb\/TFU0BKCQP-FJV4MF9DK-f012e6b258\/image_800.png?t=xoxe-538011658839-659312486768-659312486816-e0e6eba5db7559445305723ea449c672",
                "thumb_800_w": 800,
                "thumb_800_h": 372,
                "thumb_960": "https:\/\/files.slack.com\/files-tmb\/TFU0BKCQP-FJV4MF9DK-f012e6b258\/image_960.png?t=xoxe-538011658839-659312486768-659312486816-e0e6eba5db7559445305723ea449c672",
                "thumb_960_w": 960,
                "thumb_960_h": 446,
                "thumb_1024": "https:\/\/files.slack.com\/files-tmb\/TFU0BKCQP-FJV4MF9DK-f012e6b258\/image_1024.png?t=xoxe-538011658839-659312486768-659312486816-e0e6eba5db7559445305723ea449c672",
                "thumb_1024_w": 1024,
                "thumb_1024_h": 476,
                "image_exif_rotation": 1,
                "original_w": 1708,
                "original_h": 794,
                "permalink": "https:\/\/terraform-jp.slack.com\/files\/UHS4SFFA7\/FJV4MF9DK\/image.png",
                "permalink_public": "https:\/\/slack-files.com\/TFU0BKCQP-FJV4MF9DK-fba29f7d6c",
                "has_rich_preview": false
            }
        ],
        "upload": true,
        "user": "UHS4SFFA7",
        "display_as_bot": false,
        "ts": "1558399297.002400",
        "client_msg_id": "4a1501e9-83b2-471d-8bf2-5277399fb848",
        "thread_ts": "1558397424.001600",
        "parent_user_id": "UFU0BKD8F"
    },
    {
        "client_msg_id": "5ba994b3-6118-4a4f-9f71-0f2f25943598",
        "type": "message",
        "text": "finalの準備かなんかじゃないかな",
        "user": "UHS4SFFA7",
        "ts": "1558399348.002800",
        "thread_ts": "1558397424.001600",
        "parent_user_id": "UFU0BKD8F",
        "reactions": [
            {
                "name": "+1",
                "users": [
                    "UGZHF5C9M"
                ],
                "count": 1
            }
        ]
    },
    {
        "client_msg_id": "819674b9-5ea2-4d65-9498-d4f6dd3f1df2",
        "type": "message",
        "text": "ログにはそう書いてあるみたい",
        "user": "UFU0BKD8F",
        "ts": "1558399477.003000",
        "thread_ts": "1558397424.001600",
        "parent_user_id": "UFU0BKD8F",
        "reactions": [
            {
                "name": "+1",
                "users": [
                    "UGZHF5C9M"
                ],
                "count": 1
            }
        ]
    },
    {
        "client_msg_id": "28f5dba9-f2fa-40a5-92ae-8a287abb641a",
        "type": "message",
        "text": "Changelog consolidate for the v0.12.0 final release\n\n master (#21353)  v0.12.0-dev20190520H16\n差分ありすぎて目検で追うのは無理ｗ",
        "user": "UFU0BKD8F",
        "ts": "1558399511.003200",
        "thread_ts": "1558397424.001600",
        "parent_user_id": "UFU0BKD8F"
    },
    {
        "client_msg_id": "877b9ec7-b9ae-4997-bd06-d15b4f50e604",
        "type": "message",
        "text": "コミッタ向けslackにも何も通知来てないですね。。。(後から通知パターンも結構あるのですが)",
        "user": "UGZHF5C9M",
        "ts": "1558399772.003700",
        "thread_ts": "1558397424.001600",
        "parent_user_id": "UFU0BKD8F"
    },
    {
        "client_msg_id": "3a61fbb7-959c-45b9-96fd-ebaf287edace",
        "type": "message",
        "text": "アバウトｗｗｗ",
        "user": "UFU0BKD8F",
        "ts": "1558400377.003900",
        "thread_ts": "1558397424.001600",
        "parent_user_id": "UFU0BKD8F"
    }
]