[
    {
        "type": "message",
        "subtype": "bot_message",
        "text": "",
        "ts": "1560074963.002800",
        "bot_id": "BG2UDF0NA",
        "attachments": [
            {
                "fallback": "wata727\/tflint on GitHub\nv0.8.3v0.8.3\nrelease note: <https:\/\/newreleases.io\/github\/wata727\/tflint?version=v0.8.3>",
                "text": "*v0.8.3* `v0.8.3`\n```\n------------------\n0.8.3 (2019-06-09)\n------------------\n\nEnhancements\n------------\n\n* #318 ( <https:\/\/github.com\/wata727\/tflint\/pull\/318> ) : Added 3 checks for AWS Launch Configuration. ( @krzyzakp ( <https:\/\/github.com\/krzyzakp> ) )\n\n* aws_launch_configuration_invalid_iam_profile\n\n* aws_launch_configuration_invalid_image_id\n\n* aws_launch_configuration_invalid_type\n\n* #321 ( <https:\/\/github.com\/wata727\/tflint\/pull\/321> ) : Add --var options.\n\n* #322 ( <https:\/\/github.com\/wata727\/tflint\/pull\/322> ) : Add new rule: aws_s3_bucket_invalid_acl. ( @ineffyble ( <https:\/\/github.com\/ineffyble> ) )\n\n* #324 ( <https:\/\/github.com\/wata727\/tflint\/pull\/324> ) : TFLint is now compatible with Terraform v0.12.1.\n\n* See also <https:\/\/github.com\/hashicorp\/terraform\/releases\/tag\/v0.12.1>\n\nBugFixes\n--------\n\n* #320 ( <https:\/\/github.com\/wata727\/tflint\/pull\/320> ) : Avoid InvalidAMIID errors.\n\nOthers\n------\n\n* #319 ( <https:\/\/github.com\/wata727\/tflint\/pull\/319> ) : Added pre-commit hooks. ( @krzyzakp ( <https:\/\/github.com\/krzyzakp> ) )\n\n* #323 ( <https:\/\/github.com\/wata727\/tflint\/pull\/323> ) : Bump <http:\/\/github.com\/aws\/aws-sdk-go|github.com\/aws\/aws-sdk-go> from 1.19.41 to 1.19.46\n```\n<https:\/\/newreleases.io\/github\/wata727\/tflint?version=v0.8.3|release note...>",
                "title": "wata727\/tflint on GitHub",
                "id": 1,
                "title_link": "https:\/\/newreleases.io\/github\/wata727\/tflint",
                "mrkdwn_in": [
                    "text"
                ]
            }
        ]
    }
]