[
    {
        "type": "message",
        "subtype": "bot_message",
        "text": "",
        "ts": "1559488686.000300",
        "bot_id": "BG2UDF0NA",
        "attachments": [
            {
                "fallback": "wata727\/tflint on GitHub\nv0.8.2",
                "text": "`v0.8.2`",
                "title": "wata727\/tflint on GitHub",
                "id": 1,
                "title_link": "https:\/\/newreleases.io\/github\/wata727\/tflint",
                "mrkdwn_in": [
                    "text"
                ]
            }
        ]
    },
    {
        "type": "message",
        "subtype": "bot_message",
        "text": "",
        "ts": "1559489286.000400",
        "bot_id": "BG2UDF0NA",
        "attachments": [
            {
                "fallback": "wata727\/tflint on GitHub\nv0.8.2v0.8.2 updated\nrelease note: <https:\/\/newreleases.io\/github\/wata727\/tflint?version=v0.8.2>",
                "text": "*v0.8.2* `v0.8.2` _updated_\n```\n------------------\n0.8.2 (2019-06-03)\n------------------\n\nGPG key ID: 8CE69160EB3F2FE9\n\nEnhancements\n------------\n\n* #308 ( <https:\/\/github.com\/wata727\/tflint\/pull\/308> ) : Make aws_instance_invalid_ami rule faster.\n\n* The --fast option to disable this rule will be removed in v0.9.\n\n* #309 ( <https:\/\/github.com\/wata727\/tflint\/pull\/309> ) : Accept a directory as an argument.\n\nOthers\n------\n\n* #298 ( <https:\/\/github.com\/wata727\/tflint\/pull\/298> ) : Revise docker image.\n\n* #300 ( <https:\/\/github.com\/wata727\/tflint\/pull\/300> ) : Bump <http:\/\/github.com\/mattn\/go-colorable|github.com\/mattn\/go-colorable> from 0.1.1 to 0.1.2.\n\n* #301 ( <https:\/\/github.com\/wata727\/tflint\/pull\/301> ) : Bump <http:\/\/github.com\/mitchellh\/go-homedir|github.com\/mitchellh\/go-homedir> from 1.0.0 to 1.1.0.\n\n* #302 ( <https:\/\/github.com\/wata727\/tflint\/pull\/302> ) : Bump <http:\/\/github.com\/aws\/aws-sdk-go|github.com\/aws\/aws-sdk-go> from 1.19.18 to 1.19.41.\n\n* #303 ( <https:\/\/github.com\/wata727\/tflint\/pull\/303> ) : Bump <http:\/\/github.com\/k0kubun\/pp|github.com\/k0kubun\/pp> from 2.3.0+incompatible to 2.4.0+incompatible.\n\n* #304 ( <https:\/\/github.com\/wata727\/tflint\/pull\/304> ) : Bump <http:\/\/github.com\/hashicorp\/go-version|github.com\/hashicorp\/go-version> from 1.1.0 to 1.2.0.\n\n* #305 ( <https:\/\/github.com\/wata727\/tflint\/pull\/305> ) : Bump <http:\/\/github.com\/golang\/mock|github.com\/golang\/mock> from 1.2.0 to 1.3.1.\n\n* #306 ( <https:\/\/github.com\/wata727\/tflint\/pull\/306> ) : Bump <http:\/\/github.com\/google\/go-cmp|github.com\/google\/go-cmp> from 0.2.0 to 0.3.0.\n\n* #307 ( <https:\/\/github.com\/wata727\/tflint\/pull\/307> ) : Remove mock package.\n```\n<https:\/\/newreleases.io\/github\/wata727\/tflint?version=v0.8.2|release note...>",
                "title": "wata727\/tflint on GitHub",
                "id": 1,
                "title_link": "https:\/\/newreleases.io\/github\/wata727\/tflint",
                "mrkdwn_in": [
                    "text"
                ]
            }
        ]
    }
]