[
    {
        "client_msg_id": "7868b20f-51d2-4123-aba5-1cbaa297eed5",
        "type": "message",
        "text": "Terraform 導入頑張った話とか、運用いい感じにしている話とか、困っていることがたくさんあるひととかを募集しています。\n<https:\/\/twitter.com\/chaspy_\/status\/1256148823891537920>",
        "user": "UG46Z57TN",
        "ts": "1588324604.029400",
        "team": "TFU0BKCQP",
        "user_team": "TFU0BKCQP",
        "source_team": "TFU0BKCQP",
        "user_profile": {
            "avatar_hash": "c6bdd4cb17db",
            "image_72": "https:\/\/avatars.slack-edge.com\/2019-07-05\/685991185957_c6bdd4cb17db956661a1_72.jpg",
            "first_name": "Takeshi",
            "real_name": "Takeshi Kondo",
            "display_name": "chaspy",
            "team": "TFU0BKCQP",
            "name": "take.she12",
            "is_restricted": false,
            "is_ultra_restricted": false
        },
        "blocks": [
            {
                "type": "rich_text",
                "block_id": "n0L",
                "elements": [
                    {
                        "type": "rich_text_section",
                        "elements": [
                            {
                                "type": "text",
                                "text": "Terraform 導入頑張った話とか、運用いい感じにしている話とか、困っていることがたくさんあるひととかを募集しています。\n"
                            },
                            {
                                "type": "link",
                                "url": "https:\/\/twitter.com\/chaspy_\/status\/1256148823891537920"
                            }
                        ]
                    }
                ]
            }
        ],
        "thread_ts": "1588324604.029400",
        "reply_count": 2,
        "reply_users_count": 2,
        "latest_reply": "1588584600.030400",
        "reply_users": [
            "UGY5WMTHR",
            "UG46Z57TN"
        ],
        "replies": [
            {
                "user": "UGY5WMTHR",
                "ts": "1588347445.030100"
            },
            {
                "user": "UG46Z57TN",
                "ts": "1588584600.030400"
            }
        ],
        "subscribed": false
    },
    {
        "client_msg_id": "20FC2DFB-40EA-4408-B89B-D9F3BCDE812B",
        "type": "message",
        "text": "一から導入した話とか自動化の話とかできそう <@UG46Z57TN> ",
        "user": "UGY5WMTHR",
        "ts": "1588347445.030100",
        "team": "TFU0BKCQP",
        "user_team": "TFU0BKCQP",
        "source_team": "TFU0BKCQP",
        "user_profile": {
            "avatar_hash": "gd22fcf5773b",
            "image_72": "https:\/\/secure.gravatar.com\/avatar\/ad22fcf5773b906c08330f4d57242212.jpg?s=72&d=https%3A%2F%2Fa.slack-edge.com%2Fdf10d%2Fimg%2Favatars%2Fava_0021-72.png",
            "first_name": "",
            "real_name": "inductor",
            "display_name": "inductor",
            "team": "TFU0BKCQP",
            "name": "kela",
            "is_restricted": false,
            "is_ultra_restricted": false
        },
        "blocks": [
            {
                "type": "rich_text",
                "block_id": "HbhIY",
                "elements": [
                    {
                        "type": "rich_text_section",
                        "elements": [
                            {
                                "type": "text",
                                "text": "一から導入した話とか自動化の話とかできそう "
                            },
                            {
                                "type": "user",
                                "user_id": "UG46Z57TN"
                            },
                            {
                                "type": "text",
                                "text": " "
                            }
                        ]
                    }
                ]
            }
        ],
        "thread_ts": "1588324604.029400",
        "parent_user_id": "UG46Z57TN",
        "reactions": [
            {
                "name": "+1",
                "users": [
                    "UG46Z57TN"
                ],
                "count": 1
            }
        ]
    }
]