[
    {
        "client_msg_id": "14ed94ad-3786-4b41-bec1-c2202ec1f1a2",
        "type": "message",
        "text": "<https:\/\/www.hashicorp.com\/blog\/supporting-the-hashicorp-terraform-extension-for-visual-studio-code\/>",
        "user": "UHS4SFFA7",
        "ts": "1588889996.031700",
        "team": "TFU0BKCQP",
        "user_team": "TFU0BKCQP",
        "source_team": "TFU0BKCQP",
        "user_profile": {
            "avatar_hash": "gade34f8bdf1",
            "image_72": "https:\/\/secure.gravatar.com\/avatar\/5ade34f8bdf1b55c4ff82c11cf23cf42.jpg?s=72&d=https%3A%2F%2Fa.slack-edge.com%2Fdf10d%2Fimg%2Favatars%2Fava_0008-72.png",
            "first_name": "",
            "real_name": "minamijoyo",
            "display_name": "minamijoyo",
            "team": "TFU0BKCQP",
            "name": "minamijoyo",
            "is_restricted": false,
            "is_ultra_restricted": false
        },
        "attachments": [
            {
                "service_name": "HashiCorp: Infrastructure enables innovation",
                "title": "Supporting the HashiCorp Terraform Extension for Visual Studio Code",
                "title_link": "https:\/\/www.hashicorp.com\/blog\/supporting-the-hashicorp-terraform-extension-for-visual-studio-code\/",
                "text": "We are working internally to update the community VS Code extension to fully support Terraform 0.12 syntax and use our Language Server by default. A new version will be shipping later this year with the updates.",
                "fallback": "HashiCorp: Infrastructure enables innovation: Supporting the HashiCorp Terraform Extension for Visual Studio Code",
                "image_url": "https:\/\/www.datocms-assets.com\/2885\/1542060063-terraformshare-imglogo-w-stack-graphic1200x630.png?fit=max&fm=jpg&w=1000",
                "image_width": 476,
                "image_height": 250,
                "from_url": "https:\/\/www.hashicorp.com\/blog\/supporting-the-hashicorp-terraform-extension-for-visual-studio-code\/",
                "image_bytes": 26284,
                "id": 1,
                "original_url": "https:\/\/www.hashicorp.com\/blog\/supporting-the-hashicorp-terraform-extension-for-visual-studio-code\/"
            }
        ],
        "blocks": [
            {
                "type": "rich_text",
                "block_id": "pHh",
                "elements": [
                    {
                        "type": "rich_text_section",
                        "elements": [
                            {
                                "type": "link",
                                "url": "https:\/\/www.hashicorp.com\/blog\/supporting-the-hashicorp-terraform-extension-for-visual-studio-code\/"
                            }
                        ]
                    }
                ]
            }
        ]
    },
    {
        "client_msg_id": "60265e28-a983-452c-a1a9-6585ca4e6f27",
        "type": "message",
        "text": "TerraformのVS Code拡張をHashiCorpさんが公式にメンテしてくれるというアナウンスが出たんだけど、Language Serverも野良のjuliosueiras\/terraform-lspじゃなくてhashicorp\/terraform-lsというhashicorpのorg配下に作り始めてて激アツの展開。",
        "user": "UHS4SFFA7",
        "ts": "1588890194.033800",
        "team": "TFU0BKCQP",
        "user_team": "TFU0BKCQP",
        "source_team": "TFU0BKCQP",
        "user_profile": {
            "avatar_hash": "gade34f8bdf1",
            "image_72": "https:\/\/secure.gravatar.com\/avatar\/5ade34f8bdf1b55c4ff82c11cf23cf42.jpg?s=72&d=https%3A%2F%2Fa.slack-edge.com%2Fdf10d%2Fimg%2Favatars%2Fava_0008-72.png",
            "first_name": "",
            "real_name": "minamijoyo",
            "display_name": "minamijoyo",
            "team": "TFU0BKCQP",
            "name": "minamijoyo",
            "is_restricted": false,
            "is_ultra_restricted": false
        },
        "blocks": [
            {
                "type": "rich_text",
                "block_id": "S=Khp",
                "elements": [
                    {
                        "type": "rich_text_section",
                        "elements": [
                            {
                                "type": "text",
                                "text": "TerraformのVS Code拡張をHashiCorpさんが公式にメンテしてくれるというアナウンスが出たんだけど、Language Serverも野良のjuliosueiras\/terraform-lspじゃなくてhashicorp\/terraform-lsというhashicorpのorg配下に作り始めてて激アツの展開。"
                            }
                        ]
                    }
                ]
            }
        ]
    },
    {
        "client_msg_id": "ed435b90-0bbf-4b25-ab0e-e2dcb612b786",
        "type": "message",
        "text": "Language Serverがなにかわからん人のために補足しておくと、エディタの補完とか定義ジャンプとか言語×エディタの組み合わせで実装するの無駄なので、LanguageServer&lt;=&gt;エディタ間をLSPというプロトコルで通信することで、エディタがLSPをサポートすれば、LanguageServer側はエディタ非依存で実装できて、言語×エディタの掛け算ではなく、言語+エディタの足し算の組み合わせだけ実装すればよいでしょというやつです。",
        "user": "UHS4SFFA7",
        "ts": "1588890438.036900",
        "team": "TFU0BKCQP",
        "user_team": "TFU0BKCQP",
        "source_team": "TFU0BKCQP",
        "user_profile": {
            "avatar_hash": "gade34f8bdf1",
            "image_72": "https:\/\/secure.gravatar.com\/avatar\/5ade34f8bdf1b55c4ff82c11cf23cf42.jpg?s=72&d=https%3A%2F%2Fa.slack-edge.com%2Fdf10d%2Fimg%2Favatars%2Fava_0008-72.png",
            "first_name": "",
            "real_name": "minamijoyo",
            "display_name": "minamijoyo",
            "team": "TFU0BKCQP",
            "name": "minamijoyo",
            "is_restricted": false,
            "is_ultra_restricted": false
        },
        "blocks": [
            {
                "type": "rich_text",
                "block_id": "OroDE",
                "elements": [
                    {
                        "type": "rich_text_section",
                        "elements": [
                            {
                                "type": "text",
                                "text": "Language Serverがなにかわからん人のために補足しておくと、エディタの補完とか定義ジャンプとか言語×エディタの組み合わせで実装するの無駄なので、LanguageServer<=>エディタ間をLSPというプロトコルで通信することで、エディタがLSPをサポートすれば、LanguageServer側はエディタ非依存で実装できて、言語×エディタの掛け算ではなく、言語+エディタの足し算の組み合わせだけ実装すればよいでしょというやつです。"
                            }
                        ]
                    }
                ]
            }
        ],
        "reactions": [
            {
                "name": "ありがとうございます",
                "users": [
                    "UKAKENQAF",
                    "UT6FECJA3",
                    "UNZSA1277",
                    "ULVN9SU7R",
                    "UH0JY61KR",
                    "UR8TR0GA3",
                    "UKVF41YJV",
                    "ULSFRJ2LR",
                    "UGW0ABZLG",
                    "UTMCUCTCP",
                    "ULZGFCK46",
                    "ULZRR521W"
                ],
                "count": 12
            },
            {
                "name": "pray",
                "users": [
                    "UG46Z57TN",
                    "UGW0ABZLG",
                    "ULFK57XL4"
                ],
                "count": 3
            },
            {
                "name": "tada",
                "users": [
                    "UG46Z57TN",
                    "ULSHHPEBB",
                    "UGY9BJ1NF",
                    "UFTKSQ25T",
                    "UR8TR0GA3",
                    "UQT52H29G",
                    "UM12KGR0E",
                    "UGW0ABZLG",
                    "UGYK9KX4M",
                    "ULZRR521W"
                ],
                "count": 10
            },
            {
                "name": "eyes",
                "users": [
                    "UTK1B5BB2"
                ],
                "count": 1
            }
        ]
    },
    {
        "client_msg_id": "4ED5E02B-3E94-4A15-99E6-F284E161DCEE",
        "type": "message",
        "text": "vim-lsp で優勝できる",
        "user": "UG46Z57TN",
        "ts": "1588896978.038200",
        "team": "TFU0BKCQP",
        "user_team": "TFU0BKCQP",
        "source_team": "TFU0BKCQP",
        "user_profile": {
            "avatar_hash": "c6bdd4cb17db",
            "image_72": "https:\/\/avatars.slack-edge.com\/2019-07-05\/685991185957_c6bdd4cb17db956661a1_72.jpg",
            "first_name": "Takeshi",
            "real_name": "Takeshi Kondo",
            "display_name": "chaspy",
            "team": "TFU0BKCQP",
            "name": "take.she12",
            "is_restricted": false,
            "is_ultra_restricted": false
        },
        "blocks": [
            {
                "type": "rich_text",
                "block_id": "gpf",
                "elements": [
                    {
                        "type": "rich_text_section",
                        "elements": [
                            {
                                "type": "text",
                                "text": "vim-lsp で優勝できる"
                            }
                        ]
                    }
                ]
            }
        ]
    }
]