[
    {
        "type": "message",
        "subtype": "bot_message",
        "text": "",
        "ts": "1615382083.003200",
        "bot_id": "BG2UDF0NA",
        "attachments": [
            {
                "fallback": "terraform-aws-modules\/terraform-aws-rds on GitHub\nv2.26.0",
                "text": "`v2.26.0`",
                "title": "terraform-aws-modules\/terraform-aws-rds on GitHub",
                "id": 1,
                "title_link": "https:\/\/newreleases.io\/github\/terraform-aws-modules\/terraform-aws-rds",
                "mrkdwn_in": [
                    "text"
                ]
            }
        ]
    }
]