[
    {
        "type": "message",
        "subtype": "bot_message",
        "text": "",
        "ts": "1615580464.003800",
        "bot_id": "BG2UDF0NA",
        "attachments": [
            {
                "fallback": "terraform-aws-modules\/terraform-aws-notify-slack on GitHub\nv4.13.0",
                "text": "`v4.13.0`",
                "title": "terraform-aws-modules\/terraform-aws-notify-slack on GitHub",
                "id": 1,
                "title_link": "https:\/\/newreleases.io\/github\/terraform-aws-modules\/terraform-aws-notify-slack",
                "mrkdwn_in": [
                    "text"
                ]
            }
        ]
    }
]