[
    {
        "type": "message",
        "subtype": "bot_message",
        "text": "",
        "ts": "1617184202.002200",
        "bot_id": "BG2UDF0NA",
        "attachments": [
            {
                "fallback": "ansible\/ansible on GitHub\nv2.11.0b4",
                "text": "`v2.11.0b4`",
                "title": "ansible\/ansible on GitHub",
                "id": 1,
                "title_link": "https:\/\/newreleases.io\/github\/ansible\/ansible",
                "mrkdwn_in": [
                    "text"
                ]
            }
        ]
    }
]