[
    {
        "type": "message",
        "subtype": "bot_message",
        "text": "",
        "ts": "1616718257.001600",
        "bot_id": "BG2UDF0NA",
        "attachments": [
            {
                "fallback": "terraform-providers\/terraform-provider-azurerm on GitHub\nv2.53.0",
                "text": "`v2.53.0`",
                "title": "terraform-providers\/terraform-provider-azurerm on GitHub",
                "id": 1,
                "title_link": "https:\/\/newreleases.io\/github\/terraform-providers\/terraform-provider-azurerm",
                "mrkdwn_in": [
                    "text"
                ]
            }
        ]
    },
    {
        "type": "message",
        "subtype": "bot_message",
        "text": "",
        "ts": "1616719588.001700",
        "bot_id": "BG2UDF0NA",
        "attachments": [
            {
                "fallback": "hashicorp\/terraform-provider-aws on GitHub\nv3.34.0",
                "text": "`v3.34.0`",
                "title": "hashicorp\/terraform-provider-aws on GitHub",
                "id": 1,
                "title_link": "https:\/\/newreleases.io\/github\/hashicorp\/terraform-provider-aws",
                "mrkdwn_in": [
                    "text"
                ]
            }
        ]
    },
    {
        "type": "message",
        "subtype": "bot_message",
        "text": "",
        "ts": "1616719774.001800",
        "bot_id": "BG2UDF0NA",
        "attachments": [
            {
                "fallback": "hashicorp\/terraform-provider-aws on GitHub\nv3.34.0v3.34.0 updated\nrelease note: <https:\/\/newreleases.io\/github\/hashicorp\/terraform-provider-aws?version=v3.34.0>",
                "text": "*v3.34.0* `v3.34.0` _updated_\n<https:\/\/newreleases.io\/github\/hashicorp\/terraform-provider-aws?version=v3.34.0|release note...>",
                "title": "hashicorp\/terraform-provider-aws on GitHub",
                "id": 1,
                "title_link": "https:\/\/newreleases.io\/github\/hashicorp\/terraform-provider-aws",
                "mrkdwn_in": [
                    "text"
                ]
            }
        ]
    },
    {
        "type": "message",
        "subtype": "bot_message",
        "text": "",
        "ts": "1616740582.001900",
        "bot_id": "BG2UDF0NA",
        "attachments": [
            {
                "fallback": "terraform-providers\/terraform-provider-azurerm on GitHub\nv2.53.0v2.53.0 updated\nrelease note: <https:\/\/newreleases.io\/github\/terraform-providers\/terraform-provider-azurerm?version=v2.53.0>",
                "text": "*v2.53.0* `v2.53.0` _updated_\n```\n-----------------------\n2.53.0 (March 26, 2021)\n-----------------------\n\nFEATURES:\n\n* *New Resource:* azurerm_management_group_template_deployment ( #10603 ( <https:\/\/github.com\/terraform-providers\/terraform-provider-azurerm\/issues\/10603> ) )\n\n* *New Resource:* azurerm_tenant_template_deployment ( #10603 ( <https:\/\/github.com\/terraform-providers\/terraform-provider-azurerm\/issues\/10603> ) )\n\n* *New Data Source:* azurerm_template_spec_version ( #10603 ( <https:\/\/github.com\/terraform-providers\/terraform-provider-azurerm\/issues\/10603> ) )\n\nENHANCEMENTS:\n\n* dependencies: updating to v52.5.0 of <http:\/\/github.com\/Azure\/azure-sdk-for-go|github.com\/Azure\/azure-sdk-for-go> ( #11015 ( <https:\/\/github.com\/terraform-providers\/terraform-provider-azurerm\/issues\/11015> ) )\n\n* Data Source: azurerm_key_vault_secret - support for the versionless_id attribute ( #11091 ( <https:\/\/github.com\/terraform-providers\/terraform-provider-azurerm\/issues\/11091> ) )\n\n* azurerm_container_registry - support for the public_network_access_enabled property ( #10969 ( <https:\/\/github.com\/terraform-providers\/terraform-provider-azurerm\/issues\/10969> ) )\n\n* azurerm_kusto_eventhub_data_connection - support for the event_system_properties block ( #11006 ( <https:\/\/github.com\/terraform-providers\/terraform-provider-azurerm\/issues\/11006> ) )\n\n* azurerm_logic_app_trigger_recurrence - Add support for schedule ( #11055 ( <https:\/\/github.com\/terraform-providers\/terraform-provider-azurerm\/issues\/11055> ) )\n\n* azurerm_resource_group_template_deployment - add support for template_spec_version_id property ( #10603 ( <https:\/\/github.com\/terraform-providers\/terraform-provider-azurerm\/issues\/10603> ) )\n\n* azurerm_role_definition - the permissions block is now optional ( #9850 ( <https:\/\/github.com\/terraform-providers\/terraform-provider-azurerm\/issues\/9850> ) )\n\n* azurerm_subscription_template_deployment - add support for template_spec_version_id property ( #10603 ( <https:\/\/github.com\/terraform-providers\/terraform-provider-azurerm\/issues\/10603> ) )\n\nBUG FIXES:\n\n* azurerm_frontdoor_custom_https_configuration - fixing a crash during update ( #11046 ( <https:\/\/github.com\/terraform-providers\/terraform-provider-azurerm\/issues\/11046> ) )\n\n* azurerm_resource_group_template_deployment - always sending parameters_content during an update ( #11001 ( <https:\/\/github.com\/terraform-providers\/terraform-provider-azurerm\/issues\/11001> ) )\n\n* azurerm_role_definition - fixing crash when permissions are empty ( #9850 ( <https:\/\/github.com\/terraform-providers\/terraform-provider-azurerm\/issues\/9850> ) )\n\n* azurerm_subscription_template_deployment - always sending parameters_content during an update ( #11001 ( <https:\/\/github.com\/terraform-providers\/terraform-provider-azurerm\/issues\/11001> ) )\n\n* azurerm_spring_cloud_app - supports for the tls_enabled property ( #11064 ( <https:\/\/github.com\/terraform-providers\/terraform-provider-azurerm\/issues\/11064> ) )\n```\n<https:\/\/newreleases.io\/github\/terraform-providers\/terraform-provider-azurerm?version=v2.53.0|release note...>",
                "title": "terraform-providers\/terraform-provider-azurerm on GitHub",
                "id": 1,
                "title_link": "https:\/\/newreleases.io\/github\/terraform-providers\/terraform-provider-azurerm",
                "mrkdwn_in": [
                    "text"
                ]
            }
        ]
    }
]