[
    {
        "type": "message",
        "subtype": "bot_message",
        "text": "",
        "ts": "1614903091.001700",
        "bot_id": "BG2UDF0NA",
        "attachments": [
            {
                "fallback": "hashicorp\/terraform-provider-aws on GitHub\nv3.31.0",
                "text": "`v3.31.0`",
                "title": "hashicorp\/terraform-provider-aws on GitHub",
                "id": 1,
                "title_link": "https:\/\/newreleases.io\/github\/hashicorp\/terraform-provider-aws",
                "mrkdwn_in": [
                    "text"
                ]
            }
        ]
    },
    {
        "type": "message",
        "subtype": "bot_message",
        "text": "",
        "ts": "1614903244.001800",
        "bot_id": "BG2UDF0NA",
        "attachments": [
            {
                "fallback": "hashicorp\/terraform-provider-aws on GitHub\nv3.31.0v3.31.0 updated\nrelease note: <https:\/\/newreleases.io\/github\/hashicorp\/terraform-provider-aws?version=v3.31.0>",
                "text": "*v3.31.0* `v3.31.0` _updated_\n```\nFEATURES:\n\n* *New Resource:* aws_route53_hosted_zone_dnssec ( #17474 ( <https:\/\/github.com\/hashicorp\/terraform-provider-aws\/issues\/17474> ) )\n\nENHANCEMENTS:\n\n* data-source\/aws_msk_cluster: Orders bootstrap_brokers , bootstrap_brokers_sasl_scram , bootstrap_brokers_tls , and zookeeper_connect_string ( #17579 ( <https:\/\/github.com\/hashicorp\/terraform-provider-aws\/issues\/17579> ) )\n\n* provider: Support automatic region validation for ap-northeast-3 ( #17934 ( <https:\/\/github.com\/hashicorp\/terraform-provider-aws\/issues\/17934> ) )\n\n* resource\/aws_globalaccelerator_accelerator: Add plan time validation to name , flow_logs_s3_bucket and flow_logs_s3_prefix attributes ( #17739 ( <https:\/\/github.com\/hashicorp\/terraform-provider-aws\/issues\/17739> ) )\n\n* resource\/aws_msk_cluster: Orders bootstrap_brokers , bootstrap_brokers_sasl_scram , bootstrap_brokers_tls , and zookeeper_connect_string ( #17579 ( <https:\/\/github.com\/hashicorp\/terraform-provider-aws\/issues\/17579> ) )\n\n* resource\/aws_route53_record: Support DS value for type argument ( #17040 ( <https:\/\/github.com\/hashicorp\/terraform-provider-aws\/issues\/17040> ) )\n\nBUG FIXES:\n\n* resource\/aws_acm_certificate: Trigger resource recreation with VALIDATION_TIMED_OUT status ( #17869 ( <https:\/\/github.com\/hashicorp\/terraform-provider-aws\/issues\/17869> ) )\n\n* resource\/aws_globalaccelerator_accelerator: Allow update of flow log attribute for active flow logs ( #17739 ( <https:\/\/github.com\/hashicorp\/terraform-provider-aws\/issues\/17739> ) )\n\n* resource\/aws_kms_grant: Adds support for operations on asymmetric keys ( #17836 ( <https:\/\/github.com\/hashicorp\/terraform-provider-aws\/issues\/17836> ) )\n\n* resource\/aws_neptune_cluster_instance: Add \"storage-optimization\" to Neptune cluster instance create\/update pending states ( #17901 ( <https:\/\/github.com\/hashicorp\/terraform-provider-aws\/issues\/17901> ) )\n\n* resource\/aws_neptune_cluster_parameter_group: Correctly update resource by id ( #17872 ( <https:\/\/github.com\/hashicorp\/terraform-provider-aws\/issues\/17872> ) )\n\n* resource\/aws_ssm_maintenance_window_task: Prevent ValidationException error on update when priority is not set or 0 ( #17885 ( <https:\/\/github.com\/hashicorp\/terraform-provider-aws\/issues\/17885> ) )\n```\n<https:\/\/newreleases.io\/github\/hashicorp\/terraform-provider-aws?version=v3.31.0|release note...>",
                "title": "hashicorp\/terraform-provider-aws on GitHub",
                "id": 1,
                "title_link": "https:\/\/newreleases.io\/github\/hashicorp\/terraform-provider-aws",
                "mrkdwn_in": [
                    "text"
                ]
            }
        ]
    },
    {
        "type": "message",
        "subtype": "bot_message",
        "text": "",
        "ts": "1614918781.001900",
        "bot_id": "BG2UDF0NA",
        "attachments": [
            {
                "fallback": "terraform-providers\/terraform-provider-azurerm on GitHub\nv2.50.0",
                "text": "`v2.50.0`",
                "title": "terraform-providers\/terraform-provider-azurerm on GitHub",
                "id": 1,
                "title_link": "https:\/\/newreleases.io\/github\/terraform-providers\/terraform-provider-azurerm",
                "mrkdwn_in": [
                    "text"
                ]
            }
        ]
    },
    {
        "type": "message",
        "subtype": "bot_message",
        "text": "",
        "ts": "1614919210.002000",
        "bot_id": "BG2UDF0NA",
        "attachments": [
            {
                "fallback": "terraform-providers\/terraform-provider-azurerm on GitHub\nv2.50.0v2.50.0 updated\nrelease note: <https:\/\/newreleases.io\/github\/terraform-providers\/terraform-provider-azurerm?version=v2.50.0>",
                "text": "*v2.50.0* `v2.50.0` _updated_\n<https:\/\/newreleases.io\/github\/terraform-providers\/terraform-provider-azurerm?version=v2.50.0|release note...>",
                "title": "terraform-providers\/terraform-provider-azurerm on GitHub",
                "id": 1,
                "title_link": "https:\/\/newreleases.io\/github\/terraform-providers\/terraform-provider-azurerm",
                "mrkdwn_in": [
                    "text"
                ]
            }
        ]
    }
]