[
    {
        "type": "message",
        "subtype": "bot_message",
        "text": "",
        "ts": "1614601591.001300",
        "bot_id": "BG2UDF0NA",
        "attachments": [
            {
                "fallback": "terraform-aws-modules\/terraform-aws-rds on GitHub\nv2.22.0",
                "text": "`v2.22.0`",
                "title": "terraform-aws-modules\/terraform-aws-rds on GitHub",
                "id": 1,
                "title_link": "https:\/\/newreleases.io\/github\/terraform-aws-modules\/terraform-aws-rds",
                "mrkdwn_in": [
                    "text"
                ]
            }
        ]
    },
    {
        "type": "message",
        "subtype": "bot_message",
        "text": "",
        "ts": "1614630349.001400",
        "bot_id": "BG2UDF0NA",
        "attachments": [
            {
                "fallback": "terraform-aws-modules\/terraform-aws-notify-slack on GitHub\nv4.12.0",
                "text": "`v4.12.0`",
                "title": "terraform-aws-modules\/terraform-aws-notify-slack on GitHub",
                "id": 1,
                "title_link": "https:\/\/newreleases.io\/github\/terraform-aws-modules\/terraform-aws-notify-slack",
                "mrkdwn_in": [
                    "text"
                ]
            }
        ]
    },
    {
        "type": "message",
        "subtype": "bot_message",
        "text": "",
        "ts": "1614630821.001500",
        "bot_id": "BG2UDF0NA",
        "attachments": [
            {
                "fallback": "terraform-aws-modules\/terraform-aws-notify-slack on GitHub\nv3.6.0",
                "text": "`v3.6.0`",
                "title": "terraform-aws-modules\/terraform-aws-notify-slack on GitHub",
                "id": 1,
                "title_link": "https:\/\/newreleases.io\/github\/terraform-aws-modules\/terraform-aws-notify-slack",
                "mrkdwn_in": [
                    "text"
                ]
            }
        ]
    },
    {
        "type": "message",
        "subtype": "bot_message",
        "text": "",
        "ts": "1614660890.001600",
        "bot_id": "BG2UDF0NA",
        "attachments": [
            {
                "fallback": "cloudposse\/terraform-aws-alb-ingress on GitHub\nv0.23.00.23.0 \nrelease note: <https:\/\/newreleases.io\/github\/cloudposse\/terraform-aws-alb-ingress?version=0.23.0>",
                "text": "*v0.23.0* `0.23.0` \n```\nDefault priority to null @nitrocode (#53)\n\n## what\n\n* Set the priority variables to null by default\n\n---\nwhy\n---\n\n* If you do not set the priority, the listener rule will automatically set an unused priority for you which is a very nice default. We can take advantage of this by keeping this input variables set to null. If someone wishes to change that, they can simply overwrite the value.\n\n----------\nreferences\n----------\n\nN\/A\n```\n<https:\/\/newreleases.io\/github\/cloudposse\/terraform-aws-alb-ingress?version=0.23.0|release note...>",
                "title": "cloudposse\/terraform-aws-alb-ingress on GitHub",
                "id": 1,
                "title_link": "https:\/\/newreleases.io\/github\/cloudposse\/terraform-aws-alb-ingress",
                "mrkdwn_in": [
                    "text"
                ]
            }
        ]
    }
]