[
    {
        "type": "message",
        "subtype": "bot_message",
        "text": "",
        "ts": "1615741879.003900",
        "bot_id": "BG2UDF0NA",
        "attachments": [
            {
                "fallback": "terraform-aws-modules\/terraform-aws-rds on GitHub\nv2.28.0",
                "text": "`v2.28.0`\n\nDo you find these emails useful?\nIf you do, please, consider a small donation <https:\/\/newreleases.io\/donate>.",
                "title": "terraform-aws-modules\/terraform-aws-rds on GitHub",
                "id": 1,
                "title_link": "https:\/\/newreleases.io\/github\/terraform-aws-modules\/terraform-aws-rds",
                "mrkdwn_in": [
                    "text"
                ]
            }
        ]
    },
    {
        "type": "message",
        "subtype": "bot_message",
        "text": "",
        "ts": "1615753972.004000",
        "bot_id": "BG2UDF0NA",
        "attachments": [
            {
                "fallback": "terraform-aws-modules\/terraform-aws-rds on GitHub\nv2.29.0",
                "text": "`v2.29.0`",
                "title": "terraform-aws-modules\/terraform-aws-rds on GitHub",
                "id": 1,
                "title_link": "https:\/\/newreleases.io\/github\/terraform-aws-modules\/terraform-aws-rds",
                "mrkdwn_in": [
                    "text"
                ]
            }
        ]
    },
    {
        "type": "message",
        "subtype": "bot_message",
        "text": "",
        "ts": "1615784448.004100",
        "bot_id": "BG2UDF0NA",
        "attachments": [
            {
                "fallback": "cloudposse\/terraform-aws-cloudfront-cdn on GitHub\nv0.16.00.16.0 \nrelease note: <https:\/\/newreleases.io\/github\/cloudposse\/terraform-aws-cloudfront-cdn?version=0.16.0>",
                "text": "*v0.16.0* `0.16.0` \n```\nAllow specifiying force_destroy for s3-log-storage submodule @joe-niland (#58)\n\n## what\n\n* Allow specifying force_destroy for s3-log-storage submodule\n\n* Add random id to module attributes to cause S3 log bucket to have a random name\n\n---\nwhy\n---\n\n* Automated tests were failing due to duplicate names and non-empty buckets\n\n----------\nreferences\n----------\n\n* None\n```\n<https:\/\/newreleases.io\/github\/cloudposse\/terraform-aws-cloudfront-cdn?version=0.16.0|release note...>",
                "title": "cloudposse\/terraform-aws-cloudfront-cdn on GitHub",
                "id": 1,
                "title_link": "https:\/\/newreleases.io\/github\/cloudposse\/terraform-aws-cloudfront-cdn",
                "mrkdwn_in": [
                    "text"
                ]
            }
        ]
    },
    {
        "type": "message",
        "subtype": "bot_message",
        "text": "",
        "ts": "1615790804.004300",
        "bot_id": "BG2UDF0NA",
        "attachments": [
            {
                "fallback": "cloudposse\/terraform-aws-cloudfront-cdn on GitHub\nv0.17.00.17.0 \nrelease note: <https:\/\/newreleases.io\/github\/cloudposse\/terraform-aws-cloudfront-cdn?version=0.17.0>",
                "text": "*v0.17.0* `0.17.0` \n```\nAdding cache_policy_id to default and ordered behaviours @justnom (#57)\n\n## what\n\n* Adding cache_policy_id to the aws_cloudfront_distribution resource.\n\n---\nwhy\n---\n\n* We want to provide a cloudfront_cache_policy ( <https:\/\/registry.terraform.io\/providers\/hashicorp\/aws\/latest\/docs\/resources\/cloudfront_cache_policy> ) resource to the module.\n\n----------\nreferences\n----------\n\n* aws_cloudfront_distribution Terraform docs ( <https:\/\/registry.terraform.io\/providers\/hashicorp\/aws\/latest\/docs\/resources\/cloudfront_distribution#cache_policy_id> )\n```\n<https:\/\/newreleases.io\/github\/cloudposse\/terraform-aws-cloudfront-cdn?version=0.17.0|release note...>",
                "title": "cloudposse\/terraform-aws-cloudfront-cdn on GitHub",
                "id": 1,
                "title_link": "https:\/\/newreleases.io\/github\/cloudposse\/terraform-aws-cloudfront-cdn",
                "mrkdwn_in": [
                    "text"
                ]
            }
        ]
    }
]