[
    {
        "type": "message",
        "subtype": "bot_message",
        "text": "",
        "ts": "1554015784.038200",
        "username": "IFTTT",
        "icons": {
            "image_36": "https:\/\/a.slack-edge.com\/8f51\/img\/services\/ifttt_36.png",
            "image_48": "https:\/\/a.slack-edge.com\/8f51\/img\/services\/ifttt_48.png",
            "image_72": "https:\/\/a.slack-edge.com\/8f51\/img\/services\/ifttt_72.png"
        },
        "bot_id": "BG1Q8MM6H",
        "attachments": [
            {
                "title": "@Electroutro is Tweet",
                "title_link": "https:\/\/twitter.com\/Electroutro",
                "text": "Terraform. #1 [Drew X Oscillate] by Oscillate <https:\/\/t.co\/chI0a7nKV8> (via Twitter <http:\/\/twitter.com\/Electroutro\/status\/1112248503277928449>)",
                "fallback": "Terraform. #1 [Drew X Oscillate] by Oscillate <https:\/\/t.co\/chI0a7nKV8> (via Twitter <http:\/\/twitter.com\/Electroutro\/status\/1112248503277928449>)",
                "mrkdwn_in": [
                    "text",
                    "pretext"
                ]
            }
        ]
    },
    {
        "type": "message",
        "subtype": "bot_message",
        "text": "",
        "ts": "1554016926.038300",
        "username": "IFTTT",
        "icons": {
            "image_36": "https:\/\/a.slack-edge.com\/8f51\/img\/services\/ifttt_36.png",
            "image_48": "https:\/\/a.slack-edge.com\/8f51\/img\/services\/ifttt_48.png",
            "image_72": "https:\/\/a.slack-edge.com\/8f51\/img\/services\/ifttt_72.png"
        },
        "bot_id": "BG1Q8MM6H",
        "attachments": [
            {
                "title": "@amazing_gazou is Tweet",
                "title_link": "https:\/\/twitter.com\/amazing_gazou",
                "text": "μ'sと野々村議員のコラボ\n<https:\/\/t.co\/51hleDHioC> … <https:\/\/t.co\/CNoXR1ldNa> (via Twitter <http:\/\/twitter.com\/amazing_gazou\/status\/1112252251937005569>)",
                "fallback": "μ'sと野々村議員のコラボ\n<https:\/\/t.co\/51hleDHioC> … <https:\/\/t.co\/CNoXR1ldNa> (via Twitter <http:\/\/twitter.com\/amazing_gazou\/status\/1112252251937005569>)",
                "mrkdwn_in": [
                    "text",
                    "pretext"
                ]
            }
        ]
    },
    {
        "type": "message",
        "subtype": "bot_message",
        "text": "",
        "ts": "1554025032.038400",
        "username": "IFTTT",
        "icons": {
            "image_36": "https:\/\/a.slack-edge.com\/8f51\/img\/services\/ifttt_36.png",
            "image_48": "https:\/\/a.slack-edge.com\/8f51\/img\/services\/ifttt_48.png",
            "image_72": "https:\/\/a.slack-edge.com\/8f51\/img\/services\/ifttt_72.png"
        },
        "bot_id": "BG1Q8MM6H",
        "attachments": [
            {
                "title": "@MrGrokNRoll is Tweet",
                "title_link": "https:\/\/twitter.com\/MrGrokNRoll",
                "text": "@DragonStepsOut Just terraform Mars and Venus with a wave of your hand and put  a third on each planet. (via Twitter <http:\/\/twitter.com\/MrGrokNRoll\/status\/1112286825614319616>)",
                "fallback": "@DragonStepsOut Just terraform Mars and Venus with a wave of your hand and put  a third on each planet. (via Twitter <http:\/\/twitter.com\/MrGrokNRoll\/status\/1112286825614319616>)",
                "mrkdwn_in": [
                    "text",
                    "pretext"
                ]
            }
        ]
    },
    {
        "type": "message",
        "subtype": "bot_message",
        "text": "",
        "ts": "1554025333.038500",
        "username": "IFTTT",
        "icons": {
            "image_36": "https:\/\/a.slack-edge.com\/8f51\/img\/services\/ifttt_36.png",
            "image_48": "https:\/\/a.slack-edge.com\/8f51\/img\/services\/ifttt_48.png",
            "image_72": "https:\/\/a.slack-edge.com\/8f51\/img\/services\/ifttt_72.png"
        },
        "bot_id": "BG1Q8MM6H",
        "attachments": [
            {
                "title": "@doismellburning is Tweet",
                "title_link": "https:\/\/twitter.com\/doismellburning",
                "text": "Dear #Terraform users: what are y’all using to manage\/synchronise\/lock your state please?\n\nIs it just “pay for Enterprise” or is there a good cheap\/free option for personal use or small orgs that I’ve missed? (via Twitter <http:\/\/twitter.com\/doismellburning\/status\/1112288191153913857>)",
                "fallback": "Dear #Terraform users: what are y’all using to manage\/synchronise\/lock your state please?\n\nIs it just “pay for Enterprise” or is there a good cheap\/free option for personal use or small orgs that I’ve missed? (via Twitter <http:\/\/twitter.com\/doismellburning\/status\/1112288191153913857>)",
                "mrkdwn_in": [
                    "text",
                    "pretext"
                ]
            }
        ]
    },
    {
        "type": "message",
        "subtype": "bot_message",
        "text": "",
        "ts": "1554025932.038600",
        "username": "IFTTT",
        "icons": {
            "image_36": "https:\/\/a.slack-edge.com\/8f51\/img\/services\/ifttt_36.png",
            "image_48": "https:\/\/a.slack-edge.com\/8f51\/img\/services\/ifttt_48.png",
            "image_72": "https:\/\/a.slack-edge.com\/8f51\/img\/services\/ifttt_72.png"
        },
        "bot_id": "BG1Q8MM6H",
        "attachments": [
            {
                "title": "@davbo is Tweet",
                "title_link": "https:\/\/twitter.com\/davbo",
                "text": "@doismellburning I've been using the S3 backend <https:\/\/t.co\/IXO69v4AT8> seems to work well enough. Not sure what's missing that enterprise adds. (via Twitter <http:\/\/twitter.com\/davbo\/status\/1112290540299735041>)",
                "fallback": "@doismellburning I've been using the S3 backend <https:\/\/t.co\/IXO69v4AT8> seems to work well enough. Not sure what's missing that enterprise adds. (via Twitter <http:\/\/twitter.com\/davbo\/status\/1112290540299735041>)",
                "mrkdwn_in": [
                    "text",
                    "pretext"
                ]
            }
        ]
    },
    {
        "type": "message",
        "subtype": "bot_message",
        "text": "",
        "ts": "1554025932.038700",
        "username": "IFTTT",
        "icons": {
            "image_36": "https:\/\/a.slack-edge.com\/8f51\/img\/services\/ifttt_36.png",
            "image_48": "https:\/\/a.slack-edge.com\/8f51\/img\/services\/ifttt_48.png",
            "image_72": "https:\/\/a.slack-edge.com\/8f51\/img\/services\/ifttt_72.png"
        },
        "bot_id": "BG1Q8MM6H",
        "attachments": [
            {
                "title": "@alexwlchan is Tweet",
                "title_link": "https:\/\/twitter.com\/alexwlchan",
                "text": "@doismellburning Our entire estate runs in AWS (at least, for now), so we use the S3 backend: <https:\/\/t.co\/hNT01aehol>\n\nState kept in an S3 bucket, locking via DynamoDB. (via Twitter <http:\/\/twitter.com\/alexwlchan\/status\/1112291122670419969>)",
                "fallback": "@doismellburning Our entire estate runs in AWS (at least, for now), so we use the S3 backend: <https:\/\/t.co\/hNT01aehol>\n\nState kept in an S3 bucket, locking via DynamoDB. (via Twitter <http:\/\/twitter.com\/alexwlchan\/status\/1112291122670419969>)",
                "mrkdwn_in": [
                    "text",
                    "pretext"
                ]
            }
        ]
    },
    {
        "type": "message",
        "subtype": "bot_message",
        "text": "",
        "ts": "1554026236.038800",
        "username": "IFTTT",
        "icons": {
            "image_36": "https:\/\/a.slack-edge.com\/8f51\/img\/services\/ifttt_36.png",
            "image_48": "https:\/\/a.slack-edge.com\/8f51\/img\/services\/ifttt_48.png",
            "image_72": "https:\/\/a.slack-edge.com\/8f51\/img\/services\/ifttt_72.png"
        },
        "bot_id": "BG1Q8MM6H",
        "attachments": [
            {
                "title": "@maxmelcher is Tweet",
                "title_link": "https:\/\/twitter.com\/maxmelcher",
                "text": "@KevinMarquette @HalbaradKenafin I’d use terraform for every bigger deployment - there are great articles how to organize terraform repos at scale (via Twitter <http:\/\/twitter.com\/maxmelcher\/status\/1112291494482923520>)",
                "fallback": "@KevinMarquette @HalbaradKenafin I’d use terraform for every bigger deployment - there are great articles how to organize terraform repos at scale (via Twitter <http:\/\/twitter.com\/maxmelcher\/status\/1112291494482923520>)",
                "mrkdwn_in": [
                    "text",
                    "pretext"
                ]
            }
        ]
    },
    {
        "type": "message",
        "subtype": "bot_message",
        "text": "",
        "ts": "1554026554.038900",
        "username": "IFTTT",
        "icons": {
            "image_36": "https:\/\/a.slack-edge.com\/8f51\/img\/services\/ifttt_36.png",
            "image_48": "https:\/\/a.slack-edge.com\/8f51\/img\/services\/ifttt_48.png",
            "image_72": "https:\/\/a.slack-edge.com\/8f51\/img\/services\/ifttt_72.png"
        },
        "bot_id": "BG1Q8MM6H",
        "attachments": [
            {
                "title": "@alexwlchan is Tweet",
                "title_link": "https:\/\/twitter.com\/alexwlchan",
                "text": "@doismellburning The other thing we used to do for locking was invoke Terraform via a wrapper that would error out if you weren’t up-to-date with current master, to avoid rolling back already-defined changes.\n\nSee <https:\/\/t.co\/BfMpj5V8Uq> (via Twitter <http:\/\/twitter.com\/alexwlchan\/status\/1112292891957882880>)",
                "fallback": "@doismellburning The other thing we used to do for locking was invoke Terraform via a wrapper that would error out if you weren’t up-to-date with current master, to avoid rolling back already-defined changes.\n\nSee <https:\/\/t.co\/BfMpj5V8Uq> (via Twitter <http:\/\/twitter.com\/alexwlchan\/status\/1112292891957882880>)",
                "mrkdwn_in": [
                    "text",
                    "pretext"
                ]
            }
        ]
    },
    {
        "type": "message",
        "subtype": "bot_message",
        "text": "",
        "ts": "1554026833.039000",
        "username": "IFTTT",
        "icons": {
            "image_36": "https:\/\/a.slack-edge.com\/8f51\/img\/services\/ifttt_36.png",
            "image_48": "https:\/\/a.slack-edge.com\/8f51\/img\/services\/ifttt_48.png",
            "image_72": "https:\/\/a.slack-edge.com\/8f51\/img\/services\/ifttt_72.png"
        },
        "bot_id": "BG1Q8MM6H",
        "attachments": [
            {
                "title": "@ytkmns is Tweet",
                "title_link": "https:\/\/twitter.com\/ytkmns",
                "text": "僕はTerraformよりPulumiよりDSN-12がいいと思います (via Twitter <http:\/\/twitter.com\/ytkmns\/status\/1112294733517225984>)",
                "fallback": "僕はTerraformよりPulumiよりDSN-12がいいと思います (via Twitter <http:\/\/twitter.com\/ytkmns\/status\/1112294733517225984>)",
                "mrkdwn_in": [
                    "text",
                    "pretext"
                ]
            }
        ]
    },
    {
        "type": "message",
        "subtype": "bot_message",
        "text": "",
        "ts": "1554032524.039100",
        "username": "IFTTT",
        "icons": {
            "image_36": "https:\/\/a.slack-edge.com\/8f51\/img\/services\/ifttt_36.png",
            "image_48": "https:\/\/a.slack-edge.com\/8f51\/img\/services\/ifttt_48.png",
            "image_72": "https:\/\/a.slack-edge.com\/8f51\/img\/services\/ifttt_72.png"
        },
        "bot_id": "BG1Q8MM6H",
        "attachments": [
            {
                "title": "@kubestack is Tweet",
                "title_link": "https:\/\/twitter.com\/kubestack",
                "text": "Learn more about what's new: <https:\/\/t.co\/0pJP8aH4ie> (via Twitter <http:\/\/twitter.com\/kubestack\/status\/1112318784583405569>)",
                "fallback": "Learn more about what's new: <https:\/\/t.co\/0pJP8aH4ie> (via Twitter <http:\/\/twitter.com\/kubestack\/status\/1112318784583405569>)",
                "mrkdwn_in": [
                    "text",
                    "pretext"
                ]
            }
        ]
    },
    {
        "type": "message",
        "subtype": "bot_message",
        "text": "",
        "ts": "1554035843.039200",
        "username": "IFTTT",
        "icons": {
            "image_36": "https:\/\/a.slack-edge.com\/8f51\/img\/services\/ifttt_36.png",
            "image_48": "https:\/\/a.slack-edge.com\/8f51\/img\/services\/ifttt_48.png",
            "image_72": "https:\/\/a.slack-edge.com\/8f51\/img\/services\/ifttt_72.png"
        },
        "bot_id": "BG1Q8MM6H",
        "attachments": [
            {
                "title": "@TraceScorch is Tweet",
                "title_link": "https:\/\/twitter.com\/TraceScorch",
                "text": "Humans don't see the dysfunction in their society, just because they have gotten so used to it, they can't even fathom living without it.\n\nWe understand this premise, that's why we are here on earth to advice\/ terraform your intellect &amp;amp; imagination of what you think is possible. (via Twitter <http:\/\/twitter.com\/TraceScorch\/status\/1112332678144102406>)",
                "fallback": "Humans don't see the dysfunction in their society, just because they have gotten so used to it, they can't even fathom living without it.\n\nWe understand this premise, that's why we are here on earth to advice\/ terraform your intellect &amp;amp; imagination of what you think is possible. (via Twitter <http:\/\/twitter.com\/TraceScorch\/status\/1112332678144102406>)",
                "mrkdwn_in": [
                    "text",
                    "pretext"
                ]
            }
        ]
    },
    {
        "type": "message",
        "subtype": "bot_message",
        "text": "",
        "ts": "1554037933.039300",
        "username": "IFTTT",
        "icons": {
            "image_36": "https:\/\/a.slack-edge.com\/8f51\/img\/services\/ifttt_36.png",
            "image_48": "https:\/\/a.slack-edge.com\/8f51\/img\/services\/ifttt_48.png",
            "image_72": "https:\/\/a.slack-edge.com\/8f51\/img\/services\/ifttt_72.png"
        },
        "bot_id": "BG1Q8MM6H",
        "attachments": [
            {
                "title": "@deyjcode is Tweet",
                "title_link": "https:\/\/twitter.com\/deyjcode",
                "text": "@KevinMarquette Terraform. (via Twitter <http:\/\/twitter.com\/deyjcode\/status\/1112341376404983809>)",
                "fallback": "@KevinMarquette Terraform. (via Twitter <http:\/\/twitter.com\/deyjcode\/status\/1112341376404983809>)",
                "mrkdwn_in": [
                    "text",
                    "pretext"
                ]
            }
        ]
    },
    {
        "type": "message",
        "subtype": "bot_message",
        "text": "",
        "ts": "1554038551.039400",
        "username": "IFTTT",
        "icons": {
            "image_36": "https:\/\/a.slack-edge.com\/8f51\/img\/services\/ifttt_36.png",
            "image_48": "https:\/\/a.slack-edge.com\/8f51\/img\/services\/ifttt_48.png",
            "image_72": "https:\/\/a.slack-edge.com\/8f51\/img\/services\/ifttt_72.png"
        },
        "bot_id": "BG1Q8MM6H",
        "attachments": [
            {
                "title": "@takasp_2350 is Tweet",
                "title_link": "https:\/\/twitter.com\/takasp_2350",
                "text": "Terraform で GKE を構築する [GoogleCloudPlatform] on @Qiita <https:\/\/t.co\/wQhT46YkAu> (via Twitter <http:\/\/twitter.com\/takasp_2350\/status\/1112343276449755137>)",
                "fallback": "Terraform で GKE を構築する [GoogleCloudPlatform] on @Qiita <https:\/\/t.co\/wQhT46YkAu> (via Twitter <http:\/\/twitter.com\/takasp_2350\/status\/1112343276449755137>)",
                "mrkdwn_in": [
                    "text",
                    "pretext"
                ]
            }
        ]
    },
    {
        "type": "message",
        "subtype": "bot_message",
        "text": "",
        "ts": "1554038552.039500",
        "username": "IFTTT",
        "icons": {
            "image_36": "https:\/\/a.slack-edge.com\/8f51\/img\/services\/ifttt_36.png",
            "image_48": "https:\/\/a.slack-edge.com\/8f51\/img\/services\/ifttt_48.png",
            "image_72": "https:\/\/a.slack-edge.com\/8f51\/img\/services\/ifttt_72.png"
        },
        "bot_id": "BG1Q8MM6H",
        "attachments": [
            {
                "title": "@alice_k106 is Tweet",
                "title_link": "https:\/\/twitter.com\/alice_k106",
                "text": "Terraform up and running\n\n개발자 친구가 책 이벤트에 당첨되어 빌려 읽어 보았는데, 나름 괜찮은 책이다. 테라폼을 시작하는 사람, 기존에 사용 중인 사람 모두에게 추천해도 괜찮을 듯 하다. \n\n근데 이미 프로덕션 환경에서 고급지게 사용하고 있다면 다 아는내용일지도 모름(....) <https:\/\/t.co\/wI6eNelQe2> (via Twitter <http:\/\/twitter.com\/alice_k106\/status\/1112343395060441088>)",
                "fallback": "Terraform up and running\n\n개발자 친구가 책 이벤트에 당첨되어 빌려 읽어 보았는데, 나름 괜찮은 책이다. 테라폼을 시작하는 사람, 기존에 사용 중인 사람 모두에게 추천해도 괜찮을 듯 하다. \n\n근데 이미 프로덕션 환경에서 고급지게 사용하고 있다면 다 아는내용일지도 모름(....) <https:\/\/t.co\/wI6eNelQe2> (via Twitter <http:\/\/twitter.com\/alice_k106\/status\/1112343395060441088>)",
                "mrkdwn_in": [
                    "text",
                    "pretext"
                ]
            }
        ]
    },
    {
        "type": "message",
        "subtype": "bot_message",
        "text": "",
        "ts": "1554039435.039600",
        "username": "IFTTT",
        "icons": {
            "image_36": "https:\/\/a.slack-edge.com\/8f51\/img\/services\/ifttt_36.png",
            "image_48": "https:\/\/a.slack-edge.com\/8f51\/img\/services\/ifttt_48.png",
            "image_72": "https:\/\/a.slack-edge.com\/8f51\/img\/services\/ifttt_72.png"
        },
        "bot_id": "BG1Q8MM6H",
        "attachments": [
            {
                "title": "@MMrax is Tweet",
                "title_link": "https:\/\/twitter.com\/MMrax",
                "text": "“Getting Started with Terraform and Google Cloud Platform” by Kengo Wada <https:\/\/t.co\/biSkiI53ai> (via Twitter <http:\/\/twitter.com\/MMrax\/status\/1112346329202733056>)",
                "fallback": "“Getting Started with Terraform and Google Cloud Platform” by Kengo Wada <https:\/\/t.co\/biSkiI53ai> (via Twitter <http:\/\/twitter.com\/MMrax\/status\/1112346329202733056>)",
                "mrkdwn_in": [
                    "text",
                    "pretext"
                ]
            }
        ]
    },
    {
        "type": "message",
        "subtype": "bot_message",
        "text": "",
        "ts": "1554040024.039700",
        "username": "IFTTT",
        "icons": {
            "image_36": "https:\/\/a.slack-edge.com\/8f51\/img\/services\/ifttt_36.png",
            "image_48": "https:\/\/a.slack-edge.com\/8f51\/img\/services\/ifttt_48.png",
            "image_72": "https:\/\/a.slack-edge.com\/8f51\/img\/services\/ifttt_72.png"
        },
        "bot_id": "BG1Q8MM6H",
        "attachments": [
            {
                "title": "@backbeat_tech is Tweet",
                "title_link": "https:\/\/twitter.com\/backbeat_tech",
                "text": "How we host services using our favourite tools! @SaltStack and @HashiCorp <https:\/\/t.co\/0WvYKWJRNS> (via Twitter <http:\/\/twitter.com\/backbeat_tech\/status\/1112348303017025536>)",
                "fallback": "How we host services using our favourite tools! @SaltStack and @HashiCorp <https:\/\/t.co\/0WvYKWJRNS> (via Twitter <http:\/\/twitter.com\/backbeat_tech\/status\/1112348303017025536>)",
                "mrkdwn_in": [
                    "text",
                    "pretext"
                ]
            }
        ]
    },
    {
        "type": "message",
        "subtype": "bot_message",
        "text": "",
        "ts": "1554040641.039800",
        "username": "IFTTT",
        "icons": {
            "image_36": "https:\/\/a.slack-edge.com\/8f51\/img\/services\/ifttt_36.png",
            "image_48": "https:\/\/a.slack-edge.com\/8f51\/img\/services\/ifttt_48.png",
            "image_72": "https:\/\/a.slack-edge.com\/8f51\/img\/services\/ifttt_72.png"
        },
        "bot_id": "BG1Q8MM6H",
        "attachments": [
            {
                "title": "@reurope_stock is Tweet",
                "title_link": "https:\/\/twitter.com\/reurope_stock",
                "text": "Were Analysts Bearish TerraForm Power, Inc. $TERP This Week? <https:\/\/t.co\/o2vw3HbS0W> (via Twitter <http:\/\/twitter.com\/reurope_stock\/status\/1112352044466229249>)",
                "fallback": "Were Analysts Bearish TerraForm Power, Inc. $TERP This Week? <https:\/\/t.co\/o2vw3HbS0W> (via Twitter <http:\/\/twitter.com\/reurope_stock\/status\/1112352044466229249>)",
                "mrkdwn_in": [
                    "text",
                    "pretext"
                ]
            }
        ]
    },
    {
        "type": "message",
        "subtype": "bot_message",
        "text": "",
        "ts": "1554040641.039900",
        "username": "IFTTT",
        "icons": {
            "image_36": "https:\/\/a.slack-edge.com\/8f51\/img\/services\/ifttt_36.png",
            "image_48": "https:\/\/a.slack-edge.com\/8f51\/img\/services\/ifttt_48.png",
            "image_72": "https:\/\/a.slack-edge.com\/8f51\/img\/services\/ifttt_72.png"
        },
        "bot_id": "BG1Q8MM6H",
        "attachments": [
            {
                "title": "@reurope_stock is Tweet",
                "title_link": "https:\/\/twitter.com\/reurope_stock",
                "text": "Analysts are on the Bearish side about TerraForm Power, Inc. $TERP this week. <https:\/\/t.co\/wo3DUkE8qO> (via Twitter <http:\/\/twitter.com\/reurope_stock\/status\/1112352419269279744>)",
                "fallback": "Analysts are on the Bearish side about TerraForm Power, Inc. $TERP this week. <https:\/\/t.co\/wo3DUkE8qO> (via Twitter <http:\/\/twitter.com\/reurope_stock\/status\/1112352419269279744>)",
                "mrkdwn_in": [
                    "text",
                    "pretext"
                ]
            }
        ]
    },
    {
        "type": "message",
        "subtype": "bot_message",
        "text": "",
        "ts": "1554040641.040000",
        "username": "IFTTT",
        "icons": {
            "image_36": "https:\/\/a.slack-edge.com\/8f51\/img\/services\/ifttt_36.png",
            "image_48": "https:\/\/a.slack-edge.com\/8f51\/img\/services\/ifttt_48.png",
            "image_72": "https:\/\/a.slack-edge.com\/8f51\/img\/services\/ifttt_72.png"
        },
        "bot_id": "BG1Q8MM6H",
        "attachments": [
            {
                "title": "@bibeypost_stock is Tweet",
                "title_link": "https:\/\/twitter.com\/bibeypost_stock",
                "text": "Discussion stirs around TerraForm Power, Inc. $TERP this week; here is what analysts are saying. <https:\/\/t.co\/xrdRyNGN5q> (via Twitter <http:\/\/twitter.com\/bibeypost_stock\/status\/1112352827198836738>)",
                "fallback": "Discussion stirs around TerraForm Power, Inc. $TERP this week; here is what analysts are saying. <https:\/\/t.co\/xrdRyNGN5q> (via Twitter <http:\/\/twitter.com\/bibeypost_stock\/status\/1112352827198836738>)",
                "mrkdwn_in": [
                    "text",
                    "pretext"
                ]
            }
        ]
    },
    {
        "type": "message",
        "subtype": "bot_message",
        "text": "",
        "ts": "1554041840.040100",
        "username": "IFTTT",
        "icons": {
            "image_36": "https:\/\/a.slack-edge.com\/8f51\/img\/services\/ifttt_36.png",
            "image_48": "https:\/\/a.slack-edge.com\/8f51\/img\/services\/ifttt_48.png",
            "image_72": "https:\/\/a.slack-edge.com\/8f51\/img\/services\/ifttt_72.png"
        },
        "bot_id": "BG1Q8MM6H",
        "attachments": [
            {
                "title": "@xxx_bvb is Tweet",
                "title_link": "https:\/\/twitter.com\/xxx_bvb",
                "text": "月末ということは「今月読んだ本一覧」\n\n・Railsのレベルアップのために体系学習\n・DBアンチパターン（耳が痛い）\n・他は近い内に必要になるので先回り\n\n4月予定\n・AWSのブラッシュアップ\n・GCPデビュー\n・インフラオートメーション（Circle CI, Travis, Serverless Framework, Terraform, Ansible） <https:\/\/t.co\/wdA6lUHBqf> (via Twitter <http:\/\/twitter.com\/xxx_bvb\/status\/1112357957360979968>)",
                "fallback": "月末ということは「今月読んだ本一覧」\n\n・Railsのレベルアップのために体系学習\n・DBアンチパターン（耳が痛い）\n・他は近い内に必要になるので先回り\n\n4月予定\n・AWSのブラッシュアップ\n・GCPデビュー\n・インフラオートメーション（Circle CI, Travis, Serverless Framework, Terraform, Ansible） <https:\/\/t.co\/wdA6lUHBqf> (via Twitter <http:\/\/twitter.com\/xxx_bvb\/status\/1112357957360979968>)",
                "mrkdwn_in": [
                    "text",
                    "pretext"
                ]
            }
        ]
    },
    {
        "type": "message",
        "subtype": "bot_message",
        "text": "",
        "ts": "1554043038.040200",
        "username": "IFTTT",
        "icons": {
            "image_36": "https:\/\/a.slack-edge.com\/8f51\/img\/services\/ifttt_36.png",
            "image_48": "https:\/\/a.slack-edge.com\/8f51\/img\/services\/ifttt_48.png",
            "image_72": "https:\/\/a.slack-edge.com\/8f51\/img\/services\/ifttt_72.png"
        },
        "bot_id": "BG1Q8MM6H",
        "attachments": [
            {
                "title": "@sect10n9 is Tweet",
                "title_link": "https:\/\/twitter.com\/sect10n9",
                "text": "Terraform で GKE を構築する <https:\/\/t.co\/QK05TtvVOK> (via Twitter <http:\/\/twitter.com\/sect10n9\/status\/1112362270850465792>)",
                "fallback": "Terraform で GKE を構築する <https:\/\/t.co\/QK05TtvVOK> (via Twitter <http:\/\/twitter.com\/sect10n9\/status\/1112362270850465792>)",
                "mrkdwn_in": [
                    "text",
                    "pretext"
                ]
            }
        ]
    },
    {
        "type": "message",
        "subtype": "bot_message",
        "text": "",
        "ts": "1554043039.040300",
        "username": "IFTTT",
        "icons": {
            "image_36": "https:\/\/a.slack-edge.com\/8f51\/img\/services\/ifttt_36.png",
            "image_48": "https:\/\/a.slack-edge.com\/8f51\/img\/services\/ifttt_48.png",
            "image_72": "https:\/\/a.slack-edge.com\/8f51\/img\/services\/ifttt_72.png"
        },
        "bot_id": "BG1Q8MM6H",
        "attachments": [
            {
                "title": "@AmericanVigil is Tweet",
                "title_link": "https:\/\/twitter.com\/AmericanVigil",
                "text": "Isla Del Tigre working agreement with Honduras &amp;amp; Nicaragua!\nBlack Sand, deep approach &amp;amp; for vessels. \n\nTerraform that and create a non-industrialized recreation &amp;amp; refugee transport hub\n\nMangua 1972.\nStill unrestored\n\nLower buildings, man, we can help them.\nJust help implement ICF <https:\/\/t.co\/aHyfLh7eJj> (via Twitter <http:\/\/twitter.com\/AmericanVigil\/status\/1112362366396596224>)",
                "fallback": "Isla Del Tigre working agreement with Honduras &amp;amp; Nicaragua!\nBlack Sand, deep approach &amp;amp; for vessels. \n\nTerraform that and create a non-industrialized recreation &amp;amp; refugee transport hub\n\nMangua 1972.\nStill unrestored\n\nLower buildings, man, we can help them.\nJust help implement ICF <https:\/\/t.co\/aHyfLh7eJj> (via Twitter <http:\/\/twitter.com\/AmericanVigil\/status\/1112362366396596224>)",
                "mrkdwn_in": [
                    "text",
                    "pretext"
                ]
            }
        ]
    }
]