[
    {
        "type": "message",
        "subtype": "bot_message",
        "text": "",
        "ts": "1604572283.006900",
        "bot_id": "BG2UDF0NA",
        "attachments": [
            {
                "fallback": "terraform-aws-modules\/terraform-aws-notify-slack on GitHub\nv4.6.0",
                "text": "`v4.6.0`",
                "title": "terraform-aws-modules\/terraform-aws-notify-slack on GitHub",
                "id": 1,
                "title_link": "https:\/\/newreleases.io\/github\/terraform-aws-modules\/terraform-aws-notify-slack",
                "mrkdwn_in": [
                    "text"
                ]
            }
        ]
    },
    {
        "type": "message",
        "subtype": "bot_message",
        "text": "",
        "ts": "1604584057.007000",
        "bot_id": "BG2UDF0NA",
        "attachments": [
            {
                "fallback": "terraform-providers\/terraform-provider-azurerm on GitHub\nv2.35.0",
                "text": "`v2.35.0`",
                "title": "terraform-providers\/terraform-provider-azurerm on GitHub",
                "id": 1,
                "title_link": "https:\/\/newreleases.io\/github\/terraform-providers\/terraform-provider-azurerm",
                "mrkdwn_in": [
                    "text"
                ]
            }
        ]
    },
    {
        "type": "message",
        "subtype": "bot_message",
        "text": "",
        "ts": "1604585697.007100",
        "bot_id": "BG2UDF0NA",
        "attachments": [
            {
                "fallback": "terraform-providers\/terraform-provider-azurerm on GitHub\nv2.35.0 updated\nrelease note: <https:\/\/newreleases.io\/github\/terraform-providers\/terraform-provider-azurerm?version=v2.35.0>",
                "text": "`v2.35.0` _updated_\n```\n--------------------------\n2.35.0 (November 05, 2020)\n--------------------------\n\nUPGRADE NOTES:\n\n* azurerm_kubernetes_cluster - the field enable_pod_security_policy and node_taints (within the default_node_pool block) can no longer be configured - see below for more details ( #8982 ( <https:\/\/github.com\/terraform-providers\/terraform-provider-azurerm\/issues\/8982> ) )\n\nFEATURES:\n\n* *New Data Source:* azurerm_images ( #8629 ( <https:\/\/github.com\/terraform-providers\/terraform-provider-azurerm\/issues\/8629> ) )\n\n* *New Resource:* azurerm_firewall_policy_rule_collection_group ( #8603 ( <https:\/\/github.com\/terraform-providers\/terraform-provider-azurerm\/issues\/8603> ) )\n\n* *New Resource:* azurerm_virtual_hub_ip_configuration ( #8912 ( <https:\/\/github.com\/terraform-providers\/terraform-provider-azurerm\/issues\/8912> ) )\n\n* *New Resource:* azurerm_virtual_hub_route_table ( #8939 ( <https:\/\/github.com\/terraform-providers\/terraform-provider-azurerm\/issues\/8939> ) )\n\nIMPROVEMENTS:\n\n* dependencies: updating containerservice to API version 2020-09-01 ( #8982 ( <https:\/\/github.com\/terraform-providers\/terraform-provider-azurerm\/issues\/8982> ) )\n\n* dependencies: updating iottimeseriesinsights to API Version 2020-05-15 ( #9129 ( <https:\/\/github.com\/terraform-providers\/terraform-provider-azurerm\/issues\/9129> ) )\n\n* azurerm_data_factory_linked_service_data_lake_storage_gen2 - Supports managed identity auth through use_managed_identity ( #8938 ( <https:\/\/github.com\/terraform-providers\/terraform-provider-azurerm\/issues\/8938> ) )\n\n* azurerm_firewall - support the dns_servers property ( #8878 ( <https:\/\/github.com\/terraform-providers\/terraform-provider-azurerm\/issues\/8878> ) )\n\n* azurerm_firewall_network_rule_collection - support the destination_fqdns property in the rule block ( #8878 ( <https:\/\/github.com\/terraform-providers\/terraform-provider-azurerm\/issues\/8878> ) )\n\n* azurerm_virtual_hub_connection - support for the routing block ( #8950 ( <https:\/\/github.com\/terraform-providers\/terraform-provider-azurerm\/issues\/8950> ) )\n\nBUG FIXES:\n\n* Fixed regression that prevented Synapse client registering in all Azure environments ( #9100 ( <https:\/\/github.com\/terraform-providers\/terraform-provider-azurerm\/issues\/9100> ) )\n\n* azurerm_cosmosdb_mongo_database no longer attempts to get throughput settings when cosmos account is serverless ( #8673 ( <https:\/\/github.com\/terraform-providers\/terraform-provider-azurerm\/issues\/8673> ) )\n\n* azurerm_key_vault_access_policy - check access policy consistency before committing to state ( #9125 ( <https:\/\/github.com\/terraform-providers\/terraform-provider-azurerm\/issues\/9125> ) )\n\n* azurerm_kubernetes_cluster - the field enable_pod_security_policy can no longer be set, due to this functionality being removed from AKS as of 2020-10-15 ( #8982 ( <https:\/\/github.com\/terraform-providers\/terraform-provider-azurerm\/issues\/8982> ) )\n\n* azurerm_kubernetes_cluster - the field node_taints can no longer be set on the default_node_pool block, to match the behaviour of AKS ( #8982 ( <https:\/\/github.com\/terraform-providers\/terraform-provider-azurerm\/issues\/8982> ) )\n\n* azurerm_virtual_desktop_application_group - adding validation to the host_pool_id field ( #9057 ( <https:\/\/github.com\/terraform-providers\/terraform-provider-azurerm\/issues\/9057> ) )\n\n* azurerm_virtual_desktop_workspace_application_group_association - adding validation to the application_group_id field ( #9057 ( <https:\/\/github.com\/terraform-providers\/terraform-provider-azurerm\/issues\/9057> ) )\n\n* azurerm_virtual_desktop_workspace_application_group_association - adding validation to the workspace_id field ( #9057 ( <https:\/\/github.com\/terraform-providers\/terraform-provider-azurerm\/issues\/9057> ) )\n\n* azurerm_virtual_desktop_workspace_application_group_association - validating the ID during import is a Workspace Application Group Association ID ( #9057 ( <https:\/\/github.com\/terraform-providers\/terraform-provider-azurerm\/issues\/9057> ) )\n\n* azurerm_postgresql_firewall_rule - add validation for start_ip_address and end_ip_address properties ( #8963 ( <https:\/\/github.com\/terraform-providers\/terraform-provider-azurerm\/issues\/8963> ) )\n```\n<https:\/\/newreleases.io\/github\/terraform-providers\/terraform-provider-azurerm?version=v2.35.0|release note...>",
                "title": "terraform-providers\/terraform-provider-azurerm on GitHub",
                "id": 1,
                "title_link": "https:\/\/newreleases.io\/github\/terraform-providers\/terraform-provider-azurerm",
                "mrkdwn_in": [
                    "text"
                ]
            }
        ]
    },
    {
        "type": "message",
        "subtype": "bot_message",
        "text": "",
        "ts": "1604623199.007200",
        "bot_id": "BG2UDF0NA",
        "attachments": [
            {
                "fallback": "hashicorp\/terraform-provider-aws on GitHub\nv3.14.0",
                "text": "`v3.14.0`",
                "title": "hashicorp\/terraform-provider-aws on GitHub",
                "id": 1,
                "title_link": "https:\/\/newreleases.io\/github\/hashicorp\/terraform-provider-aws",
                "mrkdwn_in": [
                    "text"
                ]
            }
        ]
    },
    {
        "type": "message",
        "subtype": "bot_message",
        "text": "",
        "ts": "1604623906.007300",
        "bot_id": "BG2UDF0NA",
        "attachments": [
            {
                "fallback": "hashicorp\/terraform-provider-aws on GitHub\nv3.14.0v3.14.0 updated\nrelease note: <https:\/\/newreleases.io\/github\/hashicorp\/terraform-provider-aws?version=v3.14.0>",
                "text": "*v3.14.0* `v3.14.0` _updated_\n<https:\/\/newreleases.io\/github\/hashicorp\/terraform-provider-aws?version=v3.14.0|release note...>",
                "title": "hashicorp\/terraform-provider-aws on GitHub",
                "id": 1,
                "title_link": "https:\/\/newreleases.io\/github\/hashicorp\/terraform-provider-aws",
                "mrkdwn_in": [
                    "text"
                ]
            }
        ]
    }
]