[
    {
        "type": "message",
        "subtype": "bot_message",
        "text": "",
        "ts": "1606558534.009800",
        "bot_id": "BG2UDF0NA",
        "attachments": [
            {
                "fallback": "terraform-providers\/terraform-provider-azurerm on GitHub\nv2.38.0 updated\nrelease note: <https:\/\/newreleases.io\/github\/terraform-providers\/terraform-provider-azurerm?version=v2.38.0>",
                "text": "`v2.38.0` _updated_\n<https:\/\/newreleases.io\/github\/terraform-providers\/terraform-provider-azurerm?version=v2.38.0|release note...>",
                "title": "terraform-providers\/terraform-provider-azurerm on GitHub",
                "id": 1,
                "title_link": "https:\/\/newreleases.io\/github\/terraform-providers\/terraform-provider-azurerm",
                "mrkdwn_in": [
                    "text"
                ]
            }
        ]
    }
]