[
    {
        "type": "message",
        "subtype": "bot_message",
        "text": "",
        "ts": "1604328663.006700",
        "bot_id": "BG2UDF0NA",
        "attachments": [
            {
                "fallback": "cloudposse\/terraform-aws-dynamodb on GitHub\nv0.22.00.22.0 \nrelease note: <https:\/\/newreleases.io\/github\/cloudposse\/terraform-aws-dynamodb?version=0.22.0>",
                "text": "*v0.22.0* `0.22.0` \n```\nAdd possibility to define custo kms key for server side encryption @dmitriy-lukyanchikov (#68)\n\n## what\n\n* Add possibility to define custom kms key for server-side encryption\n\n---\nwhy\n---\n\n* its useful when you want to create you on custom managed KMS key\n```\n<https:\/\/newreleases.io\/github\/cloudposse\/terraform-aws-dynamodb?version=0.22.0|release note...>",
                "title": "cloudposse\/terraform-aws-dynamodb on GitHub",
                "id": 1,
                "title_link": "https:\/\/newreleases.io\/github\/cloudposse\/terraform-aws-dynamodb",
                "mrkdwn_in": [
                    "text"
                ]
            }
        ]
    },
    {
        "type": "message",
        "subtype": "bot_message",
        "text": "",
        "ts": "1604365538.006800",
        "bot_id": "BG2UDF0NA",
        "attachments": [
            {
                "fallback": "ansible\/ansible on GitHub\nv2.8.17 \n\nv2.9.15 \n\nv2.10.3",
                "text": "`v2.8.17` \n\n`v2.9.15` \n\n`v2.10.3`",
                "title": "ansible\/ansible on GitHub",
                "id": 1,
                "title_link": "https:\/\/newreleases.io\/github\/ansible\/ansible",
                "mrkdwn_in": [
                    "text"
                ]
            }
        ]
    }
]