[
    {
        "type": "message",
        "subtype": "bot_message",
        "text": "",
        "ts": "1605388578.008500",
        "bot_id": "BG2UDF0NA",
        "attachments": [
            {
                "fallback": "cloudposse\/terraform-aws-cloudfront-cdn on GitHub\nv0.11.10.11.1 \nrelease note: <https:\/\/newreleases.io\/github\/cloudposse\/terraform-aws-cloudfront-cdn?version=0.11.1>",
                "text": "*v0.11.1* `0.11.1` \n```\n-----------\n🐛 Bug Fixes\n-----------\n\nadded passing of ipv6_enabled for aaaa record creation @mihaiplesa (#44)\n\n## what\n\n* added ipv6_enabled option to Route53 alias module so it will create AAAA records in addition to A ones\n\n---\nwhy\n---\n\n* AAAA were not being created\n\n----------\nreferences\n----------\n\n* <https:\/\/github.com\/cloudposse\/terraform-aws-cloudfront-s3-cdn\/blob\/master\/main.tf#L349>\n```\n<https:\/\/newreleases.io\/github\/cloudposse\/terraform-aws-cloudfront-cdn?version=0.11.1|release note...>",
                "title": "cloudposse\/terraform-aws-cloudfront-cdn on GitHub",
                "id": 1,
                "title_link": "https:\/\/newreleases.io\/github\/cloudposse\/terraform-aws-cloudfront-cdn",
                "mrkdwn_in": [
                    "text"
                ]
            }
        ]
    }
]