[
    {
        "type": "message",
        "subtype": "bot_message",
        "text": "",
        "ts": "1605268201.008400",
        "bot_id": "BG2UDF0NA",
        "attachments": [
            {
                "fallback": "terraform-aws-modules\/terraform-aws-security-group on GitHub\nv3.17.0",
                "text": "`v3.17.0`",
                "title": "terraform-aws-modules\/terraform-aws-security-group on GitHub",
                "id": 1,
                "title_link": "https:\/\/newreleases.io\/github\/terraform-aws-modules\/terraform-aws-security-group",
                "mrkdwn_in": [
                    "text"
                ]
            }
        ]
    }
]