[
    {
        "type": "message",
        "subtype": "bot_message",
        "text": "",
        "ts": "1606138037.009100",
        "bot_id": "BG2UDF0NA",
        "attachments": [
            {
                "fallback": "terraform-linters\/tflint on GitHub\nv0.21.0",
                "text": "`v0.21.0`",
                "title": "terraform-linters\/tflint on GitHub",
                "id": 1,
                "title_link": "https:\/\/newreleases.io\/github\/terraform-linters\/tflint",
                "mrkdwn_in": [
                    "text"
                ]
            }
        ]
    },
    {
        "type": "message",
        "subtype": "bot_message",
        "text": "",
        "ts": "1606142732.009200",
        "bot_id": "BG2UDF0NA",
        "attachments": [
            {
                "fallback": "terraform-linters\/tflint on GitHub\nv0.21.0v0.21.0 updated\nrelease note: <https:\/\/newreleases.io\/github\/terraform-linters\/tflint?version=v0.21.0>",
                "text": "*v0.21.0* `v0.21.0` _updated_\n```\n-------------------\n0.21.0 (2020-11-23)\n-------------------\n\nThis release adds support for JSON configuration syntax in plugins. For this update, the plugin must be built with tflint-plugin-sdk v0.6.0 to work with TFLint v0.21.0. For details, please see the CHANGELOG of tflint-plugin-sdk.\n\nGPG key ID: 8CE69160EB3F2FE9\n\nBreaking Changes\n----------------\n\n* #982 ( <https:\/\/github.com\/terraform-linters\/tflint\/pull\/982> ) : Bump tflint-plugin-sdk to v0.6.0 ( @wata727 ( <https:\/\/github.com\/wata727> ) )\n\n* This change breaks plugin API backward compatibility. In order for plugins to work against v0.21.0, you need to build with tflint-plugin-sdk v0.6.0.\n\nEnhancements\n------------\n\n* #958 ( <https:\/\/github.com\/terraform-linters\/tflint\/pull\/958> ) : plugin: Add support for JSON configuration syntax ( @wata727 ( <https:\/\/github.com\/wata727> ) )\n\n* #959 ( <https:\/\/github.com\/terraform-linters\/tflint\/pull\/959> ) : rules: Add support m6g\/r6g DB instance types ( @wata727 ( <https:\/\/github.com\/wata727> ) )\n\n* #967 ( <https:\/\/github.com\/terraform-linters\/tflint\/pull\/967> ) : plugin: Allow to declare custom attributes in config files ( @wata727 ( <https:\/\/github.com\/wata727> ) )\n\n* #976 ( <https:\/\/github.com\/terraform-linters\/tflint\/pull\/976> ) #981 ( <https:\/\/github.com\/terraform-linters\/tflint\/pull\/981> ) : Bump terraform-provider-aws to v3.16.0 from v3.11.0 ( @bendrucker ( <https:\/\/github.com\/bendrucker> ) @wata727 ( <https:\/\/github.com\/wata727> ) )\n\nBugFixes\n--------\n\n* #963 ( <https:\/\/github.com\/terraform-linters\/tflint\/pull\/963> ) : langserver: escape language server paths in Windows ( @filiptepper ( <https:\/\/github.com\/filiptepper> ) )\n\nChores\n------\n\n* #955 ( <https:\/\/github.com\/terraform-linters\/tflint\/pull\/955> ) #979 ( <https:\/\/github.com\/terraform-linters\/tflint\/pull\/979> ) : Bump <http:\/\/github.com\/hashicorp\/hcl\/v2|github.com\/hashicorp\/hcl\/v2> from 2.6.0 to 2.7.1\n\n* #956 ( <https:\/\/github.com\/terraform-linters\/tflint\/pull\/956> ) #962 ( <https:\/\/github.com\/terraform-linters\/tflint\/pull\/962> ) #965 ( <https:\/\/github.com\/terraform-linters\/tflint\/pull\/965> ) #969 ( <https:\/\/github.com\/terraform-linters\/tflint\/pull\/969> ) #973 ( <https:\/\/github.com\/terraform-linters\/tflint\/pull\/973> ) #974 ( <https:\/\/github.com\/terraform-linters\/tflint\/pull\/974> ) #980 ( <https:\/\/github.com\/terraform-linters\/tflint\/pull\/980> ) : Bump <http:\/\/github.com\/aws\/aws-sdk-go|github.com\/aws\/aws-sdk-go> from 1.35.7 to 1.35.33\n\n* #960 ( <https:\/\/github.com\/terraform-linters\/tflint\/pull\/960> ) : Bump <http:\/\/github.com\/zclconf\/go-cty|github.com\/zclconf\/go-cty> from 1.6.1 to 1.7.0\n\n* #961 ( <https:\/\/github.com\/terraform-linters\/tflint\/pull\/961> ) : Bump <http:\/\/github.com\/hashicorp\/terraform|github.com\/hashicorp\/terraform> from 0.13.4 to 0.13.5\n\n* #964 ( <https:\/\/github.com\/terraform-linters\/tflint\/pull\/964> ) : Bump <http:\/\/github.com\/fatih\/color|github.com\/fatih\/color> from 1.9.0 to 1.10.0\n\n* #966 ( <https:\/\/github.com\/terraform-linters\/tflint\/pull\/966> ) #970 ( <https:\/\/github.com\/terraform-linters\/tflint\/pull\/970> ) #978 ( <https:\/\/github.com\/terraform-linters\/tflint\/pull\/978> ) : Bump <http:\/\/github.com\/hashicorp\/terraform-plugin-sdk\/v2|github.com\/hashicorp\/terraform-plugin-sdk\/v2> from 2.0.4 to 2.3.0\n\n* #968 ( <https:\/\/github.com\/terraform-linters\/tflint\/pull\/968> ) : Bump <http:\/\/github.com\/hashicorp\/go-plugin|github.com\/hashicorp\/go-plugin> from 1.3.0 to 1.4.0\n\n* #971 ( <https:\/\/github.com\/terraform-linters\/tflint\/pull\/971> ) : Bump actions\/cache from v2.1.2 to v2.1.3\n\n* #972 ( <https:\/\/github.com\/terraform-linters\/tflint\/pull\/972> ) : Bump <http:\/\/github.com\/google\/go-cmp|github.com\/google\/go-cmp> from 0.5.2 to 0.5.3\n\n* #977 ( <https:\/\/github.com\/terraform-linters\/tflint\/pull\/977> ) : chore: Allow \"latest\" as TFLINT_VERSION in the installation script ( @wata727 ( <https:\/\/github.com\/wata727> ) )\n```\n<https:\/\/newreleases.io\/github\/terraform-linters\/tflint?version=v0.21.0|release note...>",
                "title": "terraform-linters\/tflint on GitHub",
                "id": 1,
                "title_link": "https:\/\/newreleases.io\/github\/terraform-linters\/tflint",
                "mrkdwn_in": [
                    "text"
                ]
            }
        ]
    },
    {
        "type": "message",
        "subtype": "bot_message",
        "text": "",
        "ts": "1606181899.009300",
        "bot_id": "BG2UDF0NA",
        "attachments": [
            {
                "fallback": "hashicorp\/terraform-provider-aws on GitHub\nv3.17.0",
                "text": "`v3.17.0`",
                "title": "hashicorp\/terraform-provider-aws on GitHub",
                "id": 1,
                "title_link": "https:\/\/newreleases.io\/github\/hashicorp\/terraform-provider-aws",
                "mrkdwn_in": [
                    "text"
                ]
            }
        ]
    },
    {
        "type": "message",
        "subtype": "bot_message",
        "text": "",
        "ts": "1606182551.009400",
        "bot_id": "BG2UDF0NA",
        "attachments": [
            {
                "fallback": "hashicorp\/terraform-provider-aws on GitHub\nv3.17.0v3.17.0 updated\nrelease note: <https:\/\/newreleases.io\/github\/hashicorp\/terraform-provider-aws?version=v3.17.0>",
                "text": "*v3.17.0* `v3.17.0` _updated_\n```\nFEATURES\n\n* *New Data Source:* aws_lambda_code_signing_config ( #16384 ( <https:\/\/github.com\/hashicorp\/terraform-provider-aws\/issues\/16384> ) )\n\n* *New Data Source:* aws_signer_signing_job ( #16383 ( <https:\/\/github.com\/hashicorp\/terraform-provider-aws\/issues\/16383> ) )\n\n* *New Data Source:* aws_signer_signing_profile ( #16383 ( <https:\/\/github.com\/hashicorp\/terraform-provider-aws\/issues\/16383> ) )\n\n* *New Resource:* aws_lambda_code_signing_config ( #16384 ( <https:\/\/github.com\/hashicorp\/terraform-provider-aws\/issues\/16384> ) )\n\n* *New Resource:* aws_signer_signing_job ( #16383 ( <https:\/\/github.com\/hashicorp\/terraform-provider-aws\/issues\/16383> ) )\n\n* *New Resource:* aws_signer_signing_profile ( #16383 ( <https:\/\/github.com\/hashicorp\/terraform-provider-aws\/issues\/16383> ) )\n\n* *New Resource:* aws_signer_signing_profile_permission ( #16383 ( <https:\/\/github.com\/hashicorp\/terraform-provider-aws\/issues\/16383> ) )\n\nENHANCEMENTS\n\n* data-source\/aws_lambda_function: Add code_signing_config_arn , signing_profile_version_arn , and signing_job_arn attributes ( #16384 ( <https:\/\/github.com\/hashicorp\/terraform-provider-aws\/issues\/16384> ) )\n\n* data-source\/aws_lambda_layer_version: Add signing_profile_version_arn and signing_job_arn attributes ( #16384 ( <https:\/\/github.com\/hashicorp\/terraform-provider-aws\/issues\/16384> ) )\n\n* resource\/aws_accessanalyzer_analyzer: Adds plan time validation to analyzer_name ( #16265 ( <https:\/\/github.com\/hashicorp\/terraform-provider-aws\/issues\/16265> ) )\n\n* resource\/aws_accessanalyzer_analyzer: Adds plan time validation to analyzer_name ( #16265 ( <https:\/\/github.com\/hashicorp\/terraform-provider-aws\/issues\/16265> ) )\n\n* resource\/aws_fsx_windows_file_system: Support updating throughput_capacity and storage_capacity ( #15582 ( <https:\/\/github.com\/hashicorp\/terraform-provider-aws\/issues\/15582> ) )\n\n* resource\/aws_glue_catalog_table: Add partition index support ( #16194 ( <https:\/\/github.com\/hashicorp\/terraform-provider-aws\/issues\/16194> ) )\n\n* resource\/aws_lambda_function: Add code_signing_config_arn argument and signing_profile_version_arn and signing_job_arn attributes ( #16384 ( <https:\/\/github.com\/hashicorp\/terraform-provider-aws\/issues\/16384> ) )\n\n* resource\/aws_lambda_layer_version: Add signing_profile_version_arn and signing_job_arn attributes ( #16384 ( <https:\/\/github.com\/hashicorp\/terraform-provider-aws\/issues\/16384> ) )\n\n* resource\/aws_storagegateway_nfs_file_share: Add support for notification_policy. ( #16340 ( <https:\/\/github.com\/hashicorp\/terraform-provider-aws\/issues\/16340> ) )\n\n* resource\/aws_storagegateway_nfs_file_share: Add plan time validation for client_list , nfs_file_share_defaults. directory_mode , nfs_file_share_defaults. file_mode , nfs_file_share_defaults. group_id , nfs_file_share_defaults. owner_id ( #16340 ( <https:\/\/github.com\/hashicorp\/terraform-provider-aws\/issues\/16340> ) )\n\n* resource\/aws_workspaces_directory: Allows assigning IP group ( #14451 ( <https:\/\/github.com\/hashicorp\/terraform-provider-aws\/issues\/14451> ) )\n\nBUG FIXES\n\n* resource\/aws_fsx_windows_file_system: Update the default creation timeout from 30 to 45 minutes ( #16363 ( <https:\/\/github.com\/hashicorp\/terraform-provider-aws\/issues\/16363> ) )\n\n* resource\/aws_lb: Fix enable_cross_zone_load_balancing argument handling with Gateway Load Balancers ( #16314 ( <https:\/\/github.com\/hashicorp\/terraform-provider-aws\/issues\/16314> ) )\n```\n<https:\/\/newreleases.io\/github\/hashicorp\/terraform-provider-aws?version=v3.17.0|release note...>",
                "title": "hashicorp\/terraform-provider-aws on GitHub",
                "id": 1,
                "title_link": "https:\/\/newreleases.io\/github\/hashicorp\/terraform-provider-aws",
                "mrkdwn_in": [
                    "text"
                ]
            }
        ]
    }
]