[
    {
        "type": "message",
        "subtype": "bot_message",
        "text": "",
        "ts": "1636991962.005200",
        "bot_id": "B01D39EAGTT",
        "attachments": [
            {
                "fallback": "hashicorp\/terraform-provider-google on GitHub\nv4.1.0",
                "text": "`v4.1.0`",
                "title": "hashicorp\/terraform-provider-google on GitHub",
                "id": 1,
                "title_link": "https:\/\/newreleases.io\/github\/hashicorp\/terraform-provider-google",
                "mrkdwn_in": [
                    "text"
                ]
            }
        ]
    },
    {
        "type": "message",
        "subtype": "bot_message",
        "text": "",
        "ts": "1637001868.005300",
        "bot_id": "B01D39EAGTT",
        "attachments": [
            {
                "fallback": "hashicorp\/terraform-provider-google on GitHub\nv4.1.0v4.1.0 updated\nrelease note: <https:\/\/newreleases.io\/github\/hashicorp\/terraform-provider-google?version=v4.1.0>",
                "text": "*v4.1.0* `v4.1.0` _updated_\n```\nIMPROVEMENTS:\n\n* cloudrun: Added support for secrets to GA provider. ( #10519 ( <https:\/\/github.com\/hashicorp\/terraform-provider-google\/pull\/10519> ) )\n\n* compute: Added bfd to google_compute_router_peer ( #10487 ( <https:\/\/github.com\/hashicorp\/terraform-provider-google\/pull\/10487> ) )\n\n* container: added gcfs_config to node_config of google_container_node_pool resource ( #10499 ( <https:\/\/github.com\/hashicorp\/terraform-provider-google\/pull\/10499> ) )\n\n* container: promoted confidential_nodes field in google_container_cluster to GA ( #10531 ( <https:\/\/github.com\/hashicorp\/terraform-provider-google\/pull\/10531> ) )\n\n* provider: added retries for the resourceNotReady error returned when attempting to add resources to a recently-modified subnetwork ( #10498 ( <https:\/\/github.com\/hashicorp\/terraform-provider-google\/pull\/10498> ) )\n\n* pubsub: added message_retention_duration field to google_pubsub_topic ( #10501 ( <https:\/\/github.com\/hashicorp\/terraform-provider-google\/pull\/10501> ) )\n\nBUG FIXES:\n\n* apigee: fixed a bug where multiple google_apigee_instance_attachment could not be used on the same google_apigee_instance ( #10520 ( <https:\/\/github.com\/hashicorp\/terraform-provider-google\/pull\/10520> ) )\n\n* bigquery: fixed a bug following import where schema is empty on google_bigquery_table ( #10521 ( <https:\/\/github.com\/hashicorp\/terraform-provider-google\/pull\/10521> ) )\n\n* billingbudget: fixed unable to provide labels on google_billing_budget ( #10490 ( <https:\/\/github.com\/hashicorp\/terraform-provider-google\/pull\/10490> ) )\n\n* compute: allowed source_disk to accept full image path on google_compute_snapshot ( #10516 ( <https:\/\/github.com\/hashicorp\/terraform-provider-google\/pull\/10516> ) )\n\n* compute: fixed a bug in google_compute_firewall that would cause changes in source_ranges to not correctly be applied ( #10515 ( <https:\/\/github.com\/hashicorp\/terraform-provider-google\/pull\/10515> ) )\n\n* logging: fixed a bug with updating description on google_logging_project_sink , google_logging_folder_sink and google_logging_organization_sink ( #10493 ( <https:\/\/github.com\/hashicorp\/terraform-provider-google\/pull\/10493> ) )\n```\n<https:\/\/newreleases.io\/github\/hashicorp\/terraform-provider-google?version=v4.1.0|release note...>",
                "title": "hashicorp\/terraform-provider-google on GitHub",
                "id": 1,
                "title_link": "https:\/\/newreleases.io\/github\/hashicorp\/terraform-provider-google",
                "mrkdwn_in": [
                    "text"
                ]
            }
        ]
    },
    {
        "type": "message",
        "subtype": "bot_message",
        "text": "",
        "ts": "1637036809.005500",
        "bot_id": "B01D39EAGTT",
        "attachments": [
            {
                "fallback": "hashicorp\/packer on GitHub\nnightlynightly pre-release, updated\nrelease note: <https:\/\/newreleases.io\/github\/hashicorp\/packer?version=nightly>",
                "text": "*nightly* `nightly` _pre-release_, _updated_\n```\nNightly releases are snapshots of the development activity on the Packer project that may include new features and bug fixes scheduled for upcoming releases ( <https:\/\/github.com\/hashicorp\/packer\/milestones> ). These releases are made available to make it easier for users to test their existing build configurations against the latest Packer code base for potential issues or to experiment with new features, with a chance to provide feedback on ways to improve the changes before being released.\n\nAs these releases are snapshots of the latest code, you may encounter an issue compared to the latest stable release so users are encouraged to run nightly releases in a non production environment. If you encounter an issue, please check our issue tracker ( <https:\/\/github.com\/hashicorp\/packer\/issues> ) to see if the issue has already been reported; if a report hasn't been made, please report it so we can review the issue and make any needed fixes.\n\n*Note* : Nightly releases are only available via GitHub; distribution via Homebrew, Docker, or Chocolatey is not supported.\n```\n<https:\/\/newreleases.io\/github\/hashicorp\/packer?version=nightly|release note...>",
                "title": "hashicorp\/packer on GitHub",
                "id": 1,
                "title_link": "https:\/\/newreleases.io\/github\/hashicorp\/packer",
                "mrkdwn_in": [
                    "text"
                ]
            }
        ]
    }
]