[
    {
        "type": "message",
        "subtype": "bot_message",
        "text": "",
        "ts": "1635986226.002300",
        "bot_id": "B01D39EAGTT",
        "attachments": [
            {
                "fallback": "hashicorp\/terraform on GitHub\nv1.1.0-beta1v1.1.0-beta1 pre-release\nrelease note: <https:\/\/newreleases.io\/github\/hashicorp\/terraform?version=v1.1.0-beta1>",
                "text": "*v1.1.0-beta1* `v1.1.0-beta1` _pre-release_\n<https:\/\/newreleases.io\/github\/hashicorp\/terraform?version=v1.1.0-beta1|release note...>",
                "title": "hashicorp\/terraform on GitHub",
                "id": 1,
                "title_link": "https:\/\/newreleases.io\/github\/hashicorp\/terraform",
                "mrkdwn_in": [
                    "text"
                ]
            }
        ]
    }
]