[
    {
        "type": "message",
        "subtype": "bot_message",
        "text": "",
        "ts": "1635816518.001600",
        "bot_id": "B01D39EAGTT",
        "attachments": [
            {
                "fallback": "hashicorp\/consul on GitHub\nv1.11.0-beta2v1.11.0-beta2 pre-release\nrelease note: <https:\/\/newreleases.io\/github\/hashicorp\/consul?version=v1.11.0-beta2>",
                "text": "*v1.11.0-beta2* `v1.11.0-beta2` _pre-release_\n```\n--------------------------------\n1.11.0-beta2 (November 02, 2021)\n--------------------------------\n\nBREAKING CHANGES:\n\n* acl: The legacy ACL system that was deprecated in Consul 1.4.0 has been removed. Before upgrading you should verify that nothing is still using the legacy ACL system. See the Migrate Legacy ACL Tokens Learn Guide ( <https:\/\/learn.hashicorp.com\/tutorials\/consul\/access-control-token-migration> ) for more information. [ GH-11232 ( <https:\/\/github.com\/hashicorp\/consul\/issues\/11232> ) ]\n\nIMPROVEMENTS:\n\n* agent: for various \/v1\/agent endpoints parse the partition parameter on the request [ GH-11444 ( <https:\/\/github.com\/hashicorp\/consul\/issues\/11444> ) ]\n\n* agent: refactor the agent delegate interface to be partition friendly [ GH-11429 ( <https:\/\/github.com\/hashicorp\/consul\/issues\/11429> ) ]\n\n* cli: Add -cas and -modify-index flags to the consul config delete command to support Check-And-Set (CAS) deletion of config entries [ GH-11419 ( <https:\/\/github.com\/hashicorp\/consul\/issues\/11419> ) ]\n\n* cli: update consul members output to display partitions and sort the results usefully [ GH-11446 ( <https:\/\/github.com\/hashicorp\/consul\/issues\/11446> ) ]\n\n* config: Allow ${} style interpolation for UI Dashboard template URLs [ GH-11328 ( <https:\/\/github.com\/hashicorp\/consul\/issues\/11328> ) ]\n\n* config: Support Check-And-Set (CAS) deletion of config entries [ GH-11419 ( <https:\/\/github.com\/hashicorp\/consul\/issues\/11419> ) ]\n\n* connect: *(Enterprise only)* add support for dialing upstreams in remote partitions through mesh gateways. [ GH-11431 ( <https:\/\/github.com\/hashicorp\/consul\/issues\/11431> ) ]\n\n* connect: *(Enterprise only)* updates ServiceRead and NodeRead to account for the partition-exports config entry. [ GH-11433 ( <https:\/\/github.com\/hashicorp\/consul\/issues\/11433> ) ]\n\n* connect: ingress gateways may now enable built-in TLS for a subset of listeners. [ GH-11163 ( <https:\/\/github.com\/hashicorp\/consul\/issues\/11163> ) ]\n\n* connect: service-resolver subset filters are validated for valid go-bexpr syntax on write [ GH-11293 ( <https:\/\/github.com\/hashicorp\/consul\/issues\/11293> ) ]\n\n* connect: update supported envoy versions to 1.20.0, 1.19.1, 1.18.4, 1.17.4 [ GH-11277 ( <https:\/\/github.com\/hashicorp\/consul\/issues\/11277> ) ]\n\nDEPRECATIONS:\n\n* tls: With the upgrade to Go 1.17, the ordering of tls_cipher_suites will no longer be honored, and tls_prefer_server_cipher_suites is now ignored. [ GH-11364 ( <https:\/\/github.com\/hashicorp\/consul\/issues\/11364> ) ]\n\nBUG FIXES:\n\n* api: fixed backwards compatibility issue with AgentService SocketPath field. [ GH-11318 ( <https:\/\/github.com\/hashicorp\/consul\/issues\/11318> ) ]\n\n* dns: Fixed an issue where on DNS requests made with .alt_domain response was returned as .domain [ GH-11348 ( <https:\/\/github.com\/hashicorp\/consul\/issues\/11348> ) ]\n\n* raft: do not trigger an election if not part of the servers list. [ GH-11375 ( <https:\/\/github.com\/hashicorp\/consul\/issues\/11375> ) ]\n\n* rpc: only attempt to authorize the DNSName in the client cert when verify_incoming_rpc=true [ GH-11255 ( <https:\/\/github.com\/hashicorp\/consul\/issues\/11255> ) ]\n\n* telemetry: fixes a bug with Prometheus consul_autopilot_failure_tolerance metric where 0 is reported instead of NaN on follower servers. [ GH-11399 ( <https:\/\/github.com\/hashicorp\/consul\/issues\/11399> ) ]\n\n* ui: Ensure dc selector correctly shows the currently selected dc [ GH-11380 ( <https:\/\/github.com\/hashicorp\/consul\/issues\/11380> ) ]\n\n* ui: Ensure we filter tokens by policy when showing which tokens use a certain\npolicy whilst editing a policy [ GH-11311 ( <https:\/\/github.com\/hashicorp\/consul\/issues\/11311> ) ]\n```\n<https:\/\/newreleases.io\/github\/hashicorp\/consul?version=v1.11.0-beta2|release note...>",
                "title": "hashicorp\/consul on GitHub",
                "id": 1,
                "title_link": "https:\/\/newreleases.io\/github\/hashicorp\/consul",
                "mrkdwn_in": [
                    "text"
                ]
            }
        ]
    }
]