[
    {
        "type": "message",
        "subtype": "bot_message",
        "text": "",
        "ts": "1637883382.007200",
        "bot_id": "B01D39EAGTT",
        "attachments": [
            {
                "fallback": "hashicorp\/terraform-provider-aws on GitHub\nv3.67.0v3.67.0 \nrelease note: <https:\/\/newreleases.io\/github\/hashicorp\/terraform-provider-aws?version=v3.67.0>",
                "text": "*v3.67.0* `v3.67.0` \n<https:\/\/newreleases.io\/github\/hashicorp\/terraform-provider-aws?version=v3.67.0|release note...>",
                "title": "hashicorp\/terraform-provider-aws on GitHub",
                "id": 1,
                "title_link": "https:\/\/newreleases.io\/github\/hashicorp\/terraform-provider-aws",
                "mrkdwn_in": [
                    "text"
                ]
            }
        ]
    }
]