[
    {
        "type": "message",
        "subtype": "bot_message",
        "text": "",
        "ts": "1570115282.002700",
        "bot_id": "BG2UDF0NA",
        "attachments": [
            {
                "fallback": "terraform-providers\/terraform-provider-aws on GitHub\nv2.31.0",
                "text": "`v2.31.0`",
                "title": "terraform-providers\/terraform-provider-aws on GitHub",
                "id": 1,
                "title_link": "https:\/\/newreleases.io\/github\/terraform-providers\/terraform-provider-aws",
                "mrkdwn_in": [
                    "text"
                ]
            }
        ]
    },
    {
        "type": "message",
        "subtype": "bot_message",
        "text": "",
        "ts": "1570117477.002800",
        "bot_id": "BG2UDF0NA",
        "attachments": [
            {
                "fallback": "terraform-providers\/terraform-provider-aws on GitHub\nv2.31.0v2.31.0 updated\nrelease note: <https:\/\/newreleases.io\/github\/terraform-providers\/terraform-provider-aws?version=v2.31.0>",
                "text": "*v2.31.0* `v2.31.0` _updated_\n```\nNOTES:\n\n* resource\/aws_lambda_function: Environments using Lambda functions with VPC configurations should upgrade their Terraform AWS Provider to this version or later to appropriately handle the networking changes introduced by the improved VPC networking for AWS Lambda functions ( <https:\/\/aws.amazon.com\/blogs\/compute\/announcing-improved-vpc-networking-for-aws-lambda-functions\/> ) deployment. These changes prevent proper deletion of EC2 Subnets and Security Groups for accounts and regions updated to the new Lambda networking infrastructure in older versions of the Terraform AWS Provider. Additional information and configuration workarounds for prior versions can be found in this GitHub issue ( <https:\/\/github.com\/terraform-providers\/terraform-provider-aws\/issues\/10329> ).\n\nENHANCEMENTS:\n\n* data-source\/aws_eks_cluster: Add tags attribute ( #10307 ( <https:\/\/github.com\/terraform-providers\/terraform-provider-aws\/issues\/10307> ) )\n\n* resource\/aws_efs_filesystem: Support tag-on-create ( #10254 ( <https:\/\/github.com\/terraform-providers\/terraform-provider-aws\/issues\/10254> ) )\n\n* resource\/aws_eks_cluster: Add tags argument ( #10307 ( <https:\/\/github.com\/terraform-providers\/terraform-provider-aws\/issues\/10307> ) )\n\n* resource\/aws_mq_broker: Add encryption_options configuration block (support AWS and customer managed KMS CMKs) ( #10276 ( <https:\/\/github.com\/terraform-providers\/terraform-provider-aws\/issues\/10276> ) )\n\nBUG FIXES:\n\n* resource\/aws_lb_listener_certificate: Retry CertificateNotFound errors on creation for eventual consistency ( #10294 ( <https:\/\/github.com\/terraform-providers\/terraform-provider-aws\/issues\/10294> ) )\n\n* resource\/aws_s3_bucket_object: Fix object deletion for non-versioned objects ( #10352 ( <https:\/\/github.com\/terraform-providers\/terraform-provider-aws\/issues\/10352> ) )\n\n* resource\/aws_security_group: Handle updated ENI description and longer deletion timeframe for new Lambda Hyperplane ENIs ( #10114 ( <https:\/\/github.com\/terraform-providers\/terraform-provider-aws\/issues\/10114> ) ] \/ [ #10347 ( <https:\/\/github.com\/terraform-providers\/terraform-provider-aws\/issues\/10347> ) )\n\n* resource\/aws_subnet: Handle updated ENI description and longer deletion timeframe for new Lambda Hyperplane ENIs ( #10114 ( <https:\/\/github.com\/terraform-providers\/terraform-provider-aws\/issues\/10114> ) ] \/ [ #10347 ( <https:\/\/github.com\/terraform-providers\/terraform-provider-aws\/issues\/10347> ) )\n\n* resource\/aws_vpc_peering_connection: Ensure allow_remote_vpc_dns_resolution usage works with inter-region peering ( #7627 ( <https:\/\/github.com\/terraform-providers\/terraform-provider-aws\/issues\/7627> ) )\n\n* resource\/aws_vpc_peering_connection_accepter: Ensure allow_remote_vpc_dns_resolution usage works with inter-region peering ( #7627 ( <https:\/\/github.com\/terraform-providers\/terraform-provider-aws\/issues\/7627> ) )\n\n* resource\/aws_vpc_peering_connection_options: Ensure allow_remote_vpc_dns_resolution usage works with inter-region peering ( #7627 ( <https:\/\/github.com\/terraform-providers\/terraform-provider-aws\/issues\/7627> ) )\n\n* resource\/aws_wafregional_web_acl_association: Ensure missing resource triggers state removal ( #10216 ( <https:\/\/github.com\/terraform-providers\/terraform-provider-aws\/issues\/10216> ) )\n\n* service\/waf: Prevent incorrect Error getting WAF change token errors for API calls that should be retried or specially handled ( #10242 ( <https:\/\/github.com\/terraform-providers\/terraform-provider-aws\/issues\/10242> ) )\n\n* service\/wafregional: Prevent incorrect Error getting WAF regional change token errors for API calls that should be retried or specially handled ( #10242 ( <https:\/\/github.com\/terraform-providers\/terraform-provider-aws\/issues\/10242> ) )\n```\n<https:\/\/newreleases.io\/github\/terraform-providers\/terraform-provider-aws?version=v2.31.0|release note...>",
                "title": "terraform-providers\/terraform-provider-aws on GitHub",
                "id": 1,
                "title_link": "https:\/\/newreleases.io\/github\/terraform-providers\/terraform-provider-aws",
                "mrkdwn_in": [
                    "text"
                ]
            }
        ]
    },
    {
        "type": "message",
        "subtype": "bot_message",
        "text": "",
        "ts": "1570152526.002900",
        "bot_id": "BG2UDF0NA",
        "attachments": [
            {
                "fallback": "ansible\/ansible on GitHub\nv2.9.0rc2",
                "text": "`v2.9.0rc2`",
                "title": "ansible\/ansible on GitHub",
                "id": 1,
                "title_link": "https:\/\/newreleases.io\/github\/ansible\/ansible",
                "mrkdwn_in": [
                    "text"
                ]
            }
        ]
    },
    {
        "type": "message",
        "subtype": "bot_message",
        "text": "",
        "ts": "1570165491.003000",
        "bot_id": "BG2UDF0NA",
        "attachments": [
            {
                "fallback": "hashicorp\/terraform-github-actions on GitHub\nv0.4.2v0.4.2",
                "text": "*v0.4.2* `v0.4.2`",
                "title": "hashicorp\/terraform-github-actions on GitHub",
                "id": 1,
                "title_link": "https:\/\/newreleases.io\/github\/hashicorp\/terraform-github-actions",
                "mrkdwn_in": [
                    "text"
                ]
            }
        ]
    }
]