[
    {
        "type": "message",
        "subtype": "bot_message",
        "text": "",
        "ts": "1570883294.000500",
        "bot_id": "BG2UDF0NA",
        "attachments": [
            {
                "fallback": "wata727\/tflint on GitHub\nv0.12.1",
                "text": "`v0.12.1`",
                "title": "wata727\/tflint on GitHub",
                "id": 1,
                "title_link": "https:\/\/newreleases.io\/github\/wata727\/tflint",
                "mrkdwn_in": [
                    "text"
                ]
            }
        ]
    },
    {
        "type": "message",
        "subtype": "bot_message",
        "text": "",
        "ts": "1570884753.000600",
        "bot_id": "BG2UDF0NA",
        "attachments": [
            {
                "fallback": "wata727\/tflint on GitHub\nv0.12.1v0.12.1 updated\nrelease note: <https:\/\/newreleases.io\/github\/wata727\/tflint?version=v0.12.1>",
                "text": "*v0.12.1* `v0.12.1` _updated_\n```\n-------------------\n0.12.1 (2019-10-12)\n-------------------\n\nGPG key ID: 8CE69160EB3F2FE9\n\nEnhancements\n------------\n\n* #467 ( <https:\/\/github.com\/wata727\/tflint\/pull\/467> ) : Bump <http:\/\/github.com\/mattn\/go-colorable|github.com\/mattn\/go-colorable> from 0.1.2 to 0.1.4\n\n* #476 ( <https:\/\/github.com\/wata727\/tflint\/pull\/476> ) : Bump <http:\/\/github.com\/hashicorp\/aws-sdk-go-base|github.com\/hashicorp\/aws-sdk-go-base> from 0.3.0 to 0.4.0\n\n* #482 ( <https:\/\/github.com\/wata727\/tflint\/pull\/482> ) : TFLint is now compatible with Terraform v0.12.10\n\n* See <https:\/\/github.com\/hashicorp\/terraform\/releases\/tag\/v0.12.10>\n\n* Support new built-in functions: parseint and cidrsubnets\n\n* #484 ( <https:\/\/github.com\/wata727\/tflint\/pull\/484> ) : Bump terraform-provider-aws from v2.30.0 to v2.32.0\n\nChores\n------\n\n* #471 ( <https:\/\/github.com\/wata727\/tflint\/pull\/471> ) : Bump TFLint version in issue template ( @abitrolly ( <https:\/\/github.com\/abitrolly> ) )\n\n* #474 ( <https:\/\/github.com\/wata727\/tflint\/pull\/474> ) : Switch to HCL 2.0 in the HCL repository ( @explodingcamera ( <https:\/\/github.com\/explodingcamera> ) )\n\n* #487 ( <https:\/\/github.com\/wata727\/tflint\/pull\/487> ) : Test tools in GitHub Actions\n```\n<https:\/\/newreleases.io\/github\/wata727\/tflint?version=v0.12.1|release note...>",
                "title": "wata727\/tflint on GitHub",
                "id": 1,
                "title_link": "https:\/\/newreleases.io\/github\/wata727\/tflint",
                "mrkdwn_in": [
                    "text"
                ]
            }
        ]
    }
]