[
    {
        "type": "message",
        "subtype": "bot_message",
        "text": "",
        "ts": "1554231971.000100",
        "bot_id": "BG2UDF0NA",
        "attachments": [
            {
                "fallback": "cloudposse\/terraform-aws-alb-ingress on GitHub\n0.5.0 Add `hosts` and `paths` with and without authentication0.5.0\nrelease note: <https:\/\/newreleases.io\/github\/cloudposse\/terraform-aws-alb-ingress?version=0.5.0>",
                "text": "*0.5.0 Add `hosts` and `paths` with and without authentication* `0.5.0`\n```\n----\nwhat\n----\n\n* Add hosts and paths with and without authentication\n\n---\nwhy\n---\n\n* Some applications deployed on ECS, e.g. atlantis , require authentication on all paths except for the webhook callback URLs (e..g. \/events ). This update allows specifying separate paths and hosts without authentication and with authentication (to which the authentication action will be assigned) with different priorities\n```\n<https:\/\/newreleases.io\/github\/cloudposse\/terraform-aws-alb-ingress?version=0.5.0|release note...>",
                "title": "cloudposse\/terraform-aws-alb-ingress on GitHub",
                "id": 1,
                "title_link": "https:\/\/newreleases.io\/github\/cloudposse\/terraform-aws-alb-ingress",
                "mrkdwn_in": [
                    "text"
                ]
            }
        ]
    }
]