[
    {
        "type": "message",
        "subtype": "bot_message",
        "text": "",
        "ts": "1554309442.000300",
        "bot_id": "BG2UDF0NA",
        "attachments": [
            {
                "fallback": "wata727\/tflint on GitHub\nv0.7.5\nrelease note: <https:\/\/newreleases.io\/github\/wata727\/tflint?version=v0.7.5>",
                "text": "`v0.7.5`\n```\n------------------\n0.7.5 (2019-04-03)\n------------------\n\nEnhancements\n------------\n\n* Update RDS DB size list ( #269 ( <https:\/\/github.com\/wata727\/tflint\/pull\/269> ) )\n\n* Add M5 and R5 families to ElastiCache ( #270 ( <https:\/\/github.com\/wata727\/tflint\/pull\/270> ) )\n\nOthers\n------\n\n* Add go report card ( #261 ( <https:\/\/github.com\/wata727\/tflint\/pull\/261> ) )\n\n* automate the installation of tflint on linux ( #267 ( <https:\/\/github.com\/wata727\/tflint\/pull\/267> ) )\n```\n<https:\/\/newreleases.io\/github\/wata727\/tflint?version=v0.7.5|release note...>",
                "title": "wata727\/tflint on GitHub",
                "id": 1,
                "title_link": "https:\/\/newreleases.io\/github\/wata727\/tflint",
                "mrkdwn_in": [
                    "text"
                ]
            }
        ]
    },
    {
        "type": "message",
        "subtype": "bot_message",
        "text": "",
        "ts": "1554311658.000400",
        "bot_id": "BG2UDF0NA",
        "attachments": [
            {
                "fallback": "terraform-providers\/terraform-provider-azurerm on GitHub\nv1.24.0",
                "text": "`v1.24.0`",
                "title": "terraform-providers\/terraform-provider-azurerm on GitHub",
                "id": 1,
                "title_link": "https:\/\/newreleases.io\/github\/terraform-providers\/terraform-provider-azurerm",
                "mrkdwn_in": [
                    "text"
                ]
            }
        ]
    },
    {
        "type": "message",
        "subtype": "bot_message",
        "text": "",
        "ts": "1554312861.000500",
        "bot_id": "BG2UDF0NA",
        "attachments": [
            {
                "fallback": "terraform-providers\/terraform-provider-azurerm on GitHub\nv1.24.0 updated",
                "text": "`v1.24.0` _updated_",
                "title": "terraform-providers\/terraform-provider-azurerm on GitHub",
                "id": 1,
                "title_link": "https:\/\/newreleases.io\/github\/terraform-providers\/terraform-provider-azurerm",
                "mrkdwn_in": [
                    "text"
                ]
            }
        ]
    }
]