[
    {
        "client_msg_id": "6d0fd1c2-e955-4065-b085-1b8ee793f9a8",
        "type": "message",
        "text": "ちょいちょいある\n<https:\/\/twitter.com\/sogaoh\/status\/1354322128145772546>",
        "user": "UFT60TQCQ",
        "ts": "1611730632.000500",
        "team": "TFU0BKCQP",
        "user_team": "TFU0BKCQP",
        "source_team": "TFU0BKCQP",
        "user_profile": {
            "avatar_hash": "f10ceef4e6f6",
            "image_72": "https:\/\/avatars.slack-edge.com\/2019-01-31\/539093872183_f10ceef4e6f603f1f094_72.jpg",
            "first_name": "sogaoh",
            "real_name": "sogaoh",
            "display_name": "",
            "team": "TFU0BKCQP",
            "name": "sogaoh",
            "is_restricted": false,
            "is_ultra_restricted": false
        },
        "attachments": [
            {
                "fallback": "<https:\/\/twitter.com\/sogaoh|@sogaoh>: むむっ、hashicorp\/bitbucket -&gt; terraform-providers\/bitbucket と言われて、要は 0.13.6 だと #bitbucket provider が使えぬ。。 #Terraform",
                "ts": 1611730532,
                "author_name": "央",
                "author_link": "https:\/\/twitter.com\/sogaoh\/status\/1354322128145772546",
                "author_icon": "https:\/\/pbs.twimg.com\/profile_images\/1245373008425828352\/pzwbnHdn_normal.jpg",
                "author_subname": "@sogaoh",
                "text": "むむっ、hashicorp\/bitbucket -&gt; terraform-providers\/bitbucket と言われて、要は 0.13.6 だと #bitbucket provider が使えぬ。。 #Terraform",
                "service_name": "twitter",
                "service_url": "https:\/\/twitter.com\/",
                "from_url": "https:\/\/twitter.com\/sogaoh\/status\/1354322128145772546",
                "id": 1,
                "original_url": "https:\/\/twitter.com\/sogaoh\/status\/1354322128145772546",
                "footer": "Twitter",
                "footer_icon": "https:\/\/a.slack-edge.com\/80588\/img\/services\/twitter_pixel_snapped_32.png"
            }
        ],
        "blocks": [
            {
                "type": "rich_text",
                "block_id": "f2k",
                "elements": [
                    {
                        "type": "rich_text_section",
                        "elements": [
                            {
                                "type": "text",
                                "text": "ちょいちょいある\n"
                            },
                            {
                                "type": "link",
                                "url": "https:\/\/twitter.com\/sogaoh\/status\/1354322128145772546"
                            }
                        ]
                    }
                ]
            }
        ]
    }
]