[
    {
        "client_msg_id": "163c8af5-db1d-467c-9b58-56211e1c63d0",
        "type": "message",
        "text": "terraform registryのアナウンス出ましたね。見に行きましたがmodule検索にフィルタがついてすっきりした感が\n<https:\/\/www.hashicorp.com\/blog\/announcing-providers-in-the-new-terraform-registry\/>",
        "user": "UFTKSQ25T",
        "ts": "1579129760.017000",
        "team": "TFU0BKCQP",
        "user_team": "TFU0BKCQP",
        "source_team": "TFU0BKCQP",
        "user_profile": {
            "avatar_hash": "g0bffa2bb65a",
            "image_72": "https:\/\/secure.gravatar.com\/avatar\/10bffa2bb65aa200d991e14d6110f549.jpg?s=72&d=https%3A%2F%2Fa.slack-edge.com%2Fdf10d%2Fimg%2Favatars%2Fava_0016-72.png",
            "first_name": "",
            "real_name": "morihaya",
            "display_name": "",
            "team": "TFU0BKCQP",
            "name": "yukiya.hayashi",
            "is_restricted": false,
            "is_ultra_restricted": false
        },
        "attachments": [
            {
                "service_name": "HashiCorp: Infrastructure enables innovation",
                "title": "Announcing Providers in the New Terraform Registry",
                "title_link": "https:\/\/www.hashicorp.com\/blog\/announcing-providers-in-the-new-terraform-registry\/",
                "text": "Today, we’re excited to announce the beginnings of a new direction for the Registry. We're renaming it as the Terraform Registry and expanding it to include Terraform providers as ...",
                "fallback": "HashiCorp: Infrastructure enables innovation: Announcing Providers in the New Terraform Registry",
                "from_url": "https:\/\/www.hashicorp.com\/blog\/announcing-providers-in-the-new-terraform-registry\/",
                "service_icon": "https:\/\/www.datocms-assets.com\/2885\/1527033389-favicon.png?h=16&amp;w=16",
                "id": 1,
                "original_url": "https:\/\/www.hashicorp.com\/blog\/announcing-providers-in-the-new-terraform-registry\/"
            }
        ],
        "blocks": [
            {
                "type": "rich_text",
                "block_id": "lmDSt",
                "elements": [
                    {
                        "type": "rich_text_section",
                        "elements": [
                            {
                                "type": "text",
                                "text": "terraform registryのアナウンス出ましたね。見に行きましたがmodule検索にフィルタがついてすっきりした感が\n"
                            },
                            {
                                "type": "link",
                                "url": "https:\/\/www.hashicorp.com\/blog\/announcing-providers-in-the-new-terraform-registry\/"
                            }
                        ]
                    }
                ]
            }
        ],
        "reactions": [
            {
                "name": "tada",
                "users": [
                    "UGXFY0V88",
                    "UFU0BKD8F",
                    "UHS4SFFA7",
                    "UGW0ABZLG",
                    "UGXHYR44Q"
                ],
                "count": 5
            }
        ]
    },
    {
        "client_msg_id": "8d818b0f-8e4a-4120-98b4-4fed15322f4b",
        "type": "message",
        "text": "よく見るとドキュメントがバージョンニングされてるのうれしい\n<https:\/\/registry.terraform.io\/providers\/hashicorp\/aws\/2.43.0\/docs>",
        "user": "UHS4SFFA7",
        "ts": "1579137873.018100",
        "team": "TFU0BKCQP",
        "user_team": "TFU0BKCQP",
        "source_team": "TFU0BKCQP",
        "user_profile": {
            "avatar_hash": "gade34f8bdf1",
            "image_72": "https:\/\/secure.gravatar.com\/avatar\/5ade34f8bdf1b55c4ff82c11cf23cf42.jpg?s=72&d=https%3A%2F%2Fa.slack-edge.com%2Fdf10d%2Fimg%2Favatars%2Fava_0008-72.png",
            "first_name": "",
            "real_name": "minamijoyo",
            "display_name": "minamijoyo",
            "team": "TFU0BKCQP",
            "name": "minamijoyo",
            "is_restricted": false,
            "is_ultra_restricted": false
        },
        "blocks": [
            {
                "type": "rich_text",
                "block_id": "A4xS3",
                "elements": [
                    {
                        "type": "rich_text_section",
                        "elements": [
                            {
                                "type": "text",
                                "text": "よく見るとドキュメントがバージョンニングされてるのうれしい\n"
                            },
                            {
                                "type": "link",
                                "url": "https:\/\/registry.terraform.io\/providers\/hashicorp\/aws\/2.43.0\/docs"
                            }
                        ]
                    }
                ]
            }
        ],
        "reactions": [
            {
                "name": "naruhodo",
                "users": [
                    "UFTKSQ25T"
                ],
                "count": 1
            }
        ]
    }
]