[
    {
        "type": "message",
        "subtype": "bot_message",
        "text": "<https:\/\/www.reddit.com\/r\/Terraform\/comments\/kgqvxg\/project_structure_resources_waiting_to_provision\/|Project structure, resources waiting to provision, chicken and egg problems>\nHappy weekend Terraformers So I'm new to Terraform... Sorry for the long post.  TL;DR should I use few resources with no external dependencies or store everything by app in 1 project - how do I avoid chicken and egg? I originally setup a new Terraform project and added things as I went along as I found doco and blog posts so for example created a <http:\/\/main.tf|main.tf> file for main config (aws and terraform providers etc) <http:\/\/s3.tf|s3.tf> file to create a few buckets for some S3 hosting, <http:\/\/acm.tf|acm.tf> for creating an AWS...",
        "ts": "1608455201.117500",
        "username": "Terraform",
        "icons": {
            "image_48": "https:\/\/s3-us-west-2.amazonaws.com\/slack-files2\/bot_icons\/2019-02-12\/548785199618_48.png"
        },
        "bot_id": "BG3N7LG73",
        "attachments": [
            {
                "service_name": "reddit",
                "title": "Project structure, resources waiting to provision, chicken and egg problems",
                "title_link": "https:\/\/www.reddit.com\/r\/Terraform\/comments\/kgqvxg\/project_structure_resources_waiting_to_provision\/",
                "text": "Happy weekend Terraformers So I'm new to Terraform... Sorry for the long post. **TL;DR should I use few resources with no external dependencies...",
                "fallback": "reddit: Project structure, resources waiting to provision, chicken and egg problems",
                "thumb_url": "https:\/\/www.redditstatic.com\/new-icon.png",
                "from_url": "https:\/\/www.reddit.com\/r\/Terraform\/comments\/kgqvxg\/project_structure_resources_waiting_to_provision\/",
                "thumb_width": 256,
                "thumb_height": 256,
                "service_icon": "http:\/\/www.redditstatic.com\/desktop2x\/img\/favicon\/apple-icon-57x57.png",
                "id": 1,
                "original_url": "https:\/\/www.reddit.com\/r\/Terraform\/comments\/kgqvxg\/project_structure_resources_waiting_to_provision\/"
            }
        ],
        "edited": {
            "user": "BG3N7LG73",
            "ts": "1608455202.000000"
        }
    },
    {
        "type": "message",
        "subtype": "bot_message",
        "text": "<https:\/\/qiita.com\/neruneruo\/items\/35ec78f76edb170884e0|TerraformとCloudFormation間でリソース情報を連携する>\n<https:\/\/qiita.com\/#%E3%81%AF%E3%81%98%E3%82%81%E3%81%AB>はじめに\n\nCloudFormation も Terraform も素晴らしい IaC の実行環境だが、それぞれの間でリソース情報をやり取りしようとすると上手くいかないため、IaC やデプロイの設計が難しくなる。\n\nということで、設計をシンプルにするために Terraform から CloudFormation に対してリソース情報を渡す方法を検討した。\n\nなお、サンプルは分かりやすくするために CloudFormation を使っているが、そもそも CloudFormation でやれることは Terraform でも大体やれるので、あまり意味はない。実際の利用シーンとしては、SAM で CI\/CD をする場合にやむを得ず CloudFormation を使うということを想定してもらいたい。\n\n\n&lt;a...",
        "ts": "1608461801.117700",
        "username": "Terraformタグが付けられた新着記事 - Qiita",
        "icons": {
            "image_36": "https:\/\/a.slack-edge.com\/80588\/img\/services\/rss_36.png",
            "image_48": "https:\/\/a.slack-edge.com\/80588\/img\/services\/rss_48.png",
            "image_72": "https:\/\/a.slack-edge.com\/80588\/img\/services\/rss_72.png"
        },
        "bot_id": "BG3N7LG73",
        "attachments": [
            {
                "service_name": "Qiita",
                "title": "TerraformとCloudFormation間でリソース情報を連携する - Qiita",
                "title_link": "https:\/\/qiita.com\/neruneruo\/items\/35ec78f76edb170884e0",
                "text": "はじめに CloudFormation も Terraform も素晴らしい IaC の実行環境だが、それぞれの間でリソース情報をやり取りしようとすると上手くいかないため、IaC やデプロイの設計が難しくなる。 ということで、...",
                "fallback": "Qiita: TerraformとCloudFormation間でリソース情報を連携する - Qiita",
                "image_url": "https:\/\/qiita-user-contents.imgix.net\/https%3A%2F%2Fcdn.qiita.com%2Fassets%2Fpublic%2Farticle-ogp-background-1150d8b18a7c15795b701a55ae908f94.png?ixlib=rb-1.2.2&w=1200&mark=https%3A%2F%2Fqiita-user-contents.imgix.net%2F~text%3Fixlib%3Drb-1.2.2%26w%3D840%26h%3D380%26txt%3DTerraform%25E3%2581%25A8CloudFormation%25E9%2596%2593%25E3%2581%25A7%25E3%2583%25AA%25E3%2582%25BD%25E3%2583%25BC%25E3%2582%25B9%25E6%2583%2585%25E5%25A0%25B1%25E3%2582%2592%25E9%2580%25A3%25E6%2590%25BA%25E3%2581%2599%25E3%2582%258B%26txt-color%3D%2523333%26txt-font%3DHiragino%2520Sans%2520W6%26txt-size%3D54%26txt-clip%3Dellipsis%26txt-align%3Dcenter%252Cmiddle%26s%3D36e08f93bf059eacac578606b6bf32a4&mark-align=center%2Cmiddle&blend=https%3A%2F%2Fqiita-user-contents.imgix.net%2F~text%3Fixlib%3Drb-1.2.2%26w%3D840%26h%3D500%26txt%3D%2540neruneruo%26txt-color%3D%2523333%26txt-font%3DHiragino%2520Sans%2520W6%26txt-size%3D45%26txt-align%3Dright%252Cbottom%26s%3D0a897fb56a0410946e0f3f1cb6106bf0&blend-align=center%2Cmiddle&blend-mode=normal&s=20daf6141c4dbd23128b6e44e8d2c940",
                "from_url": "https:\/\/qiita.com\/neruneruo\/items\/35ec78f76edb170884e0",
                "image_width": 476,
                "image_height": 250,
                "image_bytes": 49561,
                "service_icon": "https:\/\/cdn.qiita.com\/assets\/favicons\/public\/apple-touch-icon-ec5ba42a24ae923f16825592efdc356f.png",
                "id": 1,
                "original_url": "https:\/\/qiita.com\/neruneruo\/items\/35ec78f76edb170884e0"
            },
            {
                "service_name": "Qiita",
                "title": "プログラマの技術情報共有サービス - Qiita",
                "title_link": "https:\/\/qiita.com\/#%E3%81%AF%E3%81%98%E3%82%81%E3%81%AB",
                "text": "Qiitaは、プログラマのための技術情報共有サービスです。 プログラミングに関するTips、ノウハウ、メモを簡単に記録 &amp; 公開することができます。",
                "fallback": "Qiita: プログラマの技術情報共有サービス - Qiita",
                "thumb_url": "https:\/\/cdn.qiita.com\/assets\/qiita-fb-41f9429f13a8c56f50dd0ab477c80d26.png",
                "from_url": "https:\/\/qiita.com\/#%E3%81%AF%E3%81%98%E3%82%81%E3%81%AB",
                "thumb_width": 1200,
                "thumb_height": 630,
                "service_icon": "https:\/\/cdn.qiita.com\/assets\/favicons\/public\/apple-touch-icon-ec5ba42a24ae923f16825592efdc356f.png",
                "id": 2,
                "original_url": "https:\/\/qiita.com\/#%E3%81%AF%E3%81%98%E3%82%81%E3%81%AB"
            }
        ],
        "edited": {
            "user": "BG3N7LG73",
            "ts": "1608461801.000000"
        }
    },
    {
        "type": "message",
        "subtype": "bot_message",
        "text": "<https:\/\/www.reddit.com\/r\/Terraform\/comments\/kh4hs0\/shifting_cloud_security_left_scanning\/|Shifting Cloud Security Left — Scanning Infrastructure as Code for Security Issues>\nsubmitted by   <https:\/\/www.reddit.com\/user\/givemedimes| \/u\/givemedimes > \n<https:\/\/blog.christophetd.fr\/shifting-cloud-security-left-scanning-infrastructure-as-code-for-security-issues\/|[link]>   <https:\/\/www.reddit.com\/r\/Terraform\/comments\/kh4hs0\/shifting_cloud_security_left_scanning\/|[comments]>",
        "ts": "1608506204.117900",
        "username": "Terraform",
        "icons": {
            "image_48": "https:\/\/s3-us-west-2.amazonaws.com\/slack-files2\/bot_icons\/2019-02-12\/548785199618_48.png"
        },
        "bot_id": "BG3N7LG73",
        "attachments": [
            {
                "service_name": "reddit",
                "title": "Shifting Cloud Security Left — Scanning Infrastructure as Code for Security Issues",
                "title_link": "https:\/\/www.reddit.com\/r\/Terraform\/comments\/kh4hs0\/shifting_cloud_security_left_scanning\/",
                "text": "Posted in r\/Terraform by u\/givemedimes • 1 point and 0 comments",
                "fallback": "reddit: Shifting Cloud Security Left — Scanning Infrastructure as Code for Security Issues",
                "thumb_url": "https:\/\/a.thumbs.redditmedia.com\/nNqLxqPDpBMXMGxpKbEBZk-Vq3FV2Fis-OiCCg35_j0.jpg",
                "from_url": "https:\/\/www.reddit.com\/r\/Terraform\/comments\/kh4hs0\/shifting_cloud_security_left_scanning\/",
                "thumb_width": 140,
                "thumb_height": 40,
                "service_icon": "http:\/\/www.redditstatic.com\/desktop2x\/img\/favicon\/apple-icon-57x57.png",
                "id": 1,
                "original_url": "https:\/\/www.reddit.com\/r\/Terraform\/comments\/kh4hs0\/shifting_cloud_security_left_scanning\/"
            },
            {
                "title": "reddit.com: over 18?",
                "title_link": "https:\/\/www.reddit.com\/user\/givemedimes",
                "text": "Reddit gives you the best of the internet in one place. Get a constantly updating feed of breaking news, fun stories, pics, memes, and videos just for you. Passionate about something niche? Reddit has thousands of vibrant communities with people that share your interests. Alternatively, find out what’s trending across all of Reddit on r\/popular. Reddit is also anonymous so you can be yourself, with your Reddit profile and persona disconnected from your real-world identity.",
                "fallback": "reddit.com: over 18?",
                "from_url": "https:\/\/www.reddit.com\/user\/givemedimes",
                "service_icon": "http:\/\/www.redditstatic.com\/desktop2x\/img\/favicon\/apple-icon-57x57.png",
                "service_name": "reddit.com",
                "id": 2,
                "original_url": "https:\/\/www.reddit.com\/user\/givemedimes"
            },
            {
                "service_name": "Christophe Tafani-Dereeper",
                "title": "Shifting Cloud Security Left — Scanning Infrastructure as Code for Security Issues",
                "title_link": "https:\/\/blog.christophetd.fr\/shifting-cloud-security-left-scanning-infrastructure-as-code-for-security-issues\/",
                "text": "Identify cloud security issues and misconfigurations even before they pose an actual security risk by performing static analysis of Terraform code.",
                "fallback": "Christophe Tafani-Dereeper: Shifting Cloud Security Left — Scanning Infrastructure as Code for Security Issues",
                "thumb_url": "https:\/\/blog.christophetd.fr\/wp-content\/uploads\/2020\/12\/Deployment-flow-Page-2.png",
                "fields": [
                    {
                        "title": "Written by",
                        "value": "christophetd",
                        "short": true
                    },
                    {
                        "title": "Est. reading time",
                        "value": "12 minutes",
                        "short": true
                    }
                ],
                "ts": 1608466857,
                "from_url": "https:\/\/blog.christophetd.fr\/shifting-cloud-security-left-scanning-infrastructure-as-code-for-security-issues\/",
                "thumb_width": 981,
                "thumb_height": 281,
                "service_icon": "https:\/\/blog.christophetd.fr\/favicon.ico",
                "id": 3,
                "original_url": "https:\/\/blog.christophetd.fr\/shifting-cloud-security-left-scanning-infrastructure-as-code-for-security-issues\/"
            }
        ],
        "edited": {
            "user": "BG3N7LG73",
            "ts": "1608506204.000000"
        }
    },
    {
        "type": "message",
        "subtype": "bot_message",
        "text": "<https:\/\/qiita.com\/chaspy\/items\/00f390b34ae5a9e67390|tflint の --deep オプション便利>\n<https:\/\/qiita.com\/#tflint>tflint\n\n便利ですよね。\n\n<https:\/\/github.com\/terraform-linters\/tflint|https:\/\/github.com\/terraform-linters\/tflint>\n\nまず軽く動かします。\n\nリポジトリはこちら。\n\n<https:\/\/github.com\/chaspy\/try-tflint-deep-option|https:\/\/github.com\/chaspy\/try-tflint-deep-option>\n\ntflint の example にあるように、こういう tf file の plan は通ってしまいますが\n\nresource \"aws_instance\" \"foo\"...",
        "ts": "1608517007.118100",
        "username": "Terraformタグが付けられた新着記事 - Qiita",
        "icons": {
            "image_36": "https:\/\/a.slack-edge.com\/80588\/img\/services\/rss_36.png",
            "image_48": "https:\/\/a.slack-edge.com\/80588\/img\/services\/rss_48.png",
            "image_72": "https:\/\/a.slack-edge.com\/80588\/img\/services\/rss_72.png"
        },
        "bot_id": "BG3N7LG73",
        "attachments": [
            {
                "service_name": "Qiita",
                "title": "tflint の --deep オプション便利 - Qiita",
                "title_link": "https:\/\/qiita.com\/chaspy\/items\/00f390b34ae5a9e67390",
                "text": "tflint 便利ですよね。 <https:\/\/github.com\/terraform-linters\/tflint> まず軽く動かします。 リポジトリはこちら。 <https:\/\/github.com\/chaspy\/try>...",
                "fallback": "Qiita: tflint の --deep オプション便利 - Qiita",
                "image_url": "https:\/\/qiita-user-contents.imgix.net\/https%3A%2F%2Fcdn.qiita.com%2Fassets%2Fpublic%2Farticle-ogp-background-1150d8b18a7c15795b701a55ae908f94.png?ixlib=rb-1.2.2&w=1200&mark=https%3A%2F%2Fqiita-user-contents.imgix.net%2F~text%3Fixlib%3Drb-1.2.2%26w%3D840%26h%3D380%26txt%3Dtflint%2520%25E3%2581%25AE%2520--deep%2520%25E3%2582%25AA%25E3%2583%2597%25E3%2582%25B7%25E3%2583%25A7%25E3%2583%25B3%25E4%25BE%25BF%25E5%2588%25A9%26txt-color%3D%2523333%26txt-font%3DHiragino%2520Sans%2520W6%26txt-size%3D54%26txt-clip%3Dellipsis%26txt-align%3Dcenter%252Cmiddle%26s%3D6d9eda8911f3d7ac4d5ba9d46ccac88f&mark-align=center%2Cmiddle&blend=https%3A%2F%2Fqiita-user-contents.imgix.net%2F~text%3Fixlib%3Drb-1.2.2%26w%3D840%26h%3D500%26txt%3D%2540chaspy%26txt-color%3D%2523333%26txt-font%3DHiragino%2520Sans%2520W6%26txt-size%3D45%26txt-align%3Dright%252Cbottom%26s%3Dceba43e2ed045c8b84f0c91274ab2a96&blend-align=center%2Cmiddle&blend-mode=normal&s=42f03e66fb8ef73dfd8375c49314beb3",
                "from_url": "https:\/\/qiita.com\/chaspy\/items\/00f390b34ae5a9e67390",
                "image_width": 476,
                "image_height": 250,
                "image_bytes": 37618,
                "service_icon": "https:\/\/cdn.qiita.com\/assets\/favicons\/public\/apple-touch-icon-ec5ba42a24ae923f16825592efdc356f.png",
                "id": 1,
                "original_url": "https:\/\/qiita.com\/chaspy\/items\/00f390b34ae5a9e67390"
            },
            {
                "service_name": "Qiita",
                "title": "プログラマの技術情報共有サービス - Qiita",
                "title_link": "https:\/\/qiita.com\/#tflint",
                "text": "Qiitaは、プログラマのための技術情報共有サービスです。 プログラミングに関するTips、ノウハウ、メモを簡単に記録 &amp; 公開することができます。",
                "fallback": "Qiita: プログラマの技術情報共有サービス - Qiita",
                "thumb_url": "https:\/\/cdn.qiita.com\/assets\/qiita-fb-41f9429f13a8c56f50dd0ab477c80d26.png",
                "from_url": "https:\/\/qiita.com\/#tflint",
                "thumb_width": 1200,
                "thumb_height": 630,
                "service_icon": "https:\/\/cdn.qiita.com\/assets\/favicons\/public\/apple-touch-icon-ec5ba42a24ae923f16825592efdc356f.png",
                "id": 2,
                "original_url": "https:\/\/qiita.com\/#tflint"
            },
            {
                "service_name": "GitHub",
                "title": "terraform-linters\/tflint",
                "title_link": "https:\/\/github.com\/terraform-linters\/tflint",
                "text": "TFLint is a Terraform linter focused on possible errors, best practices, etc. (Terraform &gt;= 0.12) - terraform-linters\/tflint",
                "fallback": "GitHub: terraform-linters\/tflint",
                "thumb_url": "https:\/\/avatars1.githubusercontent.com\/u\/54197850?s=400&v=4",
                "from_url": "https:\/\/github.com\/terraform-linters\/tflint",
                "thumb_width": 420,
                "thumb_height": 420,
                "service_icon": "https:\/\/a.slack-edge.com\/80588\/img\/unfurl_icons\/github.png",
                "id": 3,
                "original_url": "https:\/\/github.com\/terraform-linters\/tflint"
            },
            {
                "service_name": "GitHub",
                "title": "chaspy\/try-tflint-deep-option",
                "title_link": "https:\/\/github.com\/chaspy\/try-tflint-deep-option",
                "text": "Contribute to chaspy\/try-tflint-deep-option development by creating an account on GitHub.",
                "fallback": "GitHub: chaspy\/try-tflint-deep-option",
                "thumb_url": "https:\/\/avatars0.githubusercontent.com\/u\/10370988?s=400&v=4",
                "from_url": "https:\/\/github.com\/chaspy\/try-tflint-deep-option",
                "thumb_width": 400,
                "thumb_height": 400,
                "service_icon": "https:\/\/a.slack-edge.com\/80588\/img\/unfurl_icons\/github.png",
                "id": 4,
                "original_url": "https:\/\/github.com\/chaspy\/try-tflint-deep-option"
            }
        ],
        "edited": {
            "user": "BG3N7LG73",
            "ts": "1608517008.000000"
        }
    }
]