[
    {
        "type": "message",
        "subtype": "bot_message",
        "text": "<https:\/\/www.reddit.com\/r\/Terraform\/comments\/kg5l5h\/dynamic_providers_multiple_accounts\/|Dynamic providers (multiple accounts)>\nHi, In my variables, I am setting a list of client with company and location. Some of my tf files are creation organization units and accounts from it:  clients = [ { \"company\": \"X\" \"location\": \"Y\" },{ \"company\": \"Z\" \"location\": \"T\" }]  Then I would like to do an action on each account, let's say for example create a database with dynamodb. In this case, I would need to use the provider of each of them. My initial idea was to use count for that: ``` provider \"aws\" { alias = \"client\" region =...",
        "ts": "1608375403.116900",
        "username": "Terraform",
        "icons": {
            "image_48": "https:\/\/s3-us-west-2.amazonaws.com\/slack-files2\/bot_icons\/2019-02-12\/548785199618_48.png"
        },
        "bot_id": "BG3N7LG73",
        "attachments": [
            {
                "service_name": "reddit",
                "title": "Dynamic providers (multiple accounts)",
                "title_link": "https:\/\/www.reddit.com\/r\/Terraform\/comments\/kg5l5h\/dynamic_providers_multiple_accounts\/",
                "text": "Hi, In my variables, I am setting a list of client with company and location. Some of my tf files are creation organization units and accounts...",
                "fallback": "reddit: Dynamic providers (multiple accounts)",
                "thumb_url": "https:\/\/www.redditstatic.com\/new-icon.png",
                "from_url": "https:\/\/www.reddit.com\/r\/Terraform\/comments\/kg5l5h\/dynamic_providers_multiple_accounts\/",
                "thumb_width": 256,
                "thumb_height": 256,
                "service_icon": "http:\/\/www.redditstatic.com\/desktop2x\/img\/favicon\/apple-icon-57x57.png",
                "id": 1,
                "original_url": "https:\/\/www.reddit.com\/r\/Terraform\/comments\/kg5l5h\/dynamic_providers_multiple_accounts\/"
            }
        ],
        "edited": {
            "user": "BG3N7LG73",
            "ts": "1608375403.000000"
        }
    },
    {
        "type": "message",
        "subtype": "bot_message",
        "text": "<https:\/\/qiita.com\/fnaoto\/items\/7be13c9f23e0d5ff2c43|Terraformを使ったNewRelicのアラート設定>\n<https:\/\/qiita.com\/#%E3%82%84%E3%82%8B%E3%81%93%E3%81%A8>やること\n\n今回は、newrelic_nrql_alert_conditionを設定していきます。\n特に詰まりそうな、部分を重点的に説明できるといいかなと思います。\n\n\n<https:\/\/qiita.com\/#%E3%82%BD%E3%83%BC%E3%82%B9%E3%82%B3%E3%83%BC%E3%83%89>ソースコード\n\n簡単にterraform module化しているので、必要なかたはソースからダウンロードしてみてください。\n\n&lt;a href=\"<https:\/\/github.com\/fnaoto\/terraform-sample\/tree\/master\/newrelic_alert>\" class=\"autolink\" rel=\"nofollow noopener\"...",
        "ts": "1608416205.117100",
        "username": "Terraformタグが付けられた新着記事 - Qiita",
        "icons": {
            "image_36": "https:\/\/a.slack-edge.com\/80588\/img\/services\/rss_36.png",
            "image_48": "https:\/\/a.slack-edge.com\/80588\/img\/services\/rss_48.png",
            "image_72": "https:\/\/a.slack-edge.com\/80588\/img\/services\/rss_72.png"
        },
        "bot_id": "BG3N7LG73",
        "attachments": [
            {
                "service_name": "Qiita",
                "title": "Terraformを使ったNewRelicのアラート設定 - Qiita",
                "title_link": "https:\/\/qiita.com\/fnaoto\/items\/7be13c9f23e0d5ff2c43",
                "text": "やること 今回は、newrelic_nrql_alert_conditionを設定していきます。 特に詰まりそうな、部分を重点的に説明できるといいかなと思います。 ソースコード 簡単にterraform module化して...",
                "fallback": "Qiita: Terraformを使ったNewRelicのアラート設定 - Qiita",
                "image_url": "https:\/\/qiita-user-contents.imgix.net\/https%3A%2F%2Fcdn.qiita.com%2Fassets%2Fpublic%2Farticle-ogp-background-1150d8b18a7c15795b701a55ae908f94.png?ixlib=rb-1.2.2&w=1200&mark=https%3A%2F%2Fqiita-user-contents.imgix.net%2F~text%3Fixlib%3Drb-1.2.2%26w%3D840%26h%3D380%26txt%3DTerraform%25E3%2582%2592%25E4%25BD%25BF%25E3%2581%25A3%25E3%2581%259FNewRelic%25E3%2581%25AE%25E3%2582%25A2%25E3%2583%25A9%25E3%2583%25BC%25E3%2583%2588%25E8%25A8%25AD%25E5%25AE%259A%26txt-color%3D%2523333%26txt-font%3DHiragino%2520Sans%2520W6%26txt-size%3D54%26txt-clip%3Dellipsis%26txt-align%3Dcenter%252Cmiddle%26s%3D58d966291fe1b75db422fd28556c4290&mark-align=center%2Cmiddle&blend=https%3A%2F%2Fqiita-user-contents.imgix.net%2F~text%3Fixlib%3Drb-1.2.2%26w%3D840%26h%3D500%26txt%3D%2540fnaoto%26txt-color%3D%2523333%26txt-font%3DHiragino%2520Sans%2520W6%26txt-size%3D45%26txt-align%3Dright%252Cbottom%26s%3D3f2f3e12ee541e6cebfbbf49babd9eb0&blend-align=center%2Cmiddle&blend-mode=normal&s=6f1f0b9f08d27b507b956d54dfa17e20",
                "from_url": "https:\/\/qiita.com\/fnaoto\/items\/7be13c9f23e0d5ff2c43",
                "image_width": 476,
                "image_height": 250,
                "image_bytes": 44569,
                "service_icon": "https:\/\/cdn.qiita.com\/assets\/favicons\/public\/apple-touch-icon-ec5ba42a24ae923f16825592efdc356f.png",
                "id": 1,
                "original_url": "https:\/\/qiita.com\/fnaoto\/items\/7be13c9f23e0d5ff2c43"
            },
            {
                "service_name": "Qiita",
                "title": "プログラマの技術情報共有サービス - Qiita",
                "title_link": "https:\/\/qiita.com\/#%E3%82%84%E3%82%8B%E3%81%93%E3%81%A8",
                "text": "Qiitaは、プログラマのための技術情報共有サービスです。 プログラミングに関するTips、ノウハウ、メモを簡単に記録 &amp; 公開することができます。",
                "fallback": "Qiita: プログラマの技術情報共有サービス - Qiita",
                "thumb_url": "https:\/\/cdn.qiita.com\/assets\/qiita-fb-41f9429f13a8c56f50dd0ab477c80d26.png",
                "from_url": "https:\/\/qiita.com\/#%E3%82%84%E3%82%8B%E3%81%93%E3%81%A8",
                "thumb_width": 1200,
                "thumb_height": 630,
                "service_icon": "https:\/\/cdn.qiita.com\/assets\/favicons\/public\/apple-touch-icon-ec5ba42a24ae923f16825592efdc356f.png",
                "id": 2,
                "original_url": "https:\/\/qiita.com\/#%E3%82%84%E3%82%8B%E3%81%93%E3%81%A8"
            },
            {
                "service_name": "Qiita",
                "title": "プログラマの技術情報共有サービス - Qiita",
                "title_link": "https:\/\/qiita.com\/#%E3%82%BD%E3%83%BC%E3%82%B9%E3%82%B3%E3%83%BC%E3%83%89",
                "text": "Qiitaは、プログラマのための技術情報共有サービスです。 プログラミングに関するTips、ノウハウ、メモを簡単に記録 &amp; 公開することができます。",
                "fallback": "Qiita: プログラマの技術情報共有サービス - Qiita",
                "thumb_url": "https:\/\/cdn.qiita.com\/assets\/qiita-fb-41f9429f13a8c56f50dd0ab477c80d26.png",
                "from_url": "https:\/\/qiita.com\/#%E3%82%BD%E3%83%BC%E3%82%B9%E3%82%B3%E3%83%BC%E3%83%89",
                "thumb_width": 1200,
                "thumb_height": 630,
                "service_icon": "https:\/\/cdn.qiita.com\/assets\/favicons\/public\/apple-touch-icon-ec5ba42a24ae923f16825592efdc356f.png",
                "id": 3,
                "original_url": "https:\/\/qiita.com\/#%E3%82%BD%E3%83%BC%E3%82%B9%E3%82%B3%E3%83%BC%E3%83%89"
            },
            {
                "service_name": "GitHub",
                "title": "fnaoto\/terraform-sample",
                "title_link": "https:\/\/github.com\/fnaoto\/terraform-sample\/tree\/master\/newrelic_alert",
                "text": "sample code of terraform. Contribute to fnaoto\/terraform-sample development by creating an account on GitHub.",
                "fallback": "GitHub: fnaoto\/terraform-sample",
                "thumb_url": "https:\/\/avatars2.githubusercontent.com\/u\/24446183?s=400&v=4",
                "from_url": "https:\/\/github.com\/fnaoto\/terraform-sample\/tree\/master\/newrelic_alert",
                "thumb_width": 400,
                "thumb_height": 400,
                "service_icon": "https:\/\/a.slack-edge.com\/80588\/img\/unfurl_icons\/github.png",
                "id": 4,
                "original_url": "https:\/\/github.com\/fnaoto\/terraform-sample\/tree\/master\/newrelic_alert"
            }
        ],
        "edited": {
            "user": "BG3N7LG73",
            "ts": "1608416205.000000"
        }
    },
    {
        "type": "message",
        "subtype": "bot_message",
        "text": "<https:\/\/www.reddit.com\/r\/Terraform\/comments\/kgmdak\/destroying_infrastructure_built_with_expired\/|Destroying infrastructure built with expired short lived credentials?>\nFollowing the example at <https:\/\/learn.hashicorp.com\/tutorials\/terraform\/secrets-vault|Inject secrets into Terraform using the Vault provider> i've configured the creation of an S3 bucket using short lived credentials. ```hcl provider \"aws\" { access_key = data.vault_aws_access_credentials.creds.access_key secret_key = data.vault_aws_access_credentials.creds.secret_key region = \"eu-central-1\" } resource \"aws_s3_bucket\" \"b\" { bucket = \"what-when-bucket\" acl = \"private\" } `` How do...",
        "ts": "1608434203.117300",
        "username": "Terraform",
        "icons": {
            "image_48": "https:\/\/s3-us-west-2.amazonaws.com\/slack-files2\/bot_icons\/2019-02-12\/548785199618_48.png"
        },
        "bot_id": "BG3N7LG73",
        "attachments": [
            {
                "service_name": "reddit",
                "title": "Destroying infrastructure built with expired short lived credentials?",
                "title_link": "https:\/\/www.reddit.com\/r\/Terraform\/comments\/kgmdak\/destroying_infrastructure_built_with_expired\/",
                "text": "Following the example at [Inject secrets into Terraform using the Vault provider](<https:\/\/learn.hashicorp.com\/tutorials\/terraform\/secrets-vault>)...",
                "fallback": "reddit: Destroying infrastructure built with expired short lived credentials?",
                "thumb_url": "https:\/\/www.redditstatic.com\/new-icon.png",
                "from_url": "https:\/\/www.reddit.com\/r\/Terraform\/comments\/kgmdak\/destroying_infrastructure_built_with_expired\/",
                "thumb_width": 256,
                "thumb_height": 256,
                "service_icon": "http:\/\/www.redditstatic.com\/desktop2x\/img\/favicon\/apple-icon-57x57.png",
                "id": 1,
                "original_url": "https:\/\/www.reddit.com\/r\/Terraform\/comments\/kgmdak\/destroying_infrastructure_built_with_expired\/"
            },
            {
                "service_name": "HashiCorp Learn",
                "title": "Inject secrets into Terraform using the Vault provider | Terraform - HashiCorp Learn",
                "title_link": "https:\/\/learn.hashicorp.com\/tutorials\/terraform\/secrets-vault",
                "text": "Configure the AWS Secrets Engine in Vault through Terraform, then use the short-lived, Vault-generated, dynamic secrets to provision EC2 instances",
                "fallback": "HashiCorp Learn: Inject secrets into Terraform using the Vault provider | Terraform - HashiCorp Learn",
                "image_url": "https:\/\/learn.hashicorp.com\/img\/share\/share.png",
                "from_url": "https:\/\/learn.hashicorp.com\/tutorials\/terraform\/secrets-vault",
                "image_width": 476,
                "image_height": 250,
                "image_bytes": 144778,
                "service_icon": "https:\/\/learn.hashicorp.com\/img\/favicons\/favicon-16x16.png",
                "id": 2,
                "original_url": "https:\/\/learn.hashicorp.com\/tutorials\/terraform\/secrets-vault"
            }
        ],
        "edited": {
            "user": "BG3N7LG73",
            "ts": "1608434204.000000"
        }
    }
]