[
    {
        "type": "message",
        "subtype": "bot_message",
        "text": "<https:\/\/www.reddit.com\/r\/Terraform\/comments\/klszj5\/httpssandeepbaldawamediumcommyjourneytohashicorpce\/|https:\/\/sandeepbaldawa.medium.com\/my-journey-to-hashicorp-certified-terraform-associate-f91f397a01e0>\nHashicorp terraform certification experience <https:\/\/sandeepbaldawa.medium.com\/my-journey-to-hashicorp-certified-terraform-associate-f91f397a01e0|https:\/\/sandeepbaldawa.medium.com\/my-journey-to-hashicorp-certified-terraform-associate-f91f397a01e0>    submitted by   <https:\/\/www.reddit.com\/user\/Representative-Try20| \/u\/Representative-Try20 > \n<https:\/\/www.reddit.com\/r\/Terraform\/comments\/klszj5\/httpssandeepbaldawamediumcommyjourneytohashicorpce\/|[link]>   &lt;a...",
        "ts": "1609171609.125400",
        "username": "Terraform",
        "icons": {
            "image_48": "https:\/\/s3-us-west-2.amazonaws.com\/slack-files2\/bot_icons\/2019-02-12\/548785199618_48.png"
        },
        "bot_id": "BG3N7LG73",
        "attachments": [
            {
                "service_name": "reddit",
                "title": "https:\/\/sandeepbaldawa.medium.com\/my-journey-to-hashicorp-certified-terraform-associate-f91f397a01e0",
                "title_link": "https:\/\/www.reddit.com\/r\/Terraform\/comments\/klszj5\/httpssandeepbaldawamediumcommyjourneytohashicorpce\/",
                "text": "Hashicorp terraform certification experience <https:\/\/sandeepbaldawa.medium.com\/my-journey-to-hashicorp-certified-terraform-associate-f91f397a01e0>",
                "fallback": "reddit: https:\/\/sandeepbaldawa.medium.com\/my-journey-to-hashicorp-certified-terraform-associate-f91f397a01e0",
                "thumb_url": "https:\/\/www.redditstatic.com\/new-icon.png",
                "from_url": "https:\/\/www.reddit.com\/r\/Terraform\/comments\/klszj5\/httpssandeepbaldawamediumcommyjourneytohashicorpce\/",
                "thumb_width": 256,
                "thumb_height": 256,
                "service_icon": "http:\/\/www.redditstatic.com\/desktop2x\/img\/favicon\/apple-icon-57x57.png",
                "id": 1,
                "original_url": "https:\/\/www.reddit.com\/r\/Terraform\/comments\/klszj5\/httpssandeepbaldawamediumcommyjourneytohashicorpce\/"
            },
            {
                "service_name": "Medium",
                "title": "My journey to HashiCorp Certified: Terraform Associate",
                "title_link": "https:\/\/sandeepbaldawa.medium.com\/my-journey-to-hashicorp-certified-terraform-associate-f91f397a01e0",
                "text": "Background",
                "fallback": "Medium: My journey to HashiCorp Certified: Terraform Associate",
                "image_url": "https:\/\/miro.medium.com\/max\/704\/0*cGhhJ9OVnHJJa__k",
                "fields": [
                    {
                        "title": "Reading time",
                        "value": "3 min read",
                        "short": true
                    }
                ],
                "ts": 1609127673,
                "from_url": "https:\/\/sandeepbaldawa.medium.com\/my-journey-to-hashicorp-certified-terraform-associate-f91f397a01e0",
                "image_width": 250,
                "image_height": 250,
                "image_bytes": 168176,
                "service_icon": "https:\/\/miro.medium.com\/fit\/c\/152\/152\/1*sHhtYhaCe2Uc3IU0IgKwIQ.png",
                "id": 2,
                "original_url": "https:\/\/sandeepbaldawa.medium.com\/my-journey-to-hashicorp-certified-terraform-associate-f91f397a01e0"
            },
            {
                "title": "overview for Representative-Try20",
                "title_link": "https:\/\/www.reddit.com\/user\/Representative-Try20",
                "text": "The u\/Representative-Try20 community on Reddit. Reddit gives you the best of the internet in one place.",
                "fallback": "overview for Representative-Try20",
                "from_url": "https:\/\/www.reddit.com\/user\/Representative-Try20",
                "service_icon": "http:\/\/www.redditstatic.com\/desktop2x\/img\/favicon\/apple-icon-57x57.png",
                "service_name": "reddit.com",
                "id": 3,
                "original_url": "https:\/\/www.reddit.com\/user\/Representative-Try20"
            }
        ],
        "edited": {
            "user": "BG3N7LG73",
            "ts": "1609171610.000000"
        }
    },
    {
        "type": "message",
        "subtype": "bot_message",
        "text": "<https:\/\/www.reddit.com\/r\/Terraform\/comments\/klx369\/static_gatsby_site_with_github_actions\/|Static Gatsby site with GitHub Actions>\nI’d like to move away from AWS Amplify and use terraform.  My current system uses AWS Amplify to build a Gatsby project every time I push to my GitHub repository. Amplify manages the ENV variables for me.  I’d like to use GitHub Actions with Terraform to build the site, update the lambda functions, publish the AWS services required, and set up the ENV variables every time I push to the repository.  Is there a guide or a best practice to do this? How does Terraform know what services\/lambda...",
        "ts": "1609184205.125600",
        "username": "Terraform",
        "icons": {
            "image_48": "https:\/\/s3-us-west-2.amazonaws.com\/slack-files2\/bot_icons\/2019-02-12\/548785199618_48.png"
        },
        "bot_id": "BG3N7LG73",
        "attachments": [
            {
                "service_name": "reddit",
                "title": "Static Gatsby site with GitHub Actions",
                "title_link": "https:\/\/www.reddit.com\/r\/Terraform\/comments\/klx369\/static_gatsby_site_with_github_actions\/",
                "text": "I’d like to move away from AWS Amplify and use terraform. My current system uses AWS Amplify to build a Gatsby project every time I push to my...",
                "fallback": "reddit: Static Gatsby site with GitHub Actions",
                "thumb_url": "https:\/\/www.redditstatic.com\/new-icon.png",
                "from_url": "https:\/\/www.reddit.com\/r\/Terraform\/comments\/klx369\/static_gatsby_site_with_github_actions\/",
                "thumb_width": 256,
                "thumb_height": 256,
                "service_icon": "http:\/\/www.redditstatic.com\/desktop2x\/img\/favicon\/apple-icon-57x57.png",
                "id": 1,
                "original_url": "https:\/\/www.reddit.com\/r\/Terraform\/comments\/klx369\/static_gatsby_site_with_github_actions\/"
            }
        ],
        "edited": {
            "user": "BG3N7LG73",
            "ts": "1609184206.000000"
        }
    },
    {
        "type": "message",
        "subtype": "bot_message",
        "text": "<https:\/\/www.reddit.com\/r\/Terraform\/comments\/klxra8\/how_usefull_is_terraform_for_us\/|How usefull is Terraform for us>\nHi there, We’ve been reading up on Terraform and tried several different deployments and all of them are working quite Well and it was relatively easy to set up. But we are not sure if it usefull for our infra. Let me give you a quick overview of our infra, we are using Windows and are 100% Windows based. We create amis with Packer via Azure DevOps Which we use for new servers. But the thing is .. every server had to be joined in the domain and is there to stay, How usefull is Terraform for...",
        "ts": "1609186604.125800",
        "username": "Terraform",
        "icons": {
            "image_48": "https:\/\/s3-us-west-2.amazonaws.com\/slack-files2\/bot_icons\/2019-02-12\/548785199618_48.png"
        },
        "bot_id": "BG3N7LG73",
        "attachments": [
            {
                "service_name": "reddit",
                "title": "How usefull is Terraform for us",
                "title_link": "https:\/\/www.reddit.com\/r\/Terraform\/comments\/klxra8\/how_usefull_is_terraform_for_us\/",
                "text": "Hi there, We’ve been reading up on Terraform and tried several different deployments and all of them are working quite Well and it was relatively...",
                "fallback": "reddit: How usefull is Terraform for us",
                "thumb_url": "https:\/\/www.redditstatic.com\/new-icon.png",
                "from_url": "https:\/\/www.reddit.com\/r\/Terraform\/comments\/klxra8\/how_usefull_is_terraform_for_us\/",
                "thumb_width": 256,
                "thumb_height": 256,
                "service_icon": "http:\/\/www.redditstatic.com\/desktop2x\/img\/favicon\/apple-icon-57x57.png",
                "id": 1,
                "original_url": "https:\/\/www.reddit.com\/r\/Terraform\/comments\/klxra8\/how_usefull_is_terraform_for_us\/"
            }
        ],
        "edited": {
            "user": "BG3N7LG73",
            "ts": "1609186604.000000"
        }
    },
    {
        "type": "message",
        "subtype": "bot_message",
        "text": "<https:\/\/www.reddit.com\/r\/Terraform\/comments\/klyvg7\/setting_endpoint_encryption_of_aws_workspaces\/|Setting Endpoint Encryption of aws_workspaces_directory Resource>\nI need to spin up a aws_workspaces_directory resource through terraform and enable it to use \"FIPS 140-2 Validated Mode\" encryption instead of the standard \"TLS Encryption Mode\". Is there any way to do this? I'm not seeing anything in the documentation.    submitted by   <https:\/\/www.reddit.com\/user\/Pumpkin-Main| \/u\/Pumpkin-Main > \n<https:\/\/www.reddit.com\/r\/Terraform\/comments\/klyvg7\/setting_endpoint_encryption_of_aws_workspaces\/|[link]>   &lt;a...",
        "ts": "1609189605.126000",
        "username": "Terraform",
        "icons": {
            "image_48": "https:\/\/s3-us-west-2.amazonaws.com\/slack-files2\/bot_icons\/2019-02-12\/548785199618_48.png"
        },
        "bot_id": "BG3N7LG73",
        "attachments": [
            {
                "service_name": "reddit",
                "title": "Setting Endpoint Encryption of aws_workspaces_directory Resource",
                "title_link": "https:\/\/www.reddit.com\/r\/Terraform\/comments\/klyvg7\/setting_endpoint_encryption_of_aws_workspaces\/",
                "text": "I need to spin up a aws\\_workspaces\\_directory resource through terraform and enable it to use \"FIPS 140-2 Validated Mode\" encryption instead of...",
                "fallback": "reddit: Setting Endpoint Encryption of aws_workspaces_directory Resource",
                "thumb_url": "https:\/\/www.redditstatic.com\/new-icon.png",
                "from_url": "https:\/\/www.reddit.com\/r\/Terraform\/comments\/klyvg7\/setting_endpoint_encryption_of_aws_workspaces\/",
                "thumb_width": 256,
                "thumb_height": 256,
                "service_icon": "http:\/\/www.redditstatic.com\/desktop2x\/img\/favicon\/apple-icon-57x57.png",
                "id": 1,
                "original_url": "https:\/\/www.reddit.com\/r\/Terraform\/comments\/klyvg7\/setting_endpoint_encryption_of_aws_workspaces\/"
            },
            {
                "title": "overview for Pumpkin-Main",
                "title_link": "https:\/\/www.reddit.com\/user\/Pumpkin-Main",
                "text": "The u\/Pumpkin-Main community on Reddit. Reddit gives you the best of the internet in one place.",
                "fallback": "overview for Pumpkin-Main",
                "from_url": "https:\/\/www.reddit.com\/user\/Pumpkin-Main",
                "service_icon": "http:\/\/www.redditstatic.com\/desktop2x\/img\/favicon\/apple-icon-57x57.png",
                "service_name": "reddit.com",
                "id": 2,
                "original_url": "https:\/\/www.reddit.com\/user\/Pumpkin-Main"
            }
        ],
        "edited": {
            "user": "BG3N7LG73",
            "ts": "1609189605.000000"
        }
    },
    {
        "type": "message",
        "subtype": "bot_message",
        "text": "<https:\/\/www.reddit.com\/r\/Terraform\/comments\/km9gc9\/can_i_export_files_from_a_bucket_to_bigquery\/|Can I export files from a bucket to BigQuery?>\nI've created a dataset and a table with terraform..I have files in a bucket and I want to move them into a table in bigquery so I can query the data. I'm having a hard time figuring out how to do all of this on terraform. Does anyone have any pointers on what I should do?    submitted by   <https:\/\/www.reddit.com\/user\/notgood55232| \/u\/notgood55232 > \n<https:\/\/www.reddit.com\/r\/Terraform\/comments\/km9gc9\/can_i_export_files_from_a_bucket_to_bigquery\/|[link]>   &lt;a...",
        "ts": "1609226201.126200",
        "username": "Terraform",
        "icons": {
            "image_48": "https:\/\/s3-us-west-2.amazonaws.com\/slack-files2\/bot_icons\/2019-02-12\/548785199618_48.png"
        },
        "bot_id": "BG3N7LG73",
        "attachments": [
            {
                "service_name": "reddit",
                "title": "Can I export files from a bucket to BigQuery?",
                "title_link": "https:\/\/www.reddit.com\/r\/Terraform\/comments\/km9gc9\/can_i_export_files_from_a_bucket_to_bigquery\/",
                "text": "I've created a dataset and a table with terraform..I have files in a bucket and I want to move them into a table in bigquery so I can query the...",
                "fallback": "reddit: Can I export files from a bucket to BigQuery?",
                "thumb_url": "https:\/\/www.redditstatic.com\/new-icon.png",
                "from_url": "https:\/\/www.reddit.com\/r\/Terraform\/comments\/km9gc9\/can_i_export_files_from_a_bucket_to_bigquery\/",
                "thumb_width": 256,
                "thumb_height": 256,
                "service_icon": "http:\/\/www.redditstatic.com\/desktop2x\/img\/favicon\/apple-icon-57x57.png",
                "id": 1,
                "original_url": "https:\/\/www.reddit.com\/r\/Terraform\/comments\/km9gc9\/can_i_export_files_from_a_bucket_to_bigquery\/"
            },
            {
                "title": "overview for notgood55232",
                "title_link": "https:\/\/www.reddit.com\/user\/notgood55232",
                "text": "The u\/notgood55232 community on Reddit. Reddit gives you the best of the internet in one place.",
                "fallback": "overview for notgood55232",
                "from_url": "https:\/\/www.reddit.com\/user\/notgood55232",
                "service_icon": "http:\/\/www.redditstatic.com\/desktop2x\/img\/favicon\/apple-icon-57x57.png",
                "service_name": "reddit.com",
                "id": 2,
                "original_url": "https:\/\/www.reddit.com\/user\/notgood55232"
            }
        ],
        "edited": {
            "user": "BG3N7LG73",
            "ts": "1609226201.000000"
        }
    }
]