[
    {
        "type": "message",
        "subtype": "bot_message",
        "text": "<https:\/\/www.reddit.com\/r\/Terraform\/comments\/kdjbl3\/how_to_pass_the_terraform_associate_exam\/|How to Pass the terraform Associate Exam>\nif anyone is thinking to take the terraform Associate exam then please checkout this guide <https:\/\/www.zarinasnet.com\/post\/how-to-pass-the-hashicorp-terraform-associate-exam|https:\/\/www.zarinasnet.com\/post\/how-to-pass-the-hashicorp-terraform-associate-exam>    submitted by   <https:\/\/www.reddit.com\/user\/zarina-reddit| \/u\/zarina-reddit > \n<https:\/\/www.reddit.com\/r\/Terraform\/comments\/kdjbl3\/how_to_pass_the_terraform_associate_exam\/|[link]>   &lt;a...",
        "ts": "1608028006.112000",
        "username": "Terraform",
        "icons": {
            "image_48": "https:\/\/s3-us-west-2.amazonaws.com\/slack-files2\/bot_icons\/2019-02-12\/548785199618_48.png"
        },
        "bot_id": "BG3N7LG73",
        "attachments": [
            {
                "service_name": "reddit",
                "title": "How to Pass the terraform Associate Exam",
                "title_link": "https:\/\/www.reddit.com\/r\/Terraform\/comments\/kdjbl3\/how_to_pass_the_terraform_associate_exam\/",
                "text": "if anyone is thinking to take the terraform Associate exam then please checkout this guide...",
                "fallback": "reddit: How to Pass the terraform Associate Exam",
                "thumb_url": "https:\/\/www.redditstatic.com\/new-icon.png",
                "from_url": "https:\/\/www.reddit.com\/r\/Terraform\/comments\/kdjbl3\/how_to_pass_the_terraform_associate_exam\/",
                "thumb_width": 256,
                "thumb_height": 256,
                "service_icon": "http:\/\/www.redditstatic.com\/desktop2x\/img\/favicon\/apple-icon-57x57.png",
                "id": 1,
                "original_url": "https:\/\/www.reddit.com\/r\/Terraform\/comments\/kdjbl3\/how_to_pass_the_terraform_associate_exam\/"
            },
            {
                "service_name": "zarinasnet",
                "title": "How to Pass the Hashicorp Terraform Associate Exam",
                "title_link": "https:\/\/www.zarinasnet.com\/post\/how-to-pass-the-hashicorp-terraform-associate-exam",
                "text": "As a Cloud Developer for a cutting-edge cloud consulting company, I have seen very many companies using the popular IAC Hashicorp tool, “Terraform”. As such, I recommend learning about the topic, and taking the exam. In this article I will share the following Exam Preparation with Extra Recommendations for Newbies (e",
                "fallback": "zarinasnet: How to Pass the Hashicorp Terraform Associate Exam",
                "image_url": "https:\/\/static.wixstatic.com\/media\/de7044_f2fa5117432845cbaa3f39b2ca6347e6~mv2.png\/v1\/fit\/w_704%2Ch_704%2Cal_c%2Cq_80\/file.png",
                "image_width": 250,
                "image_height": 250,
                "ts": 1607983798,
                "from_url": "https:\/\/www.zarinasnet.com\/post\/how-to-pass-the-hashicorp-terraform-associate-exam",
                "image_bytes": 140907,
                "service_icon": "https:\/\/static.wixstatic.com\/media\/de7044_e57c0178596f453c84612bb697dd31c8%7Emv2_d_7680_5120_s_4_2.jpg\/v1\/fill\/w_16%2Ch_16%2Clg_1%2Cusm_0.66_1.00_0.01\/de7044_e57c0178596f453c84612bb697dd31c8%7Emv2_d_7680_5120_s_4_2.jpg",
                "id": 2,
                "original_url": "https:\/\/www.zarinasnet.com\/post\/how-to-pass-the-hashicorp-terraform-associate-exam"
            },
            {
                "title": "overview for zarina-reddit",
                "title_link": "https:\/\/www.reddit.com\/user\/zarina-reddit",
                "text": "The u\/zarina-reddit community on Reddit. Reddit gives you the best of the internet in one place.",
                "fallback": "overview for zarina-reddit",
                "from_url": "https:\/\/www.reddit.com\/user\/zarina-reddit",
                "service_icon": "http:\/\/www.redditstatic.com\/desktop2x\/img\/favicon\/apple-icon-57x57.png",
                "service_name": "reddit.com",
                "id": 3,
                "original_url": "https:\/\/www.reddit.com\/user\/zarina-reddit"
            }
        ],
        "edited": {
            "user": "BG3N7LG73",
            "ts": "1608028009.000000"
        }
    },
    {
        "type": "message",
        "subtype": "bot_message",
        "text": "<https:\/\/qiita.com\/Yusuke-Shimizu\/items\/401ac4f92570f8760b4c|Lambda on Terraform Container>\n<https:\/\/qiita.com\/#%E3%81%AF%E3%81%98%E3%82%81%E3%81%AB>はじめに\n\nもともとTerraformのテストについてつらつら書こうとしましたが、re:Invent2020で<https:\/\/aws.amazon.com\/jp\/blogs\/news\/new-for-aws-lambda-container-image-support\/|Lambdaのコンテナサポート>されました\n今回re:Invent2020で発表された中で、比較的反響がでかかった発表じゃないでしょうか\nこの波に乗らねば、ということで、Terraformをコンテナ化してLambdaで実行できるようにしてみました\n※決してLambdaをTerraformで構築する記事ではありません\n\n\n<https:\/\/qiita.com\/#%E6%A7%8B%E6%88%90>構成\n\n今回の構成は下記です\n&lt;a...",
        "ts": "1608038805.112200",
        "username": "Terraformタグが付けられた新着記事 - Qiita",
        "icons": {
            "image_36": "https:\/\/a.slack-edge.com\/80588\/img\/services\/rss_36.png",
            "image_48": "https:\/\/a.slack-edge.com\/80588\/img\/services\/rss_48.png",
            "image_72": "https:\/\/a.slack-edge.com\/80588\/img\/services\/rss_72.png"
        },
        "bot_id": "BG3N7LG73",
        "attachments": [
            {
                "service_name": "Qiita",
                "title": "Lambda on Terraform Container - Qiita",
                "title_link": "https:\/\/qiita.com\/Yusuke-Shimizu\/items\/401ac4f92570f8760b4c",
                "text": "はじめに もともとTerraformのテストについてつらつら書こうとしましたが、re:Invent2020でLambdaのコンテナサポートされました 今回re:Invent2020で発表された中で、比較的反響がでかかった発表じゃ...",
                "fallback": "Qiita: Lambda on Terraform Container - Qiita",
                "image_url": "https:\/\/qiita-user-contents.imgix.net\/https%3A%2F%2Fcdn.qiita.com%2Fassets%2Fpublic%2Farticle-ogp-background-1150d8b18a7c15795b701a55ae908f94.png?ixlib=rb-1.2.2&w=1200&mark=https%3A%2F%2Fqiita-user-contents.imgix.net%2F~text%3Fixlib%3Drb-1.2.2%26w%3D840%26h%3D380%26txt%3DLambda%2520on%2520Terraform%2520Container%26txt-color%3D%2523333%26txt-font%3DHiragino%2520Sans%2520W6%26txt-size%3D54%26txt-clip%3Dellipsis%26txt-align%3Dcenter%252Cmiddle%26s%3D3b3abfc5c730e7d3a1974f2d6fc48f4b&mark-align=center%2Cmiddle&blend=https%3A%2F%2Fqiita-user-contents.imgix.net%2F~text%3Fixlib%3Drb-1.2.2%26w%3D840%26h%3D500%26txt%3D%2540Yusuke-Shimizu%26txt-color%3D%2523333%26txt-font%3DHiragino%2520Sans%2520W6%26txt-size%3D45%26txt-align%3Dright%252Cbottom%26s%3D3b626f118fbac086c49e16488b9f702d&blend-align=center%2Cmiddle&blend-mode=normal&s=5160b0561b2fa0fd8caf341342a00b7a",
                "from_url": "https:\/\/qiita.com\/Yusuke-Shimizu\/items\/401ac4f92570f8760b4c",
                "image_width": 476,
                "image_height": 250,
                "image_bytes": 39052,
                "service_icon": "https:\/\/cdn.qiita.com\/assets\/favicons\/public\/apple-touch-icon-ec5ba42a24ae923f16825592efdc356f.png",
                "id": 1,
                "original_url": "https:\/\/qiita.com\/Yusuke-Shimizu\/items\/401ac4f92570f8760b4c"
            },
            {
                "service_name": "Qiita",
                "title": "プログラマの技術情報共有サービス - Qiita",
                "title_link": "https:\/\/qiita.com\/#%E3%81%AF%E3%81%98%E3%82%81%E3%81%AB",
                "text": "Qiitaは、プログラマのための技術情報共有サービスです。 プログラミングに関するTips、ノウハウ、メモを簡単に記録 &amp; 公開することができます。",
                "fallback": "Qiita: プログラマの技術情報共有サービス - Qiita",
                "thumb_url": "https:\/\/cdn.qiita.com\/assets\/qiita-fb-41f9429f13a8c56f50dd0ab477c80d26.png",
                "from_url": "https:\/\/qiita.com\/#%E3%81%AF%E3%81%98%E3%82%81%E3%81%AB",
                "thumb_width": 1200,
                "thumb_height": 630,
                "service_icon": "https:\/\/cdn.qiita.com\/assets\/favicons\/public\/apple-touch-icon-ec5ba42a24ae923f16825592efdc356f.png",
                "id": 2,
                "original_url": "https:\/\/qiita.com\/#%E3%81%AF%E3%81%98%E3%82%81%E3%81%AB"
            },
            {
                "service_name": "Amazon Web Services",
                "title": "AWS Lambda の新機能 – コンテナイメージのサポート | Amazon Web Services",
                "title_link": "https:\/\/aws.amazon.com\/jp\/blogs\/news\/new-for-aws-lambda-container-image-support\/",
                "text": "AWS Lambda では、サーバーについて気にすることなくコードをアップロードして実行できます。多くのお客様に Lambda のこの仕組みをご活用いただいていますが、開発ワークフローのためにコンテナツールに投資した場合は、Lambda でのアプリケーションの構築に同じアプローチを使用することが難しくなります。 この問題に対応するため、Lambda 関数を最大 10 GB のコンテナイメージとしてパッケージ化し、デプロイできるようになりました。これにより、機械学習やデータ集約型のワークロードなど、大きな依存関係に頼る大規模なワークロードを簡単に構築してデプロイできます。ZIP アーカイブとしてパッケージ化された関数と同様に、コンテナイメージとしてデプロイされた関数は、同様の操作のシンプルさ、自動スケーリング、高可用性、多数のサービスとのネイティブ統合による恩恵を受けます。 当社では。サポートされているすべての Lambda ランタイム (Python、Node.js、Java、.NET、Go、Ruby) のベースイメージを提供しているため、コードと依存関係を簡単に追加することができます。Amazon Linux ベースのカスタムランタイム用のベースイメージも用意しており、これを拡張して Lambda ランタイム API を実装する独自のランタイムを含めることができます。 Alpine や Debian Linux をベースにしたイメージなど、独自のベースイメージを任意で Lambda にデプロイできます。Lambda を操作するには、これらのイメージに Lambda ランタイム API を実装する必要があります。独自のベースイメージの構築を容易にするため、当社ではサポートされているすべてのランタイムにランタイム API を実装する Lambda Runtime Interface Clients をリリースしています。これらの実装は、ネイティブのパッケージマネージャーを介して利用できるため、イメージ内で簡単に取得でき、オープンソースライセンスを使用してコミュニティと共有されます。 また、Lambda Runtime Interface Emulator をオープンソースとしてリリースします。これにより、コンテナイメージのローカルテストを実行して、Lambda にデプロイした際に実行されることを確認することができます。Lambda Runtime Interface Emulator は、AWS が提供するすべてのベースイメージに含まれており、任意のイメージでも使用できます。 コンテナイメージは、Lambda Extensions […]",
                "fallback": "Amazon Web Services: AWS Lambda の新機能 – コンテナイメージのサポート | Amazon Web Services",
                "image_url": "https:\/\/d2908q01vomqb2.cloudfront.net\/b3f0c7f6bb763af1be91d9e74eabfeb199dc1f1f\/2020\/12\/04\/new-for-aws-lambda-container-image-support.png",
                "image_width": 478,
                "image_height": 250,
                "ts": 1607044102,
                "from_url": "https:\/\/aws.amazon.com\/jp\/blogs\/news\/new-for-aws-lambda-container-image-support\/",
                "image_bytes": 375706,
                "service_icon": "http:\/\/a0.awsstatic.com\/main\/images\/site\/touch-icon-iphone-114-smile.png",
                "id": 3,
                "original_url": "https:\/\/aws.amazon.com\/jp\/blogs\/news\/new-for-aws-lambda-container-image-support\/"
            },
            {
                "service_name": "Qiita",
                "title": "プログラマの技術情報共有サービス - Qiita",
                "title_link": "https:\/\/qiita.com\/#%E6%A7%8B%E6%88%90",
                "text": "Qiitaは、プログラマのための技術情報共有サービスです。 プログラミングに関するTips、ノウハウ、メモを簡単に記録 &amp; 公開することができます。",
                "fallback": "Qiita: プログラマの技術情報共有サービス - Qiita",
                "thumb_url": "https:\/\/cdn.qiita.com\/assets\/qiita-fb-41f9429f13a8c56f50dd0ab477c80d26.png",
                "from_url": "https:\/\/qiita.com\/#%E6%A7%8B%E6%88%90",
                "thumb_width": 1200,
                "thumb_height": 630,
                "service_icon": "https:\/\/cdn.qiita.com\/assets\/favicons\/public\/apple-touch-icon-ec5ba42a24ae923f16825592efdc356f.png",
                "id": 4,
                "original_url": "https:\/\/qiita.com\/#%E6%A7%8B%E6%88%90"
            }
        ],
        "edited": {
            "user": "BG3N7LG73",
            "ts": "1608038805.000000"
        }
    },
    {
        "type": "message",
        "subtype": "bot_message",
        "text": "<https:\/\/www.reddit.com\/r\/Terraform\/comments\/kdr7f8\/new_to_terraform_and_having_a_small_issue_with_a\/|New to Terraform and having a small issue with a local_exec\/remote_exec section?>\nHi everyone, First time posting here! My company is in the middle of migrating to an IaC model with Packer\/Terraform and I am completely new to Terraform! I have been messing around with it and recently updated my <https:\/\/main.tf\/|main.tf> to include the following: ​ provisioner \"local-exec\" {   command = \"Start-Sleep -Seconds 60\"  interpreter = [\"PowerShell\", \"-Command\"] }  provisioner \"local-exec\" { command = \"echo The server's IP address is ${self.default_ip_address}\" } When I...",
        "ts": "1608057407.112400",
        "username": "Terraform",
        "icons": {
            "image_48": "https:\/\/s3-us-west-2.amazonaws.com\/slack-files2\/bot_icons\/2019-02-12\/548785199618_48.png"
        },
        "bot_id": "BG3N7LG73",
        "attachments": [
            {
                "service_name": "reddit",
                "title": "New to Terraform and having a small issue with a local_exec\/remote_exec section?",
                "title_link": "https:\/\/www.reddit.com\/r\/Terraform\/comments\/kdr7f8\/new_to_terraform_and_having_a_small_issue_with_a\/",
                "text": "Hi everyone, First time posting here! My company is in the middle of migrating to an IaC model with Packer\/Terraform and I am completely new to...",
                "fallback": "reddit: New to Terraform and having a small issue with a local_exec\/remote_exec section?",
                "thumb_url": "https:\/\/www.redditstatic.com\/new-icon.png",
                "from_url": "https:\/\/www.reddit.com\/r\/Terraform\/comments\/kdr7f8\/new_to_terraform_and_having_a_small_issue_with_a\/",
                "thumb_width": 256,
                "thumb_height": 256,
                "service_icon": "http:\/\/www.redditstatic.com\/desktop2x\/img\/favicon\/apple-icon-57x57.png",
                "id": 1,
                "original_url": "https:\/\/www.reddit.com\/r\/Terraform\/comments\/kdr7f8\/new_to_terraform_and_having_a_small_issue_with_a\/"
            }
        ],
        "edited": {
            "user": "BG3N7LG73",
            "ts": "1608057407.000000"
        }
    },
    {
        "type": "message",
        "subtype": "bot_message",
        "text": "<https:\/\/www.reddit.com\/r\/Terraform\/comments\/kdrj9n\/for_each_output_help_please\/|for_each output help please>\nMy current output looks like this: output host { value = [for v in azurerm_kubernetes_cluster_this : v.kube_admin_config }  This outputs the correct information in the terminal: cluster-host = [ { client_certificate = asudhuasdh client_key = afdjaslkdhaksjhd cluster_ca_certificate = asbdjhasdiasd host = \"<https:\/\/foo.foo.com:443>\" }  How ever I am trying to only output the value of host, so \"<https:\/\/foo.foo.com\/|https:\/\/foo.foo.com:443>\" I cant seem to figure this out and it's...",
        "ts": "1608058010.112600",
        "username": "Terraform",
        "icons": {
            "image_48": "https:\/\/s3-us-west-2.amazonaws.com\/slack-files2\/bot_icons\/2019-02-12\/548785199618_48.png"
        },
        "bot_id": "BG3N7LG73",
        "attachments": [
            {
                "service_name": "reddit",
                "title": "for_each output help please",
                "title_link": "https:\/\/www.reddit.com\/r\/Terraform\/comments\/kdrj9n\/for_each_output_help_please\/",
                "text": "My current output looks like this: output host { value = [for v in azurerm_kubernetes_cluster_this : v.kube_admin_config ...",
                "fallback": "reddit: for_each output help please",
                "thumb_url": "https:\/\/www.redditstatic.com\/new-icon.png",
                "from_url": "https:\/\/www.reddit.com\/r\/Terraform\/comments\/kdrj9n\/for_each_output_help_please\/",
                "thumb_width": 256,
                "thumb_height": 256,
                "service_icon": "http:\/\/www.redditstatic.com\/desktop2x\/img\/favicon\/apple-icon-57x57.png",
                "id": 1,
                "original_url": "https:\/\/www.reddit.com\/r\/Terraform\/comments\/kdrj9n\/for_each_output_help_please\/"
            }
        ],
        "edited": {
            "user": "BG3N7LG73",
            "ts": "1608058011.000000"
        }
    },
    {
        "type": "message",
        "subtype": "bot_message",
        "text": "<https:\/\/www.reddit.com\/r\/Terraform\/comments\/kdrtrw\/issue_with_aws_load_balancerlistenerrule_tags\/|Issue with AWS load balancer\/listener\/rule tags using IAM ABAC policies>\nI'm running into a strange issue getting AccessDenied errors when creating load balancer rules.  My Terraform role has a policy following ABAC principles that expects a certain tag to be passed to Create and a certain tag on the resource for Modify\/Delete actions. A very trimmed down version (including only LB stuff) of what that looks like would be like: { \"Version\": \"2012-10-17\", \"Statement\": [ { \"Sid\": \"Create\", \"Effect\": \"Allow\", \"Action\": [ \"elasticloadbalancing:*Tags\",...",
        "ts": "1608059210.112800",
        "username": "Terraform",
        "icons": {
            "image_48": "https:\/\/s3-us-west-2.amazonaws.com\/slack-files2\/bot_icons\/2019-02-12\/548785199618_48.png"
        },
        "bot_id": "BG3N7LG73",
        "attachments": [
            {
                "service_name": "reddit",
                "title": "Issue with AWS load balancer\/listener\/rule tags using IAM ABAC policies",
                "title_link": "https:\/\/www.reddit.com\/r\/Terraform\/comments\/kdrtrw\/issue_with_aws_load_balancerlistenerrule_tags\/",
                "text": "I'm running into a strange issue getting AccessDenied errors when creating load balancer rules. My Terraform role has a policy following ABAC...",
                "fallback": "reddit: Issue with AWS load balancer\/listener\/rule tags using IAM ABAC policies",
                "thumb_url": "https:\/\/www.redditstatic.com\/new-icon.png",
                "from_url": "https:\/\/www.reddit.com\/r\/Terraform\/comments\/kdrtrw\/issue_with_aws_load_balancerlistenerrule_tags\/",
                "thumb_width": 256,
                "thumb_height": 256,
                "service_icon": "http:\/\/www.redditstatic.com\/desktop2x\/img\/favicon\/apple-icon-57x57.png",
                "id": 1,
                "original_url": "https:\/\/www.reddit.com\/r\/Terraform\/comments\/kdrtrw\/issue_with_aws_load_balancerlistenerrule_tags\/"
            }
        ],
        "edited": {
            "user": "BG3N7LG73",
            "ts": "1608059210.000000"
        }
    },
    {
        "type": "message",
        "subtype": "bot_message",
        "text": "<https:\/\/qiita.com\/KentOhwada_AlibabaCloudJapan\/items\/548c9fe1f78d0920ff62|DevOpsのためのInfrastructure as Codeのデプロイメントを持つことの重要性>\nこの記事では、DevOpsのためのInfrastructure as Codeのデプロイメントを持つことの重要性について説明し、Resource Orchestration Serviceを使ってそれを実現する方法を紹介します。\n\n本ブログは英語版からの翻訳です。オリジナルは<https:\/\/www.alibabacloud.com\/blog\/infrastructure-as-code-with-resource-orchestration-service_595493|こちら>からご確認いただけます。一部機械翻訳を使用しております。翻訳の間違いがありましたら、ご指摘いただけると幸いです。\n\n&lt;a href=\"https:\/\/www.alibabacloud.com\/blog?spm=a2c65.11461447.0.0.7e87432bdCznKB\" rel=\"nofollow noopener\" target=\"_blank\"&gt;Alibaba Cloud...",
        "ts": "1608086804.113000",
        "username": "Terraformタグが付けられた新着記事 - Qiita",
        "icons": {
            "image_36": "https:\/\/a.slack-edge.com\/80588\/img\/services\/rss_36.png",
            "image_48": "https:\/\/a.slack-edge.com\/80588\/img\/services\/rss_48.png",
            "image_72": "https:\/\/a.slack-edge.com\/80588\/img\/services\/rss_72.png"
        },
        "bot_id": "BG3N7LG73",
        "attachments": [
            {
                "service_name": "Qiita",
                "title": "DevOpsのためのInfrastructure as Codeのデプロイメントを持つことの重要性 - Qiita",
                "title_link": "https:\/\/qiita.com\/KentOhwada_AlibabaCloudJapan\/items\/548c9fe1f78d0920ff62",
                "text": "この記事では、DevOpsのためのInfrastructure as Codeのデプロイメントを持つことの重要性について説明し、Resource Orchestration Serviceを使ってそれを実現する方法を紹介します。 本...",
                "fallback": "Qiita: DevOpsのためのInfrastructure as Codeのデプロイメントを持つことの重要性 - Qiita",
                "image_url": "https:\/\/qiita-user-contents.imgix.net\/https%3A%2F%2Fcdn.qiita.com%2Fassets%2Fpublic%2Farticle-ogp-background-1150d8b18a7c15795b701a55ae908f94.png?ixlib=rb-1.2.2&w=1200&mark=https%3A%2F%2Fqiita-user-contents.imgix.net%2F~text%3Fixlib%3Drb-1.2.2%26w%3D840%26h%3D380%26txt%3DDevOps%25E3%2581%25AE%25E3%2581%259F%25E3%2582%2581%25E3%2581%25AEInfrastructure%2520as%2520Code%25E3%2581%25AE%25E3%2583%2587%25E3%2583%2597%25E3%2583%25AD%25E3%2582%25A4%25E3%2583%25A1%25E3%2583%25B3%25E3%2583%2588%25E3%2582%2592%25E6%258C%2581%25E3%2581%25A4%25E3%2581%2593%25E3%2581%25A8%25E3%2581%25AE%25E9%2587%258D%25E8%25A6%2581%25E6%2580%25A7%26txt-color%3D%2523333%26txt-font%3DHiragino%2520Sans%2520W6%26txt-size%3D54%26txt-clip%3Dellipsis%26txt-align%3Dcenter%252Cmiddle%26s%3D440bc3a43305ae951b9a80fd205e60d9&mark-align=center%2Cmiddle&blend=https%3A%2F%2Fqiita-user-contents.imgix.net%2F~text%3Fixlib%3Drb-1.2.2%26w%3D840%26h%3D500%26txt%3D%2540KentOhwada_AlibabaCloudJapan%26txt-color%3D%2523333%26txt-font%3DHiragino%2520Sans%2520W6%26txt-size%3D45%26txt-align%3Dright%252Cbottom%26s%3D3241a571b68a54ccf241940827239a25&blend-align=center%2Cmiddle&blend-mode=normal&s=c6b15d50d3956298cda88dd38c975eef",
                "from_url": "https:\/\/qiita.com\/KentOhwada_AlibabaCloudJapan\/items\/548c9fe1f78d0920ff62",
                "image_width": 476,
                "image_height": 250,
                "image_bytes": 74764,
                "service_icon": "https:\/\/cdn.qiita.com\/assets\/favicons\/public\/apple-touch-icon-ec5ba42a24ae923f16825592efdc356f.png",
                "id": 1,
                "original_url": "https:\/\/qiita.com\/KentOhwada_AlibabaCloudJapan\/items\/548c9fe1f78d0920ff62"
            },
            {
                "service_name": "Alibaba Cloud Community",
                "title": "Infrastructure as Code with Resource Orchestration Service",
                "title_link": "https:\/\/www.alibabacloud.com\/blog\/infrastructure-as-code-with-resource-orchestration-service_595493",
                "text": "In this post, we discuss the importance of having an Infrastructure as Code deployment for DevOps and show you how you can achieve it with Resource Orchestration Service.",
                "fallback": "Alibaba Cloud Community: Infrastructure as Code with Resource Orchestration Service",
                "image_url": "https:\/\/yqintl.alicdn.com\/9c65c6f9d62022b8d6e8edc0f13acefa6cd71eff.jpeg",
                "from_url": "https:\/\/www.alibabacloud.com\/blog\/infrastructure-as-code-with-resource-orchestration-service_595493",
                "image_width": 400,
                "image_height": 250,
                "image_bytes": 125936,
                "service_icon": "https:\/\/img.alicdn.com\/tfs\/TB1ugg7M9zqK1RjSZPxXXc4tVXa-32-32.png",
                "id": 2,
                "original_url": "https:\/\/www.alibabacloud.com\/blog\/infrastructure-as-code-with-resource-orchestration-service_595493"
            }
        ],
        "edited": {
            "user": "BG3N7LG73",
            "ts": "1608086804.000000"
        }
    }
]