[
    {
        "type": "message",
        "subtype": "bot_message",
        "text": "<https:\/\/qiita.com\/junkor-1011\/items\/b200e53ec4fba6ebcd05|terraformでec2上にmateデスクトップ環境を構築(Ubuntu20.04LTS)>\n<https:\/\/qiita.com\/#1-%E5%AE%9F%E8%A1%8C%E7%92%B0%E5%A2%83>1. 実行環境\n\nWindows10\ngit for windows(必須ではないが、Windows上でbashなどを使うため)\nTerraform v0.14.3\nawscli(2.1.14)\n前提条件として、aws configureを予め実行しておくなどして、自身のaws環境にawsコマンドでアクセスできるようにしておく。\n\nまた、今回terraformとawscliはscoopでインストールしている。\n\nscoop install aws terraform\n\n\nscoopのインストールは例えば\n<https:\/\/scoop.sh\/|https:\/\/scoop.sh\/> (公式)\n&lt;a...",
        "ts": "1609315601.128400",
        "username": "Terraformタグが付けられた新着記事 - Qiita",
        "icons": {
            "image_36": "https:\/\/a.slack-edge.com\/80588\/img\/services\/rss_36.png",
            "image_48": "https:\/\/a.slack-edge.com\/80588\/img\/services\/rss_48.png",
            "image_72": "https:\/\/a.slack-edge.com\/80588\/img\/services\/rss_72.png"
        },
        "bot_id": "BG3N7LG73",
        "attachments": [
            {
                "service_name": "Qiita",
                "title": "terraformでec2上にmateデスクトップ環境を構築(Ubuntu20.04LTS) - Qiita",
                "title_link": "https:\/\/qiita.com\/junkor-1011\/items\/b200e53ec4fba6ebcd05",
                "text": "1. 実行環境 Windows10 git for windows(必須ではないが、Windows上でbashなどを使うため) Terraform v0.14.3 awscli(2.1.14) 前提条件として、aws co...",
                "fallback": "Qiita: terraformでec2上にmateデスクトップ環境を構築(Ubuntu20.04LTS) - Qiita",
                "image_url": "https:\/\/qiita-user-contents.imgix.net\/https%3A%2F%2Fcdn.qiita.com%2Fassets%2Fpublic%2Farticle-ogp-background-1150d8b18a7c15795b701a55ae908f94.png?ixlib=rb-1.2.2&w=1200&mark=https%3A%2F%2Fqiita-user-contents.imgix.net%2F~text%3Fixlib%3Drb-1.2.2%26w%3D840%26h%3D380%26txt%3Dterraform%25E3%2581%25A7ec2%25E4%25B8%258A%25E3%2581%25ABmate%25E3%2583%2587%25E3%2582%25B9%25E3%2582%25AF%25E3%2583%2588%25E3%2583%2583%25E3%2583%2597%25E7%2592%25B0%25E5%25A2%2583%25E3%2582%2592%25E6%25A7%258B%25E7%25AF%2589%2528Ubuntu20.04LTS%2529%26txt-color%3D%2523333%26txt-font%3DHiragino%2520Sans%2520W6%26txt-size%3D54%26txt-clip%3Dellipsis%26txt-align%3Dcenter%252Cmiddle%26s%3D8ca45783367fa72c21bf5485224ea7b4&mark-align=center%2Cmiddle&blend=https%3A%2F%2Fqiita-user-contents.imgix.net%2F~text%3Fixlib%3Drb-1.2.2%26w%3D840%26h%3D500%26txt%3D%2540junkor-1011%26txt-color%3D%2523333%26txt-font%3DHiragino%2520Sans%2520W6%26txt-size%3D45%26txt-align%3Dright%252Cbottom%26s%3Dd7d8f4322287b5470db6a0eefb8f52e4&blend-align=center%2Cmiddle&blend-mode=normal&s=3c7b9aed2716231854db6c1b0f4f5c2a",
                "from_url": "https:\/\/qiita.com\/junkor-1011\/items\/b200e53ec4fba6ebcd05",
                "image_width": 476,
                "image_height": 250,
                "image_bytes": 61226,
                "service_icon": "https:\/\/cdn.qiita.com\/assets\/favicons\/public\/apple-touch-icon-ec5ba42a24ae923f16825592efdc356f.png",
                "id": 1,
                "original_url": "https:\/\/qiita.com\/junkor-1011\/items\/b200e53ec4fba6ebcd05"
            },
            {
                "service_name": "Qiita",
                "title": "プログラマの技術情報共有サービス - Qiita",
                "title_link": "https:\/\/qiita.com\/#1-%E5%AE%9F%E8%A1%8C%E7%92%B0%E5%A2%83",
                "text": "Qiitaは、プログラマのための技術情報共有サービスです。 プログラミングに関するTips、ノウハウ、メモを簡単に記録 &amp; 公開することができます。",
                "fallback": "Qiita: プログラマの技術情報共有サービス - Qiita",
                "thumb_url": "https:\/\/cdn.qiita.com\/assets\/qiita-fb-41f9429f13a8c56f50dd0ab477c80d26.png",
                "from_url": "https:\/\/qiita.com\/#1-%E5%AE%9F%E8%A1%8C%E7%92%B0%E5%A2%83",
                "thumb_width": 1200,
                "thumb_height": 630,
                "service_icon": "https:\/\/cdn.qiita.com\/assets\/favicons\/public\/apple-touch-icon-ec5ba42a24ae923f16825592efdc356f.png",
                "id": 2,
                "original_url": "https:\/\/qiita.com\/#1-%E5%AE%9F%E8%A1%8C%E7%92%B0%E5%A2%83"
            }
        ],
        "edited": {
            "user": "BG3N7LG73",
            "ts": "1609315602.000000"
        }
    },
    {
        "type": "message",
        "subtype": "bot_message",
        "text": "<https:\/\/qiita.com\/neruneruo\/items\/9c44d44468a8fbf19e67|サービスディスカバリを使ってECSタスクの負荷分散をする>\n<https:\/\/qiita.com\/#%E3%81%AF%E3%81%98%E3%82%81%E3%81%AB>はじめに\n\nECS ＋ Fargate での負荷分散は以下のように行うのが基礎の基礎として教わるところだと思うが、他にも負荷分散の方法がある。\n\n<https:\/\/qiita-user-contents.imgix.net\/https%3A%2F%2Fqiita-image-store.s3.ap-northeast-1.amazonaws.com%2F0%2F111314%2F75f4d25b-9bb5-89bf-4b19-80430e587744.png?ixlib=rb-1.2.2&amp;auto=format&amp;gif-q=60&amp;q=75&amp;s=b88e2fb253985711837992e585e2b996>\n\nECS でサービス作成時に設定する「サービスディスカバリ」を使うことで、DNS を使って負荷分散が可能になる。...",
        "ts": "1609326401.128600",
        "username": "Terraformタグが付けられた新着記事 - Qiita",
        "icons": {
            "image_36": "https:\/\/a.slack-edge.com\/80588\/img\/services\/rss_36.png",
            "image_48": "https:\/\/a.slack-edge.com\/80588\/img\/services\/rss_48.png",
            "image_72": "https:\/\/a.slack-edge.com\/80588\/img\/services\/rss_72.png"
        },
        "bot_id": "BG3N7LG73",
        "attachments": [
            {
                "service_name": "Qiita",
                "title": "サービスディスカバリを使ってECSタスクの負荷分散をする - Qiita",
                "title_link": "https:\/\/qiita.com\/neruneruo\/items\/9c44d44468a8fbf19e67",
                "text": "はじめに ECS ＋ Fargate での負荷分散は以下のように行うのが基礎の基礎として教わるところだと思うが、他にも負荷分散の方法がある。 ECS でサービス作成時に設定する「サービスディスカバリ」を使うことで、DNS ...",
                "fallback": "Qiita: サービスディスカバリを使ってECSタスクの負荷分散をする - Qiita",
                "image_url": "https:\/\/qiita-user-contents.imgix.net\/https%3A%2F%2Fcdn.qiita.com%2Fassets%2Fpublic%2Farticle-ogp-background-1150d8b18a7c15795b701a55ae908f94.png?ixlib=rb-1.2.2&w=1200&mark=https%3A%2F%2Fqiita-user-contents.imgix.net%2F~text%3Fixlib%3Drb-1.2.2%26w%3D840%26h%3D380%26txt%3D%25E3%2582%25B5%25E3%2583%25BC%25E3%2583%2593%25E3%2582%25B9%25E3%2583%2587%25E3%2582%25A3%25E3%2582%25B9%25E3%2582%25AB%25E3%2583%2590%25E3%2583%25AA%25E3%2582%2592%25E4%25BD%25BF%25E3%2581%25A3%25E3%2581%25A6ECS%25E3%2582%25BF%25E3%2582%25B9%25E3%2582%25AF%25E3%2581%25AE%25E8%25B2%25A0%25E8%258D%25B7%25E5%2588%2586%25E6%2595%25A3%25E3%2582%2592%25E3%2581%2599%25E3%2582%258B%26txt-color%3D%2523333%26txt-font%3DHiragino%2520Sans%2520W6%26txt-size%3D54%26txt-clip%3Dellipsis%26txt-align%3Dcenter%252Cmiddle%26s%3De003e402d25a1d182d6dc051380c367a&mark-align=center%2Cmiddle&blend=https%3A%2F%2Fqiita-user-contents.imgix.net%2F~text%3Fixlib%3Drb-1.2.2%26w%3D840%26h%3D500%26txt%3D%2540neruneruo%26txt-color%3D%2523333%26txt-font%3DHiragino%2520Sans%2520W6%26txt-size%3D45%26txt-align%3Dright%252Cbottom%26s%3D0a897fb56a0410946e0f3f1cb6106bf0&blend-align=center%2Cmiddle&blend-mode=normal&s=d4a5c221edab1c30c246bdada6bd6509",
                "from_url": "https:\/\/qiita.com\/neruneruo\/items\/9c44d44468a8fbf19e67",
                "image_width": 476,
                "image_height": 250,
                "image_bytes": 56156,
                "service_icon": "https:\/\/cdn.qiita.com\/assets\/favicons\/public\/apple-touch-icon-ec5ba42a24ae923f16825592efdc356f.png",
                "id": 1,
                "original_url": "https:\/\/qiita.com\/neruneruo\/items\/9c44d44468a8fbf19e67"
            },
            {
                "service_name": "Qiita",
                "title": "プログラマの技術情報共有サービス - Qiita",
                "title_link": "https:\/\/qiita.com\/#%E3%81%AF%E3%81%98%E3%82%81%E3%81%AB",
                "text": "Qiitaは、プログラマのための技術情報共有サービスです。 プログラミングに関するTips、ノウハウ、メモを簡単に記録 &amp; 公開することができます。",
                "fallback": "Qiita: プログラマの技術情報共有サービス - Qiita",
                "thumb_url": "https:\/\/cdn.qiita.com\/assets\/qiita-fb-41f9429f13a8c56f50dd0ab477c80d26.png",
                "from_url": "https:\/\/qiita.com\/#%E3%81%AF%E3%81%98%E3%82%81%E3%81%AB",
                "thumb_width": 1200,
                "thumb_height": 630,
                "service_icon": "https:\/\/cdn.qiita.com\/assets\/favicons\/public\/apple-touch-icon-ec5ba42a24ae923f16825592efdc356f.png",
                "id": 2,
                "original_url": "https:\/\/qiita.com\/#%E3%81%AF%E3%81%98%E3%82%81%E3%81%AB"
            },
            {
                "fallback": "465x201px image",
                "image_url": "https:\/\/qiita-user-contents.imgix.net\/https%3A%2F%2Fqiita-image-store.s3.ap-northeast-1.amazonaws.com%2F0%2F111314%2F75f4d25b-9bb5-89bf-4b19-80430e587744.png?ixlib=rb-1.2.2&auto=format&gif-q=60&q=75&s=b88e2fb253985711837992e585e2b996",
                "image_width": 465,
                "image_height": 201,
                "image_bytes": 12936,
                "from_url": "https:\/\/qiita-user-contents.imgix.net\/https%3A%2F%2Fqiita-image-store.s3.ap-northeast-1.amazonaws.com%2F0%2F111314%2F75f4d25b-9bb5-89bf-4b19-80430e587744.png?ixlib=rb-1.2.2&auto=format&gif-q=60&q=75&s=b88e2fb253985711837992e585e2b996",
                "id": 3,
                "original_url": "https:\/\/qiita-user-contents.imgix.net\/https%3A%2F%2Fqiita-image-store.s3.ap-northeast-1.amazonaws.com%2F0%2F111314%2F75f4d25b-9bb5-89bf-4b19-80430e587744.png?ixlib=rb-1.2.2&amp;auto=format&amp;gif-q=60&amp;q=75&amp;s=b88e2fb253985711837992e585e2b996"
            }
        ],
        "edited": {
            "user": "BG3N7LG73",
            "ts": "1609326401.000000"
        }
    },
    {
        "type": "message",
        "subtype": "bot_message",
        "text": "<https:\/\/www.reddit.com\/r\/Terraform\/comments\/kn3g72\/understanding_the_remote_state\/|understanding the remote state>\nJust so I understand the purpose of remote state, meaning Terraform is tracking what the infrastructure last looked like in terraform.tfstate - a local file unless also stored somewhere remotely such as in AWS S3, to share with a team (\"remote state storage\", correct?)... anyways, the purpose of the remote state kept in terraform.tfstate is to track the last state we had for the infrastructure such as AWS infrastructure, and lets say our terraform code had only declared two EC2 instances....",
        "ts": "1609340204.128800",
        "username": "Terraform",
        "icons": {
            "image_48": "https:\/\/s3-us-west-2.amazonaws.com\/slack-files2\/bot_icons\/2019-02-12\/548785199618_48.png"
        },
        "bot_id": "BG3N7LG73",
        "attachments": [
            {
                "service_name": "reddit",
                "title": "understanding the remote state",
                "title_link": "https:\/\/www.reddit.com\/r\/Terraform\/comments\/kn3g72\/understanding_the_remote_state\/",
                "text": "Just so I understand the purpose of remote state, meaning Terraform is tracking what the infrastructure last looked like in `terraform.tfstate` -...",
                "fallback": "reddit: understanding the remote state",
                "thumb_url": "https:\/\/www.redditstatic.com\/new-icon.png",
                "from_url": "https:\/\/www.reddit.com\/r\/Terraform\/comments\/kn3g72\/understanding_the_remote_state\/",
                "thumb_width": 256,
                "thumb_height": 256,
                "service_icon": "http:\/\/www.redditstatic.com\/desktop2x\/img\/favicon\/apple-icon-57x57.png",
                "id": 1,
                "original_url": "https:\/\/www.reddit.com\/r\/Terraform\/comments\/kn3g72\/understanding_the_remote_state\/"
            }
        ],
        "edited": {
            "user": "BG3N7LG73",
            "ts": "1609340204.000000"
        }
    },
    {
        "type": "message",
        "subtype": "bot_message",
        "text": "<https:\/\/www.reddit.com\/r\/Terraform\/comments\/kn4qc0\/could_use_some_advice_designing_a_wrapper\/|Could use some advice designing a wrapper function to create AWS users>\nIt was a slow day due to holidays today so I spent a few hours writing a nifty little bash script that uses sed to append new user resources to a <http:\/\/var.tf|var.tf> file used for describing our AWS login profile. I've already cut down on the messyness of creating the user resources by making a module for it, so all that really gets appended is: sample_user = { aws_username = \"<mailto:sample.user@company.com|sample.user@company.com>\", groups = [\"sample_group1\", \"sample_group2\"] },  The script basically runs like .\/create_user.sh...",
        "ts": "1609344405.129000",
        "username": "Terraform",
        "icons": {
            "image_48": "https:\/\/s3-us-west-2.amazonaws.com\/slack-files2\/bot_icons\/2019-02-12\/548785199618_48.png"
        },
        "bot_id": "BG3N7LG73",
        "attachments": [
            {
                "service_name": "reddit",
                "title": "Could use some advice designing a wrapper function to create AWS users",
                "title_link": "https:\/\/www.reddit.com\/r\/Terraform\/comments\/kn4qc0\/could_use_some_advice_designing_a_wrapper\/",
                "text": "It was a slow day due to holidays today so I spent a few hours writing a nifty little bash script that uses sed to append new user resources to a...",
                "fallback": "reddit: Could use some advice designing a wrapper function to create AWS users",
                "thumb_url": "https:\/\/www.redditstatic.com\/new-icon.png",
                "from_url": "https:\/\/www.reddit.com\/r\/Terraform\/comments\/kn4qc0\/could_use_some_advice_designing_a_wrapper\/",
                "thumb_width": 256,
                "thumb_height": 256,
                "service_icon": "http:\/\/www.redditstatic.com\/desktop2x\/img\/favicon\/apple-icon-57x57.png",
                "id": 1,
                "original_url": "https:\/\/www.reddit.com\/r\/Terraform\/comments\/kn4qc0\/could_use_some_advice_designing_a_wrapper\/"
            }
        ],
        "edited": {
            "user": "BG3N7LG73",
            "ts": "1609344406.000000"
        }
    },
    {
        "type": "message",
        "subtype": "bot_message",
        "text": "<https:\/\/www.reddit.com\/r\/Terraform\/comments\/kn6to3\/how_can_i_merge_these_objects\/|How can I merge these objects?>\nI have an object that looks like this: data_vms = { a = { vm = { centralus = {} eastus2 = { dataa01 = { things = \"stuff\" } dataa02 = { things = \"stuff\" } } } } b = { vm = { centralus = {} eastus2 = { datab01 = { things = \"stuff\" } datab02 = { things = \"stuff\" } } } } }  I need to transform it into something like this: fixed_data_vms = { vm = { centralus = {} eastus2 = { dataa01 = { things = \"stuff\" } dataa02 = { things = \"stuff\" } datab01 = { things = \"stuff\" } datab02 = { things = \"stuff\" }...",
        "ts": "1609351605.129200",
        "username": "Terraform",
        "icons": {
            "image_48": "https:\/\/s3-us-west-2.amazonaws.com\/slack-files2\/bot_icons\/2019-02-12\/548785199618_48.png"
        },
        "bot_id": "BG3N7LG73",
        "attachments": [
            {
                "service_name": "reddit",
                "title": "How can I merge these objects?",
                "title_link": "https:\/\/www.reddit.com\/r\/Terraform\/comments\/kn6to3\/how_can_i_merge_these_objects\/",
                "text": "I have an object that looks like this: data_vms = { a = { vm = { centralus = {} eastus2 = { ...",
                "fallback": "reddit: How can I merge these objects?",
                "thumb_url": "https:\/\/www.redditstatic.com\/new-icon.png",
                "from_url": "https:\/\/www.reddit.com\/r\/Terraform\/comments\/kn6to3\/how_can_i_merge_these_objects\/",
                "thumb_width": 256,
                "thumb_height": 256,
                "service_icon": "http:\/\/www.redditstatic.com\/desktop2x\/img\/favicon\/apple-icon-57x57.png",
                "id": 1,
                "original_url": "https:\/\/www.reddit.com\/r\/Terraform\/comments\/kn6to3\/how_can_i_merge_these_objects\/"
            }
        ],
        "edited": {
            "user": "BG3N7LG73",
            "ts": "1609351605.000000"
        }
    },
    {
        "type": "message",
        "subtype": "bot_message",
        "text": "<https:\/\/www.reddit.com\/r\/Terraform\/comments\/knaxp4\/build_aws_labs_like_qwiklabscom\/|Build AWS Labs like qwiklabs.com>\nHi All Does anyone know how to build temporary student lab environments in AWS similar to <https:\/\/qwiklabs.com\/|qwiklabs.com> and Acloudguru? These sites give you a login to a temporary tenant for your self?    submitted by   <https:\/\/www.reddit.com\/user\/RockZeno| \/u\/RockZeno > \n<https:\/\/www.reddit.com\/r\/Terraform\/comments\/knaxp4\/build_aws_labs_like_qwiklabscom\/|[link]>   &lt;a...",
        "ts": "1609363606.129400",
        "username": "Terraform",
        "icons": {
            "image_48": "https:\/\/s3-us-west-2.amazonaws.com\/slack-files2\/bot_icons\/2019-02-12\/548785199618_48.png"
        },
        "bot_id": "BG3N7LG73",
        "attachments": [
            {
                "service_name": "reddit",
                "title": "Build AWS Labs like qwiklabs.com",
                "title_link": "https:\/\/www.reddit.com\/r\/Terraform\/comments\/knaxp4\/build_aws_labs_like_qwiklabscom\/",
                "text": "Hi All Does anyone know how to build temporary student lab environments in AWS similar to [<http:\/\/qwiklabs.com|qwiklabs.com>](<https:\/\/qwiklabs.com>) and Acloudguru?...",
                "fallback": "reddit: Build AWS Labs like qwiklabs.com",
                "thumb_url": "https:\/\/www.redditstatic.com\/new-icon.png",
                "from_url": "https:\/\/www.reddit.com\/r\/Terraform\/comments\/knaxp4\/build_aws_labs_like_qwiklabscom\/",
                "thumb_width": 256,
                "thumb_height": 256,
                "service_icon": "http:\/\/www.redditstatic.com\/desktop2x\/img\/favicon\/apple-icon-57x57.png",
                "id": 1,
                "original_url": "https:\/\/www.reddit.com\/r\/Terraform\/comments\/knaxp4\/build_aws_labs_like_qwiklabscom\/"
            },
            {
                "service_name": "Qwiklabs",
                "title": "Qwiklabs - Hands-On Cloud Training",
                "title_link": "https:\/\/qwiklabs.com\/",
                "text": "Qwiklabs provides real cloud environments that help developers and IT professionals learn cloud platforms and software, such as Firebase, Kubernetes and more.",
                "fallback": "Qwiklabs: Qwiklabs - Hands-On Cloud Training",
                "from_url": "https:\/\/qwiklabs.com\/",
                "thumb_url": "https:\/\/qwiklabs.com\/favicon-144.png",
                "thumb_width": 144,
                "thumb_height": 144,
                "id": 2,
                "original_url": "https:\/\/qwiklabs.com\/"
            },
            {
                "title": "overview for RockZeno",
                "title_link": "https:\/\/www.reddit.com\/user\/RockZeno",
                "text": "The u\/RockZeno community on Reddit. Reddit gives you the best of the internet in one place.",
                "fallback": "overview for RockZeno",
                "from_url": "https:\/\/www.reddit.com\/user\/RockZeno",
                "service_icon": "http:\/\/www.redditstatic.com\/desktop2x\/img\/favicon\/apple-icon-57x57.png",
                "service_name": "reddit.com",
                "id": 3,
                "original_url": "https:\/\/www.reddit.com\/user\/RockZeno"
            }
        ],
        "edited": {
            "user": "BG3N7LG73",
            "ts": "1609363606.000000"
        }
    },
    {
        "type": "message",
        "subtype": "bot_message",
        "text": "<https:\/\/www.reddit.com\/r\/Terraform\/comments\/kne0ys\/100_servers_15_common_alerts_module_or_for_each\/|100 Servers 15 common alerts - Module or for_each>\nHello, I have 100 Servers which need 15 common alerts. How do I archive this please? Is using module the way to go or using a loop like for_each.    submitted by   <https:\/\/www.reddit.com\/user\/Equip_nox0| \/u\/Equip_nox0 > \n<https:\/\/www.reddit.com\/r\/Terraform\/comments\/kne0ys\/100_servers_15_common_alerts_module_or_for_each\/|[link]>   <https:\/\/www.reddit.com\/r\/Terraform\/comments\/kne0ys\/100_servers_15_common_alerts_module_or_for_each\/|[comments]>",
        "ts": "1609373209.129600",
        "username": "Terraform",
        "icons": {
            "image_48": "https:\/\/s3-us-west-2.amazonaws.com\/slack-files2\/bot_icons\/2019-02-12\/548785199618_48.png"
        },
        "bot_id": "BG3N7LG73",
        "attachments": [
            {
                "service_name": "reddit",
                "title": "100 Servers 15 common alerts - Module or for_each",
                "title_link": "https:\/\/www.reddit.com\/r\/Terraform\/comments\/kne0ys\/100_servers_15_common_alerts_module_or_for_each\/",
                "text": "Hello, I have 100 Servers which need 15 common alerts. How do I archive this please? Is using module the way to go or using a loop like for_each.",
                "fallback": "reddit: 100 Servers 15 common alerts - Module or for_each",
                "thumb_url": "https:\/\/www.redditstatic.com\/new-icon.png",
                "from_url": "https:\/\/www.reddit.com\/r\/Terraform\/comments\/kne0ys\/100_servers_15_common_alerts_module_or_for_each\/",
                "thumb_width": 256,
                "thumb_height": 256,
                "service_icon": "http:\/\/www.redditstatic.com\/desktop2x\/img\/favicon\/apple-icon-57x57.png",
                "id": 1,
                "original_url": "https:\/\/www.reddit.com\/r\/Terraform\/comments\/kne0ys\/100_servers_15_common_alerts_module_or_for_each\/"
            },
            {
                "title": "overview for Equip_nox0",
                "title_link": "https:\/\/www.reddit.com\/user\/Equip_nox0",
                "text": "The u\/Equip_nox0 community on Reddit. Reddit gives you the best of the internet in one place.",
                "fallback": "overview for Equip_nox0",
                "from_url": "https:\/\/www.reddit.com\/user\/Equip_nox0",
                "service_icon": "http:\/\/www.redditstatic.com\/desktop2x\/img\/favicon\/apple-icon-57x57.png",
                "service_name": "reddit.com",
                "id": 2,
                "original_url": "https:\/\/www.reddit.com\/user\/Equip_nox0"
            }
        ],
        "edited": {
            "user": "BG3N7LG73",
            "ts": "1609373210.000000"
        }
    }
]