[
    {
        "type": "message",
        "subtype": "bot_message",
        "text": "",
        "ts": "1618729784.005100",
        "bot_id": "BG2UDF0NA",
        "attachments": [
            {
                "fallback": "terraform-linters\/tflint on GitHub\nv0.27.0v0.27.0 updated\nrelease note: <https:\/\/newreleases.io\/github\/terraform-linters\/tflint?version=v0.27.0>",
                "text": "*v0.27.0* `v0.27.0` _updated_\n```\n-------------------\n0.27.0 (2021-04-18)\n-------------------\n\nThis release adds support for Terraform v0.15. We strongly recommend that you update to Terraform v0.15 before updating TFLint to this version. See the upgrade guide ( <https:\/\/www.terraform.io\/upgrade-guides\/0-15.html> ) for details.\n\nBreaking Changes\n----------------\n\n* #1096 ( <https:\/\/github.com\/terraform-linters\/tflint\/pull\/1096> ) #1099 ( <https:\/\/github.com\/terraform-linters\/tflint\/pull\/1099> ) : build(deps): Bump <http:\/\/github.com\/hashicorp\/terraform|github.com\/hashicorp\/terraform> from 0.14.9 to 0.15.0\n\nChores\n------\n\n* #1095 ( <https:\/\/github.com\/terraform-linters\/tflint\/pull\/1095> ) : Add README about GitHub Actions ( @wata727 ( <https:\/\/github.com\/wata727> ) )\n```\n<https:\/\/newreleases.io\/github\/terraform-linters\/tflint?version=v0.27.0|release note...>",
                "title": "terraform-linters\/tflint on GitHub",
                "id": 1,
                "title_link": "https:\/\/newreleases.io\/github\/terraform-linters\/tflint",
                "mrkdwn_in": [
                    "text"
                ]
            }
        ]
    }
]