[
    {
        "type": "message",
        "subtype": "bot_message",
        "text": "",
        "ts": "1619335107.005800",
        "bot_id": "BG2UDF0NA",
        "attachments": [
            {
                "fallback": "terraform-linters\/tflint on GitHub\nv0.28.0",
                "text": "`v0.28.0`",
                "title": "terraform-linters\/tflint on GitHub",
                "id": 1,
                "title_link": "https:\/\/newreleases.io\/github\/terraform-linters\/tflint",
                "mrkdwn_in": [
                    "text"
                ]
            }
        ]
    },
    {
        "type": "message",
        "subtype": "bot_message",
        "text": "",
        "ts": "1619336305.005900",
        "bot_id": "BG2UDF0NA",
        "attachments": [
            {
                "fallback": "terraform-linters\/tflint on GitHub\nv0.28.0v0.28.0 updated\nrelease note: <https:\/\/newreleases.io\/github\/terraform-linters\/tflint?version=v0.28.0>",
                "text": "*v0.28.0* `v0.28.0` _updated_\n```\n-------------------\n0.28.0 (2021-04-25)\n-------------------\n\nGPG key ID: 8CE69160EB3F2FE9\n\nEnhancements\n------------\n\n* #1107 ( <https:\/\/github.com\/terraform-linters\/tflint\/pull\/1107> ) : Bump bundled AWS ruleset plugin ( @wata727 ( <https:\/\/github.com\/wata727> ) )\n\nBugFixes\n--------\n\n* #1105 ( <https:\/\/github.com\/terraform-linters\/tflint\/pull\/1105> ) : Fix crash when passed --enable-rule with a configured rule ( @wata727 ( <https:\/\/github.com\/wata727> ) )\n\n* #1106 ( <https:\/\/github.com\/terraform-linters\/tflint\/pull\/1106> ) : Fix crash when passed --only with a configured rule ( @wata727 ( <https:\/\/github.com\/wata727> ) )\n\nChores\n------\n\n* #1100 ( <https:\/\/github.com\/terraform-linters\/tflint\/pull\/1100> ) : build(deps): Bump actions\/cache from v2.1.4 to v2.1.5\n\n* #1104 ( <https:\/\/github.com\/terraform-linters\/tflint\/pull\/1104> ) : add integration test for map[string]string attr ( @bendrucker ( <https:\/\/github.com\/bendrucker> ) )\n```\n<https:\/\/newreleases.io\/github\/terraform-linters\/tflint?version=v0.28.0|release note...>",
                "title": "terraform-linters\/tflint on GitHub",
                "id": 1,
                "title_link": "https:\/\/newreleases.io\/github\/terraform-linters\/tflint",
                "mrkdwn_in": [
                    "text"
                ]
            }
        ]
    }
]