[
    {
        "type": "message",
        "subtype": "bot_message",
        "text": "",
        "ts": "1619791734.006700",
        "bot_id": "BG2UDF0NA",
        "attachments": [
            {
                "fallback": "cloudposse\/terraform-aws-dynamodb on GitHub\nv0.26.00.26.0 \nrelease note: <https:\/\/newreleases.io\/github\/cloudposse\/terraform-aws-dynamodb?version=0.26.0>",
                "text": "*v0.26.0* `0.26.0` \n```\nDynamodb table replica support @mwarkentin (#83)\n\n## what\n\n* This feature will allow setting replica configurations for aws_dynamodb_table resource.\n\n---\nwhy\n---\n\n* According to the note at AWS provider v3.4.0 docs ( <https:\/\/registry.terraform.io\/providers\/hashicorp\/aws\/latest\/docs\/resources\/dynamodb_global_table> ) , it's recommended to use replica configuration instead of aws_dynamodb_global_table resource and there is a lack of that functionality in this module.\n\n----------\nreferences\n----------\n\n* Closes #41\n\n* Replaces #66, #82\n```\n<https:\/\/newreleases.io\/github\/cloudposse\/terraform-aws-dynamodb?version=0.26.0|release note...>",
                "title": "cloudposse\/terraform-aws-dynamodb on GitHub",
                "id": 1,
                "title_link": "https:\/\/newreleases.io\/github\/cloudposse\/terraform-aws-dynamodb",
                "mrkdwn_in": [
                    "text"
                ]
            }
        ]
    }
]