[
    {
        "type": "message",
        "subtype": "bot_message",
        "text": "",
        "ts": "1618727842.005000",
        "bot_id": "BG2UDF0NA",
        "attachments": [
            {
                "fallback": "terraform-linters\/tflint on GitHub\nv0.27.0",
                "text": "`v0.27.0`",
                "title": "terraform-linters\/tflint on GitHub",
                "id": 1,
                "title_link": "https:\/\/newreleases.io\/github\/terraform-linters\/tflint",
                "mrkdwn_in": [
                    "text"
                ]
            }
        ]
    }
]