[
    {
        "type": "message",
        "subtype": "bot_message",
        "text": "",
        "ts": "1617927210.003600",
        "bot_id": "BG2UDF0NA",
        "attachments": [
            {
                "fallback": "terraform-providers\/terraform-provider-azurerm on GitHub\nv2.55.0",
                "text": "`v2.55.0`",
                "title": "terraform-providers\/terraform-provider-azurerm on GitHub",
                "id": 1,
                "title_link": "https:\/\/newreleases.io\/github\/terraform-providers\/terraform-provider-azurerm",
                "mrkdwn_in": [
                    "text"
                ]
            }
        ]
    },
    {
        "type": "message",
        "subtype": "bot_message",
        "text": "",
        "ts": "1617929508.003800",
        "bot_id": "BG2UDF0NA",
        "attachments": [
            {
                "fallback": "terraform-providers\/terraform-provider-azurerm on GitHub\nv2.55.0v2.55.0 updated\nrelease note: <https:\/\/newreleases.io\/github\/terraform-providers\/terraform-provider-azurerm?version=v2.55.0>",
                "text": "*v2.55.0* `v2.55.0` _updated_\n```\n-----------------------\n2.55.0 (April 08, 2021)\n-----------------------\n\nFEATURES:\n\n* *New Resource:* azurerm_api_management_email_template ( #10914 ( <https:\/\/github.com\/terraform-providers\/terraform-provider-azurerm\/issues\/10914> ) )\n\n* *New Resource:* azurerm_communication_service ( #11066 ( <https:\/\/github.com\/terraform-providers\/terraform-provider-azurerm\/issues\/11066> ) )\n\n* *New Resource:* azurerm_express_route_port ( #10074 ( <https:\/\/github.com\/terraform-providers\/terraform-provider-azurerm\/issues\/10074> ) )\n\n* *New Resource:* azurerm_spring_cloud_app_redis_association ( #11154 ( <https:\/\/github.com\/terraform-providers\/terraform-provider-azurerm\/issues\/11154> ) )\n\nENHANCEMENTS:\n\n* Data Source: azurerm_user_assigned_identity - exporting tenant_id ( #11253 ( <https:\/\/github.com\/terraform-providers\/terraform-provider-azurerm\/issues\/11253> ) )\n\n* Data Source: azurerm_function_app - exporting client_cert_mode ( #11161 ( <https:\/\/github.com\/terraform-providers\/terraform-provider-azurerm\/issues\/11161> ) )\n\n* azurerm_eventgrid_data_connection - support for the table_name , mapping_rule_name , and data_format properties ( #11157 ( <https:\/\/github.com\/terraform-providers\/terraform-provider-azurerm\/issues\/11157> ) )\n\n* azurerm_hpc_cache - support for configuring dns ( #11236 ( <https:\/\/github.com\/terraform-providers\/terraform-provider-azurerm\/issues\/11236> ) )\n\n* azurerm_hpc_cache - support for configuring ntp_server ( #11236 ( <https:\/\/github.com\/terraform-providers\/terraform-provider-azurerm\/issues\/11236> ) )\n\n* azurerm_hpc_cache_nfs_target - support for the access_policy_name property ( #11186 ( <https:\/\/github.com\/terraform-providers\/terraform-provider-azurerm\/issues\/11186> ) )\n\n* azurerm_hpc_cache_nfs_target - usage_model can now be set to READ_HEAVY_CHECK_180 , WRITE_WORKLOAD_CHECK_30 , WRITE_WORKLOAD_CHECK_60 and WRITE_WORKLOAD_CLOUDWS ( #11247 ( <https:\/\/github.com\/terraform-providers\/terraform-provider-azurerm\/issues\/11247> ) )\n\n* azurerm_function_app - support for configuring client_cert_mode ( #11161 ( <https:\/\/github.com\/terraform-providers\/terraform-provider-azurerm\/issues\/11161> ) )\n\n* azurerm_netapp_volume - adding root_access_enabled to the export_policy_rule block ( #11105 ( <https:\/\/github.com\/terraform-providers\/terraform-provider-azurerm\/issues\/11105> ) )\n\n* azurerm_private_endpoint - allows for an alias to specified ( #10779 ( <https:\/\/github.com\/terraform-providers\/terraform-provider-azurerm\/issues\/10779> ) )\n\n* azurerm_user_assigned_identity - exporting tenant_id ( #11253 ( <https:\/\/github.com\/terraform-providers\/terraform-provider-azurerm\/issues\/11253> ) )\n\n* azurerm_web_application_firewall_policy - version within the managed_rule_set block can now be set to (OWASP) 3.2 ( #11244 ( <https:\/\/github.com\/terraform-providers\/terraform-provider-azurerm\/issues\/11244> ) )\n\nBUG FIXES:\n\n* Data Source: azurerm_dns_zone - fixing a bug where the Resource ID wouldn't contain the Resource Group name when looking this up ( #11221 ( <https:\/\/github.com\/terraform-providers\/terraform-provider-azurerm\/issues\/11221> ) )\n\n* azurerm_media_service_account - storage_authentication_type correctly accepts both ManagedIdentity and System ( #11222 ( <https:\/\/github.com\/terraform-providers\/terraform-provider-azurerm\/issues\/11222> ) )\n\n* azurerm_web_application_firewall_policy - http_listener_ids and path_based_rule_ids are now Computed only ( #11196 ( <https:\/\/github.com\/terraform-providers\/terraform-provider-azurerm\/issues\/11196> ) )\n```\n<https:\/\/newreleases.io\/github\/terraform-providers\/terraform-provider-azurerm?version=v2.55.0|release note...>",
                "title": "terraform-providers\/terraform-provider-azurerm on GitHub",
                "id": 1,
                "title_link": "https:\/\/newreleases.io\/github\/terraform-providers\/terraform-provider-azurerm",
                "mrkdwn_in": [
                    "text"
                ]
            }
        ]
    },
    {
        "type": "message",
        "subtype": "bot_message",
        "text": "",
        "ts": "1617935701.003900",
        "bot_id": "BG2UDF0NA",
        "attachments": [
            {
                "fallback": "hashicorp\/terraform-provider-aws on GitHub\nv3.36.0",
                "text": "`v3.36.0`",
                "title": "hashicorp\/terraform-provider-aws on GitHub",
                "id": 1,
                "title_link": "https:\/\/newreleases.io\/github\/hashicorp\/terraform-provider-aws",
                "mrkdwn_in": [
                    "text"
                ]
            }
        ]
    },
    {
        "type": "message",
        "subtype": "bot_message",
        "text": "",
        "ts": "1617935872.004000",
        "bot_id": "BG2UDF0NA",
        "attachments": [
            {
                "fallback": "hashicorp\/terraform-provider-aws on GitHub\nv3.36.0v3.36.0 updated\nrelease note: <https:\/\/newreleases.io\/github\/hashicorp\/terraform-provider-aws?version=v3.36.0>",
                "text": "*v3.36.0* `v3.36.0` _updated_\n<https:\/\/newreleases.io\/github\/hashicorp\/terraform-provider-aws?version=v3.36.0|release note...>",
                "title": "hashicorp\/terraform-provider-aws on GitHub",
                "id": 1,
                "title_link": "https:\/\/newreleases.io\/github\/hashicorp\/terraform-provider-aws",
                "mrkdwn_in": [
                    "text"
                ]
            }
        ]
    }
]