[
    {
        "type": "message",
        "subtype": "bot_message",
        "text": "",
        "ts": "1619008641.005500",
        "bot_id": "BG2UDF0NA",
        "attachments": [
            {
                "fallback": "DataDog\/ansible-datadog on GitHub\n4.8.2 \/ 2021-04-214.8.2 \nrelease note: <https:\/\/newreleases.io\/github\/DataDog\/ansible-datadog?version=4.8.2>",
                "text": "*4.8.2 \/ 2021-04-21* `4.8.2` \n```\n* [BUGFIX] Another fix for agent not restarting after a configuration change on Windows. See [#349].\n```\n<https:\/\/newreleases.io\/github\/DataDog\/ansible-datadog?version=4.8.2|release note...>",
                "title": "DataDog\/ansible-datadog on GitHub",
                "id": 1,
                "title_link": "https:\/\/newreleases.io\/github\/DataDog\/ansible-datadog",
                "mrkdwn_in": [
                    "text"
                ]
            }
        ]
    }
]