[
    {
        "type": "message",
        "subtype": "bot_message",
        "text": "",
        "ts": "1617526302.002800",
        "bot_id": "BG2UDF0NA",
        "attachments": [
            {
                "fallback": "terraform-linters\/tflint on GitHub\nv0.26.0",
                "text": "`v0.26.0`",
                "title": "terraform-linters\/tflint on GitHub",
                "id": 1,
                "title_link": "https:\/\/newreleases.io\/github\/terraform-linters\/tflint",
                "mrkdwn_in": [
                    "text"
                ]
            }
        ]
    },
    {
        "type": "message",
        "subtype": "bot_message",
        "text": "",
        "ts": "1617529599.002900",
        "bot_id": "BG2UDF0NA",
        "attachments": [
            {
                "fallback": "terraform-linters\/tflint on GitHub\nv0.26.0v0.26.0 updated\nrelease note: <https:\/\/newreleases.io\/github\/terraform-linters\/tflint?version=v0.26.0>",
                "text": "*v0.26.0* `v0.26.0` _updated_\n```\n-------------------\n0.26.0 (2021-04-04)\n-------------------\n\nGPG key ID: 8CE69160EB3F2FE9\n\nEnhancements\n------------\n\n* #1085 ( <https:\/\/github.com\/terraform-linters\/tflint\/pull\/1085> ) : formatter: Add support for --format compact ( @wata727 ( <https:\/\/github.com\/wata727> ) )\n\n* #1093 ( <https:\/\/github.com\/terraform-linters\/tflint\/pull\/1093> ) : Bump bundled plugins ( @wata727 ( <https:\/\/github.com\/wata727> ) )\n\nBugFixes\n--------\n\n* #1080 ( <https:\/\/github.com\/terraform-linters\/tflint\/pull\/1080> ) : plugin: Wrap errors to avoid gob encoding errors ( @wata727 ( <https:\/\/github.com\/wata727> ) )\n\n* #1084 ( <https:\/\/github.com\/terraform-linters\/tflint\/pull\/1084> ) #1092 ( <https:\/\/github.com\/terraform-linters\/tflint\/pull\/1092> ) : plugin: Pass types to EvalExpr ( @wata727 ( <https:\/\/github.com\/wata727> ) )\n\nChores\n------\n\n* #1077 ( <https:\/\/github.com\/terraform-linters\/tflint\/pull\/1077> ) : build(deps): Bump <http:\/\/github.com\/google\/go-cmp|github.com\/google\/go-cmp> from 0.5.4 to 0.5.5\n\n* #1081 ( <https:\/\/github.com\/terraform-linters\/tflint\/pull\/1081> ) #1091 ( <https:\/\/github.com\/terraform-linters\/tflint\/pull\/1091> ) : build(deps): Bump <http:\/\/github.com\/hashicorp\/terraform|github.com\/hashicorp\/terraform> from 0.14.7 to 0.14.9\n\n* #1082 ( <https:\/\/github.com\/terraform-linters\/tflint\/pull\/1082> ) : build(deps): Bump <http:\/\/github.com\/hashicorp\/hcl\/v2|github.com\/hashicorp\/hcl\/v2> from 2.9.0 to 2.9.1\n\n* #1086 ( <https:\/\/github.com\/terraform-linters\/tflint\/pull\/1086> ) : update dockerfile to use alpine 3.13 ( @chenrui333 ( <https:\/\/github.com\/chenrui333> ) )\n\n* #1087 ( <https:\/\/github.com\/terraform-linters\/tflint\/pull\/1087> ) : update dependabot to manage docker deps ( @chenrui333 ( <https:\/\/github.com\/chenrui333> ) )\n\n* #1088 ( <https:\/\/github.com\/terraform-linters\/tflint\/pull\/1088> ) : build(deps): Bump <http:\/\/github.com\/zclconf\/go-cty|github.com\/zclconf\/go-cty> from 1.8.0 to 1.8.1\n\n* #1089 ( <https:\/\/github.com\/terraform-linters\/tflint\/pull\/1089> ) : build(deps): Bump <http:\/\/github.com\/jessevdk\/go-flags|github.com\/jessevdk\/go-flags> from 1.4.0 to 1.5.0\n```\n<https:\/\/newreleases.io\/github\/terraform-linters\/tflint?version=v0.26.0|release note...>",
                "title": "terraform-linters\/tflint on GitHub",
                "id": 1,
                "title_link": "https:\/\/newreleases.io\/github\/terraform-linters\/tflint",
                "mrkdwn_in": [
                    "text"
                ]
            }
        ]
    }
]