[
    {
        "client_msg_id": "26a7d52e-ddce-4ae0-b40c-4e8a1ff2cdf6",
        "type": "message",
        "text": "【悲報】module for_eachでproviderの設定は動的に差し替えできないっぽくて、夢のmulti-regionデプロイはどうやらできない模様。\n<https:\/\/github.com\/hashicorp\/terraform\/pull\/25007>\n<https:\/\/github.com\/hashicorp\/terraform\/issues\/24476>",
        "user": "UHS4SFFA7",
        "ts": "1590637501.031200",
        "team": "TFU0BKCQP",
        "user_team": "TFU0BKCQP",
        "source_team": "TFU0BKCQP",
        "user_profile": {
            "avatar_hash": "gade34f8bdf1",
            "image_72": "https:\/\/secure.gravatar.com\/avatar\/5ade34f8bdf1b55c4ff82c11cf23cf42.jpg?s=72&d=https%3A%2F%2Fa.slack-edge.com%2Fdf10d%2Fimg%2Favatars%2Fava_0008-72.png",
            "first_name": "",
            "real_name": "minamijoyo",
            "display_name": "minamijoyo",
            "team": "TFU0BKCQP",
            "name": "minamijoyo",
            "is_restricted": false,
            "is_ultra_restricted": false
        },
        "attachments": [
            {
                "fallback": "[hashicorp\/terraform] #25007 Add docs for provider limitations when expanding modules",
                "title": "#25007 Add docs for provider limitations when expanding modules",
                "footer": "<https:\/\/github.com\/hashicorp\/terraform|hashicorp\/terraform>",
                "id": 1,
                "title_link": "https:\/\/github.com\/hashicorp\/terraform\/pull\/25007",
                "footer_icon": "https:\/\/github.githubassets.com\/favicon.ico",
                "ts": 1590004396,
                "color": "6f42c1",
                "mrkdwn_in": [
                    "text"
                ],
                "bot_id": "BH12QQBB4",
                "app_unfurl_url": "https:\/\/github.com\/hashicorp\/terraform\/pull\/25007",
                "is_app_unfurl": true
            },
            {
                "fallback": "[hashicorp\/terraform] #24476 Ability to provide specific providers, based on an each.key, to a module",
                "title": "#24476 Ability to provide specific providers, based on an each.key, to a module",
                "footer": "<https:\/\/github.com\/hashicorp\/terraform|hashicorp\/terraform>",
                "id": 2,
                "title_link": "https:\/\/github.com\/hashicorp\/terraform\/issues\/24476",
                "footer_icon": "https:\/\/github.githubassets.com\/favicon.ico",
                "ts": 1585260884,
                "color": "36a64f",
                "mrkdwn_in": [
                    "text"
                ],
                "bot_id": "BH12QQBB4",
                "app_unfurl_url": "https:\/\/github.com\/hashicorp\/terraform\/issues\/24476",
                "is_app_unfurl": true
            }
        ],
        "blocks": [
            {
                "type": "rich_text",
                "block_id": "ryo2",
                "elements": [
                    {
                        "type": "rich_text_section",
                        "elements": [
                            {
                                "type": "text",
                                "text": "【悲報】module for_eachでproviderの設定は動的に差し替えできないっぽくて、夢のmulti-regionデプロイはどうやらできない模様。\n"
                            },
                            {
                                "type": "link",
                                "url": "https:\/\/github.com\/hashicorp\/terraform\/pull\/25007"
                            },
                            {
                                "type": "text",
                                "text": "\n"
                            },
                            {
                                "type": "link",
                                "url": "https:\/\/github.com\/hashicorp\/terraform\/issues\/24476"
                            }
                        ]
                    }
                ]
            }
        ]
    },
    {
        "client_msg_id": "908dd7d5-45f4-4307-8ce6-a5c90a02b576",
        "type": "message",
        "text": "そうそう必要になるユースケースが思い浮かばない。。。ｗ",
        "user": "UFU0BKD8F",
        "ts": "1590637613.032100",
        "team": "TFU0BKCQP",
        "user_team": "TFU0BKCQP",
        "source_team": "TFU0BKCQP",
        "user_profile": {
            "avatar_hash": "92c41c62c7b0",
            "image_72": "https:\/\/avatars.slack-edge.com\/2019-01-30\/537137791812_92c41c62c7b0f054d3dd_72.jpg",
            "first_name": "らき",
            "real_name": "らき",
            "display_name": "raki",
            "team": "TFU0BKCQP",
            "name": "nishimuray",
            "is_restricted": false,
            "is_ultra_restricted": false
        },
        "blocks": [
            {
                "type": "rich_text",
                "block_id": "lgJwX",
                "elements": [
                    {
                        "type": "rich_text_section",
                        "elements": [
                            {
                                "type": "text",
                                "text": "そうそう必要になるユースケースが思い浮かばない。。。ｗ"
                            }
                        ]
                    }
                ]
            }
        ]
    },
    {
        "client_msg_id": "D61769A2-1E22-4DD0-819C-3D27F5A75D37",
        "type": "message",
        "text": "k8sでマルチリージョンでの冗長化とか…:thinking_face:",
        "user": "UTK1B5BB2",
        "ts": "1590639040.033500",
        "team": "TFU0BKCQP",
        "user_team": "TFU0BKCQP",
        "source_team": "TFU0BKCQP",
        "user_profile": {
            "avatar_hash": "f9e26d92b470",
            "image_72": "https:\/\/avatars.slack-edge.com\/2020-02-05\/926890716897_f9e26d92b470908ab893_72.png",
            "first_name": "",
            "real_name": "kbigwheel",
            "display_name": "kbigwheel",
            "team": "TFU0BKCQP",
            "name": "k.bigwheel",
            "is_restricted": false,
            "is_ultra_restricted": false
        },
        "blocks": [
            {
                "type": "rich_text",
                "block_id": "os2V",
                "elements": [
                    {
                        "type": "rich_text_section",
                        "elements": [
                            {
                                "type": "text",
                                "text": "k8sでマルチリージョンでの冗長化とか…"
                            },
                            {
                                "type": "emoji",
                                "name": "thinking_face"
                            }
                        ]
                    }
                ]
            }
        ]
    }
]