[
    {
        "client_msg_id": "fb1065f4-9473-4156-95b5-46cb1e6e3cdc",
        "type": "message",
        "text": "やっぱりOPインスタンス用意するのが手っ取り早いですかね。。。",
        "user": "UFU0BKD8F",
        "ts": "1563433208.057300",
        "team": "TFU0BKCQP",
        "user_team": "TFU0BKCQP",
        "source_team": "TFU0BKCQP",
        "user_profile": {
            "avatar_hash": "92c41c62c7b0",
            "image_72": "https:\/\/avatars.slack-edge.com\/2019-01-30\/537137791812_92c41c62c7b0f054d3dd_72.jpg",
            "first_name": "らき",
            "real_name": "らき",
            "display_name": "raki",
            "team": "TFU0BKCQP",
            "name": "nishimuray",
            "is_restricted": false,
            "is_ultra_restricted": false
        }
    },
    {
        "client_msg_id": "887d5b25-0a14-4e6e-90d2-53a37ce001d5",
        "type": "message",
        "text": "自分は属人性排除かねてオペレーションサーバたてて、そこで実行してた感じですね\nterraformのPRとかではどうしても属人性出るケースありますけれど、実行自体は同じコマンドを繰り返し実行することになることが多いので、という思想でした",
        "user": "ULFK57XL4",
        "ts": "1563437931.060500",
        "team": "TFU0BKCQP",
        "user_team": "TFU0BKCQP",
        "source_team": "TFU0BKCQP",
        "user_profile": {
            "avatar_hash": "g4ede17818e5",
            "image_72": "https:\/\/secure.gravatar.com\/avatar\/54ede17818e5e7d1985d82034d959a82.jpg?s=72&d=https%3A%2F%2Fa.slack-edge.com%2Fdf10d%2Fimg%2Favatars%2Fava_0008-72.png",
            "first_name": "",
            "real_name": "eigo_s",
            "display_name": "",
            "team": "TFU0BKCQP",
            "name": "eigo.szk",
            "is_restricted": false,
            "is_ultra_restricted": false
        }
    }
]