[
    {
        "client_msg_id": "d38087c4-bea0-4b05-bdc7-460b5225a670",
        "type": "message",
        "text": "従来のシステム構築のやり方（文化？）の名残りというかなんというか・・・。うまい着地点をみつけられるように頑張ります。",
        "user": "UJ0HPTBD2",
        "ts": "1562058564.030300",
        "team": "TFU0BKCQP",
        "user_team": "TFU0BKCQP",
        "source_team": "TFU0BKCQP",
        "user_profile": {
            "avatar_hash": "6e0eaa0eef2d",
            "image_72": "https:\/\/avatars.slack-edge.com\/2019-04-19\/615320623782_6e0eaa0eef2da9c63783_72.png",
            "first_name": "Masataka",
            "real_name": "Masataka Tsukamoto",
            "display_name": "Tsukaman",
            "team": "TFU0BKCQP",
            "name": "masataka.tsukamoto",
            "is_restricted": false,
            "is_ultra_restricted": false
        },
        "thread_ts": "1561597361.016200",
        "parent_user_id": "UJ0HPTBD2",
        "reactions": [
            {
                "name": "がんばれ",
                "users": [
                    "UFU0BKD8F"
                ],
                "count": 1
            }
        ]
    },
    {
        "client_msg_id": "2d159159-fdc9-48df-82b6-7b624f04cc91",
        "type": "message",
        "text": "どーうしてもダメだったら、fork してきて upstream として本家を登録して、差分追従できるようにする、のがいいんじゃないかなって。\nうまいこと書けたらPR送るのも楽しいだろうし。。。\nそれでもv.012のtemplate syntax で if を書くとかになりそうな気がする（マージだけだと片付けられない気がするので）",
        "user": "UFU0BKD8F",
        "ts": "1562062118.030500",
        "team": "TFU0BKCQP",
        "user_team": "TFU0BKCQP",
        "source_team": "TFU0BKCQP",
        "user_profile": {
            "avatar_hash": "92c41c62c7b0",
            "image_72": "https:\/\/avatars.slack-edge.com\/2019-01-30\/537137791812_92c41c62c7b0f054d3dd_72.jpg",
            "first_name": "らき",
            "real_name": "らき",
            "display_name": "raki",
            "team": "TFU0BKCQP",
            "name": "nishimuray",
            "is_restricted": false,
            "is_ultra_restricted": false
        },
        "thread_ts": "1561597361.016200",
        "parent_user_id": "UJ0HPTBD2"
    },
    {
        "client_msg_id": "82f2176a-55c7-4884-a4f9-a22b84be78ef",
        "type": "message",
        "text": "なるほど・・・それはそれで大変そうな・・・（ﾄｵｲﾒ",
        "user": "UJ0HPTBD2",
        "ts": "1562066357.030800",
        "team": "TFU0BKCQP",
        "user_team": "TFU0BKCQP",
        "source_team": "TFU0BKCQP",
        "user_profile": {
            "avatar_hash": "6e0eaa0eef2d",
            "image_72": "https:\/\/avatars.slack-edge.com\/2019-04-19\/615320623782_6e0eaa0eef2da9c63783_72.png",
            "first_name": "Masataka",
            "real_name": "Masataka Tsukamoto",
            "display_name": "Tsukaman",
            "team": "TFU0BKCQP",
            "name": "masataka.tsukamoto",
            "is_restricted": false,
            "is_ultra_restricted": false
        },
        "thread_ts": "1561597361.016200",
        "parent_user_id": "UJ0HPTBD2"
    }
]