[
    {
        "client_msg_id": "74abb31d-abd0-45ac-9c7b-ee996f77d7c6",
        "type": "message",
        "text": "aws providerのvupしようとして、あげてplanするとforce recreateなり  updateなりでると思うんですけど、\nこれ出てるリソース全部refreshしてno changeにしてmergeしてapplyってやりかたであってますか？",
        "user": "UG46Z57TN",
        "ts": "1563350984.039400",
        "team": "TFU0BKCQP",
        "user_team": "TFU0BKCQP",
        "source_team": "TFU0BKCQP",
        "user_profile": {
            "avatar_hash": "c6bdd4cb17db",
            "image_72": "https:\/\/avatars.slack-edge.com\/2019-07-05\/685991185957_c6bdd4cb17db956661a1_72.jpg",
            "first_name": "Takeshi",
            "real_name": "Takeshi Kondo",
            "display_name": "chaspy",
            "team": "TFU0BKCQP",
            "name": "take.she12",
            "is_restricted": false,
            "is_ultra_restricted": false
        }
    },
    {
        "client_msg_id": "8528275f-c863-487e-b725-ed8534c3bebb",
        "type": "message",
        "text": "あってると思う。むしろそれ以外の方法で再作成なしで片付ける方法があったら確認したい。",
        "user": "UFU0BKD8F",
        "ts": "1563351059.040100",
        "team": "TFU0BKCQP",
        "user_team": "TFU0BKCQP",
        "source_team": "TFU0BKCQP",
        "user_profile": {
            "avatar_hash": "92c41c62c7b0",
            "image_72": "https:\/\/avatars.slack-edge.com\/2019-01-30\/537137791812_92c41c62c7b0f054d3dd_72.jpg",
            "first_name": "らき",
            "real_name": "らき",
            "display_name": "raki",
            "team": "TFU0BKCQP",
            "name": "nishimuray",
            "is_restricted": false,
            "is_ultra_restricted": false
        },
        "reactions": [
            {
                "name": "+1",
                "users": [
                    "UG46Z57TN"
                ],
                "count": 1
            },
            {
                "name": "pray",
                "users": [
                    "UG46Z57TN"
                ],
                "count": 1
            }
        ]
    },
    {
        "client_msg_id": "af930c92-9b88-4350-9613-6937ed3f77cb",
        "type": "message",
        "text": "弱気のaws provider 1.40 -&gt; 1.60 をしています",
        "user": "UG46Z57TN",
        "ts": "1563351094.040800",
        "team": "TFU0BKCQP",
        "user_team": "TFU0BKCQP",
        "source_team": "TFU0BKCQP",
        "user_profile": {
            "avatar_hash": "c6bdd4cb17db",
            "image_72": "https:\/\/avatars.slack-edge.com\/2019-07-05\/685991185957_c6bdd4cb17db956661a1_72.jpg",
            "first_name": "Takeshi",
            "real_name": "Takeshi Kondo",
            "display_name": "chaspy",
            "team": "TFU0BKCQP",
            "name": "take.she12",
            "is_restricted": false,
            "is_ultra_restricted": false
        }
    },
    {
        "client_msg_id": "84c6838d-1f7b-4e46-b45c-579e7a440d69",
        "type": "message",
        "text": "v0.12までの道のりが遠いっ。。。ｗ",
        "user": "UFU0BKD8F",
        "ts": "1563351351.041400",
        "team": "TFU0BKCQP",
        "user_team": "TFU0BKCQP",
        "source_team": "TFU0BKCQP",
        "user_profile": {
            "avatar_hash": "92c41c62c7b0",
            "image_72": "https:\/\/avatars.slack-edge.com\/2019-01-30\/537137791812_92c41c62c7b0f054d3dd_72.jpg",
            "first_name": "らき",
            "real_name": "らき",
            "display_name": "raki",
            "team": "TFU0BKCQP",
            "name": "nishimuray",
            "is_restricted": false,
            "is_ultra_restricted": false
        }
    },
    {
        "client_msg_id": "bba4c973-dfc0-4559-a60d-8bde8b0aa211",
        "type": "message",
        "text": "それな。。。",
        "user": "UG46Z57TN",
        "ts": "1563351359.041700",
        "team": "TFU0BKCQP",
        "user_team": "TFU0BKCQP",
        "source_team": "TFU0BKCQP",
        "user_profile": {
            "avatar_hash": "c6bdd4cb17db",
            "image_72": "https:\/\/avatars.slack-edge.com\/2019-07-05\/685991185957_c6bdd4cb17db956661a1_72.jpg",
            "first_name": "Takeshi",
            "real_name": "Takeshi Kondo",
            "display_name": "chaspy",
            "team": "TFU0BKCQP",
            "name": "take.she12",
            "is_restricted": false,
            "is_ultra_restricted": false
        },
        "reactions": [
            {
                "name": "がんばれ",
                "users": [
                    "UFU0BKD8F",
                    "ULHJYBVV5",
                    "UJ0HPTBD2"
                ],
                "count": 3
            }
        ]
    },
    {
        "client_msg_id": "78e08a42-0d3f-43c9-941b-9d611d0f43db",
        "type": "message",
        "text": "aws 1.60 -&gt; 2.13\nterraform 0.10.6 -&gt; 0.11.xx\nterraform 0.11.x -&gt; 0.12.xx",
        "user": "UG46Z57TN",
        "ts": "1563351394.042500",
        "team": "TFU0BKCQP",
        "user_team": "TFU0BKCQP",
        "source_team": "TFU0BKCQP",
        "user_profile": {
            "avatar_hash": "c6bdd4cb17db",
            "image_72": "https:\/\/avatars.slack-edge.com\/2019-07-05\/685991185957_c6bdd4cb17db956661a1_72.jpg",
            "first_name": "Takeshi",
            "real_name": "Takeshi Kondo",
            "display_name": "chaspy",
            "team": "TFU0BKCQP",
            "name": "take.she12",
            "is_restricted": false,
            "is_ultra_restricted": false
        }
    },
    {
        "client_msg_id": "77341fb6-9b41-434a-8316-22e81042bfb6",
        "type": "message",
        "text": "terraform で AWS の RDS を作成するタイミングでついでに MySQL Provider とか使って\nROユーザとか開発用ユーザとか作ろうかと思ったんだけど、RDS を外向けにしてない時、\n何かいいソリューションないですか。。。\n- 大人しく RDS を一部外向けに開ける\n- nc できるインスタンスを用意して透過させる\n- ユーザ作成だけ AWS 内のインスタンスから実行する\n以外に何かいいアイデアがあれば。。。",
        "user": "UFU0BKD8F",
        "ts": "1563357530.049400",
        "team": "TFU0BKCQP",
        "user_team": "TFU0BKCQP",
        "source_team": "TFU0BKCQP",
        "user_profile": {
            "avatar_hash": "92c41c62c7b0",
            "image_72": "https:\/\/avatars.slack-edge.com\/2019-01-30\/537137791812_92c41c62c7b0f054d3dd_72.jpg",
            "first_name": "らき",
            "real_name": "らき",
            "display_name": "raki",
            "team": "TFU0BKCQP",
            "name": "nishimuray",
            "is_restricted": false,
            "is_ultra_restricted": false
        }
    },
    {
        "client_msg_id": "B65BC010-01C1-4EB9-B2DD-6254EC17B2FC",
        "type": "message",
        "text": "昔自分がやってた頃は、aws上にオペレーション作業用のインスタンスたてて、そこからrdsに疎通できるsg設定しておいて、\nそこでterraform実行してました（ここでterraform含めたインフラ系作業実行はジョブ化して統一もしてたことあり\nmysql providerにバグかなんかあった頃だったので、 null resourceでrdsできたのをフックにユーザー作成とかしてましたね",
        "user": "ULFK57XL4",
        "ts": "1563357983.055000",
        "team": "TFU0BKCQP",
        "user_team": "TFU0BKCQP",
        "source_team": "TFU0BKCQP",
        "user_profile": {
            "avatar_hash": "g4ede17818e5",
            "image_72": "https:\/\/secure.gravatar.com\/avatar\/54ede17818e5e7d1985d82034d959a82.jpg?s=72&d=https%3A%2F%2Fa.slack-edge.com%2Fdf10d%2Fimg%2Favatars%2Fava_0008-72.png",
            "first_name": "",
            "real_name": "eigo_s",
            "display_name": "",
            "team": "TFU0BKCQP",
            "name": "eigo.szk",
            "is_restricted": false,
            "is_ultra_restricted": false
        },
        "reactions": [
            {
                "name": "+1",
                "users": [
                    "UFU0BKD8F"
                ],
                "count": 1
            },
            {
                "name": "onajiku",
                "users": [
                    "UKAKENQAF"
                ],
                "count": 1
            }
        ]
    },
    {
        "client_msg_id": "B30E3BCF-C551-471D-9676-67AFD3EAD536",
        "type": "message",
        "text": "<https:\/\/qiita.com\/eigo_s\/items\/0dd6ffc84e1732eff703>\n昔かいたのはこれでした\n現状だと書き方とかかわってるかもですが…",
        "user": "ULFK57XL4",
        "ts": "1563358489.055800",
        "team": "TFU0BKCQP",
        "user_team": "TFU0BKCQP",
        "source_team": "TFU0BKCQP",
        "user_profile": {
            "avatar_hash": "g4ede17818e5",
            "image_72": "https:\/\/secure.gravatar.com\/avatar\/54ede17818e5e7d1985d82034d959a82.jpg?s=72&d=https%3A%2F%2Fa.slack-edge.com%2Fdf10d%2Fimg%2Favatars%2Fava_0008-72.png",
            "first_name": "",
            "real_name": "eigo_s",
            "display_name": "",
            "team": "TFU0BKCQP",
            "name": "eigo.szk",
            "is_restricted": false,
            "is_ultra_restricted": false
        },
        "attachments": [
            {
                "service_name": "Qiita",
                "title": "terraformのnull_resourceが便利だよ！という話 - Qiita",
                "title_link": "https:\/\/qiita.com\/eigo_s\/items\/0dd6ffc84e1732eff703",
                "text": "# はじめに この記事は、[dwango advent calender](<http:\/\/qiita.com\/advent-calendar\/2016\/dwango>)の12日目の記事です！ ギリギリ間に合わない感じになってしまいました...",
                "fallback": "Qiita: terraformのnull_resourceが便利だよ！という話 - Qiita",
                "thumb_url": "https:\/\/cdn.qiita.com\/assets\/qiita-fb-2887e7b4aad86fd8c25cea84846f2236.png",
                "from_url": "https:\/\/qiita.com\/eigo_s\/items\/0dd6ffc84e1732eff703",
                "thumb_width": 200,
                "thumb_height": 200,
                "service_icon": "https:\/\/cdn.qiita.com\/assets\/favicons\/public\/apple-touch-icon-f9a6afad761ec2306e10db2736187c8b.png",
                "id": 1,
                "original_url": "https:\/\/qiita.com\/eigo_s\/items\/0dd6ffc84e1732eff703"
            }
        ]
    }
]