[
    {
        "type": "message",
        "subtype": "bot_message",
        "text": "<https:\/\/www.reddit.com\/r\/Terraform\/comments\/s4inyh\/how_to_create_a_network_module\/|How to create a network module>\nHello All -  I currently have an insanely long <https:\/\/main.tf\/|main.tf> The file has blocks that look like the below code block. I would like to simplify this, so that I just add details to a list and then it does a loop until the end of the list. Can anyone point me to a resource, I have never ever done any coding, and I am a beginner so please be kind. If I need to learn something else to understand loops please point that out. The idea here is the CIDR_Block should increment...",
        "ts": "1642248372.016100",
        "username": "Terraform",
        "icons": {
            "image_48": "https:\/\/s3-us-west-2.amazonaws.com\/slack-files2\/bot_icons\/2019-02-12\/548785199618_48.png"
        },
        "bot_id": "BG3N7LG73",
        "blocks": [
            {
                "type": "rich_text",
                "block_id": "W5z\/",
                "elements": [
                    {
                        "type": "rich_text_section",
                        "elements": [
                            {
                                "type": "link",
                                "url": "https:\/\/www.reddit.com\/r\/Terraform\/comments\/s4inyh\/how_to_create_a_network_module\/",
                                "text": "How to create a network module"
                            },
                            {
                                "type": "text",
                                "text": "\nHello All -  I currently have an insanely long "
                            },
                            {
                                "type": "link",
                                "url": "https:\/\/main.tf\/",
                                "text": "main.tf"
                            },
                            {
                                "type": "text",
                                "text": " The file has blocks that look like the below code block. I would like to simplify this, so that I just add details to a list and then it does a loop until the end of the list. Can anyone point me to a resource, I have never ever done any coding, and I am a beginner so please be kind. If I need to learn something else to understand loops please point that out. The idea here is the CIDR_Block should increment..."
                            }
                        ]
                    }
                ]
            }
        ],
        "attachments": [
            {
                "from_url": "https:\/\/www.reddit.com\/r\/Terraform\/comments\/s4inyh\/how_to_create_a_network_module\/",
                "thumb_url": "https:\/\/www.redditstatic.com\/new-icon.png",
                "thumb_width": 256,
                "thumb_height": 256,
                "service_icon": "http:\/\/www.redditstatic.com\/desktop2x\/img\/favicon\/apple-icon-57x57.png",
                "id": 1,
                "original_url": "https:\/\/www.reddit.com\/r\/Terraform\/comments\/s4inyh\/how_to_create_a_network_module\/",
                "fallback": "reddit: How to create a network module",
                "text": "Hello All - I currently have an insanely long [<http:\/\/main.tf|main.tf>](<https:\/\/main.tf>) The file has blocks that look like the below code block. I would like...",
                "title": "How to create a network module",
                "title_link": "https:\/\/www.reddit.com\/r\/Terraform\/comments\/s4inyh\/how_to_create_a_network_module\/",
                "service_name": "reddit"
            }
        ],
        "edited": {
            "user": "BG3N7LG73",
            "ts": "1642248372.000000"
        }
    },
    {
        "type": "message",
        "subtype": "bot_message",
        "text": "<https:\/\/www.reddit.com\/r\/Terraform\/comments\/s4jydf\/how_to_deploy_a_minecraft_server_with_terraform\/|How to Deploy a Minecraft Server with Terraform>\nsubmitted by   <https:\/\/www.reddit.com\/user\/8ballcubeeasy| \/u\/8ballcubeeasy > \n<https:\/\/github.com\/HarryNash\/terraform-minecraft|[link]>   <https:\/\/www.reddit.com\/r\/Terraform\/comments\/s4jydf\/how_to_deploy_a_minecraft_server_with_terraform\/|[comments]>",
        "ts": "1642253171.016300",
        "username": "Terraform",
        "icons": {
            "image_48": "https:\/\/s3-us-west-2.amazonaws.com\/slack-files2\/bot_icons\/2019-02-12\/548785199618_48.png"
        },
        "bot_id": "BG3N7LG73",
        "blocks": [
            {
                "type": "rich_text",
                "block_id": "21o",
                "elements": [
                    {
                        "type": "rich_text_section",
                        "elements": [
                            {
                                "type": "link",
                                "url": "https:\/\/www.reddit.com\/r\/Terraform\/comments\/s4jydf\/how_to_deploy_a_minecraft_server_with_terraform\/",
                                "text": "How to Deploy a Minecraft Server with Terraform"
                            },
                            {
                                "type": "text",
                                "text": "\nsubmitted by   "
                            },
                            {
                                "type": "link",
                                "url": "https:\/\/www.reddit.com\/user\/8ballcubeeasy",
                                "text": "\/u\/8ballcubeeasy"
                            },
                            {
                                "type": "text",
                                "text": " \n"
                            },
                            {
                                "type": "link",
                                "url": "https:\/\/github.com\/HarryNash\/terraform-minecraft",
                                "text": "[link]"
                            },
                            {
                                "type": "text",
                                "text": "   "
                            },
                            {
                                "type": "link",
                                "url": "https:\/\/www.reddit.com\/r\/Terraform\/comments\/s4jydf\/how_to_deploy_a_minecraft_server_with_terraform\/",
                                "text": "[comments]"
                            }
                        ]
                    }
                ]
            }
        ],
        "attachments": [
            {
                "from_url": "https:\/\/www.reddit.com\/r\/Terraform\/comments\/s4jydf\/how_to_deploy_a_minecraft_server_with_terraform\/",
                "thumb_url": "https:\/\/b.thumbs.redditmedia.com\/q0Kl5yDcoLt9wQBIRv7zM-tWa3g7QGiT40KPhyOfxeo.jpg",
                "thumb_width": 140,
                "thumb_height": 70,
                "service_icon": "http:\/\/www.redditstatic.com\/desktop2x\/img\/favicon\/apple-icon-57x57.png",
                "id": 1,
                "original_url": "https:\/\/www.reddit.com\/r\/Terraform\/comments\/s4jydf\/how_to_deploy_a_minecraft_server_with_terraform\/",
                "fallback": "reddit: How to Deploy a Minecraft Server with Terraform",
                "text": "Posted in r\/Terraform by u\/8ballcubeeasy • 1 point and 0 comments",
                "title": "How to Deploy a Minecraft Server with Terraform",
                "title_link": "https:\/\/www.reddit.com\/r\/Terraform\/comments\/s4jydf\/how_to_deploy_a_minecraft_server_with_terraform\/",
                "service_name": "reddit"
            },
            {
                "from_url": "https:\/\/www.reddit.com\/user\/8ballcubeeasy",
                "service_icon": "http:\/\/www.redditstatic.com\/desktop2x\/img\/favicon\/apple-icon-57x57.png",
                "id": 2,
                "original_url": "https:\/\/www.reddit.com\/user\/8ballcubeeasy",
                "fallback": "overview for 8ballcubeeasy",
                "text": "The u\/8ballcubeeasy community on Reddit. Reddit gives you the best of the internet in one place.",
                "title": "overview for 8ballcubeeasy",
                "title_link": "https:\/\/www.reddit.com\/user\/8ballcubeeasy",
                "service_name": "reddit.com"
            },
            {
                "from_url": "https:\/\/github.com\/HarryNash\/terraform-minecraft",
                "image_url": "https:\/\/opengraph.githubassets.com\/bcffb6ee69f17cb355d9a0d0e5d803b607384f4a791ac12f11f2486a765069e9\/HarryNash\/terraform-minecraft",
                "image_width": 500,
                "image_height": 250,
                "image_bytes": 73703,
                "service_icon": "https:\/\/a.slack-edge.com\/80588\/img\/unfurl_icons\/github.png",
                "id": 3,
                "original_url": "https:\/\/github.com\/HarryNash\/terraform-minecraft",
                "fallback": "GitHub: GitHub - HarryNash\/terraform-minecraft",
                "text": "Contribute to HarryNash\/terraform-minecraft development by creating an account on GitHub.",
                "title": "GitHub - HarryNash\/terraform-minecraft",
                "title_link": "https:\/\/github.com\/HarryNash\/terraform-minecraft",
                "service_name": "GitHub"
            }
        ],
        "edited": {
            "user": "BG3N7LG73",
            "ts": "1642253172.000000"
        }
    },
    {
        "type": "message",
        "subtype": "bot_message",
        "text": "<https:\/\/www.reddit.com\/r\/Terraform\/comments\/s4nxl5\/referencing_an_id_from_a_resource_created_with\/|Referencing an id from a resource created with for_each via another resource using for_each>\nI've written terraform code to define multiple AWS VPCs with a for_each loop as follows (this is used as a module): resource \"aws_vpc\" \"vpc\" { for_each = var.defined_vpcs assign_generated_ipv6_cidr_block = each.value[\"assign_generated_ipv6_cidr_block\"] cidr_block = each.value[\"cidr_block\"] instance_tenancy = each.value[\"instance_tenancy\"] ... }  As a result, I define my VPCs like this in my project code (calling on the module): module \"vpc\" { source = \"..\/modules\/vpc\" defined_vpcs = { \"vpc_1\"...",
        "ts": "1642263969.016500",
        "username": "Terraform",
        "icons": {
            "image_48": "https:\/\/s3-us-west-2.amazonaws.com\/slack-files2\/bot_icons\/2019-02-12\/548785199618_48.png"
        },
        "bot_id": "BG3N7LG73",
        "blocks": [
            {
                "type": "rich_text",
                "block_id": "8drr",
                "elements": [
                    {
                        "type": "rich_text_section",
                        "elements": [
                            {
                                "type": "link",
                                "url": "https:\/\/www.reddit.com\/r\/Terraform\/comments\/s4nxl5\/referencing_an_id_from_a_resource_created_with\/",
                                "text": "Referencing an id from a resource created with for_each via another resource using for_each"
                            },
                            {
                                "type": "text",
                                "text": "\nI've written terraform code to define multiple AWS VPCs with a for_each loop as follows (this is used as a module): resource \"aws_vpc\" \"vpc\" { for_each = var.defined_vpcs assign_generated_ipv6_cidr_block = each.value[\"assign_generated_ipv6_cidr_block\"] cidr_block = each.value[\"cidr_block\"] instance_tenancy = each.value[\"instance_tenancy\"] ... }  As a result, I define my VPCs like this in my project code (calling on the module): module \"vpc\" { source = \"..\/modules\/vpc\" defined_vpcs = { \"vpc_1\"..."
                            }
                        ]
                    }
                ]
            }
        ],
        "attachments": [
            {
                "from_url": "https:\/\/www.reddit.com\/r\/Terraform\/comments\/s4nxl5\/referencing_an_id_from_a_resource_created_with\/",
                "thumb_url": "https:\/\/www.redditstatic.com\/new-icon.png",
                "thumb_width": 256,
                "thumb_height": 256,
                "service_icon": "http:\/\/www.redditstatic.com\/desktop2x\/img\/favicon\/apple-icon-57x57.png",
                "id": 1,
                "original_url": "https:\/\/www.reddit.com\/r\/Terraform\/comments\/s4nxl5\/referencing_an_id_from_a_resource_created_with\/",
                "fallback": "reddit: Referencing an id from a resource created with for_each via another resource using for_each",
                "text": "I've written terraform code to define multiple AWS VPCs with a `for_each` loop as follows (this is used as a module): resource \"aws_vpc\"...",
                "title": "Referencing an id from a resource created with for_each via another resource using for_each",
                "title_link": "https:\/\/www.reddit.com\/r\/Terraform\/comments\/s4nxl5\/referencing_an_id_from_a_resource_created_with\/",
                "service_name": "reddit"
            }
        ],
        "edited": {
            "user": "BG3N7LG73",
            "ts": "1642263970.000000"
        }
    },
    {
        "type": "message",
        "subtype": "bot_message",
        "text": "<https:\/\/www.reddit.com\/r\/Terraform\/comments\/s4w2tl\/aws_cloudwatch_metric_alarm_for_aws_db_instance\/|`aws_cloudwatch_metric_alarm` for `aws_db_instance` disk space warning, am I understanding\/doing things right?>\nSay I have this \"aws_db_instance\" at 10 GiB storage, a resource: <https:\/\/registry.terraform.io\/providers\/hashicorp\/aws\/latest\/docs\/resources\/db_instance|https:\/\/registry.terraform.io\/providers\/hashicorp\/aws\/latest\/docs\/resources\/db_instance> resource \"aws_db_instance\" \"my_db\" { identifier_prefix = \"my DB\" allocated_storage = var.db_allocated_storage # say this is set to `10` for 20 GiB storage_type = \"gp2\" engine = \"postgres\" instance_class = var.db_instance_class name =...",
        "ts": "1642286169.016700",
        "username": "Terraform",
        "icons": {
            "image_48": "https:\/\/s3-us-west-2.amazonaws.com\/slack-files2\/bot_icons\/2019-02-12\/548785199618_48.png"
        },
        "bot_id": "BG3N7LG73",
        "blocks": [
            {
                "type": "rich_text",
                "block_id": "58jQp",
                "elements": [
                    {
                        "type": "rich_text_section",
                        "elements": [
                            {
                                "type": "link",
                                "url": "https:\/\/www.reddit.com\/r\/Terraform\/comments\/s4w2tl\/aws_cloudwatch_metric_alarm_for_aws_db_instance\/",
                                "text": "aws_cloudwatch_metric_alarm",
                                "style": {
                                    "code": true
                                }
                            },
                            {
                                "type": "link",
                                "url": "https:\/\/www.reddit.com\/r\/Terraform\/comments\/s4w2tl\/aws_cloudwatch_metric_alarm_for_aws_db_instance\/",
                                "text": " for "
                            },
                            {
                                "type": "link",
                                "url": "https:\/\/www.reddit.com\/r\/Terraform\/comments\/s4w2tl\/aws_cloudwatch_metric_alarm_for_aws_db_instance\/",
                                "text": "aws_db_instance",
                                "style": {
                                    "code": true
                                }
                            },
                            {
                                "type": "link",
                                "url": "https:\/\/www.reddit.com\/r\/Terraform\/comments\/s4w2tl\/aws_cloudwatch_metric_alarm_for_aws_db_instance\/",
                                "text": " disk space warning, am I understanding\/doing things right?"
                            },
                            {
                                "type": "text",
                                "text": "\nSay I have this \"aws_db_instance\" at 10 GiB storage, a resource: "
                            },
                            {
                                "type": "link",
                                "url": "https:\/\/registry.terraform.io\/providers\/hashicorp\/aws\/latest\/docs\/resources\/db_instance"
                            },
                            {
                                "type": "text",
                                "text": " resource \"aws_db_instance\" \"my_db\" { identifier_prefix = \"my DB\" allocated_storage = var.db_allocated_storage # say this is set to "
                            },
                            {
                                "type": "text",
                                "text": "10",
                                "style": {
                                    "code": true
                                }
                            },
                            {
                                "type": "text",
                                "text": " for 20 GiB storage_type = \"gp2\" engine = \"postgres\" instance_class = var.db_instance_class name =..."
                            }
                        ]
                    }
                ]
            }
        ],
        "attachments": [
            {
                "from_url": "https:\/\/www.reddit.com\/r\/Terraform\/comments\/s4w2tl\/aws_cloudwatch_metric_alarm_for_aws_db_instance\/",
                "thumb_url": "https:\/\/www.redditstatic.com\/new-icon.png",
                "thumb_width": 256,
                "thumb_height": 256,
                "service_icon": "http:\/\/www.redditstatic.com\/desktop2x\/img\/favicon\/apple-icon-57x57.png",
                "id": 1,
                "original_url": "https:\/\/www.reddit.com\/r\/Terraform\/comments\/s4w2tl\/aws_cloudwatch_metric_alarm_for_aws_db_instance\/",
                "fallback": "reddit: `aws_cloudwatch_metric_alarm` for `aws_db_instance` disk space warning, am I understanding\/doing things right?",
                "text": "Say I have this `\"aws_db_instance\"` at 10 GiB storage, a...",
                "title": "`aws_cloudwatch_metric_alarm` for `aws_db_instance` disk space warning, am I understanding\/doing things right?",
                "title_link": "https:\/\/www.reddit.com\/r\/Terraform\/comments\/s4w2tl\/aws_cloudwatch_metric_alarm_for_aws_db_instance\/",
                "service_name": "reddit"
            }
        ],
        "edited": {
            "user": "BG3N7LG73",
            "ts": "1642286170.000000"
        }
    },
    {
        "type": "message",
        "subtype": "bot_message",
        "text": "<https:\/\/www.reddit.com\/r\/Terraform\/comments\/s51x5g\/automate_entire_environment_builds_with_terraform\/|Automate Entire Environment builds with Terraform Cloud, Azure Devops and Azure.>\nI am looking for insights from others who may have experience and could explain maybe generally their workflows for automating their infrastructure end to end. We are generally pretty good at handling infrastructure builds via terraform but the next level we have been asked to provide is a complete end to end environment. Where I am finding some of the challenges, is understanding the proper bootstrapping process. “We want the ability to push a button and deploy a brand new environment.” I’ve...",
        "ts": "1642302969.016900",
        "username": "Terraform",
        "icons": {
            "image_48": "https:\/\/s3-us-west-2.amazonaws.com\/slack-files2\/bot_icons\/2019-02-12\/548785199618_48.png"
        },
        "bot_id": "BG3N7LG73",
        "blocks": [
            {
                "type": "rich_text",
                "block_id": "AfTRD",
                "elements": [
                    {
                        "type": "rich_text_section",
                        "elements": [
                            {
                                "type": "link",
                                "url": "https:\/\/www.reddit.com\/r\/Terraform\/comments\/s51x5g\/automate_entire_environment_builds_with_terraform\/",
                                "text": "Automate Entire Environment builds with Terraform Cloud, Azure Devops and Azure."
                            },
                            {
                                "type": "text",
                                "text": "\nI am looking for insights from others who may have experience and could explain maybe generally their workflows for automating their infrastructure end to end. We are generally pretty good at handling infrastructure builds via terraform but the next level we have been asked to provide is a complete end to end environment. Where I am finding some of the challenges, is understanding the proper bootstrapping process. “We want the ability to push a button and deploy a brand new environment.” I’ve..."
                            }
                        ]
                    }
                ]
            }
        ],
        "attachments": [
            {
                "from_url": "https:\/\/www.reddit.com\/r\/Terraform\/comments\/s51x5g\/automate_entire_environment_builds_with_terraform\/",
                "thumb_url": "https:\/\/www.redditstatic.com\/new-icon.png",
                "thumb_width": 256,
                "thumb_height": 256,
                "service_icon": "http:\/\/www.redditstatic.com\/desktop2x\/img\/favicon\/apple-icon-57x57.png",
                "id": 1,
                "original_url": "https:\/\/www.reddit.com\/r\/Terraform\/comments\/s51x5g\/automate_entire_environment_builds_with_terraform\/",
                "fallback": "reddit: Automate Entire Environment builds with Terraform Cloud, Azure Devops and Azure.",
                "text": "I am looking for insights from others who may have experience and could explain maybe generally their workflows for automating their...",
                "title": "Automate Entire Environment builds with Terraform Cloud, Azure Devops and Azure.",
                "title_link": "https:\/\/www.reddit.com\/r\/Terraform\/comments\/s51x5g\/automate_entire_environment_builds_with_terraform\/",
                "service_name": "reddit"
            }
        ],
        "edited": {
            "user": "BG3N7LG73",
            "ts": "1642302970.000000"
        }
    },
    {
        "type": "message",
        "subtype": "bot_message",
        "text": "<https:\/\/www.reddit.com\/r\/Terraform\/comments\/s54wh7\/terraform_scale\/|Terraform @ Scale>\nHi Everyone, I posted an article on this forum back in March about design principles from Microservice architecture and how they could be applied to Terraform. I received some good feedback.  Since then, I have spent some more time baking over these ideas and thought I would share a new post called <https:\/\/masonhuemmer.com\/terraform-scale-ba31a4a6f3dc|Terraform @ Scale> that shares similar concepts, but is more centered around how to scale security, operations, and the cloud...",
        "ts": "1642313173.017100",
        "username": "Terraform",
        "icons": {
            "image_48": "https:\/\/s3-us-west-2.amazonaws.com\/slack-files2\/bot_icons\/2019-02-12\/548785199618_48.png"
        },
        "bot_id": "BG3N7LG73",
        "blocks": [
            {
                "type": "rich_text",
                "block_id": "==Wmb",
                "elements": [
                    {
                        "type": "rich_text_section",
                        "elements": [
                            {
                                "type": "link",
                                "url": "https:\/\/www.reddit.com\/r\/Terraform\/comments\/s54wh7\/terraform_scale\/",
                                "text": "Terraform @ Scale"
                            },
                            {
                                "type": "text",
                                "text": "\nHi Everyone, I posted an article on this forum back in March about design principles from Microservice architecture and how they could be applied to Terraform. I received some good feedback.  Since then, I have spent some more time baking over these ideas and thought I would share a new post called "
                            },
                            {
                                "type": "link",
                                "url": "https:\/\/masonhuemmer.com\/terraform-scale-ba31a4a6f3dc",
                                "text": "Terraform @ Scale"
                            },
                            {
                                "type": "text",
                                "text": " that shares similar concepts, but is more centered around how to scale security, operations, and the cloud..."
                            }
                        ]
                    }
                ]
            }
        ],
        "attachments": [
            {
                "from_url": "https:\/\/www.reddit.com\/r\/Terraform\/comments\/s54wh7\/terraform_scale\/",
                "thumb_url": "https:\/\/external-preview.redd.it\/j2odlo6gnzb81.png?overlay-align=bottom,left&crop=700:366.492146597,smart&overlay-height=15p&overlay=%2Fwatermark%2Ft5_2u8e4.png%3Fs%3Dbfb326ca8735739e33a60abaf9a7c73bcb4a2134&width=700&height=366.492146597&auto=webp&s=8b0a7c02c75056bf3a6c4c972d4b6cb2f1bb9ab5",
                "thumb_width": 130,
                "thumb_height": 60,
                "service_icon": "http:\/\/www.redditstatic.com\/desktop2x\/img\/favicon\/apple-icon-57x57.png",
                "id": 1,
                "original_url": "https:\/\/www.reddit.com\/r\/Terraform\/comments\/s54wh7\/terraform_scale\/",
                "fallback": "reddit: Terraform @ Scale",
                "text": "Posted in r\/Terraform by u\/mhuemmer • 1 point and 0 comments",
                "title": "Terraform @ Scale",
                "title_link": "https:\/\/www.reddit.com\/r\/Terraform\/comments\/s54wh7\/terraform_scale\/",
                "service_name": "reddit"
            }
        ],
        "edited": {
            "user": "BG3N7LG73",
            "ts": "1642313174.000000"
        }
    }
]