[
    {
        "type": "message",
        "subtype": "bot_message",
        "text": "<https:\/\/www.reddit.com\/r\/Terraform\/comments\/s95ugh\/passing_list_of_variable_in_terraform\/|Passing list of variable in terraform>\nHi folks, I have a list of variable input like [\"dev\", \"stage\", \"prod\"].I'm running it like this terraform apply -var 'listvar=[\"dev\", \"stage\", \"prod\"]' which is working fine I would like to provision 3 different env at one time in terraform.Can anyone help me out how can i achieve this in better way. I know it will be done using loop but can anyone have any important link or source?  Your help will be appreciated one    submitted by   &lt;a href=\"https:\/\/www.reddit.com\/user\/Hamza768\"&gt;...",
        "ts": "1642752973.025600",
        "username": "Terraform",
        "icons": {
            "image_48": "https:\/\/s3-us-west-2.amazonaws.com\/slack-files2\/bot_icons\/2019-02-12\/548785199618_48.png"
        },
        "bot_id": "BG3N7LG73",
        "blocks": [
            {
                "type": "rich_text",
                "block_id": "Yov",
                "elements": [
                    {
                        "type": "rich_text_section",
                        "elements": [
                            {
                                "type": "link",
                                "url": "https:\/\/www.reddit.com\/r\/Terraform\/comments\/s95ugh\/passing_list_of_variable_in_terraform\/",
                                "text": "Passing list of variable in terraform"
                            },
                            {
                                "type": "text",
                                "text": "\nHi folks, I have a list of variable input like [\"dev\", \"stage\", \"prod\"].I'm running it like this terraform apply -var 'listvar=[\"dev\", \"stage\", \"prod\"]' which is working fine I would like to provision 3 different env at one time in terraform.Can anyone help me out how can i achieve this in better way. I know it will be done using loop but can anyone have any important link or source?  Your help will be appreciated one    submitted by   <a href=\"https:\/\/www.reddit.com\/user\/Hamza768\">..."
                            }
                        ]
                    }
                ]
            }
        ],
        "attachments": [
            {
                "from_url": "https:\/\/www.reddit.com\/r\/Terraform\/comments\/s95ugh\/passing_list_of_variable_in_terraform\/",
                "thumb_url": "https:\/\/www.redditstatic.com\/new-icon.png",
                "thumb_width": 256,
                "thumb_height": 256,
                "service_icon": "http:\/\/www.redditstatic.com\/desktop2x\/img\/favicon\/apple-icon-57x57.png",
                "id": 1,
                "original_url": "https:\/\/www.reddit.com\/r\/Terraform\/comments\/s95ugh\/passing_list_of_variable_in_terraform\/",
                "fallback": "reddit: Passing list of variable in terraform",
                "text": "Hi folks, I have a list of variable input like \\[\"dev\", \"stage\", \"prod\"\\].I'm running it like this **terraform apply -var 'listvar=\\[\"dev\",...",
                "title": "Passing list of variable in terraform",
                "title_link": "https:\/\/www.reddit.com\/r\/Terraform\/comments\/s95ugh\/passing_list_of_variable_in_terraform\/",
                "service_name": "reddit"
            }
        ],
        "edited": {
            "user": "BG3N7LG73",
            "ts": "1642752973.000000"
        }
    },
    {
        "type": "message",
        "subtype": "bot_message",
        "text": "<https:\/\/www.reddit.com\/r\/Terraform\/comments\/s99nai\/terraform_scale\/|Terraform @ Scale>\nReposting an article I wrote about terraform. Main ideas cover using object-oriented Terraform (OOT) and microservice modules to scale Terraform with the cloud.  <https:\/\/thecontinuousturning.substack.com\/p\/terraform-at-scale|Terraform @ Scale: Scaling Security, Operations, and the Cloud with Terraform>    submitted by   <https:\/\/www.reddit.com\/user\/masonhuemmer| \/u\/masonhuemmer > \n<https:\/\/www.reddit.com\/r\/Terraform\/comments\/s99nai\/terraform_scale\/|[link]>...",
        "ts": "1642769172.026000",
        "username": "Terraform",
        "icons": {
            "image_48": "https:\/\/s3-us-west-2.amazonaws.com\/slack-files2\/bot_icons\/2019-02-12\/548785199618_48.png"
        },
        "bot_id": "BG3N7LG73",
        "blocks": [
            {
                "type": "rich_text",
                "block_id": "eFGM",
                "elements": [
                    {
                        "type": "rich_text_section",
                        "elements": [
                            {
                                "type": "link",
                                "url": "https:\/\/www.reddit.com\/r\/Terraform\/comments\/s99nai\/terraform_scale\/",
                                "text": "Terraform @ Scale"
                            },
                            {
                                "type": "text",
                                "text": "\nReposting an article I wrote about terraform. Main ideas cover using object-oriented Terraform (OOT) and microservice modules to scale Terraform with the cloud.  "
                            },
                            {
                                "type": "link",
                                "url": "https:\/\/thecontinuousturning.substack.com\/p\/terraform-at-scale",
                                "text": "Terraform @ Scale: Scaling Security, Operations, and the Cloud with Terraform"
                            },
                            {
                                "type": "text",
                                "text": "    submitted by   "
                            },
                            {
                                "type": "link",
                                "url": "https:\/\/www.reddit.com\/user\/masonhuemmer",
                                "text": "\/u\/masonhuemmer"
                            },
                            {
                                "type": "text",
                                "text": " \n"
                            },
                            {
                                "type": "link",
                                "url": "https:\/\/www.reddit.com\/r\/Terraform\/comments\/s99nai\/terraform_scale\/",
                                "text": "[link]"
                            },
                            {
                                "type": "text",
                                "text": "..."
                            }
                        ]
                    }
                ]
            }
        ],
        "attachments": [
            {
                "from_url": "https:\/\/www.reddit.com\/r\/Terraform\/comments\/s99nai\/terraform_scale\/",
                "thumb_url": "https:\/\/www.redditstatic.com\/new-icon.png",
                "thumb_width": 256,
                "thumb_height": 256,
                "service_icon": "http:\/\/www.redditstatic.com\/desktop2x\/img\/favicon\/apple-icon-57x57.png",
                "id": 1,
                "original_url": "https:\/\/www.reddit.com\/r\/Terraform\/comments\/s99nai\/terraform_scale\/",
                "fallback": "reddit: Terraform @ Scale",
                "text": "Reposting an article I wrote about terraform. Main ideas cover using object-oriented Terraform (OOT) and microservice modules to scale Terraform...",
                "title": "Terraform @ Scale",
                "title_link": "https:\/\/www.reddit.com\/r\/Terraform\/comments\/s99nai\/terraform_scale\/",
                "service_name": "reddit"
            },
            {
                "from_url": "https:\/\/thecontinuousturning.substack.com\/p\/terraform-at-scale",
                "image_url": "https:\/\/cdn.substack.com\/image\/fetch\/w_1200,c_limit,f_jpg,q_auto:good,fl_progressive:steep\/https%3A%2F%2Fbucketeer-e05bbc84-baa3-437e-9518-adb32be77984.s3.amazonaws.com%2Fpublic%2Fimages%2F43d2ba26-dc58-4d5e-ae58-7cef598a7ce0_800x800.jpeg",
                "image_width": 250,
                "image_height": 250,
                "image_bytes": 76524,
                "service_icon": "https:\/\/cdn.substack.com\/icons\/substack\/apple-touch-icon-57x57.png",
                "id": 2,
                "original_url": "https:\/\/thecontinuousturning.substack.com\/p\/terraform-at-scale",
                "fallback": "Terraform @ Scale",
                "text": "Scaling Security, Operations, and the Cloud with Terraform",
                "title": "Terraform @ Scale",
                "title_link": "https:\/\/thecontinuousturning.substack.com\/p\/terraform-at-scale",
                "service_name": "thecontinuousturning.substack.com"
            },
            {
                "from_url": "https:\/\/www.reddit.com\/user\/masonhuemmer",
                "service_icon": "http:\/\/www.redditstatic.com\/desktop2x\/img\/favicon\/apple-icon-57x57.png",
                "id": 3,
                "original_url": "https:\/\/www.reddit.com\/user\/masonhuemmer",
                "fallback": "overview for masonhuemmer",
                "text": "The u\/masonhuemmer community on Reddit. Reddit gives you the best of the internet in one place.",
                "title": "overview for masonhuemmer",
                "title_link": "https:\/\/www.reddit.com\/user\/masonhuemmer",
                "service_name": "reddit.com"
            }
        ],
        "edited": {
            "user": "BG3N7LG73",
            "ts": "1642769172.000000"
        }
    },
    {
        "type": "message",
        "subtype": "bot_message",
        "text": "<https:\/\/www.reddit.com\/r\/Terraform\/comments\/s9bw13\/error_when_running_terragrunt_runall_plan\/|Error when running terragrunt run-all plan>\n​ I have multiple environment Testing and Production ,I want to verify terragrunt run-all plan(plan) with checkov when GitHubActions workflow is triggered.I want the plan saved in tfplan.binary then converted to json so checkov can scan it.I am getting error message after the terraform run-all plan is called.Below is my code snippet and the error messages.  ​ ```Terragrunt.hcl ​ terraform { extra_arguments \"plan_file\" { commands = [\"plan\"] arguments =...",
        "ts": "1642776371.026200",
        "username": "Terraform",
        "icons": {
            "image_48": "https:\/\/s3-us-west-2.amazonaws.com\/slack-files2\/bot_icons\/2019-02-12\/548785199618_48.png"
        },
        "bot_id": "BG3N7LG73",
        "blocks": [
            {
                "type": "rich_text",
                "block_id": "tha",
                "elements": [
                    {
                        "type": "rich_text_section",
                        "elements": [
                            {
                                "type": "link",
                                "url": "https:\/\/www.reddit.com\/r\/Terraform\/comments\/s9bw13\/error_when_running_terragrunt_runall_plan\/",
                                "text": "Error when running terragrunt run-all plan"
                            },
                            {
                                "type": "text",
                                "text": "\n I have multiple environment Testing and Production ,I want to verify terragrunt run-all plan(plan) with checkov when GitHubActions workflow is triggered.I want the plan saved in tfplan.binary then converted to json so checkov can scan it.I am getting error message after the terraform run-all plan is called.Below is my code snippet and the error messages.  ​ ```Terragrunt.hcl ​ terraform { extra_arguments \"plan_file\" { commands = [\"plan\"] arguments =..."
                            }
                        ]
                    }
                ]
            }
        ],
        "attachments": [
            {
                "from_url": "https:\/\/www.reddit.com\/r\/Terraform\/comments\/s9bw13\/error_when_running_terragrunt_runall_plan\/",
                "thumb_url": "https:\/\/www.redditstatic.com\/new-icon.png",
                "thumb_width": 256,
                "thumb_height": 256,
                "service_icon": "http:\/\/www.redditstatic.com\/desktop2x\/img\/favicon\/apple-icon-57x57.png",
                "id": 1,
                "original_url": "https:\/\/www.reddit.com\/r\/Terraform\/comments\/s9bw13\/error_when_running_terragrunt_runall_plan\/",
                "fallback": "reddit: Error when running terragrunt run-all plan",
                "text": "&amp;#x200B; I have multiple environment Testing and Production ,I want to verify terragrunt run-all plan(plan) with checkov when GitHubActions...",
                "title": "Error when running terragrunt run-all plan",
                "title_link": "https:\/\/www.reddit.com\/r\/Terraform\/comments\/s9bw13\/error_when_running_terragrunt_runall_plan\/",
                "service_name": "reddit"
            }
        ],
        "edited": {
            "user": "BG3N7LG73",
            "ts": "1642776372.000000"
        }
    },
    {
        "type": "message",
        "subtype": "bot_message",
        "text": "<https:\/\/www.reddit.com\/r\/Terraform\/comments\/s9c5g3\/gateway_rest_api_resource_cant_find_the_file_i\/|Gateway rest API resource can't find the file I provide>\nresource \"aws_api_gateway_rest_api\" \"api\" { body = \"${file(\"apigateway\/json-resolved\/swagger.json\")}\" name = \"api\" } --------------------------------------------------------------------------------- Invalid value for \"path\" parameter: no file exists at apigateway\/json-resolved\/swagger.json; this function works only with files that are distributed as part of the configuration source code, so if this file will be created by a resource in this configuration you must instead obtain this result...",
        "ts": "1642776371.026300",
        "username": "Terraform",
        "icons": {
            "image_48": "https:\/\/s3-us-west-2.amazonaws.com\/slack-files2\/bot_icons\/2019-02-12\/548785199618_48.png"
        },
        "bot_id": "BG3N7LG73",
        "blocks": [
            {
                "type": "rich_text",
                "block_id": "sOJ",
                "elements": [
                    {
                        "type": "rich_text_section",
                        "elements": [
                            {
                                "type": "link",
                                "url": "https:\/\/www.reddit.com\/r\/Terraform\/comments\/s9c5g3\/gateway_rest_api_resource_cant_find_the_file_i\/",
                                "text": "Gateway rest API resource can't find the file I provide"
                            },
                            {
                                "type": "text",
                                "text": "\nresource \"aws_api_gateway_rest_api\" \"api\" { body = \"${file(\"apigateway\/json-resolved\/swagger.json\")}\" name = \"api\" } --------------------------------------------------------------------------------- Invalid value for \"path\" parameter: no file exists at apigateway\/json-resolved\/swagger.json; this function works only with files that are distributed as part of the configuration source code, so if this file will be created by a resource in this configuration you must instead obtain this result..."
                            }
                        ]
                    }
                ]
            }
        ],
        "attachments": [
            {
                "from_url": "https:\/\/www.reddit.com\/r\/Terraform\/comments\/s9c5g3\/gateway_rest_api_resource_cant_find_the_file_i\/",
                "thumb_url": "https:\/\/www.redditstatic.com\/new-icon.png",
                "thumb_width": 256,
                "thumb_height": 256,
                "service_icon": "http:\/\/www.redditstatic.com\/desktop2x\/img\/favicon\/apple-icon-57x57.png",
                "id": 1,
                "original_url": "https:\/\/www.reddit.com\/r\/Terraform\/comments\/s9c5g3\/gateway_rest_api_resource_cant_find_the_file_i\/",
                "fallback": "reddit: Gateway rest API resource can't find the file I provide",
                "text": "resource \"aws_api_gateway_rest_api\" \"api\" { body = \"${file(\"apigateway\/json-resolved\/swagger.json\")}\" name = \"api\" } ...",
                "title": "Gateway rest API resource can't find the file I provide",
                "title_link": "https:\/\/www.reddit.com\/r\/Terraform\/comments\/s9c5g3\/gateway_rest_api_resource_cant_find_the_file_i\/",
                "service_name": "reddit"
            }
        ],
        "edited": {
            "user": "BG3N7LG73",
            "ts": "1642776372.000000"
        }
    },
    {
        "type": "message",
        "subtype": "bot_message",
        "text": "<https:\/\/www.reddit.com\/r\/Terraform\/comments\/s9edb3\/driftctl_invalidbucketname_when_globbing_aws_s3\/|Driftctl - InvalidBucketName when globbing AWS S3 buckets (zsh)>\nHi colleagues, we are trying to use globbing for the names of the s3 buckets, but it doesnt work for some reason. &gt; driftctl scan --from 'tfstate+s3:\/\/*tf-state*\/**\/*' Scanned states (0) There were errors reading your states files : - tfstate+s3:\/\/*tf-state*\/**\/*: InvalidBucketName: The specified bucket is not valid.  We need to be able to scan all buckets that include tf-state in their name, and scan every single state file inside them.\n When i tried to select an S3 and globbed only for...",
        "ts": "1642782372.026600",
        "username": "Terraform",
        "icons": {
            "image_48": "https:\/\/s3-us-west-2.amazonaws.com\/slack-files2\/bot_icons\/2019-02-12\/548785199618_48.png"
        },
        "bot_id": "BG3N7LG73",
        "blocks": [
            {
                "type": "rich_text",
                "block_id": "hA4",
                "elements": [
                    {
                        "type": "rich_text_section",
                        "elements": [
                            {
                                "type": "link",
                                "url": "https:\/\/www.reddit.com\/r\/Terraform\/comments\/s9edb3\/driftctl_invalidbucketname_when_globbing_aws_s3\/",
                                "text": "Driftctl - InvalidBucketName when globbing AWS S3 buckets (zsh)"
                            },
                            {
                                "type": "text",
                                "text": "\nHi colleagues, we are trying to use globbing for the names of the s3 buckets, but it doesnt work for some reason. > driftctl scan --from 'tfstate+s3:\/\/"
                            },
                            {
                                "type": "text",
                                "text": "tf-state",
                                "style": {
                                    "bold": true
                                }
                            },
                            {
                                "type": "text",
                                "text": "\/**\/*' Scanned states (0) There were errors reading your states files : - tfstate+s3:\/\/"
                            },
                            {
                                "type": "text",
                                "text": "tf-state",
                                "style": {
                                    "bold": true
                                }
                            },
                            {
                                "type": "text",
                                "text": "\/**\/*: InvalidBucketName: The specified bucket is not valid.  We need to be able to scan all buckets that include tf-state in their name, and scan every single state file inside them.\n When i tried to select an S3 and globbed only for..."
                            }
                        ]
                    }
                ]
            }
        ],
        "attachments": [
            {
                "from_url": "https:\/\/www.reddit.com\/r\/Terraform\/comments\/s9edb3\/driftctl_invalidbucketname_when_globbing_aws_s3\/",
                "thumb_url": "https:\/\/www.redditstatic.com\/new-icon.png",
                "thumb_width": 256,
                "thumb_height": 256,
                "service_icon": "http:\/\/www.redditstatic.com\/desktop2x\/img\/favicon\/apple-icon-57x57.png",
                "id": 1,
                "original_url": "https:\/\/www.reddit.com\/r\/Terraform\/comments\/s9edb3\/driftctl_invalidbucketname_when_globbing_aws_s3\/",
                "fallback": "reddit: Driftctl - InvalidBucketName when globbing AWS S3 buckets (zsh)",
                "text": "Hi colleagues, we are trying to use globbing for the names of the s3 buckets, but it doesnt work for some reason. &gt; driftctl scan --from...",
                "title": "Driftctl - InvalidBucketName when globbing AWS S3 buckets (zsh)",
                "title_link": "https:\/\/www.reddit.com\/r\/Terraform\/comments\/s9edb3\/driftctl_invalidbucketname_when_globbing_aws_s3\/",
                "service_name": "reddit"
            }
        ],
        "edited": {
            "user": "BG3N7LG73",
            "ts": "1642782372.000000"
        }
    },
    {
        "type": "message",
        "subtype": "bot_message",
        "text": "<https:\/\/www.reddit.com\/r\/Terraform\/comments\/s9fzi6\/good_azure_terraform_projects\/|Good Azure Terraform Projects?>\nHi,  Can you recommend good terraform projects based on Azure on GitHub that I can learn from?  I am interested in organisations building their Azure environment using terraform and following the enterprise-scale framework.  Many thanks!    submitted by   <https:\/\/www.reddit.com\/user\/1whatabeautifulday| \/u\/1whatabeautifulday > \n<https:\/\/www.reddit.com\/r\/Terraform\/comments\/s9fzi6\/good_azure_terraform_projects\/|[link]>   &lt;a...",
        "ts": "1642787171.026800",
        "username": "Terraform",
        "icons": {
            "image_48": "https:\/\/s3-us-west-2.amazonaws.com\/slack-files2\/bot_icons\/2019-02-12\/548785199618_48.png"
        },
        "bot_id": "BG3N7LG73",
        "blocks": [
            {
                "type": "rich_text",
                "block_id": "M7qLo",
                "elements": [
                    {
                        "type": "rich_text_section",
                        "elements": [
                            {
                                "type": "link",
                                "url": "https:\/\/www.reddit.com\/r\/Terraform\/comments\/s9fzi6\/good_azure_terraform_projects\/",
                                "text": "Good Azure Terraform Projects?"
                            },
                            {
                                "type": "text",
                                "text": "\nHi,  Can you recommend good terraform projects based on Azure on GitHub that I can learn from?  I am interested in organisations building their Azure environment using terraform and following the enterprise-scale framework.  Many thanks!    submitted by   "
                            },
                            {
                                "type": "link",
                                "url": "https:\/\/www.reddit.com\/user\/1whatabeautifulday",
                                "text": "\/u\/1whatabeautifulday"
                            },
                            {
                                "type": "text",
                                "text": " \n"
                            },
                            {
                                "type": "link",
                                "url": "https:\/\/www.reddit.com\/r\/Terraform\/comments\/s9fzi6\/good_azure_terraform_projects\/",
                                "text": "[link]"
                            },
                            {
                                "type": "text",
                                "text": "   <a..."
                            }
                        ]
                    }
                ]
            }
        ],
        "attachments": [
            {
                "from_url": "https:\/\/www.reddit.com\/r\/Terraform\/comments\/s9fzi6\/good_azure_terraform_projects\/",
                "thumb_url": "https:\/\/www.redditstatic.com\/new-icon.png",
                "thumb_width": 256,
                "thumb_height": 256,
                "service_icon": "http:\/\/www.redditstatic.com\/desktop2x\/img\/favicon\/apple-icon-57x57.png",
                "id": 1,
                "original_url": "https:\/\/www.reddit.com\/r\/Terraform\/comments\/s9fzi6\/good_azure_terraform_projects\/",
                "fallback": "reddit: Good Azure Terraform Projects?",
                "text": "Hi, Can you recommend good terraform projects based on Azure on GitHub that I can learn from? I am interested in organisations building...",
                "title": "Good Azure Terraform Projects?",
                "title_link": "https:\/\/www.reddit.com\/r\/Terraform\/comments\/s9fzi6\/good_azure_terraform_projects\/",
                "service_name": "reddit"
            },
            {
                "from_url": "https:\/\/www.reddit.com\/user\/1whatabeautifulday",
                "service_icon": "http:\/\/www.redditstatic.com\/desktop2x\/img\/favicon\/apple-icon-57x57.png",
                "id": 2,
                "original_url": "https:\/\/www.reddit.com\/user\/1whatabeautifulday",
                "fallback": "overview for 1whatabeautifulday",
                "text": "The u\/1whatabeautifulday community on Reddit. Reddit gives you the best of the internet in one place.",
                "title": "overview for 1whatabeautifulday",
                "title_link": "https:\/\/www.reddit.com\/user\/1whatabeautifulday",
                "service_name": "reddit.com"
            }
        ],
        "edited": {
            "user": "BG3N7LG73",
            "ts": "1642787172.000000"
        }
    },
    {
        "type": "message",
        "subtype": "bot_message",
        "text": "<https:\/\/www.reddit.com\/r\/Terraform\/comments\/s9hqov\/why_does_terraform_not_delete_ecs_task_definitions\/|Why does terraform not delete ECS task definitions?>\nWhy doesn't terraform delete ecs task definitions    submitted by   <https:\/\/www.reddit.com\/user\/nedraeb| \/u\/nedraeb > \n<https:\/\/www.reddit.com\/r\/Terraform\/comments\/s9hqov\/why_does_terraform_not_delete_ecs_task_definitions\/|[link]>   <https:\/\/www.reddit.com\/r\/Terraform\/comments\/s9hqov\/why_does_terraform_not_delete_ecs_task_definitions\/|[comments]>",
        "ts": "1642791374.027000",
        "username": "Terraform",
        "icons": {
            "image_48": "https:\/\/s3-us-west-2.amazonaws.com\/slack-files2\/bot_icons\/2019-02-12\/548785199618_48.png"
        },
        "bot_id": "BG3N7LG73",
        "blocks": [
            {
                "type": "rich_text",
                "block_id": "xBYAu",
                "elements": [
                    {
                        "type": "rich_text_section",
                        "elements": [
                            {
                                "type": "link",
                                "url": "https:\/\/www.reddit.com\/r\/Terraform\/comments\/s9hqov\/why_does_terraform_not_delete_ecs_task_definitions\/",
                                "text": "Why does terraform not delete ECS task definitions?"
                            },
                            {
                                "type": "text",
                                "text": "\nWhy doesn't terraform delete ecs task definitions    submitted by   "
                            },
                            {
                                "type": "link",
                                "url": "https:\/\/www.reddit.com\/user\/nedraeb",
                                "text": "\/u\/nedraeb"
                            },
                            {
                                "type": "text",
                                "text": " \n"
                            },
                            {
                                "type": "link",
                                "url": "https:\/\/www.reddit.com\/r\/Terraform\/comments\/s9hqov\/why_does_terraform_not_delete_ecs_task_definitions\/",
                                "text": "[link]"
                            },
                            {
                                "type": "text",
                                "text": "   "
                            },
                            {
                                "type": "link",
                                "url": "https:\/\/www.reddit.com\/r\/Terraform\/comments\/s9hqov\/why_does_terraform_not_delete_ecs_task_definitions\/",
                                "text": "[comments]"
                            }
                        ]
                    }
                ]
            }
        ],
        "attachments": [
            {
                "from_url": "https:\/\/www.reddit.com\/r\/Terraform\/comments\/s9hqov\/why_does_terraform_not_delete_ecs_task_definitions\/",
                "thumb_url": "https:\/\/www.redditstatic.com\/new-icon.png",
                "thumb_width": 256,
                "thumb_height": 256,
                "service_icon": "http:\/\/www.redditstatic.com\/desktop2x\/img\/favicon\/apple-icon-57x57.png",
                "id": 1,
                "original_url": "https:\/\/www.reddit.com\/r\/Terraform\/comments\/s9hqov\/why_does_terraform_not_delete_ecs_task_definitions\/",
                "fallback": "reddit: Why does terraform not delete ECS task definitions?",
                "text": "Why doesn't terraform delete ecs task definitions",
                "title": "Why does terraform not delete ECS task definitions?",
                "title_link": "https:\/\/www.reddit.com\/r\/Terraform\/comments\/s9hqov\/why_does_terraform_not_delete_ecs_task_definitions\/",
                "service_name": "reddit"
            },
            {
                "from_url": "https:\/\/www.reddit.com\/user\/nedraeb",
                "service_icon": "http:\/\/www.redditstatic.com\/desktop2x\/img\/favicon\/apple-icon-57x57.png",
                "id": 2,
                "original_url": "https:\/\/www.reddit.com\/user\/nedraeb",
                "fallback": "overview for nedraeb",
                "text": "The u\/nedraeb community on Reddit. Reddit gives you the best of the internet in one place.",
                "title": "overview for nedraeb",
                "title_link": "https:\/\/www.reddit.com\/user\/nedraeb",
                "service_name": "reddit.com"
            }
        ],
        "edited": {
            "user": "BG3N7LG73",
            "ts": "1642791374.000000"
        }
    },
    {
        "type": "message",
        "subtype": "bot_message",
        "text": "<https:\/\/www.reddit.com\/r\/Terraform\/comments\/s9hslb\/production_level_aks_cluster_using_terraform\/|Production level AKS Cluster using Terraform>\nHello people,  I've been exploring Terraform script to create an AKS Cluster with multiple subnets, Ingress and Egress rules. And other extra features as what will be required for production usage. And won't seem to find anything great.  Can anyone please help on this.  Thanks.    submitted by   <https:\/\/www.reddit.com\/user\/Rajj_1710| \/u\/Rajj_1710 > \n<https:\/\/www.reddit.com\/r\/Terraform\/comments\/s9hslb\/production_level_aks_cluster_using_terraform\/|[link]>   &lt;a...",
        "ts": "1642791374.027100",
        "username": "Terraform",
        "icons": {
            "image_48": "https:\/\/s3-us-west-2.amazonaws.com\/slack-files2\/bot_icons\/2019-02-12\/548785199618_48.png"
        },
        "bot_id": "BG3N7LG73",
        "blocks": [
            {
                "type": "rich_text",
                "block_id": "9jdcQ",
                "elements": [
                    {
                        "type": "rich_text_section",
                        "elements": [
                            {
                                "type": "link",
                                "url": "https:\/\/www.reddit.com\/r\/Terraform\/comments\/s9hslb\/production_level_aks_cluster_using_terraform\/",
                                "text": "Production level AKS Cluster using Terraform"
                            },
                            {
                                "type": "text",
                                "text": "\nHello people,  I've been exploring Terraform script to create an AKS Cluster with multiple subnets, Ingress and Egress rules. And other extra features as what will be required for production usage. And won't seem to find anything great.  Can anyone please help on this.  Thanks.    submitted by   "
                            },
                            {
                                "type": "link",
                                "url": "https:\/\/www.reddit.com\/user\/Rajj_1710",
                                "text": "\/u\/Rajj_1710"
                            },
                            {
                                "type": "text",
                                "text": " \n"
                            },
                            {
                                "type": "link",
                                "url": "https:\/\/www.reddit.com\/r\/Terraform\/comments\/s9hslb\/production_level_aks_cluster_using_terraform\/",
                                "text": "[link]"
                            },
                            {
                                "type": "text",
                                "text": "   <a..."
                            }
                        ]
                    }
                ]
            }
        ],
        "attachments": [
            {
                "from_url": "https:\/\/www.reddit.com\/r\/Terraform\/comments\/s9hslb\/production_level_aks_cluster_using_terraform\/",
                "thumb_url": "https:\/\/www.redditstatic.com\/new-icon.png",
                "thumb_width": 256,
                "thumb_height": 256,
                "service_icon": "http:\/\/www.redditstatic.com\/desktop2x\/img\/favicon\/apple-icon-57x57.png",
                "id": 1,
                "original_url": "https:\/\/www.reddit.com\/r\/Terraform\/comments\/s9hslb\/production_level_aks_cluster_using_terraform\/",
                "fallback": "reddit: Production level AKS Cluster using Terraform",
                "text": "Hello people, I've been exploring Terraform script to create an AKS Cluster with multiple subnets, Ingress and Egress rules. And other extra...",
                "title": "Production level AKS Cluster using Terraform",
                "title_link": "https:\/\/www.reddit.com\/r\/Terraform\/comments\/s9hslb\/production_level_aks_cluster_using_terraform\/",
                "service_name": "reddit"
            },
            {
                "from_url": "https:\/\/www.reddit.com\/user\/Rajj_1710",
                "service_icon": "http:\/\/www.redditstatic.com\/desktop2x\/img\/favicon\/apple-icon-57x57.png",
                "id": 2,
                "original_url": "https:\/\/www.reddit.com\/user\/Rajj_1710",
                "fallback": "overview for Rajj_1710",
                "text": "The u\/Rajj_1710 community on Reddit. Reddit gives you the best of the internet in one place.",
                "title": "overview for Rajj_1710",
                "title_link": "https:\/\/www.reddit.com\/user\/Rajj_1710",
                "service_name": "reddit.com"
            }
        ],
        "edited": {
            "user": "BG3N7LG73",
            "ts": "1642791374.000000"
        }
    },
    {
        "type": "message",
        "subtype": "bot_message",
        "text": "<https:\/\/www.reddit.com\/r\/Terraform\/comments\/s9ovww\/my_selfhosting_infrastructure_fully_automated\/|My self-hosting infrastructure, fully automated from empty disk to operating services.>\nsubmitted by   <https:\/\/www.reddit.com\/user\/binaryfor| \/u\/binaryfor > \n<https:\/\/github.com\/khuedoan\/homelab|[link]>   <https:\/\/www.reddit.com\/r\/Terraform\/comments\/s9ovww\/my_selfhosting_infrastructure_fully_automated\/|[comments]>",
        "ts": "1642810581.027400",
        "username": "Terraform",
        "icons": {
            "image_48": "https:\/\/s3-us-west-2.amazonaws.com\/slack-files2\/bot_icons\/2019-02-12\/548785199618_48.png"
        },
        "bot_id": "BG3N7LG73",
        "blocks": [
            {
                "type": "rich_text",
                "block_id": "l\/TO",
                "elements": [
                    {
                        "type": "rich_text_section",
                        "elements": [
                            {
                                "type": "link",
                                "url": "https:\/\/www.reddit.com\/r\/Terraform\/comments\/s9ovww\/my_selfhosting_infrastructure_fully_automated\/",
                                "text": "My self-hosting infrastructure, fully automated from empty disk to operating services."
                            },
                            {
                                "type": "text",
                                "text": "\nsubmitted by   "
                            },
                            {
                                "type": "link",
                                "url": "https:\/\/www.reddit.com\/user\/binaryfor",
                                "text": "\/u\/binaryfor"
                            },
                            {
                                "type": "text",
                                "text": " \n"
                            },
                            {
                                "type": "link",
                                "url": "https:\/\/github.com\/khuedoan\/homelab",
                                "text": "[link]"
                            },
                            {
                                "type": "text",
                                "text": "   "
                            },
                            {
                                "type": "link",
                                "url": "https:\/\/www.reddit.com\/r\/Terraform\/comments\/s9ovww\/my_selfhosting_infrastructure_fully_automated\/",
                                "text": "[comments]"
                            }
                        ]
                    }
                ]
            }
        ],
        "attachments": [
            {
                "from_url": "https:\/\/www.reddit.com\/r\/Terraform\/comments\/s9ovww\/my_selfhosting_infrastructure_fully_automated\/",
                "thumb_url": "https:\/\/a.thumbs.redditmedia.com\/txHOm2GdUu3leMunFGJ_1VyvhmgfP6-HBcuATxaUSn0.jpg",
                "thumb_width": 140,
                "thumb_height": 70,
                "service_icon": "http:\/\/www.redditstatic.com\/desktop2x\/img\/favicon\/apple-icon-57x57.png",
                "id": 1,
                "original_url": "https:\/\/www.reddit.com\/r\/Terraform\/comments\/s9ovww\/my_selfhosting_infrastructure_fully_automated\/",
                "fallback": "reddit: My self-hosting infrastructure, fully automated from empty disk to operating services.",
                "text": "Posted in r\/Terraform by u\/binaryfor • 1 point and 0 comments",
                "title": "My self-hosting infrastructure, fully automated from empty disk to operating services.",
                "title_link": "https:\/\/www.reddit.com\/r\/Terraform\/comments\/s9ovww\/my_selfhosting_infrastructure_fully_automated\/",
                "service_name": "reddit"
            },
            {
                "from_url": "https:\/\/www.reddit.com\/user\/binaryfor",
                "service_icon": "http:\/\/www.redditstatic.com\/desktop2x\/img\/favicon\/apple-icon-57x57.png",
                "id": 2,
                "original_url": "https:\/\/www.reddit.com\/user\/binaryfor",
                "fallback": "overview for binaryfor",
                "text": "Founder of the open source newsletter Console: <https:\/\/console.substack.com\/>.",
                "title": "overview for binaryfor",
                "title_link": "https:\/\/www.reddit.com\/user\/binaryfor",
                "service_name": "reddit.com"
            },
            {
                "from_url": "https:\/\/github.com\/khuedoan\/homelab",
                "image_url": "https:\/\/opengraph.githubassets.com\/516399d72d614dee6fbbd651f7e7ee61248b5cd02a33f98bc0d6954b80aae52d\/khuedoan\/homelab",
                "image_width": 500,
                "image_height": 250,
                "image_bytes": 119345,
                "service_icon": "https:\/\/a.slack-edge.com\/80588\/img\/unfurl_icons\/github.png",
                "id": 3,
                "original_url": "https:\/\/github.com\/khuedoan\/homelab",
                "fallback": "GitHub: GitHub - khuedoan\/homelab: My self-hosting infrastructure, fully automated from empty disk to operating services.",
                "text": "My self-hosting infrastructure, fully automated from empty disk to operating services. - GitHub - khuedoan\/homelab: My self-hosting infrastructure, fully automated from empty disk to operating serv...",
                "title": "GitHub - khuedoan\/homelab: My self-hosting infrastructure, fully automated from empty disk to operating services.",
                "title_link": "https:\/\/github.com\/khuedoan\/homelab",
                "service_name": "GitHub"
            }
        ],
        "edited": {
            "user": "BG3N7LG73",
            "ts": "1642810582.000000"
        }
    },
    {
        "type": "message",
        "subtype": "bot_message",
        "text": "<https:\/\/www.reddit.com\/r\/Terraform\/comments\/s9q4ql\/terraform_fmt_what_does_it_do\/|terraform fmt - what does it do?>\nSo,  Reading the docs, it says terraform fmt updates configurations for readability and consistency What does this actually mean? Does it mean it will update any modules you are using to the latest version?  Thank you    submitted by   <https:\/\/www.reddit.com\/user\/1whatabeautifulday| \/u\/1whatabeautifulday > \n<https:\/\/www.reddit.com\/r\/Terraform\/comments\/s9q4ql\/terraform_fmt_what_does_it_do\/|[link]>   &lt;a...",
        "ts": "1642814179.027600",
        "username": "Terraform",
        "icons": {
            "image_48": "https:\/\/s3-us-west-2.amazonaws.com\/slack-files2\/bot_icons\/2019-02-12\/548785199618_48.png"
        },
        "bot_id": "BG3N7LG73",
        "blocks": [
            {
                "type": "rich_text",
                "block_id": "u3kg",
                "elements": [
                    {
                        "type": "rich_text_section",
                        "elements": [
                            {
                                "type": "link",
                                "url": "https:\/\/www.reddit.com\/r\/Terraform\/comments\/s9q4ql\/terraform_fmt_what_does_it_do\/",
                                "text": "terraform fmt - what does it do?"
                            },
                            {
                                "type": "text",
                                "text": "\nSo,  Reading the docs, it says terraform fmt updates configurations for readability and consistency What does this actually mean? Does it mean it will update any modules you are using to the latest version?  Thank you    submitted by   "
                            },
                            {
                                "type": "link",
                                "url": "https:\/\/www.reddit.com\/user\/1whatabeautifulday",
                                "text": "\/u\/1whatabeautifulday"
                            },
                            {
                                "type": "text",
                                "text": " \n"
                            },
                            {
                                "type": "link",
                                "url": "https:\/\/www.reddit.com\/r\/Terraform\/comments\/s9q4ql\/terraform_fmt_what_does_it_do\/",
                                "text": "[link]"
                            },
                            {
                                "type": "text",
                                "text": "   <a..."
                            }
                        ]
                    }
                ]
            }
        ],
        "attachments": [
            {
                "from_url": "https:\/\/www.reddit.com\/r\/Terraform\/comments\/s9q4ql\/terraform_fmt_what_does_it_do\/",
                "thumb_url": "https:\/\/www.redditstatic.com\/new-icon.png",
                "thumb_width": 256,
                "thumb_height": 256,
                "service_icon": "http:\/\/www.redditstatic.com\/desktop2x\/img\/favicon\/apple-icon-57x57.png",
                "id": 1,
                "original_url": "https:\/\/www.reddit.com\/r\/Terraform\/comments\/s9q4ql\/terraform_fmt_what_does_it_do\/",
                "fallback": "reddit: terraform fmt - what does it do?",
                "text": "So, Reading the docs, it says terraform fmt updates configurations for readability and consistency What does this actually mean? Does it...",
                "title": "terraform fmt - what does it do?",
                "title_link": "https:\/\/www.reddit.com\/r\/Terraform\/comments\/s9q4ql\/terraform_fmt_what_does_it_do\/",
                "service_name": "reddit"
            },
            {
                "from_url": "https:\/\/www.reddit.com\/user\/1whatabeautifulday",
                "service_icon": "http:\/\/www.redditstatic.com\/desktop2x\/img\/favicon\/apple-icon-57x57.png",
                "id": 2,
                "original_url": "https:\/\/www.reddit.com\/user\/1whatabeautifulday",
                "fallback": "overview for 1whatabeautifulday",
                "text": "The u\/1whatabeautifulday community on Reddit. Reddit gives you the best of the internet in one place.",
                "title": "overview for 1whatabeautifulday",
                "title_link": "https:\/\/www.reddit.com\/user\/1whatabeautifulday",
                "service_name": "reddit.com"
            }
        ],
        "edited": {
            "user": "BG3N7LG73",
            "ts": "1642814179.000000"
        }
    },
    {
        "type": "message",
        "subtype": "bot_message",
        "text": "<https:\/\/www.reddit.com\/r\/Terraform\/comments\/s9tbhg\/how_to_import_module\/|How to import module>\nHi I am new to terraform and can't seem to find an answer to what i believe should be an obvious question. How to do i import a module to my terraform environment. I am attempting to use this one: <https:\/\/registry.terraform.io\/modules\/caermeglaeddyv\/vm-module\/vsphere\/latest|https:\/\/registry.terraform.io\/modules\/caermeglaeddyv\/vm-module\/vsphere\/latest> where to I put the module provisioning code that is shown at the top before i do a terraform init. ​ thanks    submitted by   &lt;a...",
        "ts": "1642824378.027800",
        "username": "Terraform",
        "icons": {
            "image_48": "https:\/\/s3-us-west-2.amazonaws.com\/slack-files2\/bot_icons\/2019-02-12\/548785199618_48.png"
        },
        "bot_id": "BG3N7LG73",
        "blocks": [
            {
                "type": "rich_text",
                "block_id": "Ixfu0",
                "elements": [
                    {
                        "type": "rich_text_section",
                        "elements": [
                            {
                                "type": "link",
                                "url": "https:\/\/www.reddit.com\/r\/Terraform\/comments\/s9tbhg\/how_to_import_module\/",
                                "text": "How to import module"
                            },
                            {
                                "type": "text",
                                "text": "\nHi I am new to terraform and can't seem to find an answer to what i believe should be an obvious question. How to do i import a module to my terraform environment. I am attempting to use this one: "
                            },
                            {
                                "type": "link",
                                "url": "https:\/\/registry.terraform.io\/modules\/caermeglaeddyv\/vm-module\/vsphere\/latest"
                            },
                            {
                                "type": "text",
                                "text": " where to I put the module provisioning code that is shown at the top before i do a terraform init. ​ thanks    submitted by   <a..."
                            }
                        ]
                    }
                ]
            }
        ],
        "attachments": [
            {
                "from_url": "https:\/\/www.reddit.com\/r\/Terraform\/comments\/s9tbhg\/how_to_import_module\/",
                "thumb_url": "https:\/\/www.redditstatic.com\/new-icon.png",
                "thumb_width": 256,
                "thumb_height": 256,
                "service_icon": "http:\/\/www.redditstatic.com\/desktop2x\/img\/favicon\/apple-icon-57x57.png",
                "id": 1,
                "original_url": "https:\/\/www.reddit.com\/r\/Terraform\/comments\/s9tbhg\/how_to_import_module\/",
                "fallback": "reddit: How to import module",
                "text": "Hi I am new to terraform and can't seem to find an answer to what i believe should be an obvious question. How to do i import a module to my...",
                "title": "How to import module",
                "title_link": "https:\/\/www.reddit.com\/r\/Terraform\/comments\/s9tbhg\/how_to_import_module\/",
                "service_name": "reddit"
            }
        ],
        "edited": {
            "user": "BG3N7LG73",
            "ts": "1642824378.000000"
        }
    }
]