[
    {
        "client_msg_id": "99E178A2-64C6-49FF-84EF-6F7D7687BF35",
        "type": "message",
        "text": "はじめましてconnpassから参加しました。ほんじつのmeetupにも参加します。terraform歴は4ヶ月くらいです！よろしくお願いします！",
        "user": "UTMCUCTCP",
        "ts": "1580896427.026000",
        "team": "TFU0BKCQP",
        "user_team": "TFU0BKCQP",
        "source_team": "TFU0BKCQP",
        "user_profile": {
            "avatar_hash": "gdf76b06e213",
            "image_72": "https:\/\/secure.gravatar.com\/avatar\/df76b06e213a807d3da236846292e996.jpg?s=72&d=https%3A%2F%2Fa.slack-edge.com%2Fdf10d%2Fimg%2Favatars%2Fava_0002-72.png",
            "first_name": "okimurak",
            "real_name": "okimurak",
            "display_name": "",
            "team": "TFU0BKCQP",
            "name": "okimurak0901",
            "is_restricted": false,
            "is_ultra_restricted": false
        },
        "blocks": [
            {
                "type": "rich_text",
                "block_id": "K=z",
                "elements": [
                    {
                        "type": "rich_text_section",
                        "elements": [
                            {
                                "type": "text",
                                "text": "はじめましてconnpassから参加しました。ほんじつのmeetupにも参加します。terraform歴は4ヶ月くらいです！よろしくお願いします！"
                            }
                        ]
                    }
                ]
            }
        ],
        "reactions": [
            {
                "name": "よろしく",
                "users": [
                    "UFU0BKD8F",
                    "UGY9BJ1NF",
                    "UGW0ABZLG"
                ],
                "count": 3
            }
        ]
    },
    {
        "client_msg_id": "d99db7e5-950f-4d28-9e53-f55e123a996c",
        "type": "message",
        "text": "はじめまして、connpass からの参加です．よろしくお願いします．terraform歴 は 半年くらいです",
        "user": "UT6REA34J",
        "ts": "1580901766.027300",
        "team": "TFU0BKCQP",
        "user_team": "TFU0BKCQP",
        "source_team": "TFU0BKCQP",
        "user_profile": {
            "avatar_hash": "g21c60ee246b",
            "image_72": "https:\/\/secure.gravatar.com\/avatar\/21c60ee246b1b8357acf3ebd9e76674c.jpg?s=72&d=https%3A%2F%2Fa.slack-edge.com%2Fdf10d%2Fimg%2Favatars%2Fava_0011-72.png",
            "first_name": "",
            "real_name": "miing",
            "display_name": "miing",
            "team": "TFU0BKCQP",
            "name": "ko.with.ja",
            "is_restricted": false,
            "is_ultra_restricted": false
        },
        "blocks": [
            {
                "type": "rich_text",
                "block_id": "EwU",
                "elements": [
                    {
                        "type": "rich_text_section",
                        "elements": [
                            {
                                "type": "text",
                                "text": "はじめまして、connpass からの参加です．よろしくお願いします．terraform歴 は 半年くらいです"
                            }
                        ]
                    }
                ]
            }
        ],
        "reactions": [
            {
                "name": "よろしく",
                "users": [
                    "UFU0BKD8F",
                    "UGY9BJ1NF",
                    "UGW0ABZLG"
                ],
                "count": 3
            }
        ]
    },
    {
        "client_msg_id": "c1ed5133-838c-4eb3-8451-7e4deee664d8",
        "type": "message",
        "text": "初めまして。紹介で参加させていただきました。AWS環境でterraformを利用しています。よろしくお願いします。",
        "user": "UT26F1P98",
        "ts": "1580904173.028300",
        "team": "TFU0BKCQP",
        "user_team": "TFU0BKCQP",
        "source_team": "TFU0BKCQP",
        "user_profile": {
            "avatar_hash": "g8848b6f6055",
            "image_72": "https:\/\/secure.gravatar.com\/avatar\/8848b6f60556fa88e768af8b0b47808d.jpg?s=72&d=https%3A%2F%2Fa.slack-edge.com%2Fdf10d%2Fimg%2Favatars%2Fava_0020-72.png",
            "first_name": "",
            "real_name": "tomomi",
            "display_name": "tomomi",
            "team": "TFU0BKCQP",
            "name": "tomomiik0210",
            "is_restricted": false,
            "is_ultra_restricted": false
        },
        "blocks": [
            {
                "type": "rich_text",
                "block_id": "nlv",
                "elements": [
                    {
                        "type": "rich_text_section",
                        "elements": [
                            {
                                "type": "text",
                                "text": "初めまして。紹介で参加させていただきました。AWS環境でterraformを利用しています。よろしくお願いします。"
                            }
                        ]
                    }
                ]
            }
        ],
        "reactions": [
            {
                "name": "よろしく",
                "users": [
                    "UFU0BKD8F",
                    "UGY9BJ1NF",
                    "UGW0ABZLG",
                    "UKAKENQAF"
                ],
                "count": 4
            }
        ]
    },
    {
        "client_msg_id": "2D1BADDF-E371-441A-BF20-8A9B24AB953B",
        "type": "message",
        "text": "初めましてKentaro と申します。Azure DevOps環境でterraformを利用しています。terraformには意図していなかったリソースグループを消してしまったりしたいい思い出があります。よろしくお願い致します。",
        "user": "UT87XJ97V",
        "ts": "1580904536.031200",
        "team": "TFU0BKCQP",
        "user_team": "TFU0BKCQP",
        "source_team": "TFU0BKCQP",
        "user_profile": {
            "avatar_hash": "ga2cce9a82bc",
            "image_72": "https:\/\/secure.gravatar.com\/avatar\/a2cce9a82bccf2b44b57e71b8fb2a865.jpg?s=72&d=https%3A%2F%2Fa.slack-edge.com%2Fdf10d%2Fimg%2Favatars%2Fava_0024-72.png",
            "first_name": "",
            "real_name": "KentaroMori",
            "display_name": "",
            "team": "TFU0BKCQP",
            "name": "jeanvaljean1848",
            "is_restricted": false,
            "is_ultra_restricted": false
        },
        "blocks": [
            {
                "type": "rich_text",
                "block_id": "+hHM8",
                "elements": [
                    {
                        "type": "rich_text_section",
                        "elements": [
                            {
                                "type": "text",
                                "text": "初めましてKentaro と申します。Azure DevOps環境でterraformを利用しています。terraformには意図していなかったリソースグループを消してしまったりしたいい思い出があります。よろしくお願い致します。"
                            }
                        ]
                    }
                ]
            }
        ],
        "reactions": [
            {
                "name": "よろしく",
                "users": [
                    "UFU0BKD8F",
                    "UGY9BJ1NF",
                    "UGW0ABZLG",
                    "UKAKENQAF"
                ],
                "count": 4
            }
        ]
    }
]