[
    {
        "type": "message",
        "subtype": "bot_message",
        "text": "<https:\/\/www.reddit.com\/r\/Terraform\/comments\/fsvlvf\/how_did_you_create_your_s3_backend_bucket_for_the\/|How did you create your s3 backend bucket for the states files?>\nHi, I'm trying to figure what should be best: To create the s3 backend bucket manually or to create it using terraform and have the chicken and egg concern. ​ What do you guys think? How did you create your bucket?    submitted by   <https:\/\/www.reddit.com\/user\/Vaxx0r| \/u\/Vaxx0r > \n<https:\/\/www.reddit.com\/r\/Terraform\/comments\/fsvlvf\/how_did_you_create_your_s3_backend_bucket_for_the\/|[link]>   &lt;a...",
        "ts": "1585729016.008800",
        "username": "Terraform ALL the Worlds!",
        "icons": {
            "image_48": "https:\/\/s3-us-west-2.amazonaws.com\/slack-files2\/bot_icons\/2019-02-12\/548785199618_48.png"
        },
        "bot_id": "BG3N7LG73",
        "attachments": [
            {
                "service_name": "reddit",
                "title": "How did you create your s3 backend bucket for the states files?",
                "title_link": "https:\/\/www.reddit.com\/r\/Terraform\/comments\/fsvlvf\/how_did_you_create_your_s3_backend_bucket_for_the\/",
                "text": "Hi, I'm trying to figure what should be best: To create the s3 backend bucket manually or to create it using terraform and have the chicken...",
                "fallback": "reddit: How did you create your s3 backend bucket for the states files?",
                "thumb_url": "https:\/\/www.redditstatic.com\/new-icon.png",
                "from_url": "https:\/\/www.reddit.com\/r\/Terraform\/comments\/fsvlvf\/how_did_you_create_your_s3_backend_bucket_for_the\/",
                "thumb_width": 256,
                "thumb_height": 256,
                "service_icon": "http:\/\/www.redditstatic.com\/desktop2x\/img\/favicon\/apple-icon-57x57.png",
                "id": 1,
                "original_url": "https:\/\/www.reddit.com\/r\/Terraform\/comments\/fsvlvf\/how_did_you_create_your_s3_backend_bucket_for_the\/"
            },
            {
                "title": "overview for Vaxx0r",
                "title_link": "https:\/\/www.reddit.com\/user\/Vaxx0r",
                "text": "The u\/Vaxx0r community on Reddit. Reddit gives you the best of the internet in one place.",
                "fallback": "overview for Vaxx0r",
                "from_url": "https:\/\/www.reddit.com\/user\/Vaxx0r",
                "service_icon": "http:\/\/www.redditstatic.com\/desktop2x\/img\/favicon\/apple-icon-57x57.png",
                "service_name": "reddit.com",
                "id": 2,
                "original_url": "https:\/\/www.reddit.com\/user\/Vaxx0r"
            }
        ],
        "edited": {
            "user": "BG3N7LG73",
            "ts": "1585729016.000000"
        }
    },
    {
        "type": "message",
        "subtype": "bot_message",
        "text": "<https:\/\/dev.classmethod.jp\/articles\/sqs-dead-letter-queue-metrics-for-alert\/|SQSデッドレターキューにメッセージが入ったことを検知するメトリクスはどれが良いのか>\nデッドレターキュー（以下、DLQ）とは 正常に処理できないSQSメッセージを移動（退避）させるキューのことをいいます。この機能を使うと以下のようなメリットがあります。 問題のあるメッセージを分離して、問題の原因を調査でき […]",
        "ts": "1585735859.009000",
        "username": "Terraform – Developers.IO",
        "icons": {
            "image_36": "https:\/\/a.slack-edge.com\/80588\/img\/services\/rss_36.png",
            "image_48": "https:\/\/a.slack-edge.com\/80588\/img\/services\/rss_48.png",
            "image_72": "https:\/\/a.slack-edge.com\/80588\/img\/services\/rss_72.png"
        },
        "bot_id": "BG3N7LG73",
        "attachments": [
            {
                "service_name": "クラスメソッド発「やってみた」系技術メディア | Developers.IO",
                "title": "SQSデッドレターキューにメッセージが入ったことを検知するメトリクスはどれが良いのか | Developers.IO",
                "title_link": "https:\/\/dev.classmethod.jp\/articles\/sqs-dead-letter-queue-metrics-for-alert\/",
                "text": "NumberOfMessagesSentではなくてApproximateNumberOfMessagesVisibleを",
                "fallback": "クラスメソッド発「やってみた」系技術メディア | Developers.IO: SQSデッドレターキューにメッセージが入ったことを検知するメトリクスはどれが良いのか | Developers.IO",
                "image_url": "https:\/\/cdn-ssl-devio-img.classmethod.jp\/wp-content\/uploads\/2019\/04\/amazon-sqs-960x504.png",
                "from_url": "https:\/\/dev.classmethod.jp\/articles\/sqs-dead-letter-queue-metrics-for-alert\/",
                "image_width": 476,
                "image_height": 250,
                "image_bytes": 37362,
                "id": 1,
                "original_url": "https:\/\/dev.classmethod.jp\/articles\/sqs-dead-letter-queue-metrics-for-alert\/"
            }
        ],
        "edited": {
            "user": "BG3N7LG73",
            "ts": "1585735859.000000"
        }
    },
    {
        "type": "message",
        "subtype": "bot_message",
        "text": "<https:\/\/www.reddit.com\/r\/Terraform\/comments\/ft2bh1\/modify_aws_lambda_source_code_with_terraform\/|Modify AWS lambda source code with terraform outputs (resource ARNs)?>\nI have a couple of AWS lambda functions that have hard-coded ARNs in the source code. I'd like to be able to change the hard-coded variables to placeholders within the source code that would get automatically replaced by terraform when it actually creates those resources and gets the ARNs.... and then package the lambda, and upload. Is this possible with terraform or do I need to come up with some custom bash scripting gymnastics or similar?    submitted by   &lt;a...",
        "ts": "1585756624.009200",
        "username": "Terraform ALL the Worlds!",
        "icons": {
            "image_48": "https:\/\/s3-us-west-2.amazonaws.com\/slack-files2\/bot_icons\/2019-02-12\/548785199618_48.png"
        },
        "bot_id": "BG3N7LG73",
        "attachments": [
            {
                "service_name": "reddit",
                "title": "Modify AWS lambda source code with terraform outputs (resource ARNs)?",
                "title_link": "https:\/\/www.reddit.com\/r\/Terraform\/comments\/ft2bh1\/modify_aws_lambda_source_code_with_terraform\/",
                "text": "I have a couple of AWS lambda functions that have hard-coded ARNs in the source code. I'd like to be able to change the hard-coded variables to...",
                "fallback": "reddit: Modify AWS lambda source code with terraform outputs (resource ARNs)?",
                "thumb_url": "https:\/\/www.redditstatic.com\/new-icon.png",
                "from_url": "https:\/\/www.reddit.com\/r\/Terraform\/comments\/ft2bh1\/modify_aws_lambda_source_code_with_terraform\/",
                "thumb_width": 256,
                "thumb_height": 256,
                "service_icon": "http:\/\/www.redditstatic.com\/desktop2x\/img\/favicon\/apple-icon-57x57.png",
                "id": 1,
                "original_url": "https:\/\/www.reddit.com\/r\/Terraform\/comments\/ft2bh1\/modify_aws_lambda_source_code_with_terraform\/"
            }
        ],
        "edited": {
            "user": "BG3N7LG73",
            "ts": "1585756624.000000"
        }
    },
    {
        "type": "message",
        "subtype": "bot_message",
        "text": "<https:\/\/www.reddit.com\/r\/Terraform\/comments\/ft30gz\/quick_lab_to_stand_up_private_link_in_azure_with\/|Quick lab to stand up private link in Azure with a Azure SQL Database>\nThis is designed for lab\\learning and will quickly stand up a working private link connection to the Azure SQL Database PaaS offering: <https:\/\/github.com\/sdcscripts\/terraform-az-privatelink-sqldb|https:\/\/github.com\/sdcscripts\/terraform-az-privatelink-sqldb>    submitted by   <https:\/\/www.reddit.com\/user\/shauncroucher| \/u\/shauncroucher > \n<https:\/\/www.reddit.com\/r\/Terraform\/comments\/ft30gz\/quick_lab_to_stand_up_private_link_in_azure_with\/|[link]>   &lt;a...",
        "ts": "1585759021.009400",
        "username": "Terraform ALL the Worlds!",
        "icons": {
            "image_48": "https:\/\/s3-us-west-2.amazonaws.com\/slack-files2\/bot_icons\/2019-02-12\/548785199618_48.png"
        },
        "bot_id": "BG3N7LG73",
        "attachments": [
            {
                "service_name": "reddit",
                "title": "Quick lab to stand up private link in Azure with a Azure SQL Database",
                "title_link": "https:\/\/www.reddit.com\/r\/Terraform\/comments\/ft30gz\/quick_lab_to_stand_up_private_link_in_azure_with\/",
                "text": "This is designed for lab\\learning and will quickly stand up a working private link connection to the Azure SQL Database PaaS offering:...",
                "fallback": "reddit: Quick lab to stand up private link in Azure with a Azure SQL Database",
                "thumb_url": "https:\/\/www.redditstatic.com\/new-icon.png",
                "from_url": "https:\/\/www.reddit.com\/r\/Terraform\/comments\/ft30gz\/quick_lab_to_stand_up_private_link_in_azure_with\/",
                "thumb_width": 256,
                "thumb_height": 256,
                "service_icon": "http:\/\/www.redditstatic.com\/desktop2x\/img\/favicon\/apple-icon-57x57.png",
                "id": 1,
                "original_url": "https:\/\/www.reddit.com\/r\/Terraform\/comments\/ft30gz\/quick_lab_to_stand_up_private_link_in_azure_with\/"
            },
            {
                "service_name": "GitHub",
                "title": "sdcscripts\/terraform-az-privatelink-sqldb",
                "title_link": "https:\/\/github.com\/sdcscripts\/terraform-az-privatelink-sqldb",
                "text": "Creates a private link endpoint to a Azure SQL Database and a private DNS zone entry. VM created and SQL DB created. - sdcscripts\/terraform-az-privatelink-sqldb",
                "fallback": "GitHub: sdcscripts\/terraform-az-privatelink-sqldb",
                "thumb_url": "https:\/\/avatars2.githubusercontent.com\/u\/17180046?s=400&v=4",
                "from_url": "https:\/\/github.com\/sdcscripts\/terraform-az-privatelink-sqldb",
                "thumb_width": 244,
                "thumb_height": 244,
                "service_icon": "https:\/\/a.slack-edge.com\/80588\/img\/unfurl_icons\/github.png",
                "id": 2,
                "original_url": "https:\/\/github.com\/sdcscripts\/terraform-az-privatelink-sqldb"
            },
            {
                "title": "overview for shauncroucher",
                "title_link": "https:\/\/www.reddit.com\/user\/shauncroucher",
                "text": "The u\/shauncroucher community on Reddit. Reddit gives you the best of the internet in one place.",
                "fallback": "overview for shauncroucher",
                "from_url": "https:\/\/www.reddit.com\/user\/shauncroucher",
                "service_icon": "http:\/\/www.redditstatic.com\/desktop2x\/img\/favicon\/apple-icon-57x57.png",
                "service_name": "reddit.com",
                "id": 3,
                "original_url": "https:\/\/www.reddit.com\/user\/shauncroucher"
            }
        ],
        "edited": {
            "user": "BG3N7LG73",
            "ts": "1585759021.000000"
        }
    },
    {
        "type": "message",
        "subtype": "bot_message",
        "text": "<https:\/\/www.reddit.com\/r\/Terraform\/comments\/ftf3ur\/terraform_connecting_to_azure_stack\/|Terraform connecting to Azure Stack>\nAfter playing with Terraform in Azure, I am planning to test it with Azure Stack in my work environment, with very strict firewall\/ACL control. I run thru the documentation, which indicates that TF connects to ARM_ENDPOINT, and there is no further documents on any network requirement, or firewall rules that would be needed for TF to connect to Azure Stack. ( &lt;a...",
        "ts": "1585798621.009600",
        "username": "Terraform ALL the Worlds!",
        "icons": {
            "image_48": "https:\/\/s3-us-west-2.amazonaws.com\/slack-files2\/bot_icons\/2019-02-12\/548785199618_48.png"
        },
        "bot_id": "BG3N7LG73",
        "attachments": [
            {
                "service_name": "reddit",
                "title": "Terraform connecting to Azure Stack",
                "title_link": "https:\/\/www.reddit.com\/r\/Terraform\/comments\/ftf3ur\/terraform_connecting_to_azure_stack\/",
                "text": "After playing with Terraform in Azure, I am planning to test it with Azure Stack in my work environment, with very strict firewall\/ACL control. I...",
                "fallback": "reddit: Terraform connecting to Azure Stack",
                "thumb_url": "https:\/\/www.redditstatic.com\/new-icon.png",
                "from_url": "https:\/\/www.reddit.com\/r\/Terraform\/comments\/ftf3ur\/terraform_connecting_to_azure_stack\/",
                "thumb_width": 256,
                "thumb_height": 256,
                "service_icon": "http:\/\/www.redditstatic.com\/desktop2x\/img\/favicon\/apple-icon-57x57.png",
                "id": 1,
                "original_url": "https:\/\/www.reddit.com\/r\/Terraform\/comments\/ftf3ur\/terraform_connecting_to_azure_stack\/"
            }
        ],
        "edited": {
            "user": "BG3N7LG73",
            "ts": "1585798621.000000"
        }
    }
]