[
    {
        "type": "message",
        "subtype": "bot_message",
        "text": "<https:\/\/www.reddit.com\/r\/Terraform\/comments\/g3kp4x\/azure_devops_pipeline_terraform_module\/|Azure DevOps Pipeline Terraform Module>\nHi Folks, i have build a AzureDevOps Pipeline which deploys my code. Insinde my Terraform Code I am working with modules hosted on Azure Repos .  Is there any solution to connect those modules via HTTPS? I only make it work with ssh, which is not my prevered authentication. ​ Thanks    submitted by   <https:\/\/www.reddit.com\/user\/ST_FN| \/u\/ST_FN > \n<https:\/\/www.reddit.com\/r\/Terraform\/comments\/g3kp4x\/azure_devops_pipeline_terraform_module\/|[link]>   &lt;a...",
        "ts": "1587202011.024800",
        "username": "Terraform ALL the Worlds!",
        "icons": {
            "image_48": "https:\/\/s3-us-west-2.amazonaws.com\/slack-files2\/bot_icons\/2019-02-12\/548785199618_48.png"
        },
        "bot_id": "BG3N7LG73",
        "attachments": [
            {
                "service_name": "reddit",
                "title": "Azure DevOps Pipeline Terraform Module",
                "title_link": "https:\/\/www.reddit.com\/r\/Terraform\/comments\/g3kp4x\/azure_devops_pipeline_terraform_module\/",
                "text": "Hi Folks, i have build a AzureDevOps Pipeline which deploys my code. Insinde my Terraform Code I am working with modules hosted on Azure Repos . ...",
                "fallback": "reddit: Azure DevOps Pipeline Terraform Module",
                "thumb_url": "https:\/\/www.redditstatic.com\/new-icon.png",
                "from_url": "https:\/\/www.reddit.com\/r\/Terraform\/comments\/g3kp4x\/azure_devops_pipeline_terraform_module\/",
                "thumb_width": 256,
                "thumb_height": 256,
                "service_icon": "http:\/\/www.redditstatic.com\/desktop2x\/img\/favicon\/apple-icon-57x57.png",
                "id": 1,
                "original_url": "https:\/\/www.reddit.com\/r\/Terraform\/comments\/g3kp4x\/azure_devops_pipeline_terraform_module\/"
            },
            {
                "title": "reddit.com: over 18?",
                "title_link": "https:\/\/www.reddit.com\/user\/ST_FN",
                "text": "Reddit gives you the best of the internet in one place. Get a constantly updating feed of breaking news, fun stories, pics, memes, and videos just for you. Passionate about something niche? Reddit has thousands of vibrant communities with people that share your interests. Alternatively, find out what’s trending across all of Reddit on r\/popular. Reddit is also anonymous so you can be yourself, with your Reddit profile and persona disconnected from your real-world identity.",
                "fallback": "reddit.com: over 18?",
                "from_url": "https:\/\/www.reddit.com\/user\/ST_FN",
                "service_icon": "http:\/\/www.redditstatic.com\/desktop2x\/img\/favicon\/apple-icon-57x57.png",
                "service_name": "reddit.com",
                "id": 2,
                "original_url": "https:\/\/www.reddit.com\/user\/ST_FN"
            }
        ],
        "edited": {
            "user": "BG3N7LG73",
            "ts": "1587202011.000000"
        }
    },
    {
        "type": "message",
        "subtype": "bot_message",
        "text": "<https:\/\/www.reddit.com\/r\/Terraform\/comments\/g3ppde\/iac_patterns_keep_things_clean\/|IaC Patterns - keep things clean>\nsubmitted by   <https:\/\/www.reddit.com\/user\/dubnetworks| \/u\/dubnetworks > \n<http:\/\/blog.kwnetapps.com\/iac-patterns-keep-things-clean\/|[link]>   <https:\/\/www.reddit.com\/r\/Terraform\/comments\/g3ppde\/iac_patterns_keep_things_clean\/|[comments]>",
        "ts": "1587226012.025000",
        "username": "Terraform ALL the Worlds!",
        "icons": {
            "image_48": "https:\/\/s3-us-west-2.amazonaws.com\/slack-files2\/bot_icons\/2019-02-12\/548785199618_48.png"
        },
        "bot_id": "BG3N7LG73",
        "attachments": [
            {
                "service_name": "reddit",
                "title": "IaC Patterns - keep things clean",
                "title_link": "https:\/\/www.reddit.com\/r\/Terraform\/comments\/g3ppde\/iac_patterns_keep_things_clean\/",
                "text": "Posted in r\/Terraform by u\/dubnetworks • 1 point and 0 comments",
                "fallback": "reddit: IaC Patterns - keep things clean",
                "thumb_url": "https:\/\/www.redditstatic.com\/new-icon.png",
                "from_url": "https:\/\/www.reddit.com\/r\/Terraform\/comments\/g3ppde\/iac_patterns_keep_things_clean\/",
                "thumb_width": 256,
                "thumb_height": 256,
                "service_icon": "http:\/\/www.redditstatic.com\/desktop2x\/img\/favicon\/apple-icon-57x57.png",
                "id": 1,
                "original_url": "https:\/\/www.reddit.com\/r\/Terraform\/comments\/g3ppde\/iac_patterns_keep_things_clean\/"
            },
            {
                "title": "overview for dubnetworks",
                "title_link": "https:\/\/www.reddit.com\/user\/dubnetworks",
                "text": "The u\/dubnetworks community on Reddit. Reddit gives you the best of the internet in one place.",
                "fallback": "overview for dubnetworks",
                "from_url": "https:\/\/www.reddit.com\/user\/dubnetworks",
                "service_icon": "http:\/\/www.redditstatic.com\/desktop2x\/img\/favicon\/apple-icon-57x57.png",
                "service_name": "reddit.com",
                "id": 2,
                "original_url": "https:\/\/www.reddit.com\/user\/dubnetworks"
            },
            {
                "service_name": "KWNetApps",
                "title": "IaC Patterns - keep things clean - KWNetApps",
                "title_link": "http:\/\/blog.kwnetapps.com\/iac-patterns-keep-things-clean\/",
                "text": "You’ve heard of Infrastructure as Code (IaC) but have you heard of IaC Patterns? A lot of people are jumping on Terraform and Cloudformation to deploy their applications and infrastructure. If you’re reading this than I’m pretty sure you’re one of those people. But, how do you know when you’re doing things right? I’m going to give a brief intro on what I mean by IaC patterns and then give some high level details on patterns that work. Everyone should... Read More Read More",
                "fallback": "KWNetApps: IaC Patterns - keep things clean - KWNetApps",
                "thumb_url": "http:\/\/blog.kwnetapps.com\/wp-content\/uploads\/2020\/04\/IaC-pattern-diagram.png",
                "ts": 1587225015,
                "from_url": "http:\/\/blog.kwnetapps.com\/iac-patterns-keep-things-clean\/",
                "thumb_width": 948,
                "thumb_height": 640,
                "service_icon": "http:\/\/blog.kwnetapps.com\/favicon.ico",
                "id": 3,
                "original_url": "http:\/\/blog.kwnetapps.com\/iac-patterns-keep-things-clean\/"
            }
        ],
        "edited": {
            "user": "BG3N7LG73",
            "ts": "1587226012.000000"
        }
    },
    {
        "type": "message",
        "subtype": "bot_message",
        "text": "<https:\/\/www.reddit.com\/r\/Terraform\/comments\/g3rw21\/terraform_provider_documentation\/|Terraform provider documentation>\nI don't know if im inventing an issue here or not. I'm trying to use the sql_failover_group in the azurerm provider. I've written the most basic of templates, but I get an error. ​ Error: \"name\" did not match regex \"^[0-9a-z]([-0-9a-z]{0,61}[0-9a-z])?$\" on .terraform\\modules\\sql_server\\modules\\sql_failover_group\\<http:\/\/sql_failover_group.tf|sql_failover_group.tf> line 22, in resource \"azurerm_sql_failover_group\" \"failover_group\": 22: resource \"azurerm_sql_failover_group\" \"failover_group\" { ​ I know that this resource type...",
        "ts": "1587233214.025200",
        "username": "Terraform ALL the Worlds!",
        "icons": {
            "image_48": "https:\/\/s3-us-west-2.amazonaws.com\/slack-files2\/bot_icons\/2019-02-12\/548785199618_48.png"
        },
        "bot_id": "BG3N7LG73",
        "attachments": [
            {
                "service_name": "reddit",
                "title": "Terraform provider documentation",
                "title_link": "https:\/\/www.reddit.com\/r\/Terraform\/comments\/g3rw21\/terraform_provider_documentation\/",
                "text": "I don't know if im inventing an issue here or not. I'm trying to use the sql\\_failover\\_group in the azurerm provider. I've written the most...",
                "fallback": "reddit: Terraform provider documentation",
                "thumb_url": "https:\/\/www.redditstatic.com\/new-icon.png",
                "from_url": "https:\/\/www.reddit.com\/r\/Terraform\/comments\/g3rw21\/terraform_provider_documentation\/",
                "thumb_width": 256,
                "thumb_height": 256,
                "service_icon": "http:\/\/www.redditstatic.com\/desktop2x\/img\/favicon\/apple-icon-57x57.png",
                "id": 1,
                "original_url": "https:\/\/www.reddit.com\/r\/Terraform\/comments\/g3rw21\/terraform_provider_documentation\/"
            }
        ],
        "edited": {
            "user": "BG3N7LG73",
            "ts": "1587233215.000000"
        }
    }
]