[
    {
        "type": "message",
        "subtype": "bot_message",
        "text": "<https:\/\/qiita.com\/yumatsud\/items\/1e0510844b7fbb96c7cd|GitHub ActionsでTerraformのCI環境を構築してみた>\n<https:\/\/qiita.com\/#%E6%A6%82%E8%A6%81>概要\n\n以前、<https:\/\/qiita.com\/advent-calendar\/2019\/private-development|個人開発 Advent Calendar 2019> に寄稿させて頂きました <https:\/\/qiita.com\/yumatsud\/items\/4ae77d68456d0d556c41|副業でTerraform化した時のお話> の環境に対して、GitHub Actions上でTerraformのCI(fmt, validate, planなど)を実行してくれる環境を作ってみたもののまとめです。\n\n\n<https:\/\/qiita.com\/#%E7%8F%BE%E7%8A%B6%E3%81%AEterraform%E3%81%AE%E6%A7%8B%E6%88%90>現状のTerraformの構成...",
        "ts": "1587286605.025400",
        "username": "Terraformタグが付けられた新着記事 - Qiita",
        "icons": {
            "image_36": "https:\/\/a.slack-edge.com\/80588\/img\/services\/rss_36.png",
            "image_48": "https:\/\/a.slack-edge.com\/80588\/img\/services\/rss_48.png",
            "image_72": "https:\/\/a.slack-edge.com\/80588\/img\/services\/rss_72.png"
        },
        "bot_id": "BG3N7LG73",
        "attachments": [
            {
                "service_name": "Qiita",
                "title": "GitHub ActionsでTerraformのCI環境を構築してみた - Qiita",
                "title_link": "https:\/\/qiita.com\/yumatsud\/items\/1e0510844b7fbb96c7cd",
                "text": "概要 以前、個人開発 Advent Calendar 2019 に寄稿させて頂きました 副業でTerraform化した時のお話 の環境に対して、GitHub Actions上でTerraformのCI(fmt, validate...",
                "fallback": "Qiita: GitHub ActionsでTerraformのCI環境を構築してみた - Qiita",
                "image_url": "https:\/\/qiita-user-contents.imgix.net\/https%3A%2F%2Fcdn.qiita.com%2Fassets%2Fpublic%2Farticle-ogp-background-1150d8b18a7c15795b701a55ae908f94.png?ixlib=rb-1.2.2&w=1200&mark=https%3A%2F%2Fqiita-user-contents.imgix.net%2F~text%3Fixlib%3Drb-1.2.2%26w%3D840%26h%3D380%26txt%3DGitHub%2520Actions%25E3%2581%25A7Terraform%25E3%2581%25AECI%25E7%2592%25B0%25E5%25A2%2583%25E3%2582%2592%25E6%25A7%258B%25E7%25AF%2589%25E3%2581%2597%25E3%2581%25A6%25E3%2581%25BF%25E3%2581%259F%26txt-color%3D%2523333%26txt-font%3DAvenir-Black%26txt-size%3D54%26txt-clip%3Dellipsis%26txt-align%3Dcenter%252Cmiddle%26s%3D026410ef27419d6b83a94992b8fa4189&mark-align=center%2Cmiddle&blend=https%3A%2F%2Fqiita-user-contents.imgix.net%2F~text%3Fixlib%3Drb-1.2.2%26w%3D840%26h%3D500%26txt%3D%2540yumatsud%26txt-color%3D%2523333%26txt-font%3DAvenir-Black%26txt-size%3D45%26txt-align%3Dright%252Cbottom%26s%3Dfd9606605cad8460337aac3bbaf2f337&blend-align=center%2Cmiddle&blend-mode=normal&s=05c8933e4018f219664f4bf427e5004d",
                "from_url": "https:\/\/qiita.com\/yumatsud\/items\/1e0510844b7fbb96c7cd",
                "image_width": 476,
                "image_height": 250,
                "image_bytes": 47546,
                "service_icon": "https:\/\/cdn.qiita.com\/assets\/favicons\/public\/apple-touch-icon-ec5ba42a24ae923f16825592efdc356f.png",
                "id": 1,
                "original_url": "https:\/\/qiita.com\/yumatsud\/items\/1e0510844b7fbb96c7cd"
            },
            {
                "service_name": "Qiita",
                "title": "プログラマの技術情報共有サービス - Qiita",
                "title_link": "https:\/\/qiita.com\/#%E6%A6%82%E8%A6%81",
                "text": "Qiitaは、プログラマのための技術情報共有サービスです。 プログラミングに関するTips、ノウハウ、メモを簡単に記録 &amp; 公開することができます。",
                "fallback": "Qiita: プログラマの技術情報共有サービス - Qiita",
                "thumb_url": "https:\/\/cdn.qiita.com\/assets\/qiita-fb-fe28c64039d925349e620ba55091e078.png",
                "from_url": "https:\/\/qiita.com\/#%E6%A6%82%E8%A6%81",
                "thumb_width": 1200,
                "thumb_height": 630,
                "service_icon": "https:\/\/cdn.qiita.com\/assets\/favicons\/public\/apple-touch-icon-ec5ba42a24ae923f16825592efdc356f.png",
                "id": 2,
                "original_url": "https:\/\/qiita.com\/#%E6%A6%82%E8%A6%81"
            },
            {
                "service_name": "Qiita",
                "title": "個人開発 Advent Calendar 2019 - Qiita",
                "title_link": "https:\/\/qiita.com\/advent-calendar\/2019\/private-development",
                "text": "よりよいサービスでみんながより幸せになれると素敵だなあ:tada: ## 目的 個人開発に関する知見を共有する。 ## 対象 * 個人 or 数名で開発している人 * webアプリ、モバイルアプリ、簡易ツール、ハード、、、なんでもOKです * 新規開発に限らず、保守\/運用フェーズのことでも！ * とりあえず登録しておくと開発の強制力になるかも？！笑 * 楽しみましょう！",
                "fallback": "Qiita: 個人開発 Advent Calendar 2019 - Qiita",
                "thumb_url": "https:\/\/cdn.qiita.com\/assets\/qiita-fb-fe28c64039d925349e620ba55091e078.png",
                "from_url": "https:\/\/qiita.com\/advent-calendar\/2019\/private-development",
                "thumb_width": 1200,
                "thumb_height": 630,
                "service_icon": "https:\/\/cdn.qiita.com\/assets\/favicons\/public\/apple-touch-icon-ec5ba42a24ae923f16825592efdc356f.png",
                "id": 3,
                "original_url": "https:\/\/qiita.com\/advent-calendar\/2019\/private-development"
            },
            {
                "service_name": "Qiita",
                "title": "副業でTerraform化した時のお話 - Qiita",
                "title_link": "https:\/\/qiita.com\/yumatsud\/items\/4ae77d68456d0d556c41",
                "text": "本記事は 個人開発 Advent Calendar 2019 19日目の記事です。 概要 11日目の記事 に引き続き、個人開発ではなく恐縮ではありますが、 副業で既存環境をTerraform化した時のお話を書かせて頂きます。 ...",
                "fallback": "Qiita: 副業でTerraform化した時のお話 - Qiita",
                "image_url": "https:\/\/qiita-user-contents.imgix.net\/https%3A%2F%2Fcdn.qiita.com%2Fassets%2Fpublic%2Farticle-ogp-background-1150d8b18a7c15795b701a55ae908f94.png?ixlib=rb-1.2.2&w=1200&mark=https%3A%2F%2Fqiita-user-contents.imgix.net%2F~text%3Fixlib%3Drb-1.2.2%26w%3D840%26h%3D380%26txt%3D%25E5%2589%25AF%25E6%25A5%25AD%25E3%2581%25A7Terraform%25E5%258C%2596%25E3%2581%2597%25E3%2581%259F%25E6%2599%2582%25E3%2581%25AE%25E3%2581%258A%25E8%25A9%25B1%26txt-color%3D%2523333%26txt-font%3DAvenir-Black%26txt-size%3D54%26txt-clip%3Dellipsis%26txt-align%3Dcenter%252Cmiddle%26s%3D009f63f37da228d82ebb58df3e53f0ca&mark-align=center%2Cmiddle&blend=https%3A%2F%2Fqiita-user-contents.imgix.net%2F~text%3Fixlib%3Drb-1.2.2%26w%3D840%26h%3D500%26txt%3D%2540yumatsud%26txt-color%3D%2523333%26txt-font%3DAvenir-Black%26txt-size%3D45%26txt-align%3Dright%252Cbottom%26s%3Dfd9606605cad8460337aac3bbaf2f337&blend-align=center%2Cmiddle&blend-mode=normal&s=8d6788b0c583ce545a81cca5c9d22752",
                "from_url": "https:\/\/qiita.com\/yumatsud\/items\/4ae77d68456d0d556c41",
                "image_width": 476,
                "image_height": 250,
                "image_bytes": 37311,
                "service_icon": "https:\/\/cdn.qiita.com\/assets\/favicons\/public\/apple-touch-icon-ec5ba42a24ae923f16825592efdc356f.png",
                "id": 4,
                "original_url": "https:\/\/qiita.com\/yumatsud\/items\/4ae77d68456d0d556c41"
            },
            {
                "service_name": "Qiita",
                "title": "プログラマの技術情報共有サービス - Qiita",
                "title_link": "https:\/\/qiita.com\/#%E7%8F%BE%E7%8A%B6%E3%81%AEterraform%E3%81%AE%E6%A7%8B%E6%88%90",
                "text": "Qiitaは、プログラマのための技術情報共有サービスです。 プログラミングに関するTips、ノウハウ、メモを簡単に記録 &amp; 公開することができます。",
                "fallback": "Qiita: プログラマの技術情報共有サービス - Qiita",
                "thumb_url": "https:\/\/cdn.qiita.com\/assets\/qiita-fb-fe28c64039d925349e620ba55091e078.png",
                "from_url": "https:\/\/qiita.com\/#%E7%8F%BE%E7%8A%B6%E3%81%AEterraform%E3%81%AE%E6%A7%8B%E6%88%90",
                "thumb_width": 1200,
                "thumb_height": 630,
                "service_icon": "https:\/\/cdn.qiita.com\/assets\/favicons\/public\/apple-touch-icon-ec5ba42a24ae923f16825592efdc356f.png",
                "id": 5,
                "original_url": "https:\/\/qiita.com\/#%E7%8F%BE%E7%8A%B6%E3%81%AEterraform%E3%81%AE%E6%A7%8B%E6%88%90"
            }
        ],
        "edited": {
            "user": "BG3N7LG73",
            "ts": "1587286605.000000"
        }
    },
    {
        "type": "message",
        "subtype": "bot_message",
        "text": "<https:\/\/www.reddit.com\/r\/Terraform\/comments\/g44jea\/for_each_with_alb_group_attachment\/|for_each with ALB group attachment>\nHello, I'm trying to convert alb_target_group_attachment blocks referencing several target groups: resource \"aws_alb_target_group\" \"alb_target_group_foo\" { name = \"foo\" port = \"80\" protocol = \"HTTP\" vpc_id = var.vpc health_check { ... } } resource \"aws_alb_target_group\" \"alb_target_group_bar\" { name = \"bar\" port = \"80\" protocol = \"HTTP\" vpc_id = var.vpc health_check { ... } } resource \"aws_alb_target_group_attachment\" \"attachment_foo\" { target_group_arn =...",
        "ts": "1587287209.025600",
        "username": "Terraform ALL the Worlds!",
        "icons": {
            "image_48": "https:\/\/s3-us-west-2.amazonaws.com\/slack-files2\/bot_icons\/2019-02-12\/548785199618_48.png"
        },
        "bot_id": "BG3N7LG73",
        "attachments": [
            {
                "service_name": "reddit",
                "title": "for_each with ALB group attachment",
                "title_link": "https:\/\/www.reddit.com\/r\/Terraform\/comments\/g44jea\/for_each_with_alb_group_attachment\/",
                "text": "Hello, I'm trying to convert alb_target_group_attachment blocks referencing several target groups: resource \"aws_alb_target_group\"...",
                "fallback": "reddit: for_each with ALB group attachment",
                "thumb_url": "https:\/\/www.redditstatic.com\/new-icon.png",
                "from_url": "https:\/\/www.reddit.com\/r\/Terraform\/comments\/g44jea\/for_each_with_alb_group_attachment\/",
                "thumb_width": 256,
                "thumb_height": 256,
                "service_icon": "http:\/\/www.redditstatic.com\/desktop2x\/img\/favicon\/apple-icon-57x57.png",
                "id": 1,
                "original_url": "https:\/\/www.reddit.com\/r\/Terraform\/comments\/g44jea\/for_each_with_alb_group_attachment\/"
            }
        ],
        "edited": {
            "user": "BG3N7LG73",
            "ts": "1587287209.000000"
        }
    },
    {
        "type": "message",
        "subtype": "bot_message",
        "text": "<https:\/\/www.reddit.com\/r\/Terraform\/comments\/g4ay9s\/digitalocean_with_terraform_video_tutorials\/|DigitalOcean with Terraform - Video tutorials>\nHello everyone, I'm creating a free YouTube course about how to use Terraform and DigitalOcean to set up a highly available infrastructure (load balancer, droplets, DBaaS, firewalls...). You don't need any previous experience with Terraform, nor DigitalOcean really; just basic understanding of concepts is enough to get started and learn! So far I've created 5 videos, but the plan is to continue uploading regularly. &lt;a...",
        "ts": "1587316011.025800",
        "username": "Terraform ALL the Worlds!",
        "icons": {
            "image_48": "https:\/\/s3-us-west-2.amazonaws.com\/slack-files2\/bot_icons\/2019-02-12\/548785199618_48.png"
        },
        "bot_id": "BG3N7LG73",
        "attachments": [
            {
                "service_name": "reddit",
                "title": "DigitalOcean with Terraform - Video tutorials",
                "title_link": "https:\/\/www.reddit.com\/r\/Terraform\/comments\/g4ay9s\/digitalocean_with_terraform_video_tutorials\/",
                "text": "Hello everyone, I'm creating a free YouTube course about how to use Terraform and DigitalOcean to set up a highly available infrastructure (load...",
                "fallback": "reddit: DigitalOcean with Terraform - Video tutorials",
                "thumb_url": "https:\/\/www.redditstatic.com\/new-icon.png",
                "from_url": "https:\/\/www.reddit.com\/r\/Terraform\/comments\/g4ay9s\/digitalocean_with_terraform_video_tutorials\/",
                "thumb_width": 256,
                "thumb_height": 256,
                "service_icon": "http:\/\/www.redditstatic.com\/desktop2x\/img\/favicon\/apple-icon-57x57.png",
                "id": 1,
                "original_url": "https:\/\/www.reddit.com\/r\/Terraform\/comments\/g4ay9s\/digitalocean_with_terraform_video_tutorials\/"
            }
        ],
        "edited": {
            "user": "BG3N7LG73",
            "ts": "1587316012.000000"
        }
    },
    {
        "type": "message",
        "subtype": "bot_message",
        "text": "<https:\/\/www.reddit.com\/r\/Terraform\/comments\/g4mw7m\/how_to_check_if_a_resource_has_attribute\/|How to check if a resource has attribute?>\nI have `terraform_remote_state` resource and I want to check if a particular attribute exist in the resource, how do I do that? I'm using terraform version `v0.11.10`?    submitted by   <https:\/\/www.reddit.com\/user\/emzian| \/u\/emzian > \n<https:\/\/www.reddit.com\/r\/Terraform\/comments\/g4mw7m\/how_to_check_if_a_resource_has_attribute\/|[link]>   <https:\/\/www.reddit.com\/r\/Terraform\/comments\/g4mw7m\/how_to_check_if_a_resource_has_attribute\/|[comments]>",
        "ts": "1587360408.026000",
        "username": "Terraform ALL the Worlds!",
        "icons": {
            "image_48": "https:\/\/s3-us-west-2.amazonaws.com\/slack-files2\/bot_icons\/2019-02-12\/548785199618_48.png"
        },
        "bot_id": "BG3N7LG73",
        "attachments": [
            {
                "service_name": "reddit",
                "title": "How to check if a resource has attribute?",
                "title_link": "https:\/\/www.reddit.com\/r\/Terraform\/comments\/g4mw7m\/how_to_check_if_a_resource_has_attribute\/",
                "text": "I have \\`terraform\\_remote\\_state\\` resource and I want to check if a particular attribute exist in the resource, how do I do that? I'm using...",
                "fallback": "reddit: How to check if a resource has attribute?",
                "thumb_url": "https:\/\/www.redditstatic.com\/new-icon.png",
                "from_url": "https:\/\/www.reddit.com\/r\/Terraform\/comments\/g4mw7m\/how_to_check_if_a_resource_has_attribute\/",
                "thumb_width": 256,
                "thumb_height": 256,
                "service_icon": "http:\/\/www.redditstatic.com\/desktop2x\/img\/favicon\/apple-icon-57x57.png",
                "id": 1,
                "original_url": "https:\/\/www.reddit.com\/r\/Terraform\/comments\/g4mw7m\/how_to_check_if_a_resource_has_attribute\/"
            },
            {
                "title": "overview for emzian",
                "title_link": "https:\/\/www.reddit.com\/user\/emzian",
                "text": "The u\/emzian community on Reddit. Reddit gives you the best of the internet in one place.",
                "fallback": "overview for emzian",
                "from_url": "https:\/\/www.reddit.com\/user\/emzian",
                "service_icon": "http:\/\/www.redditstatic.com\/desktop2x\/img\/favicon\/apple-icon-57x57.png",
                "service_name": "reddit.com",
                "id": 2,
                "original_url": "https:\/\/www.reddit.com\/user\/emzian"
            }
        ],
        "edited": {
            "user": "BG3N7LG73",
            "ts": "1587360409.000000"
        }
    }
]