[
    {
        "client_msg_id": "4be91a58-b9e4-4fc6-8990-647ae6dfcf36",
        "type": "message",
        "text": "Terraform v0.14きたか…!!\n\n　 ( ﾟдﾟ)　ｶﾞﾀｯ\n　 \/　　 ヾ\n__L| \/￣￣￣\/_\n　 ＼\/　　　\/\n\n<https:\/\/www.hashicorp.com\/blog\/announcing-hashicorp-terraform-0-14-general-availability>",
        "user": "UHS4SFFA7",
        "ts": "1606955188.012100",
        "team": "TFU0BKCQP",
        "user_team": "TFU0BKCQP",
        "source_team": "TFU0BKCQP",
        "user_profile": {
            "avatar_hash": "gade34f8bdf1",
            "image_72": "https:\/\/secure.gravatar.com\/avatar\/5ade34f8bdf1b55c4ff82c11cf23cf42.jpg?s=72&d=https%3A%2F%2Fa.slack-edge.com%2Fdf10d%2Fimg%2Favatars%2Fava_0008-72.png",
            "first_name": "",
            "real_name": "minamijoyo",
            "display_name": "minamijoyo",
            "team": "TFU0BKCQP",
            "name": "minamijoyo",
            "is_restricted": false,
            "is_ultra_restricted": false
        },
        "attachments": [
            {
                "service_name": "HashiCorp",
                "title": "Announcing HashiCorp Terraform 0.14 General Availability",
                "title_link": "https:\/\/www.hashicorp.com\/blog\/announcing-hashicorp-terraform-0-14-general-availability",
                "text": "Terraform 0.14 features a new concise diff renderer, provider dependency lockfile, and more.",
                "fallback": "HashiCorp: Announcing HashiCorp Terraform 0.14 General Availability",
                "image_url": "https:\/\/www.datocms-assets.com\/2885\/1602281077-terraformhashiconf.png",
                "from_url": "https:\/\/www.hashicorp.com\/blog\/announcing-hashicorp-terraform-0-14-general-availability",
                "image_width": 444,
                "image_height": 250,
                "image_bytes": 164504,
                "id": 1,
                "original_url": "https:\/\/www.hashicorp.com\/blog\/announcing-hashicorp-terraform-0-14-general-availability"
            }
        ],
        "blocks": [
            {
                "type": "rich_text",
                "block_id": "45v",
                "elements": [
                    {
                        "type": "rich_text_section",
                        "elements": [
                            {
                                "type": "text",
                                "text": "Terraform v0.14きたか…!!\n\n　 ( ﾟдﾟ)　ｶﾞﾀｯ\n　 \/　　 ヾ\n"
                            },
                            {
                                "type": "text",
                                "text": "_L| \/￣￣￣\/",
                                "style": {
                                    "italic": true
                                }
                            },
                            {
                                "type": "text",
                                "text": "\n　 ＼\/　　　\/\n\n"
                            },
                            {
                                "type": "link",
                                "url": "https:\/\/www.hashicorp.com\/blog\/announcing-hashicorp-terraform-0-14-general-availability"
                            }
                        ]
                    }
                ]
            }
        ],
        "reactions": [
            {
                "name": "+1",
                "users": [
                    "UT6FECJA3",
                    "U01AEH6SRL2",
                    "UR6TGPC0P",
                    "ULSHHPEBB",
                    "UR0T8CK4G",
                    "UFTKSQ25T",
                    "ULSFRJ2LR"
                ],
                "count": 7
            },
            {
                "name": "tada",
                "users": [
                    "UP3JFHZ8V",
                    "UTMCUCTCP",
                    "UFTKSQ25T",
                    "UGXFY0V88",
                    "UR8TR0GA3",
                    "ULSFRJ2LR"
                ],
                "count": 6
            }
        ]
    },
    {
        "client_msg_id": "803860cc-7a96-48ac-8f7e-1f04e6d6d96a",
        "type": "message",
        "text": "<#C01B44910KW|v014>",
        "user": "UHS4SFFA7",
        "ts": "1606955208.012400",
        "team": "TFU0BKCQP",
        "user_team": "TFU0BKCQP",
        "source_team": "TFU0BKCQP",
        "user_profile": {
            "avatar_hash": "gade34f8bdf1",
            "image_72": "https:\/\/secure.gravatar.com\/avatar\/5ade34f8bdf1b55c4ff82c11cf23cf42.jpg?s=72&d=https%3A%2F%2Fa.slack-edge.com%2Fdf10d%2Fimg%2Favatars%2Fava_0008-72.png",
            "first_name": "",
            "real_name": "minamijoyo",
            "display_name": "minamijoyo",
            "team": "TFU0BKCQP",
            "name": "minamijoyo",
            "is_restricted": false,
            "is_ultra_restricted": false
        },
        "blocks": [
            {
                "type": "rich_text",
                "block_id": "yfKI6",
                "elements": [
                    {
                        "type": "rich_text_section",
                        "elements": [
                            {
                                "type": "channel",
                                "channel_id": "C01B44910KW"
                            }
                        ]
                    }
                ]
            }
        ]
    },
    {
        "client_msg_id": "345be3c9-0f2c-49f6-92f8-023b9ae0c909",
        "type": "message",
        "text": "0.13様子見しようと思って0.12.29で止めてたら0.14が出てしまった…w",
        "user": "UQT52H29G",
        "ts": "1606959867.013200",
        "team": "TFU0BKCQP",
        "user_team": "TFU0BKCQP",
        "source_team": "TFU0BKCQP",
        "user_profile": {
            "avatar_hash": "gd60bbe66cfd",
            "image_72": "https:\/\/secure.gravatar.com\/avatar\/d60bbe66cfd79bbb250bad66a706f939.jpg?s=72&d=https%3A%2F%2Fa.slack-edge.com%2Fdf10d%2Fimg%2Favatars%2Fava_0011-72.png",
            "first_name": "",
            "real_name": "fusagiko",
            "display_name": "fusagiko",
            "team": "TFU0BKCQP",
            "name": "fsgiko",
            "is_restricted": false,
            "is_ultra_restricted": false
        },
        "blocks": [
            {
                "type": "rich_text",
                "block_id": "=\/T",
                "elements": [
                    {
                        "type": "rich_text_section",
                        "elements": [
                            {
                                "type": "text",
                                "text": "0.13様子見しようと思って0.12.29で止めてたら0.14が出てしまった…w"
                            }
                        ]
                    }
                ]
            }
        ],
        "reactions": [
            {
                "name": "wakarimi",
                "users": [
                    "UGZPDFYFQ",
                    "UQ7KXKHB9",
                    "UM12KGR0E",
                    "ULS55L16V",
                    "UGFSM002K",
                    "UTK1B5BB2",
                    "UGW0ABZLG"
                ],
                "count": 7
            }
        ]
    }
]