[
    {
        "client_msg_id": "a9810b28-bc23-4435-850b-34df6771dcb2",
        "type": "message",
        "text": "以前書いたTerraform職人入門、だいぶ情報が古くなっちゃたので続編書いたー。（大人の事情で会社のアドベントカレンダーの方に）\n<https:\/\/qiita.com\/minamijoyo\/items\/3a7467f70d145ac03324>",
        "user": "UHS4SFFA7",
        "ts": "1607650494.018500",
        "team": "TFU0BKCQP",
        "user_team": "TFU0BKCQP",
        "source_team": "TFU0BKCQP",
        "user_profile": {
            "avatar_hash": "gade34f8bdf1",
            "image_72": "https:\/\/secure.gravatar.com\/avatar\/5ade34f8bdf1b55c4ff82c11cf23cf42.jpg?s=72&d=https%3A%2F%2Fa.slack-edge.com%2Fdf10d%2Fimg%2Favatars%2Fava_0008-72.png",
            "first_name": "",
            "real_name": "minamijoyo",
            "display_name": "minamijoyo",
            "team": "TFU0BKCQP",
            "name": "minamijoyo",
            "is_restricted": false,
            "is_ultra_restricted": false
        },
        "attachments": [
            {
                "service_name": "Qiita",
                "title": "Terraform職人再入門2020 - Qiita",
                "title_link": "https:\/\/qiita.com\/minamijoyo\/items\/3a7467f70d145ac03324",
                "text": "はじめに この記事は CrowdWorks Advent Calendar 2020 の11日目の記事です。 3年ほど前に、「Terraform職人入門」という記事を書きました↓ Terraform職人入門: 日々の運用で学ん...",
                "fallback": "Qiita: Terraform職人再入門2020 - Qiita",
                "image_url": "https:\/\/qiita-user-contents.imgix.net\/https%3A%2F%2Fcdn.qiita.com%2Fassets%2Fpublic%2Farticle-ogp-background-1150d8b18a7c15795b701a55ae908f94.png?ixlib=rb-1.2.2&w=1200&mark=https%3A%2F%2Fqiita-user-contents.imgix.net%2F~text%3Fixlib%3Drb-1.2.2%26w%3D840%26h%3D380%26txt%3DTerraform%25E8%2581%25B7%25E4%25BA%25BA%25E5%2586%258D%25E5%2585%25A5%25E9%2596%25802020%26txt-color%3D%2523333%26txt-font%3DHiragino%2520Sans%2520W6%26txt-size%3D54%26txt-clip%3Dellipsis%26txt-align%3Dcenter%252Cmiddle%26s%3D7622d6db8f0346a3a4ab7605c2d987c7&mark-align=center%2Cmiddle&blend=https%3A%2F%2Fqiita-user-contents.imgix.net%2F~text%3Fixlib%3Drb-1.2.2%26w%3D840%26h%3D500%26txt%3D%2540minamijoyo%26txt-color%3D%2523333%26txt-font%3DHiragino%2520Sans%2520W6%26txt-size%3D45%26txt-align%3Dright%252Cbottom%26s%3D1453d0f61a50e9dec63f2f5a4227b5e8&blend-align=center%2Cmiddle&blend-mode=normal&s=fce76b9e137ffa30763e8a08ac388dfd",
                "from_url": "https:\/\/qiita.com\/minamijoyo\/items\/3a7467f70d145ac03324",
                "image_width": 476,
                "image_height": 250,
                "image_bytes": 36093,
                "service_icon": "https:\/\/cdn.qiita.com\/assets\/favicons\/public\/apple-touch-icon-ec5ba42a24ae923f16825592efdc356f.png",
                "id": 1,
                "original_url": "https:\/\/qiita.com\/minamijoyo\/items\/3a7467f70d145ac03324"
            }
        ],
        "blocks": [
            {
                "type": "rich_text",
                "block_id": "vhj",
                "elements": [
                    {
                        "type": "rich_text_section",
                        "elements": [
                            {
                                "type": "text",
                                "text": "以前書いたTerraform職人入門、だいぶ情報が古くなっちゃたので続編書いたー。（大人の事情で会社のアドベントカレンダーの方に）\n"
                            },
                            {
                                "type": "link",
                                "url": "https:\/\/qiita.com\/minamijoyo\/items\/3a7467f70d145ac03324"
                            }
                        ]
                    }
                ]
            }
        ],
        "thread_ts": "1607650494.018500",
        "reply_count": 3,
        "reply_users_count": 2,
        "latest_reply": "1607699585.020900",
        "reply_users": [
            "UN9323EH5",
            "UHS4SFFA7"
        ],
        "replies": [
            {
                "user": "UN9323EH5",
                "ts": "1607682460.020000"
            },
            {
                "user": "UHS4SFFA7",
                "ts": "1607685945.020300"
            },
            {
                "user": "UN9323EH5",
                "ts": "1607699585.020900"
            }
        ],
        "is_locked": false,
        "subscribed": false,
        "reactions": [
            {
                "name": "tada",
                "users": [
                    "U01E5H76RNX",
                    "URN901459",
                    "UR6TGPC0P",
                    "ULSHHPEBB",
                    "UFU0BKD8F",
                    "UGY9BJ1NF",
                    "UR0T8CK4G",
                    "UGZPDFYFQ",
                    "UNZSA1277",
                    "UN9323EH5",
                    "UR4NW10LD",
                    "UR489PC4U",
                    "UR8TR0GA3",
                    "UFT60TQCQ",
                    "UTMCUCTCP",
                    "UGYK9KX4M",
                    "U01JDAC4M3J",
                    "U01G7AFMH9T",
                    "UKEHA1JSW",
                    "U0152D76T41"
                ],
                "count": 20
            }
        ]
    }
]