[
    {
        "type": "message",
        "subtype": "bot_message",
        "text": "",
        "ts": "1645644279.135199",
        "bot_id": "B01D39EAGTT",
        "attachments": [
            {
                "id": 1,
                "fallback": "hashicorp\/vault on GitHub\nmain-creation",
                "text": "`main-creation`",
                "title": "hashicorp\/vault on GitHub",
                "title_link": "https:\/\/newreleases.io\/github\/hashicorp\/vault",
                "mrkdwn_in": [
                    "text"
                ]
            }
        ]
    },
    {
        "type": "message",
        "subtype": "bot_message",
        "text": "",
        "ts": "1645667953.629699",
        "bot_id": "B01D39EAGTT",
        "attachments": [
            {
                "id": 1,
                "fallback": "hashicorp\/packer on GitHub\nnightly updated",
                "text": "`nightly` _updated_",
                "title": "hashicorp\/packer on GitHub",
                "title_link": "https:\/\/newreleases.io\/github\/hashicorp\/packer",
                "mrkdwn_in": [
                    "text"
                ]
            }
        ]
    }
]