[
    {
        "type": "message",
        "subtype": "bot_message",
        "text": "",
        "ts": "1644002240.395539",
        "bot_id": "B01D39EAGTT",
        "attachments": [
            {
                "id": 1,
                "fallback": "hashicorp\/vault on GitHub\napi\/auth\/ldap\/v0.1.0",
                "text": "`api\/auth\/ldap\/v0.1.0`",
                "title": "hashicorp\/vault on GitHub",
                "title_link": "https:\/\/newreleases.io\/github\/hashicorp\/vault",
                "mrkdwn_in": [
                    "text"
                ]
            }
        ]
    }
]