[
    {
        "type": "message",
        "subtype": "bot_message",
        "text": "",
        "ts": "1645569952.081479",
        "bot_id": "B01D39EAGTT",
        "attachments": [
            {
                "id": 1,
                "fallback": "hashicorp\/vault on GitHub\nsdk\/1.10.0",
                "text": "`sdk\/1.10.0`",
                "title": "hashicorp\/vault on GitHub",
                "title_link": "https:\/\/newreleases.io\/github\/hashicorp\/vault",
                "mrkdwn_in": [
                    "text"
                ]
            }
        ]
    }
]