[
    {
        "type": "message",
        "subtype": "bot_message",
        "text": "",
        "ts": "1645126594.144019",
        "bot_id": "B01D39EAGTT",
        "attachments": [
            {
                "id": 1,
                "fallback": "hashicorp\/boundary on GitHub\nv0.7.5v0.7.5 \nrelease note: <https:\/\/newreleases.io\/github\/hashicorp\/boundary?version=v0.7.5>",
                "text": "*v0.7.5* `v0.7.5` \n```\n------------------\n0.7.5 (2022\/02\/17)\n------------------\n\nNew and Improved\n----------------\n\n* cli: Update authentication examples to remove password flag and make\nsubcommend selection a bit clearer\n( PR ( <https:\/\/github.com\/hashicorp\/boundary\/pull\/1835> ) )\n\n* Data Warehouse: Add addresses on plugin based hosts to the database warehouse.\n3 new dimension tables have been added including wh_network_address_group\n(which is now referenced by wh_host_dimension ),\nwh_network_address_dimension , and wh_network_address_group_membership.\n( PR ( <https:\/\/github.com\/hashicorp\/boundary\/pull\/1855> ) )\n\n* ui: Add support for dynamic host catalog. AWS and Azure plugin-based CRUD operations.\n\nBug Fixes\n---------\n\n* targets: Specifying a plugin based host id when authorizing a session\nnow works. ( PR ( <https:\/\/github.com\/hashicorp\/boundary\/pull\/1853> ) )\n\n* targets: DNS names are now properly parsed when selecting an endpoint\nfor authorizing a session.\n( PR ( <https:\/\/github.com\/hashicorp\/boundary\/pull\/1849> ) )\n\n* hosts: Static hosts now include the host sets they are in.\n( PR ( <https:\/\/github.com\/hashicorp\/boundary\/pull\/1828> ) )\n```\n<https:\/\/newreleases.io\/github\/hashicorp\/boundary?version=v0.7.5|release note...>",
                "title": "hashicorp\/boundary on GitHub",
                "title_link": "https:\/\/newreleases.io\/github\/hashicorp\/boundary",
                "mrkdwn_in": [
                    "text"
                ]
            }
        ]
    },
    {
        "type": "message",
        "subtype": "bot_message",
        "text": "",
        "ts": "1645129717.674229",
        "bot_id": "B01D39EAGTT",
        "attachments": [
            {
                "id": 1,
                "fallback": "hashicorp\/terraform-provider-aws on GitHub\nv3.74.3v3.74.3 \nrelease note: <https:\/\/newreleases.io\/github\/hashicorp\/terraform-provider-aws?version=v3.74.3>",
                "text": "*v3.74.3* `v3.74.3` \n```\nBUG FIXES:\n\n* resource\/aws_ecs_capacity_provider: Fix tagging error preventing use in ISO partitions ( #23030 ( <https:\/\/github.com\/hashicorp\/terraform-provider-aws\/issues\/23030> ) )\n\n* resource\/aws_ecs_cluster: Fix tagging error preventing use in ISO partitions ( #23030 ( <https:\/\/github.com\/hashicorp\/terraform-provider-aws\/issues\/23030> ) )\n\n* resource\/aws_ecs_service: Fix tagging error preventing use in ISO partitions ( #23030 ( <https:\/\/github.com\/hashicorp\/terraform-provider-aws\/issues\/23030> ) )\n\n* resource\/aws_ecs_task_definition: Fix tagging error preventing use in ISO partitions ( #23030 ( <https:\/\/github.com\/hashicorp\/terraform-provider-aws\/issues\/23030> ) )\n\n* resource\/aws_ecs_task_set: Fix tagging error preventing use in ISO partitions ( #23030 ( <https:\/\/github.com\/hashicorp\/terraform-provider-aws\/issues\/23030> ) )\n\n* resource\/aws_waf_rule_group: Prevent panic when expanding the rule group's set of activated_rule ( #22978 ( <https:\/\/github.com\/hashicorp\/terraform-provider-aws\/issues\/22978> ) )\n\n* resource\/aws_wafregional_rule_group: Prevent panic when expanding the rule group's set of activated_rule ( #22978 ( <https:\/\/github.com\/hashicorp\/terraform-provider-aws\/issues\/22978> ) )\n```\n<https:\/\/newreleases.io\/github\/hashicorp\/terraform-provider-aws?version=v3.74.3|release note...>",
                "title": "hashicorp\/terraform-provider-aws on GitHub",
                "title_link": "https:\/\/newreleases.io\/github\/hashicorp\/terraform-provider-aws",
                "mrkdwn_in": [
                    "text"
                ]
            }
        ]
    },
    {
        "type": "message",
        "subtype": "bot_message",
        "text": "",
        "ts": "1645134401.776009",
        "bot_id": "B01D39EAGTT",
        "attachments": [
            {
                "id": 1,
                "fallback": "hashicorp\/terraform-provider-awscc on GitHub\nv0.12.0",
                "text": "`v0.12.0`",
                "title": "hashicorp\/terraform-provider-awscc on GitHub",
                "title_link": "https:\/\/newreleases.io\/github\/hashicorp\/terraform-provider-awscc",
                "mrkdwn_in": [
                    "text"
                ]
            }
        ]
    },
    {
        "type": "message",
        "subtype": "bot_message",
        "text": "",
        "ts": "1645134751.452459",
        "bot_id": "B01D39EAGTT",
        "attachments": [
            {
                "id": 1,
                "fallback": "hashicorp\/terraform-provider-awscc on GitHub\nv0.12.0 updated\nrelease note: <https:\/\/newreleases.io\/github\/hashicorp\/terraform-provider-awscc?version=v0.12.0>",
                "text": "`v0.12.0` _updated_\n<https:\/\/newreleases.io\/github\/hashicorp\/terraform-provider-awscc?version=v0.12.0|release note...>",
                "title": "hashicorp\/terraform-provider-awscc on GitHub",
                "title_link": "https:\/\/newreleases.io\/github\/hashicorp\/terraform-provider-awscc",
                "mrkdwn_in": [
                    "text"
                ]
            }
        ]
    }
]