[
    {
        "client_msg_id": "7f8ae72d-a29c-4d6f-a514-1db3b3727f77",
        "type": "message",
        "text": "へーへー\n<https:\/\/www.publickey1.jp\/blog\/20\/hashicorp_cloud_platformhashicorpawsconsul.html>",
        "user": "UFU0BKD8F",
        "ts": "1592930859.116200",
        "team": "TFU0BKCQP",
        "user_team": "TFU0BKCQP",
        "source_team": "TFU0BKCQP",
        "user_profile": {
            "avatar_hash": "92c41c62c7b0",
            "image_72": "https:\/\/avatars.slack-edge.com\/2019-01-30\/537137791812_92c41c62c7b0f054d3dd_72.jpg",
            "first_name": "らき",
            "real_name": "らき",
            "display_name": "raki",
            "team": "TFU0BKCQP",
            "name": "nishimuray",
            "is_restricted": false,
            "is_ultra_restricted": false
        },
        "attachments": [
            {
                "title": "「HashiCorp Cloud Platform」発表。マルチクラウドでHashiCorpのサービスを提供予定。まずはAWSでConsulの提供から",
                "title_link": "https:\/\/www.publickey1.jp\/blog\/20\/hashicorp_cloud_platformhashicorpawsconsul.html",
                "text": "HashiCorpは、6月22日から開催中のオンラインイベント「HashiConf Digital 2020」で、新サービス「HashiCorp Cloud Platform」（HCP）を発表しました。 Today at #HashiC...",
                "fallback": "「HashiCorp Cloud Platform」発表。マルチクラウドでHashiCorpのサービスを提供予定。まずはAWSでConsulの提供から",
                "image_url": "https:\/\/www.publickey1.jp\/2020\/XUhlqFKb.jpg",
                "from_url": "https:\/\/www.publickey1.jp\/blog\/20\/hashicorp_cloud_platformhashicorpawsconsul.html",
                "image_width": 478,
                "image_height": 250,
                "image_bytes": 14893,
                "service_icon": "https:\/\/www.publickey1.jp\/favicon.ico",
                "service_name": "publickey1.jp",
                "id": 1,
                "original_url": "https:\/\/www.publickey1.jp\/blog\/20\/hashicorp_cloud_platformhashicorpawsconsul.html"
            }
        ],
        "blocks": [
            {
                "type": "rich_text",
                "block_id": "ZZnkO",
                "elements": [
                    {
                        "type": "rich_text_section",
                        "elements": [
                            {
                                "type": "text",
                                "text": "へーへー\n"
                            },
                            {
                                "type": "link",
                                "url": "https:\/\/www.publickey1.jp\/blog\/20\/hashicorp_cloud_platformhashicorpawsconsul.html"
                            }
                        ]
                    }
                ]
            }
        ],
        "reactions": [
            {
                "name": "astonished",
                "users": [
                    "UGW0ABZLG"
                ],
                "count": 1
            }
        ]
    }
]