[
    {
        "type": "message",
        "subtype": "bot_message",
        "text": "",
        "ts": "1657740645.433599",
        "bot_id": "BG2UDF0NA",
        "attachments": [
            {
                "id": 1,
                "fallback": "cloudposse\/terraform-aws-codebuild on GitHub\nv1.0.0 Initial release with production Semantic Versioning1.0.0 \nrelease note: <https:\/\/newreleases.io\/github\/cloudposse\/terraform-aws-codebuild?version=1.0.0>",
                "text": "*v1.0.0 Initial release with production Semantic Versioning* `1.0.0` \n```\nInitial release with production Semantic Versioning ( <https:\/\/semver.org\/#spec-item-5> ) , part of Cloud Posse's general policy to convert to production versioning as we make updates to relatively mature modules, especially those where we see breaking changes coming in the near future. This module will evolve with breaking changes as we convert it to use our s3-log-storage module and be compatible with the new S3 resource structure introduced in AWS Terraform provider v4.0.\n\nThis release follows v0.39.0 with the change:\n\nchore: use numeric instead of number as it's deprecated for random_string @dmitrijn ( <https:\/\/github.com\/dmitrijn> ) ( #112 ( <https:\/\/github.com\/cloudposse\/terraform-aws-codebuild\/pull\/112> ) )\n\n----\nwhat\n----\n\n* use numeric instead of number as it's deprecated\n\n---\nwhy\n---\n\ndeprecation warnings\n\n----------\nreferences\n----------\n\n<https:\/\/registry.terraform.io\/providers\/hashicorp\/random\/latest\/docs\/resources\/string#number> ( <https:\/\/registry.terraform.io\/providers\/hashicorp\/random\/latest\/docs\/resources\/string#number> )\n\nimage ( <https:\/\/user-images.githubusercontent.com\/6103460\/174959029-67fb8a9a-334b-4dbc-8076-c416eccba94f.png> )\n```\n<https:\/\/newreleases.io\/github\/cloudposse\/terraform-aws-codebuild?version=1.0.0|release note...>",
                "title": "cloudposse\/terraform-aws-codebuild on GitHub",
                "title_link": "https:\/\/newreleases.io\/github\/cloudposse\/terraform-aws-codebuild",
                "mrkdwn_in": [
                    "text"
                ]
            }
        ]
    },
    {
        "type": "message",
        "subtype": "bot_message",
        "text": "",
        "ts": "1657745225.381949",
        "bot_id": "BG2UDF0NA",
        "attachments": [
            {
                "id": 1,
                "fallback": "terraform-aws-modules\/terraform-aws-rds on GitHub\nv4.6.0 \nrelease note: <https:\/\/newreleases.io\/github\/terraform-aws-modules\/terraform-aws-rds?version=v4.6.0>",
                "text": "`v4.6.0` \n```\n---------------------------------------------------------------------------------------------------------\n4.6.0 ( <https:\/\/github.com\/terraform-aws-modules\/terraform-aws-rds\/compare\/v4.5.0...v4.6.0> ) (2022-07-13)\n---------------------------------------------------------------------------------------------------------\n\nFeatures\n--------\n\n* Support name_prefix in iam_role.enhanced_monitoring ( #418 ( <https:\/\/github.com\/terraform-aws-modules\/terraform-aws-rds\/issues\/418> ) ) ( 644d255 ( <https:\/\/github.com\/terraform-aws-modules\/terraform-aws-rds\/commit\/644d25528017bc6a7d0c73fbb9b91243ff51933b> ) )\n```\n<https:\/\/newreleases.io\/github\/terraform-aws-modules\/terraform-aws-rds?version=v4.6.0|release note...>",
                "title": "terraform-aws-modules\/terraform-aws-rds on GitHub",
                "title_link": "https:\/\/newreleases.io\/github\/terraform-aws-modules\/terraform-aws-rds",
                "mrkdwn_in": [
                    "text"
                ]
            }
        ]
    }
]