[
    {
        "type": "message",
        "subtype": "bot_message",
        "text": "",
        "ts": "1657130106.960059",
        "bot_id": "BG2UDF0NA",
        "attachments": [
            {
                "id": 1,
                "fallback": "cloudposse\/terraform-aws-alb-ingress on GitHub\nv0.24.30.24.3 \nrelease note: <https:\/\/newreleases.io\/github\/cloudposse\/terraform-aws-alb-ingress?version=0.24.3>",
                "text": "*v0.24.3* `0.24.3` \n```\nOverride target group name @nitrocode ( <https:\/\/github.com\/nitrocode> ) ( #63 ( <https:\/\/github.com\/cloudposse\/terraform-aws-alb-ingress\/pull\/63> ) )\n\n----\nwhat\n----\n\n* Override target group name\n\n---\nwhy\n---\n\n* Target group name is limited to 32 chars\n* Overriding it will allow us to tag it correctly using the context and reduce the name\n* Workaround is to create the target group outside of the module and feed it in, but that's no fun\n\n----------\nreferences\n----------\n\nN\/A\n\ngit.io-&gt;cloudposse.tools update @dylanbannon ( <https:\/\/github.com\/dylanbannon> ) ( #62 ( <https:\/\/github.com\/cloudposse\/terraform-aws-alb-ingress\/pull\/62> ) )\n\n------------\nwhat and why\n------------\n\nChange all references to <http:\/\/git.io\/build-harness|git.io\/build-harness> into cloudposse.tools\/build-harness , since <http:\/\/git.io|git.io> redirects will stop working on April 29th, 2022.\n\n----------\nReferences\n----------\n\n* DEV-143\n```\n<https:\/\/newreleases.io\/github\/cloudposse\/terraform-aws-alb-ingress?version=0.24.3|release note...>",
                "title": "cloudposse\/terraform-aws-alb-ingress on GitHub",
                "title_link": "https:\/\/newreleases.io\/github\/cloudposse\/terraform-aws-alb-ingress",
                "mrkdwn_in": [
                    "text"
                ]
            }
        ]
    },
    {
        "type": "message",
        "subtype": "bot_message",
        "text": "",
        "ts": "1657142410.220389",
        "bot_id": "BG2UDF0NA",
        "attachments": [
            {
                "id": 1,
                "fallback": "terraform-aws-modules\/terraform-aws-rds on GitHub\nv4.5.0 \nrelease note: <https:\/\/newreleases.io\/github\/terraform-aws-modules\/terraform-aws-rds?version=v4.5.0>",
                "text": "`v4.5.0` \n```\n---------------------------------------------------------------------------------------------------------\n4.5.0 ( <https:\/\/github.com\/terraform-aws-modules\/terraform-aws-rds\/compare\/v4.4.0...v4.5.0> ) (2022-07-06)\n---------------------------------------------------------------------------------------------------------\n\nFeatures\n--------\n\n* Add support for identifier_prefix ( #416 ( <https:\/\/github.com\/terraform-aws-modules\/terraform-aws-rds\/issues\/416> ) ) ( 125c426 ( <https:\/\/github.com\/terraform-aws-modules\/terraform-aws-rds\/commit\/125c426fc00cd1f2744189a30f9225778169cefb> ) )\n```\n<https:\/\/newreleases.io\/github\/terraform-aws-modules\/terraform-aws-rds?version=v4.5.0|release note...>",
                "title": "terraform-aws-modules\/terraform-aws-rds on GitHub",
                "title_link": "https:\/\/newreleases.io\/github\/terraform-aws-modules\/terraform-aws-rds",
                "mrkdwn_in": [
                    "text"
                ]
            }
        ]
    }
]