[
    {
        "client_msg_id": "50229463-4ba7-4154-9ec9-ba5133f54459",
        "type": "message",
        "text": "terraformに限った話じゃないんだけど、リソース等々の命名規則のグルーピングに名前が欲しいんだよね。\nAWS リソースだと、-（ハイフン）が許可されるリソースと許可されないリソースがあったり、\n_（アンダーバー）じゃないとダメなやつがあったり、記号が一切許されなかったりするんだけど。。。\n\nみんなリソースやタグの命名規則とかどうしてるの。。。",
        "user": "UFU0BKD8F",
        "ts": "1552896044.002400"
    }
]