[
    {
        "user": "UH4RQAZ7Z",
        "type": "message",
        "subtype": "channel_join",
        "ts": "1553041759.000200",
        "text": "<@UH4RQAZ7Z>さんがチャンネルに参加しました"
    },
    {
        "client_msg_id": "5db8facb-50c1-401f-90aa-43a669e5c035",
        "type": "message",
        "text": "今朝職場であった小ネタな話題\nterraformで管理されたインスタンスのタイプ変更をコンソールから実施\nそのあとterraformのコードを修正してタイプを同じにした\nこの時ステートファイルはどうなっているでしょうか",
        "user": "UFU0BKD8F",
        "ts": "1553048702.001800"
    },
    {
        "client_msg_id": "d2c733cd-3bc2-49fd-bd29-0cc69382e6fb",
        "type": "message",
        "text": "また、planを投げた時、差分はどうなるか、\napplyをするとどうなるか",
        "user": "UFU0BKD8F",
        "ts": "1553048751.002400",
        "thread_ts": "1553048751.002400",
        "reply_count": 7,
        "reply_users_count": 3,
        "latest_reply": "1553329259.000300",
        "reply_users": [
            "UH0PSGUJ3",
            "UFU0BKD8F",
            "UFUP9BGES"
        ],
        "replies": [
            {
                "user": "UH0PSGUJ3",
                "ts": "1553051435.003400"
            },
            {
                "user": "UFU0BKD8F",
                "ts": "1553061153.004500"
            },
            {
                "user": "UFU0BKD8F",
                "ts": "1553061319.004700"
            },
            {
                "user": "UH0PSGUJ3",
                "ts": "1553133007.006100"
            },
            {
                "user": "UFUP9BGES",
                "ts": "1553276242.000100"
            },
            {
                "user": "UFU0BKD8F",
                "ts": "1553328888.000100"
            },
            {
                "user": "UFU0BKD8F",
                "ts": "1553329259.000300"
            }
        ]
    },
    {
        "client_msg_id": "B867C6A9-A52F-481B-A7AE-71540336A47A",
        "type": "message",
        "text": "stateは変わらず、planすると変更される感じになるんですかね？",
        "user": "UH0PSGUJ3",
        "ts": "1553051435.003400",
        "thread_ts": "1553048751.002400",
        "parent_user_id": "UFU0BKD8F"
    },
    {
        "client_msg_id": "0a80b20b-b4de-4bce-b7ee-f0cf4edda597",
        "type": "message",
        "text": "正解は\n\n* リソースを別途更新した場合のステートファイルはapply（またはrefreshかdestroy）するまで更新されない\n\nでした。\n\nリソースとコードに差分がない場合、ステートファイルの内容に違いがあっても plan では差分検出されない。\nplan ではステートファイル自体は更新されない。\n\napplyを適用（yes か --auto-approve）すると当然ステートファイルが更新される。\n\nついでの小ネタで terraform refresh をするとステートファイルが実リソースの情報で更新される。\n（もちろんapplyされるわけではない）",
        "user": "UFU0BKD8F",
        "ts": "1553061153.004500",
        "thread_ts": "1553048751.002400",
        "parent_user_id": "UFU0BKD8F"
    },
    {
        "client_msg_id": "c35abc9b-29c2-400c-bfe9-529f29702cb0",
        "type": "message",
        "text": "これを簡単に実験するのにs3を使う（もの置かなきゃコストかかんないし）\n適当なディレクトリ(s3)にmain.tfを書く\n（AWS Providerは各自か環境変数でも定義しておいて）\n\n``` s3\/main.tf\nresource aws_s3_bucket \"b\" {\n  bucket = \"なんかバケット名\"\n  tags = {\n    test = \"init\"\n  }\n}\n```\n\nこれで init して plan して apply すると terraform.tfstate が同じディレクトリにできる。\n\ncat terraform.tfstate\n\nマネジメントコンソール等でタグのtestを init から plan 辺りに変更する。\nこの時点ではtfstateは更新されない（当然）\n\nterraform plan\n\nすると当然差分が出る。この直後でも terraform.tfstate は当然変わっていない（test=initのまま）。\nmain.tfを修正して、test タグの値を plan にして実リソースにそろえる。\n\n再度 plan してみると差分がなくなる。が、この直後でも terraform.tfstate は変わらない（同上）。\n\n差分がないので terraform apply すると何もしないが、terraform.tfstate は更新される。\n\n※ここでついでの小ネタ、applyじゃなくて terraform refresh すると terraform.tfstate が更新される",
        "user": "UFU0BKD8F",
        "ts": "1553061319.004700",
        "thread_ts": "1553048751.002400",
        "parent_user_id": "UFU0BKD8F"
    }
]