[
    {
        "type": "message",
        "subtype": "bot_message",
        "text": "",
        "ts": "1648255391.654669",
        "bot_id": "BG2UDF0NA",
        "attachments": [
            {
                "id": 1,
                "fallback": "hashicorp\/terraform-provider-azurerm on GitHub\nv3.0.2 \nrelease note: <https:\/\/newreleases.io\/github\/hashicorp\/terraform-provider-azurerm?version=v3.0.2>",
                "text": "`v3.0.2` \n```\n----------------------\n3.0.2 (March 26, 2022)\n----------------------\n\nBUG FIXES:\n\n* azurerm_cosmosdb_account - prevent a panic when the API returns an nil list of read or write locations ( #16031 ( <https:\/\/github.com\/hashicorp\/terraform-provider-azurerm\/issues\/16031> ) )\n* azurerm_cdn_endpoint - prevent a panic when there is an empty country_codes property ( #16066 ( <https:\/\/github.com\/hashicorp\/terraform-provider-azurerm\/issues\/16066> ) )\n* azurerm_key_vault - fix the authorizer was not an auth.CachedAuthorizer error ( #16078 ( <https:\/\/github.com\/hashicorp\/terraform-provider-azurerm\/issues\/16078> ) )\n* azurerm_linux_function_app - correctly update storage settings when using MSI ( #16046 ( <https:\/\/github.com\/hashicorp\/terraform-provider-azurerm\/issues\/16046> ) )\n* azurerm_managed_disk - changing the zone property now correctly create a new resource ( #16070 ( <https:\/\/github.com\/hashicorp\/terraform-provider-azurerm\/issues\/16070> ) )\n* azurerm_resource_group - wait for eventual consistency when deleting ( #16073 ( <https:\/\/github.com\/hashicorp\/terraform-provider-azurerm\/issues\/16073> ) )\n* azurerm_windows_function_app - correctly update storage settings when using MSI ( #16046 ( <https:\/\/github.com\/hashicorp\/terraform-provider-azurerm\/issues\/16046> ) )\n```\n<https:\/\/newreleases.io\/github\/hashicorp\/terraform-provider-azurerm?version=v3.0.2|release note...>",
                "title": "hashicorp\/terraform-provider-azurerm on GitHub",
                "title_link": "https:\/\/newreleases.io\/github\/hashicorp\/terraform-provider-azurerm",
                "mrkdwn_in": [
                    "text"
                ]
            }
        ]
    }
]