[
    {
        "type": "message",
        "subtype": "bot_message",
        "text": "",
        "ts": "1646966907.757039",
        "bot_id": "BG2UDF0NA",
        "attachments": [
            {
                "id": 1,
                "fallback": "hashicorp\/terraform-provider-azurerm on GitHub\nv2.99.0",
                "text": "`v2.99.0`",
                "title": "hashicorp\/terraform-provider-azurerm on GitHub",
                "title_link": "https:\/\/newreleases.io\/github\/hashicorp\/terraform-provider-azurerm",
                "mrkdwn_in": [
                    "text"
                ]
            }
        ]
    },
    {
        "type": "message",
        "subtype": "bot_message",
        "text": "",
        "ts": "1646971545.547259",
        "bot_id": "BG2UDF0NA",
        "attachments": [
            {
                "id": 1,
                "fallback": "hashicorp\/terraform-provider-azurerm on GitHub\nv2.99.0 updated\nrelease note: <https:\/\/newreleases.io\/github\/hashicorp\/terraform-provider-azurerm?version=v2.99.0>",
                "text": "`v2.99.0` _updated_\n<https:\/\/newreleases.io\/github\/hashicorp\/terraform-provider-azurerm?version=v2.99.0|release note...>",
                "title": "hashicorp\/terraform-provider-azurerm on GitHub",
                "title_link": "https:\/\/newreleases.io\/github\/hashicorp\/terraform-provider-azurerm",
                "mrkdwn_in": [
                    "text"
                ]
            }
        ]
    }
]