[
    {
        "type": "message",
        "subtype": "bot_message",
        "text": "",
        "ts": "1615392648.002200",
        "bot_id": "B01D39EAGTT",
        "attachments": [
            {
                "fallback": "hashicorp\/boundary on GitHub\nv0.1.8v0.1.8 \nrelease note: <https:\/\/newreleases.io\/github\/hashicorp\/boundary?version=v0.1.8>",
                "text": "*v0.1.8* `v0.1.8` \n```\n------------------\n0.1.8 (2021\/03\/09)\n------------------\n\nChanges\/Deprecations\n--------------------\n\n* api: A few functions have changed places. Notably, instead of ResponseMap()\nand ResponseBody() , resources simply expose Response(). This higher-level\nresponse object contains the map and body, and also exposes StatusCode() in\nplace of indivdidual resources.\nPR ( <https:\/\/github.com\/hashicorp\/boundary\/pull\/962> )\n\n* cli: In json output format, a resource item is now an object under the\ntop-level key item ; a list of resource items is now an list of objects under\nthe top-level key items. This preserves the top level for putting in other\nuseful information later on (and the HTTP status code is included now).\nPR ( <https:\/\/github.com\/hashicorp\/boundary\/pull\/962> )\n\n* cli: In json output format, errors are now serialized as a JSON object with\nan error key instead of outputting normal text\nPR ( <https:\/\/github.com\/hashicorp\/boundary\/pull\/962> )\n\n* cli: All errors, including API errors, are now written to stderr. Previously\nin the default table format, API errors would be written to stdout.\nPR ( <https:\/\/github.com\/hashicorp\/boundary\/pull\/962> )\n\n* cli: Error return codes have been standardized across CLI commands. An error\ncode of 1 indicates an error generated from the actual controller API; an\nerror code of 2 is an error encountered due to the CLI command's logic; and\nan error code of 3 indicates an error that was caused due to user input to\nthe command. (There is some nuance sometimes whether an error is really due to\nuser input or not, but we attempt to be consistent.)\nPR ( <https:\/\/github.com\/hashicorp\/boundary\/pull\/976> )\n\nNew and Improved\n----------------\n\n* list filtering: Listing now supports filtering results before being returned\nto the user. The filtering takes place server side and uses boolean\nexpressions against the JSON representation of returned items. See the\ndocumentation ( <https:\/\/www.boundaryproject.io\/docs\/concepts\/filtering\/resource-listing> )\nfor more details. ( PR 1 ( <https:\/\/github.com\/hashicorp\/boundary\/pull\/952> ) )\n( PR 2 ( <https:\/\/github.com\/hashicorp\/boundary\/pull\/957> ) )\n( PR 3 ( <https:\/\/github.com\/hashicorp\/boundary\/pull\/967> ) )\n\n* server: Officially support reloading TLS parameters on SIGHUP. (This likely\nworked before but wasn't fully tested.)\n( PR ( <https:\/\/github.com\/hashicorp\/boundary\/pull\/959> ) )\n\n* server: On SIGHUP , worker\ntags ( <https:\/\/www.boundaryproject.io\/docs\/configuration\/worker#tags> ) will be\nre-parsed and new values used\n( PR ( <https:\/\/github.com\/hashicorp\/boundary\/pull\/959> ) )\n\n* server: In addition to the existing tls_min_version listener configuration\nvalue, tls_max_version is now supported. This should generally be left blank\nbut can be useful for situations where e.g. a load balancer has broken TLS 1.3\nsupport, or does not support TLS 1.3 and flags it as a disallowed value.\n```\n<https:\/\/newreleases.io\/github\/hashicorp\/boundary?version=v0.1.8|release note...>",
                "title": "hashicorp\/boundary on GitHub",
                "id": 1,
                "title_link": "https:\/\/newreleases.io\/github\/hashicorp\/boundary",
                "mrkdwn_in": [
                    "text"
                ]
            }
        ]
    },
    {
        "type": "message",
        "subtype": "bot_message",
        "text": "",
        "ts": "1615397679.002300",
        "bot_id": "B01D39EAGTT",
        "attachments": [
            {
                "fallback": "hashicorp\/terraform on GitHub\nv0.14.8",
                "text": "`v0.14.8`",
                "title": "hashicorp\/terraform on GitHub",
                "id": 1,
                "title_link": "https:\/\/newreleases.io\/github\/hashicorp\/terraform",
                "mrkdwn_in": [
                    "text"
                ]
            }
        ]
    },
    {
        "type": "message",
        "subtype": "bot_message",
        "text": "",
        "ts": "1615399564.002400",
        "bot_id": "B01D39EAGTT",
        "attachments": [
            {
                "fallback": "hashicorp\/terraform on GitHub\nv0.14.8v0.14.8 updated\nrelease note: <https:\/\/newreleases.io\/github\/hashicorp\/terraform?version=v0.14.8>",
                "text": "*v0.14.8* `v0.14.8` _updated_\n```\nBUG FIXES:\n\n* config: Update HCL package to fix panics when indexing using sensitive values (#28034)\n\n* core: Fix error when using sensitive values in provisioner configuration (#27819)\n\n* core: Fix empty diags not getting associated with source (#28029)\n\n* backend\/remote: Fix non-functional -lock-timeout argument when using the remote backend with local operations (#27845)\n\nENHANCEMENTS:\n\n* config: Terraform now does text processing using the rules and tables defined for Unicode 13. Previous versions were using Unicode 12 rules (#28034)\n```\n<https:\/\/newreleases.io\/github\/hashicorp\/terraform?version=v0.14.8|release note...>",
                "title": "hashicorp\/terraform on GitHub",
                "id": 1,
                "title_link": "https:\/\/newreleases.io\/github\/hashicorp\/terraform",
                "mrkdwn_in": [
                    "text"
                ]
            }
        ]
    },
    {
        "type": "message",
        "subtype": "bot_message",
        "text": "",
        "ts": "1615423469.002500",
        "bot_id": "B01D39EAGTT",
        "attachments": [
            {
                "fallback": "hashicorp\/vault on GitHub\nv1.7.0-rc1v1.7.0-rc1 pre-release\nrelease note: <https:\/\/newreleases.io\/github\/hashicorp\/vault?version=v1.7.0-rc1>",
                "text": "*v1.7.0-rc1* `v1.7.0-rc1` _pre-release_\n```\nRelease vault v1.7.0-rc1\n```\n<https:\/\/newreleases.io\/github\/hashicorp\/vault?version=v1.7.0-rc1|release note...>",
                "title": "hashicorp\/vault on GitHub",
                "id": 1,
                "title_link": "https:\/\/newreleases.io\/github\/hashicorp\/vault",
                "mrkdwn_in": [
                    "text"
                ]
            }
        ]
    }
]