[
    {
        "type": "message",
        "subtype": "bot_message",
        "text": "",
        "ts": "1615992412.000100",
        "bot_id": "B01D39EAGTT",
        "attachments": [
            {
                "fallback": "hashicorp\/terraform-provider-google on GitHub\nv3.60.0v3.60.0 updated\nrelease note: <https:\/\/newreleases.io\/github\/hashicorp\/terraform-provider-google?version=v3.60.0>",
                "text": "*v3.60.0* `v3.60.0` _updated_\n```\nFEATURES:\n\n* *New Resource:* google_apigee_envgroup ( #8641 ( <https:\/\/github.com\/hashicorp\/terraform-provider-google\/pull\/8641> ) )\n\n* *New Resource:* google_apigee_environment ( #8596 ( <https:\/\/github.com\/hashicorp\/terraform-provider-google\/pull\/8596> ) )\n\nIMPROVEMENTS:\n\n* cloudrun: suppressed metadata.labels[\"<http:\/\/cloud.googleapis.com\/location|cloud.googleapis.com\/location>\"] value in google_cloud_run_service ( #8574 ( <https:\/\/github.com\/hashicorp\/terraform-provider-google\/pull\/8574> ) )\n\n* compute: added mtu field to google_compute_interconnect_attachment ( #8575 ( <https:\/\/github.com\/hashicorp\/terraform-provider-google\/pull\/8575> ) )\n\n* compute: added support for nic_type to google_compute_instance (GA only) ( #8562 ( <https:\/\/github.com\/hashicorp\/terraform-provider-google\/pull\/8562> ) )\n\n* datafusion: added support for the DEVELOPER instance type to google_data_fusion_instance ( #8590 ( <https:\/\/github.com\/hashicorp\/terraform-provider-google\/pull\/8590> ) )\n\n* monitoring: added windows based availability sli to the resource google_monitoring_slo ( #8588 ( <https:\/\/github.com\/hashicorp\/terraform-provider-google\/pull\/8588> ) )\n\n* sql: added settings.0.backup_configuration.transaction_log_retention_days and settings.0.backup_configuration.transaction_log_retention_days fields to google_sql_database_instance ( #8582 ( <https:\/\/github.com\/hashicorp\/terraform-provider-google\/pull\/8582> ) )\n\n* storage: added kms_key_name to google_storage_bucket_object resource ( #8615 ( <https:\/\/github.com\/hashicorp\/terraform-provider-google\/pull\/8615> ) )\n\nBUG FIXES:\n\n* bigquery: fixed materialized view to be recreated when query changes ( #8628 ( <https:\/\/github.com\/hashicorp\/terraform-provider-google\/pull\/8628> ) )\n\n* bigtable: fixed bug where gc_policy would attempt to recreate the resource when switching from deprecated attribute but maintaining the same underlying value ( #8639 ( <https:\/\/github.com\/hashicorp\/terraform-provider-google\/pull\/8639> ) )\n\n* bigtable: required resource recreation if any fields change on resource_bigtable_gc_policy ( #8552 ( <https:\/\/github.com\/hashicorp\/terraform-provider-google\/pull\/8552> ) )\n\n* binaryauthorization: fixed permadiff in google_binary_authorization_attestor ( #8636 ( <https:\/\/github.com\/hashicorp\/terraform-provider-google\/pull\/8636> ) )\n\n* cloudfunction: added retry logic for google_cloudfunctions_function updates ( #8554 ( <https:\/\/github.com\/hashicorp\/terraform-provider-google\/pull\/8554> ) )\n\n* cloudidentity: fixed a bug where google_cloud_identity_group would periodically fail with a 403 ( #8585 ( <https:\/\/github.com\/hashicorp\/terraform-provider-google\/pull\/8585> ) )\n\n* compute: fixed a perma-diff for nat_ips that were specified as short forms in google_compute_router_nat ( #8576 ( <https:\/\/github.com\/hashicorp\/terraform-provider-google\/pull\/8576> ) )\n\n* compute: fixed perma-diff for cos-family disk images ( #8602 ( <https:\/\/github.com\/hashicorp\/terraform-provider-google\/pull\/8602> ) )\n\n* compute: Fixed service account scope alias to be updated. ( #8604 ( <https:\/\/github.com\/hashicorp\/terraform-provider-google\/pull\/8604> ) )\n\n* container: fixed container cluster not removed from the state when received 404 error on delete call for the resource google_container_cluster ( #8594 ( <https:\/\/github.com\/hashicorp\/terraform-provider-google\/pull\/8594> ) )\n\n* container: Fixed failure in deleting maintenance_exclusion for google_container_cluster ( #8589 ( <https:\/\/github.com\/hashicorp\/terraform-provider-google\/pull\/8589> ) )\n\n* container: fixed an issue where release channel UNSPECIFIED could not be set ( #8595 ( <https:\/\/github.com\/hashicorp\/terraform-provider-google\/pull\/8595> ) )\n\n* essentialcontacts: made language_tag required for google_essential_contacts_contact ( #8557 ( <https:\/\/github.com\/hashicorp\/terraform-provider-google\/pull\/8557> ) )\n```\n<https:\/\/newreleases.io\/github\/hashicorp\/terraform-provider-google?version=v3.60.0|release note...>",
                "title": "hashicorp\/terraform-provider-google on GitHub",
                "id": 1,
                "title_link": "https:\/\/newreleases.io\/github\/hashicorp\/terraform-provider-google",
                "mrkdwn_in": [
                    "text"
                ]
            }
        ]
    },
    {
        "type": "message",
        "subtype": "bot_message",
        "text": "",
        "ts": "1615998912.000200",
        "bot_id": "B01D39EAGTT",
        "attachments": [
            {
                "fallback": "hashicorp\/vault on GitHub\nv1.7.0-rc2v1.7.0-rc2 pre-release\nrelease note: <https:\/\/newreleases.io\/github\/hashicorp\/vault?version=v1.7.0-rc2>",
                "text": "*v1.7.0-rc2* `v1.7.0-rc2` _pre-release_\n```\nRelease vault v1.7.0-rc2\n```\n<https:\/\/newreleases.io\/github\/hashicorp\/vault?version=v1.7.0-rc2|release note...>",
                "title": "hashicorp\/vault on GitHub",
                "id": 1,
                "title_link": "https:\/\/newreleases.io\/github\/hashicorp\/vault",
                "mrkdwn_in": [
                    "text"
                ]
            }
        ]
    },
    {
        "type": "message",
        "subtype": "bot_message",
        "text": "",
        "ts": "1616003721.000300",
        "bot_id": "B01D39EAGTT",
        "attachments": [
            {
                "fallback": "hashicorp\/terraform on GitHub\nv0.15.0-beta2v0.15.0-beta2 pre-release",
                "text": "*v0.15.0-beta2* `v0.15.0-beta2` _pre-release_",
                "title": "hashicorp\/terraform on GitHub",
                "id": 1,
                "title_link": "https:\/\/newreleases.io\/github\/hashicorp\/terraform",
                "mrkdwn_in": [
                    "text"
                ]
            }
        ]
    },
    {
        "type": "message",
        "subtype": "bot_message",
        "text": "",
        "ts": "1616015036.000400",
        "bot_id": "B01D39EAGTT",
        "attachments": [
            {
                "fallback": "hashicorp\/terraform-provider-kubernetes on GitHub\nv2.0.3",
                "text": "`v2.0.3`",
                "title": "hashicorp\/terraform-provider-kubernetes on GitHub",
                "id": 1,
                "title_link": "https:\/\/newreleases.io\/github\/hashicorp\/terraform-provider-kubernetes",
                "mrkdwn_in": [
                    "text"
                ]
            }
        ]
    },
    {
        "type": "message",
        "subtype": "bot_message",
        "text": "",
        "ts": "1616015913.000500",
        "bot_id": "B01D39EAGTT",
        "attachments": [
            {
                "fallback": "hashicorp\/terraform-provider-kubernetes on GitHub\nv2.0.3v2.0.3 updated\nrelease note: <https:\/\/newreleases.io\/github\/hashicorp\/terraform-provider-kubernetes?version=v2.0.3>",
                "text": "*v2.0.3* `v2.0.3` _updated_\n```\nBUG FIXES:\n\n* Fix resource_field_ref schema for projected_volume (#1189)\n\n* Add diff suppression to persistent_volume and persistent_volume_claim (#1145)\n\n* Remove error for missing kubeconfig, to allow generating it at apply time (#1142)\n\nIMPROVEMENTS:\n\n* Support topologySpreadConstraint in pod spec schema (#1022)\n\n* Wait for kubernetes_ingress to be deleted (#1143)\n\n* Improve docs for configuring the provider (#1132)\n\n* Update docs to reflect Kubernetes service status attribute (#1148)\n```\n<https:\/\/newreleases.io\/github\/hashicorp\/terraform-provider-kubernetes?version=v2.0.3|release note...>",
                "title": "hashicorp\/terraform-provider-kubernetes on GitHub",
                "id": 1,
                "title_link": "https:\/\/newreleases.io\/github\/hashicorp\/terraform-provider-kubernetes",
                "mrkdwn_in": [
                    "text"
                ]
            }
        ]
    }
]