[
    {
        "type": "message",
        "subtype": "bot_message",
        "text": "",
        "ts": "1617048675.001500",
        "bot_id": "B01D39EAGTT",
        "attachments": [
            {
                "fallback": "hashicorp\/packer on GitHub\nnightly pre-release, updated\nrelease note: <https:\/\/newreleases.io\/github\/hashicorp\/packer?version=nightly>",
                "text": "`nightly` _pre-release_, _updated_\n```\nNightly releases are snapshots of the development activity on the Packer project that may include new features and bug fixes scheduled for upcoming releases ( <https:\/\/github.com\/hashicorp\/packer\/milestones> ). These releases are made available to make it easier for users to test their existing build configurations against the latest Packer code base for potential issues or to experiment with new features, with a chance to provide feedback on ways to improve the changes before being released.\n\nAs these releases are snapshots of the latest code, you may encounter an issue compared to the latest stable release so users are encouraged to run nightly releases in a non production environment. If you encounter an issue, please check our issue tracker ( <https:\/\/github.com\/hashicorp\/packer\/issues> ) to see if the issue has already been reported; if a report hasn't been made, please report it so we can review the issue and make any needed fixes.\n\n*Note* : Nightly releases are only available via GitHub; distribution via Homebrew, Docker, or Chocolatey is not supported.\n```\n<https:\/\/newreleases.io\/github\/hashicorp\/packer?version=nightly|release note...>",
                "title": "hashicorp\/packer on GitHub",
                "id": 1,
                "title_link": "https:\/\/newreleases.io\/github\/hashicorp\/packer",
                "mrkdwn_in": [
                    "text"
                ]
            }
        ]
    },
    {
        "type": "message",
        "subtype": "bot_message",
        "text": "",
        "ts": "1617051235.001600",
        "bot_id": "B01D39EAGTT",
        "attachments": [
            {
                "fallback": "hashicorp\/terraform-provider-google on GitHub\nv3.62.0",
                "text": "`v3.62.0`",
                "title": "hashicorp\/terraform-provider-google on GitHub",
                "id": 1,
                "title_link": "https:\/\/newreleases.io\/github\/hashicorp\/terraform-provider-google",
                "mrkdwn_in": [
                    "text"
                ]
            }
        ]
    },
    {
        "type": "message",
        "subtype": "bot_message",
        "text": "",
        "ts": "1617052369.001700",
        "bot_id": "B01D39EAGTT",
        "attachments": [
            {
                "fallback": "hashicorp\/terraform-provider-google on GitHub\nv3.62.0v3.62.0 updated\nrelease note: <https:\/\/newreleases.io\/github\/hashicorp\/terraform-provider-google?version=v3.62.0>",
                "text": "*v3.62.0* `v3.62.0` _updated_\n```\nFEATURES:\n\n* *New Data Source:* google_compute_health_check ( #8725 ( <https:\/\/github.com\/hashicorp\/terraform-provider-google\/pull\/8725> ) )\n\n* *New Data Source:* google_kms_secret_asymmetric ( #8745 ( <https:\/\/github.com\/hashicorp\/terraform-provider-google\/pull\/8745> ) )\n\n* *New Resource:* google_data_catalog_tag_template_iam_* ( #8730 ( <https:\/\/github.com\/hashicorp\/terraform-provider-google\/pull\/8730> ) )\n\nIMPROVEMENTS:\n\n* accesscontextmanager: added support for ingress and egress policies to google_access_context_manager_service_perimeter ( #8723 ( <https:\/\/github.com\/hashicorp\/terraform-provider-google\/pull\/8723> ) )\n\n* compute: added proxy_bind to google_compute_target_tcp_proxy , google_compute_target_http_proxy and google_compute_target_https_proxy ( #8706 ( <https:\/\/github.com\/hashicorp\/terraform-provider-google\/pull\/8706> ) )\n\nBUG FIXES:\n\n* compute: fixed an issue where exceeding the operation rate limit would fail without retrying ( #8746 ( <https:\/\/github.com\/hashicorp\/terraform-provider-google\/pull\/8746> ) )\n\n* compute: corrected underlying type to integer for field mtu in google_compute_interconnect_attachment ( #8744 ( <https:\/\/github.com\/hashicorp\/terraform-provider-google\/pull\/8744> ) )\n```\n<https:\/\/newreleases.io\/github\/hashicorp\/terraform-provider-google?version=v3.62.0|release note...>",
                "title": "hashicorp\/terraform-provider-google on GitHub",
                "id": 1,
                "title_link": "https:\/\/newreleases.io\/github\/hashicorp\/terraform-provider-google",
                "mrkdwn_in": [
                    "text"
                ]
            }
        ]
    }
]