[
    {
        "type": "message",
        "subtype": "bot_message",
        "text": "",
        "ts": "1617202541.001900",
        "bot_id": "B01D39EAGTT",
        "attachments": [
            {
                "fallback": "hashicorp\/terraform on GitHub\nv0.15.0-rc1v0.15.0-rc1 pre-release\nrelease note: <https:\/\/newreleases.io\/github\/hashicorp\/terraform?version=v0.15.0-rc1>",
                "text": "*v0.15.0-rc1* `v0.15.0-rc1` _pre-release_\n```\n-----------------------\n0.15.0-rc1 (Unreleased)\n-----------------------\n\nENHANCEMENTS:\n\n* backend\/azurerm: Dependency Update and Fixes ( #28181 ( <https:\/\/github.com\/hashicorp\/terraform\/issues\/28181> ) )\n\nBUG FIXES:\n\n* core: Fix crash when referencing resources with sensitive fields that may be unknown ( #28180 ( <https:\/\/github.com\/hashicorp\/terraform\/issues\/28180> ) )\n\n* core: Fix crash with resources which have sensitive iterable attributes ( #28245 ( <https:\/\/github.com\/hashicorp\/terraform\/issues\/28245> ) )\n\n* core: Extend the Terraform plan file format to include information about sensitivity and required-replace. This ensures that the output of terraform show saved.tfplan matches terraform plan , and sensitive values are elided. ( #28201 ( <https:\/\/github.com\/hashicorp\/terraform\/issues\/28201> ) )\n\n* core: Ensure that stored dependencies are retained when a resource is removed entirely from the configuration, and create_before_destroy ordering is preserved ( #28228 ( <https:\/\/github.com\/hashicorp\/terraform\/issues\/28228> ) )\n\n* core: Resources removed from the configuration will now be destroyed before their dependencies are updated ( #28165 ( <https:\/\/github.com\/hashicorp\/terraform\/issues\/28165> ) )\n\n* cli: Fix fmt output when unwrapping redundant multi-line string interpolations ( #28202 ( <https:\/\/github.com\/hashicorp\/terraform\/issues\/28202> ) )\n\n* cli: Only rewrite provider locks file if its contents has changed. ( #28230 ( <https:\/\/github.com\/hashicorp\/terraform\/issues\/28230> ) )\n```\n<https:\/\/newreleases.io\/github\/hashicorp\/terraform?version=v0.15.0-rc1|release note...>",
                "title": "hashicorp\/terraform on GitHub",
                "id": 1,
                "title_link": "https:\/\/newreleases.io\/github\/hashicorp\/terraform",
                "mrkdwn_in": [
                    "text"
                ]
            }
        ]
    }
]