[
    {
        "type": "message",
        "subtype": "bot_message",
        "text": "",
        "ts": "1616693366.001400",
        "bot_id": "B01D39EAGTT",
        "attachments": [
            {
                "fallback": "hashicorp\/terraform-provider-google on GitHub\nv3.61.0v3.61.0 updated\nrelease note: <https:\/\/newreleases.io\/github\/hashicorp\/terraform-provider-google?version=v3.61.0>",
                "text": "*v3.61.0* `v3.61.0` _updated_\n```\nIMPROVEMENTS:\n\n* compute: added proxy_bind to google_compute_target_tcp_proxy , google_compute_target_http_proxy and google_compute_target_https_proxy ( #8706 ( <https:\/\/github.com\/hashicorp\/terraform-provider-google\/pull\/8706> ) )\n\n* compute: changed google_compute_subnetwork to accept more values in the purpose field ( #8647 ( <https:\/\/github.com\/hashicorp\/terraform-provider-google\/pull\/8647> ) )\n\n* compute: promoted field compute_instance.scheduling.min_node_cpus and related fields to ga ( #8697 ( <https:\/\/github.com\/hashicorp\/terraform-provider-google\/pull\/8697> ) )\n\n* dataflow: added enable_streaming_engine argument to google_dataflow_job ( #8670 ( <https:\/\/github.com\/hashicorp\/terraform-provider-google\/pull\/8670> ) )\n\n* healthcare: promoted google_healthcare_consent_store* to GA support ( #8681 ( <https:\/\/github.com\/hashicorp\/terraform-provider-google\/pull\/8681> ) )\n\nBUG FIXES:\n\n* container: Fixed updates on export_custom_routes and import_custom_routes in google_compute_network_peering ( #8650 ( <https:\/\/github.com\/hashicorp\/terraform-provider-google\/pull\/8650> ) )\n```\n<https:\/\/newreleases.io\/github\/hashicorp\/terraform-provider-google?version=v3.61.0|release note...>",
                "title": "hashicorp\/terraform-provider-google on GitHub",
                "id": 1,
                "title_link": "https:\/\/newreleases.io\/github\/hashicorp\/terraform-provider-google",
                "mrkdwn_in": [
                    "text"
                ]
            }
        ]
    }
]