[
    {
        "type": "message",
        "subtype": "bot_message",
        "text": "",
        "ts": "1614959384.001300",
        "bot_id": "B01D39EAGTT",
        "attachments": [
            {
                "fallback": "hashicorp\/consul on GitHub\nv1.7.13",
                "text": "`v1.7.13`",
                "title": "hashicorp\/consul on GitHub",
                "id": 1,
                "title_link": "https:\/\/newreleases.io\/github\/hashicorp\/consul",
                "mrkdwn_in": [
                    "text"
                ]
            }
        ]
    },
    {
        "type": "message",
        "subtype": "bot_message",
        "text": "",
        "ts": "1614960018.001400",
        "bot_id": "B01D39EAGTT",
        "attachments": [
            {
                "fallback": "hashicorp\/consul on GitHub\nv1.8.9",
                "text": "`v1.8.9`",
                "title": "hashicorp\/consul on GitHub",
                "id": 1,
                "title_link": "https:\/\/newreleases.io\/github\/hashicorp\/consul",
                "mrkdwn_in": [
                    "text"
                ]
            }
        ]
    },
    {
        "type": "message",
        "subtype": "bot_message",
        "text": "",
        "ts": "1614960494.001500",
        "bot_id": "B01D39EAGTT",
        "attachments": [
            {
                "fallback": "hashicorp\/consul on GitHub\nv1.9.4",
                "text": "`v1.9.4`",
                "title": "hashicorp\/consul on GitHub",
                "id": 1,
                "title_link": "https:\/\/newreleases.io\/github\/hashicorp\/consul",
                "mrkdwn_in": [
                    "text"
                ]
            }
        ]
    },
    {
        "type": "message",
        "subtype": "bot_message",
        "text": "",
        "ts": "1614962520.001600",
        "bot_id": "B01D39EAGTT",
        "attachments": [
            {
                "fallback": "hashicorp\/consul on GitHub\nv1.7.13v1.7.13 updated\nrelease note: <https:\/\/newreleases.io\/github\/hashicorp\/consul?version=v1.7.13>",
                "text": "*v1.7.13* `v1.7.13` _updated_\n```\n-----------------------\n1.7.13 (March 04, 2021)\n-----------------------\n\nIMPROVEMENTS:\n\n* connect: update supported envoy point releases to 1.13.7, 1.12.7, 1.11.2, 1.10.0 [ GH-9740 ( <https:\/\/github.com\/hashicorp\/consul\/issues\/9740> ) ]\n\n* license: *(Enterprise only)* Temporary client license duration was increased from 30m to 6h.\n\n* xds: only try to create an ipv6 expose checks listener if ipv6 is supported by the kernel [ GH-9765 ( <https:\/\/github.com\/hashicorp\/consul\/issues\/9765> ) ]\n\nBUG FIXES:\n\n* cache: Prevent spamming the logs for days when a cached request encounters an \"ACL not found\" error. [ GH-9738 ( <https:\/\/github.com\/hashicorp\/consul\/issues\/9738> ) ]\n\n* connect: connect CA Roots in the primary datacenter should use a SigningKeyID derived from their local intermediate [ GH-9428 ( <https:\/\/github.com\/hashicorp\/consul\/issues\/9428> ) ]\n\n* xds: deduplicate mesh gateway listeners by address in a stable way to prevent some LDS churn [ GH-9650 ( <https:\/\/github.com\/hashicorp\/consul\/issues\/9650> ) ]\n\n* xds: prevent LDS flaps in mesh gateways due to unstable datacenter lists; also prevent some flaps in terminating gateways as well [ GH-9651 ( <https:\/\/github.com\/hashicorp\/consul\/issues\/9651> ) ]\n```\n<https:\/\/newreleases.io\/github\/hashicorp\/consul?version=v1.7.13|release note...>",
                "title": "hashicorp\/consul on GitHub",
                "id": 1,
                "title_link": "https:\/\/newreleases.io\/github\/hashicorp\/consul",
                "mrkdwn_in": [
                    "text"
                ]
            }
        ]
    },
    {
        "type": "message",
        "subtype": "bot_message",
        "text": "",
        "ts": "1614963623.001700",
        "bot_id": "B01D39EAGTT",
        "attachments": [
            {
                "fallback": "hashicorp\/consul on GitHub\nv1.8.9v1.8.9 updated\nrelease note: <https:\/\/newreleases.io\/github\/hashicorp\/consul?version=v1.8.9>",
                "text": "*v1.8.9* `v1.8.9` _updated_\n```\n----------------------\n1.8.9 (March 04, 2021)\n----------------------\n\nIMPROVEMENTS:\n\n* cli: Add new -cluster-id and common-name to consul tls ca create to support creating a CA for Consul Connect. [ GH-9585 ( <https:\/\/github.com\/hashicorp\/consul\/issues\/9585> ) ]\n\n* connect: if the token given to the vault provider returns no data avoid a panic [ GH-9806 ( <https:\/\/github.com\/hashicorp\/consul\/issues\/9806> ) ]\n\n* connect: update supported envoy point releases to 1.14.6, 1.13.7, 1.12.7, 1.11.2 [ GH-9739 ( <https:\/\/github.com\/hashicorp\/consul\/issues\/9739> ) ]\n\n* license: *(Enterprise only)* Temporary client license duration was increased from 30m to 6h.\n\n* server: use the presense of stored federation state data as a sign that we already activated the federation state feature flag [ GH-9519 ( <https:\/\/github.com\/hashicorp\/consul\/issues\/9519> ) ]\n\n* xds: only try to create an ipv6 expose checks listener if ipv6 is supported by the kernel [ GH-9765 ( <https:\/\/github.com\/hashicorp\/consul\/issues\/9765> ) ]\n\nBUG FIXES:\n\n* api: Remove trailing periods from the gateway internal HTTP API endpoint [ GH-9752 ( <https:\/\/github.com\/hashicorp\/consul\/issues\/9752> ) ]\n\n* cache: Prevent spamming the logs for days when a cached request encounters an \"ACL not found\" error. [ GH-9738 ( <https:\/\/github.com\/hashicorp\/consul\/issues\/9738> ) ]\n\n* connect: connect CA Roots in the primary datacenter should use a SigningKeyID derived from their local intermediate [ GH-9428 ( <https:\/\/github.com\/hashicorp\/consul\/issues\/9428> ) ]\n\n* proxycfg: avoid potential deadlock in delivering proxy snapshot to watchers. [ GH-9689 ( <https:\/\/github.com\/hashicorp\/consul\/issues\/9689> ) ]\n\n* server: When wan federating via mesh gateways after initial federation default to using the local mesh gateways unless the heuristic indicates a bypass is required. [ GH-9528 ( <https:\/\/github.com\/hashicorp\/consul\/issues\/9528> ) ]\n\n* server: When wan federating via mesh gateways only do heuristic primary DC bypass on the leader. [ GH-9366 ( <https:\/\/github.com\/hashicorp\/consul\/issues\/9366> ) ]\n\n* xds: deduplicate mesh gateway listeners by address in a stable way to prevent some LDS churn [ GH-9650 ( <https:\/\/github.com\/hashicorp\/consul\/issues\/9650> ) ]\n\n* xds: prevent LDS flaps in mesh gateways due to unstable datacenter lists; also prevent some flaps in terminating gateways as well [ GH-9651 ( <https:\/\/github.com\/hashicorp\/consul\/issues\/9651> ) ]\n```\n<https:\/\/newreleases.io\/github\/hashicorp\/consul?version=v1.8.9|release note...>",
                "title": "hashicorp\/consul on GitHub",
                "id": 1,
                "title_link": "https:\/\/newreleases.io\/github\/hashicorp\/consul",
                "mrkdwn_in": [
                    "text"
                ]
            }
        ]
    },
    {
        "type": "message",
        "subtype": "bot_message",
        "text": "",
        "ts": "1614964245.001800",
        "bot_id": "B01D39EAGTT",
        "attachments": [
            {
                "fallback": "hashicorp\/consul on GitHub\nv1.9.4v1.9.4 updated\nrelease note: <https:\/\/newreleases.io\/github\/hashicorp\/consul?version=v1.9.4>",
                "text": "*v1.9.4* `v1.9.4` _updated_\n```\n----------------------\n1.9.4 (March 04, 2021)\n----------------------\n\nIMPROVEMENTS:\n\n* connect: if the token given to the vault provider returns no data avoid a panic [ GH-9806 ( <https:\/\/github.com\/hashicorp\/consul\/issues\/9806> ) ]\n\n* connect: update supported envoy point releases to 1.16.2, 1.15.3, 1.14.6, 1.13.7 [ GH-9737 ( <https:\/\/github.com\/hashicorp\/consul\/issues\/9737> ) ]\n\n* xds: only try to create an ipv6 expose checks listener if ipv6 is supported by the kernel [ GH-9765 ( <https:\/\/github.com\/hashicorp\/consul\/issues\/9765> ) ]\n\nBUG FIXES:\n\n* api: Remove trailing periods from the gateway internal HTTP API endpoint [ GH-9752 ( <https:\/\/github.com\/hashicorp\/consul\/issues\/9752> ) ]\n\n* cache: Prevent spamming the logs for days when a cached request encounters an \"ACL not found\" error. [ GH-9738 ( <https:\/\/github.com\/hashicorp\/consul\/issues\/9738> ) ]\n\n* connect: connect CA Roots in the primary datacenter should use a SigningKeyID derived from their local intermediate [ GH-9428 ( <https:\/\/github.com\/hashicorp\/consul\/issues\/9428> ) ]\n\n* proxycfg: avoid potential deadlock in delivering proxy snapshot to watchers. [ GH-9689 ( <https:\/\/github.com\/hashicorp\/consul\/issues\/9689> ) ]\n\n* replication: Correctly log all replication warnings that should not be suppressed [ GH-9320 ( <https:\/\/github.com\/hashicorp\/consul\/issues\/9320> ) ]\n\n* streaming: fixes a bug caused by caching an incorrect snapshot, that would cause clients\nto error until the cache expired. [ GH-9772 ( <https:\/\/github.com\/hashicorp\/consul\/issues\/9772> ) ]\n\n* ui: Exclude proxies when showing the total number of instances on a node. [ GH-9749 ( <https:\/\/github.com\/hashicorp\/consul\/issues\/9749> ) ]\n\n* ui: Fixed a bug in older browsers relating to String.replaceAll and fieldset w\/flexbox usage [ GH-9715 ( <https:\/\/github.com\/hashicorp\/consul\/issues\/9715> ) ]\n\n* xds: deduplicate mesh gateway listeners by address in a stable way to prevent some LDS churn [ GH-9650 ( <https:\/\/github.com\/hashicorp\/consul\/issues\/9650> ) ]\n\n* xds: prevent LDS flaps in mesh gateways due to unstable datacenter lists; also prevent some flaps in terminating gateways as well [ GH-9651 ( <https:\/\/github.com\/hashicorp\/consul\/issues\/9651> ) ]\n```\n<https:\/\/newreleases.io\/github\/hashicorp\/consul?version=v1.9.4|release note...>",
                "title": "hashicorp\/consul on GitHub",
                "id": 1,
                "title_link": "https:\/\/newreleases.io\/github\/hashicorp\/consul",
                "mrkdwn_in": [
                    "text"
                ]
            }
        ]
    }
]