[
    {
        "id": "CFSA6CXQ9",
        "name": "general",
        "created": "1548834160",
        "creator": "UFU0BKD8F",
        "is_archived": false,
        "is_general": true,
        "members": [
            "UFT60TQCQ",
            "UFT9ULVQR",
            "UFTDF1HHQ",
            "UFTKSQ25T",
            "UFU0BKD8F",
            "UFUP9BGES",
            "UG1QN22JZ",
            "UG46Z57TN",
            "UGFSM002K",
            "UGTNGDPUJ",
            "UGV9YDCVD",
            "UGVP0PXRA",
            "UGVSWU1CY",
            "UGVTSE7LG",
            "UGVTYQMSL",
            "UGW0ABZLG",
            "UGW0TPSQY",
            "UGW1DNGRW",
            "UGW264S4Q",
            "UGX7P1RME",
            "UGXFY0V88",
            "UGXHYR44Q",
            "UGY0UR1ND",
            "UGY5WMTHR",
            "UGY6B32E7",
            "UGY6K620K",
            "UGY6L067M",
            "UGY8856P6",
            "UGY886BT6",
            "UGY8C9DDZ",
            "UGY8GDX7W",
            "UGY8U3CSG",
            "UGY8YDQ2G",
            "UGY8Z1NR2",
            "UGY97R6NP",
            "UGY9BJ1NF",
            "UGYAR4QTE",
            "UGYBTNY58",
            "UGYBY2PK6",
            "UGYC5C4MQ",
            "UGYCLKP52",
            "UGYD5RXMJ",
            "UGYHBT55G",
            "UGYK9KX4M",
            "UGYKJTTQD",
            "UGYKRFWLD",
            "UGYQ72T0V",
            "UGYV6SG1Z",
            "UGZ2S5T5J",
            "UGZBSHP8F",
            "UGZBW92F9",
            "UGZCN013R",
            "UGZEH10LX",
            "UGZEKF45V",
            "UGZFN643Z",
            "UGZFRS015",
            "UGZGGSX3R",
            "UGZGU018X",
            "UGZHF5C9M",
            "UGZHL3G58",
            "UGZJ39LRZ",
            "UGZNBEY4E",
            "UGZNSJ3CN",
            "UGZPDFYFQ",
            "UGZPFT6SK",
            "UGZTB47PY",
            "UH02BA4MC",
            "UH06Y5F2S",
            "UH0JY61KR",
            "UH0L29KE1",
            "UH0MSCD7Z",
            "UH0PSGUJ3",
            "UH0R0GHL7",
            "UH0R5GV47",
            "UH15ZT1RV",
            "UH28P989K",
            "UH2LYREDD",
            "UH2PNBBJ7",
            "UH4RQAZ7Z",
            "UH609CXU0",
            "UHEC5ULR2",
            "UHECJRKU7",
            "UHJLRE6TU",
            "UHKCLDNAC",
            "UHPQ8MTFC",
            "UHQDKH59R",
            "UHQTMS7EY",
            "UHR7Y51QA",
            "UHS4SFFA7",
            "UHTHA38AK",
            "UHVFQ5UUC",
            "UHW2WJPJM",
            "UHWMHP8MU",
            "UHWNF64MC",
            "UJ03H37FG",
            "UJ0HPTBD2",
            "UJ138PGJ1",
            "UJ15SRE0M",
            "UJ167V97S",
            "UJ20V4ECC",
            "UJ3BLGMHV",
            "UJ410GNJ2",
            "UJ79LU3U3",
            "UJC42G5JL",
            "UJLC166NP",
            "UJNFY0BAP",
            "UJRB7EG1F",
            "UJW7ZR7PE",
            "UJZCUFM7D",
            "UJZFQ533L",
            "UK30T49RU",
            "UK384DUQH",
            "UKAHNSLEA"
        ],
        "topic": {
            "value": "メンバー向け周知等々。CM\/PR不可。",
            "creator": "UFU0BKD8F",
            "last_set": "1548848442"
        },
        "purpose": {
            "value": "このチャンネルはワークスペース全体のコミュニケーションと社内アナウンス用です。全メンバーがこのチャンネルに参加しています。",
            "creator": "UFU0BKD8F",
            "last_set": "1548834160"
        }
    },
    {
        "id": "CFSA6D2SD",
        "name": "v012",
        "created": "1548834160",
        "creator": "UFU0BKD8F",
        "is_archived": false,
        "is_general": false,
        "members": [
            "UFT60TQCQ",
            "UFT9ULVQR",
            "UFTDF1HHQ",
            "UFTKSQ25T",
            "UFU0BKD8F",
            "UFUP9BGES",
            "UG1QN22JZ",
            "UG46Z57TN",
            "UGFSM002K",
            "UGTNGDPUJ",
            "UGV9YDCVD",
            "UGVP0PXRA",
            "UGVSWU1CY",
            "UGVTSE7LG",
            "UGVTYQMSL",
            "UGW0ABZLG",
            "UGW0TPSQY",
            "UGW1DNGRW",
            "UGW264S4Q",
            "UGX7P1RME",
            "UGXFY0V88",
            "UGXHYR44Q",
            "UGY0UR1ND",
            "UGY5WMTHR",
            "UGY6B32E7",
            "UGY6K620K",
            "UGY6L067M",
            "UGY8856P6",
            "UGY886BT6",
            "UGY8C9DDZ",
            "UGY8GDX7W",
            "UGY8U3CSG",
            "UGY8YDQ2G",
            "UGY8Z1NR2",
            "UGY97R6NP",
            "UGY9BJ1NF",
            "UGYAR4QTE",
            "UGYBTNY58",
            "UGYBY2PK6",
            "UGYC5C4MQ",
            "UGYCLKP52",
            "UGYD5RXMJ",
            "UGYHBT55G",
            "UGYK9KX4M",
            "UGYKJTTQD",
            "UGYKRFWLD",
            "UGYQ72T0V",
            "UGYV6SG1Z",
            "UGZ2S5T5J",
            "UGZBSHP8F",
            "UGZBW92F9",
            "UGZCN013R",
            "UGZEH10LX",
            "UGZEKF45V",
            "UGZFN643Z",
            "UGZFRS015",
            "UGZGGSX3R",
            "UGZGU018X",
            "UGZHF5C9M",
            "UGZHL3G58",
            "UGZJ39LRZ",
            "UGZNBEY4E",
            "UGZNSJ3CN",
            "UGZPDFYFQ",
            "UGZPFT6SK",
            "UGZTB47PY",
            "UH02BA4MC",
            "UH06Y5F2S",
            "UH0JY61KR",
            "UH0L29KE1",
            "UH0MSCD7Z",
            "UH0PSGUJ3",
            "UH0R0GHL7",
            "UH0R5GV47",
            "UH15ZT1RV",
            "UH28P989K",
            "UH2LYREDD",
            "UH2PNBBJ7",
            "UH4RQAZ7Z",
            "UH609CXU0",
            "UHEC5ULR2",
            "UHECJRKU7",
            "UHJLRE6TU",
            "UHKCLDNAC",
            "UHPQ8MTFC",
            "UHQDKH59R",
            "UHQTMS7EY",
            "UHR7Y51QA",
            "UHS4SFFA7",
            "UHTHA38AK",
            "UHVFQ5UUC",
            "UHW2WJPJM",
            "UHWMHP8MU",
            "UHWNF64MC",
            "UJ03H37FG",
            "UJ0HPTBD2",
            "UJ138PGJ1",
            "UJ15SRE0M",
            "UJ167V97S",
            "UJ20V4ECC",
            "UJ3BLGMHV",
            "UJ410GNJ2",
            "UJ79LU3U3",
            "UJC42G5JL",
            "UJLC166NP",
            "UJNFY0BAP",
            "UJRB7EG1F",
            "UJW7ZR7PE",
            "UJZCUFM7D",
            "UJZFQ533L",
            "UK30T49RU",
            "UK384DUQH",
            "UKAHNSLEA"
        ],
        "topic": {
            "value": "version 0.12 について話しましょう",
            "creator": "UFU0BKD8F",
            "last_set": "1548848548"
        },
        "purpose": {
            "value": "",
            "creator": "",
            "last_set": "0"
        }
    },
    {
        "id": "CFT9WPH7X",
        "name": "イベント案内など",
        "created": "1548848495",
        "creator": "UFU0BKD8F",
        "is_archived": false,
        "is_general": false,
        "members": [
            "UFT60TQCQ",
            "UFTKSQ25T",
            "UFU0BKD8F",
            "UFUP9BGES",
            "UG46Z57TN",
            "UGTNGDPUJ",
            "UGVTSE7LG",
            "UGW0ABZLG",
            "UGY5WMTHR",
            "UGY8YDQ2G",
            "UGY9BJ1NF",
            "UGYKRFWLD",
            "UGZGU018X",
            "UGZJ39LRZ",
            "UH0PSGUJ3",
            "UH2LYREDD",
            "UH4RQAZ7Z",
            "UHS4SFFA7",
            "UJ03H37FG",
            "UJ3BLGMHV",
            "UJZCUFM7D",
            "UKAHNSLEA"
        ],
        "topic": {
            "value": "",
            "creator": "",
            "last_set": "0"
        },
        "purpose": {
            "value": "イベント周知等はこちら",
            "creator": "UFU0BKD8F",
            "last_set": "1548848496"
        }
    },
    {
        "id": "CFTAKMSRX",
        "name": "自己紹介",
        "created": "1548895581",
        "creator": "UFU0BKD8F",
        "is_archived": false,
        "is_general": false,
        "members": [
            "UFT60TQCQ",
            "UFT9ULVQR",
            "UFTKSQ25T",
            "UFU0BKD8F",
            "UFUP9BGES",
            "UG1QN22JZ",
            "UG46Z57TN",
            "UGFSM002K",
            "UGTNGDPUJ",
            "UGVSWU1CY",
            "UGVTSE7LG",
            "UGVTYQMSL",
            "UGW0ABZLG",
            "UGW0TPSQY",
            "UGW1DNGRW",
            "UGW264S4Q",
            "UGX7P1RME",
            "UGXFY0V88",
            "UGXHYR44Q",
            "UGY0UR1ND",
            "UGY5WMTHR",
            "UGY6B32E7",
            "UGY6K620K",
            "UGY6L067M",
            "UGY8C9DDZ",
            "UGY8GDX7W",
            "UGY8U3CSG",
            "UGY8YDQ2G",
            "UGY8Z1NR2",
            "UGY97R6NP",
            "UGY9BJ1NF",
            "UGYAR4QTE",
            "UGYBTNY58",
            "UGYBY2PK6",
            "UGYC5C4MQ",
            "UGYCLKP52",
            "UGYD5RXMJ",
            "UGYHBT55G",
            "UGYK9KX4M",
            "UGYKJTTQD",
            "UGYKRFWLD",
            "UGYQ72T0V",
            "UGYV6SG1Z",
            "UGZ2S5T5J",
            "UGZBSHP8F",
            "UGZBW92F9",
            "UGZCN013R",
            "UGZEH10LX",
            "UGZEKF45V",
            "UGZFN643Z",
            "UGZFRS015",
            "UGZGGSX3R",
            "UGZGU018X",
            "UGZHF5C9M",
            "UGZHL3G58",
            "UGZJ39LRZ",
            "UGZNBEY4E",
            "UGZNSJ3CN",
            "UGZPDFYFQ",
            "UGZPFT6SK",
            "UGZTB47PY",
            "UH02BA4MC",
            "UH06Y5F2S",
            "UH0JY61KR",
            "UH0L29KE1",
            "UH0MSCD7Z",
            "UH0PSGUJ3",
            "UH0R0GHL7",
            "UH0R5GV47",
            "UH15ZT1RV",
            "UH28P989K",
            "UH2LYREDD",
            "UH2PNBBJ7",
            "UH4RQAZ7Z",
            "UH609CXU0",
            "UHEC5ULR2",
            "UHECJRKU7",
            "UHJLRE6TU",
            "UHKCLDNAC",
            "UHPQ8MTFC",
            "UHQDKH59R",
            "UHQTMS7EY",
            "UHR7Y51QA",
            "UHS4SFFA7",
            "UHTHA38AK",
            "UHVFQ5UUC",
            "UHW2WJPJM",
            "UHWMHP8MU",
            "UHWNF64MC",
            "UJ03H37FG",
            "UJ0HPTBD2",
            "UJ138PGJ1",
            "UJ15SRE0M",
            "UJ167V97S",
            "UJ20V4ECC",
            "UJ3BLGMHV",
            "UJ410GNJ2",
            "UJ79LU3U3",
            "UJC42G5JL",
            "UJLC166NP",
            "UJNFY0BAP",
            "UJRB7EG1F",
            "UJW7ZR7PE",
            "UJZCUFM7D",
            "UJZFQ533L",
            "UK30T49RU",
            "UK384DUQH",
            "UKAHNSLEA"
        ],
        "topic": {
            "value": "",
            "creator": "",
            "last_set": "0"
        },
        "purpose": {
            "value": "自己紹介でもしましょう。返信はスレが望ましいと思いまふ",
            "creator": "UFU0BKD8F",
            "last_set": "1548895582"
        }
    },
    {
        "id": "CFTUV1SSW",
        "name": "質問",
        "created": "1548897454",
        "creator": "UFU0BKD8F",
        "is_archived": false,
        "is_general": false,
        "members": [
            "UFT60TQCQ",
            "UFT9ULVQR",
            "UFTKSQ25T",
            "UFU0BKD8F",
            "UFUP9BGES",
            "UG1QN22JZ",
            "UG46Z57TN",
            "UGFSM002K",
            "UGTNGDPUJ",
            "UGV9YDCVD",
            "UGVSWU1CY",
            "UGVTSE7LG",
            "UGVTYQMSL",
            "UGW0ABZLG",
            "UGW0TPSQY",
            "UGW1DNGRW",
            "UGW264S4Q",
            "UGX7P1RME",
            "UGXFY0V88",
            "UGXHYR44Q",
            "UGY0UR1ND",
            "UGY5WMTHR",
            "UGY6B32E7",
            "UGY6K620K",
            "UGY6L067M",
            "UGY8856P6",
            "UGY8C9DDZ",
            "UGY8GDX7W",
            "UGY8U3CSG",
            "UGY8YDQ2G",
            "UGY8Z1NR2",
            "UGY97R6NP",
            "UGY9BJ1NF",
            "UGYAR4QTE",
            "UGYBTNY58",
            "UGYBY2PK6",
            "UGYC5C4MQ",
            "UGYCLKP52",
            "UGYD5RXMJ",
            "UGYHBT55G",
            "UGYK9KX4M",
            "UGYKJTTQD",
            "UGYKRFWLD",
            "UGYQ72T0V",
            "UGYV6SG1Z",
            "UGZ2S5T5J",
            "UGZBSHP8F",
            "UGZBW92F9",
            "UGZCN013R",
            "UGZEH10LX",
            "UGZEKF45V",
            "UGZFN643Z",
            "UGZFRS015",
            "UGZGGSX3R",
            "UGZGU018X",
            "UGZHF5C9M",
            "UGZHL3G58",
            "UGZJ39LRZ",
            "UGZNBEY4E",
            "UGZNSJ3CN",
            "UGZPDFYFQ",
            "UGZPFT6SK",
            "UGZTB47PY",
            "UH02BA4MC",
            "UH06Y5F2S",
            "UH0JY61KR",
            "UH0L29KE1",
            "UH0MSCD7Z",
            "UH0PSGUJ3",
            "UH0R0GHL7",
            "UH0R5GV47",
            "UH15ZT1RV",
            "UH28P989K",
            "UH2LYREDD",
            "UH2PNBBJ7",
            "UH4RQAZ7Z",
            "UH609CXU0",
            "UHEC5ULR2",
            "UHECJRKU7",
            "UHJLRE6TU",
            "UHKCLDNAC",
            "UHPQ8MTFC",
            "UHQDKH59R",
            "UHQTMS7EY",
            "UHR7Y51QA",
            "UHS4SFFA7",
            "UHTHA38AK",
            "UHVFQ5UUC",
            "UHW2WJPJM",
            "UHWMHP8MU",
            "UHWNF64MC",
            "UJ03H37FG",
            "UJ0HPTBD2",
            "UJ138PGJ1",
            "UJ15SRE0M",
            "UJ167V97S",
            "UJ20V4ECC",
            "UJ3BLGMHV",
            "UJ410GNJ2",
            "UJ79LU3U3",
            "UJC42G5JL",
            "UJLC166NP",
            "UJNFY0BAP",
            "UJRB7EG1F",
            "UJW7ZR7PE",
            "UJZCUFM7D",
            "UJZFQ533L",
            "UK30T49RU",
            "UK384DUQH",
            "UKAHNSLEA"
        ],
        "pins": [
            {
                "id": "1548998490.001000",
                "type": "C",
                "created": 1551248364,
                "user": "UFU0BKD8F",
                "owner": "USLACKBOT"
            },
            {
                "id": "1549937786.000300",
                "type": "C",
                "created": 1551248373,
                "user": "UFU0BKD8F",
                "owner": "USLACKBOT"
            },
            {
                "id": "1551248537.032300",
                "type": "C",
                "created": 1551248581,
                "user": "UFU0BKD8F",
                "owner": "USLACKBOT"
            },
            {
                "id": "1552639311.116000",
                "type": "C",
                "created": 1554864193,
                "user": "UFU0BKD8F",
                "owner": "USLACKBOT"
            },
            {
                "id": "1554864134.028000",
                "type": "C",
                "created": 1554864208,
                "user": "UFU0BKD8F",
                "owner": "USLACKBOT"
            }
        ],
        "topic": {
            "value": "",
            "creator": "",
            "last_set": "0"
        },
        "purpose": {
            "value": "質問は具体的かつ本質的にしましょう。他人にエスパーを求めるの禁止。",
            "creator": "UFU0BKD8F",
            "last_set": "1548897455"
        }
    },
    {
        "id": "CFUAW9FQW",
        "name": "random",
        "created": "1548834160",
        "creator": "UFU0BKD8F",
        "is_archived": false,
        "is_general": false,
        "members": [
            "UFT60TQCQ",
            "UFT9ULVQR",
            "UFTDF1HHQ",
            "UFTKSQ25T",
            "UFU0BKD8F",
            "UFUP9BGES",
            "UG1QN22JZ",
            "UG46Z57TN",
            "UGFSM002K",
            "UGTNGDPUJ",
            "UGV9YDCVD",
            "UGVP0PXRA",
            "UGVSWU1CY",
            "UGVTSE7LG",
            "UGVTYQMSL",
            "UGW0ABZLG",
            "UGW0TPSQY",
            "UGW1DNGRW",
            "UGW264S4Q",
            "UGX7P1RME",
            "UGXFY0V88",
            "UGXHYR44Q",
            "UGY0UR1ND",
            "UGY5WMTHR",
            "UGY6B32E7",
            "UGY6K620K",
            "UGY6L067M",
            "UGY8856P6",
            "UGY886BT6",
            "UGY8C9DDZ",
            "UGY8GDX7W",
            "UGY8U3CSG",
            "UGY8YDQ2G",
            "UGY8Z1NR2",
            "UGY97R6NP",
            "UGY9BJ1NF",
            "UGYAR4QTE",
            "UGYBTNY58",
            "UGYBY2PK6",
            "UGYC5C4MQ",
            "UGYCLKP52",
            "UGYD5RXMJ",
            "UGYHBT55G",
            "UGYK9KX4M",
            "UGYKJTTQD",
            "UGYKRFWLD",
            "UGYQ72T0V",
            "UGYV6SG1Z",
            "UGZ2S5T5J",
            "UGZBSHP8F",
            "UGZBW92F9",
            "UGZCN013R",
            "UGZEH10LX",
            "UGZEKF45V",
            "UGZFN643Z",
            "UGZFRS015",
            "UGZGGSX3R",
            "UGZGU018X",
            "UGZHF5C9M",
            "UGZHL3G58",
            "UGZJ39LRZ",
            "UGZNBEY4E",
            "UGZNSJ3CN",
            "UGZPDFYFQ",
            "UGZPFT6SK",
            "UGZTB47PY",
            "UH02BA4MC",
            "UH06Y5F2S",
            "UH0JY61KR",
            "UH0L29KE1",
            "UH0MSCD7Z",
            "UH0PSGUJ3",
            "UH0R0GHL7",
            "UH0R5GV47",
            "UH15ZT1RV",
            "UH28P989K",
            "UH2LYREDD",
            "UH2PNBBJ7",
            "UH4RQAZ7Z",
            "UH609CXU0",
            "UHEC5ULR2",
            "UHECJRKU7",
            "UHJLRE6TU",
            "UHKCLDNAC",
            "UHPQ8MTFC",
            "UHQDKH59R",
            "UHQTMS7EY",
            "UHR7Y51QA",
            "UHS4SFFA7",
            "UHTHA38AK",
            "UHVFQ5UUC",
            "UHW2WJPJM",
            "UHWMHP8MU",
            "UHWNF64MC",
            "UJ03H37FG",
            "UJ0HPTBD2",
            "UJ138PGJ1",
            "UJ15SRE0M",
            "UJ167V97S",
            "UJ20V4ECC",
            "UJ3BLGMHV",
            "UJ410GNJ2",
            "UJ79LU3U3",
            "UJC42G5JL",
            "UJLC166NP",
            "UJNFY0BAP",
            "UJRB7EG1F",
            "UJW7ZR7PE",
            "UJZCUFM7D",
            "UJZFQ533L",
            "UK30T49RU",
            "UK384DUQH",
            "UKAHNSLEA"
        ],
        "pins": [
            {
                "id": "1548983861.011600",
                "type": "C",
                "created": 1548983919,
                "user": "UFTKSQ25T",
                "owner": "UFU0BKD8F"
            }
        ],
        "topic": {
            "value": "好きなこと書きましょう",
            "creator": "UFU0BKD8F",
            "last_set": "1548848469"
        },
        "purpose": {
            "value": "緩いコミュニケーション目的でなんでも雑談するところ。本日のおやつ投下推奨。",
            "creator": "UFU0BKD8F",
            "last_set": "1549952568"
        }
    },
    {
        "id": "CG1Q97RT7",
        "name": "tw-search-terraform",
        "created": "1549603048",
        "creator": "UFU0BKD8F",
        "is_archived": false,
        "is_general": false,
        "members": [
            "UFTKSQ25T",
            "UFU0BKD8F",
            "UFUP9BGES",
            "UG46Z57TN",
            "UGYKRFWLD",
            "UH0PSGUJ3",
            "UKAHNSLEA"
        ],
        "topic": {
            "value": "",
            "creator": "",
            "last_set": "0"
        },
        "purpose": {
            "value": "twitter で terraform を投稿したら投稿される。たぶん正直うるさくなるのでmute推奨",
            "creator": "UFU0BKD8F",
            "last_set": "1549603963"
        }
    },
    {
        "id": "CG2UA0AA2",
        "name": "release",
        "created": "1549591193",
        "creator": "UFU0BKD8F",
        "is_archived": false,
        "is_general": false,
        "members": [
            "UFT9ULVQR",
            "UFTKSQ25T",
            "UFU0BKD8F",
            "UFUP9BGES",
            "UG46Z57TN",
            "UGFSM002K",
            "UGTNGDPUJ",
            "UGW0TPSQY",
            "UGW264S4Q",
            "UGXFY0V88",
            "UGXHYR44Q",
            "UGY9BJ1NF",
            "UGZCN013R",
            "UGZNSJ3CN",
            "UH4RQAZ7Z",
            "UHWMHP8MU",
            "UJ03H37FG",
            "UJ0HPTBD2",
            "UJ3BLGMHV",
            "UJ79LU3U3",
            "UJRB7EG1F",
            "UJW7ZR7PE",
            "UJZCUFM7D",
            "UKAHNSLEA"
        ],
        "topic": {
            "value": "",
            "creator": "",
            "last_set": "0"
        },
        "purpose": {
            "value": "release bot にお知らせさせる",
            "creator": "UFU0BKD8F",
            "last_set": "1549591194"
        }
    },
    {
        "id": "CG45XC0SY",
        "name": "rss",
        "created": "1549942235",
        "creator": "UFU0BKD8F",
        "is_archived": false,
        "is_general": false,
        "members": [
            "UFTKSQ25T",
            "UFU0BKD8F",
            "UFUP9BGES",
            "UG46Z57TN",
            "UGTNGDPUJ",
            "UGW264S4Q",
            "UGXFY0V88",
            "UGZCN013R",
            "UGZTB47PY",
            "UH0PSGUJ3",
            "UJ03H37FG",
            "UJ167V97S",
            "UJW7ZR7PE",
            "UJZCUFM7D",
            "UKAHNSLEA"
        ],
        "topic": {
            "value": "",
            "creator": "",
            "last_set": "0"
        },
        "purpose": {
            "value": "terraform 関連のRSSを流すよ。リストが欲しい時は \/feed list ってすればいいよ。 追加したいときは \/feed rss-url ってすればいいと思うよ。",
            "creator": "UFU0BKD8F",
            "last_set": "1549943634"
        }
    },
    {
        "id": "CGEFZGMHP",
        "name": "ローディングメッセージ",
        "created": "1550951101",
        "creator": "UFU0BKD8F",
        "is_archived": false,
        "is_general": false,
        "members": [
            "UFU0BKD8F",
            "UGV9YDCVD",
            "UGVTSE7LG",
            "UGW0ABZLG",
            "UGW0TPSQY",
            "UGY9BJ1NF",
            "UGYKRFWLD",
            "UJ167V97S"
        ],
        "pins": [
            {
                "id": "1550951579.002200",
                "type": "C",
                "created": 1551232683,
                "user": "UFU0BKD8F",
                "owner": "UFU0BKD8F"
            }
        ],
        "topic": {
            "value": "",
            "creator": "",
            "last_set": "0"
        },
        "purpose": {
            "value": "terraform のちょっとしたtipsをローディングメッセージに積み上げてみる",
            "creator": "UFU0BKD8F",
            "last_set": "1550951553"
        }
    }
]