[
    {
        "client_msg_id": "2E580DFD-C114-4773-8FEE-E9A82F914CC8",
        "type": "message",
        "text": "meetup#2進めていきます\n今夜hashicorpさんに連絡する",
        "user": "UG46Z57TN",
        "ts": "1567431014.001700",
        "team": "TFU0BKCQP",
        "user_team": "TFU0BKCQP",
        "source_team": "TFU0BKCQP",
        "user_profile": {
            "avatar_hash": "c6bdd4cb17db",
            "image_72": "https:\/\/avatars.slack-edge.com\/2019-07-05\/685991185957_c6bdd4cb17db956661a1_72.jpg",
            "first_name": "Takeshi",
            "real_name": "Takeshi Kondo",
            "display_name": "chaspy",
            "team": "TFU0BKCQP",
            "name": "take.she12",
            "is_restricted": false,
            "is_ultra_restricted": false
        },
        "thread_ts": "1567431014.001700",
        "reply_count": 9,
        "reply_users_count": 3,
        "latest_reply": "1567678258.016100",
        "reply_users": [
            "UG46Z57TN",
            "UFU0BKD8F",
            "UKAKENQAF"
        ],
        "replies": [
            {
                "user": "UG46Z57TN",
                "ts": "1567450579.001900"
            },
            {
                "user": "UFU0BKD8F",
                "ts": "1567644138.002500"
            },
            {
                "user": "UG46Z57TN",
                "ts": "1567673496.005600"
            },
            {
                "user": "UFU0BKD8F",
                "ts": "1567673548.005800"
            },
            {
                "user": "UFU0BKD8F",
                "ts": "1567673563.006000"
            },
            {
                "user": "UG46Z57TN",
                "ts": "1567673565.006200"
            },
            {
                "user": "UG46Z57TN",
                "ts": "1567673590.006600"
            },
            {
                "user": "UKAKENQAF",
                "ts": "1567676653.015800"
            },
            {
                "user": "UG46Z57TN",
                "ts": "1567678258.016100"
            }
        ],
        "subscribed": true,
        "last_read": "1567685762.086051",
        "reactions": [
            {
                "name": "よろしく",
                "users": [
                    "UFU0BKD8F"
                ],
                "count": 1
            },
            {
                "name": "kansha",
                "users": [
                    "UJZCUFM7D",
                    "UJ0HPTBD2"
                ],
                "count": 2
            }
        ]
    },
    {
        "client_msg_id": "a028c9f1-429e-4932-998e-983d60779cba",
        "type": "message",
        "text": "打診ed\n\n```\nHashicorp 奥さん\n\nご無沙汰しています。\n先日のmeetupではスポンサーありがとうございました。\n\n好評だったこともあり、次回、10\/2(水)に、\n前回同様オイシックスさんの会場で実施予定です。\n\nHashcorpさんにはぜひ前回同様フードスポンサーをお願いしたいと思い、以下のような感じでどうでしょうか。\n- HashiCorp 最新情報などの情報公開LT（毎回10から15分）\n- ノベルティの抽選提供（毎回5個程度）&lt;--これは前回のハシがまだ余ってます！\n- フードスポンサー（ドリンク&amp;フード）\n今回もWorldcafe形式で参加者同士が会話するイベントがあります。また、Lightning Talkも公募予定です。\nご検討よろしくおねがいします。\n```",
        "user": "UG46Z57TN",
        "ts": "1567450579.001900",
        "team": "TFU0BKCQP",
        "user_team": "TFU0BKCQP",
        "source_team": "TFU0BKCQP",
        "user_profile": {
            "avatar_hash": "c6bdd4cb17db",
            "image_72": "https:\/\/avatars.slack-edge.com\/2019-07-05\/685991185957_c6bdd4cb17db956661a1_72.jpg",
            "first_name": "Takeshi",
            "real_name": "Takeshi Kondo",
            "display_name": "chaspy",
            "team": "TFU0BKCQP",
            "name": "take.she12",
            "is_restricted": false,
            "is_ultra_restricted": false
        },
        "thread_ts": "1567431014.001700",
        "parent_user_id": "UG46Z57TN"
    }
]