[
    {
        "client_msg_id": "efb42dab-db13-4133-a13c-be613b66b7eb",
        "type": "message",
        "text": "なるほど。招待リンクの有効期間は最大一か月。。。\n<https:\/\/app.gather.town\/invite?token=heTOYqR1HtmeQ9tAXHz67fwSuWlcCIZA>",
        "user": "UFU0BKD8F",
        "ts": "1656598034.048769",
        "blocks": [
            {
                "type": "rich_text",
                "block_id": "xiOCO",
                "elements": [
                    {
                        "type": "rich_text_section",
                        "elements": [
                            {
                                "type": "text",
                                "text": "なるほど。招待リンクの有効期間は最大一か月。。。\n"
                            },
                            {
                                "type": "link",
                                "url": "https:\/\/app.gather.town\/invite?token=heTOYqR1HtmeQ9tAXHz67fwSuWlcCIZA"
                            }
                        ]
                    }
                ]
            }
        ],
        "team": "TFU0BKCQP",
        "user_team": "TFU0BKCQP",
        "source_team": "TFU0BKCQP",
        "user_profile": {
            "avatar_hash": "92c41c62c7b0",
            "image_72": "https:\/\/avatars.slack-edge.com\/2019-01-30\/537137791812_92c41c62c7b0f054d3dd_72.jpg",
            "first_name": "らき",
            "real_name": "らき",
            "display_name": "raki",
            "team": "TFU0BKCQP",
            "name": "nishimuray",
            "is_restricted": false,
            "is_ultra_restricted": false
        },
        "attachments": [
            {
                "from_url": "https:\/\/app.gather.town\/invite?token=heTOYqR1HtmeQ9tAXHz67fwSuWlcCIZA",
                "image_url": "https:\/\/gather.town\/images\/site\/site_preview.png",
                "image_width": 418,
                "image_height": 250,
                "image_bytes": 168628,
                "service_icon": "https:\/\/app.gather.town\/favicon.ico",
                "id": 1,
                "original_url": "https:\/\/app.gather.town\/invite?token=heTOYqR1HtmeQ9tAXHz67fwSuWlcCIZA",
                "fallback": "Gather",
                "text": "Gather is a video-calling space that lets multiple people hold separate conversations in parallel, walking in and out of those conversations just as easily as they would in real life.",
                "title": "Gather",
                "title_link": "https:\/\/app.gather.town\/invite?token=heTOYqR1HtmeQ9tAXHz67fwSuWlcCIZA",
                "service_name": "app.gather.town"
            }
        ]
    }
]