[
    {
        "client_msg_id": "a7624917-20b4-4758-ac14-a0cf96de60d4",
        "type": "message",
        "text": "<https:\/\/registry.terraform.io\/providers\/hashicorp\/aws\/latest\/docs\/resources\/acm_certificate_validation>\n上記ACMの「Resource」より、下記文言について、\n&gt; This resource represents a successful validation of an ACM certificate in concert with other resources.\nこちらはterraform apply実行後に、正常に証明書が発行されたかどうかが出力されるための、設定項目であり、あってもなくても、証明書は「aws_acm_certificate」のみで作成される認識でよろしいでしょうか？",
        "user": "U01G7AFMH9T",
        "ts": "1616296116.001900",
        "team": "TFU0BKCQP",
        "user_team": "TFU0BKCQP",
        "source_team": "TFU0BKCQP",
        "user_profile": {
            "avatar_hash": "e862bb032a41",
            "image_72": "https:\/\/avatars.slack-edge.com\/2020-12-07\/1547712675958_e862bb032a41add9f004_72.png",
            "first_name": "",
            "real_name": "S S",
            "display_name": "S S",
            "team": "TFU0BKCQP",
            "name": "wvp360gqanukcqhg",
            "is_restricted": false,
            "is_ultra_restricted": false
        },
        "blocks": [
            {
                "type": "rich_text",
                "block_id": "muOg",
                "elements": [
                    {
                        "type": "rich_text_section",
                        "elements": [
                            {
                                "type": "link",
                                "url": "https:\/\/registry.terraform.io\/providers\/hashicorp\/aws\/latest\/docs\/resources\/acm_certificate_validation"
                            },
                            {
                                "type": "text",
                                "text": "\n上記ACMの「Resource」より、下記文言について、\n"
                            }
                        ]
                    },
                    {
                        "type": "rich_text_quote",
                        "elements": [
                            {
                                "type": "text",
                                "text": "This resource represents a successful validation of an ACM certificate in concert with other resources."
                            }
                        ]
                    },
                    {
                        "type": "rich_text_section",
                        "elements": [
                            {
                                "type": "text",
                                "text": "こちらはterraform apply実行後に、正常に証明書が発行されたかどうかが出力されるための、設定項目であり、あってもなくても、証明書は「aws_acm_certificate」のみで作成される認識でよろしいでしょうか？"
                            }
                        ]
                    }
                ]
            }
        ],
        "thread_ts": "1616296116.001900",
        "reply_count": 2,
        "reply_users_count": 2,
        "latest_reply": "1616586102.002300",
        "reply_users": [
            "UFU0BKD8F",
            "U01G7AFMH9T"
        ],
        "replies": [
            {
                "user": "UFU0BKD8F",
                "ts": "1616335428.002100"
            },
            {
                "user": "U01G7AFMH9T",
                "ts": "1616586102.002300"
            }
        ],
        "is_locked": false,
        "subscribed": true,
        "last_read": "1616586102.002300"
    }
]