[
    {
        "client_msg_id": "c046b7c4-7976-4fdc-8f91-74e54435b333",
        "type": "message",
        "text": "issue上げてみる気になりました。ありがとうございます。",
        "user": "UFT60TQCQ",
        "ts": "1586676032.009000",
        "team": "TFU0BKCQP",
        "user_team": "TFU0BKCQP",
        "source_team": "TFU0BKCQP",
        "user_profile": {
            "avatar_hash": "f10ceef4e6f6",
            "image_72": "https:\/\/avatars.slack-edge.com\/2019-01-31\/539093872183_f10ceef4e6f603f1f094_72.jpg",
            "first_name": "sogaoh",
            "real_name": "sogaoh",
            "display_name": "",
            "team": "TFU0BKCQP",
            "name": "sogaoh",
            "is_restricted": false,
            "is_ultra_restricted": false
        },
        "blocks": [
            {
                "type": "rich_text",
                "block_id": "a2C",
                "elements": [
                    {
                        "type": "rich_text_section",
                        "elements": [
                            {
                                "type": "text",
                                "text": "issue上げてみる気になりました。ありがとうございます。"
                            }
                        ]
                    }
                ]
            }
        ],
        "thread_ts": "1586674288.008700",
        "parent_user_id": "UFT60TQCQ",
        "reactions": [
            {
                "name": "+1",
                "users": [
                    "UKAKENQAF"
                ],
                "count": 1
            }
        ]
    },
    {
        "client_msg_id": "5346f7cd-3cca-4225-b770-5acd026570bb",
        "type": "message",
        "text": "ある程度 ~パクれ~ 参考にできそうなissueを発見\n<https:\/\/github.com\/terraform-providers\/terraform-provider-aws\/issues\/12539>",
        "user": "UFT60TQCQ",
        "ts": "1586676084.009200",
        "team": "TFU0BKCQP",
        "user_team": "TFU0BKCQP",
        "source_team": "TFU0BKCQP",
        "user_profile": {
            "avatar_hash": "f10ceef4e6f6",
            "image_72": "https:\/\/avatars.slack-edge.com\/2019-01-31\/539093872183_f10ceef4e6f603f1f094_72.jpg",
            "first_name": "sogaoh",
            "real_name": "sogaoh",
            "display_name": "",
            "team": "TFU0BKCQP",
            "name": "sogaoh",
            "is_restricted": false,
            "is_ultra_restricted": false
        },
        "attachments": [
            {
                "author_name": "ecbrodie",
                "fallback": "[terraform-providers\/terraform-provider-aws] #12539 Requesting Elasticsearch Service Software Upgrade Support",
                "text": "*Community Note*\n\n• Please vote on this issue by adding a :+1: <https:\/\/blog.github.com\/2016-03-10-add-reactions-to-pull-requests-issues-and-comments\/|reaction> to the original issue to help the community and maintainers prioritize this request\n• Please do not leave \"+1\" or other comments that do not add relevant new information or questions, they generate extra noise for issue followers and do not help prioritize the request\n• If you are interested in working on this issue or have submitted a pull request, please leave a comment\n\n*Description*\n\nI would like to request support for <https:\/\/docs.aws.amazon.com\/elasticsearch-service\/latest\/developerguide\/es-managedomains.html#es-service-software|Elasticsearch Service Software Update>.\n\n*New or Affected Resource(s)*\n\n• I believe this only affects the <https:\/\/www.terraform.io\/docs\/providers\/aws\/r\/elasticsearch_domain.html|aws_elasticsearch_domain resource>\n\n*Potential Terraform Configuration*\n\n_I'm going to take a very wild stab here. There be dragons. I won't be offended if someone wants to use something completely different._\n\n```\nresource \"aws_elasticsearch_domain\" \"my_domain\" {\n  ...\n  enable_service_software_upgrade = true\/false # Default: false\n}\n```\n\n*References*\n\nSee above links",
                "title": "#12539 Requesting Elasticsearch Service Software Upgrade Support",
                "footer": "<https:\/\/github.com\/terraform-providers\/terraform-provider-aws|terraform-providers\/terraform-provider-aws>",
                "id": 1,
                "title_link": "https:\/\/github.com\/terraform-providers\/terraform-provider-aws\/issues\/12539",
                "author_link": "https:\/\/github.com\/ecbrodie",
                "author_icon": "https:\/\/avatars2.githubusercontent.com\/u\/1844664?v=4",
                "footer_icon": "https:\/\/github.githubassets.com\/favicon.ico",
                "ts": 1585233719,
                "color": "36a64f",
                "fields": [
                    {
                        "title": "Labels",
                        "value": "enhancement, needs-triage, service\/elasticsearch",
                        "short": true
                    }
                ],
                "mrkdwn_in": [
                    "text"
                ],
                "bot_id": "BH12QQBB4",
                "app_unfurl_url": "https:\/\/github.com\/terraform-providers\/terraform-provider-aws\/issues\/12539",
                "is_app_unfurl": true
            }
        ],
        "blocks": [
            {
                "type": "rich_text",
                "block_id": "wlpe",
                "elements": [
                    {
                        "type": "rich_text_section",
                        "elements": [
                            {
                                "type": "text",
                                "text": "ある程度 "
                            },
                            {
                                "type": "text",
                                "text": "パクれ",
                                "style": {
                                    "strike": true
                                }
                            },
                            {
                                "type": "text",
                                "text": " 参考にできそうなissueを発見\n"
                            },
                            {
                                "type": "link",
                                "url": "https:\/\/github.com\/terraform-providers\/terraform-provider-aws\/issues\/12539"
                            }
                        ]
                    }
                ]
            }
        ],
        "thread_ts": "1586674288.008700",
        "parent_user_id": "UFT60TQCQ"
    },
    {
        "type": "message",
        "subtype": "thread_broadcast",
        "text": "issue あげてみた\n<https:\/\/github.com\/terraform-providers\/terraform-provider-aws\/issues\/12783>",
        "user": "UFT60TQCQ",
        "ts": "1586678071.009600",
        "thread_ts": "1586674288.008700",
        "root": {
            "client_msg_id": "4d613540-a4eb-4ca6-8b69-4149c7d9d43f",
            "type": "message",
            "text": "AWS Elastichsearch を 7.1 -&gt; 7.4 にバージョンアップできたけど、\n29m かかって `Error: unexpected state SUCCEEDED_WITH_ISSUES, wanted target SUCCEEDED. last error: %!s(&lt;nil&gt;)` で終わった・・・\nその直後に terraform plan したら No changes. Infrastructure is up-to-date. ってなったから気にしなくていいのかな・・・",
            "user": "UFT60TQCQ",
            "ts": "1586674288.008700",
            "team": "TFU0BKCQP",
            "blocks": [
                {
                    "type": "rich_text",
                    "block_id": "GIz",
                    "elements": [
                        {
                            "type": "rich_text_section",
                            "elements": [
                                {
                                    "type": "text",
                                    "text": "AWS Elastichsearch を 7.1 -> 7.4 にバージョンアップできたけど、\n29m かかって "
                                },
                                {
                                    "type": "text",
                                    "text": "Error: unexpected state SUCCEEDED_WITH_ISSUES, wanted target SUCCEEDED. last error: %!s(<nil>)",
                                    "style": {
                                        "code": true
                                    }
                                },
                                {
                                    "type": "text",
                                    "text": " で終わった・・・\nその直後に terraform plan したら No changes. Infrastructure is up-to-date. ってなったから気にしなくていいのかな・・・"
                                }
                            ]
                        }
                    ]
                }
            ],
            "thread_ts": "1586674288.008700",
            "reply_count": 4,
            "reply_users_count": 2,
            "latest_reply": "1586678071.009600",
            "reply_users": [
                "UKAKENQAF",
                "UFT60TQCQ"
            ],
            "subscribed": false
        },
        "attachments": [
            {
                "author_name": "sogaoh",
                "fallback": "[terraform-providers\/terraform-provider-aws] #12783 aws_elasticsearch_domain - please consider SUCCEEDED_WITH_ISSUES(UpgradeStatus) as a `terraform apply` succeeed",
                "text": "*Community Note*\n\n• Please vote on this issue by adding a :+1: <https:\/\/blog.github.com\/2016-03-10-add-reactions-to-pull-requests-issues-and-comments\/|reaction> to the original issue to help the community and maintainers prioritize this request\n• Please do not leave \"+1\" or other comments that do not add relevant new information or questions, they generate extra noise for issue followers and do not help prioritize the request\n• If you are interested in working on this issue or have submitted a pull request, please leave a comment\n\n*Description*\n\nPlease modify to give a success  \nif result of `terraform apply` is `SUCCEEDED_WITH_ISSUES`.  \n(if possible, with a warning.)\n\n• because I got below after `29 minutes` apply:\n    \n    ```\n    Error: unexpected state 'SUCCEEDED_WITH_ISSUES', wanted target 'SUCCEEDED'. last error: %!s(&lt;nil&gt;)\n    \n    ```\n\n*New or Affected Resource(s)*\n\n• I think this affects the <https:\/\/www.terraform.io\/docs\/providers\/aws\/r\/elasticsearch_domain.html|aws_elasticsearch_domain resource>\n\n*Potential Terraform Configuration*\n\n```\nresource \"aws_elasticsearch_domain\" \"upgrade-domain\" {\n  #・・・\n  elasticsearch_version = \"7.4\"   # &lt;- 7.1\n  #・・・\n}\n```\n\n*References*\n\n• <https:\/\/docs.aws.amazon.com\/AWSJavaSDK\/latest\/javadoc\/com\/amazonaws\/services\/elasticsearch\/model\/UpgradeStatus.html|https:\/\/docs.aws.amazon.com\/AWSJavaSDK\/latest\/javadoc\/com\/amazonaws\/services\/elasticsearch\/model\/UpgradeStatus.html>",
                "title": "#12783 aws_elasticsearch_domain - please consider SUCCEEDED_WITH_ISSUES(UpgradeStatus) as a `terraform apply` succeeed",
                "footer": "<https:\/\/github.com\/terraform-providers\/terraform-provider-aws|terraform-providers\/terraform-provider-aws>",
                "id": 1,
                "title_link": "https:\/\/github.com\/terraform-providers\/terraform-provider-aws\/issues\/12783",
                "author_link": "https:\/\/github.com\/sogaoh",
                "author_icon": "https:\/\/avatars3.githubusercontent.com\/u\/2090887?v=4",
                "footer_icon": "https:\/\/github.githubassets.com\/favicon.ico",
                "ts": 1586678031,
                "color": "36a64f",
                "fields": [
                    {
                        "title": "Labels",
                        "value": "enhancement, service\/elasticsearch",
                        "short": true
                    }
                ],
                "mrkdwn_in": [
                    "text"
                ],
                "bot_id": "BH12QQBB4",
                "app_unfurl_url": "https:\/\/github.com\/terraform-providers\/terraform-provider-aws\/issues\/12783",
                "is_app_unfurl": true
            }
        ],
        "blocks": [
            {
                "type": "rich_text",
                "block_id": "VfyIS",
                "elements": [
                    {
                        "type": "rich_text_section",
                        "elements": [
                            {
                                "type": "text",
                                "text": "issue あげてみた\n"
                            },
                            {
                                "type": "link",
                                "url": "https:\/\/github.com\/terraform-providers\/terraform-provider-aws\/issues\/12783"
                            }
                        ]
                    }
                ]
            }
        ],
        "client_msg_id": "13c98a91-40e9-43dc-9e5d-5f63ca94b61d",
        "reactions": [
            {
                "name": "clap",
                "users": [
                    "UKAKENQAF",
                    "UFTKSQ25T",
                    "UGY9BJ1NF"
                ],
                "count": 3
            }
        ]
    }
]