[
    {
        "type": "message",
        "subtype": "bot_message",
        "text": "",
        "ts": "1621506488.000300",
        "bot_id": "BG2UDF0NA",
        "attachments": [
            {
                "fallback": "cloudposse\/terraform-aws-dynamodb on GitHub\nv0.26.20.26.2 \nrelease note: <https:\/\/newreleases.io\/github\/cloudposse\/terraform-aws-dynamodb?version=0.26.2>",
                "text": "*v0.26.2* `0.26.2` \n```\n-------------------\n🤖 Automatic Updates\n-------------------\n\nUpdate Terraform cloudposse\/dynamodb-autoscaler\/aws to v0.12.0 @renovate (#86)\n\nThis PR contains the following updates:\n\n+--------------------------------------------------------------------------+--------+--------+--------+\n|                                 PACKAGE                                  |  TYPE  | UPDATE | CHANGE |\n+--------------------------------------------------------------------------+--------+--------+--------+\n| cloudposse\/dynamodb-autoscaler\/aws (                                     | module | minor  | 0.11.0 |\n| <https:\/\/registry.terraform.io\/modules\/cloudposse\/dynamodb-autoscaler\/aws> |        |        | -&gt;     |\n| ) ( source (                                                             |        |        | 0.12.0 |\n| <https:\/\/togithub.com\/cloudposse\/terraform-aws-dynamodb-autoscaler> ) )    |        |        |        |\n+--------------------------------------------------------------------------+--------+--------+--------+\n\nRelease Notes\n-------------\n\ncloudposse\/terraform-aws-dynamodb-autoscaler\n\nv0.12.0 ( <https:\/\/togithub.com\/cloudposse\/terraform-aws-dynamodb-autoscaler\/releases\/0.12.0> )\n---------------------------------------------------------------------------------------------\n\nCompare Source ( <https:\/\/togithub.com\/cloudposse\/terraform-aws-dynamodb-autoscaler\/compare\/0.11.0...0.12.0> )\n\ncount replaced with foreach @​maximmi (#​37)\n\nwhat\n\n* count replaced with foreach\n\nwhy\n* requires to fix invalid count argument on read\/write_target_index with multiple dynamodb tables issue\n\nrefs\n* <https:\/\/github.com\/cloudposse\/terraform-aws-dynamodb\/issues\/70>\n\nConfiguration\n-------------\n\n📅 *Schedule* : At any time (no schedule defined).\n\n🚦 *Automerge* : Disabled by config. Please merge this manually once you are satisfied.\n\n♻️ *Rebasing* : Renovate will not automatically rebase this PR, because other commits have been found.\n\n🔕 *Ignore* : Close this PR and you won't be reminded about this update again.\n\n* [ ] If you want to rebase\/retry this PR, check this box.\n\nThis PR has been generated by WhiteSource Renovate ( <https:\/\/renovate.whitesourcesoftware.com> ). View repository job log here ( <https:\/\/app.renovatebot.com\/dashboard#github\/cloudposse\/terraform-aws-dynamodb> ).\n```\n<https:\/\/newreleases.io\/github\/cloudposse\/terraform-aws-dynamodb?version=0.26.2|release note...>",
                "title": "cloudposse\/terraform-aws-dynamodb on GitHub",
                "id": 1,
                "title_link": "https:\/\/newreleases.io\/github\/cloudposse\/terraform-aws-dynamodb",
                "mrkdwn_in": [
                    "text"
                ]
            }
        ]
    },
    {
        "type": "message",
        "subtype": "bot_message",
        "text": "",
        "ts": "1621507993.000400",
        "bot_id": "BG2UDF0NA",
        "attachments": [
            {
                "fallback": "cloudposse\/terraform-aws-dynamodb on GitHub\nv0.27.00.27.0 \nrelease note: <https:\/\/newreleases.io\/github\/cloudposse\/terraform-aws-dynamodb?version=0.27.0>",
                "text": "*v0.27.0* `0.27.0` \n```\nupdate autoscaler version @maximmi (#87)\n\n## what\n\n* update autoscaler version\n\n* tests improved\n\n---\nwhy\n---\n\n* fixes #70\n```\n<https:\/\/newreleases.io\/github\/cloudposse\/terraform-aws-dynamodb?version=0.27.0|release note...>",
                "title": "cloudposse\/terraform-aws-dynamodb on GitHub",
                "id": 1,
                "title_link": "https:\/\/newreleases.io\/github\/cloudposse\/terraform-aws-dynamodb",
                "mrkdwn_in": [
                    "text"
                ]
            }
        ]
    },
    {
        "type": "message",
        "subtype": "bot_message",
        "text": "",
        "ts": "1621524514.000500",
        "bot_id": "BG2UDF0NA",
        "attachments": [
            {
                "fallback": "cloudposse\/terraform-aws-dynamodb on GitHub\nv0.27.10.27.1 \nrelease note: <https:\/\/newreleases.io\/github\/cloudposse\/terraform-aws-dynamodb?version=0.27.1>",
                "text": "*v0.27.1* `0.27.1` \n```\n-------------------\n🤖 Automatic Updates\n-------------------\n\nUpdate Terraform cloudposse\/dynamodb-autoscaler\/aws to v0.13.0 @renovate (#89)\n\nThis PR contains the following updates:\n\n+--------------------------------------------------------------------------+--------+--------+--------+\n|                                 PACKAGE                                  |  TYPE  | UPDATE | CHANGE |\n+--------------------------------------------------------------------------+--------+--------+--------+\n| cloudposse\/dynamodb-autoscaler\/aws (                                     | module | minor  | 0.12.0 |\n| <https:\/\/registry.terraform.io\/modules\/cloudposse\/dynamodb-autoscaler\/aws> |        |        | -&gt;     |\n| ) ( source (                                                             |        |        | 0.13.0 |\n| <https:\/\/togithub.com\/cloudposse\/terraform-aws-dynamodb-autoscaler> ) )    |        |        |        |\n+--------------------------------------------------------------------------+--------+--------+--------+\n\nRelease Notes\n-------------\n\ncloudposse\/terraform-aws-dynamodb-autoscaler\n\nv0.13.0 ( <https:\/\/togithub.com\/cloudposse\/terraform-aws-dynamodb-autoscaler\/releases\/0.13.0> )\n---------------------------------------------------------------------------------------------\n\nCompare Source ( <https:\/\/togithub.com\/cloudposse\/terraform-aws-dynamodb-autoscaler\/compare\/0.12.0...0.13.0> )\n\nsome resources names build logic fix @​maximmi (#​38)\n\nwhat\n\n* some resources names build logic fix\n\nwhy\n* broken logic\n\nConfiguration\n-------------\n\n📅 *Schedule* : At any time (no schedule defined).\n\n🚦 *Automerge* : Disabled by config. Please merge this manually once you are satisfied.\n\n♻️ *Rebasing* : Renovate will not automatically rebase this PR, because other commits have been found.\n\n🔕 *Ignore* : Close this PR and you won't be reminded about this update again.\n\n* [ ] If you want to rebase\/retry this PR, check this box.\n\nThis PR has been generated by WhiteSource Renovate ( <https:\/\/renovate.whitesourcesoftware.com> ). View repository job log here ( <https:\/\/app.renovatebot.com\/dashboard#github\/cloudposse\/terraform-aws-dynamodb> ).\n```\n<https:\/\/newreleases.io\/github\/cloudposse\/terraform-aws-dynamodb?version=0.27.1|release note...>",
                "title": "cloudposse\/terraform-aws-dynamodb on GitHub",
                "id": 1,
                "title_link": "https:\/\/newreleases.io\/github\/cloudposse\/terraform-aws-dynamodb",
                "mrkdwn_in": [
                    "text"
                ]
            }
        ]
    },
    {
        "type": "message",
        "subtype": "bot_message",
        "text": "",
        "ts": "1621526993.000600",
        "bot_id": "BG2UDF0NA",
        "attachments": [
            {
                "fallback": "cloudposse\/terraform-aws-dynamodb on GitHub\nv0.28.00.28.0 \nrelease note: <https:\/\/newreleases.io\/github\/cloudposse\/terraform-aws-dynamodb?version=0.28.0>",
                "text": "*v0.28.0* `0.28.0` \n```\nautoscaler version update @maximmi (#88)\n\n## what\n\n* autoscaler version update\n\n---\nwhy\n---\n\n* use fixed version\n```\n<https:\/\/newreleases.io\/github\/cloudposse\/terraform-aws-dynamodb?version=0.28.0|release note...>",
                "title": "cloudposse\/terraform-aws-dynamodb on GitHub",
                "id": 1,
                "title_link": "https:\/\/newreleases.io\/github\/cloudposse\/terraform-aws-dynamodb",
                "mrkdwn_in": [
                    "text"
                ]
            }
        ]
    },
    {
        "type": "message",
        "subtype": "bot_message",
        "text": "",
        "ts": "1621555529.000700",
        "bot_id": "BG2UDF0NA",
        "attachments": [
            {
                "fallback": "terraform-providers\/terraform-provider-azurerm on GitHub\nv2.60.0",
                "text": "`v2.60.0`",
                "title": "terraform-providers\/terraform-provider-azurerm on GitHub",
                "id": 1,
                "title_link": "https:\/\/newreleases.io\/github\/terraform-providers\/terraform-provider-azurerm",
                "mrkdwn_in": [
                    "text"
                ]
            }
        ]
    },
    {
        "type": "message",
        "subtype": "bot_message",
        "text": "",
        "ts": "1621559428.000800",
        "bot_id": "BG2UDF0NA",
        "attachments": [
            {
                "fallback": "terraform-providers\/terraform-provider-azurerm on GitHub\nv2.60.0v2.60.0 updated\nrelease note: <https:\/\/newreleases.io\/github\/terraform-providers\/terraform-provider-azurerm?version=v2.60.0>",
                "text": "*v2.60.0* `v2.60.0` _updated_\n```\n---------------------\n2.60.0 (May 20, 2021)\n---------------------\n\nFEATURES:\n\n* *New Data Source:* azurerm_eventhub_cluster ( #11763 ( <https:\/\/github.com\/terraform-providers\/terraform-provider-azurerm\/issues\/11763> ) )\n\n* *New Data Source:* azurerm_redis_enterprise_database ( #11734 ( <https:\/\/github.com\/terraform-providers\/terraform-provider-azurerm\/issues\/11734> ) )\n\n* *New Resource:* azurerm_static_site ( #7150 ( <https:\/\/github.com\/terraform-providers\/terraform-provider-azurerm\/issues\/7150> ) )\n\n* *New Resource:* azurerm_machine_learning_inference_cluster ( #11550 ( <https:\/\/github.com\/terraform-providers\/terraform-provider-azurerm\/issues\/11550> ) )\n\nENHANCEMENTS:\n\n* dependencies: updating aks to use API Version 2021-03-01 ( #11708 ( <https:\/\/github.com\/terraform-providers\/terraform-provider-azurerm\/issues\/11708> ) )\n\n* dependencies: updating eventgrid to use API Version 2020-10-15-preview ( #11746 ( <https:\/\/github.com\/terraform-providers\/terraform-provider-azurerm\/issues\/11746> ) )\n\n* azurerm_cosmosdb_mongo_collection - support for the analytical_storage_ttl property ( #11735 ( <https:\/\/github.com\/terraform-providers\/terraform-provider-azurerm\/issues\/11735> ) )\n\n* azurerm_cosmosdb_cassandra_table - support for the analytical_storage_ttl property ( #11755 ( <https:\/\/github.com\/terraform-providers\/terraform-provider-azurerm\/issues\/11755> ) )\n\n* azurerm_healthcare_service - support for the public_network_access_enabled property ( #11736 ( <https:\/\/github.com\/terraform-providers\/terraform-provider-azurerm\/issues\/11736> ) )\n\n* azurerm_hdinsight_kafka_cluster - support for the encryption_in_transit_enabled property ( #11737 ( <https:\/\/github.com\/terraform-providers\/terraform-provider-azurerm\/issues\/11737> ) )\n\n* azurerm_media_services_account - support for the key_delivery_access_control block ( #11726 ( <https:\/\/github.com\/terraform-providers\/terraform-provider-azurerm\/issues\/11726> ) )\n\n* azurerm_monitor_activity_log_alert - support for Security event type for Azure Service Health alerts ( #11802 ( <https:\/\/github.com\/terraform-providers\/terraform-provider-azurerm\/issues\/11802> ) )\n\n* azurerm_netapp_volume - support for the security_style property - ( #11684 ( <https:\/\/github.com\/terraform-providers\/terraform-provider-azurerm\/issues\/11684> ) )\n\n* azurerm_redis_cache - suppot for the replicas_per_master peoperty ( #11714 ( <https:\/\/github.com\/terraform-providers\/terraform-provider-azurerm\/issues\/11714> ) )\n\n* azurerm_spring_cloud_service - support for the required_network_traffic_rules block ( #11633 ( <https:\/\/github.com\/terraform-providers\/terraform-provider-azurerm\/issues\/11633> ) )\n\n* azurerm_storage_account_management_policy - the name property can now contain - ( #11792 ( <https:\/\/github.com\/terraform-providers\/terraform-provider-azurerm\/issues\/11792> ) )\n\nBUG FIXES:\n\n* azurerm_frontdoor - added a check for nil to avoid panic on destroy ( #11720 ( <https:\/\/github.com\/terraform-providers\/terraform-provider-azurerm\/issues\/11720> ) )\n\n* azurerm_linux_virtual_machine_scale_set - the extension blocks are now a set ( #11425 ( <https:\/\/github.com\/terraform-providers\/terraform-provider-azurerm\/issues\/11425> ) )\n\n* azurerm_virtual_network_gateway_connection - fix a bug where shared_key was not being updated ( #11742 ( <https:\/\/github.com\/terraform-providers\/terraform-provider-azurerm\/issues\/11742> ) )\n\n* azurerm_windows_virtual_machine_scale_set - the extension blocks are now a set ( #11425 ( <https:\/\/github.com\/terraform-providers\/terraform-provider-azurerm\/issues\/11425> ) )\n\n* azurerm_windows_virtual_machine_scale_set - changing the license_type will no longer create a new resource ( #11731 ( <https:\/\/github.com\/terraform-providers\/terraform-provider-azurerm\/issues\/11731> ) )\n```\n<https:\/\/newreleases.io\/github\/terraform-providers\/terraform-provider-azurerm?version=v2.60.0|release note...>",
                "title": "terraform-providers\/terraform-provider-azurerm on GitHub",
                "id": 1,
                "title_link": "https:\/\/newreleases.io\/github\/terraform-providers\/terraform-provider-azurerm",
                "mrkdwn_in": [
                    "text"
                ]
            }
        ]
    }
]