[
    {
        "type": "message",
        "subtype": "bot_message",
        "text": "",
        "ts": "1622123203.001400",
        "bot_id": "BG2UDF0NA",
        "attachments": [
            {
                "fallback": "terraform-aws-modules\/terraform-aws-security-group on GitHub\nv4.1.0",
                "text": "`v4.1.0`",
                "title": "terraform-aws-modules\/terraform-aws-security-group on GitHub",
                "id": 1,
                "title_link": "https:\/\/newreleases.io\/github\/terraform-aws-modules\/terraform-aws-security-group",
                "mrkdwn_in": [
                    "text"
                ]
            }
        ]
    },
    {
        "type": "message",
        "subtype": "bot_message",
        "text": "",
        "ts": "1622128373.001500",
        "bot_id": "BG2UDF0NA",
        "attachments": [
            {
                "fallback": "terraform-providers\/terraform-provider-azurerm on GitHub\nv2.61.0",
                "text": "`v2.61.0`",
                "title": "terraform-providers\/terraform-provider-azurerm on GitHub",
                "id": 1,
                "title_link": "https:\/\/newreleases.io\/github\/terraform-providers\/terraform-provider-azurerm",
                "mrkdwn_in": [
                    "text"
                ]
            }
        ]
    },
    {
        "type": "message",
        "subtype": "bot_message",
        "text": "",
        "ts": "1622128910.001600",
        "bot_id": "BG2UDF0NA",
        "attachments": [
            {
                "fallback": "terraform-aws-modules\/terraform-aws-security-group on GitHub\nv4.2.0",
                "text": "`v4.2.0`",
                "title": "terraform-aws-modules\/terraform-aws-security-group on GitHub",
                "id": 1,
                "title_link": "https:\/\/newreleases.io\/github\/terraform-aws-modules\/terraform-aws-security-group",
                "mrkdwn_in": [
                    "text"
                ]
            }
        ]
    },
    {
        "type": "message",
        "subtype": "bot_message",
        "text": "",
        "ts": "1622131738.001700",
        "bot_id": "BG2UDF0NA",
        "attachments": [
            {
                "fallback": "terraform-providers\/terraform-provider-azurerm on GitHub\nv2.61.0v2.61.0 updated\nrelease note: <https:\/\/newreleases.io\/github\/terraform-providers\/terraform-provider-azurerm?version=v2.61.0>",
                "text": "*v2.61.0* `v2.61.0` _updated_\n```\nFEATURES:\n\n* *New Data Source:* azurerm_spatial_anchors_account ( #11824 ( <https:\/\/github.com\/terraform-providers\/terraform-provider-azurerm\/issues\/11824> ) )\n\nENHANCEMENTS:\n\n* dependencies: updating to v54.3.0 of <http:\/\/github.com\/Azure\/azure-sdk-for-go|github.com\/Azure\/azure-sdk-for-go> ( #11813 ( <https:\/\/github.com\/terraform-providers\/terraform-provider-azurerm\/issues\/11813> ) )\n\n* dependencies: updating mixedreality to use API Version 2021-01-01 ( #11824 ( <https:\/\/github.com\/terraform-providers\/terraform-provider-azurerm\/issues\/11824> ) )\n\n* refactor: switching to use an embedded SDK for appconfiguration ( #11959 ( <https:\/\/github.com\/terraform-providers\/terraform-provider-azurerm\/issues\/11959> ) )\n\n* refactor: switching to use an embedded SDK for eventhub ( #11973 ( <https:\/\/github.com\/terraform-providers\/terraform-provider-azurerm\/issues\/11973> ) )\n\n* provider: support for the Virtual Machine skip_shutdown_and_force_delete feature ( #11216 ( <https:\/\/github.com\/terraform-providers\/terraform-provider-azurerm\/issues\/11216> ) )\n\n* provider: support for the Virtual Machine Scale Set force_delete feature ( #11216 ( <https:\/\/github.com\/terraform-providers\/terraform-provider-azurerm\/issues\/11216> ) )\n\n* provider: no longer auto register the Microsoft.DevSpaces RP ( #11822 ( <https:\/\/github.com\/terraform-providers\/terraform-provider-azurerm\/issues\/11822> ) )\n\n* Data Source: azurerm_key_vault_certificate_data - support certificate bundles and add support for ECDSA keys ( #11974 ( <https:\/\/github.com\/terraform-providers\/terraform-provider-azurerm\/issues\/11974> ) )\n\n* azurerm_data_factory_linked_service_sftp - support for hostkey related properties ( #11825 ( <https:\/\/github.com\/terraform-providers\/terraform-provider-azurerm\/issues\/11825> ) )\n\n* azurerm_spatial_anchors_account - support for account_domain and account_id ( #11824 ( <https:\/\/github.com\/terraform-providers\/terraform-provider-azurerm\/issues\/11824> ) )\n\n* azurerm_static_site : Add support for tags attribute ( #11849 ( <https:\/\/github.com\/terraform-providers\/terraform-provider-azurerm\/issues\/11849> ) )\n\n* azurerm_storage_account : private_link_access supports more values ( #11957 ( <https:\/\/github.com\/terraform-providers\/terraform-provider-azurerm\/issues\/11957> ) )\n\n* azurerm_storage_account_network_rules : private_link_access supports more values ( #11957 ( <https:\/\/github.com\/terraform-providers\/terraform-provider-azurerm\/issues\/11957> ) )\n\n* azurerm_synapse_spark_pool - spark_version now supports 3.0 ( #11972 ( <https:\/\/github.com\/terraform-providers\/terraform-provider-azurerm\/issues\/11972> ) )\n\nBUG FIXES:\n\n* azurerm_cdn_endpoint - do not send an empty origin_host_header to the api ( #11852 ( <https:\/\/github.com\/terraform-providers\/terraform-provider-azurerm\/issues\/11852> ) )\n\n* azurerm_linux_virtual_machine_scale_set : changing the disable_automatic_rollback and enable_automatic_os_upgrade properties no longer created a new resource ( #11723 ( <https:\/\/github.com\/terraform-providers\/terraform-provider-azurerm\/issues\/11723> ) )\n\n* azurerm_storage_share : Fix ID for resource_manager_id ( #11828 ( <https:\/\/github.com\/terraform-providers\/terraform-provider-azurerm\/issues\/11828> ) )\n\n* azurerm_windows_virtual_machine_scale_set : changing the disable_automatic_rollback and enable_automatic_os_upgrade properties no longer created a new resource ( #11723 ( <https:\/\/github.com\/terraform-providers\/terraform-provider-azurerm\/issues\/11723> ) )\n```\n<https:\/\/newreleases.io\/github\/terraform-providers\/terraform-provider-azurerm?version=v2.61.0|release note...>",
                "title": "terraform-providers\/terraform-provider-azurerm on GitHub",
                "id": 1,
                "title_link": "https:\/\/newreleases.io\/github\/terraform-providers\/terraform-provider-azurerm",
                "mrkdwn_in": [
                    "text"
                ]
            }
        ]
    }
]