[
    {
        "client_msg_id": "851803ae-1299-4b32-b700-b26a5f091570",
        "type": "message",
        "text": "rakiさんのいう通り、`device_name`がcomputedに追加されてるので、stateが更新されるだけかもしれない。。\n再作成されるなら、force newって出ていそう。。。\n\n先にtfstateからこのリソースを消して、importしな押したら差分が消えたりするかも？",
        "user": "UKAKENQAF",
        "ts": "1595315288.044300",
        "team": "TFU0BKCQP",
        "user_team": "TFU0BKCQP",
        "source_team": "TFU0BKCQP",
        "user_profile": {
            "avatar_hash": "12cb7b39ae77",
            "image_72": "https:\/\/avatars.slack-edge.com\/2020-03-01\/963049719842_12cb7b39ae7726f3acf8_72.jpg",
            "first_name": "teraken0509",
            "real_name": "teraken0509",
            "display_name": "teraken0509",
            "team": "TFU0BKCQP",
            "name": "kterada.0509sg",
            "is_restricted": false,
            "is_ultra_restricted": false
        },
        "blocks": [
            {
                "type": "rich_text",
                "block_id": "BGhG",
                "elements": [
                    {
                        "type": "rich_text_section",
                        "elements": [
                            {
                                "type": "text",
                                "text": "rakiさんのいう通り、"
                            },
                            {
                                "type": "text",
                                "text": "device_name",
                                "style": {
                                    "code": true
                                }
                            },
                            {
                                "type": "text",
                                "text": "がcomputedに追加されてるので、stateが更新されるだけかもしれない。。\n再作成されるなら、force newって出ていそう。。。\n\n先にtfstateからこのリソースを消して、importしな押したら差分が消えたりするかも？"
                            }
                        ]
                    }
                ]
            }
        ],
        "thread_ts": "1595313672.043000",
        "parent_user_id": "UG46Z57TN"
    },
    {
        "client_msg_id": "0feede00-981d-4849-8a97-bd9bb21822b4",
        "type": "message",
        "text": "この差分は記憶にないですが、computed増えただけだったらimportしなくてもrefreshで読み直したら差分が消えるかも",
        "user": "UHS4SFFA7",
        "ts": "1595316785.044500",
        "team": "TFU0BKCQP",
        "user_team": "TFU0BKCQP",
        "source_team": "TFU0BKCQP",
        "user_profile": {
            "avatar_hash": "gade34f8bdf1",
            "image_72": "https:\/\/secure.gravatar.com\/avatar\/5ade34f8bdf1b55c4ff82c11cf23cf42.jpg?s=72&d=https%3A%2F%2Fa.slack-edge.com%2Fdf10d%2Fimg%2Favatars%2Fava_0008-72.png",
            "first_name": "",
            "real_name": "minamijoyo",
            "display_name": "minamijoyo",
            "team": "TFU0BKCQP",
            "name": "minamijoyo",
            "is_restricted": false,
            "is_ultra_restricted": false
        },
        "blocks": [
            {
                "type": "rich_text",
                "block_id": "bhGG+",
                "elements": [
                    {
                        "type": "rich_text_section",
                        "elements": [
                            {
                                "type": "text",
                                "text": "この差分は記憶にないですが、computed増えただけだったらimportしなくてもrefreshで読み直したら差分が消えるかも"
                            }
                        ]
                    }
                ]
            }
        ],
        "thread_ts": "1595313672.043000",
        "parent_user_id": "UG46Z57TN"
    },
    {
        "client_msg_id": "98875910-0F8C-4445-91CD-D5E8BC281CBB",
        "type": "message",
        "text": "なるほど",
        "user": "UG46Z57TN",
        "ts": "1595316839.044800",
        "team": "TFU0BKCQP",
        "user_team": "TFU0BKCQP",
        "source_team": "TFU0BKCQP",
        "user_profile": {
            "avatar_hash": "c6bdd4cb17db",
            "image_72": "https:\/\/avatars.slack-edge.com\/2019-07-05\/685991185957_c6bdd4cb17db956661a1_72.jpg",
            "first_name": "Takeshi",
            "real_name": "Takeshi Kondo",
            "display_name": "chaspy",
            "team": "TFU0BKCQP",
            "name": "take.she12",
            "is_restricted": false,
            "is_ultra_restricted": false
        },
        "blocks": [
            {
                "type": "rich_text",
                "block_id": "SpL",
                "elements": [
                    {
                        "type": "rich_text_section",
                        "elements": [
                            {
                                "type": "text",
                                "text": "なるほど"
                            }
                        ]
                    }
                ]
            }
        ],
        "thread_ts": "1595313672.043000",
        "parent_user_id": "UG46Z57TN"
    }
]