[
    {
        "type": "message",
        "subtype": "bot_message",
        "text": "<https:\/\/www.reddit.com\/r\/Terraform\/comments\/e1hiae\/aws_vpn_connection_being_replaced_on_every_apply\/|aws_vpn_connection being replaced on every apply>\nI am trying to deploy a couple of VPN connections to AWS using Terraform. The config I have created for this is below. The problem I am facing is that the aws_vpn_connection (and assoicated aws_vpn_connection_routes) are replaced on every Terraform apply. I am pretty stumped as to what could be causing this, any ideas? Or is this expected? resource \"aws_vpc\" \"vpc_productname\" { cidr_block = var.vpc_cidr tags = { Name = \"vpc_productname\" } } resource \"aws_internet_gateway\" \"igw_productname\" {...",
        "ts": "1574696507.036500",
        "username": "Terraform ALL the Worlds!",
        "icons": {
            "image_48": "https:\/\/s3-us-west-2.amazonaws.com\/slack-files2\/bot_icons\/2019-02-12\/548785199618_48.png"
        },
        "bot_id": "BG3N7LG73",
        "attachments": [
            {
                "service_name": "reddit",
                "title": "aws_vpn_connection being replaced on every apply",
                "title_link": "https:\/\/www.reddit.com\/r\/Terraform\/comments\/e1hiae\/aws_vpn_connection_being_replaced_on_every_apply\/",
                "text": "I am trying to deploy a couple of VPN connections to AWS using Terraform. The config I have created for this is below. The problem I am facing is...",
                "fallback": "reddit: aws_vpn_connection being replaced on every apply",
                "thumb_url": "https:\/\/www.redditstatic.com\/new-icon.png",
                "from_url": "https:\/\/www.reddit.com\/r\/Terraform\/comments\/e1hiae\/aws_vpn_connection_being_replaced_on_every_apply\/",
                "thumb_width": 256,
                "thumb_height": 256,
                "service_icon": "http:\/\/www.redditstatic.com\/desktop2x\/img\/favicon\/apple-icon-57x57.png",
                "id": 1,
                "original_url": "https:\/\/www.reddit.com\/r\/Terraform\/comments\/e1hiae\/aws_vpn_connection_being_replaced_on_every_apply\/"
            }
        ]
    },
    {
        "type": "message",
        "subtype": "bot_message",
        "text": "<https:\/\/www.reddit.com\/r\/Terraform\/comments\/e1osji\/how_do_i_create_cloudwatch_alarms_for_instances\/|How do I create CloudWatch Alarms for instances under an AutoScaling group?>\nWe're introducing AutoScaling groups into our system for the first time. Previously we had manually scaled EC2 instances and corresponding CloudWatch Alarm resources joined using Terraform's `count`. However, with AutoScaling groups, we no longer have a direct Terraform Instance resource that we can attach Alarms to, so how do we go about automatically adding alarms to instances that are created and managed automatically by an EC2 AutoScaling Group? We want stuff like CPU utilization, memory,...",
        "ts": "1574724706.036700",
        "username": "Terraform ALL the Worlds!",
        "icons": {
            "image_48": "https:\/\/s3-us-west-2.amazonaws.com\/slack-files2\/bot_icons\/2019-02-12\/548785199618_48.png"
        },
        "bot_id": "BG3N7LG73",
        "attachments": [
            {
                "service_name": "reddit",
                "title": "How do I create CloudWatch Alarms for instances under an AutoScaling group?",
                "title_link": "https:\/\/www.reddit.com\/r\/Terraform\/comments\/e1osji\/how_do_i_create_cloudwatch_alarms_for_instances\/",
                "text": "We're introducing AutoScaling groups into our system for the first time. Previously we had manually scaled EC2 instances and corresponding...",
                "fallback": "reddit: How do I create CloudWatch Alarms for instances under an AutoScaling group?",
                "thumb_url": "https:\/\/www.redditstatic.com\/new-icon.png",
                "from_url": "https:\/\/www.reddit.com\/r\/Terraform\/comments\/e1osji\/how_do_i_create_cloudwatch_alarms_for_instances\/",
                "thumb_width": 256,
                "thumb_height": 256,
                "service_icon": "http:\/\/www.redditstatic.com\/desktop2x\/img\/favicon\/apple-icon-57x57.png",
                "id": 1,
                "original_url": "https:\/\/www.reddit.com\/r\/Terraform\/comments\/e1osji\/how_do_i_create_cloudwatch_alarms_for_instances\/"
            }
        ]
    }
]