[
    {
        "type": "message",
        "subtype": "bot_message",
        "text": "<https:\/\/www.reddit.com\/r\/Terraform\/comments\/e2dn50\/best_practices_to_create_organize_terraform_code\/|Best practices to create &amp; organize Terraform code for AWS>\nsubmitted by   <https:\/\/www.reddit.com\/user\/Xtechies| \/u\/Xtechies > \n<https:\/\/medium.com\/xebia-engineering\/best-practices-to-create-organize-terraform-code-for-aws-2f4162525a1a|[link]>   <https:\/\/www.reddit.com\/r\/Terraform\/comments\/e2dn50\/best_practices_to_create_organize_terraform_code\/|[comments]>",
        "ts": "1574847390.038100",
        "username": "Terraform ALL the Worlds!",
        "icons": {
            "image_48": "https:\/\/s3-us-west-2.amazonaws.com\/slack-files2\/bot_icons\/2019-02-12\/548785199618_48.png"
        },
        "bot_id": "BG3N7LG73",
        "attachments": [
            {
                "service_name": "reddit",
                "title": "Best practices to create &amp; organize Terraform code for AWS",
                "title_link": "https:\/\/www.reddit.com\/r\/Terraform\/comments\/e2dn50\/best_practices_to_create_organize_terraform_code\/",
                "text": "Posted in r\/Terraform by u\/Xtechies • 1 point and 0 comments",
                "fallback": "reddit: Best practices to create &amp; organize Terraform code for AWS",
                "thumb_url": "https:\/\/b.thumbs.redditmedia.com\/tMSff3mILmtAk3dljXaB3qIEeeH1QTs8_0T07W3hfnk.jpg",
                "from_url": "https:\/\/www.reddit.com\/r\/Terraform\/comments\/e2dn50\/best_practices_to_create_organize_terraform_code\/",
                "thumb_width": 140,
                "thumb_height": 78,
                "service_icon": "http:\/\/www.redditstatic.com\/desktop2x\/img\/favicon\/apple-icon-57x57.png",
                "id": 1,
                "original_url": "https:\/\/www.reddit.com\/r\/Terraform\/comments\/e2dn50\/best_practices_to_create_organize_terraform_code\/"
            },
            {
                "title": "overview for Xtechies",
                "title_link": "https:\/\/www.reddit.com\/user\/Xtechies",
                "text": "The u\/Xtechies community on Reddit. Reddit gives you the best of the internet in one place.",
                "fallback": "overview for Xtechies",
                "from_url": "https:\/\/www.reddit.com\/user\/Xtechies",
                "service_icon": "http:\/\/www.redditstatic.com\/desktop2x\/img\/favicon\/apple-icon-57x57.png",
                "service_name": "reddit.com",
                "id": 2,
                "original_url": "https:\/\/www.reddit.com\/user\/Xtechies"
            },
            {
                "service_name": "Medium",
                "title": "Best practices to create &amp; organize Terraform code for AWS",
                "title_link": "https:\/\/medium.com\/xebia-engineering\/best-practices-to-create-organize-terraform-code-for-aws-2f4162525a1a",
                "text": "Terraform best practices and how to adopt them",
                "fallback": "Medium: Best practices to create &amp; organize Terraform code for AWS",
                "image_url": "https:\/\/miro.medium.com\/max\/1200\/0*jjzVWstNbgCGX7wW.jpg",
                "fields": [
                    {
                        "title": "Reading time",
                        "value": "6 min read",
                        "short": true
                    }
                ],
                "ts": 1574841842,
                "from_url": "https:\/\/medium.com\/xebia-engineering\/best-practices-to-create-organize-terraform-code-for-aws-2f4162525a1a",
                "image_width": 444,
                "image_height": 250,
                "image_bytes": 70004,
                "service_icon": "https:\/\/cdn-images-1.medium.com\/fit\/c\/152\/152\/1*8I-HPL0bfoIzGied-dzOvA.png",
                "id": 3,
                "original_url": "https:\/\/medium.com\/xebia-engineering\/best-practices-to-create-organize-terraform-code-for-aws-2f4162525a1a"
            }
        ]
    },
    {
        "type": "message",
        "subtype": "bot_message",
        "text": "<https:\/\/www.reddit.com\/r\/Terraform\/comments\/e2fzn1\/vs_code_terraform_extension_how_to_make_it_work\/|VS Code Terraform Extension - How To make it work for v0.12>\nSo I've been fighting with VS Code to make the Terraform extension work for AWS for Terraform v0.12 ​ After a couple of hours I think I have it working, so for anyone else that might have the same problem I thought I'd make this post. My Setup: I'm using Windows 10 1903 build 18362.476 with VS Code 1.40.1 and the extension mauve.terraform 1.4.0 ​ Here are the things you need to do: Enable the Terraform Language Server in settings.json like so:\n\"terraform.languageServer\": {\n\"enabled\": true,...",
        "ts": "1574861789.038300",
        "username": "Terraform ALL the Worlds!",
        "icons": {
            "image_48": "https:\/\/s3-us-west-2.amazonaws.com\/slack-files2\/bot_icons\/2019-02-12\/548785199618_48.png"
        },
        "bot_id": "BG3N7LG73",
        "attachments": [
            {
                "service_name": "reddit",
                "title": "VS Code Terraform Extension - How To make it work for v0.12",
                "title_link": "https:\/\/www.reddit.com\/r\/Terraform\/comments\/e2fzn1\/vs_code_terraform_extension_how_to_make_it_work\/",
                "text": "So I've been fighting with VS Code to make the Terraform extension work for AWS for Terraform v0.12 &amp;#x200B; After a couple of hours I think I...",
                "fallback": "reddit: VS Code Terraform Extension - How To make it work for v0.12",
                "thumb_url": "https:\/\/www.redditstatic.com\/new-icon.png",
                "from_url": "https:\/\/www.reddit.com\/r\/Terraform\/comments\/e2fzn1\/vs_code_terraform_extension_how_to_make_it_work\/",
                "thumb_width": 256,
                "thumb_height": 256,
                "service_icon": "http:\/\/www.redditstatic.com\/desktop2x\/img\/favicon\/apple-icon-57x57.png",
                "id": 1,
                "original_url": "https:\/\/www.reddit.com\/r\/Terraform\/comments\/e2fzn1\/vs_code_terraform_extension_how_to_make_it_work\/"
            }
        ]
    },
    {
        "type": "message",
        "subtype": "bot_message",
        "text": "<https:\/\/qiita.com\/m22r\/items\/7d80d149e3fb3494c1d4|Terraformアンチパターン(2019年版)>\n<https:\/\/qiita.com\/#%E3%81%AF%E3%81%98%E3%82%81%E3%81%AB>はじめに\n\nInfrastructure as Code(以下IaCと略します)って最近では当たり前のように実践されてますよね。特にterraformはかなりユーザが多く、開発のスピードも速い印象です。\nIaCを実現できたインフラエンジニアの皆さんの多くが次に直面する問題はコードの保守運用に関する事柄ではないでしょうか？\nterraformもコードなので、アプリケーションのコードと同じように保守性(テスト容易性、理解容易性、変更容易性)を意識する必要があります。ただコード化しただけでは属人性を排除したとは言えないと思います。\n保守性の高いterraformって具体的にどう書けばいいの？と周りに聞いてみても、巷には「ぼくのかんがえた最強のterraformベストプラクティス」が乱立していて、自転車置き場の議論になりがちです。\nまた、v0.12前後でterraformの記法が大きく変わったので、古い情報はあまり参考にならなかったりします。...",
        "ts": "1574871987.038500",
        "username": "Terraformタグが付けられた新着記事 - Qiita",
        "icons": {
            "image_36": "https:\/\/a.slack-edge.com\/80588\/img\/services\/rss_36.png",
            "image_48": "https:\/\/a.slack-edge.com\/80588\/img\/services\/rss_48.png",
            "image_72": "https:\/\/a.slack-edge.com\/80588\/img\/services\/rss_72.png"
        },
        "bot_id": "BG3N7LG73",
        "attachments": [
            {
                "service_name": "Qiita",
                "title": "Terraformアンチパターン(2019年版) - Qiita",
                "title_link": "https:\/\/qiita.com\/m22r\/items\/7d80d149e3fb3494c1d4",
                "text": "## はじめに - Infrastructure as Code(以下IaCと略します)って最近では当たり前のように実践されてますよね。特にterraformはかなりユーザが多く、開発のスピードも速い印象です。 - IaCを実現できた...",
                "fallback": "Qiita: Terraformアンチパターン(2019年版) - Qiita",
                "thumb_url": "https:\/\/cdn.qiita.com\/assets\/qiita-fb-2887e7b4aad86fd8c25cea84846f2236.png",
                "from_url": "https:\/\/qiita.com\/m22r\/items\/7d80d149e3fb3494c1d4",
                "thumb_width": 200,
                "thumb_height": 200,
                "service_icon": "https:\/\/cdn.qiita.com\/assets\/favicons\/public\/apple-touch-icon-f9a6afad761ec2306e10db2736187c8b.png",
                "id": 1,
                "original_url": "https:\/\/qiita.com\/m22r\/items\/7d80d149e3fb3494c1d4"
            },
            {
                "service_name": "Qiita",
                "title": "プログラマの技術情報共有サービス - Qiita",
                "title_link": "https:\/\/qiita.com\/#%E3%81%AF%E3%81%98%E3%82%81%E3%81%AB",
                "text": "Qiitaは、プログラマのための技術情報共有サービスです。 プログラミングに関するTips、ノウハウ、メモを簡単に記録 &amp; 公開することができます。",
                "fallback": "Qiita: プログラマの技術情報共有サービス - Qiita",
                "thumb_url": "https:\/\/cdn.qiita.com\/assets\/qiita-fb-2887e7b4aad86fd8c25cea84846f2236.png",
                "from_url": "https:\/\/qiita.com\/#%E3%81%AF%E3%81%98%E3%82%81%E3%81%AB",
                "thumb_width": 200,
                "thumb_height": 200,
                "service_icon": "https:\/\/cdn.qiita.com\/assets\/favicons\/public\/apple-touch-icon-f9a6afad761ec2306e10db2736187c8b.png",
                "id": 2,
                "original_url": "https:\/\/qiita.com\/#%E3%81%AF%E3%81%98%E3%82%81%E3%81%AB"
            }
        ]
    },
    {
        "type": "message",
        "subtype": "bot_message",
        "text": "<https:\/\/www.reddit.com\/r\/Terraform\/comments\/e2its8\/as_a_first_time_terraform_user_what_should_my\/|As a first time Terraform user, What should my expectations be to deploy a 10 node HA cluster in AWS?>\nI need to deploy OpenShift and all its glory to AWS using Terraform <https:\/\/aws.amazon.com\/quickstart\/architecture\/openshift\/|https:\/\/aws.amazon.com\/quickstart\/architecture\/openshift\/>  How long should the lift take for a first time terraform user to deploy something like the diagram below? A week? two weeks? How can I set expectations and do you guys have any advice to how I should approach this problem? Thanks. The architecture looks something like this. Looks something like...",
        "ts": "1574873792.038700",
        "username": "Terraform ALL the Worlds!",
        "icons": {
            "image_48": "https:\/\/s3-us-west-2.amazonaws.com\/slack-files2\/bot_icons\/2019-02-12\/548785199618_48.png"
        },
        "bot_id": "BG3N7LG73",
        "attachments": [
            {
                "service_name": "reddit",
                "title": "As a first time Terraform user, What should my expectations be to deploy a 10 node HA cluster in AWS?",
                "title_link": "https:\/\/www.reddit.com\/r\/Terraform\/comments\/e2its8\/as_a_first_time_terraform_user_what_should_my\/",
                "text": "Posted in r\/Terraform by u\/kalavala93 • 1 point and 0 comments",
                "fallback": "reddit: As a first time Terraform user, What should my expectations be to deploy a 10 node HA cluster in AWS?",
                "from_url": "https:\/\/www.reddit.com\/r\/Terraform\/comments\/e2its8\/as_a_first_time_terraform_user_what_should_my\/",
                "thumb_url": "https:\/\/external-preview.redd.it\/7gepzqk8e9141.png?overlay-align=bottom,left&crop=1200:628.272251309,smart&overlay-height=15p&overlay=%2Fwatermark%2Ft5_2u8e4.png%3Fs%3Dbfb326ca8735739e33a60abaf9a7c73bcb4a2134&width=1200&height=628.272251309&auto=webp&s=2db3f11c61640c22cb3d448d15a75eb7d4c12dd0",
                "thumb_width": 130,
                "thumb_height": 60,
                "service_icon": "http:\/\/www.redditstatic.com\/desktop2x\/img\/favicon\/apple-icon-57x57.png",
                "id": 1,
                "original_url": "https:\/\/www.reddit.com\/r\/Terraform\/comments\/e2its8\/as_a_first_time_terraform_user_what_should_my\/"
            },
            {
                "service_name": "Amazon Web Services, Inc.",
                "title": "Red Hat OpenShift on AWS - Quick Start",
                "title_link": "https:\/\/aws.amazon.com\/quickstart\/architecture\/openshift\/",
                "text": "Learn about the Quick Start architecture and details for deploying Red Hat OpenShift Container Platform in the AWS Cloud.",
                "fallback": "Amazon Web Services, Inc.: Red Hat OpenShift on AWS - Quick Start",
                "thumb_url": "https:\/\/a0.awsstatic.com\/libra-css\/images\/logos\/aws_logo_smile_179x109.png",
                "from_url": "https:\/\/aws.amazon.com\/quickstart\/architecture\/openshift\/",
                "thumb_width": 179,
                "thumb_height": 109,
                "service_icon": "https:\/\/a0.awsstatic.com\/libra-css\/images\/site\/touch-icon-iphone-114-smile.png",
                "id": 2,
                "original_url": "https:\/\/aws.amazon.com\/quickstart\/architecture\/openshift\/"
            }
        ]
    },
    {
        "type": "message",
        "subtype": "bot_message",
        "text": "<https:\/\/www.reddit.com\/r\/Terraform\/comments\/e2lwmc\/real_world_terragrunt_examples\/|Real world terragrunt examples>\nHi, I'm revisiting our infrastructure and while I like the idea behind terragrunt, I'm having trouble understanding how to apply the concepts in real-world environments. What should I be doing if I have multiple AWS accounts, each of which has different buckets, and I want to use something like the <https:\/\/registry.terraform.io\/modules\/terraform-aws-modules\/s3-bucket\/aws\/1.0.0|s3-bucket> module from the terraform registry? I thought of a few ways that I might be able to do this,...",
        "ts": "1574885792.038900",
        "username": "Terraform ALL the Worlds!",
        "icons": {
            "image_48": "https:\/\/s3-us-west-2.amazonaws.com\/slack-files2\/bot_icons\/2019-02-12\/548785199618_48.png"
        },
        "bot_id": "BG3N7LG73",
        "attachments": [
            {
                "service_name": "reddit",
                "title": "Real world terragrunt examples",
                "title_link": "https:\/\/www.reddit.com\/r\/Terraform\/comments\/e2lwmc\/real_world_terragrunt_examples\/",
                "text": "Hi, I'm revisiting our infrastructure and while I like the idea behind terragrunt, I'm having trouble understanding how to apply the concepts in...",
                "fallback": "reddit: Real world terragrunt examples",
                "thumb_url": "https:\/\/www.redditstatic.com\/new-icon.png",
                "from_url": "https:\/\/www.reddit.com\/r\/Terraform\/comments\/e2lwmc\/real_world_terragrunt_examples\/",
                "thumb_width": 256,
                "thumb_height": 256,
                "service_icon": "http:\/\/www.redditstatic.com\/desktop2x\/img\/favicon\/apple-icon-57x57.png",
                "id": 1,
                "original_url": "https:\/\/www.reddit.com\/r\/Terraform\/comments\/e2lwmc\/real_world_terragrunt_examples\/"
            }
        ]
    },
    {
        "type": "message",
        "subtype": "bot_message",
        "text": "<https:\/\/www.reddit.com\/r\/Terraform\/comments\/e2mkvk\/can_i_execute_a_lambda_function\/|Can I execute a Lambda function?>\nI know I can define one, but can I get Terraform to execute it? Basically, I want to update a file in S3, and then use that in the configuration of an EC2 instance. The file will contain IP addresses so I won't know those values until the instances are created. I can update the file via Lambda, but the question is how I run it. The other way I was thinking about was configuring Cloudwatch to run the lamba function every time an instance is spun up\/down?    submitted by   &lt;a...",
        "ts": "1574888184.039100",
        "username": "Terraform ALL the Worlds!",
        "icons": {
            "image_48": "https:\/\/s3-us-west-2.amazonaws.com\/slack-files2\/bot_icons\/2019-02-12\/548785199618_48.png"
        },
        "bot_id": "BG3N7LG73",
        "attachments": [
            {
                "service_name": "reddit",
                "title": "Can I execute a Lambda function?",
                "title_link": "https:\/\/www.reddit.com\/r\/Terraform\/comments\/e2mkvk\/can_i_execute_a_lambda_function\/",
                "text": "I know I can define one, but can I get Terraform to execute it? Basically, I want to update a file in S3, and then use that in the configuration...",
                "fallback": "reddit: Can I execute a Lambda function?",
                "thumb_url": "https:\/\/www.redditstatic.com\/new-icon.png",
                "from_url": "https:\/\/www.reddit.com\/r\/Terraform\/comments\/e2mkvk\/can_i_execute_a_lambda_function\/",
                "thumb_width": 256,
                "thumb_height": 256,
                "service_icon": "http:\/\/www.redditstatic.com\/desktop2x\/img\/favicon\/apple-icon-57x57.png",
                "id": 1,
                "original_url": "https:\/\/www.reddit.com\/r\/Terraform\/comments\/e2mkvk\/can_i_execute_a_lambda_function\/"
            }
        ]
    },
    {
        "type": "message",
        "subtype": "bot_message",
        "text": "<https:\/\/www.reddit.com\/r\/Terraform\/comments\/e2redc\/first_path_segment_in_url_cannot_contain_colon\/|\"first path segment in URL cannot contain colon.\" GCP\/Terraform running startup powershell script>\nAnyone run into this error when trying to launch a Windows instance with a powershell startup script?    submitted by   <https:\/\/www.reddit.com\/user\/SRone22| \/u\/SRone22 > \n<https:\/\/www.reddit.com\/r\/Terraform\/comments\/e2redc\/first_path_segment_in_url_cannot_contain_colon\/|[link]>   <https:\/\/www.reddit.com\/r\/Terraform\/comments\/e2redc\/first_path_segment_in_url_cannot_contain_colon\/|[comments]>",
        "ts": "1574909786.039300",
        "username": "Terraform ALL the Worlds!",
        "icons": {
            "image_48": "https:\/\/s3-us-west-2.amazonaws.com\/slack-files2\/bot_icons\/2019-02-12\/548785199618_48.png"
        },
        "bot_id": "BG3N7LG73",
        "attachments": [
            {
                "service_name": "reddit",
                "title": "\"first path segment in URL cannot contain colon.\" GCP\/Terraform running startup powershell script",
                "title_link": "https:\/\/www.reddit.com\/r\/Terraform\/comments\/e2redc\/first_path_segment_in_url_cannot_contain_colon\/",
                "text": "Anyone run into this error when trying to launch a Windows instance with a powershell startup script?",
                "fallback": "reddit: \"first path segment in URL cannot contain colon.\" GCP\/Terraform running startup powershell script",
                "thumb_url": "https:\/\/www.redditstatic.com\/new-icon.png",
                "from_url": "https:\/\/www.reddit.com\/r\/Terraform\/comments\/e2redc\/first_path_segment_in_url_cannot_contain_colon\/",
                "thumb_width": 256,
                "thumb_height": 256,
                "service_icon": "http:\/\/www.redditstatic.com\/desktop2x\/img\/favicon\/apple-icon-57x57.png",
                "id": 1,
                "original_url": "https:\/\/www.reddit.com\/r\/Terraform\/comments\/e2redc\/first_path_segment_in_url_cannot_contain_colon\/"
            },
            {
                "title": "overview for SRone22",
                "title_link": "https:\/\/www.reddit.com\/user\/SRone22",
                "text": "The u\/SRone22 community on Reddit. Reddit gives you the best of the internet in one place.",
                "fallback": "overview for SRone22",
                "from_url": "https:\/\/www.reddit.com\/user\/SRone22",
                "service_icon": "http:\/\/www.redditstatic.com\/desktop2x\/img\/favicon\/apple-icon-57x57.png",
                "service_name": "reddit.com",
                "id": 2,
                "original_url": "https:\/\/www.reddit.com\/user\/SRone22"
            }
        ]
    },
    {
        "type": "message",
        "subtype": "bot_message",
        "text": "<https:\/\/www.reddit.com\/r\/Terraform\/comments\/e2siai\/terraform_alb_rules_interpolation\/|Terraform alb rules interpolation>\nHow to replace with the elements of the list in the variables with the \"values\" in condition. ``` resource \"aws_alb_listener_rule\" \"static\" { count = length(values(var.services_map)) listener_arn = aws_alb_listener.supply_alb.arn priority = 1 + count.index action { type = \"forward\" target_group_arn = element(keys(var.services_map), count.index) } condition { field = \"host-header\" values = [\"${(element(values(var.services_map), count.index)}\"] } lifecycle { ignore_changes = [priority] } } ```...",
        "ts": "1574914589.039500",
        "username": "Terraform ALL the Worlds!",
        "icons": {
            "image_48": "https:\/\/s3-us-west-2.amazonaws.com\/slack-files2\/bot_icons\/2019-02-12\/548785199618_48.png"
        },
        "bot_id": "BG3N7LG73",
        "attachments": [
            {
                "service_name": "reddit",
                "title": "Terraform alb rules interpolation",
                "title_link": "https:\/\/www.reddit.com\/r\/Terraform\/comments\/e2siai\/terraform_alb_rules_interpolation\/",
                "text": "How to replace with the elements of the list in the variables with the \"values\" in condition. ``` resource \"aws_alb_listener_rule\" \"static\" { ...",
                "fallback": "reddit: Terraform alb rules interpolation",
                "thumb_url": "https:\/\/www.redditstatic.com\/new-icon.png",
                "from_url": "https:\/\/www.reddit.com\/r\/Terraform\/comments\/e2siai\/terraform_alb_rules_interpolation\/",
                "thumb_width": 256,
                "thumb_height": 256,
                "service_icon": "http:\/\/www.redditstatic.com\/desktop2x\/img\/favicon\/apple-icon-57x57.png",
                "id": 1,
                "original_url": "https:\/\/www.reddit.com\/r\/Terraform\/comments\/e2siai\/terraform_alb_rules_interpolation\/"
            }
        ]
    },
    {
        "type": "message",
        "subtype": "bot_message",
        "text": "<https:\/\/www.reddit.com\/r\/Terraform\/comments\/e2ul73\/terraform_project_structure_for_aws_with_lambda\/|Terraform project structure for AWS with Lambda>\nI've been reading some articles regarding the mono-repository vs per-project repository for terraform and I'd like to check here if anyone got any tips regarding it. We have a messy AWS infrastructure right now and I'm in charge of redoing things the right way, and intend to use terraform. We have already some modules working for lambdas (1 repo per project + terraform modules) and they work just fine, EXCEPT that we have to hardcode some of the infrastructure information, such as VPC ids and...",
        "ts": "1574926586.039700",
        "username": "Terraform ALL the Worlds!",
        "icons": {
            "image_48": "https:\/\/s3-us-west-2.amazonaws.com\/slack-files2\/bot_icons\/2019-02-12\/548785199618_48.png"
        },
        "bot_id": "BG3N7LG73",
        "attachments": [
            {
                "service_name": "reddit",
                "title": "Terraform project structure for AWS with Lambda",
                "title_link": "https:\/\/www.reddit.com\/r\/Terraform\/comments\/e2ul73\/terraform_project_structure_for_aws_with_lambda\/",
                "text": "I've been reading some articles regarding the mono-repository vs per-project repository for terraform and I'd like to check here if anyone got any...",
                "fallback": "reddit: Terraform project structure for AWS with Lambda",
                "thumb_url": "https:\/\/www.redditstatic.com\/new-icon.png",
                "from_url": "https:\/\/www.reddit.com\/r\/Terraform\/comments\/e2ul73\/terraform_project_structure_for_aws_with_lambda\/",
                "thumb_width": 256,
                "thumb_height": 256,
                "service_icon": "http:\/\/www.redditstatic.com\/desktop2x\/img\/favicon\/apple-icon-57x57.png",
                "id": 1,
                "original_url": "https:\/\/www.reddit.com\/r\/Terraform\/comments\/e2ul73\/terraform_project_structure_for_aws_with_lambda\/"
            }
        ]
    }
]