[
    {
        "type": "message",
        "subtype": "bot_message",
        "text": "<https:\/\/qiita.com\/shztki\/items\/d3fa879457f420c4c65a|ニフクラ用の Terraformカスタムプロバイダを書いてみる>\n<https:\/\/qiita.com\/#%E6%A6%82%E8%A6%81>概要\n\nAWS に触れるようになってから、なるべくインフラ構築はコードで管理したい、と思うようになりました。\n業務では主に Terraform を利用しています。\nAWS や vSphere はプロバイダがあるため、それを利用させていただくだけだったのですが、ニフクラも同じように構築したい、と思ったところ、プロバイダが見当たりませんでした。\n諦めきれずにいろいろと調べていたら、いつのまにかカスタムプロバイダを書いていたので、その記録を残しておこうと思います。\nなお、セールスエンジニアが見様見真似でこういうことをやった、という記録のため、あまり技術的なものではありませんので、ご了承ください。\n\n\n<https:\/\/qiita.com\/#%E7%B5%90%E6%9E%9C>結果\n\n完成してはいませんが、&lt;a href=\"<https:\/\/github.com\/shztki\/terraform-provider-nifcloud>\" rel=\"nofollow...",
        "ts": "1573634800.029000",
        "username": "Terraformタグが付けられた新着記事 - Qiita",
        "icons": {
            "image_36": "https:\/\/a.slack-edge.com\/80588\/img\/services\/rss_36.png",
            "image_48": "https:\/\/a.slack-edge.com\/80588\/img\/services\/rss_48.png",
            "image_72": "https:\/\/a.slack-edge.com\/80588\/img\/services\/rss_72.png"
        },
        "bot_id": "BG3N7LG73",
        "attachments": [
            {
                "service_name": "Qiita",
                "title": "ニフクラ用の Terraformカスタムプロバイダを書いてみる - Qiita",
                "title_link": "https:\/\/qiita.com\/shztki\/items\/d3fa879457f420c4c65a",
                "text": "## 概要 AWS に触れるようになってから、なるべくインフラ構築はコードで管理したい、と思うようになりました。 業務では主に Terraform を利用しています。 AWS や vSphere はプロバイダがあるため、それを利用さ...",
                "fallback": "Qiita: ニフクラ用の Terraformカスタムプロバイダを書いてみる - Qiita",
                "thumb_url": "https:\/\/cdn.qiita.com\/assets\/qiita-fb-2887e7b4aad86fd8c25cea84846f2236.png",
                "from_url": "https:\/\/qiita.com\/shztki\/items\/d3fa879457f420c4c65a",
                "thumb_width": 200,
                "thumb_height": 200,
                "service_icon": "https:\/\/cdn.qiita.com\/assets\/favicons\/public\/apple-touch-icon-f9a6afad761ec2306e10db2736187c8b.png",
                "id": 1,
                "original_url": "https:\/\/qiita.com\/shztki\/items\/d3fa879457f420c4c65a"
            },
            {
                "service_name": "Qiita",
                "title": "プログラマの技術情報共有サービス - Qiita",
                "title_link": "https:\/\/qiita.com\/#%E6%A6%82%E8%A6%81",
                "text": "Qiitaは、プログラマのための技術情報共有サービスです。 プログラミングに関するTips、ノウハウ、メモを簡単に記録 &amp; 公開することができます。",
                "fallback": "Qiita: プログラマの技術情報共有サービス - Qiita",
                "thumb_url": "https:\/\/cdn.qiita.com\/assets\/qiita-fb-2887e7b4aad86fd8c25cea84846f2236.png",
                "from_url": "https:\/\/qiita.com\/#%E6%A6%82%E8%A6%81",
                "thumb_width": 200,
                "thumb_height": 200,
                "service_icon": "https:\/\/cdn.qiita.com\/assets\/favicons\/public\/apple-touch-icon-f9a6afad761ec2306e10db2736187c8b.png",
                "id": 2,
                "original_url": "https:\/\/qiita.com\/#%E6%A6%82%E8%A6%81"
            },
            {
                "service_name": "Qiita",
                "title": "プログラマの技術情報共有サービス - Qiita",
                "title_link": "https:\/\/qiita.com\/#%E7%B5%90%E6%9E%9C",
                "text": "Qiitaは、プログラマのための技術情報共有サービスです。 プログラミングに関するTips、ノウハウ、メモを簡単に記録 &amp; 公開することができます。",
                "fallback": "Qiita: プログラマの技術情報共有サービス - Qiita",
                "thumb_url": "https:\/\/cdn.qiita.com\/assets\/qiita-fb-2887e7b4aad86fd8c25cea84846f2236.png",
                "from_url": "https:\/\/qiita.com\/#%E7%B5%90%E6%9E%9C",
                "thumb_width": 200,
                "thumb_height": 200,
                "service_icon": "https:\/\/cdn.qiita.com\/assets\/favicons\/public\/apple-touch-icon-f9a6afad761ec2306e10db2736187c8b.png",
                "id": 3,
                "original_url": "https:\/\/qiita.com\/#%E7%B5%90%E6%9E%9C"
            },
            {
                "service_name": "GitHub",
                "title": "shztki\/terraform-provider-nifcloud",
                "title_link": "https:\/\/github.com\/shztki\/terraform-provider-nifcloud",
                "text": "Unofficial Terraform Nifcloud provider. Contribute to shztki\/terraform-provider-nifcloud development by creating an account on GitHub.",
                "fallback": "GitHub: shztki\/terraform-provider-nifcloud",
                "thumb_url": "https:\/\/avatars1.githubusercontent.com\/u\/39618980?s=400&v=4",
                "from_url": "https:\/\/github.com\/shztki\/terraform-provider-nifcloud",
                "thumb_width": 420,
                "thumb_height": 420,
                "service_icon": "https:\/\/a.slack-edge.com\/80588\/img\/unfurl_icons\/github.png",
                "id": 4,
                "original_url": "https:\/\/github.com\/shztki\/terraform-provider-nifcloud"
            }
        ]
    },
    {
        "type": "message",
        "subtype": "bot_message",
        "text": "<https:\/\/www.reddit.com\/r\/Terraform\/comments\/dvv7qm\/local_docker_and_terraform_setup\/|Local Docker and Terraform setup>\nI am trying to achieve the following things  Trying to write a terraform script which can run all my microservices on a local machine - docker installed fetch all repos from github that needs to be deployed deploy each one as docker container (locally) But then for each new service, I will have to register it into the terraform code where it is fetching from github. So, is it a good idea to use Terraform or there is any other tool that will be good for this kind of job?    submitted by   &lt;a...",
        "ts": "1573667502.029200",
        "username": "Terraform ALL the Worlds!",
        "icons": {
            "image_48": "https:\/\/s3-us-west-2.amazonaws.com\/slack-files2\/bot_icons\/2019-02-12\/548785199618_48.png"
        },
        "bot_id": "BG3N7LG73",
        "attachments": [
            {
                "service_name": "reddit",
                "title": "Local Docker and Terraform setup",
                "title_link": "https:\/\/www.reddit.com\/r\/Terraform\/comments\/dvv7qm\/local_docker_and_terraform_setup\/",
                "text": "I am trying to achieve the following things - Trying to write a terraform script which can run all my microservices on a local machine - docker...",
                "fallback": "reddit: Local Docker and Terraform setup",
                "thumb_url": "https:\/\/www.redditstatic.com\/new-icon.png",
                "from_url": "https:\/\/www.reddit.com\/r\/Terraform\/comments\/dvv7qm\/local_docker_and_terraform_setup\/",
                "thumb_width": 256,
                "thumb_height": 256,
                "service_icon": "http:\/\/www.redditstatic.com\/desktop2x\/img\/favicon\/apple-icon-57x57.png",
                "id": 1,
                "original_url": "https:\/\/www.reddit.com\/r\/Terraform\/comments\/dvv7qm\/local_docker_and_terraform_setup\/"
            }
        ]
    },
    {
        "type": "message",
        "subtype": "bot_message",
        "text": "<https:\/\/www.reddit.com\/r\/Terraform\/comments\/dvzpll\/is_it_possible_to_have_the_vsphere_provider_not\/|Is it possible to have the vsphere provider not change the CPU or memory amount from a template?>\nLong story short, the team that runs our vmware infrastructure has taken away the ability for the devops team to make cpu or memory changes to VMs. This has caused terraform to stop functioning because the vsphere provider sets the amount of cpu and memory when it builds a server, even if those values match what is set in the template. ​ Is it possible to not have the vsphere provider make any changes to those and just use the values set on the template?    submitted by   &lt;a...",
        "ts": "1573685504.029400",
        "username": "Terraform ALL the Worlds!",
        "icons": {
            "image_48": "https:\/\/s3-us-west-2.amazonaws.com\/slack-files2\/bot_icons\/2019-02-12\/548785199618_48.png"
        },
        "bot_id": "BG3N7LG73",
        "attachments": [
            {
                "service_name": "reddit",
                "title": "Is it possible to have the vsphere provider not change the CPU or memory amount from a template?",
                "title_link": "https:\/\/www.reddit.com\/r\/Terraform\/comments\/dvzpll\/is_it_possible_to_have_the_vsphere_provider_not\/",
                "text": "Long story short, the team that runs our vmware infrastructure has taken away the ability for the devops team to make cpu or memory changes to...",
                "fallback": "reddit: Is it possible to have the vsphere provider not change the CPU or memory amount from a template?",
                "thumb_url": "https:\/\/www.redditstatic.com\/new-icon.png",
                "from_url": "https:\/\/www.reddit.com\/r\/Terraform\/comments\/dvzpll\/is_it_possible_to_have_the_vsphere_provider_not\/",
                "thumb_width": 256,
                "thumb_height": 256,
                "service_icon": "http:\/\/www.redditstatic.com\/desktop2x\/img\/favicon\/apple-icon-57x57.png",
                "id": 1,
                "original_url": "https:\/\/www.reddit.com\/r\/Terraform\/comments\/dvzpll\/is_it_possible_to_have_the_vsphere_provider_not\/"
            }
        ]
    },
    {
        "type": "message",
        "subtype": "bot_message",
        "text": "<https:\/\/www.reddit.com\/r\/Terraform\/comments\/dvzvut\/errors_between_provider_version_and_repo_version\/|Errors between provider version and repo version>\nI cloned the following repository locally: <https:\/\/github.com\/terraform-aws-modules\/terraform-aws-rds\/tree\/terraform011|https:\/\/github.com\/terraform-aws-modules\/terraform-aws-rds\/tree\/terraform011>\n I'm trying to run a simple rds module. My provider is version = \"~&gt; 2.23.\" Any suggestions at why I'm getting the following errors? For my project I have to use the above GitHub rds repo with terraform011. Error: Missing resource instance key on...",
        "ts": "1573685504.029500",
        "username": "Terraform ALL the Worlds!",
        "icons": {
            "image_48": "https:\/\/s3-us-west-2.amazonaws.com\/slack-files2\/bot_icons\/2019-02-12\/548785199618_48.png"
        },
        "bot_id": "BG3N7LG73",
        "attachments": [
            {
                "service_name": "reddit",
                "title": "Errors between provider version and repo version",
                "title_link": "https:\/\/www.reddit.com\/r\/Terraform\/comments\/dvzvut\/errors_between_provider_version_and_repo_version\/",
                "text": "I cloned the following repository...",
                "fallback": "reddit: Errors between provider version and repo version",
                "thumb_url": "https:\/\/www.redditstatic.com\/new-icon.png",
                "from_url": "https:\/\/www.reddit.com\/r\/Terraform\/comments\/dvzvut\/errors_between_provider_version_and_repo_version\/",
                "thumb_width": 256,
                "thumb_height": 256,
                "service_icon": "http:\/\/www.redditstatic.com\/desktop2x\/img\/favicon\/apple-icon-57x57.png",
                "id": 1,
                "original_url": "https:\/\/www.reddit.com\/r\/Terraform\/comments\/dvzvut\/errors_between_provider_version_and_repo_version\/"
            },
            {
                "service_name": "GitHub",
                "title": "terraform-aws-modules\/terraform-aws-rds",
                "title_link": "https:\/\/github.com\/terraform-aws-modules\/terraform-aws-rds\/tree\/terraform011",
                "text": "Terraform module which creates RDS resources on AWS - terraform-aws-modules\/terraform-aws-rds",
                "fallback": "GitHub: terraform-aws-modules\/terraform-aws-rds",
                "thumb_url": "https:\/\/avatars2.githubusercontent.com\/u\/31414033?s=400&v=4",
                "from_url": "https:\/\/github.com\/terraform-aws-modules\/terraform-aws-rds\/tree\/terraform011",
                "thumb_width": 400,
                "thumb_height": 400,
                "service_icon": "https:\/\/a.slack-edge.com\/80588\/img\/unfurl_icons\/github.png",
                "id": 2,
                "original_url": "https:\/\/github.com\/terraform-aws-modules\/terraform-aws-rds\/tree\/terraform011"
            }
        ]
    },
    {
        "type": "message",
        "subtype": "bot_message",
        "text": "<https:\/\/qiita.com\/kskumgk63\/items\/2f22515d420555adb002|terraform - 最新のタスクが実行されない>\n<https:\/\/qiita.com\/#%E3%81%AF%E3%81%98%E3%82%81%E3%81%AB>はじめに\n\n自己紹介\nGolangをメインにサーバーサイドエンジニアをやってます。\n<https:\/\/twitter.com\/kskumgk63|Twitter>\n\n\n<https:\/\/qiita.com\/#errorterraform%E3%81%A7%E4%BD%9C%E6%88%90%E3%81%97%E3%81%9Fecs%E3%81%8C%E5%8F%A4%E3%81%84%E3%82%BF%E3%82%B9%E3%82%AF%E3%82%92%E5%AE%9F%E8%A1%8C%E3%81%97%E3%81%A6%E3%81%84%E3%82%8B>（Error）terraformで作成したECSが古いタスクを実行している\n\nservice XXXXX was unable to place a...",
        "ts": "1573687014.029800",
        "username": "Terraformタグが付けられた新着記事 - Qiita",
        "icons": {
            "image_36": "https:\/\/a.slack-edge.com\/80588\/img\/services\/rss_36.png",
            "image_48": "https:\/\/a.slack-edge.com\/80588\/img\/services\/rss_48.png",
            "image_72": "https:\/\/a.slack-edge.com\/80588\/img\/services\/rss_72.png"
        },
        "bot_id": "BG3N7LG73",
        "attachments": [
            {
                "service_name": "Qiita",
                "title": "terraform - 最新のタスクが実行されない - Qiita",
                "title_link": "https:\/\/qiita.com\/kskumgk63\/items\/2f22515d420555adb002",
                "text": "# はじめに **自己紹介** Golangをメインにサーバーサイドエンジニアをやってます。 [Twitter](<https:\/\/twitter.com\/kskumgk63>) ## （Error）terraformで作成したECS...",
                "fallback": "Qiita: terraform - 最新のタスクが実行されない - Qiita",
                "thumb_url": "https:\/\/cdn.qiita.com\/assets\/qiita-fb-2887e7b4aad86fd8c25cea84846f2236.png",
                "from_url": "https:\/\/qiita.com\/kskumgk63\/items\/2f22515d420555adb002",
                "thumb_width": 200,
                "thumb_height": 200,
                "service_icon": "https:\/\/cdn.qiita.com\/assets\/favicons\/public\/apple-touch-icon-f9a6afad761ec2306e10db2736187c8b.png",
                "id": 1,
                "original_url": "https:\/\/qiita.com\/kskumgk63\/items\/2f22515d420555adb002"
            },
            {
                "service_name": "Qiita",
                "title": "プログラマの技術情報共有サービス - Qiita",
                "title_link": "https:\/\/qiita.com\/#%E3%81%AF%E3%81%98%E3%82%81%E3%81%AB",
                "text": "Qiitaは、プログラマのための技術情報共有サービスです。 プログラミングに関するTips、ノウハウ、メモを簡単に記録 &amp; 公開することができます。",
                "fallback": "Qiita: プログラマの技術情報共有サービス - Qiita",
                "thumb_url": "https:\/\/cdn.qiita.com\/assets\/qiita-fb-2887e7b4aad86fd8c25cea84846f2236.png",
                "from_url": "https:\/\/qiita.com\/#%E3%81%AF%E3%81%98%E3%82%81%E3%81%AB",
                "thumb_width": 200,
                "thumb_height": 200,
                "service_icon": "https:\/\/cdn.qiita.com\/assets\/favicons\/public\/apple-touch-icon-f9a6afad761ec2306e10db2736187c8b.png",
                "id": 2,
                "original_url": "https:\/\/qiita.com\/#%E3%81%AF%E3%81%98%E3%82%81%E3%81%AB"
            },
            {
                "title": "うめ (@kskumgk63) | Twitter",
                "title_link": "https:\/\/twitter.com\/kskumgk63",
                "text": "The latest Tweets from うめ (@kskumgk63). 現場で得た学びをつぶやきます。HR Techを開発しているサーバーサイドエンジニア。Golang \/ Node.js \/ AWS:link: <https:\/\/t.co\/ui1tY7OKta>. Roppongi, Tokyo",
                "fallback": "うめ (@kskumgk63) | Twitter",
                "from_url": "https:\/\/twitter.com\/kskumgk63",
                "service_icon": "https:\/\/abs.twimg.com\/icons\/apple-touch-icon-192x192.png",
                "service_name": "twitter.com",
                "id": 3,
                "original_url": "https:\/\/twitter.com\/kskumgk63"
            },
            {
                "service_name": "Qiita",
                "title": "プログラマの技術情報共有サービス - Qiita",
                "title_link": "https:\/\/qiita.com\/#errorterraform%E3%81%A7%E4%BD%9C%E6%88%90%E3%81%97%E3%81%9Fecs%E3%81%8C%E5%8F%A4%E3%81%84%E3%82%BF%E3%82%B9%E3%82%AF%E3%82%92%E5%AE%9F%E8%A1%8C%E3%81%97%E3%81%A6%E3%81%84%E3%82%8B",
                "text": "Qiitaは、プログラマのための技術情報共有サービスです。 プログラミングに関するTips、ノウハウ、メモを簡単に記録 &amp; 公開することができます。",
                "fallback": "Qiita: プログラマの技術情報共有サービス - Qiita",
                "thumb_url": "https:\/\/cdn.qiita.com\/assets\/qiita-fb-2887e7b4aad86fd8c25cea84846f2236.png",
                "from_url": "https:\/\/qiita.com\/#errorterraform%E3%81%A7%E4%BD%9C%E6%88%90%E3%81%97%E3%81%9Fecs%E3%81%8C%E5%8F%A4%E3%81%84%E3%82%BF%E3%82%B9%E3%82%AF%E3%82%92%E5%AE%9F%E8%A1%8C%E3%81%97%E3%81%A6%E3%81%84%E3%82%8B",
                "thumb_width": 200,
                "thumb_height": 200,
                "service_icon": "https:\/\/cdn.qiita.com\/assets\/favicons\/public\/apple-touch-icon-f9a6afad761ec2306e10db2736187c8b.png",
                "id": 4,
                "original_url": "https:\/\/qiita.com\/#errorterraform%E3%81%A7%E4%BD%9C%E6%88%90%E3%81%97%E3%81%9Fecs%E3%81%8C%E5%8F%A4%E3%81%84%E3%82%BF%E3%82%B9%E3%82%AF%E3%82%92%E5%AE%9F%E8%A1%8C%E3%81%97%E3%81%A6%E3%81%84%E3%82%8B"
            }
        ]
    },
    {
        "type": "message",
        "subtype": "bot_message",
        "text": "<https:\/\/www.reddit.com\/r\/Terraform\/comments\/dw0mfo\/detecting_manual_aws_console_actions\/|Detecting Manual AWS Console Actions>\nsubmitted by   <https:\/\/www.reddit.com\/user\/stikko| \/u\/stikko > \n<https:\/\/arkadiyt.com\/2019\/11\/12\/detecting-manual-aws-console-actions\/|[link]>   <https:\/\/www.reddit.com\/r\/Terraform\/comments\/dw0mfo\/detecting_manual_aws_console_actions\/|[comments]>",
        "ts": "1573689107.030000",
        "username": "Terraform ALL the Worlds!",
        "icons": {
            "image_48": "https:\/\/s3-us-west-2.amazonaws.com\/slack-files2\/bot_icons\/2019-02-12\/548785199618_48.png"
        },
        "bot_id": "BG3N7LG73",
        "attachments": [
            {
                "service_name": "reddit",
                "title": "Detecting Manual AWS Console Actions",
                "title_link": "https:\/\/www.reddit.com\/r\/Terraform\/comments\/dw0mfo\/detecting_manual_aws_console_actions\/",
                "text": "Posted in r\/Terraform by u\/stikko • 1 point and 0 comments",
                "fallback": "reddit: Detecting Manual AWS Console Actions",
                "thumb_url": "https:\/\/a.thumbs.redditmedia.com\/1eAsJV8AxNP-sVpdOzv_7j25GHhXKamH3LbhCgF_qI8.jpg",
                "from_url": "https:\/\/www.reddit.com\/r\/Terraform\/comments\/dw0mfo\/detecting_manual_aws_console_actions\/",
                "thumb_width": 140,
                "thumb_height": 77,
                "service_icon": "http:\/\/www.redditstatic.com\/desktop2x\/img\/favicon\/apple-icon-57x57.png",
                "id": 1,
                "original_url": "https:\/\/www.reddit.com\/r\/Terraform\/comments\/dw0mfo\/detecting_manual_aws_console_actions\/"
            },
            {
                "title": "overview for stikko",
                "title_link": "https:\/\/www.reddit.com\/user\/stikko",
                "text": "The u\/stikko community on Reddit. Reddit gives you the best of the internet in one place.",
                "fallback": "overview for stikko",
                "from_url": "https:\/\/www.reddit.com\/user\/stikko",
                "service_icon": "http:\/\/www.redditstatic.com\/desktop2x\/img\/favicon\/apple-icon-57x57.png",
                "service_name": "reddit.com",
                "id": 2,
                "original_url": "https:\/\/www.reddit.com\/user\/stikko"
            },
            {
                "title": "Detecting Manual AWS Console Actions",
                "title_link": "https:\/\/arkadiyt.com\/2019\/11\/12\/detecting-manual-aws-console-actions\/",
                "text": "Practice infrastructure-as-code in your organization and learn how to detect when engineers make manual changes in your AWS Console",
                "fallback": "Detecting Manual AWS Console Actions",
                "image_url": "https:\/\/arkadiyt.com\/images\/manual-aws-console\/alert.png",
                "from_url": "https:\/\/arkadiyt.com\/2019\/11\/12\/detecting-manual-aws-console-actions\/",
                "image_width": 450,
                "image_height": 250,
                "image_bytes": 71888,
                "service_icon": "https:\/\/arkadiyt.com\/favicon.ico",
                "service_name": "arkadiyt.com",
                "id": 3,
                "original_url": "https:\/\/arkadiyt.com\/2019\/11\/12\/detecting-manual-aws-console-actions\/"
            }
        ]
    },
    {
        "type": "message",
        "subtype": "bot_message",
        "text": "<https:\/\/dev.classmethod.jp\/cloud\/aws\/creating-connections-between-vpcs-bia-transit-gateway-by-terraform\/|Transit GatewayでVPC間通信する構成をTerraformで作成してみた>\n以下のエントリで紹介されていたTransit GatewayでVPC間通信を行なう構成を、Terraformを使って構築してみました。 Transit Gatewayを利用してVPC間で通信してみた 構成図 ディレクトリ […]",
        "ts": "1573691449.030200",
        "username": "Terraform – Developers.IO",
        "icons": {
            "image_36": "https:\/\/a.slack-edge.com\/80588\/img\/services\/rss_36.png",
            "image_48": "https:\/\/a.slack-edge.com\/80588\/img\/services\/rss_48.png",
            "image_72": "https:\/\/a.slack-edge.com\/80588\/img\/services\/rss_72.png"
        },
        "bot_id": "BG3N7LG73",
        "attachments": [
            {
                "service_name": "Developers.IO | クラスメソッド発「やってみた」系技術メディア",
                "title": "Transit GatewayでVPC間通信する構成をTerraformで作成してみた | Developers.IO",
                "title_link": "https:\/\/dev.classmethod.jp\/cloud\/aws\/creating-connections-between-vpcs-bia-transit-gateway-by-terraform\/",
                "text": "以下のエントリで紹介されていたTransit GatewayでVPC間通信を行なう構成を、Terraformを使って構築してみました。 Transit Gatewayを利用してVPC間で通信してみた 構成図 ディレクトリ […]",
                "fallback": "Developers.IO | クラスメソッド発「やってみた」系技術メディア: Transit GatewayでVPC間通信する構成をTerraformで作成してみた | Developers.IO",
                "image_url": "https:\/\/cdn-ssl-devio-img.classmethod.jp\/wp-content\/uploads\/2019\/05\/aws-transit-gateway.png",
                "from_url": "https:\/\/dev.classmethod.jp\/cloud\/aws\/creating-connections-between-vpcs-bia-transit-gateway-by-terraform\/",
                "image_width": 476,
                "image_height": 250,
                "image_bytes": 14672,
                "service_icon": "https:\/\/cdn-ssl-devio-img.classmethod.jp\/wp-content\/uploads\/2017\/07\/icatch2017.png",
                "id": 1,
                "original_url": "https:\/\/dev.classmethod.jp\/cloud\/aws\/creating-connections-between-vpcs-bia-transit-gateway-by-terraform\/"
            }
        ]
    },
    {
        "type": "message",
        "subtype": "bot_message",
        "text": "<https:\/\/www.reddit.com\/r\/Terraform\/comments\/dw39ke\/anyone_had_any_good_recommendations_for\/|Anyone had any good recommendations for credential management with GitLab CICD?>\nI wanted to look at integrations with Terraform Cloud and GitLab to trigger deployments but am struggling with a good workflow for getting and setting credentials for an AWS account.  The idea is I’d have these projects public but as i work this out it doesn’t look like that’s gonna be possible.  Any recommendations would be greatly appreciated.    submitted by   <https:\/\/www.reddit.com\/user\/tank_r| \/u\/tank_r > \n&lt;a...",
        "ts": "1573701711.030400",
        "username": "Terraform ALL the Worlds!",
        "icons": {
            "image_48": "https:\/\/s3-us-west-2.amazonaws.com\/slack-files2\/bot_icons\/2019-02-12\/548785199618_48.png"
        },
        "bot_id": "BG3N7LG73",
        "attachments": [
            {
                "service_name": "reddit",
                "title": "Anyone had any good recommendations for credential management with GitLab CICD?",
                "title_link": "https:\/\/www.reddit.com\/r\/Terraform\/comments\/dw39ke\/anyone_had_any_good_recommendations_for\/",
                "text": "I wanted to look at integrations with Terraform Cloud and GitLab to trigger deployments but am struggling with a good workflow for getting and...",
                "fallback": "reddit: Anyone had any good recommendations for credential management with GitLab CICD?",
                "thumb_url": "https:\/\/www.redditstatic.com\/new-icon.png",
                "from_url": "https:\/\/www.reddit.com\/r\/Terraform\/comments\/dw39ke\/anyone_had_any_good_recommendations_for\/",
                "thumb_width": 256,
                "thumb_height": 256,
                "service_icon": "http:\/\/www.redditstatic.com\/desktop2x\/img\/favicon\/apple-icon-57x57.png",
                "id": 1,
                "original_url": "https:\/\/www.reddit.com\/r\/Terraform\/comments\/dw39ke\/anyone_had_any_good_recommendations_for\/"
            },
            {
                "title": "overview for tank_r",
                "title_link": "https:\/\/www.reddit.com\/user\/tank_r",
                "text": "The u\/tank_r community on Reddit. Reddit gives you the best of the internet in one place.",
                "fallback": "overview for tank_r",
                "from_url": "https:\/\/www.reddit.com\/user\/tank_r",
                "service_icon": "http:\/\/www.redditstatic.com\/desktop2x\/img\/favicon\/apple-icon-57x57.png",
                "service_name": "reddit.com",
                "id": 2,
                "original_url": "https:\/\/www.reddit.com\/user\/tank_r"
            }
        ]
    }
]