[
    {
        "type": "message",
        "subtype": "bot_message",
        "text": "<https:\/\/www.reddit.com\/r\/Terraform\/comments\/dtyw9i\/confused_on_nested_for_loops\/|Confused on nested for loops>\nI'm attempting to manage github users and teams with terraform. The idea is I want to pass a list of objects that looks something like this: users = [ { username = \"user1\" role = \"member\" teams = [123456, 789012, 345678] }, { username = \"user2\" role = \"admin\" teams = [456789, 123456] } ]  On the module side I'm hoping to split this out to add the user to the org, and the list of groups that user should be added to. So far I have something like this in the module: resource \"github_membership\"...",
        "ts": "1573321607.025400",
        "username": "Terraform ALL the Worlds!",
        "icons": {
            "image_48": "https:\/\/s3-us-west-2.amazonaws.com\/slack-files2\/bot_icons\/2019-02-12\/548785199618_48.png"
        },
        "bot_id": "BG3N7LG73",
        "attachments": [
            {
                "service_name": "reddit",
                "title": "Confused on nested for loops",
                "title_link": "https:\/\/www.reddit.com\/r\/Terraform\/comments\/dtyw9i\/confused_on_nested_for_loops\/",
                "text": "I'm attempting to manage github users and teams with terraform. The idea is I want to pass a list of objects that looks something like this: ...",
                "fallback": "reddit: Confused on nested for loops",
                "thumb_url": "https:\/\/www.redditstatic.com\/new-icon.png",
                "from_url": "https:\/\/www.reddit.com\/r\/Terraform\/comments\/dtyw9i\/confused_on_nested_for_loops\/",
                "thumb_width": 256,
                "thumb_height": 256,
                "service_icon": "http:\/\/www.redditstatic.com\/desktop2x\/img\/favicon\/apple-icon-57x57.png",
                "id": 1,
                "original_url": "https:\/\/www.reddit.com\/r\/Terraform\/comments\/dtyw9i\/confused_on_nested_for_loops\/"
            }
        ]
    },
    {
        "type": "message",
        "subtype": "bot_message",
        "text": "<https:\/\/www.reddit.com\/r\/Terraform\/comments\/du16s0\/anyone_know_anything_about_the_state_of_config\/|Anyone know anything about the state of config generation on import?>\nsubmitted by   <https:\/\/www.reddit.com\/user\/LazlowsBAWSAQ| \/u\/LazlowsBAWSAQ > \n<https:\/\/github.com\/hashicorp\/terraform\/issues\/15608|[link]>   <https:\/\/www.reddit.com\/r\/Terraform\/comments\/du16s0\/anyone_know_anything_about_the_state_of_config\/|[comments]>",
        "ts": "1573331503.025600",
        "username": "Terraform ALL the Worlds!",
        "icons": {
            "image_48": "https:\/\/s3-us-west-2.amazonaws.com\/slack-files2\/bot_icons\/2019-02-12\/548785199618_48.png"
        },
        "bot_id": "BG3N7LG73",
        "attachments": [
            {
                "service_name": "reddit",
                "title": "Anyone know anything about the state of config generation on import?",
                "title_link": "https:\/\/www.reddit.com\/r\/Terraform\/comments\/du16s0\/anyone_know_anything_about_the_state_of_config\/",
                "text": "Posted in r\/Terraform by u\/LazlowsBAWSAQ • 1 point and 0 comments",
                "fallback": "reddit: Anyone know anything about the state of config generation on import?",
                "thumb_url": "https:\/\/a.thumbs.redditmedia.com\/pmMd6-ykcplK9Jp1tlCjnpi9GKbpyWMTaL6EaQo3Vw4.jpg",
                "from_url": "https:\/\/www.reddit.com\/r\/Terraform\/comments\/du16s0\/anyone_know_anything_about_the_state_of_config\/",
                "thumb_width": 140,
                "thumb_height": 140,
                "service_icon": "http:\/\/www.redditstatic.com\/desktop2x\/img\/favicon\/apple-icon-57x57.png",
                "id": 1,
                "original_url": "https:\/\/www.reddit.com\/r\/Terraform\/comments\/du16s0\/anyone_know_anything_about_the_state_of_config\/"
            },
            {
                "title": "overview for LazlowsBAWSAQ",
                "title_link": "https:\/\/www.reddit.com\/user\/LazlowsBAWSAQ",
                "text": "The u\/LazlowsBAWSAQ community on Reddit. Reddit gives you the best of the internet in one place.",
                "fallback": "overview for LazlowsBAWSAQ",
                "from_url": "https:\/\/www.reddit.com\/user\/LazlowsBAWSAQ",
                "service_icon": "http:\/\/www.redditstatic.com\/desktop2x\/img\/favicon\/apple-icon-57x57.png",
                "service_name": "reddit.com",
                "id": 2,
                "original_url": "https:\/\/www.reddit.com\/user\/LazlowsBAWSAQ"
            },
            {
                "service_name": "GitHub",
                "title": "Feature request: Import resource into .tfstate AND create a HCL resource definition in .tf file · Issue #15608 · hashicorp\/terraform",
                "title_link": "https:\/\/github.com\/hashicorp\/terraform\/issues\/15608",
                "text": "terraform import is used for importing a resource into Terraform state, as per tf import --help: In the current state of Terraform import, the resource is only imported into your state file. Once i...",
                "fallback": "GitHub: Feature request: Import resource into .tfstate AND create a HCL resource definition in .tf file · Issue #15608 · hashicorp\/terraform",
                "thumb_url": "https:\/\/avatars0.githubusercontent.com\/u\/761456?s=400&v=4",
                "from_url": "https:\/\/github.com\/hashicorp\/terraform\/issues\/15608",
                "thumb_width": 399,
                "thumb_height": 399,
                "service_icon": "https:\/\/a.slack-edge.com\/80588\/img\/unfurl_icons\/github.png",
                "id": 3,
                "original_url": "https:\/\/github.com\/hashicorp\/terraform\/issues\/15608"
            }
        ]
    }
]