[
    {
        "type": "message",
        "subtype": "bot_message",
        "text": "<https:\/\/www.reddit.com\/r\/Terraform\/comments\/e1v0ze\/full_infrastructure_as_code_with_terraform\/|Full Infrastructure as Code with Terraform, Ansible and Docker Swarm>\nsubmitted by   <https:\/\/www.reddit.com\/user\/Thomvaill| \/u\/Thomvaill > \n<https:\/\/github.com\/Thomvaill\/tads-boilerplate|[link]>   <https:\/\/www.reddit.com\/r\/Terraform\/comments\/e1v0ze\/full_infrastructure_as_code_with_terraform\/|[comments]>",
        "ts": "1574757111.036900",
        "username": "Terraform ALL the Worlds!",
        "icons": {
            "image_48": "https:\/\/s3-us-west-2.amazonaws.com\/slack-files2\/bot_icons\/2019-02-12\/548785199618_48.png"
        },
        "bot_id": "BG3N7LG73",
        "attachments": [
            {
                "service_name": "reddit",
                "title": "Full Infrastructure as Code with Terraform, Ansible and Docker Swarm",
                "title_link": "https:\/\/www.reddit.com\/r\/Terraform\/comments\/e1v0ze\/full_infrastructure_as_code_with_terraform\/",
                "text": "Posted in r\/Terraform by u\/Thomvaill • 1 point and 0 comments",
                "fallback": "reddit: Full Infrastructure as Code with Terraform, Ansible and Docker Swarm",
                "thumb_url": "https:\/\/b.thumbs.redditmedia.com\/IrJAF8_sP-oHzNp5Y61LkQRtnEwDviUZlLOIz3ebY5g.jpg",
                "from_url": "https:\/\/www.reddit.com\/r\/Terraform\/comments\/e1v0ze\/full_infrastructure_as_code_with_terraform\/",
                "thumb_width": 140,
                "thumb_height": 70,
                "service_icon": "http:\/\/www.redditstatic.com\/desktop2x\/img\/favicon\/apple-icon-57x57.png",
                "id": 1,
                "original_url": "https:\/\/www.reddit.com\/r\/Terraform\/comments\/e1v0ze\/full_infrastructure_as_code_with_terraform\/"
            },
            {
                "title": "overview for Thomvaill",
                "title_link": "https:\/\/www.reddit.com\/user\/Thomvaill",
                "text": "The u\/Thomvaill community on Reddit. Reddit gives you the best of the internet in one place.",
                "fallback": "overview for Thomvaill",
                "from_url": "https:\/\/www.reddit.com\/user\/Thomvaill",
                "service_icon": "http:\/\/www.redditstatic.com\/desktop2x\/img\/favicon\/apple-icon-57x57.png",
                "service_name": "reddit.com",
                "id": 2,
                "original_url": "https:\/\/www.reddit.com\/user\/Thomvaill"
            },
            {
                "service_name": "GitHub",
                "title": "Thomvaill\/tads-boilerplate",
                "title_link": "https:\/\/github.com\/Thomvaill\/tads-boilerplate",
                "text": "Terraform + Ansible + Docker Swarm boilerplate = DevOps on :fire::fire::fire: | Infrastructure as Code - Thomvaill\/tads-boilerplate",
                "fallback": "GitHub: Thomvaill\/tads-boilerplate",
                "from_url": "https:\/\/github.com\/Thomvaill\/tads-boilerplate",
                "thumb_url": "https:\/\/repository-images.githubusercontent.com\/218020487\/77bf8580-0b9e-11ea-9dd3-d9c4328fa867",
                "thumb_width": 500,
                "thumb_height": 250,
                "service_icon": "https:\/\/a.slack-edge.com\/80588\/img\/unfurl_icons\/github.png",
                "id": 3,
                "original_url": "https:\/\/github.com\/Thomvaill\/tads-boilerplate"
            }
        ]
    },
    {
        "type": "message",
        "subtype": "bot_message",
        "text": "<https:\/\/qiita.com\/iwase10moya\/items\/996b44fda8f7784bb2f7|TerraformとSAMでAWSリソースを用意する人のための実行環境をdockerで作るよ>\n下記をDockerfileとしてLinux上に用意してください。\n\nFROM python:3.8 as baseimage\n\nRUN pip install \\\n      awscli \\\n      aws-sam-cli\n\n# terraformバージョン指定\nARG terraform_version=\"0.12.16\"\n\nWORKDIR \/root\/\nADD <https:\/\/releases.hashicorp.com\/terraform\/${terraform_version}\/terraform_${terraform_version}_linux_amd64.zip> .\/\nRUN unzip \/root\/terraform_${terraform_version}_linux_amd64.zip -d \/usr\/bin\/ \\\n&amp;&amp; chmod +x \/usr\/bin\/terraform\n\n# --------------------------------------------------\nFROM python:3.8-alpine3.10\n\n# pip...",
        "ts": "1574767006.037100",
        "username": "Terraformタグが付けられた新着記事 - Qiita",
        "icons": {
            "image_36": "https:\/\/a.slack-edge.com\/80588\/img\/services\/rss_36.png",
            "image_48": "https:\/\/a.slack-edge.com\/80588\/img\/services\/rss_48.png",
            "image_72": "https:\/\/a.slack-edge.com\/80588\/img\/services\/rss_72.png"
        },
        "bot_id": "BG3N7LG73",
        "attachments": [
            {
                "service_name": "Qiita",
                "title": "TerraformとSAMでAWSリソースを用意する人のための実行環境をdockerで作るよ - Qiita",
                "title_link": "https:\/\/qiita.com\/iwase10moya\/items\/996b44fda8f7784bb2f7",
                "text": "下記をDockerfileとしてLinux上に用意してください。 ```Dockerfile FROM python:3.8 as baseimage RUN pip install \\ awscli \\ ...",
                "fallback": "Qiita: TerraformとSAMでAWSリソースを用意する人のための実行環境をdockerで作るよ - Qiita",
                "thumb_url": "https:\/\/cdn.qiita.com\/assets\/qiita-fb-2887e7b4aad86fd8c25cea84846f2236.png",
                "from_url": "https:\/\/qiita.com\/iwase10moya\/items\/996b44fda8f7784bb2f7",
                "thumb_width": 200,
                "thumb_height": 200,
                "service_icon": "https:\/\/cdn.qiita.com\/assets\/favicons\/public\/apple-touch-icon-f9a6afad761ec2306e10db2736187c8b.png",
                "id": 1,
                "original_url": "https:\/\/qiita.com\/iwase10moya\/items\/996b44fda8f7784bb2f7"
            }
        ]
    },
    {
        "type": "message",
        "subtype": "bot_message",
        "text": "<https:\/\/qiita.com\/khayama\/items\/07266c98b32769cf84e0|IBM Cloud Schematics (Terraform as a Service) を使って Classic VSI を立てる>\n<https:\/\/qiita.com\/#%E3%81%AF%E3%81%98%E3%82%81%E3%81%AB>はじめに\n\n2019年10月に IBM Cloud Schematics (Terraform as a Service) の GA が発表されました。\n\n\n<https:\/\/www.ibm.com\/cloud\/blog\/announcements\/ibm-cloud-schematics-enabling-infrastructure-as-code|IBM Cloud Schematics: Enabling Infrastructure as Code | IBM>\n\n\nIBM Cloud VPC のサービス開始もあり、Terraform を使って、マルチクラウドのリソース管理をコードベースでおこなっていくという流れがあり、その実行環境としてマネージドサービスを提供するものです。\n\nTerraform...",
        "ts": "1574786514.037300",
        "username": "Terraformタグが付けられた新着記事 - Qiita",
        "icons": {
            "image_36": "https:\/\/a.slack-edge.com\/80588\/img\/services\/rss_36.png",
            "image_48": "https:\/\/a.slack-edge.com\/80588\/img\/services\/rss_48.png",
            "image_72": "https:\/\/a.slack-edge.com\/80588\/img\/services\/rss_72.png"
        },
        "bot_id": "BG3N7LG73",
        "attachments": [
            {
                "service_name": "Qiita",
                "title": "IBM Cloud Schematics (Terraform as a Service) を使って Classic VSI を立てる - Qiita",
                "title_link": "https:\/\/qiita.com\/khayama\/items\/07266c98b32769cf84e0",
                "text": "# はじめに 2019年10月に IBM Cloud Schematics (Terraform as a Service) の GA が発表されました。 &gt;[IBM Cloud Schematics: Enabling ...",
                "fallback": "Qiita: IBM Cloud Schematics (Terraform as a Service) を使って Classic VSI を立てる - Qiita",
                "thumb_url": "https:\/\/cdn.qiita.com\/assets\/qiita-fb-2887e7b4aad86fd8c25cea84846f2236.png",
                "from_url": "https:\/\/qiita.com\/khayama\/items\/07266c98b32769cf84e0",
                "thumb_width": 200,
                "thumb_height": 200,
                "service_icon": "https:\/\/cdn.qiita.com\/assets\/favicons\/public\/apple-touch-icon-f9a6afad761ec2306e10db2736187c8b.png",
                "id": 1,
                "original_url": "https:\/\/qiita.com\/khayama\/items\/07266c98b32769cf84e0"
            },
            {
                "service_name": "Qiita",
                "title": "プログラマの技術情報共有サービス - Qiita",
                "title_link": "https:\/\/qiita.com\/#%E3%81%AF%E3%81%98%E3%82%81%E3%81%AB",
                "text": "Qiitaは、プログラマのための技術情報共有サービスです。 プログラミングに関するTips、ノウハウ、メモを簡単に記録 &amp; 公開することができます。",
                "fallback": "Qiita: プログラマの技術情報共有サービス - Qiita",
                "thumb_url": "https:\/\/cdn.qiita.com\/assets\/qiita-fb-2887e7b4aad86fd8c25cea84846f2236.png",
                "from_url": "https:\/\/qiita.com\/#%E3%81%AF%E3%81%98%E3%82%81%E3%81%AB",
                "thumb_width": 200,
                "thumb_height": 200,
                "service_icon": "https:\/\/cdn.qiita.com\/assets\/favicons\/public\/apple-touch-icon-f9a6afad761ec2306e10db2736187c8b.png",
                "id": 2,
                "original_url": "https:\/\/qiita.com\/#%E3%81%AF%E3%81%98%E3%82%81%E3%81%AB"
            }
        ]
    },
    {
        "type": "message",
        "subtype": "bot_message",
        "text": "<https:\/\/www.reddit.com\/r\/Terraform\/comments\/e22803\/terraform_interpolation\/|Terraform Interpolation>\nHow to loop through the map(list(string)) Variables \"map\" { default = {  one = [\"abc\"] two = [\"cde\", \"fgh\", \"ink\"]  } I tried [\"${element (value(var.map)), count.index}\"] but not working.    submitted by   <https:\/\/www.reddit.com\/user\/jithinraj89| \/u\/jithinraj89 > \n<https:\/\/www.reddit.com\/r\/Terraform\/comments\/e22803\/terraform_interpolation\/|[link]>   <https:\/\/www.reddit.com\/r\/Terraform\/comments\/e22803\/terraform_interpolation\/|[comments]>",
        "ts": "1574793393.037500",
        "username": "Terraform ALL the Worlds!",
        "icons": {
            "image_48": "https:\/\/s3-us-west-2.amazonaws.com\/slack-files2\/bot_icons\/2019-02-12\/548785199618_48.png"
        },
        "bot_id": "BG3N7LG73",
        "attachments": [
            {
                "service_name": "reddit",
                "title": "Terraform Interpolation",
                "title_link": "https:\/\/www.reddit.com\/r\/Terraform\/comments\/e22803\/terraform_interpolation\/",
                "text": "How to loop through the map(list(string)) Variables \"map\" { default = { one = [\"abc\"] two = [\"cde\", \"fgh\",...",
                "fallback": "reddit: Terraform Interpolation",
                "thumb_url": "https:\/\/www.redditstatic.com\/new-icon.png",
                "from_url": "https:\/\/www.reddit.com\/r\/Terraform\/comments\/e22803\/terraform_interpolation\/",
                "thumb_width": 256,
                "thumb_height": 256,
                "service_icon": "http:\/\/www.redditstatic.com\/desktop2x\/img\/favicon\/apple-icon-57x57.png",
                "id": 1,
                "original_url": "https:\/\/www.reddit.com\/r\/Terraform\/comments\/e22803\/terraform_interpolation\/"
            },
            {
                "title": "overview for jithinraj89",
                "title_link": "https:\/\/www.reddit.com\/user\/jithinraj89",
                "text": "The u\/jithinraj89 community on Reddit. Reddit gives you the best of the internet in one place.",
                "fallback": "overview for jithinraj89",
                "from_url": "https:\/\/www.reddit.com\/user\/jithinraj89",
                "service_icon": "http:\/\/www.redditstatic.com\/desktop2x\/img\/favicon\/apple-icon-57x57.png",
                "service_name": "reddit.com",
                "id": 2,
                "original_url": "https:\/\/www.reddit.com\/user\/jithinraj89"
            }
        ]
    },
    {
        "type": "message",
        "subtype": "bot_message",
        "text": "<https:\/\/www.reddit.com\/r\/Terraform\/comments\/e22ljz\/invalid_reference_error\/|\"Invalid Reference\" error>\nReceiving this error after upgrading to 0.12:  on vm\/main.tf line 19, in data \"vsphere_resource_pool\" \"general\": 19: name = var.vspherecluster\/Resources A reference to a resource type must be followed by at least one attribute access, specifying the resource name.  Resources is underlined. Code: data \"vsphere_resource_pool\" \"general\" { name = var.vspherecluster\/Resources datacenter_id = data.vsphere_datacenter.general.id }  Not sure how to fix. I would guess it's because I'm not using...",
        "ts": "1574795787.037700",
        "username": "Terraform ALL the Worlds!",
        "icons": {
            "image_48": "https:\/\/s3-us-west-2.amazonaws.com\/slack-files2\/bot_icons\/2019-02-12\/548785199618_48.png"
        },
        "bot_id": "BG3N7LG73",
        "attachments": [
            {
                "service_name": "reddit",
                "title": "\"Invalid Reference\" error",
                "title_link": "https:\/\/www.reddit.com\/r\/Terraform\/comments\/e22ljz\/invalid_reference_error\/",
                "text": "Receiving this error after upgrading to 0.12: on vm\/main.tf line 19, in data \"vsphere_resource_pool\" \"general\": 19: name =...",
                "fallback": "reddit: \"Invalid Reference\" error",
                "thumb_url": "https:\/\/www.redditstatic.com\/new-icon.png",
                "from_url": "https:\/\/www.reddit.com\/r\/Terraform\/comments\/e22ljz\/invalid_reference_error\/",
                "thumb_width": 256,
                "thumb_height": 256,
                "service_icon": "http:\/\/www.redditstatic.com\/desktop2x\/img\/favicon\/apple-icon-57x57.png",
                "id": 1,
                "original_url": "https:\/\/www.reddit.com\/r\/Terraform\/comments\/e22ljz\/invalid_reference_error\/"
            }
        ]
    },
    {
        "type": "message",
        "subtype": "bot_message",
        "text": "<https:\/\/www.reddit.com\/r\/Terraform\/comments\/e244pk\/care_for_the_truth_watch_this_truth_unveiled_part\/|Care for the truth? Watch this (Truth Unveiled Part One)>\n<https:\/\/www.youtube.com\/watch?v=S1ZEAykfOJ4|https:\/\/www.youtube.com\/watch?v=S1ZEAykfOJ4>    submitted by   <https:\/\/www.reddit.com\/user\/JohnathonSaid| \/u\/JohnathonSaid > \n<https:\/\/www.reddit.com\/r\/Terraform\/comments\/e244pk\/care_for_the_truth_watch_this_truth_unveiled_part\/|[link]>   <https:\/\/www.reddit.com\/r\/Terraform\/comments\/e244pk\/care_for_the_truth_watch_this_truth_unveiled_part\/|[comments]>",
        "ts": "1574801790.037900",
        "username": "Terraform ALL the Worlds!",
        "icons": {
            "image_48": "https:\/\/s3-us-west-2.amazonaws.com\/slack-files2\/bot_icons\/2019-02-12\/548785199618_48.png"
        },
        "bot_id": "BG3N7LG73",
        "attachments": [
            {
                "service_name": "reddit",
                "title": "Care for the truth? Watch this (Truth Unveiled Part One)",
                "title_link": "https:\/\/www.reddit.com\/r\/Terraform\/comments\/e244pk\/care_for_the_truth_watch_this_truth_unveiled_part\/",
                "text": "[<https:\/\/www.youtube.com\/watch?v=S1ZEAykfOJ4>](<https:\/\/www.youtube.com\/watch?v=S1ZEAykfOJ4>)",
                "fallback": "reddit: Care for the truth? Watch this (Truth Unveiled Part One)",
                "thumb_url": "https:\/\/www.redditstatic.com\/new-icon.png",
                "from_url": "https:\/\/www.reddit.com\/r\/Terraform\/comments\/e244pk\/care_for_the_truth_watch_this_truth_unveiled_part\/",
                "thumb_width": 256,
                "thumb_height": 256,
                "service_icon": "http:\/\/www.redditstatic.com\/desktop2x\/img\/favicon\/apple-icon-57x57.png",
                "id": 1,
                "original_url": "https:\/\/www.reddit.com\/r\/Terraform\/comments\/e244pk\/care_for_the_truth_watch_this_truth_unveiled_part\/"
            },
            {
                "service_name": "YouTube",
                "service_url": "https:\/\/www.youtube.com\/",
                "title": "Truth Unveiled Part One",
                "title_link": "https:\/\/www.youtube.com\/watch?v=S1ZEAykfOJ4",
                "author_name": "GoodFruitForGod",
                "author_link": "https:\/\/www.youtube.com\/channel\/UCfSvlk5esXwVqsiZjAgC3cg",
                "thumb_url": "https:\/\/i.ytimg.com\/vi\/S1ZEAykfOJ4\/hqdefault.jpg",
                "thumb_width": 480,
                "thumb_height": 360,
                "fallback": "YouTube Video: Truth Unveiled Part One",
                "video_html": "<iframe width=\"400\" height=\"225\" src=\"https:\/\/www.youtube.com\/embed\/S1ZEAykfOJ4?feature=oembed&autoplay=1&iv_load_policy=3\" frameborder=\"0\" allow=\"accelerometer; autoplay; encrypted-media; gyroscope; picture-in-picture\" allowfullscreen><\/iframe>",
                "video_html_width": 400,
                "video_html_height": 225,
                "from_url": "https:\/\/www.youtube.com\/watch?v=S1ZEAykfOJ4",
                "service_icon": "https:\/\/a.slack-edge.com\/80588\/img\/unfurl_icons\/youtube.png",
                "id": 2,
                "original_url": "https:\/\/www.youtube.com\/watch?v=S1ZEAykfOJ4"
            },
            {
                "title": "overview for JohnathonSaid",
                "title_link": "https:\/\/www.reddit.com\/user\/JohnathonSaid",
                "text": "The u\/JohnathonSaid community on Reddit. Reddit gives you the best of the internet in one place.",
                "fallback": "overview for JohnathonSaid",
                "from_url": "https:\/\/www.reddit.com\/user\/JohnathonSaid",
                "service_icon": "http:\/\/www.redditstatic.com\/desktop2x\/img\/favicon\/apple-icon-57x57.png",
                "service_name": "reddit.com",
                "id": 3,
                "original_url": "https:\/\/www.reddit.com\/user\/JohnathonSaid"
            }
        ]
    }
]