[
    {
        "type": "message",
        "subtype": "bot_message",
        "text": "<https:\/\/www.reddit.com\/r\/Terraform\/comments\/e07izf\/dry_way_to_configure_backend_state\/|DRY way to configure backend state>\nI find myself pasting this alot terraform { backend \"azurerm\" { resource_group_name = \"some-rg\" storage_account_name = \"myacct\" container_name = \"terraform-state\" key = \"stage\/some\/terraform.tfstate\" } }  Is there a way to define this (except for the 'key') and include it as a snippet? Instead of copy\/pasta? ​ Thanks    submitted by   <https:\/\/www.reddit.com\/user\/IIGrudge| \/u\/IIGrudge > \n&lt;a...",
        "ts": "1574457705.035300",
        "username": "Terraform ALL the Worlds!",
        "icons": {
            "image_48": "https:\/\/s3-us-west-2.amazonaws.com\/slack-files2\/bot_icons\/2019-02-12\/548785199618_48.png"
        },
        "bot_id": "BG3N7LG73",
        "attachments": [
            {
                "service_name": "reddit",
                "title": "DRY way to configure backend state",
                "title_link": "https:\/\/www.reddit.com\/r\/Terraform\/comments\/e07izf\/dry_way_to_configure_backend_state\/",
                "text": "I find myself pasting this alot terraform { backend \"azurerm\" { resource_group_name = \"some-rg\" storage_account_name ...",
                "fallback": "reddit: DRY way to configure backend state",
                "thumb_url": "https:\/\/www.redditstatic.com\/new-icon.png",
                "from_url": "https:\/\/www.reddit.com\/r\/Terraform\/comments\/e07izf\/dry_way_to_configure_backend_state\/",
                "thumb_width": 256,
                "thumb_height": 256,
                "service_icon": "http:\/\/www.redditstatic.com\/desktop2x\/img\/favicon\/apple-icon-57x57.png",
                "id": 1,
                "original_url": "https:\/\/www.reddit.com\/r\/Terraform\/comments\/e07izf\/dry_way_to_configure_backend_state\/"
            },
            {
                "title": "overview for IIGrudge",
                "title_link": "https:\/\/www.reddit.com\/user\/IIGrudge",
                "text": "The u\/IIGrudge community on Reddit. Reddit gives you the best of the internet in one place.",
                "fallback": "overview for IIGrudge",
                "from_url": "https:\/\/www.reddit.com\/user\/IIGrudge",
                "service_icon": "http:\/\/www.redditstatic.com\/desktop2x\/img\/favicon\/apple-icon-57x57.png",
                "service_name": "reddit.com",
                "id": 2,
                "original_url": "https:\/\/www.reddit.com\/user\/IIGrudge"
            }
        ]
    }
]