[
    {
        "type": "message",
        "subtype": "bot_message",
        "text": "<https:\/\/qiita.com\/yuta_vamdemic\/items\/ae158c6eb967ff083a1d|Terraformで指定したバージョンを利用する>\n<https:\/\/qiita.com\/#%E5%88%A9%E7%94%A8%E3%81%A7%E3%81%8D%E3%82%8B%E3%83%90%E3%83%BC%E3%82%B8%E3%83%A7%E3%83%B3%E7%A2%BA%E8%AA%8D>利用できるバージョン確認\n\ntfenv list-remote\n\n\n\n<https:\/\/qiita.com\/#%E3%82%A4%E3%83%B3%E3%82%B9%E3%83%88%E3%83%BC%E3%83%AB>インストール\n\ntfenv install 0.12.16\n\n\n\n&lt;a...",
        "ts": "1575110791.040900",
        "username": "Terraformタグが付けられた新着記事 - Qiita",
        "icons": {
            "image_36": "https:\/\/a.slack-edge.com\/80588\/img\/services\/rss_36.png",
            "image_48": "https:\/\/a.slack-edge.com\/80588\/img\/services\/rss_48.png",
            "image_72": "https:\/\/a.slack-edge.com\/80588\/img\/services\/rss_72.png"
        },
        "bot_id": "BG3N7LG73",
        "attachments": [
            {
                "service_name": "Qiita",
                "title": "Terraformで指定したバージョンを利用する - Qiita",
                "title_link": "https:\/\/qiita.com\/yuta_vamdemic\/items\/ae158c6eb967ff083a1d",
                "text": "## 利用できるバージョン確認 ``` tfenv list-remote ``` ## インストール ``` tfenv install 0.12.16 ``` ## インストールされているバージョン確認 ``` tfen...",
                "fallback": "Qiita: Terraformで指定したバージョンを利用する - Qiita",
                "thumb_url": "https:\/\/cdn.qiita.com\/assets\/qiita-fb-2887e7b4aad86fd8c25cea84846f2236.png",
                "from_url": "https:\/\/qiita.com\/yuta_vamdemic\/items\/ae158c6eb967ff083a1d",
                "thumb_width": 200,
                "thumb_height": 200,
                "service_icon": "https:\/\/cdn.qiita.com\/assets\/favicons\/public\/apple-touch-icon-f9a6afad761ec2306e10db2736187c8b.png",
                "id": 1,
                "original_url": "https:\/\/qiita.com\/yuta_vamdemic\/items\/ae158c6eb967ff083a1d"
            },
            {
                "service_name": "Qiita",
                "title": "プログラマの技術情報共有サービス - Qiita",
                "title_link": "https:\/\/qiita.com\/#%E5%88%A9%E7%94%A8%E3%81%A7%E3%81%8D%E3%82%8B%E3%83%90%E3%83%BC%E3%82%B8%E3%83%A7%E3%83%B3%E7%A2%BA%E8%AA%8D",
                "text": "Qiitaは、プログラマのための技術情報共有サービスです。 プログラミングに関するTips、ノウハウ、メモを簡単に記録 &amp; 公開することができます。",
                "fallback": "Qiita: プログラマの技術情報共有サービス - Qiita",
                "thumb_url": "https:\/\/cdn.qiita.com\/assets\/qiita-fb-2887e7b4aad86fd8c25cea84846f2236.png",
                "from_url": "https:\/\/qiita.com\/#%E5%88%A9%E7%94%A8%E3%81%A7%E3%81%8D%E3%82%8B%E3%83%90%E3%83%BC%E3%82%B8%E3%83%A7%E3%83%B3%E7%A2%BA%E8%AA%8D",
                "thumb_width": 200,
                "thumb_height": 200,
                "service_icon": "https:\/\/cdn.qiita.com\/assets\/favicons\/public\/apple-touch-icon-f9a6afad761ec2306e10db2736187c8b.png",
                "id": 2,
                "original_url": "https:\/\/qiita.com\/#%E5%88%A9%E7%94%A8%E3%81%A7%E3%81%8D%E3%82%8B%E3%83%90%E3%83%BC%E3%82%B8%E3%83%A7%E3%83%B3%E7%A2%BA%E8%AA%8D"
            },
            {
                "service_name": "Qiita",
                "title": "プログラマの技術情報共有サービス - Qiita",
                "title_link": "https:\/\/qiita.com\/#%E3%82%A4%E3%83%B3%E3%82%B9%E3%83%88%E3%83%BC%E3%83%AB",
                "text": "Qiitaは、プログラマのための技術情報共有サービスです。 プログラミングに関するTips、ノウハウ、メモを簡単に記録 &amp; 公開することができます。",
                "fallback": "Qiita: プログラマの技術情報共有サービス - Qiita",
                "thumb_url": "https:\/\/cdn.qiita.com\/assets\/qiita-fb-2887e7b4aad86fd8c25cea84846f2236.png",
                "from_url": "https:\/\/qiita.com\/#%E3%82%A4%E3%83%B3%E3%82%B9%E3%83%88%E3%83%BC%E3%83%AB",
                "thumb_width": 200,
                "thumb_height": 200,
                "service_icon": "https:\/\/cdn.qiita.com\/assets\/favicons\/public\/apple-touch-icon-f9a6afad761ec2306e10db2736187c8b.png",
                "id": 3,
                "original_url": "https:\/\/qiita.com\/#%E3%82%A4%E3%83%B3%E3%82%B9%E3%83%88%E3%83%BC%E3%83%AB"
            }
        ]
    }
]