[
    {
        "type": "message",
        "subtype": "bot_message",
        "text": "<https:\/\/www.reddit.com\/r\/Terraform\/comments\/dqlbkc\/is_terraform_or_vs_code_telling_the_truth\/|Is terraform or vs code telling the truth?>\nI've created an aws vpc resource and I'm referencing it with: ``` resource \"aws_security_group\" \"sg_group\" { vpc_id = module.vpc.vpc_id } ``` Visual studio code terraform extension gives a red squiggly line under module.vpc.vpc_id but the code all runs correctly. The red squiggly line under module.vpc.vpc_id goes away with \"${module.vpc.vpc_id}\" and the code still runs correctly. Should I change all my code to: \"${module.vpc.vpc_id}\" or is visual studio code's terraform editor behind the...",
        "ts": "1572707802.021600",
        "username": "Terraform ALL the Worlds!",
        "icons": {
            "image_48": "https:\/\/s3-us-west-2.amazonaws.com\/slack-files2\/bot_icons\/2019-02-12\/548785199618_48.png"
        },
        "bot_id": "BG3N7LG73",
        "attachments": [
            {
                "service_name": "reddit",
                "title": "Is terraform or vs code telling the truth?",
                "title_link": "https:\/\/www.reddit.com\/r\/Terraform\/comments\/dqlbkc\/is_terraform_or_vs_code_telling_the_truth\/",
                "text": "I've created an aws vpc resource and I'm referencing it with: \\`\\`\\` resource \"aws\\_security\\_group\" \"sg\\_group\" { vpc\\_id = ...",
                "fallback": "reddit: Is terraform or vs code telling the truth?",
                "thumb_url": "https:\/\/www.redditstatic.com\/new-icon.png",
                "from_url": "https:\/\/www.reddit.com\/r\/Terraform\/comments\/dqlbkc\/is_terraform_or_vs_code_telling_the_truth\/",
                "thumb_width": 256,
                "thumb_height": 256,
                "service_icon": "http:\/\/www.redditstatic.com\/desktop2x\/img\/favicon\/apple-icon-57x57.png",
                "id": 1,
                "original_url": "https:\/\/www.reddit.com\/r\/Terraform\/comments\/dqlbkc\/is_terraform_or_vs_code_telling_the_truth\/"
            }
        ]
    },
    {
        "type": "message",
        "subtype": "bot_message",
        "text": "<https:\/\/www.reddit.com\/r\/Terraform\/comments\/dqpuqh\/creating_multiple_resources_with_one_block_devprod\/|Creating multiple resources with one block | Dev\/Prod>\nI am trying to setup some new SQS queues and would like to have it so that two queues are created by using the same resource block. Below is the long way of getting what I want, I'd like shorter.  ​ resource \"aws_sqs_queue\" \"email_dev\" { name = \"email_dev\" delay_seconds = 0 max_message_size = 2048 message_retention_seconds = 86400 receive_wait_time_seconds = 10 redrive_policy = \"{\\\"deadLetterTargetArn\\\":\\\"${aws_sqs_queue.terraform_queue_deadletter.arn}\\\",\\\"maxReceiveCount\\\":3}\" tags = {...",
        "ts": "1572726701.021800",
        "username": "Terraform ALL the Worlds!",
        "icons": {
            "image_48": "https:\/\/s3-us-west-2.amazonaws.com\/slack-files2\/bot_icons\/2019-02-12\/548785199618_48.png"
        },
        "bot_id": "BG3N7LG73",
        "attachments": [
            {
                "service_name": "reddit",
                "title": "Creating multiple resources with one block | Dev\/Prod",
                "title_link": "https:\/\/www.reddit.com\/r\/Terraform\/comments\/dqpuqh\/creating_multiple_resources_with_one_block_devprod\/",
                "text": "I am trying to setup some new SQS queues and would like to have it so that two queues are created by using the same resource block. Below is the...",
                "fallback": "reddit: Creating multiple resources with one block | Dev\/Prod",
                "thumb_url": "https:\/\/www.redditstatic.com\/new-icon.png",
                "from_url": "https:\/\/www.reddit.com\/r\/Terraform\/comments\/dqpuqh\/creating_multiple_resources_with_one_block_devprod\/",
                "thumb_width": 256,
                "thumb_height": 256,
                "service_icon": "http:\/\/www.redditstatic.com\/desktop2x\/img\/favicon\/apple-icon-57x57.png",
                "id": 1,
                "original_url": "https:\/\/www.reddit.com\/r\/Terraform\/comments\/dqpuqh\/creating_multiple_resources_with_one_block_devprod\/"
            }
        ]
    },
    {
        "type": "message",
        "subtype": "bot_message",
        "text": "<https:\/\/www.reddit.com\/r\/Terraform\/comments\/dqs59n\/what_is_modulesjson\/|What is modules.json?>\nTrying to understand the difference between \"source\", \"key\", \"dir\", \"version\", and every other name that can be used in the modules.json file in any terraform project. Are there any tutorials (video or written) on how to use this file correctly? I'm not finding any information online but I've seen modules.json used in public github repositories.    submitted by   <https:\/\/www.reddit.com\/user\/r_y_r_y| \/u\/r_y_r_y > \n&lt;a...",
        "ts": "1572737501.022000",
        "username": "Terraform ALL the Worlds!",
        "icons": {
            "image_48": "https:\/\/s3-us-west-2.amazonaws.com\/slack-files2\/bot_icons\/2019-02-12\/548785199618_48.png"
        },
        "bot_id": "BG3N7LG73",
        "attachments": [
            {
                "service_name": "reddit",
                "title": "What is modules.json?",
                "title_link": "https:\/\/www.reddit.com\/r\/Terraform\/comments\/dqs59n\/what_is_modulesjson\/",
                "text": "Trying to understand the difference between \"source\", \"key\", \"dir\", \"version\", and every other name that can be used in the modules.json file in...",
                "fallback": "reddit: What is modules.json?",
                "thumb_url": "https:\/\/www.redditstatic.com\/new-icon.png",
                "from_url": "https:\/\/www.reddit.com\/r\/Terraform\/comments\/dqs59n\/what_is_modulesjson\/",
                "thumb_width": 256,
                "thumb_height": 256,
                "service_icon": "http:\/\/www.redditstatic.com\/desktop2x\/img\/favicon\/apple-icon-57x57.png",
                "id": 1,
                "original_url": "https:\/\/www.reddit.com\/r\/Terraform\/comments\/dqs59n\/what_is_modulesjson\/"
            },
            {
                "title": "overview for r_y_r_y",
                "title_link": "https:\/\/www.reddit.com\/user\/r_y_r_y",
                "text": "The u\/r_y_r_y community on Reddit. Reddit gives you the best of the internet in one place.",
                "fallback": "overview for r_y_r_y",
                "from_url": "https:\/\/www.reddit.com\/user\/r_y_r_y",
                "service_icon": "http:\/\/www.redditstatic.com\/desktop2x\/img\/favicon\/apple-icon-57x57.png",
                "service_name": "reddit.com",
                "id": 2,
                "original_url": "https:\/\/www.reddit.com\/user\/r_y_r_y"
            }
        ]
    }
]