[
    {
        "type": "message",
        "subtype": "bot_message",
        "text": "<https:\/\/www.reddit.com\/r\/Terraform\/comments\/duwwgm\/generating_user_roles\/|Generating User Roles>\nSo after days of trying to make this work, I've come to the conclusion that either I'm missing something or it's impossible. I wanted to bounce this off people to see if you had any ideas. Maybe I'm just looking at the problem the wrong way. I'm trying to populate the ARN attribute of AWS Users into policies. One set has a lower tier of permissions and one higher. I've tried using templates, splatting, for loops, etc. I got the closest with templates, but no matter what I tried I couldn't get...",
        "ts": "1573498906.026400",
        "username": "Terraform ALL the Worlds!",
        "icons": {
            "image_48": "https:\/\/s3-us-west-2.amazonaws.com\/slack-files2\/bot_icons\/2019-02-12\/548785199618_48.png"
        },
        "bot_id": "BG3N7LG73",
        "attachments": [
            {
                "service_name": "reddit",
                "title": "Generating User Roles",
                "title_link": "https:\/\/www.reddit.com\/r\/Terraform\/comments\/duwwgm\/generating_user_roles\/",
                "text": "So after days of trying to make this work, I've come to the conclusion that either I'm missing something or it's impossible. I wanted to bounce...",
                "fallback": "reddit: Generating User Roles",
                "thumb_url": "https:\/\/www.redditstatic.com\/new-icon.png",
                "from_url": "https:\/\/www.reddit.com\/r\/Terraform\/comments\/duwwgm\/generating_user_roles\/",
                "thumb_width": 256,
                "thumb_height": 256,
                "service_icon": "http:\/\/www.redditstatic.com\/desktop2x\/img\/favicon\/apple-icon-57x57.png",
                "id": 1,
                "original_url": "https:\/\/www.reddit.com\/r\/Terraform\/comments\/duwwgm\/generating_user_roles\/"
            }
        ]
    },
    {
        "type": "message",
        "subtype": "bot_message",
        "text": "<https:\/\/www.reddit.com\/r\/Terraform\/comments\/dux2o1\/any_word_on_an_approximate_release_date_for_the\/|Any word on an approximate release date for the Terraform &amp; Vault certifications? Wanting to break into the field and love this tool and the cloud!>\nI signed up for email notifications at the Hashicorp website but haven't yet received one. Currently I'm going for the RHCE 8 Ansible certification but Terraform is what I'd really like to be doing day by day and I will plan my studies (on my own, not in college and no intention of going) accordingly.    submitted by   <https:\/\/www.reddit.com\/user\/AYangUBIguy| \/u\/AYangUBIguy > \n&lt;a...",
        "ts": "1573499812.026600",
        "username": "Terraform ALL the Worlds!",
        "icons": {
            "image_48": "https:\/\/s3-us-west-2.amazonaws.com\/slack-files2\/bot_icons\/2019-02-12\/548785199618_48.png"
        },
        "bot_id": "BG3N7LG73",
        "attachments": [
            {
                "service_name": "reddit",
                "title": "Any word on an approximate release date for the Terraform &amp; Vault certifications? Wanting to break into the field and love this tool and the cloud!",
                "title_link": "https:\/\/www.reddit.com\/r\/Terraform\/comments\/dux2o1\/any_word_on_an_approximate_release_date_for_the\/",
                "text": "I signed up for email notifications at the Hashicorp website but haven't yet received one. Currently I'm going for the RHCE 8 Ansible...",
                "fallback": "reddit: Any word on an approximate release date for the Terraform &amp; Vault certifications? Wanting to break into the field and love this tool and the cloud!",
                "thumb_url": "https:\/\/www.redditstatic.com\/new-icon.png",
                "from_url": "https:\/\/www.reddit.com\/r\/Terraform\/comments\/dux2o1\/any_word_on_an_approximate_release_date_for_the\/",
                "thumb_width": 256,
                "thumb_height": 256,
                "service_icon": "http:\/\/www.redditstatic.com\/desktop2x\/img\/favicon\/apple-icon-57x57.png",
                "id": 1,
                "original_url": "https:\/\/www.reddit.com\/r\/Terraform\/comments\/dux2o1\/any_word_on_an_approximate_release_date_for_the\/"
            },
            {
                "title": "overview for AYangUBIguy",
                "title_link": "https:\/\/www.reddit.com\/user\/AYangUBIguy",
                "text": "The u\/AYangUBIguy community on Reddit. Reddit gives you the best of the internet in one place.",
                "fallback": "overview for AYangUBIguy",
                "from_url": "https:\/\/www.reddit.com\/user\/AYangUBIguy",
                "service_icon": "http:\/\/www.redditstatic.com\/desktop2x\/img\/favicon\/apple-icon-57x57.png",
                "service_name": "reddit.com",
                "id": 2,
                "original_url": "https:\/\/www.reddit.com\/user\/AYangUBIguy"
            }
        ]
    }
]