[
    {
        "type": "message",
        "subtype": "bot_message",
        "text": "<https:\/\/www.reddit.com\/r\/Terraform\/comments\/drw9pg\/best_practices_for_terraform_aws_security_group\/|Best practices for Terraform AWS security group management for modular environment>\nHi, ​ We are implementing Terraform and trying to do it in a modular way — taking resources that together implement a distinct service, and grouping them together in modules, as per best practices. ​ We are having some troubles coming up with a good way to manage AWS security groups that tie together different AWS resources. Currently we define the security groups together with the service that acts as a server for other resources — for example, for RDS we would have a module that provisions...",
        "ts": "1572941802.023600",
        "username": "Terraform ALL the Worlds!",
        "icons": {
            "image_48": "https:\/\/s3-us-west-2.amazonaws.com\/slack-files2\/bot_icons\/2019-02-12\/548785199618_48.png"
        },
        "bot_id": "BG3N7LG73",
        "attachments": [
            {
                "service_name": "reddit",
                "title": "Best practices for Terraform AWS security group management for modular environment",
                "title_link": "https:\/\/www.reddit.com\/r\/Terraform\/comments\/drw9pg\/best_practices_for_terraform_aws_security_group\/",
                "text": "Hi, &amp;#x200B; We are implementing Terraform and trying to do it in a modular way — taking resources that together implement a distinct service,...",
                "fallback": "reddit: Best practices for Terraform AWS security group management for modular environment",
                "thumb_url": "https:\/\/www.redditstatic.com\/new-icon.png",
                "from_url": "https:\/\/www.reddit.com\/r\/Terraform\/comments\/drw9pg\/best_practices_for_terraform_aws_security_group\/",
                "thumb_width": 256,
                "thumb_height": 256,
                "service_icon": "http:\/\/www.redditstatic.com\/desktop2x\/img\/favicon\/apple-icon-57x57.png",
                "id": 1,
                "original_url": "https:\/\/www.reddit.com\/r\/Terraform\/comments\/drw9pg\/best_practices_for_terraform_aws_security_group\/"
            }
        ]
    },
    {
        "type": "message",
        "subtype": "bot_message",
        "text": "<https:\/\/qiita.com\/temosy\/items\/92cc1271e182ceb84d00|terraformでAWS RDS(Aurora)の設定を変更してないのに must be replacedになってしまう件>\n<https:\/\/qiita.com\/#%E4%BD%95%E3%81%AB%E5%9B%B0%E3%81%A3%E3%81%A6%E3%81%84%E3%81%9F%E3%81%AE>何に困っていたの？\n\nterraform applyする度にRDSがdestroy(replace)されてしまう\n\n<https:\/\/qiita.com\/#%E3%81%AA%E3%81%9C%E3%81%9D%E3%82%8C%E3%81%A7%E5%9B%B0%E3%82%8B%E3%81%AE>なぜそれで困るの？\n\n\ndatabaseを飛ばすリスク大 (rds用のtfファイルだけ別ディレクトリに配置して回避してた)\nterraform applyする度にでら長いこと待たされる(人生を削られる)\n\n\n&lt;a...",
        "ts": "1572972409.023800",
        "username": "Terraformタグが付けられた新着記事 - Qiita",
        "icons": {
            "image_36": "https:\/\/a.slack-edge.com\/80588\/img\/services\/rss_36.png",
            "image_48": "https:\/\/a.slack-edge.com\/80588\/img\/services\/rss_48.png",
            "image_72": "https:\/\/a.slack-edge.com\/80588\/img\/services\/rss_72.png"
        },
        "bot_id": "BG3N7LG73",
        "attachments": [
            {
                "service_name": "Qiita",
                "title": "terraformでAWS RDS(Aurora)の設定を変更してないのに must be replacedになってしまう件 - Qiita",
                "title_link": "https:\/\/qiita.com\/temosy\/items\/92cc1271e182ceb84d00",
                "text": "# 何に困っていたの？ - terraform applyする度にRDSがdestroy(replace)されてしまう # なぜそれで困るの？ - **databaseを飛ばすリスク大** (rds用のtfファイルだけ別ディレクトリ...",
                "fallback": "Qiita: terraformでAWS RDS(Aurora)の設定を変更してないのに must be replacedになってしまう件 - Qiita",
                "thumb_url": "https:\/\/cdn.qiita.com\/assets\/qiita-fb-2887e7b4aad86fd8c25cea84846f2236.png",
                "from_url": "https:\/\/qiita.com\/temosy\/items\/92cc1271e182ceb84d00",
                "thumb_width": 200,
                "thumb_height": 200,
                "service_icon": "https:\/\/cdn.qiita.com\/assets\/favicons\/public\/apple-touch-icon-f9a6afad761ec2306e10db2736187c8b.png",
                "id": 1,
                "original_url": "https:\/\/qiita.com\/temosy\/items\/92cc1271e182ceb84d00"
            },
            {
                "service_name": "Qiita",
                "title": "プログラマの技術情報共有サービス - Qiita",
                "title_link": "https:\/\/qiita.com\/#%E4%BD%95%E3%81%AB%E5%9B%B0%E3%81%A3%E3%81%A6%E3%81%84%E3%81%9F%E3%81%AE",
                "text": "Qiitaは、プログラマのための技術情報共有サービスです。 プログラミングに関するTips、ノウハウ、メモを簡単に記録 &amp; 公開することができます。",
                "fallback": "Qiita: プログラマの技術情報共有サービス - Qiita",
                "thumb_url": "https:\/\/cdn.qiita.com\/assets\/qiita-fb-2887e7b4aad86fd8c25cea84846f2236.png",
                "from_url": "https:\/\/qiita.com\/#%E4%BD%95%E3%81%AB%E5%9B%B0%E3%81%A3%E3%81%A6%E3%81%84%E3%81%9F%E3%81%AE",
                "thumb_width": 200,
                "thumb_height": 200,
                "service_icon": "https:\/\/cdn.qiita.com\/assets\/favicons\/public\/apple-touch-icon-f9a6afad761ec2306e10db2736187c8b.png",
                "id": 2,
                "original_url": "https:\/\/qiita.com\/#%E4%BD%95%E3%81%AB%E5%9B%B0%E3%81%A3%E3%81%A6%E3%81%84%E3%81%9F%E3%81%AE"
            },
            {
                "service_name": "Qiita",
                "title": "プログラマの技術情報共有サービス - Qiita",
                "title_link": "https:\/\/qiita.com\/#%E3%81%AA%E3%81%9C%E3%81%9D%E3%82%8C%E3%81%A7%E5%9B%B0%E3%82%8B%E3%81%AE",
                "text": "Qiitaは、プログラマのための技術情報共有サービスです。 プログラミングに関するTips、ノウハウ、メモを簡単に記録 &amp; 公開することができます。",
                "fallback": "Qiita: プログラマの技術情報共有サービス - Qiita",
                "thumb_url": "https:\/\/cdn.qiita.com\/assets\/qiita-fb-2887e7b4aad86fd8c25cea84846f2236.png",
                "from_url": "https:\/\/qiita.com\/#%E3%81%AA%E3%81%9C%E3%81%9D%E3%82%8C%E3%81%A7%E5%9B%B0%E3%82%8B%E3%81%AE",
                "thumb_width": 200,
                "thumb_height": 200,
                "service_icon": "https:\/\/cdn.qiita.com\/assets\/favicons\/public\/apple-touch-icon-f9a6afad761ec2306e10db2736187c8b.png",
                "id": 3,
                "original_url": "https:\/\/qiita.com\/#%E3%81%AA%E3%81%9C%E3%81%9D%E3%82%8C%E3%81%A7%E5%9B%B0%E3%82%8B%E3%81%AE"
            }
        ]
    },
    {
        "type": "message",
        "subtype": "bot_message",
        "text": "<https:\/\/www.reddit.com\/r\/Terraform\/comments\/ds2lr0\/aws_terraform_landing_zone_tlz_accelerator\/|AWS Terraform Landing Zone TLZ Accelerator>\nDoes anyone know if TLZ is using AWS landing zone (or control tower) on the back end, or is it just a native TF solution that emulates these services?  I ask because a lot of my business is in govcloud where neither landing zone or control tower exist.    submitted by   <https:\/\/www.reddit.com\/user\/linuxphoney| \/u\/linuxphoney > \n<https:\/\/www.reddit.com\/r\/Terraform\/comments\/ds2lr0\/aws_terraform_landing_zone_tlz_accelerator\/|[link]>   &lt;a...",
        "ts": "1572976000.024000",
        "username": "Terraform ALL the Worlds!",
        "icons": {
            "image_48": "https:\/\/s3-us-west-2.amazonaws.com\/slack-files2\/bot_icons\/2019-02-12\/548785199618_48.png"
        },
        "bot_id": "BG3N7LG73",
        "attachments": [
            {
                "service_name": "reddit",
                "title": "AWS Terraform Landing Zone TLZ Accelerator",
                "title_link": "https:\/\/www.reddit.com\/r\/Terraform\/comments\/ds2lr0\/aws_terraform_landing_zone_tlz_accelerator\/",
                "text": "Does anyone know if TLZ is using AWS landing zone (or control tower) on the back end, or is it just a native TF solution that emulates these...",
                "fallback": "reddit: AWS Terraform Landing Zone TLZ Accelerator",
                "thumb_url": "https:\/\/www.redditstatic.com\/new-icon.png",
                "from_url": "https:\/\/www.reddit.com\/r\/Terraform\/comments\/ds2lr0\/aws_terraform_landing_zone_tlz_accelerator\/",
                "thumb_width": 256,
                "thumb_height": 256,
                "service_icon": "http:\/\/www.redditstatic.com\/desktop2x\/img\/favicon\/apple-icon-57x57.png",
                "id": 1,
                "original_url": "https:\/\/www.reddit.com\/r\/Terraform\/comments\/ds2lr0\/aws_terraform_landing_zone_tlz_accelerator\/"
            },
            {
                "title": "overview for linuxphoney",
                "title_link": "https:\/\/www.reddit.com\/user\/linuxphoney",
                "text": "The u\/linuxphoney community on Reddit. Reddit gives you the best of the internet in one place.",
                "fallback": "overview for linuxphoney",
                "from_url": "https:\/\/www.reddit.com\/user\/linuxphoney",
                "service_icon": "http:\/\/www.redditstatic.com\/desktop2x\/img\/favicon\/apple-icon-57x57.png",
                "service_name": "reddit.com",
                "id": 2,
                "original_url": "https:\/\/www.reddit.com\/user\/linuxphoney"
            }
        ]
    },
    {
        "type": "message",
        "subtype": "bot_message",
        "text": "<https:\/\/www.reddit.com\/r\/Terraform\/comments\/dsa2rv\/managing_feature_flags_with_terraform\/|Managing Feature Flags with Terraform>\nsubmitted by   <https:\/\/www.reddit.com\/user\/yozlet| \/u\/yozlet > \n<https:\/\/launchdarkly.com\/blog\/managing-feature-flags-with-terraform\/|[link]>   <https:\/\/www.reddit.com\/r\/Terraform\/comments\/dsa2rv\/managing_feature_flags_with_terraform\/|[comments]>",
        "ts": "1573009901.024200",
        "username": "Terraform ALL the Worlds!",
        "icons": {
            "image_48": "https:\/\/s3-us-west-2.amazonaws.com\/slack-files2\/bot_icons\/2019-02-12\/548785199618_48.png"
        },
        "bot_id": "BG3N7LG73",
        "attachments": [
            {
                "service_name": "reddit",
                "title": "Managing Feature Flags with Terraform",
                "title_link": "https:\/\/www.reddit.com\/r\/Terraform\/comments\/dsa2rv\/managing_feature_flags_with_terraform\/",
                "text": "Posted in r\/Terraform by u\/yozlet • 1 point and 0 comments",
                "fallback": "reddit: Managing Feature Flags with Terraform",
                "thumb_url": "https:\/\/b.thumbs.redditmedia.com\/pMElwjfZHGU4c-TZlLTnGUysKAhyuT8I8gRb5rjPBQo.jpg",
                "from_url": "https:\/\/www.reddit.com\/r\/Terraform\/comments\/dsa2rv\/managing_feature_flags_with_terraform\/",
                "thumb_width": 140,
                "thumb_height": 73,
                "service_icon": "http:\/\/www.redditstatic.com\/desktop2x\/img\/favicon\/apple-icon-57x57.png",
                "id": 1,
                "original_url": "https:\/\/www.reddit.com\/r\/Terraform\/comments\/dsa2rv\/managing_feature_flags_with_terraform\/"
            },
            {
                "title": "overview for yozlet",
                "title_link": "https:\/\/www.reddit.com\/user\/yozlet",
                "text": "The u\/yozlet community on Reddit. Reddit gives you the best of the internet in one place.",
                "fallback": "overview for yozlet",
                "from_url": "https:\/\/www.reddit.com\/user\/yozlet",
                "service_icon": "http:\/\/www.redditstatic.com\/desktop2x\/img\/favicon\/apple-icon-57x57.png",
                "service_name": "reddit.com",
                "id": 2,
                "original_url": "https:\/\/www.reddit.com\/user\/yozlet"
            },
            {
                "service_name": "LaunchDarkly Blog",
                "title": "Managing Feature Flags with Terraform",
                "title_link": "https:\/\/launchdarkly.com\/blog\/managing-feature-flags-with-terraform\/",
                "text": "Two weeks ago, we launched the LaunchDarkly Terraform provider. By using Terraform to manage LaunchDarkly resources, you can eliminate much of the",
                "fallback": "LaunchDarkly Blog: Managing Feature Flags with Terraform",
                "thumb_url": "https:\/\/blog.launchdarkly.com\/wp-content\/uploads\/2019\/11\/2019_10_Blog_1200x630_TerraformValue@2x-1.jpg",
                "ts": 1572591600,
                "from_url": "https:\/\/launchdarkly.com\/blog\/managing-feature-flags-with-terraform\/",
                "thumb_width": 2400,
                "thumb_height": 1260,
                "service_icon": "https:\/\/blog.launchdarkly.com\/wp-content\/uploads\/2018\/03\/Favicon.png",
                "id": 3,
                "original_url": "https:\/\/launchdarkly.com\/blog\/managing-feature-flags-with-terraform\/"
            }
        ]
    },
    {
        "type": "message",
        "subtype": "bot_message",
        "text": "<https:\/\/www.reddit.com\/r\/Terraform\/comments\/dscwh1\/error_rpc_error_code_canceled_desc_context\/|Error: rpc error: code = Canceled desc = context canceled>\nHi, i'm trying to run my full infrastructure via gitOps+terraform for cloudflare, scaleway and github. However, I have commented everything out except scaleway and I still receive 'context canceled'.\n No response on the github provider ticket. (someone on the terraform issue mentioned it was related to the github provider, altough that one was commented out). My work: &lt;a...",
        "ts": "1573026109.024400",
        "username": "Terraform ALL the Worlds!",
        "icons": {
            "image_48": "https:\/\/s3-us-west-2.amazonaws.com\/slack-files2\/bot_icons\/2019-02-12\/548785199618_48.png"
        },
        "bot_id": "BG3N7LG73",
        "attachments": [
            {
                "service_name": "reddit",
                "title": "Error: rpc error: code = Canceled desc = context canceled",
                "title_link": "https:\/\/www.reddit.com\/r\/Terraform\/comments\/dscwh1\/error_rpc_error_code_canceled_desc_context\/",
                "text": "Hi, i'm trying to run my full infrastructure via gitOps+terraform for cloudflare, scaleway and github. However, I have commented everything out...",
                "fallback": "reddit: Error: rpc error: code = Canceled desc = context canceled",
                "thumb_url": "https:\/\/www.redditstatic.com\/new-icon.png",
                "from_url": "https:\/\/www.reddit.com\/r\/Terraform\/comments\/dscwh1\/error_rpc_error_code_canceled_desc_context\/",
                "thumb_width": 256,
                "thumb_height": 256,
                "service_icon": "http:\/\/www.redditstatic.com\/desktop2x\/img\/favicon\/apple-icon-57x57.png",
                "id": 1,
                "original_url": "https:\/\/www.reddit.com\/r\/Terraform\/comments\/dscwh1\/error_rpc_error_code_canceled_desc_context\/"
            }
        ]
    }
]