[
    {
        "client_msg_id": "2e5929da-e2db-4ae1-a52f-b7d2ef6a1337",
        "type": "message",
        "text": "今日も今日とてインポートの鬼。\naws_lb_target_group_attachment がインポートに対応してない。。。\n<@UG46Z57TN> に頼むしかないｗ",
        "user": "UFU0BKD8F",
        "ts": "1565664275.107900",
        "team": "TFU0BKCQP",
        "user_team": "TFU0BKCQP",
        "source_team": "TFU0BKCQP",
        "user_profile": {
            "avatar_hash": "92c41c62c7b0",
            "image_72": "https:\/\/avatars.slack-edge.com\/2019-01-30\/537137791812_92c41c62c7b0f054d3dd_72.jpg",
            "first_name": "らき",
            "real_name": "らき",
            "display_name": "raki",
            "team": "TFU0BKCQP",
            "name": "nishimuray",
            "is_restricted": false,
            "is_ultra_restricted": false
        },
        "reactions": [
            {
                "name": "wave",
                "users": [
                    "UG46Z57TN"
                ],
                "count": 1
            }
        ]
    },
    {
        "client_msg_id": "a8a43ea0-2187-4163-b031-e15629ef8df5",
        "type": "message",
        "text": "ぜんぜんやれてない！",
        "user": "UG46Z57TN",
        "ts": "1565664439.108300",
        "team": "TFU0BKCQP",
        "user_team": "TFU0BKCQP",
        "source_team": "TFU0BKCQP",
        "user_profile": {
            "avatar_hash": "c6bdd4cb17db",
            "image_72": "https:\/\/avatars.slack-edge.com\/2019-07-05\/685991185957_c6bdd4cb17db956661a1_72.jpg",
            "first_name": "Takeshi",
            "real_name": "Takeshi Kondo",
            "display_name": "chaspy",
            "team": "TFU0BKCQP",
            "name": "take.she12",
            "is_restricted": false,
            "is_ultra_restricted": false
        }
    },
    {
        "client_msg_id": "a9bd72c9-40ac-4055-aed0-203debaf6b5f",
        "type": "message",
        "text": "aws-providerのupdate、dependabotうまくうごいてくれないので手動であげてる",
        "user": "UG46Z57TN",
        "ts": "1565664452.108600",
        "team": "TFU0BKCQP",
        "user_team": "TFU0BKCQP",
        "source_team": "TFU0BKCQP",
        "user_profile": {
            "avatar_hash": "c6bdd4cb17db",
            "image_72": "https:\/\/avatars.slack-edge.com\/2019-07-05\/685991185957_c6bdd4cb17db956661a1_72.jpg",
            "first_name": "Takeshi",
            "real_name": "Takeshi Kondo",
            "display_name": "chaspy",
            "team": "TFU0BKCQP",
            "name": "take.she12",
            "is_restricted": false,
            "is_ultra_restricted": false
        }
    },
    {
        "client_msg_id": "3e660ea8-d310-43a6-a48a-4b2e4dd1f03d",
        "type": "message",
        "text": "？即応が必要なもんでもないし <#CG2UA0AA2|release> 眺めて適当なタイミングで init -upgrade するんじゃダメなの。。。",
        "user": "UFU0BKD8F",
        "ts": "1565664511.109600",
        "team": "TFU0BKCQP",
        "user_team": "TFU0BKCQP",
        "source_team": "TFU0BKCQP",
        "user_profile": {
            "avatar_hash": "92c41c62c7b0",
            "image_72": "https:\/\/avatars.slack-edge.com\/2019-01-30\/537137791812_92c41c62c7b0f054d3dd_72.jpg",
            "first_name": "らき",
            "real_name": "らき",
            "display_name": "raki",
            "team": "TFU0BKCQP",
            "name": "nishimuray",
            "is_restricted": false,
            "is_ultra_restricted": false
        },
        "edited": {
            "user": "UFU0BKD8F",
            "ts": "1565665636.000000"
        }
    },
    {
        "client_msg_id": "f02701fa-3b69-4af7-8a2f-883593141e2c",
        "type": "message",
        "text": "バージョン厳密に指定してる派なのでその制約を適当なタイミングであげている",
        "user": "UG46Z57TN",
        "ts": "1565664581.110400",
        "team": "TFU0BKCQP",
        "user_team": "TFU0BKCQP",
        "source_team": "TFU0BKCQP",
        "user_profile": {
            "avatar_hash": "c6bdd4cb17db",
            "image_72": "https:\/\/avatars.slack-edge.com\/2019-07-05\/685991185957_c6bdd4cb17db956661a1_72.jpg",
            "first_name": "Takeshi",
            "real_name": "Takeshi Kondo",
            "display_name": "chaspy",
            "team": "TFU0BKCQP",
            "name": "take.she12",
            "is_restricted": false,
            "is_ultra_restricted": false
        }
    },
    {
        "client_msg_id": "c6d77121-4044-4b1e-9ad4-e38de332dc15",
        "type": "message",
        "text": "```provider \"aws\" {\n  version = \"~&gt; 2.23.0\"\n  region = \"${var.region}\"\n  max_retries = 3\n}\n```",
        "user": "UG46Z57TN",
        "ts": "1565664666.111800",
        "team": "TFU0BKCQP",
        "user_team": "TFU0BKCQP",
        "source_team": "TFU0BKCQP",
        "user_profile": {
            "avatar_hash": "c6bdd4cb17db",
            "image_72": "https:\/\/avatars.slack-edge.com\/2019-07-05\/685991185957_c6bdd4cb17db956661a1_72.jpg",
            "first_name": "Takeshi",
            "real_name": "Takeshi Kondo",
            "display_name": "chaspy",
            "team": "TFU0BKCQP",
            "name": "take.she12",
            "is_restricted": false,
            "is_ultra_restricted": false
        }
    },
    {
        "client_msg_id": "451fc694-6f4b-4f7e-a6d7-8f9069f2f4e5",
        "type": "message",
        "text": "ちょうど先日 <@UFTKSQ25T> とも話したけど、バージョンを厳密にしていても、\nぶっちゃけ過去バージョンに戻すような運用はほぼ無理ゲーなので、\nバージョン指定はバグ踏んだ時に対応されるまでの間固定するのに使うだけで\nversion指定は普段は外しておいて、常に init -upgrade して運用するのが楽じゃない？みたいな。。。",
        "user": "UFU0BKD8F",
        "ts": "1565664716.112700",
        "team": "TFU0BKCQP",
        "user_team": "TFU0BKCQP",
        "source_team": "TFU0BKCQP",
        "user_profile": {
            "avatar_hash": "92c41c62c7b0",
            "image_72": "https:\/\/avatars.slack-edge.com\/2019-01-30\/537137791812_92c41c62c7b0f054d3dd_72.jpg",
            "first_name": "らき",
            "real_name": "らき",
            "display_name": "raki",
            "team": "TFU0BKCQP",
            "name": "nishimuray",
            "is_restricted": false,
            "is_ultra_restricted": false
        },
        "reactions": [
            {
                "name": "sorena",
                "users": [
                    "UFTKSQ25T",
                    "UFUP9BGES"
                ],
                "count": 2
            }
        ]
    },
    {
        "client_msg_id": "4fc9446c-e979-41c2-aec7-0d4dd6e6fdb5",
        "type": "message",
        "text": "wakaru",
        "user": "UG46Z57TN",
        "ts": "1565664738.113300",
        "team": "TFU0BKCQP",
        "user_team": "TFU0BKCQP",
        "source_team": "TFU0BKCQP",
        "user_profile": {
            "avatar_hash": "c6bdd4cb17db",
            "image_72": "https:\/\/avatars.slack-edge.com\/2019-07-05\/685991185957_c6bdd4cb17db956661a1_72.jpg",
            "first_name": "Takeshi",
            "real_name": "Takeshi Kondo",
            "display_name": "chaspy",
            "team": "TFU0BKCQP",
            "name": "take.she12",
            "is_restricted": false,
            "is_ultra_restricted": false
        },
        "edited": {
            "user": "UG46Z57TN",
            "ts": "1565664742.000000"
        }
    },
    {
        "client_msg_id": "b7beba6b-1442-4a79-9527-bc6cfed3d601",
        "type": "message",
        "text": "<@UKAKENQAF> 先生も常に最新とってくる派だった",
        "user": "UG46Z57TN",
        "ts": "1565664918.115000",
        "team": "TFU0BKCQP",
        "user_team": "TFU0BKCQP",
        "source_team": "TFU0BKCQP",
        "user_profile": {
            "avatar_hash": "c6bdd4cb17db",
            "image_72": "https:\/\/avatars.slack-edge.com\/2019-07-05\/685991185957_c6bdd4cb17db956661a1_72.jpg",
            "first_name": "Takeshi",
            "real_name": "Takeshi Kondo",
            "display_name": "chaspy",
            "team": "TFU0BKCQP",
            "name": "take.she12",
            "is_restricted": false,
            "is_ultra_restricted": false
        }
    },
    {
        "client_msg_id": "e784edae-e37a-43f5-a627-17794431c53c",
        "type": "message",
        "text": "最悪月一で init -upgrade してる。",
        "user": "UFU0BKD8F",
        "ts": "1565664945.115500",
        "team": "TFU0BKCQP",
        "user_team": "TFU0BKCQP",
        "source_team": "TFU0BKCQP",
        "user_profile": {
            "avatar_hash": "92c41c62c7b0",
            "image_72": "https:\/\/avatars.slack-edge.com\/2019-01-30\/537137791812_92c41c62c7b0f054d3dd_72.jpg",
            "first_name": "らき",
            "real_name": "らき",
            "display_name": "raki",
            "team": "TFU0BKCQP",
            "name": "nishimuray",
            "is_restricted": false,
            "is_ultra_restricted": false
        }
    },
    {
        "client_msg_id": "22b02ae6-d90d-4991-9fea-4cd10b5e5a93",
        "type": "message",
        "text": "半月に1回botで数値書き換えるscript書いてそれで自動でPR作らせる運用にしよかなと思ってる",
        "user": "UG46Z57TN",
        "ts": "1565664980.116100",
        "team": "TFU0BKCQP",
        "user_team": "TFU0BKCQP",
        "source_team": "TFU0BKCQP",
        "user_profile": {
            "avatar_hash": "c6bdd4cb17db",
            "image_72": "https:\/\/avatars.slack-edge.com\/2019-07-05\/685991185957_c6bdd4cb17db956661a1_72.jpg",
            "first_name": "Takeshi",
            "real_name": "Takeshi Kondo",
            "display_name": "chaspy",
            "team": "TFU0BKCQP",
            "name": "take.she12",
            "is_restricted": false,
            "is_ultra_restricted": false
        }
    },
    {
        "client_msg_id": "baf37d2e-a557-46a2-a2d0-a20d842ad83c",
        "type": "message",
        "text": "別の変更するとき意図せずにproviderあがってplanで差分でて　アン？？ってなるよりはわけたほうが気持ち的にいいかな、がわずかに勝ってる\nあとそのタイミングでrelease noteみにいく趣味にしようかなと。。。",
        "user": "UG46Z57TN",
        "ts": "1565665025.117000",
        "team": "TFU0BKCQP",
        "user_team": "TFU0BKCQP",
        "source_team": "TFU0BKCQP",
        "user_profile": {
            "avatar_hash": "c6bdd4cb17db",
            "image_72": "https:\/\/avatars.slack-edge.com\/2019-07-05\/685991185957_c6bdd4cb17db956661a1_72.jpg",
            "first_name": "Takeshi",
            "real_name": "Takeshi Kondo",
            "display_name": "chaspy",
            "team": "TFU0BKCQP",
            "name": "take.she12",
            "is_restricted": false,
            "is_ultra_restricted": false
        }
    },
    {
        "client_msg_id": "a886e9aa-db31-4cfb-9a51-2f8a8e38c933",
        "type": "message",
        "text": "なるほどねー。。。\n次回のWCのお題に欲しいな。バージョンアップについて。\n本体とプロバイダとモジュールについてそれぞれ向きがあると思うしね。。。",
        "user": "UFU0BKD8F",
        "ts": "1565665121.118200",
        "team": "TFU0BKCQP",
        "user_team": "TFU0BKCQP",
        "source_team": "TFU0BKCQP",
        "user_profile": {
            "avatar_hash": "92c41c62c7b0",
            "image_72": "https:\/\/avatars.slack-edge.com\/2019-01-30\/537137791812_92c41c62c7b0f054d3dd_72.jpg",
            "first_name": "らき",
            "real_name": "らき",
            "display_name": "raki",
            "team": "TFU0BKCQP",
            "name": "nishimuray",
            "is_restricted": false,
            "is_ultra_restricted": false
        }
    },
    {
        "client_msg_id": "67d411d2-56e0-451c-a122-085c625a82a4",
        "type": "message",
        "text": "本体v12 upgradeのissue今日たてよ。。。",
        "user": "UG46Z57TN",
        "ts": "1565665174.118400",
        "team": "TFU0BKCQP",
        "user_team": "TFU0BKCQP",
        "source_team": "TFU0BKCQP",
        "user_profile": {
            "avatar_hash": "c6bdd4cb17db",
            "image_72": "https:\/\/avatars.slack-edge.com\/2019-07-05\/685991185957_c6bdd4cb17db956661a1_72.jpg",
            "first_name": "Takeshi",
            "real_name": "Takeshi Kondo",
            "display_name": "chaspy",
            "team": "TFU0BKCQP",
            "name": "take.she12",
            "is_restricted": false,
            "is_ultra_restricted": false
        },
        "edited": {
            "user": "UG46Z57TN",
            "ts": "1565665184.000000"
        },
        "reactions": [
            {
                "name": "がんばれ",
                "users": [
                    "UFU0BKD8F"
                ],
                "count": 1
            }
        ]
    },
    {
        "client_msg_id": "207acdc1-b8f3-4fcf-9cc3-d841880da354",
        "type": "message",
        "text": "importできないならできないで仮のハコ（リソースアドレスのブロック）さえ用意してくれれば\n足りないとこ埋めるだけで済むんだけどなー。。。\nimportできないから create になっててハコがまだ書き込まれてないから1セット丸ごと手書きするんだけど\n正しいキーとかバージョンとか指定を探してくるのがめんどくさい。。。",
        "user": "UFU0BKD8F",
        "ts": "1565665703.121300",
        "team": "TFU0BKCQP",
        "user_team": "TFU0BKCQP",
        "source_team": "TFU0BKCQP",
        "user_profile": {
            "avatar_hash": "92c41c62c7b0",
            "image_72": "https:\/\/avatars.slack-edge.com\/2019-01-30\/537137791812_92c41c62c7b0f054d3dd_72.jpg",
            "first_name": "らき",
            "real_name": "らき",
            "display_name": "raki",
            "team": "TFU0BKCQP",
            "name": "nishimuray",
            "is_restricted": false,
            "is_ultra_restricted": false
        }
    },
    {
        "client_msg_id": "2ecc4c33-ce26-4c81-a9b9-47b57fda4fa3",
        "type": "message",
        "text": "aws_lb_target_group_attachment がインポートできないので手動でステートを調整するのはとりまできたんだけど。",
        "user": "UFU0BKD8F",
        "ts": "1565679067.122000",
        "team": "TFU0BKCQP",
        "user_team": "TFU0BKCQP",
        "source_team": "TFU0BKCQP",
        "user_profile": {
            "avatar_hash": "92c41c62c7b0",
            "image_72": "https:\/\/avatars.slack-edge.com\/2019-01-30\/537137791812_92c41c62c7b0f054d3dd_72.jpg",
            "first_name": "らき",
            "real_name": "らき",
            "display_name": "raki",
            "team": "TFU0BKCQP",
            "name": "nishimuray",
            "is_restricted": false,
            "is_ultra_restricted": false
        }
    },
    {
        "client_msg_id": "e791c17c-7886-4d33-9ae6-45846c3ea8fe",
        "type": "message",
        "text": "aws_lb_target_group のtf コード上で health_check と stickiness ブロックが unsupported argument になるのなんでなんだぜ。。。",
        "user": "UFU0BKD8F",
        "ts": "1565679180.123200",
        "team": "TFU0BKCQP",
        "user_team": "TFU0BKCQP",
        "source_team": "TFU0BKCQP",
        "user_profile": {
            "avatar_hash": "92c41c62c7b0",
            "image_72": "https:\/\/avatars.slack-edge.com\/2019-01-30\/537137791812_92c41c62c7b0f054d3dd_72.jpg",
            "first_name": "らき",
            "real_name": "らき",
            "display_name": "raki",
            "team": "TFU0BKCQP",
            "name": "nishimuray",
            "is_restricted": false,
            "is_ultra_restricted": false
        }
    },
    {
        "client_msg_id": "3452478a-add3-48af-bd2c-1264318a12a3",
        "type": "message",
        "text": "An argument named “health_check” is not expected here. Did you mean to define\na block of type “health_check”?",
        "user": "UFU0BKD8F",
        "ts": "1565679193.123500",
        "team": "TFU0BKCQP",
        "user_team": "TFU0BKCQP",
        "source_team": "TFU0BKCQP",
        "user_profile": {
            "avatar_hash": "92c41c62c7b0",
            "image_72": "https:\/\/avatars.slack-edge.com\/2019-01-30\/537137791812_92c41c62c7b0f054d3dd_72.jpg",
            "first_name": "らき",
            "real_name": "らき",
            "display_name": "raki",
            "team": "TFU0BKCQP",
            "name": "nishimuray",
            "is_restricted": false,
            "is_ultra_restricted": false
        }
    },
    {
        "client_msg_id": "d32d1dc1-d946-48df-bd49-95887c7ab430",
        "type": "message",
        "text": "やっとわかった。。。書き方が問題だった。\n元にしたコードはv0.11 系の health_check = {カンマ区切りあり}だったけど、v0.12 だと health_check {カンマ区切りなし} になるのな。。。\nupgradeツールかけてない（実行できるとこがなかった）から、手作業でコード移してるんだけど、\nこれはエラーメッセージが悪いじゃろ。。。",
        "user": "UFU0BKD8F",
        "ts": "1565679581.125800",
        "team": "TFU0BKCQP",
        "user_team": "TFU0BKCQP",
        "source_team": "TFU0BKCQP",
        "user_profile": {
            "avatar_hash": "92c41c62c7b0",
            "image_72": "https:\/\/avatars.slack-edge.com\/2019-01-30\/537137791812_92c41c62c7b0f054d3dd_72.jpg",
            "first_name": "らき",
            "real_name": "らき",
            "display_name": "raki",
            "team": "TFU0BKCQP",
            "name": "nishimuray",
            "is_restricted": false,
            "is_ultra_restricted": false
        }
    }
]