[
    {
        "client_msg_id": "30c72fed-f1f3-441e-95aa-d60bff642540",
        "type": "message",
        "text": "for_each は使わないつもりだったけどさすがに100近いiam_userと付帯するgroupを\n移行させるのに使わないのは逆に面倒だった。。。",
        "user": "UFU0BKD8F",
        "ts": "1567056663.001100",
        "team": "TFU0BKCQP",
        "user_team": "TFU0BKCQP",
        "source_team": "TFU0BKCQP",
        "user_profile": {
            "avatar_hash": "92c41c62c7b0",
            "image_72": "https:\/\/avatars.slack-edge.com\/2019-01-30\/537137791812_92c41c62c7b0f054d3dd_72.jpg",
            "first_name": "らき",
            "real_name": "らき",
            "display_name": "raki",
            "team": "TFU0BKCQP",
            "name": "nishimuray",
            "is_restricted": false,
            "is_ultra_restricted": false
        }
    }
]