[
    {
        "client_msg_id": "47e6dcba-b0f7-4061-aa0e-5183b199b7d3",
        "type": "message",
        "text": "`for_each`で恩恵授かれたのでqiita書きましたー:terraform:\n<https:\/\/qiita.com\/micci184\/items\/e0723cce6c18b81a9de0>",
        "user": "UGY9BJ1NF",
        "ts": "1565086191.051400",
        "team": "TFU0BKCQP",
        "user_team": "TFU0BKCQP",
        "source_team": "TFU0BKCQP",
        "user_profile": {
            "avatar_hash": "db2f4d9fe31e",
            "image_72": "https:\/\/avatars.slack-edge.com\/2019-03-14\/576772793877_db2f4d9fe31e4921d24d_72.jpg",
            "first_name": "Masamitsu",
            "real_name": "Masamitsu Maehara",
            "display_name": "micci184",
            "team": "TFU0BKCQP",
            "name": "micci184",
            "is_restricted": false,
            "is_ultra_restricted": false
        },
        "attachments": [
            {
                "service_name": "Qiita",
                "title": "Terraformのfor_eachで幸せになれるってよ - Qiita",
                "title_link": "https:\/\/qiita.com\/micci184\/items\/e0723cce6c18b81a9de0",
                "text": "# はじめに Terraform 0.12.6が出ました！ このリリースにより、[for_each](<https:\/\/www.terraform.io\/docs\/configuration\/resources.html#for_ea>...",
                "fallback": "Qiita: Terraformのfor_eachで幸せになれるってよ - Qiita",
                "thumb_url": "https:\/\/cdn.qiita.com\/assets\/qiita-fb-2887e7b4aad86fd8c25cea84846f2236.png",
                "from_url": "https:\/\/qiita.com\/micci184\/items\/e0723cce6c18b81a9de0",
                "thumb_width": 200,
                "thumb_height": 200,
                "service_icon": "https:\/\/cdn.qiita.com\/assets\/favicons\/public\/apple-touch-icon-f9a6afad761ec2306e10db2736187c8b.png",
                "id": 1,
                "original_url": "https:\/\/qiita.com\/micci184\/items\/e0723cce6c18b81a9de0"
            }
        ],
        "reactions": [
            {
                "name": "+1",
                "users": [
                    "UG46Z57TN",
                    "UFU0BKD8F",
                    "ULFK57XL4",
                    "UKQFNH4NN",
                    "ULYDVRXNY",
                    "UHS4SFFA7",
                    "UFTKSQ25T"
                ],
                "count": 7
            }
        ]
    },
    {
        "client_msg_id": "78ff3599-bf18-461e-a0e5-9bcd8210e466",
        "type": "message",
        "text": "7月からterraformerデビューしたので、先日記事を書いてみました！\nよかったら読んでみてください:man-bowing:",
        "user": "ULYDVRXNY",
        "ts": "1565139663.052600",
        "team": "TFU0BKCQP",
        "user_team": "TFU0BKCQP",
        "source_team": "TFU0BKCQP",
        "user_profile": {
            "avatar_hash": "g9c7eabda30b",
            "image_72": "https:\/\/secure.gravatar.com\/avatar\/49c7eabda30bc2f9f8d56e3d1c90ae56.jpg?s=72&d=https%3A%2F%2Fa.slack-edge.com%2Fdf10d%2Fimg%2Favatars%2Fava_0014-72.png",
            "first_name": "",
            "real_name": "narikawa",
            "display_name": "narikawa",
            "team": "TFU0BKCQP",
            "name": "narikawa.t",
            "is_restricted": false,
            "is_ultra_restricted": false
        },
        "reactions": [
            {
                "name": "beers",
                "users": [
                    "UGY9BJ1NF",
                    "UJ0HPTBD2"
                ],
                "count": 2
            }
        ]
    },
    {
        "client_msg_id": "76dfc3db-5fba-4c6c-a686-71e0e9c3f3d4",
        "type": "message",
        "text": "<https:\/\/qiita.com\/fukubaka0825\/items\/d2a1e1615fbe166f902c>",
        "user": "ULYDVRXNY",
        "ts": "1565139679.052800",
        "team": "TFU0BKCQP",
        "user_team": "TFU0BKCQP",
        "source_team": "TFU0BKCQP",
        "user_profile": {
            "avatar_hash": "g9c7eabda30b",
            "image_72": "https:\/\/secure.gravatar.com\/avatar\/49c7eabda30bc2f9f8d56e3d1c90ae56.jpg?s=72&d=https%3A%2F%2Fa.slack-edge.com%2Fdf10d%2Fimg%2Favatars%2Fava_0014-72.png",
            "first_name": "",
            "real_name": "narikawa",
            "display_name": "narikawa",
            "team": "TFU0BKCQP",
            "name": "narikawa.t",
            "is_restricted": false,
            "is_ultra_restricted": false
        },
        "attachments": [
            {
                "service_name": "Qiita",
                "title": "Terraform0.12時代に、より汎用的なmoduleを作るためのtips3選 - Qiita",
                "title_link": "https:\/\/qiita.com\/fukubaka0825\/items\/d2a1e1615fbe166f902c",
                "text": "![cover.jpg](<https:\/\/qiita-image-store.s3.ap-northeast-1.amazonaws.com\/0\/321850\/3887639b-2895-dec3-21d6-6e69a432ce84>....",
                "fallback": "Qiita: Terraform0.12時代に、より汎用的なmoduleを作るためのtips3選 - Qiita",
                "thumb_url": "https:\/\/cdn.qiita.com\/assets\/qiita-fb-2887e7b4aad86fd8c25cea84846f2236.png",
                "from_url": "https:\/\/qiita.com\/fukubaka0825\/items\/d2a1e1615fbe166f902c",
                "thumb_width": 200,
                "thumb_height": 200,
                "service_icon": "https:\/\/cdn.qiita.com\/assets\/favicons\/public\/apple-touch-icon-f9a6afad761ec2306e10db2736187c8b.png",
                "id": 1,
                "original_url": "https:\/\/qiita.com\/fukubaka0825\/items\/d2a1e1615fbe166f902c"
            }
        ],
        "reactions": [
            {
                "name": "eyes",
                "users": [
                    "UFU0BKD8F"
                ],
                "count": 1
            }
        ]
    },
    {
        "client_msg_id": "32a8ba5c-8fd2-4cac-985e-f9687fddf3fd",
        "type": "message",
        "text": "<https:\/\/qiita.com\/fukubaka0825\/items\/103c900a4072121bb4ae>",
        "user": "ULYDVRXNY",
        "ts": "1565139693.053100",
        "team": "TFU0BKCQP",
        "user_team": "TFU0BKCQP",
        "source_team": "TFU0BKCQP",
        "user_profile": {
            "avatar_hash": "g9c7eabda30b",
            "image_72": "https:\/\/secure.gravatar.com\/avatar\/49c7eabda30bc2f9f8d56e3d1c90ae56.jpg?s=72&d=https%3A%2F%2Fa.slack-edge.com%2Fdf10d%2Fimg%2Favatars%2Fava_0014-72.png",
            "first_name": "",
            "real_name": "narikawa",
            "display_name": "narikawa",
            "team": "TFU0BKCQP",
            "name": "narikawa.t",
            "is_restricted": false,
            "is_ultra_restricted": false
        },
        "attachments": [
            {
                "service_name": "Qiita",
                "title": "Terraformのコンポーネント分割について検討する - Qiita",
                "title_link": "https:\/\/qiita.com\/fukubaka0825\/items\/103c900a4072121bb4ae",
                "text": "![image.png](<https:\/\/qiita-image-store.s3.ap-northeast-1.amazonaws.com\/0\/321850\/f13ec916-f616-470b-279f-b9e2695cc379>....",
                "fallback": "Qiita: Terraformのコンポーネント分割について検討する - Qiita",
                "thumb_url": "https:\/\/cdn.qiita.com\/assets\/qiita-fb-2887e7b4aad86fd8c25cea84846f2236.png",
                "from_url": "https:\/\/qiita.com\/fukubaka0825\/items\/103c900a4072121bb4ae",
                "thumb_width": 200,
                "thumb_height": 200,
                "service_icon": "https:\/\/cdn.qiita.com\/assets\/favicons\/public\/apple-touch-icon-f9a6afad761ec2306e10db2736187c8b.png",
                "id": 1,
                "original_url": "https:\/\/qiita.com\/fukubaka0825\/items\/103c900a4072121bb4ae"
            }
        ],
        "thread_ts": "1565139693.053100",
        "reply_count": 4,
        "reply_users_count": 2,
        "latest_reply": "1565158204.055600",
        "reply_users": [
            "UG46Z57TN",
            "ULYDVRXNY"
        ],
        "replies": [
            {
                "user": "UG46Z57TN",
                "ts": "1565146085.054500"
            },
            {
                "user": "ULYDVRXNY",
                "ts": "1565157382.054900"
            },
            {
                "user": "UG46Z57TN",
                "ts": "1565157679.055300"
            },
            {
                "user": "ULYDVRXNY",
                "ts": "1565158204.055600"
            }
        ],
        "subscribed": false
    },
    {
        "client_msg_id": "8f294103-6c3f-4f92-989a-0cb916c72e23",
        "type": "message",
        "text": "<https:\/\/qiita.com\/fukubaka0825\/items\/c50ba6cac3510fa5ea9a>",
        "user": "ULYDVRXNY",
        "ts": "1565139712.053500",
        "team": "TFU0BKCQP",
        "user_team": "TFU0BKCQP",
        "source_team": "TFU0BKCQP",
        "user_profile": {
            "avatar_hash": "g9c7eabda30b",
            "image_72": "https:\/\/secure.gravatar.com\/avatar\/49c7eabda30bc2f9f8d56e3d1c90ae56.jpg?s=72&d=https%3A%2F%2Fa.slack-edge.com%2Fdf10d%2Fimg%2Favatars%2Fava_0014-72.png",
            "first_name": "",
            "real_name": "narikawa",
            "display_name": "narikawa",
            "team": "TFU0BKCQP",
            "name": "narikawa.t",
            "is_restricted": false,
            "is_ultra_restricted": false
        },
        "attachments": [
            {
                "service_name": "Qiita",
                "title": "ApexとTerraformとGoでAWS上に構築したCD Pipelineのステータスをslackに通知 - Qiita",
                "title_link": "https:\/\/qiita.com\/fukubaka0825\/items\/c50ba6cac3510fa5ea9a",
                "text": "![image.png](<https:\/\/qiita-image-store.s3.ap-northeast-1.amazonaws.com\/0\/321850\/13ba4e5a-36ce-ec2d-4c23-d9eab54c9af6>....",
                "fallback": "Qiita: ApexとTerraformとGoでAWS上に構築したCD Pipelineのステータスをslackに通知 - Qiita",
                "thumb_url": "https:\/\/cdn.qiita.com\/assets\/qiita-fb-2887e7b4aad86fd8c25cea84846f2236.png",
                "from_url": "https:\/\/qiita.com\/fukubaka0825\/items\/c50ba6cac3510fa5ea9a",
                "thumb_width": 200,
                "thumb_height": 200,
                "service_icon": "https:\/\/cdn.qiita.com\/assets\/favicons\/public\/apple-touch-icon-f9a6afad761ec2306e10db2736187c8b.png",
                "id": 1,
                "original_url": "https:\/\/qiita.com\/fukubaka0825\/items\/c50ba6cac3510fa5ea9a"
            }
        ]
    },
    {
        "client_msg_id": "DF4808BB-3259-41F7-93AB-18943333042A",
        "type": "message",
        "text": "最終的にどの分割単位になったんでしょうか！",
        "user": "UG46Z57TN",
        "ts": "1565146085.054500",
        "team": "TFU0BKCQP",
        "user_team": "TFU0BKCQP",
        "source_team": "TFU0BKCQP",
        "user_profile": {
            "avatar_hash": "c6bdd4cb17db",
            "image_72": "https:\/\/avatars.slack-edge.com\/2019-07-05\/685991185957_c6bdd4cb17db956661a1_72.jpg",
            "first_name": "Takeshi",
            "real_name": "Takeshi Kondo",
            "display_name": "chaspy",
            "team": "TFU0BKCQP",
            "name": "take.she12",
            "is_restricted": false,
            "is_ultra_restricted": false
        },
        "thread_ts": "1565139693.053100",
        "parent_user_id": "ULYDVRXNY"
    },
    {
        "type": "message",
        "text": "まだこのまんまです！これから変化していくと思うのでまた記事にしますね！",
        "files": [
            {
                "id": "FM4JHTTU0",
                "created": 1565157379,
                "timestamp": 1565157379,
                "name": "スクリーンショット 2019-08-07 14.55.11.png",
                "title": "スクリーンショット 2019-08-07 14.55.11.png",
                "mimetype": "image\/png",
                "filetype": "png",
                "pretty_type": "PNG",
                "user": "ULYDVRXNY",
                "editable": false,
                "size": 263318,
                "mode": "hosted",
                "is_external": false,
                "external_type": "",
                "is_public": true,
                "public_url_shared": false,
                "display_as_bot": false,
                "username": "",
                "url_private": "https:\/\/files.slack.com\/files-pri\/TFU0BKCQP-FM4JHTTU0\/____________________________2019-08-07_14.55.11.png?t=xoxe-538011658839-806418316866-819211362325-940ad02e2540576b1109bef8942a657d",
                "url_private_download": "https:\/\/files.slack.com\/files-pri\/TFU0BKCQP-FM4JHTTU0\/download\/____________________________2019-08-07_14.55.11.png?t=xoxe-538011658839-806418316866-819211362325-940ad02e2540576b1109bef8942a657d",
                "thumb_64": "https:\/\/files.slack.com\/files-tmb\/TFU0BKCQP-FM4JHTTU0-6f9e20e279\/____________________________2019-08-07_14.55.11_64.png?t=xoxe-538011658839-806418316866-819211362325-940ad02e2540576b1109bef8942a657d",
                "thumb_80": "https:\/\/files.slack.com\/files-tmb\/TFU0BKCQP-FM4JHTTU0-6f9e20e279\/____________________________2019-08-07_14.55.11_80.png?t=xoxe-538011658839-806418316866-819211362325-940ad02e2540576b1109bef8942a657d",
                "thumb_360": "https:\/\/files.slack.com\/files-tmb\/TFU0BKCQP-FM4JHTTU0-6f9e20e279\/____________________________2019-08-07_14.55.11_360.png?t=xoxe-538011658839-806418316866-819211362325-940ad02e2540576b1109bef8942a657d",
                "thumb_360_w": 360,
                "thumb_360_h": 216,
                "thumb_480": "https:\/\/files.slack.com\/files-tmb\/TFU0BKCQP-FM4JHTTU0-6f9e20e279\/____________________________2019-08-07_14.55.11_480.png?t=xoxe-538011658839-806418316866-819211362325-940ad02e2540576b1109bef8942a657d",
                "thumb_480_w": 480,
                "thumb_480_h": 288,
                "thumb_160": "https:\/\/files.slack.com\/files-tmb\/TFU0BKCQP-FM4JHTTU0-6f9e20e279\/____________________________2019-08-07_14.55.11_160.png?t=xoxe-538011658839-806418316866-819211362325-940ad02e2540576b1109bef8942a657d",
                "thumb_720": "https:\/\/files.slack.com\/files-tmb\/TFU0BKCQP-FM4JHTTU0-6f9e20e279\/____________________________2019-08-07_14.55.11_720.png?t=xoxe-538011658839-806418316866-819211362325-940ad02e2540576b1109bef8942a657d",
                "thumb_720_w": 720,
                "thumb_720_h": 432,
                "thumb_800": "https:\/\/files.slack.com\/files-tmb\/TFU0BKCQP-FM4JHTTU0-6f9e20e279\/____________________________2019-08-07_14.55.11_800.png?t=xoxe-538011658839-806418316866-819211362325-940ad02e2540576b1109bef8942a657d",
                "thumb_800_w": 800,
                "thumb_800_h": 480,
                "thumb_960": "https:\/\/files.slack.com\/files-tmb\/TFU0BKCQP-FM4JHTTU0-6f9e20e279\/____________________________2019-08-07_14.55.11_960.png?t=xoxe-538011658839-806418316866-819211362325-940ad02e2540576b1109bef8942a657d",
                "thumb_960_w": 960,
                "thumb_960_h": 576,
                "thumb_1024": "https:\/\/files.slack.com\/files-tmb\/TFU0BKCQP-FM4JHTTU0-6f9e20e279\/____________________________2019-08-07_14.55.11_1024.png?t=xoxe-538011658839-806418316866-819211362325-940ad02e2540576b1109bef8942a657d",
                "thumb_1024_w": 1024,
                "thumb_1024_h": 614,
                "image_exif_rotation": 1,
                "original_w": 1070,
                "original_h": 642,
                "permalink": "https:\/\/terraform-jp.slack.com\/files\/ULYDVRXNY\/FM4JHTTU0\/____________________________2019-08-07_14.55.11.png",
                "permalink_public": "https:\/\/slack-files.com\/TFU0BKCQP-FM4JHTTU0-aad6a73de4",
                "is_starred": false,
                "has_rich_preview": false
            }
        ],
        "upload": true,
        "user": "ULYDVRXNY",
        "display_as_bot": false,
        "ts": "1565157382.054900",
        "client_msg_id": "ceb93ad1-688d-4522-8b61-4f46217814ad",
        "thread_ts": "1565139693.053100",
        "parent_user_id": "ULYDVRXNY"
    },
    {
        "client_msg_id": "797f0388-d0e5-44a2-a4d5-d0796980528c",
        "type": "message",
        "text": "その後運用していった結果どうなったかすごい気になります！楽しみにしてます！\nうちはprod, stg, manageの3種類のみでなんとかやってますが、stateに手をいれたときに他のひとの変更をblockしてしまうことに問題を感じてますが、かといって分割したらしたで面倒なこともでてくるんじゃないかという懸念があります。 :sweat_smile:",
        "user": "UG46Z57TN",
        "ts": "1565157679.055300",
        "team": "TFU0BKCQP",
        "user_team": "TFU0BKCQP",
        "source_team": "TFU0BKCQP",
        "user_profile": {
            "avatar_hash": "c6bdd4cb17db",
            "image_72": "https:\/\/avatars.slack-edge.com\/2019-07-05\/685991185957_c6bdd4cb17db956661a1_72.jpg",
            "first_name": "Takeshi",
            "real_name": "Takeshi Kondo",
            "display_name": "chaspy",
            "team": "TFU0BKCQP",
            "name": "take.she12",
            "is_restricted": false,
            "is_ultra_restricted": false
        },
        "edited": {
            "user": "UG46Z57TN",
            "ts": "1565157694.000000"
        },
        "thread_ts": "1565139693.053100",
        "parent_user_id": "ULYDVRXNY"
    },
    {
        "client_msg_id": "f0ed1c7c-5477-4d79-92a9-30348265c6eb",
        "type": "message",
        "text": "&gt;かといって分割したらしたで面倒なこともでてくるんじゃないか\nここなんですよね、、依存関係とデプロイ運用管理するのがままめんどくさいですがtfstateに手を入れなければならないケースとかは非常に楽ですね、、\n結構みなさん環境ごとにモノな構成が主流みたいですね\n\nこれからコードリーディング会諸々お世話になると思います、よろしくお願いします:man-bowing:",
        "user": "ULYDVRXNY",
        "ts": "1565158204.055600",
        "team": "TFU0BKCQP",
        "user_team": "TFU0BKCQP",
        "source_team": "TFU0BKCQP",
        "user_profile": {
            "avatar_hash": "g9c7eabda30b",
            "image_72": "https:\/\/secure.gravatar.com\/avatar\/49c7eabda30bc2f9f8d56e3d1c90ae56.jpg?s=72&d=https%3A%2F%2Fa.slack-edge.com%2Fdf10d%2Fimg%2Favatars%2Fava_0014-72.png",
            "first_name": "",
            "real_name": "narikawa",
            "display_name": "narikawa",
            "team": "TFU0BKCQP",
            "name": "narikawa.t",
            "is_restricted": false,
            "is_ultra_restricted": false
        },
        "thread_ts": "1565139693.053100",
        "parent_user_id": "ULYDVRXNY",
        "reactions": [
            {
                "name": "+1",
                "users": [
                    "UG46Z57TN"
                ],
                "count": 1
            }
        ]
    }
]