[
    {
        "client_msg_id": "6d9d844e-23b9-43bd-bb12-266cc1d6dc65",
        "type": "message",
        "text": "めっちゃちょっとしすぎてるんだけど、DataDog のドキュメントにいつのまにか\nAWS Integration する IAM Policy を terraform で書くのが追加されてた。\nモジュールとしてgithubに上げておくくらいの気遣いは欲しいところ。\n<https:\/\/docs.datadoghq.com\/ja\/integrations\/faq\/aws-integration-with-terraform\/>",
        "user": "UFU0BKD8F",
        "ts": "1565855433.128300",
        "team": "TFU0BKCQP",
        "user_team": "TFU0BKCQP",
        "source_team": "TFU0BKCQP",
        "user_profile": {
            "avatar_hash": "92c41c62c7b0",
            "image_72": "https:\/\/avatars.slack-edge.com\/2019-01-30\/537137791812_92c41c62c7b0f054d3dd_72.jpg",
            "first_name": "らき",
            "real_name": "らき",
            "display_name": "raki",
            "team": "TFU0BKCQP",
            "name": "nishimuray",
            "is_restricted": false,
            "is_ultra_restricted": false
        },
        "attachments": [
            {
                "service_name": "Datadogでインフラストラクチャーとアプリケーションのモニタリング",
                "title": "The AWS Integration with Terraform",
                "title_link": "https:\/\/docs.datadoghq.com\/ja\/integrations\/faq\/aws-integration-with-terraform\/",
                "text": "Datadogが大規模なクラウドのモニタリングサービスをリードします。",
                "fallback": "Datadogでインフラストラクチャーとアプリケーションのモニタリング: The AWS Integration with Terraform",
                "image_url": "https:\/\/datadog-docs.imgix.net\/images\/dd-docs-meta-image.png",
                "from_url": "https:\/\/docs.datadoghq.com\/ja\/integrations\/faq\/aws-integration-with-terraform\/",
                "image_width": 250,
                "image_height": 250,
                "image_bytes": 18442,
                "service_icon": "https:\/\/docs.datadoghq.com\/favicon.ico",
                "id": 1,
                "original_url": "https:\/\/docs.datadoghq.com\/ja\/integrations\/faq\/aws-integration-with-terraform\/"
            }
        ],
        "reactions": [
            {
                "name": "wakaru",
                "users": [
                    "ULFK57XL4"
                ],
                "count": 1
            },
            {
                "name": "sushi",
                "users": [
                    "ULNRQ99GB"
                ],
                "count": 1
            }
        ]
    },
    {
        "client_msg_id": "d33de54c-8bdd-4ff2-93b4-7bfeae39889b",
        "type": "message",
        "text": "dependabot内製した。（かなりの○○コードなのは自覚している）\n\n```\n#!\/bin\/bash\n# kondo\nLATEST_VERSION=$(curl <https:\/\/api.github.com\/repos\/terraform-providers\/terraform-provider-aws\/releases> | jq -r '.[0].tag_name' | tr -d 'v')\nDATE=$(date \"+%Y%m%d-%H%M\")\nBRANCH=\"update-aws-provider-${DATE}\"\nTITLE=\"Bump aws-provider to ${LATEST_VERSION}\"\nBODY=\"@quipper\/sre <https:\/\/jenkins-url\/chack_aws_provider_version\/>\"\nGITHUB_TOKEN=\"${GITHUB_ACCESS_TOKEN}\"\n\nfor env in manage staging production; do\n  CURRENT_VERSION=$(grep -A1 aws environments\/${env}\/provider.tf | grep version | awk '{print $4}' | tr -d '\"' | sort | uniq)\n  if [ \"${CURRENT_VERSION}\" = \"${LATEST_VERSION}\" ]; then\n    echo \"Latest version\"\n    exit 0\n  else\n    echo \"Need to update\"\n    sed -i s\/\"${CURRENT_VERSION}\"\/\"${LATEST_VERSION}\"\/g environments\/${env}\/provider.tf\n  fi\ndone\n\ngit checkout -b \"${BRANCH}\"\ngit add .\ngit commit -m \"Bump aws-provider to ${LATEST_VERSION}\"\n\ngit push origin \"${BRANCH}\"\n\ncurl -X POST -H \"Authorization: token ${GITHUB_TOKEN}\" -d \"{\\\"title\\\": \\\"${TITLE}\\\",\\\"body\\\": \\\"${BODY}\\\",\\\"head\\\": \\\"${BRANCH}\\\",\\\"base\\\": \\\"master\\\"}\" <https:\/\/api.github.com\/repos\/quipper\/terraform\/pulls>\n```",
        "user": "UG46Z57TN",
        "ts": "1565923364.129600",
        "team": "TFU0BKCQP",
        "user_team": "TFU0BKCQP",
        "source_team": "TFU0BKCQP",
        "user_profile": {
            "avatar_hash": "c6bdd4cb17db",
            "image_72": "https:\/\/avatars.slack-edge.com\/2019-07-05\/685991185957_c6bdd4cb17db956661a1_72.jpg",
            "first_name": "Takeshi",
            "real_name": "Takeshi Kondo",
            "display_name": "chaspy",
            "team": "TFU0BKCQP",
            "name": "take.she12",
            "is_restricted": false,
            "is_ultra_restricted": false
        },
        "thread_ts": "1565923364.129600",
        "reply_count": 19,
        "reply_users_count": 3,
        "latest_reply": "1565926472.136300",
        "reply_users": [
            "UFU0BKD8F",
            "UG46Z57TN",
            "UFUP9BGES"
        ],
        "replies": [
            {
                "user": "UFU0BKD8F",
                "ts": "1565925510.131100"
            },
            {
                "user": "UG46Z57TN",
                "ts": "1565925596.131300"
            },
            {
                "user": "UFU0BKD8F",
                "ts": "1565925629.131500"
            },
            {
                "user": "UG46Z57TN",
                "ts": "1565925652.131700"
            },
            {
                "user": "UG46Z57TN",
                "ts": "1565925660.131900"
            },
            {
                "user": "UG46Z57TN",
                "ts": "1565925671.132100"
            },
            {
                "user": "UG46Z57TN",
                "ts": "1565925710.132300"
            },
            {
                "user": "UG46Z57TN",
                "ts": "1565925740.132500"
            },
            {
                "user": "UFU0BKD8F",
                "ts": "1565926049.132700"
            },
            {
                "user": "UG46Z57TN",
                "ts": "1565926084.132900"
            },
            {
                "user": "UFU0BKD8F",
                "ts": "1565926131.133200"
            },
            {
                "user": "UG46Z57TN",
                "ts": "1565926146.133600"
            },
            {
                "user": "UFU0BKD8F",
                "ts": "1565926169.133800"
            },
            {
                "user": "UFU0BKD8F",
                "ts": "1565926226.134000"
            },
            {
                "user": "UG46Z57TN",
                "ts": "1565926278.135200"
            },
            {
                "user": "UFUP9BGES",
                "ts": "1565926427.135400"
            },
            {
                "user": "UG46Z57TN",
                "ts": "1565926460.135800"
            },
            {
                "user": "UG46Z57TN",
                "ts": "1565926466.136100"
            },
            {
                "user": "UFUP9BGES",
                "ts": "1565926472.136300"
            }
        ],
        "subscribed": true,
        "last_read": "1565926472.136300"
    },
    {
        "client_msg_id": "7437a62d-a539-4195-848c-79428fb582ef",
        "type": "message",
        "text": "<https:\/\/github.com\/terraform-providers\/terraform-provider-aws\/releases\/tag\/v2.24.0>\n今回からリリースタグにもチェンジログ記載されてますね\n（今までリリースタグ通知→チェンジログみるってステップ踏んで更新内容みてたからちょっとうれしい",
        "user": "ULFK57XL4",
        "ts": "1565924557.130700",
        "team": "TFU0BKCQP",
        "user_team": "TFU0BKCQP",
        "source_team": "TFU0BKCQP",
        "user_profile": {
            "avatar_hash": "g4ede17818e5",
            "image_72": "https:\/\/secure.gravatar.com\/avatar\/54ede17818e5e7d1985d82034d959a82.jpg?s=72&d=https%3A%2F%2Fa.slack-edge.com%2Fdf10d%2Fimg%2Favatars%2Fava_0008-72.png",
            "first_name": "",
            "real_name": "eigo_s",
            "display_name": "",
            "team": "TFU0BKCQP",
            "name": "eigo.szk",
            "is_restricted": false,
            "is_ultra_restricted": false
        }
    },
    {
        "client_msg_id": "232ebe9a-8ced-4bd1-baef-df89764630ab",
        "type": "message",
        "text": "おお、ほんとだ！ちゃんとしてる",
        "user": "UG46Z57TN",
        "ts": "1565924664.131000",
        "team": "TFU0BKCQP",
        "user_team": "TFU0BKCQP",
        "source_team": "TFU0BKCQP",
        "user_profile": {
            "avatar_hash": "c6bdd4cb17db",
            "image_72": "https:\/\/avatars.slack-edge.com\/2019-07-05\/685991185957_c6bdd4cb17db956661a1_72.jpg",
            "first_name": "Takeshi",
            "real_name": "Takeshi Kondo",
            "display_name": "chaspy",
            "team": "TFU0BKCQP",
            "name": "take.she12",
            "is_restricted": false,
            "is_ultra_restricted": false
        }
    },
    {
        "client_msg_id": "1ee9e367-f2d9-4fa8-8f56-d52cf1b0618f",
        "type": "message",
        "text": "コードレビューするなら、、、\n - LATEST_VERSION を拾うところ、タイミングによっては 1系最新が拾われちゃうかも？ jq ありならぶん回してとるのがいいかも\n- 動かしてみないとあれだけど目検だけだとmanage envがcurrentだとexitで抜けちゃう？コミットするのは1env1回ずつになる？\n- だとしたら git add . はsedと同じファイルを指定したほうがいいかも？\n- エラー処理がないので最初のLATEST_VERSION拾い損なうと空で更新しにいっちゃう。。。？ -xe とかしたほうがいいかも？これも動かしてみないとわかんないやｗ",
        "user": "UFU0BKD8F",
        "ts": "1565925510.131100",
        "team": "TFU0BKCQP",
        "user_team": "TFU0BKCQP",
        "source_team": "TFU0BKCQP",
        "user_profile": {
            "avatar_hash": "92c41c62c7b0",
            "image_72": "https:\/\/avatars.slack-edge.com\/2019-01-30\/537137791812_92c41c62c7b0f054d3dd_72.jpg",
            "first_name": "らき",
            "real_name": "らき",
            "display_name": "raki",
            "team": "TFU0BKCQP",
            "name": "nishimuray",
            "is_restricted": false,
            "is_ultra_restricted": false
        },
        "thread_ts": "1565923364.129600",
        "parent_user_id": "UG46Z57TN"
    },
    {
        "client_msg_id": "7f7065cd-c5e0-440b-a4cb-69951e301415",
        "type": "message",
        "text": "ナイスレビュー",
        "user": "UG46Z57TN",
        "ts": "1565925596.131300",
        "team": "TFU0BKCQP",
        "user_team": "TFU0BKCQP",
        "source_team": "TFU0BKCQP",
        "user_profile": {
            "avatar_hash": "c6bdd4cb17db",
            "image_72": "https:\/\/avatars.slack-edge.com\/2019-07-05\/685991185957_c6bdd4cb17db956661a1_72.jpg",
            "first_name": "Takeshi",
            "real_name": "Takeshi Kondo",
            "display_name": "chaspy",
            "team": "TFU0BKCQP",
            "name": "take.she12",
            "is_restricted": false,
            "is_ultra_restricted": false
        },
        "thread_ts": "1565923364.129600",
        "parent_user_id": "UG46Z57TN"
    },
    {
        "client_msg_id": "4d9ea4f0-8ee4-4a02-ab3a-ccd827389710",
        "type": "message",
        "text": "動けばおっけーだとは思うんだけどねｗｗｗ",
        "user": "UFU0BKD8F",
        "ts": "1565925629.131500",
        "team": "TFU0BKCQP",
        "user_team": "TFU0BKCQP",
        "source_team": "TFU0BKCQP",
        "user_profile": {
            "avatar_hash": "92c41c62c7b0",
            "image_72": "https:\/\/avatars.slack-edge.com\/2019-01-30\/537137791812_92c41c62c7b0f054d3dd_72.jpg",
            "first_name": "らき",
            "real_name": "らき",
            "display_name": "raki",
            "team": "TFU0BKCQP",
            "name": "nishimuray",
            "is_restricted": false,
            "is_ultra_restricted": false
        },
        "thread_ts": "1565923364.129600",
        "parent_user_id": "UG46Z57TN"
    },
    {
        "client_msg_id": "26d59833-5ec8-4e51-b538-f087ab42b137",
        "type": "message",
        "text": "`ちゃんとする` ほどコストをかける気になれず昨夜ガッと書いた",
        "user": "UG46Z57TN",
        "ts": "1565925652.131700",
        "team": "TFU0BKCQP",
        "user_team": "TFU0BKCQP",
        "source_team": "TFU0BKCQP",
        "user_profile": {
            "avatar_hash": "c6bdd4cb17db",
            "image_72": "https:\/\/avatars.slack-edge.com\/2019-07-05\/685991185957_c6bdd4cb17db956661a1_72.jpg",
            "first_name": "Takeshi",
            "real_name": "Takeshi Kondo",
            "display_name": "chaspy",
            "team": "TFU0BKCQP",
            "name": "take.she12",
            "is_restricted": false,
            "is_ultra_restricted": false
        },
        "thread_ts": "1565923364.129600",
        "parent_user_id": "UG46Z57TN"
    },
    {
        "client_msg_id": "5d6ec33c-0fa0-48dd-9f0e-9f8a31f2c2c3",
        "type": "message",
        "text": "githubのrelease apiの順序はどうなんだろうね",
        "user": "UG46Z57TN",
        "ts": "1565925660.131900",
        "team": "TFU0BKCQP",
        "user_team": "TFU0BKCQP",
        "source_team": "TFU0BKCQP",
        "user_profile": {
            "avatar_hash": "c6bdd4cb17db",
            "image_72": "https:\/\/avatars.slack-edge.com\/2019-07-05\/685991185957_c6bdd4cb17db956661a1_72.jpg",
            "first_name": "Takeshi",
            "real_name": "Takeshi Kondo",
            "display_name": "chaspy",
            "team": "TFU0BKCQP",
            "name": "take.she12",
            "is_restricted": false,
            "is_ultra_restricted": false
        },
        "thread_ts": "1565923364.129600",
        "parent_user_id": "UG46Z57TN"
    },
    {
        "client_msg_id": "1385eee4-960c-4cc8-b17f-c6fb7e605672",
        "type": "message",
        "text": "とりあえず今日でた2.24.0についてはちゃんとうごいた。",
        "user": "UG46Z57TN",
        "ts": "1565925671.132100",
        "team": "TFU0BKCQP",
        "user_team": "TFU0BKCQP",
        "source_team": "TFU0BKCQP",
        "user_profile": {
            "avatar_hash": "c6bdd4cb17db",
            "image_72": "https:\/\/avatars.slack-edge.com\/2019-07-05\/685991185957_c6bdd4cb17db956661a1_72.jpg",
            "first_name": "Takeshi",
            "real_name": "Takeshi Kondo",
            "display_name": "chaspy",
            "team": "TFU0BKCQP",
            "name": "take.she12",
            "is_restricted": false,
            "is_ultra_restricted": false
        },
        "thread_ts": "1565923364.129600",
        "parent_user_id": "UG46Z57TN"
    },
    {
        "client_msg_id": "386150cc-3ecb-4198-9397-30f9942b4206",
        "type": "message",
        "text": "&gt;manage envがcurrentだとexitで抜けちゃう\n\n抜けちゃいますね。ぶんまわしたあとgit diffの結果で変わってなければ抜ける、のほうがよさそうだ",
        "user": "UG46Z57TN",
        "ts": "1565925710.132300",
        "team": "TFU0BKCQP",
        "user_team": "TFU0BKCQP",
        "source_team": "TFU0BKCQP",
        "user_profile": {
            "avatar_hash": "c6bdd4cb17db",
            "image_72": "https:\/\/avatars.slack-edge.com\/2019-07-05\/685991185957_c6bdd4cb17db956661a1_72.jpg",
            "first_name": "Takeshi",
            "real_name": "Takeshi Kondo",
            "display_name": "chaspy",
            "team": "TFU0BKCQP",
            "name": "take.she12",
            "is_restricted": false,
            "is_ultra_restricted": false
        },
        "thread_ts": "1565923364.129600",
        "parent_user_id": "UG46Z57TN",
        "reactions": [
            {
                "name": "naruhodo",
                "users": [
                    "UFU0BKD8F"
                ],
                "count": 1
            }
        ]
    },
    {
        "client_msg_id": "9732bd83-7be3-48b5-9680-62664c90d2d0",
        "type": "message",
        "text": "&gt;エラー処理がないので最初のLATEST_VERSION拾い損なうと空で更新しにいっちゃう。。。？\n\nこれもそのとおりですね",
        "user": "UG46Z57TN",
        "ts": "1565925740.132500",
        "team": "TFU0BKCQP",
        "user_team": "TFU0BKCQP",
        "source_team": "TFU0BKCQP",
        "user_profile": {
            "avatar_hash": "c6bdd4cb17db",
            "image_72": "https:\/\/avatars.slack-edge.com\/2019-07-05\/685991185957_c6bdd4cb17db956661a1_72.jpg",
            "first_name": "Takeshi",
            "real_name": "Takeshi Kondo",
            "display_name": "chaspy",
            "team": "TFU0BKCQP",
            "name": "take.she12",
            "is_restricted": false,
            "is_ultra_restricted": false
        },
        "thread_ts": "1565923364.129600",
        "parent_user_id": "UG46Z57TN"
    },
    {
        "client_msg_id": "6b95946e-32d9-440a-b937-d5e5bee8e8ae",
        "type": "message",
        "text": "release api の出力は処理順（降順）のはずよ。1系は頻度低いなりに単独でバージョンアップしてくるから、一時的に先頭が1系になったりするはず。。。",
        "user": "UFU0BKD8F",
        "ts": "1565926049.132700",
        "team": "TFU0BKCQP",
        "user_team": "TFU0BKCQP",
        "source_team": "TFU0BKCQP",
        "user_profile": {
            "avatar_hash": "92c41c62c7b0",
            "image_72": "https:\/\/avatars.slack-edge.com\/2019-01-30\/537137791812_92c41c62c7b0f054d3dd_72.jpg",
            "first_name": "らき",
            "real_name": "らき",
            "display_name": "raki",
            "team": "TFU0BKCQP",
            "name": "nishimuray",
            "is_restricted": false,
            "is_ultra_restricted": false
        },
        "thread_ts": "1565923364.129600",
        "parent_user_id": "UG46Z57TN"
    },
    {
        "client_msg_id": "5f2bed72-458f-44a3-8246-abb1cb679e84",
        "type": "message",
        "text": "あーまじか、それはちゃんとしないとバグりますね。。。",
        "user": "UG46Z57TN",
        "ts": "1565926084.132900",
        "team": "TFU0BKCQP",
        "user_team": "TFU0BKCQP",
        "source_team": "TFU0BKCQP",
        "user_profile": {
            "avatar_hash": "c6bdd4cb17db",
            "image_72": "https:\/\/avatars.slack-edge.com\/2019-07-05\/685991185957_c6bdd4cb17db956661a1_72.jpg",
            "first_name": "Takeshi",
            "real_name": "Takeshi Kondo",
            "display_name": "chaspy",
            "team": "TFU0BKCQP",
            "name": "take.she12",
            "is_restricted": false,
            "is_ultra_restricted": false
        },
        "thread_ts": "1565923364.129600",
        "parent_user_id": "UG46Z57TN"
    },
    {
        "client_msg_id": "6fc5c149-e05d-452d-b9f0-28f747f0796a",
        "type": "message",
        "text": "まぁお知らせされてダメだってわかれば人があとで止めるんだろうしいいとは思うけどね。。。",
        "user": "UFU0BKD8F",
        "ts": "1565926131.133200",
        "team": "TFU0BKCQP",
        "user_team": "TFU0BKCQP",
        "source_team": "TFU0BKCQP",
        "user_profile": {
            "avatar_hash": "92c41c62c7b0",
            "image_72": "https:\/\/avatars.slack-edge.com\/2019-01-30\/537137791812_92c41c62c7b0f054d3dd_72.jpg",
            "first_name": "らき",
            "real_name": "らき",
            "display_name": "raki",
            "team": "TFU0BKCQP",
            "name": "nishimuray",
            "is_restricted": false,
            "is_ultra_restricted": false
        },
        "thread_ts": "1565923364.129600",
        "parent_user_id": "UG46Z57TN"
    },
    {
        "client_msg_id": "385EFB4E-6DBC-4EA1-A8C3-9D00B3FBE53D",
        "type": "message",
        "text": "1系がたまに更新されることを知らなかった",
        "user": "UG46Z57TN",
        "ts": "1565926146.133600",
        "team": "TFU0BKCQP",
        "user_team": "TFU0BKCQP",
        "source_team": "TFU0BKCQP",
        "user_profile": {
            "avatar_hash": "c6bdd4cb17db",
            "image_72": "https:\/\/avatars.slack-edge.com\/2019-07-05\/685991185957_c6bdd4cb17db956661a1_72.jpg",
            "first_name": "Takeshi",
            "real_name": "Takeshi Kondo",
            "display_name": "chaspy",
            "team": "TFU0BKCQP",
            "name": "take.she12",
            "is_restricted": false,
            "is_ultra_restricted": false
        },
        "thread_ts": "1565923364.129600",
        "parent_user_id": "UG46Z57TN"
    },
    {
        "client_msg_id": "6a2f4ca3-c7c0-49d8-99e3-8c3de8dae3a4",
        "type": "message",
        "text": "最近最後は先月くらいだった？",
        "user": "UFU0BKD8F",
        "ts": "1565926169.133800",
        "team": "TFU0BKCQP",
        "user_team": "TFU0BKCQP",
        "source_team": "TFU0BKCQP",
        "user_profile": {
            "avatar_hash": "92c41c62c7b0",
            "image_72": "https:\/\/avatars.slack-edge.com\/2019-01-30\/537137791812_92c41c62c7b0f054d3dd_72.jpg",
            "first_name": "らき",
            "real_name": "らき",
            "display_name": "raki",
            "team": "TFU0BKCQP",
            "name": "nishimuray",
            "is_restricted": false,
            "is_ultra_restricted": false
        },
        "thread_ts": "1565923364.129600",
        "parent_user_id": "UG46Z57TN"
    },
    {
        "client_msg_id": "e34afdf2-fe93-4f86-8ca6-45c143846d2a",
        "type": "message",
        "text": "全然うそやんｗ 今1系更新されてない？",
        "user": "UFU0BKD8F",
        "ts": "1565926226.134000",
        "team": "TFU0BKCQP",
        "user_team": "TFU0BKCQP",
        "source_team": "TFU0BKCQP",
        "user_profile": {
            "avatar_hash": "92c41c62c7b0",
            "image_72": "https:\/\/avatars.slack-edge.com\/2019-01-30\/537137791812_92c41c62c7b0f054d3dd_72.jpg",
            "first_name": "らき",
            "real_name": "らき",
            "display_name": "raki",
            "team": "TFU0BKCQP",
            "name": "nishimuray",
            "is_restricted": false,
            "is_ultra_restricted": false
        },
        "thread_ts": "1565923364.129600",
        "parent_user_id": "UG46Z57TN"
    },
    {
        "client_msg_id": "C149F08A-0496-4C1B-B4BF-E376D2072B86",
        "type": "message",
        "text": "provider upするとき2系にあげるなら1.60(latest)にあげてねって話だったからもう出ないと思い込んでました",
        "user": "UG46Z57TN",
        "ts": "1565926278.135200",
        "team": "TFU0BKCQP",
        "user_team": "TFU0BKCQP",
        "source_team": "TFU0BKCQP",
        "user_profile": {
            "avatar_hash": "c6bdd4cb17db",
            "image_72": "https:\/\/avatars.slack-edge.com\/2019-07-05\/685991185957_c6bdd4cb17db956661a1_72.jpg",
            "first_name": "Takeshi",
            "real_name": "Takeshi Kondo",
            "display_name": "chaspy",
            "team": "TFU0BKCQP",
            "name": "take.she12",
            "is_restricted": false,
            "is_ultra_restricted": false
        },
        "thread_ts": "1565923364.129600",
        "parent_user_id": "UG46Z57TN"
    },
    {
        "client_msg_id": "67ae700c-674d-470b-9ff6-21be566d283c",
        "type": "message",
        "text": "LATEST_VERSIONの取得URLは `<https:\/\/api.github.com\/repos\/terraform-providers\/terraform-provider-aws\/releases\/latest>` の方が確実にlatestが取れて良いかも。",
        "user": "UFUP9BGES",
        "ts": "1565926427.135400",
        "team": "TFU0BKCQP",
        "user_team": "TFU0BKCQP",
        "source_team": "TFU0BKCQP",
        "user_profile": {
            "avatar_hash": "g1ab82c88cbc",
            "image_72": "https:\/\/secure.gravatar.com\/avatar\/31ab82c88cbcd51de65e6e00bdee9e22.jpg?s=72&d=https%3A%2F%2Fa.slack-edge.com%2Fdf10d%2Fimg%2Favatars%2Fava_0001-72.png",
            "first_name": "",
            "real_name": "益田ラヂヲ",
            "display_name": "益田ラヂヲ",
            "team": "TFU0BKCQP",
            "name": "brettspielwelt",
            "is_restricted": false,
            "is_ultra_restricted": false
        },
        "thread_ts": "1565923364.129600",
        "parent_user_id": "UG46Z57TN",
        "reactions": [
            {
                "name": "tada",
                "users": [
                    "UFU0BKD8F"
                ],
                "count": 1
            }
        ]
    },
    {
        "client_msg_id": "2EB71E83-83FC-4B0F-9E36-CC33B35EAC1F",
        "type": "message",
        "text": "そんなpathが！",
        "user": "UG46Z57TN",
        "ts": "1565926460.135800",
        "team": "TFU0BKCQP",
        "user_team": "TFU0BKCQP",
        "source_team": "TFU0BKCQP",
        "user_profile": {
            "avatar_hash": "c6bdd4cb17db",
            "image_72": "https:\/\/avatars.slack-edge.com\/2019-07-05\/685991185957_c6bdd4cb17db956661a1_72.jpg",
            "first_name": "Takeshi",
            "real_name": "Takeshi Kondo",
            "display_name": "chaspy",
            "team": "TFU0BKCQP",
            "name": "take.she12",
            "is_restricted": false,
            "is_ultra_restricted": false
        },
        "thread_ts": "1565923364.129600",
        "parent_user_id": "UG46Z57TN"
    },
    {
        "client_msg_id": "01F4C3FB-662E-4CE2-9719-1BFBCB3061CE",
        "type": "message",
        "text": "ありがとうございます！！",
        "user": "UG46Z57TN",
        "ts": "1565926466.136100",
        "team": "TFU0BKCQP",
        "user_team": "TFU0BKCQP",
        "source_team": "TFU0BKCQP",
        "user_profile": {
            "avatar_hash": "c6bdd4cb17db",
            "image_72": "https:\/\/avatars.slack-edge.com\/2019-07-05\/685991185957_c6bdd4cb17db956661a1_72.jpg",
            "first_name": "Takeshi",
            "real_name": "Takeshi Kondo",
            "display_name": "chaspy",
            "team": "TFU0BKCQP",
            "name": "take.she12",
            "is_restricted": false,
            "is_ultra_restricted": false
        },
        "thread_ts": "1565923364.129600",
        "parent_user_id": "UG46Z57TN"
    },
    {
        "client_msg_id": "38e46c5f-2336-490b-a581-8a25aa8ab8f7",
        "type": "message",
        "text": "そうすればjq使わずにいけるので環境にも優しげ。",
        "user": "UFUP9BGES",
        "ts": "1565926472.136300",
        "team": "TFU0BKCQP",
        "user_team": "TFU0BKCQP",
        "source_team": "TFU0BKCQP",
        "user_profile": {
            "avatar_hash": "g1ab82c88cbc",
            "image_72": "https:\/\/secure.gravatar.com\/avatar\/31ab82c88cbcd51de65e6e00bdee9e22.jpg?s=72&d=https%3A%2F%2Fa.slack-edge.com%2Fdf10d%2Fimg%2Favatars%2Fava_0001-72.png",
            "first_name": "",
            "real_name": "益田ラヂヲ",
            "display_name": "益田ラヂヲ",
            "team": "TFU0BKCQP",
            "name": "brettspielwelt",
            "is_restricted": false,
            "is_ultra_restricted": false
        },
        "thread_ts": "1565923364.129600",
        "parent_user_id": "UG46Z57TN"
    },
    {
        "client_msg_id": "e6ff6282-181a-4130-a75a-4a6071880235",
        "type": "message",
        "text": "dashboard、コード管理したいからはやくgroupサポートして。。。＜datadog api",
        "user": "UG46Z57TN",
        "ts": "1565936289.137200",
        "team": "TFU0BKCQP",
        "user_team": "TFU0BKCQP",
        "source_team": "TFU0BKCQP",
        "user_profile": {
            "avatar_hash": "c6bdd4cb17db",
            "image_72": "https:\/\/avatars.slack-edge.com\/2019-07-05\/685991185957_c6bdd4cb17db956661a1_72.jpg",
            "first_name": "Takeshi",
            "real_name": "Takeshi Kondo",
            "display_name": "chaspy",
            "team": "TFU0BKCQP",
            "name": "take.she12",
            "is_restricted": false,
            "is_ultra_restricted": false
        }
    },
    {
        "client_msg_id": "0ebe7a93-21e9-4488-bc47-01f3403f2ebb",
        "type": "message",
        "text": "最近だと思うんだけど、DataDogのサイトがなんか強制的に日本語ページに飛ばそうとしてきて辛い\nそんな暇があったらドキュメント直して欲しい。。。",
        "user": "UFU0BKD8F",
        "ts": "1565936596.138600",
        "team": "TFU0BKCQP",
        "user_team": "TFU0BKCQP",
        "source_team": "TFU0BKCQP",
        "user_profile": {
            "avatar_hash": "92c41c62c7b0",
            "image_72": "https:\/\/avatars.slack-edge.com\/2019-01-30\/537137791812_92c41c62c7b0f054d3dd_72.jpg",
            "first_name": "らき",
            "real_name": "らき",
            "display_name": "raki",
            "team": "TFU0BKCQP",
            "name": "nishimuray",
            "is_restricted": false,
            "is_ultra_restricted": false
        }
    }
]