[
    {
        "type": "message",
        "subtype": "bot_message",
        "text": "",
        "ts": "1592934646.020300",
        "bot_id": "BG2UDF0NA",
        "attachments": [
            {
                "fallback": "terraform-providers\/terraform-provider-google on GitHub\nv3.27.0",
                "text": "`v3.27.0`",
                "title": "terraform-providers\/terraform-provider-google on GitHub",
                "id": 1,
                "title_link": "https:\/\/newreleases.io\/github\/terraform-providers\/terraform-provider-google",
                "mrkdwn_in": [
                    "text"
                ]
            }
        ]
    },
    {
        "type": "message",
        "subtype": "bot_message",
        "text": "",
        "ts": "1592947248.020400",
        "bot_id": "BG2UDF0NA",
        "attachments": [
            {
                "fallback": "hashicorp\/packer on GitHub\nnightly pre-release, updated",
                "text": "`nightly` _pre-release_, _updated_",
                "title": "hashicorp\/packer on GitHub",
                "id": 1,
                "title_link": "https:\/\/newreleases.io\/github\/hashicorp\/packer",
                "mrkdwn_in": [
                    "text"
                ]
            }
        ]
    },
    {
        "type": "message",
        "subtype": "bot_message",
        "text": "",
        "ts": "1592947512.020500",
        "bot_id": "BG2UDF0NA",
        "attachments": [
            {
                "fallback": "terraform-providers\/terraform-provider-google on GitHub\n3.27.0v3.27.0 updated\nrelease note: <https:\/\/newreleases.io\/github\/terraform-providers\/terraform-provider-google?version=v3.27.0>",
                "text": "*3.27.0* `v3.27.0` _updated_\n```\n----------------------\n3.27.0 (June 23, 2020)\n----------------------\n\nIMPROVEMENTS:\n\n* accesscontextmanager: Added custom config to google_access_context_manager_access_level ( #6611 ( <https:\/\/github.com\/terraform-providers\/terraform-provider-google\/pull\/6611> ) )\n\n* cloudbuild: Added invert_regex flag in Github PullRequestFilter and PushFilter in triggerTemplate ( #6594 ( <https:\/\/github.com\/terraform-providers\/terraform-provider-google\/pull\/6594> ) )\n\n* cloudrun: Added template.spec.timeout_seconds to google_cloud_run_service ( #6575 ( <https:\/\/github.com\/terraform-providers\/terraform-provider-google\/pull\/6575> ) )\n\n* compute: Added export_subnet_routes_with_public_ip and import_subnet_routes_with_public_ip to google_compute_network_peering ( #6586 ( <https:\/\/github.com\/terraform-providers\/terraform-provider-google\/pull\/6586> ) )\n\n* compute: Added support for google_compute_instance_group instances to accept instance id field as well as self_link ( #6569 ( <https:\/\/github.com\/terraform-providers\/terraform-provider-google\/pull\/6569> ) )\n\n* dns: Added support for google_dns_policy network to accept google_compute_network.id ( #6624 ( <https:\/\/github.com\/terraform-providers\/terraform-provider-google\/pull\/6624> ) )\n\n* redis: Added validation for name attribute in redis_instance ( #6581 ( <https:\/\/github.com\/terraform-providers\/terraform-provider-google\/pull\/6581> ) )\n\n* sql: Promoted google_sql_database_instance root_password (MS SQL) to GA ( #6601 ( <https:\/\/github.com\/terraform-providers\/terraform-provider-google\/pull\/6601> ) )\n\nBUG FIXES:\n\n* bigquery: Fixed range_partitioning.range.start so that the value 0 is sent in google_bigquery_table ( #6562 ( <https:\/\/github.com\/terraform-providers\/terraform-provider-google\/pull\/6562> ) )\n\n* container: Fixed a regression in google_container_cluster where the location was not inferred when using a subnetwork shortname value like name ( #6568 ( <https:\/\/github.com\/terraform-providers\/terraform-provider-google\/pull\/6568> ) )\n\n* datastore: Added retries to google_datastore_index requests when under contention. ( #6563 ( <https:\/\/github.com\/terraform-providers\/terraform-provider-google\/pull\/6563> ) )\n\n* kms: Fixed the id value in the google_kms_crypto_key_version datasource to include a \/v1 part following \/\/cloudkms.googleapis.com\/ , making it useful for interpolation into Binary Authorization. ( #6576 ( <https:\/\/github.com\/terraform-providers\/terraform-provider-google\/pull\/6576> ) )\n```\n<https:\/\/newreleases.io\/github\/terraform-providers\/terraform-provider-google?version=v3.27.0|release note...>",
                "title": "terraform-providers\/terraform-provider-google on GitHub",
                "id": 1,
                "title_link": "https:\/\/newreleases.io\/github\/terraform-providers\/terraform-provider-google",
                "mrkdwn_in": [
                    "text"
                ]
            }
        ]
    }
]