[
    {
        "type": "message",
        "subtype": "bot_message",
        "text": "",
        "ts": "1591731901.015800",
        "bot_id": "BG2UDF0NA",
        "attachments": [
            {
                "fallback": "hashicorp\/packer on GitHub\nv1.6.0",
                "text": "`v1.6.0`",
                "title": "hashicorp\/packer on GitHub",
                "id": 1,
                "title_link": "https:\/\/newreleases.io\/github\/hashicorp\/packer",
                "mrkdwn_in": [
                    "text"
                ]
            }
        ]
    },
    {
        "type": "message",
        "subtype": "bot_message",
        "text": "",
        "ts": "1591734566.015900",
        "bot_id": "BG2UDF0NA",
        "attachments": [
            {
                "fallback": "hashicorp\/packer on GitHub\nv1.6.0 updated",
                "text": "`v1.6.0` _updated_",
                "title": "hashicorp\/packer on GitHub",
                "id": 1,
                "title_link": "https:\/\/newreleases.io\/github\/hashicorp\/packer",
                "mrkdwn_in": [
                    "text"
                ]
            }
        ]
    }
]