[
    {
        "type": "message",
        "subtype": "bot_message",
        "text": "",
        "ts": "1591448781.015200",
        "bot_id": "BG2UDF0NA",
        "attachments": [
            {
                "fallback": "terraform-linters\/tflint on GitHub\nv0.16.2",
                "text": "`v0.16.2`",
                "title": "terraform-linters\/tflint on GitHub",
                "id": 1,
                "title_link": "https:\/\/newreleases.io\/github\/terraform-linters\/tflint",
                "mrkdwn_in": [
                    "text"
                ]
            }
        ]
    },
    {
        "type": "message",
        "subtype": "bot_message",
        "text": "",
        "ts": "1591470923.015300",
        "bot_id": "BG2UDF0NA",
        "attachments": [
            {
                "fallback": "terraform-linters\/tflint on GitHub\nv0.16.2v0.16.2 updated\nrelease note: <https:\/\/newreleases.io\/github\/terraform-linters\/tflint?version=v0.16.2>",
                "text": "*v0.16.2* `v0.16.2` _updated_\n```\n-------------------\n0.16.2 (2020-06-06)\n-------------------\n\nGPG key ID: 8CE69160EB3F2FE9\n\nEnhancements\n------------\n\n* #784 ( <https:\/\/github.com\/terraform-linters\/tflint\/pull\/784> ) : add terraform_deprecated_index (disallows foo.0) ( @bendrucker ( <https:\/\/github.com\/bendrucker> ) )\n\n* #787 ( <https:\/\/github.com\/terraform-linters\/tflint\/pull\/787> ) : Change the plugins dir with TFLINT_PLUGIN_DIR environment variable ( @wata727 ( <https:\/\/github.com\/wata727> ) )\n\n* #789 ( <https:\/\/github.com\/terraform-linters\/tflint\/pull\/789> ) : Allow no extensions on windows ( @jpreese ( <https:\/\/github.com\/jpreese> ) )\n\n* #790 ( <https:\/\/github.com\/terraform-linters\/tflint\/pull\/790> ) : Bump terraform-provider-aws to v2.65.0 from v2.62.0 ( @wata727 ( <https:\/\/github.com\/wata727> ) )\n\nChores\n------\n\n* #767 ( <https:\/\/github.com\/terraform-linters\/tflint\/pull\/767> ) : terraform_workspace_remote: document disabling with local execution ( @bendrucker ( <https:\/\/github.com\/bendrucker> ) )\n\n* #772 ( <https:\/\/github.com\/terraform-linters\/tflint\/pull\/772> ) : Bump tflint-plugin-sdk to v0.1.1 from v0.1.0 ( @wata727 ( <https:\/\/github.com\/wata727> ) )\n\n* #773 ( <https:\/\/github.com\/terraform-linters\/tflint\/pull\/773> ) : Bump <http:\/\/github.com\/hashicorp\/terraform-plugin-sdk|github.com\/hashicorp\/terraform-plugin-sdk> from 1.12.0 to 1.13.0 in \/tools\n\n* #774 ( <https:\/\/github.com\/terraform-linters\/tflint\/pull\/774> ) : Bump <http:\/\/github.com\/aws\/aws-sdk-go|github.com\/aws\/aws-sdk-go> from 1.30.29 to 1.31.4\n\n* #776 ( <https:\/\/github.com\/terraform-linters\/tflint\/pull\/776> ) : Bump tf to v0.12.26 ( @chenrui333 ( <https:\/\/github.com\/chenrui333> ) )\n\n* #777 ( <https:\/\/github.com\/terraform-linters\/tflint\/pull\/777> ) : Update install linux script ( @cedarkuo ( <https:\/\/github.com\/cedarkuo> ) )\n\n* #779 ( <https:\/\/github.com\/terraform-linters\/tflint\/pull\/779> ) : Bump <http:\/\/github.com\/aws\/aws-sdk-go|github.com\/aws\/aws-sdk-go> from 1.31.4 to 1.31.7\n\n* #780 ( <https:\/\/github.com\/terraform-linters\/tflint\/pull\/780> ) : Bump <http:\/\/github.com\/zclconf\/go-cty|github.com\/zclconf\/go-cty> from 1.4.1 to 1.4.2\n\n* #782 ( <https:\/\/github.com\/terraform-linters\/tflint\/pull\/782> ) : Update extend.md ( @jpreese ( <https:\/\/github.com\/jpreese> ) )\n```\n<https:\/\/newreleases.io\/github\/terraform-linters\/tflint?version=v0.16.2|release note...>",
                "title": "terraform-linters\/tflint on GitHub",
                "id": 1,
                "title_link": "https:\/\/newreleases.io\/github\/terraform-linters\/tflint",
                "mrkdwn_in": [
                    "text"
                ]
            }
        ]
    }
]