[
    {
        "type": "message",
        "subtype": "bot_message",
        "text": "",
        "ts": "1593013424.020600",
        "bot_id": "BG2UDF0NA",
        "attachments": [
            {
                "fallback": "terraform-aws-modules\/terraform-aws-security-group on GitHub\nv3.11.0",
                "text": "`v3.11.0`",
                "title": "terraform-aws-modules\/terraform-aws-security-group on GitHub",
                "id": 1,
                "title_link": "https:\/\/newreleases.io\/github\/terraform-aws-modules\/terraform-aws-security-group",
                "mrkdwn_in": [
                    "text"
                ]
            }
        ]
    },
    {
        "type": "message",
        "subtype": "bot_message",
        "text": "",
        "ts": "1593019739.020700",
        "bot_id": "BG2UDF0NA",
        "attachments": [
            {
                "fallback": "hashicorp\/packer on GitHub\nnightlynightly pre-release, updated\nrelease note: <https:\/\/newreleases.io\/github\/hashicorp\/packer?version=nightly>",
                "text": "*nightly* `nightly` _pre-release_, _updated_\n```\nNightly releases are snapshots of the development activity on the Packer project that may include new features and bug fixes scheduled for upcoming releases ( <https:\/\/github.com\/hashicorp\/packer\/milestones> ). These releases are made available to make it easier for users to test their existing build configurations against the latest Packer code base for potential issues or to experiment with new features, with a chance to provide feedback on ways to improve the changes before being released.\n\nAs these releases are snapshots of the latest code, you may encounter an issue compared to the latest stable release so users are encouraged to run nightly releases in a non production environment. If you encounter an issue, please check our issue tracker ( <https:\/\/github.com\/hashicorp\/packer\/issues> ) to see if the issue has already been reported; if a report hasn’t been made, please report it so we can review the issue and make any needed fixes.\n\nCaveats\n\nNightly releases follow a different process for packaging then the typical Packer release channel so there are a few caveats that need to be called out:\n\n* Nightly releases are only available via GitHub; distribution on Homebrew, Docker, or chocolatey are not supported.\n\n* Nightly releases are made available as unsigned binaries so additional steps may be needed to execute the binaries on MacOS and Windows.\n\n* Nightly releases may have a different name upon extraction - instead of packer it may be packer_windows_amd64.\n\nUsage\n\nIn most cases, upon extracting the nightly releases you should be able to execute the binary as you would any normal Packer release. On systems such as Windows, which have a different file extension and require signed binaries, you will need to execute a few steps before using the release.\n\n* Download and unzip the release zip file.\n\n* Rename the extracted file packer_windows_amd64 to packer_windows_amd64.exe\n\n* Unblock the binary by Right Click &gt; Properties &gt; General Tab &gt; Security &gt; Check Unblock - see Powershell example below\n\n* Run the binary as you normally would packer_windows_amd64.exe build template.json\n\nwget <https:\/\/github.com\/hashicorp\/packer\/releases\/download\/nightly\/packer_windows_amd64.zip> -outfile packer_windows_amd64.zip\nExpand-Archive '.\\packer_windows_amd64.zip'\ncd .\\packer_windows_amd64\\\nmv .\\pkg\\packer_windows_amd64 .\\pkg\\packer_windows_amd64.exe\nUnblock-File -Path .\\pkg\\packer_windows_amd64.exe .\\pkg\\packer_windows_amd64.exe version\n```\n<https:\/\/newreleases.io\/github\/hashicorp\/packer?version=nightly|release note...>",
                "title": "hashicorp\/packer on GitHub",
                "id": 1,
                "title_link": "https:\/\/newreleases.io\/github\/hashicorp\/packer",
                "mrkdwn_in": [
                    "text"
                ]
            }
        ]
    },
    {
        "type": "message",
        "subtype": "bot_message",
        "text": "",
        "ts": "1593029661.020800",
        "bot_id": "BG2UDF0NA",
        "attachments": [
            {
                "fallback": "hashicorp\/terraform on GitHub\nv0.12.27",
                "text": "`v0.12.27`",
                "title": "hashicorp\/terraform on GitHub",
                "id": 1,
                "title_link": "https:\/\/newreleases.io\/github\/hashicorp\/terraform",
                "mrkdwn_in": [
                    "text"
                ]
            }
        ]
    },
    {
        "type": "message",
        "subtype": "bot_message",
        "text": "",
        "ts": "1593030281.020900",
        "bot_id": "BG2UDF0NA",
        "attachments": [
            {
                "fallback": "hashicorp\/terraform on GitHub\nv0.12.27v0.12.27 updated\nrelease note: <https:\/\/newreleases.io\/github\/hashicorp\/terraform?version=v0.12.27>",
                "text": "*v0.12.27* `v0.12.27` _updated_\n```\n-----------------------\n0.12.27 (June 24, 2020)\n-----------------------\n\nBUG FIXES:\n\n* backend\/remote: fix panic when there’s a connection error to the remote backend ( #25341 ( <https:\/\/github.com\/hashicorp\/terraform\/issues\/25341> ) )\n```\n<https:\/\/newreleases.io\/github\/hashicorp\/terraform?version=v0.12.27|release note...>",
                "title": "hashicorp\/terraform on GitHub",
                "id": 1,
                "title_link": "https:\/\/newreleases.io\/github\/hashicorp\/terraform",
                "mrkdwn_in": [
                    "text"
                ]
            }
        ]
    }
]