[
    {
        "type": "message",
        "subtype": "bot_message",
        "text": "",
        "ts": "1593448332.023700",
        "bot_id": "BG2UDF0NA",
        "attachments": [
            {
                "fallback": "terraform-providers\/terraform-provider-google on GitHub\nv3.28.0",
                "text": "`v3.28.0`",
                "title": "terraform-providers\/terraform-provider-google on GitHub",
                "id": 1,
                "title_link": "https:\/\/newreleases.io\/github\/terraform-providers\/terraform-provider-google",
                "mrkdwn_in": [
                    "text"
                ]
            }
        ]
    },
    {
        "type": "message",
        "subtype": "bot_message",
        "text": "",
        "ts": "1593451219.023800",
        "bot_id": "BG2UDF0NA",
        "attachments": [
            {
                "fallback": "terraform-providers\/terraform-provider-google on GitHub\nv3.28.0v3.28.0 updated\nrelease note: <https:\/\/newreleases.io\/github\/terraform-providers\/terraform-provider-google?version=v3.28.0>",
                "text": "*v3.28.0* `v3.28.0` _updated_\n```\n----------------------\n3.28.0 (June 29, 2020)\n----------------------\n\nFEATURES:\n\n* *New Data Source:* google_redis_instance ( #6649 ( <https:\/\/github.com\/terraform-providers\/terraform-provider-google\/pull\/6649> ) )\n\n* *New Resource:* google_notebook_environment ( #6639 ( <https:\/\/github.com\/terraform-providers\/terraform-provider-google\/pull\/6639> ) )\n\n* *New Resource:* google_notebook_instance ( #6639 ( <https:\/\/github.com\/terraform-providers\/terraform-provider-google\/pull\/6639> ) )\n\nIMPROVEMENTS:\n\n* appengine: Enabled provisioning Firestore on a new project by adding the option to specify database_type in google_app_engine_application ( #6629 ( <https:\/\/github.com\/terraform-providers\/terraform-provider-google\/pull\/6629> ) )\n\n* compute: Added mode to google_compute_autoscaler autoscaling_policy ( #6664 ( <https:\/\/github.com\/terraform-providers\/terraform-provider-google\/pull\/6664> ) )\n\n* dns: enabled google_dns_policy to accept network id ( #6624 ( <https:\/\/github.com\/terraform-providers\/terraform-provider-google\/pull\/6624> ) )\n\nBUG FIXES:\n\n* appengine: Added polling to google_app_engine_firewall_rule to prevent issues with eventually consistent creation ( #6633 ( <https:\/\/github.com\/terraform-providers\/terraform-provider-google\/pull\/6633> ) )\n\n* compute: Allowed updating google_compute_network_peering_routes_config import_custom_routes and export_custom_routes to false ( #6625 ( <https:\/\/github.com\/terraform-providers\/terraform-provider-google\/pull\/6625> ) )\n\n* netblock: fixed the google netblock ranges returned by the google_netblock_ip_ranges by targeting json on gstatic domain instead of reading SPF dns records (solution provided by network team) ( #6650 ( <https:\/\/github.com\/terraform-providers\/terraform-provider-google\/pull\/6650> ) )\n```\n<https:\/\/newreleases.io\/github\/terraform-providers\/terraform-provider-google?version=v3.28.0|release note...>",
                "title": "terraform-providers\/terraform-provider-google on GitHub",
                "id": 1,
                "title_link": "https:\/\/newreleases.io\/github\/terraform-providers\/terraform-provider-google",
                "mrkdwn_in": [
                    "text"
                ]
            }
        ]
    },
    {
        "type": "message",
        "subtype": "bot_message",
        "text": "",
        "ts": "1593493190.023900",
        "bot_id": "BG2UDF0NA",
        "attachments": [
            {
                "fallback": "hashicorp\/packer on GitHub\nnightlynightly pre-release, updated\nrelease note: <https:\/\/newreleases.io\/github\/hashicorp\/packer?version=nightly>",
                "text": "*nightly* `nightly` _pre-release_, _updated_\n```\nNightly releases are snapshots of the development activity on the Packer project that may include new features and bug fixes scheduled for upcoming releases ( <https:\/\/github.com\/hashicorp\/packer\/milestones> ). These releases are made available to make it easier for users to test their existing build configurations against the latest Packer code base for potential issues or to experiment with new features, with a chance to provide feedback on ways to improve the changes before being released.\n\nAs these releases are snapshots of the latest code, you may encounter an issue compared to the latest stable release so users are encouraged to run nightly releases in a non production environment. If you encounter an issue, please check our issue tracker ( <https:\/\/github.com\/hashicorp\/packer\/issues> ) to see if the issue has already been reported; if a report hasn’t been made, please report it so we can review the issue and make any needed fixes.\n\n*Note* : Nightly releases are only available via GitHub; distribution via Homebrew, Docker, or Chocolatey is not supported.\n```\n<https:\/\/newreleases.io\/github\/hashicorp\/packer?version=nightly|release note...>",
                "title": "hashicorp\/packer on GitHub",
                "id": 1,
                "title_link": "https:\/\/newreleases.io\/github\/hashicorp\/packer",
                "mrkdwn_in": [
                    "text"
                ]
            }
        ]
    }
]