[
    {
        "type": "message",
        "subtype": "bot_message",
        "text": "",
        "ts": "1592573441.019500",
        "bot_id": "BG2UDF0NA",
        "attachments": [
            {
                "fallback": "cloudposse\/terraform-aws-alb-ingress on GitHub\n0.10.0 Add enabled variable0.10.0\nrelease note: <https:\/\/newreleases.io\/github\/cloudposse\/terraform-aws-alb-ingress?version=0.10.0>",
                "text": "*0.10.0 Add enabled variable* `0.10.0`\n```\n----\nwhat\n----\n\n* Add enabled variable\n\n---\nwhy\n---\n\n* Allows disabling the creation of resources with a boolean\n\n-------\nrelated\n-------\n\n* PR <https:\/\/github.com\/cloudposse\/terraform-aws-alb-ingress\/pull\/27>\n```\n<https:\/\/newreleases.io\/github\/cloudposse\/terraform-aws-alb-ingress?version=0.10.0|release note...>",
                "title": "cloudposse\/terraform-aws-alb-ingress on GitHub",
                "id": 1,
                "title_link": "https:\/\/newreleases.io\/github\/cloudposse\/terraform-aws-alb-ingress",
                "mrkdwn_in": [
                    "text"
                ]
            }
        ]
    },
    {
        "type": "message",
        "subtype": "bot_message",
        "text": "",
        "ts": "1592596816.019600",
        "bot_id": "BG2UDF0NA",
        "attachments": [
            {
                "fallback": "terraform-aws-modules\/terraform-aws-notify-slack on GitHub\nv3.3.0",
                "text": "`v3.3.0`",
                "title": "terraform-aws-modules\/terraform-aws-notify-slack on GitHub",
                "id": 1,
                "title_link": "https:\/\/newreleases.io\/github\/terraform-aws-modules\/terraform-aws-notify-slack",
                "mrkdwn_in": [
                    "text"
                ]
            }
        ]
    },
    {
        "type": "message",
        "subtype": "bot_message",
        "text": "",
        "ts": "1592608108.019700",
        "bot_id": "BG2UDF0NA",
        "attachments": [
            {
                "fallback": "cloudposse\/terraform-aws-codebuild on GitHub\n0.21.0",
                "text": "`0.21.0`",
                "title": "cloudposse\/terraform-aws-codebuild on GitHub",
                "id": 1,
                "title_link": "https:\/\/newreleases.io\/github\/cloudposse\/terraform-aws-codebuild",
                "mrkdwn_in": [
                    "text"
                ]
            }
        ]
    }
]