[
    {
        "client_msg_id": "70c41178-a504-4de8-904b-9f637d9b6ce6",
        "type": "message",
        "text": "↑マージされてたが、次はversions.tfが生成されるのどうしようかと昨日考えてたけど、0.13upgrade使わないのが一番簡単という結論になって、なんだかな感ある。（おいw",
        "user": "UHS4SFFA7",
        "ts": "1591665784.071600",
        "team": "TFU0BKCQP",
        "user_team": "TFU0BKCQP",
        "source_team": "TFU0BKCQP",
        "user_profile": {
            "avatar_hash": "gade34f8bdf1",
            "image_72": "https:\/\/secure.gravatar.com\/avatar\/5ade34f8bdf1b55c4ff82c11cf23cf42.jpg?s=72&d=https%3A%2F%2Fa.slack-edge.com%2Fdf10d%2Fimg%2Favatars%2Fava_0008-72.png",
            "first_name": "",
            "real_name": "minamijoyo",
            "display_name": "minamijoyo",
            "team": "TFU0BKCQP",
            "name": "minamijoyo",
            "is_restricted": false,
            "is_ultra_restricted": false
        },
        "edited": {
            "user": "UHS4SFFA7",
            "ts": "1591665916.000000"
        },
        "blocks": [
            {
                "type": "rich_text",
                "block_id": "GAE",
                "elements": [
                    {
                        "type": "rich_text_section",
                        "elements": [
                            {
                                "type": "text",
                                "text": "↑マージされてたが、次はversions.tfが生成されるのどうしようかと昨日考えてたけど、0.13upgrade使わないのが一番簡単という結論になって、なんだかな感ある。（おいw"
                            }
                        ]
                    }
                ]
            }
        ]
    },
    {
        "client_msg_id": "ca1818ad-b286-4d10-9921-80382ce2dfdf",
        "type": "message",
        "text": "アップグレードは一時的なしのぎだし <http:\/\/versions.tf|versions.tf> はおとなしく生成させておいて後は手動でどうにかするでいいんじゃないの",
        "user": "UFU0BKD8F",
        "ts": "1591666126.073900",
        "team": "TFU0BKCQP",
        "user_team": "TFU0BKCQP",
        "source_team": "TFU0BKCQP",
        "user_profile": {
            "avatar_hash": "92c41c62c7b0",
            "image_72": "https:\/\/avatars.slack-edge.com\/2019-01-30\/537137791812_92c41c62c7b0f054d3dd_72.jpg",
            "first_name": "らき",
            "real_name": "らき",
            "display_name": "raki",
            "team": "TFU0BKCQP",
            "name": "nishimuray",
            "is_restricted": false,
            "is_ultra_restricted": false
        },
        "blocks": [
            {
                "type": "rich_text",
                "block_id": "Z+z",
                "elements": [
                    {
                        "type": "rich_text_section",
                        "elements": [
                            {
                                "type": "text",
                                "text": "アップグレードは一時的なしのぎだし "
                            },
                            {
                                "type": "link",
                                "url": "http:\/\/versions.tf",
                                "text": "versions.tf"
                            },
                            {
                                "type": "text",
                                "text": " はおとなしく生成させておいて後は手動でどうにかするでいいんじゃないの"
                            }
                        ]
                    }
                ]
            }
        ]
    },
    {
        "client_msg_id": "b3eed6a8-f78e-46e2-bb41-7e89d00d5a47",
        "type": "message",
        "text": "そうね",
        "user": "UHS4SFFA7",
        "ts": "1591666224.074100",
        "team": "TFU0BKCQP",
        "user_team": "TFU0BKCQP",
        "source_team": "TFU0BKCQP",
        "user_profile": {
            "avatar_hash": "gade34f8bdf1",
            "image_72": "https:\/\/secure.gravatar.com\/avatar\/5ade34f8bdf1b55c4ff82c11cf23cf42.jpg?s=72&d=https%3A%2F%2Fa.slack-edge.com%2Fdf10d%2Fimg%2Favatars%2Fava_0008-72.png",
            "first_name": "",
            "real_name": "minamijoyo",
            "display_name": "minamijoyo",
            "team": "TFU0BKCQP",
            "name": "minamijoyo",
            "is_restricted": false,
            "is_ultra_restricted": false
        },
        "blocks": [
            {
                "type": "rich_text",
                "block_id": "nZ7Iu",
                "elements": [
                    {
                        "type": "rich_text_section",
                        "elements": [
                            {
                                "type": "text",
                                "text": "そうね"
                            }
                        ]
                    }
                ]
            }
        ]
    }
]