[
    {
        "client_msg_id": "57ec4eb9-6ab9-4b8c-81c5-3c4287970d96",
        "type": "message",
        "text": "お、Custom variable validationがexperimentalじゃなくなってた。\n<https:\/\/github.com\/hashicorp\/terraform\/pull\/25054>",
        "user": "UHS4SFFA7",
        "ts": "1591223169.034700",
        "team": "TFU0BKCQP",
        "user_team": "TFU0BKCQP",
        "source_team": "TFU0BKCQP",
        "user_profile": {
            "avatar_hash": "gade34f8bdf1",
            "image_72": "https:\/\/secure.gravatar.com\/avatar\/5ade34f8bdf1b55c4ff82c11cf23cf42.jpg?s=72&d=https%3A%2F%2Fa.slack-edge.com%2Fdf10d%2Fimg%2Favatars%2Fava_0008-72.png",
            "first_name": "",
            "real_name": "minamijoyo",
            "display_name": "minamijoyo",
            "team": "TFU0BKCQP",
            "name": "minamijoyo",
            "is_restricted": false,
            "is_ultra_restricted": false
        },
        "attachments": [
            {
                "author_name": "apparentlymart",
                "fallback": "[hashicorp\/terraform] #25054 configs: Custom variable validation is no longer experimental",
                "text": "All of the feedback from the experiment described enhancements that can potentially be added later without breaking changes, so this change simply removes the experiment gate from the feature as originally implemented with no changes to its functionality.\n\nFurther enhancements may follow in later releases, but the goal of this change is just to ship the feature exactly as it was under the experiment.\n\nMost of the changes here are cleaning up the experiment opt-ins from our test cases. The most important parts are in `configs\/experiments.go` and in `experiments\/experiment.go`.",
                "title": "#25054 configs: Custom variable validation is no longer experimental",
                "footer": "<https:\/\/github.com\/hashicorp\/terraform|hashicorp\/terraform>",
                "id": 1,
                "title_link": "https:\/\/github.com\/hashicorp\/terraform\/pull\/25054",
                "author_link": "https:\/\/github.com\/apparentlymart",
                "author_icon": "https:\/\/avatars1.githubusercontent.com\/u\/20180?v=4",
                "footer_icon": "https:\/\/github.githubassets.com\/favicon.ico",
                "ts": 1590606040,
                "color": "6f42c1",
                "fields": [
                    {
                        "title": "Assignees",
                        "value": "apparentlymart",
                        "short": true
                    },
                    {
                        "title": "Labels",
                        "value": "config, enhancement",
                        "short": true
                    }
                ],
                "mrkdwn_in": [
                    "text"
                ],
                "bot_id": "BH12QQBB4",
                "app_unfurl_url": "https:\/\/github.com\/hashicorp\/terraform\/pull\/25054",
                "is_app_unfurl": true
            }
        ],
        "blocks": [
            {
                "type": "rich_text",
                "block_id": "Jzf",
                "elements": [
                    {
                        "type": "rich_text_section",
                        "elements": [
                            {
                                "type": "text",
                                "text": "お、Custom variable validationがexperimentalじゃなくなってた。\n"
                            },
                            {
                                "type": "link",
                                "url": "https:\/\/github.com\/hashicorp\/terraform\/pull\/25054"
                            }
                        ]
                    }
                ]
            }
        ],
        "reactions": [
            {
                "name": "eyes",
                "users": [
                    "UTK1B5BB2"
                ],
                "count": 1
            },
            {
                "name": "tada",
                "users": [
                    "UTK1B5BB2"
                ],
                "count": 1
            }
        ]
    },
    {
        "client_msg_id": "e60ff57d-3c99-43bb-8d8c-56dc26529efc",
        "type": "message",
        "text": "まだmasterブランチにマージされとらんけど0.13のupgradeガイド書きかけのブランチを見つけた\n<https:\/\/github.com\/hashicorp\/terraform\/pull\/25113>",
        "user": "UHS4SFFA7",
        "ts": "1591224548.035800",
        "team": "TFU0BKCQP",
        "user_team": "TFU0BKCQP",
        "source_team": "TFU0BKCQP",
        "user_profile": {
            "avatar_hash": "gade34f8bdf1",
            "image_72": "https:\/\/secure.gravatar.com\/avatar\/5ade34f8bdf1b55c4ff82c11cf23cf42.jpg?s=72&d=https%3A%2F%2Fa.slack-edge.com%2Fdf10d%2Fimg%2Favatars%2Fava_0008-72.png",
            "first_name": "",
            "real_name": "minamijoyo",
            "display_name": "minamijoyo",
            "team": "TFU0BKCQP",
            "name": "minamijoyo",
            "is_restricted": false,
            "is_ultra_restricted": false
        },
        "attachments": [
            {
                "author_name": "apparentlymart",
                "fallback": "[hashicorp\/terraform] #25113 website: Terraform v0.13 upgrade guide",
                "text": "This is an initial draft of the v0.13 upgrade guide intended to accompany the v0.13-beta1 release. We will continue to improve this guide throughout the v0.13 prerelease period based on questions and feedback.\n\nFor better readability you can see <https:\/\/github.com\/hashicorp\/terraform\/blob\/doc-v0.13-upgrade\/website\/upgrade-guides\/0-13.html.markdown|a rendered version of this page>, but note that the links to other pages in this document are set up to work on the final published website and so will not function correctly in GitHub's own Markdown rendering of this page. The paragraphs starting with `-&gt;` and `~&gt;` will be rendered as note (blue) and warning (yellow) callouts respectively on the final site, due to markdown extensions implemented in the website renderer.",
                "title": "#25113 website: Terraform v0.13 upgrade guide",
                "footer": "<https:\/\/github.com\/hashicorp\/terraform|hashicorp\/terraform>",
                "id": 1,
                "title_link": "https:\/\/github.com\/hashicorp\/terraform\/pull\/25113",
                "author_link": "https:\/\/github.com\/apparentlymart",
                "author_icon": "https:\/\/avatars1.githubusercontent.com\/u\/20180?v=4",
                "footer_icon": "https:\/\/github.githubassets.com\/favicon.ico",
                "ts": 1591144049,
                "fields": [
                    {
                        "title": "Assignees",
                        "value": "apparentlymart",
                        "short": true
                    },
                    {
                        "title": "Labels",
                        "value": "documentation",
                        "short": true
                    }
                ],
                "mrkdwn_in": [
                    "text"
                ],
                "bot_id": "BH12QQBB4",
                "app_unfurl_url": "https:\/\/github.com\/hashicorp\/terraform\/pull\/25113",
                "is_app_unfurl": true
            }
        ],
        "blocks": [
            {
                "type": "rich_text",
                "block_id": "MOq9Y",
                "elements": [
                    {
                        "type": "rich_text_section",
                        "elements": [
                            {
                                "type": "text",
                                "text": "まだmasterブランチにマージされとらんけど0.13のupgradeガイド書きかけのブランチを見つけた\n"
                            },
                            {
                                "type": "link",
                                "url": "https:\/\/github.com\/hashicorp\/terraform\/pull\/25113"
                            }
                        ]
                    }
                ]
            }
        ]
    },
    {
        "client_msg_id": "1cb0b49f-c6cf-4688-afa7-050a702e05e8",
        "type": "message",
        "text": "なるほどー。。。思ったより面倒ではなさそうでよかった。。。\n読み間違えてなければごく普通の使い方をしている限りは手をいれなくてもよさそう。\n少なくても0.12の時みたいに必死に手直ししなくてもよさそうなのはよい。。",
        "user": "UFU0BKD8F",
        "ts": "1591230260.038300",
        "team": "TFU0BKCQP",
        "user_team": "TFU0BKCQP",
        "source_team": "TFU0BKCQP",
        "user_profile": {
            "avatar_hash": "92c41c62c7b0",
            "image_72": "https:\/\/avatars.slack-edge.com\/2019-01-30\/537137791812_92c41c62c7b0f054d3dd_72.jpg",
            "first_name": "らき",
            "real_name": "らき",
            "display_name": "raki",
            "team": "TFU0BKCQP",
            "name": "nishimuray",
            "is_restricted": false,
            "is_ultra_restricted": false
        },
        "blocks": [
            {
                "type": "rich_text",
                "block_id": "9Zw",
                "elements": [
                    {
                        "type": "rich_text_section",
                        "elements": [
                            {
                                "type": "text",
                                "text": "なるほどー。。。思ったより面倒ではなさそうでよかった。。。\n読み間違えてなければごく普通の使い方をしている限りは手をいれなくてもよさそう。\n少なくても0.12の時みたいに必死に手直ししなくてもよさそうなのはよい。。"
                            }
                        ]
                    }
                ]
            }
        ]
    },
    {
        "client_msg_id": "b5f746f9-1854-4ac7-bd1b-331377ef1ddb",
        "type": "message",
        "text": "そうね。required_providersのsourceも明記を推奨するがhashicorp\/*配下は必須ではないって書いてあるんで、013upgrade流さなくてもミニマム動きそうでわはある。",
        "user": "UHS4SFFA7",
        "ts": "1591230681.039500",
        "team": "TFU0BKCQP",
        "user_team": "TFU0BKCQP",
        "source_team": "TFU0BKCQP",
        "user_profile": {
            "avatar_hash": "gade34f8bdf1",
            "image_72": "https:\/\/secure.gravatar.com\/avatar\/5ade34f8bdf1b55c4ff82c11cf23cf42.jpg?s=72&d=https%3A%2F%2Fa.slack-edge.com%2Fdf10d%2Fimg%2Favatars%2Fava_0008-72.png",
            "first_name": "",
            "real_name": "minamijoyo",
            "display_name": "minamijoyo",
            "team": "TFU0BKCQP",
            "name": "minamijoyo",
            "is_restricted": false,
            "is_ultra_restricted": false
        },
        "blocks": [
            {
                "type": "rich_text",
                "block_id": "S8uC",
                "elements": [
                    {
                        "type": "rich_text_section",
                        "elements": [
                            {
                                "type": "text",
                                "text": "そうね。required_providersのsourceも明記を推奨するがhashicorp\/*配下は必須ではないって書いてあるんで、013upgrade流さなくてもミニマム動きそうでわはある。"
                            }
                        ]
                    }
                ]
            }
        ]
    },
    {
        "client_msg_id": "1a3f47e1-752d-4fb2-b16d-8b27efb9b6e6",
        "type": "message",
        "text": "Destroy-time provisioners とかはモジュールで隠蔽されてるとこひっかけそうな気がするので\naws provider の vpc module のとことか注意が必要かもしれないなー、くらい。",
        "user": "UFU0BKD8F",
        "ts": "1591230945.040500",
        "team": "TFU0BKCQP",
        "user_team": "TFU0BKCQP",
        "source_team": "TFU0BKCQP",
        "user_profile": {
            "avatar_hash": "92c41c62c7b0",
            "image_72": "https:\/\/avatars.slack-edge.com\/2019-01-30\/537137791812_92c41c62c7b0f054d3dd_72.jpg",
            "first_name": "らき",
            "real_name": "らき",
            "display_name": "raki",
            "team": "TFU0BKCQP",
            "name": "nishimuray",
            "is_restricted": false,
            "is_ultra_restricted": false
        },
        "blocks": [
            {
                "type": "rich_text",
                "block_id": "baSY",
                "elements": [
                    {
                        "type": "rich_text_section",
                        "elements": [
                            {
                                "type": "text",
                                "text": "Destroy-time provisioners とかはモジュールで隠蔽されてるとこひっかけそうな気がするので\naws provider の vpc module のとことか注意が必要かもしれないなー、くらい。"
                            }
                        ]
                    }
                ]
            }
        ]
    },
    {
        "client_msg_id": "a29d8cb5-4022-4f5d-80f9-acd5dc2cc8d1",
        "type": "message",
        "text": "さっそく0.13upgrade流してみたんだが 0.12upgradeみたく微妙な <http:\/\/versions.tf|versions.tf> ファイルという決め打ちのファイル名が自動生成されて渋い顔をしている\n```\nterraform {\n  required_providers {\n    aws = {\n      source = \"hashicorp\/aws\"\n    }\n  }\n  required_version = \"&gt;= 0.13\"\n}```\n",
        "user": "UHS4SFFA7",
        "ts": "1591232397.042300",
        "team": "TFU0BKCQP",
        "user_team": "TFU0BKCQP",
        "source_team": "TFU0BKCQP",
        "user_profile": {
            "avatar_hash": "gade34f8bdf1",
            "image_72": "https:\/\/secure.gravatar.com\/avatar\/5ade34f8bdf1b55c4ff82c11cf23cf42.jpg?s=72&d=https%3A%2F%2Fa.slack-edge.com%2Fdf10d%2Fimg%2Favatars%2Fava_0008-72.png",
            "first_name": "",
            "real_name": "minamijoyo",
            "display_name": "minamijoyo",
            "team": "TFU0BKCQP",
            "name": "minamijoyo",
            "is_restricted": false,
            "is_ultra_restricted": false
        },
        "blocks": [
            {
                "type": "rich_text",
                "block_id": "4\/Dal",
                "elements": [
                    {
                        "type": "rich_text_section",
                        "elements": [
                            {
                                "type": "text",
                                "text": "さっそく0.13upgrade流してみたんだが 0.12upgradeみたく微妙な "
                            },
                            {
                                "type": "link",
                                "url": "http:\/\/versions.tf",
                                "text": "versions.tf"
                            },
                            {
                                "type": "text",
                                "text": " ファイルという決め打ちのファイル名が自動生成されて渋い顔をしている\n"
                            }
                        ]
                    },
                    {
                        "type": "rich_text_preformatted",
                        "elements": [
                            {
                                "type": "text",
                                "text": "\nterraform {\n  required_providers {\n    aws = {\n      source = \"hashicorp\/aws\"\n    }\n  }\n  required_version = \">= 0.13\"\n}"
                            }
                        ]
                    },
                    {
                        "type": "rich_text_section",
                        "elements": []
                    }
                ]
            }
        ]
    },
    {
        "client_msg_id": "d373addd-a3fc-4625-bba3-6578a4cf67ea",
        "type": "message",
        "text": "処理方式は同じにしてあれば管理しやすいだろって配慮？ｗ\n`mv <http:\/\/version.tf|version.tf>` `<http:\/\/v013.tf|v013.tf>`\nみたいにしておけば14以降も安全、的な。\nあとバージョンダウン時も。\nてか、required_providers がないと常に init エラーになるのかしら？",
        "user": "UFU0BKD8F",
        "ts": "1591232591.044700",
        "team": "TFU0BKCQP",
        "user_team": "TFU0BKCQP",
        "source_team": "TFU0BKCQP",
        "user_profile": {
            "avatar_hash": "92c41c62c7b0",
            "image_72": "https:\/\/avatars.slack-edge.com\/2019-01-30\/537137791812_92c41c62c7b0f054d3dd_72.jpg",
            "first_name": "らき",
            "real_name": "らき",
            "display_name": "raki",
            "team": "TFU0BKCQP",
            "name": "nishimuray",
            "is_restricted": false,
            "is_ultra_restricted": false
        },
        "blocks": [
            {
                "type": "rich_text",
                "block_id": "f1O",
                "elements": [
                    {
                        "type": "rich_text_section",
                        "elements": [
                            {
                                "type": "text",
                                "text": "処理方式は同じにしてあれば管理しやすいだろって配慮？ｗ\n"
                            },
                            {
                                "type": "text",
                                "text": "mv ",
                                "style": {
                                    "code": true
                                }
                            },
                            {
                                "type": "link",
                                "url": "http:\/\/version.tf",
                                "text": "version.tf",
                                "style": {
                                    "code": true
                                }
                            },
                            {
                                "type": "text",
                                "text": " ",
                                "style": {
                                    "code": true
                                }
                            },
                            {
                                "type": "link",
                                "url": "http:\/\/v013.tf",
                                "text": "v013.tf",
                                "style": {
                                    "code": true
                                }
                            },
                            {
                                "type": "text",
                                "text": "\nみたいにしておけば14以降も安全、的な。\nあとバージョンダウン時も。\nてか、required_providers がないと常に init エラーになるのかしら？"
                            }
                        ]
                    }
                ]
            }
        ]
    },
    {
        "client_msg_id": "4d5bb339-7eb1-4f3f-a23a-fbcb6d5a421b",
        "type": "message",
        "text": "試してみたけど、なくても動くよ",
        "user": "UHS4SFFA7",
        "ts": "1591232744.045000",
        "team": "TFU0BKCQP",
        "user_team": "TFU0BKCQP",
        "source_team": "TFU0BKCQP",
        "user_profile": {
            "avatar_hash": "gade34f8bdf1",
            "image_72": "https:\/\/secure.gravatar.com\/avatar\/5ade34f8bdf1b55c4ff82c11cf23cf42.jpg?s=72&d=https%3A%2F%2Fa.slack-edge.com%2Fdf10d%2Fimg%2Favatars%2Fava_0008-72.png",
            "first_name": "",
            "real_name": "minamijoyo",
            "display_name": "minamijoyo",
            "team": "TFU0BKCQP",
            "name": "minamijoyo",
            "is_restricted": false,
            "is_ultra_restricted": false
        },
        "blocks": [
            {
                "type": "rich_text",
                "block_id": "jRa",
                "elements": [
                    {
                        "type": "rich_text_section",
                        "elements": [
                            {
                                "type": "text",
                                "text": "試してみたけど、なくても動くよ"
                            }
                        ]
                    }
                ]
            }
        ]
    },
    {
        "client_msg_id": "17353ec5-7a7d-44a8-b54a-350da0a9ee10",
        "type": "message",
        "text": "```# terraform {\n#   required_version = \"0.13.0\"\n#   required_providers {\n#     aws = {\n#       source  = \"hashicorp\/aws\"\n#       version = \"2.64.0\"\n#     }\n#   }\n# }\n\nprovider \"aws\" {\n  region = \"ap-northeast-1\"\n}\n\nresource \"aws_security_group\" \"foo\" {\n  name = \"foo\"\n}```\n",
        "user": "UHS4SFFA7",
        "ts": "1591232750.045300",
        "team": "TFU0BKCQP",
        "user_team": "TFU0BKCQP",
        "source_team": "TFU0BKCQP",
        "user_profile": {
            "avatar_hash": "gade34f8bdf1",
            "image_72": "https:\/\/secure.gravatar.com\/avatar\/5ade34f8bdf1b55c4ff82c11cf23cf42.jpg?s=72&d=https%3A%2F%2Fa.slack-edge.com%2Fdf10d%2Fimg%2Favatars%2Fava_0008-72.png",
            "first_name": "",
            "real_name": "minamijoyo",
            "display_name": "minamijoyo",
            "team": "TFU0BKCQP",
            "name": "minamijoyo",
            "is_restricted": false,
            "is_ultra_restricted": false
        },
        "blocks": [
            {
                "type": "rich_text",
                "block_id": "G=P",
                "elements": [
                    {
                        "type": "rich_text_preformatted",
                        "elements": [
                            {
                                "type": "text",
                                "text": "# terraform {\n#   required_version = \"0.13.0\"\n#   required_providers {\n#     aws = {\n#       source  = \"hashicorp\/aws\"\n#       version = \"2.64.0\"\n#     }\n#   }\n# }\n\nprovider \"aws\" {\n  region = \"ap-northeast-1\"\n}\n\nresource \"aws_security_group\" \"foo\" {\n  name = \"foo\"\n}"
                            }
                        ]
                    },
                    {
                        "type": "rich_text_section",
                        "elements": []
                    }
                ]
            }
        ]
    },
    {
        "client_msg_id": "9b6d1a51-2b2d-4d9f-b411-7abd950aebd3",
        "type": "message",
        "text": "terraform.required_providersが既に別のファイル例えばmain.tfにあればそれを検出してそこにsourceを書き込んでくれるというちょっと気の利いた挙動をしているんだけど、terraform.required_versionが書いてあっても無視してversions.tfにterraform.required_versionを生成しててなんでやねんってなってる。\n```terraform {\n  required_version = \"&gt;= 0.13\"\n}```",
        "user": "UHS4SFFA7",
        "ts": "1591232989.047700",
        "team": "TFU0BKCQP",
        "user_team": "TFU0BKCQP",
        "source_team": "TFU0BKCQP",
        "user_profile": {
            "avatar_hash": "gade34f8bdf1",
            "image_72": "https:\/\/secure.gravatar.com\/avatar\/5ade34f8bdf1b55c4ff82c11cf23cf42.jpg?s=72&d=https%3A%2F%2Fa.slack-edge.com%2Fdf10d%2Fimg%2Favatars%2Fava_0008-72.png",
            "first_name": "",
            "real_name": "minamijoyo",
            "display_name": "minamijoyo",
            "team": "TFU0BKCQP",
            "name": "minamijoyo",
            "is_restricted": false,
            "is_ultra_restricted": false
        },
        "blocks": [
            {
                "type": "rich_text",
                "block_id": "9zWjW",
                "elements": [
                    {
                        "type": "rich_text_section",
                        "elements": [
                            {
                                "type": "text",
                                "text": "terraform.required_providersが既に別のファイル例えばmain.tfにあればそれを検出してそこにsourceを書き込んでくれるというちょっと気の利いた挙動をしているんだけど、terraform.required_versionが書いてあっても無視してversions.tfにterraform.required_versionを生成しててなんでやねんってなってる。\n"
                            }
                        ]
                    },
                    {
                        "type": "rich_text_preformatted",
                        "elements": [
                            {
                                "type": "text",
                                "text": "terraform {\n  required_version = \">= 0.13\"\n}"
                            }
                        ]
                    }
                ]
            }
        ]
    },
    {
        "client_msg_id": "97dcfd56-0c0a-4976-b57a-fb05f90e76dc",
        "type": "message",
        "text": "terraform.required_version は v0.12の時と同じ挙動なんじゃん？ 012upgrade コマンドのコピーで作ってたし。",
        "user": "UFU0BKD8F",
        "ts": "1591233043.048900",
        "team": "TFU0BKCQP",
        "user_team": "TFU0BKCQP",
        "source_team": "TFU0BKCQP",
        "user_profile": {
            "avatar_hash": "92c41c62c7b0",
            "image_72": "https:\/\/avatars.slack-edge.com\/2019-01-30\/537137791812_92c41c62c7b0f054d3dd_72.jpg",
            "first_name": "らき",
            "real_name": "らき",
            "display_name": "raki",
            "team": "TFU0BKCQP",
            "name": "nishimuray",
            "is_restricted": false,
            "is_ultra_restricted": false
        },
        "blocks": [
            {
                "type": "rich_text",
                "block_id": "Asr",
                "elements": [
                    {
                        "type": "rich_text_section",
                        "elements": [
                            {
                                "type": "text",
                                "text": "terraform.required_version は v0.12の時と同じ挙動なんじゃん？ 012upgrade コマンドのコピーで作ってたし。"
                            }
                        ]
                    }
                ]
            }
        ]
    },
    {
        "client_msg_id": "b94b3e3e-d705-434e-a471-d2d57091ead0",
        "type": "message",
        "text": "あとproviderブロックにバージョン書いてても、それを勝手にマージしてくれたりはしない。\n\n```provider \"aws\" {\n  version = \"2.64.0\"\n  region  = \"ap-norteast-1\"\n}```",
        "user": "UHS4SFFA7",
        "ts": "1591233059.049000",
        "team": "TFU0BKCQP",
        "user_team": "TFU0BKCQP",
        "source_team": "TFU0BKCQP",
        "user_profile": {
            "avatar_hash": "gade34f8bdf1",
            "image_72": "https:\/\/secure.gravatar.com\/avatar\/5ade34f8bdf1b55c4ff82c11cf23cf42.jpg?s=72&d=https%3A%2F%2Fa.slack-edge.com%2Fdf10d%2Fimg%2Favatars%2Fava_0008-72.png",
            "first_name": "",
            "real_name": "minamijoyo",
            "display_name": "minamijoyo",
            "team": "TFU0BKCQP",
            "name": "minamijoyo",
            "is_restricted": false,
            "is_ultra_restricted": false
        },
        "blocks": [
            {
                "type": "rich_text",
                "block_id": "Ao6T",
                "elements": [
                    {
                        "type": "rich_text_section",
                        "elements": [
                            {
                                "type": "text",
                                "text": "あとproviderブロックにバージョン書いてても、それを勝手にマージしてくれたりはしない。\n\n"
                            }
                        ]
                    },
                    {
                        "type": "rich_text_preformatted",
                        "elements": [
                            {
                                "type": "text",
                                "text": "provider \"aws\" {\n  version = \"2.64.0\"\n  region  = \"ap-norteast-1\"\n}"
                            }
                        ]
                    }
                ]
            }
        ]
    },
    {
        "client_msg_id": "b0395ff3-2328-41a3-98de-666efc4c0117",
        "type": "message",
        "text": "それはひどいｗｗ",
        "user": "UFU0BKD8F",
        "ts": "1591233073.049400",
        "team": "TFU0BKCQP",
        "user_team": "TFU0BKCQP",
        "source_team": "TFU0BKCQP",
        "user_profile": {
            "avatar_hash": "92c41c62c7b0",
            "image_72": "https:\/\/avatars.slack-edge.com\/2019-01-30\/537137791812_92c41c62c7b0f054d3dd_72.jpg",
            "first_name": "らき",
            "real_name": "らき",
            "display_name": "raki",
            "team": "TFU0BKCQP",
            "name": "nishimuray",
            "is_restricted": false,
            "is_ultra_restricted": false
        },
        "blocks": [
            {
                "type": "rich_text",
                "block_id": "JtUp",
                "elements": [
                    {
                        "type": "rich_text_section",
                        "elements": [
                            {
                                "type": "text",
                                "text": "それはひどいｗｗ"
                            }
                        ]
                    }
                ]
            }
        ]
    },
    {
        "client_msg_id": "66b75241-4c45-485d-938a-901da5fd4756",
        "type": "message",
        "text": "あ、でもそこはちょっと難しいか。。。\nバージョン間の不整合が出ると手間だし。。。",
        "user": "UFU0BKD8F",
        "ts": "1591233130.050700",
        "team": "TFU0BKCQP",
        "user_team": "TFU0BKCQP",
        "source_team": "TFU0BKCQP",
        "user_profile": {
            "avatar_hash": "92c41c62c7b0",
            "image_72": "https:\/\/avatars.slack-edge.com\/2019-01-30\/537137791812_92c41c62c7b0f054d3dd_72.jpg",
            "first_name": "らき",
            "real_name": "らき",
            "display_name": "raki",
            "team": "TFU0BKCQP",
            "name": "nishimuray",
            "is_restricted": false,
            "is_ultra_restricted": false
        },
        "blocks": [
            {
                "type": "rich_text",
                "block_id": "AIv",
                "elements": [
                    {
                        "type": "rich_text_section",
                        "elements": [
                            {
                                "type": "text",
                                "text": "あ、でもそこはちょっと難しいか。。。\nバージョン間の不整合が出ると手間だし。。。"
                            }
                        ]
                    }
                ]
            }
        ]
    },
    {
        "client_msg_id": "b1ac98e9-1675-40e8-99f1-19631400f7dd",
        "type": "message",
        "text": "そうなんよね。エイリアスで複数のインスタンスを持つことは理論上可能なんだが、それはレアケースだと思うんだ。",
        "user": "UHS4SFFA7",
        "ts": "1591233165.051700",
        "team": "TFU0BKCQP",
        "user_team": "TFU0BKCQP",
        "source_team": "TFU0BKCQP",
        "user_profile": {
            "avatar_hash": "gade34f8bdf1",
            "image_72": "https:\/\/secure.gravatar.com\/avatar\/5ade34f8bdf1b55c4ff82c11cf23cf42.jpg?s=72&d=https%3A%2F%2Fa.slack-edge.com%2Fdf10d%2Fimg%2Favatars%2Fava_0008-72.png",
            "first_name": "",
            "real_name": "minamijoyo",
            "display_name": "minamijoyo",
            "team": "TFU0BKCQP",
            "name": "minamijoyo",
            "is_restricted": false,
            "is_ultra_restricted": false
        },
        "blocks": [
            {
                "type": "rich_text",
                "block_id": "\/IN",
                "elements": [
                    {
                        "type": "rich_text_section",
                        "elements": [
                            {
                                "type": "text",
                                "text": "そうなんよね。エイリアスで複数のインスタンスを持つことは理論上可能なんだが、それはレアケースだと思うんだ。"
                            }
                        ]
                    }
                ]
            }
        ]
    },
    {
        "client_msg_id": "fd415020-8030-4a4b-a600-9b9c57062320",
        "type": "message",
        "text": "terraform.required_providersにバージョン書けるようになったのv0.12.20で誰も気づいてないというか実質0.13向けの変更なので、みんなproviderブロックにversion書いてるしそのへんはよしなに空気読んでマージして欲しい感ある。",
        "user": "UHS4SFFA7",
        "ts": "1591233259.054200",
        "team": "TFU0BKCQP",
        "user_team": "TFU0BKCQP",
        "source_team": "TFU0BKCQP",
        "user_profile": {
            "avatar_hash": "gade34f8bdf1",
            "image_72": "https:\/\/secure.gravatar.com\/avatar\/5ade34f8bdf1b55c4ff82c11cf23cf42.jpg?s=72&d=https%3A%2F%2Fa.slack-edge.com%2Fdf10d%2Fimg%2Favatars%2Fava_0008-72.png",
            "first_name": "",
            "real_name": "minamijoyo",
            "display_name": "minamijoyo",
            "team": "TFU0BKCQP",
            "name": "minamijoyo",
            "is_restricted": false,
            "is_ultra_restricted": false
        },
        "blocks": [
            {
                "type": "rich_text",
                "block_id": "gU+SH",
                "elements": [
                    {
                        "type": "rich_text_section",
                        "elements": [
                            {
                                "type": "text",
                                "text": "terraform.required_providersにバージョン書けるようになったのv0.12.20で誰も気づいてないというか実質0.13向けの変更なので、みんなproviderブロックにversion書いてるしそのへんはよしなに空気読んでマージして欲しい感ある。"
                            }
                        ]
                    }
                ]
            }
        ]
    },
    {
        "client_msg_id": "a753cb3a-e669-4ec7-8328-084ef61069f6",
        "type": "message",
        "text": "ほぼ全てのディレクトリでバージョンを明記しないで常に最新化をルール化してる弊社大勝利の雰囲気ｗ",
        "user": "UFU0BKD8F",
        "ts": "1591233339.055800",
        "team": "TFU0BKCQP",
        "user_team": "TFU0BKCQP",
        "source_team": "TFU0BKCQP",
        "user_profile": {
            "avatar_hash": "92c41c62c7b0",
            "image_72": "https:\/\/avatars.slack-edge.com\/2019-01-30\/537137791812_92c41c62c7b0f054d3dd_72.jpg",
            "first_name": "らき",
            "real_name": "らき",
            "display_name": "raki",
            "team": "TFU0BKCQP",
            "name": "nishimuray",
            "is_restricted": false,
            "is_ultra_restricted": false
        },
        "blocks": [
            {
                "type": "rich_text",
                "block_id": "=14",
                "elements": [
                    {
                        "type": "rich_text_section",
                        "elements": [
                            {
                                "type": "text",
                                "text": "ほぼ全てのディレクトリでバージョンを明記しないで常に最新化をルール化してる弊社大勝利の雰囲気ｗ"
                            }
                        ]
                    }
                ]
            }
        ]
    },
    {
        "client_msg_id": "8f41a1d8-6cf6-4cf3-9beb-dd531357d193",
        "type": "message",
        "text": "うちは全部厳密にpinしてるんだわ",
        "user": "UHS4SFFA7",
        "ts": "1591233433.056800",
        "team": "TFU0BKCQP",
        "user_team": "TFU0BKCQP",
        "source_team": "TFU0BKCQP",
        "user_profile": {
            "avatar_hash": "gade34f8bdf1",
            "image_72": "https:\/\/secure.gravatar.com\/avatar\/5ade34f8bdf1b55c4ff82c11cf23cf42.jpg?s=72&d=https%3A%2F%2Fa.slack-edge.com%2Fdf10d%2Fimg%2Favatars%2Fava_0008-72.png",
            "first_name": "",
            "real_name": "minamijoyo",
            "display_name": "minamijoyo",
            "team": "TFU0BKCQP",
            "name": "minamijoyo",
            "is_restricted": false,
            "is_ultra_restricted": false
        },
        "blocks": [
            {
                "type": "rich_text",
                "block_id": "y=u",
                "elements": [
                    {
                        "type": "rich_text_section",
                        "elements": [
                            {
                                "type": "text",
                                "text": "うちは全部厳密にpinしてるんだわ"
                            }
                        ]
                    }
                ]
            }
        ],
        "reactions": [
            {
                "name": "scream",
                "users": [
                    "UFU0BKD8F"
                ],
                "count": 1
            }
        ]
    },
    {
        "client_msg_id": "086b8919-6c1c-4ea0-802b-4d6f300d8039",
        "type": "message",
        "text": "まぁHCLパースして書き換えるの趣味なのでこれぐらいスクリプト書けば一括で書き換えられるがな",
        "user": "UHS4SFFA7",
        "ts": "1591233521.058400",
        "team": "TFU0BKCQP",
        "user_team": "TFU0BKCQP",
        "source_team": "TFU0BKCQP",
        "user_profile": {
            "avatar_hash": "gade34f8bdf1",
            "image_72": "https:\/\/secure.gravatar.com\/avatar\/5ade34f8bdf1b55c4ff82c11cf23cf42.jpg?s=72&d=https%3A%2F%2Fa.slack-edge.com%2Fdf10d%2Fimg%2Favatars%2Fava_0008-72.png",
            "first_name": "",
            "real_name": "minamijoyo",
            "display_name": "minamijoyo",
            "team": "TFU0BKCQP",
            "name": "minamijoyo",
            "is_restricted": false,
            "is_ultra_restricted": false
        },
        "blocks": [
            {
                "type": "rich_text",
                "block_id": "i0ra5",
                "elements": [
                    {
                        "type": "rich_text_section",
                        "elements": [
                            {
                                "type": "text",
                                "text": "まぁHCLパースして書き換えるの趣味なのでこれぐらいスクリプト書けば一括で書き換えられるがな"
                            }
                        ]
                    }
                ]
            }
        ]
    },
    {
        "client_msg_id": "a5afbddc-5943-4c53-845e-7c718414f55b",
        "type": "message",
        "text": "最近作ってる新作これ（突然の宣伝\n<https:\/\/github.com\/minamijoyo\/hcledit>",
        "user": "UHS4SFFA7",
        "ts": "1591233571.058800",
        "team": "TFU0BKCQP",
        "user_team": "TFU0BKCQP",
        "source_team": "TFU0BKCQP",
        "user_profile": {
            "avatar_hash": "gade34f8bdf1",
            "image_72": "https:\/\/secure.gravatar.com\/avatar\/5ade34f8bdf1b55c4ff82c11cf23cf42.jpg?s=72&d=https%3A%2F%2Fa.slack-edge.com%2Fdf10d%2Fimg%2Favatars%2Fava_0008-72.png",
            "first_name": "",
            "real_name": "minamijoyo",
            "display_name": "minamijoyo",
            "team": "TFU0BKCQP",
            "name": "minamijoyo",
            "is_restricted": false,
            "is_ultra_restricted": false
        },
        "attachments": [
            {
                "fallback": "minamijoyo\/hcledit",
                "text": "A command line editor for HCL",
                "title": "minamijoyo\/hcledit",
                "footer": "<https:\/\/github.com\/minamijoyo\/hcledit|minamijoyo\/hcledit>",
                "id": 1,
                "footer_icon": "https:\/\/github.githubassets.com\/favicon.ico",
                "ts": 1577889748,
                "color": "24292f",
                "fields": [
                    {
                        "title": "Stars",
                        "value": "6",
                        "short": true
                    },
                    {
                        "title": "Language",
                        "value": "Go",
                        "short": true
                    }
                ],
                "mrkdwn_in": [
                    "text",
                    "fields"
                ],
                "bot_id": "BH12QQBB4",
                "app_unfurl_url": "https:\/\/github.com\/minamijoyo\/hcledit",
                "is_app_unfurl": true
            }
        ],
        "blocks": [
            {
                "type": "rich_text",
                "block_id": "oA1",
                "elements": [
                    {
                        "type": "rich_text_section",
                        "elements": [
                            {
                                "type": "text",
                                "text": "最近作ってる新作これ（突然の宣伝\n"
                            },
                            {
                                "type": "link",
                                "url": "https:\/\/github.com\/minamijoyo\/hcledit"
                            }
                        ]
                    }
                ]
            }
        ]
    },
    {
        "client_msg_id": "3672d5f2-9cce-4308-a24e-7c5b4ea3f029",
        "type": "message",
        "text": "まじ便利そう",
        "user": "UG46Z57TN",
        "ts": "1591234128.059300",
        "team": "TFU0BKCQP",
        "user_team": "TFU0BKCQP",
        "source_team": "TFU0BKCQP",
        "user_profile": {
            "avatar_hash": "c6bdd4cb17db",
            "image_72": "https:\/\/avatars.slack-edge.com\/2019-07-05\/685991185957_c6bdd4cb17db956661a1_72.jpg",
            "first_name": "Takeshi",
            "real_name": "Takeshi Kondo",
            "display_name": "chaspy",
            "team": "TFU0BKCQP",
            "name": "take.she12",
            "is_restricted": false,
            "is_ultra_restricted": false
        },
        "blocks": [
            {
                "type": "rich_text",
                "block_id": "flhF",
                "elements": [
                    {
                        "type": "rich_text_section",
                        "elements": [
                            {
                                "type": "text",
                                "text": "まじ便利そう"
                            }
                        ]
                    }
                ]
            }
        ],
        "reactions": [
            {
                "name": "sunglasses",
                "users": [
                    "UHS4SFFA7"
                ],
                "count": 1
            }
        ]
    },
    {
        "client_msg_id": "82b0555f-43a0-4c23-a117-7533eec0f577",
        "type": "message",
        "text": "まぁ0.13ugpradeでよしなにしてくれる方がみんなうれしいので後で時間を見つけてissue立てておこう",
        "user": "UHS4SFFA7",
        "ts": "1591234807.060000",
        "team": "TFU0BKCQP",
        "user_team": "TFU0BKCQP",
        "source_team": "TFU0BKCQP",
        "user_profile": {
            "avatar_hash": "gade34f8bdf1",
            "image_72": "https:\/\/secure.gravatar.com\/avatar\/5ade34f8bdf1b55c4ff82c11cf23cf42.jpg?s=72&d=https%3A%2F%2Fa.slack-edge.com%2Fdf10d%2Fimg%2Favatars%2Fava_0008-72.png",
            "first_name": "",
            "real_name": "minamijoyo",
            "display_name": "minamijoyo",
            "team": "TFU0BKCQP",
            "name": "minamijoyo",
            "is_restricted": false,
            "is_ultra_restricted": false
        },
        "blocks": [
            {
                "type": "rich_text",
                "block_id": "Zely",
                "elements": [
                    {
                        "type": "rich_text_section",
                        "elements": [
                            {
                                "type": "text",
                                "text": "まぁ0.13ugpradeでよしなにしてくれる方がみんなうれしいので後で時間を見つけてissue立てておこう"
                            }
                        ]
                    }
                ]
            }
        ]
    },
    {
        "client_msg_id": "4e765a0e-bfaf-4df7-861d-85ba96cb7ddc",
        "type": "message",
        "text": "```Error: Unsupported Terraform Core version\n\n  on .terraform\/modules\/vpc\/terraform-aws-vpc-2.38.0\/versions.tf line 2, in terraform:\n   2:   required_version = \"~&gt; 0.12.6\"\n\nModule module.vpc (from terraform-aws-modules\/vpc\/aws) does not support\nTerraform version 0.13.0-beta1. To proceed, either choose another supported\nTerraform version or update this version constraint. Version constraints are\nnormally set for good reason, so updating the constraint may lead to other\nerrors or unexpected behavior.```\nOh....",
        "user": "UFU0BKD8F",
        "ts": "1591235855.060500",
        "team": "TFU0BKCQP",
        "user_team": "TFU0BKCQP",
        "source_team": "TFU0BKCQP",
        "user_profile": {
            "avatar_hash": "92c41c62c7b0",
            "image_72": "https:\/\/avatars.slack-edge.com\/2019-01-30\/537137791812_92c41c62c7b0f054d3dd_72.jpg",
            "first_name": "らき",
            "real_name": "らき",
            "display_name": "raki",
            "team": "TFU0BKCQP",
            "name": "nishimuray",
            "is_restricted": false,
            "is_ultra_restricted": false
        },
        "blocks": [
            {
                "type": "rich_text",
                "block_id": "a95z",
                "elements": [
                    {
                        "type": "rich_text_preformatted",
                        "elements": [
                            {
                                "type": "text",
                                "text": "Error: Unsupported Terraform Core version\n\n  on .terraform\/modules\/vpc\/terraform-aws-vpc-2.38.0\/versions.tf line 2, in terraform:\n   2:   required_version = \"~> 0.12.6\"\n\nModule module.vpc (from terraform-aws-modules\/vpc\/aws) does not support\nTerraform version 0.13.0-beta1. To proceed, either choose another supported\nTerraform version or update this version constraint. Version constraints are\nnormally set for good reason, so updating the constraint may lead to other\nerrors or unexpected behavior."
                            }
                        ]
                    },
                    {
                        "type": "rich_text_section",
                        "elements": [
                            {
                                "type": "text",
                                "text": "\nOh...."
                            }
                        ]
                    }
                ]
            }
        ]
    },
    {
        "client_msg_id": "c7af8211-d545-4037-9f93-d54cb84dbcca",
        "type": "message",
        "text": "upgrade を試す前に現時点での最新モジュールへの更新（init --upgrade）はやったほうがよさそう。。。",
        "user": "UFU0BKD8F",
        "ts": "1591235924.061500",
        "team": "TFU0BKCQP",
        "user_team": "TFU0BKCQP",
        "source_team": "TFU0BKCQP",
        "user_profile": {
            "avatar_hash": "92c41c62c7b0",
            "image_72": "https:\/\/avatars.slack-edge.com\/2019-01-30\/537137791812_92c41c62c7b0f054d3dd_72.jpg",
            "first_name": "らき",
            "real_name": "らき",
            "display_name": "raki",
            "team": "TFU0BKCQP",
            "name": "nishimuray",
            "is_restricted": false,
            "is_ultra_restricted": false
        },
        "blocks": [
            {
                "type": "rich_text",
                "block_id": "ye\/X",
                "elements": [
                    {
                        "type": "rich_text_section",
                        "elements": [
                            {
                                "type": "text",
                                "text": "upgrade を試す前に現時点での最新モジュールへの更新（init --upgrade）はやったほうがよさそう。。。"
                            }
                        ]
                    }
                ]
            }
        ]
    },
    {
        "client_msg_id": "6f86d83d-fbe3-49d5-8abe-835e9b9c3ea9",
        "type": "message",
        "text": "うん、まぁそうか。モジュール側が対応してくれないとそりゃどうにもならないよね。。。\n残念。撤収！ｗ（ほぼAWSで作ってて結構モジュール依存してるのでどうにもならん）",
        "user": "UFU0BKD8F",
        "ts": "1591236341.063400",
        "team": "TFU0BKCQP",
        "user_team": "TFU0BKCQP",
        "source_team": "TFU0BKCQP",
        "user_profile": {
            "avatar_hash": "92c41c62c7b0",
            "image_72": "https:\/\/avatars.slack-edge.com\/2019-01-30\/537137791812_92c41c62c7b0f054d3dd_72.jpg",
            "first_name": "らき",
            "real_name": "らき",
            "display_name": "raki",
            "team": "TFU0BKCQP",
            "name": "nishimuray",
            "is_restricted": false,
            "is_ultra_restricted": false
        },
        "blocks": [
            {
                "type": "rich_text",
                "block_id": "n66Fx",
                "elements": [
                    {
                        "type": "rich_text_section",
                        "elements": [
                            {
                                "type": "text",
                                "text": "うん、まぁそうか。モジュール側が対応してくれないとそりゃどうにもならないよね。。。\n残念。撤収！ｗ（ほぼAWSで作ってて結構モジュール依存してるのでどうにもならん）"
                            }
                        ]
                    }
                ]
            }
        ]
    },
    {
        "client_msg_id": "d69f3e97-f966-48c7-bd59-9a608b771c33",
        "type": "message",
        "text": "あー、そりゃそうね。",
        "user": "UHS4SFFA7",
        "ts": "1591237192.063700",
        "team": "TFU0BKCQP",
        "user_team": "TFU0BKCQP",
        "source_team": "TFU0BKCQP",
        "user_profile": {
            "avatar_hash": "gade34f8bdf1",
            "image_72": "https:\/\/secure.gravatar.com\/avatar\/5ade34f8bdf1b55c4ff82c11cf23cf42.jpg?s=72&d=https%3A%2F%2Fa.slack-edge.com%2Fdf10d%2Fimg%2Favatars%2Fava_0008-72.png",
            "first_name": "",
            "real_name": "minamijoyo",
            "display_name": "minamijoyo",
            "team": "TFU0BKCQP",
            "name": "minamijoyo",
            "is_restricted": false,
            "is_ultra_restricted": false
        },
        "blocks": [
            {
                "type": "rich_text",
                "block_id": "wsm",
                "elements": [
                    {
                        "type": "rich_text_section",
                        "elements": [
                            {
                                "type": "text",
                                "text": "あー、そりゃそうね。"
                            }
                        ]
                    }
                ]
            }
        ]
    },
    {
        "client_msg_id": "485fb022-6046-4f4f-a58e-f7cc5c392cd6",
        "type": "message",
        "text": "やってみないと思い出せないことってあるよねｗｗ\nモジュール類はそりゃバージョン指定してあるわ。",
        "user": "UFU0BKD8F",
        "ts": "1591237274.065200",
        "team": "TFU0BKCQP",
        "user_team": "TFU0BKCQP",
        "source_team": "TFU0BKCQP",
        "user_profile": {
            "avatar_hash": "92c41c62c7b0",
            "image_72": "https:\/\/avatars.slack-edge.com\/2019-01-30\/537137791812_92c41c62c7b0f054d3dd_72.jpg",
            "first_name": "らき",
            "real_name": "らき",
            "display_name": "raki",
            "team": "TFU0BKCQP",
            "name": "nishimuray",
            "is_restricted": false,
            "is_ultra_restricted": false
        },
        "blocks": [
            {
                "type": "rich_text",
                "block_id": "=njoF",
                "elements": [
                    {
                        "type": "rich_text_section",
                        "elements": [
                            {
                                "type": "text",
                                "text": "やってみないと思い出せないことってあるよねｗｗ\nモジュール類はそりゃバージョン指定してあるわ。"
                            }
                        ]
                    }
                ]
            }
        ]
    },
    {
        "client_msg_id": "0090f942-a6ad-497b-98cc-0515ed44fc7d",
        "type": "message",
        "text": "叩けばいっぱいホコリが出そう。みんなこーゆーのでいいんだよ。\n<https:\/\/github.com\/hashicorp\/terraform\/pull\/25127>",
        "user": "UHS4SFFA7",
        "ts": "1591237281.065400",
        "team": "TFU0BKCQP",
        "user_team": "TFU0BKCQP",
        "source_team": "TFU0BKCQP",
        "user_profile": {
            "avatar_hash": "gade34f8bdf1",
            "image_72": "https:\/\/secure.gravatar.com\/avatar\/5ade34f8bdf1b55c4ff82c11cf23cf42.jpg?s=72&d=https%3A%2F%2Fa.slack-edge.com%2Fdf10d%2Fimg%2Favatars%2Fava_0008-72.png",
            "first_name": "",
            "real_name": "minamijoyo",
            "display_name": "minamijoyo",
            "team": "TFU0BKCQP",
            "name": "minamijoyo",
            "is_restricted": false,
            "is_ultra_restricted": false
        },
        "attachments": [
            {
                "author_name": "minamijoyo",
                "fallback": "[hashicorp\/terraform] #25127 Add `-yes` flag to 0.13upgrade help message",
                "text": "It seems to be implemented but not shown in help message.\n\nFYI: A help message for 0.12upgrade command on the 0.12 branch.  \n<https:\/\/github.com\/hashicorp\/terraform\/blob\/v0.12.26\/command\/012_config_upgrade.go#L235-L243|https:\/\/github.com\/hashicorp\/terraform\/blob\/v0.12.26\/command\/012_config_upgrade.go#L235-L243>",
                "title": "#25127 Add `-yes` flag to 0.13upgrade help message",
                "footer": "<https:\/\/github.com\/hashicorp\/terraform|hashicorp\/terraform>",
                "id": 1,
                "title_link": "https:\/\/github.com\/hashicorp\/terraform\/pull\/25127",
                "author_link": "https:\/\/github.com\/minamijoyo",
                "author_icon": "https:\/\/avatars1.githubusercontent.com\/u\/6985802?v=4",
                "footer_icon": "https:\/\/github.githubassets.com\/favicon.ico",
                "ts": 1591237097,
                "color": "36a64f",
                "mrkdwn_in": [
                    "text"
                ],
                "bot_id": "BH12QQBB4",
                "app_unfurl_url": "https:\/\/github.com\/hashicorp\/terraform\/pull\/25127",
                "is_app_unfurl": true
            }
        ],
        "blocks": [
            {
                "type": "rich_text",
                "block_id": "gCIw",
                "elements": [
                    {
                        "type": "rich_text_section",
                        "elements": [
                            {
                                "type": "text",
                                "text": "叩けばいっぱいホコリが出そう。みんなこーゆーのでいいんだよ。\n"
                            },
                            {
                                "type": "link",
                                "url": "https:\/\/github.com\/hashicorp\/terraform\/pull\/25127"
                            }
                        ]
                    }
                ]
            }
        ],
        "reactions": [
            {
                "name": "smiley",
                "users": [
                    "UGW0ABZLG"
                ],
                "count": 1
            }
        ]
    },
    {
        "client_msg_id": "7035975c-0b87-4084-b267-ad198e0bc762",
        "type": "message",
        "text": "nice PR!",
        "user": "UFU0BKD8F",
        "ts": "1591237351.065800",
        "team": "TFU0BKCQP",
        "user_team": "TFU0BKCQP",
        "source_team": "TFU0BKCQP",
        "user_profile": {
            "avatar_hash": "92c41c62c7b0",
            "image_72": "https:\/\/avatars.slack-edge.com\/2019-01-30\/537137791812_92c41c62c7b0f054d3dd_72.jpg",
            "first_name": "らき",
            "real_name": "らき",
            "display_name": "raki",
            "team": "TFU0BKCQP",
            "name": "nishimuray",
            "is_restricted": false,
            "is_ultra_restricted": false
        },
        "blocks": [
            {
                "type": "rich_text",
                "block_id": "\/sAB",
                "elements": [
                    {
                        "type": "rich_text_section",
                        "elements": [
                            {
                                "type": "text",
                                "text": "nice PR!"
                            }
                        ]
                    }
                ]
            }
        ]
    }
]