[
    {
        "type": "message",
        "subtype": "bot_message",
        "text": "",
        "ts": "1556608371.088200",
        "username": "IFTTT",
        "icons": {
            "image_36": "https:\/\/a.slack-edge.com\/8f51\/img\/services\/ifttt_36.png",
            "image_48": "https:\/\/a.slack-edge.com\/8f51\/img\/services\/ifttt_48.png",
            "image_72": "https:\/\/a.slack-edge.com\/8f51\/img\/services\/ifttt_72.png"
        },
        "bot_id": "BG1Q8MM6H",
        "attachments": [
            {
                "title": "@ConLifecycleLon is Tweet",
                "title_link": "https:\/\/twitter.com\/ConLifecycleLon",
                "text": "From terrified to #terrafor? Get up to speed with @grahamlyons at #CLL19 <https:\/\/t.co\/3oEWzZo896> (via Twitter <http:\/\/twitter.com\/ConLifecycleLon\/status\/1123122814481920000>)",
                "fallback": "From terrified to #terrafor? Get up to speed with @grahamlyons at #CLL19 <https:\/\/t.co\/3oEWzZo896> (via Twitter <http:\/\/twitter.com\/ConLifecycleLon\/status\/1123122814481920000>)",
                "mrkdwn_in": [
                    "text",
                    "pretext"
                ]
            }
        ]
    },
    {
        "type": "message",
        "subtype": "bot_message",
        "text": "",
        "ts": "1556608949.088300",
        "username": "IFTTT",
        "icons": {
            "image_36": "https:\/\/a.slack-edge.com\/8f51\/img\/services\/ifttt_36.png",
            "image_48": "https:\/\/a.slack-edge.com\/8f51\/img\/services\/ifttt_48.png",
            "image_72": "https:\/\/a.slack-edge.com\/8f51\/img\/services\/ifttt_72.png"
        },
        "bot_id": "BG1Q8MM6H",
        "attachments": [
            {
                "title": "@amazing_gazou is Tweet",
                "title_link": "https:\/\/twitter.com\/amazing_gazou",
                "text": "やった！！HIVとは無縁の生活送れる！！！！ \n<https:\/\/t.co\/skS8whwU2S> … <https:\/\/t.co\/baGiO0j1rs> (via Twitter <http:\/\/twitter.com\/amazing_gazou\/status\/1123123887087050755>)",
                "fallback": "やった！！HIVとは無縁の生活送れる！！！！ \n<https:\/\/t.co\/skS8whwU2S> … <https:\/\/t.co\/baGiO0j1rs> (via Twitter <http:\/\/twitter.com\/amazing_gazou\/status\/1123123887087050755>)",
                "mrkdwn_in": [
                    "text",
                    "pretext"
                ]
            }
        ]
    },
    {
        "type": "message",
        "subtype": "bot_message",
        "text": "",
        "ts": "1556610139.088400",
        "username": "IFTTT",
        "icons": {
            "image_36": "https:\/\/a.slack-edge.com\/8f51\/img\/services\/ifttt_36.png",
            "image_48": "https:\/\/a.slack-edge.com\/8f51\/img\/services\/ifttt_48.png",
            "image_72": "https:\/\/a.slack-edge.com\/8f51\/img\/services\/ifttt_72.png"
        },
        "bot_id": "BG1Q8MM6H",
        "attachments": [
            {
                "title": "@mitukiii is Tweet",
                "title_link": "https:\/\/twitter.com\/mitukiii",
                "text": "何もしてないのに秘伝の Terraform が動かなくなった (via Twitter <http:\/\/twitter.com\/mitukiii\/status\/1123127951891943424>)",
                "fallback": "何もしてないのに秘伝の Terraform が動かなくなった (via Twitter <http:\/\/twitter.com\/mitukiii\/status\/1123127951891943424>)",
                "mrkdwn_in": [
                    "text",
                    "pretext"
                ]
            }
        ]
    },
    {
        "type": "message",
        "subtype": "bot_message",
        "text": "",
        "ts": "1556610767.088500",
        "username": "IFTTT",
        "icons": {
            "image_36": "https:\/\/a.slack-edge.com\/8f51\/img\/services\/ifttt_36.png",
            "image_48": "https:\/\/a.slack-edge.com\/8f51\/img\/services\/ifttt_48.png",
            "image_72": "https:\/\/a.slack-edge.com\/8f51\/img\/services\/ifttt_72.png"
        },
        "bot_id": "BG1Q8MM6H",
        "attachments": [
            {
                "title": "@remoteboom is Tweet",
                "title_link": "https:\/\/twitter.com\/remoteboom",
                "text": "Software Engineer at @terbiumlabs - ( $60k – $120k ) - ( javascript, react, sql, nosql, aws, #s3, sqs, sns, dynamodb, lambda, api gateway, cognito, cloudformation, terraform ) - details :point_down:<https:\/\/t.co\/5wkQuDVfR3> (via Twitter <http:\/\/twitter.com\/remoteboom\/status\/1123131121359888386>)",
                "fallback": "Software Engineer at @terbiumlabs - ( $60k – $120k ) - ( javascript, react, sql, nosql, aws, #s3, sqs, sns, dynamodb, lambda, api gateway, cognito, cloudformation, terraform ) - details :point_down:<https:\/\/t.co\/5wkQuDVfR3> (via Twitter <http:\/\/twitter.com\/remoteboom\/status\/1123131121359888386>)",
                "mrkdwn_in": [
                    "text",
                    "pretext"
                ]
            }
        ]
    },
    {
        "type": "message",
        "subtype": "bot_message",
        "text": "",
        "ts": "1556611929.088600",
        "username": "IFTTT",
        "icons": {
            "image_36": "https:\/\/a.slack-edge.com\/8f51\/img\/services\/ifttt_36.png",
            "image_48": "https:\/\/a.slack-edge.com\/8f51\/img\/services\/ifttt_48.png",
            "image_72": "https:\/\/a.slack-edge.com\/8f51\/img\/services\/ifttt_72.png"
        },
        "bot_id": "BG1Q8MM6H",
        "attachments": [
            {
                "title": "@guyinblackhat is Tweet",
                "title_link": "https:\/\/twitter.com\/guyinblackhat",
                "text": "Game #2 is The Intrepid Seven with @RuffleJax, which we wrote as an entry to Fastaval 2016 as an explicitly positive game about polyamory. Seven space colonists are married to each other &amp;amp; terraform the planet with their unions.\n\n9\/25\n#RPGTheory (via Twitter <http:\/\/twitter.com\/guyinblackhat\/status\/1123135774617219073>)",
                "fallback": "Game #2 is The Intrepid Seven with @RuffleJax, which we wrote as an entry to Fastaval 2016 as an explicitly positive game about polyamory. Seven space colonists are married to each other &amp;amp; terraform the planet with their unions.\n\n9\/25\n#RPGTheory (via Twitter <http:\/\/twitter.com\/guyinblackhat\/status\/1123135774617219073>)",
                "mrkdwn_in": [
                    "text",
                    "pretext"
                ]
            }
        ]
    },
    {
        "type": "message",
        "subtype": "bot_message",
        "text": "",
        "ts": "1556612833.088700",
        "username": "IFTTT",
        "icons": {
            "image_36": "https:\/\/a.slack-edge.com\/8f51\/img\/services\/ifttt_36.png",
            "image_48": "https:\/\/a.slack-edge.com\/8f51\/img\/services\/ifttt_48.png",
            "image_72": "https:\/\/a.slack-edge.com\/8f51\/img\/services\/ifttt_72.png"
        },
        "bot_id": "BG1Q8MM6H",
        "attachments": [
            {
                "title": "@Mars2662026 is Tweet",
                "title_link": "https:\/\/twitter.com\/Mars2662026",
                "text": "@elonmusk You mean early steps towards making habitable population, by setting-up 2nd generation Martian settlements on planet Mars designed to terraform and build sleeper cruisers to build more habitable zones on Jupiter's moons and material mining. Another step towards deep Solar System. (via Twitter <http:\/\/twitter.com\/Mars2662026\/status\/1123141073700839424>)",
                "fallback": "@elonmusk You mean early steps towards making habitable population, by setting-up 2nd generation Martian settlements on planet Mars designed to terraform and build sleeper cruisers to build more habitable zones on Jupiter's moons and material mining. Another step towards deep Solar System. (via Twitter <http:\/\/twitter.com\/Mars2662026\/status\/1123141073700839424>)",
                "mrkdwn_in": [
                    "text",
                    "pretext"
                ]
            }
        ]
    },
    {
        "type": "message",
        "subtype": "bot_message",
        "text": "",
        "ts": "1556613753.088800",
        "username": "IFTTT",
        "icons": {
            "image_36": "https:\/\/a.slack-edge.com\/8f51\/img\/services\/ifttt_36.png",
            "image_48": "https:\/\/a.slack-edge.com\/8f51\/img\/services\/ifttt_48.png",
            "image_72": "https:\/\/a.slack-edge.com\/8f51\/img\/services\/ifttt_72.png"
        },
        "bot_id": "BG1Q8MM6H",
        "attachments": [
            {
                "title": "@Vlad_P53 is Tweet",
                "title_link": "https:\/\/twitter.com\/Vlad_P53",
                "text": "Dear @hashicorp\n#Terraform and @IntelliJIDEA users, check out latest plugin update <https:\/\/t.co\/ikGWiYOnN5> :wink:\nNow there's no need to update plugin once Terraform or one of providers (e.g. AWS :face_with_rolling_eyes:) updates :fireworks:\nTF 0.12 \/ HCL2 is not there though, stay tuned for updates. (via Twitter <http:\/\/twitter.com\/Vlad_P53\/status\/1123143170886389760>)",
                "fallback": "Dear @hashicorp\n#Terraform and @IntelliJIDEA users, check out latest plugin update <https:\/\/t.co\/ikGWiYOnN5> :wink:\nNow there's no need to update plugin once Terraform or one of providers (e.g. AWS :face_with_rolling_eyes:) updates :fireworks:\nTF 0.12 \/ HCL2 is not there though, stay tuned for updates. (via Twitter <http:\/\/twitter.com\/Vlad_P53\/status\/1123143170886389760>)",
                "mrkdwn_in": [
                    "text",
                    "pretext"
                ]
            }
        ]
    },
    {
        "type": "message",
        "subtype": "bot_message",
        "text": "",
        "ts": "1556613754.088900",
        "username": "IFTTT",
        "icons": {
            "image_36": "https:\/\/a.slack-edge.com\/8f51\/img\/services\/ifttt_36.png",
            "image_48": "https:\/\/a.slack-edge.com\/8f51\/img\/services\/ifttt_48.png",
            "image_72": "https:\/\/a.slack-edge.com\/8f51\/img\/services\/ifttt_72.png"
        },
        "bot_id": "BG1Q8MM6H",
        "attachments": [
            {
                "title": "@Vlad_P53 is Tweet",
                "title_link": "https:\/\/twitter.com\/Vlad_P53",
                "text": "@HashiCorp @intellijidea As part of latest update I've moved 'Terraform Metadata' used in plugin alongside scripts for updates out of plugin repo into separate one: <https:\/\/t.co\/QOAWaW2Sh2> which could be cloned and pulled from time to time. Instructions here: <https:\/\/t.co\/5Dehwtootc> (via Twitter <http:\/\/twitter.com\/Vlad_P53\/status\/1123143928277086208>)",
                "fallback": "@HashiCorp @intellijidea As part of latest update I've moved 'Terraform Metadata' used in plugin alongside scripts for updates out of plugin repo into separate one: <https:\/\/t.co\/QOAWaW2Sh2> which could be cloned and pulled from time to time. Instructions here: <https:\/\/t.co\/5Dehwtootc> (via Twitter <http:\/\/twitter.com\/Vlad_P53\/status\/1123143928277086208>)",
                "mrkdwn_in": [
                    "text",
                    "pretext"
                ]
            }
        ]
    },
    {
        "type": "message",
        "subtype": "bot_message",
        "text": "",
        "ts": "1556613754.089000",
        "username": "IFTTT",
        "icons": {
            "image_36": "https:\/\/a.slack-edge.com\/8f51\/img\/services\/ifttt_36.png",
            "image_48": "https:\/\/a.slack-edge.com\/8f51\/img\/services\/ifttt_48.png",
            "image_72": "https:\/\/a.slack-edge.com\/8f51\/img\/services\/ifttt_72.png"
        },
        "bot_id": "BG1Q8MM6H",
        "attachments": [
            {
                "title": "@rxpaki is Tweet",
                "title_link": "https:\/\/twitter.com\/rxpaki",
                "text": "何気にterraformでAWSリソースを作成するのは初めてかもしれない。と、調べながら思っていた (via Twitter <http:\/\/twitter.com\/rxpaki\/status\/1123144220858937346>)",
                "fallback": "何気にterraformでAWSリソースを作成するのは初めてかもしれない。と、調べながら思っていた (via Twitter <http:\/\/twitter.com\/rxpaki\/status\/1123144220858937346>)",
                "mrkdwn_in": [
                    "text",
                    "pretext"
                ]
            }
        ]
    },
    {
        "type": "message",
        "subtype": "bot_message",
        "text": "",
        "ts": "1556613754.089100",
        "username": "IFTTT",
        "icons": {
            "image_36": "https:\/\/a.slack-edge.com\/8f51\/img\/services\/ifttt_36.png",
            "image_48": "https:\/\/a.slack-edge.com\/8f51\/img\/services\/ifttt_48.png",
            "image_72": "https:\/\/a.slack-edge.com\/8f51\/img\/services\/ifttt_72.png"
        },
        "bot_id": "BG1Q8MM6H",
        "attachments": [
            {
                "title": "@erasurecode is Tweet",
                "title_link": "https:\/\/twitter.com\/erasurecode",
                "text": "@joehudsonsmall I'd much rather prefer a community lead tool that integrates with many shops, docker-machine or terraform style, over a centralized market.\n\nNobody's built one yet. (via Twitter <http:\/\/twitter.com\/erasurecode\/status\/1123144789350699008>)",
                "fallback": "@joehudsonsmall I'd much rather prefer a community lead tool that integrates with many shops, docker-machine or terraform style, over a centralized market.\n\nNobody's built one yet. (via Twitter <http:\/\/twitter.com\/erasurecode\/status\/1123144789350699008>)",
                "mrkdwn_in": [
                    "text",
                    "pretext"
                ]
            }
        ]
    },
    {
        "type": "message",
        "subtype": "bot_message",
        "text": "",
        "ts": "1556614043.089200",
        "username": "IFTTT",
        "icons": {
            "image_36": "https:\/\/a.slack-edge.com\/8f51\/img\/services\/ifttt_36.png",
            "image_48": "https:\/\/a.slack-edge.com\/8f51\/img\/services\/ifttt_48.png",
            "image_72": "https:\/\/a.slack-edge.com\/8f51\/img\/services\/ifttt_72.png"
        },
        "bot_id": "BG1Q8MM6H",
        "attachments": [
            {
                "title": "@ESchmiegelow is Tweet",
                "title_link": "https:\/\/twitter.com\/ESchmiegelow",
                "text": "@bitfield The difference between Ops and DevOps is probably that in DevOps, all of that happens wrapped in terraform scripts (via Twitter <http:\/\/twitter.com\/ESchmiegelow\/status\/1123145788056592384>)",
                "fallback": "@bitfield The difference between Ops and DevOps is probably that in DevOps, all of that happens wrapped in terraform scripts (via Twitter <http:\/\/twitter.com\/ESchmiegelow\/status\/1123145788056592384>)",
                "mrkdwn_in": [
                    "text",
                    "pretext"
                ]
            }
        ]
    },
    {
        "type": "message",
        "subtype": "bot_message",
        "text": "",
        "ts": "1556614043.089300",
        "username": "IFTTT",
        "icons": {
            "image_36": "https:\/\/a.slack-edge.com\/8f51\/img\/services\/ifttt_36.png",
            "image_48": "https:\/\/a.slack-edge.com\/8f51\/img\/services\/ifttt_48.png",
            "image_72": "https:\/\/a.slack-edge.com\/8f51\/img\/services\/ifttt_72.png"
        },
        "bot_id": "BG1Q8MM6H",
        "attachments": [
            {
                "title": "@svekeman is Tweet",
                "title_link": "https:\/\/twitter.com\/svekeman",
                "text": "At GIG we make DevOps leading-edge. The growth and complexity of cloud infrastructure and distributed networks makes Terraform extremely appealing for our Edge Cloud users. Happy so share our \"How-to\" article for the automated deployment of virtual datace…<https:\/\/t.co\/u7dLvh7EfU> (via Twitter <http:\/\/twitter.com\/svekeman\/status\/1123146172833484801>)",
                "fallback": "At GIG we make DevOps leading-edge. The growth and complexity of cloud infrastructure and distributed networks makes Terraform extremely appealing for our Edge Cloud users. Happy so share our \"How-to\" article for the automated deployment of virtual datace…<https:\/\/t.co\/u7dLvh7EfU> (via Twitter <http:\/\/twitter.com\/svekeman\/status\/1123146172833484801>)",
                "mrkdwn_in": [
                    "text",
                    "pretext"
                ]
            }
        ]
    },
    {
        "type": "message",
        "subtype": "bot_message",
        "text": "",
        "ts": "1556614044.089400",
        "username": "IFTTT",
        "icons": {
            "image_36": "https:\/\/a.slack-edge.com\/8f51\/img\/services\/ifttt_36.png",
            "image_48": "https:\/\/a.slack-edge.com\/8f51\/img\/services\/ifttt_48.png",
            "image_72": "https:\/\/a.slack-edge.com\/8f51\/img\/services\/ifttt_72.png"
        },
        "bot_id": "BG1Q8MM6H",
        "attachments": [
            {
                "title": "@bitfield is Tweet",
                "title_link": "https:\/\/twitter.com\/bitfield",
                "text": "@ESchmiegelow And someone misconfigured their CI environment so that Terraform overwrote production instead of staging. With great automation comes great fuckupability. (via Twitter <http:\/\/twitter.com\/bitfield\/status\/1123146560727080960>)",
                "fallback": "@ESchmiegelow And someone misconfigured their CI environment so that Terraform overwrote production instead of staging. With great automation comes great fuckupability. (via Twitter <http:\/\/twitter.com\/bitfield\/status\/1123146560727080960>)",
                "mrkdwn_in": [
                    "text",
                    "pretext"
                ]
            }
        ]
    },
    {
        "type": "message",
        "subtype": "bot_message",
        "text": "",
        "ts": "1556614939.089500",
        "username": "IFTTT",
        "icons": {
            "image_36": "https:\/\/a.slack-edge.com\/8f51\/img\/services\/ifttt_36.png",
            "image_48": "https:\/\/a.slack-edge.com\/8f51\/img\/services\/ifttt_48.png",
            "image_72": "https:\/\/a.slack-edge.com\/8f51\/img\/services\/ifttt_72.png"
        },
        "bot_id": "BG1Q8MM6H",
        "attachments": [
            {
                "title": "@GIG_Technology is Tweet",
                "title_link": "https:\/\/twitter.com\/GIG_Technology",
                "text": "Terraform enables you to safely and predictably create, change, and improve infrastructure, now also available at GIG Technology. Read our latest How-to to get started.\n\n#IaC #terraform #deployment_automation #gigtech\n<https:\/\/t.co\/dheGAKxlvp> (via Twitter <http:\/\/twitter.com\/GIG_Technology\/status\/1123149549332238341>)",
                "fallback": "Terraform enables you to safely and predictably create, change, and improve infrastructure, now also available at GIG Technology. Read our latest How-to to get started.\n\n#IaC #terraform #deployment_automation #gigtech\n<https:\/\/t.co\/dheGAKxlvp> (via Twitter <http:\/\/twitter.com\/GIG_Technology\/status\/1123149549332238341>)",
                "mrkdwn_in": [
                    "text",
                    "pretext"
                ]
            }
        ]
    },
    {
        "type": "message",
        "subtype": "bot_message",
        "text": "",
        "ts": "1556615232.089600",
        "username": "IFTTT",
        "icons": {
            "image_36": "https:\/\/a.slack-edge.com\/8f51\/img\/services\/ifttt_36.png",
            "image_48": "https:\/\/a.slack-edge.com\/8f51\/img\/services\/ifttt_48.png",
            "image_72": "https:\/\/a.slack-edge.com\/8f51\/img\/services\/ifttt_72.png"
        },
        "bot_id": "BG1Q8MM6H",
        "attachments": [
            {
                "title": "@bigmuramura is Tweet",
                "title_link": "https:\/\/twitter.com\/bigmuramura",
                "text": "GW中にdocker, Ansible, Terraform, Go, ネスペを程々に勉強したかったのに、触れたことのないTerraformに手を付けたら少しかじった程度で休みが終わりそう。 (via Twitter <http:\/\/twitter.com\/bigmuramura\/status\/1123151617027526657>)",
                "fallback": "GW中にdocker, Ansible, Terraform, Go, ネスペを程々に勉強したかったのに、触れたことのないTerraformに手を付けたら少しかじった程度で休みが終わりそう。 (via Twitter <http:\/\/twitter.com\/bigmuramura\/status\/1123151617027526657>)",
                "mrkdwn_in": [
                    "text",
                    "pretext"
                ]
            }
        ]
    },
    {
        "type": "message",
        "subtype": "bot_message",
        "text": "",
        "ts": "1556615838.089700",
        "username": "IFTTT",
        "icons": {
            "image_36": "https:\/\/a.slack-edge.com\/8f51\/img\/services\/ifttt_36.png",
            "image_48": "https:\/\/a.slack-edge.com\/8f51\/img\/services\/ifttt_48.png",
            "image_72": "https:\/\/a.slack-edge.com\/8f51\/img\/services\/ifttt_72.png"
        },
        "bot_id": "BG1Q8MM6H",
        "attachments": [
            {
                "title": "@interto is Tweet",
                "title_link": "https:\/\/twitter.com\/interto",
                "text": "既存のAWS環境を後からTerraformでコード化する｜クラスメソッドブログ <https:\/\/t.co\/Vi6Mir5Uf3> (via Twitter <http:\/\/twitter.com\/interto\/status\/1123153099357474819>)",
                "fallback": "既存のAWS環境を後からTerraformでコード化する｜クラスメソッドブログ <https:\/\/t.co\/Vi6Mir5Uf3> (via Twitter <http:\/\/twitter.com\/interto\/status\/1123153099357474819>)",
                "mrkdwn_in": [
                    "text",
                    "pretext"
                ]
            }
        ]
    },
    {
        "type": "message",
        "subtype": "bot_message",
        "text": "",
        "ts": "1556616450.089800",
        "username": "IFTTT",
        "icons": {
            "image_36": "https:\/\/a.slack-edge.com\/8f51\/img\/services\/ifttt_36.png",
            "image_48": "https:\/\/a.slack-edge.com\/8f51\/img\/services\/ifttt_48.png",
            "image_72": "https:\/\/a.slack-edge.com\/8f51\/img\/services\/ifttt_72.png"
        },
        "bot_id": "BG1Q8MM6H",
        "attachments": [
            {
                "title": "@artfulseoul is Tweet",
                "title_link": "https:\/\/twitter.com\/artfulseoul",
                "text": "The world isn’t cruel, society is.\nUsing money as force to divide, dictate, select and sort out.\nThe human limited on income instead of their own inner value for a truly worthy society.\nEven worse that this species is as arrogant to dominate, terraform and abuse the world itself. (via Twitter <http:\/\/twitter.com\/artfulseoul\/status\/1123154951042150401>)",
                "fallback": "The world isn’t cruel, society is.\nUsing money as force to divide, dictate, select and sort out.\nThe human limited on income instead of their own inner value for a truly worthy society.\nEven worse that this species is as arrogant to dominate, terraform and abuse the world itself. (via Twitter <http:\/\/twitter.com\/artfulseoul\/status\/1123154951042150401>)",
                "mrkdwn_in": [
                    "text",
                    "pretext"
                ]
            }
        ]
    },
    {
        "type": "message",
        "subtype": "bot_message",
        "text": "",
        "ts": "1556616450.089900",
        "username": "IFTTT",
        "icons": {
            "image_36": "https:\/\/a.slack-edge.com\/8f51\/img\/services\/ifttt_36.png",
            "image_48": "https:\/\/a.slack-edge.com\/8f51\/img\/services\/ifttt_48.png",
            "image_72": "https:\/\/a.slack-edge.com\/8f51\/img\/services\/ifttt_72.png"
        },
        "bot_id": "BG1Q8MM6H",
        "attachments": [
            {
                "title": "@DanOps_TR is Tweet",
                "title_link": "https:\/\/twitter.com\/DanOps_TR",
                "text": "Experience with - #AWS\/#GCP, #Hashicorp suite including #Terraform for IaC, #Packer to manage the AWS AMI updates, #Jenkins CI\/CD (pipeline as code), #Prometheus, #ELK stack, #Scripting (any)\nExposure\/experience with; #Serverless, #Kubernetes, #Fargate \nNeeded in #London (via Twitter <http:\/\/twitter.com\/DanOps_TR\/status\/1123154977059422208>)",
                "fallback": "Experience with - #AWS\/#GCP, #Hashicorp suite including #Terraform for IaC, #Packer to manage the AWS AMI updates, #Jenkins CI\/CD (pipeline as code), #Prometheus, #ELK stack, #Scripting (any)\nExposure\/experience with; #Serverless, #Kubernetes, #Fargate \nNeeded in #London (via Twitter <http:\/\/twitter.com\/DanOps_TR\/status\/1123154977059422208>)",
                "mrkdwn_in": [
                    "text",
                    "pretext"
                ]
            }
        ]
    },
    {
        "type": "message",
        "subtype": "bot_message",
        "text": "",
        "ts": "1556616450.090000",
        "username": "IFTTT",
        "icons": {
            "image_36": "https:\/\/a.slack-edge.com\/8f51\/img\/services\/ifttt_36.png",
            "image_48": "https:\/\/a.slack-edge.com\/8f51\/img\/services\/ifttt_48.png",
            "image_72": "https:\/\/a.slack-edge.com\/8f51\/img\/services\/ifttt_72.png"
        },
        "bot_id": "BG1Q8MM6H",
        "attachments": [
            {
                "title": "@Andre76047906 is Tweet",
                "title_link": "https:\/\/twitter.com\/Andre76047906",
                "text": "@SPACEdotcom No, aliens dragged it into orbit to terraform earth. (via Twitter <http:\/\/twitter.com\/Andre76047906\/status\/1123156107378216960>)",
                "fallback": "@SPACEdotcom No, aliens dragged it into orbit to terraform earth. (via Twitter <http:\/\/twitter.com\/Andre76047906\/status\/1123156107378216960>)",
                "mrkdwn_in": [
                    "text",
                    "pretext"
                ]
            }
        ]
    },
    {
        "type": "message",
        "subtype": "bot_message",
        "text": "",
        "ts": "1556616450.090100",
        "username": "IFTTT",
        "icons": {
            "image_36": "https:\/\/a.slack-edge.com\/8f51\/img\/services\/ifttt_36.png",
            "image_48": "https:\/\/a.slack-edge.com\/8f51\/img\/services\/ifttt_48.png",
            "image_72": "https:\/\/a.slack-edge.com\/8f51\/img\/services\/ifttt_72.png"
        },
        "bot_id": "BG1Q8MM6H",
        "attachments": [
            {
                "title": "@nunofcosta is Tweet",
                "title_link": "https:\/\/twitter.com\/nunofcosta",
                "text": "My first Take on Terraform – Part 02 <https:\/\/t.co\/Fe1XIb8sJu> <https:\/\/t.co\/xx6IU7qZiR> (via Twitter <http:\/\/twitter.com\/nunofcosta\/status\/1123156147555446785>)",
                "fallback": "My first Take on Terraform – Part 02 <https:\/\/t.co\/Fe1XIb8sJu> <https:\/\/t.co\/xx6IU7qZiR> (via Twitter <http:\/\/twitter.com\/nunofcosta\/status\/1123156147555446785>)",
                "mrkdwn_in": [
                    "text",
                    "pretext"
                ]
            }
        ]
    },
    {
        "type": "message",
        "subtype": "bot_message",
        "text": "",
        "ts": "1556618591.090200",
        "username": "IFTTT",
        "icons": {
            "image_36": "https:\/\/a.slack-edge.com\/8f51\/img\/services\/ifttt_36.png",
            "image_48": "https:\/\/a.slack-edge.com\/8f51\/img\/services\/ifttt_48.png",
            "image_72": "https:\/\/a.slack-edge.com\/8f51\/img\/services\/ifttt_72.png"
        },
        "bot_id": "BG1Q8MM6H",
        "attachments": [
            {
                "title": "@tagmaru_me is Tweet",
                "title_link": "https:\/\/twitter.com\/tagmaru_me",
                "text": "今日のトレンド記事にゃん\nProject Release: Docker + AWS + Selenium + Terraform. Get it up and running.\n<https:\/\/t.co\/g8Ed2uhABb> (via Twitter <http:\/\/twitter.com\/tagmaru_me\/status\/1123165111214956545>)",
                "fallback": "今日のトレンド記事にゃん\nProject Release: Docker + AWS + Selenium + Terraform. Get it up and running.\n<https:\/\/t.co\/g8Ed2uhABb> (via Twitter <http:\/\/twitter.com\/tagmaru_me\/status\/1123165111214956545>)",
                "mrkdwn_in": [
                    "text",
                    "pretext"
                ]
            }
        ]
    },
    {
        "type": "message",
        "subtype": "bot_message",
        "text": "",
        "ts": "1556618591.090300",
        "username": "IFTTT",
        "icons": {
            "image_36": "https:\/\/a.slack-edge.com\/8f51\/img\/services\/ifttt_36.png",
            "image_48": "https:\/\/a.slack-edge.com\/8f51\/img\/services\/ifttt_48.png",
            "image_72": "https:\/\/a.slack-edge.com\/8f51\/img\/services\/ifttt_72.png"
        },
        "bot_id": "BG1Q8MM6H",
        "attachments": [
            {
                "title": "@marenkay is Tweet",
                "title_link": "https:\/\/twitter.com\/marenkay",
                "text": "@DigitalOcean is it possible or planned to allow using a block storage volume in a K8s PVC? This would greatly simplify Terraform\/automated deployments. (via Twitter <http:\/\/twitter.com\/marenkay\/status\/1123165743351201792>)",
                "fallback": "@DigitalOcean is it possible or planned to allow using a block storage volume in a K8s PVC? This would greatly simplify Terraform\/automated deployments. (via Twitter <http:\/\/twitter.com\/marenkay\/status\/1123165743351201792>)",
                "mrkdwn_in": [
                    "text",
                    "pretext"
                ]
            }
        ]
    },
    {
        "type": "message",
        "subtype": "bot_message",
        "text": "",
        "ts": "1556618976.090400",
        "username": "IFTTT",
        "icons": {
            "image_36": "https:\/\/a.slack-edge.com\/8f51\/img\/services\/ifttt_36.png",
            "image_48": "https:\/\/a.slack-edge.com\/8f51\/img\/services\/ifttt_48.png",
            "image_72": "https:\/\/a.slack-edge.com\/8f51\/img\/services\/ifttt_72.png"
        },
        "bot_id": "BG1Q8MM6H",
        "attachments": [
            {
                "title": "@codehex is Tweet",
                "title_link": "https:\/\/twitter.com\/codehex",
                "text": "@yagi5_ みんなが待ち望んだ某 terraform のあれを解決するやつじゃないですか！ (via Twitter <http:\/\/twitter.com\/codehex\/status\/1123166988828696577>)",
                "fallback": "@yagi5_ みんなが待ち望んだ某 terraform のあれを解決するやつじゃないですか！ (via Twitter <http:\/\/twitter.com\/codehex\/status\/1123166988828696577>)",
                "mrkdwn_in": [
                    "text",
                    "pretext"
                ]
            }
        ]
    },
    {
        "type": "message",
        "subtype": "bot_message",
        "text": "",
        "ts": "1556620039.090500",
        "username": "IFTTT",
        "icons": {
            "image_36": "https:\/\/a.slack-edge.com\/8f51\/img\/services\/ifttt_36.png",
            "image_48": "https:\/\/a.slack-edge.com\/8f51\/img\/services\/ifttt_48.png",
            "image_72": "https:\/\/a.slack-edge.com\/8f51\/img\/services\/ifttt_72.png"
        },
        "bot_id": "BG1Q8MM6H",
        "attachments": [
            {
                "title": "@SarcasmLiving is Tweet",
                "title_link": "https:\/\/twitter.com\/SarcasmLiving",
                "text": "I asked a Chinese bloke what he thought the greatest invention in history was.\n\"Terraforming,\" he said.\n\"Don't be silly,\" I replied. \"That's science fiction, we can't do that.\"\n\"No,no,\" he said. \"I like to terraform my Glandma on a Thursday using my mobile terraform.\" (via Twitter <http:\/\/twitter.com\/SarcasmLiving\/status\/1123171640165056512>)",
                "fallback": "I asked a Chinese bloke what he thought the greatest invention in history was.\n\"Terraforming,\" he said.\n\"Don't be silly,\" I replied. \"That's science fiction, we can't do that.\"\n\"No,no,\" he said. \"I like to terraform my Glandma on a Thursday using my mobile terraform.\" (via Twitter <http:\/\/twitter.com\/SarcasmLiving\/status\/1123171640165056512>)",
                "mrkdwn_in": [
                    "text",
                    "pretext"
                ]
            }
        ]
    },
    {
        "type": "message",
        "subtype": "bot_message",
        "text": "",
        "ts": "1556620341.090600",
        "username": "IFTTT",
        "icons": {
            "image_36": "https:\/\/a.slack-edge.com\/8f51\/img\/services\/ifttt_36.png",
            "image_48": "https:\/\/a.slack-edge.com\/8f51\/img\/services\/ifttt_48.png",
            "image_72": "https:\/\/a.slack-edge.com\/8f51\/img\/services\/ifttt_72.png"
        },
        "bot_id": "BG1Q8MM6H",
        "attachments": [
            {
                "title": "@hug_sp is Tweet",
                "title_link": "https:\/\/twitter.com\/hug_sp",
                "text": "O segundo meetup do HUGSP rolou na semana passada e foi um sucesso! O pessoal da @HashiCorp apresentou o Vault e a versão enterprise do Terraform.\n\nConfira algumas fotos e se inscreva na nossa página para participar do próximo evento!\n\n<https:\/\/t.co\/UoEVWgW0YY> <https:\/\/t.co\/07YeWWQpgN> (via Twitter <http:\/\/twitter.com\/hug_sp\/status\/1123172952445476865>)",
                "fallback": "O segundo meetup do HUGSP rolou na semana passada e foi um sucesso! O pessoal da @HashiCorp apresentou o Vault e a versão enterprise do Terraform.\n\nConfira algumas fotos e se inscreva na nossa página para participar do próximo evento!\n\n<https:\/\/t.co\/UoEVWgW0YY> <https:\/\/t.co\/07YeWWQpgN> (via Twitter <http:\/\/twitter.com\/hug_sp\/status\/1123172952445476865>)",
                "mrkdwn_in": [
                    "text",
                    "pretext"
                ]
            }
        ]
    },
    {
        "type": "message",
        "subtype": "bot_message",
        "text": "",
        "ts": "1556620636.090700",
        "username": "IFTTT",
        "icons": {
            "image_36": "https:\/\/a.slack-edge.com\/8f51\/img\/services\/ifttt_36.png",
            "image_48": "https:\/\/a.slack-edge.com\/8f51\/img\/services\/ifttt_48.png",
            "image_72": "https:\/\/a.slack-edge.com\/8f51\/img\/services\/ifttt_72.png"
        },
        "bot_id": "BG1Q8MM6H",
        "attachments": [
            {
                "title": "@marenkay is Tweet",
                "title_link": "https:\/\/twitter.com\/marenkay",
                "text": "#Terraform NULL provider is already beyond version 2.    Insanely hilarious imho (via Twitter <http:\/\/twitter.com\/marenkay\/status\/1123173698322800641>)",
                "fallback": "#Terraform NULL provider is already beyond version 2.    Insanely hilarious imho (via Twitter <http:\/\/twitter.com\/marenkay\/status\/1123173698322800641>)",
                "mrkdwn_in": [
                    "text",
                    "pretext"
                ]
            }
        ]
    },
    {
        "type": "message",
        "subtype": "bot_message",
        "text": "",
        "ts": "1556620636.090800",
        "username": "IFTTT",
        "icons": {
            "image_36": "https:\/\/a.slack-edge.com\/8f51\/img\/services\/ifttt_36.png",
            "image_48": "https:\/\/a.slack-edge.com\/8f51\/img\/services\/ifttt_48.png",
            "image_72": "https:\/\/a.slack-edge.com\/8f51\/img\/services\/ifttt_72.png"
        },
        "bot_id": "BG1Q8MM6H",
        "attachments": [
            {
                "title": "@joker1007 is Tweet",
                "title_link": "https:\/\/twitter.com\/joker1007",
                "text": "terraformのaws_instanceがlaunch_templateに対応してないの非常にダルい。 (via Twitter <http:\/\/twitter.com\/joker1007\/status\/1123174012413140993>)",
                "fallback": "terraformのaws_instanceがlaunch_templateに対応してないの非常にダルい。 (via Twitter <http:\/\/twitter.com\/joker1007\/status\/1123174012413140993>)",
                "mrkdwn_in": [
                    "text",
                    "pretext"
                ]
            }
        ]
    },
    {
        "type": "message",
        "subtype": "bot_message",
        "text": "",
        "ts": "1556620637.090900",
        "username": "IFTTT",
        "icons": {
            "image_36": "https:\/\/a.slack-edge.com\/8f51\/img\/services\/ifttt_36.png",
            "image_48": "https:\/\/a.slack-edge.com\/8f51\/img\/services\/ifttt_48.png",
            "image_72": "https:\/\/a.slack-edge.com\/8f51\/img\/services\/ifttt_72.png"
        },
        "bot_id": "BG1Q8MM6H",
        "attachments": [
            {
                "title": "@Efourn is Tweet",
                "title_link": "https:\/\/twitter.com\/Efourn",
                "text": "This kind of article bring “hope” to someone like me, not very keen on scripting, and bad at API stuff - Thank you @anthonyspiteri <https:\/\/t.co\/Mtq1NegF55> (via Twitter <http:\/\/twitter.com\/Efourn\/status\/1123174222220734465>)",
                "fallback": "This kind of article bring “hope” to someone like me, not very keen on scripting, and bad at API stuff - Thank you @anthonyspiteri <https:\/\/t.co\/Mtq1NegF55> (via Twitter <http:\/\/twitter.com\/Efourn\/status\/1123174222220734465>)",
                "mrkdwn_in": [
                    "text",
                    "pretext"
                ]
            }
        ]
    },
    {
        "type": "message",
        "subtype": "bot_message",
        "text": "",
        "ts": "1556621840.091000",
        "username": "IFTTT",
        "icons": {
            "image_36": "https:\/\/a.slack-edge.com\/8f51\/img\/services\/ifttt_36.png",
            "image_48": "https:\/\/a.slack-edge.com\/8f51\/img\/services\/ifttt_48.png",
            "image_72": "https:\/\/a.slack-edge.com\/8f51\/img\/services\/ifttt_72.png"
        },
        "bot_id": "BG1Q8MM6H",
        "attachments": [
            {
                "title": "@Neuralsandwich is Tweet",
                "title_link": "https:\/\/twitter.com\/Neuralsandwich",
                "text": "Me: Oh the will be quick, I'll just write some terraform.\nLater Me: Let me just tweak this IAM policy, oh I need a few subnets and an endpoint. Wait what was this role for? The service needs one as well? <https:\/\/t.co\/6lL5TCKSwq> (via Twitter <http:\/\/twitter.com\/Neuralsandwich\/status\/1123179208228970496>)",
                "fallback": "Me: Oh the will be quick, I'll just write some terraform.\nLater Me: Let me just tweak this IAM policy, oh I need a few subnets and an endpoint. Wait what was this role for? The service needs one as well? <https:\/\/t.co\/6lL5TCKSwq> (via Twitter <http:\/\/twitter.com\/Neuralsandwich\/status\/1123179208228970496>)",
                "mrkdwn_in": [
                    "text",
                    "pretext"
                ]
            }
        ]
    },
    {
        "type": "message",
        "subtype": "bot_message",
        "text": "",
        "ts": "1556622750.091100",
        "username": "IFTTT",
        "icons": {
            "image_36": "https:\/\/a.slack-edge.com\/8f51\/img\/services\/ifttt_36.png",
            "image_48": "https:\/\/a.slack-edge.com\/8f51\/img\/services\/ifttt_48.png",
            "image_72": "https:\/\/a.slack-edge.com\/8f51\/img\/services\/ifttt_72.png"
        },
        "bot_id": "BG1Q8MM6H",
        "attachments": [
            {
                "title": "@loves_cloud is Tweet",
                "title_link": "https:\/\/twitter.com\/loves_cloud",
                "text": "FOSS #DevOps  Toolchain, works beautifully on cloud and on-prem for most use cases for small and medium businesses.\n#Jenkins #Docker #Kubernetes #Ansible #Graylog #Terraform\nConnect with us at biz@loves.cloud to know more <https:\/\/t.co\/qhXKEJXJxV> (via Twitter <http:\/\/twitter.com\/loves_cloud\/status\/1123182255973601280>)",
                "fallback": "FOSS #DevOps  Toolchain, works beautifully on cloud and on-prem for most use cases for small and medium businesses.\n#Jenkins #Docker #Kubernetes #Ansible #Graylog #Terraform\nConnect with us at biz@loves.cloud to know more <https:\/\/t.co\/qhXKEJXJxV> (via Twitter <http:\/\/twitter.com\/loves_cloud\/status\/1123182255973601280>)",
                "mrkdwn_in": [
                    "text",
                    "pretext"
                ]
            }
        ]
    },
    {
        "type": "message",
        "subtype": "bot_message",
        "text": "",
        "ts": "1556622750.091200",
        "username": "IFTTT",
        "icons": {
            "image_36": "https:\/\/a.slack-edge.com\/8f51\/img\/services\/ifttt_36.png",
            "image_48": "https:\/\/a.slack-edge.com\/8f51\/img\/services\/ifttt_48.png",
            "image_72": "https:\/\/a.slack-edge.com\/8f51\/img\/services\/ifttt_72.png"
        },
        "bot_id": "BG1Q8MM6H",
        "attachments": [
            {
                "title": "@ghofweber is Tweet",
                "title_link": "https:\/\/twitter.com\/ghofweber",
                "text": "Getting ready to run SOA on Oracle Cloud Infrastructure with Terraform | Oracle Integration Blog <https:\/\/t.co\/p9uBLtONox> (via Twitter <http:\/\/twitter.com\/ghofweber\/status\/1123183152778731520>)",
                "fallback": "Getting ready to run SOA on Oracle Cloud Infrastructure with Terraform | Oracle Integration Blog <https:\/\/t.co\/p9uBLtONox> (via Twitter <http:\/\/twitter.com\/ghofweber\/status\/1123183152778731520>)",
                "mrkdwn_in": [
                    "text",
                    "pretext"
                ]
            }
        ]
    },
    {
        "type": "message",
        "subtype": "bot_message",
        "text": "",
        "ts": "1556624245.091300",
        "username": "IFTTT",
        "icons": {
            "image_36": "https:\/\/a.slack-edge.com\/8f51\/img\/services\/ifttt_36.png",
            "image_48": "https:\/\/a.slack-edge.com\/8f51\/img\/services\/ifttt_48.png",
            "image_72": "https:\/\/a.slack-edge.com\/8f51\/img\/services\/ifttt_72.png"
        },
        "bot_id": "BG1Q8MM6H",
        "attachments": [
            {
                "title": "@tmknom is Tweet",
                "title_link": "https:\/\/twitter.com\/tmknom",
                "text": "『Pragmatic Terraform on AWS』についてブログ書いてくれてる人いた！圧倒的感謝！！ #技術書典 #terraform\n<https:\/\/t.co\/b7vH7augGr> (via Twitter <http:\/\/twitter.com\/tmknom\/status\/1123188523467563009>)",
                "fallback": "『Pragmatic Terraform on AWS』についてブログ書いてくれてる人いた！圧倒的感謝！！ #技術書典 #terraform\n<https:\/\/t.co\/b7vH7augGr> (via Twitter <http:\/\/twitter.com\/tmknom\/status\/1123188523467563009>)",
                "mrkdwn_in": [
                    "text",
                    "pretext"
                ]
            }
        ]
    },
    {
        "type": "message",
        "subtype": "bot_message",
        "text": "",
        "ts": "1556624523.091400",
        "username": "IFTTT",
        "icons": {
            "image_36": "https:\/\/a.slack-edge.com\/8f51\/img\/services\/ifttt_36.png",
            "image_48": "https:\/\/a.slack-edge.com\/8f51\/img\/services\/ifttt_48.png",
            "image_72": "https:\/\/a.slack-edge.com\/8f51\/img\/services\/ifttt_72.png"
        },
        "bot_id": "BG1Q8MM6H",
        "attachments": [
            {
                "title": "@nickbering is Tweet",
                "title_link": "https:\/\/twitter.com\/nickbering",
                "text": "Wow. That’s ridiculous...\n\nSomeone just reached out to me, that an individual on linked-in has plagiarized my work on the Terraform Provider for Ansible and is passing it off as their own.\n\nI don’t ask anything for the software, but taking credit for it is not ok. (via Twitter <http:\/\/twitter.com\/nickbering\/status\/1123189760879673344>)",
                "fallback": "Wow. That’s ridiculous...\n\nSomeone just reached out to me, that an individual on linked-in has plagiarized my work on the Terraform Provider for Ansible and is passing it off as their own.\n\nI don’t ask anything for the software, but taking credit for it is not ok. (via Twitter <http:\/\/twitter.com\/nickbering\/status\/1123189760879673344>)",
                "mrkdwn_in": [
                    "text",
                    "pretext"
                ]
            }
        ]
    },
    {
        "type": "message",
        "subtype": "bot_message",
        "text": "",
        "ts": "1556624876.091500",
        "username": "IFTTT",
        "icons": {
            "image_36": "https:\/\/a.slack-edge.com\/8f51\/img\/services\/ifttt_36.png",
            "image_48": "https:\/\/a.slack-edge.com\/8f51\/img\/services\/ifttt_48.png",
            "image_72": "https:\/\/a.slack-edge.com\/8f51\/img\/services\/ifttt_72.png"
        },
        "bot_id": "BG1Q8MM6H",
        "attachments": [
            {
                "title": "@ClowderofTwo is Tweet",
                "title_link": "https:\/\/twitter.com\/ClowderofTwo",
                "text": "I review the April @terraformsf SF short fiction (3 short stories, 1 novelette) by @TheLincoln Zoe Goldstein, Anna I. Wu, &amp;amp; more!\nReviews: <https:\/\/t.co\/HiWX2CJcOj>\nStories: <https:\/\/t.co\/KX8mzMrxQf> (via Twitter <http:\/\/twitter.com\/ClowderofTwo\/status\/1123191493718622208>)",
                "fallback": "I review the April @terraformsf SF short fiction (3 short stories, 1 novelette) by @TheLincoln Zoe Goldstein, Anna I. Wu, &amp;amp; more!\nReviews: <https:\/\/t.co\/HiWX2CJcOj>\nStories: <https:\/\/t.co\/KX8mzMrxQf> (via Twitter <http:\/\/twitter.com\/ClowderofTwo\/status\/1123191493718622208>)",
                "mrkdwn_in": [
                    "text",
                    "pretext"
                ]
            }
        ]
    },
    {
        "type": "message",
        "subtype": "bot_message",
        "text": "",
        "ts": "1556625460.091600",
        "username": "IFTTT",
        "icons": {
            "image_36": "https:\/\/a.slack-edge.com\/8f51\/img\/services\/ifttt_36.png",
            "image_48": "https:\/\/a.slack-edge.com\/8f51\/img\/services\/ifttt_48.png",
            "image_72": "https:\/\/a.slack-edge.com\/8f51\/img\/services\/ifttt_72.png"
        },
        "bot_id": "BG1Q8MM6H",
        "attachments": [
            {
                "title": "@dosyara is Tweet",
                "title_link": "https:\/\/twitter.com\/dosyara",
                "text": "1 year at @YLDio :\n4 projects, 3 clients\n\nUsed:\nCode: Github, Gitlab, Bitbucket (the worst)\nCI: Jenkins, CircleCI, Atlassian Bamboo (oh my)\nInfra: CloudFormation, Terraform\nNode.js, AWS Lambda, Serverless, TypeScript\n\nHope next year will bring even more! (via Twitter <http:\/\/twitter.com\/dosyara\/status\/1123193612295200768>)",
                "fallback": "1 year at @YLDio :\n4 projects, 3 clients\n\nUsed:\nCode: Github, Gitlab, Bitbucket (the worst)\nCI: Jenkins, CircleCI, Atlassian Bamboo (oh my)\nInfra: CloudFormation, Terraform\nNode.js, AWS Lambda, Serverless, TypeScript\n\nHope next year will bring even more! (via Twitter <http:\/\/twitter.com\/dosyara\/status\/1123193612295200768>)",
                "mrkdwn_in": [
                    "text",
                    "pretext"
                ]
            }
        ]
    },
    {
        "type": "message",
        "subtype": "bot_message",
        "text": "",
        "ts": "1556625460.091700",
        "username": "IFTTT",
        "icons": {
            "image_36": "https:\/\/a.slack-edge.com\/8f51\/img\/services\/ifttt_36.png",
            "image_48": "https:\/\/a.slack-edge.com\/8f51\/img\/services\/ifttt_48.png",
            "image_72": "https:\/\/a.slack-edge.com\/8f51\/img\/services\/ifttt_72.png"
        },
        "bot_id": "BG1Q8MM6H",
        "attachments": [
            {
                "title": "@Section21PsyOPS is Tweet",
                "title_link": "https:\/\/twitter.com\/Section21PsyOPS",
                "text": "@CIA @DARPA @NSA @AFSpace @realDonaldTrump\n\nWe have technology that can terraform a planet in seconds, We can travel TO ANY WORLD in  ZERO SECONDS! \n\nSet stellar ref. of MATRIX object SELF to desired location. (RAR KILO-PASCAL INDEX) 1ns\n<https:\/\/t.co\/UO5xP5e46k>\n\nCIA ref: EHK1A99N (via Twitter <http:\/\/twitter.com\/Section21PsyOPS\/status\/1123193837713858562>)",
                "fallback": "@CIA @DARPA @NSA @AFSpace @realDonaldTrump\n\nWe have technology that can terraform a planet in seconds, We can travel TO ANY WORLD in  ZERO SECONDS! \n\nSet stellar ref. of MATRIX object SELF to desired location. (RAR KILO-PASCAL INDEX) 1ns\n<https:\/\/t.co\/UO5xP5e46k>\n\nCIA ref: EHK1A99N (via Twitter <http:\/\/twitter.com\/Section21PsyOPS\/status\/1123193837713858562>)",
                "mrkdwn_in": [
                    "text",
                    "pretext"
                ]
            }
        ]
    },
    {
        "type": "message",
        "subtype": "bot_message",
        "text": "",
        "ts": "1556627844.091800",
        "username": "IFTTT",
        "icons": {
            "image_36": "https:\/\/a.slack-edge.com\/8f51\/img\/services\/ifttt_36.png",
            "image_48": "https:\/\/a.slack-edge.com\/8f51\/img\/services\/ifttt_48.png",
            "image_72": "https:\/\/a.slack-edge.com\/8f51\/img\/services\/ifttt_72.png"
        },
        "bot_id": "BG1Q8MM6H",
        "attachments": [
            {
                "title": "@bigmuramura is Tweet",
                "title_link": "https:\/\/twitter.com\/bigmuramura",
                "text": "terraform に go fmt 的なのないかと調べたら、まんま terraform fmt があって俺のterraformが始まった (via Twitter <http:\/\/twitter.com\/bigmuramura\/status\/1123204184520544256>)",
                "fallback": "terraform に go fmt 的なのないかと調べたら、まんま terraform fmt があって俺のterraformが始まった (via Twitter <http:\/\/twitter.com\/bigmuramura\/status\/1123204184520544256>)",
                "mrkdwn_in": [
                    "text",
                    "pretext"
                ]
            }
        ]
    },
    {
        "type": "message",
        "subtype": "bot_message",
        "text": "",
        "ts": "1556628142.091900",
        "username": "IFTTT",
        "icons": {
            "image_36": "https:\/\/a.slack-edge.com\/8f51\/img\/services\/ifttt_36.png",
            "image_48": "https:\/\/a.slack-edge.com\/8f51\/img\/services\/ifttt_48.png",
            "image_72": "https:\/\/a.slack-edge.com\/8f51\/img\/services\/ifttt_72.png"
        },
        "bot_id": "BG1Q8MM6H",
        "attachments": [
            {
                "title": "@Sharmsandy is Tweet",
                "title_link": "https:\/\/twitter.com\/Sharmsandy",
                "text": "mStakx are hiring for a IaC (#terraform, #ansible) and Cloud (AWS preferred, #gcp #azure) senior consultant to come on board and work from our #czech office. #K8s #containers will be a plus. If interested, then get in touch with Raja Shunmugapriya Ramaraj…<https:\/\/t.co\/dAeS665Ya2> (via Twitter <http:\/\/twitter.com\/Sharmsandy\/status\/1123205145335095297>)",
                "fallback": "mStakx are hiring for a IaC (#terraform, #ansible) and Cloud (AWS preferred, #gcp #azure) senior consultant to come on board and work from our #czech office. #K8s #containers will be a plus. If interested, then get in touch with Raja Shunmugapriya Ramaraj…<https:\/\/t.co\/dAeS665Ya2> (via Twitter <http:\/\/twitter.com\/Sharmsandy\/status\/1123205145335095297>)",
                "mrkdwn_in": [
                    "text",
                    "pretext"
                ]
            }
        ]
    },
    {
        "type": "message",
        "subtype": "bot_message",
        "text": "",
        "ts": "1556629056.092000",
        "username": "IFTTT",
        "icons": {
            "image_36": "https:\/\/a.slack-edge.com\/8f51\/img\/services\/ifttt_36.png",
            "image_48": "https:\/\/a.slack-edge.com\/8f51\/img\/services\/ifttt_48.png",
            "image_72": "https:\/\/a.slack-edge.com\/8f51\/img\/services\/ifttt_72.png"
        },
        "bot_id": "BG1Q8MM6H",
        "attachments": [
            {
                "title": "@Mizue is Tweet",
                "title_link": "https:\/\/twitter.com\/Mizue",
                "text": "terraform 楽しい (via Twitter <http:\/\/twitter.com\/Mizue\/status\/1123208901921427456>)",
                "fallback": "terraform 楽しい (via Twitter <http:\/\/twitter.com\/Mizue\/status\/1123208901921427456>)",
                "mrkdwn_in": [
                    "text",
                    "pretext"
                ]
            }
        ]
    },
    {
        "type": "message",
        "subtype": "bot_message",
        "text": "",
        "ts": "1556629056.092100",
        "username": "IFTTT",
        "icons": {
            "image_36": "https:\/\/a.slack-edge.com\/8f51\/img\/services\/ifttt_36.png",
            "image_48": "https:\/\/a.slack-edge.com\/8f51\/img\/services\/ifttt_48.png",
            "image_72": "https:\/\/a.slack-edge.com\/8f51\/img\/services\/ifttt_72.png"
        },
        "bot_id": "BG1Q8MM6H",
        "attachments": [
            {
                "title": "@Mizue is Tweet",
                "title_link": "https:\/\/twitter.com\/Mizue",
                "text": "平成のうちにterraform とapexでlambda をデプロイする\n.\n.\n.\n\nかもしれない (via Twitter <http:\/\/twitter.com\/Mizue\/status\/1123209570711506945>)",
                "fallback": "平成のうちにterraform とapexでlambda をデプロイする\n.\n.\n.\n\nかもしれない (via Twitter <http:\/\/twitter.com\/Mizue\/status\/1123209570711506945>)",
                "mrkdwn_in": [
                    "text",
                    "pretext"
                ]
            }
        ]
    },
    {
        "type": "message",
        "subtype": "bot_message",
        "text": "",
        "ts": "1556629056.092200",
        "username": "IFTTT",
        "icons": {
            "image_36": "https:\/\/a.slack-edge.com\/8f51\/img\/services\/ifttt_36.png",
            "image_48": "https:\/\/a.slack-edge.com\/8f51\/img\/services\/ifttt_48.png",
            "image_72": "https:\/\/a.slack-edge.com\/8f51\/img\/services\/ifttt_72.png"
        },
        "bot_id": "BG1Q8MM6H",
        "attachments": [
            {
                "title": "@JoeHobot is Tweet",
                "title_link": "https:\/\/twitter.com\/JoeHobot",
                "text": "@rauchg Just terraform it. Takes about 20 min to setup and you are all done. (via Twitter <http:\/\/twitter.com\/JoeHobot\/status\/1123209631629750272>)",
                "fallback": "@rauchg Just terraform it. Takes about 20 min to setup and you are all done. (via Twitter <http:\/\/twitter.com\/JoeHobot\/status\/1123209631629750272>)",
                "mrkdwn_in": [
                    "text",
                    "pretext"
                ]
            }
        ]
    },
    {
        "type": "message",
        "subtype": "bot_message",
        "text": "",
        "ts": "1556629057.092300",
        "username": "IFTTT",
        "icons": {
            "image_36": "https:\/\/a.slack-edge.com\/8f51\/img\/services\/ifttt_36.png",
            "image_48": "https:\/\/a.slack-edge.com\/8f51\/img\/services\/ifttt_48.png",
            "image_72": "https:\/\/a.slack-edge.com\/8f51\/img\/services\/ifttt_72.png"
        },
        "bot_id": "BG1Q8MM6H",
        "attachments": [
            {
                "title": "@Will_Nourse is Tweet",
                "title_link": "https:\/\/twitter.com\/Will_Nourse",
                "text": "@N_Fatale @drawandstrike @AOC We gotta build a spaceship to take us to Mars! I saw this movie &amp;amp; we can terraform Mars but we gotta start now. So everyone send me your money and make the president that way I know I’ll have a ticket to the Mars colony. For every $1000 donation you get a Mars lottery ticket.:rocket: (via Twitter <http:\/\/twitter.com\/Will_Nourse\/status\/1123209681269350400>)",
                "fallback": "@N_Fatale @drawandstrike @AOC We gotta build a spaceship to take us to Mars! I saw this movie &amp;amp; we can terraform Mars but we gotta start now. So everyone send me your money and make the president that way I know I’ll have a ticket to the Mars colony. For every $1000 donation you get a Mars lottery ticket.:rocket: (via Twitter <http:\/\/twitter.com\/Will_Nourse\/status\/1123209681269350400>)",
                "mrkdwn_in": [
                    "text",
                    "pretext"
                ]
            }
        ]
    },
    {
        "type": "message",
        "subtype": "bot_message",
        "text": "",
        "ts": "1556630838.092400",
        "username": "IFTTT",
        "icons": {
            "image_36": "https:\/\/a.slack-edge.com\/8f51\/img\/services\/ifttt_36.png",
            "image_48": "https:\/\/a.slack-edge.com\/8f51\/img\/services\/ifttt_48.png",
            "image_72": "https:\/\/a.slack-edge.com\/8f51\/img\/services\/ifttt_72.png"
        },
        "bot_id": "BG1Q8MM6H",
        "attachments": [
            {
                "title": "@RealGophersShip is Tweet",
                "title_link": "https:\/\/twitter.com\/RealGophersShip",
                "text": "terraform-providers\/terraform-provider-flexibleengine (1.5.0): Terraform flexibleengine provider <https:\/\/t.co\/yEmdCZNkmU> (via Twitter <http:\/\/twitter.com\/RealGophersShip\/status\/1123216150589005826>)",
                "fallback": "terraform-providers\/terraform-provider-flexibleengine (1.5.0): Terraform flexibleengine provider <https:\/\/t.co\/yEmdCZNkmU> (via Twitter <http:\/\/twitter.com\/RealGophersShip\/status\/1123216150589005826>)",
                "mrkdwn_in": [
                    "text",
                    "pretext"
                ]
            }
        ]
    },
    {
        "type": "message",
        "subtype": "bot_message",
        "text": "",
        "ts": "1556631177.092500",
        "username": "IFTTT",
        "icons": {
            "image_36": "https:\/\/a.slack-edge.com\/8f51\/img\/services\/ifttt_36.png",
            "image_48": "https:\/\/a.slack-edge.com\/8f51\/img\/services\/ifttt_48.png",
            "image_72": "https:\/\/a.slack-edge.com\/8f51\/img\/services\/ifttt_72.png"
        },
        "bot_id": "BG1Q8MM6H",
        "attachments": [
            {
                "title": "@RealGophersShip is Tweet",
                "title_link": "https:\/\/twitter.com\/RealGophersShip",
                "text": "secrethub\/terraform-provider-secrethub (0.1.0): Terraform provider for SecretHub <https:\/\/t.co\/7pKsE2AFiA> (via Twitter <http:\/\/twitter.com\/RealGophersShip\/status\/1123218193454071808>)",
                "fallback": "secrethub\/terraform-provider-secrethub (0.1.0): Terraform provider for SecretHub <https:\/\/t.co\/7pKsE2AFiA> (via Twitter <http:\/\/twitter.com\/RealGophersShip\/status\/1123218193454071808>)",
                "mrkdwn_in": [
                    "text",
                    "pretext"
                ]
            }
        ]
    },
    {
        "type": "message",
        "subtype": "bot_message",
        "text": "",
        "ts": "1556632061.092600",
        "username": "IFTTT",
        "icons": {
            "image_36": "https:\/\/a.slack-edge.com\/8f51\/img\/services\/ifttt_36.png",
            "image_48": "https:\/\/a.slack-edge.com\/8f51\/img\/services\/ifttt_48.png",
            "image_72": "https:\/\/a.slack-edge.com\/8f51\/img\/services\/ifttt_72.png"
        },
        "bot_id": "BG1Q8MM6H",
        "attachments": [
            {
                "title": "@GetSecretHub is Tweet",
                "title_link": "https:\/\/twitter.com\/GetSecretHub",
                "text": "Managing secrets in #Terraform no longer has to be painful. Check out the beta announcement! :tada:\n\n<https:\/\/t.co\/poi6yRLA2N> (via Twitter <http:\/\/twitter.com\/GetSecretHub\/status\/1123221037926232065>)",
                "fallback": "Managing secrets in #Terraform no longer has to be painful. Check out the beta announcement! :tada:\n\n<https:\/\/t.co\/poi6yRLA2N> (via Twitter <http:\/\/twitter.com\/GetSecretHub\/status\/1123221037926232065>)",
                "mrkdwn_in": [
                    "text",
                    "pretext"
                ]
            }
        ]
    },
    {
        "type": "message",
        "subtype": "bot_message",
        "text": "",
        "ts": "1556632061.092700",
        "username": "IFTTT",
        "icons": {
            "image_36": "https:\/\/a.slack-edge.com\/8f51\/img\/services\/ifttt_36.png",
            "image_48": "https:\/\/a.slack-edge.com\/8f51\/img\/services\/ifttt_48.png",
            "image_72": "https:\/\/a.slack-edge.com\/8f51\/img\/services\/ifttt_72.png"
        },
        "bot_id": "BG1Q8MM6H",
        "attachments": [
            {
                "title": "@nvermande is Tweet",
                "title_link": "https:\/\/twitter.com\/nvermande",
                "text": "As I’ve got some time this week, let’s prepare a terraform plan to deploy Openshift 3.11 with ACI CNI and have this automated for #RHSummit in Boston. I’ll be at the Cisco booth to show our ACI CNI with Openshift! #CiscoACI (via Twitter <http:\/\/twitter.com\/nvermande\/status\/1123221935633174528>)",
                "fallback": "As I’ve got some time this week, let’s prepare a terraform plan to deploy Openshift 3.11 with ACI CNI and have this automated for #RHSummit in Boston. I’ll be at the Cisco booth to show our ACI CNI with Openshift! #CiscoACI (via Twitter <http:\/\/twitter.com\/nvermande\/status\/1123221935633174528>)",
                "mrkdwn_in": [
                    "text",
                    "pretext"
                ]
            }
        ]
    },
    {
        "type": "message",
        "subtype": "bot_message",
        "text": "",
        "ts": "1556632984.092800",
        "username": "IFTTT",
        "icons": {
            "image_36": "https:\/\/a.slack-edge.com\/8f51\/img\/services\/ifttt_36.png",
            "image_48": "https:\/\/a.slack-edge.com\/8f51\/img\/services\/ifttt_48.png",
            "image_72": "https:\/\/a.slack-edge.com\/8f51\/img\/services\/ifttt_72.png"
        },
        "bot_id": "BG1Q8MM6H",
        "attachments": [
            {
                "title": "@IneatAcademy is Tweet",
                "title_link": "https:\/\/twitter.com\/IneatAcademy",
                "text": "Aujourd'hui formation #terraform au programme ou \"comment avoir un outil de configuration d'infrastructure cloud multi-providers\". #approchepratique #ludique en groupe restreint. Contactez-nous pour vous inscrire à la prochaine session. <https:\/\/t.co\/HutHJChwiv> (via Twitter <http:\/\/twitter.com\/IneatAcademy\/status\/1123225267592486912>)",
                "fallback": "Aujourd'hui formation #terraform au programme ou \"comment avoir un outil de configuration d'infrastructure cloud multi-providers\". #approchepratique #ludique en groupe restreint. Contactez-nous pour vous inscrire à la prochaine session. <https:\/\/t.co\/HutHJChwiv> (via Twitter <http:\/\/twitter.com\/IneatAcademy\/status\/1123225267592486912>)",
                "mrkdwn_in": [
                    "text",
                    "pretext"
                ]
            }
        ]
    },
    {
        "type": "message",
        "subtype": "bot_message",
        "text": "",
        "ts": "1556633575.092900",
        "username": "IFTTT",
        "icons": {
            "image_36": "https:\/\/a.slack-edge.com\/8f51\/img\/services\/ifttt_36.png",
            "image_48": "https:\/\/a.slack-edge.com\/8f51\/img\/services\/ifttt_48.png",
            "image_72": "https:\/\/a.slack-edge.com\/8f51\/img\/services\/ifttt_72.png"
        },
        "bot_id": "BG1Q8MM6H",
        "attachments": [
            {
                "title": "@SaltJobsUK is Tweet",
                "title_link": "https:\/\/twitter.com\/SaltJobsUK",
                "text": "New #job: Senior DevOps Engineer - Terraform, Ansible, AWS Location: London Salary: £80kpa - £90kpa .. <https:\/\/t.co\/cTHer0v5z6> #jobs #hiring (via Twitter <http:\/\/twitter.com\/SaltJobsUK\/status\/1123228044972392449>)",
                "fallback": "New #job: Senior DevOps Engineer - Terraform, Ansible, AWS Location: London Salary: £80kpa - £90kpa .. <https:\/\/t.co\/cTHer0v5z6> #jobs #hiring (via Twitter <http:\/\/twitter.com\/SaltJobsUK\/status\/1123228044972392449>)",
                "mrkdwn_in": [
                    "text",
                    "pretext"
                ]
            }
        ]
    },
    {
        "type": "message",
        "subtype": "bot_message",
        "text": "",
        "ts": "1556634753.093000",
        "username": "IFTTT",
        "icons": {
            "image_36": "https:\/\/a.slack-edge.com\/8f51\/img\/services\/ifttt_36.png",
            "image_48": "https:\/\/a.slack-edge.com\/8f51\/img\/services\/ifttt_48.png",
            "image_72": "https:\/\/a.slack-edge.com\/8f51\/img\/services\/ifttt_72.png"
        },
        "bot_id": "BG1Q8MM6H",
        "attachments": [
            {
                "title": "@vhogemann is Tweet",
                "title_link": "https:\/\/twitter.com\/vhogemann",
                "text": "Liked on YouTube: Can We Terraform the Sahara to Stop Climate Change? <https:\/\/t.co\/WudRBousTA> (via Twitter <http:\/\/twitter.com\/vhogemann\/status\/1123232495347142657>)",
                "fallback": "Liked on YouTube: Can We Terraform the Sahara to Stop Climate Change? <https:\/\/t.co\/WudRBousTA> (via Twitter <http:\/\/twitter.com\/vhogemann\/status\/1123232495347142657>)",
                "mrkdwn_in": [
                    "text",
                    "pretext"
                ]
            }
        ]
    }
]