[
    {
        "client_msg_id": "8957d475-06e3-4402-afa5-0b6a75f1f0f9",
        "type": "message",
        "text": "こちら、前回やったのに近いImportのIssueです。\n<https:\/\/github.com\/terraform-providers\/terraform-provider-aws\/issues\/9142>\n\nちょっと、TerraformのResource IDとReadに利用するパラメータに乖離があるので、以下の `aws_autoscaling_policy` リソースの実装を参考にすると良いです。\n\n参考の実装\n専用のImport用のメソッドを定義\n<https:\/\/github.com\/terraform-providers\/terraform-provider-aws\/blob\/master\/aws\/resource_aws_autoscaling_policy.go#L23-L25>\n\n<https:\/\/github.com\/terraform-providers\/terraform-provider-aws\/blob\/master\/aws\/resource_aws_autoscaling_policy.go#L283-L297>",
        "user": "UKAKENQAF",
        "ts": "1562165256.247900",
        "team": "TFU0BKCQP",
        "user_team": "TFU0BKCQP",
        "source_team": "TFU0BKCQP",
        "user_profile": {
            "avatar_hash": "g3c6c9b43cb5",
            "image_72": "https:\/\/secure.gravatar.com\/avatar\/f3c6c9b43cb5ff355b8faaac3e662292.jpg?s=72&d=https%3A%2F%2Fa.slack-edge.com%2Fdf10d%2Fimg%2Favatars%2Fava_0020-72.png",
            "first_name": "",
            "real_name": "kterada0509",
            "display_name": "kterada0509",
            "team": "TFU0BKCQP",
            "name": "kterada.0509sg",
            "is_restricted": false,
            "is_ultra_restricted": false
        },
        "thread_ts": "1562165256.247900",
        "reply_count": 1,
        "reply_users_count": 1,
        "latest_reply": "1563110236.278200",
        "reply_users": [
            "UKAKENQAF"
        ],
        "replies": [
            {
                "user": "UKAKENQAF",
                "ts": "1563110236.278200"
            }
        ],
        "subscribed": false,
        "reactions": [
            {
                "name": "eyes",
                "users": [
                    "UG46Z57TN"
                ],
                "count": 1
            },
            {
                "name": "pray",
                "users": [
                    "UG46Z57TN"
                ],
                "count": 1
            }
        ]
    }
]