[
    {
        "client_msg_id": "7cc0a5f8-8100-4daa-ae6e-2df1824d727d",
        "type": "message",
        "text": "ようやくコード見始めた。",
        "user": "UG46Z57TN",
        "ts": "1564299191.018200",
        "team": "TFU0BKCQP",
        "user_team": "TFU0BKCQP",
        "source_team": "TFU0BKCQP",
        "user_profile": {
            "avatar_hash": "c6bdd4cb17db",
            "image_72": "https:\/\/avatars.slack-edge.com\/2019-07-05\/685991185957_c6bdd4cb17db956661a1_72.jpg",
            "first_name": "Takeshi",
            "real_name": "Takeshi Kondo",
            "display_name": "chaspy",
            "team": "TFU0BKCQP",
            "name": "take.she12",
            "is_restricted": false,
            "is_ultra_restricted": false
        },
        "thread_ts": "1564223844.012900",
        "parent_user_id": "UG46Z57TN"
    },
    {
        "client_msg_id": "d3ac4cc7-d3f4-4f84-8534-fcb058f20e6e",
        "type": "message",
        "text": "schemaに追加",
        "user": "UG46Z57TN",
        "ts": "1564299199.018400",
        "team": "TFU0BKCQP",
        "user_team": "TFU0BKCQP",
        "source_team": "TFU0BKCQP",
        "user_profile": {
            "avatar_hash": "c6bdd4cb17db",
            "image_72": "https:\/\/avatars.slack-edge.com\/2019-07-05\/685991185957_c6bdd4cb17db956661a1_72.jpg",
            "first_name": "Takeshi",
            "real_name": "Takeshi Kondo",
            "display_name": "chaspy",
            "team": "TFU0BKCQP",
            "name": "take.she12",
            "is_restricted": false,
            "is_ultra_restricted": false
        },
        "thread_ts": "1564223844.012900",
        "parent_user_id": "UG46Z57TN"
    },
    {
        "client_msg_id": "6d5abb89-e454-4aeb-8c06-a2f987d95480",
        "type": "message",
        "text": "drafted <https:\/\/github.com\/terraform-providers\/terraform-provider-aws\/pull\/9530>",
        "user": "UG46Z57TN",
        "ts": "1564299642.018600",
        "team": "TFU0BKCQP",
        "user_team": "TFU0BKCQP",
        "source_team": "TFU0BKCQP",
        "user_profile": {
            "avatar_hash": "c6bdd4cb17db",
            "image_72": "https:\/\/avatars.slack-edge.com\/2019-07-05\/685991185957_c6bdd4cb17db956661a1_72.jpg",
            "first_name": "Takeshi",
            "real_name": "Takeshi Kondo",
            "display_name": "chaspy",
            "team": "TFU0BKCQP",
            "name": "take.she12",
            "is_restricted": false,
            "is_ultra_restricted": false
        },
        "attachments": [
            {
                "author_name": "chaspy",
                "fallback": "[terraform-providers\/terraform-provider-aws] #9530 Add container_insights to schema",
                "text": "*Community Note*\n\n• Please vote on this pull request by adding a :+1: <https:\/\/blog.github.com\/2016-03-10-add-reactions-to-pull-requests-issues-and-comments\/|reaction> to the original pull request comment to help the community and maintainers prioritize this request\n• Please do not leave \"+1\" comments, they generate extra noise for pull request followers and do not help prioritize the request\n\nRelates OR Closes <https:\/\/github.com\/terraform-providers\/terraform-provider-aws\/issues\/9294|#9294>\n\nRelease note for <https:\/\/github.com\/terraform-providers\/terraform-provider-aws\/blob\/master\/CHANGELOG.md|CHANGELOG>:\n\n```\nresource\/aws_ecs_cluster: Add `container_insights` argument \n\n```\n\nOutput from acceptance testing:\n\n```\n$ make testacc TESTARGS='-run=TestAccAWSEcsCluster_basic'\n\n...\n\n```",
                "title": "#9530 Add container_insights to schema",
                "footer": "<https:\/\/github.com\/terraform-providers\/terraform-provider-aws|terraform-providers\/terraform-provider-aws>",
                "id": 1,
                "title_link": "https:\/\/github.com\/terraform-providers\/terraform-provider-aws\/pull\/9530",
                "author_link": "https:\/\/github.com\/chaspy",
                "author_icon": "https:\/\/avatars2.githubusercontent.com\/u\/10370988?v=4",
                "ts": 1564299425,
                "color": "36a64f",
                "fields": [
                    {
                        "title": "Labels",
                        "value": "service\/ecs, size\/XS",
                        "short": true
                    }
                ],
                "mrkdwn_in": [
                    "text"
                ],
                "bot_id": "BH12QQBB4",
                "app_unfurl_url": "https:\/\/github.com\/terraform-providers\/terraform-provider-aws\/pull\/9530",
                "is_app_unfurl": true
            }
        ],
        "thread_ts": "1564223844.012900",
        "parent_user_id": "UG46Z57TN"
    },
    {
        "client_msg_id": "4adc3f2c-07ea-418e-8100-db1436662230",
        "type": "message",
        "text": "253行しかないんだよなあ",
        "user": "UG46Z57TN",
        "ts": "1564300460.018900",
        "team": "TFU0BKCQP",
        "user_team": "TFU0BKCQP",
        "source_team": "TFU0BKCQP",
        "user_profile": {
            "avatar_hash": "c6bdd4cb17db",
            "image_72": "https:\/\/avatars.slack-edge.com\/2019-07-05\/685991185957_c6bdd4cb17db956661a1_72.jpg",
            "first_name": "Takeshi",
            "real_name": "Takeshi Kondo",
            "display_name": "chaspy",
            "team": "TFU0BKCQP",
            "name": "take.she12",
            "is_restricted": false,
            "is_ultra_restricted": false
        },
        "thread_ts": "1564223844.012900",
        "parent_user_id": "UG46Z57TN"
    },
    {
        "client_msg_id": "f1cafbe9-e25a-413a-aba9-0235f27932c1",
        "type": "message",
        "text": "terraformでのbool値とsettingの形式の変換をしてやらないといけない。",
        "user": "UG46Z57TN",
        "ts": "1564300484.019100",
        "team": "TFU0BKCQP",
        "user_team": "TFU0BKCQP",
        "source_team": "TFU0BKCQP",
        "user_profile": {
            "avatar_hash": "c6bdd4cb17db",
            "image_72": "https:\/\/avatars.slack-edge.com\/2019-07-05\/685991185957_c6bdd4cb17db956661a1_72.jpg",
            "first_name": "Takeshi",
            "real_name": "Takeshi Kondo",
            "display_name": "chaspy",
            "team": "TFU0BKCQP",
            "name": "take.she12",
            "is_restricted": false,
            "is_ultra_restricted": false
        },
        "thread_ts": "1564223844.012900",
        "parent_user_id": "UG46Z57TN"
    },
    {
        "client_msg_id": "3b66b464-fab8-4711-ae23-410e3c14a4c4",
        "type": "message",
        "text": "cluster作成のときのdebug\n\n```\n[DEBUG] [aws-sdk-go] {\"cluster\":{\"     activeServicesCount\":0,\"clusterArn\":\"arn:aws:ecs:ap-northeast-1:655123516369:cluster\/white-hart\",\"clusterName\":\"white-hart\",\"pendingTasksCount\":0,\"registeredContainerInstancesCount\":0,\"runningTasksCount\":0,\"settings\":[{\"name\":\"contai     nerInsights\",\"value\":\"enabled\"}],\"statistics\":[],\"status\":\"ACTIVE\",\"tags\":[]}}\n```",
        "user": "UG46Z57TN",
        "ts": "1564301137.019400",
        "team": "TFU0BKCQP",
        "user_team": "TFU0BKCQP",
        "source_team": "TFU0BKCQP",
        "user_profile": {
            "avatar_hash": "c6bdd4cb17db",
            "image_72": "https:\/\/avatars.slack-edge.com\/2019-07-05\/685991185957_c6bdd4cb17db956661a1_72.jpg",
            "first_name": "Takeshi",
            "real_name": "Takeshi Kondo",
            "display_name": "chaspy",
            "team": "TFU0BKCQP",
            "name": "take.she12",
            "is_restricted": false,
            "is_ultra_restricted": false
        },
        "thread_ts": "1564223844.012900",
        "parent_user_id": "UG46Z57TN"
    },
    {
        "client_msg_id": "33bb3b16-2201-4176-b6ff-7f1bcc3d38b9",
        "type": "message",
        "text": "settings, listで name と valueがそれぞれstringである感じ。",
        "user": "UG46Z57TN",
        "ts": "1564301911.019600",
        "team": "TFU0BKCQP",
        "user_team": "TFU0BKCQP",
        "source_team": "TFU0BKCQP",
        "user_profile": {
            "avatar_hash": "c6bdd4cb17db",
            "image_72": "https:\/\/avatars.slack-edge.com\/2019-07-05\/685991185957_c6bdd4cb17db956661a1_72.jpg",
            "first_name": "Takeshi",
            "real_name": "Takeshi Kondo",
            "display_name": "chaspy",
            "team": "TFU0BKCQP",
            "name": "take.she12",
            "is_restricted": false,
            "is_ultra_restricted": false
        },
        "thread_ts": "1564223844.012900",
        "parent_user_id": "UG46Z57TN"
    },
    {
        "client_msg_id": "a4f3d53c-73f5-40d4-a76f-e9721ad8becd",
        "type": "message",
        "text": "変換めんどいので渡す型のままにしよう。",
        "user": "UG46Z57TN",
        "ts": "1564302170.019800",
        "team": "TFU0BKCQP",
        "user_team": "TFU0BKCQP",
        "source_team": "TFU0BKCQP",
        "user_profile": {
            "avatar_hash": "c6bdd4cb17db",
            "image_72": "https:\/\/avatars.slack-edge.com\/2019-07-05\/685991185957_c6bdd4cb17db956661a1_72.jpg",
            "first_name": "Takeshi",
            "real_name": "Takeshi Kondo",
            "display_name": "chaspy",
            "team": "TFU0BKCQP",
            "name": "take.she12",
            "is_restricted": false,
            "is_ultra_restricted": false
        },
        "edited": {
            "user": "UG46Z57TN",
            "ts": "1564302177.000000"
        },
        "thread_ts": "1564223844.012900",
        "parent_user_id": "UG46Z57TN"
    },
    {
        "client_msg_id": "151a5a22-170c-4245-9b75-1d634c073bd0",
        "type": "message",
        "text": "うーんむずかしい",
        "user": "UG46Z57TN",
        "ts": "1564302777.020100",
        "team": "TFU0BKCQP",
        "user_team": "TFU0BKCQP",
        "source_team": "TFU0BKCQP",
        "user_profile": {
            "avatar_hash": "c6bdd4cb17db",
            "image_72": "https:\/\/avatars.slack-edge.com\/2019-07-05\/685991185957_c6bdd4cb17db956661a1_72.jpg",
            "first_name": "Takeshi",
            "real_name": "Takeshi Kondo",
            "display_name": "chaspy",
            "team": "TFU0BKCQP",
            "name": "take.she12",
            "is_restricted": false,
            "is_ultra_restricted": false
        },
        "thread_ts": "1564223844.012900",
        "parent_user_id": "UG46Z57TN"
    },
    {
        "client_msg_id": "94de367d-8102-4c34-857d-a847dd766531",
        "type": "message",
        "text": "うーん。",
        "user": "UG46Z57TN",
        "ts": "1564303342.020300",
        "team": "TFU0BKCQP",
        "user_team": "TFU0BKCQP",
        "source_team": "TFU0BKCQP",
        "user_profile": {
            "avatar_hash": "c6bdd4cb17db",
            "image_72": "https:\/\/avatars.slack-edge.com\/2019-07-05\/685991185957_c6bdd4cb17db956661a1_72.jpg",
            "first_name": "Takeshi",
            "real_name": "Takeshi Kondo",
            "display_name": "chaspy",
            "team": "TFU0BKCQP",
            "name": "take.she12",
            "is_restricted": false,
            "is_ultra_restricted": false
        },
        "thread_ts": "1564223844.012900",
        "parent_user_id": "UG46Z57TN"
    },
    {
        "client_msg_id": "b4c9a0b7-5b95-47c4-8077-9bae47d48fd2",
        "type": "message",
        "text": ":q",
        "user": "UG46Z57TN",
        "ts": "1564303405.020500",
        "team": "TFU0BKCQP",
        "user_team": "TFU0BKCQP",
        "source_team": "TFU0BKCQP",
        "user_profile": {
            "avatar_hash": "c6bdd4cb17db",
            "image_72": "https:\/\/avatars.slack-edge.com\/2019-07-05\/685991185957_c6bdd4cb17db956661a1_72.jpg",
            "first_name": "Takeshi",
            "real_name": "Takeshi Kondo",
            "display_name": "chaspy",
            "team": "TFU0BKCQP",
            "name": "take.she12",
            "is_restricted": false,
            "is_ultra_restricted": false
        },
        "thread_ts": "1564223844.012900",
        "parent_user_id": "UG46Z57TN"
    },
    {
        "client_msg_id": "af4260dd-d521-472c-9155-310ba793aa87",
        "type": "message",
        "text": "settingsでわたしてやりゃいいんだが。\n<https:\/\/docs.aws.amazon.com\/sdk-for-go\/api\/service\/ecs\/#CreateClusterInput>",
        "user": "UG46Z57TN",
        "ts": "1564304585.020700",
        "team": "TFU0BKCQP",
        "user_team": "TFU0BKCQP",
        "source_team": "TFU0BKCQP",
        "user_profile": {
            "avatar_hash": "c6bdd4cb17db",
            "image_72": "https:\/\/avatars.slack-edge.com\/2019-07-05\/685991185957_c6bdd4cb17db956661a1_72.jpg",
            "first_name": "Takeshi",
            "real_name": "Takeshi Kondo",
            "display_name": "chaspy",
            "team": "TFU0BKCQP",
            "name": "take.she12",
            "is_restricted": false,
            "is_ultra_restricted": false
        },
        "thread_ts": "1564223844.012900",
        "parent_user_id": "UG46Z57TN"
    },
    {
        "client_msg_id": "345f06a0-1079-4d77-bf7d-b10e91bd6838",
        "type": "message",
        "text": "boolでもらったのを変換してenabledかdisabledのstringを返すfunctionを定義してやろう。",
        "user": "UG46Z57TN",
        "ts": "1564304632.020900",
        "team": "TFU0BKCQP",
        "user_team": "TFU0BKCQP",
        "source_team": "TFU0BKCQP",
        "user_profile": {
            "avatar_hash": "c6bdd4cb17db",
            "image_72": "https:\/\/avatars.slack-edge.com\/2019-07-05\/685991185957_c6bdd4cb17db956661a1_72.jpg",
            "first_name": "Takeshi",
            "real_name": "Takeshi Kondo",
            "display_name": "chaspy",
            "team": "TFU0BKCQP",
            "name": "take.she12",
            "is_restricted": false,
            "is_ultra_restricted": false
        },
        "thread_ts": "1564223844.012900",
        "parent_user_id": "UG46Z57TN"
    },
    {
        "client_msg_id": "067344ce-f230-4462-b75b-8972f05388bf",
        "type": "message",
        "text": "```\nSettings []*ClusterSetting `locationName:\"settings\" type:\"list\"`\n```",
        "user": "UG46Z57TN",
        "ts": "1564304637.021100",
        "team": "TFU0BKCQP",
        "user_team": "TFU0BKCQP",
        "source_team": "TFU0BKCQP",
        "user_profile": {
            "avatar_hash": "c6bdd4cb17db",
            "image_72": "https:\/\/avatars.slack-edge.com\/2019-07-05\/685991185957_c6bdd4cb17db956661a1_72.jpg",
            "first_name": "Takeshi",
            "real_name": "Takeshi Kondo",
            "display_name": "chaspy",
            "team": "TFU0BKCQP",
            "name": "take.she12",
            "is_restricted": false,
            "is_ultra_restricted": false
        },
        "edited": {
            "user": "UG46Z57TN",
            "ts": "1564304643.000000"
        },
        "thread_ts": "1564223844.012900",
        "parent_user_id": "UG46Z57TN"
    },
    {
        "client_msg_id": "f9e1addd-9a1a-46bd-8e0e-98777ffbc5bc",
        "type": "message",
        "text": "Golang力が要求されるフェーズになってきた。。。\n<https:\/\/docs.aws.amazon.com\/sdk-for-go\/api\/service\/ecs\/#CreateClusterInput>\n\n`Settings []*ClusterSetting `locationName:“settings” type:“list”``\n\nSettings property、ブツは `\"settings\":[{\"name\":\"containerInsights\",\"value\":\"enabled\"}]` んな感じで返ってきてそうなんでこれをcreateのときわたしてあげればよさそうなんですが\nこれ、mapのsliceって理解であってますか？ location nameというのはなんなのか",
        "user": "UG46Z57TN",
        "ts": "1564306557.022600",
        "team": "TFU0BKCQP",
        "user_team": "TFU0BKCQP",
        "source_team": "TFU0BKCQP",
        "user_profile": {
            "avatar_hash": "c6bdd4cb17db",
            "image_72": "https:\/\/avatars.slack-edge.com\/2019-07-05\/685991185957_c6bdd4cb17db956661a1_72.jpg",
            "first_name": "Takeshi",
            "real_name": "Takeshi Kondo",
            "display_name": "chaspy",
            "team": "TFU0BKCQP",
            "name": "take.she12",
            "is_restricted": false,
            "is_ultra_restricted": false
        },
        "thread_ts": "1564306557.022600",
        "reply_count": 1,
        "reply_users_count": 1,
        "latest_reply": "1564309182.023700",
        "reply_users": [
            "UG46Z57TN"
        ],
        "replies": [
            {
                "user": "UG46Z57TN",
                "ts": "1564309182.023700"
            }
        ],
        "subscribed": false
    },
    {
        "client_msg_id": "5b8d55b8-6309-4ad7-b941-1ca92707c2a7",
        "type": "message",
        "text": "cluster setting typeで渡さないといけないのか。",
        "user": "UG46Z57TN",
        "ts": "1564308856.022700",
        "team": "TFU0BKCQP",
        "user_team": "TFU0BKCQP",
        "source_team": "TFU0BKCQP",
        "user_profile": {
            "avatar_hash": "c6bdd4cb17db",
            "image_72": "https:\/\/avatars.slack-edge.com\/2019-07-05\/685991185957_c6bdd4cb17db956661a1_72.jpg",
            "first_name": "Takeshi",
            "real_name": "Takeshi Kondo",
            "display_name": "chaspy",
            "team": "TFU0BKCQP",
            "name": "take.she12",
            "is_restricted": false,
            "is_ultra_restricted": false
        },
        "thread_ts": "1564223844.012900",
        "parent_user_id": "UG46Z57TN"
    },
    {
        "client_msg_id": "e8e3d68c-8ad3-4bb7-a29e-81e626c6a964",
        "type": "message",
        "text": "```\n--- a\/aws\/resource_aws_ecs_cluster.go\n+++ b\/aws\/resource_aws_ecs_cluster.go\n@@ -61,8 +61,12 @@ func resourceAwsEcsClusterCreate(d *schema.ResourceData, meta interface{}) error\n        clusterName := d.Get(\"name\").(string)\n        log.Printf(\"[DEBUG] Creating ECS cluster %s\", clusterName)\n\n+       settings := map[string]string{\"name\": \"containerInsights\", \"value\": \"enabled\"}\n+       clusterSetting := []map[string]string{settings}\n+\n        out, err := conn.CreateCluster(&amp;ecs.CreateClusterInput{\n                ClusterName: aws.String(clusterName),\n+               Settings:    clusterSetting,\n                Tags:        tagsFromMapECS(d.Get(\"tags\").(map[string]interface{})),\n        })\n        if err != nil {\n```",
        "user": "UG46Z57TN",
        "ts": "1564308858.022900",
        "team": "TFU0BKCQP",
        "user_team": "TFU0BKCQP",
        "source_team": "TFU0BKCQP",
        "user_profile": {
            "avatar_hash": "c6bdd4cb17db",
            "image_72": "https:\/\/avatars.slack-edge.com\/2019-07-05\/685991185957_c6bdd4cb17db956661a1_72.jpg",
            "first_name": "Takeshi",
            "real_name": "Takeshi Kondo",
            "display_name": "chaspy",
            "team": "TFU0BKCQP",
            "name": "take.she12",
            "is_restricted": false,
            "is_ultra_restricted": false
        },
        "thread_ts": "1564223844.012900",
        "parent_user_id": "UG46Z57TN"
    },
    {
        "client_msg_id": "e3c0bd4e-9527-4d98-aee9-46ada9be1e75",
        "type": "message",
        "text": "`cannot use clusterSetting (type []map[string]string) as type []*ecs.ClusterSetting in field value`",
        "user": "UG46Z57TN",
        "ts": "1564308870.023100",
        "team": "TFU0BKCQP",
        "user_team": "TFU0BKCQP",
        "source_team": "TFU0BKCQP",
        "user_profile": {
            "avatar_hash": "c6bdd4cb17db",
            "image_72": "https:\/\/avatars.slack-edge.com\/2019-07-05\/685991185957_c6bdd4cb17db956661a1_72.jpg",
            "first_name": "Takeshi",
            "real_name": "Takeshi Kondo",
            "display_name": "chaspy",
            "team": "TFU0BKCQP",
            "name": "take.she12",
            "is_restricted": false,
            "is_ultra_restricted": false
        },
        "thread_ts": "1564223844.012900",
        "parent_user_id": "UG46Z57TN"
    },
    {
        "client_msg_id": "8a81351f-fa2b-4544-bc43-3bf9d4d257e3",
        "type": "message",
        "text": "<https:\/\/docs.aws.amazon.com\/sdk-for-go\/api\/service\/ecs\/#ClusterSetting>",
        "user": "UG46Z57TN",
        "ts": "1564308906.023300",
        "team": "TFU0BKCQP",
        "user_team": "TFU0BKCQP",
        "source_team": "TFU0BKCQP",
        "user_profile": {
            "avatar_hash": "c6bdd4cb17db",
            "image_72": "https:\/\/avatars.slack-edge.com\/2019-07-05\/685991185957_c6bdd4cb17db956661a1_72.jpg",
            "first_name": "Takeshi",
            "real_name": "Takeshi Kondo",
            "display_name": "chaspy",
            "team": "TFU0BKCQP",
            "name": "take.she12",
            "is_restricted": false,
            "is_ultra_restricted": false
        },
        "thread_ts": "1564223844.012900",
        "parent_user_id": "UG46Z57TN"
    },
    {
        "client_msg_id": "f2f8c9c8-aa31-42c1-8506-bc5942c41289",
        "type": "message",
        "text": "`[]*ecs.ClusterSetting`",
        "user": "UG46Z57TN",
        "ts": "1564309084.023500",
        "team": "TFU0BKCQP",
        "user_team": "TFU0BKCQP",
        "source_team": "TFU0BKCQP",
        "user_profile": {
            "avatar_hash": "c6bdd4cb17db",
            "image_72": "https:\/\/avatars.slack-edge.com\/2019-07-05\/685991185957_c6bdd4cb17db956661a1_72.jpg",
            "first_name": "Takeshi",
            "real_name": "Takeshi Kondo",
            "display_name": "chaspy",
            "team": "TFU0BKCQP",
            "name": "take.she12",
            "is_restricted": false,
            "is_ultra_restricted": false
        },
        "thread_ts": "1564223844.012900",
        "parent_user_id": "UG46Z57TN"
    },
    {
        "client_msg_id": "2a9c0a26-f182-4293-84ff-692442e34c2d",
        "type": "message",
        "text": "わかってｋた",
        "user": "UG46Z57TN",
        "ts": "1564309182.023700",
        "team": "TFU0BKCQP",
        "user_team": "TFU0BKCQP",
        "source_team": "TFU0BKCQP",
        "user_profile": {
            "avatar_hash": "c6bdd4cb17db",
            "image_72": "https:\/\/avatars.slack-edge.com\/2019-07-05\/685991185957_c6bdd4cb17db956661a1_72.jpg",
            "first_name": "Takeshi",
            "real_name": "Takeshi Kondo",
            "display_name": "chaspy",
            "team": "TFU0BKCQP",
            "name": "take.she12",
            "is_restricted": false,
            "is_ultra_restricted": false
        },
        "thread_ts": "1564306557.022600",
        "parent_user_id": "UG46Z57TN"
    },
    {
        "client_msg_id": "74b7f0ec-837f-44e3-970a-58bc462f2f61",
        "type": "message",
        "text": "進捗 :sweat_smile: <https:\/\/github.com\/terraform-providers\/terraform-provider-aws\/pull\/9530\/files>\nとりあえずあとはインプットのboolを受けてstringをenableかdisableかを返すfunction作ってそれいれて投げればいける気がしている。",
        "user": "UG46Z57TN",
        "ts": "1564310768.024700",
        "team": "TFU0BKCQP",
        "user_team": "TFU0BKCQP",
        "source_team": "TFU0BKCQP",
        "user_profile": {
            "avatar_hash": "c6bdd4cb17db",
            "image_72": "https:\/\/avatars.slack-edge.com\/2019-07-05\/685991185957_c6bdd4cb17db956661a1_72.jpg",
            "first_name": "Takeshi",
            "real_name": "Takeshi Kondo",
            "display_name": "chaspy",
            "team": "TFU0BKCQP",
            "name": "take.she12",
            "is_restricted": false,
            "is_ultra_restricted": false
        }
    },
    {
        "client_msg_id": "5d02a93f-9357-4b44-be53-51dd32514603",
        "type": "message",
        "text": "testの\n\n```\n           resource.TestCheckResourceAttr(resourceName, \"name\", rName),\n           resource.TestCheckResourceAttr(resourceName, \"container_insights\", countainerInsights),\n           resource.TestCheckResourceAttr(resourceName, \"tags.%\", \"0\"),\n```\n\nこれを追加したら `aws\/resource_aws_ecs_cluster_test.go:81:51: cannot use true (type bool) as type string in argument to resource.TestCheckResourceAttr` と怒られているんだけど、（ `countainerInsights` はboolでtrueがはいってる ）\nどこかでtypeを指定しないといけない、？",
        "user": "UG46Z57TN",
        "ts": "1564314962.025900",
        "team": "TFU0BKCQP",
        "user_team": "TFU0BKCQP",
        "source_team": "TFU0BKCQP",
        "user_profile": {
            "avatar_hash": "c6bdd4cb17db",
            "image_72": "https:\/\/avatars.slack-edge.com\/2019-07-05\/685991185957_c6bdd4cb17db956661a1_72.jpg",
            "first_name": "Takeshi",
            "real_name": "Takeshi Kondo",
            "display_name": "chaspy",
            "team": "TFU0BKCQP",
            "name": "take.she12",
            "is_restricted": false,
            "is_ultra_restricted": false
        },
        "edited": {
            "user": "UG46Z57TN",
            "ts": "1564315091.000000"
        }
    },
    {
        "client_msg_id": "552e5379-4b13-497b-beca-65b4946c63b5",
        "type": "message",
        "text": "`TestCheckResourceAttr` はなにものなんだ。",
        "user": "UG46Z57TN",
        "ts": "1564315107.026200",
        "team": "TFU0BKCQP",
        "user_team": "TFU0BKCQP",
        "source_team": "TFU0BKCQP",
        "user_profile": {
            "avatar_hash": "c6bdd4cb17db",
            "image_72": "https:\/\/avatars.slack-edge.com\/2019-07-05\/685991185957_c6bdd4cb17db956661a1_72.jpg",
            "first_name": "Takeshi",
            "real_name": "Takeshi Kondo",
            "display_name": "chaspy",
            "team": "TFU0BKCQP",
            "name": "take.she12",
            "is_restricted": false,
            "is_ultra_restricted": false
        },
        "thread_ts": "1564315107.026200",
        "reply_count": 3,
        "reply_users_count": 1,
        "latest_reply": "1564315412.026700",
        "reply_users": [
            "UG46Z57TN"
        ],
        "replies": [
            {
                "user": "UG46Z57TN",
                "ts": "1564315312.026300"
            },
            {
                "user": "UG46Z57TN",
                "ts": "1564315324.026500"
            },
            {
                "user": "UG46Z57TN",
                "ts": "1564315412.026700"
            }
        ],
        "subscribed": false
    },
    {
        "client_msg_id": "c06ae06c-de8c-4dcd-9dbb-79454d9cff96",
        "type": "message",
        "text": "```\n950  \/\/ TestCheckResourceAttr is a TestCheckFunc which validates\n   1 \/\/ the value in state for the given name\/key combination.\n   2 func TestCheckResourceAttr(name, key, value string) TestCheckFunc {\n   3   return func(s *terraform.State) error {\n   4     is, err := primaryInstanceState(s, name)\n   5     if err != nil {\n   6       return err\n   7     }\n   8\n   9     return testCheckResourceAttr(is, name, key, value)\n  10   }\n  11 }\n```",
        "user": "UG46Z57TN",
        "ts": "1564315312.026300",
        "team": "TFU0BKCQP",
        "user_team": "TFU0BKCQP",
        "source_team": "TFU0BKCQP",
        "user_profile": {
            "avatar_hash": "c6bdd4cb17db",
            "image_72": "https:\/\/avatars.slack-edge.com\/2019-07-05\/685991185957_c6bdd4cb17db956661a1_72.jpg",
            "first_name": "Takeshi",
            "real_name": "Takeshi Kondo",
            "display_name": "chaspy",
            "team": "TFU0BKCQP",
            "name": "take.she12",
            "is_restricted": false,
            "is_ultra_restricted": false
        },
        "thread_ts": "1564315107.026200",
        "parent_user_id": "UG46Z57TN"
    },
    {
        "client_msg_id": "0502452a-f1ef-4e0e-b624-d196606eb194",
        "type": "message",
        "text": "`vendor\/github.com\/hashicorp\/terraform\/helper\/resource\/testing.go`",
        "user": "UG46Z57TN",
        "ts": "1564315324.026500",
        "team": "TFU0BKCQP",
        "user_team": "TFU0BKCQP",
        "source_team": "TFU0BKCQP",
        "user_profile": {
            "avatar_hash": "c6bdd4cb17db",
            "image_72": "https:\/\/avatars.slack-edge.com\/2019-07-05\/685991185957_c6bdd4cb17db956661a1_72.jpg",
            "first_name": "Takeshi",
            "real_name": "Takeshi Kondo",
            "display_name": "chaspy",
            "team": "TFU0BKCQP",
            "name": "take.she12",
            "is_restricted": false,
            "is_ultra_restricted": false
        },
        "thread_ts": "1564315107.026200",
        "parent_user_id": "UG46Z57TN"
    },
    {
        "client_msg_id": "39cd031b-a75e-4de7-bd52-684e094f56d3",
        "type": "message",
        "text": "tagの例を真似するか。",
        "user": "UG46Z57TN",
        "ts": "1564315412.026700",
        "team": "TFU0BKCQP",
        "user_team": "TFU0BKCQP",
        "source_team": "TFU0BKCQP",
        "user_profile": {
            "avatar_hash": "c6bdd4cb17db",
            "image_72": "https:\/\/avatars.slack-edge.com\/2019-07-05\/685991185957_c6bdd4cb17db956661a1_72.jpg",
            "first_name": "Takeshi",
            "real_name": "Takeshi Kondo",
            "display_name": "chaspy",
            "team": "TFU0BKCQP",
            "name": "take.she12",
            "is_restricted": false,
            "is_ultra_restricted": false
        },
        "thread_ts": "1564315107.026200",
        "parent_user_id": "UG46Z57TN"
    },
    {
        "client_msg_id": "03ed9e7f-b9fb-4cc8-83a5-1938edabc8c2",
        "type": "message",
        "text": "<@UKAKENQAF> 質問です！もうちょっとな気がするんですが、なんか追加した container_insights  という新しいpropertyの型定義がたりなさそうな気がするんですが、(boolなのにstringと思われてる？)どこかにそういうschemaを定義しておく場所があるのでしょうか！\n進捗：　<https:\/\/github.com\/terraform-providers\/terraform-provider-aws\/pull\/9530>\ntest結果\n\n```\n$ make testacc TESTARGS='-run=TestAccAWSEcsCluster_basic'                                                                              ?[chaspy\/ecs-container-insights]\n==&gt; Checking that code complies with gofmt requirements...\nTF_ACC=1 go test .\/... -v -parallel 20 -run=TestAccAWSEcsCluster_basic -timeout 120m\n# <http:\/\/github.com\/terraform-providers\/terraform-provider-aws|github.com\/terraform-providers\/terraform-provider-aws>\n.\/test.go:11:6: main redeclared in this block\n\tprevious declaration at .\/main.go:9:6\n=== RUN   TestAccAWSEcsCluster_basic\n=== PAUSE TestAccAWSEcsCluster_basic\n=== CONT  TestAccAWSEcsCluster_basic\n--- FAIL: TestAccAWSEcsCluster_basic (30.42s)\n    testing.go:568: Step 1 error: ImportStateVerify attributes not equivalent. Difference is shown below. Top is actual, bottom is expected.\n\n        (map[string]string) {\n        }\n\n\n        (map[string]string) (len=1) {\n         (string) (len=18) \"container_insights\": (string) (len=4) \"true\"\n        }\n\nFAIL\nFAIL\t<http:\/\/github.com\/terraform-providers\/terraform-provider-aws\/aws|github.com\/terraform-providers\/terraform-provider-aws\/aws>\t30.492s\nmake: *** [testacc] Error 2\n```",
        "user": "UG46Z57TN",
        "ts": "1564317217.028000",
        "team": "TFU0BKCQP",
        "user_team": "TFU0BKCQP",
        "source_team": "TFU0BKCQP",
        "user_profile": {
            "avatar_hash": "c6bdd4cb17db",
            "image_72": "https:\/\/avatars.slack-edge.com\/2019-07-05\/685991185957_c6bdd4cb17db956661a1_72.jpg",
            "first_name": "Takeshi",
            "real_name": "Takeshi Kondo",
            "display_name": "chaspy",
            "team": "TFU0BKCQP",
            "name": "take.she12",
            "is_restricted": false,
            "is_ultra_restricted": false
        },
        "edited": {
            "user": "UG46Z57TN",
            "ts": "1564317479.000000"
        },
        "attachments": [
            {
                "author_name": "chaspy",
                "fallback": "[terraform-providers\/terraform-provider-aws] #9530 Add container_insights to schema",
                "text": "*Community Note*\n\n• Please vote on this pull request by adding a :+1: <https:\/\/blog.github.com\/2016-03-10-add-reactions-to-pull-requests-issues-and-comments\/|reaction> to the original pull request comment to help the community and maintainers prioritize this request\n• Please do not leave \"+1\" comments, they generate extra noise for pull request followers and do not help prioritize the request\n\nRelates OR Closes <https:\/\/github.com\/terraform-providers\/terraform-provider-aws\/issues\/9294|#9294>\n\nRelease note for <https:\/\/github.com\/terraform-providers\/terraform-provider-aws\/blob\/master\/CHANGELOG.md|CHANGELOG>:\n\n```\nresource\/aws_ecs_cluster: Add `container_insights` argument \n\n```\n\nOutput from acceptance testing:\n\n```\n$ make testacc TESTARGS='-run=TestAccAWSEcsCluster_basic'\n\n...\n\n```",
                "title": "#9530 Add container_insights to schema",
                "footer": "<https:\/\/github.com\/terraform-providers\/terraform-provider-aws|terraform-providers\/terraform-provider-aws>",
                "id": 1,
                "title_link": "https:\/\/github.com\/terraform-providers\/terraform-provider-aws\/pull\/9530",
                "author_link": "https:\/\/github.com\/chaspy",
                "author_icon": "https:\/\/avatars2.githubusercontent.com\/u\/10370988?v=4",
                "ts": 1564299425,
                "color": "36a64f",
                "fields": [
                    {
                        "title": "Labels",
                        "value": "documentation, service\/ecs, size\/S, tests",
                        "short": true
                    }
                ],
                "mrkdwn_in": [
                    "text"
                ],
                "bot_id": "BH12QQBB4",
                "app_unfurl_url": "https:\/\/github.com\/terraform-providers\/terraform-provider-aws\/pull\/9530",
                "is_app_unfurl": true
            }
        ],
        "thread_ts": "1564317217.028000",
        "reply_count": 3,
        "reply_users_count": 2,
        "latest_reply": "1564373635.033600",
        "reply_users": [
            "UKAKENQAF",
            "UG46Z57TN"
        ],
        "replies": [
            {
                "user": "UKAKENQAF",
                "ts": "1564356044.033200"
            },
            {
                "user": "UG46Z57TN",
                "ts": "1564373610.033400"
            },
            {
                "user": "UG46Z57TN",
                "ts": "1564373635.033600"
            }
        ],
        "subscribed": false
    },
    {
        "client_msg_id": "CCD52494-9748-4176-A799-FCB3FFEE7B97",
        "type": "message",
        "text": "ちょっと、外出中なので、家に着いたら、観てみます！",
        "user": "UKAKENQAF",
        "ts": "1564317407.028700",
        "team": "TFU0BKCQP",
        "user_team": "TFU0BKCQP",
        "source_team": "TFU0BKCQP",
        "user_profile": {
            "avatar_hash": "g3c6c9b43cb5",
            "image_72": "https:\/\/secure.gravatar.com\/avatar\/f3c6c9b43cb5ff355b8faaac3e662292.jpg?s=72&d=https%3A%2F%2Fa.slack-edge.com%2Fdf10d%2Fimg%2Favatars%2Fava_0020-72.png",
            "first_name": "",
            "real_name": "kterada0509",
            "display_name": "kterada0509",
            "team": "TFU0BKCQP",
            "name": "kterada.0509sg",
            "is_restricted": false,
            "is_ultra_restricted": false
        },
        "reactions": [
            {
                "name": "pray",
                "users": [
                    "UG46Z57TN"
                ],
                "count": 1
            }
        ]
    },
    {
        "client_msg_id": "b052441e-9a65-4e52-a038-8733373c4e0d",
        "type": "message",
        "text": "data sourceのやつもいつかやってみたいなあ\n<https:\/\/github.com\/terraform-providers\/terraform-provider-aws\/pull\/1867\/files>",
        "user": "UG46Z57TN",
        "ts": "1564326868.029500",
        "team": "TFU0BKCQP",
        "user_team": "TFU0BKCQP",
        "source_team": "TFU0BKCQP",
        "user_profile": {
            "avatar_hash": "c6bdd4cb17db",
            "image_72": "https:\/\/avatars.slack-edge.com\/2019-07-05\/685991185957_c6bdd4cb17db956661a1_72.jpg",
            "first_name": "Takeshi",
            "real_name": "Takeshi Kondo",
            "display_name": "chaspy",
            "team": "TFU0BKCQP",
            "name": "take.she12",
            "is_restricted": false,
            "is_ultra_restricted": false
        },
        "thread_ts": "1564326868.029500",
        "reply_count": 5,
        "reply_users_count": 1,
        "latest_reply": "1564328253.030700",
        "reply_users": [
            "UG46Z57TN"
        ],
        "replies": [
            {
                "user": "UG46Z57TN",
                "ts": "1564327023.029600"
            },
            {
                "user": "UG46Z57TN",
                "ts": "1564327175.029900"
            },
            {
                "user": "UG46Z57TN",
                "ts": "1564327210.030200"
            },
            {
                "user": "UG46Z57TN",
                "ts": "1564327937.030500"
            },
            {
                "user": "UG46Z57TN",
                "ts": "1564328253.030700"
            }
        ],
        "subscribed": false
    },
    {
        "client_msg_id": "e4e2906e-24ac-4ba5-b1de-c7532fef607c",
        "type": "message",
        "text": "rdsのperformance insightもできそう\n<https:\/\/github.com\/terraform-providers\/terraform-provider-aws\/issues\/9399>",
        "user": "UG46Z57TN",
        "ts": "1564327023.029600",
        "team": "TFU0BKCQP",
        "user_team": "TFU0BKCQP",
        "source_team": "TFU0BKCQP",
        "user_profile": {
            "avatar_hash": "c6bdd4cb17db",
            "image_72": "https:\/\/avatars.slack-edge.com\/2019-07-05\/685991185957_c6bdd4cb17db956661a1_72.jpg",
            "first_name": "Takeshi",
            "real_name": "Takeshi Kondo",
            "display_name": "chaspy",
            "team": "TFU0BKCQP",
            "name": "take.she12",
            "is_restricted": false,
            "is_ultra_restricted": false
        },
        "attachments": [
            {
                "author_name": "ubdb",
                "fallback": "[terraform-providers\/terraform-provider-aws] #9399 cannot enable aws rds performance insights on existing rds\/postgres instance",
                "text": "• Please vote on this issue by adding a :+1: <https:\/\/blog.github.com\/2016-03-10-add-reactions-to-pull-requests-issues-and-comments\/|reaction> to the original issue to help the community and maintainers prioritize this request\n• Please do not leave \"+1\" or \"me too\" comments, they generate extra noise for issue followers and do not help prioritize the request\n• If you are interested in working on this issue or have submitted a pull request, please leave a comment\n\n*Terraform Version*\n\nTerraform v0.11.14\n\n*Affected Resource(s)*\n\n• • provider.aws v2.19.0\n\n*Terraform Configuration Files*\n\n```\nresource \"aws_db_parameter_group\" \"wasa\" {\n  name        = \"wasa-${var.cluster}-${terraform.workspace}\"\n  description = \"parameter group for wasa database\"\n  family      = \"postgres10\"\n\n  parameter = [\n    { name = \"log_lock_waits\", value = true },\n    { name = \"log_min_duration_statement\", value = 1000 },\n    { name = \"max_wal_senders\", value = 15, apply_method = \"pending-reboot\" }, \n    { name = \"log_connections\", value = 0 }, \n  ]\n\n  tags {\n    ManagedBy            = \"Terraform. Do not touch.\"\n    database-component   = \"wasa-backend\"\n    kubernetes-cluster   = \"${var.cluster}\"\n    terraform-workspace  = \"${terraform.workspace}\"\n    kubernetes-namespace = \"${terraform.workspace}\"\n  }\n}\n\nresource \"aws_db_instance\" \"wasa\" {\n  identifier                 = \"wasa-${var.cluster}-${terraform.workspace}\"\n  allocated_storage          = \"10\"\n  storage_type               = \"${var.rds_storage_type[terraform.workspace]}\"\n  engine                     = \"postgres\"\n  engine_version             = \"${var.workspace_to_engine_version_map[terraform.workspace]}\"\n  instance_class             = \"${var.instance_class_4_wasa_rds[terraform.workspace]}\"\n  name                       = \"postgres\"\n  username                   = \"postgres\"\n  password                   = \"${var.wasa_db_password}\"\n  db_subnet_group_name       = \"${var.workspace_to_db_subnet_group_name_map[terraform.workspace]}\"\n  backup_retention_period    = \"${var.wasa_backup_retention_period}\"\n  backup_window              = \"01:00-01:30\"\n  maintenance_window         = \"wed:02:30-wed:03:30\"\n  performance_insights_enabled = true\n  performance_insights_retention_period = 7\n  skip_final_snapshot        = true                                                                # used for being able to destroy\n  vpc_security_group_ids     = [\"${var.rds_vpc_security_group_ids[terraform.workspace]}\"]\n  auto_minor_version_upgrade = true\n  deletion_protection        = false\n  multi_az                   = false\n  parameter_group_name       = \"${aws_db_parameter_group.wasa.name}\"\n\n  # only works from inside aws\n  # coded for gitlab-ci\n  provisioner \"local-exec\" {\n    command = \"sleep 10 &amp;&amp; scripts\/wasa.sh\"\n\n    environment = {\n      PGENDPOINT = \"${aws_db_instance.wasa.endpoint}\"\n      PGUSER     = \"${aws_db_instance.wasa.username}\"\n      PGPASSWORD = \"${aws_db_instance.wasa.password}\"\n    }\n  }\n\n  tags {\n    ManagedBy            = \"Terraform. Do not touch.\"\n    database-component   = \"wasa-backend\"\n    kubernetes-cluster   = \"${var.cluster}\"\n    terraform-workspace  = \"${terraform.workspace}\"\n    kubernetes-namespace = \"${terraform.workspace}\"\n  }\n}\n```\n\n*Debug Output*\n\n<https:\/\/gist.github.com\/ubdb\/6e8aa7c8e68872fb1535054062d228e6|https:\/\/gist.github.com\/ubdb\/6e8aa7c8e68872fb1535054062d228e6>\n\n*Panic Output*\n\nNone\n\n*Expected Behavior*\n\nTerraform should enable rds performance insights  \nTerraform should exit with an error, when something doesn't work.\n\n*Actual Behavior*\n\nTerraform does not apply the changes, as AWS returns a HTTP Status Code 500.  \nTerraform tries to apply the changes endless. Tt doesn't seem to handle error found incorrectly\n\n*Steps to Reproduce*\n\ncreate an rds instance without specifying the parameters.\n\n```\n  performance_insights_enabled = true\n  performance_insights_retention_period = 7\n\n```\n\n1. add the two parameters to the terraform code\n2. `terraform apply`\n\n*Important Factoids*\n\nnone\n\n*References*\n\nNone",
                "title": "#9399 cannot enable aws rds performance insights on existing rds\/postgres instance",
                "footer": "<https:\/\/github.com\/terraform-providers\/terraform-provider-aws|terraform-providers\/terraform-provider-aws>",
                "id": 1,
                "title_link": "https:\/\/github.com\/terraform-providers\/terraform-provider-aws\/issues\/9399",
                "author_link": "https:\/\/github.com\/ubdb",
                "author_icon": "https:\/\/avatars1.githubusercontent.com\/u\/53011205?v=4",
                "ts": 1563430976,
                "color": "36a64f",
                "fields": [
                    {
                        "title": "Labels",
                        "value": "needs-triage",
                        "short": true
                    },
                    {
                        "title": "Comments",
                        "value": "1",
                        "short": true
                    }
                ],
                "mrkdwn_in": [
                    "text"
                ],
                "bot_id": "BH12QQBB4",
                "app_unfurl_url": "https:\/\/github.com\/terraform-providers\/terraform-provider-aws\/issues\/9399",
                "is_app_unfurl": true
            }
        ],
        "thread_ts": "1564326868.029500",
        "parent_user_id": "UG46Z57TN"
    },
    {
        "client_msg_id": "69f7655d-603a-41cb-b86e-cd27c7dc247e",
        "type": "message",
        "text": "asgの設定。これもできそう。\n<https:\/\/github.com\/terraform-providers\/terraform-provider-aws\/issues\/9464>",
        "user": "UG46Z57TN",
        "ts": "1564327175.029900",
        "team": "TFU0BKCQP",
        "user_team": "TFU0BKCQP",
        "source_team": "TFU0BKCQP",
        "user_profile": {
            "avatar_hash": "c6bdd4cb17db",
            "image_72": "https:\/\/avatars.slack-edge.com\/2019-07-05\/685991185957_c6bdd4cb17db956661a1_72.jpg",
            "first_name": "Takeshi",
            "real_name": "Takeshi Kondo",
            "display_name": "chaspy",
            "team": "TFU0BKCQP",
            "name": "take.she12",
            "is_restricted": false,
            "is_ultra_restricted": false
        },
        "attachments": [
            {
                "author_name": "hashibot[bot]",
                "fallback": "[terraform-providers\/terraform-provider-aws] #9464 Malformed variable name in documentation [step-adjustments]",
                "text": "_This issue was originally opened by <https:\/\/github.com\/siaresgf|@siaresgf> as <https:\/\/github.com\/hashicorp\/terraform\/issues\/22179|hashicorp\/terraform#22179>. It was migrated here as a result of the <https:\/\/www.hashicorp.com\/blog\/upcoming-provider-changes-in-terraform-0-10\/|provider split>. The original body of the issue is below._\n\n* * *\n\n*Terraform Version*\n\n```\nv0.11.8\n\n```\n\n*Terraform Configuration Files*\n\n```\nresource \"aws_autoscaling_policy\" \"asg_step_scaling_scale_out\" {\n  name                    = \"${var.name}\"\n  autoscaling_group_name  = \"${aws_autoscaling_group.asg_step_scaling.name}\"\n  adjustment_type         = \"${var.asg_step_adjustment_type}\"\n  policy_type             = \"${var.asg_step_policy_type}\"\n  metric_aggregation_type = \"${var.asg_step_metric_aggregation_type}\"\n\n  depends_on = [\"aws_autoscaling_group.asg_step_scaling\"]\n\n  step_adjustments {\n    scaling_adjustment           = 25\n    metric_interval_lower_bound  = 70\n    metric_interval_upper_bound  = 80\n  }\n}\n```\n\n*Crash Output*\n\n```\ninvalid or unknown key: step_adjustments\n\n```\n\n*Steps to Reproduce*\n\n```\nterraform plan\n\n```\n\n*Additional Context*\n\nAccording this documentation: <https:\/\/www.terraform.io\/docs\/providers\/aws\/r\/autoscaling_policy.html#step_adjustments|https:\/\/www.terraform.io\/docs\/providers\/aws\/r\/autoscaling_policy.html#step_adjustments>\n\nThe correct name variable is `step-adjustment`, not `step-adjustments`, this is confusing.",
                "title": "#9464 Malformed variable name in documentation [step-adjustments]",
                "footer": "<https:\/\/github.com\/terraform-providers\/terraform-provider-aws|terraform-providers\/terraform-provider-aws>",
                "id": 1,
                "title_link": "https:\/\/github.com\/terraform-providers\/terraform-provider-aws\/issues\/9464",
                "author_link": "https:\/\/github.com\/apps\/hashibot",
                "author_icon": "https:\/\/avatars2.githubusercontent.com\/in\/8332?v=4",
                "ts": 1563906015,
                "color": "36a64f",
                "fields": [
                    {
                        "title": "Labels",
                        "value": "needs-triage",
                        "short": true
                    }
                ],
                "mrkdwn_in": [
                    "text"
                ],
                "bot_id": "BH12QQBB4",
                "app_unfurl_url": "https:\/\/github.com\/terraform-providers\/terraform-provider-aws\/issues\/9464",
                "is_app_unfurl": true
            }
        ],
        "thread_ts": "1564326868.029500",
        "parent_user_id": "UG46Z57TN"
    },
    {
        "client_msg_id": "7625bb5b-c1a3-4614-b06f-e4342b453c37",
        "type": "message",
        "text": "data source \/ dynamo table…\n<https:\/\/github.com\/terraform-providers\/terraform-provider-aws\/issues\/9462>",
        "user": "UG46Z57TN",
        "ts": "1564327210.030200",
        "team": "TFU0BKCQP",
        "user_team": "TFU0BKCQP",
        "source_team": "TFU0BKCQP",
        "user_profile": {
            "avatar_hash": "c6bdd4cb17db",
            "image_72": "https:\/\/avatars.slack-edge.com\/2019-07-05\/685991185957_c6bdd4cb17db956661a1_72.jpg",
            "first_name": "Takeshi",
            "real_name": "Takeshi Kondo",
            "display_name": "chaspy",
            "team": "TFU0BKCQP",
            "name": "take.she12",
            "is_restricted": false,
            "is_ultra_restricted": false
        },
        "attachments": [
            {
                "author_name": "enummela",
                "fallback": "[terraform-providers\/terraform-provider-aws] #9462 Data Source for aws_dynamodb_table_item",
                "text": "*Community Note*\n\n• Please vote on this issue by adding a :+1: <https:\/\/blog.github.com\/2016-03-10-add-reactions-to-pull-requests-issues-and-comments\/|reaction> to the original issue to help the community and maintainers prioritize this request\n• Please do not leave \"+1\" or \"me too\" comments, they generate extra noise for issue followers and do not help prioritize the request\n• If you are interested in working on this issue or have submitted a pull request, please leave a comment\n\n*Description*\n\nAdd a data source for AWS DynamoDB table items. In combination with `resource. aws_kms_external_key` or `resource.aws_kms_key` and `data.aws_kms_secrets`, this new data source would offer a nice approach to using secret data in Terraform.\n\n*New or Affected Resource(s)*\n\n• data.aws_dynamodb_table_item\n\n*Potential Terraform Configuration*\n\n```\ndata \"aws_dynamodb_table\" \"example\" {\n  name  = \"example-name\"\n}\n\ndata \"aws_dynamodb_table_item\" \"example\" {\n  table_name = \"${aws_dynamodb_table.example.name}\"\n  hash_key   = \"${aws_dynamodb_table.example.hash_key}\"\n  item_key   = \"item-primary-key\"\n}\n```",
                "title": "#9462 Data Source for aws_dynamodb_table_item",
                "footer": "<https:\/\/github.com\/terraform-providers\/terraform-provider-aws|terraform-providers\/terraform-provider-aws>",
                "id": 1,
                "title_link": "https:\/\/github.com\/terraform-providers\/terraform-provider-aws\/issues\/9462",
                "author_link": "https:\/\/github.com\/enummela",
                "author_icon": "https:\/\/avatars3.githubusercontent.com\/u\/5798441?v=4",
                "ts": 1563902622,
                "color": "36a64f",
                "fields": [
                    {
                        "title": "Labels",
                        "value": "enhancement, needs-triage",
                        "short": true
                    }
                ],
                "mrkdwn_in": [
                    "text"
                ],
                "bot_id": "BH12QQBB4",
                "app_unfurl_url": "https:\/\/github.com\/terraform-providers\/terraform-provider-aws\/issues\/9462",
                "is_app_unfurl": true
            }
        ],
        "thread_ts": "1564326868.029500",
        "parent_user_id": "UG46Z57TN"
    },
    {
        "client_msg_id": "b02593c5-5857-4398-942f-77691e86f323",
        "type": "message",
        "text": "data sourceのやつだ！\n<https:\/\/github.com\/terraform-providers\/terraform-provider-aws\/pull\/6979\/files>",
        "user": "UG46Z57TN",
        "ts": "1564327937.030500",
        "team": "TFU0BKCQP",
        "user_team": "TFU0BKCQP",
        "source_team": "TFU0BKCQP",
        "user_profile": {
            "avatar_hash": "c6bdd4cb17db",
            "image_72": "https:\/\/avatars.slack-edge.com\/2019-07-05\/685991185957_c6bdd4cb17db956661a1_72.jpg",
            "first_name": "Takeshi",
            "real_name": "Takeshi Kondo",
            "display_name": "chaspy",
            "team": "TFU0BKCQP",
            "name": "take.she12",
            "is_restricted": false,
            "is_ultra_restricted": false
        },
        "thread_ts": "1564326868.029500",
        "parent_user_id": "UG46Z57TN"
    },
    {
        "client_msg_id": "6c870616-6430-4d36-b8f4-fe67923db80f",
        "type": "message",
        "text": "tag on createなー\n<https:\/\/github.com\/terraform-providers\/terraform-provider-aws\/issues\/9501>",
        "user": "UG46Z57TN",
        "ts": "1564328253.030700",
        "team": "TFU0BKCQP",
        "user_team": "TFU0BKCQP",
        "source_team": "TFU0BKCQP",
        "user_profile": {
            "avatar_hash": "c6bdd4cb17db",
            "image_72": "https:\/\/avatars.slack-edge.com\/2019-07-05\/685991185957_c6bdd4cb17db956661a1_72.jpg",
            "first_name": "Takeshi",
            "real_name": "Takeshi Kondo",
            "display_name": "chaspy",
            "team": "TFU0BKCQP",
            "name": "take.she12",
            "is_restricted": false,
            "is_ultra_restricted": false
        },
        "attachments": [
            {
                "author_name": "ewbankkit",
                "fallback": "[terraform-providers\/terraform-provider-aws] #9501 r\/aws_launch_template: Tag on create",
                "text": "*Community Note*\n\n• Please vote on this issue by adding a :+1: <https:\/\/blog.github.com\/2016-03-10-add-reactions-to-pull-requests-issues-and-comments\/|reaction> to the original issue to help the community and maintainers prioritize this request\n• Please do not leave \"+1\" or \"me too\" comments, they generate extra noise for issue followers and do not help prioritize the request\n• If you are interested in working on this issue or have submitted a pull request, please leave a comment\n\n*Description*\n\nAmazon EC2 now supports tagging launch templates on creation.\n\nThis will allow us to remove the not-preferred call to `resourceAwsLaunchTemplateUpdate` from `resourceAwsLaunchTemplateCreate` and replace with a call to `resourceAwsLaunchTemplateRead`.\n\n*New or Affected Resource(s)*\n\n• <https:\/\/www.terraform.io\/docs\/providers\/aws\/r\/launch_template.html|`aws_launch_template`>\n\n*Potential Terraform Configuration*\n\nn\/a\n\n*References*\n\n<https:\/\/aws.amazon.com\/about-aws\/whats-new\/2019\/07\/amazon-ec2-now-supports-tagging-launch-templates-on-creation\/|Announcement>.\n\nRequires:\n\n• <https:\/\/github.com\/terraform-providers\/terraform-provider-aws\/pull\/9489|#9489>",
                "title": "#9501 r\/aws_launch_template: Tag on create",
                "footer": "<https:\/\/github.com\/terraform-providers\/terraform-provider-aws|terraform-providers\/terraform-provider-aws>",
                "id": 1,
                "title_link": "https:\/\/github.com\/terraform-providers\/terraform-provider-aws\/issues\/9501",
                "author_link": "https:\/\/github.com\/ewbankkit",
                "author_icon": "https:\/\/avatars3.githubusercontent.com\/u\/2404182?v=4",
                "ts": 1564066902,
                "color": "36a64f",
                "fields": [
                    {
                        "title": "Labels",
                        "value": "enhancement, service\/ec2",
                        "short": true
                    }
                ],
                "mrkdwn_in": [
                    "text"
                ],
                "bot_id": "BH12QQBB4",
                "app_unfurl_url": "https:\/\/github.com\/terraform-providers\/terraform-provider-aws\/issues\/9501",
                "is_app_unfurl": true
            }
        ],
        "thread_ts": "1564326868.029500",
        "parent_user_id": "UG46Z57TN"
    },
    {
        "client_msg_id": "2E9B8406-3031-4A66-9414-E4466BD516FF",
        "type": "message",
        "text": "遅くなりました。 :man-bowing:\nこちら、Readの処理で、d.Setでstateファイルに追加したパラメータを設定する必要がありますー！\n\n<https:\/\/github.com\/terraform-providers\/terraform-provider-aws\/pull\/9530\/files#diff-aeebe7f0d34389d5a7b77167dbb26915L73>",
        "user": "UKAKENQAF",
        "ts": "1564356044.033200",
        "team": "TFU0BKCQP",
        "user_team": "TFU0BKCQP",
        "source_team": "TFU0BKCQP",
        "user_profile": {
            "avatar_hash": "g3c6c9b43cb5",
            "image_72": "https:\/\/secure.gravatar.com\/avatar\/f3c6c9b43cb5ff355b8faaac3e662292.jpg?s=72&d=https%3A%2F%2Fa.slack-edge.com%2Fdf10d%2Fimg%2Favatars%2Fava_0020-72.png",
            "first_name": "",
            "real_name": "kterada0509",
            "display_name": "kterada0509",
            "team": "TFU0BKCQP",
            "name": "kterada.0509sg",
            "is_restricted": false,
            "is_ultra_restricted": false
        },
        "thread_ts": "1564317217.028000",
        "parent_user_id": "UG46Z57TN"
    },
    {
        "client_msg_id": "a5dcf3c5-c530-4d68-8655-e9f8b19d90b7",
        "type": "message",
        "text": "アーッ",
        "user": "UG46Z57TN",
        "ts": "1564373610.033400",
        "team": "TFU0BKCQP",
        "user_team": "TFU0BKCQP",
        "source_team": "TFU0BKCQP",
        "user_profile": {
            "avatar_hash": "c6bdd4cb17db",
            "image_72": "https:\/\/avatars.slack-edge.com\/2019-07-05\/685991185957_c6bdd4cb17db956661a1_72.jpg",
            "first_name": "Takeshi",
            "real_name": "Takeshi Kondo",
            "display_name": "chaspy",
            "team": "TFU0BKCQP",
            "name": "take.she12",
            "is_restricted": false,
            "is_ultra_restricted": false
        },
        "thread_ts": "1564317217.028000",
        "parent_user_id": "UG46Z57TN"
    },
    {
        "client_msg_id": "904ed53f-c1c6-424a-8f92-f599bc937592",
        "type": "message",
        "text": "確かに！ありがとうございます！今夜やりますー！",
        "user": "UG46Z57TN",
        "ts": "1564373635.033600",
        "team": "TFU0BKCQP",
        "user_team": "TFU0BKCQP",
        "source_team": "TFU0BKCQP",
        "user_profile": {
            "avatar_hash": "c6bdd4cb17db",
            "image_72": "https:\/\/avatars.slack-edge.com\/2019-07-05\/685991185957_c6bdd4cb17db956661a1_72.jpg",
            "first_name": "Takeshi",
            "real_name": "Takeshi Kondo",
            "display_name": "chaspy",
            "team": "TFU0BKCQP",
            "name": "take.she12",
            "is_restricted": false,
            "is_ultra_restricted": false
        },
        "thread_ts": "1564317217.028000",
        "parent_user_id": "UG46Z57TN",
        "reactions": [
            {
                "name": "+1",
                "users": [
                    "UKAKENQAF"
                ],
                "count": 1
            }
        ]
    }
]