[
    {
        "client_msg_id": "2f008797-9866-44d2-9e2a-56645fd3e2fc",
        "type": "message",
        "text": "<https:\/\/github.com\/terraform-providers\/terraform-provider-aws\/pull\/9431>\n他のテストブロックにも追加してくれいという話。それでいいのかという気もしつつ",
        "user": "UG46Z57TN",
        "ts": "1563806738.009900",
        "team": "TFU0BKCQP",
        "user_team": "TFU0BKCQP",
        "source_team": "TFU0BKCQP",
        "user_profile": {
            "avatar_hash": "c6bdd4cb17db",
            "image_72": "https:\/\/avatars.slack-edge.com\/2019-07-05\/685991185957_c6bdd4cb17db956661a1_72.jpg",
            "first_name": "Takeshi",
            "real_name": "Takeshi Kondo",
            "display_name": "chaspy",
            "team": "TFU0BKCQP",
            "name": "take.she12",
            "is_restricted": false,
            "is_ultra_restricted": false
        },
        "attachments": [
            {
                "author_name": "chaspy",
                "fallback": "[terraform-providers\/terraform-provider-aws] #9431 Add support for cloudwatch event target import",
                "text": "*Community Note*\n\n• Please vote on this pull request by adding a :+1: <https:\/\/blog.github.com\/2016-03-10-add-reactions-to-pull-requests-issues-and-comments\/|reaction> to the original pull request comment to help the community and maintainers prioritize this request\n• Please do not leave \"+1\" comments, they generate extra noise for pull request followers and do not help prioritize the request\n\nFixes <https:\/\/github.com\/terraform-providers\/terraform-provider-aws\/issues\/9264|#9264>\n\nRelease note for <https:\/\/github.com\/terraform-providers\/terraform-provider-aws\/blob\/master\/CHANGELOG.md|CHANGELOG>:\n\n```\nresource\/aws_cloudwatch_event_target: Support resource import\n\n```\n\nOutput from acceptance testing:\n\n```\n$ make testacc TESTARGS='-run=TestAccAWSCloudWatchEventTarget_basic'\n==&gt; Checking that code complies with gofmt requirements...\nTF_ACC=1 go test .\/... -v -parallel 20 -run=TestAccAWSCloudWatchEventTarget_basic -timeout 120m\n?   \t<http:\/\/github.com\/terraform-providers\/terraform-provider-aws|github.com\/terraform-providers\/terraform-provider-aws>\t[no test files]\n=== RUN   TestAccAWSCloudWatchEventTarget_basic\n=== PAUSE TestAccAWSCloudWatchEventTarget_basic\n=== CONT  TestAccAWSCloudWatchEventTarget_basic\n--- PASS: TestAccAWSCloudWatchEventTarget_basic (59.97s)\nPASS\nok  \t<http:\/\/github.com\/terraform-providers\/terraform-provider-aws\/aws|github.com\/terraform-providers\/terraform-provider-aws\/aws>\t60.034s\n\n```",
                "title": "#9431 Add support for cloudwatch event target import",
                "footer": "<https:\/\/github.com\/terraform-providers\/terraform-provider-aws|terraform-providers\/terraform-provider-aws>",
                "id": 1,
                "title_link": "https:\/\/github.com\/terraform-providers\/terraform-provider-aws\/pull\/9431",
                "author_link": "https:\/\/github.com\/chaspy",
                "author_icon": "https:\/\/avatars2.githubusercontent.com\/u\/10370988?v=4",
                "ts": 1563710300,
                "color": "36a64f",
                "fields": [
                    {
                        "title": "Labels",
                        "value": "documentation, service\/cloudwatchevents, size\/S, tests",
                        "short": true
                    }
                ],
                "mrkdwn_in": [
                    "text"
                ],
                "bot_id": "BH12QQBB4",
                "app_unfurl_url": "https:\/\/github.com\/terraform-providers\/terraform-provider-aws\/pull\/9431",
                "is_app_unfurl": true
            }
        ]
    }
]