[
    {
        "client_msg_id": "bbf3a32c-96d7-4fb5-affe-4aa3f2663ac8",
        "type": "message",
        "text": "<https:\/\/github.com\/terraform-providers\/terraform-provider-aws\/issues\/9264> スレ",
        "user": "UG46Z57TN",
        "ts": "1563636073.001300",
        "team": "TFU0BKCQP",
        "user_team": "TFU0BKCQP",
        "source_team": "TFU0BKCQP",
        "user_profile": {
            "avatar_hash": "c6bdd4cb17db",
            "image_72": "https:\/\/avatars.slack-edge.com\/2019-07-05\/685991185957_c6bdd4cb17db956661a1_72.jpg",
            "first_name": "Takeshi",
            "real_name": "Takeshi Kondo",
            "display_name": "chaspy",
            "team": "TFU0BKCQP",
            "name": "take.she12",
            "is_restricted": false,
            "is_ultra_restricted": false
        },
        "attachments": [
            {
                "author_name": "nunofernandes",
                "fallback": "[terraform-providers\/terraform-provider-aws] #9264 Import cloudwatch_event_target",
                "text": "*Community Note*\n\n• Please vote on this issue by adding a :+1: <https:\/\/blog.github.com\/2016-03-10-add-reactions-to-pull-requests-issues-and-comments\/|reaction> to the original issue to help the community and maintainers prioritize this request\n• Please do not leave \"+1\" or \"me too\" comments, they generate extra noise for issue followers and do not help prioritize the request\n• If you are interested in working on this issue or have submitted a pull request, please leave a comment\n\n*Description*\n\nAdd support for importing aws_cloudwatch_event_target.\n\nThe aws_cloudwatch_event_rule already supports import but the aws_cloudwatch_event_target doesn't.\n\n*New or Affected Resource(s)*\n\n• aws_cloudwatch_event_target",
                "title": "#9264 Import cloudwatch_event_target",
                "footer": "<https:\/\/github.com\/terraform-providers\/terraform-provider-aws|terraform-providers\/terraform-provider-aws>",
                "id": 1,
                "title_link": "https:\/\/github.com\/terraform-providers\/terraform-provider-aws\/issues\/9264",
                "author_link": "https:\/\/github.com\/nunofernandes",
                "author_icon": "https:\/\/avatars2.githubusercontent.com\/u\/1197165?v=4",
                "ts": 1562580014,
                "color": "36a64f",
                "fields": [
                    {
                        "title": "Labels",
                        "value": "enhancement, service\/cloudwatchevents",
                        "short": true
                    },
                    {
                        "title": "Comments",
                        "value": "2",
                        "short": true
                    }
                ],
                "mrkdwn_in": [
                    "text"
                ],
                "bot_id": "BH12QQBB4",
                "app_unfurl_url": "https:\/\/github.com\/terraform-providers\/terraform-provider-aws\/issues\/9264",
                "is_app_unfurl": true
            }
        ],
        "thread_ts": "1563636073.001300",
        "reply_count": 20,
        "reply_users_count": 1,
        "latest_reply": "1563725961.007100",
        "reply_users": [
            "UG46Z57TN"
        ],
        "replies": [
            {
                "user": "UG46Z57TN",
                "ts": "1563636088.001500"
            },
            {
                "user": "UG46Z57TN",
                "ts": "1563636095.001800"
            },
            {
                "user": "UG46Z57TN",
                "ts": "1563706727.002000"
            },
            {
                "user": "UG46Z57TN",
                "ts": "1563706881.002200"
            },
            {
                "user": "UG46Z57TN",
                "ts": "1563706895.002400"
            },
            {
                "user": "UG46Z57TN",
                "ts": "1563706959.002700"
            },
            {
                "user": "UG46Z57TN",
                "ts": "1563706973.002900"
            },
            {
                "user": "UG46Z57TN",
                "ts": "1563706996.003200"
            },
            {
                "user": "UG46Z57TN",
                "ts": "1563707009.003500"
            },
            {
                "user": "UG46Z57TN",
                "ts": "1563707065.003800"
            },
            {
                "user": "UG46Z57TN",
                "ts": "1563707240.004000"
            },
            {
                "user": "UG46Z57TN",
                "ts": "1563723979.005100"
            },
            {
                "user": "UG46Z57TN",
                "ts": "1563725500.005300"
            },
            {
                "user": "UG46Z57TN",
                "ts": "1563725627.005700"
            },
            {
                "user": "UG46Z57TN",
                "ts": "1563725779.005900"
            },
            {
                "user": "UG46Z57TN",
                "ts": "1563725827.006100"
            },
            {
                "user": "UG46Z57TN",
                "ts": "1563725863.006500"
            },
            {
                "user": "UG46Z57TN",
                "ts": "1563725936.006700"
            },
            {
                "user": "UG46Z57TN",
                "ts": "1563725948.006900"
            },
            {
                "user": "UG46Z57TN",
                "ts": "1563725961.007100"
            }
        ],
        "subscribed": false
    },
    {
        "client_msg_id": "b2fe19ae-50c0-4038-bdb3-2604519e1aee",
        "type": "message",
        "text": "tffileは <https:\/\/www.terraform.io\/docs\/providers\/aws\/r\/cloudwatch_event_target.html>",
        "user": "UG46Z57TN",
        "ts": "1563636088.001500",
        "team": "TFU0BKCQP",
        "user_team": "TFU0BKCQP",
        "source_team": "TFU0BKCQP",
        "user_profile": {
            "avatar_hash": "c6bdd4cb17db",
            "image_72": "https:\/\/avatars.slack-edge.com\/2019-07-05\/685991185957_c6bdd4cb17db956661a1_72.jpg",
            "first_name": "Takeshi",
            "real_name": "Takeshi Kondo",
            "display_name": "chaspy",
            "team": "TFU0BKCQP",
            "name": "take.she12",
            "is_restricted": false,
            "is_ultra_restricted": false
        },
        "attachments": [
            {
                "service_name": "Terraform by HashiCorp",
                "title": "AWS: aws_cloudwatch_event_target - Terraform by HashiCorp",
                "title_link": "https:\/\/www.terraform.io\/docs\/providers\/aws\/r\/cloudwatch_event_target.html",
                "text": "Provides a CloudWatch Event Target resource.",
                "fallback": "Terraform by HashiCorp: AWS: aws_cloudwatch_event_target - Terraform by HashiCorp",
                "thumb_url": "https:\/\/www.terraform.io\/assets\/images\/og-image-8b3e4f7d.png",
                "from_url": "https:\/\/www.terraform.io\/docs\/providers\/aws\/r\/cloudwatch_event_target.html",
                "thumb_width": 712,
                "thumb_height": 712,
                "service_icon": "https:\/\/www.terraform.io\/assets\/images\/favicons\/apple-touch-icon-13180a24.png",
                "id": 1,
                "original_url": "https:\/\/www.terraform.io\/docs\/providers\/aws\/r\/cloudwatch_event_target.html"
            }
        ],
        "thread_ts": "1563636073.001300",
        "parent_user_id": "UG46Z57TN"
    },
    {
        "client_msg_id": "8ebd09dd-0c69-4d71-87da-1f1a3e0b967d",
        "type": "message",
        "text": "このsampleでまずはつくってみる",
        "user": "UG46Z57TN",
        "ts": "1563636095.001800",
        "team": "TFU0BKCQP",
        "user_team": "TFU0BKCQP",
        "source_team": "TFU0BKCQP",
        "user_profile": {
            "avatar_hash": "c6bdd4cb17db",
            "image_72": "https:\/\/avatars.slack-edge.com\/2019-07-05\/685991185957_c6bdd4cb17db956661a1_72.jpg",
            "first_name": "Takeshi",
            "real_name": "Takeshi Kondo",
            "display_name": "chaspy",
            "team": "TFU0BKCQP",
            "name": "take.she12",
            "is_restricted": false,
            "is_ultra_restricted": false
        },
        "thread_ts": "1563636073.001300",
        "parent_user_id": "UG46Z57TN"
    }
]