[
    {
        "type": "message",
        "subtype": "bot_message",
        "text": "",
        "ts": "1553420736.015900",
        "username": "Trello",
        "bot_id": "BH4CDEXRC",
        "attachments": [
            {
                "author_name": "Yoshitaka Nishimura",
                "fallback": "Yoshitaka Nishimura commented on 100本ノック: \"最近の本屋での並びを見る感じだと、大辞典とか大全とか見るだけノートとかあるね。terraform 見るだけコードとか洒落てる（オヤジ\"",
                "text": "最近の本屋での並びを見る感じだと、大辞典とか大全とか見るだけノートとかあるね。terraform 見るだけコードとか洒落てる（オヤジ",
                "pretext": "New comment on *<https:\/\/trello.com\/c\/TVTV79pN|100本ノック>*",
                "id": 1,
                "author_link": "https:\/\/trello.com\/yoshitaka_nishimura",
                "color": "0079BF",
                "mrkdwn_in": [
                    "text",
                    "pretext"
                ]
            }
        ]
    },
    {
        "type": "message",
        "subtype": "bot_message",
        "text": "",
        "ts": "1553420755.016000",
        "username": "Trello",
        "bot_id": "BH4CDEXRC",
        "attachments": [
            {
                "author_name": "Yoshitaka Nishimura",
                "fallback": "New card 使い方 added to list はじめに on board <http:\/\/github.io|github.io>.",
                "text": "In list *はじめに* on *<https:\/\/trello.com\/b\/xscQNBRU|github.io>*.",
                "pretext": "New card created",
                "title": "使い方",
                "id": 1,
                "title_link": "https:\/\/trello.com\/c\/fvnSSRmy",
                "author_link": "https:\/\/trello.com\/yoshitaka_nishimura",
                "color": "0079BF",
                "mrkdwn_in": [
                    "text",
                    "pretext"
                ]
            }
        ]
    },
    {
        "type": "message",
        "subtype": "bot_message",
        "text": "",
        "ts": "1553421112.016100",
        "username": "Trello",
        "bot_id": "BH4CDEXRC",
        "attachments": [
            {
                "author_name": "Yoshitaka Nishimura",
                "fallback": "Yoshitaka Nishimura updated the description of 使い方.",
                "text": "再掲だけど。\nTrello 及び github は権限の及ぶ範囲で自由にやってもらって大丈夫。\nたぶん今のところ最悪でもボードアーカイブくらいしかできないはずなので、いくらでも取り返しが効きます。\nやってみてダメだったり他からなんか言われたらそれから考えましょう。\n考えなしより考えたほうがいいけど、やらないよりはやるほうがマシ。なので。\nよっぽど変とかダメとかじゃなければそのまま進捗させる方向で。\n既にできているものを変更するとか、もし行動に迷ったらslackで一声かけてくれればみんなの意見が聞けると思います。\n",
                "pretext": "Updated the description of *<https:\/\/trello.com\/c\/fvnSSRmy|使い方>*.",
                "id": 1,
                "author_link": "https:\/\/trello.com\/yoshitaka_nishimura",
                "color": "0079BF",
                "mrkdwn_in": [
                    "text",
                    "pretext"
                ]
            }
        ]
    },
    {
        "type": "message",
        "subtype": "bot_message",
        "text": "",
        "ts": "1553421383.016200",
        "username": "Trello",
        "bot_id": "BH4CDEXRC",
        "attachments": [
            {
                "author_name": "Yoshitaka Nishimura",
                "fallback": "New card 権限について added to list はじめに on board <http:\/\/github.io|github.io>.",
                "text": "In list *はじめに* on *<https:\/\/trello.com\/b\/xscQNBRU|github.io>*.",
                "pretext": "New card created",
                "title": "権限について",
                "id": 1,
                "title_link": "https:\/\/trello.com\/c\/yOkJln3Q",
                "author_link": "https:\/\/trello.com\/yoshitaka_nishimura",
                "color": "0079BF",
                "mrkdwn_in": [
                    "text",
                    "pretext"
                ]
            }
        ]
    },
    {
        "type": "message",
        "subtype": "bot_message",
        "text": "",
        "ts": "1553421495.016300",
        "username": "Trello",
        "bot_id": "BH4CDEXRC",
        "attachments": [
            {
                "author_name": "Yoshitaka Nishimura",
                "fallback": "Yoshitaka Nishimura updated the description of 権限について.",
                "text": "Trelloに関してはSlackに置いたリンクから参加すると、誰でも見れるようになっています。\nその後手動でメンバーに昇格しているので、ほぼみんな同じ権限です。\n\ngithubに関してはもう少しだけ慎重なほうがいいと思うので、初回はforkして変更点をテストしてPRをください。\nPRを投げた人がこらぼれーた",
                "pretext": "Updated the description of *<https:\/\/trello.com\/c\/yOkJln3Q|権限について>*.",
                "id": 1,
                "author_link": "https:\/\/trello.com\/yoshitaka_nishimura",
                "color": "0079BF",
                "mrkdwn_in": [
                    "text",
                    "pretext"
                ]
            }
        ]
    },
    {
        "type": "message",
        "subtype": "bot_message",
        "text": "",
        "ts": "1553421657.016400",
        "username": "Trello",
        "bot_id": "BH4CDEXRC",
        "attachments": [
            {
                "author_name": "Yoshitaka Nishimura",
                "fallback": "Yoshitaka Nishimura updated the description of 権限について.",
                "text": "Trelloに関してはSlackに置いたリンクから参加すると、誰でも見れるようになっています。\nその後手動でメンバーに昇格しているので、ほぼみんな同じ権限です。\nslackよりちょっとマシに分類されたカード置場という感じで使いましょう。\n\n\ngithubに関してはもう少しだけ慎重なほうがいいと思うので、初回はforkしてPRをください。\nPRを投げた人がコラボレータで、その受け入れをするのがコントリビュータです。\n一回PRいただけたらコントリビュータになってもらう（もちろん拒否もできると思います）方式でいきたいと思います。\n少なからずgit及びgithubと当然terrafom-jpに貢献していただくだけのスキルと熱意があるということで。\n",
                "pretext": "Updated the description of *<https:\/\/trello.com\/c\/yOkJln3Q|権限について>*.",
                "id": 1,
                "author_link": "https:\/\/trello.com\/yoshitaka_nishimura",
                "color": "0079BF",
                "mrkdwn_in": [
                    "text",
                    "pretext"
                ]
            }
        ]
    },
    {
        "type": "message",
        "subtype": "bot_message",
        "text": "",
        "ts": "1553428562.016500",
        "username": "Trello",
        "bot_id": "BH4CDEXRC",
        "attachments": [
            {
                "author_name": "Yoshitaka Nishimura",
                "fallback": "New card 手順について added to list はじめに on board <http:\/\/github.io|github.io>.",
                "text": "In list *はじめに* on *<https:\/\/trello.com\/b\/xscQNBRU|github.io>*.",
                "pretext": "New card created",
                "title": "手順について",
                "id": 1,
                "title_link": "https:\/\/trello.com\/c\/2TdlTbrm",
                "author_link": "https:\/\/trello.com\/yoshitaka_nishimura",
                "color": "0079BF",
                "mrkdwn_in": [
                    "text",
                    "pretext"
                ]
            }
        ]
    },
    {
        "type": "message",
        "subtype": "bot_message",
        "text": "",
        "ts": "1553429033.016600",
        "username": "Trello",
        "bot_id": "BH4CDEXRC",
        "attachments": [
            {
                "author_name": "Yoshitaka Nishimura",
                "fallback": "Yoshitaka Nishimura updated the description of 手順について.",
                "text": "trelloについては好きに書きましょう。\n思ってることを書かないと伝わらないし。\n\ngithub pages についてはgithubでissue立てて作業してもらえるとわかりやすくていいかなと思います。\ngithubはgithubだけで成立するので、slackが相談所、trelloは共有場所、githubが作業場所という感じにすればいいかなと。\n手間だし面倒くさいところもあると思うので、やっちゃう、みたいなのはgithubでやっちゃっていいです。\n相談してからやろうと思うならslackかtrelloに書いてもらえれば、って感じで。\n\nもしわからないこととかできないんだけど？とかあれば教えてください。",
                "pretext": "Updated the description of *<https:\/\/trello.com\/c\/2TdlTbrm|手順について>*.",
                "id": 1,
                "author_link": "https:\/\/trello.com\/yoshitaka_nishimura",
                "color": "0079BF",
                "mrkdwn_in": [
                    "text",
                    "pretext"
                ]
            }
        ]
    },
    {
        "type": "message",
        "subtype": "bot_message",
        "text": "",
        "ts": "1553430833.016700",
        "username": "Trello",
        "bot_id": "BH4CDEXRC",
        "attachments": [
            {
                "author_name": "Yoshitaka Nishimura",
                "fallback": "Yoshitaka Nishimura commented on そもそも誰かjekyllでページちゃんとしてくれたらうれしい: \"@chaspy 一旦技術系サイトに近い動作ができる見栄えのいいテーマが選定できればいいかなとか思ってました。\nそもそもまだ掲載内容も詰めてないってゆうかコンテンツもないので、参加してくれる人の協力内容次第かなって。\n\n個人的には情報ハブ化すればgithub pagesでなんでもかんでも掲載しなくていいと思ってます。\nqiita以外でも情報が集まってくるなら（slackのrssとreleaseで今んとこ間に合ってるけど）それらを掲載するでもいいと思っているし、各人が貢献したい方法や場所は自由でいいと思うので。。。\nslackに一度に人が入ったはいいけどちょっと硬直しちゃったしｗ\n\nちなみに動作的には書いてあるとおりですね。\ngithub pagesのほぼデフォルト動作で、_config.yml があって設定がmasterになってます。\nいじり始めると知らない人とかいじりにくいかなと思って大したことしてない。。。\"",
                "text": "@chaspy 一旦技術系サイトに近い動作ができる見栄えのいいテーマが選定できればいいかなとか思ってました。\nそもそもまだ掲載内容も詰めてないってゆうかコンテンツもないので、参加してくれる人の協力内容次第かなって。\n\n個人的には情報ハブ化すればgithub pagesでなんでもかんでも掲載しなくていいと思ってます。\nqiita以外でも情報が集まってくるなら（slackのrssとreleaseで今んとこ間に合ってるけど）それらを掲載するでもいいと思っているし、各人が貢献したい方法や場所は自由でいいと思うので。。。\nslackに一度に人が入ったはいいけどちょっと硬直しちゃったしｗ\n\nちなみに動作的には書いてあるとおりですね。\ngithub pagesのほぼデフォルト動作で、_config.yml があって設定がmasterになってます。\nいじり始めると知らない人とかいじりにくいかなと思って大したことしてない。。。",
                "pretext": "New comment on *<https:\/\/trello.com\/c\/6yUQUFzO|そもそも誰かjekyllでページちゃんとしてくれたらうれしい>*",
                "id": 1,
                "author_link": "https:\/\/trello.com\/yoshitaka_nishimura",
                "color": "0079BF",
                "mrkdwn_in": [
                    "text",
                    "pretext"
                ]
            }
        ]
    },
    {
        "client_msg_id": "344b2da5-f445-41d2-916a-f48f16b5238b",
        "type": "message",
        "text": "ピン止め用\nslackは無料だとログ落ちするのでgithub pageの運用用にtrelloチームを作成してみた。\nもしtrelloと使ったことがない人がいたらこのリンクからtrelloを使い始めるとお互いちょっと幸せｗ\n<https:\/\/trello.com\/yoshitaka_nishimura\/recommend>\n\ntrelloアカウントがすでにある人は直接ボードの招待リンク\n<https:\/\/trello.com\/invite\/b\/xscQNBRU\/898dcde1258549f33f11abbb0ee57fac\/githubio>",
        "user": "UFU0BKD8F",
        "ts": "1553430941.017200",
        "attachments": [
            {
                "title": "Trello",
                "title_link": "https:\/\/trello.com\/yoshitaka_nishimura\/recommend",
                "text": "Infinitely flexible, incredibly easy to use. Great mobile apps. It's free. Trello keeps track of everything, from the big picture to the minute details.",
                "fallback": "Trello",
                "image_url": "https:\/\/d2k1ftgv7pobq7.cloudfront.net\/meta\/p\/res\/images\/99b9fe5eef1924ee2fe0306b5cdd6541\/home-preview.jpg",
                "from_url": "https:\/\/trello.com\/yoshitaka_nishimura\/recommend",
                "image_width": 417,
                "image_height": 250,
                "image_bytes": 84045,
                "service_icon": "https:\/\/trello.com\/favicon.ico",
                "service_name": "trello.com",
                "id": 1,
                "original_url": "https:\/\/trello.com\/yoshitaka_nishimura\/recommend"
            }
        ]
    },
    {
        "type": "message",
        "subtype": "bot_message",
        "text": "",
        "ts": "1553434727.017500",
        "username": "Trello",
        "bot_id": "BH4CDEXRC",
        "attachments": [
            {
                "author_name": "Takeshi Kondo",
                "fallback": "Takeshi Kondo commented on サイトの掲載事項を考える: \"これissueでやりましょう。大方針が決まらないと動き辛い。\"",
                "text": "これissueでやりましょう。大方針が決まらないと動き辛い。",
                "pretext": "New comment on *<https:\/\/trello.com\/c\/19s2sYio|サイトの掲載事項を考える>*",
                "id": 1,
                "author_link": "https:\/\/trello.com\/chaspy",
                "color": "0079BF",
                "mrkdwn_in": [
                    "text",
                    "pretext"
                ]
            }
        ]
    },
    {
        "type": "message",
        "subtype": "bot_message",
        "text": "",
        "ts": "1553435323.017600",
        "username": "Trello",
        "bot_id": "BH4CDEXRC",
        "attachments": [
            {
                "author_name": "Takeshi Kondo",
                "fallback": "Takeshi Kondo commented on サイトの掲載事項を考える: \"issued\n<https:\/\/github.com\/terraformjp\/terraformjp.github.io\/issues\/8>\"",
                "text": "issued\n<https:\/\/github.com\/terraformjp\/terraformjp.github.io\/issues\/8>",
                "pretext": "New comment on *<https:\/\/trello.com\/c\/19s2sYio|サイトの掲載事項を考える>*",
                "id": 1,
                "author_link": "https:\/\/trello.com\/chaspy",
                "color": "0079BF",
                "mrkdwn_in": [
                    "text",
                    "pretext"
                ]
            }
        ]
    },
    {
        "client_msg_id": "1638a0ae-a678-47d1-b973-1c163a009f7c",
        "type": "message",
        "text": "ちょっとさすがにTrelloアプリがうるさいので少し静かにさせました。。。",
        "user": "UFU0BKD8F",
        "ts": "1553438783.018300",
        "reactions": [
            {
                "name": "+1",
                "users": [
                    "UFTKSQ25T",
                    "UH0PSGUJ3"
                ],
                "count": 2
            }
        ]
    }
]