[
    {
        "type": "message",
        "subtype": "bot_message",
        "text": "",
        "ts": "1603756982.006100",
        "bot_id": "BG2UDF0NA",
        "attachments": [
            {
                "fallback": "ansible\/ansible on GitHub\nv2.8.17rc1 \n\nv2.9.15rc1 \n\nv2.10.3rc1",
                "text": "`v2.8.17rc1` \n\n`v2.9.15rc1` \n\n`v2.10.3rc1`",
                "title": "ansible\/ansible on GitHub",
                "id": 1,
                "title_link": "https:\/\/newreleases.io\/github\/ansible\/ansible",
                "mrkdwn_in": [
                    "text"
                ]
            }
        ]
    }
]