[
    {
        "type": "message",
        "subtype": "bot_message",
        "text": "",
        "ts": "1603381629.005600",
        "bot_id": "BG2UDF0NA",
        "attachments": [
            {
                "fallback": "terraform-providers\/terraform-provider-azurerm on GitHub\nv2.33.0",
                "text": "`v2.33.0`",
                "title": "terraform-providers\/terraform-provider-azurerm on GitHub",
                "id": 1,
                "title_link": "https:\/\/newreleases.io\/github\/terraform-providers\/terraform-provider-azurerm",
                "mrkdwn_in": [
                    "text"
                ]
            }
        ]
    },
    {
        "type": "message",
        "subtype": "bot_message",
        "text": "",
        "ts": "1603382299.005700",
        "bot_id": "BG2UDF0NA",
        "attachments": [
            {
                "fallback": "terraform-providers\/terraform-provider-azurerm on GitHub\nv2.33.0v2.33.0 updated\nrelease note: <https:\/\/newreleases.io\/github\/terraform-providers\/terraform-provider-azurerm?version=v2.33.0>",
                "text": "*v2.33.0* `v2.33.0` _updated_\n```\n-------------------------\n2.33.0 (October 22, 2020)\n-------------------------\n\nUPGRADE NOTES\n\n&gt; \n&gt; * This release includes a workaround for a breaking change in Azure’s API\n&gt; related to the Extended Auditing Policy (\n&gt; <https:\/\/github.com\/Azure\/azure-rest-api-specs\/issues\/11271> ) of the SQL and\n&gt; MSSQL resources. The Service Team have confirmed that this Regression will\n&gt; first roll out to all regions before the bug fix is deployed - as such\n&gt; this workaround will be removed in a future release once the fix for the\n&gt; Azure API has been rolled out to all regions.\n&gt; \n&gt; \n\nFEATURES:\n\n* *New Resource:* azurerm_service_fabric_mesh_secret ( #8933 ( <https:\/\/github.com\/terraform-providers\/terraform-provider-azurerm\/issues\/8933> ) )\n\n* *New Resource:* azurerm_service_fabric_mesh_secret_value ( #8933 ( <https:\/\/github.com\/terraform-providers\/terraform-provider-azurerm\/issues\/8933> ) )\n\nIMPROVEMENTS:\n\n* Data Source: azurerm_shared_image_version - exposing os_disk_image_size_gb ( #8904 ( <https:\/\/github.com\/terraform-providers\/terraform-provider-azurerm\/issues\/8904> ) )\n\n* azurerm_app_configuration - support for the identity block ( #8875 ( <https:\/\/github.com\/terraform-providers\/terraform-provider-azurerm\/issues\/8875> ) )\n\n* azurerm_cosmosdb_sql_container - support for composite indexes ( #8792 ( <https:\/\/github.com\/terraform-providers\/terraform-provider-azurerm\/issues\/8792> ) )\n\n* azurerm_mssql_database - do not set longterm and shortterm retention policies when using the DW SKUs ( #8899 ( <https:\/\/github.com\/terraform-providers\/terraform-provider-azurerm\/issues\/8899> ) )\n\n* azurerm_mysql_firewall_rule - validating the start_ip_address and end_ip_address fields are IP Addresses ( #8948 ( <https:\/\/github.com\/terraform-providers\/terraform-provider-azurerm\/issues\/8948> ) )\n\n* azurerm_redis_firewall_rule - validating the start_ip and end_ip fields are IP Addresses ( #8948 ( <https:\/\/github.com\/terraform-providers\/terraform-provider-azurerm\/issues\/8948> ) )\n\n* azurerm_search_service - support for the identity block ( #8907 ( <https:\/\/github.com\/terraform-providers\/terraform-provider-azurerm\/issues\/8907> ) )\n\n* azurerm_sql_firewall_rule - adding validation for the start_ip_address and end_ip_address fields ( #8935 ( <https:\/\/github.com\/terraform-providers\/terraform-provider-azurerm\/issues\/8935> ) )\n\nBUG FIXES:\n\n* azurerm_application_gateway - now supports ignore_changes for ssl_certificate when using pre-existing certificates ( #8761 ( <https:\/\/github.com\/terraform-providers\/terraform-provider-azurerm\/issues\/8761> ) )\n\n* azurerm_mssql_database - working around a breaking change\/regression in the Azure API ( #8975 ( <https:\/\/github.com\/terraform-providers\/terraform-provider-azurerm\/issues\/8975> ) )\n\n* azurerm_mssql_database_extended_auditing_policy - working around a breaking change\/regression in the Azure API ( #8975 ( <https:\/\/github.com\/terraform-providers\/terraform-provider-azurerm\/issues\/8975> ) )\n\n* azurerm_mssql_server - working around a breaking change\/regression in the Azure API ( #8975 ( <https:\/\/github.com\/terraform-providers\/terraform-provider-azurerm\/issues\/8975> ) )\n\n* azurerm_mssql_server_extended_auditing_policy - working around a breaking change\/regression in the Azure API ( #8975 ( <https:\/\/github.com\/terraform-providers\/terraform-provider-azurerm\/issues\/8975> ) )\n\n* azurerm_sql_database - working around a breaking change\/regression in the Azure API ( #8975 ( <https:\/\/github.com\/terraform-providers\/terraform-provider-azurerm\/issues\/8975> ) )\n\n* azurerm_sql_server - working around a breaking change\/regression in the Azure API ( #8975 ( <https:\/\/github.com\/terraform-providers\/terraform-provider-azurerm\/issues\/8975> ) )\n\n* azurerm_policy_set_definition - Fix updates for parameters and parameter_values in policy_definition_reference blocks ( #8882 ( <https:\/\/github.com\/terraform-providers\/terraform-provider-azurerm\/issues\/8882> ) )\n```\n<https:\/\/newreleases.io\/github\/terraform-providers\/terraform-provider-azurerm?version=v2.33.0|release note...>",
                "title": "terraform-providers\/terraform-provider-azurerm on GitHub",
                "id": 1,
                "title_link": "https:\/\/newreleases.io\/github\/terraform-providers\/terraform-provider-azurerm",
                "mrkdwn_in": [
                    "text"
                ]
            }
        ]
    },
    {
        "type": "message",
        "subtype": "bot_message",
        "text": "",
        "ts": "1603400792.005800",
        "bot_id": "BG2UDF0NA",
        "attachments": [
            {
                "fallback": "terraform-providers\/terraform-provider-aws on GitHub\nv3.12.0",
                "text": "`v3.12.0`",
                "title": "terraform-providers\/terraform-provider-aws on GitHub",
                "id": 1,
                "title_link": "https:\/\/newreleases.io\/github\/terraform-providers\/terraform-provider-aws",
                "mrkdwn_in": [
                    "text"
                ]
            }
        ]
    },
    {
        "type": "message",
        "subtype": "bot_message",
        "text": "",
        "ts": "1603402404.005900",
        "bot_id": "BG2UDF0NA",
        "attachments": [
            {
                "fallback": "terraform-providers\/terraform-provider-aws on GitHub\nv3.12.0v3.12.0 updated\nrelease note: <https:\/\/newreleases.io\/github\/terraform-providers\/terraform-provider-aws?version=v3.12.0>",
                "text": "*v3.12.0* `v3.12.0` _updated_\n```\nFEATURES\n\n* *New Data Source:* aws_rds_certificate ( #15789 ( <https:\/\/github.com\/terraform-providers\/terraform-provider-aws\/issues\/15789> ) )\n\n* *New Resource:* aws_autoscalingplans_scaling_plan ( #8965 ( <https:\/\/github.com\/terraform-providers\/terraform-provider-aws\/issues\/8965> ) )\n\n* *New Resource:* aws_cloudwatch_event_bus ( #10256 ( <https:\/\/github.com\/terraform-providers\/terraform-provider-aws\/issues\/10256> ) )\n\n* *New Resource:* aws_kinesisanalyticsv2_application ( #11652 ( <https:\/\/github.com\/terraform-providers\/terraform-provider-aws\/issues\/11652> ) )\n\n* *New Resource:* aws_storagegateway_stored_iscsi_volume ( #12027 ( <https:\/\/github.com\/terraform-providers\/terraform-provider-aws\/issues\/12027> ) )\n\nENHANCEMENTS\n\n* resource\/aws_cloudwatch_event_target: Add validation to input_transformer.input_paths map ( #15669 ( <https:\/\/github.com\/terraform-providers\/terraform-provider-aws\/issues\/15669> ) )\n\n* resource\/aws_codeartifact_repository - support external connections ( #15569 ( <https:\/\/github.com\/terraform-providers\/terraform-provider-aws\/issues\/15569> ) )\n\n* resource\/aws_fsx_lustre_file_system: Add copy_tags_to_backups support ( #15687 ( <https:\/\/github.com\/terraform-providers\/terraform-provider-aws\/issues\/15687> ) )\n\n* resource\/aws_fsx_lustre_file_system: Increased maximum automatic_backup_retention_days from 35 to 90 ( #15641 ( <https:\/\/github.com\/terraform-providers\/terraform-provider-aws\/issues\/15641> ) )\n\n* resource\/aws_fsx_windows_file_system: Increased maximum automatic_backup_retention_days from 35 to 90 ( #15641 ( <https:\/\/github.com\/terraform-providers\/terraform-provider-aws\/issues\/15641> ) )\n\n* resource\/aws_glue_catalog_table: add validation checks for resource properties ( #12523 ( <https:\/\/github.com\/terraform-providers\/terraform-provider-aws\/issues\/12523> ) )\n\n* resource\/aws_network_interface: Add ipv6_addresses and ipv6_address_count arguments ( #12281 ( <https:\/\/github.com\/terraform-providers\/terraform-provider-aws\/issues\/12281> ) )\n\n* resource\/aws_sagemaker_notebook_instance: lifecycle_config_name and root_access are updateable. ( #15385 ( <https:\/\/github.com\/terraform-providers\/terraform-provider-aws\/issues\/15385> ) )\n\n* resource\/aws_sagemaker_notebook_instance: plan time validation for role_arn , instance_type. ( #15385 ( <https:\/\/github.com\/terraform-providers\/terraform-provider-aws\/issues\/15385> ) )\n\nBUGFIXES\n\n* resource\/aws_workspaces_workspace: Fix terminated state resolution ( #15705 ( <https:\/\/github.com\/terraform-providers\/terraform-provider-aws\/issues\/15705> ) )\n\n* resource\/aws_glue_table_catalog_table: Prevent errors on unset of ser_de_info.name ( #15127 ( <https:\/\/github.com\/terraform-providers\/terraform-provider-aws\/issues\/15127> ) )\n\n* resource\/aws_glue_security_configuration: Don't send empty kms_arn if mode is DISABLED ( #13618 ( <https:\/\/github.com\/terraform-providers\/terraform-provider-aws\/issues\/13618> ) )\n```\n<https:\/\/newreleases.io\/github\/terraform-providers\/terraform-provider-aws?version=v3.12.0|release note...>",
                "title": "terraform-providers\/terraform-provider-aws on GitHub",
                "id": 1,
                "title_link": "https:\/\/newreleases.io\/github\/terraform-providers\/terraform-provider-aws",
                "mrkdwn_in": [
                    "text"
                ]
            }
        ]
    }
]