[
    {
        "type": "message",
        "subtype": "bot_message",
        "text": "<https:\/\/qiita.com\/masayukiw\/items\/2f7201fc4ef46da79a39|【provider \"aws\" { 】エラーの処理>\n<https:\/\/qiita.com\/#%E5%AE%9F%E8%A1%8C%E3%82%B3%E3%83%9E%E3%83%B3%E3%83%89>実行コマンド\n\nterraform plan\n\n\n\n<https:\/\/qiita.com\/#%E3%82%A8%E3%83%A9%E3%83%BC>エラー\n\n\nError: error configuring Terraform AWS Provider: error validating provider credentials: error calling sts:GetCallerIdentity: InvalidClientTokenId: The security token included in the request is invalid.\n    status code: 403, request id: 600b5195-091b-4423-9364-342b681aa47d\n  on <http:\/\/main.tf|main.tf> line 2, in provider \"aws\":...",
        "ts": "1598878603.015400",
        "username": "Terraformタグが付けられた新着記事 - Qiita",
        "icons": {
            "image_36": "https:\/\/a.slack-edge.com\/80588\/img\/services\/rss_36.png",
            "image_48": "https:\/\/a.slack-edge.com\/80588\/img\/services\/rss_48.png",
            "image_72": "https:\/\/a.slack-edge.com\/80588\/img\/services\/rss_72.png"
        },
        "bot_id": "BG3N7LG73",
        "attachments": [
            {
                "service_name": "Qiita",
                "title": "【provider \"aws\" { 】エラーの処理 - Qiita",
                "title_link": "https:\/\/qiita.com\/masayukiw\/items\/2f7201fc4ef46da79a39",
                "text": "実行コマンド terraform plan エラー Error: error configuring Terraform AWS Provider: error validating provider credenti...",
                "fallback": "Qiita: 【provider \"aws\" { 】エラーの処理 - Qiita",
                "image_url": "https:\/\/qiita-user-contents.imgix.net\/https%3A%2F%2Fcdn.qiita.com%2Fassets%2Fpublic%2Farticle-ogp-background-1150d8b18a7c15795b701a55ae908f94.png?ixlib=rb-1.2.2&w=1200&mark=https%3A%2F%2Fqiita-user-contents.imgix.net%2F~text%3Fixlib%3Drb-1.2.2%26w%3D840%26h%3D380%26txt%3D%25E3%2580%2590provider%2520%2522aws%2522%2520%257B%2520%25E3%2580%2591%25E3%2582%25A8%25E3%2583%25A9%25E3%2583%25BC%25E3%2581%25AE%25E5%2587%25A6%25E7%2590%2586%26txt-color%3D%2523333%26txt-font%3DHiragino%2520Sans%2520W6%26txt-size%3D54%26txt-clip%3Dellipsis%26txt-align%3Dcenter%252Cmiddle%26s%3Dc401d3dce8bfc10897295493a3c3185e&mark-align=center%2Cmiddle&blend=https%3A%2F%2Fqiita-user-contents.imgix.net%2F~text%3Fixlib%3Drb-1.2.2%26w%3D840%26h%3D500%26txt%3D%2540masayukiw%26txt-color%3D%2523333%26txt-font%3DHiragino%2520Sans%2520W6%26txt-size%3D45%26txt-align%3Dright%252Cbottom%26s%3Dca74ce6be9bfbca3e91901db50cac376&blend-align=center%2Cmiddle&blend-mode=normal&s=28171c9bbfdb3db2c6de6af1b985427c",
                "from_url": "https:\/\/qiita.com\/masayukiw\/items\/2f7201fc4ef46da79a39",
                "image_width": 476,
                "image_height": 250,
                "image_bytes": 40576,
                "service_icon": "https:\/\/cdn.qiita.com\/assets\/favicons\/public\/apple-touch-icon-ec5ba42a24ae923f16825592efdc356f.png",
                "id": 1,
                "original_url": "https:\/\/qiita.com\/masayukiw\/items\/2f7201fc4ef46da79a39"
            },
            {
                "service_name": "Qiita",
                "title": "プログラマの技術情報共有サービス - Qiita",
                "title_link": "https:\/\/qiita.com\/#%E5%AE%9F%E8%A1%8C%E3%82%B3%E3%83%9E%E3%83%B3%E3%83%89",
                "text": "Qiitaは、プログラマのための技術情報共有サービスです。 プログラミングに関するTips、ノウハウ、メモを簡単に記録 &amp; 公開することができます。",
                "fallback": "Qiita: プログラマの技術情報共有サービス - Qiita",
                "thumb_url": "https:\/\/cdn.qiita.com\/assets\/qiita-fb-fe28c64039d925349e620ba55091e078.png",
                "from_url": "https:\/\/qiita.com\/#%E5%AE%9F%E8%A1%8C%E3%82%B3%E3%83%9E%E3%83%B3%E3%83%89",
                "thumb_width": 1200,
                "thumb_height": 630,
                "service_icon": "https:\/\/cdn.qiita.com\/assets\/favicons\/public\/apple-touch-icon-ec5ba42a24ae923f16825592efdc356f.png",
                "id": 2,
                "original_url": "https:\/\/qiita.com\/#%E5%AE%9F%E8%A1%8C%E3%82%B3%E3%83%9E%E3%83%B3%E3%83%89"
            },
            {
                "service_name": "Qiita",
                "title": "プログラマの技術情報共有サービス - Qiita",
                "title_link": "https:\/\/qiita.com\/#%E3%82%A8%E3%83%A9%E3%83%BC",
                "text": "Qiitaは、プログラマのための技術情報共有サービスです。 プログラミングに関するTips、ノウハウ、メモを簡単に記録 &amp; 公開することができます。",
                "fallback": "Qiita: プログラマの技術情報共有サービス - Qiita",
                "thumb_url": "https:\/\/cdn.qiita.com\/assets\/qiita-fb-fe28c64039d925349e620ba55091e078.png",
                "from_url": "https:\/\/qiita.com\/#%E3%82%A8%E3%83%A9%E3%83%BC",
                "thumb_width": 1200,
                "thumb_height": 630,
                "service_icon": "https:\/\/cdn.qiita.com\/assets\/favicons\/public\/apple-touch-icon-ec5ba42a24ae923f16825592efdc356f.png",
                "id": 3,
                "original_url": "https:\/\/qiita.com\/#%E3%82%A8%E3%83%A9%E3%83%BC"
            }
        ],
        "edited": {
            "user": "BG3N7LG73",
            "ts": "1598878603.000000"
        }
    },
    {
        "type": "message",
        "subtype": "bot_message",
        "text": "<https:\/\/dev.classmethod.jp\/articles\/terraform013\/|祝GA！ Terraform 0.13 新機能を使ってみた>\n2020\/08\/10にTerrform 0.13がGA（一般提供開始）しました。 このエントリでは0.13の新機能をレポートします。 moduleでcountやfor_eachが可能に 0.13より前のバージョンでは、こ […]",
        "ts": "1598878851.015600",
        "username": "Terraform – Developers.IO",
        "icons": {
            "image_36": "https:\/\/a.slack-edge.com\/80588\/img\/services\/rss_36.png",
            "image_48": "https:\/\/a.slack-edge.com\/80588\/img\/services\/rss_48.png",
            "image_72": "https:\/\/a.slack-edge.com\/80588\/img\/services\/rss_72.png"
        },
        "bot_id": "BG3N7LG73",
        "attachments": [
            {
                "service_name": "クラスメソッド発「やってみた」系技術メディア | Developers.IO",
                "title": "祝GA！ Terraform 0.13 新機能を使ってみた | Developers.IO",
                "title_link": "https:\/\/dev.classmethod.jp\/articles\/terraform013\/",
                "text": "2020\/08\/10にTerrform 0.13がGA（一般提供開始）しました。 このエントリでは0.13の新機能をレポートします。 moduleでcountやfor_eachが可能に 0.13より前のバージョンでは、こ …",
                "fallback": "クラスメソッド発「やってみた」系技術メディア | Developers.IO: 祝GA！ Terraform 0.13 新機能を使ってみた | Developers.IO",
                "image_url": "https:\/\/cdn-ssl-devio-img.classmethod.jp\/wp-content\/uploads\/2019\/05\/terraform-eyecatch-960x504.png",
                "from_url": "https:\/\/dev.classmethod.jp\/articles\/terraform013\/",
                "image_width": 476,
                "image_height": 250,
                "image_bytes": 22887,
                "service_icon": "https:\/\/dev.classmethod.jp\/apple-touch-icon.png",
                "id": 1,
                "original_url": "https:\/\/dev.classmethod.jp\/articles\/terraform013\/"
            }
        ],
        "edited": {
            "user": "BG3N7LG73",
            "ts": "1598878853.000000"
        }
    }
]