[
    {
        "type": "message",
        "subtype": "bot_message",
        "text": "<https:\/\/qiita.com\/tagfa\/items\/948ada6f8b0022baf616|AnsibleでTerraformを実行し、コマンド一発でクラウドリソースデプロイからEC2構成変更までする>\n<https:\/\/qiita.com\/#%E3%81%AF%E3%81%98%E3%82%81%E3%81%AB>はじめに\n\nInfrastructure as Code(以下IaC)、便利ですよね。この便利さに一度慣れてしまうと、GUIでちまちまやるのが面倒になります。\nIaCツール、皆さん何をお使いでしょうか？Ansible、Puppet、Chefや、Terraform、CloudFormationなどいろいろありますよね。\n今回は、クラウドリソース操作が得意なTerraformと、OSの構成管理が得意なAnsibleを組み合わせ、クラウドリソース払い出しからEC2の構成変更までの一連の処理を、Ansibleで一本化してみようと思います。\n\nこの記事は、以下個人ブログ記事をQiita用に編集したものになります。\n&lt;a href=\"<https:\/\/tagfa.wpx.jp\/archives\/312>\" class=\"autolink\" rel=\"nofollow noopener\"...",
        "ts": "1597579003.191200",
        "username": "Terraformタグが付けられた新着記事 - Qiita",
        "icons": {
            "image_36": "https:\/\/a.slack-edge.com\/80588\/img\/services\/rss_36.png",
            "image_48": "https:\/\/a.slack-edge.com\/80588\/img\/services\/rss_48.png",
            "image_72": "https:\/\/a.slack-edge.com\/80588\/img\/services\/rss_72.png"
        },
        "bot_id": "BG3N7LG73",
        "attachments": [
            {
                "service_name": "Qiita",
                "title": "AnsibleでTerraformを実行し、コマンド一発でクラウドリソースデプロイからEC2構成変更までする - Qiita",
                "title_link": "https:\/\/qiita.com\/tagfa\/items\/948ada6f8b0022baf616",
                "text": "はじめに Infrastracture as Code(以下IaC)、便利ですよね。この便利さに一度慣れてしまうと、GUIでちまちまやるのが面倒になります。 IaCツール、皆さん何をお使いでしょうか？Ansible、Puppet...",
                "fallback": "Qiita: AnsibleでTerraformを実行し、コマンド一発でクラウドリソースデプロイからEC2構成変更までする - Qiita",
                "image_url": "https:\/\/qiita-user-contents.imgix.net\/https%3A%2F%2Fcdn.qiita.com%2Fassets%2Fpublic%2Farticle-ogp-background-1150d8b18a7c15795b701a55ae908f94.png?ixlib=rb-1.2.2&w=1200&mark=https%3A%2F%2Fqiita-user-contents.imgix.net%2F~text%3Fixlib%3Drb-1.2.2%26w%3D840%26h%3D380%26txt%3DAnsible%25E3%2581%25A7Terraform%25E3%2582%2592%25E5%25AE%259F%25E8%25A1%258C%25E3%2581%2597%25E3%2580%2581%25E3%2582%25B3%25E3%2583%259E%25E3%2583%25B3%25E3%2583%2589%25E4%25B8%2580%25E7%2599%25BA%25E3%2581%25A7%25E3%2582%25AF%25E3%2583%25A9%25E3%2582%25A6%25E3%2583%2589%25E3%2583%25AA%25E3%2582%25BD%25E3%2583%25BC%25E3%2582%25B9%25E3%2583%2587%25E3%2583%2597%25E3%2583%25AD%25E3%2582%25A4%25E3%2581%258B%25E3%2582%2589EC2%25E6%25A7%258B%25E6%2588%2590%25E5%25A4%2589%25E6%259B%25B4%25E3%2581%25BE%25E3%2581%25A7%25E3%2581%2599%25E3%2582%258B%26txt-color%3D%2523333%26txt-font%3DHiragino%2520Sans%2520W6%26txt-size%3D54%26txt-clip%3Dellipsis%26txt-align%3Dcenter%252Cmiddle%26s%3D419bb231a64cca0c839f740c97644928&mark-align=center%2Cmiddle&blend=https%3A%2F%2Fqiita-user-contents.imgix.net%2F~text%3Fixlib%3Drb-1.2.2%26w%3D840%26h%3D500%26txt%3D%2540tagfa%26txt-color%3D%2523333%26txt-font%3DHiragino%2520Sans%2520W6%26txt-size%3D45%26txt-align%3Dright%252Cbottom%26s%3D41a49411fd508af6fbbc068a35a01ea9&blend-align=center%2Cmiddle&blend-mode=normal&s=3f06fbc51c37fea739929bcba3073a05",
                "from_url": "https:\/\/qiita.com\/tagfa\/items\/948ada6f8b0022baf616",
                "image_width": 476,
                "image_height": 250,
                "image_bytes": 75814,
                "service_icon": "https:\/\/cdn.qiita.com\/assets\/favicons\/public\/apple-touch-icon-ec5ba42a24ae923f16825592efdc356f.png",
                "id": 1,
                "original_url": "https:\/\/qiita.com\/tagfa\/items\/948ada6f8b0022baf616"
            },
            {
                "service_name": "Qiita",
                "title": "プログラマの技術情報共有サービス - Qiita",
                "title_link": "https:\/\/qiita.com\/#%E3%81%AF%E3%81%98%E3%82%81%E3%81%AB",
                "text": "Qiitaは、プログラマのための技術情報共有サービスです。 プログラミングに関するTips、ノウハウ、メモを簡単に記録 &amp; 公開することができます。",
                "fallback": "Qiita: プログラマの技術情報共有サービス - Qiita",
                "thumb_url": "https:\/\/cdn.qiita.com\/assets\/qiita-fb-fe28c64039d925349e620ba55091e078.png",
                "from_url": "https:\/\/qiita.com\/#%E3%81%AF%E3%81%98%E3%82%81%E3%81%AB",
                "thumb_width": 1200,
                "thumb_height": 630,
                "service_icon": "https:\/\/cdn.qiita.com\/assets\/favicons\/public\/apple-touch-icon-ec5ba42a24ae923f16825592efdc356f.png",
                "id": 2,
                "original_url": "https:\/\/qiita.com\/#%E3%81%AF%E3%81%98%E3%82%81%E3%81%AB"
            },
            {
                "service_name": "たｇふぁっちの森",
                "title": "AnsibleでTerraformを実行し、コマンド一発でクラウドリソースデプロイからEC2構成変更までする",
                "title_link": "https:\/\/tagfa.wpx.jp\/archives\/312",
                "text": "はじめにInfrastracture as Code(以下IaC)、便利ですよね。この便利さに一度慣れてしまうと、GUIでちまちまやるのが面倒になります。IaCツール、皆さん何をお使いでしょうか？Ansible、Puppet、Chefや、T",
                "fallback": "たｇふぁっちの森: AnsibleでTerraformを実行し、コマンド一発でクラウドリソースデプロイからEC2構成変更までする",
                "image_url": "https:\/\/tagfa.wpx.jp\/wp-content\/uploads\/2020\/08\/AnsiblexTerraform.png",
                "image_width": 327,
                "image_height": 235,
                "ts": 1597577774,
                "from_url": "https:\/\/tagfa.wpx.jp\/archives\/312",
                "image_bytes": 24444,
                "service_icon": "https:\/\/cdn.shortpixel.ai\/client\/q_glossy,ret_img,w_180,h_180\/https:\/\/tagfa.wpx.jp\/wp-content\/uploads\/2020\/05\/cropped-LzimalME_400x400-180x180.jpg",
                "id": 3,
                "original_url": "https:\/\/tagfa.wpx.jp\/archives\/312"
            }
        ],
        "edited": {
            "user": "BG3N7LG73",
            "ts": "1597579004.000000"
        }
    },
    {
        "type": "message",
        "subtype": "bot_message",
        "text": "<https:\/\/www.reddit.com\/r\/Terraform\/comments\/iawljs\/understanding_provider_and_plugin\/|Understanding provider and plugin>\nIs there a simpler way to understand them ? When I use a provider in my code and do a terraform init- does it download a provider or plugin ? Where are and what are the 3rd party plugins ? Is there a 3rd party provider like that ?    submitted by   <https:\/\/www.reddit.com\/user\/navcode| \/u\/navcode > \n<https:\/\/www.reddit.com\/r\/Terraform\/comments\/iawljs\/understanding_provider_and_plugin\/|[link]>   &lt;a...",
        "ts": "1597600606.191400",
        "username": "Terraform ALL the Worlds!",
        "icons": {
            "image_48": "https:\/\/s3-us-west-2.amazonaws.com\/slack-files2\/bot_icons\/2019-02-12\/548785199618_48.png"
        },
        "bot_id": "BG3N7LG73",
        "attachments": [
            {
                "service_name": "reddit",
                "title": "Understanding provider and plugin",
                "title_link": "https:\/\/www.reddit.com\/r\/Terraform\/comments\/iawljs\/understanding_provider_and_plugin\/",
                "text": "Is there a simpler way to understand them ? When I use a provider in my code and do a terraform init- does it download a provider or plugin...",
                "fallback": "reddit: Understanding provider and plugin",
                "thumb_url": "https:\/\/www.redditstatic.com\/new-icon.png",
                "from_url": "https:\/\/www.reddit.com\/r\/Terraform\/comments\/iawljs\/understanding_provider_and_plugin\/",
                "thumb_width": 256,
                "thumb_height": 256,
                "service_icon": "http:\/\/www.redditstatic.com\/desktop2x\/img\/favicon\/apple-icon-57x57.png",
                "id": 1,
                "original_url": "https:\/\/www.reddit.com\/r\/Terraform\/comments\/iawljs\/understanding_provider_and_plugin\/"
            },
            {
                "title": "overview for navcode",
                "title_link": "https:\/\/www.reddit.com\/user\/navcode",
                "text": "The u\/navcode community on Reddit. Reddit gives you the best of the internet in one place.",
                "fallback": "overview for navcode",
                "from_url": "https:\/\/www.reddit.com\/user\/navcode",
                "service_icon": "http:\/\/www.redditstatic.com\/desktop2x\/img\/favicon\/apple-icon-57x57.png",
                "service_name": "reddit.com",
                "id": 2,
                "original_url": "https:\/\/www.reddit.com\/user\/navcode"
            }
        ],
        "edited": {
            "user": "BG3N7LG73",
            "ts": "1597600606.000000"
        }
    },
    {
        "type": "message",
        "subtype": "bot_message",
        "text": "<https:\/\/www.reddit.com\/r\/Terraform\/comments\/iaxy8a\/sample_plan_files_for_demos_and_testing\/|Sample plan files for demos and testing?>\nI'm trying to throw together a plan review UI. I'd like to have a meaningful example of a plan file, both for (informal) testing and to share as a demo of the UI on Github. I obviously can't use any of the plans from my team's infrastructure; that's all private. Does anyone know a source of meaningful, sample plans? They can be in the raw or JSON format; doesn't matter.    submitted by   <https:\/\/www.reddit.com\/user\/cspotcode| \/u\/cspotcode > \n&lt;a...",
        "ts": "1597604807.191600",
        "username": "Terraform ALL the Worlds!",
        "icons": {
            "image_48": "https:\/\/s3-us-west-2.amazonaws.com\/slack-files2\/bot_icons\/2019-02-12\/548785199618_48.png"
        },
        "bot_id": "BG3N7LG73",
        "attachments": [
            {
                "service_name": "reddit",
                "title": "Sample plan files for demos and testing?",
                "title_link": "https:\/\/www.reddit.com\/r\/Terraform\/comments\/iaxy8a\/sample_plan_files_for_demos_and_testing\/",
                "text": "I'm trying to throw together a plan review UI. I'd like to have a meaningful example of a plan file, both for (informal) testing and to share as...",
                "fallback": "reddit: Sample plan files for demos and testing?",
                "thumb_url": "https:\/\/www.redditstatic.com\/new-icon.png",
                "from_url": "https:\/\/www.reddit.com\/r\/Terraform\/comments\/iaxy8a\/sample_plan_files_for_demos_and_testing\/",
                "thumb_width": 256,
                "thumb_height": 256,
                "service_icon": "http:\/\/www.redditstatic.com\/desktop2x\/img\/favicon\/apple-icon-57x57.png",
                "id": 1,
                "original_url": "https:\/\/www.reddit.com\/r\/Terraform\/comments\/iaxy8a\/sample_plan_files_for_demos_and_testing\/"
            },
            {
                "title": "overview for cspotcode",
                "title_link": "https:\/\/www.reddit.com\/user\/cspotcode",
                "text": "The u\/cspotcode community on Reddit. Reddit gives you the best of the internet in one place.",
                "fallback": "overview for cspotcode",
                "from_url": "https:\/\/www.reddit.com\/user\/cspotcode",
                "service_icon": "http:\/\/www.redditstatic.com\/desktop2x\/img\/favicon\/apple-icon-57x57.png",
                "service_name": "reddit.com",
                "id": 2,
                "original_url": "https:\/\/www.reddit.com\/user\/cspotcode"
            }
        ],
        "edited": {
            "user": "BG3N7LG73",
            "ts": "1597604808.000000"
        }
    },
    {
        "type": "message",
        "subtype": "bot_message",
        "text": "<https:\/\/www.reddit.com\/r\/Terraform\/comments\/ib2eh3\/configuring_appdynamics_through_code_using\/|Configuring AppDynamics Through Code using Terraform>\nIn<https:\/\/medium.com\/\/configuring-appdynamics-through-code-using-terraform-f499068b5d02?source=friends_link&amp;sk=c3158ae58a05b8b1d6785f24a85cf93c| this article>, we look at a new Terraform provider for AppDynamics to get around this issue using configuration as code.    submitted by   <https:\/\/www.reddit.com\/user\/Fewthp| \/u\/Fewthp > \n<https:\/\/www.reddit.com\/r\/Terraform\/comments\/ib2eh3\/configuring_appdynamics_through_code_using\/|[link]>   &lt;a...",
        "ts": "1597619807.191800",
        "username": "Terraform ALL the Worlds!",
        "icons": {
            "image_48": "https:\/\/s3-us-west-2.amazonaws.com\/slack-files2\/bot_icons\/2019-02-12\/548785199618_48.png"
        },
        "bot_id": "BG3N7LG73",
        "attachments": [
            {
                "service_name": "reddit",
                "title": "Configuring AppDynamics Through Code using Terraform",
                "title_link": "https:\/\/www.reddit.com\/r\/Terraform\/comments\/ib2eh3\/configuring_appdynamics_through_code_using\/",
                "text": "In[ this...",
                "fallback": "reddit: Configuring AppDynamics Through Code using Terraform",
                "thumb_url": "https:\/\/www.redditstatic.com\/new-icon.png",
                "from_url": "https:\/\/www.reddit.com\/r\/Terraform\/comments\/ib2eh3\/configuring_appdynamics_through_code_using\/",
                "thumb_width": 256,
                "thumb_height": 256,
                "service_icon": "http:\/\/www.redditstatic.com\/desktop2x\/img\/favicon\/apple-icon-57x57.png",
                "id": 1,
                "original_url": "https:\/\/www.reddit.com\/r\/Terraform\/comments\/ib2eh3\/configuring_appdynamics_through_code_using\/"
            },
            {
                "service_name": "Medium",
                "title": "Configuring AppDynamics Through Code using Terraform",
                "title_link": "https:\/\/medium.com\/\/configuring-appdynamics-through-code-using-terraform-f499068b5d02?source=friends_link&sk=c3158ae58a05b8b1d6785f24a85cf93c",
                "text": "As easy as it is to change configuration in User Interfaces maintaining this over a long time becomes a hassle. This is especially true if…",
                "fallback": "Medium: Configuring AppDynamics Through Code using Terraform",
                "fields": [
                    {
                        "title": "Reading time",
                        "value": "4 min read",
                        "short": true
                    }
                ],
                "ts": 1597611882,
                "from_url": "https:\/\/medium.com\/\/configuring-appdynamics-through-code-using-terraform-f499068b5d02?source=friends_link&sk=c3158ae58a05b8b1d6785f24a85cf93c",
                "service_icon": "https:\/\/cdn-images-1.medium.com\/fit\/c\/152\/152\/1*8I-HPL0bfoIzGied-dzOvA.png",
                "id": 2,
                "original_url": "https:\/\/medium.com\/\/configuring-appdynamics-through-code-using-terraform-f499068b5d02?source=friends_link&amp;sk=c3158ae58a05b8b1d6785f24a85cf93c"
            },
            {
                "title": "overview for Fewthp",
                "title_link": "https:\/\/www.reddit.com\/user\/Fewthp",
                "text": "The u\/Fewthp community on Reddit. Reddit gives you the best of the internet in one place.",
                "fallback": "overview for Fewthp",
                "from_url": "https:\/\/www.reddit.com\/user\/Fewthp",
                "service_icon": "http:\/\/www.redditstatic.com\/desktop2x\/img\/favicon\/apple-icon-57x57.png",
                "service_name": "reddit.com",
                "id": 3,
                "original_url": "https:\/\/www.reddit.com\/user\/Fewthp"
            }
        ],
        "edited": {
            "user": "BG3N7LG73",
            "ts": "1597619807.000000"
        }
    },
    {
        "type": "message",
        "subtype": "bot_message",
        "text": "<https:\/\/www.reddit.com\/r\/Terraform\/comments\/ib3cky\/terraform_learning_resources_list\/|Terraform Learning Resources List>\nHello All Terraform Connoisseurs, I am preparing for a job change and spending time reviewing core concepts, running examples, fixing normal issues and creating some complicated scenarios. I have found out that having a Learning Resources List makes this easier. Doing google searches makes me fall into a hole which is not ideal. So, I was wondering if there is a such a list for terraform or not. If someone has it, please post it here. Or if not, can we collaborate to create such a list....",
        "ts": "1597622806.192000",
        "username": "Terraform ALL the Worlds!",
        "icons": {
            "image_48": "https:\/\/s3-us-west-2.amazonaws.com\/slack-files2\/bot_icons\/2019-02-12\/548785199618_48.png"
        },
        "bot_id": "BG3N7LG73",
        "attachments": [
            {
                "service_name": "reddit",
                "title": "Terraform Learning Resources List",
                "title_link": "https:\/\/www.reddit.com\/r\/Terraform\/comments\/ib3cky\/terraform_learning_resources_list\/",
                "text": "Hello All Terraform Connoisseurs, I am preparing for a job change and spending time reviewing core concepts, running examples, fixing normal...",
                "fallback": "reddit: Terraform Learning Resources List",
                "thumb_url": "https:\/\/www.redditstatic.com\/new-icon.png",
                "from_url": "https:\/\/www.reddit.com\/r\/Terraform\/comments\/ib3cky\/terraform_learning_resources_list\/",
                "thumb_width": 256,
                "thumb_height": 256,
                "service_icon": "http:\/\/www.redditstatic.com\/desktop2x\/img\/favicon\/apple-icon-57x57.png",
                "id": 1,
                "original_url": "https:\/\/www.reddit.com\/r\/Terraform\/comments\/ib3cky\/terraform_learning_resources_list\/"
            }
        ],
        "edited": {
            "user": "BG3N7LG73",
            "ts": "1597622806.000000"
        }
    }
]