[
    {
        "type": "message",
        "subtype": "bot_message",
        "text": "<https:\/\/qiita.com\/neruneruo\/items\/4c043c4435722574040a|S3の静的ウェブサイトホスティングをRoute53のプライベートホストゾーンからエイリアスする>\n<https:\/\/qiita.com\/#%E3%81%AF%E3%81%98%E3%82%81%E3%81%AB>はじめに\n\nS3の静的ウェブサイトホスティングは便利。\nでもエンドポイントが<http:\/\/バケット名.s3-website-ap-northeast-1.amazonaws.comになってしまったりhttps:\/\/s3-ap-northeast-1.amazonaws.com\/バケット名.comになってしまってイケてない。内部通信くらいはちゃんとしたサービス名をつけてあげたいけど内部通信にドメイン使用量は払いたくない。|http:\/\/xn--rcktbp3a4212b.s3-website-ap-northeast-1.amazonaws.xn--comhttps-l83gwcxbb1b4co22a6g:\/\/s3-ap-northeast-1.amazonaws.com\/バケット名.comになってしまってイケてない。内部通信くらいはちゃんとしたサービス名をつけてあげたいけど内部通信にドメイン使用量は払いたくない。>\n\nそんなワガママなあなたに、良い感じの名前でアクセスするコツを書いておく。\n\nさらに、今回の記事では、作った静的ウェブサイトホスティングに対してクロスアカウントでセキュアにアクセスする方法まで書いておく。\n\n\n&lt;a...",
        "ts": "1597671408.192200",
        "username": "Terraformタグが付けられた新着記事 - Qiita",
        "icons": {
            "image_36": "https:\/\/a.slack-edge.com\/80588\/img\/services\/rss_36.png",
            "image_48": "https:\/\/a.slack-edge.com\/80588\/img\/services\/rss_48.png",
            "image_72": "https:\/\/a.slack-edge.com\/80588\/img\/services\/rss_72.png"
        },
        "bot_id": "BG3N7LG73",
        "attachments": [
            {
                "service_name": "Qiita",
                "title": "S3の静的ウェブサイトホスティングをRoute53のプライベートホストゾーンからエイリアスする - Qiita",
                "title_link": "https:\/\/qiita.com\/neruneruo\/items\/4c043c4435722574040a",
                "text": "はじめに S3の静的ウェブサイトホスティングは便利。 でもエンドポイントが<http:\/\/バケット名.s3-website-ap-northeast-1.amazonaws.comになってしまったりhttps:\/\/s3-ap-no|http:\/\/xn--rcktbp3a4212b.s3-website-ap-northeast-1.amazonaws.xn--comhttps-l83gwcxbb1b4co22a6g:\/\/s3-ap-no>...",
                "fallback": "Qiita: S3の静的ウェブサイトホスティングをRoute53のプライベートホストゾーンからエイリアスする - Qiita",
                "image_url": "https:\/\/qiita-user-contents.imgix.net\/https%3A%2F%2Fcdn.qiita.com%2Fassets%2Fpublic%2Farticle-ogp-background-1150d8b18a7c15795b701a55ae908f94.png?ixlib=rb-1.2.2&w=1200&mark=https%3A%2F%2Fqiita-user-contents.imgix.net%2F~text%3Fixlib%3Drb-1.2.2%26w%3D840%26h%3D380%26txt%3DS3%25E3%2581%25AE%25E9%259D%2599%25E7%259A%2584%25E3%2582%25A6%25E3%2582%25A7%25E3%2583%2596%25E3%2582%25B5%25E3%2582%25A4%25E3%2583%2588%25E3%2583%259B%25E3%2582%25B9%25E3%2583%2586%25E3%2582%25A3%25E3%2583%25B3%25E3%2582%25B0%25E3%2582%2592Route53%25E3%2581%25AE%25E3%2583%2597%25E3%2583%25A9%25E3%2582%25A4%25E3%2583%2599%25E3%2583%25BC%25E3%2583%2588%25E3%2583%259B%25E3%2582%25B9%25E3%2583%2588%25E3%2582%25BE%25E3%2583%25BC%25E3%2583%25B3%25E3%2581%258B%25E3%2582%2589%25E3%2582%25A8%25E3%2582%25A4%25E3%2583%25AA%25E3%2582%25A2%25E3%2582%25B9%25E3%2581%2599%25E3%2582%258B%26txt-color%3D%2523333%26txt-font%3DHiragino%2520Sans%2520W6%26txt-size%3D54%26txt-clip%3Dellipsis%26txt-align%3Dcenter%252Cmiddle%26s%3D5efcad665a6172556d4accd094b71bdf&mark-align=center%2Cmiddle&blend=https%3A%2F%2Fqiita-user-contents.imgix.net%2F~text%3Fixlib%3Drb-1.2.2%26w%3D840%26h%3D500%26txt%3D%2540neruneruo%26txt-color%3D%2523333%26txt-font%3DHiragino%2520Sans%2520W6%26txt-size%3D45%26txt-align%3Dright%252Cbottom%26s%3D0a897fb56a0410946e0f3f1cb6106bf0&blend-align=center%2Cmiddle&blend-mode=normal&s=626eda9893c4ac9ba049e47e98e32c0c",
                "from_url": "https:\/\/qiita.com\/neruneruo\/items\/4c043c4435722574040a",
                "image_width": 476,
                "image_height": 250,
                "image_bytes": 71431,
                "service_icon": "https:\/\/cdn.qiita.com\/assets\/favicons\/public\/apple-touch-icon-ec5ba42a24ae923f16825592efdc356f.png",
                "id": 1,
                "original_url": "https:\/\/qiita.com\/neruneruo\/items\/4c043c4435722574040a"
            },
            {
                "service_name": "Qiita",
                "title": "プログラマの技術情報共有サービス - Qiita",
                "title_link": "https:\/\/qiita.com\/#%E3%81%AF%E3%81%98%E3%82%81%E3%81%AB",
                "text": "Qiitaは、プログラマのための技術情報共有サービスです。 プログラミングに関するTips、ノウハウ、メモを簡単に記録 &amp; 公開することができます。",
                "fallback": "Qiita: プログラマの技術情報共有サービス - Qiita",
                "thumb_url": "https:\/\/cdn.qiita.com\/assets\/qiita-fb-fe28c64039d925349e620ba55091e078.png",
                "from_url": "https:\/\/qiita.com\/#%E3%81%AF%E3%81%98%E3%82%81%E3%81%AB",
                "thumb_width": 1200,
                "thumb_height": 630,
                "service_icon": "https:\/\/cdn.qiita.com\/assets\/favicons\/public\/apple-touch-icon-ec5ba42a24ae923f16825592efdc356f.png",
                "id": 2,
                "original_url": "https:\/\/qiita.com\/#%E3%81%AF%E3%81%98%E3%82%81%E3%81%AB"
            }
        ],
        "edited": {
            "user": "BG3N7LG73",
            "ts": "1597671408.000000"
        }
    },
    {
        "type": "message",
        "subtype": "bot_message",
        "text": "<https:\/\/www.reddit.com\/r\/Terraform\/comments\/ibeq8s\/problemfrustration_with_terraform_maps\/|Problem\/frustration with Terraform maps>\nDear <https:\/\/www.reddit.com\/r\/Terraform|\/r\/Terraform>, I'm having some issues passing nested maps to Terraform and the errors are less than helpful. I feel this is one of the major issues giving me returning headaches with Terraform; the inability to simply pass variables into modules without all sorts of hacky gymnastics. I have this <http:\/\/main.tf|main.tf> in my module folder: ``` resource \"azurerm_app_service\" \"webapp\" { name = var.name location = var.location resource_group_name =...",
        "ts": "1597673810.192400",
        "username": "Terraform ALL the Worlds!",
        "icons": {
            "image_48": "https:\/\/s3-us-west-2.amazonaws.com\/slack-files2\/bot_icons\/2019-02-12\/548785199618_48.png"
        },
        "bot_id": "BG3N7LG73",
        "attachments": [
            {
                "service_name": "reddit",
                "title": "Problem\/frustration with Terraform maps",
                "title_link": "https:\/\/www.reddit.com\/r\/Terraform\/comments\/ibeq8s\/problemfrustration_with_terraform_maps\/",
                "text": "Dear \/r\/Terraform, I'm having some issues passing nested maps to Terraform and the errors are less than helpful. I feel this is one of the major...",
                "fallback": "reddit: Problem\/frustration with Terraform maps",
                "thumb_url": "https:\/\/www.redditstatic.com\/new-icon.png",
                "from_url": "https:\/\/www.reddit.com\/r\/Terraform\/comments\/ibeq8s\/problemfrustration_with_terraform_maps\/",
                "thumb_width": 256,
                "thumb_height": 256,
                "service_icon": "http:\/\/www.redditstatic.com\/desktop2x\/img\/favicon\/apple-icon-57x57.png",
                "id": 1,
                "original_url": "https:\/\/www.reddit.com\/r\/Terraform\/comments\/ibeq8s\/problemfrustration_with_terraform_maps\/"
            },
            {
                "service_name": "reddit",
                "title": "Terraform ALL the Worlds! • r\/Terraform",
                "title_link": "https:\/\/www.reddit.com\/r\/Terraform",
                "text": "This subreddit is for terraform by Hashicorp discussions. Get help, educate others and share the wealth of news.",
                "fallback": "reddit: Terraform ALL the Worlds! • r\/Terraform",
                "thumb_url": "https:\/\/www.redditstatic.com\/new-icon.png",
                "from_url": "https:\/\/www.reddit.com\/r\/Terraform",
                "thumb_width": 256,
                "thumb_height": 256,
                "service_icon": "http:\/\/www.redditstatic.com\/desktop2x\/img\/favicon\/apple-icon-57x57.png",
                "id": 2,
                "original_url": "https:\/\/www.reddit.com\/r\/Terraform"
            }
        ],
        "edited": {
            "user": "BG3N7LG73",
            "ts": "1597673810.000000"
        }
    },
    {
        "type": "message",
        "subtype": "bot_message",
        "text": "<https:\/\/www.reddit.com\/r\/Terraform\/comments\/ibfp3s\/how_do_i_get_autocomplete_code_in_vsc_i_already\/|how do i get autocomplete code in VSC? i already installed hashicorp terraform extension.>\ni noticed in some tutorials that used IntelliJ IDE and it allows to autocomplete the whole code along block with the mandatory parameters for each type. I think this is useful as you will always have to provide these information and saves you with a lot of repetitive typing. is this available in VSC?    submitted by   <https:\/\/www.reddit.com\/user\/starbucks1971| \/u\/starbucks1971 > \n&lt;a...",
        "ts": "1597676807.192600",
        "username": "Terraform ALL the Worlds!",
        "icons": {
            "image_48": "https:\/\/s3-us-west-2.amazonaws.com\/slack-files2\/bot_icons\/2019-02-12\/548785199618_48.png"
        },
        "bot_id": "BG3N7LG73",
        "attachments": [
            {
                "service_name": "reddit",
                "title": "how do i get autocomplete code in VSC? i already installed hashicorp terraform extension.",
                "title_link": "https:\/\/www.reddit.com\/r\/Terraform\/comments\/ibfp3s\/how_do_i_get_autocomplete_code_in_vsc_i_already\/",
                "text": "i noticed in some tutorials that used IntelliJ IDE and it allows to autocomplete the whole code along block with the mandatory parameters for each...",
                "fallback": "reddit: how do i get autocomplete code in VSC? i already installed hashicorp terraform extension.",
                "thumb_url": "https:\/\/www.redditstatic.com\/new-icon.png",
                "from_url": "https:\/\/www.reddit.com\/r\/Terraform\/comments\/ibfp3s\/how_do_i_get_autocomplete_code_in_vsc_i_already\/",
                "thumb_width": 256,
                "thumb_height": 256,
                "service_icon": "http:\/\/www.redditstatic.com\/desktop2x\/img\/favicon\/apple-icon-57x57.png",
                "id": 1,
                "original_url": "https:\/\/www.reddit.com\/r\/Terraform\/comments\/ibfp3s\/how_do_i_get_autocomplete_code_in_vsc_i_already\/"
            },
            {
                "title": "overview for starbucks1971",
                "title_link": "https:\/\/www.reddit.com\/user\/starbucks1971",
                "text": "The u\/starbucks1971 community on Reddit. Reddit gives you the best of the internet in one place.",
                "fallback": "overview for starbucks1971",
                "from_url": "https:\/\/www.reddit.com\/user\/starbucks1971",
                "service_icon": "http:\/\/www.redditstatic.com\/desktop2x\/img\/favicon\/apple-icon-57x57.png",
                "service_name": "reddit.com",
                "id": 2,
                "original_url": "https:\/\/www.reddit.com\/user\/starbucks1971"
            }
        ],
        "edited": {
            "user": "BG3N7LG73",
            "ts": "1597676807.000000"
        }
    },
    {
        "type": "message",
        "subtype": "bot_message",
        "text": "<https:\/\/www.reddit.com\/r\/Terraform\/comments\/ibnr09\/so_just_upgraded_to_terraform_0130_and_now_there\/|So, just upgraded to terraform 0.13.0 and now there is a leak from my vault>\nThis behavior wasn't present in 0.12. So curious here. I have a hashi vault kv store that I use in terraform. After the 0.13 upgrade, it now does me the favor of printing out all my secrets during a terraform plan\/apply. Any idea how to suppress\/prevent that? terraform version Terraform v0.13.0 + provider <http:\/\/registry.terraform.io\/hashicorp\/vault|registry.terraform.io\/hashicorp\/vault> v2.12.2 + provider <http:\/\/registry.terraform.io\/hashicorp\/vsphere|registry.terraform.io\/hashicorp\/vsphere> v1.22.0 $ terraform apply data.vault_generic_secret.secret-auth: Refreshing state... An...",
        "ts": "1597702008.192800",
        "username": "Terraform ALL the Worlds!",
        "icons": {
            "image_48": "https:\/\/s3-us-west-2.amazonaws.com\/slack-files2\/bot_icons\/2019-02-12\/548785199618_48.png"
        },
        "bot_id": "BG3N7LG73",
        "attachments": [
            {
                "service_name": "reddit",
                "title": "So, just upgraded to terraform 0.13.0 and now there is a leak from my vault",
                "title_link": "https:\/\/www.reddit.com\/r\/Terraform\/comments\/ibnr09\/so_just_upgraded_to_terraform_0130_and_now_there\/",
                "text": "This behavior wasn't present in 0.12. So curious here. I have a hashi vault kv store that I use in terraform. After the 0.13 upgrade, it now...",
                "fallback": "reddit: So, just upgraded to terraform 0.13.0 and now there is a leak from my vault",
                "thumb_url": "https:\/\/www.redditstatic.com\/new-icon.png",
                "from_url": "https:\/\/www.reddit.com\/r\/Terraform\/comments\/ibnr09\/so_just_upgraded_to_terraform_0130_and_now_there\/",
                "thumb_width": 256,
                "thumb_height": 256,
                "service_icon": "http:\/\/www.redditstatic.com\/desktop2x\/img\/favicon\/apple-icon-57x57.png",
                "id": 1,
                "original_url": "https:\/\/www.reddit.com\/r\/Terraform\/comments\/ibnr09\/so_just_upgraded_to_terraform_0130_and_now_there\/"
            }
        ],
        "edited": {
            "user": "BG3N7LG73",
            "ts": "1597702009.000000"
        }
    },
    {
        "type": "message",
        "subtype": "bot_message",
        "text": "<https:\/\/www.reddit.com\/r\/Terraform\/comments\/ibohed\/using_for_each_with_aws_instance_foo\/|using for_each with aws_instance_foo>\nI'm using count = X within aws_instance to create X number of ec2 instances this makes using subsequent modules somewhat difficult. Trying to things similar to the following:  resource \"aws_lb_target_group_attachment\" \"https\" {\nfor_each = toset(aws_instance.rancher_server[*].id)\ntarget_group_arn = aws_lb_target_group.https.arn\ntarget_id = each.value\nport = 443\n} This code generates an error that Terraform is unable to determine how many resource attributes will be generated until run time....",
        "ts": "1597703809.193000",
        "username": "Terraform ALL the Worlds!",
        "icons": {
            "image_48": "https:\/\/s3-us-west-2.amazonaws.com\/slack-files2\/bot_icons\/2019-02-12\/548785199618_48.png"
        },
        "bot_id": "BG3N7LG73",
        "attachments": [
            {
                "service_name": "reddit",
                "title": "using for_each with aws_instance_foo",
                "title_link": "https:\/\/www.reddit.com\/r\/Terraform\/comments\/ibohed\/using_for_each_with_aws_instance_foo\/",
                "text": "I'm using count = X within aws\\_instance to create X number of ec2 instances this makes using subsequent modules somewhat difficult. Trying to...",
                "fallback": "reddit: using for_each with aws_instance_foo",
                "thumb_url": "https:\/\/www.redditstatic.com\/new-icon.png",
                "from_url": "https:\/\/www.reddit.com\/r\/Terraform\/comments\/ibohed\/using_for_each_with_aws_instance_foo\/",
                "thumb_width": 256,
                "thumb_height": 256,
                "service_icon": "http:\/\/www.redditstatic.com\/desktop2x\/img\/favicon\/apple-icon-57x57.png",
                "id": 1,
                "original_url": "https:\/\/www.reddit.com\/r\/Terraform\/comments\/ibohed\/using_for_each_with_aws_instance_foo\/"
            }
        ],
        "edited": {
            "user": "BG3N7LG73",
            "ts": "1597703810.000000"
        }
    },
    {
        "type": "message",
        "subtype": "bot_message",
        "text": "<https:\/\/www.reddit.com\/r\/Terraform\/comments\/ibqtnz\/terraform_013_and_digitalocean_provider_problem\/|Terraform 0.13 and digitalocean provider problem>\nToday I installed terraform 0.13 and now I can't get past init with the digitalocean provider.   Initializing provider plugins... - Using previously-installed terraform-providers\/digitalocean v1.22.1 - Using previously-installed hashicorp\/aws v2.70.0 - Finding latest version of hashicorp\/digitalocean... Error: Failed to install providers Could not find required providers, but found possible alternatives: hashicorp\/digitalocean -&gt; terraform-providers\/digitalocean  So I tried running terraform...",
        "ts": "1597711608.193200",
        "username": "Terraform ALL the Worlds!",
        "icons": {
            "image_48": "https:\/\/s3-us-west-2.amazonaws.com\/slack-files2\/bot_icons\/2019-02-12\/548785199618_48.png"
        },
        "bot_id": "BG3N7LG73",
        "attachments": [
            {
                "service_name": "reddit",
                "title": "Terraform 0.13 and digitalocean provider problem",
                "title_link": "https:\/\/www.reddit.com\/r\/Terraform\/comments\/ibqtnz\/terraform_013_and_digitalocean_provider_problem\/",
                "text": "Today I installed terraform 0.13 and now I can't get past init with the digitalocean provider. &gt; Initializing provider plugins... &gt; - Using...",
                "fallback": "reddit: Terraform 0.13 and digitalocean provider problem",
                "thumb_url": "https:\/\/www.redditstatic.com\/new-icon.png",
                "from_url": "https:\/\/www.reddit.com\/r\/Terraform\/comments\/ibqtnz\/terraform_013_and_digitalocean_provider_problem\/",
                "thumb_width": 256,
                "thumb_height": 256,
                "service_icon": "http:\/\/www.redditstatic.com\/desktop2x\/img\/favicon\/apple-icon-57x57.png",
                "id": 1,
                "original_url": "https:\/\/www.reddit.com\/r\/Terraform\/comments\/ibqtnz\/terraform_013_and_digitalocean_provider_problem\/"
            }
        ],
        "edited": {
            "user": "BG3N7LG73",
            "ts": "1597711608.000000"
        }
    },
    {
        "type": "message",
        "subtype": "bot_message",
        "text": "<https:\/\/www.reddit.com\/r\/Terraform\/comments\/ibrc6c\/anyone_use_cdktf_w_python\/|anyone use cdk-tf w\/ python?>\nHeya folks, has anyone tried the cdk-tf w\/ python? i was trying to find some basic examples of what to import for basic things and i can't seem to find any. Do they just claim python support and do all the actual stuff in typescript? ​ thanks in advance    submitted by   <https:\/\/www.reddit.com\/user\/akp55| \/u\/akp55 > \n<https:\/\/www.reddit.com\/r\/Terraform\/comments\/ibrc6c\/anyone_use_cdktf_w_python\/|[link]>   &lt;a...",
        "ts": "1597714006.193400",
        "username": "Terraform ALL the Worlds!",
        "icons": {
            "image_48": "https:\/\/s3-us-west-2.amazonaws.com\/slack-files2\/bot_icons\/2019-02-12\/548785199618_48.png"
        },
        "bot_id": "BG3N7LG73",
        "attachments": [
            {
                "service_name": "reddit",
                "title": "anyone use cdk-tf w\/ python?",
                "title_link": "https:\/\/www.reddit.com\/r\/Terraform\/comments\/ibrc6c\/anyone_use_cdktf_w_python\/",
                "text": "Heya folks, has anyone tried the cdk-tf w\/ python? i was trying to find some basic examples of what to import for basic things and i can't...",
                "fallback": "reddit: anyone use cdk-tf w\/ python?",
                "thumb_url": "https:\/\/www.redditstatic.com\/new-icon.png",
                "from_url": "https:\/\/www.reddit.com\/r\/Terraform\/comments\/ibrc6c\/anyone_use_cdktf_w_python\/",
                "thumb_width": 256,
                "thumb_height": 256,
                "service_icon": "http:\/\/www.redditstatic.com\/desktop2x\/img\/favicon\/apple-icon-57x57.png",
                "id": 1,
                "original_url": "https:\/\/www.reddit.com\/r\/Terraform\/comments\/ibrc6c\/anyone_use_cdktf_w_python\/"
            },
            {
                "title": "overview for akp55",
                "title_link": "https:\/\/www.reddit.com\/user\/akp55",
                "text": "The u\/akp55 community on Reddit. Reddit gives you the best of the internet in one place.",
                "fallback": "overview for akp55",
                "from_url": "https:\/\/www.reddit.com\/user\/akp55",
                "service_icon": "http:\/\/www.redditstatic.com\/desktop2x\/img\/favicon\/apple-icon-57x57.png",
                "service_name": "reddit.com",
                "id": 2,
                "original_url": "https:\/\/www.reddit.com\/user\/akp55"
            }
        ],
        "edited": {
            "user": "BG3N7LG73",
            "ts": "1597714006.000000"
        }
    }
]