[
    {
        "type": "message",
        "subtype": "bot_message",
        "text": "<https:\/\/qiita.com\/takkii1010\/items\/6910da995b6c21ac6b3a|tfenv listで \"Version could not be resolved\" が発生する>\n<https:\/\/qiita.com\/#%E3%81%AF%E3%81%98%E3%82%81%E3%81%AB>はじめに\n\nTerraformの環境構築で躓いたので簡単に備忘として残す。\n\n\n<https:\/\/qiita.com\/#%E7%92%B0%E5%A2%83>環境\n\nMac OS X 10.14.1 x86_64\n$ tfenv --version\ntfenv 2.0.0\n\n\n\n<https:\/\/qiita.com\/#%E3%81%93%E3%82%93%E3%81%AA%E6%84%9F%E3%81%98%E3%81%AE%E3%82%A8%E3%83%A9%E3%83%BC%E3%81%8C%E5%87%BA%E3%82%8B>こんな感じのエラーが出る\n\ntfenv install を使って複数のバージョンをインストール後、 tfenv list しようとしたら以下のエラー\n\n$ tfenv list\ncat: \/usr\/local\/Cellar\/tfenv\/2.0.0\/version:...",
        "ts": "1596448602.171500",
        "username": "Terraformタグが付けられた新着記事 - Qiita",
        "icons": {
            "image_36": "https:\/\/a.slack-edge.com\/80588\/img\/services\/rss_36.png",
            "image_48": "https:\/\/a.slack-edge.com\/80588\/img\/services\/rss_48.png",
            "image_72": "https:\/\/a.slack-edge.com\/80588\/img\/services\/rss_72.png"
        },
        "bot_id": "BG3N7LG73",
        "attachments": [
            {
                "service_name": "Qiita",
                "title": "tfenv listで \"Version could not be resolved\" が発生する  - Qiita",
                "title_link": "https:\/\/qiita.com\/takkii1010\/items\/6910da995b6c21ac6b3a",
                "text": "はじめに Terraformの環境構築で躓いたので簡単に備忘として残す。 環境 Mac OS X 10.14.1 x86_64 $ tfenv --version tfenv 2.0.0 こんな感じのエラーが出...",
                "fallback": "Qiita: tfenv listで \"Version could not be resolved\" が発生する  - Qiita",
                "image_url": "https:\/\/qiita-user-contents.imgix.net\/https%3A%2F%2Fcdn.qiita.com%2Fassets%2Fpublic%2Farticle-ogp-background-1150d8b18a7c15795b701a55ae908f94.png?ixlib=rb-1.2.2&w=1200&mark=https%3A%2F%2Fqiita-user-contents.imgix.net%2F~text%3Fixlib%3Drb-1.2.2%26w%3D840%26h%3D380%26txt%3Dtfenv%2520list%25E3%2581%25A7%2520%2522Version%2520could%2520not%2520be%2520resolved%2522%2520%25E3%2581%258C%25E7%2599%25BA%25E7%2594%259F%25E3%2581%2599%25E3%2582%258B%2520%26txt-color%3D%2523333%26txt-font%3DAvenir-Black%26txt-size%3D54%26txt-clip%3Dellipsis%26txt-align%3Dcenter%252Cmiddle%26s%3D7ba4442ff9b8b6dfc751aaeffe892c4c&mark-align=center%2Cmiddle&blend=https%3A%2F%2Fqiita-user-contents.imgix.net%2F~text%3Fixlib%3Drb-1.2.2%26w%3D840%26h%3D500%26txt%3D%2540takkii1010%26txt-color%3D%2523333%26txt-font%3DAvenir-Black%26txt-size%3D45%26txt-align%3Dright%252Cbottom%26s%3D3d821e969df78ba0aed47780afeefa6a&blend-align=center%2Cmiddle&blend-mode=normal&s=033976e435da017025a71c533ab72e01",
                "from_url": "https:\/\/qiita.com\/takkii1010\/items\/6910da995b6c21ac6b3a",
                "image_width": 476,
                "image_height": 250,
                "image_bytes": 42296,
                "service_icon": "https:\/\/cdn.qiita.com\/assets\/favicons\/public\/apple-touch-icon-ec5ba42a24ae923f16825592efdc356f.png",
                "id": 1,
                "original_url": "https:\/\/qiita.com\/takkii1010\/items\/6910da995b6c21ac6b3a"
            },
            {
                "service_name": "Qiita",
                "title": "プログラマの技術情報共有サービス - Qiita",
                "title_link": "https:\/\/qiita.com\/#%E3%81%AF%E3%81%98%E3%82%81%E3%81%AB",
                "text": "Qiitaは、プログラマのための技術情報共有サービスです。 プログラミングに関するTips、ノウハウ、メモを簡単に記録 &amp; 公開することができます。",
                "fallback": "Qiita: プログラマの技術情報共有サービス - Qiita",
                "thumb_url": "https:\/\/cdn.qiita.com\/assets\/qiita-fb-fe28c64039d925349e620ba55091e078.png",
                "from_url": "https:\/\/qiita.com\/#%E3%81%AF%E3%81%98%E3%82%81%E3%81%AB",
                "thumb_width": 1200,
                "thumb_height": 630,
                "service_icon": "https:\/\/cdn.qiita.com\/assets\/favicons\/public\/apple-touch-icon-ec5ba42a24ae923f16825592efdc356f.png",
                "id": 2,
                "original_url": "https:\/\/qiita.com\/#%E3%81%AF%E3%81%98%E3%82%81%E3%81%AB"
            },
            {
                "service_name": "Qiita",
                "title": "プログラマの技術情報共有サービス - Qiita",
                "title_link": "https:\/\/qiita.com\/#%E7%92%B0%E5%A2%83",
                "text": "Qiitaは、プログラマのための技術情報共有サービスです。 プログラミングに関するTips、ノウハウ、メモを簡単に記録 &amp; 公開することができます。",
                "fallback": "Qiita: プログラマの技術情報共有サービス - Qiita",
                "thumb_url": "https:\/\/cdn.qiita.com\/assets\/qiita-fb-fe28c64039d925349e620ba55091e078.png",
                "from_url": "https:\/\/qiita.com\/#%E7%92%B0%E5%A2%83",
                "thumb_width": 1200,
                "thumb_height": 630,
                "service_icon": "https:\/\/cdn.qiita.com\/assets\/favicons\/public\/apple-touch-icon-ec5ba42a24ae923f16825592efdc356f.png",
                "id": 3,
                "original_url": "https:\/\/qiita.com\/#%E7%92%B0%E5%A2%83"
            },
            {
                "service_name": "Qiita",
                "title": "プログラマの技術情報共有サービス - Qiita",
                "title_link": "https:\/\/qiita.com\/#%E3%81%93%E3%82%93%E3%81%AA%E6%84%9F%E3%81%98%E3%81%AE%E3%82%A8%E3%83%A9%E3%83%BC%E3%81%8C%E5%87%BA%E3%82%8B",
                "text": "Qiitaは、プログラマのための技術情報共有サービスです。 プログラミングに関するTips、ノウハウ、メモを簡単に記録 &amp; 公開することができます。",
                "fallback": "Qiita: プログラマの技術情報共有サービス - Qiita",
                "thumb_url": "https:\/\/cdn.qiita.com\/assets\/qiita-fb-fe28c64039d925349e620ba55091e078.png",
                "from_url": "https:\/\/qiita.com\/#%E3%81%93%E3%82%93%E3%81%AA%E6%84%9F%E3%81%98%E3%81%AE%E3%82%A8%E3%83%A9%E3%83%BC%E3%81%8C%E5%87%BA%E3%82%8B",
                "thumb_width": 1200,
                "thumb_height": 630,
                "service_icon": "https:\/\/cdn.qiita.com\/assets\/favicons\/public\/apple-touch-icon-ec5ba42a24ae923f16825592efdc356f.png",
                "id": 4,
                "original_url": "https:\/\/qiita.com\/#%E3%81%93%E3%82%93%E3%81%AA%E6%84%9F%E3%81%98%E3%81%AE%E3%82%A8%E3%83%A9%E3%83%BC%E3%81%8C%E5%87%BA%E3%82%8B"
            }
        ],
        "edited": {
            "user": "BG3N7LG73",
            "ts": "1596448602.000000"
        }
    },
    {
        "type": "message",
        "subtype": "bot_message",
        "text": "<https:\/\/www.reddit.com\/r\/Terraform\/comments\/i2vxcb\/how_to_create_sensible_iam_policy_for_terraform\/|How to create sensible IAM policy for terraform service account?>\nHi, we have Jekins jobs that does terraform plan and apply to create AWS resources. The resources that terraform is responsible for include IAM roles, policies, security groups etc. I don't want to give the terraform IAM user administrator access but going trhough all resources manually and checking what I need might also be too much. What are my options here?    submitted by   <https:\/\/www.reddit.com\/user\/PM_ME_YOUR_ML| \/u\/PM_ME_YOUR_ML > \n&lt;a...",
        "ts": "1596457605.171700",
        "username": "Terraform ALL the Worlds!",
        "icons": {
            "image_48": "https:\/\/s3-us-west-2.amazonaws.com\/slack-files2\/bot_icons\/2019-02-12\/548785199618_48.png"
        },
        "bot_id": "BG3N7LG73",
        "attachments": [
            {
                "service_name": "reddit",
                "title": "How to create sensible IAM policy for terraform service account?",
                "title_link": "https:\/\/www.reddit.com\/r\/Terraform\/comments\/i2vxcb\/how_to_create_sensible_iam_policy_for_terraform\/",
                "text": "Hi, we have Jekins jobs that does terraform plan and apply to create AWS resources. The resources that terraform is responsible for include IAM...",
                "fallback": "reddit: How to create sensible IAM policy for terraform service account?",
                "thumb_url": "https:\/\/www.redditstatic.com\/new-icon.png",
                "from_url": "https:\/\/www.reddit.com\/r\/Terraform\/comments\/i2vxcb\/how_to_create_sensible_iam_policy_for_terraform\/",
                "thumb_width": 256,
                "thumb_height": 256,
                "service_icon": "http:\/\/www.redditstatic.com\/desktop2x\/img\/favicon\/apple-icon-57x57.png",
                "id": 1,
                "original_url": "https:\/\/www.reddit.com\/r\/Terraform\/comments\/i2vxcb\/how_to_create_sensible_iam_policy_for_terraform\/"
            },
            {
                "title": "overview for PM_ME_YOUR_ML",
                "title_link": "https:\/\/www.reddit.com\/user\/PM_ME_YOUR_ML",
                "text": "The u\/PM_ME_YOUR_ML community on Reddit. Reddit gives you the best of the internet in one place.",
                "fallback": "overview for PM_ME_YOUR_ML",
                "from_url": "https:\/\/www.reddit.com\/user\/PM_ME_YOUR_ML",
                "service_icon": "http:\/\/www.redditstatic.com\/desktop2x\/img\/favicon\/apple-icon-57x57.png",
                "service_name": "reddit.com",
                "id": 2,
                "original_url": "https:\/\/www.reddit.com\/user\/PM_ME_YOUR_ML"
            }
        ],
        "edited": {
            "user": "BG3N7LG73",
            "ts": "1596457605.000000"
        }
    },
    {
        "type": "message",
        "subtype": "bot_message",
        "text": "<https:\/\/www.reddit.com\/r\/Terraform\/comments\/i2w644\/i_see_so_many_people_trying_to_use_complex_nested\/|I see so many people trying to use complex nested maps with multiple functions>\nlike flatten , to_set , set_product and replace to mold the data structure to use in resources wasting so much time debugging Why not use a real programing language to do infrastructure like aws cdk or pulumi. Am I missing something ?    submitted by   <https:\/\/www.reddit.com\/user\/Kubectl8s| \/u\/Kubectl8s > \n<https:\/\/www.reddit.com\/r\/Terraform\/comments\/i2w644\/i_see_so_many_people_trying_to_use_complex_nested\/|[link]>   &lt;a...",
        "ts": "1596458803.171900",
        "username": "Terraform ALL the Worlds!",
        "icons": {
            "image_48": "https:\/\/s3-us-west-2.amazonaws.com\/slack-files2\/bot_icons\/2019-02-12\/548785199618_48.png"
        },
        "bot_id": "BG3N7LG73",
        "attachments": [
            {
                "service_name": "reddit",
                "title": "I see so many people trying to use complex nested maps with multiple functions",
                "title_link": "https:\/\/www.reddit.com\/r\/Terraform\/comments\/i2w644\/i_see_so_many_people_trying_to_use_complex_nested\/",
                "text": "like flatten , to_set , set_product and replace to mold the data structure to use in resources wasting so much time debugging Why not use a real...",
                "fallback": "reddit: I see so many people trying to use complex nested maps with multiple functions",
                "thumb_url": "https:\/\/www.redditstatic.com\/new-icon.png",
                "from_url": "https:\/\/www.reddit.com\/r\/Terraform\/comments\/i2w644\/i_see_so_many_people_trying_to_use_complex_nested\/",
                "thumb_width": 256,
                "thumb_height": 256,
                "service_icon": "http:\/\/www.redditstatic.com\/desktop2x\/img\/favicon\/apple-icon-57x57.png",
                "id": 1,
                "original_url": "https:\/\/www.reddit.com\/r\/Terraform\/comments\/i2w644\/i_see_so_many_people_trying_to_use_complex_nested\/"
            },
            {
                "title": "overview for Kubectl8s",
                "title_link": "https:\/\/www.reddit.com\/user\/Kubectl8s",
                "text": "The u\/Kubectl8s community on Reddit. Reddit gives you the best of the internet in one place.",
                "fallback": "overview for Kubectl8s",
                "from_url": "https:\/\/www.reddit.com\/user\/Kubectl8s",
                "service_icon": "http:\/\/www.redditstatic.com\/desktop2x\/img\/favicon\/apple-icon-57x57.png",
                "service_name": "reddit.com",
                "id": 2,
                "original_url": "https:\/\/www.reddit.com\/user\/Kubectl8s"
            }
        ],
        "edited": {
            "user": "BG3N7LG73",
            "ts": "1596458803.000000"
        }
    },
    {
        "type": "message",
        "subtype": "bot_message",
        "text": "<https:\/\/www.reddit.com\/r\/Terraform\/comments\/i2x1f1\/cloudformation_stack_using_terraform_with_asg\/|Cloudformation stack using terraform - with ASG Launch Configuration and Userdata>\nI have a very big CFN template written by someone else, and it is a very huge effort to migrate it completely to TF. So I just thought of creating a CFN stack using TF. I created the stack like this: resource \"aws_cloudformation_stack\" \"stack\" { name = \"stack\" capabilities = \"CAPABILITY_IAM\" template_body =    submitted by",
        "ts": "1596461805.172100",
        "username": "Terraform ALL the Worlds!",
        "icons": {
            "image_48": "https:\/\/s3-us-west-2.amazonaws.com\/slack-files2\/bot_icons\/2019-02-12\/548785199618_48.png"
        },
        "bot_id": "BG3N7LG73",
        "attachments": [
            {
                "service_name": "reddit",
                "title": "Cloudformation stack using terraform - with ASG Launch Configuration and Userdata",
                "title_link": "https:\/\/www.reddit.com\/r\/Terraform\/comments\/i2x1f1\/cloudformation_stack_using_terraform_with_asg\/",
                "text": "I have a very big CFN template written by someone else, and it is a very huge effort to migrate it completely to TF. So I just thought of creating...",
                "fallback": "reddit: Cloudformation stack using terraform - with ASG Launch Configuration and Userdata",
                "thumb_url": "https:\/\/www.redditstatic.com\/new-icon.png",
                "from_url": "https:\/\/www.reddit.com\/r\/Terraform\/comments\/i2x1f1\/cloudformation_stack_using_terraform_with_asg\/",
                "thumb_width": 256,
                "thumb_height": 256,
                "service_icon": "http:\/\/www.redditstatic.com\/desktop2x\/img\/favicon\/apple-icon-57x57.png",
                "id": 1,
                "original_url": "https:\/\/www.reddit.com\/r\/Terraform\/comments\/i2x1f1\/cloudformation_stack_using_terraform_with_asg\/"
            }
        ],
        "edited": {
            "user": "BG3N7LG73",
            "ts": "1596461805.000000"
        }
    },
    {
        "type": "message",
        "subtype": "bot_message",
        "text": "<https:\/\/www.reddit.com\/r\/Terraform\/comments\/i2x3y6\/add_assignments_to_azure_ad_roles_using_terraform\/|Add assignments to Azure AD roles using Terraform>\nHi guys,\n I'm trying to find out how to add assignments to azure ad administrative roles, for example, \"Application administrator\" using Terraform.\n Everything I found always works with resource roles, not the ad ones. I'm sure I'm just missing something here, any tips?    submitted by   <https:\/\/www.reddit.com\/user\/Miky28CZ| \/u\/Miky28CZ > \n<https:\/\/www.reddit.com\/r\/Terraform\/comments\/i2x3y6\/add_assignments_to_azure_ad_roles_using_terraform\/|[link]>   &lt;a...",
        "ts": "1596463004.172300",
        "username": "Terraform ALL the Worlds!",
        "icons": {
            "image_48": "https:\/\/s3-us-west-2.amazonaws.com\/slack-files2\/bot_icons\/2019-02-12\/548785199618_48.png"
        },
        "bot_id": "BG3N7LG73",
        "attachments": [
            {
                "service_name": "reddit",
                "title": "Add assignments to Azure AD roles using Terraform",
                "title_link": "https:\/\/www.reddit.com\/r\/Terraform\/comments\/i2x3y6\/add_assignments_to_azure_ad_roles_using_terraform\/",
                "text": "Hi guys, I'm trying to find out how to add assignments to azure ad administrative roles, for example, \"Application administrator\" using...",
                "fallback": "reddit: Add assignments to Azure AD roles using Terraform",
                "thumb_url": "https:\/\/www.redditstatic.com\/new-icon.png",
                "from_url": "https:\/\/www.reddit.com\/r\/Terraform\/comments\/i2x3y6\/add_assignments_to_azure_ad_roles_using_terraform\/",
                "thumb_width": 256,
                "thumb_height": 256,
                "service_icon": "http:\/\/www.redditstatic.com\/desktop2x\/img\/favicon\/apple-icon-57x57.png",
                "id": 1,
                "original_url": "https:\/\/www.reddit.com\/r\/Terraform\/comments\/i2x3y6\/add_assignments_to_azure_ad_roles_using_terraform\/"
            },
            {
                "title": "overview for Miky28CZ",
                "title_link": "https:\/\/www.reddit.com\/user\/Miky28CZ",
                "text": "The u\/Miky28CZ community on Reddit. Reddit gives you the best of the internet in one place.",
                "fallback": "overview for Miky28CZ",
                "from_url": "https:\/\/www.reddit.com\/user\/Miky28CZ",
                "service_icon": "http:\/\/www.redditstatic.com\/desktop2x\/img\/favicon\/apple-icon-57x57.png",
                "service_name": "reddit.com",
                "id": 2,
                "original_url": "https:\/\/www.reddit.com\/user\/Miky28CZ"
            }
        ],
        "edited": {
            "user": "BG3N7LG73",
            "ts": "1596463004.000000"
        }
    },
    {
        "type": "message",
        "subtype": "bot_message",
        "text": "<https:\/\/www.reddit.com\/r\/Terraform\/comments\/i313uu\/creating_route53_record_with_multiple_values\/|Creating Route53 Record with multiple values.>\nHello everyone, Any advice would be appreciated. I am currently able to create multiple Route53 records with Terraform using for_each. I am having an issue with one record that has multiple values associated with it. It's able to create the record and attach the first value to it, but then when Terraform reads the second value, Terraform attempts to create the record again to attach the second value but then errors out stating \"this record already exists.\" Any advice on how I can create a...",
        "ts": "1596475606.172500",
        "username": "Terraform ALL the Worlds!",
        "icons": {
            "image_48": "https:\/\/s3-us-west-2.amazonaws.com\/slack-files2\/bot_icons\/2019-02-12\/548785199618_48.png"
        },
        "bot_id": "BG3N7LG73",
        "attachments": [
            {
                "service_name": "reddit",
                "title": "Creating Route53 Record with multiple values.",
                "title_link": "https:\/\/www.reddit.com\/r\/Terraform\/comments\/i313uu\/creating_route53_record_with_multiple_values\/",
                "text": "Hello everyone, Any advice would be appreciated. I am currently able to create multiple Route53 records with Terraform using for\\_each. I am...",
                "fallback": "reddit: Creating Route53 Record with multiple values.",
                "thumb_url": "https:\/\/www.redditstatic.com\/new-icon.png",
                "from_url": "https:\/\/www.reddit.com\/r\/Terraform\/comments\/i313uu\/creating_route53_record_with_multiple_values\/",
                "thumb_width": 256,
                "thumb_height": 256,
                "service_icon": "http:\/\/www.redditstatic.com\/desktop2x\/img\/favicon\/apple-icon-57x57.png",
                "id": 1,
                "original_url": "https:\/\/www.reddit.com\/r\/Terraform\/comments\/i313uu\/creating_route53_record_with_multiple_values\/"
            }
        ],
        "edited": {
            "user": "BG3N7LG73",
            "ts": "1596475607.000000"
        }
    },
    {
        "type": "message",
        "subtype": "bot_message",
        "text": "<https:\/\/www.reddit.com\/r\/Terraform\/comments\/i35e2p\/have_added_docker_support_to_terraform_project\/|Have added docker support to terraform project generator. Comments are greatly appreciated.>\nsubmitted by   <https:\/\/www.reddit.com\/user\/sudhakarms| \/u\/sudhakarms > \n<https:\/\/github.com\/sudokar\/generator-tf-module|[link]>   <https:\/\/www.reddit.com\/r\/Terraform\/comments\/i35e2p\/have_added_docker_support_to_terraform_project\/|[comments]>",
        "ts": "1596488806.172700",
        "username": "Terraform ALL the Worlds!",
        "icons": {
            "image_48": "https:\/\/s3-us-west-2.amazonaws.com\/slack-files2\/bot_icons\/2019-02-12\/548785199618_48.png"
        },
        "bot_id": "BG3N7LG73",
        "attachments": [
            {
                "service_name": "reddit",
                "title": "Have added docker support to terraform project generator. Comments are greatly appreciated.",
                "title_link": "https:\/\/www.reddit.com\/r\/Terraform\/comments\/i35e2p\/have_added_docker_support_to_terraform_project\/",
                "text": "Posted in r\/Terraform by u\/sudhakarms • 1 point and 0 comments",
                "fallback": "reddit: Have added docker support to terraform project generator. Comments are greatly appreciated.",
                "thumb_url": "https:\/\/b.thumbs.redditmedia.com\/iDHFKM2eItCpfjJassa7sBLXWvBMmTeSC6FI9fC-xKI.jpg",
                "from_url": "https:\/\/www.reddit.com\/r\/Terraform\/comments\/i35e2p\/have_added_docker_support_to_terraform_project\/",
                "thumb_width": 140,
                "thumb_height": 140,
                "service_icon": "http:\/\/www.redditstatic.com\/desktop2x\/img\/favicon\/apple-icon-57x57.png",
                "id": 1,
                "original_url": "https:\/\/www.reddit.com\/r\/Terraform\/comments\/i35e2p\/have_added_docker_support_to_terraform_project\/"
            },
            {
                "title": "overview for sudhakarms",
                "title_link": "https:\/\/www.reddit.com\/user\/sudhakarms",
                "text": "The u\/sudhakarms community on Reddit. Reddit gives you the best of the internet in one place.",
                "fallback": "overview for sudhakarms",
                "from_url": "https:\/\/www.reddit.com\/user\/sudhakarms",
                "service_icon": "http:\/\/www.redditstatic.com\/desktop2x\/img\/favicon\/apple-icon-57x57.png",
                "service_name": "reddit.com",
                "id": 2,
                "original_url": "https:\/\/www.reddit.com\/user\/sudhakarms"
            },
            {
                "service_name": "GitHub",
                "title": "sudokar\/generator-tf-module",
                "title_link": "https:\/\/github.com\/sudokar\/generator-tf-module",
                "text": "Project scaffolding for Terraform. Contribute to sudokar\/generator-tf-module development by creating an account on GitHub.",
                "fallback": "GitHub: sudokar\/generator-tf-module",
                "thumb_url": "https:\/\/avatars1.githubusercontent.com\/u\/14125168?s=400&v=4",
                "from_url": "https:\/\/github.com\/sudokar\/generator-tf-module",
                "thumb_width": 400,
                "thumb_height": 400,
                "service_icon": "https:\/\/a.slack-edge.com\/80588\/img\/unfurl_icons\/github.png",
                "id": 3,
                "original_url": "https:\/\/github.com\/sudokar\/generator-tf-module"
            }
        ],
        "edited": {
            "user": "BG3N7LG73",
            "ts": "1596488806.000000"
        }
    },
    {
        "type": "message",
        "subtype": "bot_message",
        "text": "<https:\/\/www.reddit.com\/r\/Terraform\/comments\/i35rat\/terraform_visual_to_visualize_plan_easily\/|Terraform Visual to visualize plan easily!>\nHi everyone! I've shared <https:\/\/github.com\/hieven\/terraform-visual|Terraform Visual> last time here and got some good feedback! After a few months of development (and being procrastinative lol), I'm glad to bring some nice improvements and I'd like to get your inputs again. What is <https:\/\/github.com\/hieven\/terraform-visual|Terraform Visual>? Terraform Visual is a simple but powerful tool to help you understand your Terraform plan easily. Demo &lt;a...",
        "ts": "1596490008.172900",
        "username": "Terraform ALL the Worlds!",
        "icons": {
            "image_48": "https:\/\/s3-us-west-2.amazonaws.com\/slack-files2\/bot_icons\/2019-02-12\/548785199618_48.png"
        },
        "bot_id": "BG3N7LG73",
        "attachments": [
            {
                "service_name": "reddit",
                "title": "Terraform Visual to visualize plan easily!",
                "title_link": "https:\/\/www.reddit.com\/r\/Terraform\/comments\/i35rat\/terraform_visual_to_visualize_plan_easily\/",
                "text": "Posted in r\/Terraform by u\/32ckgvx • 1 point and 0 comments",
                "fallback": "reddit: Terraform Visual to visualize plan easily!",
                "thumb_url": "https:\/\/b.thumbs.redditmedia.com\/ONVbKyhdI14yP-RENJdICh1ZjipdEpcCWqt_vsjyJic.jpg",
                "from_url": "https:\/\/www.reddit.com\/r\/Terraform\/comments\/i35rat\/terraform_visual_to_visualize_plan_easily\/",
                "thumb_width": 140,
                "thumb_height": 140,
                "service_icon": "http:\/\/www.redditstatic.com\/desktop2x\/img\/favicon\/apple-icon-57x57.png",
                "id": 1,
                "original_url": "https:\/\/www.reddit.com\/r\/Terraform\/comments\/i35rat\/terraform_visual_to_visualize_plan_easily\/"
            },
            {
                "service_name": "GitHub",
                "title": "hieven\/terraform-visual",
                "title_link": "https:\/\/github.com\/hieven\/terraform-visual",
                "text": "Terraform Visual is a simple tool to visualize your Terraform plan - hieven\/terraform-visual",
                "fallback": "GitHub: hieven\/terraform-visual",
                "thumb_url": "https:\/\/avatars0.githubusercontent.com\/u\/5351682?s=400&v=4",
                "from_url": "https:\/\/github.com\/hieven\/terraform-visual",
                "thumb_width": 400,
                "thumb_height": 400,
                "service_icon": "https:\/\/a.slack-edge.com\/80588\/img\/unfurl_icons\/github.png",
                "id": 2,
                "original_url": "https:\/\/github.com\/hieven\/terraform-visual"
            }
        ],
        "edited": {
            "user": "BG3N7LG73",
            "ts": "1596490008.000000"
        }
    },
    {
        "type": "message",
        "subtype": "bot_message",
        "text": "<https:\/\/qiita.com\/sugiyasu-qr\/items\/fafc4bc59f4f30281846|terraform: AWS provider や s3 backend の設定に role の arn をハードコードせずに switch role や MFA 環境で実行する方法>\n<https:\/\/qiita.com\/#%E6%A6%82%E8%A6%81>概要\n\nterraform を MFA 認証有の IAM ユーザ権限で switch role しつつ実行するのに手間どったので、対応方法を記載しておきます。\n実行時に使用する switch role 先の arn を aws provider や s3 backend 設定にハードコードすると簡単にできるらしいのですが、role は環境（開発\/テスト\/本番）依存するものなので、ハードコードしたくないですよね。\n\n同じようなことで困っている人は世の中にそこそこいて、関連する issue がいくつか挙がっています。\nその中で、terraform の開発者っぽい人が、\"terraform は自動実行を意識しているので、MFA の one time password を interactive に入力するとか対応しねーんだよ！\" と言っているコメントがあったので、それをヒントに workaround を調査しました。\n\n\n&lt;a...",
        "ts": "1596509806.173100",
        "username": "Terraformタグが付けられた新着記事 - Qiita",
        "icons": {
            "image_36": "https:\/\/a.slack-edge.com\/80588\/img\/services\/rss_36.png",
            "image_48": "https:\/\/a.slack-edge.com\/80588\/img\/services\/rss_48.png",
            "image_72": "https:\/\/a.slack-edge.com\/80588\/img\/services\/rss_72.png"
        },
        "bot_id": "BG3N7LG73",
        "attachments": [
            {
                "service_name": "Qiita",
                "title": "terraform: AWS provider や s3 backend の設定に role の arn をハードコードせずに switch role や MFA 環境で実行する方法 - Qiita",
                "title_link": "https:\/\/qiita.com\/sugiyasu-qr\/items\/fafc4bc59f4f30281846",
                "text": "概要 terraform を MFA 認証有の IAM ユーザ権限で switch role しつつ実行するのに手間どったので、対応方法を記載しておきます。 実行時に使用する switch role 先の arn を aws p...",
                "fallback": "Qiita: terraform: AWS provider や s3 backend の設定に role の arn をハードコードせずに switch role や MFA 環境で実行する方法 - Qiita",
                "image_url": "https:\/\/qiita-user-contents.imgix.net\/https%3A%2F%2Fcdn.qiita.com%2Fassets%2Fpublic%2Farticle-ogp-background-1150d8b18a7c15795b701a55ae908f94.png?ixlib=rb-1.2.2&w=1200&mark=https%3A%2F%2Fqiita-user-contents.imgix.net%2F~text%3Fixlib%3Drb-1.2.2%26w%3D840%26h%3D380%26txt%3Dterraform%253A%2520AWS%2520provider%2520%25E3%2582%2584%2520s3%2520backend%2520%25E3%2581%25AE%25E8%25A8%25AD%25E5%25AE%259A%25E3%2581%25AB%2520role%2520%25E3%2581%25AE%2520arn%2520%25E3%2582%2592%25E3%2583%258F%25E3%2583%25BC%25E3%2583%2589%25E3%2582%25B3%25E3%2583%25BC%25E3%2583%2589%25E3%2581%259B%25E3%2581%259A%25E3%2581%25AB%2520switch%2520role%2520%25E3%2582%2584%2520MFA%2520%25E7%2592%25B0%25E5%25A2%2583%25E3%2581%25A7%25E5%25AE%259F%25E8%25A1%258C%25E2%2580%25A6%26txt-color%3D%2523333%26txt-font%3DAvenir-Black%26txt-size%3D54%26txt-clip%3Dellipsis%26txt-align%3Dcenter%252Cmiddle%26s%3Da7be2391513ae1adff8a12b5bc180588&mark-align=center%2Cmiddle&blend=https%3A%2F%2Fqiita-user-contents.imgix.net%2F~text%3Fixlib%3Drb-1.2.2%26w%3D840%26h%3D500%26txt%3D%2540sugiyasu-qr%26txt-color%3D%2523333%26txt-font%3DAvenir-Black%26txt-size%3D45%26txt-align%3Dright%252Cbottom%26s%3Dba03c45f84a56e1a473cb690d8be5ee2&blend-align=center%2Cmiddle&blend-mode=normal&s=aeb9c5a65d28aad5dac0087596d4e60e",
                "from_url": "https:\/\/qiita.com\/sugiyasu-qr\/items\/fafc4bc59f4f30281846",
                "image_width": 476,
                "image_height": 250,
                "image_bytes": 72948,
                "service_icon": "https:\/\/cdn.qiita.com\/assets\/favicons\/public\/apple-touch-icon-ec5ba42a24ae923f16825592efdc356f.png",
                "id": 1,
                "original_url": "https:\/\/qiita.com\/sugiyasu-qr\/items\/fafc4bc59f4f30281846"
            },
            {
                "service_name": "Qiita",
                "title": "プログラマの技術情報共有サービス - Qiita",
                "title_link": "https:\/\/qiita.com\/#%E6%A6%82%E8%A6%81",
                "text": "Qiitaは、プログラマのための技術情報共有サービスです。 プログラミングに関するTips、ノウハウ、メモを簡単に記録 &amp; 公開することができます。",
                "fallback": "Qiita: プログラマの技術情報共有サービス - Qiita",
                "thumb_url": "https:\/\/cdn.qiita.com\/assets\/qiita-fb-fe28c64039d925349e620ba55091e078.png",
                "from_url": "https:\/\/qiita.com\/#%E6%A6%82%E8%A6%81",
                "thumb_width": 1200,
                "thumb_height": 630,
                "service_icon": "https:\/\/cdn.qiita.com\/assets\/favicons\/public\/apple-touch-icon-ec5ba42a24ae923f16825592efdc356f.png",
                "id": 2,
                "original_url": "https:\/\/qiita.com\/#%E6%A6%82%E8%A6%81"
            }
        ],
        "edited": {
            "user": "BG3N7LG73",
            "ts": "1596509806.000000"
        }
    }
]