[
    {
        "type": "message",
        "subtype": "bot_message",
        "text": "<https:\/\/www.reddit.com\/r\/Terraform\/comments\/i9kkri\/problem_with_ec2_tag_made_by_cloudformation\/|Problem with EC2 Tag made by CloudFormation>\nTerraform v0.12.28 + <https:\/\/provider.aws\/|provider.aws> v2.70.0 ​ I'm describing existing infrastructure with terrafrom, using terraform import to add resources. Some security groups have tags made by AWS CloudFormation. Terraform can't accept or recreate them. ​ Tags look like this: aws:cloudformation:logical-id ​ I've tried to put those tags as is in resource \"aws_security_group\" and as a separate resource: ​ resource \"aws_ec2_tag\" \"security_group_name-tags\" { for_each = {...",
        "ts": "1597406208.189200",
        "username": "Terraform ALL the Worlds!",
        "icons": {
            "image_48": "https:\/\/s3-us-west-2.amazonaws.com\/slack-files2\/bot_icons\/2019-02-12\/548785199618_48.png"
        },
        "bot_id": "BG3N7LG73",
        "attachments": [
            {
                "service_name": "reddit",
                "title": "Problem with EC2 Tag made by CloudFormation",
                "title_link": "https:\/\/www.reddit.com\/r\/Terraform\/comments\/i9kkri\/problem_with_ec2_tag_made_by_cloudformation\/",
                "text": "Terraform v0.12.28 \\+ [provider.aws](<https:\/\/provider.aws>) v2.70.0 &amp;#x200B; I'm describing existing infrastructure with terrafrom, using...",
                "fallback": "reddit: Problem with EC2 Tag made by CloudFormation",
                "thumb_url": "https:\/\/www.redditstatic.com\/new-icon.png",
                "from_url": "https:\/\/www.reddit.com\/r\/Terraform\/comments\/i9kkri\/problem_with_ec2_tag_made_by_cloudformation\/",
                "thumb_width": 256,
                "thumb_height": 256,
                "service_icon": "http:\/\/www.redditstatic.com\/desktop2x\/img\/favicon\/apple-icon-57x57.png",
                "id": 1,
                "original_url": "https:\/\/www.reddit.com\/r\/Terraform\/comments\/i9kkri\/problem_with_ec2_tag_made_by_cloudformation\/"
            }
        ],
        "edited": {
            "user": "BG3N7LG73",
            "ts": "1597406209.000000"
        }
    },
    {
        "type": "message",
        "subtype": "bot_message",
        "text": "<https:\/\/qiita.com\/yCroma\/items\/2c9d87a6dcbdf02d89f2|vimでterraform-lspを使いたい>\n<https:\/\/qiita.com\/#%E3%81%AF%E3%81%98%E3%82%81%E3%81%AB>はじめに\n\nvimに入門しました。terraformの勉強を始めたんですが、lspとやらが便利とのことなので試してみることにしました。\n\n\n<https:\/\/qiita.com\/#%E7%92%B0%E5%A2%83>環境\n\n\n\nOS\nmacOS Catalina 10.15.5\n管理ツール\nHomebrew\nplugin管理\ndein\nterraform\n0.12.5\n\n<https:\/\/qiita.com\/#%E6%B3%A8%E6%84%8F>注意\n\nterraformのバージョンは、0.12.20より小さくしておいてください。\n参考\n・<https:\/\/github.com\/hashicorp\/terraform-ls|hashicorp\/terraform-ls>\n・&lt;a...",
        "ts": "1597408608.189400",
        "username": "Terraformタグが付けられた新着記事 - Qiita",
        "icons": {
            "image_36": "https:\/\/a.slack-edge.com\/80588\/img\/services\/rss_36.png",
            "image_48": "https:\/\/a.slack-edge.com\/80588\/img\/services\/rss_48.png",
            "image_72": "https:\/\/a.slack-edge.com\/80588\/img\/services\/rss_72.png"
        },
        "bot_id": "BG3N7LG73",
        "attachments": [
            {
                "service_name": "Qiita",
                "title": "vimでterraform-lspを使いたい - Qiita",
                "title_link": "https:\/\/qiita.com\/yCroma\/items\/2c9d87a6dcbdf02d89f2",
                "text": "はじめに vimに入門しました。terraformの勉強を始めたんですが、lspとやらが便利とのことなので試してみることにしました。 環境 OS macOS Catalina 10.15.5 管理ツー...",
                "fallback": "Qiita: vimでterraform-lspを使いたい - Qiita",
                "image_url": "https:\/\/qiita-user-contents.imgix.net\/https%3A%2F%2Fcdn.qiita.com%2Fassets%2Fpublic%2Farticle-ogp-background-1150d8b18a7c15795b701a55ae908f94.png?ixlib=rb-1.2.2&w=1200&mark=https%3A%2F%2Fqiita-user-contents.imgix.net%2F~text%3Fixlib%3Drb-1.2.2%26w%3D840%26h%3D380%26txt%3Dvim%25E3%2581%25A7terraform-lsp%25E3%2582%2592%25E4%25BD%25BF%25E3%2581%2584%25E3%2581%259F%25E3%2581%2584%26txt-color%3D%2523333%26txt-font%3DHiragino%2520Sans%2520W6%26txt-size%3D54%26txt-clip%3Dellipsis%26txt-align%3Dcenter%252Cmiddle%26s%3Df1b81d765963266268d31c58b63383eb&mark-align=center%2Cmiddle&blend=https%3A%2F%2Fqiita-user-contents.imgix.net%2F~text%3Fixlib%3Drb-1.2.2%26w%3D840%26h%3D500%26txt%3D%2540yCroma%26txt-color%3D%2523333%26txt-font%3DHiragino%2520Sans%2520W6%26txt-size%3D45%26txt-align%3Dright%252Cbottom%26s%3D88db08c13d8ace4702d94fd423d13686&blend-align=center%2Cmiddle&blend-mode=normal&s=50b7980c75d7985f8b90a189150d16ac",
                "from_url": "https:\/\/qiita.com\/yCroma\/items\/2c9d87a6dcbdf02d89f2",
                "image_width": 476,
                "image_height": 250,
                "image_bytes": 39619,
                "service_icon": "https:\/\/cdn.qiita.com\/assets\/favicons\/public\/apple-touch-icon-ec5ba42a24ae923f16825592efdc356f.png",
                "id": 1,
                "original_url": "https:\/\/qiita.com\/yCroma\/items\/2c9d87a6dcbdf02d89f2"
            },
            {
                "service_name": "Qiita",
                "title": "プログラマの技術情報共有サービス - Qiita",
                "title_link": "https:\/\/qiita.com\/#%E3%81%AF%E3%81%98%E3%82%81%E3%81%AB",
                "text": "Qiitaは、プログラマのための技術情報共有サービスです。 プログラミングに関するTips、ノウハウ、メモを簡単に記録 &amp; 公開することができます。",
                "fallback": "Qiita: プログラマの技術情報共有サービス - Qiita",
                "thumb_url": "https:\/\/cdn.qiita.com\/assets\/qiita-fb-fe28c64039d925349e620ba55091e078.png",
                "from_url": "https:\/\/qiita.com\/#%E3%81%AF%E3%81%98%E3%82%81%E3%81%AB",
                "thumb_width": 1200,
                "thumb_height": 630,
                "service_icon": "https:\/\/cdn.qiita.com\/assets\/favicons\/public\/apple-touch-icon-ec5ba42a24ae923f16825592efdc356f.png",
                "id": 2,
                "original_url": "https:\/\/qiita.com\/#%E3%81%AF%E3%81%98%E3%82%81%E3%81%AB"
            },
            {
                "service_name": "Qiita",
                "title": "プログラマの技術情報共有サービス - Qiita",
                "title_link": "https:\/\/qiita.com\/#%E7%92%B0%E5%A2%83",
                "text": "Qiitaは、プログラマのための技術情報共有サービスです。 プログラミングに関するTips、ノウハウ、メモを簡単に記録 &amp; 公開することができます。",
                "fallback": "Qiita: プログラマの技術情報共有サービス - Qiita",
                "thumb_url": "https:\/\/cdn.qiita.com\/assets\/qiita-fb-fe28c64039d925349e620ba55091e078.png",
                "from_url": "https:\/\/qiita.com\/#%E7%92%B0%E5%A2%83",
                "thumb_width": 1200,
                "thumb_height": 630,
                "service_icon": "https:\/\/cdn.qiita.com\/assets\/favicons\/public\/apple-touch-icon-ec5ba42a24ae923f16825592efdc356f.png",
                "id": 3,
                "original_url": "https:\/\/qiita.com\/#%E7%92%B0%E5%A2%83"
            },
            {
                "service_name": "Qiita",
                "title": "プログラマの技術情報共有サービス - Qiita",
                "title_link": "https:\/\/qiita.com\/#%E6%B3%A8%E6%84%8F",
                "text": "Qiitaは、プログラマのための技術情報共有サービスです。 プログラミングに関するTips、ノウハウ、メモを簡単に記録 &amp; 公開することができます。",
                "fallback": "Qiita: プログラマの技術情報共有サービス - Qiita",
                "thumb_url": "https:\/\/cdn.qiita.com\/assets\/qiita-fb-fe28c64039d925349e620ba55091e078.png",
                "from_url": "https:\/\/qiita.com\/#%E6%B3%A8%E6%84%8F",
                "thumb_width": 1200,
                "thumb_height": 630,
                "service_icon": "https:\/\/cdn.qiita.com\/assets\/favicons\/public\/apple-touch-icon-ec5ba42a24ae923f16825592efdc356f.png",
                "id": 4,
                "original_url": "https:\/\/qiita.com\/#%E6%B3%A8%E6%84%8F"
            },
            {
                "service_name": "GitHub",
                "title": "hashicorp\/terraform-ls",
                "title_link": "https:\/\/github.com\/hashicorp\/terraform-ls",
                "text": "Terraform Language Server. Contribute to hashicorp\/terraform-ls development by creating an account on GitHub.",
                "fallback": "GitHub: hashicorp\/terraform-ls",
                "thumb_url": "https:\/\/avatars0.githubusercontent.com\/u\/761456?s=400&v=4",
                "from_url": "https:\/\/github.com\/hashicorp\/terraform-ls",
                "thumb_width": 399,
                "thumb_height": 399,
                "service_icon": "https:\/\/a.slack-edge.com\/80588\/img\/unfurl_icons\/github.png",
                "id": 5,
                "original_url": "https:\/\/github.com\/hashicorp\/terraform-ls"
            }
        ],
        "edited": {
            "user": "BG3N7LG73",
            "ts": "1597408608.000000"
        }
    },
    {
        "type": "message",
        "subtype": "bot_message",
        "text": "<https:\/\/www.reddit.com\/r\/Terraform\/comments\/i9nyrp\/creating_sub_resources_from_each_parent_resource\/|Creating sub resources from each parent resource.>\nSo I'm trying to create a VPN module for IBM Cloud. IBM Requires a VPN Gateway in each zone. Each VPN Gateway then needs a connection to the peer site. We have 3 zones at IBM and 2 peers each gateway needs to connect to. I have create a Gateway module that takes a list of zones and creates a gateway resource in each. But I'm having trouble getting those connections created on each of those gateways. In the end, what I would like to happens is use the gateway module at accepts a list of...",
        "ts": "1597419409.189600",
        "username": "Terraform ALL the Worlds!",
        "icons": {
            "image_48": "https:\/\/s3-us-west-2.amazonaws.com\/slack-files2\/bot_icons\/2019-02-12\/548785199618_48.png"
        },
        "bot_id": "BG3N7LG73",
        "attachments": [
            {
                "service_name": "reddit",
                "title": "Creating sub resources from each parent resource.",
                "title_link": "https:\/\/www.reddit.com\/r\/Terraform\/comments\/i9nyrp\/creating_sub_resources_from_each_parent_resource\/",
                "text": "So I'm trying to create a VPN module for IBM Cloud. IBM Requires a VPN Gateway in each zone. Each VPN Gateway then needs a connection to the peer...",
                "fallback": "reddit: Creating sub resources from each parent resource.",
                "thumb_url": "https:\/\/www.redditstatic.com\/new-icon.png",
                "from_url": "https:\/\/www.reddit.com\/r\/Terraform\/comments\/i9nyrp\/creating_sub_resources_from_each_parent_resource\/",
                "thumb_width": 256,
                "thumb_height": 256,
                "service_icon": "http:\/\/www.redditstatic.com\/desktop2x\/img\/favicon\/apple-icon-57x57.png",
                "id": 1,
                "original_url": "https:\/\/www.reddit.com\/r\/Terraform\/comments\/i9nyrp\/creating_sub_resources_from_each_parent_resource\/"
            }
        ],
        "edited": {
            "user": "BG3N7LG73",
            "ts": "1597419409.000000"
        }
    },
    {
        "type": "message",
        "subtype": "bot_message",
        "text": "<https:\/\/qiita.com\/charon\/items\/53790d8826e32561535d|Amazon ElastiCache for Redisのエンドポイントを確認する>\n<https:\/\/qiita.com\/#tldr>TL;DR\n\nAmazon ElastiCache for Redisのエンドポイントは、クラスターモードが有効かどうかで異なる\nシングルノードの場合\n\nノードのエンドポイント（Endpoint）を読み書きのオペレーションに使う\n\nクラスター構成の場合\n\nクラスターモードが有効の場合は、ConfigurationEndpointを使う\nクラスターモードが無効の場合は、書き込みにはPrimaryEndpointを、読み込みにはReaderEndpointを使う\n\nAmazon ElastiCache for Redisのドキュメントをさらっと読んでみても、どういう時にどのエンドポイントを使うのかがよくわからなかったので、ちゃんと読み込んでみようかなと。\n\nで、その情報を整理するのが、このエントリの目的です。\n\n\n&lt;a...",
        "ts": "1597424206.189800",
        "username": "Terraformタグが付けられた新着記事 - Qiita",
        "icons": {
            "image_36": "https:\/\/a.slack-edge.com\/80588\/img\/services\/rss_36.png",
            "image_48": "https:\/\/a.slack-edge.com\/80588\/img\/services\/rss_48.png",
            "image_72": "https:\/\/a.slack-edge.com\/80588\/img\/services\/rss_72.png"
        },
        "bot_id": "BG3N7LG73",
        "attachments": [
            {
                "service_name": "Qiita",
                "title": "Amazon ElastiCache for Redisのエンドポイントを確認する - Qiita",
                "title_link": "https:\/\/qiita.com\/charon\/items\/53790d8826e32561535d",
                "text": "TL;DR Amazon ElastiCache for Redisのエンドポイントは、クラスターモードが有効かどうかで異なる シングルノードの場合 ノードのエンドポイント（Endpoint）を読み書きのオペレーションに使...",
                "fallback": "Qiita: Amazon ElastiCache for Redisのエンドポイントを確認する - Qiita",
                "image_url": "https:\/\/qiita-user-contents.imgix.net\/https%3A%2F%2Fcdn.qiita.com%2Fassets%2Fpublic%2Farticle-ogp-background-1150d8b18a7c15795b701a55ae908f94.png?ixlib=rb-1.2.2&w=1200&mark=https%3A%2F%2Fqiita-user-contents.imgix.net%2F~text%3Fixlib%3Drb-1.2.2%26w%3D840%26h%3D380%26txt%3DAmazon%2520ElastiCache%2520for%2520Redis%25E3%2581%25AE%25E3%2582%25A8%25E3%2583%25B3%25E3%2583%2589%25E3%2583%259D%25E3%2582%25A4%25E3%2583%25B3%25E3%2583%2588%25E3%2582%2592%25E7%25A2%25BA%25E8%25AA%258D%25E3%2581%2599%25E3%2582%258B%26txt-color%3D%2523333%26txt-font%3DHiragino%2520Sans%2520W6%26txt-size%3D54%26txt-clip%3Dellipsis%26txt-align%3Dcenter%252Cmiddle%26s%3Dadd7f535ed38418fb96c51847c9400aa&mark-align=center%2Cmiddle&blend=https%3A%2F%2Fqiita-user-contents.imgix.net%2F~text%3Fixlib%3Drb-1.2.2%26w%3D840%26h%3D500%26txt%3D%2540charon%26txt-color%3D%2523333%26txt-font%3DHiragino%2520Sans%2520W6%26txt-size%3D45%26txt-align%3Dright%252Cbottom%26s%3D7439b04a45704cb9cceac479fbf88f07&blend-align=center%2Cmiddle&blend-mode=normal&s=d429fa253e53637a0e298758830a1adc",
                "from_url": "https:\/\/qiita.com\/charon\/items\/53790d8826e32561535d",
                "image_width": 476,
                "image_height": 250,
                "image_bytes": 54800,
                "service_icon": "https:\/\/cdn.qiita.com\/assets\/favicons\/public\/apple-touch-icon-ec5ba42a24ae923f16825592efdc356f.png",
                "id": 1,
                "original_url": "https:\/\/qiita.com\/charon\/items\/53790d8826e32561535d"
            },
            {
                "service_name": "Qiita",
                "title": "プログラマの技術情報共有サービス - Qiita",
                "title_link": "https:\/\/qiita.com\/#tldr",
                "text": "Qiitaは、プログラマのための技術情報共有サービスです。 プログラミングに関するTips、ノウハウ、メモを簡単に記録 &amp; 公開することができます。",
                "fallback": "Qiita: プログラマの技術情報共有サービス - Qiita",
                "thumb_url": "https:\/\/cdn.qiita.com\/assets\/qiita-fb-fe28c64039d925349e620ba55091e078.png",
                "from_url": "https:\/\/qiita.com\/#tldr",
                "thumb_width": 1200,
                "thumb_height": 630,
                "service_icon": "https:\/\/cdn.qiita.com\/assets\/favicons\/public\/apple-touch-icon-ec5ba42a24ae923f16825592efdc356f.png",
                "id": 2,
                "original_url": "https:\/\/qiita.com\/#tldr"
            }
        ],
        "edited": {
            "user": "BG3N7LG73",
            "ts": "1597424206.000000"
        }
    },
    {
        "type": "message",
        "subtype": "bot_message",
        "text": "<https:\/\/www.reddit.com\/r\/Terraform\/comments\/i9sx12\/how_do_i_use_tf_variables_inside_a_localexec\/|How do I use TF variables inside a \"local-exec\" command?>\nSince TF doesn't support applying aws Config put-remediation-configurations, I have to run a \"local-exec\" to execute an aws cli command. Since this will be run in multiple accounts, I need to use Terraform variables in the command being executed, but I keep receiving the following error when I try to do so: Error parsing \/home\/test\/main.tf: At 23:151: illegal char  The illegal character is where I'm trying to call a TF variable. Here's the code, the 23:151 illegal character is the...",
        "ts": "1597435608.190000",
        "username": "Terraform ALL the Worlds!",
        "icons": {
            "image_48": "https:\/\/s3-us-west-2.amazonaws.com\/slack-files2\/bot_icons\/2019-02-12\/548785199618_48.png"
        },
        "bot_id": "BG3N7LG73",
        "attachments": [
            {
                "service_name": "reddit",
                "title": "How do I use TF variables inside a \"local-exec\" command?",
                "title_link": "https:\/\/www.reddit.com\/r\/Terraform\/comments\/i9sx12\/how_do_i_use_tf_variables_inside_a_localexec\/",
                "text": "Since TF doesn't support applying aws Config put-remediation-configurations, I have to run a \"local-exec\" to execute an aws cli command. Since...",
                "fallback": "reddit: How do I use TF variables inside a \"local-exec\" command?",
                "thumb_url": "https:\/\/www.redditstatic.com\/new-icon.png",
                "from_url": "https:\/\/www.reddit.com\/r\/Terraform\/comments\/i9sx12\/how_do_i_use_tf_variables_inside_a_localexec\/",
                "thumb_width": 256,
                "thumb_height": 256,
                "service_icon": "http:\/\/www.redditstatic.com\/desktop2x\/img\/favicon\/apple-icon-57x57.png",
                "id": 1,
                "original_url": "https:\/\/www.reddit.com\/r\/Terraform\/comments\/i9sx12\/how_do_i_use_tf_variables_inside_a_localexec\/"
            }
        ],
        "edited": {
            "user": "BG3N7LG73",
            "ts": "1597435609.000000"
        }
    }
]