[
    {
        "type": "message",
        "subtype": "bot_message",
        "text": "<https:\/\/qiita.com\/harddisking\/items\/12e5f2752181c0d6896e|TerraformでEC2周りの色々を構築>\n<https:\/\/qiita.com\/#terraform>Terraform\n\nVPC1つの中にSubnetを切ってその中にEC2を1つ\n\nインターネットのアクセスをすべて受け入れる(0.0.0.0\/0)設定なので、yourIp\/32に置き換えた方がいいかもしれない \n\n# provider\nprovider \"aws\" {\n  version = \"~&gt; 2.0\"\n  region  = \"ap-northeast-1\"\n}\n\n# VPC\nresource \"aws_vpc\" \"VPC\" {\n  cidr_block           = \"10.1.0.0\/16\"\n  instance_tenancy     = \"default\"\n  enable_dns_support   = \"true\"\n  enable_dns_hostnames = \"false\"\n  tags = {\n    Name = \"Terraform-VPC\"\n  }\n}\n\n# IGW\nresource \"aws_internet_gateway\" \"GW\" {...",
        "ts": "1598515605.010400",
        "username": "Terraformタグが付けられた新着記事 - Qiita",
        "icons": {
            "image_36": "https:\/\/a.slack-edge.com\/80588\/img\/services\/rss_36.png",
            "image_48": "https:\/\/a.slack-edge.com\/80588\/img\/services\/rss_48.png",
            "image_72": "https:\/\/a.slack-edge.com\/80588\/img\/services\/rss_72.png"
        },
        "bot_id": "BG3N7LG73",
        "attachments": [
            {
                "service_name": "Qiita",
                "title": "TerraformでEC2周りの色々を構築 - Qiita",
                "title_link": "https:\/\/qiita.com\/harddisking\/items\/12e5f2752181c0d6896e",
                "text": "Terraform VPC1つの中にSubnetを切ってその中にEC2を1つ インターネットのアクセスをすべて受け入れる(0.0.0.0\/0)設定なので、yourIp\/32に置き換えた方がいいかもしれない # p...",
                "fallback": "Qiita: TerraformでEC2周りの色々を構築 - Qiita",
                "image_url": "https:\/\/qiita-user-contents.imgix.net\/https%3A%2F%2Fcdn.qiita.com%2Fassets%2Fpublic%2Farticle-ogp-background-1150d8b18a7c15795b701a55ae908f94.png?ixlib=rb-1.2.2&w=1200&mark=https%3A%2F%2Fqiita-user-contents.imgix.net%2F~text%3Fixlib%3Drb-1.2.2%26w%3D840%26h%3D380%26txt%3DTerraform%25E3%2581%25A7EC2%25E5%2591%25A8%25E3%2582%258A%25E3%2581%25AE%25E8%2589%25B2%25E3%2580%2585%25E3%2582%2592%25E6%25A7%258B%25E7%25AF%2589%26txt-color%3D%2523333%26txt-font%3DHiragino%2520Sans%2520W6%26txt-size%3D54%26txt-clip%3Dellipsis%26txt-align%3Dcenter%252Cmiddle%26s%3D2b66145d6274b97fa64448aad9e64912&mark-align=center%2Cmiddle&blend=https%3A%2F%2Fqiita-user-contents.imgix.net%2F~text%3Fixlib%3Drb-1.2.2%26w%3D840%26h%3D500%26txt%3D%2540harddisking%26txt-color%3D%2523333%26txt-font%3DHiragino%2520Sans%2520W6%26txt-size%3D45%26txt-align%3Dright%252Cbottom%26s%3D77e5c2d689dce2b3711e55d4d2bdeab7&blend-align=center%2Cmiddle&blend-mode=normal&s=cdc63d1f30ea3ecbdb2e419b0a76b86e",
                "from_url": "https:\/\/qiita.com\/harddisking\/items\/12e5f2752181c0d6896e",
                "image_width": 476,
                "image_height": 250,
                "image_bytes": 46977,
                "service_icon": "https:\/\/cdn.qiita.com\/assets\/favicons\/public\/apple-touch-icon-ec5ba42a24ae923f16825592efdc356f.png",
                "id": 1,
                "original_url": "https:\/\/qiita.com\/harddisking\/items\/12e5f2752181c0d6896e"
            },
            {
                "service_name": "Qiita",
                "title": "プログラマの技術情報共有サービス - Qiita",
                "title_link": "https:\/\/qiita.com\/#terraform",
                "text": "Qiitaは、プログラマのための技術情報共有サービスです。 プログラミングに関するTips、ノウハウ、メモを簡単に記録 &amp; 公開することができます。",
                "fallback": "Qiita: プログラマの技術情報共有サービス - Qiita",
                "thumb_url": "https:\/\/cdn.qiita.com\/assets\/qiita-fb-fe28c64039d925349e620ba55091e078.png",
                "from_url": "https:\/\/qiita.com\/#terraform",
                "thumb_width": 1200,
                "thumb_height": 630,
                "service_icon": "https:\/\/cdn.qiita.com\/assets\/favicons\/public\/apple-touch-icon-ec5ba42a24ae923f16825592efdc356f.png",
                "id": 2,
                "original_url": "https:\/\/qiita.com\/#terraform"
            }
        ],
        "edited": {
            "user": "BG3N7LG73",
            "ts": "1598515605.000000"
        }
    },
    {
        "type": "message",
        "subtype": "bot_message",
        "text": "<https:\/\/qiita.com\/khagi\/items\/026b5e3044109d03d616|Terraform で利用するイメージIDの取得方法>\n<https:\/\/qiita.com\/#%E3%81%AF%E3%81%98%E3%82%81%E3%81%AB>はじめに\n\nこんにちはhagiです。動画チームからRackspace事業部に昨年後半に移動いたしました。\n\ncloudpackに入社してから動画一色だったわけですがRackspace事業部ではBuild Engineerポジションでインフラ構築を担当しています。（動画チームのインフラ担当でした）\n\n環境を構築する都度TerraformやCloudFormationのテンプレを作成してから展開しております。 \n\nTerraformなどでテンプレ化をしてから展開すると構築過程全体ののスピードが上がります。もちろんインスタンスが少ない場合、AWSなので”ポチポチ”で簡単に環境を作成することができます。ただしその分設定漏れや環境の環境全体の再現（再構築など）が複雑になったりすることがあります。...",
        "ts": "1598523405.010600",
        "username": "Terraformタグが付けられた新着記事 - Qiita",
        "icons": {
            "image_36": "https:\/\/a.slack-edge.com\/80588\/img\/services\/rss_36.png",
            "image_48": "https:\/\/a.slack-edge.com\/80588\/img\/services\/rss_48.png",
            "image_72": "https:\/\/a.slack-edge.com\/80588\/img\/services\/rss_72.png"
        },
        "bot_id": "BG3N7LG73",
        "attachments": [
            {
                "service_name": "Qiita",
                "title": "Terraform で利用するイメージIDの取得方法 - Qiita",
                "title_link": "https:\/\/qiita.com\/khagi\/items\/026b5e3044109d03d616",
                "text": "はじめに こんにちはhagiです。動画チームからRackspace事業部に昨年後半に移動いたしました。 cloudpackに入社してから動画一色だったわけですがRackspace事業部ではBuild Engineerポジション...",
                "fallback": "Qiita: Terraform で利用するイメージIDの取得方法 - Qiita",
                "image_url": "https:\/\/qiita-user-contents.imgix.net\/https%3A%2F%2Fcdn.qiita.com%2Fassets%2Fpublic%2Farticle-ogp-background-1150d8b18a7c15795b701a55ae908f94.png?ixlib=rb-1.2.2&w=1200&mark=https%3A%2F%2Fqiita-user-contents.imgix.net%2F~text%3Fixlib%3Drb-1.2.2%26w%3D840%26h%3D380%26txt%3DTerraform%2520%25E3%2581%25A7%25E5%2588%25A9%25E7%2594%25A8%25E3%2581%2599%25E3%2582%258B%25E3%2582%25A4%25E3%2583%25A1%25E3%2583%25BC%25E3%2582%25B8ID%25E3%2581%25AE%25E5%258F%2596%25E5%25BE%2597%25E6%2596%25B9%25E6%25B3%2595%26txt-color%3D%2523333%26txt-font%3DHiragino%2520Sans%2520W6%26txt-size%3D54%26txt-clip%3Dellipsis%26txt-align%3Dcenter%252Cmiddle%26s%3D363577df6661875ec4f49f8ab33baca1&mark-align=center%2Cmiddle&blend=https%3A%2F%2Fqiita-user-contents.imgix.net%2F~text%3Fixlib%3Drb-1.2.2%26w%3D840%26h%3D500%26txt%3D%2540khagi%26txt-color%3D%2523333%26txt-font%3DHiragino%2520Sans%2520W6%26txt-size%3D45%26txt-align%3Dright%252Cbottom%26s%3D15a85e2096b5a268fc178a0869b1262e&blend-align=center%2Cmiddle&blend-mode=normal&s=51167ab2ee37a6e612c376a14c415f06",
                "from_url": "https:\/\/qiita.com\/khagi\/items\/026b5e3044109d03d616",
                "image_width": 476,
                "image_height": 250,
                "image_bytes": 47521,
                "service_icon": "https:\/\/cdn.qiita.com\/assets\/favicons\/public\/apple-touch-icon-ec5ba42a24ae923f16825592efdc356f.png",
                "id": 1,
                "original_url": "https:\/\/qiita.com\/khagi\/items\/026b5e3044109d03d616"
            },
            {
                "service_name": "Qiita",
                "title": "プログラマの技術情報共有サービス - Qiita",
                "title_link": "https:\/\/qiita.com\/#%E3%81%AF%E3%81%98%E3%82%81%E3%81%AB",
                "text": "Qiitaは、プログラマのための技術情報共有サービスです。 プログラミングに関するTips、ノウハウ、メモを簡単に記録 &amp; 公開することができます。",
                "fallback": "Qiita: プログラマの技術情報共有サービス - Qiita",
                "thumb_url": "https:\/\/cdn.qiita.com\/assets\/qiita-fb-fe28c64039d925349e620ba55091e078.png",
                "from_url": "https:\/\/qiita.com\/#%E3%81%AF%E3%81%98%E3%82%81%E3%81%AB",
                "thumb_width": 1200,
                "thumb_height": 630,
                "service_icon": "https:\/\/cdn.qiita.com\/assets\/favicons\/public\/apple-touch-icon-ec5ba42a24ae923f16825592efdc356f.png",
                "id": 2,
                "original_url": "https:\/\/qiita.com\/#%E3%81%AF%E3%81%98%E3%82%81%E3%81%AB"
            }
        ],
        "edited": {
            "user": "BG3N7LG73",
            "ts": "1598523405.000000"
        }
    },
    {
        "type": "message",
        "subtype": "bot_message",
        "text": "<https:\/\/www.google.com\/url?rct=j&amp;sa=t&amp;url=https:\/\/www.dreamnews.jp\/press\/0000221322\/&amp;ct=ga&amp;cd=CAIyHDMwMTY1OGE1ZDI5NDAyNzE6Y28uanA6amE6SlA&amp;usg=AFQjCNEAGPAFHn4UbolZSlWq83sNM9-J2w|EDBは「IaCクイックデプロイによるPoCとその先～&lt;b&gt;Terraform&lt;\/b&gt;とAnsibleで自動化するPostgreSQL ...>\nその先にあるDB標準化へ昇華させる手がかりを示します。 【タイトル】IaCクイックデプロイによるPoCとその先（AWS編） ～TerraformとAnsibleで ...",
        "ts": "1598536426.010800",
        "username": "Google アラート - terraform",
        "icons": {
            "image_36": "https:\/\/a.slack-edge.com\/80588\/img\/services\/rss_36.png",
            "image_48": "https:\/\/a.slack-edge.com\/80588\/img\/services\/rss_48.png",
            "image_72": "https:\/\/a.slack-edge.com\/80588\/img\/services\/rss_72.png"
        },
        "bot_id": "BG3N7LG73"
    },
    {
        "type": "message",
        "subtype": "bot_message",
        "text": "<https:\/\/www.google.com\/url?rct=j&amp;sa=t&amp;url=https:\/\/www.dreamnews.jp\/event\/6443\/&amp;ct=ga&amp;cd=CAIyHDMwMTY1OGE1ZDI5NDAyNzE6Y28uanA6amE6SlA&amp;usg=AFQjCNHsbAWNKaTB79b24l1Mj_Gd4xLrEg|【EDBウェビナー】IaCクイックデプロイによるPoCとその先（AWS編）〜&lt;b&gt;Terraform&lt;\/b&gt;とAnsibleで ...>\n【EDBウェビナー】IaCクイックデプロイによるPoCとその先（AWS編）〜TerraformとAnsibleで自動化するPostgreSQLのHAクラスタ構築〜.",
        "ts": "1598536426.010900",
        "username": "Google アラート - terraform",
        "icons": {
            "image_36": "https:\/\/a.slack-edge.com\/80588\/img\/services\/rss_36.png",
            "image_48": "https:\/\/a.slack-edge.com\/80588\/img\/services\/rss_48.png",
            "image_72": "https:\/\/a.slack-edge.com\/80588\/img\/services\/rss_72.png"
        },
        "bot_id": "BG3N7LG73"
    },
    {
        "type": "message",
        "subtype": "bot_message",
        "text": "<https:\/\/www.reddit.com\/r\/Terraform\/comments\/ihlc0j\/how_to_use_tf_013_module_count_in_terragrunt_is\/|How to use tf 0.13 module count in terragrunt. Is this supported in terragrunt>\nsubmitted by   <https:\/\/www.reddit.com\/user\/Kubectl8s| \/u\/Kubectl8s > \n<https:\/\/www.reddit.com\/r\/Terraform\/comments\/ihlc0j\/how_to_use_tf_013_module_count_in_terragrunt_is\/|[link]>   <https:\/\/www.reddit.com\/r\/Terraform\/comments\/ihlc0j\/how_to_use_tf_013_module_count_in_terragrunt_is\/|[comments]>",
        "ts": "1598536608.011000",
        "username": "Terraform ALL the Worlds!",
        "icons": {
            "image_48": "https:\/\/s3-us-west-2.amazonaws.com\/slack-files2\/bot_icons\/2019-02-12\/548785199618_48.png"
        },
        "bot_id": "BG3N7LG73",
        "attachments": [
            {
                "service_name": "reddit",
                "title": "How to use tf 0.13 module count in terragrunt. Is this supported in terragrunt",
                "title_link": "https:\/\/www.reddit.com\/r\/Terraform\/comments\/ihlc0j\/how_to_use_tf_013_module_count_in_terragrunt_is\/",
                "text": "Posted in r\/Terraform by u\/Kubectl8s • 1 point and 0 comments",
                "fallback": "reddit: How to use tf 0.13 module count in terragrunt. Is this supported in terragrunt",
                "thumb_url": "https:\/\/www.redditstatic.com\/new-icon.png",
                "from_url": "https:\/\/www.reddit.com\/r\/Terraform\/comments\/ihlc0j\/how_to_use_tf_013_module_count_in_terragrunt_is\/",
                "thumb_width": 256,
                "thumb_height": 256,
                "service_icon": "http:\/\/www.redditstatic.com\/desktop2x\/img\/favicon\/apple-icon-57x57.png",
                "id": 1,
                "original_url": "https:\/\/www.reddit.com\/r\/Terraform\/comments\/ihlc0j\/how_to_use_tf_013_module_count_in_terragrunt_is\/"
            },
            {
                "title": "overview for Kubectl8s",
                "title_link": "https:\/\/www.reddit.com\/user\/Kubectl8s",
                "text": "The u\/Kubectl8s community on Reddit. Reddit gives you the best of the internet in one place.",
                "fallback": "overview for Kubectl8s",
                "from_url": "https:\/\/www.reddit.com\/user\/Kubectl8s",
                "service_icon": "http:\/\/www.redditstatic.com\/desktop2x\/img\/favicon\/apple-icon-57x57.png",
                "service_name": "reddit.com",
                "id": 2,
                "original_url": "https:\/\/www.reddit.com\/user\/Kubectl8s"
            }
        ],
        "edited": {
            "user": "BG3N7LG73",
            "ts": "1598536609.000000"
        }
    },
    {
        "type": "message",
        "subtype": "bot_message",
        "text": "<https:\/\/qiita.com\/masudakz\/items\/34622a9e714b288b7123|AWSでterraformするときにinstance-profileからassume-roleする>\nAWSで terraform apply するにはAWSの操作権限の全てを与えておくのが現実的である。さもないと、未利用だったサービス・新しいサービスを使おうとする度にpolicy修正が必要になってしまう。\n\nterraform 作業専用の instanceを用意する場合でも、強すぎる権限を常時全開にするわけにはいかないだろう。instance-profileとしては ReadOnlyAccess などもっと軽い権限だけにして、 terraform コマンドのときだけ全権を与えたい。そうおもってやってみたらはまりポイントがあったのでここに記録する。\n\n※terraformオペレータのIAMユーザをMFA必須にして、そのユーザからの assume-roleをするのが、たぶんベストバランスだろう。この記事はその一歩手前のところである。assume-roleするための方法としては共通のはず。\n\n\n<https:\/\/qiita.com\/#rolereadonly-role>role\/ReadOnly-Role\n\nUsecase: EC2...",
        "ts": "1598540208.011200",
        "username": "Terraformタグが付けられた新着記事 - Qiita",
        "icons": {
            "image_36": "https:\/\/a.slack-edge.com\/80588\/img\/services\/rss_36.png",
            "image_48": "https:\/\/a.slack-edge.com\/80588\/img\/services\/rss_48.png",
            "image_72": "https:\/\/a.slack-edge.com\/80588\/img\/services\/rss_72.png"
        },
        "bot_id": "BG3N7LG73",
        "attachments": [
            {
                "service_name": "Qiita",
                "title": "AWSでterraformするときにinstance-profileからassume-roleする - Qiita",
                "title_link": "https:\/\/qiita.com\/masudakz\/items\/34622a9e714b288b7123",
                "text": "AWSで terraform apply するにはAWSの操作権限の全てを与えておくのが現実的である。さもないと、未利用だったサービス・新しいサービスを使おうとする度にpolicy修正が必要になってしまう。 terraform 作業...",
                "fallback": "Qiita: AWSでterraformするときにinstance-profileからassume-roleする - Qiita",
                "image_url": "https:\/\/qiita-user-contents.imgix.net\/https%3A%2F%2Fcdn.qiita.com%2Fassets%2Fpublic%2Farticle-ogp-background-1150d8b18a7c15795b701a55ae908f94.png?ixlib=rb-1.2.2&w=1200&mark=https%3A%2F%2Fqiita-user-contents.imgix.net%2F~text%3Fixlib%3Drb-1.2.2%26w%3D840%26h%3D380%26txt%3DAWS%25E3%2581%25A7terraform%25E3%2581%2599%25E3%2582%258B%25E3%2581%25A8%25E3%2581%258D%25E3%2581%25ABinstance-profile%25E3%2581%258B%25E3%2582%2589assume-role%25E3%2581%2599%25E3%2582%258B%26txt-color%3D%2523333%26txt-font%3DHiragino%2520Sans%2520W6%26txt-size%3D54%26txt-clip%3Dellipsis%26txt-align%3Dcenter%252Cmiddle%26s%3Daba38ffe146a4668014d6f2259ec8b4b&mark-align=center%2Cmiddle&blend=https%3A%2F%2Fqiita-user-contents.imgix.net%2F~text%3Fixlib%3Drb-1.2.2%26w%3D840%26h%3D500%26txt%3D%2540masudakz%26txt-color%3D%2523333%26txt-font%3DHiragino%2520Sans%2520W6%26txt-size%3D45%26txt-align%3Dright%252Cbottom%26s%3D0f2036870533ecb287862c3f1b323403&blend-align=center%2Cmiddle&blend-mode=normal&s=03d173332cb6a0cfbafb2e24980438b7",
                "from_url": "https:\/\/qiita.com\/masudakz\/items\/34622a9e714b288b7123",
                "image_width": 476,
                "image_height": 250,
                "image_bytes": 61826,
                "service_icon": "https:\/\/cdn.qiita.com\/assets\/favicons\/public\/apple-touch-icon-ec5ba42a24ae923f16825592efdc356f.png",
                "id": 1,
                "original_url": "https:\/\/qiita.com\/masudakz\/items\/34622a9e714b288b7123"
            },
            {
                "service_name": "Qiita",
                "title": "プログラマの技術情報共有サービス - Qiita",
                "title_link": "https:\/\/qiita.com\/#rolereadonly-role",
                "text": "Qiitaは、プログラマのための技術情報共有サービスです。 プログラミングに関するTips、ノウハウ、メモを簡単に記録 &amp; 公開することができます。",
                "fallback": "Qiita: プログラマの技術情報共有サービス - Qiita",
                "thumb_url": "https:\/\/cdn.qiita.com\/assets\/qiita-fb-fe28c64039d925349e620ba55091e078.png",
                "from_url": "https:\/\/qiita.com\/#rolereadonly-role",
                "thumb_width": 1200,
                "thumb_height": 630,
                "service_icon": "https:\/\/cdn.qiita.com\/assets\/favicons\/public\/apple-touch-icon-ec5ba42a24ae923f16825592efdc356f.png",
                "id": 2,
                "original_url": "https:\/\/qiita.com\/#rolereadonly-role"
            }
        ],
        "edited": {
            "user": "BG3N7LG73",
            "ts": "1598540208.000000"
        }
    },
    {
        "type": "message",
        "subtype": "bot_message",
        "text": "<https:\/\/www.reddit.com\/r\/Terraform\/comments\/ihns8f\/loop_through_module_passing_different_variables\/|Loop through module passing different variables>\nIs this something that is possible in Terraform? I was thinking maybe with map values and passing them into the module loop?  module \"x\"{ for_each = \"${beta_name_map}\" source = \".\/\/modules\/example\" name-beta = \"${each.value}\" path-beta = \"\/\" environment-beta = \"beta\" vpc-id = var.vpc-id }  My idea would be defining the variables for name-beta, path-beta and environment-beta and looping through and passing each value down the line. If there is a solution to this I'd love to know how. I can...",
        "ts": "1598545608.011400",
        "username": "Terraform ALL the Worlds!",
        "icons": {
            "image_48": "https:\/\/s3-us-west-2.amazonaws.com\/slack-files2\/bot_icons\/2019-02-12\/548785199618_48.png"
        },
        "bot_id": "BG3N7LG73",
        "attachments": [
            {
                "service_name": "reddit",
                "title": "Loop through module passing different variables",
                "title_link": "https:\/\/www.reddit.com\/r\/Terraform\/comments\/ihns8f\/loop_through_module_passing_different_variables\/",
                "text": "Is this something that is possible in Terraform? I was thinking maybe with map values and passing them into the module loop? module \"x\"{ ...",
                "fallback": "reddit: Loop through module passing different variables",
                "thumb_url": "https:\/\/www.redditstatic.com\/new-icon.png",
                "from_url": "https:\/\/www.reddit.com\/r\/Terraform\/comments\/ihns8f\/loop_through_module_passing_different_variables\/",
                "thumb_width": 256,
                "thumb_height": 256,
                "service_icon": "http:\/\/www.redditstatic.com\/desktop2x\/img\/favicon\/apple-icon-57x57.png",
                "id": 1,
                "original_url": "https:\/\/www.reddit.com\/r\/Terraform\/comments\/ihns8f\/loop_through_module_passing_different_variables\/"
            }
        ],
        "edited": {
            "user": "BG3N7LG73",
            "ts": "1598545608.000000"
        }
    },
    {
        "type": "message",
        "subtype": "bot_message",
        "text": "<https:\/\/www.reddit.com\/r\/Terraform\/comments\/ihny9q\/terraform_how_to_make_a_block_optional\/|Terraform - how to make a block optional>\nRight! im still winging most things in Terraform so please excuse the dumb question! We have this massive resource block with a whole bunch of actions we able to toggle on &amp; off and really clean &amp; repeatable for our cloudflare page rules. but in the provider GO info it mentions we cant have the \"forwarding_url\" block with any other action.We have failures in plans as soon as that line is put with other actions Is there any way to make that specific block optional? Im able to make the...",
        "ts": "1598545608.011500",
        "username": "Terraform ALL the Worlds!",
        "icons": {
            "image_48": "https:\/\/s3-us-west-2.amazonaws.com\/slack-files2\/bot_icons\/2019-02-12\/548785199618_48.png"
        },
        "bot_id": "BG3N7LG73",
        "attachments": [
            {
                "service_name": "reddit",
                "title": "Terraform - how to make a block optional",
                "title_link": "https:\/\/www.reddit.com\/r\/Terraform\/comments\/ihny9q\/terraform_how_to_make_a_block_optional\/",
                "text": "Right! im still winging most things in Terraform so please excuse the dumb question! We have this massive resource block with a whole bunch of...",
                "fallback": "reddit: Terraform - how to make a block optional",
                "thumb_url": "https:\/\/www.redditstatic.com\/new-icon.png",
                "from_url": "https:\/\/www.reddit.com\/r\/Terraform\/comments\/ihny9q\/terraform_how_to_make_a_block_optional\/",
                "thumb_width": 256,
                "thumb_height": 256,
                "service_icon": "http:\/\/www.redditstatic.com\/desktop2x\/img\/favicon\/apple-icon-57x57.png",
                "id": 1,
                "original_url": "https:\/\/www.reddit.com\/r\/Terraform\/comments\/ihny9q\/terraform_how_to_make_a_block_optional\/"
            }
        ],
        "edited": {
            "user": "BG3N7LG73",
            "ts": "1598545608.000000"
        }
    },
    {
        "type": "message",
        "subtype": "bot_message",
        "text": "<https:\/\/www.reddit.com\/r\/Terraform\/comments\/ihs6hx\/terraform_asking_for_input_variable_values_twice\/|Terraform asking for input variable values twice>\nHi folks, I was testing my Terraform template this morning on an EC2 that didn't have the proper access to make changes in AWS, but in my code is a pretty standard: variable \"username\" { type = string } variable \"password\" { type = string }  It asked me for the username, the password, and then it would try to run, and fail, because it had no credentials. Cool. So I switched to a different EC2 that did have the proper access, ran my terraform plan and apply, and each time - even when...",
        "ts": "1598558208.011800",
        "username": "Terraform ALL the Worlds!",
        "icons": {
            "image_48": "https:\/\/s3-us-west-2.amazonaws.com\/slack-files2\/bot_icons\/2019-02-12\/548785199618_48.png"
        },
        "bot_id": "BG3N7LG73",
        "attachments": [
            {
                "service_name": "reddit",
                "title": "Terraform asking for input variable values twice",
                "title_link": "https:\/\/www.reddit.com\/r\/Terraform\/comments\/ihs6hx\/terraform_asking_for_input_variable_values_twice\/",
                "text": "Hi folks, I was testing my Terraform template this morning on an EC2 that didn't have the proper access to make changes in AWS, but in my code is...",
                "fallback": "reddit: Terraform asking for input variable values twice",
                "thumb_url": "https:\/\/www.redditstatic.com\/new-icon.png",
                "from_url": "https:\/\/www.reddit.com\/r\/Terraform\/comments\/ihs6hx\/terraform_asking_for_input_variable_values_twice\/",
                "thumb_width": 256,
                "thumb_height": 256,
                "service_icon": "http:\/\/www.redditstatic.com\/desktop2x\/img\/favicon\/apple-icon-57x57.png",
                "id": 1,
                "original_url": "https:\/\/www.reddit.com\/r\/Terraform\/comments\/ihs6hx\/terraform_asking_for_input_variable_values_twice\/"
            }
        ],
        "edited": {
            "user": "BG3N7LG73",
            "ts": "1598558209.000000"
        }
    },
    {
        "type": "message",
        "subtype": "bot_message",
        "text": "<https:\/\/www.reddit.com\/r\/Terraform\/comments\/iht4lq\/trying_to_run_terraform_on_windows_to_aws_account\/|Trying to run terraform on windows to aws account but failing>\nAll credentials where set, although all that i am getting this error which seems like the time on my machine vs amazon is bigger then the credential algorithm allows right ? what shall i do ?  Error: error configuring Terraform AWS Provider: error validating provider credentials: error calling sts:GetCallerIdentity: SignatureDoesNotMatch: Signature not yet current: 20200827T153747Z is still later than 20200827T145240Z (20200827T143740Z + 15 min.)    submitted by   &lt;a...",
        "ts": "1598561210.012000",
        "username": "Terraform ALL the Worlds!",
        "icons": {
            "image_48": "https:\/\/s3-us-west-2.amazonaws.com\/slack-files2\/bot_icons\/2019-02-12\/548785199618_48.png"
        },
        "bot_id": "BG3N7LG73",
        "attachments": [
            {
                "service_name": "reddit",
                "title": "Trying to run terraform on windows to aws account but failing",
                "title_link": "https:\/\/www.reddit.com\/r\/Terraform\/comments\/iht4lq\/trying_to_run_terraform_on_windows_to_aws_account\/",
                "text": "All credentials where set, although all that i am getting this error which seems like the time on my machine vs amazon is bigger then the...",
                "fallback": "reddit: Trying to run terraform on windows to aws account but failing",
                "thumb_url": "https:\/\/www.redditstatic.com\/new-icon.png",
                "from_url": "https:\/\/www.reddit.com\/r\/Terraform\/comments\/iht4lq\/trying_to_run_terraform_on_windows_to_aws_account\/",
                "thumb_width": 256,
                "thumb_height": 256,
                "service_icon": "http:\/\/www.redditstatic.com\/desktop2x\/img\/favicon\/apple-icon-57x57.png",
                "id": 1,
                "original_url": "https:\/\/www.reddit.com\/r\/Terraform\/comments\/iht4lq\/trying_to_run_terraform_on_windows_to_aws_account\/"
            }
        ],
        "edited": {
            "user": "BG3N7LG73",
            "ts": "1598561211.000000"
        }
    },
    {
        "type": "message",
        "subtype": "bot_message",
        "text": "<https:\/\/www.reddit.com\/r\/Terraform\/comments\/ihvytu\/ecs_with_multiple_definitions_on_1229\/|ECS with multiple definitions on 12.29>\nI'm having trouble with terraform creating a service that is running more than one task. Should that be possible? one of them is an nginx task that is added to a load balancer target group. the other two are an x-ray and a Django task. I'll try to add some config options. a little background. it was initially created manually just trying to replicate what was done manually using the definition file from the JSON tab of the present service    submitted by   &lt;a...",
        "ts": "1598571408.012200",
        "username": "Terraform ALL the Worlds!",
        "icons": {
            "image_48": "https:\/\/s3-us-west-2.amazonaws.com\/slack-files2\/bot_icons\/2019-02-12\/548785199618_48.png"
        },
        "bot_id": "BG3N7LG73",
        "attachments": [
            {
                "service_name": "reddit",
                "title": "ECS with multiple definitions on 12.29",
                "title_link": "https:\/\/www.reddit.com\/r\/Terraform\/comments\/ihvytu\/ecs_with_multiple_definitions_on_1229\/",
                "text": "I'm having trouble with terraform creating a service that is running more than one task. Should that be possible? one of them is an nginx task...",
                "fallback": "reddit: ECS with multiple definitions on 12.29",
                "thumb_url": "https:\/\/www.redditstatic.com\/new-icon.png",
                "from_url": "https:\/\/www.reddit.com\/r\/Terraform\/comments\/ihvytu\/ecs_with_multiple_definitions_on_1229\/",
                "thumb_width": 256,
                "thumb_height": 256,
                "service_icon": "http:\/\/www.redditstatic.com\/desktop2x\/img\/favicon\/apple-icon-57x57.png",
                "id": 1,
                "original_url": "https:\/\/www.reddit.com\/r\/Terraform\/comments\/ihvytu\/ecs_with_multiple_definitions_on_1229\/"
            }
        ],
        "edited": {
            "user": "BG3N7LG73",
            "ts": "1598571408.000000"
        }
    },
    {
        "type": "message",
        "subtype": "bot_message",
        "text": "<https:\/\/www.reddit.com\/r\/Terraform\/comments\/ihx6y6\/using_multiple_variables_in_yaml_pipeline\/|Using multiple variables in yaml pipeline conditions line>\nSo unsure if this is the right spot or not, its technically more azure than tf, so feel free to delete this. ​ I'm trying to set up a condition to ensure that a specific job runs only when it doesn't match any other branch names. For reference:  and(ne(variables['Build.SourceBranch'], 'refs\/heads\/dev'), ne(variables['Build.SourceBranch'], 'refs\/heads\/master'))  Is the first condition, and then gets evaluated to: and(ne('refs\/heads\/my_random_branch', 'refs\/heads\/dev'),...",
        "ts": "1598575605.012400",
        "username": "Terraform ALL the Worlds!",
        "icons": {
            "image_48": "https:\/\/s3-us-west-2.amazonaws.com\/slack-files2\/bot_icons\/2019-02-12\/548785199618_48.png"
        },
        "bot_id": "BG3N7LG73",
        "attachments": [
            {
                "service_name": "reddit",
                "title": "Using multiple variables in yaml pipeline conditions line",
                "title_link": "https:\/\/www.reddit.com\/r\/Terraform\/comments\/ihx6y6\/using_multiple_variables_in_yaml_pipeline\/",
                "text": "So unsure if this is the right spot or not, its technically more azure than tf, so feel free to delete this. &amp;#x200B; I'm trying to set up a...",
                "fallback": "reddit: Using multiple variables in yaml pipeline conditions line",
                "thumb_url": "https:\/\/www.redditstatic.com\/new-icon.png",
                "from_url": "https:\/\/www.reddit.com\/r\/Terraform\/comments\/ihx6y6\/using_multiple_variables_in_yaml_pipeline\/",
                "thumb_width": 256,
                "thumb_height": 256,
                "service_icon": "http:\/\/www.redditstatic.com\/desktop2x\/img\/favicon\/apple-icon-57x57.png",
                "id": 1,
                "original_url": "https:\/\/www.reddit.com\/r\/Terraform\/comments\/ihx6y6\/using_multiple_variables_in_yaml_pipeline\/"
            }
        ],
        "edited": {
            "user": "BG3N7LG73",
            "ts": "1598575606.000000"
        }
    },
    {
        "type": "message",
        "subtype": "bot_message",
        "text": "<https:\/\/www.reddit.com\/r\/Terraform\/comments\/ihzqi8\/hiring_cloud_engineer_usremote\/|Hiring Cloud Engineer (US-Remote)>\nI work as the cloud lead for a small consulting firm based in California. We are looking to expand our cloud engineering team and bring on an additional engineer. You would be working directly with myself and other experienced engineers and we have a pretty good time. Our cloud team works with our custom software team to design, develop, and implement business applications, as well as consulting for clients on cloud solutions and best practices. Our current workload is skewed 80% Azure 20%...",
        "ts": "1598586406.012600",
        "username": "Terraform ALL the Worlds!",
        "icons": {
            "image_48": "https:\/\/s3-us-west-2.amazonaws.com\/slack-files2\/bot_icons\/2019-02-12\/548785199618_48.png"
        },
        "bot_id": "BG3N7LG73",
        "attachments": [
            {
                "service_name": "reddit",
                "title": "Hiring Cloud Engineer (US-Remote)",
                "title_link": "https:\/\/www.reddit.com\/r\/Terraform\/comments\/ihzqi8\/hiring_cloud_engineer_usremote\/",
                "text": "I work as the cloud lead for a small consulting firm based in California. We are looking to expand our cloud engineering team and bring on an...",
                "fallback": "reddit: Hiring Cloud Engineer (US-Remote)",
                "thumb_url": "https:\/\/www.redditstatic.com\/new-icon.png",
                "from_url": "https:\/\/www.reddit.com\/r\/Terraform\/comments\/ihzqi8\/hiring_cloud_engineer_usremote\/",
                "thumb_width": 256,
                "thumb_height": 256,
                "service_icon": "http:\/\/www.redditstatic.com\/desktop2x\/img\/favicon\/apple-icon-57x57.png",
                "id": 1,
                "original_url": "https:\/\/www.reddit.com\/r\/Terraform\/comments\/ihzqi8\/hiring_cloud_engineer_usremote\/"
            }
        ],
        "edited": {
            "user": "BG3N7LG73",
            "ts": "1598586406.000000"
        }
    }
]