[
    {
        "type": "message",
        "subtype": "bot_message",
        "text": "<https:\/\/www.reddit.com\/r\/Terraform\/comments\/i7o5ii\/how_to_run_localexec_on_counts_of_instances\/|How To: Run local-exec on counts of instances>\nhello, I am trying to provision three (3) instances and then run Ansible playbook against them. I am getting stuck at running local-exec on all 3 instances, terraform plan works OK but terraform apply throws error and exits out after spinning up instances. I get Error: Invalid template interpolation value: Cannot include the given value in a string template: string required. resource \"aws_instance\" \"webhosts\" { ami = data.aws_ami.centos-linux.id instance_type = var.image_type key_name =...",
        "ts": "1597136205.184600",
        "username": "Terraform ALL the Worlds!",
        "icons": {
            "image_48": "https:\/\/s3-us-west-2.amazonaws.com\/slack-files2\/bot_icons\/2019-02-12\/548785199618_48.png"
        },
        "bot_id": "BG3N7LG73",
        "attachments": [
            {
                "service_name": "reddit",
                "title": "How To: Run local-exec on counts of instances",
                "title_link": "https:\/\/www.reddit.com\/r\/Terraform\/comments\/i7o5ii\/how_to_run_localexec_on_counts_of_instances\/",
                "text": "hello, I am trying to provision three (3) instances and then run Ansible playbook against them. I am getting stuck at running local-exec on all 3...",
                "fallback": "reddit: How To: Run local-exec on counts of instances",
                "thumb_url": "https:\/\/www.redditstatic.com\/new-icon.png",
                "from_url": "https:\/\/www.reddit.com\/r\/Terraform\/comments\/i7o5ii\/how_to_run_localexec_on_counts_of_instances\/",
                "thumb_width": 256,
                "thumb_height": 256,
                "service_icon": "http:\/\/www.redditstatic.com\/desktop2x\/img\/favicon\/apple-icon-57x57.png",
                "id": 1,
                "original_url": "https:\/\/www.reddit.com\/r\/Terraform\/comments\/i7o5ii\/how_to_run_localexec_on_counts_of_instances\/"
            }
        ],
        "edited": {
            "user": "BG3N7LG73",
            "ts": "1597136205.000000"
        }
    },
    {
        "type": "message",
        "subtype": "bot_message",
        "text": "<https:\/\/www.reddit.com\/r\/Terraform\/comments\/i7qvkn\/how_to_use_terraform_to_create_azure_devops\/|How to use Terraform to Create Azure DevOps Projects>\nsubmitted by   <https:\/\/www.reddit.com\/user\/Wireless_Life| \/u\/Wireless_Life > \n<https:\/\/techcommunity.microsoft.com\/t5\/itops-talk-blog\/how-to-use-terraform-to-create-azure-devops-projects\/ba-p\/1555471?WT.mc_id=modinfra-7756-abartolo|[link]>   <https:\/\/www.reddit.com\/r\/Terraform\/comments\/i7qvkn\/how_to_use_terraform_to_create_azure_devops\/|[comments]>",
        "ts": "1597149407.184800",
        "username": "Terraform ALL the Worlds!",
        "icons": {
            "image_48": "https:\/\/s3-us-west-2.amazonaws.com\/slack-files2\/bot_icons\/2019-02-12\/548785199618_48.png"
        },
        "bot_id": "BG3N7LG73",
        "attachments": [
            {
                "service_name": "reddit",
                "title": "How to use Terraform to Create Azure DevOps Projects",
                "title_link": "https:\/\/www.reddit.com\/r\/Terraform\/comments\/i7qvkn\/how_to_use_terraform_to_create_azure_devops\/",
                "text": "Posted in r\/Terraform by u\/Wireless_Life • 1 point and 1 comment",
                "fallback": "reddit: How to use Terraform to Create Azure DevOps Projects",
                "thumb_url": "https:\/\/b.thumbs.redditmedia.com\/5_0bvUshqhtJUOSDn8z4NrzJehIuzvwdXFYrrnpp2bw.jpg",
                "from_url": "https:\/\/www.reddit.com\/r\/Terraform\/comments\/i7qvkn\/how_to_use_terraform_to_create_azure_devops\/",
                "thumb_width": 140,
                "thumb_height": 65,
                "service_icon": "http:\/\/www.redditstatic.com\/desktop2x\/img\/favicon\/apple-icon-57x57.png",
                "id": 1,
                "original_url": "https:\/\/www.reddit.com\/r\/Terraform\/comments\/i7qvkn\/how_to_use_terraform_to_create_azure_devops\/"
            },
            {
                "title": "overview for Wireless_Life",
                "title_link": "https:\/\/www.reddit.com\/user\/Wireless_Life",
                "text": "Microsoft Sr. Cloud Advocate. Connecting people, places &amp; things for the enablement of everyone. <https:\/\/www.itopstalk.com>.",
                "fallback": "overview for Wireless_Life",
                "from_url": "https:\/\/www.reddit.com\/user\/Wireless_Life",
                "service_icon": "http:\/\/www.redditstatic.com\/desktop2x\/img\/favicon\/apple-icon-57x57.png",
                "service_name": "reddit.com",
                "id": 2,
                "original_url": "https:\/\/www.reddit.com\/user\/Wireless_Life"
            },
            {
                "service_name": "TECHCOMMUNITY.MICROSOFT.COM",
                "title": "How to use Terraform to Create Azure DevOps Projects",
                "title_link": "https:\/\/techcommunity.microsoft.com\/t5\/itops-talk-blog\/how-to-use-terraform-to-create-azure-devops-projects\/ba-p\/1555471?WT.mc_id=modinfra-7756-abartolo",
                "text": "With the recent release by HashiCorp and Microsoft of the Azure DevOps Provider 0.0.1 for Terraform we look at how to use these new features to create repeatable standardized projects into Azure DevOps.   Introduction. In this article we are going to look at the new Terraform Provider for Azure DevO...",
                "fallback": "TECHCOMMUNITY.MICROSOFT.COM: How to use Terraform to Create Azure DevOps Projects",
                "image_url": "https:\/\/gxcuf89792.i.lithium.com\/t5\/image\/serverpage\/image-id\/209060i6F6EEF85490FF74C?v=1.0",
                "image_width": 538,
                "image_height": 250,
                "ts": 1597129260,
                "from_url": "https:\/\/techcommunity.microsoft.com\/t5\/itops-talk-blog\/how-to-use-terraform-to-create-azure-devops-projects\/ba-p\/1555471?WT.mc_id=modinfra-7756-abartolo",
                "image_bytes": 487880,
                "service_icon": "https:\/\/gxcuf89792.i.lithium.com\/html\/assets\/favicon2.ico",
                "id": 3,
                "original_url": "https:\/\/techcommunity.microsoft.com\/t5\/itops-talk-blog\/how-to-use-terraform-to-create-azure-devops-projects\/ba-p\/1555471?WT.mc_id=modinfra-7756-abartolo"
            }
        ],
        "edited": {
            "user": "BG3N7LG73",
            "ts": "1597149407.000000"
        }
    },
    {
        "type": "message",
        "subtype": "bot_message",
        "text": "<https:\/\/www.reddit.com\/r\/Terraform\/comments\/i7r6x3\/resource_naming_in_modules\/|Resource naming in modules>\nI have some working code to deploy a whole pile of resources in AWS. It's currently comprised of the root module, and a number of sub-modules. I'd now like to modularize and parameterize the entire project so that it can be generally re-usable. I can't seem to get my head around how naming of individual resources inside sub-modules is supposed to work.  For instance, I currently have three \"aws_iam_role\" resources and associated policy attachments. If I were to redeploy the entire project, it...",
        "ts": "1597151208.185000",
        "username": "Terraform ALL the Worlds!",
        "icons": {
            "image_48": "https:\/\/s3-us-west-2.amazonaws.com\/slack-files2\/bot_icons\/2019-02-12\/548785199618_48.png"
        },
        "bot_id": "BG3N7LG73",
        "attachments": [
            {
                "service_name": "reddit",
                "title": "Resource naming in modules",
                "title_link": "https:\/\/www.reddit.com\/r\/Terraform\/comments\/i7r6x3\/resource_naming_in_modules\/",
                "text": "I have some working code to deploy a whole pile of resources in AWS. It's currently comprised of the root module, and a number of sub-modules. ...",
                "fallback": "reddit: Resource naming in modules",
                "thumb_url": "https:\/\/www.redditstatic.com\/new-icon.png",
                "from_url": "https:\/\/www.reddit.com\/r\/Terraform\/comments\/i7r6x3\/resource_naming_in_modules\/",
                "thumb_width": 256,
                "thumb_height": 256,
                "service_icon": "http:\/\/www.redditstatic.com\/desktop2x\/img\/favicon\/apple-icon-57x57.png",
                "id": 1,
                "original_url": "https:\/\/www.reddit.com\/r\/Terraform\/comments\/i7r6x3\/resource_naming_in_modules\/"
            }
        ],
        "edited": {
            "user": "BG3N7LG73",
            "ts": "1597151208.000000"
        }
    },
    {
        "type": "message",
        "subtype": "bot_message",
        "text": "<https:\/\/www.reddit.com\/r\/Terraform\/comments\/i7uwgl\/warning_interpolationonly_expressions_are\/|Warning: Interpolation-only expressions are deprecated>\nHello! I upgrade my Terraform to the latest version and I'm getting  \"Terraform 0.11 and earlier required all non-constant expressions to be provided via interpolation syntax, but this pattern is now deprecated. To silence this warning, remove the \"${ sequence from the start and the }\" sequence from the end of this expression, leaving just the inner expression. Template interpolation syntax is still used to construct strings from expressions when the template includes multiple interpolation...",
        "ts": "1597164408.185200",
        "username": "Terraform ALL the Worlds!",
        "icons": {
            "image_48": "https:\/\/s3-us-west-2.amazonaws.com\/slack-files2\/bot_icons\/2019-02-12\/548785199618_48.png"
        },
        "bot_id": "BG3N7LG73",
        "attachments": [
            {
                "service_name": "reddit",
                "title": "Warning: Interpolation-only expressions are deprecated",
                "title_link": "https:\/\/www.reddit.com\/r\/Terraform\/comments\/i7uwgl\/warning_interpolationonly_expressions_are\/",
                "text": "Hello! I upgrade my Terraform to the latest version and I'm getting \"Terraform 0.11 and earlier required all non-constant expressions to be...",
                "fallback": "reddit: Warning: Interpolation-only expressions are deprecated",
                "thumb_url": "https:\/\/www.redditstatic.com\/new-icon.png",
                "from_url": "https:\/\/www.reddit.com\/r\/Terraform\/comments\/i7uwgl\/warning_interpolationonly_expressions_are\/",
                "thumb_width": 256,
                "thumb_height": 256,
                "service_icon": "http:\/\/www.redditstatic.com\/desktop2x\/img\/favicon\/apple-icon-57x57.png",
                "id": 1,
                "original_url": "https:\/\/www.reddit.com\/r\/Terraform\/comments\/i7uwgl\/warning_interpolationonly_expressions_are\/"
            }
        ],
        "edited": {
            "user": "BG3N7LG73",
            "ts": "1597164408.000000"
        }
    },
    {
        "type": "message",
        "subtype": "bot_message",
        "text": "<https:\/\/www.reddit.com\/r\/Terraform\/comments\/i80m19\/terraform_012_dependency_between_providers\/|Terraform 0.12 dependency between providers>\nI am preparing a terraform code to deploy azure databricks using azure provider, obtaining PAT token for databricks token and based on that token setup databricks provider which is using the PAT token for connection with databricks. As the pat is being obtained during the execution the code is not working as databricks provider is expecting to know the pat for validation. Do you have any idea how to implement lazy evaluation for terraform to force the databricks provider to be set after azure...",
        "ts": "1597182408.185400",
        "username": "Terraform ALL the Worlds!",
        "icons": {
            "image_48": "https:\/\/s3-us-west-2.amazonaws.com\/slack-files2\/bot_icons\/2019-02-12\/548785199618_48.png"
        },
        "bot_id": "BG3N7LG73",
        "attachments": [
            {
                "service_name": "reddit",
                "title": "Terraform 0.12 dependency between providers",
                "title_link": "https:\/\/www.reddit.com\/r\/Terraform\/comments\/i80m19\/terraform_012_dependency_between_providers\/",
                "text": "I am preparing a terraform code to deploy azure databricks using azure provider, obtaining PAT token for databricks token and based on that token...",
                "fallback": "reddit: Terraform 0.12 dependency between providers",
                "thumb_url": "https:\/\/www.redditstatic.com\/new-icon.png",
                "from_url": "https:\/\/www.reddit.com\/r\/Terraform\/comments\/i80m19\/terraform_012_dependency_between_providers\/",
                "thumb_width": 256,
                "thumb_height": 256,
                "service_icon": "http:\/\/www.redditstatic.com\/desktop2x\/img\/favicon\/apple-icon-57x57.png",
                "id": 1,
                "original_url": "https:\/\/www.reddit.com\/r\/Terraform\/comments\/i80m19\/terraform_012_dependency_between_providers\/"
            }
        ],
        "edited": {
            "user": "BG3N7LG73",
            "ts": "1597182408.000000"
        }
    },
    {
        "type": "message",
        "subtype": "bot_message",
        "text": "<https:\/\/www.reddit.com\/r\/Terraform\/comments\/i87wwj\/anyone_have_a_problem_with_the_msk_terraform\/|Anyone have a problem with the MSK terraform plugin?>\nWhen I try to do several changes at once, it keeps getting a currentVersion API error. Every change to MSK changes the currentVersion and needs to be recomputed.    submitted by   <https:\/\/www.reddit.com\/user\/dzendian| \/u\/dzendian > \n<https:\/\/www.reddit.com\/r\/Terraform\/comments\/i87wwj\/anyone_have_a_problem_with_the_msk_terraform\/|[link]>   <https:\/\/www.reddit.com\/r\/Terraform\/comments\/i87wwj\/anyone_have_a_problem_with_the_msk_terraform\/|[comments]>",
        "ts": "1597210006.185600",
        "username": "Terraform ALL the Worlds!",
        "icons": {
            "image_48": "https:\/\/s3-us-west-2.amazonaws.com\/slack-files2\/bot_icons\/2019-02-12\/548785199618_48.png"
        },
        "bot_id": "BG3N7LG73",
        "attachments": [
            {
                "service_name": "reddit",
                "title": "Anyone have a problem with the MSK terraform plugin?",
                "title_link": "https:\/\/www.reddit.com\/r\/Terraform\/comments\/i87wwj\/anyone_have_a_problem_with_the_msk_terraform\/",
                "text": "When I try to do several changes at once, it keeps getting a currentVersion API error. Every change to MSK changes the currentVersion and needs...",
                "fallback": "reddit: Anyone have a problem with the MSK terraform plugin?",
                "thumb_url": "https:\/\/www.redditstatic.com\/new-icon.png",
                "from_url": "https:\/\/www.reddit.com\/r\/Terraform\/comments\/i87wwj\/anyone_have_a_problem_with_the_msk_terraform\/",
                "thumb_width": 256,
                "thumb_height": 256,
                "service_icon": "http:\/\/www.redditstatic.com\/desktop2x\/img\/favicon\/apple-icon-57x57.png",
                "id": 1,
                "original_url": "https:\/\/www.reddit.com\/r\/Terraform\/comments\/i87wwj\/anyone_have_a_problem_with_the_msk_terraform\/"
            },
            {
                "title": "overview for dzendian",
                "title_link": "https:\/\/www.reddit.com\/user\/dzendian",
                "text": "The u\/dzendian community on Reddit. Reddit gives you the best of the internet in one place.",
                "fallback": "overview for dzendian",
                "from_url": "https:\/\/www.reddit.com\/user\/dzendian",
                "service_icon": "http:\/\/www.redditstatic.com\/desktop2x\/img\/favicon\/apple-icon-57x57.png",
                "service_name": "reddit.com",
                "id": 2,
                "original_url": "https:\/\/www.reddit.com\/user\/dzendian"
            }
        ],
        "edited": {
            "user": "BG3N7LG73",
            "ts": "1597210006.000000"
        }
    }
]