[
    {
        "type": "message",
        "subtype": "bot_message",
        "text": "<https:\/\/www.reddit.com\/r\/Terraform\/comments\/if199t\/terraform_setproduct_function_with_more_than_two\/|Terraform setproduct function with more than two lists>\n\\How to use terraform setproduct function with more than 2 lists in the below scenario or is there any other way to achieve the end result. In <http:\/\/main.tf|main.tf> file I have the following data. $ cat <http:\/\/main.tf|main.tf> variable \"nodes\" { default = [\"1\", \"2\", \"3\"] } variable \"ebs_volumes\" { default = [ { ebs_name = \"\/dev\/xdba\" ebs_size = \"50\" ebs_type = \"gp2\" }, { ebs_name = \"\/dev\/xdbb\" ebs_size = \"20\" ebs_type = \"gp2\" } ] } locals { ebs_name = [for i in var.ebs_volumes : i.ebs_name] ebs_size = [for i in...",
        "ts": "1598181400.004900",
        "username": "Terraform ALL the Worlds!",
        "icons": {
            "image_48": "https:\/\/s3-us-west-2.amazonaws.com\/slack-files2\/bot_icons\/2019-02-12\/548785199618_48.png"
        },
        "bot_id": "BG3N7LG73",
        "attachments": [
            {
                "service_name": "reddit",
                "title": "Terraform setproduct function with more than two lists",
                "title_link": "https:\/\/www.reddit.com\/r\/Terraform\/comments\/if199t\/terraform_setproduct_function_with_more_than_two\/",
                "text": "\\\\How to use terraform setproduct function with more than 2 lists in the below scenario or is there any other way to achieve the end result. In...",
                "fallback": "reddit: Terraform setproduct function with more than two lists",
                "thumb_url": "https:\/\/www.redditstatic.com\/new-icon.png",
                "from_url": "https:\/\/www.reddit.com\/r\/Terraform\/comments\/if199t\/terraform_setproduct_function_with_more_than_two\/",
                "thumb_width": 256,
                "thumb_height": 256,
                "service_icon": "http:\/\/www.redditstatic.com\/desktop2x\/img\/favicon\/apple-icon-57x57.png",
                "id": 1,
                "original_url": "https:\/\/www.reddit.com\/r\/Terraform\/comments\/if199t\/terraform_setproduct_function_with_more_than_two\/"
            }
        ],
        "edited": {
            "user": "BG3N7LG73",
            "ts": "1598181400.000000"
        }
    },
    {
        "type": "message",
        "subtype": "bot_message",
        "text": "<https:\/\/qiita.com\/neruneruo\/items\/1fe7f314ce33c6491885|DynamoDBはどんなCRUD操作が可能か確認する>\n<https:\/\/qiita.com\/#%E3%81%AF%E3%81%98%E3%82%81%E3%81%AB>はじめに\n\n<https:\/\/qiita.com\/neruneruo\/items\/71ad99629e9b11648222|以前の記事>で書いたように、DynamoDBはちゃんとキャパシティ管理さえしてあげれば、サーバレスで高性能でかなり良い感じなデータベースだ。\n\nただし、データベースと言ってもRDBとは違うので、そちらに慣れている人にはハマりどころが多々ある。\n\nDynamoDBではどんなCRUD操作が可能かを確認しておこう。\n\n\n<https:\/\/qiita.com\/#%E5%89%8D%E6%8F%90%E6%9D%A1%E4%BB%B6>前提条件\n\n前提条件はあまりないが、以下の記事くらいを読んでおくと入りが良いとおもう。\n\n【Qiita】&lt;a href=\"https:\/\/qiita.com\/yu-croco\/items\/66fd1a662dd64b8eb348\"&gt;AWS...",
        "ts": "1598188003.005200",
        "username": "Terraformタグが付けられた新着記事 - Qiita",
        "icons": {
            "image_36": "https:\/\/a.slack-edge.com\/80588\/img\/services\/rss_36.png",
            "image_48": "https:\/\/a.slack-edge.com\/80588\/img\/services\/rss_48.png",
            "image_72": "https:\/\/a.slack-edge.com\/80588\/img\/services\/rss_72.png"
        },
        "bot_id": "BG3N7LG73",
        "attachments": [
            {
                "service_name": "Qiita",
                "title": "DynamoDBはどんなCRUD操作が可能か確認する - Qiita",
                "title_link": "https:\/\/qiita.com\/neruneruo\/items\/1fe7f314ce33c6491885",
                "text": "はじめに 以前の記事で書いたように、DynamoDBはちゃんとキャパシティ管理さえしてあげれば、サーバレスで高性能でかなり良い感じなデータベースだ。 ただし、データベースと言ってもRDBとは違うので、そちらに慣れている人にはハ...",
                "fallback": "Qiita: DynamoDBはどんなCRUD操作が可能か確認する - Qiita",
                "image_url": "https:\/\/qiita-user-contents.imgix.net\/https%3A%2F%2Fcdn.qiita.com%2Fassets%2Fpublic%2Farticle-ogp-background-1150d8b18a7c15795b701a55ae908f94.png?ixlib=rb-1.2.2&w=1200&mark=https%3A%2F%2Fqiita-user-contents.imgix.net%2F~text%3Fixlib%3Drb-1.2.2%26w%3D840%26h%3D380%26txt%3DDynamoDB%25E3%2581%25AF%25E3%2581%25A9%25E3%2582%2593%25E3%2581%25AACRUD%25E6%2593%258D%25E4%25BD%259C%25E3%2581%258C%25E5%258F%25AF%25E8%2583%25BD%25E3%2581%258B%25E7%25A2%25BA%25E8%25AA%258D%25E3%2581%2599%25E3%2582%258B%26txt-color%3D%2523333%26txt-font%3DHiragino%2520Sans%2520W6%26txt-size%3D54%26txt-clip%3Dellipsis%26txt-align%3Dcenter%252Cmiddle%26s%3Db01f3b73e737ded84c04729b00e2a4d0&mark-align=center%2Cmiddle&blend=https%3A%2F%2Fqiita-user-contents.imgix.net%2F~text%3Fixlib%3Drb-1.2.2%26w%3D840%26h%3D500%26txt%3D%2540neruneruo%26txt-color%3D%2523333%26txt-font%3DHiragino%2520Sans%2520W6%26txt-size%3D45%26txt-align%3Dright%252Cbottom%26s%3D0a897fb56a0410946e0f3f1cb6106bf0&blend-align=center%2Cmiddle&blend-mode=normal&s=1fbdeda3247d3eb1347cc4d644f82185",
                "from_url": "https:\/\/qiita.com\/neruneruo\/items\/1fe7f314ce33c6491885",
                "image_width": 476,
                "image_height": 250,
                "image_bytes": 54303,
                "service_icon": "https:\/\/cdn.qiita.com\/assets\/favicons\/public\/apple-touch-icon-ec5ba42a24ae923f16825592efdc356f.png",
                "id": 1,
                "original_url": "https:\/\/qiita.com\/neruneruo\/items\/1fe7f314ce33c6491885"
            },
            {
                "service_name": "Qiita",
                "title": "プログラマの技術情報共有サービス - Qiita",
                "title_link": "https:\/\/qiita.com\/#%E3%81%AF%E3%81%98%E3%82%81%E3%81%AB",
                "text": "Qiitaは、プログラマのための技術情報共有サービスです。 プログラミングに関するTips、ノウハウ、メモを簡単に記録 &amp; 公開することができます。",
                "fallback": "Qiita: プログラマの技術情報共有サービス - Qiita",
                "thumb_url": "https:\/\/cdn.qiita.com\/assets\/qiita-fb-fe28c64039d925349e620ba55091e078.png",
                "from_url": "https:\/\/qiita.com\/#%E3%81%AF%E3%81%98%E3%82%81%E3%81%AB",
                "thumb_width": 1200,
                "thumb_height": 630,
                "service_icon": "https:\/\/cdn.qiita.com\/assets\/favicons\/public\/apple-touch-icon-ec5ba42a24ae923f16825592efdc356f.png",
                "id": 2,
                "original_url": "https:\/\/qiita.com\/#%E3%81%AF%E3%81%98%E3%82%81%E3%81%AB"
            },
            {
                "service_name": "Qiita",
                "title": "DynamoDBがどれだけ頑張れるかを実験してみる - Qiita",
                "title_link": "https:\/\/qiita.com\/neruneruo\/items\/71ad99629e9b11648222",
                "text": "はじめに 初心者向けDynamoDB理解用。 DynamoDBってフルマネージドでスケーラブルでサーバレスには欠かせないぜ！と言われているけど、実際どれくらい頑張ってくれるの？というところを知りたかったので実験してみた。 な...",
                "fallback": "Qiita: DynamoDBがどれだけ頑張れるかを実験してみる - Qiita",
                "image_url": "https:\/\/qiita-user-contents.imgix.net\/https%3A%2F%2Fcdn.qiita.com%2Fassets%2Fpublic%2Farticle-ogp-background-1150d8b18a7c15795b701a55ae908f94.png?ixlib=rb-1.2.2&w=1200&mark=https%3A%2F%2Fqiita-user-contents.imgix.net%2F~text%3Fixlib%3Drb-1.2.2%26w%3D840%26h%3D380%26txt%3DDynamoDB%25E3%2581%258C%25E3%2581%25A9%25E3%2582%258C%25E3%2581%25A0%25E3%2581%2591%25E9%25A0%2591%25E5%25BC%25B5%25E3%2582%258C%25E3%2582%258B%25E3%2581%258B%25E3%2582%2592%25E5%25AE%259F%25E9%25A8%2593%25E3%2581%2597%25E3%2581%25A6%25E3%2581%25BF%25E3%2582%258B%26txt-color%3D%2523333%26txt-font%3DHiragino%2520Sans%2520W6%26txt-size%3D54%26txt-clip%3Dellipsis%26txt-align%3Dcenter%252Cmiddle%26s%3D73828e266a19b8e53f3d20a8673d7528&mark-align=center%2Cmiddle&blend=https%3A%2F%2Fqiita-user-contents.imgix.net%2F~text%3Fixlib%3Drb-1.2.2%26w%3D840%26h%3D500%26txt%3D%2540neruneruo%26txt-color%3D%2523333%26txt-font%3DHiragino%2520Sans%2520W6%26txt-size%3D45%26txt-align%3Dright%252Cbottom%26s%3D0a897fb56a0410946e0f3f1cb6106bf0&blend-align=center%2Cmiddle&blend-mode=normal&s=f22956eb5e6cd82a2438f6189fd26b78",
                "from_url": "https:\/\/qiita.com\/neruneruo\/items\/71ad99629e9b11648222",
                "image_width": 476,
                "image_height": 250,
                "image_bytes": 54415,
                "service_icon": "https:\/\/cdn.qiita.com\/assets\/favicons\/public\/apple-touch-icon-ec5ba42a24ae923f16825592efdc356f.png",
                "id": 3,
                "original_url": "https:\/\/qiita.com\/neruneruo\/items\/71ad99629e9b11648222"
            },
            {
                "service_name": "Qiita",
                "title": "プログラマの技術情報共有サービス - Qiita",
                "title_link": "https:\/\/qiita.com\/#%E5%89%8D%E6%8F%90%E6%9D%A1%E4%BB%B6",
                "text": "Qiitaは、プログラマのための技術情報共有サービスです。 プログラミングに関するTips、ノウハウ、メモを簡単に記録 &amp; 公開することができます。",
                "fallback": "Qiita: プログラマの技術情報共有サービス - Qiita",
                "thumb_url": "https:\/\/cdn.qiita.com\/assets\/qiita-fb-fe28c64039d925349e620ba55091e078.png",
                "from_url": "https:\/\/qiita.com\/#%E5%89%8D%E6%8F%90%E6%9D%A1%E4%BB%B6",
                "thumb_width": 1200,
                "thumb_height": 630,
                "service_icon": "https:\/\/cdn.qiita.com\/assets\/favicons\/public\/apple-touch-icon-ec5ba42a24ae923f16825592efdc356f.png",
                "id": 4,
                "original_url": "https:\/\/qiita.com\/#%E5%89%8D%E6%8F%90%E6%9D%A1%E4%BB%B6"
            }
        ],
        "edited": {
            "user": "BG3N7LG73",
            "ts": "1598188003.000000"
        }
    },
    {
        "type": "message",
        "subtype": "bot_message",
        "text": "<https:\/\/qiita.com\/Anorlondo448\/items\/5cf081535aa500ac5ac9|CDK for TerraformをPythonで試してハマったことまとめ>\n<https:\/\/qiita.com\/#%E6%A6%82%E8%A6%81>概要\n\nCDK for TerraformをPythonで試そうとしてハマったところのまとめ\n公式のGet StatedはTypeScriptの手順であり、Pythonの手順が無かったのであれこれ調べながら試した\nコマンド内の一部をマスク(xxxxx)しておりますが、ユーザ名をマスクしているだけです\n\n<https:\/\/qiita.com\/#%E5%8F%82%E8%80%83>参考\n\n&lt;a href=\"<https:\/\/www.hashicorp.com\/blog\/cdk-for-terraform-enabling-python-and-typescript-support\/>\" class=\"autolink\" rel=\"nofollow noopener\"...",
        "ts": "1598196404.005400",
        "username": "Terraformタグが付けられた新着記事 - Qiita",
        "icons": {
            "image_36": "https:\/\/a.slack-edge.com\/80588\/img\/services\/rss_36.png",
            "image_48": "https:\/\/a.slack-edge.com\/80588\/img\/services\/rss_48.png",
            "image_72": "https:\/\/a.slack-edge.com\/80588\/img\/services\/rss_72.png"
        },
        "bot_id": "BG3N7LG73",
        "attachments": [
            {
                "service_name": "Qiita",
                "title": "CDK for TerraformをPythonで試してハマったことまとめ - Qiita",
                "title_link": "https:\/\/qiita.com\/Anorlondo448\/items\/5cf081535aa500ac5ac9",
                "text": "概要 CDK for TerraformをPythonで試そうとしてハマったところのまとめ 公式のGet StatedはTypeScriptの手順であり、Pythonの手順が無かったのであれこれ調べながら試した コマンド内の一...",
                "fallback": "Qiita: CDK for TerraformをPythonで試してハマったことまとめ - Qiita",
                "image_url": "https:\/\/qiita-user-contents.imgix.net\/https%3A%2F%2Fcdn.qiita.com%2Fassets%2Fpublic%2Farticle-ogp-background-1150d8b18a7c15795b701a55ae908f94.png?ixlib=rb-1.2.2&w=1200&mark=https%3A%2F%2Fqiita-user-contents.imgix.net%2F~text%3Fixlib%3Drb-1.2.2%26w%3D840%26h%3D380%26txt%3DCDK%2520for%2520Terraform%25E3%2582%2592Python%25E3%2581%25A7%25E8%25A9%25A6%25E3%2581%2597%25E3%2581%25A6%25E3%2583%258F%25E3%2583%259E%25E3%2581%25A3%25E3%2581%259F%25E3%2581%2593%25E3%2581%25A8%25E3%2581%25BE%25E3%2581%25A8%25E3%2582%2581%26txt-color%3D%2523333%26txt-font%3DHiragino%2520Sans%2520W6%26txt-size%3D54%26txt-clip%3Dellipsis%26txt-align%3Dcenter%252Cmiddle%26s%3D4d7ad4f4e311f777dc49837280458825&mark-align=center%2Cmiddle&blend=https%3A%2F%2Fqiita-user-contents.imgix.net%2F~text%3Fixlib%3Drb-1.2.2%26w%3D840%26h%3D500%26txt%3D%2540Anorlondo448%26txt-color%3D%2523333%26txt-font%3DHiragino%2520Sans%2520W6%26txt-size%3D45%26txt-align%3Dright%252Cbottom%26s%3D8e3c506e915f558286178967e82458d3&blend-align=center%2Cmiddle&blend-mode=normal&s=8eeb9d53605b84908f370912e1f0caa5",
                "from_url": "https:\/\/qiita.com\/Anorlondo448\/items\/5cf081535aa500ac5ac9",
                "image_width": 476,
                "image_height": 250,
                "image_bytes": 53469,
                "service_icon": "https:\/\/cdn.qiita.com\/assets\/favicons\/public\/apple-touch-icon-ec5ba42a24ae923f16825592efdc356f.png",
                "id": 1,
                "original_url": "https:\/\/qiita.com\/Anorlondo448\/items\/5cf081535aa500ac5ac9"
            },
            {
                "service_name": "Qiita",
                "title": "プログラマの技術情報共有サービス - Qiita",
                "title_link": "https:\/\/qiita.com\/#%E6%A6%82%E8%A6%81",
                "text": "Qiitaは、プログラマのための技術情報共有サービスです。 プログラミングに関するTips、ノウハウ、メモを簡単に記録 &amp; 公開することができます。",
                "fallback": "Qiita: プログラマの技術情報共有サービス - Qiita",
                "thumb_url": "https:\/\/cdn.qiita.com\/assets\/qiita-fb-fe28c64039d925349e620ba55091e078.png",
                "from_url": "https:\/\/qiita.com\/#%E6%A6%82%E8%A6%81",
                "thumb_width": 1200,
                "thumb_height": 630,
                "service_icon": "https:\/\/cdn.qiita.com\/assets\/favicons\/public\/apple-touch-icon-ec5ba42a24ae923f16825592efdc356f.png",
                "id": 2,
                "original_url": "https:\/\/qiita.com\/#%E6%A6%82%E8%A6%81"
            },
            {
                "service_name": "Qiita",
                "title": "プログラマの技術情報共有サービス - Qiita",
                "title_link": "https:\/\/qiita.com\/#%E5%8F%82%E8%80%83",
                "text": "Qiitaは、プログラマのための技術情報共有サービスです。 プログラミングに関するTips、ノウハウ、メモを簡単に記録 &amp; 公開することができます。",
                "fallback": "Qiita: プログラマの技術情報共有サービス - Qiita",
                "thumb_url": "https:\/\/cdn.qiita.com\/assets\/qiita-fb-fe28c64039d925349e620ba55091e078.png",
                "from_url": "https:\/\/qiita.com\/#%E5%8F%82%E8%80%83",
                "thumb_width": 1200,
                "thumb_height": 630,
                "service_icon": "https:\/\/cdn.qiita.com\/assets\/favicons\/public\/apple-touch-icon-ec5ba42a24ae923f16825592efdc356f.png",
                "id": 3,
                "original_url": "https:\/\/qiita.com\/#%E5%8F%82%E8%80%83"
            },
            {
                "service_name": "HashiCorp: Infrastructure enables innovation",
                "title": "CDK for Terraform: Enabling Python &amp; TypeScript Support",
                "title_link": "https:\/\/www.hashicorp.com\/blog\/cdk-for-terraform-enabling-python-and-typescript-support\/",
                "text": "Cloud Development Kit for Terraform, a collaboration with AWS Cloud Development Kit (CDK) team. CDK for Terraform allows users to define infrastructure using TypeScript and Python while leveraging the hundreds of providers and thousands of module definitions provided by Terraform and the Terraform ecosystem.",
                "fallback": "HashiCorp: Infrastructure enables innovation: CDK for Terraform: Enabling Python &amp; TypeScript Support",
                "from_url": "https:\/\/www.hashicorp.com\/blog\/cdk-for-terraform-enabling-python-and-typescript-support\/",
                "id": 4,
                "original_url": "https:\/\/www.hashicorp.com\/blog\/cdk-for-terraform-enabling-python-and-typescript-support\/"
            }
        ],
        "edited": {
            "user": "BG3N7LG73",
            "ts": "1598196404.000000"
        }
    },
    {
        "type": "message",
        "subtype": "bot_message",
        "text": "<https:\/\/qiita.com\/Romimi__2020\/items\/dce2ae56cbc3bfdebe07|AWS CLI(命令的)とTerraform, CloudFormation(宣言的)の違い>\nAWS CLIにてターミナルから、AWSリソースの作成をすることや、IaC(Infrastructure as Code)のTerraformやCloudFormationでAWSリソースをコード化することはもはや今の時代普通となってきてはいるが、今回はこれらの技術を触り始めたばかりの人にこの両者の違いを命令的、宣言的な言葉から説明しようと思います。\n\n\n<https:\/\/qiita.com\/#%E4%B8%A1%E8%80%85%E3%81%AE%E9%81%95%E3%81%84>両者の違い\n\n「EC２インスタンスを１つ作る」を例に取る。\n\n\n<https:\/\/qiita.com\/#aws-cli-%E5%91%BD%E4%BB%A4%E7%9A%84-%E3%81%AF-how-%E3%82%92%E6%8C%87%E5%AE%9A%E3%81%99%E3%82%8B>AWS CLI (命令的) は How を指定する。\n\nEC２インスタンスを１つ作るとなったら：\n　-VPC作って〜\n　-AZ作って〜...",
        "ts": "1598201206.005600",
        "username": "Terraformタグが付けられた新着記事 - Qiita",
        "icons": {
            "image_36": "https:\/\/a.slack-edge.com\/80588\/img\/services\/rss_36.png",
            "image_48": "https:\/\/a.slack-edge.com\/80588\/img\/services\/rss_48.png",
            "image_72": "https:\/\/a.slack-edge.com\/80588\/img\/services\/rss_72.png"
        },
        "bot_id": "BG3N7LG73",
        "attachments": [
            {
                "service_name": "Qiita",
                "title": "AWS CLI(命令的)とTerraform, CloudFormation(宣言的)の違い - Qiita",
                "title_link": "https:\/\/qiita.com\/Romimi__2020\/items\/dce2ae56cbc3bfdebe07",
                "text": "AWS CLIにてターミナルから、AWSリソースの作成をすることや、IaC(Infrastructure as Code)のTerraformやCloudFormationでAWSリソースをコード化することはもはや今の時代普通となって...",
                "fallback": "Qiita: AWS CLI(命令的)とTerraform, CloudFormation(宣言的)の違い - Qiita",
                "image_url": "https:\/\/qiita-user-contents.imgix.net\/https%3A%2F%2Fcdn.qiita.com%2Fassets%2Fpublic%2Farticle-ogp-background-1150d8b18a7c15795b701a55ae908f94.png?ixlib=rb-1.2.2&w=1200&mark=https%3A%2F%2Fqiita-user-contents.imgix.net%2F~text%3Fixlib%3Drb-1.2.2%26w%3D840%26h%3D380%26txt%3DAWS%2520CLI%2528%25E5%2591%25BD%25E4%25BB%25A4%25E7%259A%2584%2529%25E3%2581%25A8Terraform%252C%2520CloudFormation%2528%25E5%25AE%25A3%25E8%25A8%2580%25E7%259A%2584%2529%25E3%2581%25AE%25E9%2581%2595%25E3%2581%2584%26txt-color%3D%2523333%26txt-font%3DHiragino%2520Sans%2520W6%26txt-size%3D54%26txt-clip%3Dellipsis%26txt-align%3Dcenter%252Cmiddle%26s%3D6823868a64b38deff7ec307c5e1df8d5&mark-align=center%2Cmiddle&blend=https%3A%2F%2Fqiita-user-contents.imgix.net%2F~text%3Fixlib%3Drb-1.2.2%26w%3D840%26h%3D500%26txt%3D%2540Romimi__2020%26txt-color%3D%2523333%26txt-font%3DHiragino%2520Sans%2520W6%26txt-size%3D45%26txt-align%3Dright%252Cbottom%26s%3D01daa9ab594cc8904ca32a2fe4fc9652&blend-align=center%2Cmiddle&blend-mode=normal&s=6dc8f2437713269e64142bde019d758c",
                "from_url": "https:\/\/qiita.com\/Romimi__2020\/items\/dce2ae56cbc3bfdebe07",
                "image_width": 476,
                "image_height": 250,
                "image_bytes": 59738,
                "service_icon": "https:\/\/cdn.qiita.com\/assets\/favicons\/public\/apple-touch-icon-ec5ba42a24ae923f16825592efdc356f.png",
                "id": 1,
                "original_url": "https:\/\/qiita.com\/Romimi__2020\/items\/dce2ae56cbc3bfdebe07"
            },
            {
                "service_name": "Qiita",
                "title": "プログラマの技術情報共有サービス - Qiita",
                "title_link": "https:\/\/qiita.com\/#%E4%B8%A1%E8%80%85%E3%81%AE%E9%81%95%E3%81%84",
                "text": "Qiitaは、プログラマのための技術情報共有サービスです。 プログラミングに関するTips、ノウハウ、メモを簡単に記録 &amp; 公開することができます。",
                "fallback": "Qiita: プログラマの技術情報共有サービス - Qiita",
                "thumb_url": "https:\/\/cdn.qiita.com\/assets\/qiita-fb-fe28c64039d925349e620ba55091e078.png",
                "from_url": "https:\/\/qiita.com\/#%E4%B8%A1%E8%80%85%E3%81%AE%E9%81%95%E3%81%84",
                "thumb_width": 1200,
                "thumb_height": 630,
                "service_icon": "https:\/\/cdn.qiita.com\/assets\/favicons\/public\/apple-touch-icon-ec5ba42a24ae923f16825592efdc356f.png",
                "id": 2,
                "original_url": "https:\/\/qiita.com\/#%E4%B8%A1%E8%80%85%E3%81%AE%E9%81%95%E3%81%84"
            },
            {
                "service_name": "Qiita",
                "title": "プログラマの技術情報共有サービス - Qiita",
                "title_link": "https:\/\/qiita.com\/#aws-cli-%E5%91%BD%E4%BB%A4%E7%9A%84-%E3%81%AF-how-%E3%82%92%E6%8C%87%E5%AE%9A%E3%81%99%E3%82%8B",
                "text": "Qiitaは、プログラマのための技術情報共有サービスです。 プログラミングに関するTips、ノウハウ、メモを簡単に記録 &amp; 公開することができます。",
                "fallback": "Qiita: プログラマの技術情報共有サービス - Qiita",
                "thumb_url": "https:\/\/cdn.qiita.com\/assets\/qiita-fb-fe28c64039d925349e620ba55091e078.png",
                "from_url": "https:\/\/qiita.com\/#aws-cli-%E5%91%BD%E4%BB%A4%E7%9A%84-%E3%81%AF-how-%E3%82%92%E6%8C%87%E5%AE%9A%E3%81%99%E3%82%8B",
                "thumb_width": 1200,
                "thumb_height": 630,
                "service_icon": "https:\/\/cdn.qiita.com\/assets\/favicons\/public\/apple-touch-icon-ec5ba42a24ae923f16825592efdc356f.png",
                "id": 3,
                "original_url": "https:\/\/qiita.com\/#aws-cli-%E5%91%BD%E4%BB%A4%E7%9A%84-%E3%81%AF-how-%E3%82%92%E6%8C%87%E5%AE%9A%E3%81%99%E3%82%8B"
            }
        ],
        "edited": {
            "user": "BG3N7LG73",
            "ts": "1598201206.000000"
        }
    },
    {
        "type": "message",
        "subtype": "bot_message",
        "text": "<https:\/\/www.reddit.com\/r\/Terraform\/comments\/if7d4k\/how_to_merge_to_powershell_scripts_files_and_pass\/|How to merge to PowerShell scripts \/ files and pass EC2 as user data?>\nHi I need combine two PowerShell scripts and pass the result as user data. I control only one of the files. EC2Launch expects PowerShell code to be placed in  blocks. File#1:  $file = $env:SystemRoot + \"\\Temp\\0-startup_script_test\" + (Get-Date).ToString(\"MM-dd-yy-hh-mm\") New-Item $file -ItemType file   File#2:  $file = $env:SystemRoot + \"\\Temp\\1-client_startup_script_test\" + (Get-Date).ToString(\"MM-dd-yy-hh-mm\") New-Item $file -ItemType file   I was trying to use: user_data =...",
        "ts": "1598205406.005800",
        "username": "Terraform ALL the Worlds!",
        "icons": {
            "image_48": "https:\/\/s3-us-west-2.amazonaws.com\/slack-files2\/bot_icons\/2019-02-12\/548785199618_48.png"
        },
        "bot_id": "BG3N7LG73",
        "attachments": [
            {
                "service_name": "reddit",
                "title": "How to merge to PowerShell scripts \/ files and pass EC2 as user data?",
                "title_link": "https:\/\/www.reddit.com\/r\/Terraform\/comments\/if7d4k\/how_to_merge_to_powershell_scripts_files_and_pass\/",
                "text": "Hi I need combine two PowerShell scripts and pass the result as user data. I control only one of the files. EC2Launch expects PowerShell code to...",
                "fallback": "reddit: How to merge to PowerShell scripts \/ files and pass EC2 as user data?",
                "thumb_url": "https:\/\/www.redditstatic.com\/new-icon.png",
                "from_url": "https:\/\/www.reddit.com\/r\/Terraform\/comments\/if7d4k\/how_to_merge_to_powershell_scripts_files_and_pass\/",
                "thumb_width": 256,
                "thumb_height": 256,
                "service_icon": "http:\/\/www.redditstatic.com\/desktop2x\/img\/favicon\/apple-icon-57x57.png",
                "id": 1,
                "original_url": "https:\/\/www.reddit.com\/r\/Terraform\/comments\/if7d4k\/how_to_merge_to_powershell_scripts_files_and_pass\/"
            }
        ],
        "edited": {
            "user": "BG3N7LG73",
            "ts": "1598205406.000000"
        }
    },
    {
        "type": "message",
        "subtype": "bot_message",
        "text": "<https:\/\/www.reddit.com\/r\/Terraform\/comments\/if9vir\/serverless_fullstack_react_app_on_aws_with_cicd\/|Serverless, full-stack React app on AWS with CI\/CD via Terraform>\nHi community! I have created reference project to deploy a serverless, full-stack React app onto AWS with Terraform. This is a to-do list app with these features: Users can create, and read to-do's from AWS DynamoDB database Serverless i.e. app is hosted on an AWS S3 bucket; AWS API Gateway proxies requests to Lambda functions which query DynamoDB CI\/CD pipeline by AWS CodePipeline All AWS infra are created by Terraform Please take a look! Github project here: &lt;a...",
        "ts": "1598213206.006000",
        "username": "Terraform ALL the Worlds!",
        "icons": {
            "image_48": "https:\/\/s3-us-west-2.amazonaws.com\/slack-files2\/bot_icons\/2019-02-12\/548785199618_48.png"
        },
        "bot_id": "BG3N7LG73"
    },
    {
        "type": "message",
        "subtype": "bot_message",
        "text": "<https:\/\/www.reddit.com\/r\/Terraform\/comments\/ifa9ka\/immutable_infrastructure_dilemma\/|Immutable infrastructure Dilemma>\nI found myself in a dilemma while working toward immutable infrastructure using packer, ansible and terraform. For example, I have 3 environments: Development Staging Production I am deploying a Webserver that required access to an external database. For obvious reasons I need my development deployment to access a different database cluster to the other environment and visa versa. Now my understanding is I would need to create 3 images of my Webserver using different variables based on...",
        "ts": "1598214405.006100",
        "username": "Terraform ALL the Worlds!",
        "icons": {
            "image_48": "https:\/\/s3-us-west-2.amazonaws.com\/slack-files2\/bot_icons\/2019-02-12\/548785199618_48.png"
        },
        "bot_id": "BG3N7LG73",
        "attachments": [
            {
                "service_name": "reddit",
                "title": "Immutable infrastructure Dilemma",
                "title_link": "https:\/\/www.reddit.com\/r\/Terraform\/comments\/ifa9ka\/immutable_infrastructure_dilemma\/",
                "text": "I found myself in a dilemma while working toward immutable infrastructure using packer, ansible and terraform. For example, I have 3...",
                "fallback": "reddit: Immutable infrastructure Dilemma",
                "thumb_url": "https:\/\/www.redditstatic.com\/new-icon.png",
                "from_url": "https:\/\/www.reddit.com\/r\/Terraform\/comments\/ifa9ka\/immutable_infrastructure_dilemma\/",
                "thumb_width": 256,
                "thumb_height": 256,
                "service_icon": "http:\/\/www.redditstatic.com\/desktop2x\/img\/favicon\/apple-icon-57x57.png",
                "id": 1,
                "original_url": "https:\/\/www.reddit.com\/r\/Terraform\/comments\/ifa9ka\/immutable_infrastructure_dilemma\/"
            }
        ],
        "edited": {
            "user": "BG3N7LG73",
            "ts": "1598214405.000000"
        }
    },
    {
        "type": "message",
        "subtype": "bot_message",
        "text": "<https:\/\/www.reddit.com\/r\/Terraform\/comments\/ifd0wu\/terraform_microservices_example\/|Terraform microservices example>\nsubmitted by   <https:\/\/www.reddit.com\/user\/ryconoclast| \/u\/ryconoclast > \n<https:\/\/github.com\/ryanmcdermott\/terraform-microservices-example|[link]>   <https:\/\/www.reddit.com\/r\/Terraform\/comments\/ifd0wu\/terraform_microservices_example\/|[comments]>",
        "ts": "1598223406.006300",
        "username": "Terraform ALL the Worlds!",
        "icons": {
            "image_48": "https:\/\/s3-us-west-2.amazonaws.com\/slack-files2\/bot_icons\/2019-02-12\/548785199618_48.png"
        },
        "bot_id": "BG3N7LG73",
        "attachments": [
            {
                "service_name": "reddit",
                "title": "Terraform microservices example",
                "title_link": "https:\/\/www.reddit.com\/r\/Terraform\/comments\/ifd0wu\/terraform_microservices_example\/",
                "text": "Posted in r\/Terraform by u\/ryconoclast • 1 point and 0 comments",
                "fallback": "reddit: Terraform microservices example",
                "thumb_url": "https:\/\/a.thumbs.redditmedia.com\/5aCJHF0jzxJMf5nUqD8RmtWtUwzDtQNi9tv3H-ug224.jpg",
                "from_url": "https:\/\/www.reddit.com\/r\/Terraform\/comments\/ifd0wu\/terraform_microservices_example\/",
                "thumb_width": 140,
                "thumb_height": 140,
                "service_icon": "http:\/\/www.redditstatic.com\/desktop2x\/img\/favicon\/apple-icon-57x57.png",
                "id": 1,
                "original_url": "https:\/\/www.reddit.com\/r\/Terraform\/comments\/ifd0wu\/terraform_microservices_example\/"
            },
            {
                "title": "overview for ryconoclast",
                "title_link": "https:\/\/www.reddit.com\/user\/ryconoclast",
                "text": "The u\/ryconoclast community on Reddit. Reddit gives you the best of the internet in one place.",
                "fallback": "overview for ryconoclast",
                "from_url": "https:\/\/www.reddit.com\/user\/ryconoclast",
                "service_icon": "http:\/\/www.redditstatic.com\/desktop2x\/img\/favicon\/apple-icon-57x57.png",
                "service_name": "reddit.com",
                "id": 2,
                "original_url": "https:\/\/www.reddit.com\/user\/ryconoclast"
            },
            {
                "service_name": "GitHub",
                "title": "ryanmcdermott\/terraform-microservices-example",
                "title_link": "https:\/\/github.com\/ryanmcdermott\/terraform-microservices-example",
                "text": "Using Terraform to deploy microservices that communicate with each other - ryanmcdermott\/terraform-microservices-example",
                "fallback": "GitHub: ryanmcdermott\/terraform-microservices-example",
                "thumb_url": "https:\/\/avatars1.githubusercontent.com\/u\/5114666?s=400&v=4",
                "from_url": "https:\/\/github.com\/ryanmcdermott\/terraform-microservices-example",
                "thumb_width": 400,
                "thumb_height": 400,
                "service_icon": "https:\/\/a.slack-edge.com\/80588\/img\/unfurl_icons\/github.png",
                "id": 3,
                "original_url": "https:\/\/github.com\/ryanmcdermott\/terraform-microservices-example"
            }
        ],
        "edited": {
            "user": "BG3N7LG73",
            "ts": "1598223406.000000"
        }
    }
]