[
    {
        "type": "message",
        "subtype": "bot_message",
        "text": "<https:\/\/www.reddit.com\/r\/Terraform\/comments\/iefhvy\/terraform_and_multiconcurrency\/|Terraform and Multi-Concurrency>\nI'm using Terraform with a HTTP backend (w\/ GitLab) and I've been facing HTTP state lock issues. I'm triggering pipelines to build terraform files via the GitLab API. I'm wondering how to configure Terraform for multi-parallel access as it's essential to my application.    submitted by   <https:\/\/www.reddit.com\/user\/TheMemeExpertExpert| \/u\/TheMemeExpertExpert > \n<https:\/\/www.reddit.com\/r\/Terraform\/comments\/iefhvy\/terraform_and_multiconcurrency\/|[link]>   &lt;a...",
        "ts": "1598089005.003700",
        "username": "Terraform ALL the Worlds!",
        "icons": {
            "image_48": "https:\/\/s3-us-west-2.amazonaws.com\/slack-files2\/bot_icons\/2019-02-12\/548785199618_48.png"
        },
        "bot_id": "BG3N7LG73",
        "attachments": [
            {
                "service_name": "reddit",
                "title": "Terraform and Multi-Concurrency",
                "title_link": "https:\/\/www.reddit.com\/r\/Terraform\/comments\/iefhvy\/terraform_and_multiconcurrency\/",
                "text": "I'm using Terraform with a HTTP backend (w\/ GitLab) and I've been facing HTTP state lock issues. I'm triggering pipelines to build terraform...",
                "fallback": "reddit: Terraform and Multi-Concurrency",
                "thumb_url": "https:\/\/www.redditstatic.com\/new-icon.png",
                "from_url": "https:\/\/www.reddit.com\/r\/Terraform\/comments\/iefhvy\/terraform_and_multiconcurrency\/",
                "thumb_width": 256,
                "thumb_height": 256,
                "service_icon": "http:\/\/www.redditstatic.com\/desktop2x\/img\/favicon\/apple-icon-57x57.png",
                "id": 1,
                "original_url": "https:\/\/www.reddit.com\/r\/Terraform\/comments\/iefhvy\/terraform_and_multiconcurrency\/"
            },
            {
                "title": "reddit.com: over 18?",
                "title_link": "https:\/\/www.reddit.com\/user\/TheMemeExpertExpert",
                "text": "Reddit gives you the best of the internet in one place. Get a constantly updating feed of breaking news, fun stories, pics, memes, and videos just for you. Passionate about something niche? Reddit has thousands of vibrant communities with people that share your interests. Alternatively, find out what’s trending across all of Reddit on r\/popular. Reddit is also anonymous so you can be yourself, with your Reddit profile and persona disconnected from your real-world identity.",
                "fallback": "reddit.com: over 18?",
                "from_url": "https:\/\/www.reddit.com\/user\/TheMemeExpertExpert",
                "service_icon": "http:\/\/www.redditstatic.com\/desktop2x\/img\/favicon\/apple-icon-57x57.png",
                "service_name": "reddit.com",
                "id": 2,
                "original_url": "https:\/\/www.reddit.com\/user\/TheMemeExpertExpert"
            }
        ],
        "edited": {
            "user": "BG3N7LG73",
            "ts": "1598089005.000000"
        }
    },
    {
        "type": "message",
        "subtype": "bot_message",
        "text": "<https:\/\/www.reddit.com\/r\/Terraform\/comments\/ieijz2\/splatting_in_terraform\/|Splatting in Terraform?>\nSeveral programming languages have this notion of splatting and I am wondering if there is a similar feature in Terraform. I know that a feature called splatting exists in Terraform, but it seems to be very different and not useful as part of your configuration definition, but only for outputting. Here would be a use case in PowerShell. Let’s say we have a cmdlet with a ton of parameters, but we only use a small number of them. Maybe we always use two of them, but sometimes we use three. If I...",
        "ts": "1598104006.003900",
        "username": "Terraform ALL the Worlds!",
        "icons": {
            "image_48": "https:\/\/s3-us-west-2.amazonaws.com\/slack-files2\/bot_icons\/2019-02-12\/548785199618_48.png"
        },
        "bot_id": "BG3N7LG73",
        "attachments": [
            {
                "service_name": "reddit",
                "title": "Splatting in Terraform?",
                "title_link": "https:\/\/www.reddit.com\/r\/Terraform\/comments\/ieijz2\/splatting_in_terraform\/",
                "text": "Several programming languages have this notion of splatting and I am wondering if there is a similar feature in Terraform. I know that a feature...",
                "fallback": "reddit: Splatting in Terraform?",
                "thumb_url": "https:\/\/www.redditstatic.com\/new-icon.png",
                "from_url": "https:\/\/www.reddit.com\/r\/Terraform\/comments\/ieijz2\/splatting_in_terraform\/",
                "thumb_width": 256,
                "thumb_height": 256,
                "service_icon": "http:\/\/www.redditstatic.com\/desktop2x\/img\/favicon\/apple-icon-57x57.png",
                "id": 1,
                "original_url": "https:\/\/www.reddit.com\/r\/Terraform\/comments\/ieijz2\/splatting_in_terraform\/"
            }
        ],
        "edited": {
            "user": "BG3N7LG73",
            "ts": "1598104007.000000"
        }
    },
    {
        "type": "message",
        "subtype": "bot_message",
        "text": "<https:\/\/www.reddit.com\/r\/Terraform\/comments\/ieitvp\/create_aws_lambda_function_with_terraform\/|Create AWS Lambda function with Terraform>\nIn this post we will use <https:\/\/www.terraform.io\/|Terraform> to deploy a simple Lambda function written python. <https:\/\/reddit.com\/link\/ieitvp\/video\/294jj4vq7ki51\/player|Deploy Lambda function with Terraform>    submitted by   <https:\/\/www.reddit.com\/user\/antonio_dolce| \/u\/antonio_dolce > \n<https:\/\/www.reddit.com\/r\/Terraform\/comments\/ieitvp\/create_aws_lambda_function_with_terraform\/|[link]>   &lt;a...",
        "ts": "1598105205.004100",
        "username": "Terraform ALL the Worlds!",
        "icons": {
            "image_48": "https:\/\/s3-us-west-2.amazonaws.com\/slack-files2\/bot_icons\/2019-02-12\/548785199618_48.png"
        },
        "bot_id": "BG3N7LG73",
        "attachments": [
            {
                "service_name": "reddit",
                "title": "Create AWS Lambda function with Terraform",
                "title_link": "https:\/\/www.reddit.com\/r\/Terraform\/comments\/ieitvp\/create_aws_lambda_function_with_terraform\/",
                "text": "In this post we will use [Terraform](<https:\/\/www.terraform.io\/>) to deploy a simple Lambda function written python.",
                "fallback": "reddit: Create AWS Lambda function with Terraform",
                "thumb_url": "https:\/\/www.redditstatic.com\/new-icon.png",
                "from_url": "https:\/\/www.reddit.com\/r\/Terraform\/comments\/ieitvp\/create_aws_lambda_function_with_terraform\/",
                "thumb_width": 256,
                "thumb_height": 256,
                "service_icon": "http:\/\/www.redditstatic.com\/desktop2x\/img\/favicon\/apple-icon-57x57.png",
                "id": 1,
                "original_url": "https:\/\/www.reddit.com\/r\/Terraform\/comments\/ieitvp\/create_aws_lambda_function_with_terraform\/"
            },
            {
                "title": "Terraform by HashiCorp",
                "title_link": "https:\/\/www.terraform.io\/",
                "text": "Terraform enables you to safely and predictably create, change, and improve infrastructure. It is an open source tool that codifies APIs into declarative configuration files that can be shared amongst team members, treated as code, edited, reviewed, and versioned.",
                "fallback": "Terraform by HashiCorp",
                "image_url": "https:\/\/www.terraform.io\/assets\/images\/og-image-large-e60c82fe.png",
                "from_url": "https:\/\/www.terraform.io\/",
                "image_width": 476,
                "image_height": 250,
                "image_bytes": 11094,
                "service_icon": "https:\/\/www.terraform.io\/assets\/images\/favicons\/apple-touch-icon-13180a24.png",
                "service_name": "terraform.io",
                "id": 2,
                "original_url": "https:\/\/www.terraform.io\/"
            },
            {
                "title": "overview for antonio_dolce",
                "title_link": "https:\/\/www.reddit.com\/user\/antonio_dolce",
                "text": "The u\/antonio_dolce community on Reddit. Reddit gives you the best of the internet in one place.",
                "fallback": "overview for antonio_dolce",
                "from_url": "https:\/\/www.reddit.com\/user\/antonio_dolce",
                "service_icon": "http:\/\/www.redditstatic.com\/desktop2x\/img\/favicon\/apple-icon-57x57.png",
                "service_name": "reddit.com",
                "id": 3,
                "original_url": "https:\/\/www.reddit.com\/user\/antonio_dolce"
            }
        ],
        "edited": {
            "user": "BG3N7LG73",
            "ts": "1598105205.000000"
        }
    },
    {
        "type": "message",
        "subtype": "bot_message",
        "text": "<https:\/\/www.reddit.com\/r\/Terraform\/comments\/ieixj7\/httpsjakenycwordsbluegreendeploysandimmutableinfra\/|https:\/\/jake.nyc\/words\/blue-green-deploys-and-immutable-infrastructure-with-terraform\/>\nsubmitted by   <https:\/\/www.reddit.com\/user\/jakelazaroff| \/u\/jakelazaroff > \n<https:\/\/jake.nyc\/words\/blue-green-deploys-and-immutable-infrastructure-with-terraform\/|[link]>   <https:\/\/www.reddit.com\/r\/Terraform\/comments\/ieixj7\/httpsjakenycwordsbluegreendeploysandimmutableinfra\/|[comments]>",
        "ts": "1598105205.004200",
        "username": "Terraform ALL the Worlds!",
        "icons": {
            "image_48": "https:\/\/s3-us-west-2.amazonaws.com\/slack-files2\/bot_icons\/2019-02-12\/548785199618_48.png"
        },
        "bot_id": "BG3N7LG73",
        "attachments": [
            {
                "service_name": "reddit",
                "title": "https:\/\/jake.nyc\/words\/blue-green-deploys-and-immutable-infrastructure-with-terraform\/",
                "title_link": "https:\/\/www.reddit.com\/r\/Terraform\/comments\/ieixj7\/httpsjakenycwordsbluegreendeploysandimmutableinfra\/",
                "text": "Posted in r\/Terraform by u\/jakelazaroff • 1 point and 0 comments",
                "fallback": "reddit: https:\/\/jake.nyc\/words\/blue-green-deploys-and-immutable-infrastructure-with-terraform\/",
                "thumb_url": "https:\/\/www.redditstatic.com\/new-icon.png",
                "from_url": "https:\/\/www.reddit.com\/r\/Terraform\/comments\/ieixj7\/httpsjakenycwordsbluegreendeploysandimmutableinfra\/",
                "thumb_width": 256,
                "thumb_height": 256,
                "service_icon": "http:\/\/www.redditstatic.com\/desktop2x\/img\/favicon\/apple-icon-57x57.png",
                "id": 1,
                "original_url": "https:\/\/www.reddit.com\/r\/Terraform\/comments\/ieixj7\/httpsjakenycwordsbluegreendeploysandimmutableinfra\/"
            },
            {
                "title": "overview for jakelazaroff",
                "title_link": "https:\/\/www.reddit.com\/user\/jakelazaroff",
                "text": "The u\/jakelazaroff community on Reddit. Reddit gives you the best of the internet in one place.",
                "fallback": "overview for jakelazaroff",
                "from_url": "https:\/\/www.reddit.com\/user\/jakelazaroff",
                "service_icon": "http:\/\/www.redditstatic.com\/desktop2x\/img\/favicon\/apple-icon-57x57.png",
                "service_name": "reddit.com",
                "id": 2,
                "original_url": "https:\/\/www.reddit.com\/user\/jakelazaroff"
            }
        ],
        "edited": {
            "user": "BG3N7LG73",
            "ts": "1598105205.000000"
        }
    },
    {
        "type": "message",
        "subtype": "bot_message",
        "text": "<https:\/\/www.reddit.com\/r\/Terraform\/comments\/ien9ra\/in_terraform_cloud_is_it_possible_to_create_an\/|In Terraform Cloud, is it possible to create an organization level environment variable? Or even share env variables between workspaces?>\nI'm using AWS with Terraform Cloud and have two workspaces: i. network and ii. compute. Ideally, I'd only like to have one set of access tokens for all of my Terraform workspaces. On my local desktop I do this by creating an IAM User that can assume an IAM role for network and an IAM role for compute. The IAM User doesn't actually have any other permissions besides being able to assume roles. The solution I've come up with for Terraform Cloud is to just save the access token on my local...",
        "ts": "1598120209.004500",
        "username": "Terraform ALL the Worlds!",
        "icons": {
            "image_48": "https:\/\/s3-us-west-2.amazonaws.com\/slack-files2\/bot_icons\/2019-02-12\/548785199618_48.png"
        },
        "bot_id": "BG3N7LG73",
        "attachments": [
            {
                "service_name": "reddit",
                "title": "In Terraform Cloud, is it possible to create an organization level environment variable? Or even share env variables between workspaces?",
                "title_link": "https:\/\/www.reddit.com\/r\/Terraform\/comments\/ien9ra\/in_terraform_cloud_is_it_possible_to_create_an\/",
                "text": "I'm using AWS with Terraform Cloud and have two workspaces: i. network and ii. compute. Ideally, I'd only like to have one set of access tokens...",
                "fallback": "reddit: In Terraform Cloud, is it possible to create an organization level environment variable? Or even share env variables between workspaces?",
                "thumb_url": "https:\/\/www.redditstatic.com\/new-icon.png",
                "from_url": "https:\/\/www.reddit.com\/r\/Terraform\/comments\/ien9ra\/in_terraform_cloud_is_it_possible_to_create_an\/",
                "thumb_width": 256,
                "thumb_height": 256,
                "service_icon": "http:\/\/www.redditstatic.com\/desktop2x\/img\/favicon\/apple-icon-57x57.png",
                "id": 1,
                "original_url": "https:\/\/www.reddit.com\/r\/Terraform\/comments\/ien9ra\/in_terraform_cloud_is_it_possible_to_create_an\/"
            }
        ],
        "edited": {
            "user": "BG3N7LG73",
            "ts": "1598120209.000000"
        }
    },
    {
        "type": "message",
        "subtype": "bot_message",
        "text": "<https:\/\/qiita.com\/daiki-kon\/items\/aab32c65932c6e2de84f|ECRのイメージをプルするCodebuildをTerraformで作る>\n<https:\/\/qiita.com\/#%E3%81%AF%E3%81%98%E3%82%81%E3%81%AB>はじめに\n\nECRに保存しているイメージをCodebuildで使用したかったので、その設定をTerraformでやってみました。\nTerraformを使用したからといって特別なことをやっているわけではありませんが、備忘録として。\n\n\n<https:\/\/qiita.com\/#%E7%92%B0%E5%A2%83>環境\n\nTerraform : 0.12.29\nTerraform aws provider : 3.3.0\n\n<https:\/\/qiita.com\/#ecr%E3%83%AA%E3%83%9D%E3%82%B8%E3%83%88%E3%83%AA>ECRリポジトリ\n\n以下のようなECRリポジトリを作成します。\nこのリポジトリにCodebuildで動かすイメージを保存していきます。\n\nresource \"aws_ecr_repository\" \"example\" {\n  name...",
        "ts": "1598162804.004700",
        "username": "Terraformタグが付けられた新着記事 - Qiita",
        "icons": {
            "image_36": "https:\/\/a.slack-edge.com\/80588\/img\/services\/rss_36.png",
            "image_48": "https:\/\/a.slack-edge.com\/80588\/img\/services\/rss_48.png",
            "image_72": "https:\/\/a.slack-edge.com\/80588\/img\/services\/rss_72.png"
        },
        "bot_id": "BG3N7LG73",
        "attachments": [
            {
                "service_name": "Qiita",
                "title": "ECRのイメージをプルするCodebuildをTerraformで作る - Qiita",
                "title_link": "https:\/\/qiita.com\/daiki-kon\/items\/aab32c65932c6e2de84f",
                "text": "はじめに ECRに保存しているイメージをCodebuildで使用したかったので、その設定をTerraformでやってみました。 Terraformを使用したからといって特別なことをやっているわけではありませんが、備忘録として。 ...",
                "fallback": "Qiita: ECRのイメージをプルするCodebuildをTerraformで作る - Qiita",
                "image_url": "https:\/\/qiita-user-contents.imgix.net\/https%3A%2F%2Fcdn.qiita.com%2Fassets%2Fpublic%2Farticle-ogp-background-1150d8b18a7c15795b701a55ae908f94.png?ixlib=rb-1.2.2&w=1200&mark=https%3A%2F%2Fqiita-user-contents.imgix.net%2F~text%3Fixlib%3Drb-1.2.2%26w%3D840%26h%3D380%26txt%3DECR%25E3%2581%25AE%25E3%2582%25A4%25E3%2583%25A1%25E3%2583%25BC%25E3%2582%25B8%25E3%2582%2592%25E3%2583%2597%25E3%2583%25AB%25E3%2581%2599%25E3%2582%258BCodebuild%25E3%2582%2592Terraform%25E3%2581%25A7%25E4%25BD%259C%25E3%2582%258B%26txt-color%3D%2523333%26txt-font%3DHiragino%2520Sans%2520W6%26txt-size%3D54%26txt-clip%3Dellipsis%26txt-align%3Dcenter%252Cmiddle%26s%3Dd0284bd9114c22d06e59e461201f0508&mark-align=center%2Cmiddle&blend=https%3A%2F%2Fqiita-user-contents.imgix.net%2F~text%3Fixlib%3Drb-1.2.2%26w%3D840%26h%3D500%26txt%3D%2540daiki-kon%26txt-color%3D%2523333%26txt-font%3DHiragino%2520Sans%2520W6%26txt-size%3D45%26txt-align%3Dright%252Cbottom%26s%3Dc97caacf1ab0d4f2d2f5009ed1eebca9&blend-align=center%2Cmiddle&blend-mode=normal&s=b5836d2c2c7f74d6e50e9c1d09c566c4",
                "from_url": "https:\/\/qiita.com\/daiki-kon\/items\/aab32c65932c6e2de84f",
                "image_width": 476,
                "image_height": 250,
                "image_bytes": 53919,
                "service_icon": "https:\/\/cdn.qiita.com\/assets\/favicons\/public\/apple-touch-icon-ec5ba42a24ae923f16825592efdc356f.png",
                "id": 1,
                "original_url": "https:\/\/qiita.com\/daiki-kon\/items\/aab32c65932c6e2de84f"
            },
            {
                "service_name": "Qiita",
                "title": "プログラマの技術情報共有サービス - Qiita",
                "title_link": "https:\/\/qiita.com\/#%E3%81%AF%E3%81%98%E3%82%81%E3%81%AB",
                "text": "Qiitaは、プログラマのための技術情報共有サービスです。 プログラミングに関するTips、ノウハウ、メモを簡単に記録 &amp; 公開することができます。",
                "fallback": "Qiita: プログラマの技術情報共有サービス - Qiita",
                "thumb_url": "https:\/\/cdn.qiita.com\/assets\/qiita-fb-fe28c64039d925349e620ba55091e078.png",
                "from_url": "https:\/\/qiita.com\/#%E3%81%AF%E3%81%98%E3%82%81%E3%81%AB",
                "thumb_width": 1200,
                "thumb_height": 630,
                "service_icon": "https:\/\/cdn.qiita.com\/assets\/favicons\/public\/apple-touch-icon-ec5ba42a24ae923f16825592efdc356f.png",
                "id": 2,
                "original_url": "https:\/\/qiita.com\/#%E3%81%AF%E3%81%98%E3%82%81%E3%81%AB"
            },
            {
                "service_name": "Qiita",
                "title": "プログラマの技術情報共有サービス - Qiita",
                "title_link": "https:\/\/qiita.com\/#%E7%92%B0%E5%A2%83",
                "text": "Qiitaは、プログラマのための技術情報共有サービスです。 プログラミングに関するTips、ノウハウ、メモを簡単に記録 &amp; 公開することができます。",
                "fallback": "Qiita: プログラマの技術情報共有サービス - Qiita",
                "thumb_url": "https:\/\/cdn.qiita.com\/assets\/qiita-fb-fe28c64039d925349e620ba55091e078.png",
                "from_url": "https:\/\/qiita.com\/#%E7%92%B0%E5%A2%83",
                "thumb_width": 1200,
                "thumb_height": 630,
                "service_icon": "https:\/\/cdn.qiita.com\/assets\/favicons\/public\/apple-touch-icon-ec5ba42a24ae923f16825592efdc356f.png",
                "id": 3,
                "original_url": "https:\/\/qiita.com\/#%E7%92%B0%E5%A2%83"
            },
            {
                "service_name": "Qiita",
                "title": "プログラマの技術情報共有サービス - Qiita",
                "title_link": "https:\/\/qiita.com\/#ecr%E3%83%AA%E3%83%9D%E3%82%B8%E3%83%88%E3%83%AA",
                "text": "Qiitaは、プログラマのための技術情報共有サービスです。 プログラミングに関するTips、ノウハウ、メモを簡単に記録 &amp; 公開することができます。",
                "fallback": "Qiita: プログラマの技術情報共有サービス - Qiita",
                "thumb_url": "https:\/\/cdn.qiita.com\/assets\/qiita-fb-fe28c64039d925349e620ba55091e078.png",
                "from_url": "https:\/\/qiita.com\/#ecr%E3%83%AA%E3%83%9D%E3%82%B8%E3%83%88%E3%83%AA",
                "thumb_width": 1200,
                "thumb_height": 630,
                "service_icon": "https:\/\/cdn.qiita.com\/assets\/favicons\/public\/apple-touch-icon-ec5ba42a24ae923f16825592efdc356f.png",
                "id": 4,
                "original_url": "https:\/\/qiita.com\/#ecr%E3%83%AA%E3%83%9D%E3%82%B8%E3%83%88%E3%83%AA"
            }
        ],
        "edited": {
            "user": "BG3N7LG73",
            "ts": "1598162804.000000"
        }
    }
]