[
    {
        "type": "message",
        "subtype": "bot_message",
        "text": "<https:\/\/qiita.com\/naomichi-y\/items\/4c22ef31d8cebae72e0b|Terraform 0.13へのアップグレード>\n<https:\/\/qiita.com\/#%E6%A6%82%E8%A6%81>概要\n\n<https:\/\/www.hashicorp.com\/blog\/announcing-hashicorp-terraform-0-13\/|Terraform 0.13がリリース> されたので、早速アップグレードしてみました。基本的な流れは <https:\/\/registry.terraform.io\/providers\/hashicorp\/aws\/latest\/docs\/guides\/version-3-upgrade|Terraform AWS Provider Version 3 Upgrade Guide> に書いてあるので、その通り改修すれば良いのですが、いくつか躓きそうなポイントがあったのでリストアップします。\n\n\n&lt;a...",
        "ts": "1597839406.195200",
        "username": "Terraformタグが付けられた新着記事 - Qiita",
        "icons": {
            "image_36": "https:\/\/a.slack-edge.com\/80588\/img\/services\/rss_36.png",
            "image_48": "https:\/\/a.slack-edge.com\/80588\/img\/services\/rss_48.png",
            "image_72": "https:\/\/a.slack-edge.com\/80588\/img\/services\/rss_72.png"
        },
        "bot_id": "BG3N7LG73",
        "attachments": [
            {
                "service_name": "Qiita",
                "title": "Terraform 0.13へのアップグレード - Qiita",
                "title_link": "https:\/\/qiita.com\/naomichi-y\/items\/4c22ef31d8cebae72e0b",
                "text": "概要 Terraform 0.13がリリース されたので、早速アップグレードしてみました。基本的な流れは Terraform AWS Provider Version 3 Upgrade Guide に書いてあるので、その通り改...",
                "fallback": "Qiita: Terraform 0.13へのアップグレード - Qiita",
                "image_url": "https:\/\/qiita-user-contents.imgix.net\/https%3A%2F%2Fcdn.qiita.com%2Fassets%2Fpublic%2Farticle-ogp-background-1150d8b18a7c15795b701a55ae908f94.png?ixlib=rb-1.2.2&w=1200&mark=https%3A%2F%2Fqiita-user-contents.imgix.net%2F~text%3Fixlib%3Drb-1.2.2%26w%3D840%26h%3D380%26txt%3DTerraform%25200.13%25E3%2581%25B8%25E3%2581%25AE%25E3%2582%25A2%25E3%2583%2583%25E3%2583%2597%25E3%2582%25B0%25E3%2583%25AC%25E3%2583%25BC%25E3%2583%2589%26txt-color%3D%2523333%26txt-font%3DHiragino%2520Sans%2520W6%26txt-size%3D54%26txt-clip%3Dellipsis%26txt-align%3Dcenter%252Cmiddle%26s%3D300e0a3709460c99f1767afadb8fd8f0&mark-align=center%2Cmiddle&blend=https%3A%2F%2Fqiita-user-contents.imgix.net%2F~text%3Fixlib%3Drb-1.2.2%26w%3D840%26h%3D500%26txt%3D%2540naomichi-y%26txt-color%3D%2523333%26txt-font%3DHiragino%2520Sans%2520W6%26txt-size%3D45%26txt-align%3Dright%252Cbottom%26s%3Da57b5d78fe94670079cd7c2b2d524177&blend-align=center%2Cmiddle&blend-mode=normal&s=54d0fa6219905c5e7bf2c5b279fc586d",
                "from_url": "https:\/\/qiita.com\/naomichi-y\/items\/4c22ef31d8cebae72e0b",
                "image_width": 476,
                "image_height": 250,
                "image_bytes": 40766,
                "service_icon": "https:\/\/cdn.qiita.com\/assets\/favicons\/public\/apple-touch-icon-ec5ba42a24ae923f16825592efdc356f.png",
                "id": 1,
                "original_url": "https:\/\/qiita.com\/naomichi-y\/items\/4c22ef31d8cebae72e0b"
            },
            {
                "service_name": "Qiita",
                "title": "プログラマの技術情報共有サービス - Qiita",
                "title_link": "https:\/\/qiita.com\/#%E6%A6%82%E8%A6%81",
                "text": "Qiitaは、プログラマのための技術情報共有サービスです。 プログラミングに関するTips、ノウハウ、メモを簡単に記録 &amp; 公開することができます。",
                "fallback": "Qiita: プログラマの技術情報共有サービス - Qiita",
                "thumb_url": "https:\/\/cdn.qiita.com\/assets\/qiita-fb-fe28c64039d925349e620ba55091e078.png",
                "from_url": "https:\/\/qiita.com\/#%E6%A6%82%E8%A6%81",
                "thumb_width": 1200,
                "thumb_height": 630,
                "service_icon": "https:\/\/cdn.qiita.com\/assets\/favicons\/public\/apple-touch-icon-ec5ba42a24ae923f16825592efdc356f.png",
                "id": 2,
                "original_url": "https:\/\/qiita.com\/#%E6%A6%82%E8%A6%81"
            },
            {
                "service_name": "HashiCorp: Infrastructure enables innovation",
                "title": "Announcing HashiCorp Terraform 0.13 General Availability",
                "title_link": "https:\/\/www.hashicorp.com\/blog\/announcing-hashicorp-terraform-0-13\/",
                "text": "We’re excited to announce the release of HashiCorp Terraform 0.13. After much anticipation, Terraform 0.13 is now in general availability. It is immediately available for download ...",
                "fallback": "HashiCorp: Infrastructure enables innovation: Announcing HashiCorp Terraform 0.13 General Availability",
                "image_url": "https:\/\/www.datocms-assets.com\/2885\/1508522484-share.jpg?fit=max&fm=jpg&w=1000",
                "image_width": 478,
                "image_height": 250,
                "from_url": "https:\/\/www.hashicorp.com\/blog\/announcing-hashicorp-terraform-0-13\/",
                "image_bytes": 16894,
                "id": 3,
                "original_url": "https:\/\/www.hashicorp.com\/blog\/announcing-hashicorp-terraform-0-13\/"
            }
        ],
        "edited": {
            "user": "BG3N7LG73",
            "ts": "1597839406.000000"
        }
    },
    {
        "type": "message",
        "subtype": "bot_message",
        "text": "<https:\/\/www.reddit.com\/r\/Terraform\/comments\/icqsmd\/terraform_azure_keeps_on_having\/|Terraform azure keeps on having error:RetryableError occurred while creating VM>\nI create a bunch of vm in different zones in azure. I keep on facing error: RetryableError occurred whenever I am creating or destroying the resource group. I have added the timeouts now so frequency have reduced but they are still there. Is there any permanent solution for this?    submitted by   <https:\/\/www.reddit.com\/user\/RockLeii| \/u\/RockLeii > \n<https:\/\/www.reddit.com\/r\/Terraform\/comments\/icqsmd\/terraform_azure_keeps_on_having\/|[link]>   &lt;a...",
        "ts": "1597855008.195400",
        "username": "Terraform ALL the Worlds!",
        "icons": {
            "image_48": "https:\/\/s3-us-west-2.amazonaws.com\/slack-files2\/bot_icons\/2019-02-12\/548785199618_48.png"
        },
        "bot_id": "BG3N7LG73",
        "attachments": [
            {
                "service_name": "reddit",
                "title": "Terraform azure keeps on having error:RetryableError occurred while creating VM",
                "title_link": "https:\/\/www.reddit.com\/r\/Terraform\/comments\/icqsmd\/terraform_azure_keeps_on_having\/",
                "text": "I create a bunch of vm in different zones in azure. I keep on facing error: RetryableError occurred whenever I am creating or destroying the...",
                "fallback": "reddit: Terraform azure keeps on having error:RetryableError occurred while creating VM",
                "thumb_url": "https:\/\/www.redditstatic.com\/new-icon.png",
                "from_url": "https:\/\/www.reddit.com\/r\/Terraform\/comments\/icqsmd\/terraform_azure_keeps_on_having\/",
                "thumb_width": 256,
                "thumb_height": 256,
                "service_icon": "http:\/\/www.redditstatic.com\/desktop2x\/img\/favicon\/apple-icon-57x57.png",
                "id": 1,
                "original_url": "https:\/\/www.reddit.com\/r\/Terraform\/comments\/icqsmd\/terraform_azure_keeps_on_having\/"
            },
            {
                "title": "overview for RockLeii",
                "title_link": "https:\/\/www.reddit.com\/user\/RockLeii",
                "text": "The u\/RockLeii community on Reddit. Reddit gives you the best of the internet in one place.",
                "fallback": "overview for RockLeii",
                "from_url": "https:\/\/www.reddit.com\/user\/RockLeii",
                "service_icon": "http:\/\/www.redditstatic.com\/desktop2x\/img\/favicon\/apple-icon-57x57.png",
                "service_name": "reddit.com",
                "id": 2,
                "original_url": "https:\/\/www.reddit.com\/user\/RockLeii"
            }
        ],
        "edited": {
            "user": "BG3N7LG73",
            "ts": "1597855009.000000"
        }
    },
    {
        "type": "message",
        "subtype": "bot_message",
        "text": "<https:\/\/www.reddit.com\/r\/Terraform\/comments\/icri7d\/free_course_managing_microsoft_azure_applications\/|Free Course | Managing Microsoft Azure Applications and Infrastructure with Terraform>\nsubmitted by   <https:\/\/www.reddit.com\/user\/acloudguru| \/u\/acloudguru > \n<https:\/\/acloud.guru\/learn\/bd8060c6-e408-4801-a4a3-8317c45319bf?_ga=2.146269500.948894642.1597675314-1428502105.1597066259?utm_source=reddit&amp;utm_medium=social&amp;utm_campaign=cloudadjacentcourse|[link]>   <https:\/\/www.reddit.com\/r\/Terraform\/comments\/icri7d\/free_course_managing_microsoft_azure_applications\/|[comments]>",
        "ts": "1597857408.195600",
        "username": "Terraform ALL the Worlds!",
        "icons": {
            "image_48": "https:\/\/s3-us-west-2.amazonaws.com\/slack-files2\/bot_icons\/2019-02-12\/548785199618_48.png"
        },
        "bot_id": "BG3N7LG73",
        "attachments": [
            {
                "service_name": "reddit",
                "title": "Free Course | Managing Microsoft Azure Applications and Infrastructure with Terraform",
                "title_link": "https:\/\/www.reddit.com\/r\/Terraform\/comments\/icri7d\/free_course_managing_microsoft_azure_applications\/",
                "text": "Posted in r\/Terraform by u\/acloudguru • 1 point and 0 comments",
                "fallback": "reddit: Free Course | Managing Microsoft Azure Applications and Infrastructure with Terraform",
                "thumb_url": "https:\/\/www.redditstatic.com\/new-icon.png",
                "from_url": "https:\/\/www.reddit.com\/r\/Terraform\/comments\/icri7d\/free_course_managing_microsoft_azure_applications\/",
                "thumb_width": 256,
                "thumb_height": 256,
                "service_icon": "http:\/\/www.redditstatic.com\/desktop2x\/img\/favicon\/apple-icon-57x57.png",
                "id": 1,
                "original_url": "https:\/\/www.reddit.com\/r\/Terraform\/comments\/icri7d\/free_course_managing_microsoft_azure_applications\/"
            },
            {
                "title": "overview for acloudguru",
                "title_link": "https:\/\/www.reddit.com\/user\/acloudguru",
                "text": "We’ve helped 2,000,000+ people level up skills, prep for certification exams, &amp; become cloud gurus :cloud: Check out our new &amp; improved skills...",
                "fallback": "overview for acloudguru",
                "from_url": "https:\/\/www.reddit.com\/user\/acloudguru",
                "service_icon": "http:\/\/www.redditstatic.com\/desktop2x\/img\/favicon\/apple-icon-57x57.png",
                "service_name": "reddit.com",
                "id": 2,
                "original_url": "https:\/\/www.reddit.com\/user\/acloudguru"
            },
            {
                "service_name": "A Cloud Guru",
                "title": "Online Course | Managing Microsoft Azure Applications and Infrastructure with Terraform | A Cloud Guru",
                "title_link": "https:\/\/acloud.guru\/learn\/bd8060c6-e408-4801-a4a3-8317c45319bf?_ga=2.146269500.948894642.1597675314-1428502105.1597066259?utm_source=reddit&utm_medium=social&utm_campaign=cloudadjacentcourse",
                "text": "Using Terraform for deploying Azure infrastructure elements and best practices around protection and resiliency of your environment.",
                "fallback": "A Cloud Guru: Online Course | Managing Microsoft Azure Applications and Infrastructure with Terraform | A Cloud Guru",
                "image_url": "https:\/\/acloud.guru\/images\/media\/site-logo-400.png",
                "from_url": "https:\/\/acloud.guru\/learn\/bd8060c6-e408-4801-a4a3-8317c45319bf?_ga=2.146269500.948894642.1597675314-1428502105.1597066259?utm_source=reddit&utm_medium=social&utm_campaign=cloudadjacentcourse",
                "image_width": 250,
                "image_height": 250,
                "image_bytes": 42982,
                "service_icon": "https:\/\/acloud.guru\/favicon.ico",
                "id": 3,
                "original_url": "https:\/\/acloud.guru\/learn\/bd8060c6-e408-4801-a4a3-8317c45319bf?_ga=2.146269500.948894642.1597675314-1428502105.1597066259?utm_source=reddit&amp;utm_medium=social&amp;utm_campaign=cloudadjacentcourse"
            }
        ],
        "edited": {
            "user": "BG3N7LG73",
            "ts": "1597857409.000000"
        }
    },
    {
        "type": "message",
        "subtype": "bot_message",
        "text": "<https:\/\/www.reddit.com\/r\/Terraform\/comments\/icues5\/recreating_a_resource_that_another_resource\/|Recreating a resource that another resource depends on?>\nI have resource A which depends on resource B to fill an attribute.  I push a change for resource B that requires recreation of resource B. However, since resource A depends on resource B, I can't delete resource B. ​ How do I make this change? (BTW, Resource B is nested in a Cloudformation Stack -- perhaps this breaks any of terraform's logic to handle this?)    submitted by   <https:\/\/www.reddit.com\/user\/Pumpkin-Main| \/u\/Pumpkin-Main > \n&lt;a...",
        "ts": "1597865208.195800",
        "username": "Terraform ALL the Worlds!",
        "icons": {
            "image_48": "https:\/\/s3-us-west-2.amazonaws.com\/slack-files2\/bot_icons\/2019-02-12\/548785199618_48.png"
        },
        "bot_id": "BG3N7LG73",
        "attachments": [
            {
                "service_name": "reddit",
                "title": "Recreating a resource that another resource depends on?",
                "title_link": "https:\/\/www.reddit.com\/r\/Terraform\/comments\/icues5\/recreating_a_resource_that_another_resource\/",
                "text": "I have resource **A** which depends on resource **B** to fill an attribute. I push a change for resource B that requires recreation of resource...",
                "fallback": "reddit: Recreating a resource that another resource depends on?",
                "thumb_url": "https:\/\/www.redditstatic.com\/new-icon.png",
                "from_url": "https:\/\/www.reddit.com\/r\/Terraform\/comments\/icues5\/recreating_a_resource_that_another_resource\/",
                "thumb_width": 256,
                "thumb_height": 256,
                "service_icon": "http:\/\/www.redditstatic.com\/desktop2x\/img\/favicon\/apple-icon-57x57.png",
                "id": 1,
                "original_url": "https:\/\/www.reddit.com\/r\/Terraform\/comments\/icues5\/recreating_a_resource_that_another_resource\/"
            },
            {
                "title": "overview for Pumpkin-Main",
                "title_link": "https:\/\/www.reddit.com\/user\/Pumpkin-Main",
                "text": "The u\/Pumpkin-Main community on Reddit. Reddit gives you the best of the internet in one place.",
                "fallback": "overview for Pumpkin-Main",
                "from_url": "https:\/\/www.reddit.com\/user\/Pumpkin-Main",
                "service_icon": "http:\/\/www.redditstatic.com\/desktop2x\/img\/favicon\/apple-icon-57x57.png",
                "service_name": "reddit.com",
                "id": 2,
                "original_url": "https:\/\/www.reddit.com\/user\/Pumpkin-Main"
            }
        ],
        "edited": {
            "user": "BG3N7LG73",
            "ts": "1597865208.000000"
        }
    },
    {
        "type": "message",
        "subtype": "bot_message",
        "text": "<https:\/\/www.reddit.com\/r\/Terraform\/comments\/icxdp1\/dynamic_module_source_variable\/|Dynamic Module Source Variable>\nHey all, I'm looking to figure out the best way to dynamically source where I reference a resource within my module. Currently this is a git repo link that points to a library of resources that are used across different projects. I want to create a link in a way I can change the branch name across the <http:\/\/module.tf|module.tf> to test new changes to this library across all modules to ensure nothing breaks. I'm getting \"Unsuitable variable type: variable must be known\" and \"Variables not allowed\". Is there a...",
        "ts": "1597875408.196000",
        "username": "Terraform ALL the Worlds!",
        "icons": {
            "image_48": "https:\/\/s3-us-west-2.amazonaws.com\/slack-files2\/bot_icons\/2019-02-12\/548785199618_48.png"
        },
        "bot_id": "BG3N7LG73",
        "attachments": [
            {
                "service_name": "reddit",
                "title": "Dynamic Module Source Variable",
                "title_link": "https:\/\/www.reddit.com\/r\/Terraform\/comments\/icxdp1\/dynamic_module_source_variable\/",
                "text": "Hey all, I'm looking to figure out the best way to dynamically source where I reference a resource within my module. Currently this is a git...",
                "fallback": "reddit: Dynamic Module Source Variable",
                "thumb_url": "https:\/\/www.redditstatic.com\/new-icon.png",
                "from_url": "https:\/\/www.reddit.com\/r\/Terraform\/comments\/icxdp1\/dynamic_module_source_variable\/",
                "thumb_width": 256,
                "thumb_height": 256,
                "service_icon": "http:\/\/www.redditstatic.com\/desktop2x\/img\/favicon\/apple-icon-57x57.png",
                "id": 1,
                "original_url": "https:\/\/www.reddit.com\/r\/Terraform\/comments\/icxdp1\/dynamic_module_source_variable\/"
            }
        ],
        "edited": {
            "user": "BG3N7LG73",
            "ts": "1597875408.000000"
        }
    },
    {
        "type": "message",
        "subtype": "bot_message",
        "text": "<https:\/\/www.reddit.com\/r\/Terraform\/comments\/id00jq\/terraform_import_also_makes_hcl\/|Terraform Import - Also Makes HCL?>\n<https:\/\/github.com\/dcaponi\/tfrewind|With this app you can!> It takes the .tfstate that gets created when you do a bunch of `terraform import` calls and gives you a working HCL file with everything you need to get started. Right now it supports AWS EC2 instances, Security Groups, VPCs, and Subnets as well as a few odds &amp; ends from my day job. I think it'd be rad if folks out there who know more about the dev ops side than I do would be interested in contributing. I'm planning on...",
        "ts": "1597884408.196200",
        "username": "Terraform ALL the Worlds!",
        "icons": {
            "image_48": "https:\/\/s3-us-west-2.amazonaws.com\/slack-files2\/bot_icons\/2019-02-12\/548785199618_48.png"
        },
        "bot_id": "BG3N7LG73",
        "attachments": [
            {
                "service_name": "reddit",
                "title": "Terraform Import - Also Makes HCL?",
                "title_link": "https:\/\/www.reddit.com\/r\/Terraform\/comments\/id00jq\/terraform_import_also_makes_hcl\/",
                "text": "[With this app you can!](<https:\/\/github.com\/dcaponi\/tfrewind>) It takes the .tfstate that gets created when you do a bunch of \\`terraform import\\`...",
                "fallback": "reddit: Terraform Import - Also Makes HCL?",
                "thumb_url": "https:\/\/www.redditstatic.com\/new-icon.png",
                "from_url": "https:\/\/www.reddit.com\/r\/Terraform\/comments\/id00jq\/terraform_import_also_makes_hcl\/",
                "thumb_width": 256,
                "thumb_height": 256,
                "service_icon": "http:\/\/www.redditstatic.com\/desktop2x\/img\/favicon\/apple-icon-57x57.png",
                "id": 1,
                "original_url": "https:\/\/www.reddit.com\/r\/Terraform\/comments\/id00jq\/terraform_import_also_makes_hcl\/"
            },
            {
                "service_name": "GitHub",
                "title": "dcaponi\/tfrewind",
                "title_link": "https:\/\/github.com\/dcaponi\/tfrewind",
                "text": "Contribute to dcaponi\/tfrewind development by creating an account on GitHub.",
                "fallback": "GitHub: dcaponi\/tfrewind",
                "thumb_url": "https:\/\/avatars2.githubusercontent.com\/u\/19194626?s=400&v=4",
                "from_url": "https:\/\/github.com\/dcaponi\/tfrewind",
                "thumb_width": 400,
                "thumb_height": 400,
                "service_icon": "https:\/\/a.slack-edge.com\/80588\/img\/unfurl_icons\/github.png",
                "id": 2,
                "original_url": "https:\/\/github.com\/dcaponi\/tfrewind"
            }
        ],
        "edited": {
            "user": "BG3N7LG73",
            "ts": "1597884408.000000"
        }
    }
]