[
    {
        "client_msg_id": "c46b2217-7bde-4ae2-9faf-cce2cc6497d7",
        "type": "message",
        "text": "tdenv で事足りてるのであんまり乗り換えって気分にはなってないんだけど\n使ってる人がいたらどんなもんか感想だけでも聞きたい。\n<https:\/\/github.com\/warrensbox\/terraform-switcher>",
        "user": "UFU0BKD8F",
        "ts": "1601740117.001700",
        "team": "TFU0BKCQP",
        "user_team": "TFU0BKCQP",
        "source_team": "TFU0BKCQP",
        "user_profile": {
            "avatar_hash": "92c41c62c7b0",
            "image_72": "https:\/\/avatars.slack-edge.com\/2019-01-30\/537137791812_92c41c62c7b0f054d3dd_72.jpg",
            "first_name": "らき",
            "real_name": "らき",
            "display_name": "raki",
            "team": "TFU0BKCQP",
            "name": "nishimuray",
            "is_restricted": false,
            "is_ultra_restricted": false
        },
        "attachments": [
            {
                "fallback": "warrensbox\/terraform-switcher",
                "text": "A command line tool to switch between different versions of terraform  (install with homebrew and more)",
                "title": "warrensbox\/terraform-switcher",
                "footer": "<https:\/\/github.com\/warrensbox\/terraform-switcher|warrensbox\/terraform-switcher>",
                "id": 1,
                "footer_icon": "https:\/\/github.githubassets.com\/favicon.ico",
                "ts": 1525118044,
                "color": "24292f",
                "fields": [
                    {
                        "title": "Website",
                        "value": "<https:\/\/tfswitch.warrensbox.com>",
                        "short": true
                    },
                    {
                        "title": "Stars",
                        "value": "391",
                        "short": true
                    }
                ],
                "mrkdwn_in": [
                    "text",
                    "fields"
                ],
                "bot_id": "BH12QQBB4",
                "app_unfurl_url": "https:\/\/github.com\/warrensbox\/terraform-switcher",
                "is_app_unfurl": true
            }
        ],
        "blocks": [
            {
                "type": "rich_text",
                "block_id": "=2Ao",
                "elements": [
                    {
                        "type": "rich_text_section",
                        "elements": [
                            {
                                "type": "text",
                                "text": "tdenv で事足りてるのであんまり乗り換えって気分にはなってないんだけど\n使ってる人がいたらどんなもんか感想だけでも聞きたい。\n"
                            },
                            {
                                "type": "link",
                                "url": "https:\/\/github.com\/warrensbox\/terraform-switcher"
                            }
                        ]
                    }
                ]
            }
        ]
    }
]