[
    {
        "client_msg_id": "9d2f8172-5ac4-440c-b22e-287013efdb06",
        "type": "message",
        "text": "terraform 全然関係ないけど Twitter が落ちたっぽい？",
        "user": "UFU0BKD8F",
        "ts": "1601561084.000500",
        "team": "TFU0BKCQP",
        "user_team": "TFU0BKCQP",
        "source_team": "TFU0BKCQP",
        "user_profile": {
            "avatar_hash": "92c41c62c7b0",
            "image_72": "https:\/\/avatars.slack-edge.com\/2019-01-30\/537137791812_92c41c62c7b0f054d3dd_72.jpg",
            "first_name": "らき",
            "real_name": "らき",
            "display_name": "raki",
            "team": "TFU0BKCQP",
            "name": "nishimuray",
            "is_restricted": false,
            "is_ultra_restricted": false
        },
        "blocks": [
            {
                "type": "rich_text",
                "block_id": "jUd+",
                "elements": [
                    {
                        "type": "rich_text_section",
                        "elements": [
                            {
                                "type": "text",
                                "text": "terraform 全然関係ないけど Twitter が落ちたっぽい？"
                            }
                        ]
                    }
                ]
            }
        ],
        "thread_ts": "1601561084.000500",
        "reply_count": 2,
        "reply_users_count": 2,
        "latest_reply": "1601561365.000800",
        "reply_users": [
            "UFT60TQCQ",
            "UFU0BKD8F"
        ],
        "replies": [
            {
                "user": "UFT60TQCQ",
                "ts": "1601561128.000600"
            },
            {
                "user": "UFU0BKD8F",
                "ts": "1601561365.000800"
            }
        ],
        "is_locked": false,
        "subscribed": true,
        "last_read": "1601561365.000800"
    },
    {
        "client_msg_id": "b49aa3c9-b8cd-4712-9129-b2696002bd6b",
        "type": "message",
        "text": "ぽいですねぇ",
        "user": "UFT60TQCQ",
        "ts": "1601561128.000600",
        "team": "TFU0BKCQP",
        "user_team": "TFU0BKCQP",
        "source_team": "TFU0BKCQP",
        "user_profile": {
            "avatar_hash": "f10ceef4e6f6",
            "image_72": "https:\/\/avatars.slack-edge.com\/2019-01-31\/539093872183_f10ceef4e6f603f1f094_72.jpg",
            "first_name": "sogaoh",
            "real_name": "sogaoh",
            "display_name": "",
            "team": "TFU0BKCQP",
            "name": "sogaoh",
            "is_restricted": false,
            "is_ultra_restricted": false
        },
        "blocks": [
            {
                "type": "rich_text",
                "block_id": "n2s2P",
                "elements": [
                    {
                        "type": "rich_text_section",
                        "elements": [
                            {
                                "type": "text",
                                "text": "ぽいですねぇ"
                            }
                        ]
                    }
                ]
            }
        ],
        "thread_ts": "1601561084.000500",
        "parent_user_id": "UFU0BKD8F"
    },
    {
        "client_msg_id": "2db5f4e2-94d5-4d82-bbef-a98b22ff1d33",
        "type": "message",
        "text": "Google,AWS,Apple,Fujitsuに続いてTwitterががが",
        "user": "UFU0BKD8F",
        "ts": "1601561365.000800",
        "team": "TFU0BKCQP",
        "user_team": "TFU0BKCQP",
        "source_team": "TFU0BKCQP",
        "user_profile": {
            "avatar_hash": "92c41c62c7b0",
            "image_72": "https:\/\/avatars.slack-edge.com\/2019-01-30\/537137791812_92c41c62c7b0f054d3dd_72.jpg",
            "first_name": "らき",
            "real_name": "らき",
            "display_name": "raki",
            "team": "TFU0BKCQP",
            "name": "nishimuray",
            "is_restricted": false,
            "is_ultra_restricted": false
        },
        "blocks": [
            {
                "type": "rich_text",
                "block_id": "QKq1",
                "elements": [
                    {
                        "type": "rich_text_section",
                        "elements": [
                            {
                                "type": "text",
                                "text": "Google,AWS,Apple,Fujitsuに続いてTwitterががが"
                            }
                        ]
                    }
                ]
            }
        ],
        "thread_ts": "1601561084.000500",
        "parent_user_id": "UFU0BKD8F"
    }
]