[
    {
        "user": "ULFNFQU9K",
        "type": "message",
        "subtype": "channel_join",
        "ts": "1563268711.005100",
        "text": "<@ULFNFQU9K>さんがチャンネルに参加しました"
    },
    {
        "type": "message",
        "subtype": "bot_message",
        "text": "<https:\/\/www.reddit.com\/r\/Terraform\/comments\/cdwj95\/the_argument_host_is_required_but_no_definition\/|The argument \"host\" is required, but no definition was found.>\nHi,  ​ I keep getting the following error on new .tf file which I've located in a new directly. I've tried copying and pasting the same resource and connection variables from a file I know works, but no luck . Possibly a bug?  ​ terraform plan Error: Missing required argument on <http:\/\/moduletwo-start.tf|moduletwo-start.tf> line 128, in resource \"aws_instance\" \"nginx1\": 128: connection { The argument \"host\" is required, but no definition was found.  ​ No real additional information here &lt;a...",
        "ts": "1563281202.005300",
        "username": "Terraform ALL the Worlds!",
        "icons": {
            "image_48": "https:\/\/s3-us-west-2.amazonaws.com\/slack-files2\/bot_icons\/2019-02-12\/548785199618_48.png"
        },
        "bot_id": "BG3N7LG73",
        "attachments": [
            {
                "service_name": "reddit",
                "title": "r\/Terraform - The argument \"host\" is required, but no definition was found.",
                "title_link": "https:\/\/www.reddit.com\/r\/Terraform\/comments\/cdwj95\/the_argument_host_is_required_but_no_definition\/",
                "text": "0 votes and 0 comments so far on Reddit",
                "fallback": "reddit: r\/Terraform - The argument \"host\" is required, but no definition was found.",
                "thumb_url": "https:\/\/external-preview.redd.it\/KzizhgzKGs2jUWKDOfEY85A9lpNMWqKqLZJyPXp-kGg.jpg?auto=webp&s=c596aaaceac54d4261a6012c1f385c6a7d7c8310",
                "from_url": "https:\/\/www.reddit.com\/r\/Terraform\/comments\/cdwj95\/the_argument_host_is_required_but_no_definition\/",
                "thumb_width": 712,
                "thumb_height": 712,
                "service_icon": "https:\/\/www.redditstatic.com\/desktop2x\/img\/favicon\/apple-icon-57x57.png",
                "id": 1,
                "original_url": "https:\/\/www.reddit.com\/r\/Terraform\/comments\/cdwj95\/the_argument_host_is_required_but_no_definition\/"
            }
        ]
    },
    {
        "type": "message",
        "subtype": "bot_message",
        "text": "<https:\/\/www.reddit.com\/r\/Terraform\/comments\/cdz8lu\/force_a_resource_to_update_based_on_a_changed\/|Force a resource to update based on a changed null_resource>\nHi,  I'm trying to implement a way to package and zip a Lambda function then to update the function on AWS. ​ I'm using this code : data \"template_file\" \"lambda\" {\ntemplate = \"${file(\"${var.source_code_path}\/lambda_function.py\")}\"\nvars = {\naws_region = \"${var.aws_region}\"\nses_sender = \"${jsonencode(var.ses_sender)}\"\nses_recipient = \"${jsonencode(var.ses_destination_emails)}\"\n}\n} ​ This is the code to package the Lambda :  ​ # Auto generate the ZIP file of the Lambda function\nresource...",
        "ts": "1563294708.005500",
        "username": "Terraform ALL the Worlds!",
        "icons": {
            "image_48": "https:\/\/s3-us-west-2.amazonaws.com\/slack-files2\/bot_icons\/2019-02-12\/548785199618_48.png"
        },
        "bot_id": "BG3N7LG73",
        "attachments": [
            {
                "service_name": "reddit",
                "title": "r\/Terraform - Force a resource to update based on a changed null_resource",
                "title_link": "https:\/\/www.reddit.com\/r\/Terraform\/comments\/cdz8lu\/force_a_resource_to_update_based_on_a_changed\/",
                "text": "0 votes and 0 comments so far on Reddit",
                "fallback": "reddit: r\/Terraform - Force a resource to update based on a changed null_resource",
                "from_url": "https:\/\/www.reddit.com\/r\/Terraform\/comments\/cdz8lu\/force_a_resource_to_update_based_on_a_changed\/",
                "service_icon": "https:\/\/www.redditstatic.com\/desktop2x\/img\/favicon\/apple-icon-57x57.png",
                "id": 1,
                "original_url": "https:\/\/www.reddit.com\/r\/Terraform\/comments\/cdz8lu\/force_a_resource_to_update_based_on_a_changed\/"
            }
        ]
    }
]