[
    {
        "type": "message",
        "subtype": "bot_message",
        "text": "<https:\/\/qiita.com\/anfangd\/items\/08cc332f7f47936c6ed6|Terraform - 仕組みと導入部分を簡単にまとめてみる>\n「Terraform」 してますか？\n\nとても便利ですよね。クラウド構築するときに GUI 操作することがほとんどなくなりました。しかし、まだ使用し始めて長くないため、全体像がぼんやりしています。\n自分のような Terraform 初心者に向けて、サービスの概要を俯瞰できるような情報をまとめます。\n\n\n<https:\/\/qiita.com\/#%E3%81%AF%E3%81%98%E3%82%81%E3%81%AB>はじめに\n\nTerraform は HashiCorp によって作成された Infrastructure as Code を実現するOSSです。\nHCL (Hashicorp Configuration Language) または optionally JSON によってインフラに関する情報を定義し、様々なクラウドベンダーのサービスを操作することができます。\n\n2014年に v0.0.1 がリリースされ、今日（2019\/07\/06）現在では、 v0.12.3 がリリースされています。\n\nTerraform...",
        "ts": "1562418413.001700",
        "username": "Terraformタグが付けられた新着記事 - Qiita",
        "icons": {
            "image_36": "https:\/\/a.slack-edge.com\/66f9\/img\/services\/rss_36.png",
            "image_48": "https:\/\/a.slack-edge.com\/66f9\/img\/services\/rss_48.png",
            "image_72": "https:\/\/a.slack-edge.com\/205a\/img\/services\/rss_72.png"
        },
        "bot_id": "BG3N7LG73",
        "attachments": [
            {
                "service_name": "Qiita",
                "title": "プログラマの技術情報共有サービス - Qiita",
                "title_link": "https:\/\/qiita.com\/#%E3%81%AF%E3%81%98%E3%82%81%E3%81%AB",
                "text": "Qiitaは、プログラマのための技術情報共有サービスです。 プログラミングに関するTips、ノウハウ、メモを簡単に記録 &amp; 公開することができます。",
                "fallback": "Qiita: プログラマの技術情報共有サービス - Qiita",
                "thumb_url": "https:\/\/cdn.qiita.com\/assets\/qiita-fb-2887e7b4aad86fd8c25cea84846f2236.png",
                "from_url": "https:\/\/qiita.com\/#%E3%81%AF%E3%81%98%E3%82%81%E3%81%AB",
                "thumb_width": 200,
                "thumb_height": 200,
                "service_icon": "https:\/\/cdn.qiita.com\/assets\/favicons\/public\/apple-touch-icon-f9a6afad761ec2306e10db2736187c8b.png",
                "id": 1,
                "original_url": "https:\/\/qiita.com\/#%E3%81%AF%E3%81%98%E3%82%81%E3%81%AB"
            }
        ]
    },
    {
        "type": "message",
        "subtype": "bot_message",
        "text": "<https:\/\/www.reddit.com\/r\/Terraform\/comments\/ca3p4g\/specifying_multiple_32_addresses_in_aws_security\/|Specifying multiple \/32 addresses in aws_security_group_rule>\nHey, all, ​ The application I am deploying infrastructure for requires the application machines being able to connect to \"themselves\" through an Application Load Balancer, to connect to a specific service within one of the machines. This makes this sort of a loopback, one service connecting from a specific machine to same set of machines through their own Application Load Balancer. ​ What this requires me to do is create a Security Group rule that would take the machine's public IP and allow...",
        "ts": "1562479603.000100",
        "username": "Terraform ALL the Worlds!",
        "icons": {
            "image_48": "https:\/\/s3-us-west-2.amazonaws.com\/slack-files2\/bot_icons\/2019-02-12\/548785199618_48.png"
        },
        "bot_id": "BG3N7LG73",
        "attachments": [
            {
                "service_name": "reddit",
                "title": "r\/Terraform - Specifying multiple \/32 addresses in aws_security_group_rule",
                "title_link": "https:\/\/www.reddit.com\/r\/Terraform\/comments\/ca3p4g\/specifying_multiple_32_addresses_in_aws_security\/",
                "text": "0 votes and 0 comments so far on Reddit",
                "fallback": "reddit: r\/Terraform - Specifying multiple \/32 addresses in aws_security_group_rule",
                "from_url": "https:\/\/www.reddit.com\/r\/Terraform\/comments\/ca3p4g\/specifying_multiple_32_addresses_in_aws_security\/",
                "service_icon": "https:\/\/www.redditstatic.com\/desktop2x\/img\/favicon\/apple-icon-57x57.png",
                "id": 1,
                "original_url": "https:\/\/www.reddit.com\/r\/Terraform\/comments\/ca3p4g\/specifying_multiple_32_addresses_in_aws_security\/"
            }
        ]
    },
    {
        "type": "message",
        "subtype": "bot_message",
        "text": "<https:\/\/qiita.com\/donkomura\/items\/6289bb31fecfce2cda79|Terraform × GCP 入門>\n<https:\/\/qiita.com\/#%E3%81%AF%E3%81%98%E3%82%81%E3%81%AB>はじめに\n\nTerraformを扱い始めて2ヶ月ぐらいたったので、Terraformチュートリアル的なものをハンズオン形式でまとめました。\nInfrastructure as Codeやりてぇ！と思った方の事始めとなれば幸いです。\n<https:\/\/learn.hashicorp.com\/terraform\/getting-started\/install|公式のチュートリアル>が公開されているのですが、AWSのみでGCPに関するものは掲載されていません。\nよって今回はGCP上でTerraformからリソースを管理する流れをみる、という目標でやっていきたいと思います。\n\n\n&lt;a...",
        "ts": "1562479905.000300",
        "username": "Terraformタグが付けられた新着記事 - Qiita",
        "icons": {
            "image_36": "https:\/\/a.slack-edge.com\/66f9\/img\/services\/rss_36.png",
            "image_48": "https:\/\/a.slack-edge.com\/66f9\/img\/services\/rss_48.png",
            "image_72": "https:\/\/a.slack-edge.com\/205a\/img\/services\/rss_72.png"
        },
        "bot_id": "BG3N7LG73",
        "attachments": [
            {
                "service_name": "Qiita",
                "title": "Terraform × GCP 入門 - Qiita",
                "title_link": "https:\/\/qiita.com\/donkomura\/items\/6289bb31fecfce2cda79",
                "text": "# はじめに Terraformを扱い始めて2ヶ月ぐらいたったので、Terraformチュートリアル的なものをハンズオン形式でまとめました。 Infrastructure as Codeやりてぇ！と思った方の事始めとなれば幸いです。 ...",
                "fallback": "Qiita: Terraform × GCP 入門 - Qiita",
                "thumb_url": "https:\/\/cdn.qiita.com\/assets\/qiita-fb-2887e7b4aad86fd8c25cea84846f2236.png",
                "from_url": "https:\/\/qiita.com\/donkomura\/items\/6289bb31fecfce2cda79",
                "thumb_width": 200,
                "thumb_height": 200,
                "service_icon": "https:\/\/cdn.qiita.com\/assets\/favicons\/public\/apple-touch-icon-f9a6afad761ec2306e10db2736187c8b.png",
                "id": 1,
                "original_url": "https:\/\/qiita.com\/donkomura\/items\/6289bb31fecfce2cda79"
            },
            {
                "service_name": "Qiita",
                "title": "プログラマの技術情報共有サービス - Qiita",
                "title_link": "https:\/\/qiita.com\/#%E3%81%AF%E3%81%98%E3%82%81%E3%81%AB",
                "text": "Qiitaは、プログラマのための技術情報共有サービスです。 プログラミングに関するTips、ノウハウ、メモを簡単に記録 &amp; 公開することができます。",
                "fallback": "Qiita: プログラマの技術情報共有サービス - Qiita",
                "thumb_url": "https:\/\/cdn.qiita.com\/assets\/qiita-fb-2887e7b4aad86fd8c25cea84846f2236.png",
                "from_url": "https:\/\/qiita.com\/#%E3%81%AF%E3%81%98%E3%82%81%E3%81%AB",
                "thumb_width": 200,
                "thumb_height": 200,
                "service_icon": "https:\/\/cdn.qiita.com\/assets\/favicons\/public\/apple-touch-icon-f9a6afad761ec2306e10db2736187c8b.png",
                "id": 2,
                "original_url": "https:\/\/qiita.com\/#%E3%81%AF%E3%81%98%E3%82%81%E3%81%AB"
            },
            {
                "service_name": "HashiCorp Learn",
                "title": "Installing Terraform | Terraform - HashiCorp Learn",
                "title_link": "https:\/\/learn.hashicorp.com\/terraform\/getting-started\/install",
                "text": "How to install Terraform and verify installation.",
                "fallback": "HashiCorp Learn: Installing Terraform | Terraform - HashiCorp Learn",
                "image_url": "https:\/\/www.datocms-assets.com\/2885\/1542060715-hashicorpshare-imglogo-w-stack-graphic1200x630.png",
                "from_url": "https:\/\/learn.hashicorp.com\/terraform\/getting-started\/install",
                "image_width": 476,
                "image_height": 250,
                "image_bytes": 144778,
                "service_icon": "https:\/\/www.datocms-assets.com\/2885\/1527033389-favicon.png?w=57&amp;h=57",
                "id": 3,
                "original_url": "https:\/\/learn.hashicorp.com\/terraform\/getting-started\/install"
            }
        ]
    }
]