[
    {
        "type": "message",
        "subtype": "bot_message",
        "text": "<https:\/\/www.reddit.com\/r\/Terraform\/comments\/cbg0ss\/accessing_resource_outputs_from_modules_with\/|Accessing Resource Outputs From Modules (with 'Count') Set.>\nHi, I’m trying to figure out how to use outputs from within a module that uses a ‘Count’ on it. My directory structure is as follows. Deployment | +-- <http:\/\/Main.tf|Main.tf> (I'm trying to access outputs created in the module from here) | +--<http:\/\/Variables.tf|Variables.tf> |\n +-- Modules | | + +-- Standard_Template |\n +-- <http:\/\/Main.tf|Main.tf> +-- <http:\/\/Variables.tf|Variables.tf> +-- <http:\/\/Outputs.tf|Outputs.tf>  For example; resource \"azurerm_application_insights\" \"appinsights\" { count = var.create_app_inisghts ? 1 : 0 name = var.app_insights_resource_name location =...",
        "ts": "1562761299.001100",
        "username": "Terraform ALL the Worlds!",
        "icons": {
            "image_48": "https:\/\/s3-us-west-2.amazonaws.com\/slack-files2\/bot_icons\/2019-02-12\/548785199618_48.png"
        },
        "bot_id": "BG3N7LG73",
        "attachments": [
            {
                "service_name": "reddit",
                "title": "r\/Terraform - Accessing Resource Outputs From Modules (with 'Count') Set.",
                "title_link": "https:\/\/www.reddit.com\/r\/Terraform\/comments\/cbg0ss\/accessing_resource_outputs_from_modules_with\/",
                "text": "0 votes and 0 comments so far on Reddit",
                "fallback": "reddit: r\/Terraform - Accessing Resource Outputs From Modules (with 'Count') Set.",
                "from_url": "https:\/\/www.reddit.com\/r\/Terraform\/comments\/cbg0ss\/accessing_resource_outputs_from_modules_with\/",
                "service_icon": "https:\/\/www.redditstatic.com\/desktop2x\/img\/favicon\/apple-icon-57x57.png",
                "id": 1,
                "original_url": "https:\/\/www.reddit.com\/r\/Terraform\/comments\/cbg0ss\/accessing_resource_outputs_from_modules_with\/"
            }
        ]
    },
    {
        "type": "message",
        "subtype": "bot_message",
        "text": "<https:\/\/qiita.com\/donkomura\/items\/a69fc28109c2b59f3831|TerraformerのためのTerraformer>\nTerraformerというツールを最近見つけて、\n「えぇ！！めちゃ便利やん！！」と少々感動したのでご紹介します。\n\n\n<https:\/\/qiita.com\/#terraformer>Terraformer\n\n現存しているリソースの.tfファイルとtfstateを自動作成してくれるCLIツールです<https:\/\/qiita.com\/#fn1|1>。\nレポジトリは<https:\/\/github.com\/GoogleCloudPlatform\/terraformer|こちら>。\n\n\n<https:\/\/qiita.com\/#%E3%82%A4%E3%83%B3%E3%82%B9%E3%83%88%E3%83%BC%E3%83%AB>インストール...",
        "ts": "1562767905.001300",
        "username": "Terraformタグが付けられた新着記事 - Qiita",
        "icons": {
            "image_36": "https:\/\/a.slack-edge.com\/66f9\/img\/services\/rss_36.png",
            "image_48": "https:\/\/a.slack-edge.com\/66f9\/img\/services\/rss_48.png",
            "image_72": "https:\/\/a.slack-edge.com\/205a\/img\/services\/rss_72.png"
        },
        "bot_id": "BG3N7LG73",
        "attachments": [
            {
                "service_name": "Qiita",
                "title": "TerraformerのためのTerraformer - Qiita",
                "title_link": "https:\/\/qiita.com\/donkomura\/items\/a69fc28109c2b59f3831",
                "text": "Terraformerというツールを最近見つけて、 「えぇ！！めちゃ便利やん！！」と少々感動したのでご紹介します。 # Terraformer 現存しているリソースの`.tf`ファイルと`tfstate`を自動作成してくれるCLIツ...",
                "fallback": "Qiita: TerraformerのためのTerraformer - Qiita",
                "thumb_url": "https:\/\/cdn.qiita.com\/assets\/qiita-fb-2887e7b4aad86fd8c25cea84846f2236.png",
                "from_url": "https:\/\/qiita.com\/donkomura\/items\/a69fc28109c2b59f3831",
                "thumb_width": 200,
                "thumb_height": 200,
                "service_icon": "https:\/\/cdn.qiita.com\/assets\/favicons\/public\/apple-touch-icon-f9a6afad761ec2306e10db2736187c8b.png",
                "id": 1,
                "original_url": "https:\/\/qiita.com\/donkomura\/items\/a69fc28109c2b59f3831"
            },
            {
                "service_name": "Qiita",
                "title": "プログラマの技術情報共有サービス - Qiita",
                "title_link": "https:\/\/qiita.com\/#terraformer",
                "text": "Qiitaは、プログラマのための技術情報共有サービスです。 プログラミングに関するTips、ノウハウ、メモを簡単に記録 &amp; 公開することができます。",
                "fallback": "Qiita: プログラマの技術情報共有サービス - Qiita",
                "thumb_url": "https:\/\/cdn.qiita.com\/assets\/qiita-fb-2887e7b4aad86fd8c25cea84846f2236.png",
                "from_url": "https:\/\/qiita.com\/#terraformer",
                "thumb_width": 200,
                "thumb_height": 200,
                "service_icon": "https:\/\/cdn.qiita.com\/assets\/favicons\/public\/apple-touch-icon-f9a6afad761ec2306e10db2736187c8b.png",
                "id": 2,
                "original_url": "https:\/\/qiita.com\/#terraformer"
            },
            {
                "service_name": "Qiita",
                "title": "プログラマの技術情報共有サービス - Qiita",
                "title_link": "https:\/\/qiita.com\/#fn1",
                "text": "Qiitaは、プログラマのための技術情報共有サービスです。 プログラミングに関するTips、ノウハウ、メモを簡単に記録 &amp; 公開することができます。",
                "fallback": "Qiita: プログラマの技術情報共有サービス - Qiita",
                "thumb_url": "https:\/\/cdn.qiita.com\/assets\/qiita-fb-2887e7b4aad86fd8c25cea84846f2236.png",
                "from_url": "https:\/\/qiita.com\/#fn1",
                "thumb_width": 200,
                "thumb_height": 200,
                "service_icon": "https:\/\/cdn.qiita.com\/assets\/favicons\/public\/apple-touch-icon-f9a6afad761ec2306e10db2736187c8b.png",
                "id": 3,
                "original_url": "https:\/\/qiita.com\/#fn1"
            },
            {
                "service_name": "GitHub",
                "title": "GoogleCloudPlatform\/terraformer",
                "title_link": "https:\/\/github.com\/GoogleCloudPlatform\/terraformer",
                "text": "CLI tool to generate terraform files from existing infrastructure (reverse Terraform). Infrastructure to Code - GoogleCloudPlatform\/terraformer",
                "fallback": "GitHub: GoogleCloudPlatform\/terraformer",
                "thumb_url": "https:\/\/avatars2.githubusercontent.com\/u\/2810941?s=400&v=4",
                "from_url": "https:\/\/github.com\/GoogleCloudPlatform\/terraformer",
                "thumb_width": 400,
                "thumb_height": 400,
                "service_icon": "https:\/\/a.slack-edge.com\/bfaba\/img\/unfurl_icons\/github.png",
                "id": 4,
                "original_url": "https:\/\/github.com\/GoogleCloudPlatform\/terraformer"
            },
            {
                "service_name": "Qiita",
                "title": "プログラマの技術情報共有サービス - Qiita",
                "title_link": "https:\/\/qiita.com\/#%E3%82%A4%E3%83%B3%E3%82%B9%E3%83%88%E3%83%BC%E3%83%AB",
                "text": "Qiitaは、プログラマのための技術情報共有サービスです。 プログラミングに関するTips、ノウハウ、メモを簡単に記録 &amp; 公開することができます。",
                "fallback": "Qiita: プログラマの技術情報共有サービス - Qiita",
                "thumb_url": "https:\/\/cdn.qiita.com\/assets\/qiita-fb-2887e7b4aad86fd8c25cea84846f2236.png",
                "from_url": "https:\/\/qiita.com\/#%E3%82%A4%E3%83%B3%E3%82%B9%E3%83%88%E3%83%BC%E3%83%AB",
                "thumb_width": 200,
                "thumb_height": 200,
                "service_icon": "https:\/\/cdn.qiita.com\/assets\/favicons\/public\/apple-touch-icon-f9a6afad761ec2306e10db2736187c8b.png",
                "id": 5,
                "original_url": "https:\/\/qiita.com\/#%E3%82%A4%E3%83%B3%E3%82%B9%E3%83%88%E3%83%BC%E3%83%AB"
            }
        ]
    },
    {
        "type": "message",
        "subtype": "bot_message",
        "text": "<https:\/\/www.reddit.com\/r\/Terraform\/comments\/cbiaw1\/modifying_r53_across_accounts\/|Modifying R53 across accounts>\nHi Guys, Not sure if this should be in here or in <https:\/\/www.reddit.com\/r\/aws|r\/aws> but I'm trying here first. Please bear with me - I'm reasonably new to AWS and Terraform. Quick overview of how things are currently working... I'm currently rebuilding\/reorganising our AWS accounts. Currently everything is in a single account (prod\/stage\/dev) but this is being split into 3. There's a CodePipeline on the current account (this is going to be the \"master\" account) which builds the...",
        "ts": "1562774212.001500",
        "username": "Terraform ALL the Worlds!",
        "icons": {
            "image_48": "https:\/\/s3-us-west-2.amazonaws.com\/slack-files2\/bot_icons\/2019-02-12\/548785199618_48.png"
        },
        "bot_id": "BG3N7LG73",
        "attachments": [
            {
                "service_name": "reddit",
                "title": "r\/Terraform - Modifying R53 across accounts",
                "title_link": "https:\/\/www.reddit.com\/r\/Terraform\/comments\/cbiaw1\/modifying_r53_across_accounts\/",
                "text": "0 votes and 0 comments so far on Reddit",
                "fallback": "reddit: r\/Terraform - Modifying R53 across accounts",
                "from_url": "https:\/\/www.reddit.com\/r\/Terraform\/comments\/cbiaw1\/modifying_r53_across_accounts\/",
                "service_icon": "https:\/\/www.redditstatic.com\/desktop2x\/img\/favicon\/apple-icon-57x57.png",
                "id": 1,
                "original_url": "https:\/\/www.reddit.com\/r\/Terraform\/comments\/cbiaw1\/modifying_r53_across_accounts\/"
            },
            {
                "service_name": "reddit",
                "title": "r\/aws",
                "title_link": "https:\/\/www.reddit.com\/r\/aws",
                "text": "r\/aws: News, articles and tools covering Amazon Web Services (AWS), including S3, EC2, SQS, RDS, DynamoDB, IAM, CloudFormation, Route 53 …",
                "fallback": "reddit: r\/aws",
                "thumb_url": "https:\/\/styles.redditmedia.com\/t5_2qh84\/styles\/communityIcon_pc026nky6a221.png",
                "from_url": "https:\/\/www.reddit.com\/r\/aws",
                "thumb_width": 256,
                "thumb_height": 256,
                "service_icon": "https:\/\/www.redditstatic.com\/desktop2x\/img\/favicon\/apple-icon-57x57.png",
                "id": 2,
                "original_url": "https:\/\/www.reddit.com\/r\/aws"
            }
        ]
    },
    {
        "type": "message",
        "subtype": "bot_message",
        "text": "<https:\/\/www.reddit.com\/r\/Terraform\/comments\/cbjk00\/what_format_should_keys_be_in\/|What format should Keys be in>\nHi , basic question but if I want to connect to a newly spun up ec2 in AWS and provision it, what format does the key need to be in. I've been having no luck so far. ​ EG of some of the config. resource \"aws_security_group\" \"allow_ssh\" { name = \"allow_ssh\" # SSH access ingress { from_port = 22 to_port = 22 protocol = \"tcp\" cidr_blocks = [\"0.0.0.0\/0\"] } } resource \"aws_instance\" \"nginx\" { ami = \"ami-026c8acd92718196b\" instance_type = \"t2.micro\" key_name = \"${var.key_name}\" security_groups =...",
        "ts": "1562779612.001700",
        "username": "Terraform ALL the Worlds!",
        "icons": {
            "image_48": "https:\/\/s3-us-west-2.amazonaws.com\/slack-files2\/bot_icons\/2019-02-12\/548785199618_48.png"
        },
        "bot_id": "BG3N7LG73",
        "attachments": [
            {
                "service_name": "reddit",
                "title": "r\/Terraform - What format should Keys be in",
                "title_link": "https:\/\/www.reddit.com\/r\/Terraform\/comments\/cbjk00\/what_format_should_keys_be_in\/",
                "text": "0 votes and 0 comments so far on Reddit",
                "fallback": "reddit: r\/Terraform - What format should Keys be in",
                "from_url": "https:\/\/www.reddit.com\/r\/Terraform\/comments\/cbjk00\/what_format_should_keys_be_in\/",
                "service_icon": "https:\/\/www.redditstatic.com\/desktop2x\/img\/favicon\/apple-icon-57x57.png",
                "id": 1,
                "original_url": "https:\/\/www.reddit.com\/r\/Terraform\/comments\/cbjk00\/what_format_should_keys_be_in\/"
            }
        ]
    },
    {
        "type": "message",
        "subtype": "bot_message",
        "text": "<https:\/\/www.reddit.com\/r\/Terraform\/comments\/cbkpuc\/applying_code_to_multiple_cloud_platforms\/|Applying code to multiple cloud platforms>\nHey all, I know this might be a strange question but, I was wondering as Terraform is provider agnostic. Is there any way to write single piece of code, for example to create a server instance on both Amazon web services and Microsoft Azure at the same time using the same code. Thanks in advance.    submitted by   <https:\/\/www.reddit.com\/user\/nimehalaa155| \/u\/nimehalaa155 > \n&lt;a...",
        "ts": "1562785002.001900",
        "username": "Terraform ALL the Worlds!",
        "icons": {
            "image_48": "https:\/\/s3-us-west-2.amazonaws.com\/slack-files2\/bot_icons\/2019-02-12\/548785199618_48.png"
        },
        "bot_id": "BG3N7LG73",
        "attachments": [
            {
                "service_name": "reddit",
                "title": "r\/Terraform - Applying code to multiple cloud platforms",
                "title_link": "https:\/\/www.reddit.com\/r\/Terraform\/comments\/cbkpuc\/applying_code_to_multiple_cloud_platforms\/",
                "text": "0 votes and 0 comments so far on Reddit",
                "fallback": "reddit: r\/Terraform - Applying code to multiple cloud platforms",
                "from_url": "https:\/\/www.reddit.com\/r\/Terraform\/comments\/cbkpuc\/applying_code_to_multiple_cloud_platforms\/",
                "service_icon": "https:\/\/www.redditstatic.com\/desktop2x\/img\/favicon\/apple-icon-57x57.png",
                "id": 1,
                "original_url": "https:\/\/www.reddit.com\/r\/Terraform\/comments\/cbkpuc\/applying_code_to_multiple_cloud_platforms\/"
            },
            {
                "service_name": "reddit",
                "title": "nimehalaa155 (u\/nimehalaa155) - Reddit",
                "title_link": "https:\/\/www.reddit.com\/user\/nimehalaa155",
                "text": "u\/nimehalaa155:",
                "fallback": "reddit: nimehalaa155 (u\/nimehalaa155) - Reddit",
                "thumb_url": "https:\/\/www.redditstatic.com\/avatars\/avatar_default_07_FFB000.png",
                "from_url": "https:\/\/www.reddit.com\/user\/nimehalaa155",
                "thumb_width": 256,
                "thumb_height": 256,
                "service_icon": "https:\/\/www.redditstatic.com\/desktop2x\/img\/favicon\/apple-icon-57x57.png",
                "id": 2,
                "original_url": "https:\/\/www.reddit.com\/user\/nimehalaa155"
            }
        ]
    },
    {
        "type": "message",
        "subtype": "bot_message",
        "text": "<https:\/\/www.reddit.com\/r\/Terraform\/comments\/cbkx57\/suggestion_right_way_to_create_vm_on_adhoc_request\/|Suggestion: Right way to create VM on Adhoc request>\nGuy seeking advice on What is the best way to Create Indivisual VMs in one or more than one subscription. Currently i have two folders Prod &amp; Dev which has my code to create VM in azure. but when i get new request to create another VM in different resource group then i have to move state file in order to get it created. surely not a best way to do it...    submitted by   <https:\/\/www.reddit.com\/user\/nippyin| \/u\/nippyin > \n&lt;a...",
        "ts": "1562785906.002100",
        "username": "Terraform ALL the Worlds!",
        "icons": {
            "image_48": "https:\/\/s3-us-west-2.amazonaws.com\/slack-files2\/bot_icons\/2019-02-12\/548785199618_48.png"
        },
        "bot_id": "BG3N7LG73",
        "attachments": [
            {
                "service_name": "reddit",
                "title": "r\/Terraform - Suggestion: Right way to create VM on Adhoc request",
                "title_link": "https:\/\/www.reddit.com\/r\/Terraform\/comments\/cbkx57\/suggestion_right_way_to_create_vm_on_adhoc_request\/",
                "text": "0 votes and 0 comments so far on Reddit",
                "fallback": "reddit: r\/Terraform - Suggestion: Right way to create VM on Adhoc request",
                "from_url": "https:\/\/www.reddit.com\/r\/Terraform\/comments\/cbkx57\/suggestion_right_way_to_create_vm_on_adhoc_request\/",
                "service_icon": "https:\/\/www.redditstatic.com\/desktop2x\/img\/favicon\/apple-icon-57x57.png",
                "id": 1,
                "original_url": "https:\/\/www.reddit.com\/r\/Terraform\/comments\/cbkx57\/suggestion_right_way_to_create_vm_on_adhoc_request\/"
            },
            {
                "service_name": "reddit",
                "title": "nippyin (u\/nippyin) - Reddit",
                "title_link": "https:\/\/www.reddit.com\/user\/nippyin",
                "text": "u\/nippyin:",
                "fallback": "reddit: nippyin (u\/nippyin) - Reddit",
                "thumb_url": "https:\/\/styles.redditmedia.com\/t5_prfzs\/styles\/profileIcon_gb9n5awajsu11.jpg?width=256&height=256&crop=256:256,smart&s=fe95188d9339eaa3dcebe1005b7b38ed81dca55e",
                "from_url": "https:\/\/www.reddit.com\/user\/nippyin",
                "thumb_width": 256,
                "thumb_height": 256,
                "service_icon": "https:\/\/www.redditstatic.com\/desktop2x\/img\/favicon\/apple-icon-57x57.png",
                "id": 2,
                "original_url": "https:\/\/www.reddit.com\/user\/nippyin"
            }
        ]
    },
    {
        "type": "message",
        "subtype": "bot_message",
        "text": "<https:\/\/www.reddit.com\/r\/Terraform\/comments\/cbn5r2\/workaroundfix_for_user_data_size\/|Workaround\/fix for user_data size>\nHey, all! When deploying my infrastructure via Terraform, I run PowerShell scripts on the instances to automatically deploy an application and its components. The scripts consist of two parts - one that is done at immediate instance deployment, and another one after the instance is joined to the AWS Microsoft Active Directory.\n The issue I have is that there's one instance that provisions more than all the others, meaning its PowerShell script is longest. This often gets me this error:...",
        "ts": "1562796411.002300",
        "username": "Terraform ALL the Worlds!",
        "icons": {
            "image_48": "https:\/\/s3-us-west-2.amazonaws.com\/slack-files2\/bot_icons\/2019-02-12\/548785199618_48.png"
        },
        "bot_id": "BG3N7LG73",
        "attachments": [
            {
                "service_name": "reddit",
                "title": "r\/Terraform - Workaround\/fix for user_data size",
                "title_link": "https:\/\/www.reddit.com\/r\/Terraform\/comments\/cbn5r2\/workaroundfix_for_user_data_size\/",
                "text": "0 votes and 0 comments so far on Reddit",
                "fallback": "reddit: r\/Terraform - Workaround\/fix for user_data size",
                "from_url": "https:\/\/www.reddit.com\/r\/Terraform\/comments\/cbn5r2\/workaroundfix_for_user_data_size\/",
                "service_icon": "https:\/\/www.redditstatic.com\/desktop2x\/img\/favicon\/apple-icon-57x57.png",
                "id": 1,
                "original_url": "https:\/\/www.reddit.com\/r\/Terraform\/comments\/cbn5r2\/workaroundfix_for_user_data_size\/"
            }
        ]
    },
    {
        "type": "message",
        "subtype": "bot_message",
        "text": "<https:\/\/www.reddit.com\/r\/Terraform\/comments\/cbpwra\/terraforming_a_new_account\/|Terraforming a new account>\nI just recently joined a new org that is in need of restructuring their AWS accounts, my goal is to create a new AWS account to act as the hub of the rest (IAM, Config, Organizations, Secrets Manager, etc..).  The timeline for this may be relatively aggressive given the need to deploy Secrets ASAP. Do you suggest I pushback and get more time to Terraform the account first or deploy what is needed and tool Terraform after?    submitted by   &lt;a href=\"https:\/\/www.reddit.com\/user\/Flipphones\"&gt;...",
        "ts": "1562811408.002500",
        "username": "Terraform ALL the Worlds!",
        "icons": {
            "image_48": "https:\/\/s3-us-west-2.amazonaws.com\/slack-files2\/bot_icons\/2019-02-12\/548785199618_48.png"
        },
        "bot_id": "BG3N7LG73",
        "attachments": [
            {
                "service_name": "reddit",
                "title": "r\/Terraform - Terraforming a new account",
                "title_link": "https:\/\/www.reddit.com\/r\/Terraform\/comments\/cbpwra\/terraforming_a_new_account\/",
                "text": "0 votes and 0 comments so far on Reddit",
                "fallback": "reddit: r\/Terraform - Terraforming a new account",
                "from_url": "https:\/\/www.reddit.com\/r\/Terraform\/comments\/cbpwra\/terraforming_a_new_account\/",
                "service_icon": "https:\/\/www.redditstatic.com\/desktop2x\/img\/favicon\/apple-icon-57x57.png",
                "id": 1,
                "original_url": "https:\/\/www.reddit.com\/r\/Terraform\/comments\/cbpwra\/terraforming_a_new_account\/"
            }
        ]
    }
]