[
    {
        "type": "message",
        "subtype": "bot_message",
        "text": "<https:\/\/qiita.com\/yktakaha4\/items\/bc26c38baea56f244c19|LP公開のためのインフラをTerraform + AWSでささっと？構築する（ソース付き）>\n<https:\/\/qiita.com\/#%E3%81%AF%E3%81%98%E3%82%81%E3%81%AB>はじめに\n\n独立起業している知人（建築系なので、以下:male-construction-worker:）から、自社で直接仕事の依頼を受けるためのランディングページを作りたい...:fire:という相談を受けました\n\n<https:\/\/uxmilk.jp\/65654|MVP>の考え方からいけば、<https:\/\/portfolio-ai.com\/instapage_introduce|こういうの>を使ったり、作るにしてもherokuなどを使ったりでもよかったのかもしれませんが、\n業務で触れていなかったRoute53やCloudfrontなどのサービスを触る格好のチャンスに思えたので、AWSのアカウントを新規で作って1から構築することとしました...",
        "ts": "1563185510.004200",
        "username": "Terraformタグが付けられた新着記事 - Qiita",
        "icons": {
            "image_36": "https:\/\/a.slack-edge.com\/66f9\/img\/services\/rss_36.png",
            "image_48": "https:\/\/a.slack-edge.com\/66f9\/img\/services\/rss_48.png",
            "image_72": "https:\/\/a.slack-edge.com\/205a\/img\/services\/rss_72.png"
        },
        "bot_id": "BG3N7LG73",
        "attachments": [
            {
                "service_name": "Qiita",
                "title": "LP公開のためのインフラをTerraform + AWSでささっと？構築する（ソース付き） - Qiita",
                "title_link": "https:\/\/qiita.com\/yktakaha4\/items\/bc26c38baea56f244c19",
                "text": "# はじめに 独立起業している知人（建築系なので、以下:male-construction-worker:）から、自社で直接仕事の依頼を受けるためのランディングページを作りたい...:fire:という相談を受けました [MVP](<https:\/\/uxmilk.jp\/65654>)の考え...",
                "fallback": "Qiita: LP公開のためのインフラをTerraform + AWSでささっと？構築する（ソース付き） - Qiita",
                "thumb_url": "https:\/\/cdn.qiita.com\/assets\/qiita-fb-2887e7b4aad86fd8c25cea84846f2236.png",
                "from_url": "https:\/\/qiita.com\/yktakaha4\/items\/bc26c38baea56f244c19",
                "thumb_width": 200,
                "thumb_height": 200,
                "service_icon": "https:\/\/cdn.qiita.com\/assets\/favicons\/public\/apple-touch-icon-f9a6afad761ec2306e10db2736187c8b.png",
                "id": 1,
                "original_url": "https:\/\/qiita.com\/yktakaha4\/items\/bc26c38baea56f244c19"
            },
            {
                "service_name": "Qiita",
                "title": "プログラマの技術情報共有サービス - Qiita",
                "title_link": "https:\/\/qiita.com\/#%E3%81%AF%E3%81%98%E3%82%81%E3%81%AB",
                "text": "Qiitaは、プログラマのための技術情報共有サービスです。 プログラミングに関するTips、ノウハウ、メモを簡単に記録 &amp; 公開することができます。",
                "fallback": "Qiita: プログラマの技術情報共有サービス - Qiita",
                "thumb_url": "https:\/\/cdn.qiita.com\/assets\/qiita-fb-2887e7b4aad86fd8c25cea84846f2236.png",
                "from_url": "https:\/\/qiita.com\/#%E3%81%AF%E3%81%98%E3%82%81%E3%81%AB",
                "thumb_width": 200,
                "thumb_height": 200,
                "service_icon": "https:\/\/cdn.qiita.com\/assets\/favicons\/public\/apple-touch-icon-f9a6afad761ec2306e10db2736187c8b.png",
                "id": 2,
                "original_url": "https:\/\/qiita.com\/#%E3%81%AF%E3%81%98%E3%82%81%E3%81%AB"
            },
            {
                "service_name": "UX MILK",
                "title": "MVP（Minimum Viable Product）とは？実践するメリットと検証方法",
                "title_link": "https:\/\/uxmilk.jp\/65654",
                "text": "MVP（実用最小限の製品： minimum viable product）という考え方が広まったのは少し前のことです。MVPはFrank Robinson氏によ…",
                "fallback": "UX MILK: MVP（Minimum Viable Product）とは？実践するメリットと検証方法",
                "image_url": "https:\/\/data.uxmilk.jp\/wp-content\/uploads\/2017\/06\/21.png",
                "from_url": "https:\/\/uxmilk.jp\/65654",
                "image_width": 389,
                "image_height": 250,
                "image_bytes": 225653,
                "service_icon": "https:\/\/uxmilk.jp\/favicon.ico",
                "id": 3,
                "original_url": "https:\/\/uxmilk.jp\/65654"
            },
            {
                "service_name": "PORTFOLIO by amanaimages [ポートフォリオ]",
                "title": "マーケター必見！3分でLPを作って公開出来るInstapageが高機能すぎる",
                "title_link": "https:\/\/portfolio-ai.com\/instapage_introduce",
                "text": "最近、多くの企業でデジタルマーケティングを社内運用するというケースも増えているのではないでしょうか。そして、そんな運用体制の場合、ランディングページ（LP）を毎回デザイナーに依頼して制作していたり、A\/Bテストしていると、時間とコストがかか",
                "fallback": "PORTFOLIO by amanaimages [ポートフォリオ]: マーケター必見！3分でLPを作って公開出来るInstapageが高機能すぎる",
                "image_url": "https:\/\/portfolio-ai.com\/wp-content\/uploads\/2017\/04\/instapage_eyecatch.jpg",
                "from_url": "https:\/\/portfolio-ai.com\/instapage_introduce",
                "image_width": 375,
                "image_height": 250,
                "image_bytes": 455855,
                "service_icon": "https:\/\/portfolio-ai.com\/wp-content\/uploads\/2019\/02\/cropped-portfolio-favucib-512-180x180.png",
                "id": 4,
                "original_url": "https:\/\/portfolio-ai.com\/instapage_introduce"
            }
        ]
    },
    {
        "type": "message",
        "subtype": "bot_message",
        "text": "<https:\/\/www.reddit.com\/r\/Terraform\/comments\/cdid5w\/enable_ignore_http_4xx_in_elasticbeanstalk_via\/|Enable \"Ignore HTTP 4xx\" in ElasticBeanstalk via Terraform>\nHi all, has anybody an example how I can enable the \"Ignore HTTP 4xx\" option in an EB environment? Something like this in my module.   setting {\n namespace = \"aws:elasticbeanstalk:healthreporting:system\"  name = \"Health monitoring rule customization\"\n value = true\n }  But this throws an error. Any hint is appreciated Thanks!    submitted by   <https:\/\/www.reddit.com\/user\/MadIzac| \/u\/MadIzac > \n&lt;a...",
        "ts": "1563203205.004400",
        "username": "Terraform ALL the Worlds!",
        "icons": {
            "image_48": "https:\/\/s3-us-west-2.amazonaws.com\/slack-files2\/bot_icons\/2019-02-12\/548785199618_48.png"
        },
        "bot_id": "BG3N7LG73",
        "attachments": [
            {
                "service_name": "reddit",
                "title": "r\/Terraform - Enable \"Ignore HTTP 4xx\" in ElasticBeanstalk via Terraform",
                "title_link": "https:\/\/www.reddit.com\/r\/Terraform\/comments\/cdid5w\/enable_ignore_http_4xx_in_elasticbeanstalk_via\/",
                "text": "0 votes and 0 comments so far on Reddit",
                "fallback": "reddit: r\/Terraform - Enable \"Ignore HTTP 4xx\" in ElasticBeanstalk via Terraform",
                "from_url": "https:\/\/www.reddit.com\/r\/Terraform\/comments\/cdid5w\/enable_ignore_http_4xx_in_elasticbeanstalk_via\/",
                "service_icon": "https:\/\/www.redditstatic.com\/desktop2x\/img\/favicon\/apple-icon-57x57.png",
                "id": 1,
                "original_url": "https:\/\/www.reddit.com\/r\/Terraform\/comments\/cdid5w\/enable_ignore_http_4xx_in_elasticbeanstalk_via\/"
            },
            {
                "service_name": "reddit",
                "title": "MadIzac (u\/MadIzac) - Reddit",
                "title_link": "https:\/\/www.reddit.com\/user\/MadIzac",
                "text": "u\/MadIzac:",
                "fallback": "reddit: MadIzac (u\/MadIzac) - Reddit",
                "thumb_url": "https:\/\/www.redditstatic.com\/avatars\/avatar_default_05_0079D3.png",
                "from_url": "https:\/\/www.reddit.com\/user\/MadIzac",
                "thumb_width": 256,
                "thumb_height": 256,
                "service_icon": "https:\/\/www.redditstatic.com\/desktop2x\/img\/favicon\/apple-icon-57x57.png",
                "id": 2,
                "original_url": "https:\/\/www.reddit.com\/user\/MadIzac"
            }
        ]
    },
    {
        "type": "message",
        "subtype": "bot_message",
        "text": "<https:\/\/www.reddit.com\/r\/Terraform\/comments\/cdjy7e\/easiest_deployment_for_delegating_to_others\/|Easiest deployment for delegating to others?>\nHi all, I'd like to build some foundational templates for my customers utilizing Azure and AWS (but have no standard deployment model). Can someone help me understand what opportunities and\/or strategies exist for delegating the deployment of these templates to staff not super comfortable with coding and\/or CLI per say? Is that just a hurdle that's unavoidable? Can I front these templates so that parameters and such can be defined using a GUI like when you import an ARM template through the...",
        "ts": "1563209812.004600",
        "username": "Terraform ALL the Worlds!",
        "icons": {
            "image_48": "https:\/\/s3-us-west-2.amazonaws.com\/slack-files2\/bot_icons\/2019-02-12\/548785199618_48.png"
        },
        "bot_id": "BG3N7LG73",
        "attachments": [
            {
                "service_name": "reddit",
                "title": "r\/Terraform - Easiest deployment for delegating to others?",
                "title_link": "https:\/\/www.reddit.com\/r\/Terraform\/comments\/cdjy7e\/easiest_deployment_for_delegating_to_others\/",
                "text": "0 votes and 0 comments so far on Reddit",
                "fallback": "reddit: r\/Terraform - Easiest deployment for delegating to others?",
                "from_url": "https:\/\/www.reddit.com\/r\/Terraform\/comments\/cdjy7e\/easiest_deployment_for_delegating_to_others\/",
                "service_icon": "https:\/\/www.redditstatic.com\/desktop2x\/img\/favicon\/apple-icon-57x57.png",
                "id": 1,
                "original_url": "https:\/\/www.reddit.com\/r\/Terraform\/comments\/cdjy7e\/easiest_deployment_for_delegating_to_others\/"
            }
        ]
    },
    {
        "type": "message",
        "subtype": "bot_message",
        "text": "<https:\/\/qiita.com\/naomichi-y\/items\/4501331d114b4ef9d584|Terraform設計・運用のノウハウ>\n<https:\/\/qiita.com\/#%E6%A6%82%E8%A6%81>概要\n\n<https:\/\/www.terraform.io\/|Terraform>を使い始めて一年ほど経ったので、設計や運用上のノウハウを公開していこうと思います。\n基本的にAWSを使うことが多いので、AWS寄りの話になります。\n\n\n<https:\/\/qiita.com\/#%E8%A8%AD%E8%A8%88%E7%B7%A8>設計編\n\n\n<https:\/\/qiita.com\/#%E5%88%A9%E7%94%A8%E5%8F%AF%E8%83%BD%E3%81%AA%E3%83%97%E3%83%AD%E3%83%90%E3%82%A4%E3%83%80%E3%82%92%E8%AA%BF%E3%81%B9%E3%82%8B>利用可能なプロバイダを調べる...",
        "ts": "1563218505.004800",
        "username": "Terraformタグが付けられた新着記事 - Qiita",
        "icons": {
            "image_36": "https:\/\/a.slack-edge.com\/66f9\/img\/services\/rss_36.png",
            "image_48": "https:\/\/a.slack-edge.com\/66f9\/img\/services\/rss_48.png",
            "image_72": "https:\/\/a.slack-edge.com\/205a\/img\/services\/rss_72.png"
        },
        "bot_id": "BG3N7LG73",
        "attachments": [
            {
                "service_name": "Qiita",
                "title": "Terraform設計・運用のノウハウ  - Qiita",
                "title_link": "https:\/\/qiita.com\/naomichi-y\/items\/4501331d114b4ef9d584",
                "text": "# 概要 [Terraform](<https:\/\/www.terraform.io\/>)を使い始めて一年ほど経ったので、設計や運用上のノウハウを公開していこうと思います。 基本的にAWSを使うことが多いので、AWS寄りの話になります。...",
                "fallback": "Qiita: Terraform設計・運用のノウハウ  - Qiita",
                "thumb_url": "https:\/\/cdn.qiita.com\/assets\/qiita-fb-2887e7b4aad86fd8c25cea84846f2236.png",
                "from_url": "https:\/\/qiita.com\/naomichi-y\/items\/4501331d114b4ef9d584",
                "thumb_width": 200,
                "thumb_height": 200,
                "service_icon": "https:\/\/cdn.qiita.com\/assets\/favicons\/public\/apple-touch-icon-f9a6afad761ec2306e10db2736187c8b.png",
                "id": 1,
                "original_url": "https:\/\/qiita.com\/naomichi-y\/items\/4501331d114b4ef9d584"
            },
            {
                "service_name": "Qiita",
                "title": "プログラマの技術情報共有サービス - Qiita",
                "title_link": "https:\/\/qiita.com\/#%E6%A6%82%E8%A6%81",
                "text": "Qiitaは、プログラマのための技術情報共有サービスです。 プログラミングに関するTips、ノウハウ、メモを簡単に記録 &amp; 公開することができます。",
                "fallback": "Qiita: プログラマの技術情報共有サービス - Qiita",
                "thumb_url": "https:\/\/cdn.qiita.com\/assets\/qiita-fb-2887e7b4aad86fd8c25cea84846f2236.png",
                "from_url": "https:\/\/qiita.com\/#%E6%A6%82%E8%A6%81",
                "thumb_width": 200,
                "thumb_height": 200,
                "service_icon": "https:\/\/cdn.qiita.com\/assets\/favicons\/public\/apple-touch-icon-f9a6afad761ec2306e10db2736187c8b.png",
                "id": 2,
                "original_url": "https:\/\/qiita.com\/#%E6%A6%82%E8%A6%81"
            },
            {
                "title": "Terraform by HashiCorp",
                "title_link": "https:\/\/www.terraform.io\/",
                "text": "Terraform enables you to safely and predictably create, change, and improve infrastructure. It is an open source tool that codifies APIs into declarative configuration files that can be shared amongst team members, treated as code, edited, reviewed, and versioned.",
                "fallback": "Terraform by HashiCorp",
                "image_url": "https:\/\/www.terraform.io\/assets\/images\/og-image-large-e60c82fe.png",
                "from_url": "https:\/\/www.terraform.io\/",
                "image_width": 476,
                "image_height": 250,
                "image_bytes": 11094,
                "service_icon": "https:\/\/www.terraform.io\/assets\/images\/favicons\/apple-touch-icon-13180a24.png",
                "service_name": "terraform.io",
                "id": 3,
                "original_url": "https:\/\/www.terraform.io\/"
            },
            {
                "service_name": "Qiita",
                "title": "プログラマの技術情報共有サービス - Qiita",
                "title_link": "https:\/\/qiita.com\/#%E8%A8%AD%E8%A8%88%E7%B7%A8",
                "text": "Qiitaは、プログラマのための技術情報共有サービスです。 プログラミングに関するTips、ノウハウ、メモを簡単に記録 &amp; 公開することができます。",
                "fallback": "Qiita: プログラマの技術情報共有サービス - Qiita",
                "thumb_url": "https:\/\/cdn.qiita.com\/assets\/qiita-fb-2887e7b4aad86fd8c25cea84846f2236.png",
                "from_url": "https:\/\/qiita.com\/#%E8%A8%AD%E8%A8%88%E7%B7%A8",
                "thumb_width": 200,
                "thumb_height": 200,
                "service_icon": "https:\/\/cdn.qiita.com\/assets\/favicons\/public\/apple-touch-icon-f9a6afad761ec2306e10db2736187c8b.png",
                "id": 4,
                "original_url": "https:\/\/qiita.com\/#%E8%A8%AD%E8%A8%88%E7%B7%A8"
            },
            {
                "service_name": "Qiita",
                "title": "プログラマの技術情報共有サービス - Qiita",
                "title_link": "https:\/\/qiita.com\/#%E5%88%A9%E7%94%A8%E5%8F%AF%E8%83%BD%E3%81%AA%E3%83%97%E3%83%AD%E3%83%90%E3%82%A4%E3%83%80%E3%82%92%E8%AA%BF%E3%81%B9%E3%82%8B",
                "text": "Qiitaは、プログラマのための技術情報共有サービスです。 プログラミングに関するTips、ノウハウ、メモを簡単に記録 &amp; 公開することができます。",
                "fallback": "Qiita: プログラマの技術情報共有サービス - Qiita",
                "thumb_url": "https:\/\/cdn.qiita.com\/assets\/qiita-fb-2887e7b4aad86fd8c25cea84846f2236.png",
                "from_url": "https:\/\/qiita.com\/#%E5%88%A9%E7%94%A8%E5%8F%AF%E8%83%BD%E3%81%AA%E3%83%97%E3%83%AD%E3%83%90%E3%82%A4%E3%83%80%E3%82%92%E8%AA%BF%E3%81%B9%E3%82%8B",
                "thumb_width": 200,
                "thumb_height": 200,
                "service_icon": "https:\/\/cdn.qiita.com\/assets\/favicons\/public\/apple-touch-icon-f9a6afad761ec2306e10db2736187c8b.png",
                "id": 5,
                "original_url": "https:\/\/qiita.com\/#%E5%88%A9%E7%94%A8%E5%8F%AF%E8%83%BD%E3%81%AA%E3%83%97%E3%83%AD%E3%83%90%E3%82%A4%E3%83%80%E3%82%92%E8%AA%BF%E3%81%B9%E3%82%8B"
            }
        ]
    }
]