[
    {
        "type": "message",
        "subtype": "bot_message",
        "text": "<https:\/\/www.reddit.com\/r\/Terraform\/comments\/cho8hl\/vsphere_soap_client\/|vSphere SOAP Client>\nI am having some troubles authenticating API calls into my vSphere environment. To make calls I have my vmware-api-session-id but I don't know at what point to include that. I know my credentials are valid as well. <https:\/\/pastebin.com\/GiGCLSPu|https:\/\/pastebin.com\/GiGCLSPu> I have redacted specific data, such as auth creds Here is my specific error: ​ Error: error setting up new vSphere SOAP client: ServerFaultCode: Cannot complete login due to an incorrect user name or...",
        "ts": "1564064203.003000",
        "username": "Terraform ALL the Worlds!",
        "icons": {
            "image_48": "https:\/\/s3-us-west-2.amazonaws.com\/slack-files2\/bot_icons\/2019-02-12\/548785199618_48.png"
        },
        "bot_id": "BG3N7LG73",
        "attachments": [
            {
                "service_name": "reddit",
                "title": "r\/Terraform - vSphere SOAP Client",
                "title_link": "https:\/\/www.reddit.com\/r\/Terraform\/comments\/cho8hl\/vsphere_soap_client\/",
                "text": "0 votes and 0 comments so far on Reddit",
                "fallback": "reddit: r\/Terraform - vSphere SOAP Client",
                "thumb_url": "https:\/\/external-preview.redd.it\/rc2Fna9bJ_J6PFVDuZUOKJl5CH9700Qyi0-ll1mn4C4.jpg?auto=webp&s=e28867cccd2864fc170848b64bc44e6a778116b9",
                "from_url": "https:\/\/www.reddit.com\/r\/Terraform\/comments\/cho8hl\/vsphere_soap_client\/",
                "thumb_width": 250,
                "thumb_height": 250,
                "service_icon": "https:\/\/www.redditstatic.com\/desktop2x\/img\/favicon\/apple-icon-57x57.png",
                "id": 1,
                "original_url": "https:\/\/www.reddit.com\/r\/Terraform\/comments\/cho8hl\/vsphere_soap_client\/"
            },
            {
                "service_name": "Pastebin",
                "title": "# Setup provider and login  provider \"vsphere\" {    user           = \"\"    passw - Pastebin.com",
                "title_link": "https:\/\/pastebin.com\/GiGCLSPu",
                "fallback": "Pastebin: # Setup provider and login  provider \"vsphere\" {    user           = \"\"    passw - Pastebin.com",
                "image_url": "https:\/\/pastebin.com\/i\/facebook.png",
                "from_url": "https:\/\/pastebin.com\/GiGCLSPu",
                "image_width": 250,
                "image_height": 250,
                "image_bytes": 19206,
                "service_icon": "https:\/\/pastebin.com\/favicon.ico",
                "id": 2,
                "original_url": "https:\/\/pastebin.com\/GiGCLSPu"
            }
        ]
    },
    {
        "type": "message",
        "subtype": "bot_message",
        "text": "<https:\/\/www.reddit.com\/r\/Terraform\/comments\/chpo0x\/how_would_i_get_a_flat_list_of_urls_from_this_map\/|How would I get a flat list of \"urls\" from this map of maps?>\nlocals { services = { kb = { port = 8000 urls = [ \"api.kb.${var.subdomain}\", \"api.etl.${var.subdomain}\", \"etl.${var.subdomain}\" ] } pds = { port = 8001 urls = [ \"pds.${var.subdomain}\" ] } prelude = { port = 8002 urls = [ \"uploads.${var.subdomain}\" ] } } }  Given a map of maps like the above example, how would one go about getting a flat list that looks like the following: [ \"api.kb.${var.subdomain}\", \"api.etl.${var.subdomain}\", \"etl.${var.subdomain}\", \"pds.${var.subdomain}\",...",
        "ts": "1564071099.003200",
        "username": "Terraform ALL the Worlds!",
        "icons": {
            "image_48": "https:\/\/s3-us-west-2.amazonaws.com\/slack-files2\/bot_icons\/2019-02-12\/548785199618_48.png"
        },
        "bot_id": "BG3N7LG73",
        "attachments": [
            {
                "service_name": "reddit",
                "title": "r\/Terraform - How would I get a flat list of \"urls\" from this map of maps?",
                "title_link": "https:\/\/www.reddit.com\/r\/Terraform\/comments\/chpo0x\/how_would_i_get_a_flat_list_of_urls_from_this_map\/",
                "text": "0 votes and 0 comments so far on Reddit",
                "fallback": "reddit: r\/Terraform - How would I get a flat list of \"urls\" from this map of maps?",
                "from_url": "https:\/\/www.reddit.com\/r\/Terraform\/comments\/chpo0x\/how_would_i_get_a_flat_list_of_urls_from_this_map\/",
                "service_icon": "https:\/\/www.redditstatic.com\/desktop2x\/img\/favicon\/apple-icon-57x57.png",
                "id": 1,
                "original_url": "https:\/\/www.reddit.com\/r\/Terraform\/comments\/chpo0x\/how_would_i_get_a_flat_list_of_urls_from_this_map\/"
            }
        ]
    },
    {
        "type": "message",
        "subtype": "bot_message",
        "text": "<https:\/\/qiita.com\/aromanokarisu\/items\/42e48c2fc6379517c031|ゼロから始める！AWSアカウント作成からTerraformでEC2インスタンスを立てるまでハンズオン>\n<https:\/\/qiita.com\/#%E5%89%8D%E6%8F%90>前提\n\nAWSとTerraformについて、ぐぐって 概要 が だいたい わかる程度の人が対象です\nbrewを使うのでmac前提です...。読み替えて頂ければ、windowsでも実現可能かと思われます\nTerraformを今日初めて触ったので勢いでやってる部分があります。誤りやアドバイスあればぜひコメントください！\n免責事項としてまして、この記事に書いてあることを実施したことで「大量の課金請求が来た！」など、あらゆる問題については責任を負いかねますので、全て自己責任で実施をお願いいたします！\n\n\n<https:\/\/qiita.com\/#%E3%81%93%E3%81%93%E3%81%A7%E3%82%84%E3%82%8B%E3%81%93%E3%81%A8>ここでやること\n\nAWSのアカウントを作成して、AWS上で開発用ユーザを作成\n開発用ユーザを用いて、TerraformでEC2インスタンスを作成\nさぁ、やってみよう！\n\n\n&lt;a...",
        "ts": "1564085208.003400",
        "username": "Terraformタグが付けられた新着記事 - Qiita",
        "icons": {
            "image_36": "https:\/\/a.slack-edge.com\/66f9\/img\/services\/rss_36.png",
            "image_48": "https:\/\/a.slack-edge.com\/66f9\/img\/services\/rss_48.png",
            "image_72": "https:\/\/a.slack-edge.com\/205a\/img\/services\/rss_72.png"
        },
        "bot_id": "BG3N7LG73",
        "attachments": [
            {
                "service_name": "Qiita",
                "title": "プログラマの技術情報共有サービス - Qiita",
                "title_link": "https:\/\/qiita.com\/#%E5%89%8D%E6%8F%90",
                "text": "Qiitaは、プログラマのための技術情報共有サービスです。 プログラミングに関するTips、ノウハウ、メモを簡単に記録 &amp; 公開することができます。",
                "fallback": "Qiita: プログラマの技術情報共有サービス - Qiita",
                "thumb_url": "https:\/\/cdn.qiita.com\/assets\/qiita-fb-2887e7b4aad86fd8c25cea84846f2236.png",
                "from_url": "https:\/\/qiita.com\/#%E5%89%8D%E6%8F%90",
                "thumb_width": 200,
                "thumb_height": 200,
                "service_icon": "https:\/\/cdn.qiita.com\/assets\/favicons\/public\/apple-touch-icon-f9a6afad761ec2306e10db2736187c8b.png",
                "id": 1,
                "original_url": "https:\/\/qiita.com\/#%E5%89%8D%E6%8F%90"
            },
            {
                "service_name": "Qiita",
                "title": "プログラマの技術情報共有サービス - Qiita",
                "title_link": "https:\/\/qiita.com\/#%E3%81%93%E3%81%93%E3%81%A7%E3%82%84%E3%82%8B%E3%81%93%E3%81%A8",
                "text": "Qiitaは、プログラマのための技術情報共有サービスです。 プログラミングに関するTips、ノウハウ、メモを簡単に記録 &amp; 公開することができます。",
                "fallback": "Qiita: プログラマの技術情報共有サービス - Qiita",
                "thumb_url": "https:\/\/cdn.qiita.com\/assets\/qiita-fb-2887e7b4aad86fd8c25cea84846f2236.png",
                "from_url": "https:\/\/qiita.com\/#%E3%81%93%E3%81%93%E3%81%A7%E3%82%84%E3%82%8B%E3%81%93%E3%81%A8",
                "thumb_width": 200,
                "thumb_height": 200,
                "service_icon": "https:\/\/cdn.qiita.com\/assets\/favicons\/public\/apple-touch-icon-f9a6afad761ec2306e10db2736187c8b.png",
                "id": 2,
                "original_url": "https:\/\/qiita.com\/#%E3%81%93%E3%81%93%E3%81%A7%E3%82%84%E3%82%8B%E3%81%93%E3%81%A8"
            }
        ]
    }
]