[
    {
        "type": "message",
        "subtype": "bot_message",
        "text": "<https:\/\/www.reddit.com\/r\/Terraform\/comments\/ccb13e\/terraform_running_python_scripts_and_orchestration\/|Terraform running python scripts and orchestration>\nShould I use terraforms ability to do local exec or data source to trigger the python scripts to prepare my release pipelines or should I use an orchestration tool for this?    submitted by   <https:\/\/www.reddit.com\/user\/rifaterdemsahin| \/u\/rifaterdemsahin > \n<https:\/\/www.reddit.com\/r\/Terraform\/comments\/ccb13e\/terraform_running_python_scripts_and_orchestration\/|[link]>   &lt;a...",
        "ts": "1562940111.003300",
        "username": "Terraform ALL the Worlds!",
        "icons": {
            "image_48": "https:\/\/s3-us-west-2.amazonaws.com\/slack-files2\/bot_icons\/2019-02-12\/548785199618_48.png"
        },
        "bot_id": "BG3N7LG73",
        "attachments": [
            {
                "service_name": "reddit",
                "title": "r\/Terraform - Terraform running python scripts and orchestration",
                "title_link": "https:\/\/www.reddit.com\/r\/Terraform\/comments\/ccb13e\/terraform_running_python_scripts_and_orchestration\/",
                "text": "0 votes and 0 comments so far on Reddit",
                "fallback": "reddit: r\/Terraform - Terraform running python scripts and orchestration",
                "from_url": "https:\/\/www.reddit.com\/r\/Terraform\/comments\/ccb13e\/terraform_running_python_scripts_and_orchestration\/",
                "service_icon": "https:\/\/www.redditstatic.com\/desktop2x\/img\/favicon\/apple-icon-57x57.png",
                "id": 1,
                "original_url": "https:\/\/www.reddit.com\/r\/Terraform\/comments\/ccb13e\/terraform_running_python_scripts_and_orchestration\/"
            }
        ]
    }
]