[
    {
        "user": "UGYQ72T0V",
        "type": "message",
        "subtype": "channel_join",
        "ts": "1557911973.063200",
        "text": "<@UGYQ72T0V>さんがチャンネルに参加しました"
    },
    {
        "client_msg_id": "80893d6b-9e2e-4dcd-aa77-97a4cb6da291",
        "type": "message",
        "text": "reddit に流れてきたこれ気になるけど、graph を処理してるだけだったら使えないなーと思って二の足を踏んでいる\n<https:\/\/codeherent.tech\/home>",
        "user": "UFU0BKD8F",
        "ts": "1557939079.064300"
    },
    {
        "client_msg_id": "c0f7d3f7-109b-43d9-b629-bc4afd882bfb",
        "type": "message",
        "text": "てゆうか、terraform graph の dot 出力って、module 使うと悲惨なことになるので信用してない",
        "user": "UFU0BKD8F",
        "ts": "1557939118.065000"
    },
    {
        "user": "UHS4SFFA7",
        "type": "message",
        "subtype": "channel_join",
        "ts": "1557968504.065200",
        "text": "<@UHS4SFFA7>さんがチャンネルに参加しました"
    }
]