[
    {
        "user": "UGXFY0V88",
        "type": "message",
        "subtype": "channel_join",
        "ts": "1557834092.050800",
        "text": "<@UGXFY0V88>さんがチャンネルに参加しました"
    },
    {
        "user": "UGY5WMTHR",
        "type": "message",
        "subtype": "channel_join",
        "ts": "1557878290.051100",
        "text": "<@UGY5WMTHR>さんがチャンネルに参加しました"
    },
    {
        "user": "UHWNF64MC",
        "type": "message",
        "subtype": "channel_join",
        "ts": "1557881334.051300",
        "text": "<@UHWNF64MC>さんがチャンネルに参加しました"
    },
    {
        "client_msg_id": "e47714f0-441c-4d0b-8291-42a609a6922b",
        "type": "message",
        "text": "<https:\/\/github.com\/dmlittle\/scenery>",
        "user": "UGY9BJ1NF",
        "ts": "1557884920.051500",
        "attachments": [
            {
                "fallback": "dmlittle\/scenery",
                "text": "A Terraform plan output prettifier",
                "title": "dmlittle\/scenery",
                "footer": "<https:\/\/github.com\/dmlittle\/scenery|dmlittle\/scenery>",
                "id": 1,
                "ts": 1547338396,
                "color": "24292f",
                "fields": [
                    {
                        "title": "Stars",
                        "value": "195",
                        "short": true
                    },
                    {
                        "title": "Language",
                        "value": "Go",
                        "short": true
                    }
                ],
                "mrkdwn_in": [
                    "text",
                    "fields"
                ],
                "bot_id": "BH12QQBB4",
                "app_unfurl_url": "https:\/\/github.com\/dmlittle\/scenery",
                "is_app_unfurl": true
            }
        ]
    },
    {
        "client_msg_id": "f7cc6dd2-ff62-4f3d-a7d4-6017ea839eb0",
        "type": "message",
        "text": "plan実行時にみやすくなった！",
        "user": "UGY9BJ1NF",
        "ts": "1557884934.051900"
    },
    {
        "client_msg_id": "90d2d5e9-fa40-4b11-902d-177543a0ea15",
        "type": "message",
        "text": "ちょっとしたことをあげてみましたw",
        "user": "UGY9BJ1NF",
        "ts": "1557884953.052300"
    },
    {
        "client_msg_id": "cc9fbcfc-e01c-4afa-8931-452637444a84",
        "type": "message",
        "text": "いいですね。lamdscapeとの違いはなんだろう。。。",
        "user": "UFU0BKD8F",
        "ts": "1557885692.052600"
    },
    {
        "client_msg_id": "9b187792-f01e-4475-9d93-a67d4e141358",
        "type": "message",
        "text": "lamdscape知らなかったです！\nたしかに似てますね。。ruby と go の違いw\nちょっと試してみます",
        "user": "UGY9BJ1NF",
        "ts": "1557886503.053300"
    },
    {
        "client_msg_id": "71f2070d-6dcc-499e-95fc-e56e9bf664a9",
        "type": "message",
        "text": "リポジトリの説明のところにもあるけどlandscapeのインスパイアみたいなので、\n何かしらlandscapeより勝ったところがあるんじゃないかと期待しています",
        "user": "UFU0BKD8F",
        "ts": "1557886594.054300"
    },
    {
        "client_msg_id": "dea9ed42-326a-4edb-9145-a6ba8f18b398",
        "type": "message",
        "text": "実行してみましたが、違いが色味ぐらいしかわからないですねw",
        "user": "UGY9BJ1NF",
        "ts": "1557886837.054800"
    },
    {
        "client_msg_id": "53fba862-665b-4ed6-be0c-6c760da08dd3",
        "type": "message",
        "text": "wwww",
        "user": "UG46Z57TN",
        "ts": "1557886850.055000"
    },
    {
        "client_msg_id": "679d6676-5941-49c7-8ecb-06ab2dd87fe3",
        "type": "message",
        "text": "なるほど。ありがとうございます。",
        "user": "UFU0BKD8F",
        "ts": "1557886907.056100"
    },
    {
        "client_msg_id": "ba503355-6276-43cb-af60-71e7bd13deb3",
        "type": "message",
        "text": "landscapeとsceneryのぱっと見ではわからない差分と、\n今後のv0.12対応らへんが争点になるかな。。。\nrubyとかのLLで書いてあるほうが細かい対応しやすいかもだけど\nterraformと同じgoで書かれているなら自前でコード書かなくても\n本家のコードをimportすれば済んじゃうsceneryのほうが早いかも？",
        "user": "UFU0BKD8F",
        "ts": "1557887168.059600"
    },
    {
        "client_msg_id": "185abe44-a2f2-4b08-9c35-8499c8a0f8ed",
        "type": "message",
        "text": "と思ったけどGoで書いてるってだけでスクラッチか。。。",
        "user": "UFU0BKD8F",
        "ts": "1557887377.060200"
    },
    {
        "client_msg_id": "30668142-9bc7-41a5-b6a1-b81d349b3e7d",
        "type": "message",
        "text": "せめてmitchellh\/cliとかterraform\/helper\/loggingとかは同じの使ってくれれば読みやすいのに。。。",
        "user": "UFU0BKD8F",
        "ts": "1557887448.061000"
    },
    {
        "client_msg_id": "165aedff-28b4-44d6-bc93-299bfcd68044",
        "type": "message",
        "text": "terraformの内部コードを流用するつもりはゼロらしい。。。",
        "user": "UFU0BKD8F",
        "ts": "1557887502.061800"
    },
    {
        "client_msg_id": "c0ae52a1-effd-4380-9ff3-821eb22209d5",
        "type": "message",
        "text": "AWS の CloudFront の作成待ちをしなくていいフラグがあることに今さっき気が付いた。\n<https:\/\/www.terraform.io\/docs\/providers\/aws\/r\/cloudfront_distribution.html#wait_for_deployment>",
        "user": "UFU0BKD8F",
        "ts": "1557893976.062900",
        "attachments": [
            {
                "service_name": "Terraform by HashiCorp",
                "title": "AWS: cloudfront_distribution - Terraform by HashiCorp",
                "title_link": "https:\/\/www.terraform.io\/docs\/providers\/aws\/r\/cloudfront_distribution.html#wait_for_deployment",
                "text": "Provides a CloudFront web distribution resource.",
                "fallback": "Terraform by HashiCorp: AWS: cloudfront_distribution - Terraform by HashiCorp",
                "thumb_url": "https:\/\/www.terraform.io\/assets\/images\/og-image-8b3e4f7d.png",
                "from_url": "https:\/\/www.terraform.io\/docs\/providers\/aws\/r\/cloudfront_distribution.html#wait_for_deployment",
                "thumb_width": 712,
                "thumb_height": 712,
                "service_icon": "https:\/\/www.terraform.io\/assets\/images\/favicons\/apple-touch-icon-13180a24.png",
                "id": 1,
                "original_url": "https:\/\/www.terraform.io\/docs\/providers\/aws\/r\/cloudfront_distribution.html#wait_for_deployment"
            }
        ]
    }
]