[
    {
        "type": "message",
        "text": "<@UG46Z57TN> お申し込みサイト上にも追記させていただきました。御礼申し上げます。",
        "files": [
            {
                "id": "F02CF9Z74KD",
                "created": 1629975763,
                "timestamp": 1629975763,
                "name": "image.png",
                "title": "image.png",
                "mimetype": "image\/png",
                "filetype": "png",
                "pretty_type": "PNG",
                "user": "U02CYMZSKGQ",
                "editable": false,
                "size": 109793,
                "mode": "hosted",
                "is_external": false,
                "external_type": "",
                "is_public": true,
                "public_url_shared": false,
                "display_as_bot": false,
                "username": "",
                "url_private": "https:\/\/files.slack.com\/files-pri\/TFU0BKCQP-F02CF9Z74KD\/image.png?t=xoxe-538011658839-2487203877312-2448859781575-376c1873391cba44f4c8762831b18706",
                "url_private_download": "https:\/\/files.slack.com\/files-pri\/TFU0BKCQP-F02CF9Z74KD\/download\/image.png?t=xoxe-538011658839-2487203877312-2448859781575-376c1873391cba44f4c8762831b18706",
                "thumb_64": "https:\/\/files.slack.com\/files-tmb\/TFU0BKCQP-F02CF9Z74KD-9aca8de02c\/image_64.png?t=xoxe-538011658839-2487203877312-2448859781575-376c1873391cba44f4c8762831b18706",
                "thumb_80": "https:\/\/files.slack.com\/files-tmb\/TFU0BKCQP-F02CF9Z74KD-9aca8de02c\/image_80.png?t=xoxe-538011658839-2487203877312-2448859781575-376c1873391cba44f4c8762831b18706",
                "thumb_360": "https:\/\/files.slack.com\/files-tmb\/TFU0BKCQP-F02CF9Z74KD-9aca8de02c\/image_360.png?t=xoxe-538011658839-2487203877312-2448859781575-376c1873391cba44f4c8762831b18706",
                "thumb_360_w": 360,
                "thumb_360_h": 295,
                "thumb_480": "https:\/\/files.slack.com\/files-tmb\/TFU0BKCQP-F02CF9Z74KD-9aca8de02c\/image_480.png?t=xoxe-538011658839-2487203877312-2448859781575-376c1873391cba44f4c8762831b18706",
                "thumb_480_w": 480,
                "thumb_480_h": 393,
                "thumb_160": "https:\/\/files.slack.com\/files-tmb\/TFU0BKCQP-F02CF9Z74KD-9aca8de02c\/image_160.png?t=xoxe-538011658839-2487203877312-2448859781575-376c1873391cba44f4c8762831b18706",
                "thumb_720": "https:\/\/files.slack.com\/files-tmb\/TFU0BKCQP-F02CF9Z74KD-9aca8de02c\/image_720.png?t=xoxe-538011658839-2487203877312-2448859781575-376c1873391cba44f4c8762831b18706",
                "thumb_720_w": 720,
                "thumb_720_h": 590,
                "thumb_800": "https:\/\/files.slack.com\/files-tmb\/TFU0BKCQP-F02CF9Z74KD-9aca8de02c\/image_800.png?t=xoxe-538011658839-2487203877312-2448859781575-376c1873391cba44f4c8762831b18706",
                "thumb_800_w": 800,
                "thumb_800_h": 655,
                "original_w": 872,
                "original_h": 714,
                "thumb_tiny": "AwAnADDPTy9p3Z3ZpxMPOAevFNRcrnB\/75zTgoA5H\/jpoAaTHtOAc9qZUpxjhR\/3zTcDPT9KAGUVJjcD8oHuAaRhgdP0oAEBK8Z\/I0c+mfwNIrYHTP40b+en60AKB2x+hpQuT7fQ03dx0\/Wl8zj7o\/M0AKwx\/jg0jKcZ7D2pN\/XK5\/GkZs9OB6ZoAmhlREw3XPpUn2iL0qpRVqbSsTyonllRoyF6\/SoKKKmUm9xpWCiiikM\/\/9k=",
                "permalink": "https:\/\/terraform-jp.slack.com\/files\/U02CYMZSKGQ\/F02CF9Z74KD\/image.png",
                "permalink_public": "https:\/\/slack-files.com\/TFU0BKCQP-F02CF9Z74KD-88ad69129c",
                "is_starred": false,
                "has_rich_preview": false
            }
        ],
        "upload": false,
        "blocks": [
            {
                "type": "rich_text",
                "block_id": "\/l3An",
                "elements": [
                    {
                        "type": "rich_text_section",
                        "elements": [
                            {
                                "type": "user",
                                "user_id": "UG46Z57TN"
                            },
                            {
                                "type": "text",
                                "text": " お申し込みサイト上にも追記させていただきました。御礼申し上げます。"
                            }
                        ]
                    }
                ]
            }
        ],
        "user": "U02CYMZSKGQ",
        "display_as_bot": false,
        "ts": "1629975797.001900",
        "thread_ts": "1629868538.001500",
        "parent_user_id": "U02CYMZSKGQ",
        "reactions": [
            {
                "name": "+1",
                "users": [
                    "UG46Z57TN"
                ],
                "count": 1
            },
            {
                "name": "pray",
                "users": [
                    "UG46Z57TN"
                ],
                "count": 1
            }
        ]
    }
]