[
    {
        "type": "message",
        "text": "HashiCorpの河野です。当日のご登壇ご応募つきましては、<http:\/\/hashi.co\/hashitalksjapan|hashi.co\/hashitalksjapan> ページ中段の \"CFPの送信\" ボタンからご応募をお願い申し上げます。ページ上段の \" 参加登録 \" ボタンは イベントのご参加登録のみとなります。ご登壇をご希望で \"参加登録 \" ボタンからお申し込みされた際は、お手数をお掛けし恐縮でございますが、 \"CFPの送信 \" ボタンからご応募をいただければと存じます。何卒よろしくお願い申し上げます。",
        "files": [
            {
                "id": "F02CS9C4NQ3",
                "created": 1630318987,
                "timestamp": 1630318987,
                "name": "image.png",
                "title": "image.png",
                "mimetype": "image\/png",
                "filetype": "png",
                "pretty_type": "PNG",
                "user": "U02CYMZSKGQ",
                "editable": false,
                "size": 110830,
                "mode": "hosted",
                "is_external": false,
                "external_type": "",
                "is_public": true,
                "public_url_shared": false,
                "display_as_bot": false,
                "username": "",
                "url_private": "https:\/\/files.slack.com\/files-pri\/TFU0BKCQP-F02CS9C4NQ3\/image.png?t=xoxe-538011658839-2487203877312-2448859781575-376c1873391cba44f4c8762831b18706",
                "url_private_download": "https:\/\/files.slack.com\/files-pri\/TFU0BKCQP-F02CS9C4NQ3\/download\/image.png?t=xoxe-538011658839-2487203877312-2448859781575-376c1873391cba44f4c8762831b18706",
                "thumb_64": "https:\/\/files.slack.com\/files-tmb\/TFU0BKCQP-F02CS9C4NQ3-a4cdc7d9b2\/image_64.png?t=xoxe-538011658839-2487203877312-2448859781575-376c1873391cba44f4c8762831b18706",
                "thumb_80": "https:\/\/files.slack.com\/files-tmb\/TFU0BKCQP-F02CS9C4NQ3-a4cdc7d9b2\/image_80.png?t=xoxe-538011658839-2487203877312-2448859781575-376c1873391cba44f4c8762831b18706",
                "thumb_360": "https:\/\/files.slack.com\/files-tmb\/TFU0BKCQP-F02CS9C4NQ3-a4cdc7d9b2\/image_360.png?t=xoxe-538011658839-2487203877312-2448859781575-376c1873391cba44f4c8762831b18706",
                "thumb_360_w": 360,
                "thumb_360_h": 274,
                "thumb_480": "https:\/\/files.slack.com\/files-tmb\/TFU0BKCQP-F02CS9C4NQ3-a4cdc7d9b2\/image_480.png?t=xoxe-538011658839-2487203877312-2448859781575-376c1873391cba44f4c8762831b18706",
                "thumb_480_w": 480,
                "thumb_480_h": 366,
                "thumb_160": "https:\/\/files.slack.com\/files-tmb\/TFU0BKCQP-F02CS9C4NQ3-a4cdc7d9b2\/image_160.png?t=xoxe-538011658839-2487203877312-2448859781575-376c1873391cba44f4c8762831b18706",
                "thumb_720": "https:\/\/files.slack.com\/files-tmb\/TFU0BKCQP-F02CS9C4NQ3-a4cdc7d9b2\/image_720.png?t=xoxe-538011658839-2487203877312-2448859781575-376c1873391cba44f4c8762831b18706",
                "thumb_720_w": 720,
                "thumb_720_h": 549,
                "thumb_800": "https:\/\/files.slack.com\/files-tmb\/TFU0BKCQP-F02CS9C4NQ3-a4cdc7d9b2\/image_800.png?t=xoxe-538011658839-2487203877312-2448859781575-376c1873391cba44f4c8762831b18706",
                "thumb_800_w": 800,
                "thumb_800_h": 610,
                "original_w": 908,
                "original_h": 692,
                "thumb_tiny": "AwAkADCiskYC5jyR196TemB8g4oAG0c\/+PUpYAY5\/wC+qAGMwIGFAxTakLH1\/WgNjoefrQBHRUvXGSM\/Wo2OT1zQA8D5RyPzpPx\/WnLHKVG3OD70eVN\/k0+V9hXQg9z+tKAAOT\/49TXDoRuJ9uaaXY9WP50thj+45\/WmMMHqD9KN7f3jSUASrO6gAY4pftMntUNFVzMVkOkkL4zjj0ptFFJu4wooopAf\/9k=",
                "permalink": "https:\/\/terraform-jp.slack.com\/files\/U02CYMZSKGQ\/F02CS9C4NQ3\/image.png",
                "permalink_public": "https:\/\/slack-files.com\/TFU0BKCQP-F02CS9C4NQ3-0ffe0968b7",
                "is_starred": false,
                "has_rich_preview": false
            }
        ],
        "upload": false,
        "blocks": [
            {
                "type": "rich_text",
                "block_id": "0mHxW",
                "elements": [
                    {
                        "type": "rich_text_section",
                        "elements": [
                            {
                                "type": "text",
                                "text": "HashiCorpの河野です。当日のご登壇ご応募つきましては、"
                            },
                            {
                                "type": "link",
                                "url": "http:\/\/hashi.co\/hashitalksjapan",
                                "text": "hashi.co\/hashitalksjapan"
                            },
                            {
                                "type": "text",
                                "text": " ページ中段の \"CFPの送信\" ボタンからご応募をお願い申し上げます。ページ上段の \" 参加登録 \" ボタンは イベントのご参加登録のみとなります。ご登壇をご希望で \"参加登録 \" ボタンからお申し込みされた際は、お手数をお掛けし恐縮でございますが、 \"CFPの送信 \" ボタンからご応募をいただければと存じます。何卒よろしくお願い申し上げます。"
                            }
                        ]
                    }
                ]
            }
        ],
        "user": "U02CYMZSKGQ",
        "display_as_bot": false,
        "ts": "1630319257.006100",
        "reactions": [
            {
                "name": "+1",
                "users": [
                    "UL0PQ9UKT",
                    "U02D4NMPQ9X",
                    "UG46Z57TN",
                    "UMSFZUAUS",
                    "U02C2B3FDCN",
                    "U01DX2J904V",
                    "U01AEH6SRL2",
                    "U02DVGVAY9X"
                ],
                "count": 8
            }
        ]
    }
]