[
    {
        "client_msg_id": "A140706A-0F5F-4369-B7AC-88498EE5B7E9",
        "type": "message",
        "text": "誰とは言わないけど、コミュニティのミートアップで長々と自社の宣伝してくる人もいるので、それは勘弁してほしさがある",
        "user": "UGY5WMTHR",
        "ts": "1565573794.032700",
        "team": "TFU0BKCQP",
        "user_team": "TFU0BKCQP",
        "source_team": "TFU0BKCQP",
        "user_profile": {
            "avatar_hash": "gd22fcf5773b",
            "image_72": "https:\/\/secure.gravatar.com\/avatar\/ad22fcf5773b906c08330f4d57242212.jpg?s=72&d=https%3A%2F%2Fa.slack-edge.com%2Fdf10d%2Fimg%2Favatars%2Fava_0021-72.png",
            "first_name": "",
            "real_name": "inductor",
            "display_name": "inductor",
            "team": "TFU0BKCQP",
            "name": "kela",
            "is_restricted": false,
            "is_ultra_restricted": false
        }
    },
    {
        "client_msg_id": "f240fb6f-4383-4230-bb76-110b86187968",
        "type": "message",
        "text": "内容と枠にもよるね。",
        "user": "UFU0BKD8F",
        "ts": "1565582525.034400",
        "team": "TFU0BKCQP",
        "user_team": "TFU0BKCQP",
        "source_team": "TFU0BKCQP",
        "user_profile": {
            "avatar_hash": "92c41c62c7b0",
            "image_72": "https:\/\/avatars.slack-edge.com\/2019-01-30\/537137791812_92c41c62c7b0f054d3dd_72.jpg",
            "first_name": "らき",
            "real_name": "らき",
            "display_name": "raki",
            "team": "TFU0BKCQP",
            "name": "nishimuray",
            "is_restricted": false,
            "is_ultra_restricted": false
        },
        "reactions": [
            {
                "name": "sorena",
                "users": [
                    "UGYQ72T0V"
                ],
                "count": 1
            }
        ]
    }
]