[
    {
        "client_msg_id": "b52f6fee-c80b-409e-b64f-766606c38a1a",
        "type": "message",
        "text": "今200っぽい。",
        "user": "UFU0BKD8F",
        "ts": "1564823175.013500",
        "team": "TFU0BKCQP",
        "user_team": "TFU0BKCQP",
        "source_team": "TFU0BKCQP",
        "user_profile": {
            "avatar_hash": "92c41c62c7b0",
            "image_72": "https:\/\/avatars.slack-edge.com\/2019-01-30\/537137791812_92c41c62c7b0f054d3dd_72.jpg",
            "first_name": "らき",
            "real_name": "らき",
            "display_name": "raki",
            "team": "TFU0BKCQP",
            "name": "nishimuray",
            "is_restricted": false,
            "is_ultra_restricted": false
        },
        "reactions": [
            {
                "name": "tada",
                "users": [
                    "UHS4SFFA7",
                    "UFTKSQ25T",
                    "UJ0HPTBD2",
                    "UGXFY0V88"
                ],
                "count": 4
            }
        ]
    }
]