[
    {
        "type": "message",
        "subtype": "bot_message",
        "text": "<https:\/\/www.reddit.com\/r\/Terraform\/comments\/odlb5a\/how_to_add_attribute_from_module_with_for_each_to\/|How to add attribute from module with for_each to null_resource trigger?>\nOn a module with for_each that creates many modules, how can I get a value out of all of the module items to use in a null_resource (<https:\/\/www.terraform.io\/docs\/language\/resources\/provisioners\/null_resource.html|https:\/\/www.terraform.io\/docs\/language\/resources\/provisioners\/null_resource.html>) that I can use to run a provisioner when any of those modules change? module \"mod\" { for_each { \"first\" = \"first\" \"second\" = \"second\" } attr = \"value\" } null_resource \"res\" { triggers = {...",
        "ts": "1625408799.086900",
        "username": "Terraform",
        "icons": {
            "image_48": "https:\/\/s3-us-west-2.amazonaws.com\/slack-files2\/bot_icons\/2019-02-12\/548785199618_48.png"
        },
        "bot_id": "BG3N7LG73",
        "attachments": [
            {
                "service_name": "reddit",
                "title": "How to add attribute from module with for_each to null_resource trigger?",
                "title_link": "https:\/\/www.reddit.com\/r\/Terraform\/comments\/odlb5a\/how_to_add_attribute_from_module_with_for_each_to\/",
                "text": "On a module with for_each that creates many modules, how can I get a value out of all of the module items to use in a null_resource...",
                "fallback": "reddit: How to add attribute from module with for_each to null_resource trigger?",
                "thumb_url": "https:\/\/www.redditstatic.com\/new-icon.png",
                "from_url": "https:\/\/www.reddit.com\/r\/Terraform\/comments\/odlb5a\/how_to_add_attribute_from_module_with_for_each_to\/",
                "thumb_width": 256,
                "thumb_height": 256,
                "service_icon": "http:\/\/www.redditstatic.com\/desktop2x\/img\/favicon\/apple-icon-57x57.png",
                "id": 1,
                "original_url": "https:\/\/www.reddit.com\/r\/Terraform\/comments\/odlb5a\/how_to_add_attribute_from_module_with_for_each_to\/"
            },
            {
                "service_name": "Terraform by HashiCorp",
                "title": "Provisioners Without a Resource - Terraform by HashiCorp",
                "title_link": "https:\/\/www.terraform.io\/docs\/language\/resources\/provisioners\/null_resource.html",
                "text": "The `null_resource` is a resource allows you to configure provisioners that are not directly associated with a single existing resource.",
                "fallback": "Terraform by HashiCorp: Provisioners Without a Resource - Terraform by HashiCorp",
                "thumb_url": "https:\/\/www.terraform.io\/assets\/images\/og-image-8b3e4f7d.png",
                "from_url": "https:\/\/www.terraform.io\/docs\/language\/resources\/provisioners\/null_resource.html",
                "thumb_width": 712,
                "thumb_height": 712,
                "service_icon": "https:\/\/www.terraform.io\/assets\/images\/favicons\/apple-touch-icon-5c2d0048.png",
                "id": 2,
                "original_url": "https:\/\/www.terraform.io\/docs\/language\/resources\/provisioners\/null_resource.html"
            }
        ],
        "edited": {
            "user": "BG3N7LG73",
            "ts": "1625408800.000000"
        }
    },
    {
        "type": "message",
        "subtype": "bot_message",
        "text": "<https:\/\/www.reddit.com\/r\/Terraform\/comments\/oe06w1\/gcp_load_balancer_backend_service\/|GCP Load Balancer Backend Service>\nHello, I am trying to create a regional backend service for use with a load balancer on GCP. The resource looked relatively straightforward, but when I tried it out: ``` resource \"google_compute_region_backend_service\" \"service\" { count = length(var.regions) load_balancing_scheme = \"EXTERNAL\" backend { group = google_compute_region_instance_group_manager.appserver[count.index].instance_group balancing_mode = \"UTILIZATION\" capacity_scaler = 1.0 max_utilization = 0.8 } region =...",
        "ts": "1625462197.087100",
        "username": "Terraform",
        "icons": {
            "image_48": "https:\/\/s3-us-west-2.amazonaws.com\/slack-files2\/bot_icons\/2019-02-12\/548785199618_48.png"
        },
        "bot_id": "BG3N7LG73",
        "attachments": [
            {
                "service_name": "reddit",
                "title": "GCP Load Balancer Backend Service",
                "title_link": "https:\/\/www.reddit.com\/r\/Terraform\/comments\/oe06w1\/gcp_load_balancer_backend_service\/",
                "text": "Hello, I am trying to create a regional backend service for use with a load balancer on GCP. The resource looked relatively straightforward, but...",
                "fallback": "reddit: GCP Load Balancer Backend Service",
                "thumb_url": "https:\/\/www.redditstatic.com\/new-icon.png",
                "from_url": "https:\/\/www.reddit.com\/r\/Terraform\/comments\/oe06w1\/gcp_load_balancer_backend_service\/",
                "thumb_width": 256,
                "thumb_height": 256,
                "service_icon": "http:\/\/www.redditstatic.com\/desktop2x\/img\/favicon\/apple-icon-57x57.png",
                "id": 1,
                "original_url": "https:\/\/www.reddit.com\/r\/Terraform\/comments\/oe06w1\/gcp_load_balancer_backend_service\/"
            }
        ],
        "edited": {
            "user": "BG3N7LG73",
            "ts": "1625462197.000000"
        }
    }
]