[
    {
        "type": "message",
        "subtype": "bot_message",
        "text": "",
        "ts": "1636311592.001500",
        "bot_id": "BG2UDF0NA",
        "attachments": [
            {
                "fallback": "terraform-aws-modules\/terraform-aws-rds on GitHub\nv3.4.1v3.4.1 \nrelease note: <https:\/\/newreleases.io\/github\/terraform-aws-modules\/terraform-aws-rds?version=v3.4.1>",
                "text": "*v3.4.1* `v3.4.1` \n```\n---------------------------------------------------------------------------------------------------------\n3.4.1 ( <https:\/\/github.com\/terraform-aws-modules\/terraform-aws-rds\/compare\/v3.4.0...v3.4.1> ) (2021-11-07)\n---------------------------------------------------------------------------------------------------------\n\nBug Fixes\n---------\n\n* update CI\/CD process to use composite actions and auto-release workflow ( #361 ( <https:\/\/github.com\/terraform-aws-modules\/terraform-aws-rds\/issues\/361> ) ) ( 123ea2a ( <https:\/\/github.com\/terraform-aws-modules\/terraform-aws-rds\/commit\/123ea2a136c913de0588d4820b291eb4d1d74d61> ) )\n```\n<https:\/\/newreleases.io\/github\/terraform-aws-modules\/terraform-aws-rds?version=v3.4.1|release note...>",
                "title": "terraform-aws-modules\/terraform-aws-rds on GitHub",
                "id": 1,
                "title_link": "https:\/\/newreleases.io\/github\/terraform-aws-modules\/terraform-aws-rds",
                "mrkdwn_in": [
                    "text"
                ]
            }
        ]
    }
]