[
    {
        "client_msg_id": "41243fc2-016f-4098-9bf7-a52fd82da71c",
        "type": "message",
        "text": "<https:\/\/hashicorp.connpass.com\/event\/167424\/>",
        "user": "UFU0BKD8F",
        "ts": "1581490668.000700",
        "team": "TFU0BKCQP",
        "user_team": "TFU0BKCQP",
        "source_team": "TFU0BKCQP",
        "user_profile": {
            "avatar_hash": "92c41c62c7b0",
            "image_72": "https:\/\/avatars.slack-edge.com\/2019-01-30\/537137791812_92c41c62c7b0f054d3dd_72.jpg",
            "first_name": "らき",
            "real_name": "らき",
            "display_name": "raki",
            "team": "TFU0BKCQP",
            "name": "nishimuray",
            "is_restricted": false,
            "is_ultra_restricted": false
        },
        "attachments": [
            {
                "service_name": "connpass",
                "title": "HashiCorp Consul &amp; Nomad ハンズオンワークショップ (2020\/03\/04 10:30〜)",
                "title_link": "https:\/\/hashicorp.connpass.com\/event\/167424\/",
                "text": "# HashiCorp Consul &amp; Nomad ハンズオンワークショップ この度はHashiCorpの6つのプロダクトのうち最近注目度が上がっているConsul + Nomadの1日ハンズオンを実施することとなりました。 以下、開催概要となります。 ## 対象者 * ConsulもしくはNomadに興味があったが初めて触る方 * 触ったことがあるがより体系的に学びたい方 * 開発や運用の責任者でハンズオンを通じて機能だけでなくバリューもしっかりと理解したい方 ## 場所 カサレアル泉岳寺トレーニングセンター 〒108-0073 東京都港区三田三丁目11番2...",
                "fallback": "connpass: HashiCorp Consul &amp; Nomad ハンズオンワークショップ (2020\/03\/04 10:30〜)",
                "image_url": "https:\/\/connpass-tokyo.s3.amazonaws.com\/thumbs\/7a\/df\/7adf0e86a96d7f1c0ffcbb60701cc8bb.png",
                "from_url": "https:\/\/hashicorp.connpass.com\/event\/167424\/",
                "image_width": 466,
                "image_height": 115,
                "image_bytes": 16988,
                "service_icon": "https:\/\/connpass.com\/static\/img\/apple_touch_icon.png",
                "id": 1,
                "original_url": "https:\/\/hashicorp.connpass.com\/event\/167424\/"
            }
        ],
        "blocks": [
            {
                "type": "rich_text",
                "block_id": "O7r",
                "elements": [
                    {
                        "type": "rich_text_section",
                        "elements": [
                            {
                                "type": "link",
                                "url": "https:\/\/hashicorp.connpass.com\/event\/167424\/"
                            }
                        ]
                    }
                ]
            }
        ]
    }
]