[
    {
        "client_msg_id": "b8ef5224-4988-440c-a89f-af30cfca6396",
        "type": "message",
        "text": "みなさん初めまして、SIer でインフラエンジニアしてます、原と申します。\n以下のような状況で困っています。\n「ウチではこうやってるよ！」という知見があれば、教えてください:bow:\n\n*▼ 質問*\nローカルPC上では、 `credential.json` ファイルを参照し、\n`apply` 実行サーバ上では、IAM ロール権限を利用する方法（コードの書き方）\n\n*▼ 状況*\n・GCP です\n・ローカルPCでは、provider や backend において `credential.json` を参照させて、 `plan` 実行してます\n・ `plan` 良しなに通ったものを Git リポジトリ上にコミットしてます\n・Jenkins に IAM ロールで権限を与え、 `apply` 実行させます、その時、 `credentials = \"~\"` が邪魔になって実行できません\n・ `credentials = \"~\"` を削除すると、Jenkins、問題なく `apply` 実行できます",
        "user": "UGW0ABZLG",
        "ts": "1556165228.062100",
        "edited": {
            "user": "UGW0ABZLG",
            "ts": "1556165319.000000"
        }
    },
    {
        "client_msg_id": "16e3ebc9-6ee5-4eb4-b784-3d8441c2c9c0",
        "type": "message",
        "text": "ファイル名のとこにパスを入れていることで動かないんだけど？って理解でいいです？\n```\nprovider \"google\" {\n  credentials = \"${file(\"~\/credential.json\")}\"\n}\n```\nこんな感じで書いてるからjenkinsからやりにくいって話だと？\n```\nprovider \"google\" {\n    credentials = \"${file(var.credentials)}\"\n}\n```\nこんな感じでファイル名を var にしてしまって、実行時に与える（ローカル用のパスをデフォルトに入れておいて\njenkinsから実行する時に環境変数とかで与える）ようにしたらどうでしょう？",
        "user": "UFU0BKD8F",
        "ts": "1556167070.065500",
        "reactions": [
            {
                "name": "smiley",
                "users": [
                    "UGW0ABZLG"
                ],
                "count": 1
            }
        ]
    },
    {
        "client_msg_id": "5b302f28-41b0-4d49-8d16-9ef706c20000",
        "type": "message",
        "text": "ちなみに他のやり方ってゆうか、みんなドキュメントの方式のいずれかしかとってないんじゃないかなって。。。。\n<https:\/\/www.terraform.io\/docs\/providers\/google\/provider_reference.html>",
        "user": "UFU0BKD8F",
        "ts": "1556167283.066100",
        "attachments": [
            {
                "service_name": "Terraform by HashiCorp",
                "title": "Google Provider Configuration Reference - Terraform by HashiCorp",
                "title_link": "https:\/\/www.terraform.io\/docs\/providers\/google\/provider_reference.html",
                "text": "Configuration reference for the Google provider for Terraform.",
                "fallback": "Terraform by HashiCorp: Google Provider Configuration Reference - Terraform by HashiCorp",
                "thumb_url": "https:\/\/www.terraform.io\/assets\/images\/og-image-8b3e4f7d.png",
                "from_url": "https:\/\/www.terraform.io\/docs\/providers\/google\/provider_reference.html",
                "thumb_width": 712,
                "thumb_height": 712,
                "service_icon": "https:\/\/www.terraform.io\/assets\/images\/favicons\/apple-touch-icon-13180a24.png",
                "id": 1,
                "original_url": "https:\/\/www.terraform.io\/docs\/providers\/google\/provider_reference.html"
            }
        ],
        "reactions": [
            {
                "name": "thinking_face",
                "users": [
                    "UGW0ABZLG"
                ],
                "count": 1
            }
        ]
    },
    {
        "client_msg_id": "ab0aca10-11c6-4adb-b036-2ba6a720e076",
        "type": "message",
        "text": "ちなみに↑の変数にしてCIでは環境変数渡しは弊社でやってます。",
        "user": "UFU0BKD8F",
        "ts": "1556167418.067000",
        "thread_ts": "1556167418.067000",
        "reply_count": 1,
        "reply_users_count": 1,
        "latest_reply": "1556168087.067300",
        "reply_users": [
            "UGW0ABZLG"
        ],
        "replies": [
            {
                "user": "UGW0ABZLG",
                "ts": "1556168087.067300"
            }
        ],
        "reactions": [
            {
                "name": "naruhodo",
                "users": [
                    "UGW0ABZLG"
                ],
                "count": 1
            }
        ]
    },
    {
        "client_msg_id": "e77acb78-c960-4e3a-b3fb-7acfaf4d60d4",
        "type": "message",
        "text": "なるほど:bulb:\nありがとうございます！\nちょっとトライしてみます！:parrot:",
        "user": "UGW0ABZLG",
        "ts": "1556168087.067300",
        "thread_ts": "1556167418.067000",
        "parent_user_id": "UFU0BKD8F"
    }
]