[
    {
        "client_msg_id": "ec3e3a9a-4507-4181-9858-476ea865f99b",
        "type": "message",
        "text": "みなさんterraform workspaceって使ってますか？\n個人的につかっているterraformでは使っておらず、環境単位でディレクトリを切ってます",
        "user": "UGYK9KX4M",
        "ts": "1554371317.001500",
        "thread_ts": "1554371317.001500",
        "reply_count": 8,
        "reply_users_count": 6,
        "latest_reply": "1554432600.005500",
        "reply_users": [
            "UG46Z57TN",
            "UFU0BKD8F",
            "UGYK9KX4M",
            "UGY5WMTHR",
            "UGTNGDPUJ",
            "UGFSM002K"
        ],
        "replies": [
            {
                "user": "UG46Z57TN",
                "ts": "1554371579.001600"
            },
            {
                "user": "UFU0BKD8F",
                "ts": "1554371720.001800"
            },
            {
                "user": "UGYK9KX4M",
                "ts": "1554372168.002000"
            },
            {
                "user": "UGY5WMTHR",
                "ts": "1554374432.002200"
            },
            {
                "user": "UG46Z57TN",
                "ts": "1554374480.002800"
            },
            {
                "user": "UGTNGDPUJ",
                "ts": "1554381202.003900"
            },
            {
                "user": "UGYK9KX4M",
                "ts": "1554426714.004100"
            },
            {
                "user": "UGFSM002K",
                "ts": "1554432600.005500"
            }
        ]
    },
    {
        "client_msg_id": "d56f7766-7377-4e97-83f2-7c3c06b43986",
        "type": "message",
        "text": "使ってないですね。同じく環境単位でディレクトリ切ってます。",
        "user": "UG46Z57TN",
        "ts": "1554371579.001600",
        "thread_ts": "1554371317.001500",
        "parent_user_id": "UGYK9KX4M"
    },
    {
        "client_msg_id": "28b2f225-ba16-4175-8d70-b8101c313ae2",
        "type": "message",
        "text": "うちもディレクトリ分けしてます。\nworkspaceとかenvとか考えた人は環境差が少ないシステムを作ってるか実運用には携わらない人だと思うって考えてるくらいには憎いｗ",
        "user": "UFU0BKD8F",
        "ts": "1554371720.001800",
        "thread_ts": "1554371317.001500",
        "parent_user_id": "UGYK9KX4M"
    },
    {
        "client_msg_id": "86fa33ce-94dd-4dbb-bc90-827a98661a83",
        "type": "message",
        "text": "ww\n実はworkspaceについてあまりいい話を聞いたことがなくて..",
        "user": "UGYK9KX4M",
        "ts": "1554372168.002000",
        "thread_ts": "1554371317.001500",
        "parent_user_id": "UGYK9KX4M"
    },
    {
        "client_msg_id": "da682a24-c687-4cde-9758-5de0a11531e0",
        "type": "message",
        "text": "Workspaceを使うとtfstateが分けれられるっていうのは便利っちゃ便利ですね。",
        "user": "UGY5WMTHR",
        "ts": "1554374432.002200",
        "thread_ts": "1554371317.001500",
        "parent_user_id": "UGYK9KX4M"
    },
    {
        "client_msg_id": "68C6EC33-53D6-4157-B531-76FCAFE76C15",
        "type": "message",
        "text": "tfstateもわけてるな。ディレクトリわけた上で",
        "user": "UG46Z57TN",
        "ts": "1554374480.002800",
        "thread_ts": "1554371317.001500",
        "parent_user_id": "UGYK9KX4M"
    },
    {
        "client_msg_id": "906C732D-64F0-4F35-8A24-2693F0B9ACB6",
        "type": "message",
        "text": "うちもworkspace使わずに環境ごとにディレクトリ切ってtfstateも分けてます",
        "user": "UGTNGDPUJ",
        "ts": "1554381202.003900",
        "thread_ts": "1554371317.001500",
        "parent_user_id": "UGYK9KX4M"
    },
    {
        "client_msg_id": "1a55647f-8c82-46ee-8362-831b31d36dc0",
        "type": "message",
        "text": "ディレクトリ単位でtfstate分けてworkspaceは使わないパターンが多いのですねー\nまったく一緒だ",
        "user": "UGYK9KX4M",
        "ts": "1554426714.004100",
        "thread_ts": "1554371317.001500",
        "parent_user_id": "UGYK9KX4M"
    },
    {
        "client_msg_id": "04AD6B7E-12ED-4123-A3BE-9450BC619E11",
        "type": "message",
        "text": "おお。使わないのが筋がよいんですかね。\n普通に使ってました…",
        "user": "UGFSM002K",
        "ts": "1554432600.005500",
        "thread_ts": "1554371317.001500",
        "parent_user_id": "UGYK9KX4M"
    }
]