[
    {
        "client_msg_id": "48706d01-c8b1-4f7f-b458-b3bca39216ab",
        "type": "message",
        "text": "<@UFT60TQCQ> 頼まれてもないのにアレだけど、NAT GW が理解できてないっぽい？線おかしいです。。。",
        "user": "UFU0BKD8F",
        "ts": "1554734312.019600"
    },
    {
        "client_msg_id": "3e9516a4-88eb-410f-8840-bfcdb735a7c0",
        "type": "message",
        "text": "正しい図\n<https:\/\/docs.aws.amazon.com\/ja_jp\/vpc\/latest\/userguide\/vpc-nat-gateway.html>",
        "user": "UFU0BKD8F",
        "ts": "1554734329.019900",
        "attachments": [
            {
                "title": "NAT ゲートウェイ - Amazon Virtual Private Cloud",
                "title_link": "https:\/\/docs.aws.amazon.com\/ja_jp\/vpc\/latest\/userguide\/vpc-nat-gateway.html",
                "text": "パブリック VPC サブネットで NAT ゲートウェイを使用して、プライベートサブネットのインスタンスからのアウトバウンドインターネットトラフィックを有効にします。",
                "fallback": "NAT ゲートウェイ - Amazon Virtual Private Cloud",
                "from_url": "https:\/\/docs.aws.amazon.com\/ja_jp\/vpc\/latest\/userguide\/vpc-nat-gateway.html",
                "service_icon": "https:\/\/docs.aws.amazon.com\/images\/favicon.ico",
                "service_name": "docs.aws.amazon.com",
                "id": 1,
                "original_url": "https:\/\/docs.aws.amazon.com\/ja_jp\/vpc\/latest\/userguide\/vpc-nat-gateway.html"
            }
        ]
    },
    {
        "client_msg_id": "c25d865f-4f8f-4bb5-94e1-9419fd4c6f44",
        "type": "message",
        "text": "Private Subnetのインスタンスは（デフォルトのSGのおかげで）Publicに置いてあるNAT GWにルーティングされて、\nNAT GW がPublic SubnetのルーターでInternet GWにルーティングされるおかげで外に出れるのです。\nリポジトリで掲載している図ではNATGWが外に出ていくような感じですが、そういう繋がり方はしてないのです。。。",
        "user": "UFU0BKD8F",
        "ts": "1554734680.024500"
    },
    {
        "client_msg_id": "60AD0F8D-7014-4FC1-86BC-0A7C4028770B",
        "type": "message",
        "text": "確かに。ありがとうございます。直します。",
        "user": "UFT60TQCQ",
        "ts": "1554734824.025300",
        "reactions": [
            {
                "name": "+1",
                "users": [
                    "UFU0BKD8F"
                ],
                "count": 1
            }
        ]
    }
]