[
    {
        "type": "message",
        "subtype": "bot_message",
        "text": "<https:\/\/dev.classmethod.jp\/etc\/terraform_registry_module\/|Terraform RegistryのModuleを使ってAWSリソースを作成してみた>\nはじめに 新オフィスからこんにちは、コンサル部の島川です。 突然ですが、Terraform Module使ってますか？作ったことありますか？ Terraform Moduleとは Terraform RegistryのM […]",
        "ts": "1580977261.015700",
        "username": "Terraform – Developers.IO",
        "icons": {
            "image_36": "https:\/\/a.slack-edge.com\/80588\/img\/services\/rss_36.png",
            "image_48": "https:\/\/a.slack-edge.com\/80588\/img\/services\/rss_48.png",
            "image_72": "https:\/\/a.slack-edge.com\/80588\/img\/services\/rss_72.png"
        },
        "bot_id": "BG3N7LG73",
        "attachments": [
            {
                "service_name": "Developers.IO | クラスメソッド発「やってみた」系技術メディア",
                "title": "Terraform RegistryのModuleを使ってAWSリソースを作成してみた | Developers.IO",
                "title_link": "https:\/\/dev.classmethod.jp\/etc\/terraform_registry_module\/",
                "text": "はじめに 新オフィスからこんにちは、コンサル部の島川です。 突然ですが、Terraform Module使ってますか？作ったことありますか？ Terraform Moduleとは Terraform RegistryのM […]",
                "fallback": "Developers.IO | クラスメソッド発「やってみた」系技術メディア: Terraform RegistryのModuleを使ってAWSリソースを作成してみた | Developers.IO",
                "image_url": "https:\/\/cdn-ssl-devio-img.classmethod.jp\/wp-content\/uploads\/2019\/05\/terraform-eyecatch.png",
                "from_url": "https:\/\/dev.classmethod.jp\/etc\/terraform_registry_module\/",
                "image_width": 476,
                "image_height": 250,
                "image_bytes": 9824,
                "service_icon": "https:\/\/cdn-ssl-devio-img.classmethod.jp\/wp-content\/uploads\/2017\/07\/icatch2017.png",
                "id": 1,
                "original_url": "https:\/\/dev.classmethod.jp\/etc\/terraform_registry_module\/"
            }
        ],
        "edited": {
            "user": "BG3N7LG73",
            "ts": "1580977263.000000"
        }
    },
    {
        "type": "message",
        "subtype": "bot_message",
        "text": "<https:\/\/www.reddit.com\/r\/Terraform\/comments\/ezqb22\/how_can_you_create_an_empty_dynamic_block\/|(How) can you create an 'empty' dynamic block?>\nSpecifically I'm using the Google provider. I have a module that creates subnets in a VPC based on config, like this: resource \"google_compute_subnetwork\" \"subnet\" { for_each = var.subnets project = google_project.project.project_id network = google_compute_network.vpc.self_link name = each.value.name region = each.value.region ip_cidr_range = each.value.cidr dynamic \"secondary_ip_range\" { iterator = range for_each = each.value.secondary_ips content { range_name = range.key ip_cidr_range =...",
        "ts": "1580984215.015900",
        "username": "Terraform ALL the Worlds!",
        "icons": {
            "image_48": "https:\/\/s3-us-west-2.amazonaws.com\/slack-files2\/bot_icons\/2019-02-12\/548785199618_48.png"
        },
        "bot_id": "BG3N7LG73",
        "attachments": [
            {
                "service_name": "reddit",
                "title": "(How) can you create an 'empty' dynamic block?",
                "title_link": "https:\/\/www.reddit.com\/r\/Terraform\/comments\/ezqb22\/how_can_you_create_an_empty_dynamic_block\/",
                "text": "Specifically I'm using the Google provider. I have a module that creates subnets in a VPC based on config, like this: resource...",
                "fallback": "reddit: (How) can you create an 'empty' dynamic block?",
                "thumb_url": "https:\/\/www.redditstatic.com\/new-icon.png",
                "from_url": "https:\/\/www.reddit.com\/r\/Terraform\/comments\/ezqb22\/how_can_you_create_an_empty_dynamic_block\/",
                "thumb_width": 256,
                "thumb_height": 256,
                "service_icon": "http:\/\/www.redditstatic.com\/desktop2x\/img\/favicon\/apple-icon-57x57.png",
                "id": 1,
                "original_url": "https:\/\/www.reddit.com\/r\/Terraform\/comments\/ezqb22\/how_can_you_create_an_empty_dynamic_block\/"
            }
        ],
        "edited": {
            "user": "BG3N7LG73",
            "ts": "1580984215.000000"
        }
    },
    {
        "type": "message",
        "subtype": "bot_message",
        "text": "<https:\/\/www.reddit.com\/r\/Terraform\/comments\/ezuqto\/enumerate_lots_of_data_sources\/|Enumerate lots of data sources>\nI have a load of DNS zone (around 400) I've got a script that creates the zones and reads these and the records being created from files. It isn't very nice that you need to use the ZoneID in AWS Terraform when creating records. Instead I thought I'd use a data source and then allow the domain\/zone name to be used. e.g.  data \"aws_route53_zone\" \"main\" {\nname = \"<http:\/\/dailliebluebird.com|dailliebluebird.com>\"\nprivate_zone = false\n}\nresource \"aws_route53_record\" \"test\" {\nzone_id = data.aws_route53_zone.main.id\nname =...",
        "ts": "1581007019.016100",
        "username": "Terraform ALL the Worlds!",
        "icons": {
            "image_48": "https:\/\/s3-us-west-2.amazonaws.com\/slack-files2\/bot_icons\/2019-02-12\/548785199618_48.png"
        },
        "bot_id": "BG3N7LG73",
        "attachments": [
            {
                "service_name": "reddit",
                "title": "Enumerate lots of data sources",
                "title_link": "https:\/\/www.reddit.com\/r\/Terraform\/comments\/ezuqto\/enumerate_lots_of_data_sources\/",
                "text": "I have a load of DNS zone (around 400) I've got a script that creates the zones and reads these and the records being created from files. It...",
                "fallback": "reddit: Enumerate lots of data sources",
                "thumb_url": "https:\/\/www.redditstatic.com\/new-icon.png",
                "from_url": "https:\/\/www.reddit.com\/r\/Terraform\/comments\/ezuqto\/enumerate_lots_of_data_sources\/",
                "thumb_width": 256,
                "thumb_height": 256,
                "service_icon": "http:\/\/www.redditstatic.com\/desktop2x\/img\/favicon\/apple-icon-57x57.png",
                "id": 1,
                "original_url": "https:\/\/www.reddit.com\/r\/Terraform\/comments\/ezuqto\/enumerate_lots_of_data_sources\/"
            }
        ],
        "edited": {
            "user": "BG3N7LG73",
            "ts": "1581007019.000000"
        }
    },
    {
        "type": "message",
        "subtype": "bot_message",
        "text": "<https:\/\/www.reddit.com\/r\/Terraform\/comments\/ezwofc\/how_do_i_get_azurerm_rg_to_get_created_first_also\/|How do I get Azurerm RG to get created first? Also, is there a better way to pass vars?>\nHi. My tf scripts seem to work except it doesn't wait until the RG is created first. If I run it a second time, it works just fine. I prefer to keep the directory layout as separate modules rather than a large <https:\/\/main.tf\/|main.tf>. I plan on calling this with a shell script to deploy to multiple environments. Rather not use workspaces since I don't want the envs to share the same state file. ​ resource \"azurerm_storage_account\" \"storage\" { name = \"tfstorage2\"...",
        "ts": "1581014224.016300",
        "username": "Terraform ALL the Worlds!",
        "icons": {
            "image_48": "https:\/\/s3-us-west-2.amazonaws.com\/slack-files2\/bot_icons\/2019-02-12\/548785199618_48.png"
        },
        "bot_id": "BG3N7LG73",
        "attachments": [
            {
                "service_name": "reddit",
                "title": "How do I get Azurerm RG to get created first? Also, is there a better way to pass vars?",
                "title_link": "https:\/\/www.reddit.com\/r\/Terraform\/comments\/ezwofc\/how_do_i_get_azurerm_rg_to_get_created_first_also\/",
                "text": "Hi. My tf scripts seem to work except it doesn't wait until the RG is created first. If I run it a second time, it works just fine. I prefer to...",
                "fallback": "reddit: How do I get Azurerm RG to get created first? Also, is there a better way to pass vars?",
                "thumb_url": "https:\/\/www.redditstatic.com\/new-icon.png",
                "from_url": "https:\/\/www.reddit.com\/r\/Terraform\/comments\/ezwofc\/how_do_i_get_azurerm_rg_to_get_created_first_also\/",
                "thumb_width": 256,
                "thumb_height": 256,
                "service_icon": "http:\/\/www.redditstatic.com\/desktop2x\/img\/favicon\/apple-icon-57x57.png",
                "id": 1,
                "original_url": "https:\/\/www.reddit.com\/r\/Terraform\/comments\/ezwofc\/how_do_i_get_azurerm_rg_to_get_created_first_also\/"
            }
        ],
        "edited": {
            "user": "BG3N7LG73",
            "ts": "1581014225.000000"
        }
    },
    {
        "type": "message",
        "subtype": "bot_message",
        "text": "<https:\/\/www.reddit.com\/r\/Terraform\/comments\/ezy5gr\/cant_seem_to_expand_a_list_in_a_function_call\/|Can't seem to expand a list in a function call>\nI am struggling to create some resources based on a map I have built up. Particularly, I am trying to build some secrets in AWS based on a map of databases and their roles. locals { # Define databases, and their roles with privileges databases = { for db in var.databases: db =&gt; { \"${db}\" = [\"ALL\"] \"${db}_read\" = [\"CONNECT\", \"SELECT\", \"TEMP\", \"EXECUTE\", \"USAGE\"] #readonly } } } resource \"aws_secretsmanager_secret\" \"db_credentials\" { for_each = keys(merge(values(local.databases)...)) #...",
        "ts": "1581020224.016500",
        "username": "Terraform ALL the Worlds!",
        "icons": {
            "image_48": "https:\/\/s3-us-west-2.amazonaws.com\/slack-files2\/bot_icons\/2019-02-12\/548785199618_48.png"
        },
        "bot_id": "BG3N7LG73",
        "attachments": [
            {
                "service_name": "reddit",
                "title": "Can't seem to expand a list in a function call",
                "title_link": "https:\/\/www.reddit.com\/r\/Terraform\/comments\/ezy5gr\/cant_seem_to_expand_a_list_in_a_function_call\/",
                "text": "I am struggling to create some resources based on a map I have built up. Particularly, I am trying to build some secrets in AWS based on a map of...",
                "fallback": "reddit: Can't seem to expand a list in a function call",
                "thumb_url": "https:\/\/www.redditstatic.com\/new-icon.png",
                "from_url": "https:\/\/www.reddit.com\/r\/Terraform\/comments\/ezy5gr\/cant_seem_to_expand_a_list_in_a_function_call\/",
                "thumb_width": 256,
                "thumb_height": 256,
                "service_icon": "http:\/\/www.redditstatic.com\/desktop2x\/img\/favicon\/apple-icon-57x57.png",
                "id": 1,
                "original_url": "https:\/\/www.reddit.com\/r\/Terraform\/comments\/ezy5gr\/cant_seem_to_expand_a_list_in_a_function_call\/"
            }
        ],
        "edited": {
            "user": "BG3N7LG73",
            "ts": "1581020225.000000"
        }
    },
    {
        "type": "message",
        "subtype": "bot_message",
        "text": "<https:\/\/www.reddit.com\/r\/Terraform\/comments\/f025wh\/passing_on_terraform_variables_to_remoteexec\/|Passing on Terraform variables to remote-exec>\nIm trying to use an RDS endpoint to pass on as variable to a Python script, so exporting is as a Linux bash, looked into the docs and you can't use remote-exec to set variables, looks just like it can be done with remote-exec. When I do this however it doesnt work wondering whats the correct way to do it In my <http:\/\/main.tf|main.tf> output \"rds_endpoint\" { value = \"${aws_db_instance.default.address}\" } resource \"aws_eip\" \"ip-test\" { instance = \"${aws_instance.flask_server.id}\" vpc = tru ​ # install salt...",
        "ts": "1581035823.016700",
        "username": "Terraform ALL the Worlds!",
        "icons": {
            "image_48": "https:\/\/s3-us-west-2.amazonaws.com\/slack-files2\/bot_icons\/2019-02-12\/548785199618_48.png"
        },
        "bot_id": "BG3N7LG73",
        "attachments": [
            {
                "service_name": "reddit",
                "title": "Passing on Terraform variables to remote-exec",
                "title_link": "https:\/\/www.reddit.com\/r\/Terraform\/comments\/f025wh\/passing_on_terraform_variables_to_remoteexec\/",
                "text": "Im trying to use an RDS endpoint to pass on as variable to a Python script, so exporting is as a Linux bash, looked into the docs and you can't...",
                "fallback": "reddit: Passing on Terraform variables to remote-exec",
                "thumb_url": "https:\/\/www.redditstatic.com\/new-icon.png",
                "from_url": "https:\/\/www.reddit.com\/r\/Terraform\/comments\/f025wh\/passing_on_terraform_variables_to_remoteexec\/",
                "thumb_width": 256,
                "thumb_height": 256,
                "service_icon": "http:\/\/www.redditstatic.com\/desktop2x\/img\/favicon\/apple-icon-57x57.png",
                "id": 1,
                "original_url": "https:\/\/www.reddit.com\/r\/Terraform\/comments\/f025wh\/passing_on_terraform_variables_to_remoteexec\/"
            }
        ],
        "edited": {
            "user": "BG3N7LG73",
            "ts": "1581035823.000000"
        }
    }
]