[
    {
        "type": "message",
        "subtype": "bot_message",
        "text": "<https:\/\/www.reddit.com\/r\/Terraform\/comments\/f86n7p\/how_do_i_list_current_nsg_rules_to_user_before\/|How do I list current NSG rules to user before make changes to existing rule>\nI want to show existing NSG rules to user before he overwrite configuration. or create new rule. for eg. if SSH inbound rule is already created and particular IP is allowed. based on that use can decide if changes are required or not.    submitted by   <https:\/\/www.reddit.com\/user\/vijayraje| \/u\/vijayraje > \n<https:\/\/www.reddit.com\/r\/Terraform\/comments\/f86n7p\/how_do_i_list_current_nsg_rules_to_user_before\/|[link]>   &lt;a...",
        "ts": "1582445818.000700",
        "username": "Terraform ALL the Worlds!",
        "icons": {
            "image_48": "https:\/\/s3-us-west-2.amazonaws.com\/slack-files2\/bot_icons\/2019-02-12\/548785199618_48.png"
        },
        "bot_id": "BG3N7LG73",
        "attachments": [
            {
                "service_name": "reddit",
                "title": "How do I list current NSG rules to user before make changes to existing rule",
                "title_link": "https:\/\/www.reddit.com\/r\/Terraform\/comments\/f86n7p\/how_do_i_list_current_nsg_rules_to_user_before\/",
                "text": "I want to show existing NSG rules to user before he overwrite configuration. or create new rule. for eg. if SSH inbound rule is already created...",
                "fallback": "reddit: How do I list current NSG rules to user before make changes to existing rule",
                "thumb_url": "https:\/\/www.redditstatic.com\/new-icon.png",
                "from_url": "https:\/\/www.reddit.com\/r\/Terraform\/comments\/f86n7p\/how_do_i_list_current_nsg_rules_to_user_before\/",
                "thumb_width": 256,
                "thumb_height": 256,
                "service_icon": "http:\/\/www.redditstatic.com\/desktop2x\/img\/favicon\/apple-icon-57x57.png",
                "id": 1,
                "original_url": "https:\/\/www.reddit.com\/r\/Terraform\/comments\/f86n7p\/how_do_i_list_current_nsg_rules_to_user_before\/"
            },
            {
                "title": "overview for vijayraje",
                "title_link": "https:\/\/www.reddit.com\/user\/vijayraje",
                "text": "The u\/vijayraje community on Reddit. Reddit gives you the best of the internet in one place.",
                "fallback": "overview for vijayraje",
                "from_url": "https:\/\/www.reddit.com\/user\/vijayraje",
                "service_icon": "http:\/\/www.redditstatic.com\/desktop2x\/img\/favicon\/apple-icon-57x57.png",
                "service_name": "reddit.com",
                "id": 2,
                "original_url": "https:\/\/www.reddit.com\/user\/vijayraje"
            }
        ],
        "edited": {
            "user": "BG3N7LG73",
            "ts": "1582445818.000000"
        }
    },
    {
        "type": "message",
        "subtype": "bot_message",
        "text": "<https:\/\/dev.classmethod.jp\/server-side\/serverless\/terraform-lambda-deployment\/|TerraformでLambda[Python]のデプロイするときのプラクティス>\n※先に断っておきますがベストプラクティスではないです。 訳あって最近は、Lambda FunctionとLayerをTerraformでデプロイしています。 CloudFormationと比べてると自動ロールバック機能は […]",
        "ts": "1582457458.000900",
        "username": "Terraform – Developers.IO",
        "icons": {
            "image_36": "https:\/\/a.slack-edge.com\/80588\/img\/services\/rss_36.png",
            "image_48": "https:\/\/a.slack-edge.com\/80588\/img\/services\/rss_48.png",
            "image_72": "https:\/\/a.slack-edge.com\/80588\/img\/services\/rss_72.png"
        },
        "bot_id": "BG3N7LG73",
        "attachments": [
            {
                "service_name": "Developers.IO | クラスメソッド発「やってみた」系技術メディア",
                "title": "TerraformでLambda[Python]のデプロイするときのプラクティス | Developers.IO",
                "title_link": "https:\/\/dev.classmethod.jp\/server-side\/serverless\/terraform-lambda-deployment\/",
                "text": "※先に断っておきますがベストプラクティスではないです。 訳あって最近は、Lambda FunctionとLayerをTerraformでデプロイしています。 CloudFormationと比べてると自動ロールバック機能は […]",
                "fallback": "Developers.IO | クラスメソッド発「やってみた」系技術メディア: TerraformでLambda[Python]のデプロイするときのプラクティス | Developers.IO",
                "image_url": "https:\/\/cdn-ssl-devio-img.classmethod.jp\/wp-content\/uploads\/2019\/05\/terraform-eyecatch.png",
                "from_url": "https:\/\/dev.classmethod.jp\/server-side\/serverless\/terraform-lambda-deployment\/",
                "image_width": 476,
                "image_height": 250,
                "image_bytes": 9824,
                "service_icon": "https:\/\/cdn-ssl-devio-img.classmethod.jp\/wp-content\/uploads\/2017\/07\/icatch2017.png",
                "id": 1,
                "original_url": "https:\/\/dev.classmethod.jp\/server-side\/serverless\/terraform-lambda-deployment\/"
            }
        ],
        "edited": {
            "user": "BG3N7LG73",
            "ts": "1582457458.000000"
        }
    },
    {
        "type": "message",
        "subtype": "bot_message",
        "text": "<https:\/\/qiita.com\/customaddone\/items\/ef9b020029651dc25e32|Laravelでミニブログを作ろう #3>\n前回:<https:\/\/qiita.com\/customaddone\/items\/7563a3252e4debc05f1a|https:\/\/qiita.com\/customaddone\/items\/7563a3252e4debc05f1a>\nGitHub:<https:\/\/github.com\/customaddone\/larablog|https:\/\/github.com\/customaddone\/larablog>\n\n今回はdockerでterraformのコンテナを立てます\n\n\n<https:\/\/qiita.com\/#terraform%E6%A6%82%E8%A6%81>Terraform概要\n\n\n<https:\/\/qiita.com\/#terraform%E3%81%A8%E3%81%AF>Terraformとは...",
        "ts": "1582457827.001100",
        "username": "Terraformタグが付けられた新着記事 - Qiita",
        "icons": {
            "image_36": "https:\/\/a.slack-edge.com\/80588\/img\/services\/rss_36.png",
            "image_48": "https:\/\/a.slack-edge.com\/80588\/img\/services\/rss_48.png",
            "image_72": "https:\/\/a.slack-edge.com\/80588\/img\/services\/rss_72.png"
        },
        "bot_id": "BG3N7LG73",
        "attachments": [
            {
                "service_name": "Qiita",
                "title": "Laravelでミニブログを作ろう #3 - Qiita",
                "title_link": "https:\/\/qiita.com\/customaddone\/items\/ef9b020029651dc25e32",
                "text": "前回:<https:\/\/qiita.com\/customaddone\/items\/7563a3252e4debc05f1a> GitHub:<https:\/\/github.com\/customaddone\/larablog> 今回はdock...",
                "fallback": "Qiita: Laravelでミニブログを作ろう #3 - Qiita",
                "image_url": "https:\/\/qiita-user-contents.imgix.net\/https%3A%2F%2Fcdn.qiita.com%2Fassets%2Fpublic%2Fogp-background-1150d8b18a7c15795b701a55ae908f94.png?ixlib=rb-1.2.2&w=1200&mark=https%3A%2F%2Fqiita-user-contents.imgix.net%2F~text%3Fixlib%3Drb-1.2.2%26w%3D840%26h%3D380%26txt%3DLaravel%25E3%2581%25A7%25E3%2583%259F%25E3%2583%258B%25E3%2583%2596%25E3%2583%25AD%25E3%2582%25B0%25E3%2582%2592%25E4%25BD%259C%25E3%2582%258D%25E3%2581%2586%2520%25233%26txt-color%3D%2523333%26txt-font%3DAvenir-Black%26txt-size%3D54%26txt-clip%3Dellipsis%26txt-align%3Dcenter%252Cmiddle%26s%3Ddf79f82453bf6b7b417735cd0c7bd391&mark-align=center%2Cmiddle&blend=https%3A%2F%2Fqiita-user-contents.imgix.net%2F~text%3Fixlib%3Drb-1.2.2%26w%3D840%26h%3D500%26txt%3D%2540customaddone%26txt-color%3D%2523333%26txt-font%3DAvenir-Black%26txt-size%3D45%26txt-align%3Dright%252Cbottom%26s%3D7c24b5e6b32c2ddeaf01dd8fd25f2b56&blend-align=center%2Cmiddle&blend-mode=normal&s=ce0a875c6d66f12cfe1546eedccb5d76",
                "from_url": "https:\/\/qiita.com\/customaddone\/items\/ef9b020029651dc25e32",
                "image_width": 476,
                "image_height": 250,
                "image_bytes": 37519,
                "service_icon": "https:\/\/cdn.qiita.com\/assets\/favicons\/public\/apple-touch-icon-ec5ba42a24ae923f16825592efdc356f.png",
                "id": 1,
                "original_url": "https:\/\/qiita.com\/customaddone\/items\/ef9b020029651dc25e32"
            },
            {
                "service_name": "Qiita",
                "title": "Laravelでミニブログを作ろう #2 - Qiita",
                "title_link": "https:\/\/qiita.com\/customaddone\/items\/7563a3252e4debc05f1a",
                "text": "前回:<https:\/\/qiita.com\/customaddone\/items\/87041975838b9e9c9b22> GitHub:<https:\/\/github.com\/customaddone\/larablog> # docke...",
                "fallback": "Qiita: Laravelでミニブログを作ろう #2 - Qiita",
                "image_url": "https:\/\/qiita-user-contents.imgix.net\/https%3A%2F%2Fcdn.qiita.com%2Fassets%2Fpublic%2Fogp-background-1150d8b18a7c15795b701a55ae908f94.png?ixlib=rb-1.2.2&w=1200&mark=https%3A%2F%2Fqiita-user-contents.imgix.net%2F~text%3Fixlib%3Drb-1.2.2%26w%3D840%26h%3D380%26txt%3DLaravel%25E3%2581%25A7%25E3%2583%259F%25E3%2583%258B%25E3%2583%2596%25E3%2583%25AD%25E3%2582%25B0%25E3%2582%2592%25E4%25BD%259C%25E3%2582%258D%25E3%2581%2586%2520%25232%26txt-color%3D%2523333%26txt-font%3DAvenir-Black%26txt-size%3D54%26txt-clip%3Dellipsis%26txt-align%3Dcenter%252Cmiddle%26s%3D73421be888e26843d16772167ec7dc46&mark-align=center%2Cmiddle&blend=https%3A%2F%2Fqiita-user-contents.imgix.net%2F~text%3Fixlib%3Drb-1.2.2%26w%3D840%26h%3D500%26txt%3D%2540customaddone%26txt-color%3D%2523333%26txt-font%3DAvenir-Black%26txt-size%3D45%26txt-align%3Dright%252Cbottom%26s%3D7c24b5e6b32c2ddeaf01dd8fd25f2b56&blend-align=center%2Cmiddle&blend-mode=normal&s=1288876b0a3f697d1c02d75d4c3c6044",
                "from_url": "https:\/\/qiita.com\/customaddone\/items\/7563a3252e4debc05f1a",
                "image_width": 476,
                "image_height": 250,
                "image_bytes": 37215,
                "service_icon": "https:\/\/cdn.qiita.com\/assets\/favicons\/public\/apple-touch-icon-ec5ba42a24ae923f16825592efdc356f.png",
                "id": 2,
                "original_url": "https:\/\/qiita.com\/customaddone\/items\/7563a3252e4debc05f1a"
            },
            {
                "service_name": "GitHub",
                "title": "customaddone\/larablog",
                "title_link": "https:\/\/github.com\/customaddone\/larablog",
                "text": "Contribute to customaddone\/larablog development by creating an account on GitHub.",
                "fallback": "GitHub: customaddone\/larablog",
                "thumb_url": "https:\/\/avatars0.githubusercontent.com\/u\/52350864?s=400&v=4",
                "from_url": "https:\/\/github.com\/customaddone\/larablog",
                "thumb_width": 420,
                "thumb_height": 420,
                "service_icon": "https:\/\/a.slack-edge.com\/80588\/img\/unfurl_icons\/github.png",
                "id": 3,
                "original_url": "https:\/\/github.com\/customaddone\/larablog"
            },
            {
                "service_name": "Qiita",
                "title": "プログラマの技術情報共有サービス - Qiita",
                "title_link": "https:\/\/qiita.com\/#terraform%E6%A6%82%E8%A6%81",
                "text": "Qiitaは、プログラマのための技術情報共有サービスです。 プログラミングに関するTips、ノウハウ、メモを簡単に記録 &amp; 公開することができます。",
                "fallback": "Qiita: プログラマの技術情報共有サービス - Qiita",
                "thumb_url": "https:\/\/cdn.qiita.com\/assets\/qiita-fb-fe28c64039d925349e620ba55091e078.png",
                "from_url": "https:\/\/qiita.com\/#terraform%E6%A6%82%E8%A6%81",
                "thumb_width": 1200,
                "thumb_height": 630,
                "service_icon": "https:\/\/cdn.qiita.com\/assets\/favicons\/public\/apple-touch-icon-ec5ba42a24ae923f16825592efdc356f.png",
                "id": 4,
                "original_url": "https:\/\/qiita.com\/#terraform%E6%A6%82%E8%A6%81"
            },
            {
                "service_name": "Qiita",
                "title": "プログラマの技術情報共有サービス - Qiita",
                "title_link": "https:\/\/qiita.com\/#terraform%E3%81%A8%E3%81%AF",
                "text": "Qiitaは、プログラマのための技術情報共有サービスです。 プログラミングに関するTips、ノウハウ、メモを簡単に記録 &amp; 公開することができます。",
                "fallback": "Qiita: プログラマの技術情報共有サービス - Qiita",
                "thumb_url": "https:\/\/cdn.qiita.com\/assets\/qiita-fb-fe28c64039d925349e620ba55091e078.png",
                "from_url": "https:\/\/qiita.com\/#terraform%E3%81%A8%E3%81%AF",
                "thumb_width": 1200,
                "thumb_height": 630,
                "service_icon": "https:\/\/cdn.qiita.com\/assets\/favicons\/public\/apple-touch-icon-ec5ba42a24ae923f16825592efdc356f.png",
                "id": 5,
                "original_url": "https:\/\/qiita.com\/#terraform%E3%81%A8%E3%81%AF"
            }
        ],
        "edited": {
            "user": "BG3N7LG73",
            "ts": "1582457828.000000"
        }
    },
    {
        "type": "message",
        "subtype": "bot_message",
        "text": "<https:\/\/qiita.com\/yu-croco\/items\/7d814dc86dfa29091c9c|Terraformことはじめ>\n最低限TerraformでAWSのリソースへの操作を行えるようになるためのまとめ\n\n\n<https:\/\/qiita.com\/#terraform%E3%81%A8%E3%81%AF>Terraformとは？\n\nHashiCorpという会社が出してるOSSで、クラウドインフラのリソースをコードとして管理できるツール\nAWSだけでなくてGCPやDataDogなどにも幅広く対応してるので、インフラのコード化を進めるにあたってデファクトのツールとなってる（と思う）\n\n<https:\/\/qiita.com\/#terraform%E3%81%AE%E3%83%AA%E3%83%9D%E3%82%B8%E3%83%88%E3%83%AA%E6%A7%8B%E6%88%90>Terraformのリポジトリ構成\n\nTerraformを使ってクラウドインフラのリソースを管理するには以下のようにいくつかのやり方がある\n自分は時間の関係上、検証環境やデモ環境はworkspacesを使った...",
        "ts": "1582514217.001300",
        "username": "Terraformタグが付けられた新着記事 - Qiita",
        "icons": {
            "image_36": "https:\/\/a.slack-edge.com\/80588\/img\/services\/rss_36.png",
            "image_48": "https:\/\/a.slack-edge.com\/80588\/img\/services\/rss_48.png",
            "image_72": "https:\/\/a.slack-edge.com\/80588\/img\/services\/rss_72.png"
        },
        "bot_id": "BG3N7LG73",
        "attachments": [
            {
                "service_name": "Qiita",
                "title": "プログラマの技術情報共有サービス - Qiita",
                "title_link": "https:\/\/qiita.com\/#terraform%E3%81%A8%E3%81%AF",
                "text": "Qiitaは、プログラマのための技術情報共有サービスです。 プログラミングに関するTips、ノウハウ、メモを簡単に記録 &amp; 公開することができます。",
                "fallback": "Qiita: プログラマの技術情報共有サービス - Qiita",
                "thumb_url": "https:\/\/cdn.qiita.com\/assets\/qiita-fb-fe28c64039d925349e620ba55091e078.png",
                "from_url": "https:\/\/qiita.com\/#terraform%E3%81%A8%E3%81%AF",
                "thumb_width": 1200,
                "thumb_height": 630,
                "service_icon": "https:\/\/cdn.qiita.com\/assets\/favicons\/public\/apple-touch-icon-ec5ba42a24ae923f16825592efdc356f.png",
                "id": 1,
                "original_url": "https:\/\/qiita.com\/#terraform%E3%81%A8%E3%81%AF"
            },
            {
                "service_name": "Qiita",
                "title": "プログラマの技術情報共有サービス - Qiita",
                "title_link": "https:\/\/qiita.com\/#terraform%E3%81%AE%E3%83%AA%E3%83%9D%E3%82%B8%E3%83%88%E3%83%AA%E6%A7%8B%E6%88%90",
                "text": "Qiitaは、プログラマのための技術情報共有サービスです。 プログラミングに関するTips、ノウハウ、メモを簡単に記録 &amp; 公開することができます。",
                "fallback": "Qiita: プログラマの技術情報共有サービス - Qiita",
                "thumb_url": "https:\/\/cdn.qiita.com\/assets\/qiita-fb-fe28c64039d925349e620ba55091e078.png",
                "from_url": "https:\/\/qiita.com\/#terraform%E3%81%AE%E3%83%AA%E3%83%9D%E3%82%B8%E3%83%88%E3%83%AA%E6%A7%8B%E6%88%90",
                "thumb_width": 1200,
                "thumb_height": 630,
                "service_icon": "https:\/\/cdn.qiita.com\/assets\/favicons\/public\/apple-touch-icon-ec5ba42a24ae923f16825592efdc356f.png",
                "id": 2,
                "original_url": "https:\/\/qiita.com\/#terraform%E3%81%AE%E3%83%AA%E3%83%9D%E3%82%B8%E3%83%88%E3%83%AA%E6%A7%8B%E6%88%90"
            }
        ],
        "edited": {
            "user": "BG3N7LG73",
            "ts": "1582514217.000000"
        }
    }
]