[
    {
        "type": "message",
        "subtype": "bot_message",
        "text": "<https:\/\/www.reddit.com\/r\/Terraform\/comments\/f8ra2p\/join_domain_or_not_depending_on_network_zone\/|join domain or not depending on network zone>\nHello,  I am looking for a way to join the domain depending on what network zone I chose.\n I have 3 zones RES, ADM, DMZ and I only what the script to join the domain if i pick ADM or RES network and not to join the domain if I pick the DMZ zone.  May code looks like this now.  customize { windows_options { computer_name = \"${var.vmname}\" join_domain = \"${var.domain}\"  admin_password = \"${var.localadminpw}\"\n domain_admin_user = \"${var.domainuser}\"\n domain_admin_password = \"${var.domainpw}\"...",
        "ts": "1582551423.001500",
        "username": "Terraform ALL the Worlds!",
        "icons": {
            "image_48": "https:\/\/s3-us-west-2.amazonaws.com\/slack-files2\/bot_icons\/2019-02-12\/548785199618_48.png"
        },
        "bot_id": "BG3N7LG73",
        "attachments": [
            {
                "service_name": "reddit",
                "title": "join domain or not depending on network zone",
                "title_link": "https:\/\/www.reddit.com\/r\/Terraform\/comments\/f8ra2p\/join_domain_or_not_depending_on_network_zone\/",
                "text": "Hello, I am looking for a way to join the domain depending on what network zone I chose. I have 3 zones RES, ADM, DMZ and I only what the...",
                "fallback": "reddit: join domain or not depending on network zone",
                "thumb_url": "https:\/\/www.redditstatic.com\/new-icon.png",
                "from_url": "https:\/\/www.reddit.com\/r\/Terraform\/comments\/f8ra2p\/join_domain_or_not_depending_on_network_zone\/",
                "thumb_width": 256,
                "thumb_height": 256,
                "service_icon": "http:\/\/www.redditstatic.com\/desktop2x\/img\/favicon\/apple-icon-57x57.png",
                "id": 1,
                "original_url": "https:\/\/www.reddit.com\/r\/Terraform\/comments\/f8ra2p\/join_domain_or_not_depending_on_network_zone\/"
            }
        ],
        "edited": {
            "user": "BG3N7LG73",
            "ts": "1582551423.000000"
        }
    },
    {
        "type": "message",
        "subtype": "bot_message",
        "text": "<https:\/\/www.reddit.com\/r\/Terraform\/comments\/f8rnr6\/anyone_had_success_connecting_terraform_cloud\/|Anyone had success connecting terraform cloud with bitbucket cloud?>\nHey everyone, ​ We have a private bitbucket cloud repository, I have followed the guide to configure<https:\/\/www.terraform.io\/docs\/cloud\/vcs\/bitbucket-cloud.html|Bitbucket Cloud Access> without any problems, but when i try to publish any of the modules that i need, I have the following error: ​ &lt;a...",
        "ts": "1582553825.001700",
        "username": "Terraform ALL the Worlds!",
        "icons": {
            "image_48": "https:\/\/s3-us-west-2.amazonaws.com\/slack-files2\/bot_icons\/2019-02-12\/548785199618_48.png"
        },
        "bot_id": "BG3N7LG73",
        "attachments": [
            {
                "service_name": "reddit",
                "title": "Anyone had success connecting terraform cloud with bitbucket cloud?",
                "title_link": "https:\/\/www.reddit.com\/r\/Terraform\/comments\/f8rnr6\/anyone_had_success_connecting_terraform_cloud\/",
                "text": "Posted in r\/Terraform by u\/thclpr • 2 points and 0 comments",
                "fallback": "reddit: Anyone had success connecting terraform cloud with bitbucket cloud?",
                "from_url": "https:\/\/www.reddit.com\/r\/Terraform\/comments\/f8rnr6\/anyone_had_success_connecting_terraform_cloud\/",
                "thumb_url": "https:\/\/external-preview.redd.it\/6567e7b6pvi41.png?overlay-align=bottom,left&crop=1092:504,smart&overlay-height=15p&overlay=%2Fwatermark%2Ft5_2u8e4.png%3Fs%3Dbfb326ca8735739e33a60abaf9a7c73bcb4a2134&width=1092&height=504&auto=webp&s=4564f9d2b394a08706e7e2896d2baf5d95c046bb",
                "thumb_width": 130,
                "thumb_height": 60,
                "service_icon": "http:\/\/www.redditstatic.com\/desktop2x\/img\/favicon\/apple-icon-57x57.png",
                "id": 1,
                "original_url": "https:\/\/www.reddit.com\/r\/Terraform\/comments\/f8rnr6\/anyone_had_success_connecting_terraform_cloud\/"
            },
            {
                "service_name": "Terraform by HashiCorp",
                "title": "Bitbucket Cloud - VCS Providers - Terraform Cloud - Terraform by HashiCorp",
                "title_link": "https:\/\/www.terraform.io\/docs\/cloud\/vcs\/bitbucket-cloud.html",
                "text": "Terraform by HashiCorp",
                "fallback": "Terraform by HashiCorp: Bitbucket Cloud - VCS Providers - Terraform Cloud - Terraform by HashiCorp",
                "thumb_url": "https:\/\/www.terraform.io\/assets\/images\/og-image-8b3e4f7d.png",
                "from_url": "https:\/\/www.terraform.io\/docs\/cloud\/vcs\/bitbucket-cloud.html",
                "thumb_width": 712,
                "thumb_height": 712,
                "service_icon": "https:\/\/www.terraform.io\/assets\/images\/favicons\/apple-touch-icon-13180a24.png",
                "id": 2,
                "original_url": "https:\/\/www.terraform.io\/docs\/cloud\/vcs\/bitbucket-cloud.html"
            }
        ],
        "edited": {
            "user": "BG3N7LG73",
            "ts": "1582553825.000000"
        }
    },
    {
        "type": "message",
        "subtype": "bot_message",
        "text": "<https:\/\/www.reddit.com\/r\/Terraform\/comments\/f8rzq8\/terratest_getting_started\/|Terratest - getting started>\nAny recommendations on resources to get started with Terratest? Or, recommendations on similar tooling? Not very impressed with the tutorial online from Gruntworks - as it seems to omit some of the steps and is using out of date code with some parameters missed. This isn't very inspiring... I managed to get the example using a website to test out OK however I am struggling to find examples for my use case. I'm deploying a DNS service and I need to be able to test from a shell. Getting weird...",
        "ts": "1582555024.001900",
        "username": "Terraform ALL the Worlds!",
        "icons": {
            "image_48": "https:\/\/s3-us-west-2.amazonaws.com\/slack-files2\/bot_icons\/2019-02-12\/548785199618_48.png"
        },
        "bot_id": "BG3N7LG73",
        "attachments": [
            {
                "service_name": "reddit",
                "title": "Terratest - getting started",
                "title_link": "https:\/\/www.reddit.com\/r\/Terraform\/comments\/f8rzq8\/terratest_getting_started\/",
                "text": "Posted in r\/Terraform by u\/a8ree • 1 point and 0 comments",
                "fallback": "reddit: Terratest - getting started",
                "from_url": "https:\/\/www.reddit.com\/r\/Terraform\/comments\/f8rzq8\/terratest_getting_started\/",
                "thumb_url": "https:\/\/external-preview.redd.it\/dcqeo20qtvi41.png?overlay-align=bottom,left&crop=878:412,smart&overlay-height=15p&overlay=%2Fwatermark%2Ft5_2u8e4.png%3Fs%3Dbfb326ca8735739e33a60abaf9a7c73bcb4a2134&width=878&height=412&auto=webp&s=deaba27aa6495fe03ae2fd2921e44536e1792667",
                "thumb_width": 130,
                "thumb_height": 60,
                "service_icon": "http:\/\/www.redditstatic.com\/desktop2x\/img\/favicon\/apple-icon-57x57.png",
                "id": 1,
                "original_url": "https:\/\/www.reddit.com\/r\/Terraform\/comments\/f8rzq8\/terratest_getting_started\/"
            }
        ],
        "edited": {
            "user": "BG3N7LG73",
            "ts": "1582555024.000000"
        }
    },
    {
        "type": "message",
        "subtype": "bot_message",
        "text": "<https:\/\/qiita.com\/yaegashi\/items\/c5486a6b2f42aa1b0bb7|GitLab と AKS クラスタの連携>\n<https:\/\/qiita.com\/#%E6%A6%82%E8%A6%81>概要\n\n<https:\/\/about.gitlab.com\/|GitLab> には <https:\/\/docs.gitlab.com\/ee\/user\/project\/clusters\/|Kubernetes 統合機能>があり、プロジェクト・グループ・インスタンスの各レベルで Kubernetes クラスタを連携させることで CI\/CD や DevOps に便利な環境を簡単に構築できます。\n\nGitLab には連携する Kubernetes クラスタをクラウドサービスで新規作成する機能がありますが、 2020 年 2 月リリースの &lt;a...",
        "ts": "1582557419.002100",
        "username": "Terraformタグが付けられた新着記事 - Qiita",
        "icons": {
            "image_36": "https:\/\/a.slack-edge.com\/80588\/img\/services\/rss_36.png",
            "image_48": "https:\/\/a.slack-edge.com\/80588\/img\/services\/rss_48.png",
            "image_72": "https:\/\/a.slack-edge.com\/80588\/img\/services\/rss_72.png"
        },
        "bot_id": "BG3N7LG73",
        "attachments": [
            {
                "service_name": "Qiita",
                "title": "GitLab と AKS クラスタの連携 - Qiita",
                "title_link": "https:\/\/qiita.com\/yaegashi\/items\/c5486a6b2f42aa1b0bb7",
                "text": "## 概要 [GitLab](<https:\/\/about.gitlab.com\/>) には [Kubernetes 統合機能](<https:\/\/docs.gitlab.com\/ee\/user\/project\/clusters\/>)があり...",
                "fallback": "Qiita: GitLab と AKS クラスタの連携 - Qiita",
                "image_url": "https:\/\/qiita-user-contents.imgix.net\/https%3A%2F%2Fcdn.qiita.com%2Fassets%2Fpublic%2Fogp-background-1150d8b18a7c15795b701a55ae908f94.png?ixlib=rb-1.2.2&w=1200&mark=https%3A%2F%2Fqiita-user-contents.imgix.net%2F~text%3Fixlib%3Drb-1.2.2%26w%3D840%26h%3D380%26txt%3DGitLab%2520%25E3%2581%25A8%2520AKS%2520%25E3%2582%25AF%25E3%2583%25A9%25E3%2582%25B9%25E3%2582%25BF%25E3%2581%25AE%25E9%2580%25A3%25E6%2590%25BA%26txt-color%3D%2523333%26txt-font%3DAvenir-Black%26txt-size%3D54%26txt-clip%3Dellipsis%26txt-align%3Dcenter%252Cmiddle%26s%3D2ed5ea8253b5a371b92d1e976d960d4b&mark-align=center%2Cmiddle&blend=https%3A%2F%2Fqiita-user-contents.imgix.net%2F~text%3Fixlib%3Drb-1.2.2%26w%3D840%26h%3D500%26txt%3D%2540yaegashi%26txt-color%3D%2523333%26txt-font%3DAvenir-Black%26txt-size%3D45%26txt-align%3Dright%252Cbottom%26s%3D8973ecf2729655d2a0356e98d117759a&blend-align=center%2Cmiddle&blend-mode=normal&s=eacb3bbb5658f5abadaeecfe354fceeb",
                "from_url": "https:\/\/qiita.com\/yaegashi\/items\/c5486a6b2f42aa1b0bb7",
                "image_width": 476,
                "image_height": 250,
                "image_bytes": 38196,
                "service_icon": "https:\/\/cdn.qiita.com\/assets\/favicons\/public\/apple-touch-icon-ec5ba42a24ae923f16825592efdc356f.png",
                "id": 1,
                "original_url": "https:\/\/qiita.com\/yaegashi\/items\/c5486a6b2f42aa1b0bb7"
            },
            {
                "service_name": "Qiita",
                "title": "プログラマの技術情報共有サービス - Qiita",
                "title_link": "https:\/\/qiita.com\/#%E6%A6%82%E8%A6%81",
                "text": "Qiitaは、プログラマのための技術情報共有サービスです。 プログラミングに関するTips、ノウハウ、メモを簡単に記録 &amp; 公開することができます。",
                "fallback": "Qiita: プログラマの技術情報共有サービス - Qiita",
                "thumb_url": "https:\/\/cdn.qiita.com\/assets\/qiita-fb-fe28c64039d925349e620ba55091e078.png",
                "from_url": "https:\/\/qiita.com\/#%E6%A6%82%E8%A6%81",
                "thumb_width": 1200,
                "thumb_height": 630,
                "service_icon": "https:\/\/cdn.qiita.com\/assets\/favicons\/public\/apple-touch-icon-ec5ba42a24ae923f16825592efdc356f.png",
                "id": 2,
                "original_url": "https:\/\/qiita.com\/#%E6%A6%82%E8%A6%81"
            },
            {
                "service_name": "GitLab",
                "title": "The first single application for the entire DevOps lifecycle - GitLab",
                "title_link": "https:\/\/about.gitlab.com\/",
                "text": "“From project planning and source code management to CI\/CD and monitoring, GitLab is a complete DevOps platform, delivered as a single application. Only GitLab enables Concurrent DevOps to make the software lifecycle 200% faster.”",
                "fallback": "GitLab: The first single application for the entire DevOps lifecycle - GitLab",
                "image_url": "https:\/\/about.gitlab.com\/images\/blogimages\/gitlab-blog-cover.png",
                "from_url": "https:\/\/about.gitlab.com\/",
                "image_width": 357,
                "image_height": 250,
                "image_bytes": 211498,
                "id": 3,
                "original_url": "https:\/\/about.gitlab.com\/"
            },
            {
                "title": "Kubernetes clusters | GitLab",
                "title_link": "https:\/\/docs.gitlab.com\/ee\/user\/project\/clusters\/",
                "text": "Documentation for GitLab Community Edition, GitLab Enterprise Edition, Omnibus GitLab, and GitLab Runner.",
                "fallback": "Kubernetes clusters | GitLab",
                "from_url": "https:\/\/docs.gitlab.com\/ee\/user\/project\/clusters\/",
                "service_icon": "https:\/\/docs.gitlab.com\/favicon.ico",
                "service_name": "docs.gitlab.com",
                "id": 4,
                "original_url": "https:\/\/docs.gitlab.com\/ee\/user\/project\/clusters\/"
            }
        ],
        "edited": {
            "user": "BG3N7LG73",
            "ts": "1582557419.000000"
        }
    },
    {
        "type": "message",
        "subtype": "bot_message",
        "text": "<https:\/\/www.reddit.com\/r\/Terraform\/comments\/f8yo31\/help_with_templatefile\/|help with templatefile>\nhi, i am trying to populate a templatefile with outputs from another resource, which i know exists. But its throwing an error which i cant solve..  ​ user_data = templatefile(\"${path.module}\/files\/userdata\/userdata.sh\", {\nCERTIFICATE = aws_eks_cluster.main.certificate_authority.0.data\nENDPOINT = aws_eks_cluster.main.endpoint\nCLUSTERNAME = aws_eks_cluster.main.name\n}) ​ 92: user_data = templatefile(\"${path.module}\/files\/userdata\/userdata.sh\", { 93:  94:  95:  96:  ​ Invalid value for \"vars\"...",
        "ts": "1582580222.002300",
        "username": "Terraform ALL the Worlds!",
        "icons": {
            "image_48": "https:\/\/s3-us-west-2.amazonaws.com\/slack-files2\/bot_icons\/2019-02-12\/548785199618_48.png"
        },
        "bot_id": "BG3N7LG73",
        "attachments": [
            {
                "service_name": "reddit",
                "title": "help with templatefile",
                "title_link": "https:\/\/www.reddit.com\/r\/Terraform\/comments\/f8yo31\/help_with_templatefile\/",
                "text": "hi, i am trying to populate a templatefile with outputs from another resource, which i know exists. But its throwing an error which i cant solve.....",
                "fallback": "reddit: help with templatefile",
                "thumb_url": "https:\/\/www.redditstatic.com\/new-icon.png",
                "from_url": "https:\/\/www.reddit.com\/r\/Terraform\/comments\/f8yo31\/help_with_templatefile\/",
                "thumb_width": 256,
                "thumb_height": 256,
                "service_icon": "http:\/\/www.redditstatic.com\/desktop2x\/img\/favicon\/apple-icon-57x57.png",
                "id": 1,
                "original_url": "https:\/\/www.reddit.com\/r\/Terraform\/comments\/f8yo31\/help_with_templatefile\/"
            }
        ],
        "edited": {
            "user": "BG3N7LG73",
            "ts": "1582580223.000000"
        }
    },
    {
        "type": "message",
        "subtype": "bot_message",
        "text": "<https:\/\/www.reddit.com\/r\/Terraform\/comments\/f92ov8\/do_not_create_data_disk_if_value_is_none\/|Do not create data disk if value is none>\nIf I have the following code in a module: ``` Create VMs resource \"azurermvirtual_machine\" \"vm\" { count = \"${var.instance_numbers}\" name = \"${var.team_name}${var.envname}${var.release}_${count.index}\" location = \"${azurerm_resource_group.res_group.location}\" resource_group_name = \"${azurerm_resource_group.res_group.name}\" network_interface_ids = [element(azurerm_network_interface.net_int.*.id, count.index)] vm_size = \"${var.vm_size}\" Delete OS and data disks when VMs are deleted...",
        "ts": "1582597020.002500",
        "username": "Terraform ALL the Worlds!",
        "icons": {
            "image_48": "https:\/\/s3-us-west-2.amazonaws.com\/slack-files2\/bot_icons\/2019-02-12\/548785199618_48.png"
        },
        "bot_id": "BG3N7LG73",
        "attachments": [
            {
                "service_name": "reddit",
                "title": "Do not create data disk if value is none",
                "title_link": "https:\/\/www.reddit.com\/r\/Terraform\/comments\/f92ov8\/do_not_create_data_disk_if_value_is_none\/",
                "text": "If I have the following code in a module: ``` ## Create VMs resource \"azurerm_virtual_machine\" \"vm\" { count =...",
                "fallback": "reddit: Do not create data disk if value is none",
                "thumb_url": "https:\/\/www.redditstatic.com\/new-icon.png",
                "from_url": "https:\/\/www.reddit.com\/r\/Terraform\/comments\/f92ov8\/do_not_create_data_disk_if_value_is_none\/",
                "thumb_width": 256,
                "thumb_height": 256,
                "service_icon": "http:\/\/www.redditstatic.com\/desktop2x\/img\/favicon\/apple-icon-57x57.png",
                "id": 1,
                "original_url": "https:\/\/www.reddit.com\/r\/Terraform\/comments\/f92ov8\/do_not_create_data_disk_if_value_is_none\/"
            }
        ],
        "edited": {
            "user": "BG3N7LG73",
            "ts": "1582597020.000000"
        }
    },
    {
        "type": "message",
        "subtype": "bot_message",
        "text": "<https:\/\/www.reddit.com\/r\/Terraform\/comments\/f949x7\/aws_s3_backend_encrypted\/|AWS S3 backend - encrypted>\nHey all, Has anyone had any success setting up an S3 backend that is encrypted with an AWS CMK? Some of the documentation insists that the option to specify the key needs to be base 64 encoded and equal a byte length of 256. It seems to suggest that would be the key itself but I don’t know where to look for that.  Curious if anyone has done this before and if I’m overlooking something.    submitted by   <https:\/\/www.reddit.com\/user\/epsilon222| \/u\/epsilon222 > \n&lt;a...",
        "ts": "1582604218.002700",
        "username": "Terraform ALL the Worlds!",
        "icons": {
            "image_48": "https:\/\/s3-us-west-2.amazonaws.com\/slack-files2\/bot_icons\/2019-02-12\/548785199618_48.png"
        },
        "bot_id": "BG3N7LG73",
        "attachments": [
            {
                "service_name": "reddit",
                "title": "AWS S3 backend - encrypted",
                "title_link": "https:\/\/www.reddit.com\/r\/Terraform\/comments\/f949x7\/aws_s3_backend_encrypted\/",
                "text": "Hey all, Has anyone had any success setting up an S3 backend that is encrypted with an AWS CMK? Some of the documentation insists that the option...",
                "fallback": "reddit: AWS S3 backend - encrypted",
                "thumb_url": "https:\/\/www.redditstatic.com\/new-icon.png",
                "from_url": "https:\/\/www.reddit.com\/r\/Terraform\/comments\/f949x7\/aws_s3_backend_encrypted\/",
                "thumb_width": 256,
                "thumb_height": 256,
                "service_icon": "http:\/\/www.redditstatic.com\/desktop2x\/img\/favicon\/apple-icon-57x57.png",
                "id": 1,
                "original_url": "https:\/\/www.reddit.com\/r\/Terraform\/comments\/f949x7\/aws_s3_backend_encrypted\/"
            },
            {
                "title": "overview for epsilon222",
                "title_link": "https:\/\/www.reddit.com\/user\/epsilon222",
                "text": "The u\/epsilon222 community on Reddit. Reddit gives you the best of the internet in one place.",
                "fallback": "overview for epsilon222",
                "from_url": "https:\/\/www.reddit.com\/user\/epsilon222",
                "service_icon": "http:\/\/www.redditstatic.com\/desktop2x\/img\/favicon\/apple-icon-57x57.png",
                "service_name": "reddit.com",
                "id": 2,
                "original_url": "https:\/\/www.reddit.com\/user\/epsilon222"
            }
        ],
        "edited": {
            "user": "BG3N7LG73",
            "ts": "1582604219.000000"
        }
    },
    {
        "type": "message",
        "subtype": "bot_message",
        "text": "<https:\/\/www.reddit.com\/r\/Terraform\/comments\/f95s1p\/anyone_do_a_udemy_course_was_it_valuable\/|Anyone do a Udemy course? Was it valuable?>\nTerraform seems to be something you can just read the docs and go build something right? Usually I grab a Udemy course and follow along before I DIY. Does that apply here as well? (Terraform pun ayoo)    submitted by   <https:\/\/www.reddit.com\/user\/-Kevin-| \/u\/-Kevin- > \n<https:\/\/www.reddit.com\/r\/Terraform\/comments\/f95s1p\/anyone_do_a_udemy_course_was_it_valuable\/|[link]>   &lt;a...",
        "ts": "1582611420.002900",
        "username": "Terraform ALL the Worlds!",
        "icons": {
            "image_48": "https:\/\/s3-us-west-2.amazonaws.com\/slack-files2\/bot_icons\/2019-02-12\/548785199618_48.png"
        },
        "bot_id": "BG3N7LG73",
        "attachments": [
            {
                "service_name": "reddit",
                "title": "Anyone do a Udemy course? Was it valuable?",
                "title_link": "https:\/\/www.reddit.com\/r\/Terraform\/comments\/f95s1p\/anyone_do_a_udemy_course_was_it_valuable\/",
                "text": "Terraform seems to be something you can just read the docs and go build something right? Usually I grab a Udemy course and follow along before I...",
                "fallback": "reddit: Anyone do a Udemy course? Was it valuable?",
                "thumb_url": "https:\/\/www.redditstatic.com\/new-icon.png",
                "from_url": "https:\/\/www.reddit.com\/r\/Terraform\/comments\/f95s1p\/anyone_do_a_udemy_course_was_it_valuable\/",
                "thumb_width": 256,
                "thumb_height": 256,
                "service_icon": "http:\/\/www.redditstatic.com\/desktop2x\/img\/favicon\/apple-icon-57x57.png",
                "id": 1,
                "original_url": "https:\/\/www.reddit.com\/r\/Terraform\/comments\/f95s1p\/anyone_do_a_udemy_course_was_it_valuable\/"
            },
            {
                "title": "overview for -Kevin-",
                "title_link": "https:\/\/www.reddit.com\/user\/-Kevin-",
                "text": "The u\/-Kevin- community on Reddit. Reddit gives you the best of the internet in one place.",
                "fallback": "overview for -Kevin-",
                "from_url": "https:\/\/www.reddit.com\/user\/-Kevin-",
                "service_icon": "http:\/\/www.redditstatic.com\/desktop2x\/img\/favicon\/apple-icon-57x57.png",
                "service_name": "reddit.com",
                "id": 2,
                "original_url": "https:\/\/www.reddit.com\/user\/-Kevin-"
            }
        ],
        "edited": {
            "user": "BG3N7LG73",
            "ts": "1582611420.000000"
        }
    }
]