[
    {
        "type": "message",
        "subtype": "bot_message",
        "text": "<https:\/\/qiita.com\/seri\/items\/46d0576590ae967440b1|[WIP]Terraformを使うためにドキュメント読んだときのメモ>\nディレクトリにあるTFファイルを全部読み取っている\nproviderで利用するクラウドサービスを宣言\n\nversionを省略すると最新が取得される\nversionを指定しないほうが処理が早い\n\nversion = \"~&gt; 2.7.0\"とかするとめっちゃ遅い（この時点の最新が2.10.0）\n\nresourceでクラウドサービスで実行するタスクを定義する（存在するリソースに対する定義）\n\n自動的に対応するproviderの設定とマージさせれる\nresourceの中にlocal-execのprovisionerを定義すると、そのprovisioner設定だけが有効になる\nprovisionerを使うのは最後の手段\nprovisionerは複数設定でき、発火するイベントも定義できる\n\napplyコマンドを実行する前のplanコマンドは、0.11から必須じゃなくなった\nパラメータの利用はvar.hogeで出来るが、VSCodeでは\"${var.hoge}\"にしないと構文エラーになる",
        "ts": "1581668214.025100",
        "username": "Terraformタグが付けられた新着記事 - Qiita",
        "icons": {
            "image_36": "https:\/\/a.slack-edge.com\/80588\/img\/services\/rss_36.png",
            "image_48": "https:\/\/a.slack-edge.com\/80588\/img\/services\/rss_48.png",
            "image_72": "https:\/\/a.slack-edge.com\/80588\/img\/services\/rss_72.png"
        },
        "bot_id": "BG3N7LG73",
        "attachments": [
            {
                "service_name": "Qiita",
                "title": "[WIP]Terraformを使うためにドキュメント読んだときのメモ - Qiita",
                "title_link": "https:\/\/qiita.com\/seri\/items\/46d0576590ae967440b1",
                "text": "- ディレクトリにあるTFファイルを全部読み取っている - providerで利用するクラウドサービスを宣言 - versionを省略すると最新が取得される - versionを指定しないほうが処理が早い - `vers...",
                "fallback": "Qiita: [WIP]Terraformを使うためにドキュメント読んだときのメモ - Qiita",
                "image_url": "https:\/\/qiita-user-contents.imgix.net\/https%3A%2F%2Fcdn.qiita.com%2Fassets%2Fpublic%2Fogp-background-1150d8b18a7c15795b701a55ae908f94.png?ixlib=rb-1.2.2&w=1200&mark=https%3A%2F%2Fqiita-user-contents.imgix.net%2F~text%3Fixlib%3Drb-1.2.2%26w%3D840%26h%3D380%26txt%3D%255BWIP%255DTerraform%25E3%2582%2592%25E4%25BD%25BF%25E3%2581%2586%25E3%2581%259F%25E3%2582%2581%25E3%2581%25AB%25E3%2583%2589%25E3%2582%25AD%25E3%2583%25A5%25E3%2583%25A1%25E3%2583%25B3%25E3%2583%2588%25E8%25AA%25AD%25E3%2582%2593%25E3%2581%25A0%25E3%2581%25A8%25E3%2581%258D%25E3%2581%25AE%25E3%2583%25A1%25E3%2583%25A2%26txt-color%3D%2523333%26txt-font%3DAvenir-Black%26txt-size%3D54%26txt-clip%3Dellipsis%26txt-align%3Dcenter%252Cmiddle%26s%3Db3b748bc3c13e5baaa7b04440c271387&mark-align=center%2Cmiddle&blend=https%3A%2F%2Fqiita-user-contents.imgix.net%2F~text%3Fixlib%3Drb-1.2.2%26w%3D840%26h%3D500%26txt%3D%2540seri%26txt-color%3D%2523333%26txt-font%3DAvenir-Black%26txt-size%3D45%26txt-align%3Dright%252Cbottom%26s%3Dd3910cd01dcc274ff97f46d707616380&blend-align=center%2Cmiddle&blend-mode=normal&s=826079db9451f593bc752acabee4d3f1",
                "from_url": "https:\/\/qiita.com\/seri\/items\/46d0576590ae967440b1",
                "image_width": 476,
                "image_height": 250,
                "image_bytes": 48834,
                "service_icon": "https:\/\/cdn.qiita.com\/assets\/favicons\/public\/apple-touch-icon-ec5ba42a24ae923f16825592efdc356f.png",
                "id": 1,
                "original_url": "https:\/\/qiita.com\/seri\/items\/46d0576590ae967440b1"
            }
        ],
        "edited": {
            "user": "BG3N7LG73",
            "ts": "1581668215.000000"
        }
    },
    {
        "type": "message",
        "subtype": "bot_message",
        "text": "<https:\/\/www.reddit.com\/r\/Terraform\/comments\/f3pqc4\/iterating_help_needed_map_of_lists_or_list_of\/|iterating help needed: map of lists, or list of maps, for subnet cidr+name matching?>\nI am just beating my head against a wall here. I want to avoid using a simple list to define subnets, because then I need to add a new resource block every time I build a new VPC with a different subnet name. For example:  <https:\/\/gist.github.com\/law\/26443ca3c1f511db75d207be4e0a9ce8|https:\/\/gist.github.com\/law\/26443ca3c1f511db75d207be4e0a9ce8> With that example (taken more or less whole-cloth from the \"terraform-aws-modules\/vpc\/aws\" module), if I want to create a new subnet named...",
        "ts": "1581671813.025300",
        "username": "Terraform ALL the Worlds!",
        "icons": {
            "image_48": "https:\/\/s3-us-west-2.amazonaws.com\/slack-files2\/bot_icons\/2019-02-12\/548785199618_48.png"
        },
        "bot_id": "BG3N7LG73",
        "attachments": [
            {
                "service_name": "reddit",
                "title": "iterating help needed: map of lists, or list of maps, for subnet cidr+name matching?",
                "title_link": "https:\/\/www.reddit.com\/r\/Terraform\/comments\/f3pqc4\/iterating_help_needed_map_of_lists_or_list_of\/",
                "text": "I am just beating my head against a wall here. I want to avoid using a simple list to define subnets, because then I need to add a new resource...",
                "fallback": "reddit: iterating help needed: map of lists, or list of maps, for subnet cidr+name matching?",
                "thumb_url": "https:\/\/www.redditstatic.com\/new-icon.png",
                "from_url": "https:\/\/www.reddit.com\/r\/Terraform\/comments\/f3pqc4\/iterating_help_needed_map_of_lists_or_list_of\/",
                "thumb_width": 256,
                "thumb_height": 256,
                "service_icon": "http:\/\/www.redditstatic.com\/desktop2x\/img\/favicon\/apple-icon-57x57.png",
                "id": 1,
                "original_url": "https:\/\/www.reddit.com\/r\/Terraform\/comments\/f3pqc4\/iterating_help_needed_map_of_lists_or_list_of\/"
            }
        ],
        "edited": {
            "user": "BG3N7LG73",
            "ts": "1581671813.000000"
        }
    },
    {
        "type": "message",
        "subtype": "bot_message",
        "text": "<https:\/\/www.reddit.com\/r\/Terraform\/comments\/f3ps6p\/using_aws_subnet_ids_data_source_where\/|using aws_subnet_ids data source where potentially no matching items...?>\ntrying to use aws_subnet_ids to look up subnets with a particular tag (e.g. type=private) but it's possible that there are no matches and i want to skirt the \"no matching subnets found\" error. can anyone suggest any strategies for this (using terraform 12...)? ``` data \"aws_subnet_ids\" \"this\" { vpc_id = var.vpc_id tags = { type = \"private\" } } ``` the above fails, so looking for some kind of work around, any guidance appreciated!    submitted by   &lt;a...",
        "ts": "1581673011.025500",
        "username": "Terraform ALL the Worlds!",
        "icons": {
            "image_48": "https:\/\/s3-us-west-2.amazonaws.com\/slack-files2\/bot_icons\/2019-02-12\/548785199618_48.png"
        },
        "bot_id": "BG3N7LG73",
        "attachments": [
            {
                "service_name": "reddit",
                "title": "using aws_subnet_ids data source where potentially no matching items...?",
                "title_link": "https:\/\/www.reddit.com\/r\/Terraform\/comments\/f3ps6p\/using_aws_subnet_ids_data_source_where\/",
                "text": "trying to use `aws_subnet_ids` to look up subnets with a particular tag (e.g. type=private) but it's possible that there are no matches and i...",
                "fallback": "reddit: using aws_subnet_ids data source where potentially no matching items...?",
                "thumb_url": "https:\/\/www.redditstatic.com\/new-icon.png",
                "from_url": "https:\/\/www.reddit.com\/r\/Terraform\/comments\/f3ps6p\/using_aws_subnet_ids_data_source_where\/",
                "thumb_width": 256,
                "thumb_height": 256,
                "service_icon": "http:\/\/www.redditstatic.com\/desktop2x\/img\/favicon\/apple-icon-57x57.png",
                "id": 1,
                "original_url": "https:\/\/www.reddit.com\/r\/Terraform\/comments\/f3ps6p\/using_aws_subnet_ids_data_source_where\/"
            }
        ],
        "edited": {
            "user": "BG3N7LG73",
            "ts": "1581673011.000000"
        }
    },
    {
        "type": "message",
        "subtype": "bot_message",
        "text": "<https:\/\/www.reddit.com\/r\/Terraform\/comments\/f3quku\/pagerduty_nested_dynamic_blocks\/|Pagerduty nested dynamic blocks>\nHi, I need to create an escalation policy in Pagerduty using Terraform. I want to dynamically create `rule` blocks and then within them `target` blocks with values from `rule`. I am not sure how to make the second call inside target block to make it dynamic.  I have a list of teams within a list.  locals {\nteams = [\n[team1, team2],\n[escalation_team]\n]\n} Here's my Terraform: resource \"pagerduty_escalation_policy\" \"policy\" {\nname = var.policy_name\nnum_loops = var.num_loops\nteams =...",
        "ts": "1581680217.025700",
        "username": "Terraform ALL the Worlds!",
        "icons": {
            "image_48": "https:\/\/s3-us-west-2.amazonaws.com\/slack-files2\/bot_icons\/2019-02-12\/548785199618_48.png"
        },
        "bot_id": "BG3N7LG73",
        "attachments": [
            {
                "service_name": "reddit",
                "title": "Pagerduty nested dynamic blocks",
                "title_link": "https:\/\/www.reddit.com\/r\/Terraform\/comments\/f3quku\/pagerduty_nested_dynamic_blocks\/",
                "text": "Hi, I need to create an escalation policy in Pagerduty using Terraform. I want to dynamically create \\`rule\\` blocks and then within them...",
                "fallback": "reddit: Pagerduty nested dynamic blocks",
                "thumb_url": "https:\/\/www.redditstatic.com\/new-icon.png",
                "from_url": "https:\/\/www.reddit.com\/r\/Terraform\/comments\/f3quku\/pagerduty_nested_dynamic_blocks\/",
                "thumb_width": 256,
                "thumb_height": 256,
                "service_icon": "http:\/\/www.redditstatic.com\/desktop2x\/img\/favicon\/apple-icon-57x57.png",
                "id": 1,
                "original_url": "https:\/\/www.reddit.com\/r\/Terraform\/comments\/f3quku\/pagerduty_nested_dynamic_blocks\/"
            }
        ],
        "edited": {
            "user": "BG3N7LG73",
            "ts": "1581680217.000000"
        }
    },
    {
        "type": "message",
        "subtype": "bot_message",
        "text": "<https:\/\/qiita.com\/sicksixrock66\/items\/73abc49a791f547100fd|Terraformでmoduleを使ってみる。>\nTerraformにはモジュールで処理を使いまわせる機能がありますが\nIaC初心者には理解が難しかったので備忘録がてらメモです。\n\n<https:\/\/www.terraform.io\/docs\/configuration\/modules.html|https:\/\/www.terraform.io\/docs\/configuration\/modules.html>\n\n\n<https:\/\/qiita.com\/#%E3%83%87%E3%82%A3%E3%83%AC%E3%82%AF%E3%83%88%E3%83%AA%E6%A7%8B%E9%80%A0>ディレクトリ構造\n\nwork\/\n├── module\n│   └── <http:\/\/ec2_module.tf|ec2_module.tf>\n└── <http:\/\/test.tf|test.tf>\n\n\n\n<https:\/\/qiita.com\/#ec2_moduletf>ec2_module.tf\n\nモジュールの中身...",
        "ts": "1581691018.025900",
        "username": "Terraformタグが付けられた新着記事 - Qiita",
        "icons": {
            "image_36": "https:\/\/a.slack-edge.com\/80588\/img\/services\/rss_36.png",
            "image_48": "https:\/\/a.slack-edge.com\/80588\/img\/services\/rss_48.png",
            "image_72": "https:\/\/a.slack-edge.com\/80588\/img\/services\/rss_72.png"
        },
        "bot_id": "BG3N7LG73",
        "attachments": [
            {
                "service_name": "Qiita",
                "title": "Terraformでmoduleを使ってみる。 - Qiita",
                "title_link": "https:\/\/qiita.com\/sicksixrock66\/items\/73abc49a791f547100fd",
                "text": "Terraformにはモジュールで処理を使いまわせる機能があるが、 IaC初心者には理解が難しかったので備忘録がてらメモです。 <https:\/\/www.terraform.io\/docs\/configuration\/modules>....",
                "fallback": "Qiita: Terraformでmoduleを使ってみる。 - Qiita",
                "image_url": "https:\/\/qiita-user-contents.imgix.net\/https%3A%2F%2Fcdn.qiita.com%2Fassets%2Fpublic%2Fogp-background-1150d8b18a7c15795b701a55ae908f94.png?ixlib=rb-1.2.2&w=1200&mark=https%3A%2F%2Fqiita-user-contents.imgix.net%2F~text%3Fixlib%3Drb-1.2.2%26w%3D840%26h%3D380%26txt%3DTerraform%25E3%2581%25A7module%25E3%2582%2592%25E4%25BD%25BF%25E3%2581%25A3%25E3%2581%25A6%25E3%2581%25BF%25E3%2582%258B%25E3%2580%2582%26txt-color%3D%2523333%26txt-font%3DAvenir-Black%26txt-size%3D54%26txt-clip%3Dellipsis%26txt-align%3Dcenter%252Cmiddle%26s%3D26a9371af8c724678a7e27c659ac66fe&mark-align=center%2Cmiddle&blend=https%3A%2F%2Fqiita-user-contents.imgix.net%2F~text%3Fixlib%3Drb-1.2.2%26w%3D840%26h%3D500%26txt%3D%2540sicksixrock66%26txt-color%3D%2523333%26txt-font%3DAvenir-Black%26txt-size%3D45%26txt-align%3Dright%252Cbottom%26s%3D6801f817039ae491cbaeb557bc8e9f60&blend-align=center%2Cmiddle&blend-mode=normal&s=70c278b2852d89ce3d3805201aeeecf4",
                "from_url": "https:\/\/qiita.com\/sicksixrock66\/items\/73abc49a791f547100fd",
                "image_width": 476,
                "image_height": 250,
                "image_bytes": 35941,
                "service_icon": "https:\/\/cdn.qiita.com\/assets\/favicons\/public\/apple-touch-icon-ec5ba42a24ae923f16825592efdc356f.png",
                "id": 1,
                "original_url": "https:\/\/qiita.com\/sicksixrock66\/items\/73abc49a791f547100fd"
            },
            {
                "service_name": "Terraform by HashiCorp",
                "title": "Modules - Configuration Language - Terraform by HashiCorp",
                "title_link": "https:\/\/www.terraform.io\/docs\/configuration\/modules.html",
                "text": "Modules allow multiple resources to be grouped together and encapsulated.",
                "fallback": "Terraform by HashiCorp: Modules - Configuration Language - Terraform by HashiCorp",
                "thumb_url": "https:\/\/www.terraform.io\/assets\/images\/og-image-8b3e4f7d.png",
                "from_url": "https:\/\/www.terraform.io\/docs\/configuration\/modules.html",
                "thumb_width": 712,
                "thumb_height": 712,
                "service_icon": "https:\/\/www.terraform.io\/assets\/images\/favicons\/apple-touch-icon-13180a24.png",
                "id": 2,
                "original_url": "https:\/\/www.terraform.io\/docs\/configuration\/modules.html"
            },
            {
                "service_name": "Qiita",
                "title": "プログラマの技術情報共有サービス - Qiita",
                "title_link": "https:\/\/qiita.com\/#%E3%83%87%E3%82%A3%E3%83%AC%E3%82%AF%E3%83%88%E3%83%AA%E6%A7%8B%E9%80%A0",
                "text": "Qiitaは、プログラマのための技術情報共有サービスです。 プログラミングに関するTips、ノウハウ、メモを簡単に記録 &amp; 公開することができます。",
                "fallback": "Qiita: プログラマの技術情報共有サービス - Qiita",
                "thumb_url": "https:\/\/cdn.qiita.com\/assets\/qiita-fb-fe28c64039d925349e620ba55091e078.png",
                "from_url": "https:\/\/qiita.com\/#%E3%83%87%E3%82%A3%E3%83%AC%E3%82%AF%E3%83%88%E3%83%AA%E6%A7%8B%E9%80%A0",
                "thumb_width": 1200,
                "thumb_height": 630,
                "service_icon": "https:\/\/cdn.qiita.com\/assets\/favicons\/public\/apple-touch-icon-ec5ba42a24ae923f16825592efdc356f.png",
                "id": 3,
                "original_url": "https:\/\/qiita.com\/#%E3%83%87%E3%82%A3%E3%83%AC%E3%82%AF%E3%83%88%E3%83%AA%E6%A7%8B%E9%80%A0"
            },
            {
                "service_name": "Qiita",
                "title": "プログラマの技術情報共有サービス - Qiita",
                "title_link": "https:\/\/qiita.com\/#ec2_moduletf",
                "text": "Qiitaは、プログラマのための技術情報共有サービスです。 プログラミングに関するTips、ノウハウ、メモを簡単に記録 &amp; 公開することができます。",
                "fallback": "Qiita: プログラマの技術情報共有サービス - Qiita",
                "thumb_url": "https:\/\/cdn.qiita.com\/assets\/qiita-fb-fe28c64039d925349e620ba55091e078.png",
                "from_url": "https:\/\/qiita.com\/#ec2_moduletf",
                "thumb_width": 1200,
                "thumb_height": 630,
                "service_icon": "https:\/\/cdn.qiita.com\/assets\/favicons\/public\/apple-touch-icon-ec5ba42a24ae923f16825592efdc356f.png",
                "id": 4,
                "original_url": "https:\/\/qiita.com\/#ec2_moduletf"
            }
        ],
        "edited": {
            "user": "BG3N7LG73",
            "ts": "1581691018.000000"
        }
    },
    {
        "type": "message",
        "subtype": "bot_message",
        "text": "<https:\/\/www.reddit.com\/r\/Terraform\/comments\/f3util\/plan_formatting_for_code_review_with_terraform_012\/|Plan formatting for code review with Terraform 0.12+?>\nWe're starting to do more involved code review on Terraform changes, which is great but it's making me wonder whether anyone has a toolchain they really like for reviewing plan output, especially in the context of something like a GitLab\/GitHub review. We're using Terraform 0.12 so most of the existing tools (landscape, scenery, etc.) don't support the new output format and less relevant now that the base output has become more helpful. I've been toying with writing something for creating...",
        "ts": "1581699421.026100",
        "username": "Terraform ALL the Worlds!",
        "icons": {
            "image_48": "https:\/\/s3-us-west-2.amazonaws.com\/slack-files2\/bot_icons\/2019-02-12\/548785199618_48.png"
        },
        "bot_id": "BG3N7LG73",
        "attachments": [
            {
                "service_name": "reddit",
                "title": "Plan formatting for code review with Terraform 0.12+?",
                "title_link": "https:\/\/www.reddit.com\/r\/Terraform\/comments\/f3util\/plan_formatting_for_code_review_with_terraform_012\/",
                "text": "We're starting to do more involved code review on Terraform changes, which is great but it's making me wonder whether anyone has a toolchain they...",
                "fallback": "reddit: Plan formatting for code review with Terraform 0.12+?",
                "thumb_url": "https:\/\/www.redditstatic.com\/new-icon.png",
                "from_url": "https:\/\/www.reddit.com\/r\/Terraform\/comments\/f3util\/plan_formatting_for_code_review_with_terraform_012\/",
                "thumb_width": 256,
                "thumb_height": 256,
                "service_icon": "http:\/\/www.redditstatic.com\/desktop2x\/img\/favicon\/apple-icon-57x57.png",
                "id": 1,
                "original_url": "https:\/\/www.reddit.com\/r\/Terraform\/comments\/f3util\/plan_formatting_for_code_review_with_terraform_012\/"
            }
        ],
        "edited": {
            "user": "BG3N7LG73",
            "ts": "1581699421.000000"
        }
    },
    {
        "type": "message",
        "subtype": "bot_message",
        "text": "<https:\/\/www.reddit.com\/r\/Terraform\/comments\/f3vuuq\/azure_scale_set_using_image_gallery_getting_the\/|Azure Scale Set using Image Gallery, getting the latest image version>\nI've got an image being created by packer which populates the Azure Shared Image Gallery. Each time I run my pipeline, I would like to do lookup on the name of the image and determine what the latest version is so that I can grab its ID for use in my Scale set. Has anyone done this?  Also, is there a way with Packer to just increment the version number each time that Packer is run against an image?    submitted by   <https:\/\/www.reddit.com\/user\/a8ree| \/u\/a8ree > \n&lt;a...",
        "ts": "1581703021.026300",
        "username": "Terraform ALL the Worlds!",
        "icons": {
            "image_48": "https:\/\/s3-us-west-2.amazonaws.com\/slack-files2\/bot_icons\/2019-02-12\/548785199618_48.png"
        },
        "bot_id": "BG3N7LG73",
        "attachments": [
            {
                "service_name": "reddit",
                "title": "Azure Scale Set using Image Gallery, getting the latest image version",
                "title_link": "https:\/\/www.reddit.com\/r\/Terraform\/comments\/f3vuuq\/azure_scale_set_using_image_gallery_getting_the\/",
                "text": "I've got an image being created by packer which populates the Azure Shared Image Gallery. Each time I run my pipeline, I would like to do lookup...",
                "fallback": "reddit: Azure Scale Set using Image Gallery, getting the latest image version",
                "thumb_url": "https:\/\/www.redditstatic.com\/new-icon.png",
                "from_url": "https:\/\/www.reddit.com\/r\/Terraform\/comments\/f3vuuq\/azure_scale_set_using_image_gallery_getting_the\/",
                "thumb_width": 256,
                "thumb_height": 256,
                "service_icon": "http:\/\/www.redditstatic.com\/desktop2x\/img\/favicon\/apple-icon-57x57.png",
                "id": 1,
                "original_url": "https:\/\/www.reddit.com\/r\/Terraform\/comments\/f3vuuq\/azure_scale_set_using_image_gallery_getting_the\/"
            },
            {
                "title": "overview for a8ree",
                "title_link": "https:\/\/www.reddit.com\/user\/a8ree",
                "text": "The u\/a8ree community on Reddit. Reddit gives you the best of the internet in one place.",
                "fallback": "overview for a8ree",
                "from_url": "https:\/\/www.reddit.com\/user\/a8ree",
                "service_icon": "http:\/\/www.redditstatic.com\/desktop2x\/img\/favicon\/apple-icon-57x57.png",
                "service_name": "reddit.com",
                "id": 2,
                "original_url": "https:\/\/www.reddit.com\/user\/a8ree"
            }
        ],
        "edited": {
            "user": "BG3N7LG73",
            "ts": "1581703021.000000"
        }
    },
    {
        "type": "message",
        "subtype": "bot_message",
        "text": "<https:\/\/qiita.com\/hb5kz\/items\/414961bc1e18f0822f17|rails環境構築その３【terraform】>\n<https:\/\/qiita.com\/#%E3%81%AF%E3%81%98%E3%82%81%E3%81%AB>はじめに\n\nterraformをつかってAWS(EC2,RDS)を作成します。\n\n\n<https:\/\/qiita.com\/#%E5%85%A8%E4%BD%93%E3%81%AE%E6%B5%81%E3%82%8C>全体の流れ\n\nterraformインストール\nAWSでIAMユーザー作成\nAWS CLI導入\n\nAWS CLIにIAMユーザーの登録\n\nterraformとは\nterraform導入\n\nプロバイダーの設定\nVPC作成\nサブネット作成\nインターネットゲートウェイ作成\nルートテーブル作成\nEC2作成\nSecurity Groupの作成\nRDS作成\n\n\n参考\n* <https:\/\/qiita.com\/Chanmoro\/items\/55bf0da3aaf37dc26f73|10分で理解するTerraform>\n\n\n&lt;a...",
        "ts": "1581741413.026500",
        "username": "Terraformタグが付けられた新着記事 - Qiita",
        "icons": {
            "image_36": "https:\/\/a.slack-edge.com\/80588\/img\/services\/rss_36.png",
            "image_48": "https:\/\/a.slack-edge.com\/80588\/img\/services\/rss_48.png",
            "image_72": "https:\/\/a.slack-edge.com\/80588\/img\/services\/rss_72.png"
        },
        "bot_id": "BG3N7LG73",
        "attachments": [
            {
                "service_name": "Qiita",
                "title": "rails環境構築その３【terraform】 - Qiita",
                "title_link": "https:\/\/qiita.com\/hb5kz\/items\/414961bc1e18f0822f17",
                "text": "# はじめに terraformをつかってAWS(EC2,RDS)を作成します。 # 全体の流れ 1. terraformインストール 2. AWSでIAMユーザー作成 3. AWS CLI導入 4. AWS CLIにIAM...",
                "fallback": "Qiita: rails環境構築その３【terraform】 - Qiita",
                "image_url": "https:\/\/qiita-user-contents.imgix.net\/https%3A%2F%2Fcdn.qiita.com%2Fassets%2Fpublic%2Fogp-background-1150d8b18a7c15795b701a55ae908f94.png?ixlib=rb-1.2.2&w=1200&mark=https%3A%2F%2Fqiita-user-contents.imgix.net%2F~text%3Fixlib%3Drb-1.2.2%26w%3D840%26h%3D380%26txt%3Drails%25E7%2592%25B0%25E5%25A2%2583%25E6%25A7%258B%25E7%25AF%2589%25E3%2581%259D%25E3%2581%25AE%25EF%25BC%2593%25E3%2580%2590terraform%25E3%2580%2591%26txt-color%3D%2523333%26txt-font%3DAvenir-Black%26txt-size%3D54%26txt-clip%3Dellipsis%26txt-align%3Dcenter%252Cmiddle%26s%3D5c3eb791e8d60ce149466543cfe0dd76&mark-align=center%2Cmiddle&blend=https%3A%2F%2Fqiita-user-contents.imgix.net%2F~text%3Fixlib%3Drb-1.2.2%26w%3D840%26h%3D500%26txt%3D%2540hb5kz%26txt-color%3D%2523333%26txt-font%3DAvenir-Black%26txt-size%3D45%26txt-align%3Dright%252Cbottom%26s%3D5bef8edb96caa7f6966b0c5b8edaed0f&blend-align=center%2Cmiddle&blend-mode=normal&s=9fcddcc76fc219ccdfdb034957ab49ce",
                "from_url": "https:\/\/qiita.com\/hb5kz\/items\/414961bc1e18f0822f17",
                "image_width": 476,
                "image_height": 250,
                "image_bytes": 37602,
                "service_icon": "https:\/\/cdn.qiita.com\/assets\/favicons\/public\/apple-touch-icon-ec5ba42a24ae923f16825592efdc356f.png",
                "id": 1,
                "original_url": "https:\/\/qiita.com\/hb5kz\/items\/414961bc1e18f0822f17"
            },
            {
                "service_name": "Qiita",
                "title": "プログラマの技術情報共有サービス - Qiita",
                "title_link": "https:\/\/qiita.com\/#%E3%81%AF%E3%81%98%E3%82%81%E3%81%AB",
                "text": "Qiitaは、プログラマのための技術情報共有サービスです。 プログラミングに関するTips、ノウハウ、メモを簡単に記録 &amp; 公開することができます。",
                "fallback": "Qiita: プログラマの技術情報共有サービス - Qiita",
                "thumb_url": "https:\/\/cdn.qiita.com\/assets\/qiita-fb-fe28c64039d925349e620ba55091e078.png",
                "from_url": "https:\/\/qiita.com\/#%E3%81%AF%E3%81%98%E3%82%81%E3%81%AB",
                "thumb_width": 1200,
                "thumb_height": 630,
                "service_icon": "https:\/\/cdn.qiita.com\/assets\/favicons\/public\/apple-touch-icon-ec5ba42a24ae923f16825592efdc356f.png",
                "id": 2,
                "original_url": "https:\/\/qiita.com\/#%E3%81%AF%E3%81%98%E3%82%81%E3%81%AB"
            },
            {
                "service_name": "Qiita",
                "title": "プログラマの技術情報共有サービス - Qiita",
                "title_link": "https:\/\/qiita.com\/#%E5%85%A8%E4%BD%93%E3%81%AE%E6%B5%81%E3%82%8C",
                "text": "Qiitaは、プログラマのための技術情報共有サービスです。 プログラミングに関するTips、ノウハウ、メモを簡単に記録 &amp; 公開することができます。",
                "fallback": "Qiita: プログラマの技術情報共有サービス - Qiita",
                "thumb_url": "https:\/\/cdn.qiita.com\/assets\/qiita-fb-fe28c64039d925349e620ba55091e078.png",
                "from_url": "https:\/\/qiita.com\/#%E5%85%A8%E4%BD%93%E3%81%AE%E6%B5%81%E3%82%8C",
                "thumb_width": 1200,
                "thumb_height": 630,
                "service_icon": "https:\/\/cdn.qiita.com\/assets\/favicons\/public\/apple-touch-icon-ec5ba42a24ae923f16825592efdc356f.png",
                "id": 3,
                "original_url": "https:\/\/qiita.com\/#%E5%85%A8%E4%BD%93%E3%81%AE%E6%B5%81%E3%82%8C"
            },
            {
                "service_name": "Qiita",
                "title": "10分で理解するTerraform - Qiita",
                "title_link": "https:\/\/qiita.com\/Chanmoro\/items\/55bf0da3aaf37dc26f73",
                "text": "# [Terraform](<https:\/\/www.terraform.io\/>) とは `インフラストラクチャ定義ツール` に分類されるツールで、クラウド上のリソースを定義ファイルの状態になるように生成・操作してくれます インフラの...",
                "fallback": "Qiita: 10分で理解するTerraform - Qiita",
                "image_url": "https:\/\/qiita-user-contents.imgix.net\/https%3A%2F%2Fcdn.qiita.com%2Fassets%2Fpublic%2Fogp-background-1150d8b18a7c15795b701a55ae908f94.png?ixlib=rb-1.2.2&w=1200&mark=https%3A%2F%2Fqiita-user-contents.imgix.net%2F~text%3Fixlib%3Drb-1.2.2%26w%3D840%26h%3D380%26txt%3D10%25E5%2588%2586%25E3%2581%25A7%25E7%2590%2586%25E8%25A7%25A3%25E3%2581%2599%25E3%2582%258BTerraform%26txt-color%3D%2523333%26txt-font%3DAvenir-Black%26txt-size%3D54%26txt-clip%3Dellipsis%26txt-align%3Dcenter%252Cmiddle%26s%3D49f429422248e576ee6ff9ffa90d0672&mark-align=center%2Cmiddle&blend=https%3A%2F%2Fqiita-user-contents.imgix.net%2F~text%3Fixlib%3Drb-1.2.2%26w%3D840%26h%3D500%26txt%3D%2540Chanmoro%26txt-color%3D%2523333%26txt-font%3DAvenir-Black%26txt-size%3D45%26txt-align%3Dright%252Cbottom%26s%3Dc9bc45931379b4e3600ca79e5318e895&blend-align=center%2Cmiddle&blend-mode=normal&s=1fe9188a01dee7f1a2e62365939dde3e",
                "from_url": "https:\/\/qiita.com\/Chanmoro\/items\/55bf0da3aaf37dc26f73",
                "image_width": 476,
                "image_height": 250,
                "image_bytes": 34221,
                "service_icon": "https:\/\/cdn.qiita.com\/assets\/favicons\/public\/apple-touch-icon-ec5ba42a24ae923f16825592efdc356f.png",
                "id": 4,
                "original_url": "https:\/\/qiita.com\/Chanmoro\/items\/55bf0da3aaf37dc26f73"
            }
        ],
        "edited": {
            "user": "BG3N7LG73",
            "ts": "1581741413.000000"
        }
    }
]