[
    {
        "type": "message",
        "subtype": "bot_message",
        "text": "<https:\/\/qiita.com\/Suguru_Toyohara\/items\/7ba13e525d41c6c5454c|【備忘録】terraformでバケットが存在するのに\"querying Cloud Storage failed: storage: bucket doesn't exist\"と表示されてしまう話>\n<https:\/\/qiita.com\/#%E6%A6%82%E8%A6%81>概要\n\nGCSにBackendを設定するためにterraform initをした時に、タイトルの通り、こんなエラーが表示されます。\n\n\nterraform\nError: Error inspecting states in the \"gcs\" backend:\n    querying Cloud Storage failed: storage: bucket doesn't exist\n\n\n\n\nこれは文字通りterraformの項目に書かれているところのバケットが読めないっていう意味のエラーなんですが、\n修正しても全然改善されないということが起こります。\n\n\n<https:\/\/qiita.com\/#%E5%AF%BE%E5%87%A6%E6%B3%95>対処法\n\n&lt;a...",
        "ts": "1582027014.029700",
        "username": "Terraformタグが付けられた新着記事 - Qiita",
        "icons": {
            "image_36": "https:\/\/a.slack-edge.com\/80588\/img\/services\/rss_36.png",
            "image_48": "https:\/\/a.slack-edge.com\/80588\/img\/services\/rss_48.png",
            "image_72": "https:\/\/a.slack-edge.com\/80588\/img\/services\/rss_72.png"
        },
        "bot_id": "BG3N7LG73",
        "attachments": [
            {
                "service_name": "Qiita",
                "title": "【備忘録】terraformでバケットが存在するのに\"querying Cloud Storage failed: storage: bucket doesn't exist\"と表示されてしまう話 - Qiita",
                "title_link": "https:\/\/qiita.com\/Suguru_Toyohara\/items\/7ba13e525d41c6c5454c",
                "text": "# 概要 GCSにBackendを設定するために`terraform init`をした時に、タイトルの通り、こんなエラーが表示されます。 ```:terraform Error: Error inspecting states i...",
                "fallback": "Qiita: 【備忘録】terraformでバケットが存在するのに\"querying Cloud Storage failed: storage: bucket doesn't exist\"と表示されてしまう話 - Qiita",
                "image_url": "https:\/\/qiita-user-contents.imgix.net\/https%3A%2F%2Fcdn.qiita.com%2Fassets%2Fpublic%2Fogp-background-1150d8b18a7c15795b701a55ae908f94.png?ixlib=rb-1.2.2&w=1200&mark=https%3A%2F%2Fqiita-user-contents.imgix.net%2F~text%3Fixlib%3Drb-1.2.2%26w%3D840%26h%3D380%26txt%3D%25E3%2580%2590%25E5%2582%2599%25E5%25BF%2598%25E9%258C%25B2%25E3%2580%2591terraform%25E3%2581%25A7%25E3%2583%2590%25E3%2582%25B1%25E3%2583%2583%25E3%2583%2588%25E3%2581%258C%25E5%25AD%2598%25E5%259C%25A8%25E3%2581%2599%25E3%2582%258B%25E3%2581%25AE%25E3%2581%25AB%2522querying%2520Cloud%2520Storage%2520failed%253A%2520storage%253A%2520bucket%2520doesn%2527t%2520exist%2522%25E3%2581%25A8%25E8%25A1%25A8%25E2%2580%25A6%26txt-color%3D%2523333%26txt-font%3DAvenir-Black%26txt-size%3D54%26txt-clip%3Dellipsis%26txt-align%3Dcenter%252Cmiddle%26s%3Deba386e9cd7ee3bfb3ff6650f79ed83b&mark-align=center%2Cmiddle&blend=https%3A%2F%2Fqiita-user-contents.imgix.net%2F~text%3Fixlib%3Drb-1.2.2%26w%3D840%26h%3D500%26txt%3D%2540Suguru_Toyohara%26txt-color%3D%2523333%26txt-font%3DAvenir-Black%26txt-size%3D45%26txt-align%3Dright%252Cbottom%26s%3D2f2c052c653c89a249ca24c80cf52eef&blend-align=center%2Cmiddle&blend-mode=normal&s=f303790c163b38ef583fc09aa53af04d",
                "from_url": "https:\/\/qiita.com\/Suguru_Toyohara\/items\/7ba13e525d41c6c5454c",
                "image_width": 476,
                "image_height": 250,
                "image_bytes": 75792,
                "service_icon": "https:\/\/cdn.qiita.com\/assets\/favicons\/public\/apple-touch-icon-ec5ba42a24ae923f16825592efdc356f.png",
                "id": 1,
                "original_url": "https:\/\/qiita.com\/Suguru_Toyohara\/items\/7ba13e525d41c6c5454c"
            },
            {
                "service_name": "Qiita",
                "title": "プログラマの技術情報共有サービス - Qiita",
                "title_link": "https:\/\/qiita.com\/#%E6%A6%82%E8%A6%81",
                "text": "Qiitaは、プログラマのための技術情報共有サービスです。 プログラミングに関するTips、ノウハウ、メモを簡単に記録 &amp; 公開することができます。",
                "fallback": "Qiita: プログラマの技術情報共有サービス - Qiita",
                "thumb_url": "https:\/\/cdn.qiita.com\/assets\/qiita-fb-fe28c64039d925349e620ba55091e078.png",
                "from_url": "https:\/\/qiita.com\/#%E6%A6%82%E8%A6%81",
                "thumb_width": 1200,
                "thumb_height": 630,
                "service_icon": "https:\/\/cdn.qiita.com\/assets\/favicons\/public\/apple-touch-icon-ec5ba42a24ae923f16825592efdc356f.png",
                "id": 2,
                "original_url": "https:\/\/qiita.com\/#%E6%A6%82%E8%A6%81"
            },
            {
                "service_name": "Qiita",
                "title": "プログラマの技術情報共有サービス - Qiita",
                "title_link": "https:\/\/qiita.com\/#%E5%AF%BE%E5%87%A6%E6%B3%95",
                "text": "Qiitaは、プログラマのための技術情報共有サービスです。 プログラミングに関するTips、ノウハウ、メモを簡単に記録 &amp; 公開することができます。",
                "fallback": "Qiita: プログラマの技術情報共有サービス - Qiita",
                "thumb_url": "https:\/\/cdn.qiita.com\/assets\/qiita-fb-fe28c64039d925349e620ba55091e078.png",
                "from_url": "https:\/\/qiita.com\/#%E5%AF%BE%E5%87%A6%E6%B3%95",
                "thumb_width": 1200,
                "thumb_height": 630,
                "service_icon": "https:\/\/cdn.qiita.com\/assets\/favicons\/public\/apple-touch-icon-ec5ba42a24ae923f16825592efdc356f.png",
                "id": 3,
                "original_url": "https:\/\/qiita.com\/#%E5%AF%BE%E5%87%A6%E6%B3%95"
            }
        ],
        "edited": {
            "user": "BG3N7LG73",
            "ts": "1582027014.000000"
        }
    },
    {
        "type": "message",
        "subtype": "bot_message",
        "text": "<https:\/\/www.reddit.com\/r\/Terraform\/comments\/f5qrg4\/gcpgke_module_anyone_run_into_issues_with_the\/|[GCP][GKE Module] Anyone run into issues with the auth.tf?>\nLong story, short: Building out GKE clusters following a guide, using the 'gke' module. The module itself is failing on <https:\/\/auth.tf\/|auth.tf> stating there is no config file for kube.   failed to initialize config: invalid configuration: no configuration has been provided  This is to build a cluster, so there isn't any information I have to provide a kube config right now. This is my first cluster, and first attempt.  Has anyone else had this issue, or know of a work around?...",
        "ts": "1582028220.029900",
        "username": "Terraform ALL the Worlds!",
        "icons": {
            "image_48": "https:\/\/s3-us-west-2.amazonaws.com\/slack-files2\/bot_icons\/2019-02-12\/548785199618_48.png"
        },
        "bot_id": "BG3N7LG73",
        "attachments": [
            {
                "service_name": "reddit",
                "title": "[GCP][GKE Module] Anyone run into issues with the auth.tf?",
                "title_link": "https:\/\/www.reddit.com\/r\/Terraform\/comments\/f5qrg4\/gcpgke_module_anyone_run_into_issues_with_the\/",
                "text": "Long story, short: Building out GKE clusters following a guide, using the 'gke' module. The module itself is failing on [<http:\/\/auth.tf|auth.tf>](<https:\/\/auth.tf>)...",
                "fallback": "reddit: [GCP][GKE Module] Anyone run into issues with the auth.tf?",
                "thumb_url": "https:\/\/www.redditstatic.com\/new-icon.png",
                "from_url": "https:\/\/www.reddit.com\/r\/Terraform\/comments\/f5qrg4\/gcpgke_module_anyone_run_into_issues_with_the\/",
                "thumb_width": 256,
                "thumb_height": 256,
                "service_icon": "http:\/\/www.redditstatic.com\/desktop2x\/img\/favicon\/apple-icon-57x57.png",
                "id": 1,
                "original_url": "https:\/\/www.reddit.com\/r\/Terraform\/comments\/f5qrg4\/gcpgke_module_anyone_run_into_issues_with_the\/"
            }
        ],
        "edited": {
            "user": "BG3N7LG73",
            "ts": "1582028220.000000"
        }
    },
    {
        "type": "message",
        "subtype": "bot_message",
        "text": "<https:\/\/www.reddit.com\/r\/Terraform\/comments\/f5rcxd\/encrypted_storage_accounts_in_azure\/|Encrypted storage accounts in Azure?>\nHoping someone has attempted this A bit of background: I want to create a VM and put its VHD into an encrypted storage account Im using, data \"azurerm_storage_account\" to fetch an existing storage account, and then plan to build up some variables later on in my template. The storage account is encrypted, I have access to the keys and can do what I need to do in Powershell. When I define the above based on the terraform doc, and then go to run... im getting a \"... has not been defined in the...",
        "ts": "1582030618.030100",
        "username": "Terraform ALL the Worlds!",
        "icons": {
            "image_48": "https:\/\/s3-us-west-2.amazonaws.com\/slack-files2\/bot_icons\/2019-02-12\/548785199618_48.png"
        },
        "bot_id": "BG3N7LG73",
        "attachments": [
            {
                "service_name": "reddit",
                "title": "Encrypted storage accounts in Azure?",
                "title_link": "https:\/\/www.reddit.com\/r\/Terraform\/comments\/f5rcxd\/encrypted_storage_accounts_in_azure\/",
                "text": "Hoping someone has attempted this A bit of background: I want to create a VM and put its VHD into an encrypted storage account Im using, data...",
                "fallback": "reddit: Encrypted storage accounts in Azure?",
                "thumb_url": "https:\/\/www.redditstatic.com\/new-icon.png",
                "from_url": "https:\/\/www.reddit.com\/r\/Terraform\/comments\/f5rcxd\/encrypted_storage_accounts_in_azure\/",
                "thumb_width": 256,
                "thumb_height": 256,
                "service_icon": "http:\/\/www.redditstatic.com\/desktop2x\/img\/favicon\/apple-icon-57x57.png",
                "id": 1,
                "original_url": "https:\/\/www.reddit.com\/r\/Terraform\/comments\/f5rcxd\/encrypted_storage_accounts_in_azure\/"
            }
        ],
        "edited": {
            "user": "BG3N7LG73",
            "ts": "1582030618.000000"
        }
    },
    {
        "type": "message",
        "subtype": "bot_message",
        "text": "<https:\/\/www.reddit.com\/r\/Terraform\/comments\/f5sp0n\/help_needed_terraform_variables_and_lists\/|Help needed - Terraform variables and lists>\nHello Guys, I am using Terraform to stand up environments, this time i am using it for Cisco ACI. However, i don't think this question is really specific for Cisco ACI, i think it's more of a general rule ​ So i am trying to add \"EPGs\" to my fabric, this all works but i'd like to improve the efficiency of the module. So one of the parameters is the \"name\" of the EPG. This needs to be a string value, i've come as far as just reffering to a variable of course: var.epg. But that means i have to...",
        "ts": "1582036614.030300",
        "username": "Terraform ALL the Worlds!",
        "icons": {
            "image_48": "https:\/\/s3-us-west-2.amazonaws.com\/slack-files2\/bot_icons\/2019-02-12\/548785199618_48.png"
        },
        "bot_id": "BG3N7LG73",
        "attachments": [
            {
                "service_name": "reddit",
                "title": "Help needed - Terraform variables and lists",
                "title_link": "https:\/\/www.reddit.com\/r\/Terraform\/comments\/f5sp0n\/help_needed_terraform_variables_and_lists\/",
                "text": "Hello Guys, I am using Terraform to stand up environments, this time i am using it for Cisco ACI. However, i don't think this question is really...",
                "fallback": "reddit: Help needed - Terraform variables and lists",
                "thumb_url": "https:\/\/www.redditstatic.com\/new-icon.png",
                "from_url": "https:\/\/www.reddit.com\/r\/Terraform\/comments\/f5sp0n\/help_needed_terraform_variables_and_lists\/",
                "thumb_width": 256,
                "thumb_height": 256,
                "service_icon": "http:\/\/www.redditstatic.com\/desktop2x\/img\/favicon\/apple-icon-57x57.png",
                "id": 1,
                "original_url": "https:\/\/www.reddit.com\/r\/Terraform\/comments\/f5sp0n\/help_needed_terraform_variables_and_lists\/"
            }
        ],
        "edited": {
            "user": "BG3N7LG73",
            "ts": "1582036615.000000"
        }
    },
    {
        "type": "message",
        "subtype": "bot_message",
        "text": "<https:\/\/www.reddit.com\/r\/Terraform\/comments\/f5utv9\/terraform_module_to_deploy_gitlab_on_a_node_with\/|Terraform Module to deploy GitLab on a node with SSH access using Docker>\nsubmitted by   <https:\/\/www.reddit.com\/user\/brotandgames| \/u\/brotandgames > \n<https:\/\/github.com\/brotandgames\/terraform-gitlab|[link]>   <https:\/\/www.reddit.com\/r\/Terraform\/comments\/f5utv9\/terraform_module_to_deploy_gitlab_on_a_node_with\/|[comments]>",
        "ts": "1582046214.030500",
        "username": "Terraform ALL the Worlds!",
        "icons": {
            "image_48": "https:\/\/s3-us-west-2.amazonaws.com\/slack-files2\/bot_icons\/2019-02-12\/548785199618_48.png"
        },
        "bot_id": "BG3N7LG73",
        "attachments": [
            {
                "service_name": "reddit",
                "title": "Terraform Module to deploy GitLab on a node with SSH access using Docker",
                "title_link": "https:\/\/www.reddit.com\/r\/Terraform\/comments\/f5utv9\/terraform_module_to_deploy_gitlab_on_a_node_with\/",
                "text": "Posted in r\/Terraform by u\/brotandgames • 1 point and 0 comments",
                "fallback": "reddit: Terraform Module to deploy GitLab on a node with SSH access using Docker",
                "thumb_url": "https:\/\/b.thumbs.redditmedia.com\/zBc0qqdRIlNh2w58OAIjdN2OccSu-kJJnPaCPmYMbnk.jpg",
                "from_url": "https:\/\/www.reddit.com\/r\/Terraform\/comments\/f5utv9\/terraform_module_to_deploy_gitlab_on_a_node_with\/",
                "thumb_width": 140,
                "thumb_height": 140,
                "service_icon": "http:\/\/www.redditstatic.com\/desktop2x\/img\/favicon\/apple-icon-57x57.png",
                "id": 1,
                "original_url": "https:\/\/www.reddit.com\/r\/Terraform\/comments\/f5utv9\/terraform_module_to_deploy_gitlab_on_a_node_with\/"
            },
            {
                "title": "overview for brotandgames",
                "title_link": "https:\/\/www.reddit.com\/user\/brotandgames",
                "text": "The u\/brotandgames community on Reddit. Reddit gives you the best of the internet in one place.",
                "fallback": "overview for brotandgames",
                "from_url": "https:\/\/www.reddit.com\/user\/brotandgames",
                "service_icon": "http:\/\/www.redditstatic.com\/desktop2x\/img\/favicon\/apple-icon-57x57.png",
                "service_name": "reddit.com",
                "id": 2,
                "original_url": "https:\/\/www.reddit.com\/user\/brotandgames"
            },
            {
                "service_name": "GitHub",
                "title": "brotandgames\/terraform-gitlab",
                "title_link": "https:\/\/github.com\/brotandgames\/terraform-gitlab",
                "text": "Terraform Module to deploy GitLab on a node with SSH access using Docker - brotandgames\/terraform-gitlab",
                "fallback": "GitHub: brotandgames\/terraform-gitlab",
                "thumb_url": "https:\/\/avatars0.githubusercontent.com\/u\/43862266?s=400&v=4",
                "from_url": "https:\/\/github.com\/brotandgames\/terraform-gitlab",
                "thumb_width": 400,
                "thumb_height": 400,
                "service_icon": "https:\/\/a.slack-edge.com\/80588\/img\/unfurl_icons\/github.png",
                "id": 3,
                "original_url": "https:\/\/github.com\/brotandgames\/terraform-gitlab"
            }
        ],
        "edited": {
            "user": "BG3N7LG73",
            "ts": "1582046214.000000"
        }
    },
    {
        "type": "message",
        "subtype": "bot_message",
        "text": "<https:\/\/qiita.com\/sabmeua\/items\/5b316a46fcd0d9551173|TerraformでLambdaのCloudWatchイベントトリガを無効にする>\nLambda の CloudWatch イベントトリガーを無効にしたい時、コンソールからならここで操作出来ますが、\n\n<https:\/\/qiita-user-contents.imgix.net\/https%3A%2F%2Fqiita-image-store.s3.ap-northeast-1.amazonaws.com%2F0%2F130580%2F83b4067c-0ec0-0716-b616-f26e206ba0d8.png?ixlib=rb-1.2.2&amp;auto=format&amp;gif-q=60&amp;q=75&amp;s=e8b23c694e3cdaa9fcd3e677d4c936c8>\n\nTerraform からどうやるのかと思ったら aws_lambda_permission.action = \"lambda:DisableInvokeFunction\" にする必要がありました。 enable\/disable みたいなスイッチではないので気づきませんでした。...",
        "ts": "1582072620.030700",
        "username": "Terraformタグが付けられた新着記事 - Qiita",
        "icons": {
            "image_36": "https:\/\/a.slack-edge.com\/80588\/img\/services\/rss_36.png",
            "image_48": "https:\/\/a.slack-edge.com\/80588\/img\/services\/rss_48.png",
            "image_72": "https:\/\/a.slack-edge.com\/80588\/img\/services\/rss_72.png"
        },
        "bot_id": "BG3N7LG73",
        "attachments": [
            {
                "service_name": "Qiita",
                "title": "TerraformでLambdaのCloudWatchイベントトリガを無効にする - Qiita",
                "title_link": "https:\/\/qiita.com\/sabmeua\/items\/5b316a46fcd0d9551173",
                "text": "Lambda の CloudWatch イベントトリガーを無効にしたい時、コンソールからならここで操作出来ますが、 ![Screenshot.png](<https:\/\/qiita-image-store.s3.ap-northeas>...",
                "fallback": "Qiita: TerraformでLambdaのCloudWatchイベントトリガを無効にする - Qiita",
                "image_url": "https:\/\/qiita-user-contents.imgix.net\/https%3A%2F%2Fcdn.qiita.com%2Fassets%2Fpublic%2Fogp-background-1150d8b18a7c15795b701a55ae908f94.png?ixlib=rb-1.2.2&w=1200&mark=https%3A%2F%2Fqiita-user-contents.imgix.net%2F~text%3Fixlib%3Drb-1.2.2%26w%3D840%26h%3D380%26txt%3DTerraform%25E3%2581%25A7Lambda%25E3%2581%25AECloudWatch%25E3%2582%25A4%25E3%2583%2599%25E3%2583%25B3%25E3%2583%2588%25E3%2583%2588%25E3%2583%25AA%25E3%2582%25AC%25E3%2582%2592%25E7%2584%25A1%25E5%258A%25B9%25E3%2581%25AB%25E3%2581%2599%25E3%2582%258B%26txt-color%3D%2523333%26txt-font%3DAvenir-Black%26txt-size%3D54%26txt-clip%3Dellipsis%26txt-align%3Dcenter%252Cmiddle%26s%3Dbf20dcd37abc73c7e57b84cad52c90cf&mark-align=center%2Cmiddle&blend=https%3A%2F%2Fqiita-user-contents.imgix.net%2F~text%3Fixlib%3Drb-1.2.2%26w%3D840%26h%3D500%26txt%3D%2540sabmeua%26txt-color%3D%2523333%26txt-font%3DAvenir-Black%26txt-size%3D45%26txt-align%3Dright%252Cbottom%26s%3D5ded4f6d79ede6f169d8c8295152500c&blend-align=center%2Cmiddle&blend-mode=normal&s=162fd82065b45f32c88564007f3da6e9",
                "from_url": "https:\/\/qiita.com\/sabmeua\/items\/5b316a46fcd0d9551173",
                "image_width": 476,
                "image_height": 250,
                "image_bytes": 52247,
                "service_icon": "https:\/\/cdn.qiita.com\/assets\/favicons\/public\/apple-touch-icon-ec5ba42a24ae923f16825592efdc356f.png",
                "id": 1,
                "original_url": "https:\/\/qiita.com\/sabmeua\/items\/5b316a46fcd0d9551173"
            },
            {
                "fallback": "833x121px image",
                "image_url": "https:\/\/qiita-user-contents.imgix.net\/https%3A%2F%2Fqiita-image-store.s3.ap-northeast-1.amazonaws.com%2F0%2F130580%2F83b4067c-0ec0-0716-b616-f26e206ba0d8.png?ixlib=rb-1.2.2&auto=format&gif-q=60&q=75&s=e8b23c694e3cdaa9fcd3e677d4c936c8",
                "image_width": 833,
                "image_height": 121,
                "image_bytes": 10394,
                "from_url": "https:\/\/qiita-user-contents.imgix.net\/https%3A%2F%2Fqiita-image-store.s3.ap-northeast-1.amazonaws.com%2F0%2F130580%2F83b4067c-0ec0-0716-b616-f26e206ba0d8.png?ixlib=rb-1.2.2&auto=format&gif-q=60&q=75&s=e8b23c694e3cdaa9fcd3e677d4c936c8",
                "id": 2,
                "original_url": "https:\/\/qiita-user-contents.imgix.net\/https%3A%2F%2Fqiita-image-store.s3.ap-northeast-1.amazonaws.com%2F0%2F130580%2F83b4067c-0ec0-0716-b616-f26e206ba0d8.png?ixlib=rb-1.2.2&amp;auto=format&amp;gif-q=60&amp;q=75&amp;s=e8b23c694e3cdaa9fcd3e677d4c936c8"
            }
        ],
        "edited": {
            "user": "BG3N7LG73",
            "ts": "1582072620.000000"
        }
    }
]