[
    {
        "type": "message",
        "subtype": "bot_message",
        "text": "<https:\/\/www.reddit.com\/r\/Terraform\/comments\/f26bkt\/doubt_wrt_atlantis\/|Doubt w.r.t Atlantis>\nHi, I m trying to get HA Atlantis on AWS ECS using common EFS volume (atlantis data dir)\n when I increase the number of task &gt; 1, the second container exits with error\n \"Error: initializing server: starting BoltDB: timeout (a possible cause is another Atlantis instance already running)\" This is due to an existing server using the atlantis.db file under the common EFS volume. even though atlantis documentation shows deployment process on kubernetes and aws fargate\n the number of replica\/...",
        "ts": "1581416218.023100",
        "username": "Terraform ALL the Worlds!",
        "icons": {
            "image_48": "https:\/\/s3-us-west-2.amazonaws.com\/slack-files2\/bot_icons\/2019-02-12\/548785199618_48.png"
        },
        "bot_id": "BG3N7LG73",
        "attachments": [
            {
                "service_name": "reddit",
                "title": "Doubt w.r.t Atlantis",
                "title_link": "https:\/\/www.reddit.com\/r\/Terraform\/comments\/f26bkt\/doubt_wrt_atlantis\/",
                "text": "Hi, I m trying to get HA Atlantis on AWS ECS using common EFS volume (atlantis data dir) when I increase the number of task &gt; 1, the second...",
                "fallback": "reddit: Doubt w.r.t Atlantis",
                "thumb_url": "https:\/\/www.redditstatic.com\/new-icon.png",
                "from_url": "https:\/\/www.reddit.com\/r\/Terraform\/comments\/f26bkt\/doubt_wrt_atlantis\/",
                "thumb_width": 256,
                "thumb_height": 256,
                "service_icon": "http:\/\/www.redditstatic.com\/desktop2x\/img\/favicon\/apple-icon-57x57.png",
                "id": 1,
                "original_url": "https:\/\/www.reddit.com\/r\/Terraform\/comments\/f26bkt\/doubt_wrt_atlantis\/"
            }
        ],
        "edited": {
            "user": "BG3N7LG73",
            "ts": "1581416218.000000"
        }
    },
    {
        "type": "message",
        "subtype": "bot_message",
        "text": "<https:\/\/www.reddit.com\/r\/Terraform\/comments\/f2ad8f\/how_to_taint_a_resource_when_a_template_changes\/|How to taint a resource when a template changes?>\nHello,  There's a templated bash script that gets run upon startup of a GCP compute instance. Is there a concise way for the resource to \"watch\" that local template and be tainted when the local file changes? I'd like any instances that were created with the old script to be destroyed and then bring up new instances when performing a terraform apply Any help is greatly appreciated! EDIT: I've solved this myself now. According to &lt;a...",
        "ts": "1581437822.023300",
        "username": "Terraform ALL the Worlds!",
        "icons": {
            "image_48": "https:\/\/s3-us-west-2.amazonaws.com\/slack-files2\/bot_icons\/2019-02-12\/548785199618_48.png"
        },
        "bot_id": "BG3N7LG73",
        "attachments": [
            {
                "service_name": "reddit",
                "title": "How to taint a resource when a template changes?",
                "title_link": "https:\/\/www.reddit.com\/r\/Terraform\/comments\/f2ad8f\/how_to_taint_a_resource_when_a_template_changes\/",
                "text": "Hello, There's a templated bash script that gets run upon startup of a GCP compute instance. Is there a concise way for the resource to \"watch\"...",
                "fallback": "reddit: How to taint a resource when a template changes?",
                "thumb_url": "https:\/\/www.redditstatic.com\/new-icon.png",
                "from_url": "https:\/\/www.reddit.com\/r\/Terraform\/comments\/f2ad8f\/how_to_taint_a_resource_when_a_template_changes\/",
                "thumb_width": 256,
                "thumb_height": 256,
                "service_icon": "http:\/\/www.redditstatic.com\/desktop2x\/img\/favicon\/apple-icon-57x57.png",
                "id": 1,
                "original_url": "https:\/\/www.reddit.com\/r\/Terraform\/comments\/f2ad8f\/how_to_taint_a_resource_when_a_template_changes\/"
            }
        ],
        "edited": {
            "user": "BG3N7LG73",
            "ts": "1581437822.000000"
        }
    },
    {
        "type": "message",
        "subtype": "bot_message",
        "text": "<https:\/\/www.reddit.com\/r\/Terraform\/comments\/f2b95h\/random_keepers_in_modules\/|Random Keepers in Modules>\nIs there a general wisdom or best practice to building in keepers to modules? If the module is lean, it seems I want to pull the keeper ref from the calling config, but there are so many ways to generate and pass that value. Ideally, the calling module would have some attribute associated with it to represent a unique set of parameters. I don't believe this is the case.    submitted by   <https:\/\/www.reddit.com\/user\/2mOlaf| \/u\/2mOlaf > \n&lt;a...",
        "ts": "1581441424.023500",
        "username": "Terraform ALL the Worlds!",
        "icons": {
            "image_48": "https:\/\/s3-us-west-2.amazonaws.com\/slack-files2\/bot_icons\/2019-02-12\/548785199618_48.png"
        },
        "bot_id": "BG3N7LG73",
        "attachments": [
            {
                "service_name": "reddit",
                "title": "Random Keepers in Modules",
                "title_link": "https:\/\/www.reddit.com\/r\/Terraform\/comments\/f2b95h\/random_keepers_in_modules\/",
                "text": "Is there a general wisdom or best practice to building in keepers to modules? If the module is lean, it seems I want to pull the keeper ref from...",
                "fallback": "reddit: Random Keepers in Modules",
                "thumb_url": "https:\/\/www.redditstatic.com\/new-icon.png",
                "from_url": "https:\/\/www.reddit.com\/r\/Terraform\/comments\/f2b95h\/random_keepers_in_modules\/",
                "thumb_width": 256,
                "thumb_height": 256,
                "service_icon": "http:\/\/www.redditstatic.com\/desktop2x\/img\/favicon\/apple-icon-57x57.png",
                "id": 1,
                "original_url": "https:\/\/www.reddit.com\/r\/Terraform\/comments\/f2b95h\/random_keepers_in_modules\/"
            },
            {
                "title": "overview for 2mOlaf",
                "title_link": "https:\/\/www.reddit.com\/user\/2mOlaf",
                "text": "The u\/2mOlaf community on Reddit. Reddit gives you the best of the internet in one place.",
                "fallback": "overview for 2mOlaf",
                "from_url": "https:\/\/www.reddit.com\/user\/2mOlaf",
                "service_icon": "http:\/\/www.redditstatic.com\/desktop2x\/img\/favicon\/apple-icon-57x57.png",
                "service_name": "reddit.com",
                "id": 2,
                "original_url": "https:\/\/www.reddit.com\/user\/2mOlaf"
            }
        ],
        "edited": {
            "user": "BG3N7LG73",
            "ts": "1581441424.000000"
        }
    }
]