[
    {
        "type": "message",
        "subtype": "bot_message",
        "text": "<https:\/\/www.reddit.com\/r\/Terraform\/comments\/f1df3x\/terraform_atlantis_and_provider_credentials_with\/|Terraform Atlantis and provider credentials with SSO>\nSo right now we have SSO for AWS that someone setup before leaving my current company and for me to do anything with CLI (We put our state files in S3) I have to login everyday to grab new creds to put in my profile. Right now I am provisioning Atlantis for the first time as a container running in Azure but we still store our states in AWS. Atlantis can't terraform init because it does not have the provider creds for AWS and and I am not sure how to do this correctly because I can't pass new...",
        "ts": "1581275822.020400",
        "username": "Terraform ALL the Worlds!",
        "icons": {
            "image_48": "https:\/\/s3-us-west-2.amazonaws.com\/slack-files2\/bot_icons\/2019-02-12\/548785199618_48.png"
        },
        "bot_id": "BG3N7LG73",
        "attachments": [
            {
                "service_name": "reddit",
                "title": "Terraform Atlantis and provider credentials with SSO",
                "title_link": "https:\/\/www.reddit.com\/r\/Terraform\/comments\/f1df3x\/terraform_atlantis_and_provider_credentials_with\/",
                "text": "So right now we have SSO for AWS that someone setup before leaving my current company and for me to do anything with CLI (We put our state files...",
                "fallback": "reddit: Terraform Atlantis and provider credentials with SSO",
                "thumb_url": "https:\/\/www.redditstatic.com\/new-icon.png",
                "from_url": "https:\/\/www.reddit.com\/r\/Terraform\/comments\/f1df3x\/terraform_atlantis_and_provider_credentials_with\/",
                "thumb_width": 256,
                "thumb_height": 256,
                "service_icon": "http:\/\/www.redditstatic.com\/desktop2x\/img\/favicon\/apple-icon-57x57.png",
                "id": 1,
                "original_url": "https:\/\/www.reddit.com\/r\/Terraform\/comments\/f1df3x\/terraform_atlantis_and_provider_credentials_with\/"
            }
        ],
        "edited": {
            "user": "BG3N7LG73",
            "ts": "1581275823.000000"
        }
    },
    {
        "type": "message",
        "subtype": "bot_message",
        "text": "<https:\/\/www.reddit.com\/r\/Terraform\/comments\/f1gsey\/how_do_manual_aws_changes_affect_tf_state\/|How do manual AWS changes affect TF state?>\nIf I make a manual change to an RDS instance in the AWS console but I first created it in Terraform, what will happen the next time I run a terraform apply for that RDS instance? Will the apply see that the RDS instance does not match what is in the Terraform and try to change it back?    submitted by   <https:\/\/www.reddit.com\/user\/wasabiBro| \/u\/wasabiBro > \n<https:\/\/www.reddit.com\/r\/Terraform\/comments\/f1gsey\/how_do_manual_aws_changes_affect_tf_state\/|[link]>   &lt;a...",
        "ts": "1581290219.020600",
        "username": "Terraform ALL the Worlds!",
        "icons": {
            "image_48": "https:\/\/s3-us-west-2.amazonaws.com\/slack-files2\/bot_icons\/2019-02-12\/548785199618_48.png"
        },
        "bot_id": "BG3N7LG73",
        "attachments": [
            {
                "service_name": "reddit",
                "title": "How do manual AWS changes affect TF state?",
                "title_link": "https:\/\/www.reddit.com\/r\/Terraform\/comments\/f1gsey\/how_do_manual_aws_changes_affect_tf_state\/",
                "text": "If I make a manual change to an RDS instance in the AWS console but I first created it in Terraform, what will happen the next time I run a...",
                "fallback": "reddit: How do manual AWS changes affect TF state?",
                "thumb_url": "https:\/\/www.redditstatic.com\/new-icon.png",
                "from_url": "https:\/\/www.reddit.com\/r\/Terraform\/comments\/f1gsey\/how_do_manual_aws_changes_affect_tf_state\/",
                "thumb_width": 256,
                "thumb_height": 256,
                "service_icon": "http:\/\/www.redditstatic.com\/desktop2x\/img\/favicon\/apple-icon-57x57.png",
                "id": 1,
                "original_url": "https:\/\/www.reddit.com\/r\/Terraform\/comments\/f1gsey\/how_do_manual_aws_changes_affect_tf_state\/"
            },
            {
                "title": "overview for wasabiBro",
                "title_link": "https:\/\/www.reddit.com\/user\/wasabiBro",
                "text": "The u\/wasabiBro community on Reddit. Reddit gives you the best of the internet in one place.",
                "fallback": "overview for wasabiBro",
                "from_url": "https:\/\/www.reddit.com\/user\/wasabiBro",
                "service_icon": "http:\/\/www.redditstatic.com\/desktop2x\/img\/favicon\/apple-icon-57x57.png",
                "service_name": "reddit.com",
                "id": 2,
                "original_url": "https:\/\/www.reddit.com\/user\/wasabiBro"
            }
        ],
        "edited": {
            "user": "BG3N7LG73",
            "ts": "1581290219.000000"
        }
    },
    {
        "type": "message",
        "subtype": "bot_message",
        "text": "<https:\/\/www.reddit.com\/r\/Terraform\/comments\/f1gslb\/how_do_i_add_a_new_map_to_just_one_list_in_a_list\/|How do I add a new map to just one list in a list of maps?>\nI have a list of maps like this (two examples below): listeners = [ { instance_port = 80 instance_protocol = \"http\" lb_port = 80 lb_protocol = \"http\" }, { instance_port = 443 instance_protocol = \"https\" lb_port = 443 lb_protocol = \"https\" } ]  How would I go about adding in: &gt; ssl_certificate_id = \"${data.aws_iam_server_certificate.ssl.arn}\"  below the final lb_protocol = \"https\" line?  The data lookup can't be added to the tfvars file as the lookup fails (it's treated literally as...",
        "ts": "1581290219.020700",
        "username": "Terraform ALL the Worlds!",
        "icons": {
            "image_48": "https:\/\/s3-us-west-2.amazonaws.com\/slack-files2\/bot_icons\/2019-02-12\/548785199618_48.png"
        },
        "bot_id": "BG3N7LG73",
        "attachments": [
            {
                "service_name": "reddit",
                "title": "How do I add a new map to just one list in a list of maps?",
                "title_link": "https:\/\/www.reddit.com\/r\/Terraform\/comments\/f1gslb\/how_do_i_add_a_new_map_to_just_one_list_in_a_list\/",
                "text": "I have a list of maps like this (two examples below): listeners = [ { instance_port = 80 ...",
                "fallback": "reddit: How do I add a new map to just one list in a list of maps?",
                "thumb_url": "https:\/\/www.redditstatic.com\/new-icon.png",
                "from_url": "https:\/\/www.reddit.com\/r\/Terraform\/comments\/f1gslb\/how_do_i_add_a_new_map_to_just_one_list_in_a_list\/",
                "thumb_width": 256,
                "thumb_height": 256,
                "service_icon": "http:\/\/www.redditstatic.com\/desktop2x\/img\/favicon\/apple-icon-57x57.png",
                "id": 1,
                "original_url": "https:\/\/www.reddit.com\/r\/Terraform\/comments\/f1gslb\/how_do_i_add_a_new_map_to_just_one_list_in_a_list\/"
            }
        ],
        "edited": {
            "user": "BG3N7LG73",
            "ts": "1581290219.000000"
        }
    },
    {
        "type": "message",
        "subtype": "bot_message",
        "text": "<https:\/\/www.reddit.com\/r\/Terraform\/comments\/f1igwv\/trying_to_import_an_event_target\/|Trying to import an event target...>\nI'm trying to import an event rule along with it's target. I was able to import the rule however not the target. terraform import aws_cloudwatch_event_target.test-event-target rule-name\/target-id What is the \"target-id\"? How can I find that in the console? Thanks in advance.    submitted by   <https:\/\/www.reddit.com\/user\/2seem| \/u\/2seem > \n<https:\/\/www.reddit.com\/r\/Terraform\/comments\/f1igwv\/trying_to_import_an_event_target\/|[link]>   &lt;a...",
        "ts": "1581297421.021000",
        "username": "Terraform ALL the Worlds!",
        "icons": {
            "image_48": "https:\/\/s3-us-west-2.amazonaws.com\/slack-files2\/bot_icons\/2019-02-12\/548785199618_48.png"
        },
        "bot_id": "BG3N7LG73",
        "attachments": [
            {
                "service_name": "reddit",
                "title": "Trying to import an event target...",
                "title_link": "https:\/\/www.reddit.com\/r\/Terraform\/comments\/f1igwv\/trying_to_import_an_event_target\/",
                "text": "I'm trying to import an event rule along with it's target. I was able to import the rule however not the target. terraform import...",
                "fallback": "reddit: Trying to import an event target...",
                "thumb_url": "https:\/\/www.redditstatic.com\/new-icon.png",
                "from_url": "https:\/\/www.reddit.com\/r\/Terraform\/comments\/f1igwv\/trying_to_import_an_event_target\/",
                "thumb_width": 256,
                "thumb_height": 256,
                "service_icon": "http:\/\/www.redditstatic.com\/desktop2x\/img\/favicon\/apple-icon-57x57.png",
                "id": 1,
                "original_url": "https:\/\/www.reddit.com\/r\/Terraform\/comments\/f1igwv\/trying_to_import_an_event_target\/"
            },
            {
                "title": "overview for 2seem",
                "title_link": "https:\/\/www.reddit.com\/user\/2seem",
                "text": "The u\/2seem community on Reddit. Reddit gives you the best of the internet in one place.",
                "fallback": "overview for 2seem",
                "from_url": "https:\/\/www.reddit.com\/user\/2seem",
                "service_icon": "http:\/\/www.redditstatic.com\/desktop2x\/img\/favicon\/apple-icon-57x57.png",
                "service_name": "reddit.com",
                "id": 2,
                "original_url": "https:\/\/www.reddit.com\/user\/2seem"
            }
        ],
        "edited": {
            "user": "BG3N7LG73",
            "ts": "1581297421.000000"
        }
    },
    {
        "type": "message",
        "subtype": "bot_message",
        "text": "<https:\/\/qiita.com\/moajo\/items\/859cad92e7780e2a2cd5|terraform開発時の現実的な使い方>\nterraformは結構癖があるので慣れるまでは使いにくいと思っています。\n最近割と慣れてきた気がするので、個人的に使っているterraformの使い方の具体例を紹介します。\n\nあくまで個人的にいいと思っているやり方であって、最適でもベストプラクティスでもありません。\n主にAWSを触っているので例はAWSが多いですが、GCPでも基本的に同じようにできるはずです。\n\n\n<https:\/\/qiita.com\/#%E3%83%90%E3%83%83%E3%82%AF%E3%82%A8%E3%83%B3%E3%83%89%E3%82%92%E4%BD%9C%E3%82%8B>バックエンドを作る\n\n.tfstateを置くバックエンドはlocalに置かないことが<https:\/\/www.terraform.io\/docs\/backends\/|推奨されています>。...",
        "ts": "1581311815.021200",
        "username": "Terraformタグが付けられた新着記事 - Qiita",
        "icons": {
            "image_36": "https:\/\/a.slack-edge.com\/80588\/img\/services\/rss_36.png",
            "image_48": "https:\/\/a.slack-edge.com\/80588\/img\/services\/rss_48.png",
            "image_72": "https:\/\/a.slack-edge.com\/80588\/img\/services\/rss_72.png"
        },
        "bot_id": "BG3N7LG73",
        "attachments": [
            {
                "service_name": "Qiita",
                "title": "terraform開発時の現実的な使い方 - Qiita",
                "title_link": "https:\/\/qiita.com\/moajo\/items\/859cad92e7780e2a2cd5",
                "text": "terraformは結構癖があるので慣れるまでは使いにくいと思っています。 最近割と慣れてきた気がするので、個人的に使っているterraformの使い方の具体例を紹介します。 あくまで個人的にいいと思っているやり方であって、最適でも...",
                "fallback": "Qiita: terraform開発時の現実的な使い方 - Qiita",
                "image_url": "https:\/\/qiita-user-contents.imgix.net\/https%3A%2F%2Fcdn.qiita.com%2Fassets%2Fpublic%2Fogp-background-1150d8b18a7c15795b701a55ae908f94.png?ixlib=rb-1.2.2&w=1200&mark=https%3A%2F%2Fqiita-user-contents.imgix.net%2F~text%3Fixlib%3Drb-1.2.2%26w%3D840%26h%3D380%26txt%3Dterraform%25E9%2596%258B%25E7%2599%25BA%25E6%2599%2582%25E3%2581%25AE%25E7%258F%25BE%25E5%25AE%259F%25E7%259A%2584%25E3%2581%25AA%25E4%25BD%25BF%25E3%2581%2584%25E6%2596%25B9%26txt-color%3D%2523333%26txt-font%3DAvenir-Black%26txt-size%3D54%26txt-clip%3Dellipsis%26txt-align%3Dcenter%252Cmiddle%26s%3Dd0e9fd3de47ec14b532ad99ba7844a8c&mark-align=center%2Cmiddle&blend=https%3A%2F%2Fqiita-user-contents.imgix.net%2F~text%3Fixlib%3Drb-1.2.2%26w%3D840%26h%3D500%26txt%3D%2540moajo%26txt-color%3D%2523333%26txt-font%3DAvenir-Black%26txt-size%3D45%26txt-align%3Dright%252Cbottom%26s%3D3c9beb64ea410fc39f9633e63b137360&blend-align=center%2Cmiddle&blend-mode=normal&s=41a507ca84bd29e9631bb826bf0a520a",
                "from_url": "https:\/\/qiita.com\/moajo\/items\/859cad92e7780e2a2cd5",
                "image_width": 476,
                "image_height": 250,
                "image_bytes": 38659,
                "service_icon": "https:\/\/cdn.qiita.com\/assets\/favicons\/public\/apple-touch-icon-ec5ba42a24ae923f16825592efdc356f.png",
                "id": 1,
                "original_url": "https:\/\/qiita.com\/moajo\/items\/859cad92e7780e2a2cd5"
            },
            {
                "service_name": "Qiita",
                "title": "プログラマの技術情報共有サービス - Qiita",
                "title_link": "https:\/\/qiita.com\/#%E3%83%90%E3%83%83%E3%82%AF%E3%82%A8%E3%83%B3%E3%83%89%E3%82%92%E4%BD%9C%E3%82%8B",
                "text": "Qiitaは、プログラマのための技術情報共有サービスです。 プログラミングに関するTips、ノウハウ、メモを簡単に記録 &amp; 公開することができます。",
                "fallback": "Qiita: プログラマの技術情報共有サービス - Qiita",
                "thumb_url": "https:\/\/cdn.qiita.com\/assets\/qiita-fb-fe28c64039d925349e620ba55091e078.png",
                "from_url": "https:\/\/qiita.com\/#%E3%83%90%E3%83%83%E3%82%AF%E3%82%A8%E3%83%B3%E3%83%89%E3%82%92%E4%BD%9C%E3%82%8B",
                "thumb_width": 1200,
                "thumb_height": 630,
                "service_icon": "https:\/\/cdn.qiita.com\/assets\/favicons\/public\/apple-touch-icon-ec5ba42a24ae923f16825592efdc356f.png",
                "id": 2,
                "original_url": "https:\/\/qiita.com\/#%E3%83%90%E3%83%83%E3%82%AF%E3%82%A8%E3%83%B3%E3%83%89%E3%82%92%E4%BD%9C%E3%82%8B"
            },
            {
                "service_name": "Terraform by HashiCorp",
                "title": "Backends - Terraform by HashiCorp",
                "title_link": "https:\/\/www.terraform.io\/docs\/backends\/",
                "text": "A backend in Terraform determines how state is loaded and how an operation such as `apply` is executed. This abstraction enables non-local file state storage, remote execution, etc.",
                "fallback": "Terraform by HashiCorp: Backends - Terraform by HashiCorp",
                "thumb_url": "https:\/\/www.terraform.io\/assets\/images\/og-image-8b3e4f7d.png",
                "from_url": "https:\/\/www.terraform.io\/docs\/backends\/",
                "thumb_width": 712,
                "thumb_height": 712,
                "service_icon": "https:\/\/www.terraform.io\/assets\/images\/favicons\/apple-touch-icon-13180a24.png",
                "id": 3,
                "original_url": "https:\/\/www.terraform.io\/docs\/backends\/"
            }
        ],
        "edited": {
            "user": "BG3N7LG73",
            "ts": "1581311815.000000"
        }
    },
    {
        "type": "message",
        "subtype": "bot_message",
        "text": "<https:\/\/www.reddit.com\/r\/Terraform\/comments\/f1n66o\/multiple_vms_with_multiple_nics\/|Multiple VMs with Multiple NICS>\nHi All, i want to create a Modul which creates several VMs witch 3 Nics in 3 different Subnets module \"mymodule\" { source =\"\" VMs = [\"VM1\", \"VM2\"] subnets = [\"subnet1\", \"subnet2\", \"subnet3\"] } inside the module I am using Count VMs for creating VMs and count subents for creating subnets.  data \"azurerm_subnet\" \"subnet\" { count = \"${length(var.subnets)}\" name = \"${element(var.subnets, count.index)}\" virtual_network_name = \"${var.vnet_name}\" resource_group_name =...",
        "ts": "1581321414.021400",
        "username": "Terraform ALL the Worlds!",
        "icons": {
            "image_48": "https:\/\/s3-us-west-2.amazonaws.com\/slack-files2\/bot_icons\/2019-02-12\/548785199618_48.png"
        },
        "bot_id": "BG3N7LG73"
    }
]