[
    {
        "type": "message",
        "subtype": "bot_message",
        "text": "<https:\/\/www.reddit.com\/r\/Terraform\/comments\/f69ygk\/beginner_task_help_needed_small_deployment\/|Beginner - task help needed small deployment>\nHey everyone, doing a basic terraform to azure deployment Requirements 2 Regions - UK South, West Europe 2 Availability Zones in each region. 4 in total 4 subnets in each region, 3 private, 1 public 1 NSG deployed for each subnet 1 external loadbalancer  I’m new to terraform and have a relatively good understanding of deploying stuff, can anyone point me in the right direction for the easiest way to deploy the above? Will only need 1 resource group initially.    submitted by   &lt;a...",
        "ts": "1582114619.030900",
        "username": "Terraform ALL the Worlds!",
        "icons": {
            "image_48": "https:\/\/s3-us-west-2.amazonaws.com\/slack-files2\/bot_icons\/2019-02-12\/548785199618_48.png"
        },
        "bot_id": "BG3N7LG73",
        "attachments": [
            {
                "service_name": "reddit",
                "title": "Beginner - task help needed small deployment",
                "title_link": "https:\/\/www.reddit.com\/r\/Terraform\/comments\/f69ygk\/beginner_task_help_needed_small_deployment\/",
                "text": "Hey everyone, doing a basic terraform to azure deployment Requirements 2 Regions - UK South, West Europe 2 Availability Zones in each region. 4...",
                "fallback": "reddit: Beginner - task help needed small deployment",
                "thumb_url": "https:\/\/www.redditstatic.com\/new-icon.png",
                "from_url": "https:\/\/www.reddit.com\/r\/Terraform\/comments\/f69ygk\/beginner_task_help_needed_small_deployment\/",
                "thumb_width": 256,
                "thumb_height": 256,
                "service_icon": "http:\/\/www.redditstatic.com\/desktop2x\/img\/favicon\/apple-icon-57x57.png",
                "id": 1,
                "original_url": "https:\/\/www.reddit.com\/r\/Terraform\/comments\/f69ygk\/beginner_task_help_needed_small_deployment\/"
            }
        ],
        "edited": {
            "user": "BG3N7LG73",
            "ts": "1582114619.000000"
        }
    },
    {
        "type": "message",
        "subtype": "bot_message",
        "text": "<https:\/\/www.reddit.com\/r\/Terraform\/comments\/f6aw04\/can_i_lookup_a_data_element_during_a_resource\/|Can I lookup a data element during a resource creation?>\nI have a loop that is undertaken during a resource creation. One of the elements, I would like to do a lookup using a data element.  Is it possible to either embed a data source within a resource or call it when defining the attributes of a resource? e.g. id = data.aws_resource[name='record'].id If anyone has an example where they've managed to achieve something like this, it would be much appreciated. ​ Thanks    submitted by   <https:\/\/www.reddit.com\/user\/a8ree| \/u\/a8ree > \n&lt;a...",
        "ts": "1582120624.031100",
        "username": "Terraform ALL the Worlds!",
        "icons": {
            "image_48": "https:\/\/s3-us-west-2.amazonaws.com\/slack-files2\/bot_icons\/2019-02-12\/548785199618_48.png"
        },
        "bot_id": "BG3N7LG73",
        "attachments": [
            {
                "service_name": "reddit",
                "title": "Can I lookup a data element during a resource creation?",
                "title_link": "https:\/\/www.reddit.com\/r\/Terraform\/comments\/f6aw04\/can_i_lookup_a_data_element_during_a_resource\/",
                "text": "I have a loop that is undertaken during a resource creation. One of the elements, I would like to do a lookup using a data element. Is it...",
                "fallback": "reddit: Can I lookup a data element during a resource creation?",
                "thumb_url": "https:\/\/www.redditstatic.com\/new-icon.png",
                "from_url": "https:\/\/www.reddit.com\/r\/Terraform\/comments\/f6aw04\/can_i_lookup_a_data_element_during_a_resource\/",
                "thumb_width": 256,
                "thumb_height": 256,
                "service_icon": "http:\/\/www.redditstatic.com\/desktop2x\/img\/favicon\/apple-icon-57x57.png",
                "id": 1,
                "original_url": "https:\/\/www.reddit.com\/r\/Terraform\/comments\/f6aw04\/can_i_lookup_a_data_element_during_a_resource\/"
            },
            {
                "title": "overview for a8ree",
                "title_link": "https:\/\/www.reddit.com\/user\/a8ree",
                "text": "The u\/a8ree community on Reddit. Reddit gives you the best of the internet in one place.",
                "fallback": "overview for a8ree",
                "from_url": "https:\/\/www.reddit.com\/user\/a8ree",
                "service_icon": "http:\/\/www.redditstatic.com\/desktop2x\/img\/favicon\/apple-icon-57x57.png",
                "service_name": "reddit.com",
                "id": 2,
                "original_url": "https:\/\/www.reddit.com\/user\/a8ree"
            }
        ],
        "edited": {
            "user": "BG3N7LG73",
            "ts": "1582120625.000000"
        }
    },
    {
        "type": "message",
        "subtype": "bot_message",
        "text": "<https:\/\/www.reddit.com\/r\/Terraform\/comments\/f6ayyz\/ok_people_so_how_do_you_set_io_checks_in\/|Ok, People. So, how do you set IO checks in cloudwatch alarms?>\nCurrently I have this set to CPU but CPU does not seem to cut the mustard so how would I add IO balance checks or disk usage to the checks? I have looked through the documentation but cannot seem to find clear concise examples. resource \"aws_cloudwatch_metric_alarm\" \"aps\" { alarm_name = \"${var.some_environment}-${var.some_service}-cloudwatch-micro-alarm\" comparison_operator = \"GreaterThanOrEqualToThreshold\" evaluation_periods = 2 metric_name = \"CPUUtilization\" namespace = \"AWS\/EC2\" period =...",
        "ts": "1582121821.031300",
        "username": "Terraform ALL the Worlds!",
        "icons": {
            "image_48": "https:\/\/s3-us-west-2.amazonaws.com\/slack-files2\/bot_icons\/2019-02-12\/548785199618_48.png"
        },
        "bot_id": "BG3N7LG73",
        "attachments": [
            {
                "service_name": "reddit",
                "title": "Ok, People. So, how do you set IO checks in cloudwatch alarms?",
                "title_link": "https:\/\/www.reddit.com\/r\/Terraform\/comments\/f6ayyz\/ok_people_so_how_do_you_set_io_checks_in\/",
                "text": "Currently I have this set to CPU but CPU does not seem to cut the mustard so how would I add IO balance checks or disk usage to the checks? I have...",
                "fallback": "reddit: Ok, People. So, how do you set IO checks in cloudwatch alarms?",
                "thumb_url": "https:\/\/www.redditstatic.com\/new-icon.png",
                "from_url": "https:\/\/www.reddit.com\/r\/Terraform\/comments\/f6ayyz\/ok_people_so_how_do_you_set_io_checks_in\/",
                "thumb_width": 256,
                "thumb_height": 256,
                "service_icon": "http:\/\/www.redditstatic.com\/desktop2x\/img\/favicon\/apple-icon-57x57.png",
                "id": 1,
                "original_url": "https:\/\/www.reddit.com\/r\/Terraform\/comments\/f6ayyz\/ok_people_so_how_do_you_set_io_checks_in\/"
            }
        ],
        "edited": {
            "user": "BG3N7LG73",
            "ts": "1582121821.000000"
        }
    },
    {
        "type": "message",
        "subtype": "bot_message",
        "text": "<https:\/\/www.reddit.com\/r\/Terraform\/comments\/f6bku3\/ensuring_no_accidental_deletion\/|Ensuring no accidental deletion>\nHeres my situation: Im building a new production enviroment, and the provider is my local VMWare ESXi rig. I dont have any cloud things, as this is my homelab. Now... I want to have a VM that is managed by Terraform, which runs a MySQL. However, if I change the RAM or CPU count, or something that would recreate the VM all the SQL data would be gone... How do I ensure that this cannot happen while keeping the IaC principle.  Do I: - make a seperate VM for hosting the data itself that isnt...",
        "ts": "1582124221.031500",
        "username": "Terraform ALL the Worlds!",
        "icons": {
            "image_48": "https:\/\/s3-us-west-2.amazonaws.com\/slack-files2\/bot_icons\/2019-02-12\/548785199618_48.png"
        },
        "bot_id": "BG3N7LG73",
        "attachments": [
            {
                "service_name": "reddit",
                "title": "Ensuring no accidental deletion",
                "title_link": "https:\/\/www.reddit.com\/r\/Terraform\/comments\/f6bku3\/ensuring_no_accidental_deletion\/",
                "text": "Heres my situation: Im building a new production enviroment, and the provider is my local VMWare ESXi rig. I dont have any cloud things, as this...",
                "fallback": "reddit: Ensuring no accidental deletion",
                "thumb_url": "https:\/\/www.redditstatic.com\/new-icon.png",
                "from_url": "https:\/\/www.reddit.com\/r\/Terraform\/comments\/f6bku3\/ensuring_no_accidental_deletion\/",
                "thumb_width": 256,
                "thumb_height": 256,
                "service_icon": "http:\/\/www.redditstatic.com\/desktop2x\/img\/favicon\/apple-icon-57x57.png",
                "id": 1,
                "original_url": "https:\/\/www.reddit.com\/r\/Terraform\/comments\/f6bku3\/ensuring_no_accidental_deletion\/"
            }
        ],
        "edited": {
            "user": "BG3N7LG73",
            "ts": "1582124222.000000"
        }
    },
    {
        "type": "message",
        "subtype": "bot_message",
        "text": "<https:\/\/www.reddit.com\/r\/Terraform\/comments\/f6bt24\/podman_provider\/|Podman Provider?>\nPodman (<http:\/\/podman.io|podman.io>) is a daemon-less Docker replacement with support for rootless containers and a near identical CLI to Docker (Podman claims \"alias docker=podman\" should work for many situations).  I don't see a community provider - am curious if anyone has tested Podman with Terraform using \"alias docker=podman\" and the Docker provider.    submitted by   <https:\/\/www.reddit.com\/user\/captdickles| \/u\/captdickles > \n&lt;a...",
        "ts": "1582125421.031700",
        "username": "Terraform ALL the Worlds!",
        "icons": {
            "image_48": "https:\/\/s3-us-west-2.amazonaws.com\/slack-files2\/bot_icons\/2019-02-12\/548785199618_48.png"
        },
        "bot_id": "BG3N7LG73",
        "attachments": [
            {
                "service_name": "reddit",
                "title": "Podman Provider?",
                "title_link": "https:\/\/www.reddit.com\/r\/Terraform\/comments\/f6bt24\/podman_provider\/",
                "text": "Podman (<http:\/\/podman.io|podman.io>) is a daemon-less Docker replacement with support for rootless containers and a near identical CLI to Docker (Podman claims...",
                "fallback": "reddit: Podman Provider?",
                "thumb_url": "https:\/\/www.redditstatic.com\/new-icon.png",
                "from_url": "https:\/\/www.reddit.com\/r\/Terraform\/comments\/f6bt24\/podman_provider\/",
                "thumb_width": 256,
                "thumb_height": 256,
                "service_icon": "http:\/\/www.redditstatic.com\/desktop2x\/img\/favicon\/apple-icon-57x57.png",
                "id": 1,
                "original_url": "https:\/\/www.reddit.com\/r\/Terraform\/comments\/f6bt24\/podman_provider\/"
            },
            {
                "title": "overview for captdickles",
                "title_link": "https:\/\/www.reddit.com\/user\/captdickles",
                "text": "The u\/captdickles community on Reddit. Reddit gives you the best of the internet in one place.",
                "fallback": "overview for captdickles",
                "from_url": "https:\/\/www.reddit.com\/user\/captdickles",
                "service_icon": "http:\/\/www.redditstatic.com\/desktop2x\/img\/favicon\/apple-icon-57x57.png",
                "service_name": "reddit.com",
                "id": 2,
                "original_url": "https:\/\/www.reddit.com\/user\/captdickles"
            }
        ],
        "edited": {
            "user": "BG3N7LG73",
            "ts": "1582125421.000000"
        }
    },
    {
        "type": "message",
        "subtype": "bot_message",
        "text": "<https:\/\/www.reddit.com\/r\/Terraform\/comments\/f6c9v7\/terraform_cloud_enterprise_resource_targets\/|Terraform Cloud (Enterprise) Resource Targets>\nIs there still no way to run \"-target \" in Terraform Cloud Enterprise?    submitted by   <https:\/\/www.reddit.com\/user\/carbonrobot| \/u\/carbonrobot > \n<https:\/\/www.reddit.com\/r\/Terraform\/comments\/f6c9v7\/terraform_cloud_enterprise_resource_targets\/|[link]>   <https:\/\/www.reddit.com\/r\/Terraform\/comments\/f6c9v7\/terraform_cloud_enterprise_resource_targets\/|[comments]>",
        "ts": "1582126625.031900",
        "username": "Terraform ALL the Worlds!",
        "icons": {
            "image_48": "https:\/\/s3-us-west-2.amazonaws.com\/slack-files2\/bot_icons\/2019-02-12\/548785199618_48.png"
        },
        "bot_id": "BG3N7LG73",
        "attachments": [
            {
                "title": "overview for carbonrobot",
                "title_link": "https:\/\/www.reddit.com\/user\/carbonrobot",
                "text": "The u\/carbonrobot community on Reddit. Reddit gives you the best of the internet in one place.",
                "fallback": "overview for carbonrobot",
                "from_url": "https:\/\/www.reddit.com\/user\/carbonrobot",
                "service_icon": "http:\/\/www.redditstatic.com\/desktop2x\/img\/favicon\/apple-icon-57x57.png",
                "service_name": "reddit.com",
                "id": 1,
                "original_url": "https:\/\/www.reddit.com\/user\/carbonrobot"
            }
        ],
        "edited": {
            "user": "BG3N7LG73",
            "ts": "1582126626.000000"
        }
    },
    {
        "type": "message",
        "subtype": "bot_message",
        "text": "<https:\/\/www.reddit.com\/r\/Terraform\/comments\/f6d8we\/terraform_codebuild_and_ecs_issue\/|Terraform, Codebuild and ECS Issue>\nHi Everyone, Preface: I am a noob at TF, and to a lesser degree to AWS I am currently creating infrastructure in AWS that creates rds instances, vpc, security groups, memcached, and uses Codebuild and Codepipeline to deploy the application. Codebuild uses a custom docker image. ​ The issue I seem to be having is that when TF creates all the resources it starts to perform the health check on the load balancer right away, BUT, Codebuild has not yet finished building and pushing to ECS. The load...",
        "ts": "1582130224.032100",
        "username": "Terraform ALL the Worlds!",
        "icons": {
            "image_48": "https:\/\/s3-us-west-2.amazonaws.com\/slack-files2\/bot_icons\/2019-02-12\/548785199618_48.png"
        },
        "bot_id": "BG3N7LG73",
        "attachments": [
            {
                "service_name": "reddit",
                "title": "Terraform, Codebuild and ECS Issue",
                "title_link": "https:\/\/www.reddit.com\/r\/Terraform\/comments\/f6d8we\/terraform_codebuild_and_ecs_issue\/",
                "text": "Hi Everyone, Preface: I am a noob at TF, and to a lesser degree to AWS I am currently creating infrastructure in AWS that creates rds...",
                "fallback": "reddit: Terraform, Codebuild and ECS Issue",
                "thumb_url": "https:\/\/www.redditstatic.com\/new-icon.png",
                "from_url": "https:\/\/www.reddit.com\/r\/Terraform\/comments\/f6d8we\/terraform_codebuild_and_ecs_issue\/",
                "thumb_width": 256,
                "thumb_height": 256,
                "service_icon": "http:\/\/www.redditstatic.com\/desktop2x\/img\/favicon\/apple-icon-57x57.png",
                "id": 1,
                "original_url": "https:\/\/www.reddit.com\/r\/Terraform\/comments\/f6d8we\/terraform_codebuild_and_ecs_issue\/"
            }
        ],
        "edited": {
            "user": "BG3N7LG73",
            "ts": "1582130226.000000"
        }
    },
    {
        "type": "message",
        "subtype": "bot_message",
        "text": "<https:\/\/www.reddit.com\/r\/Terraform\/comments\/f6hm0r\/how_to_get_build_versions_from_external_build\/|How to get build versions from external build system?>\nI'm trying to set up CI\/CD\/IAC for AWS, primarily lambda and the supporting resources for each lambda. I need to deploy the zipped up application with the Terraform template. How can I pass the version of the build or path to the S3 files to Terraform from my build server?    submitted by   <https:\/\/www.reddit.com\/user\/rjbwork| \/u\/rjbwork > \n<https:\/\/www.reddit.com\/r\/Terraform\/comments\/f6hm0r\/how_to_get_build_versions_from_external_build\/|[link]>   &lt;a...",
        "ts": "1582148224.032300",
        "username": "Terraform ALL the Worlds!",
        "icons": {
            "image_48": "https:\/\/s3-us-west-2.amazonaws.com\/slack-files2\/bot_icons\/2019-02-12\/548785199618_48.png"
        },
        "bot_id": "BG3N7LG73",
        "attachments": [
            {
                "service_name": "reddit",
                "title": "How to get build versions from external build system?",
                "title_link": "https:\/\/www.reddit.com\/r\/Terraform\/comments\/f6hm0r\/how_to_get_build_versions_from_external_build\/",
                "text": "I'm trying to set up CI\/CD\/IAC for AWS, primarily lambda and the supporting resources for each lambda. I need to deploy the zipped up application...",
                "fallback": "reddit: How to get build versions from external build system?",
                "thumb_url": "https:\/\/www.redditstatic.com\/new-icon.png",
                "from_url": "https:\/\/www.reddit.com\/r\/Terraform\/comments\/f6hm0r\/how_to_get_build_versions_from_external_build\/",
                "thumb_width": 256,
                "thumb_height": 256,
                "service_icon": "http:\/\/www.redditstatic.com\/desktop2x\/img\/favicon\/apple-icon-57x57.png",
                "id": 1,
                "original_url": "https:\/\/www.reddit.com\/r\/Terraform\/comments\/f6hm0r\/how_to_get_build_versions_from_external_build\/"
            },
            {
                "title": "overview for rjbwork",
                "title_link": "https:\/\/www.reddit.com\/user\/rjbwork",
                "text": "The u\/rjbwork community on Reddit. Reddit gives you the best of the internet in one place.",
                "fallback": "overview for rjbwork",
                "from_url": "https:\/\/www.reddit.com\/user\/rjbwork",
                "service_icon": "http:\/\/www.redditstatic.com\/desktop2x\/img\/favicon\/apple-icon-57x57.png",
                "service_name": "reddit.com",
                "id": 2,
                "original_url": "https:\/\/www.reddit.com\/user\/rjbwork"
            }
        ],
        "edited": {
            "user": "BG3N7LG73",
            "ts": "1582148224.000000"
        }
    },
    {
        "type": "message",
        "subtype": "bot_message",
        "text": "<https:\/\/www.reddit.com\/r\/Terraform\/comments\/f6p7xc\/two_vcenter_servers\/|Two vCenter Servers>\nDoes anyone know how to define multiple vCenter servers in one plan?    submitted by   <https:\/\/www.reddit.com\/user\/multidollar| \/u\/multidollar > \n<https:\/\/www.reddit.com\/r\/Terraform\/comments\/f6p7xc\/two_vcenter_servers\/|[link]>   <https:\/\/www.reddit.com\/r\/Terraform\/comments\/f6p7xc\/two_vcenter_servers\/|[comments]>",
        "ts": "1582181815.032500",
        "username": "Terraform ALL the Worlds!",
        "icons": {
            "image_48": "https:\/\/s3-us-west-2.amazonaws.com\/slack-files2\/bot_icons\/2019-02-12\/548785199618_48.png"
        },
        "bot_id": "BG3N7LG73",
        "attachments": [
            {
                "service_name": "reddit",
                "title": "Two vCenter Servers",
                "title_link": "https:\/\/www.reddit.com\/r\/Terraform\/comments\/f6p7xc\/two_vcenter_servers\/",
                "text": "Does anyone know how to define multiple vCenter servers in one plan?",
                "fallback": "reddit: Two vCenter Servers",
                "thumb_url": "https:\/\/www.redditstatic.com\/new-icon.png",
                "from_url": "https:\/\/www.reddit.com\/r\/Terraform\/comments\/f6p7xc\/two_vcenter_servers\/",
                "thumb_width": 256,
                "thumb_height": 256,
                "service_icon": "http:\/\/www.redditstatic.com\/desktop2x\/img\/favicon\/apple-icon-57x57.png",
                "id": 1,
                "original_url": "https:\/\/www.reddit.com\/r\/Terraform\/comments\/f6p7xc\/two_vcenter_servers\/"
            },
            {
                "title": "overview for multidollar",
                "title_link": "https:\/\/www.reddit.com\/user\/multidollar",
                "text": "The u\/multidollar community on Reddit. Reddit gives you the best of the internet in one place.",
                "fallback": "overview for multidollar",
                "from_url": "https:\/\/www.reddit.com\/user\/multidollar",
                "service_icon": "http:\/\/www.redditstatic.com\/desktop2x\/img\/favicon\/apple-icon-57x57.png",
                "service_name": "reddit.com",
                "id": 2,
                "original_url": "https:\/\/www.reddit.com\/user\/multidollar"
            }
        ],
        "edited": {
            "user": "BG3N7LG73",
            "ts": "1582181816.000000"
        }
    }
]