[
    {
        "client_msg_id": "26bc97d9-9f42-479d-8a5c-4ebfeb8e070c",
        "type": "message",
        "text": "Zulip がこれからくるかもしれない感じがするけど、slack があわててフリープランの制限緩和とかしてくれれば\n別に移動しなくてもいいかなとか。。。",
        "user": "UFU0BKD8F",
        "ts": "1667318130.014049",
        "blocks": [
            {
                "type": "rich_text",
                "block_id": "\/0v=",
                "elements": [
                    {
                        "type": "rich_text_section",
                        "elements": [
                            {
                                "type": "text",
                                "text": "Zulip がこれからくるかもしれない感じがするけど、slack があわててフリープランの制限緩和とかしてくれれば\n別に移動しなくてもいいかなとか。。。"
                            }
                        ]
                    }
                ]
            }
        ],
        "team": "TFU0BKCQP",
        "user_team": "TFU0BKCQP",
        "source_team": "TFU0BKCQP",
        "user_profile": {
            "avatar_hash": "92c41c62c7b0",
            "image_72": "https:\/\/avatars.slack-edge.com\/2019-01-30\/537137791812_92c41c62c7b0f054d3dd_72.jpg",
            "first_name": "らき",
            "real_name": "らき",
            "display_name": "raki",
            "team": "TFU0BKCQP",
            "name": "nishimuray",
            "is_restricted": false,
            "is_ultra_restricted": false
        },
        "thread_ts": "1667318130.014049",
        "reply_count": 1,
        "reply_users_count": 1,
        "latest_reply": "1667387938.897029",
        "reply_users": [
            "U027Q3A22UX"
        ],
        "replies": [
            {
                "user": "U027Q3A22UX",
                "ts": "1667387938.897029"
            }
        ],
        "is_locked": false,
        "subscribed": true,
        "last_read": "1667387938.897029",
        "reactions": [
            {
                "name": "eyes",
                "users": [
                    "U02K7TWFJ83"
                ],
                "count": 1
            }
        ]
    }
]