[
    {
        "client_msg_id": "a21ec9fc-75dd-4e44-be1e-1f58b5ad1982",
        "type": "message",
        "text": "自作のproviderをTerraform registryに対応してみました.\n<https:\/\/registry.terraform.io\/providers\/kamatama41\/utravis\/latest>\nこれで自前のインストールスクリプトとおさらばできる..!",
        "user": "UGVSWU1CY",
        "ts": "1597904879.002000",
        "team": "TFU0BKCQP",
        "user_team": "TFU0BKCQP",
        "source_team": "TFU0BKCQP",
        "user_profile": {
            "avatar_hash": "g39e3edf2690",
            "image_72": "https:\/\/secure.gravatar.com\/avatar\/e39e3edf269030f881eb1d9f90f7c411.jpg?s=72&d=https%3A%2F%2Fa.slack-edge.com%2Fdf10d%2Fimg%2Favatars%2Fava_0016-72.png",
            "first_name": "",
            "real_name": "Shinichi ISHIMURA",
            "display_name": "kamatama41",
            "team": "TFU0BKCQP",
            "name": "shiketaudonko41",
            "is_restricted": false,
            "is_ultra_restricted": false
        },
        "edited": {
            "user": "UGVSWU1CY",
            "ts": "1597905454.000000"
        },
        "blocks": [
            {
                "type": "rich_text",
                "block_id": "nZ3o",
                "elements": [
                    {
                        "type": "rich_text_section",
                        "elements": [
                            {
                                "type": "text",
                                "text": "自作のproviderをTerraform registryに対応してみました.\n"
                            },
                            {
                                "type": "link",
                                "url": "https:\/\/registry.terraform.io\/providers\/kamatama41\/utravis\/latest"
                            },
                            {
                                "type": "text",
                                "text": "\nこれで自前のインストールスクリプトとおさらばできる..!"
                            }
                        ]
                    }
                ]
            }
        ],
        "reactions": [
            {
                "name": "terraform-party",
                "users": [
                    "UHS4SFFA7"
                ],
                "count": 1
            },
            {
                "name": "parrot",
                "users": [
                    "UHS4SFFA7"
                ],
                "count": 1
            },
            {
                "name": "tada",
                "users": [
                    "UG46Z57TN",
                    "ULS55L16V"
                ],
                "count": 2
            }
        ]
    }
]