[
    {
        "client_msg_id": "43eca5c2-2d18-4ac0-8f3f-6972ad43f4a5",
        "type": "message",
        "text": "0.13が出る令和2年にdependabotが0.12すらサポートしていないの辛くないです？\n\n<https:\/\/github.com\/dependabot\/dependabot-core\/issues\/1176|Terraform 0.12 support · Issue #1176 · dependabot\/dependabot-core>",
        "user": "UTK1B5BB2",
        "ts": "1597990799.003100",
        "team": "TFU0BKCQP",
        "user_team": "TFU0BKCQP",
        "source_team": "TFU0BKCQP",
        "user_profile": {
            "avatar_hash": "f9e26d92b470",
            "image_72": "https:\/\/avatars.slack-edge.com\/2020-02-05\/926890716897_f9e26d92b470908ab893_72.png",
            "first_name": "",
            "real_name": "kbigwheel",
            "display_name": "kbigwheel",
            "team": "TFU0BKCQP",
            "name": "k.bigwheel",
            "is_restricted": false,
            "is_ultra_restricted": false
        },
        "attachments": [
            {
                "author_name": "greysteil",
                "fallback": "[dependabot\/dependabot-core] #1176 Terraform 0.12 support",
                "text": "Dependabot's terraform support doesn't work with HCL 2.0.\n\nIn particular, our logic for parsing HCL files is <https:\/\/github.com\/dependabot\/dependabot-core\/blob\/master\/terraform\/lib\/dependabot\/terraform\/file_parser.rb#L219-L246|here> and shells out to <https:\/\/github.com\/kvz\/json2hcl|this tool> which only support HCL 1.0 and, unfortunately, <https:\/\/github.com\/kvz\/json2hcl\/issues\/12|looks unmaintained>.\n\nTo fix this we need a HCL -&gt; soemthing-readable-by-ruby parser to replace the one we're currently using.",
                "title": "#1176 Terraform 0.12 support",
                "footer": "<https:\/\/github.com\/dependabot\/dependabot-core|dependabot\/dependabot-core>",
                "id": 1,
                "title_link": "https:\/\/github.com\/dependabot\/dependabot-core\/issues\/1176",
                "author_link": "https:\/\/github.com\/greysteil",
                "author_icon": "https:\/\/avatars0.githubusercontent.com\/u\/1144873?v=4",
                "footer_icon": "https:\/\/github.githubassets.com\/favicon.ico",
                "ts": 1559108449,
                "color": "36a64f",
                "fields": [
                    {
                        "title": "Labels",
                        "value": "F: language-support, L: terraform, T: feature-request",
                        "short": true
                    },
                    {
                        "title": "Comments",
                        "value": "15",
                        "short": true
                    }
                ],
                "mrkdwn_in": [
                    "text"
                ],
                "bot_id": "BH12QQBB4",
                "app_unfurl_url": "https:\/\/github.com\/dependabot\/dependabot-core\/issues\/1176",
                "is_app_unfurl": true
            }
        ],
        "blocks": [
            {
                "type": "rich_text",
                "block_id": "O7R",
                "elements": [
                    {
                        "type": "rich_text_section",
                        "elements": [
                            {
                                "type": "text",
                                "text": "0.13が出る令和2年にdependabotが0.12すらサポートしていないの辛くないです？\n\n"
                            },
                            {
                                "type": "link",
                                "url": "https:\/\/github.com\/dependabot\/dependabot-core\/issues\/1176",
                                "text": "Terraform 0.12 support · Issue #1176 · dependabot\/dependabot-core"
                            }
                        ]
                    }
                ]
            }
        ]
    },
    {
        "client_msg_id": "1e141c0e-3e51-4b99-8244-6658c8eb7b69",
        "type": "message",
        "text": "<https:\/\/qiita.com\/minamijoyo\/items\/1350fb28ae82a3dbb354|tfupdateでTerraform本体\/プロバイダ\/モジュールのバージョンアップを自動化する - Qiita>\n&gt; というツッコミができる人は、逆に既に知ってると思うけど、これを書いてる2019\/12\/2現在、DependabotはTerraformモジュールしか対応してなくて、Terraform本体やプロバイダには対応していません。むしろ欲しいの本体とプロバイダじゃん？って思った人は私だけではないはず。。。\nつらたん",
        "user": "UTK1B5BB2",
        "ts": "1597991006.003800",
        "team": "TFU0BKCQP",
        "user_team": "TFU0BKCQP",
        "source_team": "TFU0BKCQP",
        "user_profile": {
            "avatar_hash": "f9e26d92b470",
            "image_72": "https:\/\/avatars.slack-edge.com\/2020-02-05\/926890716897_f9e26d92b470908ab893_72.png",
            "first_name": "",
            "real_name": "kbigwheel",
            "display_name": "kbigwheel",
            "team": "TFU0BKCQP",
            "name": "k.bigwheel",
            "is_restricted": false,
            "is_ultra_restricted": false
        },
        "attachments": [
            {
                "service_name": "Qiita",
                "title": "tfupdateでTerraform本体\/プロバイダ\/モジュールのバージョンアップを自動化する - Qiita",
                "title_link": "https:\/\/qiita.com\/minamijoyo\/items\/1350fb28ae82a3dbb354",
                "text": "はじめに Terraform職人あらためシニアHCLエンジニア（？）の @minamijoyo です。 最近はHCL(HashiCorp Configuration Language)のパーサで遊んでいます。Terraform...",
                "fallback": "Qiita: tfupdateでTerraform本体\/プロバイダ\/モジュールのバージョンアップを自動化する - Qiita",
                "image_url": "https:\/\/qiita-user-contents.imgix.net\/https%3A%2F%2Fcdn.qiita.com%2Fassets%2Fpublic%2Farticle-ogp-background-1150d8b18a7c15795b701a55ae908f94.png?ixlib=rb-1.2.2&w=1200&mark=https%3A%2F%2Fqiita-user-contents.imgix.net%2F~text%3Fixlib%3Drb-1.2.2%26w%3D840%26h%3D380%26txt%3Dtfupdate%25E3%2581%25A7Terraform%25E6%259C%25AC%25E4%25BD%2593%252F%25E3%2583%2597%25E3%2583%25AD%25E3%2583%2590%25E3%2582%25A4%25E3%2583%2580%252F%25E3%2583%25A2%25E3%2582%25B8%25E3%2583%25A5%25E3%2583%25BC%25E3%2583%25AB%25E3%2581%25AE%25E3%2583%2590%25E3%2583%25BC%25E3%2582%25B8%25E3%2583%25A7%25E3%2583%25B3%25E3%2582%25A2%25E3%2583%2583%25E3%2583%2597%25E3%2582%2592%25E8%2587%25AA%25E5%258B%2595%25E5%258C%2596%25E3%2581%2599%25E3%2582%258B%26txt-color%3D%2523333%26txt-font%3DHiragino%2520Sans%2520W6%26txt-size%3D54%26txt-clip%3Dellipsis%26txt-align%3Dcenter%252Cmiddle%26s%3Dad71cc9140eccdb2354b93dfb4e783a6&mark-align=center%2Cmiddle&blend=https%3A%2F%2Fqiita-user-contents.imgix.net%2F~text%3Fixlib%3Drb-1.2.2%26w%3D840%26h%3D500%26txt%3D%2540minamijoyo%26txt-color%3D%2523333%26txt-font%3DHiragino%2520Sans%2520W6%26txt-size%3D45%26txt-align%3Dright%252Cbottom%26s%3D1453d0f61a50e9dec63f2f5a4227b5e8&blend-align=center%2Cmiddle&blend-mode=normal&s=f741e8ad9983fceeecfc01aae15ed41e",
                "from_url": "https:\/\/qiita.com\/minamijoyo\/items\/1350fb28ae82a3dbb354",
                "image_width": 476,
                "image_height": 250,
                "image_bytes": 63877,
                "service_icon": "https:\/\/cdn.qiita.com\/assets\/favicons\/public\/apple-touch-icon-ec5ba42a24ae923f16825592efdc356f.png",
                "id": 1,
                "original_url": "https:\/\/qiita.com\/minamijoyo\/items\/1350fb28ae82a3dbb354"
            }
        ],
        "blocks": [
            {
                "type": "rich_text",
                "block_id": "669\/",
                "elements": [
                    {
                        "type": "rich_text_section",
                        "elements": [
                            {
                                "type": "link",
                                "url": "https:\/\/qiita.com\/minamijoyo\/items\/1350fb28ae82a3dbb354",
                                "text": "tfupdateでTerraform本体\/プロバイダ\/モジュールのバージョンアップを自動化する - Qiita"
                            },
                            {
                                "type": "text",
                                "text": "\n"
                            }
                        ]
                    },
                    {
                        "type": "rich_text_quote",
                        "elements": [
                            {
                                "type": "text",
                                "text": "というツッコミができる人は、逆に既に知ってると思うけど、これを書いてる2019\/12\/2現在、DependabotはTerraformモジュールしか対応してなくて、Terraform本体やプロバイダには対応していません。むしろ欲しいの本体とプロバイダじゃん？って思った人は私だけではないはず。。。"
                            }
                        ]
                    },
                    {
                        "type": "rich_text_section",
                        "elements": [
                            {
                                "type": "text",
                                "text": "つらたん"
                            }
                        ]
                    }
                ]
            }
        ]
    }
]