[
    {
        "type": "message",
        "subtype": "thread_broadcast",
        "text": "なるほど…セキュリティグループについてはCIDR指定も全部tfに書いてて手動で変更したことがないのでその観点はなかったですね…\nありがとうございます :pray:",
        "user": "UQT52H29G",
        "ts": "1643944354.228539",
        "thread_ts": "1643375144.522719",
        "root": {
            "client_msg_id": "16983357-131b-417f-a628-cef5a7cffd9e",
            "type": "message",
            "text": "セキュリティグループはもっぱらingressブロックとかegressブロックをその場で書いていて、セキュリティグループと別にルールを書いたことないんですけど、どっちの書き方する人が多いんですかね？",
            "user": "UQT52H29G",
            "ts": "1643375144.522719",
            "blocks": [
                {
                    "type": "rich_text",
                    "block_id": "vop",
                    "elements": [
                        {
                            "type": "rich_text_section",
                            "elements": [
                                {
                                    "type": "text",
                                    "text": "セキュリティグループはもっぱらingressブロックとかegressブロックをその場で書いていて、セキュリティグループと別にルールを書いたことないんですけど、どっちの書き方する人が多いんですかね？"
                                }
                            ]
                        }
                    ]
                }
            ],
            "team": "TFU0BKCQP",
            "thread_ts": "1643375144.522719",
            "reply_count": 3,
            "reply_users_count": 3,
            "latest_reply": "1646713177.433109",
            "reply_users": [
                "U02K7TWFJ83",
                "UQT52H29G",
                "ULMG6D5GB"
            ],
            "replies": [
                {
                    "user": "U02K7TWFJ83",
                    "ts": "1643588377.306429"
                },
                {
                    "user": "UQT52H29G",
                    "ts": "1643944354.228539"
                },
                {
                    "user": "ULMG6D5GB",
                    "ts": "1646713177.433109"
                }
            ],
            "is_locked": false,
            "subscribed": false
        },
        "blocks": [
            {
                "type": "rich_text",
                "block_id": "\/CP",
                "elements": [
                    {
                        "type": "rich_text_section",
                        "elements": [
                            {
                                "type": "text",
                                "text": "なるほど…セキュリティグループについてはCIDR指定も全部tfに書いてて手動で変更したことがないのでその観点はなかったですね…\nありがとうございます "
                            },
                            {
                                "type": "emoji",
                                "name": "pray",
                                "unicode": "1f64f"
                            }
                        ]
                    }
                ]
            }
        ],
        "client_msg_id": "a4c27e40-a2ef-44e0-97ba-fa7fed8b287d",
        "reactions": [
            {
                "name": "man-bowing",
                "users": [
                    "U02K7TWFJ83"
                ],
                "count": 1
            }
        ]
    }
]