[
    {
        "client_msg_id": "9944dc7d-f3e9-49ef-bcd2-ff7276c901b2",
        "type": "message",
        "text": "v4.1.0 が出たしもう後戻りはしないものとしてがんばって適用していく所存。。。_no",
        "user": "UFU0BKD8F",
        "ts": "1645061544.021519",
        "blocks": [
            {
                "type": "rich_text",
                "block_id": "pkAB",
                "elements": [
                    {
                        "type": "rich_text_section",
                        "elements": [
                            {
                                "type": "text",
                                "text": "v4.1.0 が出たしもう後戻りはしないものとしてがんばって適用していく所存。。。_no"
                            }
                        ]
                    }
                ]
            }
        ],
        "team": "TFU0BKCQP",
        "user_team": "TFU0BKCQP",
        "source_team": "TFU0BKCQP",
        "user_profile": {
            "avatar_hash": "92c41c62c7b0",
            "image_72": "https:\/\/avatars.slack-edge.com\/2019-01-30\/537137791812_92c41c62c7b0f054d3dd_72.jpg",
            "first_name": "らき",
            "real_name": "らき",
            "display_name": "raki",
            "team": "TFU0BKCQP",
            "name": "nishimuray",
            "is_restricted": false,
            "is_ultra_restricted": false
        },
        "thread_ts": "1644794099.066439",
        "parent_user_id": "UHS4SFFA7",
        "reactions": [
            {
                "name": "sweat_smile",
                "users": [
                    "UTK1B5BB2"
                ],
                "count": 1
            }
        ]
    }
]