[
    {
        "client_msg_id": "612aecfa-8eaa-47c1-ae70-616ce76c836c",
        "type": "message",
        "text": "<https:\/\/hashicorp.connpass.com\/event\/146776>",
        "user": "UHS4SFFA7",
        "ts": "1568344165.020300",
        "team": "TFU0BKCQP",
        "user_team": "TFU0BKCQP",
        "source_team": "TFU0BKCQP",
        "user_profile": {
            "avatar_hash": "gade34f8bdf1",
            "image_72": "https:\/\/secure.gravatar.com\/avatar\/5ade34f8bdf1b55c4ff82c11cf23cf42.jpg?s=72&d=https%3A%2F%2Fa.slack-edge.com%2Fdf10d%2Fimg%2Favatars%2Fava_0008-72.png",
            "first_name": "",
            "real_name": "minamijoyo",
            "display_name": "minamijoyo",
            "team": "TFU0BKCQP",
            "name": "minamijoyo",
            "is_restricted": false,
            "is_ultra_restricted": false
        },
        "attachments": [
            {
                "service_name": "connpass",
                "title": "Mitchell Hashimoto in Tokyo! HashiCorp Meetup (2019\/10\/24 18:30〜)",
                "title_link": "https:\/\/hashicorp.connpass.com\/event\/146776",
                "text": "# はじめに HashiCorpの創業者で今尚PractitionerとしてOSSに貢献を続けるMitchell Hashimotoの来日に伴いMeetupを開催します。DevOpsのパイオニア的存在Mitchell HashimotoはVagrantのクリエーターとして知られていますが、Packer、Terraform、Consulなどの作者でもあります。この機会にHashimotoに会いに来ませんか？ # ご注意 * カメラ撮影はOKですがシャッター音のないカメラアプリをご用意下さい。 * 当日は必ず受付票をお持ち下さい。 * 前日・当日のキャンセルはご遠慮下さい。...",
                "fallback": "connpass: Mitchell Hashimoto in Tokyo! HashiCorp Meetup (2019\/10\/24 18:30〜)",
                "image_url": "https:\/\/connpass-tokyo.s3.amazonaws.com\/thumbs\/34\/ba\/34ba0be0d30a498374bd7b04fc33fb06.png",
                "from_url": "https:\/\/hashicorp.connpass.com\/event\/146776",
                "image_width": 466,
                "image_height": 115,
                "image_bytes": 16988,
                "service_icon": "https:\/\/connpass.com\/static\/img\/apple_touch_icon.png",
                "id": 1,
                "original_url": "https:\/\/hashicorp.connpass.com\/event\/146776"
            }
        ],
        "reactions": [
            {
                "name": "eyes",
                "users": [
                    "ULJGDGFHQ",
                    "ULFK57XL4",
                    "UGY8YDQ2G",
                    "UFTKSQ25T",
                    "UM2FB5M29",
                    "ULYDVRXNY",
                    "UJ15SRE0M"
                ],
                "count": 7
            },
            {
                "name": "sugoi",
                "users": [
                    "UFTKSQ25T",
                    "UGXFY0V88",
                    "UGVSWU1CY",
                    "UM2FB5M29",
                    "UJ0HPTBD2",
                    "UJ15SRE0M"
                ],
                "count": 6
            }
        ]
    }
]