[
    {
        "client_msg_id": "8b2874f0-1c25-470c-a197-db6a987b8cc4",
        "type": "message",
        "text": "↑このイベント 10\/24 =&gt; 10\/23に日程変更になったようですご注意下さい（というメールが来てました）",
        "user": "UHS4SFFA7",
        "ts": "1568728677.001600",
        "team": "TFU0BKCQP",
        "user_team": "TFU0BKCQP",
        "source_team": "TFU0BKCQP",
        "user_profile": {
            "avatar_hash": "gade34f8bdf1",
            "image_72": "https:\/\/secure.gravatar.com\/avatar\/5ade34f8bdf1b55c4ff82c11cf23cf42.jpg?s=72&d=https%3A%2F%2Fa.slack-edge.com%2Fdf10d%2Fimg%2Favatars%2Fava_0008-72.png",
            "first_name": "",
            "real_name": "minamijoyo",
            "display_name": "minamijoyo",
            "team": "TFU0BKCQP",
            "name": "minamijoyo",
            "is_restricted": false,
            "is_ultra_restricted": false
        },
        "reactions": [
            {
                "name": "ありがとうございます",
                "users": [
                    "UKAKENQAF",
                    "UM2FB5M29",
                    "ULYDVRXNY"
                ],
                "count": 3
            }
        ]
    }
]