[
    {
        "client_msg_id": "cb2248a7-66ae-486f-9ae4-09baf38c2de4",
        "type": "message",
        "text": "わいわい！！　<https:\/\/www.publickey1.jp\/blog\/19\/hashicorpterraform_cloud5hashiconf_19.html>",
        "user": "UFTKSQ25T",
        "ts": "1568166800.012200",
        "team": "TFU0BKCQP",
        "user_team": "TFU0BKCQP",
        "source_team": "TFU0BKCQP",
        "user_profile": {
            "avatar_hash": "g0bffa2bb65a",
            "image_72": "https:\/\/secure.gravatar.com\/avatar\/10bffa2bb65aa200d991e14d6110f549.jpg?s=72&d=https%3A%2F%2Fa.slack-edge.com%2Fdf10d%2Fimg%2Favatars%2Fava_0016-72.png",
            "first_name": "",
            "real_name": "morihaya",
            "display_name": "",
            "team": "TFU0BKCQP",
            "name": "yukiya.hayashi",
            "is_restricted": false,
            "is_ultra_restricted": false
        },
        "attachments": [
            {
                "title": "［速報］HashiCorpが「Terraform Cloud」機能強化、5人まで無料。チームでのクラウドインフラの管理を容易に。HashiConf '19",
                "title_link": "https:\/\/www.publickey1.jp\/blog\/19\/hashicorpterraform_cloud5hashiconf_19.html",
                "text": "HashiCorpが主催する年次イベント「HashiConf '19」が9月10日（現地時間）サンフランシスコで開幕しました。 基調講演で同社共同創業者兼Co-CTOのArmon Dadgar氏は、マルチクラウドに対応するクラウドインフラの...",
                "fallback": "［速報］HashiCorpが「Terraform Cloud」機能強化、5人まで無料。チームでのクラウドインフラの管理を容易に。HashiConf '19",
                "image_url": "https:\/\/www.publickey1.jp\/2019\/hashiconf1908.gif",
                "from_url": "https:\/\/www.publickey1.jp\/blog\/19\/hashicorpterraform_cloud5hashiconf_19.html",
                "image_width": 450,
                "image_height": 250,
                "image_bytes": 25359,
                "service_icon": "https:\/\/www.publickey1.jp\/favicon.ico",
                "service_name": "publickey1.jp",
                "id": 1,
                "original_url": "https:\/\/www.publickey1.jp\/blog\/19\/hashicorpterraform_cloud5hashiconf_19.html"
            }
        ],
        "reactions": [
            {
                "name": "eyes",
                "users": [
                    "UFU0BKD8F",
                    "UN54FJ396"
                ],
                "count": 2
            },
            {
                "name": "heart",
                "users": [
                    "UHS4SFFA7",
                    "UN54FJ396",
                    "UG1QN22JZ",
                    "UGY8YDQ2G",
                    "UGXFY0V88"
                ],
                "count": 5
            },
            {
                "name": "terraform",
                "users": [
                    "UHS4SFFA7",
                    "UG1QN22JZ"
                ],
                "count": 2
            }
        ]
    },
    {
        "client_msg_id": "a7237331-0616-4868-948b-ba7e771728fb",
        "type": "message",
        "text": "わいわい2！！　<https:\/\/www.hashicorp.com\/blog\/announcing-terraform-cloud>\n```\n# Features\n## Automation\nVCS Connection (GitHub, GitLab, Bitbucket)\nRemote Plans and Applies\nNotifications\/Webhooks\nFull HTTP API\n\n## Collaboration\nState Management (Storage, History, and Locking)\nCollaborative Runs\nPrivate Module Registry\nFull User Interface\n```",
        "user": "UFTKSQ25T",
        "ts": "1568166867.013200",
        "team": "TFU0BKCQP",
        "user_team": "TFU0BKCQP",
        "source_team": "TFU0BKCQP",
        "user_profile": {
            "avatar_hash": "g0bffa2bb65a",
            "image_72": "https:\/\/secure.gravatar.com\/avatar\/10bffa2bb65aa200d991e14d6110f549.jpg?s=72&d=https%3A%2F%2Fa.slack-edge.com%2Fdf10d%2Fimg%2Favatars%2Fava_0016-72.png",
            "first_name": "",
            "real_name": "morihaya",
            "display_name": "",
            "team": "TFU0BKCQP",
            "name": "yukiya.hayashi",
            "is_restricted": false,
            "is_ultra_restricted": false
        },
        "attachments": [
            {
                "service_name": "HashiCorp: Infrastructure enables innovation",
                "title": "Announcing Terraform Cloud",
                "title_link": "https:\/\/www.hashicorp.com\/blog\/announcing-terraform-cloud",
                "text": "Today, we’re excited to announce the full release of Terraform Cloud. This release brings the automation and collaboration features of Terraform Enterprise to the greater Terraform...",
                "fallback": "HashiCorp: Infrastructure enables innovation: Announcing Terraform Cloud",
                "thumb_url": "https:\/\/www.datocms-assets.com\/2885\/1518044148-terraform_verticallogo_fullcolor.png?format=auto&w=900",
                "from_url": "https:\/\/www.hashicorp.com\/blog\/announcing-terraform-cloud",
                "thumb_width": 900,
                "thumb_height": 899,
                "service_icon": "https:\/\/www.datocms-assets.com\/2885\/1527033389-favicon.png?w=57&h=57",
                "id": 1,
                "original_url": "https:\/\/www.hashicorp.com\/blog\/announcing-terraform-cloud"
            }
        ]
    },
    {
        "client_msg_id": "c9e48623-c129-4c52-bca6-f6c81e925e42",
        "type": "message",
        "text": "remote apply激アツ",
        "user": "UHS4SFFA7",
        "ts": "1568168920.013900",
        "team": "TFU0BKCQP",
        "user_team": "TFU0BKCQP",
        "source_team": "TFU0BKCQP",
        "user_profile": {
            "avatar_hash": "gade34f8bdf1",
            "image_72": "https:\/\/secure.gravatar.com\/avatar\/5ade34f8bdf1b55c4ff82c11cf23cf42.jpg?s=72&d=https%3A%2F%2Fa.slack-edge.com%2Fdf10d%2Fimg%2Favatars%2Fava_0008-72.png",
            "first_name": "",
            "real_name": "minamijoyo",
            "display_name": "minamijoyo",
            "team": "TFU0BKCQP",
            "name": "minamijoyo",
            "is_restricted": false,
            "is_ultra_restricted": false
        }
    },
    {
        "client_msg_id": "bf193cda-5d4b-48f0-b89b-c8ea5e4ad61c",
        "type": "message",
        "text": "Atlantis気になってたけどサーバ運用したくないし、Terraform Enterpriseはお高いしどうしようかな的な人はきっと私だけではないはず。",
        "user": "UHS4SFFA7",
        "ts": "1568169066.015700",
        "team": "TFU0BKCQP",
        "user_team": "TFU0BKCQP",
        "source_team": "TFU0BKCQP",
        "user_profile": {
            "avatar_hash": "gade34f8bdf1",
            "image_72": "https:\/\/secure.gravatar.com\/avatar\/5ade34f8bdf1b55c4ff82c11cf23cf42.jpg?s=72&d=https%3A%2F%2Fa.slack-edge.com%2Fdf10d%2Fimg%2Favatars%2Fava_0008-72.png",
            "first_name": "",
            "real_name": "minamijoyo",
            "display_name": "minamijoyo",
            "team": "TFU0BKCQP",
            "name": "minamijoyo",
            "is_restricted": false,
            "is_ultra_restricted": false
        },
        "reactions": [
            {
                "name": "+1",
                "users": [
                    "UFTKSQ25T"
                ],
                "count": 1
            }
        ]
    },
    {
        "client_msg_id": "bd98678b-5ef8-4262-a37e-196bf26314b9",
        "type": "message",
        "text": "Terraform Cloud 5人まで無料で、5人以上でも $20 \/ user \/ month で使えるっぽいのでお手頃価格っぽい",
        "user": "UHS4SFFA7",
        "ts": "1568169186.016700",
        "team": "TFU0BKCQP",
        "user_team": "TFU0BKCQP",
        "source_team": "TFU0BKCQP",
        "user_profile": {
            "avatar_hash": "gade34f8bdf1",
            "image_72": "https:\/\/secure.gravatar.com\/avatar\/5ade34f8bdf1b55c4ff82c11cf23cf42.jpg?s=72&d=https%3A%2F%2Fa.slack-edge.com%2Fdf10d%2Fimg%2Favatars%2Fava_0008-72.png",
            "first_name": "",
            "real_name": "minamijoyo",
            "display_name": "minamijoyo",
            "team": "TFU0BKCQP",
            "name": "minamijoyo",
            "is_restricted": false,
            "is_ultra_restricted": false
        },
        "edited": {
            "user": "UHS4SFFA7",
            "ts": "1568169337.000000"
        }
    },
    {
        "type": "message",
        "text": "<https:\/\/www.terraform.io\/>",
        "files": [
            {
                "id": "FN7DSCN20",
                "created": 1568169197,
                "timestamp": 1568169197,
                "name": "image.png",
                "title": "image.png",
                "mimetype": "image\/png",
                "filetype": "png",
                "pretty_type": "PNG",
                "user": "UHS4SFFA7",
                "editable": false,
                "size": 281980,
                "mode": "hosted",
                "is_external": false,
                "external_type": "",
                "is_public": true,
                "public_url_shared": false,
                "display_as_bot": false,
                "username": "",
                "url_private": "https:\/\/files.slack.com\/files-pri\/TFU0BKCQP-FN7DSCN20\/image.png?t=xoxe-538011658839-821464126950-821111338151-96d06d568fcadccaa6204ade0d97d265",
                "url_private_download": "https:\/\/files.slack.com\/files-pri\/TFU0BKCQP-FN7DSCN20\/download\/image.png?t=xoxe-538011658839-821464126950-821111338151-96d06d568fcadccaa6204ade0d97d265",
                "thumb_64": "https:\/\/files.slack.com\/files-tmb\/TFU0BKCQP-FN7DSCN20-2cec295ddc\/image_64.png?t=xoxe-538011658839-821464126950-821111338151-96d06d568fcadccaa6204ade0d97d265",
                "thumb_80": "https:\/\/files.slack.com\/files-tmb\/TFU0BKCQP-FN7DSCN20-2cec295ddc\/image_80.png?t=xoxe-538011658839-821464126950-821111338151-96d06d568fcadccaa6204ade0d97d265",
                "thumb_360": "https:\/\/files.slack.com\/files-tmb\/TFU0BKCQP-FN7DSCN20-2cec295ddc\/image_360.png?t=xoxe-538011658839-821464126950-821111338151-96d06d568fcadccaa6204ade0d97d265",
                "thumb_360_w": 360,
                "thumb_360_h": 204,
                "thumb_480": "https:\/\/files.slack.com\/files-tmb\/TFU0BKCQP-FN7DSCN20-2cec295ddc\/image_480.png?t=xoxe-538011658839-821464126950-821111338151-96d06d568fcadccaa6204ade0d97d265",
                "thumb_480_w": 480,
                "thumb_480_h": 272,
                "thumb_160": "https:\/\/files.slack.com\/files-tmb\/TFU0BKCQP-FN7DSCN20-2cec295ddc\/image_160.png?t=xoxe-538011658839-821464126950-821111338151-96d06d568fcadccaa6204ade0d97d265",
                "thumb_720": "https:\/\/files.slack.com\/files-tmb\/TFU0BKCQP-FN7DSCN20-2cec295ddc\/image_720.png?t=xoxe-538011658839-821464126950-821111338151-96d06d568fcadccaa6204ade0d97d265",
                "thumb_720_w": 720,
                "thumb_720_h": 409,
                "thumb_800": "https:\/\/files.slack.com\/files-tmb\/TFU0BKCQP-FN7DSCN20-2cec295ddc\/image_800.png?t=xoxe-538011658839-821464126950-821111338151-96d06d568fcadccaa6204ade0d97d265",
                "thumb_800_w": 800,
                "thumb_800_h": 454,
                "thumb_960": "https:\/\/files.slack.com\/files-tmb\/TFU0BKCQP-FN7DSCN20-2cec295ddc\/image_960.png?t=xoxe-538011658839-821464126950-821111338151-96d06d568fcadccaa6204ade0d97d265",
                "thumb_960_w": 960,
                "thumb_960_h": 545,
                "thumb_1024": "https:\/\/files.slack.com\/files-tmb\/TFU0BKCQP-FN7DSCN20-2cec295ddc\/image_1024.png?t=xoxe-538011658839-821464126950-821111338151-96d06d568fcadccaa6204ade0d97d265",
                "thumb_1024_w": 1024,
                "thumb_1024_h": 581,
                "image_exif_rotation": 1,
                "original_w": 2470,
                "original_h": 1402,
                "permalink": "https:\/\/terraform-jp.slack.com\/files\/UHS4SFFA7\/FN7DSCN20\/image.png",
                "permalink_public": "https:\/\/slack-files.com\/TFU0BKCQP-FN7DSCN20-9976cfb2aa",
                "is_starred": false,
                "has_rich_preview": false
            }
        ],
        "upload": true,
        "user": "UHS4SFFA7",
        "display_as_bot": false,
        "ts": "1568169201.016800",
        "client_msg_id": "ffb179e7-6c11-4331-bfeb-53f7247c34ff"
    },
    {
        "client_msg_id": "124242f7-c637-4667-9ebe-9db92cf15f4f",
        "type": "message",
        "text": "<https:\/\/www.hashicorp.com\/products\/terraform\/offerings>",
        "user": "UHS4SFFA7",
        "ts": "1568169240.017200",
        "team": "TFU0BKCQP",
        "user_team": "TFU0BKCQP",
        "source_team": "TFU0BKCQP",
        "user_profile": {
            "avatar_hash": "gade34f8bdf1",
            "image_72": "https:\/\/secure.gravatar.com\/avatar\/5ade34f8bdf1b55c4ff82c11cf23cf42.jpg?s=72&d=https%3A%2F%2Fa.slack-edge.com%2Fdf10d%2Fimg%2Favatars%2Fava_0008-72.png",
            "first_name": "",
            "real_name": "minamijoyo",
            "display_name": "minamijoyo",
            "team": "TFU0BKCQP",
            "name": "minamijoyo",
            "is_restricted": false,
            "is_ultra_restricted": false
        },
        "attachments": [
            {
                "service_name": "HashiCorp: Infrastructure enables innovation",
                "title": "HashiCorp Terraform: Enterprise Pricing, Packages &amp; Features",
                "title_link": "https:\/\/www.hashicorp.com\/products\/terraform\/offerings",
                "text": "Compare Terraform Open Source vs. Enterprise offerings and features to help you consistently provision any cloud, infrastructure, and service with one workflow.",
                "fallback": "HashiCorp: Infrastructure enables innovation: HashiCorp Terraform: Enterprise Pricing, Packages &amp; Features",
                "image_url": "https:\/\/www.datocms-assets.com\/2885\/1542060063-terraformshare-imglogo-w-stack-graphic1200x630.png",
                "from_url": "https:\/\/www.hashicorp.com\/products\/terraform\/offerings",
                "image_width": 476,
                "image_height": 250,
                "image_bytes": 109078,
                "service_icon": "https:\/\/www.datocms-assets.com\/2885\/1527033389-favicon.png?w=57&amp;h=57",
                "id": 1,
                "original_url": "https:\/\/www.hashicorp.com\/products\/terraform\/offerings"
            }
        ]
    },
    {
        "client_msg_id": "db00b1a3-d669-4360-af9f-c011abfe700a",
        "type": "message",
        "text": "`$20 \/ user \/ month` かあ",
        "user": "UG46Z57TN",
        "ts": "1568170836.017800",
        "team": "TFU0BKCQP",
        "user_team": "TFU0BKCQP",
        "source_team": "TFU0BKCQP",
        "user_profile": {
            "avatar_hash": "c6bdd4cb17db",
            "image_72": "https:\/\/avatars.slack-edge.com\/2019-07-05\/685991185957_c6bdd4cb17db956661a1_72.jpg",
            "first_name": "Takeshi",
            "real_name": "Takeshi Kondo",
            "display_name": "chaspy",
            "team": "TFU0BKCQP",
            "name": "take.she12",
            "is_restricted": false,
            "is_ultra_restricted": false
        }
    },
    {
        "client_msg_id": "605501dd-b479-4228-9293-37258435c2a5",
        "type": "message",
        "text": "SREだけなら5人で（ギリ）足りるんだけど、これからdeveloperみんな触れるようにしていきたいからなあ",
        "user": "UG46Z57TN",
        "ts": "1568170857.018300",
        "team": "TFU0BKCQP",
        "user_team": "TFU0BKCQP",
        "source_team": "TFU0BKCQP",
        "user_profile": {
            "avatar_hash": "c6bdd4cb17db",
            "image_72": "https:\/\/avatars.slack-edge.com\/2019-07-05\/685991185957_c6bdd4cb17db956661a1_72.jpg",
            "first_name": "Takeshi",
            "real_name": "Takeshi Kondo",
            "display_name": "chaspy",
            "team": "TFU0BKCQP",
            "name": "take.she12",
            "is_restricted": false,
            "is_ultra_restricted": false
        }
    },
    {
        "client_msg_id": "47da7fb4-8ffe-4fd4-8391-341591134a89",
        "type": "message",
        "text": "見送り",
        "user": "UG46Z57TN",
        "ts": "1568170861.018500",
        "team": "TFU0BKCQP",
        "user_team": "TFU0BKCQP",
        "source_team": "TFU0BKCQP",
        "user_profile": {
            "avatar_hash": "c6bdd4cb17db",
            "image_72": "https:\/\/avatars.slack-edge.com\/2019-07-05\/685991185957_c6bdd4cb17db956661a1_72.jpg",
            "first_name": "Takeshi",
            "real_name": "Takeshi Kondo",
            "display_name": "chaspy",
            "team": "TFU0BKCQP",
            "name": "take.she12",
            "is_restricted": false,
            "is_ultra_restricted": false
        }
    }
]