[
    {
        "client_msg_id": "38a70116-be80-4bd5-a9a9-e923376379b7",
        "type": "message",
        "text": "初めまして。\n以前よりちょこちょこと Terraform を触っていたのですが、再度キャッチアップしたいと思い参加しました。\nよろしくお願いいたします :bow:",
        "user": "UPSJ0B82U",
        "ts": "1571970398.006100",
        "team": "TFU0BKCQP",
        "user_team": "TFU0BKCQP",
        "source_team": "TFU0BKCQP",
        "user_profile": {
            "avatar_hash": "g5cd4f67093d",
            "image_72": "https:\/\/secure.gravatar.com\/avatar\/5cd4f67093d03b02313549b62d41233a.jpg?s=72&d=https%3A%2F%2Fa.slack-edge.com%2Fdf10d%2Fimg%2Favatars%2Fava_0019-72.png",
            "first_name": "",
            "real_name": "Takashi Inaba",
            "display_name": "Takashi Inaba",
            "team": "TFU0BKCQP",
            "name": "tinaba",
            "is_restricted": false,
            "is_ultra_restricted": false
        },
        "reactions": [
            {
                "name": "よろしく",
                "users": [
                    "UFU0BKD8F",
                    "UFTKSQ25T",
                    "UJ0HPTBD2"
                ],
                "count": 3
            },
            {
                "name": "hashicorp",
                "users": [
                    "UP3AB95L5",
                    "UFTKSQ25T",
                    "UJ0HPTBD2"
                ],
                "count": 3
            },
            {
                "name": "terraform-party",
                "users": [
                    "ULFK57XL4",
                    "UFTKSQ25T",
                    "ULZGFCK46"
                ],
                "count": 3
            }
        ]
    }
]