[
    {
        "client_msg_id": "c34b6c9e-b04d-46f1-a636-ef072b00e431",
        "type": "message",
        "text": "`required_providers` の ブロックが追加されたのが v0.12.20でv0.12.26ってなんだっけ？覚えてない。\n`source` が追加されたのがv0.13.0からで、v0.12系ではsourceは無視されますが、version指定は可能です。ただv0.12系でversion指定する場合は、上の例のように `aws = \"&gt;= 2.68, &lt; 4.0` と右辺はただのstringで v0.13系のような mapに`version` キーは使えません。という認識。",
        "user": "UHS4SFFA7",
        "ts": "1602145261.016000",
        "team": "TFU0BKCQP",
        "user_team": "TFU0BKCQP",
        "source_team": "TFU0BKCQP",
        "user_profile": {
            "avatar_hash": "gade34f8bdf1",
            "image_72": "https:\/\/secure.gravatar.com\/avatar\/5ade34f8bdf1b55c4ff82c11cf23cf42.jpg?s=72&d=https%3A%2F%2Fa.slack-edge.com%2Fdf10d%2Fimg%2Favatars%2Fava_0008-72.png",
            "first_name": "",
            "real_name": "minamijoyo",
            "display_name": "minamijoyo",
            "team": "TFU0BKCQP",
            "name": "minamijoyo",
            "is_restricted": false,
            "is_ultra_restricted": false
        },
        "blocks": [
            {
                "type": "rich_text",
                "block_id": "Qao",
                "elements": [
                    {
                        "type": "rich_text_section",
                        "elements": [
                            {
                                "type": "text",
                                "text": "required_providers",
                                "style": {
                                    "code": true
                                }
                            },
                            {
                                "type": "text",
                                "text": " の ブロックが追加されたのが v0.12.20でv0.12.26ってなんだっけ？覚えてない。\n"
                            },
                            {
                                "type": "text",
                                "text": "source",
                                "style": {
                                    "code": true
                                }
                            },
                            {
                                "type": "text",
                                "text": " が追加されたのがv0.13.0からで、v0.12系ではsourceは無視されますが、version指定は可能です。ただv0.12系でversion指定する場合は、上の例のように "
                            },
                            {
                                "type": "text",
                                "text": "aws = \">= 2.68, < 4.0",
                                "style": {
                                    "code": true
                                }
                            },
                            {
                                "type": "text",
                                "text": " と右辺はただのstringで v0.13系のような mapに`version` キーは使えません。という認識。"
                            }
                        ]
                    }
                ]
            }
        ],
        "thread_ts": "1602135314.014000",
        "parent_user_id": "U01BRVDMDHD"
    },
    {
        "client_msg_id": "798cfe72-ddbd-480b-bef2-9d6d6c3eaf22",
        "type": "message",
        "text": "v0.12.26のCHANGELOGには何も書いてないんだけど\n<https:\/\/github.com\/hashicorp\/terraform\/blob\/v0.12\/CHANGELOG.md>",
        "user": "UHS4SFFA7",
        "ts": "1602145318.016200",
        "team": "TFU0BKCQP",
        "user_team": "TFU0BKCQP",
        "source_team": "TFU0BKCQP",
        "user_profile": {
            "avatar_hash": "gade34f8bdf1",
            "image_72": "https:\/\/secure.gravatar.com\/avatar\/5ade34f8bdf1b55c4ff82c11cf23cf42.jpg?s=72&d=https%3A%2F%2Fa.slack-edge.com%2Fdf10d%2Fimg%2Favatars%2Fava_0008-72.png",
            "first_name": "",
            "real_name": "minamijoyo",
            "display_name": "minamijoyo",
            "team": "TFU0BKCQP",
            "name": "minamijoyo",
            "is_restricted": false,
            "is_ultra_restricted": false
        },
        "attachments": [
            {
                "fallback": "[hashicorp\/terraform] CHANGELOG.md",
                "text": "```\n## 0.12.30 (Unreleased)\n\n## 0.12.29 (July 22, 2020)\n\nBUG FIXES:\n\n* core: core: Prevent quadratic memory usage with large numbers of instances by not storing the complete resource state in each instance ([#25633](<https:\/\/github.com\/hashicorp\/terraform\/issues\/25633>))\n\n## 0.12.28 (June 25, 2020)\n\nBUG FIXES:\n\n* build: build the 0.12 version of Terraform with Go 1.12.13, rather than 0.13 Terraform's 1.14.2 ([#25386](<https:\/\/github.com\/hashicorp\/terraform\/issues\/25386>))\n\n## 0.12.27 (June 24, 2020)\n\nBUG FIXES:\n\n* backend\/remote: fix panic when there's a connection error to the remote backend ([#25341](<https:\/\/github.com\/hashicorp\/terraform\/issues\/25341>))\n\n## 0.12.26 (May 27, 2020)\n\nENHANCEMENTS:\n\n* backend\/remote: Can now accept `-target` options when creating a plan using _remote operations_, if supported by the target server. (Server-side support for this in Terraform Cloud and Terraform Enterprise will follow in forthcoming releases of each.) ([#24834](<https:\/\/github.com\/hashicorp\/terraform\/issues\/24834>))\n* cli: A special new lifecycle mode for provider plugins where they are assumed to be controlled by an external process outside of Terraform. This is for automated provider plugin testing only, and is not an end-user feature. ([#24674](<https:\/\/github.com\/hashicorp\/terraform\/issues\/24674>))\n\n## 0.12.25 (May 13, 2020)\n\nNOTES:\n\n* backend\/s3: Region validation now automatically supports the new `af-south-1` (Africa (Cape Town)) region. For AWS operations to work in the new region, the region must be explicitly enabled as outlined in the [AWS Documentation](<https:\/\/docs.aws.amazon.com\/general\/latest\/gr\/rande-manage.html#rande-manage-enable>). When the region is not enabled, the Terraform S3 Backend will return errors during credential validation (e.g. `error validating provider credentials: error calling sts:GetCallerIdentity: InvalidClientTokenId: The security token included in the request is invalid`). ([#24744](<https:\/\/github.com\/hashicorp\/terraform\/issues\/24744>))\n\nENHANCEMENTS:\n\n* backend\/s3: Support automatic region validation for `af-south-1` ([#24744](<https:\/\/github.com\/hashicorp\/terraform\/issues\/24744>))\n* backend\/remote: Add support for force push to remote backend ([#24884](<https:\/\/github.com\/hashicorp\/terraform\/issues\/24884>))\n\nBUG FIXES:\n* core: Destroy provisioners should not evaluate for_each expressions ([#24163](<https:\/\/github.com\/hashicorp\/terraform\/issues\/24163>))\n* core: Fix races in GetVariableValue ([#24599](<https:\/\/github.com\/hashicorp\/terraform\/issues\/24599>))\n\n## 0.12.24 (March 19, 2020)\n\nNOTES:\n\n* cli: Windows executable signing.\n\nOur Windows 32-bit and 64-bit executables for this version and up will be signed with a HashiCorp cert. Windows users will no longer see a warning about an \"unknown publisher\" when running our software.\n\nBUG FIXES:\n* command\/login: Fix bug when using terraform login on Windows ([#24397](<https:\/\/github.com\/hashicorp\/terraform\/issues\/24397>))\n* registry: Fix panic when server is unreachable ([#24411](<https:\/\/github.com\/hashicorp\/terraform\/issues\/24411>))\n\n## 0.12.23 (March 05, 2020)\n\nBUG FIXES:\n* cli: Fix wrong version returned by `terraform version`\n\n## 0.12.22 (March 05, 2020)\n\nENHANCEMENTS:\n* registry: Add configurable retries for module and provider discovery requests to the remote registry ([#24260](<https:\/\/github.com\/hashicorp\/terraform\/pull\/24260>))\n* registry: Add configurable request timeout for the remote registry client ([#24259](<https:\/\/github.com\/hashicorp\/terraform\/pull\/24259>))\n\nBUG FIXES:\n\n* cli: Fix terraform state mv to correctly set the resource each mode based on the target address ([#24254](<https:\/\/github.com\/hashicorp\/terraform\/issues\/24254>))\n* cli: The `terraform plan` command (and the implied plan run by `terraform apply` with no arguments) will now print any warnings that were generated even if there are no changes to be made. ([#24095](<https:\/\/github.com\/hashicorp\/terraform\/issues\/24095>))\n\n## 0.12.21 (February 19, 2020)\n\nNEW FEATURES:\n* backend\/cos: New backend \"cos\", supporting using Tencent Cloud Storage as a remote backend.\n* command\/login: Enable \"terraform login\" and add support for UI-generated tokens ([#23995](<https:\/\/github.com\/hashicorp\/terraform\/issues\/23995>))\n* command\/logout: Add \"terraform logout\" command to remove local credentials ([#24048](<https:\/\/github.com\/hashicorp\/terraform\/issues\/24048>))\n\nENHANCEMENTS:\n\n* command\/workspace delete: release lock after workspace removal warning ([#24085](<https:\/\/github.com\/hashicorp\/terraform\/issues\/24085>))\n* lang\/funcs: add `setsubtract` function ([#23424](<https:\/\/github.com\/hashicorp\/terraform\/issues\/23424>))\n\nBUG FIXES:\n* command\/state show: Fix an issue when a resource has a non-default provider configured ([#24027](<https:\/\/github.com\/hashicorp\/terraform\/issues\/24027>))\n* backend\/remote-state: Fix issues where lingering lock files remained when deleting non-empty workspaces ([#24085](<https:\/\/github.com\/hashicorp\/terraform\/issues\/24085>))\n* command\/import: Release lock if initialization error occurs on import ([#23318](<https:\/\/github.com\/hashicorp\/terraform\/issues\/23318>))\n* terraform: Fix panic when using `for_each` with a set containing `null` values ([#24047](<https:\/\/github.com\/hashicorp\/terraform\/issues\/24047>))\n\n## 0.12.20 (January 22, 2020)\n\nENHANCEMENTS:\n* config: New built-in functions `try` and `can` are intended to ease working with data structures whose shape isn't known statically. ([#23794](<https:\/\/github.com\/hashicorp\/terraform\/issues\/23794>))\n* config: New, optional syntax for [`required_providers`](<https:\/\/www.terraform.io\/docs\/configuration\/terraform.html#specifying-required-provider-versions>) setting in `terraform` blocks. This is not intended for general use yet but will support upcoming enhancements. [[#23843](<https:\/\/github.com\/hashicorp\/terraform\/issues\/23843>)] \n\nBUG FIXES:\n* command\/show: Fix an issue with show and aliased providers ([#23848](<https:\/\/github.com\/hashicorp\/terraform\/issues\/23848>))\n* core: Always clean up empty resources before empty modules ([#23822](<https:\/\/github.com\/hashicorp\/terraform\/issues\/23822>))\n* internal\/modsdir\/manifest: Fix CLI issue with Windows machines ([#23865](<https:\/\/github.com\/hashicorp\/terraform\/issues\/23865>))\n* backend: Variable values are no longer output to the console when variables are undeclared ([#23293](<https:\/\/github.com\/hashicorp\/terraform\/issues\/23293>))\n\nEXPERIMENTS:\n\n* This release includes an _opt-in experiment_ for [custom validation rules on module variables](<https:\/\/www.terraform.io\/docs\/configuration\/variables.html#custom-validation-rules>).\n\n    The feature is not yet finalized and is subject to breaking changes even in minor releases, but we're introducing it here in order to solicit feedback from module developers about which use-cases it is meeting, any use-cases it _isn't_ meeting, and any situations where things feel harder to express than they might be.\n\n    Due to the experimental nature of this feature, we do not recommend using it in \"production\" modules yet and we require an explicit [experimental feature opt-in](<https:\/\/www.terraform.io\/docs\/configuration\/terraform.html#experimental-language-features>) of `variable_validation`. Depending on what feedback we receive, the design of this experimental feature may change significantly in future versions without an automatic upgrade path.\n\n## 0.12.19 (January 08, 2020)\n\nENHANCEMENTS:\n* command\/init: Cache Terraform Registry metadata responses when handling multiple references to the same module. ([#23727](<https:\/\/github.com\/hashicorp\/terraform\/issues\/23727>))\n* command\/state-mv: Detect and remove references elsewhere in the state to the source address in a `terraform state mv` operation. This does not affect any current operations but will cause the resulting state snapshot to be different than before, and a future version of Terraform may make use of this additional precision. ([#23791](<https:\/\/github.com\/hashicorp\/terraform\/issues\/23791>))\n\n…",
                "title": "CHANGELOG.md",
                "footer": "<https:\/\/github.com\/hashicorp\/terraform|hashicorp\/terraform>",
                "id": 1,
                "title_link": "https:\/\/github.com\/hashicorp\/terraform\/blob\/v0.12\/CHANGELOG.md",
                "footer_icon": "https:\/\/github.githubassets.com\/favicon.ico",
                "color": "24292f",
                "mrkdwn_in": [
                    "text"
                ],
                "bot_id": "BH12QQBB4",
                "app_unfurl_url": "https:\/\/github.com\/hashicorp\/terraform\/blob\/v0.12\/CHANGELOG.md",
                "is_app_unfurl": true
            }
        ],
        "blocks": [
            {
                "type": "rich_text",
                "block_id": "6tmfU",
                "elements": [
                    {
                        "type": "rich_text_section",
                        "elements": [
                            {
                                "type": "text",
                                "text": "v0.12.26のCHANGELOGには何も書いてないんだけど\n"
                            },
                            {
                                "type": "link",
                                "url": "https:\/\/github.com\/hashicorp\/terraform\/blob\/v0.12\/CHANGELOG.md"
                            }
                        ]
                    }
                ]
            }
        ],
        "thread_ts": "1602135314.014000",
        "parent_user_id": "U01BRVDMDHD"
    },
    {
        "client_msg_id": "dedafe2f-9068-46b1-89e8-0000ad4831b8",
        "type": "message",
        "text": "v0.12.26にCHANGELOGになにも載ってないのは、ただ `v0.12-Compatible Provider Requirements` のドキュメントを書いた時点の最新のv0.12系がv0.12.26だったので、それより以前のバージョンの挙動は保証しないってだけの気がします。",
        "user": "UHS4SFFA7",
        "ts": "1602146242.016500",
        "team": "TFU0BKCQP",
        "user_team": "TFU0BKCQP",
        "source_team": "TFU0BKCQP",
        "user_profile": {
            "avatar_hash": "gade34f8bdf1",
            "image_72": "https:\/\/secure.gravatar.com\/avatar\/5ade34f8bdf1b55c4ff82c11cf23cf42.jpg?s=72&d=https%3A%2F%2Fa.slack-edge.com%2Fdf10d%2Fimg%2Favatars%2Fava_0008-72.png",
            "first_name": "",
            "real_name": "minamijoyo",
            "display_name": "minamijoyo",
            "team": "TFU0BKCQP",
            "name": "minamijoyo",
            "is_restricted": false,
            "is_ultra_restricted": false
        },
        "blocks": [
            {
                "type": "rich_text",
                "block_id": "Is\/4r",
                "elements": [
                    {
                        "type": "rich_text_section",
                        "elements": [
                            {
                                "type": "text",
                                "text": "v0.12.26にCHANGELOGになにも載ってないのは、ただ "
                            },
                            {
                                "type": "text",
                                "text": "v0.12-Compatible Provider Requirements",
                                "style": {
                                    "code": true
                                }
                            },
                            {
                                "type": "text",
                                "text": " のドキュメントを書いた時点の最新のv0.12系がv0.12.26だったので、それより以前のバージョンの挙動は保証しないってだけの気がします。"
                            }
                        ]
                    }
                ]
            }
        ],
        "thread_ts": "1602135314.014000",
        "parent_user_id": "U01BRVDMDHD"
    },
    {
        "client_msg_id": "ed9cf3f8-240c-4148-b6fc-29e0a74c07a3",
        "type": "message",
        "text": "0.12系の最新なら問題ないように見えます",
        "user": "UHS4SFFA7",
        "ts": "1602146309.016700",
        "team": "TFU0BKCQP",
        "user_team": "TFU0BKCQP",
        "source_team": "TFU0BKCQP",
        "user_profile": {
            "avatar_hash": "gade34f8bdf1",
            "image_72": "https:\/\/secure.gravatar.com\/avatar\/5ade34f8bdf1b55c4ff82c11cf23cf42.jpg?s=72&d=https%3A%2F%2Fa.slack-edge.com%2Fdf10d%2Fimg%2Favatars%2Fava_0008-72.png",
            "first_name": "",
            "real_name": "minamijoyo",
            "display_name": "minamijoyo",
            "team": "TFU0BKCQP",
            "name": "minamijoyo",
            "is_restricted": false,
            "is_ultra_restricted": false
        },
        "edited": {
            "user": "UHS4SFFA7",
            "ts": "1602146321.000000"
        },
        "blocks": [
            {
                "type": "rich_text",
                "block_id": "taV=b",
                "elements": [
                    {
                        "type": "rich_text_section",
                        "elements": [
                            {
                                "type": "text",
                                "text": "0.12系の最新なら問題ないように見えます"
                            }
                        ]
                    }
                ]
            }
        ],
        "thread_ts": "1602135314.014000",
        "parent_user_id": "U01BRVDMDHD"
    },
    {
        "client_msg_id": "a91edd35-a722-44a1-8ba2-6e86542611d1",
        "type": "message",
        "text": "あ、訂正\n\n&gt; required_providers の ブロックが追加されたのが v0.12.20で\nこれは required_providers の 右辺にmapのversionが渡せるようになったのが v0.12.20で、required_providersブロック自体は結構前からある気がする。",
        "user": "UHS4SFFA7",
        "ts": "1602146831.017000",
        "team": "TFU0BKCQP",
        "user_team": "TFU0BKCQP",
        "source_team": "TFU0BKCQP",
        "user_profile": {
            "avatar_hash": "gade34f8bdf1",
            "image_72": "https:\/\/secure.gravatar.com\/avatar\/5ade34f8bdf1b55c4ff82c11cf23cf42.jpg?s=72&d=https%3A%2F%2Fa.slack-edge.com%2Fdf10d%2Fimg%2Favatars%2Fava_0008-72.png",
            "first_name": "",
            "real_name": "minamijoyo",
            "display_name": "minamijoyo",
            "team": "TFU0BKCQP",
            "name": "minamijoyo",
            "is_restricted": false,
            "is_ultra_restricted": false
        },
        "blocks": [
            {
                "type": "rich_text",
                "block_id": "D9Sk",
                "elements": [
                    {
                        "type": "rich_text_section",
                        "elements": [
                            {
                                "type": "text",
                                "text": "あ、訂正\n\n"
                            }
                        ]
                    },
                    {
                        "type": "rich_text_quote",
                        "elements": [
                            {
                                "type": "text",
                                "text": "required_providers の ブロックが追加されたのが v0.12.20で"
                            }
                        ]
                    },
                    {
                        "type": "rich_text_section",
                        "elements": [
                            {
                                "type": "text",
                                "text": "\nこれは required_providers の 右辺にmapのversionが渡せるようになったのが v0.12.20で、required_providersブロック自体は結構前からある気がする。"
                            }
                        ]
                    }
                ]
            }
        ],
        "thread_ts": "1602135314.014000",
        "parent_user_id": "U01BRVDMDHD"
    },
    {
        "client_msg_id": "adcac9ca-6d70-4c86-8a1a-7020ef39a181",
        "type": "message",
        "text": "```terraform {\n  required_version = \"&gt;= 0.12.26, &lt; 0.14\"\n\n  required_providers {\n    aws = {\n      source  = \"hashicorp\/aws\"\n      version = \"&gt;= 2.68, &lt; 4.0\"\n    }\n  }\n}```\n↑v0.12\/v0.13互換にするにはこーゆーかんじじゃないかと。※awsの部分は例です。",
        "user": "UHS4SFFA7",
        "ts": "1602147115.017600",
        "team": "TFU0BKCQP",
        "user_team": "TFU0BKCQP",
        "source_team": "TFU0BKCQP",
        "user_profile": {
            "avatar_hash": "gade34f8bdf1",
            "image_72": "https:\/\/secure.gravatar.com\/avatar\/5ade34f8bdf1b55c4ff82c11cf23cf42.jpg?s=72&d=https%3A%2F%2Fa.slack-edge.com%2Fdf10d%2Fimg%2Favatars%2Fava_0008-72.png",
            "first_name": "",
            "real_name": "minamijoyo",
            "display_name": "minamijoyo",
            "team": "TFU0BKCQP",
            "name": "minamijoyo",
            "is_restricted": false,
            "is_ultra_restricted": false
        },
        "blocks": [
            {
                "type": "rich_text",
                "block_id": "g\/Db",
                "elements": [
                    {
                        "type": "rich_text_preformatted",
                        "elements": [
                            {
                                "type": "text",
                                "text": "terraform {\n  required_version = \">= 0.12.26, < 0.14\"\n\n  required_providers {\n    aws = {\n      source  = \"hashicorp\/aws\"\n      version = \">= 2.68, < 4.0\"\n    }\n  }\n}"
                            }
                        ]
                    },
                    {
                        "type": "rich_text_section",
                        "elements": [
                            {
                                "type": "text",
                                "text": "↑v0.12\/v0.13互換にするにはこーゆーかんじじゃないかと。※awsの部分は例です。"
                            }
                        ]
                    }
                ]
            }
        ],
        "thread_ts": "1602135314.014000",
        "parent_user_id": "U01BRVDMDHD"
    },
    {
        "client_msg_id": "a7608568-3234-41c6-b316-61ba1c807069",
        "type": "message",
        "text": "v0.12系だとパースはできるがsourceの指定が無視される",
        "user": "UHS4SFFA7",
        "ts": "1602147154.017800",
        "team": "TFU0BKCQP",
        "user_team": "TFU0BKCQP",
        "source_team": "TFU0BKCQP",
        "user_profile": {
            "avatar_hash": "gade34f8bdf1",
            "image_72": "https:\/\/secure.gravatar.com\/avatar\/5ade34f8bdf1b55c4ff82c11cf23cf42.jpg?s=72&d=https%3A%2F%2Fa.slack-edge.com%2Fdf10d%2Fimg%2Favatars%2Fava_0008-72.png",
            "first_name": "",
            "real_name": "minamijoyo",
            "display_name": "minamijoyo",
            "team": "TFU0BKCQP",
            "name": "minamijoyo",
            "is_restricted": false,
            "is_ultra_restricted": false
        },
        "blocks": [
            {
                "type": "rich_text",
                "block_id": "QEx",
                "elements": [
                    {
                        "type": "rich_text_section",
                        "elements": [
                            {
                                "type": "text",
                                "text": "v0.12系だとパースはできるがsourceの指定が無視される"
                            }
                        ]
                    }
                ]
            }
        ],
        "thread_ts": "1602135314.014000",
        "parent_user_id": "U01BRVDMDHD"
    },
    {
        "client_msg_id": "698a8ea4-a94d-42c8-8d81-c6869274b8c5",
        "type": "message",
        "text": "ただ v0.13でも以下の書き方はokなはずで\n\n```terraform {\n  required_version = \"&gt;= 0.12.7, &lt; 0.14\"\n\n  required_providers {\n    aws = \"&gt;= 2.68, &lt; 4.0\"\n  }\n}```\nもしなんらかの理由でv0.12.26より下をサポートしたい場合はsource自体を書かない",
        "user": "UHS4SFFA7",
        "ts": "1602147318.018000",
        "team": "TFU0BKCQP",
        "user_team": "TFU0BKCQP",
        "source_team": "TFU0BKCQP",
        "user_profile": {
            "avatar_hash": "gade34f8bdf1",
            "image_72": "https:\/\/secure.gravatar.com\/avatar\/5ade34f8bdf1b55c4ff82c11cf23cf42.jpg?s=72&d=https%3A%2F%2Fa.slack-edge.com%2Fdf10d%2Fimg%2Favatars%2Fava_0008-72.png",
            "first_name": "",
            "real_name": "minamijoyo",
            "display_name": "minamijoyo",
            "team": "TFU0BKCQP",
            "name": "minamijoyo",
            "is_restricted": false,
            "is_ultra_restricted": false
        },
        "blocks": [
            {
                "type": "rich_text",
                "block_id": "xwG",
                "elements": [
                    {
                        "type": "rich_text_section",
                        "elements": [
                            {
                                "type": "text",
                                "text": "ただ v0.13でも以下の書き方はokなはずで\n\n"
                            }
                        ]
                    },
                    {
                        "type": "rich_text_preformatted",
                        "elements": [
                            {
                                "type": "text",
                                "text": "terraform {\n  required_version = \">= 0.12.7, < 0.14\"\n\n  required_providers {\n    aws = \">= 2.68, < 4.0\"\n  }\n}"
                            }
                        ]
                    },
                    {
                        "type": "rich_text_section",
                        "elements": [
                            {
                                "type": "text",
                                "text": "もしなんらかの理由でv0.12.26より下をサポートしたい場合はsource自体を書かない"
                            }
                        ]
                    }
                ]
            }
        ],
        "thread_ts": "1602135314.014000",
        "parent_user_id": "U01BRVDMDHD"
    },
    {
        "client_msg_id": "fc08191b-e4fc-4a42-b4ae-7495838769ab",
        "type": "message",
        "text": "&gt;  ただv0.12系でversion指定する場合は、上の例のように `aws = \"&gt;= 2.68, &lt; 4.0` と右辺はただのstringで v0.13系のような mapに`version` キーは使えません。という認識。",
        "user": "U01BRVDMDHD",
        "ts": "1602150465.018200",
        "team": "TFU0BKCQP",
        "user_team": "TFU0BKCQP",
        "source_team": "TFU0BKCQP",
        "user_profile": {
            "avatar_hash": "694164716755",
            "image_72": "https:\/\/avatars.slack-edge.com\/2020-10-07\/1399999756631_6941647167557837cf95_72.jpg",
            "first_name": "tonpa",
            "real_name": "tonpa",
            "display_name": "tonpa",
            "team": "TFU0BKCQP",
            "name": "oniku.wo.mogmog",
            "is_restricted": false,
            "is_ultra_restricted": false
        },
        "blocks": [
            {
                "type": "rich_text",
                "block_id": "IN6",
                "elements": [
                    {
                        "type": "rich_text_quote",
                        "elements": [
                            {
                                "type": "text",
                                "text": " ただv0.12系でversion指定する場合は、上の例のように "
                            },
                            {
                                "type": "text",
                                "text": "aws = \">= 2.68, < 4.0",
                                "style": {
                                    "code": true
                                }
                            },
                            {
                                "type": "text",
                                "text": " と右辺はただのstringで v0.13系のような mapに`version` キーは使えません。という認識。"
                            }
                        ]
                    }
                ]
            }
        ],
        "thread_ts": "1602135314.014000",
        "parent_user_id": "U01BRVDMDHD"
    },
    {
        "client_msg_id": "65ec4a0d-0e96-447a-90dd-dd99bf647f25",
        "type": "message",
        "text": "こちらを参考にして、versions.tfの中身書き換えもう一回頑張ってみます。mm",
        "user": "U01BRVDMDHD",
        "ts": "1602150494.018400",
        "team": "TFU0BKCQP",
        "user_team": "TFU0BKCQP",
        "source_team": "TFU0BKCQP",
        "user_profile": {
            "avatar_hash": "694164716755",
            "image_72": "https:\/\/avatars.slack-edge.com\/2020-10-07\/1399999756631_6941647167557837cf95_72.jpg",
            "first_name": "tonpa",
            "real_name": "tonpa",
            "display_name": "tonpa",
            "team": "TFU0BKCQP",
            "name": "oniku.wo.mogmog",
            "is_restricted": false,
            "is_ultra_restricted": false
        },
        "blocks": [
            {
                "type": "rich_text",
                "block_id": "GQR",
                "elements": [
                    {
                        "type": "rich_text_section",
                        "elements": [
                            {
                                "type": "text",
                                "text": "こちらを参考にして、versions.tfの中身書き換えもう一回頑張ってみます。mm"
                            }
                        ]
                    }
                ]
            }
        ],
        "thread_ts": "1602135314.014000",
        "parent_user_id": "U01BRVDMDHD",
        "reactions": [
            {
                "name": "ok_woman",
                "users": [
                    "UHS4SFFA7"
                ],
                "count": 1
            }
        ]
    }
]