[
    {
        "client_msg_id": "34017e4c-d34e-4ee0-9c3b-f9f8b255ddcb",
        "type": "message",
        "text": "3rd party provider のやつを v0.13 にしようとして init がこける\n```Initializing the backend...\n\nInitializing provider plugins...\n- Using previously-installed plukevdh\/dmsnitch v0.1.2\n- Finding latest version of -\/dmsnitch...\n\nError: Failed to query available provider packages\n\nCould not retrieve the list of available versions for provider -\/dmsnitch:\nprovider registry <http:\/\/registry.terraform.io|registry.terraform.io> does not have a provider named\n<http:\/\/registry.terraform.io\/-\/dmsnitch|registry.terraform.io\/-\/dmsnitch>```",
        "user": "UG46Z57TN",
        "ts": "1603980041.025200",
        "team": "TFU0BKCQP",
        "user_team": "TFU0BKCQP",
        "source_team": "TFU0BKCQP",
        "user_profile": {
            "avatar_hash": "c6bdd4cb17db",
            "image_72": "https:\/\/avatars.slack-edge.com\/2019-07-05\/685991185957_c6bdd4cb17db956661a1_72.jpg",
            "first_name": "Takeshi",
            "real_name": "Takeshi Kondo",
            "display_name": "chaspy",
            "team": "TFU0BKCQP",
            "name": "take.she12",
            "is_restricted": false,
            "is_ultra_restricted": false
        },
        "blocks": [
            {
                "type": "rich_text",
                "block_id": "6Pi9C",
                "elements": [
                    {
                        "type": "rich_text_section",
                        "elements": [
                            {
                                "type": "text",
                                "text": "3rd party provider のやつを v0.13 にしようとして init がこける\n"
                            }
                        ]
                    },
                    {
                        "type": "rich_text_preformatted",
                        "elements": [
                            {
                                "type": "text",
                                "text": "Initializing the backend...\n\nInitializing provider plugins...\n- Using previously-installed plukevdh\/dmsnitch v0.1.2\n- Finding latest version of -\/dmsnitch...\n\nError: Failed to query available provider packages\n\nCould not retrieve the list of available versions for provider -\/dmsnitch:\nprovider registry registry.terraform.io does not have a provider named\nregistry.terraform.io\/-\/dmsnitch"
                            }
                        ]
                    }
                ]
            }
        ],
        "thread_ts": "1603980041.025200",
        "reply_count": 6,
        "reply_users_count": 1,
        "latest_reply": "1603980394.026500",
        "reply_users": [
            "UG46Z57TN"
        ],
        "replies": [
            {
                "user": "UG46Z57TN",
                "ts": "1603980060.025300"
            },
            {
                "user": "UG46Z57TN",
                "ts": "1603980062.025500"
            },
            {
                "user": "UG46Z57TN",
                "ts": "1603980178.025800"
            },
            {
                "user": "UG46Z57TN",
                "ts": "1603980381.026000"
            },
            {
                "user": "UG46Z57TN",
                "ts": "1603980393.026300"
            },
            {
                "user": "UG46Z57TN",
                "ts": "1603980394.026500"
            }
        ],
        "is_locked": false,
        "subscribed": false,
        "reactions": [
            {
                "name": "white_check_mark",
                "users": [
                    "UG46Z57TN"
                ],
                "count": 1
            }
        ]
    },
    {
        "client_msg_id": "737c922b-d99e-4dfb-b60c-e282e5548c8f",
        "type": "message",
        "text": "ググると謎のワークアラウンドが\n```<https:\/\/github.com\/hashicorp\/terraform\/issues\/25346#issuecomment-648225585>```",
        "user": "UG46Z57TN",
        "ts": "1603980060.025300",
        "team": "TFU0BKCQP",
        "user_team": "TFU0BKCQP",
        "source_team": "TFU0BKCQP",
        "user_profile": {
            "avatar_hash": "c6bdd4cb17db",
            "image_72": "https:\/\/avatars.slack-edge.com\/2019-07-05\/685991185957_c6bdd4cb17db956661a1_72.jpg",
            "first_name": "Takeshi",
            "real_name": "Takeshi Kondo",
            "display_name": "chaspy",
            "team": "TFU0BKCQP",
            "name": "take.she12",
            "is_restricted": false,
            "is_ultra_restricted": false
        },
        "blocks": [
            {
                "type": "rich_text",
                "block_id": "vzwt",
                "elements": [
                    {
                        "type": "rich_text_section",
                        "elements": [
                            {
                                "type": "text",
                                "text": "ググると謎のワークアラウンドが\n"
                            }
                        ]
                    },
                    {
                        "type": "rich_text_preformatted",
                        "elements": [
                            {
                                "type": "link",
                                "url": "https:\/\/github.com\/hashicorp\/terraform\/issues\/25346#issuecomment-648225585"
                            }
                        ]
                    }
                ]
            }
        ],
        "thread_ts": "1603980041.025200",
        "parent_user_id": "UG46Z57TN"
    },
    {
        "client_msg_id": "e534a00a-78a6-4504-9c74-e2c2e21d91a5",
        "type": "message",
        "text": "<https:\/\/github.com\/hashicorp\/terraform\/issues\/25346#issuecomment-648225585>",
        "user": "UG46Z57TN",
        "ts": "1603980062.025500",
        "team": "TFU0BKCQP",
        "user_team": "TFU0BKCQP",
        "source_team": "TFU0BKCQP",
        "user_profile": {
            "avatar_hash": "c6bdd4cb17db",
            "image_72": "https:\/\/avatars.slack-edge.com\/2019-07-05\/685991185957_c6bdd4cb17db956661a1_72.jpg",
            "first_name": "Takeshi",
            "real_name": "Takeshi Kondo",
            "display_name": "chaspy",
            "team": "TFU0BKCQP",
            "name": "take.she12",
            "is_restricted": false,
            "is_ultra_restricted": false
        },
        "attachments": [
            {
                "author_name": "alisdair",
                "fallback": "[hashicorp\/terraform] Comment on #25346",
                "text": "<https:\/\/github.com\/wolviecb|@wolviecb> Thanks for this report! I was able to reproduce this locally.\n\nYou should be able to work around this issue for now by using the `terraform state replace-providers` command to update your state to point to your new provider address. The command should be something like:\n\n```\nterraform state replace-provider -- -\/tranzaxis <http:\/\/registry.klarna.com\/txr\/tranzaxis|registry.klarna.com\/txr\/tranzaxis>\n\n```\n\nThe output should look something like:\n\n```\nTerraform will perform the following actions:\n\n  ~ Updating provider:\n    - <http:\/\/registry.terraform.io\/-\/tranzaxis|registry.terraform.io\/-\/tranzaxis>\n    + <http:\/\/registry.klarna.com\/txr\/tranzaxis|registry.klarna.com\/txr\/tranzaxis>\n\nChanging 1 resources:\n\n  tranzaxis_instance_state. instance_1\n\n```\n\nOnce this is done, `terraform init` should succeed and so should plan, apply, and so on. Please let me know whether this works for you!\n\nI'm leaving this issue open, as we will address this problem with changes to documentation and possibly code.",
                "title": "Comment on #25346 \"Error: Failed to query available provider packages\" with in-house provider",
                "footer": "<https:\/\/github.com\/hashicorp\/terraform|hashicorp\/terraform>",
                "id": 1,
                "title_link": "https:\/\/github.com\/hashicorp\/terraform\/issues\/25346#issuecomment-648225585",
                "author_link": "https:\/\/github.com\/alisdair",
                "author_icon": "https:\/\/avatars2.githubusercontent.com\/u\/68917?u=625b4a63e2f988864ebf507787581f46a7e48ac5&v=4",
                "footer_icon": "https:\/\/github.githubassets.com\/favicon.ico",
                "ts": 1592924933,
                "color": "24292f",
                "mrkdwn_in": [
                    "text"
                ],
                "bot_id": "BH12QQBB4",
                "app_unfurl_url": "https:\/\/github.com\/hashicorp\/terraform\/issues\/25346#issuecomment-648225585",
                "is_app_unfurl": true
            }
        ],
        "blocks": [
            {
                "type": "rich_text",
                "block_id": "NJ5NP",
                "elements": [
                    {
                        "type": "rich_text_section",
                        "elements": [
                            {
                                "type": "link",
                                "url": "https:\/\/github.com\/hashicorp\/terraform\/issues\/25346#issuecomment-648225585"
                            }
                        ]
                    }
                ]
            }
        ],
        "thread_ts": "1603980041.025200",
        "parent_user_id": "UG46Z57TN"
    },
    {
        "client_msg_id": "697fdbb7-5f16-4d0c-933d-a200ca86ee08",
        "type": "message",
        "text": "ほー\n```$ terraform providers                       [upgrade-terraform-v13]\n\nProviders required by configuration:\n.\n└── provider[<http:\/\/registry.terraform.io\/plukevdh\/dmsnitch|registry.terraform.io\/plukevdh\/dmsnitch>] 0.1.2\n\nProviders required by state:\n\n    provider[<http:\/\/registry.terraform.io\/-\/dmsnitch|registry.terraform.io\/-\/dmsnitch>]```",
        "user": "UG46Z57TN",
        "ts": "1603980178.025800",
        "team": "TFU0BKCQP",
        "user_team": "TFU0BKCQP",
        "source_team": "TFU0BKCQP",
        "user_profile": {
            "avatar_hash": "c6bdd4cb17db",
            "image_72": "https:\/\/avatars.slack-edge.com\/2019-07-05\/685991185957_c6bdd4cb17db956661a1_72.jpg",
            "first_name": "Takeshi",
            "real_name": "Takeshi Kondo",
            "display_name": "chaspy",
            "team": "TFU0BKCQP",
            "name": "take.she12",
            "is_restricted": false,
            "is_ultra_restricted": false
        },
        "blocks": [
            {
                "type": "rich_text",
                "block_id": "DbS=g",
                "elements": [
                    {
                        "type": "rich_text_section",
                        "elements": [
                            {
                                "type": "text",
                                "text": "ほー\n"
                            }
                        ]
                    },
                    {
                        "type": "rich_text_preformatted",
                        "elements": [
                            {
                                "type": "text",
                                "text": "$ terraform providers                       [upgrade-terraform-v13]\n\nProviders required by configuration:\n.\n└── provider[registry.terraform.io\/plukevdh\/dmsnitch] 0.1.2\n\nProviders required by state:\n\n    provider[registry.terraform.io\/-\/dmsnitch]"
                            }
                        ]
                    }
                ]
            }
        ],
        "thread_ts": "1603980041.025200",
        "parent_user_id": "UG46Z57TN"
    },
    {
        "client_msg_id": "65b4011b-82cd-4355-a464-458aaf119685",
        "type": "message",
        "text": "なおった",
        "user": "UG46Z57TN",
        "ts": "1603980381.026000",
        "team": "TFU0BKCQP",
        "user_team": "TFU0BKCQP",
        "source_team": "TFU0BKCQP",
        "user_profile": {
            "avatar_hash": "c6bdd4cb17db",
            "image_72": "https:\/\/avatars.slack-edge.com\/2019-07-05\/685991185957_c6bdd4cb17db956661a1_72.jpg",
            "first_name": "Takeshi",
            "real_name": "Takeshi Kondo",
            "display_name": "chaspy",
            "team": "TFU0BKCQP",
            "name": "take.she12",
            "is_restricted": false,
            "is_ultra_restricted": false
        },
        "blocks": [
            {
                "type": "rich_text",
                "block_id": "ZHib",
                "elements": [
                    {
                        "type": "rich_text_section",
                        "elements": [
                            {
                                "type": "text",
                                "text": "なおった"
                            }
                        ]
                    }
                ]
            }
        ],
        "thread_ts": "1603980041.025200",
        "parent_user_id": "UG46Z57TN"
    },
    {
        "client_msg_id": "db218668-f625-4fcd-b5a4-00c14685353b",
        "type": "message",
        "text": "```$ terraform state replace-provider -- -\/dmsnitch <http:\/\/registry.terraform.io\/plukevdh\/dmsnitch|registry.terraform.io\/plukevdh\/dmsnitch>\nTerraform will perform the following actions:\n\n  ~ Updating provider:\n    - <http:\/\/registry.terraform.io\/-\/dmsnitch|registry.terraform.io\/-\/dmsnitch>\n    + <http:\/\/registry.terraform.io\/plukevdh\/dmsnitch|registry.terraform.io\/plukevdh\/dmsnitch>```",
        "user": "UG46Z57TN",
        "ts": "1603980393.026300",
        "team": "TFU0BKCQP",
        "user_team": "TFU0BKCQP",
        "source_team": "TFU0BKCQP",
        "user_profile": {
            "avatar_hash": "c6bdd4cb17db",
            "image_72": "https:\/\/avatars.slack-edge.com\/2019-07-05\/685991185957_c6bdd4cb17db956661a1_72.jpg",
            "first_name": "Takeshi",
            "real_name": "Takeshi Kondo",
            "display_name": "chaspy",
            "team": "TFU0BKCQP",
            "name": "take.she12",
            "is_restricted": false,
            "is_ultra_restricted": false
        },
        "blocks": [
            {
                "type": "rich_text",
                "block_id": "5vqu",
                "elements": [
                    {
                        "type": "rich_text_preformatted",
                        "elements": [
                            {
                                "type": "text",
                                "text": "$ terraform state replace-provider -- -\/dmsnitch registry.terraform.io\/plukevdh\/dmsnitch\nTerraform will perform the following actions:\n\n  ~ Updating provider:\n    - registry.terraform.io\/-\/dmsnitch\n    + registry.terraform.io\/plukevdh\/dmsnitch"
                            }
                        ]
                    }
                ]
            }
        ],
        "thread_ts": "1603980041.025200",
        "parent_user_id": "UG46Z57TN"
    },
    {
        "client_msg_id": "ff6e221e-d65a-43a2-aed5-1a2a7ee69995",
        "type": "message",
        "text": "これで",
        "user": "UG46Z57TN",
        "ts": "1603980394.026500",
        "team": "TFU0BKCQP",
        "user_team": "TFU0BKCQP",
        "source_team": "TFU0BKCQP",
        "user_profile": {
            "avatar_hash": "c6bdd4cb17db",
            "image_72": "https:\/\/avatars.slack-edge.com\/2019-07-05\/685991185957_c6bdd4cb17db956661a1_72.jpg",
            "first_name": "Takeshi",
            "real_name": "Takeshi Kondo",
            "display_name": "chaspy",
            "team": "TFU0BKCQP",
            "name": "take.she12",
            "is_restricted": false,
            "is_ultra_restricted": false
        },
        "blocks": [
            {
                "type": "rich_text",
                "block_id": "sELSy",
                "elements": [
                    {
                        "type": "rich_text_section",
                        "elements": [
                            {
                                "type": "text",
                                "text": "これで"
                            }
                        ]
                    }
                ]
            }
        ],
        "thread_ts": "1603980041.025200",
        "parent_user_id": "UG46Z57TN"
    }
]