[
    {
        "client_msg_id": "0c2382d8-ffb9-4b18-96e3-359d4f8462e4",
        "type": "message",
        "text": "こんにちは。\nterraform moduleを開発しているんですが、0.12, 0.13どちらのバージョンを利用している方でも利用していただける形にしたいと思っているんですが、version.tfにrequired_providersの項目があると0.12では失敗してしまうみたいなので、\nTFファイルの内容は一緒ですが、versions.tfの内容だけ違う0.12\/,  0.13\/ のディレクトリを分けて管理しようかと考えています。\nこれ以外に、何かいい管理方法ってナレッジありませんでしょうか？",
        "user": "U01BRVDMDHD",
        "ts": "1602135314.014000",
        "team": "TFU0BKCQP",
        "user_team": "TFU0BKCQP",
        "source_team": "TFU0BKCQP",
        "user_profile": {
            "avatar_hash": "694164716755",
            "image_72": "https:\/\/avatars.slack-edge.com\/2020-10-07\/1399999756631_6941647167557837cf95_72.jpg",
            "first_name": "tonpa",
            "real_name": "tonpa",
            "display_name": "tonpa",
            "team": "TFU0BKCQP",
            "name": "oniku.wo.mogmog",
            "is_restricted": false,
            "is_ultra_restricted": false
        },
        "edited": {
            "user": "U01BRVDMDHD",
            "ts": "1602135446.000000"
        },
        "blocks": [
            {
                "type": "rich_text",
                "block_id": "pJ0RO",
                "elements": [
                    {
                        "type": "rich_text_section",
                        "elements": [
                            {
                                "type": "text",
                                "text": "こんにちは。\nterraform moduleを開発しているんですが、0.12, 0.13どちらのバージョンを利用している方でも利用していただける形にしたいと思っているんですが、version.tfにrequired_providersの項目があると0.12では失敗してしまうみたいなので、\nTFファイルの内容は一緒ですが、versions.tfの内容だけ違う0.12\/,  0.13\/ のディレクトリを分けて管理しようかと考えています。\nこれ以外に、何かいい管理方法ってナレッジありませんでしょうか？"
                            }
                        ]
                    }
                ]
            }
        ],
        "thread_ts": "1602135314.014000",
        "reply_count": 18,
        "reply_users_count": 3,
        "latest_reply": "1602150494.018400",
        "reply_users": [
            "UFU0BKD8F",
            "U01BRVDMDHD",
            "UHS4SFFA7"
        ],
        "replies": [
            {
                "user": "UFU0BKD8F",
                "ts": "1602135565.014200"
            },
            {
                "user": "UFU0BKD8F",
                "ts": "1602135766.014400"
            },
            {
                "user": "U01BRVDMDHD",
                "ts": "1602136451.014700"
            },
            {
                "user": "U01BRVDMDHD",
                "ts": "1602136548.014900"
            },
            {
                "user": "U01BRVDMDHD",
                "ts": "1602136743.015100"
            },
            {
                "user": "U01BRVDMDHD",
                "ts": "1602137367.015300"
            },
            {
                "user": "U01BRVDMDHD",
                "ts": "1602137456.015500"
            },
            {
                "user": "UFU0BKD8F",
                "ts": "1602139792.015700"
            },
            {
                "user": "UHS4SFFA7",
                "ts": "1602145261.016000"
            },
            {
                "user": "UHS4SFFA7",
                "ts": "1602145318.016200"
            },
            {
                "user": "UHS4SFFA7",
                "ts": "1602146242.016500"
            },
            {
                "user": "UHS4SFFA7",
                "ts": "1602146309.016700"
            },
            {
                "user": "UHS4SFFA7",
                "ts": "1602146831.017000"
            },
            {
                "user": "UHS4SFFA7",
                "ts": "1602147115.017600"
            },
            {
                "user": "UHS4SFFA7",
                "ts": "1602147154.017800"
            },
            {
                "user": "UHS4SFFA7",
                "ts": "1602147318.018000"
            },
            {
                "user": "U01BRVDMDHD",
                "ts": "1602150465.018200"
            },
            {
                "user": "U01BRVDMDHD",
                "ts": "1602150494.018400"
            }
        ],
        "is_locked": false,
        "subscribed": true,
        "last_read": "1602150494.018400"
    },
    {
        "client_msg_id": "a208e711-6b31-4229-bdbc-59b73e68801c",
        "type": "message",
        "text": "ブランチを切るのが一番手っ取り早いと思いますけどそういうことじゃなくてですか？",
        "user": "UFU0BKD8F",
        "ts": "1602135565.014200",
        "team": "TFU0BKCQP",
        "user_team": "TFU0BKCQP",
        "source_team": "TFU0BKCQP",
        "user_profile": {
            "avatar_hash": "92c41c62c7b0",
            "image_72": "https:\/\/avatars.slack-edge.com\/2019-01-30\/537137791812_92c41c62c7b0f054d3dd_72.jpg",
            "first_name": "らき",
            "real_name": "らき",
            "display_name": "raki",
            "team": "TFU0BKCQP",
            "name": "nishimuray",
            "is_restricted": false,
            "is_ultra_restricted": false
        },
        "blocks": [
            {
                "type": "rich_text",
                "block_id": "B1R",
                "elements": [
                    {
                        "type": "rich_text_section",
                        "elements": [
                            {
                                "type": "text",
                                "text": "ブランチを切るのが一番手っ取り早いと思いますけどそういうことじゃなくてですか？"
                            }
                        ]
                    }
                ]
            }
        ],
        "thread_ts": "1602135314.014000",
        "parent_user_id": "U01BRVDMDHD"
    },
    {
        "client_msg_id": "03ad014a-a0d0-4ce7-9923-73b74eeb2343",
        "type": "message",
        "text": "あとたぶん required_providers は書き方を変えるだけでそこそこいけるはず？\n<https:\/\/www.terraform.io\/docs\/configuration\/provider-requirements.html#v0-12-compatible-provider-requirements>",
        "user": "UFU0BKD8F",
        "ts": "1602135766.014400",
        "team": "TFU0BKCQP",
        "user_team": "TFU0BKCQP",
        "source_team": "TFU0BKCQP",
        "user_profile": {
            "avatar_hash": "92c41c62c7b0",
            "image_72": "https:\/\/avatars.slack-edge.com\/2019-01-30\/537137791812_92c41c62c7b0f054d3dd_72.jpg",
            "first_name": "らき",
            "real_name": "らき",
            "display_name": "raki",
            "team": "TFU0BKCQP",
            "name": "nishimuray",
            "is_restricted": false,
            "is_ultra_restricted": false
        },
        "attachments": [
            {
                "service_name": "Terraform by HashiCorp",
                "title": "Provider Requirements - Configuration Language - Terraform by HashiCorp",
                "title_link": "https:\/\/www.terraform.io\/docs\/configuration\/provider-requirements.html#v0-12-compatible-provider-requirements",
                "text": "Terraform by HashiCorp",
                "fallback": "Terraform by HashiCorp: Provider Requirements - Configuration Language - Terraform by HashiCorp",
                "thumb_url": "https:\/\/www.terraform.io\/assets\/images\/og-image-8b3e4f7d.png",
                "from_url": "https:\/\/www.terraform.io\/docs\/configuration\/provider-requirements.html#v0-12-compatible-provider-requirements",
                "thumb_width": 712,
                "thumb_height": 712,
                "service_icon": "https:\/\/www.terraform.io\/assets\/images\/favicons\/apple-touch-icon-13180a24.png",
                "id": 1,
                "original_url": "https:\/\/www.terraform.io\/docs\/configuration\/provider-requirements.html#v0-12-compatible-provider-requirements"
            }
        ],
        "blocks": [
            {
                "type": "rich_text",
                "block_id": "Xny5",
                "elements": [
                    {
                        "type": "rich_text_section",
                        "elements": [
                            {
                                "type": "text",
                                "text": "あとたぶん required_providers は書き方を変えるだけでそこそこいけるはず？\n"
                            },
                            {
                                "type": "link",
                                "url": "https:\/\/www.terraform.io\/docs\/configuration\/provider-requirements.html#v0-12-compatible-provider-requirements"
                            }
                        ]
                    }
                ]
            }
        ],
        "thread_ts": "1602135314.014000",
        "parent_user_id": "U01BRVDMDHD"
    },
    {
        "client_msg_id": "02d0a3ba-08f9-4eda-9430-02290953ccbb",
        "type": "message",
        "text": "ブランチを分けるのも手のようですねー。",
        "user": "U01BRVDMDHD",
        "ts": "1602136451.014700",
        "team": "TFU0BKCQP",
        "user_team": "TFU0BKCQP",
        "source_team": "TFU0BKCQP",
        "user_profile": {
            "avatar_hash": "694164716755",
            "image_72": "https:\/\/avatars.slack-edge.com\/2020-10-07\/1399999756631_6941647167557837cf95_72.jpg",
            "first_name": "tonpa",
            "real_name": "tonpa",
            "display_name": "tonpa",
            "team": "TFU0BKCQP",
            "name": "oniku.wo.mogmog",
            "is_restricted": false,
            "is_ultra_restricted": false
        },
        "blocks": [
            {
                "type": "rich_text",
                "block_id": "q0J\/",
                "elements": [
                    {
                        "type": "rich_text_section",
                        "elements": [
                            {
                                "type": "text",
                                "text": "ブランチを分けるのも手のようですねー。"
                            }
                        ]
                    }
                ]
            }
        ],
        "thread_ts": "1602135314.014000",
        "parent_user_id": "U01BRVDMDHD"
    },
    {
        "client_msg_id": "936bfcb1-daec-4402-bd19-ba53f615ae0a",
        "type": "message",
        "text": "URLの文章を拝見すると、\n&gt; However, in order to allow writing modules that are compatible with both Terraform v0.12 and v0.13, versions of Terraform between v0.12.26 and v0.13 will accept but ignore the `source` argument in a `required_providers` block.\nとなっていて、自分の環境だと0.12.27で検証していたんですが、まさか0.12.26じゃないとignoreはしてくれないってことなんでしょうか。",
        "user": "U01BRVDMDHD",
        "ts": "1602136548.014900",
        "team": "TFU0BKCQP",
        "user_team": "TFU0BKCQP",
        "source_team": "TFU0BKCQP",
        "user_profile": {
            "avatar_hash": "694164716755",
            "image_72": "https:\/\/avatars.slack-edge.com\/2020-10-07\/1399999756631_6941647167557837cf95_72.jpg",
            "first_name": "tonpa",
            "real_name": "tonpa",
            "display_name": "tonpa",
            "team": "TFU0BKCQP",
            "name": "oniku.wo.mogmog",
            "is_restricted": false,
            "is_ultra_restricted": false
        },
        "blocks": [
            {
                "type": "rich_text",
                "block_id": "Xya",
                "elements": [
                    {
                        "type": "rich_text_section",
                        "elements": [
                            {
                                "type": "text",
                                "text": "URLの文章を拝見すると、\n"
                            }
                        ]
                    },
                    {
                        "type": "rich_text_quote",
                        "elements": [
                            {
                                "type": "text",
                                "text": "However, in order to allow writing modules that are compatible with both Terraform v0.12 and v0.13, versions of Terraform between v0.12.26 and v0.13 will accept but ignore the "
                            },
                            {
                                "type": "text",
                                "text": "source",
                                "style": {
                                    "code": true
                                }
                            },
                            {
                                "type": "text",
                                "text": " argument in a "
                            },
                            {
                                "type": "text",
                                "text": "required_providers",
                                "style": {
                                    "code": true
                                }
                            },
                            {
                                "type": "text",
                                "text": " block."
                            }
                        ]
                    },
                    {
                        "type": "rich_text_section",
                        "elements": [
                            {
                                "type": "text",
                                "text": "となっていて、自分の環境だと0.12.27で検証していたんですが、まさか0.12.26じゃないとignoreはしてくれないってことなんでしょうか。"
                            }
                        ]
                    }
                ]
            }
        ],
        "thread_ts": "1602135314.014000",
        "parent_user_id": "U01BRVDMDHD"
    },
    {
        "client_msg_id": "35d1c829-3869-4f02-9d3c-f0afc58d6508",
        "type": "message",
        "text": "一度、自分の環境を0.12.26までダウングレードして、この内容を確認してみようと思います。",
        "user": "U01BRVDMDHD",
        "ts": "1602136743.015100",
        "team": "TFU0BKCQP",
        "user_team": "TFU0BKCQP",
        "source_team": "TFU0BKCQP",
        "user_profile": {
            "avatar_hash": "694164716755",
            "image_72": "https:\/\/avatars.slack-edge.com\/2020-10-07\/1399999756631_6941647167557837cf95_72.jpg",
            "first_name": "tonpa",
            "real_name": "tonpa",
            "display_name": "tonpa",
            "team": "TFU0BKCQP",
            "name": "oniku.wo.mogmog",
            "is_restricted": false,
            "is_ultra_restricted": false
        },
        "blocks": [
            {
                "type": "rich_text",
                "block_id": "42Wxx",
                "elements": [
                    {
                        "type": "rich_text_section",
                        "elements": [
                            {
                                "type": "text",
                                "text": "一度、自分の環境を0.12.26までダウングレードして、この内容を確認してみようと思います。"
                            }
                        ]
                    }
                ]
            }
        ],
        "thread_ts": "1602135314.014000",
        "parent_user_id": "U01BRVDMDHD"
    },
    {
        "client_msg_id": "aee43ab2-9a20-4d98-9d2a-33f9b4195282",
        "type": "message",
        "text": "実行環境を0.12.26にて、versions.tfの`required_version` を削除してみたら、ドキュメントにある通り、`required_providers`が無視されて無事にterraform initを通すことができました。",
        "user": "U01BRVDMDHD",
        "ts": "1602137367.015300",
        "team": "TFU0BKCQP",
        "user_team": "TFU0BKCQP",
        "source_team": "TFU0BKCQP",
        "user_profile": {
            "avatar_hash": "694164716755",
            "image_72": "https:\/\/avatars.slack-edge.com\/2020-10-07\/1399999756631_6941647167557837cf95_72.jpg",
            "first_name": "tonpa",
            "real_name": "tonpa",
            "display_name": "tonpa",
            "team": "TFU0BKCQP",
            "name": "oniku.wo.mogmog",
            "is_restricted": false,
            "is_ultra_restricted": false
        },
        "blocks": [
            {
                "type": "rich_text",
                "block_id": "Ob\/E",
                "elements": [
                    {
                        "type": "rich_text_section",
                        "elements": [
                            {
                                "type": "text",
                                "text": "実行環境を0.12.26にて、versions.tfの`required_version` を削除してみたら、ドキュメントにある通り、"
                            },
                            {
                                "type": "text",
                                "text": "required_providers",
                                "style": {
                                    "code": true
                                }
                            },
                            {
                                "type": "text",
                                "text": "が無視されて無事にterraform initを通すことができました。"
                            }
                        ]
                    }
                ]
            }
        ],
        "thread_ts": "1602135314.014000",
        "parent_user_id": "U01BRVDMDHD"
    },
    {
        "client_msg_id": "678b5b96-7ae2-4a8d-a67d-c706d2286697",
        "type": "message",
        "text": "ただ、0.12.27ではやはり無視してくれないみたいで、versions.tfの書き方の工夫で突破できるのは、0.12系であれば0.12.26までということになってしまいそうです。\n\nブランチ分けて回避するか、ディレクトリーを分けるかで頑張って管理して行こうかと思います。:sweat_smile:",
        "user": "U01BRVDMDHD",
        "ts": "1602137456.015500",
        "team": "TFU0BKCQP",
        "user_team": "TFU0BKCQP",
        "source_team": "TFU0BKCQP",
        "user_profile": {
            "avatar_hash": "694164716755",
            "image_72": "https:\/\/avatars.slack-edge.com\/2020-10-07\/1399999756631_6941647167557837cf95_72.jpg",
            "first_name": "tonpa",
            "real_name": "tonpa",
            "display_name": "tonpa",
            "team": "TFU0BKCQP",
            "name": "oniku.wo.mogmog",
            "is_restricted": false,
            "is_ultra_restricted": false
        },
        "blocks": [
            {
                "type": "rich_text",
                "block_id": "urg",
                "elements": [
                    {
                        "type": "rich_text_section",
                        "elements": [
                            {
                                "type": "text",
                                "text": "ただ、0.12.27ではやはり無視してくれないみたいで、versions.tfの書き方の工夫で突破できるのは、0.12系であれば0.12.26までということになってしまいそうです。\n\nブランチ分けて回避するか、ディレクトリーを分けるかで頑張って管理して行こうかと思います。"
                            },
                            {
                                "type": "emoji",
                                "name": "sweat_smile"
                            }
                        ]
                    }
                ]
            }
        ],
        "thread_ts": "1602135314.014000",
        "parent_user_id": "U01BRVDMDHD"
    },
    {
        "client_msg_id": "e2c4eb2a-7bc8-4452-a6b3-353bd3d14c00",
        "type": "message",
        "text": "どんなモジュールを書いているのかにも依ると思うんですけど、\nがんばって下位互換を維持しなくてもいいんじゃないかとか。。。\nみんな大好き AWS VPC module も 0.12.7 以降のサポートですし。。。\n<https:\/\/github.com\/terraform-aws-modules\/terraform-aws-vpc\/blob\/master\/versions.tf>",
        "user": "UFU0BKD8F",
        "ts": "1602139792.015700",
        "team": "TFU0BKCQP",
        "user_team": "TFU0BKCQP",
        "source_team": "TFU0BKCQP",
        "user_profile": {
            "avatar_hash": "92c41c62c7b0",
            "image_72": "https:\/\/avatars.slack-edge.com\/2019-01-30\/537137791812_92c41c62c7b0f054d3dd_72.jpg",
            "first_name": "らき",
            "real_name": "らき",
            "display_name": "raki",
            "team": "TFU0BKCQP",
            "name": "nishimuray",
            "is_restricted": false,
            "is_ultra_restricted": false
        },
        "attachments": [
            {
                "fallback": "[terraform-aws-modules\/terraform-aws-vpc] <http:\/\/versions.tf|versions.tf>",
                "text": "```\nterraform {\n  required_version = \"&gt;= 0.12.7, &lt; 0.14\"\n\n  required_providers {\n    aws = \"&gt;= 2.68, &lt; 4.0\"\n  }\n}\n\n```",
                "title": "versions.tf",
                "footer": "<https:\/\/github.com\/terraform-aws-modules\/terraform-aws-vpc|terraform-aws-modules\/terraform-aws-vpc>",
                "id": 1,
                "title_link": "https:\/\/github.com\/terraform-aws-modules\/terraform-aws-vpc\/blob\/master\/versions.tf",
                "footer_icon": "https:\/\/github.githubassets.com\/favicon.ico",
                "color": "24292f",
                "mrkdwn_in": [
                    "text"
                ],
                "bot_id": "BH12QQBB4",
                "app_unfurl_url": "https:\/\/github.com\/terraform-aws-modules\/terraform-aws-vpc\/blob\/master\/versions.tf",
                "is_app_unfurl": true
            }
        ],
        "blocks": [
            {
                "type": "rich_text",
                "block_id": "Eei4",
                "elements": [
                    {
                        "type": "rich_text_section",
                        "elements": [
                            {
                                "type": "text",
                                "text": "どんなモジュールを書いているのかにも依ると思うんですけど、\nがんばって下位互換を維持しなくてもいいんじゃないかとか。。。\nみんな大好き AWS VPC module も 0.12.7 以降のサポートですし。。。\n"
                            },
                            {
                                "type": "link",
                                "url": "https:\/\/github.com\/terraform-aws-modules\/terraform-aws-vpc\/blob\/master\/versions.tf"
                            }
                        ]
                    }
                ]
            }
        ],
        "thread_ts": "1602135314.014000",
        "parent_user_id": "U01BRVDMDHD"
    }
]