[
    {
        "client_msg_id": "57bd1f2c-920e-4106-93f4-fbb9fabea05d",
        "type": "message",
        "text": "全文検索SaaSのAlgoliaのTerraform Providerを作りました！\n<https:\/\/github.com\/k-yomo\/terraform-provider-algolia>",
        "user": "U0152D76T41",
        "ts": "1619763705.016000",
        "team": "TFU0BKCQP",
        "user_team": "TFU0BKCQP",
        "source_team": "TFU0BKCQP",
        "user_profile": {
            "avatar_hash": "g841002bf24b",
            "image_72": "https:\/\/secure.gravatar.com\/avatar\/841002bf24bb562253de7eb3c17ceae6.jpg?s=72&d=https%3A%2F%2Fa.slack-edge.com%2Fdf10d%2Fimg%2Favatars%2Fava_0017-72.png",
            "first_name": "Kanji",
            "real_name": "Kanji Yomoda",
            "display_name": "k-yomo",
            "team": "TFU0BKCQP",
            "name": "kanji.yy",
            "is_restricted": false,
            "is_ultra_restricted": false
        },
        "edited": {
            "user": "U0152D76T41",
            "ts": "1619763725.000000"
        },
        "blocks": [
            {
                "type": "rich_text",
                "block_id": "LJEVv",
                "elements": [
                    {
                        "type": "rich_text_section",
                        "elements": [
                            {
                                "type": "text",
                                "text": "全文検索SaaSのAlgoliaのTerraform Providerを作りました！\n"
                            },
                            {
                                "type": "link",
                                "url": "https:\/\/github.com\/k-yomo\/terraform-provider-algolia"
                            }
                        ]
                    }
                ]
            }
        ],
        "reactions": [
            {
                "name": "tada",
                "users": [
                    "UHS4SFFA7",
                    "UGY9BJ1NF",
                    "ULS55L16V",
                    "U01MNV17CSC",
                    "UGV9YDCVD",
                    "UGXFY0V88",
                    "U01TMEARC2F",
                    "U01UFN81W1E",
                    "ULSHHPEBB",
                    "U01AEH6SRL2",
                    "U01RV4S0WBA",
                    "UTAAXRX5E",
                    "UGW0ABZLG",
                    "U01K2CMHZCY",
                    "UTMCUCTCP"
                ],
                "count": 15
            }
        ]
    }
]