[
    {
        "type": "message",
        "subtype": "bot_message",
        "text": "<https:\/\/qiita.com\/miyazawa214\/items\/06732ad746dd1b5190b8|初めてTerraform Import をやってみた！AWS\/CloudFront>\n<https:\/\/qiita.com\/#terraform%E3%81%A8%E3%81%AF>Terraformとは\n\nHashiCorp社が開発しているインフラストラクチャ定義ツールです。\n\n詳しくはこちら↓\n<https:\/\/qiita.com\/Chanmoro\/items\/55bf0da3aaf37dc26f73#terraform-%E3%81%A8%E3%81%AF|https:\/\/qiita.com\/Chanmoro\/items\/55bf0da3aaf37dc26f73#terraform-%E3%81%A8%E3%81%AF>\n\n\n<https:\/\/qiita.com\/#terraform-import%E3%81%A8%E3%81%AF>Terraform Importとは\n\nTerraform Importを使うと、既にあるインフラリソースをTerraformにインポートできます。...",
        "ts": "1570615902.000300",
        "username": "Terraformタグが付けられた新着記事 - Qiita",
        "icons": {
            "image_36": "https:\/\/a.slack-edge.com\/80588\/img\/services\/rss_36.png",
            "image_48": "https:\/\/a.slack-edge.com\/80588\/img\/services\/rss_48.png",
            "image_72": "https:\/\/a.slack-edge.com\/80588\/img\/services\/rss_72.png"
        },
        "bot_id": "BG3N7LG73",
        "attachments": [
            {
                "service_name": "Qiita",
                "title": "初めてTerraform Import をやってみた！AWS\/CloudFront - Qiita",
                "title_link": "https:\/\/qiita.com\/miyazawa214\/items\/06732ad746dd1b5190b8",
                "text": "## Terraformとは HashiCorp社が開発しているインフラストラクチャ定義ツールです。 詳しくはこちら↓ <https:\/\/qiita.com\/Chanmoro\/items\/55bf0da3aaf37dc26f73#t>...",
                "fallback": "Qiita: 初めてTerraform Import をやってみた！AWS\/CloudFront - Qiita",
                "thumb_url": "https:\/\/cdn.qiita.com\/assets\/qiita-fb-2887e7b4aad86fd8c25cea84846f2236.png",
                "from_url": "https:\/\/qiita.com\/miyazawa214\/items\/06732ad746dd1b5190b8",
                "thumb_width": 200,
                "thumb_height": 200,
                "service_icon": "https:\/\/cdn.qiita.com\/assets\/favicons\/public\/apple-touch-icon-f9a6afad761ec2306e10db2736187c8b.png",
                "id": 1,
                "original_url": "https:\/\/qiita.com\/miyazawa214\/items\/06732ad746dd1b5190b8"
            },
            {
                "service_name": "Qiita",
                "title": "プログラマの技術情報共有サービス - Qiita",
                "title_link": "https:\/\/qiita.com\/#terraform%E3%81%A8%E3%81%AF",
                "text": "Qiitaは、プログラマのための技術情報共有サービスです。 プログラミングに関するTips、ノウハウ、メモを簡単に記録 &amp; 公開することができます。",
                "fallback": "Qiita: プログラマの技術情報共有サービス - Qiita",
                "thumb_url": "https:\/\/cdn.qiita.com\/assets\/qiita-fb-2887e7b4aad86fd8c25cea84846f2236.png",
                "from_url": "https:\/\/qiita.com\/#terraform%E3%81%A8%E3%81%AF",
                "thumb_width": 200,
                "thumb_height": 200,
                "service_icon": "https:\/\/cdn.qiita.com\/assets\/favicons\/public\/apple-touch-icon-f9a6afad761ec2306e10db2736187c8b.png",
                "id": 2,
                "original_url": "https:\/\/qiita.com\/#terraform%E3%81%A8%E3%81%AF"
            },
            {
                "service_name": "Qiita",
                "title": "10分で理解するTerraform - Qiita",
                "title_link": "https:\/\/qiita.com\/Chanmoro\/items\/55bf0da3aaf37dc26f73#terraform-%E3%81%A8%E3%81%AF",
                "text": "# [Terraform](<https:\/\/www.terraform.io\/>) とは `インフラストラクチャ定義ツール` に分類されるツールで、クラウド上のリソースを定義ファイルの状態になるように生成・操作してくれます インフラの...",
                "fallback": "Qiita: 10分で理解するTerraform - Qiita",
                "thumb_url": "https:\/\/cdn.qiita.com\/assets\/qiita-fb-2887e7b4aad86fd8c25cea84846f2236.png",
                "from_url": "https:\/\/qiita.com\/Chanmoro\/items\/55bf0da3aaf37dc26f73#terraform-%E3%81%A8%E3%81%AF",
                "thumb_width": 200,
                "thumb_height": 200,
                "service_icon": "https:\/\/cdn.qiita.com\/assets\/favicons\/public\/apple-touch-icon-f9a6afad761ec2306e10db2736187c8b.png",
                "id": 3,
                "original_url": "https:\/\/qiita.com\/Chanmoro\/items\/55bf0da3aaf37dc26f73#terraform-%E3%81%A8%E3%81%AF"
            },
            {
                "service_name": "Qiita",
                "title": "プログラマの技術情報共有サービス - Qiita",
                "title_link": "https:\/\/qiita.com\/#terraform-import%E3%81%A8%E3%81%AF",
                "text": "Qiitaは、プログラマのための技術情報共有サービスです。 プログラミングに関するTips、ノウハウ、メモを簡単に記録 &amp; 公開することができます。",
                "fallback": "Qiita: プログラマの技術情報共有サービス - Qiita",
                "thumb_url": "https:\/\/cdn.qiita.com\/assets\/qiita-fb-2887e7b4aad86fd8c25cea84846f2236.png",
                "from_url": "https:\/\/qiita.com\/#terraform-import%E3%81%A8%E3%81%AF",
                "thumb_width": 200,
                "thumb_height": 200,
                "service_icon": "https:\/\/cdn.qiita.com\/assets\/favicons\/public\/apple-touch-icon-f9a6afad761ec2306e10db2736187c8b.png",
                "id": 4,
                "original_url": "https:\/\/qiita.com\/#terraform-import%E3%81%A8%E3%81%AF"
            }
        ]
    },
    {
        "type": "message",
        "subtype": "bot_message",
        "text": "<https:\/\/www.reddit.com\/r\/Terraform\/comments\/dfqvmm\/connecting_to_azure_without_having_admin_rights\/|Connecting to Azure without having Admin rights>\nHello all! I have been tasked with doing a proof of concept at work and have an area to create Azure resources, but I don't have the ability to grant contributor access to Terraform as shown in the guides. I am currently a new employee who is still learning the ropes Is there a way to provision a webapp with my reduced credentials within Azure with Terraform?    submitted by   <https:\/\/www.reddit.com\/user\/sportsfan56| \/u\/sportsfan56 > \n&lt;a...",
        "ts": "1570672301.000500",
        "username": "Terraform ALL the Worlds!",
        "icons": {
            "image_48": "https:\/\/s3-us-west-2.amazonaws.com\/slack-files2\/bot_icons\/2019-02-12\/548785199618_48.png"
        },
        "bot_id": "BG3N7LG73",
        "attachments": [
            {
                "service_name": "reddit",
                "title": "Connecting to Azure without having Admin rights",
                "title_link": "https:\/\/www.reddit.com\/r\/Terraform\/comments\/dfqvmm\/connecting_to_azure_without_having_admin_rights\/",
                "text": "Hello all! I have been tasked with doing a proof of concept at work and have an area to create Azure resources, but I don't have the ability to...",
                "fallback": "reddit: Connecting to Azure without having Admin rights",
                "thumb_url": "https:\/\/www.redditstatic.com\/new-icon.png",
                "from_url": "https:\/\/www.reddit.com\/r\/Terraform\/comments\/dfqvmm\/connecting_to_azure_without_having_admin_rights\/",
                "thumb_width": 256,
                "thumb_height": 256,
                "service_icon": "http:\/\/www.redditstatic.com\/desktop2x\/img\/favicon\/apple-icon-57x57.png",
                "id": 1,
                "original_url": "https:\/\/www.reddit.com\/r\/Terraform\/comments\/dfqvmm\/connecting_to_azure_without_having_admin_rights\/"
            },
            {
                "title": "overview for sportsfan56",
                "title_link": "https:\/\/www.reddit.com\/user\/sportsfan56",
                "text": "The u_sportsfan56 community on Reddit. Reddit gives you the best of the internet in one place.",
                "fallback": "overview for sportsfan56",
                "from_url": "https:\/\/www.reddit.com\/user\/sportsfan56",
                "service_icon": "http:\/\/www.redditstatic.com\/desktop2x\/img\/favicon\/apple-icon-57x57.png",
                "service_name": "reddit.com",
                "id": 2,
                "original_url": "https:\/\/www.reddit.com\/user\/sportsfan56"
            }
        ]
    }
]