[
    {
        "type": "message",
        "subtype": "bot_message",
        "text": "<https:\/\/www.reddit.com\/r\/Terraform\/comments\/dd6dem\/should_i_create_mixed_provider_modules\/|Should I create mixed provider modules?>\nBit of a design\/implimentation question here... I have a Terraform repo that uses Terragrunt and stores state in a hierarchical manner (provider\\account\\region\\resource i.e. aws\\develop\\us-east-1\\data-warehouse). This has been working great so far, but now I've been tasked to do the same for our projects. For the most part, a project for us will be a GitHub repo, and a Heroku app for each environment. I'm not sure if I should simply create a 'project' Terraform module, that will configure the...",
        "ts": "1570190807.020000",
        "username": "Terraform ALL the Worlds!",
        "icons": {
            "image_48": "https:\/\/s3-us-west-2.amazonaws.com\/slack-files2\/bot_icons\/2019-02-12\/548785199618_48.png"
        },
        "bot_id": "BG3N7LG73",
        "attachments": [
            {
                "service_name": "reddit",
                "title": "Should I create mixed provider modules?",
                "title_link": "https:\/\/www.reddit.com\/r\/Terraform\/comments\/dd6dem\/should_i_create_mixed_provider_modules\/",
                "text": "Bit of a design\/implimentation question here... I have a Terraform repo that uses Terragrunt and stores state in a hierarchical manner...",
                "fallback": "reddit: Should I create mixed provider modules?",
                "thumb_url": "https:\/\/www.redditstatic.com\/new-icon.png",
                "from_url": "https:\/\/www.reddit.com\/r\/Terraform\/comments\/dd6dem\/should_i_create_mixed_provider_modules\/",
                "thumb_width": 256,
                "thumb_height": 256,
                "service_icon": "http:\/\/www.redditstatic.com\/desktop2x\/img\/favicon\/apple-icon-57x57.png",
                "id": 1,
                "original_url": "https:\/\/www.reddit.com\/r\/Terraform\/comments\/dd6dem\/should_i_create_mixed_provider_modules\/"
            }
        ]
    },
    {
        "type": "message",
        "subtype": "bot_message",
        "text": "<https:\/\/www.reddit.com\/r\/Terraform\/comments\/ddbqb9\/automated_terraform_tests_dependency_and_build\/|Automated Terraform Tests + Dependency and Build Lifecycle Management>\nMy team has been working with Terraform going on 2 years now and admittedly, we have some frustrations. There isn’t really an integrated test framework, dependency management is non existent, and outside of Terraform Cloud (or TFE), there isn’t really any build lifecycle management like one might expect with Java (e.g. Maven or Gradle). To make things more interesting, my company has standardized on Nexus as a repo for all software artifacts - yes, they store Terraform modules there, too. For...",
        "ts": "1570215700.020200",
        "username": "Terraform ALL the Worlds!",
        "icons": {
            "image_48": "https:\/\/s3-us-west-2.amazonaws.com\/slack-files2\/bot_icons\/2019-02-12\/548785199618_48.png"
        },
        "bot_id": "BG3N7LG73",
        "attachments": [
            {
                "service_name": "reddit",
                "title": "Automated Terraform Tests + Dependency and Build Lifecycle Management",
                "title_link": "https:\/\/www.reddit.com\/r\/Terraform\/comments\/ddbqb9\/automated_terraform_tests_dependency_and_build\/",
                "text": "My team has been working with Terraform going on 2 years now and admittedly, we have some frustrations. There isn’t really an integrated test...",
                "fallback": "reddit: Automated Terraform Tests + Dependency and Build Lifecycle Management",
                "thumb_url": "https:\/\/www.redditstatic.com\/new-icon.png",
                "from_url": "https:\/\/www.reddit.com\/r\/Terraform\/comments\/ddbqb9\/automated_terraform_tests_dependency_and_build\/",
                "thumb_width": 256,
                "thumb_height": 256,
                "service_icon": "http:\/\/www.redditstatic.com\/desktop2x\/img\/favicon\/apple-icon-57x57.png",
                "id": 1,
                "original_url": "https:\/\/www.reddit.com\/r\/Terraform\/comments\/ddbqb9\/automated_terraform_tests_dependency_and_build\/"
            }
        ]
    }
]