[
    {
        "type": "message",
        "subtype": "bot_message",
        "text": "<https:\/\/www.reddit.com\/r\/Terraform\/comments\/dc9bud\/terraform_binary_autoupdate_shellscript\/|Terraform binary autoupdate shellscript>\nHi! I took some minutes to write an auto updater for the tools that I'm using mostly, what it will do is basically check current version versus the latest release available, if your version is outdated it will auto update. repository address: <https:\/\/github.com\/thcp\/toolset_updater|https:\/\/github.com\/thcp\/toolset_updater> I hope this can be useful to everyone.    submitted by   <https:\/\/www.reddit.com\/user\/thclpr| \/u\/thclpr > \n&lt;a...",
        "ts": "1570019204.017400",
        "username": "Terraform ALL the Worlds!",
        "icons": {
            "image_48": "https:\/\/s3-us-west-2.amazonaws.com\/slack-files2\/bot_icons\/2019-02-12\/548785199618_48.png"
        },
        "bot_id": "BG3N7LG73",
        "attachments": [
            {
                "service_name": "reddit",
                "title": "Terraform binary autoupdate shellscript",
                "title_link": "https:\/\/www.reddit.com\/r\/Terraform\/comments\/dc9bud\/terraform_binary_autoupdate_shellscript\/",
                "text": "Hi! I took some minutes to write an auto updater for the tools that I'm using mostly, what it will do is basically check current version versus...",
                "fallback": "reddit: Terraform binary autoupdate shellscript",
                "thumb_url": "https:\/\/www.redditstatic.com\/new-icon.png",
                "from_url": "https:\/\/www.reddit.com\/r\/Terraform\/comments\/dc9bud\/terraform_binary_autoupdate_shellscript\/",
                "thumb_width": 256,
                "thumb_height": 256,
                "service_icon": "http:\/\/www.redditstatic.com\/desktop2x\/img\/favicon\/apple-icon-57x57.png",
                "id": 1,
                "original_url": "https:\/\/www.reddit.com\/r\/Terraform\/comments\/dc9bud\/terraform_binary_autoupdate_shellscript\/"
            },
            {
                "service_name": "GitHub",
                "title": "thcp\/toolset_updater",
                "title_link": "https:\/\/github.com\/thcp\/toolset_updater",
                "text": "Auto update checker for dev\/cloud ops tools. Contribute to thcp\/toolset_updater development by creating an account on GitHub.",
                "fallback": "GitHub: thcp\/toolset_updater",
                "thumb_url": "https:\/\/avatars2.githubusercontent.com\/u\/31625914?s=400&v=4",
                "from_url": "https:\/\/github.com\/thcp\/toolset_updater",
                "thumb_width": 400,
                "thumb_height": 400,
                "service_icon": "https:\/\/a.slack-edge.com\/80588\/img\/unfurl_icons\/github.png",
                "id": 2,
                "original_url": "https:\/\/github.com\/thcp\/toolset_updater"
            },
            {
                "title": "overview for thclpr",
                "title_link": "https:\/\/www.reddit.com\/user\/thclpr",
                "text": "The u_thclpr community on Reddit. Reddit gives you the best of the internet in one place.",
                "fallback": "overview for thclpr",
                "from_url": "https:\/\/www.reddit.com\/user\/thclpr",
                "service_icon": "http:\/\/www.redditstatic.com\/desktop2x\/img\/favicon\/apple-icon-57x57.png",
                "service_name": "reddit.com",
                "id": 3,
                "original_url": "https:\/\/www.reddit.com\/user\/thclpr"
            }
        ]
    },
    {
        "type": "message",
        "subtype": "bot_message",
        "text": "<https:\/\/www.reddit.com\/r\/Terraform\/comments\/dca9jz\/leveraging_aws_cloudformation_service_role_in\/|Leveraging AWS CloudFormation Service Role in Terraform>\nHello, Our organization is looking at the pros and cons of utilizing Terraform over CloudFormation. Currently we use a CloudFormation Service Role to create resources on our behalf. Only a subset of users have the capability to pass the role when creating stacks e.g. using the --role-arn flag when calling cloudformation create-stacks.  Is it possible to leverage an existing Service Role in our AWS environment when calling terraform apply?  This way, we won't have to re-design our entire IAM...",
        "ts": "1570023707.017800",
        "username": "Terraform ALL the Worlds!",
        "icons": {
            "image_48": "https:\/\/s3-us-west-2.amazonaws.com\/slack-files2\/bot_icons\/2019-02-12\/548785199618_48.png"
        },
        "bot_id": "BG3N7LG73",
        "attachments": [
            {
                "service_name": "reddit",
                "title": "Leveraging AWS CloudFormation Service Role in Terraform",
                "title_link": "https:\/\/www.reddit.com\/r\/Terraform\/comments\/dca9jz\/leveraging_aws_cloudformation_service_role_in\/",
                "text": "Hello, Our organization is looking at the pros and cons of utilizing Terraform over CloudFormation. Currently we use a CloudFormation Service...",
                "fallback": "reddit: Leveraging AWS CloudFormation Service Role in Terraform",
                "thumb_url": "https:\/\/www.redditstatic.com\/new-icon.png",
                "from_url": "https:\/\/www.reddit.com\/r\/Terraform\/comments\/dca9jz\/leveraging_aws_cloudformation_service_role_in\/",
                "thumb_width": 256,
                "thumb_height": 256,
                "service_icon": "http:\/\/www.redditstatic.com\/desktop2x\/img\/favicon\/apple-icon-57x57.png",
                "id": 1,
                "original_url": "https:\/\/www.reddit.com\/r\/Terraform\/comments\/dca9jz\/leveraging_aws_cloudformation_service_role_in\/"
            }
        ]
    },
    {
        "type": "message",
        "subtype": "bot_message",
        "text": "<https:\/\/www.reddit.com\/r\/Terraform\/comments\/dcf13u\/on_necessity_or_not_of_terraform_plan_output_file\/|On necessity or not of terraform plan output file>\nI wonder if it is still recommended to run `terraform plan -out` before running apply and using the output file.  I'm not sure I understand what was the original use case, after all you first run plan and you exactly see what changes will be executed in a print from the command. I'm asking the question because we are thinking of using terraform embedded in CI\/CD workflow, where PR would generate a plan and after the review, the plan would be applied on merger to master. Do you think it's...",
        "ts": "1570044699.018000",
        "username": "Terraform ALL the Worlds!",
        "icons": {
            "image_48": "https:\/\/s3-us-west-2.amazonaws.com\/slack-files2\/bot_icons\/2019-02-12\/548785199618_48.png"
        },
        "bot_id": "BG3N7LG73",
        "attachments": [
            {
                "service_name": "reddit",
                "title": "On necessity or not of terraform plan output file",
                "title_link": "https:\/\/www.reddit.com\/r\/Terraform\/comments\/dcf13u\/on_necessity_or_not_of_terraform_plan_output_file\/",
                "text": "I wonder if it is still recommended to run \\`terraform plan -out\\` before running apply and using the output file. I'm not sure I understand...",
                "fallback": "reddit: On necessity or not of terraform plan output file",
                "thumb_url": "https:\/\/www.redditstatic.com\/new-icon.png",
                "from_url": "https:\/\/www.reddit.com\/r\/Terraform\/comments\/dcf13u\/on_necessity_or_not_of_terraform_plan_output_file\/",
                "thumb_width": 256,
                "thumb_height": 256,
                "service_icon": "http:\/\/www.redditstatic.com\/desktop2x\/img\/favicon\/apple-icon-57x57.png",
                "id": 1,
                "original_url": "https:\/\/www.reddit.com\/r\/Terraform\/comments\/dcf13u\/on_necessity_or_not_of_terraform_plan_output_file\/"
            }
        ]
    },
    {
        "type": "message",
        "subtype": "bot_message",
        "text": "<https:\/\/www.reddit.com\/r\/Terraform\/comments\/dcg22k\/dynamic_blocks_with_conditional_values_based_on\/|Dynamic blocks with conditional values based on map indexes>\nHey there everyone! My first post here. :) I'm trying to build an module for Azure NSGs with a dynamic security_rule block. Here's what calling the module looks like: provider \"azurerm\" {}\nmodule \"nsg\" {\nsource = \"C:\\\\git\\\\TFTemplates\\\\AzureNSG_2.0.0.0\"\nresource_group_name = \"rg-tf-test\"\ntags = {use=\"tftest\"}\nsecurity_rules = [\n{\nsource = \"Internet\"\ndestination = \"WAF\"\ntraffic_type = \"HTTP_HTTPS\"\ndescription = \"Allow inbound access from Internet to a WAF\"\ndirection = \"Inbound\"\naccess =...",
        "ts": "1570048601.018200",
        "username": "Terraform ALL the Worlds!",
        "icons": {
            "image_48": "https:\/\/s3-us-west-2.amazonaws.com\/slack-files2\/bot_icons\/2019-02-12\/548785199618_48.png"
        },
        "bot_id": "BG3N7LG73",
        "attachments": [
            {
                "service_name": "reddit",
                "title": "Dynamic blocks with conditional values based on map indexes",
                "title_link": "https:\/\/www.reddit.com\/r\/Terraform\/comments\/dcg22k\/dynamic_blocks_with_conditional_values_based_on\/",
                "text": "Hey there everyone! My first post here. :) I'm trying to build an module for Azure NSGs with a dynamic security\\_rule block. Here's what...",
                "fallback": "reddit: Dynamic blocks with conditional values based on map indexes",
                "thumb_url": "https:\/\/www.redditstatic.com\/new-icon.png",
                "from_url": "https:\/\/www.reddit.com\/r\/Terraform\/comments\/dcg22k\/dynamic_blocks_with_conditional_values_based_on\/",
                "thumb_width": 256,
                "thumb_height": 256,
                "service_icon": "http:\/\/www.redditstatic.com\/desktop2x\/img\/favicon\/apple-icon-57x57.png",
                "id": 1,
                "original_url": "https:\/\/www.reddit.com\/r\/Terraform\/comments\/dcg22k\/dynamic_blocks_with_conditional_values_based_on\/"
            }
        ]
    },
    {
        "type": "message",
        "subtype": "bot_message",
        "text": "<https:\/\/www.reddit.com\/r\/Terraform\/comments\/dcgxdh\/how_to_run_tform_local_while_use_the_hosted_state\/|How to run TForm local while use the hosted state>\nWe use the remote state management capability that HCorp rolled out a few months back. Love it. I upgraded to a recent version of Tform and now it executes the plan\/apply statements on Hcorp infrastructure. It's called \"Remote Apply\". This kinda sucks as it's much slower than the normal local running of the Tform.exe. So, any ideas on how to continue to run local plans\/applys while using hosted state. I hope this is not a remove capability. Here's my state config: terraform {backend \"remote\"...",
        "ts": "1570052802.018400",
        "username": "Terraform ALL the Worlds!",
        "icons": {
            "image_48": "https:\/\/s3-us-west-2.amazonaws.com\/slack-files2\/bot_icons\/2019-02-12\/548785199618_48.png"
        },
        "bot_id": "BG3N7LG73",
        "attachments": [
            {
                "service_name": "reddit",
                "title": "How to run TForm local while use the hosted state",
                "title_link": "https:\/\/www.reddit.com\/r\/Terraform\/comments\/dcgxdh\/how_to_run_tform_local_while_use_the_hosted_state\/",
                "text": "We use the remote state management capability that HCorp rolled out a few months back. Love it. I upgraded to a recent version of Tform and now...",
                "fallback": "reddit: How to run TForm local while use the hosted state",
                "thumb_url": "https:\/\/www.redditstatic.com\/new-icon.png",
                "from_url": "https:\/\/www.reddit.com\/r\/Terraform\/comments\/dcgxdh\/how_to_run_tform_local_while_use_the_hosted_state\/",
                "thumb_width": 256,
                "thumb_height": 256,
                "service_icon": "http:\/\/www.redditstatic.com\/desktop2x\/img\/favicon\/apple-icon-57x57.png",
                "id": 1,
                "original_url": "https:\/\/www.reddit.com\/r\/Terraform\/comments\/dcgxdh\/how_to_run_tform_local_while_use_the_hosted_state\/"
            }
        ]
    },
    {
        "type": "message",
        "subtype": "bot_message",
        "text": "<https:\/\/dev.classmethod.jp\/event\/terraform-meetup-tokyo2\/|[レポート]Terraform meetup tokyo#2に行ってきました #terraformjp>\nこんにちは、大阪オフィスの数枝です。たまたま出張と重なったので、Terraform meetup tokyo#2 に参加してきました。 Terraform meetup tokyo#2 会場は大崎のオイシックス・ラ・大地 […]",
        "ts": "1570054847.018600",
        "username": "Terraform – DevelopersIO",
        "icons": {
            "image_36": "https:\/\/a.slack-edge.com\/80588\/img\/services\/rss_36.png",
            "image_48": "https:\/\/a.slack-edge.com\/80588\/img\/services\/rss_48.png",
            "image_72": "https:\/\/a.slack-edge.com\/80588\/img\/services\/rss_72.png"
        },
        "bot_id": "BG3N7LG73",
        "attachments": [
            {
                "service_name": "DevelopersIO | クラスメソッド発「やってみた」系技術メディア",
                "title": "[レポート]Terraform meetup tokyo#2に行ってきました #terraformjp | DevelopersIO",
                "title_link": "https:\/\/dev.classmethod.jp\/event\/terraform-meetup-tokyo2\/",
                "text": "こんにちは、大阪オフィスの数枝です。たまたま出張と重なったので、Terraform meetup tokyo#2 に参加してきました。 Terraform meetup tokyo#2 会場は大崎のオイシックス・ラ・大地 […]",
                "fallback": "DevelopersIO | クラスメソッド発「やってみた」系技術メディア: [レポート]Terraform meetup tokyo#2に行ってきました #terraformjp | DevelopersIO",
                "image_url": "https:\/\/cdn-ssl-devio-img.classmethod.jp\/wp-content\/uploads\/2019\/05\/terraform-eyecatch.png",
                "from_url": "https:\/\/dev.classmethod.jp\/event\/terraform-meetup-tokyo2\/",
                "image_width": 476,
                "image_height": 250,
                "image_bytes": 9824,
                "service_icon": "https:\/\/cdn-ssl-devio-img.classmethod.jp\/wp-content\/uploads\/2017\/07\/icatch2017.png",
                "id": 1,
                "original_url": "https:\/\/dev.classmethod.jp\/event\/terraform-meetup-tokyo2\/"
            }
        ]
    },
    {
        "type": "message",
        "subtype": "bot_message",
        "text": "<https:\/\/www.reddit.com\/r\/Terraform\/comments\/dcjz2c\/issues_with_state_file_not_updating_and_not\/|Issues with state file not updating and not creating resources>\nConfig S3 Backend DynamoDB state lock Terraform v.0.12.9 Provider: AWS Issue Plan and Apply both show all resources (new and old) to be newly created. However, after applying, the new resources are not created and there are a lot of 409 errors because resources already exist (which is expected). However, it never seems to finish. It just releases state and exits as if complete. To be clear this is only one account and all others in the same folder structure work perfectly. It acts as though...",
        "ts": "1570066311.018800",
        "username": "Terraform ALL the Worlds!",
        "icons": {
            "image_48": "https:\/\/s3-us-west-2.amazonaws.com\/slack-files2\/bot_icons\/2019-02-12\/548785199618_48.png"
        },
        "bot_id": "BG3N7LG73",
        "attachments": [
            {
                "service_name": "reddit",
                "title": "Issues with state file not updating and not creating resources",
                "title_link": "https:\/\/www.reddit.com\/r\/Terraform\/comments\/dcjz2c\/issues_with_state_file_not_updating_and_not\/",
                "text": "**Config** * S3 Backend * DynamoDB state lock * Terraform v.0.12.9 * Provider: AWS **Issue** `Plan` and `Apply` both show all resources (new...",
                "fallback": "reddit: Issues with state file not updating and not creating resources",
                "thumb_url": "https:\/\/www.redditstatic.com\/new-icon.png",
                "from_url": "https:\/\/www.reddit.com\/r\/Terraform\/comments\/dcjz2c\/issues_with_state_file_not_updating_and_not\/",
                "thumb_width": 256,
                "thumb_height": 256,
                "service_icon": "http:\/\/www.redditstatic.com\/desktop2x\/img\/favicon\/apple-icon-57x57.png",
                "id": 1,
                "original_url": "https:\/\/www.reddit.com\/r\/Terraform\/comments\/dcjz2c\/issues_with_state_file_not_updating_and_not\/"
            }
        ]
    },
    {
        "type": "message",
        "subtype": "bot_message",
        "text": "<https:\/\/dev.classmethod.jp\/cloud\/aws\/manage-tfstate-terraform-cloud\/|Terraform Cloud は AWS の credentials を持たせずに tfstate だけ管理することができる>\nこんにちは、岩城です。 Terraform Cloud を使って AWS 環境の tfstate だけを管理し、バージョン管理と差分確認のみに利用する方法を試してみました。備忘録として設定方法を残しておきます。 あわせて […]",
        "ts": "1570083054.019000",
        "username": "Terraform – DevelopersIO",
        "icons": {
            "image_36": "https:\/\/a.slack-edge.com\/80588\/img\/services\/rss_36.png",
            "image_48": "https:\/\/a.slack-edge.com\/80588\/img\/services\/rss_48.png",
            "image_72": "https:\/\/a.slack-edge.com\/80588\/img\/services\/rss_72.png"
        },
        "bot_id": "BG3N7LG73",
        "attachments": [
            {
                "service_name": "DevelopersIO | クラスメソッド発「やってみた」系技術メディア",
                "title": "Terraform Cloud は AWS の credentials を持たせずに tfstate だけ管理することができる | DevelopersIO",
                "title_link": "https:\/\/dev.classmethod.jp\/cloud\/aws\/manage-tfstate-terraform-cloud\/",
                "text": "Terraform Cloud を使って AWS 環境の tfstate だけを管理し、バージョン管理と差分確認のみに利用したいと考えました。備忘録として設定方法を残しておきます。",
                "fallback": "DevelopersIO | クラスメソッド発「やってみた」系技術メディア: Terraform Cloud は AWS の credentials を持たせずに tfstate だけ管理することができる | DevelopersIO",
                "image_url": "https:\/\/cdn-ssl-devio-img.classmethod.jp\/wp-content\/uploads\/2019\/05\/terraform-eyecatch.png",
                "from_url": "https:\/\/dev.classmethod.jp\/cloud\/aws\/manage-tfstate-terraform-cloud\/",
                "image_width": 476,
                "image_height": 250,
                "image_bytes": 9824,
                "service_icon": "https:\/\/cdn-ssl-devio-img.classmethod.jp\/wp-content\/uploads\/2017\/07\/icatch2017.png",
                "id": 1,
                "original_url": "https:\/\/dev.classmethod.jp\/cloud\/aws\/manage-tfstate-terraform-cloud\/"
            }
        ]
    }
]