[
    {
        "type": "message",
        "subtype": "bot_message",
        "text": "<https:\/\/www.reddit.com\/r\/Terraform\/comments\/dlfmgk\/how_to_explain_terraforms_value_to_a_layman\/|How to explain Terraform's value to a layman>\nIn my team we have been moving towards using more terraform for a while now, and the CTO and tech team understand the value of terraform even if not fully how to use it. However we've been asked to communicate its business value more across the company and I'm not sure how we should, do this for the non-tech exec team. It's one thing explaining environment\/workspace parity and source controlled infrastructure to someone with a technical background and another trying to communicate that, even...",
        "ts": "1571738211.010700",
        "username": "Terraform ALL the Worlds!",
        "icons": {
            "image_48": "https:\/\/s3-us-west-2.amazonaws.com\/slack-files2\/bot_icons\/2019-02-12\/548785199618_48.png"
        },
        "bot_id": "BG3N7LG73",
        "attachments": [
            {
                "service_name": "reddit",
                "title": "How to explain Terraform's value to a layman",
                "title_link": "https:\/\/www.reddit.com\/r\/Terraform\/comments\/dlfmgk\/how_to_explain_terraforms_value_to_a_layman\/",
                "text": "In my team we have been moving towards using more terraform for a while now, and the CTO and tech team understand the value of terraform even if...",
                "fallback": "reddit: How to explain Terraform's value to a layman",
                "thumb_url": "https:\/\/www.redditstatic.com\/new-icon.png",
                "from_url": "https:\/\/www.reddit.com\/r\/Terraform\/comments\/dlfmgk\/how_to_explain_terraforms_value_to_a_layman\/",
                "thumb_width": 256,
                "thumb_height": 256,
                "service_icon": "http:\/\/www.redditstatic.com\/desktop2x\/img\/favicon\/apple-icon-57x57.png",
                "id": 1,
                "original_url": "https:\/\/www.reddit.com\/r\/Terraform\/comments\/dlfmgk\/how_to_explain_terraforms_value_to_a_layman\/"
            }
        ]
    },
    {
        "type": "message",
        "subtype": "bot_message",
        "text": "<https:\/\/www.reddit.com\/r\/Terraform\/comments\/dlfwlw\/linting_in_terraform\/|Linting in Terraform>\nI am working on the CI server and have done init. How can I do linting after the init is done? Which framework should I use? ​ My goal for linting the terraform output is formatting discrepancy  non-adherence to coding standards and conventions  pinpointing possible logical errors in your program    submitted by   <https:\/\/www.reddit.com\/user\/rifaterdemsahin| \/u\/rifaterdemsahin > \n<https:\/\/www.reddit.com\/r\/Terraform\/comments\/dlfwlw\/linting_in_terraform\/|[link]>   &lt;a...",
        "ts": "1571740607.010900",
        "username": "Terraform ALL the Worlds!",
        "icons": {
            "image_48": "https:\/\/s3-us-west-2.amazonaws.com\/slack-files2\/bot_icons\/2019-02-12\/548785199618_48.png"
        },
        "bot_id": "BG3N7LG73",
        "attachments": [
            {
                "service_name": "reddit",
                "title": "Linting in Terraform",
                "title_link": "https:\/\/www.reddit.com\/r\/Terraform\/comments\/dlfwlw\/linting_in_terraform\/",
                "text": "I am working on the CI server and have done init. How can I do linting after the init is done? Which framework should I use?",
                "fallback": "reddit: Linting in Terraform",
                "thumb_url": "https:\/\/www.redditstatic.com\/new-icon.png",
                "from_url": "https:\/\/www.reddit.com\/r\/Terraform\/comments\/dlfwlw\/linting_in_terraform\/",
                "thumb_width": 256,
                "thumb_height": 256,
                "service_icon": "http:\/\/www.redditstatic.com\/desktop2x\/img\/favicon\/apple-icon-57x57.png",
                "id": 1,
                "original_url": "https:\/\/www.reddit.com\/r\/Terraform\/comments\/dlfwlw\/linting_in_terraform\/"
            },
            {
                "title": "overview for rifaterdemsahin",
                "title_link": "https:\/\/www.reddit.com\/user\/rifaterdemsahin",
                "text": "The u_rifaterdemsahin community on Reddit. Reddit gives you the best of the internet in one place.",
                "fallback": "overview for rifaterdemsahin",
                "from_url": "https:\/\/www.reddit.com\/user\/rifaterdemsahin",
                "service_icon": "http:\/\/www.redditstatic.com\/desktop2x\/img\/favicon\/apple-icon-57x57.png",
                "service_name": "reddit.com",
                "id": 2,
                "original_url": "https:\/\/www.reddit.com\/user\/rifaterdemsahin"
            }
        ]
    },
    {
        "type": "message",
        "subtype": "bot_message",
        "text": "<https:\/\/www.reddit.com\/r\/Terraform\/comments\/dlg6ck\/has_anyone_had_01212_crash_with_code_that_works\/|Has anyone had 0.12.12 crash with code that works perfectly with 0.12.10?>\nI'm still new to TF so I wasn't sure how to read the logs. It was just crashing with weird errors. Switched back to 0.12.10 and all is good...    submitted by   <https:\/\/www.reddit.com\/user\/Sky_Linx| \/u\/Sky_Linx > \n<https:\/\/www.reddit.com\/r\/Terraform\/comments\/dlg6ck\/has_anyone_had_01212_crash_with_code_that_works\/|[link]>   <https:\/\/www.reddit.com\/r\/Terraform\/comments\/dlg6ck\/has_anyone_had_01212_crash_with_code_that_works\/|[comments]>",
        "ts": "1571741802.011100",
        "username": "Terraform ALL the Worlds!",
        "icons": {
            "image_48": "https:\/\/s3-us-west-2.amazonaws.com\/slack-files2\/bot_icons\/2019-02-12\/548785199618_48.png"
        },
        "bot_id": "BG3N7LG73",
        "attachments": [
            {
                "service_name": "reddit",
                "title": "Has anyone had 0.12.12 crash with code that works perfectly with 0.12.10?",
                "title_link": "https:\/\/www.reddit.com\/r\/Terraform\/comments\/dlg6ck\/has_anyone_had_01212_crash_with_code_that_works\/",
                "text": "I'm still new to TF so I wasn't sure how to read the logs. It was just crashing with weird errors. Switched back to 0.12.10 and all is good...",
                "fallback": "reddit: Has anyone had 0.12.12 crash with code that works perfectly with 0.12.10?",
                "thumb_url": "https:\/\/www.redditstatic.com\/new-icon.png",
                "from_url": "https:\/\/www.reddit.com\/r\/Terraform\/comments\/dlg6ck\/has_anyone_had_01212_crash_with_code_that_works\/",
                "thumb_width": 256,
                "thumb_height": 256,
                "service_icon": "http:\/\/www.redditstatic.com\/desktop2x\/img\/favicon\/apple-icon-57x57.png",
                "id": 1,
                "original_url": "https:\/\/www.reddit.com\/r\/Terraform\/comments\/dlg6ck\/has_anyone_had_01212_crash_with_code_that_works\/"
            },
            {
                "title": "overview for Sky_Linx",
                "title_link": "https:\/\/www.reddit.com\/user\/Sky_Linx",
                "text": "The u_Sky_Linx community on Reddit. Reddit gives you the best of the internet in one place.",
                "fallback": "overview for Sky_Linx",
                "from_url": "https:\/\/www.reddit.com\/user\/Sky_Linx",
                "service_icon": "http:\/\/www.redditstatic.com\/desktop2x\/img\/favicon\/apple-icon-57x57.png",
                "service_name": "reddit.com",
                "id": 2,
                "original_url": "https:\/\/www.reddit.com\/user\/Sky_Linx"
            }
        ]
    },
    {
        "type": "message",
        "subtype": "bot_message",
        "text": "<https:\/\/www.reddit.com\/r\/Terraform\/comments\/dlj3fk\/aws_iam_roles_and_policies_with_terraform\/|AWS IAM roles and Policies with Terraform>\nHi I would like to create Terraform files to automate the creation of different roles with different set of policies but a bit lost as I'm very new to Terraform and AWS IAM. We have few Roles that need to be created with specific set of permissions like, NetworkingOperator shouldn't have permissions to create\/Delete VPCs\/SGs, and EC2AMIUSER should only allow server templating service to perform EC2 AMI functions, finally a Developer role Used by authorised operators to modify the infra setup...",
        "ts": "1571756802.011300",
        "username": "Terraform ALL the Worlds!",
        "icons": {
            "image_48": "https:\/\/s3-us-west-2.amazonaws.com\/slack-files2\/bot_icons\/2019-02-12\/548785199618_48.png"
        },
        "bot_id": "BG3N7LG73",
        "attachments": [
            {
                "service_name": "reddit",
                "title": "AWS IAM roles and Policies with Terraform",
                "title_link": "https:\/\/www.reddit.com\/r\/Terraform\/comments\/dlj3fk\/aws_iam_roles_and_policies_with_terraform\/",
                "text": "Hi I would like to create Terraform files to automate the creation of different roles with different set of policies but a bit lost as I'm very...",
                "fallback": "reddit: AWS IAM roles and Policies with Terraform",
                "thumb_url": "https:\/\/www.redditstatic.com\/new-icon.png",
                "from_url": "https:\/\/www.reddit.com\/r\/Terraform\/comments\/dlj3fk\/aws_iam_roles_and_policies_with_terraform\/",
                "thumb_width": 256,
                "thumb_height": 256,
                "service_icon": "http:\/\/www.redditstatic.com\/desktop2x\/img\/favicon\/apple-icon-57x57.png",
                "id": 1,
                "original_url": "https:\/\/www.reddit.com\/r\/Terraform\/comments\/dlj3fk\/aws_iam_roles_and_policies_with_terraform\/"
            }
        ]
    },
    {
        "type": "message",
        "subtype": "bot_message",
        "text": "<https:\/\/www.reddit.com\/r\/Terraform\/comments\/dlkvze\/azure_devops_with_tf_cloud\/|Azure Devops with TF Cloud>\nI'm new to both, but has anyone connected Terraform Cloud to Azure Devops for its VCS? Azure Devops supports git repos, but I'm not having much luck connecting the two. If anyone has done it, I'd be interested to know how. Thanks!    submitted by   <https:\/\/www.reddit.com\/user\/pkphreak| \/u\/pkphreak > \n<https:\/\/www.reddit.com\/r\/Terraform\/comments\/dlkvze\/azure_devops_with_tf_cloud\/|[link]>   &lt;a...",
        "ts": "1571764899.011500",
        "username": "Terraform ALL the Worlds!",
        "icons": {
            "image_48": "https:\/\/s3-us-west-2.amazonaws.com\/slack-files2\/bot_icons\/2019-02-12\/548785199618_48.png"
        },
        "bot_id": "BG3N7LG73",
        "attachments": [
            {
                "service_name": "reddit",
                "title": "Azure Devops with TF Cloud",
                "title_link": "https:\/\/www.reddit.com\/r\/Terraform\/comments\/dlkvze\/azure_devops_with_tf_cloud\/",
                "text": "I'm new to both, but has anyone connected Terraform Cloud to Azure Devops for its VCS? Azure Devops supports git repos, but I'm not having much...",
                "fallback": "reddit: Azure Devops with TF Cloud",
                "thumb_url": "https:\/\/www.redditstatic.com\/new-icon.png",
                "from_url": "https:\/\/www.reddit.com\/r\/Terraform\/comments\/dlkvze\/azure_devops_with_tf_cloud\/",
                "thumb_width": 256,
                "thumb_height": 256,
                "service_icon": "http:\/\/www.redditstatic.com\/desktop2x\/img\/favicon\/apple-icon-57x57.png",
                "id": 1,
                "original_url": "https:\/\/www.reddit.com\/r\/Terraform\/comments\/dlkvze\/azure_devops_with_tf_cloud\/"
            },
            {
                "title": "overview for pkphreak",
                "title_link": "https:\/\/www.reddit.com\/user\/pkphreak",
                "text": "The u_pkphreak community on Reddit. Reddit gives you the best of the internet in one place.",
                "fallback": "overview for pkphreak",
                "from_url": "https:\/\/www.reddit.com\/user\/pkphreak",
                "service_icon": "http:\/\/www.redditstatic.com\/desktop2x\/img\/favicon\/apple-icon-57x57.png",
                "service_name": "reddit.com",
                "id": 2,
                "original_url": "https:\/\/www.reddit.com\/user\/pkphreak"
            }
        ]
    },
    {
        "type": "message",
        "subtype": "bot_message",
        "text": "<https:\/\/qiita.com\/fukubaka0825\/items\/d49d77fc5738b1846bb9|Lambda proxy integration×Go(echo)×Terraformでお手軽Web API(サーバレス)>\n<https:\/\/qiita.com\/#%E3%81%AF%E3%81%98%E3%82%81%E3%81%AB>はじめに\n\nサーバレスで手軽にWeb APIを立てたい場合、API Gatewayのproxy integrationとlambdaアプリケーションソースでのルーティングでこんなに簡単にお安く構築できるんだな〜と感心してしまったのでそのご紹介と、そのリソース群のTerraform moduleを作ってTerraform Registryに公開したのでその内容の紹介で記事を書いてみました。\n(しかも最近VPC Lambdaのコールドスタートが大幅に改善されたばかり　-&gt; &lt;a href=\"https:\/\/aws.amazon.com\/jp\/blogs\/news\/announcing-improved-vpc-networking-for-aws-lambda-functions\/\" rel=\"nofollow noopener\" target=\"_blank\"&gt;[発表] Lambda 関数が VPC 環境で改善されます | Amazon Web...",
        "ts": "1571792806.011700",
        "username": "Terraformタグが付けられた新着記事 - Qiita",
        "icons": {
            "image_36": "https:\/\/a.slack-edge.com\/80588\/img\/services\/rss_36.png",
            "image_48": "https:\/\/a.slack-edge.com\/80588\/img\/services\/rss_48.png",
            "image_72": "https:\/\/a.slack-edge.com\/80588\/img\/services\/rss_72.png"
        },
        "bot_id": "BG3N7LG73",
        "attachments": [
            {
                "service_name": "Qiita",
                "title": "Lambda proxy integration×Go(echo)×Terraformでお手軽Web API(サーバレス) - Qiita",
                "title_link": "https:\/\/qiita.com\/fukubaka0825\/items\/d49d77fc5738b1846bb9",
                "text": "# はじめに サーバレスで手軽にWeb APIを立てたい場合、**API Gatewayのproxy integrationとlambdaアプリケーションソースでのルーティングでこんなに簡単にお安く構築できるんだな〜**と感心してしま...",
                "fallback": "Qiita: Lambda proxy integration×Go(echo)×Terraformでお手軽Web API(サーバレス) - Qiita",
                "thumb_url": "https:\/\/cdn.qiita.com\/assets\/qiita-fb-2887e7b4aad86fd8c25cea84846f2236.png",
                "from_url": "https:\/\/qiita.com\/fukubaka0825\/items\/d49d77fc5738b1846bb9",
                "thumb_width": 200,
                "thumb_height": 200,
                "service_icon": "https:\/\/cdn.qiita.com\/assets\/favicons\/public\/apple-touch-icon-f9a6afad761ec2306e10db2736187c8b.png",
                "id": 1,
                "original_url": "https:\/\/qiita.com\/fukubaka0825\/items\/d49d77fc5738b1846bb9"
            },
            {
                "service_name": "Qiita",
                "title": "プログラマの技術情報共有サービス - Qiita",
                "title_link": "https:\/\/qiita.com\/#%E3%81%AF%E3%81%98%E3%82%81%E3%81%AB",
                "text": "Qiitaは、プログラマのための技術情報共有サービスです。 プログラミングに関するTips、ノウハウ、メモを簡単に記録 &amp; 公開することができます。",
                "fallback": "Qiita: プログラマの技術情報共有サービス - Qiita",
                "thumb_url": "https:\/\/cdn.qiita.com\/assets\/qiita-fb-2887e7b4aad86fd8c25cea84846f2236.png",
                "from_url": "https:\/\/qiita.com\/#%E3%81%AF%E3%81%98%E3%82%81%E3%81%AB",
                "thumb_width": 200,
                "thumb_height": 200,
                "service_icon": "https:\/\/cdn.qiita.com\/assets\/favicons\/public\/apple-touch-icon-f9a6afad761ec2306e10db2736187c8b.png",
                "id": 2,
                "original_url": "https:\/\/qiita.com\/#%E3%81%AF%E3%81%98%E3%82%81%E3%81%AB"
            }
        ]
    },
    {
        "type": "message",
        "subtype": "bot_message",
        "text": "<https:\/\/www.reddit.com\/r\/Terraform\/comments\/dlsvjn\/lacking_support_on_aws_plugin\/|Lacking support on AWS plugin>\nTerraform is great and I use this tool almost daily having said that I have one major gripe and that is the lacking support and development on the AWS plugin. To get an idea what I'm talking about go to the issue tracker on GitHub and see how many unresolved issues there are. That's one Two, the top voted issues, some have been open for well over 6 months or just don't get any replies in months. You think I'm exaggerating? Look at the issue list and filter on thumbs or replies For a concrete...",
        "ts": "1571798202.011900",
        "username": "Terraform ALL the Worlds!",
        "icons": {
            "image_48": "https:\/\/s3-us-west-2.amazonaws.com\/slack-files2\/bot_icons\/2019-02-12\/548785199618_48.png"
        },
        "bot_id": "BG3N7LG73",
        "attachments": [
            {
                "service_name": "reddit",
                "title": "Lacking support on AWS plugin",
                "title_link": "https:\/\/www.reddit.com\/r\/Terraform\/comments\/dlsvjn\/lacking_support_on_aws_plugin\/",
                "text": "Terraform is great and I use this tool almost daily having said that I have one major gripe and that is the lacking support and development on the...",
                "fallback": "reddit: Lacking support on AWS plugin",
                "thumb_url": "https:\/\/www.redditstatic.com\/new-icon.png",
                "from_url": "https:\/\/www.reddit.com\/r\/Terraform\/comments\/dlsvjn\/lacking_support_on_aws_plugin\/",
                "thumb_width": 256,
                "thumb_height": 256,
                "service_icon": "http:\/\/www.redditstatic.com\/desktop2x\/img\/favicon\/apple-icon-57x57.png",
                "id": 1,
                "original_url": "https:\/\/www.reddit.com\/r\/Terraform\/comments\/dlsvjn\/lacking_support_on_aws_plugin\/"
            }
        ]
    }
]