[
    {
        "type": "message",
        "subtype": "bot_message",
        "text": "<https:\/\/www.reddit.com\/r\/Terraform\/comments\/dj61uc\/terraform_with_azure_function_app_does_work\/|Terraform with Azure - Function app does work within the Azure portal but not with Terraform (HCL code)>\nI am using Terraform with Azure to create a function app to demonstrate a webapp (Pi Calculator with nodejs). When creating a Function App within the portal of Azure it works; using the settings like below. <https:\/\/i.stack.imgur.com\/xUP2i.png|Function App settings in Azure> Afterwards I am adding a new function with the \"development environment\" In-portal -&gt; Webhook + API. And it works! <https:\/\/i.stack.imgur.com\/PZP2p.png|Pi Calculator working> ​ But when I am...",
        "ts": "1571318202.007700",
        "username": "Terraform ALL the Worlds!",
        "icons": {
            "image_48": "https:\/\/s3-us-west-2.amazonaws.com\/slack-files2\/bot_icons\/2019-02-12\/548785199618_48.png"
        },
        "bot_id": "BG3N7LG73",
        "attachments": [
            {
                "service_name": "reddit",
                "title": "Terraform with Azure - Function app does work within the Azure portal but not with Terraform (HCL code)",
                "title_link": "https:\/\/www.reddit.com\/r\/Terraform\/comments\/dj61uc\/terraform_with_azure_function_app_does_work\/",
                "text": "I am using Terraform with Azure to create a function app to demonstrate a webapp (Pi Calculator with nodejs). When creating a Function App within...",
                "fallback": "reddit: Terraform with Azure - Function app does work within the Azure portal but not with Terraform (HCL code)",
                "thumb_url": "https:\/\/www.redditstatic.com\/new-icon.png",
                "from_url": "https:\/\/www.reddit.com\/r\/Terraform\/comments\/dj61uc\/terraform_with_azure_function_app_does_work\/",
                "thumb_width": 256,
                "thumb_height": 256,
                "service_icon": "http:\/\/www.redditstatic.com\/desktop2x\/img\/favicon\/apple-icon-57x57.png",
                "id": 1,
                "original_url": "https:\/\/www.reddit.com\/r\/Terraform\/comments\/dj61uc\/terraform_with_azure_function_app_does_work\/"
            },
            {
                "fallback": "319x881px image",
                "image_url": "https:\/\/i.stack.imgur.com\/xUP2i.png",
                "image_width": 319,
                "image_height": 881,
                "image_bytes": 45854,
                "from_url": "https:\/\/i.stack.imgur.com\/xUP2i.png",
                "id": 2,
                "original_url": "https:\/\/i.stack.imgur.com\/xUP2i.png"
            },
            {
                "fallback": "578x291px image",
                "image_url": "https:\/\/i.stack.imgur.com\/PZP2p.png",
                "image_width": 578,
                "image_height": 291,
                "image_bytes": 18726,
                "from_url": "https:\/\/i.stack.imgur.com\/PZP2p.png",
                "id": 3,
                "original_url": "https:\/\/i.stack.imgur.com\/PZP2p.png"
            }
        ]
    },
    {
        "type": "message",
        "subtype": "bot_message",
        "text": "<https:\/\/www.reddit.com\/r\/Terraform\/comments\/dj720a\/using_external_data_source_produced_invalid_json\/|Using External Data Source - produced invalid JSON>\nHey all,  I'm running into a problem whereby I'm declaring a data variable to pull a list of IDs (JSON)- but I get an error when running \"Terraform Plan\" Here is my data variable: data \"external\" \"example\" { program = [\"jq\", \".accounts\", \"..\/configuration\/envs.json\"] query = {} }  I've declared the following within my TF: ${data.external.example.result}  Here is the structure of my JSON file: { \"accounts\": [ \"1234567890\", \"0987654321\", \"1029384756\", \"6574839201\" ] }  When I run \"terraform...",
        "ts": "1571322407.007900",
        "username": "Terraform ALL the Worlds!",
        "icons": {
            "image_48": "https:\/\/s3-us-west-2.amazonaws.com\/slack-files2\/bot_icons\/2019-02-12\/548785199618_48.png"
        },
        "bot_id": "BG3N7LG73",
        "attachments": [
            {
                "service_name": "reddit",
                "title": "Using External Data Source - produced invalid JSON",
                "title_link": "https:\/\/www.reddit.com\/r\/Terraform\/comments\/dj720a\/using_external_data_source_produced_invalid_json\/",
                "text": "Hey all, I'm running into a problem whereby I'm declaring a data variable to pull a list of IDs (JSON)- but I get an error when running...",
                "fallback": "reddit: Using External Data Source - produced invalid JSON",
                "thumb_url": "https:\/\/www.redditstatic.com\/new-icon.png",
                "from_url": "https:\/\/www.reddit.com\/r\/Terraform\/comments\/dj720a\/using_external_data_source_produced_invalid_json\/",
                "thumb_width": 256,
                "thumb_height": 256,
                "service_icon": "http:\/\/www.redditstatic.com\/desktop2x\/img\/favicon\/apple-icon-57x57.png",
                "id": 1,
                "original_url": "https:\/\/www.reddit.com\/r\/Terraform\/comments\/dj720a\/using_external_data_source_produced_invalid_json\/"
            }
        ]
    },
    {
        "type": "message",
        "subtype": "bot_message",
        "text": "<https:\/\/www.reddit.com\/r\/Terraform\/comments\/djd89v\/terraformignore_has_been_released_as_part_of\/|.terraformignore has been released as part of 0.12.11 - .git and .terraform directories are no longer uploaded to remote backends>\nsubmitted by   <https:\/\/www.reddit.com\/user\/terreformer| \/u\/terreformer > \n<https:\/\/www.terraform.io\/docs\/backends\/types\/remote.html#excluding-files-from-upload-with-terraformignore|[link]>   <https:\/\/www.reddit.com\/r\/Terraform\/comments\/djd89v\/terraformignore_has_been_released_as_part_of\/|[comments]>",
        "ts": "1571349099.008100",
        "username": "Terraform ALL the Worlds!",
        "icons": {
            "image_48": "https:\/\/s3-us-west-2.amazonaws.com\/slack-files2\/bot_icons\/2019-02-12\/548785199618_48.png"
        },
        "bot_id": "BG3N7LG73",
        "attachments": [
            {
                "service_name": "reddit",
                "title": ".terraformignore has been released as part of 0.12.11 - .git and .terraform directories are no longer uploaded to remote backends",
                "title_link": "https:\/\/www.reddit.com\/r\/Terraform\/comments\/djd89v\/terraformignore_has_been_released_as_part_of\/",
                "text": "Posted in r\/Terraform by u\/terreformer • 1 point and 1 comment",
                "fallback": "reddit: .terraformignore has been released as part of 0.12.11 - .git and .terraform directories are no longer uploaded to remote backends",
                "thumb_url": "https:\/\/b.thumbs.redditmedia.com\/5TdXS7kFsxVPrRfp3T_bUpQ3gP01Qb2eD6PQlFHI5ks.jpg",
                "from_url": "https:\/\/www.reddit.com\/r\/Terraform\/comments\/djd89v\/terraformignore_has_been_released_as_part_of\/",
                "thumb_width": 140,
                "thumb_height": 140,
                "service_icon": "http:\/\/www.redditstatic.com\/desktop2x\/img\/favicon\/apple-icon-57x57.png",
                "id": 1,
                "original_url": "https:\/\/www.reddit.com\/r\/Terraform\/comments\/djd89v\/terraformignore_has_been_released_as_part_of\/"
            },
            {
                "title": "overview for terreformer",
                "title_link": "https:\/\/www.reddit.com\/user\/terreformer",
                "text": "The u_terreformer community on Reddit. Reddit gives you the best of the internet in one place.",
                "fallback": "overview for terreformer",
                "from_url": "https:\/\/www.reddit.com\/user\/terreformer",
                "service_icon": "http:\/\/www.redditstatic.com\/desktop2x\/img\/favicon\/apple-icon-57x57.png",
                "service_name": "reddit.com",
                "id": 2,
                "original_url": "https:\/\/www.reddit.com\/user\/terreformer"
            },
            {
                "service_name": "Terraform by HashiCorp",
                "title": "Backend Type: remote - Terraform by HashiCorp",
                "title_link": "https:\/\/www.terraform.io\/docs\/backends\/types\/remote.html#excluding-files-from-upload-with-terraformignore",
                "text": "Terraform can store the state and run operations remotely, making it easier to version and work with in a team.",
                "fallback": "Terraform by HashiCorp: Backend Type: remote - Terraform by HashiCorp",
                "thumb_url": "https:\/\/www.terraform.io\/assets\/images\/og-image-8b3e4f7d.png",
                "from_url": "https:\/\/www.terraform.io\/docs\/backends\/types\/remote.html#excluding-files-from-upload-with-terraformignore",
                "thumb_width": 712,
                "thumb_height": 712,
                "service_icon": "https:\/\/www.terraform.io\/assets\/images\/favicons\/apple-touch-icon-13180a24.png",
                "id": 3,
                "original_url": "https:\/\/www.terraform.io\/docs\/backends\/types\/remote.html#excluding-files-from-upload-with-terraformignore"
            }
        ]
    },
    {
        "type": "message",
        "subtype": "bot_message",
        "text": "<https:\/\/www.reddit.com\/r\/Terraform\/comments\/djj94a\/how_to_updating_old_terraform_code\/|How to.. Updating old terraform code>\nHello to all, This might be too much to ask, but I was added to a task where I need to update previous terraform project where I am not sure which was the version that was used on the project and how exactly to update the coding (or check at least which version it was so I can know what should be changed to bring it up to date).  Any pointers on how that can be done easily will be of help, thank you all for the spare time that you have spend with my post and have a good and blessed day....",
        "ts": "1571379705.008300",
        "username": "Terraform ALL the Worlds!",
        "icons": {
            "image_48": "https:\/\/s3-us-west-2.amazonaws.com\/slack-files2\/bot_icons\/2019-02-12\/548785199618_48.png"
        },
        "bot_id": "BG3N7LG73",
        "attachments": [
            {
                "service_name": "reddit",
                "title": "How to.. Updating old terraform code",
                "title_link": "https:\/\/www.reddit.com\/r\/Terraform\/comments\/djj94a\/how_to_updating_old_terraform_code\/",
                "text": "Hello to all, This might be too much to ask, but I was added to a task where I need to update previous terraform project where I am not sure...",
                "fallback": "reddit: How to.. Updating old terraform code",
                "thumb_url": "https:\/\/www.redditstatic.com\/new-icon.png",
                "from_url": "https:\/\/www.reddit.com\/r\/Terraform\/comments\/djj94a\/how_to_updating_old_terraform_code\/",
                "thumb_width": 256,
                "thumb_height": 256,
                "service_icon": "http:\/\/www.redditstatic.com\/desktop2x\/img\/favicon\/apple-icon-57x57.png",
                "id": 1,
                "original_url": "https:\/\/www.reddit.com\/r\/Terraform\/comments\/djj94a\/how_to_updating_old_terraform_code\/"
            }
        ]
    }
]