[
    {
        "type": "message",
        "subtype": "bot_message",
        "text": "<https:\/\/www.reddit.com\/r\/Terraform\/comments\/dmfvqx\/terraform_validate_performs_differently_when_it\/|Terraform validate performs differently when it is not in the context of init>\nWhen I do not run init but run terraform validate on my configuration files I get this output  Error: local.vpc_id: local.vpc_id: __builtin_StringToBool: strconv.ParseBool: parsing \"not-defined-lookup_vpc_state\": invalid syntax in:  ${var.lookup_vpc_state ? join(\",\", data.terraform_remote_state.vpc_data.*.aws_vpc_id) : var.vpc_id }  Error: local.temp_aws_subnet_public_ids: local.temp_aws_subnet_public_ids: __builtin_StringToBool: strconv.ParseBool: parsing \"not-defined-lookup_vpc_state\":...",
        "ts": "1571921805.012500",
        "username": "Terraform ALL the Worlds!",
        "icons": {
            "image_48": "https:\/\/s3-us-west-2.amazonaws.com\/slack-files2\/bot_icons\/2019-02-12\/548785199618_48.png"
        },
        "bot_id": "BG3N7LG73",
        "attachments": [
            {
                "service_name": "reddit",
                "title": "Terraform validate performs differently when it is not in the context of init",
                "title_link": "https:\/\/www.reddit.com\/r\/Terraform\/comments\/dmfvqx\/terraform_validate_performs_differently_when_it\/",
                "text": "When I do not run init but run terraform validate on my configuration files I get this output &gt;**Error: local.vpc\\_id: local.vpc\\_id:...",
                "fallback": "reddit: Terraform validate performs differently when it is not in the context of init",
                "thumb_url": "https:\/\/www.redditstatic.com\/new-icon.png",
                "from_url": "https:\/\/www.reddit.com\/r\/Terraform\/comments\/dmfvqx\/terraform_validate_performs_differently_when_it\/",
                "thumb_width": 256,
                "thumb_height": 256,
                "service_icon": "http:\/\/www.redditstatic.com\/desktop2x\/img\/favicon\/apple-icon-57x57.png",
                "id": 1,
                "original_url": "https:\/\/www.reddit.com\/r\/Terraform\/comments\/dmfvqx\/terraform_validate_performs_differently_when_it\/"
            }
        ]
    },
    {
        "type": "message",
        "subtype": "bot_message",
        "text": "<https:\/\/www.reddit.com\/r\/Terraform\/comments\/dmgs36\/importing_an_lb_listener_rule\/|Importing an LB listener rule>\nI cannot seem to successfully import an LB listener rule. I always the error message ...\" is not a valid listener rule ARN\". Looking at the import syntax <https:\/\/www.terraform.io\/docs\/providers\/aws\/r\/lb_listener_rule.html|here> , it seems the ARN should include \"listener-rule\/app\/etc...\", however my ARN has it \"listener\/app\/etc...\"  anyone else having this issue? thx.    submitted by   <https:\/\/www.reddit.com\/user\/2seem| \/u\/2seem > \n&lt;a...",
        "ts": "1571925707.012700",
        "username": "Terraform ALL the Worlds!",
        "icons": {
            "image_48": "https:\/\/s3-us-west-2.amazonaws.com\/slack-files2\/bot_icons\/2019-02-12\/548785199618_48.png"
        },
        "bot_id": "BG3N7LG73",
        "attachments": [
            {
                "service_name": "reddit",
                "title": "Importing an LB listener rule",
                "title_link": "https:\/\/www.reddit.com\/r\/Terraform\/comments\/dmgs36\/importing_an_lb_listener_rule\/",
                "text": "I cannot seem to successfully import an LB listener rule. I always the error message ...\" is not a valid listener rule ARN\". Looking at the import...",
                "fallback": "reddit: Importing an LB listener rule",
                "thumb_url": "https:\/\/www.redditstatic.com\/new-icon.png",
                "from_url": "https:\/\/www.reddit.com\/r\/Terraform\/comments\/dmgs36\/importing_an_lb_listener_rule\/",
                "thumb_width": 256,
                "thumb_height": 256,
                "service_icon": "http:\/\/www.redditstatic.com\/desktop2x\/img\/favicon\/apple-icon-57x57.png",
                "id": 1,
                "original_url": "https:\/\/www.reddit.com\/r\/Terraform\/comments\/dmgs36\/importing_an_lb_listener_rule\/"
            },
            {
                "service_name": "Terraform by HashiCorp",
                "title": "AWS: aws_lb_listener_rule - Terraform by HashiCorp",
                "title_link": "https:\/\/www.terraform.io\/docs\/providers\/aws\/r\/lb_listener_rule.html",
                "text": "Provides a Load Balancer Listener Rule resource.",
                "fallback": "Terraform by HashiCorp: AWS: aws_lb_listener_rule - Terraform by HashiCorp",
                "thumb_url": "https:\/\/www.terraform.io\/assets\/images\/og-image-8b3e4f7d.png",
                "from_url": "https:\/\/www.terraform.io\/docs\/providers\/aws\/r\/lb_listener_rule.html",
                "thumb_width": 712,
                "thumb_height": 712,
                "service_icon": "https:\/\/www.terraform.io\/assets\/images\/favicons\/apple-touch-icon-13180a24.png",
                "id": 2,
                "original_url": "https:\/\/www.terraform.io\/docs\/providers\/aws\/r\/lb_listener_rule.html"
            },
            {
                "title": "overview for 2seem",
                "title_link": "https:\/\/www.reddit.com\/user\/2seem",
                "text": "The u\/2seem community on Reddit. Reddit gives you the best of the internet in one place.",
                "fallback": "overview for 2seem",
                "from_url": "https:\/\/www.reddit.com\/user\/2seem",
                "service_icon": "http:\/\/www.redditstatic.com\/desktop2x\/img\/favicon\/apple-icon-57x57.png",
                "service_name": "reddit.com",
                "id": 3,
                "original_url": "https:\/\/www.reddit.com\/user\/2seem"
            }
        ]
    },
    {
        "type": "message",
        "subtype": "bot_message",
        "text": "<https:\/\/www.reddit.com\/r\/Terraform\/comments\/dmhhsj\/uploading_files_to_s3_with_terraform\/|Uploading files to s3 with terraform>\nIs it a good practice? I want to push some configuration files to s3 as a part of a complex infrastructure deployment, should I be using this? And what are any gotchas?    submitted by   <https:\/\/www.reddit.com\/user\/rohitdashora| \/u\/rohitdashora > \n<https:\/\/www.reddit.com\/r\/Terraform\/comments\/dmhhsj\/uploading_files_to_s3_with_terraform\/|[link]>   <https:\/\/www.reddit.com\/r\/Terraform\/comments\/dmhhsj\/uploading_files_to_s3_with_terraform\/|[comments]>",
        "ts": "1571928710.012900",
        "username": "Terraform ALL the Worlds!",
        "icons": {
            "image_48": "https:\/\/s3-us-west-2.amazonaws.com\/slack-files2\/bot_icons\/2019-02-12\/548785199618_48.png"
        },
        "bot_id": "BG3N7LG73",
        "attachments": [
            {
                "service_name": "reddit",
                "title": "Uploading files to s3 with terraform",
                "title_link": "https:\/\/www.reddit.com\/r\/Terraform\/comments\/dmhhsj\/uploading_files_to_s3_with_terraform\/",
                "text": "Is it a good practice? I want to push some configuration files to s3 as a part of a complex infrastructure deployment, should I be using this? And...",
                "fallback": "reddit: Uploading files to s3 with terraform",
                "thumb_url": "https:\/\/www.redditstatic.com\/new-icon.png",
                "from_url": "https:\/\/www.reddit.com\/r\/Terraform\/comments\/dmhhsj\/uploading_files_to_s3_with_terraform\/",
                "thumb_width": 256,
                "thumb_height": 256,
                "service_icon": "http:\/\/www.redditstatic.com\/desktop2x\/img\/favicon\/apple-icon-57x57.png",
                "id": 1,
                "original_url": "https:\/\/www.reddit.com\/r\/Terraform\/comments\/dmhhsj\/uploading_files_to_s3_with_terraform\/"
            },
            {
                "title": "overview for rohitdashora",
                "title_link": "https:\/\/www.reddit.com\/user\/rohitdashora",
                "text": "The u\/rohitdashora community on Reddit. Reddit gives you the best of the internet in one place.",
                "fallback": "overview for rohitdashora",
                "from_url": "https:\/\/www.reddit.com\/user\/rohitdashora",
                "service_icon": "http:\/\/www.redditstatic.com\/desktop2x\/img\/favicon\/apple-icon-57x57.png",
                "service_name": "reddit.com",
                "id": 2,
                "original_url": "https:\/\/www.reddit.com\/user\/rohitdashora"
            }
        ]
    },
    {
        "type": "message",
        "subtype": "bot_message",
        "text": "<https:\/\/www.reddit.com\/r\/Terraform\/comments\/dmm5eo\/help_with_for_each_and_complex_data_types\/|help with for_each and complex data types>\nHi folks.  I have an array of maps, basically, and I want to iterate over them. I have a data source which presents JSON in the format like: { { \"env\": \"dev\", \"callback_url\": \"<http:\/\/www.exampleURL.com\/dev\/api>\", \"customer_name\": \"example-dev\", \"target_server_hostname\": \"<http:\/\/myF5dev.mycompany.com|myF5dev.mycompany.com>\", \"developer_firstname\": \"Firstname\", \"developer_lastname\": \"Lastname\", \"developer_username\": \"firstname.lastname\", \"developer_email\": \"<mailto:someemail@example.com|someemail@example.com>\" }, { \"env\": \"prod\", \"callback_url\":...",
        "ts": "1571949114.013100",
        "username": "Terraform ALL the Worlds!",
        "icons": {
            "image_48": "https:\/\/s3-us-west-2.amazonaws.com\/slack-files2\/bot_icons\/2019-02-12\/548785199618_48.png"
        },
        "bot_id": "BG3N7LG73",
        "attachments": [
            {
                "service_name": "reddit",
                "title": "help with for_each and complex data types",
                "title_link": "https:\/\/www.reddit.com\/r\/Terraform\/comments\/dmm5eo\/help_with_for_each_and_complex_data_types\/",
                "text": "Hi folks. I have an array of maps, basically, and I want to iterate over them. I have a data source which presents JSON in the format like: ...",
                "fallback": "reddit: help with for_each and complex data types",
                "thumb_url": "https:\/\/www.redditstatic.com\/new-icon.png",
                "from_url": "https:\/\/www.reddit.com\/r\/Terraform\/comments\/dmm5eo\/help_with_for_each_and_complex_data_types\/",
                "thumb_width": 256,
                "thumb_height": 256,
                "service_icon": "http:\/\/www.redditstatic.com\/desktop2x\/img\/favicon\/apple-icon-57x57.png",
                "id": 1,
                "original_url": "https:\/\/www.reddit.com\/r\/Terraform\/comments\/dmm5eo\/help_with_for_each_and_complex_data_types\/"
            }
        ]
    },
    {
        "type": "message",
        "subtype": "bot_message",
        "text": "<https:\/\/www.reddit.com\/r\/Terraform\/comments\/dmnpvj\/question_is_there_a_way_to_get_a_data_source_from\/|[Question] is there a way to get a data source from a different provider?>\nmore particularly, is it possible to run a data source on a different aws account than the one running the rest of the terraform plan?    submitted by   <https:\/\/www.reddit.com\/user\/makake| \/u\/makake > \n<https:\/\/www.reddit.com\/r\/Terraform\/comments\/dmnpvj\/question_is_there_a_way_to_get_a_data_source_from\/|[link]>   <https:\/\/www.reddit.com\/r\/Terraform\/comments\/dmnpvj\/question_is_there_a_way_to_get_a_data_source_from\/|[comments]>",
        "ts": "1571955706.013300",
        "username": "Terraform ALL the Worlds!",
        "icons": {
            "image_48": "https:\/\/s3-us-west-2.amazonaws.com\/slack-files2\/bot_icons\/2019-02-12\/548785199618_48.png"
        },
        "bot_id": "BG3N7LG73",
        "attachments": [
            {
                "service_name": "reddit",
                "title": "[Question] is there a way to get a data source from a different provider?",
                "title_link": "https:\/\/www.reddit.com\/r\/Terraform\/comments\/dmnpvj\/question_is_there_a_way_to_get_a_data_source_from\/",
                "text": "more particularly, is it possible to run a data source on a different aws account than the one running the rest of the terraform plan?",
                "fallback": "reddit: [Question] is there a way to get a data source from a different provider?",
                "thumb_url": "https:\/\/www.redditstatic.com\/new-icon.png",
                "from_url": "https:\/\/www.reddit.com\/r\/Terraform\/comments\/dmnpvj\/question_is_there_a_way_to_get_a_data_source_from\/",
                "thumb_width": 256,
                "thumb_height": 256,
                "service_icon": "http:\/\/www.redditstatic.com\/desktop2x\/img\/favicon\/apple-icon-57x57.png",
                "id": 1,
                "original_url": "https:\/\/www.reddit.com\/r\/Terraform\/comments\/dmnpvj\/question_is_there_a_way_to_get_a_data_source_from\/"
            },
            {
                "title": "overview for makake",
                "title_link": "https:\/\/www.reddit.com\/user\/makake",
                "text": "The u\/makake community on Reddit. Reddit gives you the best of the internet in one place.",
                "fallback": "overview for makake",
                "from_url": "https:\/\/www.reddit.com\/user\/makake",
                "service_icon": "http:\/\/www.redditstatic.com\/desktop2x\/img\/favicon\/apple-icon-57x57.png",
                "service_name": "reddit.com",
                "id": 2,
                "original_url": "https:\/\/www.reddit.com\/user\/makake"
            }
        ]
    },
    {
        "type": "message",
        "subtype": "bot_message",
        "text": "<https:\/\/qiita.com\/cheekykorkind\/items\/f8ef3fdc0c5839c9ec02|Docker ComposeでTerraformを実行できる独立環境を作る>\n<https:\/\/qiita.com\/#%E3%81%93%E3%81%AE%E8%A8%98%E4%BA%8B%E3%81%AF>この記事は\n\nLinux上でDocker ComposeでTerraformを実行できる独立環境を作りを紹介したいと思います\n\n\n<https:\/\/qiita.com\/#%E6%9B%B8%E3%81%8F%E7%90%86%E7%94%B1%E3%81%AF>書く理由は\n\n自分の開発用のノートパソコンの環境を綺麗に使うため\n\n他の開発設定(環境変数設定やインストールなど)を気にしたくない\n\nもし、何か間違ったらDockerのコンテナ、imageなどを消せばいい\n\n\n\n<https:\/\/qiita.com\/#%E9%87%8D%E8%A6%81%E3%81%AA%E3%81%93%E3%81%A8%E3%81%AF>重要なことは\n\nterraformのバージョンを確認する\n\n\n<https:\/\/releases.hashicorp.com\/terraform>...",
        "ts": "1571974905.013500",
        "username": "Terraformタグが付けられた新着記事 - Qiita",
        "icons": {
            "image_36": "https:\/\/a.slack-edge.com\/80588\/img\/services\/rss_36.png",
            "image_48": "https:\/\/a.slack-edge.com\/80588\/img\/services\/rss_48.png",
            "image_72": "https:\/\/a.slack-edge.com\/80588\/img\/services\/rss_72.png"
        },
        "bot_id": "BG3N7LG73",
        "attachments": [
            {
                "service_name": "Qiita",
                "title": "Docker ComposeでTerraformを実行できる独立環境を作る - Qiita",
                "title_link": "https:\/\/qiita.com\/cheekykorkind\/items\/f8ef3fdc0c5839c9ec02",
                "text": "## この記事は Linux上でDocker ComposeでTerraformを実行できる独立環境を作りを紹介したいと思います ## 書く理由は - 自分の開発用のノートパソコンの環境を綺麗に使うため - 他の開発設定(環境変...",
                "fallback": "Qiita: Docker ComposeでTerraformを実行できる独立環境を作る - Qiita",
                "thumb_url": "https:\/\/cdn.qiita.com\/assets\/qiita-fb-2887e7b4aad86fd8c25cea84846f2236.png",
                "from_url": "https:\/\/qiita.com\/cheekykorkind\/items\/f8ef3fdc0c5839c9ec02",
                "thumb_width": 200,
                "thumb_height": 200,
                "service_icon": "https:\/\/cdn.qiita.com\/assets\/favicons\/public\/apple-touch-icon-f9a6afad761ec2306e10db2736187c8b.png",
                "id": 1,
                "original_url": "https:\/\/qiita.com\/cheekykorkind\/items\/f8ef3fdc0c5839c9ec02"
            },
            {
                "service_name": "Qiita",
                "title": "プログラマの技術情報共有サービス - Qiita",
                "title_link": "https:\/\/qiita.com\/#%E3%81%93%E3%81%AE%E8%A8%98%E4%BA%8B%E3%81%AF",
                "text": "Qiitaは、プログラマのための技術情報共有サービスです。 プログラミングに関するTips、ノウハウ、メモを簡単に記録 &amp; 公開することができます。",
                "fallback": "Qiita: プログラマの技術情報共有サービス - Qiita",
                "thumb_url": "https:\/\/cdn.qiita.com\/assets\/qiita-fb-2887e7b4aad86fd8c25cea84846f2236.png",
                "from_url": "https:\/\/qiita.com\/#%E3%81%93%E3%81%AE%E8%A8%98%E4%BA%8B%E3%81%AF",
                "thumb_width": 200,
                "thumb_height": 200,
                "service_icon": "https:\/\/cdn.qiita.com\/assets\/favicons\/public\/apple-touch-icon-f9a6afad761ec2306e10db2736187c8b.png",
                "id": 2,
                "original_url": "https:\/\/qiita.com\/#%E3%81%93%E3%81%AE%E8%A8%98%E4%BA%8B%E3%81%AF"
            },
            {
                "service_name": "Qiita",
                "title": "プログラマの技術情報共有サービス - Qiita",
                "title_link": "https:\/\/qiita.com\/#%E6%9B%B8%E3%81%8F%E7%90%86%E7%94%B1%E3%81%AF",
                "text": "Qiitaは、プログラマのための技術情報共有サービスです。 プログラミングに関するTips、ノウハウ、メモを簡単に記録 &amp; 公開することができます。",
                "fallback": "Qiita: プログラマの技術情報共有サービス - Qiita",
                "thumb_url": "https:\/\/cdn.qiita.com\/assets\/qiita-fb-2887e7b4aad86fd8c25cea84846f2236.png",
                "from_url": "https:\/\/qiita.com\/#%E6%9B%B8%E3%81%8F%E7%90%86%E7%94%B1%E3%81%AF",
                "thumb_width": 200,
                "thumb_height": 200,
                "service_icon": "https:\/\/cdn.qiita.com\/assets\/favicons\/public\/apple-touch-icon-f9a6afad761ec2306e10db2736187c8b.png",
                "id": 3,
                "original_url": "https:\/\/qiita.com\/#%E6%9B%B8%E3%81%8F%E7%90%86%E7%94%B1%E3%81%AF"
            },
            {
                "service_name": "Qiita",
                "title": "プログラマの技術情報共有サービス - Qiita",
                "title_link": "https:\/\/qiita.com\/#%E9%87%8D%E8%A6%81%E3%81%AA%E3%81%93%E3%81%A8%E3%81%AF",
                "text": "Qiitaは、プログラマのための技術情報共有サービスです。 プログラミングに関するTips、ノウハウ、メモを簡単に記録 &amp; 公開することができます。",
                "fallback": "Qiita: プログラマの技術情報共有サービス - Qiita",
                "thumb_url": "https:\/\/cdn.qiita.com\/assets\/qiita-fb-2887e7b4aad86fd8c25cea84846f2236.png",
                "from_url": "https:\/\/qiita.com\/#%E9%87%8D%E8%A6%81%E3%81%AA%E3%81%93%E3%81%A8%E3%81%AF",
                "thumb_width": 200,
                "thumb_height": 200,
                "service_icon": "https:\/\/cdn.qiita.com\/assets\/favicons\/public\/apple-touch-icon-f9a6afad761ec2306e10db2736187c8b.png",
                "id": 4,
                "original_url": "https:\/\/qiita.com\/#%E9%87%8D%E8%A6%81%E3%81%AA%E3%81%93%E3%81%A8%E3%81%AF"
            }
        ]
    }
]