[
    {
        "type": "message",
        "subtype": "bot_message",
        "text": "<https:\/\/www.reddit.com\/r\/Terraform\/comments\/dmycpk\/question_about_basic_terraform_hierarchical\/|Question about basic terraform hierarchical concepts>\nHello, I'll start off with a small disclaimer: I've done my best searching around the web (and in this reddit) for answer to my questions, but it's very likely I totally missed them and I'm bothering you with some boring repetitive questions. For that I'm sorry :-) I'm about 20-30 hours into Terraform and noticed I'm having difficulties wielding the power of terraform to do my bidding. I'm trying to create an efficient terraform setup for an google cloud environment for multiple projects....",
        "ts": "1572015110.013800",
        "username": "Terraform ALL the Worlds!",
        "icons": {
            "image_48": "https:\/\/s3-us-west-2.amazonaws.com\/slack-files2\/bot_icons\/2019-02-12\/548785199618_48.png"
        },
        "bot_id": "BG3N7LG73",
        "attachments": [
            {
                "service_name": "reddit",
                "title": "Question about basic terraform hierarchical concepts",
                "title_link": "https:\/\/www.reddit.com\/r\/Terraform\/comments\/dmycpk\/question_about_basic_terraform_hierarchical\/",
                "text": "Hello, I'll start off with a small disclaimer: I've done my best searching around the web (and in this reddit) for answer to my questions, but...",
                "fallback": "reddit: Question about basic terraform hierarchical concepts",
                "thumb_url": "https:\/\/www.redditstatic.com\/new-icon.png",
                "from_url": "https:\/\/www.reddit.com\/r\/Terraform\/comments\/dmycpk\/question_about_basic_terraform_hierarchical\/",
                "thumb_width": 256,
                "thumb_height": 256,
                "service_icon": "http:\/\/www.redditstatic.com\/desktop2x\/img\/favicon\/apple-icon-57x57.png",
                "id": 1,
                "original_url": "https:\/\/www.reddit.com\/r\/Terraform\/comments\/dmycpk\/question_about_basic_terraform_hierarchical\/"
            }
        ]
    },
    {
        "type": "message",
        "subtype": "bot_message",
        "text": "<https:\/\/qiita.com\/tar_xzvf\/items\/0845e1fdeddeb045645b|Terraform Cloudからさくらのクラウドにサーバを作成する>\nTerraform CloudはHashiCorp社が提供しているTerraformをマネージドしてくれるサービスです。\n\nGithubと連携してterraformがあるリポジトリにpushなどが行われると、自動でterraformコマンドが実行されGitops的なことができたりして便利です。\n\n特に複数人でTerraformを利用しているケースには非常にありがたいです。\n\n無料で使える範囲があるので、今回はその範囲内で使ってみました。\n\nデフォルトの状態ではさくらのクラウドにサーバを作成することができないので、手順をまとめてみました。\n\n\n<https:\/\/qiita.com\/#%E6%BA%96%E5%82%99%E3%81%99%E3%82%8B%E3%82%82%E3%81%AE>準備するもの\n\nさくらのクラウドのAPIキー\nGithubアカウント\n\n<https:\/\/qiita.com\/#%E7%92%B0%E5%A2%83>環境\n\n今回は以下のバージョンで実行されることを想定しています。\n\nTerraform...",
        "ts": "1572015702.014000",
        "username": "Terraformタグが付けられた新着記事 - Qiita",
        "icons": {
            "image_36": "https:\/\/a.slack-edge.com\/80588\/img\/services\/rss_36.png",
            "image_48": "https:\/\/a.slack-edge.com\/80588\/img\/services\/rss_48.png",
            "image_72": "https:\/\/a.slack-edge.com\/80588\/img\/services\/rss_72.png"
        },
        "bot_id": "BG3N7LG73",
        "attachments": [
            {
                "service_name": "Qiita",
                "title": "Terraform Cloudからさくらのクラウドにサーバを作成する - Qiita",
                "title_link": "https:\/\/qiita.com\/tar_xzvf\/items\/0845e1fdeddeb045645b",
                "text": "Terraform CloudはHashiCorp社が提供しているTerraformをマネージドしてくれるサービスです。 Githubと連携してterraformがあるリポジトリにpushなどが行われると、自動でterraformコ...",
                "fallback": "Qiita: Terraform Cloudからさくらのクラウドにサーバを作成する - Qiita",
                "thumb_url": "https:\/\/cdn.qiita.com\/assets\/qiita-fb-2887e7b4aad86fd8c25cea84846f2236.png",
                "from_url": "https:\/\/qiita.com\/tar_xzvf\/items\/0845e1fdeddeb045645b",
                "thumb_width": 200,
                "thumb_height": 200,
                "service_icon": "https:\/\/cdn.qiita.com\/assets\/favicons\/public\/apple-touch-icon-f9a6afad761ec2306e10db2736187c8b.png",
                "id": 1,
                "original_url": "https:\/\/qiita.com\/tar_xzvf\/items\/0845e1fdeddeb045645b"
            },
            {
                "service_name": "Qiita",
                "title": "プログラマの技術情報共有サービス - Qiita",
                "title_link": "https:\/\/qiita.com\/#%E6%BA%96%E5%82%99%E3%81%99%E3%82%8B%E3%82%82%E3%81%AE",
                "text": "Qiitaは、プログラマのための技術情報共有サービスです。 プログラミングに関するTips、ノウハウ、メモを簡単に記録 &amp; 公開することができます。",
                "fallback": "Qiita: プログラマの技術情報共有サービス - Qiita",
                "thumb_url": "https:\/\/cdn.qiita.com\/assets\/qiita-fb-2887e7b4aad86fd8c25cea84846f2236.png",
                "from_url": "https:\/\/qiita.com\/#%E6%BA%96%E5%82%99%E3%81%99%E3%82%8B%E3%82%82%E3%81%AE",
                "thumb_width": 200,
                "thumb_height": 200,
                "service_icon": "https:\/\/cdn.qiita.com\/assets\/favicons\/public\/apple-touch-icon-f9a6afad761ec2306e10db2736187c8b.png",
                "id": 2,
                "original_url": "https:\/\/qiita.com\/#%E6%BA%96%E5%82%99%E3%81%99%E3%82%8B%E3%82%82%E3%81%AE"
            },
            {
                "service_name": "Qiita",
                "title": "プログラマの技術情報共有サービス - Qiita",
                "title_link": "https:\/\/qiita.com\/#%E7%92%B0%E5%A2%83",
                "text": "Qiitaは、プログラマのための技術情報共有サービスです。 プログラミングに関するTips、ノウハウ、メモを簡単に記録 &amp; 公開することができます。",
                "fallback": "Qiita: プログラマの技術情報共有サービス - Qiita",
                "thumb_url": "https:\/\/cdn.qiita.com\/assets\/qiita-fb-2887e7b4aad86fd8c25cea84846f2236.png",
                "from_url": "https:\/\/qiita.com\/#%E7%92%B0%E5%A2%83",
                "thumb_width": 200,
                "thumb_height": 200,
                "service_icon": "https:\/\/cdn.qiita.com\/assets\/favicons\/public\/apple-touch-icon-f9a6afad761ec2306e10db2736187c8b.png",
                "id": 3,
                "original_url": "https:\/\/qiita.com\/#%E7%92%B0%E5%A2%83"
            }
        ]
    },
    {
        "type": "message",
        "subtype": "bot_message",
        "text": "<https:\/\/www.reddit.com\/r\/Terraform\/comments\/dn01hz\/how_to_break_the_check_if_the_terraform_validate\/|How to break the check if the terraform validate works>\nIn Terraform documentation it states that  \"Validation requires an initialized working directory with any referenced plugins and modules installed. \" I want to init to pass but validate to fail so I can't really kill the syntax as the init will stop working. So how do we invalidate my terraform configuration and see that it has failed? ​ I would appreciate examples ​ Reference &lt;a...",
        "ts": "1572022597.014200",
        "username": "Terraform ALL the Worlds!",
        "icons": {
            "image_48": "https:\/\/s3-us-west-2.amazonaws.com\/slack-files2\/bot_icons\/2019-02-12\/548785199618_48.png"
        },
        "bot_id": "BG3N7LG73",
        "attachments": [
            {
                "service_name": "reddit",
                "title": "How to break the check if the terraform validate works",
                "title_link": "https:\/\/www.reddit.com\/r\/Terraform\/comments\/dn01hz\/how_to_break_the_check_if_the_terraform_validate\/",
                "text": "In Terraform documentation it states that \"Validation requires an initialized working directory with any referenced plugins and modules...",
                "fallback": "reddit: How to break the check if the terraform validate works",
                "thumb_url": "https:\/\/www.redditstatic.com\/new-icon.png",
                "from_url": "https:\/\/www.reddit.com\/r\/Terraform\/comments\/dn01hz\/how_to_break_the_check_if_the_terraform_validate\/",
                "thumb_width": 256,
                "thumb_height": 256,
                "service_icon": "http:\/\/www.redditstatic.com\/desktop2x\/img\/favicon\/apple-icon-57x57.png",
                "id": 1,
                "original_url": "https:\/\/www.reddit.com\/r\/Terraform\/comments\/dn01hz\/how_to_break_the_check_if_the_terraform_validate\/"
            }
        ]
    },
    {
        "type": "message",
        "subtype": "bot_message",
        "text": "<https:\/\/www.reddit.com\/r\/Terraform\/comments\/dn1dyw\/making_auto_scale_groups_update\/|Making auto scale groups update?>\nI created an EKS cluster via terraform, after creating it, I wanted to change the autoscale group public IP from true to false. associate_public_ip_address = false after applying it didnt seem to work. any ideas on how to make that update properly? resource \"aws_launch_configuration\" \"prod\" { associate_public_ip_address = false iam_instance_profile = aws_iam_instance_profile.prod-node.name image_id = \"${var.instance-ami}\" instance_type = var.instance-type name_prefix = \"terraform-eks-prod\"...",
        "ts": "1572027707.014400",
        "username": "Terraform ALL the Worlds!",
        "icons": {
            "image_48": "https:\/\/s3-us-west-2.amazonaws.com\/slack-files2\/bot_icons\/2019-02-12\/548785199618_48.png"
        },
        "bot_id": "BG3N7LG73",
        "attachments": [
            {
                "service_name": "reddit",
                "title": "Making auto scale groups update?",
                "title_link": "https:\/\/www.reddit.com\/r\/Terraform\/comments\/dn1dyw\/making_auto_scale_groups_update\/",
                "text": "I created an EKS cluster via terraform, after creating it, I wanted to change the autoscale group public IP from true to...",
                "fallback": "reddit: Making auto scale groups update?",
                "thumb_url": "https:\/\/www.redditstatic.com\/new-icon.png",
                "from_url": "https:\/\/www.reddit.com\/r\/Terraform\/comments\/dn1dyw\/making_auto_scale_groups_update\/",
                "thumb_width": 256,
                "thumb_height": 256,
                "service_icon": "http:\/\/www.redditstatic.com\/desktop2x\/img\/favicon\/apple-icon-57x57.png",
                "id": 1,
                "original_url": "https:\/\/www.reddit.com\/r\/Terraform\/comments\/dn1dyw\/making_auto_scale_groups_update\/"
            }
        ]
    },
    {
        "type": "message",
        "subtype": "bot_message",
        "text": "<https:\/\/www.reddit.com\/r\/Terraform\/comments\/dn22zg\/reference_a_related_resource_by_attribute\/|Reference a related resource by attribute>\nHi. I am using the Hetzner Cloud provider (<https:\/\/www.terraform.io\/docs\/providers\/hcloud\/r\/server_network.html|https:\/\/www.terraform.io\/docs\/providers\/hcloud\/r\/server_network.html>) to create servers and attach IPs from a private network to them. The only relationship between these two resources that I can see from the docs is that a server network (basically the representation of a server in the private network) references the server with the server_id attribute. Elsewhere,...",
        "ts": "1572031302.014600",
        "username": "Terraform ALL the Worlds!",
        "icons": {
            "image_48": "https:\/\/s3-us-west-2.amazonaws.com\/slack-files2\/bot_icons\/2019-02-12\/548785199618_48.png"
        },
        "bot_id": "BG3N7LG73",
        "attachments": [
            {
                "service_name": "reddit",
                "title": "Reference a related resource by attribute",
                "title_link": "https:\/\/www.reddit.com\/r\/Terraform\/comments\/dn22zg\/reference_a_related_resource_by_attribute\/",
                "text": "Hi. I am using the Hetzner Cloud provider (<https:\/\/www.terraform.io\/docs\/providers\/hcloud\/r\/server_network.html>) to create servers and attach IPs...",
                "fallback": "reddit: Reference a related resource by attribute",
                "thumb_url": "https:\/\/www.redditstatic.com\/new-icon.png",
                "from_url": "https:\/\/www.reddit.com\/r\/Terraform\/comments\/dn22zg\/reference_a_related_resource_by_attribute\/",
                "thumb_width": 256,
                "thumb_height": 256,
                "service_icon": "http:\/\/www.redditstatic.com\/desktop2x\/img\/favicon\/apple-icon-57x57.png",
                "id": 1,
                "original_url": "https:\/\/www.reddit.com\/r\/Terraform\/comments\/dn22zg\/reference_a_related_resource_by_attribute\/"
            },
            {
                "service_name": "Terraform by HashiCorp",
                "title": "Hetzner Cloud: hcloud_server_network - Terraform by HashiCorp",
                "title_link": "https:\/\/www.terraform.io\/docs\/providers\/hcloud\/r\/server_network.html",
                "text": "Provides a Hetzner Cloud Server Network to represent a private network on a server in the Hetzner Cloud.",
                "fallback": "Terraform by HashiCorp: Hetzner Cloud: hcloud_server_network - Terraform by HashiCorp",
                "thumb_url": "https:\/\/www.terraform.io\/assets\/images\/og-image-8b3e4f7d.png",
                "from_url": "https:\/\/www.terraform.io\/docs\/providers\/hcloud\/r\/server_network.html",
                "thumb_width": 712,
                "thumb_height": 712,
                "service_icon": "https:\/\/www.terraform.io\/assets\/images\/favicons\/apple-touch-icon-13180a24.png",
                "id": 2,
                "original_url": "https:\/\/www.terraform.io\/docs\/providers\/hcloud\/r\/server_network.html"
            }
        ]
    },
    {
        "type": "message",
        "subtype": "bot_message",
        "text": "<https:\/\/qiita.com\/sasshi_i\/items\/3b4fbc77a063c93bbafc|terraformでネットワークACL, セキュリティグループを作成>\n<https:\/\/qiita.com\/#%E5%89%8D%E5%9B%9E%E3%81%BE%E3%81%A7%E3%81%AE%E3%81%82%E3%82%89%E3%81%99%E3%81%98>前回までのあらすじ\n\nterraformでVPC, サブネットを作成する\n<https:\/\/qiita.com\/sasshi_i\/items\/f4f65e18923d856be256|https:\/\/qiita.com\/sasshi_i\/items\/f4f65e18923d856be256>\n\nterraformでインターネットゲートウェイ, ルートテーブルを作る\n<https:\/\/qiita.com\/sasshi_i\/items\/5edabca4fbaae7d4a833|https:\/\/qiita.com\/sasshi_i\/items\/5edabca4fbaae7d4a833>\n\n\n&lt;a...",
        "ts": "1572072704.014800",
        "username": "Terraformタグが付けられた新着記事 - Qiita",
        "icons": {
            "image_36": "https:\/\/a.slack-edge.com\/80588\/img\/services\/rss_36.png",
            "image_48": "https:\/\/a.slack-edge.com\/80588\/img\/services\/rss_48.png",
            "image_72": "https:\/\/a.slack-edge.com\/80588\/img\/services\/rss_72.png"
        },
        "bot_id": "BG3N7LG73",
        "attachments": [
            {
                "service_name": "Qiita",
                "title": "terraformでネットワークACL, セキュリティグループを作成 - Qiita",
                "title_link": "https:\/\/qiita.com\/sasshi_i\/items\/3b4fbc77a063c93bbafc",
                "text": "# 前回までのあらすじ terraformでVPC, サブネットを作成する <https:\/\/qiita.com\/sasshi_i\/items\/f4f65e18923d856be256> terraformでインターネットゲートウェイ,...",
                "fallback": "Qiita: terraformでネットワークACL, セキュリティグループを作成 - Qiita",
                "thumb_url": "https:\/\/cdn.qiita.com\/assets\/qiita-fb-2887e7b4aad86fd8c25cea84846f2236.png",
                "from_url": "https:\/\/qiita.com\/sasshi_i\/items\/3b4fbc77a063c93bbafc",
                "thumb_width": 200,
                "thumb_height": 200,
                "service_icon": "https:\/\/cdn.qiita.com\/assets\/favicons\/public\/apple-touch-icon-f9a6afad761ec2306e10db2736187c8b.png",
                "id": 1,
                "original_url": "https:\/\/qiita.com\/sasshi_i\/items\/3b4fbc77a063c93bbafc"
            },
            {
                "service_name": "Qiita",
                "title": "プログラマの技術情報共有サービス - Qiita",
                "title_link": "https:\/\/qiita.com\/#%E5%89%8D%E5%9B%9E%E3%81%BE%E3%81%A7%E3%81%AE%E3%81%82%E3%82%89%E3%81%99%E3%81%98",
                "text": "Qiitaは、プログラマのための技術情報共有サービスです。 プログラミングに関するTips、ノウハウ、メモを簡単に記録 &amp; 公開することができます。",
                "fallback": "Qiita: プログラマの技術情報共有サービス - Qiita",
                "thumb_url": "https:\/\/cdn.qiita.com\/assets\/qiita-fb-2887e7b4aad86fd8c25cea84846f2236.png",
                "from_url": "https:\/\/qiita.com\/#%E5%89%8D%E5%9B%9E%E3%81%BE%E3%81%A7%E3%81%AE%E3%81%82%E3%82%89%E3%81%99%E3%81%98",
                "thumb_width": 200,
                "thumb_height": 200,
                "service_icon": "https:\/\/cdn.qiita.com\/assets\/favicons\/public\/apple-touch-icon-f9a6afad761ec2306e10db2736187c8b.png",
                "id": 2,
                "original_url": "https:\/\/qiita.com\/#%E5%89%8D%E5%9B%9E%E3%81%BE%E3%81%A7%E3%81%AE%E3%81%82%E3%82%89%E3%81%99%E3%81%98"
            },
            {
                "service_name": "Qiita",
                "title": "terraformでVPC, サブネットを作成する - Qiita",
                "title_link": "https:\/\/qiita.com\/sasshi_i\/items\/f4f65e18923d856be256",
                "text": "本日から数記事に分けてterraformを使ってAWSでインフラ構築していきます。 今回はVPCとサブネットを作成します。 # 環境 - macOS Mojave 10.14.5 - MacBook Pro, 13-inch, Ea...",
                "fallback": "Qiita: terraformでVPC, サブネットを作成する - Qiita",
                "thumb_url": "https:\/\/cdn.qiita.com\/assets\/qiita-fb-2887e7b4aad86fd8c25cea84846f2236.png",
                "from_url": "https:\/\/qiita.com\/sasshi_i\/items\/f4f65e18923d856be256",
                "thumb_width": 200,
                "thumb_height": 200,
                "service_icon": "https:\/\/cdn.qiita.com\/assets\/favicons\/public\/apple-touch-icon-f9a6afad761ec2306e10db2736187c8b.png",
                "id": 3,
                "original_url": "https:\/\/qiita.com\/sasshi_i\/items\/f4f65e18923d856be256"
            },
            {
                "service_name": "Qiita",
                "title": "terraformでインターネットゲートウェイ, ルートテーブルを作る - Qiita",
                "title_link": "https:\/\/qiita.com\/sasshi_i\/items\/5edabca4fbaae7d4a833",
                "text": "# 前回までのあらすじ terraformでVPC, サブネットを作成する <https:\/\/qiita.com\/sasshi_i\/items\/f4f65e18923d856be256> # 環境 - macOS Mojave 10.1...",
                "fallback": "Qiita: terraformでインターネットゲートウェイ, ルートテーブルを作る - Qiita",
                "thumb_url": "https:\/\/cdn.qiita.com\/assets\/qiita-fb-2887e7b4aad86fd8c25cea84846f2236.png",
                "from_url": "https:\/\/qiita.com\/sasshi_i\/items\/5edabca4fbaae7d4a833",
                "thumb_width": 200,
                "thumb_height": 200,
                "service_icon": "https:\/\/cdn.qiita.com\/assets\/favicons\/public\/apple-touch-icon-f9a6afad761ec2306e10db2736187c8b.png",
                "id": 4,
                "original_url": "https:\/\/qiita.com\/sasshi_i\/items\/5edabca4fbaae7d4a833"
            }
        ]
    }
]