[
    {
        "type": "message",
        "subtype": "bot_message",
        "text": "<https:\/\/www.reddit.com\/r\/Terraform\/comments\/donknh\/output_a_list_of_values\/|output a list of values>\nI'm trying to output a list of users with their respective access keys in the format: user1,access_key1\n user2,access_key2\n ....  Here's my code:  variable \"name\" {\ntype = \"list\"\ndefault = [\"vivek\",\"ranjeet\",\"rakesh\"] } resource \"aws_iam_user\" \"example\" {\ncount = \"${length(<https:\/\/var.name\/|var.name>)}\"\nname = \"${element(<https:\/\/var.name\/|var.name>,count.index )}\"\n} resource \"aws_iam_access_key\" \"example\" {\ncount = \"${length(&lt;a...",
        "ts": "1572343307.017400",
        "username": "Terraform ALL the Worlds!",
        "icons": {
            "image_48": "https:\/\/s3-us-west-2.amazonaws.com\/slack-files2\/bot_icons\/2019-02-12\/548785199618_48.png"
        },
        "bot_id": "BG3N7LG73",
        "attachments": [
            {
                "service_name": "reddit",
                "title": "output a list of values",
                "title_link": "https:\/\/www.reddit.com\/r\/Terraform\/comments\/donknh\/output_a_list_of_values\/",
                "text": "I'm trying to output a list of users with their respective access keys in the format: user1,access\\_key1 user2,access\\_key2 .... Here's...",
                "fallback": "reddit: output a list of values",
                "thumb_url": "https:\/\/www.redditstatic.com\/new-icon.png",
                "from_url": "https:\/\/www.reddit.com\/r\/Terraform\/comments\/donknh\/output_a_list_of_values\/",
                "thumb_width": 256,
                "thumb_height": 256,
                "service_icon": "http:\/\/www.redditstatic.com\/desktop2x\/img\/favicon\/apple-icon-57x57.png",
                "id": 1,
                "original_url": "https:\/\/www.reddit.com\/r\/Terraform\/comments\/donknh\/output_a_list_of_values\/"
            }
        ]
    },
    {
        "type": "message",
        "subtype": "bot_message",
        "text": "<https:\/\/www.reddit.com\/r\/Terraform\/comments\/doqzrw\/monitoring_advice_needed\/|Monitoring advice needed>\nWhat have you been doing to keep track of any drifts or changes from the console to your tf config? A cloudwatch alarm maybe to track your infrastructure managed by tf?    submitted by   <https:\/\/www.reddit.com\/user\/2seem| \/u\/2seem > \n<https:\/\/www.reddit.com\/r\/Terraform\/comments\/doqzrw\/monitoring_advice_needed\/|[link]>   <https:\/\/www.reddit.com\/r\/Terraform\/comments\/doqzrw\/monitoring_advice_needed\/|[comments]>",
        "ts": "1572361300.017600",
        "username": "Terraform ALL the Worlds!",
        "icons": {
            "image_48": "https:\/\/s3-us-west-2.amazonaws.com\/slack-files2\/bot_icons\/2019-02-12\/548785199618_48.png"
        },
        "bot_id": "BG3N7LG73",
        "attachments": [
            {
                "service_name": "reddit",
                "title": "Monitoring advice needed",
                "title_link": "https:\/\/www.reddit.com\/r\/Terraform\/comments\/doqzrw\/monitoring_advice_needed\/",
                "text": "What have you been doing to keep track of any drifts or changes from the console to your tf config? A cloudwatch alarm maybe to track your...",
                "fallback": "reddit: Monitoring advice needed",
                "thumb_url": "https:\/\/www.redditstatic.com\/new-icon.png",
                "from_url": "https:\/\/www.reddit.com\/r\/Terraform\/comments\/doqzrw\/monitoring_advice_needed\/",
                "thumb_width": 256,
                "thumb_height": 256,
                "service_icon": "http:\/\/www.redditstatic.com\/desktop2x\/img\/favicon\/apple-icon-57x57.png",
                "id": 1,
                "original_url": "https:\/\/www.reddit.com\/r\/Terraform\/comments\/doqzrw\/monitoring_advice_needed\/"
            },
            {
                "title": "overview for 2seem",
                "title_link": "https:\/\/www.reddit.com\/user\/2seem",
                "text": "The u\/2seem community on Reddit. Reddit gives you the best of the internet in one place.",
                "fallback": "overview for 2seem",
                "from_url": "https:\/\/www.reddit.com\/user\/2seem",
                "service_icon": "http:\/\/www.redditstatic.com\/desktop2x\/img\/favicon\/apple-icon-57x57.png",
                "service_name": "reddit.com",
                "id": 2,
                "original_url": "https:\/\/www.reddit.com\/user\/2seem"
            }
        ]
    },
    {
        "type": "message",
        "subtype": "bot_message",
        "text": "<https:\/\/www.reddit.com\/r\/Terraform\/comments\/dos3rq\/open_source_terragrunt_modules\/|Open source terragrunt modules?>\nI'm playing around with terragrunt and really liking it. Are there any open source public modules? Stuff like AWS VPC configuration that you can reference and just provide the inputs for. Seems like there's quite a large scope for creating public modules to do generic aws (insert prov of choice) tasks.    submitted by   <https:\/\/www.reddit.com\/user\/eosph| \/u\/eosph > \n<https:\/\/www.reddit.com\/r\/Terraform\/comments\/dos3rq\/open_source_terragrunt_modules\/|[link]>   &lt;a...",
        "ts": "1572366405.017800",
        "username": "Terraform ALL the Worlds!",
        "icons": {
            "image_48": "https:\/\/s3-us-west-2.amazonaws.com\/slack-files2\/bot_icons\/2019-02-12\/548785199618_48.png"
        },
        "bot_id": "BG3N7LG73",
        "attachments": [
            {
                "service_name": "reddit",
                "title": "Open source terragrunt modules?",
                "title_link": "https:\/\/www.reddit.com\/r\/Terraform\/comments\/dos3rq\/open_source_terragrunt_modules\/",
                "text": "I'm playing around with terragrunt and really liking it. Are there any open source public modules? Stuff like AWS VPC configuration that you can...",
                "fallback": "reddit: Open source terragrunt modules?",
                "thumb_url": "https:\/\/www.redditstatic.com\/new-icon.png",
                "from_url": "https:\/\/www.reddit.com\/r\/Terraform\/comments\/dos3rq\/open_source_terragrunt_modules\/",
                "thumb_width": 256,
                "thumb_height": 256,
                "service_icon": "http:\/\/www.redditstatic.com\/desktop2x\/img\/favicon\/apple-icon-57x57.png",
                "id": 1,
                "original_url": "https:\/\/www.reddit.com\/r\/Terraform\/comments\/dos3rq\/open_source_terragrunt_modules\/"
            },
            {
                "title": "overview for eosph",
                "title_link": "https:\/\/www.reddit.com\/user\/eosph",
                "text": "The u\/eosph community on Reddit. Reddit gives you the best of the internet in one place.",
                "fallback": "overview for eosph",
                "from_url": "https:\/\/www.reddit.com\/user\/eosph",
                "service_icon": "http:\/\/www.redditstatic.com\/desktop2x\/img\/favicon\/apple-icon-57x57.png",
                "service_name": "reddit.com",
                "id": 2,
                "original_url": "https:\/\/www.reddit.com\/user\/eosph"
            }
        ]
    },
    {
        "type": "message",
        "subtype": "bot_message",
        "text": "<https:\/\/www.reddit.com\/r\/Terraform\/comments\/dowp7s\/security_scanner_for_terraform_012_currently_aws\/|Security scanner for Terraform 0.12 (currently AWS only)>\nsubmitted by   <https:\/\/www.reddit.com\/user\/pope_friction| \/u\/pope_friction > \n<https:\/\/github.com\/liamg\/tfsec|[link]>   <https:\/\/www.reddit.com\/r\/Terraform\/comments\/dowp7s\/security_scanner_for_terraform_012_currently_aws\/|[comments]>",
        "ts": "1572385305.018000",
        "username": "Terraform ALL the Worlds!",
        "icons": {
            "image_48": "https:\/\/s3-us-west-2.amazonaws.com\/slack-files2\/bot_icons\/2019-02-12\/548785199618_48.png"
        },
        "bot_id": "BG3N7LG73",
        "attachments": [
            {
                "service_name": "reddit",
                "title": "Security scanner for Terraform 0.12 (currently AWS only)",
                "title_link": "https:\/\/www.reddit.com\/r\/Terraform\/comments\/dowp7s\/security_scanner_for_terraform_012_currently_aws\/",
                "text": "Posted in r\/Terraform by u\/pope_friction • 2 points and 1 comment",
                "fallback": "reddit: Security scanner for Terraform 0.12 (currently AWS only)",
                "thumb_url": "https:\/\/b.thumbs.redditmedia.com\/3Veg4yk4tU2fI_ygG-uVg17Zat3s9eI6tGISughuYlI.jpg",
                "from_url": "https:\/\/www.reddit.com\/r\/Terraform\/comments\/dowp7s\/security_scanner_for_terraform_012_currently_aws\/",
                "thumb_width": 140,
                "thumb_height": 140,
                "service_icon": "http:\/\/www.redditstatic.com\/desktop2x\/img\/favicon\/apple-icon-57x57.png",
                "id": 1,
                "original_url": "https:\/\/www.reddit.com\/r\/Terraform\/comments\/dowp7s\/security_scanner_for_terraform_012_currently_aws\/"
            },
            {
                "title": "overview for pope_friction",
                "title_link": "https:\/\/www.reddit.com\/user\/pope_friction",
                "text": "The u\/pope_friction community on Reddit. Reddit gives you the best of the internet in one place.",
                "fallback": "overview for pope_friction",
                "from_url": "https:\/\/www.reddit.com\/user\/pope_friction",
                "service_icon": "http:\/\/www.redditstatic.com\/desktop2x\/img\/favicon\/apple-icon-57x57.png",
                "service_name": "reddit.com",
                "id": 2,
                "original_url": "https:\/\/www.reddit.com\/user\/pope_friction"
            },
            {
                "service_name": "GitHub",
                "title": "liamg\/tfsec",
                "title_link": "https:\/\/github.com\/liamg\/tfsec",
                "text": ":lock: Static analysis powered security scanner for your terraform code :lock: - liamg\/tfsec",
                "fallback": "GitHub: liamg\/tfsec",
                "thumb_url": "https:\/\/avatars0.githubusercontent.com\/u\/1187060?s=400&v=4",
                "from_url": "https:\/\/github.com\/liamg\/tfsec",
                "thumb_width": 140,
                "thumb_height": 140,
                "service_icon": "https:\/\/a.slack-edge.com\/80588\/img\/unfurl_icons\/github.png",
                "id": 3,
                "original_url": "https:\/\/github.com\/liamg\/tfsec"
            }
        ]
    },
    {
        "type": "message",
        "subtype": "bot_message",
        "text": "<https:\/\/dev.classmethod.jp\/cloud\/aws\/terraform-self-refactoring\/|実録！Terraform セルフリファクタリング>\nこんにちは！大阪オフィスのかずえです。今回は、自分で書いたTerraformコードがイマイチだったのでセルフリファクタリングしてみた過程を共有したいと思います。 ぜひ「こうすればもっと良くなるよ」といったご意見ください！ […]",
        "ts": "1572392456.018200",
        "username": "Terraform – DevelopersIO",
        "icons": {
            "image_36": "https:\/\/a.slack-edge.com\/80588\/img\/services\/rss_36.png",
            "image_48": "https:\/\/a.slack-edge.com\/80588\/img\/services\/rss_48.png",
            "image_72": "https:\/\/a.slack-edge.com\/80588\/img\/services\/rss_72.png"
        },
        "bot_id": "BG3N7LG73",
        "attachments": [
            {
                "service_name": "DevelopersIO | クラスメソッド発「やってみた」系技術メディア",
                "title": "実録！Terraform セルフリファクタリング | DevelopersIO",
                "title_link": "https:\/\/dev.classmethod.jp\/cloud\/aws\/terraform-self-refactoring\/",
                "text": "こんにちは！大阪オフィスのかずえです。今回は、自分で書いたTerraformコードがイマイチだったのでセルフリファクタリングしてみた過程を共有したいと思います。 ぜひ「こうすればもっと良くなるよ」といったご意見ください！ […]",
                "fallback": "DevelopersIO | クラスメソッド発「やってみた」系技術メディア: 実録！Terraform セルフリファクタリング | DevelopersIO",
                "image_url": "https:\/\/cdn-ssl-devio-img.classmethod.jp\/wp-content\/uploads\/2019\/05\/terraform-eyecatch.png",
                "from_url": "https:\/\/dev.classmethod.jp\/cloud\/aws\/terraform-self-refactoring\/",
                "image_width": 476,
                "image_height": 250,
                "image_bytes": 9824,
                "service_icon": "https:\/\/cdn-ssl-devio-img.classmethod.jp\/wp-content\/uploads\/2017\/07\/icatch2017.png",
                "id": 1,
                "original_url": "https:\/\/dev.classmethod.jp\/cloud\/aws\/terraform-self-refactoring\/"
            }
        ]
    },
    {
        "type": "message",
        "subtype": "bot_message",
        "text": "<https:\/\/www.reddit.com\/r\/Terraform\/comments\/doyy8k\/terraform_cicd_pipeline\/|Terraform + CI\/CD Pipeline>\nI've been tasked with imagining an Infra-as-Code pipeline using Terraform. There are no other constraints - other than Ansible for config management.  Where would one go to learn how to go about building a CI\/CD pipeline for Terraform? We've considered doing it with native AWS services but Azure is also an option. Thanks for any pointers on how to get up to speed.    submitted by   <https:\/\/www.reddit.com\/user\/PersonalSherbert| \/u\/PersonalSherbert > \n&lt;a...",
        "ts": "1572394905.018400",
        "username": "Terraform ALL the Worlds!",
        "icons": {
            "image_48": "https:\/\/s3-us-west-2.amazonaws.com\/slack-files2\/bot_icons\/2019-02-12\/548785199618_48.png"
        },
        "bot_id": "BG3N7LG73",
        "attachments": [
            {
                "service_name": "reddit",
                "title": "Terraform + CI\/CD Pipeline",
                "title_link": "https:\/\/www.reddit.com\/r\/Terraform\/comments\/doyy8k\/terraform_cicd_pipeline\/",
                "text": "I've been tasked with imagining an Infra-as-Code pipeline using Terraform. There are no other constraints - other than Ansible for config...",
                "fallback": "reddit: Terraform + CI\/CD Pipeline",
                "thumb_url": "https:\/\/www.redditstatic.com\/new-icon.png",
                "from_url": "https:\/\/www.reddit.com\/r\/Terraform\/comments\/doyy8k\/terraform_cicd_pipeline\/",
                "thumb_width": 256,
                "thumb_height": 256,
                "service_icon": "http:\/\/www.redditstatic.com\/desktop2x\/img\/favicon\/apple-icon-57x57.png",
                "id": 1,
                "original_url": "https:\/\/www.reddit.com\/r\/Terraform\/comments\/doyy8k\/terraform_cicd_pipeline\/"
            },
            {
                "title": "overview for PersonalSherbert",
                "title_link": "https:\/\/www.reddit.com\/user\/PersonalSherbert",
                "text": "--Reach out and touch Sherman--.",
                "fallback": "overview for PersonalSherbert",
                "from_url": "https:\/\/www.reddit.com\/user\/PersonalSherbert",
                "service_icon": "http:\/\/www.redditstatic.com\/desktop2x\/img\/favicon\/apple-icon-57x57.png",
                "service_name": "reddit.com",
                "id": 2,
                "original_url": "https:\/\/www.reddit.com\/user\/PersonalSherbert"
            }
        ]
    },
    {
        "type": "message",
        "subtype": "bot_message",
        "text": "<https:\/\/qiita.com\/toripiyo\/items\/221f1f8443edd205d0af|terraform>\n<https:\/\/qiita.com\/#trouble-shooting>trouble shooting\n\n\n<https:\/\/qiita.com\/#unsupported-attribute-proxy_configuration>unsupported attribute \"proxy_configuration\"\n\nwhen terraform plan shows below error message, upgrade aws provider by terraform init -upgrade.\nError: unsupported attribute \"proxy_configuration\"\nError: unsupported attribute \"proxy_configuration\"\nError: unsupported attribute \"proxy_configuration\"\nError: unsupported attribute \"setting\"",
        "ts": "1572403306.018600",
        "username": "Terraformタグが付けられた新着記事 - Qiita",
        "icons": {
            "image_36": "https:\/\/a.slack-edge.com\/80588\/img\/services\/rss_36.png",
            "image_48": "https:\/\/a.slack-edge.com\/80588\/img\/services\/rss_48.png",
            "image_72": "https:\/\/a.slack-edge.com\/80588\/img\/services\/rss_72.png"
        },
        "bot_id": "BG3N7LG73",
        "attachments": [
            {
                "service_name": "Qiita",
                "title": "terraform - Qiita",
                "title_link": "https:\/\/qiita.com\/toripiyo\/items\/221f1f8443edd205d0af",
                "text": "# trouble shooting ## unsupported attribute &amp;quot;proxy_configuration&amp;quot; - when `terraform plan` shows below error...",
                "fallback": "Qiita: terraform - Qiita",
                "thumb_url": "https:\/\/cdn.qiita.com\/assets\/qiita-fb-2887e7b4aad86fd8c25cea84846f2236.png",
                "from_url": "https:\/\/qiita.com\/toripiyo\/items\/221f1f8443edd205d0af",
                "thumb_width": 200,
                "thumb_height": 200,
                "service_icon": "https:\/\/cdn.qiita.com\/assets\/favicons\/public\/apple-touch-icon-f9a6afad761ec2306e10db2736187c8b.png",
                "id": 1,
                "original_url": "https:\/\/qiita.com\/toripiyo\/items\/221f1f8443edd205d0af"
            },
            {
                "service_name": "Qiita",
                "title": "プログラマの技術情報共有サービス - Qiita",
                "title_link": "https:\/\/qiita.com\/#trouble-shooting",
                "text": "Qiitaは、プログラマのための技術情報共有サービスです。 プログラミングに関するTips、ノウハウ、メモを簡単に記録 &amp; 公開することができます。",
                "fallback": "Qiita: プログラマの技術情報共有サービス - Qiita",
                "thumb_url": "https:\/\/cdn.qiita.com\/assets\/qiita-fb-2887e7b4aad86fd8c25cea84846f2236.png",
                "from_url": "https:\/\/qiita.com\/#trouble-shooting",
                "thumb_width": 200,
                "thumb_height": 200,
                "service_icon": "https:\/\/cdn.qiita.com\/assets\/favicons\/public\/apple-touch-icon-f9a6afad761ec2306e10db2736187c8b.png",
                "id": 2,
                "original_url": "https:\/\/qiita.com\/#trouble-shooting"
            },
            {
                "service_name": "Qiita",
                "title": "プログラマの技術情報共有サービス - Qiita",
                "title_link": "https:\/\/qiita.com\/#unsupported-attribute-proxy_configuration",
                "text": "Qiitaは、プログラマのための技術情報共有サービスです。 プログラミングに関するTips、ノウハウ、メモを簡単に記録 &amp; 公開することができます。",
                "fallback": "Qiita: プログラマの技術情報共有サービス - Qiita",
                "thumb_url": "https:\/\/cdn.qiita.com\/assets\/qiita-fb-2887e7b4aad86fd8c25cea84846f2236.png",
                "from_url": "https:\/\/qiita.com\/#unsupported-attribute-proxy_configuration",
                "thumb_width": 200,
                "thumb_height": 200,
                "service_icon": "https:\/\/cdn.qiita.com\/assets\/favicons\/public\/apple-touch-icon-f9a6afad761ec2306e10db2736187c8b.png",
                "id": 3,
                "original_url": "https:\/\/qiita.com\/#unsupported-attribute-proxy_configuration"
            }
        ]
    }
]