[
    {
        "type": "message",
        "subtype": "bot_message",
        "text": "<https:\/\/www.reddit.com\/r\/Terraform\/comments\/di7zw0\/terraform_up_and_running_writing_infrastructure\/|Terraform: Up and Running: Writing Infrastructure as Code now 39% off>\nsubmitted by   <https:\/\/www.reddit.com\/user\/Fortsmaper04| \/u\/Fortsmaper04 > \n&lt;a...",
        "ts": "1571146603.005500",
        "username": "Terraform ALL the Worlds!",
        "icons": {
            "image_48": "https:\/\/s3-us-west-2.amazonaws.com\/slack-files2\/bot_icons\/2019-02-12\/548785199618_48.png"
        },
        "bot_id": "BG3N7LG73",
        "attachments": [
            {
                "service_name": "reddit",
                "title": "Terraform: Up and Running: Writing Infrastructure as Code now 39% off",
                "title_link": "https:\/\/www.reddit.com\/r\/Terraform\/comments\/di7zw0\/terraform_up_and_running_writing_infrastructure\/",
                "text": "Posted in r\/Terraform by u\/Fortsmaper04 • 1 point and 0 comments",
                "fallback": "reddit: Terraform: Up and Running: Writing Infrastructure as Code now 39% off",
                "thumb_url": "https:\/\/b.thumbs.redditmedia.com\/-lKB59ZY8uqTh-Oic4gYXXL4fvppkcoEcpB8C98C5kc.jpg",
                "from_url": "https:\/\/www.reddit.com\/r\/Terraform\/comments\/di7zw0\/terraform_up_and_running_writing_infrastructure\/",
                "thumb_width": 140,
                "thumb_height": 140,
                "service_icon": "http:\/\/www.redditstatic.com\/desktop2x\/img\/favicon\/apple-icon-57x57.png",
                "id": 1,
                "original_url": "https:\/\/www.reddit.com\/r\/Terraform\/comments\/di7zw0\/terraform_up_and_running_writing_infrastructure\/"
            },
            {
                "title": "overview for Fortsmaper04",
                "title_link": "https:\/\/www.reddit.com\/user\/Fortsmaper04",
                "text": "The u_Fortsmaper04 community on Reddit. Reddit gives you the best of the internet in one place.",
                "fallback": "overview for Fortsmaper04",
                "from_url": "https:\/\/www.reddit.com\/user\/Fortsmaper04",
                "service_icon": "http:\/\/www.redditstatic.com\/desktop2x\/img\/favicon\/apple-icon-57x57.png",
                "service_name": "reddit.com",
                "id": 2,
                "original_url": "https:\/\/www.reddit.com\/user\/Fortsmaper04"
            }
        ]
    },
    {
        "type": "message",
        "subtype": "bot_message",
        "text": "<https:\/\/www.reddit.com\/r\/Terraform\/comments\/digl0o\/how_to_create_a_new_ec2_instance_every_apply\/|How to create a new EC2 Instance every apply>\nAs the title says, I have been using Terraform successfully for the last year, in order to create development environments for my software company. So far, the environments are pretty complex, but they are rarely destroyed. Now, I have been tasked with the following: ​ I need to create an EC2 Instance testbed for any developer that requires it, which will be triggered through Jenkins. This is the easy part, and it has now been completed. If any other developer requires the same, he\/she should...",
        "ts": "1571182898.005700",
        "username": "Terraform ALL the Worlds!",
        "icons": {
            "image_48": "https:\/\/s3-us-west-2.amazonaws.com\/slack-files2\/bot_icons\/2019-02-12\/548785199618_48.png"
        },
        "bot_id": "BG3N7LG73",
        "attachments": [
            {
                "service_name": "reddit",
                "title": "How to create a new EC2 Instance every apply",
                "title_link": "https:\/\/www.reddit.com\/r\/Terraform\/comments\/digl0o\/how_to_create_a_new_ec2_instance_every_apply\/",
                "text": "As the title says, I have been using Terraform successfully for the last year, in order to create development environments for my software...",
                "fallback": "reddit: How to create a new EC2 Instance every apply",
                "thumb_url": "https:\/\/www.redditstatic.com\/new-icon.png",
                "from_url": "https:\/\/www.reddit.com\/r\/Terraform\/comments\/digl0o\/how_to_create_a_new_ec2_instance_every_apply\/",
                "thumb_width": 256,
                "thumb_height": 256,
                "service_icon": "http:\/\/www.redditstatic.com\/desktop2x\/img\/favicon\/apple-icon-57x57.png",
                "id": 1,
                "original_url": "https:\/\/www.reddit.com\/r\/Terraform\/comments\/digl0o\/how_to_create_a_new_ec2_instance_every_apply\/"
            }
        ]
    },
    {
        "type": "message",
        "subtype": "bot_message",
        "text": "<https:\/\/www.reddit.com\/r\/Terraform\/comments\/digs2r\/azure_webapp_ip_restriction_dynamic_block_help\/|Azure WebApp ip_restriction dynamic block help>\nI'm trying to whitelist a list of IP addresses I have in a yaml file and present it in a dynamic block for an Azure WebApp. I'm sure my issue is with basic understanding of the for and foreach concepts but I'm hoping I can get some guidance here.  This is my input file:  ip_restrictions:\n- allowed:\nip_address: 192.168.1.1\nsubnet_mask: 255.255.255.255\n- allowed1:\nip_address: 192.168.10.1\nsubnet_mask: 255.255.255.252 I was just trying to get the mapping to work properly inside of terraform so I...",
        "ts": "1571183799.005900",
        "username": "Terraform ALL the Worlds!",
        "icons": {
            "image_48": "https:\/\/s3-us-west-2.amazonaws.com\/slack-files2\/bot_icons\/2019-02-12\/548785199618_48.png"
        },
        "bot_id": "BG3N7LG73",
        "attachments": [
            {
                "service_name": "reddit",
                "title": "Azure WebApp ip_restriction dynamic block help",
                "title_link": "https:\/\/www.reddit.com\/r\/Terraform\/comments\/digs2r\/azure_webapp_ip_restriction_dynamic_block_help\/",
                "text": "I'm trying to whitelist a list of IP addresses I have in a yaml file and present it in a dynamic block for an Azure WebApp. I'm sure my issue is...",
                "fallback": "reddit: Azure WebApp ip_restriction dynamic block help",
                "thumb_url": "https:\/\/www.redditstatic.com\/new-icon.png",
                "from_url": "https:\/\/www.reddit.com\/r\/Terraform\/comments\/digs2r\/azure_webapp_ip_restriction_dynamic_block_help\/",
                "thumb_width": 256,
                "thumb_height": 256,
                "service_icon": "http:\/\/www.redditstatic.com\/desktop2x\/img\/favicon\/apple-icon-57x57.png",
                "id": 1,
                "original_url": "https:\/\/www.reddit.com\/r\/Terraform\/comments\/digs2r\/azure_webapp_ip_restriction_dynamic_block_help\/"
            }
        ]
    }
]