[
    {
        "client_msg_id": "7c54c7f1-a9c2-4b74-bb23-3bda3790a99a",
        "type": "message",
        "text": "<https:\/\/blog.gruntwork.io\/terraform-up-running-2nd-edition-early-release-is-now-available-b104fc29783f>",
        "user": "UFU0BKD8F",
        "ts": "1562688086.037900",
        "team": "TFU0BKCQP",
        "user_team": "TFU0BKCQP",
        "source_team": "TFU0BKCQP",
        "user_profile": {
            "avatar_hash": "92c41c62c7b0",
            "image_72": "https:\/\/avatars.slack-edge.com\/2019-01-30\/537137791812_92c41c62c7b0f054d3dd_72.jpg",
            "first_name": "らき",
            "real_name": "らき",
            "display_name": "raki",
            "team": "TFU0BKCQP",
            "name": "nishimuray",
            "is_restricted": false,
            "is_ultra_restricted": false
        },
        "attachments": [
            {
                "service_name": "Gruntwork",
                "title": "Terraform: Up &amp; Running, 2nd edition Early Release is now available!",
                "title_link": "https:\/\/blog.gruntwork.io\/terraform-up-running-2nd-edition-early-release-is-now-available-b104fc29783f",
                "text": "Learn the top 10 problems that have been fixed in Terraform since the 1st edition",
                "fallback": "Gruntwork: Terraform: Up &amp; Running, 2nd edition Early Release is now available!",
                "image_url": "https:\/\/cdn-images-1.medium.com\/max\/1200\/1*2S_JIyhJLjxldhc13kU3TA.png",
                "fields": [
                    {
                        "title": "Reading time",
                        "value": "15 min read",
                        "short": true
                    }
                ],
                "ts": 1562601232,
                "from_url": "https:\/\/blog.gruntwork.io\/terraform-up-running-2nd-edition-early-release-is-now-available-b104fc29783f",
                "image_width": 190,
                "image_height": 250,
                "image_bytes": 301465,
                "service_icon": "https:\/\/cdn-images-1.medium.com\/fit\/c\/304\/304\/1*CS7twEKsOTke8SgTpYND2g.png",
                "id": 1,
                "original_url": "https:\/\/blog.gruntwork.io\/terraform-up-running-2nd-edition-early-release-is-now-available-b104fc29783f"
            }
        ],
        "thread_ts": "1562688086.037900",
        "reply_count": 1,
        "reply_users_count": 1,
        "latest_reply": "1562736309.038300",
        "reply_users": [
            "UFTKSQ25T"
        ],
        "replies": [
            {
                "user": "UFTKSQ25T",
                "ts": "1562736309.038300"
            }
        ],
        "subscribed": true,
        "last_read": "1562737334.019400",
        "reactions": [
            {
                "name": "sparkles",
                "users": [
                    "UGY9BJ1NF",
                    "UGW0ABZLG",
                    "UJ0HPTBD2"
                ],
                "count": 3
            }
        ]
    },
    {
        "client_msg_id": "77d2f9b9-41f7-423a-8984-4225a2941456",
        "type": "message",
        "text": "0.12で全部書き直したぜ！って読みたい＞＜",
        "user": "UFTKSQ25T",
        "ts": "1562736309.038300",
        "team": "TFU0BKCQP",
        "user_team": "TFU0BKCQP",
        "source_team": "TFU0BKCQP",
        "user_profile": {
            "avatar_hash": "g0bffa2bb65a",
            "image_72": "https:\/\/secure.gravatar.com\/avatar\/10bffa2bb65aa200d991e14d6110f549.jpg?s=72&d=https%3A%2F%2Fa.slack-edge.com%2Fdf10d%2Fimg%2Favatars%2Fava_0016-72.png",
            "first_name": "",
            "real_name": "morihaya",
            "display_name": "",
            "team": "TFU0BKCQP",
            "name": "yukiya.hayashi",
            "is_restricted": false,
            "is_ultra_restricted": false
        },
        "thread_ts": "1562688086.037900",
        "parent_user_id": "UFU0BKD8F"
    }
]