[
    {
        "client_msg_id": "4866a533-95a2-4562-8841-092dfc143d5e",
        "type": "message",
        "text": "読書会の機運？\n<https:\/\/www.amazon.co.jp\/dp\/1492046906\/>",
        "user": "UG46Z57TN",
        "ts": "1562246303.035800",
        "team": "TFU0BKCQP",
        "user_team": "TFU0BKCQP",
        "source_team": "TFU0BKCQP",
        "user_profile": {
            "avatar_hash": "c6bdd4cb17db",
            "image_72": "https:\/\/avatars.slack-edge.com\/2019-07-05\/685991185957_c6bdd4cb17db956661a1_72.jpg",
            "first_name": "Takeshi",
            "real_name": "Takeshi Kondo",
            "display_name": "chaspy",
            "team": "TFU0BKCQP",
            "name": "take.she12",
            "is_restricted": false,
            "is_ultra_restricted": false
        },
        "attachments": [
            {
                "title": "Terraform - Up &amp; Running: Writing Infrastructure As Code",
                "title_link": "https:\/\/www.amazon.co.jp\/dp\/1492046906\/",
                "text": "Terraform - Up &amp; Running: Writing Infrastructure As Code",
                "fallback": "Terraform - Up &amp; Running: Writing Infrastructure As Code",
                "image_url": "https:\/\/images-fe.ssl-images-amazon.com\/images\/I\/517bhW2U4jL._SR600%2c315_PIWhiteStrip%2cBottomLeft%2c0%2c35_PIAmznPrime%2cBottomLeft%2c0%2c-5_SCLZZZZZZZ_.jpg",
                "from_url": "https:\/\/www.amazon.co.jp\/dp\/1492046906\/",
                "image_width": 429,
                "image_height": 250,
                "image_bytes": 23130,
                "service_icon": "https:\/\/www.amazon.co.jp\/favicon.ico",
                "service_name": "amazon.co.jp",
                "id": 1,
                "original_url": "https:\/\/www.amazon.co.jp\/dp\/1492046906\/"
            }
        ],
        "thread_ts": "1562246303.035800",
        "reply_count": 3,
        "reply_users_count": 2,
        "latest_reply": "1562247435.036400",
        "reply_users": [
            "UFU0BKD8F",
            "UG46Z57TN"
        ],
        "replies": [
            {
                "user": "UFU0BKD8F",
                "ts": "1562247380.036000"
            },
            {
                "user": "UG46Z57TN",
                "ts": "1562247398.036200"
            },
            {
                "user": "UG46Z57TN",
                "ts": "1562247435.036400"
            }
        ],
        "subscribed": true,
        "last_read": "1562247435.036400",
        "reactions": [
            {
                "name": "thinking_face",
                "users": [
                    "UHS4SFFA7"
                ],
                "count": 1
            },
            {
                "name": "astonished",
                "users": [
                    "UGW0ABZLG"
                ],
                "count": 1
            }
        ]
    },
    {
        "client_msg_id": "c5c64c22-8e54-4bc9-bfaf-de7bc1784644",
        "type": "message",
        "text": "英語のペーパーバッグで7000円とかコストに見合わぬ。。。_no",
        "user": "UFU0BKD8F",
        "ts": "1562247380.036000",
        "team": "TFU0BKCQP",
        "user_team": "TFU0BKCQP",
        "source_team": "TFU0BKCQP",
        "user_profile": {
            "avatar_hash": "92c41c62c7b0",
            "image_72": "https:\/\/avatars.slack-edge.com\/2019-01-30\/537137791812_92c41c62c7b0f054d3dd_72.jpg",
            "first_name": "らき",
            "real_name": "らき",
            "display_name": "raki",
            "team": "TFU0BKCQP",
            "name": "nishimuray",
            "is_restricted": false,
            "is_ultra_restricted": false
        },
        "thread_ts": "1562246303.035800",
        "parent_user_id": "UG46Z57TN",
        "reactions": [
            {
                "name": "innocent",
                "users": [
                    "UHS4SFFA7",
                    "UGY9BJ1NF",
                    "UGW0ABZLG"
                ],
                "count": 3
            }
        ]
    },
    {
        "client_msg_id": "f649fdd0-02b4-4e86-a7b9-787d306b0398",
        "type": "message",
        "text": "オライリーなのでe-bookでるでしょう",
        "user": "UG46Z57TN",
        "ts": "1562247398.036200",
        "team": "TFU0BKCQP",
        "user_team": "TFU0BKCQP",
        "source_team": "TFU0BKCQP",
        "user_profile": {
            "avatar_hash": "c6bdd4cb17db",
            "image_72": "https:\/\/avatars.slack-edge.com\/2019-07-05\/685991185957_c6bdd4cb17db956661a1_72.jpg",
            "first_name": "Takeshi",
            "real_name": "Takeshi Kondo",
            "display_name": "chaspy",
            "team": "TFU0BKCQP",
            "name": "take.she12",
            "is_restricted": false,
            "is_ultra_restricted": false
        },
        "thread_ts": "1562246303.035800",
        "parent_user_id": "UG46Z57TN"
    },
    {
        "client_msg_id": "29c4c3d5-d9f1-40b2-93f5-8f25f91b20f7",
        "type": "message",
        "text": "safariやめたけどもうearly releaseはでてる\n<http:\/\/shop.oreilly.com\/product\/0636920225010.do>",
        "user": "UG46Z57TN",
        "ts": "1562247435.036400",
        "team": "TFU0BKCQP",
        "user_team": "TFU0BKCQP",
        "source_team": "TFU0BKCQP",
        "user_profile": {
            "avatar_hash": "c6bdd4cb17db",
            "image_72": "https:\/\/avatars.slack-edge.com\/2019-07-05\/685991185957_c6bdd4cb17db956661a1_72.jpg",
            "first_name": "Takeshi",
            "real_name": "Takeshi Kondo",
            "display_name": "chaspy",
            "team": "TFU0BKCQP",
            "name": "take.she12",
            "is_restricted": false,
            "is_ultra_restricted": false
        },
        "attachments": [
            {
                "title": "Terraform: Up &amp; Running",
                "title_link": "http:\/\/shop.oreilly.com\/product\/0636920225010.do",
                "text": "Terraform has become a key player in the DevOps world for defining, launching, and managing infrastructure as code (IAC) across a variety of cloud and virtualization platforms, including Azure, Googl...",
                "fallback": "Terraform: Up &amp; Running",
                "thumb_url": "https:\/\/covers.oreilly.com\/images\/0636920225010\/bkt.gif",
                "from_url": "http:\/\/shop.oreilly.com\/product\/0636920225010.do",
                "thumb_width": 85,
                "thumb_height": 112,
                "service_name": "shop.oreilly.com",
                "id": 1,
                "original_url": "http:\/\/shop.oreilly.com\/product\/0636920225010.do"
            }
        ],
        "thread_ts": "1562246303.035800",
        "parent_user_id": "UG46Z57TN"
    }
]