[
    {
        "type": "message",
        "subtype": "bot_message",
        "text": "",
        "ts": "1624470043.004400",
        "bot_id": "BG2UDF0NA",
        "attachments": [
            {
                "fallback": "cloudposse\/terraform-aws-cloudfront-cdn on GitHub\nv0.21.00.21.0 \nrelease note: <https:\/\/newreleases.io\/github\/cloudposse\/terraform-aws-cloudfront-cdn?version=0.21.0>",
                "text": "*v0.21.0* `0.21.0` \n```\nFix incorrect type declaration @paulerickson (#64)\n\n## what\n\n* Correctly indicate types in variable definition\n\n---\nwhy\n---\n\n* There are number, bool, string, and list attributes, but the type is map , which can only contain values of a single type, so type checking prevents configuring custom_origin_config\n\nexample errors\n--------------\n\nWith explicit tomap Error: Invalid function argument\n on <http:\/\/main.tf|main.tf> line 131, in module \"router\":\n131:       custom_origin_config = tomap({\n132:         http_port                = 80\n133:         https_port               = 443\n134:         origin_protocol_policy   = \"https-only\"\n135:         origin_ssl_protocols     = [\"my\", \"favorite\", \"protocols\"]\n136:         origin_keepalive_timeout = 12345\n137:         origin_read_timeout      = 12345\n138:       })\nInvalid value for \"v\" parameter: cannot convert object to map of any single\ntype.\nWith {} syntax he given value is not suitable for child module variable \"custom_origins\"\ndefined at .terraform\/modules\/router\/variables.tf:322,1-26: element 0:\nattribute \"custom_origin_config\": all map elements must have the same type.\n…\n 81:       custom_origin_config = {\n 82:         http_port                = 80\n 83:         https_port               = 443\n 84:         origin_protocol_policy   = \"https-only\"\n 85:         origin_ssl_protocols     = [\"my\", \"favorite\", \"protocols\"]\n 86:         origin_keepalive_timeout = 12345\n 87:         origin_read_timeout      = 12345\n 88:       }\n…\n```\n<https:\/\/newreleases.io\/github\/cloudposse\/terraform-aws-cloudfront-cdn?version=0.21.0|release note...>",
                "title": "cloudposse\/terraform-aws-cloudfront-cdn on GitHub",
                "id": 1,
                "title_link": "https:\/\/newreleases.io\/github\/cloudposse\/terraform-aws-cloudfront-cdn",
                "mrkdwn_in": [
                    "text"
                ]
            }
        ]
    }
]