[
    {
        "type": "message",
        "subtype": "bot_message",
        "text": "",
        "ts": "1622482842.002000",
        "bot_id": "BG2UDF0NA",
        "attachments": [
            {
                "fallback": "terraform-docs\/terraform-docs on GitHub\nv0.14.0",
                "text": "`v0.14.0`",
                "title": "terraform-docs\/terraform-docs on GitHub",
                "id": 1,
                "title_link": "https:\/\/newreleases.io\/github\/terraform-docs\/terraform-docs",
                "mrkdwn_in": [
                    "text"
                ]
            }
        ]
    },
    {
        "type": "message",
        "subtype": "bot_message",
        "text": "",
        "ts": "1622483274.002100",
        "bot_id": "BG2UDF0NA",
        "attachments": [
            {
                "fallback": "terraform-docs\/terraform-docs on GitHub\nv0.14.0v0.14.0 updated\nrelease note: <https:\/\/newreleases.io\/github\/terraform-docs\/terraform-docs?version=v0.14.0>",
                "text": "*v0.14.0* `v0.14.0` _updated_\n```\n---------\nChangelog\n---------\n\n2f088f2 Add '--html bool' flag and config to Markdown\n90ccb84 Add missing Resource.Mode to plugin-sdk (#493)\nbd32f8c Bump action-homebrew-bump-formula action to v3.8.0\n7327de1 Clarify deprecated settings in the docs (#499)\n6777364 Customize content with individual sections output\nd79abf0 Documentation cosmetic cleanup\n2706df0 Enable CodeQL scanning\n57cf3db Extract provider version from .terraform.lock.hcl\n5df7ff2 Improve Makefile help message\nea34bce Include relative files into generated content\n1e5caea Merge pull request #399 from khos2ow\/codeql\n2cb5fdb Merge pull request #447 from edgarsandi\/better-view-to-source-version\n02d0400 Merge pull request #490 from khos2ow\/check-license\n7ca2750 Merge pull request #491 from khos2ow\/cosmetic-docs\n4fd410b Merge pull request #501 from khos2ow\/release\nfdaa645 Merge pull request #503 from khos2ow\/customized-content\n08cb4f2 Merge pull request #505 from khos2ow\/no-html\nf3be5d2 Merge pull request #506 from khos2ow\/malformed-version\na1bd63b Merge pull request #507 from khos2ow\/go-1.16.4\nb99e642 Merge pull request #509 from khos2ow\/providers-lock-file\n6820b4c Normalize version to prevent malformed error\n6982373 Release version v0.14.0\n0284283 Separate the module version from module source when using ?ref=\n23436be Update release scripts\n7f63260 Update to go1.16.4\n4397fac Validate license header on files on CI\n\n-------------\nDocker images\n-------------\n\n* docker pull <http:\/\/quay.io\/terraform-docs\/terraform-docs:latest|quay.io\/terraform-docs\/terraform-docs:latest>\n\n* docker pull <http:\/\/quay.io\/terraform-docs\/terraform-docs:0.14.0|quay.io\/terraform-docs\/terraform-docs:0.14.0>\n```\n<https:\/\/newreleases.io\/github\/terraform-docs\/terraform-docs?version=v0.14.0|release note...>",
                "title": "terraform-docs\/terraform-docs on GitHub",
                "id": 1,
                "title_link": "https:\/\/newreleases.io\/github\/terraform-docs\/terraform-docs",
                "mrkdwn_in": [
                    "text"
                ]
            }
        ]
    }
]