[
    {
        "type": "message",
        "subtype": "bot_message",
        "text": "",
        "ts": "1623107059.002800",
        "bot_id": "BG2UDF0NA",
        "attachments": [
            {
                "fallback": "cloudposse\/terraform-aws-cloudfront-cdn on GitHub\nv0.20.00.20.0 \nrelease note: <https:\/\/newreleases.io\/github\/cloudposse\/terraform-aws-cloudfront-cdn?version=0.20.0>",
                "text": "*v0.20.0* `0.20.0` \n```\nAdd missing inputs to the wordpress example @evertonevaristo (#62)\n\nThere are two missing properties in the locals dict,\n\ncache_policy_id             = \"\"\norigin_request_policy_id    = \"\"\n\n----\nwhat\n----\n\n* Describe high-level what changed as a result of these commits (i.e. in plain-english, what do these changes mean?)\n\n* Use bullet points to be concise and to the point.\n\n---\nwhy\n---\n\n* Provide the justifications for the changes (e.g. business case).\n\n* Describe why these changes were made (e.g. why do these commits fix the problem?)\n\n* Use bullet points to be concise and to the point.\n\n----------\nreferences\n----------\n\n* Link to any supporting github issues or helpful documentation to add some context (e.g. stackoverflow).\n\n* Use closes #123 , if this PR closes a GitHub issue #123\n```\n<https:\/\/newreleases.io\/github\/cloudposse\/terraform-aws-cloudfront-cdn?version=0.20.0|release note...>",
                "title": "cloudposse\/terraform-aws-cloudfront-cdn on GitHub",
                "id": 1,
                "title_link": "https:\/\/newreleases.io\/github\/cloudposse\/terraform-aws-cloudfront-cdn",
                "mrkdwn_in": [
                    "text"
                ]
            }
        ]
    }
]