[
    {
        "client_msg_id": "7E454584-F225-4BBA-9DE2-990EF28260BC",
        "type": "message",
        "text": "Hashitalks のスライドや動画もまとめてくれてるので拡散お願いしまーす！\n<https:\/\/twitter.com\/szkdash\/status\/1448077958674067457?s=21|https:\/\/twitter.com\/szkdash\/status\/1448077958674067457?s=21>",
        "user": "UG46Z57TN",
        "ts": "1634089192.024500",
        "blocks": [
            {
                "type": "rich_text",
                "block_id": "BlnV",
                "elements": [
                    {
                        "type": "rich_text_section",
                        "elements": [
                            {
                                "type": "text",
                                "text": "Hashitalks のスライドや動画もまとめてくれてるので拡散お願いしまーす！\n"
                            },
                            {
                                "type": "link",
                                "url": "https:\/\/twitter.com\/szkdash\/status\/1448077958674067457?s=21",
                                "text": "https:\/\/twitter.com\/szkdash\/status\/1448077958674067457?s=21"
                            }
                        ]
                    }
                ]
            }
        ],
        "team": "TFU0BKCQP",
        "user_team": "TFU0BKCQP",
        "source_team": "TFU0BKCQP",
        "user_profile": {
            "avatar_hash": "c6bdd4cb17db",
            "image_72": "https:\/\/avatars.slack-edge.com\/2019-07-05\/685991185957_c6bdd4cb17db956661a1_72.jpg",
            "first_name": "Takeshi",
            "real_name": "Takeshi Kondo",
            "display_name": "chaspy",
            "team": "TFU0BKCQP",
            "name": "take.she12",
            "is_restricted": false,
            "is_ultra_restricted": false
        },
        "attachments": [
            {
                "fallback": "<https:\/\/twitter.com\/szkdash|@szkdash>: 先日の HashiTalks Japan 2021 に関してブログを書きました。\n<https:\/\/quipper.hatenablog.com\/entry\/2021\/10\/13\/080000>",
                "ts": 1634083663,
                "author_name": "Shunsuke Suzuki",
                "author_link": "https:\/\/twitter.com\/szkdash\/status\/1448077958674067457",
                "author_icon": "https:\/\/pbs.twimg.com\/profile_images\/1069042048756441088\/K1D99J70_normal.jpg",
                "author_subname": "@szkdash",
                "text": "先日の HashiTalks Japan 2021 に関してブログを書きました。\n<https:\/\/quipper.hatenablog.com\/entry\/2021\/10\/13\/080000>",
                "service_name": "twitter",
                "service_url": "https:\/\/twitter.com\/",
                "from_url": "https:\/\/twitter.com\/szkdash\/status\/1448077958674067457?s=21",
                "id": 1,
                "original_url": "https:\/\/twitter.com\/szkdash\/status\/1448077958674067457?s=21",
                "footer": "Twitter",
                "footer_icon": "https:\/\/a.slack-edge.com\/80588\/img\/services\/twitter_pixel_snapped_32.png"
            }
        ],
        "reactions": [
            {
                "name": "raised_hands",
                "users": [
                    "U01DX2J904V",
                    "U02D4NMPQ9X",
                    "UR8TR0GA3",
                    "U029HDK176Y",
                    "UGW0ABZLG",
                    "U02GC50AYE9"
                ],
                "count": 6
            }
        ]
    }
]