[
    {
        "type": "message",
        "subtype": "bot_message",
        "text": "",
        "ts": "1597942173.000100",
        "bot_id": "BG2UDF0NA",
        "attachments": [
            {
                "fallback": "terraform-providers\/terraform-provider-azurerm on GitHub\nv2.24.0",
                "text": "`v2.24.0`",
                "title": "terraform-providers\/terraform-provider-azurerm on GitHub",
                "id": 1,
                "title_link": "https:\/\/newreleases.io\/github\/terraform-providers\/terraform-provider-azurerm",
                "mrkdwn_in": [
                    "text"
                ]
            }
        ]
    },
    {
        "type": "message",
        "subtype": "bot_message",
        "text": "",
        "ts": "1597945485.000200",
        "bot_id": "BG2UDF0NA",
        "attachments": [
            {
                "fallback": "terraform-providers\/terraform-provider-azurerm on GitHub\nv2.24.0v2.24.0 updated\nrelease note: <https:\/\/newreleases.io\/github\/terraform-providers\/terraform-provider-azurerm?version=v2.24.0>",
                "text": "*v2.24.0* `v2.24.0` _updated_\n<https:\/\/newreleases.io\/github\/terraform-providers\/terraform-provider-azurerm?version=v2.24.0|release note...>",
                "title": "terraform-providers\/terraform-provider-azurerm on GitHub",
                "id": 1,
                "title_link": "https:\/\/newreleases.io\/github\/terraform-providers\/terraform-provider-azurerm",
                "mrkdwn_in": [
                    "text"
                ]
            }
        ]
    },
    {
        "type": "message",
        "subtype": "bot_message",
        "text": "",
        "ts": "1597950805.000300",
        "bot_id": "BG2UDF0NA",
        "attachments": [
            {
                "fallback": "terraform-aws-modules\/terraform-aws-security-group on GitHub\nv3.16.0",
                "text": "`v3.16.0`",
                "title": "terraform-aws-modules\/terraform-aws-security-group on GitHub",
                "id": 1,
                "title_link": "https:\/\/newreleases.io\/github\/terraform-aws-modules\/terraform-aws-security-group",
                "mrkdwn_in": [
                    "text"
                ]
            }
        ]
    },
    {
        "type": "message",
        "subtype": "bot_message",
        "text": "",
        "ts": "1597958939.000400",
        "bot_id": "BG2UDF0NA",
        "attachments": [
            {
                "fallback": "terraform-providers\/terraform-provider-aws on GitHub\nv3.3.0",
                "text": "`v3.3.0`",
                "title": "terraform-providers\/terraform-provider-aws on GitHub",
                "id": 1,
                "title_link": "https:\/\/newreleases.io\/github\/terraform-providers\/terraform-provider-aws",
                "mrkdwn_in": [
                    "text"
                ]
            }
        ]
    },
    {
        "type": "message",
        "subtype": "bot_message",
        "text": "",
        "ts": "1597966427.000500",
        "bot_id": "BG2UDF0NA",
        "attachments": [
            {
                "fallback": "terraform-providers\/terraform-provider-aws on GitHub\nv3.3.0v3.3.0 updated\nrelease note: <https:\/\/newreleases.io\/github\/terraform-providers\/terraform-provider-aws?version=v3.3.0>",
                "text": "*v3.3.0* `v3.3.0` _updated_\n<https:\/\/newreleases.io\/github\/terraform-providers\/terraform-provider-aws?version=v3.3.0|release note...>",
                "title": "terraform-providers\/terraform-provider-aws on GitHub",
                "id": 1,
                "title_link": "https:\/\/newreleases.io\/github\/terraform-providers\/terraform-provider-aws",
                "mrkdwn_in": [
                    "text"
                ]
            }
        ]
    }
]