[
    {
        "type": "message",
        "subtype": "bot_message",
        "text": "",
        "ts": "1596957039.035600",
        "bot_id": "BG2UDF0NA",
        "attachments": [
            {
                "fallback": "hashicorp\/consul on GitHub\nv1.8.2v1.8.2 \nrelease note: <https:\/\/newreleases.io\/github\/hashicorp\/consul?version=v1.8.2>",
                "text": "*v1.8.2* `v1.8.2` \n```\n-----------------------\n1.8.2 (August 07, 2020)\n-----------------------\n\nBUGFIXES:\n\n* auto_config: Fixed an issue where auto-config could be enabled in secondary DCs without enabling token replication when ACLs were enabled. [ GH-8451 ( <https:\/\/github.com\/hashicorp\/consul\/pull\/8451> ) ]\n\n* xds: revert setting set_node_on_first_message_only to true when generating envoy bootstrap config [ GH-8440 ( <https:\/\/github.com\/hashicorp\/consul\/issues\/8440> ) ]\n```\n<https:\/\/newreleases.io\/github\/hashicorp\/consul?version=v1.8.2|release note...>",
                "title": "hashicorp\/consul on GitHub",
                "id": 1,
                "title_link": "https:\/\/newreleases.io\/github\/hashicorp\/consul",
                "mrkdwn_in": [
                    "text"
                ]
            }
        ]
    }
]