[
    {
        "type": "message",
        "subtype": "bot_message",
        "text": "",
        "ts": "1598166368.000600",
        "bot_id": "BG2UDF0NA",
        "attachments": [
            {
                "fallback": "terraform-linters\/tflint on GitHub\nv0.19.1",
                "text": "`v0.19.1`",
                "title": "terraform-linters\/tflint on GitHub",
                "id": 1,
                "title_link": "https:\/\/newreleases.io\/github\/terraform-linters\/tflint",
                "mrkdwn_in": [
                    "text"
                ]
            }
        ]
    },
    {
        "type": "message",
        "subtype": "bot_message",
        "text": "",
        "ts": "1598167589.000700",
        "bot_id": "BG2UDF0NA",
        "attachments": [
            {
                "fallback": "terraform-linters\/tflint on GitHub\nv0.19.1v0.19.1 updated\nrelease note: <https:\/\/newreleases.io\/github\/terraform-linters\/tflint?version=v0.19.1>",
                "text": "*v0.19.1* `v0.19.1` _updated_\n```\n-------------------\n0.19.1 (2020-08-23)\n-------------------\n\nGPG key ID: 8CE69160EB3F2FE9\n\nEnhancements\n------------\n\n* #870 ( <https:\/\/github.com\/terraform-linters\/tflint\/pull\/860> ) : Support custom formats in terraform_naming_convention rule ( @angelyan ( <https:\/\/github.com\/angelyan> ) )\n\n* #885 ( <https:\/\/github.com\/terraform-linters\/tflint\/pull\/885> ) : plugin: Clarify plugin’s incompatible API version errors ( @wata727 ( <https:\/\/github.com\/wata727> ) )\n\nBugFixes\n--------\n\n* #884 ( <https:\/\/github.com\/terraform-linters\/tflint\/pull\/884> ) : terraform_rules: Add workaround for skipping child modules inspection ( @wata727 ( <https:\/\/github.com\/wata727> ) )\n```\n<https:\/\/newreleases.io\/github\/terraform-linters\/tflint?version=v0.19.1|release note...>",
                "title": "terraform-linters\/tflint on GitHub",
                "id": 1,
                "title_link": "https:\/\/newreleases.io\/github\/terraform-linters\/tflint",
                "mrkdwn_in": [
                    "text"
                ]
            }
        ]
    }
]