[
    {
        "bot_id": "BH12QQBB4",
        "type": "message",
        "text": "",
        "user": "UGYL7FUBA",
        "ts": "1596556041.033200",
        "team": "TFU0BKCQP",
        "bot_profile": {
            "id": "BH12QQBB4",
            "deleted": true,
            "name": "GitHub (Legacy)",
            "updated": 1618536826,
            "app_id": "A8GBNUWU8",
            "icons": {
                "image_36": "https:\/\/slack-files2.s3-us-west-2.amazonaws.com\/avatars\/2017-12-19\/288981919427_f45f04edd92902a96859_36.png",
                "image_48": "https:\/\/slack-files2.s3-us-west-2.amazonaws.com\/avatars\/2017-12-19\/288981919427_f45f04edd92902a96859_48.png",
                "image_72": "https:\/\/slack-files2.s3-us-west-2.amazonaws.com\/avatars\/2017-12-19\/288981919427_f45f04edd92902a96859_72.png"
            },
            "team_id": "TFU0BKCQP"
        },
        "attachments": [
            {
                "author_name": "officel",
                "fallback": "[terraformjp\/terraformjp.github.io] #12 fix: slack link",
                "pretext": "Pull request opened by officel",
                "title": "#12 fix: slack link",
                "footer": "<https:\/\/github.com\/terraformjp\/terraformjp.github.io|terraformjp\/terraformjp.github.io>",
                "id": 1,
                "title_link": "https:\/\/github.com\/terraformjp\/terraformjp.github.io\/pull\/12",
                "author_link": "https:\/\/github.com\/officel",
                "author_icon": "https:\/\/avatars0.githubusercontent.com\/u\/110354?v=4",
                "footer_icon": "https:\/\/github.githubassets.com\/favicon.ico",
                "ts": 1596556038,
                "color": "36a64f",
                "mrkdwn_in": [
                    "text"
                ]
            }
        ]
    },
    {
        "bot_id": "BH12QQBB4",
        "type": "message",
        "text": "",
        "user": "UGYL7FUBA",
        "ts": "1596556053.033300",
        "team": "TFU0BKCQP",
        "bot_profile": {
            "id": "BH12QQBB4",
            "deleted": true,
            "name": "GitHub (Legacy)",
            "updated": 1618536826,
            "app_id": "A8GBNUWU8",
            "icons": {
                "image_36": "https:\/\/slack-files2.s3-us-west-2.amazonaws.com\/avatars\/2017-12-19\/288981919427_f45f04edd92902a96859_36.png",
                "image_48": "https:\/\/slack-files2.s3-us-west-2.amazonaws.com\/avatars\/2017-12-19\/288981919427_f45f04edd92902a96859_48.png",
                "image_72": "https:\/\/slack-files2.s3-us-west-2.amazonaws.com\/avatars\/2017-12-19\/288981919427_f45f04edd92902a96859_72.png"
            },
            "team_id": "TFU0BKCQP"
        },
        "attachments": [
            {
                "author_name": "officel",
                "fallback": "[terraformjp\/terraformjp.github.io] <https:\/\/github.com\/terraformjp\/terraformjp.github.io\/compare\/6699e5ebcc75...295d89251df0|1 new commit> pushed to <https:\/\/github.com\/terraformjp\/terraformjp.github.io\/tree\/master|`master`>",
                "text": "*<https:\/\/github.com\/terraformjp\/terraformjp.github.io\/compare\/6699e5ebcc75...295d89251df0|1 new commit> pushed to <https:\/\/github.com\/terraformjp\/terraformjp.github.io\/tree\/master|`master`>*\n<https:\/\/github.com\/terraformjp\/terraformjp.github.io\/commit\/295d89251df0c0d03c142b35da7b8b049114e3f3|`295d8925`> - fix: slack link (#12)",
                "footer": "<https:\/\/github.com\/terraformjp\/terraformjp.github.io|terraformjp\/terraformjp.github.io>",
                "id": 1,
                "author_link": "https:\/\/github.com\/officel",
                "author_icon": "https:\/\/avatars0.githubusercontent.com\/u\/110354?v=4",
                "footer_icon": "https:\/\/github.githubassets.com\/favicon.ico",
                "color": "24292f",
                "mrkdwn_in": [
                    "text"
                ]
            }
        ]
    },
    {
        "bot_id": "BH12QQBB4",
        "type": "message",
        "text": "",
        "user": "UGYL7FUBA",
        "ts": "1596556054.033400",
        "team": "TFU0BKCQP",
        "bot_profile": {
            "id": "BH12QQBB4",
            "deleted": true,
            "name": "GitHub (Legacy)",
            "updated": 1618536826,
            "app_id": "A8GBNUWU8",
            "icons": {
                "image_36": "https:\/\/slack-files2.s3-us-west-2.amazonaws.com\/avatars\/2017-12-19\/288981919427_f45f04edd92902a96859_36.png",
                "image_48": "https:\/\/slack-files2.s3-us-west-2.amazonaws.com\/avatars\/2017-12-19\/288981919427_f45f04edd92902a96859_48.png",
                "image_72": "https:\/\/slack-files2.s3-us-west-2.amazonaws.com\/avatars\/2017-12-19\/288981919427_f45f04edd92902a96859_72.png"
            },
            "team_id": "TFU0BKCQP"
        },
        "attachments": [
            {
                "fallback": "[terraformjp\/terraformjp.github.io] #12 fix: slack link",
                "pretext": "Pull request merged by officel",
                "title": "#12 fix: slack link",
                "footer": "<https:\/\/github.com\/terraformjp\/terraformjp.github.io|terraformjp\/terraformjp.github.io>",
                "id": 1,
                "title_link": "https:\/\/github.com\/terraformjp\/terraformjp.github.io\/pull\/12",
                "footer_icon": "https:\/\/github.githubassets.com\/favicon.ico",
                "ts": 1596556038,
                "color": "6f42c1",
                "mrkdwn_in": [
                    "text"
                ]
            }
        ]
    },
    {
        "bot_id": "BH12QQBB4",
        "type": "message",
        "text": "",
        "user": "UGYL7FUBA",
        "ts": "1596556062.033500",
        "team": "TFU0BKCQP",
        "bot_profile": {
            "id": "BH12QQBB4",
            "deleted": true,
            "name": "GitHub (Legacy)",
            "updated": 1618536826,
            "app_id": "A8GBNUWU8",
            "icons": {
                "image_36": "https:\/\/slack-files2.s3-us-west-2.amazonaws.com\/avatars\/2017-12-19\/288981919427_f45f04edd92902a96859_36.png",
                "image_48": "https:\/\/slack-files2.s3-us-west-2.amazonaws.com\/avatars\/2017-12-19\/288981919427_f45f04edd92902a96859_48.png",
                "image_72": "https:\/\/slack-files2.s3-us-west-2.amazonaws.com\/avatars\/2017-12-19\/288981919427_f45f04edd92902a96859_72.png"
            },
            "team_id": "TFU0BKCQP"
        },
        "attachments": [
            {
                "author_name": "github-pages[bot]",
                "fallback": "[terraformjp\/terraformjp.github.io] Successfully deployed 295d892 to github-pages",
                "text": "Successfully deployed <https:\/\/github.com\/terraformjp\/terraformjp.github.io\/commit\/295d89251df0c0d03c142b35da7b8b049114e3f3|`295d892`> to github-pages",
                "footer": "<https:\/\/github.com\/terraformjp\/terraformjp.github.io|terraformjp\/terraformjp.github.io>",
                "id": 1,
                "author_link": "https:\/\/github.com\/apps\/github-pages",
                "author_icon": "https:\/\/avatars1.githubusercontent.com\/u\/9919?v=4",
                "footer_icon": "https:\/\/github.githubassets.com\/favicon.ico",
                "color": "28a745",
                "mrkdwn_in": [
                    "text"
                ]
            }
        ]
    },
    {
        "type": "message",
        "subtype": "bot_message",
        "text": "",
        "ts": "1596558105.033600",
        "bot_id": "BG2UDF0NA",
        "attachments": [
            {
                "fallback": "terraform-providers\/terraform-provider-google on GitHub\nv3.33.0",
                "text": "`v3.33.0`",
                "title": "terraform-providers\/terraform-provider-google on GitHub",
                "id": 1,
                "title_link": "https:\/\/newreleases.io\/github\/terraform-providers\/terraform-provider-google",
                "mrkdwn_in": [
                    "text"
                ]
            }
        ]
    },
    {
        "type": "message",
        "subtype": "bot_message",
        "text": "",
        "ts": "1596559503.033700",
        "bot_id": "BG2UDF0NA",
        "attachments": [
            {
                "fallback": "terraform-providers\/terraform-provider-google on GitHub\nv3.33.0v3.33.0 updated\nrelease note: <https:\/\/newreleases.io\/github\/terraform-providers\/terraform-provider-google?version=v3.33.0>",
                "text": "*v3.33.0* `v3.33.0` _updated_\n```\nDEPRECATIONS:\n\n* compute: deprecated enable_logging on google_compute_firewall , define log_config.metadata to enable logging instead. ( #6871 ( <https:\/\/github.com\/terraform-providers\/terraform-provider-google\/pull\/6871> ) )\n\nFEATURES:\n\n* *New Resource:* google_active_directory_domain ( #6866 ( <https:\/\/github.com\/terraform-providers\/terraform-provider-google\/pull\/6866> ) )\n\nIMPROVEMENTS:\n\n* cloudrun: added ports field to google_cloud_run_service templates.spec.containers ( #6873 ( <https:\/\/github.com\/terraform-providers\/terraform-provider-google\/pull\/6873> ) )\n\n* compute: added log_config.metadata to google_compute_firewall , defining this will enable logging. ( #6871 ( <https:\/\/github.com\/terraform-providers\/terraform-provider-google\/pull\/6871> ) )\n\nBUG FIXES:\n\n* container: Fixed a crash in google_container_cluster when \"\" was specified for resource_usage_export_config.bigquery_destination.dataset_id. ( #6839 ( <https:\/\/github.com\/terraform-providers\/terraform-provider-google\/pull\/6839> ) )\n\n* endpoints: Fixed a crash when google_endpoints_service is used on a machine without timezone data ( #6849 ( <https:\/\/github.com\/terraform-providers\/terraform-provider-google\/pull\/6849> ) )\n\n* resourcemanager: bumped google_project timeout defaults to 10 minutes (from 4) ( #6859 ( <https:\/\/github.com\/terraform-providers\/terraform-provider-google\/pull\/6859> ) )\n```\n<https:\/\/newreleases.io\/github\/terraform-providers\/terraform-provider-google?version=v3.33.0|release note...>",
                "title": "terraform-providers\/terraform-provider-google on GitHub",
                "id": 1,
                "title_link": "https:\/\/newreleases.io\/github\/terraform-providers\/terraform-provider-google",
                "mrkdwn_in": [
                    "text"
                ]
            }
        ]
    }
]