[
    {
        "client_msg_id": "a7e8fea3-7565-493d-a436-f5289e1b7e15",
        "type": "message",
        "text": "チャンネル紹介（定期）\n<#CFSA6CXQ9|general> （ここ）は全体周知用\n<#CFUAW9FQW|random> 自由にお話ししましょう\n<#CG2UA0AA2|release> githubなどからリリース情報をPOST\n<#CFTAKMSRX|自己紹介> どうぞ\n<#CG1Q97RT7|tw-search-terraform> Twitter で terraform を含むポストをIFTTTでPOST（うるさいのでmute推奨）\n<#CG45XC0SY|rss> google alert で terraform をRSSにしているよ\n<#CFSA6D2SD|v012> 0.12向けのお話用\n<#CFTUV1SSW|質問> どうぞ\n<#CFT9WPH7X|イベント案内など> どうぞ\n<#CGEFZGMHP|ローディングメッセージ> 簡単なTipsを蓄積しましょう\n<#CGX4QCRNK|github-pages> terraformjp.github.ioを育てるちゃんねる\n<#CGXD6AYGY|小ネタ> terraformの小ネタとか独り言でも\n<#CJPQ4NCA2|ちょっとしたこと> 適当なチャンネルがない時にどうぞ",
        "user": "UFU0BKD8F",
        "ts": "1552635408.029500",
        "edited": {
            "user": "UFU0BKD8F",
            "ts": "1557742822.000000"
        }
    },
    {
        "type": "message",
        "text": "iPhoneのTwitter公式でユーザの切り替えできなくなるのバグってゆうか仕様検討誤りってゆうか率直に言って無能。。。",
        "files": [
            {
                "id": "FGZRUR56E",
                "created": 1552637711,
                "timestamp": 1552637711,
                "name": "iOS の画像.png",
                "title": "iOS の画像",
                "mimetype": "image\/png",
                "filetype": "png",
                "pretty_type": "PNG",
                "user": "UFU0BKD8F",
                "editable": false,
                "size": 94272,
                "mode": "hosted",
                "is_external": false,
                "external_type": "",
                "is_public": true,
                "public_url_shared": false,
                "display_as_bot": false,
                "username": "",
                "url_private": "https:\/\/files.slack.com\/files-pri\/TFU0BKCQP-FGZRUR56E\/ios__________.png?t=xoxe-538011658839-652891216785-659249790576-0bc0eeb2b704a82a5347ddc1d4d92d9b",
                "url_private_download": "https:\/\/files.slack.com\/files-pri\/TFU0BKCQP-FGZRUR56E\/download\/ios__________.png?t=xoxe-538011658839-652891216785-659249790576-0bc0eeb2b704a82a5347ddc1d4d92d9b",
                "thumb_64": "https:\/\/files.slack.com\/files-tmb\/TFU0BKCQP-FGZRUR56E-8475c65887\/ios___________64.png?t=xoxe-538011658839-652891216785-659249790576-0bc0eeb2b704a82a5347ddc1d4d92d9b",
                "thumb_80": "https:\/\/files.slack.com\/files-tmb\/TFU0BKCQP-FGZRUR56E-8475c65887\/ios___________80.png?t=xoxe-538011658839-652891216785-659249790576-0bc0eeb2b704a82a5347ddc1d4d92d9b",
                "thumb_360": "https:\/\/files.slack.com\/files-tmb\/TFU0BKCQP-FGZRUR56E-8475c65887\/ios___________360.png?t=xoxe-538011658839-652891216785-659249790576-0bc0eeb2b704a82a5347ddc1d4d92d9b",
                "thumb_360_w": 202,
                "thumb_360_h": 360,
                "thumb_480": "https:\/\/files.slack.com\/files-tmb\/TFU0BKCQP-FGZRUR56E-8475c65887\/ios___________480.png?t=xoxe-538011658839-652891216785-659249790576-0bc0eeb2b704a82a5347ddc1d4d92d9b",
                "thumb_480_w": 270,
                "thumb_480_h": 480,
                "thumb_160": "https:\/\/files.slack.com\/files-tmb\/TFU0BKCQP-FGZRUR56E-8475c65887\/ios___________160.png?t=xoxe-538011658839-652891216785-659249790576-0bc0eeb2b704a82a5347ddc1d4d92d9b",
                "thumb_720": "https:\/\/files.slack.com\/files-tmb\/TFU0BKCQP-FGZRUR56E-8475c65887\/ios___________720.png?t=xoxe-538011658839-652891216785-659249790576-0bc0eeb2b704a82a5347ddc1d4d92d9b",
                "thumb_720_w": 405,
                "thumb_720_h": 720,
                "thumb_800": "https:\/\/files.slack.com\/files-tmb\/TFU0BKCQP-FGZRUR56E-8475c65887\/ios___________800.png?t=xoxe-538011658839-652891216785-659249790576-0bc0eeb2b704a82a5347ddc1d4d92d9b",
                "thumb_800_w": 450,
                "thumb_800_h": 800,
                "thumb_960": "https:\/\/files.slack.com\/files-tmb\/TFU0BKCQP-FGZRUR56E-8475c65887\/ios___________960.png?t=xoxe-538011658839-652891216785-659249790576-0bc0eeb2b704a82a5347ddc1d4d92d9b",
                "thumb_960_w": 540,
                "thumb_960_h": 960,
                "thumb_1024": "https:\/\/files.slack.com\/files-tmb\/TFU0BKCQP-FGZRUR56E-8475c65887\/ios___________1024.png?t=xoxe-538011658839-652891216785-659249790576-0bc0eeb2b704a82a5347ddc1d4d92d9b",
                "thumb_1024_w": 576,
                "thumb_1024_h": 1024,
                "image_exif_rotation": 1,
                "original_w": 750,
                "original_h": 1334,
                "permalink": "https:\/\/terraform-jp.slack.com\/files\/UFU0BKD8F\/FGZRUR56E\/ios__________.png",
                "permalink_public": "https:\/\/slack-files.com\/TFU0BKCQP-FGZRUR56E-efe7aa51ca",
                "has_rich_preview": false
            }
        ],
        "upload": true,
        "user": "UFU0BKD8F",
        "display_as_bot": false,
        "ts": "1552637711.030300",
        "client_msg_id": "592C84B1-C271-43DF-BA36-8ACC92ACAEEE",
        "thread_ts": "1552609199.027300",
        "parent_user_id": "UFU0BKD8F"
    },
    {
        "client_msg_id": "49423cc1-d737-43b0-a880-bfdd471de4ca",
        "type": "message",
        "text": "ログアウトしか解除の方法がなくてアカウントリストから消えた。。。",
        "user": "UFU0BKD8F",
        "ts": "1552637821.030700",
        "thread_ts": "1552609199.027300",
        "parent_user_id": "UFU0BKD8F"
    },
    {
        "client_msg_id": "bf46fdb5-8e99-4356-b0a3-e6cedf0be8ae",
        "type": "message",
        "text": "解除されない。。。",
        "user": "UFU0BKD8F",
        "ts": "1552640298.030900",
        "thread_ts": "1552609199.027300",
        "parent_user_id": "UFU0BKD8F"
    },
    {
        "client_msg_id": "1a77e205-fd21-4928-8d5e-01198dd03a9f",
        "type": "message",
        "text": "Twitterアカウント、解除されたはいいけどフォローとフォロワーがゼロになった。。。_no",
        "user": "UFU0BKD8F",
        "ts": "1552665012.031900",
        "reactions": [
            {
                "name": "cry",
                "users": [
                    "UG46Z57TN",
                    "UGTNGDPUJ",
                    "UFTKSQ25T"
                ],
                "count": 3
            }
        ]
    },
    {
        "client_msg_id": "36c084d0-dd7d-45a2-8fa7-5fd9830f8ac9",
        "type": "message",
        "text": "↑嘘だった。プロフィールにリンクが表示されないだけで関係性は変わってないみたい。",
        "user": "UFU0BKD8F",
        "ts": "1552665898.032800",
        "reactions": [
            {
                "name": "tada",
                "users": [
                    "UFTKSQ25T",
                    "UFT9ULVQR"
                ],
                "count": 2
            },
            {
                "name": "clap",
                "users": [
                    "UFT9ULVQR"
                ],
                "count": 1
            }
        ]
    }
]