[
    {
        "client_msg_id": "733f6d94-7234-4d9a-b5bf-75e72629b7ce",
        "type": "message",
        "text": "ansiblejpでgithub pages 作ってるのみてかっとなってやった。\n反省はしてないｗ\n<https:\/\/github.com\/terraformjp\/terraformjp.github.io>",
        "user": "UFU0BKD8F",
        "ts": "1552386782.001000",
        "attachments": [
            {
                "service_name": "GitHub",
                "title": "terraformjp\/terraformjp.github.io",
                "title_link": "https:\/\/github.com\/terraformjp\/terraformjp.github.io",
                "text": "Slack community page by Japanese terraform users. Contribute to terraformjp\/terraformjp.github.io development by creating an account on GitHub.",
                "fallback": "GitHub: terraformjp\/terraformjp.github.io",
                "from_url": "https:\/\/github.com\/terraformjp\/terraformjp.github.io",
                "thumb_url": "https:\/\/avatars1.githubusercontent.com\/u\/48476168?s=400&v=4",
                "thumb_width": 250,
                "thumb_height": 250,
                "service_icon": "https:\/\/a.slack-edge.com\/bfaba\/img\/unfurl_icons\/github.png",
                "id": 1,
                "original_url": "https:\/\/github.com\/terraformjp\/terraformjp.github.io"
            }
        ],
        "reactions": [
            {
                "name": "heart",
                "users": [
                    "UGTNGDPUJ"
                ],
                "count": 1
            }
        ]
    },
    {
        "user": "UGVP0PXRA",
        "type": "message",
        "subtype": "channel_join",
        "ts": "1552391993.001400",
        "text": "<@UGVP0PXRA>さんがチャンネルに参加しました"
    },
    {
        "client_msg_id": "7261280f-dbb6-4773-8027-66ad84ebcec2",
        "type": "message",
        "text": "<#CGX4QCRNK|github-pages> を作ったのでみんなで育てたい\n↑のリポジトリへも参加してもらえるとうれしい",
        "user": "UFU0BKD8F",
        "ts": "1552406134.002900",
        "reactions": [
            {
                "name": "heart",
                "users": [
                    "UGTNGDPUJ",
                    "UFTKSQ25T"
                ],
                "count": 2
            }
        ]
    },
    {
        "client_msg_id": "316D39F8-221A-434E-B5F9-0515E66D532C",
        "type": "message",
        "text": "とりあえずスターしました",
        "user": "UG46Z57TN",
        "ts": "1552406151.003100",
        "reactions": [
            {
                "name": "+1",
                "users": [
                    "UFU0BKD8F"
                ],
                "count": 1
            }
        ]
    },
    {
        "client_msg_id": "F2FC3D07-2719-4EDE-9389-A3C21BD97348",
        "type": "message",
        "text": "スターしましたー！",
        "user": "UGTNGDPUJ",
        "ts": "1552406194.003800",
        "reactions": [
            {
                "name": "handshake",
                "users": [
                    "UFU0BKD8F"
                ],
                "count": 1
            }
        ]
    }
]