[
    {
        "client_msg_id": "17a4c380-d0d8-4644-bf00-da795b81896c",
        "type": "message",
        "text": "アドカレのネタがありません！！！",
        "user": "UG46Z57TN",
        "ts": "1608132245.001600",
        "team": "TFU0BKCQP",
        "user_team": "TFU0BKCQP",
        "source_team": "TFU0BKCQP",
        "user_profile": {
            "avatar_hash": "c6bdd4cb17db",
            "image_72": "https:\/\/avatars.slack-edge.com\/2019-07-05\/685991185957_c6bdd4cb17db956661a1_72.jpg",
            "first_name": "Takeshi",
            "real_name": "Takeshi Kondo",
            "display_name": "chaspy",
            "team": "TFU0BKCQP",
            "name": "take.she12",
            "is_restricted": false,
            "is_ultra_restricted": false
        },
        "blocks": [
            {
                "type": "rich_text",
                "block_id": "UEj",
                "elements": [
                    {
                        "type": "rich_text_section",
                        "elements": [
                            {
                                "type": "text",
                                "text": "アドカレのネタがありません！！！"
                            }
                        ]
                    }
                ]
            }
        ]
    },
    {
        "client_msg_id": "8a69f11b-022d-4ccc-aa39-5d5d77ac036f",
        "type": "message",
        "text": "あきらめたらそこで試合終了ですよ。。。ｗ",
        "user": "UFU0BKD8F",
        "ts": "1608132265.001900",
        "team": "TFU0BKCQP",
        "user_team": "TFU0BKCQP",
        "source_team": "TFU0BKCQP",
        "user_profile": {
            "avatar_hash": "92c41c62c7b0",
            "image_72": "https:\/\/avatars.slack-edge.com\/2019-01-30\/537137791812_92c41c62c7b0f054d3dd_72.jpg",
            "first_name": "らき",
            "real_name": "らき",
            "display_name": "raki",
            "team": "TFU0BKCQP",
            "name": "nishimuray",
            "is_restricted": false,
            "is_ultra_restricted": false
        },
        "blocks": [
            {
                "type": "rich_text",
                "block_id": "SiT",
                "elements": [
                    {
                        "type": "rich_text_section",
                        "elements": [
                            {
                                "type": "text",
                                "text": "あきらめたらそこで試合終了ですよ。。。ｗ"
                            }
                        ]
                    }
                ]
            }
        ]
    },
    {
        "client_msg_id": "f9b3c2eb-f500-4eb8-8ed1-65aae4aae87e",
        "type": "message",
        "text": "社内のTerraform やっていきを完全に同僚氏にまかせてしまって1年経った",
        "user": "UG46Z57TN",
        "ts": "1608132317.002400",
        "team": "TFU0BKCQP",
        "user_team": "TFU0BKCQP",
        "source_team": "TFU0BKCQP",
        "user_profile": {
            "avatar_hash": "c6bdd4cb17db",
            "image_72": "https:\/\/avatars.slack-edge.com\/2019-07-05\/685991185957_c6bdd4cb17db956661a1_72.jpg",
            "first_name": "Takeshi",
            "real_name": "Takeshi Kondo",
            "display_name": "chaspy",
            "team": "TFU0BKCQP",
            "name": "take.she12",
            "is_restricted": false,
            "is_ultra_restricted": false
        },
        "blocks": [
            {
                "type": "rich_text",
                "block_id": "S2\/Q",
                "elements": [
                    {
                        "type": "rich_text_section",
                        "elements": [
                            {
                                "type": "text",
                                "text": "社内のTerraform やっていきを完全に同僚氏にまかせてしまって1年経った"
                            }
                        ]
                    }
                ]
            }
        ]
    },
    {
        "client_msg_id": "909b5270-0cab-4a62-adbd-2d3a2d04cd5d",
        "type": "message",
        "text": "みんなのアドカレ記事を読んで心を落ち着けよう",
        "user": "UG46Z57TN",
        "ts": "1608132346.003000",
        "team": "TFU0BKCQP",
        "user_team": "TFU0BKCQP",
        "source_team": "TFU0BKCQP",
        "user_profile": {
            "avatar_hash": "c6bdd4cb17db",
            "image_72": "https:\/\/avatars.slack-edge.com\/2019-07-05\/685991185957_c6bdd4cb17db956661a1_72.jpg",
            "first_name": "Takeshi",
            "real_name": "Takeshi Kondo",
            "display_name": "chaspy",
            "team": "TFU0BKCQP",
            "name": "take.she12",
            "is_restricted": false,
            "is_ultra_restricted": false
        },
        "blocks": [
            {
                "type": "rich_text",
                "block_id": "r1K",
                "elements": [
                    {
                        "type": "rich_text_section",
                        "elements": [
                            {
                                "type": "text",
                                "text": "みんなのアドカレ記事を読んで心を落ち着けよう"
                            }
                        ]
                    }
                ]
            }
        ]
    },
    {
        "client_msg_id": "a5d96581-52b8-4a1b-89be-071b9b227e09",
        "type": "message",
        "text": "もうDataDogさんちの子になってしまったのね。。。ｗ",
        "user": "UFU0BKD8F",
        "ts": "1608132347.003100",
        "team": "TFU0BKCQP",
        "user_team": "TFU0BKCQP",
        "source_team": "TFU0BKCQP",
        "user_profile": {
            "avatar_hash": "92c41c62c7b0",
            "image_72": "https:\/\/avatars.slack-edge.com\/2019-01-30\/537137791812_92c41c62c7b0f054d3dd_72.jpg",
            "first_name": "らき",
            "real_name": "らき",
            "display_name": "raki",
            "team": "TFU0BKCQP",
            "name": "nishimuray",
            "is_restricted": false,
            "is_ultra_restricted": false
        },
        "blocks": [
            {
                "type": "rich_text",
                "block_id": "I+G",
                "elements": [
                    {
                        "type": "rich_text_section",
                        "elements": [
                            {
                                "type": "text",
                                "text": "もうDataDogさんちの子になってしまったのね。。。ｗ"
                            }
                        ]
                    }
                ]
            }
        ]
    },
    {
        "client_msg_id": "f76e8eb3-3623-48a8-9bbe-6287c7280c03",
        "type": "message",
        "text": "この記事すごいよかったすね、terraform の今のナウいやつ一覧\n<https:\/\/zenn.dev\/honmarkhunt\/articles\/2f03cba1ffe966>",
        "user": "UG46Z57TN",
        "ts": "1608132431.003500",
        "team": "TFU0BKCQP",
        "user_team": "TFU0BKCQP",
        "source_team": "TFU0BKCQP",
        "user_profile": {
            "avatar_hash": "c6bdd4cb17db",
            "image_72": "https:\/\/avatars.slack-edge.com\/2019-07-05\/685991185957_c6bdd4cb17db956661a1_72.jpg",
            "first_name": "Takeshi",
            "real_name": "Takeshi Kondo",
            "display_name": "chaspy",
            "team": "TFU0BKCQP",
            "name": "take.she12",
            "is_restricted": false,
            "is_ultra_restricted": false
        },
        "attachments": [
            {
                "service_name": "Zenn",
                "title": "Terraform開発時のDeveloper Experienceを爆上げする",
                "title_link": "https:\/\/zenn.dev\/honmarkhunt\/articles\/2f03cba1ffe966",
                "fallback": "Zenn: Terraform開発時のDeveloper Experienceを爆上げする",
                "image_url": "https:\/\/res.cloudinary.com\/dlhzyuewr\/image\/upload\/s--CaO2--xV--\/c_fit%2Cco_rgb:111%2Cl_text:notosansjp-medium.otf_50_bold:Terraform%25E9%2596%258B%25E7%2599%25BA%25E6%2599%2582%25E3%2581%25AEDeveloper%2520Experience%25E3%2582%2592%25E7%2588%2586%25E4%25B8%258A%25E3%2581%2592%25E3%2581%2599%25E3%2582%258B%2Cw_780\/co_rgb:93a5b1%2Cg_south_east%2Cl_text:notosansjp-medium.otf_34_bold:By%2520%2540honmarkhunt%2Cx_280%2Cy_63\/v1579262216\/ogp-base_mrsu7s.png",
                "from_url": "https:\/\/zenn.dev\/honmarkhunt\/articles\/2f03cba1ffe966",
                "image_width": 476,
                "image_height": 250,
                "image_bytes": 29292,
                "service_icon": "https:\/\/zenn.dev\/images\/icon.png",
                "id": 1,
                "original_url": "https:\/\/zenn.dev\/honmarkhunt\/articles\/2f03cba1ffe966"
            }
        ],
        "blocks": [
            {
                "type": "rich_text",
                "block_id": "ARue5",
                "elements": [
                    {
                        "type": "rich_text_section",
                        "elements": [
                            {
                                "type": "text",
                                "text": "この記事すごいよかったすね、terraform の今のナウいやつ一覧\n"
                            },
                            {
                                "type": "link",
                                "url": "https:\/\/zenn.dev\/honmarkhunt\/articles\/2f03cba1ffe966"
                            }
                        ]
                    }
                ]
            }
        ],
        "reactions": [
            {
                "name": "pray",
                "users": [
                    "U01DX2J904V"
                ],
                "count": 1
            }
        ]
    },
    {
        "client_msg_id": "4f1242a0-be37-44eb-9c52-85437fadfd5e",
        "type": "message",
        "text": "あと ``tfsec` はまじですごい使ってるけど",
        "user": "UG46Z57TN",
        "ts": "1608132451.004100",
        "team": "TFU0BKCQP",
        "user_team": "TFU0BKCQP",
        "source_team": "TFU0BKCQP",
        "user_profile": {
            "avatar_hash": "c6bdd4cb17db",
            "image_72": "https:\/\/avatars.slack-edge.com\/2019-07-05\/685991185957_c6bdd4cb17db956661a1_72.jpg",
            "first_name": "Takeshi",
            "real_name": "Takeshi Kondo",
            "display_name": "chaspy",
            "team": "TFU0BKCQP",
            "name": "take.she12",
            "is_restricted": false,
            "is_ultra_restricted": false
        },
        "blocks": [
            {
                "type": "rich_text",
                "block_id": "biba",
                "elements": [
                    {
                        "type": "rich_text_section",
                        "elements": [
                            {
                                "type": "text",
                                "text": "あと `"
                            },
                            {
                                "type": "text",
                                "text": "tfsec",
                                "style": {
                                    "code": true
                                }
                            },
                            {
                                "type": "text",
                                "text": " はまじですごい使ってるけど"
                            }
                        ]
                    }
                ]
            }
        ],
        "thread_ts": "1608132451.004100",
        "reply_count": 3,
        "reply_users_count": 2,
        "latest_reply": "1608428671.030800",
        "reply_users": [
            "U01AEH6SRL2",
            "UG46Z57TN"
        ],
        "replies": [
            {
                "user": "U01AEH6SRL2",
                "ts": "1608169101.030400"
            },
            {
                "user": "UG46Z57TN",
                "ts": "1608428641.030600"
            },
            {
                "user": "UG46Z57TN",
                "ts": "1608428671.030800"
            }
        ],
        "is_locked": false,
        "subscribed": false
    },
    {
        "client_msg_id": "a3639618-9a7d-4332-9a0e-3699c3805168",
        "type": "message",
        "text": "terraform cloud 使ってないけど、alfread user ではある、ので、ワークフロー作成尊い\n<https:\/\/chroju.github.io\/blog\/2020\/12\/05\/terraform_cloud_with_alfred\/>",
        "user": "UG46Z57TN",
        "ts": "1608132544.004600",
        "team": "TFU0BKCQP",
        "user_team": "TFU0BKCQP",
        "source_team": "TFU0BKCQP",
        "user_profile": {
            "avatar_hash": "c6bdd4cb17db",
            "image_72": "https:\/\/avatars.slack-edge.com\/2019-07-05\/685991185957_c6bdd4cb17db956661a1_72.jpg",
            "first_name": "Takeshi",
            "real_name": "Takeshi Kondo",
            "display_name": "chaspy",
            "team": "TFU0BKCQP",
            "name": "take.she12",
            "is_restricted": false,
            "is_ultra_restricted": false
        },
        "blocks": [
            {
                "type": "rich_text",
                "block_id": "8NnI6",
                "elements": [
                    {
                        "type": "rich_text_section",
                        "elements": [
                            {
                                "type": "text",
                                "text": "terraform cloud 使ってないけど、alfread user ではある、ので、ワークフロー作成尊い\n"
                            },
                            {
                                "type": "link",
                                "url": "https:\/\/chroju.github.io\/blog\/2020\/12\/05\/terraform_cloud_with_alfred\/"
                            }
                        ]
                    }
                ]
            }
        ]
    },
    {
        "client_msg_id": "1ae87943-61d0-4327-bcaa-a7893dfbb4be",
        "type": "message",
        "text": "ウォー ESXi (前世の記憶)\n<https:\/\/qiita.com\/entertvl\/items\/16789d7cb330450c4f27>",
        "user": "UG46Z57TN",
        "ts": "1608132642.005000",
        "team": "TFU0BKCQP",
        "user_team": "TFU0BKCQP",
        "source_team": "TFU0BKCQP",
        "user_profile": {
            "avatar_hash": "c6bdd4cb17db",
            "image_72": "https:\/\/avatars.slack-edge.com\/2019-07-05\/685991185957_c6bdd4cb17db956661a1_72.jpg",
            "first_name": "Takeshi",
            "real_name": "Takeshi Kondo",
            "display_name": "chaspy",
            "team": "TFU0BKCQP",
            "name": "take.she12",
            "is_restricted": false,
            "is_ultra_restricted": false
        },
        "attachments": [
            {
                "service_name": "Qiita",
                "title": "terraform-provider-esxi を使って自宅 ESXi サーバに VM を立てよう - Qiita",
                "title_link": "https:\/\/qiita.com\/entertvl\/items\/16789d7cb330450c4f27",
                "text": "はじめに この記事は terraform Advent Calendar 2020 6日目です。 Qiita に知見がないプロバイダの使ってみた系記事です 自宅サーバのようなオンプレかつ低コストに、かつ Terraform ...",
                "fallback": "Qiita: terraform-provider-esxi を使って自宅 ESXi サーバに VM を立てよう - Qiita",
                "image_url": "https:\/\/qiita-user-contents.imgix.net\/https%3A%2F%2Fcdn.qiita.com%2Fassets%2Fpublic%2Farticle-ogp-background-1150d8b18a7c15795b701a55ae908f94.png?ixlib=rb-1.2.2&w=1200&mark=https%3A%2F%2Fqiita-user-contents.imgix.net%2F~text%3Fixlib%3Drb-1.2.2%26w%3D840%26h%3D380%26txt%3Dterraform-provider-esxi%2520%25E3%2582%2592%25E4%25BD%25BF%25E3%2581%25A3%25E3%2581%25A6%25E8%2587%25AA%25E5%25AE%2585%2520ESXi%2520%25E3%2582%25B5%25E3%2583%25BC%25E3%2583%2590%25E3%2581%25AB%2520VM%2520%25E3%2582%2592%25E7%25AB%258B%25E3%2581%25A6%25E3%2582%2588%25E3%2581%2586%26txt-color%3D%2523333%26txt-font%3DHiragino%2520Sans%2520W6%26txt-size%3D54%26txt-clip%3Dellipsis%26txt-align%3Dcenter%252Cmiddle%26s%3Dfb26ecd03a51e95beef556a7f9369ee4&mark-align=center%2Cmiddle&blend=https%3A%2F%2Fqiita-user-contents.imgix.net%2F~text%3Fixlib%3Drb-1.2.2%26w%3D840%26h%3D500%26txt%3D%2540entertvl%26txt-color%3D%2523333%26txt-font%3DHiragino%2520Sans%2520W6%26txt-size%3D45%26txt-align%3Dright%252Cbottom%26s%3Daab9dce508b830ca3b3224b2f3e7a09b&blend-align=center%2Cmiddle&blend-mode=normal&s=ad3622abffb8f5a1ff1f844296e0fc49",
                "from_url": "https:\/\/qiita.com\/entertvl\/items\/16789d7cb330450c4f27",
                "image_width": 476,
                "image_height": 250,
                "image_bytes": 56210,
                "service_icon": "https:\/\/cdn.qiita.com\/assets\/favicons\/public\/apple-touch-icon-ec5ba42a24ae923f16825592efdc356f.png",
                "id": 1,
                "original_url": "https:\/\/qiita.com\/entertvl\/items\/16789d7cb330450c4f27"
            }
        ],
        "blocks": [
            {
                "type": "rich_text",
                "block_id": "aAIL",
                "elements": [
                    {
                        "type": "rich_text_section",
                        "elements": [
                            {
                                "type": "text",
                                "text": "ウォー ESXi (前世の記憶)\n"
                            },
                            {
                                "type": "link",
                                "url": "https:\/\/qiita.com\/entertvl\/items\/16789d7cb330450c4f27"
                            }
                        ]
                    }
                ]
            }
        ]
    },
    {
        "client_msg_id": "8297a407-a186-4c70-be26-ea6d5f927684",
        "type": "message",
        "text": "なお Datadog アドカレは作るの忘れてた模様\n<https:\/\/terraform-jp.slack.com\/archives\/CGXD6AYGY\/p1608132347003100>",
        "user": "UG46Z57TN",
        "ts": "1608132699.005600",
        "team": "TFU0BKCQP",
        "user_team": "TFU0BKCQP",
        "source_team": "TFU0BKCQP",
        "user_profile": {
            "avatar_hash": "c6bdd4cb17db",
            "image_72": "https:\/\/avatars.slack-edge.com\/2019-07-05\/685991185957_c6bdd4cb17db956661a1_72.jpg",
            "first_name": "Takeshi",
            "real_name": "Takeshi Kondo",
            "display_name": "chaspy",
            "team": "TFU0BKCQP",
            "name": "take.she12",
            "is_restricted": false,
            "is_ultra_restricted": false
        },
        "attachments": [
            {
                "from_url": "https:\/\/terraform-jp.slack.com\/archives\/CGXD6AYGY\/p1608132347003100",
                "fallback": "[December 16th, 2020 7:25 AM] nishimuray: もうDataDogさんちの子になってしまったのね。。。ｗ",
                "ts": "1608132347.003100",
                "author_id": "UFU0BKD8F",
                "author_subname": "らき",
                "channel_id": "CGXD6AYGY",
                "channel_name": "小ネタ",
                "is_msg_unfurl": true,
                "text": "もうDataDogさんちの子になってしまったのね。。。ｗ",
                "author_name": "らき",
                "author_link": "https:\/\/terraform-jp.slack.com\/team\/UFU0BKD8F",
                "author_icon": "https:\/\/avatars.slack-edge.com\/2019-01-30\/537137791812_92c41c62c7b0f054d3dd_48.jpg",
                "mrkdwn_in": [
                    "text"
                ],
                "id": 1,
                "original_url": "https:\/\/terraform-jp.slack.com\/archives\/CGXD6AYGY\/p1608132347003100",
                "footer": "#小ネタ に投稿"
            }
        ],
        "blocks": [
            {
                "type": "rich_text",
                "block_id": "8+Ww",
                "elements": [
                    {
                        "type": "rich_text_section",
                        "elements": [
                            {
                                "type": "text",
                                "text": "なお Datadog アドカレは作るの忘れてた模様\n"
                            },
                            {
                                "type": "link",
                                "url": "https:\/\/terraform-jp.slack.com\/archives\/CGXD6AYGY\/p1608132347003100"
                            }
                        ]
                    }
                ]
            }
        ]
    },
    {
        "client_msg_id": "eb48b9a2-fec2-476f-b3f4-a46bb418dc3f",
        "type": "message",
        "text": "今年はDatadogの担当を外されてしまったので、気付かなかったんですが、Datadogのアドカレ今年は無かったんですね…",
        "user": "UGVTSE7LG",
        "ts": "1608132769.006700",
        "team": "TFU0BKCQP",
        "user_team": "TFU0BKCQP",
        "source_team": "TFU0BKCQP",
        "user_profile": {
            "avatar_hash": "g388901e0e9c",
            "image_72": "https:\/\/secure.gravatar.com\/avatar\/0388901e0e9c7cdc43eac0d85fcb3379.jpg?s=72&d=https%3A%2F%2Fa.slack-edge.com%2Fdf10d%2Fimg%2Favatars%2Fava_0018-72.png",
            "first_name": "",
            "real_name": "Osamu Habuka",
            "display_name": "habuka036",
            "team": "TFU0BKCQP",
            "name": "osamu",
            "is_restricted": false,
            "is_ultra_restricted": false
        },
        "blocks": [
            {
                "type": "rich_text",
                "block_id": "Gnu9",
                "elements": [
                    {
                        "type": "rich_text_section",
                        "elements": [
                            {
                                "type": "text",
                                "text": "今年はDatadogの担当を外されてしまったので、気付かなかったんですが、Datadogのアドカレ今年は無かったんですね…"
                            }
                        ]
                    }
                ]
            }
        ]
    },
    {
        "client_msg_id": "8f7d48bb-e83e-4e52-bc10-9c7c01260f12",
        "type": "message",
        "text": "あっても何か書くほどやってないからな。。。",
        "user": "UFU0BKD8F",
        "ts": "1608132810.007300",
        "team": "TFU0BKCQP",
        "user_team": "TFU0BKCQP",
        "source_team": "TFU0BKCQP",
        "user_profile": {
            "avatar_hash": "92c41c62c7b0",
            "image_72": "https:\/\/avatars.slack-edge.com\/2019-01-30\/537137791812_92c41c62c7b0f054d3dd_72.jpg",
            "first_name": "らき",
            "real_name": "らき",
            "display_name": "raki",
            "team": "TFU0BKCQP",
            "name": "nishimuray",
            "is_restricted": false,
            "is_ultra_restricted": false
        },
        "blocks": [
            {
                "type": "rich_text",
                "block_id": "sC=",
                "elements": [
                    {
                        "type": "rich_text_section",
                        "elements": [
                            {
                                "type": "text",
                                "text": "あっても何か書くほどやってないからな。。。"
                            }
                        ]
                    }
                ]
            }
        ]
    },
    {
        "client_msg_id": "3083a1cc-cde6-4bb0-b83d-17967be8b3fb",
        "type": "message",
        "text": "去年は muranushi さんがつくってくれていたのか\n<https:\/\/qiita.com\/advent-calendar\/2019\/datadog>",
        "user": "UG46Z57TN",
        "ts": "1608132814.007500",
        "team": "TFU0BKCQP",
        "user_team": "TFU0BKCQP",
        "source_team": "TFU0BKCQP",
        "user_profile": {
            "avatar_hash": "c6bdd4cb17db",
            "image_72": "https:\/\/avatars.slack-edge.com\/2019-07-05\/685991185957_c6bdd4cb17db956661a1_72.jpg",
            "first_name": "Takeshi",
            "real_name": "Takeshi Kondo",
            "display_name": "chaspy",
            "team": "TFU0BKCQP",
            "name": "take.she12",
            "is_restricted": false,
            "is_ultra_restricted": false
        },
        "attachments": [
            {
                "service_name": "Qiita",
                "title": "Datadog Advent Calendar 2019 - Qiita",
                "title_link": "https:\/\/qiita.com\/advent-calendar\/2019\/datadog",
                "text": "Datadog の Advent Calendar です！ ‪各社の使い方やTips、失敗事例を公開していきましょうー。 他種のサービスと組み合わせることも多いと思うので とのクロスポストも大歓迎です。",
                "fallback": "Qiita: Datadog Advent Calendar 2019 - Qiita",
                "thumb_url": "https:\/\/cdn.qiita.com\/assets\/qiita-fb-41f9429f13a8c56f50dd0ab477c80d26.png",
                "from_url": "https:\/\/qiita.com\/advent-calendar\/2019\/datadog",
                "thumb_width": 1200,
                "thumb_height": 630,
                "service_icon": "https:\/\/cdn.qiita.com\/assets\/favicons\/public\/apple-touch-icon-ec5ba42a24ae923f16825592efdc356f.png",
                "id": 1,
                "original_url": "https:\/\/qiita.com\/advent-calendar\/2019\/datadog"
            }
        ],
        "blocks": [
            {
                "type": "rich_text",
                "block_id": "iqf",
                "elements": [
                    {
                        "type": "rich_text_section",
                        "elements": [
                            {
                                "type": "text",
                                "text": "去年は muranushi さんがつくってくれていたのか\n"
                            },
                            {
                                "type": "link",
                                "url": "https:\/\/qiita.com\/advent-calendar\/2019\/datadog"
                            }
                        ]
                    }
                ]
            }
        ]
    },
    {
        "client_msg_id": "7eb472cd-b14d-4373-8ea8-fbb933d624d2",
        "type": "message",
        "text": "来年11月頃思い出したら作ろう",
        "user": "UG46Z57TN",
        "ts": "1608132869.009300",
        "team": "TFU0BKCQP",
        "user_team": "TFU0BKCQP",
        "source_team": "TFU0BKCQP",
        "user_profile": {
            "avatar_hash": "c6bdd4cb17db",
            "image_72": "https:\/\/avatars.slack-edge.com\/2019-07-05\/685991185957_c6bdd4cb17db956661a1_72.jpg",
            "first_name": "Takeshi",
            "real_name": "Takeshi Kondo",
            "display_name": "chaspy",
            "team": "TFU0BKCQP",
            "name": "take.she12",
            "is_restricted": false,
            "is_ultra_restricted": false
        },
        "blocks": [
            {
                "type": "rich_text",
                "block_id": "qiR",
                "elements": [
                    {
                        "type": "rich_text_section",
                        "elements": [
                            {
                                "type": "text",
                                "text": "来年11月頃思い出したら作ろう"
                            }
                        ]
                    }
                ]
            }
        ]
    },
    {
        "client_msg_id": "0f595c62-7188-4523-80d7-b31c727a4686",
        "type": "message",
        "text": "former2 ってはじめて知った。べんり。terraformer でいいんではという気もしつつ。\n<https:\/\/www.inomaso.com\/post\/2020\/12\/former2-terraform-import\/>",
        "user": "UG46Z57TN",
        "ts": "1608132937.011200",
        "team": "TFU0BKCQP",
        "user_team": "TFU0BKCQP",
        "source_team": "TFU0BKCQP",
        "user_profile": {
            "avatar_hash": "c6bdd4cb17db",
            "image_72": "https:\/\/avatars.slack-edge.com\/2019-07-05\/685991185957_c6bdd4cb17db956661a1_72.jpg",
            "first_name": "Takeshi",
            "real_name": "Takeshi Kondo",
            "display_name": "chaspy",
            "team": "TFU0BKCQP",
            "name": "take.she12",
            "is_restricted": false,
            "is_ultra_restricted": false
        },
        "attachments": [
            {
                "service_name": "Inomaso Blog",
                "title": "[Former2][Terraform] AWS既存環境を楽にコード化したい",
                "title_link": "https:\/\/www.inomaso.com\/post\/2020\/12\/former2-terraform-import\/",
                "text": "Terraformをある程度理解したので、AWS既存環境を楽にコード化できる方法を調査してみました。",
                "fallback": "Inomaso Blog: [Former2][Terraform] AWS既存環境を楽にコード化したい",
                "image_url": "https:\/\/www.inomaso.com\/images\/title\/former2.jpg",
                "ts": 1607538600,
                "from_url": "https:\/\/www.inomaso.com\/post\/2020\/12\/former2-terraform-import\/",
                "image_width": 338,
                "image_height": 140,
                "image_bytes": 6655,
                "service_icon": "https:\/\/www.inomaso.com\/favicon.ico",
                "id": 1,
                "original_url": "https:\/\/www.inomaso.com\/post\/2020\/12\/former2-terraform-import\/"
            }
        ],
        "blocks": [
            {
                "type": "rich_text",
                "block_id": "bdd",
                "elements": [
                    {
                        "type": "rich_text_section",
                        "elements": [
                            {
                                "type": "text",
                                "text": "former2 ってはじめて知った。べんり。terraformer でいいんではという気もしつつ。\n"
                            },
                            {
                                "type": "link",
                                "url": "https:\/\/www.inomaso.com\/post\/2020\/12\/former2-terraform-import\/"
                            }
                        ]
                    }
                ]
            }
        ]
    },
    {
        "client_msg_id": "0326d91a-30da-4274-bb6a-a39403910f57",
        "type": "message",
        "text": "今年 DataDog でやったっつったら Synthetics 用の自作モジュール書いて、\nAPIとSSLチェックとあるだけぶわーっと作った、とかくらい。。。",
        "user": "UFU0BKD8F",
        "ts": "1608132940.011500",
        "team": "TFU0BKCQP",
        "user_team": "TFU0BKCQP",
        "source_team": "TFU0BKCQP",
        "user_profile": {
            "avatar_hash": "92c41c62c7b0",
            "image_72": "https:\/\/avatars.slack-edge.com\/2019-01-30\/537137791812_92c41c62c7b0f054d3dd_72.jpg",
            "first_name": "らき",
            "real_name": "らき",
            "display_name": "raki",
            "team": "TFU0BKCQP",
            "name": "nishimuray",
            "is_restricted": false,
            "is_ultra_restricted": false
        },
        "blocks": [
            {
                "type": "rich_text",
                "block_id": "iI=",
                "elements": [
                    {
                        "type": "rich_text_section",
                        "elements": [
                            {
                                "type": "text",
                                "text": "今年 DataDog でやったっつったら Synthetics 用の自作モジュール書いて、\nAPIとSSLチェックとあるだけぶわーっと作った、とかくらい。。。"
                            }
                        ]
                    }
                ]
            }
        ]
    },
    {
        "client_msg_id": "b6e410f6-2a76-4418-a590-1e53ca288181",
        "type": "message",
        "text": "誰や価格のこととか書いてる人中の人かいと思ったら oku さんで笑った\n<https:\/\/rumioku.medium.com\/terraform%E3%81%AE%E7%A8%AE%E9%A1%9E%E3%81%A8%E6%A9%9F%E8%83%BD%E5%B7%AE%E3%82%92%E8%A7%A3%E8%AA%AC-%E4%BE%A1%E6%A0%BC%E3%82%82%E3%82%8F%E3%81%8B%E3%82%8B%E3%82%88-6e05da0bcba2|https:\/\/rumioku.medium.com\/terraform%E3%81%AE%E7%A8%AE%E9%A1%9E%E3%81%A8%E6%A9%9F%E8%8[…]C%E3%82%82%E3%82%8F%E3%81%8B%E3%82%8B%E3%82%88-6e05da0bcba2>",
        "user": "UG46Z57TN",
        "ts": "1608132992.013100",
        "team": "TFU0BKCQP",
        "user_team": "TFU0BKCQP",
        "source_team": "TFU0BKCQP",
        "user_profile": {
            "avatar_hash": "c6bdd4cb17db",
            "image_72": "https:\/\/avatars.slack-edge.com\/2019-07-05\/685991185957_c6bdd4cb17db956661a1_72.jpg",
            "first_name": "Takeshi",
            "real_name": "Takeshi Kondo",
            "display_name": "chaspy",
            "team": "TFU0BKCQP",
            "name": "take.she12",
            "is_restricted": false,
            "is_ultra_restricted": false
        },
        "attachments": [
            {
                "service_name": "Medium",
                "title": "Terraformの種類と機能差を解説！価格もわかるよ！",
                "title_link": "https:\/\/rumioku.medium.com\/terraform%E3%81%AE%E7%A8%AE%E9%A1%9E%E3%81%A8%E6%A9%9F%E8%83%BD%E5%B7%AE%E3%82%92%E8%A7%A3%E8%AA%AC-%E4%BE%A1%E6%A0%BC%E3%82%82%E3%82%8F%E3%81%8B%E3%82%8B%E3%82%88-6e05da0bcba2",
                "text": "みなさま、こんにちわ。HashiCorp 奥です。7時にPublishするはずが19時と間違えておりました。最初から謝罪でスタートすることになってしまいました。ごめんなさいm(_ _)m",
                "fallback": "Medium: Terraformの種類と機能差を解説！価格もわかるよ！",
                "image_url": "https:\/\/miro.medium.com\/max\/1200\/0*9WPOS5zPlXtKtygS",
                "fields": [
                    {
                        "title": "Reading time",
                        "value": "8 min read",
                        "short": true
                    }
                ],
                "ts": 1607682534,
                "from_url": "https:\/\/rumioku.medium.com\/terraform%E3%81%AE%E7%A8%AE%E9%A1%9E%E3%81%A8%E6%A9%9F%E8%83%BD%E5%B7%AE%E3%82%92%E8%A7%A3%E8%AA%AC-%E4%BE%A1%E6%A0%BC%E3%82%82%E3%82%8F%E3%81%8B%E3%82%8B%E3%82%88-6e05da0bcba2",
                "image_width": 400,
                "image_height": 250,
                "image_bytes": 114818,
                "service_icon": "https:\/\/miro.medium.com\/fit\/c\/152\/152\/1*sHhtYhaCe2Uc3IU0IgKwIQ.png",
                "id": 1,
                "original_url": "https:\/\/rumioku.medium.com\/terraform%E3%81%AE%E7%A8%AE%E9%A1%9E%E3%81%A8%E6%A9%9F%E8%83%BD%E5%B7%AE%E3%82%92%E8%A7%A3%E8%AA%AC-%E4%BE%A1%E6%A0%BC%E3%82%82%E3%82%8F%E3%81%8B%E3%82%8B%E3%82%88-6e05da0bcba2"
            }
        ],
        "blocks": [
            {
                "type": "rich_text",
                "block_id": "Xfz",
                "elements": [
                    {
                        "type": "rich_text_section",
                        "elements": [
                            {
                                "type": "text",
                                "text": "誰や価格のこととか書いてる人中の人かいと思ったら oku さんで笑った\n"
                            },
                            {
                                "type": "link",
                                "url": "https:\/\/rumioku.medium.com\/terraform%E3%81%AE%E7%A8%AE%E9%A1%9E%E3%81%A8%E6%A9%9F%E8%83%BD%E5%B7%AE%E3%82%92%E8%A7%A3%E8%AA%AC-%E4%BE%A1%E6%A0%BC%E3%82%82%E3%82%8F%E3%81%8B%E3%82%8B%E3%82%88-6e05da0bcba2",
                                "text": "https:\/\/rumioku.medium.com\/terraform%E3%81%AE%E7%A8%AE%E9%A1%9E%E3%81%A8%E6%A9%9F%E8%8[…]C%E3%82%82%E3%82%8F%E3%81%8B%E3%82%8B%E3%82%88-6e05da0bcba2"
                            }
                        ]
                    }
                ]
            }
        ]
    },
    {
        "client_msg_id": "960e26b7-47d9-43de-8dcd-60eb60e07a4f",
        "type": "message",
        "text": "担当外されてついカッとなって、エクセルに書いたDatadogのパラメータ定義からTerraformのtfファイルを吐き出す、という、以下にもSIerらしいコードを夏頃に書いたときにTerraformとDatadogを触ったのが今年最後…",
        "user": "UGVTSE7LG",
        "ts": "1608133051.014100",
        "team": "TFU0BKCQP",
        "user_team": "TFU0BKCQP",
        "source_team": "TFU0BKCQP",
        "user_profile": {
            "avatar_hash": "g388901e0e9c",
            "image_72": "https:\/\/secure.gravatar.com\/avatar\/0388901e0e9c7cdc43eac0d85fcb3379.jpg?s=72&d=https%3A%2F%2Fa.slack-edge.com%2Fdf10d%2Fimg%2Favatars%2Fava_0018-72.png",
            "first_name": "",
            "real_name": "Osamu Habuka",
            "display_name": "habuka036",
            "team": "TFU0BKCQP",
            "name": "osamu",
            "is_restricted": false,
            "is_ultra_restricted": false
        },
        "blocks": [
            {
                "type": "rich_text",
                "block_id": "wZr",
                "elements": [
                    {
                        "type": "rich_text_section",
                        "elements": [
                            {
                                "type": "text",
                                "text": "担当外されてついカッとなって、エクセルに書いたDatadogのパラメータ定義からTerraformのtfファイルを吐き出す、という、以下にもSIerらしいコードを夏頃に書いたときにTerraformとDatadogを触ったのが今年最後…"
                            }
                        ]
                    }
                ]
            }
        ]
    },
    {
        "client_msg_id": "495ba88c-7d4c-4b9d-83d3-e628e3f9ddcc",
        "type": "message",
        "text": "つらそう",
        "user": "UG46Z57TN",
        "ts": "1608133067.014400",
        "team": "TFU0BKCQP",
        "user_team": "TFU0BKCQP",
        "source_team": "TFU0BKCQP",
        "user_profile": {
            "avatar_hash": "c6bdd4cb17db",
            "image_72": "https:\/\/avatars.slack-edge.com\/2019-07-05\/685991185957_c6bdd4cb17db956661a1_72.jpg",
            "first_name": "Takeshi",
            "real_name": "Takeshi Kondo",
            "display_name": "chaspy",
            "team": "TFU0BKCQP",
            "name": "take.she12",
            "is_restricted": false,
            "is_ultra_restricted": false
        },
        "blocks": [
            {
                "type": "rich_text",
                "block_id": "cyve",
                "elements": [
                    {
                        "type": "rich_text_section",
                        "elements": [
                            {
                                "type": "text",
                                "text": "つらそう"
                            }
                        ]
                    }
                ]
            }
        ]
    },
    {
        "client_msg_id": "ac1acc58-a13a-4ffe-8cf6-e70516e96376",
        "type": "message",
        "text": "あー。gcp の cloud pub\/sub を terraform 管理したい案件があった気がする。。。社内で。。。でも結局あんま急いでないって言われてそっかってなって放置",
        "user": "UG46Z57TN",
        "ts": "1608133191.015800",
        "team": "TFU0BKCQP",
        "user_team": "TFU0BKCQP",
        "source_team": "TFU0BKCQP",
        "user_profile": {
            "avatar_hash": "c6bdd4cb17db",
            "image_72": "https:\/\/avatars.slack-edge.com\/2019-07-05\/685991185957_c6bdd4cb17db956661a1_72.jpg",
            "first_name": "Takeshi",
            "real_name": "Takeshi Kondo",
            "display_name": "chaspy",
            "team": "TFU0BKCQP",
            "name": "take.she12",
            "is_restricted": false,
            "is_ultra_restricted": false
        },
        "blocks": [
            {
                "type": "rich_text",
                "block_id": "kgjZs",
                "elements": [
                    {
                        "type": "rich_text_section",
                        "elements": [
                            {
                                "type": "text",
                                "text": "あー。gcp の cloud pub\/sub を terraform 管理したい案件があった気がする。。。社内で。。。でも結局あんま急いでないって言われてそっかってなって放置"
                            }
                        ]
                    }
                ]
            }
        ]
    },
    {
        "client_msg_id": "71dc2938-9a57-4084-ab63-ae8fae257f6e",
        "type": "message",
        "text": "former2とかもそうだけど、既に手作業で作ったリソースを管理するために terraform に落とす作業に\nあんまりメリットを感じてない。。。\nそっから新しい似たようなもの作る、とかならまだわかるけど。。。",
        "user": "UFU0BKD8F",
        "ts": "1608133357.018200",
        "team": "TFU0BKCQP",
        "user_team": "TFU0BKCQP",
        "source_team": "TFU0BKCQP",
        "user_profile": {
            "avatar_hash": "92c41c62c7b0",
            "image_72": "https:\/\/avatars.slack-edge.com\/2019-01-30\/537137791812_92c41c62c7b0f054d3dd_72.jpg",
            "first_name": "らき",
            "real_name": "らき",
            "display_name": "raki",
            "team": "TFU0BKCQP",
            "name": "nishimuray",
            "is_restricted": false,
            "is_ultra_restricted": false
        },
        "blocks": [
            {
                "type": "rich_text",
                "block_id": "\/F51Y",
                "elements": [
                    {
                        "type": "rich_text_section",
                        "elements": [
                            {
                                "type": "text",
                                "text": "former2とかもそうだけど、既に手作業で作ったリソースを管理するために terraform に落とす作業に\nあんまりメリットを感じてない。。。\nそっから新しい似たようなもの作る、とかならまだわかるけど。。。"
                            }
                        ]
                    }
                ]
            }
        ]
    },
    {
        "client_msg_id": "8e356787-b3d2-4a21-b4f4-17d99f80d227",
        "type": "message",
        "text": "terraform cloud での policy as code 結構お金とってくるな\n<https:\/\/qiita.com\/kuroseets\/items\/7ec5b41ec3d20831149a>\n\n誤字みつけたので編リク投げた",
        "user": "UG46Z57TN",
        "ts": "1608133396.018300",
        "team": "TFU0BKCQP",
        "user_team": "TFU0BKCQP",
        "source_team": "TFU0BKCQP",
        "user_profile": {
            "avatar_hash": "c6bdd4cb17db",
            "image_72": "https:\/\/avatars.slack-edge.com\/2019-07-05\/685991185957_c6bdd4cb17db956661a1_72.jpg",
            "first_name": "Takeshi",
            "real_name": "Takeshi Kondo",
            "display_name": "chaspy",
            "team": "TFU0BKCQP",
            "name": "take.she12",
            "is_restricted": false,
            "is_ultra_restricted": false
        },
        "attachments": [
            {
                "service_name": "Qiita",
                "title": "Terraform CloudでのPolicy as Code - Qiita",
                "title_link": "https:\/\/qiita.com\/kuroseets\/items\/7ec5b41ec3d20831149a",
                "text": "はじめに みなさん、こんにちは。 terraform Advent Calendar 2020 も14日目を迎えました。 最近、業務にて頻繁にTerraform Cloudを利用しておりまして、そのTerraform Clou...",
                "fallback": "Qiita: Terraform CloudでのPolicy as Code - Qiita",
                "image_url": "https:\/\/qiita-user-contents.imgix.net\/https%3A%2F%2Fcdn.qiita.com%2Fassets%2Fpublic%2Farticle-ogp-background-1150d8b18a7c15795b701a55ae908f94.png?ixlib=rb-1.2.2&w=1200&mark=https%3A%2F%2Fqiita-user-contents.imgix.net%2F~text%3Fixlib%3Drb-1.2.2%26w%3D840%26h%3D380%26txt%3DTerraform%2520Cloud%25E3%2581%25A7%25E3%2581%25AEPolicy%2520as%2520Code%26txt-color%3D%2523333%26txt-font%3DHiragino%2520Sans%2520W6%26txt-size%3D54%26txt-clip%3Dellipsis%26txt-align%3Dcenter%252Cmiddle%26s%3Deeec85e04e0bdde6b61c98d67dea0bef&mark-align=center%2Cmiddle&blend=https%3A%2F%2Fqiita-user-contents.imgix.net%2F~text%3Fixlib%3Drb-1.2.2%26w%3D840%26h%3D500%26txt%3D%2540kuroseets%26txt-color%3D%2523333%26txt-font%3DHiragino%2520Sans%2520W6%26txt-size%3D45%26txt-align%3Dright%252Cbottom%26s%3D95aae8893b02059ebb04e74fb45f7d20&blend-align=center%2Cmiddle&blend-mode=normal&s=73128bb0481f262fa756cca9ab05a23b",
                "from_url": "https:\/\/qiita.com\/kuroseets\/items\/7ec5b41ec3d20831149a",
                "image_width": 476,
                "image_height": 250,
                "image_bytes": 43173,
                "service_icon": "https:\/\/cdn.qiita.com\/assets\/favicons\/public\/apple-touch-icon-ec5ba42a24ae923f16825592efdc356f.png",
                "id": 1,
                "original_url": "https:\/\/qiita.com\/kuroseets\/items\/7ec5b41ec3d20831149a"
            }
        ],
        "blocks": [
            {
                "type": "rich_text",
                "block_id": "UEb",
                "elements": [
                    {
                        "type": "rich_text_section",
                        "elements": [
                            {
                                "type": "text",
                                "text": "terraform cloud での policy as code 結構お金とってくるな\n"
                            },
                            {
                                "type": "link",
                                "url": "https:\/\/qiita.com\/kuroseets\/items\/7ec5b41ec3d20831149a"
                            },
                            {
                                "type": "text",
                                "text": "\n\n誤字みつけたので編リク投げた"
                            }
                        ]
                    }
                ]
            }
        ],
        "reactions": [
            {
                "name": "relaxed",
                "users": [
                    "U01AEH6SRL2"
                ],
                "count": 1
            }
        ]
    },
    {
        "client_msg_id": "578bb3cc-20bb-45c2-bedd-e81fe52e8d4b",
        "type": "message",
        "text": "まぁ一番最初は便利じゃないですか？＜コードおこし",
        "user": "UG46Z57TN",
        "ts": "1608133411.018800",
        "team": "TFU0BKCQP",
        "user_team": "TFU0BKCQP",
        "source_team": "TFU0BKCQP",
        "user_profile": {
            "avatar_hash": "c6bdd4cb17db",
            "image_72": "https:\/\/avatars.slack-edge.com\/2019-07-05\/685991185957_c6bdd4cb17db956661a1_72.jpg",
            "first_name": "Takeshi",
            "real_name": "Takeshi Kondo",
            "display_name": "chaspy",
            "team": "TFU0BKCQP",
            "name": "take.she12",
            "is_restricted": false,
            "is_ultra_restricted": false
        },
        "blocks": [
            {
                "type": "rich_text",
                "block_id": "Z+pZ",
                "elements": [
                    {
                        "type": "rich_text_section",
                        "elements": [
                            {
                                "type": "text",
                                "text": "まぁ一番最初は便利じゃないですか？＜コードおこし"
                            }
                        ]
                    }
                ]
            }
        ]
    },
    {
        "client_msg_id": "2052cfa6-2103-4009-9768-b3d4ffc076f5",
        "type": "message",
        "text": "でもそっからいい感じにするのはそれ相応の苦労はある気はするのでプロセスの問題かもしれない",
        "user": "UG46Z57TN",
        "ts": "1608133442.019300",
        "team": "TFU0BKCQP",
        "user_team": "TFU0BKCQP",
        "source_team": "TFU0BKCQP",
        "user_profile": {
            "avatar_hash": "c6bdd4cb17db",
            "image_72": "https:\/\/avatars.slack-edge.com\/2019-07-05\/685991185957_c6bdd4cb17db956661a1_72.jpg",
            "first_name": "Takeshi",
            "real_name": "Takeshi Kondo",
            "display_name": "chaspy",
            "team": "TFU0BKCQP",
            "name": "take.she12",
            "is_restricted": false,
            "is_ultra_restricted": false
        },
        "blocks": [
            {
                "type": "rich_text",
                "block_id": "BoT2",
                "elements": [
                    {
                        "type": "rich_text_section",
                        "elements": [
                            {
                                "type": "text",
                                "text": "でもそっからいい感じにするのはそれ相応の苦労はある気はするのでプロセスの問題かもしれない"
                            }
                        ]
                    }
                ]
            }
        ]
    },
    {
        "client_msg_id": "201cb631-f8de-40bc-908c-0c11c8696076",
        "type": "message",
        "text": "1mm もコード管理されてないのをする仕事、やったことないけど、確かにインポートしたものを参考に1つずつ import \/ merge ってやっていくかもしれない。",
        "user": "UG46Z57TN",
        "ts": "1608133475.020100",
        "team": "TFU0BKCQP",
        "user_team": "TFU0BKCQP",
        "source_team": "TFU0BKCQP",
        "user_profile": {
            "avatar_hash": "c6bdd4cb17db",
            "image_72": "https:\/\/avatars.slack-edge.com\/2019-07-05\/685991185957_c6bdd4cb17db956661a1_72.jpg",
            "first_name": "Takeshi",
            "real_name": "Takeshi Kondo",
            "display_name": "chaspy",
            "team": "TFU0BKCQP",
            "name": "take.she12",
            "is_restricted": false,
            "is_ultra_restricted": false
        },
        "blocks": [
            {
                "type": "rich_text",
                "block_id": "wS8",
                "elements": [
                    {
                        "type": "rich_text_section",
                        "elements": [
                            {
                                "type": "text",
                                "text": "1mm もコード管理されてないのをする仕事、やったことないけど、確かにインポートしたものを参考に1つずつ import \/ merge ってやっていくかもしれない。"
                            }
                        ]
                    }
                ]
            }
        ]
    },
    {
        "client_msg_id": "3f1a69bc-4e5f-4954-9ebc-b9e5bbd4ac82",
        "type": "message",
        "text": "おー！lambda で terraform！と思ったけど CI から実行するのに比べて大きなメリットはあるのかな。\n<https:\/\/qiita.com\/Yusuke-Shimizu\/items\/401ac4f92570f8760b4c>\n\n定期実行して解離を監視したいみたいだ。",
        "user": "UG46Z57TN",
        "ts": "1608133621.023500",
        "team": "TFU0BKCQP",
        "user_team": "TFU0BKCQP",
        "source_team": "TFU0BKCQP",
        "user_profile": {
            "avatar_hash": "c6bdd4cb17db",
            "image_72": "https:\/\/avatars.slack-edge.com\/2019-07-05\/685991185957_c6bdd4cb17db956661a1_72.jpg",
            "first_name": "Takeshi",
            "real_name": "Takeshi Kondo",
            "display_name": "chaspy",
            "team": "TFU0BKCQP",
            "name": "take.she12",
            "is_restricted": false,
            "is_ultra_restricted": false
        },
        "attachments": [
            {
                "service_name": "Qiita",
                "title": "Lambda on Terraform Container - Qiita",
                "title_link": "https:\/\/qiita.com\/Yusuke-Shimizu\/items\/401ac4f92570f8760b4c",
                "text": "はじめに この記事はterraform Advent Calendar 2020の15日目です。 もともとTerraformのテストについてつらつら書こうとしましたが、re:Invent2020でLambdaのコンテナサポート...",
                "fallback": "Qiita: Lambda on Terraform Container - Qiita",
                "image_url": "https:\/\/qiita-user-contents.imgix.net\/https%3A%2F%2Fcdn.qiita.com%2Fassets%2Fpublic%2Farticle-ogp-background-1150d8b18a7c15795b701a55ae908f94.png?ixlib=rb-1.2.2&w=1200&mark=https%3A%2F%2Fqiita-user-contents.imgix.net%2F~text%3Fixlib%3Drb-1.2.2%26w%3D840%26h%3D380%26txt%3DLambda%2520on%2520Terraform%2520Container%26txt-color%3D%2523333%26txt-font%3DHiragino%2520Sans%2520W6%26txt-size%3D54%26txt-clip%3Dellipsis%26txt-align%3Dcenter%252Cmiddle%26s%3D3b3abfc5c730e7d3a1974f2d6fc48f4b&mark-align=center%2Cmiddle&blend=https%3A%2F%2Fqiita-user-contents.imgix.net%2F~text%3Fixlib%3Drb-1.2.2%26w%3D840%26h%3D500%26txt%3D%2540Yusuke-Shimizu%26txt-color%3D%2523333%26txt-font%3DHiragino%2520Sans%2520W6%26txt-size%3D45%26txt-align%3Dright%252Cbottom%26s%3D3b626f118fbac086c49e16488b9f702d&blend-align=center%2Cmiddle&blend-mode=normal&s=5160b0561b2fa0fd8caf341342a00b7a",
                "from_url": "https:\/\/qiita.com\/Yusuke-Shimizu\/items\/401ac4f92570f8760b4c",
                "image_width": 476,
                "image_height": 250,
                "image_bytes": 39052,
                "service_icon": "https:\/\/cdn.qiita.com\/assets\/favicons\/public\/apple-touch-icon-ec5ba42a24ae923f16825592efdc356f.png",
                "id": 1,
                "original_url": "https:\/\/qiita.com\/Yusuke-Shimizu\/items\/401ac4f92570f8760b4c"
            }
        ],
        "blocks": [
            {
                "type": "rich_text",
                "block_id": "4zjw",
                "elements": [
                    {
                        "type": "rich_text_section",
                        "elements": [
                            {
                                "type": "text",
                                "text": "おー！lambda で terraform！と思ったけど CI から実行するのに比べて大きなメリットはあるのかな。\n"
                            },
                            {
                                "type": "link",
                                "url": "https:\/\/qiita.com\/Yusuke-Shimizu\/items\/401ac4f92570f8760b4c"
                            },
                            {
                                "type": "text",
                                "text": "\n\n定期実行して解離を監視したいみたいだ。"
                            }
                        ]
                    }
                ]
            }
        ]
    },
    {
        "client_msg_id": "a01355e9-a4f2-407b-ad20-97492b45b555",
        "type": "message",
        "text": "頑張ってコード化したけど、そのプロジェクトから離れて後日談を聞いたら、結局運用する人達がエクセル手順書ベースでしか作業を受けないというスキームなのと、運用に仕事を依頼する人達がエクセルでしか手順書を提示できないという、「わぁ、SIerだぁ」っていう文化のせいで、コードが全く使われなくなって、手運用になったプロジェクトとか…たまに…いや、結構あります",
        "user": "UGVTSE7LG",
        "ts": "1608133626.023800",
        "team": "TFU0BKCQP",
        "user_team": "TFU0BKCQP",
        "source_team": "TFU0BKCQP",
        "user_profile": {
            "avatar_hash": "g388901e0e9c",
            "image_72": "https:\/\/secure.gravatar.com\/avatar\/0388901e0e9c7cdc43eac0d85fcb3379.jpg?s=72&d=https%3A%2F%2Fa.slack-edge.com%2Fdf10d%2Fimg%2Favatars%2Fava_0018-72.png",
            "first_name": "",
            "real_name": "Osamu Habuka",
            "display_name": "habuka036",
            "team": "TFU0BKCQP",
            "name": "osamu",
            "is_restricted": false,
            "is_ultra_restricted": false
        },
        "blocks": [
            {
                "type": "rich_text",
                "block_id": "LBG",
                "elements": [
                    {
                        "type": "rich_text_section",
                        "elements": [
                            {
                                "type": "text",
                                "text": "頑張ってコード化したけど、そのプロジェクトから離れて後日談を聞いたら、結局運用する人達がエクセル手順書ベースでしか作業を受けないというスキームなのと、運用に仕事を依頼する人達がエクセルでしか手順書を提示できないという、「わぁ、SIerだぁ」っていう文化のせいで、コードが全く使われなくなって、手運用になったプロジェクトとか…たまに…いや、結構あります"
                            }
                        ]
                    }
                ]
            }
        ],
        "reactions": [
            {
                "name": "wakaru",
                "users": [
                    "UGW0ABZLG"
                ],
                "count": 1
            },
            {
                "name": "terraform-party",
                "users": [
                    "UGW0ABZLG"
                ],
                "count": 1
            }
        ]
    },
    {
        "client_msg_id": "9f2dee90-c63a-4ada-a381-53a095d08ee7",
        "type": "message",
        "text": "悲しみの果てだ",
        "user": "UG46Z57TN",
        "ts": "1608133647.024300",
        "team": "TFU0BKCQP",
        "user_team": "TFU0BKCQP",
        "source_team": "TFU0BKCQP",
        "user_profile": {
            "avatar_hash": "c6bdd4cb17db",
            "image_72": "https:\/\/avatars.slack-edge.com\/2019-07-05\/685991185957_c6bdd4cb17db956661a1_72.jpg",
            "first_name": "Takeshi",
            "real_name": "Takeshi Kondo",
            "display_name": "chaspy",
            "team": "TFU0BKCQP",
            "name": "take.she12",
            "is_restricted": false,
            "is_ultra_restricted": false
        },
        "blocks": [
            {
                "type": "rich_text",
                "block_id": "jhF",
                "elements": [
                    {
                        "type": "rich_text_section",
                        "elements": [
                            {
                                "type": "text",
                                "text": "悲しみの果てだ"
                            }
                        ]
                    }
                ]
            }
        ]
    },
    {
        "client_msg_id": "e2e998c0-bd26-4363-b8d9-da722b9da334",
        "type": "message",
        "text": "SIer でコード化とか頑張るほうが無駄な労力なんだろうなーって思いにいつもなりますねwww",
        "user": "UGVTSE7LG",
        "ts": "1608133680.025200",
        "team": "TFU0BKCQP",
        "user_team": "TFU0BKCQP",
        "source_team": "TFU0BKCQP",
        "user_profile": {
            "avatar_hash": "g388901e0e9c",
            "image_72": "https:\/\/secure.gravatar.com\/avatar\/0388901e0e9c7cdc43eac0d85fcb3379.jpg?s=72&d=https%3A%2F%2Fa.slack-edge.com%2Fdf10d%2Fimg%2Favatars%2Fava_0018-72.png",
            "first_name": "",
            "real_name": "Osamu Habuka",
            "display_name": "habuka036",
            "team": "TFU0BKCQP",
            "name": "osamu",
            "is_restricted": false,
            "is_ultra_restricted": false
        },
        "blocks": [
            {
                "type": "rich_text",
                "block_id": "4Vt5R",
                "elements": [
                    {
                        "type": "rich_text_section",
                        "elements": [
                            {
                                "type": "text",
                                "text": "SIer でコード化とか頑張るほうが無駄な労力なんだろうなーって思いにいつもなりますねwww"
                            }
                        ]
                    }
                ]
            }
        ]
    },
    {
        "client_msg_id": "d9a9e601-ecc5-43c1-933f-547a8736d774",
        "type": "message",
        "text": "もう絶対SIになんか帰れないな。。。",
        "user": "UFU0BKD8F",
        "ts": "1608133694.025500",
        "team": "TFU0BKCQP",
        "user_team": "TFU0BKCQP",
        "source_team": "TFU0BKCQP",
        "user_profile": {
            "avatar_hash": "92c41c62c7b0",
            "image_72": "https:\/\/avatars.slack-edge.com\/2019-01-30\/537137791812_92c41c62c7b0f054d3dd_72.jpg",
            "first_name": "らき",
            "real_name": "らき",
            "display_name": "raki",
            "team": "TFU0BKCQP",
            "name": "nishimuray",
            "is_restricted": false,
            "is_ultra_restricted": false
        },
        "blocks": [
            {
                "type": "rich_text",
                "block_id": "Zxo8P",
                "elements": [
                    {
                        "type": "rich_text_section",
                        "elements": [
                            {
                                "type": "text",
                                "text": "もう絶対SIになんか帰れないな。。。"
                            }
                        ]
                    }
                ]
            }
        ],
        "reactions": [
            {
                "name": "+1",
                "users": [
                    "UGVTSE7LG",
                    "UGW0ABZLG"
                ],
                "count": 2
            }
        ]
    },
    {
        "client_msg_id": "902534a4-3e93-4c6f-ba4a-532cc93e5f32",
        "type": "message",
        "text": "terradiff, 発想いいすね\n<https:\/\/qiita.com\/masa_ito\/items\/2e38b54cf87f33be94ef>\n\ntfnotify とか github に plan 結果通知するひとが多いので、そっちにこの結果をはれるような何かがあるともっといいかも。",
        "user": "UG46Z57TN",
        "ts": "1608133798.026300",
        "team": "TFU0BKCQP",
        "user_team": "TFU0BKCQP",
        "source_team": "TFU0BKCQP",
        "user_profile": {
            "avatar_hash": "c6bdd4cb17db",
            "image_72": "https:\/\/avatars.slack-edge.com\/2019-07-05\/685991185957_c6bdd4cb17db956661a1_72.jpg",
            "first_name": "Takeshi",
            "real_name": "Takeshi Kondo",
            "display_name": "chaspy",
            "team": "TFU0BKCQP",
            "name": "take.she12",
            "is_restricted": false,
            "is_ultra_restricted": false
        },
        "attachments": [
            {
                "service_name": "Qiita",
                "title": "terraformの差分をカッコよく表示するサービスを作ったので使って欲しい - Qiita",
                "title_link": "https:\/\/qiita.com\/masa_ito\/items\/2e38b54cf87f33be94ef",
                "text": "はじめに この記事はterraform Advent Calendar 2020の16日目です。 早速お詫びですが、熱心に旬のネタを書くというよりはzennやtwitterで既に発信しているものをここでも宣伝するだけの記事です。...",
                "fallback": "Qiita: terraformの差分をカッコよく表示するサービスを作ったので使って欲しい - Qiita",
                "image_url": "https:\/\/qiita-user-contents.imgix.net\/https%3A%2F%2Fcdn.qiita.com%2Fassets%2Fpublic%2Farticle-ogp-background-1150d8b18a7c15795b701a55ae908f94.png?ixlib=rb-1.2.2&w=1200&mark=https%3A%2F%2Fqiita-user-contents.imgix.net%2F~text%3Fixlib%3Drb-1.2.2%26w%3D840%26h%3D380%26txt%3Dterraform%25E3%2581%25AE%25E5%25B7%25AE%25E5%2588%2586%25E3%2582%2592%25E3%2582%25AB%25E3%2583%2583%25E3%2582%25B3%25E3%2582%2588%25E3%2581%258F%25E8%25A1%25A8%25E7%25A4%25BA%25E3%2581%2599%25E3%2582%258B%25E3%2582%25B5%25E3%2583%25BC%25E3%2583%2593%25E3%2582%25B9%25E3%2582%2592%25E4%25BD%259C%25E3%2581%25A3%25E3%2581%259F%25E3%2581%25AE%25E3%2581%25A7%25E4%25BD%25BF%25E3%2581%25A3%25E3%2581%25A6%25E6%25AC%25B2%25E3%2581%2597%25E3%2581%2584%26txt-color%3D%2523333%26txt-font%3DHiragino%2520Sans%2520W6%26txt-size%3D54%26txt-clip%3Dellipsis%26txt-align%3Dcenter%252Cmiddle%26s%3Ddba154266f76bbc7e87aa09029185c5b&mark-align=center%2Cmiddle&blend=https%3A%2F%2Fqiita-user-contents.imgix.net%2F~text%3Fixlib%3Drb-1.2.2%26w%3D840%26h%3D500%26txt%3D%2540masa_ito%26txt-color%3D%2523333%26txt-font%3DHiragino%2520Sans%2520W6%26txt-size%3D45%26txt-align%3Dright%252Cbottom%26s%3D094708e13207d27251ea42715debdd86&blend-align=center%2Cmiddle&blend-mode=normal&s=da54513aad74bbc2dd94d5cedabe1cd6",
                "from_url": "https:\/\/qiita.com\/masa_ito\/items\/2e38b54cf87f33be94ef",
                "image_width": 476,
                "image_height": 250,
                "image_bytes": 66656,
                "service_icon": "https:\/\/cdn.qiita.com\/assets\/favicons\/public\/apple-touch-icon-ec5ba42a24ae923f16825592efdc356f.png",
                "id": 1,
                "original_url": "https:\/\/qiita.com\/masa_ito\/items\/2e38b54cf87f33be94ef"
            }
        ],
        "blocks": [
            {
                "type": "rich_text",
                "block_id": "3fg",
                "elements": [
                    {
                        "type": "rich_text_section",
                        "elements": [
                            {
                                "type": "text",
                                "text": "terradiff, 発想いいすね\n"
                            },
                            {
                                "type": "link",
                                "url": "https:\/\/qiita.com\/masa_ito\/items\/2e38b54cf87f33be94ef"
                            },
                            {
                                "type": "text",
                                "text": "\n\ntfnotify とか github に plan 結果通知するひとが多いので、そっちにこの結果をはれるような何かがあるともっといいかも。"
                            }
                        ]
                    }
                ]
            }
        ]
    },
    {
        "client_msg_id": "23907207-e99e-467a-84a4-1b74ceff627e",
        "type": "message",
        "text": "rendering するところを頑張ってるアプリなのでむずいか。",
        "user": "UG46Z57TN",
        "ts": "1608133807.026700",
        "team": "TFU0BKCQP",
        "user_team": "TFU0BKCQP",
        "source_team": "TFU0BKCQP",
        "user_profile": {
            "avatar_hash": "c6bdd4cb17db",
            "image_72": "https:\/\/avatars.slack-edge.com\/2019-07-05\/685991185957_c6bdd4cb17db956661a1_72.jpg",
            "first_name": "Takeshi",
            "real_name": "Takeshi Kondo",
            "display_name": "chaspy",
            "team": "TFU0BKCQP",
            "name": "take.she12",
            "is_restricted": false,
            "is_ultra_restricted": false
        },
        "blocks": [
            {
                "type": "rich_text",
                "block_id": "wK65o",
                "elements": [
                    {
                        "type": "rich_text_section",
                        "elements": [
                            {
                                "type": "text",
                                "text": "rendering するところを頑張ってるアプリなのでむずいか。"
                            }
                        ]
                    }
                ]
            }
        ]
    },
    {
        "client_msg_id": "daed86ac-c244-4304-b4fb-a73dd207b106",
        "type": "message",
        "text": "今日までのアドカレ読み終わった。",
        "user": "UG46Z57TN",
        "ts": "1608133854.027200",
        "team": "TFU0BKCQP",
        "user_team": "TFU0BKCQP",
        "source_team": "TFU0BKCQP",
        "user_profile": {
            "avatar_hash": "c6bdd4cb17db",
            "image_72": "https:\/\/avatars.slack-edge.com\/2019-07-05\/685991185957_c6bdd4cb17db956661a1_72.jpg",
            "first_name": "Takeshi",
            "real_name": "Takeshi Kondo",
            "display_name": "chaspy",
            "team": "TFU0BKCQP",
            "name": "take.she12",
            "is_restricted": false,
            "is_ultra_restricted": false
        },
        "blocks": [
            {
                "type": "rich_text",
                "block_id": "Gg=",
                "elements": [
                    {
                        "type": "rich_text_section",
                        "elements": [
                            {
                                "type": "text",
                                "text": "今日までのアドカレ読み終わった。"
                            }
                        ]
                    }
                ]
            }
        ]
    },
    {
        "client_msg_id": "daf28000-65be-45ff-8b7a-0ec7e502c694",
        "type": "message",
        "text": "オツカレ",
        "user": "UFU0BKD8F",
        "ts": "1608133875.027400",
        "team": "TFU0BKCQP",
        "user_team": "TFU0BKCQP",
        "source_team": "TFU0BKCQP",
        "user_profile": {
            "avatar_hash": "92c41c62c7b0",
            "image_72": "https:\/\/avatars.slack-edge.com\/2019-01-30\/537137791812_92c41c62c7b0f054d3dd_72.jpg",
            "first_name": "らき",
            "real_name": "らき",
            "display_name": "raki",
            "team": "TFU0BKCQP",
            "name": "nishimuray",
            "is_restricted": false,
            "is_ultra_restricted": false
        },
        "blocks": [
            {
                "type": "rich_text",
                "block_id": "6JEE",
                "elements": [
                    {
                        "type": "rich_text_section",
                        "elements": [
                            {
                                "type": "text",
                                "text": "オツカレ"
                            }
                        ]
                    }
                ]
            }
        ]
    },
    {
        "client_msg_id": "15129a82-4817-4888-8808-fd1e5e47d840",
        "type": "message",
        "text": "アドカレネタは\n`tflint の --deep マジ便利そう` にします。（今日 Terraform つよつよ同僚氏がつぶやいてたネタを横領）\n<https:\/\/github.com\/terraform-linters\/tflint\/tree\/master\/docs\/rules#possible-errors>",
        "user": "UG46Z57TN",
        "ts": "1608133998.028100",
        "team": "TFU0BKCQP",
        "user_team": "TFU0BKCQP",
        "source_team": "TFU0BKCQP",
        "user_profile": {
            "avatar_hash": "c6bdd4cb17db",
            "image_72": "https:\/\/avatars.slack-edge.com\/2019-07-05\/685991185957_c6bdd4cb17db956661a1_72.jpg",
            "first_name": "Takeshi",
            "real_name": "Takeshi Kondo",
            "display_name": "chaspy",
            "team": "TFU0BKCQP",
            "name": "take.she12",
            "is_restricted": false,
            "is_ultra_restricted": false
        },
        "edited": {
            "user": "UG46Z57TN",
            "ts": "1608134020.000000"
        },
        "blocks": [
            {
                "type": "rich_text",
                "block_id": "ljI",
                "elements": [
                    {
                        "type": "rich_text_section",
                        "elements": [
                            {
                                "type": "text",
                                "text": "アドカレネタは\n"
                            },
                            {
                                "type": "text",
                                "text": "tflint の --deep マジ便利そう",
                                "style": {
                                    "code": true
                                }
                            },
                            {
                                "type": "text",
                                "text": " にします。（今日 Terraform つよつよ同僚氏がつぶやいてたネタを横領）\n"
                            },
                            {
                                "type": "link",
                                "url": "https:\/\/github.com\/terraform-linters\/tflint\/tree\/master\/docs\/rules#possible-errors"
                            }
                        ]
                    }
                ]
            }
        ],
        "reactions": [
            {
                "name": "naruhodo",
                "users": [
                    "UFU0BKD8F"
                ],
                "count": 1
            }
        ]
    },
    {
        "client_msg_id": "04c79c70-e952-4f6c-bafb-7f35478069e3",
        "type": "message",
        "text": "（たぶん）api 叩いて invalid なリソースないか確認するやつで、（たぶん）provider が validation つけてない限り apply 後爆死パターンを結構防げるんじゃないかと思っている",
        "user": "UG46Z57TN",
        "ts": "1608134131.029300",
        "team": "TFU0BKCQP",
        "user_team": "TFU0BKCQP",
        "source_team": "TFU0BKCQP",
        "user_profile": {
            "avatar_hash": "c6bdd4cb17db",
            "image_72": "https:\/\/avatars.slack-edge.com\/2019-07-05\/685991185957_c6bdd4cb17db956661a1_72.jpg",
            "first_name": "Takeshi",
            "real_name": "Takeshi Kondo",
            "display_name": "chaspy",
            "team": "TFU0BKCQP",
            "name": "take.she12",
            "is_restricted": false,
            "is_ultra_restricted": false
        },
        "blocks": [
            {
                "type": "rich_text",
                "block_id": "SHZl",
                "elements": [
                    {
                        "type": "rich_text_section",
                        "elements": [
                            {
                                "type": "text",
                                "text": "（たぶん）api 叩いて invalid なリソースないか確認するやつで、（たぶん）provider が validation つけてない限り apply 後爆死パターンを結構防げるんじゃないかと思っている"
                            }
                        ]
                    }
                ]
            }
        ]
    },
    {
        "client_msg_id": "b8806a90-e54a-4fea-8734-9a3ca22972c4",
        "type": "message",
        "text": "みんな apply むしろ一発で通るほうが怖いぐらい失敗してるよな？？？？？？？？？？？？？？？？",
        "user": "UG46Z57TN",
        "ts": "1608134151.029900",
        "team": "TFU0BKCQP",
        "user_team": "TFU0BKCQP",
        "source_team": "TFU0BKCQP",
        "user_profile": {
            "avatar_hash": "c6bdd4cb17db",
            "image_72": "https:\/\/avatars.slack-edge.com\/2019-07-05\/685991185957_c6bdd4cb17db956661a1_72.jpg",
            "first_name": "Takeshi",
            "real_name": "Takeshi Kondo",
            "display_name": "chaspy",
            "team": "TFU0BKCQP",
            "name": "take.she12",
            "is_restricted": false,
            "is_ultra_restricted": false
        },
        "blocks": [
            {
                "type": "rich_text",
                "block_id": "GSS1X",
                "elements": [
                    {
                        "type": "rich_text_section",
                        "elements": [
                            {
                                "type": "text",
                                "text": "みんな apply むしろ一発で通るほうが怖いぐらい失敗してるよな？？？？？？？？？？？？？？？？"
                            }
                        ]
                    }
                ]
            }
        ]
    },
    {
        "client_msg_id": "bf4e0112-7997-465b-be98-dfbe5113f9dd",
        "type": "message",
        "text": "tfsecのPoCして導入まではやったんですが、いかんせんコードベースの評価なのでlocal module以外の評価ができないのが我が社で障壁になってます。\nとはいえ、便利なのは間違いないですね。\nあと、sentinelも同様ですが、評価コードが増えて公開されると一気に利用者が増えそう。\ntfsecはjson書くだけなので、sentinelに比べるとかなり楽ですね。",
        "user": "U01AEH6SRL2",
        "ts": "1608169101.030400",
        "team": "TFU0BKCQP",
        "user_team": "TFU0BKCQP",
        "source_team": "TFU0BKCQP",
        "user_profile": {
            "avatar_hash": "d3afb6c9e48a",
            "image_72": "https:\/\/avatars.slack-edge.com\/2020-09-19\/1398101624832_d3afb6c9e48a610f6650_72.png",
            "first_name": "くろせえつお",
            "real_name": "くろせえつお",
            "display_name": "kuroseets",
            "team": "TFU0BKCQP",
            "name": "etsuo.kurose",
            "is_restricted": false,
            "is_ultra_restricted": false
        },
        "blocks": [
            {
                "type": "rich_text",
                "block_id": "Iqy=",
                "elements": [
                    {
                        "type": "rich_text_section",
                        "elements": [
                            {
                                "type": "text",
                                "text": "tfsecのPoCして導入まではやったんですが、いかんせんコードベースの評価なのでlocal module以外の評価ができないのが我が社で障壁になってます。\nとはいえ、便利なのは間違いないですね。\nあと、sentinelも同様ですが、評価コードが増えて公開されると一気に利用者が増えそう。\ntfsecはjson書くだけなので、sentinelに比べるとかなり楽ですね。"
                            }
                        ]
                    }
                ]
            }
        ],
        "thread_ts": "1608132451.004100",
        "parent_user_id": "UG46Z57TN"
    }
]