[
    {
        "bot_id": "B01",
        "type": "message",
        "text": "リマインダー : <@UG46Z57TN|take.she12> アドカレ記事投稿して",
        "user": "USLACKBOT",
        "ts": "1608476490.034600",
        "team": "TFU0BKCQP"
    },
    {
        "client_msg_id": "5db46634-b783-4362-b4b3-a83c5c29926e",
        "type": "message",
        "text": "リマインダーが役に立ってない件ｗ",
        "user": "UFU0BKD8F",
        "ts": "1608479992.034900",
        "team": "TFU0BKCQP",
        "user_team": "TFU0BKCQP",
        "source_team": "TFU0BKCQP",
        "user_profile": {
            "avatar_hash": "92c41c62c7b0",
            "image_72": "https:\/\/avatars.slack-edge.com\/2019-01-30\/537137791812_92c41c62c7b0f054d3dd_72.jpg",
            "first_name": "らき",
            "real_name": "らき",
            "display_name": "raki",
            "team": "TFU0BKCQP",
            "name": "nishimuray",
            "is_restricted": false,
            "is_ultra_restricted": false
        },
        "blocks": [
            {
                "type": "rich_text",
                "block_id": "=gpU",
                "elements": [
                    {
                        "type": "rich_text_section",
                        "elements": [
                            {
                                "type": "text",
                                "text": "リマインダーが役に立ってない件ｗ"
                            }
                        ]
                    }
                ]
            }
        ]
    },
    {
        "client_msg_id": "8c81dfe1-eb0d-4f6e-8ae1-fbd485bc16c2",
        "type": "message",
        "text": "qiita下書きを限定公開にした状態でアドベントカレンダーのURLに登録すると、たしか予約投稿できたはず",
        "user": "UHS4SFFA7",
        "ts": "1608509325.036000",
        "team": "TFU0BKCQP",
        "user_team": "TFU0BKCQP",
        "source_team": "TFU0BKCQP",
        "user_profile": {
            "avatar_hash": "gade34f8bdf1",
            "image_72": "https:\/\/secure.gravatar.com\/avatar\/5ade34f8bdf1b55c4ff82c11cf23cf42.jpg?s=72&d=https%3A%2F%2Fa.slack-edge.com%2Fdf10d%2Fimg%2Favatars%2Fava_0008-72.png",
            "first_name": "",
            "real_name": "minamijoyo",
            "display_name": "minamijoyo",
            "team": "TFU0BKCQP",
            "name": "minamijoyo",
            "is_restricted": false,
            "is_ultra_restricted": false
        },
        "blocks": [
            {
                "type": "rich_text",
                "block_id": "UfAb",
                "elements": [
                    {
                        "type": "rich_text_section",
                        "elements": [
                            {
                                "type": "text",
                                "text": "qiita下書きを限定公開にした状態でアドベントカレンダーのURLに登録すると、たしか予約投稿できたはず"
                            }
                        ]
                    }
                ]
            }
        ]
    },
    {
        "client_msg_id": "A9F19AAE-1232-4D05-AA23-36701D021F8B",
        "type": "message",
        "text": "でいすいして爆睡してました",
        "user": "UG46Z57TN",
        "ts": "1608513971.036600",
        "team": "TFU0BKCQP",
        "user_team": "TFU0BKCQP",
        "source_team": "TFU0BKCQP",
        "user_profile": {
            "avatar_hash": "c6bdd4cb17db",
            "image_72": "https:\/\/avatars.slack-edge.com\/2019-07-05\/685991185957_c6bdd4cb17db956661a1_72.jpg",
            "first_name": "Takeshi",
            "real_name": "Takeshi Kondo",
            "display_name": "chaspy",
            "team": "TFU0BKCQP",
            "name": "take.she12",
            "is_restricted": false,
            "is_ultra_restricted": false
        },
        "blocks": [
            {
                "type": "rich_text",
                "block_id": "+B4b",
                "elements": [
                    {
                        "type": "rich_text_section",
                        "elements": [
                            {
                                "type": "text",
                                "text": "でいすいして爆睡してました"
                            }
                        ]
                    }
                ]
            }
        ]
    },
    {
        "client_msg_id": "babfc4e0-7e07-47d8-b0ad-04702a4ef0a7",
        "type": "message",
        "text": "投降したの？Twで書いたらRTするぉ",
        "user": "UFU0BKD8F",
        "ts": "1608514563.037100",
        "team": "TFU0BKCQP",
        "user_team": "TFU0BKCQP",
        "source_team": "TFU0BKCQP",
        "user_profile": {
            "avatar_hash": "92c41c62c7b0",
            "image_72": "https:\/\/avatars.slack-edge.com\/2019-01-30\/537137791812_92c41c62c7b0f054d3dd_72.jpg",
            "first_name": "らき",
            "real_name": "らき",
            "display_name": "raki",
            "team": "TFU0BKCQP",
            "name": "nishimuray",
            "is_restricted": false,
            "is_ultra_restricted": false
        },
        "blocks": [
            {
                "type": "rich_text",
                "block_id": "C6H",
                "elements": [
                    {
                        "type": "rich_text_section",
                        "elements": [
                            {
                                "type": "text",
                                "text": "投降したの？Twで書いたらRTするぉ"
                            }
                        ]
                    }
                ]
            }
        ]
    },
    {
        "client_msg_id": "F8A98B3C-8EE9-4E5F-82A8-22FE9448EE68",
        "type": "message",
        "text": "まだw\nしたら書きます",
        "user": "UG46Z57TN",
        "ts": "1608514584.037500",
        "team": "TFU0BKCQP",
        "user_team": "TFU0BKCQP",
        "source_team": "TFU0BKCQP",
        "user_profile": {
            "avatar_hash": "c6bdd4cb17db",
            "image_72": "https:\/\/avatars.slack-edge.com\/2019-07-05\/685991185957_c6bdd4cb17db956661a1_72.jpg",
            "first_name": "Takeshi",
            "real_name": "Takeshi Kondo",
            "display_name": "chaspy",
            "team": "TFU0BKCQP",
            "name": "take.she12",
            "is_restricted": false,
            "is_ultra_restricted": false
        },
        "blocks": [
            {
                "type": "rich_text",
                "block_id": "rSr",
                "elements": [
                    {
                        "type": "rich_text_section",
                        "elements": [
                            {
                                "type": "text",
                                "text": "まだw\nしたら書きます"
                            }
                        ]
                    }
                ]
            }
        ],
        "reactions": [
            {
                "name": "+1",
                "users": [
                    "UFU0BKD8F"
                ],
                "count": 1
            }
        ]
    },
    {
        "client_msg_id": "dd9ebbc7-3341-4f28-9fce-886f9929b9a0",
        "type": "message",
        "text": "した！\n<https:\/\/qiita.com\/chaspy\/items\/00f390b34ae5a9e67390>",
        "user": "UG46Z57TN",
        "ts": "1608515867.038000",
        "team": "TFU0BKCQP",
        "user_team": "TFU0BKCQP",
        "source_team": "TFU0BKCQP",
        "user_profile": {
            "avatar_hash": "c6bdd4cb17db",
            "image_72": "https:\/\/avatars.slack-edge.com\/2019-07-05\/685991185957_c6bdd4cb17db956661a1_72.jpg",
            "first_name": "Takeshi",
            "real_name": "Takeshi Kondo",
            "display_name": "chaspy",
            "team": "TFU0BKCQP",
            "name": "take.she12",
            "is_restricted": false,
            "is_ultra_restricted": false
        },
        "attachments": [
            {
                "service_name": "Qiita",
                "title": "tflint の --deep オプション便利 - Qiita",
                "title_link": "https:\/\/qiita.com\/chaspy\/items\/00f390b34ae5a9e67390",
                "text": "tflint 便利ですよね。 <https:\/\/github.com\/terraform-linters\/tflint> まず軽く動かします。 リポジトリはこちら。 <https:\/\/github.com\/chaspy\/try>...",
                "fallback": "Qiita: tflint の --deep オプション便利 - Qiita",
                "image_url": "https:\/\/qiita-user-contents.imgix.net\/https%3A%2F%2Fcdn.qiita.com%2Fassets%2Fpublic%2Farticle-ogp-background-1150d8b18a7c15795b701a55ae908f94.png?ixlib=rb-1.2.2&w=1200&mark=https%3A%2F%2Fqiita-user-contents.imgix.net%2F~text%3Fixlib%3Drb-1.2.2%26w%3D840%26h%3D380%26txt%3Dtflint%2520%25E3%2581%25AE%2520--deep%2520%25E3%2582%25AA%25E3%2583%2597%25E3%2582%25B7%25E3%2583%25A7%25E3%2583%25B3%25E4%25BE%25BF%25E5%2588%25A9%26txt-color%3D%2523333%26txt-font%3DHiragino%2520Sans%2520W6%26txt-size%3D54%26txt-clip%3Dellipsis%26txt-align%3Dcenter%252Cmiddle%26s%3D6d9eda8911f3d7ac4d5ba9d46ccac88f&mark-align=center%2Cmiddle&blend=https%3A%2F%2Fqiita-user-contents.imgix.net%2F~text%3Fixlib%3Drb-1.2.2%26w%3D840%26h%3D500%26txt%3D%2540chaspy%26txt-color%3D%2523333%26txt-font%3DHiragino%2520Sans%2520W6%26txt-size%3D45%26txt-align%3Dright%252Cbottom%26s%3Dceba43e2ed045c8b84f0c91274ab2a96&blend-align=center%2Cmiddle&blend-mode=normal&s=42f03e66fb8ef73dfd8375c49314beb3",
                "from_url": "https:\/\/qiita.com\/chaspy\/items\/00f390b34ae5a9e67390",
                "image_width": 476,
                "image_height": 250,
                "image_bytes": 37618,
                "service_icon": "https:\/\/cdn.qiita.com\/assets\/favicons\/public\/apple-touch-icon-ec5ba42a24ae923f16825592efdc356f.png",
                "id": 1,
                "original_url": "https:\/\/qiita.com\/chaspy\/items\/00f390b34ae5a9e67390"
            }
        ],
        "blocks": [
            {
                "type": "rich_text",
                "block_id": "heXLd",
                "elements": [
                    {
                        "type": "rich_text_section",
                        "elements": [
                            {
                                "type": "text",
                                "text": "した！\n"
                            },
                            {
                                "type": "link",
                                "url": "https:\/\/qiita.com\/chaspy\/items\/00f390b34ae5a9e67390"
                            }
                        ]
                    }
                ]
            }
        ],
        "thread_ts": "1608515867.038000",
        "reply_count": 1,
        "reply_users_count": 1,
        "latest_reply": "1610159767.040600",
        "reply_users": [
            "UFT60TQCQ"
        ],
        "replies": [
            {
                "user": "UFT60TQCQ",
                "ts": "1610159767.040600"
            }
        ],
        "is_locked": false,
        "subscribed": false
    },
    {
        "client_msg_id": "a43216f6-5b44-4917-b011-786a51b98d63",
        "type": "message",
        "text": "TwからRTするちゅうてんやからTwのURL貼ったらいいのにｗｗｗ\n（そっちRTしたけど",
        "user": "UFU0BKD8F",
        "ts": "1608515942.038700",
        "team": "TFU0BKCQP",
        "user_team": "TFU0BKCQP",
        "source_team": "TFU0BKCQP",
        "user_profile": {
            "avatar_hash": "92c41c62c7b0",
            "image_72": "https:\/\/avatars.slack-edge.com\/2019-01-30\/537137791812_92c41c62c7b0f054d3dd_72.jpg",
            "first_name": "らき",
            "real_name": "らき",
            "display_name": "raki",
            "team": "TFU0BKCQP",
            "name": "nishimuray",
            "is_restricted": false,
            "is_ultra_restricted": false
        },
        "blocks": [
            {
                "type": "rich_text",
                "block_id": "=42",
                "elements": [
                    {
                        "type": "rich_text_section",
                        "elements": [
                            {
                                "type": "text",
                                "text": "TwからRTするちゅうてんやからTwのURL貼ったらいいのにｗｗｗ\n（そっちRTしたけど"
                            }
                        ]
                    }
                ]
            }
        ]
    },
    {
        "client_msg_id": "c4000c65-a90a-452a-9474-f9a98fed62e7",
        "type": "message",
        "text": "何も考えてませんでした！すみません！！RTありがとうございます！",
        "user": "UG46Z57TN",
        "ts": "1608516705.039100",
        "team": "TFU0BKCQP",
        "user_team": "TFU0BKCQP",
        "source_team": "TFU0BKCQP",
        "user_profile": {
            "avatar_hash": "c6bdd4cb17db",
            "image_72": "https:\/\/avatars.slack-edge.com\/2019-07-05\/685991185957_c6bdd4cb17db956661a1_72.jpg",
            "first_name": "Takeshi",
            "real_name": "Takeshi Kondo",
            "display_name": "chaspy",
            "team": "TFU0BKCQP",
            "name": "take.she12",
            "is_restricted": false,
            "is_ultra_restricted": false
        },
        "blocks": [
            {
                "type": "rich_text",
                "block_id": "iVBXX",
                "elements": [
                    {
                        "type": "rich_text_section",
                        "elements": [
                            {
                                "type": "text",
                                "text": "何も考えてませんでした！すみません！！RTありがとうございます！"
                            }
                        ]
                    }
                ]
            }
        ],
        "reactions": [
            {
                "name": "+1",
                "users": [
                    "UFU0BKD8F"
                ],
                "count": 1
            }
        ]
    },
    {
        "client_msg_id": "3edc404e-40dc-4794-8e83-7e1ce48906f5",
        "type": "message",
        "text": "いいネタだったね。普段 tflint 使ってないしローカル実行派なのでちょっと検討してみようと思った（やるとは言ってないｗ",
        "user": "UFU0BKD8F",
        "ts": "1608517321.040000",
        "team": "TFU0BKCQP",
        "user_team": "TFU0BKCQP",
        "source_team": "TFU0BKCQP",
        "user_profile": {
            "avatar_hash": "92c41c62c7b0",
            "image_72": "https:\/\/avatars.slack-edge.com\/2019-01-30\/537137791812_92c41c62c7b0f054d3dd_72.jpg",
            "first_name": "らき",
            "real_name": "らき",
            "display_name": "raki",
            "team": "TFU0BKCQP",
            "name": "nishimuray",
            "is_restricted": false,
            "is_ultra_restricted": false
        },
        "blocks": [
            {
                "type": "rich_text",
                "block_id": "LT2Q7",
                "elements": [
                    {
                        "type": "rich_text_section",
                        "elements": [
                            {
                                "type": "text",
                                "text": "いいネタだったね。普段 tflint 使ってないしローカル実行派なのでちょっと検討してみようと思った（やるとは言ってないｗ"
                            }
                        ]
                    }
                ]
            }
        ],
        "reactions": [
            {
                "name": "+1",
                "users": [
                    "UG46Z57TN"
                ],
                "count": 1
            },
            {
                "name": "pray",
                "users": [
                    "UG46Z57TN"
                ],
                "count": 1
            }
        ]
    }
]