[
    {
        "type": "message",
        "subtype": "bot_message",
        "text": "",
        "ts": "1603388750.005800",
        "bot_id": "B01D39EAGTT",
        "attachments": [
            {
                "fallback": "hashicorp\/boundary on GitHub\nv0.1.1v0.1.1 \nrelease note: <https:\/\/newreleases.io\/github\/hashicorp\/boundary?version=v0.1.1>",
                "text": "*v0.1.1* `v0.1.1` \n```\nRelease boundary v0.1.1\n```\n<https:\/\/newreleases.io\/github\/hashicorp\/boundary?version=v0.1.1|release note...>",
                "title": "hashicorp\/boundary on GitHub",
                "id": 1,
                "title_link": "https:\/\/newreleases.io\/github\/hashicorp\/boundary",
                "mrkdwn_in": [
                    "text"
                ]
            }
        ]
    }
]