[
    {
        "type": "message",
        "subtype": "bot_message",
        "text": "",
        "ts": "1631120861.001600",
        "bot_id": "BG2UDF0NA",
        "attachments": [
            {
                "fallback": "ansible\/ansible on GitHub\nv2.11.5rc1 \n\nv2.10.14rc1 \n\nv2.9.26rc1",
                "text": "`v2.11.5rc1` \n\n`v2.10.14rc1` \n\n`v2.9.26rc1`",
                "title": "ansible\/ansible on GitHub",
                "id": 1,
                "title_link": "https:\/\/newreleases.io\/github\/ansible\/ansible",
                "mrkdwn_in": [
                    "text"
                ]
            }
        ]
    }
]