[
    {
        "type": "message",
        "subtype": "bot_message",
        "text": "",
        "ts": "1631236878.000100",
        "bot_id": "BG2UDF0NA",
        "attachments": [
            {
                "fallback": "hashicorp\/terraform-provider-azurerm on GitHub\nv2.76.0",
                "text": "`v2.76.0`",
                "title": "hashicorp\/terraform-provider-azurerm on GitHub",
                "id": 1,
                "title_link": "https:\/\/newreleases.io\/github\/hashicorp\/terraform-provider-azurerm",
                "mrkdwn_in": [
                    "text"
                ]
            }
        ]
    },
    {
        "type": "message",
        "subtype": "bot_message",
        "text": "",
        "ts": "1631238154.000200",
        "bot_id": "BG2UDF0NA",
        "attachments": [
            {
                "fallback": "hashicorp\/terraform-provider-azurerm on GitHub\nv2.76.0v2.76.0 updated\nrelease note: <https:\/\/newreleases.io\/github\/hashicorp\/terraform-provider-azurerm?version=v2.76.0>",
                "text": "*v2.76.0* `v2.76.0` _updated_\n<https:\/\/newreleases.io\/github\/hashicorp\/terraform-provider-azurerm?version=v2.76.0|release note...>",
                "title": "hashicorp\/terraform-provider-azurerm on GitHub",
                "id": 1,
                "title_link": "https:\/\/newreleases.io\/github\/hashicorp\/terraform-provider-azurerm",
                "mrkdwn_in": [
                    "text"
                ]
            }
        ]
    }
]