[
    {
        "type": "message",
        "subtype": "bot_message",
        "text": "",
        "ts": "1630626841.000300",
        "bot_id": "BG2UDF0NA",
        "attachments": [
            {
                "fallback": "hashicorp\/terraform-provider-azurerm on GitHub\nv2.75.0",
                "text": "`v2.75.0`",
                "title": "hashicorp\/terraform-provider-azurerm on GitHub",
                "id": 1,
                "title_link": "https:\/\/newreleases.io\/github\/hashicorp\/terraform-provider-azurerm",
                "mrkdwn_in": [
                    "text"
                ]
            }
        ]
    },
    {
        "type": "message",
        "subtype": "bot_message",
        "text": "",
        "ts": "1630629931.000400",
        "bot_id": "BG2UDF0NA",
        "attachments": [
            {
                "fallback": "hashicorp\/terraform-provider-azurerm on GitHub\nv2.75.0v2.75.0 updated\nrelease note: <https:\/\/newreleases.io\/github\/hashicorp\/terraform-provider-azurerm?version=v2.75.0>",
                "text": "*v2.75.0* `v2.75.0` _updated_\n```\n---------------------------\n2.75.0 (September 02, 2021)\n---------------------------\n\nFEATURES:\n\n* *New Data Source:* azurerm_cosmosdb_mongo_database ( #13123 ( <https:\/\/github.com\/hashicorp\/terraform-provider-azurerm\/issues\/13123> ) )\n\n* *New Resource:* azurerm_cognitive_account_customer_managed_key ( #12901 ( <https:\/\/github.com\/hashicorp\/terraform-provider-azurerm\/issues\/12901> ) )\n\n* *New Resource:* azurerm_logic_app_integration_account_partner ( #13157 ( <https:\/\/github.com\/hashicorp\/terraform-provider-azurerm\/issues\/13157> ) )\n\n* *New Resource:* azurerm_logic_app_integration_account_map ( #13187 ( <https:\/\/github.com\/hashicorp\/terraform-provider-azurerm\/issues\/13187> ) )\n\n* *New Resource:* azurerm_app_configuration_key ( #13118 ( <https:\/\/github.com\/hashicorp\/terraform-provider-azurerm\/issues\/13118> ) )\n\nENHANCEMENTS:\n\n* dependencies: upgrading to v57.0.0 of <http:\/\/github.com\/Azure\/azure-sdk-for-go|github.com\/Azure\/azure-sdk-for-go> ( #13160 ( <https:\/\/github.com\/hashicorp\/terraform-provider-azurerm\/issues\/13160> ) )\n\n* upgrading dataprotection to API Version 2021-07-01 ( #13161 ( <https:\/\/github.com\/hashicorp\/terraform-provider-azurerm\/issues\/13161> ) )\n\n* azurerm_application_insights - support the local_authentication_disabled property ( #13174 ( <https:\/\/github.com\/hashicorp\/terraform-provider-azurerm\/issues\/13174> ) )\n\n* azurerm_data_factory_linked_service_azure_blob_storage - support for the key_vault_sas_token property ( #12880 ( <https:\/\/github.com\/hashicorp\/terraform-provider-azurerm\/issues\/12880> ) )\n\n* azurerm_data_factory_linked_service_azure_function support for the key_vault_key block ( #13159 ( <https:\/\/github.com\/hashicorp\/terraform-provider-azurerm\/issues\/13159> ) )\n\n* azurerm_data_protection_backup_instance_postgresql - support the database_credential_key_vault_secret_id property ( #13183 ( <https:\/\/github.com\/hashicorp\/terraform-provider-azurerm\/issues\/13183> ) )\n\n* azurerm_hdinsight_hadoop_cluster - support for the security_profile block ( #12866 ( <https:\/\/github.com\/hashicorp\/terraform-provider-azurerm\/issues\/12866> ) )\n\n* azurerm_hdinsight_hbase_cluster - support for the security_profile block ( #12866 ( <https:\/\/github.com\/hashicorp\/terraform-provider-azurerm\/issues\/12866> ) )\n\n* azurerm_hdinsight_interactive_query_cluster - support for the security_profile block ( #12866 ( <https:\/\/github.com\/hashicorp\/terraform-provider-azurerm\/issues\/12866> ) )\n\n* azurerm_hdinsight_kafka_cluster - support for the security_profile block ( #12866 ( <https:\/\/github.com\/hashicorp\/terraform-provider-azurerm\/issues\/12866> ) )\n\n* azurerm_hdinsight_spark_cluster - support for the security_profile block ( #12866 ( <https:\/\/github.com\/hashicorp\/terraform-provider-azurerm\/issues\/12866> ) )\n\n* azurerm_mssql_server - refactoring to use an ID Formatter\/Parser ( #13151 ( <https:\/\/github.com\/hashicorp\/terraform-provider-azurerm\/issues\/13151> ) )\n\n* azurerm_policy_virtual_machine_configuration_assignment - support for the assignment_type , content_uri , and content_hash properties ( #13176 ( <https:\/\/github.com\/hashicorp\/terraform-provider-azurerm\/issues\/13176> ) )\n\n* azurerm_storage_account - handle nil values for AllowBlobPublicAccess ( #12689 ( <https:\/\/github.com\/hashicorp\/terraform-provider-azurerm\/issues\/12689> ) )\n\n* azurerm_synapse_spark_pool - add support spark for 3.1 ( #13181 ( <https:\/\/github.com\/hashicorp\/terraform-provider-azurerm\/issues\/13181> ) )\n```\n<https:\/\/newreleases.io\/github\/hashicorp\/terraform-provider-azurerm?version=v2.75.0|release note...>",
                "title": "hashicorp\/terraform-provider-azurerm on GitHub",
                "id": 1,
                "title_link": "https:\/\/newreleases.io\/github\/hashicorp\/terraform-provider-azurerm",
                "mrkdwn_in": [
                    "text"
                ]
            }
        ]
    }
]