[
    {
        "client_msg_id": "98bb3490-54f6-49b1-ba60-100c0aadfaa3",
        "type": "message",
        "text": "タイトルが既に面白いw",
        "user": "UJZCUFM7D",
        "ts": "1575256502.009900",
        "team": "TFU0BKCQP",
        "user_team": "TFU0BKCQP",
        "source_team": "TFU0BKCQP",
        "user_profile": {
            "avatar_hash": "g660f4361676",
            "image_72": "https:\/\/secure.gravatar.com\/avatar\/7660f4361676c30f37308cfb8fe171fd.jpg?s=72&d=https%3A%2F%2Fa.slack-edge.com%2Fdf10d%2Fimg%2Favatars%2Fava_0026-72.png",
            "first_name": "H.M",
            "real_name": "H.M",
            "display_name": "H.M",
            "team": "TFU0BKCQP",
            "name": "hikaru-miyazawa",
            "is_restricted": false,
            "is_ultra_restricted": false
        },
        "blocks": [
            {
                "type": "rich_text",
                "block_id": "m2q",
                "elements": [
                    {
                        "type": "rich_text_section",
                        "elements": [
                            {
                                "type": "text",
                                "text": "タイトルが既に面白いw"
                            }
                        ]
                    }
                ]
            }
        ],
        "thread_ts": "1575179514.009200",
        "parent_user_id": "UG46Z57TN"
    },
    {
        "client_msg_id": "c56e666e-8be7-4534-94ff-d45be91d1ee4",
        "type": "message",
        "text": "connpassメンテナンス中ですね。。（一応17時終了予定？？）\n念の為こちらにも入管情報を記載していただけると助かります！\n<https:\/\/terraform-jp.connpass.com\/event\/153286\/>",
        "user": "UNZSA1277",
        "ts": "1575264450.012100",
        "team": "TFU0BKCQP",
        "user_team": "TFU0BKCQP",
        "source_team": "TFU0BKCQP",
        "user_profile": {
            "avatar_hash": "6b3dfe5f3965",
            "image_72": "https:\/\/avatars.slack-edge.com\/2019-11-20\/833550175745_6b3dfe5f39650759997f_72.jpg",
            "first_name": "",
            "real_name": "dehio3",
            "display_name": "dehio3",
            "team": "TFU0BKCQP",
            "name": "dehitomo0318",
            "is_restricted": false,
            "is_ultra_restricted": false
        },
        "blocks": [
            {
                "type": "rich_text",
                "block_id": "BG+",
                "elements": [
                    {
                        "type": "rich_text_section",
                        "elements": [
                            {
                                "type": "text",
                                "text": "connpassメンテナンス中ですね。。（一応17時終了予定？？）\n念の為こちらにも入管情報を記載していただけると助かります！\n"
                            },
                            {
                                "type": "link",
                                "url": "https:\/\/terraform-jp.connpass.com\/event\/153286\/"
                            }
                        ]
                    }
                ]
            }
        ]
    },
    {
        "client_msg_id": "367182f9-73d0-433f-a6fb-bb68f2c95ba7",
        "type": "message",
        "text": "もうメンテ終わってるけど念の為。\n```時間：18:30 開場です。（※19:30 以降はベストエフォートでお迎えに行きます。）\n場所：渋谷スクランブルスクエア（東京都渋谷区渋谷二丁目24番12号）\n備考：17階にて、オフィスフロア入場用のカード受け渡し後、21階にて受付を行います。受付の際に「受付票」をスマートフォン等で提示をお願います。```",
        "user": "UFU0BKD8F",
        "ts": "1575273142.012700",
        "team": "TFU0BKCQP",
        "user_team": "TFU0BKCQP",
        "source_team": "TFU0BKCQP",
        "user_profile": {
            "avatar_hash": "92c41c62c7b0",
            "image_72": "https:\/\/avatars.slack-edge.com\/2019-01-30\/537137791812_92c41c62c7b0f054d3dd_72.jpg",
            "first_name": "らき",
            "real_name": "らき",
            "display_name": "raki",
            "team": "TFU0BKCQP",
            "name": "nishimuray",
            "is_restricted": false,
            "is_ultra_restricted": false
        },
        "blocks": [
            {
                "type": "rich_text",
                "block_id": "+C1Ji",
                "elements": [
                    {
                        "type": "rich_text_section",
                        "elements": [
                            {
                                "type": "text",
                                "text": "もうメンテ終わってるけど念の為。\n"
                            }
                        ]
                    },
                    {
                        "type": "rich_text_preformatted",
                        "elements": [
                            {
                                "type": "text",
                                "text": "時間：18:30 開場です。（※19:30 以降はベストエフォートでお迎えに行きます。）\n場所：渋谷スクランブルスクエア（東京都渋谷区渋谷二丁目24番12号）\n備考：17階にて、オフィスフロア入場用のカード受け渡し後、21階にて受付を行います。受付の際に「受付票」をスマートフォン等で提示をお願います。"
                            }
                        ]
                    }
                ]
            }
        ]
    }
]