[
    {
        "client_msg_id": "c63732d5-b9a0-42f7-b1c6-b76f358749d3",
        "type": "message",
        "text": "たのしみ。",
        "user": "UJ0HPTBD2",
        "ts": "1567636603.002400",
        "team": "TFU0BKCQP",
        "user_team": "TFU0BKCQP",
        "source_team": "TFU0BKCQP",
        "user_profile": {
            "avatar_hash": "6e0eaa0eef2d",
            "image_72": "https:\/\/avatars.slack-edge.com\/2019-04-19\/615320623782_6e0eaa0eef2da9c63783_72.png",
            "first_name": "Masataka",
            "real_name": "Masataka Tsukamoto",
            "display_name": "Tsukaman",
            "team": "TFU0BKCQP",
            "name": "masataka.tsukamoto",
            "is_restricted": false,
            "is_ultra_restricted": false
        }
    },
    {
        "type": "message",
        "text": "このハンズオン、参加してみました。誰か他にも来ているのかな。",
        "user": "UJ0HPTBD2",
        "ts": "1567645298.003000",
        "team": "TFU0BKCQP",
        "user_team": "TFU0BKCQP",
        "source_team": "TFU0BKCQP",
        "user_profile": {
            "avatar_hash": "6e0eaa0eef2d",
            "image_72": "https:\/\/avatars.slack-edge.com\/2019-04-19\/615320623782_6e0eaa0eef2da9c63783_72.png",
            "first_name": "Masataka",
            "real_name": "Masataka Tsukamoto",
            "display_name": "Tsukaman",
            "team": "TFU0BKCQP",
            "name": "masataka.tsukamoto",
            "is_restricted": false,
            "is_ultra_restricted": false
        },
        "attachments": [
            {
                "fallback": "[August 9th, 2019 7:04 PM] kterada.0509sg: ハンズオンやられるみたいですね。\n\n<https:\/\/twitter.com\/hashicorpjp\/status\/1159643218591375360?s=21>",
                "ts": "1565345083.030200",
                "author_id": "UKAKENQAF",
                "author_subname": "kterada0509",
                "channel_id": "CFUAW9FQW",
                "channel_name": "random",
                "is_msg_unfurl": true,
                "text": "ハンズオンやられるみたいですね。\n\n<https:\/\/twitter.com\/hashicorpjp\/status\/1159643218591375360?s=21>",
                "author_name": "kterada0509",
                "author_link": "https:\/\/terraform-jp.slack.com\/team\/UKAKENQAF",
                "author_icon": "https:\/\/secure.gravatar.com\/avatar\/f3c6c9b43cb5ff355b8faaac3e662292.jpg?s=48&d=https%3A%2F%2Fa.slack-edge.com%2F00b63%2Fimg%2Favatars%2Fava_0020-48.png",
                "mrkdwn_in": [
                    "text"
                ],
                "color": "D0D0D0",
                "from_url": "https:\/\/terraform-jp.slack.com\/archives\/CFUAW9FQW\/p1565345083030200",
                "is_share": true,
                "footer": "#random に投稿"
            }
        ],
        "reactions": [
            {
                "name": "man-raising-hand",
                "users": [
                    "UKAKENQAF"
                ],
                "count": 1
            }
        ]
    },
    {
        "client_msg_id": "612d0623-a6c0-4c55-a4a9-fce902af1761",
        "type": "message",
        "text": "ハンズオンの内容実況よろしくｗ",
        "user": "UFU0BKD8F",
        "ts": "1567645384.003400",
        "team": "TFU0BKCQP",
        "user_team": "TFU0BKCQP",
        "source_team": "TFU0BKCQP",
        "user_profile": {
            "avatar_hash": "92c41c62c7b0",
            "image_72": "https:\/\/avatars.slack-edge.com\/2019-01-30\/537137791812_92c41c62c7b0f054d3dd_72.jpg",
            "first_name": "らき",
            "real_name": "らき",
            "display_name": "raki",
            "team": "TFU0BKCQP",
            "name": "nishimuray",
            "is_restricted": false,
            "is_ultra_restricted": false
        }
    },
    {
        "client_msg_id": "8e0f54a5-e9d0-43dc-a09c-5dc66f1e4eef",
        "type": "message",
        "text": "（初心者向けって書いてたしインストールだとかコピペで動かすとかそういうのかなと思って申し込まなかった",
        "user": "UFU0BKD8F",
        "ts": "1567645419.004200",
        "team": "TFU0BKCQP",
        "user_team": "TFU0BKCQP",
        "source_team": "TFU0BKCQP",
        "user_profile": {
            "avatar_hash": "92c41c62c7b0",
            "image_72": "https:\/\/avatars.slack-edge.com\/2019-01-30\/537137791812_92c41c62c7b0f054d3dd_72.jpg",
            "first_name": "らき",
            "real_name": "らき",
            "display_name": "raki",
            "team": "TFU0BKCQP",
            "name": "nishimuray",
            "is_restricted": false,
            "is_ultra_restricted": false
        }
    },
    {
        "client_msg_id": "ccbabc36-c00d-46f7-9443-86017ce6f6ce",
        "type": "message",
        "text": "インストールは済ませとけよ！ってスタイルでしたｗ",
        "user": "UJ0HPTBD2",
        "ts": "1567645594.004600",
        "team": "TFU0BKCQP",
        "user_team": "TFU0BKCQP",
        "source_team": "TFU0BKCQP",
        "user_profile": {
            "avatar_hash": "6e0eaa0eef2d",
            "image_72": "https:\/\/avatars.slack-edge.com\/2019-04-19\/615320623782_6e0eaa0eef2da9c63783_72.png",
            "first_name": "Masataka",
            "real_name": "Masataka Tsukamoto",
            "display_name": "Tsukaman",
            "team": "TFU0BKCQP",
            "name": "masataka.tsukamoto",
            "is_restricted": false,
            "is_ultra_restricted": false
        },
        "edited": {
            "user": "UJ0HPTBD2",
            "ts": "1567645612.000000"
        }
    },
    {
        "client_msg_id": "e77b1823-4182-4979-a893-9b97689cfeaa",
        "type": "message",
        "text": "メール来てましたしね。w",
        "user": "UKAKENQAF",
        "ts": "1567645651.005000",
        "team": "TFU0BKCQP",
        "user_team": "TFU0BKCQP",
        "source_team": "TFU0BKCQP",
        "user_profile": {
            "avatar_hash": "g3c6c9b43cb5",
            "image_72": "https:\/\/secure.gravatar.com\/avatar\/f3c6c9b43cb5ff355b8faaac3e662292.jpg?s=72&d=https%3A%2F%2Fa.slack-edge.com%2Fdf10d%2Fimg%2Favatars%2Fava_0020-72.png",
            "first_name": "",
            "real_name": "kterada0509",
            "display_name": "kterada0509",
            "team": "TFU0BKCQP",
            "name": "kterada.0509sg",
            "is_restricted": false,
            "is_ultra_restricted": false
        }
    },
    {
        "client_msg_id": "2e9ffbbd-7c40-4953-af6d-8670ed1b0ad6",
        "type": "message",
        "text": "参加者の何割がインストールして来ないか気になるｗｗ",
        "user": "UFU0BKD8F",
        "ts": "1567645681.005500",
        "team": "TFU0BKCQP",
        "user_team": "TFU0BKCQP",
        "source_team": "TFU0BKCQP",
        "user_profile": {
            "avatar_hash": "92c41c62c7b0",
            "image_72": "https:\/\/avatars.slack-edge.com\/2019-01-30\/537137791812_92c41c62c7b0f054d3dd_72.jpg",
            "first_name": "らき",
            "real_name": "らき",
            "display_name": "raki",
            "team": "TFU0BKCQP",
            "name": "nishimuray",
            "is_restricted": false,
            "is_ultra_restricted": false
        },
        "reactions": [
            {
                "name": "sorena",
                "users": [
                    "UKAKENQAF",
                    "UJ0HPTBD2"
                ],
                "count": 2
            }
        ]
    },
    {
        "client_msg_id": "52816048-0ad2-444b-803f-cdb2d2039aeb",
        "type": "message",
        "text": "Consul と Vault は真面目に取り組みたいなーと思うんだけど\n手が動いてない。。。",
        "user": "UFU0BKD8F",
        "ts": "1567645742.006300",
        "team": "TFU0BKCQP",
        "user_team": "TFU0BKCQP",
        "source_team": "TFU0BKCQP",
        "user_profile": {
            "avatar_hash": "92c41c62c7b0",
            "image_72": "https:\/\/avatars.slack-edge.com\/2019-01-30\/537137791812_92c41c62c7b0f054d3dd_72.jpg",
            "first_name": "らき",
            "real_name": "らき",
            "display_name": "raki",
            "team": "TFU0BKCQP",
            "name": "nishimuray",
            "is_restricted": false,
            "is_ultra_restricted": false
        }
    },
    {
        "client_msg_id": "4f8b9389-38fb-4e85-a526-16aefbec292e",
        "type": "message",
        "text": "てか、Consul はSaaS化された何かが欲しいし、Vaultはちょうどいいハメどころが見当たってない。",
        "user": "UFU0BKD8F",
        "ts": "1567645777.007000",
        "team": "TFU0BKCQP",
        "user_team": "TFU0BKCQP",
        "source_team": "TFU0BKCQP",
        "user_profile": {
            "avatar_hash": "92c41c62c7b0",
            "image_72": "https:\/\/avatars.slack-edge.com\/2019-01-30\/537137791812_92c41c62c7b0f054d3dd_72.jpg",
            "first_name": "らき",
            "real_name": "らき",
            "display_name": "raki",
            "team": "TFU0BKCQP",
            "name": "nishimuray",
            "is_restricted": false,
            "is_ultra_restricted": false
        }
    },
    {
        "client_msg_id": "fb05fb64-adb1-4225-a898-7f695c7e6693",
        "type": "message",
        "text": "macOSなんで、サクッとbrew installしたのはないしょｗ",
        "user": "UJ0HPTBD2",
        "ts": "1567645860.007800",
        "team": "TFU0BKCQP",
        "user_team": "TFU0BKCQP",
        "source_team": "TFU0BKCQP",
        "user_profile": {
            "avatar_hash": "6e0eaa0eef2d",
            "image_72": "https:\/\/avatars.slack-edge.com\/2019-04-19\/615320623782_6e0eaa0eef2da9c63783_72.png",
            "first_name": "Masataka",
            "real_name": "Masataka Tsukamoto",
            "display_name": "Tsukaman",
            "team": "TFU0BKCQP",
            "name": "masataka.tsukamoto",
            "is_restricted": false,
            "is_ultra_restricted": false
        }
    },
    {
        "client_msg_id": "9e385f0c-a33b-4037-b1f2-11d93ebd0f03",
        "type": "message",
        "text": "AWSアカウントをどうしようかなーってところが一番迷いましたｗ",
        "user": "UJ0HPTBD2",
        "ts": "1567645963.008700",
        "team": "TFU0BKCQP",
        "user_team": "TFU0BKCQP",
        "source_team": "TFU0BKCQP",
        "user_profile": {
            "avatar_hash": "6e0eaa0eef2d",
            "image_72": "https:\/\/avatars.slack-edge.com\/2019-04-19\/615320623782_6e0eaa0eef2da9c63783_72.png",
            "first_name": "Masataka",
            "real_name": "Masataka Tsukamoto",
            "display_name": "Tsukaman",
            "team": "TFU0BKCQP",
            "name": "masataka.tsukamoto",
            "is_restricted": false,
            "is_ultra_restricted": false
        }
    },
    {
        "client_msg_id": "e5734299-ca01-40d9-befb-2197a59d6b25",
        "type": "message",
        "text": "共有していいかどうかは分かんないですけど、GithubのPublicでやってるので問題無いだろう。。。と勝手に判断。ここでなら問題無いかな？\n<https:\/\/github.com\/hashicorp-japan\/hashistack-oneday-handson>",
        "user": "UJ0HPTBD2",
        "ts": "1567646039.010300",
        "team": "TFU0BKCQP",
        "user_team": "TFU0BKCQP",
        "source_team": "TFU0BKCQP",
        "user_profile": {
            "avatar_hash": "6e0eaa0eef2d",
            "image_72": "https:\/\/avatars.slack-edge.com\/2019-04-19\/615320623782_6e0eaa0eef2da9c63783_72.png",
            "first_name": "Masataka",
            "real_name": "Masataka Tsukamoto",
            "display_name": "Tsukaman",
            "team": "TFU0BKCQP",
            "name": "masataka.tsukamoto",
            "is_restricted": false,
            "is_ultra_restricted": false
        },
        "attachments": [
            {
                "fallback": "hashicorp-japan\/hashistack-oneday-handson",
                "title": "hashicorp-japan\/hashistack-oneday-handson",
                "footer": "<https:\/\/github.com\/hashicorp-japan\/hashistack-oneday-handson|hashicorp-japan\/hashistack-oneday-handson>",
                "id": 1,
                "footer_icon": "https:\/\/github.githubassets.com\/favicon.ico",
                "ts": 1566867874,
                "color": "24292f",
                "fields": [
                    {
                        "title": "Stars",
                        "value": "2",
                        "short": true
                    },
                    {
                        "title": "Last updated",
                        "value": "11 minutes ago",
                        "short": true
                    }
                ],
                "mrkdwn_in": [
                    "text",
                    "fields"
                ],
                "bot_id": "BH12QQBB4",
                "app_unfurl_url": "https:\/\/github.com\/hashicorp-japan\/hashistack-oneday-handson",
                "is_app_unfurl": true
            }
        ],
        "reactions": [
            {
                "name": "kansha",
                "users": [
                    "UFU0BKD8F"
                ],
                "count": 1
            }
        ]
    },
    {
        "client_msg_id": "a8e7a6b5-c00f-4068-aa22-022230855f21",
        "type": "message",
        "text": "まだ会社＆製品説明",
        "user": "UJ0HPTBD2",
        "ts": "1567646081.010800",
        "team": "TFU0BKCQP",
        "user_team": "TFU0BKCQP",
        "source_team": "TFU0BKCQP",
        "user_profile": {
            "avatar_hash": "6e0eaa0eef2d",
            "image_72": "https:\/\/avatars.slack-edge.com\/2019-04-19\/615320623782_6e0eaa0eef2da9c63783_72.png",
            "first_name": "Masataka",
            "real_name": "Masataka Tsukamoto",
            "display_name": "Tsukaman",
            "team": "TFU0BKCQP",
            "name": "masataka.tsukamoto",
            "is_restricted": false,
            "is_ultra_restricted": false
        }
    },
    {
        "client_msg_id": "544cf165-f759-431b-a655-4d098aba3065",
        "type": "message",
        "text": "`AWSのアカウントを作成しRootユーザのAccess KeyとSecret Keyをメモしておいて下さい。`\nおいまてｗ",
        "user": "UFU0BKD8F",
        "ts": "1567646094.011200",
        "team": "TFU0BKCQP",
        "user_team": "TFU0BKCQP",
        "source_team": "TFU0BKCQP",
        "user_profile": {
            "avatar_hash": "92c41c62c7b0",
            "image_72": "https:\/\/avatars.slack-edge.com\/2019-01-30\/537137791812_92c41c62c7b0f054d3dd_72.jpg",
            "first_name": "らき",
            "real_name": "らき",
            "display_name": "raki",
            "team": "TFU0BKCQP",
            "name": "nishimuray",
            "is_restricted": false,
            "is_ultra_restricted": false
        },
        "reactions": [
            {
                "name": "bomb",
                "users": [
                    "UKAKENQAF"
                ],
                "count": 1
            },
            {
                "name": "innocent",
                "users": [
                    "UHS4SFFA7"
                ],
                "count": 1
            }
        ]
    },
    {
        "client_msg_id": "144c589f-9563-4460-a56e-23dc69aee2e8",
        "type": "message",
        "text": "迷ったけど、IAMユーザつくって、そっちでKeyを用意しときましたｗ",
        "user": "UJ0HPTBD2",
        "ts": "1567646157.012000",
        "team": "TFU0BKCQP",
        "user_team": "TFU0BKCQP",
        "source_team": "TFU0BKCQP",
        "user_profile": {
            "avatar_hash": "6e0eaa0eef2d",
            "image_72": "https:\/\/avatars.slack-edge.com\/2019-04-19\/615320623782_6e0eaa0eef2da9c63783_72.png",
            "first_name": "Masataka",
            "real_name": "Masataka Tsukamoto",
            "display_name": "Tsukaman",
            "team": "TFU0BKCQP",
            "name": "masataka.tsukamoto",
            "is_restricted": false,
            "is_ultra_restricted": false
        }
    },
    {
        "client_msg_id": "f356d54a-e207-4a6f-bde5-58800f23919c",
        "type": "message",
        "text": "Admin権限付けちゃってるからちょい微妙だけどｗ",
        "user": "UJ0HPTBD2",
        "ts": "1567646171.012400",
        "team": "TFU0BKCQP",
        "user_team": "TFU0BKCQP",
        "source_team": "TFU0BKCQP",
        "user_profile": {
            "avatar_hash": "6e0eaa0eef2d",
            "image_72": "https:\/\/avatars.slack-edge.com\/2019-04-19\/615320623782_6e0eaa0eef2da9c63783_72.png",
            "first_name": "Masataka",
            "real_name": "Masataka Tsukamoto",
            "display_name": "Tsukaman",
            "team": "TFU0BKCQP",
            "name": "masataka.tsukamoto",
            "is_restricted": false,
            "is_ultra_restricted": false
        }
    },
    {
        "client_msg_id": "dd3bb998-a45c-4a20-8c55-ef19eeca84e1",
        "type": "message",
        "text": "rootユーザのCredentialなんて、、、、",
        "user": "UKAKENQAF",
        "ts": "1567646201.013400",
        "team": "TFU0BKCQP",
        "user_team": "TFU0BKCQP",
        "source_team": "TFU0BKCQP",
        "user_profile": {
            "avatar_hash": "g3c6c9b43cb5",
            "image_72": "https:\/\/secure.gravatar.com\/avatar\/f3c6c9b43cb5ff355b8faaac3e662292.jpg?s=72&d=https%3A%2F%2Fa.slack-edge.com%2Fdf10d%2Fimg%2Favatars%2Fava_0020-72.png",
            "first_name": "",
            "real_name": "kterada0509",
            "display_name": "kterada0509",
            "team": "TFU0BKCQP",
            "name": "kterada.0509sg",
            "is_restricted": false,
            "is_ultra_restricted": false
        }
    },
    {
        "client_msg_id": "5b321b19-b20e-4157-932f-3e79e6248db0",
        "type": "message",
        "text": "（terraform を実行するIAMなんて概ねAdminでわ。。。ｗ",
        "user": "UFU0BKD8F",
        "ts": "1567646220.013900",
        "team": "TFU0BKCQP",
        "user_team": "TFU0BKCQP",
        "source_team": "TFU0BKCQP",
        "user_profile": {
            "avatar_hash": "92c41c62c7b0",
            "image_72": "https:\/\/avatars.slack-edge.com\/2019-01-30\/537137791812_92c41c62c7b0f054d3dd_72.jpg",
            "first_name": "らき",
            "real_name": "らき",
            "display_name": "raki",
            "team": "TFU0BKCQP",
            "name": "nishimuray",
            "is_restricted": false,
            "is_ultra_restricted": false
        },
        "reactions": [
            {
                "name": "sorena",
                "users": [
                    "UJ0HPTBD2"
                ],
                "count": 1
            }
        ]
    },
    {
        "client_msg_id": "dd8682da-2923-4f2f-9110-1ae3011ca295",
        "type": "message",
        "text": "リソース単位で追加していってるけど、どんどん肥大化して、そのうちadminに近づく",
        "user": "UKAKENQAF",
        "ts": "1567646263.015000",
        "team": "TFU0BKCQP",
        "user_team": "TFU0BKCQP",
        "source_team": "TFU0BKCQP",
        "user_profile": {
            "avatar_hash": "g3c6c9b43cb5",
            "image_72": "https:\/\/secure.gravatar.com\/avatar\/f3c6c9b43cb5ff355b8faaac3e662292.jpg?s=72&d=https%3A%2F%2Fa.slack-edge.com%2Fdf10d%2Fimg%2Favatars%2Fava_0020-72.png",
            "first_name": "",
            "real_name": "kterada0509",
            "display_name": "kterada0509",
            "team": "TFU0BKCQP",
            "name": "kterada.0509sg",
            "is_restricted": false,
            "is_ultra_restricted": false
        }
    },
    {
        "client_msg_id": "9fc04abe-5345-4650-9134-edbc700117fc",
        "type": "message",
        "text": "一応考えて設定してますよ！　というポーズ・・・",
        "user": "UJ0HPTBD2",
        "ts": "1567646309.016100",
        "team": "TFU0BKCQP",
        "user_team": "TFU0BKCQP",
        "source_team": "TFU0BKCQP",
        "user_profile": {
            "avatar_hash": "6e0eaa0eef2d",
            "image_72": "https:\/\/avatars.slack-edge.com\/2019-04-19\/615320623782_6e0eaa0eef2da9c63783_72.png",
            "first_name": "Masataka",
            "real_name": "Masataka Tsukamoto",
            "display_name": "Tsukaman",
            "team": "TFU0BKCQP",
            "name": "masataka.tsukamoto",
            "is_restricted": false,
            "is_ultra_restricted": false
        }
    },
    {
        "client_msg_id": "502d4222-3a8d-432b-bf13-22c5bcc87191",
        "type": "message",
        "text": "何か新しいことやるたびに権限足すのめんどくさい。。。",
        "user": "UFU0BKD8F",
        "ts": "1567646343.017200",
        "team": "TFU0BKCQP",
        "user_team": "TFU0BKCQP",
        "source_team": "TFU0BKCQP",
        "user_profile": {
            "avatar_hash": "92c41c62c7b0",
            "image_72": "https:\/\/avatars.slack-edge.com\/2019-01-30\/537137791812_92c41c62c7b0f054d3dd_72.jpg",
            "first_name": "らき",
            "real_name": "らき",
            "display_name": "raki",
            "team": "TFU0BKCQP",
            "name": "nishimuray",
            "is_restricted": false,
            "is_ultra_restricted": false
        },
        "reactions": [
            {
                "name": "wakaru",
                "users": [
                    "UJ0HPTBD2",
                    "UGYC5C4MQ"
                ],
                "count": 2
            },
            {
                "name": "sorena",
                "users": [
                    "UKAKENQAF"
                ],
                "count": 1
            }
        ]
    },
    {
        "client_msg_id": "63f2840b-da76-4f8f-97fd-21ff30e9997e",
        "type": "message",
        "text": "あとからIAMロール作成の要件が追加されたりした時に権限追加忘れてて2度手間になったりしてますｗ",
        "user": "UJ0HPTBD2",
        "ts": "1567646352.017400",
        "team": "TFU0BKCQP",
        "user_team": "TFU0BKCQP",
        "source_team": "TFU0BKCQP",
        "user_profile": {
            "avatar_hash": "6e0eaa0eef2d",
            "image_72": "https:\/\/avatars.slack-edge.com\/2019-04-19\/615320623782_6e0eaa0eef2da9c63783_72.png",
            "first_name": "Masataka",
            "real_name": "Masataka Tsukamoto",
            "display_name": "Tsukaman",
            "team": "TFU0BKCQP",
            "name": "masataka.tsukamoto",
            "is_restricted": false,
            "is_ultra_restricted": false
        },
        "reactions": [
            {
                "name": "wakarimi",
                "users": [
                    "UFU0BKD8F"
                ],
                "count": 1
            }
        ]
    },
    {
        "client_msg_id": "c4b39833-d400-4cda-871b-8464c017528b",
        "type": "message",
        "text": "公開しているサービス用のIAM情報を作るとかじゃなければ\n細かい権限気にしながら仕事するより\n強権発動したほうが事業貢献になると信じています（キリリッ",
        "user": "UFU0BKD8F",
        "ts": "1567646448.019000",
        "team": "TFU0BKCQP",
        "user_team": "TFU0BKCQP",
        "source_team": "TFU0BKCQP",
        "user_profile": {
            "avatar_hash": "92c41c62c7b0",
            "image_72": "https:\/\/avatars.slack-edge.com\/2019-01-30\/537137791812_92c41c62c7b0f054d3dd_72.jpg",
            "first_name": "らき",
            "real_name": "らき",
            "display_name": "raki",
            "team": "TFU0BKCQP",
            "name": "nishimuray",
            "is_restricted": false,
            "is_ultra_restricted": false
        }
    },
    {
        "client_msg_id": "ac80f453-357f-4188-9ed7-83c4a892d775",
        "type": "message",
        "text": "そういえばこれHashiCorp Japan持ちのオーガニゼーションなのな。\nコミッタは見えるけどメンバーは誰もオープンにしてない系。。。？",
        "user": "UFU0BKD8F",
        "ts": "1567646653.020500",
        "team": "TFU0BKCQP",
        "user_team": "TFU0BKCQP",
        "source_team": "TFU0BKCQP",
        "user_profile": {
            "avatar_hash": "92c41c62c7b0",
            "image_72": "https:\/\/avatars.slack-edge.com\/2019-01-30\/537137791812_92c41c62c7b0f054d3dd_72.jpg",
            "first_name": "らき",
            "real_name": "らき",
            "display_name": "raki",
            "team": "TFU0BKCQP",
            "name": "nishimuray",
            "is_restricted": false,
            "is_ultra_restricted": false
        }
    },
    {
        "client_msg_id": "40efbb78-3759-46d7-bbcf-5f28fb035159",
        "type": "message",
        "text": "ですかねー。",
        "user": "UJ0HPTBD2",
        "ts": "1567647437.020900",
        "team": "TFU0BKCQP",
        "user_team": "TFU0BKCQP",
        "source_team": "TFU0BKCQP",
        "user_profile": {
            "avatar_hash": "6e0eaa0eef2d",
            "image_72": "https:\/\/avatars.slack-edge.com\/2019-04-19\/615320623782_6e0eaa0eef2da9c63783_72.png",
            "first_name": "Masataka",
            "real_name": "Masataka Tsukamoto",
            "display_name": "Tsukaman",
            "team": "TFU0BKCQP",
            "name": "masataka.tsukamoto",
            "is_restricted": false,
            "is_ultra_restricted": false
        }
    },
    {
        "client_msg_id": "77885bad-d351-479e-8d32-aaf3c8cc65d0",
        "type": "message",
        "text": "まずハンズオンで作業実施してから説明するスタイルみたいです。",
        "user": "UJ0HPTBD2",
        "ts": "1567647451.021400",
        "team": "TFU0BKCQP",
        "user_team": "TFU0BKCQP",
        "source_team": "TFU0BKCQP",
        "user_profile": {
            "avatar_hash": "6e0eaa0eef2d",
            "image_72": "https:\/\/avatars.slack-edge.com\/2019-04-19\/615320623782_6e0eaa0eef2da9c63783_72.png",
            "first_name": "Masataka",
            "real_name": "Masataka Tsukamoto",
            "display_name": "Tsukaman",
            "team": "TFU0BKCQP",
            "name": "masataka.tsukamoto",
            "is_restricted": false,
            "is_ultra_restricted": false
        }
    },
    {
        "client_msg_id": "ec451c18-39db-49d3-952a-3a0089973b09",
        "type": "message",
        "text": "vaultの初期化してログインまでしたところ。",
        "user": "UJ0HPTBD2",
        "ts": "1567647470.022100",
        "team": "TFU0BKCQP",
        "user_team": "TFU0BKCQP",
        "source_team": "TFU0BKCQP",
        "user_profile": {
            "avatar_hash": "6e0eaa0eef2d",
            "image_72": "https:\/\/avatars.slack-edge.com\/2019-04-19\/615320623782_6e0eaa0eef2da9c63783_72.png",
            "first_name": "Masataka",
            "real_name": "Masataka Tsukamoto",
            "display_name": "Tsukaman",
            "team": "TFU0BKCQP",
            "name": "masataka.tsukamoto",
            "is_restricted": false,
            "is_ultra_restricted": false
        }
    },
    {
        "client_msg_id": "291dffb9-6214-433d-8a26-e2f5f7266def",
        "type": "message",
        "text": "インストラクショナルデザイン知らないのかな。。。",
        "user": "UFU0BKD8F",
        "ts": "1567647474.022300",
        "team": "TFU0BKCQP",
        "user_team": "TFU0BKCQP",
        "source_team": "TFU0BKCQP",
        "user_profile": {
            "avatar_hash": "92c41c62c7b0",
            "image_72": "https:\/\/avatars.slack-edge.com\/2019-01-30\/537137791812_92c41c62c7b0f054d3dd_72.jpg",
            "first_name": "らき",
            "real_name": "らき",
            "display_name": "raki",
            "team": "TFU0BKCQP",
            "name": "nishimuray",
            "is_restricted": false,
            "is_ultra_restricted": false
        }
    },
    {
        "client_msg_id": "60137476-bbd3-405f-af65-c92243f47da3",
        "type": "message",
        "text": "ところどころ `MY_TOKEN` が `MY_YOKEN` になっている。",
        "user": "UKAKENQAF",
        "ts": "1567649826.022700",
        "team": "TFU0BKCQP",
        "user_team": "TFU0BKCQP",
        "source_team": "TFU0BKCQP",
        "user_profile": {
            "avatar_hash": "g3c6c9b43cb5",
            "image_72": "https:\/\/secure.gravatar.com\/avatar\/f3c6c9b43cb5ff355b8faaac3e662292.jpg?s=72&d=https%3A%2F%2Fa.slack-edge.com%2Fdf10d%2Fimg%2Favatars%2Fava_0020-72.png",
            "first_name": "",
            "real_name": "kterada0509",
            "display_name": "kterada0509",
            "team": "TFU0BKCQP",
            "name": "kterada.0509sg",
            "is_restricted": false,
            "is_ultra_restricted": false
        }
    },
    {
        "client_msg_id": "3604d778-f0ef-4120-b046-6035145905c3",
        "type": "message",
        "text": "<https:\/\/twitter.com\/mitchellh\/status\/1169435313757777920>\n来月Mitchellさんが来日予定。",
        "user": "UGVSWU1CY",
        "ts": "1567650245.023700",
        "team": "TFU0BKCQP",
        "user_team": "TFU0BKCQP",
        "source_team": "TFU0BKCQP",
        "user_profile": {
            "avatar_hash": "g39e3edf2690",
            "image_72": "https:\/\/secure.gravatar.com\/avatar\/e39e3edf269030f881eb1d9f90f7c411.jpg?s=72&d=https%3A%2F%2Fa.slack-edge.com%2Fdf10d%2Fimg%2Favatars%2Fava_0016-72.png",
            "first_name": "",
            "real_name": "Shinichi ISHIMURA",
            "display_name": "kamatama41",
            "team": "TFU0BKCQP",
            "name": "shiketaudonko41",
            "is_restricted": false,
            "is_ultra_restricted": false
        },
        "reactions": [
            {
                "name": "sparkles",
                "users": [
                    "UGY8YDQ2G",
                    "UHS4SFFA7",
                    "UFUP9BGES"
                ],
                "count": 3
            },
            {
                "name": "eyes",
                "users": [
                    "UM12KGR0E"
                ],
                "count": 1
            }
        ]
    },
    {
        "client_msg_id": "cda5c62b-fb73-4dda-96f1-1161823b94e2",
        "type": "message",
        "text": "他のhands on内容も少しやってみましたけど、ちょいちょいTypoみたいなのありますね。",
        "user": "UJ0HPTBD2",
        "ts": "1567651814.024700",
        "team": "TFU0BKCQP",
        "user_team": "TFU0BKCQP",
        "source_team": "TFU0BKCQP",
        "user_profile": {
            "avatar_hash": "6e0eaa0eef2d",
            "image_72": "https:\/\/avatars.slack-edge.com\/2019-04-19\/615320623782_6e0eaa0eef2da9c63783_72.png",
            "first_name": "Masataka",
            "real_name": "Masataka Tsukamoto",
            "display_name": "Tsukaman",
            "team": "TFU0BKCQP",
            "name": "masataka.tsukamoto",
            "is_restricted": false,
            "is_ultra_restricted": false
        }
    },
    {
        "client_msg_id": "e4126ad7-6b45-4170-9f82-cd6b87508f61",
        "type": "message",
        "text": "（そろそろお腹吹田市）",
        "user": "UJ0HPTBD2",
        "ts": "1567651825.025000",
        "team": "TFU0BKCQP",
        "user_team": "TFU0BKCQP",
        "source_team": "TFU0BKCQP",
        "user_profile": {
            "avatar_hash": "6e0eaa0eef2d",
            "image_72": "https:\/\/avatars.slack-edge.com\/2019-04-19\/615320623782_6e0eaa0eef2da9c63783_72.png",
            "first_name": "Masataka",
            "real_name": "Masataka Tsukamoto",
            "display_name": "Tsukaman",
            "team": "TFU0BKCQP",
            "name": "masataka.tsukamoto",
            "is_restricted": false,
            "is_ultra_restricted": false
        }
    },
    {
        "type": "message",
        "text": "RedditのRSSが流れて来て初めて知ったのですが、「[Morpheus](<https:\/\/www.morpheusdata.com\/>)」なんてのがあるんですね…。",
        "user": "UFUP9BGES",
        "ts": "1567652830.025200",
        "team": "TFU0BKCQP",
        "user_team": "TFU0BKCQP",
        "source_team": "TFU0BKCQP",
        "user_profile": {
            "avatar_hash": "g1ab82c88cbc",
            "image_72": "https:\/\/secure.gravatar.com\/avatar\/31ab82c88cbcd51de65e6e00bdee9e22.jpg?s=72&d=https%3A%2F%2Fa.slack-edge.com%2Fdf10d%2Fimg%2Favatars%2Fava_0001-72.png",
            "first_name": "",
            "real_name": "益田ラヂヲ",
            "display_name": "益田ラヂヲ",
            "team": "TFU0BKCQP",
            "name": "brettspielwelt",
            "is_restricted": false,
            "is_ultra_restricted": false
        },
        "attachments": [
            {
                "fallback": "[September 5th, 2019 11:31 AM] Terraform ALL the Worlds!: <https:\/\/www.reddit.com\/r\/Terraform\/comments\/czuky7\/morpheus_vs_terraform\/|Morpheus vs Terraform>\nWe’re looking at some provisioning tools for Azure. Anyone have experience comparing Morpheus and Terraform? Morpheus requires owner permissions at the subscription level in Azure. Was wondering if Terraform required the same and how difficult it is to set up a proof of concept to deploy a few windows\/Linux servers in Azure and maybe VMware.    submitted by   <https:\/\/www.reddit.com\/user\/riverrockrun| \/u\/riverrockrun > \n&lt;a...",
                "ts": "1567650703.006800",
                "msg_subtype": "bot_message",
                "author_subname": "Terraform ALL the Worlds!",
                "channel_id": "CG45XC0SY",
                "channel_name": "rss",
                "is_msg_unfurl": true,
                "text": "<https:\/\/www.reddit.com\/r\/Terraform\/comments\/czuky7\/morpheus_vs_terraform\/|Morpheus vs Terraform>\nWe’re looking at some provisioning tools for Azure. Anyone have experience comparing Morpheus and Terraform? Morpheus requires owner permissions at the subscription level in Azure. Was wondering if Terraform required the same and how difficult it is to set up a proof of concept to deploy a few windows\/Linux servers in Azure and maybe VMware.    submitted by   <https:\/\/www.reddit.com\/user\/riverrockrun| \/u\/riverrockrun > \n&lt;a...",
                "author_icon": "https:\/\/s3-us-west-2.amazonaws.com\/slack-files2\/bot_icons\/2019-02-12\/548785199618_48.png",
                "author_link": "https:\/\/terraform-jp.slack.com\/services\/BG3N7LG73",
                "mrkdwn_in": [
                    "text"
                ],
                "color": "D0D0D0",
                "from_url": "https:\/\/terraform-jp.slack.com\/archives\/CG45XC0SY\/p1567650703006800",
                "is_share": true,
                "footer": "#rss に投稿"
            },
            {
                "title": "Morpheus Data Multi-Cloud Management &amp; DevOps Orchestration – Self-service provisioning and automation for VMware, Kubernetes, OpenStack, AWS, Azure, and more.",
                "title_link": "https:\/\/www.morpheusdata.com\/",
                "text": "100% agnostic multi cloud management for Hybrid IT. Enable self-service provisioning and DevOps automation for VMware, Kubernetes, OpenStack, AWS, Azure, and more.",
                "fallback": "Morpheus Data Multi-Cloud Management &amp; DevOps Orchestration – Self-service provisioning and automation for VMware, Kubernetes, OpenStack, AWS, Azure, and more.",
                "from_url": "https:\/\/www.morpheusdata.com\/",
                "service_icon": "https:\/\/www.morpheusdata.com\/wp-content\/uploads\/2018\/06\/cropped-favicon-1-180x180.png",
                "service_name": "morpheusdata.com",
                "id": 1,
                "original_url": "https:\/\/www.morpheusdata.com\/"
            }
        ]
    }
]