[
    {
        "client_msg_id": "d0dff3cc-f336-41d3-9e20-d89b65e286c9",
        "type": "message",
        "text": "はじめまして！\n<https:\/\/qiita.com\/minamijoyo\/items\/3a7467f70d145ac03324>\nの記事からやってきました！\nPHPerKaigiでTerraformの話をさせていただいたりします〜\n<https:\/\/fortee.jp\/phperkaigi-2021\/proposal\/cea7648a-76d8-4526-9dbf-b09a99395a3a>\nよろしくお願いします:+1:",
        "user": "U01RV4S0WBA",
        "ts": "1615607883.007700",
        "team": "TFU0BKCQP",
        "user_team": "TFU0BKCQP",
        "source_team": "TFU0BKCQP",
        "user_profile": {
            "avatar_hash": "91ce604cd028",
            "image_72": "https:\/\/avatars.slack-edge.com\/2021-03-12\/1879162047664_91ce604cd028e0165f91_72.png",
            "first_name": "",
            "real_name": "tatsuo yokoyama",
            "display_name": "tatsuo yokoyama",
            "team": "TFU0BKCQP",
            "name": "green.americanidiot.y",
            "is_restricted": false,
            "is_ultra_restricted": false
        },
        "attachments": [
            {
                "service_name": "Qiita",
                "title": "Terraform職人再入門2020 - Qiita",
                "title_link": "https:\/\/qiita.com\/minamijoyo\/items\/3a7467f70d145ac03324",
                "text": "はじめに この記事は CrowdWorks Advent Calendar 2020 の11日目の記事です。 3年ほど前に、「Terraform職人入門」という記事を書きました↓ Terraform職人入門: 日々の運用で学ん...",
                "fallback": "Qiita: Terraform職人再入門2020 - Qiita",
                "image_url": "https:\/\/qiita-user-contents.imgix.net\/https%3A%2F%2Fcdn.qiita.com%2Fassets%2Fpublic%2Farticle-ogp-background-1150d8b18a7c15795b701a55ae908f94.png?ixlib=rb-1.2.2&w=1200&mark=https%3A%2F%2Fqiita-user-contents.imgix.net%2F~text%3Fixlib%3Drb-1.2.2%26w%3D840%26h%3D380%26txt%3DTerraform%25E8%2581%25B7%25E4%25BA%25BA%25E5%2586%258D%25E5%2585%25A5%25E9%2596%25802020%26txt-color%3D%2523333%26txt-font%3DHiragino%2520Sans%2520W6%26txt-size%3D54%26txt-clip%3Dellipsis%26txt-align%3Dcenter%252Cmiddle%26s%3D7622d6db8f0346a3a4ab7605c2d987c7&mark-align=center%2Cmiddle&blend=https%3A%2F%2Fqiita-user-contents.imgix.net%2F~text%3Fixlib%3Drb-1.2.2%26w%3D840%26h%3D500%26txt%3D%2540minamijoyo%26txt-color%3D%2523333%26txt-font%3DHiragino%2520Sans%2520W6%26txt-size%3D45%26txt-align%3Dright%252Cbottom%26s%3D1453d0f61a50e9dec63f2f5a4227b5e8&blend-align=center%2Cmiddle&blend-mode=normal&s=fce76b9e137ffa30763e8a08ac388dfd",
                "from_url": "https:\/\/qiita.com\/minamijoyo\/items\/3a7467f70d145ac03324",
                "image_width": 476,
                "image_height": 250,
                "image_bytes": 36093,
                "service_icon": "https:\/\/cdn.qiita.com\/assets\/favicons\/public\/apple-touch-icon-ec5ba42a24ae923f16825592efdc356f.png",
                "id": 1,
                "original_url": "https:\/\/qiita.com\/minamijoyo\/items\/3a7467f70d145ac03324"
            },
            {
                "title": "Terraformのレポジトリ、ディレクトリ構成どうする？",
                "title_link": "https:\/\/fortee.jp\/phperkaigi-2021\/proposal\/cea7648a-76d8-4526-9dbf-b09a99395a3a",
                "text": "AWS,GCPなど様々なクラウドリソースのコード管理を実現するTerraform。 小規模なインフラ構成であれば単一レポジトリにディレクトリを分けずに配置して、シュッとお手軽に利用できます。 しかし、大規模な構成になってくると、途端に管理が面倒になり、ベストプラクティスも存在しない世界になります。。 このトークでは、Terraformのレポジトリ、ディレクトリ構成について、これまでの苦闘した軌跡と、現状のベストだと思う構成、将来的にどうあると良いと考えているか？について話します！ トーク後にはぜひみなさんとディスカッションしていきたいです〜",
                "fallback": "Terraformのレポジトリ、ディレクトリ構成どうする？",
                "image_url": "https:\/\/fortee.jp\/phperkaigi-2021\/proposal\/og-image\/cea7648a-76d8-4526-9dbf-b09a99395a3a.png",
                "from_url": "https:\/\/fortee.jp\/phperkaigi-2021\/proposal\/cea7648a-76d8-4526-9dbf-b09a99395a3a",
                "image_width": 476,
                "image_height": 250,
                "image_bytes": 42352,
                "service_icon": "https:\/\/fortee.jp\/favicon.ico",
                "service_name": "fortee.jp",
                "id": 2,
                "original_url": "https:\/\/fortee.jp\/phperkaigi-2021\/proposal\/cea7648a-76d8-4526-9dbf-b09a99395a3a"
            }
        ],
        "blocks": [
            {
                "type": "rich_text",
                "block_id": "1yG",
                "elements": [
                    {
                        "type": "rich_text_section",
                        "elements": [
                            {
                                "type": "text",
                                "text": "はじめまして！\n"
                            },
                            {
                                "type": "link",
                                "url": "https:\/\/qiita.com\/minamijoyo\/items\/3a7467f70d145ac03324"
                            },
                            {
                                "type": "text",
                                "text": "\nの記事からやってきました！\nPHPerKaigiでTerraformの話をさせていただいたりします〜\n"
                            },
                            {
                                "type": "link",
                                "url": "https:\/\/fortee.jp\/phperkaigi-2021\/proposal\/cea7648a-76d8-4526-9dbf-b09a99395a3a"
                            },
                            {
                                "type": "text",
                                "text": "\nよろしくお願いします"
                            },
                            {
                                "type": "emoji",
                                "name": "+1"
                            }
                        ]
                    }
                ]
            }
        ],
        "reactions": [
            {
                "name": "よろしく",
                "users": [
                    "UFU0BKD8F",
                    "UGY9BJ1NF",
                    "UHS4SFFA7",
                    "U01HXSHUER5",
                    "U012X6FSHC7",
                    "U01GAQPRFQB",
                    "UGW0ABZLG",
                    "URKFM4N0Z"
                ],
                "count": 8
            }
        ]
    }
]