[
    {
        "type": "message",
        "subtype": "bot_message",
        "text": "",
        "ts": "1612197551.001600",
        "bot_id": "B01D39EAGTT",
        "attachments": [
            {
                "fallback": "hashicorp\/boundary on GitHub\nv0.1.5v0.1.5 \nrelease note: <https:\/\/newreleases.io\/github\/hashicorp\/boundary?version=v0.1.5>",
                "text": "*v0.1.5* `v0.1.5` \n```\nRelease boundary v0.1.5\n```\n<https:\/\/newreleases.io\/github\/hashicorp\/boundary?version=v0.1.5|release note...>",
                "title": "hashicorp\/boundary on GitHub",
                "id": 1,
                "title_link": "https:\/\/newreleases.io\/github\/hashicorp\/boundary",
                "mrkdwn_in": [
                    "text"
                ]
            }
        ]
    },
    {
        "type": "message",
        "subtype": "bot_message",
        "text": "",
        "ts": "1612201744.001700",
        "bot_id": "B01D39EAGTT",
        "attachments": [
            {
                "fallback": "hashicorp\/terraform-provider-google on GitHub\nv3.55.0",
                "text": "`v3.55.0`\n\nDo you find these emails useful?\nIf you do, please, consider a small donation <https:\/\/newreleases.io\/donate>.",
                "title": "hashicorp\/terraform-provider-google on GitHub",
                "id": 1,
                "title_link": "https:\/\/newreleases.io\/github\/hashicorp\/terraform-provider-google",
                "mrkdwn_in": [
                    "text"
                ]
            }
        ]
    },
    {
        "type": "message",
        "subtype": "bot_message",
        "text": "",
        "ts": "1612201886.001800",
        "bot_id": "B01D39EAGTT",
        "attachments": [
            {
                "fallback": "hashicorp\/consul on GitHub\nv1.9.3v1.9.3 \nrelease note: <https:\/\/newreleases.io\/github\/hashicorp\/consul?version=v1.9.3>",
                "text": "*v1.9.3* `v1.9.3` \n```\n-------------------------\n1.9.3 (February 01, 2021)\n-------------------------\n\nFEATURES:\n\n* ui: Add additional search\/filter status pills for viewing and removing current\nfilters in listing views [ GH-9442 ( <https:\/\/github.com\/hashicorp\/consul\/issues\/9442> ) ]\n\nIMPROVEMENTS:\n\n* cli: Add new -cluster-id and common-name to consul tls ca create to support creating a CA for Consul Connect. [ GH-9585 ( <https:\/\/github.com\/hashicorp\/consul\/issues\/9585> ) ]\n\n* license: *(Enterprise only)* Temporary client license duration was increased from 30m to 6h.\n\n* server: *(Enterprise Only)* Validate source namespaces in service-intentions config entries. [ GH-9527 ( <https:\/\/github.com\/hashicorp\/consul\/issues\/9527> ) ]\n\n* server: use the presense of stored federation state data as a sign that we already activated the federation state feature flag [ GH-9519 ( <https:\/\/github.com\/hashicorp\/consul\/issues\/9519> ) ]\n\nBUG FIXES:\n\n* autopilot: Fixed a bug that would cause snapshot restoration to stop autopilot on the leader. [ GH-9626 ( <https:\/\/github.com\/hashicorp\/consul\/issues\/9626> ) ]\n\n* server: When wan federating via mesh gateways after initial federation default to using the local mesh gateways unless the heuristic indicates a bypass is required. [ GH-9528 ( <https:\/\/github.com\/hashicorp\/consul\/issues\/9528> ) ]\n\n* server: When wan federating via mesh gateways only do heuristic primary DC bypass on the leader. [ GH-9366 ( <https:\/\/github.com\/hashicorp\/consul\/issues\/9366> ) ]\n\n* ui: Fixed a bug that would cause missing or duplicate service instance healthcheck listings. [ GH-9660 ( <https:\/\/github.com\/hashicorp\/consul\/issues\/9660> ) ]\n```\n<https:\/\/newreleases.io\/github\/hashicorp\/consul?version=v1.9.3|release note...>",
                "title": "hashicorp\/consul on GitHub",
                "id": 1,
                "title_link": "https:\/\/newreleases.io\/github\/hashicorp\/consul",
                "mrkdwn_in": [
                    "text"
                ]
            }
        ]
    }
]