[
    {
        "type": "message",
        "subtype": "bot_message",
        "text": "",
        "ts": "1613572417.004200",
        "bot_id": "B01D39EAGTT",
        "attachments": [
            {
                "fallback": "hashicorp\/packer on GitHub\nv1.7.0v1.7.0 \nrelease note: <https:\/\/newreleases.io\/github\/hashicorp\/packer?version=v1.7.0>",
                "text": "*v1.7.0* `v1.7.0` \n```\nPacker release version 1.7.0, introducing to Packer init and datasources !\n```\n<https:\/\/newreleases.io\/github\/hashicorp\/packer?version=v1.7.0|release note...>",
                "title": "hashicorp\/packer on GitHub",
                "id": 1,
                "title_link": "https:\/\/newreleases.io\/github\/hashicorp\/packer",
                "mrkdwn_in": [
                    "text"
                ]
            }
        ]
    },
    {
        "type": "message",
        "subtype": "bot_message",
        "text": "",
        "ts": "1613583768.004300",
        "bot_id": "B01D39EAGTT",
        "attachments": [
            {
                "fallback": "hashicorp\/waypoint on GitHub\nv0.2.2v0.2.2 \nrelease note: <https:\/\/newreleases.io\/github\/hashicorp\/waypoint?version=v0.2.2>",
                "text": "*v0.2.2* `v0.2.2` \n```\n-------------------------\n0.2.2 (February 17, 2021)\n-------------------------\n\nFEATURES:\n\nIMPROVEMENTS:\n\n* builtin\/aws\/ecs: Add config option for disabling the load balancer [GH-1082]\n\n* builtin\/aws\/ecs: Add awslog driver configuration [GH-1089]\n\n* builtin\/docker: Add Binds, Labels and Networks config options for deploy [GH-1065]\n\n* builtin\/k8s: Support multi-port application configs for deploy and release [GH-1092]\n\n* cli\/main: Add -version flag for CLI version [GH-1049]\n\nBUG FIXES:\n\n* bulitin\/aws\/ecs: Determine load balancer and target group for pre-existing listeners [GH-1085]\n\n* builtin\/aws\/ecs: fix listener deletion on deployment deletion [GH-1087]\n\n* builtin\/k8s: Handle application config sync with K8s and Secrets [GH-1073]\n\n* cli\/hostname: fix panic with no hostname arg specified [GH-1044]\n\n* core: Fix empty gitreftag response in config [GH-1047]\n```\n<https:\/\/newreleases.io\/github\/hashicorp\/waypoint?version=v0.2.2|release note...>",
                "title": "hashicorp\/waypoint on GitHub",
                "id": 1,
                "title_link": "https:\/\/newreleases.io\/github\/hashicorp\/waypoint",
                "mrkdwn_in": [
                    "text"
                ]
            }
        ]
    },
    {
        "type": "message",
        "subtype": "bot_message",
        "text": "",
        "ts": "1613586066.004400",
        "bot_id": "B01D39EAGTT",
        "attachments": [
            {
                "fallback": "hashicorp\/terraform on GitHub\nv0.14.7v0.14.7 \nrelease note: <https:\/\/newreleases.io\/github\/hashicorp\/terraform?version=v0.14.7>",
                "text": "*v0.14.7* `v0.14.7` \n```\n--------------------------\n0.14.7 (February 17, 2021)\n--------------------------\n\nENHANCEMENTS:\n\n* cli: Emit an \"already installed\" event when a provider is found already installed ( #27722 ( <https:\/\/github.com\/hashicorp\/terraform\/issues\/27722> ) )\n\n* provisioner\/remote-exec: Can now run in a mode that expects the remote system to be running Windows and excuting commands using the Windows command interpreter, rather than a Unix-style shell. Specify the target_platform as \"windows\" in the connection block. ( #26865 ( <https:\/\/github.com\/hashicorp\/terraform\/issues\/26865> ) )\n\nBUG FIXES:\n\n* cli: Fix show -json not outputting the full module tree when some child modules have no resources ( #27352 ( <https:\/\/github.com\/hashicorp\/terraform\/issues\/27352> ) )\n\n* cli: Fix excessively slow rendering of very large multi-line string outputs ( #27746 ( <https:\/\/github.com\/hashicorp\/terraform\/issues\/27746> ) )\n\n* cli: Fix missing provider requirements in JSON plan when specified using required_providers instead of provider config ( #27697 ( <https:\/\/github.com\/hashicorp\/terraform\/issues\/27697> ) )\n```\n<https:\/\/newreleases.io\/github\/hashicorp\/terraform?version=v0.14.7|release note...>",
                "title": "hashicorp\/terraform on GitHub",
                "id": 1,
                "title_link": "https:\/\/newreleases.io\/github\/hashicorp\/terraform",
                "mrkdwn_in": [
                    "text"
                ]
            }
        ]
    }
]