[
    {
        "type": "message",
        "subtype": "bot_message",
        "text": "",
        "ts": "1614108227.000500",
        "bot_id": "B01D39EAGTT",
        "attachments": [
            {
                "fallback": "hashicorp\/waypoint on GitHub\nv0.2.3v0.2.3 \nrelease note: <https:\/\/newreleases.io\/github\/hashicorp\/waypoint?version=v0.2.3>",
                "text": "*v0.2.3* `v0.2.3` \n```\n-------------------------\n0.2.3 (February 23, 2021)\n-------------------------\n\nFEATURES:\n\nIMPROVEMENTS:\n\n* builtin\/docker: Introduce resources map for configuring cpu, memory on deploy [GH-1116]\n\n* internal\/server: More descriptive error for unknown application deploys [GH-973]\n\n* serverinstall\/k8s: Include option to define storageClassName on install [GH-1126]\n\nBUG FIXES:\n\n* builtin\/docker: Fix host port mapping defined by service_port [GH-918]\n\n* builtin\/k8s: Surface pod failures on deploy [GH-1110]\n\n* serverinstall\/nomad: Set platform as nomad at end of Install [GH-1129]\n\n* builtin\/aws-ecs: Fix nil check on optional logging block [GH-1120]\n```\n<https:\/\/newreleases.io\/github\/hashicorp\/waypoint?version=v0.2.3|release note...>",
                "title": "hashicorp\/waypoint on GitHub",
                "id": 1,
                "title_link": "https:\/\/newreleases.io\/github\/hashicorp\/waypoint",
                "mrkdwn_in": [
                    "text"
                ]
            }
        ]
    },
    {
        "type": "message",
        "subtype": "bot_message",
        "text": "",
        "ts": "1614113805.000600",
        "bot_id": "B01D39EAGTT",
        "attachments": [
            {
                "fallback": "hashicorp\/terraform-provider-google on GitHub\nv3.58.0",
                "text": "`v3.58.0`",
                "title": "hashicorp\/terraform-provider-google on GitHub",
                "id": 1,
                "title_link": "https:\/\/newreleases.io\/github\/hashicorp\/terraform-provider-google",
                "mrkdwn_in": [
                    "text"
                ]
            }
        ]
    },
    {
        "type": "message",
        "subtype": "bot_message",
        "text": "",
        "ts": "1614120149.000700",
        "bot_id": "B01D39EAGTT",
        "attachments": [
            {
                "fallback": "hashicorp\/terraform-provider-google on GitHub\nv3.58.0v3.58.0 updated\nrelease note: <https:\/\/newreleases.io\/github\/hashicorp\/terraform-provider-google?version=v3.58.0>",
                "text": "*v3.58.0* `v3.58.0` _updated_\n```\nNOTES:\n\n* google_bigquery_table resources now cannot be destroyed unless deletion_protection = false is set in state for the resource. ( #8453 ( <https:\/\/github.com\/hashicorp\/terraform-provider-google\/pull\/8453> ) )\n\nFEATURES:\n\n* *New Data Source:* google_iap_client ( #8450 ( <https:\/\/github.com\/hashicorp\/terraform-provider-google\/pull\/8450> ) )\n\nIMPROVEMENTS:\n\n* bigquery: added deletion_protection field to google_bigquery_table to make deleting them require an explicit intent. ( #8453 ( <https:\/\/github.com\/hashicorp\/terraform-provider-google\/pull\/8453> ) )\n\n* cloudrun: updated retry logic to attempt to retry 409 errors from the Cloud Run API, which may be returned intermittently on create. ( #8440 ( <https:\/\/github.com\/hashicorp\/terraform-provider-google\/pull\/8440> ) )\n\n* compute: removed max items limit from google_compute_target_ssl_proxy. The API currently allows upto 15 Certificates. ( #8478 ( <https:\/\/github.com\/hashicorp\/terraform-provider-google\/pull\/8478> ) )\n\n* compute: added support for Private Services Connect for Google APIs in google_compute_global_address and google_compute_global_forwarding_rule ( #8458 ( <https:\/\/github.com\/hashicorp\/terraform-provider-google\/pull\/8458> ) )\n\n* iam: added a retry condition that retries editing iam_binding and iam_member resources on policies that have frequently deleted service accounts ( #8476 ( <https:\/\/github.com\/hashicorp\/terraform-provider-google\/pull\/8476> ) )\n\n* sql: added insights_config block to google_sql_database_instance resource ( #8434 ( <https:\/\/github.com\/hashicorp\/terraform-provider-google\/pull\/8434> ) )\n\nBUG FIXES:\n\n* compute: fixed an issue where the provider could return an error on a successful delete operation ( #8463 ( <https:\/\/github.com\/hashicorp\/terraform-provider-google\/pull\/8463> ) )\n\n* dataproc : fixed an issue where max_failure_per_hour was not set correctly for google_dataproc_job ( #8441 ( <https:\/\/github.com\/hashicorp\/terraform-provider-google\/pull\/8441> ) )\n\n* dlp : modified google_data_loss_prevention_stored_info_type regex.group_indexes field to trigger resource recreation on update ( #8439 ( <https:\/\/github.com\/hashicorp\/terraform-provider-google\/pull\/8439> ) )\n\n* sql: fixed diffs based on case for charset in google_sql_database ( #8462 ( <https:\/\/github.com\/hashicorp\/terraform-provider-google\/pull\/8462> ) )\n```\n<https:\/\/newreleases.io\/github\/hashicorp\/terraform-provider-google?version=v3.58.0|release note...>",
                "title": "hashicorp\/terraform-provider-google on GitHub",
                "id": 1,
                "title_link": "https:\/\/newreleases.io\/github\/hashicorp\/terraform-provider-google",
                "mrkdwn_in": [
                    "text"
                ]
            }
        ]
    }
]