[
    {
        "type": "message",
        "subtype": "bot_message",
        "text": "",
        "ts": "1587023380.003600",
        "bot_id": "BG2UDF0NA",
        "attachments": [
            {
                "fallback": "terraform-aws-modules\/terraform-aws-security-group on GitHub\nv3.5.0",
                "text": "`v3.5.0`",
                "title": "terraform-aws-modules\/terraform-aws-security-group on GitHub",
                "id": 1,
                "title_link": "https:\/\/newreleases.io\/github\/terraform-aws-modules\/terraform-aws-security-group",
                "mrkdwn_in": [
                    "text"
                ]
            }
        ]
    },
    {
        "type": "message",
        "subtype": "bot_message",
        "text": "",
        "ts": "1587050577.003700",
        "bot_id": "BG2UDF0NA",
        "attachments": [
            {
                "fallback": "terraform-aws-modules\/terraform-aws-security-group on GitHub\nv3.6.0",
                "text": "`v3.6.0`",
                "title": "terraform-aws-modules\/terraform-aws-security-group on GitHub",
                "id": 1,
                "title_link": "https:\/\/newreleases.io\/github\/terraform-aws-modules\/terraform-aws-security-group",
                "mrkdwn_in": [
                    "text"
                ]
            }
        ]
    },
    {
        "type": "message",
        "subtype": "bot_message",
        "text": "",
        "ts": "1587053109.003800",
        "bot_id": "BG2UDF0NA",
        "attachments": [
            {
                "fallback": "terraform-providers\/terraform-provider-azurerm on GitHub\nv2.6.0",
                "text": "`v2.6.0`",
                "title": "terraform-providers\/terraform-provider-azurerm on GitHub",
                "id": 1,
                "title_link": "https:\/\/newreleases.io\/github\/terraform-providers\/terraform-provider-azurerm",
                "mrkdwn_in": [
                    "text"
                ]
            }
        ]
    },
    {
        "type": "message",
        "subtype": "bot_message",
        "text": "",
        "ts": "1587054615.003900",
        "bot_id": "BG2UDF0NA",
        "attachments": [
            {
                "fallback": "terraform-providers\/terraform-provider-azurerm on GitHub\nv2.6.0v2.6.0 updated\nrelease note: <https:\/\/newreleases.io\/github\/terraform-providers\/terraform-provider-azurerm?version=v2.6.0>",
                "text": "*v2.6.0* `v2.6.0` _updated_\n<https:\/\/newreleases.io\/github\/terraform-providers\/terraform-provider-azurerm?version=v2.6.0|release note...>",
                "title": "terraform-providers\/terraform-provider-azurerm on GitHub",
                "id": 1,
                "title_link": "https:\/\/newreleases.io\/github\/terraform-providers\/terraform-provider-azurerm",
                "mrkdwn_in": [
                    "text"
                ]
            }
        ]
    },
    {
        "type": "message",
        "subtype": "bot_message",
        "text": "",
        "ts": "1587081467.004000",
        "bot_id": "BG2UDF0NA",
        "attachments": [
            {
                "fallback": "terraform-providers\/terraform-provider-aws on GitHub\nv2.58.0",
                "text": "`v2.58.0`",
                "title": "terraform-providers\/terraform-provider-aws on GitHub",
                "id": 1,
                "title_link": "https:\/\/newreleases.io\/github\/terraform-providers\/terraform-provider-aws",
                "mrkdwn_in": [
                    "text"
                ]
            }
        ]
    },
    {
        "type": "message",
        "subtype": "bot_message",
        "text": "",
        "ts": "1587084208.004100",
        "bot_id": "BG2UDF0NA",
        "attachments": [
            {
                "fallback": "terraform-providers\/terraform-provider-aws on GitHub\nv2.58.0v2.58.0 updated\nrelease note: <https:\/\/newreleases.io\/github\/terraform-providers\/terraform-provider-aws?version=v2.58.0>",
                "text": "*v2.58.0* `v2.58.0` _updated_\n```\nFEATURES:\n\n* *New Data Source:* aws_regions ( #12269 ( <https:\/\/github.com\/terraform-providers\/terraform-provider-aws\/issues\/12269> ) )\n\n* *New Resource:* aws_apigatewayv2_deployment ( #9245 ( <https:\/\/github.com\/terraform-providers\/terraform-provider-aws\/issues\/9245> ) )\n\n* *New Resource:* aws_apigatewayv2_domain_name ( #9391 ( <https:\/\/github.com\/terraform-providers\/terraform-provider-aws\/issues\/9391> ) )\n\n* *New Resource:* aws_apigatewayv2_integration_response ( #9365 ( <https:\/\/github.com\/terraform-providers\/terraform-provider-aws\/issues\/9365> ) )\n\n* *New Resource:* aws_apigatewayv2_route ( #8881 ( <https:\/\/github.com\/terraform-providers\/terraform-provider-aws\/issues\/8881> ) )\n\n* *New Resource:* aws_apigatewayv2_route_response ( #9373 ( <https:\/\/github.com\/terraform-providers\/terraform-provider-aws\/issues\/9373> ) )\n\n* *New Resource:* aws_apigatewayv2_stage ( #9232 ( <https:\/\/github.com\/terraform-providers\/terraform-provider-aws\/issues\/9232> ) )\n\n* *New Resource:* aws_dms_event_subscription ( #7170 ( <https:\/\/github.com\/terraform-providers\/terraform-provider-aws\/issues\/7170> ) )\n\nENHANCEMENTS:\n\n* data-source\/aws_dynamodb_table: Add replica attribute (initial support for Global Tables V2 (version 2019.11.21)) ( #12342 ( <https:\/\/github.com\/terraform-providers\/terraform-provider-aws\/issues\/12342> ) )\n\n* data-source\/aws_instance: Exports volume_name for root_block_device ( #12620 ( <https:\/\/github.com\/terraform-providers\/terraform-provider-aws\/issues\/12620> ) )\n\n* resource\/aws_backup_plan: Add rule configuration block copy_action configuration block (support cross region copy) ( #11923 ( <https:\/\/github.com\/terraform-providers\/terraform-provider-aws\/issues\/11923> ) )\n\n* resource\/aws_cognito_identity_provider: Support plan-time validation for idp_identifiers , provider_name , and provider_type arguments ( #10705 ( <https:\/\/github.com\/terraform-providers\/terraform-provider-aws\/issues\/10705> ) )\n\n* resource\/aws_dms_endpoint: Add elasticsearch_settings configuration block and elasticsearch to engine_name validation (support Elasticsearch endpoints) ( #11792 ( <https:\/\/github.com\/terraform-providers\/terraform-provider-aws\/issues\/11792> ) )\n\n* resource\/aws_dms_endpoint: Add kinesis_settings configuration block and kinesis to engine_name validation (support Kinesis endpoints) ( #8633 ( <https:\/\/github.com\/terraform-providers\/terraform-provider-aws\/issues\/8633> ) )\n\n* resource\/aws_dynamodb_table: Add replica configuration block (initial support for Global Tables V2 (version 2019.11.21)) ( #12342 ( <https:\/\/github.com\/terraform-providers\/terraform-provider-aws\/issues\/12342> ) )\n\n* resource\/aws_ec2_client_vpn_endpoint: Allow two authentication_options configuration blocks ( #12819 ( <https:\/\/github.com\/terraform-providers\/terraform-provider-aws\/issues\/12819> ) )\n\n* resource\/aws_instance: Allow changing root volume size without re-creating resource ( #12620 ( <https:\/\/github.com\/terraform-providers\/terraform-provider-aws\/issues\/12620> ) )\n\n* resource\/aws_instance: Exports volume_name for root_block_device ( #12620 ( <https:\/\/github.com\/terraform-providers\/terraform-provider-aws\/issues\/12620> ) )\n\nBUG FIXES:\n\n* resource\/aws_dlm_lifecycle_policy: Ensure plan-time validation for times argument only allows 24 hour format ( #12800 ( <https:\/\/github.com\/terraform-providers\/terraform-provider-aws\/issues\/12800> ) )\n```\n<https:\/\/newreleases.io\/github\/terraform-providers\/terraform-provider-aws?version=v2.58.0|release note...>",
                "title": "terraform-providers\/terraform-provider-aws on GitHub",
                "id": 1,
                "title_link": "https:\/\/newreleases.io\/github\/terraform-providers\/terraform-provider-aws",
                "mrkdwn_in": [
                    "text"
                ]
            }
        ]
    },
    {
        "type": "message",
        "subtype": "bot_message",
        "text": "",
        "ts": "1587092806.004200",
        "bot_id": "BG2UDF0NA",
        "attachments": [
            {
                "fallback": "ansible\/ansible on GitHub\nv2.9.7\n\nv2.8.11\n\nv2.7.17",
                "text": "`v2.9.7`\n\n`v2.8.11`\n\n`v2.7.17`",
                "title": "ansible\/ansible on GitHub",
                "id": 1,
                "title_link": "https:\/\/newreleases.io\/github\/ansible\/ansible",
                "mrkdwn_in": [
                    "text"
                ]
            }
        ]
    }
]