[
    {
        "type": "message",
        "subtype": "bot_message",
        "text": "",
        "ts": "1587825723.005600",
        "bot_id": "BG2UDF0NA",
        "attachments": [
            {
                "fallback": "terraform-linters\/tflint on GitHub\nv0.15.5",
                "text": "`v0.15.5`",
                "title": "terraform-linters\/tflint on GitHub",
                "id": 1,
                "title_link": "https:\/\/newreleases.io\/github\/terraform-linters\/tflint",
                "mrkdwn_in": [
                    "text"
                ]
            }
        ]
    },
    {
        "type": "message",
        "subtype": "bot_message",
        "text": "",
        "ts": "1587837244.005700",
        "bot_id": "BG2UDF0NA",
        "attachments": [
            {
                "fallback": "terraform-linters\/tflint on GitHub\nv0.15.5v0.15.5 updated\nrelease note: <https:\/\/newreleases.io\/github\/terraform-linters\/tflint?version=v0.15.5>",
                "text": "*v0.15.5* `v0.15.5` _updated_\n```\n-------------------\n0.15.5 (2020-04-25)\n-------------------\n\nGPG key ID: 8CE69160EB3F2FE9\n\nEnhancements\n------------\n\n* #721 ( <https:\/\/github.com\/terraform-linters\/tflint\/pull\/721> ) : Add a rule to enforce Terraform types for variables ( @mveitas ( <https:\/\/github.com\/mveitas> ) )\n\n* #725 ( <https:\/\/github.com\/terraform-linters\/tflint\/pull\/725> ) : Adding rule for terraform_required_version ( @mveitas ( <https:\/\/github.com\/mveitas> ) )\n\n* #729 ( <https:\/\/github.com\/terraform-linters\/tflint\/pull\/729> ) : Bump terraform-provider-aws to v2.59.0 from v2.56.0 ( @wata727 ( <https:\/\/github.com\/wata727> ) )\n\nBugFixes\n--------\n\n* #728 ( <https:\/\/github.com\/terraform-linters\/tflint\/pull\/728> ) : Allow empty string as a valid value of dynamodb table stream view type ( @wata727 ( <https:\/\/github.com\/wata727> ) )\n\nChores\n------\n\n* #707 ( <https:\/\/github.com\/terraform-linters\/tflint\/pull\/707> ) : Bump <http:\/\/github.com\/hashicorp\/go-plugin|github.com\/hashicorp\/go-plugin> from 1.2.0 to 1.2.2\n\n* #727 ( <https:\/\/github.com\/terraform-linters\/tflint\/pull\/727> ) : Bump <http:\/\/github.com\/hashicorp\/terraform-plugin-sdk|github.com\/hashicorp\/terraform-plugin-sdk> from 1.9.0 to 1.10.0 in \/tools\n\n* #730 ( <https:\/\/github.com\/terraform-linters\/tflint\/pull\/730> ) : Bump <http:\/\/github.com\/aws\/aws-sdk-go|github.com\/aws\/aws-sdk-go> from 1.30.3 to 1.30.14\n```\n<https:\/\/newreleases.io\/github\/terraform-linters\/tflint?version=v0.15.5|release note...>",
                "title": "terraform-linters\/tflint on GitHub",
                "id": 1,
                "title_link": "https:\/\/newreleases.io\/github\/terraform-linters\/tflint",
                "mrkdwn_in": [
                    "text"
                ]
            }
        ]
    }
]