[
    {
        "type": "message",
        "subtype": "bot_message",
        "text": "",
        "ts": "1586004929.001800",
        "bot_id": "BG2UDF0NA",
        "attachments": [
            {
                "fallback": "wata727\/tflint on GitHub\nv0.15.4",
                "text": "`v0.15.4`",
                "title": "wata727\/tflint on GitHub",
                "id": 1,
                "title_link": "https:\/\/newreleases.io\/github\/wata727\/tflint",
                "mrkdwn_in": [
                    "text"
                ]
            }
        ]
    },
    {
        "type": "message",
        "subtype": "bot_message",
        "text": "",
        "ts": "1586006117.001900",
        "bot_id": "BG2UDF0NA",
        "attachments": [
            {
                "fallback": "wata727\/tflint on GitHub\nv0.15.4v0.15.4 updated\nrelease note: <https:\/\/newreleases.io\/github\/wata727\/tflint?version=v0.15.4>",
                "text": "*v0.15.4* `v0.15.4` _updated_\n```\n-------------------\n0.15.4 (2020-04-04)\n-------------------\n\nGPG key ID: 8CE69160EB3F2FE9\n\nEnhancements\n------------\n\n* #685 ( <https:\/\/github.com\/terraform-linters\/tflint\/pull\/685> ) : Add dash checks for data sources and modules ( @gkze ( <https:\/\/github.com\/gkze> ) )\n\n* #702 ( <https:\/\/github.com\/terraform-linters\/tflint\/pull\/702> ) : Bump terraform-aws-provider to v2.56.0 from v2.54.0 ( @wata727 ( <https:\/\/github.com\/wata727> ) )\n\nBugFixes\n--------\n\n* #701 ( <https:\/\/github.com\/terraform-linters\/tflint\/pull\/701> ) : Skip to tokenize JSON syntax code ( @wata727 ( <https:\/\/github.com\/wata727> ) )\n\nChores\n------\n\n* #684 ( <https:\/\/github.com\/terraform-linters\/tflint\/pull\/684> ) : Automate homebrew formula upgrade process ( @chenrui333 ( <https:\/\/github.com\/chenrui333> ) )\n\n* #686 ( <https:\/\/github.com\/terraform-linters\/tflint\/pull\/686> ) : Fixes the example of excluding resource types ( @bwhaley ( <https:\/\/github.com\/bwhaley> ) )\n\n* #690 ( <https:\/\/github.com\/terraform-linters\/tflint\/pull\/690> ) : Bump <http:\/\/github.com\/hashicorp\/terraform-plugin-sdk|github.com\/hashicorp\/terraform-plugin-sdk> from 1.8.0 to 1.9.0 in \/tools\n\n* #699 ( <https:\/\/github.com\/terraform-linters\/tflint\/pull\/699> ) : Bump <http:\/\/github.com\/aws\/aws-sdk-go|github.com\/aws\/aws-sdk-go> from 1.29.29 to 1.30.3\n```\n<https:\/\/newreleases.io\/github\/wata727\/tflint?version=v0.15.4|release note...>",
                "title": "wata727\/tflint on GitHub",
                "id": 1,
                "title_link": "https:\/\/newreleases.io\/github\/wata727\/tflint",
                "mrkdwn_in": [
                    "text"
                ]
            }
        ]
    }
]