[
    {
        "type": "message",
        "subtype": "bot_message",
        "text": "",
        "ts": "1642768549.001300",
        "bot_id": "BG2UDF0NA",
        "attachments": [
            {
                "id": 1,
                "fallback": "DataDog\/ansible-datadog on GitHub\n4.13.0 \/ 2022-01-214.13.0 \nrelease note: <https:\/\/newreleases.io\/github\/DataDog\/ansible-datadog?version=4.13.0>",
                "text": "*4.13.0 \/ 2022-01-21* `4.13.0` \n```\n[FEATURE] Add datadog_manage_config to disable changing the Agent config files. See #375.\n[BUGFIX] Fix error: dict object has no attribute 'system'. See #409. Thanks @stegar123.\n```\n<https:\/\/newreleases.io\/github\/DataDog\/ansible-datadog?version=4.13.0|release note...>",
                "title": "DataDog\/ansible-datadog on GitHub",
                "title_link": "https:\/\/newreleases.io\/github\/DataDog\/ansible-datadog",
                "mrkdwn_in": [
                    "text"
                ]
            }
        ]
    }
]