[
    {
        "type": "message",
        "subtype": "bot_message",
        "text": "",
        "ts": "1642739674.001100",
        "bot_id": "BG2UDF0NA",
        "attachments": [
            {
                "id": 1,
                "fallback": "hashicorp\/terraform-provider-azurerm on GitHub\nv2.93.0v2.93.0 \nrelease note: <https:\/\/newreleases.io\/github\/hashicorp\/terraform-provider-azurerm?version=v2.93.0>",
                "text": "*v2.93.0* `v2.93.0` \n```\n-------------------------\n2.93.0 (January 21, 2022)\n-------------------------\n\nFEATURES:\n\n* *New Data Source* : azurerm_mysql_flexible_server ( #14976 ( <https:\/\/github.com\/hashicorp\/terraform-provider-azurerm\/issues\/14976> ) )\n\n* *New Beta Data Source* : azurerm_windows_function_app ( #14964 ( <https:\/\/github.com\/hashicorp\/terraform-provider-azurerm\/issues\/14964> ) )\n\nENHANCEMENTS:\n\n* dependencies: upgrading to v61.1.0 of <http:\/\/github.com\/Azure\/azure-sdk-for-go|github.com\/Azure\/azure-sdk-for-go> ( #14828 ( <https:\/\/github.com\/hashicorp\/terraform-provider-azurerm\/issues\/14828> ) )\n\n* dependencies: updating containerregistry to API version 2021-08-01-preview ( #14961 ( <https:\/\/github.com\/hashicorp\/terraform-provider-azurerm\/issues\/14961> ) )\n\n* Data Source azurerm_logic_app_workflow - exporting the identity block ( #14896 ( <https:\/\/github.com\/hashicorp\/terraform-provider-azurerm\/issues\/14896> ) )\n\n* azurerm_bastion_host - support for the copy_paste_enabled , file_copy_enabled , ip_connect_enabled , shareable_link_enabled , and tunneling_enabled properties ( #14987 ( <https:\/\/github.com\/hashicorp\/terraform-provider-azurerm\/issues\/14987> ) )\n\n* azurerm_bastion_host - support for the scale_units property ( #14968 ( <https:\/\/github.com\/hashicorp\/terraform-provider-azurerm\/issues\/14968> ) )\n\n* azurerm_security_center_automation - the event_source property can now be set to AssessmentsSnapshot ,\nRegulatoryComplianceAssessment , RegulatoryComplianceAssessmentSnapshot , SecureScoreControlsSnapshot , SecureScoresSnapshot , and SubAssessmentsSnapshot ( #14996 ( <https:\/\/github.com\/hashicorp\/terraform-provider-azurerm\/issues\/14996> ) )\n\n* azurerm_static_site - support for the identity block ( #14911 ( <https:\/\/github.com\/hashicorp\/terraform-provider-azurerm\/issues\/14911> ) )\n\n* azurerm_iothub - Support for Identity-Based Endpoints ( #14705 ( <https:\/\/github.com\/hashicorp\/terraform-provider-azurerm\/issues\/14705> ) )\n\n* azurerm_servicebus_namespace_network_rule_set - support for the public_network_access_enabled property ( #14967 ( <https:\/\/github.com\/hashicorp\/terraform-provider-azurerm\/issues\/14967> ) )\n\nBUG FIXES:\n\n* azurerm_machine_learning_compute_instance - add validation for tenant_id and object_id properties to prevent null values and subsequent panic ( #14982 ( <https:\/\/github.com\/hashicorp\/terraform-provider-azurerm\/issues\/14982> ) )\n\n* azurerm_linux_function_app - (beta) fix potential panic in application_stack when that block is not in config ( #14844 ( <https:\/\/github.com\/hashicorp\/terraform-provider-azurerm\/issues\/14844> ) )\n\n* azurerm_storage_share_file changing the content_md5 property will now trigger recreation and the content_length property of share file will now be set when updating properties. ( #15007 ( <https:\/\/github.com\/hashicorp\/terraform-provider-azurerm\/issues\/15007> ) )\n```\n<https:\/\/newreleases.io\/github\/hashicorp\/terraform-provider-azurerm?version=v2.93.0|release note...>",
                "title": "hashicorp\/terraform-provider-azurerm on GitHub",
                "title_link": "https:\/\/newreleases.io\/github\/hashicorp\/terraform-provider-azurerm",
                "mrkdwn_in": [
                    "text"
                ]
            }
        ]
    }
]