[
    {
        "client_msg_id": "1407c8c7-71e6-49b3-9e63-c3e982f32b7a",
        "type": "message",
        "text": "Terraform Modules を Monorepo で versioning して管理するようにした話について書きました。\n<https:\/\/blog.studysapuri.jp\/entry\/2022\/03\/30\/080000>",
        "user": "U02RJBB4X7Z",
        "ts": "1648601310.695629",
        "blocks": [
            {
                "type": "rich_text",
                "block_id": "9cbja",
                "elements": [
                    {
                        "type": "rich_text_section",
                        "elements": [
                            {
                                "type": "text",
                                "text": "Terraform Modules を Monorepo で versioning して管理するようにした話について書きました。\n"
                            },
                            {
                                "type": "link",
                                "url": "https:\/\/blog.studysapuri.jp\/entry\/2022\/03\/30\/080000"
                            }
                        ]
                    }
                ]
            }
        ],
        "team": "TFU0BKCQP",
        "user_team": "TFU0BKCQP",
        "source_team": "TFU0BKCQP",
        "user_profile": {
            "avatar_hash": "c65318e781b0",
            "image_72": "https:\/\/avatars.slack-edge.com\/2021-12-25\/2906729834096_c65318e781b0ab92add1_72.png",
            "first_name": "Shunsuke",
            "real_name": "Shunsuke Suzuki",
            "display_name": "Shunsuke Suzuki",
            "team": "TFU0BKCQP",
            "name": "suzuki.shunsuke.1989",
            "is_restricted": false,
            "is_ultra_restricted": false
        },
        "thread_ts": "1648601310.695629",
        "reply_count": 3,
        "reply_users_count": 2,
        "latest_reply": "1648604935.159269",
        "reply_users": [
            "U02RJBB4X7Z",
            "U01GAQPRFQB"
        ],
        "replies": [
            {
                "user": "U02RJBB4X7Z",
                "ts": "1648601393.443409"
            },
            {
                "user": "U01GAQPRFQB",
                "ts": "1648602663.647159"
            },
            {
                "user": "U02RJBB4X7Z",
                "ts": "1648604935.159269"
            }
        ],
        "is_locked": false,
        "subscribed": false,
        "reactions": [
            {
                "name": "+1",
                "users": [
                    "UR16FPJQZ",
                    "UHS4SFFA7",
                    "URYS4QJ2D",
                    "U01GAQPRFQB",
                    "UG46Z57TN",
                    "U01R2260A8K",
                    "U024FJF2V8T"
                ],
                "count": 7
            }
        ]
    },
    {
        "client_msg_id": "b7bb6ca6-220a-4270-88ac-5ec567a16072",
        "type": "message",
        "text": "なぜか Slack 上で展開されない :thinking_face:",
        "user": "U02RJBB4X7Z",
        "ts": "1648601393.443409",
        "blocks": [
            {
                "type": "rich_text",
                "block_id": "sI4M",
                "elements": [
                    {
                        "type": "rich_text_section",
                        "elements": [
                            {
                                "type": "text",
                                "text": "なぜか Slack 上で展開されない "
                            },
                            {
                                "type": "emoji",
                                "name": "thinking_face",
                                "unicode": "1f914"
                            }
                        ]
                    }
                ]
            }
        ],
        "team": "TFU0BKCQP",
        "user_team": "TFU0BKCQP",
        "source_team": "TFU0BKCQP",
        "user_profile": {
            "avatar_hash": "c65318e781b0",
            "image_72": "https:\/\/avatars.slack-edge.com\/2021-12-25\/2906729834096_c65318e781b0ab92add1_72.png",
            "first_name": "Shunsuke",
            "real_name": "Shunsuke Suzuki",
            "display_name": "Shunsuke Suzuki",
            "team": "TFU0BKCQP",
            "name": "suzuki.shunsuke.1989",
            "is_restricted": false,
            "is_ultra_restricted": false
        },
        "thread_ts": "1648601310.695629",
        "parent_user_id": "U02RJBB4X7Z"
    },
    {
        "client_msg_id": "e3ceb45a-2fc6-4f3c-85d7-5551e1d0dafb",
        "type": "message",
        "text": "<@U02RJBB4X7Z> Terraform Moduleの管理は弊社でも課題だったので大変参考になりました。素晴らしい記事をありがとうございます。",
        "user": "U01GAQPRFQB",
        "ts": "1648602663.647159",
        "blocks": [
            {
                "type": "rich_text",
                "block_id": "XyYb",
                "elements": [
                    {
                        "type": "rich_text_section",
                        "elements": [
                            {
                                "type": "user",
                                "user_id": "U02RJBB4X7Z"
                            },
                            {
                                "type": "text",
                                "text": " Terraform Moduleの管理は弊社でも課題だったので大変参考になりました。素晴らしい記事をありがとうございます。"
                            }
                        ]
                    }
                ]
            }
        ],
        "team": "TFU0BKCQP",
        "user_team": "TFU0BKCQP",
        "source_team": "TFU0BKCQP",
        "user_profile": {
            "avatar_hash": "6ab6c226f11c",
            "image_72": "https:\/\/avatars.slack-edge.com\/2021-11-09\/2702170171539_6ab6c226f11cae0ecec4_72.png",
            "first_name": "",
            "real_name": "Sho Ishii",
            "display_name": "Sho Ishii",
            "team": "TFU0BKCQP",
            "name": "s_ishii",
            "is_restricted": false,
            "is_ultra_restricted": false
        },
        "edited": {
            "user": "U01GAQPRFQB",
            "ts": "1648602673.000000"
        },
        "thread_ts": "1648601310.695629",
        "parent_user_id": "U02RJBB4X7Z"
    },
    {
        "client_msg_id": "cb6b2a1b-639d-4937-8ae7-161fd0716a99",
        "type": "message",
        "text": "ありがとうございます。\nそう言っていただけると書いた甲斐があります。",
        "user": "U02RJBB4X7Z",
        "ts": "1648604935.159269",
        "blocks": [
            {
                "type": "rich_text",
                "block_id": "hC7c+",
                "elements": [
                    {
                        "type": "rich_text_section",
                        "elements": [
                            {
                                "type": "text",
                                "text": "ありがとうございます。\nそう言っていただけると書いた甲斐があります。"
                            }
                        ]
                    }
                ]
            }
        ],
        "team": "TFU0BKCQP",
        "user_team": "TFU0BKCQP",
        "source_team": "TFU0BKCQP",
        "user_profile": {
            "avatar_hash": "c65318e781b0",
            "image_72": "https:\/\/avatars.slack-edge.com\/2021-12-25\/2906729834096_c65318e781b0ab92add1_72.png",
            "first_name": "Shunsuke",
            "real_name": "Shunsuke Suzuki",
            "display_name": "Shunsuke Suzuki",
            "team": "TFU0BKCQP",
            "name": "suzuki.shunsuke.1989",
            "is_restricted": false,
            "is_ultra_restricted": false
        },
        "thread_ts": "1648601310.695629",
        "parent_user_id": "U02RJBB4X7Z",
        "reactions": [
            {
                "name": "pray",
                "users": [
                    "U01GAQPRFQB"
                ],
                "count": 1
            }
        ]
    }
]