[
    {
        "type": "message",
        "subtype": "bot_message",
        "text": "<https:\/\/www.reddit.com\/r\/Terraform\/comments\/bha7ou\/module_question_regarding_list_variable_usage\/|Module question regarding list variable usage>\nI want to create a bunch of ECR repositories and because I need to attach policies (permissions) to it I had the idea writing a module is a cool idea...  Now I am running into some issue with using lists: If I create repositories using the code below I will have a hard time removing repositories later by just removing an entry from the list - because the order of the entries will change and Terraform will try to move things around from what is in the state file......",
        "ts": "1556207804.000700",
        "username": "Terraform ALL the Worlds!",
        "icons": {
            "image_48": "https:\/\/s3-us-west-2.amazonaws.com\/slack-files2\/bot_icons\/2019-02-12\/548785199618_48.png"
        },
        "bot_id": "BG3N7LG73",
        "attachments": [
            {
                "service_name": "reddit",
                "title": "r\/Terraform - Module question regarding list variable usage",
                "title_link": "https:\/\/www.reddit.com\/r\/Terraform\/comments\/bha7ou\/module_question_regarding_list_variable_usage\/",
                "text": "0 votes and 0 comments so far on Reddit",
                "fallback": "reddit: r\/Terraform - Module question regarding list variable usage",
                "from_url": "https:\/\/www.reddit.com\/r\/Terraform\/comments\/bha7ou\/module_question_regarding_list_variable_usage\/",
                "service_icon": "https:\/\/www.redditstatic.com\/desktop2x\/img\/favicon\/apple-icon-57x57.png",
                "id": 1,
                "original_url": "https:\/\/www.reddit.com\/r\/Terraform\/comments\/bha7ou\/module_question_regarding_list_variable_usage\/"
            }
        ]
    },
    {
        "type": "message",
        "subtype": "bot_message",
        "text": "<https:\/\/www.reddit.com\/r\/Terraform\/comments\/bhbr10\/terraform_rds_module_is_not_enabling_automated\/|Terraform RDS module is not enabling automated backups in TSQL.>\nI initially created the TSQL Express instance without setting a backup window or retention period.  Now that I have changed it and apply the formula that Automatic Backups will not enable.  RDS formula below: module \"tsql-express\" { source = \"terraform-aws-modules\/rds\/aws\" identifier = \"cnf-prod-nop-tsql\" engine = \"sqlserver-ex\" engine_version = \"14.00.3049.1.v1\" instance_class = \"db.t2.medium\" allocated_storage = 20 storage_encrypted = false username = \"${var.tsql-cred[0]}\" password =...",
        "ts": "1556216236.000900",
        "username": "Terraform ALL the Worlds!",
        "icons": {
            "image_48": "https:\/\/s3-us-west-2.amazonaws.com\/slack-files2\/bot_icons\/2019-02-12\/548785199618_48.png"
        },
        "bot_id": "BG3N7LG73",
        "attachments": [
            {
                "service_name": "reddit",
                "title": "r\/Terraform - Terraform RDS module is not enabling automated backups in TSQL.",
                "title_link": "https:\/\/www.reddit.com\/r\/Terraform\/comments\/bhbr10\/terraform_rds_module_is_not_enabling_automated\/",
                "text": "0 votes and 0 comments so far on Reddit",
                "fallback": "reddit: r\/Terraform - Terraform RDS module is not enabling automated backups in TSQL.",
                "from_url": "https:\/\/www.reddit.com\/r\/Terraform\/comments\/bhbr10\/terraform_rds_module_is_not_enabling_automated\/",
                "service_icon": "https:\/\/www.redditstatic.com\/desktop2x\/img\/favicon\/apple-icon-57x57.png",
                "id": 1,
                "original_url": "https:\/\/www.reddit.com\/r\/Terraform\/comments\/bhbr10\/terraform_rds_module_is_not_enabling_automated\/"
            }
        ]
    }
]