[
    {
        "type": "message",
        "subtype": "bot_message",
        "text": "<https:\/\/qiita.com\/propella\/items\/966b40cd24fa9d5bcab2|AWS Console, CLI, Terraform と色々な方法で EC2 インスタンスを作る>\n今 Terraform の勉強をしているのだが、AWS の事をよく知らないとチュートリアルすら進められない事が分かった。そこで AWS Console, AWS CLI, Terraform のそれぞれで EC2 インスタンスを作ってみる。\n\n\n<https:\/\/qiita.com\/#%E5%89%8D%E6%8F%90%E6%9D%A1%E4%BB%B6>前提条件\n\n\nAWS アカウントと AWS CLI (AWS_PROFILE) 設定済み。\nリージョンは Oregon us-west-2 を使う (AWS_REGION=us-west-2)。\n外部から SSH...",
        "ts": "1555409504.001600",
        "username": "Terraformタグが付けられた新着記事 - Qiita",
        "icons": {
            "image_36": "https:\/\/a.slack-edge.com\/66f9\/img\/services\/rss_36.png",
            "image_48": "https:\/\/a.slack-edge.com\/66f9\/img\/services\/rss_48.png",
            "image_72": "https:\/\/a.slack-edge.com\/205a\/img\/services\/rss_72.png"
        },
        "bot_id": "BG3N7LG73",
        "attachments": [
            {
                "service_name": "Qiita",
                "title": "色々な方法で EC2 インスタンスを作る - Qiita",
                "title_link": "https:\/\/qiita.com\/propella\/items\/966b40cd24fa9d5bcab2",
                "text": "今 Terraform の勉強をしているのだが、AWS の事をよく知らないとチュートリアルすら進められない事が分かった。そこで AWS Console, AWS CLI, Terraform のそれぞれで EC2 インスタンスを作って...",
                "fallback": "Qiita: 色々な方法で EC2 インスタンスを作る - Qiita",
                "thumb_url": "https:\/\/cdn.qiita.com\/assets\/qiita-fb-2887e7b4aad86fd8c25cea84846f2236.png",
                "from_url": "https:\/\/qiita.com\/propella\/items\/966b40cd24fa9d5bcab2",
                "thumb_width": 200,
                "thumb_height": 200,
                "service_icon": "https:\/\/cdn.qiita.com\/assets\/favicons\/public\/apple-touch-icon-f9a6afad761ec2306e10db2736187c8b.png",
                "id": 1,
                "original_url": "https:\/\/qiita.com\/propella\/items\/966b40cd24fa9d5bcab2"
            },
            {
                "service_name": "Qiita",
                "title": "プログラマの技術情報共有サービス - Qiita",
                "title_link": "https:\/\/qiita.com\/#%E5%89%8D%E6%8F%90%E6%9D%A1%E4%BB%B6",
                "text": "Qiitaは、プログラマのための技術情報共有サービスです。 プログラミングに関するTips、ノウハウ、メモを簡単に記録 &amp; 公開することができます。",
                "fallback": "Qiita: プログラマの技術情報共有サービス - Qiita",
                "thumb_url": "https:\/\/cdn.qiita.com\/assets\/qiita-fb-2887e7b4aad86fd8c25cea84846f2236.png",
                "from_url": "https:\/\/qiita.com\/#%E5%89%8D%E6%8F%90%E6%9D%A1%E4%BB%B6",
                "thumb_width": 200,
                "thumb_height": 200,
                "service_icon": "https:\/\/cdn.qiita.com\/assets\/favicons\/public\/apple-touch-icon-f9a6afad761ec2306e10db2736187c8b.png",
                "id": 2,
                "original_url": "https:\/\/qiita.com\/#%E5%89%8D%E6%8F%90%E6%9D%A1%E4%BB%B6"
            }
        ]
    },
    {
        "type": "message",
        "subtype": "bot_message",
        "text": "<https:\/\/www.reddit.com\/r\/Terraform\/comments\/bdt5a8\/covering_your_keybases\/|Covering your (key)Bases>\nsubmitted by   <https:\/\/www.reddit.com\/user\/kiarash-irandoust| \/u\/kiarash-irandoust > \n<https:\/\/itnext.io\/covering-your-key-bases-9b007f3fd9a2?source=friends_link&amp;sk=4b88e86f69ec39e35b3a9fbf814cbfba|[link]>   <https:\/\/www.reddit.com\/r\/Terraform\/comments\/bdt5a8\/covering_your_keybases\/|[comments]>",
        "ts": "1555417308.001800",
        "username": "Terraform ALL the Worlds!",
        "icons": {
            "image_48": "https:\/\/s3-us-west-2.amazonaws.com\/slack-files2\/bot_icons\/2019-02-12\/548785199618_48.png"
        },
        "bot_id": "BG3N7LG73",
        "attachments": [
            {
                "service_name": "reddit",
                "title": "r\/Terraform - Covering your (key)Bases",
                "title_link": "https:\/\/www.reddit.com\/r\/Terraform\/comments\/bdt5a8\/covering_your_keybases\/",
                "text": "0 votes and 0 comments so far on Reddit",
                "fallback": "reddit: r\/Terraform - Covering your (key)Bases",
                "thumb_url": "https:\/\/external-preview.redd.it\/WoJ1RHGQHoIJNsWsz3xLzyuoUfRw6mAdb_zSoURxQLk.jpg?auto=webp&s=5ae819bfddd2c440620b74a9433f80b863694b5f",
                "from_url": "https:\/\/www.reddit.com\/r\/Terraform\/comments\/bdt5a8\/covering_your_keybases\/",
                "thumb_width": 999,
                "thumb_height": 999,
                "service_icon": "https:\/\/www.redditstatic.com\/desktop2x\/img\/favicon\/apple-icon-57x57.png",
                "id": 1,
                "original_url": "https:\/\/www.reddit.com\/r\/Terraform\/comments\/bdt5a8\/covering_your_keybases\/"
            },
            {
                "service_name": "reddit",
                "title": "kiarash-irandoust (u\/kiarash-irandoust) - Reddit",
                "title_link": "https:\/\/www.reddit.com\/user\/kiarash-irandoust",
                "text": "u\/kiarash-irandoust:",
                "fallback": "reddit: kiarash-irandoust (u\/kiarash-irandoust) - Reddit",
                "thumb_url": "https:\/\/www.redditstatic.com\/avatars\/avatar_default_03_46A508.png",
                "from_url": "https:\/\/www.reddit.com\/user\/kiarash-irandoust",
                "thumb_width": 256,
                "thumb_height": 256,
                "service_icon": "https:\/\/www.redditstatic.com\/desktop2x\/img\/favicon\/apple-icon-57x57.png",
                "id": 2,
                "original_url": "https:\/\/www.reddit.com\/user\/kiarash-irandoust"
            },
            {
                "service_name": "ITNEXT",
                "title": "Covering your (key)Bases",
                "title_link": "https:\/\/itnext.io\/covering-your-key-bases-9b007f3fd9a2?source=friends_link&sk=4b88e86f69ec39e35b3a9fbf814cbfba",
                "text": "A story about a journey from a completely manual key management system to one that both automates the rotation and distribution.",
                "fallback": "ITNEXT: Covering your (key)Bases",
                "image_url": "https:\/\/cdn-images-1.medium.com\/max\/1200\/1*7xHFgug3xWuQUH65Kc9cDA.jpeg",
                "fields": [
                    {
                        "title": "Reading time",
                        "value": "9 min read",
                        "short": true
                    }
                ],
                "ts": 1554455203,
                "from_url": "https:\/\/itnext.io\/covering-your-key-bases-9b007f3fd9a2?source=friends_link&sk=4b88e86f69ec39e35b3a9fbf814cbfba",
                "image_width": 250,
                "image_height": 250,
                "image_bytes": 176478,
                "service_icon": "https:\/\/cdn-images-1.medium.com\/fit\/c\/304\/304\/1*yAqDFIFA5F_NXalOJKz4TA.png",
                "id": 3,
                "original_url": "https:\/\/itnext.io\/covering-your-key-bases-9b007f3fd9a2?source=friends_link&amp;sk=4b88e86f69ec39e35b3a9fbf814cbfba"
            }
        ]
    },
    {
        "type": "message",
        "subtype": "bot_message",
        "text": "<https:\/\/www.reddit.com\/r\/Terraform\/comments\/be3w4w\/terraforming_engineering_planetary_environments\/|Terraforming: Engineering Planetary Environments>\nsubmitted by   <https:\/\/www.reddit.com\/user\/camerontbelt| \/u\/camerontbelt > \n<https:\/\/terraforming-book.herokuapp.com\/index.html|[link]>   <https:\/\/www.reddit.com\/r\/Terraform\/comments\/be3w4w\/terraforming_engineering_planetary_environments\/|[comments]>",
        "ts": "1555477314.002000",
        "username": "Terraform ALL the Worlds!",
        "icons": {
            "image_48": "https:\/\/s3-us-west-2.amazonaws.com\/slack-files2\/bot_icons\/2019-02-12\/548785199618_48.png"
        },
        "bot_id": "BG3N7LG73",
        "attachments": [
            {
                "service_name": "reddit",
                "title": "r\/Terraform - Terraforming: Engineering Planetary Environments",
                "title_link": "https:\/\/www.reddit.com\/r\/Terraform\/comments\/be3w4w\/terraforming_engineering_planetary_environments\/",
                "text": "0 votes and 0 comments so far on Reddit",
                "fallback": "reddit: r\/Terraform - Terraforming: Engineering Planetary Environments",
                "from_url": "https:\/\/www.reddit.com\/r\/Terraform\/comments\/be3w4w\/terraforming_engineering_planetary_environments\/",
                "service_icon": "https:\/\/www.redditstatic.com\/desktop2x\/img\/favicon\/apple-icon-57x57.png",
                "id": 1,
                "original_url": "https:\/\/www.reddit.com\/r\/Terraform\/comments\/be3w4w\/terraforming_engineering_planetary_environments\/"
            },
            {
                "service_name": "reddit",
                "title": "camerontbelt (u\/camerontbelt) - Reddit",
                "title_link": "https:\/\/www.reddit.com\/user\/camerontbelt",
                "text": "u\/camerontbelt:",
                "fallback": "reddit: camerontbelt (u\/camerontbelt) - Reddit",
                "thumb_url": "https:\/\/www.redditstatic.com\/avatars\/avatar_default_01_A06A42.png",
                "from_url": "https:\/\/www.reddit.com\/user\/camerontbelt",
                "thumb_width": 256,
                "thumb_height": 256,
                "service_icon": "https:\/\/www.redditstatic.com\/desktop2x\/img\/favicon\/apple-icon-57x57.png",
                "id": 2,
                "original_url": "https:\/\/www.reddit.com\/user\/camerontbelt"
            },
            {
                "title": "             Terraforming: Engineering Planetary Environments         ",
                "title_link": "https:\/\/terraforming-book.herokuapp.com\/index.html",
                "text": "Terraforming Engineering Planetary Environments",
                "fallback": "             Terraforming: Engineering Planetary Environments         ",
                "from_url": "https:\/\/terraforming-book.herokuapp.com\/index.html",
                "service_name": "terraforming-book.herokuapp.com",
                "id": 3,
                "original_url": "https:\/\/terraforming-book.herokuapp.com\/index.html"
            }
        ]
    }
]