[
    {
        "type": "message",
        "subtype": "bot_message",
        "text": "<https:\/\/www.reddit.com\/r\/Terraform\/comments\/bekuo1\/cloudwatch_alarm_for_instance_status\/|Cloudwatch alarm for instance status>\nHi there, I am trying to setup cloudwatch alarm for an instance in way that a mail is triggered if instance goes offline. However I am not able to figure out how to do it. Could someone please show me any code sample for this? Thanks in advance \n   submitted by   <https:\/\/www.reddit.com\/user\/ashofspades| \/u\/ashofspades > \n<https:\/\/www.reddit.com\/r\/Terraform\/comments\/bekuo1\/cloudwatch_alarm_for_instance_status\/|[link]>   &lt;a...",
        "ts": "1555590711.002800",
        "username": "Terraform ALL the Worlds!",
        "icons": {
            "image_48": "https:\/\/s3-us-west-2.amazonaws.com\/slack-files2\/bot_icons\/2019-02-12\/548785199618_48.png"
        },
        "bot_id": "BG3N7LG73",
        "attachments": [
            {
                "service_name": "reddit",
                "title": "r\/Terraform - Cloudwatch alarm for instance status",
                "title_link": "https:\/\/www.reddit.com\/r\/Terraform\/comments\/bekuo1\/cloudwatch_alarm_for_instance_status\/",
                "text": "0 votes and 0 comments so far on Reddit",
                "fallback": "reddit: r\/Terraform - Cloudwatch alarm for instance status",
                "from_url": "https:\/\/www.reddit.com\/r\/Terraform\/comments\/bekuo1\/cloudwatch_alarm_for_instance_status\/",
                "service_icon": "https:\/\/www.redditstatic.com\/desktop2x\/img\/favicon\/apple-icon-57x57.png",
                "id": 1,
                "original_url": "https:\/\/www.reddit.com\/r\/Terraform\/comments\/bekuo1\/cloudwatch_alarm_for_instance_status\/"
            },
            {
                "service_name": "reddit",
                "title": "AshOfSpades (u\/ashofspades) - Reddit",
                "title_link": "https:\/\/www.reddit.com\/user\/ashofspades",
                "text": "u\/ashofspades:",
                "fallback": "reddit: AshOfSpades (u\/ashofspades) - Reddit",
                "thumb_url": "https:\/\/www.redditstatic.com\/avatars\/avatar_default_17_C18D42.png",
                "from_url": "https:\/\/www.reddit.com\/user\/ashofspades",
                "thumb_width": 256,
                "thumb_height": 256,
                "service_icon": "https:\/\/www.redditstatic.com\/desktop2x\/img\/favicon\/apple-icon-57x57.png",
                "id": 2,
                "original_url": "https:\/\/www.reddit.com\/user\/ashofspades"
            }
        ]
    },
    {
        "type": "message",
        "subtype": "bot_message",
        "text": "<https:\/\/www.reddit.com\/r\/Terraform\/comments\/benv2q\/user_research_for_terraform_registry_participant\/|User Research for Terraform Registry - Participant Request>\nHey there! :wave:I'm Roary and I work at HashiCorp as a Product Designer on Terraform. ​ We have some big plans for the Terraform Registry (<https:\/\/registry.terraform.io\/|registry.terraform.io>) and are looking for individuals who would be willing to answer some questions about how they use the Registry, what we can do to make it better and even walk through a few examples of how you use it today. ​ This session would take about 45 minutes and will be fully remote. If you're...",
        "ts": "1555606624.003000",
        "username": "Terraform ALL the Worlds!",
        "icons": {
            "image_48": "https:\/\/s3-us-west-2.amazonaws.com\/slack-files2\/bot_icons\/2019-02-12\/548785199618_48.png"
        },
        "bot_id": "BG3N7LG73",
        "attachments": [
            {
                "service_name": "reddit",
                "title": "r\/Terraform - User Research for Terraform Registry - Participant Request",
                "title_link": "https:\/\/www.reddit.com\/r\/Terraform\/comments\/benv2q\/user_research_for_terraform_registry_participant\/",
                "text": "0 votes and 0 comments so far on Reddit",
                "fallback": "reddit: r\/Terraform - User Research for Terraform Registry - Participant Request",
                "from_url": "https:\/\/www.reddit.com\/r\/Terraform\/comments\/benv2q\/user_research_for_terraform_registry_participant\/",
                "service_icon": "https:\/\/www.redditstatic.com\/desktop2x\/img\/favicon\/apple-icon-57x57.png",
                "id": 1,
                "original_url": "https:\/\/www.reddit.com\/r\/Terraform\/comments\/benv2q\/user_research_for_terraform_registry_participant\/"
            }
        ]
    },
    {
        "type": "message",
        "subtype": "bot_message",
        "text": "<https:\/\/www.reddit.com\/r\/Terraform\/comments\/bet083\/aws_launch_configuration_associate_public_ip\/|aws_launch_configuration \"associate_public_ip_address\" is false but public IP still being assigned>\nIn my aws_launch_configuration resource, the associate_public_ip_address setting is false, but a public IP is being assigned to instances and the IP Address Type in the launch config console shows \"Only assign a public IP address to instances launched in the default VPC and subnet\". From what I am reading in <https:\/\/www.terraform.io\/docs\/providers\/aws\/r\/launch_configuration.html|https:\/\/www.terraform.io\/docs\/providers\/aws\/r\/launch_configuration.html>, I am expecting this...",
        "ts": "1555635117.003200",
        "username": "Terraform ALL the Worlds!",
        "icons": {
            "image_48": "https:\/\/s3-us-west-2.amazonaws.com\/slack-files2\/bot_icons\/2019-02-12\/548785199618_48.png"
        },
        "bot_id": "BG3N7LG73",
        "attachments": [
            {
                "service_name": "reddit",
                "title": "r\/Terraform - aws_launch_configuration \"associate_public_ip_address\" is false but public IP still being assigned",
                "title_link": "https:\/\/www.reddit.com\/r\/Terraform\/comments\/bet083\/aws_launch_configuration_associate_public_ip\/",
                "text": "0 votes and 0 comments so far on Reddit",
                "fallback": "reddit: r\/Terraform - aws_launch_configuration \"associate_public_ip_address\" is false but public IP still being assigned",
                "thumb_url": "https:\/\/external-preview.redd.it\/z65Ij3sjw0pMo0iCpafxuHL0krl46D06FYa55-Ba2jQ.jpg?auto=webp&s=8cc0cd6a1e871c9bd177a59a16093eadba8d9abb",
                "from_url": "https:\/\/www.reddit.com\/r\/Terraform\/comments\/bet083\/aws_launch_configuration_associate_public_ip\/",
                "thumb_width": 712,
                "thumb_height": 712,
                "service_icon": "https:\/\/www.redditstatic.com\/desktop2x\/img\/favicon\/apple-icon-57x57.png",
                "id": 1,
                "original_url": "https:\/\/www.reddit.com\/r\/Terraform\/comments\/bet083\/aws_launch_configuration_associate_public_ip\/"
            },
            {
                "service_name": "Terraform by HashiCorp",
                "title": "AWS: aws_launch_configuration - Terraform by HashiCorp",
                "title_link": "https:\/\/www.terraform.io\/docs\/providers\/aws\/r\/launch_configuration.html",
                "text": "Provides a resource to create a new launch configuration, used for autoscaling groups.",
                "fallback": "Terraform by HashiCorp: AWS: aws_launch_configuration - Terraform by HashiCorp",
                "thumb_url": "https:\/\/www.terraform.io\/assets\/images\/og-image-8b3e4f7d.png",
                "from_url": "https:\/\/www.terraform.io\/docs\/providers\/aws\/r\/launch_configuration.html",
                "thumb_width": 712,
                "thumb_height": 712,
                "service_icon": "https:\/\/www.terraform.io\/assets\/images\/favicons\/apple-touch-icon-13180a24.png",
                "id": 2,
                "original_url": "https:\/\/www.terraform.io\/docs\/providers\/aws\/r\/launch_configuration.html"
            }
        ]
    },
    {
        "type": "message",
        "subtype": "bot_message",
        "text": "<https:\/\/www.reddit.com\/r\/Terraform\/comments\/beum3k\/function_to_verify_if_ip_sits_within_a_cidr_block\/|Function to verify if IP sits within a cidr block?>\nIs there a way that I can verify if an IP address sits within a cidr block? The cidr block is stored in a variable and the IP address is retrieved using a data \"http\" block. \n   submitted by   <https:\/\/www.reddit.com\/user\/csnow_uk| \/u\/csnow_uk > \n<https:\/\/www.reddit.com\/r\/Terraform\/comments\/beum3k\/function_to_verify_if_ip_sits_within_a_cidr_block\/|[link]>   &lt;a...",
        "ts": "1555645022.003400",
        "username": "Terraform ALL the Worlds!",
        "icons": {
            "image_48": "https:\/\/s3-us-west-2.amazonaws.com\/slack-files2\/bot_icons\/2019-02-12\/548785199618_48.png"
        },
        "bot_id": "BG3N7LG73",
        "attachments": [
            {
                "service_name": "reddit",
                "title": "r\/Terraform - Function to verify if IP sits within a cidr block?",
                "title_link": "https:\/\/www.reddit.com\/r\/Terraform\/comments\/beum3k\/function_to_verify_if_ip_sits_within_a_cidr_block\/",
                "text": "0 votes and 0 comments so far on Reddit",
                "fallback": "reddit: r\/Terraform - Function to verify if IP sits within a cidr block?",
                "from_url": "https:\/\/www.reddit.com\/r\/Terraform\/comments\/beum3k\/function_to_verify_if_ip_sits_within_a_cidr_block\/",
                "service_icon": "https:\/\/www.redditstatic.com\/desktop2x\/img\/favicon\/apple-icon-57x57.png",
                "id": 1,
                "original_url": "https:\/\/www.reddit.com\/r\/Terraform\/comments\/beum3k\/function_to_verify_if_ip_sits_within_a_cidr_block\/"
            }
        ]
    },
    {
        "user": "UJ167V97S",
        "type": "message",
        "subtype": "channel_join",
        "ts": "1555648793.003700",
        "text": "<@UJ167V97S>さんがチャンネルに参加しました"
    }
]