[
    {
        "type": "message",
        "subtype": "bot_message",
        "text": "<https:\/\/www.reddit.com\/r\/Terraform\/comments\/be9w1y\/cloudflare_dns_records_and_azure_app_services\/|Cloudflare DNS records and Azure App Services>\nI've got a bit of a weird question, and I think I already know the answer to this, but I wanted to confirm since I'm still kind of new to Terraform. When we stand up a new App Service within Azure, we want to create a custom domain name entry so that we can use our own domain\/SSL cert and not the \".<http:\/\/azurewebsites.net|azurewebsites.net>\" URL. During this process, Azure requires that you CNAME the host to the .<http:\/\/azurewebsites.net|azurewebsites.net> DNS entry, but they do not support CDNs (e.g. they're just checking that the DNS...",
        "ts": "1555519611.002200",
        "username": "Terraform ALL the Worlds!",
        "icons": {
            "image_48": "https:\/\/s3-us-west-2.amazonaws.com\/slack-files2\/bot_icons\/2019-02-12\/548785199618_48.png"
        },
        "bot_id": "BG3N7LG73",
        "attachments": [
            {
                "service_name": "reddit",
                "title": "r\/Terraform - Cloudflare DNS records and Azure App Services",
                "title_link": "https:\/\/www.reddit.com\/r\/Terraform\/comments\/be9w1y\/cloudflare_dns_records_and_azure_app_services\/",
                "text": "0 votes and 0 comments so far on Reddit",
                "fallback": "reddit: r\/Terraform - Cloudflare DNS records and Azure App Services",
                "from_url": "https:\/\/www.reddit.com\/r\/Terraform\/comments\/be9w1y\/cloudflare_dns_records_and_azure_app_services\/",
                "service_icon": "https:\/\/www.redditstatic.com\/desktop2x\/img\/favicon\/apple-icon-57x57.png",
                "id": 1,
                "original_url": "https:\/\/www.reddit.com\/r\/Terraform\/comments\/be9w1y\/cloudflare_dns_records_and_azure_app_services\/"
            }
        ]
    },
    {
        "type": "message",
        "subtype": "bot_message",
        "text": "<https:\/\/www.reddit.com\/r\/Terraform\/comments\/bee4ko\/can_you_specify_the_aws_ecs_task_definition_json\/|Can you specify the aws_ecs_task_definition JSON instead of relying on TF's Top Level Arguments?>\nHi, I'm creating an App that will run Envoy as a Proxy, and for that reason I need to specify some settings on the Top Level Argument \"proxyConfiguration\" - which Terraform does not allow me to set as a resource attribute. ​ Is it possible to simply create the Task Definition JSON and have Terraform apply that JSON against the Task Definition on AWS? ​ Reference: &lt;a...",
        "ts": "1555542114.002400",
        "username": "Terraform ALL the Worlds!",
        "icons": {
            "image_48": "https:\/\/s3-us-west-2.amazonaws.com\/slack-files2\/bot_icons\/2019-02-12\/548785199618_48.png"
        },
        "bot_id": "BG3N7LG73",
        "attachments": [
            {
                "service_name": "reddit",
                "title": "r\/Terraform - Can you specify the aws_ecs_task_definition JSON instead of relying on TF's Top Level Arguments?",
                "title_link": "https:\/\/www.reddit.com\/r\/Terraform\/comments\/bee4ko\/can_you_specify_the_aws_ecs_task_definition_json\/",
                "text": "0 votes and 0 comments so far on Reddit",
                "fallback": "reddit: r\/Terraform - Can you specify the aws_ecs_task_definition JSON instead of relying on TF's Top Level Arguments?",
                "thumb_url": "https:\/\/external-preview.redd.it\/z65Ij3sjw0pMo0iCpafxuHL0krl46D06FYa55-Ba2jQ.jpg?auto=webp&s=8cc0cd6a1e871c9bd177a59a16093eadba8d9abb",
                "from_url": "https:\/\/www.reddit.com\/r\/Terraform\/comments\/bee4ko\/can_you_specify_the_aws_ecs_task_definition_json\/",
                "thumb_width": 712,
                "thumb_height": 712,
                "service_icon": "https:\/\/www.redditstatic.com\/desktop2x\/img\/favicon\/apple-icon-57x57.png",
                "id": 1,
                "original_url": "https:\/\/www.reddit.com\/r\/Terraform\/comments\/bee4ko\/can_you_specify_the_aws_ecs_task_definition_json\/"
            }
        ]
    },
    {
        "type": "message",
        "subtype": "bot_message",
        "text": "<https:\/\/www.reddit.com\/r\/Terraform\/comments\/befbha\/can_i_createlaunch_a_windows_ec2_server_instance\/|Can I create\/launch a Windows EC2 Server instance and disable the firewall?>\nIs there a way for me to launch an ec2 windows server instance and tell terraform to disable the firewall? If I can not disable the firewall is there a way for me to punch a hole in it from within Terraform? \n   submitted by   <https:\/\/www.reddit.com\/user\/GlaucomaPredator| \/u\/GlaucomaPredator > \n<https:\/\/www.reddit.com\/r\/Terraform\/comments\/befbha\/can_i_createlaunch_a_windows_ec2_server_instance\/|[link]>   &lt;a...",
        "ts": "1555549036.002600",
        "username": "Terraform ALL the Worlds!",
        "icons": {
            "image_48": "https:\/\/s3-us-west-2.amazonaws.com\/slack-files2\/bot_icons\/2019-02-12\/548785199618_48.png"
        },
        "bot_id": "BG3N7LG73",
        "attachments": [
            {
                "service_name": "reddit",
                "title": "r\/Terraform - Can I create\/launch a Windows EC2 Server instance and disable the firewall?",
                "title_link": "https:\/\/www.reddit.com\/r\/Terraform\/comments\/befbha\/can_i_createlaunch_a_windows_ec2_server_instance\/",
                "text": "0 votes and 0 comments so far on Reddit",
                "fallback": "reddit: r\/Terraform - Can I create\/launch a Windows EC2 Server instance and disable the firewall?",
                "from_url": "https:\/\/www.reddit.com\/r\/Terraform\/comments\/befbha\/can_i_createlaunch_a_windows_ec2_server_instance\/",
                "service_icon": "https:\/\/www.redditstatic.com\/desktop2x\/img\/favicon\/apple-icon-57x57.png",
                "id": 1,
                "original_url": "https:\/\/www.reddit.com\/r\/Terraform\/comments\/befbha\/can_i_createlaunch_a_windows_ec2_server_instance\/"
            },
            {
                "service_name": "reddit",
                "title": "GlaucomaPredator (u\/GlaucomaPredator) - Reddit",
                "title_link": "https:\/\/www.reddit.com\/user\/GlaucomaPredator",
                "text": "u\/GlaucomaPredator:",
                "fallback": "reddit: GlaucomaPredator (u\/GlaucomaPredator) - Reddit",
                "thumb_url": "https:\/\/www.redditstatic.com\/avatars\/avatar_default_14_4856A3.png",
                "from_url": "https:\/\/www.reddit.com\/user\/GlaucomaPredator",
                "thumb_width": 256,
                "thumb_height": 256,
                "service_icon": "https:\/\/www.redditstatic.com\/desktop2x\/img\/favicon\/apple-icon-57x57.png",
                "id": 2,
                "original_url": "https:\/\/www.reddit.com\/user\/GlaucomaPredator"
            }
        ]
    }
]