[
    {
        "type": "message",
        "subtype": "bot_message",
        "text": "<https:\/\/www.reddit.com\/r\/Terraform\/comments\/baab3i\/looking_to_save_output_via_vars_file\/|Looking to save output via vars file?>\n​ I am picking up someone else's work that got started but not finished or well documented so I'm having to backward engineer some things. The first, I'm looking to specify a log file from a tag in a vars file. in my <https:\/\/variables.tf\/|variables.tf> I have: ​ output \"outputfile\" {\n description = \"Log file for output\"\n value = \"test.out\"\n }  This isn't working how I figured. Anyone know how to do this? ​ ​ I came upon this as I got an error saying I hadn't specified a...",
        "ts": "1554594419.005500",
        "username": "Terraform ALL the Worlds!",
        "icons": {
            "image_48": "https:\/\/s3-us-west-2.amazonaws.com\/slack-files2\/bot_icons\/2019-02-12\/548785199618_48.png"
        },
        "bot_id": "BG3N7LG73",
        "attachments": [
            {
                "service_name": "reddit",
                "title": "r\/Terraform - Looking to save output via vars file?",
                "title_link": "https:\/\/www.reddit.com\/r\/Terraform\/comments\/baab3i\/looking_to_save_output_via_vars_file\/",
                "text": "0 votes and 0 comments so far on Reddit",
                "fallback": "reddit: r\/Terraform - Looking to save output via vars file?",
                "from_url": "https:\/\/www.reddit.com\/r\/Terraform\/comments\/baab3i\/looking_to_save_output_via_vars_file\/",
                "service_icon": "https:\/\/www.redditstatic.com\/desktop2x\/img\/favicon\/apple-icon-57x57.png",
                "id": 1,
                "original_url": "https:\/\/www.reddit.com\/r\/Terraform\/comments\/baab3i\/looking_to_save_output_via_vars_file\/"
            }
        ]
    }
]