[
    {
        "type": "message",
        "subtype": "bot_message",
        "text": "<https:\/\/www.reddit.com\/r\/Terraform\/comments\/batx5a\/large_number_of_instances\/|Large number of instances>\nHi all. I want to start a large number of identical instances. If I use the count feature then I get a list of IPs in return. However I would then like to be able to destroy specific instances based on their IP. I know I can destroy a specific instance, just not sure how to correlate it to the IP of the instance I want to destroy. \n   submitted by   <https:\/\/www.reddit.com\/user\/_bigkahuna_| \/u\/_bigkahuna_ > \n&lt;a...",
        "ts": "1554731239.006100",
        "username": "Terraform ALL the Worlds!",
        "icons": {
            "image_48": "https:\/\/s3-us-west-2.amazonaws.com\/slack-files2\/bot_icons\/2019-02-12\/548785199618_48.png"
        },
        "bot_id": "BG3N7LG73",
        "attachments": [
            {
                "service_name": "reddit",
                "title": "r\/Terraform - Large number of instances",
                "title_link": "https:\/\/www.reddit.com\/r\/Terraform\/comments\/batx5a\/large_number_of_instances\/",
                "text": "0 votes and 0 comments so far on Reddit",
                "fallback": "reddit: r\/Terraform - Large number of instances",
                "from_url": "https:\/\/www.reddit.com\/r\/Terraform\/comments\/batx5a\/large_number_of_instances\/",
                "service_icon": "https:\/\/www.redditstatic.com\/desktop2x\/img\/favicon\/apple-icon-57x57.png",
                "id": 1,
                "original_url": "https:\/\/www.reddit.com\/r\/Terraform\/comments\/batx5a\/large_number_of_instances\/"
            },
            {
                "service_name": "reddit",
                "title": "_bigkahuna_ (u\/_bigkahuna_) - Reddit",
                "title_link": "https:\/\/www.reddit.com\/user\/_bigkahuna_",
                "text": "u\/_bigkahuna_:",
                "fallback": "reddit: _bigkahuna_ (u\/_bigkahuna_) - Reddit",
                "thumb_url": "https:\/\/www.redditstatic.com\/avatars\/avatar_default_01_24A0ED.png",
                "from_url": "https:\/\/www.reddit.com\/user\/_bigkahuna_",
                "thumb_width": 256,
                "thumb_height": 256,
                "service_icon": "https:\/\/www.redditstatic.com\/desktop2x\/img\/favicon\/apple-icon-57x57.png",
                "id": 2,
                "original_url": "https:\/\/www.reddit.com\/user\/_bigkahuna_"
            }
        ]
    },
    {
        "type": "message",
        "subtype": "bot_message",
        "text": "<https:\/\/www.reddit.com\/r\/Terraform\/comments\/bau4oa\/how_to_detach_network_interface_using_terraform\/|How to detach network interface using terraform?>\nHi there, I have an EC2 instance which I built using following terraform modules. <https:\/\/github.com\/terraform-aws-modules\/terraform-aws-ec2-instance|https:\/\/github.com\/terraform-aws-modules\/terraform-aws-ec2-instance> Now I want to attach an ENI to it for which I used aws_network_interface_attachment. The problem is I end up being having an instance with 2 ENI attached now. How do I get rid of default NI? \n   submitted by   &lt;a href=\"https:\/\/www.reddit.com\/user\/ashofspades\"&gt;...",
        "ts": "1554732439.006300",
        "username": "Terraform ALL the Worlds!",
        "icons": {
            "image_48": "https:\/\/s3-us-west-2.amazonaws.com\/slack-files2\/bot_icons\/2019-02-12\/548785199618_48.png"
        },
        "bot_id": "BG3N7LG73",
        "attachments": [
            {
                "service_name": "reddit",
                "title": "r\/Terraform - How to detach network interface using terraform?",
                "title_link": "https:\/\/www.reddit.com\/r\/Terraform\/comments\/bau4oa\/how_to_detach_network_interface_using_terraform\/",
                "text": "0 votes and 0 comments so far on Reddit",
                "fallback": "reddit: r\/Terraform - How to detach network interface using terraform?",
                "thumb_url": "https:\/\/external-preview.redd.it\/MUA8dueX9jeUrzdX-R3j7a3uS0Eo3q_On3PM8CAT7M8.jpg?auto=webp&s=1e39699b77d6d281523d33c4a7935a6a741c8340",
                "from_url": "https:\/\/www.reddit.com\/r\/Terraform\/comments\/bau4oa\/how_to_detach_network_interface_using_terraform\/",
                "thumb_width": 400,
                "thumb_height": 400,
                "service_icon": "https:\/\/www.redditstatic.com\/desktop2x\/img\/favicon\/apple-icon-57x57.png",
                "id": 1,
                "original_url": "https:\/\/www.reddit.com\/r\/Terraform\/comments\/bau4oa\/how_to_detach_network_interface_using_terraform\/"
            },
            {
                "service_name": "GitHub",
                "title": "terraform-aws-modules\/terraform-aws-ec2-instance",
                "title_link": "https:\/\/github.com\/terraform-aws-modules\/terraform-aws-ec2-instance",
                "text": "Terraform module which creates EC2 instance(s) on AWS - terraform-aws-modules\/terraform-aws-ec2-instance",
                "fallback": "GitHub: terraform-aws-modules\/terraform-aws-ec2-instance",
                "from_url": "https:\/\/github.com\/terraform-aws-modules\/terraform-aws-ec2-instance",
                "thumb_url": "https:\/\/avatars2.githubusercontent.com\/u\/31414033?s=400&v=4",
                "thumb_width": 250,
                "thumb_height": 250,
                "service_icon": "https:\/\/a.slack-edge.com\/bfaba\/img\/unfurl_icons\/github.png",
                "id": 2,
                "original_url": "https:\/\/github.com\/terraform-aws-modules\/terraform-aws-ec2-instance"
            }
        ]
    },
    {
        "type": "message",
        "subtype": "bot_message",
        "text": "<https:\/\/www.reddit.com\/r\/Terraform\/comments\/bau8xx\/aws_vpn_and_output_question\/|AWS VPN and output question.>\nSo I'm able to successfully create a) Transit gateways with VPNs attached or b) site to site VPNs via Terraform.  ​ What I haven't found is a way to pull, for example, Juniper SRX configuration for the new VPN. I can do this manually via aws cli or via the GUI console. \n   submitted by   <https:\/\/www.reddit.com\/user\/skalragg| \/u\/skalragg > \n<https:\/\/www.reddit.com\/r\/Terraform\/comments\/bau8xx\/aws_vpn_and_output_question\/|[link]>   &lt;a...",
        "ts": "1554733623.006500",
        "username": "Terraform ALL the Worlds!",
        "icons": {
            "image_48": "https:\/\/s3-us-west-2.amazonaws.com\/slack-files2\/bot_icons\/2019-02-12\/548785199618_48.png"
        },
        "bot_id": "BG3N7LG73",
        "attachments": [
            {
                "service_name": "reddit",
                "title": "r\/Terraform - AWS VPN and output question.",
                "title_link": "https:\/\/www.reddit.com\/r\/Terraform\/comments\/bau8xx\/aws_vpn_and_output_question\/",
                "text": "0 votes and 0 comments so far on Reddit",
                "fallback": "reddit: r\/Terraform - AWS VPN and output question.",
                "from_url": "https:\/\/www.reddit.com\/r\/Terraform\/comments\/bau8xx\/aws_vpn_and_output_question\/",
                "service_icon": "https:\/\/www.redditstatic.com\/desktop2x\/img\/favicon\/apple-icon-57x57.png",
                "id": 1,
                "original_url": "https:\/\/www.reddit.com\/r\/Terraform\/comments\/bau8xx\/aws_vpn_and_output_question\/"
            }
        ]
    },
    {
        "type": "message",
        "subtype": "bot_message",
        "text": "<https:\/\/www.reddit.com\/r\/Terraform\/comments\/bav47g\/exptoring_dynamodb_tables_to_terraform\/|Exptoring DynamoDb tables to terraform>\nI have around 10 dynamoDB tables with lots of data and want to replicate them in the same account but with different prefix, for e.g if a table is called \"user-logs\" I want to replicate it with all the attributes and data as \"test-user-logs\". How do I achieve this through terraform or another Mehtod suggested to speed up the spin up process without manual intervention. \n   submitted by   <https:\/\/www.reddit.com\/user\/rudvanrooy| \/u\/rudvanrooy > \n&lt;a...",
        "ts": "1554737526.006700",
        "username": "Terraform ALL the Worlds!",
        "icons": {
            "image_48": "https:\/\/s3-us-west-2.amazonaws.com\/slack-files2\/bot_icons\/2019-02-12\/548785199618_48.png"
        },
        "bot_id": "BG3N7LG73",
        "attachments": [
            {
                "service_name": "reddit",
                "title": "r\/Terraform - Exptoring DynamoDb tables to terraform",
                "title_link": "https:\/\/www.reddit.com\/r\/Terraform\/comments\/bav47g\/exptoring_dynamodb_tables_to_terraform\/",
                "text": "0 votes and 0 comments so far on Reddit",
                "fallback": "reddit: r\/Terraform - Exptoring DynamoDb tables to terraform",
                "from_url": "https:\/\/www.reddit.com\/r\/Terraform\/comments\/bav47g\/exptoring_dynamodb_tables_to_terraform\/",
                "service_icon": "https:\/\/www.redditstatic.com\/desktop2x\/img\/favicon\/apple-icon-57x57.png",
                "id": 1,
                "original_url": "https:\/\/www.reddit.com\/r\/Terraform\/comments\/bav47g\/exptoring_dynamodb_tables_to_terraform\/"
            },
            {
                "service_name": "reddit",
                "title": "rudvanrooy (u\/rudvanrooy) - Reddit",
                "title_link": "https:\/\/www.reddit.com\/user\/rudvanrooy",
                "text": "u\/rudvanrooy:",
                "fallback": "reddit: rudvanrooy (u\/rudvanrooy) - Reddit",
                "thumb_url": "https:\/\/www.redditstatic.com\/avatars\/avatar_default_19_FF8717.png",
                "from_url": "https:\/\/www.reddit.com\/user\/rudvanrooy",
                "thumb_width": 256,
                "thumb_height": 256,
                "service_icon": "https:\/\/www.redditstatic.com\/desktop2x\/img\/favicon\/apple-icon-57x57.png",
                "id": 2,
                "original_url": "https:\/\/www.reddit.com\/user\/rudvanrooy"
            }
        ]
    },
    {
        "type": "message",
        "subtype": "bot_message",
        "text": "<https:\/\/www.reddit.com\/r\/Terraform\/comments\/bavk87\/best_way_to_separate_elements_inside_a_variable\/|Best way to separate elements inside a variable that is a list?>\nHey Everyone - I'm not new to terraform, but I am fairly new to programming. I need to convert the following line from: route_table_id = \"${element(aws_route_table.private.*.id, count.index)}\"  to something more accepting of a variable input such as: route_table_id = \"${var.private-rt-ids}\"  Where the \"private-rt-ids\" variable is a list with all the proper elements. Previously (Currently?), I would use: route_table_id = [\"${split(\",\", join(\",\", var.private_rt_ids))}\"]  Is this still the best...",
        "ts": "1554739913.006900",
        "username": "Terraform ALL the Worlds!",
        "icons": {
            "image_48": "https:\/\/s3-us-west-2.amazonaws.com\/slack-files2\/bot_icons\/2019-02-12\/548785199618_48.png"
        },
        "bot_id": "BG3N7LG73",
        "attachments": [
            {
                "service_name": "reddit",
                "title": "r\/Terraform - Best way to separate elements inside a variable that is a list?",
                "title_link": "https:\/\/www.reddit.com\/r\/Terraform\/comments\/bavk87\/best_way_to_separate_elements_inside_a_variable\/",
                "text": "0 votes and 0 comments so far on Reddit",
                "fallback": "reddit: r\/Terraform - Best way to separate elements inside a variable that is a list?",
                "from_url": "https:\/\/www.reddit.com\/r\/Terraform\/comments\/bavk87\/best_way_to_separate_elements_inside_a_variable\/",
                "service_icon": "https:\/\/www.redditstatic.com\/desktop2x\/img\/favicon\/apple-icon-57x57.png",
                "id": 1,
                "original_url": "https:\/\/www.reddit.com\/r\/Terraform\/comments\/bavk87\/best_way_to_separate_elements_inside_a_variable\/"
            }
        ]
    },
    {
        "type": "message",
        "subtype": "bot_message",
        "text": "<https:\/\/www.reddit.com\/r\/Terraform\/comments\/bax90n\/aws_s3_bucket_policy_attachment\/|AWS S3 Bucket Policy Attachment>\nLooking for help attaching an S3 Bucket Policy via terraform. There doesn't seem to be much of anything on Terraform's website on how to do this. Other than possibily adding an '<https:\/\/www.terraform.io\/docs\/providers\/aws\/r\/s3_bucket.html|assume-role-policy>'. My hope is to create a separate policy document for S3 Bucket policies. Similar to how you'd accomplish it for IAM policies. But I'm not sure if\/how this will work or not. Any advice is appreciate \n   submitted by   &lt;a...",
        "ts": "1554748336.007100",
        "username": "Terraform ALL the Worlds!",
        "icons": {
            "image_48": "https:\/\/s3-us-west-2.amazonaws.com\/slack-files2\/bot_icons\/2019-02-12\/548785199618_48.png"
        },
        "bot_id": "BG3N7LG73",
        "attachments": [
            {
                "service_name": "reddit",
                "title": "r\/Terraform - AWS S3 Bucket Policy Attachment",
                "title_link": "https:\/\/www.reddit.com\/r\/Terraform\/comments\/bax90n\/aws_s3_bucket_policy_attachment\/",
                "text": "0 votes and 0 comments so far on Reddit",
                "fallback": "reddit: r\/Terraform - AWS S3 Bucket Policy Attachment",
                "thumb_url": "https:\/\/external-preview.redd.it\/z65Ij3sjw0pMo0iCpafxuHL0krl46D06FYa55-Ba2jQ.jpg?auto=webp&s=8cc0cd6a1e871c9bd177a59a16093eadba8d9abb",
                "from_url": "https:\/\/www.reddit.com\/r\/Terraform\/comments\/bax90n\/aws_s3_bucket_policy_attachment\/",
                "thumb_width": 712,
                "thumb_height": 712,
                "service_icon": "https:\/\/www.redditstatic.com\/desktop2x\/img\/favicon\/apple-icon-57x57.png",
                "id": 1,
                "original_url": "https:\/\/www.reddit.com\/r\/Terraform\/comments\/bax90n\/aws_s3_bucket_policy_attachment\/"
            },
            {
                "service_name": "Terraform by HashiCorp",
                "title": "AWS: aws_s3_bucket - Terraform by HashiCorp",
                "title_link": "https:\/\/www.terraform.io\/docs\/providers\/aws\/r\/s3_bucket.html",
                "text": "Provides a S3 bucket resource.",
                "fallback": "Terraform by HashiCorp: AWS: aws_s3_bucket - Terraform by HashiCorp",
                "thumb_url": "https:\/\/www.terraform.io\/assets\/images\/og-image-8b3e4f7d.png",
                "from_url": "https:\/\/www.terraform.io\/docs\/providers\/aws\/r\/s3_bucket.html",
                "thumb_width": 712,
                "thumb_height": 712,
                "service_icon": "https:\/\/www.terraform.io\/assets\/images\/favicons\/apple-touch-icon-13180a24.png",
                "id": 2,
                "original_url": "https:\/\/www.terraform.io\/docs\/providers\/aws\/r\/s3_bucket.html"
            }
        ]
    },
    {
        "type": "message",
        "subtype": "bot_message",
        "text": "<https:\/\/www.reddit.com\/r\/Terraform\/comments\/bayq91\/unknown_root_level_key_provisioner\/|Unknown root level key: provisioner>\nI'm running terraform with the model below:  In this case, you are using the Azure provider, with CLI authentication.  Unknown root level key: provisioner is being returned, but I have not found a specific cause.  resource \"azurerm_virtual_machine\" \"vm_machine\" {\n count = \"${var.machine_count}\"\n name = \"${format(\"${var.machine_base}-%02d\", count.index + 1)}\"\n location = \"${var.location}\"\n availability_set_id = \"${azurerm_availability_set.as.id}\"\n resource_group_name =...",
        "ts": "1554755840.007300",
        "username": "Terraform ALL the Worlds!",
        "icons": {
            "image_48": "https:\/\/s3-us-west-2.amazonaws.com\/slack-files2\/bot_icons\/2019-02-12\/548785199618_48.png"
        },
        "bot_id": "BG3N7LG73"
    },
    {
        "type": "message",
        "subtype": "bot_message",
        "text": "<https:\/\/www.reddit.com\/r\/Terraform\/comments\/bb18zk\/create_resources_based_on_list_of_names\/|Create Resources based on list of names>\nHowdy, ​ A vendor we are dealing with (which is horrible) needs databases that are named a specific way. I've been using Terraform for about a month and have some pretty solid practices down. However I haven't been able to successfully create resources based on a variable that is a list, or even trying to use a map. Not sure what I'm doing wrong and I've read over every doc I can find about Interpolation and local vars and variables and can't figure this out. ​ ​ Here is a snippet of...",
        "ts": "1554769605.007400",
        "username": "Terraform ALL the Worlds!",
        "icons": {
            "image_48": "https:\/\/s3-us-west-2.amazonaws.com\/slack-files2\/bot_icons\/2019-02-12\/548785199618_48.png"
        },
        "bot_id": "BG3N7LG73",
        "attachments": [
            {
                "service_name": "reddit",
                "title": "r\/Terraform - Create Resources based on list of names",
                "title_link": "https:\/\/www.reddit.com\/r\/Terraform\/comments\/bb18zk\/create_resources_based_on_list_of_names\/",
                "text": "0 votes and 0 comments so far on Reddit",
                "fallback": "reddit: r\/Terraform - Create Resources based on list of names",
                "from_url": "https:\/\/www.reddit.com\/r\/Terraform\/comments\/bb18zk\/create_resources_based_on_list_of_names\/",
                "service_icon": "https:\/\/www.redditstatic.com\/desktop2x\/img\/favicon\/apple-icon-57x57.png",
                "id": 1,
                "original_url": "https:\/\/www.reddit.com\/r\/Terraform\/comments\/bb18zk\/create_resources_based_on_list_of_names\/"
            }
        ]
    },
    {
        "type": "message",
        "subtype": "bot_message",
        "text": "<https:\/\/qiita.com\/aoshimash\/items\/f0be7dd81c856d335460|TerraformのbackendでS3を使う>\n\"terraform.tfstate\"ファイルをS3に設置する手順\n\n\n<https:\/\/qiita.com\/#%E3%83%90%E3%83%BC%E3%82%B8%E3%83%A7%E3%83%B3%E6%83%85%E5%A0%B1>バージョン情報\n\nTerraform v0.11.13\n\n\n<https:\/\/qiita.com\/#%E6%89%8B%E9%A0%86>手順\n\n\n<https:\/\/qiita.com\/#s3%E3%83%90%E3%82%B1%E3%83%83%E3%83%88%E3%82%92%E4%BD%9C%E6%88%90%E3%81%99%E3%82%8B>S3バケットを作成する\n\n&lt;a...",
        "ts": "1554790313.007600",
        "username": "Terraformタグが付けられた新着記事 - Qiita",
        "icons": {
            "image_36": "https:\/\/a.slack-edge.com\/66f9\/img\/services\/rss_36.png",
            "image_48": "https:\/\/a.slack-edge.com\/66f9\/img\/services\/rss_48.png",
            "image_72": "https:\/\/a.slack-edge.com\/205a\/img\/services\/rss_72.png"
        },
        "bot_id": "BG3N7LG73",
        "attachments": [
            {
                "service_name": "Qiita",
                "title": "TerraformのbackendでS3を使う - Qiita",
                "title_link": "https:\/\/qiita.com\/aoshimash\/items\/f0be7dd81c856d335460",
                "text": "\"terraform.tfstate\"ファイルをS3に設置する手順 ## バージョン情報 `Terraform v0.11.13` ## 手順 ### S3バケットを作成する [マネジメントコンソールから作成](https:...",
                "fallback": "Qiita: TerraformのbackendでS3を使う - Qiita",
                "thumb_url": "https:\/\/cdn.qiita.com\/assets\/qiita-fb-2887e7b4aad86fd8c25cea84846f2236.png",
                "from_url": "https:\/\/qiita.com\/aoshimash\/items\/f0be7dd81c856d335460",
                "thumb_width": 200,
                "thumb_height": 200,
                "service_icon": "https:\/\/cdn.qiita.com\/assets\/favicons\/public\/apple-touch-icon-f9a6afad761ec2306e10db2736187c8b.png",
                "id": 1,
                "original_url": "https:\/\/qiita.com\/aoshimash\/items\/f0be7dd81c856d335460"
            },
            {
                "service_name": "Qiita",
                "title": "プログラマの技術情報共有サービス - Qiita",
                "title_link": "https:\/\/qiita.com\/#%E3%83%90%E3%83%BC%E3%82%B8%E3%83%A7%E3%83%B3%E6%83%85%E5%A0%B1",
                "text": "Qiitaは、プログラマのための技術情報共有サービスです。 プログラミングに関するTips、ノウハウ、メモを簡単に記録 &amp; 公開することができます。",
                "fallback": "Qiita: プログラマの技術情報共有サービス - Qiita",
                "thumb_url": "https:\/\/cdn.qiita.com\/assets\/qiita-fb-2887e7b4aad86fd8c25cea84846f2236.png",
                "from_url": "https:\/\/qiita.com\/#%E3%83%90%E3%83%BC%E3%82%B8%E3%83%A7%E3%83%B3%E6%83%85%E5%A0%B1",
                "thumb_width": 200,
                "thumb_height": 200,
                "service_icon": "https:\/\/cdn.qiita.com\/assets\/favicons\/public\/apple-touch-icon-f9a6afad761ec2306e10db2736187c8b.png",
                "id": 2,
                "original_url": "https:\/\/qiita.com\/#%E3%83%90%E3%83%BC%E3%82%B8%E3%83%A7%E3%83%B3%E6%83%85%E5%A0%B1"
            },
            {
                "service_name": "Qiita",
                "title": "プログラマの技術情報共有サービス - Qiita",
                "title_link": "https:\/\/qiita.com\/#%E6%89%8B%E9%A0%86",
                "text": "Qiitaは、プログラマのための技術情報共有サービスです。 プログラミングに関するTips、ノウハウ、メモを簡単に記録 &amp; 公開することができます。",
                "fallback": "Qiita: プログラマの技術情報共有サービス - Qiita",
                "thumb_url": "https:\/\/cdn.qiita.com\/assets\/qiita-fb-2887e7b4aad86fd8c25cea84846f2236.png",
                "from_url": "https:\/\/qiita.com\/#%E6%89%8B%E9%A0%86",
                "thumb_width": 200,
                "thumb_height": 200,
                "service_icon": "https:\/\/cdn.qiita.com\/assets\/favicons\/public\/apple-touch-icon-f9a6afad761ec2306e10db2736187c8b.png",
                "id": 3,
                "original_url": "https:\/\/qiita.com\/#%E6%89%8B%E9%A0%86"
            },
            {
                "service_name": "Qiita",
                "title": "プログラマの技術情報共有サービス - Qiita",
                "title_link": "https:\/\/qiita.com\/#s3%E3%83%90%E3%82%B1%E3%83%83%E3%83%88%E3%82%92%E4%BD%9C%E6%88%90%E3%81%99%E3%82%8B",
                "text": "Qiitaは、プログラマのための技術情報共有サービスです。 プログラミングに関するTips、ノウハウ、メモを簡単に記録 &amp; 公開することができます。",
                "fallback": "Qiita: プログラマの技術情報共有サービス - Qiita",
                "thumb_url": "https:\/\/cdn.qiita.com\/assets\/qiita-fb-2887e7b4aad86fd8c25cea84846f2236.png",
                "from_url": "https:\/\/qiita.com\/#s3%E3%83%90%E3%82%B1%E3%83%83%E3%83%88%E3%82%92%E4%BD%9C%E6%88%90%E3%81%99%E3%82%8B",
                "thumb_width": 200,
                "thumb_height": 200,
                "service_icon": "https:\/\/cdn.qiita.com\/assets\/favicons\/public\/apple-touch-icon-f9a6afad761ec2306e10db2736187c8b.png",
                "id": 4,
                "original_url": "https:\/\/qiita.com\/#s3%E3%83%90%E3%82%B1%E3%83%83%E3%83%88%E3%82%92%E4%BD%9C%E6%88%90%E3%81%99%E3%82%8B"
            }
        ]
    }
]