[
    {
        "type": "message",
        "subtype": "bot_message",
        "text": "<https:\/\/www.reddit.com\/r\/Terraform\/comments\/bc08i8\/cloudtrail_dataevents_s3\/|Cloudtrail DataEvents + S3>\nCurious what approach folks are taking as it relates to getting new buckets added to the data events of a cloudtrail configuration? I realize there are two options, enabled against all or enable against hand picked, the problem with all is it's not a requirement today, the problem with doing onesie-twosie is that its difficult to manage as the creation of the buckets are done outside of the creation\/configuration of the cloudtrail configuration. \n   submitted by   &lt;a...",
        "ts": "1554991940.009600",
        "username": "Terraform ALL the Worlds!",
        "icons": {
            "image_48": "https:\/\/s3-us-west-2.amazonaws.com\/slack-files2\/bot_icons\/2019-02-12\/548785199618_48.png"
        },
        "bot_id": "BG3N7LG73",
        "attachments": [
            {
                "service_name": "reddit",
                "title": "r\/Terraform - Cloudtrail DataEvents + S3",
                "title_link": "https:\/\/www.reddit.com\/r\/Terraform\/comments\/bc08i8\/cloudtrail_dataevents_s3\/",
                "text": "0 votes and 0 comments so far on Reddit",
                "fallback": "reddit: r\/Terraform - Cloudtrail DataEvents + S3",
                "from_url": "https:\/\/www.reddit.com\/r\/Terraform\/comments\/bc08i8\/cloudtrail_dataevents_s3\/",
                "service_icon": "https:\/\/www.redditstatic.com\/desktop2x\/img\/favicon\/apple-icon-57x57.png",
                "id": 1,
                "original_url": "https:\/\/www.reddit.com\/r\/Terraform\/comments\/bc08i8\/cloudtrail_dataevents_s3\/"
            }
        ]
    },
    {
        "type": "message",
        "subtype": "bot_message",
        "text": "<https:\/\/www.reddit.com\/r\/Terraform\/comments\/bc5vxe\/import_the_current_environment_and_use_those\/|import the current environment and use those variables in your own build script. All in one script>\nLet’s say in 10 regions, that has 5 vocabulary in each and from a vpc and instance point of view are nearly identical. ( different aws variables and cidrs etc) All environments were created with cloudformation ,however CF does not support a lot of functionality espically for the network. What I’d like to be able ( exact same in each region ) is import current status and use the info I’ve imported. Eg. Vpc-ids , current vows tags etc in oasis I create. Then possible set up tgw with...",
        "ts": "1555021013.009800",
        "username": "Terraform ALL the Worlds!",
        "icons": {
            "image_48": "https:\/\/s3-us-west-2.amazonaws.com\/slack-files2\/bot_icons\/2019-02-12\/548785199618_48.png"
        },
        "bot_id": "BG3N7LG73",
        "attachments": [
            {
                "service_name": "reddit",
                "title": "r\/Terraform - import the current environment and use those variables in your own build script. All in one script",
                "title_link": "https:\/\/www.reddit.com\/r\/Terraform\/comments\/bc5vxe\/import_the_current_environment_and_use_those\/",
                "text": "0 votes and 0 comments so far on Reddit",
                "fallback": "reddit: r\/Terraform - import the current environment and use those variables in your own build script. All in one script",
                "from_url": "https:\/\/www.reddit.com\/r\/Terraform\/comments\/bc5vxe\/import_the_current_environment_and_use_those\/",
                "service_icon": "https:\/\/www.redditstatic.com\/desktop2x\/img\/favicon\/apple-icon-57x57.png",
                "id": 1,
                "original_url": "https:\/\/www.reddit.com\/r\/Terraform\/comments\/bc5vxe\/import_the_current_environment_and_use_those\/"
            }
        ]
    }
]