[
    {
        "type": "message",
        "subtype": "bot_message",
        "text": "<https:\/\/qiita.com\/billthelizard\/items\/790ab2696fe95e6eeaee|aws_iam_policy_attachment を見つけ次第撲滅する方法>\n<https:\/\/qiita.com\/#tldr>TL;DR\n\n\n\naws_iam_policy_attachment を追加差分に含むコミットを reject する pre-commit hook を作った\n\n\n<https:\/\/qiita.com\/#%E7%B5%8C%E7%B7%AF>経緯\n\n\n\naws_iam_policy_attachment をうっかりコミットしてしまうメンバーが後を絶たない\nCI とか作ってサーバ側で防ぎたいんだけど、時間もないのでとりあえずローカルで機械的に防ぎたい\n\naws_iam_policy_attachment...",
        "ts": "1554827226.007800",
        "username": "Terraformタグが付けられた新着記事 - Qiita",
        "icons": {
            "image_36": "https:\/\/a.slack-edge.com\/66f9\/img\/services\/rss_36.png",
            "image_48": "https:\/\/a.slack-edge.com\/66f9\/img\/services\/rss_48.png",
            "image_72": "https:\/\/a.slack-edge.com\/205a\/img\/services\/rss_72.png"
        },
        "bot_id": "BG3N7LG73",
        "attachments": [
            {
                "service_name": "Qiita",
                "title": "aws_iam_policy_attachment を見つけ次第撲滅する方法 - Qiita",
                "title_link": "https:\/\/qiita.com\/billthelizard\/items\/790ab2696fe95e6eeaee",
                "text": "# TL;DR * `aws_iam_policy_attachment` を追加差分に含むコミットを reject する pre-commit hook を作った # 経緯 * `aws_iam_policy_attachme...",
                "fallback": "Qiita: aws_iam_policy_attachment を見つけ次第撲滅する方法 - Qiita",
                "thumb_url": "https:\/\/cdn.qiita.com\/assets\/qiita-fb-2887e7b4aad86fd8c25cea84846f2236.png",
                "from_url": "https:\/\/qiita.com\/billthelizard\/items\/790ab2696fe95e6eeaee",
                "thumb_width": 200,
                "thumb_height": 200,
                "service_icon": "https:\/\/cdn.qiita.com\/assets\/favicons\/public\/apple-touch-icon-f9a6afad761ec2306e10db2736187c8b.png",
                "id": 1,
                "original_url": "https:\/\/qiita.com\/billthelizard\/items\/790ab2696fe95e6eeaee"
            },
            {
                "service_name": "Qiita",
                "title": "プログラマの技術情報共有サービス - Qiita",
                "title_link": "https:\/\/qiita.com\/#tldr",
                "text": "Qiitaは、プログラマのための技術情報共有サービスです。 プログラミングに関するTips、ノウハウ、メモを簡単に記録 &amp; 公開することができます。",
                "fallback": "Qiita: プログラマの技術情報共有サービス - Qiita",
                "thumb_url": "https:\/\/cdn.qiita.com\/assets\/qiita-fb-2887e7b4aad86fd8c25cea84846f2236.png",
                "from_url": "https:\/\/qiita.com\/#tldr",
                "thumb_width": 200,
                "thumb_height": 200,
                "service_icon": "https:\/\/cdn.qiita.com\/assets\/favicons\/public\/apple-touch-icon-f9a6afad761ec2306e10db2736187c8b.png",
                "id": 2,
                "original_url": "https:\/\/qiita.com\/#tldr"
            },
            {
                "service_name": "Qiita",
                "title": "プログラマの技術情報共有サービス - Qiita",
                "title_link": "https:\/\/qiita.com\/#%E7%B5%8C%E7%B7%AF",
                "text": "Qiitaは、プログラマのための技術情報共有サービスです。 プログラミングに関するTips、ノウハウ、メモを簡単に記録 &amp; 公開することができます。",
                "fallback": "Qiita: プログラマの技術情報共有サービス - Qiita",
                "thumb_url": "https:\/\/cdn.qiita.com\/assets\/qiita-fb-2887e7b4aad86fd8c25cea84846f2236.png",
                "from_url": "https:\/\/qiita.com\/#%E7%B5%8C%E7%B7%AF",
                "thumb_width": 200,
                "thumb_height": 200,
                "service_icon": "https:\/\/cdn.qiita.com\/assets\/favicons\/public\/apple-touch-icon-f9a6afad761ec2306e10db2736187c8b.png",
                "id": 3,
                "original_url": "https:\/\/qiita.com\/#%E7%B5%8C%E7%B7%AF"
            }
        ]
    },
    {
        "type": "message",
        "subtype": "bot_message",
        "text": "<https:\/\/www.reddit.com\/r\/Terraform\/comments\/bbarhz\/how_would_i_use_terraform_variables_to_name\/|How would I use Terraform Variables to name services based on their current environment?>\nOk so let's say I'm building a service called \"elect-service\", and I have 3 environments: DEV, QA, and PROD.  My goal is to do the following (either exactly, or if there's a better way, I'm very much open to suggestions): \nHave (effectively) a single <http:\/\/elect-service.tf|elect-service.tf> file which I would initially commit to the \"DEV\" git branch, and when a commit is pushed to the DEV branch, a runner would execute \"terraform apply\" and it would know that it's being run in the DEV environment and so that each...",
        "ts": "1554831706.008000",
        "username": "Terraform ALL the Worlds!",
        "icons": {
            "image_48": "https:\/\/s3-us-west-2.amazonaws.com\/slack-files2\/bot_icons\/2019-02-12\/548785199618_48.png"
        },
        "bot_id": "BG3N7LG73",
        "attachments": [
            {
                "service_name": "reddit",
                "title": "r\/Terraform - How would I use Terraform Variables to name services based on their current environment?",
                "title_link": "https:\/\/www.reddit.com\/r\/Terraform\/comments\/bbarhz\/how_would_i_use_terraform_variables_to_name\/",
                "text": "0 votes and 0 comments so far on Reddit",
                "fallback": "reddit: r\/Terraform - How would I use Terraform Variables to name services based on their current environment?",
                "from_url": "https:\/\/www.reddit.com\/r\/Terraform\/comments\/bbarhz\/how_would_i_use_terraform_variables_to_name\/",
                "service_icon": "https:\/\/www.redditstatic.com\/desktop2x\/img\/favicon\/apple-icon-57x57.png",
                "id": 1,
                "original_url": "https:\/\/www.reddit.com\/r\/Terraform\/comments\/bbarhz\/how_would_i_use_terraform_variables_to_name\/"
            }
        ]
    },
    {
        "type": "message",
        "subtype": "bot_message",
        "text": "<https:\/\/www.reddit.com\/r\/Terraform\/comments\/bbbuju\/remoteexec_anyway_to_hide_output\/|remote-exec: Anyway to hide output?>\nI'm domain joining a Windows EC2 instance using remote-exec. It needs my domain credentials to perform the domain join, so I pass them in as variables to remote-exec. ​ The problem is, when remote-exec runs during `terraform apply`, it interpolates my variables in plain text. Anyway to hide this? or Does anyone have an alternative solution (outside of running Linux) \n   submitted by   <https:\/\/www.reddit.com\/user\/midacts| \/u\/midacts > \n&lt;a...",
        "ts": "1554836825.008200",
        "username": "Terraform ALL the Worlds!",
        "icons": {
            "image_48": "https:\/\/s3-us-west-2.amazonaws.com\/slack-files2\/bot_icons\/2019-02-12\/548785199618_48.png"
        },
        "bot_id": "BG3N7LG73",
        "attachments": [
            {
                "service_name": "reddit",
                "title": "r\/Terraform - remote-exec: Anyway to hide output?",
                "title_link": "https:\/\/www.reddit.com\/r\/Terraform\/comments\/bbbuju\/remoteexec_anyway_to_hide_output\/",
                "text": "0 votes and 0 comments so far on Reddit",
                "fallback": "reddit: r\/Terraform - remote-exec: Anyway to hide output?",
                "from_url": "https:\/\/www.reddit.com\/r\/Terraform\/comments\/bbbuju\/remoteexec_anyway_to_hide_output\/",
                "service_icon": "https:\/\/www.redditstatic.com\/desktop2x\/img\/favicon\/apple-icon-57x57.png",
                "id": 1,
                "original_url": "https:\/\/www.reddit.com\/r\/Terraform\/comments\/bbbuju\/remoteexec_anyway_to_hide_output\/"
            },
            {
                "service_name": "reddit",
                "title": "midacts (u\/midacts) - Reddit",
                "title_link": "https:\/\/www.reddit.com\/user\/midacts",
                "text": "u\/midacts:",
                "fallback": "reddit: midacts (u\/midacts) - Reddit",
                "thumb_url": "https:\/\/styles.redditmedia.com\/t5_ewo2l\/styles\/profileIcon_f8v8pudsrtw01.PNG?width=256&height=256&crop=256:256,smart&s=9fa54ee6c91685889dbd2d6bd42cd2311937ba9b",
                "from_url": "https:\/\/www.reddit.com\/user\/midacts",
                "thumb_width": 256,
                "thumb_height": 256,
                "service_icon": "https:\/\/www.redditstatic.com\/desktop2x\/img\/favicon\/apple-icon-57x57.png",
                "id": 2,
                "original_url": "https:\/\/www.reddit.com\/user\/midacts"
            }
        ]
    }
]