[
    {
        "client_msg_id": "a0c5f955-799f-4a99-895a-e69567af8eeb",
        "type": "message",
        "text": "rakiさんの記事ももれなく伸びててさすがの\n<https:\/\/qiita.com\/advent-calendar\/2019\/yarakashi-production>",
        "user": "UJ15SRE0M",
        "ts": "1575286973.153700",
        "team": "TFU0BKCQP",
        "user_team": "TFU0BKCQP",
        "source_team": "TFU0BKCQP",
        "user_profile": {
            "avatar_hash": "g0e32a054e13",
            "image_72": "https:\/\/secure.gravatar.com\/avatar\/40e32a054e13a0c58a578ff3939194d2.jpg?s=72&d=https%3A%2F%2Fa.slack-edge.com%2Fdf10d%2Fimg%2Favatars%2Fava_0021-72.png",
            "first_name": "",
            "real_name": "natsuo",
            "display_name": "natsuo",
            "team": "TFU0BKCQP",
            "name": "geepact",
            "is_restricted": false,
            "is_ultra_restricted": false
        },
        "attachments": [
            {
                "service_name": "Qiita",
                "title": "本番環境でやらかしちゃった人 Advent Calendar 2019 - Qiita",
                "title_link": "https:\/\/qiita.com\/advent-calendar\/2019\/yarakashi-production",
                "text": "本番環境でやらかしちゃった人のアドベントカレンダーです。 例） * 本番DB吹き飛ばした * 本番サーバをデストロイした * ネットワーク設定をミスって本番サーバにアクセス出来なくなり、サーバが世界から孤立した などなど... 以下の２点については必須項目なので、記述お願いします。 * 惨劇はなぜおこってしまったのか * 二度と惨劇を起こさないためにどうしたのか もう二度とあの惨劇を繰り返さないために、みなで知見を共有しましょう。",
                "fallback": "Qiita: 本番環境でやらかしちゃった人 Advent Calendar 2019 - Qiita",
                "thumb_url": "https:\/\/cdn.qiita.com\/assets\/qiita-fb-fe28c64039d925349e620ba55091e078.png",
                "from_url": "https:\/\/qiita.com\/advent-calendar\/2019\/yarakashi-production",
                "thumb_width": 1200,
                "thumb_height": 630,
                "service_icon": "https:\/\/cdn.qiita.com\/assets\/favicons\/public\/apple-touch-icon-ec5ba42a24ae923f16825592efdc356f.png",
                "id": 1,
                "original_url": "https:\/\/qiita.com\/advent-calendar\/2019\/yarakashi-production"
            }
        ],
        "blocks": [
            {
                "type": "rich_text",
                "block_id": "A=5i",
                "elements": [
                    {
                        "type": "rich_text_section",
                        "elements": [
                            {
                                "type": "text",
                                "text": "rakiさんの記事ももれなく伸びててさすがの\n"
                            },
                            {
                                "type": "link",
                                "url": "https:\/\/qiita.com\/advent-calendar\/2019\/yarakashi-production"
                            }
                        ]
                    }
                ]
            }
        ]
    },
    {
        "client_msg_id": "04DF5BD4-91B0-4F28-9417-14C7D27A80EC",
        "type": "message",
        "text": "これはここじゃなくてええやろ！www",
        "user": "UFU0BKD8F",
        "ts": "1575296237.155000",
        "team": "TFU0BKCQP",
        "user_team": "TFU0BKCQP",
        "source_team": "TFU0BKCQP",
        "user_profile": {
            "avatar_hash": "92c41c62c7b0",
            "image_72": "https:\/\/avatars.slack-edge.com\/2019-01-30\/537137791812_92c41c62c7b0f054d3dd_72.jpg",
            "first_name": "らき",
            "real_name": "らき",
            "display_name": "raki",
            "team": "TFU0BKCQP",
            "name": "nishimuray",
            "is_restricted": false,
            "is_ultra_restricted": false
        }
    },
    {
        "client_msg_id": "F414C6AA-1FF9-4C3A-9FB4-D9D337FF9E53",
        "type": "message",
        "text": "いま1番人気のアドカレじゃないですか",
        "user": "UG46Z57TN",
        "ts": "1575296267.155300",
        "team": "TFU0BKCQP",
        "user_team": "TFU0BKCQP",
        "source_team": "TFU0BKCQP",
        "user_profile": {
            "avatar_hash": "c6bdd4cb17db",
            "image_72": "https:\/\/avatars.slack-edge.com\/2019-07-05\/685991185957_c6bdd4cb17db956661a1_72.jpg",
            "first_name": "Takeshi",
            "real_name": "Takeshi Kondo",
            "display_name": "chaspy",
            "team": "TFU0BKCQP",
            "name": "take.she12",
            "is_restricted": false,
            "is_ultra_restricted": false
        }
    },
    {
        "client_msg_id": "E7F38691-56C5-42BD-8324-F71494DF479B",
        "type": "message",
        "text": "とても書けない。",
        "user": "UG46Z57TN",
        "ts": "1575296271.155500",
        "team": "TFU0BKCQP",
        "user_team": "TFU0BKCQP",
        "source_team": "TFU0BKCQP",
        "user_profile": {
            "avatar_hash": "c6bdd4cb17db",
            "image_72": "https:\/\/avatars.slack-edge.com\/2019-07-05\/685991185957_c6bdd4cb17db956661a1_72.jpg",
            "first_name": "Takeshi",
            "real_name": "Takeshi Kondo",
            "display_name": "chaspy",
            "team": "TFU0BKCQP",
            "name": "take.she12",
            "is_restricted": false,
            "is_ultra_restricted": false
        }
    },
    {
        "client_msg_id": "F7884A83-47BA-4172-8AF4-C3AE4487B826",
        "type": "message",
        "text": "こんなに目立つカレンダーだって知らなかったんだよ。。。",
        "user": "UFU0BKD8F",
        "ts": "1575296319.156100",
        "team": "TFU0BKCQP",
        "user_team": "TFU0BKCQP",
        "source_team": "TFU0BKCQP",
        "user_profile": {
            "avatar_hash": "92c41c62c7b0",
            "image_72": "https:\/\/avatars.slack-edge.com\/2019-01-30\/537137791812_92c41c62c7b0f054d3dd_72.jpg",
            "first_name": "らき",
            "real_name": "らき",
            "display_name": "raki",
            "team": "TFU0BKCQP",
            "name": "nishimuray",
            "is_restricted": false,
            "is_ultra_restricted": false
        }
    },
    {
        "client_msg_id": "3455DBAC-5E61-40D3-BDA8-3B9D471BA0F1",
        "type": "message",
        "text": "本番やらかしn回あるけど現職なので書けない。",
        "user": "UG46Z57TN",
        "ts": "1575296347.156700",
        "team": "TFU0BKCQP",
        "user_team": "TFU0BKCQP",
        "source_team": "TFU0BKCQP",
        "user_profile": {
            "avatar_hash": "c6bdd4cb17db",
            "image_72": "https:\/\/avatars.slack-edge.com\/2019-07-05\/685991185957_c6bdd4cb17db956661a1_72.jpg",
            "first_name": "Takeshi",
            "real_name": "Takeshi Kondo",
            "display_name": "chaspy",
            "team": "TFU0BKCQP",
            "name": "take.she12",
            "is_restricted": false,
            "is_ultra_restricted": false
        }
    },
    {
        "client_msg_id": "CB80475C-0D9E-4BC8-B2B3-E8139B22B201",
        "type": "message",
        "text": "そうゆー意味では確かに離職したから書けたってのはある。",
        "user": "UFU0BKD8F",
        "ts": "1575296713.157500",
        "team": "TFU0BKCQP",
        "user_team": "TFU0BKCQP",
        "source_team": "TFU0BKCQP",
        "user_profile": {
            "avatar_hash": "92c41c62c7b0",
            "image_72": "https:\/\/avatars.slack-edge.com\/2019-01-30\/537137791812_92c41c62c7b0f054d3dd_72.jpg",
            "first_name": "らき",
            "real_name": "らき",
            "display_name": "raki",
            "team": "TFU0BKCQP",
            "name": "nishimuray",
            "is_restricted": false,
            "is_ultra_restricted": false
        }
    },
    {
        "client_msg_id": "bc58c32c-4a98-43e8-8fd1-574edca34623",
        "type": "message",
        "text": "開店してた！\n<https:\/\/store.hashicorp.com\/>",
        "user": "UFU0BKD8F",
        "ts": "1575299428.157900",
        "team": "TFU0BKCQP",
        "user_team": "TFU0BKCQP",
        "source_team": "TFU0BKCQP",
        "user_profile": {
            "avatar_hash": "92c41c62c7b0",
            "image_72": "https:\/\/avatars.slack-edge.com\/2019-01-30\/537137791812_92c41c62c7b0f054d3dd_72.jpg",
            "first_name": "らき",
            "real_name": "らき",
            "display_name": "raki",
            "team": "TFU0BKCQP",
            "name": "nishimuray",
            "is_restricted": false,
            "is_ultra_restricted": false
        },
        "attachments": [
            {
                "service_name": "HashiCorp Store",
                "title": "Merch Store | HashiCorp",
                "title_link": "https:\/\/store.hashicorp.com\/",
                "text": "Welcome to the HashiCorp online Store where you can purchase HashiCorp t-shirts, stickers, merch, and more!",
                "fallback": "HashiCorp Store: Merch Store | HashiCorp",
                "from_url": "https:\/\/store.hashicorp.com\/",
                "id": 1,
                "original_url": "https:\/\/store.hashicorp.com\/"
            }
        ],
        "blocks": [
            {
                "type": "rich_text",
                "block_id": "2+Ke",
                "elements": [
                    {
                        "type": "rich_text_section",
                        "elements": [
                            {
                                "type": "text",
                                "text": "開店してた！\n"
                            },
                            {
                                "type": "link",
                                "url": "https:\/\/store.hashicorp.com\/"
                            }
                        ]
                    }
                ]
            }
        ]
    },
    {
        "client_msg_id": "fd8f62e2-f4c7-45b1-9e8d-f13185c0783b",
        "type": "message",
        "text": "開いて買おうか迷って閉じた",
        "user": "UG46Z57TN",
        "ts": "1575299438.158300",
        "team": "TFU0BKCQP",
        "user_team": "TFU0BKCQP",
        "source_team": "TFU0BKCQP",
        "user_profile": {
            "avatar_hash": "c6bdd4cb17db",
            "image_72": "https:\/\/avatars.slack-edge.com\/2019-07-05\/685991185957_c6bdd4cb17db956661a1_72.jpg",
            "first_name": "Takeshi",
            "real_name": "Takeshi Kondo",
            "display_name": "chaspy",
            "team": "TFU0BKCQP",
            "name": "take.she12",
            "is_restricted": false,
            "is_ultra_restricted": false
        },
        "blocks": [
            {
                "type": "rich_text",
                "block_id": "Qau5",
                "elements": [
                    {
                        "type": "rich_text_section",
                        "elements": [
                            {
                                "type": "text",
                                "text": "開いて買おうか迷って閉じた"
                            }
                        ]
                    }
                ]
            }
        ]
    },
    {
        "type": "message",
        "text": "くっそ。３つとも買おうと思ったのに。\n住所は入れられるけど日本に発送できないくさい？",
        "files": [
            {
                "id": "FR65YHF0D",
                "created": 1575299670,
                "timestamp": 1575299670,
                "name": "image.png",
                "title": "image.png",
                "mimetype": "image\/png",
                "filetype": "png",
                "pretty_type": "PNG",
                "user": "UFU0BKD8F",
                "editable": false,
                "size": 14038,
                "mode": "hosted",
                "is_external": false,
                "external_type": "",
                "is_public": true,
                "public_url_shared": false,
                "display_as_bot": false,
                "username": "",
                "url_private": "https:\/\/files.slack.com\/files-pri\/TFU0BKCQP-FR65YHF0D\/image.png?t=xoxe-538011658839-1282166200099-1280588166165-1eb6cd5deceaaa77b6334a37ba1c7d65",
                "url_private_download": "https:\/\/files.slack.com\/files-pri\/TFU0BKCQP-FR65YHF0D\/download\/image.png?t=xoxe-538011658839-1282166200099-1280588166165-1eb6cd5deceaaa77b6334a37ba1c7d65",
                "thumb_64": "https:\/\/files.slack.com\/files-tmb\/TFU0BKCQP-FR65YHF0D-2c085a70b8\/image_64.png?t=xoxe-538011658839-1282166200099-1280588166165-1eb6cd5deceaaa77b6334a37ba1c7d65",
                "thumb_80": "https:\/\/files.slack.com\/files-tmb\/TFU0BKCQP-FR65YHF0D-2c085a70b8\/image_80.png?t=xoxe-538011658839-1282166200099-1280588166165-1eb6cd5deceaaa77b6334a37ba1c7d65",
                "thumb_360": "https:\/\/files.slack.com\/files-tmb\/TFU0BKCQP-FR65YHF0D-2c085a70b8\/image_360.png?t=xoxe-538011658839-1282166200099-1280588166165-1eb6cd5deceaaa77b6334a37ba1c7d65",
                "thumb_360_w": 360,
                "thumb_360_h": 177,
                "thumb_480": "https:\/\/files.slack.com\/files-tmb\/TFU0BKCQP-FR65YHF0D-2c085a70b8\/image_480.png?t=xoxe-538011658839-1282166200099-1280588166165-1eb6cd5deceaaa77b6334a37ba1c7d65",
                "thumb_480_w": 480,
                "thumb_480_h": 236,
                "thumb_160": "https:\/\/files.slack.com\/files-tmb\/TFU0BKCQP-FR65YHF0D-2c085a70b8\/image_160.png?t=xoxe-538011658839-1282166200099-1280588166165-1eb6cd5deceaaa77b6334a37ba1c7d65",
                "image_exif_rotation": 1,
                "original_w": 599,
                "original_h": 295,
                "thumb_tiny": "AwAXADDSx7mlAxRSc+lAC0UnPpRz6UALRRz6UUAHPrRRRQAUUUUAR7G9f1pQrAg\/1p9FAH\/\/2Q==",
                "permalink": "https:\/\/terraform-jp.slack.com\/files\/UFU0BKD8F\/FR65YHF0D\/image.png",
                "permalink_public": "https:\/\/slack-files.com\/TFU0BKCQP-FR65YHF0D-93c9f754af",
                "is_starred": false,
                "has_rich_preview": false
            }
        ],
        "upload": true,
        "blocks": [
            {
                "type": "rich_text",
                "block_id": "xJ90",
                "elements": [
                    {
                        "type": "rich_text_section",
                        "elements": [
                            {
                                "type": "text",
                                "text": "くっそ。３つとも買おうと思ったのに。\n住所は入れられるけど日本に発送できないくさい？"
                            }
                        ]
                    }
                ]
            }
        ],
        "user": "UFU0BKD8F",
        "display_as_bot": false,
        "ts": "1575299673.158400",
        "client_msg_id": "580b5de6-456c-4495-afff-9f6ca518cc35"
    },
    {
        "client_msg_id": "d0db4edf-b5c5-416f-8c61-095d32ba7510",
        "type": "message",
        "text": "&gt; Currently, HashiCorp can only ship merch within the United States. This restriction is due to tax and fulfillment challenges, which we are actively working to remedy. Please stay tuned for shipping expansion soon!\nそっかあ",
        "user": "UL90RPEQ7",
        "ts": "1575333279.159100",
        "team": "TFU0BKCQP",
        "user_team": "TFU0BKCQP",
        "source_team": "TFU0BKCQP",
        "user_profile": {
            "avatar_hash": "g577174512e7",
            "image_72": "https:\/\/secure.gravatar.com\/avatar\/8577174512e71b8d1c79683380febbd1.jpg?s=72&d=https%3A%2F%2Fa.slack-edge.com%2Fdf10d%2Fimg%2Favatars%2Fava_0026-72.png",
            "first_name": "sudoyu",
            "real_name": "sudoyu",
            "display_name": "",
            "team": "TFU0BKCQP",
            "name": "sudo.yu",
            "is_restricted": false,
            "is_ultra_restricted": false
        },
        "blocks": [
            {
                "type": "rich_text",
                "block_id": "CD6",
                "elements": [
                    {
                        "type": "rich_text_section",
                        "elements": [
                            {
                                "type": "text",
                                "text": "> Currently, HashiCorp can only ship merch within the United States. This restriction is due to tax and fulfillment challenges, which we are actively working to remedy. Please stay tuned for shipping expansion soon!\nそっかあ"
                            }
                        ]
                    }
                ]
            }
        ]
    }
]