[
    {
        "client_msg_id": "88832f17-337b-4d20-8f99-5f6a406c1a37",
        "type": "message",
        "text": "ふぉぉぉぉぉ\n<https:\/\/www.hashicorp.com\/blog\/hashicorp-re-invent-19-terraform-supports-newly-announced-aws-services\/>",
        "user": "UFU0BKD8F",
        "ts": "1575476497.161000",
        "team": "TFU0BKCQP",
        "user_team": "TFU0BKCQP",
        "source_team": "TFU0BKCQP",
        "user_profile": {
            "avatar_hash": "92c41c62c7b0",
            "image_72": "https:\/\/avatars.slack-edge.com\/2019-01-30\/537137791812_92c41c62c7b0f054d3dd_72.jpg",
            "first_name": "らき",
            "real_name": "らき",
            "display_name": "raki",
            "team": "TFU0BKCQP",
            "name": "nishimuray",
            "is_restricted": false,
            "is_ultra_restricted": false
        },
        "attachments": [
            {
                "service_name": "HashiCorp: Infrastructure enables innovation",
                "title": "HashiCorp at re:Invent ‘19: Terraform Supports Newly Announced AWS Services",
                "title_link": "https:\/\/www.hashicorp.com\/blog\/hashicorp-re-invent-19-terraform-supports-newly-announced-aws-services\/",
                "text": "Read this blog to learn about the new services announced at AWS re:Invent that are now supported by HashiCorp Terraform....",
                "fallback": "HashiCorp: Infrastructure enables innovation: HashiCorp at re:Invent ‘19: Terraform Supports Newly Announced AWS Services",
                "from_url": "https:\/\/www.hashicorp.com\/blog\/hashicorp-re-invent-19-terraform-supports-newly-announced-aws-services\/",
                "service_icon": "https:\/\/www.datocms-assets.com\/2885\/1527033389-favicon.png?h=16&amp;w=16",
                "id": 1,
                "original_url": "https:\/\/www.hashicorp.com\/blog\/hashicorp-re-invent-19-terraform-supports-newly-announced-aws-services\/"
            }
        ],
        "blocks": [
            {
                "type": "rich_text",
                "block_id": "9elr",
                "elements": [
                    {
                        "type": "rich_text_section",
                        "elements": [
                            {
                                "type": "text",
                                "text": "ふぉぉぉぉぉ\n"
                            },
                            {
                                "type": "link",
                                "url": "https:\/\/www.hashicorp.com\/blog\/hashicorp-re-invent-19-terraform-supports-newly-announced-aws-services\/"
                            }
                        ]
                    }
                ]
            }
        ]
    },
    {
        "client_msg_id": "4d1be5c9-e239-4115-918f-ad930117d1d1",
        "type": "message",
        "text": "せっかく terraform github actions の記事書いたのに全然viewが伸びないので投下\n<https:\/\/qiita.com\/raki\/items\/7464887fb747216367e4>",
        "user": "UFU0BKD8F",
        "ts": "1575505796.161800",
        "team": "TFU0BKCQP",
        "user_team": "TFU0BKCQP",
        "source_team": "TFU0BKCQP",
        "user_profile": {
            "avatar_hash": "92c41c62c7b0",
            "image_72": "https:\/\/avatars.slack-edge.com\/2019-01-30\/537137791812_92c41c62c7b0f054d3dd_72.jpg",
            "first_name": "らき",
            "real_name": "らき",
            "display_name": "raki",
            "team": "TFU0BKCQP",
            "name": "nishimuray",
            "is_restricted": false,
            "is_ultra_restricted": false
        },
        "attachments": [
            {
                "service_name": "Qiita",
                "title": "Terraform GitHub Actions - Qiita",
                "title_link": "https:\/\/qiita.com\/raki\/items\/7464887fb747216367e4",
                "text": "# はじめに この記事は[GitHub Actions Advent Calendar 2019](<https:\/\/qiita.com\/advent-calendar\/2019\/github-actions>)の５日目の記事です。 ...",
                "fallback": "Qiita: Terraform GitHub Actions - Qiita",
                "thumb_url": "https:\/\/cdn.qiita.com\/assets\/qiita-fb-fe28c64039d925349e620ba55091e078.png",
                "from_url": "https:\/\/qiita.com\/raki\/items\/7464887fb747216367e4",
                "thumb_width": 1200,
                "thumb_height": 630,
                "service_icon": "https:\/\/cdn.qiita.com\/assets\/favicons\/public\/apple-touch-icon-ec5ba42a24ae923f16825592efdc356f.png",
                "id": 1,
                "original_url": "https:\/\/qiita.com\/raki\/items\/7464887fb747216367e4"
            }
        ],
        "blocks": [
            {
                "type": "rich_text",
                "block_id": "hY9m",
                "elements": [
                    {
                        "type": "rich_text_section",
                        "elements": [
                            {
                                "type": "text",
                                "text": "せっかく terraform github actions の記事書いたのに全然viewが伸びないので投下\n"
                            },
                            {
                                "type": "link",
                                "url": "https:\/\/qiita.com\/raki\/items\/7464887fb747216367e4"
                            }
                        ]
                    }
                ]
            }
        ],
        "reactions": [
            {
                "name": "+1",
                "users": [
                    "UQT52H29G",
                    "UHS4SFFA7",
                    "UJ0HPTBD2",
                    "UGW0ABZLG",
                    "UR8TR0GA3",
                    "ULYDVRXNY",
                    "UM12KGR0E",
                    "UGXFY0V88",
                    "UFT9ULVQR"
                ],
                "count": 9
            }
        ]
    }
]