[
    {
        "client_msg_id": "a12d331a-100e-492b-acf0-066e2dda46f0",
        "type": "message",
        "text": "どうせ伸びないので先に投下ｗ\n<https:\/\/qiita.com\/raki\/items\/96691d45922dd25e1365>",
        "user": "UFU0BKD8F",
        "ts": "1575645205.186800",
        "team": "TFU0BKCQP",
        "user_team": "TFU0BKCQP",
        "source_team": "TFU0BKCQP",
        "user_profile": {
            "avatar_hash": "92c41c62c7b0",
            "image_72": "https:\/\/avatars.slack-edge.com\/2019-01-30\/537137791812_92c41c62c7b0f054d3dd_72.jpg",
            "first_name": "らき",
            "real_name": "らき",
            "display_name": "raki",
            "team": "TFU0BKCQP",
            "name": "nishimuray",
            "is_restricted": false,
            "is_ultra_restricted": false
        },
        "attachments": [
            {
                "service_name": "Qiita",
                "title": "terraform-jp で 2020 年にやりたいこと - Qiita",
                "title_link": "https:\/\/qiita.com\/raki\/items\/96691d45922dd25e1365",
                "text": "# はじめに この記事は[全国ITコミュニティ運営者の2020こんなことやりたい妄想 Advent Calendar 2019](<https:\/\/qiita.com\/advent-calendar\/2019\/community>)の７...",
                "fallback": "Qiita: terraform-jp で 2020 年にやりたいこと - Qiita",
                "thumb_url": "https:\/\/cdn.qiita.com\/assets\/qiita-fb-fe28c64039d925349e620ba55091e078.png",
                "from_url": "https:\/\/qiita.com\/raki\/items\/96691d45922dd25e1365",
                "thumb_width": 1200,
                "thumb_height": 630,
                "service_icon": "https:\/\/cdn.qiita.com\/assets\/favicons\/public\/apple-touch-icon-ec5ba42a24ae923f16825592efdc356f.png",
                "id": 1,
                "original_url": "https:\/\/qiita.com\/raki\/items\/96691d45922dd25e1365"
            }
        ],
        "blocks": [
            {
                "type": "rich_text",
                "block_id": "CWJS",
                "elements": [
                    {
                        "type": "rich_text_section",
                        "elements": [
                            {
                                "type": "text",
                                "text": "どうせ伸びないので先に投下ｗ\n"
                            },
                            {
                                "type": "link",
                                "url": "https:\/\/qiita.com\/raki\/items\/96691d45922dd25e1365"
                            }
                        ]
                    }
                ]
            }
        ]
    },
    {
        "client_msg_id": "f168c538-c51a-48be-9761-f70efb61cc23",
        "type": "message",
        "text": "最近らきさんどうしたの",
        "user": "UG46Z57TN",
        "ts": "1575645282.187200",
        "team": "TFU0BKCQP",
        "user_team": "TFU0BKCQP",
        "source_team": "TFU0BKCQP",
        "user_profile": {
            "avatar_hash": "c6bdd4cb17db",
            "image_72": "https:\/\/avatars.slack-edge.com\/2019-07-05\/685991185957_c6bdd4cb17db956661a1_72.jpg",
            "first_name": "Takeshi",
            "real_name": "Takeshi Kondo",
            "display_name": "chaspy",
            "team": "TFU0BKCQP",
            "name": "take.she12",
            "is_restricted": false,
            "is_ultra_restricted": false
        },
        "blocks": [
            {
                "type": "rich_text",
                "block_id": "ujUuw",
                "elements": [
                    {
                        "type": "rich_text_section",
                        "elements": [
                            {
                                "type": "text",
                                "text": "最近らきさんどうしたの"
                            }
                        ]
                    }
                ]
            }
        ]
    },
    {
        "client_msg_id": "8fd43ac8-82bd-46dd-94c1-558d6bd3600b",
        "type": "message",
        "text": "よくまぁいろんなアドカレみつけてくるなw",
        "user": "UG46Z57TN",
        "ts": "1575645298.187700",
        "team": "TFU0BKCQP",
        "user_team": "TFU0BKCQP",
        "source_team": "TFU0BKCQP",
        "user_profile": {
            "avatar_hash": "c6bdd4cb17db",
            "image_72": "https:\/\/avatars.slack-edge.com\/2019-07-05\/685991185957_c6bdd4cb17db956661a1_72.jpg",
            "first_name": "Takeshi",
            "real_name": "Takeshi Kondo",
            "display_name": "chaspy",
            "team": "TFU0BKCQP",
            "name": "take.she12",
            "is_restricted": false,
            "is_ultra_restricted": false
        },
        "blocks": [
            {
                "type": "rich_text",
                "block_id": "xbC\/",
                "elements": [
                    {
                        "type": "rich_text_section",
                        "elements": [
                            {
                                "type": "text",
                                "text": "よくまぁいろんなアドカレみつけてくるなw"
                            }
                        ]
                    }
                ]
            }
        ]
    },
    {
        "client_msg_id": "6ce0c3c2-480c-420d-8107-3b6b3c7de71f",
        "type": "message",
        "text": "&gt; 全国ITコミュニティ運営者の2020こんなことやりたい妄想 Advent Calendar 2019",
        "user": "UG46Z57TN",
        "ts": "1575645306.188000",
        "team": "TFU0BKCQP",
        "user_team": "TFU0BKCQP",
        "source_team": "TFU0BKCQP",
        "user_profile": {
            "avatar_hash": "c6bdd4cb17db",
            "image_72": "https:\/\/avatars.slack-edge.com\/2019-07-05\/685991185957_c6bdd4cb17db956661a1_72.jpg",
            "first_name": "Takeshi",
            "real_name": "Takeshi Kondo",
            "display_name": "chaspy",
            "team": "TFU0BKCQP",
            "name": "take.she12",
            "is_restricted": false,
            "is_ultra_restricted": false
        },
        "blocks": [
            {
                "type": "rich_text",
                "block_id": "AGUk",
                "elements": [
                    {
                        "type": "rich_text_quote",
                        "elements": [
                            {
                                "type": "text",
                                "text": "全国ITコミュニティ運営者の2020こんなことやりたい妄想 Advent Calendar 2019"
                            }
                        ]
                    }
                ]
            }
        ]
    },
    {
        "client_msg_id": "b6d89fda-c3ef-43fa-8f35-94e89f7709ea",
        "type": "message",
        "text": "&gt; 業務で使っているコードを堂々と晒すのは、場合によっては憚られるかもしれませんが、それでもあえて実コードを晒しながら知見を共有する場が欲しいなと考えています。\nいわゆる `突撃`  ですね。",
        "user": "UG46Z57TN",
        "ts": "1575645363.189300",
        "team": "TFU0BKCQP",
        "user_team": "TFU0BKCQP",
        "source_team": "TFU0BKCQP",
        "user_profile": {
            "avatar_hash": "c6bdd4cb17db",
            "image_72": "https:\/\/avatars.slack-edge.com\/2019-07-05\/685991185957_c6bdd4cb17db956661a1_72.jpg",
            "first_name": "Takeshi",
            "real_name": "Takeshi Kondo",
            "display_name": "chaspy",
            "team": "TFU0BKCQP",
            "name": "take.she12",
            "is_restricted": false,
            "is_ultra_restricted": false
        },
        "blocks": [
            {
                "type": "rich_text",
                "block_id": "36IFE",
                "elements": [
                    {
                        "type": "rich_text_quote",
                        "elements": [
                            {
                                "type": "text",
                                "text": "業務で使っているコードを堂々と晒すのは、場合によっては憚られるかもしれませんが、それでもあえて実コードを晒しながら知見を共有する場が欲しいなと考えています。"
                            }
                        ]
                    },
                    {
                        "type": "rich_text_section",
                        "elements": [
                            {
                                "type": "text",
                                "text": "いわゆる "
                            },
                            {
                                "type": "text",
                                "text": "突撃",
                                "style": {
                                    "code": true
                                }
                            },
                            {
                                "type": "text",
                                "text": "  ですね。"
                            }
                        ]
                    }
                ]
            }
        ]
    },
    {
        "client_msg_id": "0acf4b2d-12f4-4062-8aee-2604a926c530",
        "type": "message",
        "text": "めちゃくちゃ効果でかいのでほんとオススメ。＜実コードみるの",
        "user": "UG46Z57TN",
        "ts": "1575645378.189900",
        "team": "TFU0BKCQP",
        "user_team": "TFU0BKCQP",
        "source_team": "TFU0BKCQP",
        "user_profile": {
            "avatar_hash": "c6bdd4cb17db",
            "image_72": "https:\/\/avatars.slack-edge.com\/2019-07-05\/685991185957_c6bdd4cb17db956661a1_72.jpg",
            "first_name": "Takeshi",
            "real_name": "Takeshi Kondo",
            "display_name": "chaspy",
            "team": "TFU0BKCQP",
            "name": "take.she12",
            "is_restricted": false,
            "is_ultra_restricted": false
        },
        "blocks": [
            {
                "type": "rich_text",
                "block_id": "pMsHu",
                "elements": [
                    {
                        "type": "rich_text_section",
                        "elements": [
                            {
                                "type": "text",
                                "text": "めちゃくちゃ効果でかいのでほんとオススメ。＜実コードみるの"
                            }
                        ]
                    }
                ]
            }
        ]
    },
    {
        "client_msg_id": "67a96556-097a-4970-9a9d-91ec452ec3ed",
        "type": "message",
        "text": "突撃はあくまで自分のためじゃろｗ",
        "user": "UFU0BKD8F",
        "ts": "1575645382.190100",
        "team": "TFU0BKCQP",
        "user_team": "TFU0BKCQP",
        "source_team": "TFU0BKCQP",
        "user_profile": {
            "avatar_hash": "92c41c62c7b0",
            "image_72": "https:\/\/avatars.slack-edge.com\/2019-01-30\/537137791812_92c41c62c7b0f054d3dd_72.jpg",
            "first_name": "らき",
            "real_name": "らき",
            "display_name": "raki",
            "team": "TFU0BKCQP",
            "name": "nishimuray",
            "is_restricted": false,
            "is_ultra_restricted": false
        },
        "blocks": [
            {
                "type": "rich_text",
                "block_id": "Zv1",
                "elements": [
                    {
                        "type": "rich_text_section",
                        "elements": [
                            {
                                "type": "text",
                                "text": "突撃はあくまで自分のためじゃろｗ"
                            }
                        ]
                    }
                ]
            }
        ]
    },
    {
        "client_msg_id": "fa2532f5-db38-47db-b37f-ae39f1f5bec2",
        "type": "message",
        "text": "相互突撃",
        "user": "UG46Z57TN",
        "ts": "1575645390.190400",
        "team": "TFU0BKCQP",
        "user_team": "TFU0BKCQP",
        "source_team": "TFU0BKCQP",
        "user_profile": {
            "avatar_hash": "c6bdd4cb17db",
            "image_72": "https:\/\/avatars.slack-edge.com\/2019-07-05\/685991185957_c6bdd4cb17db956661a1_72.jpg",
            "first_name": "Takeshi",
            "real_name": "Takeshi Kondo",
            "display_name": "chaspy",
            "team": "TFU0BKCQP",
            "name": "take.she12",
            "is_restricted": false,
            "is_ultra_restricted": false
        },
        "blocks": [
            {
                "type": "rich_text",
                "block_id": "Gwro",
                "elements": [
                    {
                        "type": "rich_text_section",
                        "elements": [
                            {
                                "type": "text",
                                "text": "相互突撃"
                            }
                        ]
                    }
                ]
            }
        ]
    },
    {
        "client_msg_id": "b6ffa655-b66f-49d8-b00f-aa754ff8564e",
        "type": "message",
        "text": "&gt; 地方遠征\n旅行好きなので単にやりたい",
        "user": "UG46Z57TN",
        "ts": "1575645434.191300",
        "team": "TFU0BKCQP",
        "user_team": "TFU0BKCQP",
        "source_team": "TFU0BKCQP",
        "user_profile": {
            "avatar_hash": "c6bdd4cb17db",
            "image_72": "https:\/\/avatars.slack-edge.com\/2019-07-05\/685991185957_c6bdd4cb17db956661a1_72.jpg",
            "first_name": "Takeshi",
            "real_name": "Takeshi Kondo",
            "display_name": "chaspy",
            "team": "TFU0BKCQP",
            "name": "take.she12",
            "is_restricted": false,
            "is_ultra_restricted": false
        },
        "blocks": [
            {
                "type": "rich_text",
                "block_id": "crp",
                "elements": [
                    {
                        "type": "rich_text_quote",
                        "elements": [
                            {
                                "type": "text",
                                "text": "地方遠征"
                            }
                        ]
                    },
                    {
                        "type": "rich_text_section",
                        "elements": [
                            {
                                "type": "text",
                                "text": "旅行好きなので単にやりたい"
                            }
                        ]
                    }
                ]
            }
        ]
    },
    {
        "client_msg_id": "3093f2f4-a7f2-4c62-a961-16f250d537ef",
        "type": "message",
        "text": "地方にやっていき手が必要だけど。",
        "user": "UG46Z57TN",
        "ts": "1575645439.191600",
        "team": "TFU0BKCQP",
        "user_team": "TFU0BKCQP",
        "source_team": "TFU0BKCQP",
        "user_profile": {
            "avatar_hash": "c6bdd4cb17db",
            "image_72": "https:\/\/avatars.slack-edge.com\/2019-07-05\/685991185957_c6bdd4cb17db956661a1_72.jpg",
            "first_name": "Takeshi",
            "real_name": "Takeshi Kondo",
            "display_name": "chaspy",
            "team": "TFU0BKCQP",
            "name": "take.she12",
            "is_restricted": false,
            "is_ultra_restricted": false
        },
        "blocks": [
            {
                "type": "rich_text",
                "block_id": "xgVfw",
                "elements": [
                    {
                        "type": "rich_text_section",
                        "elements": [
                            {
                                "type": "text",
                                "text": "地方にやっていき手が必要だけど。"
                            }
                        ]
                    }
                ]
            }
        ]
    },
    {
        "client_msg_id": "d3f3efae-c1fa-4039-8683-bd61eee00e0f",
        "type": "message",
        "text": "地方の開発状況とか全然見えないからなー。。。",
        "user": "UFU0BKD8F",
        "ts": "1575645503.192500",
        "team": "TFU0BKCQP",
        "user_team": "TFU0BKCQP",
        "source_team": "TFU0BKCQP",
        "user_profile": {
            "avatar_hash": "92c41c62c7b0",
            "image_72": "https:\/\/avatars.slack-edge.com\/2019-01-30\/537137791812_92c41c62c7b0f054d3dd_72.jpg",
            "first_name": "らき",
            "real_name": "らき",
            "display_name": "raki",
            "team": "TFU0BKCQP",
            "name": "nishimuray",
            "is_restricted": false,
            "is_ultra_restricted": false
        },
        "blocks": [
            {
                "type": "rich_text",
                "block_id": "eXV",
                "elements": [
                    {
                        "type": "rich_text_section",
                        "elements": [
                            {
                                "type": "text",
                                "text": "地方の開発状況とか全然見えないからなー。。。"
                            }
                        ]
                    }
                ]
            }
        ]
    },
    {
        "client_msg_id": "bbbbfd8d-1012-465e-acad-4ea05872d683",
        "type": "message",
        "text": "需要が見えないのが1番の開催の心理的なハードルかなあ",
        "user": "UG46Z57TN",
        "ts": "1575645526.193000",
        "team": "TFU0BKCQP",
        "user_team": "TFU0BKCQP",
        "source_team": "TFU0BKCQP",
        "user_profile": {
            "avatar_hash": "c6bdd4cb17db",
            "image_72": "https:\/\/avatars.slack-edge.com\/2019-07-05\/685991185957_c6bdd4cb17db956661a1_72.jpg",
            "first_name": "Takeshi",
            "real_name": "Takeshi Kondo",
            "display_name": "chaspy",
            "team": "TFU0BKCQP",
            "name": "take.she12",
            "is_restricted": false,
            "is_ultra_restricted": false
        },
        "blocks": [
            {
                "type": "rich_text",
                "block_id": "X44",
                "elements": [
                    {
                        "type": "rich_text_section",
                        "elements": [
                            {
                                "type": "text",
                                "text": "需要が見えないのが1番の開催の心理的なハードルかなあ"
                            }
                        ]
                    }
                ]
            }
        ]
    },
    {
        "client_msg_id": "f3db5417-49d2-47e8-bf0c-3904d5254ec2",
        "type": "message",
        "text": "terraform meetupもいけそうと確信があったからやったし。",
        "user": "UG46Z57TN",
        "ts": "1575645565.194000",
        "team": "TFU0BKCQP",
        "user_team": "TFU0BKCQP",
        "source_team": "TFU0BKCQP",
        "user_profile": {
            "avatar_hash": "c6bdd4cb17db",
            "image_72": "https:\/\/avatars.slack-edge.com\/2019-07-05\/685991185957_c6bdd4cb17db956661a1_72.jpg",
            "first_name": "Takeshi",
            "real_name": "Takeshi Kondo",
            "display_name": "chaspy",
            "team": "TFU0BKCQP",
            "name": "take.she12",
            "is_restricted": false,
            "is_ultra_restricted": false
        },
        "blocks": [
            {
                "type": "rich_text",
                "block_id": "iHK",
                "elements": [
                    {
                        "type": "rich_text_section",
                        "elements": [
                            {
                                "type": "text",
                                "text": "terraform meetupもいけそうと確信があったからやったし。"
                            }
                        ]
                    }
                ]
            }
        ]
    },
    {
        "client_msg_id": "c2f5e365-686f-45aa-8c36-88fc361eadf7",
        "type": "message",
        "text": "開催の宣言だけすればそれなりに集まってもよさそうだけどね。",
        "user": "UFU0BKD8F",
        "ts": "1575645582.194400",
        "team": "TFU0BKCQP",
        "user_team": "TFU0BKCQP",
        "source_team": "TFU0BKCQP",
        "user_profile": {
            "avatar_hash": "92c41c62c7b0",
            "image_72": "https:\/\/avatars.slack-edge.com\/2019-01-30\/537137791812_92c41c62c7b0f054d3dd_72.jpg",
            "first_name": "らき",
            "real_name": "らき",
            "display_name": "raki",
            "team": "TFU0BKCQP",
            "name": "nishimuray",
            "is_restricted": false,
            "is_ultra_restricted": false
        },
        "blocks": [
            {
                "type": "rich_text",
                "block_id": "T2O6Q",
                "elements": [
                    {
                        "type": "rich_text_section",
                        "elements": [
                            {
                                "type": "text",
                                "text": "開催の宣言だけすればそれなりに集まってもよさそうだけどね。"
                            }
                        ]
                    }
                ]
            }
        ]
    },
    {
        "client_msg_id": "f4cddfd6-cd78-41f1-b111-10ff64fa4b39",
        "type": "message",
        "text": "25日のアドカレ何を書くか考えるスレ\n• Infrastructure as code の目的やメリットあらためて。教科書的なものというよりは実体験としてのうれしさ、くるしさをいれた感じ。1年半本番含め運用しているので\n• 運用。特にチームでの運用で注意する点など。\n• 運用に近いけど state どうわけるのがいいか、基準やポイント\n• なんでも Terraform というハンマーで叩く AWS以外で Terraform 管理しているもの、していないものの紹介、特徴。",
        "user": "UG46Z57TN",
        "ts": "1575695807.196600",
        "team": "TFU0BKCQP",
        "user_team": "TFU0BKCQP",
        "source_team": "TFU0BKCQP",
        "user_profile": {
            "avatar_hash": "c6bdd4cb17db",
            "image_72": "https:\/\/avatars.slack-edge.com\/2019-07-05\/685991185957_c6bdd4cb17db956661a1_72.jpg",
            "first_name": "Takeshi",
            "real_name": "Takeshi Kondo",
            "display_name": "chaspy",
            "team": "TFU0BKCQP",
            "name": "take.she12",
            "is_restricted": false,
            "is_ultra_restricted": false
        },
        "edited": {
            "user": "UG46Z57TN",
            "ts": "1575695816.000000"
        },
        "blocks": [
            {
                "type": "rich_text",
                "block_id": "dfQ",
                "elements": [
                    {
                        "type": "rich_text_section",
                        "elements": [
                            {
                                "type": "text",
                                "text": "25日のアドカレ何を書くか考えるスレ\n"
                            }
                        ]
                    },
                    {
                        "type": "rich_text_list",
                        "elements": [
                            {
                                "type": "rich_text_section",
                                "elements": [
                                    {
                                        "type": "text",
                                        "text": "Infrastructure as code の目的やメリットあらためて。教科書的なものというよりは実体験としてのうれしさ、くるしさをいれた感じ。1年半本番含め運用しているので"
                                    }
                                ]
                            },
                            {
                                "type": "rich_text_section",
                                "elements": [
                                    {
                                        "type": "text",
                                        "text": "運用。特にチームでの運用で注意する点など。"
                                    }
                                ]
                            },
                            {
                                "type": "rich_text_section",
                                "elements": [
                                    {
                                        "type": "text",
                                        "text": "運用に近いけど state どうわけるのがいいか、基準やポイント"
                                    }
                                ]
                            },
                            {
                                "type": "rich_text_section",
                                "elements": [
                                    {
                                        "type": "text",
                                        "text": "なんでも Terraform というハンマーで叩く AWS以外で Terraform 管理しているもの、していないものの紹介、特徴。"
                                    }
                                ]
                            }
                        ],
                        "style": "bullet",
                        "indent": 0
                    }
                ]
            }
        ],
        "thread_ts": "1575695807.196600",
        "reply_count": 13,
        "reply_users_count": 1,
        "latest_reply": "1575696673.199500",
        "reply_users": [
            "UG46Z57TN"
        ],
        "replies": [
            {
                "user": "UG46Z57TN",
                "ts": "1575695847.196800"
            },
            {
                "user": "UG46Z57TN",
                "ts": "1575695955.197100"
            },
            {
                "user": "UG46Z57TN",
                "ts": "1575696088.197400"
            },
            {
                "user": "UG46Z57TN",
                "ts": "1575696092.197600"
            },
            {
                "user": "UG46Z57TN",
                "ts": "1575696159.197800"
            },
            {
                "user": "UG46Z57TN",
                "ts": "1575696191.198000"
            },
            {
                "user": "UG46Z57TN",
                "ts": "1575696251.198200"
            },
            {
                "user": "UG46Z57TN",
                "ts": "1575696275.198400"
            },
            {
                "user": "UG46Z57TN",
                "ts": "1575696290.198600"
            },
            {
                "user": "UG46Z57TN",
                "ts": "1575696382.198800"
            },
            {
                "user": "UG46Z57TN",
                "ts": "1575696455.199100"
            },
            {
                "user": "UG46Z57TN",
                "ts": "1575696562.199300"
            },
            {
                "user": "UG46Z57TN",
                "ts": "1575696673.199500"
            }
        ],
        "subscribed": false,
        "reactions": [
            {
                "name": "white_check_mark",
                "users": [
                    "UG46Z57TN"
                ],
                "count": 1
            }
        ]
    },
    {
        "client_msg_id": "7aca9b83-3ccf-4501-9564-710be1be8225",
        "type": "message",
        "text": "今までの投稿でも眺めてみるか。\n<https:\/\/qiita.com\/advent-calendar\/2019\/terraform>",
        "user": "UG46Z57TN",
        "ts": "1575695847.196800",
        "team": "TFU0BKCQP",
        "user_team": "TFU0BKCQP",
        "source_team": "TFU0BKCQP",
        "user_profile": {
            "avatar_hash": "c6bdd4cb17db",
            "image_72": "https:\/\/avatars.slack-edge.com\/2019-07-05\/685991185957_c6bdd4cb17db956661a1_72.jpg",
            "first_name": "Takeshi",
            "real_name": "Takeshi Kondo",
            "display_name": "chaspy",
            "team": "TFU0BKCQP",
            "name": "take.she12",
            "is_restricted": false,
            "is_ultra_restricted": false
        },
        "attachments": [
            {
                "service_name": "Qiita",
                "title": "terraform Advent Calendar 2019 - Qiita",
                "title_link": "https:\/\/qiita.com\/advent-calendar\/2019\/terraform",
                "text": "terraform に関すること。",
                "fallback": "Qiita: terraform Advent Calendar 2019 - Qiita",
                "thumb_url": "https:\/\/cdn.qiita.com\/assets\/qiita-fb-fe28c64039d925349e620ba55091e078.png",
                "from_url": "https:\/\/qiita.com\/advent-calendar\/2019\/terraform",
                "thumb_width": 1200,
                "thumb_height": 630,
                "service_icon": "https:\/\/cdn.qiita.com\/assets\/favicons\/public\/apple-touch-icon-ec5ba42a24ae923f16825592efdc356f.png",
                "id": 1,
                "original_url": "https:\/\/qiita.com\/advent-calendar\/2019\/terraform"
            }
        ],
        "blocks": [
            {
                "type": "rich_text",
                "block_id": "zBvK",
                "elements": [
                    {
                        "type": "rich_text_section",
                        "elements": [
                            {
                                "type": "text",
                                "text": "今までの投稿でも眺めてみるか。\n"
                            },
                            {
                                "type": "link",
                                "url": "https:\/\/qiita.com\/advent-calendar\/2019\/terraform"
                            }
                        ]
                    }
                ]
            }
        ],
        "thread_ts": "1575695807.196600",
        "parent_user_id": "UG46Z57TN"
    },
    {
        "client_msg_id": "d190ec0b-238d-4626-9a52-6f1dd2c71f05",
        "type": "message",
        "text": "分割に関しては4日目にすでにあるな。\n<https:\/\/qiita.com\/yukihira1992\/items\/a674fe717a8ead7263e4>",
        "user": "UG46Z57TN",
        "ts": "1575695955.197100",
        "team": "TFU0BKCQP",
        "user_team": "TFU0BKCQP",
        "source_team": "TFU0BKCQP",
        "user_profile": {
            "avatar_hash": "c6bdd4cb17db",
            "image_72": "https:\/\/avatars.slack-edge.com\/2019-07-05\/685991185957_c6bdd4cb17db956661a1_72.jpg",
            "first_name": "Takeshi",
            "real_name": "Takeshi Kondo",
            "display_name": "chaspy",
            "team": "TFU0BKCQP",
            "name": "take.she12",
            "is_restricted": false,
            "is_ultra_restricted": false
        },
        "attachments": [
            {
                "service_name": "Qiita",
                "title": "tfstateを分割管理するためのTips - Qiita",
                "title_link": "https:\/\/qiita.com\/yukihira1992\/items\/a674fe717a8ead7263e4",
                "text": "# tfstateを分割管理するためのTips ## はじめに この記事は[terraform Advent Calendar 2019](<https:\/\/qiita.com\/advent-calendar\/2019\/terraf>...",
                "fallback": "Qiita: tfstateを分割管理するためのTips - Qiita",
                "thumb_url": "https:\/\/cdn.qiita.com\/assets\/qiita-fb-fe28c64039d925349e620ba55091e078.png",
                "from_url": "https:\/\/qiita.com\/yukihira1992\/items\/a674fe717a8ead7263e4",
                "thumb_width": 1200,
                "thumb_height": 630,
                "service_icon": "https:\/\/cdn.qiita.com\/assets\/favicons\/public\/apple-touch-icon-ec5ba42a24ae923f16825592efdc356f.png",
                "id": 1,
                "original_url": "https:\/\/qiita.com\/yukihira1992\/items\/a674fe717a8ead7263e4"
            }
        ],
        "blocks": [
            {
                "type": "rich_text",
                "block_id": "sPq",
                "elements": [
                    {
                        "type": "rich_text_section",
                        "elements": [
                            {
                                "type": "text",
                                "text": "分割に関しては4日目にすでにあるな。\n"
                            },
                            {
                                "type": "link",
                                "url": "https:\/\/qiita.com\/yukihira1992\/items\/a674fe717a8ead7263e4"
                            }
                        ]
                    }
                ]
            }
        ],
        "thread_ts": "1575695807.196600",
        "parent_user_id": "UG46Z57TN"
    },
    {
        "client_msg_id": "7a76d80b-b517-4f2d-99c2-8c4cd2573c7c",
        "type": "message",
        "text": "ほほー",
        "user": "UG46Z57TN",
        "ts": "1575696088.197400",
        "team": "TFU0BKCQP",
        "user_team": "TFU0BKCQP",
        "source_team": "TFU0BKCQP",
        "user_profile": {
            "avatar_hash": "c6bdd4cb17db",
            "image_72": "https:\/\/avatars.slack-edge.com\/2019-07-05\/685991185957_c6bdd4cb17db956661a1_72.jpg",
            "first_name": "Takeshi",
            "real_name": "Takeshi Kondo",
            "display_name": "chaspy",
            "team": "TFU0BKCQP",
            "name": "take.she12",
            "is_restricted": false,
            "is_ultra_restricted": false
        },
        "blocks": [
            {
                "type": "rich_text",
                "block_id": "wzBNN",
                "elements": [
                    {
                        "type": "rich_text_section",
                        "elements": [
                            {
                                "type": "text",
                                "text": "ほほー"
                            }
                        ]
                    }
                ]
            }
        ],
        "thread_ts": "1575695807.196600",
        "parent_user_id": "UG46Z57TN"
    },
    {
        "client_msg_id": "1095e5a4-c269-4517-9c87-2f8ad78ec36b",
        "type": "message",
        "text": "結構思想が違って面白かった",
        "user": "UG46Z57TN",
        "ts": "1575696092.197600",
        "team": "TFU0BKCQP",
        "user_team": "TFU0BKCQP",
        "source_team": "TFU0BKCQP",
        "user_profile": {
            "avatar_hash": "c6bdd4cb17db",
            "image_72": "https:\/\/avatars.slack-edge.com\/2019-07-05\/685991185957_c6bdd4cb17db956661a1_72.jpg",
            "first_name": "Takeshi",
            "real_name": "Takeshi Kondo",
            "display_name": "chaspy",
            "team": "TFU0BKCQP",
            "name": "take.she12",
            "is_restricted": false,
            "is_ultra_restricted": false
        },
        "blocks": [
            {
                "type": "rich_text",
                "block_id": "LWpC",
                "elements": [
                    {
                        "type": "rich_text_section",
                        "elements": [
                            {
                                "type": "text",
                                "text": "結構思想が違って面白かった"
                            }
                        ]
                    }
                ]
            }
        ],
        "thread_ts": "1575695807.196600",
        "parent_user_id": "UG46Z57TN"
    },
    {
        "client_msg_id": "905f8a2c-9f2c-4e8c-b115-e50b05019163",
        "type": "message",
        "text": "• 僕は分割はサービス・チーム単位派\n• DRYにしようとそもそもしない派\n",
        "user": "UG46Z57TN",
        "ts": "1575696159.197800",
        "team": "TFU0BKCQP",
        "user_team": "TFU0BKCQP",
        "source_team": "TFU0BKCQP",
        "user_profile": {
            "avatar_hash": "c6bdd4cb17db",
            "image_72": "https:\/\/avatars.slack-edge.com\/2019-07-05\/685991185957_c6bdd4cb17db956661a1_72.jpg",
            "first_name": "Takeshi",
            "real_name": "Takeshi Kondo",
            "display_name": "chaspy",
            "team": "TFU0BKCQP",
            "name": "take.she12",
            "is_restricted": false,
            "is_ultra_restricted": false
        },
        "blocks": [
            {
                "type": "rich_text",
                "block_id": "lowZ",
                "elements": [
                    {
                        "type": "rich_text_list",
                        "elements": [
                            {
                                "type": "rich_text_section",
                                "elements": [
                                    {
                                        "type": "text",
                                        "text": "僕は分割はサービス・チーム単位派"
                                    }
                                ]
                            },
                            {
                                "type": "rich_text_section",
                                "elements": [
                                    {
                                        "type": "text",
                                        "text": "DRYにしようとそもそもしない派"
                                    }
                                ]
                            }
                        ],
                        "style": "bullet",
                        "indent": 0
                    },
                    {
                        "type": "rich_text_section",
                        "elements": []
                    }
                ]
            }
        ],
        "thread_ts": "1575695807.196600",
        "parent_user_id": "UG46Z57TN"
    },
    {
        "client_msg_id": "d616bef0-4775-4d7f-b770-d4f0beb136e6",
        "type": "message",
        "text": "ライフサイクルって視点は共通してて、変更せんやろっていうネットワークまわりのものはそれはそれでまた分割する感じ",
        "user": "UG46Z57TN",
        "ts": "1575696191.198000",
        "team": "TFU0BKCQP",
        "user_team": "TFU0BKCQP",
        "source_team": "TFU0BKCQP",
        "user_profile": {
            "avatar_hash": "c6bdd4cb17db",
            "image_72": "https:\/\/avatars.slack-edge.com\/2019-07-05\/685991185957_c6bdd4cb17db956661a1_72.jpg",
            "first_name": "Takeshi",
            "real_name": "Takeshi Kondo",
            "display_name": "chaspy",
            "team": "TFU0BKCQP",
            "name": "take.she12",
            "is_restricted": false,
            "is_ultra_restricted": false
        },
        "blocks": [
            {
                "type": "rich_text",
                "block_id": "rRmV",
                "elements": [
                    {
                        "type": "rich_text_section",
                        "elements": [
                            {
                                "type": "text",
                                "text": "ライフサイクルって視点は共通してて、変更せんやろっていうネットワークまわりのものはそれはそれでまた分割する感じ"
                            }
                        ]
                    }
                ]
            }
        ],
        "thread_ts": "1575695807.196600",
        "parent_user_id": "UG46Z57TN"
    },
    {
        "client_msg_id": "fcdbf2c5-8d2c-434b-9113-2ddf8bbb4860",
        "type": "message",
        "text": "分割した場合の provider \/ terraform の version up 誰がするのか問題は悩ましい。",
        "user": "UG46Z57TN",
        "ts": "1575696251.198200",
        "team": "TFU0BKCQP",
        "user_team": "TFU0BKCQP",
        "source_team": "TFU0BKCQP",
        "user_profile": {
            "avatar_hash": "c6bdd4cb17db",
            "image_72": "https:\/\/avatars.slack-edge.com\/2019-07-05\/685991185957_c6bdd4cb17db956661a1_72.jpg",
            "first_name": "Takeshi",
            "real_name": "Takeshi Kondo",
            "display_name": "chaspy",
            "team": "TFU0BKCQP",
            "name": "take.she12",
            "is_restricted": false,
            "is_ultra_restricted": false
        },
        "blocks": [
            {
                "type": "rich_text",
                "block_id": "eTllH",
                "elements": [
                    {
                        "type": "rich_text_section",
                        "elements": [
                            {
                                "type": "text",
                                "text": "分割した場合の provider \/ terraform の version up 誰がするのか問題は悩ましい。"
                            }
                        ]
                    }
                ]
            }
        ],
        "thread_ts": "1575695807.196600",
        "parent_user_id": "UG46Z57TN"
    },
    {
        "client_msg_id": "2fb74d46-0457-428a-9142-2112e6631d3e",
        "type": "message",
        "text": "通常のアプリケーションであれば、各チームが責任もってオーナーシップをもってあげていくべきだが、それはアプリケーションの挙動に影響を受けるからであって",
        "user": "UG46Z57TN",
        "ts": "1575696275.198400",
        "team": "TFU0BKCQP",
        "user_team": "TFU0BKCQP",
        "source_team": "TFU0BKCQP",
        "user_profile": {
            "avatar_hash": "c6bdd4cb17db",
            "image_72": "https:\/\/avatars.slack-edge.com\/2019-07-05\/685991185957_c6bdd4cb17db956661a1_72.jpg",
            "first_name": "Takeshi",
            "real_name": "Takeshi Kondo",
            "display_name": "chaspy",
            "team": "TFU0BKCQP",
            "name": "take.she12",
            "is_restricted": false,
            "is_ultra_restricted": false
        },
        "blocks": [
            {
                "type": "rich_text",
                "block_id": "1s0y",
                "elements": [
                    {
                        "type": "rich_text_section",
                        "elements": [
                            {
                                "type": "text",
                                "text": "通常のアプリケーションであれば、各チームが責任もってオーナーシップをもってあげていくべきだが、それはアプリケーションの挙動に影響を受けるからであって"
                            }
                        ]
                    }
                ]
            }
        ],
        "thread_ts": "1575695807.196600",
        "parent_user_id": "UG46Z57TN"
    },
    {
        "client_msg_id": "b6783d3a-d9e9-45e9-b780-dd8befae29cf",
        "type": "message",
        "text": "Terraformの場合はせいぜいattributeが追加される程度だから誰がやっても同じ感",
        "user": "UG46Z57TN",
        "ts": "1575696290.198600",
        "team": "TFU0BKCQP",
        "user_team": "TFU0BKCQP",
        "source_team": "TFU0BKCQP",
        "user_profile": {
            "avatar_hash": "c6bdd4cb17db",
            "image_72": "https:\/\/avatars.slack-edge.com\/2019-07-05\/685991185957_c6bdd4cb17db956661a1_72.jpg",
            "first_name": "Takeshi",
            "real_name": "Takeshi Kondo",
            "display_name": "chaspy",
            "team": "TFU0BKCQP",
            "name": "take.she12",
            "is_restricted": false,
            "is_ultra_restricted": false
        },
        "blocks": [
            {
                "type": "rich_text",
                "block_id": "unxHE",
                "elements": [
                    {
                        "type": "rich_text_section",
                        "elements": [
                            {
                                "type": "text",
                                "text": "Terraformの場合はせいぜいattributeが追加される程度だから誰がやっても同じ感"
                            }
                        ]
                    }
                ]
            }
        ],
        "thread_ts": "1575695807.196600",
        "parent_user_id": "UG46Z57TN"
    },
    {
        "client_msg_id": "08447098-44eb-40eb-b641-e0ab0c9d63ca",
        "type": "message",
        "text": "Infrastructure as code  なぜやるのかみたいなのに近い話かも\n<https:\/\/qiita.com\/Brutus\/items\/ed2ddb74fa8a13369d9f>",
        "user": "UG46Z57TN",
        "ts": "1575696382.198800",
        "team": "TFU0BKCQP",
        "user_team": "TFU0BKCQP",
        "source_team": "TFU0BKCQP",
        "user_profile": {
            "avatar_hash": "c6bdd4cb17db",
            "image_72": "https:\/\/avatars.slack-edge.com\/2019-07-05\/685991185957_c6bdd4cb17db956661a1_72.jpg",
            "first_name": "Takeshi",
            "real_name": "Takeshi Kondo",
            "display_name": "chaspy",
            "team": "TFU0BKCQP",
            "name": "take.she12",
            "is_restricted": false,
            "is_ultra_restricted": false
        },
        "attachments": [
            {
                "service_name": "Qiita",
                "title": "Oracle Cloudで始めるTerraform　自動化の真骨頂 - Qiita",
                "title_link": "https:\/\/qiita.com\/Brutus\/items\/ed2ddb74fa8a13369d9f",
                "text": "# はじめに terraform Advent Calendar 2019 6日目:christmas_tree:です。 本記事は、Oracle Cloud環境におけるTerraform自動化についての記事になります。 使用するク...",
                "fallback": "Qiita: Oracle Cloudで始めるTerraform　自動化の真骨頂 - Qiita",
                "thumb_url": "https:\/\/cdn.qiita.com\/assets\/qiita-fb-fe28c64039d925349e620ba55091e078.png",
                "from_url": "https:\/\/qiita.com\/Brutus\/items\/ed2ddb74fa8a13369d9f",
                "thumb_width": 1200,
                "thumb_height": 630,
                "service_icon": "https:\/\/cdn.qiita.com\/assets\/favicons\/public\/apple-touch-icon-ec5ba42a24ae923f16825592efdc356f.png",
                "id": 1,
                "original_url": "https:\/\/qiita.com\/Brutus\/items\/ed2ddb74fa8a13369d9f"
            }
        ],
        "blocks": [
            {
                "type": "rich_text",
                "block_id": "IKW6e",
                "elements": [
                    {
                        "type": "rich_text_section",
                        "elements": [
                            {
                                "type": "text",
                                "text": "Infrastructure as code  なぜやるのかみたいなのに近い話かも\n"
                            },
                            {
                                "type": "link",
                                "url": "https:\/\/qiita.com\/Brutus\/items\/ed2ddb74fa8a13369d9f"
                            }
                        ]
                    }
                ]
            }
        ],
        "thread_ts": "1575695807.196600",
        "parent_user_id": "UG46Z57TN"
    },
    {
        "client_msg_id": "eeec566c-d6d2-4920-8fbb-0f373e094b48",
        "type": "message",
        "text": "そうでもなかった",
        "user": "UG46Z57TN",
        "ts": "1575696455.199100",
        "team": "TFU0BKCQP",
        "user_team": "TFU0BKCQP",
        "source_team": "TFU0BKCQP",
        "user_profile": {
            "avatar_hash": "c6bdd4cb17db",
            "image_72": "https:\/\/avatars.slack-edge.com\/2019-07-05\/685991185957_c6bdd4cb17db956661a1_72.jpg",
            "first_name": "Takeshi",
            "real_name": "Takeshi Kondo",
            "display_name": "chaspy",
            "team": "TFU0BKCQP",
            "name": "take.she12",
            "is_restricted": false,
            "is_ultra_restricted": false
        },
        "blocks": [
            {
                "type": "rich_text",
                "block_id": "pO3F",
                "elements": [
                    {
                        "type": "rich_text_section",
                        "elements": [
                            {
                                "type": "text",
                                "text": "そうでもなかった"
                            }
                        ]
                    }
                ]
            }
        ],
        "thread_ts": "1575695807.196600",
        "parent_user_id": "UG46Z57TN"
    },
    {
        "client_msg_id": "be9fd810-40bd-4758-bab7-f4893b484dcb",
        "type": "message",
        "text": "Infrastructure as code はソフトウェア開発のプラクティスをインフラにも適用した、というものだけど、その間には微妙な差異があるんだよな。という話でもしようかな。",
        "user": "UG46Z57TN",
        "ts": "1575696562.199300",
        "team": "TFU0BKCQP",
        "user_team": "TFU0BKCQP",
        "source_team": "TFU0BKCQP",
        "user_profile": {
            "avatar_hash": "c6bdd4cb17db",
            "image_72": "https:\/\/avatars.slack-edge.com\/2019-07-05\/685991185957_c6bdd4cb17db956661a1_72.jpg",
            "first_name": "Takeshi",
            "real_name": "Takeshi Kondo",
            "display_name": "chaspy",
            "team": "TFU0BKCQP",
            "name": "take.she12",
            "is_restricted": false,
            "is_ultra_restricted": false
        },
        "blocks": [
            {
                "type": "rich_text",
                "block_id": "N\/9U",
                "elements": [
                    {
                        "type": "rich_text_section",
                        "elements": [
                            {
                                "type": "text",
                                "text": "Infrastructure as code はソフトウェア開発のプラクティスをインフラにも適用した、というものだけど、その間には微妙な差異があるんだよな。という話でもしようかな。"
                            }
                        ]
                    }
                ]
            }
        ],
        "thread_ts": "1575695807.196600",
        "parent_user_id": "UG46Z57TN",
        "reactions": [
            {
                "name": "すてき",
                "users": [
                    "UL90RPEQ7"
                ],
                "count": 1
            }
        ]
    },
    {
        "client_msg_id": "2bbaa37e-0a0c-495e-90df-e18644911689",
        "type": "message",
        "text": "done",
        "user": "UG46Z57TN",
        "ts": "1575696673.199500",
        "team": "TFU0BKCQP",
        "user_team": "TFU0BKCQP",
        "source_team": "TFU0BKCQP",
        "user_profile": {
            "avatar_hash": "c6bdd4cb17db",
            "image_72": "https:\/\/avatars.slack-edge.com\/2019-07-05\/685991185957_c6bdd4cb17db956661a1_72.jpg",
            "first_name": "Takeshi",
            "real_name": "Takeshi Kondo",
            "display_name": "chaspy",
            "team": "TFU0BKCQP",
            "name": "take.she12",
            "is_restricted": false,
            "is_ultra_restricted": false
        },
        "blocks": [
            {
                "type": "rich_text",
                "block_id": "mqTx",
                "elements": [
                    {
                        "type": "rich_text_section",
                        "elements": [
                            {
                                "type": "text",
                                "text": "done"
                            }
                        ]
                    }
                ]
            }
        ],
        "thread_ts": "1575695807.196600",
        "parent_user_id": "UG46Z57TN"
    }
]