[
    {
        "client_msg_id": "353a968d-4b3f-4085-8478-5fbabcabf5d2",
        "type": "message",
        "text": "会社での、Terraform Cloudを管理者としてより便利にする取り組みについて記事を書きました。\nDeveloper視点ではないので面白いものではないかもしれませんが、Terraform Cloudに興味のある方には読んでいただきたいですー:man-bowing:\n<https:\/\/inside.dmm.com\/entry\/2021\/05\/24\/terrafrom-cloud>",
        "user": "U01AEH6SRL2",
        "ts": "1621906132.001900",
        "team": "TFU0BKCQP",
        "user_team": "TFU0BKCQP",
        "source_team": "TFU0BKCQP",
        "user_profile": {
            "avatar_hash": "d3afb6c9e48a",
            "image_72": "https:\/\/avatars.slack-edge.com\/2020-09-19\/1398101624832_d3afb6c9e48a610f6650_72.png",
            "first_name": "くろせえつお",
            "real_name": "くろせえつお",
            "display_name": "kuroseets",
            "team": "TFU0BKCQP",
            "name": "etsuo.kurose",
            "is_restricted": false,
            "is_ultra_restricted": false
        },
        "attachments": [
            {
                "service_name": "DMM inside",
                "title": "Terraform Cloud運用可視化 〜利用する際に見えていなかったものを見えるようにした話〜 - DMM inside",
                "title_link": "https:\/\/inside.dmm.com\/entry\/2021\/05\/24\/terrafrom-cloud",
                "text": "はじめに みなさんこんにちは。合同会社EXNOAプラットフォーム開発本部プラットフォームインフラ部の黒瀬です。私たちの部門では、DMM GAMESにおけるゲームを稼働させるためのプラットフォームのインフラを運用構築しており、オンプレミスからクラウドまで幅広い環境を利用しています。そのなかで今回は、特にパブリッククラウド構築にて利用しているTerraformの運用についての取り組みを紹介したいと思います。 Terraform Cloudとは TerraformとTerraform Cloud ご存知の方も多いと思いますが、TerraformはHashiCorp社が提供するhcl形式のコードベース…",
                "fallback": "DMM inside: Terraform Cloud運用可視化 〜利用する際に見えていなかったものを見えるようにした話〜 - DMM inside",
                "image_url": "https:\/\/cdn-ak.f.st-hatena.com\/images\/fotolife\/d\/dmmlabotech\/20210512\/20210512093043.png",
                "ts": 1621821600,
                "from_url": "https:\/\/inside.dmm.com\/entry\/2021\/05\/24\/terrafrom-cloud",
                "image_width": 250,
                "image_height": 250,
                "image_bytes": 98714,
                "service_icon": "https:\/\/inside.dmm.com\/icon\/touch",
                "id": 1,
                "original_url": "https:\/\/inside.dmm.com\/entry\/2021\/05\/24\/terrafrom-cloud"
            }
        ],
        "blocks": [
            {
                "type": "rich_text",
                "block_id": "UIG",
                "elements": [
                    {
                        "type": "rich_text_section",
                        "elements": [
                            {
                                "type": "text",
                                "text": "会社での、Terraform Cloudを管理者としてより便利にする取り組みについて記事を書きました。\nDeveloper視点ではないので面白いものではないかもしれませんが、Terraform Cloudに興味のある方には読んでいただきたいですー"
                            },
                            {
                                "type": "emoji",
                                "name": "man-bowing"
                            },
                            {
                                "type": "text",
                                "text": "\n"
                            },
                            {
                                "type": "link",
                                "url": "https:\/\/inside.dmm.com\/entry\/2021\/05\/24\/terrafrom-cloud"
                            }
                        ]
                    }
                ]
            }
        ],
        "reactions": [
            {
                "name": "+1",
                "users": [
                    "UGW0ABZLG"
                ],
                "count": 1
            },
            {
                "name": "eyes",
                "users": [
                    "UGFSM002K"
                ],
                "count": 1
            }
        ]
    }
]