[
    {
        "client_msg_id": "28197b26-aa97-4160-a6a3-ef35ea51b937",
        "type": "message",
        "text": "<https:\/\/blog.serverworks.co.jp\/where_my_terraform_bestpractice>\n\n&gt; HashiCorp でも明確な方針は打ち出していない為\nあると思います。\n<https:\/\/www.terraform.io\/docs\/language\/modules\/develop\/structure.html>",
        "user": "UFU0BKD8F",
        "ts": "1621129557.001300",
        "team": "TFU0BKCQP",
        "user_team": "TFU0BKCQP",
        "source_team": "TFU0BKCQP",
        "user_profile": {
            "avatar_hash": "92c41c62c7b0",
            "image_72": "https:\/\/avatars.slack-edge.com\/2019-01-30\/537137791812_92c41c62c7b0f054d3dd_72.jpg",
            "first_name": "らき",
            "real_name": "らき",
            "display_name": "raki",
            "team": "TFU0BKCQP",
            "name": "nishimuray",
            "is_restricted": false,
            "is_ultra_restricted": false
        },
        "attachments": [
            {
                "service_name": "サーバーワークスエンジニアブログ",
                "title": "最近、Terraform のベストプラクティス迷子です - サーバーワークスエンジニアブログ",
                "title_link": "https:\/\/blog.serverworks.co.jp\/where_my_terraform_bestpractice",
                "text": "Terraformでインフラを構築する場合のベストプラクティスを探し続けて迷子になっている為、よくある問題を書き連ねてみました。",
                "fallback": "サーバーワークスエンジニアブログ: 最近、Terraform のベストプラクティス迷子です - サーバーワークスエンジニアブログ",
                "image_url": "https:\/\/ogimage.blog.st-hatena.com\/26006613399864541\/26006613762837973\/1620882729",
                "ts": 1620882729,
                "from_url": "https:\/\/blog.serverworks.co.jp\/where_my_terraform_bestpractice",
                "image_width": 476,
                "image_height": 250,
                "image_bytes": 49365,
                "service_icon": "https:\/\/blog.serverworks.co.jp\/icon\/touch",
                "id": 1,
                "original_url": "https:\/\/blog.serverworks.co.jp\/where_my_terraform_bestpractice"
            },
            {
                "service_name": "Terraform by HashiCorp",
                "title": "Standard Module Structure - Terraform by HashiCorp",
                "title_link": "https:\/\/www.terraform.io\/docs\/language\/modules\/develop\/structure.html",
                "text": "Terraform by HashiCorp",
                "fallback": "Terraform by HashiCorp: Standard Module Structure - Terraform by HashiCorp",
                "thumb_url": "https:\/\/www.terraform.io\/assets\/images\/og-image-8b3e4f7d.png",
                "from_url": "https:\/\/www.terraform.io\/docs\/language\/modules\/develop\/structure.html",
                "thumb_width": 712,
                "thumb_height": 712,
                "service_icon": "https:\/\/www.terraform.io\/assets\/images\/favicons\/apple-touch-icon-5c2d0048.png",
                "id": 2,
                "original_url": "https:\/\/www.terraform.io\/docs\/language\/modules\/develop\/structure.html"
            }
        ],
        "blocks": [
            {
                "type": "rich_text",
                "block_id": "plGe",
                "elements": [
                    {
                        "type": "rich_text_section",
                        "elements": [
                            {
                                "type": "link",
                                "url": "https:\/\/blog.serverworks.co.jp\/where_my_terraform_bestpractice"
                            },
                            {
                                "type": "text",
                                "text": "\n\n"
                            }
                        ]
                    },
                    {
                        "type": "rich_text_quote",
                        "elements": [
                            {
                                "type": "text",
                                "text": "HashiCorp でも明確な方針は打ち出していない為"
                            }
                        ]
                    },
                    {
                        "type": "rich_text_section",
                        "elements": [
                            {
                                "type": "text",
                                "text": "\nあると思います。\n"
                            },
                            {
                                "type": "link",
                                "url": "https:\/\/www.terraform.io\/docs\/language\/modules\/develop\/structure.html"
                            }
                        ]
                    }
                ]
            }
        ],
        "reactions": [
            {
                "name": "eyes",
                "users": [
                    "U01DX2J904V",
                    "U01MNV17CSC"
                ],
                "count": 2
            }
        ]
    },
    {
        "client_msg_id": "24f5f9a2-28d7-41a6-a2db-e640d8a06407",
        "type": "message",
        "text": "個人的見解も追加\n• workspace\n    ◦ 使わないでFA\n    ◦ 急な仕様変更や特定の環境の一部だけ変更したいなどの特別な事情に配慮しにくいため\n• 環境の分割\n    ◦ ディレクトリでわけるでFA\n    ◦ リポジトリルートに terraform ディレクトリ\n    ◦ サービス系\/環境 のように２階層で統一\n    ◦ terraform\/ec[api|rds|eca|manageなど]\/dev[stg|prodなど]\n• module\n    ◦ 環境の分割でサービス系\/環境のようにしたら\n    ◦ terraform\/modules\/ec のようにサービス系で分割するでFA\n    ◦ terraform\/modules\/ec_dev のように分離発展が容易\n• 自作 or 公式\n    ◦ 公式優先ただし自作を妨げない\n    ◦ 公式モジュールが必ずしも優秀とは限らない\n    ◦ 同じ機能は同じモジュールを採用するようにしたほうがいい\n    ◦ 迷ったら公式を使用し、痒い所に手が届かなくなったら自作\n    ◦ 公式を採用するとクラウドの仕様変更には気づきやすいがモジュール内の思い付きやしくじりにやられることはある\n    ◦ 自作してクラウドの仕様変更に気付けないままでいる危険性は運用期間に依る\n• variable 配置問題\n    ◦ 全ディレクトリでモジュールのプラクティスに従う\n    ◦ README.md , <http:\/\/main.tf|main.tf> , <http:\/\/variable.tf|variable.tf> , <http:\/\/outputs.tf|outputs.tf>（は面倒だからやってないな。。。）\n    ◦ 個人的には <http:\/\/aws_alb.tf|aws_alb.tf> <http:\/\/aws_asg.tf|aws_asg.tf> など、ある程度の粒度でファイルを分割している\n    ◦ <http:\/\/main.tf|main.tf> の中はそのモジュールのメインのリソースか、locals",
        "user": "UFU0BKD8F",
        "ts": "1621129877.004500",
        "team": "TFU0BKCQP",
        "user_team": "TFU0BKCQP",
        "source_team": "TFU0BKCQP",
        "user_profile": {
            "avatar_hash": "92c41c62c7b0",
            "image_72": "https:\/\/avatars.slack-edge.com\/2019-01-30\/537137791812_92c41c62c7b0f054d3dd_72.jpg",
            "first_name": "らき",
            "real_name": "らき",
            "display_name": "raki",
            "team": "TFU0BKCQP",
            "name": "nishimuray",
            "is_restricted": false,
            "is_ultra_restricted": false
        },
        "blocks": [
            {
                "type": "rich_text",
                "block_id": "kwpY",
                "elements": [
                    {
                        "type": "rich_text_section",
                        "elements": [
                            {
                                "type": "text",
                                "text": "個人的見解も追加\n"
                            }
                        ]
                    },
                    {
                        "type": "rich_text_list",
                        "elements": [
                            {
                                "type": "rich_text_section",
                                "elements": [
                                    {
                                        "type": "text",
                                        "text": "workspace"
                                    }
                                ]
                            }
                        ],
                        "style": "bullet",
                        "indent": 0
                    },
                    {
                        "type": "rich_text_list",
                        "elements": [
                            {
                                "type": "rich_text_section",
                                "elements": [
                                    {
                                        "type": "text",
                                        "text": "使わないでFA"
                                    }
                                ]
                            },
                            {
                                "type": "rich_text_section",
                                "elements": [
                                    {
                                        "type": "text",
                                        "text": "急な仕様変更や特定の環境の一部だけ変更したいなどの特別な事情に配慮しにくいため"
                                    }
                                ]
                            }
                        ],
                        "style": "bullet",
                        "indent": 1
                    },
                    {
                        "type": "rich_text_list",
                        "elements": [
                            {
                                "type": "rich_text_section",
                                "elements": [
                                    {
                                        "type": "text",
                                        "text": "環境の分割"
                                    }
                                ]
                            }
                        ],
                        "style": "bullet",
                        "indent": 0
                    },
                    {
                        "type": "rich_text_list",
                        "elements": [
                            {
                                "type": "rich_text_section",
                                "elements": [
                                    {
                                        "type": "text",
                                        "text": "ディレクトリでわけるでFA"
                                    }
                                ]
                            },
                            {
                                "type": "rich_text_section",
                                "elements": [
                                    {
                                        "type": "text",
                                        "text": "リポジトリルートに terraform ディレクトリ"
                                    }
                                ]
                            },
                            {
                                "type": "rich_text_section",
                                "elements": [
                                    {
                                        "type": "text",
                                        "text": "サービス系\/環境 のように２階層で統一"
                                    }
                                ]
                            },
                            {
                                "type": "rich_text_section",
                                "elements": [
                                    {
                                        "type": "text",
                                        "text": "terraform\/ec[api|rds|eca|manageなど]\/dev[stg|prodなど]"
                                    }
                                ]
                            }
                        ],
                        "style": "bullet",
                        "indent": 1
                    },
                    {
                        "type": "rich_text_list",
                        "elements": [
                            {
                                "type": "rich_text_section",
                                "elements": [
                                    {
                                        "type": "text",
                                        "text": "module"
                                    }
                                ]
                            }
                        ],
                        "style": "bullet",
                        "indent": 0
                    },
                    {
                        "type": "rich_text_list",
                        "elements": [
                            {
                                "type": "rich_text_section",
                                "elements": [
                                    {
                                        "type": "text",
                                        "text": "環境の分割でサービス系\/環境のようにしたら"
                                    }
                                ]
                            },
                            {
                                "type": "rich_text_section",
                                "elements": [
                                    {
                                        "type": "text",
                                        "text": "terraform\/modules\/ec のようにサービス系で分割するでFA"
                                    }
                                ]
                            },
                            {
                                "type": "rich_text_section",
                                "elements": [
                                    {
                                        "type": "text",
                                        "text": "terraform\/modules\/ec_dev のように分離発展が容易"
                                    }
                                ]
                            }
                        ],
                        "style": "bullet",
                        "indent": 1
                    },
                    {
                        "type": "rich_text_list",
                        "elements": [
                            {
                                "type": "rich_text_section",
                                "elements": [
                                    {
                                        "type": "text",
                                        "text": "自作 or 公式"
                                    }
                                ]
                            }
                        ],
                        "style": "bullet",
                        "indent": 0
                    },
                    {
                        "type": "rich_text_list",
                        "elements": [
                            {
                                "type": "rich_text_section",
                                "elements": [
                                    {
                                        "type": "text",
                                        "text": "公式優先ただし自作を妨げない"
                                    }
                                ]
                            },
                            {
                                "type": "rich_text_section",
                                "elements": [
                                    {
                                        "type": "text",
                                        "text": "公式モジュールが必ずしも優秀とは限らない"
                                    }
                                ]
                            },
                            {
                                "type": "rich_text_section",
                                "elements": [
                                    {
                                        "type": "text",
                                        "text": "同じ機能は同じモジュールを採用するようにしたほうがいい"
                                    }
                                ]
                            },
                            {
                                "type": "rich_text_section",
                                "elements": [
                                    {
                                        "type": "text",
                                        "text": "迷ったら公式を使用し、痒い所に手が届かなくなったら自作"
                                    }
                                ]
                            },
                            {
                                "type": "rich_text_section",
                                "elements": [
                                    {
                                        "type": "text",
                                        "text": "公式を採用するとクラウドの仕様変更には気づきやすいがモジュール内の思い付きやしくじりにやられることはある"
                                    }
                                ]
                            },
                            {
                                "type": "rich_text_section",
                                "elements": [
                                    {
                                        "type": "text",
                                        "text": "自作してクラウドの仕様変更に気付けないままでいる危険性は運用期間に依る"
                                    }
                                ]
                            }
                        ],
                        "style": "bullet",
                        "indent": 1
                    },
                    {
                        "type": "rich_text_list",
                        "elements": [
                            {
                                "type": "rich_text_section",
                                "elements": [
                                    {
                                        "type": "text",
                                        "text": "variable 配置問題"
                                    }
                                ]
                            }
                        ],
                        "style": "bullet",
                        "indent": 0
                    },
                    {
                        "type": "rich_text_list",
                        "elements": [
                            {
                                "type": "rich_text_section",
                                "elements": [
                                    {
                                        "type": "text",
                                        "text": "全ディレクトリでモジュールのプラクティスに従う"
                                    }
                                ]
                            },
                            {
                                "type": "rich_text_section",
                                "elements": [
                                    {
                                        "type": "text",
                                        "text": "README.md , main.tf , variable.tf , outputs.tf（は面倒だからやってないな。。。）"
                                    }
                                ]
                            },
                            {
                                "type": "rich_text_section",
                                "elements": [
                                    {
                                        "type": "text",
                                        "text": "個人的には aws_alb.tf aws_asg.tf など、ある程度の粒度でファイルを分割している"
                                    }
                                ]
                            },
                            {
                                "type": "rich_text_section",
                                "elements": [
                                    {
                                        "type": "text",
                                        "text": "main.tf の中はそのモジュールのメインのリソースか、locals"
                                    }
                                ]
                            }
                        ],
                        "style": "bullet",
                        "indent": 1
                    }
                ]
            }
        ],
        "thread_ts": "1621129877.004500",
        "reply_count": 7,
        "reply_users_count": 3,
        "latest_reply": "1621223205.007600",
        "reply_users": [
            "UFT60TQCQ",
            "UFU0BKD8F",
            "UG46Z57TN"
        ],
        "replies": [
            {
                "user": "UFT60TQCQ",
                "ts": "1621130024.004600"
            },
            {
                "user": "UFU0BKD8F",
                "ts": "1621130074.004800"
            },
            {
                "user": "UFT60TQCQ",
                "ts": "1621130142.005000"
            },
            {
                "user": "UFU0BKD8F",
                "ts": "1621130203.005200"
            },
            {
                "user": "UFU0BKD8F",
                "ts": "1621130224.005400"
            },
            {
                "user": "UFT60TQCQ",
                "ts": "1621130241.005600"
            },
            {
                "user": "UG46Z57TN",
                "ts": "1621223205.007600"
            }
        ],
        "is_locked": false,
        "subscribed": true,
        "last_read": "1621223205.007600",
        "reactions": [
            {
                "name": "eyes",
                "users": [
                    "UGFSM002K",
                    "U01DX2J904V",
                    "UL49H207R",
                    "UTMCUCTCP"
                ],
                "count": 4
            }
        ]
    },
    {
        "client_msg_id": "a64d5762-a8ba-4bd8-b192-1aeea24d4d7a",
        "type": "message",
        "text": "だいたい賛成なのですが、`FA` がわかりませんでした・・・",
        "user": "UFT60TQCQ",
        "ts": "1621130024.004600",
        "team": "TFU0BKCQP",
        "user_team": "TFU0BKCQP",
        "source_team": "TFU0BKCQP",
        "user_profile": {
            "avatar_hash": "f10ceef4e6f6",
            "image_72": "https:\/\/avatars.slack-edge.com\/2019-01-31\/539093872183_f10ceef4e6f603f1f094_72.jpg",
            "first_name": "sogaoh",
            "real_name": "sogaoh",
            "display_name": "",
            "team": "TFU0BKCQP",
            "name": "sogaoh",
            "is_restricted": false,
            "is_ultra_restricted": false
        },
        "blocks": [
            {
                "type": "rich_text",
                "block_id": "XMZ",
                "elements": [
                    {
                        "type": "rich_text_section",
                        "elements": [
                            {
                                "type": "text",
                                "text": "だいたい賛成なのですが、"
                            },
                            {
                                "type": "text",
                                "text": "FA",
                                "style": {
                                    "code": true
                                }
                            },
                            {
                                "type": "text",
                                "text": " がわかりませんでした・・・"
                            }
                        ]
                    }
                ]
            }
        ],
        "thread_ts": "1621129877.004500",
        "parent_user_id": "UFU0BKD8F"
    },
    {
        "client_msg_id": "3b2453c5-b95a-4bf5-b68f-11a71844e982",
        "type": "message",
        "text": "ふぁ、ふぁいなるあんさー。。。？",
        "user": "UFU0BKD8F",
        "ts": "1621130074.004800",
        "team": "TFU0BKCQP",
        "user_team": "TFU0BKCQP",
        "source_team": "TFU0BKCQP",
        "user_profile": {
            "avatar_hash": "92c41c62c7b0",
            "image_72": "https:\/\/avatars.slack-edge.com\/2019-01-30\/537137791812_92c41c62c7b0f054d3dd_72.jpg",
            "first_name": "らき",
            "real_name": "らき",
            "display_name": "raki",
            "team": "TFU0BKCQP",
            "name": "nishimuray",
            "is_restricted": false,
            "is_ultra_restricted": false
        },
        "blocks": [
            {
                "type": "rich_text",
                "block_id": "YrO",
                "elements": [
                    {
                        "type": "rich_text_section",
                        "elements": [
                            {
                                "type": "text",
                                "text": "ふぁ、ふぁいなるあんさー。。。？"
                            }
                        ]
                    }
                ]
            }
        ],
        "thread_ts": "1621129877.004500",
        "parent_user_id": "UFU0BKD8F",
        "reactions": [
            {
                "name": "wakaru",
                "users": [
                    "ULS55L16V",
                    "UGFSM002K",
                    "UGYC5C4MQ",
                    "UL49H207R"
                ],
                "count": 4
            }
        ]
    },
    {
        "client_msg_id": "25a08c3d-8855-4ee7-82c3-56417adbbd51",
        "type": "message",
        "text": "自動化？",
        "user": "UFT60TQCQ",
        "ts": "1621130142.005000",
        "team": "TFU0BKCQP",
        "user_team": "TFU0BKCQP",
        "source_team": "TFU0BKCQP",
        "user_profile": {
            "avatar_hash": "f10ceef4e6f6",
            "image_72": "https:\/\/avatars.slack-edge.com\/2019-01-31\/539093872183_f10ceef4e6f603f1f094_72.jpg",
            "first_name": "sogaoh",
            "real_name": "sogaoh",
            "display_name": "",
            "team": "TFU0BKCQP",
            "name": "sogaoh",
            "is_restricted": false,
            "is_ultra_restricted": false
        },
        "blocks": [
            {
                "type": "rich_text",
                "block_id": "f4F",
                "elements": [
                    {
                        "type": "rich_text_section",
                        "elements": [
                            {
                                "type": "text",
                                "text": "自動化？"
                            }
                        ]
                    }
                ]
            }
        ],
        "thread_ts": "1621129877.004500",
        "parent_user_id": "UFU0BKD8F"
    },
    {
        "client_msg_id": "56aec12b-d4b0-4076-a6b9-a3fa873255ca",
        "type": "message",
        "text": "ううん、ごめん、FAって、ファイナルアンサーの略で、これで決まり、くらいの意味。。。",
        "user": "UFU0BKD8F",
        "ts": "1621130203.005200",
        "team": "TFU0BKCQP",
        "user_team": "TFU0BKCQP",
        "source_team": "TFU0BKCQP",
        "user_profile": {
            "avatar_hash": "92c41c62c7b0",
            "image_72": "https:\/\/avatars.slack-edge.com\/2019-01-30\/537137791812_92c41c62c7b0f054d3dd_72.jpg",
            "first_name": "らき",
            "real_name": "らき",
            "display_name": "raki",
            "team": "TFU0BKCQP",
            "name": "nishimuray",
            "is_restricted": false,
            "is_ultra_restricted": false
        },
        "blocks": [
            {
                "type": "rich_text",
                "block_id": "bCVG",
                "elements": [
                    {
                        "type": "rich_text_section",
                        "elements": [
                            {
                                "type": "text",
                                "text": "ううん、ごめん、FAって、ファイナルアンサーの略で、これで決まり、くらいの意味。。。"
                            }
                        ]
                    }
                ]
            }
        ],
        "thread_ts": "1621129877.004500",
        "parent_user_id": "UFU0BKD8F"
    },
    {
        "client_msg_id": "e49cfee2-abc6-4909-a5a7-0e2a1d785750",
        "type": "message",
        "text": "つ、つかわない、、、？ｗ",
        "user": "UFU0BKD8F",
        "ts": "1621130224.005400",
        "team": "TFU0BKCQP",
        "user_team": "TFU0BKCQP",
        "source_team": "TFU0BKCQP",
        "user_profile": {
            "avatar_hash": "92c41c62c7b0",
            "image_72": "https:\/\/avatars.slack-edge.com\/2019-01-30\/537137791812_92c41c62c7b0f054d3dd_72.jpg",
            "first_name": "らき",
            "real_name": "らき",
            "display_name": "raki",
            "team": "TFU0BKCQP",
            "name": "nishimuray",
            "is_restricted": false,
            "is_ultra_restricted": false
        },
        "blocks": [
            {
                "type": "rich_text",
                "block_id": "RQrmw",
                "elements": [
                    {
                        "type": "rich_text_section",
                        "elements": [
                            {
                                "type": "text",
                                "text": "つ、つかわない、、、？ｗ"
                            }
                        ]
                    }
                ]
            }
        ],
        "thread_ts": "1621129877.004500",
        "parent_user_id": "UFU0BKD8F"
    },
    {
        "client_msg_id": "bd5465f2-0888-4b76-ac62-bea6e449bb3f",
        "type": "message",
        "text": "了解ですー :bow:\n（自分は使わないです・・・）",
        "user": "UFT60TQCQ",
        "ts": "1621130241.005600",
        "team": "TFU0BKCQP",
        "user_team": "TFU0BKCQP",
        "source_team": "TFU0BKCQP",
        "user_profile": {
            "avatar_hash": "f10ceef4e6f6",
            "image_72": "https:\/\/avatars.slack-edge.com\/2019-01-31\/539093872183_f10ceef4e6f603f1f094_72.jpg",
            "first_name": "sogaoh",
            "real_name": "sogaoh",
            "display_name": "",
            "team": "TFU0BKCQP",
            "name": "sogaoh",
            "is_restricted": false,
            "is_ultra_restricted": false
        },
        "blocks": [
            {
                "type": "rich_text",
                "block_id": "GWL0",
                "elements": [
                    {
                        "type": "rich_text_section",
                        "elements": [
                            {
                                "type": "text",
                                "text": "了解ですー "
                            },
                            {
                                "type": "emoji",
                                "name": "bow"
                            },
                            {
                                "type": "text",
                                "text": "\n（自分は使わないです・・・）"
                            }
                        ]
                    }
                ]
            }
        ],
        "thread_ts": "1621129877.004500",
        "parent_user_id": "UFU0BKD8F",
        "reactions": [
            {
                "name": "sob",
                "users": [
                    "UFU0BKD8F",
                    "UGYC5C4MQ"
                ],
                "count": 2
            }
        ]
    },
    {
        "client_msg_id": "84a3cbc8-814c-46d6-9327-210e32022e9d",
        "type": "message",
        "text": "あとよくある解決しておかないといけない決め事としては次のようなものがあると思う。\n特にチームで作業してる場合に。\n• terraform のバージョンアップタイミング\n• init -upgrade のタイミング（公式モジュールの更新タイミング）\n• ローカル実行\n• CI\/CDでどこまでやるか\n• 差分放置をどこまで許容するか",
        "user": "UFU0BKD8F",
        "ts": "1621132048.006600",
        "team": "TFU0BKCQP",
        "user_team": "TFU0BKCQP",
        "source_team": "TFU0BKCQP",
        "user_profile": {
            "avatar_hash": "92c41c62c7b0",
            "image_72": "https:\/\/avatars.slack-edge.com\/2019-01-30\/537137791812_92c41c62c7b0f054d3dd_72.jpg",
            "first_name": "らき",
            "real_name": "らき",
            "display_name": "raki",
            "team": "TFU0BKCQP",
            "name": "nishimuray",
            "is_restricted": false,
            "is_ultra_restricted": false
        },
        "blocks": [
            {
                "type": "rich_text",
                "block_id": "3xA9b",
                "elements": [
                    {
                        "type": "rich_text_section",
                        "elements": [
                            {
                                "type": "text",
                                "text": "あとよくある解決しておかないといけない決め事としては次のようなものがあると思う。\n特にチームで作業してる場合に。\n"
                            }
                        ]
                    },
                    {
                        "type": "rich_text_list",
                        "elements": [
                            {
                                "type": "rich_text_section",
                                "elements": [
                                    {
                                        "type": "text",
                                        "text": "terraform のバージョンアップタイミング"
                                    }
                                ]
                            },
                            {
                                "type": "rich_text_section",
                                "elements": [
                                    {
                                        "type": "text",
                                        "text": "init -upgrade のタイミング（公式モジュールの更新タイミング）"
                                    }
                                ]
                            },
                            {
                                "type": "rich_text_section",
                                "elements": [
                                    {
                                        "type": "text",
                                        "text": "ローカル実行"
                                    }
                                ]
                            },
                            {
                                "type": "rich_text_section",
                                "elements": [
                                    {
                                        "type": "text",
                                        "text": "CI\/CDでどこまでやるか"
                                    }
                                ]
                            },
                            {
                                "type": "rich_text_section",
                                "elements": [
                                    {
                                        "type": "text",
                                        "text": "差分放置をどこまで許容するか"
                                    }
                                ]
                            }
                        ],
                        "style": "bullet",
                        "indent": 0
                    }
                ]
            }
        ],
        "reactions": [
            {
                "name": "eyes",
                "users": [
                    "UFT60TQCQ",
                    "UGFSM002K",
                    "U01DX2J904V",
                    "UL49H207R"
                ],
                "count": 4
            }
        ]
    }
]