[
    {
        "client_msg_id": "51f4698a-e227-46c8-8d9a-5c2f15f50ee9",
        "type": "message",
        "text": "terraform の各 provider のドキュメントって registry のサブドメイン配下に変わったんですかね？\n<https:\/\/registry.terraform.io\/providers\/hashicorp\/aws\/latest\/docs>",
        "user": "UGFSM002K",
        "ts": "1595810974.126500",
        "team": "TFU0BKCQP",
        "user_team": "TFU0BKCQP",
        "source_team": "TFU0BKCQP",
        "user_profile": {
            "avatar_hash": "g41659063723",
            "image_72": "https:\/\/secure.gravatar.com\/avatar\/941659063723b64d22b3868c054123ce.jpg?s=72&d=https%3A%2F%2Fa.slack-edge.com%2Fdf10d%2Fimg%2Favatars%2Fava_0006-72.png",
            "first_name": "t2ynkmr",
            "real_name": "t2ynkmr",
            "display_name": "",
            "team": "TFU0BKCQP",
            "name": "tetsuyanakamura76",
            "is_restricted": false,
            "is_ultra_restricted": false
        },
        "blocks": [
            {
                "type": "rich_text",
                "block_id": "0J=",
                "elements": [
                    {
                        "type": "rich_text_section",
                        "elements": [
                            {
                                "type": "text",
                                "text": "terraform の各 provider のドキュメントって registry のサブドメイン配下に変わったんですかね？\n"
                            },
                            {
                                "type": "link",
                                "url": "https:\/\/registry.terraform.io\/providers\/hashicorp\/aws\/latest\/docs"
                            }
                        ]
                    }
                ]
            }
        ]
    },
    {
        "client_msg_id": "db104325-335f-43ab-8574-a8de4c94ec7d",
        "type": "message",
        "text": "document みたいのに registry が表示されてウロウロしてしまった",
        "user": "UGFSM002K",
        "ts": "1595811053.127500",
        "team": "TFU0BKCQP",
        "user_team": "TFU0BKCQP",
        "source_team": "TFU0BKCQP",
        "user_profile": {
            "avatar_hash": "g41659063723",
            "image_72": "https:\/\/secure.gravatar.com\/avatar\/941659063723b64d22b3868c054123ce.jpg?s=72&d=https%3A%2F%2Fa.slack-edge.com%2Fdf10d%2Fimg%2Favatars%2Fava_0006-72.png",
            "first_name": "t2ynkmr",
            "real_name": "t2ynkmr",
            "display_name": "",
            "team": "TFU0BKCQP",
            "name": "tetsuyanakamura76",
            "is_restricted": false,
            "is_ultra_restricted": false
        },
        "blocks": [
            {
                "type": "rich_text",
                "block_id": "4oUM",
                "elements": [
                    {
                        "type": "rich_text_section",
                        "elements": [
                            {
                                "type": "text",
                                "text": "document みたいのに registry が表示されてウロウロしてしまった"
                            }
                        ]
                    }
                ]
            }
        ],
        "reactions": [
            {
                "name": "eyes",
                "users": [
                    "UFT60TQCQ"
                ],
                "count": 1
            }
        ]
    },
    {
        "client_msg_id": "d8cd9c2e-43da-4940-b81e-eb444ca0b734",
        "type": "message",
        "text": "わー、ほんとだー。中身は同じっぽいけどバージョン毎にドキュメント確認できるようになった？",
        "user": "UFU0BKD8F",
        "ts": "1595811105.128200",
        "team": "TFU0BKCQP",
        "user_team": "TFU0BKCQP",
        "source_team": "TFU0BKCQP",
        "user_profile": {
            "avatar_hash": "92c41c62c7b0",
            "image_72": "https:\/\/avatars.slack-edge.com\/2019-01-30\/537137791812_92c41c62c7b0f054d3dd_72.jpg",
            "first_name": "らき",
            "real_name": "らき",
            "display_name": "raki",
            "team": "TFU0BKCQP",
            "name": "nishimuray",
            "is_restricted": false,
            "is_ultra_restricted": false
        },
        "blocks": [
            {
                "type": "rich_text",
                "block_id": "QiIU",
                "elements": [
                    {
                        "type": "rich_text_section",
                        "elements": [
                            {
                                "type": "text",
                                "text": "わー、ほんとだー。中身は同じっぽいけどバージョン毎にドキュメント確認できるようになった？"
                            }
                        ]
                    }
                ]
            }
        ]
    },
    {
        "client_msg_id": "efcd5b48-f33e-4a3d-9ea3-6517f82ef822",
        "type": "message",
        "text": "ですね。選べるようになった",
        "user": "UGFSM002K",
        "ts": "1595811306.129800",
        "team": "TFU0BKCQP",
        "user_team": "TFU0BKCQP",
        "source_team": "TFU0BKCQP",
        "user_profile": {
            "avatar_hash": "g41659063723",
            "image_72": "https:\/\/secure.gravatar.com\/avatar\/941659063723b64d22b3868c054123ce.jpg?s=72&d=https%3A%2F%2Fa.slack-edge.com%2Fdf10d%2Fimg%2Favatars%2Fava_0006-72.png",
            "first_name": "t2ynkmr",
            "real_name": "t2ynkmr",
            "display_name": "",
            "team": "TFU0BKCQP",
            "name": "tetsuyanakamura76",
            "is_restricted": false,
            "is_ultra_restricted": false
        },
        "blocks": [
            {
                "type": "rich_text",
                "block_id": "k2sDp",
                "elements": [
                    {
                        "type": "rich_text_section",
                        "elements": [
                            {
                                "type": "text",
                                "text": "ですね。選べるようになった"
                            }
                        ]
                    }
                ]
            }
        ]
    },
    {
        "type": "message",
        "text": "",
        "files": [
            {
                "id": "F017RS2LUHZ",
                "created": 1595811313,
                "timestamp": 1595811313,
                "name": "スクリーンショット 2020-07-27 9.54.33.png",
                "title": "スクリーンショット 2020-07-27 9.54.33.png",
                "mimetype": "image\/png",
                "filetype": "png",
                "pretty_type": "PNG",
                "user": "UGFSM002K",
                "editable": false,
                "size": 453410,
                "mode": "hosted",
                "is_external": false,
                "external_type": "",
                "is_public": true,
                "public_url_shared": false,
                "display_as_bot": false,
                "username": "",
                "url_private": "https:\/\/files.slack.com\/files-pri\/TFU0BKCQP-F017RS2LUHZ\/____________________________2020-07-27_9.54.33.png?t=xoxe-538011658839-1283401679379-1281823710181-071cf3362ba572b7c6325b7b0147f221",
                "url_private_download": "https:\/\/files.slack.com\/files-pri\/TFU0BKCQP-F017RS2LUHZ\/download\/____________________________2020-07-27_9.54.33.png?t=xoxe-538011658839-1283401679379-1281823710181-071cf3362ba572b7c6325b7b0147f221",
                "thumb_64": "https:\/\/files.slack.com\/files-tmb\/TFU0BKCQP-F017RS2LUHZ-8af8b5e072\/____________________________2020-07-27_9.54.33_64.png?t=xoxe-538011658839-1283401679379-1281823710181-071cf3362ba572b7c6325b7b0147f221",
                "thumb_80": "https:\/\/files.slack.com\/files-tmb\/TFU0BKCQP-F017RS2LUHZ-8af8b5e072\/____________________________2020-07-27_9.54.33_80.png?t=xoxe-538011658839-1283401679379-1281823710181-071cf3362ba572b7c6325b7b0147f221",
                "thumb_360": "https:\/\/files.slack.com\/files-tmb\/TFU0BKCQP-F017RS2LUHZ-8af8b5e072\/____________________________2020-07-27_9.54.33_360.png?t=xoxe-538011658839-1283401679379-1281823710181-071cf3362ba572b7c6325b7b0147f221",
                "thumb_360_w": 360,
                "thumb_360_h": 181,
                "thumb_480": "https:\/\/files.slack.com\/files-tmb\/TFU0BKCQP-F017RS2LUHZ-8af8b5e072\/____________________________2020-07-27_9.54.33_480.png?t=xoxe-538011658839-1283401679379-1281823710181-071cf3362ba572b7c6325b7b0147f221",
                "thumb_480_w": 480,
                "thumb_480_h": 241,
                "thumb_160": "https:\/\/files.slack.com\/files-tmb\/TFU0BKCQP-F017RS2LUHZ-8af8b5e072\/____________________________2020-07-27_9.54.33_160.png?t=xoxe-538011658839-1283401679379-1281823710181-071cf3362ba572b7c6325b7b0147f221",
                "thumb_720": "https:\/\/files.slack.com\/files-tmb\/TFU0BKCQP-F017RS2LUHZ-8af8b5e072\/____________________________2020-07-27_9.54.33_720.png?t=xoxe-538011658839-1283401679379-1281823710181-071cf3362ba572b7c6325b7b0147f221",
                "thumb_720_w": 720,
                "thumb_720_h": 362,
                "thumb_800": "https:\/\/files.slack.com\/files-tmb\/TFU0BKCQP-F017RS2LUHZ-8af8b5e072\/____________________________2020-07-27_9.54.33_800.png?t=xoxe-538011658839-1283401679379-1281823710181-071cf3362ba572b7c6325b7b0147f221",
                "thumb_800_w": 800,
                "thumb_800_h": 402,
                "thumb_960": "https:\/\/files.slack.com\/files-tmb\/TFU0BKCQP-F017RS2LUHZ-8af8b5e072\/____________________________2020-07-27_9.54.33_960.png?t=xoxe-538011658839-1283401679379-1281823710181-071cf3362ba572b7c6325b7b0147f221",
                "thumb_960_w": 960,
                "thumb_960_h": 483,
                "thumb_1024": "https:\/\/files.slack.com\/files-tmb\/TFU0BKCQP-F017RS2LUHZ-8af8b5e072\/____________________________2020-07-27_9.54.33_1024.png?t=xoxe-538011658839-1283401679379-1281823710181-071cf3362ba572b7c6325b7b0147f221",
                "thumb_1024_w": 1024,
                "thumb_1024_h": 515,
                "original_w": 2816,
                "original_h": 1416,
                "thumb_tiny": "AwAYADDSxQenajPJoPSgADeuKMj1oFH40ABPoabty2dz\/TNOPSkXv1696AF7mg9KUdTRQA0fSlpaKAEIyMUAYpaKAP\/Z",
                "permalink": "https:\/\/terraform-jp.slack.com\/files\/UGFSM002K\/F017RS2LUHZ\/____________________________2020-07-27_9.54.33.png",
                "permalink_public": "https:\/\/slack-files.com\/TFU0BKCQP-F017RS2LUHZ-ce7835079b",
                "is_starred": false,
                "has_rich_preview": false
            }
        ],
        "upload": false,
        "user": "UGFSM002K",
        "display_as_bot": false,
        "ts": "1595811314.129900"
    },
    {
        "client_msg_id": "0eaba50e-f5ec-4951-bd9f-4bde52c9b649",
        "type": "message",
        "text": "`Use Providers` から 13 を感じる…",
        "user": "UGFSM002K",
        "ts": "1595811329.130500",
        "team": "TFU0BKCQP",
        "user_team": "TFU0BKCQP",
        "source_team": "TFU0BKCQP",
        "user_profile": {
            "avatar_hash": "g41659063723",
            "image_72": "https:\/\/secure.gravatar.com\/avatar\/941659063723b64d22b3868c054123ce.jpg?s=72&d=https%3A%2F%2Fa.slack-edge.com%2Fdf10d%2Fimg%2Favatars%2Fava_0006-72.png",
            "first_name": "t2ynkmr",
            "real_name": "t2ynkmr",
            "display_name": "",
            "team": "TFU0BKCQP",
            "name": "tetsuyanakamura76",
            "is_restricted": false,
            "is_ultra_restricted": false
        },
        "edited": {
            "user": "UGFSM002K",
            "ts": "1595811371.000000"
        },
        "blocks": [
            {
                "type": "rich_text",
                "block_id": "awa",
                "elements": [
                    {
                        "type": "rich_text_section",
                        "elements": [
                            {
                                "type": "text",
                                "text": "Use Providers",
                                "style": {
                                    "code": true
                                }
                            },
                            {
                                "type": "text",
                                "text": " から 13 を感じる…"
                            }
                        ]
                    }
                ]
            }
        ]
    },
    {
        "client_msg_id": "8E1A103E-D803-4B61-A147-B80CB648FCFF",
        "type": "message",
        "text": "こういう整理へのチャレンジいいすね",
        "user": "UFU0BKD8F",
        "ts": "1595812091.131300",
        "team": "TFU0BKCQP",
        "user_team": "TFU0BKCQP",
        "source_team": "TFU0BKCQP",
        "user_profile": {
            "avatar_hash": "92c41c62c7b0",
            "image_72": "https:\/\/avatars.slack-edge.com\/2019-01-30\/537137791812_92c41c62c7b0f054d3dd_72.jpg",
            "first_name": "らき",
            "real_name": "らき",
            "display_name": "raki",
            "team": "TFU0BKCQP",
            "name": "nishimuray",
            "is_restricted": false,
            "is_ultra_restricted": false
        },
        "blocks": [
            {
                "type": "rich_text",
                "block_id": "jd0Q",
                "elements": [
                    {
                        "type": "rich_text_section",
                        "elements": [
                            {
                                "type": "text",
                                "text": "こういう整理へのチャレンジいいすね"
                            }
                        ]
                    }
                ]
            }
        ]
    }
]