[
    {
        "client_msg_id": "317c8eac-91a6-4759-b560-b008f5baf461",
        "type": "message",
        "text": "variable の type を明示するようになる前に書かれたモジュールを使ってたとこを転用してると\n高確率で create の型がちげえって怒られる事案について（前は1をtrueと同等に扱ってたけど今はboolになってbool requiredって言われる）",
        "user": "UFU0BKD8F",
        "ts": "1595395524.123100",
        "team": "TFU0BKCQP",
        "user_team": "TFU0BKCQP",
        "source_team": "TFU0BKCQP",
        "user_profile": {
            "avatar_hash": "92c41c62c7b0",
            "image_72": "https:\/\/avatars.slack-edge.com\/2019-01-30\/537137791812_92c41c62c7b0f054d3dd_72.jpg",
            "first_name": "らき",
            "real_name": "らき",
            "display_name": "raki",
            "team": "TFU0BKCQP",
            "name": "nishimuray",
            "is_restricted": false,
            "is_ultra_restricted": false
        },
        "blocks": [
            {
                "type": "rich_text",
                "block_id": "LpXO",
                "elements": [
                    {
                        "type": "rich_text_section",
                        "elements": [
                            {
                                "type": "text",
                                "text": "variable の type を明示するようになる前に書かれたモジュールを使ってたとこを転用してると\n高確率で create の型がちげえって怒られる事案について（前は1をtrueと同等に扱ってたけど今はboolになってbool requiredって言われる）"
                            }
                        ]
                    }
                ]
            }
        ]
    }
]