[
{"user_id":0,"user_name":"slack","date":"1618536826","change_type":"removed","app_type":"GitHub (Legacy)","app_id":"A8GBNUWU8"},
{"user_id":"U01DUGWJZD2","user_name":"tezuka","date":"1618536825","change_type":"added","app_type":"GitHub","app_id":"A01BP7R4KNY"},
{"user_id":"U01RTKP60JW","user_name":"ishikawa.toru","date":"1616560605","change_type":"added","service_id":1885616097910,"service_type":"Incoming WebHooks","scope":"incoming-webhook","channel":"private"},
{"user_id":"UFU0BKD8F","user_name":"nishimuray","date":"1602824907","change_type":"added","app_type":"NewReleases","app_id":"ABLGBJZ19"},
{"user_id":"UTK1B5BB2","user_name":"k.bigwheel","date":"1600453210","change_type":"added","app_type":"Simple Poll","app_id":"A0HFW7MR6"},
{"user_id":"UFT60TQCQ","user_name":"sogaoh","date":"1599277850","change_type":"updated","service_id":1342214069029,"service_type":"Twitter","scope":"incoming-webhook","channel":"CG1Q97RT7"},
{"user_id":"UFT60TQCQ","user_name":"sogaoh","date":"1599277764","change_type":"added","service_id":1342214069029,"service_type":"Twitter","scope":"incoming-webhook"},
{"user_id":"U0194UGFUU8","user_name":"varlogbtmp","date":"1597981614","change_type":"added","app_type":"Sentry","app_id":"A011MFBJEUU"},
{"user_id":"U0194UGFUU8","user_name":"varlogbtmp","date":"1597981613","change_type":"added","app_type":"Sentry","app_id":"A011MFBJEUU","scope":"identify,links:read"},
{"user_id":"UTUCWU7JS","user_name":"cogitoergosum1679","date":"1581305866","change_type":"added","app_type":"Google Drive","app_id":"A6NL8MJ6Q","scope":"identify,bot,channels:read,files:read,team:read,users:read,users:read.email,chat:write:bot,links:read"},
{"user_id":"UTUCWU7JS","user_name":"cogitoergosum1679","date":"1581305859","change_type":"added","service_id":932763810771,"service_type":"Google Drive","scope":"files:write:user"},
{"user_id":"UN88QSGEB","user_name":"mick.nishiyama","date":"1568693244","change_type":"added","app_type":"Miro","app_id":"A8VK125AS","scope":"identity.basic,identity.email,identity.avatar"},
{"user_id":"UFUP9BGES","user_name":"brettspielwelt","date":"1563942703","change_type":"resource_grant_created","service_id":579092827378,"service_type":"App","scope":null,"channel":"private","app_type":"GitHub (Legacy)","app_id":"A8GBNUWU8"},
{"user_id":"UH0PSGUJ3","user_name":"akihito.kimura.15","date":"1553737327","change_type":"added","app_type":"Simple Poll","app_id":"A0HFW7MR6","scope":"identity.basic,identity.email"},
{"user_id":"UH0PSGUJ3","user_name":"akihito.kimura.15","date":"1552961488","change_type":"added","app_type":"Trello","app_id":"A074YH40Z","scope":"identify,bot,commands,channels:history,groups:history,im:history,mpim:history,channels:read,emoji:read,groups:read,mpim:read,reminders:read,search:read,stars:read,team:read,users:read,users:read.email,chat:write:user,chat:write:bot,im:write,reminders:write"},
{"user_id":"UFU0BKD8F","user_name":"nishimuray","date":"1552744763","change_type":"expanded","service_id":579092827378,"service_type":"App","scope":null,"app_type":"GitHub (Legacy)","app_id":"A8GBNUWU8"},
{"user_id":"UFU0BKD8F","user_name":"nishimuray","date":"1552744763","change_type":"resource_grant_created","service_id":579092827378,"service_type":"App","scope":null,"channel":"private","app_type":"GitHub (Legacy)","app_id":"A8GBNUWU8"},
{"user_id":"UFU0BKD8F","user_name":"nishimuray","date":"1552744763","change_type":"resource_grant_created","service_id":579092827378,"service_type":"App","scope":null,"app_type":"GitHub (Legacy)","app_id":"A8GBNUWU8"},
{"user_id":"UFU0BKD8F","user_name":"nishimuray","date":"1552744763","change_type":"resource_grant_created","service_id":579092827378,"service_type":"App","scope":null,"channel":"CG2UA0AA2","app_type":"GitHub (Legacy)","app_id":"A8GBNUWU8"},
{"user_id":"UFU0BKD8F","user_name":"nishimuray","date":"1552744763","change_type":"expanded","service_id":579092827378,"service_type":"App","scope":null,"app_type":"GitHub (Legacy)","app_id":"A8GBNUWU8"},
{"user_id":"UFU0BKD8F","user_name":"nishimuray","date":"1552744762","change_type":"added","app_type":"GitHub (Legacy)","app_id":"A8GBNUWU8"},
{"user_id":"UFU0BKD8F","user_name":"nishimuray","date":"1552520188","change_type":"added","app_type":"Trello","app_id":"A074YH40Z","scope":"identify,bot,commands,channels:history,groups:history,im:history,mpim:history,channels:read,emoji:read,groups:read,mpim:read,reminders:read,search:read,stars:read,team:read,users:read,users:read.email,chat:write:user,chat:write:bot,im:write,reminders:write"},
{"user_id":"UFU0BKD8F","user_name":"nishimuray","date":"1549947584","change_type":"updated","rss_feed":true,"rss_feed_change_type":"added","rss_feed_title":"Terraform\u30bf\u30b0\u304c\u4ed8\u3051\u3089\u308c\u305f\u65b0\u7740\u8a18\u4e8b - Qiita","rss_feed_url":"https:\/\/qiita.com\/tags\/terraform\/feed","service_id":547755696241,"service_type":"RSS","scope":"commands,incoming-webhook","channel":"CG45XC0SY"},
{"user_id":"UFU0BKD8F","user_name":"nishimuray","date":"1549943766","change_type":"updated","rss_feed":true,"rss_feed_change_type":"removed","rss_feed_title":"Terraform - Feedforce Developer Blog","rss_feed_url":"https:\/\/developer.feedforce.jp\/feed\/category\/Terraform","service_id":547755696241,"service_type":"RSS","scope":"commands,incoming-webhook","channel":"CG45XC0SY"},
{"user_id":"UFU0BKD8F","user_name":"nishimuray","date":"1549943752","change_type":"updated","rss_feed":true,"rss_feed_change_type":"removed","rss_feed_title":"terraform  \u30bf\u30b0\u304c\u4ed8\u3051\u3089\u308c\u305f\u8a18\u4e8b\u4e00\u89a7\u3092\u8868\u793a\u3057\u3066\u3044\u307e\u3059\u3002  | \u30b9\u30de\u30fc\u30c8\u30b9\u30bf\u30a4\u30eb TECH BLOG","rss_feed_url":"https:\/\/www.s-style.co.jp\/blog\/tag\/terraform\/feed\/","service_id":547755696241,"service_type":"RSS","scope":"commands,incoming-webhook","channel":"CG45XC0SY"},
{"user_id":"UFU0BKD8F","user_name":"nishimuray","date":"1549943739","change_type":"updated","rss_feed":true,"rss_feed_change_type":"removed","rss_feed_title":"terraform \u2013 Schibsted Tech Polska","rss_feed_url":"https:\/\/www.schibsted.pl\/tag\/terraform\/feed\/","service_id":547755696241,"service_type":"RSS","scope":"commands,incoming-webhook","channel":"CG45XC0SY"},
{"user_id":"UFU0BKD8F","user_name":"nishimuray","date":"1549943734","change_type":"updated","rss_feed":true,"rss_feed_change_type":"removed","rss_feed_title":"OSS-Terraform - Cloudii blog","rss_feed_url":"https:\/\/cloudii.atomitech.jp\/rss\/category\/OSS-Terraform","service_id":547755696241,"service_type":"RSS","scope":"commands,incoming-webhook","channel":"CG45XC0SY"},
{"user_id":"UFU0BKD8F","user_name":"nishimuray","date":"1549943548","change_type":"updated","rss_feed":true,"rss_feed_change_type":"added","rss_feed_title":"Google \u30a2\u30e9\u30fc\u30c8 - terraform","rss_feed_url":"https:\/\/www.google.co.jp\/alerts\/feeds\/01885670614731521165\/13731927345034164831","service_id":547755696241,"service_type":"RSS","scope":"commands,incoming-webhook","channel":"CG45XC0SY"},
{"user_id":"UFU0BKD8F","user_name":"nishimuray","date":"1549943344","change_type":"updated","rss_feed":true,"rss_feed_change_type":"added","rss_feed_title":"OSS-Terraform - Cloudii blog","rss_feed_url":"https:\/\/cloudii.atomitech.jp\/rss\/category\/OSS-Terraform","service_id":547755696241,"service_type":"RSS","scope":"commands,incoming-webhook","channel":"CG45XC0SY"},
{"user_id":"UFU0BKD8F","user_name":"nishimuray","date":"1549943187","change_type":"updated","rss_feed":true,"rss_feed_change_type":"added","rss_feed_title":"terraform  \u30bf\u30b0\u304c\u4ed8\u3051\u3089\u308c\u305f\u8a18\u4e8b\u4e00\u89a7\u3092\u8868\u793a\u3057\u3066\u3044\u307e\u3059\u3002  | \u30b9\u30de\u30fc\u30c8\u30b9\u30bf\u30a4\u30eb TECH BLOG","rss_feed_url":"https:\/\/www.s-style.co.jp\/blog\/tag\/terraform\/feed\/","service_id":547755696241,"service_type":"RSS","scope":"commands,incoming-webhook","channel":"CG45XC0SY"},
{"user_id":"UFU0BKD8F","user_name":"nishimuray","date":"1549943132","change_type":"updated","rss_feed":true,"rss_feed_change_type":"added","rss_feed_title":"Terraform - Feedforce Developer Blog","rss_feed_url":"https:\/\/developer.feedforce.jp\/feed\/category\/Terraform","service_id":547755696241,"service_type":"RSS","scope":"commands,incoming-webhook","channel":"CG45XC0SY"},
{"user_id":"UFU0BKD8F","user_name":"nishimuray","date":"1549942701","change_type":"updated","rss_feed":true,"rss_feed_change_type":"added","rss_feed_title":"terraform \u2013 Schibsted Tech Polska","rss_feed_url":"https:\/\/www.schibsted.pl\/tag\/terraform\/feed\/","service_id":547755696241,"service_type":"RSS","scope":"commands,incoming-webhook","channel":"CG45XC0SY"},
{"user_id":"UFU0BKD8F","user_name":"nishimuray","date":"1549942599","change_type":"updated","rss_feed":true,"rss_feed_change_type":"added","rss_feed_title":"Terraform \u2013 DevelopersIO","rss_feed_url":"https:\/\/dev.classmethod.jp\/referencecat\/configuration-management-tool-terraform\/feed\/","service_id":547755696241,"service_type":"RSS","scope":"commands,incoming-webhook","channel":"CG45XC0SY"},
{"user_id":"UFU0BKD8F","user_name":"nishimuray","date":"1549942460","change_type":"updated","rss_feed":true,"rss_feed_change_type":"added","rss_feed_title":"Hashicorp Blog","rss_feed_url":"http:\/\/www.hashicorp.com\/feed.xml","service_id":547755696241,"service_type":"RSS","scope":"commands,incoming-webhook","channel":"CG45XC0SY"},
{"user_id":"UFU0BKD8F","user_name":"nishimuray","date":"1549942336","change_type":"updated","rss_feed":true,"rss_feed_change_type":"added","rss_feed_title":"Terraform ALL the Worlds!","rss_feed_url":"https:\/\/www.reddit.com\/r\/Terraform\/.rss","service_id":547755696241,"service_type":"RSS","scope":"commands,incoming-webhook","channel":"CG45XC0SY"},
{"user_id":"UFU0BKD8F","user_name":"nishimuray","date":"1549942297","change_type":"added","service_id":547755696241,"service_type":"RSS","scope":"commands,incoming-webhook"},
{"user_id":"UFU0BKD8F","user_name":"nishimuray","date":"1549602963","change_type":"added","app_type":"IFTTT","app_id":"A028LGAFF","scope":"identify,ifttt"},
{"user_id":"UFU0BKD8F","user_name":"nishimuray","date":"1549591585","change_type":"added","app_type":"NewReleases","app_id":"ABLGBJZ19","scope":"identify,incoming-webhook"},
{"user_id":"UFU0BKD8F","user_name":"nishimuray","date":"1548998195","change_type":"added","app_type":"Simple Poll","app_id":"A0HFW7MR6","scope":"identify,commands,chat:write:bot,reactions:write"}
]