[
    {
        "client_msg_id": "5cd03fcf-fc57-4185-b17e-3fe7cee5acaa",
        "type": "message",
        "text": "これちょっと確認する\n<https:\/\/twitter.com\/sogaoh\/status\/1356868056694226945>",
        "user": "UG46Z57TN",
        "ts": "1612460166.002300",
        "team": "TFU0BKCQP",
        "user_team": "TFU0BKCQP",
        "source_team": "TFU0BKCQP",
        "user_profile": {
            "avatar_hash": "c6bdd4cb17db",
            "image_72": "https:\/\/avatars.slack-edge.com\/2019-07-05\/685991185957_c6bdd4cb17db956661a1_72.jpg",
            "first_name": "Takeshi",
            "real_name": "Takeshi Kondo",
            "display_name": "chaspy",
            "team": "TFU0BKCQP",
            "name": "take.she12",
            "is_restricted": false,
            "is_ultra_restricted": false
        },
        "attachments": [
            {
                "fallback": "<https:\/\/twitter.com\/sogaoh|@sogaoh>: <https:\/\/twitter.com\/chaspy_|@chaspy_> ありがとうございます！\n\n流れを見直すと、すみません話が２つになってました\n1. 存在してる engine・engine_version か\n2. instance_class で使える engine・engine_version か\n\n2.はややこしそうなので、1.があるだけでもありがたい人は多いような気がします。網羅するのが少々大変そうですが",
                "ts": 1612337528,
                "author_name": "央",
                "author_link": "https:\/\/twitter.com\/sogaoh\/status\/1356868056694226945",
                "author_icon": "https:\/\/pbs.twimg.com\/profile_images\/1245373008425828352\/pzwbnHdn_normal.jpg",
                "author_subname": "@sogaoh",
                "text": "<https:\/\/twitter.com\/chaspy_|@chaspy_> ありがとうございます！\n\n流れを見直すと、すみません話が２つになってました\n1. 存在してる engine・engine_version か\n2. instance_class で使える engine・engine_version か\n\n2.はややこしそうなので、1.があるだけでもありがたい人は多いような気がします。網羅するのが少々大変そうですが",
                "service_name": "twitter",
                "service_url": "https:\/\/twitter.com\/",
                "from_url": "https:\/\/twitter.com\/sogaoh\/status\/1356868056694226945",
                "id": 1,
                "original_url": "https:\/\/twitter.com\/sogaoh\/status\/1356868056694226945",
                "footer": "Twitter",
                "footer_icon": "https:\/\/a.slack-edge.com\/80588\/img\/services\/twitter_pixel_snapped_32.png"
            }
        ],
        "blocks": [
            {
                "type": "rich_text",
                "block_id": "1f3",
                "elements": [
                    {
                        "type": "rich_text_section",
                        "elements": [
                            {
                                "type": "text",
                                "text": "これちょっと確認する\n"
                            },
                            {
                                "type": "link",
                                "url": "https:\/\/twitter.com\/sogaoh\/status\/1356868056694226945"
                            }
                        ]
                    }
                ]
            }
        ],
        "thread_ts": "1612460166.002300",
        "reply_count": 18,
        "reply_users_count": 1,
        "latest_reply": "1612802223.007400",
        "reply_users": [
            "UG46Z57TN"
        ],
        "replies": [
            {
                "user": "UG46Z57TN",
                "ts": "1612460173.002500"
            },
            {
                "user": "UG46Z57TN",
                "ts": "1612460273.002700"
            },
            {
                "user": "UG46Z57TN",
                "ts": "1612460280.003000"
            },
            {
                "user": "UG46Z57TN",
                "ts": "1612460288.003200"
            },
            {
                "user": "UG46Z57TN",
                "ts": "1612460293.003400"
            },
            {
                "user": "UG46Z57TN",
                "ts": "1612460611.003600"
            },
            {
                "user": "UG46Z57TN",
                "ts": "1612460733.003900"
            },
            {
                "user": "UG46Z57TN",
                "ts": "1612460737.004100"
            },
            {
                "user": "UG46Z57TN",
                "ts": "1612715593.004900"
            },
            {
                "user": "UG46Z57TN",
                "ts": "1612715602.005100"
            },
            {
                "user": "UG46Z57TN",
                "ts": "1612715714.005300"
            },
            {
                "user": "UG46Z57TN",
                "ts": "1612720364.005600"
            },
            {
                "user": "UG46Z57TN",
                "ts": "1612720365.005800"
            },
            {
                "user": "UG46Z57TN",
                "ts": "1612720677.006100"
            },
            {
                "user": "UG46Z57TN",
                "ts": "1612721702.006300"
            },
            {
                "user": "UG46Z57TN",
                "ts": "1612722302.006500"
            },
            {
                "user": "UG46Z57TN",
                "ts": "1612802033.007200"
            },
            {
                "user": "UG46Z57TN",
                "ts": "1612802223.007400"
            }
        ],
        "is_locked": false,
        "subscribed": false,
        "reactions": [
            {
                "name": "pray",
                "users": [
                    "UFT60TQCQ"
                ],
                "count": 1
            }
        ]
    },
    {
        "client_msg_id": "feb6251a-e95c-4db7-ae0e-eb8530fd623c",
        "type": "message",
        "text": "なんやかんや手がついてない",
        "user": "UG46Z57TN",
        "ts": "1612460173.002500",
        "team": "TFU0BKCQP",
        "user_team": "TFU0BKCQP",
        "source_team": "TFU0BKCQP",
        "user_profile": {
            "avatar_hash": "c6bdd4cb17db",
            "image_72": "https:\/\/avatars.slack-edge.com\/2019-07-05\/685991185957_c6bdd4cb17db956661a1_72.jpg",
            "first_name": "Takeshi",
            "real_name": "Takeshi Kondo",
            "display_name": "chaspy",
            "team": "TFU0BKCQP",
            "name": "take.she12",
            "is_restricted": false,
            "is_ultra_restricted": false
        },
        "blocks": [
            {
                "type": "rich_text",
                "block_id": "aJsYz",
                "elements": [
                    {
                        "type": "rich_text_section",
                        "elements": [
                            {
                                "type": "text",
                                "text": "なんやかんや手がついてない"
                            }
                        ]
                    }
                ]
            }
        ],
        "thread_ts": "1612460166.002300",
        "parent_user_id": "UG46Z57TN"
    },
    {
        "client_msg_id": "cfac0469-7cce-4be5-af3d-54b3bf78c93a",
        "type": "message",
        "text": "これ db のインスタンスタイプに lint\n<https:\/\/github.com\/terraform-linters\/tflint-ruleset-aws\/blob\/master\/rules\/aws_db_instance_invalid_type.go>",
        "user": "UG46Z57TN",
        "ts": "1612460273.002700",
        "team": "TFU0BKCQP",
        "user_team": "TFU0BKCQP",
        "source_team": "TFU0BKCQP",
        "user_profile": {
            "avatar_hash": "c6bdd4cb17db",
            "image_72": "https:\/\/avatars.slack-edge.com\/2019-07-05\/685991185957_c6bdd4cb17db956661a1_72.jpg",
            "first_name": "Takeshi",
            "real_name": "Takeshi Kondo",
            "display_name": "chaspy",
            "team": "TFU0BKCQP",
            "name": "take.she12",
            "is_restricted": false,
            "is_ultra_restricted": false
        },
        "attachments": [
            {
                "fallback": "[terraform-linters\/tflint-ruleset-aws] rules\/aws_db_instance_invalid_type.go",
                "text": "```\npackage rules\n\nimport (\n\t\"fmt\"\n\n\thcl \"<http:\/\/github.com\/hashicorp\/hcl\/v2|github.com\/hashicorp\/hcl\/v2>\"\n\t\"<http:\/\/github.com\/terraform-linters\/tflint-plugin-sdk\/tflint|github.com\/terraform-linters\/tflint-plugin-sdk\/tflint>\"\n\t\"<http:\/\/github.com\/terraform-linters\/tflint-ruleset-aws\/project|github.com\/terraform-linters\/tflint-ruleset-aws\/project>\"\n)\n\n\/\/ AwsDBInstanceInvalidTypeRule checks whether \"aws_db_instance\" has invalid intance type.\ntype AwsDBInstanceInvalidTypeRule struct {\n\tresourceType  string\n\tattributeName string\n\tinstanceTypes map[string]bool\n}\n\n\/\/ NewAwsDBInstanceInvalidTypeRule returns new rule with default attributes\nfunc NewAwsDBInstanceInvalidTypeRule() *AwsDBInstanceInvalidTypeRule {\n\treturn &amp;AwsDBInstanceInvalidTypeRule{\n\t\tresourceType:  \"aws_db_instance\",\n\t\tattributeName: \"instance_class\",\n\t\tinstanceTypes: map[string]bool{\n\t\t\t\"db.cr1.8xlarge\":   true,\n\t\t\t\"db.cv11.18xlarge\": true,\n\t\t\t\"db.cv11.2xlarge\":  true,\n\t\t\t\"db.cv11.4xlarge\":  true,\n\t\t\t\"db.cv11.9xlarge\":  true,\n\t\t\t\"db.cv11.large\":    true,\n\t\t\t\"db.cv11.medium\":   true,\n\t\t\t\"db.cv11.small\":    true,\n\t\t\t\"db.cv11.xlarge\":   true,\n\t\t\t\"db.m1.large\":      true,\n\t\t\t\"db.m1.medium\":     true,\n\t\t\t\"db.m1.small\":      true,\n\t\t\t\"db.m1.xlarge\":     true,\n\t\t\t\"db.m2.2xlarge\":    true,\n\t\t\t\"db.m2.4xlarge\":    true,\n\t\t\t\"db.m2.xlarge\":     true,\n\t\t\t\"db.m3.2xlarge\":    true,\n\t\t\t\"db.m3.large\":      true,\n\t\t\t\"db.m3.medium\":     true,\n\t\t\t\"db.m3.xlarge\":     true,\n\t\t\t\"db.m4.10xlarge\":   true,\n\t\t\t\"db.m4.16xlarge\":   true,\n\t\t\t\"db.m4.2xlarge\":    true,\n\t\t\t\"db.m4.4xlarge\":    true,\n\t\t\t\"db.m4.large\":      true,\n\t\t\t\"db.m4.xlarge\":     true,\n\t\t\t\"db.m5.12xlarge\":   true,\n\t\t\t\"db.m5.16xlarge\":   true,\n\t\t\t\"db.m5.24xlarge\":   true,\n\t\t\t\"db.m5.2xlarge\":    true,\n\t\t\t\"db.m5.4xlarge\":    true,\n\t\t\t\"db.m5.8xlarge\":    true,\n\t\t\t\"db.m5.large\":      true,\n\t\t\t\"db.m5.xlarge\":     true,\n\t\t\t\"db.m6g.16xlarge\":  true,\n\t\t\t\"db.m6g.12xlarge\":  true,\n\t\t\t\"db.m6g.8xlarge\":   true,\n\t\t\t\"db.m6g.4xlarge\":   true,\n\t\t\t\"db.m6g.2xlarge\":   true,\n\t\t\t\"db.m6g.xlarge\":    true,\n\t\t\t\"db.m6g.large\":     true,\n\t\t\t\"db.mv11.12xlarge\": true,\n\t\t\t\"db.mv11.24xlarge\": true,\n\t\t\t\"db.mv11.2xlarge\":  true,\n\t\t\t\"db.mv11.4xlarge\":  true,\n\t\t\t\"db.mv11.large\":    true,\n\t\t\t\"db.mv11.medium\":   true,\n\t\t\t\"db.mv11.xlarge\":   true,\n\t\t\t\"db.r3.2xlarge\":    true,\n\t\t\t\"db.r3.4xlarge\":    true,\n\t\t\t\"db.r3.8xlarge\":    true,\n\t\t\t\"db.r3.large\":      true,\n\t\t\t\"db.r3.xlarge\":     true,\n\t\t\t\"db.r4.16xlarge\":   true,\n\t\t\t\"db.r4.2xlarge\":    true,\n\t\t\t\"db.r4.4xlarge\":    true,\n\t\t\t\"db.r4.8xlarge\":    true,\n\t\t\t\"db.r4.large\":      true,\n\t\t\t\"db.r4.xlarge\":     true,\n\t\t\t\"db.r5.12xlarge\":   true,\n\t\t\t\"db.r5.16xlarge\":   true,\n\t\t\t\"db.r5.24xlarge\":   true,\n\t\t\t\"db.r5.2xlarge\":    true,\n\t\t\t\"db.r5.4xlarge\":    true,\n\t\t\t\"db.r5.8xlarge\":    true,\n\t\t\t\"db.r5.large\":      true,\n\t\t\t\"db.r5.xlarge\":     true,\n\t\t\t\"db.r6g.16xlarge\":  true,\n\t\t\t\"db.r6g.12xlarge\":  true,\n\t\t\t\"db.r6g.4xlarge\":   true,\n\t\t\t\"db.r6g.2xlarge\":   true,\n\t\t\t\"db.r6g.xlarge\":    true,\n\t\t\t\"db.r6g.large\":     true,\n\t\t\t\"db.rv11.12xlarge\": true,\n\t\t\t\"db.rv11.24xlarge\": true,\n\t\t\t\"db.rv11.2xlarge\":  true,\n\t\t\t\"db.rv11.4xlarge\":  true,\n\t\t\t\"db.rv11.large\":    true,\n\t\t\t\"db.rv11.xlarge\":   true,\n\t\t\t\"db.t1.micro\":      true,\n\t\t\t\"db.t2.2xlarge\":    true,\n\t\t\t\"db.t2.large\":      true,\n\t\t\t\"db.t2.medium\":     true,\n\t\t\t\"db.t2.micro\":      true,\n\t\t\t\"db.t2.small\":      true,\n\t\t\t\"db.t2.xlarge\":     true,\n\t\t\t\"db.t3.2xlarge\":    true,\n\t\t\t\"db.t3.large\":      true,\n\t\t\t\"db.t3.medium\":     true,\n\t\t\t\"db.t3.micro\":      true,\n\t\t\t\"db.t3.small\":      true,\n\t\t\t\"db.t3.xlarge\":     true,\n\t\t\t\"db.x1.16xlarge\":   true,\n\t\t\t\"db.x1.32xlarge\":   true,\n\t\t\t\"db.x1e.16xlarge\":  true,\n\t\t\t\"db.x1e.2xlarge\":   true,\n\t\t\t\"db.x1e.32xlarge\":  true,\n\t\t\t\"db.x1e.4xlarge\":   true,\n\t\t\t\"db.x1e.8xlarge\":   true,\n\t\t\t\"db.x1e.xlarge\":    true,\n\t\t\t\"db.z1d.12xlarge\":  true,\n\t\t\t\"db.z1d.2xlarge\":   true,\n\t\t\t\"db.z1d.3xlarge\":   true,\n\t\t\t\"db.z1d.6xlarge\":   true,\n\t\t\t\"db.z1d.large\":     true,\n\t\t\t\"db.z1d.xlarge\":    true,\n\t\t},\n\t}\n}\n\n\/\/ Name returns the rule name\nfunc (r *AwsDBInstanceInvalidTypeRule) Name() string {\n\treturn \"aws_db_instance_invalid_type\"\n}\n\n\/\/ Enabled returns whether the rule is enabled by default\nfunc (r *AwsDBInstanceInvalidTypeRule) Enabled() bool {\n\treturn true\n}\n\n\/\/ Severity returns the rule severity\nfunc (r *AwsDBInstanceInvalidTypeRule) Severity() string {\n\treturn tflint.ERROR\n}\n\n\/\/ Link returns the rule reference link\nfunc (r *AwsDBInstanceInvalidTypeRule) Link() string {\n\treturn project.ReferenceLink(r.Name())\n}\n\n\/\/ Check checks whether \"aws_db_instance\" has invalid instance type.\nfunc (r *AwsDBInstanceInvalidTypeRule) Check(runner tflint.Runner) error {\n\treturn runner.WalkResourceAttributes(r.resourceType, r.attributeName, func(attribute *hcl.Attribute) error {\n\t\tvar instanceType string\n\t\terr := runner.EvaluateExpr(attribute.Expr, &amp;instanceType, nil)\n\n\t\treturn runner.EnsureNoError(err, func() error {\n\t\t\tif !r.instanceTypes[instanceType] {\n\t\t\t\trunner.EmitIssueOnExpr(\n\t\t\t\t\tr,\n\t\t\t\t\tfmt.Sprintf(\"\\\"%s\\\" is invalid instance type.\", instanceType),\n\t\t\t\t\tattribute.Expr,\n\t\t\t\t)\n\t\t\t}\n\t\t\treturn nil\n\t\t})\n\t})\n}\n\n```",
                "title": "rules\/aws_db_instance_invalid_type.go",
                "footer": "<https:\/\/github.com\/terraform-linters\/tflint-ruleset-aws|terraform-linters\/tflint-ruleset-aws>",
                "id": 1,
                "title_link": "https:\/\/github.com\/terraform-linters\/tflint-ruleset-aws\/blob\/master\/rules\/aws_db_instance_invalid_type.go",
                "footer_icon": "https:\/\/github.githubassets.com\/favicon.ico",
                "color": "24292f",
                "mrkdwn_in": [
                    "text"
                ],
                "bot_id": "BH12QQBB4",
                "app_unfurl_url": "https:\/\/github.com\/terraform-linters\/tflint-ruleset-aws\/blob\/master\/rules\/aws_db_instance_invalid_type.go",
                "is_app_unfurl": true
            }
        ],
        "blocks": [
            {
                "type": "rich_text",
                "block_id": "q=s",
                "elements": [
                    {
                        "type": "rich_text_section",
                        "elements": [
                            {
                                "type": "text",
                                "text": "これ db のインスタンスタイプに lint\n"
                            },
                            {
                                "type": "link",
                                "url": "https:\/\/github.com\/terraform-linters\/tflint-ruleset-aws\/blob\/master\/rules\/aws_db_instance_invalid_type.go"
                            }
                        ]
                    }
                ]
            }
        ],
        "thread_ts": "1612460166.002300",
        "parent_user_id": "UG46Z57TN"
    },
    {
        "client_msg_id": "d00de113-de1c-468d-9728-ae58ac3a7fed",
        "type": "message",
        "text": "どこから呼ばれてるか知らんが",
        "user": "UG46Z57TN",
        "ts": "1612460280.003000",
        "team": "TFU0BKCQP",
        "user_team": "TFU0BKCQP",
        "source_team": "TFU0BKCQP",
        "user_profile": {
            "avatar_hash": "c6bdd4cb17db",
            "image_72": "https:\/\/avatars.slack-edge.com\/2019-07-05\/685991185957_c6bdd4cb17db956661a1_72.jpg",
            "first_name": "Takeshi",
            "real_name": "Takeshi Kondo",
            "display_name": "chaspy",
            "team": "TFU0BKCQP",
            "name": "take.she12",
            "is_restricted": false,
            "is_ultra_restricted": false
        },
        "blocks": [
            {
                "type": "rich_text",
                "block_id": "egeKw",
                "elements": [
                    {
                        "type": "rich_text_section",
                        "elements": [
                            {
                                "type": "text",
                                "text": "どこから呼ばれてるか知らんが"
                            }
                        ]
                    }
                ]
            }
        ],
        "thread_ts": "1612460166.002300",
        "parent_user_id": "UG46Z57TN"
    },
    {
        "client_msg_id": "8060996e-ccc2-46be-b43f-eadbe3d76b1e",
        "type": "message",
        "text": "まぁわりとシンプル",
        "user": "UG46Z57TN",
        "ts": "1612460288.003200",
        "team": "TFU0BKCQP",
        "user_team": "TFU0BKCQP",
        "source_team": "TFU0BKCQP",
        "user_profile": {
            "avatar_hash": "c6bdd4cb17db",
            "image_72": "https:\/\/avatars.slack-edge.com\/2019-07-05\/685991185957_c6bdd4cb17db956661a1_72.jpg",
            "first_name": "Takeshi",
            "real_name": "Takeshi Kondo",
            "display_name": "chaspy",
            "team": "TFU0BKCQP",
            "name": "take.she12",
            "is_restricted": false,
            "is_ultra_restricted": false
        },
        "blocks": [
            {
                "type": "rich_text",
                "block_id": "vQbT8",
                "elements": [
                    {
                        "type": "rich_text_section",
                        "elements": [
                            {
                                "type": "text",
                                "text": "まぁわりとシンプル"
                            }
                        ]
                    }
                ]
            }
        ],
        "thread_ts": "1612460166.002300",
        "parent_user_id": "UG46Z57TN"
    },
    {
        "client_msg_id": "a80ab1dc-6cac-4a2b-a9c4-3aa5d710cba7",
        "type": "message",
        "text": "map でひけなければこける",
        "user": "UG46Z57TN",
        "ts": "1612460293.003400",
        "team": "TFU0BKCQP",
        "user_team": "TFU0BKCQP",
        "source_team": "TFU0BKCQP",
        "user_profile": {
            "avatar_hash": "c6bdd4cb17db",
            "image_72": "https:\/\/avatars.slack-edge.com\/2019-07-05\/685991185957_c6bdd4cb17db956661a1_72.jpg",
            "first_name": "Takeshi",
            "real_name": "Takeshi Kondo",
            "display_name": "chaspy",
            "team": "TFU0BKCQP",
            "name": "take.she12",
            "is_restricted": false,
            "is_ultra_restricted": false
        },
        "blocks": [
            {
                "type": "rich_text",
                "block_id": "M=U",
                "elements": [
                    {
                        "type": "rich_text_section",
                        "elements": [
                            {
                                "type": "text",
                                "text": "map でひけなければこける"
                            }
                        ]
                    }
                ]
            }
        ],
        "thread_ts": "1612460166.002300",
        "parent_user_id": "UG46Z57TN"
    },
    {
        "client_msg_id": "f5fd93c2-3f92-4684-ab79-f98b1bb6700b",
        "type": "message",
        "text": "それをこっからよんでいて\n<https:\/\/github.com\/terraform-linters\/tflint-ruleset-aws\/blob\/master\/rules\/provider.go>",
        "user": "UG46Z57TN",
        "ts": "1612460611.003600",
        "team": "TFU0BKCQP",
        "user_team": "TFU0BKCQP",
        "source_team": "TFU0BKCQP",
        "user_profile": {
            "avatar_hash": "c6bdd4cb17db",
            "image_72": "https:\/\/avatars.slack-edge.com\/2019-07-05\/685991185957_c6bdd4cb17db956661a1_72.jpg",
            "first_name": "Takeshi",
            "real_name": "Takeshi Kondo",
            "display_name": "chaspy",
            "team": "TFU0BKCQP",
            "name": "take.she12",
            "is_restricted": false,
            "is_ultra_restricted": false
        },
        "attachments": [
            {
                "fallback": "[terraform-linters\/tflint-ruleset-aws] rules\/provider.go",
                "text": "```\npackage rules\n\nimport (\n\t\"<http:\/\/github.com\/terraform-linters\/tflint-plugin-sdk\/tflint|github.com\/terraform-linters\/tflint-plugin-sdk\/tflint>\"\n\t\"<http:\/\/github.com\/terraform-linters\/tflint-ruleset-aws\/rules\/models|github.com\/terraform-linters\/tflint-ruleset-aws\/rules\/models>\"\n)\n\n\/\/ Rules is a list of all rules\nvar Rules = append([]tflint.Rule{\n\tNewAwsDBInstanceDefaultParameterGroupRule(),\n\tNewAwsDBInstanceInvalidTypeRule(),\n\tNewAwsDBInstancePreviousTypeRule(),\n\tNewAwsDynamoDBTableInvalidStreamViewTypeRule(),\n\tNewAwsElastiCacheClusterDefaultParameterGroupRule(),\n\tNewAwsElastiCacheClusterInvalidTypeRule(),\n\tNewAwsElastiCacheClusterPreviousTypeRule(),\n\tNewAwsIAMPolicyDocumentGovFriendlyArnsRule(),\n\tNewAwsIAMPolicyGovFriendlyArnsRule(),\n\tNewAwsIAMRolePolicyGovFriendlyArnsRule(),\n\tNewAwsInstancePreviousTypeRule(),\n\tNewAwsMqBrokerInvalidEngineTypeRule(),\n\tNewAwsMqConfigurationInvalidEngineTypeRule(),\n\tNewAwsResourceMissingTagsRule(),\n\tNewAwsRouteNotSpecifiedTargetRule(),\n\tNewAwsRouteSpecifiedMultipleTargetsRule(),\n\tNewAwsS3BucketInvalidACLRule(),\n\tNewAwsS3BucketInvalidRegionRule(),\n\tNewAwsS3BucketNameRule(),\n\tNewAwsSpotFleetRequestInvalidExcessCapacityTerminationPolicyRule(),\n}, models.Rules...)\n\n```",
                "title": "rules\/provider.go",
                "footer": "<https:\/\/github.com\/terraform-linters\/tflint-ruleset-aws|terraform-linters\/tflint-ruleset-aws>",
                "id": 1,
                "title_link": "https:\/\/github.com\/terraform-linters\/tflint-ruleset-aws\/blob\/master\/rules\/provider.go",
                "footer_icon": "https:\/\/github.githubassets.com\/favicon.ico",
                "color": "24292f",
                "mrkdwn_in": [
                    "text"
                ],
                "bot_id": "BH12QQBB4",
                "app_unfurl_url": "https:\/\/github.com\/terraform-linters\/tflint-ruleset-aws\/blob\/master\/rules\/provider.go",
                "is_app_unfurl": true
            }
        ],
        "blocks": [
            {
                "type": "rich_text",
                "block_id": "X3t3",
                "elements": [
                    {
                        "type": "rich_text_section",
                        "elements": [
                            {
                                "type": "text",
                                "text": "それをこっからよんでいて\n"
                            },
                            {
                                "type": "link",
                                "url": "https:\/\/github.com\/terraform-linters\/tflint-ruleset-aws\/blob\/master\/rules\/provider.go"
                            }
                        ]
                    }
                ]
            }
        ],
        "thread_ts": "1612460166.002300",
        "parent_user_id": "UG46Z57TN"
    },
    {
        "client_msg_id": "6f708f03-40db-47ef-8164-62227b2c1768",
        "type": "message",
        "text": "まぁあとはよしなにいけるんでは",
        "user": "UG46Z57TN",
        "ts": "1612460733.003900",
        "team": "TFU0BKCQP",
        "user_team": "TFU0BKCQP",
        "source_team": "TFU0BKCQP",
        "user_profile": {
            "avatar_hash": "c6bdd4cb17db",
            "image_72": "https:\/\/avatars.slack-edge.com\/2019-07-05\/685991185957_c6bdd4cb17db956661a1_72.jpg",
            "first_name": "Takeshi",
            "real_name": "Takeshi Kondo",
            "display_name": "chaspy",
            "team": "TFU0BKCQP",
            "name": "take.she12",
            "is_restricted": false,
            "is_ultra_restricted": false
        },
        "blocks": [
            {
                "type": "rich_text",
                "block_id": "RBypW",
                "elements": [
                    {
                        "type": "rich_text_section",
                        "elements": [
                            {
                                "type": "text",
                                "text": "まぁあとはよしなにいけるんでは"
                            }
                        ]
                    }
                ]
            }
        ],
        "thread_ts": "1612460166.002300",
        "parent_user_id": "UG46Z57TN"
    },
    {
        "client_msg_id": "25436e0b-5b99-4a18-bbe7-b5e3a3960f69",
        "type": "message",
        "text": "以上",
        "user": "UG46Z57TN",
        "ts": "1612460737.004100",
        "team": "TFU0BKCQP",
        "user_team": "TFU0BKCQP",
        "source_team": "TFU0BKCQP",
        "user_profile": {
            "avatar_hash": "c6bdd4cb17db",
            "image_72": "https:\/\/avatars.slack-edge.com\/2019-07-05\/685991185957_c6bdd4cb17db956661a1_72.jpg",
            "first_name": "Takeshi",
            "real_name": "Takeshi Kondo",
            "display_name": "chaspy",
            "team": "TFU0BKCQP",
            "name": "take.she12",
            "is_restricted": false,
            "is_ultra_restricted": false
        },
        "blocks": [
            {
                "type": "rich_text",
                "block_id": "sJa",
                "elements": [
                    {
                        "type": "rich_text_section",
                        "elements": [
                            {
                                "type": "text",
                                "text": "以上"
                            }
                        ]
                    }
                ]
            }
        ],
        "thread_ts": "1612460166.002300",
        "parent_user_id": "UG46Z57TN",
        "reactions": [
            {
                "name": "bow",
                "users": [
                    "UFT60TQCQ"
                ],
                "count": 1
            }
        ]
    }
]