[
    {
        "client_msg_id": "ca03451a-3f1b-44f5-9b88-f4cd33ff1a69",
        "type": "message",
        "text": "PR みてくれてないな〜 wata727 さん twitter とかみつからなかったんだよな。smarthr に知り合いいないし。。。",
        "user": "UG46Z57TN",
        "ts": "1612802033.007200",
        "team": "TFU0BKCQP",
        "user_team": "TFU0BKCQP",
        "source_team": "TFU0BKCQP",
        "user_profile": {
            "avatar_hash": "c6bdd4cb17db",
            "image_72": "https:\/\/avatars.slack-edge.com\/2019-07-05\/685991185957_c6bdd4cb17db956661a1_72.jpg",
            "first_name": "Takeshi",
            "real_name": "Takeshi Kondo",
            "display_name": "chaspy",
            "team": "TFU0BKCQP",
            "name": "take.she12",
            "is_restricted": false,
            "is_ultra_restricted": false
        },
        "blocks": [
            {
                "type": "rich_text",
                "block_id": "lHO",
                "elements": [
                    {
                        "type": "rich_text_section",
                        "elements": [
                            {
                                "type": "text",
                                "text": "PR みてくれてないな〜 wata727 さん twitter とかみつからなかったんだよな。smarthr に知り合いいないし。。。"
                            }
                        ]
                    }
                ]
            }
        ],
        "thread_ts": "1612460166.002300",
        "parent_user_id": "UG46Z57TN"
    },
    {
        "client_msg_id": "baa462e8-a2d8-49bc-9a75-8dbd8e7075a5",
        "type": "message",
        "text": "社内に shared channel があったのでつないでもらえないかきいてみた。便利",
        "user": "UG46Z57TN",
        "ts": "1612802223.007400",
        "team": "TFU0BKCQP",
        "user_team": "TFU0BKCQP",
        "source_team": "TFU0BKCQP",
        "user_profile": {
            "avatar_hash": "c6bdd4cb17db",
            "image_72": "https:\/\/avatars.slack-edge.com\/2019-07-05\/685991185957_c6bdd4cb17db956661a1_72.jpg",
            "first_name": "Takeshi",
            "real_name": "Takeshi Kondo",
            "display_name": "chaspy",
            "team": "TFU0BKCQP",
            "name": "take.she12",
            "is_restricted": false,
            "is_ultra_restricted": false
        },
        "blocks": [
            {
                "type": "rich_text",
                "block_id": "Ulo",
                "elements": [
                    {
                        "type": "rich_text_section",
                        "elements": [
                            {
                                "type": "text",
                                "text": "社内に shared channel があったのでつないでもらえないかきいてみた。便利"
                            }
                        ]
                    }
                ]
            }
        ],
        "thread_ts": "1612460166.002300",
        "parent_user_id": "UG46Z57TN"
    }
]