[
    {
        "client_msg_id": "163a02e1-0c8d-4058-9b5b-891475583aed",
        "type": "message",
        "text": "なるほど。ありがとうございます。\nたしかにプロダクト開発してるチームが扱うリソースと\n変更頻度やライフサイクルは異なるかもしれませんね。",
        "user": "UP3JFHZ8V",
        "ts": "1572073290.016300",
        "team": "TFU0BKCQP",
        "user_team": "TFU0BKCQP",
        "source_team": "TFU0BKCQP",
        "user_profile": {
            "avatar_hash": "gef4d5956450",
            "image_72": "https:\/\/secure.gravatar.com\/avatar\/ef4d5956450dd1f9b5fb4717b471366e.jpg?s=72&d=https%3A%2F%2Fa.slack-edge.com%2Fdf10d%2Fimg%2Favatars%2Fava_0021-72.png",
            "first_name": "",
            "real_name": "tmknom",
            "display_name": "tmknom",
            "team": "TFU0BKCQP",
            "name": "tmk.nom",
            "is_restricted": false,
            "is_ultra_restricted": false
        }
    }
]