[
    {
        "client_msg_id": "ba2775c3-7990-4473-ae7b-d2f6f2dd9d0e",
        "type": "message",
        "text": "v0.12.10きたみたいですね :terraform:\n<https:\/\/terraform-jp.slack.com\/archives\/CG2UA0AA2\/p1570465516003500>",
        "user": "UFTKSQ25T",
        "ts": "1570465789.046900",
        "team": "TFU0BKCQP",
        "user_team": "TFU0BKCQP",
        "source_team": "TFU0BKCQP",
        "user_profile": {
            "avatar_hash": "g0bffa2bb65a",
            "image_72": "https:\/\/secure.gravatar.com\/avatar\/10bffa2bb65aa200d991e14d6110f549.jpg?s=72&d=https%3A%2F%2Fa.slack-edge.com%2Fdf10d%2Fimg%2Favatars%2Fava_0016-72.png",
            "first_name": "",
            "real_name": "morihaya",
            "display_name": "",
            "team": "TFU0BKCQP",
            "name": "yukiya.hayashi",
            "is_restricted": false,
            "is_ultra_restricted": false
        },
        "attachments": [
            {
                "fallback": "hashicorp\/terraform on GitHub\nv0.12.10v0.12.10 updated\nrelease note: <https:\/\/newreleases.io\/github\/hashicorp\/terraform?version=v0.12.10>",
                "text": "*v0.12.10* `v0.12.10` _updated_\n```\nENHANCEMENTS:\n\n* terraform plan and terraform apply will now warn when the -target option is used, to draw attention to the fact that the result of applying the plan is likely to be incomplete, and to remind to re-run terraform plan with no targets afterwards to ensure that the configuration has converged. ( #22783 ( <https:\/\/github.com\/hashicorp\/terraform\/issues\/22783> ) )\n\n* config: New function parseint for parsing strings containing digits as integers in various bases. ( #22747 ( <https:\/\/github.com\/hashicorp\/terraform\/issues\/22747> ) )\n\n* config: New function cidrsubnets , which is a companion to the existing function cidrsubnet which can allocate multiple consecutive subnet prefixes (possibly of different prefix lengths) in a single call. ( #22858 ( <https:\/\/github.com\/hashicorp\/terraform\/issues\/22858> ) )\n\n* backend\/google: The GCS backend now supports OAuth2 token authentication. ( #21772 ( <https:\/\/github.com\/hashicorp\/terraform\/issues\/21772> ) )\n\n* provisioner\/habitat: Multiple updates and fixes, see PR for details ( #22705 ( <https:\/\/github.com\/hashicorp\/terraform\/issues\/22705> ) )\n\nBUG FIXES:\n\n* backend\/manta: fix panic when insecure_skip_tls_verify was not set ( #22918 ( <https:\/\/github.com\/hashicorp\/terraform\/issues\/22918> ) )\n```\n<https:\/\/newreleases.io\/github\/hashicorp\/terraform?version=v0.12.10|release note...>",
                "title": "hashicorp\/terraform on GitHub",
                "id": 1,
                "title_link": "https:\/\/newreleases.io\/github\/hashicorp\/terraform",
                "mrkdwn_in": [
                    "text"
                ],
                "original_url": "https:\/\/terraform-jp.slack.com\/archives\/CG2UA0AA2\/p1570465516003500"
            }
        ],
        "reactions": [
            {
                "name": "eyes",
                "users": [
                    "UM12KGR0E",
                    "ULYDVRXNY"
                ],
                "count": 2
            }
        ]
    },
    {
        "client_msg_id": "9c682cd9-2e33-46e9-b7b5-4db9fa930ff9",
        "type": "message",
        "text": "`-target ` に警告出るようになっててウケる",
        "user": "UHS4SFFA7",
        "ts": "1570495917.047600",
        "team": "TFU0BKCQP",
        "user_team": "TFU0BKCQP",
        "source_team": "TFU0BKCQP",
        "user_profile": {
            "avatar_hash": "gade34f8bdf1",
            "image_72": "https:\/\/secure.gravatar.com\/avatar\/5ade34f8bdf1b55c4ff82c11cf23cf42.jpg?s=72&d=https%3A%2F%2Fa.slack-edge.com%2Fdf10d%2Fimg%2Favatars%2Fava_0008-72.png",
            "first_name": "",
            "real_name": "minamijoyo",
            "display_name": "minamijoyo",
            "team": "TFU0BKCQP",
            "name": "minamijoyo",
            "is_restricted": false,
            "is_ultra_restricted": false
        }
    }
]