[
    {
        "client_msg_id": "b08bdaaf-47ce-4f5a-bddf-48922d915c69",
        "type": "message",
        "text": "今日の\n<https:\/\/hashicorp.connpass.com\/event\/146776\/>\nでのリクルートさんの発表がだいぶおもしろかったす",
        "user": "ULFK57XL4",
        "ts": "1571839596.005800",
        "team": "TFU0BKCQP",
        "user_team": "TFU0BKCQP",
        "source_team": "TFU0BKCQP",
        "user_profile": {
            "avatar_hash": "g4ede17818e5",
            "image_72": "https:\/\/secure.gravatar.com\/avatar\/54ede17818e5e7d1985d82034d959a82.jpg?s=72&d=https%3A%2F%2Fa.slack-edge.com%2Fdf10d%2Fimg%2Favatars%2Fava_0008-72.png",
            "first_name": "",
            "real_name": "eigo_s",
            "display_name": "",
            "team": "TFU0BKCQP",
            "name": "eigo.szk",
            "is_restricted": false,
            "is_ultra_restricted": false
        },
        "attachments": [
            {
                "service_name": "connpass",
                "title": "Mitchell Hashimoto in Tokyo! HashiCorp Meetup (2019\/10\/23 18:30〜)",
                "title_link": "https:\/\/hashicorp.connpass.com\/event\/146776\/",
                "text": "# はじめに HashiCorpの創業者で今尚PractitionerとしてOSSに貢献を続けるMitchell Hashimotoの来日に伴いMeetupを開催します。DevOpsのパイオニア的存在Mitchell HashimotoはVagrantのクリエーターとして知られていますが、Packer、Terraform、Consulなどの作者でもあります。この機会にHashimotoに会いに来ませんか？ # ご注意 * カメラ撮影はOKですがシャッター音のないカメラアプリをご用意下さい。 * 当日は必ず受付票をお持ち下さい。 * 前日・当日のキャンセルはご遠慮下さい。...",
                "fallback": "connpass: Mitchell Hashimoto in Tokyo! HashiCorp Meetup (2019\/10\/23 18:30〜)",
                "image_url": "https:\/\/connpass-tokyo.s3.amazonaws.com\/thumbs\/34\/ba\/34ba0be0d30a498374bd7b04fc33fb06.png",
                "from_url": "https:\/\/hashicorp.connpass.com\/event\/146776\/",
                "image_width": 466,
                "image_height": 115,
                "image_bytes": 16988,
                "service_icon": "https:\/\/connpass.com\/static\/img\/apple_touch_icon.png",
                "id": 1,
                "original_url": "https:\/\/hashicorp.connpass.com\/event\/146776\/"
            }
        ],
        "thread_ts": "1571839596.005800",
        "reply_count": 4,
        "reply_users_count": 2,
        "latest_reply": "1572023128.015300",
        "reply_users": [
            "UL90RPEQ7",
            "UMSFZUAUS"
        ],
        "replies": [
            {
                "user": "UL90RPEQ7",
                "ts": "1571881064.006500"
            },
            {
                "user": "UL90RPEQ7",
                "ts": "1571924398.006900"
            },
            {
                "user": "UMSFZUAUS",
                "ts": "1572002008.015100"
            },
            {
                "user": "UL90RPEQ7",
                "ts": "1572023128.015300"
            }
        ],
        "subscribed": false,
        "reactions": [
            {
                "name": "+1",
                "users": [
                    "UMSFZUAUS",
                    "UL90RPEQ7"
                ],
                "count": 2
            }
        ]
    },
    {
        "client_msg_id": "36b89d68-ad76-41e3-81ca-bfac4c7e7340",
        "type": "message",
        "text": "<https:\/\/twitter.com\/neeeebusoku\/status\/1186962337594396672>\nあとこれ\n来年出るのかな :thinking_face:",
        "user": "ULFK57XL4",
        "ts": "1571839694.006300",
        "team": "TFU0BKCQP",
        "user_team": "TFU0BKCQP",
        "source_team": "TFU0BKCQP",
        "user_profile": {
            "avatar_hash": "g4ede17818e5",
            "image_72": "https:\/\/secure.gravatar.com\/avatar\/54ede17818e5e7d1985d82034d959a82.jpg?s=72&d=https%3A%2F%2Fa.slack-edge.com%2Fdf10d%2Fimg%2Favatars%2Fava_0008-72.png",
            "first_name": "",
            "real_name": "eigo_s",
            "display_name": "",
            "team": "TFU0BKCQP",
            "name": "eigo.szk",
            "is_restricted": false,
            "is_ultra_restricted": false
        }
    },
    {
        "client_msg_id": "c415d9f2-536d-4d2f-9fac-f7194eabd0e0",
        "type": "message",
        "text": "ありがとうございます！楽しんでいただけて何よりです！",
        "user": "UL90RPEQ7",
        "ts": "1571881064.006500",
        "team": "TFU0BKCQP",
        "user_team": "TFU0BKCQP",
        "source_team": "TFU0BKCQP",
        "user_profile": {
            "avatar_hash": "g577174512e7",
            "image_72": "https:\/\/secure.gravatar.com\/avatar\/8577174512e71b8d1c79683380febbd1.jpg?s=72&d=https%3A%2F%2Fa.slack-edge.com%2Fdf10d%2Fimg%2Favatars%2Fava_0026-72.png",
            "first_name": "sudoyu",
            "real_name": "sudoyu",
            "display_name": "",
            "team": "TFU0BKCQP",
            "name": "sudo.yu",
            "is_restricted": false,
            "is_ultra_restricted": false
        },
        "thread_ts": "1571839596.005800",
        "parent_user_id": "ULFK57XL4",
        "reactions": [
            {
                "name": "+1",
                "users": [
                    "ULFK57XL4"
                ],
                "count": 1
            }
        ]
    }
]