[
    {
        "client_msg_id": "970a3974-4505-4718-88ad-4bc4b946fa2c",
        "type": "message",
        "text": "ご質問させてください。\nみなさんはリポジトリ内にアプリケーションのプロジェクトディレクトリと、terraformのソースコードを保存しているディレクトリを\nまとめて一つのリポジトリ内で管理はされていらっしゃいますでしょうか？\n現在自分が既存のプロジェクトのリファクタリングをしていくにあたり気になったのでご質問させていただきました。",
        "user": "U027V689WTV",
        "ts": "1628083669.006900",
        "team": "TFU0BKCQP",
        "user_team": "TFU0BKCQP",
        "source_team": "TFU0BKCQP",
        "user_profile": {
            "avatar_hash": "6749a0b224a6",
            "image_72": "https:\/\/avatars.slack-edge.com\/2021-07-12\/2263984917909_6749a0b224a61829e511_72.png",
            "first_name": "tsuda.takuya",
            "real_name": "tsuda.takuya",
            "display_name": "tsuda.takuya",
            "team": "TFU0BKCQP",
            "name": "sabatto990",
            "is_restricted": false,
            "is_ultra_restricted": false
        },
        "blocks": [
            {
                "type": "rich_text",
                "block_id": "Nnc",
                "elements": [
                    {
                        "type": "rich_text_section",
                        "elements": [
                            {
                                "type": "text",
                                "text": "ご質問させてください。\nみなさんはリポジトリ内にアプリケーションのプロジェクトディレクトリと、terraformのソースコードを保存しているディレクトリを\nまとめて一つのリポジトリ内で管理はされていらっしゃいますでしょうか？\n現在自分が既存のプロジェクトのリファクタリングをしていくにあたり気になったのでご質問させていただきました。"
                            }
                        ]
                    }
                ]
            }
        ],
        "thread_ts": "1628083669.006900",
        "reply_count": 6,
        "reply_users_count": 2,
        "latest_reply": "1628086694.008200",
        "reply_users": [
            "UFU0BKD8F",
            "U027V689WTV"
        ],
        "replies": [
            {
                "user": "UFU0BKD8F",
                "ts": "1628085305.007000"
            },
            {
                "user": "U027V689WTV",
                "ts": "1628085548.007200"
            },
            {
                "user": "UFU0BKD8F",
                "ts": "1628085709.007500"
            },
            {
                "user": "U027V689WTV",
                "ts": "1628086099.007700"
            },
            {
                "user": "UFU0BKD8F",
                "ts": "1628086551.008000"
            },
            {
                "user": "U027V689WTV",
                "ts": "1628086694.008200"
            }
        ],
        "is_locked": false,
        "subscribed": true,
        "last_read": "1628086694.008200"
    },
    {
        "client_msg_id": "21f153ea-1547-4da7-aad3-d1d064da90e8",
        "type": "message",
        "text": "プロジェクトの内容とかリソース量とか触る人数とかによると思うけど、\nアプリケーションとインフラのリポジトリを１つにするのは避けたほうがいいと思います。\nコードのライフサイクルが違いすぎるので。。。",
        "user": "UFU0BKD8F",
        "ts": "1628085305.007000",
        "team": "TFU0BKCQP",
        "user_team": "TFU0BKCQP",
        "source_team": "TFU0BKCQP",
        "user_profile": {
            "avatar_hash": "92c41c62c7b0",
            "image_72": "https:\/\/avatars.slack-edge.com\/2019-01-30\/537137791812_92c41c62c7b0f054d3dd_72.jpg",
            "first_name": "らき",
            "real_name": "らき",
            "display_name": "raki",
            "team": "TFU0BKCQP",
            "name": "nishimuray",
            "is_restricted": false,
            "is_ultra_restricted": false
        },
        "blocks": [
            {
                "type": "rich_text",
                "block_id": "RcF",
                "elements": [
                    {
                        "type": "rich_text_section",
                        "elements": [
                            {
                                "type": "text",
                                "text": "プロジェクトの内容とかリソース量とか触る人数とかによると思うけど、\nアプリケーションとインフラのリポジトリを１つにするのは避けたほうがいいと思います。\nコードのライフサイクルが違いすぎるので。。。"
                            }
                        ]
                    }
                ]
            }
        ],
        "thread_ts": "1628083669.006900",
        "parent_user_id": "U027V689WTV"
    },
    {
        "client_msg_id": "b9ff98fb-fde4-477f-a990-498a3f7b766c",
        "type": "message",
        "text": "<@UFU0BKD8F>\nご回答ありがとうございます！\nやはり分離するという方向にもっていきます。ご回答ありがとうございます。\n五月雨式となってしまって申し訳ないのですが、<@UFU0BKD8F> さんはterraformのリポジトリの中にlambdaのソースコードも保存をしていますか？",
        "user": "U027V689WTV",
        "ts": "1628085548.007200",
        "team": "TFU0BKCQP",
        "user_team": "TFU0BKCQP",
        "source_team": "TFU0BKCQP",
        "user_profile": {
            "avatar_hash": "6749a0b224a6",
            "image_72": "https:\/\/avatars.slack-edge.com\/2021-07-12\/2263984917909_6749a0b224a61829e511_72.png",
            "first_name": "tsuda.takuya",
            "real_name": "tsuda.takuya",
            "display_name": "tsuda.takuya",
            "team": "TFU0BKCQP",
            "name": "sabatto990",
            "is_restricted": false,
            "is_ultra_restricted": false
        },
        "edited": {
            "user": "U027V689WTV",
            "ts": "1628085554.000000"
        },
        "blocks": [
            {
                "type": "rich_text",
                "block_id": "Dsm",
                "elements": [
                    {
                        "type": "rich_text_section",
                        "elements": [
                            {
                                "type": "user",
                                "user_id": "UFU0BKD8F"
                            },
                            {
                                "type": "text",
                                "text": "\nご回答ありがとうございます！\nやはり分離するという方向にもっていきます。ご回答ありがとうございます。\n五月雨式となってしまって申し訳ないのですが、"
                            },
                            {
                                "type": "user",
                                "user_id": "UFU0BKD8F"
                            },
                            {
                                "type": "text",
                                "text": " さんはterraformのリポジトリの中にlambdaのソースコードも保存をしていますか？"
                            }
                        ]
                    }
                ]
            }
        ],
        "thread_ts": "1628083669.006900",
        "parent_user_id": "U027V689WTV"
    },
    {
        "client_msg_id": "a2a15677-89ee-43e9-8aa4-2c361b567729",
        "type": "message",
        "text": "してるやつとしてないやつがあります。\n固定で使いたい（めったに更新しない）lambdaはコードごとリポジトリに含めています。",
        "user": "UFU0BKD8F",
        "ts": "1628085709.007500",
        "team": "TFU0BKCQP",
        "user_team": "TFU0BKCQP",
        "source_team": "TFU0BKCQP",
        "user_profile": {
            "avatar_hash": "92c41c62c7b0",
            "image_72": "https:\/\/avatars.slack-edge.com\/2019-01-30\/537137791812_92c41c62c7b0f054d3dd_72.jpg",
            "first_name": "らき",
            "real_name": "らき",
            "display_name": "raki",
            "team": "TFU0BKCQP",
            "name": "nishimuray",
            "is_restricted": false,
            "is_ultra_restricted": false
        },
        "blocks": [
            {
                "type": "rich_text",
                "block_id": "EBFt",
                "elements": [
                    {
                        "type": "rich_text_section",
                        "elements": [
                            {
                                "type": "text",
                                "text": "してるやつとしてないやつがあります。\n固定で使いたい（めったに更新しない）lambdaはコードごとリポジトリに含めています。"
                            }
                        ]
                    }
                ]
            }
        ],
        "thread_ts": "1628083669.006900",
        "parent_user_id": "U027V689WTV"
    },
    {
        "client_msg_id": "7803bb67-a30b-43f0-8a77-31ede0c69656",
        "type": "message",
        "text": "ありがとうございます。\n質問ばかりで恐縮なのですが、\n&gt; 固定で使いたい（めったに更新しない）lambdaはコードごとリポジトリに含めています。\n逆に頻繁に更新を行うlambdaコードは別リポジトリに保存をしているという認識でお間違えございませんでしょうか？",
        "user": "U027V689WTV",
        "ts": "1628086099.007700",
        "team": "TFU0BKCQP",
        "user_team": "TFU0BKCQP",
        "source_team": "TFU0BKCQP",
        "user_profile": {
            "avatar_hash": "6749a0b224a6",
            "image_72": "https:\/\/avatars.slack-edge.com\/2021-07-12\/2263984917909_6749a0b224a61829e511_72.png",
            "first_name": "tsuda.takuya",
            "real_name": "tsuda.takuya",
            "display_name": "tsuda.takuya",
            "team": "TFU0BKCQP",
            "name": "sabatto990",
            "is_restricted": false,
            "is_ultra_restricted": false
        },
        "edited": {
            "user": "U027V689WTV",
            "ts": "1628086249.000000"
        },
        "blocks": [
            {
                "type": "rich_text",
                "block_id": "PMcL",
                "elements": [
                    {
                        "type": "rich_text_section",
                        "elements": [
                            {
                                "type": "text",
                                "text": "ありがとうございます。\n質問ばかりで恐縮なのですが、\n"
                            }
                        ]
                    },
                    {
                        "type": "rich_text_quote",
                        "elements": [
                            {
                                "type": "text",
                                "text": "固定で使いたい（めったに更新しない）lambdaはコードごとリポジトリに含めています。"
                            }
                        ]
                    },
                    {
                        "type": "rich_text_section",
                        "elements": [
                            {
                                "type": "text",
                                "text": "逆に頻繁に更新を行うlambdaコードは別リポジトリに保存をしているという認識でお間違えございませんでしょうか？"
                            }
                        ]
                    }
                ]
            }
        ],
        "thread_ts": "1628083669.006900",
        "parent_user_id": "U027V689WTV"
    },
    {
        "client_msg_id": "e21285b2-c6e9-4324-af99-3891b681643b",
        "type": "message",
        "text": "正確には現職にはまだそういうlambdaがないので違いますが、\nlambda はfunction毎に別々のリポジトリにしてリリースパイプラインがあったほうが楽だと思います。。。",
        "user": "UFU0BKD8F",
        "ts": "1628086551.008000",
        "team": "TFU0BKCQP",
        "user_team": "TFU0BKCQP",
        "source_team": "TFU0BKCQP",
        "user_profile": {
            "avatar_hash": "92c41c62c7b0",
            "image_72": "https:\/\/avatars.slack-edge.com\/2019-01-30\/537137791812_92c41c62c7b0f054d3dd_72.jpg",
            "first_name": "らき",
            "real_name": "らき",
            "display_name": "raki",
            "team": "TFU0BKCQP",
            "name": "nishimuray",
            "is_restricted": false,
            "is_ultra_restricted": false
        },
        "blocks": [
            {
                "type": "rich_text",
                "block_id": "jIL",
                "elements": [
                    {
                        "type": "rich_text_section",
                        "elements": [
                            {
                                "type": "text",
                                "text": "正確には現職にはまだそういうlambdaがないので違いますが、\nlambda はfunction毎に別々のリポジトリにしてリリースパイプラインがあったほうが楽だと思います。。。"
                            }
                        ]
                    }
                ]
            }
        ],
        "thread_ts": "1628083669.006900",
        "parent_user_id": "U027V689WTV"
    },
    {
        "client_msg_id": "137f75a1-fbdb-4b2d-a1a7-91b3d6822791",
        "type": "message",
        "text": "なるほど。たしかに。。。\nわかりました。この度はご丁寧なご回答ありがとうございます！\n参考にさせていただきます！！",
        "user": "U027V689WTV",
        "ts": "1628086694.008200",
        "team": "TFU0BKCQP",
        "user_team": "TFU0BKCQP",
        "source_team": "TFU0BKCQP",
        "user_profile": {
            "avatar_hash": "6749a0b224a6",
            "image_72": "https:\/\/avatars.slack-edge.com\/2021-07-12\/2263984917909_6749a0b224a61829e511_72.png",
            "first_name": "tsuda.takuya",
            "real_name": "tsuda.takuya",
            "display_name": "tsuda.takuya",
            "team": "TFU0BKCQP",
            "name": "sabatto990",
            "is_restricted": false,
            "is_ultra_restricted": false
        },
        "blocks": [
            {
                "type": "rich_text",
                "block_id": "AEso",
                "elements": [
                    {
                        "type": "rich_text_section",
                        "elements": [
                            {
                                "type": "text",
                                "text": "なるほど。たしかに。。。\nわかりました。この度はご丁寧なご回答ありがとうございます！\n参考にさせていただきます！！"
                            }
                        ]
                    }
                ]
            }
        ],
        "thread_ts": "1628083669.006900",
        "parent_user_id": "U027V689WTV"
    }
]