[
    {
        "client_msg_id": "7161a638-16d8-4f60-9b7e-024dc708b614",
        "type": "message",
        "text": "v0.15.0-alpha20210127 が出たようなので <#C01L4BLSBMH|v015> 作りました。",
        "user": "UFU0BKD8F",
        "ts": "1611792426.002700",
        "team": "TFU0BKCQP",
        "user_team": "TFU0BKCQP",
        "source_team": "TFU0BKCQP",
        "user_profile": {
            "avatar_hash": "92c41c62c7b0",
            "image_72": "https:\/\/avatars.slack-edge.com\/2019-01-30\/537137791812_92c41c62c7b0f054d3dd_72.jpg",
            "first_name": "らき",
            "real_name": "らき",
            "display_name": "raki",
            "team": "TFU0BKCQP",
            "name": "nishimuray",
            "is_restricted": false,
            "is_ultra_restricted": false
        },
        "blocks": [
            {
                "type": "rich_text",
                "block_id": "qmH=",
                "elements": [
                    {
                        "type": "rich_text_section",
                        "elements": [
                            {
                                "type": "text",
                                "text": "v0.15.0-alpha20210127 が出たようなので "
                            },
                            {
                                "type": "channel",
                                "channel_id": "C01L4BLSBMH"
                            },
                            {
                                "type": "text",
                                "text": " 作りました。"
                            }
                        ]
                    }
                ]
            }
        ],
        "reactions": [
            {
                "name": "tada",
                "users": [
                    "UHS4SFFA7",
                    "UGZPDFYFQ",
                    "U01AEH6SRL2",
                    "UGFSM002K",
                    "U01LFASMXQS"
                ],
                "count": 5
            }
        ]
    },
    {
        "client_msg_id": "0aec48bb-0dd3-4e47-a211-5197762e2c3a",
        "type": "message",
        "text": "ぼけっとしてたらmeetupのLT抽選がただの確定処理になって終わっていたので\nconnpassの機能で発表者宛にメールを送りました。\nLTしていただける方はここにスレでタイトルとか概要とかぶら下げてもらえると助かります。",
        "user": "UFU0BKD8F",
        "ts": "1611796253.004800",
        "team": "TFU0BKCQP",
        "user_team": "TFU0BKCQP",
        "source_team": "TFU0BKCQP",
        "user_profile": {
            "avatar_hash": "92c41c62c7b0",
            "image_72": "https:\/\/avatars.slack-edge.com\/2019-01-30\/537137791812_92c41c62c7b0f054d3dd_72.jpg",
            "first_name": "らき",
            "real_name": "らき",
            "display_name": "raki",
            "team": "TFU0BKCQP",
            "name": "nishimuray",
            "is_restricted": false,
            "is_ultra_restricted": false
        },
        "blocks": [
            {
                "type": "rich_text",
                "block_id": "lr5s2",
                "elements": [
                    {
                        "type": "rich_text_section",
                        "elements": [
                            {
                                "type": "text",
                                "text": "ぼけっとしてたらmeetupのLT抽選がただの確定処理になって終わっていたので\nconnpassの機能で発表者宛にメールを送りました。\nLTしていただける方はここにスレでタイトルとか概要とかぶら下げてもらえると助かります。"
                            }
                        ]
                    }
                ]
            }
        ],
        "thread_ts": "1611796253.004800",
        "reply_count": 51,
        "reply_users_count": 8,
        "latest_reply": "1612954050.037300",
        "reply_users": [
            "U01AEH6SRL2",
            "UHS4SFFA7",
            "UFU0BKD8F",
            "UG46Z57TN",
            "U01MNV17CSC",
            "U01JJL7NLKE",
            "U012X6FSHC7",
            "UTRTDHJC8"
        ],
        "replies": [
            {
                "user": "U01AEH6SRL2",
                "ts": "1611798661.005000"
            },
            {
                "user": "UHS4SFFA7",
                "ts": "1612149618.006100"
            },
            {
                "user": "UFU0BKD8F",
                "ts": "1612150287.006300"
            },
            {
                "user": "UHS4SFFA7",
                "ts": "1612150491.006500"
            },
            {
                "user": "UG46Z57TN",
                "ts": "1612165173.006800"
            },
            {
                "user": "UFU0BKD8F",
                "ts": "1612165643.007200"
            },
            {
                "user": "UHS4SFFA7",
                "ts": "1612359672.007700"
            },
            {
                "user": "UHS4SFFA7",
                "ts": "1612359779.007900"
            },
            {
                "user": "U01MNV17CSC",
                "ts": "1612523248.012000"
            },
            {
                "user": "UFU0BKD8F",
                "ts": "1612524741.012300"
            },
            {
                "user": "U01JJL7NLKE",
                "ts": "1612570331.012800"
            },
            {
                "user": "U01JJL7NLKE",
                "ts": "1612571049.013000"
            },
            {
                "user": "U01JJL7NLKE",
                "ts": "1612571138.013200"
            },
            {
                "user": "UFU0BKD8F",
                "ts": "1612578788.013500"
            },
            {
                "user": "UFU0BKD8F",
                "ts": "1612578801.013700"
            },
            {
                "user": "UG46Z57TN",
                "ts": "1612578873.014700"
            },
            {
                "user": "UG46Z57TN",
                "ts": "1612722128.015200"
            },
            {
                "user": "UG46Z57TN",
                "ts": "1612722225.015500"
            },
            {
                "user": "UFU0BKD8F",
                "ts": "1612742350.015800"
            },
            {
                "user": "U012X6FSHC7",
                "ts": "1612775589.017100"
            },
            {
                "user": "UHS4SFFA7",
                "ts": "1612795067.017400"
            },
            {
                "user": "UFU0BKD8F",
                "ts": "1612795157.017800"
            },
            {
                "user": "UHS4SFFA7",
                "ts": "1612795427.018000"
            },
            {
                "user": "UG46Z57TN",
                "ts": "1612885264.018500"
            },
            {
                "user": "UG46Z57TN",
                "ts": "1612885635.018700"
            },
            {
                "user": "UG46Z57TN",
                "ts": "1612885765.019100"
            },
            {
                "user": "U012X6FSHC7",
                "ts": "1612885803.019700"
            },
            {
                "user": "UG46Z57TN",
                "ts": "1612885851.020600"
            },
            {
                "user": "U012X6FSHC7",
                "ts": "1612885926.023000"
            },
            {
                "user": "U01MNV17CSC",
                "ts": "1612885952.023400"
            },
            {
                "user": "UG46Z57TN",
                "ts": "1612886349.025000"
            },
            {
                "user": "U01JJL7NLKE",
                "ts": "1612915975.025800"
            },
            {
                "user": "UFU0BKD8F",
                "ts": "1612916506.026000"
            },
            {
                "user": "U01AEH6SRL2",
                "ts": "1612919242.026200"
            },
            {
                "user": "U01JJL7NLKE",
                "ts": "1612922687.029400"
            },
            {
                "user": "UFU0BKD8F",
                "ts": "1612923108.029600"
            },
            {
                "user": "UTRTDHJC8",
                "ts": "1612928814.031200"
            },
            {
                "user": "UG46Z57TN",
                "ts": "1612930959.031600"
            },
            {
                "user": "UTRTDHJC8",
                "ts": "1612931303.031800"
            },
            {
                "user": "UTRTDHJC8",
                "ts": "1612935682.032300"
            },
            {
                "user": "UG46Z57TN",
                "ts": "1612935957.032500"
            },
            {
                "user": "UFU0BKD8F",
                "ts": "1612936074.032800"
            },
            {
                "user": "UG46Z57TN",
                "ts": "1612936103.033000"
            },
            {
                "user": "UG46Z57TN",
                "ts": "1612936133.033300"
            },
            {
                "user": "UG46Z57TN",
                "ts": "1612936159.033500"
            },
            {
                "user": "UG46Z57TN",
                "ts": "1612936241.033900"
            },
            {
                "user": "UFU0BKD8F",
                "ts": "1612936434.034500"
            },
            {
                "user": "UTRTDHJC8",
                "ts": "1612937834.034900"
            },
            {
                "user": "UFU0BKD8F",
                "ts": "1612938160.035100"
            },
            {
                "user": "UFU0BKD8F",
                "ts": "1612938773.035300"
            },
            {
                "user": "UG46Z57TN",
                "ts": "1612954050.037300"
            }
        ],
        "is_locked": false,
        "subscribed": true,
        "last_read": "1612954050.037300",
        "reactions": [
            {
                "name": "+1",
                "users": [
                    "UG46Z57TN"
                ],
                "count": 1
            }
        ]
    },
    {
        "client_msg_id": "4189911e-ed0c-4a4b-8e85-c15306af92fa",
        "type": "message",
        "text": "変更するかもしれませんが、TerraformをつかったTerraform Cloudの運用管理の取り組みについてお話しようかと考えています。",
        "user": "U01AEH6SRL2",
        "ts": "1611798661.005000",
        "team": "TFU0BKCQP",
        "user_team": "TFU0BKCQP",
        "source_team": "TFU0BKCQP",
        "user_profile": {
            "avatar_hash": "d3afb6c9e48a",
            "image_72": "https:\/\/avatars.slack-edge.com\/2020-09-19\/1398101624832_d3afb6c9e48a610f6650_72.png",
            "first_name": "くろせえつお",
            "real_name": "くろせえつお",
            "display_name": "kuroseets",
            "team": "TFU0BKCQP",
            "name": "etsuo.kurose",
            "is_restricted": false,
            "is_ultra_restricted": false
        },
        "blocks": [
            {
                "type": "rich_text",
                "block_id": "1t6\/i",
                "elements": [
                    {
                        "type": "rich_text_section",
                        "elements": [
                            {
                                "type": "text",
                                "text": "変更するかもしれませんが、TerraformをつかったTerraform Cloudの運用管理の取り組みについてお話しようかと考えています。"
                            }
                        ]
                    }
                ]
            }
        ],
        "thread_ts": "1611796253.004800",
        "parent_user_id": "UFU0BKD8F",
        "reactions": [
            {
                "name": "tada",
                "users": [
                    "UFU0BKD8F"
                ],
                "count": 1
            },
            {
                "name": "よろしく",
                "users": [
                    "UFU0BKD8F"
                ],
                "count": 1
            }
        ]
    }
]