[
    {
        "client_msg_id": "673e6d59-4974-472a-aacc-dd54605eeeea",
        "type": "message",
        "text": "鏑木に頼んだので、15分でTerraform Consul Syncをアジェンダにお願いします〜デモするのでちょっとだけ押す可能性がありますがご容赦を〜",
        "user": "UMYT1J2RX",
        "ts": "1611619067.000600",
        "team": "TFU0BKCQP",
        "user_team": "TFU0BKCQP",
        "source_team": "TFU0BKCQP",
        "user_profile": {
            "avatar_hash": "g9e1ca1887f6",
            "image_72": "https:\/\/secure.gravatar.com\/avatar\/59e1ca1887f6751ed6cc67e1eed56a91.jpg?s=72&d=https%3A%2F%2Fa.slack-edge.com%2Fdf10d%2Fimg%2Favatars%2Fava_0010-72.png",
            "first_name": "",
            "real_name": "Rumi Oku",
            "display_name": "",
            "team": "TFU0BKCQP",
            "name": "rumioku",
            "is_restricted": false,
            "is_ultra_restricted": false
        },
        "edited": {
            "user": "UMYT1J2RX",
            "ts": "1611619128.000000"
        },
        "blocks": [
            {
                "type": "rich_text",
                "block_id": "IiU",
                "elements": [
                    {
                        "type": "rich_text_section",
                        "elements": [
                            {
                                "type": "text",
                                "text": "鏑木に頼んだので、15分でTerraform Consul Syncをアジェンダにお願いします〜デモするのでちょっとだけ押す可能性がありますがご容赦を〜"
                            }
                        ]
                    }
                ]
            }
        ],
        "thread_ts": "1610280997.062100",
        "parent_user_id": "UFU0BKD8F",
        "reactions": [
            {
                "name": "tada",
                "users": [
                    "UFU0BKD8F",
                    "U01GW0D6MD2"
                ],
                "count": 2
            }
        ]
    }
]