[
    {
        "client_msg_id": "3f26af74-bac6-4939-8c3f-e9efc4ba1f6e",
        "type": "message",
        "text": "認定資格も持っているw（まぁ僕は別になんもなしでいいんですがw）\nなにがいいんでしょうねえ",
        "user": "UG46Z57TN",
        "ts": "1610865045.000300",
        "team": "TFU0BKCQP",
        "user_team": "TFU0BKCQP",
        "source_team": "TFU0BKCQP",
        "user_profile": {
            "avatar_hash": "c6bdd4cb17db",
            "image_72": "https:\/\/avatars.slack-edge.com\/2019-07-05\/685991185957_c6bdd4cb17db956661a1_72.jpg",
            "first_name": "Takeshi",
            "real_name": "Takeshi Kondo",
            "display_name": "chaspy",
            "team": "TFU0BKCQP",
            "name": "take.she12",
            "is_restricted": false,
            "is_ultra_restricted": false
        },
        "blocks": [
            {
                "type": "rich_text",
                "block_id": "2wX",
                "elements": [
                    {
                        "type": "rich_text_section",
                        "elements": [
                            {
                                "type": "text",
                                "text": "認定資格も持っているw（まぁ僕は別になんもなしでいいんですがw）\nなにがいいんでしょうねえ"
                            }
                        ]
                    }
                ]
            }
        ],
        "thread_ts": "1610280997.062100",
        "parent_user_id": "UFU0BKD8F"
    },
    {
        "client_msg_id": "8e60eb05-293d-4ecb-8878-5d993630a872",
        "type": "message",
        "text": "クーポンを LT したひと + ツイートしてくれたひとから抽選とかがいいすかね。",
        "user": "UG46Z57TN",
        "ts": "1610865193.000500",
        "team": "TFU0BKCQP",
        "user_team": "TFU0BKCQP",
        "source_team": "TFU0BKCQP",
        "user_profile": {
            "avatar_hash": "c6bdd4cb17db",
            "image_72": "https:\/\/avatars.slack-edge.com\/2019-07-05\/685991185957_c6bdd4cb17db956661a1_72.jpg",
            "first_name": "Takeshi",
            "real_name": "Takeshi Kondo",
            "display_name": "chaspy",
            "team": "TFU0BKCQP",
            "name": "take.she12",
            "is_restricted": false,
            "is_ultra_restricted": false
        },
        "edited": {
            "user": "UG46Z57TN",
            "ts": "1610865200.000000"
        },
        "blocks": [
            {
                "type": "rich_text",
                "block_id": "jvK",
                "elements": [
                    {
                        "type": "rich_text_section",
                        "elements": [
                            {
                                "type": "text",
                                "text": "クーポンを LT したひと + ツイートしてくれたひとから抽選とかがいいすかね。"
                            }
                        ]
                    }
                ]
            }
        ],
        "thread_ts": "1610280997.062100",
        "parent_user_id": "UFU0BKD8F"
    }
]