[
    {
        "client_msg_id": "71eeb531-b254-42f6-ba79-deb7dc1fcece",
        "type": "message",
        "text": "HashiCorp さんには HCP Vault とかの話聞かないといけないんじゃないかとか。\nあと terraform cdk",
        "user": "UFU0BKD8F",
        "ts": "1611149595.002100",
        "team": "TFU0BKCQP",
        "user_team": "TFU0BKCQP",
        "source_team": "TFU0BKCQP",
        "user_profile": {
            "avatar_hash": "92c41c62c7b0",
            "image_72": "https:\/\/avatars.slack-edge.com\/2019-01-30\/537137791812_92c41c62c7b0f054d3dd_72.jpg",
            "first_name": "らき",
            "real_name": "らき",
            "display_name": "raki",
            "team": "TFU0BKCQP",
            "name": "nishimuray",
            "is_restricted": false,
            "is_ultra_restricted": false
        },
        "blocks": [
            {
                "type": "rich_text",
                "block_id": "4X+h",
                "elements": [
                    {
                        "type": "rich_text_section",
                        "elements": [
                            {
                                "type": "text",
                                "text": "HashiCorp さんには HCP Vault とかの話聞かないといけないんじゃないかとか。\nあと terraform cdk"
                            }
                        ]
                    }
                ]
            }
        ],
        "thread_ts": "1610280997.062100",
        "parent_user_id": "UFU0BKD8F"
    }
]