[
    {
        "client_msg_id": "b1e7a4ec-61f3-411e-ba09-564c226b638a",
        "type": "message",
        "text": "見切り発車で次回イベントの予定立てました。\n<https:\/\/terraform-jp.connpass.com\/event\/200581\/>",
        "user": "UFU0BKD8F",
        "ts": "1610259681.055700",
        "team": "TFU0BKCQP",
        "user_team": "TFU0BKCQP",
        "source_team": "TFU0BKCQP",
        "user_profile": {
            "avatar_hash": "92c41c62c7b0",
            "image_72": "https:\/\/avatars.slack-edge.com\/2019-01-30\/537137791812_92c41c62c7b0f054d3dd_72.jpg",
            "first_name": "らき",
            "real_name": "らき",
            "display_name": "raki",
            "team": "TFU0BKCQP",
            "name": "nishimuray",
            "is_restricted": false,
            "is_ultra_restricted": false
        },
        "attachments": [
            {
                "service_name": "connpass",
                "title": "Terraform meetup ONLINE #2020.02 (2021\/02\/10 16:00〜)",
                "title_link": "https:\/\/terraform-jp.connpass.com\/event\/200581\/",
                "text": "# 開催概要 全国数万人（と思われる）の terraform ユーザの皆様、お待たせしました。 あの terraform meetup が帰ってきました。 HashiCorp社様からの支援を受けて、初のオンライン開催です。 今回は約１年ぶり、初のオンラインということもあり、豪華２部構成としてみました。 詳細はまったく詰められていませんが、とりあえずやりますよ、ということでひとつ。はい。 ご意見等は terraform-jp へどうぞ。 # 第一部 16:00 - 18:00 * 16:00 - 16:10 Zoom 調整と開催挨拶 * 16:10 - 16:50 Ha...",
                "fallback": "connpass: Terraform meetup ONLINE #2020.02 (2021\/02\/10 16:00〜)",
                "image_url": "https:\/\/connpass-tokyo.s3.amazonaws.com\/thumbs\/43\/a5\/43a592e005e3de8df2fa4b11d7308879.png",
                "from_url": "https:\/\/terraform-jp.connpass.com\/event\/200581\/",
                "image_width": 250,
                "image_height": 250,
                "image_bytes": 17974,
                "service_icon": "https:\/\/connpass.com\/static\/img\/apple_touch_icon.png",
                "id": 1,
                "original_url": "https:\/\/terraform-jp.connpass.com\/event\/200581\/"
            }
        ],
        "blocks": [
            {
                "type": "rich_text",
                "block_id": "x\/HNr",
                "elements": [
                    {
                        "type": "rich_text_section",
                        "elements": [
                            {
                                "type": "text",
                                "text": "見切り発車で次回イベントの予定立てました。\n"
                            },
                            {
                                "type": "link",
                                "url": "https:\/\/terraform-jp.connpass.com\/event\/200581\/"
                            }
                        ]
                    }
                ]
            }
        ],
        "reactions": [
            {
                "name": "tada",
                "users": [
                    "U01JJL7NLKE",
                    "UG46Z57TN",
                    "ULUB6GFRT",
                    "UT6FECJA3",
                    "U01K2CMHZCY",
                    "U01GW0D6MD2",
                    "UR8TR0GA3",
                    "U01AEH6SRL2",
                    "UGW0ABZLG",
                    "U01HHSRC7EU",
                    "U01JTCK1DS8"
                ],
                "count": 11
            },
            {
                "name": "pray",
                "users": [
                    "UGW0ABZLG"
                ],
                "count": 1
            }
        ]
    }
]