[
    {
        "client_msg_id": "656e988f-dee9-4cd8-b63e-06ce31e88bdf",
        "type": "message",
        "text": "すっげ適当だけど terraform-jp の color theme 設定してみた。\n\n#5C4EE5,#000000,#3C2EC5,#FFFFFF,#3C2EC5,#FFFFFF,#25BA81,#25BA81\n\n一応ブランドカラーから、HachiCorp の黒と terraform の青？とNomadの緑を設定してみた。Consul のピンクも使いたかったけど terraform の青と相性悪いｗ",
        "user": "UFU0BKD8F",
        "ts": "1556179008.025100",
        "thread_ts": "1556179008.025100",
        "reply_count": 3,
        "reply_users_count": 3,
        "latest_reply": "1556247196.028400",
        "reply_users": [
            "UFTKSQ25T",
            "UFU0BKD8F",
            "UJ0HPTBD2"
        ],
        "replies": [
            {
                "user": "UFTKSQ25T",
                "ts": "1556191785.026200"
            },
            {
                "user": "UFU0BKD8F",
                "ts": "1556192340.027900"
            },
            {
                "user": "UJ0HPTBD2",
                "ts": "1556247196.028400"
            }
        ],
        "reactions": [
            {
                "name": "+1",
                "users": [
                    "UGVTSE7LG",
                    "UGZCN013R",
                    "UGW0ABZLG",
                    "UGYCLKP52",
                    "UFTKSQ25T",
                    "UJ0HPTBD2",
                    "UFUP9BGES",
                    "UJ3BLGMHV"
                ],
                "count": 8
            },
            {
                "name": "terraform",
                "users": [
                    "UFTKSQ25T",
                    "UFT9ULVQR",
                    "UFUP9BGES",
                    "UG1QN22JZ"
                ],
                "count": 4
            }
        ]
    },
    {
        "client_msg_id": "f851708a-232d-4a8a-a421-daaa9f597801",
        "type": "message",
        "text": "HashiCorpのブランドカラーはここね。\n<https:\/\/www.hashicorp.com\/brand>",
        "user": "UFU0BKD8F",
        "ts": "1556179047.025500",
        "attachments": [
            {
                "service_name": "HashiCorp - Cloud Infrastructure Automation",
                "title": "HashiCorp Brand",
                "title_link": "https:\/\/www.hashicorp.com\/brand",
                "text": "HashiCorp brand guidelines to help you use our brand and assets, including our logo, content, and trademarks.",
                "fallback": "HashiCorp - Cloud Infrastructure Automation: HashiCorp Brand",
                "image_url": "https:\/\/www.datocms-assets.com\/2885\/1508522484-share.jpg",
                "from_url": "https:\/\/www.hashicorp.com\/brand",
                "image_width": 478,
                "image_height": 250,
                "image_bytes": 29977,
                "service_icon": "https:\/\/www.datocms-assets.com\/2885\/1527033389-favicon.png?w=57&amp;h=57",
                "id": 1,
                "original_url": "https:\/\/www.hashicorp.com\/brand"
            }
        ]
    },
    {
        "client_msg_id": "1d0935b3-f88e-4ddc-94eb-e27b02826922",
        "type": "message",
        "text": "変えてみて、一瞬眩しく感じましたが、慣れるともうこれしかないってくらい:terraform: 感がでてる…!!!",
        "user": "UFTKSQ25T",
        "ts": "1556191785.026200",
        "thread_ts": "1556179008.025100",
        "parent_user_id": "UFU0BKD8F"
    },
    {
        "client_msg_id": "B8C01626-C0A9-4A9D-9781-1EBD9B567073",
        "type": "message",
        "text": "こだわらなければ一段色彩を下げてもいいとは思うんだけどとりあえずは公式に則るべきかなってw",
        "user": "UFU0BKD8F",
        "ts": "1556192340.027900",
        "thread_ts": "1556179008.025100",
        "parent_user_id": "UFU0BKD8F"
    },
    {
        "client_msg_id": "5886302c-4489-498c-b012-02b8ddd14b75",
        "type": "message",
        "text": "目の覚める色ですねｗ",
        "user": "UJ0HPTBD2",
        "ts": "1556247196.028400",
        "thread_ts": "1556179008.025100",
        "parent_user_id": "UFU0BKD8F"
    }
]