[
    {
        "client_msg_id": "e342e23e-15ee-4a9b-94c1-944a44143d0b",
        "type": "message",
        "text": "お、今99人参加らしい。次の人が100人目だ",
        "user": "UFU0BKD8F",
        "ts": "1555727198.006500",
        "reactions": [
            {
                "name": "tada",
                "users": [
                    "UG46Z57TN",
                    "UGVTSE7LG",
                    "UJ3BLGMHV",
                    "UG1QN22JZ",
                    "UGTNGDPUJ",
                    "UGZHF5C9M",
                    "UGY9BJ1NF"
                ],
                "count": 7
            },
            {
                "name": "100",
                "users": [
                    "UGVSWU1CY",
                    "UFUP9BGES"
                ],
                "count": 2
            }
        ]
    }
]