[
    {
        "type": "message",
        "subtype": "bot_message",
        "text": "<https:\/\/qiita.com\/nakamuloud\/items\/a296f57aa5acfd444d1a|Terraformにおけるソースコードの運用戦略>\nはじめに\n\nTerraformにおいて大きな課題の一つにソースコードの管理をどう扱うか､という課題に直面した｡\n具体的にはAWSのLambdaなどはクラウドリソースであり､\n\n今回は以下ののような構成をベースに考える｡\n\n\/   \n└ terraform\n　 ├ module\n　 │ └ lambda\n　 ├ production\n　 ├ stagin\n　 └ develop\n\n\nその中で対策は大きく２つあると考える｡\n\n\nTerraformと同じリポジトリに埋め込む（ボツ案）\n\n\/\n├ app\n│ ├ func1\n│ └ func2   \n└ terraform\n　 ├ module\n　 │ └ lambda\n　 ├ production\n　 ├ stagin\n　 └ develop\n\n\nTerraformのリポジトリと同一のリポジトリにソースコードを含めてしまう｡\nTerraformの環境差分をBranchを切らずに､main一本で管理していた｡\nつまるところGitの機能はほぼ使わずに､ある意味ファイルサーバ的な使い方をしていた｡...",
        "ts": "1618727212.044100",
        "username": "Terraformタグが付けられた新着記事 - Qiita",
        "icons": {
            "image_36": "https:\/\/a.slack-edge.com\/80588\/img\/services\/rss_36.png",
            "image_48": "https:\/\/a.slack-edge.com\/80588\/img\/services\/rss_48.png",
            "image_72": "https:\/\/a.slack-edge.com\/80588\/img\/services\/rss_72.png"
        },
        "bot_id": "BG3N7LG73",
        "attachments": [
            {
                "service_name": "Qiita",
                "title": "Terraformにおけるソースコードの運用戦略 - Qiita",
                "title_link": "https:\/\/qiita.com\/nakamuloud\/items\/a296f57aa5acfd444d1a",
                "text": "はじめに Terraformにおいて大きな課題の一つにソースコードの管理をどう扱うか､という課題に直面した｡ 具体的にはAWSのLambdaなどはクラウドリソースであり､ 今回は以下ののような構成をベースに考える｡ \/ ...",
                "fallback": "Qiita: Terraformにおけるソースコードの運用戦略 - Qiita",
                "image_url": "https:\/\/staging-qiita-user-contents.imgix.net\/https%3A%2F%2Fcdn.qiita.com%2Fassets%2Fpublic%2Farticle-ogp-background-1150d8b18a7c15795b701a55ae908f94.png?ixlib=rb-4.0.0&w=1200&mark=https%3A%2F%2Fstaging-qiita-user-contents.imgix.net%2F~text%3Fixlib%3Drb-4.0.0%26w%3D840%26h%3D380%26txt%3DTerraform%25E3%2581%25AB%25E3%2581%258A%25E3%2581%2591%25E3%2582%258B%25E3%2582%25BD%25E3%2583%25BC%25E3%2582%25B9%25E3%2582%25B3%25E3%2583%25BC%25E3%2583%2589%25E3%2581%25AE%25E9%2581%258B%25E7%2594%25A8%25E6%2588%25A6%25E7%2595%25A5%26txt-color%3D%2523333%26txt-font%3DHiragino%2520Sans%2520W6%26txt-size%3D54%26txt-clip%3Dellipsis%26txt-align%3Dcenter%252Cmiddle%26s%3D5102d6a55e531d21ff95d7231f357aae&mark-align=center%2Cmiddle&blend=https%3A%2F%2Fstaging-qiita-user-contents.imgix.net%2F~text%3Fixlib%3Drb-4.0.0%26w%3D840%26h%3D500%26txt%3D%2540nakamuloud%26txt-color%3D%2523333%26txt-font%3DHiragino%2520Sans%2520W6%26txt-size%3D45%26txt-align%3Dright%252Cbottom%26s%3D3d4e2b94c5860d76cb465838a7ce94a1&blend-align=center%2Cmiddle&blend-mode=normal&s=310c73ff18de127bc2754c4a230f1654",
                "from_url": "https:\/\/qiita.com\/nakamuloud\/items\/a296f57aa5acfd444d1a",
                "image_width": 476,
                "image_height": 250,
                "image_bytes": 47959,
                "service_icon": "https:\/\/cdn.qiita.com\/assets\/favicons\/public\/apple-touch-icon-ec5ba42a24ae923f16825592efdc356f.png",
                "id": 1,
                "original_url": "https:\/\/qiita.com\/nakamuloud\/items\/a296f57aa5acfd444d1a"
            }
        ],
        "edited": {
            "user": "BG3N7LG73",
            "ts": "1618727212.000000"
        }
    }
]