[
    {
        "type": "message",
        "subtype": "bot_message",
        "text": "<https:\/\/qiita.com\/numsh\/items\/92aeef4e7e2fe4135429|Terraform で Azure 仮想マシンのカスタムスクリプトを書く>\n<https:\/\/qiita.com\/#%E3%81%AF%E3%81%98%E3%82%81%E3%81%AB>はじめに\n\nAzure には、Linux 等の仮想マシンを構築する際に特権ユーザーで初期スクリプト（カスタムスクリプト）を実行する仕組みがあります。\nTerraform では  <https:\/\/registry.terraform.io\/providers\/hashicorp\/azurerm\/latest\/docs\/resources\/virtual_machine_extension|azurerm_virtual_machine_extension> でカスタムスクリプトを設定できます。\nazurerm_virtual_machine_extension の書き方に難儀したので、記録しておきます。\n\n\n&lt;a...",
        "ts": "1617607003.027400",
        "username": "Terraformタグが付けられた新着記事 - Qiita",
        "icons": {
            "image_36": "https:\/\/a.slack-edge.com\/80588\/img\/services\/rss_36.png",
            "image_48": "https:\/\/a.slack-edge.com\/80588\/img\/services\/rss_48.png",
            "image_72": "https:\/\/a.slack-edge.com\/80588\/img\/services\/rss_72.png"
        },
        "bot_id": "BG3N7LG73",
        "attachments": [
            {
                "service_name": "Qiita",
                "title": "Terraform で Azure 仮想マシンのカスタムスクリプトを書く - Qiita",
                "title_link": "https:\/\/qiita.com\/numsh\/items\/92aeef4e7e2fe4135429",
                "text": "はじめに Azure には、Linux 等の仮想マシンを構築する際に特権ユーザーで初期スクリプト（カスタムスクリプト）を実行する仕組みがあります。 Terraform では azurerm_virtual_machine_ex...",
                "fallback": "Qiita: Terraform で Azure 仮想マシンのカスタムスクリプトを書く - Qiita",
                "image_url": "https:\/\/staging-qiita-user-contents.imgix.net\/https%3A%2F%2Fcdn.qiita.com%2Fassets%2Fpublic%2Farticle-ogp-background-1150d8b18a7c15795b701a55ae908f94.png?ixlib=rb-4.0.0&w=1200&mark=https%3A%2F%2Fstaging-qiita-user-contents.imgix.net%2F~text%3Fixlib%3Drb-4.0.0%26w%3D840%26h%3D380%26txt%3DTerraform%2520%25E3%2581%25A7%2520Azure%2520%25E4%25BB%25AE%25E6%2583%25B3%25E3%2583%259E%25E3%2582%25B7%25E3%2583%25B3%25E3%2581%25AE%25E3%2582%25AB%25E3%2582%25B9%25E3%2582%25BF%25E3%2583%25A0%25E3%2582%25B9%25E3%2582%25AF%25E3%2583%25AA%25E3%2583%2597%25E3%2583%2588%25E3%2582%2592%25E6%259B%25B8%25E3%2581%258F%26txt-color%3D%2523333%26txt-font%3DHiragino%2520Sans%2520W6%26txt-size%3D54%26txt-clip%3Dellipsis%26txt-align%3Dcenter%252Cmiddle%26s%3D1b740df17174716f6cf3ff0a776688a6&mark-align=center%2Cmiddle&blend=https%3A%2F%2Fstaging-qiita-user-contents.imgix.net%2F~text%3Fixlib%3Drb-4.0.0%26w%3D840%26h%3D500%26txt%3D%2540numsh%26txt-color%3D%2523333%26txt-font%3DHiragino%2520Sans%2520W6%26txt-size%3D45%26txt-align%3Dright%252Cbottom%26s%3D4d2c2a84610e9387510fba3d3c8bf98a&blend-align=center%2Cmiddle&blend-mode=normal&s=655fac91274829a530f4f5f7be14aab6",
                "from_url": "https:\/\/qiita.com\/numsh\/items\/92aeef4e7e2fe4135429",
                "image_width": 476,
                "image_height": 250,
                "image_bytes": 53061,
                "service_icon": "https:\/\/cdn.qiita.com\/assets\/favicons\/public\/apple-touch-icon-ec5ba42a24ae923f16825592efdc356f.png",
                "id": 1,
                "original_url": "https:\/\/qiita.com\/numsh\/items\/92aeef4e7e2fe4135429"
            },
            {
                "service_name": "Qiita",
                "title": "プログラマの技術情報共有サービス - Qiita",
                "title_link": "https:\/\/qiita.com\/#%E3%81%AF%E3%81%98%E3%82%81%E3%81%AB",
                "text": "Qiitaは、プログラマのための技術情報共有サービスです。 プログラミングに関するTips、ノウハウ、メモを簡単に記録 &amp; 公開することができます。",
                "fallback": "Qiita: プログラマの技術情報共有サービス - Qiita",
                "thumb_url": "https:\/\/cdn.qiita.com\/assets\/qiita-fb-41f9429f13a8c56f50dd0ab477c80d26.png",
                "from_url": "https:\/\/qiita.com\/#%E3%81%AF%E3%81%98%E3%82%81%E3%81%AB",
                "thumb_width": 1200,
                "thumb_height": 630,
                "service_icon": "https:\/\/cdn.qiita.com\/assets\/favicons\/public\/apple-touch-icon-ec5ba42a24ae923f16825592efdc356f.png",
                "id": 2,
                "original_url": "https:\/\/qiita.com\/#%E3%81%AF%E3%81%98%E3%82%81%E3%81%AB"
            }
        ],
        "edited": {
            "user": "BG3N7LG73",
            "ts": "1617607004.000000"
        }
    },
    {
        "type": "message",
        "subtype": "bot_message",
        "text": "<https:\/\/www.reddit.com\/r\/Terraform\/comments\/mkjn2j\/best_practics_to_create_terrafrom_module_with\/|Best practics to create terrafrom module with flexible resource options.>\nI would like to create a module with multiple resources. But I need the have flexiblity in the resource arguments. For example in aws_ecs_service, each services may have different values for ordered_placement_strategy or can even appear multiple times. placement_constraints may or may not be defined.  What is the best approach. When we have these type of requirements is best not to use modules and directly define the resources?   resource \"aws_ecs_service\" \"mongo\" {\n name = \"mongodb\"\n cluster...",
        "ts": "1617626806.027600",
        "username": "Terraform",
        "icons": {
            "image_48": "https:\/\/s3-us-west-2.amazonaws.com\/slack-files2\/bot_icons\/2019-02-12\/548785199618_48.png"
        },
        "bot_id": "BG3N7LG73",
        "attachments": [
            {
                "service_name": "reddit",
                "title": "Best practics to create terrafrom module with flexible resource options.",
                "title_link": "https:\/\/www.reddit.com\/r\/Terraform\/comments\/mkjn2j\/best_practics_to_create_terrafrom_module_with\/",
                "text": "I would like to create a module with multiple resources. But I need the have flexiblity in the resource arguments. For example in...",
                "fallback": "reddit: Best practics to create terrafrom module with flexible resource options.",
                "thumb_url": "https:\/\/www.redditstatic.com\/new-icon.png",
                "from_url": "https:\/\/www.reddit.com\/r\/Terraform\/comments\/mkjn2j\/best_practics_to_create_terrafrom_module_with\/",
                "thumb_width": 256,
                "thumb_height": 256,
                "service_icon": "http:\/\/www.redditstatic.com\/desktop2x\/img\/favicon\/apple-icon-57x57.png",
                "id": 1,
                "original_url": "https:\/\/www.reddit.com\/r\/Terraform\/comments\/mkjn2j\/best_practics_to_create_terrafrom_module_with\/"
            }
        ],
        "edited": {
            "user": "BG3N7LG73",
            "ts": "1617626806.000000"
        }
    },
    {
        "type": "message",
        "subtype": "bot_message",
        "text": "<https:\/\/www.reddit.com\/r\/Terraform\/comments\/mkkf2i\/has_anyone_taken_hashicorps_cloud_engineer\/|has anyone taken HashiCorp’s Cloud Engineer Certification Exam today?>\nI had an exam scheduled for earlier today and i logged into the portal, My ID was not verified for almost an hour! No answer from their support or live chat, has anyone taken their exam today or experienced this? Now it shows that i've failed the exam with 0% (Obviously since i didn't actually take it!)    submitted by   <https:\/\/www.reddit.com\/user\/Grizzly-coder| \/u\/Grizzly-coder > \n&lt;a...",
        "ts": "1617628605.027800",
        "username": "Terraform",
        "icons": {
            "image_48": "https:\/\/s3-us-west-2.amazonaws.com\/slack-files2\/bot_icons\/2019-02-12\/548785199618_48.png"
        },
        "bot_id": "BG3N7LG73",
        "attachments": [
            {
                "service_name": "reddit",
                "title": "has anyone taken HashiCorp’s Cloud Engineer Certification Exam today?",
                "title_link": "https:\/\/www.reddit.com\/r\/Terraform\/comments\/mkkf2i\/has_anyone_taken_hashicorps_cloud_engineer\/",
                "text": "I had an exam scheduled for earlier today and i logged into the portal, My ID was not verified for almost an hour! No answer from their support...",
                "fallback": "reddit: has anyone taken HashiCorp’s Cloud Engineer Certification Exam today?",
                "thumb_url": "https:\/\/www.redditstatic.com\/new-icon.png",
                "from_url": "https:\/\/www.reddit.com\/r\/Terraform\/comments\/mkkf2i\/has_anyone_taken_hashicorps_cloud_engineer\/",
                "thumb_width": 256,
                "thumb_height": 256,
                "service_icon": "http:\/\/www.redditstatic.com\/desktop2x\/img\/favicon\/apple-icon-57x57.png",
                "id": 1,
                "original_url": "https:\/\/www.reddit.com\/r\/Terraform\/comments\/mkkf2i\/has_anyone_taken_hashicorps_cloud_engineer\/"
            },
            {
                "title": "overview for Grizzly-coder",
                "title_link": "https:\/\/www.reddit.com\/user\/Grizzly-coder",
                "text": "The u\/Grizzly-coder community on Reddit. Reddit gives you the best of the internet in one place.",
                "fallback": "overview for Grizzly-coder",
                "from_url": "https:\/\/www.reddit.com\/user\/Grizzly-coder",
                "service_icon": "http:\/\/www.redditstatic.com\/desktop2x\/img\/favicon\/apple-icon-57x57.png",
                "service_name": "reddit.com",
                "id": 2,
                "original_url": "https:\/\/www.reddit.com\/user\/Grizzly-coder"
            }
        ],
        "edited": {
            "user": "BG3N7LG73",
            "ts": "1617628606.000000"
        }
    },
    {
        "type": "message",
        "subtype": "bot_message",
        "text": "<https:\/\/www.reddit.com\/r\/Terraform\/comments\/mkn25a\/who_is_terraform_for\/|Who is terraform for?>\nHi,  Bit of context. I'm an intermediate sysadmin with no real experience in cloud infrastructure. I have just passed az-104 and want to get into the field.  My programming skills are limited but am eager to learn.  Is terraform something I should learn? Is it too advanced for a new cloud admin? Thanks in advance and sorry if it's not the right place to ask.    submitted by   <https:\/\/www.reddit.com\/user\/ToadPie| \/u\/ToadPie > \n&lt;a...",
        "ts": "1617637014.028000",
        "username": "Terraform",
        "icons": {
            "image_48": "https:\/\/s3-us-west-2.amazonaws.com\/slack-files2\/bot_icons\/2019-02-12\/548785199618_48.png"
        },
        "bot_id": "BG3N7LG73",
        "attachments": [
            {
                "service_name": "reddit",
                "title": "Who is terraform for?",
                "title_link": "https:\/\/www.reddit.com\/r\/Terraform\/comments\/mkn25a\/who_is_terraform_for\/",
                "text": "Hi, Bit of context. I'm an intermediate sysadmin with no real experience in cloud infrastructure. I have just passed az-104 and want to get into...",
                "fallback": "reddit: Who is terraform for?",
                "thumb_url": "https:\/\/www.redditstatic.com\/new-icon.png",
                "from_url": "https:\/\/www.reddit.com\/r\/Terraform\/comments\/mkn25a\/who_is_terraform_for\/",
                "thumb_width": 256,
                "thumb_height": 256,
                "service_icon": "http:\/\/www.redditstatic.com\/desktop2x\/img\/favicon\/apple-icon-57x57.png",
                "id": 1,
                "original_url": "https:\/\/www.reddit.com\/r\/Terraform\/comments\/mkn25a\/who_is_terraform_for\/"
            },
            {
                "title": "overview for ToadPie",
                "title_link": "https:\/\/www.reddit.com\/user\/ToadPie",
                "text": "The u\/ToadPie community on Reddit. Reddit gives you the best of the internet in one place.",
                "fallback": "overview for ToadPie",
                "from_url": "https:\/\/www.reddit.com\/user\/ToadPie",
                "service_icon": "http:\/\/www.redditstatic.com\/desktop2x\/img\/favicon\/apple-icon-57x57.png",
                "service_name": "reddit.com",
                "id": 2,
                "original_url": "https:\/\/www.reddit.com\/user\/ToadPie"
            }
        ],
        "edited": {
            "user": "BG3N7LG73",
            "ts": "1617637014.000000"
        }
    },
    {
        "type": "message",
        "subtype": "bot_message",
        "text": "<https:\/\/www.reddit.com\/r\/Terraform\/comments\/mkn6j0\/import_subnet_id_for_subnet_mapping\/|Import Subnet_ID for Subnet_Mapping?>\nI provision an AWS Network firewall using this TF code: resource \"aws_networkfirewall_firewall\" \"Firewall\" {\nname = \"network-firewall\"\nfirewall_policy_arn = aws_networkfirewall_firewall_policy.FirewallPolicy.arn\nvpc_id = aws_vpc.VPC.id\ndelete_protection = false\nsubnet_change_protection = false\nfirewall_policy_change_protection = false\nsubnet_mapping {\nsubnet_id = \"subnet-053743110ac9102c0\"\n}\nsubnet_mapping {\nsubnet_id = \"subnet-0b9ebf8461abf85f3\"\n}\n} As you can see, the subnets are currently...",
        "ts": "1617637014.028100",
        "username": "Terraform",
        "icons": {
            "image_48": "https:\/\/s3-us-west-2.amazonaws.com\/slack-files2\/bot_icons\/2019-02-12\/548785199618_48.png"
        },
        "bot_id": "BG3N7LG73",
        "attachments": [
            {
                "service_name": "reddit",
                "title": "Import Subnet_ID for Subnet_Mapping?",
                "title_link": "https:\/\/www.reddit.com\/r\/Terraform\/comments\/mkn6j0\/import_subnet_id_for_subnet_mapping\/",
                "text": "I provision an AWS Network firewall using this TF code: `resource \"aws_networkfirewall_firewall\" \"Firewall\" {` `name = \"network-firewall\"` ...",
                "fallback": "reddit: Import Subnet_ID for Subnet_Mapping?",
                "thumb_url": "https:\/\/www.redditstatic.com\/new-icon.png",
                "from_url": "https:\/\/www.reddit.com\/r\/Terraform\/comments\/mkn6j0\/import_subnet_id_for_subnet_mapping\/",
                "thumb_width": 256,
                "thumb_height": 256,
                "service_icon": "http:\/\/www.redditstatic.com\/desktop2x\/img\/favicon\/apple-icon-57x57.png",
                "id": 1,
                "original_url": "https:\/\/www.reddit.com\/r\/Terraform\/comments\/mkn6j0\/import_subnet_id_for_subnet_mapping\/"
            }
        ],
        "edited": {
            "user": "BG3N7LG73",
            "ts": "1617637014.000000"
        }
    },
    {
        "type": "message",
        "subtype": "bot_message",
        "text": "<https:\/\/www.reddit.com\/r\/Terraform\/comments\/mktb18\/terratest_maven_plugin\/|Terratest maven plugin>\nHi! The terratest-maven-plugin is now featured on terratest's website (see: <https:\/\/terratest.gruntwork.io\/docs\/testing-best-practices\/tools-and-plugins\/|https:\/\/terratest.gruntwork.io\/docs\/testing-best-practices\/tools-and-plugins\/>) :) So if you have any questions or would like to learn more, visit: <https:\/\/terratest-maven-plugin.github.io\/|https:\/\/terratest-maven-plugin.github.io> or the GitHub repository: &lt;a...",
        "ts": "1617652614.028400",
        "username": "Terraform",
        "icons": {
            "image_48": "https:\/\/s3-us-west-2.amazonaws.com\/slack-files2\/bot_icons\/2019-02-12\/548785199618_48.png"
        },
        "bot_id": "BG3N7LG73",
        "attachments": [
            {
                "service_name": "reddit",
                "title": "Terratest maven plugin",
                "title_link": "https:\/\/www.reddit.com\/r\/Terraform\/comments\/mktb18\/terratest_maven_plugin\/",
                "text": "Hi! The terratest-maven-plugin is now featured on terratest's website (see:...",
                "fallback": "reddit: Terratest maven plugin",
                "thumb_url": "https:\/\/www.redditstatic.com\/new-icon.png",
                "from_url": "https:\/\/www.reddit.com\/r\/Terraform\/comments\/mktb18\/terratest_maven_plugin\/",
                "thumb_width": 256,
                "thumb_height": 256,
                "service_icon": "http:\/\/www.redditstatic.com\/desktop2x\/img\/favicon\/apple-icon-57x57.png",
                "id": 1,
                "original_url": "https:\/\/www.reddit.com\/r\/Terraform\/comments\/mktb18\/terratest_maven_plugin\/"
            },
            {
                "service_name": "Terratest | Automated tests for your infrastructure code.",
                "title": "Tools and Plugins",
                "title_link": "https:\/\/terratest.gruntwork.io\/docs\/testing-best-practices\/tools-and-plugins\/",
                "text": "Additional tools and plugins for terratest to make integration with existing workflows easier.",
                "fallback": "Terratest | Automated tests for your infrastructure code.: Tools and Plugins",
                "thumb_url": "https:\/\/terratest.gruntwork.io\/assets\/img\/terratest-thumbnail.png",
                "from_url": "https:\/\/terratest.gruntwork.io\/docs\/testing-best-practices\/tools-and-plugins\/",
                "thumb_width": 1280,
                "thumb_height": 494,
                "service_icon": "https:\/\/terratest.gruntwork.io\/assets\/img\/favicon\/apple-icon-57x57.png",
                "id": 2,
                "original_url": "https:\/\/terratest.gruntwork.io\/docs\/testing-best-practices\/tools-and-plugins\/"
            },
            {
                "title": "Terratest Maven Plugin - Use Terratest in your beloved Maven build",
                "title_link": "https:\/\/terratest-maven-plugin.github.io\/",
                "text": "Terratest Maven Plugin - Include your terratests into your beloved maven build pipeline",
                "fallback": "Terratest Maven Plugin - Use Terratest in your beloved Maven build",
                "from_url": "https:\/\/terratest-maven-plugin.github.io\/",
                "service_icon": "https:\/\/terratest-maven-plugin.github.io\/images\/terratest-maven-plugin-logo.png",
                "service_name": "terratest-maven-plugin.github.io",
                "id": 3,
                "original_url": "https:\/\/terratest-maven-plugin.github.io\/"
            }
        ],
        "edited": {
            "user": "BG3N7LG73",
            "ts": "1617652615.000000"
        }
    },
    {
        "type": "message",
        "subtype": "bot_message",
        "text": "<https:\/\/www.reddit.com\/r\/Terraform\/comments\/ml1uiz\/error_on_doing_terraform_init_error_while\/|Error on doing `terraform init`: \"Error while installing hashicorp\/new: provider registry registry.terraform.io does not have a provider named registry.terraform.io\/hashicorp\/new\">\nSo my main error on doing terraform init is this, and I'm not sure why or what I'm doing wrong:   Error while installing hashicorp\/new: provider registry <http:\/\/registry.terraform.io|registry.terraform.io> does not have a provider named <http:\/\/registry.terraform.io\/hashicorp\/new|registry.terraform.io\/hashicorp\/new>  Here is the <http:\/\/main.tf|main.tf> code of concern it appears: terraform { required_providers { newrelic = { source = \"newrelic\/newrelic\" version = \"2.21.0\" } } } provider \"newrelic\" { # Configuration options account_id = ## api_key = ## region = ## }  I go to run...",
        "ts": "1617678409.028600",
        "username": "Terraform",
        "icons": {
            "image_48": "https:\/\/s3-us-west-2.amazonaws.com\/slack-files2\/bot_icons\/2019-02-12\/548785199618_48.png"
        },
        "bot_id": "BG3N7LG73",
        "attachments": [
            {
                "service_name": "reddit",
                "title": "Error on doing `terraform init`: \"Error while installing hashicorp\/new: provider registry registry.terraform.io does not have a provider named registry.terraform.io\/hashicorp\/new\"",
                "title_link": "https:\/\/www.reddit.com\/r\/Terraform\/comments\/ml1uiz\/error_on_doing_terraform_init_error_while\/",
                "text": "So my main error on doing `terraform init` is this, and I'm not sure why or what I'm doing wrong: &gt; Error while installing hashicorp\/new:...",
                "fallback": "reddit: Error on doing `terraform init`: \"Error while installing hashicorp\/new: provider registry registry.terraform.io does not have a provider named registry.terraform.io\/hashicorp\/new\"",
                "thumb_url": "https:\/\/www.redditstatic.com\/new-icon.png",
                "from_url": "https:\/\/www.reddit.com\/r\/Terraform\/comments\/ml1uiz\/error_on_doing_terraform_init_error_while\/",
                "thumb_width": 256,
                "thumb_height": 256,
                "service_icon": "http:\/\/www.redditstatic.com\/desktop2x\/img\/favicon\/apple-icon-57x57.png",
                "id": 1,
                "original_url": "https:\/\/www.reddit.com\/r\/Terraform\/comments\/ml1uiz\/error_on_doing_terraform_init_error_while\/"
            }
        ],
        "edited": {
            "user": "BG3N7LG73",
            "ts": "1617678409.000000"
        }
    },
    {
        "type": "message",
        "subtype": "bot_message",
        "text": "<https:\/\/www.reddit.com\/r\/Terraform\/comments\/ml47ic\/multiple_instances_for_multiple_clients\/|Multiple instances for multiple clients>\nHello,  Sorry if this is a dumb question, I'm new to Terraform.  So this is the scenario:\n I want to manage multiple clients that uses the same module under a single project because I want to keep a clean Ansible inventory that I can be sure is correct after running terraform apply after adding or removing clients.  This is what I've done:\n I built a module for an instance, then I call this module in <https:\/\/main.tf\/|main.tf> with a for_each and I have a map of variables like so....",
        "ts": "1617686213.028800",
        "username": "Terraform",
        "icons": {
            "image_48": "https:\/\/s3-us-west-2.amazonaws.com\/slack-files2\/bot_icons\/2019-02-12\/548785199618_48.png"
        },
        "bot_id": "BG3N7LG73",
        "attachments": [
            {
                "service_name": "reddit",
                "title": "Multiple instances for multiple clients",
                "title_link": "https:\/\/www.reddit.com\/r\/Terraform\/comments\/ml47ic\/multiple_instances_for_multiple_clients\/",
                "text": "Hello, Sorry if this is a dumb question, I'm new to Terraform. So this is the scenario: I want to manage multiple clients that uses the...",
                "fallback": "reddit: Multiple instances for multiple clients",
                "thumb_url": "https:\/\/www.redditstatic.com\/new-icon.png",
                "from_url": "https:\/\/www.reddit.com\/r\/Terraform\/comments\/ml47ic\/multiple_instances_for_multiple_clients\/",
                "thumb_width": 256,
                "thumb_height": 256,
                "service_icon": "http:\/\/www.redditstatic.com\/desktop2x\/img\/favicon\/apple-icon-57x57.png",
                "id": 1,
                "original_url": "https:\/\/www.reddit.com\/r\/Terraform\/comments\/ml47ic\/multiple_instances_for_multiple_clients\/"
            }
        ],
        "edited": {
            "user": "BG3N7LG73",
            "ts": "1617686214.000000"
        }
    }
]