[
    {
        "type": "message",
        "subtype": "bot_message",
        "text": "<https:\/\/www.reddit.com\/r\/Terraform\/comments\/mwyb4p\/trouble_with_nested_maps_in_for_each\/|Trouble with nested maps in for_each>\nI'm trying to loop over a list of parents and children in this fashion:  users = { \"John Doe\" = { \"Jimmy Doe\" = { age = 15 hair = \"blonde\" } \"Johnny Doe\" = { age = 12 hair = \"brown\" } } \"Jane Doe\" = { \"Ginny Doe\" = { age = 16 hair = \"red\" } } }  This works: resource \"bla\" \"parents\" { for_each = var.users name = each.key }  This does not: resource \"bla\" \"children\" { for_each = var.users[*] name = each.key hair = each.value.hair age = each.value.age }  Something about it being a tuple, not a...",
        "ts": "1619193397.051900",
        "username": "Terraform",
        "icons": {
            "image_48": "https:\/\/s3-us-west-2.amazonaws.com\/slack-files2\/bot_icons\/2019-02-12\/548785199618_48.png"
        },
        "bot_id": "BG3N7LG73",
        "attachments": [
            {
                "service_name": "reddit",
                "title": "Trouble with nested maps in for_each",
                "title_link": "https:\/\/www.reddit.com\/r\/Terraform\/comments\/mwyb4p\/trouble_with_nested_maps_in_for_each\/",
                "text": "I'm trying to loop over a list of parents and children in this fashion: users = { \"John Doe\" = { \"Jimmy Doe\" = { ...",
                "fallback": "reddit: Trouble with nested maps in for_each",
                "thumb_url": "https:\/\/www.redditstatic.com\/new-icon.png",
                "from_url": "https:\/\/www.reddit.com\/r\/Terraform\/comments\/mwyb4p\/trouble_with_nested_maps_in_for_each\/",
                "thumb_width": 256,
                "thumb_height": 256,
                "service_icon": "http:\/\/www.redditstatic.com\/desktop2x\/img\/favicon\/apple-icon-57x57.png",
                "id": 1,
                "original_url": "https:\/\/www.reddit.com\/r\/Terraform\/comments\/mwyb4p\/trouble_with_nested_maps_in_for_each\/"
            }
        ],
        "edited": {
            "user": "BG3N7LG73",
            "ts": "1619193397.000000"
        }
    },
    {
        "type": "message",
        "subtype": "bot_message",
        "text": "<https:\/\/www.reddit.com\/r\/Terraform\/comments\/mwzo49\/business_pricing\/|Business Pricing>\nMy boss just asked if I had any idea on what Terraform Business Costs, I don't want to waste a sales persons time. Does anyone know or have a ballpark?    submitted by   <https:\/\/www.reddit.com\/user\/samii1031| \/u\/samii1031 > \n<https:\/\/www.reddit.com\/r\/Terraform\/comments\/mwzo49\/business_pricing\/|[link]>   <https:\/\/www.reddit.com\/r\/Terraform\/comments\/mwzo49\/business_pricing\/|[comments]>",
        "ts": "1619197000.052100",
        "username": "Terraform",
        "icons": {
            "image_48": "https:\/\/s3-us-west-2.amazonaws.com\/slack-files2\/bot_icons\/2019-02-12\/548785199618_48.png"
        },
        "bot_id": "BG3N7LG73",
        "attachments": [
            {
                "service_name": "reddit",
                "title": "Business Pricing",
                "title_link": "https:\/\/www.reddit.com\/r\/Terraform\/comments\/mwzo49\/business_pricing\/",
                "text": "My boss just asked if I had any idea on what Terraform Business Costs, I don't want to waste a sales persons time. Does anyone know or have a...",
                "fallback": "reddit: Business Pricing",
                "thumb_url": "https:\/\/www.redditstatic.com\/new-icon.png",
                "from_url": "https:\/\/www.reddit.com\/r\/Terraform\/comments\/mwzo49\/business_pricing\/",
                "thumb_width": 256,
                "thumb_height": 256,
                "service_icon": "http:\/\/www.redditstatic.com\/desktop2x\/img\/favicon\/apple-icon-57x57.png",
                "id": 1,
                "original_url": "https:\/\/www.reddit.com\/r\/Terraform\/comments\/mwzo49\/business_pricing\/"
            },
            {
                "title": "overview for samii1031",
                "title_link": "https:\/\/www.reddit.com\/user\/samii1031",
                "text": "The u\/samii1031 community on Reddit. Reddit gives you the best of the internet in one place.",
                "fallback": "overview for samii1031",
                "from_url": "https:\/\/www.reddit.com\/user\/samii1031",
                "service_icon": "http:\/\/www.redditstatic.com\/desktop2x\/img\/favicon\/apple-icon-57x57.png",
                "service_name": "reddit.com",
                "id": 2,
                "original_url": "https:\/\/www.reddit.com\/user\/samii1031"
            }
        ],
        "edited": {
            "user": "BG3N7LG73",
            "ts": "1619197001.000000"
        }
    },
    {
        "type": "message",
        "subtype": "bot_message",
        "text": "<https:\/\/www.reddit.com\/r\/Terraform\/comments\/mx1iiz\/terraform_to_destroy_objects_it_didnt_create\/|Terraform to destroy objects it didn't create>\nSo I've been testing with the vSphere provider and I've reached a problem. ​ I want to remove some defaults from the ESX installation but don't understand how to do this with terraform outside of a local-exec provisioner. Any other way I can remove things terraform didn't build? This type of problem exists elsewhere so I'm looking for a good general fix for this.    submitted by   <https:\/\/www.reddit.com\/user\/Robonglious| \/u\/Robonglious > \n&lt;a...",
        "ts": "1619202396.052300",
        "username": "Terraform",
        "icons": {
            "image_48": "https:\/\/s3-us-west-2.amazonaws.com\/slack-files2\/bot_icons\/2019-02-12\/548785199618_48.png"
        },
        "bot_id": "BG3N7LG73",
        "attachments": [
            {
                "service_name": "reddit",
                "title": "Terraform to destroy objects it didn't create",
                "title_link": "https:\/\/www.reddit.com\/r\/Terraform\/comments\/mx1iiz\/terraform_to_destroy_objects_it_didnt_create\/",
                "text": "So I've been testing with the vSphere provider and I've reached a problem. &amp;#x200B; I want to remove some defaults from the ESX installation but...",
                "fallback": "reddit: Terraform to destroy objects it didn't create",
                "thumb_url": "https:\/\/www.redditstatic.com\/new-icon.png",
                "from_url": "https:\/\/www.reddit.com\/r\/Terraform\/comments\/mx1iiz\/terraform_to_destroy_objects_it_didnt_create\/",
                "thumb_width": 256,
                "thumb_height": 256,
                "service_icon": "http:\/\/www.redditstatic.com\/desktop2x\/img\/favicon\/apple-icon-57x57.png",
                "id": 1,
                "original_url": "https:\/\/www.reddit.com\/r\/Terraform\/comments\/mx1iiz\/terraform_to_destroy_objects_it_didnt_create\/"
            },
            {
                "title": "reddit.com: over 18?",
                "title_link": "https:\/\/www.reddit.com\/user\/Robonglious",
                "text": "Reddit gives you the best of the internet in one place. Get a constantly updating feed of breaking news, fun stories, pics, memes, and videos just for you. Passionate about something niche? Reddit has thousands of vibrant communities with people that share your interests. Alternatively, find out what’s trending across all of Reddit on r\/popular. Reddit is also anonymous so you can be yourself, with your Reddit profile and persona disconnected from your real-world identity.",
                "fallback": "reddit.com: over 18?",
                "from_url": "https:\/\/www.reddit.com\/user\/Robonglious",
                "service_icon": "http:\/\/www.redditstatic.com\/desktop2x\/img\/favicon\/apple-icon-57x57.png",
                "service_name": "reddit.com",
                "id": 2,
                "original_url": "https:\/\/www.reddit.com\/user\/Robonglious"
            }
        ],
        "edited": {
            "user": "BG3N7LG73",
            "ts": "1619202396.000000"
        }
    },
    {
        "type": "message",
        "subtype": "bot_message",
        "text": "<https:\/\/www.reddit.com\/r\/Terraform\/comments\/mx1u4u\/any_workarounds_for_passing_lifecycle_values_as\/|Any workarounds for passing lifecycle values as variables in a module ?>\nI want to retain ddb tables even if I accidentally delete the tf plan. And I use an external module to create the db tables (not the resource directly). Other then the obvious fork :)    submitted by   <https:\/\/www.reddit.com\/user\/rabbitroy| \/u\/rabbitroy > \n<https:\/\/www.reddit.com\/r\/Terraform\/comments\/mx1u4u\/any_workarounds_for_passing_lifecycle_values_as\/|[link]>   &lt;a...",
        "ts": "1619203000.052500",
        "username": "Terraform",
        "icons": {
            "image_48": "https:\/\/s3-us-west-2.amazonaws.com\/slack-files2\/bot_icons\/2019-02-12\/548785199618_48.png"
        },
        "bot_id": "BG3N7LG73",
        "attachments": [
            {
                "service_name": "reddit",
                "title": "Any workarounds for passing lifecycle values as variables in a module ?",
                "title_link": "https:\/\/www.reddit.com\/r\/Terraform\/comments\/mx1u4u\/any_workarounds_for_passing_lifecycle_values_as\/",
                "text": "I want to retain ddb tables even if I accidentally delete the tf plan. And I use an external module to create the db tables (not the resource...",
                "fallback": "reddit: Any workarounds for passing lifecycle values as variables in a module ?",
                "thumb_url": "https:\/\/www.redditstatic.com\/new-icon.png",
                "from_url": "https:\/\/www.reddit.com\/r\/Terraform\/comments\/mx1u4u\/any_workarounds_for_passing_lifecycle_values_as\/",
                "thumb_width": 256,
                "thumb_height": 256,
                "service_icon": "http:\/\/www.redditstatic.com\/desktop2x\/img\/favicon\/apple-icon-57x57.png",
                "id": 1,
                "original_url": "https:\/\/www.reddit.com\/r\/Terraform\/comments\/mx1u4u\/any_workarounds_for_passing_lifecycle_values_as\/"
            },
            {
                "title": "overview for rabbitroy",
                "title_link": "https:\/\/www.reddit.com\/user\/rabbitroy",
                "text": "The u\/rabbitroy community on Reddit. Reddit gives you the best of the internet in one place.",
                "fallback": "overview for rabbitroy",
                "from_url": "https:\/\/www.reddit.com\/user\/rabbitroy",
                "service_icon": "http:\/\/www.redditstatic.com\/desktop2x\/img\/favicon\/apple-icon-57x57.png",
                "service_name": "reddit.com",
                "id": 2,
                "original_url": "https:\/\/www.reddit.com\/user\/rabbitroy"
            }
        ],
        "edited": {
            "user": "BG3N7LG73",
            "ts": "1619203000.000000"
        }
    },
    {
        "type": "message",
        "subtype": "bot_message",
        "text": "<https:\/\/qiita.com\/yoshuuua\/items\/6eb0db4db842f32f3b20|TerraformでAmazon SESのベストプラクティスに則った送信メール認証を設定をする>\nはじめに\n\nAWS上にインフラ環境に選定している時に外部のメールサービス(SendGrid等)を使わずにAWSで完結したい場合に出てくるAWSのメールサービスAmazon SESがあります。\nAmazon SESをTerraformで管理する記事はいっぱいあるのですが、\nAmazon SESのベストプラクティス に則ってTerraform管理をする記事がないのでメールのレコードの意味合いなんかを含めて説明していきます。\nメールに関する知識が乏しいですが、お付き合いください。\n\n参考資料: <https:\/\/docs.aws.amazon.com\/ja_jp\/ses\/latest\/DeveloperGuide\/tips-and-best-practices.html>\n\n\nメールについて\n\nメールの世界で重要なのは、送信レピュテーションです。\n送信レピュテーションが高ければ、受信側の迷惑メールボックスに入ったり、メール開封率が低下することを防ぐことができる可能性が高まります。\n送信レピュテーションには以下の２つの要素が重要です。\n\n\nIPアドレス\nドメイン...",
        "ts": "1619234197.052700",
        "username": "Terraformタグが付けられた新着記事 - Qiita",
        "icons": {
            "image_36": "https:\/\/a.slack-edge.com\/80588\/img\/services\/rss_36.png",
            "image_48": "https:\/\/a.slack-edge.com\/80588\/img\/services\/rss_48.png",
            "image_72": "https:\/\/a.slack-edge.com\/80588\/img\/services\/rss_72.png"
        },
        "bot_id": "BG3N7LG73",
        "attachments": [
            {
                "service_name": "Qiita",
                "title": "TerraformでAmazon SESのベストプラクティスに則った送信メール認証を設定をする - Qiita",
                "title_link": "https:\/\/qiita.com\/yoshuuua\/items\/6eb0db4db842f32f3b20",
                "text": "はじめに AWS上にインフラ環境に選定している時に外部のメールサービス(SendGrid等)を使わずにAWSで完結したい場合に出てくるAWSのメールサービスAmazon SESがあります。 Amazon SESをTerrafor...",
                "fallback": "Qiita: TerraformでAmazon SESのベストプラクティスに則った送信メール認証を設定をする - Qiita",
                "image_url": "https:\/\/qiita-user-contents.imgix.net\/https%3A%2F%2Fcdn.qiita.com%2Fassets%2Fpublic%2Farticle-ogp-background-1150d8b18a7c15795b701a55ae908f94.png?ixlib=rb-4.0.0&w=1200&mark=https%3A%2F%2Fqiita-user-contents.imgix.net%2F~text%3Fixlib%3Drb-4.0.0%26w%3D840%26h%3D380%26txt%3DTerraform%25E3%2581%25A7Amazon%2520SES%25E3%2581%25AE%25E3%2583%2599%25E3%2582%25B9%25E3%2583%2588%25E3%2583%2597%25E3%2583%25A9%25E3%2582%25AF%25E3%2583%2586%25E3%2582%25A3%25E3%2582%25B9%25E3%2581%25AB%25E5%2589%2587%25E3%2581%25A3%25E3%2581%259F%25E9%2580%2581%25E4%25BF%25A1%25E3%2583%25A1%25E3%2583%25BC%25E3%2583%25AB%25E8%25AA%258D%25E8%25A8%25BC%25E3%2582%2592%25E8%25A8%25AD%25E5%25AE%259A%25E3%2582%2592%25E3%2581%2599%25E3%2582%258B%26txt-color%3D%2523333%26txt-font%3DHiragino%2520Sans%2520W6%26txt-size%3D54%26txt-clip%3Dellipsis%26txt-align%3Dcenter%252Cmiddle%26s%3D43db9da6da9c3ac90a31ad634360ef33&mark-align=center%2Cmiddle&blend=https%3A%2F%2Fqiita-user-contents.imgix.net%2F~text%3Fixlib%3Drb-4.0.0%26w%3D840%26h%3D500%26txt%3D%2540yoshuuua%26txt-color%3D%2523333%26txt-font%3DHiragino%2520Sans%2520W6%26txt-size%3D45%26txt-align%3Dright%252Cbottom%26s%3D919233d1b92086731fa2f3e73d2ba7ca&blend-align=center%2Cmiddle&blend-mode=normal&s=9cb36038b510fd3e0fe9a0697f176d55",
                "from_url": "https:\/\/qiita.com\/yoshuuua\/items\/6eb0db4db842f32f3b20",
                "image_width": 476,
                "image_height": 250,
                "image_bytes": 67283,
                "service_icon": "https:\/\/cdn.qiita.com\/assets\/favicons\/public\/apple-touch-icon-ec5ba42a24ae923f16825592efdc356f.png",
                "id": 1,
                "original_url": "https:\/\/qiita.com\/yoshuuua\/items\/6eb0db4db842f32f3b20"
            },
            {
                "title": "ヒントとベストプラクティス - Amazon Simple Email Service",
                "title_link": "https:\/\/docs.aws.amazon.com\/ja_jp\/ses\/latest\/DeveloperGuide\/tips-and-best-practices.html",
                "text": "Amazon SES メールプログラムのためのヒントとベストプラクティス。",
                "fallback": "ヒントとベストプラクティス - Amazon Simple Email Service",
                "from_url": "https:\/\/docs.aws.amazon.com\/ja_jp\/ses\/latest\/DeveloperGuide\/tips-and-best-practices.html",
                "service_icon": "https:\/\/docs.aws.amazon.com\/assets\/images\/favicon.ico",
                "service_name": "docs.aws.amazon.com",
                "id": 2,
                "original_url": "https:\/\/docs.aws.amazon.com\/ja_jp\/ses\/latest\/DeveloperGuide\/tips-and-best-practices.html"
            }
        ],
        "edited": {
            "user": "BG3N7LG73",
            "ts": "1619234197.000000"
        }
    },
    {
        "type": "message",
        "subtype": "bot_message",
        "text": "<https:\/\/www.reddit.com\/r\/Terraform\/comments\/mxe3ok\/can_someone_explain_this_please\/|can someone explain this please>\nTerraform has created a lock file .terraform.lock.hcl to record the provider selections it made above. Include this file in your version control repository so that Terraform can guarantee to make the same selections by default when you run \"terraform init\" in the future.     submitted by   <https:\/\/www.reddit.com\/user\/asquare412014| \/u\/asquare412014 > \n<https:\/\/www.reddit.com\/r\/Terraform\/comments\/mxe3ok\/can_someone_explain_this_please\/|[link]>   &lt;a...",
        "ts": "1619246194.052900",
        "username": "Terraform",
        "icons": {
            "image_48": "https:\/\/s3-us-west-2.amazonaws.com\/slack-files2\/bot_icons\/2019-02-12\/548785199618_48.png"
        },
        "bot_id": "BG3N7LG73",
        "attachments": [
            {
                "service_name": "reddit",
                "title": "can someone explain this please",
                "title_link": "https:\/\/www.reddit.com\/r\/Terraform\/comments\/mxe3ok\/can_someone_explain_this_please\/",
                "text": "Terraform has created a lock file .terraform.lock.hcl to record the provider selections it made above. Include this file in ...",
                "fallback": "reddit: can someone explain this please",
                "thumb_url": "https:\/\/www.redditstatic.com\/new-icon.png",
                "from_url": "https:\/\/www.reddit.com\/r\/Terraform\/comments\/mxe3ok\/can_someone_explain_this_please\/",
                "thumb_width": 256,
                "thumb_height": 256,
                "service_icon": "http:\/\/www.redditstatic.com\/desktop2x\/img\/favicon\/apple-icon-57x57.png",
                "id": 1,
                "original_url": "https:\/\/www.reddit.com\/r\/Terraform\/comments\/mxe3ok\/can_someone_explain_this_please\/"
            },
            {
                "title": "overview for asquare412014",
                "title_link": "https:\/\/www.reddit.com\/user\/asquare412014",
                "text": "The u\/asquare412014 community on Reddit. Reddit gives you the best of the internet in one place.",
                "fallback": "overview for asquare412014",
                "from_url": "https:\/\/www.reddit.com\/user\/asquare412014",
                "service_icon": "http:\/\/www.redditstatic.com\/desktop2x\/img\/favicon\/apple-icon-57x57.png",
                "service_name": "reddit.com",
                "id": 2,
                "original_url": "https:\/\/www.reddit.com\/user\/asquare412014"
            }
        ],
        "edited": {
            "user": "BG3N7LG73",
            "ts": "1619246195.000000"
        }
    }
]