[
    {
        "type": "message",
        "subtype": "bot_message",
        "text": "<https:\/\/www.reddit.com\/r\/Terraform\/comments\/mrzsbg\/how_to_use_lifecycle_feature_with_ec2instance\/|How to use lifecycle feature with ec2-instance module with terraform?>\nIn a terraform task, created an ec2_instance creation module module \"ec2_instance\" { source = \"terraform-aws-modules\/ec2-instance\/aws\" version = \"2.17.0\" name = local.name ami = local.ami instance_type = local.type lifecycle { ignore_changes = [\"ami\"] } }  When run tflint, got The block type name \"lifecycle\" is reserved for use by Terraform in a future version.  There isn't a lifecycle item in the &lt;a...",
        "ts": "1618566410.042900",
        "username": "Terraform",
        "icons": {
            "image_48": "https:\/\/s3-us-west-2.amazonaws.com\/slack-files2\/bot_icons\/2019-02-12\/548785199618_48.png"
        },
        "bot_id": "BG3N7LG73",
        "attachments": [
            {
                "service_name": "reddit",
                "title": "How to use lifecycle feature with ec2-instance module with terraform?",
                "title_link": "https:\/\/www.reddit.com\/r\/Terraform\/comments\/mrzsbg\/how_to_use_lifecycle_feature_with_ec2instance\/",
                "text": "In a terraform task, created an ec2_instance creation module module \"ec2_instance\" { source =...",
                "fallback": "reddit: How to use lifecycle feature with ec2-instance module with terraform?",
                "thumb_url": "https:\/\/www.redditstatic.com\/new-icon.png",
                "from_url": "https:\/\/www.reddit.com\/r\/Terraform\/comments\/mrzsbg\/how_to_use_lifecycle_feature_with_ec2instance\/",
                "thumb_width": 256,
                "thumb_height": 256,
                "service_icon": "http:\/\/www.redditstatic.com\/desktop2x\/img\/favicon\/apple-icon-57x57.png",
                "id": 1,
                "original_url": "https:\/\/www.reddit.com\/r\/Terraform\/comments\/mrzsbg\/how_to_use_lifecycle_feature_with_ec2instance\/"
            }
        ],
        "edited": {
            "user": "BG3N7LG73",
            "ts": "1618566411.000000"
        }
    },
    {
        "type": "message",
        "subtype": "bot_message",
        "text": "<https:\/\/www.reddit.com\/r\/Terraform\/comments\/ms302s\/custom_provider_using_conflictswith_with_a\/|Custom provider: using ConflictsWith with a TypeList>\nAnyone aware of how to validate the schema with ConflictsWith when using with a TypeList ?  Schema: map[string]schema.Schema{ \"server\": { Type: schema.TypeList, Optional: true, Computed: true, Elem: &amp;schema.Resource{ Schema: map[string]schema.Schema{ \"id\": { Type: schema.TypeString, Optional: true, Computed: true, }, \"zone\": { Type: schema.TypeString, Optional: true, ConflictsWith: [x]string{\"server.profile\"}, }, \"profile\": { Type: schema.TypeString, Optional: true, ConflictsWith:...",
        "ts": "1618580211.043100",
        "username": "Terraform",
        "icons": {
            "image_48": "https:\/\/s3-us-west-2.amazonaws.com\/slack-files2\/bot_icons\/2019-02-12\/548785199618_48.png"
        },
        "bot_id": "BG3N7LG73",
        "attachments": [
            {
                "service_name": "reddit",
                "title": "Custom provider: using ConflictsWith with a TypeList",
                "title_link": "https:\/\/www.reddit.com\/r\/Terraform\/comments\/ms302s\/custom_provider_using_conflictswith_with_a\/",
                "text": "Anyone aware of how to validate the schema with ConflictsWith when using with a TypeList ? Schema: map[string]*schema.Schema{ \"server\":...",
                "fallback": "reddit: Custom provider: using ConflictsWith with a TypeList",
                "thumb_url": "https:\/\/www.redditstatic.com\/new-icon.png",
                "from_url": "https:\/\/www.reddit.com\/r\/Terraform\/comments\/ms302s\/custom_provider_using_conflictswith_with_a\/",
                "thumb_width": 256,
                "thumb_height": 256,
                "service_icon": "http:\/\/www.redditstatic.com\/desktop2x\/img\/favicon\/apple-icon-57x57.png",
                "id": 1,
                "original_url": "https:\/\/www.reddit.com\/r\/Terraform\/comments\/ms302s\/custom_provider_using_conflictswith_with_a\/"
            }
        ],
        "edited": {
            "user": "BG3N7LG73",
            "ts": "1618580212.000000"
        }
    },
    {
        "type": "message",
        "subtype": "bot_message",
        "text": "<https:\/\/www.reddit.com\/r\/Terraform\/comments\/ms30io\/terraform_associate_course_on_azure\/|Terraform Associate Course on Azure>\nHi Folks, Does anyone know of a Terraform Association exam prep based on Azure? I know that AWS is the market leader and I really should pick up that skill, but it's not something I'm currently working with. If I train with AWS it'll be harder than it needs to be and the knowledge will rot immediately after consuming it. Azure, on the other hand, is in my everyday work loop. If I was to approach the Terraform Associate exam, I'd like to build the foundation on something I'm familiar with....",
        "ts": "1618580212.043200",
        "username": "Terraform",
        "icons": {
            "image_48": "https:\/\/s3-us-west-2.amazonaws.com\/slack-files2\/bot_icons\/2019-02-12\/548785199618_48.png"
        },
        "bot_id": "BG3N7LG73",
        "attachments": [
            {
                "service_name": "reddit",
                "title": "Terraform Associate Course on Azure",
                "title_link": "https:\/\/www.reddit.com\/r\/Terraform\/comments\/ms30io\/terraform_associate_course_on_azure\/",
                "text": "Hi Folks, Does anyone know of a Terraform Association exam prep based on Azure? I know that AWS is the market leader and I really should pick up...",
                "fallback": "reddit: Terraform Associate Course on Azure",
                "thumb_url": "https:\/\/www.redditstatic.com\/new-icon.png",
                "from_url": "https:\/\/www.reddit.com\/r\/Terraform\/comments\/ms30io\/terraform_associate_course_on_azure\/",
                "thumb_width": 256,
                "thumb_height": 256,
                "service_icon": "http:\/\/www.redditstatic.com\/desktop2x\/img\/favicon\/apple-icon-57x57.png",
                "id": 1,
                "original_url": "https:\/\/www.reddit.com\/r\/Terraform\/comments\/ms30io\/terraform_associate_course_on_azure\/"
            }
        ],
        "edited": {
            "user": "BG3N7LG73",
            "ts": "1618580212.000000"
        }
    },
    {
        "type": "message",
        "subtype": "bot_message",
        "text": "<https:\/\/www.reddit.com\/r\/Terraform\/comments\/ms4945\/terraform_import_when_using_module\/|Terraform import when using module>\nI want to import OpenID connect issuer in my EKS module. When i try to import, it is throwing below error. My question is Whether terraform import supports importing when we configure modules? If so how to rectify the below error. ​ Error: resource address \"tls_certificate.example\" does not exist in the configuration. ​ Before importing this resource, please create its configuration in the root module. For example: ​ resource \"tls_certificate\" \"example\" { # (resource arguments) } I have...",
        "ts": "1618583816.043500",
        "username": "Terraform",
        "icons": {
            "image_48": "https:\/\/s3-us-west-2.amazonaws.com\/slack-files2\/bot_icons\/2019-02-12\/548785199618_48.png"
        },
        "bot_id": "BG3N7LG73",
        "attachments": [
            {
                "service_name": "reddit",
                "title": "Terraform import when using module",
                "title_link": "https:\/\/www.reddit.com\/r\/Terraform\/comments\/ms4945\/terraform_import_when_using_module\/",
                "text": "I want to import OpenID connect issuer in my EKS module. When i try to import, it is throwing below error. My question is Whether terraform import...",
                "fallback": "reddit: Terraform import when using module",
                "thumb_url": "https:\/\/www.redditstatic.com\/new-icon.png",
                "from_url": "https:\/\/www.reddit.com\/r\/Terraform\/comments\/ms4945\/terraform_import_when_using_module\/",
                "thumb_width": 256,
                "thumb_height": 256,
                "service_icon": "http:\/\/www.redditstatic.com\/desktop2x\/img\/favicon\/apple-icon-57x57.png",
                "id": 1,
                "original_url": "https:\/\/www.reddit.com\/r\/Terraform\/comments\/ms4945\/terraform_import_when_using_module\/"
            }
        ],
        "edited": {
            "user": "BG3N7LG73",
            "ts": "1618583816.000000"
        }
    },
    {
        "type": "message",
        "subtype": "bot_message",
        "text": "<https:\/\/www.reddit.com\/r\/Terraform\/comments\/ms72nm\/help_how_to_compare_terraform_plan_output_of\/|Help: how to compare terraform plan output of multiple environments?>\nIn the scenario where we create multiple resources in multiple environments, for cost reductions we end up created less number of resources and even lower spec in lower environment in contrast with prod-like\/prod environments. Is there any tool or tips around comparison of output from terraform plan of various stages\/environments?    submitted by   <https:\/\/www.reddit.com\/user\/himalayanblunder| \/u\/himalayanblunder > \n&lt;a...",
        "ts": "1618592217.043700",
        "username": "Terraform",
        "icons": {
            "image_48": "https:\/\/s3-us-west-2.amazonaws.com\/slack-files2\/bot_icons\/2019-02-12\/548785199618_48.png"
        },
        "bot_id": "BG3N7LG73",
        "attachments": [
            {
                "service_name": "reddit",
                "title": "Help: how to compare terraform plan output of multiple environments?",
                "title_link": "https:\/\/www.reddit.com\/r\/Terraform\/comments\/ms72nm\/help_how_to_compare_terraform_plan_output_of\/",
                "text": "In the scenario where we create multiple resources in multiple environments, for cost reductions we end up created less number of resources and...",
                "fallback": "reddit: Help: how to compare terraform plan output of multiple environments?",
                "thumb_url": "https:\/\/www.redditstatic.com\/new-icon.png",
                "from_url": "https:\/\/www.reddit.com\/r\/Terraform\/comments\/ms72nm\/help_how_to_compare_terraform_plan_output_of\/",
                "thumb_width": 256,
                "thumb_height": 256,
                "service_icon": "http:\/\/www.redditstatic.com\/desktop2x\/img\/favicon\/apple-icon-57x57.png",
                "id": 1,
                "original_url": "https:\/\/www.reddit.com\/r\/Terraform\/comments\/ms72nm\/help_how_to_compare_terraform_plan_output_of\/"
            },
            {
                "title": "overview for himalayanblunder",
                "title_link": "https:\/\/www.reddit.com\/user\/himalayanblunder",
                "text": "To exist is to survive unfair choices. TheOA.",
                "fallback": "overview for himalayanblunder",
                "from_url": "https:\/\/www.reddit.com\/user\/himalayanblunder",
                "service_icon": "http:\/\/www.redditstatic.com\/desktop2x\/img\/favicon\/apple-icon-57x57.png",
                "service_name": "reddit.com",
                "id": 2,
                "original_url": "https:\/\/www.reddit.com\/user\/himalayanblunder"
            }
        ],
        "edited": {
            "user": "BG3N7LG73",
            "ts": "1618592218.000000"
        }
    },
    {
        "type": "message",
        "subtype": "bot_message",
        "text": "<https:\/\/qiita.com\/moimoi_qiita\/items\/bec386bd15d018c72bdd|インフラエンジニアのlalavel学習(AWSリソース作成)>\nはじめに\n\n本記事はインフラエンジニアとしてLalavelを学習した際の備忘録(予定)の記事になります。\n\n今までアプリ担当から言われたとおりミドルウェアを導入してアプリに連携していたのですが、\n最近はインフラエンジニアとしてもっと上のレイアーも自分で把握しなければならないと感じたため、\nPHPの学習を行っています。\n\n今回はPHP7.3、Apache2.4を使用してLalavelの実行環境をEC2に構築します。\n※次のステップではECSを使ってコンテナ化したいですが、まずは慣れ親しんだEC2で始めてみます\n\n\n今回の頭の中の構想\n\nざっくりと以下のようなものを作りたいと思ってます。\nこれらを一人で作ることで上から下までを一気通貫で対応できるようになると信じてます笑\n\n\nAWSリソースはTerraformで管理し、専用のgithubリポジトリを作成\nサーバの設定(ミドルウェア等)は本来Ansibleなどで構成管理したいところですが、ここはめんどいので、どこにも残さない想定(サーバが消えたらオワリ笑、やっぱコンテナって偉大・・・)...",
        "ts": "1618634216.043900",
        "username": "Terraformタグが付けられた新着記事 - Qiita",
        "icons": {
            "image_36": "https:\/\/a.slack-edge.com\/80588\/img\/services\/rss_36.png",
            "image_48": "https:\/\/a.slack-edge.com\/80588\/img\/services\/rss_48.png",
            "image_72": "https:\/\/a.slack-edge.com\/80588\/img\/services\/rss_72.png"
        },
        "bot_id": "BG3N7LG73",
        "attachments": [
            {
                "service_name": "Qiita",
                "title": "インフラエンジニアのlalavel学習(AWSリソース作成) - Qiita",
                "title_link": "https:\/\/qiita.com\/moimoi_qiita\/items\/bec386bd15d018c72bdd",
                "text": "はじめに 本記事はインフラエンジニアとしてLalavelを学習した際の備忘録(予定)の記事になります。 今までアプリ担当から言われたとおりミドルウェアを導入してアプリに連携していたのですが、 最近はインフラエンジニアとしてもっ...",
                "fallback": "Qiita: インフラエンジニアのlalavel学習(AWSリソース作成) - Qiita",
                "image_url": "https:\/\/staging-qiita-user-contents.imgix.net\/https%3A%2F%2Fcdn.qiita.com%2Fassets%2Fpublic%2Farticle-ogp-background-1150d8b18a7c15795b701a55ae908f94.png?ixlib=rb-4.0.0&w=1200&mark=https%3A%2F%2Fstaging-qiita-user-contents.imgix.net%2F~text%3Fixlib%3Drb-4.0.0%26w%3D840%26h%3D380%26txt%3D%25E3%2582%25A4%25E3%2583%25B3%25E3%2583%2595%25E3%2583%25A9%25E3%2582%25A8%25E3%2583%25B3%25E3%2582%25B8%25E3%2583%258B%25E3%2582%25A2%25E3%2581%25AElalavel%25E5%25AD%25A6%25E7%25BF%2592%2528AWS%25E3%2583%25AA%25E3%2582%25BD%25E3%2583%25BC%25E3%2582%25B9%25E4%25BD%259C%25E6%2588%2590%2529%26txt-color%3D%2523333%26txt-font%3DHiragino%2520Sans%2520W6%26txt-size%3D54%26txt-clip%3Dellipsis%26txt-align%3Dcenter%252Cmiddle%26s%3D1ab5e41cdce829e84d57f24f504a72c4&mark-align=center%2Cmiddle&blend=https%3A%2F%2Fstaging-qiita-user-contents.imgix.net%2F~text%3Fixlib%3Drb-4.0.0%26w%3D840%26h%3D500%26txt%3D%2540moimoi_qiita%26txt-color%3D%2523333%26txt-font%3DHiragino%2520Sans%2520W6%26txt-size%3D45%26txt-align%3Dright%252Cbottom%26s%3D4640a1dce7c6dc242eb70852e5ed0c69&blend-align=center%2Cmiddle&blend-mode=normal&s=fe880648d457e5137585072d4ce14115",
                "from_url": "https:\/\/qiita.com\/moimoi_qiita\/items\/bec386bd15d018c72bdd",
                "image_width": 476,
                "image_height": 250,
                "image_bytes": 50374,
                "service_icon": "https:\/\/cdn.qiita.com\/assets\/favicons\/public\/apple-touch-icon-ec5ba42a24ae923f16825592efdc356f.png",
                "id": 1,
                "original_url": "https:\/\/qiita.com\/moimoi_qiita\/items\/bec386bd15d018c72bdd"
            }
        ],
        "edited": {
            "user": "BG3N7LG73",
            "ts": "1618634218.000000"
        }
    }
]