[
    {
        "type": "message",
        "subtype": "bot_message",
        "text": "<https:\/\/www.reddit.com\/r\/Terraform\/comments\/myzfbb\/layout_terraform\/|Layout terraform>\nHi all, Could you tell me if exist sample layout terraform for production best practice    submitted by   <https:\/\/www.reddit.com\/user\/steevivo| \/u\/steevivo > \n<https:\/\/www.reddit.com\/r\/Terraform\/comments\/myzfbb\/layout_terraform\/|[link]>   <https:\/\/www.reddit.com\/r\/Terraform\/comments\/myzfbb\/layout_terraform\/|[comments]>",
        "ts": "1619449597.055500",
        "username": "Terraform",
        "icons": {
            "image_48": "https:\/\/s3-us-west-2.amazonaws.com\/slack-files2\/bot_icons\/2019-02-12\/548785199618_48.png"
        },
        "bot_id": "BG3N7LG73",
        "attachments": [
            {
                "service_name": "reddit",
                "title": "Layout terraform",
                "title_link": "https:\/\/www.reddit.com\/r\/Terraform\/comments\/myzfbb\/layout_terraform\/",
                "text": "Hi all, Could you tell me if exist sample layout terraform for production best practice",
                "fallback": "reddit: Layout terraform",
                "thumb_url": "https:\/\/www.redditstatic.com\/new-icon.png",
                "from_url": "https:\/\/www.reddit.com\/r\/Terraform\/comments\/myzfbb\/layout_terraform\/",
                "thumb_width": 256,
                "thumb_height": 256,
                "service_icon": "http:\/\/www.redditstatic.com\/desktop2x\/img\/favicon\/apple-icon-57x57.png",
                "id": 1,
                "original_url": "https:\/\/www.reddit.com\/r\/Terraform\/comments\/myzfbb\/layout_terraform\/"
            },
            {
                "title": "overview for steevivo",
                "title_link": "https:\/\/www.reddit.com\/user\/steevivo",
                "text": "The u\/steevivo community on Reddit. Reddit gives you the best of the internet in one place.",
                "fallback": "overview for steevivo",
                "from_url": "https:\/\/www.reddit.com\/user\/steevivo",
                "service_icon": "http:\/\/www.redditstatic.com\/desktop2x\/img\/favicon\/apple-icon-57x57.png",
                "service_name": "reddit.com",
                "id": 2,
                "original_url": "https:\/\/www.reddit.com\/user\/steevivo"
            }
        ],
        "edited": {
            "user": "BG3N7LG73",
            "ts": "1619449598.000000"
        }
    },
    {
        "type": "message",
        "subtype": "bot_message",
        "text": "<https:\/\/www.reddit.com\/r\/Terraform\/comments\/mz0afo\/azure_databricks_workspace_access\/|azure databricks workspace access>\nhey folks, I'm able to standup a azurerm_databricks_workspace, that's pretty easy. The tf config is run as a service principal who has Contributor to the subscription. I do a role assignment to the resource group that contains that workspace. The assignment is an Azure AD group that I belong to. I gave it Contributor. I can validate that access has been applied. I read somewhere on Microsoft docs that if my user had Contributor or owner on the service (or inherited), I should be able to login...",
        "ts": "1619451396.055700",
        "username": "Terraform",
        "icons": {
            "image_48": "https:\/\/s3-us-west-2.amazonaws.com\/slack-files2\/bot_icons\/2019-02-12\/548785199618_48.png"
        },
        "bot_id": "BG3N7LG73",
        "attachments": [
            {
                "service_name": "reddit",
                "title": "azure databricks workspace access",
                "title_link": "https:\/\/www.reddit.com\/r\/Terraform\/comments\/mz0afo\/azure_databricks_workspace_access\/",
                "text": "Posted in r\/Terraform by u\/josher565 • 1 point and 0 comments",
                "fallback": "reddit: azure databricks workspace access",
                "from_url": "https:\/\/www.reddit.com\/r\/Terraform\/comments\/mz0afo\/azure_databricks_workspace_access\/",
                "thumb_url": "https:\/\/external-preview.redd.it\/kw5yx3gpdjv61.png?overlay-align=bottom,left&crop=463:242.408376963,smart&overlay-height=15p&overlay=%2Fwatermark%2Ft5_2u8e4.png%3Fs%3Dbfb326ca8735739e33a60abaf9a7c73bcb4a2134&width=463&height=242.408376963&auto=webp&s=50699241a7bfc929d0653ce1841cada370f995e9",
                "thumb_width": 130,
                "thumb_height": 60,
                "service_icon": "http:\/\/www.redditstatic.com\/desktop2x\/img\/favicon\/apple-icon-57x57.png",
                "id": 1,
                "original_url": "https:\/\/www.reddit.com\/r\/Terraform\/comments\/mz0afo\/azure_databricks_workspace_access\/"
            }
        ],
        "edited": {
            "user": "BG3N7LG73",
            "ts": "1619451397.000000"
        }
    },
    {
        "type": "message",
        "subtype": "bot_message",
        "text": "<https:\/\/www.reddit.com\/r\/Terraform\/comments\/mz0ymf\/i_have_a_child_module_that_has_a_data_entity_that\/|I have a child module that has a data entity that is used to create resources in that same child module. Does the data entity also need to be declared in the root\/parent module?>\nI'm getting an error saying that it apparently is   A data resource \"newrelic_entity\" \"my_application\" has not been declared in root module.  What's throwing me off is I see another code base that does NOT have the  data \"newrelic_entity\" \"my_application\" { ... }  declared in the root\/parent module, that I can see.    submitted by   <https:\/\/www.reddit.com\/user\/learnin_hashicorp| \/u\/learnin_hashicorp > \n&lt;a...",
        "ts": "1619453797.055900",
        "username": "Terraform",
        "icons": {
            "image_48": "https:\/\/s3-us-west-2.amazonaws.com\/slack-files2\/bot_icons\/2019-02-12\/548785199618_48.png"
        },
        "bot_id": "BG3N7LG73",
        "attachments": [
            {
                "service_name": "reddit",
                "title": "I have a child module that has a data entity that is used to create resources in that same child module. Does the data entity also need to be declared in the root\/parent module?",
                "title_link": "https:\/\/www.reddit.com\/r\/Terraform\/comments\/mz0ymf\/i_have_a_child_module_that_has_a_data_entity_that\/",
                "text": "I'm getting an error saying that it apparently is &gt; A data resource \"newrelic_entity\" \"my_application\" has not been declared in root...",
                "fallback": "reddit: I have a child module that has a data entity that is used to create resources in that same child module. Does the data entity also need to be declared in the root\/parent module?",
                "thumb_url": "https:\/\/www.redditstatic.com\/new-icon.png",
                "from_url": "https:\/\/www.reddit.com\/r\/Terraform\/comments\/mz0ymf\/i_have_a_child_module_that_has_a_data_entity_that\/",
                "thumb_width": 256,
                "thumb_height": 256,
                "service_icon": "http:\/\/www.redditstatic.com\/desktop2x\/img\/favicon\/apple-icon-57x57.png",
                "id": 1,
                "original_url": "https:\/\/www.reddit.com\/r\/Terraform\/comments\/mz0ymf\/i_have_a_child_module_that_has_a_data_entity_that\/"
            },
            {
                "title": "overview for learnin_hashicorp",
                "title_link": "https:\/\/www.reddit.com\/user\/learnin_hashicorp",
                "text": "The u\/learnin_hashicorp community on Reddit. Reddit gives you the best of the internet in one place.",
                "fallback": "overview for learnin_hashicorp",
                "from_url": "https:\/\/www.reddit.com\/user\/learnin_hashicorp",
                "service_icon": "http:\/\/www.redditstatic.com\/desktop2x\/img\/favicon\/apple-icon-57x57.png",
                "service_name": "reddit.com",
                "id": 2,
                "original_url": "https:\/\/www.reddit.com\/user\/learnin_hashicorp"
            }
        ],
        "edited": {
            "user": "BG3N7LG73",
            "ts": "1619453797.000000"
        }
    },
    {
        "type": "message",
        "subtype": "bot_message",
        "text": "<https:\/\/www.reddit.com\/r\/Terraform\/comments\/mz2p1m\/create_a_variable_for_a_map_of_map_of_node_groups\/|Create a variable for a map of map of node_groups>\nHello I am using terraform-aws-eks module to deploy EKS clusters. I was hoping for some help turning node_groups map of maps into a variable so that I can modify a variables file for different environments. Here is the Map of Maps: node_groups = { example = { desired_capacity = 1 max_capacity = 10 min_capacity = 1 instance_types = [\"m5.large\"] capacity_type = \"SPOT\" k8s_labels = { Environment = \"test\" GithubRepo = \"terraform-aws-eks\" GithubOrg = \"terraform-aws-modules\" } additional_tags = {...",
        "ts": "1619457995.056100",
        "username": "Terraform",
        "icons": {
            "image_48": "https:\/\/s3-us-west-2.amazonaws.com\/slack-files2\/bot_icons\/2019-02-12\/548785199618_48.png"
        },
        "bot_id": "BG3N7LG73",
        "attachments": [
            {
                "service_name": "reddit",
                "title": "Create a variable for a map of map of node_groups",
                "title_link": "https:\/\/www.reddit.com\/r\/Terraform\/comments\/mz2p1m\/create_a_variable_for_a_map_of_map_of_node_groups\/",
                "text": "Hello I am using terraform-aws-eks module to deploy EKS clusters. I was hoping for some help turning node\\_groups map of maps into a variable so...",
                "fallback": "reddit: Create a variable for a map of map of node_groups",
                "thumb_url": "https:\/\/www.redditstatic.com\/new-icon.png",
                "from_url": "https:\/\/www.reddit.com\/r\/Terraform\/comments\/mz2p1m\/create_a_variable_for_a_map_of_map_of_node_groups\/",
                "thumb_width": 256,
                "thumb_height": 256,
                "service_icon": "http:\/\/www.redditstatic.com\/desktop2x\/img\/favicon\/apple-icon-57x57.png",
                "id": 1,
                "original_url": "https:\/\/www.reddit.com\/r\/Terraform\/comments\/mz2p1m\/create_a_variable_for_a_map_of_map_of_node_groups\/"
            }
        ],
        "edited": {
            "user": "BG3N7LG73",
            "ts": "1619457995.000000"
        }
    },
    {
        "type": "message",
        "subtype": "bot_message",
        "text": "<https:\/\/www.reddit.com\/r\/Terraform\/comments\/mz2qi5\/terraform_first_or_after_developing\/|Terraform first or after developing?>\nIf you are setting up some new resources like building a new API or application do you typically start setting things up with TF first? Or configure things manually in your cloud provider to see what needs to be terraformed then set it up with TF after? Is this normal to do the second approach or should people really just do it TF from the start? I think second approach is good if you’re new or need to get things working quickly    submitted by   &lt;a href=\"https:\/\/www.reddit.com\/user\/edmguru\"&gt;...",
        "ts": "1619457995.056200",
        "username": "Terraform",
        "icons": {
            "image_48": "https:\/\/s3-us-west-2.amazonaws.com\/slack-files2\/bot_icons\/2019-02-12\/548785199618_48.png"
        },
        "bot_id": "BG3N7LG73",
        "attachments": [
            {
                "service_name": "reddit",
                "title": "Terraform first or after developing?",
                "title_link": "https:\/\/www.reddit.com\/r\/Terraform\/comments\/mz2qi5\/terraform_first_or_after_developing\/",
                "text": "If you are setting up some new resources like building a new API or application do you typically start setting things up with TF first? Or...",
                "fallback": "reddit: Terraform first or after developing?",
                "thumb_url": "https:\/\/www.redditstatic.com\/new-icon.png",
                "from_url": "https:\/\/www.reddit.com\/r\/Terraform\/comments\/mz2qi5\/terraform_first_or_after_developing\/",
                "thumb_width": 256,
                "thumb_height": 256,
                "service_icon": "http:\/\/www.redditstatic.com\/desktop2x\/img\/favicon\/apple-icon-57x57.png",
                "id": 1,
                "original_url": "https:\/\/www.reddit.com\/r\/Terraform\/comments\/mz2qi5\/terraform_first_or_after_developing\/"
            }
        ],
        "edited": {
            "user": "BG3N7LG73",
            "ts": "1619457996.000000"
        }
    },
    {
        "type": "message",
        "subtype": "bot_message",
        "text": "<https:\/\/www.reddit.com\/r\/Terraform\/comments\/mz9ksm\/bigger_scale_deployments\/|Bigger scale deployments>\nHey all, Hope you are all doing good  Just a question really ... After recently trying to create an Azure DevOps Pipeline for our TF deployment for DR Testing...It was recently revealed to me that the original deployment was done in stages. Certain things were deployed then added. For example the VNET and domain controller was deployed then they unhashed the remaining servers and performed another terraform apply I am assuming this was done to avoid dependency issues... I have now corrected a...",
        "ts": "1619475994.056500",
        "username": "Terraform",
        "icons": {
            "image_48": "https:\/\/s3-us-west-2.amazonaws.com\/slack-files2\/bot_icons\/2019-02-12\/548785199618_48.png"
        },
        "bot_id": "BG3N7LG73",
        "attachments": [
            {
                "service_name": "reddit",
                "title": "Bigger scale deployments",
                "title_link": "https:\/\/www.reddit.com\/r\/Terraform\/comments\/mz9ksm\/bigger_scale_deployments\/",
                "text": "Hey all, Hope you are all doing good Just a question really ... After recently trying to create an Azure DevOps Pipeline for our TF deployment...",
                "fallback": "reddit: Bigger scale deployments",
                "thumb_url": "https:\/\/www.redditstatic.com\/new-icon.png",
                "from_url": "https:\/\/www.reddit.com\/r\/Terraform\/comments\/mz9ksm\/bigger_scale_deployments\/",
                "thumb_width": 256,
                "thumb_height": 256,
                "service_icon": "http:\/\/www.redditstatic.com\/desktop2x\/img\/favicon\/apple-icon-57x57.png",
                "id": 1,
                "original_url": "https:\/\/www.reddit.com\/r\/Terraform\/comments\/mz9ksm\/bigger_scale_deployments\/"
            }
        ],
        "edited": {
            "user": "BG3N7LG73",
            "ts": "1619475994.000000"
        }
    },
    {
        "type": "message",
        "subtype": "bot_message",
        "text": "<https:\/\/www.reddit.com\/r\/Terraform\/comments\/mzbnqi\/terraform_remote_state_vs_data_lookups\/|terraform remote state vs data lookups>\nHI, this is a simple question no doubt but would like to get people’s input We have multiple teams maintaining infrastructure using terraform and everything has been mostly isolated form each other. I now have to make use of some shared infrastructure manage by another team. For an simple example, I need to deploy a VM on a VPC the other team manage (its more complicated than that). The two way I see I could go about this is firstly just perform a data lookup as I know the details to look it...",
        "ts": "1619481995.056700",
        "username": "Terraform",
        "icons": {
            "image_48": "https:\/\/s3-us-west-2.amazonaws.com\/slack-files2\/bot_icons\/2019-02-12\/548785199618_48.png"
        },
        "bot_id": "BG3N7LG73",
        "attachments": [
            {
                "service_name": "reddit",
                "title": "terraform remote state vs data lookups",
                "title_link": "https:\/\/www.reddit.com\/r\/Terraform\/comments\/mzbnqi\/terraform_remote_state_vs_data_lookups\/",
                "text": "HI, this is a simple question no doubt but would like to get people’s input We have multiple teams maintaining infrastructure using terraform and...",
                "fallback": "reddit: terraform remote state vs data lookups",
                "thumb_url": "https:\/\/www.redditstatic.com\/new-icon.png",
                "from_url": "https:\/\/www.reddit.com\/r\/Terraform\/comments\/mzbnqi\/terraform_remote_state_vs_data_lookups\/",
                "thumb_width": 256,
                "thumb_height": 256,
                "service_icon": "http:\/\/www.redditstatic.com\/desktop2x\/img\/favicon\/apple-icon-57x57.png",
                "id": 1,
                "original_url": "https:\/\/www.reddit.com\/r\/Terraform\/comments\/mzbnqi\/terraform_remote_state_vs_data_lookups\/"
            }
        ],
        "edited": {
            "user": "BG3N7LG73",
            "ts": "1619481995.000000"
        }
    },
    {
        "type": "message",
        "subtype": "bot_message",
        "text": "<https:\/\/www.reddit.com\/r\/Terraform\/comments\/mzgjco\/can_i_define_variables_in_terraform_like_this\/|Can I define variables in terraform like this ?>\nHello, is there any way to do something similar to this in terraform? If yes can anyone tell me how? define basic variables LOCATION='westeurope' LOCATION_SHORT='weu' WORKLOAD='fw' ENVIRONMENT='prod' INSTANCE='001' putting variables together RG_NAME_VNET=$(echo rg-vnet-$WORKLOAD-$ENVIRONMENT-$LOCATION_SHORT-$INSTANCE) VNET_NAME=$(echo vnet-$WORKLOAD-$ENVIRONMENT-$LOCATION_SHORT-$INSTANCE) DDOS_NAME=$(echo ddos-$WORKLOAD-$ENVIRONMENT-$LOCATION_SHORT-$INSTANCE) output: admin@Azure:~$ echo...",
        "ts": "1619499394.056900",
        "username": "Terraform",
        "icons": {
            "image_48": "https:\/\/s3-us-west-2.amazonaws.com\/slack-files2\/bot_icons\/2019-02-12\/548785199618_48.png"
        },
        "bot_id": "BG3N7LG73",
        "attachments": [
            {
                "service_name": "reddit",
                "title": "Can I define variables in terraform like this ?",
                "title_link": "https:\/\/www.reddit.com\/r\/Terraform\/comments\/mzgjco\/can_i_define_variables_in_terraform_like_this\/",
                "text": "Hello, is there any way to do something similar to this in terraform? If yes can anyone tell me how? #define basic...",
                "fallback": "reddit: Can I define variables in terraform like this ?",
                "thumb_url": "https:\/\/www.redditstatic.com\/new-icon.png",
                "from_url": "https:\/\/www.reddit.com\/r\/Terraform\/comments\/mzgjco\/can_i_define_variables_in_terraform_like_this\/",
                "thumb_width": 256,
                "thumb_height": 256,
                "service_icon": "http:\/\/www.redditstatic.com\/desktop2x\/img\/favicon\/apple-icon-57x57.png",
                "id": 1,
                "original_url": "https:\/\/www.reddit.com\/r\/Terraform\/comments\/mzgjco\/can_i_define_variables_in_terraform_like_this\/"
            }
        ],
        "edited": {
            "user": "BG3N7LG73",
            "ts": "1619499394.000000"
        }
    }
]