[
    {
        "type": "message",
        "subtype": "bot_message",
        "text": "<https:\/\/www.reddit.com\/r\/Terraform\/comments\/n09icy\/terraform_for_each_with_nested_resources\/|Terraform for_each with nested resources>\nI am using for_each with local, to create multiples dataset in bigquery. And another for_each to create table, in previous dataset. The problem is I have to reference the table with dataset like dataset_ressource.dataset_id.id but I use each.value.dataset1. So, it works only if I run \"terraform apply\" twice locals { bq_settings = { \"${var.dataset1}\" = {description = \"description dataset 1\"}, } }  locals { table_settings = { \"${var.table1}\" = {dataset_id = \"dataset1_test\", file =...",
        "ts": "1619595395.058700",
        "username": "Terraform",
        "icons": {
            "image_48": "https:\/\/s3-us-west-2.amazonaws.com\/slack-files2\/bot_icons\/2019-02-12\/548785199618_48.png"
        },
        "bot_id": "BG3N7LG73",
        "attachments": [
            {
                "service_name": "reddit",
                "title": "Terraform for_each with nested resources",
                "title_link": "https:\/\/www.reddit.com\/r\/Terraform\/comments\/n09icy\/terraform_for_each_with_nested_resources\/",
                "text": "I am using for\\_each with local, to create multiples dataset in bigquery. And another for\\_each to create table, in previous dataset. The problem...",
                "fallback": "reddit: Terraform for_each with nested resources",
                "thumb_url": "https:\/\/www.redditstatic.com\/new-icon.png",
                "from_url": "https:\/\/www.reddit.com\/r\/Terraform\/comments\/n09icy\/terraform_for_each_with_nested_resources\/",
                "thumb_width": 256,
                "thumb_height": 256,
                "service_icon": "http:\/\/www.redditstatic.com\/desktop2x\/img\/favicon\/apple-icon-57x57.png",
                "id": 1,
                "original_url": "https:\/\/www.reddit.com\/r\/Terraform\/comments\/n09icy\/terraform_for_each_with_nested_resources\/"
            }
        ],
        "edited": {
            "user": "BG3N7LG73",
            "ts": "1619595395.000000"
        }
    },
    {
        "type": "message",
        "subtype": "bot_message",
        "text": "<https:\/\/www.reddit.com\/r\/Terraform\/comments\/n0ae40\/gcp_shared_vpc_and_attached_projects_subnets\/|GCP Shared VPC and attached projects subnets sharing>\nHi All,\n I'm trying to create a module to share a (sub)network with Shared VPC. Looking at the GCP provider, the only resource I found is the google_compute_shared_vpc_host_project and the correspondant google_compute_shared_vpc_service_project .\n Those resources don't allow me to specify the (sub)network to share (between project A [host] and project B [service]); I need to share a specific one and not the whole projects' set of networks. Am I missing something or there's a lack in the GCP...",
        "ts": "1619599595.058900",
        "username": "Terraform",
        "icons": {
            "image_48": "https:\/\/s3-us-west-2.amazonaws.com\/slack-files2\/bot_icons\/2019-02-12\/548785199618_48.png"
        },
        "bot_id": "BG3N7LG73",
        "attachments": [
            {
                "service_name": "reddit",
                "title": "GCP Shared VPC and attached projects subnets sharing",
                "title_link": "https:\/\/www.reddit.com\/r\/Terraform\/comments\/n0ae40\/gcp_shared_vpc_and_attached_projects_subnets\/",
                "text": "Hi All, I'm trying to create a module to share a (sub)network with Shared VPC. Looking at the GCP provider, the only resource I found is the...",
                "fallback": "reddit: GCP Shared VPC and attached projects subnets sharing",
                "thumb_url": "https:\/\/www.redditstatic.com\/new-icon.png",
                "from_url": "https:\/\/www.reddit.com\/r\/Terraform\/comments\/n0ae40\/gcp_shared_vpc_and_attached_projects_subnets\/",
                "thumb_width": 256,
                "thumb_height": 256,
                "service_icon": "http:\/\/www.redditstatic.com\/desktop2x\/img\/favicon\/apple-icon-57x57.png",
                "id": 1,
                "original_url": "https:\/\/www.reddit.com\/r\/Terraform\/comments\/n0ae40\/gcp_shared_vpc_and_attached_projects_subnets\/"
            }
        ],
        "edited": {
            "user": "BG3N7LG73",
            "ts": "1619599595.000000"
        }
    },
    {
        "type": "message",
        "subtype": "bot_message",
        "text": "<https:\/\/www.reddit.com\/r\/Terraform\/comments\/n0ap8c\/tfquery_run_sql_queries_on_your_terraform\/|tfquery: Run SQL queries on your Terraform infrastructure. Query resources and analyze its configuration using a SQL-powered framework.>\nI'm open-sourcing my newest project, tfquery: a framework that allows running SQL queries on Terraform code. tfquery is made to help in answering questions that are hard to answer about your infrastructure-as-code. It allows querying resources and analyzing its configuration using a SQL-powered framework. I built it out of a real-world problem where I need to understand an extremely large Terraform environment. Has been highly helpful in making work easier. It saved me dozens of hours in...",
        "ts": "1619601994.059100",
        "username": "Terraform",
        "icons": {
            "image_48": "https:\/\/s3-us-west-2.amazonaws.com\/slack-files2\/bot_icons\/2019-02-12\/548785199618_48.png"
        },
        "bot_id": "BG3N7LG73",
        "attachments": [
            {
                "service_name": "reddit",
                "title": "tfquery: Run SQL queries on your Terraform infrastructure. Query resources and analyze its configuration using a SQL-powered framework.",
                "title_link": "https:\/\/www.reddit.com\/r\/Terraform\/comments\/n0ap8c\/tfquery_run_sql_queries_on_your_terraform\/",
                "text": "I'm open-sourcing my newest project, tfquery: a framework that allows running SQL queries on Terraform code. tfquery is made to help in...",
                "fallback": "reddit: tfquery: Run SQL queries on your Terraform infrastructure. Query resources and analyze its configuration using a SQL-powered framework.",
                "thumb_url": "https:\/\/www.redditstatic.com\/new-icon.png",
                "from_url": "https:\/\/www.reddit.com\/r\/Terraform\/comments\/n0ap8c\/tfquery_run_sql_queries_on_your_terraform\/",
                "thumb_width": 256,
                "thumb_height": 256,
                "service_icon": "http:\/\/www.redditstatic.com\/desktop2x\/img\/favicon\/apple-icon-57x57.png",
                "id": 1,
                "original_url": "https:\/\/www.reddit.com\/r\/Terraform\/comments\/n0ap8c\/tfquery_run_sql_queries_on_your_terraform\/"
            }
        ],
        "edited": {
            "user": "BG3N7LG73",
            "ts": "1619601994.000000"
        }
    },
    {
        "type": "message",
        "subtype": "bot_message",
        "text": "<https:\/\/www.reddit.com\/r\/Terraform\/comments\/n0d4y7\/starting_fresh_with_terraform\/|Starting fresh with Terraform>\nThe company I just joined has been running their systems in AWS for the past few years. However, everything is a mess with their `cloud formation` templates, bash scripts and bamboo. I got the green light to automate infrastructure changes and deployment, as well as get rid of the Bamboo deployment server. I decided it's too risky to clean up existing AWS accounts and will create new ones for the services mentioned below. My idea is to use Terraform to manage everything infrastructure...",
        "ts": "1619611596.059300",
        "username": "Terraform",
        "icons": {
            "image_48": "https:\/\/s3-us-west-2.amazonaws.com\/slack-files2\/bot_icons\/2019-02-12\/548785199618_48.png"
        },
        "bot_id": "BG3N7LG73",
        "attachments": [
            {
                "service_name": "reddit",
                "title": "Starting fresh with Terraform",
                "title_link": "https:\/\/www.reddit.com\/r\/Terraform\/comments\/n0d4y7\/starting_fresh_with_terraform\/",
                "text": "The company I just joined has been running their systems in **AWS** for the past few years. However, everything is a **mess** with their \\`cloud...",
                "fallback": "reddit: Starting fresh with Terraform",
                "thumb_url": "https:\/\/www.redditstatic.com\/new-icon.png",
                "from_url": "https:\/\/www.reddit.com\/r\/Terraform\/comments\/n0d4y7\/starting_fresh_with_terraform\/",
                "thumb_width": 256,
                "thumb_height": 256,
                "service_icon": "http:\/\/www.redditstatic.com\/desktop2x\/img\/favicon\/apple-icon-57x57.png",
                "id": 1,
                "original_url": "https:\/\/www.reddit.com\/r\/Terraform\/comments\/n0d4y7\/starting_fresh_with_terraform\/"
            }
        ],
        "edited": {
            "user": "BG3N7LG73",
            "ts": "1619611596.000000"
        }
    },
    {
        "type": "message",
        "subtype": "bot_message",
        "text": "<https:\/\/www.reddit.com\/r\/Terraform\/comments\/n0h73a\/make_money_with_paid_surveys_register_now_in_the\/|Make money with paid surveys, Register now in the link below.....Thank me later!>\nsubmitted by   <https:\/\/www.reddit.com\/user\/democracymanifestman| \/u\/democracymanifestman > \n<https:\/\/www.google.com\/url?q=https%3A%2F%2Fafflat3d1.com%2Flnk.asp%3Fo%3D5358%26c%3D918277%26a%3D547689%26k%3D0%26l%3D4125&amp;sa=D&amp;sntz=1&amp;usg=AFQjCNHWLqLC30HWXJqfYyIZ8_JLb66zYA|[link]>   <https:\/\/www.reddit.com\/r\/Terraform\/comments\/n0h73a\/make_money_with_paid_surveys_register_now_in_the\/|[comments]>",
        "ts": "1619624195.059500",
        "username": "Terraform",
        "icons": {
            "image_48": "https:\/\/s3-us-west-2.amazonaws.com\/slack-files2\/bot_icons\/2019-02-12\/548785199618_48.png"
        },
        "bot_id": "BG3N7LG73",
        "attachments": [
            {
                "service_name": "reddit",
                "title": "Make money with paid surveys, Register now in the link below.....Thank me later!",
                "title_link": "https:\/\/www.reddit.com\/r\/Terraform\/comments\/n0h73a\/make_money_with_paid_surveys_register_now_in_the\/",
                "text": "Posted in r\/Terraform by u\/democracymanifestman • 0 points and 0 comments",
                "fallback": "reddit: Make money with paid surveys, Register now in the link below.....Thank me later!",
                "thumb_url": "https:\/\/www.redditstatic.com\/new-icon.png",
                "from_url": "https:\/\/www.reddit.com\/r\/Terraform\/comments\/n0h73a\/make_money_with_paid_surveys_register_now_in_the\/",
                "thumb_width": 256,
                "thumb_height": 256,
                "service_icon": "http:\/\/www.redditstatic.com\/desktop2x\/img\/favicon\/apple-icon-57x57.png",
                "id": 1,
                "original_url": "https:\/\/www.reddit.com\/r\/Terraform\/comments\/n0h73a\/make_money_with_paid_surveys_register_now_in_the\/"
            },
            {
                "title": "reddit.com: over 18?",
                "title_link": "https:\/\/www.reddit.com\/user\/democracymanifestman",
                "text": "Reddit gives you the best of the internet in one place. Get a constantly updating feed of breaking news, fun stories, pics, memes, and videos just for you. Passionate about something niche? Reddit has thousands of vibrant communities with people that share your interests. Alternatively, find out what’s trending across all of Reddit on r\/popular. Reddit is also anonymous so you can be yourself, with your Reddit profile and persona disconnected from your real-world identity.",
                "fallback": "reddit.com: over 18?",
                "from_url": "https:\/\/www.reddit.com\/user\/democracymanifestman",
                "service_icon": "http:\/\/www.redditstatic.com\/desktop2x\/img\/favicon\/apple-icon-57x57.png",
                "service_name": "reddit.com",
                "id": 2,
                "original_url": "https:\/\/www.reddit.com\/user\/democracymanifestman"
            }
        ],
        "edited": {
            "user": "BG3N7LG73",
            "ts": "1619624196.000000"
        }
    },
    {
        "type": "message",
        "subtype": "bot_message",
        "text": "<https:\/\/www.reddit.com\/r\/Terraform\/comments\/n0jmlv\/splicing_in_terraform\/|Splicing in Terraform>\nSo I am trying to understand the following expression: split(\"\/\", str)[0] I get that the split function divides a given string at every \"\/\", but what does the last part do ([0])?    submitted by   <https:\/\/www.reddit.com\/user\/RhinoVanHorn| \/u\/RhinoVanHorn > \n<https:\/\/www.reddit.com\/r\/Terraform\/comments\/n0jmlv\/splicing_in_terraform\/|[link]>   <https:\/\/www.reddit.com\/r\/Terraform\/comments\/n0jmlv\/splicing_in_terraform\/|[comments]>",
        "ts": "1619630195.059700",
        "username": "Terraform",
        "icons": {
            "image_48": "https:\/\/s3-us-west-2.amazonaws.com\/slack-files2\/bot_icons\/2019-02-12\/548785199618_48.png"
        },
        "bot_id": "BG3N7LG73",
        "attachments": [
            {
                "service_name": "reddit",
                "title": "Splicing in Terraform",
                "title_link": "https:\/\/www.reddit.com\/r\/Terraform\/comments\/n0jmlv\/splicing_in_terraform\/",
                "text": "So I am trying to understand the following expression: split(\"\/\", str)\\[0\\] I get that the split function divides a given string at every \"\/\",...",
                "fallback": "reddit: Splicing in Terraform",
                "thumb_url": "https:\/\/www.redditstatic.com\/new-icon.png",
                "from_url": "https:\/\/www.reddit.com\/r\/Terraform\/comments\/n0jmlv\/splicing_in_terraform\/",
                "thumb_width": 256,
                "thumb_height": 256,
                "service_icon": "http:\/\/www.redditstatic.com\/desktop2x\/img\/favicon\/apple-icon-57x57.png",
                "id": 1,
                "original_url": "https:\/\/www.reddit.com\/r\/Terraform\/comments\/n0jmlv\/splicing_in_terraform\/"
            },
            {
                "title": "overview for RhinoVanHorn",
                "title_link": "https:\/\/www.reddit.com\/user\/RhinoVanHorn",
                "text": "The u\/RhinoVanHorn community on Reddit. Reddit gives you the best of the internet in one place.",
                "fallback": "overview for RhinoVanHorn",
                "from_url": "https:\/\/www.reddit.com\/user\/RhinoVanHorn",
                "service_icon": "http:\/\/www.redditstatic.com\/desktop2x\/img\/favicon\/apple-icon-57x57.png",
                "service_name": "reddit.com",
                "id": 2,
                "original_url": "https:\/\/www.reddit.com\/user\/RhinoVanHorn"
            }
        ],
        "edited": {
            "user": "BG3N7LG73",
            "ts": "1619630195.000000"
        }
    },
    {
        "type": "message",
        "subtype": "bot_message",
        "text": "<https:\/\/www.reddit.com\/r\/Terraform\/comments\/n0kdzx\/iacbot_free_tool_for_scanning_terraform_in_git\/|iacbot - free tool for scanning Terraform in Git>\nConnect it in Git, get notifications on security\/misconfiguration issues and how to fix them. <https:\/\/get.soluble.cloud\/posts\/2021\/04\/introducing-iacbot\/|https:\/\/get.soluble.cloud\/posts\/2021\/04\/introducing-iacbot\/>    submitted by   <https:\/\/www.reddit.com\/user\/melindacat| \/u\/melindacat > \n<https:\/\/www.reddit.com\/r\/Terraform\/comments\/n0kdzx\/iacbot_free_tool_for_scanning_terraform_in_git\/|[link]>   &lt;a...",
        "ts": "1619631996.059900",
        "username": "Terraform",
        "icons": {
            "image_48": "https:\/\/s3-us-west-2.amazonaws.com\/slack-files2\/bot_icons\/2019-02-12\/548785199618_48.png"
        },
        "bot_id": "BG3N7LG73",
        "attachments": [
            {
                "service_name": "reddit",
                "title": "iacbot - free tool for scanning Terraform in Git",
                "title_link": "https:\/\/www.reddit.com\/r\/Terraform\/comments\/n0kdzx\/iacbot_free_tool_for_scanning_terraform_in_git\/",
                "text": "Connect it in Git, get notifications on security\/misconfiguration issues and how to fix them....",
                "fallback": "reddit: iacbot - free tool for scanning Terraform in Git",
                "thumb_url": "https:\/\/www.redditstatic.com\/new-icon.png",
                "from_url": "https:\/\/www.reddit.com\/r\/Terraform\/comments\/n0kdzx\/iacbot_free_tool_for_scanning_terraform_in_git\/",
                "thumb_width": 256,
                "thumb_height": 256,
                "service_icon": "http:\/\/www.redditstatic.com\/desktop2x\/img\/favicon\/apple-icon-57x57.png",
                "id": 1,
                "original_url": "https:\/\/www.reddit.com\/r\/Terraform\/comments\/n0kdzx\/iacbot_free_tool_for_scanning_terraform_in_git\/"
            },
            {
                "title": "Introducing iacbot",
                "title_link": "https:\/\/get.soluble.cloud\/posts\/2021\/04\/introducing-iacbot\/",
                "text": "Learn about iacbot - a free GitHub app that analyzes Terraform, CloudFormation and Kubernetes changes for security vulnerabilities and provides fast feedback directly in pull requests.",
                "fallback": "Introducing iacbot",
                "image_url": "https:\/\/get.soluble.cloud\/img\/screen-shot-2021-04-27-at-2-04-59-pm.png",
                "ts": 1619554686,
                "from_url": "https:\/\/get.soluble.cloud\/posts\/2021\/04\/introducing-iacbot\/",
                "image_width": 545,
                "image_height": 250,
                "image_bytes": 257857,
                "service_icon": "https:\/\/get.soluble.cloud\/apple-touch-icon.png",
                "service_name": "get.soluble.cloud",
                "id": 2,
                "original_url": "https:\/\/get.soluble.cloud\/posts\/2021\/04\/introducing-iacbot\/"
            },
            {
                "title": "overview for melindacat",
                "title_link": "https:\/\/www.reddit.com\/user\/melindacat",
                "text": "Writer, musician, high tech security professional.",
                "fallback": "overview for melindacat",
                "from_url": "https:\/\/www.reddit.com\/user\/melindacat",
                "service_icon": "http:\/\/www.redditstatic.com\/desktop2x\/img\/favicon\/apple-icon-57x57.png",
                "service_name": "reddit.com",
                "id": 3,
                "original_url": "https:\/\/www.reddit.com\/user\/melindacat"
            }
        ],
        "edited": {
            "user": "BG3N7LG73",
            "ts": "1619631997.000000"
        }
    },
    {
        "type": "message",
        "subtype": "bot_message",
        "text": "<https:\/\/www.reddit.com\/r\/Terraform\/comments\/n0mibt\/how_to_create_multiple_copies_of_a_resource\/|how to create multiple copies of a resource within a block>\nI'm new to Terraform. I am writing a module for standard windows VM. The issue I have run into is that to add multiple nics or disks I have to repeat the block. vm_additional_disks = [{name = \"testing-vm-${count.index}-disk1\"size = 10lun = 10create_as = \"Empty\"caching = \"ReadWrite\"storage_type = \"Standard_LRS\"},{name = \"testing-vm-${count.index}-disk2\"size = 10lun = 11create_as = \"Empty\"caching = \"ReadWrite\"storage_type = \"Standard_LRS\"}] I am trying to get to a point where the child module...",
        "ts": "1619637996.060100",
        "username": "Terraform",
        "icons": {
            "image_48": "https:\/\/s3-us-west-2.amazonaws.com\/slack-files2\/bot_icons\/2019-02-12\/548785199618_48.png"
        },
        "bot_id": "BG3N7LG73",
        "attachments": [
            {
                "service_name": "reddit",
                "title": "how to create multiple copies of a resource within a block",
                "title_link": "https:\/\/www.reddit.com\/r\/Terraform\/comments\/n0mibt\/how_to_create_multiple_copies_of_a_resource\/",
                "text": "I'm new to Terraform. I am writing a module for standard windows VM. The issue I have run into is that to add multiple nics or disks I have to...",
                "fallback": "reddit: how to create multiple copies of a resource within a block",
                "thumb_url": "https:\/\/www.redditstatic.com\/new-icon.png",
                "from_url": "https:\/\/www.reddit.com\/r\/Terraform\/comments\/n0mibt\/how_to_create_multiple_copies_of_a_resource\/",
                "thumb_width": 256,
                "thumb_height": 256,
                "service_icon": "http:\/\/www.redditstatic.com\/desktop2x\/img\/favicon\/apple-icon-57x57.png",
                "id": 1,
                "original_url": "https:\/\/www.reddit.com\/r\/Terraform\/comments\/n0mibt\/how_to_create_multiple_copies_of_a_resource\/"
            }
        ],
        "edited": {
            "user": "BG3N7LG73",
            "ts": "1619637997.000000"
        }
    },
    {
        "type": "message",
        "subtype": "bot_message",
        "text": "<https:\/\/www.reddit.com\/r\/Terraform\/comments\/n0mpu0\/conditional_with_for_each_loop_question\/|conditional with for_each loop question>\nNewish to TF. I get the following error when trying to do a count with a for_each loop. resource \"oci_core_subnet\" \"oke_lower_private\" { count = lower_oke_network ? 1 : 0 for_each = var.lower_oke_network cidr_block = each.value compartment_id = var.lower_network.spoke leads to the following error Error: Invalid combination of \"count\" and \"for_each\" The \"count\" and \"for_each\" meta-arguments are mutually-exclusive, only one should be used to be explicit about the number of resources to be...",
        "ts": "1619639195.060300",
        "username": "Terraform",
        "icons": {
            "image_48": "https:\/\/s3-us-west-2.amazonaws.com\/slack-files2\/bot_icons\/2019-02-12\/548785199618_48.png"
        },
        "bot_id": "BG3N7LG73",
        "attachments": [
            {
                "service_name": "reddit",
                "title": "conditional with for_each loop question",
                "title_link": "https:\/\/www.reddit.com\/r\/Terraform\/comments\/n0mpu0\/conditional_with_for_each_loop_question\/",
                "text": "Newish to TF. I get the following error when trying to do a count with a for\\_each loop. resource \"oci_core_subnet\" \"oke_lower_private\" { ...",
                "fallback": "reddit: conditional with for_each loop question",
                "thumb_url": "https:\/\/www.redditstatic.com\/new-icon.png",
                "from_url": "https:\/\/www.reddit.com\/r\/Terraform\/comments\/n0mpu0\/conditional_with_for_each_loop_question\/",
                "thumb_width": 256,
                "thumb_height": 256,
                "service_icon": "http:\/\/www.redditstatic.com\/desktop2x\/img\/favicon\/apple-icon-57x57.png",
                "id": 1,
                "original_url": "https:\/\/www.reddit.com\/r\/Terraform\/comments\/n0mpu0\/conditional_with_for_each_loop_question\/"
            }
        ],
        "edited": {
            "user": "BG3N7LG73",
            "ts": "1619639196.000000"
        }
    },
    {
        "type": "message",
        "subtype": "bot_message",
        "text": "<https:\/\/www.reddit.com\/r\/Terraform\/comments\/n0selb\/question_about_importing_existing_setup\/|Question about importing existing setup>\nSo I've inherited a terraform project that store's state remotely in an S3 bucket. The main file for the project defines some resources: provider \"aws\" {\nregion = \"us-east-1\"\nversion = \"~&gt; 2.52\"\n}\nresource \"aws_kms_key\" \"terraform-state-key\" {\ndescription = \"terraform state bucket encryption key\"\ndeletion_window_in_days = 10\n}\nresource \"aws_s3_bucket\" \"tf-state-storage\" {\nbucket = \"xxxxx\"\nacl = \"private\"\nregion = \"us-east-1\"\nversioning {\nenabled = true\n}\nlifecycle {\nprevent_destroy = false\n}...",
        "ts": "1619655396.060500",
        "username": "Terraform",
        "icons": {
            "image_48": "https:\/\/s3-us-west-2.amazonaws.com\/slack-files2\/bot_icons\/2019-02-12\/548785199618_48.png"
        },
        "bot_id": "BG3N7LG73",
        "attachments": [
            {
                "service_name": "reddit",
                "title": "Question about importing existing setup",
                "title_link": "https:\/\/www.reddit.com\/r\/Terraform\/comments\/n0selb\/question_about_importing_existing_setup\/",
                "text": "So I've inherited a terraform project that store's state remotely in an S3 bucket. The main file for the project defines some...",
                "fallback": "reddit: Question about importing existing setup",
                "thumb_url": "https:\/\/www.redditstatic.com\/new-icon.png",
                "from_url": "https:\/\/www.reddit.com\/r\/Terraform\/comments\/n0selb\/question_about_importing_existing_setup\/",
                "thumb_width": 256,
                "thumb_height": 256,
                "service_icon": "http:\/\/www.redditstatic.com\/desktop2x\/img\/favicon\/apple-icon-57x57.png",
                "id": 1,
                "original_url": "https:\/\/www.reddit.com\/r\/Terraform\/comments\/n0selb\/question_about_importing_existing_setup\/"
            }
        ],
        "edited": {
            "user": "BG3N7LG73",
            "ts": "1619655396.000000"
        }
    },
    {
        "type": "message",
        "subtype": "bot_message",
        "text": "<https:\/\/www.reddit.com\/r\/Terraform\/comments\/n0ulza\/how_do_you_automate_resource_creationremoval\/|How do you automate resource creation\/removal based on week day and time of day?>\nI have a couple resources that are terraformed. However, I would like to destroy the resources outside of working hours. For example, I would like to automatically create an AWS rds cluster at 8am and destroy it at 5pm each weekday. The cluster would be created from an existing snapshot.  I’m using Terraform Cloud for infrastructure CI\/CD. Does anyone do something similar, even if it’s using tooling other than terraform?    submitted by   &lt;a href=\"https:\/\/www.reddit.com\/user\/funkdr42\"&gt;...",
        "ts": "1619663796.060700",
        "username": "Terraform",
        "icons": {
            "image_48": "https:\/\/s3-us-west-2.amazonaws.com\/slack-files2\/bot_icons\/2019-02-12\/548785199618_48.png"
        },
        "bot_id": "BG3N7LG73",
        "attachments": [
            {
                "service_name": "reddit",
                "title": "How do you automate resource creation\/removal based on week day and time of day?",
                "title_link": "https:\/\/www.reddit.com\/r\/Terraform\/comments\/n0ulza\/how_do_you_automate_resource_creationremoval\/",
                "text": "I have a couple resources that are terraformed. However, I would like to destroy the resources outside of working hours. For example, I would like...",
                "fallback": "reddit: How do you automate resource creation\/removal based on week day and time of day?",
                "thumb_url": "https:\/\/www.redditstatic.com\/new-icon.png",
                "from_url": "https:\/\/www.reddit.com\/r\/Terraform\/comments\/n0ulza\/how_do_you_automate_resource_creationremoval\/",
                "thumb_width": 256,
                "thumb_height": 256,
                "service_icon": "http:\/\/www.redditstatic.com\/desktop2x\/img\/favicon\/apple-icon-57x57.png",
                "id": 1,
                "original_url": "https:\/\/www.reddit.com\/r\/Terraform\/comments\/n0ulza\/how_do_you_automate_resource_creationremoval\/"
            }
        ],
        "edited": {
            "user": "BG3N7LG73",
            "ts": "1619663796.000000"
        }
    },
    {
        "type": "message",
        "subtype": "bot_message",
        "text": "<https:\/\/www.reddit.com\/r\/Terraform\/comments\/n0xl5y\/local_variables_in_list_variables\/|local variables in list variables ?>\nHi, is it possible to use \"local variables\" in a list variable?or is there any way how to do this? In the first step, I define variables like the Azure region (weu). After this, I create the local Variables which are put together of multiple variables. After this, I would like to use the variables in a list variable to setup for example multiple subnets. I get the following Terraform error message: ​  The Terraform configuration must be valid before initialization so that  Terraform can...",
        "ts": "1619674593.060900",
        "username": "Terraform",
        "icons": {
            "image_48": "https:\/\/s3-us-west-2.amazonaws.com\/slack-files2\/bot_icons\/2019-02-12\/548785199618_48.png"
        },
        "bot_id": "BG3N7LG73",
        "attachments": [
            {
                "service_name": "reddit",
                "title": "local variables in list variables ?",
                "title_link": "https:\/\/www.reddit.com\/r\/Terraform\/comments\/n0xl5y\/local_variables_in_list_variables\/",
                "text": "Hi, is it possible to use \"local variables\" in a list variable?or is there any way how to do this? In the first step, I define variables like...",
                "fallback": "reddit: local variables in list variables ?",
                "thumb_url": "https:\/\/www.redditstatic.com\/new-icon.png",
                "from_url": "https:\/\/www.reddit.com\/r\/Terraform\/comments\/n0xl5y\/local_variables_in_list_variables\/",
                "thumb_width": 256,
                "thumb_height": 256,
                "service_icon": "http:\/\/www.redditstatic.com\/desktop2x\/img\/favicon\/apple-icon-57x57.png",
                "id": 1,
                "original_url": "https:\/\/www.reddit.com\/r\/Terraform\/comments\/n0xl5y\/local_variables_in_list_variables\/"
            }
        ],
        "edited": {
            "user": "BG3N7LG73",
            "ts": "1619674593.000000"
        }
    }
]