[
    {
        "type": "message",
        "subtype": "bot_message",
        "text": "<https:\/\/www.reddit.com\/r\/Terraform\/comments\/n1r26z\/am_i_doing_this_right\/|Am I doing this right?>\nI'm trying to create the basis for a company wide terraform repository. ​ The idea is that `platform` will contain our system wide infrastructure. An example could be our main DNS zone. ​ `modules` will contain our various modules, currently only one called DNS which should serve as an example. ​ `services` will contain infrastructure for our various non system wide infrastructure. For example, to prevent having a long \"global\" list of DNS records, each service will add its own DNS records...",
        "ts": "1619778999.061700",
        "username": "Terraform",
        "icons": {
            "image_48": "https:\/\/s3-us-west-2.amazonaws.com\/slack-files2\/bot_icons\/2019-02-12\/548785199618_48.png"
        },
        "bot_id": "BG3N7LG73",
        "attachments": [
            {
                "service_name": "reddit",
                "title": "Am I doing this right?",
                "title_link": "https:\/\/www.reddit.com\/r\/Terraform\/comments\/n1r26z\/am_i_doing_this_right\/",
                "text": "I'm trying to create the basis for a company wide terraform repository. &amp;#x200B; The idea is that \\`platform\\` will contain our system wide...",
                "fallback": "reddit: Am I doing this right?",
                "thumb_url": "https:\/\/www.redditstatic.com\/new-icon.png",
                "from_url": "https:\/\/www.reddit.com\/r\/Terraform\/comments\/n1r26z\/am_i_doing_this_right\/",
                "thumb_width": 256,
                "thumb_height": 256,
                "service_icon": "http:\/\/www.redditstatic.com\/desktop2x\/img\/favicon\/apple-icon-57x57.png",
                "id": 1,
                "original_url": "https:\/\/www.reddit.com\/r\/Terraform\/comments\/n1r26z\/am_i_doing_this_right\/"
            }
        ],
        "edited": {
            "user": "BG3N7LG73",
            "ts": "1619778999.000000"
        }
    },
    {
        "type": "message",
        "subtype": "bot_message",
        "text": "<https:\/\/www.reddit.com\/r\/Terraform\/comments\/n1s9x6\/objects_and_maps\/|objects and maps>\nHi I'm new to terraform. I'm writing a module to make windows VMs. I have found <https:\/\/binx.io\/blog\/2020\/01\/02\/module-parameter-defaults-with-the-terraform-object-type\/|some useful> stuff online about Object types but what I am trying to understand is how it interacts with other variable types so for examples what does it mean when you set a variable as below: variable vm_configuration {\ntype = map(object({  ... })) or  variable vm_configuration {\ntype = object({  ... }) what I...",
        "ts": "1619784397.061900",
        "username": "Terraform",
        "icons": {
            "image_48": "https:\/\/s3-us-west-2.amazonaws.com\/slack-files2\/bot_icons\/2019-02-12\/548785199618_48.png"
        },
        "bot_id": "BG3N7LG73",
        "attachments": [
            {
                "service_name": "reddit",
                "title": "objects and maps",
                "title_link": "https:\/\/www.reddit.com\/r\/Terraform\/comments\/n1s9x6\/objects_and_maps\/",
                "text": "Hi I'm new to terraform. I'm writing a module to make windows VMs. I have found [some...",
                "fallback": "reddit: objects and maps",
                "thumb_url": "https:\/\/www.redditstatic.com\/new-icon.png",
                "from_url": "https:\/\/www.reddit.com\/r\/Terraform\/comments\/n1s9x6\/objects_and_maps\/",
                "thumb_width": 256,
                "thumb_height": 256,
                "service_icon": "http:\/\/www.redditstatic.com\/desktop2x\/img\/favicon\/apple-icon-57x57.png",
                "id": 1,
                "original_url": "https:\/\/www.reddit.com\/r\/Terraform\/comments\/n1s9x6\/objects_and_maps\/"
            },
            {
                "service_name": "Binx",
                "title": "Module Parameter Defaults with the Terraform Object Type - Binx",
                "title_link": "https:\/\/binx.io\/blog\/2020\/01\/02\/module-parameter-defaults-with-the-terraform-object-type\/",
                "text": "In this post I will walk you through the challenges I’ve faced when adopting the object type in my Terraform 0.12 modules, and the solutions I came up with to work around the caveats. As an example I will use the google_storage_bucket resource, as this is part of one of the modules I’ve built. The […]",
                "fallback": "Binx: Module Parameter Defaults with the Terraform Object Type - Binx",
                "image_url": "https:\/\/binx.io\/wp-content\/uploads\/2020\/02\/binx-website-78.jpg",
                "image_width": 375,
                "image_height": 250,
                "fields": [
                    {
                        "title": "Written by",
                        "value": "Lotte-Sara Laan",
                        "short": true
                    },
                    {
                        "title": "Est. reading time",
                        "value": "6 minutes",
                        "short": true
                    }
                ],
                "ts": 1577970000,
                "from_url": "https:\/\/binx.io\/blog\/2020\/01\/02\/module-parameter-defaults-with-the-terraform-object-type\/",
                "image_bytes": 361415,
                "service_icon": "https:\/\/binx.io\/wp-content\/uploads\/2020\/02\/favicon.ico",
                "id": 2,
                "original_url": "https:\/\/binx.io\/blog\/2020\/01\/02\/module-parameter-defaults-with-the-terraform-object-type\/"
            }
        ],
        "edited": {
            "user": "BG3N7LG73",
            "ts": "1619784399.000000"
        }
    },
    {
        "type": "message",
        "subtype": "bot_message",
        "text": "<https:\/\/www.reddit.com\/r\/Terraform\/comments\/n1sqew\/question_gcp_compute_instance_from_marketplace\/|[Question] GCP compute instance from marketplace image>\nI am trying to deploy an instance from the marketplace.\n Ex. <https:\/\/console.cloud.google.com\/marketplace\/product\/gc-image-pub\/openlitespeed-wordpress|https:\/\/console.cloud.google.com\/marketplace\/product\/gc-image-pub\/openlitespeed-wordpress>\n The problem is that I get \"image not found\". I found two posts here but none of them had any working answer for this. Is this disabled on purpose? Is there any workaround for it?    submitted by   &lt;a...",
        "ts": "1619786799.062100",
        "username": "Terraform",
        "icons": {
            "image_48": "https:\/\/s3-us-west-2.amazonaws.com\/slack-files2\/bot_icons\/2019-02-12\/548785199618_48.png"
        },
        "bot_id": "BG3N7LG73",
        "attachments": [
            {
                "service_name": "reddit",
                "title": "[Question] GCP compute instance from marketplace image",
                "title_link": "https:\/\/www.reddit.com\/r\/Terraform\/comments\/n1sqew\/question_gcp_compute_instance_from_marketplace\/",
                "text": "I am trying to deploy an instance from the marketplace. Ex....",
                "fallback": "reddit: [Question] GCP compute instance from marketplace image",
                "thumb_url": "https:\/\/www.redditstatic.com\/new-icon.png",
                "from_url": "https:\/\/www.reddit.com\/r\/Terraform\/comments\/n1sqew\/question_gcp_compute_instance_from_marketplace\/",
                "thumb_width": 256,
                "thumb_height": 256,
                "service_icon": "http:\/\/www.redditstatic.com\/desktop2x\/img\/favicon\/apple-icon-57x57.png",
                "id": 1,
                "original_url": "https:\/\/www.reddit.com\/r\/Terraform\/comments\/n1sqew\/question_gcp_compute_instance_from_marketplace\/"
            },
            {
                "title": "Google Cloud Platform",
                "title_link": "https:\/\/console.cloud.google.com\/marketplace\/product\/gc-image-pub\/openlitespeed-wordpress",
                "text": "GCP Marketplace offers more than 160 popular development stacks, solutions, and services optimized to run on GCP via one click deployment.",
                "fallback": "Google Cloud Platform",
                "from_url": "https:\/\/console.cloud.google.com\/marketplace\/product\/gc-image-pub\/openlitespeed-wordpress",
                "service_icon": "http:\/\/ssl.gstatic.com\/pantheon\/images\/favicon\/default.png",
                "service_name": "console.cloud.google.com",
                "id": 2,
                "original_url": "https:\/\/console.cloud.google.com\/marketplace\/product\/gc-image-pub\/openlitespeed-wordpress"
            }
        ],
        "edited": {
            "user": "BG3N7LG73",
            "ts": "1619786800.000000"
        }
    },
    {
        "type": "message",
        "subtype": "bot_message",
        "text": "<https:\/\/www.reddit.com\/r\/Terraform\/comments\/n1syce\/how_the_worlds_fourth_largest_retailer_uses\/|How the world's fourth largest retailer uses Terraform for monitoring as code>\nsubmitted by   <https:\/\/www.reddit.com\/user\/reassembledhuman| \/u\/reassembledhuman > \n<https:\/\/www.hashicorp.com\/blog\/monitoring-as-code-with-terraform-cloud-and-checkly|[link]>   <https:\/\/www.reddit.com\/r\/Terraform\/comments\/n1syce\/how_the_worlds_fourth_largest_retailer_uses\/|[comments]>",
        "ts": "1619786799.062200",
        "username": "Terraform",
        "icons": {
            "image_48": "https:\/\/s3-us-west-2.amazonaws.com\/slack-files2\/bot_icons\/2019-02-12\/548785199618_48.png"
        },
        "bot_id": "BG3N7LG73",
        "attachments": [
            {
                "service_name": "reddit",
                "title": "How the world's fourth largest retailer uses Terraform for monitoring as code",
                "title_link": "https:\/\/www.reddit.com\/r\/Terraform\/comments\/n1syce\/how_the_worlds_fourth_largest_retailer_uses\/",
                "text": "Posted in r\/Terraform by u\/reassembledhuman • 1 point and 0 comments",
                "fallback": "reddit: How the world's fourth largest retailer uses Terraform for monitoring as code",
                "thumb_url": "https:\/\/b.thumbs.redditmedia.com\/wLrX3xkOCyt8gjMm4OyIcP5VYpaEMcbTafSdvLBxIMM.jpg",
                "from_url": "https:\/\/www.reddit.com\/r\/Terraform\/comments\/n1syce\/how_the_worlds_fourth_largest_retailer_uses\/",
                "thumb_width": 140,
                "thumb_height": 73,
                "service_icon": "http:\/\/www.redditstatic.com\/desktop2x\/img\/favicon\/apple-icon-57x57.png",
                "id": 1,
                "original_url": "https:\/\/www.reddit.com\/r\/Terraform\/comments\/n1syce\/how_the_worlds_fourth_largest_retailer_uses\/"
            },
            {
                "title": "overview for reassembledhuman",
                "title_link": "https:\/\/www.reddit.com\/user\/reassembledhuman",
                "text": "The u\/reassembledhuman community on Reddit. Reddit gives you the best of the internet in one place.",
                "fallback": "overview for reassembledhuman",
                "from_url": "https:\/\/www.reddit.com\/user\/reassembledhuman",
                "service_icon": "http:\/\/www.redditstatic.com\/desktop2x\/img\/favicon\/apple-icon-57x57.png",
                "service_name": "reddit.com",
                "id": 2,
                "original_url": "https:\/\/www.reddit.com\/user\/reassembledhuman"
            },
            {
                "service_name": "HashiCorp",
                "title": "Monitoring as Code with Terraform Cloud and Checkly",
                "title_link": "https:\/\/www.hashicorp.com\/blog\/monitoring-as-code-with-terraform-cloud-and-checkly",
                "text": "Learn how to use the HashiCorp Terraform Provider for Checkly to automate infrastructure-monitoring setup and configuration.",
                "fallback": "HashiCorp: Monitoring as Code with Terraform Cloud and Checkly",
                "image_url": "https:\/\/www.datocms-assets.com\/2885\/1619634110-checklyogimage.png",
                "from_url": "https:\/\/www.hashicorp.com\/blog\/monitoring-as-code-with-terraform-cloud-and-checkly",
                "image_width": 476,
                "image_height": 250,
                "image_bytes": 31440,
                "id": 3,
                "original_url": "https:\/\/www.hashicorp.com\/blog\/monitoring-as-code-with-terraform-cloud-and-checkly"
            }
        ],
        "edited": {
            "user": "BG3N7LG73",
            "ts": "1619786800.000000"
        }
    }
]