[
    {
        "type": "message",
        "subtype": "bot_message",
        "text": "<https:\/\/www.reddit.com\/r\/Terraform\/comments\/mj9e8w\/doubt_about_repetition_structures\/|Doubt about repetition structures>\nHello, I'm making my first try on terraform, and I'm facing some problems to understand the repetition structures, I do understand that I need to use for_each, but I'm not seeing how to make it on code... For example, this is one of the things that I need to do, there's like, 10 TCP port don't sequential that I would need to accept if there's anyone that could explain how I would put that example on a for_each for the min and max protocols: resource \"oci_core_security_list\"...",
        "ts": "1617460609.025200",
        "username": "Terraform",
        "icons": {
            "image_48": "https:\/\/s3-us-west-2.amazonaws.com\/slack-files2\/bot_icons\/2019-02-12\/548785199618_48.png"
        },
        "bot_id": "BG3N7LG73",
        "attachments": [
            {
                "service_name": "reddit",
                "title": "Doubt about repetition structures",
                "title_link": "https:\/\/www.reddit.com\/r\/Terraform\/comments\/mj9e8w\/doubt_about_repetition_structures\/",
                "text": "Hello, I'm making my first try on terraform, and I'm facing some problems to understand the repetition structures, I do understand that I need to...",
                "fallback": "reddit: Doubt about repetition structures",
                "thumb_url": "https:\/\/www.redditstatic.com\/new-icon.png",
                "from_url": "https:\/\/www.reddit.com\/r\/Terraform\/comments\/mj9e8w\/doubt_about_repetition_structures\/",
                "thumb_width": 256,
                "thumb_height": 256,
                "service_icon": "http:\/\/www.redditstatic.com\/desktop2x\/img\/favicon\/apple-icon-57x57.png",
                "id": 1,
                "original_url": "https:\/\/www.reddit.com\/r\/Terraform\/comments\/mj9e8w\/doubt_about_repetition_structures\/"
            }
        ],
        "edited": {
            "user": "BG3N7LG73",
            "ts": "1617460609.000000"
        }
    },
    {
        "type": "message",
        "subtype": "bot_message",
        "text": "<https:\/\/www.reddit.com\/r\/Terraform\/comments\/mjikf7\/run_powershell_script_located_in_github_on_azure\/|Run Powershell Script located in GitHub on Azure VM creation via Terraform>\nsubmitted by   <https:\/\/www.reddit.com\/user\/Gabrielmccoll| \/u\/Gabrielmccoll > \n<https:\/\/www.reddit.com\/r\/AZURE\/comments\/mjijcq\/run_powershell_script_located_in_github_on_azure\/|[link]>   <https:\/\/www.reddit.com\/r\/Terraform\/comments\/mjikf7\/run_powershell_script_located_in_github_on_azure\/|[comments]>",
        "ts": "1617488807.025400",
        "username": "Terraform",
        "icons": {
            "image_48": "https:\/\/s3-us-west-2.amazonaws.com\/slack-files2\/bot_icons\/2019-02-12\/548785199618_48.png"
        },
        "bot_id": "BG3N7LG73",
        "attachments": [
            {
                "service_name": "reddit",
                "title": "Run Powershell Script located in GitHub on Azure VM creation via Terraform",
                "title_link": "https:\/\/www.reddit.com\/r\/Terraform\/comments\/mjikf7\/run_powershell_script_located_in_github_on_azure\/",
                "text": "Posted in r\/Terraform by u\/Gabrielmccoll • 1 point and 0 comments",
                "fallback": "reddit: Run Powershell Script located in GitHub on Azure VM creation via Terraform",
                "thumb_url": "https:\/\/www.redditstatic.com\/new-icon.png",
                "from_url": "https:\/\/www.reddit.com\/r\/Terraform\/comments\/mjikf7\/run_powershell_script_located_in_github_on_azure\/",
                "thumb_width": 256,
                "thumb_height": 256,
                "service_icon": "http:\/\/www.redditstatic.com\/desktop2x\/img\/favicon\/apple-icon-57x57.png",
                "id": 1,
                "original_url": "https:\/\/www.reddit.com\/r\/Terraform\/comments\/mjikf7\/run_powershell_script_located_in_github_on_azure\/"
            },
            {
                "title": "overview for Gabrielmccoll",
                "title_link": "https:\/\/www.reddit.com\/user\/Gabrielmccoll",
                "text": "The u\/Gabrielmccoll community on Reddit. Reddit gives you the best of the internet in one place.",
                "fallback": "overview for Gabrielmccoll",
                "from_url": "https:\/\/www.reddit.com\/user\/Gabrielmccoll",
                "service_icon": "http:\/\/www.redditstatic.com\/desktop2x\/img\/favicon\/apple-icon-57x57.png",
                "service_name": "reddit.com",
                "id": 2,
                "original_url": "https:\/\/www.reddit.com\/user\/Gabrielmccoll"
            },
            {
                "service_name": "reddit",
                "title": "Run Powershell Script located in GitHub on Azure VM creation via Terraform",
                "title_link": "https:\/\/www.reddit.com\/r\/AZURE\/comments\/mjijcq\/run_powershell_script_located_in_github_on_azure\/",
                "text": "Well that’s a mouthful. I couldn’t find a blog post or good description on how to do the title so figured it out, wrote a quick blog to share....",
                "fallback": "reddit: Run Powershell Script located in GitHub on Azure VM creation via Terraform",
                "thumb_url": "https:\/\/external-preview.redd.it\/sGB0Edu6mJHCqJLXQMJbwDvlEX2KL2VG-1UkUoDTmIg.jpg?width=619&height=324.083769634&auto=webp&crop=619:324.083769634,smart&s=42b3145fa97c5e60c70c3ed119cdf6d52059ce14",
                "from_url": "https:\/\/www.reddit.com\/r\/AZURE\/comments\/mjijcq\/run_powershell_script_located_in_github_on_azure\/",
                "thumb_width": 619,
                "thumb_height": 324,
                "service_icon": "http:\/\/www.redditstatic.com\/desktop2x\/img\/favicon\/apple-icon-57x57.png",
                "id": 3,
                "original_url": "https:\/\/www.reddit.com\/r\/AZURE\/comments\/mjijcq\/run_powershell_script_located_in_github_on_azure\/"
            }
        ],
        "edited": {
            "user": "BG3N7LG73",
            "ts": "1617488807.000000"
        }
    },
    {
        "type": "message",
        "subtype": "bot_message",
        "text": "<https:\/\/www.reddit.com\/r\/Terraform\/comments\/mjjn9t\/one_major_drawback_of_terraform\/|One major drawback of Terraform>\nHi, we have been using AWS CloudFormation and Azure Resource Management templates extensively for a long time. Now we have a chance to access the viability of adopting Terraform. We are trying to identify the major risks for using Terraform in production. Getting some opinions here. If you are to name one major drawback of Terraform based on your experience, what would that be? Some issues we have in mind are: 1. can only work with CLI, no API\/SDK support like AWS CloudFormation\/ARM template...",
        "ts": "1617491808.025600",
        "username": "Terraform",
        "icons": {
            "image_48": "https:\/\/s3-us-west-2.amazonaws.com\/slack-files2\/bot_icons\/2019-02-12\/548785199618_48.png"
        },
        "bot_id": "BG3N7LG73",
        "attachments": [
            {
                "service_name": "reddit",
                "title": "One major drawback of Terraform",
                "title_link": "https:\/\/www.reddit.com\/r\/Terraform\/comments\/mjjn9t\/one_major_drawback_of_terraform\/",
                "text": "Hi, we have been using AWS CloudFormation and Azure Resource Management templates extensively for a long time. Now we have a chance to access the...",
                "fallback": "reddit: One major drawback of Terraform",
                "thumb_url": "https:\/\/www.redditstatic.com\/new-icon.png",
                "from_url": "https:\/\/www.reddit.com\/r\/Terraform\/comments\/mjjn9t\/one_major_drawback_of_terraform\/",
                "thumb_width": 256,
                "thumb_height": 256,
                "service_icon": "http:\/\/www.redditstatic.com\/desktop2x\/img\/favicon\/apple-icon-57x57.png",
                "id": 1,
                "original_url": "https:\/\/www.reddit.com\/r\/Terraform\/comments\/mjjn9t\/one_major_drawback_of_terraform\/"
            }
        ],
        "edited": {
            "user": "BG3N7LG73",
            "ts": "1617491808.000000"
        }
    }
]