[
    {
        "type": "message",
        "subtype": "bot_message",
        "text": "<https:\/\/www.reddit.com\/r\/Terraform\/comments\/mh8q7i\/aws_provider_method_for_terraform\/|AWS Provider Method for Terraform?>\nCurious: What is the best (most secure balanced with flexible) method of authenticating with Terraform on AWS? Hashicorp lists the various methods here: <https:\/\/registry.terraform.io\/providers\/hashicorp\/aws\/latest\/docs|https:\/\/registry.terraform.io\/providers\/hashicorp\/aws\/latest\/docs> I usually do Environment Variables. For my own testing, I utilize a free TF Cloud account and input access keys marked as \"sensitive\" using the TF Cloud Environment Variables form. We're working on...",
        "ts": "1617205612.022200",
        "username": "Terraform",
        "icons": {
            "image_48": "https:\/\/s3-us-west-2.amazonaws.com\/slack-files2\/bot_icons\/2019-02-12\/548785199618_48.png"
        },
        "bot_id": "BG3N7LG73",
        "attachments": [
            {
                "service_name": "reddit",
                "title": "AWS Provider Method for Terraform?",
                "title_link": "https:\/\/www.reddit.com\/r\/Terraform\/comments\/mh8q7i\/aws_provider_method_for_terraform\/",
                "text": "Curious: What is the best (most secure balanced with flexible) method of authenticating with Terraform on AWS? Hashicorp lists the various methods...",
                "fallback": "reddit: AWS Provider Method for Terraform?",
                "thumb_url": "https:\/\/www.redditstatic.com\/new-icon.png",
                "from_url": "https:\/\/www.reddit.com\/r\/Terraform\/comments\/mh8q7i\/aws_provider_method_for_terraform\/",
                "thumb_width": 256,
                "thumb_height": 256,
                "service_icon": "http:\/\/www.redditstatic.com\/desktop2x\/img\/favicon\/apple-icon-57x57.png",
                "id": 1,
                "original_url": "https:\/\/www.reddit.com\/r\/Terraform\/comments\/mh8q7i\/aws_provider_method_for_terraform\/"
            }
        ],
        "edited": {
            "user": "BG3N7LG73",
            "ts": "1617205613.000000"
        }
    },
    {
        "type": "message",
        "subtype": "bot_message",
        "text": "<https:\/\/qiita.com\/acro5piano\/items\/416ea796e9faa8333ee1|ACM で証明書取る時は、リージョンを US East 1 にして取るべき。あとは Terraform と ACM についてとか>\n非常に基本的なことですが、3年前くらいにはまったのでメモしておきます\n\nRoute53 はグローバルに適用されるサービスですが、 ACM はリージョン別にあります。ここで東京リージョンなどで取得してしまうと、確か CloudFront に設定できなかったり、ワイルドカードドメインが取得できなかったりして詰みます。まあ詰むといっても、 US East 1 で取り直せばよいのですが、東京リージョンの証明書が残ってしまうと、後々これって使ってるんだっけ？みたいなことになったりして厄介なので、東京リージョンで作ってしまった場合は消しましょう。\n\nUS East 1 以外で ACM を作るメリットがあるんだと思いますが、いまいち思いつかないです。\nTerraform でリージョン跨ぐと面倒じゃない？と思ったかもしれませんが、 ACM を手動で取得して acm_certificate_arn に設定することができます。\n\nresource \"aws_cloudfront_distribution\" \"main\" {\n  origin {\n    domain_name =...",
        "ts": "1617208007.022400",
        "username": "Terraformタグが付けられた新着記事 - Qiita",
        "icons": {
            "image_36": "https:\/\/a.slack-edge.com\/80588\/img\/services\/rss_36.png",
            "image_48": "https:\/\/a.slack-edge.com\/80588\/img\/services\/rss_48.png",
            "image_72": "https:\/\/a.slack-edge.com\/80588\/img\/services\/rss_72.png"
        },
        "bot_id": "BG3N7LG73",
        "attachments": [
            {
                "service_name": "Qiita",
                "title": "ACM で証明書取る時は、リージョンを US East 1 にして取るべき。あとは Terraform と ACM についてとか - Qiita",
                "title_link": "https:\/\/qiita.com\/acro5piano\/items\/416ea796e9faa8333ee1",
                "text": "非常に基本的なことですが、3年前くらいにはまったのでメモしておきます Route53 はグローバルに適用されるサービスですが、 ACM はリージョン別にあります。ここで東京リージョンなどで取得してしまうと、確か CloudFront...",
                "fallback": "Qiita: ACM で証明書取る時は、リージョンを US East 1 にして取るべき。あとは Terraform と ACM についてとか - Qiita",
                "image_url": "https:\/\/staging-qiita-user-contents.imgix.net\/https%3A%2F%2Fcdn.qiita.com%2Fassets%2Fpublic%2Farticle-ogp-background-1150d8b18a7c15795b701a55ae908f94.png?ixlib=rb-4.0.0&w=1200&mark=https%3A%2F%2Fstaging-qiita-user-contents.imgix.net%2F~text%3Fixlib%3Drb-4.0.0%26w%3D840%26h%3D380%26txt%3DACM%2520%25E3%2581%25A7%25E8%25A8%25BC%25E6%2598%258E%25E6%259B%25B8%25E5%258F%2596%25E3%2582%258B%25E6%2599%2582%25E3%2581%25AF%25E3%2580%2581%25E3%2583%25AA%25E3%2583%25BC%25E3%2582%25B8%25E3%2583%25A7%25E3%2583%25B3%25E3%2582%2592%2520US%2520East%25201%2520%25E3%2581%25AB%25E3%2581%2597%25E3%2581%25A6%25E5%258F%2596%25E3%2582%258B%25E3%2581%25B9%25E3%2581%258D%25E3%2580%2582%25E3%2581%2582%25E3%2581%25A8%25E3%2581%25AF%2520Terraform%2520%25E3%2581%25A8%2520ACM%2520%25E3%2581%25AB%25E3%2581%25A4%25E3%2581%2584%25E3%2581%25A6%25E3%2581%25A8%25E3%2581%258B%26txt-color%3D%2523333%26txt-font%3DHiragino%2520Sans%2520W6%26txt-size%3D54%26txt-clip%3Dellipsis%26txt-align%3Dcenter%252Cmiddle%26s%3D275965ae237f0f3434cfff396d66377b&mark-align=center%2Cmiddle&blend=https%3A%2F%2Fstaging-qiita-user-contents.imgix.net%2F~text%3Fixlib%3Drb-4.0.0%26w%3D840%26h%3D500%26txt%3D%2540acro5piano%26txt-color%3D%2523333%26txt-font%3DHiragino%2520Sans%2520W6%26txt-size%3D45%26txt-align%3Dright%252Cbottom%26s%3Ddab9ed676d69dde5340894ec5c95d2cb&blend-align=center%2Cmiddle&blend-mode=normal&s=dc09cc75bf7549ff4365a0050612cbce",
                "from_url": "https:\/\/qiita.com\/acro5piano\/items\/416ea796e9faa8333ee1",
                "image_width": 476,
                "image_height": 250,
                "image_bytes": 83891,
                "service_icon": "https:\/\/cdn.qiita.com\/assets\/favicons\/public\/apple-touch-icon-ec5ba42a24ae923f16825592efdc356f.png",
                "id": 1,
                "original_url": "https:\/\/qiita.com\/acro5piano\/items\/416ea796e9faa8333ee1"
            }
        ],
        "edited": {
            "user": "BG3N7LG73",
            "ts": "1617208007.000000"
        }
    }
]