[
    {
        "type": "message",
        "subtype": "bot_message",
        "text": "<https:\/\/www.reddit.com\/r\/Terraform\/comments\/mtcrfo\/is_it_possible_to_cycle_vm_state_from_terraform\/|Is it possible to cycle vm state from terraform?>\nI have an environment that I provisioned in azure using terraform. There are a couple of vms. To save costs when I'm not using them, I want to stop them rather than destroy. This is completely on-demand so I can't automate it. Can I use terraform to change the state of the vms from running to deallocated (and vice-versa)?    submitted by   <https:\/\/www.reddit.com\/user\/masheton| \/u\/masheton > \n&lt;a...",
        "ts": "1618753613.044300",
        "username": "Terraform",
        "icons": {
            "image_48": "https:\/\/s3-us-west-2.amazonaws.com\/slack-files2\/bot_icons\/2019-02-12\/548785199618_48.png"
        },
        "bot_id": "BG3N7LG73",
        "attachments": [
            {
                "service_name": "reddit",
                "title": "Is it possible to cycle vm state from terraform?",
                "title_link": "https:\/\/www.reddit.com\/r\/Terraform\/comments\/mtcrfo\/is_it_possible_to_cycle_vm_state_from_terraform\/",
                "text": "I have an environment that I provisioned in azure using terraform. There are a couple of vms. To save costs when I'm not using them, I want to...",
                "fallback": "reddit: Is it possible to cycle vm state from terraform?",
                "thumb_url": "https:\/\/www.redditstatic.com\/new-icon.png",
                "from_url": "https:\/\/www.reddit.com\/r\/Terraform\/comments\/mtcrfo\/is_it_possible_to_cycle_vm_state_from_terraform\/",
                "thumb_width": 256,
                "thumb_height": 256,
                "service_icon": "http:\/\/www.redditstatic.com\/desktop2x\/img\/favicon\/apple-icon-57x57.png",
                "id": 1,
                "original_url": "https:\/\/www.reddit.com\/r\/Terraform\/comments\/mtcrfo\/is_it_possible_to_cycle_vm_state_from_terraform\/"
            },
            {
                "title": "overview for masheton",
                "title_link": "https:\/\/www.reddit.com\/user\/masheton",
                "text": "The u\/masheton community on Reddit. Reddit gives you the best of the internet in one place.",
                "fallback": "overview for masheton",
                "from_url": "https:\/\/www.reddit.com\/user\/masheton",
                "service_icon": "http:\/\/www.redditstatic.com\/desktop2x\/img\/favicon\/apple-icon-57x57.png",
                "service_name": "reddit.com",
                "id": 2,
                "original_url": "https:\/\/www.reddit.com\/user\/masheton"
            }
        ],
        "edited": {
            "user": "BG3N7LG73",
            "ts": "1618753613.000000"
        }
    },
    {
        "type": "message",
        "subtype": "bot_message",
        "text": "<https:\/\/qiita.com\/kusano00\/items\/5e5feaa39f699604e91c|Terraformのディレクトリ構成を考えてみる。>\n環境ごとにディレクトリを分けて、moduleを参照する\n\n\nメリット\n\n\n再利用性が高い。\n可読性が高い。\n採用事例が多く、記事になっている。\n\n\nデメリット\n\n\n本番環境と検証環境に差分が発生する可能性がある。\n\n\n\n\n\n環境毎にディレクトリで分けず、workspaceを使う\n\n\nメリット\n\n\n実装漏れを防ぐ。\n本番環境と検証環境を同一の構成にしかできないので環境による不具合をなくす。\n\n\nデメリット\n\n\n環境毎にサブネットCIDRやインスタンスタイプなどパラメータの差分があるとき、条件分岐を書かなければならない。可読性に欠ける。これが煩わしいようで、環境ごとにディレクトリを分けてmoduleを参照する構成が多く採用されている印象。\n\n\n\n\n\n\n以下、記事の構成が全体の見通しが良く、他プロジェクトでも再利用しやすそうなので採用してみる。しかしmoduleを２層にすることで実装コストが上がってしまう。\n\n\n\n１．\n複数プロジェクトを管理しているが、案件によって作りたいリソースは異なるのでプロジェクト毎に新しいものを作るようにする。\n\n２．...",
        "ts": "1618804608.044500",
        "username": "Terraformタグが付けられた新着記事 - Qiita",
        "icons": {
            "image_36": "https:\/\/a.slack-edge.com\/80588\/img\/services\/rss_36.png",
            "image_48": "https:\/\/a.slack-edge.com\/80588\/img\/services\/rss_48.png",
            "image_72": "https:\/\/a.slack-edge.com\/80588\/img\/services\/rss_72.png"
        },
        "bot_id": "BG3N7LG73",
        "attachments": [
            {
                "service_name": "Qiita",
                "title": "Terraformのディレクトリ構成を考えてみる。 - Qiita",
                "title_link": "https:\/\/qiita.com\/kusano00\/items\/5e5feaa39f699604e91c",
                "text": "環境ごとにディレクトリを分けて、moduleを参照する メリット 再利用性が高い。 可読性が高い。 採用事例が多く、記事になっている。 デメリット 本番環境と検証環境に差分が発生する可能性がある。 環境毎...",
                "fallback": "Qiita: Terraformのディレクトリ構成を考えてみる。 - Qiita",
                "image_url": "https:\/\/staging-qiita-user-contents.imgix.net\/https%3A%2F%2Fcdn.qiita.com%2Fassets%2Fpublic%2Farticle-ogp-background-1150d8b18a7c15795b701a55ae908f94.png?ixlib=rb-4.0.0&w=1200&mark=https%3A%2F%2Fstaging-qiita-user-contents.imgix.net%2F~text%3Fixlib%3Drb-4.0.0%26w%3D840%26h%3D380%26txt%3DTerraform%25E3%2581%25AE%25E3%2583%2587%25E3%2582%25A3%25E3%2583%25AC%25E3%2582%25AF%25E3%2583%2588%25E3%2583%25AA%25E6%25A7%258B%25E6%2588%2590%25E3%2582%2592%25E8%2580%2583%25E3%2581%2588%25E3%2581%25A6%25E3%2581%25BF%25E3%2582%258B%25E3%2580%2582%26txt-color%3D%2523333%26txt-font%3DHiragino%2520Sans%2520W6%26txt-size%3D54%26txt-clip%3Dellipsis%26txt-align%3Dcenter%252Cmiddle%26s%3D0501f627a9cd7715542d301ce28797f3&mark-align=center%2Cmiddle&blend=https%3A%2F%2Fstaging-qiita-user-contents.imgix.net%2F~text%3Fixlib%3Drb-4.0.0%26w%3D840%26h%3D500%26txt%3D%2540kusano00%26txt-color%3D%2523333%26txt-font%3DHiragino%2520Sans%2520W6%26txt-size%3D45%26txt-align%3Dright%252Cbottom%26s%3D59e8493f711ab890000a8c36f00295fa&blend-align=center%2Cmiddle&blend-mode=normal&s=0c4ca71634054fd8ef6a60ee4cbc0f00",
                "from_url": "https:\/\/qiita.com\/kusano00\/items\/5e5feaa39f699604e91c",
                "image_width": 476,
                "image_height": 250,
                "image_bytes": 49840,
                "service_icon": "https:\/\/cdn.qiita.com\/assets\/favicons\/public\/apple-touch-icon-ec5ba42a24ae923f16825592efdc356f.png",
                "id": 1,
                "original_url": "https:\/\/qiita.com\/kusano00\/items\/5e5feaa39f699604e91c"
            }
        ],
        "edited": {
            "user": "BG3N7LG73",
            "ts": "1618804609.000000"
        }
    },
    {
        "type": "message",
        "subtype": "bot_message",
        "text": "<https:\/\/www.reddit.com\/r\/Terraform\/comments\/mtu3lx\/how_to_upgrade_terraform_and_provider_version\/|How to upgrade terraform and provider version without affect db resource's running?>\nAfter changing terraform and aws provider's version from a lower one to a higher one, this db resource will execute create replacement and then destroy. Even the db instance won't be destroyed and recreate, but its related option group and parameter group will be updated. Will it cause some issue for the running DB service in AWS? + create ~ update in-place +\/- create replacement and then destroy Terraform will perform the following actions: #...",
        "ts": "1618811207.044700",
        "username": "Terraform",
        "icons": {
            "image_48": "https:\/\/s3-us-west-2.amazonaws.com\/slack-files2\/bot_icons\/2019-02-12\/548785199618_48.png"
        },
        "bot_id": "BG3N7LG73",
        "attachments": [
            {
                "service_name": "reddit",
                "title": "How to upgrade terraform and provider version without affect db resource's running?",
                "title_link": "https:\/\/www.reddit.com\/r\/Terraform\/comments\/mtu3lx\/how_to_upgrade_terraform_and_provider_version\/",
                "text": "After changing terraform and aws provider's version from a lower one to a higher one, this db resource will execute `create replacement and then...",
                "fallback": "reddit: How to upgrade terraform and provider version without affect db resource's running?",
                "thumb_url": "https:\/\/www.redditstatic.com\/new-icon.png",
                "from_url": "https:\/\/www.reddit.com\/r\/Terraform\/comments\/mtu3lx\/how_to_upgrade_terraform_and_provider_version\/",
                "thumb_width": 256,
                "thumb_height": 256,
                "service_icon": "http:\/\/www.redditstatic.com\/desktop2x\/img\/favicon\/apple-icon-57x57.png",
                "id": 1,
                "original_url": "https:\/\/www.reddit.com\/r\/Terraform\/comments\/mtu3lx\/how_to_upgrade_terraform_and_provider_version\/"
            }
        ],
        "edited": {
            "user": "BG3N7LG73",
            "ts": "1618811208.000000"
        }
    }
]