[
    {
        "type": "message",
        "subtype": "bot_message",
        "text": "<https:\/\/www.reddit.com\/r\/Terraform\/comments\/t3quqv\/get_web_server_ips_for_aws_mwaa_environment\/|Get web server IPs for aws_mwaa_environment?>\nTrying to put an LB in front of the (private) web server in an MWAA setup. I don't see any way to get the web server's IP addresses out of the aws_mwaa_environment, though. Does the ARN work as a target_id? Or is the only solution to grab the webserver_url, parse out the domain name, and look it up in DNS?    submitted by   <https:\/\/www.reddit.com\/user\/zeekar| \/u\/zeekar > \n&lt;a...",
        "ts": "1646085970.294119",
        "username": "Terraform",
        "icons": {
            "image_48": "https:\/\/s3-us-west-2.amazonaws.com\/slack-files2\/bot_icons\/2019-02-12\/548785199618_48.png"
        },
        "bot_id": "BG3N7LG73",
        "blocks": [
            {
                "type": "rich_text",
                "block_id": "XiN",
                "elements": [
                    {
                        "type": "rich_text_section",
                        "elements": [
                            {
                                "type": "link",
                                "url": "https:\/\/www.reddit.com\/r\/Terraform\/comments\/t3quqv\/get_web_server_ips_for_aws_mwaa_environment\/",
                                "text": "Get web server IPs for aws_mwaa_environment?"
                            },
                            {
                                "type": "text",
                                "text": "\nTrying to put an LB in front of the (private) web server in an MWAA setup. I don't see any way to get the web server's IP addresses out of the aws_mwaa_environment, though. Does the ARN work as a target_id? Or is the only solution to grab the webserver_url, parse out the domain name, and look it up in DNS?    submitted by   "
                            },
                            {
                                "type": "link",
                                "url": "https:\/\/www.reddit.com\/user\/zeekar",
                                "text": "\/u\/zeekar"
                            },
                            {
                                "type": "text",
                                "text": " \n<a..."
                            }
                        ]
                    }
                ]
            }
        ],
        "attachments": [
            {
                "from_url": "https:\/\/www.reddit.com\/r\/Terraform\/comments\/t3quqv\/get_web_server_ips_for_aws_mwaa_environment\/",
                "thumb_url": "https:\/\/www.redditstatic.com\/new-icon.png",
                "thumb_width": 256,
                "thumb_height": 256,
                "service_icon": "http:\/\/www.redditstatic.com\/desktop2x\/img\/favicon\/apple-icon-57x57.png",
                "id": 1,
                "original_url": "https:\/\/www.reddit.com\/r\/Terraform\/comments\/t3quqv\/get_web_server_ips_for_aws_mwaa_environment\/",
                "fallback": "reddit: Get web server IPs for aws_mwaa_environment?",
                "text": "Trying to put an LB in front of the (private) web server in an MWAA setup. I don't see any way to get the web server's IP addresses out of the...",
                "title": "Get web server IPs for aws_mwaa_environment?",
                "title_link": "https:\/\/www.reddit.com\/r\/Terraform\/comments\/t3quqv\/get_web_server_ips_for_aws_mwaa_environment\/",
                "service_name": "reddit"
            },
            {
                "from_url": "https:\/\/www.reddit.com\/user\/zeekar",
                "service_icon": "http:\/\/www.redditstatic.com\/desktop2x\/img\/favicon\/apple-icon-57x57.png",
                "id": 2,
                "original_url": "https:\/\/www.reddit.com\/user\/zeekar",
                "fallback": "overview for zeekar",
                "text": "The u\/zeekar community on Reddit. Reddit gives you the best of the internet in one place.",
                "title": "overview for zeekar",
                "title_link": "https:\/\/www.reddit.com\/user\/zeekar",
                "service_name": "reddit.com"
            }
        ],
        "edited": {
            "user": "BG3N7LG73",
            "ts": "1646085970.000000"
        }
    }
]