[
    {
        "type": "message",
        "subtype": "bot_message",
        "text": "<https:\/\/www.reddit.com\/r\/Terraform\/comments\/tp5k65\/how_to_version_api_gateway_stages\/|how to version api gateway stages?>\nIs there a pattern for how to version api gateway stages with terraform? Do you add more resources to keep the old ones alive?    submitted by   <https:\/\/www.reddit.com\/user\/countasone| \/u\/countasone > \n<https:\/\/www.reddit.com\/r\/Terraform\/comments\/tp5k65\/how_to_version_api_gateway_stages\/|[link]>   <https:\/\/www.reddit.com\/r\/Terraform\/comments\/tp5k65\/how_to_version_api_gateway_stages\/|[comments]>",
        "ts": "1648332969.299589",
        "username": "Terraform",
        "icons": {
            "image_48": "https:\/\/s3-us-west-2.amazonaws.com\/slack-files2\/bot_icons\/2019-02-12\/548785199618_48.png"
        },
        "bot_id": "BG3N7LG73",
        "blocks": [
            {
                "type": "rich_text",
                "block_id": "JPXF=",
                "elements": [
                    {
                        "type": "rich_text_section",
                        "elements": [
                            {
                                "type": "link",
                                "url": "https:\/\/www.reddit.com\/r\/Terraform\/comments\/tp5k65\/how_to_version_api_gateway_stages\/",
                                "text": "how to version api gateway stages?"
                            },
                            {
                                "type": "text",
                                "text": "\nIs there a pattern for how to version api gateway stages with terraform? Do you add more resources to keep the old ones alive?    submitted by   "
                            },
                            {
                                "type": "link",
                                "url": "https:\/\/www.reddit.com\/user\/countasone",
                                "text": "\/u\/countasone"
                            },
                            {
                                "type": "text",
                                "text": " \n"
                            },
                            {
                                "type": "link",
                                "url": "https:\/\/www.reddit.com\/r\/Terraform\/comments\/tp5k65\/how_to_version_api_gateway_stages\/",
                                "text": "[link]"
                            },
                            {
                                "type": "text",
                                "text": "   "
                            },
                            {
                                "type": "link",
                                "url": "https:\/\/www.reddit.com\/r\/Terraform\/comments\/tp5k65\/how_to_version_api_gateway_stages\/",
                                "text": "[comments]"
                            }
                        ]
                    }
                ]
            }
        ],
        "attachments": [
            {
                "from_url": "https:\/\/www.reddit.com\/r\/Terraform\/comments\/tp5k65\/how_to_version_api_gateway_stages\/",
                "thumb_url": "https:\/\/www.redditstatic.com\/new-icon.png",
                "thumb_width": 256,
                "thumb_height": 256,
                "service_icon": "http:\/\/www.redditstatic.com\/desktop2x\/img\/favicon\/apple-icon-57x57.png",
                "id": 1,
                "original_url": "https:\/\/www.reddit.com\/r\/Terraform\/comments\/tp5k65\/how_to_version_api_gateway_stages\/",
                "fallback": "reddit: how to version api gateway stages?",
                "text": "Is there a pattern for how to version api gateway stages with terraform? Do you add more resources to keep the old ones alive?",
                "title": "how to version api gateway stages?",
                "title_link": "https:\/\/www.reddit.com\/r\/Terraform\/comments\/tp5k65\/how_to_version_api_gateway_stages\/",
                "service_name": "reddit"
            },
            {
                "from_url": "https:\/\/www.reddit.com\/user\/countasone",
                "service_icon": "http:\/\/www.redditstatic.com\/desktop2x\/img\/favicon\/apple-icon-57x57.png",
                "id": 2,
                "original_url": "https:\/\/www.reddit.com\/user\/countasone",
                "fallback": "overview for countasone",
                "text": "The u\/countasone community on Reddit. Reddit gives you the best of the internet in one place.",
                "title": "overview for countasone",
                "title_link": "https:\/\/www.reddit.com\/user\/countasone",
                "service_name": "reddit.com"
            }
        ],
        "edited": {
            "user": "BG3N7LG73",
            "ts": "1648332969.000000"
        }
    }
]