[
    {
        "type": "message",
        "subtype": "bot_message",
        "text": "<https:\/\/www.reddit.com\/r\/Terraform\/comments\/tbl0a4\/delete_a_particular_iam_user_from_a_group_using\/|Delete a particular IAM user from a group using Terraform>\nHello,\n Currently if I try deleting the particular user which is created by Terraform from a Group.  It results in deleting all the existing user from the group as well.  Can anyone please help here.  Thanks    submitted by   <https:\/\/www.reddit.com\/user\/Rajj_1710| \/u\/Rajj_1710 > \n<https:\/\/www.reddit.com\/r\/Terraform\/comments\/tbl0a4\/delete_a_particular_iam_user_from_a_group_using\/|[link]>   &lt;a...",
        "ts": "1646985971.849969",
        "username": "Terraform",
        "icons": {
            "image_48": "https:\/\/s3-us-west-2.amazonaws.com\/slack-files2\/bot_icons\/2019-02-12\/548785199618_48.png"
        },
        "bot_id": "BG3N7LG73",
        "blocks": [
            {
                "type": "rich_text",
                "block_id": "4ii",
                "elements": [
                    {
                        "type": "rich_text_section",
                        "elements": [
                            {
                                "type": "link",
                                "url": "https:\/\/www.reddit.com\/r\/Terraform\/comments\/tbl0a4\/delete_a_particular_iam_user_from_a_group_using\/",
                                "text": "Delete a particular IAM user from a group using Terraform"
                            },
                            {
                                "type": "text",
                                "text": "\nHello,\n Currently if I try deleting the particular user which is created by Terraform from a Group.  It results in deleting all the existing user from the group as well.  Can anyone please help here.  Thanks    submitted by   "
                            },
                            {
                                "type": "link",
                                "url": "https:\/\/www.reddit.com\/user\/Rajj_1710",
                                "text": "\/u\/Rajj_1710"
                            },
                            {
                                "type": "text",
                                "text": " \n"
                            },
                            {
                                "type": "link",
                                "url": "https:\/\/www.reddit.com\/r\/Terraform\/comments\/tbl0a4\/delete_a_particular_iam_user_from_a_group_using\/",
                                "text": "[link]"
                            },
                            {
                                "type": "text",
                                "text": "   <a..."
                            }
                        ]
                    }
                ]
            }
        ],
        "attachments": [
            {
                "from_url": "https:\/\/www.reddit.com\/r\/Terraform\/comments\/tbl0a4\/delete_a_particular_iam_user_from_a_group_using\/",
                "thumb_url": "https:\/\/www.redditstatic.com\/new-icon.png",
                "thumb_width": 256,
                "thumb_height": 256,
                "service_icon": "http:\/\/www.redditstatic.com\/desktop2x\/img\/favicon\/apple-icon-57x57.png",
                "id": 1,
                "original_url": "https:\/\/www.reddit.com\/r\/Terraform\/comments\/tbl0a4\/delete_a_particular_iam_user_from_a_group_using\/",
                "fallback": "reddit: Delete a particular IAM user from a group using Terraform",
                "text": "Hello, Currently if I try deleting the particular user which is created by Terraform from a Group. It results in deleting all the existing...",
                "title": "Delete a particular IAM user from a group using Terraform",
                "title_link": "https:\/\/www.reddit.com\/r\/Terraform\/comments\/tbl0a4\/delete_a_particular_iam_user_from_a_group_using\/",
                "service_name": "reddit"
            },
            {
                "from_url": "https:\/\/www.reddit.com\/user\/Rajj_1710",
                "service_icon": "http:\/\/www.redditstatic.com\/desktop2x\/img\/favicon\/apple-icon-57x57.png",
                "id": 2,
                "original_url": "https:\/\/www.reddit.com\/user\/Rajj_1710",
                "fallback": "overview for Rajj_1710",
                "text": "The u\/Rajj_1710 community on Reddit. Reddit gives you the best of the internet in one place.",
                "title": "overview for Rajj_1710",
                "title_link": "https:\/\/www.reddit.com\/user\/Rajj_1710",
                "service_name": "reddit.com"
            }
        ],
        "edited": {
            "user": "BG3N7LG73",
            "ts": "1646985972.000000"
        }
    },
    {
        "type": "message",
        "subtype": "bot_message",
        "text": "<https:\/\/www.reddit.com\/r\/Terraform\/comments\/tbnqa7\/initiate_destruction_and_mark_as_completed\/|Initiate Destruction and mark as completed!!>\nHi everyone , i made a skript that creates a CloudFormation {used this way so i can put some wierd text as imputs!} ,which takes RDS id as imput , but when i try to destory , that CF stack takes 20 min to destory ,and also a 5 min for RDS . is there any way so i can initialize the destruction and skip to next resource to destory. So it will mark as complete ??    submitted by   <https:\/\/www.reddit.com\/user\/OkAcanthocephala1450| \/u\/OkAcanthocephala1450 > \n&lt;a...",
        "ts": "1646996772.172039",
        "username": "Terraform",
        "icons": {
            "image_48": "https:\/\/s3-us-west-2.amazonaws.com\/slack-files2\/bot_icons\/2019-02-12\/548785199618_48.png"
        },
        "bot_id": "BG3N7LG73",
        "blocks": [
            {
                "type": "rich_text",
                "block_id": "90E",
                "elements": [
                    {
                        "type": "rich_text_section",
                        "elements": [
                            {
                                "type": "link",
                                "url": "https:\/\/www.reddit.com\/r\/Terraform\/comments\/tbnqa7\/initiate_destruction_and_mark_as_completed\/",
                                "text": "Initiate Destruction and mark as completed!!"
                            },
                            {
                                "type": "text",
                                "text": "\nHi everyone , i made a skript that creates a CloudFormation {used this way so i can put some wierd text as imputs!} ,which takes RDS id as imput , but when i try to destory , that CF stack takes 20 min to destory ,and also a 5 min for RDS . is there any way so i can initialize the destruction and skip to next resource to destory. So it will mark as complete ??    submitted by   "
                            },
                            {
                                "type": "link",
                                "url": "https:\/\/www.reddit.com\/user\/OkAcanthocephala1450",
                                "text": "\/u\/OkAcanthocephala1450"
                            },
                            {
                                "type": "text",
                                "text": " \n<a..."
                            }
                        ]
                    }
                ]
            }
        ],
        "attachments": [
            {
                "from_url": "https:\/\/www.reddit.com\/r\/Terraform\/comments\/tbnqa7\/initiate_destruction_and_mark_as_completed\/",
                "thumb_url": "https:\/\/www.redditstatic.com\/new-icon.png",
                "thumb_width": 256,
                "thumb_height": 256,
                "service_icon": "http:\/\/www.redditstatic.com\/desktop2x\/img\/favicon\/apple-icon-57x57.png",
                "id": 1,
                "original_url": "https:\/\/www.reddit.com\/r\/Terraform\/comments\/tbnqa7\/initiate_destruction_and_mark_as_completed\/",
                "fallback": "reddit: Initiate Destruction and mark as completed!!",
                "text": "Hi everyone , i made a skript that creates a CloudFormation {used this way so i can put some wierd text as imputs!} ,which takes RDS id as imput ,...",
                "title": "Initiate Destruction and mark as completed!!",
                "title_link": "https:\/\/www.reddit.com\/r\/Terraform\/comments\/tbnqa7\/initiate_destruction_and_mark_as_completed\/",
                "service_name": "reddit"
            },
            {
                "from_url": "https:\/\/www.reddit.com\/user\/OkAcanthocephala1450",
                "service_icon": "http:\/\/www.redditstatic.com\/desktop2x\/img\/favicon\/apple-icon-57x57.png",
                "id": 2,
                "original_url": "https:\/\/www.reddit.com\/user\/OkAcanthocephala1450",
                "fallback": "overview for OkAcanthocephala1450",
                "text": "The u\/OkAcanthocephala1450 community on Reddit. Reddit gives you the best of the internet in one place.",
                "title": "overview for OkAcanthocephala1450",
                "title_link": "https:\/\/www.reddit.com\/user\/OkAcanthocephala1450",
                "service_name": "reddit.com"
            }
        ],
        "edited": {
            "user": "BG3N7LG73",
            "ts": "1646996772.000000"
        }
    },
    {
        "type": "message",
        "subtype": "bot_message",
        "text": "<https:\/\/www.reddit.com\/r\/Terraform\/comments\/tboi90\/inherited_create_before_destroy_persists_after\/|Inherited \"create_before_destroy\" persists after clearing it>\nI've unfortunately made the mistake to mark a resource with create_before_destroy that was dependent on a group of others in a different module. This cascaded and most resources in the other module were marked as such as well. I was able to remove the flag from the initial resource by pulling, editing and pushing the statefile. This persisted successfully. However, the resources it depended on were still marked as such. Editing the statefile and applying again set the flag before the...",
        "ts": "1646999772.513269",
        "username": "Terraform",
        "icons": {
            "image_48": "https:\/\/s3-us-west-2.amazonaws.com\/slack-files2\/bot_icons\/2019-02-12\/548785199618_48.png"
        },
        "bot_id": "BG3N7LG73",
        "blocks": [
            {
                "type": "rich_text",
                "block_id": "aE5",
                "elements": [
                    {
                        "type": "rich_text_section",
                        "elements": [
                            {
                                "type": "link",
                                "url": "https:\/\/www.reddit.com\/r\/Terraform\/comments\/tboi90\/inherited_create_before_destroy_persists_after\/",
                                "text": "Inherited \"create_before_destroy\" persists after clearing it"
                            },
                            {
                                "type": "text",
                                "text": "\nI've unfortunately made the mistake to mark a resource with create_before_destroy that was dependent on a group of others in a different module. This cascaded and most resources in the other module were marked as such as well. I was able to remove the flag from the initial resource by pulling, editing and pushing the statefile. This persisted successfully. However, the resources it depended on were still marked as such. Editing the statefile and applying again set the flag before the..."
                            }
                        ]
                    }
                ]
            }
        ],
        "attachments": [
            {
                "from_url": "https:\/\/www.reddit.com\/r\/Terraform\/comments\/tboi90\/inherited_create_before_destroy_persists_after\/",
                "thumb_url": "https:\/\/www.redditstatic.com\/new-icon.png",
                "thumb_width": 256,
                "thumb_height": 256,
                "service_icon": "http:\/\/www.redditstatic.com\/desktop2x\/img\/favicon\/apple-icon-57x57.png",
                "id": 1,
                "original_url": "https:\/\/www.reddit.com\/r\/Terraform\/comments\/tboi90\/inherited_create_before_destroy_persists_after\/",
                "fallback": "reddit: Inherited \"create_before_destroy\" persists after clearing it",
                "text": "I've unfortunately made the mistake to mark a resource with `create_before_destroy` that was dependent on a group of others in a different module....",
                "title": "Inherited \"create_before_destroy\" persists after clearing it",
                "title_link": "https:\/\/www.reddit.com\/r\/Terraform\/comments\/tboi90\/inherited_create_before_destroy_persists_after\/",
                "service_name": "reddit"
            }
        ],
        "edited": {
            "user": "BG3N7LG73",
            "ts": "1646999773.000000"
        }
    },
    {
        "type": "message",
        "subtype": "bot_message",
        "text": "<https:\/\/www.reddit.com\/r\/Terraform\/comments\/tbq52t\/naming_convention_for_resources\/|Naming convention for resources>\nHi. Previously I had all my environments on one AWS account. So i used variable like env_name added to resources name or tags to distinguish resources. Now I want to follow isolation best practices and have separate acc for every environment. Do you think is it still worth to keep env name in tags or names?    submitted by   <https:\/\/www.reddit.com\/user\/Aromatic-Guest1657| \/u\/Aromatic-Guest1657 > \n&lt;a...",
        "ts": "1647005776.061649",
        "username": "Terraform",
        "icons": {
            "image_48": "https:\/\/s3-us-west-2.amazonaws.com\/slack-files2\/bot_icons\/2019-02-12\/548785199618_48.png"
        },
        "bot_id": "BG3N7LG73",
        "blocks": [
            {
                "type": "rich_text",
                "block_id": "nUg",
                "elements": [
                    {
                        "type": "rich_text_section",
                        "elements": [
                            {
                                "type": "link",
                                "url": "https:\/\/www.reddit.com\/r\/Terraform\/comments\/tbq52t\/naming_convention_for_resources\/",
                                "text": "Naming convention for resources"
                            },
                            {
                                "type": "text",
                                "text": "\nHi. Previously I had all my environments on one AWS account. So i used variable like env_name added to resources name or tags to distinguish resources. Now I want to follow isolation best practices and have separate acc for every environment. Do you think is it still worth to keep env name in tags or names?    submitted by   "
                            },
                            {
                                "type": "link",
                                "url": "https:\/\/www.reddit.com\/user\/Aromatic-Guest1657",
                                "text": "\/u\/Aromatic-Guest1657"
                            },
                            {
                                "type": "text",
                                "text": " \n<a..."
                            }
                        ]
                    }
                ]
            }
        ],
        "attachments": [
            {
                "from_url": "https:\/\/www.reddit.com\/r\/Terraform\/comments\/tbq52t\/naming_convention_for_resources\/",
                "thumb_url": "https:\/\/www.redditstatic.com\/new-icon.png",
                "thumb_width": 256,
                "thumb_height": 256,
                "service_icon": "http:\/\/www.redditstatic.com\/desktop2x\/img\/favicon\/apple-icon-57x57.png",
                "id": 1,
                "original_url": "https:\/\/www.reddit.com\/r\/Terraform\/comments\/tbq52t\/naming_convention_for_resources\/",
                "fallback": "reddit: Naming convention for resources",
                "text": "Hi. Previously I had all my environments on one AWS account. So i used variable like env_name added to resources name or tags to distinguish...",
                "title": "Naming convention for resources",
                "title_link": "https:\/\/www.reddit.com\/r\/Terraform\/comments\/tbq52t\/naming_convention_for_resources\/",
                "service_name": "reddit"
            },
            {
                "from_url": "https:\/\/www.reddit.com\/user\/Aromatic-Guest1657",
                "service_icon": "http:\/\/www.redditstatic.com\/desktop2x\/img\/favicon\/apple-icon-57x57.png",
                "id": 2,
                "original_url": "https:\/\/www.reddit.com\/user\/Aromatic-Guest1657",
                "fallback": "overview for Aromatic-Guest1657",
                "text": "The u\/Aromatic-Guest1657 community on Reddit. Reddit gives you the best of the internet in one place.",
                "title": "overview for Aromatic-Guest1657",
                "title_link": "https:\/\/www.reddit.com\/user\/Aromatic-Guest1657",
                "service_name": "reddit.com"
            }
        ],
        "edited": {
            "user": "BG3N7LG73",
            "ts": "1647005776.000000"
        }
    },
    {
        "type": "message",
        "subtype": "bot_message",
        "text": "<https:\/\/www.reddit.com\/r\/Terraform\/comments\/tbw8sh\/why_in_the_aws_lambda_function_resource_is_the\/|Why in the `aws_lambda_function` resource is the `filename` always or often a zipped file?>\nThis may have to do with lack of AWS knowledge, but why do I notice that, why zip the file for the function?: <https:\/\/registry.terraform.io\/providers\/hashicorp\/aws\/latest\/docs\/resources\/lambda_function|https:\/\/registry.terraform.io\/providers\/hashicorp\/aws\/latest\/docs\/resources\/lambda_function> resource \"aws_lambda_function\" \"test_lambda\" { filename = \"lambda_function_payload.zip\" function_name = \"lambda_function_name\"  for my purposes I'm using python    submitted by   &lt;a...",
        "ts": "1647023171.753399",
        "username": "Terraform",
        "icons": {
            "image_48": "https:\/\/s3-us-west-2.amazonaws.com\/slack-files2\/bot_icons\/2019-02-12\/548785199618_48.png"
        },
        "bot_id": "BG3N7LG73",
        "blocks": [
            {
                "type": "rich_text",
                "block_id": "zte",
                "elements": [
                    {
                        "type": "rich_text_section",
                        "elements": [
                            {
                                "type": "link",
                                "url": "https:\/\/www.reddit.com\/r\/Terraform\/comments\/tbw8sh\/why_in_the_aws_lambda_function_resource_is_the\/",
                                "text": "Why in the "
                            },
                            {
                                "type": "link",
                                "url": "https:\/\/www.reddit.com\/r\/Terraform\/comments\/tbw8sh\/why_in_the_aws_lambda_function_resource_is_the\/",
                                "text": "aws_lambda_function",
                                "style": {
                                    "code": true
                                }
                            },
                            {
                                "type": "link",
                                "url": "https:\/\/www.reddit.com\/r\/Terraform\/comments\/tbw8sh\/why_in_the_aws_lambda_function_resource_is_the\/",
                                "text": " resource is the "
                            },
                            {
                                "type": "link",
                                "url": "https:\/\/www.reddit.com\/r\/Terraform\/comments\/tbw8sh\/why_in_the_aws_lambda_function_resource_is_the\/",
                                "text": "filename",
                                "style": {
                                    "code": true
                                }
                            },
                            {
                                "type": "link",
                                "url": "https:\/\/www.reddit.com\/r\/Terraform\/comments\/tbw8sh\/why_in_the_aws_lambda_function_resource_is_the\/",
                                "text": " always or often a zipped file?"
                            },
                            {
                                "type": "text",
                                "text": "\nThis may have to do with lack of AWS knowledge, but why do I notice that, why zip the file for the function?: "
                            },
                            {
                                "type": "link",
                                "url": "https:\/\/registry.terraform.io\/providers\/hashicorp\/aws\/latest\/docs\/resources\/lambda_function"
                            },
                            {
                                "type": "text",
                                "text": " resource \"aws_lambda_function\" \"test_lambda\" { filename = \"lambda_function_payload.zip\" function_name = \"lambda_function_name\"  for my purposes I'm using python    submitted by   <a..."
                            }
                        ]
                    }
                ]
            }
        ],
        "attachments": [
            {
                "from_url": "https:\/\/www.reddit.com\/r\/Terraform\/comments\/tbw8sh\/why_in_the_aws_lambda_function_resource_is_the\/",
                "thumb_url": "https:\/\/www.redditstatic.com\/new-icon.png",
                "thumb_width": 256,
                "thumb_height": 256,
                "service_icon": "http:\/\/www.redditstatic.com\/desktop2x\/img\/favicon\/apple-icon-57x57.png",
                "id": 1,
                "original_url": "https:\/\/www.reddit.com\/r\/Terraform\/comments\/tbw8sh\/why_in_the_aws_lambda_function_resource_is_the\/",
                "fallback": "reddit: Why in the `aws_lambda_function` resource is the `filename` always or often a zipped file?",
                "text": "This may have to do with lack of AWS knowledge, but why do I notice that, why zip the file for the...",
                "title": "Why in the `aws_lambda_function` resource is the `filename` always or often a zipped file?",
                "title_link": "https:\/\/www.reddit.com\/r\/Terraform\/comments\/tbw8sh\/why_in_the_aws_lambda_function_resource_is_the\/",
                "service_name": "reddit"
            }
        ],
        "edited": {
            "user": "BG3N7LG73",
            "ts": "1647023172.000000"
        }
    },
    {
        "type": "message",
        "subtype": "bot_message",
        "text": "<https:\/\/www.reddit.com\/r\/Terraform\/comments\/tbyw0t\/second_tutorial_for_hosting_nextcloud_in_aws\/|Second tutorial for hosting Nextcloud in AWS using Ansible and Terraform>\nOverview I've created another tutorial for hosting Nextcloud in AWS. This is more of a working example opposed to an in-depth tutorial.  In the previous tutorial (<https:\/\/github.com\/jay-law\/nextcloud-1-terraform|https:\/\/github.com\/jay-law\/nextcloud-1-terraform>), Nextcloud was installed via a Snap package.  In this tutorial, Nextcloud is installed using the .tar archive.  Part 1 - Building with Terraform Link - &lt;a...",
        "ts": "1647029769.997939",
        "username": "Terraform",
        "icons": {
            "image_48": "https:\/\/s3-us-west-2.amazonaws.com\/slack-files2\/bot_icons\/2019-02-12\/548785199618_48.png"
        },
        "bot_id": "BG3N7LG73",
        "blocks": [
            {
                "type": "rich_text",
                "block_id": "hZv",
                "elements": [
                    {
                        "type": "rich_text_section",
                        "elements": [
                            {
                                "type": "link",
                                "url": "https:\/\/www.reddit.com\/r\/Terraform\/comments\/tbyw0t\/second_tutorial_for_hosting_nextcloud_in_aws\/",
                                "text": "Second tutorial for hosting Nextcloud in AWS using Ansible and Terraform"
                            },
                            {
                                "type": "text",
                                "text": "\nOverview I've created another tutorial for hosting Nextcloud in AWS. This is more of a working example opposed to an in-depth tutorial.  In the previous tutorial ("
                            },
                            {
                                "type": "link",
                                "url": "https:\/\/github.com\/jay-law\/nextcloud-1-terraform"
                            },
                            {
                                "type": "text",
                                "text": "), Nextcloud was installed via a Snap package.  In this tutorial, Nextcloud is installed using the .tar archive.  Part 1 - Building with Terraform Link - <a..."
                            }
                        ]
                    }
                ]
            }
        ],
        "attachments": [
            {
                "from_url": "https:\/\/www.reddit.com\/r\/Terraform\/comments\/tbyw0t\/second_tutorial_for_hosting_nextcloud_in_aws\/",
                "thumb_url": "https:\/\/www.redditstatic.com\/new-icon.png",
                "thumb_width": 256,
                "thumb_height": 256,
                "service_icon": "http:\/\/www.redditstatic.com\/desktop2x\/img\/favicon\/apple-icon-57x57.png",
                "id": 1,
                "original_url": "https:\/\/www.reddit.com\/r\/Terraform\/comments\/tbyw0t\/second_tutorial_for_hosting_nextcloud_in_aws\/",
                "fallback": "reddit: Second tutorial for hosting Nextcloud in AWS using Ansible and Terraform",
                "text": "# Overview I've created another tutorial for hosting Nextcloud in AWS. This is more of a working example opposed to an in-depth tutorial. In...",
                "title": "Second tutorial for hosting Nextcloud in AWS using Ansible and Terraform",
                "title_link": "https:\/\/www.reddit.com\/r\/Terraform\/comments\/tbyw0t\/second_tutorial_for_hosting_nextcloud_in_aws\/",
                "service_name": "reddit"
            },
            {
                "from_url": "https:\/\/github.com\/jay-law\/nextcloud-1-terraform",
                "image_url": "https:\/\/opengraph.githubassets.com\/8e38768f92cfd098ba7a7ecb2a4c018b3c1c4c264c590b9b827fba389aa87cae\/jay-law\/nextcloud-1-terraform",
                "image_width": 500,
                "image_height": 250,
                "image_bytes": 37536,
                "service_icon": "https:\/\/a.slack-edge.com\/80588\/img\/unfurl_icons\/github.png",
                "id": 2,
                "original_url": "https:\/\/github.com\/jay-law\/nextcloud-1-terraform",
                "fallback": "GitHub: GitHub - jay-law\/nextcloud-1-terraform",
                "text": "Contribute to jay-law\/nextcloud-1-terraform development by creating an account on GitHub.",
                "title": "GitHub - jay-law\/nextcloud-1-terraform",
                "title_link": "https:\/\/github.com\/jay-law\/nextcloud-1-terraform",
                "service_name": "GitHub"
            }
        ],
        "edited": {
            "user": "BG3N7LG73",
            "ts": "1647029770.000000"
        }
    },
    {
        "type": "message",
        "subtype": "bot_message",
        "text": "<https:\/\/www.reddit.com\/r\/Terraform\/comments\/tbz71s\/terraformcompliance_help_match_any_in_list\/|Terraform-compliance help: Match any in list.>\nHello, I am trying to limit vms on sku_size in Azure.\n  \n I currently got this and it doesn't work! Feature: vm compliance related resources: azurerm_virtual_machine Background: vm resource specific Given I have azurerm_virtual_machine defined Scenario Outline: vm Sku compliance When it has \"vm_size\" Then it must have \"vm_size\" Then its value will contain one of the following sizes | Standard_DS1_v2 | | Standard_DS2_v2 |   \n I know there is no \"or\" clause and I roughly know I need to do this...",
        "ts": "1647030970.550299",
        "username": "Terraform",
        "icons": {
            "image_48": "https:\/\/s3-us-west-2.amazonaws.com\/slack-files2\/bot_icons\/2019-02-12\/548785199618_48.png"
        },
        "bot_id": "BG3N7LG73",
        "blocks": [
            {
                "type": "rich_text",
                "block_id": "2nB5",
                "elements": [
                    {
                        "type": "rich_text_section",
                        "elements": [
                            {
                                "type": "link",
                                "url": "https:\/\/www.reddit.com\/r\/Terraform\/comments\/tbz71s\/terraformcompliance_help_match_any_in_list\/",
                                "text": "Terraform-compliance help: Match any in list."
                            },
                            {
                                "type": "text",
                                "text": "\nHello, I am trying to limit vms on sku_size in Azure.\n  \n I currently got this and it doesn't work! Feature: vm compliance related resources: azurerm_virtual_machine Background: vm resource specific Given I have azurerm_virtual_machine defined Scenario Outline: vm Sku compliance When it has \"vm_size\" Then it must have \"vm_size\" Then its value will contain one of the following sizes | Standard_DS1_v2 | | Standard_DS2_v2 |   \n I know there is no \"or\" clause and I roughly know I need to do this..."
                            }
                        ]
                    }
                ]
            }
        ],
        "attachments": [
            {
                "from_url": "https:\/\/www.reddit.com\/r\/Terraform\/comments\/tbz71s\/terraformcompliance_help_match_any_in_list\/",
                "thumb_url": "https:\/\/www.redditstatic.com\/new-icon.png",
                "thumb_width": 256,
                "thumb_height": 256,
                "service_icon": "http:\/\/www.redditstatic.com\/desktop2x\/img\/favicon\/apple-icon-57x57.png",
                "id": 1,
                "original_url": "https:\/\/www.reddit.com\/r\/Terraform\/comments\/tbz71s\/terraformcompliance_help_match_any_in_list\/",
                "fallback": "reddit: Terraform-compliance help: Match any in list.",
                "text": "Hello, I am trying to limit vms on sku_size in Azure. &amp;nbsp; I currently got this and it doesn't work! Feature: vm compliance ...",
                "title": "Terraform-compliance help: Match any in list.",
                "title_link": "https:\/\/www.reddit.com\/r\/Terraform\/comments\/tbz71s\/terraformcompliance_help_match_any_in_list\/",
                "service_name": "reddit"
            }
        ],
        "edited": {
            "user": "BG3N7LG73",
            "ts": "1647030971.000000"
        }
    },
    {
        "type": "message",
        "subtype": "bot_message",
        "text": "<https:\/\/www.reddit.com\/r\/Terraform\/comments\/tc0016\/terraform_deployment_estimation_before_the\/|Terraform deployment estimation before the resource creation>\nI am looking for the hashicorp's terraform premium\/cloud service offering that provides the cost estimate of the resources being created before they are actually created. Is there any alternative, open source version to do the same? For eg, hook into the predeploy phase, query\/lookup some DB etc for AWS pricing models (my IaaS is AWS) and try to repot an estimate of costs. Please let me know if folks have seen\/used something similar.    submitted by   &lt;a...",
        "ts": "1647032772.676579",
        "username": "Terraform",
        "icons": {
            "image_48": "https:\/\/s3-us-west-2.amazonaws.com\/slack-files2\/bot_icons\/2019-02-12\/548785199618_48.png"
        },
        "bot_id": "BG3N7LG73",
        "blocks": [
            {
                "type": "rich_text",
                "block_id": "Oys",
                "elements": [
                    {
                        "type": "rich_text_section",
                        "elements": [
                            {
                                "type": "link",
                                "url": "https:\/\/www.reddit.com\/r\/Terraform\/comments\/tc0016\/terraform_deployment_estimation_before_the\/",
                                "text": "Terraform deployment estimation before the resource creation"
                            },
                            {
                                "type": "text",
                                "text": "\nI am looking for the hashicorp's terraform premium\/cloud service offering that provides the cost estimate of the resources being created before they are actually created. Is there any alternative, open source version to do the same? For eg, hook into the predeploy phase, query\/lookup some DB etc for AWS pricing models (my IaaS is AWS) and try to repot an estimate of costs. Please let me know if folks have seen\/used something similar.    submitted by   <a..."
                            }
                        ]
                    }
                ]
            }
        ],
        "attachments": [
            {
                "from_url": "https:\/\/www.reddit.com\/r\/Terraform\/comments\/tc0016\/terraform_deployment_estimation_before_the\/",
                "thumb_url": "https:\/\/www.redditstatic.com\/new-icon.png",
                "thumb_width": 256,
                "thumb_height": 256,
                "service_icon": "http:\/\/www.redditstatic.com\/desktop2x\/img\/favicon\/apple-icon-57x57.png",
                "id": 1,
                "original_url": "https:\/\/www.reddit.com\/r\/Terraform\/comments\/tc0016\/terraform_deployment_estimation_before_the\/",
                "fallback": "reddit: Terraform deployment estimation before the resource creation",
                "text": "I am looking for the hashicorp's terraform premium\/cloud service offering that provides the cost estimate of the resources being created before...",
                "title": "Terraform deployment estimation before the resource creation",
                "title_link": "https:\/\/www.reddit.com\/r\/Terraform\/comments\/tc0016\/terraform_deployment_estimation_before_the\/",
                "service_name": "reddit"
            }
        ],
        "edited": {
            "user": "BG3N7LG73",
            "ts": "1647032772.000000"
        }
    },
    {
        "type": "message",
        "subtype": "bot_message",
        "text": "<https:\/\/www.reddit.com\/r\/Terraform\/comments\/tc0rn3\/highover_view_of_what_is_terraform\/|High-over view of what is Terraform!>\nJust wanted to take a second and thank all the support I got last time from this sub! Happy to post about an episode I published this week on my podcast <https:\/\/level99podcast.com\/|Level 99>, a high overview of Terraform with a special guest. During this episode, we talk about what is Terraform, how to get started with some best practices! Link to episode - Let's Talk Terraform! : &lt;a...",
        "ts": "1647035170.836669",
        "username": "Terraform",
        "icons": {
            "image_48": "https:\/\/s3-us-west-2.amazonaws.com\/slack-files2\/bot_icons\/2019-02-12\/548785199618_48.png"
        },
        "bot_id": "BG3N7LG73",
        "blocks": [
            {
                "type": "rich_text",
                "block_id": "VtGu",
                "elements": [
                    {
                        "type": "rich_text_section",
                        "elements": [
                            {
                                "type": "link",
                                "url": "https:\/\/www.reddit.com\/r\/Terraform\/comments\/tc0rn3\/highover_view_of_what_is_terraform\/",
                                "text": "High-over view of what is Terraform!"
                            },
                            {
                                "type": "text",
                                "text": "\nJust wanted to take a second and thank all the support I got last time from this sub! Happy to post about an episode I published this week on my podcast "
                            },
                            {
                                "type": "link",
                                "url": "https:\/\/level99podcast.com\/",
                                "text": "Level 99"
                            },
                            {
                                "type": "text",
                                "text": ", a high overview of Terraform with a special guest. During this episode, we talk about what is Terraform, how to get started with some best practices! Link to episode - Let's Talk Terraform! : <a..."
                            }
                        ]
                    }
                ]
            }
        ],
        "attachments": [
            {
                "from_url": "https:\/\/www.reddit.com\/r\/Terraform\/comments\/tc0rn3\/highover_view_of_what_is_terraform\/",
                "thumb_url": "https:\/\/www.redditstatic.com\/new-icon.png",
                "thumb_width": 256,
                "thumb_height": 256,
                "service_icon": "http:\/\/www.redditstatic.com\/desktop2x\/img\/favicon\/apple-icon-57x57.png",
                "id": 1,
                "original_url": "https:\/\/www.reddit.com\/r\/Terraform\/comments\/tc0rn3\/highover_view_of_what_is_terraform\/",
                "fallback": "reddit: High-over view of what is Terraform!",
                "text": "Just wanted to take a second and thank all the support I got last time from this sub! Happy to post about an episode I published this week on my...",
                "title": "High-over view of what is Terraform!",
                "title_link": "https:\/\/www.reddit.com\/r\/Terraform\/comments\/tc0rn3\/highover_view_of_what_is_terraform\/",
                "service_name": "reddit"
            },
            {
                "from_url": "https:\/\/level99podcast.com\/",
                "service_icon": "https:\/\/level99podcast.com\/img\/favicon\/apple-touch-icon.png",
                "id": 2,
                "original_url": "https:\/\/level99podcast.com\/",
                "fallback": "Level 99 | Podcast",
                "text": "Level 99 Podcast",
                "title": "Level 99 | Podcast",
                "title_link": "https:\/\/level99podcast.com\/",
                "service_name": "level99podcast.com"
            }
        ],
        "edited": {
            "user": "BG3N7LG73",
            "ts": "1647035171.000000"
        }
    },
    {
        "type": "message",
        "subtype": "bot_message",
        "text": "<https:\/\/www.reddit.com\/r\/Terraform\/comments\/tc908n\/aws_fsx_errors_out_while_getting_created_using\/|AWS FSx errors out while getting created using teraform>\nI am following the script provided in <https:\/\/dnx.solutions\/launching-fsx-windows-file-server-joining-self-managed-domain-using-terraform\/|https:\/\/dnx.solutions\/launching-fsx-windows-file-server-joining-self-managed-domain-using-terraform\/> I set up a VPC, a subnet and gave the DNS IP for the active directory an address that was within the VPC and Subnet. Security group rules allow all on inbound and outbound. However, it is giving me this error after multiple attempts. The FSx...",
        "ts": "1647062171.885649",
        "username": "Terraform",
        "icons": {
            "image_48": "https:\/\/s3-us-west-2.amazonaws.com\/slack-files2\/bot_icons\/2019-02-12\/548785199618_48.png"
        },
        "bot_id": "BG3N7LG73",
        "blocks": [
            {
                "type": "rich_text",
                "block_id": "Fyp",
                "elements": [
                    {
                        "type": "rich_text_section",
                        "elements": [
                            {
                                "type": "link",
                                "url": "https:\/\/www.reddit.com\/r\/Terraform\/comments\/tc908n\/aws_fsx_errors_out_while_getting_created_using\/",
                                "text": "AWS FSx errors out while getting created using teraform"
                            },
                            {
                                "type": "text",
                                "text": "\nI am following the script provided in "
                            },
                            {
                                "type": "link",
                                "url": "https:\/\/dnx.solutions\/launching-fsx-windows-file-server-joining-self-managed-domain-using-terraform\/"
                            },
                            {
                                "type": "text",
                                "text": " I set up a VPC, a subnet and gave the DNS IP for the active directory an address that was within the VPC and Subnet. Security group rules allow all on inbound and outbound. However, it is giving me this error after multiple attempts. The FSx..."
                            }
                        ]
                    }
                ]
            }
        ],
        "attachments": [
            {
                "from_url": "https:\/\/www.reddit.com\/r\/Terraform\/comments\/tc908n\/aws_fsx_errors_out_while_getting_created_using\/",
                "thumb_url": "https:\/\/www.redditstatic.com\/new-icon.png",
                "thumb_width": 256,
                "thumb_height": 256,
                "service_icon": "http:\/\/www.redditstatic.com\/desktop2x\/img\/favicon\/apple-icon-57x57.png",
                "id": 1,
                "original_url": "https:\/\/www.reddit.com\/r\/Terraform\/comments\/tc908n\/aws_fsx_errors_out_while_getting_created_using\/",
                "fallback": "reddit: AWS FSx errors out while getting created using teraform",
                "text": "I am following the script provided in...",
                "title": "AWS FSx errors out while getting created using teraform",
                "title_link": "https:\/\/www.reddit.com\/r\/Terraform\/comments\/tc908n\/aws_fsx_errors_out_while_getting_created_using\/",
                "service_name": "reddit"
            },
            {
                "from_url": "https:\/\/dnx.solutions\/launching-fsx-windows-file-server-joining-self-managed-domain-using-terraform\/",
                "ts": 1630055073,
                "image_url": "https:\/\/dnx.solutions\/wp-content\/uploads\/2021\/08\/FSx-for-Windows.png",
                "image_width": 478,
                "image_height": 250,
                "image_bytes": 760214,
                "service_icon": "https:\/\/dnx.solutions\/wp-content\/uploads\/2020\/09\/dnx-logo-footer@2x.png",
                "id": 2,
                "original_url": "https:\/\/dnx.solutions\/launching-fsx-windows-file-server-joining-self-managed-domain-using-terraform\/",
                "fallback": "DNX Solutions: Launching Amazon FSx for Windows | DNX Solutions",
                "text": "This post walks through launching an Amazon FSx for Windows File Server &amp; joining a self-managed domain using Terraform. DNX aims to make your life easier.",
                "title": "Launching Amazon FSx for Windows | DNX Solutions",
                "title_link": "https:\/\/dnx.solutions\/launching-fsx-windows-file-server-joining-self-managed-domain-using-terraform\/",
                "service_name": "DNX Solutions",
                "fields": [
                    {
                        "value": "Maicon Rocha Alegre",
                        "title": "Written by",
                        "short": true
                    },
                    {
                        "value": "7 minutes",
                        "title": "Est. reading time",
                        "short": true
                    }
                ]
            }
        ],
        "edited": {
            "user": "BG3N7LG73",
            "ts": "1647062172.000000"
        }
    }
]