[
    {
        "type": "message",
        "subtype": "bot_message",
        "text": "<https:\/\/www.reddit.com\/r\/Terraform\/comments\/tekjmd\/kubernetes_service_creation_of_an_alb\/|kubernetes_service creation of an ALB;>\nHi all, I'm trying to deploy an ALB with my EKS cluster, but the ELB that gets created is a classic one, not Application. ​ resource \"kubernetes_service\" \"nginx\" { metadata { name = \"nginx-example\" annotations = { \"<http:\/\/service.beta.kubernetes.io\/aws-load-balancer-type|service.beta.kubernetes.io\/aws-load-balancer-type>\" = \"alb\" } } spec { selector = { App = kubernetes_deployment.nginx.spec.0.template.0.metadata[0].<http:\/\/labels.App|labels.App> } port { ‏‏‎‏‏‎‏‏‎‏‏‎­ port = 80 target_port = 80 } type = \"LoadBalancer\" } } ​ Does anybody recognise what I'm missing?...",
        "ts": "1647335171.823729",
        "username": "Terraform",
        "icons": {
            "image_48": "https:\/\/s3-us-west-2.amazonaws.com\/slack-files2\/bot_icons\/2019-02-12\/548785199618_48.png"
        },
        "bot_id": "BG3N7LG73",
        "blocks": [
            {
                "type": "rich_text",
                "block_id": "XWc",
                "elements": [
                    {
                        "type": "rich_text_section",
                        "elements": [
                            {
                                "type": "link",
                                "url": "https:\/\/www.reddit.com\/r\/Terraform\/comments\/tekjmd\/kubernetes_service_creation_of_an_alb\/",
                                "text": "kubernetes_service creation of an ALB;"
                            },
                            {
                                "type": "text",
                                "text": "\nHi all, I'm trying to deploy an ALB with my EKS cluster, but the ELB that gets created is a classic one, not Application. ​ resource \"kubernetes_service\" \"nginx\" { metadata { name = \"nginx-example\" annotations = { \""
                            },
                            {
                                "type": "link",
                                "url": "http:\/\/service.beta.kubernetes.io\/aws-load-balancer-type",
                                "text": "service.beta.kubernetes.io\/aws-load-balancer-type"
                            },
                            {
                                "type": "text",
                                "text": "\" = \"alb\" } } spec { selector = { App = kubernetes_deployment.nginx.spec.0.template.0.metadata[0]."
                            },
                            {
                                "type": "link",
                                "url": "http:\/\/labels.App",
                                "text": "labels.App"
                            },
                            {
                                "type": "text",
                                "text": " } port { ‏‏‎‏‏‎‏‏‎‏‏‎­ port = 80 target_port = 80 } type = \"LoadBalancer\" } } ​ Does anybody recognise what I'm missing?..."
                            }
                        ]
                    }
                ]
            }
        ],
        "attachments": [
            {
                "from_url": "https:\/\/www.reddit.com\/r\/Terraform\/comments\/tekjmd\/kubernetes_service_creation_of_an_alb\/",
                "thumb_url": "https:\/\/www.redditstatic.com\/new-icon.png",
                "thumb_width": 256,
                "thumb_height": 256,
                "service_icon": "http:\/\/www.redditstatic.com\/desktop2x\/img\/favicon\/apple-icon-57x57.png",
                "id": 1,
                "original_url": "https:\/\/www.reddit.com\/r\/Terraform\/comments\/tekjmd\/kubernetes_service_creation_of_an_alb\/",
                "fallback": "reddit: kubernetes_service creation of an ALB;",
                "text": "Hi all, I'm trying to deploy an ALB with my EKS cluster, but the ELB that gets created is a classic one, not Application. &amp;#x200B; resource...",
                "title": "kubernetes_service creation of an ALB;",
                "title_link": "https:\/\/www.reddit.com\/r\/Terraform\/comments\/tekjmd\/kubernetes_service_creation_of_an_alb\/",
                "service_name": "reddit"
            }
        ],
        "edited": {
            "user": "BG3N7LG73",
            "ts": "1647335172.000000"
        }
    },
    {
        "type": "message",
        "subtype": "bot_message",
        "text": "<https:\/\/www.reddit.com\/r\/Terraform\/comments\/telfen\/terraform_sumologic\/|Terraform SumoLogic>\nI've done some work with Sumo Logic through the console but have now been tasked with automating user, or more specifically roles, through Terraform to manage the access that users currently have. Can someone point me in the right direction on the best way to go about doing this for someone with very limited tf knowledge? Failing this, where's the best place to look for a budget freelancer?    submitted by   <https:\/\/www.reddit.com\/user\/Firm_Tailor719| \/u\/Firm_Tailor719 > \n&lt;a...",
        "ts": "1647339370.189649",
        "username": "Terraform",
        "icons": {
            "image_48": "https:\/\/s3-us-west-2.amazonaws.com\/slack-files2\/bot_icons\/2019-02-12\/548785199618_48.png"
        },
        "bot_id": "BG3N7LG73",
        "blocks": [
            {
                "type": "rich_text",
                "block_id": "\/2=",
                "elements": [
                    {
                        "type": "rich_text_section",
                        "elements": [
                            {
                                "type": "link",
                                "url": "https:\/\/www.reddit.com\/r\/Terraform\/comments\/telfen\/terraform_sumologic\/",
                                "text": "Terraform SumoLogic"
                            },
                            {
                                "type": "text",
                                "text": "\nI've done some work with Sumo Logic through the console but have now been tasked with automating user, or more specifically roles, through Terraform to manage the access that users currently have. Can someone point me in the right direction on the best way to go about doing this for someone with very limited tf knowledge? Failing this, where's the best place to look for a budget freelancer?    submitted by   "
                            },
                            {
                                "type": "link",
                                "url": "https:\/\/www.reddit.com\/user\/Firm_Tailor719",
                                "text": "\/u\/Firm_Tailor719"
                            },
                            {
                                "type": "text",
                                "text": " \n<a..."
                            }
                        ]
                    }
                ]
            }
        ],
        "attachments": [
            {
                "from_url": "https:\/\/www.reddit.com\/r\/Terraform\/comments\/telfen\/terraform_sumologic\/",
                "thumb_url": "https:\/\/www.redditstatic.com\/new-icon.png",
                "thumb_width": 256,
                "thumb_height": 256,
                "service_icon": "http:\/\/www.redditstatic.com\/desktop2x\/img\/favicon\/apple-icon-57x57.png",
                "id": 1,
                "original_url": "https:\/\/www.reddit.com\/r\/Terraform\/comments\/telfen\/terraform_sumologic\/",
                "fallback": "reddit: Terraform SumoLogic",
                "text": "I've done some work with Sumo Logic through the console but have now been tasked with automating user, or more specifically roles, through ...",
                "title": "Terraform SumoLogic",
                "title_link": "https:\/\/www.reddit.com\/r\/Terraform\/comments\/telfen\/terraform_sumologic\/",
                "service_name": "reddit"
            },
            {
                "from_url": "https:\/\/www.reddit.com\/user\/Firm_Tailor719",
                "service_icon": "http:\/\/www.redditstatic.com\/desktop2x\/img\/favicon\/apple-icon-57x57.png",
                "id": 2,
                "original_url": "https:\/\/www.reddit.com\/user\/Firm_Tailor719",
                "fallback": "overview for Firm_Tailor719",
                "text": "The u\/Firm_Tailor719 community on Reddit. Reddit gives you the best of the internet in one place.",
                "title": "overview for Firm_Tailor719",
                "title_link": "https:\/\/www.reddit.com\/user\/Firm_Tailor719",
                "service_name": "reddit.com"
            }
        ],
        "edited": {
            "user": "BG3N7LG73",
            "ts": "1647339370.000000"
        }
    },
    {
        "type": "message",
        "subtype": "bot_message",
        "text": "<https:\/\/www.reddit.com\/r\/Terraform\/comments\/tems3m\/terraform_cloud_performance_why_does_it_take_so\/|Terraform cloud performance. Why does it take so long to start doing anything?>\nsubmitted by   <https:\/\/www.reddit.com\/user\/Rambatino| \/u\/Rambatino > \n<https:\/\/i.redd.it\/yktwfwel8jn81.jpg|[link]>   <https:\/\/www.reddit.com\/r\/Terraform\/comments\/tems3m\/terraform_cloud_performance_why_does_it_take_so\/|[comments]>",
        "ts": "1647344168.858379",
        "username": "Terraform",
        "icons": {
            "image_48": "https:\/\/s3-us-west-2.amazonaws.com\/slack-files2\/bot_icons\/2019-02-12\/548785199618_48.png"
        },
        "bot_id": "BG3N7LG73",
        "blocks": [
            {
                "type": "rich_text",
                "block_id": "vQCi",
                "elements": [
                    {
                        "type": "rich_text_section",
                        "elements": [
                            {
                                "type": "link",
                                "url": "https:\/\/www.reddit.com\/r\/Terraform\/comments\/tems3m\/terraform_cloud_performance_why_does_it_take_so\/",
                                "text": "Terraform cloud performance. Why does it take so long to start doing anything?"
                            },
                            {
                                "type": "text",
                                "text": "\nsubmitted by   "
                            },
                            {
                                "type": "link",
                                "url": "https:\/\/www.reddit.com\/user\/Rambatino",
                                "text": "\/u\/Rambatino"
                            },
                            {
                                "type": "text",
                                "text": " \n"
                            },
                            {
                                "type": "link",
                                "url": "https:\/\/i.redd.it\/yktwfwel8jn81.jpg",
                                "text": "[link]"
                            },
                            {
                                "type": "text",
                                "text": "   "
                            },
                            {
                                "type": "link",
                                "url": "https:\/\/www.reddit.com\/r\/Terraform\/comments\/tems3m\/terraform_cloud_performance_why_does_it_take_so\/",
                                "text": "[comments]"
                            }
                        ]
                    }
                ]
            }
        ],
        "attachments": [
            {
                "from_url": "https:\/\/www.reddit.com\/r\/Terraform\/comments\/tems3m\/terraform_cloud_performance_why_does_it_take_so\/",
                "thumb_url": "https:\/\/a.thumbs.redditmedia.com\/bfqwFUdEmzW_5c-DHDli0ot4V4FRM8zNLYUL7mLuR04.jpg",
                "thumb_width": 140,
                "thumb_height": 140,
                "service_icon": "http:\/\/www.redditstatic.com\/desktop2x\/img\/favicon\/apple-icon-57x57.png",
                "id": 1,
                "original_url": "https:\/\/www.reddit.com\/r\/Terraform\/comments\/tems3m\/terraform_cloud_performance_why_does_it_take_so\/",
                "fallback": "reddit: Terraform cloud performance. Why does it take so long to start doing anything?",
                "text": "Posted in r\/Terraform by u\/Rambatino • 1 point and 1 comment",
                "title": "Terraform cloud performance. Why does it take so long to start doing anything?",
                "title_link": "https:\/\/www.reddit.com\/r\/Terraform\/comments\/tems3m\/terraform_cloud_performance_why_does_it_take_so\/",
                "service_name": "reddit"
            },
            {
                "from_url": "https:\/\/www.reddit.com\/user\/Rambatino",
                "service_icon": "http:\/\/www.redditstatic.com\/desktop2x\/img\/favicon\/apple-icon-57x57.png",
                "id": 2,
                "original_url": "https:\/\/www.reddit.com\/user\/Rambatino",
                "fallback": "overview for Rambatino",
                "text": "The u\/Rambatino community on Reddit. Reddit gives you the best of the internet in one place.",
                "title": "overview for Rambatino",
                "title_link": "https:\/\/www.reddit.com\/user\/Rambatino",
                "service_name": "reddit.com"
            },
            {
                "from_url": "https:\/\/i.redd.it\/yktwfwel8jn81.jpg",
                "image_url": "https:\/\/i.redd.it\/yktwfwel8jn81.jpg",
                "image_width": 1242,
                "image_height": 2688,
                "image_bytes": 159866,
                "id": 3,
                "original_url": "https:\/\/i.redd.it\/yktwfwel8jn81.jpg",
                "fallback": "1242x2688px image"
            }
        ],
        "edited": {
            "user": "BG3N7LG73",
            "ts": "1647344169.000000"
        }
    },
    {
        "type": "message",
        "subtype": "bot_message",
        "text": "<https:\/\/www.reddit.com\/r\/Terraform\/comments\/teo14r\/ecs_fargate_no_load_balancer\/|ECS Fargate no load balancer>\nLooking for a simple fargate example without a load balancer. Basically just need to spin up a fargate container to run shell scripts in cron to process files in S3. It doesn’t need http or https access. Would appreciate any help!    submitted by   <https:\/\/www.reddit.com\/user\/z3r0bit| \/u\/z3r0bit > \n<https:\/\/www.reddit.com\/r\/Terraform\/comments\/teo14r\/ecs_fargate_no_load_balancer\/|[link]>   &lt;a...",
        "ts": "1647348371.874709",
        "username": "Terraform",
        "icons": {
            "image_48": "https:\/\/s3-us-west-2.amazonaws.com\/slack-files2\/bot_icons\/2019-02-12\/548785199618_48.png"
        },
        "bot_id": "BG3N7LG73",
        "blocks": [
            {
                "type": "rich_text",
                "block_id": "oo7AC",
                "elements": [
                    {
                        "type": "rich_text_section",
                        "elements": [
                            {
                                "type": "link",
                                "url": "https:\/\/www.reddit.com\/r\/Terraform\/comments\/teo14r\/ecs_fargate_no_load_balancer\/",
                                "text": "ECS Fargate no load balancer"
                            },
                            {
                                "type": "text",
                                "text": "\nLooking for a simple fargate example without a load balancer. Basically just need to spin up a fargate container to run shell scripts in cron to process files in S3. It doesn’t need http or https access. Would appreciate any help!    submitted by   "
                            },
                            {
                                "type": "link",
                                "url": "https:\/\/www.reddit.com\/user\/z3r0bit",
                                "text": "\/u\/z3r0bit"
                            },
                            {
                                "type": "text",
                                "text": " \n"
                            },
                            {
                                "type": "link",
                                "url": "https:\/\/www.reddit.com\/r\/Terraform\/comments\/teo14r\/ecs_fargate_no_load_balancer\/",
                                "text": "[link]"
                            },
                            {
                                "type": "text",
                                "text": "   <a..."
                            }
                        ]
                    }
                ]
            }
        ],
        "attachments": [
            {
                "from_url": "https:\/\/www.reddit.com\/r\/Terraform\/comments\/teo14r\/ecs_fargate_no_load_balancer\/",
                "thumb_url": "https:\/\/www.redditstatic.com\/new-icon.png",
                "thumb_width": 256,
                "thumb_height": 256,
                "service_icon": "http:\/\/www.redditstatic.com\/desktop2x\/img\/favicon\/apple-icon-57x57.png",
                "id": 1,
                "original_url": "https:\/\/www.reddit.com\/r\/Terraform\/comments\/teo14r\/ecs_fargate_no_load_balancer\/",
                "fallback": "reddit: ECS Fargate no load balancer",
                "text": "Looking for a simple fargate example without a load balancer. Basically just need to spin up a fargate container to run shell scripts in cron to...",
                "title": "ECS Fargate no load balancer",
                "title_link": "https:\/\/www.reddit.com\/r\/Terraform\/comments\/teo14r\/ecs_fargate_no_load_balancer\/",
                "service_name": "reddit"
            },
            {
                "from_url": "https:\/\/www.reddit.com\/user\/z3r0bit",
                "service_icon": "http:\/\/www.redditstatic.com\/desktop2x\/img\/favicon\/apple-icon-57x57.png",
                "id": 2,
                "original_url": "https:\/\/www.reddit.com\/user\/z3r0bit",
                "fallback": "overview for z3r0bit",
                "text": "The u\/z3r0bit community on Reddit. Reddit gives you the best of the internet in one place.",
                "title": "overview for z3r0bit",
                "title_link": "https:\/\/www.reddit.com\/user\/z3r0bit",
                "service_name": "reddit.com"
            }
        ],
        "edited": {
            "user": "BG3N7LG73",
            "ts": "1647348372.000000"
        }
    },
    {
        "type": "message",
        "subtype": "bot_message",
        "text": "<https:\/\/www.reddit.com\/r\/Terraform\/comments\/tes021\/help_with_understanding_cloud_backend\/|Help with understanding `cloud` backend>\nHey everyone. I've inherited a monorepo of terraform code, wrapped with terragrunt, storing all state in a single workspace in an s3 backend. I don't like it. I'm working on splitting out various parts of the monorepo in to smaller repos, and in this case, I am splitting out IAM. I've used terraform cloud in the past, and plan on using that here, but I just came across the <https:\/\/www.terraform.io\/language\/settings\/terraform-cloud|cloud> backend (well it is not technically a...",
        "ts": "1647360372.533139",
        "username": "Terraform",
        "icons": {
            "image_48": "https:\/\/s3-us-west-2.amazonaws.com\/slack-files2\/bot_icons\/2019-02-12\/548785199618_48.png"
        },
        "bot_id": "BG3N7LG73",
        "blocks": [
            {
                "type": "rich_text",
                "block_id": "szJaU",
                "elements": [
                    {
                        "type": "rich_text_section",
                        "elements": [
                            {
                                "type": "link",
                                "url": "https:\/\/www.reddit.com\/r\/Terraform\/comments\/tes021\/help_with_understanding_cloud_backend\/",
                                "text": "Help with understanding "
                            },
                            {
                                "type": "link",
                                "url": "https:\/\/www.reddit.com\/r\/Terraform\/comments\/tes021\/help_with_understanding_cloud_backend\/",
                                "text": "cloud",
                                "style": {
                                    "code": true
                                }
                            },
                            {
                                "type": "link",
                                "url": "https:\/\/www.reddit.com\/r\/Terraform\/comments\/tes021\/help_with_understanding_cloud_backend\/",
                                "text": " backend"
                            },
                            {
                                "type": "text",
                                "text": "\nHey everyone. I've inherited a monorepo of terraform code, wrapped with terragrunt, storing all state in a single workspace in an s3 backend. I don't like it. I'm working on splitting out various parts of the monorepo in to smaller repos, and in this case, I am splitting out IAM. I've used terraform cloud in the past, and plan on using that here, but I just came across the "
                            },
                            {
                                "type": "link",
                                "url": "https:\/\/www.terraform.io\/language\/settings\/terraform-cloud",
                                "text": "cloud"
                            },
                            {
                                "type": "text",
                                "text": " backend (well it is not technically a..."
                            }
                        ]
                    }
                ]
            }
        ],
        "attachments": [
            {
                "from_url": "https:\/\/www.reddit.com\/r\/Terraform\/comments\/tes021\/help_with_understanding_cloud_backend\/",
                "thumb_url": "https:\/\/www.redditstatic.com\/new-icon.png",
                "thumb_width": 256,
                "thumb_height": 256,
                "service_icon": "http:\/\/www.redditstatic.com\/desktop2x\/img\/favicon\/apple-icon-57x57.png",
                "id": 1,
                "original_url": "https:\/\/www.reddit.com\/r\/Terraform\/comments\/tes021\/help_with_understanding_cloud_backend\/",
                "fallback": "reddit: Help with understanding `cloud` backend",
                "text": "Hey everyone. I've inherited a monorepo of terraform code, wrapped with terragrunt, storing all state in a single workspace in an s3 backend. I...",
                "title": "Help with understanding `cloud` backend",
                "title_link": "https:\/\/www.reddit.com\/r\/Terraform\/comments\/tes021\/help_with_understanding_cloud_backend\/",
                "service_name": "reddit"
            },
            {
                "from_url": "https:\/\/www.terraform.io\/language\/settings\/terraform-cloud",
                "image_url": "https:\/\/www.terraform.io\/img\/og-image.png",
                "image_width": 478,
                "image_height": 250,
                "image_bytes": 31319,
                "service_icon": "https:\/\/www.terraform.io\/favicon.ico",
                "id": 2,
                "original_url": "https:\/\/www.terraform.io\/language\/settings\/terraform-cloud",
                "fallback": "Terraform by HashiCorp: Terraform Cloud Configuration - Terraform Settings - Configuration Language | Terraform by HashiCorp",
                "text": "The nested `cloud` block configures Terraform's integration with Terraform Cloud.",
                "title": "Terraform Cloud Configuration - Terraform Settings - Configuration Language | Terraform by HashiCorp",
                "title_link": "https:\/\/www.terraform.io\/language\/settings\/terraform-cloud",
                "service_name": "Terraform by HashiCorp"
            }
        ],
        "edited": {
            "user": "BG3N7LG73",
            "ts": "1647360372.000000"
        }
    },
    {
        "type": "message",
        "subtype": "bot_message",
        "text": "<https:\/\/www.reddit.com\/r\/Terraform\/comments\/teso9q\/will_terraform_destroy_a_bucket_if_it_already\/|Will terraform destroy a bucket if it already exists?>\nHi everyone!  First time posting on this sub. My question is pretty straightforward. Just wanted to check if terraform won’t destroy a bucket if it already exists. How can I avoid having any of my current resources destroyed? I expect it do nothing if the resource exists, but I’m not 100% sure. At my company, we’re moving all our pipelines to terraform. Therefore, having our current resources destroyed is undesirable.    submitted by   &lt;a href=\"https:\/\/www.reddit.com\/user\/thegoodforeigner\"&gt;...",
        "ts": "1647362171.186329",
        "username": "Terraform",
        "icons": {
            "image_48": "https:\/\/s3-us-west-2.amazonaws.com\/slack-files2\/bot_icons\/2019-02-12\/548785199618_48.png"
        },
        "bot_id": "BG3N7LG73",
        "blocks": [
            {
                "type": "rich_text",
                "block_id": "w9Emc",
                "elements": [
                    {
                        "type": "rich_text_section",
                        "elements": [
                            {
                                "type": "link",
                                "url": "https:\/\/www.reddit.com\/r\/Terraform\/comments\/teso9q\/will_terraform_destroy_a_bucket_if_it_already\/",
                                "text": "Will terraform destroy a bucket if it already exists?"
                            },
                            {
                                "type": "text",
                                "text": "\nHi everyone!  First time posting on this sub. My question is pretty straightforward. Just wanted to check if terraform won’t destroy a bucket if it already exists. How can I avoid having any of my current resources destroyed? I expect it do nothing if the resource exists, but I’m not 100% sure. At my company, we’re moving all our pipelines to terraform. Therefore, having our current resources destroyed is undesirable.    submitted by   <a href=\"https:\/\/www.reddit.com\/user\/thegoodforeigner\">..."
                            }
                        ]
                    }
                ]
            }
        ],
        "attachments": [
            {
                "from_url": "https:\/\/www.reddit.com\/r\/Terraform\/comments\/teso9q\/will_terraform_destroy_a_bucket_if_it_already\/",
                "thumb_url": "https:\/\/www.redditstatic.com\/new-icon.png",
                "thumb_width": 256,
                "thumb_height": 256,
                "service_icon": "http:\/\/www.redditstatic.com\/desktop2x\/img\/favicon\/apple-icon-57x57.png",
                "id": 1,
                "original_url": "https:\/\/www.reddit.com\/r\/Terraform\/comments\/teso9q\/will_terraform_destroy_a_bucket_if_it_already\/",
                "fallback": "reddit: Will terraform destroy a bucket if it already exists?",
                "text": "Hi everyone! First time posting on this sub. My question is pretty straightforward. Just wanted to check if terraform won’t destroy a bucket if...",
                "title": "Will terraform destroy a bucket if it already exists?",
                "title_link": "https:\/\/www.reddit.com\/r\/Terraform\/comments\/teso9q\/will_terraform_destroy_a_bucket_if_it_already\/",
                "service_name": "reddit"
            }
        ],
        "edited": {
            "user": "BG3N7LG73",
            "ts": "1647362171.000000"
        }
    },
    {
        "type": "message",
        "subtype": "bot_message",
        "text": "<https:\/\/www.reddit.com\/r\/Terraform\/comments\/teu6cy\/taking_variables_and_sending_them_to_a_js_file\/|taking variables and sending them to a js file>\nHello! I am working on some new relic alerts via Terraform. I have a js script that I need to add that has my browser controls. I need to pull some secrets from AWS and add them to the js file. I can't seem to get that variables to come up using ```sendKeys()` function. Is there a special way to pass a terraform variable to a javascript file? ​ Thanks!!!    submitted by   <https:\/\/www.reddit.com\/user\/B3rgman| \/u\/B3rgman > \n&lt;a...",
        "ts": "1647365171.331429",
        "username": "Terraform",
        "icons": {
            "image_48": "https:\/\/s3-us-west-2.amazonaws.com\/slack-files2\/bot_icons\/2019-02-12\/548785199618_48.png"
        },
        "bot_id": "BG3N7LG73",
        "blocks": [
            {
                "type": "rich_text",
                "block_id": "Q+sk",
                "elements": [
                    {
                        "type": "rich_text_section",
                        "elements": [
                            {
                                "type": "link",
                                "url": "https:\/\/www.reddit.com\/r\/Terraform\/comments\/teu6cy\/taking_variables_and_sending_them_to_a_js_file\/",
                                "text": "taking variables and sending them to a js file"
                            },
                            {
                                "type": "text",
                                "text": "\nHello! I am working on some new relic alerts via Terraform. I have a js script that I need to add that has my browser controls. I need to pull some secrets from AWS and add them to the js file. I can't seem to get that variables to come up using ```sendKeys()` function. Is there a special way to pass a terraform variable to a javascript file? ​ Thanks!!!    submitted by   "
                            },
                            {
                                "type": "link",
                                "url": "https:\/\/www.reddit.com\/user\/B3rgman",
                                "text": "\/u\/B3rgman"
                            },
                            {
                                "type": "text",
                                "text": " \n<a..."
                            }
                        ]
                    }
                ]
            }
        ],
        "attachments": [
            {
                "from_url": "https:\/\/www.reddit.com\/r\/Terraform\/comments\/teu6cy\/taking_variables_and_sending_them_to_a_js_file\/",
                "thumb_url": "https:\/\/www.redditstatic.com\/new-icon.png",
                "thumb_width": 256,
                "thumb_height": 256,
                "service_icon": "http:\/\/www.redditstatic.com\/desktop2x\/img\/favicon\/apple-icon-57x57.png",
                "id": 1,
                "original_url": "https:\/\/www.reddit.com\/r\/Terraform\/comments\/teu6cy\/taking_variables_and_sending_them_to_a_js_file\/",
                "fallback": "reddit: taking variables and sending them to a js file",
                "text": "Hello! I am working on some new relic alerts via Terraform. I have a js script that I need to add that has my browser controls. I need to pull...",
                "title": "taking variables and sending them to a js file",
                "title_link": "https:\/\/www.reddit.com\/r\/Terraform\/comments\/teu6cy\/taking_variables_and_sending_them_to_a_js_file\/",
                "service_name": "reddit"
            },
            {
                "from_url": "https:\/\/www.reddit.com\/user\/B3rgman",
                "service_icon": "http:\/\/www.redditstatic.com\/desktop2x\/img\/favicon\/apple-icon-57x57.png",
                "id": 2,
                "original_url": "https:\/\/www.reddit.com\/user\/B3rgman",
                "fallback": "overview for B3rgman",
                "text": "DevOps by day. Pi enthusiast and gamer by night.",
                "title": "overview for B3rgman",
                "title_link": "https:\/\/www.reddit.com\/user\/B3rgman",
                "service_name": "reddit.com"
            }
        ],
        "edited": {
            "user": "BG3N7LG73",
            "ts": "1647365171.000000"
        }
    },
    {
        "type": "message",
        "subtype": "bot_message",
        "text": "<https:\/\/www.reddit.com\/r\/Terraform\/comments\/tf1k59\/what_does_capacity_type_in_eks_node_group\/|What does `capacity_type` in `eks_node_group` resource do?>\nI am trying to create a node group for AWS EKS that purely uses spot instances. When checking the <https:\/\/registry.terraform.io\/providers\/hashicorp\/aws\/latest\/docs\/resources\/eks_node_group#capacity_type|doc>, the capacity_type argument has the option to be specified as SPOT. I am wondering what is the effect of this being SPOT vs ON_DEMAND, does changing this argument alone automatically allow the node group to use spot instances? If so, how shall I specify the price range for...",
        "ts": "1647381972.580659",
        "username": "Terraform",
        "icons": {
            "image_48": "https:\/\/s3-us-west-2.amazonaws.com\/slack-files2\/bot_icons\/2019-02-12\/548785199618_48.png"
        },
        "bot_id": "BG3N7LG73",
        "blocks": [
            {
                "type": "rich_text",
                "block_id": "2xK",
                "elements": [
                    {
                        "type": "rich_text_section",
                        "elements": [
                            {
                                "type": "link",
                                "url": "https:\/\/www.reddit.com\/r\/Terraform\/comments\/tf1k59\/what_does_capacity_type_in_eks_node_group\/",
                                "text": "What does "
                            },
                            {
                                "type": "link",
                                "url": "https:\/\/www.reddit.com\/r\/Terraform\/comments\/tf1k59\/what_does_capacity_type_in_eks_node_group\/",
                                "text": "capacity_type",
                                "style": {
                                    "code": true
                                }
                            },
                            {
                                "type": "link",
                                "url": "https:\/\/www.reddit.com\/r\/Terraform\/comments\/tf1k59\/what_does_capacity_type_in_eks_node_group\/",
                                "text": " in "
                            },
                            {
                                "type": "link",
                                "url": "https:\/\/www.reddit.com\/r\/Terraform\/comments\/tf1k59\/what_does_capacity_type_in_eks_node_group\/",
                                "text": "eks_node_group",
                                "style": {
                                    "code": true
                                }
                            },
                            {
                                "type": "link",
                                "url": "https:\/\/www.reddit.com\/r\/Terraform\/comments\/tf1k59\/what_does_capacity_type_in_eks_node_group\/",
                                "text": " resource do?"
                            },
                            {
                                "type": "text",
                                "text": "\nI am trying to create a node group for AWS EKS that purely uses spot instances. When checking the "
                            },
                            {
                                "type": "link",
                                "url": "https:\/\/registry.terraform.io\/providers\/hashicorp\/aws\/latest\/docs\/resources\/eks_node_group#capacity_type",
                                "text": "doc"
                            },
                            {
                                "type": "text",
                                "text": ", the capacity_type argument has the option to be specified as SPOT. I am wondering what is the effect of this being SPOT vs ON_DEMAND, does changing this argument alone automatically allow the node group to use spot instances? If so, how shall I specify the price range for..."
                            }
                        ]
                    }
                ]
            }
        ],
        "attachments": [
            {
                "from_url": "https:\/\/www.reddit.com\/r\/Terraform\/comments\/tf1k59\/what_does_capacity_type_in_eks_node_group\/",
                "thumb_url": "https:\/\/www.redditstatic.com\/new-icon.png",
                "thumb_width": 256,
                "thumb_height": 256,
                "service_icon": "http:\/\/www.redditstatic.com\/desktop2x\/img\/favicon\/apple-icon-57x57.png",
                "id": 1,
                "original_url": "https:\/\/www.reddit.com\/r\/Terraform\/comments\/tf1k59\/what_does_capacity_type_in_eks_node_group\/",
                "fallback": "reddit: What does `capacity_type` in `eks_node_group` resource do?",
                "text": "I am trying to create a node group for AWS EKS that purely uses spot instances. When checking the...",
                "title": "What does `capacity_type` in `eks_node_group` resource do?",
                "title_link": "https:\/\/www.reddit.com\/r\/Terraform\/comments\/tf1k59\/what_does_capacity_type_in_eks_node_group\/",
                "service_name": "reddit"
            }
        ],
        "edited": {
            "user": "BG3N7LG73",
            "ts": "1647381972.000000"
        }
    },
    {
        "type": "message",
        "subtype": "bot_message",
        "text": "<https:\/\/www.reddit.com\/r\/Terraform\/comments\/tf7po5\/what_would_be_the_right_choice\/|what would be the right choice>\nWhat does this symbol version = “~&gt; 1.0” mean when defining versions?  Ans A)- Any version more than 1.0 and less than 1.1  B)- Any version more than 1.0 and less than 2.0    submitted by   <https:\/\/www.reddit.com\/user\/This_Command7696| \/u\/This_Command7696 > \n<https:\/\/www.reddit.com\/r\/Terraform\/comments\/tf7po5\/what_would_be_the_right_choice\/|[link]>   <https:\/\/www.reddit.com\/r\/Terraform\/comments\/tf7po5\/what_would_be_the_right_choice\/|[comments]>",
        "ts": "1647399980.141649",
        "username": "Terraform",
        "icons": {
            "image_48": "https:\/\/s3-us-west-2.amazonaws.com\/slack-files2\/bot_icons\/2019-02-12\/548785199618_48.png"
        },
        "bot_id": "BG3N7LG73",
        "blocks": [
            {
                "type": "rich_text",
                "block_id": "eR1",
                "elements": [
                    {
                        "type": "rich_text_section",
                        "elements": [
                            {
                                "type": "link",
                                "url": "https:\/\/www.reddit.com\/r\/Terraform\/comments\/tf7po5\/what_would_be_the_right_choice\/",
                                "text": "what would be the right choice"
                            },
                            {
                                "type": "text",
                                "text": "\nWhat does this symbol version = “~> 1.0” mean when defining versions?  Ans A)- Any version more than 1.0 and less than 1.1  B)- Any version more than 1.0 and less than 2.0    submitted by   "
                            },
                            {
                                "type": "link",
                                "url": "https:\/\/www.reddit.com\/user\/This_Command7696",
                                "text": "\/u\/This_Command7696"
                            },
                            {
                                "type": "text",
                                "text": " \n"
                            },
                            {
                                "type": "link",
                                "url": "https:\/\/www.reddit.com\/r\/Terraform\/comments\/tf7po5\/what_would_be_the_right_choice\/",
                                "text": "[link]"
                            },
                            {
                                "type": "text",
                                "text": "   "
                            },
                            {
                                "type": "link",
                                "url": "https:\/\/www.reddit.com\/r\/Terraform\/comments\/tf7po5\/what_would_be_the_right_choice\/",
                                "text": "[comments]"
                            }
                        ]
                    }
                ]
            }
        ],
        "attachments": [
            {
                "from_url": "https:\/\/www.reddit.com\/r\/Terraform\/comments\/tf7po5\/what_would_be_the_right_choice\/",
                "thumb_url": "https:\/\/www.redditstatic.com\/new-icon.png",
                "thumb_width": 256,
                "thumb_height": 256,
                "service_icon": "http:\/\/www.redditstatic.com\/desktop2x\/img\/favicon\/apple-icon-57x57.png",
                "id": 1,
                "original_url": "https:\/\/www.reddit.com\/r\/Terraform\/comments\/tf7po5\/what_would_be_the_right_choice\/",
                "fallback": "reddit: what would be the right choice",
                "text": "**What does this symbol version = “\\~&gt; 1.0” mean when defining versions?** **Ans** A)- **Any version more than 1.0 and less than 1.1** B)-...",
                "title": "what would be the right choice",
                "title_link": "https:\/\/www.reddit.com\/r\/Terraform\/comments\/tf7po5\/what_would_be_the_right_choice\/",
                "service_name": "reddit"
            },
            {
                "from_url": "https:\/\/www.reddit.com\/user\/This_Command7696",
                "service_icon": "http:\/\/www.redditstatic.com\/desktop2x\/img\/favicon\/apple-icon-57x57.png",
                "id": 2,
                "original_url": "https:\/\/www.reddit.com\/user\/This_Command7696",
                "fallback": "overview for This_Command7696",
                "text": "The u\/This_Command7696 community on Reddit. Reddit gives you the best of the internet in one place.",
                "title": "overview for This_Command7696",
                "title_link": "https:\/\/www.reddit.com\/user\/This_Command7696",
                "service_name": "reddit.com"
            }
        ],
        "edited": {
            "user": "BG3N7LG73",
            "ts": "1647399980.000000"
        }
    },
    {
        "type": "message",
        "subtype": "bot_message",
        "text": "<https:\/\/www.reddit.com\/r\/Terraform\/comments\/tf82kh\/how_to_import_aws_vpn_connection_route_and_aws\/|How to import \"aws_vpn_connection_route\" and \"aws_vpn_gateway_route_propagation\" ?>\nHi there, i would like import \"aws_vpn_connection_route\" , aws_vpn_gateway_route_propagation but I didn't find the import command from terraform documentation, Could you please tell me how to import these resources? Thanks in advance    submitted by   <https:\/\/www.reddit.com\/user\/WeirdLeopard4371| \/u\/WeirdLeopard4371 > \n<https:\/\/www.reddit.com\/r\/Terraform\/comments\/tf82kh\/how_to_import_aws_vpn_connection_route_and_aws\/|[link]>   &lt;a...",
        "ts": "1647401169.236189",
        "username": "Terraform",
        "icons": {
            "image_48": "https:\/\/s3-us-west-2.amazonaws.com\/slack-files2\/bot_icons\/2019-02-12\/548785199618_48.png"
        },
        "bot_id": "BG3N7LG73",
        "blocks": [
            {
                "type": "rich_text",
                "block_id": "DrRS",
                "elements": [
                    {
                        "type": "rich_text_section",
                        "elements": [
                            {
                                "type": "link",
                                "url": "https:\/\/www.reddit.com\/r\/Terraform\/comments\/tf82kh\/how_to_import_aws_vpn_connection_route_and_aws\/",
                                "text": "How to import \"aws_vpn_connection_route\" and \"aws_vpn_gateway_route_propagation\" ?"
                            },
                            {
                                "type": "text",
                                "text": "\nHi there, i would like import \"aws_vpn_connection_route\" , aws_vpn_gateway_route_propagation but I didn't find the import command from terraform documentation, Could you please tell me how to import these resources? Thanks in advance    submitted by   "
                            },
                            {
                                "type": "link",
                                "url": "https:\/\/www.reddit.com\/user\/WeirdLeopard4371",
                                "text": "\/u\/WeirdLeopard4371"
                            },
                            {
                                "type": "text",
                                "text": " \n"
                            },
                            {
                                "type": "link",
                                "url": "https:\/\/www.reddit.com\/r\/Terraform\/comments\/tf82kh\/how_to_import_aws_vpn_connection_route_and_aws\/",
                                "text": "[link]"
                            },
                            {
                                "type": "text",
                                "text": "   <a..."
                            }
                        ]
                    }
                ]
            }
        ],
        "attachments": [
            {
                "from_url": "https:\/\/www.reddit.com\/r\/Terraform\/comments\/tf82kh\/how_to_import_aws_vpn_connection_route_and_aws\/",
                "thumb_url": "https:\/\/www.redditstatic.com\/new-icon.png",
                "thumb_width": 256,
                "thumb_height": 256,
                "service_icon": "http:\/\/www.redditstatic.com\/desktop2x\/img\/favicon\/apple-icon-57x57.png",
                "id": 1,
                "original_url": "https:\/\/www.reddit.com\/r\/Terraform\/comments\/tf82kh\/how_to_import_aws_vpn_connection_route_and_aws\/",
                "fallback": "reddit: How to import \"aws_vpn_connection_route\" and \"aws_vpn_gateway_route_propagation\" ?",
                "text": "Hi there, i would like import `\"aws_vpn_connection_route\" , aws_vpn_gateway_route_propagation` but I didn't find the import command from terraform...",
                "title": "How to import \"aws_vpn_connection_route\" and \"aws_vpn_gateway_route_propagation\" ?",
                "title_link": "https:\/\/www.reddit.com\/r\/Terraform\/comments\/tf82kh\/how_to_import_aws_vpn_connection_route_and_aws\/",
                "service_name": "reddit"
            },
            {
                "from_url": "https:\/\/www.reddit.com\/user\/WeirdLeopard4371",
                "service_icon": "http:\/\/www.redditstatic.com\/desktop2x\/img\/favicon\/apple-icon-57x57.png",
                "id": 2,
                "original_url": "https:\/\/www.reddit.com\/user\/WeirdLeopard4371",
                "fallback": "overview for WeirdLeopard4371",
                "text": "The u\/WeirdLeopard4371 community on Reddit. Reddit gives you the best of the internet in one place.",
                "title": "overview for WeirdLeopard4371",
                "title_link": "https:\/\/www.reddit.com\/user\/WeirdLeopard4371",
                "service_name": "reddit.com"
            }
        ],
        "edited": {
            "user": "BG3N7LG73",
            "ts": "1647401169.000000"
        }
    }
]