[
    {
        "client_msg_id": "36fb321b-4f24-4bd7-9ee0-d0d88361e240",
        "type": "message",
        "text": "GCP上のサービスをTerraformで構築する際の秘密鍵の管理はどうしていますか？\n現状特定のGoogleアカウント上にあるCloud Shellでの利用を検討していて、鍵情報どうするかってなっています。\n通常はやはりKMSとかと組み合わせて行うのでしょうか。この辺りのベストプラクティスに近いものございましたらご教示いただきたいです。。。",
        "user": "UNY628KQB",
        "ts": "1571300173.001700",
        "team": "TFU0BKCQP",
        "user_team": "TFU0BKCQP",
        "source_team": "TFU0BKCQP",
        "user_profile": {
            "avatar_hash": "gc628be18e50",
            "image_72": "https:\/\/secure.gravatar.com\/avatar\/c628be18e5021f790482c1e12b6373bd.jpg?s=72&d=https%3A%2F%2Fa.slack-edge.com%2Fdf10d%2Fimg%2Favatars%2Fava_0011-72.png",
            "first_name": "",
            "real_name": "炒瓜(無料)",
            "display_name": "炒瓜(無料)",
            "team": "TFU0BKCQP",
            "name": "yoshiki_tada",
            "is_restricted": false,
            "is_ultra_restricted": false
        },
        "edited": {
            "user": "UNY628KQB",
            "ts": "1571300228.000000"
        },
        "thread_ts": "1571300173.001700",
        "reply_count": 1,
        "reply_users_count": 1,
        "latest_reply": "1571304559.002000",
        "reply_users": [
            "UFU0BKD8F"
        ],
        "replies": [
            {
                "user": "UFU0BKD8F",
                "ts": "1571304559.002000"
            }
        ],
        "subscribed": true,
        "last_read": "1571304559.002000"
    },
    {
        "type": "message",
        "subtype": "thread_broadcast",
        "text": "@here GCP 最近触ってないし Cloud Shell も使ってないので知見がないです。ぶっちゃけ鍵管理って話なら共有方法とかローテの話ってことになるんだろうけど。。。",
        "user": "UFU0BKD8F",
        "ts": "1571304559.002000",
        "thread_ts": "1571300173.001700",
        "root": {
            "client_msg_id": "36fb321b-4f24-4bd7-9ee0-d0d88361e240",
            "type": "message",
            "text": "GCP上のサービスをTerraformで構築する際の秘密鍵の管理はどうしていますか？\n現状特定のGoogleアカウント上にあるCloud Shellでの利用を検討していて、鍵情報どうするかってなっています。\n通常はやはりKMSとかと組み合わせて行うのでしょうか。この辺りのベストプラクティスに近いものございましたらご教示いただきたいです。。。",
            "user": "UNY628KQB",
            "ts": "1571300173.001700",
            "team": "TFU0BKCQP",
            "edited": {
                "user": "UNY628KQB",
                "ts": "1571300228.000000"
            },
            "thread_ts": "1571300173.001700",
            "reply_count": 1,
            "reply_users_count": 1,
            "latest_reply": "1571304559.002000",
            "reply_users": [
                "UFU0BKD8F"
            ],
            "replies": [
                {
                    "user": "UFU0BKD8F",
                    "ts": "1571304559.002000"
                }
            ],
            "subscribed": true,
            "last_read": "1571304559.002000"
        },
        "client_msg_id": "ced6b4c3-b241-470a-84bc-2b4370777b73"
    }
]