[
    {
        "client_msg_id": "380755c7-deab-4167-92ff-cdb8dcf0f11c",
        "type": "message",
        "text": "最近 Terraform Cloud で AWS のリソースを管理し始めて、 terraform import の挙動でよくわからないところがあったので質問させてください。\n```\nprovider \"aws\" {\n  region     = \"ap-northeast-1\"\n  version    = \"= 2.20.0\"\n  access_key = var.aws_access_key\n  secret_key = var.aws_secret_key\n}\n\nvariable \"aws_access_key\" {}\nvariable \"aws_secret_key\" {}\n```\n\n```\nterraform {\n  backend \"remote\" {\n    organization = \"Xxx\"\n    workspaces {\n      name = \"Xxx\"\n    }\n  }\n}\n```\nというように provider と backend を定義していて、github にコードを置いて連携しています。\nAWS のクレデンシャルは TFC の Terraform variables で管理していて、 github の PR の作成やマージに対応した plan とか apply は問題なく走る状態です。\nこの状態でローカルの PC で `terraform import` を実行すると、\n```\nError: error validating provider credentials: error calling sts:GetCallerIdentity: SignatureDoesNotMatch: The request signature we calculated does not match the signature you provided. Check your AWS Secret Access Key and signing method. Consult the service documentation for details.\n\tstatus code: 403, request id: Xxxx-Xxxx-Xxxx\n```\nというようなエラーになってしまうのですが `terraform import` した際の AWS の認証情報はどこに設定した情報が使われるのでしょうか？ご存知の方がいらっしゃいましたら教えていただきたいです。",
        "user": "UM1G01HSL",
        "ts": "1570348680.014900",
        "team": "TFU0BKCQP",
        "user_team": "TFU0BKCQP",
        "source_team": "TFU0BKCQP",
        "user_profile": {
            "avatar_hash": "geb079404a21",
            "image_72": "https:\/\/secure.gravatar.com\/avatar\/3eb079404a2154eb31b041c397c6ada9.jpg?s=72&d=https%3A%2F%2Fa.slack-edge.com%2Fdf10d%2Fimg%2Favatars%2Fava_0010-72.png",
            "first_name": "",
            "real_name": "furuhama",
            "display_name": "furuhama",
            "team": "TFU0BKCQP",
            "name": "yuuuuusuke0210",
            "is_restricted": false,
            "is_ultra_restricted": false
        }
    },
    {
        "client_msg_id": "e5faf445-8ffe-4000-99d9-715dc72d9cc4",
        "type": "message",
        "text": "ローカルのPCで `terraform import` を実行するのであれば、credentialはローカルのPCに設定する必要がありますー",
        "user": "UKAKENQAF",
        "ts": "1570348798.015800",
        "team": "TFU0BKCQP",
        "user_team": "TFU0BKCQP",
        "source_team": "TFU0BKCQP",
        "user_profile": {
            "avatar_hash": "g3c6c9b43cb5",
            "image_72": "https:\/\/secure.gravatar.com\/avatar\/f3c6c9b43cb5ff355b8faaac3e662292.jpg?s=72&d=https%3A%2F%2Fa.slack-edge.com%2Fdf10d%2Fimg%2Favatars%2Fava_0020-72.png",
            "first_name": "",
            "real_name": "kterada0509",
            "display_name": "kterada0509",
            "team": "TFU0BKCQP",
            "name": "kterada.0509sg",
            "is_restricted": false,
            "is_ultra_restricted": false
        },
        "reactions": [
            {
                "name": "eyes",
                "users": [
                    "UM1G01HSL"
                ],
                "count": 1
            }
        ]
    },
    {
        "client_msg_id": "ee751b8f-c51f-4c39-8a05-0e2d91032398",
        "type": "message",
        "text": "なるほど、ありがとうございます\nその場合、上に書いた既存の tf ファイルに合わせる形だと例えば `terraform.tfvars` を用意してそこで\n```\naws_access_key = \"Xxxx\"\naws_secret_key = \"Xxxx\"\n```\nと定義してあげるといけるのかなと思ったんですが、エラー内容変わらず、、、 :sob:",
        "user": "UM1G01HSL",
        "ts": "1570349852.017700",
        "team": "TFU0BKCQP",
        "user_team": "TFU0BKCQP",
        "source_team": "TFU0BKCQP",
        "user_profile": {
            "avatar_hash": "geb079404a21",
            "image_72": "https:\/\/secure.gravatar.com\/avatar\/3eb079404a2154eb31b041c397c6ada9.jpg?s=72&d=https%3A%2F%2Fa.slack-edge.com%2Fdf10d%2Fimg%2Favatars%2Fava_0010-72.png",
            "first_name": "",
            "real_name": "furuhama",
            "display_name": "furuhama",
            "team": "TFU0BKCQP",
            "name": "yuuuuusuke0210",
            "is_restricted": false,
            "is_ultra_restricted": false
        }
    },
    {
        "client_msg_id": "7ca9a3ac-0867-41c9-9cad-e706c750cf10",
        "type": "message",
        "text": "importの引数で `-var-file=terraform.tfvars` してあげるとどうでしょ。",
        "user": "UG46Z57TN",
        "ts": "1570349929.018700",
        "team": "TFU0BKCQP",
        "user_team": "TFU0BKCQP",
        "source_team": "TFU0BKCQP",
        "user_profile": {
            "avatar_hash": "c6bdd4cb17db",
            "image_72": "https:\/\/avatars.slack-edge.com\/2019-07-05\/685991185957_c6bdd4cb17db956661a1_72.jpg",
            "first_name": "Takeshi",
            "real_name": "Takeshi Kondo",
            "display_name": "chaspy",
            "team": "TFU0BKCQP",
            "name": "take.she12",
            "is_restricted": false,
            "is_ultra_restricted": false
        },
        "reactions": [
            {
                "name": "eyes",
                "users": [
                    "UM1G01HSL"
                ],
                "count": 1
            }
        ]
    },
    {
        "client_msg_id": "ef00ea6c-9f84-43ec-afb4-950c4533fabf",
        "type": "message",
        "text": "だめでした…",
        "user": "UM1G01HSL",
        "ts": "1570350207.020100",
        "team": "TFU0BKCQP",
        "user_team": "TFU0BKCQP",
        "source_team": "TFU0BKCQP",
        "user_profile": {
            "avatar_hash": "geb079404a21",
            "image_72": "https:\/\/secure.gravatar.com\/avatar\/3eb079404a2154eb31b041c397c6ada9.jpg?s=72&d=https%3A%2F%2Fa.slack-edge.com%2Fdf10d%2Fimg%2Favatars%2Fava_0010-72.png",
            "first_name": "",
            "real_name": "furuhama",
            "display_name": "furuhama",
            "team": "TFU0BKCQP",
            "name": "yuuuuusuke0210",
            "is_restricted": false,
            "is_ultra_restricted": false
        },
        "reactions": [
            {
                "name": "thinking_face",
                "users": [
                    "UG46Z57TN"
                ],
                "count": 1
            }
        ]
    },
    {
        "client_msg_id": "2b863ad2-315a-45cf-a0ae-83a86a64525c",
        "type": "message",
        "text": "適当なファイルにこれかいてsourceするか直接打つ\n\n```\nexport AWS_ACCESS_KEY_ID=\"secretsecret\"\nexport AWS_SECRET_ACCESS_KEY=\"secretsecret\"\n```",
        "user": "UG46Z57TN",
        "ts": "1570350308.022000",
        "team": "TFU0BKCQP",
        "user_team": "TFU0BKCQP",
        "source_team": "TFU0BKCQP",
        "user_profile": {
            "avatar_hash": "c6bdd4cb17db",
            "image_72": "https:\/\/avatars.slack-edge.com\/2019-07-05\/685991185957_c6bdd4cb17db956661a1_72.jpg",
            "first_name": "Takeshi",
            "real_name": "Takeshi Kondo",
            "display_name": "chaspy",
            "team": "TFU0BKCQP",
            "name": "take.she12",
            "is_restricted": false,
            "is_ultra_restricted": false
        }
    },
    {
        "client_msg_id": "7b744ca0-c9a0-4e38-a43f-d5a9f1cafb21",
        "type": "message",
        "text": "ref: <https:\/\/www.terraform.io\/docs\/providers\/aws\/index.html#environment-variables>",
        "user": "UG46Z57TN",
        "ts": "1570350363.022300",
        "team": "TFU0BKCQP",
        "user_team": "TFU0BKCQP",
        "source_team": "TFU0BKCQP",
        "user_profile": {
            "avatar_hash": "c6bdd4cb17db",
            "image_72": "https:\/\/avatars.slack-edge.com\/2019-07-05\/685991185957_c6bdd4cb17db956661a1_72.jpg",
            "first_name": "Takeshi",
            "real_name": "Takeshi Kondo",
            "display_name": "chaspy",
            "team": "TFU0BKCQP",
            "name": "take.she12",
            "is_restricted": false,
            "is_ultra_restricted": false
        },
        "attachments": [
            {
                "service_name": "Terraform by HashiCorp",
                "title": "Provider: AWS - Terraform by HashiCorp",
                "title_link": "https:\/\/www.terraform.io\/docs\/providers\/aws\/index.html#environment-variables",
                "text": "The Amazon Web Services (AWS) provider is used to interact with the many resources supported by AWS. The provider needs to be configured with the proper credentials before it can be used.",
                "fallback": "Terraform by HashiCorp: Provider: AWS - Terraform by HashiCorp",
                "thumb_url": "https:\/\/www.terraform.io\/assets\/images\/og-image-8b3e4f7d.png",
                "from_url": "https:\/\/www.terraform.io\/docs\/providers\/aws\/index.html#environment-variables",
                "thumb_width": 712,
                "thumb_height": 712,
                "service_icon": "https:\/\/www.terraform.io\/assets\/images\/favicons\/apple-touch-icon-13180a24.png",
                "id": 1,
                "original_url": "https:\/\/www.terraform.io\/docs\/providers\/aws\/index.html#environment-variables"
            }
        ]
    },
    {
        "client_msg_id": "a5a6d206-5a17-4ce0-829c-17ace8cfe348",
        "type": "message",
        "text": "それもさっき試してみたんですがダメそうでした、、",
        "user": "UM1G01HSL",
        "ts": "1570350513.023500",
        "team": "TFU0BKCQP",
        "user_team": "TFU0BKCQP",
        "source_team": "TFU0BKCQP",
        "user_profile": {
            "avatar_hash": "geb079404a21",
            "image_72": "https:\/\/secure.gravatar.com\/avatar\/3eb079404a2154eb31b041c397c6ada9.jpg?s=72&d=https%3A%2F%2Fa.slack-edge.com%2Fdf10d%2Fimg%2Favatars%2Fava_0010-72.png",
            "first_name": "",
            "real_name": "furuhama",
            "display_name": "furuhama",
            "team": "TFU0BKCQP",
            "name": "yuuuuusuke0210",
            "is_restricted": false,
            "is_ultra_restricted": false
        }
    },
    {
        "client_msg_id": "70beaac9-6604-427b-b6b9-bb907f9ed2db",
        "type": "message",
        "text": "例えば `awscli` を用いた `aws iam list-users` とかは動いていて、その状態で `~\/.aws\/credentials` にあるのと同じ access_key と secret_key のペアを `terraform.tfvars` や環境変数に設定してみているつもりではあるんですが、謎ですね、、、",
        "user": "UM1G01HSL",
        "ts": "1570350518.023800",
        "team": "TFU0BKCQP",
        "user_team": "TFU0BKCQP",
        "source_team": "TFU0BKCQP",
        "user_profile": {
            "avatar_hash": "geb079404a21",
            "image_72": "https:\/\/secure.gravatar.com\/avatar\/3eb079404a2154eb31b041c397c6ada9.jpg?s=72&d=https%3A%2F%2Fa.slack-edge.com%2Fdf10d%2Fimg%2Favatars%2Fava_0010-72.png",
            "first_name": "",
            "real_name": "furuhama",
            "display_name": "furuhama",
            "team": "TFU0BKCQP",
            "name": "yuuuuusuke0210",
            "is_restricted": false,
            "is_ultra_restricted": false
        }
    },
    {
        "client_msg_id": "567b719b-24fc-4afe-88f9-61653232e40f",
        "type": "message",
        "text": "環境変数にいろんなcredentialが混在してるとか？\n```\nprintenv | grep AWS_\n```",
        "user": "UKAKENQAF",
        "ts": "1570351384.026300",
        "team": "TFU0BKCQP",
        "user_team": "TFU0BKCQP",
        "source_team": "TFU0BKCQP",
        "user_profile": {
            "avatar_hash": "g3c6c9b43cb5",
            "image_72": "https:\/\/secure.gravatar.com\/avatar\/f3c6c9b43cb5ff355b8faaac3e662292.jpg?s=72&d=https%3A%2F%2Fa.slack-edge.com%2Fdf10d%2Fimg%2Favatars%2Fava_0020-72.png",
            "first_name": "",
            "real_name": "kterada0509",
            "display_name": "kterada0509",
            "team": "TFU0BKCQP",
            "name": "kterada.0509sg",
            "is_restricted": false,
            "is_ultra_restricted": false
        }
    },
    {
        "client_msg_id": "121caee3-94fc-4889-9961-fef7c62c6a47",
        "type": "message",
        "text": "今見たんですが設定したものだけでした、\nそして\n```\nprovider \"aws\" {\n  region     = \"ap-northeast-1\"\n  version    = \"= 2.20.0\"\n  access_key = \"Xxxx\"\n  secret_key = \"Xxxx\"\n}\n```\nというように直書きすると動きました… vars の渡し方が悪かったんですかね…",
        "user": "UM1G01HSL",
        "ts": "1570351934.028000",
        "team": "TFU0BKCQP",
        "user_team": "TFU0BKCQP",
        "source_team": "TFU0BKCQP",
        "user_profile": {
            "avatar_hash": "geb079404a21",
            "image_72": "https:\/\/secure.gravatar.com\/avatar\/3eb079404a2154eb31b041c397c6ada9.jpg?s=72&d=https%3A%2F%2Fa.slack-edge.com%2Fdf10d%2Fimg%2Favatars%2Fava_0010-72.png",
            "first_name": "",
            "real_name": "furuhama",
            "display_name": "furuhama",
            "team": "TFU0BKCQP",
            "name": "yuuuuusuke0210",
            "is_restricted": false,
            "is_ultra_restricted": false
        },
        "edited": {
            "user": "UM1G01HSL",
            "ts": "1570352077.000000"
        }
    },
    {
        "client_msg_id": "bd731500-39fb-492d-af2c-df834de91e34",
        "type": "message",
        "text": "値によっては、vars渡せないこともあった気が。。。\nその辺りを精査する前にリクエスト走ったりするので。。。:thinking_face:",
        "user": "UKAKENQAF",
        "ts": "1570352862.029800",
        "team": "TFU0BKCQP",
        "user_team": "TFU0BKCQP",
        "source_team": "TFU0BKCQP",
        "user_profile": {
            "avatar_hash": "g3c6c9b43cb5",
            "image_72": "https:\/\/secure.gravatar.com\/avatar\/f3c6c9b43cb5ff355b8faaac3e662292.jpg?s=72&d=https%3A%2F%2Fa.slack-edge.com%2Fdf10d%2Fimg%2Favatars%2Fava_0020-72.png",
            "first_name": "",
            "real_name": "kterada0509",
            "display_name": "kterada0509",
            "team": "TFU0BKCQP",
            "name": "kterada.0509sg",
            "is_restricted": false,
            "is_ultra_restricted": false
        },
        "reactions": [
            {
                "name": "sob",
                "users": [
                    "UM1G01HSL"
                ],
                "count": 1
            }
        ]
    },
    {
        "client_msg_id": "b392dced-575f-48b0-be22-bb0325b21437",
        "type": "message",
        "text": "リモートとローカル両方で terraform コマンド実行する場合は vars ではなく環境変数から認証情報取得するほうが良さそうなので、その方向に修正しようと思います！\nお答えいただいた kterada0509 さん、 chaspy さんありがとうございました :man-bowing:",
        "user": "UM1G01HSL",
        "ts": "1570353373.032200",
        "team": "TFU0BKCQP",
        "user_team": "TFU0BKCQP",
        "source_team": "TFU0BKCQP",
        "user_profile": {
            "avatar_hash": "geb079404a21",
            "image_72": "https:\/\/secure.gravatar.com\/avatar\/3eb079404a2154eb31b041c397c6ada9.jpg?s=72&d=https%3A%2F%2Fa.slack-edge.com%2Fdf10d%2Fimg%2Favatars%2Fava_0010-72.png",
            "first_name": "",
            "real_name": "furuhama",
            "display_name": "furuhama",
            "team": "TFU0BKCQP",
            "name": "yuuuuusuke0210",
            "is_restricted": false,
            "is_ultra_restricted": false
        },
        "reactions": [
            {
                "name": "+1",
                "users": [
                    "UG46Z57TN",
                    "UKAKENQAF"
                ],
                "count": 2
            }
        ]
    },
    {
        "client_msg_id": "b0257835-b36c-4e99-8065-9cb619e3368d",
        "type": "message",
        "text": "１ヶ月くらい前の話ですが、↓のような感じで、要はダブルクオートでくくってなかった、というのが問題でした\n```\nxxx_key   = \"3GHqHJ\/znxLa3zZqQA+A7M842CZ7mLFSO\"\n```",
        "user": "UFT60TQCQ",
        "ts": "1570360220.033000",
        "team": "TFU0BKCQP",
        "user_team": "TFU0BKCQP",
        "source_team": "TFU0BKCQP",
        "user_profile": {
            "avatar_hash": "f10ceef4e6f6",
            "image_72": "https:\/\/avatars.slack-edge.com\/2019-01-31\/539093872183_f10ceef4e6f603f1f094_72.jpg",
            "first_name": "sogaoh",
            "real_name": "sogaoh",
            "display_name": "",
            "team": "TFU0BKCQP",
            "name": "sogaoh",
            "is_restricted": false,
            "is_ultra_restricted": false
        },
        "thread_ts": "1567918252.017100",
        "parent_user_id": "UFT60TQCQ"
    },
    {
        "client_msg_id": "51f0e1e2-239d-48a3-98b6-f3586c2b8671",
        "type": "message",
        "text": "恥ずかしながら、 terraform init で `Error: Failed to get existing workspaces: AccessDenied: Access Denied` のエラーとなってしまっており、打開策を探しているのですが助言ありますでしょうか。",
        "user": "UFT60TQCQ",
        "ts": "1570365535.034000",
        "team": "TFU0BKCQP",
        "user_team": "TFU0BKCQP",
        "source_team": "TFU0BKCQP",
        "user_profile": {
            "avatar_hash": "f10ceef4e6f6",
            "image_72": "https:\/\/avatars.slack-edge.com\/2019-01-31\/539093872183_f10ceef4e6f603f1f094_72.jpg",
            "first_name": "sogaoh",
            "real_name": "sogaoh",
            "display_name": "",
            "team": "TFU0BKCQP",
            "name": "sogaoh",
            "is_restricted": false,
            "is_ultra_restricted": false
        },
        "thread_ts": "1570365535.034000",
        "reply_count": 27,
        "reply_users_count": 3,
        "latest_reply": "1570425640.052600",
        "reply_users": [
            "UFT60TQCQ",
            "UG46Z57TN",
            "UFU0BKD8F"
        ],
        "replies": [
            {
                "user": "UFT60TQCQ",
                "ts": "1570365635.035400"
            },
            {
                "user": "UG46Z57TN",
                "ts": "1570365652.035800"
            },
            {
                "user": "UG46Z57TN",
                "ts": "1570365676.036500"
            },
            {
                "user": "UFT60TQCQ",
                "ts": "1570365682.036700"
            },
            {
                "user": "UG46Z57TN",
                "ts": "1570365690.037100"
            },
            {
                "user": "UG46Z57TN",
                "ts": "1570365722.038000"
            },
            {
                "user": "UFT60TQCQ",
                "ts": "1570365788.038200"
            },
            {
                "user": "UG46Z57TN",
                "ts": "1570365828.038700"
            },
            {
                "user": "UFT60TQCQ",
                "ts": "1570365849.038900"
            },
            {
                "user": "UFU0BKD8F",
                "ts": "1570365908.039100"
            },
            {
                "user": "UFU0BKD8F",
                "ts": "1570365926.039500"
            },
            {
                "user": "UG46Z57TN",
                "ts": "1570365935.040000"
            },
            {
                "user": "UFU0BKD8F",
                "ts": "1570366142.040200"
            },
            {
                "user": "UG46Z57TN",
                "ts": "1570366195.040800"
            },
            {
                "user": "UFT60TQCQ",
                "ts": "1570366388.042100"
            },
            {
                "user": "UFT60TQCQ",
                "ts": "1570366450.042700"
            },
            {
                "user": "UFT60TQCQ",
                "ts": "1570366640.044800"
            },
            {
                "user": "UG46Z57TN",
                "ts": "1570366726.046200"
            },
            {
                "user": "UFT60TQCQ",
                "ts": "1570366773.047100"
            },
            {
                "user": "UFT60TQCQ",
                "ts": "1570368369.047900"
            },
            {
                "user": "UFT60TQCQ",
                "ts": "1570369024.048100"
            },
            {
                "user": "UFT60TQCQ",
                "ts": "1570369050.048300"
            },
            {
                "user": "UFT60TQCQ",
                "ts": "1570369109.048700"
            },
            {
                "user": "UFT60TQCQ",
                "ts": "1570369209.049100"
            },
            {
                "user": "UG46Z57TN",
                "ts": "1570369385.051900"
            },
            {
                "user": "UFT60TQCQ",
                "ts": "1570372856.052100"
            },
            {
                "user": "UFU0BKD8F",
                "ts": "1570425640.052600"
            }
        ],
        "subscribed": true,
        "last_read": "1570425640.052600"
    },
    {
        "client_msg_id": "b917bed2-1c96-4273-b13f-e87e24413f75",
        "type": "message",
        "text": "S3 バケットの作り方に注意点があるのでしょうか。。",
        "user": "UFT60TQCQ",
        "ts": "1570365594.034700",
        "team": "TFU0BKCQP",
        "user_team": "TFU0BKCQP",
        "source_team": "TFU0BKCQP",
        "user_profile": {
            "avatar_hash": "f10ceef4e6f6",
            "image_72": "https:\/\/avatars.slack-edge.com\/2019-01-31\/539093872183_f10ceef4e6f603f1f094_72.jpg",
            "first_name": "sogaoh",
            "real_name": "sogaoh",
            "display_name": "",
            "team": "TFU0BKCQP",
            "name": "sogaoh",
            "is_restricted": false,
            "is_ultra_restricted": false
        }
    },
    {
        "client_msg_id": "2219864e-229f-4fc1-9382-ae7badf0c7ee",
        "type": "message",
        "text": "↓のあたりは見てはいるのですが…\n<https:\/\/www.terraform.io\/docs\/backends\/config.html#partial-configuration>\n<https:\/\/www.terraform.io\/docs\/backends\/init.html>",
        "user": "UFT60TQCQ",
        "ts": "1570365635.035400",
        "team": "TFU0BKCQP",
        "user_team": "TFU0BKCQP",
        "source_team": "TFU0BKCQP",
        "user_profile": {
            "avatar_hash": "f10ceef4e6f6",
            "image_72": "https:\/\/avatars.slack-edge.com\/2019-01-31\/539093872183_f10ceef4e6f603f1f094_72.jpg",
            "first_name": "sogaoh",
            "real_name": "sogaoh",
            "display_name": "",
            "team": "TFU0BKCQP",
            "name": "sogaoh",
            "is_restricted": false,
            "is_ultra_restricted": false
        },
        "edited": {
            "user": "UFT60TQCQ",
            "ts": "1570365707.000000"
        },
        "attachments": [
            {
                "service_name": "Terraform by HashiCorp",
                "title": "Backends: Configuration - Terraform by HashiCorp",
                "title_link": "https:\/\/www.terraform.io\/docs\/backends\/config.html#partial-configuration",
                "text": "Backends are configured directly in Terraform files in the `terraform` section.",
                "fallback": "Terraform by HashiCorp: Backends: Configuration - Terraform by HashiCorp",
                "thumb_url": "https:\/\/www.terraform.io\/assets\/images\/og-image-8b3e4f7d.png",
                "from_url": "https:\/\/www.terraform.io\/docs\/backends\/config.html#partial-configuration",
                "thumb_width": 712,
                "thumb_height": 712,
                "service_icon": "https:\/\/www.terraform.io\/assets\/images\/favicons\/apple-touch-icon-13180a24.png",
                "id": 1,
                "original_url": "https:\/\/www.terraform.io\/docs\/backends\/config.html#partial-configuration"
            }
        ],
        "thread_ts": "1570365535.034000",
        "parent_user_id": "UFT60TQCQ"
    },
    {
        "client_msg_id": "3860B779-2734-4DF3-924A-DABA80F261D4",
        "type": "message",
        "text": "そのcredentialがs3バケットに触れる権限がなさそう？",
        "user": "UG46Z57TN",
        "ts": "1570365652.035800",
        "team": "TFU0BKCQP",
        "user_team": "TFU0BKCQP",
        "source_team": "TFU0BKCQP",
        "user_profile": {
            "avatar_hash": "c6bdd4cb17db",
            "image_72": "https:\/\/avatars.slack-edge.com\/2019-07-05\/685991185957_c6bdd4cb17db956661a1_72.jpg",
            "first_name": "Takeshi",
            "real_name": "Takeshi Kondo",
            "display_name": "chaspy",
            "team": "TFU0BKCQP",
            "name": "take.she12",
            "is_restricted": false,
            "is_ultra_restricted": false
        },
        "thread_ts": "1570365535.034000",
        "parent_user_id": "UFT60TQCQ"
    },
    {
        "client_msg_id": "69A3123B-76B2-4AB8-B816-F51D44440E07",
        "type": "message",
        "text": "使ってるcredentialのユーザの権限はなんでしょうか",
        "user": "UG46Z57TN",
        "ts": "1570365676.036500",
        "team": "TFU0BKCQP",
        "user_team": "TFU0BKCQP",
        "source_team": "TFU0BKCQP",
        "user_profile": {
            "avatar_hash": "c6bdd4cb17db",
            "image_72": "https:\/\/avatars.slack-edge.com\/2019-07-05\/685991185957_c6bdd4cb17db956661a1_72.jpg",
            "first_name": "Takeshi",
            "real_name": "Takeshi Kondo",
            "display_name": "chaspy",
            "team": "TFU0BKCQP",
            "name": "take.she12",
            "is_restricted": false,
            "is_ultra_restricted": false
        },
        "thread_ts": "1570365535.034000",
        "parent_user_id": "UFT60TQCQ"
    },
    {
        "client_msg_id": "1ea96a2e-5bf8-41bf-96a3-0d4df2cb45e2",
        "type": "message",
        "text": "S3FullAccess 付いているはずなのですが。。",
        "user": "UFT60TQCQ",
        "ts": "1570365682.036700",
        "team": "TFU0BKCQP",
        "user_team": "TFU0BKCQP",
        "source_team": "TFU0BKCQP",
        "user_profile": {
            "avatar_hash": "f10ceef4e6f6",
            "image_72": "https:\/\/avatars.slack-edge.com\/2019-01-31\/539093872183_f10ceef4e6f603f1f094_72.jpg",
            "first_name": "sogaoh",
            "real_name": "sogaoh",
            "display_name": "",
            "team": "TFU0BKCQP",
            "name": "sogaoh",
            "is_restricted": false,
            "is_ultra_restricted": false
        },
        "thread_ts": "1570365535.034000",
        "parent_user_id": "UFT60TQCQ"
    },
    {
        "client_msg_id": "F14CDF58-E187-4718-A941-0184C717893F",
        "type": "message",
        "text": "なら大丈夫そう…",
        "user": "UG46Z57TN",
        "ts": "1570365690.037100",
        "team": "TFU0BKCQP",
        "user_team": "TFU0BKCQP",
        "source_team": "TFU0BKCQP",
        "user_profile": {
            "avatar_hash": "c6bdd4cb17db",
            "image_72": "https:\/\/avatars.slack-edge.com\/2019-07-05\/685991185957_c6bdd4cb17db956661a1_72.jpg",
            "first_name": "Takeshi",
            "real_name": "Takeshi Kondo",
            "display_name": "chaspy",
            "team": "TFU0BKCQP",
            "name": "take.she12",
            "is_restricted": false,
            "is_ultra_restricted": false
        },
        "thread_ts": "1570365535.034000",
        "parent_user_id": "UFT60TQCQ"
    },
    {
        "client_msg_id": "782A0B16-23BF-4C5E-8F2B-4AB3184685F7",
        "type": "message",
        "text": "ここでいうworkspaceって、terraform workspaceのことなんだろうか",
        "user": "UG46Z57TN",
        "ts": "1570365722.038000",
        "team": "TFU0BKCQP",
        "user_team": "TFU0BKCQP",
        "source_team": "TFU0BKCQP",
        "user_profile": {
            "avatar_hash": "c6bdd4cb17db",
            "image_72": "https:\/\/avatars.slack-edge.com\/2019-07-05\/685991185957_c6bdd4cb17db956661a1_72.jpg",
            "first_name": "Takeshi",
            "real_name": "Takeshi Kondo",
            "display_name": "chaspy",
            "team": "TFU0BKCQP",
            "name": "take.she12",
            "is_restricted": false,
            "is_ultra_restricted": false
        },
        "thread_ts": "1570365535.034000",
        "parent_user_id": "UFT60TQCQ"
    },
    {
        "client_msg_id": "add9a744-894b-4fc5-a0c6-c9fc5f1c12db",
        "type": "message",
        "text": "今のところ workspace 使っていないです。。というか、 init なので workspace と言われて？？？となってます。。",
        "user": "UFT60TQCQ",
        "ts": "1570365788.038200",
        "team": "TFU0BKCQP",
        "user_team": "TFU0BKCQP",
        "source_team": "TFU0BKCQP",
        "user_profile": {
            "avatar_hash": "f10ceef4e6f6",
            "image_72": "https:\/\/avatars.slack-edge.com\/2019-01-31\/539093872183_f10ceef4e6f603f1f094_72.jpg",
            "first_name": "sogaoh",
            "real_name": "sogaoh",
            "display_name": "",
            "team": "TFU0BKCQP",
            "name": "sogaoh",
            "is_restricted": false,
            "is_ultra_restricted": false
        },
        "thread_ts": "1570365535.034000",
        "parent_user_id": "UFT60TQCQ"
    },
    {
        "client_msg_id": "4B0DC803-F011-4B1F-8E34-067DF12D1B33",
        "type": "message",
        "text": "ですよね、同じこと思いました。",
        "user": "UG46Z57TN",
        "ts": "1570365828.038700",
        "team": "TFU0BKCQP",
        "user_team": "TFU0BKCQP",
        "source_team": "TFU0BKCQP",
        "user_profile": {
            "avatar_hash": "c6bdd4cb17db",
            "image_72": "https:\/\/avatars.slack-edge.com\/2019-07-05\/685991185957_c6bdd4cb17db956661a1_72.jpg",
            "first_name": "Takeshi",
            "real_name": "Takeshi Kondo",
            "display_name": "chaspy",
            "team": "TFU0BKCQP",
            "name": "take.she12",
            "is_restricted": false,
            "is_ultra_restricted": false
        },
        "thread_ts": "1570365535.034000",
        "parent_user_id": "UFT60TQCQ"
    },
    {
        "client_msg_id": "3c099e82-510d-47a4-8f4d-14275edaa0e8",
        "type": "message",
        "text": ".terraform ディレクトリを削除してやり直してみても、同じことを言われてコケます。。",
        "user": "UFT60TQCQ",
        "ts": "1570365849.038900",
        "team": "TFU0BKCQP",
        "user_team": "TFU0BKCQP",
        "source_team": "TFU0BKCQP",
        "user_profile": {
            "avatar_hash": "f10ceef4e6f6",
            "image_72": "https:\/\/avatars.slack-edge.com\/2019-01-31\/539093872183_f10ceef4e6f603f1f094_72.jpg",
            "first_name": "sogaoh",
            "real_name": "sogaoh",
            "display_name": "",
            "team": "TFU0BKCQP",
            "name": "sogaoh",
            "is_restricted": false,
            "is_ultra_restricted": false
        },
        "thread_ts": "1570365535.034000",
        "parent_user_id": "UFT60TQCQ"
    },
    {
        "client_msg_id": "cb906c38-88d7-4721-ad15-17b439e08e23",
        "type": "message",
        "text": "init の時も普通にwsいると思うけど。。。使ってないのなら大丈夫かしら。\n 実行時ディレクトリの .terraform を一度削除してやり直してみてもダメかは興味あります",
        "user": "UFU0BKD8F",
        "ts": "1570365908.039100",
        "team": "TFU0BKCQP",
        "user_team": "TFU0BKCQP",
        "source_team": "TFU0BKCQP",
        "user_profile": {
            "avatar_hash": "92c41c62c7b0",
            "image_72": "https:\/\/avatars.slack-edge.com\/2019-01-30\/537137791812_92c41c62c7b0f054d3dd_72.jpg",
            "first_name": "らき",
            "real_name": "らき",
            "display_name": "raki",
            "team": "TFU0BKCQP",
            "name": "nishimuray",
            "is_restricted": false,
            "is_ultra_restricted": false
        },
        "thread_ts": "1570365535.034000",
        "parent_user_id": "UFT60TQCQ"
    },
    {
        "client_msg_id": "e5faaf5e-359b-4eee-9607-48dfe812e4ba",
        "type": "message",
        "text": "おうふ。",
        "user": "UFU0BKD8F",
        "ts": "1570365926.039500",
        "team": "TFU0BKCQP",
        "user_team": "TFU0BKCQP",
        "source_team": "TFU0BKCQP",
        "user_profile": {
            "avatar_hash": "92c41c62c7b0",
            "image_72": "https:\/\/avatars.slack-edge.com\/2019-01-30\/537137791812_92c41c62c7b0f054d3dd_72.jpg",
            "first_name": "らき",
            "real_name": "らき",
            "display_name": "raki",
            "team": "TFU0BKCQP",
            "name": "nishimuray",
            "is_restricted": false,
            "is_ultra_restricted": false
        },
        "thread_ts": "1570365535.034000",
        "parent_user_id": "UFT60TQCQ"
    },
    {
        "client_msg_id": "9AF8A609-4DF7-40A1-BE5A-04100BA438A7",
        "type": "message",
        "text": "providerまわりのコードをはってみては",
        "user": "UG46Z57TN",
        "ts": "1570365935.040000",
        "team": "TFU0BKCQP",
        "user_team": "TFU0BKCQP",
        "source_team": "TFU0BKCQP",
        "user_profile": {
            "avatar_hash": "c6bdd4cb17db",
            "image_72": "https:\/\/avatars.slack-edge.com\/2019-07-05\/685991185957_c6bdd4cb17db956661a1_72.jpg",
            "first_name": "Takeshi",
            "real_name": "Takeshi Kondo",
            "display_name": "chaspy",
            "team": "TFU0BKCQP",
            "name": "take.she12",
            "is_restricted": false,
            "is_ultra_restricted": false
        },
        "thread_ts": "1570365535.034000",
        "parent_user_id": "UFT60TQCQ"
    },
    {
        "client_msg_id": "082c1a2d-1b38-4452-9e26-582b372a5ccf",
        "type": "message",
        "text": "aws s3 ls でbackendのs3がちゃんと見えてるかも気になる。\n今まで一度もうまくできてないなら環境変数まわり、急にダメになった系なら実行機の再起動等々で改善するかも。",
        "user": "UFU0BKD8F",
        "ts": "1570366142.040200",
        "team": "TFU0BKCQP",
        "user_team": "TFU0BKCQP",
        "source_team": "TFU0BKCQP",
        "user_profile": {
            "avatar_hash": "92c41c62c7b0",
            "image_72": "https:\/\/avatars.slack-edge.com\/2019-01-30\/537137791812_92c41c62c7b0f054d3dd_72.jpg",
            "first_name": "らき",
            "real_name": "らき",
            "display_name": "raki",
            "team": "TFU0BKCQP",
            "name": "nishimuray",
            "is_restricted": false,
            "is_ultra_restricted": false
        },
        "thread_ts": "1570365535.034000",
        "parent_user_id": "UFT60TQCQ"
    },
    {
        "client_msg_id": "C4FFB5EE-3537-4FDC-BFCB-274FBC8E784C",
        "type": "message",
        "text": "権限なのでそうですね、環境変数まわりあやしい",
        "user": "UG46Z57TN",
        "ts": "1570366195.040800",
        "team": "TFU0BKCQP",
        "user_team": "TFU0BKCQP",
        "source_team": "TFU0BKCQP",
        "user_profile": {
            "avatar_hash": "c6bdd4cb17db",
            "image_72": "https:\/\/avatars.slack-edge.com\/2019-07-05\/685991185957_c6bdd4cb17db956661a1_72.jpg",
            "first_name": "Takeshi",
            "real_name": "Takeshi Kondo",
            "display_name": "chaspy",
            "team": "TFU0BKCQP",
            "name": "take.she12",
            "is_restricted": false,
            "is_ultra_restricted": false
        },
        "thread_ts": "1570365535.034000",
        "parent_user_id": "UFT60TQCQ"
    },
    {
        "client_msg_id": "5B2D8790-F7A4-49A0-BADB-A20DE59BB4D5",
        "type": "message",
        "text": "少しお待ちを。\n長女のお迎えから戻ったら情報書きます\n\n22:20あたりには戻ると思います",
        "user": "UFT60TQCQ",
        "ts": "1570366388.042100",
        "team": "TFU0BKCQP",
        "user_team": "TFU0BKCQP",
        "source_team": "TFU0BKCQP",
        "user_profile": {
            "avatar_hash": "f10ceef4e6f6",
            "image_72": "https:\/\/avatars.slack-edge.com\/2019-01-31\/539093872183_f10ceef4e6f603f1f094_72.jpg",
            "first_name": "sogaoh",
            "real_name": "sogaoh",
            "display_name": "",
            "team": "TFU0BKCQP",
            "name": "sogaoh",
            "is_restricted": false,
            "is_ultra_restricted": false
        },
        "thread_ts": "1570365535.034000",
        "parent_user_id": "UFT60TQCQ"
    },
    {
        "client_msg_id": "D5741826-4656-456D-8D24-EEAD47222845",
        "type": "message",
        "text": "aws s3 ls は見えてました",
        "user": "UFT60TQCQ",
        "ts": "1570366450.042700",
        "team": "TFU0BKCQP",
        "user_team": "TFU0BKCQP",
        "source_team": "TFU0BKCQP",
        "user_profile": {
            "avatar_hash": "f10ceef4e6f6",
            "image_72": "https:\/\/avatars.slack-edge.com\/2019-01-31\/539093872183_f10ceef4e6f603f1f094_72.jpg",
            "first_name": "sogaoh",
            "real_name": "sogaoh",
            "display_name": "",
            "team": "TFU0BKCQP",
            "name": "sogaoh",
            "is_restricted": false,
            "is_ultra_restricted": false
        },
        "thread_ts": "1570365535.034000",
        "parent_user_id": "UFT60TQCQ"
    },
    {
        "client_msg_id": "C93B365A-FBD5-4FAA-9DBB-C4C8B4C3B941",
        "type": "message",
        "text": "環境変数周りは確かに怪しいです\n\ndefaultでないアカウントの環境に対してinit やろうとしてます\n\nprofile を明示的に指定できるんでしょうか。。。",
        "user": "UFT60TQCQ",
        "ts": "1570366640.044800",
        "team": "TFU0BKCQP",
        "user_team": "TFU0BKCQP",
        "source_team": "TFU0BKCQP",
        "user_profile": {
            "avatar_hash": "f10ceef4e6f6",
            "image_72": "https:\/\/avatars.slack-edge.com\/2019-01-31\/539093872183_f10ceef4e6f603f1f094_72.jpg",
            "first_name": "sogaoh",
            "real_name": "sogaoh",
            "display_name": "",
            "team": "TFU0BKCQP",
            "name": "sogaoh",
            "is_restricted": false,
            "is_ultra_restricted": false
        },
        "thread_ts": "1570365535.034000",
        "parent_user_id": "UFT60TQCQ"
    },
    {
        "client_msg_id": "7613C35E-AB19-4F28-A629-9FB8FB2A98EF",
        "type": "message",
        "text": "できるはず。",
        "user": "UG46Z57TN",
        "ts": "1570366726.046200",
        "team": "TFU0BKCQP",
        "user_team": "TFU0BKCQP",
        "source_team": "TFU0BKCQP",
        "user_profile": {
            "avatar_hash": "c6bdd4cb17db",
            "image_72": "https:\/\/avatars.slack-edge.com\/2019-07-05\/685991185957_c6bdd4cb17db956661a1_72.jpg",
            "first_name": "Takeshi",
            "real_name": "Takeshi Kondo",
            "display_name": "chaspy",
            "team": "TFU0BKCQP",
            "name": "take.she12",
            "is_restricted": false,
            "is_ultra_restricted": false
        },
        "thread_ts": "1570365535.034000",
        "parent_user_id": "UFT60TQCQ"
    },
    {
        "client_msg_id": "CE60ADF2-D669-42B8-AC12-C53D7D0848D6",
        "type": "message",
        "text": "アクセスキーとシークレットが合ってればいいかなーと思ってました\nあと、ideのススメでHCL2の変数の書き方に直したりしたのもさっきです",
        "user": "UFT60TQCQ",
        "ts": "1570366773.047100",
        "team": "TFU0BKCQP",
        "user_team": "TFU0BKCQP",
        "source_team": "TFU0BKCQP",
        "user_profile": {
            "avatar_hash": "f10ceef4e6f6",
            "image_72": "https:\/\/avatars.slack-edge.com\/2019-01-31\/539093872183_f10ceef4e6f603f1f094_72.jpg",
            "first_name": "sogaoh",
            "real_name": "sogaoh",
            "display_name": "",
            "team": "TFU0BKCQP",
            "name": "sogaoh",
            "is_restricted": false,
            "is_ultra_restricted": false
        },
        "thread_ts": "1570365535.034000",
        "parent_user_id": "UFT60TQCQ"
    },
    {
        "client_msg_id": "1225dcd8-1c83-4112-aa89-36f851c013c0",
        "type": "message",
        "text": "profile 指定の init を試してみます",
        "user": "UFT60TQCQ",
        "ts": "1570368369.047900",
        "team": "TFU0BKCQP",
        "user_team": "TFU0BKCQP",
        "source_team": "TFU0BKCQP",
        "user_profile": {
            "avatar_hash": "f10ceef4e6f6",
            "image_72": "https:\/\/avatars.slack-edge.com\/2019-01-31\/539093872183_f10ceef4e6f603f1f094_72.jpg",
            "first_name": "sogaoh",
            "real_name": "sogaoh",
            "display_name": "",
            "team": "TFU0BKCQP",
            "name": "sogaoh",
            "is_restricted": false,
            "is_ultra_restricted": false
        },
        "thread_ts": "1570365535.034000",
        "parent_user_id": "UFT60TQCQ"
    },
    {
        "client_msg_id": "74b33def-6e47-486b-ba9e-71d1113bcc79",
        "type": "message",
        "text": "```\nterraform {\n  backend \"s3\" {\n    bucket = \"XXXXXXX\"\n    key = \"state\/terraform.tfstate\"\n    encrypt = true\n    region = \"ap-northeast-1\"\n+    profile = \"XXXX\"\n  }\n}\n```",
        "user": "UFT60TQCQ",
        "ts": "1570369024.048100",
        "team": "TFU0BKCQP",
        "user_team": "TFU0BKCQP",
        "source_team": "TFU0BKCQP",
        "user_profile": {
            "avatar_hash": "f10ceef4e6f6",
            "image_72": "https:\/\/avatars.slack-edge.com\/2019-01-31\/539093872183_f10ceef4e6f603f1f094_72.jpg",
            "first_name": "sogaoh",
            "real_name": "sogaoh",
            "display_name": "",
            "team": "TFU0BKCQP",
            "name": "sogaoh",
            "is_restricted": false,
            "is_ultra_restricted": false
        },
        "edited": {
            "user": "UFT60TQCQ",
            "ts": "1570369291.000000"
        },
        "thread_ts": "1570365535.034000",
        "parent_user_id": "UFT60TQCQ"
    },
    {
        "type": "message",
        "subtype": "thread_broadcast",
        "text": "profile を追加したら、 init 成功しました",
        "user": "UFT60TQCQ",
        "ts": "1570369050.048300",
        "thread_ts": "1570365535.034000",
        "root": {
            "client_msg_id": "51f0e1e2-239d-48a3-98b6-f3586c2b8671",
            "type": "message",
            "text": "恥ずかしながら、 terraform init で `Error: Failed to get existing workspaces: AccessDenied: Access Denied` のエラーとなってしまっており、打開策を探しているのですが助言ありますでしょうか。",
            "user": "UFT60TQCQ",
            "ts": "1570365535.034000",
            "team": "TFU0BKCQP",
            "thread_ts": "1570365535.034000",
            "reply_count": 27,
            "reply_users_count": 3,
            "latest_reply": "1570425640.052600",
            "reply_users": [
                "UFT60TQCQ",
                "UG46Z57TN",
                "UFU0BKD8F"
            ],
            "replies": [
                {
                    "user": "UFT60TQCQ",
                    "ts": "1570365635.035400"
                },
                {
                    "user": "UG46Z57TN",
                    "ts": "1570365652.035800"
                },
                {
                    "user": "UG46Z57TN",
                    "ts": "1570365676.036500"
                },
                {
                    "user": "UFT60TQCQ",
                    "ts": "1570365682.036700"
                },
                {
                    "user": "UG46Z57TN",
                    "ts": "1570365690.037100"
                },
                {
                    "user": "UG46Z57TN",
                    "ts": "1570365722.038000"
                },
                {
                    "user": "UFT60TQCQ",
                    "ts": "1570365788.038200"
                },
                {
                    "user": "UG46Z57TN",
                    "ts": "1570365828.038700"
                },
                {
                    "user": "UFT60TQCQ",
                    "ts": "1570365849.038900"
                },
                {
                    "user": "UFU0BKD8F",
                    "ts": "1570365908.039100"
                },
                {
                    "user": "UFU0BKD8F",
                    "ts": "1570365926.039500"
                },
                {
                    "user": "UG46Z57TN",
                    "ts": "1570365935.040000"
                },
                {
                    "user": "UFU0BKD8F",
                    "ts": "1570366142.040200"
                },
                {
                    "user": "UG46Z57TN",
                    "ts": "1570366195.040800"
                },
                {
                    "user": "UFT60TQCQ",
                    "ts": "1570366388.042100"
                },
                {
                    "user": "UFT60TQCQ",
                    "ts": "1570366450.042700"
                },
                {
                    "user": "UFT60TQCQ",
                    "ts": "1570366640.044800"
                },
                {
                    "user": "UG46Z57TN",
                    "ts": "1570366726.046200"
                },
                {
                    "user": "UFT60TQCQ",
                    "ts": "1570366773.047100"
                },
                {
                    "user": "UFT60TQCQ",
                    "ts": "1570368369.047900"
                },
                {
                    "user": "UFT60TQCQ",
                    "ts": "1570369024.048100"
                },
                {
                    "user": "UFT60TQCQ",
                    "ts": "1570369050.048300"
                },
                {
                    "user": "UFT60TQCQ",
                    "ts": "1570369109.048700"
                },
                {
                    "user": "UFT60TQCQ",
                    "ts": "1570369209.049100"
                },
                {
                    "user": "UG46Z57TN",
                    "ts": "1570369385.051900"
                },
                {
                    "user": "UFT60TQCQ",
                    "ts": "1570372856.052100"
                },
                {
                    "user": "UFU0BKD8F",
                    "ts": "1570425640.052600"
                }
            ],
            "subscribed": true,
            "last_read": "1570425640.052600"
        },
        "client_msg_id": "fa5e252b-4ffa-4240-8076-36b294b6d32c",
        "reactions": [
            {
                "name": "relieved",
                "users": [
                    "UG46Z57TN"
                ],
                "count": 1
            },
            {
                "name": "tada",
                "users": [
                    "UFU0BKD8F",
                    "ULSHHPEBB",
                    "UFTKSQ25T"
                ],
                "count": 3
            }
        ]
    },
    {
        "type": "message",
        "subtype": "thread_broadcast",
        "text": "気になったのは、\nterraform init の時点で state\/terraform.tfstate が s3 バケットに生成されると思っていたのですが、違いましたでしょうか。。",
        "user": "UFT60TQCQ",
        "ts": "1570369109.048700",
        "thread_ts": "1570365535.034000",
        "root": {
            "client_msg_id": "51f0e1e2-239d-48a3-98b6-f3586c2b8671",
            "type": "message",
            "text": "恥ずかしながら、 terraform init で `Error: Failed to get existing workspaces: AccessDenied: Access Denied` のエラーとなってしまっており、打開策を探しているのですが助言ありますでしょうか。",
            "user": "UFT60TQCQ",
            "ts": "1570365535.034000",
            "team": "TFU0BKCQP",
            "thread_ts": "1570365535.034000",
            "reply_count": 27,
            "reply_users_count": 3,
            "latest_reply": "1570425640.052600",
            "reply_users": [
                "UFT60TQCQ",
                "UG46Z57TN",
                "UFU0BKD8F"
            ],
            "replies": [
                {
                    "user": "UFT60TQCQ",
                    "ts": "1570365635.035400"
                },
                {
                    "user": "UG46Z57TN",
                    "ts": "1570365652.035800"
                },
                {
                    "user": "UG46Z57TN",
                    "ts": "1570365676.036500"
                },
                {
                    "user": "UFT60TQCQ",
                    "ts": "1570365682.036700"
                },
                {
                    "user": "UG46Z57TN",
                    "ts": "1570365690.037100"
                },
                {
                    "user": "UG46Z57TN",
                    "ts": "1570365722.038000"
                },
                {
                    "user": "UFT60TQCQ",
                    "ts": "1570365788.038200"
                },
                {
                    "user": "UG46Z57TN",
                    "ts": "1570365828.038700"
                },
                {
                    "user": "UFT60TQCQ",
                    "ts": "1570365849.038900"
                },
                {
                    "user": "UFU0BKD8F",
                    "ts": "1570365908.039100"
                },
                {
                    "user": "UFU0BKD8F",
                    "ts": "1570365926.039500"
                },
                {
                    "user": "UG46Z57TN",
                    "ts": "1570365935.040000"
                },
                {
                    "user": "UFU0BKD8F",
                    "ts": "1570366142.040200"
                },
                {
                    "user": "UG46Z57TN",
                    "ts": "1570366195.040800"
                },
                {
                    "user": "UFT60TQCQ",
                    "ts": "1570366388.042100"
                },
                {
                    "user": "UFT60TQCQ",
                    "ts": "1570366450.042700"
                },
                {
                    "user": "UFT60TQCQ",
                    "ts": "1570366640.044800"
                },
                {
                    "user": "UG46Z57TN",
                    "ts": "1570366726.046200"
                },
                {
                    "user": "UFT60TQCQ",
                    "ts": "1570366773.047100"
                },
                {
                    "user": "UFT60TQCQ",
                    "ts": "1570368369.047900"
                },
                {
                    "user": "UFT60TQCQ",
                    "ts": "1570369024.048100"
                },
                {
                    "user": "UFT60TQCQ",
                    "ts": "1570369050.048300"
                },
                {
                    "user": "UFT60TQCQ",
                    "ts": "1570369109.048700"
                },
                {
                    "user": "UFT60TQCQ",
                    "ts": "1570369209.049100"
                },
                {
                    "user": "UG46Z57TN",
                    "ts": "1570369385.051900"
                },
                {
                    "user": "UFT60TQCQ",
                    "ts": "1570372856.052100"
                },
                {
                    "user": "UFU0BKD8F",
                    "ts": "1570425640.052600"
                }
            ],
            "subscribed": true,
            "last_read": "1570425640.052600"
        },
        "client_msg_id": "e19dc897-056e-491f-b6f9-aca6ab3d2ec0"
    },
    {
        "type": "message",
        "subtype": "thread_broadcast",
        "text": "助言いただき、ありがとうございました\nこれから少しずつ IaC やっていきます :muscle:",
        "user": "UFT60TQCQ",
        "ts": "1570369209.049100",
        "thread_ts": "1570365535.034000",
        "root": {
            "client_msg_id": "51f0e1e2-239d-48a3-98b6-f3586c2b8671",
            "type": "message",
            "text": "恥ずかしながら、 terraform init で `Error: Failed to get existing workspaces: AccessDenied: Access Denied` のエラーとなってしまっており、打開策を探しているのですが助言ありますでしょうか。",
            "user": "UFT60TQCQ",
            "ts": "1570365535.034000",
            "team": "TFU0BKCQP",
            "thread_ts": "1570365535.034000",
            "reply_count": 27,
            "reply_users_count": 3,
            "latest_reply": "1570425640.052600",
            "reply_users": [
                "UFT60TQCQ",
                "UG46Z57TN",
                "UFU0BKD8F"
            ],
            "replies": [
                {
                    "user": "UFT60TQCQ",
                    "ts": "1570365635.035400"
                },
                {
                    "user": "UG46Z57TN",
                    "ts": "1570365652.035800"
                },
                {
                    "user": "UG46Z57TN",
                    "ts": "1570365676.036500"
                },
                {
                    "user": "UFT60TQCQ",
                    "ts": "1570365682.036700"
                },
                {
                    "user": "UG46Z57TN",
                    "ts": "1570365690.037100"
                },
                {
                    "user": "UG46Z57TN",
                    "ts": "1570365722.038000"
                },
                {
                    "user": "UFT60TQCQ",
                    "ts": "1570365788.038200"
                },
                {
                    "user": "UG46Z57TN",
                    "ts": "1570365828.038700"
                },
                {
                    "user": "UFT60TQCQ",
                    "ts": "1570365849.038900"
                },
                {
                    "user": "UFU0BKD8F",
                    "ts": "1570365908.039100"
                },
                {
                    "user": "UFU0BKD8F",
                    "ts": "1570365926.039500"
                },
                {
                    "user": "UG46Z57TN",
                    "ts": "1570365935.040000"
                },
                {
                    "user": "UFU0BKD8F",
                    "ts": "1570366142.040200"
                },
                {
                    "user": "UG46Z57TN",
                    "ts": "1570366195.040800"
                },
                {
                    "user": "UFT60TQCQ",
                    "ts": "1570366388.042100"
                },
                {
                    "user": "UFT60TQCQ",
                    "ts": "1570366450.042700"
                },
                {
                    "user": "UFT60TQCQ",
                    "ts": "1570366640.044800"
                },
                {
                    "user": "UG46Z57TN",
                    "ts": "1570366726.046200"
                },
                {
                    "user": "UFT60TQCQ",
                    "ts": "1570366773.047100"
                },
                {
                    "user": "UFT60TQCQ",
                    "ts": "1570368369.047900"
                },
                {
                    "user": "UFT60TQCQ",
                    "ts": "1570369024.048100"
                },
                {
                    "user": "UFT60TQCQ",
                    "ts": "1570369050.048300"
                },
                {
                    "user": "UFT60TQCQ",
                    "ts": "1570369109.048700"
                },
                {
                    "user": "UFT60TQCQ",
                    "ts": "1570369209.049100"
                },
                {
                    "user": "UG46Z57TN",
                    "ts": "1570369385.051900"
                },
                {
                    "user": "UFT60TQCQ",
                    "ts": "1570372856.052100"
                },
                {
                    "user": "UFU0BKD8F",
                    "ts": "1570425640.052600"
                }
            ],
            "subscribed": true,
            "last_read": "1570425640.052600"
        },
        "client_msg_id": "590d62b5-032d-4e80-820e-1eda7f0797fc",
        "reactions": [
            {
                "name": "+1",
                "users": [
                    "UM2FB5M29",
                    "UFTKSQ25T"
                ],
                "count": 2
            }
        ]
    },
    {
        "client_msg_id": "2ddfa5f3-e66e-4020-ac9f-de2a55ba41dd",
        "type": "message",
        "text": "できるのだろうか :thinking_face:",
        "user": "UG46Z57TN",
        "ts": "1570369385.051900",
        "team": "TFU0BKCQP",
        "user_team": "TFU0BKCQP",
        "source_team": "TFU0BKCQP",
        "user_profile": {
            "avatar_hash": "c6bdd4cb17db",
            "image_72": "https:\/\/avatars.slack-edge.com\/2019-07-05\/685991185957_c6bdd4cb17db956661a1_72.jpg",
            "first_name": "Takeshi",
            "real_name": "Takeshi Kondo",
            "display_name": "chaspy",
            "team": "TFU0BKCQP",
            "name": "take.she12",
            "is_restricted": false,
            "is_ultra_restricted": false
        },
        "thread_ts": "1570365535.034000",
        "parent_user_id": "UFT60TQCQ"
    },
    {
        "client_msg_id": "6b54ae9d-59aa-4df2-92c3-f326d7c49d55",
        "type": "message",
        "text": "余力あったら、ちょっと“自分の庭“で試してみようと思います。結果出たらおしらせしますね",
        "user": "UFT60TQCQ",
        "ts": "1570372856.052100",
        "team": "TFU0BKCQP",
        "user_team": "TFU0BKCQP",
        "source_team": "TFU0BKCQP",
        "user_profile": {
            "avatar_hash": "f10ceef4e6f6",
            "image_72": "https:\/\/avatars.slack-edge.com\/2019-01-31\/539093872183_f10ceef4e6f603f1f094_72.jpg",
            "first_name": "sogaoh",
            "real_name": "sogaoh",
            "display_name": "",
            "team": "TFU0BKCQP",
            "name": "sogaoh",
            "is_restricted": false,
            "is_ultra_restricted": false
        },
        "thread_ts": "1570365535.034000",
        "parent_user_id": "UFT60TQCQ"
    },
    {
        "client_msg_id": "3040476d-feee-4974-8690-34b94bbba539",
        "type": "message",
        "text": "今更だけど、init で state はできないですぉ。\n試すなら \/tmp\/test とかフォルダきって、\n```\ncat <http:\/\/main.tf|main.tf>\nresource null_resource test {\n  provisioner \"local-exec\" {\n    command = \"echo 'hello terraform'\"\n  }\n}\n```\nこんなファイルおいて init から順番にテストするだけ。\napply しないと terraform.tfstate はできないです。",
        "user": "UFU0BKD8F",
        "ts": "1570425640.052600",
        "team": "TFU0BKCQP",
        "user_team": "TFU0BKCQP",
        "source_team": "TFU0BKCQP",
        "user_profile": {
            "avatar_hash": "92c41c62c7b0",
            "image_72": "https:\/\/avatars.slack-edge.com\/2019-01-30\/537137791812_92c41c62c7b0f054d3dd_72.jpg",
            "first_name": "らき",
            "real_name": "らき",
            "display_name": "raki",
            "team": "TFU0BKCQP",
            "name": "nishimuray",
            "is_restricted": false,
            "is_ultra_restricted": false
        },
        "thread_ts": "1570365535.034000",
        "parent_user_id": "UFT60TQCQ",
        "reactions": [
            {
                "name": "man-bowing",
                "users": [
                    "UFT60TQCQ"
                ],
                "count": 1
            }
        ]
    }
]