[
    {
        "client_msg_id": "62F22605-59E8-4E62-A89F-6D5F3F49406F",
        "type": "message",
        "text": "Valut高すぎるのでberglas使うと良さそう",
        "user": "UGY5WMTHR",
        "ts": "1572307603.013800",
        "team": "TFU0BKCQP",
        "user_team": "TFU0BKCQP",
        "source_team": "TFU0BKCQP",
        "user_profile": {
            "avatar_hash": "gd22fcf5773b",
            "image_72": "https:\/\/secure.gravatar.com\/avatar\/ad22fcf5773b906c08330f4d57242212.jpg?s=72&d=https%3A%2F%2Fa.slack-edge.com%2Fdf10d%2Fimg%2Favatars%2Fava_0021-72.png",
            "first_name": "",
            "real_name": "inductor",
            "display_name": "inductor",
            "team": "TFU0BKCQP",
            "name": "kela",
            "is_restricted": false,
            "is_ultra_restricted": false
        },
        "edited": {
            "user": "UGY5WMTHR",
            "ts": "1572307607.000000"
        },
        "reactions": [
            {
                "name": "eyes",
                "users": [
                    "UGY8YDQ2G"
                ],
                "count": 1
            }
        ]
    },
    {
        "client_msg_id": "f61719ad-f6ef-47f4-b4d8-e21955931114",
        "type": "message",
        "text": "berglas ってexpireとかrenewって概念あるの。。。？",
        "user": "UFU0BKD8F",
        "ts": "1572308742.014600",
        "team": "TFU0BKCQP",
        "user_team": "TFU0BKCQP",
        "source_team": "TFU0BKCQP",
        "user_profile": {
            "avatar_hash": "92c41c62c7b0",
            "image_72": "https:\/\/avatars.slack-edge.com\/2019-01-30\/537137791812_92c41c62c7b0f054d3dd_72.jpg",
            "first_name": "らき",
            "real_name": "らき",
            "display_name": "raki",
            "team": "TFU0BKCQP",
            "name": "nishimuray",
            "is_restricted": false,
            "is_ultra_restricted": false
        },
        "thread_ts": "1572308742.014600",
        "reply_count": 1,
        "reply_users_count": 1,
        "latest_reply": "1572521716.016400",
        "reply_users": [
            "UGW0ABZLG"
        ],
        "replies": [
            {
                "user": "UGW0ABZLG",
                "ts": "1572521716.016400"
            }
        ],
        "subscribed": true,
        "last_read": "1572521716.016400"
    }
]