[
    {
        "client_msg_id": "eab3a5a9-6b22-4e92-86bd-cfa23a04c418",
        "type": "message",
        "text": "sTerraformってstateファイルをいつ更新するんでしょうか。\napplyがこけたときのstateってどうなるんだろうというのが気になりました。",
        "user": "UG46Z57TN",
        "ts": "1570311116.007200",
        "team": "TFU0BKCQP",
        "user_team": "TFU0BKCQP",
        "source_team": "TFU0BKCQP",
        "user_profile": {
            "avatar_hash": "c6bdd4cb17db",
            "image_72": "https:\/\/avatars.slack-edge.com\/2019-07-05\/685991185957_c6bdd4cb17db956661a1_72.jpg",
            "first_name": "Takeshi",
            "real_name": "Takeshi Kondo",
            "display_name": "chaspy",
            "team": "TFU0BKCQP",
            "name": "take.she12",
            "is_restricted": false,
            "is_ultra_restricted": false
        },
        "thread_ts": "1570311116.007200",
        "reply_count": 5,
        "reply_users_count": 1,
        "latest_reply": "1570311352.008100",
        "reply_users": [
            "UG46Z57TN"
        ],
        "replies": [
            {
                "user": "UG46Z57TN",
                "ts": "1570311291.007300"
            },
            {
                "user": "UG46Z57TN",
                "ts": "1570311300.007500"
            },
            {
                "user": "UG46Z57TN",
                "ts": "1570311332.007700"
            },
            {
                "user": "UG46Z57TN",
                "ts": "1570311334.007900"
            },
            {
                "user": "UG46Z57TN",
                "ts": "1570311352.008100"
            }
        ],
        "subscribed": false
    },
    {
        "client_msg_id": "836aed20-a885-4528-ae3f-5acd483801bd",
        "type": "message",
        "text": "applyこけたらちゃんとstateは作ってないことになるっぽいな。",
        "user": "UG46Z57TN",
        "ts": "1570311291.007300",
        "team": "TFU0BKCQP",
        "user_team": "TFU0BKCQP",
        "source_team": "TFU0BKCQP",
        "user_profile": {
            "avatar_hash": "c6bdd4cb17db",
            "image_72": "https:\/\/avatars.slack-edge.com\/2019-07-05\/685991185957_c6bdd4cb17db956661a1_72.jpg",
            "first_name": "Takeshi",
            "real_name": "Takeshi Kondo",
            "display_name": "chaspy",
            "team": "TFU0BKCQP",
            "name": "take.she12",
            "is_restricted": false,
            "is_ultra_restricted": false
        },
        "thread_ts": "1570311116.007200",
        "parent_user_id": "UG46Z57TN"
    },
    {
        "client_msg_id": "ffa63671-0bfb-4934-aa8f-94ea4bcf4872",
        "type": "message",
        "text": "そのこけたリソースに関しては。",
        "user": "UG46Z57TN",
        "ts": "1570311300.007500",
        "team": "TFU0BKCQP",
        "user_team": "TFU0BKCQP",
        "source_team": "TFU0BKCQP",
        "user_profile": {
            "avatar_hash": "c6bdd4cb17db",
            "image_72": "https:\/\/avatars.slack-edge.com\/2019-07-05\/685991185957_c6bdd4cb17db956661a1_72.jpg",
            "first_name": "Takeshi",
            "real_name": "Takeshi Kondo",
            "display_name": "chaspy",
            "team": "TFU0BKCQP",
            "name": "take.she12",
            "is_restricted": false,
            "is_ultra_restricted": false
        },
        "thread_ts": "1570311116.007200",
        "parent_user_id": "UG46Z57TN"
    },
    {
        "client_msg_id": "f27be681-33fe-4bf8-8ca7-8a3e29bf55ff",
        "type": "message",
        "text": "applyではえる各リソースの作成なり削除は並行で行われて、各処理でちゃんと最終的にstateを事実にあわせて更新するぽい？",
        "user": "UG46Z57TN",
        "ts": "1570311332.007700",
        "team": "TFU0BKCQP",
        "user_team": "TFU0BKCQP",
        "source_team": "TFU0BKCQP",
        "user_profile": {
            "avatar_hash": "c6bdd4cb17db",
            "image_72": "https:\/\/avatars.slack-edge.com\/2019-07-05\/685991185957_c6bdd4cb17db956661a1_72.jpg",
            "first_name": "Takeshi",
            "real_name": "Takeshi Kondo",
            "display_name": "chaspy",
            "team": "TFU0BKCQP",
            "name": "take.she12",
            "is_restricted": false,
            "is_ultra_restricted": false
        },
        "thread_ts": "1570311116.007200",
        "parent_user_id": "UG46Z57TN"
    },
    {
        "client_msg_id": "e33dd9d4-0f5d-40d7-b872-1de53be06030",
        "type": "message",
        "text": "えらい",
        "user": "UG46Z57TN",
        "ts": "1570311334.007900",
        "team": "TFU0BKCQP",
        "user_team": "TFU0BKCQP",
        "source_team": "TFU0BKCQP",
        "user_profile": {
            "avatar_hash": "c6bdd4cb17db",
            "image_72": "https:\/\/avatars.slack-edge.com\/2019-07-05\/685991185957_c6bdd4cb17db956661a1_72.jpg",
            "first_name": "Takeshi",
            "real_name": "Takeshi Kondo",
            "display_name": "chaspy",
            "team": "TFU0BKCQP",
            "name": "take.she12",
            "is_restricted": false,
            "is_ultra_restricted": false
        },
        "thread_ts": "1570311116.007200",
        "parent_user_id": "UG46Z57TN"
    },
    {
        "client_msg_id": "ee5d4ec6-d0c2-446c-acf0-a00f3bce2052",
        "type": "message",
        "text": "<#CKM6XUP4Y|codereading> source code readingのネタということで。。。",
        "user": "UG46Z57TN",
        "ts": "1570311352.008100",
        "team": "TFU0BKCQP",
        "user_team": "TFU0BKCQP",
        "source_team": "TFU0BKCQP",
        "user_profile": {
            "avatar_hash": "c6bdd4cb17db",
            "image_72": "https:\/\/avatars.slack-edge.com\/2019-07-05\/685991185957_c6bdd4cb17db956661a1_72.jpg",
            "first_name": "Takeshi",
            "real_name": "Takeshi Kondo",
            "display_name": "chaspy",
            "team": "TFU0BKCQP",
            "name": "take.she12",
            "is_restricted": false,
            "is_ultra_restricted": false
        },
        "thread_ts": "1570311116.007200",
        "parent_user_id": "UG46Z57TN"
    }
]