[
    {
        "client_msg_id": "19305d9a-ad04-4a8a-bca5-beed86acb0e8",
        "type": "message",
        "text": "vscode-terraformが先日hashicorpさんに移管されたやつ、v0.12対応もうrc1出たようだ。\n<https:\/\/github.com\/hashicorp\/vscode-terraform\/releases\/tag\/v2.0.0-rc.1>",
        "user": "UHS4SFFA7",
        "ts": "1591320176.047200",
        "team": "TFU0BKCQP",
        "user_team": "TFU0BKCQP",
        "source_team": "TFU0BKCQP",
        "user_profile": {
            "avatar_hash": "gade34f8bdf1",
            "image_72": "https:\/\/secure.gravatar.com\/avatar\/5ade34f8bdf1b55c4ff82c11cf23cf42.jpg?s=72&d=https%3A%2F%2Fa.slack-edge.com%2Fdf10d%2Fimg%2Favatars%2Fava_0008-72.png",
            "first_name": "",
            "real_name": "minamijoyo",
            "display_name": "minamijoyo",
            "team": "TFU0BKCQP",
            "name": "minamijoyo",
            "is_restricted": false,
            "is_ultra_restricted": false
        },
        "blocks": [
            {
                "type": "rich_text",
                "block_id": "rZ5Nj",
                "elements": [
                    {
                        "type": "rich_text_section",
                        "elements": [
                            {
                                "type": "text",
                                "text": "vscode-terraformが先日hashicorpさんに移管されたやつ、v0.12対応もうrc1出たようだ。\n"
                            },
                            {
                                "type": "link",
                                "url": "https:\/\/github.com\/hashicorp\/vscode-terraform\/releases\/tag\/v2.0.0-rc.1"
                            }
                        ]
                    }
                ]
            }
        ],
        "reactions": [
            {
                "name": "eyes",
                "users": [
                    "UQ7KXKHB9",
                    "UKAKENQAF"
                ],
                "count": 2
            }
        ]
    },
    {
        "client_msg_id": "853796af-1482-4c0e-b4e5-98fa46948cfc",
        "type": "message",
        "text": "はやい",
        "user": "UTK1B5BB2",
        "ts": "1591320425.047500",
        "team": "TFU0BKCQP",
        "user_team": "TFU0BKCQP",
        "source_team": "TFU0BKCQP",
        "user_profile": {
            "avatar_hash": "f9e26d92b470",
            "image_72": "https:\/\/avatars.slack-edge.com\/2020-02-05\/926890716897_f9e26d92b470908ab893_72.png",
            "first_name": "",
            "real_name": "kbigwheel",
            "display_name": "kbigwheel",
            "team": "TFU0BKCQP",
            "name": "k.bigwheel",
            "is_restricted": false,
            "is_ultra_restricted": false
        },
        "blocks": [
            {
                "type": "rich_text",
                "block_id": "5RU",
                "elements": [
                    {
                        "type": "rich_text_section",
                        "elements": [
                            {
                                "type": "text",
                                "text": "はやい"
                            }
                        ]
                    }
                ]
            }
        ]
    },
    {
        "client_msg_id": "56809617-9374-4f22-8d8a-541a02d83b82",
        "type": "message",
        "text": "早速VSIXで入れてみました、がなんか一瞬で死んだ…\n\n同じissue立ってないか探すか…(もしくは立てる",
        "user": "UQT52H29G",
        "ts": "1591327636.048900",
        "team": "TFU0BKCQP",
        "user_team": "TFU0BKCQP",
        "source_team": "TFU0BKCQP",
        "user_profile": {
            "avatar_hash": "gd60bbe66cfd",
            "image_72": "https:\/\/secure.gravatar.com\/avatar\/d60bbe66cfd79bbb250bad66a706f939.jpg?s=72&d=https%3A%2F%2Fa.slack-edge.com%2Fdf10d%2Fimg%2Favatars%2Fava_0011-72.png",
            "first_name": "",
            "real_name": "fusagiko",
            "display_name": "fusagiko",
            "team": "TFU0BKCQP",
            "name": "fsgiko",
            "is_restricted": false,
            "is_ultra_restricted": false
        },
        "blocks": [
            {
                "type": "rich_text",
                "block_id": "IDZ",
                "elements": [
                    {
                        "type": "rich_text_section",
                        "elements": [
                            {
                                "type": "text",
                                "text": "早速VSIXで入れてみました、がなんか一瞬で死んだ…\n\n同じissue立ってないか探すか…(もしくは立てる"
                            }
                        ]
                    }
                ]
            }
        ],
        "reactions": [
            {
                "name": "がんばれ",
                "users": [
                    "UHS4SFFA7"
                ],
                "count": 1
            }
        ]
    }
]