[
    {
        "client_msg_id": "d735b847-6174-4254-8932-7ac97061beab",
        "type": "message",
        "text": "terraform-provider-aws v3の準備が進んでる模様\n<https:\/\/github.com\/terraform-providers\/terraform-provider-aws\/issues\/13781>",
        "user": "UHS4SFFA7",
        "ts": "1592577556.060900",
        "team": "TFU0BKCQP",
        "user_team": "TFU0BKCQP",
        "source_team": "TFU0BKCQP",
        "user_profile": {
            "avatar_hash": "gade34f8bdf1",
            "image_72": "https:\/\/secure.gravatar.com\/avatar\/5ade34f8bdf1b55c4ff82c11cf23cf42.jpg?s=72&d=https%3A%2F%2Fa.slack-edge.com%2Fdf10d%2Fimg%2Favatars%2Fava_0008-72.png",
            "first_name": "",
            "real_name": "minamijoyo",
            "display_name": "minamijoyo",
            "team": "TFU0BKCQP",
            "name": "minamijoyo",
            "is_restricted": false,
            "is_ultra_restricted": false
        },
        "attachments": [
            {
                "author_name": "breathingdust",
                "fallback": "[terraform-providers\/terraform-provider-aws] #13781 Announcement: Upcoming Changes in Version 3.0 of the AWS Provider",
                "text": "In the time since the last major provider release in February of 2019, we have been listening closely to the community's feedback. Areas of particular interest are where users are finding friction in the day to day use of the provider. In some cases, we are able to resolve these issues in the course of our weekly releases, but in some cases, the changes necessitate a breaking change. The bulk of the `v3.0` release is made up of small quality of life changes and improving consistency by removing atypical behaviors in existing resources in favor of ones well understood by practitioners.\n\n*Summary*\n\nA major release is our opportunity to make breaking changes in a scheduled and publicized manner in an attempt to avoid unnecessary churn for our users. We attempt to limit major releases to a once-yearly schedule. Version `v2.0` of the AWS provider was released in February of 2019.\n\nAlong with larger changes in behavior detailed below this release will also remove attributes that have been marked as deprecated. Typically these have been marked as such due to changes in the upstream API, or in some cases that the use of the attribute causes confusion.\n\nThis release also adopts the Terraform <https:\/\/github.com\/hashicorp\/terraform-plugin-sdk|SDK> v2.0. This upgrade allows for future enhancements to the provider that can only be supported by Terraform CLI `0.12` and later.\n\n*Drop Native Support for Terraform 0.11 and Earlier*\n\nIn order for the provider to keep in step with Terraform Core development and to take advantage of Terraform `0.12` and later native features (such as the ability to surface warning messages in resources), we need to drop support for earlier versions of Terraform. As of this release, practitioners who wish to remain on `0.11` will be limited to `v2.*` releases of the provider. This move will also consolidate all example code to use Terraform `0.12` syntax. Examples using the older syntax style can still be viewed by browsing older versions of the provider in the <https:\/\/registry.terraform.io\/|Terraform Registry>.\n\n*Remove Hashing from State Storage*\n\nHashing schema attribute values in Terraform state storage was implemented as a workaround for attribute-level encryption of some sensitive values. Terraform is designed to work with wholly known values during resource operations and when performing diffs. For example, if a resource only saves a hashed value in the state, during update operations the resource will incorrectly send the hashed value in API calls.\n\nThis change is expected to be transparent to users, and expanded reasoning as to the change can be found on the <https:\/\/www.terraform.io\/docs\/extend\/best-practices\/sensitive-state.html#don-39-t-encrypt-state|Terraform Website>.\n\n*Authentication Ordering and Improvements*\n\nUnlike the AWS CLI, the AWS Go SDK does not enable support for the shared AWS configuration file (e.g. `~\/.aws\/config`) by default. In version 2 of the provider and earlier, this required setting the `AWS_SDK_LOAD_CONFIG` environment variable to enable this support. Newer practitioners to Terraform are confused by different behavior between the AWS CLI and Terraform AWS Provider. This release also ensures the shared configuration file, if used, is referenced before using EC2 Instance Metadata credentials. In version 2 of the provider and earlier, this required disabling the EC2 Instance Metadata handling via the `skip_metadata_api_check` provider configuration or `AWS_EC2_METADATA_DISABLED` environment variable. With version 3 of the provider, the authentication behavior of the provider should generally be more inline with the AWS CLI behaviors and ensure that shared configuration settings, such as credential process, are honored as expected without extra workarounds. These authentication changes were separately applied to the Terraform S3 Backend as part of the Terraform CLI `0.13.0-beta2` release.\n\n*Remove Multiple Resource Imports*\n\nTerraform historically has supported importing multiple resources at once, however this support was not implemented in many resources. In the few cases where it was, these additional resources imported cannot have their state references controlled by the user, risking API deletion in the next Terraform run unless the Terraform configuration is carefully updated to match the secondary resource import structure. This is a tedious and error-prone process. Terraform may also not have access to these secondary resources during import, returning unexpected and unavoidable errors. Given all this, practitioners have come to expect that Terraform resource imports only do the resource given. This version removes the multiple resource import support from the `aws_s3_bucket` and `aws_security_group` resources.\n\n*Remove Non-Inclusive Terminology*\n\nWe are also taking this opportunity to remove non-inclusive terminology in the provider codebase, documentation, and examples. We will be removing words whose meanings, origin, or associations are contrary to our <https:\/\/www.hashicorp.com\/our-principles\/|Principles>.\n\n*Follow our Progress*\n\nThe full contents of the major release and progress towards it can be viewed in the `v3.0.0` <https:\/\/github.com\/terraform-providers\/terraform-provider-aws\/milestone\/70|milestone>\n\n*Upgrading*\n\nAs a major version contains breaking changes, it is considered best practice to pin a provider version to avoid bringing in potentially breaking changes automatically. To remain on `v2.*` versions of the provider until such time that you are able to accommodate those changes, either pin to any v2.* version:\n\n```\nterraform {\n required_providers {\n   aws = \"~&gt; 2.x\"\n }\n}\n```\n\nOr a specific version:\n\n```\nterraform {\n required_providers {\n   aws = \"=2.66.0\"\n }\n}\n```\n\nFull documentation on <https:\/\/www.terraform.io\/docs\/configuration\/providers.html#provider-versions|how to pin a version of a provider can be found on the Terraform Website.>\n\nYour usage patterns will dictate how much effort upgrading to `v3.0` will take. We document each breaking change in our upgrade guide which will describe what changes are necessary to existing resources to preserve behavior. The upgrade guide can be found <https:\/\/www.terraform.io\/docs\/providers\/aws\/guides\/version-3-upgrade.html|here> on the Terraform Website.",
                "title": "#13781 Announcement: Upcoming Changes in Version 3.0 of the AWS Provider",
                "footer": "<https:\/\/github.com\/terraform-providers\/terraform-provider-aws|terraform-providers\/terraform-provider-aws>",
                "id": 1,
                "title_link": "https:\/\/github.com\/terraform-providers\/terraform-provider-aws\/issues\/13781",
                "author_link": "https:\/\/github.com\/breathingdust",
                "author_icon": "https:\/\/avatars3.githubusercontent.com\/u\/282361?v=4",
                "footer_icon": "https:\/\/github.githubassets.com\/favicon.ico",
                "ts": 1592351320,
                "color": "36a64f",
                "fields": [
                    {
                        "title": "Labels",
                        "value": "breaking-change, enhancement",
                        "short": true
                    }
                ],
                "mrkdwn_in": [
                    "text"
                ],
                "bot_id": "BH12QQBB4",
                "app_unfurl_url": "https:\/\/github.com\/terraform-providers\/terraform-provider-aws\/issues\/13781",
                "is_app_unfurl": true
            }
        ],
        "blocks": [
            {
                "type": "rich_text",
                "block_id": "xOA",
                "elements": [
                    {
                        "type": "rich_text_section",
                        "elements": [
                            {
                                "type": "text",
                                "text": "terraform-provider-aws v3の準備が進んでる模様\n"
                            },
                            {
                                "type": "link",
                                "url": "https:\/\/github.com\/terraform-providers\/terraform-provider-aws\/issues\/13781"
                            }
                        ]
                    }
                ]
            }
        ],
        "reactions": [
            {
                "name": "+1",
                "users": [
                    "UFU0BKD8F",
                    "UGW0ABZLG",
                    "UGY8YDQ2G",
                    "U0165RJ0R19"
                ],
                "count": 4
            },
            {
                "name": "eyes",
                "users": [
                    "UTAAXRX5E",
                    "UR4TYNLMS",
                    "U0165RJ0R19"
                ],
                "count": 3
            }
        ]
    }
]