[
    {
        "client_msg_id": "a0f76586-66a7-4df5-97a7-d8aca9421fb5",
        "type": "message",
        "text": "Terraform v0.13のbetaきたか\n　　( ﾟдﾟ )　ｶﾞﾀｯ \n　　.r　　 ヾ \n＿_|_|　\/￣￣￣\/＿ \n　　＼\/　　　　\/ \n\n<https:\/\/github.com\/hashicorp\/terraform\/releases\/tag\/v0.13.0-beta1>",
        "user": "UHS4SFFA7",
        "ts": "1591222508.045000",
        "team": "TFU0BKCQP",
        "user_team": "TFU0BKCQP",
        "source_team": "TFU0BKCQP",
        "user_profile": {
            "avatar_hash": "gade34f8bdf1",
            "image_72": "https:\/\/secure.gravatar.com\/avatar\/5ade34f8bdf1b55c4ff82c11cf23cf42.jpg?s=72&d=https%3A%2F%2Fa.slack-edge.com%2Fdf10d%2Fimg%2Favatars%2Fava_0008-72.png",
            "first_name": "",
            "real_name": "minamijoyo",
            "display_name": "minamijoyo",
            "team": "TFU0BKCQP",
            "name": "minamijoyo",
            "is_restricted": false,
            "is_ultra_restricted": false
        },
        "blocks": [
            {
                "type": "rich_text",
                "block_id": "XwKgd",
                "elements": [
                    {
                        "type": "rich_text_section",
                        "elements": [
                            {
                                "type": "text",
                                "text": "Terraform v0.13のbetaきたか\n　　( ﾟдﾟ )　ｶﾞﾀｯ \n　　.r　　 ヾ \n＿_|_|　\/￣￣￣\/＿ \n　　＼\/　　　　\/ \n\n"
                            },
                            {
                                "type": "link",
                                "url": "https:\/\/github.com\/hashicorp\/terraform\/releases\/tag\/v0.13.0-beta1"
                            }
                        ]
                    }
                ]
            }
        ]
    },
    {
        "client_msg_id": "565b2ff0-9cb0-4e35-af76-0c3315d24bca",
        "type": "message",
        "text": "お祭り会場はこちら <#C010A017338|v013>",
        "user": "UHS4SFFA7",
        "ts": "1591222537.045400",
        "team": "TFU0BKCQP",
        "user_team": "TFU0BKCQP",
        "source_team": "TFU0BKCQP",
        "user_profile": {
            "avatar_hash": "gade34f8bdf1",
            "image_72": "https:\/\/secure.gravatar.com\/avatar\/5ade34f8bdf1b55c4ff82c11cf23cf42.jpg?s=72&d=https%3A%2F%2Fa.slack-edge.com%2Fdf10d%2Fimg%2Favatars%2Fava_0008-72.png",
            "first_name": "",
            "real_name": "minamijoyo",
            "display_name": "minamijoyo",
            "team": "TFU0BKCQP",
            "name": "minamijoyo",
            "is_restricted": false,
            "is_ultra_restricted": false
        },
        "blocks": [
            {
                "type": "rich_text",
                "block_id": "fFmR",
                "elements": [
                    {
                        "type": "rich_text_section",
                        "elements": [
                            {
                                "type": "text",
                                "text": "お祭り会場はこちら "
                            },
                            {
                                "type": "channel",
                                "channel_id": "C010A017338"
                            }
                        ]
                    }
                ]
            }
        ]
    }
]