[
    {
        "type": "message",
        "subtype": "bot_message",
        "text": "",
        "ts": "1612464190.003000",
        "bot_id": "BG2UDF0NA",
        "attachments": [
            {
                "fallback": "terraform-providers\/terraform-provider-azurerm on GitHub\nv2.46.0",
                "text": "`v2.46.0`",
                "title": "terraform-providers\/terraform-provider-azurerm on GitHub",
                "id": 1,
                "title_link": "https:\/\/newreleases.io\/github\/terraform-providers\/terraform-provider-azurerm",
                "mrkdwn_in": [
                    "text"
                ]
            }
        ]
    },
    {
        "type": "message",
        "subtype": "bot_message",
        "text": "",
        "ts": "1612484166.003100",
        "bot_id": "BG2UDF0NA",
        "attachments": [
            {
                "fallback": "hashicorp\/terraform-provider-aws on GitHub\nv3.27.0",
                "text": "`v3.27.0`",
                "title": "hashicorp\/terraform-provider-aws on GitHub",
                "id": 1,
                "title_link": "https:\/\/newreleases.io\/github\/hashicorp\/terraform-provider-aws",
                "mrkdwn_in": [
                    "text"
                ]
            }
        ]
    },
    {
        "type": "message",
        "subtype": "bot_message",
        "text": "",
        "ts": "1612485365.003200",
        "bot_id": "BG2UDF0NA",
        "attachments": [
            {
                "fallback": "hashicorp\/terraform-provider-aws on GitHub\nv3.27.0v3.27.0 updated\nrelease note: <https:\/\/newreleases.io\/github\/hashicorp\/terraform-provider-aws?version=v3.27.0>",
                "text": "*v3.27.0* `v3.27.0` _updated_\n<https:\/\/newreleases.io\/github\/hashicorp\/terraform-provider-aws?version=v3.27.0|release note...>",
                "title": "hashicorp\/terraform-provider-aws on GitHub",
                "id": 1,
                "title_link": "https:\/\/newreleases.io\/github\/hashicorp\/terraform-provider-aws",
                "mrkdwn_in": [
                    "text"
                ]
            }
        ]
    },
    {
        "type": "message",
        "subtype": "bot_message",
        "text": "",
        "ts": "1612494678.003300",
        "bot_id": "BG2UDF0NA",
        "attachments": [
            {
                "fallback": "cloudposse\/terraform-aws-dynamodb on GitHub\nv0.25.10.25.1 \nrelease note: <https:\/\/newreleases.io\/github\/cloudposse\/terraform-aws-dynamodb?version=0.25.1>",
                "text": "*v0.25.1* `0.25.1` \n```\n-------------------\n🤖 Automatic Updates\n-------------------\n\nUpdate <http:\/\/context.tf|context.tf> @cloudpossebot (#81)\n\n## what\nThis is an auto-generated PR that updates the <http:\/\/context.tf|context.tf> file to the latest version from cloudposse\/terraform-null-label\n\n---\nwhy\n---\n\nTo support all the features of the context interface.\n```\n<https:\/\/newreleases.io\/github\/cloudposse\/terraform-aws-dynamodb?version=0.25.1|release note...>",
                "title": "cloudposse\/terraform-aws-dynamodb on GitHub",
                "id": 1,
                "title_link": "https:\/\/newreleases.io\/github\/cloudposse\/terraform-aws-dynamodb",
                "mrkdwn_in": [
                    "text"
                ]
            }
        ]
    },
    {
        "type": "message",
        "subtype": "bot_message",
        "text": "",
        "ts": "1612494755.003400",
        "bot_id": "BG2UDF0NA",
        "attachments": [
            {
                "fallback": "cloudposse\/terraform-aws-alb-ingress on GitHub\nv0.19.10.19.1 \nrelease note: <https:\/\/newreleases.io\/github\/cloudposse\/terraform-aws-alb-ingress?version=0.19.1>",
                "text": "*v0.19.1* `0.19.1` \n```\n-------------------\n🤖 Automatic Updates\n-------------------\n\nUpdate <http:\/\/context.tf|context.tf> @cloudpossebot (#49)\n\n## what\nThis is an auto-generated PR that updates the <http:\/\/context.tf|context.tf> file to the latest version from cloudposse\/terraform-null-label\n\n---\nwhy\n---\n\nTo support all the features of the context interface.\n```\n<https:\/\/newreleases.io\/github\/cloudposse\/terraform-aws-alb-ingress?version=0.19.1|release note...>",
                "title": "cloudposse\/terraform-aws-alb-ingress on GitHub",
                "id": 1,
                "title_link": "https:\/\/newreleases.io\/github\/cloudposse\/terraform-aws-alb-ingress",
                "mrkdwn_in": [
                    "text"
                ]
            }
        ]
    },
    {
        "type": "message",
        "subtype": "bot_message",
        "text": "",
        "ts": "1612494782.003500",
        "bot_id": "BG2UDF0NA",
        "attachments": [
            {
                "fallback": "cloudposse\/terraform-aws-cloudfront-cdn on GitHub\nv0.14.10.14.1 \nrelease note: <https:\/\/newreleases.io\/github\/cloudposse\/terraform-aws-cloudfront-cdn?version=0.14.1>",
                "text": "*v0.14.1* `0.14.1` \n```\n-------------------\n🤖 Automatic Updates\n-------------------\n\nUpdate <http:\/\/context.tf|context.tf> @cloudpossebot (#55)\n\n## what\nThis is an auto-generated PR that updates the <http:\/\/context.tf|context.tf> file to the latest version from cloudposse\/terraform-null-label\n\n---\nwhy\n---\n\nTo support all the features of the context interface.\n```\n<https:\/\/newreleases.io\/github\/cloudposse\/terraform-aws-cloudfront-cdn?version=0.14.1|release note...>",
                "title": "cloudposse\/terraform-aws-cloudfront-cdn on GitHub",
                "id": 1,
                "title_link": "https:\/\/newreleases.io\/github\/cloudposse\/terraform-aws-cloudfront-cdn",
                "mrkdwn_in": [
                    "text"
                ]
            }
        ]
    },
    {
        "type": "message",
        "subtype": "bot_message",
        "text": "",
        "ts": "1612494939.003600",
        "bot_id": "BG2UDF0NA",
        "attachments": [
            {
                "fallback": "cloudposse\/terraform-aws-codebuild on GitHub\nv0.31.10.31.1 \nrelease note: <https:\/\/newreleases.io\/github\/cloudposse\/terraform-aws-codebuild?version=0.31.1>",
                "text": "*v0.31.1* `0.31.1` \n```\n-------------------\n🤖 Automatic Updates\n-------------------\n\nUpdate <http:\/\/context.tf|context.tf> @cloudpossebot (#80)\n\n## what\nThis is an auto-generated PR that updates the <http:\/\/context.tf|context.tf> file to the latest version from cloudposse\/terraform-null-label\n\n---\nwhy\n---\n\nTo support all the features of the context interface.\n```\n<https:\/\/newreleases.io\/github\/cloudposse\/terraform-aws-codebuild?version=0.31.1|release note...>",
                "title": "cloudposse\/terraform-aws-codebuild on GitHub",
                "id": 1,
                "title_link": "https:\/\/newreleases.io\/github\/cloudposse\/terraform-aws-codebuild",
                "mrkdwn_in": [
                    "text"
                ]
            }
        ]
    },
    {
        "type": "message",
        "subtype": "bot_message",
        "text": "",
        "ts": "1612508494.003700",
        "bot_id": "BG2UDF0NA",
        "attachments": [
            {
                "fallback": "terraform-providers\/terraform-provider-azurerm on GitHub\nv2.46.0v2.46.0 updated\nrelease note: <https:\/\/newreleases.io\/github\/terraform-providers\/terraform-provider-azurerm?version=v2.46.0>",
                "text": "*v2.46.0* `v2.46.0` _updated_\n<https:\/\/newreleases.io\/github\/terraform-providers\/terraform-provider-azurerm?version=v2.46.0|release note...>",
                "title": "terraform-providers\/terraform-provider-azurerm on GitHub",
                "id": 1,
                "title_link": "https:\/\/newreleases.io\/github\/terraform-providers\/terraform-provider-azurerm",
                "mrkdwn_in": [
                    "text"
                ]
            }
        ]
    }
]