[
    {
        "type": "message",
        "subtype": "bot_message",
        "text": "",
        "ts": "1614021158.000400",
        "bot_id": "BG2UDF0NA",
        "attachments": [
            {
                "fallback": "terraform-aws-modules\/terraform-aws-rds on GitHub\nv2.21.0",
                "text": "`v2.21.0`",
                "title": "terraform-aws-modules\/terraform-aws-rds on GitHub",
                "id": 1,
                "title_link": "https:\/\/newreleases.io\/github\/terraform-aws-modules\/terraform-aws-rds",
                "mrkdwn_in": [
                    "text"
                ]
            }
        ]
    },
    {
        "type": "message",
        "subtype": "bot_message",
        "text": "",
        "ts": "1614050846.000500",
        "bot_id": "BG2UDF0NA",
        "attachments": [
            {
                "fallback": "hashicorp\/terraform-provider-aws on GitHub\nv3.29.1v3.29.1 \nrelease note: <https:\/\/newreleases.io\/github\/hashicorp\/terraform-provider-aws?version=v3.29.1>",
                "text": "*v3.29.1* `v3.29.1` \n```\nBUG FIXES:\n\n* data-source\/aws_iam_policy_document: Keep empty conditions ( #17752 ( <https:\/\/github.com\/hashicorp\/terraform-provider-aws\/issues\/17752> ) )\n\n* resource\/aws_db_instance: Fix conflicting argument validation error ( #17755 ( <https:\/\/github.com\/hashicorp\/terraform-provider-aws\/issues\/17755> ) )\n\n* resource\/aws_instance: Prevent error with iam_instance_profile containing additional forward slashes from path ( #17734 ( <https:\/\/github.com\/hashicorp\/terraform-provider-aws\/issues\/17734> ) )\n\n* resource\/aws_lb_target_group_attachment: Retry InvalidTarget errors when creating ( #8538 ( <https:\/\/github.com\/hashicorp\/terraform-provider-aws\/issues\/8538> ) )\n\n* resource\/aws_synthetics_canary: Fix Canary Update when in running state ( #17704 ( <https:\/\/github.com\/hashicorp\/terraform-provider-aws\/issues\/17704> ) )\n```\n<https:\/\/newreleases.io\/github\/hashicorp\/terraform-provider-aws?version=v3.29.1|release note...>",
                "title": "hashicorp\/terraform-provider-aws on GitHub",
                "id": 1,
                "title_link": "https:\/\/newreleases.io\/github\/hashicorp\/terraform-provider-aws",
                "mrkdwn_in": [
                    "text"
                ]
            }
        ]
    },
    {
        "type": "message",
        "subtype": "bot_message",
        "text": "",
        "ts": "1614050915.000600",
        "bot_id": "BG2UDF0NA",
        "attachments": [
            {
                "fallback": "terraform-docs\/terraform-docs on GitHub\nv0.11.2v0.11.2 \nrelease note: <https:\/\/newreleases.io\/github\/terraform-docs\/terraform-docs?version=v0.11.2>",
                "text": "*v0.11.2* `v0.11.2` \n```\n---------\nChangelog\n---------\n\nBug Fixes\n---------\n\n09ab491 Fixed lexicographic sorting of resources\nfef4035 Use 'latest' as resource link if not a fixed version\n\n-------------\nDocker images\n-------------\n\n* docker pull <http:\/\/quay.io\/terraform-docs\/terraform-docs:latest|quay.io\/terraform-docs\/terraform-docs:latest>\n\n* docker pull <http:\/\/quay.io\/terraform-docs\/terraform-docs:0.11.2|quay.io\/terraform-docs\/terraform-docs:0.11.2>\n\n------------\nContributors\n------------\n\nVery special thanks to the contributors.\n\n* @khos2ow\n\n* @sergei-ivanov\n```\n<https:\/\/newreleases.io\/github\/terraform-docs\/terraform-docs?version=v0.11.2|release note...>",
                "title": "terraform-docs\/terraform-docs on GitHub",
                "id": 1,
                "title_link": "https:\/\/newreleases.io\/github\/terraform-docs\/terraform-docs",
                "mrkdwn_in": [
                    "text"
                ]
            }
        ]
    }
]