[
    {
        "type": "message",
        "subtype": "bot_message",
        "text": "",
        "ts": "1612513406.003800",
        "bot_id": "BG2UDF0NA",
        "attachments": [
            {
                "fallback": "terraform-providers\/terraform-provider-azurerm on GitHub\nv2.46.1",
                "text": "`v2.46.1`",
                "title": "terraform-providers\/terraform-provider-azurerm on GitHub",
                "id": 1,
                "title_link": "https:\/\/newreleases.io\/github\/terraform-providers\/terraform-provider-azurerm",
                "mrkdwn_in": [
                    "text"
                ]
            }
        ]
    },
    {
        "type": "message",
        "subtype": "bot_message",
        "text": "",
        "ts": "1612514092.003900",
        "bot_id": "BG2UDF0NA",
        "attachments": [
            {
                "fallback": "terraform-providers\/terraform-provider-azurerm on GitHub\nv2.46.1v2.46.1 updated\nrelease note: <https:\/\/newreleases.io\/github\/terraform-providers\/terraform-provider-azurerm?version=v2.46.1>",
                "text": "*v2.46.1* `v2.46.1` _updated_\n```\n--------------------------\n2.46.1 (February 05, 2021)\n--------------------------\n\nBUG FIXES:\n\n* azurerm_lb_backend_address_pool - mark backend_address as computed ( #10481 ( <https:\/\/github.com\/terraform-providers\/terraform-provider-azurerm\/issues\/10481> ) )\n\n* azurerm_storage_data_lake_gen2_filesystem_resource - do not set\/retrieve ACLs when HNS is not enabled ( #10470 ( <https:\/\/github.com\/terraform-providers\/terraform-provider-azurerm\/issues\/10470> ) )\n```\n<https:\/\/newreleases.io\/github\/terraform-providers\/terraform-provider-azurerm?version=v2.46.1|release note...>",
                "title": "terraform-providers\/terraform-provider-azurerm on GitHub",
                "id": 1,
                "title_link": "https:\/\/newreleases.io\/github\/terraform-providers\/terraform-provider-azurerm",
                "mrkdwn_in": [
                    "text"
                ]
            }
        ]
    }
]