[
    {
        "client_msg_id": "53f4314e-59b3-4823-8dc5-35ef6d1f1b8a",
        "type": "message",
        "text": "route53 resolverを攻めているんですが、CRU全部いじったあとTestが通らない\nうーーん。moduleが行けてないのかな\n```\n-&gt; % make testacc TEST=.\/aws TESTARGS='-run=TestAccAwsRoute53ResolverEndpoint_'\n==&gt; Checking that code complies with gofmt requirements...\nTF_ACC=1 go test .\/aws -v -count 1 -parallel 20 -run=TestAccAwsRoute53ResolverEndpoint_ -timeout 120m\n=== RUN   TestAccAwsRoute53ResolverEndpoint_basicInbound\n=== PAUSE TestAccAwsRoute53ResolverEndpoint_basicInbound\n=== RUN   TestAccAwsRoute53ResolverEndpoint_updateOutbound\n=== PAUSE TestAccAwsRoute53ResolverEndpoint_updateOutbound\n=== CONT  TestAccAwsRoute53ResolverEndpoint_basicInbound\n=== CONT  TestAccAwsRoute53ResolverEndpoint_updateOutbound\n--- FAIL: TestAccAwsRoute53ResolverEndpoint_basicInbound (75.86s)\n    testing.go:615: Step 0 error: errors during apply:\n\n        Error: error listing tags for Route53 Resolver endpoint (rslvr-in-a45e4ad312e7457bb): InvalidParameterException: [RSLVR-00902] Malformed resource arn: \"rslvr-in-a45e4ad312e7457bb\"\n        \tstatus code: 400, request id: 8ee12fff-9feb-4956-807a-aa4680dc5c82\n\n          on \/var\/folders\/q7\/2z1zngpj5cxdf3wm6dz7kcy40000gn\/T\/tf-test084006350\/main.tf line 64:\n          (source code not available)\n\n\n    testing.go:676: Error destroying resource! WARNING: Dangling resources\n        may exist. The full state and error is shown below.\n\n        Error: errors during refresh: error listing tags for Route53 Resolver endpoint (rslvr-in-a45e4ad312e7457bb): InvalidParameterException: [RSLVR-00902] Malformed resource arn: \"rslvr-in-a45e4ad312e7457bb\"\n        \tstatus code: 400, request id: b94156e6-4408-44f8-93a1-533bd786e87a\n\n        State: &lt;nil&gt;\n--- FAIL: TestAccAwsRoute53ResolverEndpoint_updateOutbound (129.20s)\n    testing.go:615: Step 0 error: errors during apply:\n\n        Error: error listing tags for Route53 Resolver endpoint (rslvr-out-d01456069ec440db9): InvalidParameterException: [RSLVR-00902] Malformed resource arn: \"rslvr-out-d01456069ec440db9\"\n        \tstatus code: 400, request id: a74b2633-4c9c-45cd-8841-af8f7587e9e4\n\n          on \/var\/folders\/q7\/2z1zngpj5cxdf3wm6dz7kcy40000gn\/T\/tf-test476417237\/main.tf line 64:\n          (source code not available)\n\n\n    testing.go:676: Error destroying resource! WARNING: Dangling resources\n        may exist. The full state and error is shown below.\n\n        Error: errors during refresh: error listing tags for Route53 Resolver endpoint (rslvr-out-d01456069ec440db9): InvalidParameterException: [RSLVR-00902] Malformed resource arn: \"rslvr-out-d01456069ec440db9\"\n        \tstatus code: 400, request id: f8031366-5512-4433-ba5a-5e121047d3ea\n\n        State: &lt;nil&gt;\nFAIL\nFAIL\t<http:\/\/github.com\/terraform-providers\/terraform-provider-aws\/aws|github.com\/terraform-providers\/terraform-provider-aws\/aws>\t129.266s\nFAIL\nmake: *** [testacc] Error 1\n```",
        "user": "ULYDVRXNY",
        "ts": "1573495700.039200",
        "team": "TFU0BKCQP",
        "user_team": "TFU0BKCQP",
        "source_team": "TFU0BKCQP",
        "user_profile": {
            "avatar_hash": "g9c7eabda30b",
            "image_72": "https:\/\/secure.gravatar.com\/avatar\/49c7eabda30bc2f9f8d56e3d1c90ae56.jpg?s=72&d=https%3A%2F%2Fa.slack-edge.com%2Fdf10d%2Fimg%2Favatars%2Fava_0014-72.png",
            "first_name": "",
            "real_name": "narikawa",
            "display_name": "narikawa",
            "team": "TFU0BKCQP",
            "name": "narikawa.t",
            "is_restricted": false,
            "is_ultra_restricted": false
        },
        "thread_ts": "1573370457.034200",
        "parent_user_id": "UKAKENQAF"
    },
    {
        "client_msg_id": "164bfd95-057a-410d-9bcd-22de46277130",
        "type": "message",
        "text": "今日中に１個出したかったんだけどなぁ。無念",
        "user": "ULYDVRXNY",
        "ts": "1573495717.039400",
        "team": "TFU0BKCQP",
        "user_team": "TFU0BKCQP",
        "source_team": "TFU0BKCQP",
        "user_profile": {
            "avatar_hash": "g9c7eabda30b",
            "image_72": "https:\/\/secure.gravatar.com\/avatar\/49c7eabda30bc2f9f8d56e3d1c90ae56.jpg?s=72&d=https%3A%2F%2Fa.slack-edge.com%2Fdf10d%2Fimg%2Favatars%2Fava_0014-72.png",
            "first_name": "",
            "real_name": "narikawa",
            "display_name": "narikawa",
            "team": "TFU0BKCQP",
            "name": "narikawa.t",
            "is_restricted": false,
            "is_ultra_restricted": false
        },
        "thread_ts": "1573370457.034200",
        "parent_user_id": "UKAKENQAF"
    },
    {
        "client_msg_id": "e5a3e252-d3d7-4860-902c-8291d4d4202e",
        "type": "message",
        "text": "明日debugする",
        "user": "ULYDVRXNY",
        "ts": "1573495729.039600",
        "team": "TFU0BKCQP",
        "user_team": "TFU0BKCQP",
        "source_team": "TFU0BKCQP",
        "user_profile": {
            "avatar_hash": "g9c7eabda30b",
            "image_72": "https:\/\/secure.gravatar.com\/avatar\/49c7eabda30bc2f9f8d56e3d1c90ae56.jpg?s=72&d=https%3A%2F%2Fa.slack-edge.com%2Fdf10d%2Fimg%2Favatars%2Fava_0014-72.png",
            "first_name": "",
            "real_name": "narikawa",
            "display_name": "narikawa",
            "team": "TFU0BKCQP",
            "name": "narikawa.t",
            "is_restricted": false,
            "is_ultra_restricted": false
        },
        "thread_ts": "1573370457.034200",
        "parent_user_id": "UKAKENQAF"
    },
    {
        "client_msg_id": "8abd1386-35f3-493b-84a0-28ec82ea2299",
        "type": "message",
        "text": "ここで怒られている\n```\ntags, err := keyvaluetags.Route53resolverListTags(conn, d.Id())\n```",
        "user": "ULYDVRXNY",
        "ts": "1573495798.039800",
        "team": "TFU0BKCQP",
        "user_team": "TFU0BKCQP",
        "source_team": "TFU0BKCQP",
        "user_profile": {
            "avatar_hash": "g9c7eabda30b",
            "image_72": "https:\/\/secure.gravatar.com\/avatar\/49c7eabda30bc2f9f8d56e3d1c90ae56.jpg?s=72&d=https%3A%2F%2Fa.slack-edge.com%2Fdf10d%2Fimg%2Favatars%2Fava_0014-72.png",
            "first_name": "",
            "real_name": "narikawa",
            "display_name": "narikawa",
            "team": "TFU0BKCQP",
            "name": "narikawa.t",
            "is_restricted": false,
            "is_ultra_restricted": false
        },
        "thread_ts": "1573370457.034200",
        "parent_user_id": "UKAKENQAF"
    },
    {
        "client_msg_id": "5a282945-1985-475a-bb27-b0d911b3cccb",
        "type": "message",
        "text": "d.Id()にarnが入ってないのかと",
        "user": "UKAKENQAF",
        "ts": "1573518790.040000",
        "team": "TFU0BKCQP",
        "user_team": "TFU0BKCQP",
        "source_team": "TFU0BKCQP",
        "user_profile": {
            "avatar_hash": "12cb7b39ae77",
            "image_72": "https:\/\/avatars.slack-edge.com\/2020-03-01\/963049719842_12cb7b39ae7726f3acf8_72.jpg",
            "first_name": "teraken0509",
            "real_name": "teraken0509",
            "display_name": "teraken0509",
            "team": "TFU0BKCQP",
            "name": "kterada.0509sg",
            "is_restricted": false,
            "is_ultra_restricted": false
        },
        "thread_ts": "1573370457.034200",
        "parent_user_id": "UKAKENQAF"
    },
    {
        "client_msg_id": "c8eb4a83-fd81-47d4-9645-a6389b9c3195",
        "type": "message",
        "text": "代わりに、 `d.Get(\"arn\").(string)` を指定してあげるといけるかも",
        "user": "UKAKENQAF",
        "ts": "1573518822.040200",
        "team": "TFU0BKCQP",
        "user_team": "TFU0BKCQP",
        "source_team": "TFU0BKCQP",
        "user_profile": {
            "avatar_hash": "12cb7b39ae77",
            "image_72": "https:\/\/avatars.slack-edge.com\/2020-03-01\/963049719842_12cb7b39ae7726f3acf8_72.jpg",
            "first_name": "teraken0509",
            "real_name": "teraken0509",
            "display_name": "teraken0509",
            "team": "TFU0BKCQP",
            "name": "kterada.0509sg",
            "is_restricted": false,
            "is_ultra_restricted": false
        },
        "edited": {
            "user": "UKAKENQAF",
            "ts": "1573518826.000000"
        },
        "thread_ts": "1573370457.034200",
        "parent_user_id": "UKAKENQAF"
    },
    {
        "client_msg_id": "95c7a1ab-5f8a-44b3-9eed-db940cd94dc5",
        "type": "message",
        "text": "あ〜 endpoint_idでidentifyできないのかな。。",
        "user": "ULYDVRXNY",
        "ts": "1573526720.040600",
        "team": "TFU0BKCQP",
        "user_team": "TFU0BKCQP",
        "source_team": "TFU0BKCQP",
        "user_profile": {
            "avatar_hash": "g9c7eabda30b",
            "image_72": "https:\/\/secure.gravatar.com\/avatar\/49c7eabda30bc2f9f8d56e3d1c90ae56.jpg?s=72&d=https%3A%2F%2Fa.slack-edge.com%2Fdf10d%2Fimg%2Favatars%2Fava_0014-72.png",
            "first_name": "",
            "real_name": "narikawa",
            "display_name": "narikawa",
            "team": "TFU0BKCQP",
            "name": "narikawa.t",
            "is_restricted": false,
            "is_ultra_restricted": false
        },
        "thread_ts": "1573370457.034200",
        "parent_user_id": "UKAKENQAF"
    },
    {
        "client_msg_id": "741d20e3-208d-48cc-9f1c-7c347442fc2c",
        "type": "message",
        "text": "<@UKAKENQAF>\n`d.Get(\"arn\").(string)`指定で行けました:man-bowing:感謝:woman-bowing:\n```\n-&gt; % make testacc TEST=.\/aws TESTARGS='-run=TestAccAwsRoute53ResolverEndpoint_'\n==&gt; Checking that code complies with gofmt requirements...\nTF_ACC=1 go test .\/aws -v -count 1 -parallel 20 -run=TestAccAwsRoute53ResolverEndpoint_ -timeout 120m\n=== RUN   TestAccAwsRoute53ResolverEndpoint_basicInbound\n=== PAUSE TestAccAwsRoute53ResolverEndpoint_basicInbound\n=== RUN   TestAccAwsRoute53ResolverEndpoint_updateOutbound\n=== PAUSE TestAccAwsRoute53ResolverEndpoint_updateOutbound\n=== CONT  TestAccAwsRoute53ResolverEndpoint_basicInbound\n=== CONT  TestAccAwsRoute53ResolverEndpoint_updateOutbound\n--- PASS: TestAccAwsRoute53ResolverEndpoint_basicInbound (110.35s)\n--- PASS: TestAccAwsRoute53ResolverEndpoint_updateOutbound (431.22s)\nPASS\nok  \t<http:\/\/github.com\/terraform-providers\/terraform-provider-aws\/aws|github.com\/terraform-providers\/terraform-provider-aws\/aws>\t431.276s\n```",
        "user": "ULYDVRXNY",
        "ts": "1573528675.040800",
        "team": "TFU0BKCQP",
        "user_team": "TFU0BKCQP",
        "source_team": "TFU0BKCQP",
        "user_profile": {
            "avatar_hash": "g9c7eabda30b",
            "image_72": "https:\/\/secure.gravatar.com\/avatar\/49c7eabda30bc2f9f8d56e3d1c90ae56.jpg?s=72&d=https%3A%2F%2Fa.slack-edge.com%2Fdf10d%2Fimg%2Favatars%2Fava_0014-72.png",
            "first_name": "",
            "real_name": "narikawa",
            "display_name": "narikawa",
            "team": "TFU0BKCQP",
            "name": "narikawa.t",
            "is_restricted": false,
            "is_ultra_restricted": false
        },
        "thread_ts": "1573370457.034200",
        "parent_user_id": "UKAKENQAF",
        "reactions": [
            {
                "name": "+1",
                "users": [
                    "UKAKENQAF"
                ],
                "count": 1
            }
        ]
    },
    {
        "client_msg_id": "ba2b6929-56d1-4df8-b3a5-4b2c132b2d2b",
        "type": "message",
        "text": "初pull requestを出しました！ Great thanks to <@UKAKENQAF> and <@UG46Z57TN>\n<https:\/\/github.com\/terraform-providers\/terraform-provider-aws\/pull\/10842>",
        "user": "ULYDVRXNY",
        "ts": "1573529482.042000",
        "team": "TFU0BKCQP",
        "user_team": "TFU0BKCQP",
        "source_team": "TFU0BKCQP",
        "user_profile": {
            "avatar_hash": "g9c7eabda30b",
            "image_72": "https:\/\/secure.gravatar.com\/avatar\/49c7eabda30bc2f9f8d56e3d1c90ae56.jpg?s=72&d=https%3A%2F%2Fa.slack-edge.com%2Fdf10d%2Fimg%2Favatars%2Fava_0014-72.png",
            "first_name": "",
            "real_name": "narikawa",
            "display_name": "narikawa",
            "team": "TFU0BKCQP",
            "name": "narikawa.t",
            "is_restricted": false,
            "is_ultra_restricted": false
        },
        "attachments": [
            {
                "author_name": "fukubaka0825",
                "fallback": "[terraform-providers\/terraform-provider-aws] #10842 fix to use keyvaluetags in aws_route53_resolver_endpoint and aws_rout…",
                "text": "*Community Note*\n\n• Please vote on this pull request by adding a :+1: <https:\/\/blog.github.com\/2016-03-10-add-reactions-to-pull-requests-issues-and-comments\/|reaction> to the original pull request comment to help the community and maintainers prioritize this request\n• Please do not leave \"+1\" comments, they generate extra noise for pull request followers and do not help prioritize the request\n\nRelates <https:\/\/github.com\/terraform-providers\/terraform-provider-aws\/issues\/10688|#10688>\n\nRelease note for <https:\/\/github.com\/terraform-providers\/terraform-provider-aws\/blob\/master\/CHANGELOG.md|CHANGELOG>:\n\n```\nNONE\n\n```\n\nOutput from acceptance testing:\n\n• `aws_route53_resolver_endpoint`\n\n```\n-&gt; % make testacc TEST=.\/aws TESTARGS='-run=TestAccAwsRoute53ResolverEndpoint_'\n==&gt; Checking that code complies with gofmt requirements...\nTF_ACC=1 go test .\/aws -v -count 1 -parallel 20 -run=TestAccAwsRoute53ResolverEndpoint_ -timeout 120m\n=== RUN   TestAccAwsRoute53ResolverEndpoint_basicInbound\n=== PAUSE TestAccAwsRoute53ResolverEndpoint_basicInbound\n=== RUN   TestAccAwsRoute53ResolverEndpoint_updateOutbound\n=== PAUSE TestAccAwsRoute53ResolverEndpoint_updateOutbound\n=== CONT  TestAccAwsRoute53ResolverEndpoint_basicInbound\n=== CONT  TestAccAwsRoute53ResolverEndpoint_updateOutbound\n--- PASS: TestAccAwsRoute53ResolverEndpoint_basicInbound (110.35s)\n--- PASS: TestAccAwsRoute53ResolverEndpoint_updateOutbound (431.22s)\nPASS\nok  \t<http:\/\/github.com\/terraform-providers\/terraform-provider-aws\/aws|github.com\/terraform-providers\/terraform-provider-aws\/aws>\t431.276s\n\n```\n\n• `aws_route53_resolver_rule`\n\n```\n-&gt; % make testacc TEST=.\/aws TESTARGS='-run=TestAccAwsRoute53ResolverRule_'\n==&gt; Checking that code complies with gofmt requirements...\nTF_ACC=1 go test .\/aws -v -count 1 -parallel 20 -run=TestAccAwsRoute53ResolverRule_ -timeout 120m\n=== RUN   TestAccAwsRoute53ResolverRule_basic\n=== PAUSE TestAccAwsRoute53ResolverRule_basic\n=== RUN   TestAccAwsRoute53ResolverRule_tags\n=== PAUSE TestAccAwsRoute53ResolverRule_tags\n=== RUN   TestAccAwsRoute53ResolverRule_updateName\n=== PAUSE TestAccAwsRoute53ResolverRule_updateName\n=== RUN   TestAccAwsRoute53ResolverRule_forward\n=== PAUSE TestAccAwsRoute53ResolverRule_forward\n=== RUN   TestAccAwsRoute53ResolverRule_forwardEndpointRecreate\n=== PAUSE TestAccAwsRoute53ResolverRule_forwardEndpointRecreate\n=== CONT  TestAccAwsRoute53ResolverRule_basic\n=== CONT  TestAccAwsRoute53ResolverRule_forward\n=== CONT  TestAccAwsRoute53ResolverRule_updateName\n=== CONT  TestAccAwsRoute53ResolverRule_tags\n=== CONT  TestAccAwsRoute53ResolverRule_forwardEndpointRecreate\n--- PASS: TestAccAwsRoute53ResolverRule_basic (58.61s)\n--- PASS: TestAccAwsRoute53ResolverRule_updateName (93.64s)\n--- PASS: TestAccAwsRoute53ResolverRule_tags (107.47s)\n--- PASS: TestAccAwsRoute53ResolverRule_forward (372.85s)\n--- PASS: TestAccAwsRoute53ResolverRule_forwardEndpointRecreate (477.22s)\nPASS\nok  \t<http:\/\/github.com\/terraform-providers\/terraform-provider-aws\/aws|github.com\/terraform-providers\/terraform-provider-aws\/aws>\t477.299s\n\n```",
                "title": "#10842 fix to use keyvaluetags in aws_route53_resolver_endpoint and aws_rout…",
                "footer": "<https:\/\/github.com\/terraform-providers\/terraform-provider-aws|terraform-providers\/terraform-provider-aws>",
                "id": 1,
                "title_link": "https:\/\/github.com\/terraform-providers\/terraform-provider-aws\/pull\/10842",
                "author_link": "https:\/\/github.com\/fukubaka0825",
                "author_icon": "https:\/\/avatars1.githubusercontent.com\/u\/43064247?v=4",
                "footer_icon": "https:\/\/github.githubassets.com\/favicon.ico",
                "ts": 1573529361,
                "color": "36a64f",
                "fields": [
                    {
                        "title": "Labels",
                        "value": "needs-triage, service\/route53resolver, size\/S",
                        "short": true
                    },
                    {
                        "title": "Reviewers",
                        "value": "@terraform-providers\/aws-provider",
                        "short": true
                    }
                ],
                "mrkdwn_in": [
                    "text"
                ],
                "bot_id": "BH12QQBB4",
                "app_unfurl_url": "https:\/\/github.com\/terraform-providers\/terraform-provider-aws\/pull\/10842",
                "is_app_unfurl": true
            }
        ],
        "thread_ts": "1573529482.042000",
        "reply_count": 3,
        "reply_users_count": 3,
        "latest_reply": "1573791380.044800",
        "reply_users": [
            "UKAKENQAF",
            "UG46Z57TN",
            "ULYDVRXNY"
        ],
        "replies": [
            {
                "user": "UKAKENQAF",
                "ts": "1573781926.044100"
            },
            {
                "user": "UG46Z57TN",
                "ts": "1573784373.044400"
            },
            {
                "user": "ULYDVRXNY",
                "ts": "1573791380.044800"
            }
        ],
        "subscribed": false,
        "reactions": [
            {
                "name": "tada",
                "users": [
                    "UFU0BKD8F",
                    "UG46Z57TN",
                    "ULSFRJ2LR",
                    "UHS4SFFA7",
                    "ULFK57XL4",
                    "ULSHHPEBB",
                    "ULMG6D5GB",
                    "UFTKSQ25T"
                ],
                "count": 8
            },
            {
                "name": "sugoi",
                "users": [
                    "UFTKSQ25T"
                ],
                "count": 1
            }
        ]
    },
    {
        "client_msg_id": "c315ea02-5c55-49be-bd3d-d20e149cd02c",
        "type": "message",
        "text": "このtopicで週末あと2,3個出したいな",
        "user": "ULYDVRXNY",
        "ts": "1573529557.042900",
        "team": "TFU0BKCQP",
        "user_team": "TFU0BKCQP",
        "source_team": "TFU0BKCQP",
        "user_profile": {
            "avatar_hash": "g9c7eabda30b",
            "image_72": "https:\/\/secure.gravatar.com\/avatar\/49c7eabda30bc2f9f8d56e3d1c90ae56.jpg?s=72&d=https%3A%2F%2Fa.slack-edge.com%2Fdf10d%2Fimg%2Favatars%2Fava_0014-72.png",
            "first_name": "",
            "real_name": "narikawa",
            "display_name": "narikawa",
            "team": "TFU0BKCQP",
            "name": "narikawa.t",
            "is_restricted": false,
            "is_ultra_restricted": false
        }
    }
]