[
    {
        "client_msg_id": "AF1F806E-AAD5-4843-A920-8173430390DA",
        "type": "message",
        "text": "ありがとうございまーす！",
        "user": "ULSFRJ2LR",
        "ts": "1574259371.047100",
        "team": "TFU0BKCQP",
        "user_team": "TFU0BKCQP",
        "source_team": "TFU0BKCQP",
        "user_profile": {
            "avatar_hash": "1b39a4b3bbe3",
            "image_72": "https:\/\/avatars.slack-edge.com\/2019-09-06\/738077829554_1b39a4b3bbe3cfaca2db_72.png",
            "first_name": "niida",
            "real_name": "niida",
            "display_name": "niida",
            "team": "TFU0BKCQP",
            "name": "a_niida",
            "is_restricted": false,
            "is_ultra_restricted": false
        },
        "thread_ts": "1572954616.027000",
        "parent_user_id": "ULSFRJ2LR"
    }
]