[
    {
        "client_msg_id": "2ce1f701-05d8-422b-b30b-af83b35467a0",
        "type": "message",
        "text": "[お詫び]10\/02 meetup#2ご参加ありがとうございました！イベント終了後アンケートで会場スポンサーのカジュアル面談を希望された方へ。メールアドレスの記入欄を設けなかったため、コチラから連絡する方法がございませんでした。お手数ですが私までご連絡頂けると幸いです。\n大変失礼いたしました:bow:\n\n会場にMACの電源アダプタのお忘れ物もありましたので、そちらのご連絡もお待ちしております。\n\n<https:\/\/terraform-jp.slack.com\/archives\/CL3G8HMUN\/p1570021935056800>",
        "user": "UFTKSQ25T",
        "ts": "1570060692.005200",
        "team": "TFU0BKCQP",
        "user_team": "TFU0BKCQP",
        "source_team": "TFU0BKCQP",
        "user_profile": {
            "avatar_hash": "g0bffa2bb65a",
            "image_72": "https:\/\/secure.gravatar.com\/avatar\/10bffa2bb65aa200d991e14d6110f549.jpg?s=72&d=https%3A%2F%2Fa.slack-edge.com%2Fdf10d%2Fimg%2Favatars%2Fava_0016-72.png",
            "first_name": "",
            "real_name": "morihaya",
            "display_name": "",
            "team": "TFU0BKCQP",
            "name": "yukiya.hayashi",
            "is_restricted": false,
            "is_ultra_restricted": false
        },
        "attachments": [
            {
                "from_url": "https:\/\/terraform-jp.slack.com\/archives\/CL3G8HMUN\/p1570021935056800",
                "fallback": "[October 2nd, 2019 6:12 AM] yukiya.hayashi: 忘れ物がありました。MACのアダプタです。\n心当たりのある方、ご連絡下さい",
                "ts": "1570021935.056800",
                "author_id": "UFTKSQ25T",
                "author_subname": "morihaya",
                "channel_id": "CL3G8HMUN",
                "channel_name": "meetup",
                "is_msg_unfurl": true,
                "text": "忘れ物がありました。MACのアダプタです。\n心当たりのある方、ご連絡下さい",
                "author_name": "morihaya",
                "author_link": "https:\/\/terraform-jp.slack.com\/team\/UFTKSQ25T",
                "author_icon": "https:\/\/secure.gravatar.com\/avatar\/10bffa2bb65aa200d991e14d6110f549.jpg?s=48&d=https%3A%2F%2Fa.slack-edge.com%2F80588%2Fimg%2Favatars%2Fuser_shapes%2Fava_0016-48.png",
                "mrkdwn_in": [
                    "text"
                ],
                "files": [
                    {
                        "id": "FNL75NWHY",
                        "created": 1570021935,
                        "timestamp": 1570021935,
                        "name": "IMG_20191002_221108.jpg",
                        "title": "IMG_20191002_221108.jpg",
                        "mimetype": "image\/jpeg",
                        "filetype": "jpg",
                        "pretty_type": "JPEG",
                        "user": "UFTKSQ25T",
                        "editable": false,
                        "size": 815391,
                        "mode": "hosted",
                        "is_external": false,
                        "external_type": "",
                        "is_public": true,
                        "public_url_shared": false,
                        "display_as_bot": false,
                        "username": "",
                        "url_private": "https:\/\/files.slack.com\/files-pri\/TFU0BKCQP-FNL75NWHY\/img_20191002_221108.jpg",
                        "url_private_download": "https:\/\/files.slack.com\/files-pri\/TFU0BKCQP-FNL75NWHY\/download\/img_20191002_221108.jpg",
                        "thumb_64": "https:\/\/files.slack.com\/files-tmb\/TFU0BKCQP-FNL75NWHY-1f7cd44868\/img_20191002_221108_64.jpg",
                        "thumb_80": "https:\/\/files.slack.com\/files-tmb\/TFU0BKCQP-FNL75NWHY-1f7cd44868\/img_20191002_221108_80.jpg",
                        "thumb_360": "https:\/\/files.slack.com\/files-tmb\/TFU0BKCQP-FNL75NWHY-1f7cd44868\/img_20191002_221108_360.jpg",
                        "thumb_360_w": 270,
                        "thumb_360_h": 360,
                        "thumb_480": "https:\/\/files.slack.com\/files-tmb\/TFU0BKCQP-FNL75NWHY-1f7cd44868\/img_20191002_221108_480.jpg",
                        "thumb_480_w": 360,
                        "thumb_480_h": 480,
                        "thumb_160": "https:\/\/files.slack.com\/files-tmb\/TFU0BKCQP-FNL75NWHY-1f7cd44868\/img_20191002_221108_160.jpg",
                        "thumb_720": "https:\/\/files.slack.com\/files-tmb\/TFU0BKCQP-FNL75NWHY-1f7cd44868\/img_20191002_221108_720.jpg",
                        "thumb_720_w": 540,
                        "thumb_720_h": 720,
                        "thumb_800": "https:\/\/files.slack.com\/files-tmb\/TFU0BKCQP-FNL75NWHY-1f7cd44868\/img_20191002_221108_800.jpg",
                        "thumb_800_w": 800,
                        "thumb_800_h": 1067,
                        "thumb_960": "https:\/\/files.slack.com\/files-tmb\/TFU0BKCQP-FNL75NWHY-1f7cd44868\/img_20191002_221108_960.jpg",
                        "thumb_960_w": 720,
                        "thumb_960_h": 960,
                        "thumb_1024": "https:\/\/files.slack.com\/files-tmb\/TFU0BKCQP-FNL75NWHY-1f7cd44868\/img_20191002_221108_1024.jpg",
                        "thumb_1024_w": 768,
                        "thumb_1024_h": 1024,
                        "image_exif_rotation": 6,
                        "original_w": 4032,
                        "original_h": 3024,
                        "permalink": "https:\/\/terraform-jp.slack.com\/files\/UFTKSQ25T\/FNL75NWHY\/img_20191002_221108.jpg",
                        "permalink_public": "https:\/\/slack-files.com\/TFU0BKCQP-FNL75NWHY-659ae322e0",
                        "has_rich_preview": false
                    }
                ],
                "id": 1,
                "original_url": "https:\/\/terraform-jp.slack.com\/archives\/CL3G8HMUN\/p1570021935056800",
                "footer": "#meetup に投稿"
            }
        ],
        "reactions": [
            {
                "name": "end",
                "users": [
                    "UFTKSQ25T"
                ],
                "count": 1
            }
        ]
    }
]