[
    {
        "type": "message",
        "subtype": "bot_message",
        "text": "",
        "ts": "1566837754.008900",
        "bot_id": "BG2UDF0NA",
        "attachments": [
            {
                "fallback": "hashicorp\/consul on GitHub\nv1.6.0",
                "text": "`v1.6.0`",
                "title": "hashicorp\/consul on GitHub",
                "id": 1,
                "title_link": "https:\/\/newreleases.io\/github\/hashicorp\/consul",
                "mrkdwn_in": [
                    "text"
                ]
            }
        ]
    },
    {
        "type": "message",
        "subtype": "bot_message",
        "text": "",
        "ts": "1566839327.009000",
        "bot_id": "BG2UDF0NA",
        "attachments": [
            {
                "fallback": "hashicorp\/terraform-github-actions on GitHub\nv0.3.6v0.3.6\nrelease note: <https:\/\/newreleases.io\/github\/hashicorp\/terraform-github-actions?version=v0.3.6>",
                "text": "*v0.3.6* `v0.3.6`\n```\nUpgrade to Terraform v0.12.7.\n```\n<https:\/\/newreleases.io\/github\/hashicorp\/terraform-github-actions?version=v0.3.6|release note...>",
                "title": "hashicorp\/terraform-github-actions on GitHub",
                "id": 1,
                "title_link": "https:\/\/newreleases.io\/github\/hashicorp\/terraform-github-actions",
                "mrkdwn_in": [
                    "text"
                ]
            }
        ]
    }
]