[
    {
        "type": "message",
        "subtype": "bot_message",
        "text": "",
        "ts": "1564668199.003100",
        "bot_id": "BG2UDF0NA",
        "attachments": [
            {
                "fallback": "terraform-providers\/terraform-provider-azurerm on GitHub\nv1.32.1v1.32.1 updated\nrelease note: <https:\/\/newreleases.io\/github\/terraform-providers\/terraform-provider-azurerm?version=v1.32.1>",
                "text": "*v1.32.1* `v1.32.1` _updated_\n```\nBUG FIXES:\n\n* azurerm_application_gateway fix an index out of range crash ( #3966 ( <https:\/\/github.com\/terraform-providers\/terraform-provider-azurerm\/issues\/3966> ) )\n\n* azurerm_api_management_backend - ensuring a nil certificates object is sent to the API instead of an empty one ( #3931 ( <https:\/\/github.com\/terraform-providers\/terraform-provider-azurerm\/issues\/3931> ) )\n\n* azurerm_api_managment_product - additional validation for approval_required ( #3945 ( <https:\/\/github.com\/terraform-providers\/terraform-provider-azurerm\/issues\/3945> ) )\n\n* azurerm_network_ddos_protection_plan - correctly decodes the resource ID on read\/delete ( #3975 ( <https:\/\/github.com\/terraform-providers\/terraform-provider-azurerm\/issues\/3975> ) )\n\n* aurerm_dev_test_virtual_network - generate subnet IDs in the correct format ( #3717 ( <https:\/\/github.com\/terraform-providers\/terraform-provider-azurerm\/issues\/3717> ) )\n\n* azurerm_iot_dps fixed deletion issue when using a service principal ( #3973 ( <https:\/\/github.com\/terraform-providers\/terraform-provider-azurerm\/issues\/3973> ) )\n\n* azurerm_kubernetes_cluster - the load_balancer_sku property is now case insensitive ( #3958 ( <https:\/\/github.com\/terraform-providers\/terraform-provider-azurerm\/issues\/3958> ) )\n\n* azurerm_postgresql_server - add missing support for version 11.0 ( #3970 ( <https:\/\/github.com\/terraform-providers\/terraform-provider-azurerm\/issues\/3970> ) )\n\n* azurerm_storage_* - prevent multiple panics when a storage account\/resource group cannot be found ( #3986 ( <https:\/\/github.com\/terraform-providers\/terraform-provider-azurerm\/issues\/3986> ) )\n\n* azurerm_storage_account - fix enable_advanced_threat_protection create\/read for unsupported regions ( #3947 ( <https:\/\/github.com\/terraform-providers\/terraform-provider-azurerm\/issues\/3947> ) )\n\n* azurerm_storage_table - now migrates older versions of the resource id to the new format ( #3932 ( <https:\/\/github.com\/terraform-providers\/terraform-provider-azurerm\/issues\/3932> ) )\n\n* azurerm_virtual_machine_scale_set - the ssh_keys property of the os_profile_linux_config block now recognizes updates ( #3837 ( <https:\/\/github.com\/terraform-providers\/terraform-provider-azurerm\/issues\/3837> ) )\n\n* azurerm_virtual_machine_scale_set - changes made to the network_profile property should now be correctly reflected during updates ( #3821 ( <https:\/\/github.com\/terraform-providers\/terraform-provider-azurerm\/issues\/3821> ) )\n```\n<https:\/\/newreleases.io\/github\/terraform-providers\/terraform-provider-azurerm?version=v1.32.1|release note...>",
                "title": "terraform-providers\/terraform-provider-azurerm on GitHub",
                "id": 1,
                "title_link": "https:\/\/newreleases.io\/github\/terraform-providers\/terraform-provider-azurerm",
                "mrkdwn_in": [
                    "text"
                ]
            }
        ]
    },
    {
        "type": "message",
        "subtype": "bot_message",
        "text": "",
        "ts": "1564686239.003200",
        "bot_id": "BG2UDF0NA",
        "attachments": [
            {
                "fallback": "terraform-providers\/terraform-provider-aws on GitHub\nv2.22.0",
                "text": "`v2.22.0`",
                "title": "terraform-providers\/terraform-provider-aws on GitHub",
                "id": 1,
                "title_link": "https:\/\/newreleases.io\/github\/terraform-providers\/terraform-provider-aws",
                "mrkdwn_in": [
                    "text"
                ]
            }
        ]
    },
    {
        "type": "message",
        "subtype": "bot_message",
        "text": "",
        "ts": "1564689243.003300",
        "bot_id": "BG2UDF0NA",
        "attachments": [
            {
                "fallback": "terraform-providers\/terraform-provider-aws on GitHub\nv2.22.0 updated",
                "text": "`v2.22.0` _updated_",
                "title": "terraform-providers\/terraform-provider-aws on GitHub",
                "id": 1,
                "title_link": "https:\/\/newreleases.io\/github\/terraform-providers\/terraform-provider-aws",
                "mrkdwn_in": [
                    "text"
                ]
            }
        ]
    },
    {
        "type": "message",
        "subtype": "bot_message",
        "text": "",
        "ts": "1564698825.003400",
        "bot_id": "BG2UDF0NA",
        "attachments": [
            {
                "fallback": "terraform-providers\/terraform-provider-google on GitHub\nv2.12.0",
                "text": "`v2.12.0`",
                "title": "terraform-providers\/terraform-provider-google on GitHub",
                "id": 1,
                "title_link": "https:\/\/newreleases.io\/github\/terraform-providers\/terraform-provider-google",
                "mrkdwn_in": [
                    "text"
                ]
            }
        ]
    }
]