[
    {
        "type": "message",
        "subtype": "bot_message",
        "text": "",
        "ts": "1564601614.002400",
        "bot_id": "BG2UDF0NA",
        "attachments": [
            {
                "fallback": "hashicorp\/terraform on GitHub\nv0.12.6",
                "text": "`v0.12.6`",
                "title": "hashicorp\/terraform on GitHub",
                "id": 1,
                "title_link": "https:\/\/newreleases.io\/github\/hashicorp\/terraform",
                "mrkdwn_in": [
                    "text"
                ]
            }
        ]
    },
    {
        "type": "message",
        "subtype": "bot_message",
        "text": "",
        "ts": "1564602217.002500",
        "bot_id": "BG2UDF0NA",
        "attachments": [
            {
                "fallback": "hashicorp\/terraform on GitHub\nv0.12.6 updated\nrelease note: <https:\/\/newreleases.io\/github\/hashicorp\/terraform?version=v0.12.6>",
                "text": "`v0.12.6` _updated_\n```\nNOTES:\n\n* backend\/s3: After this update, the AWS Go SDK will prefer credentials found via the AWS_PROFILE environment variable when both the AWS_PROFILE environment variable and the AWS_ACCESS_KEY_ID and AWS_SECRET_ACCESS_KEY environment variables are statically defined. Previously the SDK would ignore the AWS_PROFILE environment variable, if static environment credentials were also specified. This is listed as a bug fix in the AWS Go SDK release notes. ( #22253 ( <https:\/\/github.com\/hashicorp\/terraform\/issues\/22253> ) )\n\nNEW FEATURES:\n\n* backend\/oss: added support for assume role config ( #22186 ( <https:\/\/github.com\/hashicorp\/terraform\/issues\/22186> ) )\n\n* config: Resources can now use a for_each meta-argument ( #17179 ( <https:\/\/github.com\/hashicorp\/terraform\/issues\/17179> ) )\n\nENHANCEMENTS:\n\n* backend\/s3: Add support for assuming role via web identity token via the AWS_WEB_IDENTITY_TOKEN_FILE and AWS_ROLE_ARN environment variables ( #22253 ( <https:\/\/github.com\/hashicorp\/terraform\/issues\/22253> ) )\n\n* backend\/s3: Support automatic region validation for me-south-1. For AWS operations to work in the new region, the region must be explicitly enabled as outlined in the AWS Documentation ( <https:\/\/docs.aws.amazon.com\/general\/latest\/gr\/rande-manage.html#rande-manage-enable> ) ( #22253 ( <https:\/\/github.com\/hashicorp\/terraform\/issues\/22253> ) )\n\n* connection\/ssh: Improve connection debug messages ( #22097 ( <https:\/\/github.com\/hashicorp\/terraform\/issues\/22097> ) )\n\nBUG FIXES:\n\n* backend\/remote: remove misleading contents from error message ( #22148 ( <https:\/\/github.com\/hashicorp\/terraform\/issues\/22148> ) )\n\n* backend\/s3: Load credentials via the AWS_PROFILE environment variable (if available) when AWS_PROFILE is defined along with AWS_ACCESS_KEY_ID and AWS_SECRET_ACCESS_KEY ( #22253 ( <https:\/\/github.com\/hashicorp\/terraform\/issues\/22253> ) )\n\n* config: Improve conditionals to returns the correct type when dynamic values are present but unevaluated ( #22137 ( <https:\/\/github.com\/hashicorp\/terraform\/issues\/22137> ) )\n\n* config: Fix panic when mistakingly using dynamic on an attribute ( #22169 ( <https:\/\/github.com\/hashicorp\/terraform\/issues\/22169> ) )\n\n* cli: Fix crash with reset connection during init ( #22146 ( <https:\/\/github.com\/hashicorp\/terraform\/issues\/22146> ) )\n\n* cli: show all deposed instances and prevent crash in show command ( #22149 ( <https:\/\/github.com\/hashicorp\/terraform\/issues\/22149> ) )\n\n* configs\/configupgrade: Fix crash with nil hilNode ( #22181 ( <https:\/\/github.com\/hashicorp\/terraform\/issues\/22181> ) )\n\n* command\/fmt: now formats correctly in presence of here-docs ( #21434 ( <https:\/\/github.com\/hashicorp\/terraform\/issues\/21434> ) )\n\n* helper\/schema: don’t skip deprecation check during validation when attribute value is unknown ( #22262 ( <https:\/\/github.com\/hashicorp\/terraform\/issues\/22262> ) )\n\n* plugin\/sdk: allow MinItems &gt; 1 when dynamic blocks ( #22221 ( <https:\/\/github.com\/hashicorp\/terraform\/issues\/22221> ) )\n\n* plugin\/sdk: fix reflect panics in helper\/schema validation ( #22236 ( <https:\/\/github.com\/hashicorp\/terraform\/issues\/22236> ) )\n```\n<https:\/\/newreleases.io\/github\/hashicorp\/terraform?version=v0.12.6|release note...>",
                "title": "hashicorp\/terraform on GitHub",
                "id": 1,
                "title_link": "https:\/\/newreleases.io\/github\/hashicorp\/terraform",
                "mrkdwn_in": [
                    "text"
                ]
            }
        ]
    },
    {
        "type": "message",
        "subtype": "bot_message",
        "text": "",
        "ts": "1564603716.002600",
        "bot_id": "BG2UDF0NA",
        "attachments": [
            {
                "fallback": "hashicorp\/terraform-github-actions on GitHub\nv0.3.4v0.3.4\nrelease note: <https:\/\/newreleases.io\/github\/hashicorp\/terraform-github-actions?version=v0.3.4>",
                "text": "*v0.3.4* `v0.3.4`\n```\nUpgrade to Terraform v0.12.5.\n```\n<https:\/\/newreleases.io\/github\/hashicorp\/terraform-github-actions?version=v0.3.4|release note...>",
                "title": "hashicorp\/terraform-github-actions on GitHub",
                "id": 1,
                "title_link": "https:\/\/newreleases.io\/github\/hashicorp\/terraform-github-actions",
                "mrkdwn_in": [
                    "text"
                ]
            }
        ]
    },
    {
        "type": "message",
        "subtype": "bot_message",
        "text": "",
        "ts": "1564609393.002700",
        "bot_id": "BG2UDF0NA",
        "attachments": [
            {
                "fallback": "terraform-providers\/terraform-provider-azurerm on GitHub\nv1.32.1",
                "text": "`v1.32.1`",
                "title": "terraform-providers\/terraform-provider-azurerm on GitHub",
                "id": 1,
                "title_link": "https:\/\/newreleases.io\/github\/terraform-providers\/terraform-provider-azurerm",
                "mrkdwn_in": [
                    "text"
                ]
            }
        ]
    }
]