[
    {
        "type": "message",
        "subtype": "bot_message",
        "text": "",
        "ts": "1565124975.005000",
        "bot_id": "BG2UDF0NA",
        "attachments": [
            {
                "fallback": "hashicorp\/vault on GitHub\nv1.2.1",
                "text": "`v1.2.1`",
                "title": "hashicorp\/vault on GitHub",
                "id": 1,
                "title_link": "https:\/\/newreleases.io\/github\/hashicorp\/vault",
                "mrkdwn_in": [
                    "text"
                ]
            }
        ]
    }
]