[
    {
        "client_msg_id": "c1bb3b0d-6423-4f39-9226-c26c0867e9be",
        "type": "message",
        "text": "ハマコーさんが面白いこと言ってる\n<https:\/\/twitter.com\/hamako9999\/status\/1192237775677870080>",
        "user": "UFU0BKD8F",
        "ts": "1573113683.057500",
        "team": "TFU0BKCQP",
        "user_team": "TFU0BKCQP",
        "source_team": "TFU0BKCQP",
        "user_profile": {
            "avatar_hash": "92c41c62c7b0",
            "image_72": "https:\/\/avatars.slack-edge.com\/2019-01-30\/537137791812_92c41c62c7b0f054d3dd_72.jpg",
            "first_name": "らき",
            "real_name": "らき",
            "display_name": "raki",
            "team": "TFU0BKCQP",
            "name": "nishimuray",
            "is_restricted": false,
            "is_ultra_restricted": false
        },
        "thread_ts": "1573113683.057500",
        "reply_count": 1,
        "reply_users_count": 1,
        "latest_reply": "1573115833.057600",
        "reply_users": [
            "UGW0ABZLG"
        ],
        "replies": [
            {
                "user": "UGW0ABZLG",
                "ts": "1573115833.057600"
            }
        ],
        "subscribed": true,
        "last_read": "1573115833.057600",
        "reactions": [
            {
                "name": "+1",
                "users": [
                    "UGVTSE7LG"
                ],
                "count": 1
            }
        ]
    },
    {
        "type": "message",
        "text": "",
        "files": [
            {
                "id": "FQAU89RCP",
                "created": 1573115831,
                "timestamp": 1573115831,
                "name": "image.png",
                "title": "image.png",
                "mimetype": "image\/png",
                "filetype": "png",
                "pretty_type": "PNG",
                "user": "UGW0ABZLG",
                "editable": false,
                "size": 111886,
                "mode": "hosted",
                "is_external": false,
                "external_type": "",
                "is_public": true,
                "public_url_shared": false,
                "display_as_bot": false,
                "username": "",
                "url_private": "https:\/\/files.slack.com\/files-pri\/TFU0BKCQP-FQAU89RCP\/image.png?t=xoxe-538011658839-1279564398117-1287122502644-5071f3fb4aad02cc5db7e03e8211ce10",
                "url_private_download": "https:\/\/files.slack.com\/files-pri\/TFU0BKCQP-FQAU89RCP\/download\/image.png?t=xoxe-538011658839-1279564398117-1287122502644-5071f3fb4aad02cc5db7e03e8211ce10",
                "thumb_64": "https:\/\/files.slack.com\/files-tmb\/TFU0BKCQP-FQAU89RCP-50eddde1c0\/image_64.png?t=xoxe-538011658839-1279564398117-1287122502644-5071f3fb4aad02cc5db7e03e8211ce10",
                "thumb_80": "https:\/\/files.slack.com\/files-tmb\/TFU0BKCQP-FQAU89RCP-50eddde1c0\/image_80.png?t=xoxe-538011658839-1279564398117-1287122502644-5071f3fb4aad02cc5db7e03e8211ce10",
                "thumb_360": "https:\/\/files.slack.com\/files-tmb\/TFU0BKCQP-FQAU89RCP-50eddde1c0\/image_360.png?t=xoxe-538011658839-1279564398117-1287122502644-5071f3fb4aad02cc5db7e03e8211ce10",
                "thumb_360_w": 252,
                "thumb_360_h": 343,
                "thumb_160": "https:\/\/files.slack.com\/files-tmb\/TFU0BKCQP-FQAU89RCP-50eddde1c0\/image_160.png?t=xoxe-538011658839-1279564398117-1287122502644-5071f3fb4aad02cc5db7e03e8211ce10",
                "image_exif_rotation": 1,
                "original_w": 252,
                "original_h": 343,
                "thumb_tiny": "AwAwACOTTUBR2Iyc4zVraJFIZFxzUFiQkRB9TmrKMrDKHcDzxQBkF3LsY02nvgVqRLsijDD5iOc881Gtoq8sdxHQY4H4VL5qptSR1ViO\/egB4VSBwD74o2r6D8qUcDFFAFOJTGh3EFQOGHcULcRxoq5IcKBwPao7cnYUKsG9xxTZYpJJuBtVjznsaAJzdFThVLZ5zUdxEZSsqD5iM898VG9vggISc9T2q7DGQAWOSKAKSSuyAtNLk+g4p3mN\/wA9pvyqtuCkjaDgmjeP7goAmt55PuKpf6npVwKHG1+M+hqotxI\/A2oO7YqxG6uSq5IHUn1oAbtRJOFQvnoW5\/xq3wi8nAHrVWS4MChhGpY8bs9aLUmdjJJ82Og7CgBhsi7FsYyc9aT7Afb\/AL6q40sasQ0gB7jNJ50P\/PUf99UAf\/\/Z",
                "permalink": "https:\/\/terraform-jp.slack.com\/files\/UGW0ABZLG\/FQAU89RCP\/image.png",
                "permalink_public": "https:\/\/slack-files.com\/TFU0BKCQP-FQAU89RCP-ec6d57d621",
                "is_starred": false,
                "has_rich_preview": false
            }
        ],
        "upload": true,
        "user": "UGW0ABZLG",
        "display_as_bot": false,
        "ts": "1573115833.057600",
        "client_msg_id": "b6abc874-7d2e-4a70-9819-b306f625160e",
        "thread_ts": "1573113683.057500",
        "parent_user_id": "UFU0BKD8F"
    },
    {
        "client_msg_id": "6194ca26-2960-45ba-bbbc-dccc1d3f3185",
        "type": "message",
        "text": "<https:\/\/github.com\/mauve\/vscode-terraform\/issues\/157>\n\n個人的神Update",
        "user": "UJ15SRE0M",
        "ts": "1573175632.058500",
        "team": "TFU0BKCQP",
        "user_team": "TFU0BKCQP",
        "source_team": "TFU0BKCQP",
        "user_profile": {
            "avatar_hash": "g0e32a054e13",
            "image_72": "https:\/\/secure.gravatar.com\/avatar\/40e32a054e13a0c58a578ff3939194d2.jpg?s=72&d=https%3A%2F%2Fa.slack-edge.com%2Fdf10d%2Fimg%2Favatars%2Fava_0021-72.png",
            "first_name": "",
            "real_name": "natsuo",
            "display_name": "natsuo",
            "team": "TFU0BKCQP",
            "name": "geepact",
            "is_restricted": false,
            "is_ultra_restricted": false
        },
        "attachments": [
            {
                "author_name": "astorath",
                "fallback": "[mauve\/vscode-terraform] #157 feat: Terraform 0.12 support (was hcl2 support)",
                "text": "Hi!\n\nIs there any plans to implement hcl2 support?",
                "title": "#157 feat: Terraform 0.12 support (was hcl2 support)",
                "footer": "<https:\/\/github.com\/mauve\/vscode-terraform|mauve\/vscode-terraform>",
                "id": 1,
                "title_link": "https:\/\/github.com\/mauve\/vscode-terraform\/issues\/157",
                "author_link": "https:\/\/github.com\/astorath",
                "author_icon": "https:\/\/avatars1.githubusercontent.com\/u\/6577390?v=4",
                "footer_icon": "https:\/\/github.githubassets.com\/favicon.ico",
                "ts": 1551427183,
                "color": "36a64f",
                "fields": [
                    {
                        "title": "Labels",
                        "value": "help wanted",
                        "short": true
                    },
                    {
                        "title": "Comments",
                        "value": "186",
                        "short": true
                    }
                ],
                "mrkdwn_in": [
                    "text"
                ],
                "bot_id": "BH12QQBB4",
                "app_unfurl_url": "https:\/\/github.com\/mauve\/vscode-terraform\/issues\/157",
                "is_app_unfurl": true
            }
        ]
    }
]