[
    {
        "client_msg_id": "e5941238-628e-4f07-9d13-1468632b1446",
        "type": "message",
        "text": "tfupdate v0.3.0でTerraformモジュールのバージョン制約更新に対応したぞい。\n<https:\/\/github.com\/minamijoyo\/tfupdate\/pull\/2>",
        "user": "UHS4SFFA7",
        "ts": "1574920534.152600",
        "team": "TFU0BKCQP",
        "user_team": "TFU0BKCQP",
        "source_team": "TFU0BKCQP",
        "user_profile": {
            "avatar_hash": "gade34f8bdf1",
            "image_72": "https:\/\/secure.gravatar.com\/avatar\/5ade34f8bdf1b55c4ff82c11cf23cf42.jpg?s=72&d=https%3A%2F%2Fa.slack-edge.com%2Fdf10d%2Fimg%2Favatars%2Fava_0008-72.png",
            "first_name": "",
            "real_name": "minamijoyo",
            "display_name": "minamijoyo",
            "team": "TFU0BKCQP",
            "name": "minamijoyo",
            "is_restricted": false,
            "is_ultra_restricted": false
        },
        "attachments": [
            {
                "author_name": "minamijoyo",
                "fallback": "[minamijoyo\/tfupdate] #2 Add module support",
                "text": "Add support for updating module version and source reference.\n\nNote: Automatic latest version resolution is not currently supported for modules. It's not so simple. To implement, we will probably need to get information from the Terraform Registry.",
                "title": "#2 Add module support",
                "footer": "<https:\/\/github.com\/minamijoyo\/tfupdate|minamijoyo\/tfupdate>",
                "id": 1,
                "title_link": "https:\/\/github.com\/minamijoyo\/tfupdate\/pull\/2",
                "author_link": "https:\/\/github.com\/minamijoyo",
                "author_icon": "https:\/\/avatars1.githubusercontent.com\/u\/6985802?v=4",
                "footer_icon": "https:\/\/github.githubassets.com\/favicon.ico",
                "ts": 1574864255,
                "color": "6f42c1",
                "mrkdwn_in": [
                    "text"
                ],
                "bot_id": "BH12QQBB4",
                "app_unfurl_url": "https:\/\/github.com\/minamijoyo\/tfupdate\/pull\/2",
                "is_app_unfurl": true
            }
        ],
        "blocks": [
            {
                "type": "rich_text",
                "block_id": "agOg",
                "elements": [
                    {
                        "type": "rich_text_section",
                        "elements": [
                            {
                                "type": "text",
                                "text": "tfupdate v0.3.0でTerraformモジュールのバージョン制約更新に対応したぞい。\n"
                            },
                            {
                                "type": "link",
                                "url": "https:\/\/github.com\/minamijoyo\/tfupdate\/pull\/2"
                            }
                        ]
                    }
                ]
            }
        ],
        "reactions": [
            {
                "name": "tada",
                "users": [
                    "UP3JFHZ8V",
                    "ULFK57XL4",
                    "ULYDVRXNY"
                ],
                "count": 3
            }
        ]
    }
]