[
    {
        "client_msg_id": "943c7075-6041-4b2f-b8ed-1f5892c8ed87",
        "type": "message",
        "text": "GitHub Actions使ってないので、ただの通りすがりですが、コード見たらcurl使って良いようなので、GitHubのReleaseのAPI叩けばlatest解決できるよ。\n\n```\n$ curl -s <https:\/\/api.github.com\/repos\/hashicorp\/terraform\/releases\/latest> | jq -r .tag_name | sed 's\/^v\/\/'\n0.12.13\n```\n\njq使ってダメならjsonのパースはなんか別の方法でがんばれ。",
        "user": "UHS4SFFA7",
        "ts": "1573008863.049800",
        "team": "TFU0BKCQP",
        "user_team": "TFU0BKCQP",
        "source_team": "TFU0BKCQP",
        "user_profile": {
            "avatar_hash": "gade34f8bdf1",
            "image_72": "https:\/\/secure.gravatar.com\/avatar\/5ade34f8bdf1b55c4ff82c11cf23cf42.jpg?s=72&d=https%3A%2F%2Fa.slack-edge.com%2Fdf10d%2Fimg%2Favatars%2Fava_0008-72.png",
            "first_name": "",
            "real_name": "minamijoyo",
            "display_name": "minamijoyo",
            "team": "TFU0BKCQP",
            "name": "minamijoyo",
            "is_restricted": false,
            "is_ultra_restricted": false
        },
        "thread_ts": "1572875764.048000",
        "parent_user_id": "UFU0BKD8F"
    },
    {
        "client_msg_id": "73ec3dd9-864d-469b-b6f1-d270c3782356",
        "type": "message",
        "text": "なぜか hashicorp のリリースディレクトリ見てるからそういう風にしたくないのかと思って。。。ｗ",
        "user": "UFU0BKD8F",
        "ts": "1573009626.050000",
        "team": "TFU0BKCQP",
        "user_team": "TFU0BKCQP",
        "source_team": "TFU0BKCQP",
        "user_profile": {
            "avatar_hash": "92c41c62c7b0",
            "image_72": "https:\/\/avatars.slack-edge.com\/2019-01-30\/537137791812_92c41c62c7b0f054d3dd_72.jpg",
            "first_name": "らき",
            "real_name": "らき",
            "display_name": "raki",
            "team": "TFU0BKCQP",
            "name": "nishimuray",
            "is_restricted": false,
            "is_ultra_restricted": false
        },
        "thread_ts": "1572875764.048000",
        "parent_user_id": "UFU0BKD8F"
    },
    {
        "client_msg_id": "5cdd9001-7e19-4f5c-a3dc-8dfec6ac30bf",
        "type": "message",
        "text": "あ、違う？ action を利用するこっち側はこれ（terraform-github-actions）を使うための\nyaml を書いてるんだけど、今回の変更でベタベタバージョンを指定しないといけなくなっちゃって面倒、って話なの。\nyaml にそのcurlは書けない（と思う）ので。。。\nterraform-github-actions リポジトリのcurl部分を書き直すならバージョン変数に latest って入ってたらそのcurlを実行して\nバージョンを取得する、って感じにすると思うけど、中の人があんまりやりたがってないのかなって。",
        "user": "UFU0BKD8F",
        "ts": "1573010024.050200",
        "team": "TFU0BKCQP",
        "user_team": "TFU0BKCQP",
        "source_team": "TFU0BKCQP",
        "user_profile": {
            "avatar_hash": "92c41c62c7b0",
            "image_72": "https:\/\/avatars.slack-edge.com\/2019-01-30\/537137791812_92c41c62c7b0f054d3dd_72.jpg",
            "first_name": "らき",
            "real_name": "らき",
            "display_name": "raki",
            "team": "TFU0BKCQP",
            "name": "nishimuray",
            "is_restricted": false,
            "is_ultra_restricted": false
        },
        "thread_ts": "1572875764.048000",
        "parent_user_id": "UFU0BKD8F"
    },
    {
        "client_msg_id": "cafa2502-001d-4ee2-aee5-b51920b82f29",
        "type": "message",
        "text": "latestじゃなくなったのはバージョン固定したい派の人が古いバージョンも使いたいってだけで、latest使いたい人も一定いるなら実装したらよいんじゃないかと思うんだけど、つまりコントリビューションチャンス。",
        "user": "UHS4SFFA7",
        "ts": "1573012978.050400",
        "team": "TFU0BKCQP",
        "user_team": "TFU0BKCQP",
        "source_team": "TFU0BKCQP",
        "user_profile": {
            "avatar_hash": "gade34f8bdf1",
            "image_72": "https:\/\/secure.gravatar.com\/avatar\/5ade34f8bdf1b55c4ff82c11cf23cf42.jpg?s=72&d=https%3A%2F%2Fa.slack-edge.com%2Fdf10d%2Fimg%2Favatars%2Fava_0008-72.png",
            "first_name": "",
            "real_name": "minamijoyo",
            "display_name": "minamijoyo",
            "team": "TFU0BKCQP",
            "name": "minamijoyo",
            "is_restricted": false,
            "is_ultra_restricted": false
        },
        "thread_ts": "1572875764.048000",
        "parent_user_id": "UFU0BKD8F",
        "reactions": [
            {
                "name": "+1",
                "users": [
                    "UFU0BKD8F"
                ],
                "count": 1
            }
        ]
    },
    {
        "client_msg_id": "6e496330-b19f-458e-8f18-3dd0c9c8ffab",
        "type": "message",
        "text": "正攻法でいくならlatestの必要性をまずは議論するだけど、私なら自分が今すぐ欲しいならforkして実装しちゃって自分はforkバージョンを使いつつ、PR送って欲しい人に :+1: してもらってマージしてもらうのを待つかな。",
        "user": "UHS4SFFA7",
        "ts": "1573013310.050600",
        "team": "TFU0BKCQP",
        "user_team": "TFU0BKCQP",
        "source_team": "TFU0BKCQP",
        "user_profile": {
            "avatar_hash": "gade34f8bdf1",
            "image_72": "https:\/\/secure.gravatar.com\/avatar\/5ade34f8bdf1b55c4ff82c11cf23cf42.jpg?s=72&d=https%3A%2F%2Fa.slack-edge.com%2Fdf10d%2Fimg%2Favatars%2Fava_0008-72.png",
            "first_name": "",
            "real_name": "minamijoyo",
            "display_name": "minamijoyo",
            "team": "TFU0BKCQP",
            "name": "minamijoyo",
            "is_restricted": false,
            "is_ultra_restricted": false
        },
        "thread_ts": "1572875764.048000",
        "parent_user_id": "UFU0BKD8F"
    },
    {
        "client_msg_id": "0228694b-9e67-48e6-8f70-bfd2156f8cd0",
        "type": "message",
        "text": "(ちなみに私はバージョン固定派閥ですw",
        "user": "UHS4SFFA7",
        "ts": "1573013341.050800",
        "team": "TFU0BKCQP",
        "user_team": "TFU0BKCQP",
        "source_team": "TFU0BKCQP",
        "user_profile": {
            "avatar_hash": "gade34f8bdf1",
            "image_72": "https:\/\/secure.gravatar.com\/avatar\/5ade34f8bdf1b55c4ff82c11cf23cf42.jpg?s=72&d=https%3A%2F%2Fa.slack-edge.com%2Fdf10d%2Fimg%2Favatars%2Fava_0008-72.png",
            "first_name": "",
            "real_name": "minamijoyo",
            "display_name": "minamijoyo",
            "team": "TFU0BKCQP",
            "name": "minamijoyo",
            "is_restricted": false,
            "is_ultra_restricted": false
        },
        "thread_ts": "1572875764.048000",
        "parent_user_id": "UFU0BKD8F"
    }
]