[
    {
        "client_msg_id": "ccc82c3b-6ae5-4934-9e08-90a21b7f821e",
        "type": "message",
        "text": "tfmigrateっていうツールがあってね（ネタバレバレ",
        "user": "UG46Z57TN",
        "ts": "1638669524.022600",
        "blocks": [
            {
                "type": "rich_text",
                "block_id": "yMY",
                "elements": [
                    {
                        "type": "rich_text_section",
                        "elements": [
                            {
                                "type": "text",
                                "text": "tfmigrateっていうツールがあってね（ネタバレバレ"
                            }
                        ]
                    }
                ]
            }
        ],
        "team": "TFU0BKCQP",
        "user_team": "TFU0BKCQP",
        "source_team": "TFU0BKCQP",
        "user_profile": {
            "avatar_hash": "c6bdd4cb17db",
            "image_72": "https:\/\/avatars.slack-edge.com\/2019-07-05\/685991185957_c6bdd4cb17db956661a1_72.jpg",
            "first_name": "Takeshi",
            "real_name": "Takeshi Kondo",
            "display_name": "chaspy",
            "team": "TFU0BKCQP",
            "name": "take.she12",
            "is_restricted": false,
            "is_ultra_restricted": false
        },
        "thread_ts": "1638500286.018300",
        "parent_user_id": "U02NTCZJLAX",
        "reactions": [
            {
                "name": "eyes",
                "users": [
                    "U02NTCZJLAX"
                ],
                "count": 1
            }
        ]
    }
]