[
    {
        "client_msg_id": "df00c8bf-12a3-4b69-b9cf-0fa121793912",
        "type": "message",
        "text": "そうですね。CIの設定が変更できる人ならなんでもできますので、誰をどこまで信頼するかという話です。CIの設定がtfファイルのソースコードのリポジトリにコミットされてるなら、そのリポジトリのCIをキックできる人は、CIの設定も書き換えることで、実質的にterraform applyをレビューなしで実行できます。CIの設定の管理が分かれているならterraform initとplanの間で依存しているproviderの一覧を検証するステップを挟むことでこのリスクを緩和できます。",
        "user": "UHS4SFFA7",
        "ts": "1638347149.012800",
        "blocks": [
            {
                "type": "rich_text",
                "block_id": "6ivu",
                "elements": [
                    {
                        "type": "rich_text_section",
                        "elements": [
                            {
                                "type": "text",
                                "text": "そうですね。CIの設定が変更できる人ならなんでもできますので、誰をどこまで信頼するかという話です。CIの設定がtfファイルのソースコードのリポジトリにコミットされてるなら、そのリポジトリのCIをキックできる人は、CIの設定も書き換えることで、実質的にterraform applyをレビューなしで実行できます。CIの設定の管理が分かれているならterraform initとplanの間で依存しているproviderの一覧を検証するステップを挟むことでこのリスクを緩和できます。"
                            }
                        ]
                    }
                ]
            }
        ],
        "team": "TFU0BKCQP",
        "user_team": "TFU0BKCQP",
        "source_team": "TFU0BKCQP",
        "user_profile": {
            "avatar_hash": "gade34f8bdf1",
            "image_72": "https:\/\/secure.gravatar.com\/avatar\/5ade34f8bdf1b55c4ff82c11cf23cf42.jpg?s=72&d=https%3A%2F%2Fa.slack-edge.com%2Fdf10d%2Fimg%2Favatars%2Fava_0008-72.png",
            "first_name": "",
            "real_name": "minamijoyo",
            "display_name": "minamijoyo",
            "team": "TFU0BKCQP",
            "name": "minamijoyo",
            "is_restricted": false,
            "is_ultra_restricted": false
        },
        "edited": {
            "user": "UHS4SFFA7",
            "ts": "1638347270.000000"
        },
        "thread_ts": "1638324189.008700",
        "parent_user_id": "U02NTCZJLAX",
        "reactions": [
            {
                "name": "naruhodo",
                "users": [
                    "U02NTCZJLAX",
                    "ULMG6D5GB"
                ],
                "count": 2
            },
            {
                "name": "heart",
                "users": [
                    "U02NTCZJLAX"
                ],
                "count": 1
            }
        ]
    }
]