[
    {
        "type": "message",
        "subtype": "bot_message",
        "text": "",
        "ts": "1646183238.028259",
        "bot_id": "B01D39EAGTT",
        "attachments": [
            {
                "id": 1,
                "fallback": "hashicorp\/packer on GitHub\nnightly updated",
                "text": "`nightly` _updated_",
                "title": "hashicorp\/packer on GitHub",
                "title_link": "https:\/\/newreleases.io\/github\/hashicorp\/packer",
                "mrkdwn_in": [
                    "text"
                ]
            }
        ]
    },
    {
        "type": "message",
        "subtype": "bot_message",
        "text": "",
        "ts": "1646187625.675119",
        "bot_id": "B01D39EAGTT",
        "attachments": [
            {
                "id": 1,
                "fallback": "hashicorp\/packer on GitHub\nnightly updated",
                "text": "`nightly` _updated_",
                "title": "hashicorp\/packer on GitHub",
                "title_link": "https:\/\/newreleases.io\/github\/hashicorp\/packer",
                "mrkdwn_in": [
                    "text"
                ]
            }
        ]
    },
    {
        "type": "message",
        "subtype": "bot_message",
        "text": "",
        "ts": "1646189889.915329",
        "bot_id": "B01D39EAGTT",
        "attachments": [
            {
                "id": 1,
                "fallback": "hashicorp\/packer on GitHub\nnightly pre-release, updated\nrelease note: <https:\/\/newreleases.io\/github\/hashicorp\/packer?version=nightly>",
                "text": "`nightly` _pre-release_, _updated_\n```\nNightly releases are snapshots of the development activity on the Packer project that may include new features and bug fixes scheduled for upcoming releases ( <https:\/\/github.com\/hashicorp\/packer\/milestones> ). These releases are made available to make it easier for users to test their existing build configurations against the latest Packer code base for potential issues or to experiment with new features, with a chance to provide feedback on ways to improve the changes before being released.\n\nAs these releases are snapshots of the latest code, you may encounter an issue compared to the latest stable release. Users are encouraged to run nightly releases in a non production environment. If you encounter an issue, please check our issue tracker ( <https:\/\/github.com\/hashicorp\/packer\/issues> ) to see if the issue has already been reported; if a report hasn't been made, please report it so we can review the issue and make any needed fixes.\n\n*Note* : Nightly releases are only available via GitHub Releases, and artifacts are not codesigned or notarized. Distribution via other Release Channels ( <https:\/\/www.hashicorp.com\/official-release-channels> ) such as the Releases Site or Homebrew is not yet supported.\n```\n<https:\/\/newreleases.io\/github\/hashicorp\/packer?version=nightly|release note...>",
                "title": "hashicorp\/packer on GitHub",
                "title_link": "https:\/\/newreleases.io\/github\/hashicorp\/packer",
                "mrkdwn_in": [
                    "text"
                ]
            }
        ]
    }
]