[
    {
        "type": "message",
        "subtype": "bot_message",
        "text": "",
        "ts": "1647019712.694149",
        "bot_id": "B01D39EAGTT",
        "attachments": [
            {
                "id": 1,
                "fallback": "hashicorp\/terraform-provider-awscc on GitHub\nv0.14.0 updated",
                "text": "`v0.14.0` _updated_",
                "title": "hashicorp\/terraform-provider-awscc on GitHub",
                "title_link": "https:\/\/newreleases.io\/github\/hashicorp\/terraform-provider-awscc",
                "mrkdwn_in": [
                    "text"
                ]
            }
        ]
    },
    {
        "type": "message",
        "subtype": "bot_message",
        "text": "",
        "ts": "1647020556.743429",
        "bot_id": "B01D39EAGTT",
        "attachments": [
            {
                "id": 1,
                "fallback": "hashicorp\/terraform-provider-awscc on GitHub\nv0.14.0 updated\nrelease note: <https:\/\/newreleases.io\/github\/hashicorp\/terraform-provider-awscc?version=v0.14.0>",
                "text": "`v0.14.0` _updated_\n```\nFEATURES:\n\n* *New Data Source:* awscc_eks_identity_provider_config\n* *New Data Source:* awscc_msk_batch_scram_secret\n* *New Data Source:* awscc_msk_cluster\n* *New Data Source:* awscc_msk_clusters\n* *New Data Source:* awscc_msk_configuration\n* *New Data Source:* awscc_msk_configurations\n* *New Data Source:* awscc_personalize_dataset\n* *New Data Source:* awscc_personalize_dataset_group\n* *New Data Source:* awscc_personalize_dataset_groups\n* *New Data Source:* awscc_personalize_datasets\n* *New Data Source:* awscc_personalize_schema\n* *New Data Source:* awscc_personalize_schemas\n* *New Data Source:* awscc_personalize_solution\n* *New Data Source:* awscc_personalize_solutions\n* *New Resource:* awscc_eks_identity_provider_config\n* *New Resource:* awscc_msk_batch_scram_secret\n* *New Resource:* awscc_msk_cluster\n* *New Resource:* awscc_msk_configuration\n* *New Resource:* awscc_personalize_dataset\n* *New Resource:* awscc_personalize_dataset_group\n* *New Resource:* awscc_personalize_schema\n* *New Resource:* awscc_personalize_solution\n\n---------------------------------------------------------------------------------------------------------\n0.13.0 ( <https:\/\/github.com\/hashicorp\/terraform-provider-awscc\/releases\/tag\/v0.13.0> ) (February 24, 2022)\n---------------------------------------------------------------------------------------------------------\n\nFEATURES:\n\n* *New Data Source:* awscc_datasync_location_fsx_lustre\n* *New Data Source:* awscc_datasync_location_fsx_lustres\n* *New Resource:* awscc_datasync_location_fsx_lustre\n* Support property pattern validation ( #88 ( <https:\/\/github.com\/hashicorp\/terraform-provider-awscc\/issues\/88> ) )\n```\n<https:\/\/newreleases.io\/github\/hashicorp\/terraform-provider-awscc?version=v0.14.0|release note...>",
                "title": "hashicorp\/terraform-provider-awscc on GitHub",
                "title_link": "https:\/\/newreleases.io\/github\/hashicorp\/terraform-provider-awscc",
                "mrkdwn_in": [
                    "text"
                ]
            }
        ]
    },
    {
        "type": "message",
        "subtype": "bot_message",
        "text": "",
        "ts": "1647027592.289899",
        "bot_id": "B01D39EAGTT",
        "attachments": [
            {
                "id": 1,
                "fallback": "hashicorp\/terraform-provider-aws on GitHub\nv4.5.0",
                "text": "`v4.5.0`",
                "title": "hashicorp\/terraform-provider-aws on GitHub",
                "title_link": "https:\/\/newreleases.io\/github\/hashicorp\/terraform-provider-aws",
                "mrkdwn_in": [
                    "text"
                ]
            }
        ]
    },
    {
        "type": "message",
        "subtype": "bot_message",
        "text": "",
        "ts": "1647032935.181399",
        "bot_id": "B01D39EAGTT",
        "attachments": [
            {
                "id": 1,
                "fallback": "hashicorp\/terraform-provider-aws on GitHub\nv4.5.0 updated\nrelease note: <https:\/\/newreleases.io\/github\/hashicorp\/terraform-provider-aws?version=v4.5.0>",
                "text": "`v4.5.0` _updated_\n<https:\/\/newreleases.io\/github\/hashicorp\/terraform-provider-aws?version=v4.5.0|release note...>",
                "title": "hashicorp\/terraform-provider-aws on GitHub",
                "title_link": "https:\/\/newreleases.io\/github\/hashicorp\/terraform-provider-aws",
                "mrkdwn_in": [
                    "text"
                ]
            }
        ]
    }
]