[
    {
        "type": "message",
        "subtype": "bot_message",
        "text": "",
        "ts": "1647461273.160969",
        "bot_id": "B01D39EAGTT",
        "attachments": [
            {
                "id": 1,
                "fallback": "hashicorp\/boundary on GitHub\nv0.7.6 \nrelease note: <https:\/\/newreleases.io\/github\/hashicorp\/boundary?version=v0.7.6>",
                "text": "`v0.7.6` \n```\n------------------\n0.7.6 (2022\/03\/15)\n------------------\n\nBug Fixes\n---------\n\n* sessions: Sessions and session connections have been refactored\nto better isolate transactions and prevent resource contention that caused deadlocks.\n( Issue ( <https:\/\/github.com\/hashicorp\/boundary\/issues\/1812> ) ,\nPR ( <https:\/\/github.com\/hashicorp\/boundary\/pull\/1919> ) )\n* scheduler: Fix bug that causes erroneous logs when racing controllers\nattempted to run jobs\n( Issue ( <https:\/\/github.com\/hashicorp\/boundary\/issues\/1903> ) ,\nPR ( <https:\/\/github.com\/hashicorp\/boundary\/pull\/1914> ) ).\n```\n<https:\/\/newreleases.io\/github\/hashicorp\/boundary?version=v0.7.6|release note...>",
                "title": "hashicorp\/boundary on GitHub",
                "title_link": "https:\/\/newreleases.io\/github\/hashicorp\/boundary",
                "mrkdwn_in": [
                    "text"
                ]
            }
        ]
    },
    {
        "type": "message",
        "subtype": "bot_message",
        "text": "",
        "ts": "1647465992.852769",
        "bot_id": "B01D39EAGTT",
        "attachments": [
            {
                "id": 1,
                "fallback": "hashicorp\/boundary on GitHub\nsdk\/v0.0.14 \n\napi\/v0.0.23",
                "text": "`sdk\/v0.0.14` \n\n`api\/v0.0.23`",
                "title": "hashicorp\/boundary on GitHub",
                "title_link": "https:\/\/newreleases.io\/github\/hashicorp\/boundary",
                "mrkdwn_in": [
                    "text"
                ]
            }
        ]
    }
]