[
    {
        "type": "message",
        "subtype": "bot_message",
        "text": "",
        "ts": "1646682010.610399",
        "bot_id": "B01D39EAGTT",
        "attachments": [
            {
                "id": 1,
                "fallback": "hashicorp\/terraform-provider-google on GitHub\nv4.13.0",
                "text": "`v4.13.0`",
                "title": "hashicorp\/terraform-provider-google on GitHub",
                "title_link": "https:\/\/newreleases.io\/github\/hashicorp\/terraform-provider-google",
                "mrkdwn_in": [
                    "text"
                ]
            }
        ]
    },
    {
        "type": "message",
        "subtype": "bot_message",
        "text": "",
        "ts": "1646683265.259499",
        "bot_id": "B01D39EAGTT",
        "attachments": [
            {
                "id": 1,
                "fallback": "hashicorp\/terraform-provider-google on GitHub\nv4.13.0 updated\nrelease note: <https:\/\/newreleases.io\/github\/hashicorp\/terraform-provider-google?version=v4.13.0>",
                "text": "`v4.13.0` _updated_\n<https:\/\/newreleases.io\/github\/hashicorp\/terraform-provider-google?version=v4.13.0|release note...>",
                "title": "hashicorp\/terraform-provider-google on GitHub",
                "title_link": "https:\/\/newreleases.io\/github\/hashicorp\/terraform-provider-google",
                "mrkdwn_in": [
                    "text"
                ]
            }
        ]
    }
]