[
    {
        "type": "message",
        "subtype": "bot_message",
        "text": "",
        "ts": "1648143705.911599",
        "bot_id": "B01D39EAGTT",
        "attachments": [
            {
                "id": 1,
                "fallback": "hashicorp\/terraform-provider-awscc on GitHub\nv0.16.0",
                "text": "`v0.16.0`",
                "title": "hashicorp\/terraform-provider-awscc on GitHub",
                "title_link": "https:\/\/newreleases.io\/github\/hashicorp\/terraform-provider-awscc",
                "mrkdwn_in": [
                    "text"
                ]
            }
        ]
    },
    {
        "type": "message",
        "subtype": "bot_message",
        "text": "",
        "ts": "1648144503.923379",
        "bot_id": "B01D39EAGTT",
        "attachments": [
            {
                "id": 1,
                "fallback": "hashicorp\/terraform-provider-awscc on GitHub\nv0.16.0 updated\nrelease note: <https:\/\/newreleases.io\/github\/hashicorp\/terraform-provider-awscc?version=v0.16.0>",
                "text": "`v0.16.0` _updated_\n```\nFEATURES:\n\n* *New Data Source:* awscc_iotevents_alarm_model\n* *New Data Source:* awscc_iotevents_alarm_models\n* *New Resource:* awscc_iotevents_alarm_model\n\n------------------------------------------------------------------------------------------------------\n0.15.0 ( <https:\/\/github.com\/hashicorp\/terraform-provider-awscc\/releases\/tag\/v0.15.0> ) (March 17, 2022)\n------------------------------------------------------------------------------------------------------\n\nFEATURES:\n\n* *New Data Source:* awscc_billingconductor_billing_group\n* *New Data Source:* awscc_billingconductor_custom_line_item\n* *New Data Source:* awscc_billingconductor_pricing_plan\n* *New Data Source:* awscc_billingconductor_pricing_rule\n* *New Data Source:* awscc_inspector_assessment_target\n* *New Data Source:* awscc_inspector_assessment_targets\n* *New Data Source:* awscc_inspector_assessment_template\n* *New Data Source:* awscc_inspector_assessment_templates\n* *New Data Source:* awscc_inspector_resource_group\n* *New Resource:* awscc_billingconductor_billing_group\n* *New Resource:* awscc_billingconductor_custom_line_item\n* *New Resource:* awscc_billingconductor_pricing_plan\n* *New Resource:* awscc_billingconductor_pricing_rule\n* *New Resource:* awscc_inspector_assessment_target\n* *New Resource:* awscc_inspector_assessment_template\n* *New Resource:* awscc_inspector_resource_group\n```\n<https:\/\/newreleases.io\/github\/hashicorp\/terraform-provider-awscc?version=v0.16.0|release note...>",
                "title": "hashicorp\/terraform-provider-awscc on GitHub",
                "title_link": "https:\/\/newreleases.io\/github\/hashicorp\/terraform-provider-awscc",
                "mrkdwn_in": [
                    "text"
                ]
            }
        ]
    },
    {
        "type": "message",
        "subtype": "bot_message",
        "text": "",
        "ts": "1648158699.985639",
        "bot_id": "B01D39EAGTT",
        "attachments": [
            {
                "id": 1,
                "fallback": "hashicorp\/vault on GitHub\napi\/v1.5.0",
                "text": "`api\/v1.5.0`",
                "title": "hashicorp\/vault on GitHub",
                "title_link": "https:\/\/newreleases.io\/github\/hashicorp\/vault",
                "mrkdwn_in": [
                    "text"
                ]
            }
        ]
    },
    {
        "type": "message",
        "subtype": "bot_message",
        "text": "",
        "ts": "1648160234.853019",
        "bot_id": "B01D39EAGTT",
        "attachments": [
            {
                "id": 1,
                "fallback": "hashicorp\/terraform-provider-aws on GitHub\nv3.75.1",
                "text": "`v3.75.1`",
                "title": "hashicorp\/terraform-provider-aws on GitHub",
                "title_link": "https:\/\/newreleases.io\/github\/hashicorp\/terraform-provider-aws",
                "mrkdwn_in": [
                    "text"
                ]
            }
        ]
    },
    {
        "type": "message",
        "subtype": "bot_message",
        "text": "",
        "ts": "1648160977.656359",
        "bot_id": "B01D39EAGTT",
        "attachments": [
            {
                "id": 1,
                "fallback": "hashicorp\/terraform-provider-aws on GitHub\nv3.75.1 updated\nrelease note: <https:\/\/newreleases.io\/github\/hashicorp\/terraform-provider-aws?version=v3.75.1>",
                "text": "`v3.75.1` _updated_\n```\nBUG FIXES:\n\n* resource\/aws_route_table_association: Retry resource Read for EC2 eventual consistency ( #23806 ( <https:\/\/github.com\/hashicorp\/terraform-provider-aws\/issues\/23806> ) )\n```\n<https:\/\/newreleases.io\/github\/hashicorp\/terraform-provider-aws?version=v3.75.1|release note...>",
                "title": "hashicorp\/terraform-provider-aws on GitHub",
                "title_link": "https:\/\/newreleases.io\/github\/hashicorp\/terraform-provider-aws",
                "mrkdwn_in": [
                    "text"
                ]
            }
        ]
    },
    {
        "type": "message",
        "subtype": "bot_message",
        "text": "",
        "ts": "1648166637.330489",
        "bot_id": "B01D39EAGTT",
        "attachments": [
            {
                "id": 1,
                "fallback": "hashicorp\/terraform-provider-aws on GitHub\nv4.7.0 updated\nrelease note: <https:\/\/newreleases.io\/github\/hashicorp\/terraform-provider-aws?version=v4.7.0>",
                "text": "`v4.7.0` _updated_\n<https:\/\/newreleases.io\/github\/hashicorp\/terraform-provider-aws?version=v4.7.0|release note...>",
                "title": "hashicorp\/terraform-provider-aws on GitHub",
                "title_link": "https:\/\/newreleases.io\/github\/hashicorp\/terraform-provider-aws",
                "mrkdwn_in": [
                    "text"
                ]
            }
        ]
    }
]