[
    {
        "type": "message",
        "subtype": "bot_message",
        "text": "",
        "ts": "1646080156.907939",
        "bot_id": "B01D39EAGTT",
        "attachments": [
            {
                "id": 1,
                "fallback": "hashicorp\/terraform-provider-google on GitHub\nv4.12.0",
                "text": "`v4.12.0`",
                "title": "hashicorp\/terraform-provider-google on GitHub",
                "title_link": "https:\/\/newreleases.io\/github\/hashicorp\/terraform-provider-google",
                "mrkdwn_in": [
                    "text"
                ]
            }
        ]
    },
    {
        "type": "message",
        "subtype": "bot_message",
        "text": "",
        "ts": "1646081256.966869",
        "bot_id": "B01D39EAGTT",
        "attachments": [
            {
                "id": 1,
                "fallback": "hashicorp\/terraform-provider-google on GitHub\nv4.12.0 updated\nrelease note: <https:\/\/newreleases.io\/github\/hashicorp\/terraform-provider-google?version=v4.12.0>",
                "text": "`v4.12.0` _updated_\n<https:\/\/newreleases.io\/github\/hashicorp\/terraform-provider-google?version=v4.12.0|release note...>",
                "title": "hashicorp\/terraform-provider-google on GitHub",
                "title_link": "https:\/\/newreleases.io\/github\/hashicorp\/terraform-provider-google",
                "mrkdwn_in": [
                    "text"
                ]
            }
        ]
    },
    {
        "type": "message",
        "subtype": "bot_message",
        "text": "",
        "ts": "1646082847.842699",
        "bot_id": "B01D39EAGTT",
        "attachments": [
            {
                "id": 1,
                "fallback": "hashicorp\/consul on GitHub\nv1.9.16 \nrelease note: <https:\/\/newreleases.io\/github\/hashicorp\/consul?version=v1.9.16>",
                "text": "`v1.9.16` \n```\n--------------------------\n1.9.16 (February 28, 2022)\n--------------------------\n\nFEATURES:\n\n* ca: support using an external root CA with the vault CA provider [ GH-11910 ( <https:\/\/github.com\/hashicorp\/consul\/issues\/11910> ) ]\n\nIMPROVEMENTS:\n\n* sentinel: *(Enterprise Only)* Sentinel now uses SHA256 to generate policy ids\n* server: conditionally avoid writing a config entry to raft if it was already the same [ GH-12321 ( <https:\/\/github.com\/hashicorp\/consul\/issues\/12321> ) ]\n\nBUG FIXES:\n\n* agent: Parse datacenter from Create\/Delete requests for AuthMethods and BindingRules. [ GH-12370 ( <https:\/\/github.com\/hashicorp\/consul\/issues\/12370> ) ]\n* areas: *(Enterprise Only)* Fixes a bug when using Yamux pool ( for servers version 1.7.3 and later), the entire pool was locked while connecting to a remote location, which could potentially take a long time. [ GH-1368 ( <https:\/\/github.com\/hashicorp\/consul\/issues\/1368> ) ]\n* server: *(Enterprise only)* Namespace deletion will now attempt to delete as many namespaced config entries as possible instead of halting on the first deletion that failed.\n* server: partly fix config entry replication issue that prevents replication in some circumstances [ GH-12307 ( <https:\/\/github.com\/hashicorp\/consul\/issues\/12307> ) ]\n* ui: Ensure we always display the Policy default preview in the Namespace editing form [ GH-12316 ( <https:\/\/github.com\/hashicorp\/consul\/issues\/12316> ) ]\n```\n<https:\/\/newreleases.io\/github\/hashicorp\/consul?version=v1.9.16|release note...>",
                "title": "hashicorp\/consul on GitHub",
                "title_link": "https:\/\/newreleases.io\/github\/hashicorp\/consul",
                "mrkdwn_in": [
                    "text"
                ]
            }
        ]
    },
    {
        "type": "message",
        "subtype": "bot_message",
        "text": "",
        "ts": "1646083245.889039",
        "bot_id": "B01D39EAGTT",
        "attachments": [
            {
                "id": 1,
                "fallback": "hashicorp\/consul on GitHub\nv1.10.9 \nrelease note: <https:\/\/newreleases.io\/github\/hashicorp\/consul?version=v1.10.9>",
                "text": "`v1.10.9` \n```\n--------------------------\n1.10.9 (February 28, 2022)\n--------------------------\n\nSECURITY:\n\n* agent: Use SHA256 instead of MD5 to generate persistence file names.\n\nFEATURES:\n\n* ca: support using an external root CA with the vault CA provider [ GH-11910 ( <https:\/\/github.com\/hashicorp\/consul\/issues\/11910> ) ]\n\nIMPROVEMENTS:\n\n* connect: Update supported Envoy versions to include 1.18.6 [ GH-12450 ( <https:\/\/github.com\/hashicorp\/consul\/issues\/12450> ) ]\n* connect: update Envoy supported version of 1.20 to 1.20.2 [ GH-12434 ( <https:\/\/github.com\/hashicorp\/consul\/issues\/12434> ) ]\n* debug: reduce the capture time for trace to only a single interval instead of the full duration to make trace.out easier to open without running into OOM errors. [ GH-12359 ( <https:\/\/github.com\/hashicorp\/consul\/issues\/12359> ) ]\n* raft: add additional logging of snapshot restore progress [ GH-12325 ( <https:\/\/github.com\/hashicorp\/consul\/issues\/12325> ) ]\n* rpc: improve blocking queries for items that do not exist, by continuing to block until they exist (or the timeout). [ GH-12110 ( <https:\/\/github.com\/hashicorp\/consul\/issues\/12110> ) ]\n* sentinel: *(Enterprise Only)* Sentinel now uses SHA256 to generate policy ids\n* server: conditionally avoid writing a config entry to raft if it was already the same [ GH-12321 ( <https:\/\/github.com\/hashicorp\/consul\/issues\/12321> ) ]\n* server: suppress spurious blocking query returns where multiple config entries are involved [ GH-12362 ( <https:\/\/github.com\/hashicorp\/consul\/issues\/12362> ) ]\n\nBUG FIXES:\n\n* agent: Parse datacenter from Create\/Delete requests for AuthMethods and BindingRules. [ GH-12370 ( <https:\/\/github.com\/hashicorp\/consul\/issues\/12370> ) ]\n* areas: *(Enterprise Only)* Fixes a bug when using Yamux pool ( for servers version 1.7.3 and later), the entire pool was locked while connecting to a remote location, which could potentially take a long time. [ GH-1368 ( <https:\/\/github.com\/hashicorp\/consul\/issues\/1368> ) ]\n* raft: fixed a race condition in leadership transfer that could result in reelection of the current leader [ GH-12325 ( <https:\/\/github.com\/hashicorp\/consul\/issues\/12325> ) ]\n* server: *(Enterprise only)* Namespace deletion will now attempt to delete as many namespaced config entries as possible instead of halting on the first deletion that failed.\n* server: partly fix config entry replication issue that prevents replication in some circumstances [ GH-12307 ( <https:\/\/github.com\/hashicorp\/consul\/issues\/12307> ) ]\n* ui: Ensure we always display the Policy default preview in the Namespace editing form [ GH-12316 ( <https:\/\/github.com\/hashicorp\/consul\/issues\/12316> ) ]\n* xds: Fixed Envoy http features such as outlier detection and retry policy not working correctly with transparent proxy. [ GH-12385 ( <https:\/\/github.com\/hashicorp\/consul\/issues\/12385> ) ]\n```\n<https:\/\/newreleases.io\/github\/hashicorp\/consul?version=v1.10.9|release note...>",
                "title": "hashicorp\/consul on GitHub",
                "title_link": "https:\/\/newreleases.io\/github\/hashicorp\/consul",
                "mrkdwn_in": [
                    "text"
                ]
            }
        ]
    },
    {
        "type": "message",
        "subtype": "bot_message",
        "text": "",
        "ts": "1646084026.538699",
        "bot_id": "B01D39EAGTT",
        "attachments": [
            {
                "id": 1,
                "fallback": "hashicorp\/consul on GitHub\nv1.11.4 \nrelease note: <https:\/\/newreleases.io\/github\/hashicorp\/consul?version=v1.11.4>",
                "text": "`v1.11.4` \n```\n--------------------------\n1.11.4 (February 28, 2022)\n--------------------------\n\nFEATURES:\n\n* ca: support using an external root CA with the vault CA provider [ GH-11910 ( <https:\/\/github.com\/hashicorp\/consul\/issues\/11910> ) ]\n\nIMPROVEMENTS:\n\n* connect: Update supported Envoy versions to include 1.19.3 and 1.18.6 [ GH-12449 ( <https:\/\/github.com\/hashicorp\/consul\/issues\/12449> ) ]\n* connect: update Envoy supported version of 1.20 to 1.20.2 [ GH-12433 ( <https:\/\/github.com\/hashicorp\/consul\/issues\/12433> ) ]\n* connect: update Envoy supported version of 1.20 to 1.20.2 [ GH-12443 ( <https:\/\/github.com\/hashicorp\/consul\/issues\/12443> ) ]\n* debug: reduce the capture time for trace to only a single interval instead of the full duration to make trace.out easier to open without running into OOM errors. [ GH-12359 ( <https:\/\/github.com\/hashicorp\/consul\/issues\/12359> ) ]\n* raft: add additional logging of snapshot restore progress [ GH-12325 ( <https:\/\/github.com\/hashicorp\/consul\/issues\/12325> ) ]\n* rpc: improve blocking queries for items that do not exist, by continuing to block until they exist (or the timeout). [ GH-12110 ( <https:\/\/github.com\/hashicorp\/consul\/issues\/12110> ) ]\n* sentinel: *(Enterprise Only)* Sentinel now uses SHA256 to generate policy ids\n* server: conditionally avoid writing a config entry to raft if it was already the same [ GH-12321 ( <https:\/\/github.com\/hashicorp\/consul\/issues\/12321> ) ]\n* server: suppress spurious blocking query returns where multiple config entries are involved [ GH-12362 ( <https:\/\/github.com\/hashicorp\/consul\/issues\/12362> ) ]\n\nBUG FIXES:\n\n* agent: Parse datacenter from Create\/Delete requests for AuthMethods and BindingRules. [ GH-12370 ( <https:\/\/github.com\/hashicorp\/consul\/issues\/12370> ) ]\n* areas: *(Enterprise Only)* Fixes a bug when using Yamux pool ( for servers version 1.7.3 and later), the entire pool was locked while connecting to a remote location, which could potentially take a long time. [ GH-1368 ( <https:\/\/github.com\/hashicorp\/consul\/issues\/1368> ) ]\n* catalog: compare node names case insensitively in more places [ GH-12444 ( <https:\/\/github.com\/hashicorp\/consul\/issues\/12444> ) ]\n* checks: populate interval and timeout when registering services [ GH-11138 ( <https:\/\/github.com\/hashicorp\/consul\/issues\/11138> ) ]\n* local: fixes a data race in anti-entropy sync that could cause the wrong tags to be applied to a service when EnableTagOverride is used [ GH-12324 ( <https:\/\/github.com\/hashicorp\/consul\/issues\/12324> ) ]\n* raft: fixed a race condition in leadership transfer that could result in reelection of the current leader [ GH-12325 ( <https:\/\/github.com\/hashicorp\/consul\/issues\/12325> ) ]\n* server: *(Enterprise only)* Namespace deletion will now attempt to delete as many namespaced config entries as possible instead of halting on the first deletion that failed.\n* server: partly fix config entry replication issue that prevents replication in some circumstances [ GH-12307 ( <https:\/\/github.com\/hashicorp\/consul\/issues\/12307> ) ]\n* state: fix bug blocking snapshot restore when a node check and node differed in casing of the node string [ GH-12444 ( <https:\/\/github.com\/hashicorp\/consul\/issues\/12444> ) ]\n* ui: Ensure we always display the Policy default preview in the Namespace editing form [ GH-12316 ( <https:\/\/github.com\/hashicorp\/consul\/issues\/12316> ) ]\n* ui: Fix missing helper javascript error [ GH-12358 ( <https:\/\/github.com\/hashicorp\/consul\/issues\/12358> ) ]\n* xds: Fixed Envoy http features such as outlier detection and retry policy not working correctly with transparent proxy. [ GH-12385 ( <https:\/\/github.com\/hashicorp\/consul\/issues\/12385> ) ]\n```\n<https:\/\/newreleases.io\/github\/hashicorp\/consul?version=v1.11.4|release note...>",
                "title": "hashicorp\/consul on GitHub",
                "title_link": "https:\/\/newreleases.io\/github\/hashicorp\/consul",
                "mrkdwn_in": [
                    "text"
                ]
            }
        ]
    },
    {
        "type": "message",
        "subtype": "bot_message",
        "text": "",
        "ts": "1646092137.906189",
        "bot_id": "B01D39EAGTT",
        "attachments": [
            {
                "id": 1,
                "fallback": "hashicorp\/terraform-provider-aws on GitHub\nv4.3.0",
                "text": "`v4.3.0`",
                "title": "hashicorp\/terraform-provider-aws on GitHub",
                "title_link": "https:\/\/newreleases.io\/github\/hashicorp\/terraform-provider-aws",
                "mrkdwn_in": [
                    "text"
                ]
            }
        ]
    },
    {
        "type": "message",
        "subtype": "bot_message",
        "text": "",
        "ts": "1646092864.026639",
        "bot_id": "B01D39EAGTT",
        "attachments": [
            {
                "id": 1,
                "fallback": "hashicorp\/terraform-provider-aws on GitHub\nv4.3.0 updated\nrelease note: <https:\/\/newreleases.io\/github\/hashicorp\/terraform-provider-aws?version=v4.3.0>",
                "text": "`v4.3.0` _updated_\n<https:\/\/newreleases.io\/github\/hashicorp\/terraform-provider-aws?version=v4.3.0|release note...>",
                "title": "hashicorp\/terraform-provider-aws on GitHub",
                "title_link": "https:\/\/newreleases.io\/github\/hashicorp\/terraform-provider-aws",
                "mrkdwn_in": [
                    "text"
                ]
            }
        ]
    },
    {
        "type": "message",
        "subtype": "bot_message",
        "text": "",
        "ts": "1646099081.023679",
        "bot_id": "B01D39EAGTT",
        "attachments": [
            {
                "id": 1,
                "fallback": "hashicorp\/packer on GitHub\nnightly updated",
                "text": "`nightly` _updated_",
                "title": "hashicorp\/packer on GitHub",
                "title_link": "https:\/\/newreleases.io\/github\/hashicorp\/packer",
                "mrkdwn_in": [
                    "text"
                ]
            }
        ]
    },
    {
        "type": "message",
        "subtype": "bot_message",
        "text": "",
        "ts": "1646101939.039739",
        "bot_id": "B01D39EAGTT",
        "attachments": [
            {
                "id": 1,
                "fallback": "hashicorp\/packer on GitHub\nnightly pre-release, updated\nrelease note: <https:\/\/newreleases.io\/github\/hashicorp\/packer?version=nightly>",
                "text": "`nightly` _pre-release_, _updated_\n```\nNightly releases are snapshots of the development activity on the Packer project that may include new features and bug fixes scheduled for upcoming releases ( <https:\/\/github.com\/hashicorp\/packer\/milestones> ). These releases are made available to make it easier for users to test their existing build configurations against the latest Packer code base for potential issues or to experiment with new features, with a chance to provide feedback on ways to improve the changes before being released.\n\nAs these releases are snapshots of the latest code, you may encounter an issue compared to the latest stable release. Users are encouraged to run nightly releases in a non production environment. If you encounter an issue, please check our issue tracker ( <https:\/\/github.com\/hashicorp\/packer\/issues> ) to see if the issue has already been reported; if a report hasn't been made, please report it so we can review the issue and make any needed fixes.\n\n*Note* : Nightly releases are only available via GitHub Releases, and artifacts are not codesigned or notarized. Distribution via other Release Channels ( <https:\/\/www.hashicorp.com\/official-release-channels> ) such as the Releases Site or Homebrew is not yet supported.\n```\n<https:\/\/newreleases.io\/github\/hashicorp\/packer?version=nightly|release note...>",
                "title": "hashicorp\/packer on GitHub",
                "title_link": "https:\/\/newreleases.io\/github\/hashicorp\/packer",
                "mrkdwn_in": [
                    "text"
                ]
            }
        ]
    }
]