[
    {
        "client_msg_id": "5c121bc0-50b5-480e-baa5-ed0e7ae1a006",
        "type": "message",
        "text": "はじめまして。同じくAdventCalendarからココを知りました。\nterraform+AWSで使い始めて１ヶ月ほどです。よろしくおねがいします！",
        "user": "URCD9ST29",
        "ts": "1575612233.032500",
        "team": "TFU0BKCQP",
        "user_team": "TFU0BKCQP",
        "source_team": "TFU0BKCQP",
        "user_profile": {
            "avatar_hash": "g50385e9e5e3",
            "image_72": "https:\/\/secure.gravatar.com\/avatar\/50385e9e5e315a1f3cf7ee57556e32ce.jpg?s=72&d=https%3A%2F%2Fa.slack-edge.com%2Fdf10d%2Fimg%2Favatars%2Fava_0016-72.png",
            "first_name": "",
            "real_name": "shogoism",
            "display_name": "shogoism",
            "team": "TFU0BKCQP",
            "name": "sadowsky3655",
            "is_restricted": false,
            "is_ultra_restricted": false
        },
        "blocks": [
            {
                "type": "rich_text",
                "block_id": "ntZT",
                "elements": [
                    {
                        "type": "rich_text_section",
                        "elements": [
                            {
                                "type": "text",
                                "text": "はじめまして。同じくAdventCalendarからココを知りました。\nterraform+AWSで使い始めて１ヶ月ほどです。よろしくおねがいします！"
                            }
                        ]
                    }
                ]
            }
        ],
        "reactions": [
            {
                "name": "よろしく",
                "users": [
                    "UKAKENQAF",
                    "UFU0BKD8F",
                    "UL90RPEQ7",
                    "UGZCN013R",
                    "UFT9ULVQR",
                    "UGY9BJ1NF",
                    "UFTKSQ25T",
                    "UM2FB5M29",
                    "ULSFRJ2LR",
                    "UGW0ABZLG"
                ],
                "count": 10
            }
        ]
    }
]