[
    {
        "client_msg_id": "fd73284a-5871-4317-9411-652e3ee909a2",
        "type": "message",
        "text": "初めまして。hashicorpの営業の方から紹介されて先ほど参加しました。\n主にGCP環境でterraformを使っています。\n本格的に触り始めたのは半年前ほどです。\nterrafom cloudにも手を出してますが、微妙にお作法が違う様で悶絶中です。\nよろしくお願いします。",
        "user": "URN901459",
        "ts": "1577069402.008300",
        "team": "TFU0BKCQP",
        "user_team": "TFU0BKCQP",
        "source_team": "TFU0BKCQP",
        "user_profile": {
            "avatar_hash": "g71f70ea5512",
            "image_72": "https:\/\/secure.gravatar.com\/avatar\/71f70ea55122092930f748960cad778e.jpg?s=72&d=https%3A%2F%2Fa.slack-edge.com%2Fdf10d%2Fimg%2Favatars%2Fava_0001-72.png",
            "first_name": "",
            "real_name": "t_shiina",
            "display_name": "t_shiina",
            "team": "TFU0BKCQP",
            "name": "t_shiina",
            "is_restricted": false,
            "is_ultra_restricted": false
        },
        "blocks": [
            {
                "type": "rich_text",
                "block_id": "ut68S",
                "elements": [
                    {
                        "type": "rich_text_section",
                        "elements": [
                            {
                                "type": "text",
                                "text": "初めまして。hashicorpの営業の方から紹介されて先ほど参加しました。\n主にGCP環境でterraformを使っています。\n本格的に触り始めたのは半年前ほどです。\nterrafom cloudにも手を出してますが、微妙にお作法が違う様で悶絶中です。\nよろしくお願いします。"
                            }
                        ]
                    }
                ]
            }
        ],
        "reactions": [
            {
                "name": "+1",
                "users": [
                    "UG46Z57TN",
                    "UM241QY7Q",
                    "URHQT1JSG",
                    "UGW0ABZLG"
                ],
                "count": 4
            },
            {
                "name": "よろしく",
                "users": [
                    "UFU0BKD8F",
                    "UGXFY0V88",
                    "UGFSM002K",
                    "UGY9BJ1NF",
                    "URKFM4N0Z",
                    "UFTKSQ25T",
                    "UQSRV97S6",
                    "URHQT1JSG",
                    "UGW0ABZLG"
                ],
                "count": 9
            }
        ]
    }
]