[
    {
        "type": "message",
        "subtype": "bot_message",
        "text": "",
        "ts": "1607976458.015400",
        "bot_id": "B01D39EAGTT",
        "attachments": [
            {
                "fallback": "hashicorp\/terraform-provider-google on GitHub\nv3.51.0",
                "text": "`v3.51.0`",
                "title": "hashicorp\/terraform-provider-google on GitHub",
                "id": 1,
                "title_link": "https:\/\/newreleases.io\/github\/hashicorp\/terraform-provider-google",
                "mrkdwn_in": [
                    "text"
                ]
            }
        ]
    },
    {
        "type": "message",
        "subtype": "bot_message",
        "text": "",
        "ts": "1607984118.015500",
        "bot_id": "B01D39EAGTT",
        "attachments": [
            {
                "fallback": "hashicorp\/terraform-provider-google on GitHub\nv3.51.0v3.51.0 updated\nrelease note: <https:\/\/newreleases.io\/github\/hashicorp\/terraform-provider-google?version=v3.51.0>",
                "text": "*v3.51.0* `v3.51.0` _updated_\n```\nFEATURES:\n\n* *New Resource:* google_firestore_document ( #7932 ( <https:\/\/github.com\/hashicorp\/terraform-provider-google\/pull\/7932> ) )\n\n* *New Resource:* google_notebooks_instance ( #7933 ( <https:\/\/github.com\/hashicorp\/terraform-provider-google\/pull\/7933> ) )\n\n* *New Resource:* google_notebooks_environment ( #7933 ( <https:\/\/github.com\/hashicorp\/terraform-provider-google\/pull\/7933> ) )\n\nIMPROVEMENTS:\n\n* compute: added CDN features to google_compute_region_backend_service. ( #7941 ( <https:\/\/github.com\/hashicorp\/terraform-provider-google\/pull\/7941> ) )\n\n* compute: added Flexible Cache Control features to google_compute_backend_service. ( #7941 ( <https:\/\/github.com\/hashicorp\/terraform-provider-google\/pull\/7941> ) )\n\n* compute: added replacement_method field to update_policy block of google_compute_instance_group_manager ( #7918 ( <https:\/\/github.com\/hashicorp\/terraform-provider-google\/pull\/7918> ) )\n\n* compute: added replacement_method field to update_policy block of google_compute_region_instance_group_manager ( #7918 ( <https:\/\/github.com\/hashicorp\/terraform-provider-google\/pull\/7918> ) )\n\n* logging: added plan time validation for unique_writer_identity on google_logging_project_sink ( #7974 ( <https:\/\/github.com\/hashicorp\/terraform-provider-google\/pull\/7974> ) )\n\n* storage: added more lifecycle conditions to google_storage_bucket resource ( #7937 ( <https:\/\/github.com\/hashicorp\/terraform-provider-google\/pull\/7937> ) )\n\nBUG FIXES:\n\n* all: bump default request timeout to avoid conflicts if creating a resource takes longer than expected ( #7976 ( <https:\/\/github.com\/hashicorp\/terraform-provider-google\/pull\/7976> ) )\n\n* compute: removed custom_response_headers from GA google_compute_backend_service since it only works in the Beta version ( #7943 ( <https:\/\/github.com\/hashicorp\/terraform-provider-google\/pull\/7943> ) )\n\n* project: fixed a bug where google_project_default_service_accounts would delete all IAM bindings on a project when run with action = \"DEPRIVILEGE\" ( #7984 ( <https:\/\/github.com\/hashicorp\/terraform-provider-google\/pull\/7984> ) )\n\n* spanner: fixed an issue in google_spanner_database where multi-statement updates were not formatted correctly ( #7970 ( <https:\/\/github.com\/hashicorp\/terraform-provider-google\/pull\/7970> ) )\n\n* sql: fixed a bug in google_sql_database_instance that caused a permadiff on settings.replication_type ( #8006 ( <https:\/\/github.com\/hashicorp\/terraform-provider-google\/pull\/8006> ) )\n```\n<https:\/\/newreleases.io\/github\/hashicorp\/terraform-provider-google?version=v3.51.0|release note...>",
                "title": "hashicorp\/terraform-provider-google on GitHub",
                "id": 1,
                "title_link": "https:\/\/newreleases.io\/github\/hashicorp\/terraform-provider-google",
                "mrkdwn_in": [
                    "text"
                ]
            }
        ]
    },
    {
        "type": "message",
        "subtype": "bot_message",
        "text": "",
        "ts": "1608008527.015600",
        "bot_id": "B01D39EAGTT",
        "attachments": [
            {
                "fallback": "hashicorp\/packer on GitHub\nnightlynightly pre-release, updated\nrelease note: <https:\/\/newreleases.io\/github\/hashicorp\/packer?version=nightly>",
                "text": "*nightly* `nightly` _pre-release_, _updated_\n```\nNightly releases are snapshots of the development activity on the Packer project that may include new features and bug fixes scheduled for upcoming releases ( <https:\/\/github.com\/hashicorp\/packer\/milestones> ). These releases are made available to make it easier for users to test their existing build configurations against the latest Packer code base for potential issues or to experiment with new features, with a chance to provide feedback on ways to improve the changes before being released.\n\nAs these releases are snapshots of the latest code, you may encounter an issue compared to the latest stable release so users are encouraged to run nightly releases in a non production environment. If you encounter an issue, please check our issue tracker ( <https:\/\/github.com\/hashicorp\/packer\/issues> ) to see if the issue has already been reported; if a report hasn't been made, please report it so we can review the issue and make any needed fixes.\n\n*Note* : Nightly releases are only available via GitHub; distribution via Homebrew, Docker, or Chocolatey is not supported.\n```\n<https:\/\/newreleases.io\/github\/hashicorp\/packer?version=nightly|release note...>",
                "title": "hashicorp\/packer on GitHub",
                "id": 1,
                "title_link": "https:\/\/newreleases.io\/github\/hashicorp\/packer",
                "mrkdwn_in": [
                    "text"
                ]
            }
        ]
    }
]