[
    {
        "type": "message",
        "subtype": "bot_message",
        "text": "",
        "ts": "1607629904.014900",
        "bot_id": "B01D39EAGTT",
        "attachments": [
            {
                "fallback": "hashicorp\/waypoint on GitHub\nv0.2.0v0.2.0 \nrelease note: <https:\/\/newreleases.io\/github\/hashicorp\/waypoint?version=v0.2.0>",
                "text": "*v0.2.0* `v0.2.0` \n```\n-------------------------\n0.2.0 (December 10, 2020)\n-------------------------\n\nFEATURES:\n\n* *Application config syncing with Kubernetes (ConfigMaps), Vault, Consul, and AWS SSM* ;\nAutomatically sync environment variable values with remote sources and restart your\napplication when those values change. [GH-810]\n\n* *Access to Artifact, Deploy Metadata* : registry and deploy configuration can use\nartifact.* variable syntax to access metadata from the results of those stages.\nThe release configuration can use artifact.* and deploy.* to access metadata.\nFor example: image = artifact.image for Docker-based builds. [GH-757]\n\n* *template Functions* : templatefile , templatedir , and templatestring functions\nallow you to template files, directories, and strings with the variables and functions\navailable to your Waypoint configuration.\n\n* *path Variables* : you can now use path.project , <http:\/\/path.app|path.app> , and path.pwd as\nvariables in your Waypoint file to specify paths as relative to the project (waypoint.hcl\nfile), app, or pwd of the CLI invocation.\n\n* *Server snapshot\/restore* : you can now use the CLI or API to take and restore online\nsnapshots. Restoring snapshot data requires a server restart but the restore operation\ncan be staged online. [GH-870]\n\nIMPROVEMENTS:\n\n* cli\/logs: entrypoint logs can now be seen alongside app logs and are colored differently [GH-855]\n\n* contrib\/serverinstall: Automate setup of kind+k8s with metallb [GH-845]\n\n* core: application config changes (i.e. waypoint config set ) will now restart running applications [GH-791]\n\n* core: add more descriptive text to include app name in waypoint destroy [GH-807]\n\n* core: add better error messaging when prefix is missing from the -raw flag in waypoint config set [GH-815]\n\n* core: align -raw flag to behave like -json flag with waypoint config set [GH-828]\n\n* core: waypoint.hcl can be named waypoint.hcl.json and use JSON syntax [GH-867]\n\n* install: Update flags used on server install per-platform [GH-882]\n\n* install\/k8s: support for OpenShift [GH-715]\n\n* internal\/server: Block on instance deployment becoming available [GH-881]\n\n* plugin\/aws-ecr: environment variables to be used instead of 'region' property for aws-ecr registry [GH-841]\n\n* plugin\/google-cloud-run: allow images from Google Artifact Registry [GH-804]\n\n* plugin\/google-cloud-run: added service account name field [GH-850]\n\n* server: APIs for Waypoint database snapshot\/restore [GH-723]\n\n* website: many minor improvements were made in our plugin documentation section for this release\n\nBUG FIXES:\n\n* core: force killed waypoint exec sessions won't leave the remote process running [GH-827]\n\n* core: waypoint exec with no TTY won't hang open until a ctrl-c [GH-830]\n\n* cli: server config-set doesn't require a Waypoint configuration file. [GH-819]\n\n* cli\/token: fix issue where tokens could be cut off on narrow terminals [GH-885]\n\n* plugin\/aws-ecs: task_role_name is optional [GH-824]\n```\n<https:\/\/newreleases.io\/github\/hashicorp\/waypoint?version=v0.2.0|release note...>",
                "title": "hashicorp\/waypoint on GitHub",
                "id": 1,
                "title_link": "https:\/\/newreleases.io\/github\/hashicorp\/waypoint",
                "mrkdwn_in": [
                    "text"
                ]
            }
        ]
    },
    {
        "type": "message",
        "subtype": "bot_message",
        "text": "",
        "ts": "1607642068.015000",
        "bot_id": "B01D39EAGTT",
        "attachments": [
            {
                "fallback": "hashicorp\/consul on GitHub\nv1.7.11v1.7.11 \nrelease note: <https:\/\/newreleases.io\/github\/hashicorp\/consul?version=v1.7.11>",
                "text": "*v1.7.11* `v1.7.11` \n```\n--------------------------\n1.7.11 (December 10, 2020)\n--------------------------\n\nBUG FIXES:\n\n* license: *(Enterprise only)* Fixed an issue where warnings about Namespaces being unlicensed would be emitted erroneously.\n\n* namespace: *(Enterprise Only)* Fixed a bug that could case snapshot restoration to fail when it contained a namespace marked for deletion while still containing other resources in that namespace. [ GH-9156 ( <https:\/\/github.com\/hashicorp\/consul\/issues\/9156> ) ]\n\n* namespace: *(Enterprise Only)* Fixed an issue where namespaced services and checks were not being deleted when the containing namespace was deleted.\n\n* namespaces: *(Enterprise only)* Prevent stalling of replication in secondary datacenters due to conflicts between the namespace replicator and other replicators. [ GH-9271 ( <https:\/\/github.com\/hashicorp\/consul\/issues\/9271> ) ]\n```\n<https:\/\/newreleases.io\/github\/hashicorp\/consul?version=v1.7.11|release note...>",
                "title": "hashicorp\/consul on GitHub",
                "id": 1,
                "title_link": "https:\/\/newreleases.io\/github\/hashicorp\/consul",
                "mrkdwn_in": [
                    "text"
                ]
            }
        ]
    },
    {
        "type": "message",
        "subtype": "bot_message",
        "text": "",
        "ts": "1607642743.015100",
        "bot_id": "B01D39EAGTT",
        "attachments": [
            {
                "fallback": "hashicorp\/consul on GitHub\nv1.8.7v1.8.7 \nrelease note: <https:\/\/newreleases.io\/github\/hashicorp\/consul?version=v1.8.7>",
                "text": "*v1.8.7* `v1.8.7` \n```\n-------------------------\n1.8.7 (December 10, 2020)\n-------------------------\n\nBUG FIXES:\n\n* acl: global tokens created by auth methods now correctly replicate to secondary datacenters [ GH-9351 ( <https:\/\/github.com\/hashicorp\/consul\/issues\/9351> ) ]\n\n* connect: fixes a case when updating the CA config in a secondary datacenter to correctly trigger the creation of a new intermediate certificate [ GH-9009 ( <https:\/\/github.com\/hashicorp\/consul\/issues\/9009> ) ]\n\n* connect: only unset the active root in a secondary datacenter when a new one is replacing it [ GH-9318 ( <https:\/\/github.com\/hashicorp\/consul\/issues\/9318> ) ]\n\n* license: (Enterprise only) Fixed an issue where the UI would see Namespaces and SSO as licensed when they were not.\n\n* license: *(Enterprise only)* Fixed an issue where warnings about Namespaces being unlicensed would be emitted erroneously.\n\n* namespace: *(Enterprise Only)* Fixed a bug that could case snapshot restoration to fail when it contained a namespace marked for deletion while still containing other resources in that namespace. [ GH-9156 ( <https:\/\/github.com\/hashicorp\/consul\/issues\/9156> ) ]\n\n* namespace: *(Enterprise Only)* Fixed an issue where namespaced services and checks were not being deleted when the containing namespace was deleted.\n\n* namespaces: *(Enterprise only)* Prevent stalling of replication in secondary datacenters due to conflicts between the namespace replicator and other replicators. [ GH-9271 ( <https:\/\/github.com\/hashicorp\/consul\/issues\/9271> ) ]\n```\n<https:\/\/newreleases.io\/github\/hashicorp\/consul?version=v1.8.7|release note...>",
                "title": "hashicorp\/consul on GitHub",
                "id": 1,
                "title_link": "https:\/\/newreleases.io\/github\/hashicorp\/consul",
                "mrkdwn_in": [
                    "text"
                ]
            }
        ]
    },
    {
        "type": "message",
        "subtype": "bot_message",
        "text": "",
        "ts": "1607659137.015200",
        "bot_id": "B01D39EAGTT",
        "attachments": [
            {
                "fallback": "hashicorp\/consul on GitHub\nv1.9.1v1.9.1 \nrelease note: <https:\/\/newreleases.io\/github\/hashicorp\/consul?version=v1.9.1>",
                "text": "*v1.9.1* `v1.9.1` \n```\n-------------------------\n1.9.1 (December 11, 2020)\n-------------------------\n\nFEATURES:\n\n* ui: add copyable IDs to the Role and Policy views [ GH-9296 ( <https:\/\/github.com\/hashicorp\/consul\/issues\/9296> ) ]\n\nIMPROVEMENTS:\n\n* cli: *(Enterprise only)* A new -read-replica flag can now be used to enable running a server as a read only replica. Previously this was enabled with the now deprecated -non-voting-server flag. [ GH-9191 ( <https:\/\/github.com\/hashicorp\/consul\/issues\/9191> ) ]\n\n* config: *(Enterprise only)* A new read_replica configuration setting can now be used to enable running a server as a read only replica. Previously this was enabled with the now deprecated non_voting_server setting. [ GH-9191 ( <https:\/\/github.com\/hashicorp\/consul\/issues\/9191> ) ]\n\nDEPRECATIONS:\n\n* cli: *(Enterprise only)* The -non-voting-server flag is deprecated in favor of the new -read-replica flag. The -non-voting-server flag is still present along side the new flag but it will be removed in a future release. [ GH-9191 ( <https:\/\/github.com\/hashicorp\/consul\/issues\/9191> ) ]\n\n* config: *(Enterprise only)* The non_voting_server configuration setting is deprecated in favor of the new read_replica setting. The non_voting_server configuration setting is still present but will be removed in a future release. [ GH-9191 ( <https:\/\/github.com\/hashicorp\/consul\/issues\/9191> ) ]\n\n* gossip: *(Enterprise only)* Read replicas now advertise themselves by setting the read_replica tag. The old nonvoter tag is still present but is deprecated and will be removed in a future release. [ GH-9191 ( <https:\/\/github.com\/hashicorp\/consul\/issues\/9191> ) ]\n\n* server: *(Enterprise only)* Addition of the nonvoter tag to the service registration made for read replicas is deprecated in favor of the new tag name of read_replica. Both are present in the registration but the nonvoter tag will be completely removed in a future release. [ GH-9191 ( <https:\/\/github.com\/hashicorp\/consul\/issues\/9191> ) ]\n\nBUG FIXES:\n\n* agent: prevent duplicate services and check registrations from being synced to servers. [ GH-9284 ( <https:\/\/github.com\/hashicorp\/consul\/issues\/9284> ) ]\n\n* connect: fixes a case when updating the CA config in a secondary datacenter to correctly trigger the creation of a new intermediate certificate [ GH-9009 ( <https:\/\/github.com\/hashicorp\/consul\/issues\/9009> ) ]\n\n* connect: only unset the active root in a secondary datacenter when a new one is replacing it [ GH-9318 ( <https:\/\/github.com\/hashicorp\/consul\/issues\/9318> ) ]\n\n* namespaces: *(Enterprise only)* Prevent stalling of replication in secondary datacenters due to conflicts between the namespace replicator and other replicators. [ GH-9271 ( <https:\/\/github.com\/hashicorp\/consul\/issues\/9271> ) ]\n\n* streaming: ensure the order of results provided by \/health\/service\/:serviceName is consistent with and without streaming enabled [ GH-9247 ( <https:\/\/github.com\/hashicorp\/consul\/issues\/9247> ) ]\n```\n<https:\/\/newreleases.io\/github\/hashicorp\/consul?version=v1.9.1|release note...>",
                "title": "hashicorp\/consul on GitHub",
                "id": 1,
                "title_link": "https:\/\/newreleases.io\/github\/hashicorp\/consul",
                "mrkdwn_in": [
                    "text"
                ]
            }
        ]
    }
]