[
    {
        "type": "message",
        "subtype": "bot_message",
        "text": "",
        "ts": "1606944681.012200",
        "bot_id": "B01D39EAGTT",
        "attachments": [
            {
                "fallback": "hashicorp\/terraform on GitHub\nv0.14.0v0.14.0 \nrelease note: <https:\/\/newreleases.io\/github\/hashicorp\/terraform?version=v0.14.0>",
                "text": "*v0.14.0* `v0.14.0` \n<https:\/\/newreleases.io\/github\/hashicorp\/terraform?version=v0.14.0|release note...>",
                "title": "hashicorp\/terraform on GitHub",
                "id": 1,
                "title_link": "https:\/\/newreleases.io\/github\/hashicorp\/terraform",
                "mrkdwn_in": [
                    "text"
                ]
            }
        ],
        "reactions": [
            {
                "name": "eyes",
                "users": [
                    "UFT60TQCQ"
                ],
                "count": 1
            },
            {
                "name": "tada",
                "users": [
                    "U018F14RQBE",
                    "UFU0BKD8F",
                    "UGXHYR44Q",
                    "U01AEH6SRL2",
                    "UR6TGPC0P",
                    "ULUB6GFRT",
                    "UREE40K7A",
                    "UGXFY0V88",
                    "UGFSM002K"
                ],
                "count": 9
            }
        ]
    }
]