[
    {
        "user": "UFU0BKD8F",
        "type": "message",
        "subtype": "channel_join",
        "ts": "1548895582.000200",
        "text": "<@UFU0BKD8F>さんがチャンネルに参加しました"
    },
    {
        "user": "UFU0BKD8F",
        "type": "message",
        "subtype": "channel_purpose",
        "ts": "1548895582.000300",
        "text": "<@UFU0BKD8F>さんがチャンネルの目的を設定しました : 自己紹介でもしましょう。返信はスレが望ましいと思いまふ",
        "purpose": "自己紹介でもしましょう。返信はスレが望ましいと思いまふ"
    },
    {
        "client_msg_id": "1126af57-bffd-4ed0-ae9a-ec9281b9885d",
        "type": "message",
        "text": "こんにちわ。らきです。都内で働くフリーランスです。業歴25年ってとこです。\nterraform歴は3年くらいになるはず。勤務先でGCP向けterraformを同僚が組んでて、\n新規プロダクトをAWSにしたのでAWS向けterraformを俺が書いています。\n周回遅れのモダン形式、packer - ansible - terraform - AWS が今のメインラインです。\nterraformをやる日本語が話せる人ってそれなりにいるはずなのに身近にはあんまりいなくて\nいつまで待っても誰も作らないようなのでここを作りました。\nむしろほかに日本語の通るterraformのコミュニティがあったら教えてほしいです。\nよろしくお願いします。",
        "user": "UFU0BKD8F",
        "ts": "1548896026.006200",
        "reactions": [
            {
                "name": "+1",
                "users": [
                    "UFTKSQ25T",
                    "UGYKRFWLD",
                    "UGY9BJ1NF"
                ],
                "count": 3
            }
        ]
    },
    {
        "user": "UFUP9BGES",
        "type": "message",
        "subtype": "channel_join",
        "ts": "1548896757.006600",
        "text": "<@UFUP9BGES>さんがチャンネルに参加しました"
    },
    {
        "user": "UFT60TQCQ",
        "type": "message",
        "subtype": "channel_join",
        "ts": "1548902942.006800",
        "text": "<@UFT60TQCQ>さんがチャンネルに参加しました"
    },
    {
        "client_msg_id": "450af461-5254-474f-8634-f35f5619e9a9",
        "type": "message",
        "text": "はじめまして、 <@UFT60TQCQ> と申します\n2\/12 以降フリーランスとして活動していく、当面は Corporate operation Engineer（CoE）です\n自己紹介などは <https:\/\/www.ant-in-giant.work\/about\/> をご覧いただければと思います。",
        "user": "UFT60TQCQ",
        "ts": "1548903104.008800",
        "attachments": [
            {
                "service_name": "ant-in-giant",
                "title": "About",
                "title_link": "https:\/\/www.ant-in-giant.work\/about\/",
                "text": "© 2019 ant-in-giant. Powered by Jekyll",
                "fallback": "ant-in-giant: About",
                "from_url": "https:\/\/www.ant-in-giant.work\/about\/",
                "id": 1,
                "original_url": "https:\/\/www.ant-in-giant.work\/about\/"
            }
        ],
        "reactions": [
            {
                "name": "よろしく",
                "users": [
                    "UFU0BKD8F",
                    "UFTKSQ25T",
                    "UGYKRFWLD"
                ],
                "count": 3
            }
        ]
    },
    {
        "client_msg_id": "3a7b1232-e4bc-4135-b274-89548a44e713",
        "type": "message",
        "text": "京都で働くインフラエンジニア、 <@UFUP9BGES> です。\n株式会社はてな（ *の隣の* ウェブ制作会社）で働いております。\n会社に荷物を置いたまま手ぶらで参加できるので、はてなの勉強会にはいつもフリーライドしています。\n\n業歴は20年ほどですが、キャリアの振り出しは企画サイドなので、技術者としてはようやく10年に届こうか、という感じです。\nウェブサービスを中心に仕事をしていたつもりが、ソシャゲブームとアプリシフトでゲームアプリ開発がメインになって露骨に冷遇されるようになったので、京都のウェブ系企業へ転職しました。\n\n元々はかつてのpixvよろしくPCサーバでゴリゴリ頑張っており、マザボの匂いをを嗅いで劣化具合を判定する技能も身に着けたくらいでしたが、その後はLVSで小規模サーバを多数並べて負荷分散するため自前仮想化(Xen)を利用するようになり、あとはAWSへという自然な(？)流れです。\nOSは、古くからホスティング事業もやってる会社都合でFreeBSDが中心ですが、自分自身のキャリアとしてはLinuxが中心になっています。とりあえずまあ、Winサーバ以外は色々と触ってます。\n\nAWSのマネジメントコンソールポチポチだとAWSのUI改訂で手順書劣化が激しいので、それを何とかしよう、できればロックインされないものだと嬉しいよね、ということでTerraformを利用しています。",
        "user": "UFUP9BGES",
        "ts": "1548915206.009300",
        "edited": {
            "user": "UFUP9BGES",
            "ts": "1552138688.000000"
        },
        "reactions": [
            {
                "name": "よろしく",
                "users": [
                    "UFU0BKD8F",
                    "UFTKSQ25T",
                    "UGYKRFWLD"
                ],
                "count": 3
            }
        ]
    }
]