[
    {
        "type": "message",
        "subtype": "bot_message",
        "text": "<https:\/\/www.reddit.com\/r\/Terraform\/comments\/qg0pzl\/2_variables_from_different_outpus\/|2 variables from different outpus?>\nHow can I gather 2 variables from different outputs to a file? I have hcloud_server.masters.*.ipv4_address and hcloud_server_network.masters-srvnetwork.*.ip I need the output to be like: %{ for index, ip in somthing ~} public= hcloud_server.masters.[0].ipv4_address private = hcloud_server_network.masters-srvnetwork.[0].ip %{ ‏‏‎ endfor ~}    submitted by   <https:\/\/www.reddit.com\/user\/Mu13GhostBusters| \/u\/Mu13GhostBusters > \n&lt;a...",
        "ts": "1635232595.008600",
        "username": "Terraform",
        "icons": {
            "image_48": "https:\/\/s3-us-west-2.amazonaws.com\/slack-files2\/bot_icons\/2019-02-12\/548785199618_48.png"
        },
        "bot_id": "BG3N7LG73",
        "blocks": [
            {
                "type": "rich_text",
                "block_id": "i7K",
                "elements": [
                    {
                        "type": "rich_text_section",
                        "elements": [
                            {
                                "type": "link",
                                "url": "https:\/\/www.reddit.com\/r\/Terraform\/comments\/qg0pzl\/2_variables_from_different_outpus\/",
                                "text": "2 variables from different outpus?"
                            },
                            {
                                "type": "text",
                                "text": "\nHow can I gather 2 variables from different outputs to a file? I have hcloud_server.masters."
                            },
                            {
                                "type": "text",
                                "text": ".ipv4_address and hcloud_server_network.masters-srvnetwork.",
                                "style": {
                                    "bold": true
                                }
                            },
                            {
                                "type": "text",
                                "text": ".ip I need the output to be like: %{ for index, ip in somthing ~} public= hcloud_server.masters.[0].ipv4_address private = hcloud_server_network.masters-srvnetwork.[0].ip %{ ‏‏‎ endfor ~}    submitted by   "
                            },
                            {
                                "type": "link",
                                "url": "https:\/\/www.reddit.com\/user\/Mu13GhostBusters",
                                "text": "\/u\/Mu13GhostBusters"
                            },
                            {
                                "type": "text",
                                "text": " \n<a..."
                            }
                        ]
                    }
                ]
            }
        ],
        "attachments": [
            {
                "fallback": "reddit: 2 variables from different outpus?",
                "from_url": "https:\/\/www.reddit.com\/r\/Terraform\/comments\/qg0pzl\/2_variables_from_different_outpus\/",
                "service_name": "reddit",
                "service_icon": "http:\/\/www.redditstatic.com\/desktop2x\/img\/favicon\/apple-icon-57x57.png",
                "title": "2 variables from different outpus?",
                "title_link": "https:\/\/www.reddit.com\/r\/Terraform\/comments\/qg0pzl\/2_variables_from_different_outpus\/",
                "thumb_url": "https:\/\/www.redditstatic.com\/new-icon.png",
                "thumb_width": 256,
                "thumb_height": 256,
                "text": "How can I gather 2 variables from different outputs to a file? I have hcloud\\_server.masters.\\*.ipv4\\_address and...",
                "id": 1,
                "original_url": "https:\/\/www.reddit.com\/r\/Terraform\/comments\/qg0pzl\/2_variables_from_different_outpus\/"
            },
            {
                "fallback": "overview for Mu13GhostBusters",
                "from_url": "https:\/\/www.reddit.com\/user\/Mu13GhostBusters",
                "service_name": "reddit.com",
                "service_icon": "http:\/\/www.redditstatic.com\/desktop2x\/img\/favicon\/apple-icon-57x57.png",
                "title": "overview for Mu13GhostBusters",
                "title_link": "https:\/\/www.reddit.com\/user\/Mu13GhostBusters",
                "text": "Girl(thats all).",
                "id": 2,
                "original_url": "https:\/\/www.reddit.com\/user\/Mu13GhostBusters"
            }
        ],
        "edited": {
            "user": "BG3N7LG73",
            "ts": "1635232595.000000"
        }
    },
    {
        "type": "message",
        "subtype": "bot_message",
        "text": "<https:\/\/www.reddit.com\/r\/Terraform\/comments\/qg51qc\/using_precommits_hooks_to_improve_terraform_iac\/|Using pre-commits hooks to improve terraform IaC code quality>\nHi! I wanted to share my experience with using pre-commits hooks. I found that they greatly improve my Terraform Infrastructure as Code quality and that's why I'm now using it on several projects. Of course, it comes with its downsides, but it is still a great tool! I <https:\/\/www.padok.fr\/en\/blog\/pre-commit-hooks|wrote an article> about it if you want to know more about how I use it!    submitted by   <https:\/\/www.reddit.com\/user\/ad-ops77| \/u\/ad-ops77 > \n&lt;a...",
        "ts": "1635251798.008800",
        "username": "Terraform",
        "icons": {
            "image_48": "https:\/\/s3-us-west-2.amazonaws.com\/slack-files2\/bot_icons\/2019-02-12\/548785199618_48.png"
        },
        "bot_id": "BG3N7LG73",
        "blocks": [
            {
                "type": "rich_text",
                "block_id": "pZSOZ",
                "elements": [
                    {
                        "type": "rich_text_section",
                        "elements": [
                            {
                                "type": "link",
                                "url": "https:\/\/www.reddit.com\/r\/Terraform\/comments\/qg51qc\/using_precommits_hooks_to_improve_terraform_iac\/",
                                "text": "Using pre-commits hooks to improve terraform IaC code quality"
                            },
                            {
                                "type": "text",
                                "text": "\nHi! I wanted to share my experience with using pre-commits hooks. I found that they greatly improve my Terraform Infrastructure as Code quality and that's why I'm now using it on several projects. Of course, it comes with its downsides, but it is still a great tool! I "
                            },
                            {
                                "type": "link",
                                "url": "https:\/\/www.padok.fr\/en\/blog\/pre-commit-hooks",
                                "text": "wrote an article"
                            },
                            {
                                "type": "text",
                                "text": " about it if you want to know more about how I use it!    submitted by   "
                            },
                            {
                                "type": "link",
                                "url": "https:\/\/www.reddit.com\/user\/ad-ops77",
                                "text": "\/u\/ad-ops77"
                            },
                            {
                                "type": "text",
                                "text": " \n<a..."
                            }
                        ]
                    }
                ]
            }
        ],
        "attachments": [
            {
                "fallback": "reddit: Using pre-commits hooks to improve terraform IaC code quality",
                "from_url": "https:\/\/www.reddit.com\/r\/Terraform\/comments\/qg51qc\/using_precommits_hooks_to_improve_terraform_iac\/",
                "service_name": "reddit",
                "service_icon": "http:\/\/www.redditstatic.com\/desktop2x\/img\/favicon\/apple-icon-57x57.png",
                "title": "Using pre-commits hooks to improve terraform IaC code quality",
                "title_link": "https:\/\/www.reddit.com\/r\/Terraform\/comments\/qg51qc\/using_precommits_hooks_to_improve_terraform_iac\/",
                "thumb_url": "https:\/\/www.redditstatic.com\/new-icon.png",
                "thumb_width": 256,
                "thumb_height": 256,
                "text": "Hi! I wanted to share my experience with using pre-commits hooks. I found that they greatly improve my Terraform Infrastructure as Code quality...",
                "id": 1,
                "original_url": "https:\/\/www.reddit.com\/r\/Terraform\/comments\/qg51qc\/using_precommits_hooks_to_improve_terraform_iac\/"
            },
            {
                "fallback": "Improve your IaC code quality with the pre-commit hooks",
                "from_url": "https:\/\/www.padok.fr\/en\/blog\/pre-commit-hooks",
                "service_name": "padok.fr",
                "service_icon": "https:\/\/www.padok.fr\/hubfs\/padok-favicon.png",
                "title": "Improve your IaC code quality with the pre-commit hooks",
                "title_link": "https:\/\/www.padok.fr\/en\/blog\/pre-commit-hooks",
                "text": "Terraform Infrastructure as Code quality may be significantly improved using pre-commit hooks. Learn how to install and use them for your very own projects.",
                "id": 2,
                "original_url": "https:\/\/www.padok.fr\/en\/blog\/pre-commit-hooks"
            },
            {
                "fallback": "overview for ad-ops77",
                "from_url": "https:\/\/www.reddit.com\/user\/ad-ops77",
                "service_name": "reddit.com",
                "service_icon": "http:\/\/www.redditstatic.com\/desktop2x\/img\/favicon\/apple-icon-57x57.png",
                "title": "overview for ad-ops77",
                "title_link": "https:\/\/www.reddit.com\/user\/ad-ops77",
                "text": "The u\/ad-ops77 community on Reddit. Reddit gives you the best of the internet in one place.",
                "id": 3,
                "original_url": "https:\/\/www.reddit.com\/user\/ad-ops77"
            }
        ],
        "edited": {
            "user": "BG3N7LG73",
            "ts": "1635251798.000000"
        }
    },
    {
        "type": "message",
        "subtype": "bot_message",
        "text": "<https:\/\/www.reddit.com\/r\/Terraform\/comments\/qg65di\/pass_in_a_list_of_dynamic_subnetids_into_a\/|Pass in a list of dynamic subnetids into a terraform creation resource dynamically>\nI want to be able to pass in a list of subnet ids to create a Aws_db_subnet_group. I have two files set up: <https:\/\/var.tf\/|var.tf> Variables file The below will get subnet ids that are set up within the default VPC (of which there are 3 subnet ids) data \"aws_vpc\" \"selected\" { filter { name = \"tag:Name\" values = [\"Default\"] } } data \"aws_subnet_ids\" \"selected\" { vpc_id = data.aws_vpc.selected.id } data \"aws_subnet\" \"selected\" { count = length(data.aws_subnet_ids.selected.ids) id...",
        "ts": "1635254794.009000",
        "username": "Terraform",
        "icons": {
            "image_48": "https:\/\/s3-us-west-2.amazonaws.com\/slack-files2\/bot_icons\/2019-02-12\/548785199618_48.png"
        },
        "bot_id": "BG3N7LG73",
        "blocks": [
            {
                "type": "rich_text",
                "block_id": "vV2Ac",
                "elements": [
                    {
                        "type": "rich_text_section",
                        "elements": [
                            {
                                "type": "link",
                                "url": "https:\/\/www.reddit.com\/r\/Terraform\/comments\/qg65di\/pass_in_a_list_of_dynamic_subnetids_into_a\/",
                                "text": "Pass in a list of dynamic subnetids into a terraform creation resource dynamically"
                            },
                            {
                                "type": "text",
                                "text": "\nI want to be able to pass in a list of subnet ids to create a Aws_db_subnet_group. I have two files set up: "
                            },
                            {
                                "type": "link",
                                "url": "https:\/\/var.tf\/",
                                "text": "var.tf"
                            },
                            {
                                "type": "text",
                                "text": " Variables file The below will get subnet ids that are set up within the default VPC (of which there are 3 subnet ids) data \"aws_vpc\" \"selected\" { filter { name = \"tag:Name\" values = [\"Default\"] } } data \"aws_subnet_ids\" \"selected\" { vpc_id = data.aws_vpc.selected.id } data \"aws_subnet\" \"selected\" { count = length(data.aws_subnet_ids.selected.ids) id..."
                            }
                        ]
                    }
                ]
            }
        ],
        "attachments": [
            {
                "fallback": "reddit: Pass in a list of dynamic subnetids into a terraform creation resource dynamically",
                "from_url": "https:\/\/www.reddit.com\/r\/Terraform\/comments\/qg65di\/pass_in_a_list_of_dynamic_subnetids_into_a\/",
                "service_name": "reddit",
                "service_icon": "http:\/\/www.redditstatic.com\/desktop2x\/img\/favicon\/apple-icon-57x57.png",
                "title": "Pass in a list of dynamic subnetids into a terraform creation resource dynamically",
                "title_link": "https:\/\/www.reddit.com\/r\/Terraform\/comments\/qg65di\/pass_in_a_list_of_dynamic_subnetids_into_a\/",
                "thumb_url": "https:\/\/www.redditstatic.com\/new-icon.png",
                "thumb_width": 256,
                "thumb_height": 256,
                "text": "I want to be able to pass in a list of subnet ids to create a Aws\\_db\\_subnet\\_group. I have two files set up: 1. [<http:\/\/var.tf|var.tf>](<https:\/\/var.tf>)...",
                "id": 1,
                "original_url": "https:\/\/www.reddit.com\/r\/Terraform\/comments\/qg65di\/pass_in_a_list_of_dynamic_subnetids_into_a\/"
            }
        ],
        "edited": {
            "user": "BG3N7LG73",
            "ts": "1635254794.000000"
        }
    },
    {
        "type": "message",
        "subtype": "bot_message",
        "text": "<https:\/\/www.reddit.com\/r\/Terraform\/comments\/qg6gog\/can_i_swap_a_workspace_from_vcs_to_cli\/|Can I swap a workspace from VCS to CLI?>\nI turned on VCS when I created the workspace. Kinda want CLI now, and I can't find the setting to swap it. Does anyone know how it works? Thanks in advance!    submitted by   <https:\/\/www.reddit.com\/user\/AGorillaInALambo| \/u\/AGorillaInALambo > \n<https:\/\/www.reddit.com\/r\/Terraform\/comments\/qg6gog\/can_i_swap_a_workspace_from_vcs_to_cli\/|[link]>   <https:\/\/www.reddit.com\/r\/Terraform\/comments\/qg6gog\/can_i_swap_a_workspace_from_vcs_to_cli\/|[comments]>",
        "ts": "1635255395.009200",
        "username": "Terraform",
        "icons": {
            "image_48": "https:\/\/s3-us-west-2.amazonaws.com\/slack-files2\/bot_icons\/2019-02-12\/548785199618_48.png"
        },
        "bot_id": "BG3N7LG73",
        "blocks": [
            {
                "type": "rich_text",
                "block_id": "XV+E",
                "elements": [
                    {
                        "type": "rich_text_section",
                        "elements": [
                            {
                                "type": "link",
                                "url": "https:\/\/www.reddit.com\/r\/Terraform\/comments\/qg6gog\/can_i_swap_a_workspace_from_vcs_to_cli\/",
                                "text": "Can I swap a workspace from VCS to CLI?"
                            },
                            {
                                "type": "text",
                                "text": "\nI turned on VCS when I created the workspace. Kinda want CLI now, and I can't find the setting to swap it. Does anyone know how it works? Thanks in advance!    submitted by   "
                            },
                            {
                                "type": "link",
                                "url": "https:\/\/www.reddit.com\/user\/AGorillaInALambo",
                                "text": "\/u\/AGorillaInALambo"
                            },
                            {
                                "type": "text",
                                "text": " \n"
                            },
                            {
                                "type": "link",
                                "url": "https:\/\/www.reddit.com\/r\/Terraform\/comments\/qg6gog\/can_i_swap_a_workspace_from_vcs_to_cli\/",
                                "text": "[link]"
                            },
                            {
                                "type": "text",
                                "text": "   "
                            },
                            {
                                "type": "link",
                                "url": "https:\/\/www.reddit.com\/r\/Terraform\/comments\/qg6gog\/can_i_swap_a_workspace_from_vcs_to_cli\/",
                                "text": "[comments]"
                            }
                        ]
                    }
                ]
            }
        ],
        "attachments": [
            {
                "service_name": "reddit",
                "title": "Can I swap a workspace from VCS to CLI?",
                "title_link": "https:\/\/www.reddit.com\/r\/Terraform\/comments\/qg6gog\/can_i_swap_a_workspace_from_vcs_to_cli\/",
                "text": "I turned on VCS when I created the workspace. Kinda want CLI now, and I can't find the setting to swap it. Does anyone know how it works? Thanks...",
                "fallback": "reddit: Can I swap a workspace from VCS to CLI?",
                "thumb_url": "https:\/\/www.redditstatic.com\/new-icon.png",
                "from_url": "https:\/\/www.reddit.com\/r\/Terraform\/comments\/qg6gog\/can_i_swap_a_workspace_from_vcs_to_cli\/",
                "thumb_width": 256,
                "thumb_height": 256,
                "service_icon": "http:\/\/www.redditstatic.com\/desktop2x\/img\/favicon\/apple-icon-57x57.png",
                "id": 1,
                "original_url": "https:\/\/www.reddit.com\/r\/Terraform\/comments\/qg6gog\/can_i_swap_a_workspace_from_vcs_to_cli\/"
            },
            {
                "title": "overview for AGorillaInALambo",
                "title_link": "https:\/\/www.reddit.com\/user\/AGorillaInALambo",
                "text": "The u\/AGorillaInALambo community on Reddit. Reddit gives you the best of the internet in one place.",
                "fallback": "overview for AGorillaInALambo",
                "from_url": "https:\/\/www.reddit.com\/user\/AGorillaInALambo",
                "service_icon": "http:\/\/www.redditstatic.com\/desktop2x\/img\/favicon\/apple-icon-57x57.png",
                "service_name": "reddit.com",
                "id": 2,
                "original_url": "https:\/\/www.reddit.com\/user\/AGorillaInALambo"
            }
        ],
        "edited": {
            "user": "BG3N7LG73",
            "ts": "1635255395.000000"
        }
    },
    {
        "type": "message",
        "subtype": "bot_message",
        "text": "<https:\/\/www.reddit.com\/r\/Terraform\/comments\/qg8hkq\/adding_two_vms_in_a_azure_loadbalancer_using\/|Adding two VM`s in a azure loadbalancer using terraform>\nHi All ,  I am able to link one vm to an backendpool using the network interface id , How do i do it for multiple vm`s ( ie different nic id without repeating the same code) resource \"azurerm_network_interface_backend_address_pool_association\" \"example\" { network_interface_id = azurerm_network_interface.example.id ip_configuration_name = \"testconfiguration1\" backend_address_pool_id = azurerm_lb_backend_address_pool.example.id }     submitted by   &lt;a...",
        "ts": "1635261398.009400",
        "username": "Terraform",
        "icons": {
            "image_48": "https:\/\/s3-us-west-2.amazonaws.com\/slack-files2\/bot_icons\/2019-02-12\/548785199618_48.png"
        },
        "bot_id": "BG3N7LG73",
        "blocks": [
            {
                "type": "rich_text",
                "block_id": "A0Pqz",
                "elements": [
                    {
                        "type": "rich_text_section",
                        "elements": [
                            {
                                "type": "link",
                                "url": "https:\/\/www.reddit.com\/r\/Terraform\/comments\/qg8hkq\/adding_two_vms_in_a_azure_loadbalancer_using\/",
                                "text": "Adding two VM`s in a azure loadbalancer using terraform"
                            },
                            {
                                "type": "text",
                                "text": "\nHi All ,  I am able to link one vm to an backendpool using the network interface id , How do i do it for multiple vm`s ( ie different nic id without repeating the same code) resource \"azurerm_network_interface_backend_address_pool_association\" \"example\" { network_interface_id = azurerm_network_interface.example.id ip_configuration_name = \"testconfiguration1\" backend_address_pool_id = azurerm_lb_backend_address_pool.example.id }     submitted by   <a..."
                            }
                        ]
                    }
                ]
            }
        ],
        "attachments": [
            {
                "service_name": "reddit",
                "title": "Adding two VM`s in a azure loadbalancer using terraform",
                "title_link": "https:\/\/www.reddit.com\/r\/Terraform\/comments\/qg8hkq\/adding_two_vms_in_a_azure_loadbalancer_using\/",
                "text": "Hi All , I am able to link one vm to an backendpool using the network interface id , How do i do it for multiple vm\\`s ( ie different nic id...",
                "fallback": "reddit: Adding two VM`s in a azure loadbalancer using terraform",
                "thumb_url": "https:\/\/www.redditstatic.com\/new-icon.png",
                "from_url": "https:\/\/www.reddit.com\/r\/Terraform\/comments\/qg8hkq\/adding_two_vms_in_a_azure_loadbalancer_using\/",
                "thumb_width": 256,
                "thumb_height": 256,
                "service_icon": "http:\/\/www.redditstatic.com\/desktop2x\/img\/favicon\/apple-icon-57x57.png",
                "id": 1,
                "original_url": "https:\/\/www.reddit.com\/r\/Terraform\/comments\/qg8hkq\/adding_two_vms_in_a_azure_loadbalancer_using\/"
            }
        ],
        "edited": {
            "user": "BG3N7LG73",
            "ts": "1635261399.000000"
        }
    },
    {
        "type": "message",
        "subtype": "bot_message",
        "text": "<https:\/\/www.reddit.com\/r\/Terraform\/comments\/qg9b1w\/append_to_local_file_based_on_keys_in_a_map\/|Append to local_file based on keys in a map.>\nHello!  I need some help regarding maps and local_files resource.  regions = {  \"us\" = \"US_WEST\", \"eu\" = \"EU_CENTRAL\", } resource \"local_file\" \"helm_manifest_regional\" {  for_each = var.regions filename = packages\/region-${each.key}.yaml\" content = data.helm_template.helm_manifest_regional[each.key].manifest } So I currently have the above configuration. This generates a region-.yaml for every region. Instead of having it create multiple files I want this to add all the output to the same...",
        "ts": "1635263785.009600",
        "username": "Terraform",
        "icons": {
            "image_48": "https:\/\/s3-us-west-2.amazonaws.com\/slack-files2\/bot_icons\/2019-02-12\/548785199618_48.png"
        },
        "bot_id": "BG3N7LG73",
        "blocks": [
            {
                "type": "rich_text",
                "block_id": "gkOn5",
                "elements": [
                    {
                        "type": "rich_text_section",
                        "elements": [
                            {
                                "type": "link",
                                "url": "https:\/\/www.reddit.com\/r\/Terraform\/comments\/qg9b1w\/append_to_local_file_based_on_keys_in_a_map\/",
                                "text": "Append to local_file based on keys in a map."
                            },
                            {
                                "type": "text",
                                "text": "\nHello!  I need some help regarding maps and local_files resource.  regions = {  \"us\" = \"US_WEST\", \"eu\" = \"EU_CENTRAL\", } resource \"local_file\" \"helm_manifest_regional\" {  for_each = var.regions filename = packages\/region-${each.key}.yaml\" content = data.helm_template.helm_manifest_regional[each.key].manifest } So I currently have the above configuration. This generates a region-.yaml for every region. Instead of having it create multiple files I want this to add all the output to the same..."
                            }
                        ]
                    }
                ]
            }
        ],
        "attachments": [
            {
                "fallback": "reddit: Append to local_file based on keys in a map.",
                "from_url": "https:\/\/www.reddit.com\/r\/Terraform\/comments\/qg9b1w\/append_to_local_file_based_on_keys_in_a_map\/",
                "service_name": "reddit",
                "service_icon": "http:\/\/www.redditstatic.com\/desktop2x\/img\/favicon\/apple-icon-57x57.png",
                "title": "Append to local_file based on keys in a map.",
                "title_link": "https:\/\/www.reddit.com\/r\/Terraform\/comments\/qg9b1w\/append_to_local_file_based_on_keys_in_a_map\/",
                "thumb_url": "https:\/\/www.redditstatic.com\/new-icon.png",
                "thumb_width": 256,
                "thumb_height": 256,
                "text": "Hello! I need some help regarding maps and local\\_files resource. regions = { \"us\" = \"US_WEST\", \"eu\" = \"EU_CENTRAL\", } resource...",
                "id": 1,
                "original_url": "https:\/\/www.reddit.com\/r\/Terraform\/comments\/qg9b1w\/append_to_local_file_based_on_keys_in_a_map\/"
            }
        ],
        "edited": {
            "user": "BG3N7LG73",
            "ts": "1635263785.000000"
        }
    },
    {
        "type": "message",
        "subtype": "bot_message",
        "text": "<https:\/\/www.reddit.com\/r\/Terraform\/comments\/qgd61o\/terraform_ignores_some_k8s_settings\/|Terraform ignores some k8s settings?>\nI have a deployment, which lists some volumes. I'm importing the deployment When I run terraform plan without listing the volumes, it says \"no changes\", however if I add the volume block, it still says \"no changes\" and if I change something in the volume block, it recognizes the difference. Why doesn't it seem to care about the volume block until I add it?    submitted by   <https:\/\/www.reddit.com\/user\/JamMan23| \/u\/JamMan23 > \n&lt;a...",
        "ts": "1635274596.009800",
        "username": "Terraform",
        "icons": {
            "image_48": "https:\/\/s3-us-west-2.amazonaws.com\/slack-files2\/bot_icons\/2019-02-12\/548785199618_48.png"
        },
        "bot_id": "BG3N7LG73",
        "blocks": [
            {
                "type": "rich_text",
                "block_id": "dtD",
                "elements": [
                    {
                        "type": "rich_text_section",
                        "elements": [
                            {
                                "type": "link",
                                "url": "https:\/\/www.reddit.com\/r\/Terraform\/comments\/qgd61o\/terraform_ignores_some_k8s_settings\/",
                                "text": "Terraform ignores some k8s settings?"
                            },
                            {
                                "type": "text",
                                "text": "\nI have a deployment, which lists some volumes. I'm importing the deployment When I run terraform plan without listing the volumes, it says \"no changes\", however if I add the volume block, it still says \"no changes\" and if I change something in the volume block, it recognizes the difference. Why doesn't it seem to care about the volume block until I add it?    submitted by   "
                            },
                            {
                                "type": "link",
                                "url": "https:\/\/www.reddit.com\/user\/JamMan23",
                                "text": "\/u\/JamMan23"
                            },
                            {
                                "type": "text",
                                "text": " \n<a..."
                            }
                        ]
                    }
                ]
            }
        ],
        "attachments": [
            {
                "fallback": "reddit: Terraform ignores some k8s settings?",
                "from_url": "https:\/\/www.reddit.com\/r\/Terraform\/comments\/qgd61o\/terraform_ignores_some_k8s_settings\/",
                "service_name": "reddit",
                "service_icon": "http:\/\/www.redditstatic.com\/desktop2x\/img\/favicon\/apple-icon-57x57.png",
                "title": "Terraform ignores some k8s settings?",
                "title_link": "https:\/\/www.reddit.com\/r\/Terraform\/comments\/qgd61o\/terraform_ignores_some_k8s_settings\/",
                "thumb_url": "https:\/\/www.redditstatic.com\/new-icon.png",
                "thumb_width": 256,
                "thumb_height": 256,
                "text": "I have a deployment, which lists some volumes. I'm importing the deployment When I run terraform plan without listing the volumes, it says \"no...",
                "id": 1,
                "original_url": "https:\/\/www.reddit.com\/r\/Terraform\/comments\/qgd61o\/terraform_ignores_some_k8s_settings\/"
            },
            {
                "fallback": "overview for JamMan23",
                "from_url": "https:\/\/www.reddit.com\/user\/JamMan23",
                "service_name": "reddit.com",
                "service_icon": "http:\/\/www.redditstatic.com\/desktop2x\/img\/favicon\/apple-icon-57x57.png",
                "title": "overview for JamMan23",
                "title_link": "https:\/\/www.reddit.com\/user\/JamMan23",
                "text": "The u\/JamMan23 community on Reddit. Reddit gives you the best of the internet in one place.",
                "id": 2,
                "original_url": "https:\/\/www.reddit.com\/user\/JamMan23"
            }
        ],
        "edited": {
            "user": "BG3N7LG73",
            "ts": "1635274596.000000"
        }
    },
    {
        "type": "message",
        "subtype": "bot_message",
        "text": "<https:\/\/www.reddit.com\/r\/Terraform\/comments\/qgddb4\/so_ive_learned_that_as_code_isnt_the_same_as_is\/|So, I've learned that \"as code\" isn't the same as \"is code\"...>\nsubmitted by   <https:\/\/www.reddit.com\/user\/AaronnBrock| \/u\/AaronnBrock > \n<https:\/\/i.redd.it\/mwty0eyqcuv71.png|[link]>   <https:\/\/www.reddit.com\/r\/Terraform\/comments\/qgddb4\/so_ive_learned_that_as_code_isnt_the_same_as_is\/|[comments]>",
        "ts": "1635275794.010000",
        "username": "Terraform",
        "icons": {
            "image_48": "https:\/\/s3-us-west-2.amazonaws.com\/slack-files2\/bot_icons\/2019-02-12\/548785199618_48.png"
        },
        "bot_id": "BG3N7LG73",
        "blocks": [
            {
                "type": "rich_text",
                "block_id": "LAH",
                "elements": [
                    {
                        "type": "rich_text_section",
                        "elements": [
                            {
                                "type": "link",
                                "url": "https:\/\/www.reddit.com\/r\/Terraform\/comments\/qgddb4\/so_ive_learned_that_as_code_isnt_the_same_as_is\/",
                                "text": "So, I've learned that \"as code\" isn't the same as \"is code\"..."
                            },
                            {
                                "type": "text",
                                "text": "\nsubmitted by   "
                            },
                            {
                                "type": "link",
                                "url": "https:\/\/www.reddit.com\/user\/AaronnBrock",
                                "text": "\/u\/AaronnBrock"
                            },
                            {
                                "type": "text",
                                "text": " \n"
                            },
                            {
                                "type": "link",
                                "url": "https:\/\/i.redd.it\/mwty0eyqcuv71.png",
                                "text": "[link]"
                            },
                            {
                                "type": "text",
                                "text": "   "
                            },
                            {
                                "type": "link",
                                "url": "https:\/\/www.reddit.com\/r\/Terraform\/comments\/qgddb4\/so_ive_learned_that_as_code_isnt_the_same_as_is\/",
                                "text": "[comments]"
                            }
                        ]
                    }
                ]
            }
        ],
        "attachments": [
            {
                "fallback": "reddit: So, I've learned that \"as code\" isn't the same as \"is code\"...",
                "from_url": "https:\/\/www.reddit.com\/r\/Terraform\/comments\/qgddb4\/so_ive_learned_that_as_code_isnt_the_same_as_is\/",
                "service_name": "reddit",
                "service_icon": "http:\/\/www.redditstatic.com\/desktop2x\/img\/favicon\/apple-icon-57x57.png",
                "title": "So, I've learned that \"as code\" isn't the same as \"is code\"...",
                "title_link": "https:\/\/www.reddit.com\/r\/Terraform\/comments\/qgddb4\/so_ive_learned_that_as_code_isnt_the_same_as_is\/",
                "thumb_url": "https:\/\/b.thumbs.redditmedia.com\/ARFFI2IRnZYixQYG0m8-GXEwkyMBMVO09jWVGomGRCg.jpg",
                "thumb_width": 140,
                "thumb_height": 116,
                "text": "Posted in r\/Terraform by u\/AaronnBrock • 3 points and 0 comments",
                "id": 1,
                "original_url": "https:\/\/www.reddit.com\/r\/Terraform\/comments\/qgddb4\/so_ive_learned_that_as_code_isnt_the_same_as_is\/"
            },
            {
                "fallback": "overview for AaronnBrock",
                "from_url": "https:\/\/www.reddit.com\/user\/AaronnBrock",
                "service_name": "reddit.com",
                "service_icon": "http:\/\/www.redditstatic.com\/desktop2x\/img\/favicon\/apple-icon-57x57.png",
                "title": "overview for AaronnBrock",
                "title_link": "https:\/\/www.reddit.com\/user\/AaronnBrock",
                "text": "Known for cloud-related memes &amp; always wearing purple. For memes: <https:\/\/www.linkedin.com\/in\/aaronnbrock\/>.",
                "id": 2,
                "original_url": "https:\/\/www.reddit.com\/user\/AaronnBrock"
            },
            {
                "fallback": "752x624px image",
                "image_url": "https:\/\/i.redd.it\/mwty0eyqcuv71.png",
                "image_width": 752,
                "image_height": 624,
                "image_bytes": 411024,
                "from_url": "https:\/\/i.redd.it\/mwty0eyqcuv71.png",
                "id": 3,
                "original_url": "https:\/\/i.redd.it\/mwty0eyqcuv71.png"
            }
        ],
        "edited": {
            "user": "BG3N7LG73",
            "ts": "1635275794.000000"
        }
    },
    {
        "type": "message",
        "subtype": "bot_message",
        "text": "<https:\/\/www.reddit.com\/r\/Terraform\/comments\/qgdubs\/editor_access_on_bigquery_via_terraform\/|Editor access on BigQuery via terraform>\nI'm creating terraform access to a dataset. However, the email that will have access must have \"WRITER\" permission. What is BigQuery's legacy role that allows this? My current code has this piece but I'm not sure it would be like this: resource \"google_bigquery_dataset\" \"dataset\" { dataset_id = \"xxxxx\" friendly_name = \"xxxxx\" description = \"xxxxx\" location = \"xxxxx\" access { role = \"WRITER\" group_by_email = \"<mailto:xxxx@xxx.com|xxxx@xxx.com>\" } }  ​    submitted by   &lt;a...",
        "ts": "1635276393.010200",
        "username": "Terraform",
        "icons": {
            "image_48": "https:\/\/s3-us-west-2.amazonaws.com\/slack-files2\/bot_icons\/2019-02-12\/548785199618_48.png"
        },
        "bot_id": "BG3N7LG73",
        "blocks": [
            {
                "type": "rich_text",
                "block_id": "pF=+0",
                "elements": [
                    {
                        "type": "rich_text_section",
                        "elements": [
                            {
                                "type": "link",
                                "url": "https:\/\/www.reddit.com\/r\/Terraform\/comments\/qgdubs\/editor_access_on_bigquery_via_terraform\/",
                                "text": "Editor access on BigQuery via terraform"
                            },
                            {
                                "type": "text",
                                "text": "\nI'm creating terraform access to a dataset. However, the email that will have access must have \"WRITER\" permission. What is BigQuery's legacy role that allows this? My current code has this piece but I'm not sure it would be like this: resource \"google_bigquery_dataset\" \"dataset\" { dataset_id = \"xxxxx\" friendly_name = \"xxxxx\" description = \"xxxxx\" location = \"xxxxx\" access { role = \"WRITER\" group_by_email = \""
                            },
                            {
                                "type": "link",
                                "url": "mailto:xxxx@xxx.com",
                                "text": "xxxx@xxx.com"
                            },
                            {
                                "type": "text",
                                "text": "\" } }  ​    submitted by   <a..."
                            }
                        ]
                    }
                ]
            }
        ],
        "attachments": [
            {
                "fallback": "reddit: Editor access on BigQuery via terraform",
                "from_url": "https:\/\/www.reddit.com\/r\/Terraform\/comments\/qgdubs\/editor_access_on_bigquery_via_terraform\/",
                "service_name": "reddit",
                "service_icon": "http:\/\/www.redditstatic.com\/desktop2x\/img\/favicon\/apple-icon-57x57.png",
                "title": "Editor access on BigQuery via terraform",
                "title_link": "https:\/\/www.reddit.com\/r\/Terraform\/comments\/qgdubs\/editor_access_on_bigquery_via_terraform\/",
                "thumb_url": "https:\/\/www.redditstatic.com\/new-icon.png",
                "thumb_width": 256,
                "thumb_height": 256,
                "text": "I'm creating terraform access to a dataset. However, the email that will have access must have \"WRITER\" permission. What is BigQuery's legacy...",
                "id": 1,
                "original_url": "https:\/\/www.reddit.com\/r\/Terraform\/comments\/qgdubs\/editor_access_on_bigquery_via_terraform\/"
            }
        ],
        "edited": {
            "user": "BG3N7LG73",
            "ts": "1635276393.000000"
        }
    },
    {
        "type": "message",
        "subtype": "bot_message",
        "text": "<https:\/\/www.reddit.com\/r\/Terraform\/comments\/qgf913\/deploying_kubernetes_secret_volumes_as_a_file_to\/|Deploying kubernetes secret volumes as a file, to a GCP GKE?>\nGCP doesn't have a terraform method for deploying secrets to a kubernetes cluster, but there is a way to create secrets under kubernetes. Is it somehow possible to connect the kubernetes secret to the google kubernetes cluster, or a way to deploy them independently?    submitted by   <https:\/\/www.reddit.com\/user\/stigmatic666| \/u\/stigmatic666 > \n<https:\/\/www.reddit.com\/r\/Terraform\/comments\/qgf913\/deploying_kubernetes_secret_volumes_as_a_file_to\/|[link]>   &lt;a...",
        "ts": "1635280594.010400",
        "username": "Terraform",
        "icons": {
            "image_48": "https:\/\/s3-us-west-2.amazonaws.com\/slack-files2\/bot_icons\/2019-02-12\/548785199618_48.png"
        },
        "bot_id": "BG3N7LG73",
        "blocks": [
            {
                "type": "rich_text",
                "block_id": "VLMkU",
                "elements": [
                    {
                        "type": "rich_text_section",
                        "elements": [
                            {
                                "type": "link",
                                "url": "https:\/\/www.reddit.com\/r\/Terraform\/comments\/qgf913\/deploying_kubernetes_secret_volumes_as_a_file_to\/",
                                "text": "Deploying kubernetes secret volumes as a file, to a GCP GKE?"
                            },
                            {
                                "type": "text",
                                "text": "\nGCP doesn't have a terraform method for deploying secrets to a kubernetes cluster, but there is a way to create secrets under kubernetes. Is it somehow possible to connect the kubernetes secret to the google kubernetes cluster, or a way to deploy them independently?    submitted by   "
                            },
                            {
                                "type": "link",
                                "url": "https:\/\/www.reddit.com\/user\/stigmatic666",
                                "text": "\/u\/stigmatic666"
                            },
                            {
                                "type": "text",
                                "text": " \n"
                            },
                            {
                                "type": "link",
                                "url": "https:\/\/www.reddit.com\/r\/Terraform\/comments\/qgf913\/deploying_kubernetes_secret_volumes_as_a_file_to\/",
                                "text": "[link]"
                            },
                            {
                                "type": "text",
                                "text": "   <a..."
                            }
                        ]
                    }
                ]
            }
        ],
        "attachments": [
            {
                "fallback": "reddit: Deploying kubernetes secret volumes as a file, to a GCP GKE?",
                "from_url": "https:\/\/www.reddit.com\/r\/Terraform\/comments\/qgf913\/deploying_kubernetes_secret_volumes_as_a_file_to\/",
                "service_name": "reddit",
                "service_icon": "http:\/\/www.redditstatic.com\/desktop2x\/img\/favicon\/apple-icon-57x57.png",
                "title": "Deploying kubernetes secret volumes as a file, to a GCP GKE?",
                "title_link": "https:\/\/www.reddit.com\/r\/Terraform\/comments\/qgf913\/deploying_kubernetes_secret_volumes_as_a_file_to\/",
                "thumb_url": "https:\/\/www.redditstatic.com\/new-icon.png",
                "thumb_width": 256,
                "thumb_height": 256,
                "text": "GCP doesn't have a terraform method for deploying secrets to a kubernetes cluster, but there is a way to create secrets under kubernetes. Is it...",
                "id": 1,
                "original_url": "https:\/\/www.reddit.com\/r\/Terraform\/comments\/qgf913\/deploying_kubernetes_secret_volumes_as_a_file_to\/"
            },
            {
                "fallback": "overview for stigmatic666",
                "from_url": "https:\/\/www.reddit.com\/user\/stigmatic666",
                "service_name": "reddit.com",
                "service_icon": "http:\/\/www.redditstatic.com\/desktop2x\/img\/favicon\/apple-icon-57x57.png",
                "title": "overview for stigmatic666",
                "title_link": "https:\/\/www.reddit.com\/user\/stigmatic666",
                "text": "The u\/stigmatic666 community on Reddit. Reddit gives you the best of the internet in one place.",
                "id": 2,
                "original_url": "https:\/\/www.reddit.com\/user\/stigmatic666"
            }
        ],
        "edited": {
            "user": "BG3N7LG73",
            "ts": "1635280594.000000"
        }
    },
    {
        "type": "message",
        "subtype": "bot_message",
        "text": "<https:\/\/www.reddit.com\/r\/Terraform\/comments\/qgg6d2\/execute_dynamic_block_based_on_whether_or_not_a\/|Execute Dynamic Block Based on Whether or Not A Variable is Null>\nI have several VM scale sets in Azure that we are attempting to import into terraform. The config for the scale sets is mostly the same, with a few exceptions. Some of the scale sets have a rolling upgrade policy applied, some have key vault secrets, etc.  I am attempting to use a dynamic block in the VMSS resource, and the idea is that this block will only be run if a variable is not set to null.  Example: ​ &lt;a...",
        "ts": "1635282400.010600",
        "username": "Terraform",
        "icons": {
            "image_48": "https:\/\/s3-us-west-2.amazonaws.com\/slack-files2\/bot_icons\/2019-02-12\/548785199618_48.png"
        },
        "bot_id": "BG3N7LG73",
        "blocks": [
            {
                "type": "rich_text",
                "block_id": "Q9l7C",
                "elements": [
                    {
                        "type": "rich_text_section",
                        "elements": [
                            {
                                "type": "link",
                                "url": "https:\/\/www.reddit.com\/r\/Terraform\/comments\/qgg6d2\/execute_dynamic_block_based_on_whether_or_not_a\/",
                                "text": "Execute Dynamic Block Based on Whether or Not A Variable is Null"
                            },
                            {
                                "type": "text",
                                "text": "\nI have several VM scale sets in Azure that we are attempting to import into terraform. The config for the scale sets is mostly the same, with a few exceptions. Some of the scale sets have a rolling upgrade policy applied, some have key vault secrets, etc.  I am attempting to use a dynamic block in the VMSS resource, and the idea is that this block will only be run if a variable is not set to null.  Example: ​ <a..."
                            }
                        ]
                    }
                ]
            }
        ],
        "attachments": [
            {
                "fallback": "reddit: Execute Dynamic Block Based on Whether or Not A Variable is Null",
                "from_url": "https:\/\/www.reddit.com\/r\/Terraform\/comments\/qgg6d2\/execute_dynamic_block_based_on_whether_or_not_a\/",
                "service_name": "reddit",
                "service_icon": "http:\/\/www.redditstatic.com\/desktop2x\/img\/favicon\/apple-icon-57x57.png",
                "title": "Execute Dynamic Block Based on Whether or Not A Variable is Null",
                "title_link": "https:\/\/www.reddit.com\/r\/Terraform\/comments\/qgg6d2\/execute_dynamic_block_based_on_whether_or_not_a\/",
                "thumb_url": "https:\/\/external-preview.redd.it\/j9rmqmclzuv71.png?overlay-align=bottom,left&crop=342:179.057591623,smart&overlay-height=15p&overlay=%2Fwatermark%2Ft5_2u8e4.png%3Fs%3Dbfb326ca8735739e33a60abaf9a7c73bcb4a2134&width=342&height=179.057591623&auto=webp&s=a0cab580d83f7afab2e2140ee98710d837c6e8ad",
                "thumb_width": 130,
                "thumb_height": 60,
                "text": "Posted in r\/Terraform by u\/rnemeth • 1 point and 0 comments",
                "id": 1,
                "original_url": "https:\/\/www.reddit.com\/r\/Terraform\/comments\/qgg6d2\/execute_dynamic_block_based_on_whether_or_not_a\/"
            }
        ],
        "edited": {
            "user": "BG3N7LG73",
            "ts": "1635282400.000000"
        }
    },
    {
        "type": "message",
        "subtype": "bot_message",
        "text": "<https:\/\/www.google.com\/url?rct=j&amp;sa=t&amp;url=https:\/\/ascii.jp\/elem\/000\/004\/073\/4073059\/&amp;ct=ga&amp;cd=CAIyHDMwMTY1OGE1ZDI5NDAyNzE6Y28uanA6amE6SlA&amp;usg=AFQjCNGGMfDH9b2Ugz3rcDKmd1dU3bShTw|Azureの診断設定がキレイに消えずにモヤモヤする - ASCII.jp>\n例えばTerraformでAzureリソースを構築し、診断設定も実施したとします。ここで「この環境作り直したいな」となった場合、terraform destroyすればいいの ...",
        "ts": "1635285819.010800",
        "username": "Google アラート - terraform",
        "icons": {
            "image_36": "https:\/\/a.slack-edge.com\/80588\/img\/services\/rss_36.png",
            "image_48": "https:\/\/a.slack-edge.com\/80588\/img\/services\/rss_48.png",
            "image_72": "https:\/\/a.slack-edge.com\/80588\/img\/services\/rss_72.png"
        },
        "bot_id": "BG3N7LG73",
        "blocks": [
            {
                "type": "rich_text",
                "block_id": "t7eo",
                "elements": [
                    {
                        "type": "rich_text_section",
                        "elements": [
                            {
                                "type": "link",
                                "url": "https:\/\/www.google.com\/url?rct=j&amp;sa=t&amp;url=https:\/\/ascii.jp\/elem\/000\/004\/073\/4073059\/&amp;ct=ga&amp;cd=CAIyHDMwMTY1OGE1ZDI5NDAyNzE6Y28uanA6amE6SlA&amp;usg=AFQjCNGGMfDH9b2Ugz3rcDKmd1dU3bShTw",
                                "text": "Azureの診断設定がキレイに消えずにモヤモヤする - ASCII.jp",
                                "unsafe": true
                            },
                            {
                                "type": "text",
                                "text": "\n例えばTerraformでAzureリソースを構築し、診断設定も実施したとします。ここで「この環境作り直したいな」となった場合、terraform destroyすればいいの ..."
                            }
                        ]
                    }
                ]
            }
        ]
    }
]