[
    {
        "type": "message",
        "subtype": "bot_message",
        "text": "<https:\/\/www.reddit.com\/r\/Terraform\/comments\/q4hdpu\/selfhosted_alternatives_to_terraform_cloud\/|Self-hosted alternatives to Terraform Cloud>\nI have a set of requirements I need to follow for a Terraform deployment I'm doing. Theres some weird company policy where nothing can be hosted externally (No GitHub, Terraform Cloud, etc), so everything has to be done on our cloud provider (is that not external aswell? lol) I've been pointed to Cloud Build (GCP's Jenkins like service) however the issue I'll run into with this is that it has concurrent builds. Meaning if a plan build is running, and then another plan or apply build tries to...",
        "ts": "1633769201.074700",
        "username": "Terraform",
        "icons": {
            "image_48": "https:\/\/s3-us-west-2.amazonaws.com\/slack-files2\/bot_icons\/2019-02-12\/548785199618_48.png"
        },
        "bot_id": "BG3N7LG73",
        "blocks": [
            {
                "type": "rich_text",
                "block_id": "eWA3h",
                "elements": [
                    {
                        "type": "rich_text_section",
                        "elements": [
                            {
                                "type": "link",
                                "url": "https:\/\/www.reddit.com\/r\/Terraform\/comments\/q4hdpu\/selfhosted_alternatives_to_terraform_cloud\/",
                                "text": "Self-hosted alternatives to Terraform Cloud"
                            },
                            {
                                "type": "text",
                                "text": "\nI have a set of requirements I need to follow for a Terraform deployment I'm doing. Theres some weird company policy where nothing can be hosted externally (No GitHub, Terraform Cloud, etc), so everything has to be done on our cloud provider (is that not external aswell? lol) I've been pointed to Cloud Build (GCP's Jenkins like service) however the issue I'll run into with this is that it has concurrent builds. Meaning if a plan build is running, and then another plan or apply build tries to..."
                            }
                        ]
                    }
                ]
            }
        ],
        "attachments": [
            {
                "service_name": "reddit",
                "title": "Self-hosted alternatives to Terraform Cloud",
                "title_link": "https:\/\/www.reddit.com\/r\/Terraform\/comments\/q4hdpu\/selfhosted_alternatives_to_terraform_cloud\/",
                "text": "I have a set of requirements I need to follow for a Terraform deployment I'm doing. Theres some weird company policy where nothing can be hosted...",
                "fallback": "reddit: Self-hosted alternatives to Terraform Cloud",
                "thumb_url": "https:\/\/www.redditstatic.com\/new-icon.png",
                "from_url": "https:\/\/www.reddit.com\/r\/Terraform\/comments\/q4hdpu\/selfhosted_alternatives_to_terraform_cloud\/",
                "thumb_width": 256,
                "thumb_height": 256,
                "service_icon": "http:\/\/www.redditstatic.com\/desktop2x\/img\/favicon\/apple-icon-57x57.png",
                "id": 1,
                "original_url": "https:\/\/www.reddit.com\/r\/Terraform\/comments\/q4hdpu\/selfhosted_alternatives_to_terraform_cloud\/"
            }
        ],
        "edited": {
            "user": "BG3N7LG73",
            "ts": "1633769201.000000"
        }
    },
    {
        "type": "message",
        "subtype": "bot_message",
        "text": "<https:\/\/www.reddit.com\/r\/Terraform\/comments\/q4r7sd\/conditional_mountpoint_proxmox_lxc\/|Conditional mountpoint Proxmox LXC>\nHi! terraform { required_providers { proxmox = { source = \"Telmate\/proxmox\" version = \"2.7.4\" } } } provider \"proxmox\" { pm_api_url = \"https:\/\/X\/api2\/json\" pm_user = \"root@pam\" pm_password = \"Y\" pm_tls_insecure = true } locals { containers = [ { domain = \".<http:\/\/example.com|example.com>\", hostname = \"test\", template = \"local:vztmpl\/ubuntu-20.04-standard_20.04-1_amd64.tar.gz\", memory = \"2048\", onboot = false, ostype = \"ubuntu\", grains = { roles = [\"freeipa\"] } }, ] } resource \"proxmox_lxc\" \"create_container\" {...",
        "ts": "1633805195.074900",
        "username": "Terraform",
        "icons": {
            "image_48": "https:\/\/s3-us-west-2.amazonaws.com\/slack-files2\/bot_icons\/2019-02-12\/548785199618_48.png"
        },
        "bot_id": "BG3N7LG73",
        "blocks": [
            {
                "type": "rich_text",
                "block_id": "ZU0Kb",
                "elements": [
                    {
                        "type": "rich_text_section",
                        "elements": [
                            {
                                "type": "link",
                                "url": "https:\/\/www.reddit.com\/r\/Terraform\/comments\/q4r7sd\/conditional_mountpoint_proxmox_lxc\/",
                                "text": "Conditional mountpoint Proxmox LXC"
                            },
                            {
                                "type": "text",
                                "text": "\nHi! terraform { required_providers { proxmox = { source = \"Telmate\/proxmox\" version = \"2.7.4\" } } } provider \"proxmox\" { pm_api_url = \"https:\/\/X\/api2\/json\" pm_user = \"root@pam\" pm_password = \"Y\" pm_tls_insecure = true } locals { containers = [ { domain = \"."
                            },
                            {
                                "type": "link",
                                "url": "http:\/\/example.com",
                                "text": "example.com"
                            },
                            {
                                "type": "text",
                                "text": "\", hostname = \"test\", template = \"local:vztmpl\/ubuntu-20.04-standard_20.04-1_amd64.tar.gz\", memory = \"2048\", onboot = false, ostype = \"ubuntu\", grains = { roles = [\"freeipa\"] } }, ] } resource \"proxmox_lxc\" \"create_container\" {..."
                            }
                        ]
                    }
                ]
            }
        ],
        "attachments": [
            {
                "fallback": "reddit: Conditional mountpoint Proxmox LXC",
                "from_url": "https:\/\/www.reddit.com\/r\/Terraform\/comments\/q4r7sd\/conditional_mountpoint_proxmox_lxc\/",
                "service_name": "reddit",
                "service_icon": "http:\/\/www.redditstatic.com\/desktop2x\/img\/favicon\/apple-icon-57x57.png",
                "title": "Conditional mountpoint Proxmox LXC",
                "title_link": "https:\/\/www.reddit.com\/r\/Terraform\/comments\/q4r7sd\/conditional_mountpoint_proxmox_lxc\/",
                "thumb_url": "https:\/\/www.redditstatic.com\/new-icon.png",
                "thumb_width": 256,
                "thumb_height": 256,
                "text": "Hi! terraform { required_providers { proxmox = { source = \"Telmate\/proxmox\" version = \"2.7.4\" } ...",
                "id": 1,
                "original_url": "https:\/\/www.reddit.com\/r\/Terraform\/comments\/q4r7sd\/conditional_mountpoint_proxmox_lxc\/"
            }
        ],
        "edited": {
            "user": "BG3N7LG73",
            "ts": "1633805195.000000"
        }
    },
    {
        "type": "message",
        "subtype": "bot_message",
        "text": "<https:\/\/www.reddit.com\/r\/Terraform\/comments\/q4w7ru\/referencing_a_value_in_a_map_from_a_nested_for\/|Referencing a value in a map from a nested for_Each blog>\nHi, I have a terraform script, which uses a variable, that is a map with a string, and two lists. ​ variable \"app\" { type = map(object({ threshold = number, apps = list(string), id = list(string) }))  For the lists, I will use a zipmap to merge the lists so that they are keys and values. I will then loop that using standard for_each syntax. However, as that mean a nested block for the loop, how can I access the threshold value defined in the map from the nested block?    submitted by   &lt;a...",
        "ts": "1633821398.075100",
        "username": "Terraform",
        "icons": {
            "image_48": "https:\/\/s3-us-west-2.amazonaws.com\/slack-files2\/bot_icons\/2019-02-12\/548785199618_48.png"
        },
        "bot_id": "BG3N7LG73",
        "blocks": [
            {
                "type": "rich_text",
                "block_id": "T4hwC",
                "elements": [
                    {
                        "type": "rich_text_section",
                        "elements": [
                            {
                                "type": "link",
                                "url": "https:\/\/www.reddit.com\/r\/Terraform\/comments\/q4w7ru\/referencing_a_value_in_a_map_from_a_nested_for\/",
                                "text": "Referencing a value in a map from a nested for_Each blog"
                            },
                            {
                                "type": "text",
                                "text": "\nHi, I have a terraform script, which uses a variable, that is a map with a string, and two lists. ​ variable \"app\" { type = map(object({ threshold = number, apps = list(string), id = list(string) }))  For the lists, I will use a zipmap to merge the lists so that they are keys and values. I will then loop that using standard for_each syntax. However, as that mean a nested block for the loop, how can I access the threshold value defined in the map from the nested block?    submitted by   <a..."
                            }
                        ]
                    }
                ]
            }
        ],
        "attachments": [
            {
                "service_name": "reddit",
                "title": "Referencing a value in a map from a nested for_Each blog",
                "title_link": "https:\/\/www.reddit.com\/r\/Terraform\/comments\/q4w7ru\/referencing_a_value_in_a_map_from_a_nested_for\/",
                "text": "Hi, I have a terraform script, which uses a variable, that is a map with a string, and two lists. &amp;#x200B; variable \"app\" { type =...",
                "fallback": "reddit: Referencing a value in a map from a nested for_Each blog",
                "thumb_url": "https:\/\/www.redditstatic.com\/new-icon.png",
                "from_url": "https:\/\/www.reddit.com\/r\/Terraform\/comments\/q4w7ru\/referencing_a_value_in_a_map_from_a_nested_for\/",
                "thumb_width": 256,
                "thumb_height": 256,
                "service_icon": "http:\/\/www.redditstatic.com\/desktop2x\/img\/favicon\/apple-icon-57x57.png",
                "id": 1,
                "original_url": "https:\/\/www.reddit.com\/r\/Terraform\/comments\/q4w7ru\/referencing_a_value_in_a_map_from_a_nested_for\/"
            }
        ],
        "edited": {
            "user": "BG3N7LG73",
            "ts": "1633821398.000000"
        }
    }
]