[
    {
        "type": "message",
        "subtype": "bot_message",
        "text": "<https:\/\/www.reddit.com\/r\/Terraform\/comments\/qhh1y1\/how_do_you_replace_external_file_references\/|How do you replace external file references?>\nHello! I have several weird declarations like <http:\/\/versions.tf|versions.tf> file that contains: ..\/..\/..\/versions.tf  I guess the original intent was to avoid code duplication but this is invalid configuration in TF: │ Error: Argument or block definition required │ │ on <http:\/\/versions.tf|versions.tf> line 1: │ 1: ..\/..\/..\/versions.tf │ │ An argument or block definition is required here.  Is there any valid declaration in TF to obtain the same result?    submitted by   &lt;a href=\"https:\/\/www.reddit.com\/user\/tk_devops\"&gt; \/u\/tk_devops...",
        "ts": "1635404797.012400",
        "username": "Terraform",
        "icons": {
            "image_48": "https:\/\/s3-us-west-2.amazonaws.com\/slack-files2\/bot_icons\/2019-02-12\/548785199618_48.png"
        },
        "bot_id": "BG3N7LG73",
        "blocks": [
            {
                "type": "rich_text",
                "block_id": "4py",
                "elements": [
                    {
                        "type": "rich_text_section",
                        "elements": [
                            {
                                "type": "link",
                                "url": "https:\/\/www.reddit.com\/r\/Terraform\/comments\/qhh1y1\/how_do_you_replace_external_file_references\/",
                                "text": "How do you replace external file references?"
                            },
                            {
                                "type": "text",
                                "text": "\nHello! I have several weird declarations like "
                            },
                            {
                                "type": "link",
                                "url": "http:\/\/versions.tf",
                                "text": "versions.tf"
                            },
                            {
                                "type": "text",
                                "text": " file that contains: ..\/..\/..\/versions.tf  I guess the original intent was to avoid code duplication but this is invalid configuration in TF: │ Error: Argument or block definition required │ │ on "
                            },
                            {
                                "type": "link",
                                "url": "http:\/\/versions.tf",
                                "text": "versions.tf"
                            },
                            {
                                "type": "text",
                                "text": " line 1: │ 1: ..\/..\/..\/versions.tf │ │ An argument or block definition is required here.  Is there any valid declaration in TF to obtain the same result?    submitted by   <a href=\"https:\/\/www.reddit.com\/user\/tk_devops\"> \/u\/tk_devops..."
                            }
                        ]
                    }
                ]
            }
        ],
        "attachments": [
            {
                "fallback": "reddit: How do you replace external file references?",
                "from_url": "https:\/\/www.reddit.com\/r\/Terraform\/comments\/qhh1y1\/how_do_you_replace_external_file_references\/",
                "service_name": "reddit",
                "service_icon": "http:\/\/www.redditstatic.com\/desktop2x\/img\/favicon\/apple-icon-57x57.png",
                "title": "How do you replace external file references?",
                "title_link": "https:\/\/www.reddit.com\/r\/Terraform\/comments\/qhh1y1\/how_do_you_replace_external_file_references\/",
                "thumb_url": "https:\/\/www.redditstatic.com\/new-icon.png",
                "thumb_width": 256,
                "thumb_height": 256,
                "text": "Hello! I have several weird declarations like `<http:\/\/versions.tf|versions.tf>` file that contains: ..\/..\/..\/versions.tf I guess the original intent was to...",
                "id": 1,
                "original_url": "https:\/\/www.reddit.com\/r\/Terraform\/comments\/qhh1y1\/how_do_you_replace_external_file_references\/"
            }
        ],
        "edited": {
            "user": "BG3N7LG73",
            "ts": "1635404797.000000"
        }
    },
    {
        "type": "message",
        "subtype": "bot_message",
        "text": "<https:\/\/www.reddit.com\/r\/Terraform\/comments\/qhh6m5\/how_to_use_multiple_workspaces_with_atlantis\/|How to use multiple workspaces with atlantis?>\nI created some workspaces in the atlantis.yaml file. Each project folder is using the different spaces. E.g. version: 3 automerge: true projects: - dir: project0 autoplan: enabled: true when_modified: [\"*.tf\"] apply_requirements: [mergeable, approved] workflow: default - dir: project1 autoplan: enabled: true when_modified: [\"*.tf\"] apply_requirements: [mergeable, approved] workflow: staging - dir: project2 autoplan: enabled: true when_modified: [\"*.tf\"] apply_requirements: [mergeable,...",
        "ts": "1635405401.012600",
        "username": "Terraform",
        "icons": {
            "image_48": "https:\/\/s3-us-west-2.amazonaws.com\/slack-files2\/bot_icons\/2019-02-12\/548785199618_48.png"
        },
        "bot_id": "BG3N7LG73",
        "blocks": [
            {
                "type": "rich_text",
                "block_id": "lZF5",
                "elements": [
                    {
                        "type": "rich_text_section",
                        "elements": [
                            {
                                "type": "link",
                                "url": "https:\/\/www.reddit.com\/r\/Terraform\/comments\/qhh6m5\/how_to_use_multiple_workspaces_with_atlantis\/",
                                "text": "How to use multiple workspaces with atlantis?"
                            },
                            {
                                "type": "text",
                                "text": "\nI created some workspaces in the atlantis.yaml file. Each project folder is using the different spaces. E.g. version: 3 automerge: true projects: - dir: project0 autoplan: enabled: true when_modified: [\""
                            },
                            {
                                "type": "text",
                                "text": ".tf\"] apply_requirements: [mergeable, approved] workflow: default - dir: project1 autoplan: enabled: true when_modified: [\"",
                                "style": {
                                    "bold": true
                                }
                            },
                            {
                                "type": "text",
                                "text": ".tf\"] apply_requirements: [mergeable, approved] workflow: staging - dir: project2 autoplan: enabled: true when_modified: [\"*.tf\"] apply_requirements: [mergeable,..."
                            }
                        ]
                    }
                ]
            }
        ],
        "attachments": [
            {
                "fallback": "reddit: How to use multiple workspaces with atlantis?",
                "from_url": "https:\/\/www.reddit.com\/r\/Terraform\/comments\/qhh6m5\/how_to_use_multiple_workspaces_with_atlantis\/",
                "service_name": "reddit",
                "service_icon": "http:\/\/www.redditstatic.com\/desktop2x\/img\/favicon\/apple-icon-57x57.png",
                "title": "How to use multiple workspaces with atlantis?",
                "title_link": "https:\/\/www.reddit.com\/r\/Terraform\/comments\/qhh6m5\/how_to_use_multiple_workspaces_with_atlantis\/",
                "thumb_url": "https:\/\/www.redditstatic.com\/new-icon.png",
                "thumb_width": 256,
                "thumb_height": 256,
                "text": "I created some workspaces in the **atlantis.yaml** file. Each project folder is using the different spaces. E.g. version: 3 automerge:...",
                "id": 1,
                "original_url": "https:\/\/www.reddit.com\/r\/Terraform\/comments\/qhh6m5\/how_to_use_multiple_workspaces_with_atlantis\/"
            }
        ],
        "edited": {
            "user": "BG3N7LG73",
            "ts": "1635405402.000000"
        }
    },
    {
        "type": "message",
        "subtype": "bot_message",
        "text": "<https:\/\/www.reddit.com\/r\/Terraform\/comments\/qhiku5\/can_you_think_of_other_terraform_benefits\/|Can you think of other Terraform benefits?>\nTerraform keeps an up-to-date overview and up-to-date knowledge of what has already been deployed. It knows if it needs to deploy it completely, partially, or not at all.  If your infrastructure has already been deployed, Terraform is going to tell you that your infrastructure is up to date and it's not going to attempt to redeploy it from scratch.    submitted by   <https:\/\/www.reddit.com\/user\/DevOps_Artisan| \/u\/DevOps_Artisan > \n&lt;a...",
        "ts": "1635411397.012800",
        "username": "Terraform",
        "icons": {
            "image_48": "https:\/\/s3-us-west-2.amazonaws.com\/slack-files2\/bot_icons\/2019-02-12\/548785199618_48.png"
        },
        "bot_id": "BG3N7LG73",
        "blocks": [
            {
                "type": "rich_text",
                "block_id": "27fKV",
                "elements": [
                    {
                        "type": "rich_text_section",
                        "elements": [
                            {
                                "type": "link",
                                "url": "https:\/\/www.reddit.com\/r\/Terraform\/comments\/qhiku5\/can_you_think_of_other_terraform_benefits\/",
                                "text": "Can you think of other Terraform benefits?"
                            },
                            {
                                "type": "text",
                                "text": "\nTerraform keeps an up-to-date overview and up-to-date knowledge of what has already been deployed. It knows if it needs to deploy it completely, partially, or not at all.  If your infrastructure has already been deployed, Terraform is going to tell you that your infrastructure is up to date and it's not going to attempt to redeploy it from scratch.    submitted by   "
                            },
                            {
                                "type": "link",
                                "url": "https:\/\/www.reddit.com\/user\/DevOps_Artisan",
                                "text": "\/u\/DevOps_Artisan"
                            },
                            {
                                "type": "text",
                                "text": " \n<a..."
                            }
                        ]
                    }
                ]
            }
        ],
        "attachments": [
            {
                "service_name": "reddit",
                "title": "Can you think of other Terraform benefits?",
                "title_link": "https:\/\/www.reddit.com\/r\/Terraform\/comments\/qhiku5\/can_you_think_of_other_terraform_benefits\/",
                "text": "* Terraform keeps an up-to-date overview and up-to-date knowledge of what has already been deployed. * It knows if it needs to deploy it...",
                "fallback": "reddit: Can you think of other Terraform benefits?",
                "thumb_url": "https:\/\/www.redditstatic.com\/new-icon.png",
                "from_url": "https:\/\/www.reddit.com\/r\/Terraform\/comments\/qhiku5\/can_you_think_of_other_terraform_benefits\/",
                "thumb_width": 256,
                "thumb_height": 256,
                "service_icon": "http:\/\/www.redditstatic.com\/desktop2x\/img\/favicon\/apple-icon-57x57.png",
                "id": 1,
                "original_url": "https:\/\/www.reddit.com\/r\/Terraform\/comments\/qhiku5\/can_you_think_of_other_terraform_benefits\/"
            },
            {
                "title": "overview for DevOps_Artisan",
                "title_link": "https:\/\/www.reddit.com\/user\/DevOps_Artisan",
                "text": "We are a team of human-centric trainers, who put practice and empathy first, knowing that doing is the best way of learning.",
                "fallback": "overview for DevOps_Artisan",
                "from_url": "https:\/\/www.reddit.com\/user\/DevOps_Artisan",
                "service_icon": "http:\/\/www.redditstatic.com\/desktop2x\/img\/favicon\/apple-icon-57x57.png",
                "service_name": "reddit.com",
                "id": 2,
                "original_url": "https:\/\/www.reddit.com\/user\/DevOps_Artisan"
            }
        ],
        "edited": {
            "user": "BG3N7LG73",
            "ts": "1635411398.000000"
        }
    },
    {
        "type": "message",
        "subtype": "bot_message",
        "text": "<https:\/\/www.reddit.com\/r\/Terraform\/comments\/qhj0dm\/add_multiple_nsgs_to_multiple_subnets_in_azure\/|Add multiple NSGs to multiple subnets in Azure Using terraform ??>\nAnyone Help me this or else any reference code    submitted by   <https:\/\/www.reddit.com\/user\/JAswantReddy| \/u\/JAswantReddy > \n<https:\/\/www.reddit.com\/r\/Terraform\/comments\/qhj0dm\/add_multiple_nsgs_to_multiple_subnets_in_azure\/|[link]>   <https:\/\/www.reddit.com\/r\/Terraform\/comments\/qhj0dm\/add_multiple_nsgs_to_multiple_subnets_in_azure\/|[comments]>",
        "ts": "1635413797.013000",
        "username": "Terraform",
        "icons": {
            "image_48": "https:\/\/s3-us-west-2.amazonaws.com\/slack-files2\/bot_icons\/2019-02-12\/548785199618_48.png"
        },
        "bot_id": "BG3N7LG73",
        "blocks": [
            {
                "type": "rich_text",
                "block_id": "z37",
                "elements": [
                    {
                        "type": "rich_text_section",
                        "elements": [
                            {
                                "type": "link",
                                "url": "https:\/\/www.reddit.com\/r\/Terraform\/comments\/qhj0dm\/add_multiple_nsgs_to_multiple_subnets_in_azure\/",
                                "text": "Add multiple NSGs to multiple subnets in Azure Using terraform ??"
                            },
                            {
                                "type": "text",
                                "text": "\nAnyone Help me this or else any reference code    submitted by   "
                            },
                            {
                                "type": "link",
                                "url": "https:\/\/www.reddit.com\/user\/JAswantReddy",
                                "text": "\/u\/JAswantReddy"
                            },
                            {
                                "type": "text",
                                "text": " \n"
                            },
                            {
                                "type": "link",
                                "url": "https:\/\/www.reddit.com\/r\/Terraform\/comments\/qhj0dm\/add_multiple_nsgs_to_multiple_subnets_in_azure\/",
                                "text": "[link]"
                            },
                            {
                                "type": "text",
                                "text": "   "
                            },
                            {
                                "type": "link",
                                "url": "https:\/\/www.reddit.com\/r\/Terraform\/comments\/qhj0dm\/add_multiple_nsgs_to_multiple_subnets_in_azure\/",
                                "text": "[comments]"
                            }
                        ]
                    }
                ]
            }
        ],
        "attachments": [
            {
                "fallback": "reddit: Add multiple NSGs to multiple subnets in Azure Using terraform ??",
                "from_url": "https:\/\/www.reddit.com\/r\/Terraform\/comments\/qhj0dm\/add_multiple_nsgs_to_multiple_subnets_in_azure\/",
                "service_name": "reddit",
                "service_icon": "http:\/\/www.redditstatic.com\/desktop2x\/img\/favicon\/apple-icon-57x57.png",
                "title": "Add multiple NSGs to multiple subnets in Azure Using terraform ??",
                "title_link": "https:\/\/www.reddit.com\/r\/Terraform\/comments\/qhj0dm\/add_multiple_nsgs_to_multiple_subnets_in_azure\/",
                "thumb_url": "https:\/\/www.redditstatic.com\/new-icon.png",
                "thumb_width": 256,
                "thumb_height": 256,
                "text": "Anyone Help me this or else any reference code",
                "id": 1,
                "original_url": "https:\/\/www.reddit.com\/r\/Terraform\/comments\/qhj0dm\/add_multiple_nsgs_to_multiple_subnets_in_azure\/"
            },
            {
                "fallback": "overview for JAswantReddy",
                "from_url": "https:\/\/www.reddit.com\/user\/JAswantReddy",
                "service_name": "reddit.com",
                "service_icon": "http:\/\/www.redditstatic.com\/desktop2x\/img\/favicon\/apple-icon-57x57.png",
                "title": "overview for JAswantReddy",
                "title_link": "https:\/\/www.reddit.com\/user\/JAswantReddy",
                "text": "The u\/JAswantReddy community on Reddit. Reddit gives you the best of the internet in one place.",
                "id": 2,
                "original_url": "https:\/\/www.reddit.com\/user\/JAswantReddy"
            }
        ],
        "edited": {
            "user": "BG3N7LG73",
            "ts": "1635413798.000000"
        }
    },
    {
        "type": "message",
        "subtype": "bot_message",
        "text": "<https:\/\/www.reddit.com\/r\/Terraform\/comments\/qhlqw9\/azure_devops_pipelines_and_terraform_cloud\/|Azure Devops Pipelines and Terraform Cloud>\nHello, I'm working with a company that is using Azure Devops, Azure, and Terraform Cloud. They do not really have any pipeline process and are just using TFC to deploy infra once changes are merged to the main branch. I am wondering if anyone has any experience (potentially github repo showing examples?) of using azure devops pipelines with terraform cloud? They have a bunch of backlog items to do things prior to running any terraform applies and also potentially things they need to do after...",
        "ts": "1635424593.013200",
        "username": "Terraform",
        "icons": {
            "image_48": "https:\/\/s3-us-west-2.amazonaws.com\/slack-files2\/bot_icons\/2019-02-12\/548785199618_48.png"
        },
        "bot_id": "BG3N7LG73",
        "blocks": [
            {
                "type": "rich_text",
                "block_id": "D5AG1",
                "elements": [
                    {
                        "type": "rich_text_section",
                        "elements": [
                            {
                                "type": "link",
                                "url": "https:\/\/www.reddit.com\/r\/Terraform\/comments\/qhlqw9\/azure_devops_pipelines_and_terraform_cloud\/",
                                "text": "Azure Devops Pipelines and Terraform Cloud"
                            },
                            {
                                "type": "text",
                                "text": "\nHello, I'm working with a company that is using Azure Devops, Azure, and Terraform Cloud. They do not really have any pipeline process and are just using TFC to deploy infra once changes are merged to the main branch. I am wondering if anyone has any experience (potentially github repo showing examples?) of using azure devops pipelines with terraform cloud? They have a bunch of backlog items to do things prior to running any terraform applies and also potentially things they need to do after..."
                            }
                        ]
                    }
                ]
            }
        ],
        "attachments": [
            {
                "fallback": "reddit: Azure Devops Pipelines and Terraform Cloud",
                "from_url": "https:\/\/www.reddit.com\/r\/Terraform\/comments\/qhlqw9\/azure_devops_pipelines_and_terraform_cloud\/",
                "service_name": "reddit",
                "service_icon": "http:\/\/www.redditstatic.com\/desktop2x\/img\/favicon\/apple-icon-57x57.png",
                "title": "Azure Devops Pipelines and Terraform Cloud",
                "title_link": "https:\/\/www.reddit.com\/r\/Terraform\/comments\/qhlqw9\/azure_devops_pipelines_and_terraform_cloud\/",
                "thumb_url": "https:\/\/www.redditstatic.com\/new-icon.png",
                "thumb_width": 256,
                "thumb_height": 256,
                "text": "Hello, I'm working with a company that is using Azure Devops, Azure, and Terraform Cloud. They do not really have any pipeline process and are...",
                "id": 1,
                "original_url": "https:\/\/www.reddit.com\/r\/Terraform\/comments\/qhlqw9\/azure_devops_pipelines_and_terraform_cloud\/"
            }
        ],
        "edited": {
            "user": "BG3N7LG73",
            "ts": "1635424594.000000"
        }
    },
    {
        "type": "message",
        "subtype": "bot_message",
        "text": "<https:\/\/www.reddit.com\/r\/Terraform\/comments\/qhmn69\/oracle_cloud_terraform_examples\/|Oracle cloud terraform examples>\nHi all, <https:\/\/github.com\/garutilorenzo\/oracle-cloud-terraform-examples|here> you can find some oracle cloud terraform examples. Feedbacks and PR are very appreciated    submitted by   <https:\/\/www.reddit.com\/user\/garutilorenzo| \/u\/garutilorenzo > \n<https:\/\/www.reddit.com\/r\/Terraform\/comments\/qhmn69\/oracle_cloud_terraform_examples\/|[link]>   <https:\/\/www.reddit.com\/r\/Terraform\/comments\/qhmn69\/oracle_cloud_terraform_examples\/|[comments]>",
        "ts": "1635427596.013400",
        "username": "Terraform",
        "icons": {
            "image_48": "https:\/\/s3-us-west-2.amazonaws.com\/slack-files2\/bot_icons\/2019-02-12\/548785199618_48.png"
        },
        "bot_id": "BG3N7LG73",
        "blocks": [
            {
                "type": "rich_text",
                "block_id": "H774",
                "elements": [
                    {
                        "type": "rich_text_section",
                        "elements": [
                            {
                                "type": "link",
                                "url": "https:\/\/www.reddit.com\/r\/Terraform\/comments\/qhmn69\/oracle_cloud_terraform_examples\/",
                                "text": "Oracle cloud terraform examples"
                            },
                            {
                                "type": "text",
                                "text": "\nHi all, "
                            },
                            {
                                "type": "link",
                                "url": "https:\/\/github.com\/garutilorenzo\/oracle-cloud-terraform-examples",
                                "text": "here"
                            },
                            {
                                "type": "text",
                                "text": " you can find some oracle cloud terraform examples. Feedbacks and PR are very appreciated    submitted by   "
                            },
                            {
                                "type": "link",
                                "url": "https:\/\/www.reddit.com\/user\/garutilorenzo",
                                "text": "\/u\/garutilorenzo"
                            },
                            {
                                "type": "text",
                                "text": " \n"
                            },
                            {
                                "type": "link",
                                "url": "https:\/\/www.reddit.com\/r\/Terraform\/comments\/qhmn69\/oracle_cloud_terraform_examples\/",
                                "text": "[link]"
                            },
                            {
                                "type": "text",
                                "text": "   "
                            },
                            {
                                "type": "link",
                                "url": "https:\/\/www.reddit.com\/r\/Terraform\/comments\/qhmn69\/oracle_cloud_terraform_examples\/",
                                "text": "[comments]"
                            }
                        ]
                    }
                ]
            }
        ],
        "attachments": [
            {
                "fallback": "reddit: Oracle cloud terraform examples",
                "from_url": "https:\/\/www.reddit.com\/r\/Terraform\/comments\/qhmn69\/oracle_cloud_terraform_examples\/",
                "service_name": "reddit",
                "service_icon": "http:\/\/www.redditstatic.com\/desktop2x\/img\/favicon\/apple-icon-57x57.png",
                "title": "Oracle cloud terraform examples",
                "title_link": "https:\/\/www.reddit.com\/r\/Terraform\/comments\/qhmn69\/oracle_cloud_terraform_examples\/",
                "thumb_url": "https:\/\/www.redditstatic.com\/new-icon.png",
                "thumb_width": 256,
                "thumb_height": 256,
                "text": "Hi all, [here](<https:\/\/github.com\/garutilorenzo\/oracle-cloud-terraform-examples>) you can find some oracle cloud terraform examples. Feedbacks and...",
                "id": 1,
                "original_url": "https:\/\/www.reddit.com\/r\/Terraform\/comments\/qhmn69\/oracle_cloud_terraform_examples\/"
            },
            {
                "fallback": "GitHub: GitHub - garutilorenzo\/oracle-cloud-terraform-examples: Oracle cloud terraform examples, provision oracle cloud resources using terraform",
                "image_url": "https:\/\/opengraph.githubassets.com\/6658a8a51db7407725143250ecc607797198befcfbf8e4fd555da4c7d294494f\/garutilorenzo\/oracle-cloud-terraform-examples",
                "image_width": 500,
                "image_height": 250,
                "image_bytes": 65911,
                "from_url": "https:\/\/github.com\/garutilorenzo\/oracle-cloud-terraform-examples",
                "service_name": "GitHub",
                "service_icon": "https:\/\/a.slack-edge.com\/80588\/img\/unfurl_icons\/github.png",
                "title": "GitHub - garutilorenzo\/oracle-cloud-terraform-examples: Oracle cloud terraform examples, provision oracle cloud resources using terraform",
                "title_link": "https:\/\/github.com\/garutilorenzo\/oracle-cloud-terraform-examples",
                "text": "Oracle cloud terraform examples, provision oracle cloud resources using terraform - GitHub - garutilorenzo\/oracle-cloud-terraform-examples: Oracle cloud terraform examples, provision oracle cloud r...",
                "id": 2,
                "original_url": "https:\/\/github.com\/garutilorenzo\/oracle-cloud-terraform-examples"
            },
            {
                "fallback": "overview for garutilorenzo",
                "from_url": "https:\/\/www.reddit.com\/user\/garutilorenzo",
                "service_name": "reddit.com",
                "service_icon": "http:\/\/www.redditstatic.com\/desktop2x\/img\/favicon\/apple-icon-57x57.png",
                "title": "overview for garutilorenzo",
                "title_link": "https:\/\/www.reddit.com\/user\/garutilorenzo",
                "text": "Mostly it nerd <https:\/\/garutilorenzo.github.io\/>.",
                "id": 3,
                "original_url": "https:\/\/www.reddit.com\/user\/garutilorenzo"
            }
        ],
        "edited": {
            "user": "BG3N7LG73",
            "ts": "1635427597.000000"
        }
    },
    {
        "type": "message",
        "subtype": "bot_message",
        "text": "<https:\/\/www.reddit.com\/r\/Terraform\/comments\/qhoenr\/best_practice_for_deploying_secvices_in_ecs\/|Best Practice for deploying secvices in ECS>\nShould ECS service task defnition be a part of infra code or with the app repo. As a part of architecting a solution I need to make several ecs services on a ecs cluster, each service has its own task defnition. In that case when I create services I need to pass task defnition json. But everytime I need to change the task def I need to redeploy Infra. I think the best practice would be to keep task def with app CICD and update service as a part of that app cicd. In that case to initially...",
        "ts": "1635432394.013600",
        "username": "Terraform",
        "icons": {
            "image_48": "https:\/\/s3-us-west-2.amazonaws.com\/slack-files2\/bot_icons\/2019-02-12\/548785199618_48.png"
        },
        "bot_id": "BG3N7LG73",
        "blocks": [
            {
                "type": "rich_text",
                "block_id": "LIPw",
                "elements": [
                    {
                        "type": "rich_text_section",
                        "elements": [
                            {
                                "type": "link",
                                "url": "https:\/\/www.reddit.com\/r\/Terraform\/comments\/qhoenr\/best_practice_for_deploying_secvices_in_ecs\/",
                                "text": "Best Practice for deploying secvices in ECS"
                            },
                            {
                                "type": "text",
                                "text": "\nShould ECS service task defnition be a part of infra code or with the app repo. As a part of architecting a solution I need to make several ecs services on a ecs cluster, each service has its own task defnition. In that case when I create services I need to pass task defnition json. But everytime I need to change the task def I need to redeploy Infra. I think the best practice would be to keep task def with app CICD and update service as a part of that app cicd. In that case to initially..."
                            }
                        ]
                    }
                ]
            }
        ],
        "attachments": [
            {
                "fallback": "reddit: Best Practice for deploying secvices in ECS",
                "from_url": "https:\/\/www.reddit.com\/r\/Terraform\/comments\/qhoenr\/best_practice_for_deploying_secvices_in_ecs\/",
                "service_name": "reddit",
                "service_icon": "http:\/\/www.redditstatic.com\/desktop2x\/img\/favicon\/apple-icon-57x57.png",
                "title": "Best Practice for deploying secvices in ECS",
                "title_link": "https:\/\/www.reddit.com\/r\/Terraform\/comments\/qhoenr\/best_practice_for_deploying_secvices_in_ecs\/",
                "thumb_url": "https:\/\/www.redditstatic.com\/new-icon.png",
                "thumb_width": 256,
                "thumb_height": 256,
                "text": "Should ECS service task defnition be a part of infra code or with the app repo. As a part of architecting a solution I need to make several ecs...",
                "id": 1,
                "original_url": "https:\/\/www.reddit.com\/r\/Terraform\/comments\/qhoenr\/best_practice_for_deploying_secvices_in_ecs\/"
            }
        ],
        "edited": {
            "user": "BG3N7LG73",
            "ts": "1635432395.000000"
        }
    },
    {
        "type": "message",
        "subtype": "bot_message",
        "text": "<https:\/\/www.reddit.com\/r\/Terraform\/comments\/qhosyq\/terraform_cloud_workflow_with_environment\/|Terraform Cloud Workflow with Environment Workspaces>\nHello, getting used to TF Cloud and had a few questions on if this is possible or if there's a better way of thinking of this work flow. Planning on having a repo with the TF code at the root folder that is parameterized and then a folder for each tfvars file to distinguish changes between different environments . ├── <http:\/\/data.tf|data.tf> ├── <http:\/\/main.tf|main.tf> └── <http:\/\/variables.tf|variables.tf> ├── dev │ └── dev.auto.tfvars ├── prod │ └── prod.auto.tfvars ├── uat └── uat.auto.tfvars  Right now it looks like my only options in tf...",
        "ts": "1635433593.013800",
        "username": "Terraform",
        "icons": {
            "image_48": "https:\/\/s3-us-west-2.amazonaws.com\/slack-files2\/bot_icons\/2019-02-12\/548785199618_48.png"
        },
        "bot_id": "BG3N7LG73",
        "blocks": [
            {
                "type": "rich_text",
                "block_id": "ljT=9",
                "elements": [
                    {
                        "type": "rich_text_section",
                        "elements": [
                            {
                                "type": "link",
                                "url": "https:\/\/www.reddit.com\/r\/Terraform\/comments\/qhosyq\/terraform_cloud_workflow_with_environment\/",
                                "text": "Terraform Cloud Workflow with Environment Workspaces"
                            },
                            {
                                "type": "text",
                                "text": "\nHello, getting used to TF Cloud and had a few questions on if this is possible or if there's a better way of thinking of this work flow. Planning on having a repo with the TF code at the root folder that is parameterized and then a folder for each tfvars file to distinguish changes between different environments . ├── "
                            },
                            {
                                "type": "link",
                                "url": "http:\/\/data.tf",
                                "text": "data.tf"
                            },
                            {
                                "type": "text",
                                "text": " ├── "
                            },
                            {
                                "type": "link",
                                "url": "http:\/\/main.tf",
                                "text": "main.tf"
                            },
                            {
                                "type": "text",
                                "text": " └── "
                            },
                            {
                                "type": "link",
                                "url": "http:\/\/variables.tf",
                                "text": "variables.tf"
                            },
                            {
                                "type": "text",
                                "text": " ├── dev │ └── dev.auto.tfvars ├── prod │ └── prod.auto.tfvars ├── uat └── uat.auto.tfvars  Right now it looks like my only options in tf..."
                            }
                        ]
                    }
                ]
            }
        ],
        "attachments": [
            {
                "fallback": "reddit: Terraform Cloud Workflow with Environment Workspaces",
                "from_url": "https:\/\/www.reddit.com\/r\/Terraform\/comments\/qhosyq\/terraform_cloud_workflow_with_environment\/",
                "service_name": "reddit",
                "service_icon": "http:\/\/www.redditstatic.com\/desktop2x\/img\/favicon\/apple-icon-57x57.png",
                "title": "Terraform Cloud Workflow with Environment Workspaces",
                "title_link": "https:\/\/www.reddit.com\/r\/Terraform\/comments\/qhosyq\/terraform_cloud_workflow_with_environment\/",
                "thumb_url": "https:\/\/www.redditstatic.com\/new-icon.png",
                "thumb_width": 256,
                "thumb_height": 256,
                "text": "Hello, getting used to TF Cloud and had a few questions on if this is possible or if there's a better way of thinking of this work flow. Planning...",
                "id": 1,
                "original_url": "https:\/\/www.reddit.com\/r\/Terraform\/comments\/qhosyq\/terraform_cloud_workflow_with_environment\/"
            }
        ],
        "edited": {
            "user": "BG3N7LG73",
            "ts": "1635433594.000000"
        }
    },
    {
        "type": "message",
        "subtype": "bot_message",
        "text": "<https:\/\/www.reddit.com\/r\/Terraform\/comments\/qhuyoc\/does_terraform_import_work_with_an_existing_state\/|Does terraform import work with an existing state file, or does it need to be a new one?>\nsubmitted by   <https:\/\/www.reddit.com\/user\/shadowcorp| \/u\/shadowcorp > \n<https:\/\/www.reddit.com\/r\/Terraform\/comments\/qhuyoc\/does_terraform_import_work_with_an_existing_state\/|[link]>   <https:\/\/www.reddit.com\/r\/Terraform\/comments\/qhuyoc\/does_terraform_import_work_with_an_existing_state\/|[comments]>",
        "ts": "1635450401.014000",
        "username": "Terraform",
        "icons": {
            "image_48": "https:\/\/s3-us-west-2.amazonaws.com\/slack-files2\/bot_icons\/2019-02-12\/548785199618_48.png"
        },
        "bot_id": "BG3N7LG73",
        "blocks": [
            {
                "type": "rich_text",
                "block_id": "zeA",
                "elements": [
                    {
                        "type": "rich_text_section",
                        "elements": [
                            {
                                "type": "link",
                                "url": "https:\/\/www.reddit.com\/r\/Terraform\/comments\/qhuyoc\/does_terraform_import_work_with_an_existing_state\/",
                                "text": "Does terraform import work with an existing state file, or does it need to be a new one?"
                            },
                            {
                                "type": "text",
                                "text": "\nsubmitted by   "
                            },
                            {
                                "type": "link",
                                "url": "https:\/\/www.reddit.com\/user\/shadowcorp",
                                "text": "\/u\/shadowcorp"
                            },
                            {
                                "type": "text",
                                "text": " \n"
                            },
                            {
                                "type": "link",
                                "url": "https:\/\/www.reddit.com\/r\/Terraform\/comments\/qhuyoc\/does_terraform_import_work_with_an_existing_state\/",
                                "text": "[link]"
                            },
                            {
                                "type": "text",
                                "text": "   "
                            },
                            {
                                "type": "link",
                                "url": "https:\/\/www.reddit.com\/r\/Terraform\/comments\/qhuyoc\/does_terraform_import_work_with_an_existing_state\/",
                                "text": "[comments]"
                            }
                        ]
                    }
                ]
            }
        ],
        "attachments": [
            {
                "service_name": "reddit",
                "title": "Does terraform import work with an existing state file, or does it need to be a new one?",
                "title_link": "https:\/\/www.reddit.com\/r\/Terraform\/comments\/qhuyoc\/does_terraform_import_work_with_an_existing_state\/",
                "text": "Posted in r\/Terraform by u\/shadowcorp • 1 point and 0 comments",
                "fallback": "reddit: Does terraform import work with an existing state file, or does it need to be a new one?",
                "thumb_url": "https:\/\/www.redditstatic.com\/new-icon.png",
                "from_url": "https:\/\/www.reddit.com\/r\/Terraform\/comments\/qhuyoc\/does_terraform_import_work_with_an_existing_state\/",
                "thumb_width": 256,
                "thumb_height": 256,
                "service_icon": "http:\/\/www.redditstatic.com\/desktop2x\/img\/favicon\/apple-icon-57x57.png",
                "id": 1,
                "original_url": "https:\/\/www.reddit.com\/r\/Terraform\/comments\/qhuyoc\/does_terraform_import_work_with_an_existing_state\/"
            },
            {
                "title": "overview for shadowcorp",
                "title_link": "https:\/\/www.reddit.com\/user\/shadowcorp",
                "text": "The u\/shadowcorp community on Reddit. Reddit gives you the best of the internet in one place.",
                "fallback": "overview for shadowcorp",
                "from_url": "https:\/\/www.reddit.com\/user\/shadowcorp",
                "service_icon": "http:\/\/www.redditstatic.com\/desktop2x\/img\/favicon\/apple-icon-57x57.png",
                "service_name": "reddit.com",
                "id": 2,
                "original_url": "https:\/\/www.reddit.com\/user\/shadowcorp"
            }
        ],
        "edited": {
            "user": "BG3N7LG73",
            "ts": "1635450402.000000"
        }
    },
    {
        "type": "message",
        "subtype": "bot_message",
        "text": "<https:\/\/www.reddit.com\/r\/Terraform\/comments\/qi05vw\/for_each_loop_for_tags\/|for_each loop for Tags>\nHi all, I was looking into the for_each feature &amp; I am doing something wrong but don't know how to get around it. I'm trying to create VPC subnets using for_each &amp; would like to tag them with zone ids. I have a data block which holds the availability zones. data \"aws_availability_zones\" \"available\" { state = \"available\" }  I don't know how to add different 'Name' for each subnet because when I try to do something like this I get an error. I have tried, removing each.value but then I am...",
        "ts": "1635466596.014200",
        "username": "Terraform",
        "icons": {
            "image_48": "https:\/\/s3-us-west-2.amazonaws.com\/slack-files2\/bot_icons\/2019-02-12\/548785199618_48.png"
        },
        "bot_id": "BG3N7LG73",
        "blocks": [
            {
                "type": "rich_text",
                "block_id": "nKF",
                "elements": [
                    {
                        "type": "rich_text_section",
                        "elements": [
                            {
                                "type": "link",
                                "url": "https:\/\/www.reddit.com\/r\/Terraform\/comments\/qi05vw\/for_each_loop_for_tags\/",
                                "text": "for_each loop for Tags"
                            },
                            {
                                "type": "text",
                                "text": "\nHi all, I was looking into the for_each feature & I am doing something wrong but don't know how to get around it. I'm trying to create VPC subnets using for_each & would like to tag them with zone ids. I have a data block which holds the availability zones. data \"aws_availability_zones\" \"available\" { state = \"available\" }  I don't know how to add different 'Name' for each subnet because when I try to do something like this I get an error. I have tried, removing each.value but then I am..."
                            }
                        ]
                    }
                ]
            }
        ],
        "attachments": [
            {
                "service_name": "reddit",
                "title": "for_each loop for Tags",
                "title_link": "https:\/\/www.reddit.com\/r\/Terraform\/comments\/qi05vw\/for_each_loop_for_tags\/",
                "text": "Hi all, I was looking into the **for\\_each** feature &amp; I am doing something wrong but don't know how to get around it. I'm trying to create VPC...",
                "fallback": "reddit: for_each loop for Tags",
                "thumb_url": "https:\/\/www.redditstatic.com\/new-icon.png",
                "from_url": "https:\/\/www.reddit.com\/r\/Terraform\/comments\/qi05vw\/for_each_loop_for_tags\/",
                "thumb_width": 256,
                "thumb_height": 256,
                "service_icon": "http:\/\/www.redditstatic.com\/desktop2x\/img\/favicon\/apple-icon-57x57.png",
                "id": 1,
                "original_url": "https:\/\/www.reddit.com\/r\/Terraform\/comments\/qi05vw\/for_each_loop_for_tags\/"
            }
        ],
        "edited": {
            "user": "BG3N7LG73",
            "ts": "1635466596.000000"
        }
    },
    {
        "type": "message",
        "subtype": "bot_message",
        "text": "<https:\/\/www.google.com\/url?rct=j&amp;sa=t&amp;url=https:\/\/nextmoney.jp\/%3Fp%3D45528&amp;ct=ga&amp;cd=CAIyHDMwMTY1OGE1ZDI5NDAyNzE6Y28uanA6amE6SlA&amp;usg=AFQjCNH-FdK-1EHyVIFoMo4LvcCIp2b0Gg|&lt;b&gt;Terraform&lt;\/b&gt; Labsは、召喚状を受け取った後、SECに対して訴訟を起こす - NEXTMONEY>\nソフトウェアTerraformの共同創設者兼CEO（最高経営責任者）であるド・クォン（Do Kwon）氏とTerraform Labs.は、規則に違反する可能性のある行為 ...",
        "ts": "1635473016.014400",
        "username": "Google アラート - terraform",
        "icons": {
            "image_36": "https:\/\/a.slack-edge.com\/80588\/img\/services\/rss_36.png",
            "image_48": "https:\/\/a.slack-edge.com\/80588\/img\/services\/rss_48.png",
            "image_72": "https:\/\/a.slack-edge.com\/80588\/img\/services\/rss_72.png"
        },
        "bot_id": "BG3N7LG73",
        "blocks": [
            {
                "type": "rich_text",
                "block_id": "pryET",
                "elements": [
                    {
                        "type": "rich_text_section",
                        "elements": [
                            {
                                "type": "link",
                                "url": "https:\/\/www.google.com\/url?rct=j&amp;sa=t&amp;url=https:\/\/nextmoney.jp\/%3Fp%3D45528&amp;ct=ga&amp;cd=CAIyHDMwMTY1OGE1ZDI5NDAyNzE6Y28uanA6amE6SlA&amp;usg=AFQjCNH-FdK-1EHyVIFoMo4LvcCIp2b0Gg",
                                "text": "<b>Terraform<\/b> Labsは、召喚状を受け取った後、SECに対して訴訟を起こす - NEXTMONEY"
                            },
                            {
                                "type": "text",
                                "text": "\nソフトウェアTerraformの共同創設者兼CEO（最高経営責任者）であるド・クォン（Do Kwon）氏とTerraform Labs.は、規則に違反する可能性のある行為 ..."
                            }
                        ]
                    }
                ]
            }
        ]
    },
    {
        "type": "message",
        "subtype": "bot_message",
        "text": "<https:\/\/www.google.com\/url?rct=j&amp;sa=t&amp;url=https:\/\/hedge.guide\/news\/terra-to-sue-sec-bc202110.html&amp;ct=ga&amp;cd=CAIyHDMwMTY1OGE1ZDI5NDAyNzE6Y28uanA6amE6SlA&amp;usg=AFQjCNECup8eAbT0uPCmpFk9-48g0UE0BA|ステーブルコイン運用のTerraが米SECを提訴、Messari主催カンファレンスでの行動を批判>\nTerraform Labsは、9月21日にニューヨークで開催された大型カンファレンス「Mainnet 2021」で、SECの職員がTerraform Labs CEOのDo Kwon氏に法廷への召喚状 ...",
        "ts": "1635473016.014500",
        "username": "Google アラート - terraform",
        "icons": {
            "image_36": "https:\/\/a.slack-edge.com\/80588\/img\/services\/rss_36.png",
            "image_48": "https:\/\/a.slack-edge.com\/80588\/img\/services\/rss_48.png",
            "image_72": "https:\/\/a.slack-edge.com\/80588\/img\/services\/rss_72.png"
        },
        "bot_id": "BG3N7LG73",
        "blocks": [
            {
                "type": "rich_text",
                "block_id": "pxFvq",
                "elements": [
                    {
                        "type": "rich_text_section",
                        "elements": [
                            {
                                "type": "link",
                                "url": "https:\/\/www.google.com\/url?rct=j&amp;sa=t&amp;url=https:\/\/hedge.guide\/news\/terra-to-sue-sec-bc202110.html&amp;ct=ga&amp;cd=CAIyHDMwMTY1OGE1ZDI5NDAyNzE6Y28uanA6amE6SlA&amp;usg=AFQjCNECup8eAbT0uPCmpFk9-48g0UE0BA",
                                "text": "ステーブルコイン運用のTerraが米SECを提訴、Messari主催カンファレンスでの行動を批判"
                            },
                            {
                                "type": "text",
                                "text": "\nTerraform Labsは、9月21日にニューヨークで開催された大型カンファレンス「Mainnet 2021」で、SECの職員がTerraform Labs CEOのDo Kwon氏に法廷への召喚状 ..."
                            }
                        ]
                    }
                ]
            }
        ]
    },
    {
        "client_msg_id": "a8890263-57cd-424e-99b6-0924d34452de",
        "type": "message",
        "text": "terraform power と terraform labs のおかげでぐぐらびりてぃが低下し続けている。。。ｗ",
        "user": "UFU0BKD8F",
        "ts": "1635473431.015500",
        "blocks": [
            {
                "type": "rich_text",
                "block_id": "WG9y",
                "elements": [
                    {
                        "type": "rich_text_section",
                        "elements": [
                            {
                                "type": "text",
                                "text": "terraform power と terraform labs のおかげでぐぐらびりてぃが低下し続けている。。。ｗ"
                            }
                        ]
                    }
                ]
            }
        ],
        "team": "TFU0BKCQP",
        "user_team": "TFU0BKCQP",
        "source_team": "TFU0BKCQP",
        "user_profile": {
            "avatar_hash": "92c41c62c7b0",
            "image_72": "https:\/\/avatars.slack-edge.com\/2019-01-30\/537137791812_92c41c62c7b0f054d3dd_72.jpg",
            "first_name": "らき",
            "real_name": "らき",
            "display_name": "raki",
            "team": "TFU0BKCQP",
            "name": "nishimuray",
            "is_restricted": false,
            "is_ultra_restricted": false
        }
    }
]