[
    {
        "type": "message",
        "subtype": "bot_message",
        "text": "<https:\/\/www.reddit.com\/r\/Terraform\/comments\/q9zh5n\/how_to_fix_terragrunt_plan_error_messages\/|How to fix terragrunt plan error messages regarding for_each>\n``` sqs_queue_name = [\"CloudTrail_Event_One\", \"CloudTrail_SQS_Event_Two\"] dead_queue_names = [\"CloudTrail_DLQ_Event_One\", \"CloudTrail_DLQ_Event_Two\"] ​ resource \"aws_sqs_queue\" \"CloudTrail_SQS\"{ for_each = var.sqs_queue_names name = each.value redrive_policy = jsonencode({ deadLetterTargetArn = aws_sqs_queue.CloudTrail_SQS_DLQ[each.key].arn maxReceiveCount = var.max_receive_count }) } ​ data \"aws_iam_policy_document\" \"policy_document\"{ statement{ actions = [ \"sqs:DeleteMessage\",...",
        "ts": "1634480795.084800",
        "username": "Terraform",
        "icons": {
            "image_48": "https:\/\/s3-us-west-2.amazonaws.com\/slack-files2\/bot_icons\/2019-02-12\/548785199618_48.png"
        },
        "bot_id": "BG3N7LG73",
        "blocks": [
            {
                "type": "rich_text",
                "block_id": "wUCG",
                "elements": [
                    {
                        "type": "rich_text_section",
                        "elements": [
                            {
                                "type": "link",
                                "url": "https:\/\/www.reddit.com\/r\/Terraform\/comments\/q9zh5n\/how_to_fix_terragrunt_plan_error_messages\/",
                                "text": "How to fix terragrunt plan error messages regarding for_each"
                            },
                            {
                                "type": "text",
                                "text": "\n``` sqs_queue_name = [\"CloudTrail_Event_One\", \"CloudTrail_SQS_Event_Two\"] dead_queue_names = [\"CloudTrail_DLQ_Event_One\", \"CloudTrail_DLQ_Event_Two\"] ​ resource \"aws_sqs_queue\" \"CloudTrail_SQS\"{ for_each = var.sqs_queue_names name = each.value redrive_policy = jsonencode({ deadLetterTargetArn = aws_sqs_queue.CloudTrail_SQS_DLQ[each.key].arn maxReceiveCount = var.max_receive_count }) } ​ data \"aws_iam_policy_document\" \"policy_document\"{ statement{ actions = [ \"sqs:DeleteMessage\",..."
                            }
                        ]
                    }
                ]
            }
        ],
        "attachments": [
            {
                "fallback": "reddit: How to fix terragrunt plan error messages regarding for_each",
                "from_url": "https:\/\/www.reddit.com\/r\/Terraform\/comments\/q9zh5n\/how_to_fix_terragrunt_plan_error_messages\/",
                "service_name": "reddit",
                "service_icon": "http:\/\/www.redditstatic.com\/desktop2x\/img\/favicon\/apple-icon-57x57.png",
                "title": "How to fix terragrunt plan error messages regarding for_each",
                "title_link": "https:\/\/www.reddit.com\/r\/Terraform\/comments\/q9zh5n\/how_to_fix_terragrunt_plan_error_messages\/",
                "thumb_url": "https:\/\/www.redditstatic.com\/new-icon.png",
                "thumb_width": 256,
                "thumb_height": 256,
                "text": "\\`\\`\\` sqs\\_queue\\_name = \\[\"CloudTrail\\_Event\\_One\", \"CloudTrail\\_SQS\\_Event\\_Two\"\\] dead\\_queue\\_names = \\[\"CloudTrail\\_DLQ\\_Event\\_One\",...",
                "id": 1,
                "original_url": "https:\/\/www.reddit.com\/r\/Terraform\/comments\/q9zh5n\/how_to_fix_terragrunt_plan_error_messages\/"
            }
        ],
        "edited": {
            "user": "BG3N7LG73",
            "ts": "1634480795.000000"
        }
    },
    {
        "type": "message",
        "subtype": "bot_message",
        "text": "<https:\/\/www.reddit.com\/r\/Terraform\/comments\/qadofx\/how_to_access_attributes_of_specific_instances\/|How to access attributes of specific instances>\n.tfvars sqs_queue_names = [\"CloudTrail_Event_One\", \"CloudTrail_SQS_Event_Two\"] <http:\/\/variable.tf|variable.tf> variable \"sqs_queue_names\"{ type = set(string)  }    submitted by   <https:\/\/www.reddit.com\/user\/bibi143143| \/u\/bibi143143 > \n<https:\/\/www.reddit.com\/r\/Terraform\/comments\/qadofx\/how_to_access_attributes_of_specific_instances\/|[link]>   <https:\/\/www.reddit.com\/r\/Terraform\/comments\/qadofx\/how_to_access_attributes_of_specific_instances\/|[comments]>",
        "ts": "1634525797.085000",
        "username": "Terraform",
        "icons": {
            "image_48": "https:\/\/s3-us-west-2.amazonaws.com\/slack-files2\/bot_icons\/2019-02-12\/548785199618_48.png"
        },
        "bot_id": "BG3N7LG73",
        "blocks": [
            {
                "type": "rich_text",
                "block_id": "l5yx",
                "elements": [
                    {
                        "type": "rich_text_section",
                        "elements": [
                            {
                                "type": "link",
                                "url": "https:\/\/www.reddit.com\/r\/Terraform\/comments\/qadofx\/how_to_access_attributes_of_specific_instances\/",
                                "text": "How to access attributes of specific instances"
                            },
                            {
                                "type": "text",
                                "text": "\n.tfvars sqs_queue_names = [\"CloudTrail_Event_One\", \"CloudTrail_SQS_Event_Two\"] "
                            },
                            {
                                "type": "link",
                                "url": "http:\/\/variable.tf",
                                "text": "variable.tf"
                            },
                            {
                                "type": "text",
                                "text": " variable \"sqs_queue_names\"{ type = set(string)  }    submitted by   "
                            },
                            {
                                "type": "link",
                                "url": "https:\/\/www.reddit.com\/user\/bibi143143",
                                "text": "\/u\/bibi143143"
                            },
                            {
                                "type": "text",
                                "text": " \n"
                            },
                            {
                                "type": "link",
                                "url": "https:\/\/www.reddit.com\/r\/Terraform\/comments\/qadofx\/how_to_access_attributes_of_specific_instances\/",
                                "text": "[link]"
                            },
                            {
                                "type": "text",
                                "text": "   "
                            },
                            {
                                "type": "link",
                                "url": "https:\/\/www.reddit.com\/r\/Terraform\/comments\/qadofx\/how_to_access_attributes_of_specific_instances\/",
                                "text": "[comments]"
                            }
                        ]
                    }
                ]
            }
        ],
        "attachments": [
            {
                "fallback": "reddit: How to access attributes of specific instances",
                "from_url": "https:\/\/www.reddit.com\/r\/Terraform\/comments\/qadofx\/how_to_access_attributes_of_specific_instances\/",
                "service_name": "reddit",
                "service_icon": "http:\/\/www.redditstatic.com\/desktop2x\/img\/favicon\/apple-icon-57x57.png",
                "title": "How to access attributes of specific instances",
                "title_link": "https:\/\/www.reddit.com\/r\/Terraform\/comments\/qadofx\/how_to_access_attributes_of_specific_instances\/",
                "thumb_url": "https:\/\/www.redditstatic.com\/new-icon.png",
                "thumb_width": 256,
                "thumb_height": 256,
                "text": ".tfvars sqs_queue_names = [\"CloudTrail_Event_One\", \"CloudTrail_SQS_Event_Two\"] <http:\/\/variable.tf|variable.tf> variable \"sqs_queue_names\"{ type =...",
                "id": 1,
                "original_url": "https:\/\/www.reddit.com\/r\/Terraform\/comments\/qadofx\/how_to_access_attributes_of_specific_instances\/"
            },
            {
                "fallback": "overview for bibi143143",
                "from_url": "https:\/\/www.reddit.com\/user\/bibi143143",
                "service_name": "reddit.com",
                "service_icon": "http:\/\/www.redditstatic.com\/desktop2x\/img\/favicon\/apple-icon-57x57.png",
                "title": "overview for bibi143143",
                "title_link": "https:\/\/www.reddit.com\/user\/bibi143143",
                "text": "The u\/bibi143143 community on Reddit. Reddit gives you the best of the internet in one place.",
                "id": 2,
                "original_url": "https:\/\/www.reddit.com\/user\/bibi143143"
            }
        ],
        "edited": {
            "user": "BG3N7LG73",
            "ts": "1634525797.000000"
        }
    }
]