[
    {
        "client_msg_id": "0B84D800-2562-4AAA-A196-FE3522E66EE8",
        "type": "message",
        "text": "ちなみにGCSでもバージョニングは有効にできるので必ず有効にしましょう",
        "user": "UGY5WMTHR",
        "ts": "1583855814.022800",
        "team": "TFU0BKCQP",
        "user_team": "TFU0BKCQP",
        "source_team": "TFU0BKCQP",
        "user_profile": {
            "avatar_hash": "gd22fcf5773b",
            "image_72": "https:\/\/secure.gravatar.com\/avatar\/ad22fcf5773b906c08330f4d57242212.jpg?s=72&d=https%3A%2F%2Fa.slack-edge.com%2Fdf10d%2Fimg%2Favatars%2Fava_0021-72.png",
            "first_name": "",
            "real_name": "inductor",
            "display_name": "inductor",
            "team": "TFU0BKCQP",
            "name": "kela",
            "is_restricted": false,
            "is_ultra_restricted": false
        },
        "blocks": [
            {
                "type": "rich_text",
                "block_id": "ijbX",
                "elements": [
                    {
                        "type": "rich_text_section",
                        "elements": [
                            {
                                "type": "text",
                                "text": "ちなみにGCSでもバージョニングは有効にできるので必ず有効にしましょう"
                            }
                        ]
                    }
                ]
            }
        ],
        "thread_ts": "1583735465.018600",
        "parent_user_id": "UJ15SRE0M"
    },
    {
        "client_msg_id": "7FCC2C1F-775B-4E9D-94D3-B568C1DE3CDB",
        "type": "message",
        "text": "(Terraform applyは手作業でやらないようにするのも大事",
        "user": "UGY5WMTHR",
        "ts": "1583855829.023500",
        "team": "TFU0BKCQP",
        "user_team": "TFU0BKCQP",
        "source_team": "TFU0BKCQP",
        "user_profile": {
            "avatar_hash": "gd22fcf5773b",
            "image_72": "https:\/\/secure.gravatar.com\/avatar\/ad22fcf5773b906c08330f4d57242212.jpg?s=72&d=https%3A%2F%2Fa.slack-edge.com%2Fdf10d%2Fimg%2Favatars%2Fava_0021-72.png",
            "first_name": "",
            "real_name": "inductor",
            "display_name": "inductor",
            "team": "TFU0BKCQP",
            "name": "kela",
            "is_restricted": false,
            "is_ultra_restricted": false
        },
        "blocks": [
            {
                "type": "rich_text",
                "block_id": "4dYW",
                "elements": [
                    {
                        "type": "rich_text_section",
                        "elements": [
                            {
                                "type": "text",
                                "text": "(Terraform applyは手作業でやらないようにするのも大事"
                            }
                        ]
                    }
                ]
            }
        ],
        "thread_ts": "1583735465.018600",
        "parent_user_id": "UJ15SRE0M"
    },
    {
        "client_msg_id": "3744cdc5-0f7a-43fa-a5e0-3f5f2ce302c5",
        "type": "message",
        "text": "ですよね…ありがとうございまする！",
        "user": "UJ15SRE0M",
        "ts": "1583905941.023700",
        "team": "TFU0BKCQP",
        "user_team": "TFU0BKCQP",
        "source_team": "TFU0BKCQP",
        "user_profile": {
            "avatar_hash": "g0e32a054e13",
            "image_72": "https:\/\/secure.gravatar.com\/avatar\/40e32a054e13a0c58a578ff3939194d2.jpg?s=72&d=https%3A%2F%2Fa.slack-edge.com%2Fdf10d%2Fimg%2Favatars%2Fava_0021-72.png",
            "first_name": "",
            "real_name": "natsuo",
            "display_name": "natsuo",
            "team": "TFU0BKCQP",
            "name": "geepact",
            "is_restricted": false,
            "is_ultra_restricted": false
        },
        "blocks": [
            {
                "type": "rich_text",
                "block_id": "Seb",
                "elements": [
                    {
                        "type": "rich_text_section",
                        "elements": [
                            {
                                "type": "text",
                                "text": "ですよね…ありがとうございまする！"
                            }
                        ]
                    }
                ]
            }
        ],
        "thread_ts": "1583735465.018600",
        "parent_user_id": "UJ15SRE0M"
    }
]