[
    {
        "client_msg_id": "65b8b5a4-14ac-4f5c-98e3-bbc25f184f46",
        "type": "message",
        "text": "AWS WAF のリソースってまだ v2 に対応してないですよね\n無邪気に import してみようとしましたがダメでした",
        "user": "UGFSM002K",
        "ts": "1585196068.001100",
        "team": "TFU0BKCQP",
        "user_team": "TFU0BKCQP",
        "source_team": "TFU0BKCQP",
        "user_profile": {
            "avatar_hash": "g41659063723",
            "image_72": "https:\/\/secure.gravatar.com\/avatar\/941659063723b64d22b3868c054123ce.jpg?s=72&d=https%3A%2F%2Fa.slack-edge.com%2Fdf10d%2Fimg%2Favatars%2Fava_0006-72.png",
            "first_name": "t2ynkmr",
            "real_name": "t2ynkmr",
            "display_name": "",
            "team": "TFU0BKCQP",
            "name": "tetsuyanakamura76",
            "is_restricted": false,
            "is_ultra_restricted": false
        },
        "blocks": [
            {
                "type": "rich_text",
                "block_id": "kCF",
                "elements": [
                    {
                        "type": "rich_text_section",
                        "elements": [
                            {
                                "type": "text",
                                "text": "AWS WAF のリソースってまだ v2 に対応してないですよね\n無邪気に import してみようとしましたがダメでした"
                            }
                        ]
                    }
                ]
            }
        ],
        "thread_ts": "1585196068.001100",
        "reply_count": 6,
        "reply_users_count": 4,
        "latest_reply": "1592546101.025000",
        "reply_users": [
            "UFU0BKD8F",
            "UGY9BJ1NF",
            "UGFSM002K",
            "UTK1B5BB2"
        ],
        "replies": [
            {
                "user": "UFU0BKD8F",
                "ts": "1585196188.001200"
            },
            {
                "user": "UFU0BKD8F",
                "ts": "1585196264.001600"
            },
            {
                "user": "UGY9BJ1NF",
                "ts": "1585198730.002100"
            },
            {
                "user": "UGFSM002K",
                "ts": "1586926869.009600"
            },
            {
                "user": "UGFSM002K",
                "ts": "1586926928.009800"
            },
            {
                "user": "UTK1B5BB2",
                "ts": "1592546101.025000"
            }
        ],
        "subscribed": true,
        "last_read": "1592546101.025000",
        "reactions": [
            {
                "name": "sorena",
                "users": [
                    "ULNRQ99GB",
                    "UGXFY0V88",
                    "UGY9BJ1NF"
                ],
                "count": 3
            }
        ]
    },
    {
        "client_msg_id": "46b54fbc-a7c5-4819-8105-4d743201ce5a",
        "type": "message",
        "text": "まだ時間がかかりそうなのは確かですね。。。\n<https:\/\/github.com\/terraform-providers\/terraform-provider-aws\/issues\/11176>",
        "user": "UFU0BKD8F",
        "ts": "1585196188.001200",
        "team": "TFU0BKCQP",
        "user_team": "TFU0BKCQP",
        "source_team": "TFU0BKCQP",
        "user_profile": {
            "avatar_hash": "92c41c62c7b0",
            "image_72": "https:\/\/avatars.slack-edge.com\/2019-01-30\/537137791812_92c41c62c7b0f054d3dd_72.jpg",
            "first_name": "らき",
            "real_name": "らき",
            "display_name": "raki",
            "team": "TFU0BKCQP",
            "name": "nishimuray",
            "is_restricted": false,
            "is_ultra_restricted": false
        },
        "edited": {
            "user": "UFU0BKD8F",
            "ts": "1585196255.000000"
        },
        "blocks": [
            {
                "type": "rich_text",
                "block_id": "7o\/9U",
                "elements": [
                    {
                        "type": "rich_text_section",
                        "elements": [
                            {
                                "type": "text",
                                "text": "まだ時間がかかりそうなのは確かですね。。。\n"
                            },
                            {
                                "type": "link",
                                "url": "https:\/\/github.com\/terraform-providers\/terraform-provider-aws\/issues\/11176"
                            }
                        ]
                    }
                ]
            }
        ],
        "thread_ts": "1585196068.001100",
        "parent_user_id": "UGFSM002K"
    },
    {
        "client_msg_id": "ef477bad-8907-4639-8183-556742ae6e43",
        "type": "message",
        "text": "あ、見るならこっちかな。\n<https:\/\/github.com\/terraform-providers\/terraform-provider-aws\/labels\/service%2Fwafv2>",
        "user": "UFU0BKD8F",
        "ts": "1585196264.001600",
        "team": "TFU0BKCQP",
        "user_team": "TFU0BKCQP",
        "source_team": "TFU0BKCQP",
        "user_profile": {
            "avatar_hash": "92c41c62c7b0",
            "image_72": "https:\/\/avatars.slack-edge.com\/2019-01-30\/537137791812_92c41c62c7b0f054d3dd_72.jpg",
            "first_name": "らき",
            "real_name": "らき",
            "display_name": "raki",
            "team": "TFU0BKCQP",
            "name": "nishimuray",
            "is_restricted": false,
            "is_ultra_restricted": false
        },
        "blocks": [
            {
                "type": "rich_text",
                "block_id": "rOE",
                "elements": [
                    {
                        "type": "rich_text_section",
                        "elements": [
                            {
                                "type": "text",
                                "text": "あ、見るならこっちかな。\n"
                            },
                            {
                                "type": "link",
                                "url": "https:\/\/github.com\/terraform-providers\/terraform-provider-aws\/labels\/service%2Fwafv2"
                            }
                        ]
                    }
                ]
            }
        ],
        "thread_ts": "1585196068.001100",
        "parent_user_id": "UGFSM002K"
    },
    {
        "client_msg_id": "DBE4B6F4-FE6F-4BC4-8BF0-4F0CAE975120",
        "type": "message",
        "text": "うちも待ちの状態っすねー",
        "user": "UGY9BJ1NF",
        "ts": "1585198730.002100",
        "team": "TFU0BKCQP",
        "user_team": "TFU0BKCQP",
        "source_team": "TFU0BKCQP",
        "user_profile": {
            "avatar_hash": "db2f4d9fe31e",
            "image_72": "https:\/\/avatars.slack-edge.com\/2019-03-14\/576772793877_db2f4d9fe31e4921d24d_72.jpg",
            "first_name": "Masamitsu",
            "real_name": "Masamitsu Maehara",
            "display_name": "micci184",
            "team": "TFU0BKCQP",
            "name": "micci184",
            "is_restricted": false,
            "is_ultra_restricted": false
        },
        "blocks": [
            {
                "type": "rich_text",
                "block_id": "Whc",
                "elements": [
                    {
                        "type": "rich_text_section",
                        "elements": [
                            {
                                "type": "text",
                                "text": "うちも待ちの状態っすねー"
                            }
                        ]
                    }
                ]
            }
        ],
        "thread_ts": "1585196068.001100",
        "parent_user_id": "UGFSM002K"
    }
]