[
    {
        "client_msg_id": "21e4c6fa-0a3a-4253-93a5-2634eab7a355",
        "type": "message",
        "text": "はじめまして。terraform勉強中です。宜しくお願いします。",
        "user": "U01P1TRLC3A",
        "ts": "1613542838.018600",
        "team": "TFU0BKCQP",
        "user_team": "TFU0BKCQP",
        "source_team": "TFU0BKCQP",
        "user_profile": {
            "avatar_hash": "fc9e63bd3680",
            "image_72": "https:\/\/avatars.slack-edge.com\/2021-02-17\/1772738310321_fc9e63bd36802b5428d7_72.jpg",
            "first_name": "maru",
            "real_name": "maru",
            "display_name": "maru",
            "team": "TFU0BKCQP",
            "name": "irohaa7",
            "is_restricted": false,
            "is_ultra_restricted": false
        },
        "blocks": [
            {
                "type": "rich_text",
                "block_id": "hm2o5",
                "elements": [
                    {
                        "type": "rich_text_section",
                        "elements": [
                            {
                                "type": "text",
                                "text": "はじめまして。terraform勉強中です。宜しくお願いします。"
                            }
                        ]
                    }
                ]
            }
        ],
        "reactions": [
            {
                "name": "+1",
                "users": [
                    "UG46Z57TN",
                    "UR4NW10LD"
                ],
                "count": 2
            },
            {
                "name": "よろしく",
                "users": [
                    "UGVSWU1CY",
                    "UFU0BKD8F",
                    "UR4NW10LD",
                    "U01GAQPRFQB"
                ],
                "count": 4
            }
        ]
    }
]