[
    {
        "client_msg_id": "00e74645-8fee-404e-9624-7227bb77ccb7",
        "type": "message",
        "text": "(4\/1っていう日程が集まらない要因だった可能性も…年度のあたまでこの状況だと予定見通しづらくて)",
        "user": "UL90RPEQ7",
        "ts": "1585538005.010900",
        "team": "TFU0BKCQP",
        "user_team": "TFU0BKCQP",
        "source_team": "TFU0BKCQP",
        "user_profile": {
            "avatar_hash": "g577174512e7",
            "image_72": "https:\/\/secure.gravatar.com\/avatar\/8577174512e71b8d1c79683380febbd1.jpg?s=72&d=https%3A%2F%2Fa.slack-edge.com%2Fdf10d%2Fimg%2Favatars%2Fava_0026-72.png",
            "first_name": "sudoyu",
            "real_name": "sudoyu",
            "display_name": "",
            "team": "TFU0BKCQP",
            "name": "sudo.yu",
            "is_restricted": false,
            "is_ultra_restricted": false
        },
        "blocks": [
            {
                "type": "rich_text",
                "block_id": "eWZ4",
                "elements": [
                    {
                        "type": "rich_text_section",
                        "elements": [
                            {
                                "type": "text",
                                "text": "(4\/1っていう日程が集まらない要因だった可能性も…年度のあたまでこの状況だと予定見通しづらくて)"
                            }
                        ]
                    }
                ]
            }
        ]
    }
]