[
    {
        "client_msg_id": "06f30573-ebc4-423f-9227-d032b58c8d31",
        "type": "message",
        "text": "```\nError: Incorrect attribute value type\n\n  on ..\/..\/modules\/general_ec2\/ec2.tf line 16, in resource \"aws_instance\" \"ec2\":\n  16:   subnet_id = \"${element(var.subnet_ids, count.index)}\"\n\nInappropriate value for attribute \"subnet_id\": string required.\n```",
        "user": "UG46Z57TN",
        "ts": "1565937845.079700",
        "team": "TFU0BKCQP",
        "user_team": "TFU0BKCQP",
        "source_team": "TFU0BKCQP",
        "user_profile": {
            "avatar_hash": "c6bdd4cb17db",
            "image_72": "https:\/\/avatars.slack-edge.com\/2019-07-05\/685991185957_c6bdd4cb17db956661a1_72.jpg",
            "first_name": "Takeshi",
            "real_name": "Takeshi Kondo",
            "display_name": "chaspy",
            "team": "TFU0BKCQP",
            "name": "take.she12",
            "is_restricted": false,
            "is_ultra_restricted": false
        },
        "thread_ts": "1565937845.079700",
        "reply_count": 3,
        "reply_users_count": 1,
        "latest_reply": "1565938057.080200",
        "reply_users": [
            "UG46Z57TN"
        ],
        "replies": [
            {
                "user": "UG46Z57TN",
                "ts": "1565937877.079800"
            },
            {
                "user": "UG46Z57TN",
                "ts": "1565937897.080000"
            },
            {
                "user": "UG46Z57TN",
                "ts": "1565938057.080200"
            }
        ],
        "subscribed": false
    },
    {
        "client_msg_id": "49912080-b529-44e6-99f2-3f5d37a3ad1a",
        "type": "message",
        "text": "moduleで、複数個つくったとき、indexいれてsubnet_idをもってこようとしている",
        "user": "UG46Z57TN",
        "ts": "1565937877.079800",
        "team": "TFU0BKCQP",
        "user_team": "TFU0BKCQP",
        "source_team": "TFU0BKCQP",
        "user_profile": {
            "avatar_hash": "c6bdd4cb17db",
            "image_72": "https:\/\/avatars.slack-edge.com\/2019-07-05\/685991185957_c6bdd4cb17db956661a1_72.jpg",
            "first_name": "Takeshi",
            "real_name": "Takeshi Kondo",
            "display_name": "chaspy",
            "team": "TFU0BKCQP",
            "name": "take.she12",
            "is_restricted": false,
            "is_ultra_restricted": false
        },
        "thread_ts": "1565937845.079700",
        "parent_user_id": "UG46Z57TN"
    },
    {
        "client_msg_id": "25b12210-1658-4e72-b052-5573de00ded1",
        "type": "message",
        "text": "var `subnet_ids` は list",
        "user": "UG46Z57TN",
        "ts": "1565937897.080000",
        "team": "TFU0BKCQP",
        "user_team": "TFU0BKCQP",
        "source_team": "TFU0BKCQP",
        "user_profile": {
            "avatar_hash": "c6bdd4cb17db",
            "image_72": "https:\/\/avatars.slack-edge.com\/2019-07-05\/685991185957_c6bdd4cb17db956661a1_72.jpg",
            "first_name": "Takeshi",
            "real_name": "Takeshi Kondo",
            "display_name": "chaspy",
            "team": "TFU0BKCQP",
            "name": "take.she12",
            "is_restricted": false,
            "is_ultra_restricted": false
        },
        "thread_ts": "1565937845.079700",
        "parent_user_id": "UG46Z57TN"
    },
    {
        "client_msg_id": "3899efb5-003f-4f31-bc6d-330984faaf13",
        "type": "message",
        "text": "なる。moduleの呼び出し元で subnet_idsにnewsted listをいれてたようだ。こんなんばっかだな。",
        "user": "UG46Z57TN",
        "ts": "1565938057.080200",
        "team": "TFU0BKCQP",
        "user_team": "TFU0BKCQP",
        "source_team": "TFU0BKCQP",
        "user_profile": {
            "avatar_hash": "c6bdd4cb17db",
            "image_72": "https:\/\/avatars.slack-edge.com\/2019-07-05\/685991185957_c6bdd4cb17db956661a1_72.jpg",
            "first_name": "Takeshi",
            "real_name": "Takeshi Kondo",
            "display_name": "chaspy",
            "team": "TFU0BKCQP",
            "name": "take.she12",
            "is_restricted": false,
            "is_ultra_restricted": false
        },
        "thread_ts": "1565937845.079700",
        "parent_user_id": "UG46Z57TN"
    },
    {
        "client_msg_id": "7b714783-c868-4d75-aace-b8ac0b5e25fb",
        "type": "message",
        "text": "つぎ `cannot decode dynamic from flatmap`",
        "user": "UG46Z57TN",
        "ts": "1565938194.080700",
        "team": "TFU0BKCQP",
        "user_team": "TFU0BKCQP",
        "source_team": "TFU0BKCQP",
        "user_profile": {
            "avatar_hash": "c6bdd4cb17db",
            "image_72": "https:\/\/avatars.slack-edge.com\/2019-07-05\/685991185957_c6bdd4cb17db956661a1_72.jpg",
            "first_name": "Takeshi",
            "real_name": "Takeshi Kondo",
            "display_name": "chaspy",
            "team": "TFU0BKCQP",
            "name": "take.she12",
            "is_restricted": false,
            "is_ultra_restricted": false
        },
        "thread_ts": "1565938194.080700",
        "reply_count": 3,
        "reply_users_count": 1,
        "latest_reply": "1565941046.081200",
        "reply_users": [
            "UG46Z57TN"
        ],
        "replies": [
            {
                "user": "UG46Z57TN",
                "ts": "1565938343.080800"
            },
            {
                "user": "UG46Z57TN",
                "ts": "1565939247.081000"
            },
            {
                "user": "UG46Z57TN",
                "ts": "1565941046.081200"
            }
        ],
        "subscribed": false
    },
    {
        "client_msg_id": "f86f7262-5789-4985-a9c4-381450e5c914",
        "type": "message",
        "text": "場所がわからないけどflattenかな",
        "user": "UG46Z57TN",
        "ts": "1565938343.080800",
        "team": "TFU0BKCQP",
        "user_team": "TFU0BKCQP",
        "source_team": "TFU0BKCQP",
        "user_profile": {
            "avatar_hash": "c6bdd4cb17db",
            "image_72": "https:\/\/avatars.slack-edge.com\/2019-07-05\/685991185957_c6bdd4cb17db956661a1_72.jpg",
            "first_name": "Takeshi",
            "real_name": "Takeshi Kondo",
            "display_name": "chaspy",
            "team": "TFU0BKCQP",
            "name": "take.she12",
            "is_restricted": false,
            "is_ultra_restricted": false
        },
        "thread_ts": "1565938194.080700",
        "parent_user_id": "UG46Z57TN"
    }
]