[
    {
        "client_msg_id": "E3CFA1E5-D661-4313-AC1A-38E5D85193A4",
        "type": "message",
        "text": "0.12upgrade、コードを書き換えるだけですよね、？",
        "user": "UG46Z57TN",
        "ts": "1565003283.011100",
        "team": "TFU0BKCQP",
        "user_team": "TFU0BKCQP",
        "source_team": "TFU0BKCQP",
        "user_profile": {
            "avatar_hash": "c6bdd4cb17db",
            "image_72": "https:\/\/avatars.slack-edge.com\/2019-07-05\/685991185957_c6bdd4cb17db956661a1_72.jpg",
            "first_name": "Takeshi",
            "real_name": "Takeshi Kondo",
            "display_name": "chaspy",
            "team": "TFU0BKCQP",
            "name": "take.she12",
            "is_restricted": false,
            "is_ultra_restricted": false
        },
        "thread_ts": "1565003283.011100",
        "reply_count": 2,
        "reply_users_count": 2,
        "latest_reply": "1565006752.011400",
        "reply_users": [
            "UJZCUFM7D",
            "UG46Z57TN"
        ],
        "replies": [
            {
                "user": "UJZCUFM7D",
                "ts": "1565006523.011200"
            },
            {
                "user": "UG46Z57TN",
                "ts": "1565006752.011400"
            }
        ],
        "subscribed": false
    },
    {
        "client_msg_id": "ef0d0d95-2927-4c97-bee5-3d24f77b6f8f",
        "type": "message",
        "text": "versions.tfが生成されるのもこのタイミングだった気がします。記憶が定かではないですが。。\nそれ以外だとコードが書き換えられる以外の変更はなかったように思います。",
        "user": "UJZCUFM7D",
        "ts": "1565006523.011200",
        "team": "TFU0BKCQP",
        "user_team": "TFU0BKCQP",
        "source_team": "TFU0BKCQP",
        "user_profile": {
            "avatar_hash": "g660f4361676",
            "image_72": "https:\/\/secure.gravatar.com\/avatar\/7660f4361676c30f37308cfb8fe171fd.jpg?s=72&d=https%3A%2F%2Fa.slack-edge.com%2Fdf10d%2Fimg%2Favatars%2Fava_0026-72.png",
            "first_name": "H.M",
            "real_name": "H.M",
            "display_name": "H.M",
            "team": "TFU0BKCQP",
            "name": "hikaru-miyazawa",
            "is_restricted": false,
            "is_ultra_restricted": false
        },
        "thread_ts": "1565003283.011100",
        "parent_user_id": "UG46Z57TN"
    },
    {
        "client_msg_id": "29bc62bc-0541-4196-8ac3-47b16a6fab6e",
        "type": "message",
        "text": "ありがとうございます！やってみます",
        "user": "UG46Z57TN",
        "ts": "1565006752.011400",
        "team": "TFU0BKCQP",
        "user_team": "TFU0BKCQP",
        "source_team": "TFU0BKCQP",
        "user_profile": {
            "avatar_hash": "c6bdd4cb17db",
            "image_72": "https:\/\/avatars.slack-edge.com\/2019-07-05\/685991185957_c6bdd4cb17db956661a1_72.jpg",
            "first_name": "Takeshi",
            "real_name": "Takeshi Kondo",
            "display_name": "chaspy",
            "team": "TFU0BKCQP",
            "name": "take.she12",
            "is_restricted": false,
            "is_ultra_restricted": false
        },
        "thread_ts": "1565003283.011100",
        "parent_user_id": "UG46Z57TN"
    },
    {
        "client_msg_id": "4ca6fd45-3220-41fd-8b97-e806a2213c1d",
        "type": "message",
        "text": "0,12upgradeしてのplan、大量指摘でくっそ萎えるな。。。",
        "user": "UG46Z57TN",
        "ts": "1565009403.012200",
        "team": "TFU0BKCQP",
        "user_team": "TFU0BKCQP",
        "source_team": "TFU0BKCQP",
        "user_profile": {
            "avatar_hash": "c6bdd4cb17db",
            "image_72": "https:\/\/avatars.slack-edge.com\/2019-07-05\/685991185957_c6bdd4cb17db956661a1_72.jpg",
            "first_name": "Takeshi",
            "real_name": "Takeshi Kondo",
            "display_name": "chaspy",
            "team": "TFU0BKCQP",
            "name": "take.she12",
            "is_restricted": false,
            "is_ultra_restricted": false
        }
    },
    {
        "client_msg_id": "edeecff7-5b87-4e01-ad18-740056d6ef83",
        "type": "message",
        "text": "今日のところは挫折",
        "user": "UG46Z57TN",
        "ts": "1565009434.012500",
        "team": "TFU0BKCQP",
        "user_team": "TFU0BKCQP",
        "source_team": "TFU0BKCQP",
        "user_profile": {
            "avatar_hash": "c6bdd4cb17db",
            "image_72": "https:\/\/avatars.slack-edge.com\/2019-07-05\/685991185957_c6bdd4cb17db956661a1_72.jpg",
            "first_name": "Takeshi",
            "real_name": "Takeshi Kondo",
            "display_name": "chaspy",
            "team": "TFU0BKCQP",
            "name": "take.she12",
            "is_restricted": false,
            "is_ultra_restricted": false
        }
    },
    {
        "client_msg_id": "f5a4cbc9-dabf-439c-a983-d9faf750cde8",
        "type": "message",
        "text": "```\nError: Unsupported block type\n\n  on ..\/..\/modules\/xxx-api\/elasticsearch.tf line 42, in resource \"aws_elasticsearch_domain\" \"es\":\n  42:   tags {\n\nBlocks of type \"tags\" are not expected here. Did you mean to define argument\n\"tags\"? If so, use the equals sign to assign it a value.\n```\n\nむしろいままではblockもargも両方受け入れてたんだってことにびっくり",
        "user": "UG46Z57TN",
        "ts": "1565056446.013000",
        "team": "TFU0BKCQP",
        "user_team": "TFU0BKCQP",
        "source_team": "TFU0BKCQP",
        "user_profile": {
            "avatar_hash": "c6bdd4cb17db",
            "image_72": "https:\/\/avatars.slack-edge.com\/2019-07-05\/685991185957_c6bdd4cb17db956661a1_72.jpg",
            "first_name": "Takeshi",
            "real_name": "Takeshi Kondo",
            "display_name": "chaspy",
            "team": "TFU0BKCQP",
            "name": "take.she12",
            "is_restricted": false,
            "is_ultra_restricted": false
        }
    },
    {
        "client_msg_id": "f81726d8-d62d-45c0-baca-76adea6d50ae",
        "type": "message",
        "text": "```\n ebs_block_device = {\n   device_name = \"\/dev\/sdg\"\n   volume_type = \"gp2\"\n   volume_size = \"1000\"\n}\n```\n\nmoduleでebs_block_deviceのブロック単位でvarとして出してたんだけど、blockつかえっておこられたので各パラメタごとに外だしするしかない？",
        "user": "UG46Z57TN",
        "ts": "1565057574.014500",
        "team": "TFU0BKCQP",
        "user_team": "TFU0BKCQP",
        "source_team": "TFU0BKCQP",
        "user_profile": {
            "avatar_hash": "c6bdd4cb17db",
            "image_72": "https:\/\/avatars.slack-edge.com\/2019-07-05\/685991185957_c6bdd4cb17db956661a1_72.jpg",
            "first_name": "Takeshi",
            "real_name": "Takeshi Kondo",
            "display_name": "chaspy",
            "team": "TFU0BKCQP",
            "name": "take.she12",
            "is_restricted": false,
            "is_ultra_restricted": false
        },
        "thread_ts": "1565057574.014500",
        "reply_count": 3,
        "reply_users_count": 2,
        "latest_reply": "1565067934.015400",
        "reply_users": [
            "UG46Z57TN",
            "UHS4SFFA7"
        ],
        "replies": [
            {
                "user": "UG46Z57TN",
                "ts": "1565058304.015000"
            },
            {
                "user": "UHS4SFFA7",
                "ts": "1565065424.015200"
            },
            {
                "user": "UG46Z57TN",
                "ts": "1565067934.015400"
            }
        ],
        "subscribed": false
    },
    {
        "client_msg_id": "8b26607c-42ac-4adf-96fb-143a5c9c49de",
        "type": "message",
        "text": "多分そうだけどこのmodule使ってるresourceでこれ指定してるのなかったので消した。。。",
        "user": "UG46Z57TN",
        "ts": "1565058304.015000",
        "team": "TFU0BKCQP",
        "user_team": "TFU0BKCQP",
        "source_team": "TFU0BKCQP",
        "user_profile": {
            "avatar_hash": "c6bdd4cb17db",
            "image_72": "https:\/\/avatars.slack-edge.com\/2019-07-05\/685991185957_c6bdd4cb17db956661a1_72.jpg",
            "first_name": "Takeshi",
            "real_name": "Takeshi Kondo",
            "display_name": "chaspy",
            "team": "TFU0BKCQP",
            "name": "take.she12",
            "is_restricted": false,
            "is_ultra_restricted": false
        },
        "thread_ts": "1565057574.014500",
        "parent_user_id": "UG46Z57TN"
    },
    {
        "client_msg_id": "686d1d64-d305-4c73-90d3-f3a60260501d",
        "type": "message",
        "text": "v0.12でmapとblockを厳密に型を区別するようになった影響です。blockをそのままvarとして渡すのはできないはずで、objectもしくはmapでまとめて1つのvarで渡せるけど、block内の各項目にセットしないといけないはず。",
        "user": "UHS4SFFA7",
        "ts": "1565065424.015200",
        "team": "TFU0BKCQP",
        "user_team": "TFU0BKCQP",
        "source_team": "TFU0BKCQP",
        "user_profile": {
            "avatar_hash": "gade34f8bdf1",
            "image_72": "https:\/\/secure.gravatar.com\/avatar\/5ade34f8bdf1b55c4ff82c11cf23cf42.jpg?s=72&d=https%3A%2F%2Fa.slack-edge.com%2Fdf10d%2Fimg%2Favatars%2Fava_0008-72.png",
            "first_name": "",
            "real_name": "minamijoyo",
            "display_name": "minamijoyo",
            "team": "TFU0BKCQP",
            "name": "minamijoyo",
            "is_restricted": false,
            "is_ultra_restricted": false
        },
        "thread_ts": "1565057574.014500",
        "parent_user_id": "UG46Z57TN"
    },
    {
        "client_msg_id": "db244590-1206-498d-9150-feaadbd55fc5",
        "type": "message",
        "text": "なるほどやっぱりですね、ありがとうございます",
        "user": "UG46Z57TN",
        "ts": "1565067934.015400",
        "team": "TFU0BKCQP",
        "user_team": "TFU0BKCQP",
        "source_team": "TFU0BKCQP",
        "user_profile": {
            "avatar_hash": "c6bdd4cb17db",
            "image_72": "https:\/\/avatars.slack-edge.com\/2019-07-05\/685991185957_c6bdd4cb17db956661a1_72.jpg",
            "first_name": "Takeshi",
            "real_name": "Takeshi Kondo",
            "display_name": "chaspy",
            "team": "TFU0BKCQP",
            "name": "take.she12",
            "is_restricted": false,
            "is_ultra_restricted": false
        },
        "thread_ts": "1565057574.014500",
        "parent_user_id": "UG46Z57TN"
    },
    {
        "client_msg_id": "bd85fcb2-ebd4-4782-a26a-afdc14c87753",
        "type": "message",
        "text": "v0.12upgradeえげつない。。。これほんとうにみなさんやったんですか。。。すごいな\n次から次にでてくる。",
        "user": "UG46Z57TN",
        "ts": "1565067951.015900",
        "team": "TFU0BKCQP",
        "user_team": "TFU0BKCQP",
        "source_team": "TFU0BKCQP",
        "user_profile": {
            "avatar_hash": "c6bdd4cb17db",
            "image_72": "https:\/\/avatars.slack-edge.com\/2019-07-05\/685991185957_c6bdd4cb17db956661a1_72.jpg",
            "first_name": "Takeshi",
            "real_name": "Takeshi Kondo",
            "display_name": "chaspy",
            "team": "TFU0BKCQP",
            "name": "take.she12",
            "is_restricted": false,
            "is_ultra_restricted": false
        },
        "edited": {
            "user": "UG46Z57TN",
            "ts": "1565067964.000000"
        }
    },
    {
        "client_msg_id": "7ccc6c43-4654-4c15-b029-c32d06bd5f35",
        "type": "message",
        "text": "3万行ぐらい泣きながら書き換えました。",
        "user": "UHS4SFFA7",
        "ts": "1565068251.016300",
        "team": "TFU0BKCQP",
        "user_team": "TFU0BKCQP",
        "source_team": "TFU0BKCQP",
        "user_profile": {
            "avatar_hash": "gade34f8bdf1",
            "image_72": "https:\/\/secure.gravatar.com\/avatar\/5ade34f8bdf1b55c4ff82c11cf23cf42.jpg?s=72&d=https%3A%2F%2Fa.slack-edge.com%2Fdf10d%2Fimg%2Favatars%2Fava_0008-72.png",
            "first_name": "",
            "real_name": "minamijoyo",
            "display_name": "minamijoyo",
            "team": "TFU0BKCQP",
            "name": "minamijoyo",
            "is_restricted": false,
            "is_ultra_restricted": false
        },
        "reactions": [
            {
                "name": "fearful",
                "users": [
                    "UJ15SRE0M",
                    "UM2FB5M29",
                    "UFTKSQ25T",
                    "ULFNFQU9K"
                ],
                "count": 4
            }
        ]
    },
    {
        "client_msg_id": "557ac943-5cfe-4ca2-a1fa-63bda6db079a",
        "type": "message",
        "text": "最後のupgradeフェーズはPRの分割もできないししんどい",
        "user": "UG46Z57TN",
        "ts": "1565068279.016900",
        "team": "TFU0BKCQP",
        "user_team": "TFU0BKCQP",
        "source_team": "TFU0BKCQP",
        "user_profile": {
            "avatar_hash": "c6bdd4cb17db",
            "image_72": "https:\/\/avatars.slack-edge.com\/2019-07-05\/685991185957_c6bdd4cb17db956661a1_72.jpg",
            "first_name": "Takeshi",
            "real_name": "Takeshi Kondo",
            "display_name": "chaspy",
            "team": "TFU0BKCQP",
            "name": "take.she12",
            "is_restricted": false,
            "is_ultra_restricted": false
        }
    },
    {
        "client_msg_id": "66e108fe-2c4d-422e-9cf0-91449f307c39",
        "type": "message",
        "text": "upgrade使わないで横で移行中。",
        "user": "UFU0BKD8F",
        "ts": "1565068281.017100",
        "team": "TFU0BKCQP",
        "user_team": "TFU0BKCQP",
        "source_team": "TFU0BKCQP",
        "user_profile": {
            "avatar_hash": "92c41c62c7b0",
            "image_72": "https:\/\/avatars.slack-edge.com\/2019-01-30\/537137791812_92c41c62c7b0f054d3dd_72.jpg",
            "first_name": "らき",
            "real_name": "らき",
            "display_name": "raki",
            "team": "TFU0BKCQP",
            "name": "nishimuray",
            "is_restricted": false,
            "is_ultra_restricted": false
        }
    },
    {
        "client_msg_id": "b8e3831a-955d-41e2-8550-3fe43931ac44",
        "type": "message",
        "text": "それはそれでめんどいような",
        "user": "UG46Z57TN",
        "ts": "1565068379.017600",
        "team": "TFU0BKCQP",
        "user_team": "TFU0BKCQP",
        "source_team": "TFU0BKCQP",
        "user_profile": {
            "avatar_hash": "c6bdd4cb17db",
            "image_72": "https:\/\/avatars.slack-edge.com\/2019-07-05\/685991185957_c6bdd4cb17db956661a1_72.jpg",
            "first_name": "Takeshi",
            "real_name": "Takeshi Kondo",
            "display_name": "chaspy",
            "team": "TFU0BKCQP",
            "name": "take.she12",
            "is_restricted": false,
            "is_ultra_restricted": false
        }
    },
    {
        "client_msg_id": "d61b1a36-608f-4b73-b4a1-8408209aee82",
        "type": "message",
        "text": "でもゆっくり分割しながらやれるのはいいな",
        "user": "UG46Z57TN",
        "ts": "1565068418.018600",
        "team": "TFU0BKCQP",
        "user_team": "TFU0BKCQP",
        "source_team": "TFU0BKCQP",
        "user_profile": {
            "avatar_hash": "c6bdd4cb17db",
            "image_72": "https:\/\/avatars.slack-edge.com\/2019-07-05\/685991185957_c6bdd4cb17db956661a1_72.jpg",
            "first_name": "Takeshi",
            "real_name": "Takeshi Kondo",
            "display_name": "chaspy",
            "team": "TFU0BKCQP",
            "name": "take.she12",
            "is_restricted": false,
            "is_ultra_restricted": false
        }
    },
    {
        "client_msg_id": "65758f65-e9f9-43d1-9b20-44c7a0341e5c",
        "type": "message",
        "text": "想像以上にめんどう。特にモジュールレジストリのバージョンを固定していたとことか\nsgのimportとかくっそめんどい",
        "user": "UFU0BKD8F",
        "ts": "1565068423.019000",
        "team": "TFU0BKCQP",
        "user_team": "TFU0BKCQP",
        "source_team": "TFU0BKCQP",
        "user_profile": {
            "avatar_hash": "92c41c62c7b0",
            "image_72": "https:\/\/avatars.slack-edge.com\/2019-01-30\/537137791812_92c41c62c7b0f054d3dd_72.jpg",
            "first_name": "らき",
            "real_name": "らき",
            "display_name": "raki",
            "team": "TFU0BKCQP",
            "name": "nishimuray",
            "is_restricted": false,
            "is_ultra_restricted": false
        }
    },
    {
        "client_msg_id": "ed725dbf-07fe-49a3-a537-5faad143bdff",
        "type": "message",
        "text": "うちは1週間ぐらいコードフリーズして、upgrade用のベースブランチを作って、細かいPRでマージして、最後にえいやでmasterマージ的なかんじでやった。",
        "user": "UHS4SFFA7",
        "ts": "1565068478.020200",
        "team": "TFU0BKCQP",
        "user_team": "TFU0BKCQP",
        "source_team": "TFU0BKCQP",
        "user_profile": {
            "avatar_hash": "gade34f8bdf1",
            "image_72": "https:\/\/secure.gravatar.com\/avatar\/5ade34f8bdf1b55c4ff82c11cf23cf42.jpg?s=72&d=https%3A%2F%2Fa.slack-edge.com%2Fdf10d%2Fimg%2Favatars%2Fava_0008-72.png",
            "first_name": "",
            "real_name": "minamijoyo",
            "display_name": "minamijoyo",
            "team": "TFU0BKCQP",
            "name": "minamijoyo",
            "is_restricted": false,
            "is_ultra_restricted": false
        }
    },
    {
        "client_msg_id": "150e1ab5-8a67-44c7-b8ea-89ebec8367c5",
        "type": "message",
        "text": "terraform state edit が切実に欲しい",
        "user": "UFU0BKD8F",
        "ts": "1565068505.020300",
        "team": "TFU0BKCQP",
        "user_team": "TFU0BKCQP",
        "source_team": "TFU0BKCQP",
        "user_profile": {
            "avatar_hash": "92c41c62c7b0",
            "image_72": "https:\/\/avatars.slack-edge.com\/2019-01-30\/537137791812_92c41c62c7b0f054d3dd_72.jpg",
            "first_name": "らき",
            "real_name": "らき",
            "display_name": "raki",
            "team": "TFU0BKCQP",
            "name": "nishimuray",
            "is_restricted": false,
            "is_ultra_restricted": false
        }
    },
    {
        "client_msg_id": "c3a100f8-5c1d-47f2-a88d-a3be622720d8",
        "type": "message",
        "text": "1週間で終わる自信がないからフリーズはできんなーｗ",
        "user": "UG46Z57TN",
        "ts": "1565068540.021200",
        "team": "TFU0BKCQP",
        "user_team": "TFU0BKCQP",
        "source_team": "TFU0BKCQP",
        "user_profile": {
            "avatar_hash": "c6bdd4cb17db",
            "image_72": "https:\/\/avatars.slack-edge.com\/2019-07-05\/685991185957_c6bdd4cb17db956661a1_72.jpg",
            "first_name": "Takeshi",
            "real_name": "Takeshi Kondo",
            "display_name": "chaspy",
            "team": "TFU0BKCQP",
            "name": "take.she12",
            "is_restricted": false,
            "is_ultra_restricted": false
        }
    },
    {
        "client_msg_id": "c8fef4fe-2a5c-41af-9ef6-12ddf5bacd50",
        "type": "message",
        "text": "旧コード　ー　旧ステート　ー　リソース　ー　新ステート　ー　新コード　でバランス取りながらやってる。",
        "user": "UFU0BKD8F",
        "ts": "1565068606.022200",
        "team": "TFU0BKCQP",
        "user_team": "TFU0BKCQP",
        "source_team": "TFU0BKCQP",
        "user_profile": {
            "avatar_hash": "92c41c62c7b0",
            "image_72": "https:\/\/avatars.slack-edge.com\/2019-01-30\/537137791812_92c41c62c7b0f054d3dd_72.jpg",
            "first_name": "らき",
            "real_name": "らき",
            "display_name": "raki",
            "team": "TFU0BKCQP",
            "name": "nishimuray",
            "is_restricted": false,
            "is_ultra_restricted": false
        }
    },
    {
        "client_msg_id": "d3682d34-c604-4c4a-b0a6-3bb7307ed832",
        "type": "message",
        "text": "旧でも新でも plan に差分がないように、リソースの再作成なしで移行する感じ。",
        "user": "UFU0BKD8F",
        "ts": "1565068646.022700",
        "team": "TFU0BKCQP",
        "user_team": "TFU0BKCQP",
        "source_team": "TFU0BKCQP",
        "user_profile": {
            "avatar_hash": "92c41c62c7b0",
            "image_72": "https:\/\/avatars.slack-edge.com\/2019-01-30\/537137791812_92c41c62c7b0f054d3dd_72.jpg",
            "first_name": "らき",
            "real_name": "らき",
            "display_name": "raki",
            "team": "TFU0BKCQP",
            "name": "nishimuray",
            "is_restricted": false,
            "is_ultra_restricted": false
        }
    },
    {
        "client_msg_id": "4faa57de-442a-466d-a389-06cdd6445e79",
        "type": "message",
        "text": "```\nError: Instance cannot be destroyed\n\nResource\nmodule.postgres_production_a.aws_rds_cluster_instance.instances[1] has\nlifecycle.prevent_destroy set, but the plan calls for this resource to be\ndestroyed. To avoid this error and continue with the plan, either disable\nlifecycle.prevent_destroy or reduce the scope of the plan using the -target\nflag.\n```\n\nplanでこけるのかこれ",
        "user": "UG46Z57TN",
        "ts": "1565069787.023400",
        "team": "TFU0BKCQP",
        "user_team": "TFU0BKCQP",
        "source_team": "TFU0BKCQP",
        "user_profile": {
            "avatar_hash": "c6bdd4cb17db",
            "image_72": "https:\/\/avatars.slack-edge.com\/2019-07-05\/685991185957_c6bdd4cb17db956661a1_72.jpg",
            "first_name": "Takeshi",
            "real_name": "Takeshi Kondo",
            "display_name": "chaspy",
            "team": "TFU0BKCQP",
            "name": "take.she12",
            "is_restricted": false,
            "is_ultra_restricted": false
        }
    },
    {
        "client_msg_id": "eef17ae1-12bb-4b31-81a8-1cc6391fe07c",
        "type": "message",
        "text": "destroy 対象ならこけるんじゃない？",
        "user": "UFU0BKD8F",
        "ts": "1565069901.023700",
        "team": "TFU0BKCQP",
        "user_team": "TFU0BKCQP",
        "source_team": "TFU0BKCQP",
        "user_profile": {
            "avatar_hash": "92c41c62c7b0",
            "image_72": "https:\/\/avatars.slack-edge.com\/2019-01-30\/537137791812_92c41c62c7b0f054d3dd_72.jpg",
            "first_name": "らき",
            "real_name": "らき",
            "display_name": "raki",
            "team": "TFU0BKCQP",
            "name": "nishimuray",
            "is_restricted": false,
            "is_ultra_restricted": false
        }
    },
    {
        "client_msg_id": "ce024634-ae25-4c5d-8788-5c96a466f17a",
        "type": "message",
        "text": "v12関係なく、 `lifecycle.prevent_destroy` は planでdestroyになったらこけるやつなんですね。",
        "user": "UG46Z57TN",
        "ts": "1565069926.024100",
        "team": "TFU0BKCQP",
        "user_team": "TFU0BKCQP",
        "source_team": "TFU0BKCQP",
        "user_profile": {
            "avatar_hash": "c6bdd4cb17db",
            "image_72": "https:\/\/avatars.slack-edge.com\/2019-07-05\/685991185957_c6bdd4cb17db956661a1_72.jpg",
            "first_name": "Takeshi",
            "real_name": "Takeshi Kondo",
            "display_name": "chaspy",
            "team": "TFU0BKCQP",
            "name": "take.she12",
            "is_restricted": false,
            "is_ultra_restricted": false
        },
        "edited": {
            "user": "UG46Z57TN",
            "ts": "1565069933.000000"
        }
    },
    {
        "client_msg_id": "ba374b96-9db2-4367-af0f-92633c01432b",
        "type": "message",
        "text": "そやね。",
        "user": "UFU0BKD8F",
        "ts": "1565069933.024300",
        "team": "TFU0BKCQP",
        "user_team": "TFU0BKCQP",
        "source_team": "TFU0BKCQP",
        "user_profile": {
            "avatar_hash": "92c41c62c7b0",
            "image_72": "https:\/\/avatars.slack-edge.com\/2019-01-30\/537137791812_92c41c62c7b0f054d3dd_72.jpg",
            "first_name": "らき",
            "real_name": "らき",
            "display_name": "raki",
            "team": "TFU0BKCQP",
            "name": "nishimuray",
            "is_restricted": false,
            "is_ultra_restricted": false
        }
    },
    {
        "client_msg_id": "97e7e2e2-2ef3-46ad-b2fe-030cbf1600c2",
        "type": "message",
        "text": "消えるのは困るけどまずはplanを通したいのでいったんコメントアウトするか。。。",
        "user": "UG46Z57TN",
        "ts": "1565069956.025100",
        "team": "TFU0BKCQP",
        "user_team": "TFU0BKCQP",
        "source_team": "TFU0BKCQP",
        "user_profile": {
            "avatar_hash": "c6bdd4cb17db",
            "image_72": "https:\/\/avatars.slack-edge.com\/2019-07-05\/685991185957_c6bdd4cb17db956661a1_72.jpg",
            "first_name": "Takeshi",
            "real_name": "Takeshi Kondo",
            "display_name": "chaspy",
            "team": "TFU0BKCQP",
            "name": "take.she12",
            "is_restricted": false,
            "is_ultra_restricted": false
        }
    },
    {
        "client_msg_id": "ce8f0a46-cccd-4260-8fe4-43cf3425c0b4",
        "type": "message",
        "text": "-target を使うのでわ",
        "user": "UFU0BKD8F",
        "ts": "1565069978.025400",
        "team": "TFU0BKCQP",
        "user_team": "TFU0BKCQP",
        "source_team": "TFU0BKCQP",
        "user_profile": {
            "avatar_hash": "92c41c62c7b0",
            "image_72": "https:\/\/avatars.slack-edge.com\/2019-01-30\/537137791812_92c41c62c7b0f054d3dd_72.jpg",
            "first_name": "らき",
            "real_name": "らき",
            "display_name": "raki",
            "team": "TFU0BKCQP",
            "name": "nishimuray",
            "is_restricted": false,
            "is_ultra_restricted": false
        }
    },
    {
        "client_msg_id": "e0971aea-369d-48fb-b8aa-05ea50fcf075",
        "type": "message",
        "text": "targetにそれら以外の全リソースのせるのしんどい",
        "user": "UG46Z57TN",
        "ts": "1565070104.026200",
        "team": "TFU0BKCQP",
        "user_team": "TFU0BKCQP",
        "source_team": "TFU0BKCQP",
        "user_profile": {
            "avatar_hash": "c6bdd4cb17db",
            "image_72": "https:\/\/avatars.slack-edge.com\/2019-07-05\/685991185957_c6bdd4cb17db956661a1_72.jpg",
            "first_name": "Takeshi",
            "real_name": "Takeshi Kondo",
            "display_name": "chaspy",
            "team": "TFU0BKCQP",
            "name": "take.she12",
            "is_restricted": false,
            "is_ultra_restricted": false
        },
        "reactions": [
            {
                "name": "wakarimi",
                "users": [
                    "UFU0BKD8F",
                    "ULMG6D5GB",
                    "ULYDVRXNY",
                    "UM2FB5M29",
                    "ULZRR521W"
                ],
                "count": 5
            }
        ]
    }
]