[
    {
        "type": "message",
        "text": "あらためてやっていきます",
        "files": [
            {
                "id": "FMBMMCV1B",
                "created": 1565746928,
                "timestamp": 1565746928,
                "name": "Screenshot 2019-08-14 10.41.58.png",
                "title": "Screenshot 2019-08-14 10.41.58.png",
                "mimetype": "image\/png",
                "filetype": "png",
                "pretty_type": "PNG",
                "user": "UG46Z57TN",
                "editable": false,
                "size": 220109,
                "mode": "hosted",
                "is_external": false,
                "external_type": "",
                "is_public": true,
                "public_url_shared": false,
                "display_as_bot": false,
                "username": "",
                "url_private": "https:\/\/files.slack.com\/files-pri\/TFU0BKCQP-FMBMMCV1B\/screenshot_2019-08-14_10.41.58.png?t=xoxe-538011658839-806418316866-819211362325-940ad02e2540576b1109bef8942a657d",
                "url_private_download": "https:\/\/files.slack.com\/files-pri\/TFU0BKCQP-FMBMMCV1B\/download\/screenshot_2019-08-14_10.41.58.png?t=xoxe-538011658839-806418316866-819211362325-940ad02e2540576b1109bef8942a657d",
                "thumb_64": "https:\/\/files.slack.com\/files-tmb\/TFU0BKCQP-FMBMMCV1B-481de5f5e3\/screenshot_2019-08-14_10.41.58_64.png?t=xoxe-538011658839-806418316866-819211362325-940ad02e2540576b1109bef8942a657d",
                "thumb_80": "https:\/\/files.slack.com\/files-tmb\/TFU0BKCQP-FMBMMCV1B-481de5f5e3\/screenshot_2019-08-14_10.41.58_80.png?t=xoxe-538011658839-806418316866-819211362325-940ad02e2540576b1109bef8942a657d",
                "thumb_360": "https:\/\/files.slack.com\/files-tmb\/TFU0BKCQP-FMBMMCV1B-481de5f5e3\/screenshot_2019-08-14_10.41.58_360.png?t=xoxe-538011658839-806418316866-819211362325-940ad02e2540576b1109bef8942a657d",
                "thumb_360_w": 360,
                "thumb_360_h": 149,
                "thumb_480": "https:\/\/files.slack.com\/files-tmb\/TFU0BKCQP-FMBMMCV1B-481de5f5e3\/screenshot_2019-08-14_10.41.58_480.png?t=xoxe-538011658839-806418316866-819211362325-940ad02e2540576b1109bef8942a657d",
                "thumb_480_w": 480,
                "thumb_480_h": 199,
                "thumb_160": "https:\/\/files.slack.com\/files-tmb\/TFU0BKCQP-FMBMMCV1B-481de5f5e3\/screenshot_2019-08-14_10.41.58_160.png?t=xoxe-538011658839-806418316866-819211362325-940ad02e2540576b1109bef8942a657d",
                "thumb_720": "https:\/\/files.slack.com\/files-tmb\/TFU0BKCQP-FMBMMCV1B-481de5f5e3\/screenshot_2019-08-14_10.41.58_720.png?t=xoxe-538011658839-806418316866-819211362325-940ad02e2540576b1109bef8942a657d",
                "thumb_720_w": 720,
                "thumb_720_h": 299,
                "thumb_800": "https:\/\/files.slack.com\/files-tmb\/TFU0BKCQP-FMBMMCV1B-481de5f5e3\/screenshot_2019-08-14_10.41.58_800.png?t=xoxe-538011658839-806418316866-819211362325-940ad02e2540576b1109bef8942a657d",
                "thumb_800_w": 800,
                "thumb_800_h": 332,
                "thumb_960": "https:\/\/files.slack.com\/files-tmb\/TFU0BKCQP-FMBMMCV1B-481de5f5e3\/screenshot_2019-08-14_10.41.58_960.png?t=xoxe-538011658839-806418316866-819211362325-940ad02e2540576b1109bef8942a657d",
                "thumb_960_w": 960,
                "thumb_960_h": 399,
                "thumb_1024": "https:\/\/files.slack.com\/files-tmb\/TFU0BKCQP-FMBMMCV1B-481de5f5e3\/screenshot_2019-08-14_10.41.58_1024.png?t=xoxe-538011658839-806418316866-819211362325-940ad02e2540576b1109bef8942a657d",
                "thumb_1024_w": 1024,
                "thumb_1024_h": 425,
                "image_exif_rotation": 1,
                "original_w": 1994,
                "original_h": 828,
                "permalink": "https:\/\/terraform-jp.slack.com\/files\/UG46Z57TN\/FMBMMCV1B\/screenshot_2019-08-14_10.41.58.png",
                "permalink_public": "https:\/\/slack-files.com\/TFU0BKCQP-FMBMMCV1B-4bf530fdd2",
                "is_starred": false,
                "has_rich_preview": false
            }
        ],
        "upload": true,
        "user": "UG46Z57TN",
        "display_as_bot": false,
        "ts": "1565746931.075100",
        "client_msg_id": "1214aaa2-9a3c-4103-85da-ce0ad9212b8a",
        "reactions": [
            {
                "name": "がんばれ",
                "users": [
                    "UFU0BKD8F",
                    "UKAKENQAF",
                    "UGVSWU1CY",
                    "UHS4SFFA7"
                ],
                "count": 4
            }
        ]
    },
    {
        "client_msg_id": "641e64c0-b318-4fa4-b0c0-006b00ce7c00",
        "type": "message",
        "text": "statefileってterraform initのときに作られるんじゃないんだ。\nremote stateのs3のkeyをrenameしただけでよしなにぼいんと作られると思ってた。",
        "user": "UG46Z57TN",
        "ts": "1565748198.076400",
        "team": "TFU0BKCQP",
        "user_team": "TFU0BKCQP",
        "source_team": "TFU0BKCQP",
        "user_profile": {
            "avatar_hash": "c6bdd4cb17db",
            "image_72": "https:\/\/avatars.slack-edge.com\/2019-07-05\/685991185957_c6bdd4cb17db956661a1_72.jpg",
            "first_name": "Takeshi",
            "real_name": "Takeshi Kondo",
            "display_name": "chaspy",
            "team": "TFU0BKCQP",
            "name": "take.she12",
            "is_restricted": false,
            "is_ultra_restricted": false
        },
        "thread_ts": "1565748198.076400",
        "reply_count": 3,
        "reply_users_count": 1,
        "latest_reply": "1565748795.076900",
        "reply_users": [
            "UG46Z57TN"
        ],
        "replies": [
            {
                "user": "UG46Z57TN",
                "ts": "1565748387.076500"
            },
            {
                "user": "UG46Z57TN",
                "ts": "1565748786.076700"
            },
            {
                "user": "UG46Z57TN",
                "ts": "1565748795.076900"
            }
        ],
        "subscribed": false
    },
    {
        "client_msg_id": "276b4464-4d5b-47b5-9316-b221d8845eff",
        "type": "message",
        "text": "いや、作られた",
        "user": "UG46Z57TN",
        "ts": "1565748387.076500",
        "team": "TFU0BKCQP",
        "user_team": "TFU0BKCQP",
        "source_team": "TFU0BKCQP",
        "user_profile": {
            "avatar_hash": "c6bdd4cb17db",
            "image_72": "https:\/\/avatars.slack-edge.com\/2019-07-05\/685991185957_c6bdd4cb17db956661a1_72.jpg",
            "first_name": "Takeshi",
            "real_name": "Takeshi Kondo",
            "display_name": "chaspy",
            "team": "TFU0BKCQP",
            "name": "take.she12",
            "is_restricted": false,
            "is_ultra_restricted": false
        },
        "thread_ts": "1565748198.076400",
        "parent_user_id": "UG46Z57TN"
    },
    {
        "client_msg_id": "de80614a-40ba-4611-8837-3bc03008924b",
        "type": "message",
        "text": "そうかrefreshだから既存リソースしかrefreshせんわな。。。何億年たってもrefreshとimportの違いに騙される",
        "user": "UG46Z57TN",
        "ts": "1565748786.076700",
        "team": "TFU0BKCQP",
        "user_team": "TFU0BKCQP",
        "source_team": "TFU0BKCQP",
        "user_profile": {
            "avatar_hash": "c6bdd4cb17db",
            "image_72": "https:\/\/avatars.slack-edge.com\/2019-07-05\/685991185957_c6bdd4cb17db956661a1_72.jpg",
            "first_name": "Takeshi",
            "real_name": "Takeshi Kondo",
            "display_name": "chaspy",
            "team": "TFU0BKCQP",
            "name": "take.she12",
            "is_restricted": false,
            "is_ultra_restricted": false
        },
        "thread_ts": "1565748198.076400",
        "parent_user_id": "UG46Z57TN"
    },
    {
        "client_msg_id": "2e7468a8-c738-444f-a758-87ccca8d9c48",
        "type": "message",
        "text": "素直にコピろう",
        "user": "UG46Z57TN",
        "ts": "1565748795.076900",
        "team": "TFU0BKCQP",
        "user_team": "TFU0BKCQP",
        "source_team": "TFU0BKCQP",
        "user_profile": {
            "avatar_hash": "c6bdd4cb17db",
            "image_72": "https:\/\/avatars.slack-edge.com\/2019-07-05\/685991185957_c6bdd4cb17db956661a1_72.jpg",
            "first_name": "Takeshi",
            "real_name": "Takeshi Kondo",
            "display_name": "chaspy",
            "team": "TFU0BKCQP",
            "name": "take.she12",
            "is_restricted": false,
            "is_ultra_restricted": false
        },
        "thread_ts": "1565748198.076400",
        "parent_user_id": "UG46Z57TN"
    },
    {
        "client_msg_id": "e96a3e4c-4cbb-4deb-aa58-6931b8af6249",
        "type": "message",
        "text": "結局共通moduleでなおさないといけないところがあるからsteteごとにあげられない気がしてきた。。。",
        "user": "UG46Z57TN",
        "ts": "1565753739.077600",
        "team": "TFU0BKCQP",
        "user_team": "TFU0BKCQP",
        "source_team": "TFU0BKCQP",
        "user_profile": {
            "avatar_hash": "c6bdd4cb17db",
            "image_72": "https:\/\/avatars.slack-edge.com\/2019-07-05\/685991185957_c6bdd4cb17db956661a1_72.jpg",
            "first_name": "Takeshi",
            "real_name": "Takeshi Kondo",
            "display_name": "chaspy",
            "team": "TFU0BKCQP",
            "name": "take.she12",
            "is_restricted": false,
            "is_ultra_restricted": false
        },
        "thread_ts": "1565753739.077600",
        "reply_count": 3,
        "reply_users_count": 2,
        "latest_reply": "1565761292.079100",
        "reply_users": [
            "UGVSWU1CY",
            "UG46Z57TN"
        ],
        "replies": [
            {
                "user": "UGVSWU1CY",
                "ts": "1565760528.077700"
            },
            {
                "user": "UG46Z57TN",
                "ts": "1565761216.078900"
            },
            {
                "user": "UGVSWU1CY",
                "ts": "1565761292.079100"
            }
        ],
        "subscribed": false
    },
    {
        "client_msg_id": "604f2d34-7b19-4366-85b8-093c3100a609",
        "type": "message",
        "text": "共通モジュールもv2とかのディレクトリを掘って既存のとは分けてアップデートしていくとか",
        "user": "UGVSWU1CY",
        "ts": "1565760528.077700",
        "team": "TFU0BKCQP",
        "user_team": "TFU0BKCQP",
        "source_team": "TFU0BKCQP",
        "user_profile": {
            "avatar_hash": "g39e3edf2690",
            "image_72": "https:\/\/secure.gravatar.com\/avatar\/e39e3edf269030f881eb1d9f90f7c411.jpg?s=72&d=https%3A%2F%2Fa.slack-edge.com%2Fdf10d%2Fimg%2Favatars%2Fava_0016-72.png",
            "first_name": "",
            "real_name": "Shinichi ISHIMURA",
            "display_name": "kamatama41",
            "team": "TFU0BKCQP",
            "name": "shiketaudonko41",
            "is_restricted": false,
            "is_ultra_restricted": false
        },
        "edited": {
            "user": "UGVSWU1CY",
            "ts": "1565760537.000000"
        },
        "thread_ts": "1565753739.077600",
        "parent_user_id": "UG46Z57TN"
    },
    {
        "client_msg_id": "A97B69E8-4394-4564-9E59-CDDEDA55438F",
        "type": "message",
        "text": "そうするしかないですねぇ…終わったあとremameするならmvまとめてする必要がありそう",
        "user": "UG46Z57TN",
        "ts": "1565761216.078900",
        "team": "TFU0BKCQP",
        "user_team": "TFU0BKCQP",
        "source_team": "TFU0BKCQP",
        "user_profile": {
            "avatar_hash": "c6bdd4cb17db",
            "image_72": "https:\/\/avatars.slack-edge.com\/2019-07-05\/685991185957_c6bdd4cb17db956661a1_72.jpg",
            "first_name": "Takeshi",
            "real_name": "Takeshi Kondo",
            "display_name": "chaspy",
            "team": "TFU0BKCQP",
            "name": "take.she12",
            "is_restricted": false,
            "is_ultra_restricted": false
        },
        "thread_ts": "1565753739.077600",
        "parent_user_id": "UG46Z57TN"
    },
    {
        "client_msg_id": "3a131c17-35e4-4965-8b02-6c9b539487ff",
        "type": "message",
        "text": "moduleに付けた名前とmodule先のawsリソースに付けた名前が変わってなかったらmoduleのsourceのパス変えるだけでmvは必要ないんじゃないですかね？",
        "user": "UGVSWU1CY",
        "ts": "1565761292.079100",
        "team": "TFU0BKCQP",
        "user_team": "TFU0BKCQP",
        "source_team": "TFU0BKCQP",
        "user_profile": {
            "avatar_hash": "g39e3edf2690",
            "image_72": "https:\/\/secure.gravatar.com\/avatar\/e39e3edf269030f881eb1d9f90f7c411.jpg?s=72&d=https%3A%2F%2Fa.slack-edge.com%2Fdf10d%2Fimg%2Favatars%2Fava_0016-72.png",
            "first_name": "",
            "real_name": "Shinichi ISHIMURA",
            "display_name": "kamatama41",
            "team": "TFU0BKCQP",
            "name": "shiketaudonko41",
            "is_restricted": false,
            "is_ultra_restricted": false
        },
        "edited": {
            "user": "UGVSWU1CY",
            "ts": "1565761547.000000"
        },
        "thread_ts": "1565753739.077600",
        "parent_user_id": "UG46Z57TN"
    }
]