[
    {
        "client_msg_id": "2d03d742-7886-4b37-ac58-0a7a7695e167",
        "type": "message",
        "text": "今夜中には確認する気がある\n<https:\/\/twitter.com\/sogaoh\/status\/1571859366986522626>",
        "user": "UFT60TQCQ",
        "ts": "1663595529.882919",
        "blocks": [
            {
                "type": "rich_text",
                "block_id": "hj1e",
                "elements": [
                    {
                        "type": "rich_text_section",
                        "elements": [
                            {
                                "type": "text",
                                "text": "今夜中には確認する気がある\n"
                            },
                            {
                                "type": "link",
                                "url": "https:\/\/twitter.com\/sogaoh\/status\/1571859366986522626"
                            }
                        ]
                    }
                ]
            }
        ],
        "team": "TFU0BKCQP",
        "user_team": "TFU0BKCQP",
        "source_team": "TFU0BKCQP",
        "user_profile": {
            "avatar_hash": "f10ceef4e6f6",
            "image_72": "https:\/\/avatars.slack-edge.com\/2019-01-31\/539093872183_f10ceef4e6f603f1f094_72.jpg",
            "first_name": "sogaoh",
            "real_name": "sogaoh",
            "display_name": "",
            "team": "TFU0BKCQP",
            "name": "sogaoh",
            "is_restricted": false,
            "is_ultra_restricted": false
        },
        "attachments": [
            {
                "from_url": "https:\/\/twitter.com\/sogaoh\/status\/1571859366986522626",
                "ts": 1663595451,
                "id": 1,
                "original_url": "https:\/\/twitter.com\/sogaoh\/status\/1571859366986522626",
                "fallback": "<https:\/\/twitter.com\/sogaoh|@sogaoh>: 知る人ぞ知るって話のように思うが、RDS の透過的暗号化 kms_key を指定するときに\nkms_key_id  = aws_kms_key.rds_storage.arn\nって書くのが正解なのは酷い罠、だと思う。 #terraform 過去の教訓より",
                "text": "知る人ぞ知るって話のように思うが、RDS の透過的暗号化 kms_key を指定するときに\nkms_key_id  = aws_kms_key.rds_storage.arn\nって書くのが正解なのは酷い罠、だと思う。 #terraform 過去の教訓より",
                "author_name": "央",
                "author_link": "https:\/\/twitter.com\/sogaoh\/status\/1571859366986522626",
                "author_icon": "https:\/\/pbs.twimg.com\/profile_images\/1377655606845140998\/9_-bGj5P_normal.jpg",
                "author_subname": "@sogaoh",
                "service_name": "twitter",
                "service_url": "https:\/\/twitter.com\/",
                "footer": "Twitter",
                "footer_icon": "https:\/\/a.slack-edge.com\/80588\/img\/services\/twitter_pixel_snapped_32.png"
            }
        ]
    }
]