[
    {
        "client_msg_id": "f5c2cf12-ae94-436a-b109-03e2c1662fab",
        "type": "message",
        "text": "<https:\/\/twitter.com\/sogaoh\/status\/1567546711236820993>",
        "user": "UFT60TQCQ",
        "ts": "1662567283.844699",
        "blocks": [
            {
                "type": "rich_text",
                "block_id": "qHx\/",
                "elements": [
                    {
                        "type": "rich_text_section",
                        "elements": [
                            {
                                "type": "link",
                                "url": "https:\/\/twitter.com\/sogaoh\/status\/1567546711236820993"
                            }
                        ]
                    }
                ]
            }
        ],
        "team": "TFU0BKCQP",
        "user_team": "TFU0BKCQP",
        "source_team": "TFU0BKCQP",
        "user_profile": {
            "avatar_hash": "f10ceef4e6f6",
            "image_72": "https:\/\/avatars.slack-edge.com\/2019-01-31\/539093872183_f10ceef4e6f603f1f094_72.jpg",
            "first_name": "sogaoh",
            "real_name": "sogaoh",
            "display_name": "",
            "team": "TFU0BKCQP",
            "name": "sogaoh",
            "is_restricted": false,
            "is_ultra_restricted": false
        },
        "attachments": [
            {
                "from_url": "https:\/\/twitter.com\/sogaoh\/status\/1567546711236820993",
                "ts": 1662567234,
                "id": 1,
                "original_url": "https:\/\/twitter.com\/sogaoh\/status\/1567546711236820993",
                "fallback": "<https:\/\/twitter.com\/sogaoh|@sogaoh>: #cdktf ↑のあたりのコツを掴んだような気がする。\n要素の１階層目はキャメルケース、\nそれより下はスネークケース、かな。\nただし、terraform module を利用、の場合。",
                "text": "#cdktf ↑のあたりのコツを掴んだような気がする。\n要素の１階層目はキャメルケース、\nそれより下はスネークケース、かな。\nただし、terraform module を利用、の場合。",
                "author_name": "央",
                "author_link": "https:\/\/twitter.com\/sogaoh\/status\/1567546711236820993",
                "author_icon": "https:\/\/pbs.twimg.com\/profile_images\/1377655606845140998\/9_-bGj5P_normal.jpg",
                "author_subname": "@sogaoh",
                "service_name": "twitter",
                "service_url": "https:\/\/twitter.com\/",
                "footer": "Twitter",
                "footer_icon": "https:\/\/a.slack-edge.com\/80588\/img\/services\/twitter_pixel_snapped_32.png"
            }
        ]
    }
]