[
    {
        "type": "message",
        "subtype": "bot_message",
        "text": "<https:\/\/www.reddit.com\/r\/Terraform\/comments\/lswcz1\/s3_b_ackend_and_roles\/|s3 b ackend and roles>\nHello, Let's say I have this simple .tf file: provider \"aws\" { region = \"eu-west-1\" assume_role { role_arn = \"arn:aws:iam::11111111111111111:role\/SuperAdmin\" } access_key = \"AKIAXXXXXXXXXX\" secret_key = \"XXXXXXXXXXXXXXXXXXXXXXXXXX\" } resource \"aws_s3_bucket\" \"test\" { bucket = \"test-bucket\" acl = \"private\" } terraform { backend \"s3\" { bucket = \"tf-state-test\" region = \"eu-west-1\" key = \"test\/sandbox\/terraform.tfstate\" encrypt = true role_arn = \"arn:aws:iam::11111111111111111:role\/SuperAdmin\" }...",
        "ts": "1614341806.009700",
        "username": "Terraform",
        "icons": {
            "image_48": "https:\/\/s3-us-west-2.amazonaws.com\/slack-files2\/bot_icons\/2019-02-12\/548785199618_48.png"
        },
        "bot_id": "BG3N7LG73",
        "attachments": [
            {
                "service_name": "reddit",
                "title": "s3 b ackend and roles",
                "title_link": "https:\/\/www.reddit.com\/r\/Terraform\/comments\/lswcz1\/s3_b_ackend_and_roles\/",
                "text": "Hello, Let's say I have this simple .tf file: provider \"aws\" { region = \"eu-west-1\" assume_role { role_arn =...",
                "fallback": "reddit: s3 b ackend and roles",
                "thumb_url": "https:\/\/www.redditstatic.com\/new-icon.png",
                "from_url": "https:\/\/www.reddit.com\/r\/Terraform\/comments\/lswcz1\/s3_b_ackend_and_roles\/",
                "thumb_width": 256,
                "thumb_height": 256,
                "service_icon": "http:\/\/www.redditstatic.com\/desktop2x\/img\/favicon\/apple-icon-57x57.png",
                "id": 1,
                "original_url": "https:\/\/www.reddit.com\/r\/Terraform\/comments\/lswcz1\/s3_b_ackend_and_roles\/"
            }
        ],
        "edited": {
            "user": "BG3N7LG73",
            "ts": "1614341806.000000"
        }
    },
    {
        "type": "message",
        "subtype": "bot_message",
        "text": "<https:\/\/www.reddit.com\/r\/Terraform\/comments\/lszldj\/terraform_provider_dependency_lock_file\/|Terraform - Provider Dependency Lock File>\nHello, I wanted to ask a question regarding the provider dependency lock file, as per Terraform 0.13. documentation to specify a provider requirement the version and source for the provider gets declared within required_providers block within the terraform block. terraform { required_providers { mycloud = { source = \"mycorp\/mycloud\" version = \"~&gt; 1.0\" } } }  In Terraform v0.14 the dependency lock file was introduced (.terraform.lock.hcl), in regards to this change my question is if the...",
        "ts": "1614352608.009900",
        "username": "Terraform",
        "icons": {
            "image_48": "https:\/\/s3-us-west-2.amazonaws.com\/slack-files2\/bot_icons\/2019-02-12\/548785199618_48.png"
        },
        "bot_id": "BG3N7LG73",
        "attachments": [
            {
                "service_name": "reddit",
                "title": "Terraform - Provider Dependency Lock File",
                "title_link": "https:\/\/www.reddit.com\/r\/Terraform\/comments\/lszldj\/terraform_provider_dependency_lock_file\/",
                "text": "Hello, I wanted to ask a question regarding the provider dependency lock file, as per Terraform 0.13. documentation to specify a provider...",
                "fallback": "reddit: Terraform - Provider Dependency Lock File",
                "thumb_url": "https:\/\/www.redditstatic.com\/new-icon.png",
                "from_url": "https:\/\/www.reddit.com\/r\/Terraform\/comments\/lszldj\/terraform_provider_dependency_lock_file\/",
                "thumb_width": 256,
                "thumb_height": 256,
                "service_icon": "http:\/\/www.redditstatic.com\/desktop2x\/img\/favicon\/apple-icon-57x57.png",
                "id": 1,
                "original_url": "https:\/\/www.reddit.com\/r\/Terraform\/comments\/lszldj\/terraform_provider_dependency_lock_file\/"
            }
        ],
        "edited": {
            "user": "BG3N7LG73",
            "ts": "1614352608.000000"
        }
    },
    {
        "type": "message",
        "subtype": "bot_message",
        "text": "<https:\/\/www.reddit.com\/r\/Terraform\/comments\/lszwbx\/terraform_module_for_standing_up_a_serverless\/|Terraform module for standing up a Serverless PyPI service on AWS>\n<https:\/\/github.com\/amancevice\/terraform-aws-serverless-pypi|https:\/\/github.com\/amancevice\/terraform-aws-serverless-pypi> This Terraform module helps you create a serverless PyPI for installing your custom pips. I recently updated the module to work with the newer v2 HTTP API Gateway. The application uses API Gatway + Lambda to manage access your Python packages stored in an S3 bucket. The HTML responses for packages are dynamically generated using presigned URLs with a...",
        "ts": "1614353809.010100",
        "username": "Terraform",
        "icons": {
            "image_48": "https:\/\/s3-us-west-2.amazonaws.com\/slack-files2\/bot_icons\/2019-02-12\/548785199618_48.png"
        },
        "bot_id": "BG3N7LG73",
        "attachments": [
            {
                "service_name": "reddit",
                "title": "Terraform module for standing up a Serverless PyPI service on AWS",
                "title_link": "https:\/\/www.reddit.com\/r\/Terraform\/comments\/lszwbx\/terraform_module_for_standing_up_a_serverless\/",
                "text": "<https:\/\/github.com\/amancevice\/terraform-aws-serverless-pypi> This Terraform module helps you create a serverless PyPI for installing your custom...",
                "fallback": "reddit: Terraform module for standing up a Serverless PyPI service on AWS",
                "thumb_url": "https:\/\/www.redditstatic.com\/new-icon.png",
                "from_url": "https:\/\/www.reddit.com\/r\/Terraform\/comments\/lszwbx\/terraform_module_for_standing_up_a_serverless\/",
                "thumb_width": 256,
                "thumb_height": 256,
                "service_icon": "http:\/\/www.redditstatic.com\/desktop2x\/img\/favicon\/apple-icon-57x57.png",
                "id": 1,
                "original_url": "https:\/\/www.reddit.com\/r\/Terraform\/comments\/lszwbx\/terraform_module_for_standing_up_a_serverless\/"
            },
            {
                "service_name": "GitHub",
                "title": "amancevice\/terraform-aws-serverless-pypi",
                "title_link": "https:\/\/github.com\/amancevice\/terraform-aws-serverless-pypi",
                "text": "Serverless PyPI backed by S3. Contribute to amancevice\/terraform-aws-serverless-pypi development by creating an account on GitHub.",
                "fallback": "GitHub: amancevice\/terraform-aws-serverless-pypi",
                "thumb_url": "https:\/\/avatars.githubusercontent.com\/u\/157711?s=400&v=4",
                "from_url": "https:\/\/github.com\/amancevice\/terraform-aws-serverless-pypi",
                "thumb_width": 400,
                "thumb_height": 400,
                "service_icon": "https:\/\/a.slack-edge.com\/80588\/img\/unfurl_icons\/github.png",
                "id": 2,
                "original_url": "https:\/\/github.com\/amancevice\/terraform-aws-serverless-pypi"
            }
        ],
        "edited": {
            "user": "BG3N7LG73",
            "ts": "1614353809.000000"
        }
    },
    {
        "type": "message",
        "subtype": "bot_message",
        "text": "<https:\/\/www.reddit.com\/r\/Terraform\/comments\/ltc75n\/trigger_aws_efs_redeploy\/|Trigger AWS EFS redeploy>\nHey there! Trying to build out a blue\/green strategy for an EFS and trying to figure out how to trigger a redeploy. I thought that changing the value associated with a name tag would suffice, but that appears to be incorrect, as the name will change but the actual file system ID stays the same. Any ideas on how I can go about this?    submitted by   <https:\/\/www.reddit.com\/user\/xitrox68W| \/u\/xitrox68W > \n&lt;a...",
        "ts": "1614388005.010300",
        "username": "Terraform",
        "icons": {
            "image_48": "https:\/\/s3-us-west-2.amazonaws.com\/slack-files2\/bot_icons\/2019-02-12\/548785199618_48.png"
        },
        "bot_id": "BG3N7LG73",
        "attachments": [
            {
                "service_name": "reddit",
                "title": "Trigger AWS EFS redeploy",
                "title_link": "https:\/\/www.reddit.com\/r\/Terraform\/comments\/ltc75n\/trigger_aws_efs_redeploy\/",
                "text": "Hey there! Trying to build out a blue\/green strategy for an EFS and trying to figure out how to trigger a redeploy. I thought that changing the...",
                "fallback": "reddit: Trigger AWS EFS redeploy",
                "thumb_url": "https:\/\/www.redditstatic.com\/new-icon.png",
                "from_url": "https:\/\/www.reddit.com\/r\/Terraform\/comments\/ltc75n\/trigger_aws_efs_redeploy\/",
                "thumb_width": 256,
                "thumb_height": 256,
                "service_icon": "http:\/\/www.redditstatic.com\/desktop2x\/img\/favicon\/apple-icon-57x57.png",
                "id": 1,
                "original_url": "https:\/\/www.reddit.com\/r\/Terraform\/comments\/ltc75n\/trigger_aws_efs_redeploy\/"
            },
            {
                "title": "reddit.com: over 18?",
                "title_link": "https:\/\/www.reddit.com\/user\/xitrox68W",
                "text": "Reddit gives you the best of the internet in one place. Get a constantly updating feed of breaking news, fun stories, pics, memes, and videos just for you. Passionate about something niche? Reddit has thousands of vibrant communities with people that share your interests. Alternatively, find out what’s trending across all of Reddit on r\/popular. Reddit is also anonymous so you can be yourself, with your Reddit profile and persona disconnected from your real-world identity.",
                "fallback": "reddit.com: over 18?",
                "from_url": "https:\/\/www.reddit.com\/user\/xitrox68W",
                "service_icon": "http:\/\/www.redditstatic.com\/desktop2x\/img\/favicon\/apple-icon-57x57.png",
                "service_name": "reddit.com",
                "id": 2,
                "original_url": "https:\/\/www.reddit.com\/user\/xitrox68W"
            }
        ],
        "edited": {
            "user": "BG3N7LG73",
            "ts": "1614388006.000000"
        }
    },
    {
        "type": "message",
        "subtype": "bot_message",
        "text": "<https:\/\/qiita.com\/reireias\/items\/71671cc516424421f7f3|全Terraformユーザーにおすすめしたいtfsec>\n全Terraformユーザーにおすすめしたいツール、それが <https:\/\/tfsec.dev\/|tfsec> ！！\n<https:\/\/www.thoughtworks.com\/radar\/tools?blipid=202005105|Technology Radar>でも取り上げられてるので、最近知名度は上がってきたのでご存知の方は多いのではないでしょうか？\n\n&lt;a...",
        "ts": "1614391006.010500",
        "username": "Terraformタグが付けられた新着記事 - Qiita",
        "icons": {
            "image_36": "https:\/\/a.slack-edge.com\/80588\/img\/services\/rss_36.png",
            "image_48": "https:\/\/a.slack-edge.com\/80588\/img\/services\/rss_48.png",
            "image_72": "https:\/\/a.slack-edge.com\/80588\/img\/services\/rss_72.png"
        },
        "bot_id": "BG3N7LG73",
        "attachments": [
            {
                "service_name": "Qiita",
                "title": "全Terraformユーザーにおすすめしたいtfsec - Qiita",
                "title_link": "https:\/\/qiita.com\/reireias\/items\/71671cc516424421f7f3",
                "text": "全Terraformユーザーにおすすめしたいツール、それが tfsec ！！ tfsecとは？ Terraformコードの静的解析ツールです。 <https:\/\/tfsec.dev\/> セキュリティ的にベストプラクティスに反して...",
                "fallback": "Qiita: 全Terraformユーザーにおすすめしたいtfsec - Qiita",
                "image_url": "https:\/\/qiita-user-contents.imgix.net\/https%3A%2F%2Fcdn.qiita.com%2Fassets%2Fpublic%2Farticle-ogp-background-1150d8b18a7c15795b701a55ae908f94.png?ixlib=rb-1.2.2&w=1200&mark=https%3A%2F%2Fqiita-user-contents.imgix.net%2F~text%3Fixlib%3Drb-1.2.2%26w%3D840%26h%3D380%26txt%3D%25E5%2585%25A8Terraform%25E3%2583%25A6%25E3%2583%25BC%25E3%2582%25B6%25E3%2583%25BC%25E3%2581%25AB%25E3%2581%258A%25E3%2581%2599%25E3%2581%2599%25E3%2582%2581%25E3%2581%2597%25E3%2581%259F%25E3%2581%2584tfsec%26txt-color%3D%2523333%26txt-font%3DHiragino%2520Sans%2520W6%26txt-size%3D54%26txt-clip%3Dellipsis%26txt-align%3Dcenter%252Cmiddle%26s%3D06a1e83dd2febd7416d8a2d914987a50&mark-align=center%2Cmiddle&blend=https%3A%2F%2Fqiita-user-contents.imgix.net%2F~text%3Fixlib%3Drb-1.2.2%26w%3D840%26h%3D500%26txt%3D%2540reireias%26txt-color%3D%2523333%26txt-font%3DHiragino%2520Sans%2520W6%26txt-size%3D45%26txt-align%3Dright%252Cbottom%26s%3D974f3e1651fe5d72c339d9577fdcc7f2&blend-align=center%2Cmiddle&blend-mode=normal&s=81f137497bb7a7fd8f0433d608046102",
                "from_url": "https:\/\/qiita.com\/reireias\/items\/71671cc516424421f7f3",
                "image_width": 476,
                "image_height": 250,
                "image_bytes": 44050,
                "service_icon": "https:\/\/cdn.qiita.com\/assets\/favicons\/public\/apple-touch-icon-ec5ba42a24ae923f16825592efdc356f.png",
                "id": 1,
                "original_url": "https:\/\/qiita.com\/reireias\/items\/71671cc516424421f7f3"
            },
            {
                "title": "tfsec",
                "title_link": "https:\/\/tfsec.dev\/",
                "text": "Static analysis security scanner for Terraform",
                "fallback": "tfsec",
                "from_url": "https:\/\/tfsec.dev\/",
                "service_icon": "https:\/\/tfsec.dev\/favicon.ico",
                "service_name": "tfsec.dev",
                "id": 2,
                "original_url": "https:\/\/tfsec.dev\/"
            },
            {
                "title": "tfsec | Technology Radar | ThoughtWorks",
                "title_link": "https:\/\/www.thoughtworks.com\/radar\/tools?blipid=202005105",
                "text": "This Technology Radar quadrant explores the tools software developers use to create, debug, maintain, and support applications",
                "fallback": "tfsec | Technology Radar | ThoughtWorks",
                "image_url": "https:\/\/static.thoughtworks.com\/images\/radar\/2020-10\/en\/og-meta-tools.png?id=2020-10",
                "from_url": "https:\/\/www.thoughtworks.com\/radar\/tools?blipid=202005105",
                "image_width": 476,
                "image_height": 250,
                "image_bytes": 267266,
                "service_icon": "https:\/\/www.thoughtworks.com\/favicon.ico",
                "service_name": "thoughtworks.com",
                "id": 3,
                "original_url": "https:\/\/www.thoughtworks.com\/radar\/tools?blipid=202005105"
            }
        ],
        "edited": {
            "user": "BG3N7LG73",
            "ts": "1614391006.000000"
        }
    }
]