[
    {
        "type": "message",
        "subtype": "bot_message",
        "text": "<https:\/\/www.reddit.com\/r\/Terraform\/comments\/leieg1\/the_true_and_false_result_expressions_must_have\/|The true and false result expressions must have consistent types>\nHi, I have a CloudFormation template to which I lost 2 days trying to solve a problem, but I am CF noob. I want to put this on Terraform side where one value can be either a string or a list - depending on true or false value. For example:  false ? \"test\" : tolist([\"test2\"])  But I got an error:  The true and false result expressions must have consistent types. The given expressions are string and list of string, respectively.  Is there any workaround for this? Many thanks!    submitted by...",
        "ts": "1612685816.025400",
        "username": "Terraform",
        "icons": {
            "image_48": "https:\/\/s3-us-west-2.amazonaws.com\/slack-files2\/bot_icons\/2019-02-12\/548785199618_48.png"
        },
        "bot_id": "BG3N7LG73",
        "attachments": [
            {
                "service_name": "reddit",
                "title": "The true and false result expressions must have consistent types",
                "title_link": "https:\/\/www.reddit.com\/r\/Terraform\/comments\/leieg1\/the_true_and_false_result_expressions_must_have\/",
                "text": "Hi, I have a CloudFormation template to which I lost 2 days trying to solve a problem, but I am CF noob. I want to put this on Terraform side...",
                "fallback": "reddit: The true and false result expressions must have consistent types",
                "thumb_url": "https:\/\/www.redditstatic.com\/new-icon.png",
                "from_url": "https:\/\/www.reddit.com\/r\/Terraform\/comments\/leieg1\/the_true_and_false_result_expressions_must_have\/",
                "thumb_width": 256,
                "thumb_height": 256,
                "service_icon": "http:\/\/www.redditstatic.com\/desktop2x\/img\/favicon\/apple-icon-57x57.png",
                "id": 1,
                "original_url": "https:\/\/www.reddit.com\/r\/Terraform\/comments\/leieg1\/the_true_and_false_result_expressions_must_have\/"
            }
        ],
        "edited": {
            "user": "BG3N7LG73",
            "ts": "1612685816.000000"
        }
    },
    {
        "type": "message",
        "subtype": "bot_message",
        "text": "<https:\/\/www.reddit.com\/r\/Terraform\/comments\/ler0eu\/does_your_teamorg_create_its_own_modules_for\/|Does your team\/org create its own modules for production?>\nInterested hearing feedback on this question from users here who are actively using terraform in production.  This question came to mind after a conversation with engineers from a different org who were aghast when I told them we build or own terraform modules and use them in production. Citing specific examples for items like aws vpcs or eks. We use a lot of Azure too, but these were the two examples that came up.  In their opinion we should only be using modules from the terraform registry...",
        "ts": "1612720006.025600",
        "username": "Terraform",
        "icons": {
            "image_48": "https:\/\/s3-us-west-2.amazonaws.com\/slack-files2\/bot_icons\/2019-02-12\/548785199618_48.png"
        },
        "bot_id": "BG3N7LG73",
        "attachments": [
            {
                "service_name": "reddit",
                "title": "Does your team\/org create its own modules for production?",
                "title_link": "https:\/\/www.reddit.com\/r\/Terraform\/comments\/ler0eu\/does_your_teamorg_create_its_own_modules_for\/",
                "text": "Interested hearing feedback on this question from users here who are actively using terraform in production. This question came to mind after...",
                "fallback": "reddit: Does your team\/org create its own modules for production?",
                "thumb_url": "https:\/\/www.redditstatic.com\/new-icon.png",
                "from_url": "https:\/\/www.reddit.com\/r\/Terraform\/comments\/ler0eu\/does_your_teamorg_create_its_own_modules_for\/",
                "thumb_width": 256,
                "thumb_height": 256,
                "service_icon": "http:\/\/www.redditstatic.com\/desktop2x\/img\/favicon\/apple-icon-57x57.png",
                "id": 1,
                "original_url": "https:\/\/www.reddit.com\/r\/Terraform\/comments\/ler0eu\/does_your_teamorg_create_its_own_modules_for\/"
            }
        ],
        "edited": {
            "user": "BG3N7LG73",
            "ts": "1612720006.000000"
        }
    },
    {
        "type": "message",
        "subtype": "bot_message",
        "text": "<https:\/\/www.reddit.com\/r\/Terraform\/comments\/lex9ul\/what_is_wrong_with_my_aws_ec2_autoscaling_code\/|What is wrong with my aws ec2 autoscaling code?>\nHello, sorry if the code is too long, but after 18 hours of constant trying I gave up a bit and provide the full code listing to point out mistakes for me. I want to use autoscaling groups behind nat to scale my backends (previously I went with count and aws_instance, this worked with the example listed above, but inflexibly). When I apply this tf code, instances got created but they become \"terminated\" instantly and I do not know what exactly went wrong. Could someone more experienced than...",
        "ts": "1612738012.025800",
        "username": "Terraform",
        "icons": {
            "image_48": "https:\/\/s3-us-west-2.amazonaws.com\/slack-files2\/bot_icons\/2019-02-12\/548785199618_48.png"
        },
        "bot_id": "BG3N7LG73",
        "attachments": [
            {
                "service_name": "reddit",
                "title": "What is wrong with my aws ec2 autoscaling code?",
                "title_link": "https:\/\/www.reddit.com\/r\/Terraform\/comments\/lex9ul\/what_is_wrong_with_my_aws_ec2_autoscaling_code\/",
                "text": "Hello, sorry if the code is too long, but after 18 hours of constant trying I gave up a bit and provide the full code listing to point out...",
                "fallback": "reddit: What is wrong with my aws ec2 autoscaling code?",
                "thumb_url": "https:\/\/www.redditstatic.com\/new-icon.png",
                "from_url": "https:\/\/www.reddit.com\/r\/Terraform\/comments\/lex9ul\/what_is_wrong_with_my_aws_ec2_autoscaling_code\/",
                "thumb_width": 256,
                "thumb_height": 256,
                "service_icon": "http:\/\/www.redditstatic.com\/desktop2x\/img\/favicon\/apple-icon-57x57.png",
                "id": 1,
                "original_url": "https:\/\/www.reddit.com\/r\/Terraform\/comments\/lex9ul\/what_is_wrong_with_my_aws_ec2_autoscaling_code\/"
            }
        ],
        "edited": {
            "user": "BG3N7LG73",
            "ts": "1612738012.000000"
        }
    }
]