[
    {
        "type": "message",
        "subtype": "bot_message",
        "text": "<https:\/\/www.reddit.com\/r\/Terraform\/comments\/liyah9\/breaking_dependency_when_doing_destroy\/|Breaking dependency when doing destroy>\nI have resource A that provides an activation key to use on the userdata for an AWS instance. Currently I just read the key from resource A inside the instance resource. The provider for resource A however requires that it is destroyed before the instance. This is where the dependency issue comes in to play. I've tried adding a null resource with a timeout, changing the key to be read from a template file, and using a data source to read the key from provider A which fails as resource A isn't...",
        "ts": "1613213803.032900",
        "username": "Terraform",
        "icons": {
            "image_48": "https:\/\/s3-us-west-2.amazonaws.com\/slack-files2\/bot_icons\/2019-02-12\/548785199618_48.png"
        },
        "bot_id": "BG3N7LG73",
        "attachments": [
            {
                "service_name": "reddit",
                "title": "Breaking dependency when doing destroy",
                "title_link": "https:\/\/www.reddit.com\/r\/Terraform\/comments\/liyah9\/breaking_dependency_when_doing_destroy\/",
                "text": "I have resource A that provides an activation key to use on the userdata for an AWS instance. Currently I just read the key from resource A inside...",
                "fallback": "reddit: Breaking dependency when doing destroy",
                "thumb_url": "https:\/\/www.redditstatic.com\/new-icon.png",
                "from_url": "https:\/\/www.reddit.com\/r\/Terraform\/comments\/liyah9\/breaking_dependency_when_doing_destroy\/",
                "thumb_width": 256,
                "thumb_height": 256,
                "service_icon": "http:\/\/www.redditstatic.com\/desktop2x\/img\/favicon\/apple-icon-57x57.png",
                "id": 1,
                "original_url": "https:\/\/www.reddit.com\/r\/Terraform\/comments\/liyah9\/breaking_dependency_when_doing_destroy\/"
            }
        ],
        "edited": {
            "user": "BG3N7LG73",
            "ts": "1613213803.000000"
        }
    },
    {
        "type": "message",
        "subtype": "bot_message",
        "text": "<https:\/\/qiita.com\/cossy70461807\/items\/435bb6f22c97ccecf70b|CloudWatchEventsからECS on Fargateのタスクを定期的に実行しつつ環境変数を上書きする方法>\n<https:\/\/qiita.com\/#%E3%83%90%E3%83%BC%E3%82%B8%E3%83%A7%E3%83%B3%E6%83%85%E5%A0%B1>バージョン情報\n\n$ terraform version\nTerraform v0.14.6\n+ provider <http:\/\/registry.terraform.io\/hashicorp\/aws|registry.terraform.io\/hashicorp\/aws> v3.27.0\n\n\n\n<https:\/\/qiita.com\/#%E7%B5%90%E6%9E%9C%E3%81%AF%E3%81%93%E3%81%A1%E3%82%89>結果はこちら\n\nresource \"aws_cloudwatch_event_rule\" \"cwevent_rule\" {\n  name                = ${好きな名前}\n  schedule_expression = \"cron(%d 21 * * ? *), # JST cron(%d 6 * * ? *)\n  # schedule_expression = \"rate(1...",
        "ts": "1613219812.033100",
        "username": "Terraformタグが付けられた新着記事 - Qiita",
        "icons": {
            "image_36": "https:\/\/a.slack-edge.com\/80588\/img\/services\/rss_36.png",
            "image_48": "https:\/\/a.slack-edge.com\/80588\/img\/services\/rss_48.png",
            "image_72": "https:\/\/a.slack-edge.com\/80588\/img\/services\/rss_72.png"
        },
        "bot_id": "BG3N7LG73",
        "attachments": [
            {
                "service_name": "Qiita",
                "title": "CloudWatchEventsからECS on Fargateのタスクを定期的に実行しつつ環境変数を上書きする方法 - Qiita",
                "title_link": "https:\/\/qiita.com\/cossy70461807\/items\/435bb6f22c97ccecf70b",
                "text": "バージョン情報 $ terraform version Terraform v0.14.6 + provider <http:\/\/registry.terraform.io\/hashicorp\/aws|registry.terraform.io\/hashicorp\/aws> v3.27.0 結果はこちら re...",
                "fallback": "Qiita: CloudWatchEventsからECS on Fargateのタスクを定期的に実行しつつ環境変数を上書きする方法 - Qiita",
                "image_url": "https:\/\/qiita-user-contents.imgix.net\/https%3A%2F%2Fcdn.qiita.com%2Fassets%2Fpublic%2Farticle-ogp-background-1150d8b18a7c15795b701a55ae908f94.png?ixlib=rb-1.2.2&w=1200&mark=https%3A%2F%2Fqiita-user-contents.imgix.net%2F~text%3Fixlib%3Drb-1.2.2%26w%3D840%26h%3D380%26txt%3DCloudWatchEvents%25E3%2581%258B%25E3%2582%2589ECS%2520on%2520Fargate%25E3%2581%25AE%25E3%2582%25BF%25E3%2582%25B9%25E3%2582%25AF%25E3%2582%2592%25E5%25AE%259A%25E6%259C%259F%25E7%259A%2584%25E3%2581%25AB%25E5%25AE%259F%25E8%25A1%258C%25E3%2581%2597%25E3%2581%25A4%25E3%2581%25A4%25E7%2592%25B0%25E5%25A2%2583%25E5%25A4%2589%25E6%2595%25B0%25E3%2582%2592%25E4%25B8%258A%25E6%259B%25B8%25E3%2581%258D%25E3%2581%2599%25E3%2582%258B%25E6%2596%25B9%25E6%25B3%2595%26txt-color%3D%2523333%26txt-font%3DHiragino%2520Sans%2520W6%26txt-size%3D54%26txt-clip%3Dellipsis%26txt-align%3Dcenter%252Cmiddle%26s%3D3bf5f0a8ea4c98f753e1a394d0e9f01f&mark-align=center%2Cmiddle&blend=https%3A%2F%2Fqiita-user-contents.imgix.net%2F~text%3Fixlib%3Drb-1.2.2%26w%3D840%26h%3D500%26txt%3D%2540cossy70461807%26txt-color%3D%2523333%26txt-font%3DHiragino%2520Sans%2520W6%26txt-size%3D45%26txt-align%3Dright%252Cbottom%26s%3D285a569ddef1cd313567068df6e101aa&blend-align=center%2Cmiddle&blend-mode=normal&s=83e6ceca1edfada38e7981bd03c8ac08",
                "from_url": "https:\/\/qiita.com\/cossy70461807\/items\/435bb6f22c97ccecf70b",
                "image_width": 476,
                "image_height": 250,
                "image_bytes": 89272,
                "service_icon": "https:\/\/cdn.qiita.com\/assets\/favicons\/public\/apple-touch-icon-ec5ba42a24ae923f16825592efdc356f.png",
                "id": 1,
                "original_url": "https:\/\/qiita.com\/cossy70461807\/items\/435bb6f22c97ccecf70b"
            },
            {
                "service_name": "Qiita",
                "title": "プログラマの技術情報共有サービス - Qiita",
                "title_link": "https:\/\/qiita.com\/#%E3%83%90%E3%83%BC%E3%82%B8%E3%83%A7%E3%83%B3%E6%83%85%E5%A0%B1",
                "text": "Qiitaは、プログラマのための技術情報共有サービスです。 プログラミングに関するTips、ノウハウ、メモを簡単に記録 &amp; 公開することができます。",
                "fallback": "Qiita: プログラマの技術情報共有サービス - Qiita",
                "thumb_url": "https:\/\/cdn.qiita.com\/assets\/qiita-fb-41f9429f13a8c56f50dd0ab477c80d26.png",
                "from_url": "https:\/\/qiita.com\/#%E3%83%90%E3%83%BC%E3%82%B8%E3%83%A7%E3%83%B3%E6%83%85%E5%A0%B1",
                "thumb_width": 1200,
                "thumb_height": 630,
                "service_icon": "https:\/\/cdn.qiita.com\/assets\/favicons\/public\/apple-touch-icon-ec5ba42a24ae923f16825592efdc356f.png",
                "id": 2,
                "original_url": "https:\/\/qiita.com\/#%E3%83%90%E3%83%BC%E3%82%B8%E3%83%A7%E3%83%B3%E6%83%85%E5%A0%B1"
            },
            {
                "service_name": "Qiita",
                "title": "プログラマの技術情報共有サービス - Qiita",
                "title_link": "https:\/\/qiita.com\/#%E7%B5%90%E6%9E%9C%E3%81%AF%E3%81%93%E3%81%A1%E3%82%89",
                "text": "Qiitaは、プログラマのための技術情報共有サービスです。 プログラミングに関するTips、ノウハウ、メモを簡単に記録 &amp; 公開することができます。",
                "fallback": "Qiita: プログラマの技術情報共有サービス - Qiita",
                "thumb_url": "https:\/\/cdn.qiita.com\/assets\/qiita-fb-41f9429f13a8c56f50dd0ab477c80d26.png",
                "from_url": "https:\/\/qiita.com\/#%E7%B5%90%E6%9E%9C%E3%81%AF%E3%81%93%E3%81%A1%E3%82%89",
                "thumb_width": 1200,
                "thumb_height": 630,
                "service_icon": "https:\/\/cdn.qiita.com\/assets\/favicons\/public\/apple-touch-icon-ec5ba42a24ae923f16825592efdc356f.png",
                "id": 3,
                "original_url": "https:\/\/qiita.com\/#%E7%B5%90%E6%9E%9C%E3%81%AF%E3%81%93%E3%81%A1%E3%82%89"
            }
        ],
        "edited": {
            "user": "BG3N7LG73",
            "ts": "1613219812.000000"
        }
    },
    {
        "type": "message",
        "subtype": "bot_message",
        "text": "<https:\/\/www.reddit.com\/r\/Terraform\/comments\/lj2720\/packer_error_on_first_vm_build_sudo_no_tty\/|Packer error on first VM build - sudo: no tty present and no askpass program specified>\nHello, I'm been learning how to use Packer this week on my home lab where I have an ESXi 7 host. I'm simply trying to deploy a Ubuntu 18.04 VM however at the end of the build I get this error in the packer console: sudo: no tty present and no askpass program specified  This is what I have done. <https:\/\/pastebin.com\/iqE3bivH|Build.json> &lt;a...",
        "ts": "1613230008.033300",
        "username": "Terraform",
        "icons": {
            "image_48": "https:\/\/s3-us-west-2.amazonaws.com\/slack-files2\/bot_icons\/2019-02-12\/548785199618_48.png"
        },
        "bot_id": "BG3N7LG73",
        "attachments": [
            {
                "service_name": "reddit",
                "title": "Packer error on first VM build - sudo: no tty present and no askpass program specified",
                "title_link": "https:\/\/www.reddit.com\/r\/Terraform\/comments\/lj2720\/packer_error_on_first_vm_build_sudo_no_tty\/",
                "text": "Hello, I'm been learning how to use Packer this week on my home lab where I have an ESXi 7 host. I'm simply trying to deploy a Ubuntu 18.04 VM...",
                "fallback": "reddit: Packer error on first VM build - sudo: no tty present and no askpass program specified",
                "thumb_url": "https:\/\/www.redditstatic.com\/new-icon.png",
                "from_url": "https:\/\/www.reddit.com\/r\/Terraform\/comments\/lj2720\/packer_error_on_first_vm_build_sudo_no_tty\/",
                "thumb_width": 256,
                "thumb_height": 256,
                "service_icon": "http:\/\/www.redditstatic.com\/desktop2x\/img\/favicon\/apple-icon-57x57.png",
                "id": 1,
                "original_url": "https:\/\/www.reddit.com\/r\/Terraform\/comments\/lj2720\/packer_error_on_first_vm_build_sudo_no_tty\/"
            },
            {
                "service_name": "Pastebin",
                "title": "build.json - Pastebin.com",
                "title_link": "https:\/\/pastebin.com\/iqE3bivH",
                "text": "<http:\/\/Pastebin.com|Pastebin.com> is the number one paste tool since 2002. Pastebin is a website where you can store text online for a set period of time.",
                "fallback": "Pastebin: build.json - Pastebin.com",
                "from_url": "https:\/\/pastebin.com\/iqE3bivH",
                "service_icon": "https:\/\/pastebin.com\/favicon.ico",
                "id": 2,
                "original_url": "https:\/\/pastebin.com\/iqE3bivH"
            }
        ],
        "edited": {
            "user": "BG3N7LG73",
            "ts": "1613230009.000000"
        }
    },
    {
        "type": "message",
        "subtype": "bot_message",
        "text": "<https:\/\/www.reddit.com\/r\/Terraform\/comments\/lj33kp\/reference_project_to_deploy_a_node_express_app_on\/|Reference project to deploy a Node Express app on AWS Fargate with Terraform>\nHello community! I have created a reference project, to deploy a Node Express app onto Amazon ECS on AWS Fargate with Terraform. I hope you find this useful! Node Express app containerisation with Docker CI\/CD pipeline with AWS CodePipeline App deployed onto Amazon ECS on AWS Fargate i.e. serverless computing for containers AWS infrastructure resources managed in Terraform If you find this useful, please give this a Star! Github project URL: &lt;a...",
        "ts": "1613233006.033500",
        "username": "Terraform",
        "icons": {
            "image_48": "https:\/\/s3-us-west-2.amazonaws.com\/slack-files2\/bot_icons\/2019-02-12\/548785199618_48.png"
        },
        "bot_id": "BG3N7LG73",
        "attachments": [
            {
                "service_name": "reddit",
                "title": "Reference project to deploy a Node Express app on AWS Fargate with Terraform",
                "title_link": "https:\/\/www.reddit.com\/r\/Terraform\/comments\/lj33kp\/reference_project_to_deploy_a_node_express_app_on\/",
                "text": "Hello community! I have created a reference project, to deploy a Node Express app onto Amazon ECS on AWS Fargate with Terraform. I hope you find...",
                "fallback": "reddit: Reference project to deploy a Node Express app on AWS Fargate with Terraform",
                "thumb_url": "https:\/\/www.redditstatic.com\/new-icon.png",
                "from_url": "https:\/\/www.reddit.com\/r\/Terraform\/comments\/lj33kp\/reference_project_to_deploy_a_node_express_app_on\/",
                "thumb_width": 256,
                "thumb_height": 256,
                "service_icon": "http:\/\/www.redditstatic.com\/desktop2x\/img\/favicon\/apple-icon-57x57.png",
                "id": 1,
                "original_url": "https:\/\/www.reddit.com\/r\/Terraform\/comments\/lj33kp\/reference_project_to_deploy_a_node_express_app_on\/"
            }
        ],
        "edited": {
            "user": "BG3N7LG73",
            "ts": "1613233006.000000"
        }
    },
    {
        "type": "message",
        "subtype": "bot_message",
        "text": "<https:\/\/www.reddit.com\/r\/Terraform\/comments\/ljak2k\/issue_multithreading_terraform_init_executable\/|Issue multithreading `terraform init` executable via subprocess module in Python>\nI am experiencing an issue when multithreading the terraform init\n command on a set of subdirectories within Python. The output of the terraform init\n subprocess is showing the expected results, ie. the stdout from the terraform init\n executable, but the ThreadPoolExecutable is returning as completed before the executable finishes writing the .terraform file to the subdirectory. For now I have generated a workaround that just continually executes the same command until the file is present,...",
        "ts": "1613254613.033700",
        "username": "Terraform",
        "icons": {
            "image_48": "https:\/\/s3-us-west-2.amazonaws.com\/slack-files2\/bot_icons\/2019-02-12\/548785199618_48.png"
        },
        "bot_id": "BG3N7LG73",
        "attachments": [
            {
                "service_name": "reddit",
                "title": "Issue multithreading `terraform init` executable via subprocess module in Python",
                "title_link": "https:\/\/www.reddit.com\/r\/Terraform\/comments\/ljak2k\/issue_multithreading_terraform_init_executable\/",
                "text": "I am experiencing an issue when multithreading the terraform init command on a set of subdirectories within Python. The output of the terraform...",
                "fallback": "reddit: Issue multithreading `terraform init` executable via subprocess module in Python",
                "thumb_url": "https:\/\/www.redditstatic.com\/new-icon.png",
                "from_url": "https:\/\/www.reddit.com\/r\/Terraform\/comments\/ljak2k\/issue_multithreading_terraform_init_executable\/",
                "thumb_width": 256,
                "thumb_height": 256,
                "service_icon": "http:\/\/www.redditstatic.com\/desktop2x\/img\/favicon\/apple-icon-57x57.png",
                "id": 1,
                "original_url": "https:\/\/www.reddit.com\/r\/Terraform\/comments\/ljak2k\/issue_multithreading_terraform_init_executable\/"
            }
        ],
        "edited": {
            "user": "BG3N7LG73",
            "ts": "1613254613.000000"
        }
    },
    {
        "type": "message",
        "subtype": "bot_message",
        "text": "<https:\/\/qiita.com\/applexco\/items\/1a857a215b218829c732|EC-CUBE4 メール送信に Amazon SES を利用する>\n<https:\/\/qiita.com\/#amazon-ses-%E3%81%AE%E8%A8%AD%E5%AE%9A>Amazon SES の設定\n\n\n<https:\/\/qiita.com\/#terraform-%E3%82%92%E4%BD%BF%E3%81%86>Terraform を使う\n\nTerraform v0.14.6\n\nresource \"aws_ses_domain_identity\" \"my-ses\" {\n  domain = aws_route53_record.my-www.name\n}\n\nresource \"aws_route53_record\" \"my-route53-record-ses-validation\" {\n  zone_id = aws_route53_zone.my-route53-zone.id\n  name    = \"_amazonses.${aws_route53_zone.my-route53-zone.name}\"\n  type    = \"TXT\"\n  ttl     =...",
        "ts": "1613276216.033900",
        "username": "Terraformタグが付けられた新着記事 - Qiita",
        "icons": {
            "image_36": "https:\/\/a.slack-edge.com\/80588\/img\/services\/rss_36.png",
            "image_48": "https:\/\/a.slack-edge.com\/80588\/img\/services\/rss_48.png",
            "image_72": "https:\/\/a.slack-edge.com\/80588\/img\/services\/rss_72.png"
        },
        "bot_id": "BG3N7LG73",
        "attachments": [
            {
                "service_name": "Qiita",
                "title": "EC-CUBE4 メール送信に Amazon SES を利用する - Qiita",
                "title_link": "https:\/\/qiita.com\/applexco\/items\/1a857a215b218829c732",
                "text": "Amazon SES の設定 Terraform を使う Terraform v0.14.6 resource \"aws_ses_domain_identity\" \"my-ses\" { domain = aws_rou...",
                "fallback": "Qiita: EC-CUBE4 メール送信に Amazon SES を利用する - Qiita",
                "image_url": "https:\/\/qiita-user-contents.imgix.net\/https%3A%2F%2Fcdn.qiita.com%2Fassets%2Fpublic%2Farticle-ogp-background-1150d8b18a7c15795b701a55ae908f94.png?ixlib=rb-1.2.2&w=1200&mark=https%3A%2F%2Fqiita-user-contents.imgix.net%2F~text%3Fixlib%3Drb-1.2.2%26w%3D840%26h%3D380%26txt%3DEC-CUBE4%2520%25E3%2583%25A1%25E3%2583%25BC%25E3%2583%25AB%25E9%2580%2581%25E4%25BF%25A1%25E3%2581%25AB%2520Amazon%2520SES%2520%25E3%2582%2592%25E5%2588%25A9%25E7%2594%25A8%25E3%2581%2599%25E3%2582%258B%26txt-color%3D%2523333%26txt-font%3DHiragino%2520Sans%2520W6%26txt-size%3D54%26txt-clip%3Dellipsis%26txt-align%3Dcenter%252Cmiddle%26s%3D5c6db5f7c70c0ac5a673323b92705a9c&mark-align=center%2Cmiddle&blend=https%3A%2F%2Fqiita-user-contents.imgix.net%2F~text%3Fixlib%3Drb-1.2.2%26w%3D840%26h%3D500%26txt%3D%2540applexco%26txt-color%3D%2523333%26txt-font%3DHiragino%2520Sans%2520W6%26txt-size%3D45%26txt-align%3Dright%252Cbottom%26s%3Dbf2814a149fca8ef6d128477b158f775&blend-align=center%2Cmiddle&blend-mode=normal&s=f5e5d309703eacd78936aadbee382325",
                "from_url": "https:\/\/qiita.com\/applexco\/items\/1a857a215b218829c732",
                "image_width": 476,
                "image_height": 250,
                "image_bytes": 49619,
                "service_icon": "https:\/\/cdn.qiita.com\/assets\/favicons\/public\/apple-touch-icon-ec5ba42a24ae923f16825592efdc356f.png",
                "id": 1,
                "original_url": "https:\/\/qiita.com\/applexco\/items\/1a857a215b218829c732"
            },
            {
                "service_name": "Qiita",
                "title": "プログラマの技術情報共有サービス - Qiita",
                "title_link": "https:\/\/qiita.com\/#amazon-ses-%E3%81%AE%E8%A8%AD%E5%AE%9A",
                "text": "Qiitaは、プログラマのための技術情報共有サービスです。 プログラミングに関するTips、ノウハウ、メモを簡単に記録 &amp; 公開することができます。",
                "fallback": "Qiita: プログラマの技術情報共有サービス - Qiita",
                "thumb_url": "https:\/\/cdn.qiita.com\/assets\/qiita-fb-41f9429f13a8c56f50dd0ab477c80d26.png",
                "from_url": "https:\/\/qiita.com\/#amazon-ses-%E3%81%AE%E8%A8%AD%E5%AE%9A",
                "thumb_width": 1200,
                "thumb_height": 630,
                "service_icon": "https:\/\/cdn.qiita.com\/assets\/favicons\/public\/apple-touch-icon-ec5ba42a24ae923f16825592efdc356f.png",
                "id": 2,
                "original_url": "https:\/\/qiita.com\/#amazon-ses-%E3%81%AE%E8%A8%AD%E5%AE%9A"
            },
            {
                "service_name": "Qiita",
                "title": "プログラマの技術情報共有サービス - Qiita",
                "title_link": "https:\/\/qiita.com\/#terraform-%E3%82%92%E4%BD%BF%E3%81%86",
                "text": "Qiitaは、プログラマのための技術情報共有サービスです。 プログラミングに関するTips、ノウハウ、メモを簡単に記録 &amp; 公開することができます。",
                "fallback": "Qiita: プログラマの技術情報共有サービス - Qiita",
                "thumb_url": "https:\/\/cdn.qiita.com\/assets\/qiita-fb-41f9429f13a8c56f50dd0ab477c80d26.png",
                "from_url": "https:\/\/qiita.com\/#terraform-%E3%82%92%E4%BD%BF%E3%81%86",
                "thumb_width": 1200,
                "thumb_height": 630,
                "service_icon": "https:\/\/cdn.qiita.com\/assets\/favicons\/public\/apple-touch-icon-ec5ba42a24ae923f16825592efdc356f.png",
                "id": 3,
                "original_url": "https:\/\/qiita.com\/#terraform-%E3%82%92%E4%BD%BF%E3%81%86"
            }
        ],
        "edited": {
            "user": "BG3N7LG73",
            "ts": "1613276216.000000"
        }
    }
]