[
    {
        "type": "message",
        "subtype": "bot_message",
        "text": "<https:\/\/www.reddit.com\/r\/Terraform\/comments\/lgqk0i\/how_does_your_org_keep_sensitive_values_out_of\/|How does your org keep sensitive values out of your Terraform code?>\nI know there are lots of ways to do this, for anyone not doing this here are some suggestions (Some AWS Specific): Set variables via local environment variables Encrypt values into files and decrypt these in code Put values in SSM and retrieve with code Encrypt values with KMS and pass base64 encoded string via variables to Terraform. What is your preferred way? Anything not on this list perhaps?    submitted by   <https:\/\/www.reddit.com\/user\/shitwhore| \/u\/shitwhore > \n&lt;a...",
        "ts": "1612951615.027400",
        "username": "Terraform",
        "icons": {
            "image_48": "https:\/\/s3-us-west-2.amazonaws.com\/slack-files2\/bot_icons\/2019-02-12\/548785199618_48.png"
        },
        "bot_id": "BG3N7LG73",
        "attachments": [
            {
                "service_name": "reddit",
                "title": "How does your org keep sensitive values out of your Terraform code?",
                "title_link": "https:\/\/www.reddit.com\/r\/Terraform\/comments\/lgqk0i\/how_does_your_org_keep_sensitive_values_out_of\/",
                "text": "I know there are lots of ways to do this, for anyone not doing this here are some suggestions (Some AWS Specific): - Set variables via local...",
                "fallback": "reddit: How does your org keep sensitive values out of your Terraform code?",
                "thumb_url": "https:\/\/www.redditstatic.com\/new-icon.png",
                "from_url": "https:\/\/www.reddit.com\/r\/Terraform\/comments\/lgqk0i\/how_does_your_org_keep_sensitive_values_out_of\/",
                "thumb_width": 256,
                "thumb_height": 256,
                "service_icon": "http:\/\/www.redditstatic.com\/desktop2x\/img\/favicon\/apple-icon-57x57.png",
                "id": 1,
                "original_url": "https:\/\/www.reddit.com\/r\/Terraform\/comments\/lgqk0i\/how_does_your_org_keep_sensitive_values_out_of\/"
            },
            {
                "title": "overview for shitwhore",
                "title_link": "https:\/\/www.reddit.com\/user\/shitwhore",
                "text": "The u\/shitwhore community on Reddit. Reddit gives you the best of the internet in one place.",
                "fallback": "overview for shitwhore",
                "from_url": "https:\/\/www.reddit.com\/user\/shitwhore",
                "service_icon": "http:\/\/www.redditstatic.com\/desktop2x\/img\/favicon\/apple-icon-57x57.png",
                "service_name": "reddit.com",
                "id": 2,
                "original_url": "https:\/\/www.reddit.com\/user\/shitwhore"
            }
        ],
        "edited": {
            "user": "BG3N7LG73",
            "ts": "1612951617.000000"
        }
    },
    {
        "type": "message",
        "subtype": "bot_message",
        "text": "<https:\/\/www.reddit.com\/r\/Terraform\/comments\/lgrpn2\/join_the_whizlabs_valentine_day_giveaway_win\/|Join the Whizlabs Valentine day Giveaway! Win Exciting Prizes upto 5 years Premium Subscription Free ($999). Participate Now>\nsubmitted by   <https:\/\/www.reddit.com\/user\/Pretend-Syllabub-348| \/u\/Pretend-Syllabub-348 > \n<https:\/\/www.whizlabs.com\/valentine-offer?referral=dX9vN15&amp;refSource=reddit|[link]>   <https:\/\/www.reddit.com\/r\/Terraform\/comments\/lgrpn2\/join_the_whizlabs_valentine_day_giveaway_win\/|[comments]>",
        "ts": "1612957016.027600",
        "username": "Terraform",
        "icons": {
            "image_48": "https:\/\/s3-us-west-2.amazonaws.com\/slack-files2\/bot_icons\/2019-02-12\/548785199618_48.png"
        },
        "bot_id": "BG3N7LG73",
        "attachments": [
            {
                "service_name": "reddit",
                "title": "Join the Whizlabs Valentine day Giveaway! Win Exciting Prizes upto 5 years Premium Subscription Free ($999). Participate Now",
                "title_link": "https:\/\/www.reddit.com\/r\/Terraform\/comments\/lgrpn2\/join_the_whizlabs_valentine_day_giveaway_win\/",
                "text": "Posted in r\/Terraform by u\/Pretend-Syllabub-348 • 1 point and 0 comments",
                "fallback": "reddit: Join the Whizlabs Valentine day Giveaway! Win Exciting Prizes upto 5 years Premium Subscription Free ($999). Participate Now",
                "thumb_url": "https:\/\/b.thumbs.redditmedia.com\/a6q0L6dsWQ-65oAOi16wt00BEOY08_cPJ619cypDmpE.jpg",
                "from_url": "https:\/\/www.reddit.com\/r\/Terraform\/comments\/lgrpn2\/join_the_whizlabs_valentine_day_giveaway_win\/",
                "thumb_width": 140,
                "thumb_height": 140,
                "service_icon": "http:\/\/www.redditstatic.com\/desktop2x\/img\/favicon\/apple-icon-57x57.png",
                "id": 1,
                "original_url": "https:\/\/www.reddit.com\/r\/Terraform\/comments\/lgrpn2\/join_the_whizlabs_valentine_day_giveaway_win\/"
            },
            {
                "title": "overview for Pretend-Syllabub-348",
                "title_link": "https:\/\/www.reddit.com\/user\/Pretend-Syllabub-348",
                "text": "The u\/Pretend-Syllabub-348 community on Reddit. Reddit gives you the best of the internet in one place.",
                "fallback": "overview for Pretend-Syllabub-348",
                "from_url": "https:\/\/www.reddit.com\/user\/Pretend-Syllabub-348",
                "service_icon": "http:\/\/www.redditstatic.com\/desktop2x\/img\/favicon\/apple-icon-57x57.png",
                "service_name": "reddit.com",
                "id": 2,
                "original_url": "https:\/\/www.reddit.com\/user\/Pretend-Syllabub-348"
            },
            {
                "service_name": "Whizlabs",
                "title": "Online Certification Training Courses for Professionals",
                "title_link": "https:\/\/www.whizlabs.com\/valentine-offer?referral=dX9vN15&refSource=reddit",
                "text": "Ensure your success in AWS, Azure, Java, PMP, Agile, Big Data, Linux certification exams. Pass or 100% Money Back. Trained 3M+ professionals since 18 years. Start with Free Trial Now!",
                "fallback": "Whizlabs: Online Certification Training Courses for Professionals",
                "thumb_url": "https:\/\/www.whizlabs.com\/media\/2019\/03\/07\/meta_image.jpg?6023c39c52b6c",
                "from_url": "https:\/\/www.whizlabs.com\/valentine-offer?referral=dX9vN15&refSource=reddit",
                "thumb_width": 2084,
                "thumb_height": 2084,
                "service_icon": "https:\/\/www.whizlabs.com\/media\/2019\/03\/07\/favicon.png",
                "id": 3,
                "original_url": "https:\/\/www.whizlabs.com\/valentine-offer?referral=dX9vN15&amp;refSource=reddit"
            }
        ],
        "edited": {
            "user": "BG3N7LG73",
            "ts": "1612957016.000000"
        }
    },
    {
        "type": "message",
        "subtype": "bot_message",
        "text": "<https:\/\/www.reddit.com\/r\/Terraform\/comments\/lgw1pc\/new_and_looking_for_training_suggestions\/|New And Looking For Training Suggestions>\nGreetings! I'm a long time professional and have used shell scripts to manage servers in the past. Over the past 5 or so years, I've migrated some of that functionality to Ansible playbooks. During that same time-frame, I've become more interested in CI\/CD and IaC but was blocked at every attempt to implement at work. I've changed jobs due to the frustration and now I'm in one where my mandate and desire is to implement IaC. The environment is fairly small and all local right now. We're using...",
        "ts": "1612972013.027800",
        "username": "Terraform",
        "icons": {
            "image_48": "https:\/\/s3-us-west-2.amazonaws.com\/slack-files2\/bot_icons\/2019-02-12\/548785199618_48.png"
        },
        "bot_id": "BG3N7LG73",
        "attachments": [
            {
                "service_name": "reddit",
                "title": "New And Looking For Training Suggestions",
                "title_link": "https:\/\/www.reddit.com\/r\/Terraform\/comments\/lgw1pc\/new_and_looking_for_training_suggestions\/",
                "text": "Greetings! I'm a long time professional and have used shell scripts to manage servers in the past. Over the past 5 or so years, I've migrated some...",
                "fallback": "reddit: New And Looking For Training Suggestions",
                "thumb_url": "https:\/\/www.redditstatic.com\/new-icon.png",
                "from_url": "https:\/\/www.reddit.com\/r\/Terraform\/comments\/lgw1pc\/new_and_looking_for_training_suggestions\/",
                "thumb_width": 256,
                "thumb_height": 256,
                "service_icon": "http:\/\/www.redditstatic.com\/desktop2x\/img\/favicon\/apple-icon-57x57.png",
                "id": 1,
                "original_url": "https:\/\/www.reddit.com\/r\/Terraform\/comments\/lgw1pc\/new_and_looking_for_training_suggestions\/"
            }
        ],
        "edited": {
            "user": "BG3N7LG73",
            "ts": "1612972013.000000"
        }
    },
    {
        "type": "message",
        "subtype": "bot_message",
        "text": "<https:\/\/www.reddit.com\/r\/Terraform\/comments\/lgxf9d\/ecs_cluster_task_does_not_start_on_a_new_instance\/|[ECS cluster] Task does not start on a new instance, until the draining instance is not dead>\nHi, I have my infrastructure created with Terraform, but the problem is that when instance is marked as DRAINING, task is not started on a fresh one, until the DRAINING instance is dead. Which causes interruption and downtime for me. Any suggestions on how can I solve this?  Thanks!    submitted by   <https:\/\/www.reddit.com\/user\/RetrogradnaAvangarda| \/u\/RetrogradnaAvangarda > \n&lt;a...",
        "ts": "1612975610.028000",
        "username": "Terraform",
        "icons": {
            "image_48": "https:\/\/s3-us-west-2.amazonaws.com\/slack-files2\/bot_icons\/2019-02-12\/548785199618_48.png"
        },
        "bot_id": "BG3N7LG73",
        "attachments": [
            {
                "service_name": "reddit",
                "title": "[ECS cluster] Task does not start on a new instance, until the draining instance is not dead",
                "title_link": "https:\/\/www.reddit.com\/r\/Terraform\/comments\/lgxf9d\/ecs_cluster_task_does_not_start_on_a_new_instance\/",
                "text": "Hi, I have my infrastructure created with Terraform, but the problem is that when instance is marked as DRAINING, task is not started on a fresh...",
                "fallback": "reddit: [ECS cluster] Task does not start on a new instance, until the draining instance is not dead",
                "thumb_url": "https:\/\/www.redditstatic.com\/new-icon.png",
                "from_url": "https:\/\/www.reddit.com\/r\/Terraform\/comments\/lgxf9d\/ecs_cluster_task_does_not_start_on_a_new_instance\/",
                "thumb_width": 256,
                "thumb_height": 256,
                "service_icon": "http:\/\/www.redditstatic.com\/desktop2x\/img\/favicon\/apple-icon-57x57.png",
                "id": 1,
                "original_url": "https:\/\/www.reddit.com\/r\/Terraform\/comments\/lgxf9d\/ecs_cluster_task_does_not_start_on_a_new_instance\/"
            },
            {
                "title": "overview for RetrogradnaAvangarda",
                "title_link": "https:\/\/www.reddit.com\/user\/RetrogradnaAvangarda",
                "text": "The u\/RetrogradnaAvangarda community on Reddit. Reddit gives you the best of the internet in one place.",
                "fallback": "overview for RetrogradnaAvangarda",
                "from_url": "https:\/\/www.reddit.com\/user\/RetrogradnaAvangarda",
                "service_icon": "http:\/\/www.redditstatic.com\/desktop2x\/img\/favicon\/apple-icon-57x57.png",
                "service_name": "reddit.com",
                "id": 2,
                "original_url": "https:\/\/www.reddit.com\/user\/RetrogradnaAvangarda"
            }
        ],
        "edited": {
            "user": "BG3N7LG73",
            "ts": "1612975610.000000"
        }
    },
    {
        "type": "message",
        "subtype": "bot_message",
        "text": "<https:\/\/www.reddit.com\/r\/Terraform\/comments\/lgy0ab\/passing_terraform_data_to_static_files\/|Passing Terraform data to static files>\nI'm using Terraform to create an Apache Guacamole instance in AWS. It will be the front end for instances for use in a lab. I'm using remote-exec to copy a user-mapping.xml file in my terraform folder to the Guacamole host to create the accounts and connections. Right now I use a static IP address but this won't scale well, is there a way to populate the user-mapping.xml file with the private IP address that is created when the \"target\" instance is created by Terraform? I'm open to other...",
        "ts": "1612976813.028200",
        "username": "Terraform",
        "icons": {
            "image_48": "https:\/\/s3-us-west-2.amazonaws.com\/slack-files2\/bot_icons\/2019-02-12\/548785199618_48.png"
        },
        "bot_id": "BG3N7LG73",
        "attachments": [
            {
                "service_name": "reddit",
                "title": "Passing Terraform data to static files",
                "title_link": "https:\/\/www.reddit.com\/r\/Terraform\/comments\/lgy0ab\/passing_terraform_data_to_static_files\/",
                "text": "I'm using Terraform to create an Apache Guacamole instance in AWS. It will be the front end for instances for use in a lab. I'm using remote-exec...",
                "fallback": "reddit: Passing Terraform data to static files",
                "thumb_url": "https:\/\/www.redditstatic.com\/new-icon.png",
                "from_url": "https:\/\/www.reddit.com\/r\/Terraform\/comments\/lgy0ab\/passing_terraform_data_to_static_files\/",
                "thumb_width": 256,
                "thumb_height": 256,
                "service_icon": "http:\/\/www.redditstatic.com\/desktop2x\/img\/favicon\/apple-icon-57x57.png",
                "id": 1,
                "original_url": "https:\/\/www.reddit.com\/r\/Terraform\/comments\/lgy0ab\/passing_terraform_data_to_static_files\/"
            }
        ],
        "edited": {
            "user": "BG3N7LG73",
            "ts": "1612976813.000000"
        }
    },
    {
        "type": "message",
        "subtype": "bot_message",
        "text": "<https:\/\/www.reddit.com\/r\/Terraform\/comments\/lgyezh\/pluralith_macos_release_terraform_state\/|Pluralith macOS Release - Terraform State Visualization>\nHi there again <https:\/\/www.reddit.com\/r\/Terraform|r\/Terraform>! Apologies for posting so soon again, but the Pluralith Alpha is now available for macOS and since quite a few of you showed interest I thought I'd let you know with another quick post! For those who missed the last post: Pluralith is an application that lets you visualise Terraform state and changes made to it. At this early stage user feedback from people in the industry is extremely important. Visit the website &lt;a...",
        "ts": "1612978015.028400",
        "username": "Terraform",
        "icons": {
            "image_48": "https:\/\/s3-us-west-2.amazonaws.com\/slack-files2\/bot_icons\/2019-02-12\/548785199618_48.png"
        },
        "bot_id": "BG3N7LG73",
        "attachments": [
            {
                "service_name": "reddit",
                "title": "Pluralith macOS Release - Terraform State Visualization",
                "title_link": "https:\/\/www.reddit.com\/r\/Terraform\/comments\/lgyezh\/pluralith_macos_release_terraform_state\/",
                "text": "Hi there again r\/Terraform! Apologies for posting so soon again, but the Pluralith Alpha is now available for macOS and since quite a few of you...",
                "fallback": "reddit: Pluralith macOS Release - Terraform State Visualization",
                "thumb_url": "https:\/\/www.redditstatic.com\/new-icon.png",
                "from_url": "https:\/\/www.reddit.com\/r\/Terraform\/comments\/lgyezh\/pluralith_macos_release_terraform_state\/",
                "thumb_width": 256,
                "thumb_height": 256,
                "service_icon": "http:\/\/www.redditstatic.com\/desktop2x\/img\/favicon\/apple-icon-57x57.png",
                "id": 1,
                "original_url": "https:\/\/www.reddit.com\/r\/Terraform\/comments\/lgyezh\/pluralith_macos_release_terraform_state\/"
            },
            {
                "service_name": "reddit",
                "title": "Terraform • r\/Terraform",
                "title_link": "https:\/\/www.reddit.com\/r\/Terraform",
                "text": "Terraform discussion, resources, and other HashiCorp news.",
                "fallback": "reddit: Terraform • r\/Terraform",
                "thumb_url": "https:\/\/styles.redditmedia.com\/t5_2u8e4\/styles\/bannerBackgroundImage_kpmq376duzj51.jpeg",
                "from_url": "https:\/\/www.reddit.com\/r\/Terraform",
                "thumb_width": 4000,
                "thumb_height": 1072,
                "service_icon": "http:\/\/www.redditstatic.com\/desktop2x\/img\/favicon\/apple-icon-57x57.png",
                "id": 2,
                "original_url": "https:\/\/www.reddit.com\/r\/Terraform"
            }
        ],
        "edited": {
            "user": "BG3N7LG73",
            "ts": "1612978015.000000"
        }
    },
    {
        "type": "message",
        "subtype": "bot_message",
        "text": "<https:\/\/www.reddit.com\/r\/Terraform\/comments\/lh1cqz\/updating_terraform_version_from_011_to_012_is_pain\/|Updating terraform version from 0.11 to 0.12 is pain>\nI am trying to update terraform version. Which make me update all the provider's version as well. Fixing one thing breaks another. Could someone please provide me any working example of\n module EKS, provider helm and kubernets?  Previously, I was creating a .kube_config.yaml file and passing it into both the providers but now I am not even to create that file.    submitted by   <https:\/\/www.reddit.com\/user\/vrathore2016| \/u\/vrathore2016 > \n&lt;a...",
        "ts": "1612985820.028600",
        "username": "Terraform",
        "icons": {
            "image_48": "https:\/\/s3-us-west-2.amazonaws.com\/slack-files2\/bot_icons\/2019-02-12\/548785199618_48.png"
        },
        "bot_id": "BG3N7LG73",
        "attachments": [
            {
                "service_name": "reddit",
                "title": "Updating terraform version from 0.11 to 0.12 is pain",
                "title_link": "https:\/\/www.reddit.com\/r\/Terraform\/comments\/lh1cqz\/updating_terraform_version_from_011_to_012_is_pain\/",
                "text": "I am trying to update terraform version. Which make me update all the provider's version as well. Fixing one thing breaks another. Could someone...",
                "fallback": "reddit: Updating terraform version from 0.11 to 0.12 is pain",
                "thumb_url": "https:\/\/www.redditstatic.com\/new-icon.png",
                "from_url": "https:\/\/www.reddit.com\/r\/Terraform\/comments\/lh1cqz\/updating_terraform_version_from_011_to_012_is_pain\/",
                "thumb_width": 256,
                "thumb_height": 256,
                "service_icon": "http:\/\/www.redditstatic.com\/desktop2x\/img\/favicon\/apple-icon-57x57.png",
                "id": 1,
                "original_url": "https:\/\/www.reddit.com\/r\/Terraform\/comments\/lh1cqz\/updating_terraform_version_from_011_to_012_is_pain\/"
            },
            {
                "title": "overview for vrathore2016",
                "title_link": "https:\/\/www.reddit.com\/user\/vrathore2016",
                "text": "The u\/vrathore2016 community on Reddit. Reddit gives you the best of the internet in one place.",
                "fallback": "overview for vrathore2016",
                "from_url": "https:\/\/www.reddit.com\/user\/vrathore2016",
                "service_icon": "http:\/\/www.redditstatic.com\/desktop2x\/img\/favicon\/apple-icon-57x57.png",
                "service_name": "reddit.com",
                "id": 2,
                "original_url": "https:\/\/www.reddit.com\/user\/vrathore2016"
            }
        ],
        "edited": {
            "user": "BG3N7LG73",
            "ts": "1612985820.000000"
        }
    },
    {
        "type": "message",
        "subtype": "bot_message",
        "text": "<https:\/\/www.reddit.com\/r\/Terraform\/comments\/lh6191\/multicloud_ipv6_with_terraform_aws_azure\/|Multicloud IPv6 with Terraform — AWS &amp; Azure>\nTwo posts written by Frans van Rooyen who recently worked on a POC where he had to test IPv6 functionality AWS and Azure using Terraform. Very early on in this journey he realized that documentation to accomplish this task is sparse from both cloud providers as well as HashiCorp. Also there are a number of nuances between the clouds that are not well known except having to grind through, test and learn from your mistakes. Therefore he has published his work to provide some documentation and...",
        "ts": "1612997823.028800",
        "username": "Terraform",
        "icons": {
            "image_48": "https:\/\/s3-us-west-2.amazonaws.com\/slack-files2\/bot_icons\/2019-02-12\/548785199618_48.png"
        },
        "bot_id": "BG3N7LG73",
        "attachments": [
            {
                "service_name": "reddit",
                "title": "Multicloud IPv6 with Terraform — AWS &amp; Azure",
                "title_link": "https:\/\/www.reddit.com\/r\/Terraform\/comments\/lh6191\/multicloud_ipv6_with_terraform_aws_azure\/",
                "text": "Two posts written by Frans van Rooyen who recently worked on a POC where he had to test IPv6 functionality AWS and Azure using Terraform. Very...",
                "fallback": "reddit: Multicloud IPv6 with Terraform — AWS &amp; Azure",
                "thumb_url": "https:\/\/www.redditstatic.com\/new-icon.png",
                "from_url": "https:\/\/www.reddit.com\/r\/Terraform\/comments\/lh6191\/multicloud_ipv6_with_terraform_aws_azure\/",
                "thumb_width": 256,
                "thumb_height": 256,
                "service_icon": "http:\/\/www.redditstatic.com\/desktop2x\/img\/favicon\/apple-icon-57x57.png",
                "id": 1,
                "original_url": "https:\/\/www.reddit.com\/r\/Terraform\/comments\/lh6191\/multicloud_ipv6_with_terraform_aws_azure\/"
            }
        ],
        "edited": {
            "user": "BG3N7LG73",
            "ts": "1612997827.000000"
        }
    },
    {
        "type": "message",
        "subtype": "bot_message",
        "text": "<https:\/\/www.reddit.com\/r\/Terraform\/comments\/lh69c5\/anyone_mono_repo_users_what_structure_do_you_use\/|Anyone mono repo users? What structure do you use?>\nHello all, As the title says, I'd like to see what a monorepo structure would look like so I'd like to ask your opinion. Even more so if you're also using a monorepo (whether in a professional setting or not doesn't matter).  I'd also like to know what state backend you use, and what how you structure that too. Your opinions and examples are much appreciated.    submitted by   <https:\/\/www.reddit.com\/user\/resurem| \/u\/resurem > \n&lt;a...",
        "ts": "1612997824.028900",
        "username": "Terraform",
        "icons": {
            "image_48": "https:\/\/s3-us-west-2.amazonaws.com\/slack-files2\/bot_icons\/2019-02-12\/548785199618_48.png"
        },
        "bot_id": "BG3N7LG73",
        "attachments": [
            {
                "service_name": "reddit",
                "title": "Anyone mono repo users? What structure do you use?",
                "title_link": "https:\/\/www.reddit.com\/r\/Terraform\/comments\/lh69c5\/anyone_mono_repo_users_what_structure_do_you_use\/",
                "text": "Hello all, As the title says, I'd like to see what a monorepo structure would look like so I'd like to ask your opinion. Even more so if you're...",
                "fallback": "reddit: Anyone mono repo users? What structure do you use?",
                "thumb_url": "https:\/\/www.redditstatic.com\/new-icon.png",
                "from_url": "https:\/\/www.reddit.com\/r\/Terraform\/comments\/lh69c5\/anyone_mono_repo_users_what_structure_do_you_use\/",
                "thumb_width": 256,
                "thumb_height": 256,
                "service_icon": "http:\/\/www.redditstatic.com\/desktop2x\/img\/favicon\/apple-icon-57x57.png",
                "id": 1,
                "original_url": "https:\/\/www.reddit.com\/r\/Terraform\/comments\/lh69c5\/anyone_mono_repo_users_what_structure_do_you_use\/"
            },
            {
                "title": "overview for resurem",
                "title_link": "https:\/\/www.reddit.com\/user\/resurem",
                "text": "The u\/resurem community on Reddit. Reddit gives you the best of the internet in one place.",
                "fallback": "overview for resurem",
                "from_url": "https:\/\/www.reddit.com\/user\/resurem",
                "service_icon": "http:\/\/www.redditstatic.com\/desktop2x\/img\/favicon\/apple-icon-57x57.png",
                "service_name": "reddit.com",
                "id": 2,
                "original_url": "https:\/\/www.reddit.com\/user\/resurem"
            }
        ],
        "edited": {
            "user": "BG3N7LG73",
            "ts": "1612997824.000000"
        }
    },
    {
        "type": "message",
        "subtype": "bot_message",
        "text": "<https:\/\/www.reddit.com\/r\/Terraform\/comments\/lhc7x4\/art_of_terraformed_mars_in_the_style_of_google\/|art of terraformed mars in the style of google earth>\nsubmitted by   <https:\/\/www.reddit.com\/user\/wadUPdu| \/u\/wadUPdu > \n<https:\/\/www.reddit.com\/gallery\/lhc7x4|[link]>   <https:\/\/www.reddit.com\/r\/Terraform\/comments\/lhc7x4\/art_of_terraformed_mars_in_the_style_of_google\/|[comments]>",
        "ts": "1613015812.029200",
        "username": "Terraform",
        "icons": {
            "image_48": "https:\/\/s3-us-west-2.amazonaws.com\/slack-files2\/bot_icons\/2019-02-12\/548785199618_48.png"
        },
        "bot_id": "BG3N7LG73",
        "attachments": [
            {
                "service_name": "reddit",
                "title": "art of terraformed mars in the style of google earth",
                "title_link": "https:\/\/www.reddit.com\/r\/Terraform\/comments\/lhc7x4\/art_of_terraformed_mars_in_the_style_of_google\/",
                "text": "Posted in r\/Terraform by u\/wadUPdu • 1 point and 0 comments",
                "fallback": "reddit: art of terraformed mars in the style of google earth",
                "thumb_url": "https:\/\/b.thumbs.redditmedia.com\/BB1Qdpb7XHW4fQ0zRxE16sOnawFaOaBf4tOcmWAkf2I.jpg",
                "from_url": "https:\/\/www.reddit.com\/r\/Terraform\/comments\/lhc7x4\/art_of_terraformed_mars_in_the_style_of_google\/",
                "thumb_width": 140,
                "thumb_height": 140,
                "service_icon": "http:\/\/www.redditstatic.com\/desktop2x\/img\/favicon\/apple-icon-57x57.png",
                "id": 1,
                "original_url": "https:\/\/www.reddit.com\/r\/Terraform\/comments\/lhc7x4\/art_of_terraformed_mars_in_the_style_of_google\/"
            },
            {
                "title": "overview for wadUPdu",
                "title_link": "https:\/\/www.reddit.com\/user\/wadUPdu",
                "text": "The u\/wadUPdu community on Reddit. Reddit gives you the best of the internet in one place.",
                "fallback": "overview for wadUPdu",
                "from_url": "https:\/\/www.reddit.com\/user\/wadUPdu",
                "service_icon": "http:\/\/www.redditstatic.com\/desktop2x\/img\/favicon\/apple-icon-57x57.png",
                "service_name": "reddit.com",
                "id": 2,
                "original_url": "https:\/\/www.reddit.com\/user\/wadUPdu"
            }
        ],
        "edited": {
            "user": "BG3N7LG73",
            "ts": "1613015812.000000"
        }
    },
    {
        "type": "message",
        "subtype": "bot_message",
        "text": "<https:\/\/www.reddit.com\/r\/Terraform\/comments\/lhdqt5\/does_anyone_else_use_open_source_puppet_with\/|Does anyone else use open source Puppet with Terraform?>\nWe’ve only recently started using Terraform as our AWS deployment structure.  We’ve set up a new multi-account structure using Terraform for everything infrastructure-setup based, up to tagging of machines.  A machine is spun up and either Cloud-init installs Puppet or Windows Powershell does depending on the machine. From there we use python scripts to pull information from the Terraform state files into Puppet facts to be used for everything application based. A machine can be spun up,...",
        "ts": "1613021814.029400",
        "username": "Terraform",
        "icons": {
            "image_48": "https:\/\/s3-us-west-2.amazonaws.com\/slack-files2\/bot_icons\/2019-02-12\/548785199618_48.png"
        },
        "bot_id": "BG3N7LG73",
        "attachments": [
            {
                "service_name": "reddit",
                "title": "Does anyone else use open source Puppet with Terraform?",
                "title_link": "https:\/\/www.reddit.com\/r\/Terraform\/comments\/lhdqt5\/does_anyone_else_use_open_source_puppet_with\/",
                "text": "We’ve only recently started using Terraform as our AWS deployment structure. We’ve set up a new multi-account structure using Terraform for...",
                "fallback": "reddit: Does anyone else use open source Puppet with Terraform?",
                "thumb_url": "https:\/\/www.redditstatic.com\/new-icon.png",
                "from_url": "https:\/\/www.reddit.com\/r\/Terraform\/comments\/lhdqt5\/does_anyone_else_use_open_source_puppet_with\/",
                "thumb_width": 256,
                "thumb_height": 256,
                "service_icon": "http:\/\/www.redditstatic.com\/desktop2x\/img\/favicon\/apple-icon-57x57.png",
                "id": 1,
                "original_url": "https:\/\/www.reddit.com\/r\/Terraform\/comments\/lhdqt5\/does_anyone_else_use_open_source_puppet_with\/"
            }
        ],
        "edited": {
            "user": "BG3N7LG73",
            "ts": "1613021814.000000"
        }
    }
]