[
    {
        "type": "message",
        "subtype": "bot_message",
        "text": "<https:\/\/www.reddit.com\/r\/Terraform\/comments\/ls6p2a\/any_good_ide_suggestions_for_gcp\/|Any good IDE suggestions for GCP?>\nHi everyone! Hope you're having a great day. Recently I've been assigned to Google Cloud project which utilizes Terraform as IaC tool. I am now struggling because my old setup (PyCharm + Terraform plugin) isn't working how it's supposed to, basically I have no autocomplete features. The same IDE has been working brilliantly for AWS resources. Can anyone suggest some other tool\/plugin I can use for this purpose?    submitted by   &lt;a href=\"https:\/\/www.reddit.com\/user\/not_the_shower\"&gt;...",
        "ts": "1614260804.008300",
        "username": "Terraform",
        "icons": {
            "image_48": "https:\/\/s3-us-west-2.amazonaws.com\/slack-files2\/bot_icons\/2019-02-12\/548785199618_48.png"
        },
        "bot_id": "BG3N7LG73",
        "attachments": [
            {
                "service_name": "reddit",
                "title": "Any good IDE suggestions for GCP?",
                "title_link": "https:\/\/www.reddit.com\/r\/Terraform\/comments\/ls6p2a\/any_good_ide_suggestions_for_gcp\/",
                "text": "Hi everyone! Hope you're having a great day. Recently I've been assigned to Google Cloud project which utilizes Terraform as IaC tool. I am now...",
                "fallback": "reddit: Any good IDE suggestions for GCP?",
                "thumb_url": "https:\/\/www.redditstatic.com\/new-icon.png",
                "from_url": "https:\/\/www.reddit.com\/r\/Terraform\/comments\/ls6p2a\/any_good_ide_suggestions_for_gcp\/",
                "thumb_width": 256,
                "thumb_height": 256,
                "service_icon": "http:\/\/www.redditstatic.com\/desktop2x\/img\/favicon\/apple-icon-57x57.png",
                "id": 1,
                "original_url": "https:\/\/www.reddit.com\/r\/Terraform\/comments\/ls6p2a\/any_good_ide_suggestions_for_gcp\/"
            }
        ],
        "edited": {
            "user": "BG3N7LG73",
            "ts": "1614260804.000000"
        }
    },
    {
        "type": "message",
        "subtype": "bot_message",
        "text": "<https:\/\/www.reddit.com\/r\/Terraform\/comments\/lsagb0\/terragrunt_as_file_generator_instead_of_symlinks\/|Terragrunt as file generator instead of symlinks>\nWe're investigating using Terragrunt to autocreate (s3) backend files for TF code instead of having to resort to symlinks or manually copying them over and changing the s3 state keys (the horror).. The 'generate\" functionality also allows us to create other .tf files in the relevant folders\/modules, eg with standard data sources and standard locals. Now i kinda like the options TG offers, but i'm a bit reluctant to start relying on 3rd party wrappers on top of TF. Is anyone else doing this...",
        "ts": "1614271006.008500",
        "username": "Terraform",
        "icons": {
            "image_48": "https:\/\/s3-us-west-2.amazonaws.com\/slack-files2\/bot_icons\/2019-02-12\/548785199618_48.png"
        },
        "bot_id": "BG3N7LG73",
        "attachments": [
            {
                "service_name": "reddit",
                "title": "Terragrunt as file generator instead of symlinks",
                "title_link": "https:\/\/www.reddit.com\/r\/Terraform\/comments\/lsagb0\/terragrunt_as_file_generator_instead_of_symlinks\/",
                "text": "We're investigating using Terragrunt to autocreate (s3) backend files for TF code instead of having to resort to symlinks or manually copying them...",
                "fallback": "reddit: Terragrunt as file generator instead of symlinks",
                "thumb_url": "https:\/\/www.redditstatic.com\/new-icon.png",
                "from_url": "https:\/\/www.reddit.com\/r\/Terraform\/comments\/lsagb0\/terragrunt_as_file_generator_instead_of_symlinks\/",
                "thumb_width": 256,
                "thumb_height": 256,
                "service_icon": "http:\/\/www.redditstatic.com\/desktop2x\/img\/favicon\/apple-icon-57x57.png",
                "id": 1,
                "original_url": "https:\/\/www.reddit.com\/r\/Terraform\/comments\/lsagb0\/terragrunt_as_file_generator_instead_of_symlinks\/"
            }
        ],
        "edited": {
            "user": "BG3N7LG73",
            "ts": "1614271006.000000"
        }
    },
    {
        "type": "message",
        "subtype": "bot_message",
        "text": "<https:\/\/www.reddit.com\/r\/Terraform\/comments\/lsal8t\/terrastrap_bootstrapping_s3_backend\/|Terrastrap - Bootstrapping S3 Backend>\nHey Folks, I wrote a quick script at the weekend to bootstrap a S3 and dynamodb backend for terraform. It allows for multiple accounts, multiple regions for isolation of dev, stage &amp; prod environments. Feedback most welcome - <https:\/\/github.com\/dozyio\/terrastrap|https:\/\/github.com\/dozyio\/terrastrap>    submitted by   <https:\/\/www.reddit.com\/user\/apue| \/u\/apue > \n&lt;a...",
        "ts": "1614271607.008700",
        "username": "Terraform",
        "icons": {
            "image_48": "https:\/\/s3-us-west-2.amazonaws.com\/slack-files2\/bot_icons\/2019-02-12\/548785199618_48.png"
        },
        "bot_id": "BG3N7LG73",
        "attachments": [
            {
                "service_name": "reddit",
                "title": "Terrastrap - Bootstrapping S3 Backend",
                "title_link": "https:\/\/www.reddit.com\/r\/Terraform\/comments\/lsal8t\/terrastrap_bootstrapping_s3_backend\/",
                "text": "Hey Folks, I wrote a quick script at the weekend to bootstrap a S3 and dynamodb backend for terraform. It allows for multiple accounts, multiple...",
                "fallback": "reddit: Terrastrap - Bootstrapping S3 Backend",
                "thumb_url": "https:\/\/www.redditstatic.com\/new-icon.png",
                "from_url": "https:\/\/www.reddit.com\/r\/Terraform\/comments\/lsal8t\/terrastrap_bootstrapping_s3_backend\/",
                "thumb_width": 256,
                "thumb_height": 256,
                "service_icon": "http:\/\/www.redditstatic.com\/desktop2x\/img\/favicon\/apple-icon-57x57.png",
                "id": 1,
                "original_url": "https:\/\/www.reddit.com\/r\/Terraform\/comments\/lsal8t\/terrastrap_bootstrapping_s3_backend\/"
            },
            {
                "service_name": "GitHub",
                "title": "dozyio\/terrastrap",
                "title_link": "https:\/\/github.com\/dozyio\/terrastrap",
                "text": "Bootstrap a S3 and DynamoDB backend for Terraform. Contribute to dozyio\/terrastrap development by creating an account on GitHub.",
                "fallback": "GitHub: dozyio\/terrastrap",
                "thumb_url": "https:\/\/avatars.githubusercontent.com\/u\/37986489?s=400&v=4",
                "from_url": "https:\/\/github.com\/dozyio\/terrastrap",
                "thumb_width": 277,
                "thumb_height": 277,
                "service_icon": "https:\/\/a.slack-edge.com\/80588\/img\/unfurl_icons\/github.png",
                "id": 2,
                "original_url": "https:\/\/github.com\/dozyio\/terrastrap"
            },
            {
                "title": "overview for apue",
                "title_link": "https:\/\/www.reddit.com\/user\/apue",
                "text": "The u\/apue community on Reddit. Reddit gives you the best of the internet in one place.",
                "fallback": "overview for apue",
                "from_url": "https:\/\/www.reddit.com\/user\/apue",
                "service_icon": "http:\/\/www.redditstatic.com\/desktop2x\/img\/favicon\/apple-icon-57x57.png",
                "service_name": "reddit.com",
                "id": 3,
                "original_url": "https:\/\/www.reddit.com\/user\/apue"
            }
        ],
        "edited": {
            "user": "BG3N7LG73",
            "ts": "1614271608.000000"
        }
    },
    {
        "type": "message",
        "subtype": "bot_message",
        "text": "<https:\/\/www.reddit.com\/r\/Terraform\/comments\/lscmok\/terraform_azure_devops\/|Terraform &amp; Azure DevOps>\nHey y'all Been trying out azure DevOps automating TF deployments I have a script to create the resource group, storage account and container and grab the access key I then use PowerShell to replace the key value in the backend file Package it all up and run an init Prior to me replacing the value and just having the key in the file it would work TF complains about an illegal character in the backend file and I'm assuming this happens when I replace the value... Has anyone done this or know a...",
        "ts": "1614277007.008900",
        "username": "Terraform",
        "icons": {
            "image_48": "https:\/\/s3-us-west-2.amazonaws.com\/slack-files2\/bot_icons\/2019-02-12\/548785199618_48.png"
        },
        "bot_id": "BG3N7LG73",
        "attachments": [
            {
                "service_name": "reddit",
                "title": "Terraform &amp; Azure DevOps",
                "title_link": "https:\/\/www.reddit.com\/r\/Terraform\/comments\/lscmok\/terraform_azure_devops\/",
                "text": "Hey y'all Been trying out azure DevOps automating TF deployments I have a script to create the resource group, storage account and container and...",
                "fallback": "reddit: Terraform &amp; Azure DevOps",
                "thumb_url": "https:\/\/www.redditstatic.com\/new-icon.png",
                "from_url": "https:\/\/www.reddit.com\/r\/Terraform\/comments\/lscmok\/terraform_azure_devops\/",
                "thumb_width": 256,
                "thumb_height": 256,
                "service_icon": "http:\/\/www.redditstatic.com\/desktop2x\/img\/favicon\/apple-icon-57x57.png",
                "id": 1,
                "original_url": "https:\/\/www.reddit.com\/r\/Terraform\/comments\/lscmok\/terraform_azure_devops\/"
            }
        ],
        "edited": {
            "user": "BG3N7LG73",
            "ts": "1614277008.000000"
        }
    },
    {
        "type": "message",
        "subtype": "bot_message",
        "text": "<https:\/\/www.reddit.com\/r\/Terraform\/comments\/lscuoa\/application_developer_trying_to_understand\/|Application developer trying to understand Terraform>\nHi Guys, I'm a noob with IaaS. I have tried googling this, but I don't know what should I ask Google!  So I'm a application developer - MERN stack. Recently started with Google cloud, mostly using managed services - but also a few compute engine instances that I've manually created from the UI (for my Apache and Express servers). I have a web app up and running - and I didn't really understand why would I need IaaS. For dynamic workloads, wouldn't it be ideal to have some sort of elastic...",
        "ts": "1614277607.009100",
        "username": "Terraform",
        "icons": {
            "image_48": "https:\/\/s3-us-west-2.amazonaws.com\/slack-files2\/bot_icons\/2019-02-12\/548785199618_48.png"
        },
        "bot_id": "BG3N7LG73",
        "attachments": [
            {
                "service_name": "reddit",
                "title": "Application developer trying to understand Terraform",
                "title_link": "https:\/\/www.reddit.com\/r\/Terraform\/comments\/lscuoa\/application_developer_trying_to_understand\/",
                "text": "Hi Guys, I'm a noob with IaaS. I have tried googling this, but I don't know what should I ask Google! So I'm a application developer - MERN...",
                "fallback": "reddit: Application developer trying to understand Terraform",
                "thumb_url": "https:\/\/www.redditstatic.com\/new-icon.png",
                "from_url": "https:\/\/www.reddit.com\/r\/Terraform\/comments\/lscuoa\/application_developer_trying_to_understand\/",
                "thumb_width": 256,
                "thumb_height": 256,
                "service_icon": "http:\/\/www.redditstatic.com\/desktop2x\/img\/favicon\/apple-icon-57x57.png",
                "id": 1,
                "original_url": "https:\/\/www.reddit.com\/r\/Terraform\/comments\/lscuoa\/application_developer_trying_to_understand\/"
            }
        ],
        "edited": {
            "user": "BG3N7LG73",
            "ts": "1614277607.000000"
        }
    },
    {
        "type": "message",
        "subtype": "bot_message",
        "text": "<https:\/\/www.reddit.com\/r\/Terraform\/comments\/lsfelm\/terraforms_with_vmware\/|Terraforms with VMware>\nSo I have gotten pretty good at basically making pop up environments using terraform (create X amount of linux servers from a template I made, ip assignment, hostname additional drives etc). The only issue I am having is that I basically had to write an ansible script to go in after creation and add my DNS. It isn't a big issue, but every tutorial I have looked at for adding DNS fails. Anyone have a just straight up DNS1 = <https:\/\/1.1.1.1\/|1.1.1.1> DNS2= x.X.X.X?    submitted by...",
        "ts": "1614283608.009300",
        "username": "Terraform",
        "icons": {
            "image_48": "https:\/\/s3-us-west-2.amazonaws.com\/slack-files2\/bot_icons\/2019-02-12\/548785199618_48.png"
        },
        "bot_id": "BG3N7LG73",
        "attachments": [
            {
                "service_name": "reddit",
                "title": "Terraforms with VMware",
                "title_link": "https:\/\/www.reddit.com\/r\/Terraform\/comments\/lsfelm\/terraforms_with_vmware\/",
                "text": "So I have gotten pretty good at basically making pop up environments using terraform (create X amount of linux servers from a template I made, ip...",
                "fallback": "reddit: Terraforms with VMware",
                "thumb_url": "https:\/\/www.redditstatic.com\/new-icon.png",
                "from_url": "https:\/\/www.reddit.com\/r\/Terraform\/comments\/lsfelm\/terraforms_with_vmware\/",
                "thumb_width": 256,
                "thumb_height": 256,
                "service_icon": "http:\/\/www.redditstatic.com\/desktop2x\/img\/favicon\/apple-icon-57x57.png",
                "id": 1,
                "original_url": "https:\/\/www.reddit.com\/r\/Terraform\/comments\/lsfelm\/terraforms_with_vmware\/"
            },
            {
                "title": "1.1.1.1 — The free app that makes your Internet faster.",
                "title_link": "https:\/\/1.1.1.1\/",
                "text": "Install the free app that makes your phone’s Internet more fast, private, and reliable.",
                "fallback": "1.1.1.1 — The free app that makes your Internet faster.",
                "image_url": "https:\/\/1.1.1.1\/media\/social-share.png",
                "from_url": "https:\/\/1.1.1.1\/",
                "image_width": 428,
                "image_height": 250,
                "image_bytes": 192365,
                "service_icon": "https:\/\/1.1.1.1\/favicon.ico",
                "service_name": "1.1.1.1",
                "id": 2,
                "original_url": "https:\/\/1.1.1.1\/"
            }
        ],
        "edited": {
            "user": "BG3N7LG73",
            "ts": "1614283609.000000"
        }
    },
    {
        "type": "message",
        "subtype": "bot_message",
        "text": "<https:\/\/qiita.com\/imai_amazia\/items\/80ad767d21a0f736e73c|Terraformで作るAurora Serverless (MySQL 5.7互換)>\n皆さん、Aurora Serverlessは、使っていますか？\n通常RDSを立ち上げる際には、ユーザ数の想定などをして、DBのインスタンスサイズを決めると思いますが、\nこのAurora Serverlessは、その見積もりすらも不要で立ち上げてしまいます。\n\n早速、そのAurora Serverlessを、Terraformで最小限の構成で作ってみます。\n\n\n<https:\/\/qiita.com\/#%E7%92%B0%E5%A2%83>環境\n\nTerraform v0.14.7\nAurora MySQL 2.x(MySQL 5.7互換)\n\n<https:\/\/qiita.com\/#tf%E3%83%95%E3%82%A1%E3%82%A4%E3%83%AB>tfファイル\n\n\/\/ RDS用セキュリティグループ\nresource \"aws_security_group\" \"demo\" {\n  \/\/このセキュリティグループを紐付けるVPCのIDを指定 ex.vpc-xxxxx\n  vpc_id = aws_vpc.main.id...",
        "ts": "1614326207.009500",
        "username": "Terraformタグが付けられた新着記事 - Qiita",
        "icons": {
            "image_36": "https:\/\/a.slack-edge.com\/80588\/img\/services\/rss_36.png",
            "image_48": "https:\/\/a.slack-edge.com\/80588\/img\/services\/rss_48.png",
            "image_72": "https:\/\/a.slack-edge.com\/80588\/img\/services\/rss_72.png"
        },
        "bot_id": "BG3N7LG73",
        "attachments": [
            {
                "service_name": "Qiita",
                "title": "Terraformで作るAurora Serverless (MySQL 5.7互換) - Qiita",
                "title_link": "https:\/\/qiita.com\/imai_amazia\/items\/80ad767d21a0f736e73c",
                "text": "皆さん、Aurora Serverlessは、使っていますか？ 通常RDSを立ち上げる際には、ユーザ数の想定などをして、DBのインスタンスサイズを決めると思いますが、 このAurora Serverlessは、その見積もりすらも不要で...",
                "fallback": "Qiita: Terraformで作るAurora Serverless (MySQL 5.7互換) - Qiita",
                "image_url": "https:\/\/qiita-user-contents.imgix.net\/https%3A%2F%2Fcdn.qiita.com%2Fassets%2Fpublic%2Farticle-ogp-background-1150d8b18a7c15795b701a55ae908f94.png?ixlib=rb-1.2.2&w=1200&mark=https%3A%2F%2Fqiita-user-contents.imgix.net%2F~text%3Fixlib%3Drb-1.2.2%26w%3D840%26h%3D380%26txt%3DTerraform%25E3%2581%25A7%25E4%25BD%259C%25E3%2582%258BAurora%2520Serverless%2520%2528MySQL%25205.7%25E4%25BA%2592%25E6%258F%259B%2529%26txt-color%3D%2523333%26txt-font%3DHiragino%2520Sans%2520W6%26txt-size%3D54%26txt-clip%3Dellipsis%26txt-align%3Dcenter%252Cmiddle%26s%3D0649a651a176555f33d47176b143a820&mark-align=center%2Cmiddle&blend=https%3A%2F%2Fqiita-user-contents.imgix.net%2F~text%3Fixlib%3Drb-1.2.2%26w%3D840%26h%3D500%26txt%3D%2540imai_amazia%26txt-color%3D%2523333%26txt-font%3DHiragino%2520Sans%2520W6%26txt-size%3D45%26txt-align%3Dright%252Cbottom%26s%3D1eea44eb2babc13213617e19fb08253c&blend-align=center%2Cmiddle&blend-mode=normal&s=710513a5b9ec71f49d438b7b2a45c479",
                "from_url": "https:\/\/qiita.com\/imai_amazia\/items\/80ad767d21a0f736e73c",
                "image_width": 476,
                "image_height": 250,
                "image_bytes": 48514,
                "service_icon": "https:\/\/cdn.qiita.com\/assets\/favicons\/public\/apple-touch-icon-ec5ba42a24ae923f16825592efdc356f.png",
                "id": 1,
                "original_url": "https:\/\/qiita.com\/imai_amazia\/items\/80ad767d21a0f736e73c"
            },
            {
                "service_name": "Qiita",
                "title": "プログラマの技術情報共有サービス - Qiita",
                "title_link": "https:\/\/qiita.com\/#%E7%92%B0%E5%A2%83",
                "text": "Qiitaは、プログラマのための技術情報共有サービスです。 プログラミングに関するTips、ノウハウ、メモを簡単に記録 &amp; 公開することができます。",
                "fallback": "Qiita: プログラマの技術情報共有サービス - Qiita",
                "thumb_url": "https:\/\/cdn.qiita.com\/assets\/qiita-fb-41f9429f13a8c56f50dd0ab477c80d26.png",
                "from_url": "https:\/\/qiita.com\/#%E7%92%B0%E5%A2%83",
                "thumb_width": 1200,
                "thumb_height": 630,
                "service_icon": "https:\/\/cdn.qiita.com\/assets\/favicons\/public\/apple-touch-icon-ec5ba42a24ae923f16825592efdc356f.png",
                "id": 2,
                "original_url": "https:\/\/qiita.com\/#%E7%92%B0%E5%A2%83"
            },
            {
                "service_name": "Qiita",
                "title": "プログラマの技術情報共有サービス - Qiita",
                "title_link": "https:\/\/qiita.com\/#tf%E3%83%95%E3%82%A1%E3%82%A4%E3%83%AB",
                "text": "Qiitaは、プログラマのための技術情報共有サービスです。 プログラミングに関するTips、ノウハウ、メモを簡単に記録 &amp; 公開することができます。",
                "fallback": "Qiita: プログラマの技術情報共有サービス - Qiita",
                "thumb_url": "https:\/\/cdn.qiita.com\/assets\/qiita-fb-41f9429f13a8c56f50dd0ab477c80d26.png",
                "from_url": "https:\/\/qiita.com\/#tf%E3%83%95%E3%82%A1%E3%82%A4%E3%83%AB",
                "thumb_width": 1200,
                "thumb_height": 630,
                "service_icon": "https:\/\/cdn.qiita.com\/assets\/favicons\/public\/apple-touch-icon-ec5ba42a24ae923f16825592efdc356f.png",
                "id": 3,
                "original_url": "https:\/\/qiita.com\/#tf%E3%83%95%E3%82%A1%E3%82%A4%E3%83%AB"
            }
        ],
        "edited": {
            "user": "BG3N7LG73",
            "ts": "1614326208.000000"
        }
    }
]