[
    {
        "type": "message",
        "subtype": "bot_message",
        "text": "<https:\/\/qiita.com\/batatch\/items\/08aa3f705336a0fea89e|[AWS][IAM][Terraform] ロール切替方式の権限設定一式を作成する>\n以下の記事の続き。\n\nマルチアカウントにおけるユーザ管理を考える\n<https:\/\/qiita.com\/batatch\/items\/425661dbffece3b981bf|https:\/\/qiita.com\/batatch\/items\/425661dbffece3b981bf>\n\n\n<https:\/\/qiita.com\/#%E6%A6%82%E8%A6%81>概要\n\nここでは、ロール切替におけるグループ、ロール、ポリシーなど権限一式を実装していきます。\n権限設定の全体像は下図のとおり。\n\n&lt;a...",
        "ts": "1613397412.035700",
        "username": "Terraformタグが付けられた新着記事 - Qiita",
        "icons": {
            "image_36": "https:\/\/a.slack-edge.com\/80588\/img\/services\/rss_36.png",
            "image_48": "https:\/\/a.slack-edge.com\/80588\/img\/services\/rss_48.png",
            "image_72": "https:\/\/a.slack-edge.com\/80588\/img\/services\/rss_72.png"
        },
        "bot_id": "BG3N7LG73",
        "attachments": [
            {
                "service_name": "Qiita",
                "title": "[AWS][IAM][Terraform] ロール切替方式の権限設定一式を作成する - Qiita",
                "title_link": "https:\/\/qiita.com\/batatch\/items\/08aa3f705336a0fea89e",
                "text": "以下の記事の続き。 マルチアカウントにおけるユーザ管理を考える <https:\/\/qiita.com\/batatch\/items\/425661dbffece3b981bf> 概要 ここでは、ロール切替におけるグループ、ロール、ポリ...",
                "fallback": "Qiita: [AWS][IAM][Terraform] ロール切替方式の権限設定一式を作成する - Qiita",
                "image_url": "https:\/\/qiita-user-contents.imgix.net\/https%3A%2F%2Fcdn.qiita.com%2Fassets%2Fpublic%2Farticle-ogp-background-1150d8b18a7c15795b701a55ae908f94.png?ixlib=rb-1.2.2&w=1200&mark=https%3A%2F%2Fqiita-user-contents.imgix.net%2F~text%3Fixlib%3Drb-1.2.2%26w%3D840%26h%3D380%26txt%3D%255BAWS%255D%255BIAM%255D%255BTerraform%255D%2520%25E3%2583%25AD%25E3%2583%25BC%25E3%2583%25AB%25E5%2588%2587%25E6%259B%25BF%25E6%2596%25B9%25E5%25BC%258F%25E3%2581%25AE%25E6%25A8%25A9%25E9%2599%2590%25E8%25A8%25AD%25E5%25AE%259A%25E4%25B8%2580%25E5%25BC%258F%25E3%2582%2592%25E4%25BD%259C%25E6%2588%2590%25E3%2581%2599%25E3%2582%258B%26txt-color%3D%2523333%26txt-font%3DHiragino%2520Sans%2520W6%26txt-size%3D54%26txt-clip%3Dellipsis%26txt-align%3Dcenter%252Cmiddle%26s%3D35fc4179dc313bd198300c825c3eaf45&mark-align=center%2Cmiddle&blend=https%3A%2F%2Fqiita-user-contents.imgix.net%2F~text%3Fixlib%3Drb-1.2.2%26w%3D840%26h%3D500%26txt%3D%2540batatch%26txt-color%3D%2523333%26txt-font%3DHiragino%2520Sans%2520W6%26txt-size%3D45%26txt-align%3Dright%252Cbottom%26s%3D73289ac9bb97b72679a60f24ea6556ef&blend-align=center%2Cmiddle&blend-mode=normal&s=78d39f72c2cc376b5240a1dffbbca365",
                "from_url": "https:\/\/qiita.com\/batatch\/items\/08aa3f705336a0fea89e",
                "image_width": 476,
                "image_height": 250,
                "image_bytes": 57787,
                "service_icon": "https:\/\/cdn.qiita.com\/assets\/favicons\/public\/apple-touch-icon-ec5ba42a24ae923f16825592efdc356f.png",
                "id": 1,
                "original_url": "https:\/\/qiita.com\/batatch\/items\/08aa3f705336a0fea89e"
            },
            {
                "service_name": "Qiita",
                "title": "[AWS][IAM][AssumeRole] マルチアカウントにおけるユーザ管理を考える - Qiita",
                "title_link": "https:\/\/qiita.com\/batatch\/items\/425661dbffece3b981bf",
                "text": "AWS コンソールへのログイン管理を整理した(している)ので、覚え書き。 書いているのは以下の範囲。 AWS コンソールへのログイン管理 複数の AWS アカウント(マルチアカウント)を集約 要件はこんな感じ。 (アカウント数...",
                "fallback": "Qiita: [AWS][IAM][AssumeRole] マルチアカウントにおけるユーザ管理を考える - Qiita",
                "image_url": "https:\/\/qiita-user-contents.imgix.net\/https%3A%2F%2Fcdn.qiita.com%2Fassets%2Fpublic%2Farticle-ogp-background-1150d8b18a7c15795b701a55ae908f94.png?ixlib=rb-1.2.2&w=1200&mark=https%3A%2F%2Fqiita-user-contents.imgix.net%2F~text%3Fixlib%3Drb-1.2.2%26w%3D840%26h%3D380%26txt%3D%255BAWS%255D%255BIAM%255D%255BAssumeRole%255D%2520%25E3%2583%259E%25E3%2583%25AB%25E3%2583%2581%25E3%2582%25A2%25E3%2582%25AB%25E3%2582%25A6%25E3%2583%25B3%25E3%2583%2588%25E3%2581%25AB%25E3%2581%258A%25E3%2581%2591%25E3%2582%258B%25E3%2583%25A6%25E3%2583%25BC%25E3%2582%25B6%25E7%25AE%25A1%25E7%2590%2586%25E3%2582%2592%25E8%2580%2583%25E3%2581%2588%25E3%2582%258B%26txt-color%3D%2523333%26txt-font%3DHiragino%2520Sans%2520W6%26txt-size%3D54%26txt-clip%3Dellipsis%26txt-align%3Dcenter%252Cmiddle%26s%3Df9f80fa06143904006ca75b7de635594&mark-align=center%2Cmiddle&blend=https%3A%2F%2Fqiita-user-contents.imgix.net%2F~text%3Fixlib%3Drb-1.2.2%26w%3D840%26h%3D500%26txt%3D%2540batatch%26txt-color%3D%2523333%26txt-font%3DHiragino%2520Sans%2520W6%26txt-size%3D45%26txt-align%3Dright%252Cbottom%26s%3D73289ac9bb97b72679a60f24ea6556ef&blend-align=center%2Cmiddle&blend-mode=normal&s=9b63835daefdb8a4a953cb3f1bec6500",
                "from_url": "https:\/\/qiita.com\/batatch\/items\/425661dbffece3b981bf",
                "image_width": 476,
                "image_height": 250,
                "image_bytes": 60485,
                "service_icon": "https:\/\/cdn.qiita.com\/assets\/favicons\/public\/apple-touch-icon-ec5ba42a24ae923f16825592efdc356f.png",
                "id": 2,
                "original_url": "https:\/\/qiita.com\/batatch\/items\/425661dbffece3b981bf"
            },
            {
                "service_name": "Qiita",
                "title": "プログラマの技術情報共有サービス - Qiita",
                "title_link": "https:\/\/qiita.com\/#%E6%A6%82%E8%A6%81",
                "text": "Qiitaは、プログラマのための技術情報共有サービスです。 プログラミングに関するTips、ノウハウ、メモを簡単に記録 &amp; 公開することができます。",
                "fallback": "Qiita: プログラマの技術情報共有サービス - Qiita",
                "thumb_url": "https:\/\/cdn.qiita.com\/assets\/qiita-fb-41f9429f13a8c56f50dd0ab477c80d26.png",
                "from_url": "https:\/\/qiita.com\/#%E6%A6%82%E8%A6%81",
                "thumb_width": 1200,
                "thumb_height": 630,
                "service_icon": "https:\/\/cdn.qiita.com\/assets\/favicons\/public\/apple-touch-icon-ec5ba42a24ae923f16825592efdc356f.png",
                "id": 3,
                "original_url": "https:\/\/qiita.com\/#%E6%A6%82%E8%A6%81"
            }
        ],
        "edited": {
            "user": "BG3N7LG73",
            "ts": "1613397413.000000"
        }
    },
    {
        "type": "message",
        "subtype": "bot_message",
        "text": "<https:\/\/www.reddit.com\/r\/Terraform\/comments\/lkf54x\/where_to_get_started_with_terraform_documentation\/|where to get started with Terraform? Documentation, tutorials, etc>\nI'm coming from VMware with a lot of scripting and automation. My organization is moving to public\/hybrid cloud solutions (Azure, AWS, and VMware). I was gonna just hit up the documentation and get started with deploying my own instance to play around with. Was wondering if there were any good blogs or YouTube series to follow to get familiar with the concepts and maybe find some tutorials?    submitted by   <https:\/\/www.reddit.com\/user\/epideictic_possum| \/u\/epideictic_possum >...",
        "ts": "1613401011.035900",
        "username": "Terraform",
        "icons": {
            "image_48": "https:\/\/s3-us-west-2.amazonaws.com\/slack-files2\/bot_icons\/2019-02-12\/548785199618_48.png"
        },
        "bot_id": "BG3N7LG73",
        "attachments": [
            {
                "service_name": "reddit",
                "title": "where to get started with Terraform? Documentation, tutorials, etc",
                "title_link": "https:\/\/www.reddit.com\/r\/Terraform\/comments\/lkf54x\/where_to_get_started_with_terraform_documentation\/",
                "text": "I'm coming from VMware with a lot of scripting and automation. My organization is moving to public\/hybrid cloud solutions (Azure, AWS, and...",
                "fallback": "reddit: where to get started with Terraform? Documentation, tutorials, etc",
                "thumb_url": "https:\/\/www.redditstatic.com\/new-icon.png",
                "from_url": "https:\/\/www.reddit.com\/r\/Terraform\/comments\/lkf54x\/where_to_get_started_with_terraform_documentation\/",
                "thumb_width": 256,
                "thumb_height": 256,
                "service_icon": "http:\/\/www.redditstatic.com\/desktop2x\/img\/favicon\/apple-icon-57x57.png",
                "id": 1,
                "original_url": "https:\/\/www.reddit.com\/r\/Terraform\/comments\/lkf54x\/where_to_get_started_with_terraform_documentation\/"
            },
            {
                "title": "overview for epideictic_possum",
                "title_link": "https:\/\/www.reddit.com\/user\/epideictic_possum",
                "text": "The u\/epideictic_possum community on Reddit. Reddit gives you the best of the internet in one place.",
                "fallback": "overview for epideictic_possum",
                "from_url": "https:\/\/www.reddit.com\/user\/epideictic_possum",
                "service_icon": "http:\/\/www.redditstatic.com\/desktop2x\/img\/favicon\/apple-icon-57x57.png",
                "service_name": "reddit.com",
                "id": 2,
                "original_url": "https:\/\/www.reddit.com\/user\/epideictic_possum"
            }
        ],
        "edited": {
            "user": "BG3N7LG73",
            "ts": "1613401011.000000"
        }
    },
    {
        "type": "message",
        "subtype": "bot_message",
        "text": "<https:\/\/www.reddit.com\/r\/Terraform\/comments\/lkg0sg\/transfer_of_sensitive_data_in_terraform_files\/|Transfer of sensitive data in terraform files over network.>\nI very recently started using open source version of terraform and currently exploring various aspects of making my terraform infrastructure secure. I want to know how does terraform sends the sensitive information ( say, vsphere username \/ passwords or database passwords ) to the endpoint ( say, vcenter server , database etc ) Is this communication encrypted or are passwords sent in plain text ? Appreciate the guidance this forum is providing.  Thank you.    submitted by   &lt;a...",
        "ts": "1613404019.036100",
        "username": "Terraform",
        "icons": {
            "image_48": "https:\/\/s3-us-west-2.amazonaws.com\/slack-files2\/bot_icons\/2019-02-12\/548785199618_48.png"
        },
        "bot_id": "BG3N7LG73",
        "attachments": [
            {
                "service_name": "reddit",
                "title": "Transfer of sensitive data in terraform files over network.",
                "title_link": "https:\/\/www.reddit.com\/r\/Terraform\/comments\/lkg0sg\/transfer_of_sensitive_data_in_terraform_files\/",
                "text": "I very recently started using open source version of terraform and currently exploring various aspects of making my terraform infrastructure...",
                "fallback": "reddit: Transfer of sensitive data in terraform files over network.",
                "thumb_url": "https:\/\/www.redditstatic.com\/new-icon.png",
                "from_url": "https:\/\/www.reddit.com\/r\/Terraform\/comments\/lkg0sg\/transfer_of_sensitive_data_in_terraform_files\/",
                "thumb_width": 256,
                "thumb_height": 256,
                "service_icon": "http:\/\/www.redditstatic.com\/desktop2x\/img\/favicon\/apple-icon-57x57.png",
                "id": 1,
                "original_url": "https:\/\/www.reddit.com\/r\/Terraform\/comments\/lkg0sg\/transfer_of_sensitive_data_in_terraform_files\/"
            }
        ],
        "edited": {
            "user": "BG3N7LG73",
            "ts": "1613404020.000000"
        }
    },
    {
        "type": "message",
        "subtype": "bot_message",
        "text": "<https:\/\/www.reddit.com\/r\/Terraform\/comments\/lklkvi\/how_to_handle_deprecated_attributes_in_modules\/|How to handle deprecated attributes in modules>\nHow do you handle deprecated attributes in Terraform modules without impacting users of your modules?    submitted by   <https:\/\/www.reddit.com\/user\/LordHarlock| \/u\/LordHarlock > \n<https:\/\/www.reddit.com\/r\/Terraform\/comments\/lklkvi\/how_to_handle_deprecated_attributes_in_modules\/|[link]>   <https:\/\/www.reddit.com\/r\/Terraform\/comments\/lklkvi\/how_to_handle_deprecated_attributes_in_modules\/|[comments]>",
        "ts": "1613419010.036300",
        "username": "Terraform",
        "icons": {
            "image_48": "https:\/\/s3-us-west-2.amazonaws.com\/slack-files2\/bot_icons\/2019-02-12\/548785199618_48.png"
        },
        "bot_id": "BG3N7LG73",
        "attachments": [
            {
                "service_name": "reddit",
                "title": "How to handle deprecated attributes in modules",
                "title_link": "https:\/\/www.reddit.com\/r\/Terraform\/comments\/lklkvi\/how_to_handle_deprecated_attributes_in_modules\/",
                "text": "How do you handle deprecated attributes in Terraform modules without impacting users of your modules?",
                "fallback": "reddit: How to handle deprecated attributes in modules",
                "thumb_url": "https:\/\/www.redditstatic.com\/new-icon.png",
                "from_url": "https:\/\/www.reddit.com\/r\/Terraform\/comments\/lklkvi\/how_to_handle_deprecated_attributes_in_modules\/",
                "thumb_width": 256,
                "thumb_height": 256,
                "service_icon": "http:\/\/www.redditstatic.com\/desktop2x\/img\/favicon\/apple-icon-57x57.png",
                "id": 1,
                "original_url": "https:\/\/www.reddit.com\/r\/Terraform\/comments\/lklkvi\/how_to_handle_deprecated_attributes_in_modules\/"
            },
            {
                "title": "overview for LordHarlock",
                "title_link": "https:\/\/www.reddit.com\/user\/LordHarlock",
                "text": "The u\/LordHarlock community on Reddit. Reddit gives you the best of the internet in one place.",
                "fallback": "overview for LordHarlock",
                "from_url": "https:\/\/www.reddit.com\/user\/LordHarlock",
                "service_icon": "http:\/\/www.redditstatic.com\/desktop2x\/img\/favicon\/apple-icon-57x57.png",
                "service_name": "reddit.com",
                "id": 2,
                "original_url": "https:\/\/www.reddit.com\/user\/LordHarlock"
            }
        ],
        "edited": {
            "user": "BG3N7LG73",
            "ts": "1613419010.000000"
        }
    },
    {
        "type": "message",
        "subtype": "bot_message",
        "text": "<https:\/\/www.reddit.com\/r\/Terraform\/comments\/lkmke6\/workspace_and_s3_backend\/|Workspace and S3 backend>\nI'm trying to get workspaces (dev\/qa\/prod) setup using a partial backend configuration and specifying -backend-config=<http:\/\/dev_backend.tf|dev_backend.tf> I'm getting an error back 'Error: Unsupported argument' for each of the k,v pairs. If I put it all in <http:\/\/main.tf|main.tf> I'm able to initialize. But this is not what I want, its not dynamic for different workspaces. Terraform version 0.14.6. ###Working <http:\/\/main.tf|main.tf>``` provider \"aws\" { region = \"us-east-1\" profile = \"work\" } terraform { backend \"s3\"{ bucket = \"bucket_name\" key =...",
        "ts": "1613422014.036500",
        "username": "Terraform",
        "icons": {
            "image_48": "https:\/\/s3-us-west-2.amazonaws.com\/slack-files2\/bot_icons\/2019-02-12\/548785199618_48.png"
        },
        "bot_id": "BG3N7LG73",
        "attachments": [
            {
                "service_name": "reddit",
                "title": "Workspace and S3 backend",
                "title_link": "https:\/\/www.reddit.com\/r\/Terraform\/comments\/lkmke6\/workspace_and_s3_backend\/",
                "text": "I'm trying to get workspaces (dev\/qa\/prod) setup using a partial backend configuration and specifying -backend-config=dev\\<http:\/\/_backend.tf|_backend.tf> I'm getting...",
                "fallback": "reddit: Workspace and S3 backend",
                "thumb_url": "https:\/\/www.redditstatic.com\/new-icon.png",
                "from_url": "https:\/\/www.reddit.com\/r\/Terraform\/comments\/lkmke6\/workspace_and_s3_backend\/",
                "thumb_width": 256,
                "thumb_height": 256,
                "service_icon": "http:\/\/www.redditstatic.com\/desktop2x\/img\/favicon\/apple-icon-57x57.png",
                "id": 1,
                "original_url": "https:\/\/www.reddit.com\/r\/Terraform\/comments\/lkmke6\/workspace_and_s3_backend\/"
            }
        ],
        "edited": {
            "user": "BG3N7LG73",
            "ts": "1613422015.000000"
        }
    },
    {
        "type": "message",
        "subtype": "bot_message",
        "text": "<https:\/\/www.reddit.com\/r\/Terraform\/comments\/lkmpqc\/scheduling_terraform_apply_in_tfe\/|Scheduling Terraform apply in TFE>\nWe use TFE in our environment and use sentinel policies to pause changes to production during the day. Is there a way in TFE or bitbucket\/git to schedule these paused job using variables\/sentinel policies to auto apply after a certain time when changes to production are allowed or something?    submitted by   <https:\/\/www.reddit.com\/user\/marathiboy| \/u\/marathiboy > \n<https:\/\/www.reddit.com\/r\/Terraform\/comments\/lkmpqc\/scheduling_terraform_apply_in_tfe\/|[link]>   &lt;a...",
        "ts": "1613422014.036600",
        "username": "Terraform",
        "icons": {
            "image_48": "https:\/\/s3-us-west-2.amazonaws.com\/slack-files2\/bot_icons\/2019-02-12\/548785199618_48.png"
        },
        "bot_id": "BG3N7LG73",
        "attachments": [
            {
                "service_name": "reddit",
                "title": "Scheduling Terraform apply in TFE",
                "title_link": "https:\/\/www.reddit.com\/r\/Terraform\/comments\/lkmpqc\/scheduling_terraform_apply_in_tfe\/",
                "text": "We use TFE in our environment and use sentinel policies to pause changes to production during the day. Is there a way in TFE or bitbucket\/git to...",
                "fallback": "reddit: Scheduling Terraform apply in TFE",
                "thumb_url": "https:\/\/www.redditstatic.com\/new-icon.png",
                "from_url": "https:\/\/www.reddit.com\/r\/Terraform\/comments\/lkmpqc\/scheduling_terraform_apply_in_tfe\/",
                "thumb_width": 256,
                "thumb_height": 256,
                "service_icon": "http:\/\/www.redditstatic.com\/desktop2x\/img\/favicon\/apple-icon-57x57.png",
                "id": 1,
                "original_url": "https:\/\/www.reddit.com\/r\/Terraform\/comments\/lkmpqc\/scheduling_terraform_apply_in_tfe\/"
            },
            {
                "title": "overview for marathiboy",
                "title_link": "https:\/\/www.reddit.com\/user\/marathiboy",
                "text": "The u\/marathiboy community on Reddit. Reddit gives you the best of the internet in one place.",
                "fallback": "overview for marathiboy",
                "from_url": "https:\/\/www.reddit.com\/user\/marathiboy",
                "service_icon": "http:\/\/www.redditstatic.com\/desktop2x\/img\/favicon\/apple-icon-57x57.png",
                "service_name": "reddit.com",
                "id": 2,
                "original_url": "https:\/\/www.reddit.com\/user\/marathiboy"
            }
        ],
        "edited": {
            "user": "BG3N7LG73",
            "ts": "1613422015.000000"
        }
    },
    {
        "type": "message",
        "subtype": "bot_message",
        "text": "<https:\/\/www.reddit.com\/r\/Terraform\/comments\/lknjxf\/creating_a_module_that_simply_outputs_json_eg_aws\/|Creating a module that simply outputs JSON (e.g. aws ecs container definition)>\nHello, I'm hoping to get some help here and\/or know if it's possible to do this. I've recently been experimenting with multi-container task definitions for AWS ECS services. I'm trying to modularize this without having my engineers build their own container definitions file, by creating a custom module (e.g. ecs_container_defintion) that all it does it output compiled JSON that I could then pass into the `container_definitions` array for the task definition.. ​ So.. in the engineer's project...",
        "ts": "1613425017.036900",
        "username": "Terraform",
        "icons": {
            "image_48": "https:\/\/s3-us-west-2.amazonaws.com\/slack-files2\/bot_icons\/2019-02-12\/548785199618_48.png"
        },
        "bot_id": "BG3N7LG73",
        "attachments": [
            {
                "service_name": "reddit",
                "title": "Creating a module that simply outputs JSON (e.g. aws ecs container definition)",
                "title_link": "https:\/\/www.reddit.com\/r\/Terraform\/comments\/lknjxf\/creating_a_module_that_simply_outputs_json_eg_aws\/",
                "text": "Hello, I'm hoping to get some help here and\/or know if it's possible to do this. I've recently been experimenting with multi-container task...",
                "fallback": "reddit: Creating a module that simply outputs JSON (e.g. aws ecs container definition)",
                "thumb_url": "https:\/\/www.redditstatic.com\/new-icon.png",
                "from_url": "https:\/\/www.reddit.com\/r\/Terraform\/comments\/lknjxf\/creating_a_module_that_simply_outputs_json_eg_aws\/",
                "thumb_width": 256,
                "thumb_height": 256,
                "service_icon": "http:\/\/www.redditstatic.com\/desktop2x\/img\/favicon\/apple-icon-57x57.png",
                "id": 1,
                "original_url": "https:\/\/www.reddit.com\/r\/Terraform\/comments\/lknjxf\/creating_a_module_that_simply_outputs_json_eg_aws\/"
            }
        ],
        "edited": {
            "user": "BG3N7LG73",
            "ts": "1613425017.000000"
        }
    },
    {
        "type": "message",
        "subtype": "bot_message",
        "text": "<https:\/\/www.reddit.com\/r\/Terraform\/comments\/lkogde\/terraform_wants_to_create_a_resource_that_it\/|Terraform wants to create a resource that it already has in tfstate>\nI was adding to my Terraform code today and it wants to create a resource that already exists in the state file, and nothing I added is related to this resource or anything it depends on. I can't figure out why it wants to create a new one, so any help is appreciated. Here is the result of the plan for this resource and also the current resource shown in the state file: root@PC:\/mnt\/e\/Git\/Github\/aws-core-infrastructure# terraform plan -var-file=.\/config\/test.tfvars -out test.tfplan -target...",
        "ts": "1613427409.037100",
        "username": "Terraform",
        "icons": {
            "image_48": "https:\/\/s3-us-west-2.amazonaws.com\/slack-files2\/bot_icons\/2019-02-12\/548785199618_48.png"
        },
        "bot_id": "BG3N7LG73",
        "attachments": [
            {
                "service_name": "reddit",
                "title": "Terraform wants to create a resource that it already has in tfstate",
                "title_link": "https:\/\/www.reddit.com\/r\/Terraform\/comments\/lkogde\/terraform_wants_to_create_a_resource_that_it\/",
                "text": "I was adding to my Terraform code today and it wants to create a resource that already exists in the state file, and nothing I added is related to...",
                "fallback": "reddit: Terraform wants to create a resource that it already has in tfstate",
                "thumb_url": "https:\/\/www.redditstatic.com\/new-icon.png",
                "from_url": "https:\/\/www.reddit.com\/r\/Terraform\/comments\/lkogde\/terraform_wants_to_create_a_resource_that_it\/",
                "thumb_width": 256,
                "thumb_height": 256,
                "service_icon": "http:\/\/www.redditstatic.com\/desktop2x\/img\/favicon\/apple-icon-57x57.png",
                "id": 1,
                "original_url": "https:\/\/www.reddit.com\/r\/Terraform\/comments\/lkogde\/terraform_wants_to_create_a_resource_that_it\/"
            }
        ],
        "edited": {
            "user": "BG3N7LG73",
            "ts": "1613427409.000000"
        }
    },
    {
        "type": "message",
        "subtype": "bot_message",
        "text": "<https:\/\/www.reddit.com\/r\/Terraform\/comments\/lkop2h\/what_were_they_thinking_when_they_created\/|What were they thinking when they created terraform?>\nI had been coding infrastructure in cloudformation for several years. I recently took a new job and I am working in Terraform. Typically we wrapped our cloudformation in some real programming language and used cloudformation for what it was.\n I have to say what the hell what they thinking and why did they create a language which is missing most of what any real language has such as basic variable declaration if-then blocks etc.\n The whole lure of Terraform seems to be that you can use...",
        "ts": "1613428005.037300",
        "username": "Terraform",
        "icons": {
            "image_48": "https:\/\/s3-us-west-2.amazonaws.com\/slack-files2\/bot_icons\/2019-02-12\/548785199618_48.png"
        },
        "bot_id": "BG3N7LG73",
        "attachments": [
            {
                "service_name": "reddit",
                "title": "What were they thinking when they created terraform?",
                "title_link": "https:\/\/www.reddit.com\/r\/Terraform\/comments\/lkop2h\/what_were_they_thinking_when_they_created\/",
                "text": "I had been coding infrastructure in cloudformation for several years. I recently took a new job and I am working in Terraform. Typically we...",
                "fallback": "reddit: What were they thinking when they created terraform?",
                "thumb_url": "https:\/\/www.redditstatic.com\/new-icon.png",
                "from_url": "https:\/\/www.reddit.com\/r\/Terraform\/comments\/lkop2h\/what_were_they_thinking_when_they_created\/",
                "thumb_width": 256,
                "thumb_height": 256,
                "service_icon": "http:\/\/www.redditstatic.com\/desktop2x\/img\/favicon\/apple-icon-57x57.png",
                "id": 1,
                "original_url": "https:\/\/www.reddit.com\/r\/Terraform\/comments\/lkop2h\/what_were_they_thinking_when_they_created\/"
            }
        ],
        "edited": {
            "user": "BG3N7LG73",
            "ts": "1613428006.000000"
        }
    },
    {
        "type": "message",
        "subtype": "bot_message",
        "text": "<https:\/\/www.reddit.com\/r\/Terraform\/comments\/lkq362\/infrastructure_changes\/|Infrastructure changes>\nHey everyone hope you are all good Question for a newbie Just taken over terraform from a dude who left our firm and I'm getting to grips with things... We have to make some changes to the disk caching on azure VMs The change was made in our staging environment via the azure portal... I updated our code base and ran a terraform plan. It said there were no changes to be made I am assuming that TF has looked at code and the VM and because all matches all is well? I understand drift can cause...",
        "ts": "1613432210.037500",
        "username": "Terraform",
        "icons": {
            "image_48": "https:\/\/s3-us-west-2.amazonaws.com\/slack-files2\/bot_icons\/2019-02-12\/548785199618_48.png"
        },
        "bot_id": "BG3N7LG73",
        "attachments": [
            {
                "service_name": "reddit",
                "title": "Infrastructure changes",
                "title_link": "https:\/\/www.reddit.com\/r\/Terraform\/comments\/lkq362\/infrastructure_changes\/",
                "text": "Hey everyone hope you are all good Question for a newbie Just taken over terraform from a dude who left our firm and I'm getting to grips with...",
                "fallback": "reddit: Infrastructure changes",
                "thumb_url": "https:\/\/www.redditstatic.com\/new-icon.png",
                "from_url": "https:\/\/www.reddit.com\/r\/Terraform\/comments\/lkq362\/infrastructure_changes\/",
                "thumb_width": 256,
                "thumb_height": 256,
                "service_icon": "http:\/\/www.redditstatic.com\/desktop2x\/img\/favicon\/apple-icon-57x57.png",
                "id": 1,
                "original_url": "https:\/\/www.reddit.com\/r\/Terraform\/comments\/lkq362\/infrastructure_changes\/"
            }
        ],
        "edited": {
            "user": "BG3N7LG73",
            "ts": "1613432211.000000"
        }
    },
    {
        "type": "message",
        "subtype": "bot_message",
        "text": "<https:\/\/www.reddit.com\/r\/Terraform\/comments\/lkylzk\/scalr_vs_spacelift_vs_atlantis_vs_env0_bake_off\/|Scalr vs Spacelift vs Atlantis vs Env0 Bake off>\nLike the title says: I’m looking for real user feedback in the tools in the title.  Background: Experienced terraform developer. Looking for feedback on the following: must haves  pull request workflow (a la GitOps)  OPA or checkov for governance  hostable on prem (SaaS + agent okay)  configuration as code (getting a little meta)  multiple repo configurations: 1 state per repo N states in 1 repo modules in 1 repo or split into individual repos  nice to haves - drift detection - cost...",
        "ts": "1613461019.037700",
        "username": "Terraform",
        "icons": {
            "image_48": "https:\/\/s3-us-west-2.amazonaws.com\/slack-files2\/bot_icons\/2019-02-12\/548785199618_48.png"
        },
        "bot_id": "BG3N7LG73",
        "attachments": [
            {
                "service_name": "reddit",
                "title": "Scalr vs Spacelift vs Atlantis vs Env0 Bake off",
                "title_link": "https:\/\/www.reddit.com\/r\/Terraform\/comments\/lkylzk\/scalr_vs_spacelift_vs_atlantis_vs_env0_bake_off\/",
                "text": "Like the title says: I’m looking for real user feedback in the tools in the title. **Background:** Experienced terraform developer. Looking for...",
                "fallback": "reddit: Scalr vs Spacelift vs Atlantis vs Env0 Bake off",
                "thumb_url": "https:\/\/www.redditstatic.com\/new-icon.png",
                "from_url": "https:\/\/www.reddit.com\/r\/Terraform\/comments\/lkylzk\/scalr_vs_spacelift_vs_atlantis_vs_env0_bake_off\/",
                "thumb_width": 256,
                "thumb_height": 256,
                "service_icon": "http:\/\/www.redditstatic.com\/desktop2x\/img\/favicon\/apple-icon-57x57.png",
                "id": 1,
                "original_url": "https:\/\/www.reddit.com\/r\/Terraform\/comments\/lkylzk\/scalr_vs_spacelift_vs_atlantis_vs_env0_bake_off\/"
            }
        ],
        "edited": {
            "user": "BG3N7LG73",
            "ts": "1613461019.000000"
        }
    }
]