[
    {
        "type": "message",
        "subtype": "bot_message",
        "text": "<https:\/\/qiita.com\/mo-z-mi\/items\/4c3094cd87ad665c4602|AWS × Nuxt.js × Go で初めて自作 Web アプリ作ってみた>\n<https:\/\/qiita.com\/#%E3%81%AF%E3%81%98%E3%82%81%E3%81%AB>はじめに\n\n業務では普段Javaの独自フレームワークやSVN、Db2といったあまり汎用性のない技術スタックで開発をしているため、新しい技術を自分で追っかけていたりするのですが、今回初めて使ってみたい技術を詰め込んで Web アプリを作ってみました。\n\n記事を書くことにも不慣れなため、お見苦しい部分が多々あるかと思いますが、間違い等あればコメントいただけると泣いて喜びます。\n\n\n<https:\/\/qiita.com\/#%E4%BD%BF%E7%94%A8%E3%81%97%E3%81%9F%E6%8A%80%E8%A1%93>使用した技術\n\n\n<https:\/\/qiita.com\/#%E8%A8%80%E8%AA%9E>言語\n\nバックエンド（Go, Gin-Gonic）\nフロントエンド（Nuxt.js）\n\n&lt;a...",
        "ts": "1612600610.023800",
        "username": "Terraformタグが付けられた新着記事 - Qiita",
        "icons": {
            "image_36": "https:\/\/a.slack-edge.com\/80588\/img\/services\/rss_36.png",
            "image_48": "https:\/\/a.slack-edge.com\/80588\/img\/services\/rss_48.png",
            "image_72": "https:\/\/a.slack-edge.com\/80588\/img\/services\/rss_72.png"
        },
        "bot_id": "BG3N7LG73",
        "attachments": [
            {
                "service_name": "Qiita",
                "title": "AWS × Nuxt.js × Go で初めて自作 Web アプリ作ってみた - Qiita",
                "title_link": "https:\/\/qiita.com\/mo-z-mi\/items\/4c3094cd87ad665c4602",
                "text": "はじめに 業務では普段Javaの独自フレームワークやSVN、Db2といったあまり汎用性のない技術スタックで開発をしているため、新しい技術を自分で追っかけていたりするのですが、今回初めて使ってみたい技術を詰め込んで Web アプリ...",
                "fallback": "Qiita: AWS × Nuxt.js × Go で初めて自作 Web アプリ作ってみた - Qiita",
                "image_url": "https:\/\/qiita-user-contents.imgix.net\/https%3A%2F%2Fcdn.qiita.com%2Fassets%2Fpublic%2Farticle-ogp-background-1150d8b18a7c15795b701a55ae908f94.png?ixlib=rb-1.2.2&w=1200&mark=https%3A%2F%2Fqiita-user-contents.imgix.net%2F~text%3Fixlib%3Drb-1.2.2%26w%3D840%26h%3D380%26txt%3DAWS%2520%25C3%2597%2520Nuxt.js%2520%25C3%2597%2520Go%2520%25E3%2581%25A7%25E5%2588%259D%25E3%2582%2581%25E3%2581%25A6%25E8%2587%25AA%25E4%25BD%259C%2520Web%2520%25E3%2582%25A2%25E3%2583%2597%25E3%2583%25AA%25E4%25BD%259C%25E3%2581%25A3%25E3%2581%25A6%25E3%2581%25BF%25E3%2581%259F%26txt-color%3D%2523333%26txt-font%3DHiragino%2520Sans%2520W6%26txt-size%3D54%26txt-clip%3Dellipsis%26txt-align%3Dcenter%252Cmiddle%26s%3Df5d9aec5011c5ad2463ed1674e96bf08&mark-align=center%2Cmiddle&blend=https%3A%2F%2Fqiita-user-contents.imgix.net%2F~text%3Fixlib%3Drb-1.2.2%26w%3D840%26h%3D500%26txt%3D%2540mo-z-mi%26txt-color%3D%2523333%26txt-font%3DHiragino%2520Sans%2520W6%26txt-size%3D45%26txt-align%3Dright%252Cbottom%26s%3Ded2e66cfc20c59930355b64035b5f0d9&blend-align=center%2Cmiddle&blend-mode=normal&s=9953f6e1d44b1f2c4bd0d4d3e47b16df",
                "from_url": "https:\/\/qiita.com\/mo-z-mi\/items\/4c3094cd87ad665c4602",
                "image_width": 476,
                "image_height": 250,
                "image_bytes": 51840,
                "service_icon": "https:\/\/cdn.qiita.com\/assets\/favicons\/public\/apple-touch-icon-ec5ba42a24ae923f16825592efdc356f.png",
                "id": 1,
                "original_url": "https:\/\/qiita.com\/mo-z-mi\/items\/4c3094cd87ad665c4602"
            },
            {
                "service_name": "Qiita",
                "title": "プログラマの技術情報共有サービス - Qiita",
                "title_link": "https:\/\/qiita.com\/#%E3%81%AF%E3%81%98%E3%82%81%E3%81%AB",
                "text": "Qiitaは、プログラマのための技術情報共有サービスです。 プログラミングに関するTips、ノウハウ、メモを簡単に記録 &amp; 公開することができます。",
                "fallback": "Qiita: プログラマの技術情報共有サービス - Qiita",
                "thumb_url": "https:\/\/cdn.qiita.com\/assets\/qiita-fb-41f9429f13a8c56f50dd0ab477c80d26.png",
                "from_url": "https:\/\/qiita.com\/#%E3%81%AF%E3%81%98%E3%82%81%E3%81%AB",
                "thumb_width": 1200,
                "thumb_height": 630,
                "service_icon": "https:\/\/cdn.qiita.com\/assets\/favicons\/public\/apple-touch-icon-ec5ba42a24ae923f16825592efdc356f.png",
                "id": 2,
                "original_url": "https:\/\/qiita.com\/#%E3%81%AF%E3%81%98%E3%82%81%E3%81%AB"
            },
            {
                "service_name": "Qiita",
                "title": "プログラマの技術情報共有サービス - Qiita",
                "title_link": "https:\/\/qiita.com\/#%E4%BD%BF%E7%94%A8%E3%81%97%E3%81%9F%E6%8A%80%E8%A1%93",
                "text": "Qiitaは、プログラマのための技術情報共有サービスです。 プログラミングに関するTips、ノウハウ、メモを簡単に記録 &amp; 公開することができます。",
                "fallback": "Qiita: プログラマの技術情報共有サービス - Qiita",
                "thumb_url": "https:\/\/cdn.qiita.com\/assets\/qiita-fb-41f9429f13a8c56f50dd0ab477c80d26.png",
                "from_url": "https:\/\/qiita.com\/#%E4%BD%BF%E7%94%A8%E3%81%97%E3%81%9F%E6%8A%80%E8%A1%93",
                "thumb_width": 1200,
                "thumb_height": 630,
                "service_icon": "https:\/\/cdn.qiita.com\/assets\/favicons\/public\/apple-touch-icon-ec5ba42a24ae923f16825592efdc356f.png",
                "id": 3,
                "original_url": "https:\/\/qiita.com\/#%E4%BD%BF%E7%94%A8%E3%81%97%E3%81%9F%E6%8A%80%E8%A1%93"
            },
            {
                "service_name": "Qiita",
                "title": "プログラマの技術情報共有サービス - Qiita",
                "title_link": "https:\/\/qiita.com\/#%E8%A8%80%E8%AA%9E",
                "text": "Qiitaは、プログラマのための技術情報共有サービスです。 プログラミングに関するTips、ノウハウ、メモを簡単に記録 &amp; 公開することができます。",
                "fallback": "Qiita: プログラマの技術情報共有サービス - Qiita",
                "thumb_url": "https:\/\/cdn.qiita.com\/assets\/qiita-fb-41f9429f13a8c56f50dd0ab477c80d26.png",
                "from_url": "https:\/\/qiita.com\/#%E8%A8%80%E8%AA%9E",
                "thumb_width": 1200,
                "thumb_height": 630,
                "service_icon": "https:\/\/cdn.qiita.com\/assets\/favicons\/public\/apple-touch-icon-ec5ba42a24ae923f16825592efdc356f.png",
                "id": 4,
                "original_url": "https:\/\/qiita.com\/#%E8%A8%80%E8%AA%9E"
            }
        ],
        "edited": {
            "user": "BG3N7LG73",
            "ts": "1612600610.000000"
        }
    },
    {
        "type": "message",
        "subtype": "bot_message",
        "text": "<https:\/\/www.reddit.com\/r\/Terraform\/comments\/ldtfia\/remoteexec_running_shell_script_in_background\/|remote-exec running shell script in background &amp; complete remote execution>\nhi all, using FILE provisioner, I COPY a SCRIPT to an ec2 host &amp; then run it.  connection { type = \"ssh\" host = self.public_ip user = \"ubuntu\" private_key = file(\"${path.module}\/KEYPAIR.pem\") } provisioner \"file\" { source = \"SCRIPTFILE.sh\" destination = \"\/tmp\/SCRIPTFILE.sh\" } provisioner \"remote-exec\" { inline = [ \"chmod u+x \/tmp\/SCRIPTFILE.sh\", \"\/tmp\/SCRIPTFILE.sh\", ] } }  Running terraform apply, on the console I can see that the file provision runs but the script continues to run &amp; I have...",
        "ts": "1612602408.024000",
        "username": "Terraform",
        "icons": {
            "image_48": "https:\/\/s3-us-west-2.amazonaws.com\/slack-files2\/bot_icons\/2019-02-12\/548785199618_48.png"
        },
        "bot_id": "BG3N7LG73",
        "attachments": [
            {
                "service_name": "reddit",
                "title": "remote-exec running shell script in background &amp; complete remote execution",
                "title_link": "https:\/\/www.reddit.com\/r\/Terraform\/comments\/ldtfia\/remoteexec_running_shell_script_in_background\/",
                "text": "hi all, using FILE provisioner, I COPY a SCRIPT to an ec2 host &amp; then run it. connection { type = \"ssh\" host ...",
                "fallback": "reddit: remote-exec running shell script in background &amp; complete remote execution",
                "thumb_url": "https:\/\/www.redditstatic.com\/new-icon.png",
                "from_url": "https:\/\/www.reddit.com\/r\/Terraform\/comments\/ldtfia\/remoteexec_running_shell_script_in_background\/",
                "thumb_width": 256,
                "thumb_height": 256,
                "service_icon": "http:\/\/www.redditstatic.com\/desktop2x\/img\/favicon\/apple-icon-57x57.png",
                "id": 1,
                "original_url": "https:\/\/www.reddit.com\/r\/Terraform\/comments\/ldtfia\/remoteexec_running_shell_script_in_background\/"
            }
        ],
        "edited": {
            "user": "BG3N7LG73",
            "ts": "1612602408.000000"
        }
    },
    {
        "type": "message",
        "subtype": "bot_message",
        "text": "<https:\/\/www.reddit.com\/r\/Terraform\/comments\/ldwur5\/how_to_resolve_error_using_aws_s3_as_version\/|How to resolve Error using aws s3 as version control using terraform?>\nI am trying to setup s3 as a version control system using terraform. However, I keep getting errors. I have tried defining profile and access key, secret key in my code. However, I still face the issue. Could any please guide me on how could I bypass the error. I am using Terraform v0.14.4. I am pretty much new to the terraform kindly guide me if there is something wrong with the syntax I use for the version I'm using. Below is the code and underneath is the error that I am getting. Thanks in...",
        "ts": "1612615603.024200",
        "username": "Terraform",
        "icons": {
            "image_48": "https:\/\/s3-us-west-2.amazonaws.com\/slack-files2\/bot_icons\/2019-02-12\/548785199618_48.png"
        },
        "bot_id": "BG3N7LG73",
        "attachments": [
            {
                "service_name": "reddit",
                "title": "How to resolve Error using aws s3 as version control using terraform?",
                "title_link": "https:\/\/www.reddit.com\/r\/Terraform\/comments\/ldwur5\/how_to_resolve_error_using_aws_s3_as_version\/",
                "text": "I am trying to setup s3 as a version control system using terraform. However, I keep getting errors. I have tried defining profile and access key,...",
                "fallback": "reddit: How to resolve Error using aws s3 as version control using terraform?",
                "thumb_url": "https:\/\/www.redditstatic.com\/new-icon.png",
                "from_url": "https:\/\/www.reddit.com\/r\/Terraform\/comments\/ldwur5\/how_to_resolve_error_using_aws_s3_as_version\/",
                "thumb_width": 256,
                "thumb_height": 256,
                "service_icon": "http:\/\/www.redditstatic.com\/desktop2x\/img\/favicon\/apple-icon-57x57.png",
                "id": 1,
                "original_url": "https:\/\/www.reddit.com\/r\/Terraform\/comments\/ldwur5\/how_to_resolve_error_using_aws_s3_as_version\/"
            }
        ],
        "edited": {
            "user": "BG3N7LG73",
            "ts": "1612615604.000000"
        }
    },
    {
        "type": "message",
        "subtype": "bot_message",
        "text": "<https:\/\/www.reddit.com\/r\/Terraform\/comments\/le5wff\/aws_user_pool_policy\/|AWS User Pool Policy>\nI would like to give a Cognito User Pool a certain policy and modify them when the user is assigned to a certain user group. I've already finished the Identity Pool, but I don't know how to attach a certain IAM role to the entire User Pool. ``` resource \"aws_cognito_user_pool\" \"main\" { name = \"${var.user_pool_name}-${var.stage}\" alias_attributes = [\"email\", \"preferred_username\"] schema { attribute_data_type = \"String\" mutable = true name = \"name\" required = true } schema { attribute_data_type...",
        "ts": "1612643817.024400",
        "username": "Terraform",
        "icons": {
            "image_48": "https:\/\/s3-us-west-2.amazonaws.com\/slack-files2\/bot_icons\/2019-02-12\/548785199618_48.png"
        },
        "bot_id": "BG3N7LG73",
        "attachments": [
            {
                "service_name": "reddit",
                "title": "AWS User Pool Policy",
                "title_link": "https:\/\/www.reddit.com\/r\/Terraform\/comments\/le5wff\/aws_user_pool_policy\/",
                "text": "I would like to give a Cognito User Pool a certain policy and modify them when the user is assigned to a certain user group. I've already finished...",
                "fallback": "reddit: AWS User Pool Policy",
                "thumb_url": "https:\/\/www.redditstatic.com\/new-icon.png",
                "from_url": "https:\/\/www.reddit.com\/r\/Terraform\/comments\/le5wff\/aws_user_pool_policy\/",
                "thumb_width": 256,
                "thumb_height": 256,
                "service_icon": "http:\/\/www.redditstatic.com\/desktop2x\/img\/favicon\/apple-icon-57x57.png",
                "id": 1,
                "original_url": "https:\/\/www.reddit.com\/r\/Terraform\/comments\/le5wff\/aws_user_pool_policy\/"
            }
        ],
        "edited": {
            "user": "BG3N7LG73",
            "ts": "1612643818.000000"
        }
    },
    {
        "type": "message",
        "subtype": "bot_message",
        "text": "<https:\/\/www.reddit.com\/r\/Terraform\/comments\/le5xz0\/dynamic_branch_based_infrastructure_with_terraform\/|Dynamic branch based infrastructure with terraform>\nHey, Been learning Terraform, and so far really like it. I have a question \/ use case that I'm not sure how to best implement in Terraform. So I have some infra as code committed to a repo, which is then hooked into Terraform cloud, and that works really well. The question I have is how to deal with transient environments. Let me explain. I have a CI process for my website. I'd like to be able to dynamically create a new environment within elastic beanstalk (which is Terraform managed) based...",
        "ts": "1612643817.024500",
        "username": "Terraform",
        "icons": {
            "image_48": "https:\/\/s3-us-west-2.amazonaws.com\/slack-files2\/bot_icons\/2019-02-12\/548785199618_48.png"
        },
        "bot_id": "BG3N7LG73",
        "attachments": [
            {
                "service_name": "reddit",
                "title": "Dynamic branch based infrastructure with terraform",
                "title_link": "https:\/\/www.reddit.com\/r\/Terraform\/comments\/le5xz0\/dynamic_branch_based_infrastructure_with_terraform\/",
                "text": "Hey, Been learning Terraform, and so far really like it. I have a question \/ use case that I'm not sure how to best implement in Terraform. So I...",
                "fallback": "reddit: Dynamic branch based infrastructure with terraform",
                "thumb_url": "https:\/\/www.redditstatic.com\/new-icon.png",
                "from_url": "https:\/\/www.reddit.com\/r\/Terraform\/comments\/le5xz0\/dynamic_branch_based_infrastructure_with_terraform\/",
                "thumb_width": 256,
                "thumb_height": 256,
                "service_icon": "http:\/\/www.redditstatic.com\/desktop2x\/img\/favicon\/apple-icon-57x57.png",
                "id": 1,
                "original_url": "https:\/\/www.reddit.com\/r\/Terraform\/comments\/le5xz0\/dynamic_branch_based_infrastructure_with_terraform\/"
            }
        ],
        "edited": {
            "user": "BG3N7LG73",
            "ts": "1612643818.000000"
        }
    },
    {
        "type": "message",
        "subtype": "bot_message",
        "text": "<https:\/\/www.reddit.com\/r\/Terraform\/comments\/lebs3u\/launching_vms_across_cloud_providers_and_regions\/|Launching VMs across cloud providers and regions>\nI'm new to Terraform and I'm trying to figure out if it is the right tool for the job. I need to launch a VM of a given type in several regions of Azure, AWS, and GCP (preferably in parallel), run a few scripts, capture the output, copy back some data, shutdown the VMs. Is Terraform the right tool for this problem? If so, are there examples of doing something similar?    submitted by   <https:\/\/www.reddit.com\/user\/evil_zombie_monkey| \/u\/evil_zombie_monkey > \n&lt;a...",
        "ts": "1612660609.024800",
        "username": "Terraform",
        "icons": {
            "image_48": "https:\/\/s3-us-west-2.amazonaws.com\/slack-files2\/bot_icons\/2019-02-12\/548785199618_48.png"
        },
        "bot_id": "BG3N7LG73",
        "attachments": [
            {
                "service_name": "reddit",
                "title": "Launching VMs across cloud providers and regions",
                "title_link": "https:\/\/www.reddit.com\/r\/Terraform\/comments\/lebs3u\/launching_vms_across_cloud_providers_and_regions\/",
                "text": "I'm new to Terraform and I'm trying to figure out if it is the right tool for the job. I need to launch a VM of a given type in several regions...",
                "fallback": "reddit: Launching VMs across cloud providers and regions",
                "thumb_url": "https:\/\/www.redditstatic.com\/new-icon.png",
                "from_url": "https:\/\/www.reddit.com\/r\/Terraform\/comments\/lebs3u\/launching_vms_across_cloud_providers_and_regions\/",
                "thumb_width": 256,
                "thumb_height": 256,
                "service_icon": "http:\/\/www.redditstatic.com\/desktop2x\/img\/favicon\/apple-icon-57x57.png",
                "id": 1,
                "original_url": "https:\/\/www.reddit.com\/r\/Terraform\/comments\/lebs3u\/launching_vms_across_cloud_providers_and_regions\/"
            },
            {
                "title": "overview for evil_zombie_monkey",
                "title_link": "https:\/\/www.reddit.com\/user\/evil_zombie_monkey",
                "text": "The u\/evil_zombie_monkey community on Reddit. Reddit gives you the best of the internet in one place.",
                "fallback": "overview for evil_zombie_monkey",
                "from_url": "https:\/\/www.reddit.com\/user\/evil_zombie_monkey",
                "service_icon": "http:\/\/www.redditstatic.com\/desktop2x\/img\/favicon\/apple-icon-57x57.png",
                "service_name": "reddit.com",
                "id": 2,
                "original_url": "https:\/\/www.reddit.com\/user\/evil_zombie_monkey"
            }
        ],
        "edited": {
            "user": "BG3N7LG73",
            "ts": "1612660609.000000"
        }
    },
    {
        "type": "message",
        "subtype": "bot_message",
        "text": "<https:\/\/qiita.com\/luton-mr\/items\/afe70781807bf3b5016a|AWS CDKとTerraformどちらを使うのが良いのか？>\n<https:\/\/qiita.com\/#%E4%BB%8A%E6%97%A5%E3%81%AE%E3%81%8A%E9%A1%8C>今日のお題\n\n\n結局、CDKとTerraformどっちがいいんだろう、という宗教論争\n\n\nそれぞれをある程度触ってきた上での個人的見解を今後の自分のためにまとめます。\n長くダラダラした記事なると思いますがご容赦を。\n\n\n<https:\/\/qiita.com\/#%E5%85%88%E3%81%AB%E7%B5%90%E8%AB%96>先に結論\n\nCDK、非常にいいんだけれど、ちょっと辛いかも。\nずっと運用することを考えるとTerraformかな。\n\n\n<https:\/\/qiita.com\/#%E3%81%9D%E3%82%82%E3%81%9D%E3%82%82cdk%E3%81%A8%E3%81%8Bterraform%E3%81%A3%E3%81%A6%E3%81%AA%E3%82%93%E3%81%A0>そもそも、CDKとかTerraformってなんだ？...",
        "ts": "1612670208.025000",
        "username": "Terraformタグが付けられた新着記事 - Qiita",
        "icons": {
            "image_36": "https:\/\/a.slack-edge.com\/80588\/img\/services\/rss_36.png",
            "image_48": "https:\/\/a.slack-edge.com\/80588\/img\/services\/rss_48.png",
            "image_72": "https:\/\/a.slack-edge.com\/80588\/img\/services\/rss_72.png"
        },
        "bot_id": "BG3N7LG73",
        "attachments": [
            {
                "service_name": "Qiita",
                "title": "AWS CDKとTerraformどちらを使うのが良いのか？ - Qiita",
                "title_link": "https:\/\/qiita.com\/luton-mr\/items\/afe70781807bf3b5016a",
                "text": "今日のお題 結局、CDKとTerraformどっちがいいんだろう、という宗教論争 それぞれをある程度触ってきた上での個人的見解を今後の自分のためにまとめます。 長くダラダラした記事なると思いますがご容赦を。 先に結論 ...",
                "fallback": "Qiita: AWS CDKとTerraformどちらを使うのが良いのか？ - Qiita",
                "image_url": "https:\/\/qiita-user-contents.imgix.net\/https%3A%2F%2Fcdn.qiita.com%2Fassets%2Fpublic%2Farticle-ogp-background-1150d8b18a7c15795b701a55ae908f94.png?ixlib=rb-1.2.2&w=1200&mark=https%3A%2F%2Fqiita-user-contents.imgix.net%2F~text%3Fixlib%3Drb-1.2.2%26w%3D840%26h%3D380%26txt%3DAWS%2520CDK%25E3%2581%25A8Terraform%25E3%2581%25A9%25E3%2581%25A1%25E3%2582%2589%25E3%2582%2592%25E4%25BD%25BF%25E3%2581%2586%25E3%2581%25AE%25E3%2581%258C%25E8%2589%25AF%25E3%2581%2584%25E3%2581%25AE%25E3%2581%258B%25EF%25BC%259F%26txt-color%3D%2523333%26txt-font%3DHiragino%2520Sans%2520W6%26txt-size%3D54%26txt-clip%3Dellipsis%26txt-align%3Dcenter%252Cmiddle%26s%3D840caac7116e79a689fae35aa40370b3&mark-align=center%2Cmiddle&blend=https%3A%2F%2Fqiita-user-contents.imgix.net%2F~text%3Fixlib%3Drb-1.2.2%26w%3D840%26h%3D500%26txt%3D%2540luton-mr%26txt-color%3D%2523333%26txt-font%3DHiragino%2520Sans%2520W6%26txt-size%3D45%26txt-align%3Dright%252Cbottom%26s%3Da4952164103a987d3370b929535d8f6f&blend-align=center%2Cmiddle&blend-mode=normal&s=3d4a9e5fe66620da7321d79fe952a877",
                "from_url": "https:\/\/qiita.com\/luton-mr\/items\/afe70781807bf3b5016a",
                "image_width": 476,
                "image_height": 250,
                "image_bytes": 53480,
                "service_icon": "https:\/\/cdn.qiita.com\/assets\/favicons\/public\/apple-touch-icon-ec5ba42a24ae923f16825592efdc356f.png",
                "id": 1,
                "original_url": "https:\/\/qiita.com\/luton-mr\/items\/afe70781807bf3b5016a"
            },
            {
                "service_name": "Qiita",
                "title": "プログラマの技術情報共有サービス - Qiita",
                "title_link": "https:\/\/qiita.com\/#%E4%BB%8A%E6%97%A5%E3%81%AE%E3%81%8A%E9%A1%8C",
                "text": "Qiitaは、プログラマのための技術情報共有サービスです。 プログラミングに関するTips、ノウハウ、メモを簡単に記録 &amp; 公開することができます。",
                "fallback": "Qiita: プログラマの技術情報共有サービス - Qiita",
                "thumb_url": "https:\/\/cdn.qiita.com\/assets\/qiita-fb-41f9429f13a8c56f50dd0ab477c80d26.png",
                "from_url": "https:\/\/qiita.com\/#%E4%BB%8A%E6%97%A5%E3%81%AE%E3%81%8A%E9%A1%8C",
                "thumb_width": 1200,
                "thumb_height": 630,
                "service_icon": "https:\/\/cdn.qiita.com\/assets\/favicons\/public\/apple-touch-icon-ec5ba42a24ae923f16825592efdc356f.png",
                "id": 2,
                "original_url": "https:\/\/qiita.com\/#%E4%BB%8A%E6%97%A5%E3%81%AE%E3%81%8A%E9%A1%8C"
            },
            {
                "service_name": "Qiita",
                "title": "プログラマの技術情報共有サービス - Qiita",
                "title_link": "https:\/\/qiita.com\/#%E5%85%88%E3%81%AB%E7%B5%90%E8%AB%96",
                "text": "Qiitaは、プログラマのための技術情報共有サービスです。 プログラミングに関するTips、ノウハウ、メモを簡単に記録 &amp; 公開することができます。",
                "fallback": "Qiita: プログラマの技術情報共有サービス - Qiita",
                "thumb_url": "https:\/\/cdn.qiita.com\/assets\/qiita-fb-41f9429f13a8c56f50dd0ab477c80d26.png",
                "from_url": "https:\/\/qiita.com\/#%E5%85%88%E3%81%AB%E7%B5%90%E8%AB%96",
                "thumb_width": 1200,
                "thumb_height": 630,
                "service_icon": "https:\/\/cdn.qiita.com\/assets\/favicons\/public\/apple-touch-icon-ec5ba42a24ae923f16825592efdc356f.png",
                "id": 3,
                "original_url": "https:\/\/qiita.com\/#%E5%85%88%E3%81%AB%E7%B5%90%E8%AB%96"
            },
            {
                "service_name": "Qiita",
                "title": "プログラマの技術情報共有サービス - Qiita",
                "title_link": "https:\/\/qiita.com\/#%E3%81%9D%E3%82%82%E3%81%9D%E3%82%82cdk%E3%81%A8%E3%81%8Bterraform%E3%81%A3%E3%81%A6%E3%81%AA%E3%82%93%E3%81%A0",
                "text": "Qiitaは、プログラマのための技術情報共有サービスです。 プログラミングに関するTips、ノウハウ、メモを簡単に記録 &amp; 公開することができます。",
                "fallback": "Qiita: プログラマの技術情報共有サービス - Qiita",
                "thumb_url": "https:\/\/cdn.qiita.com\/assets\/qiita-fb-41f9429f13a8c56f50dd0ab477c80d26.png",
                "from_url": "https:\/\/qiita.com\/#%E3%81%9D%E3%82%82%E3%81%9D%E3%82%82cdk%E3%81%A8%E3%81%8Bterraform%E3%81%A3%E3%81%A6%E3%81%AA%E3%82%93%E3%81%A0",
                "thumb_width": 1200,
                "thumb_height": 630,
                "service_icon": "https:\/\/cdn.qiita.com\/assets\/favicons\/public\/apple-touch-icon-ec5ba42a24ae923f16825592efdc356f.png",
                "id": 4,
                "original_url": "https:\/\/qiita.com\/#%E3%81%9D%E3%82%82%E3%81%9D%E3%82%82cdk%E3%81%A8%E3%81%8Bterraform%E3%81%A3%E3%81%A6%E3%81%AA%E3%82%93%E3%81%A0"
            }
        ],
        "edited": {
            "user": "BG3N7LG73",
            "ts": "1612670208.000000"
        }
    },
    {
        "type": "message",
        "subtype": "bot_message",
        "text": "<https:\/\/www.reddit.com\/r\/Terraform\/comments\/lehvdk\/how_to_use_aws_s3_bucket_as_version_control\/|How to use AWS S3 bucket as version control system using terraform?>\nI created an S3 bucket through terraform. And trying to using it as a version control system. By uploading terraform's state file into the bucket. However, I am getting an error I'm posting below. I am using ubuntu 20.04, terraform version v0.14.4. TIA # Define your AWS configuration\n provider \"aws\" {\n profile = \"default\"\n region = \"us-east-1\"\n }\n # Define your S3 AWS Resource\n resource \"aws_s3_bucket\" \"tf_course\" {\n bucket = \"rahulwilliams11121985\"\n acl = \"private\"\n } #after terraform apply...",
        "ts": "1612684006.025200",
        "username": "Terraform",
        "icons": {
            "image_48": "https:\/\/s3-us-west-2.amazonaws.com\/slack-files2\/bot_icons\/2019-02-12\/548785199618_48.png"
        },
        "bot_id": "BG3N7LG73",
        "attachments": [
            {
                "service_name": "reddit",
                "title": "How to use AWS S3 bucket as version control system using terraform?",
                "title_link": "https:\/\/www.reddit.com\/r\/Terraform\/comments\/lehvdk\/how_to_use_aws_s3_bucket_as_version_control\/",
                "text": "I created an S3 bucket through terraform. And trying to using it as a version control system. By uploading terraform's state file into the bucket....",
                "fallback": "reddit: How to use AWS S3 bucket as version control system using terraform?",
                "thumb_url": "https:\/\/www.redditstatic.com\/new-icon.png",
                "from_url": "https:\/\/www.reddit.com\/r\/Terraform\/comments\/lehvdk\/how_to_use_aws_s3_bucket_as_version_control\/",
                "thumb_width": 256,
                "thumb_height": 256,
                "service_icon": "http:\/\/www.redditstatic.com\/desktop2x\/img\/favicon\/apple-icon-57x57.png",
                "id": 1,
                "original_url": "https:\/\/www.reddit.com\/r\/Terraform\/comments\/lehvdk\/how_to_use_aws_s3_bucket_as_version_control\/"
            }
        ],
        "edited": {
            "user": "BG3N7LG73",
            "ts": "1612684006.000000"
        }
    }
]