[
    {
        "type": "message",
        "subtype": "bot_message",
        "text": "<https:\/\/www.reddit.com\/r\/Terraform\/comments\/lau2h6\/how_do_you_authenticate_to_each_aws_account\/|How do you authenticate to each AWS account?>\nIf I have an AWS org management account with 5 sub accounts, how do you authenticate terraform with each account? Do you create a terraform IAM user in each account and access via account specific access key and secret access key? If so, how do you rotate those keys? How do you manage credentials if you’re dealing with 20, 50, 100+ sub accounts? How do you authenticate if you’re regularly\/dynamically spinning up\/tearing down sub accounts?    submitted by   &lt;a...",
        "ts": "1612268208.017400",
        "username": "Terraform",
        "icons": {
            "image_48": "https:\/\/s3-us-west-2.amazonaws.com\/slack-files2\/bot_icons\/2019-02-12\/548785199618_48.png"
        },
        "bot_id": "BG3N7LG73",
        "attachments": [
            {
                "service_name": "reddit",
                "title": "How do you authenticate to each AWS account?",
                "title_link": "https:\/\/www.reddit.com\/r\/Terraform\/comments\/lau2h6\/how_do_you_authenticate_to_each_aws_account\/",
                "text": "If I have an AWS org management account with 5 sub accounts, how do you authenticate terraform with each account? Do you create a terraform IAM...",
                "fallback": "reddit: How do you authenticate to each AWS account?",
                "thumb_url": "https:\/\/www.redditstatic.com\/new-icon.png",
                "from_url": "https:\/\/www.reddit.com\/r\/Terraform\/comments\/lau2h6\/how_do_you_authenticate_to_each_aws_account\/",
                "thumb_width": 256,
                "thumb_height": 256,
                "service_icon": "http:\/\/www.redditstatic.com\/desktop2x\/img\/favicon\/apple-icon-57x57.png",
                "id": 1,
                "original_url": "https:\/\/www.reddit.com\/r\/Terraform\/comments\/lau2h6\/how_do_you_authenticate_to_each_aws_account\/"
            }
        ],
        "edited": {
            "user": "BG3N7LG73",
            "ts": "1612268209.000000"
        }
    },
    {
        "type": "message",
        "subtype": "bot_message",
        "text": "<https:\/\/www.reddit.com\/r\/Terraform\/comments\/lay07d\/how_do_you_trust_unofficial_providers\/|How do you trust unofficial providers?>\nHello, I was looking for an OpenStack provider, unfortunatly the only providers available are unofficial.The one I would use is <https:\/\/github.com\/terraform-provider-openstack\/terraform-provider-openstack|terraform-provider-openstack> but even if the project is great, working well and a lot of contributors, it's hard for me to base an infrastructure on it. It's sounds a bit like launching an unofficial docker image, \"at your own risks\". What are your thoughts about it?...",
        "ts": "1612280214.017600",
        "username": "Terraform",
        "icons": {
            "image_48": "https:\/\/s3-us-west-2.amazonaws.com\/slack-files2\/bot_icons\/2019-02-12\/548785199618_48.png"
        },
        "bot_id": "BG3N7LG73",
        "attachments": [
            {
                "service_name": "reddit",
                "title": "How do you trust unofficial providers?",
                "title_link": "https:\/\/www.reddit.com\/r\/Terraform\/comments\/lay07d\/how_do_you_trust_unofficial_providers\/",
                "text": "Hello, I was looking for an OpenStack provider, unfortunatly the only providers available are unofficial.The one I would use is ...",
                "fallback": "reddit: How do you trust unofficial providers?",
                "thumb_url": "https:\/\/www.redditstatic.com\/new-icon.png",
                "from_url": "https:\/\/www.reddit.com\/r\/Terraform\/comments\/lay07d\/how_do_you_trust_unofficial_providers\/",
                "thumb_width": 256,
                "thumb_height": 256,
                "service_icon": "http:\/\/www.redditstatic.com\/desktop2x\/img\/favicon\/apple-icon-57x57.png",
                "id": 1,
                "original_url": "https:\/\/www.reddit.com\/r\/Terraform\/comments\/lay07d\/how_do_you_trust_unofficial_providers\/"
            },
            {
                "service_name": "GitHub",
                "title": "terraform-provider-openstack\/terraform-provider-openstack",
                "title_link": "https:\/\/github.com\/terraform-provider-openstack\/terraform-provider-openstack",
                "text": "Terraform OpenStack provider. Contribute to terraform-provider-openstack\/terraform-provider-openstack development by creating an account on GitHub.",
                "fallback": "GitHub: terraform-provider-openstack\/terraform-provider-openstack",
                "thumb_url": "https:\/\/avatars.githubusercontent.com\/u\/70963184?s=400&v=4",
                "from_url": "https:\/\/github.com\/terraform-provider-openstack\/terraform-provider-openstack",
                "thumb_width": 420,
                "thumb_height": 420,
                "service_icon": "https:\/\/a.slack-edge.com\/80588\/img\/unfurl_icons\/github.png",
                "id": 2,
                "original_url": "https:\/\/github.com\/terraform-provider-openstack\/terraform-provider-openstack"
            }
        ],
        "edited": {
            "user": "BG3N7LG73",
            "ts": "1612280214.000000"
        }
    },
    {
        "type": "message",
        "subtype": "bot_message",
        "text": "<https:\/\/www.reddit.com\/r\/Terraform\/comments\/lb2hdn\/reading_map_outputs\/|Reading Map Outputs>\nI wrote a module, vpc, that creates a VPC and associated resources. It then outputs subnets like:  output \"intra_subnets\" { value = aws_subnet.intra[0] }  The aws_subnet.intra resource returns a map of maps as show below:  { \"10.0.2.0\/24\" = { \"arn\" = \"arn:aws:ec2:us-east-1:12345:subnet\/subnet-abcdefg\" \"assign_ipv6_address_on_creation\" = false \"availability_zone\" = \"us-east-1a\" \"availability_zone_id\" = \"use1-az2\" \"cidr_block\" = \"10.0.2.0\/24\" \"id\" = \"subnet-abcdefg\" \"ipv6_cidr_block\" = \"\"...",
        "ts": "1612291018.017800",
        "username": "Terraform",
        "icons": {
            "image_48": "https:\/\/s3-us-west-2.amazonaws.com\/slack-files2\/bot_icons\/2019-02-12\/548785199618_48.png"
        },
        "bot_id": "BG3N7LG73",
        "attachments": [
            {
                "service_name": "reddit",
                "title": "Reading Map Outputs",
                "title_link": "https:\/\/www.reddit.com\/r\/Terraform\/comments\/lb2hdn\/reading_map_outputs\/",
                "text": "I wrote a module, `vpc`, that creates a VPC and associated resources. It then outputs subnets like: ``` output \"intra_subnets\" { value =...",
                "fallback": "reddit: Reading Map Outputs",
                "thumb_url": "https:\/\/www.redditstatic.com\/new-icon.png",
                "from_url": "https:\/\/www.reddit.com\/r\/Terraform\/comments\/lb2hdn\/reading_map_outputs\/",
                "thumb_width": 256,
                "thumb_height": 256,
                "service_icon": "http:\/\/www.redditstatic.com\/desktop2x\/img\/favicon\/apple-icon-57x57.png",
                "id": 1,
                "original_url": "https:\/\/www.reddit.com\/r\/Terraform\/comments\/lb2hdn\/reading_map_outputs\/"
            }
        ],
        "edited": {
            "user": "BG3N7LG73",
            "ts": "1612291018.000000"
        }
    },
    {
        "type": "message",
        "subtype": "bot_message",
        "text": "<https:\/\/www.reddit.com\/r\/Terraform\/comments\/lb2myi\/question_on_expressions_and_using_countindex\/|question on expressions and using `count.index`>\nI'm currently looking at this:  <https:\/\/learn.hashicorp.com\/tutorials\/terraform\/expressions?in=terraform\/configuration-language#update-your-instance-configuration|https:\/\/learn.hashicorp.com\/tutorials\/terraform\/expressions?in=terraform\/configuration-language#update-your-instance-configuration> resource \"aws_instance\" \"ubuntu\" { + count = (var.high_availability == true ? 3 : 1) ami = data.aws_ami.ubuntu.id instance_type = \"t2.micro\" - associate_public_ip_address = true +...",
        "ts": "1612291018.017900",
        "username": "Terraform",
        "icons": {
            "image_48": "https:\/\/s3-us-west-2.amazonaws.com\/slack-files2\/bot_icons\/2019-02-12\/548785199618_48.png"
        },
        "bot_id": "BG3N7LG73",
        "attachments": [
            {
                "service_name": "reddit",
                "title": "question on expressions and using `count.index`",
                "title_link": "https:\/\/www.reddit.com\/r\/Terraform\/comments\/lb2myi\/question_on_expressions_and_using_countindex\/",
                "text": "I'm currently looking at this:...",
                "fallback": "reddit: question on expressions and using `count.index`",
                "thumb_url": "https:\/\/www.redditstatic.com\/new-icon.png",
                "from_url": "https:\/\/www.reddit.com\/r\/Terraform\/comments\/lb2myi\/question_on_expressions_and_using_countindex\/",
                "thumb_width": 256,
                "thumb_height": 256,
                "service_icon": "http:\/\/www.redditstatic.com\/desktop2x\/img\/favicon\/apple-icon-57x57.png",
                "id": 1,
                "original_url": "https:\/\/www.reddit.com\/r\/Terraform\/comments\/lb2myi\/question_on_expressions_and_using_countindex\/"
            },
            {
                "service_name": "HashiCorp Learn",
                "title": "Create Dynamic Expressions | Terraform - HashiCorp Learn",
                "title_link": "https:\/\/learn.hashicorp.com\/tutorials\/terraform\/expressions?in=terraform\/configuration-language#update-your-instance-configuration",
                "text": "Make your Terraform configurations more dynamic and reusable with expressions. Create an ELB deployment with locals to assign expressions to variables for reuse, conditionals to declare if\/then scenarios, and the splat expression to return attributes from complex value types.",
                "fallback": "HashiCorp Learn: Create Dynamic Expressions | Terraform - HashiCorp Learn",
                "image_url": "https:\/\/learn.hashicorp.com\/img\/share\/share.png",
                "from_url": "https:\/\/learn.hashicorp.com\/tutorials\/terraform\/expressions?in=terraform\/configuration-language#update-your-instance-configuration",
                "image_width": 476,
                "image_height": 250,
                "image_bytes": 144778,
                "service_icon": "https:\/\/learn.hashicorp.com\/img\/favicons\/favicon-16x16.png",
                "id": 2,
                "original_url": "https:\/\/learn.hashicorp.com\/tutorials\/terraform\/expressions?in=terraform\/configuration-language#update-your-instance-configuration"
            }
        ],
        "edited": {
            "user": "BG3N7LG73",
            "ts": "1612291019.000000"
        }
    },
    {
        "type": "message",
        "subtype": "bot_message",
        "text": "<https:\/\/www.reddit.com\/r\/Terraform\/comments\/lb5dbr\/teamops_process_as_code\/|TeamOps: Process as Code>\nsubmitted by   <https:\/\/www.reddit.com\/user\/caske33| \/u\/caske33 > \n<https:\/\/medium.com\/datacamp-engineering\/teamops-process-as-code-165ee23cbf8b|[link]>   <https:\/\/www.reddit.com\/r\/Terraform\/comments\/lb5dbr\/teamops_process_as_code\/|[comments]>",
        "ts": "1612298218.018200",
        "username": "Terraform",
        "icons": {
            "image_48": "https:\/\/s3-us-west-2.amazonaws.com\/slack-files2\/bot_icons\/2019-02-12\/548785199618_48.png"
        },
        "bot_id": "BG3N7LG73",
        "attachments": [
            {
                "service_name": "reddit",
                "title": "TeamOps: Process as Code",
                "title_link": "https:\/\/www.reddit.com\/r\/Terraform\/comments\/lb5dbr\/teamops_process_as_code\/",
                "text": "Posted in r\/Terraform by u\/caske33 • 1 point and 0 comments",
                "fallback": "reddit: TeamOps: Process as Code",
                "thumb_url": "https:\/\/b.thumbs.redditmedia.com\/CqZhjiQQ46VfyMH_PGRXbgExZqewQvJ7ovn7vd5SoEU.jpg",
                "from_url": "https:\/\/www.reddit.com\/r\/Terraform\/comments\/lb5dbr\/teamops_process_as_code\/",
                "thumb_width": 140,
                "thumb_height": 74,
                "service_icon": "http:\/\/www.redditstatic.com\/desktop2x\/img\/favicon\/apple-icon-57x57.png",
                "id": 1,
                "original_url": "https:\/\/www.reddit.com\/r\/Terraform\/comments\/lb5dbr\/teamops_process_as_code\/"
            },
            {
                "title": "overview for caske33",
                "title_link": "https:\/\/www.reddit.com\/user\/caske33",
                "text": "The u\/caske33 community on Reddit. Reddit gives you the best of the internet in one place.",
                "fallback": "overview for caske33",
                "from_url": "https:\/\/www.reddit.com\/user\/caske33",
                "service_icon": "http:\/\/www.redditstatic.com\/desktop2x\/img\/favicon\/apple-icon-57x57.png",
                "service_name": "reddit.com",
                "id": 2,
                "original_url": "https:\/\/www.reddit.com\/user\/caske33"
            },
            {
                "service_name": "Medium",
                "title": "TeamOps: Process as Code",
                "title_link": "https:\/\/medium.com\/datacamp-engineering\/teamops-process-as-code-165ee23cbf8b",
                "text": "Moving our engineering tool configuration into Infrastructure as Code will empower teams to unlock their true potential",
                "fallback": "Medium: TeamOps: Process as Code",
                "image_url": "https:\/\/miro.medium.com\/max\/1124\/1*Zm9v1lVpvSZdPvLzQmcmDw.png",
                "fields": [
                    {
                        "title": "Reading time",
                        "value": "7 min read",
                        "short": true
                    }
                ],
                "ts": 1612278906,
                "from_url": "https:\/\/medium.com\/datacamp-engineering\/teamops-process-as-code-165ee23cbf8b",
                "image_width": 468,
                "image_height": 250,
                "image_bytes": 693863,
                "service_icon": "https:\/\/miro.medium.com\/fit\/c\/152\/152\/1*sHhtYhaCe2Uc3IU0IgKwIQ.png",
                "id": 3,
                "original_url": "https:\/\/medium.com\/datacamp-engineering\/teamops-process-as-code-165ee23cbf8b"
            }
        ],
        "edited": {
            "user": "BG3N7LG73",
            "ts": "1612298219.000000"
        }
    },
    {
        "type": "message",
        "subtype": "bot_message",
        "text": "<https:\/\/www.reddit.com\/r\/Terraform\/comments\/lb6dr3\/for_each_when_you_have_one_value_you_dont_know\/|for_each When you have one value you don't know ahead of time>\nI'm pretty new to Terraform but I'm liking it so far. I've decided on a side project at work where I'm trying to define our application environment with Terraform so I can spin up qa\/dev environments in hours rather than days. I'm a big fan of not writing more code than I have to so for_each is my friend. I have an issue that I can't figure out how to get around.  Each one of our application environments on AWS has two Elasticsearch clusters. I've created a module to build up a single cluster...",
        "ts": "1612300009.018400",
        "username": "Terraform",
        "icons": {
            "image_48": "https:\/\/s3-us-west-2.amazonaws.com\/slack-files2\/bot_icons\/2019-02-12\/548785199618_48.png"
        },
        "bot_id": "BG3N7LG73",
        "attachments": [
            {
                "service_name": "reddit",
                "title": "for_each When you have one value you don't know ahead of time",
                "title_link": "https:\/\/www.reddit.com\/r\/Terraform\/comments\/lb6dr3\/for_each_when_you_have_one_value_you_dont_know\/",
                "text": "I'm pretty new to Terraform but I'm liking it so far. I've decided on a side project at work where I'm trying to define our application...",
                "fallback": "reddit: for_each When you have one value you don't know ahead of time",
                "thumb_url": "https:\/\/www.redditstatic.com\/new-icon.png",
                "from_url": "https:\/\/www.reddit.com\/r\/Terraform\/comments\/lb6dr3\/for_each_when_you_have_one_value_you_dont_know\/",
                "thumb_width": 256,
                "thumb_height": 256,
                "service_icon": "http:\/\/www.redditstatic.com\/desktop2x\/img\/favicon\/apple-icon-57x57.png",
                "id": 1,
                "original_url": "https:\/\/www.reddit.com\/r\/Terraform\/comments\/lb6dr3\/for_each_when_you_have_one_value_you_dont_know\/"
            }
        ],
        "edited": {
            "user": "BG3N7LG73",
            "ts": "1612300009.000000"
        }
    }
]