[
    {
        "type": "message",
        "subtype": "bot_message",
        "text": "<https:\/\/www.reddit.com\/r\/Terraform\/comments\/ld3uv3\/select_backend_depending_on_workspace\/|Select backend depending on workspace>\nHi there. I'm in the process of refactoring a terraform code base where a lot of code has been duplicated because of very small differences instead of using workspaces and lookup like in <https:\/\/www.reddit.com\/r\/Terraform\/comments\/gjo9u8\/conditionally_setting_providers\/fr22ex4?utm_source=share&amp;utm_medium=web2x&amp;context=3|https:\/\/www.reddit.com\/r\/Terraform\/comments\/gjo9u8\/conditionally_setting_providers\/fr22ex4?utm_source=share&utm_medium=web2x&context=3> . So, here I am, putting...",
        "ts": "1612519011.021400",
        "username": "Terraform",
        "icons": {
            "image_48": "https:\/\/s3-us-west-2.amazonaws.com\/slack-files2\/bot_icons\/2019-02-12\/548785199618_48.png"
        },
        "bot_id": "BG3N7LG73",
        "attachments": [
            {
                "service_name": "reddit",
                "title": "Select backend depending on workspace",
                "title_link": "https:\/\/www.reddit.com\/r\/Terraform\/comments\/ld3uv3\/select_backend_depending_on_workspace\/",
                "text": "Hi there. I'm in the process of refactoring a `terraform` code base where a lot of code has been duplicated because of very small differences...",
                "fallback": "reddit: Select backend depending on workspace",
                "thumb_url": "https:\/\/www.redditstatic.com\/new-icon.png",
                "from_url": "https:\/\/www.reddit.com\/r\/Terraform\/comments\/ld3uv3\/select_backend_depending_on_workspace\/",
                "thumb_width": 256,
                "thumb_height": 256,
                "service_icon": "http:\/\/www.redditstatic.com\/desktop2x\/img\/favicon\/apple-icon-57x57.png",
                "id": 1,
                "original_url": "https:\/\/www.reddit.com\/r\/Terraform\/comments\/ld3uv3\/select_backend_depending_on_workspace\/"
            },
            {
                "service_name": "reddit",
                "title": "Conditionally setting providers",
                "title_link": "https:\/\/www.reddit.com\/r\/Terraform\/comments\/gjo9u8\/conditionally_setting_providers\/fr22ex4?utm_source=share&utm_medium=web2x&context=3",
                "text": "I'm not sure I fully understand your intent here, but if your goal is to use Terraform workspaces to create multiple separate instances of the...",
                "fallback": "reddit: Conditionally setting providers",
                "thumb_url": "https:\/\/www.redditstatic.com\/new-icon.png",
                "from_url": "https:\/\/www.reddit.com\/r\/Terraform\/comments\/gjo9u8\/conditionally_setting_providers\/fr22ex4?utm_source=share&utm_medium=web2x&context=3",
                "thumb_width": 256,
                "thumb_height": 256,
                "service_icon": "http:\/\/www.redditstatic.com\/desktop2x\/img\/favicon\/apple-icon-57x57.png",
                "id": 2,
                "original_url": "https:\/\/www.reddit.com\/r\/Terraform\/comments\/gjo9u8\/conditionally_setting_providers\/fr22ex4?utm_source=share&amp;utm_medium=web2x&amp;context=3"
            }
        ],
        "edited": {
            "user": "BG3N7LG73",
            "ts": "1612519011.000000"
        }
    },
    {
        "type": "message",
        "subtype": "bot_message",
        "text": "<https:\/\/qiita.com\/Y0KUDA\/items\/d642f07f8d5a8d50ecf4|【黒魔術】TerraformでCloud Functionsを更新確認してデプロイする>\nTerraformでAWS lambdaをデプロイすると、コードに更新があった時だけリソースも更新してくれますよね。\nGCP Cloud Functionsの場合、残念ながらコードを更新してもリソースの更新がかかりません。\n今回は、そんな残念なTerraformくんにDirty hackを仕込んでちゃんとコードを更新したときにリソースにも更新がかかるようにしたいと思います。\nまあ、アップロードするファイルにmd5付けるだけなんですけどね。\n\n# Cloud Functionsにアップロードするファイルをzipに固める。\ndata \"archive_file\" \"src\" { \n  type        = \"zip\"\n  source_dir  = \".\/src\" \n  output_path = \".\/src.zip\"\n}\n\n# GCS Bucketにzipで固めたソースコードをアップロードする。\nresource \"google_storage_bucket_object\" \"src\" { \n  #...",
        "ts": "1612523809.021600",
        "username": "Terraformタグが付けられた新着記事 - Qiita",
        "icons": {
            "image_36": "https:\/\/a.slack-edge.com\/80588\/img\/services\/rss_36.png",
            "image_48": "https:\/\/a.slack-edge.com\/80588\/img\/services\/rss_48.png",
            "image_72": "https:\/\/a.slack-edge.com\/80588\/img\/services\/rss_72.png"
        },
        "bot_id": "BG3N7LG73",
        "attachments": [
            {
                "service_name": "Qiita",
                "title": "【黒魔術】TerraformでCloud Functionsを更新確認してデプロイする - Qiita",
                "title_link": "https:\/\/qiita.com\/Y0KUDA\/items\/d642f07f8d5a8d50ecf4",
                "text": "TerraformでAWS lambdaをデプロイすると、コードに更新があった時だけリソースも更新してくれますよね。 GCP Cloud Functionsの場合、残念ながらコードを更新してもリソースの更新がかかりません。 今回は、そ...",
                "fallback": "Qiita: 【黒魔術】TerraformでCloud Functionsを更新確認してデプロイする - Qiita",
                "image_url": "https:\/\/qiita-user-contents.imgix.net\/https%3A%2F%2Fcdn.qiita.com%2Fassets%2Fpublic%2Farticle-ogp-background-1150d8b18a7c15795b701a55ae908f94.png?ixlib=rb-1.2.2&w=1200&mark=https%3A%2F%2Fqiita-user-contents.imgix.net%2F~text%3Fixlib%3Drb-1.2.2%26w%3D840%26h%3D380%26txt%3D%25E3%2580%2590%25E9%25BB%2592%25E9%25AD%2594%25E8%25A1%2593%25E3%2580%2591Terraform%25E3%2581%25A7Cloud%2520Functions%25E3%2582%2592%25E6%259B%25B4%25E6%2596%25B0%25E7%25A2%25BA%25E8%25AA%258D%25E3%2581%2597%25E3%2581%25A6%25E3%2583%2587%25E3%2583%2597%25E3%2583%25AD%25E3%2582%25A4%25E3%2581%2599%25E3%2582%258B%26txt-color%3D%2523333%26txt-font%3DHiragino%2520Sans%2520W6%26txt-size%3D54%26txt-clip%3Dellipsis%26txt-align%3Dcenter%252Cmiddle%26s%3D2383b32f09d523d71249d8eb0a6b8ec2&mark-align=center%2Cmiddle&blend=https%3A%2F%2Fqiita-user-contents.imgix.net%2F~text%3Fixlib%3Drb-1.2.2%26w%3D840%26h%3D500%26txt%3D%2540Y0KUDA%26txt-color%3D%2523333%26txt-font%3DHiragino%2520Sans%2520W6%26txt-size%3D45%26txt-align%3Dright%252Cbottom%26s%3D02060105be2946f3a7c21059d7a09a69&blend-align=center%2Cmiddle&blend-mode=normal&s=641e0d6ed3751e894f6427cdd903cc1c",
                "from_url": "https:\/\/qiita.com\/Y0KUDA\/items\/d642f07f8d5a8d50ecf4",
                "image_width": 476,
                "image_height": 250,
                "image_bytes": 62901,
                "service_icon": "https:\/\/cdn.qiita.com\/assets\/favicons\/public\/apple-touch-icon-ec5ba42a24ae923f16825592efdc356f.png",
                "id": 1,
                "original_url": "https:\/\/qiita.com\/Y0KUDA\/items\/d642f07f8d5a8d50ecf4"
            }
        ],
        "edited": {
            "user": "BG3N7LG73",
            "ts": "1612523809.000000"
        }
    },
    {
        "type": "message",
        "subtype": "bot_message",
        "text": "<https:\/\/qiita.com\/Y0KUDA\/items\/37f09eb69dcf40d54d85|【黒魔術】TerraformでCloud Runを更新確認 &amp; ビルドしてデプロイする>\nGCPのCloud RunをTerraformでいい感じに利用する方法を考えてみました。\nソースコードからイメージをビルドしてCloud Runにデプロイするところまでを目指します。\n既存の機能だとビルドができないっぽいのでシェルやらハッシュチェックやらを駆使していい感じに仕上げます。若干Dirty hack感はありますが。\n\n# ソースコードをzipに固める。\ndata \"archive_file\" \"src_archive\" {\n  type        = \"zip\"\n  source_dir  = \".\/src\"\n  output_path = \".\/src.zip\"\n}\n\n# 既存の機能でビルドはできないので、シェルを直接たたく。\nresource \"null_resource\" \"build\" { \n triggers = { # ファイルのハッシュ変更を実行のトリガにする。\n   file_hashes = jsonencode({\n   for fn in fileset(\"src\", \"**\") :\n   fn =&gt;...",
        "ts": "1612526213.021800",
        "username": "Terraformタグが付けられた新着記事 - Qiita",
        "icons": {
            "image_36": "https:\/\/a.slack-edge.com\/80588\/img\/services\/rss_36.png",
            "image_48": "https:\/\/a.slack-edge.com\/80588\/img\/services\/rss_48.png",
            "image_72": "https:\/\/a.slack-edge.com\/80588\/img\/services\/rss_72.png"
        },
        "bot_id": "BG3N7LG73",
        "attachments": [
            {
                "service_name": "Qiita",
                "title": "【黒魔術】TerraformでCloud Runを更新確認 &amp; ビルドしてデプロイする - Qiita",
                "title_link": "https:\/\/qiita.com\/Y0KUDA\/items\/37f09eb69dcf40d54d85",
                "text": "GCPのCloud RunをTerraformでいい感じに利用する方法を考えてみました。 ソースコードからイメージをビルドしてCloud Runにデプロイするところまでを目指します。 既存の機能だとビルドができないっぽいのでシェルやら...",
                "fallback": "Qiita: 【黒魔術】TerraformでCloud Runを更新確認 &amp; ビルドしてデプロイする - Qiita",
                "image_url": "https:\/\/qiita-user-contents.imgix.net\/https%3A%2F%2Fcdn.qiita.com%2Fassets%2Fpublic%2Farticle-ogp-background-1150d8b18a7c15795b701a55ae908f94.png?ixlib=rb-1.2.2&w=1200&mark=https%3A%2F%2Fqiita-user-contents.imgix.net%2F~text%3Fixlib%3Drb-1.2.2%26w%3D840%26h%3D380%26txt%3D%25E3%2580%2590%25E9%25BB%2592%25E9%25AD%2594%25E8%25A1%2593%25E3%2580%2591Terraform%25E3%2581%25A7Cloud%2520Run%25E3%2582%2592%25E6%259B%25B4%25E6%2596%25B0%25E7%25A2%25BA%25E8%25AA%258D%2520%2526%2520%25E3%2583%2593%25E3%2583%25AB%25E3%2583%2589%25E3%2581%2597%25E3%2581%25A6%25E3%2583%2587%25E3%2583%2597%25E3%2583%25AD%25E3%2582%25A4%25E3%2581%2599%25E3%2582%258B%26txt-color%3D%2523333%26txt-font%3DHiragino%2520Sans%2520W6%26txt-size%3D54%26txt-clip%3Dellipsis%26txt-align%3Dcenter%252Cmiddle%26s%3D43fe2ec5866338d2fcef58901412e86e&mark-align=center%2Cmiddle&blend=https%3A%2F%2Fqiita-user-contents.imgix.net%2F~text%3Fixlib%3Drb-1.2.2%26w%3D840%26h%3D500%26txt%3D%2540Y0KUDA%26txt-color%3D%2523333%26txt-font%3DHiragino%2520Sans%2520W6%26txt-size%3D45%26txt-align%3Dright%252Cbottom%26s%3D02060105be2946f3a7c21059d7a09a69&blend-align=center%2Cmiddle&blend-mode=normal&s=77bfa919ac2fdbd45622d2dee07e0d50",
                "from_url": "https:\/\/qiita.com\/Y0KUDA\/items\/37f09eb69dcf40d54d85",
                "image_width": 476,
                "image_height": 250,
                "image_bytes": 65313,
                "service_icon": "https:\/\/cdn.qiita.com\/assets\/favicons\/public\/apple-touch-icon-ec5ba42a24ae923f16825592efdc356f.png",
                "id": 1,
                "original_url": "https:\/\/qiita.com\/Y0KUDA\/items\/37f09eb69dcf40d54d85"
            }
        ],
        "edited": {
            "user": "BG3N7LG73",
            "ts": "1612526213.000000"
        }
    },
    {
        "type": "message",
        "subtype": "bot_message",
        "text": "<https:\/\/www.reddit.com\/r\/Terraform\/comments\/ld5o20\/how_do_i_attach_vpcsubnet_and_security_groups_to\/|How do I attach vpc\/subnet and security groups to launch templates (aws)?>\nHello! I am new to both aws and terraform. I have deployed a small testing infrastructure with ec2 + nat + efs + s3.  I now want to advance my level by introducing the autoscaling group (and probably CloudWatch \/ ebl). Reading the documentation I have not yet realized how to deal with networking stuff. Should I still create the aws_vpc, aws_subnet, aws_security_group resources for a template I am creating? If so, how do I assign them to the template? I found the network_interfaces function in...",
        "ts": "1612527411.022000",
        "username": "Terraform",
        "icons": {
            "image_48": "https:\/\/s3-us-west-2.amazonaws.com\/slack-files2\/bot_icons\/2019-02-12\/548785199618_48.png"
        },
        "bot_id": "BG3N7LG73",
        "attachments": [
            {
                "service_name": "reddit",
                "title": "How do I attach vpc\/subnet and security groups to launch templates (aws)?",
                "title_link": "https:\/\/www.reddit.com\/r\/Terraform\/comments\/ld5o20\/how_do_i_attach_vpcsubnet_and_security_groups_to\/",
                "text": "Hello! I am new to both aws and terraform. I have deployed a small testing infrastructure with ec2 + nat + efs + s3. I now want to advance my...",
                "fallback": "reddit: How do I attach vpc\/subnet and security groups to launch templates (aws)?",
                "thumb_url": "https:\/\/www.redditstatic.com\/new-icon.png",
                "from_url": "https:\/\/www.reddit.com\/r\/Terraform\/comments\/ld5o20\/how_do_i_attach_vpcsubnet_and_security_groups_to\/",
                "thumb_width": 256,
                "thumb_height": 256,
                "service_icon": "http:\/\/www.redditstatic.com\/desktop2x\/img\/favicon\/apple-icon-57x57.png",
                "id": 1,
                "original_url": "https:\/\/www.reddit.com\/r\/Terraform\/comments\/ld5o20\/how_do_i_attach_vpcsubnet_and_security_groups_to\/"
            }
        ],
        "edited": {
            "user": "BG3N7LG73",
            "ts": "1612527412.000000"
        }
    },
    {
        "type": "message",
        "subtype": "bot_message",
        "text": "<https:\/\/www.reddit.com\/r\/Terraform\/comments\/ld71dh\/attaching_bucket_policy_to_s3_bucket\/|Attaching Bucket policy to S3 bucket>\nHello, I am trying to attach a bucket policy to an S3 Bucket and i get the following error message   Error: Error putting S3 policy: NoSuchBucket: The specified bucket does not exist  status code: 404 It's some simple code so i'm unsure of why the is not working and was wondering if anyone could point me in the correct direction  ​ resource \"aws_s3_bucket\" \"app\" { bucket = var.Name acl = \"private\" region = var.Region tags = { Name = \"var.Name\" Environment = \"Prod\" } } resource...",
        "ts": "1612532207.022200",
        "username": "Terraform",
        "icons": {
            "image_48": "https:\/\/s3-us-west-2.amazonaws.com\/slack-files2\/bot_icons\/2019-02-12\/548785199618_48.png"
        },
        "bot_id": "BG3N7LG73",
        "attachments": [
            {
                "service_name": "reddit",
                "title": "Attaching Bucket policy to S3 bucket",
                "title_link": "https:\/\/www.reddit.com\/r\/Terraform\/comments\/ld71dh\/attaching_bucket_policy_to_s3_bucket\/",
                "text": "Hello, I am trying to attach a bucket policy to an S3 Bucket and i get the following error message &gt; Error: Error putting S3 policy:...",
                "fallback": "reddit: Attaching Bucket policy to S3 bucket",
                "thumb_url": "https:\/\/www.redditstatic.com\/new-icon.png",
                "from_url": "https:\/\/www.reddit.com\/r\/Terraform\/comments\/ld71dh\/attaching_bucket_policy_to_s3_bucket\/",
                "thumb_width": 256,
                "thumb_height": 256,
                "service_icon": "http:\/\/www.redditstatic.com\/desktop2x\/img\/favicon\/apple-icon-57x57.png",
                "id": 1,
                "original_url": "https:\/\/www.reddit.com\/r\/Terraform\/comments\/ld71dh\/attaching_bucket_policy_to_s3_bucket\/"
            }
        ],
        "edited": {
            "user": "BG3N7LG73",
            "ts": "1612532208.000000"
        }
    },
    {
        "type": "message",
        "subtype": "bot_message",
        "text": "<https:\/\/www.reddit.com\/r\/Terraform\/comments\/ld79zo\/will_terraform_end_up_eating_config_management\/|Will Terraform end up eating Config Management Space?>\nHi, I have been using Terraform for a while and the general idea is clearly that you use TF for deploying infra and Ansible or Chef to provision the services and manage configs. However, going forward, it seems like if providers are written well enough then TF could just eat up the configuration management space. Personally I see nothing stopping this and am actually planning on writing some custom TF providers. What would be arguments against writing Terraform providers which cover config...",
        "ts": "1612533411.022400",
        "username": "Terraform",
        "icons": {
            "image_48": "https:\/\/s3-us-west-2.amazonaws.com\/slack-files2\/bot_icons\/2019-02-12\/548785199618_48.png"
        },
        "bot_id": "BG3N7LG73",
        "attachments": [
            {
                "service_name": "reddit",
                "title": "Will Terraform end up eating Config Management Space?",
                "title_link": "https:\/\/www.reddit.com\/r\/Terraform\/comments\/ld79zo\/will_terraform_end_up_eating_config_management\/",
                "text": "Hi, I have been using Terraform for a while and the general idea is clearly that you use TF for deploying infra and Ansible or Chef to provision...",
                "fallback": "reddit: Will Terraform end up eating Config Management Space?",
                "thumb_url": "https:\/\/www.redditstatic.com\/new-icon.png",
                "from_url": "https:\/\/www.reddit.com\/r\/Terraform\/comments\/ld79zo\/will_terraform_end_up_eating_config_management\/",
                "thumb_width": 256,
                "thumb_height": 256,
                "service_icon": "http:\/\/www.redditstatic.com\/desktop2x\/img\/favicon\/apple-icon-57x57.png",
                "id": 1,
                "original_url": "https:\/\/www.reddit.com\/r\/Terraform\/comments\/ld79zo\/will_terraform_end_up_eating_config_management\/"
            }
        ],
        "edited": {
            "user": "BG3N7LG73",
            "ts": "1612533411.000000"
        }
    },
    {
        "type": "message",
        "subtype": "bot_message",
        "text": "<https:\/\/dev.classmethod.jp\/articles\/terraform-ebs-gp3-support\/|【アップデート】TerraformでEC2の汎用SSD「gp3」が利用可能になりました！>\nこんにちは！コンサル部のinomaso(@inomasosan)です。 Terraformで、AWS re:Invent 2020にて発表された新しい汎用SSD「gp3」が利用可能になりました！ 2021\/1\/22のAW […]",
        "ts": "1612536060.022600",
        "username": "Terraform – DevelopersIO",
        "icons": {
            "image_36": "https:\/\/a.slack-edge.com\/80588\/img\/services\/rss_36.png",
            "image_48": "https:\/\/a.slack-edge.com\/80588\/img\/services\/rss_48.png",
            "image_72": "https:\/\/a.slack-edge.com\/80588\/img\/services\/rss_72.png"
        },
        "bot_id": "BG3N7LG73",
        "attachments": [
            {
                "service_name": "クラスメソッド発「やってみた」系技術メディア | DevelopersIO",
                "title": "【アップデート】TerraformでEC2の汎用SSD「gp3」が利用可能になりました！ | DevelopersIO",
                "title_link": "https:\/\/dev.classmethod.jp\/articles\/terraform-ebs-gp3-support\/",
                "text": "待望のgp3がTerraformで利用可能になりました！",
                "fallback": "クラスメソッド発「やってみた」系技術メディア | DevelopersIO: 【アップデート】TerraformでEC2の汎用SSD「gp3」が利用可能になりました！ | DevelopersIO",
                "image_url": "https:\/\/cdn-ssl-devio-img.classmethod.jp\/wp-content\/uploads\/2019\/05\/terraform-eyecatch.png",
                "from_url": "https:\/\/dev.classmethod.jp\/articles\/terraform-ebs-gp3-support\/",
                "image_width": 476,
                "image_height": 250,
                "image_bytes": 9824,
                "service_icon": "https:\/\/dev.classmethod.jp\/apple-touch-icon.png",
                "id": 1,
                "original_url": "https:\/\/dev.classmethod.jp\/articles\/terraform-ebs-gp3-support\/"
            }
        ],
        "edited": {
            "user": "BG3N7LG73",
            "ts": "1612536060.000000"
        }
    },
    {
        "type": "message",
        "subtype": "bot_message",
        "text": "<https:\/\/www.reddit.com\/r\/Terraform\/comments\/ldauy3\/visualise_terraform_state\/|Visualise Terraform State>\nHey everyone! I don't know about you, but I'm not a big fan of checking state changes in a terminal window. I thought the terminal output you get from plan and apply could be improved upon, so I decided to do something about it :) I'm currently working on a little application to visualise Terraform state. It integrates directly with the Terraform CLI and will be super easy and frictionless to use. All you have to do is attach --p to your Terraform commands and the tool handles the rest. An...",
        "ts": "1612543018.022800",
        "username": "Terraform",
        "icons": {
            "image_48": "https:\/\/s3-us-west-2.amazonaws.com\/slack-files2\/bot_icons\/2019-02-12\/548785199618_48.png"
        },
        "bot_id": "BG3N7LG73",
        "attachments": [
            {
                "service_name": "reddit",
                "title": "Visualise Terraform State",
                "title_link": "https:\/\/www.reddit.com\/r\/Terraform\/comments\/ldauy3\/visualise_terraform_state\/",
                "text": "Hey everyone! I don't know about you, but I'm not a big fan of checking state changes in a terminal window. I thought the terminal output you get...",
                "fallback": "reddit: Visualise Terraform State",
                "thumb_url": "https:\/\/www.redditstatic.com\/new-icon.png",
                "from_url": "https:\/\/www.reddit.com\/r\/Terraform\/comments\/ldauy3\/visualise_terraform_state\/",
                "thumb_width": 256,
                "thumb_height": 256,
                "service_icon": "http:\/\/www.redditstatic.com\/desktop2x\/img\/favicon\/apple-icon-57x57.png",
                "id": 1,
                "original_url": "https:\/\/www.reddit.com\/r\/Terraform\/comments\/ldauy3\/visualise_terraform_state\/"
            }
        ],
        "edited": {
            "user": "BG3N7LG73",
            "ts": "1612543019.000000"
        }
    },
    {
        "type": "message",
        "subtype": "bot_message",
        "text": "<https:\/\/www.reddit.com\/r\/Terraform\/comments\/ldazz9\/error_while_creating_notification_channel_using\/|Error while creating notification channel using TF in Google cloud Platform>\nHi All, I am trying to create a notification channel in GCP using terraform. However, when i try to create it,i am getting the below error ERROR Error: Error creating NotificationChannel: googleapi: Error 400: 'projects\/' is not a workspace. I checked the privileges of the TF service account and it has got enough permissions on the project(editor role). stackdriver API is also in enabled state. Please let me know what could be the issue Thanks in advance Surya    submitted by   &lt;a...",
        "ts": "1612543018.022900",
        "username": "Terraform",
        "icons": {
            "image_48": "https:\/\/s3-us-west-2.amazonaws.com\/slack-files2\/bot_icons\/2019-02-12\/548785199618_48.png"
        },
        "bot_id": "BG3N7LG73",
        "attachments": [
            {
                "service_name": "reddit",
                "title": "Error while creating notification channel using TF in Google cloud Platform",
                "title_link": "https:\/\/www.reddit.com\/r\/Terraform\/comments\/ldazz9\/error_while_creating_notification_channel_using\/",
                "text": "Hi All, I am trying to create a notification channel in GCP using terraform. However, when i try to create it,i am getting the below...",
                "fallback": "reddit: Error while creating notification channel using TF in Google cloud Platform",
                "thumb_url": "https:\/\/www.redditstatic.com\/new-icon.png",
                "from_url": "https:\/\/www.reddit.com\/r\/Terraform\/comments\/ldazz9\/error_while_creating_notification_channel_using\/",
                "thumb_width": 256,
                "thumb_height": 256,
                "service_icon": "http:\/\/www.redditstatic.com\/desktop2x\/img\/favicon\/apple-icon-57x57.png",
                "id": 1,
                "original_url": "https:\/\/www.reddit.com\/r\/Terraform\/comments\/ldazz9\/error_while_creating_notification_channel_using\/"
            }
        ],
        "edited": {
            "user": "BG3N7LG73",
            "ts": "1612543019.000000"
        }
    },
    {
        "type": "message",
        "subtype": "bot_message",
        "text": "<https:\/\/www.reddit.com\/r\/Terraform\/comments\/ldihv8\/s3_state_migration_easiest_way_to_do_it\/|S3 state migration - easiest way to do it>\nHello TF gurus! I've got myself into a bit of a pickle, and hoping you experts out there can give me some advice. In our org (somewhere around 20 accounts), we have a number of terraform templates that we apply to every one of our accounts. We do this by using workspaces (one workspace per account), using this in the \"provider\" block: assume_role { role_arn = var.workspace_iam_roles[terraform.workspace] }  So in this case, the S3 state storage and DynamoDB table is all centralized in our...",
        "ts": "1612563417.023200",
        "username": "Terraform",
        "icons": {
            "image_48": "https:\/\/s3-us-west-2.amazonaws.com\/slack-files2\/bot_icons\/2019-02-12\/548785199618_48.png"
        },
        "bot_id": "BG3N7LG73",
        "attachments": [
            {
                "service_name": "reddit",
                "title": "S3 state migration - easiest way to do it",
                "title_link": "https:\/\/www.reddit.com\/r\/Terraform\/comments\/ldihv8\/s3_state_migration_easiest_way_to_do_it\/",
                "text": "Hello TF gurus! I've got myself into a bit of a pickle, and hoping you experts out there can give me some advice. In our org (somewhere around...",
                "fallback": "reddit: S3 state migration - easiest way to do it",
                "thumb_url": "https:\/\/www.redditstatic.com\/new-icon.png",
                "from_url": "https:\/\/www.reddit.com\/r\/Terraform\/comments\/ldihv8\/s3_state_migration_easiest_way_to_do_it\/",
                "thumb_width": 256,
                "thumb_height": 256,
                "service_icon": "http:\/\/www.redditstatic.com\/desktop2x\/img\/favicon\/apple-icon-57x57.png",
                "id": 1,
                "original_url": "https:\/\/www.reddit.com\/r\/Terraform\/comments\/ldihv8\/s3_state_migration_easiest_way_to_do_it\/"
            }
        ],
        "edited": {
            "user": "BG3N7LG73",
            "ts": "1612563417.000000"
        }
    },
    {
        "type": "message",
        "subtype": "bot_message",
        "text": "<https:\/\/www.reddit.com\/r\/Terraform\/comments\/ldiyii\/seeing_underlying_terraform_code_via_azure_cli\/|Seeing underlying Terraform code via Azure CLI>\nIs there a way for me to open the Cloud Shell, run Terraform, then see the underlying Terraform code for a particular item? For example, let's say I wanted to go into the portal and look at a Network Security Group ... could I hover over something and see the underlying code? Or what it would look like in theory?    submitted by   <https:\/\/www.reddit.com\/user\/devopshelp| \/u\/devopshelp > \n&lt;a...",
        "ts": "1612564015.023400",
        "username": "Terraform",
        "icons": {
            "image_48": "https:\/\/s3-us-west-2.amazonaws.com\/slack-files2\/bot_icons\/2019-02-12\/548785199618_48.png"
        },
        "bot_id": "BG3N7LG73",
        "attachments": [
            {
                "service_name": "reddit",
                "title": "Seeing underlying Terraform code via Azure CLI",
                "title_link": "https:\/\/www.reddit.com\/r\/Terraform\/comments\/ldiyii\/seeing_underlying_terraform_code_via_azure_cli\/",
                "text": "Is there a way for me to open the Cloud Shell, run Terraform, then see the underlying Terraform code for a particular item? For example, let's say...",
                "fallback": "reddit: Seeing underlying Terraform code via Azure CLI",
                "thumb_url": "https:\/\/www.redditstatic.com\/new-icon.png",
                "from_url": "https:\/\/www.reddit.com\/r\/Terraform\/comments\/ldiyii\/seeing_underlying_terraform_code_via_azure_cli\/",
                "thumb_width": 256,
                "thumb_height": 256,
                "service_icon": "http:\/\/www.redditstatic.com\/desktop2x\/img\/favicon\/apple-icon-57x57.png",
                "id": 1,
                "original_url": "https:\/\/www.reddit.com\/r\/Terraform\/comments\/ldiyii\/seeing_underlying_terraform_code_via_azure_cli\/"
            },
            {
                "title": "overview for devopshelp",
                "title_link": "https:\/\/www.reddit.com\/user\/devopshelp",
                "text": "The u\/devopshelp community on Reddit. Reddit gives you the best of the internet in one place.",
                "fallback": "overview for devopshelp",
                "from_url": "https:\/\/www.reddit.com\/user\/devopshelp",
                "service_icon": "http:\/\/www.redditstatic.com\/desktop2x\/img\/favicon\/apple-icon-57x57.png",
                "service_name": "reddit.com",
                "id": 2,
                "original_url": "https:\/\/www.reddit.com\/user\/devopshelp"
            }
        ],
        "edited": {
            "user": "BG3N7LG73",
            "ts": "1612564015.000000"
        }
    },
    {
        "type": "message",
        "subtype": "bot_message",
        "text": "<https:\/\/www.reddit.com\/r\/Terraform\/comments\/ldnsqk\/employing_random_password_if_a_parameter_has_not\/|Employing random_password IF a parameter has not been specified.>\nssm_parameters.yaml file:  parameters: Foo1: Foo2: secret: Bar2  And the <http:\/\/main.tf|main.tf>:  # SSM Parameter Store locals { parameters = jsondecode(data.hiera5_json.parameters.value) } data \"hiera5_json\" \"parameters\" { key = \"ssm_parameters.parameters\" } resource \"random_password\" \"password\" { for_each = local.parameters length = 24 special = true override_special = \"_%@\" } resource \"aws_ssm_parameter\" \"parameters\" { for_each = random_password.password name = each.key value = each.value.result # value...",
        "ts": "1612579602.023600",
        "username": "Terraform",
        "icons": {
            "image_48": "https:\/\/s3-us-west-2.amazonaws.com\/slack-files2\/bot_icons\/2019-02-12\/548785199618_48.png"
        },
        "bot_id": "BG3N7LG73",
        "attachments": [
            {
                "service_name": "reddit",
                "title": "Employing random_password IF a parameter has not been specified.",
                "title_link": "https:\/\/www.reddit.com\/r\/Terraform\/comments\/ldnsqk\/employing_random_password_if_a_parameter_has_not\/",
                "text": "ssm\\_parameters.yaml file: parameters: Foo1: Foo2: secret: Bar2 And the <http:\/\/main.tf|main.tf>: # SSM Parameter Store ...",
                "fallback": "reddit: Employing random_password IF a parameter has not been specified.",
                "thumb_url": "https:\/\/www.redditstatic.com\/new-icon.png",
                "from_url": "https:\/\/www.reddit.com\/r\/Terraform\/comments\/ldnsqk\/employing_random_password_if_a_parameter_has_not\/",
                "thumb_width": 256,
                "thumb_height": 256,
                "service_icon": "http:\/\/www.redditstatic.com\/desktop2x\/img\/favicon\/apple-icon-57x57.png",
                "id": 1,
                "original_url": "https:\/\/www.reddit.com\/r\/Terraform\/comments\/ldnsqk\/employing_random_password_if_a_parameter_has_not\/"
            }
        ],
        "edited": {
            "user": "BG3N7LG73",
            "ts": "1612579602.000000"
        }
    }
]