[
    {
        "type": "message",
        "subtype": "bot_message",
        "text": "<https:\/\/www.reddit.com\/r\/Terraform\/comments\/li6p0o\/can_anyone_help_me_on_printing_the_current\/|Can anyone help me on printing the current terraform version in the output?>\nHow to print the current terraform version from the <http:\/\/output.tf|output.tf> file ?    submitted by   <https:\/\/www.reddit.com\/user\/daddyOfYourDaddy| \/u\/daddyOfYourDaddy > \n<https:\/\/www.reddit.com\/r\/Terraform\/comments\/li6p0o\/can_anyone_help_me_on_printing_the_current\/|[link]>   <https:\/\/www.reddit.com\/r\/Terraform\/comments\/li6p0o\/can_anyone_help_me_on_printing_the_current\/|[comments]>",
        "ts": "1613117814.031200",
        "username": "Terraform",
        "icons": {
            "image_48": "https:\/\/s3-us-west-2.amazonaws.com\/slack-files2\/bot_icons\/2019-02-12\/548785199618_48.png"
        },
        "bot_id": "BG3N7LG73",
        "attachments": [
            {
                "service_name": "reddit",
                "title": "Can anyone help me on printing the current terraform version in the output?",
                "title_link": "https:\/\/www.reddit.com\/r\/Terraform\/comments\/li6p0o\/can_anyone_help_me_on_printing_the_current\/",
                "text": "How to print the current terraform version from the <http:\/\/output.tf|output.tf> file ?",
                "fallback": "reddit: Can anyone help me on printing the current terraform version in the output?",
                "thumb_url": "https:\/\/www.redditstatic.com\/new-icon.png",
                "from_url": "https:\/\/www.reddit.com\/r\/Terraform\/comments\/li6p0o\/can_anyone_help_me_on_printing_the_current\/",
                "thumb_width": 256,
                "thumb_height": 256,
                "service_icon": "http:\/\/www.redditstatic.com\/desktop2x\/img\/favicon\/apple-icon-57x57.png",
                "id": 1,
                "original_url": "https:\/\/www.reddit.com\/r\/Terraform\/comments\/li6p0o\/can_anyone_help_me_on_printing_the_current\/"
            },
            {
                "title": "overview for daddyOfYourDaddy",
                "title_link": "https:\/\/www.reddit.com\/user\/daddyOfYourDaddy",
                "text": "Never jump from a running train. Suicidal, don’t be rude, so not sure.",
                "fallback": "overview for daddyOfYourDaddy",
                "from_url": "https:\/\/www.reddit.com\/user\/daddyOfYourDaddy",
                "service_icon": "http:\/\/www.redditstatic.com\/desktop2x\/img\/favicon\/apple-icon-57x57.png",
                "service_name": "reddit.com",
                "id": 2,
                "original_url": "https:\/\/www.reddit.com\/user\/daddyOfYourDaddy"
            }
        ],
        "edited": {
            "user": "BG3N7LG73",
            "ts": "1613117814.000000"
        }
    },
    {
        "type": "message",
        "subtype": "bot_message",
        "text": "<https:\/\/www.reddit.com\/r\/Terraform\/comments\/lifik1\/how_to_reduce_repetition_in_configs_best\/|How to reduce repetition in configs? Best alternative to remote-exec for my use case?>\nsubmitted by   <https:\/\/www.reddit.com\/user\/ejams1| \/u\/ejams1 > \n<https:\/\/www.reddit.com\/r\/devops\/comments\/lifd97\/a_few_terraform_questions\/?utm_source=share&amp;utm_medium=web2x&amp;context=3|[link]>   <https:\/\/www.reddit.com\/r\/Terraform\/comments\/lifik1\/how_to_reduce_repetition_in_configs_best\/|[comments]>",
        "ts": "1613150805.031400",
        "username": "Terraform",
        "icons": {
            "image_48": "https:\/\/s3-us-west-2.amazonaws.com\/slack-files2\/bot_icons\/2019-02-12\/548785199618_48.png"
        },
        "bot_id": "BG3N7LG73",
        "attachments": [
            {
                "service_name": "reddit",
                "title": "How to reduce repetition in configs? Best alternative to remote-exec for my use case?",
                "title_link": "https:\/\/www.reddit.com\/r\/Terraform\/comments\/lifik1\/how_to_reduce_repetition_in_configs_best\/",
                "text": "Posted in r\/Terraform by u\/ejams1 • 1 point and 0 comments",
                "fallback": "reddit: How to reduce repetition in configs? Best alternative to remote-exec for my use case?",
                "thumb_url": "https:\/\/www.redditstatic.com\/new-icon.png",
                "from_url": "https:\/\/www.reddit.com\/r\/Terraform\/comments\/lifik1\/how_to_reduce_repetition_in_configs_best\/",
                "thumb_width": 256,
                "thumb_height": 256,
                "service_icon": "http:\/\/www.redditstatic.com\/desktop2x\/img\/favicon\/apple-icon-57x57.png",
                "id": 1,
                "original_url": "https:\/\/www.reddit.com\/r\/Terraform\/comments\/lifik1\/how_to_reduce_repetition_in_configs_best\/"
            },
            {
                "title": "overview for ejams1",
                "title_link": "https:\/\/www.reddit.com\/user\/ejams1",
                "text": "The u\/ejams1 community on Reddit. Reddit gives you the best of the internet in one place.",
                "fallback": "overview for ejams1",
                "from_url": "https:\/\/www.reddit.com\/user\/ejams1",
                "service_icon": "http:\/\/www.redditstatic.com\/desktop2x\/img\/favicon\/apple-icon-57x57.png",
                "service_name": "reddit.com",
                "id": 2,
                "original_url": "https:\/\/www.reddit.com\/user\/ejams1"
            },
            {
                "service_name": "reddit",
                "title": "A few Terraform questions",
                "title_link": "https:\/\/www.reddit.com\/r\/devops\/comments\/lifd97\/a_few_terraform_questions\/?utm_source=share&utm_medium=web2x&context=3",
                "text": "The devops community on Reddit. Reddit gives you the best of the internet in one place.",
                "fallback": "reddit: A few Terraform questions",
                "thumb_url": "https:\/\/www.redditstatic.com\/new-icon.png",
                "from_url": "https:\/\/www.reddit.com\/r\/devops\/comments\/lifd97\/a_few_terraform_questions\/?utm_source=share&utm_medium=web2x&context=3",
                "thumb_width": 256,
                "thumb_height": 256,
                "service_icon": "http:\/\/www.redditstatic.com\/desktop2x\/img\/favicon\/apple-icon-57x57.png",
                "id": 3,
                "original_url": "https:\/\/www.reddit.com\/r\/devops\/comments\/lifd97\/a_few_terraform_questions\/?utm_source=share&amp;utm_medium=web2x&amp;context=3"
            }
        ],
        "edited": {
            "user": "BG3N7LG73",
            "ts": "1613150805.000000"
        }
    },
    {
        "type": "message",
        "subtype": "bot_message",
        "text": "<https:\/\/www.reddit.com\/r\/Terraform\/comments\/lihf7q\/deploy_vm_from_scratch\/|Deploy vm from scratch>\nHi, I would create and deploy a vm in vSphere. It would be a sles15. If I create the vm with tf. And attach an iso image, how can I boot and give a boot parameters(kickstart config)? I tried packer but the problem is, I cant set a static ip for the new vm with vsphere-iso builder :-(.    submitted by   <https:\/\/www.reddit.com\/user\/gerrga| \/u\/gerrga > \n<https:\/\/www.reddit.com\/r\/Terraform\/comments\/lihf7q\/deploy_vm_from_scratch\/|[link]>   &lt;a...",
        "ts": "1613155620.031600",
        "username": "Terraform",
        "icons": {
            "image_48": "https:\/\/s3-us-west-2.amazonaws.com\/slack-files2\/bot_icons\/2019-02-12\/548785199618_48.png"
        },
        "bot_id": "BG3N7LG73",
        "attachments": [
            {
                "service_name": "reddit",
                "title": "Deploy vm from scratch",
                "title_link": "https:\/\/www.reddit.com\/r\/Terraform\/comments\/lihf7q\/deploy_vm_from_scratch\/",
                "text": "Hi, I would create and deploy a vm in vSphere. It would be a sles15. If I create the vm with tf. And attach an iso image, how can I boot and give...",
                "fallback": "reddit: Deploy vm from scratch",
                "thumb_url": "https:\/\/www.redditstatic.com\/new-icon.png",
                "from_url": "https:\/\/www.reddit.com\/r\/Terraform\/comments\/lihf7q\/deploy_vm_from_scratch\/",
                "thumb_width": 256,
                "thumb_height": 256,
                "service_icon": "http:\/\/www.redditstatic.com\/desktop2x\/img\/favicon\/apple-icon-57x57.png",
                "id": 1,
                "original_url": "https:\/\/www.reddit.com\/r\/Terraform\/comments\/lihf7q\/deploy_vm_from_scratch\/"
            },
            {
                "title": "overview for gerrga",
                "title_link": "https:\/\/www.reddit.com\/user\/gerrga",
                "text": "The u\/gerrga community on Reddit. Reddit gives you the best of the internet in one place.",
                "fallback": "overview for gerrga",
                "from_url": "https:\/\/www.reddit.com\/user\/gerrga",
                "service_icon": "http:\/\/www.redditstatic.com\/desktop2x\/img\/favicon\/apple-icon-57x57.png",
                "service_name": "reddit.com",
                "id": 2,
                "original_url": "https:\/\/www.reddit.com\/user\/gerrga"
            }
        ],
        "edited": {
            "user": "BG3N7LG73",
            "ts": "1613155620.000000"
        }
    },
    {
        "type": "message",
        "subtype": "bot_message",
        "text": "<https:\/\/www.google.com\/url?rct=j&amp;sa=t&amp;url=https:\/\/cloud.google.com\/blog\/ja\/topics\/hybrid-cloud\/how-to-federate-multiple-gke-clusters-with-anthos-service-mesh&amp;ct=ga&amp;cd=CAIyHDMwMTY1OGE1ZDI5NDAyNzE6Y28uanA6amE6SlA&amp;usg=AFQjCNFcWMVia2n5GvOof87e7-uLJFDOPQ|&lt;b&gt;Terraform&lt;\/b&gt; を使用して複数の GKE クラスタ向けに Anthos Service Mesh を設定 | Google Cloud Blog>\n本ブログ投稿では、Anthos Service Mesh の新機能と、Terraform を使用して Anthos Service Mesh を 2 つのプライベート GKE クラスタ間に実装する ...",
        "ts": "1613156039.031800",
        "username": "Google アラート - terraform",
        "icons": {
            "image_36": "https:\/\/a.slack-edge.com\/80588\/img\/services\/rss_36.png",
            "image_48": "https:\/\/a.slack-edge.com\/80588\/img\/services\/rss_48.png",
            "image_72": "https:\/\/a.slack-edge.com\/80588\/img\/services\/rss_72.png"
        },
        "bot_id": "BG3N7LG73"
    },
    {
        "type": "message",
        "subtype": "bot_message",
        "text": "<https:\/\/www.reddit.com\/r\/Terraform\/comments\/liinyk\/newly_created_windows_vms_from_terraform_and\/|Newly created Windows VMs from Terraform and Windows Update?>\nHi everyone, Super quick question. If we are currently using a Windows Packer image we created as a template in vSphere and are spinning up new VMs from that template using Terraform, will whatever Windows Updates are on the template be what is used on the newly created Windows VMs from Terraform? Basically we just had someone complain that the new VMs are way behind in Windows Update. Wasn't sure if this is something we have to take care of with a new Packer image every time Windows updates...",
        "ts": "1613158617.031900",
        "username": "Terraform",
        "icons": {
            "image_48": "https:\/\/s3-us-west-2.amazonaws.com\/slack-files2\/bot_icons\/2019-02-12\/548785199618_48.png"
        },
        "bot_id": "BG3N7LG73",
        "attachments": [
            {
                "service_name": "reddit",
                "title": "Newly created Windows VMs from Terraform and Windows Update?",
                "title_link": "https:\/\/www.reddit.com\/r\/Terraform\/comments\/liinyk\/newly_created_windows_vms_from_terraform_and\/",
                "text": "Hi everyone, Super quick question. If we are currently using a Windows Packer image we created as a template in vSphere and are spinning up new...",
                "fallback": "reddit: Newly created Windows VMs from Terraform and Windows Update?",
                "thumb_url": "https:\/\/www.redditstatic.com\/new-icon.png",
                "from_url": "https:\/\/www.reddit.com\/r\/Terraform\/comments\/liinyk\/newly_created_windows_vms_from_terraform_and\/",
                "thumb_width": 256,
                "thumb_height": 256,
                "service_icon": "http:\/\/www.redditstatic.com\/desktop2x\/img\/favicon\/apple-icon-57x57.png",
                "id": 1,
                "original_url": "https:\/\/www.reddit.com\/r\/Terraform\/comments\/liinyk\/newly_created_windows_vms_from_terraform_and\/"
            }
        ],
        "edited": {
            "user": "BG3N7LG73",
            "ts": "1613158618.000000"
        }
    },
    {
        "type": "message",
        "subtype": "bot_message",
        "text": "<https:\/\/www.reddit.com\/r\/Terraform\/comments\/lijbok\/looking_for_best_practices_to_minimize_blast\/|Looking for best practices to minimize blast radius or accidental resource deletion>\nHi All, I am looking to use terraform for deployment of our infrastructure in AWS.\n I wanted to know what are the best practices to minimize the blast radius or deletion by error. As far as i understand, one should be using multiple state files dedicated to sections of the infrastructure such that any error i restricted to a section of the infrastructure.\n We also can use various iam roles to restrict who has permissions to delete resources on AWS.\n But there are certain key ec2 resources we...",
        "ts": "1613161015.032100",
        "username": "Terraform",
        "icons": {
            "image_48": "https:\/\/s3-us-west-2.amazonaws.com\/slack-files2\/bot_icons\/2019-02-12\/548785199618_48.png"
        },
        "bot_id": "BG3N7LG73",
        "attachments": [
            {
                "service_name": "reddit",
                "title": "Looking for best practices to minimize blast radius or accidental resource deletion",
                "title_link": "https:\/\/www.reddit.com\/r\/Terraform\/comments\/lijbok\/looking_for_best_practices_to_minimize_blast\/",
                "text": "Hi All, I am looking to use terraform for deployment of our infrastructure in AWS. I wanted to know what are the best practices to minimize...",
                "fallback": "reddit: Looking for best practices to minimize blast radius or accidental resource deletion",
                "thumb_url": "https:\/\/www.redditstatic.com\/new-icon.png",
                "from_url": "https:\/\/www.reddit.com\/r\/Terraform\/comments\/lijbok\/looking_for_best_practices_to_minimize_blast\/",
                "thumb_width": 256,
                "thumb_height": 256,
                "service_icon": "http:\/\/www.redditstatic.com\/desktop2x\/img\/favicon\/apple-icon-57x57.png",
                "id": 1,
                "original_url": "https:\/\/www.reddit.com\/r\/Terraform\/comments\/lijbok\/looking_for_best_practices_to_minimize_blast\/"
            }
        ],
        "edited": {
            "user": "BG3N7LG73",
            "ts": "1613161016.000000"
        }
    },
    {
        "type": "message",
        "subtype": "bot_message",
        "text": "<https:\/\/www.reddit.com\/r\/Terraform\/comments\/likqhm\/any_reason_to_use_serverless_framework_over\/|Any reason to use Serverless Framework over Terraform?>\nOr even with Terraform? I will admit, I have barely touched Serverless Framework, but I've built my fair share of AWS serverless infra in Terraform. Will I need SF?    submitted by   <https:\/\/www.reddit.com\/user\/mad_edge| \/u\/mad_edge > \n<https:\/\/www.reddit.com\/r\/Terraform\/comments\/likqhm\/any_reason_to_use_serverless_framework_over\/|[link]>   <https:\/\/www.reddit.com\/r\/Terraform\/comments\/likqhm\/any_reason_to_use_serverless_framework_over\/|[comments]>",
        "ts": "1613164619.032300",
        "username": "Terraform",
        "icons": {
            "image_48": "https:\/\/s3-us-west-2.amazonaws.com\/slack-files2\/bot_icons\/2019-02-12\/548785199618_48.png"
        },
        "bot_id": "BG3N7LG73",
        "attachments": [
            {
                "service_name": "reddit",
                "title": "Any reason to use Serverless Framework over Terraform?",
                "title_link": "https:\/\/www.reddit.com\/r\/Terraform\/comments\/likqhm\/any_reason_to_use_serverless_framework_over\/",
                "text": "Or even with Terraform? I will admit, I have barely touched Serverless Framework, but I've built my fair share of AWS serverless infra in...",
                "fallback": "reddit: Any reason to use Serverless Framework over Terraform?",
                "thumb_url": "https:\/\/www.redditstatic.com\/new-icon.png",
                "from_url": "https:\/\/www.reddit.com\/r\/Terraform\/comments\/likqhm\/any_reason_to_use_serverless_framework_over\/",
                "thumb_width": 256,
                "thumb_height": 256,
                "service_icon": "http:\/\/www.redditstatic.com\/desktop2x\/img\/favicon\/apple-icon-57x57.png",
                "id": 1,
                "original_url": "https:\/\/www.reddit.com\/r\/Terraform\/comments\/likqhm\/any_reason_to_use_serverless_framework_over\/"
            },
            {
                "title": "overview for mad_edge",
                "title_link": "https:\/\/www.reddit.com\/user\/mad_edge",
                "text": "The u\/mad_edge community on Reddit. Reddit gives you the best of the internet in one place.",
                "fallback": "overview for mad_edge",
                "from_url": "https:\/\/www.reddit.com\/user\/mad_edge",
                "service_icon": "http:\/\/www.redditstatic.com\/desktop2x\/img\/favicon\/apple-icon-57x57.png",
                "service_name": "reddit.com",
                "id": 2,
                "original_url": "https:\/\/www.reddit.com\/user\/mad_edge"
            }
        ],
        "edited": {
            "user": "BG3N7LG73",
            "ts": "1613164619.000000"
        }
    },
    {
        "type": "message",
        "subtype": "bot_message",
        "text": "<https:\/\/www.reddit.com\/r\/Terraform\/comments\/linyxd\/best_practice_for_deploying_15_different_vms\/|Best practice for deploying 15 different VMs>\nI need to deploy 15+ linux virtual machines on Azure with terraform, however, not all are ubuntu and their sizes\/configurations are different So far my .tfvars looks like this: <https:\/\/i.imgur.com\/xaJ6aVW.png|https:\/\/i.imgur.com\/xaJ6aVW.png>  Everything works, but the file is almost 1000 lines long and doesn't seem like the best way to leave the code to a future developer who may need to make changes I would like opinions on how to make this file more readable or a better way to...",
        "ts": "1613173613.032500",
        "username": "Terraform",
        "icons": {
            "image_48": "https:\/\/s3-us-west-2.amazonaws.com\/slack-files2\/bot_icons\/2019-02-12\/548785199618_48.png"
        },
        "bot_id": "BG3N7LG73",
        "attachments": [
            {
                "service_name": "reddit",
                "title": "Best practice for deploying 15 different VMs",
                "title_link": "https:\/\/www.reddit.com\/r\/Terraform\/comments\/linyxd\/best_practice_for_deploying_15_different_vms\/",
                "text": "I need to deploy 15+ linux virtual machines on Azure with terraform, however, not all are ubuntu and their sizes\/configurations are different So...",
                "fallback": "reddit: Best practice for deploying 15 different VMs",
                "thumb_url": "https:\/\/www.redditstatic.com\/new-icon.png",
                "from_url": "https:\/\/www.reddit.com\/r\/Terraform\/comments\/linyxd\/best_practice_for_deploying_15_different_vms\/",
                "thumb_width": 256,
                "thumb_height": 256,
                "service_icon": "http:\/\/www.redditstatic.com\/desktop2x\/img\/favicon\/apple-icon-57x57.png",
                "id": 1,
                "original_url": "https:\/\/www.reddit.com\/r\/Terraform\/comments\/linyxd\/best_practice_for_deploying_15_different_vms\/"
            },
            {
                "fallback": "534x866px image",
                "image_url": "https:\/\/i.imgur.com\/xaJ6aVW.png",
                "image_width": 534,
                "image_height": 866,
                "image_bytes": 102471,
                "from_url": "https:\/\/i.imgur.com\/xaJ6aVW.png",
                "id": 2,
                "original_url": "https:\/\/i.imgur.com\/xaJ6aVW.png"
            }
        ],
        "edited": {
            "user": "BG3N7LG73",
            "ts": "1613173614.000000"
        }
    },
    {
        "type": "message",
        "subtype": "bot_message",
        "text": "<https:\/\/qiita.com\/kenttt\/items\/7f75fc8f4e9143a1ecdc|VSCodeでTerraformのオートフォーマットができない時の解決方法>\n<https:\/\/qiita.com\/#%E7%8F%BE%E8%B1%A1>現象\n\n<https:\/\/qiita.com\/pypypyo14\/items\/5520f3defa55119f3a1a|この記事>を参考にVSCodeでTerraformを書く環境を構築していましたが、\n拡張機能インストール後に.tfファイルを保存してもオートフォーマットができませんでした。\n\n\n<https:\/\/qiita.com\/#%E8%A7%A3%E6%B1%BA%E6%96%B9%E6%B3%95>解決方法\n\nsettings.jsonを開いて、\"editor.defaultFormatter\"の設定を削除したらフォーマッタが効くようになりました。\n色々設定をいじったり拡張機能を入れていたせいか、VSCodeのフォーマッタ設定がおかしくなっていたようです。\n\n\nsettings.json\n\"editor.defaultFormatter\": \"esbenp.prettier-vscode\",　←この行を削除",
        "ts": "1613197006.032700",
        "username": "Terraformタグが付けられた新着記事 - Qiita",
        "icons": {
            "image_36": "https:\/\/a.slack-edge.com\/80588\/img\/services\/rss_36.png",
            "image_48": "https:\/\/a.slack-edge.com\/80588\/img\/services\/rss_48.png",
            "image_72": "https:\/\/a.slack-edge.com\/80588\/img\/services\/rss_72.png"
        },
        "bot_id": "BG3N7LG73",
        "attachments": [
            {
                "service_name": "Qiita",
                "title": "VSCodeでTerraformのオートフォーマットができない時の解決方法 - Qiita",
                "title_link": "https:\/\/qiita.com\/kenttt\/items\/7f75fc8f4e9143a1ecdc",
                "text": "現象 この記事を参考にVSCodeでTerraformを書く環境を構築していましたが、 拡張機能インストール後に.tfファイルを保存してもオートフォーマットができませんでした。 解決方法 settings.jsonを開いて...",
                "fallback": "Qiita: VSCodeでTerraformのオートフォーマットができない時の解決方法 - Qiita",
                "image_url": "https:\/\/qiita-user-contents.imgix.net\/https%3A%2F%2Fcdn.qiita.com%2Fassets%2Fpublic%2Farticle-ogp-background-1150d8b18a7c15795b701a55ae908f94.png?ixlib=rb-1.2.2&w=1200&mark=https%3A%2F%2Fqiita-user-contents.imgix.net%2F~text%3Fixlib%3Drb-1.2.2%26w%3D840%26h%3D380%26txt%3DVSCode%25E3%2581%25A7Terraform%25E3%2581%25AE%25E3%2582%25AA%25E3%2583%25BC%25E3%2583%2588%25E3%2583%2595%25E3%2582%25A9%25E3%2583%25BC%25E3%2583%259E%25E3%2583%2583%25E3%2583%2588%25E3%2581%258C%25E3%2581%25A7%25E3%2581%258D%25E3%2581%25AA%25E3%2581%2584%25E6%2599%2582%25E3%2581%25AE%25E8%25A7%25A3%25E6%25B1%25BA%25E6%2596%25B9%25E6%25B3%2595%26txt-color%3D%2523333%26txt-font%3DHiragino%2520Sans%2520W6%26txt-size%3D54%26txt-clip%3Dellipsis%26txt-align%3Dcenter%252Cmiddle%26s%3D99b49d45e423c15e3c87181b731be380&mark-align=center%2Cmiddle&blend=https%3A%2F%2Fqiita-user-contents.imgix.net%2F~text%3Fixlib%3Drb-1.2.2%26w%3D840%26h%3D500%26txt%3D%2540kenttt%26txt-color%3D%2523333%26txt-font%3DHiragino%2520Sans%2520W6%26txt-size%3D45%26txt-align%3Dright%252Cbottom%26s%3Dd931bb390b31987dcb3e76a5776096ec&blend-align=center%2Cmiddle&blend-mode=normal&s=7802dbeba4891bbf302396dfd0b988df",
                "from_url": "https:\/\/qiita.com\/kenttt\/items\/7f75fc8f4e9143a1ecdc",
                "image_width": 476,
                "image_height": 250,
                "image_bytes": 59708,
                "service_icon": "https:\/\/cdn.qiita.com\/assets\/favicons\/public\/apple-touch-icon-ec5ba42a24ae923f16825592efdc356f.png",
                "id": 1,
                "original_url": "https:\/\/qiita.com\/kenttt\/items\/7f75fc8f4e9143a1ecdc"
            },
            {
                "service_name": "Qiita",
                "title": "プログラマの技術情報共有サービス - Qiita",
                "title_link": "https:\/\/qiita.com\/#%E7%8F%BE%E8%B1%A1",
                "text": "Qiitaは、プログラマのための技術情報共有サービスです。 プログラミングに関するTips、ノウハウ、メモを簡単に記録 &amp; 公開することができます。",
                "fallback": "Qiita: プログラマの技術情報共有サービス - Qiita",
                "thumb_url": "https:\/\/cdn.qiita.com\/assets\/qiita-fb-41f9429f13a8c56f50dd0ab477c80d26.png",
                "from_url": "https:\/\/qiita.com\/#%E7%8F%BE%E8%B1%A1",
                "thumb_width": 1200,
                "thumb_height": 630,
                "service_icon": "https:\/\/cdn.qiita.com\/assets\/favicons\/public\/apple-touch-icon-ec5ba42a24ae923f16825592efdc356f.png",
                "id": 2,
                "original_url": "https:\/\/qiita.com\/#%E7%8F%BE%E8%B1%A1"
            },
            {
                "service_name": "Qiita",
                "title": "VSCodeでTerraformを書くときの設定(2019\/11\/07追記: HCL2対応) - Qiita",
                "title_link": "https:\/\/qiita.com\/pypypyo14\/items\/5520f3defa55119f3a1a",
                "text": "追記 :2019\/11\/07 ついにTerraform 0.12以降のHCL2に対応した模様です！ VSCodeのコンソールから terraform: install\/update language server -&gt; ...",
                "fallback": "Qiita: VSCodeでTerraformを書くときの設定(2019\/11\/07追記: HCL2対応) - Qiita",
                "image_url": "https:\/\/qiita-user-contents.imgix.net\/https%3A%2F%2Fcdn.qiita.com%2Fassets%2Fpublic%2Farticle-ogp-background-1150d8b18a7c15795b701a55ae908f94.png?ixlib=rb-1.2.2&w=1200&mark=https%3A%2F%2Fqiita-user-contents.imgix.net%2F~text%3Fixlib%3Drb-1.2.2%26w%3D840%26h%3D380%26txt%3DVSCode%25E3%2581%25A7Terraform%25E3%2582%2592%25E6%259B%25B8%25E3%2581%258F%25E3%2581%25A8%25E3%2581%258D%25E3%2581%25AE%25E8%25A8%25AD%25E5%25AE%259A%25282019%252F11%252F07%25E8%25BF%25BD%25E8%25A8%2598%253A%2520HCL2%25E5%25AF%25BE%25E5%25BF%259C%2529%26txt-color%3D%2523333%26txt-font%3DHiragino%2520Sans%2520W6%26txt-size%3D54%26txt-clip%3Dellipsis%26txt-align%3Dcenter%252Cmiddle%26s%3Df604ea4f6fb22878175525d1adda6956&mark-align=center%2Cmiddle&blend=https%3A%2F%2Fqiita-user-contents.imgix.net%2F~text%3Fixlib%3Drb-1.2.2%26w%3D840%26h%3D500%26txt%3D%2540pypypyo14%26txt-color%3D%2523333%26txt-font%3DHiragino%2520Sans%2520W6%26txt-size%3D45%26txt-align%3Dright%252Cbottom%26s%3D2a5f765416c94be11d3c801658aa1768&blend-align=center%2Cmiddle&blend-mode=normal&s=3b39b0ee54010f9f29cc066d9318c82f",
                "from_url": "https:\/\/qiita.com\/pypypyo14\/items\/5520f3defa55119f3a1a",
                "image_width": 476,
                "image_height": 250,
                "image_bytes": 63510,
                "service_icon": "https:\/\/cdn.qiita.com\/assets\/favicons\/public\/apple-touch-icon-ec5ba42a24ae923f16825592efdc356f.png",
                "id": 3,
                "original_url": "https:\/\/qiita.com\/pypypyo14\/items\/5520f3defa55119f3a1a"
            },
            {
                "service_name": "Qiita",
                "title": "プログラマの技術情報共有サービス - Qiita",
                "title_link": "https:\/\/qiita.com\/#%E8%A7%A3%E6%B1%BA%E6%96%B9%E6%B3%95",
                "text": "Qiitaは、プログラマのための技術情報共有サービスです。 プログラミングに関するTips、ノウハウ、メモを簡単に記録 &amp; 公開することができます。",
                "fallback": "Qiita: プログラマの技術情報共有サービス - Qiita",
                "thumb_url": "https:\/\/cdn.qiita.com\/assets\/qiita-fb-41f9429f13a8c56f50dd0ab477c80d26.png",
                "from_url": "https:\/\/qiita.com\/#%E8%A7%A3%E6%B1%BA%E6%96%B9%E6%B3%95",
                "thumb_width": 1200,
                "thumb_height": 630,
                "service_icon": "https:\/\/cdn.qiita.com\/assets\/favicons\/public\/apple-touch-icon-ec5ba42a24ae923f16825592efdc356f.png",
                "id": 4,
                "original_url": "https:\/\/qiita.com\/#%E8%A7%A3%E6%B1%BA%E6%96%B9%E6%B3%95"
            }
        ],
        "edited": {
            "user": "BG3N7LG73",
            "ts": "1613197006.000000"
        }
    }
]