[
    {
        "client_msg_id": "3afe6dbf-7247-4080-a84e-b3c3ed024663",
        "type": "message",
        "text": "先日hcl2に送ったPRマージされてたぞい\n<https:\/\/github.com\/hashicorp\/hcl2\/pull\/130>",
        "user": "UHS4SFFA7",
        "ts": "1568168107.032200",
        "team": "TFU0BKCQP",
        "user_team": "TFU0BKCQP",
        "source_team": "TFU0BKCQP",
        "user_profile": {
            "avatar_hash": "gade34f8bdf1",
            "image_72": "https:\/\/secure.gravatar.com\/avatar\/5ade34f8bdf1b55c4ff82c11cf23cf42.jpg?s=72&d=https%3A%2F%2Fa.slack-edge.com%2Fdf10d%2Fimg%2Favatars%2Fava_0008-72.png",
            "first_name": "",
            "real_name": "minamijoyo",
            "display_name": "minamijoyo",
            "team": "TFU0BKCQP",
            "name": "minamijoyo",
            "is_restricted": false,
            "is_ultra_restricted": false
        },
        "attachments": [
            {
                "author_name": "minamijoyo",
                "fallback": "[hashicorp\/hcl2] #130 hclwrite: Fix unquoted label to be parsed as `*identifier`",
                "text": "Fix an issue found while working on <https:\/\/github.com\/hashicorp\/hcl2\/pull\/126|#126>.\n\nIf label is unquoted, we expect to get a TokenIdent as `*identifier`, but the current implementation seems to wrap it in `*quoted`.\n\nWe should handle this case correctly.",
                "title": "#130 hclwrite: Fix unquoted label to be parsed as `*identifier`",
                "footer": "<https:\/\/github.com\/hashicorp\/hcl2|hashicorp\/hcl2>",
                "id": 1,
                "title_link": "https:\/\/github.com\/hashicorp\/hcl2\/pull\/130",
                "author_link": "https:\/\/github.com\/minamijoyo",
                "author_icon": "https:\/\/avatars1.githubusercontent.com\/u\/6985802?v=4",
                "footer_icon": "https:\/\/github.githubassets.com\/favicon.ico",
                "ts": 1566313395,
                "color": "6f42c1",
                "fields": [
                    {
                        "title": "Comments",
                        "value": "1",
                        "short": true
                    }
                ],
                "mrkdwn_in": [
                    "text"
                ],
                "bot_id": "BH12QQBB4",
                "app_unfurl_url": "https:\/\/github.com\/hashicorp\/hcl2\/pull\/130",
                "is_app_unfurl": true
            }
        ],
        "reactions": [
            {
                "name": "tada",
                "users": [
                    "UG46Z57TN",
                    "UKAKENQAF",
                    "UFU0BKD8F",
                    "UFUP9BGES",
                    "UFTKSQ25T",
                    "ULMG6D5GB",
                    "ULSHHPEBB"
                ],
                "count": 7
            }
        ]
    },
    {
        "client_msg_id": "5dd330ec-0cc2-4c7e-9955-f1204dc57f10",
        "type": "message",
        "text": "いちおう解説しておくと、\n\n```\nresource \"aws_hoge\" \"fuga\" {\n}\n```\n\nみたいなブロックを書いたときに  `\"aws_hoge\"` とか  `\"fuga\"` のラベル部分ってHCL2の仕様上は実はクオートが必須ではないんだけど、HCL2のパーサの実装で一部クオートされてることを決め打ちしてる箇所があったのに気づいたので、ついでに治しておきました的な。",
        "user": "UHS4SFFA7",
        "ts": "1568168607.035900",
        "team": "TFU0BKCQP",
        "user_team": "TFU0BKCQP",
        "source_team": "TFU0BKCQP",
        "user_profile": {
            "avatar_hash": "gade34f8bdf1",
            "image_72": "https:\/\/secure.gravatar.com\/avatar\/5ade34f8bdf1b55c4ff82c11cf23cf42.jpg?s=72&d=https%3A%2F%2Fa.slack-edge.com%2Fdf10d%2Fimg%2Favatars%2Fava_0008-72.png",
            "first_name": "",
            "real_name": "minamijoyo",
            "display_name": "minamijoyo",
            "team": "TFU0BKCQP",
            "name": "minamijoyo",
            "is_restricted": false,
            "is_ultra_restricted": false
        },
        "edited": {
            "user": "UHS4SFFA7",
            "ts": "1568168726.000000"
        },
        "reactions": [
            {
                "name": "chiken",
                "users": [
                    "UFTKSQ25T"
                ],
                "count": 1
            },
            {
                "name": "kansha",
                "users": [
                    "UFTKSQ25T"
                ],
                "count": 1
            }
        ]
    },
    {
        "client_msg_id": "1e41c030-c5f2-4002-9481-7fa2ac760147",
        "type": "message",
        "text": "なんでこんなマニアックなものを見つけたかというと #126 実装してたときにテストが思ったとおりに通らなくてたまたま気づいた",
        "user": "UHS4SFFA7",
        "ts": "1568168686.036800",
        "team": "TFU0BKCQP",
        "user_team": "TFU0BKCQP",
        "source_team": "TFU0BKCQP",
        "user_profile": {
            "avatar_hash": "gade34f8bdf1",
            "image_72": "https:\/\/secure.gravatar.com\/avatar\/5ade34f8bdf1b55c4ff82c11cf23cf42.jpg?s=72&d=https%3A%2F%2Fa.slack-edge.com%2Fdf10d%2Fimg%2Favatars%2Fava_0008-72.png",
            "first_name": "",
            "real_name": "minamijoyo",
            "display_name": "minamijoyo",
            "team": "TFU0BKCQP",
            "name": "minamijoyo",
            "is_restricted": false,
            "is_ultra_restricted": false
        }
    },
    {
        "client_msg_id": "82e75ce6-7d54-4806-b7f0-886beaf07c43",
        "type": "message",
        "text": "素晴らしい〜",
        "user": "UFU0BKD8F",
        "ts": "1568169346.037800",
        "team": "TFU0BKCQP",
        "user_team": "TFU0BKCQP",
        "source_team": "TFU0BKCQP",
        "user_profile": {
            "avatar_hash": "92c41c62c7b0",
            "image_72": "https:\/\/avatars.slack-edge.com\/2019-01-30\/537137791812_92c41c62c7b0f054d3dd_72.jpg",
            "first_name": "らき",
            "real_name": "らき",
            "display_name": "raki",
            "team": "TFU0BKCQP",
            "name": "nishimuray",
            "is_restricted": false,
            "is_ultra_restricted": false
        }
    }
]