[
    {
        "client_msg_id": "d870ad3f-bc4c-4cac-bf0a-18725a52d29f",
        "type": "message",
        "text": "また、候補がいっぱいあるリファクタリングISSUEが来た。\n<https:\/\/github.com\/terraform-providers\/terraform-provider-aws\/issues\/10241>",
        "user": "UKAKENQAF",
        "ts": "1569489126.013500",
        "team": "TFU0BKCQP",
        "user_team": "TFU0BKCQP",
        "source_team": "TFU0BKCQP",
        "user_profile": {
            "avatar_hash": "g3c6c9b43cb5",
            "image_72": "https:\/\/secure.gravatar.com\/avatar\/f3c6c9b43cb5ff355b8faaac3e662292.jpg?s=72&d=https%3A%2F%2Fa.slack-edge.com%2Fdf10d%2Fimg%2Favatars%2Fava_0020-72.png",
            "first_name": "",
            "real_name": "kterada0509",
            "display_name": "kterada0509",
            "team": "TFU0BKCQP",
            "name": "kterada.0509sg",
            "is_restricted": false,
            "is_ultra_restricted": false
        },
        "attachments": [
            {
                "author_name": "bflad",
                "fallback": "[terraform-providers\/terraform-provider-aws] #10241 Fix scopelint Linting Issues and Enable in CI Testing",
                "text": "*Description*\n\n<https:\/\/github.com\/kyoh86\/scopelint|`scopelint`> checks for unpinned variables in Go programs.\n\n```\n$ golangci-lint run --enable scopelint .\/aws\naws\/resource_aws_instance_test.go:121:19: Using the variable on range scope `tc` in function literal (scopelint)\n        data.Images = tc.images\n                      ^\naws\/resource_aws_instance_test.go:124:7: Using the variable on range scope `tc` in function literal (scopelint)\n      if tc.name != aws.StringValue(name) {\n         ^\naws\/resource_aws_instance_test.go:125:42: Using the variable on range scope `tc` in function literal (scopelint)\n        t.Errorf(\"Expected name %s, got %s\", tc.name, aws.StringValue(name))\n                                             ^\naws\/ecs_task_definition_equivalency.go:81:27: Using the variable on range scope `def` in function literal (scopelint)\n      return aws.StringValue(def.Environment[i].Name) &lt; aws.StringValue(def.Environment[j].Name)\n                             ^\naws\/tagsPinPointApp.go:81:20: Using a reference for the variable on range scope `i` (scopelint)\n        k = append(k, &amp;i)\n                       ^\naws\/resource_aws_proxy_protocol_policy.go:220:39: Using a reference for the variable on range scope `policy` (scopelint)\n      newPolicies = append(newPolicies, &amp;policy)\n                                         ^\naws\/resource_aws_proxy_protocol_policy.go:246:40: Using a reference for the variable on range scope `p` (scopelint)\n        newPolicies = append(newPolicies, &amp;p)\n                                           ^\naws\/resource_aws_ses_template_test.go:126:30: Using the variable on range scope `rs` in function literal (scopelint)\n        TemplateName: aws.String(rs.Primary.ID),\n                                 ^\naws\/resource_aws_s3_bucket_test.go:2091:80: Using the variable on range scope `rs` in function literal (scopelint)\n      return resource.RetryableError(fmt.Errorf(\"AWS S3 Bucket still exists: %s\", rs.Primary.ID))\n                                                                                  ^\naws\/resource_aws_iam_user_login_profile_test.go:49:38: Using the variable on range scope `tc` in function literal (scopelint)\n      valid := checkIAMPwdPolicy([]byte(tc.pass))\n                                        ^\naws\/resource_aws_iam_user_login_profile_test.go:50:16: Using the variable on range scope `tc` in function literal (scopelint)\n      if valid != tc.valid {\n                  ^\naws\/resource_aws_iam_user_login_profile_test.go:51:53: Using the variable on range scope `tc` in function literal (scopelint)\n        t.Fatalf(\"expected %q to be valid==%t, got %t\", tc.pass, tc.valid, valid)\n                                                        ^\naws\/resource_aws_appmesh_virtual_router_test.go:51:26: Using the variable on range scope `mesh` in function literal (scopelint)\n            MeshName:          mesh.MeshName,\n                               ^\naws\/resource_aws_s3_bucket_notification_test.go:272:24: Using the variable on range scope `rs` in function literal (scopelint)\n        Bucket: aws.String(rs.Primary.ID),\n                           ^\naws\/resource_aws_redshift_security_group.go:180:55: Using a reference for the variable on range scope `r` (scopelint)\n        _, err := conn.RevokeClusterSecurityGroupIngress(&amp;r)\n                                                          ^\naws\/resource_aws_redshift_security_group.go:195:58: Using a reference for the variable on range scope `r` (scopelint)\n        _, err := conn.AuthorizeClusterSecurityGroupIngress(&amp;r)\n                                                             ^\naws\/resource_aws_sns_sms_preferences.go:157:41: Using a reference for the variable on range scope `defValue` (scopelint)\n    attrs[smsAttributeMap[tfAttrName]] = &amp;defValue\n                                          ^\naws\/resource_aws_macie_member_account_association_test.go:66:40: Using the variable on range scope `rs` in function literal (scopelint)\n        if aws.StringValue(v.AccountId) == rs.Primary.Attributes[\"member_account_id\"] {\n                                           ^\naws\/resource_aws_iam_policy_attachment.go:223:15: Using the variable on range scope `r` in function literal (scopelint)\n        RoleName: r,\n                  ^\naws\/tagsPinPointApp_test.go:103:66: Using a reference for the variable on range scope `key` (scopelint)\n      t.Fatalf(\"Tag %v with value %v not ignored, but should be!\", &amp;key, &amp;value)\n                                                                    ^\naws\/structure_test.go:1394:32: Using the variable on range scope `tc` in function literal (scopelint)\n      config, err := canonicalXML(tc.Config)\n                                  ^\naws\/structure_test.go:1398:34: Using the variable on range scope `tc` in function literal (scopelint)\n      expected, err := canonicalXML(tc.Expected)\n                                    ^\naws\/structure_test.go:1404:9: Using the variable on range scope `tc` in function literal (scopelint)\n        if !tc.ExpectError {\n            ^\naws\/resource_aws_spot_datafeed_subscription_test.go:24:4: Using the variable on range scope `tc` in function literal (scopelint)\n      tc(t)\n      ^\naws\/resource_aws_autoscaling_group.go:611:61: Using a reference for the variable on range scope `hook` (scopelint)\n      if err = resourceAwsAutoscalingLifecycleHookPutOp(conn, &amp;hook); err != nil {\n                                                               ^\naws\/resource_aws_gamelift_fleet_test.go:55:15: Using the variable on range scope `attr` in function literal (scopelint)\n          FleetId: attr.FleetId,\n                   ^\naws\/resource_aws_gamelift_fleet_test.go:58:74: Using the variable on range scope `attr` in function literal (scopelint)\n          msg := fmt.Sprintf(\"Cannot delete fleet %s that is in status of \", *attr.FleetId)\n                                                                              ^\naws\/resource_aws_cloudwatch_event_permission_test.go:347:106: Using the variable on range scope `rs` in function literal (scopelint)\n        return resource.NonRetryableError(fmt.Errorf(\"Reading CloudWatch Events permission '%s' failed: %s\", rs.Primary.ID, err.Error()))\n                                                                                                             ^\naws\/resource_aws_cloudwatch_event_permission_test.go:350:74: Using the variable on range scope `rs` in function literal (scopelint)\n      _, err = findCloudWatchEventPermissionPolicyStatementByID(&amp;policyDoc, rs.Primary.ID)\n                                                                            ^\naws\/resource_aws_cloudwatch_event_permission_test.go:352:90: Using the variable on range scope `rs` in function literal (scopelint)\n        return resource.RetryableError(fmt.Errorf(\"CloudWatch Events permission exists: %s\", rs.Primary.ID))\n                                                                                             ^\naws\/resource_aws_wafregional_ipset.go:176:18: Using the variable on range scope `ipSetUpdates` in function literal (scopelint)\n        Updates:     ipSetUpdates,\n                     ^\naws\/resource_aws_macie_s3_bucket_association_test.go:87:41: Using the variable on range scope `rs` in function literal (scopelint)\n        if aws.StringValue(v.BucketName) == rs.Primary.Attributes[\"bucket_name\"] &amp;&amp; aws.StringValue(v.Prefix) == rs.Primary.Attributes[\"prefix\"] {\n                                            ^\naws\/resource_aws_sqs_queue_test.go:413:81: Using the variable on range scope `rs` in function literal (scopelint)\n      return resource.RetryableError(fmt.Errorf(\"Queue %s still exists. Failing!\", rs.Primary.ID))\n                                                                                   ^\naws\/resource_aws_waf_ipset_test.go:310:39: Using the variable on range scope `tc` in function literal (scopelint)\n      updates := diffWafIpSetDescriptors(tc.Old, tc.New)\n                                         ^\naws\/resource_aws_waf…",
                "title": "#10241 Fix scopelint Linting Issues and Enable in CI Testing",
                "footer": "<https:\/\/github.com\/terraform-providers\/terraform-provider-aws|terraform-providers\/terraform-provider-aws>",
                "id": 1,
                "title_link": "https:\/\/github.com\/terraform-providers\/terraform-provider-aws\/issues\/10241",
                "author_link": "https:\/\/github.com\/bflad",
                "author_icon": "https:\/\/avatars3.githubusercontent.com\/u\/189114?v=4",
                "footer_icon": "https:\/\/github.githubassets.com\/favicon.ico",
                "ts": 1569420844,
                "color": "36a64f",
                "fields": [
                    {
                        "title": "Labels",
                        "value": "provider, technical-debt, tests",
                        "short": true
                    }
                ],
                "mrkdwn_in": [
                    "text"
                ],
                "bot_id": "BH12QQBB4",
                "app_unfurl_url": "https:\/\/github.com\/terraform-providers\/terraform-provider-aws\/issues\/10241",
                "is_app_unfurl": true
            }
        ],
        "thread_ts": "1569489126.013500",
        "reply_count": 1,
        "reply_users_count": 1,
        "latest_reply": "1569994975.017100",
        "reply_users": [
            "UKAKENQAF"
        ],
        "replies": [
            {
                "user": "UKAKENQAF",
                "ts": "1569994975.017100"
            }
        ],
        "subscribed": false,
        "reactions": [
            {
                "name": "eyes",
                "users": [
                    "UG46Z57TN"
                ],
                "count": 1
            }
        ]
    },
    {
        "client_msg_id": "885d4e18-9601-4c41-9d21-fb6cbd02aa44",
        "type": "message",
        "text": "あー、こーゆーリファクタリング系のはテスト通ればいいので分かりやすいですね。",
        "user": "UHS4SFFA7",
        "ts": "1569490825.014200",
        "team": "TFU0BKCQP",
        "user_team": "TFU0BKCQP",
        "source_team": "TFU0BKCQP",
        "user_profile": {
            "avatar_hash": "gade34f8bdf1",
            "image_72": "https:\/\/secure.gravatar.com\/avatar\/5ade34f8bdf1b55c4ff82c11cf23cf42.jpg?s=72&d=https%3A%2F%2Fa.slack-edge.com%2Fdf10d%2Fimg%2Favatars%2Fava_0008-72.png",
            "first_name": "",
            "real_name": "minamijoyo",
            "display_name": "minamijoyo",
            "team": "TFU0BKCQP",
            "name": "minamijoyo",
            "is_restricted": false,
            "is_ultra_restricted": false
        },
        "reactions": [
            {
                "name": "+1",
                "users": [
                    "UKAKENQAF"
                ],
                "count": 1
            }
        ]
    },
    {
        "client_msg_id": "bd4e7604-e38f-4310-adbc-1c3374285f75",
        "type": "message",
        "text": "scopelintさんが潜在バグを指摘してくれてるので、治すとテスト落ちる可能性が若干ありますがw",
        "user": "UHS4SFFA7",
        "ts": "1569490906.016100",
        "team": "TFU0BKCQP",
        "user_team": "TFU0BKCQP",
        "source_team": "TFU0BKCQP",
        "user_profile": {
            "avatar_hash": "gade34f8bdf1",
            "image_72": "https:\/\/secure.gravatar.com\/avatar\/5ade34f8bdf1b55c4ff82c11cf23cf42.jpg?s=72&d=https%3A%2F%2Fa.slack-edge.com%2Fdf10d%2Fimg%2Favatars%2Fava_0008-72.png",
            "first_name": "",
            "real_name": "minamijoyo",
            "display_name": "minamijoyo",
            "team": "TFU0BKCQP",
            "name": "minamijoyo",
            "is_restricted": false,
            "is_ultra_restricted": false
        }
    },
    {
        "client_msg_id": "ca55c9d1-486c-40ac-924c-1a75a30f3e0c",
        "type": "message",
        "text": "多分そこを拾っていきたいんでしょうね。w\nそしてその辺は、レビューの時に優しく教えてくれるはず！",
        "user": "UKAKENQAF",
        "ts": "1569490961.016900",
        "team": "TFU0BKCQP",
        "user_team": "TFU0BKCQP",
        "source_team": "TFU0BKCQP",
        "user_profile": {
            "avatar_hash": "g3c6c9b43cb5",
            "image_72": "https:\/\/secure.gravatar.com\/avatar\/f3c6c9b43cb5ff355b8faaac3e662292.jpg?s=72&d=https%3A%2F%2Fa.slack-edge.com%2Fdf10d%2Fimg%2Favatars%2Fava_0020-72.png",
            "first_name": "",
            "real_name": "kterada0509",
            "display_name": "kterada0509",
            "team": "TFU0BKCQP",
            "name": "kterada.0509sg",
            "is_restricted": false,
            "is_ultra_restricted": false
        },
        "edited": {
            "user": "UKAKENQAF",
            "ts": "1569490968.000000"
        }
    }
]