[
    {
        "client_msg_id": "4f132165-502b-4b89-bba1-ed79af5454de",
        "type": "message",
        "text": "当日キャンセル多いので裏番組宣言ｗ",
        "user": "UFU0BKD8F",
        "ts": "1567411806.005200",
        "team": "TFU0BKCQP",
        "user_team": "TFU0BKCQP",
        "source_team": "TFU0BKCQP",
        "user_profile": {
            "avatar_hash": "92c41c62c7b0",
            "image_72": "https:\/\/avatars.slack-edge.com\/2019-01-30\/537137791812_92c41c62c7b0f054d3dd_72.jpg",
            "first_name": "らき",
            "real_name": "らき",
            "display_name": "raki",
            "team": "TFU0BKCQP",
            "name": "nishimuray",
            "is_restricted": false,
            "is_ultra_restricted": false
        }
    },
    {
        "client_msg_id": "6077a482-728f-4772-9c33-93eeb63c9036",
        "type": "message",
        "text": "RTed",
        "user": "UG46Z57TN",
        "ts": "1567414080.005400",
        "team": "TFU0BKCQP",
        "user_team": "TFU0BKCQP",
        "source_team": "TFU0BKCQP",
        "user_profile": {
            "avatar_hash": "c6bdd4cb17db",
            "image_72": "https:\/\/avatars.slack-edge.com\/2019-07-05\/685991185957_c6bdd4cb17db956661a1_72.jpg",
            "first_name": "Takeshi",
            "real_name": "Takeshi Kondo",
            "display_name": "chaspy",
            "team": "TFU0BKCQP",
            "name": "take.she12",
            "is_restricted": false,
            "is_ultra_restricted": false
        },
        "edited": {
            "user": "UG46Z57TN",
            "ts": "1567414083.000000"
        }
    },
    {
        "client_msg_id": "8e52c387-236b-4c24-a7fa-28428c93d65a",
        "type": "message",
        "text": "キャンセル多いっっていうから４人ぐらいになったのかとおもった",
        "user": "UG46Z57TN",
        "ts": "1567414093.006100",
        "team": "TFU0BKCQP",
        "user_team": "TFU0BKCQP",
        "source_team": "TFU0BKCQP",
        "user_profile": {
            "avatar_hash": "c6bdd4cb17db",
            "image_72": "https:\/\/avatars.slack-edge.com\/2019-07-05\/685991185957_c6bdd4cb17db956661a1_72.jpg",
            "first_name": "Takeshi",
            "real_name": "Takeshi Kondo",
            "display_name": "chaspy",
            "team": "TFU0BKCQP",
            "name": "take.she12",
            "is_restricted": false,
            "is_ultra_restricted": false
        }
    },
    {
        "client_msg_id": "25352044-0d0a-4fb7-8c48-81cbb80e6414",
        "type": "message",
        "text": "裏番組も面白そう",
        "user": "UKAKENQAF",
        "ts": "1567414124.006500",
        "team": "TFU0BKCQP",
        "user_team": "TFU0BKCQP",
        "source_team": "TFU0BKCQP",
        "user_profile": {
            "avatar_hash": "g3c6c9b43cb5",
            "image_72": "https:\/\/secure.gravatar.com\/avatar\/f3c6c9b43cb5ff355b8faaac3e662292.jpg?s=72&d=https%3A%2F%2Fa.slack-edge.com%2Fdf10d%2Fimg%2Favatars%2Fava_0020-72.png",
            "first_name": "",
            "real_name": "kterada0509",
            "display_name": "kterada0509",
            "team": "TFU0BKCQP",
            "name": "kterada.0509sg",
            "is_restricted": false,
            "is_ultra_restricted": false
        }
    },
    {
        "client_msg_id": "95122f86-0953-467c-9014-27476faa13c5",
        "type": "message",
        "text": "裏番組大して話すことないんだけど、importに関する不具合（？）について相談に乗って欲しい。。。",
        "user": "UFU0BKD8F",
        "ts": "1567414810.008400",
        "team": "TFU0BKCQP",
        "user_team": "TFU0BKCQP",
        "source_team": "TFU0BKCQP",
        "user_profile": {
            "avatar_hash": "92c41c62c7b0",
            "image_72": "https:\/\/avatars.slack-edge.com\/2019-01-30\/537137791812_92c41c62c7b0f054d3dd_72.jpg",
            "first_name": "らき",
            "real_name": "らき",
            "display_name": "raki",
            "team": "TFU0BKCQP",
            "name": "nishimuray",
            "is_restricted": false,
            "is_ultra_restricted": false
        },
        "reactions": [
            {
                "name": "man-raising-hand",
                "users": [
                    "UKAKENQAF"
                ],
                "count": 1
            }
        ]
    },
    {
        "client_msg_id": "9516f090-778c-4e63-9c45-d660dae0e728",
        "type": "message",
        "text": "追加のドタキャン入っていつメン除くと5人。。。",
        "user": "UFU0BKD8F",
        "ts": "1567416326.009200",
        "team": "TFU0BKCQP",
        "user_team": "TFU0BKCQP",
        "source_team": "TFU0BKCQP",
        "user_profile": {
            "avatar_hash": "92c41c62c7b0",
            "image_72": "https:\/\/avatars.slack-edge.com\/2019-01-30\/537137791812_92c41c62c7b0f054d3dd_72.jpg",
            "first_name": "らき",
            "real_name": "らき",
            "display_name": "raki",
            "team": "TFU0BKCQP",
            "name": "nishimuray",
            "is_restricted": false,
            "is_ultra_restricted": false
        }
    },
    {
        "client_msg_id": "a37924a8-de81-42a7-9bd6-6b39fe7fee17",
        "type": "message",
        "text": "ちょうど良いサイズ！",
        "user": "UFTKSQ25T",
        "ts": "1567416363.009500",
        "team": "TFU0BKCQP",
        "user_team": "TFU0BKCQP",
        "source_team": "TFU0BKCQP",
        "user_profile": {
            "avatar_hash": "g0bffa2bb65a",
            "image_72": "https:\/\/secure.gravatar.com\/avatar\/10bffa2bb65aa200d991e14d6110f549.jpg?s=72&d=https%3A%2F%2Fa.slack-edge.com%2Fdf10d%2Fimg%2Favatars%2Fava_0016-72.png",
            "first_name": "",
            "real_name": "morihaya",
            "display_name": "",
            "team": "TFU0BKCQP",
            "name": "yukiya.hayashi",
            "is_restricted": false,
            "is_ultra_restricted": false
        }
    },
    {
        "client_msg_id": "c18f21dd-11be-4868-a2c9-4b59c4ce6b80",
        "type": "message",
        "text": "いかねば、、、",
        "user": "UG46Z57TN",
        "ts": "1567416813.009800",
        "team": "TFU0BKCQP",
        "user_team": "TFU0BKCQP",
        "source_team": "TFU0BKCQP",
        "user_profile": {
            "avatar_hash": "c6bdd4cb17db",
            "image_72": "https:\/\/avatars.slack-edge.com\/2019-07-05\/685991185957_c6bdd4cb17db956661a1_72.jpg",
            "first_name": "Takeshi",
            "real_name": "Takeshi Kondo",
            "display_name": "chaspy",
            "team": "TFU0BKCQP",
            "name": "take.she12",
            "is_restricted": false,
            "is_ultra_restricted": false
        }
    },
    {
        "client_msg_id": "16cb1276-1642-4cf6-b88a-96a96b7ae830",
        "type": "message",
        "text": "(屮゜Д゜)屮カモーン",
        "user": "UFU0BKD8F",
        "ts": "1567416995.010500",
        "team": "TFU0BKCQP",
        "user_team": "TFU0BKCQP",
        "source_team": "TFU0BKCQP",
        "user_profile": {
            "avatar_hash": "92c41c62c7b0",
            "image_72": "https:\/\/avatars.slack-edge.com\/2019-01-30\/537137791812_92c41c62c7b0f054d3dd_72.jpg",
            "first_name": "らき",
            "real_name": "らき",
            "display_name": "raki",
            "team": "TFU0BKCQP",
            "name": "nishimuray",
            "is_restricted": false,
            "is_ultra_restricted": false
        }
    },
    {
        "client_msg_id": "B7457184-FF3B-469A-9F09-A6B084373C89",
        "type": "message",
        "text": "すいません、5Fについたのですが会議室の場所ってどこでしょうか？",
        "user": "UM15W242H",
        "ts": "1567417012.011000",
        "team": "TFU0BKCQP",
        "user_team": "TFU0BKCQP",
        "source_team": "TFU0BKCQP",
        "user_profile": {
            "avatar_hash": "ga645778a0d9",
            "image_72": "https:\/\/secure.gravatar.com\/avatar\/9a645778a0d9c62517d7067d25d688ac.jpg?s=72&d=https%3A%2F%2Fa.slack-edge.com%2Fdf10d%2Fimg%2Favatars%2Fava_0022-72.png",
            "first_name": "",
            "real_name": "hikaru",
            "display_name": "",
            "team": "TFU0BKCQP",
            "name": "hikaru719asics",
            "is_restricted": false,
            "is_ultra_restricted": false
        }
    },
    {
        "client_msg_id": "8B768A63-8A33-4162-96AB-F957A33C1EAB",
        "type": "message",
        "text": "コントロールプレーンが1台しんだせいでいまでた。たぶん迎えお願いすることになりそうすまない",
        "user": "UG46Z57TN",
        "ts": "1567417253.012100",
        "team": "TFU0BKCQP",
        "user_team": "TFU0BKCQP",
        "source_team": "TFU0BKCQP",
        "user_profile": {
            "avatar_hash": "c6bdd4cb17db",
            "image_72": "https:\/\/avatars.slack-edge.com\/2019-07-05\/685991185957_c6bdd4cb17db956661a1_72.jpg",
            "first_name": "Takeshi",
            "real_name": "Takeshi Kondo",
            "display_name": "chaspy",
            "team": "TFU0BKCQP",
            "name": "take.she12",
            "is_restricted": false,
            "is_ultra_restricted": false
        }
    },
    {
        "client_msg_id": "eae3ee8a-da76-4956-9128-c9b8e32fc148",
        "type": "message",
        "text": "すいません、受付入ったところの空いてる席でお待ちください。",
        "user": "UFU0BKD8F",
        "ts": "1567417257.012300",
        "team": "TFU0BKCQP",
        "user_team": "TFU0BKCQP",
        "source_team": "TFU0BKCQP",
        "user_profile": {
            "avatar_hash": "92c41c62c7b0",
            "image_72": "https:\/\/avatars.slack-edge.com\/2019-01-30\/537137791812_92c41c62c7b0f054d3dd_72.jpg",
            "first_name": "らき",
            "real_name": "らき",
            "display_name": "raki",
            "team": "TFU0BKCQP",
            "name": "nishimuray",
            "is_restricted": false,
            "is_ultra_restricted": false
        }
    },
    {
        "client_msg_id": "A264E01E-32F4-44F0-9939-1D3F795E2ABA",
        "type": "message",
        "text": "ギリ通過",
        "user": "UG46Z57TN",
        "ts": "1567418363.012500",
        "team": "TFU0BKCQP",
        "user_team": "TFU0BKCQP",
        "source_team": "TFU0BKCQP",
        "user_profile": {
            "avatar_hash": "c6bdd4cb17db",
            "image_72": "https:\/\/avatars.slack-edge.com\/2019-07-05\/685991185957_c6bdd4cb17db956661a1_72.jpg",
            "first_name": "Takeshi",
            "real_name": "Takeshi Kondo",
            "display_name": "chaspy",
            "team": "TFU0BKCQP",
            "name": "take.she12",
            "is_restricted": false,
            "is_ultra_restricted": false
        }
    },
    {
        "client_msg_id": "4f4443f3-1674-4ac0-b5e7-9664c25fba23",
        "type": "message",
        "text": "お、やったね",
        "user": "UFU0BKD8F",
        "ts": "1567418398.013000",
        "team": "TFU0BKCQP",
        "user_team": "TFU0BKCQP",
        "source_team": "TFU0BKCQP",
        "user_profile": {
            "avatar_hash": "92c41c62c7b0",
            "image_72": "https:\/\/avatars.slack-edge.com\/2019-01-30\/537137791812_92c41c62c7b0f054d3dd_72.jpg",
            "first_name": "らき",
            "real_name": "らき",
            "display_name": "raki",
            "team": "TFU0BKCQP",
            "name": "nishimuray",
            "is_restricted": false,
            "is_ultra_restricted": false
        }
    },
    {
        "client_msg_id": "e12c1b22-678a-4be1-86b7-c99262bd675f",
        "type": "message",
        "text": "今ピックアップに行こうかと思ってた",
        "user": "UFU0BKD8F",
        "ts": "1567418409.013300",
        "team": "TFU0BKCQP",
        "user_team": "TFU0BKCQP",
        "source_team": "TFU0BKCQP",
        "user_profile": {
            "avatar_hash": "92c41c62c7b0",
            "image_72": "https:\/\/avatars.slack-edge.com\/2019-01-30\/537137791812_92c41c62c7b0f054d3dd_72.jpg",
            "first_name": "らき",
            "real_name": "らき",
            "display_name": "raki",
            "team": "TFU0BKCQP",
            "name": "nishimuray",
            "is_restricted": false,
            "is_ultra_restricted": false
        }
    },
    {
        "client_msg_id": "166a129c-8d7c-4ee5-8d3c-1eec895e345f",
        "type": "message",
        "text": "自己紹介スレは",
        "user": "UG46Z57TN",
        "ts": "1567418519.013900",
        "team": "TFU0BKCQP",
        "user_team": "TFU0BKCQP",
        "source_team": "TFU0BKCQP",
        "user_profile": {
            "avatar_hash": "c6bdd4cb17db",
            "image_72": "https:\/\/avatars.slack-edge.com\/2019-07-05\/685991185957_c6bdd4cb17db956661a1_72.jpg",
            "first_name": "Takeshi",
            "real_name": "Takeshi Kondo",
            "display_name": "chaspy",
            "team": "TFU0BKCQP",
            "name": "take.she12",
            "is_restricted": false,
            "is_ultra_restricted": false
        }
    },
    {
        "client_msg_id": "a163cb41-5147-4c1d-abbd-6aca9e7a59d5",
        "type": "message",
        "text": "<https:\/\/github.com\/mercari\/tfnotify>",
        "user": "UG46Z57TN",
        "ts": "1567418782.014200",
        "team": "TFU0BKCQP",
        "user_team": "TFU0BKCQP",
        "source_team": "TFU0BKCQP",
        "user_profile": {
            "avatar_hash": "c6bdd4cb17db",
            "image_72": "https:\/\/avatars.slack-edge.com\/2019-07-05\/685991185957_c6bdd4cb17db956661a1_72.jpg",
            "first_name": "Takeshi",
            "real_name": "Takeshi Kondo",
            "display_name": "chaspy",
            "team": "TFU0BKCQP",
            "name": "take.she12",
            "is_restricted": false,
            "is_ultra_restricted": false
        },
        "attachments": [
            {
                "fallback": "mercari\/tfnotify",
                "text": "A CLI command to parse Terraform execution result and notify it to GitHub",
                "title": "mercari\/tfnotify",
                "footer": "<https:\/\/github.com\/mercari\/tfnotify|mercari\/tfnotify>",
                "id": 1,
                "footer_icon": "https:\/\/github.githubassets.com\/favicon.ico",
                "ts": 1523012520,
                "color": "24292f",
                "fields": [
                    {
                        "title": "Stars",
                        "value": "226",
                        "short": true
                    },
                    {
                        "title": "Language",
                        "value": "Go",
                        "short": true
                    }
                ],
                "mrkdwn_in": [
                    "text",
                    "fields"
                ],
                "bot_id": "BH12QQBB4",
                "app_unfurl_url": "https:\/\/github.com\/mercari\/tfnotify",
                "is_app_unfurl": true
            }
        ]
    },
    {
        "client_msg_id": "6b404527-d4af-43aa-83f6-9749af147d1d",
        "type": "message",
        "text": "<https:\/\/github.com\/terraform-providers\/terraform-provider-aws\/pull\/9530>",
        "user": "UG46Z57TN",
        "ts": "1567419678.014700",
        "team": "TFU0BKCQP",
        "user_team": "TFU0BKCQP",
        "source_team": "TFU0BKCQP",
        "user_profile": {
            "avatar_hash": "c6bdd4cb17db",
            "image_72": "https:\/\/avatars.slack-edge.com\/2019-07-05\/685991185957_c6bdd4cb17db956661a1_72.jpg",
            "first_name": "Takeshi",
            "real_name": "Takeshi Kondo",
            "display_name": "chaspy",
            "team": "TFU0BKCQP",
            "name": "take.she12",
            "is_restricted": false,
            "is_ultra_restricted": false
        },
        "attachments": [
            {
                "author_name": "chaspy",
                "fallback": "[terraform-providers\/terraform-provider-aws] #9530 Enable container_insights for ecs_cluster",
                "text": "*Community Note*\n\n• Please vote on this pull request by adding a :+1: <https:\/\/blog.github.com\/2016-03-10-add-reactions-to-pull-requests-issues-and-comments\/|reaction> to the original pull request comment to help the community and maintainers prioritize this request\n• Please do not leave \"+1\" comments, they generate extra noise for pull request followers and do not help prioritize the request\n\nRelates OR Closes <https:\/\/github.com\/terraform-providers\/terraform-provider-aws\/issues\/9294|#9294>\n\nRelease note for <https:\/\/github.com\/terraform-providers\/terraform-provider-aws\/blob\/master\/CHANGELOG.md|CHANGELOG>:\n\n```\nresource\/aws_ecs_cluster: Add `container_insights` argument \n\n```\n\nOutput from acceptance testing:\n\n```\n$ make testacc TESTARGS='-run=TestAccAWSEcsCluster_basic'\n\n...\n\n```",
                "title": "#9530 Enable container_insights for ecs_cluster",
                "footer": "<https:\/\/github.com\/terraform-providers\/terraform-provider-aws|terraform-providers\/terraform-provider-aws>",
                "id": 1,
                "title_link": "https:\/\/github.com\/terraform-providers\/terraform-provider-aws\/pull\/9530",
                "author_link": "https:\/\/github.com\/chaspy",
                "author_icon": "https:\/\/avatars2.githubusercontent.com\/u\/10370988?v=4",
                "footer_icon": "https:\/\/github.githubassets.com\/favicon.ico",
                "ts": 1564299425,
                "color": "36a64f",
                "fields": [
                    {
                        "title": "Labels",
                        "value": "documentation, service\/ecs, size\/S, tests",
                        "short": true
                    },
                    {
                        "title": "Comments",
                        "value": "1",
                        "short": true
                    }
                ],
                "mrkdwn_in": [
                    "text"
                ],
                "bot_id": "BH12QQBB4",
                "app_unfurl_url": "https:\/\/github.com\/terraform-providers\/terraform-provider-aws\/pull\/9530",
                "is_app_unfurl": true
            }
        ]
    },
    {
        "client_msg_id": "b4efa063-614d-4438-a737-e16677d93a27",
        "type": "message",
        "text": "<https:\/\/www.terraform.io\/docs\/commands\/graph.html>",
        "user": "UG46Z57TN",
        "ts": "1567420353.015100",
        "team": "TFU0BKCQP",
        "user_team": "TFU0BKCQP",
        "source_team": "TFU0BKCQP",
        "user_profile": {
            "avatar_hash": "c6bdd4cb17db",
            "image_72": "https:\/\/avatars.slack-edge.com\/2019-07-05\/685991185957_c6bdd4cb17db956661a1_72.jpg",
            "first_name": "Takeshi",
            "real_name": "Takeshi Kondo",
            "display_name": "chaspy",
            "team": "TFU0BKCQP",
            "name": "take.she12",
            "is_restricted": false,
            "is_ultra_restricted": false
        },
        "attachments": [
            {
                "service_name": "Terraform by HashiCorp",
                "title": "Command: graph - Terraform by HashiCorp",
                "title_link": "https:\/\/www.terraform.io\/docs\/commands\/graph.html",
                "text": "The `terraform graph` command is used to generate a visual representation of either a configuration or execution plan. The output is in the DOT format, which can be used by GraphViz to generate charts.",
                "fallback": "Terraform by HashiCorp: Command: graph - Terraform by HashiCorp",
                "thumb_url": "https:\/\/www.terraform.io\/assets\/images\/og-image-8b3e4f7d.png",
                "from_url": "https:\/\/www.terraform.io\/docs\/commands\/graph.html",
                "thumb_width": 712,
                "thumb_height": 712,
                "service_icon": "https:\/\/www.terraform.io\/assets\/images\/favicons\/apple-touch-icon-13180a24.png",
                "id": 1,
                "original_url": "https:\/\/www.terraform.io\/docs\/commands\/graph.html"
            }
        ]
    },
    {
        "client_msg_id": "9626580e-b6ed-4378-a599-29eeb4fc6bc6",
        "type": "message",
        "text": "<https:\/\/github.com\/terraform-providers\/terraform-provider-aws\/labels\/good%20first%20issue>",
        "user": "UG46Z57TN",
        "ts": "1567420408.015400",
        "team": "TFU0BKCQP",
        "user_team": "TFU0BKCQP",
        "source_team": "TFU0BKCQP",
        "user_profile": {
            "avatar_hash": "c6bdd4cb17db",
            "image_72": "https:\/\/avatars.slack-edge.com\/2019-07-05\/685991185957_c6bdd4cb17db956661a1_72.jpg",
            "first_name": "Takeshi",
            "real_name": "Takeshi Kondo",
            "display_name": "chaspy",
            "team": "TFU0BKCQP",
            "name": "take.she12",
            "is_restricted": false,
            "is_ultra_restricted": false
        }
    },
    {
        "client_msg_id": "0f7be6d7-b0b8-4946-9e24-8263a4b25e35",
        "type": "message",
        "text": "<https:\/\/github.com\/TabbedOut\/terraform-aws-icons>",
        "user": "UFU0BKD8F",
        "ts": "1567420448.015600",
        "team": "TFU0BKCQP",
        "user_team": "TFU0BKCQP",
        "source_team": "TFU0BKCQP",
        "user_profile": {
            "avatar_hash": "92c41c62c7b0",
            "image_72": "https:\/\/avatars.slack-edge.com\/2019-01-30\/537137791812_92c41c62c7b0f054d3dd_72.jpg",
            "first_name": "らき",
            "real_name": "らき",
            "display_name": "raki",
            "team": "TFU0BKCQP",
            "name": "nishimuray",
            "is_restricted": false,
            "is_ultra_restricted": false
        },
        "attachments": [
            {
                "fallback": "TabbedOut\/terraform-aws-icons",
                "text": "Annotate Terraform graphs with AWS icons.",
                "title": "TabbedOut\/terraform-aws-icons",
                "footer": "<https:\/\/github.com\/TabbedOut\/terraform-aws-icons|TabbedOut\/terraform-aws-icons>",
                "id": 1,
                "footer_icon": "https:\/\/github.githubassets.com\/favicon.ico",
                "ts": 1458760376,
                "color": "24292f",
                "fields": [
                    {
                        "title": "Stars",
                        "value": "26",
                        "short": true
                    },
                    {
                        "title": "Language",
                        "value": "Python",
                        "short": true
                    }
                ],
                "mrkdwn_in": [
                    "text",
                    "fields"
                ],
                "bot_id": "BH12QQBB4",
                "app_unfurl_url": "https:\/\/github.com\/TabbedOut\/terraform-aws-icons",
                "is_app_unfurl": true
            }
        ]
    },
    {
        "client_msg_id": "692f471a-2105-434e-8517-3f6ea94e937b",
        "type": "message",
        "text": "Good first issueを見よう！\n<https:\/\/github.com\/terraform-providers\/terraform-provider-aws\/contribute>",
        "user": "UFTKSQ25T",
        "ts": "1567420669.016100",
        "team": "TFU0BKCQP",
        "user_team": "TFU0BKCQP",
        "source_team": "TFU0BKCQP",
        "user_profile": {
            "avatar_hash": "g0bffa2bb65a",
            "image_72": "https:\/\/secure.gravatar.com\/avatar\/10bffa2bb65aa200d991e14d6110f549.jpg?s=72&d=https%3A%2F%2Fa.slack-edge.com%2Fdf10d%2Fimg%2Favatars%2Fava_0016-72.png",
            "first_name": "",
            "real_name": "morihaya",
            "display_name": "",
            "team": "TFU0BKCQP",
            "name": "yukiya.hayashi",
            "is_restricted": false,
            "is_ultra_restricted": false
        }
    },
    {
        "client_msg_id": "05b1d392-6f4a-47ee-9e4d-263e0774b66e",
        "type": "message",
        "text": "<https:\/\/github.com\/terraform-providers\/terraform-provider-aws\/issues\/8785>",
        "user": "UG46Z57TN",
        "ts": "1567420930.016400",
        "team": "TFU0BKCQP",
        "user_team": "TFU0BKCQP",
        "source_team": "TFU0BKCQP",
        "user_profile": {
            "avatar_hash": "c6bdd4cb17db",
            "image_72": "https:\/\/avatars.slack-edge.com\/2019-07-05\/685991185957_c6bdd4cb17db956661a1_72.jpg",
            "first_name": "Takeshi",
            "real_name": "Takeshi Kondo",
            "display_name": "chaspy",
            "team": "TFU0BKCQP",
            "name": "take.she12",
            "is_restricted": false,
            "is_ultra_restricted": false
        },
        "attachments": [
            {
                "author_name": "abacao",
                "fallback": "[terraform-providers\/terraform-provider-aws] #8785 IAM group membership \"does not support import\"",
                "text": "Terraform 0.12.0  \nprovider.aws ~&gt; 2.12\n\nAction:  \nImporting a existing group_membership as stated in the following documentation:  \n<https:\/\/www.terraform.io\/docs\/providers\/aws\/r\/iam_user_group_membership.html|https:\/\/www.terraform.io\/docs\/providers\/aws\/r\/iam_user_group_membership.html>\n\nResult:  \nError: resource aws_iam_group_membership doesn't support import\n\nTerraform will perform the following actions:\n\n*aws_iam_group_membership.secing will be created*\n\n• resource \"aws_iam_group_membership\" \"example1\" {\n    • group = \"example1\"\n    • id = (known after apply)\n    • name = \"example1-group-membership\"\n    • users = [\n        • \"user1\",\n        • \"user2\",\n        • \"user3\",\n        • \"user4\",\n        • \"user5\",  \n            ]  \n            }\n\n```\n$ terraform import aws_iam_user_group_membership.example1 user1\/user2\/user3\n\n```",
                "title": "#8785 IAM group membership \"does not support import\"",
                "footer": "<https:\/\/github.com\/terraform-providers\/terraform-provider-aws|terraform-providers\/terraform-provider-aws>",
                "id": 1,
                "title_link": "https:\/\/github.com\/terraform-providers\/terraform-provider-aws\/issues\/8785",
                "author_link": "https:\/\/github.com\/abacao",
                "author_icon": "https:\/\/avatars3.githubusercontent.com\/u\/17479246?v=4",
                "footer_icon": "https:\/\/github.githubassets.com\/favicon.ico",
                "ts": 1558976064,
                "color": "36a64f",
                "fields": [
                    {
                        "title": "Labels",
                        "value": "enhancement, good first issue, service\/iam",
                        "short": true
                    },
                    {
                        "title": "Comments",
                        "value": "3",
                        "short": true
                    }
                ],
                "mrkdwn_in": [
                    "text"
                ],
                "bot_id": "BH12QQBB4",
                "app_unfurl_url": "https:\/\/github.com\/terraform-providers\/terraform-provider-aws\/issues\/8785",
                "is_app_unfurl": true
            }
        ]
    },
    {
        "client_msg_id": "2b9b5fe1-48e9-4687-9357-4a8a95efc158",
        "type": "message",
        "text": "<https:\/\/github.com\/terraform-providers\/terraform-provider-aws\/issues\/8722>",
        "user": "UG46Z57TN",
        "ts": "1567421317.016700",
        "team": "TFU0BKCQP",
        "user_team": "TFU0BKCQP",
        "source_team": "TFU0BKCQP",
        "user_profile": {
            "avatar_hash": "c6bdd4cb17db",
            "image_72": "https:\/\/avatars.slack-edge.com\/2019-07-05\/685991185957_c6bdd4cb17db956661a1_72.jpg",
            "first_name": "Takeshi",
            "real_name": "Takeshi Kondo",
            "display_name": "chaspy",
            "team": "TFU0BKCQP",
            "name": "take.she12",
            "is_restricted": false,
            "is_ultra_restricted": false
        },
        "attachments": [
            {
                "author_name": "atraver",
                "fallback": "[terraform-providers\/terraform-provider-aws] #8722 Add support for RDS cluster snapshot tags",
                "text": "*Community Note*\n\n• Please vote on this issue by adding a :+1: <https:\/\/blog.github.com\/2016-03-10-add-reactions-to-pull-requests-issues-and-comments\/|reaction> to the original issue to help the community and maintainers prioritize this request\n• Please do not leave \"+1\" or \"me too\" comments, they generate extra noise for issue followers and do not help prioritize the request\n• If you are interested in working on this issue or have submitted a pull request, please leave a comment\n\n*Description*\n\nThe `aws_db_cluster_snapshot` resource currently does not support the `tags` argument, although adding tags is supported via the REST API, CLI, and console.\n\n*New or Affected Resource(s)*\n\n• aws_db_cluster_snapshot\n\n*Potential Terraform Configuration*\n\n```\nresource \"aws_db_cluster_snapshot\" \"test\" {\n  db_cluster_identifier = \"some-identifier\"\n  db_cluster_snapshot_identifier = \"my-test-snapshot\"\n\n  tags {\n    \"my:application\" = \"test\"\n  }\n}\n```\n\n*References*\n\n• <https:\/\/docs.aws.amazon.com\/AmazonRDS\/latest\/APIReference\/API_CreateDBClusterSnapshot.html#API_CreateDBClusterSnapshot_RequestParameters|https:\/\/docs.aws.amazon.com\/AmazonRDS\/latest\/APIReference\/API_CreateDBClusterSnapshot.html#API_CreateDBClusterSnapshot_RequestParameters>\n• <https:\/\/docs.aws.amazon.com\/cli\/latest\/reference\/rds\/create-db-cluster-snapshot.html#options|https:\/\/docs.aws.amazon.com\/cli\/latest\/reference\/rds\/create-db-cluster-snapshot.html#options>",
                "title": "#8722 Add support for RDS cluster snapshot tags",
                "footer": "<https:\/\/github.com\/terraform-providers\/terraform-provider-aws|terraform-providers\/terraform-provider-aws>",
                "id": 1,
                "title_link": "https:\/\/github.com\/terraform-providers\/terraform-provider-aws\/issues\/8722",
                "author_link": "https:\/\/github.com\/atraver",
                "author_icon": "https:\/\/avatars3.githubusercontent.com\/u\/6304?v=4",
                "footer_icon": "https:\/\/github.githubassets.com\/favicon.ico",
                "ts": 1558398435,
                "color": "36a64f",
                "fields": [
                    {
                        "title": "Labels",
                        "value": "enhancement, good first issue, service\/rds",
                        "short": true
                    },
                    {
                        "title": "Comments",
                        "value": "1",
                        "short": true
                    }
                ],
                "mrkdwn_in": [
                    "text"
                ],
                "bot_id": "BH12QQBB4",
                "app_unfurl_url": "https:\/\/github.com\/terraform-providers\/terraform-provider-aws\/issues\/8722",
                "is_app_unfurl": true
            }
        ]
    },
    {
        "client_msg_id": "e8de4cf5-747e-4de1-a629-09c24955addd",
        "type": "message",
        "text": "すでにある物への改良\n<https:\/\/www.terraform.io\/docs\/providers\/aws\/d\/db_cluster_snapshot.html>",
        "user": "UFTKSQ25T",
        "ts": "1567421513.017100",
        "team": "TFU0BKCQP",
        "user_team": "TFU0BKCQP",
        "source_team": "TFU0BKCQP",
        "user_profile": {
            "avatar_hash": "g0bffa2bb65a",
            "image_72": "https:\/\/secure.gravatar.com\/avatar\/10bffa2bb65aa200d991e14d6110f549.jpg?s=72&d=https%3A%2F%2Fa.slack-edge.com%2Fdf10d%2Fimg%2Favatars%2Fava_0016-72.png",
            "first_name": "",
            "real_name": "morihaya",
            "display_name": "",
            "team": "TFU0BKCQP",
            "name": "yukiya.hayashi",
            "is_restricted": false,
            "is_ultra_restricted": false
        },
        "attachments": [
            {
                "service_name": "Terraform by HashiCorp",
                "title": "AWS: aws_db_cluster_snapshot - Terraform by HashiCorp",
                "title_link": "https:\/\/www.terraform.io\/docs\/providers\/aws\/d\/db_cluster_snapshot.html",
                "text": "Get information on a DB Cluster Snapshot.",
                "fallback": "Terraform by HashiCorp: AWS: aws_db_cluster_snapshot - Terraform by HashiCorp",
                "thumb_url": "https:\/\/www.terraform.io\/assets\/images\/og-image-8b3e4f7d.png",
                "from_url": "https:\/\/www.terraform.io\/docs\/providers\/aws\/d\/db_cluster_snapshot.html",
                "thumb_width": 712,
                "thumb_height": 712,
                "service_icon": "https:\/\/www.terraform.io\/assets\/images\/favicons\/apple-touch-icon-13180a24.png",
                "id": 1,
                "original_url": "https:\/\/www.terraform.io\/docs\/providers\/aws\/d\/db_cluster_snapshot.html"
            }
        ]
    },
    {
        "client_msg_id": "2ce40d68-e0ca-4c96-952a-1743435a2f7c",
        "type": "message",
        "text": "datasource じゃなくてこっちでした　<https:\/\/www.terraform.io\/docs\/providers\/aws\/r\/db_cluster_snapshot.html>",
        "user": "UFTKSQ25T",
        "ts": "1567421611.017400",
        "team": "TFU0BKCQP",
        "user_team": "TFU0BKCQP",
        "source_team": "TFU0BKCQP",
        "user_profile": {
            "avatar_hash": "g0bffa2bb65a",
            "image_72": "https:\/\/secure.gravatar.com\/avatar\/10bffa2bb65aa200d991e14d6110f549.jpg?s=72&d=https%3A%2F%2Fa.slack-edge.com%2Fdf10d%2Fimg%2Favatars%2Fava_0016-72.png",
            "first_name": "",
            "real_name": "morihaya",
            "display_name": "",
            "team": "TFU0BKCQP",
            "name": "yukiya.hayashi",
            "is_restricted": false,
            "is_ultra_restricted": false
        },
        "attachments": [
            {
                "service_name": "Terraform by HashiCorp",
                "title": "AWS: aws_db_cluster_snapshot - Terraform by HashiCorp",
                "title_link": "https:\/\/www.terraform.io\/docs\/providers\/aws\/r\/db_cluster_snapshot.html",
                "text": "Manages a RDS database cluster snapshot.",
                "fallback": "Terraform by HashiCorp: AWS: aws_db_cluster_snapshot - Terraform by HashiCorp",
                "thumb_url": "https:\/\/www.terraform.io\/assets\/images\/og-image-8b3e4f7d.png",
                "from_url": "https:\/\/www.terraform.io\/docs\/providers\/aws\/r\/db_cluster_snapshot.html",
                "thumb_width": 712,
                "thumb_height": 712,
                "service_icon": "https:\/\/www.terraform.io\/assets\/images\/favicons\/apple-touch-icon-13180a24.png",
                "id": 1,
                "original_url": "https:\/\/www.terraform.io\/docs\/providers\/aws\/r\/db_cluster_snapshot.html"
            }
        ]
    },
    {
        "client_msg_id": "3ddc6b93-29e3-4d3d-a06c-999fa6b1fea2",
        "type": "message",
        "text": "<https:\/\/github.com\/terraform-providers\/terraform-provider-aws\/issues\/84>",
        "user": "UG46Z57TN",
        "ts": "1567421751.017900",
        "team": "TFU0BKCQP",
        "user_team": "TFU0BKCQP",
        "source_team": "TFU0BKCQP",
        "user_profile": {
            "avatar_hash": "c6bdd4cb17db",
            "image_72": "https:\/\/avatars.slack-edge.com\/2019-07-05\/685991185957_c6bdd4cb17db956661a1_72.jpg",
            "first_name": "Takeshi",
            "real_name": "Takeshi Kondo",
            "display_name": "chaspy",
            "team": "TFU0BKCQP",
            "name": "take.she12",
            "is_restricted": false,
            "is_ultra_restricted": false
        },
        "attachments": [
            {
                "author_name": "hashibot",
                "fallback": "[terraform-providers\/terraform-provider-aws] #84 aws_db_instance name should be lowercase",
                "text": "_This issue was originally opened by <https:\/\/github.com\/danosipov|@danosipov> as <https:\/\/github.com\/hashicorp\/terraform\/issues\/5286|hashicorp\/terraform#5286>. It was migrated here as part of the <https:\/\/www.hashicorp.com\/blog\/upcoming-provider-changes-in-terraform-0-10\/|provider split>. The original body of the issue is below._\n\n* * *\n\nUsing incorrect symbols in the aws_db_instance name may create the RDS instance, but upon subsequent plans forces RDS instance to be recreated:\n\n```\n-\/+ aws_db_instance.default\n    ...\n    name:                       \"druid\" =&gt; \"Druid\" (forces new resource)\n    ...\n\n```",
                "title": "#84 aws_db_instance name should be lowercase",
                "footer": "<https:\/\/github.com\/terraform-providers\/terraform-provider-aws|terraform-providers\/terraform-provider-aws>",
                "id": 1,
                "title_link": "https:\/\/github.com\/terraform-providers\/terraform-provider-aws\/issues\/84",
                "author_link": "https:\/\/github.com\/hashibot",
                "author_icon": "https:\/\/avatars1.githubusercontent.com\/u\/26720499?v=4",
                "footer_icon": "https:\/\/github.githubassets.com\/favicon.ico",
                "ts": 1497372458,
                "color": "36a64f",
                "fields": [
                    {
                        "title": "Labels",
                        "value": "documentation, good first issue, service\/rds",
                        "short": true
                    },
                    {
                        "title": "Comments",
                        "value": "7",
                        "short": true
                    }
                ],
                "mrkdwn_in": [
                    "text"
                ],
                "bot_id": "BH12QQBB4",
                "app_unfurl_url": "https:\/\/github.com\/terraform-providers\/terraform-provider-aws\/issues\/84",
                "is_app_unfurl": true
            }
        ]
    },
    {
        "client_msg_id": "137c67f5-3673-4ca4-bfa9-f7f312b86330",
        "type": "message",
        "text": "* validate nameを追加してやれば良さそう\n* terraform側では大文字を許可するが、AWSは小文字のみ？",
        "user": "UFTKSQ25T",
        "ts": "1567421875.018400",
        "team": "TFU0BKCQP",
        "user_team": "TFU0BKCQP",
        "source_team": "TFU0BKCQP",
        "user_profile": {
            "avatar_hash": "g0bffa2bb65a",
            "image_72": "https:\/\/secure.gravatar.com\/avatar\/10bffa2bb65aa200d991e14d6110f549.jpg?s=72&d=https%3A%2F%2Fa.slack-edge.com%2Fdf10d%2Fimg%2Favatars%2Fava_0016-72.png",
            "first_name": "",
            "real_name": "morihaya",
            "display_name": "",
            "team": "TFU0BKCQP",
            "name": "yukiya.hayashi",
            "is_restricted": false,
            "is_ultra_restricted": false
        }
    },
    {
        "client_msg_id": "830b1f8d-b0c1-4d2a-8d01-7fa0e352ca56",
        "type": "message",
        "text": "<https:\/\/github.com\/terraform-providers\/terraform-provider-aws\/blob\/960a40675dd373575761e1060ad09eeba288682f\/aws\/resource_aws_db_instance.go#L36>",
        "user": "UG46Z57TN",
        "ts": "1567421964.018600",
        "team": "TFU0BKCQP",
        "user_team": "TFU0BKCQP",
        "source_team": "TFU0BKCQP",
        "user_profile": {
            "avatar_hash": "c6bdd4cb17db",
            "image_72": "https:\/\/avatars.slack-edge.com\/2019-07-05\/685991185957_c6bdd4cb17db956661a1_72.jpg",
            "first_name": "Takeshi",
            "real_name": "Takeshi Kondo",
            "display_name": "chaspy",
            "team": "TFU0BKCQP",
            "name": "take.she12",
            "is_restricted": false,
            "is_ultra_restricted": false
        },
        "attachments": [
            {
                "fallback": "[terraform-providers\/terraform-provider-aws] aws\/resource_aws_db_instance.go:36",
                "text": "```\n\t\t\t\"name\": {\n```",
                "title": "aws\/resource_aws_db_instance.go:36",
                "footer": "<https:\/\/github.com\/terraform-providers\/terraform-provider-aws|terraform-providers\/terraform-provider-aws>",
                "id": 1,
                "title_link": "https:\/\/github.com\/terraform-providers\/terraform-provider-aws\/blob\/960a40675dd373575761e1060ad09eeba288682f\/aws\/resource_aws_db_instance.go#L36",
                "footer_icon": "https:\/\/github.githubassets.com\/favicon.ico",
                "color": "24292f",
                "mrkdwn_in": [
                    "text"
                ],
                "bot_id": "BH12QQBB4",
                "app_unfurl_url": "https:\/\/github.com\/terraform-providers\/terraform-provider-aws\/blob\/960a40675dd373575761e1060ad09eeba288682f\/aws\/resource_aws_db_instance.go#L36",
                "is_app_unfurl": true
            }
        ]
    },
    {
        "client_msg_id": "e0d39f6a-04c5-4e11-86a4-90b1e07535cc",
        "type": "message",
        "text": "<https:\/\/github.com\/terraform-providers\/terraform-provider-aws\/blob\/960a40675dd373575761e1060ad09eeba288682f\/aws\/validators.go>",
        "user": "UG46Z57TN",
        "ts": "1567422017.018900",
        "team": "TFU0BKCQP",
        "user_team": "TFU0BKCQP",
        "source_team": "TFU0BKCQP",
        "user_profile": {
            "avatar_hash": "c6bdd4cb17db",
            "image_72": "https:\/\/avatars.slack-edge.com\/2019-07-05\/685991185957_c6bdd4cb17db956661a1_72.jpg",
            "first_name": "Takeshi",
            "real_name": "Takeshi Kondo",
            "display_name": "chaspy",
            "team": "TFU0BKCQP",
            "name": "take.she12",
            "is_restricted": false,
            "is_ultra_restricted": false
        },
        "attachments": [
            {
                "fallback": "[terraform-providers\/terraform-provider-aws] aws\/validators.go",
                "text": "```\npackage aws\n\nimport (\n\t\"errors\"\n\t\"fmt\"\n\t\"net\"\n\t\"net\/url\"\n\t\"regexp\"\n\t\"strconv\"\n\t\"strings\"\n\t\"time\"\n\n\t\"<http:\/\/github.com\/aws\/aws-sdk-go\/service\/apigateway|github.com\/aws\/aws-sdk-go\/service\/apigateway>\"\n\t\"<http:\/\/github.com\/aws\/aws-sdk-go\/service\/cognitoidentity|github.com\/aws\/aws-sdk-go\/service\/cognitoidentity>\"\n\t\"<http:\/\/github.com\/aws\/aws-sdk-go\/service\/configservice|github.com\/aws\/aws-sdk-go\/service\/configservice>\"\n\t\"<http:\/\/github.com\/aws\/aws-sdk-go\/service\/s3|github.com\/aws\/aws-sdk-go\/service\/s3>\"\n\t\"<http:\/\/github.com\/aws\/aws-sdk-go\/service\/waf|github.com\/aws\/aws-sdk-go\/service\/waf>\"\n\t\"<http:\/\/github.com\/hashicorp\/terraform\/helper\/resource|github.com\/hashicorp\/terraform\/helper\/resource>\"\n\t\"<http:\/\/github.com\/hashicorp\/terraform\/helper\/schema|github.com\/hashicorp\/terraform\/helper\/schema>\"\n\t\"<http:\/\/github.com\/hashicorp\/terraform\/helper\/structure|github.com\/hashicorp\/terraform\/helper\/structure>\"\n\t\"<http:\/\/github.com\/hashicorp\/terraform\/helper\/validation|github.com\/hashicorp\/terraform\/helper\/validation>\"\n)\n\n\/\/ FloatAtLeast returns a SchemaValidateFunc which tests if the provided value\n\/\/ is of type float and is at least min (inclusive)\nfunc FloatAtLeast(min float64) schema.SchemaValidateFunc {\n\treturn func(i interface{}, k string) (s []string, es []error) {\n\t\tv, ok := i.(float64)\n\t\tif !ok {\n\t\t\tes = append(es, fmt.Errorf(\"expected type of %s to be float\", k))\n\t\t\treturn\n\t\t}\n\n\t\tif v &lt; min {\n\t\t\tes = append(es, fmt.Errorf(\"expected %s to be at least (%f), got %f\", k, min, v))\n\t\t\treturn\n\t\t}\n\n\t\treturn\n\t}\n}\n\n\/\/ validateTypeStringNullableBoolean provides custom error messaging for TypeString booleans\n\/\/ Some arguments require three values: true, false, and \"\" (unspecified).\n\/\/ This ValidateFunc returns a custom message since the message with\n\/\/ validation.StringInSlice([]string{\"\", \"false\", \"true\"}, false) is confusing:\n\/\/ to be one of [ false true], got 1\nfunc validateTypeStringNullableBoolean(v interface{}, k string) (ws []string, es []error) {\n\tvalue, ok := v.(string)\n\tif !ok {\n\t\tes = append(es, fmt.Errorf(\"expected type of %s to be string\", k))\n\t\treturn\n\t}\n\n\tfor _, str := range []string{\"\", \"0\", \"1\", \"false\", \"true\"} {\n\t\tif value == str {\n\t\t\treturn\n\t\t}\n\t}\n\n\tes = append(es, fmt.Errorf(\"expected %s to be one of [\\\"\\\", false, true], got %s\", k, value))\n\treturn\n}\n\n\/\/ validateTypeStringNullableFloat provides custom error messaging for TypeString floats\n\/\/ Some arguments require a floating point value or an unspecified, empty field.\nfunc validateTypeStringNullableFloat(v interface{}, k string) (ws []string, es []error) {\n\tvalue, ok := v.(string)\n\tif !ok {\n\t\tes = append(es, fmt.Errorf(\"expected type of %s to be string\", k))\n\t\treturn\n\t}\n\n\tif value == \"\" {\n\t\treturn\n\t}\n\n\tif _, err := strconv.ParseFloat(value, 64); err != nil {\n\t\tes = append(es, fmt.Errorf(\"%s: cannot parse '%s' as float: %s\", k, value, err))\n\t}\n\n\treturn\n}\n\nfunc validateTransferServerID(v interface{}, k string) (ws []string, errors []error) {\n\tvalue := v.(string)\n\n\t\/\/ <https:\/\/docs.aws.amazon.com\/transfer\/latest\/userguide\/API_CreateUser.html>\n\tpattern := `^s-([0-9a-f]{17})$`\n\tif !regexp.MustCompile(pattern).MatchString(value) {\n\t\terrors = append(errors, fmt.Errorf(\n\t\t\t\"%q isn't a valid transfer server id (only lowercase alphanumeric characters are allowed): %q\",\n\t\t\tk, value))\n\t}\n\n\treturn\n}\n\nfunc validateTransferUserName(v interface{}, k string) (ws []string, errors []error) {\n\tvalue := v.(string)\n\t\/\/ <https:\/\/docs.aws.amazon.com\/transfer\/latest\/userguide\/API_CreateUser.html>\n\tif !regexp.MustCompile(`^[a-zA-Z0-9_][a-zA-Z0-9_-]{2,31}$`).MatchString(value) {\n\t\terrors = append(errors, fmt.Errorf(\"Invalid %q: must be between 3 and 32 alphanumeric or special characters hyphen and underscore. However, %q cannot begin with a hyphen\", k, k))\n\t}\n\treturn\n}\n\nfunc validateRdsIdentifier(v interface{}, k string) (ws []string, errors []error) {\n\tvalue := v.(string)\n\tif !regexp.MustCompile(`^[0-9a-z-]+$`).MatchString(value) {\n\t\terrors = append(errors, fmt.Errorf(\n\t\t\t\"only lowercase alphanumeric characters and hyphens allowed in %q\", k))\n\t}\n\tif !regexp.MustCompile(`^[a-z]`).MatchString(value) {\n\t\terrors = append(errors, fmt.Errorf(\n\t\t\t\"first character of %q must be a letter\", k))\n\t}\n\tif regexp.MustCompile(`--`).MatchString(value) {\n\t\terrors = append(errors, fmt.Errorf(\n\t\t\t\"%q cannot contain two consecutive hyphens\", k))\n\t}\n\tif regexp.MustCompile(`-$`).MatchString(value) {\n\t\terrors = append(errors, fmt.Errorf(\n\t\t\t\"%q cannot end with a hyphen\", k))\n\t}\n\treturn\n}\n\nfunc validateNeptuneIdentifier(v interface{}, k string) (ws []string, errors []error) {\n\tvalue := v.(string)\n\tif !regexp.MustCompile(`^[0-9a-z-]+$`).MatchString(value) {\n\t\terrors = append(errors, fmt.Errorf(\n\t\t\t\"only lowercase alphanumeric characters and hyphens allowed in %q\", k))\n\t}\n\tif !regexp.MustCompile(`^[a-z]`).MatchString(value) {\n\t\terrors = append(errors, fmt.Errorf(\n\t\t\t\"first character of %q must be a letter\", k))\n\t}\n\tif regexp.MustCompile(`--`).MatchString(value) {\n\t\terrors = append(errors, fmt.Errorf(\n\t\t\t\"%q cannot contain two consecutive hyphens\", k))\n\t}\n\tif regexp.MustCompile(`-$`).MatchString(value) {\n\t\terrors = append(errors, fmt.Errorf(\n\t\t\t\"%q cannot end with a hyphen\", k))\n\t}\n\treturn\n}\n\nfunc validateRdsIdentifierPrefix(v interface{}, k string) (ws []string, errors []error) {\n\tvalue := v.(string)\n\tif !regexp.MustCompile(`^[0-9a-z-]+$`).MatchString(value) {\n\t\terrors = append(errors, fmt.Errorf(\n\t\t\t\"only lowercase alphanumeric characters and hyphens allowed in %q\", k))\n\t}\n\tif !regexp.MustCompile(`^[a-z]`).MatchString(value) {\n\t\terrors = append(errors, fmt.Errorf(\n\t\t\t\"first character of %q must be a letter\", k))\n\t}\n\tif regexp.MustCompile(`--`).MatchString(value) {\n\t\terrors = append(errors, fmt.Errorf(\n\t\t\t\"%q cannot contain two consecutive hyphens\", k))\n\t}\n\treturn\n}\n\nfunc validateNeptuneIdentifierPrefix(v interface{}, k string) (ws []string, errors []error) {\n\tvalue := v.(string)\n\tif !regexp.MustCompile(`^[0-9a-z-]+$`).MatchString(value) {\n\t\terrors = append(errors, fmt.Errorf(\n\t\t\t\"only lowercase alphanumeric characters and hyphens allowed in %q\", k))\n\t}\n\tif !regexp.MustCompile(`^[a-z]`).MatchString(value) {\n\t\terrors = append(errors, fmt.Errorf(\n\t\t\t\"first character of %q must be a letter\", k))\n\t}\n\tif regexp.MustCompile(`--`).MatchString(value) {\n\t\terrors = append(errors, fmt.Errorf(\n\t\t\t\"%q cannot contain two consecutive hyphens\", k))\n\t}\n\treturn\n}\n\nfunc validateRdsEngine() schema.SchemaValidateFunc {\n\treturn validation.StringInSlice([]string{\n\t\t\"aurora\",\n\t\t\"aurora-mysql\",\n\t\t\"aurora-postgresql\",\n\t}, false)\n}\n\nfunc validateNeptuneEngine() schema.SchemaValidateFunc {\n\treturn validation.StringInSlice([]string{\n\t\t\"neptune\",\n\t}, false)\n}\n\nfunc validateElastiCacheClusterId(v interface{}, k string) (ws []string, errors []error) {\n\tvalue := v.(string)\n\tif (len(value) &lt; 1) || (len(value) &gt; 20) {\n\t\terrors = append(errors, fmt.Errorf(\n\t\t\t\"%q (%q) must contain from 1 to 20 alphanumeric characters or hyphens\", k, value))\n\t}\n\tif !regexp.MustCompile(`^[0-9a-z-]+$`).MatchString(value) {\n\t\terrors = append(errors, fmt.Errorf(\n\t\t\t\"only lowercase alphanumeric characters and hyphens allowed in %q (%q)\", k, value))\n\t}\n\tif !regexp.MustCompile(`^[a-z]`).MatchString(value) {\n\t\terrors = append(errors, fmt.Errorf(\n\t\t\t\"first character of %q (%q) must be a letter\", k, value))\n\t}\n\tif regexp.MustCompile(`--`).MatchString(value) {\n\t\terrors = append(errors, fmt.Errorf(\n\t\t\t\"%q (%q) cannot contain two consecutive hyphens\", k, value))\n\t}\n\tif regexp.MustCompile(`-$`).MatchString(value) {\n\t\terrors = append(errors, fmt.Errorf(\n\t\t\t\"%q (%q) cannot end with a hyphen\", k, value))\n\t}\n\treturn\n}\n\nfunc validateASGScheduleTimestamp(v interface{}, k string) (ws []string, errors []error) {\n\tvalue := v.(string)\n\t_, err := time.Parse(awsAutoscalingScheduleTimeLayout, value)\n\tif err != nil {\n\t\terrors = append(errors, fmt.Errorf(\n\t\t\t\"%q cannot be parsed as iso8601 Timestamp Format\", value))\n\t}\n\n\treturn\n}\n\n\/\/ validateTagFilters confirms the \"value\" component of a tag filter is one of\n\/\/ AWS…",
                "title": "aws\/validators.go",
                "footer": "<https:\/\/github.com\/terraform-providers\/terraform-provider-aws|terraform-providers\/terraform-provider-aws>",
                "id": 1,
                "title_link": "https:\/\/github.com\/terraform-providers\/terraform-provider-aws\/blob\/960a40675dd373575761e1060ad09eeba288682f\/aws\/validators.go",
                "footer_icon": "https:\/\/github.githubassets.com\/favicon.ico",
                "color": "24292f",
                "mrkdwn_in": [
                    "text"
                ],
                "bot_id": "BH12QQBB4",
                "app_unfurl_url": "https:\/\/github.com\/terraform-providers\/terraform-provider-aws\/blob\/960a40675dd373575761e1060ad09eeba288682f\/aws\/validators.go",
                "is_app_unfurl": true
            }
        ]
    },
    {
        "client_msg_id": "fccb346e-65b2-4b71-b3f4-28a0c4d19b67",
        "type": "message",
        "text": "identifierにはついてるから、無い理由がある？？　<https:\/\/github.com\/terraform-providers\/terraform-provider-aws\/blob\/960a40675dd373575761e1060ad09eeba288682f\/aws\/resource_aws_db_instance.go#L138>",
        "user": "UFTKSQ25T",
        "ts": "1567422086.019400",
        "team": "TFU0BKCQP",
        "user_team": "TFU0BKCQP",
        "source_team": "TFU0BKCQP",
        "user_profile": {
            "avatar_hash": "g0bffa2bb65a",
            "image_72": "https:\/\/secure.gravatar.com\/avatar\/10bffa2bb65aa200d991e14d6110f549.jpg?s=72&d=https%3A%2F%2Fa.slack-edge.com%2Fdf10d%2Fimg%2Favatars%2Fava_0016-72.png",
            "first_name": "",
            "real_name": "morihaya",
            "display_name": "",
            "team": "TFU0BKCQP",
            "name": "yukiya.hayashi",
            "is_restricted": false,
            "is_ultra_restricted": false
        },
        "edited": {
            "user": "UFTKSQ25T",
            "ts": "1567422096.000000"
        }
    },
    {
        "client_msg_id": "1777154d-c97d-498e-8d4e-f6b032ea92fc",
        "type": "message",
        "text": "<https:\/\/github.com\/terraform-providers\/terraform-provider-aws\/blob\/64a87c6d5f19080ecd0c46102889ee300bbcfcf7\/aws\/resource_aws_db_instance.go#L854-L863>",
        "user": "UHS4SFFA7",
        "ts": "1567422203.019700",
        "team": "TFU0BKCQP",
        "user_team": "TFU0BKCQP",
        "source_team": "TFU0BKCQP",
        "user_profile": {
            "avatar_hash": "gade34f8bdf1",
            "image_72": "https:\/\/secure.gravatar.com\/avatar\/5ade34f8bdf1b55c4ff82c11cf23cf42.jpg?s=72&d=https%3A%2F%2Fa.slack-edge.com%2Fdf10d%2Fimg%2Favatars%2Fava_0008-72.png",
            "first_name": "",
            "real_name": "minamijoyo",
            "display_name": "minamijoyo",
            "team": "TFU0BKCQP",
            "name": "minamijoyo",
            "is_restricted": false,
            "is_ultra_restricted": false
        },
        "attachments": [
            {
                "fallback": "[terraform-providers\/terraform-provider-aws] aws\/resource_aws_db_instance.go:854-863",
                "text": "```\n\t\tif attr, ok := d.GetOk(\"name\"); ok {\n\t\t\t\/\/ \"Note: This parameter [DBName] doesn't apply to the MySQL, PostgreSQL, or MariaDB engines.\"\n\t\t\t\/\/ <https:\/\/docs.aws.amazon.com\/AmazonRDS\/latest\/APIReference\/API_RestoreDBInstanceFromDBSnapshot.html>\n\t\t\tswitch strings.ToLower(d.Get(\"engine\").(string)) {\n\t\t\tcase \"mysql\", \"postgres\", \"mariadb\":\n\t\t\t\t\/\/ skip\n\t\t\tdefault:\n\t\t\t\topts.DBName = aws.String(attr.(string))\n\t\t\t}\n\t\t}\n```",
                "title": "aws\/resource_aws_db_instance.go:854-863",
                "footer": "<https:\/\/github.com\/terraform-providers\/terraform-provider-aws|terraform-providers\/terraform-provider-aws>",
                "id": 1,
                "title_link": "https:\/\/github.com\/terraform-providers\/terraform-provider-aws\/blob\/64a87c6d5f19080ecd0c46102889ee300bbcfcf7\/aws\/resource_aws_db_instance.go#L854-L863",
                "footer_icon": "https:\/\/github.githubassets.com\/favicon.ico",
                "color": "24292f",
                "mrkdwn_in": [
                    "text"
                ],
                "bot_id": "BH12QQBB4",
                "app_unfurl_url": "https:\/\/github.com\/terraform-providers\/terraform-provider-aws\/blob\/64a87c6d5f19080ecd0c46102889ee300bbcfcf7\/aws\/resource_aws_db_instance.go#L854-L863",
                "is_app_unfurl": true
            }
        ]
    },
    {
        "client_msg_id": "54fde355-8749-4352-ac13-6f743feba740",
        "type": "message",
        "text": "<https:\/\/docs.aws.amazon.com\/cli\/latest\/reference\/rds\/create-db-instance.html#options>",
        "user": "UG46Z57TN",
        "ts": "1567422208.020000",
        "team": "TFU0BKCQP",
        "user_team": "TFU0BKCQP",
        "source_team": "TFU0BKCQP",
        "user_profile": {
            "avatar_hash": "c6bdd4cb17db",
            "image_72": "https:\/\/avatars.slack-edge.com\/2019-07-05\/685991185957_c6bdd4cb17db956661a1_72.jpg",
            "first_name": "Takeshi",
            "real_name": "Takeshi Kondo",
            "display_name": "chaspy",
            "team": "TFU0BKCQP",
            "name": "take.she12",
            "is_restricted": false,
            "is_ultra_restricted": false
        }
    },
    {
        "client_msg_id": "e4affe9e-f415-4a9c-b13e-0286935ab564",
        "type": "message",
        "text": "<https:\/\/github.com\/terraform-providers\/terraform-provider-aws\/issues\/9906>",
        "user": "UG46Z57TN",
        "ts": "1567422345.020200",
        "team": "TFU0BKCQP",
        "user_team": "TFU0BKCQP",
        "source_team": "TFU0BKCQP",
        "user_profile": {
            "avatar_hash": "c6bdd4cb17db",
            "image_72": "https:\/\/avatars.slack-edge.com\/2019-07-05\/685991185957_c6bdd4cb17db956661a1_72.jpg",
            "first_name": "Takeshi",
            "real_name": "Takeshi Kondo",
            "display_name": "chaspy",
            "team": "TFU0BKCQP",
            "name": "take.she12",
            "is_restricted": false,
            "is_ultra_restricted": false
        },
        "attachments": [
            {
                "author_name": "ewbankkit",
                "fallback": "[terraform-providers\/terraform-provider-aws] #9906 Amazon ElastiCache now supports up to 50 characters in cluster name",
                "text": "*Community Note*\n\n• Please vote on this issue by adding a :+1: <https:\/\/blog.github.com\/2016-03-10-add-reactions-to-pull-requests-issues-and-comments\/|reaction> to the original issue to help the community and maintainers prioritize this request\n• Please do not leave \"+1\" or \"me too\" comments, they generate extra noise for issue followers and do not help prioritize the request\n• If you are interested in working on this issue or have submitted a pull request, please leave a comment\n\n*Description*\n\nAmazon ElastiCache now allows you to name your clusters up to 50 characters for cacheClusters and upto 40 characters for replicationGroups.\n\n*New or Affected Resource(s)*\n\n• <https:\/\/www.terraform.io\/docs\/providers\/aws\/r\/elasticache_cluster.html|`aws_elasticache_cluster`>\n• <https:\/\/www.terraform.io\/docs\/providers\/aws\/r\/elasticache_replication_group.html|`aws_elasticache_replication_group`>\n\n*References*\n\n<https:\/\/aws.amazon.com\/about-aws\/whats-new\/2019\/08\/elasticache_supports_50_chars_cluster_name\/|Announcement>.",
                "title": "#9906 Amazon ElastiCache now supports up to 50 characters in cluster name",
                "footer": "<https:\/\/github.com\/terraform-providers\/terraform-provider-aws|terraform-providers\/terraform-provider-aws>",
                "id": 1,
                "title_link": "https:\/\/github.com\/terraform-providers\/terraform-provider-aws\/issues\/9906",
                "author_link": "https:\/\/github.com\/ewbankkit",
                "author_icon": "https:\/\/avatars3.githubusercontent.com\/u\/2404182?v=4",
                "footer_icon": "https:\/\/github.githubassets.com\/favicon.ico",
                "ts": 1567023811,
                "color": "36a64f",
                "fields": [
                    {
                        "title": "Assignees",
                        "value": "bflad",
                        "short": true
                    },
                    {
                        "title": "Labels",
                        "value": "enhancement, service\/elasticache",
                        "short": true
                    }
                ],
                "mrkdwn_in": [
                    "text"
                ],
                "bot_id": "BH12QQBB4",
                "app_unfurl_url": "https:\/\/github.com\/terraform-providers\/terraform-provider-aws\/issues\/9906",
                "is_app_unfurl": true
            }
        ]
    },
    {
        "client_msg_id": "4e0d977e-5c2d-4167-9909-20461bb55871",
        "type": "message",
        "text": "30文字のやつ\n<https:\/\/github.com\/terraform-providers\/terraform-provider-aws\/pull\/7409>",
        "user": "UG46Z57TN",
        "ts": "1567422382.020500",
        "team": "TFU0BKCQP",
        "user_team": "TFU0BKCQP",
        "source_team": "TFU0BKCQP",
        "user_profile": {
            "avatar_hash": "c6bdd4cb17db",
            "image_72": "https:\/\/avatars.slack-edge.com\/2019-07-05\/685991185957_c6bdd4cb17db956661a1_72.jpg",
            "first_name": "Takeshi",
            "real_name": "Takeshi Kondo",
            "display_name": "chaspy",
            "team": "TFU0BKCQP",
            "name": "take.she12",
            "is_restricted": false,
            "is_ultra_restricted": false
        },
        "attachments": [
            {
                "author_name": "uruddarraju",
                "fallback": "[terraform-providers\/terraform-provider-aws] #7409 Changing aws elastic cache cluster_id validation to allow 30 characters.",
                "text": "The current elastic cache validator does not allow more than 20 characters in the cluster_id leading to terraform apply issues for clusters imported from AWS that have cluster_id &gt; 20 characters. They fail with error:\n\n```\nError: aws_elasticache_cluster.helloworld-redis-3: \"cluster_id\" (\"helloworld-redis-3-0015-002\") must contain from 1 to 20 alphanumeric characters or hyphens\n\n```\n\nChanges proposed in this pull request:\n\n• Changing aws elastic cache cluster_id validation to allow 30 characters.\n\nOutput from acceptance testing:\n\n```\n$ make testacc TESTARGS='-run=TestAccAWSAvailabilityZones'\n==&gt; Checking that code complies with gofmt requirements...\nTF_ACC=1 go test .\/... -v -parallel 20 -run=TestAccAWSAvailabilityZones -timeout 120m\n?   \t<http:\/\/github.com\/terraform-providers\/terraform-provider-aws|github.com\/terraform-providers\/terraform-provider-aws>\t[no test files]\n=== RUN   TestAccAWSAvailabilityZones_basic\n=== PAUSE TestAccAWSAvailabilityZones_basic\n=== RUN   TestAccAWSAvailabilityZones_stateFilter\n=== PAUSE TestAccAWSAvailabilityZones_stateFilter\n=== CONT  TestAccAWSAvailabilityZones_basic\n=== CONT  TestAccAWSAvailabilityZones_stateFilter\n--- PASS: TestAccAWSAvailabilityZones_basic (7.81s)\n--- PASS: TestAccAWSAvailabilityZones_stateFilter (7.81s)\nPASS\nok  \t<http:\/\/github.com\/terraform-providers\/terraform-provider-aws\/aws|github.com\/terraform-providers\/terraform-provider-aws\/aws>\t8.627s\n...\n\n```",
                "title": "#7409 Changing aws elastic cache cluster_id validation to allow 30 characters.",
                "footer": "<https:\/\/github.com\/terraform-providers\/terraform-provider-aws|terraform-providers\/terraform-provider-aws>",
                "id": 1,
                "title_link": "https:\/\/github.com\/terraform-providers\/terraform-provider-aws\/pull\/7409",
                "author_link": "https:\/\/github.com\/uruddarraju",
                "author_icon": "https:\/\/avatars2.githubusercontent.com\/u\/2271582?v=4",
                "footer_icon": "https:\/\/github.githubassets.com\/favicon.ico",
                "ts": 1548978516,
                "color": "36a64f",
                "fields": [
                    {
                        "title": "Labels",
                        "value": "service\/elasticache, size\/XS",
                        "short": true
                    },
                    {
                        "title": "Comments",
                        "value": "1",
                        "short": true
                    }
                ],
                "mrkdwn_in": [
                    "text"
                ],
                "bot_id": "BH12QQBB4",
                "app_unfurl_url": "https:\/\/github.com\/terraform-providers\/terraform-provider-aws\/pull\/7409",
                "is_app_unfurl": true
            }
        ]
    },
    {
        "client_msg_id": "fd3706cb-0898-46ae-afd3-b5e2029de4a0",
        "type": "message",
        "text": "<https:\/\/github.com\/terraform-providers\/terraform-provider-aws\/issues\/9943>",
        "user": "UG46Z57TN",
        "ts": "1567422570.020800",
        "team": "TFU0BKCQP",
        "user_team": "TFU0BKCQP",
        "source_team": "TFU0BKCQP",
        "user_profile": {
            "avatar_hash": "c6bdd4cb17db",
            "image_72": "https:\/\/avatars.slack-edge.com\/2019-07-05\/685991185957_c6bdd4cb17db956661a1_72.jpg",
            "first_name": "Takeshi",
            "real_name": "Takeshi Kondo",
            "display_name": "chaspy",
            "team": "TFU0BKCQP",
            "name": "take.she12",
            "is_restricted": false,
            "is_ultra_restricted": false
        },
        "attachments": [
            {
                "author_name": "tariq1890",
                "fallback": "[terraform-providers\/terraform-provider-aws] #9943 Data source for AWS EC2 Reserved Instances offerings.",
                "text": "*Community Note*\n\n• Please vote on this issue by adding a :+1: <https:\/\/blog.github.com\/2016-03-10-add-reactions-to-pull-requests-issues-and-comments\/|reaction> to the original issue to help the community and maintainers prioritize this request\n• Please do not leave \"+1\" or \"me too\" comments, they generate extra noise for issue followers and do not help prioritize the request\n• If you are interested in working on this issue or have submitted a pull request, please leave a comment\n\n*Description*\n*New or Affected Resource(s)*\n\nI propose creating a new data source for AWS RI offerings. The resource would be named something like this:\n\n`aws_ec2_reserved_instance_offerings`\n\n*Why do we need this?*\n\nWe need a way to filter availability zones based on the instance types supported and listing RI offerings seems to be the only known way of achieving that.",
                "title": "#9943 Data source for AWS EC2 Reserved Instances offerings.",
                "footer": "<https:\/\/github.com\/terraform-providers\/terraform-provider-aws|terraform-providers\/terraform-provider-aws>",
                "id": 1,
                "title_link": "https:\/\/github.com\/terraform-providers\/terraform-provider-aws\/issues\/9943",
                "author_link": "https:\/\/github.com\/tariq1890",
                "author_icon": "https:\/\/avatars1.githubusercontent.com\/u\/2658224?v=4",
                "footer_icon": "https:\/\/github.githubassets.com\/favicon.ico",
                "ts": 1567202971,
                "color": "36a64f",
                "fields": [
                    {
                        "title": "Labels",
                        "value": "enhancement, needs-triage",
                        "short": true
                    },
                    {
                        "title": "Comments",
                        "value": "1",
                        "short": true
                    }
                ],
                "mrkdwn_in": [
                    "text"
                ],
                "bot_id": "BH12QQBB4",
                "app_unfurl_url": "https:\/\/github.com\/terraform-providers\/terraform-provider-aws\/issues\/9943",
                "is_app_unfurl": true
            }
        ]
    },
    {
        "client_msg_id": "c2430177-3736-4268-b7c6-0afadfd19fd4",
        "type": "message",
        "text": "<https:\/\/docs.aws.amazon.com\/AWSEC2\/latest\/APIReference\/API_DescribeReservedInstancesOfferings.html>",
        "user": "UHS4SFFA7",
        "ts": "1567422786.021100",
        "team": "TFU0BKCQP",
        "user_team": "TFU0BKCQP",
        "source_team": "TFU0BKCQP",
        "user_profile": {
            "avatar_hash": "gade34f8bdf1",
            "image_72": "https:\/\/secure.gravatar.com\/avatar\/5ade34f8bdf1b55c4ff82c11cf23cf42.jpg?s=72&d=https%3A%2F%2Fa.slack-edge.com%2Fdf10d%2Fimg%2Favatars%2Fava_0008-72.png",
            "first_name": "",
            "real_name": "minamijoyo",
            "display_name": "minamijoyo",
            "team": "TFU0BKCQP",
            "name": "minamijoyo",
            "is_restricted": false,
            "is_ultra_restricted": false
        },
        "attachments": [
            {
                "title": "DescribeReservedInstancesOfferings - Amazon Elastic Compute Cloud",
                "title_link": "https:\/\/docs.aws.amazon.com\/AWSEC2\/latest\/APIReference\/API_DescribeReservedInstancesOfferings.html",
                "text": "Describes Reserved Instance offerings that are available for purchase. With Reserved Instances, you purchase the right to launch instances for a period of time. During that time period, you do not receive insufficient capacity errors, and you pay a lower usage rate than the rate charged for On-Demand instances for the actual time used.",
                "fallback": "DescribeReservedInstancesOfferings - Amazon Elastic Compute Cloud",
                "from_url": "https:\/\/docs.aws.amazon.com\/AWSEC2\/latest\/APIReference\/API_DescribeReservedInstancesOfferings.html",
                "service_icon": "https:\/\/docs.aws.amazon.com\/images\/favicon.ico",
                "service_name": "docs.aws.amazon.com",
                "id": 1,
                "original_url": "https:\/\/docs.aws.amazon.com\/AWSEC2\/latest\/APIReference\/API_DescribeReservedInstancesOfferings.html"
            }
        ]
    },
    {
        "client_msg_id": "86eb8b4a-603f-4692-926e-c09853955ca4",
        "type": "message",
        "text": "<https:\/\/github.com\/terraform-providers\/terraform-provider-aws\/issues\/9903> このimportいけるんでは",
        "user": "UG46Z57TN",
        "ts": "1567423547.021400",
        "team": "TFU0BKCQP",
        "user_team": "TFU0BKCQP",
        "source_team": "TFU0BKCQP",
        "user_profile": {
            "avatar_hash": "c6bdd4cb17db",
            "image_72": "https:\/\/avatars.slack-edge.com\/2019-07-05\/685991185957_c6bdd4cb17db956661a1_72.jpg",
            "first_name": "Takeshi",
            "real_name": "Takeshi Kondo",
            "display_name": "chaspy",
            "team": "TFU0BKCQP",
            "name": "take.she12",
            "is_restricted": false,
            "is_ultra_restricted": false
        },
        "attachments": [
            {
                "author_name": "jvelonis",
                "fallback": "[terraform-providers\/terraform-provider-aws] #9903 Add support for importing resource aws_s3_bucket_object",
                "text": "*Community Note*\n\n• Please vote on this issue by adding a :+1: <https:\/\/blog.github.com\/2016-03-10-add-reactions-to-pull-requests-issues-and-comments\/|reaction> to the original issue to help the community and maintainers prioritize this request\n• Please do not leave \"+1\" or \"me too\" comments, they generate extra noise for issue followers and do not help prioritize the request\n• If you are interested in working on this issue or have submitted a pull request, please leave a comment\n\n*Description*\n\nResource aws_s3_bucket_object doesn't support import (AWS provider version 2.25.0). I use Terraform to provision some S3 folders and objects, and it would be useful to be able to import existing objects.\n\n*New or Affected Resource(s)*\n\n• aws_s3_bucket_object\n\n*Potential Terraform Configuration*\n\n```\nterraform import aws_s3_bucket_object.foo my_bucket\/path\/to\/foo\n\n```",
                "title": "#9903 Add support for importing resource aws_s3_bucket_object",
                "footer": "<https:\/\/github.com\/terraform-providers\/terraform-provider-aws|terraform-providers\/terraform-provider-aws>",
                "id": 1,
                "title_link": "https:\/\/github.com\/terraform-providers\/terraform-provider-aws\/issues\/9903",
                "author_link": "https:\/\/github.com\/jvelonis",
                "author_icon": "https:\/\/avatars3.githubusercontent.com\/u\/6052657?v=4",
                "footer_icon": "https:\/\/github.githubassets.com\/favicon.ico",
                "ts": 1567002390,
                "color": "36a64f",
                "fields": [
                    {
                        "title": "Labels",
                        "value": "enhancement, service\/s3",
                        "short": true
                    }
                ],
                "mrkdwn_in": [
                    "text"
                ],
                "bot_id": "BH12QQBB4",
                "app_unfurl_url": "https:\/\/github.com\/terraform-providers\/terraform-provider-aws\/issues\/9903",
                "is_app_unfurl": true
            }
        ]
    },
    {
        "client_msg_id": "fc91c36c-4244-48dc-aa83-eb81cd195137",
        "type": "message",
        "text": "これもよさそう\n<https:\/\/github.com\/terraform-providers\/terraform-provider-aws\/issues\/9838>",
        "user": "UG46Z57TN",
        "ts": "1567423859.021900",
        "team": "TFU0BKCQP",
        "user_team": "TFU0BKCQP",
        "source_team": "TFU0BKCQP",
        "user_profile": {
            "avatar_hash": "c6bdd4cb17db",
            "image_72": "https:\/\/avatars.slack-edge.com\/2019-07-05\/685991185957_c6bdd4cb17db956661a1_72.jpg",
            "first_name": "Takeshi",
            "real_name": "Takeshi Kondo",
            "display_name": "chaspy",
            "team": "TFU0BKCQP",
            "name": "take.she12",
            "is_restricted": false,
            "is_ultra_restricted": false
        },
        "attachments": [
            {
                "author_name": "phani308",
                "fallback": "[terraform-providers\/terraform-provider-aws] #9838 Terraform to support AWS RDS aurora version ",
                "text": "Hi Team,\n\nCan i add RDS aurora version (2.3.3.) as an attribute to AWS RDS cluster or instance resource . Currently i dont see any attribute in terraform that supports Aurora version. <https:\/\/github.com\/nywilken|@nywilken> .",
                "title": "#9838 Terraform to support AWS RDS aurora version ",
                "footer": "<https:\/\/github.com\/terraform-providers\/terraform-provider-aws|terraform-providers\/terraform-provider-aws>",
                "id": 1,
                "title_link": "https:\/\/github.com\/terraform-providers\/terraform-provider-aws\/issues\/9838",
                "author_link": "https:\/\/github.com\/phani308",
                "author_icon": "https:\/\/avatars1.githubusercontent.com\/u\/40341972?v=4",
                "footer_icon": "https:\/\/github.githubassets.com\/favicon.ico",
                "ts": 1566395141,
                "color": "36a64f",
                "fields": [
                    {
                        "title": "Labels",
                        "value": "needs-triage",
                        "short": true
                    }
                ],
                "mrkdwn_in": [
                    "text"
                ],
                "bot_id": "BH12QQBB4",
                "app_unfurl_url": "https:\/\/github.com\/terraform-providers\/terraform-provider-aws\/issues\/9838",
                "is_app_unfurl": true
            }
        ]
    },
    {
        "client_msg_id": "b62533c5-5747-4a6f-9d7c-3129e045ffce",
        "type": "message",
        "text": "<https:\/\/github.com\/terraform-providers\/terraform-provider-aws\/issues\/9756>",
        "user": "UG46Z57TN",
        "ts": "1567424058.022200",
        "team": "TFU0BKCQP",
        "user_team": "TFU0BKCQP",
        "source_team": "TFU0BKCQP",
        "user_profile": {
            "avatar_hash": "c6bdd4cb17db",
            "image_72": "https:\/\/avatars.slack-edge.com\/2019-07-05\/685991185957_c6bdd4cb17db956661a1_72.jpg",
            "first_name": "Takeshi",
            "real_name": "Takeshi Kondo",
            "display_name": "chaspy",
            "team": "TFU0BKCQP",
            "name": "take.she12",
            "is_restricted": false,
            "is_ultra_restricted": false
        },
        "attachments": [
            {
                "author_name": "chrisrlong",
                "fallback": "[terraform-providers\/terraform-provider-aws] #9756 Modifying RDS instance size does not work",
                "text": "Terraform 0.12.6  \nprovider.aws v2.23.0\n\nThe below is the config and output after trying to change instance size for a RDS node. The terraform run completes as below, but the AWS console shows that no change was made.\n\nRepeating the run produces the same result.\n\n`resource \"aws_db_instance\" \"default\" {  \nidentifier = \"${var.name}-db\"  \nskip_final_snapshot = \"true\"  \nallocated_storage = \"${var.rds_storage}\"  \nengine = \"${var.rds_engine}\"  \nengine_version = \"${var.rds_engine_version}\"  \ninstance_class = \"${var.rds_instance}\"  \nstorage_type = \"gp2\"  \nmulti_az = \"${var.rds_multi_az}\"  \nusername = \"xxxxxxxx\"  \npassword = \"${var.xxxxxxx}\"  \nname = \"${var.rds_db_name}\"  \nbackup_retention_period = \"${var.rds_backup_retention_period}\"  \npublicly_accessible = \"false\"  \nvpc_security_group_ids = [  \n\"${xxxxxx}\"  \n]  \ndb_subnet_group_name = \"${var.name}-db_subnet_group\"  \nparameter_group_name = \"${var.name}-db-parameter-group\"\n\ntags = {  \nApp = \"${var.name}\"  \nEnv = \"${var.environment}\"  \n}  \n}`\n\nAn execution plan has been generated and is shown below.  \nResource actions are indicated with the following symbols:  \n~ update in-place\n\nTerraform will perform the following actions:\n\n*module.rds.aws_db_instance.default will be updated in-place*\n\n~ resource \"aws_db_instance\" \"default\" {\n\n~ instance_class = \"db.t2.micro\" -&gt; \"db.t3.micro\"\n\nPlan: 0 to add, 1 to change, 0 to destroy.\n\nDo you want to perform these actions?  \nTerraform will perform the actions described above.  \nOnly 'yes' will be accepted to approve.\n\nEnter a value: yes\n\nmodule.rds.aws_db_instance.default: Modifying... [id=legacy-site-db]  \nmodule.rds.aws_db_instance.default: Still modifying... [id=legacy-site-db, 10s elapsed]  \nmodule.rds.aws_db_instance.default: Still modifying... [id=legacy-site-db, 20s elapsed]  \nmodule.rds.aws_db_instance.default: Still modifying... [id=legacy-site-db, 30s elapsed]  \nmodule.rds.aws_db_instance.default: Modifications complete after 31s [id=legacy-site-db]\n\nApply complete! Resources: 0 added, 1 changed, 0 destroyed.",
                "title": "#9756 Modifying RDS instance size does not work",
                "footer": "<https:\/\/github.com\/terraform-providers\/terraform-provider-aws|terraform-providers\/terraform-provider-aws>",
                "id": 1,
                "title_link": "https:\/\/github.com\/terraform-providers\/terraform-provider-aws\/issues\/9756",
                "author_link": "https:\/\/github.com\/chrisrlong",
                "author_icon": "https:\/\/avatars2.githubusercontent.com\/u\/21359676?v=4",
                "footer_icon": "https:\/\/github.githubassets.com\/favicon.ico",
                "ts": 1565707747,
                "color": "36a64f",
                "fields": [
                    {
                        "title": "Labels",
                        "value": "needs-triage, service\/rds",
                        "short": true
                    }
                ],
                "mrkdwn_in": [
                    "text"
                ],
                "bot_id": "BH12QQBB4",
                "app_unfurl_url": "https:\/\/github.com\/terraform-providers\/terraform-provider-aws\/issues\/9756",
                "is_app_unfurl": true
            }
        ]
    },
    {
        "client_msg_id": "e6432973-bd92-4cba-bc90-d8fa1dec403b",
        "type": "message",
        "text": "さっきのpggとかpviとか\n<https:\/\/github.com\/chaspy\/dotfiles\/blob\/master\/.zshrc#L130>",
        "user": "UG46Z57TN",
        "ts": "1567424692.022700",
        "team": "TFU0BKCQP",
        "user_team": "TFU0BKCQP",
        "source_team": "TFU0BKCQP",
        "user_profile": {
            "avatar_hash": "c6bdd4cb17db",
            "image_72": "https:\/\/avatars.slack-edge.com\/2019-07-05\/685991185957_c6bdd4cb17db956661a1_72.jpg",
            "first_name": "Takeshi",
            "real_name": "Takeshi Kondo",
            "display_name": "chaspy",
            "team": "TFU0BKCQP",
            "name": "take.she12",
            "is_restricted": false,
            "is_ultra_restricted": false
        },
        "attachments": [
            {
                "fallback": "[chaspy\/dotfiles] .zshrc:130",
                "text": "```\nfunction pgg() {\n```",
                "title": ".zshrc:130",
                "footer": "<https:\/\/github.com\/chaspy\/dotfiles|chaspy\/dotfiles>",
                "id": 1,
                "title_link": "https:\/\/github.com\/chaspy\/dotfiles\/blob\/master\/.zshrc#L130",
                "footer_icon": "https:\/\/github.githubassets.com\/favicon.ico",
                "color": "24292f",
                "mrkdwn_in": [
                    "text"
                ],
                "bot_id": "BH12QQBB4",
                "app_unfurl_url": "https:\/\/github.com\/chaspy\/dotfiles\/blob\/master\/.zshrc#L130",
                "is_app_unfurl": true
            }
        ],
        "reactions": [
            {
                "name": "+1",
                "users": [
                    "UFU0BKD8F",
                    "UM15W242H",
                    "UFTKSQ25T",
                    "ULMG6D5GB"
                ],
                "count": 4
            }
        ]
    },
    {
        "client_msg_id": "9c0c705d-dc2d-4477-a27b-3007fa2cdd60",
        "type": "message",
        "text": "HACKMDにいっぱい書き込んだのにクリアされててショックorz",
        "user": "UFTKSQ25T",
        "ts": "1567436732.023900",
        "team": "TFU0BKCQP",
        "user_team": "TFU0BKCQP",
        "source_team": "TFU0BKCQP",
        "user_profile": {
            "avatar_hash": "g0bffa2bb65a",
            "image_72": "https:\/\/secure.gravatar.com\/avatar\/10bffa2bb65aa200d991e14d6110f549.jpg?s=72&d=https%3A%2F%2Fa.slack-edge.com%2Fdf10d%2Fimg%2Favatars%2Fava_0016-72.png",
            "first_name": "",
            "real_name": "morihaya",
            "display_name": "",
            "team": "TFU0BKCQP",
            "name": "yukiya.hayashi",
            "is_restricted": false,
            "is_ultra_restricted": false
        },
        "reactions": [
            {
                "name": "scream",
                "users": [
                    "UKAKENQAF",
                    "UFU0BKD8F"
                ],
                "count": 2
            },
            {
                "name": "cry",
                "users": [
                    "UHS4SFFA7",
                    "ULMG6D5GB"
                ],
                "count": 2
            }
        ]
    },
    {
        "client_msg_id": "87aea103-8e85-4280-be8b-f716c2d9725c",
        "type": "message",
        "text": "!?",
        "user": "UG46Z57TN",
        "ts": "1567436740.024100",
        "team": "TFU0BKCQP",
        "user_team": "TFU0BKCQP",
        "source_team": "TFU0BKCQP",
        "user_profile": {
            "avatar_hash": "c6bdd4cb17db",
            "image_72": "https:\/\/avatars.slack-edge.com\/2019-07-05\/685991185957_c6bdd4cb17db956661a1_72.jpg",
            "first_name": "Takeshi",
            "real_name": "Takeshi Kondo",
            "display_name": "chaspy",
            "team": "TFU0BKCQP",
            "name": "take.she12",
            "is_restricted": false,
            "is_ultra_restricted": false
        }
    },
    {
        "client_msg_id": "0abc7ce9-5f43-4eb0-bba6-d4971588b217",
        "type": "message",
        "text": "履歴残ってるかと思ったら、微妙な履歴しか残ってなかった",
        "user": "UHS4SFFA7",
        "ts": "1567471250.025000",
        "team": "TFU0BKCQP",
        "user_team": "TFU0BKCQP",
        "source_team": "TFU0BKCQP",
        "user_profile": {
            "avatar_hash": "gade34f8bdf1",
            "image_72": "https:\/\/secure.gravatar.com\/avatar\/5ade34f8bdf1b55c4ff82c11cf23cf42.jpg?s=72&d=https%3A%2F%2Fa.slack-edge.com%2Fdf10d%2Fimg%2Favatars%2Fava_0008-72.png",
            "first_name": "",
            "real_name": "minamijoyo",
            "display_name": "minamijoyo",
            "team": "TFU0BKCQP",
            "name": "minamijoyo",
            "is_restricted": false,
            "is_ultra_restricted": false
        }
    },
    {
        "type": "message",
        "text": "",
        "files": [
            {
                "id": "FMRV4DC5P",
                "created": 1567471268,
                "timestamp": 1567471268,
                "name": "image.png",
                "title": "image.png",
                "mimetype": "image\/png",
                "filetype": "png",
                "pretty_type": "PNG",
                "user": "UHS4SFFA7",
                "editable": false,
                "size": 638697,
                "mode": "hosted",
                "is_external": false,
                "external_type": "",
                "is_public": true,
                "public_url_shared": false,
                "display_as_bot": false,
                "username": "",
                "url_private": "https:\/\/files.slack.com\/files-pri\/TFU0BKCQP-FMRV4DC5P\/image.png?t=xoxe-538011658839-821464126950-821111338151-96d06d568fcadccaa6204ade0d97d265",
                "url_private_download": "https:\/\/files.slack.com\/files-pri\/TFU0BKCQP-FMRV4DC5P\/download\/image.png?t=xoxe-538011658839-821464126950-821111338151-96d06d568fcadccaa6204ade0d97d265",
                "thumb_64": "https:\/\/files.slack.com\/files-tmb\/TFU0BKCQP-FMRV4DC5P-ec895b5201\/image_64.png?t=xoxe-538011658839-821464126950-821111338151-96d06d568fcadccaa6204ade0d97d265",
                "thumb_80": "https:\/\/files.slack.com\/files-tmb\/TFU0BKCQP-FMRV4DC5P-ec895b5201\/image_80.png?t=xoxe-538011658839-821464126950-821111338151-96d06d568fcadccaa6204ade0d97d265",
                "thumb_360": "https:\/\/files.slack.com\/files-tmb\/TFU0BKCQP-FMRV4DC5P-ec895b5201\/image_360.png?t=xoxe-538011658839-821464126950-821111338151-96d06d568fcadccaa6204ade0d97d265",
                "thumb_360_w": 360,
                "thumb_360_h": 267,
                "thumb_480": "https:\/\/files.slack.com\/files-tmb\/TFU0BKCQP-FMRV4DC5P-ec895b5201\/image_480.png?t=xoxe-538011658839-821464126950-821111338151-96d06d568fcadccaa6204ade0d97d265",
                "thumb_480_w": 480,
                "thumb_480_h": 356,
                "thumb_160": "https:\/\/files.slack.com\/files-tmb\/TFU0BKCQP-FMRV4DC5P-ec895b5201\/image_160.png?t=xoxe-538011658839-821464126950-821111338151-96d06d568fcadccaa6204ade0d97d265",
                "thumb_720": "https:\/\/files.slack.com\/files-tmb\/TFU0BKCQP-FMRV4DC5P-ec895b5201\/image_720.png?t=xoxe-538011658839-821464126950-821111338151-96d06d568fcadccaa6204ade0d97d265",
                "thumb_720_w": 720,
                "thumb_720_h": 533,
                "thumb_800": "https:\/\/files.slack.com\/files-tmb\/TFU0BKCQP-FMRV4DC5P-ec895b5201\/image_800.png?t=xoxe-538011658839-821464126950-821111338151-96d06d568fcadccaa6204ade0d97d265",
                "thumb_800_w": 800,
                "thumb_800_h": 593,
                "thumb_960": "https:\/\/files.slack.com\/files-tmb\/TFU0BKCQP-FMRV4DC5P-ec895b5201\/image_960.png?t=xoxe-538011658839-821464126950-821111338151-96d06d568fcadccaa6204ade0d97d265",
                "thumb_960_w": 960,
                "thumb_960_h": 711,
                "thumb_1024": "https:\/\/files.slack.com\/files-tmb\/TFU0BKCQP-FMRV4DC5P-ec895b5201\/image_1024.png?t=xoxe-538011658839-821464126950-821111338151-96d06d568fcadccaa6204ade0d97d265",
                "thumb_1024_w": 1024,
                "thumb_1024_h": 759,
                "image_exif_rotation": 1,
                "original_w": 2384,
                "original_h": 1766,
                "permalink": "https:\/\/terraform-jp.slack.com\/files\/UHS4SFFA7\/FMRV4DC5P\/image.png",
                "permalink_public": "https:\/\/slack-files.com\/TFU0BKCQP-FMRV4DC5P-3fdefe314c",
                "is_starred": false,
                "has_rich_preview": false
            }
        ],
        "upload": true,
        "user": "UHS4SFFA7",
        "display_as_bot": false,
        "ts": "1567471272.025100",
        "client_msg_id": "bfe798d1-425e-4fa3-bc0d-fce95c909c9b"
    },
    {
        "client_msg_id": "24c53e32-6a91-4b30-bb04-09edb79eae13",
        "type": "message",
        "text": "短時間で編集するとマージされちゃうんすかね",
        "user": "UHS4SFFA7",
        "ts": "1567471288.025900",
        "team": "TFU0BKCQP",
        "user_team": "TFU0BKCQP",
        "source_team": "TFU0BKCQP",
        "user_profile": {
            "avatar_hash": "gade34f8bdf1",
            "image_72": "https:\/\/secure.gravatar.com\/avatar\/5ade34f8bdf1b55c4ff82c11cf23cf42.jpg?s=72&d=https%3A%2F%2Fa.slack-edge.com%2Fdf10d%2Fimg%2Favatars%2Fava_0008-72.png",
            "first_name": "",
            "real_name": "minamijoyo",
            "display_name": "minamijoyo",
            "team": "TFU0BKCQP",
            "name": "minamijoyo",
            "is_restricted": false,
            "is_ultra_restricted": false
        }
    },
    {
        "client_msg_id": "f9ced919-57db-49da-b0f5-042e3974ee06",
        "type": "message",
        "text": "google docsのほうが優秀なのでわ。。。",
        "user": "UFU0BKD8F",
        "ts": "1567471333.026600",
        "team": "TFU0BKCQP",
        "user_team": "TFU0BKCQP",
        "source_team": "TFU0BKCQP",
        "user_profile": {
            "avatar_hash": "92c41c62c7b0",
            "image_72": "https:\/\/avatars.slack-edge.com\/2019-01-30\/537137791812_92c41c62c7b0f054d3dd_72.jpg",
            "first_name": "らき",
            "real_name": "らき",
            "display_name": "raki",
            "team": "TFU0BKCQP",
            "name": "nishimuray",
            "is_restricted": false,
            "is_ultra_restricted": false
        }
    }
]