[
    {
        "client_msg_id": "9A4B6362-149E-460E-A788-A2A0BB51D13A",
        "type": "message",
        "text": "importのissue\n\n<https:\/\/github.com\/terraform-providers\/terraform-provider-aws\/issues\/9981>",
        "user": "UKAKENQAF",
        "ts": "1567567274.027100",
        "team": "TFU0BKCQP",
        "user_team": "TFU0BKCQP",
        "source_team": "TFU0BKCQP",
        "user_profile": {
            "avatar_hash": "g3c6c9b43cb5",
            "image_72": "https:\/\/secure.gravatar.com\/avatar\/f3c6c9b43cb5ff355b8faaac3e662292.jpg?s=72&d=https%3A%2F%2Fa.slack-edge.com%2Fdf10d%2Fimg%2Favatars%2Fava_0020-72.png",
            "first_name": "",
            "real_name": "kterada0509",
            "display_name": "kterada0509",
            "team": "TFU0BKCQP",
            "name": "kterada.0509sg",
            "is_restricted": false,
            "is_ultra_restricted": false
        },
        "attachments": [
            {
                "author_name": "snayler0",
                "fallback": "[terraform-providers\/terraform-provider-aws] #9981 aws_ssm_association doesn't support import",
                "text": "*Community Note*\n\n• Please vote on this issue by adding a :+1: <https:\/\/blog.github.com\/2016-03-10-add-reactions-to-pull-requests-issues-and-comments\/|reaction> to the original issue to help the community and maintainers prioritize this request\n• Please do not leave \"+1\" or \"me too\" comments, they generate extra noise for issue followers and do not help prioritize the request\n• If you are interested in working on this issue or have submitted a pull request, please leave a comment\n\n*Description*\n\nTerraform version: 0.12.7  \nProvider Version: 2.26.0\n\nAs the title of the issue suggests, it appears that the resource aws_ssm_association doesn't support import.\n\nI'm going through converting multiple AWS accounts into terraform for infrastructure management. This means that in all of my accounts I've already got an association when it comes to enabling SSM inventory management.\n\nI'm fairly sure I have the definition right, but there is no way for me to be sure that I am not missing something from the AWS created association.\n\nI'd like to be able to import the resource and then run a `terraform plan` to see what changes terraform thinks it needs to make (if any)\n\nCurrently the only workaround is to delete the existing association and pray that you haven't missed something important in your terraform resource.\n\n*New or Affected Resource(s)*\n\n• aws_ssm_association\n\n*Potential Terraform Configuration*\n\nSomething like `terraform import aws_ssm_association.inventory ${Existing_Association_ID}` might be a nice way to do this?\n\n*References*\n\n• #0000",
                "title": "#9981 aws_ssm_association doesn't support import",
                "footer": "<https:\/\/github.com\/terraform-providers\/terraform-provider-aws|terraform-providers\/terraform-provider-aws>",
                "id": 1,
                "title_link": "https:\/\/github.com\/terraform-providers\/terraform-provider-aws\/issues\/9981",
                "author_link": "https:\/\/github.com\/snayler0",
                "author_icon": "https:\/\/avatars3.githubusercontent.com\/u\/7955220?v=4",
                "footer_icon": "https:\/\/github.githubassets.com\/favicon.ico",
                "ts": 1567562772,
                "color": "36a64f",
                "fields": [
                    {
                        "title": "Labels",
                        "value": "enhancement, needs-triage, service\/ssm",
                        "short": true
                    }
                ],
                "mrkdwn_in": [
                    "text"
                ],
                "bot_id": "BH12QQBB4",
                "app_unfurl_url": "https:\/\/github.com\/terraform-providers\/terraform-provider-aws\/issues\/9981",
                "is_app_unfurl": true
            }
        ],
        "reactions": [
            {
                "name": "eyes",
                "users": [
                    "UG46Z57TN",
                    "UFTKSQ25T",
                    "ULMG6D5GB"
                ],
                "count": 3
            }
        ]
    }
]