[
    {
        "client_msg_id": "a3fa0050-3f3d-4b57-a54f-d2cafed4f2be",
        "type": "message",
        "text": "やさしい\n<https:\/\/github.com\/terraform-providers\/terraform-provider-aws\/pull\/9530#issuecomment-528046681>",
        "user": "UG46Z57TN",
        "ts": "1567671473.027900",
        "team": "TFU0BKCQP",
        "user_team": "TFU0BKCQP",
        "source_team": "TFU0BKCQP",
        "user_profile": {
            "avatar_hash": "c6bdd4cb17db",
            "image_72": "https:\/\/avatars.slack-edge.com\/2019-07-05\/685991185957_c6bdd4cb17db956661a1_72.jpg",
            "first_name": "Takeshi",
            "real_name": "Takeshi Kondo",
            "display_name": "chaspy",
            "team": "TFU0BKCQP",
            "name": "take.she12",
            "is_restricted": false,
            "is_ultra_restricted": false
        },
        "attachments": [
            {
                "author_name": "bflad",
                "fallback": "[terraform-providers\/terraform-provider-aws] Comment on #9530",
                "text": "Hi <https:\/\/github.com\/chaspy|@chaspy> :wave: Thank you so much for your contribution here and sorry it was never reviewed in its draft state. Since this was still work in progress and a fully finished implementation came along in <https:\/\/github.com\/terraform-providers\/terraform-provider-aws\/pull\/9720|#9720>, we opted to merge that to release this functionality.\n\nSome general notes that may help for future contributions:\n\n&gt; ```\n&gt; testing.go:568: Step 1 error: ImportStateVerify attributes not equivalent. Difference is shown below. Top is actual, bottom is expected.\n&gt; \n&gt; ```\n\nThis error occurs when an attribute is not being saved correctly in the Terraform state during the `Read` function. e.g. `d.Set(\"attribute_name\", attributeValue)`\n\n• We typically prefer to match the AWS API implementations when implementing the Terraform resource to remove any abstractions or future complications with API changes in the future. This also helps Terraform match the AWS CLI, SDKs, and CloudFormation syntax. With the API using a data structure to represent each setting, we would prefer to match that in Terraform via configuration block syntax. <https:\/\/github.com\/terraform-providers\/terraform-provider-aws\/pull\/9720|#9720> shows this type of schema handling with a `TypeSet` attribute and `expand`\/`flatten` functions.\n• When enhancing an existing resource, we typically prefer to add a new acceptance test to cover the new functionality and leave the existing testing to cover potential regressions. More information about this can be found in the <https:\/\/github.com\/terraform-providers\/terraform-provider-aws\/blob\/master\/.github\/CONTRIBUTING.md#enhancementbugfix-to-a-resource|Contributing Guide>.\n\nWe appreciate the effort you put in here and hope to see contributions from you in the future. :smile:",
                "title": "Comment on #9530 Enable container_insights for ecs_cluster",
                "footer": "<https:\/\/github.com\/terraform-providers\/terraform-provider-aws|terraform-providers\/terraform-provider-aws>",
                "id": 1,
                "title_link": "https:\/\/github.com\/terraform-providers\/terraform-provider-aws\/pull\/9530#issuecomment-528046681",
                "author_link": "https:\/\/github.com\/bflad",
                "author_icon": "https:\/\/avatars3.githubusercontent.com\/u\/189114?v=4",
                "footer_icon": "https:\/\/github.githubassets.com\/favicon.ico",
                "ts": 1567624917,
                "color": "24292f",
                "mrkdwn_in": [
                    "text"
                ],
                "bot_id": "BH12QQBB4",
                "app_unfurl_url": "https:\/\/github.com\/terraform-providers\/terraform-provider-aws\/pull\/9530#issuecomment-528046681",
                "is_app_unfurl": true
            }
        ]
    }
]