[
    {
        "client_msg_id": "832eb78b-293d-4c79-b968-644014a23e79",
        "type": "message",
        "text": "お、コントリビューションちゃーんす！誰かトライしてみない？\nコントリビューションの最初の一歩で一番難しいのは、手頃な問題を見つけることなんだよ。",
        "user": "UHS4SFFA7",
        "ts": "1568679241.004600",
        "team": "TFU0BKCQP",
        "user_team": "TFU0BKCQP",
        "source_team": "TFU0BKCQP",
        "user_profile": {
            "avatar_hash": "gade34f8bdf1",
            "image_72": "https:\/\/secure.gravatar.com\/avatar\/5ade34f8bdf1b55c4ff82c11cf23cf42.jpg?s=72&d=https%3A%2F%2Fa.slack-edge.com%2Fdf10d%2Fimg%2Favatars%2Fava_0008-72.png",
            "first_name": "",
            "real_name": "minamijoyo",
            "display_name": "minamijoyo",
            "team": "TFU0BKCQP",
            "name": "minamijoyo",
            "is_restricted": false,
            "is_ultra_restricted": false
        },
        "reactions": [
            {
                "name": "sorena",
                "users": [
                    "UG46Z57TN"
                ],
                "count": 1
            },
            {
                "name": "naruhodo",
                "users": [
                    "UFTKSQ25T",
                    "ULSHHPEBB"
                ],
                "count": 2
            }
        ]
    }
]