[
    {
        "client_msg_id": "67F22757-875B-4A8E-974E-7F2B08E7DDBF",
        "type": "message",
        "text": "順調にマージされてってる :clap: ",
        "user": "UKAKENQAF",
        "ts": "1569329201.010000",
        "team": "TFU0BKCQP",
        "user_team": "TFU0BKCQP",
        "source_team": "TFU0BKCQP",
        "user_profile": {
            "avatar_hash": "g3c6c9b43cb5",
            "image_72": "https:\/\/secure.gravatar.com\/avatar\/f3c6c9b43cb5ff355b8faaac3e662292.jpg?s=72&d=https%3A%2F%2Fa.slack-edge.com%2Fdf10d%2Fimg%2Favatars%2Fava_0020-72.png",
            "first_name": "",
            "real_name": "kterada0509",
            "display_name": "kterada0509",
            "team": "TFU0BKCQP",
            "name": "kterada.0509sg",
            "is_restricted": false,
            "is_ultra_restricted": false
        },
        "reactions": [
            {
                "name": "sparkles",
                "users": [
                    "UHS4SFFA7",
                    "ULSHHPEBB",
                    "UJ15SRE0M"
                ],
                "count": 3
            }
        ]
    },
    {
        "client_msg_id": "6bfbd23b-f6b9-4f67-ad14-d9d92f25cfda",
        "type": "message",
        "text": "1日1PRでやっておりましゅ",
        "user": "ULSHHPEBB",
        "ts": "1569378830.010600",
        "team": "TFU0BKCQP",
        "user_team": "TFU0BKCQP",
        "source_team": "TFU0BKCQP",
        "user_profile": {
            "avatar_hash": "d635bf7ab5d3",
            "image_72": "https:\/\/avatars.slack-edge.com\/2019-09-17\/762415046560_d635bf7ab5d3f3a6f2e2_72.jpg",
            "first_name": "",
            "real_name": "Satoshi Tanaka",
            "display_name": "Satoshi Tanaka",
            "team": "TFU0BKCQP",
            "name": "kangae2",
            "is_restricted": false,
            "is_ultra_restricted": false
        }
    },
    {
        "client_msg_id": "6108dc29-d963-4993-9bfa-379a48a79615",
        "type": "message",
        "text": "すごい",
        "user": "UG46Z57TN",
        "ts": "1569378839.010900",
        "team": "TFU0BKCQP",
        "user_team": "TFU0BKCQP",
        "source_team": "TFU0BKCQP",
        "user_profile": {
            "avatar_hash": "c6bdd4cb17db",
            "image_72": "https:\/\/avatars.slack-edge.com\/2019-07-05\/685991185957_c6bdd4cb17db956661a1_72.jpg",
            "first_name": "Takeshi",
            "real_name": "Takeshi Kondo",
            "display_name": "chaspy",
            "team": "TFU0BKCQP",
            "name": "take.she12",
            "is_restricted": false,
            "is_ultra_restricted": false
        }
    },
    {
        "client_msg_id": "e21180f7-59a0-41fb-a20f-948ab7217c29",
        "type": "message",
        "text": "いえいえ簡単なリファクタリングなんで",
        "user": "ULSHHPEBB",
        "ts": "1569378861.011300",
        "team": "TFU0BKCQP",
        "user_team": "TFU0BKCQP",
        "source_team": "TFU0BKCQP",
        "user_profile": {
            "avatar_hash": "d635bf7ab5d3",
            "image_72": "https:\/\/avatars.slack-edge.com\/2019-09-17\/762415046560_d635bf7ab5d3f3a6f2e2_72.jpg",
            "first_name": "",
            "real_name": "Satoshi Tanaka",
            "display_name": "Satoshi Tanaka",
            "team": "TFU0BKCQP",
            "name": "kangae2",
            "is_restricted": false,
            "is_ultra_restricted": false
        }
    },
    {
        "client_msg_id": "84847467-974b-40a4-b7f1-ae8ed2184599",
        "type": "message",
        "text": "Hashicorpの人も、ほぼ一晩中レビューしてたんじゃないだろうかのペースですごい",
        "user": "UKAKENQAF",
        "ts": "1569378984.011900",
        "team": "TFU0BKCQP",
        "user_team": "TFU0BKCQP",
        "source_team": "TFU0BKCQP",
        "user_profile": {
            "avatar_hash": "g3c6c9b43cb5",
            "image_72": "https:\/\/secure.gravatar.com\/avatar\/f3c6c9b43cb5ff355b8faaac3e662292.jpg?s=72&d=https%3A%2F%2Fa.slack-edge.com%2Fdf10d%2Fimg%2Favatars%2Fava_0020-72.png",
            "first_name": "",
            "real_name": "kterada0509",
            "display_name": "kterada0509",
            "team": "TFU0BKCQP",
            "name": "kterada.0509sg",
            "is_restricted": false,
            "is_ultra_restricted": false
        }
    },
    {
        "client_msg_id": "0e9af6e9-fbb5-429b-8209-604ef89ae382",
        "type": "message",
        "text": "すぐレビューしてくれてびっくりしてます",
        "user": "ULSHHPEBB",
        "ts": "1569380039.012300",
        "team": "TFU0BKCQP",
        "user_team": "TFU0BKCQP",
        "source_team": "TFU0BKCQP",
        "user_profile": {
            "avatar_hash": "d635bf7ab5d3",
            "image_72": "https:\/\/avatars.slack-edge.com\/2019-09-17\/762415046560_d635bf7ab5d3f3a6f2e2_72.jpg",
            "first_name": "",
            "real_name": "Satoshi Tanaka",
            "display_name": "Satoshi Tanaka",
            "team": "TFU0BKCQP",
            "name": "kangae2",
            "is_restricted": false,
            "is_ultra_restricted": false
        }
    }
]