[
    {
        "type": "message",
        "subtype": "thread_broadcast",
        "text": "```\nresource \"google_dns_managed_zone\" \"XXXX\" {\n  name     = \"XXXXXXXXXX-zone\"\n  dns_name = \"XXXXXXXXXX.\"\n\n+  dnssec_config {\n+    kind          = \"dns#managedZoneDnsSecConfig\"\n+    non_existence = \"nsec3\"\n+    state         = \"off\"\n+  }\n}\n```\ndnssec_config を追加したら、 `google_dns_managed_zone` がガラッと変わってしまう問題は plan でのコンソール出力を見た限りでは回避できそうになりました。\nありがとうございました。",
        "user": "UFT60TQCQ",
        "ts": "1573485317.013500",
        "thread_ts": "1573401091.006400",
        "root": {
            "client_msg_id": "14a1eaf1-7ef5-42fc-97b5-f7eb201c6af8",
            "type": "message",
            "text": "GCP の他愛のないプロジェクトを v012 にupgrade しようと試みているのですが、２つ戸惑っています。。\n- google_dns_managed_zone がガラッと変わってしまう\n    - id と project が (known after apply) と出ていて、こわくてこれ以上先に進めない\n- google_compute_project_metadata_item と google_compute_instance で metadata attribute を組み合わせて　SSH key を設定していたのですが、これができなくなりそうで、代替があれば知りたい\n\n同じ壁に遭遇された方はおりますでしょうか。。",
            "user": "UFT60TQCQ",
            "ts": "1573401091.006400",
            "team": "TFU0BKCQP",
            "thread_ts": "1573401091.006400",
            "reply_count": 16,
            "reply_users_count": 5,
            "latest_reply": "1573485397.013900",
            "reply_users": [
                "UG46Z57TN",
                "UKAKENQAF",
                "UFT60TQCQ",
                "UGY5WMTHR",
                "UFU0BKD8F"
            ],
            "subscribed": true,
            "last_read": "1573485397.013900"
        },
        "client_msg_id": "e4e7203d-fd43-466b-94ba-8148442ddf38",
        "reactions": [
            {
                "name": "+1",
                "users": [
                    "UG46Z57TN",
                    "UGW0ABZLG",
                    "UM2FB5M29"
                ],
                "count": 3
            }
        ]
    },
    {
        "client_msg_id": "41e73e92-a217-440b-bca0-6dba24b5e069",
        "type": "message",
        "text": "providerと本体のvupはわけたほうがいいかもです。",
        "user": "UG46Z57TN",
        "ts": "1573485397.013900",
        "team": "TFU0BKCQP",
        "user_team": "TFU0BKCQP",
        "source_team": "TFU0BKCQP",
        "user_profile": {
            "avatar_hash": "c6bdd4cb17db",
            "image_72": "https:\/\/avatars.slack-edge.com\/2019-07-05\/685991185957_c6bdd4cb17db956661a1_72.jpg",
            "first_name": "Takeshi",
            "real_name": "Takeshi Kondo",
            "display_name": "chaspy",
            "team": "TFU0BKCQP",
            "name": "take.she12",
            "is_restricted": false,
            "is_ultra_restricted": false
        },
        "thread_ts": "1573401091.006400",
        "parent_user_id": "UFT60TQCQ",
        "reactions": [
            {
                "name": "man-bowing",
                "users": [
                    "UFT60TQCQ"
                ],
                "count": 1
            }
        ]
    }
]