[
    {
        "type": "message",
        "subtype": "bot_message",
        "text": "",
        "ts": "1633050169.006600",
        "bot_id": "B01D39EAGTT",
        "attachments": [
            {
                "fallback": "hashicorp\/terraform-provider-aws on GitHub\nv3.61.0",
                "text": "`v3.61.0`",
                "title": "hashicorp\/terraform-provider-aws on GitHub",
                "id": 1,
                "title_link": "https:\/\/newreleases.io\/github\/hashicorp\/terraform-provider-aws",
                "mrkdwn_in": [
                    "text"
                ]
            }
        ]
    },
    {
        "type": "message",
        "subtype": "bot_message",
        "text": "",
        "ts": "1633054255.006700",
        "bot_id": "B01D39EAGTT",
        "attachments": [
            {
                "fallback": "hashicorp\/terraform-provider-aws on GitHub\nv3.61.0v3.61.0 updated\nrelease note: <https:\/\/newreleases.io\/github\/hashicorp\/terraform-provider-aws?version=v3.61.0>",
                "text": "*v3.61.0* `v3.61.0` _updated_\n```\nFEATURES:\n\nNew Data Source: aws_cloudcontrolapi_resource (#21110)\nNew Data Source: aws_db_proxy (#21053)\nNew Data Source: aws_ec2_host (#10817)\nNew Data Source: aws_kinesis_firehose_delivery_stream (#18445)\nNew Data Source: aws_ssm_parameters_by_path (#9615)\nNew Resource: aws_appstream_image_builder (#21036)\nNew Resource: aws_cloudcontrolapi_resource (#21110)\nNew Resource: aws_ec2_host (#10817)\nNew Resource: aws_iot_authorizer (#14671)\nNew Resource: aws_quicksight_data_source (#20710)\nNew Resource: aws_redshift_scheduled_action (#13474)\nNew Resource: aws_sagemaker_studio_lifecycle_config (#21041)\nENHANCEMENTS:\n\ndata-source\/aws_lambda_function: Add support for Graviton2 with architectures attribute (#21091)\ndata-source\/aws_lambda_layer_version: Add support for Graviton2 with compatible_architectures attribute (#21091)\nprovider: Add parameter http_proxy to provider configuration (#21077)\nresource\/aws_lambda_function: Add support for Graviton2 with architectures argument (#21091)\nresource\/aws_lambda_layer_version: Add support for Graviton2 with compatible_architectures argument (#21091)\nresource\/aws_sagemaker_app_image_config: Add tagging support. (#21037)\nresource\/aws_sagemaker_domain: Add default_user_settings.jupyter_server_app_settings.lifecycle_config_arns and default_user_settings.kernel_gateway_app_settings.lifecycle_config_arns arguments (#21041)\nresource\/aws_user_profile: Add user_settings.jupyter_server_app_settings.lifecycle_config_arns and user_settings.kernel_gateway_app_settings.lifecycle_config_arns arguments (#21041)\nBUG FIXES:\n\nresource\/aws_dx_connection: Mark provider_name as Computed to avoid resource recreation with pre-v3.56.0 configurations (#21085)\nresource\/aws_dx_lag: Mark provider_name as Computed to avoid resource recreation with pre-v3.56.0 configurations (#21085)\nresource\/aws_route_table_association: Wait for up to 40 not found checks when creating a new route table association (#21062)\n```\n<https:\/\/newreleases.io\/github\/hashicorp\/terraform-provider-aws?version=v3.61.0|release note...>",
                "title": "hashicorp\/terraform-provider-aws on GitHub",
                "id": 1,
                "title_link": "https:\/\/newreleases.io\/github\/hashicorp\/terraform-provider-aws",
                "mrkdwn_in": [
                    "text"
                ]
            }
        ]
    }
]