[
    {
        "type": "message",
        "subtype": "bot_message",
        "text": "",
        "ts": "1635535237.001400",
        "bot_id": "B01D39EAGTT",
        "attachments": [
            {
                "fallback": "hashicorp\/terraform on GitHub\nv1.1.0-alpha20211029v1.1.0-alpha20211029 pre-release\nrelease note: <https:\/\/newreleases.io\/github\/hashicorp\/terraform?version=v1.1.0-alpha20211029>",
                "text": "*v1.1.0-alpha20211029* `v1.1.0-alpha20211029` _pre-release_\n<https:\/\/newreleases.io\/github\/hashicorp\/terraform?version=v1.1.0-alpha20211029|release note...>",
                "title": "hashicorp\/terraform on GitHub",
                "id": 1,
                "title_link": "https:\/\/newreleases.io\/github\/hashicorp\/terraform",
                "mrkdwn_in": [
                    "text"
                ]
            }
        ]
    },
    {
        "type": "message",
        "subtype": "bot_message",
        "text": "",
        "ts": "1635543102.001500",
        "bot_id": "B01D39EAGTT",
        "attachments": [
            {
                "fallback": "hashicorp\/terraform-provider-google on GitHub\nv3.90.0v3.90.0 updated\nrelease note: <https:\/\/newreleases.io\/github\/hashicorp\/terraform-provider-google?version=v3.90.0>",
                "text": "*v3.90.0* `v3.90.0` _updated_\n```\nDEPRECATIONS:\n\n* container: deprecated workload_identity_config.0.identity_namespace and it will be removed in a future major release as it has been deprecated in the API. Use workload_identity_config.0.workload_pool instead. Switching your configuration from one value to the other will trigger a diff at plan time, and a spurious update. ( #10327 ( <https:\/\/github.com\/hashicorp\/terraform-provider-google\/pull\/10327> ) )\n\n* container: deprecated the following google_container_cluster fields: instance_group_urls and master_auth ( #10356 ( <https:\/\/github.com\/hashicorp\/terraform-provider-google\/pull\/10356> ) )\n\nIMPROVEMENTS:\n\n* container: added node_config.0.guest_accelerator.0.gpu_partition_size field to google_container_node_pool ( #10339 ( <https:\/\/github.com\/hashicorp\/terraform-provider-google\/pull\/10339> ) )\n\n* container: added workload_identity_config.0.workload_pool to google_container_cluster ( #10327 ( <https:\/\/github.com\/hashicorp\/terraform-provider-google\/pull\/10327> ) )\n\n* container_cluster: Updated monitoring_config to accept WORKLOAD ( #10321 ( <https:\/\/github.com\/hashicorp\/terraform-provider-google\/pull\/10321> ) )\n\n* provider: Added links to nested types documentation for manually generated pages ( #10333 ( <https:\/\/github.com\/hashicorp\/terraform-provider-google\/pull\/10333> ) )\n\nBUG FIXES:\n\n* cloudrun: fixed a permadiff on the field template.spec.containers.ports.name of the google_cloud_run_service resource ( #10340 ( <https:\/\/github.com\/hashicorp\/terraform-provider-google\/pull\/10340> ) )\n\n* composer: removed config.node_config.zone requirement on google_composer_environment ( #10353 ( <https:\/\/github.com\/hashicorp\/terraform-provider-google\/pull\/10353> ) )\n\n* compute: fixed permadiff for failover_policy on google_compute_region_backend_service ( #10316 ( <https:\/\/github.com\/hashicorp\/terraform-provider-google\/pull\/10316> ) )\n\n* compute: fixed to make description updatable without recreation on google_compute_instance_group_manager ( #10329 ( <https:\/\/github.com\/hashicorp\/terraform-provider-google\/pull\/10329> ) )\n\n* container: fixed a permadiff on google_container_node_pool.workload_metadata_config.mode ( #10313 ( <https:\/\/github.com\/hashicorp\/terraform-provider-google\/pull\/10313> ) )\n\n* iam: fixed request batching bug where failed requests would show unnecessary backslash escaping to the user. ( #10303 ( <https:\/\/github.com\/hashicorp\/terraform-provider-google\/pull\/10303> ) )\n\n* securitycenter: fixed bug where google_scc_notification_config.streaming_config.filter was not updating. ( #10315 ( <https:\/\/github.com\/hashicorp\/terraform-provider-google\/pull\/10315> ) )\n```\n<https:\/\/newreleases.io\/github\/hashicorp\/terraform-provider-google?version=v3.90.0|release note...>",
                "title": "hashicorp\/terraform-provider-google on GitHub",
                "id": 1,
                "title_link": "https:\/\/newreleases.io\/github\/hashicorp\/terraform-provider-google",
                "mrkdwn_in": [
                    "text"
                ]
            }
        ]
    }
]