[
    {
        "client_msg_id": "acc26deb-72ca-455d-a50e-a75f0456ee64",
        "type": "message",
        "text": "M1 Macで不定期にterraformが失敗する対応\n<https:\/\/github.com\/hashicorp\/terraform-provider-aws\/issues\/22582>",
        "user": "U02K7TWFJ83",
        "ts": "1644192761.680439",
        "blocks": [
            {
                "type": "rich_text",
                "block_id": "40kGM",
                "elements": [
                    {
                        "type": "rich_text_section",
                        "elements": [
                            {
                                "type": "text",
                                "text": "M1 Macで不定期にterraformが失敗する対応\n"
                            },
                            {
                                "type": "link",
                                "url": "https:\/\/github.com\/hashicorp\/terraform-provider-aws\/issues\/22582"
                            }
                        ]
                    }
                ]
            }
        ],
        "team": "TFU0BKCQP",
        "user_team": "TFU0BKCQP",
        "source_team": "TFU0BKCQP",
        "user_profile": {
            "avatar_hash": "86721a977b30",
            "image_72": "https:\/\/avatars.slack-edge.com\/2021-10-27\/2654208361715_86721a977b3051d7e40e_72.jpg",
            "first_name": "myabaou",
            "real_name": "myabaou",
            "display_name": "myabaou",
            "team": "TFU0BKCQP",
            "name": "yu_mabashi",
            "is_restricted": false,
            "is_ultra_restricted": false
        },
        "attachments": [
            {
                "id": 1,
                "footer_icon": "https:\/\/slack.github.com\/static\/img\/favicon-neutral.png",
                "ts": 1642107386,
                "color": "cb2431",
                "bot_id": "B01U2F8JUF9",
                "app_unfurl_url": "https:\/\/github.com\/hashicorp\/terraform-provider-aws\/issues\/22582",
                "is_app_unfurl": true,
                "app_id": "A01BP7R4KNY",
                "fallback": "<https:\/\/github.com\/hashicorp\/terraform-provider-aws\/issues\/22582|#22582 Random failures during terraform plan\/apply on M1 +  Rosetta (darwin_amd64)>",
                "text": "I am not able to find out why executing `terraform plan\/apply` will fail on the random bases. This behaviour happen regardless of the complexity of the project. I tried using local and S3 backends and same result.\n\n*I installed terraform and aws cli using `brew`*, I even run `brew doctor` to verify if something was broken and no issues.\n\nI originally raised a <https:\/\/github.com\/hashicorp\/terraform\/issues\/30351|Terraform CLI BUG>, <https:\/\/github.com\/hashicorp\/terraform\/issues\/30351#issuecomment-1012233089|But seems like this bug is most likely related to the AWS provider>.\n\n*Terraform Version*\n\n```\nTerraform v1.1.4\non darwin_amd64\n+ provider <http:\/\/registry.terraform.io\/hashicorp\/aws|registry.terraform.io\/hashicorp\/aws> v3.73.0\n+ provider <http:\/\/registry.terraform.io\/hashicorp\/random|registry.terraform.io\/hashicorp\/random> v3.1.0\n\n```\n\n*AWS CLI Version*\n\n```\naws-cli\/2.4.12 Python\/3.9.10 Darwin\/21.2.0 source\/x86_64 prompt\/off\n\n```\n\n*Terraform Configuration Files*\n\n```\nterraform {\n  required_providers {\n    aws = {\n      source  = \"hashicorp\/aws\"\n      version = \"&gt;=3.70.0\"\n    }\n  }\n}\n\nprovider \"aws\" {\n  profile = var.aws_iam_profile\n  region  = var.deployment_region\n}\n\nresource \"aws_s3_bucket\" \"prod_web\" {\n  bucket = \"superman-batman-yoyo\"\n  acl    = \"private\"\n\n  versioning {\n    enabled = true\n  }\n  server_side_encryption_configuration {\n    rule {\n      apply_server_side_encryption_by_default {\n        sse_algorithm = \"AES256\"\n      }\n    }\n  }\n}\n\nresource \"aws_s3_bucket_public_access_block\" \"prod_web\" {\n  bucket = aws_s3_bucket.prod_web.id\n\n  block_public_acls       = true\n  block_public_policy     = true\n  ignore_public_acls      = true\n  restrict_public_buckets = true\n}\n```\n\n*Debug Output*\n\n```\n2022-01-12T15:24:29.056+1100 [ERROR] plugin.(*GRPCProvider).ValidateProviderConfig: error=\"rpc error: code = Canceled desc = context canceled\"\n2022-01-12T15:24:29.057+1100 [ERROR] vertex \"provider[\\\"<http:\/\/registry.terraform.io\/hashicorp\/aws\\|registry.terraform.io\/hashicorp\/aws\\>\"]\" error: Request cancelled\n2022-01-13T11:03:10.772+1100 [ERROR] vertex \"provider[\\\"<http:\/\/registry.terraform.io\/hashicorp\/aws\\|registry.terraform.io\/hashicorp\/aws\\>\"]\" error: Unrecognized remote plugin message: \n\nThis usually means that the plugin is either invalid or simply\nneeds to be recompiled to support the latest protocol.\n\n```\n\n*Expected Behavior*\n\nStop crashing!\n\n*Actual Behavior*\n\nNeed to run multiple times terraform plan\/terraform apply to deploy the infrastructure :-\/\n\n*Steps to Reproduce*\n\n1. `terraform plan`\n2. `terraform apply`",
                "title": "<https:\/\/github.com\/hashicorp\/terraform-provider-aws\/issues\/22582|#22582 Random failures during terraform plan\/apply on M1 +  Rosetta (darwin_amd64)>",
                "footer": "<https:\/\/github.com\/hashicorp\/terraform-provider-aws|hashicorp\/terraform-provider-aws>",
                "fields": [
                    {
                        "value": "bug, provider",
                        "title": "Labels",
                        "short": true
                    },
                    {
                        "value": "22",
                        "title": "Comments",
                        "short": true
                    }
                ],
                "mrkdwn_in": [
                    "text"
                ]
            }
        ],
        "thread_ts": "1644192761.680439",
        "reply_count": 1,
        "reply_users_count": 1,
        "latest_reply": "1644193129.403879",
        "reply_users": [
            "U02K7TWFJ83"
        ],
        "replies": [
            {
                "user": "U02K7TWFJ83",
                "ts": "1644193129.403879"
            }
        ],
        "is_locked": false,
        "subscribed": false
    },
    {
        "type": "message",
        "subtype": "thread_broadcast",
        "text": "弊社のような\n実行環境が\nLinux Arm\/Intel\nMac M1\/Intel\nバラバラな場合\n毎回\n```terraform providers lock \\\n  -platform=darwin_amd64 \\\n  -platform=darwin_arm64 \\\n  -platform=linux_amd64 \\\n  -platform=linux_arm64 ```\nを実行してlockファイルを作成する必要があるのだろうか。。",
        "user": "U02K7TWFJ83",
        "ts": "1644193129.403879",
        "thread_ts": "1644192761.680439",
        "root": {
            "client_msg_id": "acc26deb-72ca-455d-a50e-a75f0456ee64",
            "type": "message",
            "text": "M1 Macで不定期にterraformが失敗する対応\n<https:\/\/github.com\/hashicorp\/terraform-provider-aws\/issues\/22582>",
            "user": "U02K7TWFJ83",
            "ts": "1644192761.680439",
            "blocks": [
                {
                    "type": "rich_text",
                    "block_id": "40kGM",
                    "elements": [
                        {
                            "type": "rich_text_section",
                            "elements": [
                                {
                                    "type": "text",
                                    "text": "M1 Macで不定期にterraformが失敗する対応\n"
                                },
                                {
                                    "type": "link",
                                    "url": "https:\/\/github.com\/hashicorp\/terraform-provider-aws\/issues\/22582"
                                }
                            ]
                        }
                    ]
                }
            ],
            "team": "TFU0BKCQP",
            "attachments": [
                {
                    "id": 1,
                    "footer_icon": "https:\/\/slack.github.com\/static\/img\/favicon-neutral.png",
                    "ts": 1642107386,
                    "color": "cb2431",
                    "bot_id": "B01U2F8JUF9",
                    "app_unfurl_url": "https:\/\/github.com\/hashicorp\/terraform-provider-aws\/issues\/22582",
                    "is_app_unfurl": true,
                    "app_id": "A01BP7R4KNY",
                    "fallback": "<https:\/\/github.com\/hashicorp\/terraform-provider-aws\/issues\/22582|#22582 Random failures during terraform plan\/apply on M1 +  Rosetta (darwin_amd64)>",
                    "text": "I am not able to find out why executing `terraform plan\/apply` will fail on the random bases. This behaviour happen regardless of the complexity of the project. I tried using local and S3 backends and same result.\n\n*I installed terraform and aws cli using `brew`*, I even run `brew doctor` to verify if something was broken and no issues.\n\nI originally raised a <https:\/\/github.com\/hashicorp\/terraform\/issues\/30351|Terraform CLI BUG>, <https:\/\/github.com\/hashicorp\/terraform\/issues\/30351#issuecomment-1012233089|But seems like this bug is most likely related to the AWS provider>.\n\n*Terraform Version*\n\n```\nTerraform v1.1.4\non darwin_amd64\n+ provider <http:\/\/registry.terraform.io\/hashicorp\/aws|registry.terraform.io\/hashicorp\/aws> v3.73.0\n+ provider <http:\/\/registry.terraform.io\/hashicorp\/random|registry.terraform.io\/hashicorp\/random> v3.1.0\n\n```\n\n*AWS CLI Version*\n\n```\naws-cli\/2.4.12 Python\/3.9.10 Darwin\/21.2.0 source\/x86_64 prompt\/off\n\n```\n\n*Terraform Configuration Files*\n\n```\nterraform {\n  required_providers {\n    aws = {\n      source  = \"hashicorp\/aws\"\n      version = \"&gt;=3.70.0\"\n    }\n  }\n}\n\nprovider \"aws\" {\n  profile = var.aws_iam_profile\n  region  = var.deployment_region\n}\n\nresource \"aws_s3_bucket\" \"prod_web\" {\n  bucket = \"superman-batman-yoyo\"\n  acl    = \"private\"\n\n  versioning {\n    enabled = true\n  }\n  server_side_encryption_configuration {\n    rule {\n      apply_server_side_encryption_by_default {\n        sse_algorithm = \"AES256\"\n      }\n    }\n  }\n}\n\nresource \"aws_s3_bucket_public_access_block\" \"prod_web\" {\n  bucket = aws_s3_bucket.prod_web.id\n\n  block_public_acls       = true\n  block_public_policy     = true\n  ignore_public_acls      = true\n  restrict_public_buckets = true\n}\n```\n\n*Debug Output*\n\n```\n2022-01-12T15:24:29.056+1100 [ERROR] plugin.(*GRPCProvider).ValidateProviderConfig: error=\"rpc error: code = Canceled desc = context canceled\"\n2022-01-12T15:24:29.057+1100 [ERROR] vertex \"provider[\\\"<http:\/\/registry.terraform.io\/hashicorp\/aws\\|registry.terraform.io\/hashicorp\/aws\\>\"]\" error: Request cancelled\n2022-01-13T11:03:10.772+1100 [ERROR] vertex \"provider[\\\"<http:\/\/registry.terraform.io\/hashicorp\/aws\\|registry.terraform.io\/hashicorp\/aws\\>\"]\" error: Unrecognized remote plugin message: \n\nThis usually means that the plugin is either invalid or simply\nneeds to be recompiled to support the latest protocol.\n\n```\n\n*Expected Behavior*\n\nStop crashing!\n\n*Actual Behavior*\n\nNeed to run multiple times terraform plan\/terraform apply to deploy the infrastructure :-\/\n\n*Steps to Reproduce*\n\n1. `terraform plan`\n2. `terraform apply`",
                    "title": "<https:\/\/github.com\/hashicorp\/terraform-provider-aws\/issues\/22582|#22582 Random failures during terraform plan\/apply on M1 +  Rosetta (darwin_amd64)>",
                    "footer": "<https:\/\/github.com\/hashicorp\/terraform-provider-aws|hashicorp\/terraform-provider-aws>",
                    "fields": [
                        {
                            "value": "bug, provider",
                            "title": "Labels",
                            "short": true
                        },
                        {
                            "value": "22",
                            "title": "Comments",
                            "short": true
                        }
                    ],
                    "mrkdwn_in": [
                        "text"
                    ]
                }
            ],
            "thread_ts": "1644192761.680439",
            "reply_count": 1,
            "reply_users_count": 1,
            "latest_reply": "1644193129.403879",
            "reply_users": [
                "U02K7TWFJ83"
            ],
            "replies": [
                {
                    "user": "U02K7TWFJ83",
                    "ts": "1644193129.403879"
                }
            ],
            "is_locked": false,
            "subscribed": false
        },
        "blocks": [
            {
                "type": "rich_text",
                "block_id": "BKXd",
                "elements": [
                    {
                        "type": "rich_text_section",
                        "elements": [
                            {
                                "type": "text",
                                "text": "弊社のような\n実行環境が\nLinux Arm\/Intel\nMac M1\/Intel\nバラバラな場合\n毎回\n"
                            }
                        ]
                    },
                    {
                        "type": "rich_text_preformatted",
                        "elements": [
                            {
                                "type": "text",
                                "text": "terraform providers lock \\\n  -platform=darwin_amd64 \\\n  -platform=darwin_arm64 \\\n  -platform=linux_amd64 \\\n  -platform=linux_arm64 "
                            }
                        ],
                        "border": 0
                    },
                    {
                        "type": "rich_text_section",
                        "elements": [
                            {
                                "type": "text",
                                "text": "を実行してlockファイルを作成する必要があるのだろうか。。"
                            }
                        ]
                    }
                ]
            }
        ],
        "client_msg_id": "33b03c09-7e93-44cb-a062-4921d826aaf7",
        "reactions": [
            {
                "name": "scream",
                "users": [
                    "UFU0BKD8F",
                    "UGV9YDCVD",
                    "U02UHQ29FFW"
                ],
                "count": 3
            }
        ]
    }
]