[
    {
        "type": "message",
        "subtype": "bot_message",
        "text": "<https:\/\/www.reddit.com\/r\/Terraform\/comments\/x5oz9g\/runexec_ansible_scripts_after_provisioning_of_all\/|run-exec ansible scripts after provisioning of all>\nI am working on building out Kubernetes cluster using Terraform and Ansible, so far I am running Terraform first to create all the Proxmox vm's and then manually running the ansible playbooks after the cluster is built out. Is there a way to run run-exec provisioner after all the nodes are created through Terraform?    submitted by   <https:\/\/www.reddit.com\/user\/Viperz28| \/u\/Viperz28 > \n&lt;a...",
        "ts": "1662304591.712809",
        "username": "Terraform",
        "icons": {
            "image_48": "https:\/\/s3-us-west-2.amazonaws.com\/slack-files2\/bot_icons\/2019-02-12\/548785199618_48.png"
        },
        "bot_id": "BG3N7LG73",
        "blocks": [
            {
                "type": "rich_text",
                "block_id": "wxKYx",
                "elements": [
                    {
                        "type": "rich_text_section",
                        "elements": [
                            {
                                "type": "link",
                                "url": "https:\/\/www.reddit.com\/r\/Terraform\/comments\/x5oz9g\/runexec_ansible_scripts_after_provisioning_of_all\/",
                                "text": "run-exec ansible scripts after provisioning of all"
                            },
                            {
                                "type": "text",
                                "text": "\nI am working on building out Kubernetes cluster using Terraform and Ansible, so far I am running Terraform first to create all the Proxmox vm's and then manually running the ansible playbooks after the cluster is built out. Is there a way to run run-exec provisioner after all the nodes are created through Terraform?    submitted by   "
                            },
                            {
                                "type": "link",
                                "url": "https:\/\/www.reddit.com\/user\/Viperz28",
                                "text": "\/u\/Viperz28"
                            },
                            {
                                "type": "text",
                                "text": " \n<a..."
                            }
                        ]
                    }
                ]
            }
        ],
        "attachments": [
            {
                "from_url": "https:\/\/www.reddit.com\/r\/Terraform\/comments\/x5oz9g\/runexec_ansible_scripts_after_provisioning_of_all\/",
                "thumb_url": "https:\/\/www.redditstatic.com\/new-icon.png",
                "thumb_width": 256,
                "thumb_height": 256,
                "service_icon": "http:\/\/www.redditstatic.com\/desktop2x\/img\/favicon\/apple-icon-57x57.png",
                "id": 1,
                "original_url": "https:\/\/www.reddit.com\/r\/Terraform\/comments\/x5oz9g\/runexec_ansible_scripts_after_provisioning_of_all\/",
                "fallback": "reddit: run-exec ansible scripts after provisioning of all",
                "text": "I am working on building out Kubernetes cluster using Terraform and Ansible, so far I am running Terraform first to create all the Proxmox vm's...",
                "title": "run-exec ansible scripts after provisioning of all",
                "title_link": "https:\/\/www.reddit.com\/r\/Terraform\/comments\/x5oz9g\/runexec_ansible_scripts_after_provisioning_of_all\/",
                "service_name": "reddit"
            },
            {
                "from_url": "https:\/\/www.reddit.com\/user\/Viperz28",
                "service_icon": "http:\/\/www.redditstatic.com\/desktop2x\/img\/favicon\/apple-icon-57x57.png",
                "id": 2,
                "original_url": "https:\/\/www.reddit.com\/user\/Viperz28",
                "fallback": "overview for Viperz28",
                "text": "The u\/Viperz28 community on Reddit. Reddit gives you the best of the internet in one place.",
                "title": "overview for Viperz28",
                "title_link": "https:\/\/www.reddit.com\/user\/Viperz28",
                "service_name": "reddit.com"
            }
        ],
        "edited": {
            "user": "BG3N7LG73",
            "ts": "1662304592.000000"
        }
    },
    {
        "type": "message",
        "subtype": "bot_message",
        "text": "<https:\/\/www.reddit.com\/r\/Terraform\/comments\/x5p2v4\/deploy_to_multiple_aws_accounts_using_sso\/|Deploy to multiple AWS accounts using SSO?>\nI've been trying to research this issue and haven't been able to get a clear answer. I log in to AWS using AWS IAM Identity Center (formerly SSO).  I would like to be able to deploy AWS resources using Terraform while logged in this way. My situation is a big complex because ​ My terraform S3 backend exists in AWS Account_A Most of the resources I want to deploy will be in AWS Account_B Some of the resources I want to deploy will be in AWS Account_C But that's when I run from my laptop and...",
        "ts": "1662304591.744659",
        "username": "Terraform",
        "icons": {
            "image_48": "https:\/\/s3-us-west-2.amazonaws.com\/slack-files2\/bot_icons\/2019-02-12\/548785199618_48.png"
        },
        "bot_id": "BG3N7LG73",
        "blocks": [
            {
                "type": "rich_text",
                "block_id": "l4P",
                "elements": [
                    {
                        "type": "rich_text_section",
                        "elements": [
                            {
                                "type": "link",
                                "url": "https:\/\/www.reddit.com\/r\/Terraform\/comments\/x5p2v4\/deploy_to_multiple_aws_accounts_using_sso\/",
                                "text": "Deploy to multiple AWS accounts using SSO?"
                            },
                            {
                                "type": "text",
                                "text": "\nI've been trying to research this issue and haven't been able to get a clear answer. I log in to AWS using AWS IAM Identity Center (formerly SSO).  I would like to be able to deploy AWS resources using Terraform while logged in this way. My situation is a big complex because ​ My terraform S3 backend exists in AWS Account_A Most of the resources I want to deploy will be in AWS Account_B Some of the resources I want to deploy will be in AWS Account_C But that's when I run from my laptop and..."
                            }
                        ]
                    }
                ]
            }
        ],
        "attachments": [
            {
                "from_url": "https:\/\/www.reddit.com\/r\/Terraform\/comments\/x5p2v4\/deploy_to_multiple_aws_accounts_using_sso\/",
                "thumb_url": "https:\/\/www.redditstatic.com\/new-icon.png",
                "thumb_width": 256,
                "thumb_height": 256,
                "service_icon": "http:\/\/www.redditstatic.com\/desktop2x\/img\/favicon\/apple-icon-57x57.png",
                "id": 1,
                "original_url": "https:\/\/www.reddit.com\/r\/Terraform\/comments\/x5p2v4\/deploy_to_multiple_aws_accounts_using_sso\/",
                "fallback": "reddit: Deploy to multiple AWS accounts using SSO?",
                "text": "I've been trying to research this issue and haven't been able to get a clear answer. I log in to AWS using AWS IAM Identity Center (formerly...",
                "title": "Deploy to multiple AWS accounts using SSO?",
                "title_link": "https:\/\/www.reddit.com\/r\/Terraform\/comments\/x5p2v4\/deploy_to_multiple_aws_accounts_using_sso\/",
                "service_name": "reddit"
            }
        ],
        "edited": {
            "user": "BG3N7LG73",
            "ts": "1662304592.000000"
        }
    },
    {
        "type": "message",
        "subtype": "bot_message",
        "text": "<https:\/\/www.reddit.com\/r\/Terraform\/comments\/x61yjg\/how_do_you_set_the_timezone_of_a_lambda_function\/|How do you set the timezone of a lambda function through Terraform?>\nHow do you set the timezone of a lambda function through Terraform? Is there an argument we can pass? <https:\/\/registry.terraform.io\/providers\/hashicorp\/aws\/latest\/docs\/resources\/lambda_function|https:\/\/registry.terraform.io\/providers\/hashicorp\/aws\/latest\/docs\/resources\/lambda_function> I don't see any option that allows for this. I need to deploy some lambdas and each of them should have its own timezones.    submitted by   &lt;a href=\"https:\/\/www.reddit.com\/user\/numericvision\"&gt;...",
        "ts": "1662337588.072339",
        "username": "Terraform",
        "icons": {
            "image_48": "https:\/\/s3-us-west-2.amazonaws.com\/slack-files2\/bot_icons\/2019-02-12\/548785199618_48.png"
        },
        "bot_id": "BG3N7LG73",
        "blocks": [
            {
                "type": "rich_text",
                "block_id": "RKVw",
                "elements": [
                    {
                        "type": "rich_text_section",
                        "elements": [
                            {
                                "type": "link",
                                "url": "https:\/\/www.reddit.com\/r\/Terraform\/comments\/x61yjg\/how_do_you_set_the_timezone_of_a_lambda_function\/",
                                "text": "How do you set the timezone of a lambda function through Terraform?"
                            },
                            {
                                "type": "text",
                                "text": "\nHow do you set the timezone of a lambda function through Terraform? Is there an argument we can pass? "
                            },
                            {
                                "type": "link",
                                "url": "https:\/\/registry.terraform.io\/providers\/hashicorp\/aws\/latest\/docs\/resources\/lambda_function"
                            },
                            {
                                "type": "text",
                                "text": " I don't see any option that allows for this. I need to deploy some lambdas and each of them should have its own timezones.    submitted by   <a href=\"https:\/\/www.reddit.com\/user\/numericvision\">..."
                            }
                        ]
                    }
                ]
            }
        ],
        "attachments": [
            {
                "from_url": "https:\/\/www.reddit.com\/r\/Terraform\/comments\/x61yjg\/how_do_you_set_the_timezone_of_a_lambda_function\/",
                "thumb_url": "https:\/\/www.redditstatic.com\/new-icon.png",
                "thumb_width": 256,
                "thumb_height": 256,
                "service_icon": "http:\/\/www.redditstatic.com\/desktop2x\/img\/favicon\/apple-icon-57x57.png",
                "id": 1,
                "original_url": "https:\/\/www.reddit.com\/r\/Terraform\/comments\/x61yjg\/how_do_you_set_the_timezone_of_a_lambda_function\/",
                "fallback": "reddit: How do you set the timezone of a lambda function through Terraform?",
                "text": "How do you set the timezone of a lambda function through Terraform? Is there an argument we can...",
                "title": "How do you set the timezone of a lambda function through Terraform?",
                "title_link": "https:\/\/www.reddit.com\/r\/Terraform\/comments\/x61yjg\/how_do_you_set_the_timezone_of_a_lambda_function\/",
                "service_name": "reddit"
            }
        ],
        "edited": {
            "user": "BG3N7LG73",
            "ts": "1662337588.000000"
        }
    },
    {
        "type": "message",
        "subtype": "bot_message",
        "text": "<https:\/\/www.reddit.com\/r\/Terraform\/comments\/x64txw\/associate_cert\/|Associate Cert>\nI have purchased Derek Morgan’s course. Is that enough to pass the certification ?    submitted by   <https:\/\/www.reddit.com\/user\/kk24680| \/u\/kk24680 > \n<https:\/\/www.reddit.com\/r\/Terraform\/comments\/x64txw\/associate_cert\/|[link]>   <https:\/\/www.reddit.com\/r\/Terraform\/comments\/x64txw\/associate_cert\/|[comments]>",
        "ts": "1662346588.504399",
        "username": "Terraform",
        "icons": {
            "image_48": "https:\/\/s3-us-west-2.amazonaws.com\/slack-files2\/bot_icons\/2019-02-12\/548785199618_48.png"
        },
        "bot_id": "BG3N7LG73",
        "blocks": [
            {
                "type": "rich_text",
                "block_id": "vF3",
                "elements": [
                    {
                        "type": "rich_text_section",
                        "elements": [
                            {
                                "type": "link",
                                "url": "https:\/\/www.reddit.com\/r\/Terraform\/comments\/x64txw\/associate_cert\/",
                                "text": "Associate Cert"
                            },
                            {
                                "type": "text",
                                "text": "\nI have purchased Derek Morgan’s course. Is that enough to pass the certification ?    submitted by   "
                            },
                            {
                                "type": "link",
                                "url": "https:\/\/www.reddit.com\/user\/kk24680",
                                "text": "\/u\/kk24680"
                            },
                            {
                                "type": "text",
                                "text": " \n"
                            },
                            {
                                "type": "link",
                                "url": "https:\/\/www.reddit.com\/r\/Terraform\/comments\/x64txw\/associate_cert\/",
                                "text": "[link]"
                            },
                            {
                                "type": "text",
                                "text": "   "
                            },
                            {
                                "type": "link",
                                "url": "https:\/\/www.reddit.com\/r\/Terraform\/comments\/x64txw\/associate_cert\/",
                                "text": "[comments]"
                            }
                        ]
                    }
                ]
            }
        ],
        "attachments": [
            {
                "from_url": "https:\/\/www.reddit.com\/r\/Terraform\/comments\/x64txw\/associate_cert\/",
                "thumb_url": "https:\/\/www.redditstatic.com\/new-icon.png",
                "thumb_width": 256,
                "thumb_height": 256,
                "service_icon": "http:\/\/www.redditstatic.com\/desktop2x\/img\/favicon\/apple-icon-57x57.png",
                "id": 1,
                "original_url": "https:\/\/www.reddit.com\/r\/Terraform\/comments\/x64txw\/associate_cert\/",
                "fallback": "reddit: Associate Cert",
                "text": "I have purchased Derek Morgan’s course. Is that enough to pass the certification ?",
                "title": "Associate Cert",
                "title_link": "https:\/\/www.reddit.com\/r\/Terraform\/comments\/x64txw\/associate_cert\/",
                "service_name": "reddit"
            },
            {
                "from_url": "https:\/\/www.reddit.com\/user\/kk24680",
                "service_icon": "http:\/\/www.redditstatic.com\/desktop2x\/img\/favicon\/apple-icon-57x57.png",
                "id": 2,
                "original_url": "https:\/\/www.reddit.com\/user\/kk24680",
                "fallback": "overview for kk24680",
                "text": "The u\/kk24680 community on Reddit. Reddit gives you the best of the internet in one place.",
                "title": "overview for kk24680",
                "title_link": "https:\/\/www.reddit.com\/user\/kk24680",
                "service_name": "reddit.com"
            }
        ],
        "edited": {
            "user": "BG3N7LG73",
            "ts": "1662346588.000000"
        }
    }
]