[
    {
        "type": "message",
        "subtype": "bot_message",
        "text": "<https:\/\/www.reddit.com\/r\/Terraform\/comments\/xgfjlc\/transform_all_instances_of_a_resource_in\/|Transform all instances of a resource in Terraform code into CDKTF code>\nI am looking for a little guidance on transforming Terraform code into CDKTF code. In the following Terraform block, the line of concern is subnets = aws_subnet.public_subnets.*.id. resource \"aws_lb\" \"default\" { name = \"lb\" security_groups = [aws_security_group.lb.id] subnets = aws_subnet.public_subnets.*.id }  I have transformed this into the following: const lb = new <http:\/\/elb.Lb|elb.Lb>(this, \"lb\", { name: \"lb\", securityGroups: [lb_sec_group.id], subnets: [ public_subnets[0].id, public_subnets[1].id ],...",
        "ts": "1663398988.720859",
        "username": "Terraform",
        "icons": {
            "image_48": "https:\/\/s3-us-west-2.amazonaws.com\/slack-files2\/bot_icons\/2019-02-12\/548785199618_48.png"
        },
        "bot_id": "BG3N7LG73",
        "blocks": [
            {
                "type": "rich_text",
                "block_id": "G2M",
                "elements": [
                    {
                        "type": "rich_text_section",
                        "elements": [
                            {
                                "type": "link",
                                "url": "https:\/\/www.reddit.com\/r\/Terraform\/comments\/xgfjlc\/transform_all_instances_of_a_resource_in\/",
                                "text": "Transform all instances of a resource in Terraform code into CDKTF code"
                            },
                            {
                                "type": "text",
                                "text": "\nI am looking for a little guidance on transforming Terraform code into CDKTF code. In the following Terraform block, the line of concern is subnets = aws_subnet.public_subnets."
                            },
                            {
                                "type": "text",
                                "text": ".id. resource \"aws_lb\" \"default\" { name = \"lb\" security_groups = [aws_security_group.lb.id] subnets = aws_subnet.public_subnets.",
                                "style": {
                                    "bold": true
                                }
                            },
                            {
                                "type": "text",
                                "text": ".id }  I have transformed this into the following: const lb = new "
                            },
                            {
                                "type": "link",
                                "url": "http:\/\/elb.Lb",
                                "text": "elb.Lb"
                            },
                            {
                                "type": "text",
                                "text": "(this, \"lb\", { name: \"lb\", securityGroups: [lb_sec_group.id], subnets: [ public_subnets[0].id, public_subnets[1].id ],..."
                            }
                        ]
                    }
                ]
            }
        ],
        "attachments": [
            {
                "from_url": "https:\/\/www.reddit.com\/r\/Terraform\/comments\/xgfjlc\/transform_all_instances_of_a_resource_in\/",
                "thumb_url": "https:\/\/www.redditstatic.com\/new-icon.png",
                "thumb_width": 256,
                "thumb_height": 256,
                "service_icon": "http:\/\/www.redditstatic.com\/desktop2x\/img\/favicon\/apple-icon-57x57.png",
                "id": 1,
                "original_url": "https:\/\/www.reddit.com\/r\/Terraform\/comments\/xgfjlc\/transform_all_instances_of_a_resource_in\/",
                "fallback": "reddit: Transform all instances of a resource in Terraform code into CDKTF code",
                "text": "I am looking for a little guidance on transforming Terraform code into *CDKTF* code. In the following Terraform block, the line of concern is...",
                "title": "Transform all instances of a resource in Terraform code into CDKTF code",
                "title_link": "https:\/\/www.reddit.com\/r\/Terraform\/comments\/xgfjlc\/transform_all_instances_of_a_resource_in\/",
                "service_name": "reddit"
            }
        ],
        "edited": {
            "user": "BG3N7LG73",
            "ts": "1663398989.000000"
        }
    },
    {
        "type": "message",
        "subtype": "bot_message",
        "text": "<https:\/\/www.reddit.com\/r\/Terraform\/comments\/xggk5a\/how_do_you_automate_things_on_a_schedule_to_save\/|How do you automate things on a schedule to save resources?>\nOr do you not? F.ex. scale things up in the morning and down in the evening. That is without using the cloud cli and get a drift from the terraform state?    submitted by   <https:\/\/www.reddit.com\/user\/Unfair-Address-3597| \/u\/Unfair-Address-3597 > \n<https:\/\/www.reddit.com\/r\/Terraform\/comments\/xggk5a\/how_do_you_automate_things_on_a_schedule_to_save\/|[link]>   &lt;a...",
        "ts": "1663403187.449879",
        "username": "Terraform",
        "icons": {
            "image_48": "https:\/\/s3-us-west-2.amazonaws.com\/slack-files2\/bot_icons\/2019-02-12\/548785199618_48.png"
        },
        "bot_id": "BG3N7LG73",
        "blocks": [
            {
                "type": "rich_text",
                "block_id": "T=MTA",
                "elements": [
                    {
                        "type": "rich_text_section",
                        "elements": [
                            {
                                "type": "link",
                                "url": "https:\/\/www.reddit.com\/r\/Terraform\/comments\/xggk5a\/how_do_you_automate_things_on_a_schedule_to_save\/",
                                "text": "How do you automate things on a schedule to save resources?"
                            },
                            {
                                "type": "text",
                                "text": "\nOr do you not? F.ex. scale things up in the morning and down in the evening. That is without using the cloud cli and get a drift from the terraform state?    submitted by   "
                            },
                            {
                                "type": "link",
                                "url": "https:\/\/www.reddit.com\/user\/Unfair-Address-3597",
                                "text": "\/u\/Unfair-Address-3597"
                            },
                            {
                                "type": "text",
                                "text": " \n"
                            },
                            {
                                "type": "link",
                                "url": "https:\/\/www.reddit.com\/r\/Terraform\/comments\/xggk5a\/how_do_you_automate_things_on_a_schedule_to_save\/",
                                "text": "[link]"
                            },
                            {
                                "type": "text",
                                "text": "   <a..."
                            }
                        ]
                    }
                ]
            }
        ],
        "attachments": [
            {
                "from_url": "https:\/\/www.reddit.com\/r\/Terraform\/comments\/xggk5a\/how_do_you_automate_things_on_a_schedule_to_save\/",
                "thumb_url": "https:\/\/www.redditstatic.com\/new-icon.png",
                "thumb_width": 256,
                "thumb_height": 256,
                "service_icon": "http:\/\/www.redditstatic.com\/desktop2x\/img\/favicon\/apple-icon-57x57.png",
                "id": 1,
                "original_url": "https:\/\/www.reddit.com\/r\/Terraform\/comments\/xggk5a\/how_do_you_automate_things_on_a_schedule_to_save\/",
                "fallback": "reddit: How do you automate things on a schedule to save resources?",
                "text": "Or do you not? F.ex. scale things up in the morning and down in the evening. That is without using the cloud cli and get a drift from the...",
                "title": "How do you automate things on a schedule to save resources?",
                "title_link": "https:\/\/www.reddit.com\/r\/Terraform\/comments\/xggk5a\/how_do_you_automate_things_on_a_schedule_to_save\/",
                "service_name": "reddit"
            },
            {
                "from_url": "https:\/\/www.reddit.com\/user\/Unfair-Address-3597",
                "service_icon": "http:\/\/www.redditstatic.com\/desktop2x\/img\/favicon\/apple-icon-57x57.png",
                "id": 2,
                "original_url": "https:\/\/www.reddit.com\/user\/Unfair-Address-3597",
                "fallback": "overview for Unfair-Address-3597",
                "text": "The u\/Unfair-Address-3597 community on Reddit. Reddit gives you the best of the internet in one place.",
                "title": "overview for Unfair-Address-3597",
                "title_link": "https:\/\/www.reddit.com\/user\/Unfair-Address-3597",
                "service_name": "reddit.com"
            }
        ],
        "edited": {
            "user": "BG3N7LG73",
            "ts": "1663403187.000000"
        }
    },
    {
        "type": "message",
        "subtype": "bot_message",
        "text": "<https:\/\/www.reddit.com\/r\/Terraform\/comments\/xgle7u\/provision_azure_infrastructure_using_terraform\/|Provision Azure Infrastructure using Terraform and GitHub Actions>\nsubmitted by   <https:\/\/www.reddit.com\/user\/Krishan_Shamod| \/u\/Krishan_Shamod > \n<https:\/\/www.linkedin.com\/posts\/krishanshamod_azure-terraform-github-activity-6976623746988064768-TNlD?utm_source=share&amp;utm_medium=member_android|[link]>   <https:\/\/www.reddit.com\/r\/Terraform\/comments\/xgle7u\/provision_azure_infrastructure_using_terraform\/|[comments]>",
        "ts": "1663418788.661089",
        "username": "Terraform",
        "icons": {
            "image_48": "https:\/\/s3-us-west-2.amazonaws.com\/slack-files2\/bot_icons\/2019-02-12\/548785199618_48.png"
        },
        "bot_id": "BG3N7LG73",
        "blocks": [
            {
                "type": "rich_text",
                "block_id": "yjoT",
                "elements": [
                    {
                        "type": "rich_text_section",
                        "elements": [
                            {
                                "type": "link",
                                "url": "https:\/\/www.reddit.com\/r\/Terraform\/comments\/xgle7u\/provision_azure_infrastructure_using_terraform\/",
                                "text": "Provision Azure Infrastructure using Terraform and GitHub Actions"
                            },
                            {
                                "type": "text",
                                "text": "\nsubmitted by   "
                            },
                            {
                                "type": "link",
                                "url": "https:\/\/www.reddit.com\/user\/Krishan_Shamod",
                                "text": "\/u\/Krishan_Shamod"
                            },
                            {
                                "type": "text",
                                "text": " \n"
                            },
                            {
                                "type": "link",
                                "url": "https:\/\/www.linkedin.com\/posts\/krishanshamod_azure-terraform-github-activity-6976623746988064768-TNlD?utm_source=share&amp;utm_medium=member_android",
                                "text": "[link]"
                            },
                            {
                                "type": "text",
                                "text": "   "
                            },
                            {
                                "type": "link",
                                "url": "https:\/\/www.reddit.com\/r\/Terraform\/comments\/xgle7u\/provision_azure_infrastructure_using_terraform\/",
                                "text": "[comments]"
                            }
                        ]
                    }
                ]
            }
        ],
        "attachments": [
            {
                "from_url": "https:\/\/www.reddit.com\/r\/Terraform\/comments\/xgle7u\/provision_azure_infrastructure_using_terraform\/",
                "thumb_url": "https:\/\/b.thumbs.redditmedia.com\/PIIeYJ613oWW8bf8DVLCKyufYJaHBxGrx9OvxvnOYCM.jpg",
                "thumb_width": 140,
                "thumb_height": 78,
                "service_icon": "http:\/\/www.redditstatic.com\/desktop2x\/img\/favicon\/apple-icon-57x57.png",
                "id": 1,
                "original_url": "https:\/\/www.reddit.com\/r\/Terraform\/comments\/xgle7u\/provision_azure_infrastructure_using_terraform\/",
                "fallback": "reddit: Provision Azure Infrastructure using Terraform and GitHub Actions",
                "text": "Posted in r\/Terraform by u\/Krishan_Shamod • 1 point and 0 comments",
                "title": "Provision Azure Infrastructure using Terraform and GitHub Actions",
                "title_link": "https:\/\/www.reddit.com\/r\/Terraform\/comments\/xgle7u\/provision_azure_infrastructure_using_terraform\/",
                "service_name": "reddit"
            },
            {
                "from_url": "https:\/\/www.reddit.com\/user\/Krishan_Shamod",
                "service_icon": "http:\/\/www.redditstatic.com\/desktop2x\/img\/favicon\/apple-icon-57x57.png",
                "id": 2,
                "original_url": "https:\/\/www.reddit.com\/user\/Krishan_Shamod",
                "fallback": "overview for Krishan_Shamod",
                "text": "The u\/Krishan_Shamod community on Reddit. Reddit gives you the best of the internet in one place.",
                "title": "overview for Krishan_Shamod",
                "title_link": "https:\/\/www.reddit.com\/user\/Krishan_Shamod",
                "service_name": "reddit.com"
            },
            {
                "from_url": "https:\/\/www.linkedin.com\/posts\/krishanshamod_azure-terraform-github-activity-6976623746988064768-TNlD?utm_source=share&utm_medium=member_android",
                "image_url": "https:\/\/media-exp1.licdn.com\/dms\/image\/D5612AQGi8VqOOAeEhQ\/article-cover_image-shrink_720_1280\/0\/1663355535788?e=2147483647&v=beta&t=pVe9GDaamLLaWZGzpdSQlrgvS0Boi9MNlhYfZGseRkc",
                "image_width": 444,
                "image_height": 250,
                "image_bytes": 69668,
                "service_icon": "https:\/\/static-exp1.licdn.com\/sc\/h\/al2o9zrvru7aqj8e1x2rzsrca",
                "id": 3,
                "original_url": "https:\/\/www.linkedin.com\/posts\/krishanshamod_azure-terraform-github-activity-6976623746988064768-TNlD?utm_source=share&amp;utm_medium=member_android",
                "fallback": "Krishan Shamod on LinkedIn: Provision Azure Infrastructure using Terraform and GitHub Actions",
                "text": "Provision Azure Infrastructure using Terraform and GitHub Actions :wink: #azure #terraform #github #githubactions #infrastructure...",
                "title": "Krishan Shamod on LinkedIn: Provision Azure Infrastructure using Terraform and GitHub Actions",
                "title_link": "https:\/\/www.linkedin.com\/posts\/krishanshamod_azure-terraform-github-activity-6976623746988064768-TNlD?utm_source=share&utm_medium=member_android",
                "service_name": "linkedin.com"
            }
        ],
        "edited": {
            "user": "BG3N7LG73",
            "ts": "1663418789.000000"
        }
    },
    {
        "type": "message",
        "subtype": "bot_message",
        "text": "<https:\/\/www.reddit.com\/r\/Terraform\/comments\/xgnrj5\/find_all_aws_instances_from_list_of_vpcs_and\/|Find all AWS instances from list of vpc's and attach security groups>\nI've got a security scanner that wants temporary access to every AWS instance across multiple accounts for a few weeks.\n I've got a list of VPC ID's in locals for each account that have transit gateway connectivity &amp; routes set up already. From the list of VPC's I can easily create a security group for each one that allows connectivity from the scanner CIDR. I'm trying to find a way to take that information (list of VPC's) and find all Instances or ENI's and attach the relevant Security...",
        "ts": "1663424790.161699",
        "username": "Terraform",
        "icons": {
            "image_48": "https:\/\/s3-us-west-2.amazonaws.com\/slack-files2\/bot_icons\/2019-02-12\/548785199618_48.png"
        },
        "bot_id": "BG3N7LG73",
        "blocks": [
            {
                "type": "rich_text",
                "block_id": "mtX",
                "elements": [
                    {
                        "type": "rich_text_section",
                        "elements": [
                            {
                                "type": "link",
                                "url": "https:\/\/www.reddit.com\/r\/Terraform\/comments\/xgnrj5\/find_all_aws_instances_from_list_of_vpcs_and\/",
                                "text": "Find all AWS instances from list of vpc's and attach security groups"
                            },
                            {
                                "type": "text",
                                "text": "\nI've got a security scanner that wants temporary access to every AWS instance across multiple accounts for a few weeks.\n I've got a list of VPC ID's in locals for each account that have transit gateway connectivity & routes set up already. From the list of VPC's I can easily create a security group for each one that allows connectivity from the scanner CIDR. I'm trying to find a way to take that information (list of VPC's) and find all Instances or ENI's and attach the relevant Security..."
                            }
                        ]
                    }
                ]
            }
        ],
        "attachments": [
            {
                "from_url": "https:\/\/www.reddit.com\/r\/Terraform\/comments\/xgnrj5\/find_all_aws_instances_from_list_of_vpcs_and\/",
                "thumb_url": "https:\/\/www.redditstatic.com\/new-icon.png",
                "thumb_width": 256,
                "thumb_height": 256,
                "service_icon": "http:\/\/www.redditstatic.com\/desktop2x\/img\/favicon\/apple-icon-57x57.png",
                "id": 1,
                "original_url": "https:\/\/www.reddit.com\/r\/Terraform\/comments\/xgnrj5\/find_all_aws_instances_from_list_of_vpcs_and\/",
                "fallback": "reddit: Find all AWS instances from list of vpc's and attach security groups",
                "text": "I've got a security scanner that wants temporary access to every AWS instance across multiple accounts for a few weeks. I've got a list of VPC...",
                "title": "Find all AWS instances from list of vpc's and attach security groups",
                "title_link": "https:\/\/www.reddit.com\/r\/Terraform\/comments\/xgnrj5\/find_all_aws_instances_from_list_of_vpcs_and\/",
                "service_name": "reddit"
            }
        ],
        "edited": {
            "user": "BG3N7LG73",
            "ts": "1663424790.000000"
        }
    },
    {
        "type": "message",
        "subtype": "bot_message",
        "text": "<https:\/\/www.reddit.com\/r\/Terraform\/comments\/xgrl3r\/proper_workflow_management_for_multiple_terraform\/|Proper workflow management for multiple Terraform Providers?>\nI just started playing with Terraform via Upcloud’s guide at <https:\/\/upcloud.com\/resources\/tutorials\/get-started-terraform|How to get started with Terraform - UpCloud> and articles at <https:\/\/upcloud.com\/resources\/tutorials?cat=terraform|Tutorials - UpCloud>.  But being new to Terraform, what are the best practices for workflow management for multiple Terraform Providers? I plan to use Terraform with Upcloud, Linode, Vultr and DigitalOcean at least. Linode’s articles...",
        "ts": "1663433790.167549",
        "username": "Terraform",
        "icons": {
            "image_48": "https:\/\/s3-us-west-2.amazonaws.com\/slack-files2\/bot_icons\/2019-02-12\/548785199618_48.png"
        },
        "bot_id": "BG3N7LG73",
        "blocks": [
            {
                "type": "rich_text",
                "block_id": "GwsWi",
                "elements": [
                    {
                        "type": "rich_text_section",
                        "elements": [
                            {
                                "type": "link",
                                "url": "https:\/\/www.reddit.com\/r\/Terraform\/comments\/xgrl3r\/proper_workflow_management_for_multiple_terraform\/",
                                "text": "Proper workflow management for multiple Terraform Providers?"
                            },
                            {
                                "type": "text",
                                "text": "\nI just started playing with Terraform via Upcloud’s guide at "
                            },
                            {
                                "type": "link",
                                "url": "https:\/\/upcloud.com\/resources\/tutorials\/get-started-terraform",
                                "text": "How to get started with Terraform - UpCloud"
                            },
                            {
                                "type": "text",
                                "text": " and articles at "
                            },
                            {
                                "type": "link",
                                "url": "https:\/\/upcloud.com\/resources\/tutorials?cat=terraform",
                                "text": "Tutorials - UpCloud"
                            },
                            {
                                "type": "text",
                                "text": ".  But being new to Terraform, what are the best practices for workflow management for multiple Terraform Providers? I plan to use Terraform with Upcloud, Linode, Vultr and DigitalOcean at least. Linode’s articles..."
                            }
                        ]
                    }
                ]
            }
        ],
        "attachments": [
            {
                "from_url": "https:\/\/www.reddit.com\/r\/Terraform\/comments\/xgrl3r\/proper_workflow_management_for_multiple_terraform\/",
                "thumb_url": "https:\/\/www.redditstatic.com\/new-icon.png",
                "thumb_width": 256,
                "thumb_height": 256,
                "service_icon": "http:\/\/www.redditstatic.com\/desktop2x\/img\/favicon\/apple-icon-57x57.png",
                "id": 1,
                "original_url": "https:\/\/www.reddit.com\/r\/Terraform\/comments\/xgrl3r\/proper_workflow_management_for_multiple_terraform\/",
                "fallback": "reddit: Proper workflow management for multiple Terraform Providers?",
                "text": "I just started playing with Terraform via Upcloud’s guide at [How to get started with Terraform -...",
                "title": "Proper workflow management for multiple Terraform Providers?",
                "title_link": "https:\/\/www.reddit.com\/r\/Terraform\/comments\/xgrl3r\/proper_workflow_management_for_multiple_terraform\/",
                "service_name": "reddit"
            },
            {
                "from_url": "https:\/\/upcloud.com\/resources\/tutorials\/get-started-terraform",
                "ts": 1541496480,
                "image_url": "https:\/\/upcloud.com\/media\/terraform-twitter.png",
                "image_width": 478,
                "image_height": 250,
                "image_bytes": 55116,
                "service_icon": "https:\/\/upcloud.com\/media\/cropped-favicon-upcloud-180x180.png",
                "id": 2,
                "original_url": "https:\/\/upcloud.com\/resources\/tutorials\/get-started-terraform",
                "fallback": "UpCloud: How to get started with Terraform",
                "text": "In this guide, we will show you how to install the required software and get started with Terraform on UpCloud.",
                "title": "How to get started with Terraform",
                "title_link": "https:\/\/upcloud.com\/resources\/tutorials\/get-started-terraform",
                "service_name": "UpCloud"
            }
        ],
        "edited": {
            "user": "BG3N7LG73",
            "ts": "1663433790.000000"
        }
    },
    {
        "type": "message",
        "subtype": "bot_message",
        "text": "<https:\/\/www.reddit.com\/r\/Terraform\/comments\/xgxjc9\/how_to_run_ansible_playbook_when_resource_is\/|How to run Ansible playbook when resource is destroyed but with supplied variables?>\nHi, I'm trying to figure out a way to do trigger an Ansible playbook with local-exec when a VM in Proxmox is destroyed. I tried using this code: ``` resource \"proxmox_vm_qemu\" \"endpoint\" { name = \"enp-1\" vmid = 300 target_node = \"pve-01\" clone = \"debian-template\" onboot = true cpu = \"host\" cores = 2 sockets = 1 memory = 1024 bootdisk = \"scsi0\" network { bridge = \"vmbr0\" model = \"virtio\" firewall = true } os_type = \"cloud-init\" cloudinit_cdrom_storage = \"local\" ciuser = \"root\" sshkeys =...",
        "ts": "1663448788.564159",
        "username": "Terraform",
        "icons": {
            "image_48": "https:\/\/s3-us-west-2.amazonaws.com\/slack-files2\/bot_icons\/2019-02-12\/548785199618_48.png"
        },
        "bot_id": "BG3N7LG73",
        "blocks": [
            {
                "type": "rich_text",
                "block_id": "\/F5",
                "elements": [
                    {
                        "type": "rich_text_section",
                        "elements": [
                            {
                                "type": "link",
                                "url": "https:\/\/www.reddit.com\/r\/Terraform\/comments\/xgxjc9\/how_to_run_ansible_playbook_when_resource_is\/",
                                "text": "How to run Ansible playbook when resource is destroyed but with supplied variables?"
                            },
                            {
                                "type": "text",
                                "text": "\nHi, I'm trying to figure out a way to do trigger an Ansible playbook with local-exec when a VM in Proxmox is destroyed. I tried using this code: ``` resource \"proxmox_vm_qemu\" \"endpoint\" { name = \"enp-1\" vmid = 300 target_node = \"pve-01\" clone = \"debian-template\" onboot = true cpu = \"host\" cores = 2 sockets = 1 memory = 1024 bootdisk = \"scsi0\" network { bridge = \"vmbr0\" model = \"virtio\" firewall = true } os_type = \"cloud-init\" cloudinit_cdrom_storage = \"local\" ciuser = \"root\" sshkeys =..."
                            }
                        ]
                    }
                ]
            }
        ],
        "attachments": [
            {
                "from_url": "https:\/\/www.reddit.com\/r\/Terraform\/comments\/xgxjc9\/how_to_run_ansible_playbook_when_resource_is\/",
                "thumb_url": "https:\/\/www.redditstatic.com\/new-icon.png",
                "thumb_width": 256,
                "thumb_height": 256,
                "service_icon": "http:\/\/www.redditstatic.com\/desktop2x\/img\/favicon\/apple-icon-57x57.png",
                "id": 1,
                "original_url": "https:\/\/www.reddit.com\/r\/Terraform\/comments\/xgxjc9\/how_to_run_ansible_playbook_when_resource_is\/",
                "fallback": "reddit: How to run Ansible playbook when resource is destroyed but with supplied variables?",
                "text": "Hi, I'm trying to figure out a way to do trigger an Ansible playbook with `local-exec` when a VM in Proxmox is destroyed. I tried using this...",
                "title": "How to run Ansible playbook when resource is destroyed but with supplied variables?",
                "title_link": "https:\/\/www.reddit.com\/r\/Terraform\/comments\/xgxjc9\/how_to_run_ansible_playbook_when_resource_is\/",
                "service_name": "reddit"
            }
        ],
        "edited": {
            "user": "BG3N7LG73",
            "ts": "1663448789.000000"
        }
    },
    {
        "type": "message",
        "subtype": "bot_message",
        "text": "<https:\/\/www.reddit.com\/r\/Terraform\/comments\/xgyccr\/what_is_a_good_way_to_store_terraformtfvars_when\/|What is a good way to store terraform.tfvars when deploying Cloud Infrastructure from Github?>\nI am not sure what is a good way to store the values for the terraform variables when deploying from e.g. Github (via Github Actions). I want to avoid committing the terraform.tfvars fils and using Github secrets does not seem to be too smooth. I am thinking about storing them using a Secret Management Service (e.g. like Azure Key Vault or Google Secret Manager) and then copy them to the Github runner when deploying terraform. Or maybe alternatively use a NoSQL database as it is able to...",
        "ts": "1663451188.762629",
        "username": "Terraform",
        "icons": {
            "image_48": "https:\/\/s3-us-west-2.amazonaws.com\/slack-files2\/bot_icons\/2019-02-12\/548785199618_48.png"
        },
        "bot_id": "BG3N7LG73",
        "blocks": [
            {
                "type": "rich_text",
                "block_id": "\/iNKS",
                "elements": [
                    {
                        "type": "rich_text_section",
                        "elements": [
                            {
                                "type": "link",
                                "url": "https:\/\/www.reddit.com\/r\/Terraform\/comments\/xgyccr\/what_is_a_good_way_to_store_terraformtfvars_when\/",
                                "text": "What is a good way to store terraform.tfvars when deploying Cloud Infrastructure from Github?",
                                "unsafe": true
                            },
                            {
                                "type": "text",
                                "text": "\nI am not sure what is a good way to store the values for the terraform variables when deploying from e.g. Github (via Github Actions). I want to avoid committing the terraform.tfvars fils and using Github secrets does not seem to be too smooth. I am thinking about storing them using a Secret Management Service (e.g. like Azure Key Vault or Google Secret Manager) and then copy them to the Github runner when deploying terraform. Or maybe alternatively use a NoSQL database as it is able to..."
                            }
                        ]
                    }
                ]
            }
        ],
        "attachments": [
            {
                "from_url": "https:\/\/www.reddit.com\/r\/Terraform\/comments\/xgyccr\/what_is_a_good_way_to_store_terraformtfvars_when\/",
                "thumb_url": "https:\/\/www.redditstatic.com\/new-icon.png",
                "thumb_width": 256,
                "thumb_height": 256,
                "service_icon": "http:\/\/www.redditstatic.com\/desktop2x\/img\/favicon\/apple-icon-57x57.png",
                "id": 1,
                "original_url": "https:\/\/www.reddit.com\/r\/Terraform\/comments\/xgyccr\/what_is_a_good_way_to_store_terraformtfvars_when\/",
                "fallback": "reddit: What is a good way to store terraform.tfvars when deploying Cloud Infrastructure from Github?",
                "text": "I am not sure what is a good way to store the values for the terraform variables when deploying from e.g. Github (via Github Actions). I want to...",
                "title": "What is a good way to store terraform.tfvars when deploying Cloud Infrastructure from Github?",
                "title_link": "https:\/\/www.reddit.com\/r\/Terraform\/comments\/xgyccr\/what_is_a_good_way_to_store_terraformtfvars_when\/",
                "service_name": "reddit"
            }
        ],
        "edited": {
            "user": "BG3N7LG73",
            "ts": "1663451189.000000"
        }
    },
    {
        "type": "message",
        "subtype": "bot_message",
        "text": "<https:\/\/www.reddit.com\/r\/Terraform\/comments\/xgzsv8\/help_with_custom_provider\/|Help with custom provider>\nI try to develop a custom provider for my api, When my provider terraform create elements in my api, he doesn’t check if this element exist or no. Because I’ve users who create element manually with my api without terraform.  How I can manage this situation in my provider ? It’s automatic normally?    submitted by   <https:\/\/www.reddit.com\/user\/Cappe_Thomas| \/u\/Cappe_Thomas > \n<https:\/\/www.reddit.com\/r\/Terraform\/comments\/xgzsv8\/help_with_custom_provider\/|[link]>   &lt;a...",
        "ts": "1663454790.526029",
        "username": "Terraform",
        "icons": {
            "image_48": "https:\/\/s3-us-west-2.amazonaws.com\/slack-files2\/bot_icons\/2019-02-12\/548785199618_48.png"
        },
        "bot_id": "BG3N7LG73",
        "blocks": [
            {
                "type": "rich_text",
                "block_id": "ieGUN",
                "elements": [
                    {
                        "type": "rich_text_section",
                        "elements": [
                            {
                                "type": "link",
                                "url": "https:\/\/www.reddit.com\/r\/Terraform\/comments\/xgzsv8\/help_with_custom_provider\/",
                                "text": "Help with custom provider"
                            },
                            {
                                "type": "text",
                                "text": "\nI try to develop a custom provider for my api, When my provider terraform create elements in my api, he doesn’t check if this element exist or no. Because I’ve users who create element manually with my api without terraform.  How I can manage this situation in my provider ? It’s automatic normally?    submitted by   "
                            },
                            {
                                "type": "link",
                                "url": "https:\/\/www.reddit.com\/user\/Cappe_Thomas",
                                "text": "\/u\/Cappe_Thomas"
                            },
                            {
                                "type": "text",
                                "text": " \n"
                            },
                            {
                                "type": "link",
                                "url": "https:\/\/www.reddit.com\/r\/Terraform\/comments\/xgzsv8\/help_with_custom_provider\/",
                                "text": "[link]"
                            },
                            {
                                "type": "text",
                                "text": "   <a..."
                            }
                        ]
                    }
                ]
            }
        ],
        "attachments": [
            {
                "from_url": "https:\/\/www.reddit.com\/r\/Terraform\/comments\/xgzsv8\/help_with_custom_provider\/",
                "thumb_url": "https:\/\/www.redditstatic.com\/new-icon.png",
                "thumb_width": 256,
                "thumb_height": 256,
                "service_icon": "http:\/\/www.redditstatic.com\/desktop2x\/img\/favicon\/apple-icon-57x57.png",
                "id": 1,
                "original_url": "https:\/\/www.reddit.com\/r\/Terraform\/comments\/xgzsv8\/help_with_custom_provider\/",
                "fallback": "reddit: Help with custom provider",
                "text": "I try to develop a custom provider for my api, When my provider terraform create elements in my api, he doesn’t check if this element exist or no....",
                "title": "Help with custom provider",
                "title_link": "https:\/\/www.reddit.com\/r\/Terraform\/comments\/xgzsv8\/help_with_custom_provider\/",
                "service_name": "reddit"
            },
            {
                "from_url": "https:\/\/www.reddit.com\/user\/Cappe_Thomas",
                "service_icon": "http:\/\/www.redditstatic.com\/desktop2x\/img\/favicon\/apple-icon-57x57.png",
                "id": 2,
                "original_url": "https:\/\/www.reddit.com\/user\/Cappe_Thomas",
                "fallback": "overview for Cappe_Thomas",
                "text": "The u\/Cappe_Thomas community on Reddit. Reddit gives you the best of the internet in one place.",
                "title": "overview for Cappe_Thomas",
                "title_link": "https:\/\/www.reddit.com\/user\/Cappe_Thomas",
                "service_name": "reddit.com"
            }
        ],
        "edited": {
            "user": "BG3N7LG73",
            "ts": "1663454791.000000"
        }
    }
]