[
    {
        "type": "message",
        "subtype": "bot_message",
        "text": "",
        "ts": "1640284561.005800",
        "bot_id": "BG2UDF0NA",
        "attachments": [
            {
                "id": 1,
                "fallback": "cloudposse\/terraform-aws-cloudfront-cdn on GitHub\nv0.24.00.24.0 \nrelease note: <https:\/\/newreleases.io\/github\/cloudposse\/terraform-aws-cloudfront-cdn?version=0.24.0>",
                "text": "*v0.24.0* `0.24.0` \n```\nAdding origin shield variables @justnom (#78)\n\n## what\n\n* Add variables to enable the Origin Shield for the CloudFront distribution\n\n---\nwhy\n---\n\n* Using Origin Shield can help reduce the load on your origin.\n\n----------\nreferences\n----------\n\n* <https:\/\/registry.terraform.io\/providers\/hashicorp\/aws\/latest\/docs\/resources\/cloudfront_distribution#origin_shield> ( <https:\/\/registry.terraform.io\/providers\/hashicorp\/aws\/latest\/docs\/resources\/cloudfront_distribution#origin_shield> )\n```\n<https:\/\/newreleases.io\/github\/cloudposse\/terraform-aws-cloudfront-cdn?version=0.24.0|release note...>",
                "title": "cloudposse\/terraform-aws-cloudfront-cdn on GitHub",
                "title_link": "https:\/\/newreleases.io\/github\/cloudposse\/terraform-aws-cloudfront-cdn",
                "mrkdwn_in": [
                    "text"
                ]
            }
        ]
    }
]