[
    {
        "type": "message",
        "subtype": "bot_message",
        "text": "",
        "ts": "1639055148.004200",
        "bot_id": "BG2UDF0NA",
        "attachments": [
            {
                "id": 1,
                "fallback": "terraform-aws-modules\/terraform-aws-notify-slack on GitHub\nv4.19.0v4.19.0 \nrelease note: <https:\/\/newreleases.io\/github\/terraform-aws-modules\/terraform-aws-notify-slack?version=v4.19.0>",
                "text": "*v4.19.0* `v4.19.0` \n```\n*********************************************************************************************************************\n4.19.0 ( <https:\/\/github.com\/terraform-aws-modules\/terraform-aws-notify-slack\/compare\/v4.18.0...v4.19.0> ) (2021-12-09)\n*********************************************************************************************************************\n\nBug Fixes\n---------\n\n* update CI\/CD process to enable auto-release workflow ( #149 ( <https:\/\/github.com\/terraform-aws-modules\/terraform-aws-notify-slack\/issues\/149> ) ) ( f7dd0a3 ( <https:\/\/github.com\/terraform-aws-modules\/terraform-aws-notify-slack\/commit\/f7dd0a35d1c140a3465564740abe3579c9e12b48> ) )\n\nFeatures\n--------\n\n* Added path input variable for lambda module IAM role ( #150 ( <https:\/\/github.com\/terraform-aws-modules\/terraform-aws-notify-slack\/issues\/150> ) ) ( fc0c120 ( <https:\/\/github.com\/terraform-aws-modules\/terraform-aws-notify-slack\/commit\/fc0c120bd379be65177745637ad402b46334cda5> ) )\n```\n<https:\/\/newreleases.io\/github\/terraform-aws-modules\/terraform-aws-notify-slack?version=v4.19.0|release note...>",
                "title": "terraform-aws-modules\/terraform-aws-notify-slack on GitHub",
                "title_link": "https:\/\/newreleases.io\/github\/terraform-aws-modules\/terraform-aws-notify-slack",
                "mrkdwn_in": [
                    "text"
                ]
            }
        ]
    },
    {
        "type": "message",
        "subtype": "bot_message",
        "text": "",
        "ts": "1639063963.004300",
        "bot_id": "BG2UDF0NA",
        "attachments": [
            {
                "id": 1,
                "fallback": "terraform-aws-modules\/terraform-aws-notify-slack on GitHub\nv4.20.0v4.20.0 \nrelease note: <https:\/\/newreleases.io\/github\/terraform-aws-modules\/terraform-aws-notify-slack?version=v4.20.0>",
                "text": "*v4.20.0* `v4.20.0` \n```\n*********************************************************************************************************************\n4.20.0 ( <https:\/\/github.com\/terraform-aws-modules\/terraform-aws-notify-slack\/compare\/v4.19.0...v4.20.0> ) (2021-12-09)\n*********************************************************************************************************************\n\nFeatures\n--------\n\n* Update lambda module and bump Terraform\/AWS provider versions ( #151 ( <https:\/\/github.com\/terraform-aws-modules\/terraform-aws-notify-slack\/issues\/151> ) ) ( 0a1fae8 ( <https:\/\/github.com\/terraform-aws-modules\/terraform-aws-notify-slack\/commit\/0a1fae86060248353eea2ededad26f43774e500e> ) )\n```\n<https:\/\/newreleases.io\/github\/terraform-aws-modules\/terraform-aws-notify-slack?version=v4.20.0|release note...>",
                "title": "terraform-aws-modules\/terraform-aws-notify-slack on GitHub",
                "title_link": "https:\/\/newreleases.io\/github\/terraform-aws-modules\/terraform-aws-notify-slack",
                "mrkdwn_in": [
                    "text"
                ]
            }
        ]
    },
    {
        "type": "message",
        "subtype": "bot_message",
        "text": "",
        "ts": "1639103241.004400",
        "bot_id": "BG2UDF0NA",
        "attachments": [
            {
                "id": 1,
                "fallback": "hashicorp\/terraform-provider-azurerm on GitHub\nv2.89.0",
                "text": "`v2.89.0`",
                "title": "hashicorp\/terraform-provider-azurerm on GitHub",
                "title_link": "https:\/\/newreleases.io\/github\/hashicorp\/terraform-provider-azurerm",
                "mrkdwn_in": [
                    "text"
                ]
            }
        ]
    },
    {
        "type": "message",
        "subtype": "bot_message",
        "text": "",
        "ts": "1639105861.004500",
        "bot_id": "BG2UDF0NA",
        "attachments": [
            {
                "id": 1,
                "fallback": "hashicorp\/terraform-provider-azurerm on GitHub\nv2.89.0v2.89.0 updated\nrelease note: <https:\/\/newreleases.io\/github\/hashicorp\/terraform-provider-azurerm?version=v2.89.0>",
                "text": "*v2.89.0* `v2.89.0` _updated_\n<https:\/\/newreleases.io\/github\/hashicorp\/terraform-provider-azurerm?version=v2.89.0|release note...>",
                "title": "hashicorp\/terraform-provider-azurerm on GitHub",
                "title_link": "https:\/\/newreleases.io\/github\/hashicorp\/terraform-provider-azurerm",
                "mrkdwn_in": [
                    "text"
                ]
            }
        ]
    }
]