[
    {
        "type": "message",
        "subtype": "bot_message",
        "text": "",
        "ts": "1639379735.004900",
        "bot_id": "BG2UDF0NA",
        "attachments": [
            {
                "id": 1,
                "fallback": "terraform-linters\/tflint on GitHub\nv0.34.0",
                "text": "`v0.34.0`",
                "title": "terraform-linters\/tflint on GitHub",
                "title_link": "https:\/\/newreleases.io\/github\/terraform-linters\/tflint",
                "mrkdwn_in": [
                    "text"
                ]
            }
        ]
    },
    {
        "type": "message",
        "subtype": "bot_message",
        "text": "",
        "ts": "1639380456.005000",
        "bot_id": "BG2UDF0NA",
        "attachments": [
            {
                "id": 1,
                "fallback": "terraform-linters\/tflint on GitHub\nv0.34.0v0.34.0 updated\nrelease note: <https:\/\/newreleases.io\/github\/terraform-linters\/tflint?version=v0.34.0>",
                "text": "*v0.34.0* `v0.34.0` _updated_\n```\n-------------------\n0.34.0 (2021-12-13)\n-------------------\n\nGPG key ID: 8CE69160EB3F2FE9\n\nBreaking Changes\n----------------\n\n* #1276 ( <https:\/\/github.com\/terraform-linters\/tflint\/pull\/1276> ) : terraform: Add support for Terraform v1.1 syntax ( @wata727 ( <https:\/\/github.com\/wata727> ) )\n```\n<https:\/\/newreleases.io\/github\/terraform-linters\/tflint?version=v0.34.0|release note...>",
                "title": "terraform-linters\/tflint on GitHub",
                "title_link": "https:\/\/newreleases.io\/github\/terraform-linters\/tflint",
                "mrkdwn_in": [
                    "text"
                ]
            }
        ]
    }
]