[
    {
        "type": "message",
        "subtype": "bot_message",
        "text": "<https:\/\/www.reddit.com\/r\/Terraform\/comments\/r9bgvd\/ado_yaml_and_terraform_vm_build_question\/|ADO, YAML, and Terraform VM build question.>\nCurrently we are deploying VMs to Azure using YAML pipelines with ARM templates. We pass a couple variables like VM name\/size, RSG, region, ect. Throw the YAML pipeline in the variables section provided by ADO when we want to build a new VM. Since it’s ARM it doesn’t care that we are just rerunning the same pipeline each time but changing the variables for a new VM. My question is how can we do something similar with Terraform? From my understanding if we were to rerun the same pipeline...",
        "ts": "1638694593.065300",
        "username": "Terraform",
        "icons": {
            "image_48": "https:\/\/s3-us-west-2.amazonaws.com\/slack-files2\/bot_icons\/2019-02-12\/548785199618_48.png"
        },
        "bot_id": "BG3N7LG73",
        "blocks": [
            {
                "type": "rich_text",
                "block_id": "eF1",
                "elements": [
                    {
                        "type": "rich_text_section",
                        "elements": [
                            {
                                "type": "link",
                                "url": "https:\/\/www.reddit.com\/r\/Terraform\/comments\/r9bgvd\/ado_yaml_and_terraform_vm_build_question\/",
                                "text": "ADO, YAML, and Terraform VM build question."
                            },
                            {
                                "type": "text",
                                "text": "\nCurrently we are deploying VMs to Azure using YAML pipelines with ARM templates. We pass a couple variables like VM name\/size, RSG, region, ect. Throw the YAML pipeline in the variables section provided by ADO when we want to build a new VM. Since it’s ARM it doesn’t care that we are just rerunning the same pipeline each time but changing the variables for a new VM. My question is how can we do something similar with Terraform? From my understanding if we were to rerun the same pipeline..."
                            }
                        ]
                    }
                ]
            }
        ],
        "attachments": [
            {
                "from_url": "https:\/\/www.reddit.com\/r\/Terraform\/comments\/r9bgvd\/ado_yaml_and_terraform_vm_build_question\/",
                "service_name": "reddit",
                "title": "ADO, YAML, and Terraform VM build question.",
                "title_link": "https:\/\/www.reddit.com\/r\/Terraform\/comments\/r9bgvd\/ado_yaml_and_terraform_vm_build_question\/",
                "text": "Currently we are deploying VMs to Azure using YAML pipelines with ARM templates. We pass a couple variables like VM name\/size, RSG, region, ect....",
                "thumb_url": "https:\/\/www.redditstatic.com\/new-icon.png",
                "thumb_width": 256,
                "thumb_height": 256,
                "fallback": "reddit: ADO, YAML, and Terraform VM build question.",
                "service_icon": "http:\/\/www.redditstatic.com\/desktop2x\/img\/favicon\/apple-icon-57x57.png",
                "id": 1,
                "original_url": "https:\/\/www.reddit.com\/r\/Terraform\/comments\/r9bgvd\/ado_yaml_and_terraform_vm_build_question\/"
            }
        ],
        "edited": {
            "user": "BG3N7LG73",
            "ts": "1638694593.000000"
        }
    },
    {
        "type": "message",
        "subtype": "bot_message",
        "text": "<https:\/\/www.reddit.com\/r\/Terraform\/comments\/r9g6uj\/career_question\/|career question>\nHi, i am9 yr staff java developers and want to transition into devops. does doing some onlune course in terraform is sufficient to crack intetviews? what skills are needed to transition and how relevant are gcp and azure certifications. i work on fortune 500 so we use aws etc and i understood but never wrote any ansible or terraform script. i hate my job to continuously work with product managers and clocking scrum tickets.    submitted by   &lt;a...",
        "ts": "1638712595.065500",
        "username": "Terraform",
        "icons": {
            "image_48": "https:\/\/s3-us-west-2.amazonaws.com\/slack-files2\/bot_icons\/2019-02-12\/548785199618_48.png"
        },
        "bot_id": "BG3N7LG73",
        "blocks": [
            {
                "type": "rich_text",
                "block_id": "GNEZH",
                "elements": [
                    {
                        "type": "rich_text_section",
                        "elements": [
                            {
                                "type": "link",
                                "url": "https:\/\/www.reddit.com\/r\/Terraform\/comments\/r9g6uj\/career_question\/",
                                "text": "career question"
                            },
                            {
                                "type": "text",
                                "text": "\nHi, i am9 yr staff java developers and want to transition into devops. does doing some onlune course in terraform is sufficient to crack intetviews? what skills are needed to transition and how relevant are gcp and azure certifications. i work on fortune 500 so we use aws etc and i understood but never wrote any ansible or terraform script. i hate my job to continuously work with product managers and clocking scrum tickets.    submitted by   <a..."
                            }
                        ]
                    }
                ]
            }
        ],
        "attachments": [
            {
                "from_url": "https:\/\/www.reddit.com\/r\/Terraform\/comments\/r9g6uj\/career_question\/",
                "service_name": "reddit",
                "title": "career question",
                "title_link": "https:\/\/www.reddit.com\/r\/Terraform\/comments\/r9g6uj\/career_question\/",
                "text": "Hi, i am9 yr staff java developers and want to transition into devops. does doing some onlune course in terraform is sufficient to crack...",
                "thumb_url": "https:\/\/www.redditstatic.com\/new-icon.png",
                "thumb_width": 256,
                "thumb_height": 256,
                "fallback": "reddit: career question",
                "service_icon": "http:\/\/www.redditstatic.com\/desktop2x\/img\/favicon\/apple-icon-57x57.png",
                "id": 1,
                "original_url": "https:\/\/www.reddit.com\/r\/Terraform\/comments\/r9g6uj\/career_question\/"
            }
        ],
        "edited": {
            "user": "BG3N7LG73",
            "ts": "1638712595.000000"
        }
    },
    {
        "type": "message",
        "subtype": "bot_message",
        "text": "<https:\/\/www.reddit.com\/r\/Terraform\/comments\/r9ifmp\/tiered_subnet_calculator_in_terraform\/|Tiered Subnet Calculator in Terraform.>\n<https:\/\/jq1.io\/posts\/tiered_subnet_calculator\/|https:\/\/jq1.io\/posts\/tiered_subnet_calculator\/> I created a Tiered ‏‏‎ Subnet Calculator by Terraform to assist with subnet allocation for tiered networks. ~jq1    submitted by   <https:\/\/www.reddit.com\/user\/smetheniinp| \/u\/smetheniinp > \n<https:\/\/www.reddit.com\/r\/Terraform\/comments\/r9ifmp\/tiered_subnet_calculator_in_terraform\/|[link]>   &lt;a...",
        "ts": "1638719799.065700",
        "username": "Terraform",
        "icons": {
            "image_48": "https:\/\/s3-us-west-2.amazonaws.com\/slack-files2\/bot_icons\/2019-02-12\/548785199618_48.png"
        },
        "bot_id": "BG3N7LG73",
        "blocks": [
            {
                "type": "rich_text",
                "block_id": "H0Z\/D",
                "elements": [
                    {
                        "type": "rich_text_section",
                        "elements": [
                            {
                                "type": "link",
                                "url": "https:\/\/www.reddit.com\/r\/Terraform\/comments\/r9ifmp\/tiered_subnet_calculator_in_terraform\/",
                                "text": "Tiered Subnet Calculator in Terraform."
                            },
                            {
                                "type": "text",
                                "text": "\n"
                            },
                            {
                                "type": "link",
                                "url": "https:\/\/jq1.io\/posts\/tiered_subnet_calculator\/"
                            },
                            {
                                "type": "text",
                                "text": " I created a Tiered ‏‏‎ Subnet Calculator by Terraform to assist with subnet allocation for tiered networks. ~jq1    submitted by   "
                            },
                            {
                                "type": "link",
                                "url": "https:\/\/www.reddit.com\/user\/smetheniinp",
                                "text": "\/u\/smetheniinp"
                            },
                            {
                                "type": "text",
                                "text": " \n"
                            },
                            {
                                "type": "link",
                                "url": "https:\/\/www.reddit.com\/r\/Terraform\/comments\/r9ifmp\/tiered_subnet_calculator_in_terraform\/",
                                "text": "[link]"
                            },
                            {
                                "type": "text",
                                "text": "   <a..."
                            }
                        ]
                    }
                ]
            }
        ],
        "attachments": [
            {
                "from_url": "https:\/\/www.reddit.com\/r\/Terraform\/comments\/r9ifmp\/tiered_subnet_calculator_in_terraform\/",
                "service_name": "reddit",
                "title": "Tiered Subnet Calculator in Terraform.",
                "title_link": "https:\/\/www.reddit.com\/r\/Terraform\/comments\/r9ifmp\/tiered_subnet_calculator_in_terraform\/",
                "text": "[<https:\/\/jq1.io\/posts\/tiered\\_subnet\\_calculator\/>](<https:\/\/jq1.io\/posts\/tiered_subnet_calculator\/>) I created a Tiered ‏‏‎ Subnet Calculator by...",
                "thumb_url": "https:\/\/www.redditstatic.com\/new-icon.png",
                "thumb_width": 256,
                "thumb_height": 256,
                "fallback": "reddit: Tiered Subnet Calculator in Terraform.",
                "service_icon": "http:\/\/www.redditstatic.com\/desktop2x\/img\/favicon\/apple-icon-57x57.png",
                "id": 1,
                "original_url": "https:\/\/www.reddit.com\/r\/Terraform\/comments\/r9ifmp\/tiered_subnet_calculator_in_terraform\/"
            },
            {
                "from_url": "https:\/\/jq1.io\/posts\/tiered_subnet_calculator\/",
                "service_name": "The Art of Demolition",
                "title": "Tiered Subnet Calculator in Terraform",
                "title_link": "https:\/\/jq1.io\/posts\/tiered_subnet_calculator\/",
                "text": "I’ve been thinking about adding support for building tiered subnets of any valid size for the next iteration of the Dynamic VPC Module. It occurred to me that auto subnet generation inside the module actually makes the subnetting less dynamic. Furthermore, auto subnet calculation should be in assistance to the process of allocating subnets and should not be fed directly as input to the VPC module. This is due to the fact that order matters only for the subnetting calculation.",
                "ts": 1606880914,
                "fallback": "The Art of Demolition: Tiered Subnet Calculator in Terraform",
                "service_icon": "https:\/\/jq1.io\/apple-touch-icon-144-precomposed.png",
                "id": 2,
                "original_url": "https:\/\/jq1.io\/posts\/tiered_subnet_calculator\/"
            },
            {
                "from_url": "https:\/\/www.reddit.com\/user\/smetheniinp",
                "title": "overview for smetheniinp",
                "title_link": "https:\/\/www.reddit.com\/user\/smetheniinp",
                "text": "The u\/smetheniinp community on Reddit. Reddit gives you the best of the internet in one place.",
                "fallback": "overview for smetheniinp",
                "service_icon": "http:\/\/www.redditstatic.com\/desktop2x\/img\/favicon\/apple-icon-57x57.png",
                "service_name": "reddit.com",
                "id": 3,
                "original_url": "https:\/\/www.reddit.com\/user\/smetheniinp"
            }
        ],
        "edited": {
            "user": "BG3N7LG73",
            "ts": "1638719799.000000"
        }
    },
    {
        "type": "message",
        "subtype": "bot_message",
        "text": "<https:\/\/www.reddit.com\/r\/Terraform\/comments\/r9jjdy\/the_console_email_just_went_out_this_week_we\/|The Console email just went out! This week we interviewed Takashi, the CTO of the Japanese cybersecurity firm Flatt Security! We talked about the open-source Shisho project, a lightweight static analyzer for several programming languages. I thought \/r\/Terraform might be interested! :)>\nsubmitted by   <https:\/\/www.reddit.com\/user\/binaryfor| \/u\/binaryfor > \n<https:\/\/console.substack.com\/p\/console-82?r=3cbez&amp;utm_campaign=terraform_subreddit&amp;utm_medium=terraform_subreddit&amp;utm_source=terraform_subreddit|[link]>   <https:\/\/www.reddit.com\/r\/Terraform\/comments\/r9jjdy\/the_console_email_just_went_out_this_week_we\/|[comments]>",
        "ts": "1638722795.065900",
        "username": "Terraform",
        "icons": {
            "image_48": "https:\/\/s3-us-west-2.amazonaws.com\/slack-files2\/bot_icons\/2019-02-12\/548785199618_48.png"
        },
        "bot_id": "BG3N7LG73",
        "blocks": [
            {
                "type": "rich_text",
                "block_id": "5uM",
                "elements": [
                    {
                        "type": "rich_text_section",
                        "elements": [
                            {
                                "type": "link",
                                "url": "https:\/\/www.reddit.com\/r\/Terraform\/comments\/r9jjdy\/the_console_email_just_went_out_this_week_we\/",
                                "text": "The Console email just went out! This week we interviewed Takashi, the CTO of the Japanese cybersecurity firm Flatt Security! We talked about the open-source Shisho project, a lightweight static analyzer for several programming languages. I thought \/r\/Terraform might be interested! :)"
                            },
                            {
                                "type": "text",
                                "text": "\nsubmitted by   "
                            },
                            {
                                "type": "link",
                                "url": "https:\/\/www.reddit.com\/user\/binaryfor",
                                "text": "\/u\/binaryfor"
                            },
                            {
                                "type": "text",
                                "text": " \n"
                            },
                            {
                                "type": "link",
                                "url": "https:\/\/console.substack.com\/p\/console-82?r=3cbez&amp;utm_campaign=terraform_subreddit&amp;utm_medium=terraform_subreddit&amp;utm_source=terraform_subreddit",
                                "text": "[link]"
                            },
                            {
                                "type": "text",
                                "text": "   "
                            },
                            {
                                "type": "link",
                                "url": "https:\/\/www.reddit.com\/r\/Terraform\/comments\/r9jjdy\/the_console_email_just_went_out_this_week_we\/",
                                "text": "[comments]"
                            }
                        ]
                    }
                ]
            }
        ],
        "attachments": [
            {
                "from_url": "https:\/\/www.reddit.com\/r\/Terraform\/comments\/r9jjdy\/the_console_email_just_went_out_this_week_we\/",
                "service_name": "reddit",
                "title": "The Console email just went out! This week we interviewed Takashi, the CTO of the Japanese cybersecurity firm Flatt Security! We talked about the open-source Shisho project, a lightweight static analyzer for several programming languages. I thought \/r\/Terraform might be interested! :)",
                "title_link": "https:\/\/www.reddit.com\/r\/Terraform\/comments\/r9jjdy\/the_console_email_just_went_out_this_week_we\/",
                "text": "Posted in r\/Terraform by u\/binaryfor • 1 point and 0 comments",
                "thumb_url": "https:\/\/b.thumbs.redditmedia.com\/jgLTcyvqXE5cT-fCWruLJW7UKsE--XgvOY_Ro-sVJPw.jpg",
                "thumb_width": 140,
                "thumb_height": 73,
                "fallback": "reddit: The Console email just went out! This week we interviewed Takashi, the CTO of the Japanese cybersecurity firm Flatt Security! We talked about the open-source Shisho project, a lightweight static analyzer for several programming languages. I thought \/r\/Terraform might be interested! :)",
                "service_icon": "http:\/\/www.redditstatic.com\/desktop2x\/img\/favicon\/apple-icon-57x57.png",
                "id": 1,
                "original_url": "https:\/\/www.reddit.com\/r\/Terraform\/comments\/r9jjdy\/the_console_email_just_went_out_this_week_we\/"
            },
            {
                "from_url": "https:\/\/www.reddit.com\/user\/binaryfor",
                "title": "overview for binaryfor",
                "title_link": "https:\/\/www.reddit.com\/user\/binaryfor",
                "text": "Founder of the open source newsletter Console: <https:\/\/console.substack.com\/>.",
                "fallback": "overview for binaryfor",
                "service_icon": "http:\/\/www.redditstatic.com\/desktop2x\/img\/favicon\/apple-icon-57x57.png",
                "service_name": "reddit.com",
                "id": 2,
                "original_url": "https:\/\/www.reddit.com\/user\/binaryfor"
            },
            {
                "from_url": "https:\/\/console.substack.com\/p\/console-82?r=3cbez&utm_campaign=terraform_subreddit&utm_medium=terraform_subreddit&utm_source=terraform_subreddit",
                "title": "Console #82 -- RosettaBoy, Fosscord, and Shisho",
                "title_link": "https:\/\/console.substack.com\/p\/console-82?r=3cbez&utm_campaign=terraform_subreddit&utm_medium=terraform_subreddit&utm_source=terraform_subreddit",
                "text": "An Interview With Takashi of Flatt Security",
                "image_url": "https:\/\/cdn.substack.com\/image\/fetch\/w_1200,c_limit,f_jpg,q_auto:good,fl_progressive:steep\/https%3A%2F%2Fbucketeer-e05bbc84-baa3-437e-9518-adb32be77984.s3.amazonaws.com%2Fpublic%2Fimages%2F3204bd78-8944-4c0a-99e1-e6bed8bb40fe_800x418.png",
                "image_width": 478,
                "image_height": 250,
                "image_bytes": 12239,
                "fallback": "Console #82 -- RosettaBoy, Fosscord, and Shisho",
                "service_icon": "https:\/\/bucketeer-e05bbc84-baa3-437e-9518-adb32be77984.s3.amazonaws.com\/public\/images\/0252db64-b700-4f18-865a-432a448714c1\/apple-touch-icon-57x57.png",
                "service_name": "console.substack.com",
                "id": 3,
                "original_url": "https:\/\/console.substack.com\/p\/console-82?r=3cbez&amp;utm_campaign=terraform_subreddit&amp;utm_medium=terraform_subreddit&amp;utm_source=terraform_subreddit"
            }
        ],
        "edited": {
            "user": "BG3N7LG73",
            "ts": "1638722795.000000"
        }
    },
    {
        "type": "message",
        "subtype": "bot_message",
        "text": "<https:\/\/qiita.com\/minamijoyo\/items\/36d89cab4cd9f26fc098|tfmigrate + Atlantis でTerraformリファクタリング機能をCI\/CDに組み込む>\nこの記事は クラウドワークス Advent Calendar 2021 の 6日目の記事です。\n\n\nはじめに\n\nTerraform職人の @minamijoyo です。\n\nTerraform職人のみなさんは「ぼくのかんがえたさいきょうのTerraformディレクトリ構造」の話題が大好きです。新規プロジェクトのディレクトリ構造を考えるのは楽しいですよねー。はい。一方、既存のプロジェクトのディレクトリ構造を後から変更するのは大変です。\n\n例えば以下のような、簡単な例を考えてみましょう。 \n\n\ndir1\/main.tf\nresource \"null_resource\" \"foo1\" {}\nresource \"null_resource\" \"foo2\" {}\n\n\n\n\ndir2\/main.tf\nresource \"null_resource\" \"foo3\" {}\nresource \"null_resource\" \"foo4\" {}\n\n\n\n既に dir1 と dir2 にそれぞれリソースがあります。その後、責務や変更頻度などを考えた結果、 dir1 にある foo1 を dir2...",
        "ts": "1638758195.066100",
        "username": "Terraformタグが付けられた新着記事 - Qiita",
        "icons": {
            "image_36": "https:\/\/a.slack-edge.com\/80588\/img\/services\/rss_36.png",
            "image_48": "https:\/\/a.slack-edge.com\/80588\/img\/services\/rss_48.png",
            "image_72": "https:\/\/a.slack-edge.com\/80588\/img\/services\/rss_72.png"
        },
        "bot_id": "BG3N7LG73",
        "blocks": [
            {
                "type": "rich_text",
                "block_id": "jkbp",
                "elements": [
                    {
                        "type": "rich_text_section",
                        "elements": [
                            {
                                "type": "link",
                                "url": "https:\/\/qiita.com\/minamijoyo\/items\/36d89cab4cd9f26fc098",
                                "text": "tfmigrate + Atlantis でTerraformリファクタリング機能をCI\/CDに組み込む"
                            },
                            {
                                "type": "text",
                                "text": "\nこの記事は クラウドワークス Advent Calendar 2021 の 6日目の記事です。\n\n\n\nはじめに\n\nTerraform職人の @minamijoyo です。\n\nTerraform職人のみなさんは「ぼくのかんがえたさいきょうのTerraformディレクトリ構造」の話題が大好きです。新規プロジェクトのディレクトリ構造を考えるのは楽しいですよねー。はい。一方、既存のプロジェクトのディレクトリ構造を後から変更するのは大変です。\n\n例えば以下のような、簡単な例を考えてみましょう。 \n\n\n\ndir1\/main.tf\nresource \"null_resource\" \"foo1\" {}\nresource \"null_resource\" \"foo2\" {}\n\n\n\n\n\n\n\ndir2\/main.tf\nresource \"null_resource\" \"foo3\" {}\nresource \"null_resource\" \"foo4\" {}\n\n\n\n\n\n既に dir1 と dir2 にそれぞれリソースがあります。その後、責務や変更頻度などを考えた結果、 dir1 にある foo1 を dir2..."
                            }
                        ]
                    }
                ]
            }
        ],
        "attachments": [
            {
                "from_url": "https:\/\/qiita.com\/minamijoyo\/items\/36d89cab4cd9f26fc098",
                "service_name": "Qiita",
                "title": "tfmigrate + Atlantis でTerraformリファクタリング機能をCI\/CDに組み込む - Qiita",
                "title_link": "https:\/\/qiita.com\/minamijoyo\/items\/36d89cab4cd9f26fc098",
                "text": "この記事は クラウドワークス Advent Calendar 2021 の 6日目の記事です。 はじめに Terraform職人の @minamijoyo です。 Terraform職人のみなさんは「ぼくのかんがえたさいきょう...",
                "image_url": "https:\/\/qiita-user-contents.imgix.net\/https%3A%2F%2Fqiita-user-contents.imgix.net%2Fhttps%253A%252F%252Fcdn.qiita.com%252Fassets%252Fpublic%252Farticle-ogp-background-9f5428127621718a910c8b63951390ad.png%3Fixlib%3Drb-4.0.0%26w%3D1200%26mark%3Dhttps%253A%252F%252Fqiita-user-contents.imgix.net%252F~text%253Fixlib%253Drb-4.0.0%2526w%253D916%2526txt64%253DdGZtaWdyYXRlICsgQXRsYW50aXMg44GnVGVycmFmb3Jt44Oq44OV44Kh44Kv44K_44Oq44Oz44Kw5qmf6IO944KSQ0kvQ0TjgavntYTjgb_ovrzjgoA%2526txt-color%253D%252523212121%2526txt-font%253DHiragino%252520Sans%252520W6%2526txt-size%253D56%2526txt-clip%253Dellipsis%2526txt-align%253Dleft%25252Ctop%2526s%253D306a0f6b9a095a287d80e83e2ba58047%26mark-x%3D142%26mark-y%3D112%26s%3D6e6cbb53118e5878cd49ca025e290761?ixlib=rb-4.0.0&w=1200&mark=https%3A%2F%2Fqiita-user-contents.imgix.net%2F~text%3Fixlib%3Drb-4.0.0%26w%3D616%26txt64%3DQG1pbmFtaWpveW8%26txt-color%3D%2523212121%26txt-font%3DHiragino%2520Sans%2520W6%26txt-size%3D36%26txt-align%3Dleft%252Ctop%26s%3D91f9ee82efd84648e96d495abdf423ba&mark-x=142&mark-y=491&s=3d350597ce06942027f684a08bd9cdb0",
                "image_width": 476,
                "image_height": 250,
                "image_bytes": 59507,
                "fallback": "Qiita: tfmigrate + Atlantis でTerraformリファクタリング機能をCI\/CDに組み込む - Qiita",
                "service_icon": "https:\/\/cdn.qiita.com\/assets\/favicons\/public\/apple-touch-icon-ec5ba42a24ae923f16825592efdc356f.png",
                "id": 1,
                "original_url": "https:\/\/qiita.com\/minamijoyo\/items\/36d89cab4cd9f26fc098"
            }
        ],
        "edited": {
            "user": "BG3N7LG73",
            "ts": "1638758196.000000"
        }
    },
    {
        "type": "message",
        "subtype": "bot_message",
        "text": "<https:\/\/www.reddit.com\/r\/Terraform\/comments\/ra0fgb\/azure_onboard_vm_to_update_management\/|Azure - Onboard VM to update management>\nI have an Azure automation account linked to a log analytics workspace. The Azure automation account has Update management enabled. I am struggling to find how to onboard VMs to the Azure automation via Terraform. The azurerm provider - azurerm_windows_virtual_machine has enable_automatic_updates which appears only to be turning on the essential Windows update. Is there a way to enable update management via the Azure automation account via TF?    submitted by   &lt;a...",
        "ts": "1638771995.066300",
        "username": "Terraform",
        "icons": {
            "image_48": "https:\/\/s3-us-west-2.amazonaws.com\/slack-files2\/bot_icons\/2019-02-12\/548785199618_48.png"
        },
        "bot_id": "BG3N7LG73",
        "blocks": [
            {
                "type": "rich_text",
                "block_id": "bpK",
                "elements": [
                    {
                        "type": "rich_text_section",
                        "elements": [
                            {
                                "type": "link",
                                "url": "https:\/\/www.reddit.com\/r\/Terraform\/comments\/ra0fgb\/azure_onboard_vm_to_update_management\/",
                                "text": "Azure - Onboard VM to update management"
                            },
                            {
                                "type": "text",
                                "text": "\nI have an Azure automation account linked to a log analytics workspace. The Azure automation account has Update management enabled. I am struggling to find how to onboard VMs to the Azure automation via Terraform. The azurerm provider - azurerm_windows_virtual_machine has enable_automatic_updates which appears only to be turning on the essential Windows update. Is there a way to enable update management via the Azure automation account via TF?    submitted by   <a..."
                            }
                        ]
                    }
                ]
            }
        ],
        "attachments": [
            {
                "from_url": "https:\/\/www.reddit.com\/r\/Terraform\/comments\/ra0fgb\/azure_onboard_vm_to_update_management\/",
                "service_name": "reddit",
                "title": "Azure - Onboard VM to update management",
                "title_link": "https:\/\/www.reddit.com\/r\/Terraform\/comments\/ra0fgb\/azure_onboard_vm_to_update_management\/",
                "text": "I have an Azure automation account linked to a log analytics workspace. The Azure automation account has Update management enabled. I am...",
                "thumb_url": "https:\/\/www.redditstatic.com\/new-icon.png",
                "thumb_width": 256,
                "thumb_height": 256,
                "fallback": "reddit: Azure - Onboard VM to update management",
                "service_icon": "http:\/\/www.redditstatic.com\/desktop2x\/img\/favicon\/apple-icon-57x57.png",
                "id": 1,
                "original_url": "https:\/\/www.reddit.com\/r\/Terraform\/comments\/ra0fgb\/azure_onboard_vm_to_update_management\/"
            }
        ],
        "edited": {
            "user": "BG3N7LG73",
            "ts": "1638771996.000000"
        }
    }
]