[
    {
        "type": "message",
        "subtype": "bot_message",
        "text": "<https:\/\/www.reddit.com\/r\/Terraform\/comments\/r5phhe\/cron_not_valid\/|Cron not valid?>\nI'm trying to deploy an EventBridge rule in Terraform with the following cron expression: schedule_expression = \"cron (5 5 * * ? *)\"  Trying to apply the plan however, throws Error: error creating EventBridge Rule (dev-cron): ValidationException: Parameter ScheduleExpression is not valid. status code: 400, request id: xxx  I have tried a cron generator, followed AWS docs on crons, and tried different cros, all throwing the same error. I even tried creating it via AWS CLI and I get: An error...",
        "ts": "1638285996.058300",
        "username": "Terraform",
        "icons": {
            "image_48": "https:\/\/s3-us-west-2.amazonaws.com\/slack-files2\/bot_icons\/2019-02-12\/548785199618_48.png"
        },
        "bot_id": "BG3N7LG73",
        "blocks": [
            {
                "type": "rich_text",
                "block_id": "eAsnC",
                "elements": [
                    {
                        "type": "rich_text_section",
                        "elements": [
                            {
                                "type": "link",
                                "url": "https:\/\/www.reddit.com\/r\/Terraform\/comments\/r5phhe\/cron_not_valid\/",
                                "text": "Cron not valid?"
                            },
                            {
                                "type": "text",
                                "text": "\nI'm trying to deploy an EventBridge rule in Terraform with the following cron expression: schedule_expression = \"cron (5 5 * * ? *)\"  Trying to apply the plan however, throws Error: error creating EventBridge Rule (dev-cron): ValidationException: Parameter ScheduleExpression is not valid. status code: 400, request id: xxx  I have tried a cron generator, followed AWS docs on crons, and tried different cros, all throwing the same error. I even tried creating it via AWS CLI and I get: An error..."
                            }
                        ]
                    }
                ]
            }
        ],
        "attachments": [
            {
                "from_url": "https:\/\/www.reddit.com\/r\/Terraform\/comments\/r5phhe\/cron_not_valid\/",
                "service_name": "reddit",
                "title": "Cron not valid?",
                "title_link": "https:\/\/www.reddit.com\/r\/Terraform\/comments\/r5phhe\/cron_not_valid\/",
                "text": "I'm trying to deploy an EventBridge rule in Terraform with the following cron expression: schedule_expression = \"cron (5 5 * * ? *)\" Trying...",
                "thumb_url": "https:\/\/www.redditstatic.com\/new-icon.png",
                "thumb_width": 256,
                "thumb_height": 256,
                "fallback": "reddit: Cron not valid?",
                "service_icon": "http:\/\/www.redditstatic.com\/desktop2x\/img\/favicon\/apple-icon-57x57.png",
                "id": 1,
                "original_url": "https:\/\/www.reddit.com\/r\/Terraform\/comments\/r5phhe\/cron_not_valid\/"
            }
        ],
        "edited": {
            "user": "BG3N7LG73",
            "ts": "1638285996.000000"
        }
    },
    {
        "type": "message",
        "subtype": "bot_message",
        "text": "<https:\/\/qiita.com\/raki\/items\/d6d59b18185cc8fb2064|2021年の terraform-jp 振り返り>\ntl;dr\n\n\nこの記事はterraform Advent Calendar 2021の1日目です\n2020年に引き続きコロナな１年でしたがお疲れさまでした\n\nterraform-jp は 2\/10 のオンラインミートアップ以外の活動ができませんでした\n来年こそ、コロナがある程度落ち着いたら、一昨年書いた記事のやりたいことをやっていきたいと思います\n\n\n\n活動報告\n\n\n2021年のオフライン活動は2\/10のオンラインミートアップ開催のみでした\n夏頃にも開催の気配だけはあったのですが開催できずでした\n本当に活動できていませんね。。。\nちょいちょい質問チャンネルは動いているんですけれどもｗ\n\n\n\nterraform では\n\n\nv0.14.0 は2020年12月にリリースされました（去年の記事書いた後）\nv0.15.0 は2021年4月にリリースされました\nv1.0.0（=v0.15.5） は2021年6月にリリースされました\nv1.1.0 は2021年12月1日現在 beta2 です\n\n\n\nその他の HashiCorp 製品では\n\n\n\nHCP に packer...",
        "ts": "1638286002.058500",
        "username": "Terraformタグが付けられた新着記事 - Qiita",
        "icons": {
            "image_36": "https:\/\/a.slack-edge.com\/80588\/img\/services\/rss_36.png",
            "image_48": "https:\/\/a.slack-edge.com\/80588\/img\/services\/rss_48.png",
            "image_72": "https:\/\/a.slack-edge.com\/80588\/img\/services\/rss_72.png"
        },
        "bot_id": "BG3N7LG73",
        "blocks": [
            {
                "type": "rich_text",
                "block_id": "bw9xG",
                "elements": [
                    {
                        "type": "rich_text_section",
                        "elements": [
                            {
                                "type": "link",
                                "url": "https:\/\/qiita.com\/raki\/items\/d6d59b18185cc8fb2064",
                                "text": "2021年の terraform-jp 振り返り"
                            },
                            {
                                "type": "text",
                                "text": "\ntl;dr\n\n\n\nこの記事はterraform Advent Calendar 2021の1日目です\n2020年に引き続きコロナな１年でしたがお疲れさまでした\n\nterraform-jp は 2\/10 のオンラインミートアップ以外の活動ができませんでした\n来年こそ、コロナがある程度落ち着いたら、一昨年書いた記事のやりたいことをやっていきたいと思います\n\n\n\n\n\n活動報告\n\n\n\n2021年のオフライン活動は2\/10のオンラインミートアップ開催のみでした\n夏頃にも開催の気配だけはあったのですが開催できずでした\n本当に活動できていませんね。。。\nちょいちょい質問チャンネルは動いているんですけれどもｗ\n\n\n\n\n\nterraform では\n\n\n\nv0.14.0 は2020年12月にリリースされました（去年の記事書いた後）\nv0.15.0 は2021年4月にリリースされました\nv1.0.0（=v0.15.5） は2021年6月にリリースされました\nv1.1.0 は2021年12月1日現在 beta2 です\n\n\n\n\n\nその他の HashiCorp 製品では\n\n\n\n\n\nHCP に packer..."
                            }
                        ]
                    }
                ]
            }
        ],
        "attachments": [
            {
                "from_url": "https:\/\/qiita.com\/raki\/items\/d6d59b18185cc8fb2064",
                "service_name": "Qiita",
                "title": "2021年の terraform-jp 振り返り - Qiita",
                "title_link": "https:\/\/qiita.com\/raki\/items\/d6d59b18185cc8fb2064",
                "text": "tl;dr この記事はterraform Advent Calendar 2021の1日目です 2020年に引き続きコロナな１年でしたがお疲れさまでした terraform-jp は 2\/10 のオンラインミートアップ以外の...",
                "image_url": "https:\/\/qiita-user-contents.imgix.net\/https%3A%2F%2Fqiita-user-contents.imgix.net%2Fhttps%253A%252F%252Fqiita-user-contents.imgix.net%252Fhttps%25253A%25252F%25252Fcdn.qiita.com%25252Fassets%25252Fpublic%25252Farticle-ogp-background-9f5428127621718a910c8b63951390ad.png%253Fixlib%253Drb-4.0.0%2526w%253D1200%2526mark%253Dhttps%25253A%25252F%25252Fqiita-user-contents.imgix.net%25252F~text%25253Fixlib%25253Drb-4.0.0%252526w%25253D897%252526txt64%25253DMjAyMeW5tOOBriB0ZXJyYWZvcm0tanAg5oyv44KK6L-U44KK%252526txt-color%25253D%25252523212121%252526txt-font%25253DHiragino%25252520Sans%25252520W6%252526txt-size%25253D56%252526txt-clip%25253Dellipsis%252526txt-align%25253Dleft%2525252Ctop%252526txt-pad%25253D0%252526s%25253D31d166e58601ba940ecaa4fabf3f3f24%2526mark-x%253D152%2526mark-y%253D122%2526s%253Db7f1675312ee902b7d43f723d0cbd69a%3Fixlib%3Drb-4.0.0%26w%3D1200%26mark%3Dhttps%253A%252F%252Fqiita-user-contents.imgix.net%252Fhttps%25253A%25252F%25252Fqiita-image-store.s3.amazonaws.com%25252F0%25252F44420%25252Fprofile-images%25252F1473689894%253Fixlib%253Drb-4.0.0%2526w%253D64%2526h%253D64%2526mask%253Dellipse%2526fm%253Dpng%2526bg%253Dfff%2526s%253D77d5fdedf14b15eecf0cd472eab3eaa9%26mark-x%3D152%26mark-y%3D486%26s%3Dbba3472e5537eb85424d0c0c574d8460?ixlib=rb-4.0.0&w=1200&mark=https%3A%2F%2Fqiita-user-contents.imgix.net%2F~text%3Fixlib%3Drb-4.0.0%26w%3D616%26txt64%3DcmFraQ%26txt-color%3D%2523212121%26txt-font%3DHiragino%2520Sans%2520W6%26txt-size%3D36%26txt-align%3Dleft%252Ctop%26txt-pad%3D0%26s%3D4d78dcbbd9f0b2bb7edcf8cfab5a3fb6&mark-x=232&mark-y=500&s=c7d4ab1ddf46bd9168dd94f20771b121",
                "image_width": 476,
                "image_height": 250,
                "image_bytes": 40862,
                "fallback": "Qiita: 2021年の terraform-jp 振り返り - Qiita",
                "service_icon": "https:\/\/cdn.qiita.com\/assets\/favicons\/public\/apple-touch-icon-ec5ba42a24ae923f16825592efdc356f.png",
                "id": 1,
                "original_url": "https:\/\/qiita.com\/raki\/items\/d6d59b18185cc8fb2064"
            }
        ],
        "edited": {
            "user": "BG3N7LG73",
            "ts": "1638286002.000000"
        }
    },
    {
        "type": "message",
        "subtype": "bot_message",
        "text": "<https:\/\/www.reddit.com\/r\/Terraform\/comments\/r5ptzx\/how_to_manage_shared_resources_that_only_needs_to\/|How to manage shared resources that only needs to be created once>\nThere are quite a few resources that I need to create that are shared across all environments (ie. not specific to staging, production, etc), so it should only be created once. As an example, I have some IAM users, roles and groups that only should be created once, not once per environment. At what point in the CI\/CD pipeline should these be run How should it be created only once? Using count?  How should this be organised? All resources of this type to live in it's own module, and called it...",
        "ts": "1638286595.058700",
        "username": "Terraform",
        "icons": {
            "image_48": "https:\/\/s3-us-west-2.amazonaws.com\/slack-files2\/bot_icons\/2019-02-12\/548785199618_48.png"
        },
        "bot_id": "BG3N7LG73",
        "blocks": [
            {
                "type": "rich_text",
                "block_id": "tzYRA",
                "elements": [
                    {
                        "type": "rich_text_section",
                        "elements": [
                            {
                                "type": "link",
                                "url": "https:\/\/www.reddit.com\/r\/Terraform\/comments\/r5ptzx\/how_to_manage_shared_resources_that_only_needs_to\/",
                                "text": "How to manage shared resources that only needs to be created once"
                            },
                            {
                                "type": "text",
                                "text": "\nThere are quite a few resources that I need to create that are shared across all environments (ie. not specific to staging, production, etc), so it should only be created once. As an example, I have some IAM users, roles and groups that only should be created once, not once per environment. At what point in the CI\/CD pipeline should these be run How should it be created only once? Using count?  How should this be organised? All resources of this type to live in it's own module, and called it..."
                            }
                        ]
                    }
                ]
            }
        ],
        "attachments": [
            {
                "from_url": "https:\/\/www.reddit.com\/r\/Terraform\/comments\/r5ptzx\/how_to_manage_shared_resources_that_only_needs_to\/",
                "service_name": "reddit",
                "title": "How to manage shared resources that only needs to be created once",
                "title_link": "https:\/\/www.reddit.com\/r\/Terraform\/comments\/r5ptzx\/how_to_manage_shared_resources_that_only_needs_to\/",
                "text": "There are quite a few resources that I need to create that are shared across all environments (ie. not specific to staging, production, etc), so...",
                "thumb_url": "https:\/\/www.redditstatic.com\/new-icon.png",
                "thumb_width": 256,
                "thumb_height": 256,
                "fallback": "reddit: How to manage shared resources that only needs to be created once",
                "service_icon": "http:\/\/www.redditstatic.com\/desktop2x\/img\/favicon\/apple-icon-57x57.png",
                "id": 1,
                "original_url": "https:\/\/www.reddit.com\/r\/Terraform\/comments\/r5ptzx\/how_to_manage_shared_resources_that_only_needs_to\/"
            }
        ],
        "edited": {
            "user": "BG3N7LG73",
            "ts": "1638286595.000000"
        }
    },
    {
        "type": "message",
        "subtype": "bot_message",
        "text": "<https:\/\/www.reddit.com\/r\/Terraform\/comments\/r5txdc\/acquiringreleasing_lock_not_showing\/|Acquiring\/Releasing Lock not showing.>\nHello there \/Terraform I'll try to keep this short, if more details are needed please ask! I've recently set up a remote backend with S3 + DynamoDB. I can see the versioning is working with each change, likewise when I change something in the tfstate file and run apply if I look on AWS the dynamodb lock id changes too. Which leads me to believe locking is also configured correctly. Thing is, upon running apply I am not returned with \"Acquiring lock\", or \"Releasing lock\" upon completion....",
        "ts": "1638297993.058900",
        "username": "Terraform",
        "icons": {
            "image_48": "https:\/\/s3-us-west-2.amazonaws.com\/slack-files2\/bot_icons\/2019-02-12\/548785199618_48.png"
        },
        "bot_id": "BG3N7LG73",
        "blocks": [
            {
                "type": "rich_text",
                "block_id": "\/=9P",
                "elements": [
                    {
                        "type": "rich_text_section",
                        "elements": [
                            {
                                "type": "link",
                                "url": "https:\/\/www.reddit.com\/r\/Terraform\/comments\/r5txdc\/acquiringreleasing_lock_not_showing\/",
                                "text": "Acquiring\/Releasing Lock not showing."
                            },
                            {
                                "type": "text",
                                "text": "\nHello there \/Terraform I'll try to keep this short, if more details are needed please ask! I've recently set up a remote backend with S3 + DynamoDB. I can see the versioning is working with each change, likewise when I change something in the tfstate file and run apply if I look on AWS the dynamodb lock id changes too. Which leads me to believe locking is also configured correctly. Thing is, upon running apply I am not returned with \"Acquiring lock\", or \"Releasing lock\" upon completion...."
                            }
                        ]
                    }
                ]
            }
        ],
        "attachments": [
            {
                "from_url": "https:\/\/www.reddit.com\/r\/Terraform\/comments\/r5txdc\/acquiringreleasing_lock_not_showing\/",
                "service_name": "reddit",
                "title": "Acquiring\/Releasing Lock not showing.",
                "title_link": "https:\/\/www.reddit.com\/r\/Terraform\/comments\/r5txdc\/acquiringreleasing_lock_not_showing\/",
                "text": "Hello there \/Terraform I'll try to keep this short, if more details are needed please ask! I've recently set up a remote backend with S3 +...",
                "thumb_url": "https:\/\/www.redditstatic.com\/new-icon.png",
                "thumb_width": 256,
                "thumb_height": 256,
                "fallback": "reddit: Acquiring\/Releasing Lock not showing.",
                "service_icon": "http:\/\/www.redditstatic.com\/desktop2x\/img\/favicon\/apple-icon-57x57.png",
                "id": 1,
                "original_url": "https:\/\/www.reddit.com\/r\/Terraform\/comments\/r5txdc\/acquiringreleasing_lock_not_showing\/"
            }
        ],
        "edited": {
            "user": "BG3N7LG73",
            "ts": "1638297994.000000"
        }
    },
    {
        "type": "message",
        "subtype": "bot_message",
        "text": "<https:\/\/www.reddit.com\/r\/Terraform\/comments\/r62gka\/question_about_azurerm_provider\/|Question about azurerm provider>\nHello. I am curious about how to enable Azure Defender on my resources via terraform. Something that seemed closely related to this is this resource: <https:\/\/registry.terraform.io\/providers\/hashicorp\/azurerm\/latest\/docs\/resources\/advanced_threat_protection|https:\/\/registry.terraform.io\/providers\/hashicorp\/azurerm\/latest\/docs\/resources\/advanced_threat_protection> I didn't find an exact resource that represents how to turn azure defender on for multiple services. Is there a way to...",
        "ts": "1638321996.059100",
        "username": "Terraform",
        "icons": {
            "image_48": "https:\/\/s3-us-west-2.amazonaws.com\/slack-files2\/bot_icons\/2019-02-12\/548785199618_48.png"
        },
        "bot_id": "BG3N7LG73",
        "blocks": [
            {
                "type": "rich_text",
                "block_id": "lNu",
                "elements": [
                    {
                        "type": "rich_text_section",
                        "elements": [
                            {
                                "type": "link",
                                "url": "https:\/\/www.reddit.com\/r\/Terraform\/comments\/r62gka\/question_about_azurerm_provider\/",
                                "text": "Question about azurerm provider"
                            },
                            {
                                "type": "text",
                                "text": "\nHello. I am curious about how to enable Azure Defender on my resources via terraform. Something that seemed closely related to this is this resource: "
                            },
                            {
                                "type": "link",
                                "url": "https:\/\/registry.terraform.io\/providers\/hashicorp\/azurerm\/latest\/docs\/resources\/advanced_threat_protection"
                            },
                            {
                                "type": "text",
                                "text": " I didn't find an exact resource that represents how to turn azure defender on for multiple services. Is there a way to..."
                            }
                        ]
                    }
                ]
            }
        ],
        "attachments": [
            {
                "from_url": "https:\/\/www.reddit.com\/r\/Terraform\/comments\/r62gka\/question_about_azurerm_provider\/",
                "service_name": "reddit",
                "title": "Question about azurerm provider",
                "title_link": "https:\/\/www.reddit.com\/r\/Terraform\/comments\/r62gka\/question_about_azurerm_provider\/",
                "text": "Hello. I am curious about how to enable Azure Defender on my resources via terraform. Something that seemed closely related to this is this...",
                "thumb_url": "https:\/\/www.redditstatic.com\/new-icon.png",
                "thumb_width": 256,
                "thumb_height": 256,
                "fallback": "reddit: Question about azurerm provider",
                "service_icon": "http:\/\/www.redditstatic.com\/desktop2x\/img\/favicon\/apple-icon-57x57.png",
                "id": 1,
                "original_url": "https:\/\/www.reddit.com\/r\/Terraform\/comments\/r62gka\/question_about_azurerm_provider\/"
            }
        ],
        "edited": {
            "user": "BG3N7LG73",
            "ts": "1638321996.000000"
        }
    },
    {
        "type": "message",
        "subtype": "bot_message",
        "text": "<https:\/\/www.reddit.com\/r\/Terraform\/comments\/r633yf\/multi_stage_environments\/|Multi stage environments>\n​ Howdy folks. Terraform newbie here, trying to get my head wrapped around some things, would appreciate being educated... I've got an environment deploying into AWS (like many people, I imagine, I started with an environment I built with AWS console + CLI that I'm trying to back-my-way-into a terraform script). It consists of some S3 buckets, a VPC, and a few other resources.  I can deploy the entire thing, and tear down the entire thing. However, those S3 buckets have some data in them that...",
        "ts": "1638322596.059300",
        "username": "Terraform",
        "icons": {
            "image_48": "https:\/\/s3-us-west-2.amazonaws.com\/slack-files2\/bot_icons\/2019-02-12\/548785199618_48.png"
        },
        "bot_id": "BG3N7LG73",
        "blocks": [
            {
                "type": "rich_text",
                "block_id": "r9u4s",
                "elements": [
                    {
                        "type": "rich_text_section",
                        "elements": [
                            {
                                "type": "link",
                                "url": "https:\/\/www.reddit.com\/r\/Terraform\/comments\/r633yf\/multi_stage_environments\/",
                                "text": "Multi stage environments"
                            },
                            {
                                "type": "text",
                                "text": "\n Howdy folks. Terraform newbie here, trying to get my head wrapped around some things, would appreciate being educated... I've got an environment deploying into AWS (like many people, I imagine, I started with an environment I built with AWS console + CLI that I'm trying to back-my-way-into a terraform script). It consists of some S3 buckets, a VPC, and a few other resources.  I can deploy the entire thing, and tear down the entire thing. However, those S3 buckets have some data in them that..."
                            }
                        ]
                    }
                ]
            }
        ],
        "attachments": [
            {
                "from_url": "https:\/\/www.reddit.com\/r\/Terraform\/comments\/r633yf\/multi_stage_environments\/",
                "service_name": "reddit",
                "title": "Multi stage environments",
                "title_link": "https:\/\/www.reddit.com\/r\/Terraform\/comments\/r633yf\/multi_stage_environments\/",
                "text": "&amp;#x200B; Howdy folks. Terraform newbie here, trying to get my head wrapped around some things, would appreciate being educated... I've got an...",
                "thumb_url": "https:\/\/www.redditstatic.com\/new-icon.png",
                "thumb_width": 256,
                "thumb_height": 256,
                "fallback": "reddit: Multi stage environments",
                "service_icon": "http:\/\/www.redditstatic.com\/desktop2x\/img\/favicon\/apple-icon-57x57.png",
                "id": 1,
                "original_url": "https:\/\/www.reddit.com\/r\/Terraform\/comments\/r633yf\/multi_stage_environments\/"
            }
        ],
        "edited": {
            "user": "BG3N7LG73",
            "ts": "1638322596.000000"
        }
    },
    {
        "type": "message",
        "subtype": "bot_message",
        "text": "<https:\/\/www.reddit.com\/r\/Terraform\/comments\/r699mq\/introduction_to_terraform_basics\/|Introduction To Terraform Basics>\nsubmitted by   <https:\/\/www.reddit.com\/user\/PavanBelagatti| \/u\/PavanBelagatti > \n<https:\/\/youtu.be\/mzgfHmDRamk|[link]>   <https:\/\/www.reddit.com\/r\/Terraform\/comments\/r699mq\/introduction_to_terraform_basics\/|[comments]>",
        "ts": "1638344791.059500",
        "username": "Terraform",
        "icons": {
            "image_48": "https:\/\/s3-us-west-2.amazonaws.com\/slack-files2\/bot_icons\/2019-02-12\/548785199618_48.png"
        },
        "bot_id": "BG3N7LG73",
        "blocks": [
            {
                "type": "rich_text",
                "block_id": "f1e",
                "elements": [
                    {
                        "type": "rich_text_section",
                        "elements": [
                            {
                                "type": "link",
                                "url": "https:\/\/www.reddit.com\/r\/Terraform\/comments\/r699mq\/introduction_to_terraform_basics\/",
                                "text": "Introduction To Terraform Basics"
                            },
                            {
                                "type": "text",
                                "text": "\nsubmitted by   "
                            },
                            {
                                "type": "link",
                                "url": "https:\/\/www.reddit.com\/user\/PavanBelagatti",
                                "text": "\/u\/PavanBelagatti"
                            },
                            {
                                "type": "text",
                                "text": " \n"
                            },
                            {
                                "type": "link",
                                "url": "https:\/\/youtu.be\/mzgfHmDRamk",
                                "text": "[link]"
                            },
                            {
                                "type": "text",
                                "text": "   "
                            },
                            {
                                "type": "link",
                                "url": "https:\/\/www.reddit.com\/r\/Terraform\/comments\/r699mq\/introduction_to_terraform_basics\/",
                                "text": "[comments]"
                            }
                        ]
                    }
                ]
            }
        ],
        "attachments": [
            {
                "from_url": "https:\/\/www.reddit.com\/r\/Terraform\/comments\/r699mq\/introduction_to_terraform_basics\/",
                "service_name": "reddit",
                "title": "Introduction To Terraform Basics",
                "title_link": "https:\/\/www.reddit.com\/r\/Terraform\/comments\/r699mq\/introduction_to_terraform_basics\/",
                "text": "Posted in r\/Terraform by u\/PavanBelagatti • 1 point and 0 comments",
                "image_url": "https:\/\/i.ytimg.com\/vi\/mzgfHmDRamk\/hqdefault.jpg",
                "image_width": 333,
                "image_height": 250,
                "image_bytes": 23885,
                "fallback": "reddit: Introduction To Terraform Basics",
                "service_icon": "http:\/\/www.redditstatic.com\/desktop2x\/img\/favicon\/apple-icon-57x57.png",
                "id": 1,
                "original_url": "https:\/\/www.reddit.com\/r\/Terraform\/comments\/r699mq\/introduction_to_terraform_basics\/"
            },
            {
                "from_url": "https:\/\/www.reddit.com\/user\/PavanBelagatti",
                "title": "overview for PavanBelagatti",
                "title_link": "https:\/\/www.reddit.com\/user\/PavanBelagatti",
                "text": "Let's talk culture first!.",
                "fallback": "overview for PavanBelagatti",
                "service_icon": "http:\/\/www.redditstatic.com\/desktop2x\/img\/favicon\/apple-icon-57x57.png",
                "service_name": "reddit.com",
                "id": 2,
                "original_url": "https:\/\/www.reddit.com\/user\/PavanBelagatti"
            },
            {
                "from_url": "https:\/\/youtu.be\/mzgfHmDRamk",
                "service_name": "YouTube",
                "service_url": "https:\/\/www.youtube.com\/",
                "title": "Introduction To Terraform Basics",
                "title_link": "https:\/\/youtu.be\/mzgfHmDRamk",
                "author_name": "KodeKloud",
                "author_link": "https:\/\/www.youtube.com\/c\/KodeKloud",
                "video_html": "<iframe width=\"400\" height=\"225\" src=\"https:\/\/www.youtube.com\/embed\/mzgfHmDRamk?feature=oembed&autoplay=1&iv_load_policy=3\" frameborder=\"0\" allow=\"accelerometer; autoplay; clipboard-write; encrypted-media; gyroscope; picture-in-picture\" allowfullscreen><\/iframe>",
                "video_html_width": 400,
                "video_html_height": 225,
                "fallback": "YouTube Video: Introduction To Terraform Basics",
                "thumb_url": "https:\/\/i.ytimg.com\/vi\/mzgfHmDRamk\/hqdefault.jpg",
                "thumb_width": 480,
                "thumb_height": 360,
                "service_icon": "https:\/\/a.slack-edge.com\/80588\/img\/unfurl_icons\/youtube.png",
                "id": 3,
                "original_url": "https:\/\/youtu.be\/mzgfHmDRamk"
            }
        ],
        "edited": {
            "user": "BG3N7LG73",
            "ts": "1638344792.000000"
        }
    }
]