[
    {
        "type": "message",
        "subtype": "bot_message",
        "text": "<https:\/\/www.reddit.com\/r\/Terraform\/comments\/razouc\/production_level_aks_cluster_using_terraform\/|Production level AKS Cluster using Terraform>\nHello, I'm looking for some links where we have the creation of Azure Kubernetes Service with terraform which includes creation of new Vnets, security groups, Ingress rules etc etc..  There is no much context on the official terraform site.. Please help here    submitted by   <https:\/\/www.reddit.com\/user\/Rajj_1710| \/u\/Rajj_1710 > \n<https:\/\/www.reddit.com\/r\/Terraform\/comments\/razouc\/production_level_aks_cluster_using_terraform\/|[link]>   &lt;a...",
        "ts": "1638885994.070000",
        "username": "Terraform",
        "icons": {
            "image_48": "https:\/\/s3-us-west-2.amazonaws.com\/slack-files2\/bot_icons\/2019-02-12\/548785199618_48.png"
        },
        "bot_id": "BG3N7LG73",
        "blocks": [
            {
                "type": "rich_text",
                "block_id": "tpvSI",
                "elements": [
                    {
                        "type": "rich_text_section",
                        "elements": [
                            {
                                "type": "link",
                                "url": "https:\/\/www.reddit.com\/r\/Terraform\/comments\/razouc\/production_level_aks_cluster_using_terraform\/",
                                "text": "Production level AKS Cluster using Terraform"
                            },
                            {
                                "type": "text",
                                "text": "\nHello, I'm looking for some links where we have the creation of Azure Kubernetes Service with terraform which includes creation of new Vnets, security groups, Ingress rules etc etc..  There is no much context on the official terraform site.. Please help here    submitted by   "
                            },
                            {
                                "type": "link",
                                "url": "https:\/\/www.reddit.com\/user\/Rajj_1710",
                                "text": "\/u\/Rajj_1710"
                            },
                            {
                                "type": "text",
                                "text": " \n"
                            },
                            {
                                "type": "link",
                                "url": "https:\/\/www.reddit.com\/r\/Terraform\/comments\/razouc\/production_level_aks_cluster_using_terraform\/",
                                "text": "[link]"
                            },
                            {
                                "type": "text",
                                "text": "   <a..."
                            }
                        ]
                    }
                ]
            }
        ],
        "attachments": [
            {
                "from_url": "https:\/\/www.reddit.com\/user\/Rajj_1710",
                "title": "overview for Rajj_1710",
                "title_link": "https:\/\/www.reddit.com\/user\/Rajj_1710",
                "text": "The u\/Rajj_1710 community on Reddit. Reddit gives you the best of the internet in one place.",
                "fallback": "overview for Rajj_1710",
                "service_icon": "http:\/\/www.redditstatic.com\/desktop2x\/img\/favicon\/apple-icon-57x57.png",
                "service_name": "reddit.com",
                "id": 1,
                "original_url": "https:\/\/www.reddit.com\/user\/Rajj_1710"
            }
        ],
        "edited": {
            "user": "BG3N7LG73",
            "ts": "1638885994.000000"
        }
    },
    {
        "type": "message",
        "subtype": "bot_message",
        "text": "<https:\/\/www.reddit.com\/r\/Terraform\/comments\/razzlq\/blog_install_and_configure_terraform_on_windows\/|[Blog] Install and Configure Terraform on Windows | Jeff Brown Tech>\nsubmitted by   <https:\/\/www.reddit.com\/user\/jeffbrowntech| \/u\/jeffbrowntech > \n<https:\/\/jeffbrown.tech\/install-terraform-windows\/|[link]>   <https:\/\/www.reddit.com\/r\/Terraform\/comments\/razzlq\/blog_install_and_configure_terraform_on_windows\/|[comments]>",
        "ts": "1638886597.070200",
        "username": "Terraform",
        "icons": {
            "image_48": "https:\/\/s3-us-west-2.amazonaws.com\/slack-files2\/bot_icons\/2019-02-12\/548785199618_48.png"
        },
        "bot_id": "BG3N7LG73",
        "blocks": [
            {
                "type": "rich_text",
                "block_id": "Kk0QY",
                "elements": [
                    {
                        "type": "rich_text_section",
                        "elements": [
                            {
                                "type": "link",
                                "url": "https:\/\/www.reddit.com\/r\/Terraform\/comments\/razzlq\/blog_install_and_configure_terraform_on_windows\/",
                                "text": "[Blog] Install and Configure Terraform on Windows | Jeff Brown Tech"
                            },
                            {
                                "type": "text",
                                "text": "\nsubmitted by   "
                            },
                            {
                                "type": "link",
                                "url": "https:\/\/www.reddit.com\/user\/jeffbrowntech",
                                "text": "\/u\/jeffbrowntech"
                            },
                            {
                                "type": "text",
                                "text": " \n"
                            },
                            {
                                "type": "link",
                                "url": "https:\/\/jeffbrown.tech\/install-terraform-windows\/",
                                "text": "[link]"
                            },
                            {
                                "type": "text",
                                "text": "   "
                            },
                            {
                                "type": "link",
                                "url": "https:\/\/www.reddit.com\/r\/Terraform\/comments\/razzlq\/blog_install_and_configure_terraform_on_windows\/",
                                "text": "[comments]"
                            }
                        ]
                    }
                ]
            }
        ],
        "attachments": [
            {
                "from_url": "https:\/\/www.reddit.com\/r\/Terraform\/comments\/razzlq\/blog_install_and_configure_terraform_on_windows\/",
                "service_name": "reddit",
                "title": "[Blog] Install and Configure Terraform on Windows | Jeff Brown Tech",
                "title_link": "https:\/\/www.reddit.com\/r\/Terraform\/comments\/razzlq\/blog_install_and_configure_terraform_on_windows\/",
                "text": "Posted in r\/Terraform by u\/jeffbrowntech • 0 points and 0 comments",
                "thumb_url": "https:\/\/a.thumbs.redditmedia.com\/NH6nkeu4IOHVTOkRF531ksHg-Qm5C7B0-_L1nyloVk8.jpg",
                "thumb_width": 140,
                "thumb_height": 93,
                "fallback": "reddit: [Blog] Install and Configure Terraform on Windows | Jeff Brown Tech",
                "service_icon": "http:\/\/www.redditstatic.com\/desktop2x\/img\/favicon\/apple-icon-57x57.png",
                "id": 1,
                "original_url": "https:\/\/www.reddit.com\/r\/Terraform\/comments\/razzlq\/blog_install_and_configure_terraform_on_windows\/"
            },
            {
                "from_url": "https:\/\/www.reddit.com\/user\/jeffbrowntech",
                "title": "overview for jeffbrowntech",
                "title_link": "https:\/\/www.reddit.com\/user\/jeffbrowntech",
                "text": "Cloud Administrator and DevOps Engineer focusing on Microsoft 365, Azure, and PowerShell. Blogger @ jeffbrown.tech, course instructor at Cybrary,...",
                "fallback": "overview for jeffbrowntech",
                "service_icon": "http:\/\/www.redditstatic.com\/desktop2x\/img\/favicon\/apple-icon-57x57.png",
                "service_name": "reddit.com",
                "id": 2,
                "original_url": "https:\/\/www.reddit.com\/user\/jeffbrowntech"
            },
            {
                "from_url": "https:\/\/jeffbrown.tech\/install-terraform-windows\/",
                "service_name": "Jeff Brown Tech",
                "title": "Install and Configure Terraform on Windows | Jeff Brown Tech",
                "title_link": "https:\/\/jeffbrown.tech\/install-terraform-windows\/",
                "text": "The Terraform binary provides a CLI workflow. Learn how to install and configure Terraform tool on your Windows systems.",
                "fields": [
                    {
                        "title": "Written by",
                        "value": "Jeff Brown",
                        "short": true
                    },
                    {
                        "title": "Est. reading time",
                        "value": "4 minutes",
                        "short": true
                    }
                ],
                "ts": 1638885600,
                "image_url": "https:\/\/jeffbrown.tech\/wp-content\/uploads\/2021\/12\/vu2r3pqstru.jpg",
                "image_width": 375,
                "image_height": 250,
                "image_bytes": 232278,
                "fallback": "Jeff Brown Tech: Install and Configure Terraform on Windows | Jeff Brown Tech",
                "service_icon": "https:\/\/jeffbrown.tech\/wp-content\/uploads\/2020\/05\/cropped-websiteicon-2-180x180.png",
                "id": 3,
                "original_url": "https:\/\/jeffbrown.tech\/install-terraform-windows\/"
            }
        ],
        "edited": {
            "user": "BG3N7LG73",
            "ts": "1638886597.000000"
        }
    },
    {
        "type": "message",
        "subtype": "bot_message",
        "text": "<https:\/\/qiita.com\/NaotoFushimi\/items\/b0131ac2b2a7252f73ad|TerraformでやってきたLambdaデプロイの試行錯誤と最近の運用>\nこの記事はWanoグループ Advent Calendar 2021  \/ 6日目の記事になります。。\n\nterraformユーザーの皆様は Lambda や StepFunctions などのデプロイどうしてますか?\nプロジェクト構成によっていろんなパターンがあるかと思いますが、少し前までは結構悩んでるユーザーが多かったように記憶しています。 \n特に弊社ではデプロイ間の依存や順番、リポジトリ構成の都合で大いに悩みました。\n弊社でいままで使用\/検討したものを振り返りつつ、プロジェクトで固まってきた運用を紹介します。\n\n\nいままでにやってきた\/検討したデプロイ\n\n現行関わっているプロジェクトの特徴として、アプリ\/ビジネスロジック系リポジトリとIaC専用リポジトリが別である ということがあります。  \n\n\n\n運用が決まるまでの苦しみや試行錯誤もこの要件にまつわるものである点にご留意ください。   \n\n\n1. そのままterraformのLambdaモジュールを使い、IaCリポジトリ側に置く (local code)...",
        "ts": "1638888999.070400",
        "username": "Terraformタグが付けられた新着記事 - Qiita",
        "icons": {
            "image_36": "https:\/\/a.slack-edge.com\/80588\/img\/services\/rss_36.png",
            "image_48": "https:\/\/a.slack-edge.com\/80588\/img\/services\/rss_48.png",
            "image_72": "https:\/\/a.slack-edge.com\/80588\/img\/services\/rss_72.png"
        },
        "bot_id": "BG3N7LG73",
        "blocks": [
            {
                "type": "rich_text",
                "block_id": "6L4e",
                "elements": [
                    {
                        "type": "rich_text_section",
                        "elements": [
                            {
                                "type": "link",
                                "url": "https:\/\/qiita.com\/NaotoFushimi\/items\/b0131ac2b2a7252f73ad",
                                "text": "TerraformでやってきたLambdaデプロイの試行錯誤と最近の運用"
                            },
                            {
                                "type": "text",
                                "text": "\nこの記事はWanoグループ Advent Calendar 2021  \/ 6日目の記事になります。。\n\nterraformユーザーの皆様は Lambda や StepFunctions などのデプロイどうしてますか?\nプロジェクト構成によっていろんなパターンがあるかと思いますが、少し前までは結構悩んでるユーザーが多かったように記憶しています。 \n特に弊社ではデプロイ間の依存や順番、リポジトリ構成の都合で大いに悩みました。\n弊社でいままで使用\/検討したものを振り返りつつ、プロジェクトで固まってきた運用を紹介します。\n\n\n\nいままでにやってきた\/検討したデプロイ\n\n現行関わっているプロジェクトの特徴として、アプリ\/ビジネスロジック系リポジトリとIaC専用リポジトリが別である ということがあります。  \n\n\n\n\n\n運用が決まるまでの苦しみや試行錯誤もこの要件にまつわるものである点にご留意ください。   \n\n\n\n1. そのままterraformのLambdaモジュールを使い、IaCリポジトリ側に置く (local code)..."
                            }
                        ]
                    }
                ]
            }
        ],
        "attachments": [
            {
                "from_url": "https:\/\/qiita.com\/NaotoFushimi\/items\/b0131ac2b2a7252f73ad",
                "service_name": "Qiita",
                "title": "TerraformでやってきたLambdaデプロイの試行錯誤と最近の運用 - Qiita",
                "title_link": "https:\/\/qiita.com\/NaotoFushimi\/items\/b0131ac2b2a7252f73ad",
                "text": "この記事はWanoグループ Advent Calendar 2021 6日目の記事になります。。 terraformユーザーの皆様は Lambda や StepFunctions などの deploy どうしてますか? プロジェクト...",
                "image_url": "https:\/\/qiita-user-contents.imgix.net\/https%3A%2F%2Fqiita-user-contents.imgix.net%2Fhttps%253A%252F%252Fcdn.qiita.com%252Fassets%252Fpublic%252Farticle-ogp-background-9f5428127621718a910c8b63951390ad.png%3Fixlib%3Drb-4.0.0%26w%3D1200%26mark%3Dhttps%253A%252F%252Fqiita-user-contents.imgix.net%252F~text%253Fixlib%253Drb-4.0.0%2526w%253D916%2526txt64%253DVGVycmFmb3Jt44Gn44KE44Gj44Gm44GN44GfTGFtYmRh44OH44OX44Ot44Kk44Gu6Kmm6KGM6Yyv6Kqk44Go5pyA6L-R44Gu6YGL55So%2526txt-color%253D%252523212121%2526txt-font%253DHiragino%252520Sans%252520W6%2526txt-size%253D56%2526txt-clip%253Dellipsis%2526txt-align%253Dleft%25252Ctop%2526s%253Dc06e733d1f10771e09458c9c8815482e%26mark-x%3D142%26mark-y%3D112%26s%3D823d6deae73d0706a47dcfb8f08e7157?ixlib=rb-4.0.0&w=1200&mark=https%3A%2F%2Fqiita-user-contents.imgix.net%2F~text%3Fixlib%3Drb-4.0.0%26w%3D616%26txt64%3DQE5hb3RvRnVzaGltaQ%26txt-color%3D%2523212121%26txt-font%3DHiragino%2520Sans%2520W6%26txt-size%3D36%26txt-align%3Dleft%252Ctop%26s%3D0a9fa289a85d77f06042b8e4a550decc&mark-x=142&mark-y=491&s=482c7df5a0e1cdc2c1755e6ee99e619e",
                "image_width": 476,
                "image_height": 250,
                "image_bytes": 52013,
                "fallback": "Qiita: TerraformでやってきたLambdaデプロイの試行錯誤と最近の運用 - Qiita",
                "service_icon": "https:\/\/cdn.qiita.com\/assets\/favicons\/public\/apple-touch-icon-ec5ba42a24ae923f16825592efdc356f.png",
                "id": 1,
                "original_url": "https:\/\/qiita.com\/NaotoFushimi\/items\/b0131ac2b2a7252f73ad"
            }
        ],
        "edited": {
            "user": "BG3N7LG73",
            "ts": "1638889000.000000"
        }
    },
    {
        "type": "message",
        "subtype": "bot_message",
        "text": "<https:\/\/www.reddit.com\/r\/Terraform\/comments\/rb1b6i\/access_one_of_multiple_resource_instances\/|Access one of multiple resource instances>\nI'm using an object representing vSphere virtual machine data to instantiate folder and virtual machines. So far it's working, except for one thing - I cannot access the individual folder objects to get the path to pass to the VM resource. variable \"machines\" { default = { \"dns-01\" = { \"path\" : \"infra\/dns\", \"ip_int\" : \"x.x.x.x\", \"ip_storage\" : \"x.x.x.y\" } \/\/more hidden } } locals { folder_list_first_level = distinct(flatten([ for machine, props in var.machines : split(\"\/\",props.path)[0] ]))...",
        "ts": "1638890795.070600",
        "username": "Terraform",
        "icons": {
            "image_48": "https:\/\/s3-us-west-2.amazonaws.com\/slack-files2\/bot_icons\/2019-02-12\/548785199618_48.png"
        },
        "bot_id": "BG3N7LG73",
        "blocks": [
            {
                "type": "rich_text",
                "block_id": "Le1Nj",
                "elements": [
                    {
                        "type": "rich_text_section",
                        "elements": [
                            {
                                "type": "link",
                                "url": "https:\/\/www.reddit.com\/r\/Terraform\/comments\/rb1b6i\/access_one_of_multiple_resource_instances\/",
                                "text": "Access one of multiple resource instances"
                            },
                            {
                                "type": "text",
                                "text": "\nI'm using an object representing vSphere virtual machine data to instantiate folder and virtual machines. So far it's working, except for one thing - I cannot access the individual folder objects to get the path to pass to the VM resource. variable \"machines\" { default = { \"dns-01\" = { \"path\" : \"infra\/dns\", \"ip_int\" : \"x.x.x.x\", \"ip_storage\" : \"x.x.x.y\" } \/\/more hidden } } locals { folder_list_first_level = distinct(flatten([ for machine, props in var.machines : split(\"\/\",props.path)[0] ]))..."
                            }
                        ]
                    }
                ]
            }
        ],
        "attachments": [
            {
                "from_url": "https:\/\/www.reddit.com\/r\/Terraform\/comments\/rb1b6i\/access_one_of_multiple_resource_instances\/",
                "service_name": "reddit",
                "title": "Access one of multiple resource instances",
                "title_link": "https:\/\/www.reddit.com\/r\/Terraform\/comments\/rb1b6i\/access_one_of_multiple_resource_instances\/",
                "text": "I'm using an object representing vSphere virtual machine data to instantiate folder and virtual machines. So far it's working, except for one...",
                "thumb_url": "https:\/\/www.redditstatic.com\/new-icon.png",
                "thumb_width": 256,
                "thumb_height": 256,
                "fallback": "reddit: Access one of multiple resource instances",
                "service_icon": "http:\/\/www.redditstatic.com\/desktop2x\/img\/favicon\/apple-icon-57x57.png",
                "id": 1,
                "original_url": "https:\/\/www.reddit.com\/r\/Terraform\/comments\/rb1b6i\/access_one_of_multiple_resource_instances\/"
            }
        ],
        "edited": {
            "user": "BG3N7LG73",
            "ts": "1638890795.000000"
        }
    },
    {
        "type": "message",
        "subtype": "bot_message",
        "text": "<https:\/\/www.reddit.com\/r\/Terraform\/comments\/rb21ub\/how_do_you_handle_azuregoogle_cloud_creds_in\/|How do you handle Azure\/Google cloud creds in GitHub Actions?>\nI've recently been working on a new set of <https:\/\/github.com\/infracost\/actions\/|composable GitHub actions> to run the open source Infracost project in CI\/CD pipelines. For AWS, I see users using <https:\/\/github.com\/aws-actions\/configure-aws-credentials|https:\/\/github.com\/aws-actions\/configure-aws-credentials> to setup their creds (Terraform then uses those).  How do Azure and Google cloud users setup their creds with GitHub Actions? Do people usually just use the env...",
        "ts": "1638892598.070800",
        "username": "Terraform",
        "icons": {
            "image_48": "https:\/\/s3-us-west-2.amazonaws.com\/slack-files2\/bot_icons\/2019-02-12\/548785199618_48.png"
        },
        "bot_id": "BG3N7LG73",
        "blocks": [
            {
                "type": "rich_text",
                "block_id": "SNy=9",
                "elements": [
                    {
                        "type": "rich_text_section",
                        "elements": [
                            {
                                "type": "link",
                                "url": "https:\/\/www.reddit.com\/r\/Terraform\/comments\/rb21ub\/how_do_you_handle_azuregoogle_cloud_creds_in\/",
                                "text": "How do you handle Azure\/Google cloud creds in GitHub Actions?"
                            },
                            {
                                "type": "text",
                                "text": "\nI've recently been working on a new set of "
                            },
                            {
                                "type": "link",
                                "url": "https:\/\/github.com\/infracost\/actions\/",
                                "text": "composable GitHub actions"
                            },
                            {
                                "type": "text",
                                "text": " to run the open source Infracost project in CI\/CD pipelines. For AWS, I see users using "
                            },
                            {
                                "type": "link",
                                "url": "https:\/\/github.com\/aws-actions\/configure-aws-credentials"
                            },
                            {
                                "type": "text",
                                "text": " to setup their creds (Terraform then uses those).  How do Azure and Google cloud users setup their creds with GitHub Actions? Do people usually just use the env..."
                            }
                        ]
                    }
                ]
            }
        ],
        "attachments": [
            {
                "from_url": "https:\/\/www.reddit.com\/r\/Terraform\/comments\/rb21ub\/how_do_you_handle_azuregoogle_cloud_creds_in\/",
                "service_name": "reddit",
                "title": "How do you handle Azure\/Google cloud creds in GitHub Actions?",
                "title_link": "https:\/\/www.reddit.com\/r\/Terraform\/comments\/rb21ub\/how_do_you_handle_azuregoogle_cloud_creds_in\/",
                "text": "I've recently been working on a new set of [composable GitHub actions](<https:\/\/github.com\/infracost\/actions\/>) to run the open source Infracost...",
                "thumb_url": "https:\/\/www.redditstatic.com\/new-icon.png",
                "thumb_width": 256,
                "thumb_height": 256,
                "fallback": "reddit: How do you handle Azure\/Google cloud creds in GitHub Actions?",
                "service_icon": "http:\/\/www.redditstatic.com\/desktop2x\/img\/favicon\/apple-icon-57x57.png",
                "id": 1,
                "original_url": "https:\/\/www.reddit.com\/r\/Terraform\/comments\/rb21ub\/how_do_you_handle_azuregoogle_cloud_creds_in\/"
            },
            {
                "from_url": "https:\/\/github.com\/infracost\/actions\/",
                "service_name": "GitHub",
                "title": "GitHub - infracost\/actions: A set of GitHub actions for Infracost.  See cloud cost estimates for Terraform in pull requests. :moneybag::chart_with_downwards_trend: Love your cloud bill!",
                "title_link": "https:\/\/github.com\/infracost\/actions\/",
                "text": "A set of GitHub actions for Infracost. See cloud cost estimates for Terraform in pull requests. :moneybag::chart_with_downwards_trend: Love your cloud bill! - GitHub - infracost\/actions: A set of GitHub actions for Infracost. See ...",
                "image_url": "https:\/\/repository-images.githubusercontent.com\/427451415\/ae7cc197-bff7-4228-b1c5-b8d0bccac056",
                "image_width": 577,
                "image_height": 250,
                "image_bytes": 150374,
                "fallback": "GitHub: GitHub - infracost\/actions: A set of GitHub actions for Infracost.  See cloud cost estimates for Terraform in pull requests. :moneybag::chart_with_downwards_trend: Love your cloud bill!",
                "service_icon": "https:\/\/a.slack-edge.com\/80588\/img\/unfurl_icons\/github.png",
                "id": 2,
                "original_url": "https:\/\/github.com\/infracost\/actions\/"
            },
            {
                "from_url": "https:\/\/github.com\/aws-actions\/configure-aws-credentials",
                "service_name": "GitHub",
                "title": "GitHub - aws-actions\/configure-aws-credentials: Configure AWS credential environment variables for use in other GitHub Actions.",
                "title_link": "https:\/\/github.com\/aws-actions\/configure-aws-credentials",
                "text": "Configure AWS credential environment variables for use in other GitHub Actions. - GitHub - aws-actions\/configure-aws-credentials: Configure AWS credential environment variables for use in other Git...",
                "image_url": "https:\/\/opengraph.githubassets.com\/b164cd0c82b790fc983f5fb310ad1ebd932d9673ef2be6f682f25aa3fe6e6a90\/aws-actions\/configure-aws-credentials",
                "image_width": 500,
                "image_height": 250,
                "image_bytes": 70824,
                "fallback": "GitHub: GitHub - aws-actions\/configure-aws-credentials: Configure AWS credential environment variables for use in other GitHub Actions.",
                "service_icon": "https:\/\/a.slack-edge.com\/80588\/img\/unfurl_icons\/github.png",
                "id": 3,
                "original_url": "https:\/\/github.com\/aws-actions\/configure-aws-credentials"
            }
        ],
        "edited": {
            "user": "BG3N7LG73",
            "ts": "1638892598.000000"
        }
    },
    {
        "type": "message",
        "subtype": "bot_message",
        "text": "<https:\/\/www.reddit.com\/r\/Terraform\/comments\/rb6tz5\/using_run_variables_with_remote_state\/|Using run variables with remote state>\nI am building a deployment pipeline with GitHub Actions for an application deployed into AWS ECS. The image I want to deploy is in ECR. So I want to pass a variable into the ECS task definition to specify the tag of the image. I am using Terraform Cloud to house my remote state. I added a variable to my project:- variable \"app_version\" {   description = \"The application version to deploy\" type = string } Then ran terraform like so terraform apply -var=\"app_version=v0.0.1\" I got an error about...",
        "ts": "1638905195.071000",
        "username": "Terraform",
        "icons": {
            "image_48": "https:\/\/s3-us-west-2.amazonaws.com\/slack-files2\/bot_icons\/2019-02-12\/548785199618_48.png"
        },
        "bot_id": "BG3N7LG73",
        "blocks": [
            {
                "type": "rich_text",
                "block_id": "QLpyh",
                "elements": [
                    {
                        "type": "rich_text_section",
                        "elements": [
                            {
                                "type": "link",
                                "url": "https:\/\/www.reddit.com\/r\/Terraform\/comments\/rb6tz5\/using_run_variables_with_remote_state\/",
                                "text": "Using run variables with remote state"
                            },
                            {
                                "type": "text",
                                "text": "\nI am building a deployment pipeline with GitHub Actions for an application deployed into AWS ECS. The image I want to deploy is in ECR. So I want to pass a variable into the ECS task definition to specify the tag of the image. I am using Terraform Cloud to house my remote state. I added a variable to my project:- variable \"app_version\" {   description = \"The application version to deploy\" type = string } Then ran terraform like so terraform apply -var=\"app_version=v0.0.1\" I got an error about..."
                            }
                        ]
                    }
                ]
            }
        ],
        "attachments": [
            {
                "from_url": "https:\/\/www.reddit.com\/r\/Terraform\/comments\/rb6tz5\/using_run_variables_with_remote_state\/",
                "thumb_url": "https:\/\/www.redditstatic.com\/new-icon.png",
                "thumb_width": 256,
                "thumb_height": 256,
                "service_icon": "http:\/\/www.redditstatic.com\/desktop2x\/img\/favicon\/apple-icon-57x57.png",
                "id": 1,
                "original_url": "https:\/\/www.reddit.com\/r\/Terraform\/comments\/rb6tz5\/using_run_variables_with_remote_state\/",
                "fallback": "reddit: Using run variables with remote state",
                "text": "I am building a deployment pipeline with GitHub Actions for an application deployed into AWS ECS. The image I want to deploy is in ECR. So I want...",
                "title": "Using run variables with remote state",
                "title_link": "https:\/\/www.reddit.com\/r\/Terraform\/comments\/rb6tz5\/using_run_variables_with_remote_state\/",
                "service_name": "reddit"
            }
        ],
        "edited": {
            "user": "BG3N7LG73",
            "ts": "1638905195.000000"
        }
    },
    {
        "type": "message",
        "subtype": "bot_message",
        "text": "<https:\/\/www.reddit.com\/r\/Terraform\/comments\/rb9a06\/role_assignment_on_resources_that_are_build_with\/|role assignment on resources that are build with count>\nI am creating resources based off a count. In my example these are azure container groups. Let's say I have 3 ACGs I've deployed. I am also creating Virtual Machines that have managed identities (system assigned MSIs) via count. I have a requirement where I need to get the MSIs to be contributor role on the ACIs. I've never done this before and not sure how to get passed the indexes. I am not against moving it to for_each but I'm assuming this has been solved before so would love to see an...",
        "ts": "1638911194.071200",
        "username": "Terraform",
        "icons": {
            "image_48": "https:\/\/s3-us-west-2.amazonaws.com\/slack-files2\/bot_icons\/2019-02-12\/548785199618_48.png"
        },
        "bot_id": "BG3N7LG73",
        "blocks": [
            {
                "type": "rich_text",
                "block_id": "wWH=b",
                "elements": [
                    {
                        "type": "rich_text_section",
                        "elements": [
                            {
                                "type": "link",
                                "url": "https:\/\/www.reddit.com\/r\/Terraform\/comments\/rb9a06\/role_assignment_on_resources_that_are_build_with\/",
                                "text": "role assignment on resources that are build with count"
                            },
                            {
                                "type": "text",
                                "text": "\nI am creating resources based off a count. In my example these are azure container groups. Let's say I have 3 ACGs I've deployed. I am also creating Virtual Machines that have managed identities (system assigned MSIs) via count. I have a requirement where I need to get the MSIs to be contributor role on the ACIs. I've never done this before and not sure how to get passed the indexes. I am not against moving it to for_each but I'm assuming this has been solved before so would love to see an..."
                            }
                        ]
                    }
                ]
            }
        ],
        "attachments": [
            {
                "from_url": "https:\/\/www.reddit.com\/r\/Terraform\/comments\/rb9a06\/role_assignment_on_resources_that_are_build_with\/",
                "thumb_url": "https:\/\/www.redditstatic.com\/new-icon.png",
                "thumb_width": 256,
                "thumb_height": 256,
                "service_icon": "http:\/\/www.redditstatic.com\/desktop2x\/img\/favicon\/apple-icon-57x57.png",
                "id": 1,
                "original_url": "https:\/\/www.reddit.com\/r\/Terraform\/comments\/rb9a06\/role_assignment_on_resources_that_are_build_with\/",
                "fallback": "reddit: role assignment on resources that are build with count",
                "text": "I am creating resources based off a count. In my example these are azure container groups. Let's say I have 3 ACGs I've deployed. I am also...",
                "title": "role assignment on resources that are build with count",
                "title_link": "https:\/\/www.reddit.com\/r\/Terraform\/comments\/rb9a06\/role_assignment_on_resources_that_are_build_with\/",
                "service_name": "reddit"
            }
        ],
        "edited": {
            "user": "BG3N7LG73",
            "ts": "1638911194.000000"
        }
    },
    {
        "type": "message",
        "subtype": "bot_message",
        "text": "<https:\/\/www.reddit.com\/r\/Terraform\/comments\/rbbbhj\/is_terraform_cloud_extremely_slow_for_you\/|Is Terraform Cloud extremely slow for you?>\nThis has been going on a while and getting worse, but the majority of the time I spend running Terraform is dominated by sitting around, waiting for Terraform Cloud to start doing anything. I will often start running a plan or apply, and it will be five minutes before Terraform even initializes the backend.  For example, Terraform immediately prints out \"Terraform v0.13.2\" but then five minutes elapse before it prints \"Configuring remote state backend...\" This happens for remote execution in...",
        "ts": "1638917197.071400",
        "username": "Terraform",
        "icons": {
            "image_48": "https:\/\/s3-us-west-2.amazonaws.com\/slack-files2\/bot_icons\/2019-02-12\/548785199618_48.png"
        },
        "bot_id": "BG3N7LG73",
        "blocks": [
            {
                "type": "rich_text",
                "block_id": "W5NOU",
                "elements": [
                    {
                        "type": "rich_text_section",
                        "elements": [
                            {
                                "type": "link",
                                "url": "https:\/\/www.reddit.com\/r\/Terraform\/comments\/rbbbhj\/is_terraform_cloud_extremely_slow_for_you\/",
                                "text": "Is Terraform Cloud extremely slow for you?"
                            },
                            {
                                "type": "text",
                                "text": "\nThis has been going on a while and getting worse, but the majority of the time I spend running Terraform is dominated by sitting around, waiting for Terraform Cloud to start doing anything. I will often start running a plan or apply, and it will be five minutes before Terraform even initializes the backend.  For example, Terraform immediately prints out \"Terraform v0.13.2\" but then five minutes elapse before it prints \"Configuring remote state backend...\" This happens for remote execution in..."
                            }
                        ]
                    }
                ]
            }
        ],
        "attachments": [
            {
                "from_url": "https:\/\/www.reddit.com\/r\/Terraform\/comments\/rbbbhj\/is_terraform_cloud_extremely_slow_for_you\/",
                "thumb_url": "https:\/\/www.redditstatic.com\/new-icon.png",
                "thumb_width": 256,
                "thumb_height": 256,
                "service_icon": "http:\/\/www.redditstatic.com\/desktop2x\/img\/favicon\/apple-icon-57x57.png",
                "id": 1,
                "original_url": "https:\/\/www.reddit.com\/r\/Terraform\/comments\/rbbbhj\/is_terraform_cloud_extremely_slow_for_you\/",
                "fallback": "reddit: Is Terraform Cloud extremely slow for you?",
                "text": "This has been going on a while and getting worse, but the majority of the time I spend running Terraform is dominated by sitting around, waiting...",
                "title": "Is Terraform Cloud extremely slow for you?",
                "title_link": "https:\/\/www.reddit.com\/r\/Terraform\/comments\/rbbbhj\/is_terraform_cloud_extremely_slow_for_you\/",
                "service_name": "reddit"
            }
        ],
        "edited": {
            "user": "BG3N7LG73",
            "ts": "1638917197.000000"
        }
    },
    {
        "type": "message",
        "subtype": "bot_message",
        "text": "<https:\/\/www.reddit.com\/r\/Terraform\/comments\/rbbibs\/how_does_everyone_structure_their_terraform\/|How does everyone structure their Terraform Project (AWS &amp; GCP)>\nsubmitted by   <https:\/\/www.reddit.com\/user\/Beast-UltraJ| \/u\/Beast-UltraJ > \n<https:\/\/www.reddit.com\/r\/Terraform\/comments\/rbbibs\/how_does_everyone_structure_their_terraform\/|[link]>   <https:\/\/www.reddit.com\/r\/Terraform\/comments\/rbbibs\/how_does_everyone_structure_their_terraform\/|[comments]>",
        "ts": "1638917197.071500",
        "username": "Terraform",
        "icons": {
            "image_48": "https:\/\/s3-us-west-2.amazonaws.com\/slack-files2\/bot_icons\/2019-02-12\/548785199618_48.png"
        },
        "bot_id": "BG3N7LG73",
        "blocks": [
            {
                "type": "rich_text",
                "block_id": "huW4H",
                "elements": [
                    {
                        "type": "rich_text_section",
                        "elements": [
                            {
                                "type": "link",
                                "url": "https:\/\/www.reddit.com\/r\/Terraform\/comments\/rbbibs\/how_does_everyone_structure_their_terraform\/",
                                "text": "How does everyone structure their Terraform Project (AWS & GCP)"
                            },
                            {
                                "type": "text",
                                "text": "\nsubmitted by   "
                            },
                            {
                                "type": "link",
                                "url": "https:\/\/www.reddit.com\/user\/Beast-UltraJ",
                                "text": "\/u\/Beast-UltraJ"
                            },
                            {
                                "type": "text",
                                "text": " \n"
                            },
                            {
                                "type": "link",
                                "url": "https:\/\/www.reddit.com\/r\/Terraform\/comments\/rbbibs\/how_does_everyone_structure_their_terraform\/",
                                "text": "[link]"
                            },
                            {
                                "type": "text",
                                "text": "   "
                            },
                            {
                                "type": "link",
                                "url": "https:\/\/www.reddit.com\/r\/Terraform\/comments\/rbbibs\/how_does_everyone_structure_their_terraform\/",
                                "text": "[comments]"
                            }
                        ]
                    }
                ]
            }
        ],
        "attachments": [
            {
                "from_url": "https:\/\/www.reddit.com\/r\/Terraform\/comments\/rbbibs\/how_does_everyone_structure_their_terraform\/",
                "thumb_url": "https:\/\/www.redditstatic.com\/new-icon.png",
                "thumb_width": 256,
                "thumb_height": 256,
                "service_icon": "http:\/\/www.redditstatic.com\/desktop2x\/img\/favicon\/apple-icon-57x57.png",
                "id": 1,
                "original_url": "https:\/\/www.reddit.com\/r\/Terraform\/comments\/rbbibs\/how_does_everyone_structure_their_terraform\/",
                "fallback": "reddit: How does everyone structure their Terraform Project (AWS &amp; GCP)",
                "text": "Posted in r\/Terraform by u\/Beast-UltraJ • 1 point and 0 comments",
                "title": "How does everyone structure their Terraform Project (AWS &amp; GCP)",
                "title_link": "https:\/\/www.reddit.com\/r\/Terraform\/comments\/rbbibs\/how_does_everyone_structure_their_terraform\/",
                "service_name": "reddit"
            },
            {
                "from_url": "https:\/\/www.reddit.com\/user\/Beast-UltraJ",
                "service_icon": "http:\/\/www.redditstatic.com\/desktop2x\/img\/favicon\/apple-icon-57x57.png",
                "id": 2,
                "original_url": "https:\/\/www.reddit.com\/user\/Beast-UltraJ",
                "fallback": "overview for Beast-UltraJ",
                "text": "The u\/Beast-UltraJ community on Reddit. Reddit gives you the best of the internet in one place.",
                "title": "overview for Beast-UltraJ",
                "title_link": "https:\/\/www.reddit.com\/user\/Beast-UltraJ",
                "service_name": "reddit.com"
            }
        ],
        "edited": {
            "user": "BG3N7LG73",
            "ts": "1638917197.000000"
        }
    },
    {
        "type": "message",
        "subtype": "bot_message",
        "text": "<https:\/\/www.reddit.com\/r\/Terraform\/comments\/rbe11w\/terraform_variable_validation_the_basics\/|Terraform Variable Validation - the basics>\nsubmitted by   <https:\/\/www.reddit.com\/user\/BrendanThompson| \/u\/BrendanThompson > \n<https:\/\/brendanthompson.com\/posts\/2021\/12\/terraform-variable-validation|[link]>   <https:\/\/www.reddit.com\/r\/Terraform\/comments\/rbe11w\/terraform_variable_validation_the_basics\/|[comments]>",
        "ts": "1638924993.071800",
        "username": "Terraform",
        "icons": {
            "image_48": "https:\/\/s3-us-west-2.amazonaws.com\/slack-files2\/bot_icons\/2019-02-12\/548785199618_48.png"
        },
        "bot_id": "BG3N7LG73",
        "blocks": [
            {
                "type": "rich_text",
                "block_id": "md8",
                "elements": [
                    {
                        "type": "rich_text_section",
                        "elements": [
                            {
                                "type": "link",
                                "url": "https:\/\/www.reddit.com\/r\/Terraform\/comments\/rbe11w\/terraform_variable_validation_the_basics\/",
                                "text": "Terraform Variable Validation - the basics"
                            },
                            {
                                "type": "text",
                                "text": "\nsubmitted by   "
                            },
                            {
                                "type": "link",
                                "url": "https:\/\/www.reddit.com\/user\/BrendanThompson",
                                "text": "\/u\/BrendanThompson"
                            },
                            {
                                "type": "text",
                                "text": " \n"
                            },
                            {
                                "type": "link",
                                "url": "https:\/\/brendanthompson.com\/posts\/2021\/12\/terraform-variable-validation",
                                "text": "[link]"
                            },
                            {
                                "type": "text",
                                "text": "   "
                            },
                            {
                                "type": "link",
                                "url": "https:\/\/www.reddit.com\/r\/Terraform\/comments\/rbe11w\/terraform_variable_validation_the_basics\/",
                                "text": "[comments]"
                            }
                        ]
                    }
                ]
            }
        ],
        "attachments": [
            {
                "from_url": "https:\/\/www.reddit.com\/r\/Terraform\/comments\/rbe11w\/terraform_variable_validation_the_basics\/",
                "thumb_url": "https:\/\/www.redditstatic.com\/new-icon.png",
                "thumb_width": 256,
                "thumb_height": 256,
                "service_icon": "http:\/\/www.redditstatic.com\/desktop2x\/img\/favicon\/apple-icon-57x57.png",
                "id": 1,
                "original_url": "https:\/\/www.reddit.com\/r\/Terraform\/comments\/rbe11w\/terraform_variable_validation_the_basics\/",
                "fallback": "reddit: Terraform Variable Validation - the basics",
                "text": "Posted in r\/Terraform by u\/BrendanThompson • 1 point and 0 comments",
                "title": "Terraform Variable Validation - the basics",
                "title_link": "https:\/\/www.reddit.com\/r\/Terraform\/comments\/rbe11w\/terraform_variable_validation_the_basics\/",
                "service_name": "reddit"
            },
            {
                "from_url": "https:\/\/www.reddit.com\/user\/BrendanThompson",
                "service_icon": "http:\/\/www.redditstatic.com\/desktop2x\/img\/favicon\/apple-icon-57x57.png",
                "id": 2,
                "original_url": "https:\/\/www.reddit.com\/user\/BrendanThompson",
                "fallback": "overview for BrendanThompson",
                "text": "The u\/BrendanThompson community on Reddit. Reddit gives you the best of the internet in one place.",
                "title": "overview for BrendanThompson",
                "title_link": "https:\/\/www.reddit.com\/user\/BrendanThompson",
                "service_name": "reddit.com"
            },
            {
                "from_url": "https:\/\/brendanthompson.com\/posts\/2021\/12\/terraform-variable-validation",
                "ts": 1638518400,
                "image_url": "https:\/\/brendanthompson.com\/images\/og.jpg",
                "image_width": 444,
                "image_height": 250,
                "image_bytes": 114357,
                "service_icon": "https:\/\/brendanthompson.com\/favicons\/apple-icon-57x57.png",
                "id": 3,
                "original_url": "https:\/\/brendanthompson.com\/posts\/2021\/12\/terraform-variable-validation",
                "fallback": "Brendan Thompson: Terraform Variable Validation",
                "text": "Some common scenarios for input variable validation in Terraform.",
                "title": "Terraform Variable Validation",
                "title_link": "https:\/\/brendanthompson.com\/posts\/2021\/12\/terraform-variable-validation",
                "service_name": "Brendan Thompson",
                "fields": [
                    {
                        "value": "3 December 2021",
                        "title": "Posted on",
                        "short": true
                    },
                    {
                        "value": "6 min",
                        "title": "Reading time",
                        "short": true
                    }
                ]
            }
        ],
        "edited": {
            "user": "BG3N7LG73",
            "ts": "1638924993.000000"
        }
    },
    {
        "type": "message",
        "subtype": "bot_message",
        "text": "<https:\/\/qiita.com\/im_yappi\/items\/4a6a7dd817e3cfa9768f|AWS初心者がNodejsで作ったLineBotのインフラを構築してみた>\nAWS初心者がNodejsで作ったLineBotのインフラを構築してみた\n\n\n概要\n\n専門学生1年生なので大目にみてください...。\n今回は、ApiGatewayをトリガーにLambdaを動かしてその結果をApiGatewayに返してくれるという単純なものです。\n\n\nインフラ構築\n\n\nLambda作成\n\nlinebotという名前で関数を作ります。\n\n\n作成できたら、LineBotのプログラムをzipファイルにして上げます。\nちなみに作成した初期の呼び出す関数は、indexのhandlerになっているので適切に設定する必要があります。\n\n\nApiGateway作成\n\nApiGatewayのHTTP APIを作成します。\n名前はLineBotApiにしました。\n\n次に、ルートの作成をします。\n\nLambda関数と先ほど作成したルートを結合させます。\n\nLambdaのトリガーにApiGatewayが表示されていたら成功です！\nApiGatewayの$defaultにあるurlをlinebotのwebhookに貼り付けてあげれば動くはずです。\n\n\n終わりに...",
        "ts": "1638933995.072000",
        "username": "Terraformタグが付けられた新着記事 - Qiita",
        "icons": {
            "image_36": "https:\/\/a.slack-edge.com\/80588\/img\/services\/rss_36.png",
            "image_48": "https:\/\/a.slack-edge.com\/80588\/img\/services\/rss_48.png",
            "image_72": "https:\/\/a.slack-edge.com\/80588\/img\/services\/rss_72.png"
        },
        "bot_id": "BG3N7LG73",
        "blocks": [
            {
                "type": "rich_text",
                "block_id": "zCqym",
                "elements": [
                    {
                        "type": "rich_text_section",
                        "elements": [
                            {
                                "type": "link",
                                "url": "https:\/\/qiita.com\/im_yappi\/items\/4a6a7dd817e3cfa9768f",
                                "text": "AWS初心者がNodejsで作ったLineBotのインフラを構築してみた"
                            },
                            {
                                "type": "text",
                                "text": "\nAWS初心者がNodejsで作ったLineBotのインフラを構築してみた\n\n\n\n概要\n\n専門学生1年生なので大目にみてください...。\n今回は、ApiGatewayをトリガーにLambdaを動かしてその結果をApiGatewayに返してくれるという単純なものです。\n\n\n\nインフラ構築\n\n\n\nLambda作成\n\nlinebotという名前で関数を作ります。\n\n\n\n作成できたら、LineBotのプログラムをzipファイルにして上げます。\nちなみに作成した初期の呼び出す関数は、indexのhandlerになっているので適切に設定する必要があります。\n\n\n\nApiGateway作成\n\nApiGatewayのHTTP APIを作成します。\n名前はLineBotApiにしました。\n\n次に、ルートの作成をします。\n\nLambda関数と先ほど作成したルートを結合させます。\n\nLambdaのトリガーにApiGatewayが表示されていたら成功です！\nApiGatewayの$defaultにあるurlをlinebotのwebhookに貼り付けてあげれば動くはずです。\n\n\n\n終わりに..."
                            }
                        ]
                    }
                ]
            }
        ]
    },
    {
        "type": "message",
        "subtype": "bot_message",
        "text": "<https:\/\/www.reddit.com\/r\/Terraform\/comments\/rbj9ex\/keep_getting_already_exists_errors_when_trying_to\/|Keep getting “already exists” errors when trying to terraform apply>\nTo preface this, apologies as I am new to terraform and cloud technologies in general So basically I have a lambda function that is set up to deploy to my AWS Lambda via Terraform. The lambda function already exists and is deployed, but I’ve made changes to the lambda function and now want to redeploy them. However when I run terraform apply, I keep getting these errors that it can’t create certain elements as they already exists. I’ve tried using terraform import to resolve these errors, but...",
        "ts": "1638939996.072100",
        "username": "Terraform",
        "icons": {
            "image_48": "https:\/\/s3-us-west-2.amazonaws.com\/slack-files2\/bot_icons\/2019-02-12\/548785199618_48.png"
        },
        "bot_id": "BG3N7LG73",
        "blocks": [
            {
                "type": "rich_text",
                "block_id": "ZEgE",
                "elements": [
                    {
                        "type": "rich_text_section",
                        "elements": [
                            {
                                "type": "link",
                                "url": "https:\/\/www.reddit.com\/r\/Terraform\/comments\/rbj9ex\/keep_getting_already_exists_errors_when_trying_to\/",
                                "text": "Keep getting “already exists” errors when trying to terraform apply"
                            },
                            {
                                "type": "text",
                                "text": "\nTo preface this, apologies as I am new to terraform and cloud technologies in general So basically I have a lambda function that is set up to deploy to my AWS Lambda via Terraform. The lambda function already exists and is deployed, but I’ve made changes to the lambda function and now want to redeploy them. However when I run terraform apply, I keep getting these errors that it can’t create certain elements as they already exists. I’ve tried using terraform import to resolve these errors, but..."
                            }
                        ]
                    }
                ]
            }
        ],
        "attachments": [
            {
                "from_url": "https:\/\/www.reddit.com\/r\/Terraform\/comments\/rbj9ex\/keep_getting_already_exists_errors_when_trying_to\/",
                "thumb_url": "https:\/\/www.redditstatic.com\/new-icon.png",
                "thumb_width": 256,
                "thumb_height": 256,
                "service_icon": "http:\/\/www.redditstatic.com\/desktop2x\/img\/favicon\/apple-icon-57x57.png",
                "id": 1,
                "original_url": "https:\/\/www.reddit.com\/r\/Terraform\/comments\/rbj9ex\/keep_getting_already_exists_errors_when_trying_to\/",
                "fallback": "reddit: Keep getting “already exists” errors when trying to terraform apply",
                "text": "To preface this, apologies as I am new to terraform and cloud technologies in general So basically I have a lambda function that is set up to...",
                "title": "Keep getting “already exists” errors when trying to terraform apply",
                "title_link": "https:\/\/www.reddit.com\/r\/Terraform\/comments\/rbj9ex\/keep_getting_already_exists_errors_when_trying_to\/",
                "service_name": "reddit"
            }
        ],
        "edited": {
            "user": "BG3N7LG73",
            "ts": "1638939997.000000"
        }
    },
    {
        "type": "message",
        "subtype": "bot_message",
        "text": "<https:\/\/www.reddit.com\/r\/Terraform\/comments\/rblqcc\/is_this_possible_with_terraform\/|is This possible with terraform>\nHi guys, I want to learn terraform. But I want to learn it by doing small project. I am thinking of doing this with terraform, but want to confirm with the experienced guys here if this possible here or not.  So I have project currently deployed in digital-ocean. I have one UI service, one backend service, both runs in docker in k8s. One database in managed database. I am using digitalocean kubernets and load balancer as well. I am deploying these manually running manifest files connecting to...",
        "ts": "1638948998.072300",
        "username": "Terraform",
        "icons": {
            "image_48": "https:\/\/s3-us-west-2.amazonaws.com\/slack-files2\/bot_icons\/2019-02-12\/548785199618_48.png"
        },
        "bot_id": "BG3N7LG73",
        "blocks": [
            {
                "type": "rich_text",
                "block_id": "fYu",
                "elements": [
                    {
                        "type": "rich_text_section",
                        "elements": [
                            {
                                "type": "link",
                                "url": "https:\/\/www.reddit.com\/r\/Terraform\/comments\/rblqcc\/is_this_possible_with_terraform\/",
                                "text": "is This possible with terraform"
                            },
                            {
                                "type": "text",
                                "text": "\nHi guys, I want to learn terraform. But I want to learn it by doing small project. I am thinking of doing this with terraform, but want to confirm with the experienced guys here if this possible here or not.  So I have project currently deployed in digital-ocean. I have one UI service, one backend service, both runs in docker in k8s. One database in managed database. I am using digitalocean kubernets and load balancer as well. I am deploying these manually running manifest files connecting to..."
                            }
                        ]
                    }
                ]
            }
        ],
        "attachments": [
            {
                "from_url": "https:\/\/www.reddit.com\/r\/Terraform\/comments\/rblqcc\/is_this_possible_with_terraform\/",
                "thumb_url": "https:\/\/www.redditstatic.com\/new-icon.png",
                "thumb_width": 256,
                "thumb_height": 256,
                "service_icon": "http:\/\/www.redditstatic.com\/desktop2x\/img\/favicon\/apple-icon-57x57.png",
                "id": 1,
                "original_url": "https:\/\/www.reddit.com\/r\/Terraform\/comments\/rblqcc\/is_this_possible_with_terraform\/",
                "fallback": "reddit: is This possible with terraform",
                "text": "Hi guys, I want to learn terraform. But I want to learn it by doing small project. I am thinking of doing this with terraform, but want to confirm...",
                "title": "is This possible with terraform",
                "title_link": "https:\/\/www.reddit.com\/r\/Terraform\/comments\/rblqcc\/is_this_possible_with_terraform\/",
                "service_name": "reddit"
            }
        ],
        "edited": {
            "user": "BG3N7LG73",
            "ts": "1638948998.000000"
        }
    }
]