[
    {
        "client_msg_id": "c8801e61-b885-403a-8664-fd64680c29a2",
        "type": "message",
        "text": "v0.6かv0.7ぐらいの古い環境からv0.8, 0.9, 0.10, 0.11と段階的にアップグレードしてきた環境で、v0.12にあげようとするとtfstateのロードに失敗する問題が発生して、いろいろデバッグしたけどよくわからなかったので、とりあえず本家にissueを立てておきました。\n<https:\/\/github.com\/hashicorp\/terraform\/issues\/21478>",
        "user": "UHS4SFFA7",
        "ts": "1559030617.002900",
        "attachments": [
            {
                "author_name": "minamijoyo",
                "fallback": "[hashicorp\/terraform] #21478 0.12.0 terraform init failed: Error refreshing state: Invalid state file format: The state file field \"hash\" has invalid value number 10669755453527594976",
                "text": "I have a v0.12 upgrade issue related to migrating old tfstate file format.\n\n*Terraform Version*\n\n```\n$ terraform --version\nTerraform v0.12.0\n+ provider.aws v2.11.0\n+ provider.template v2.1.2\n\n```\n\n*Terraform Configuration Files*\n\n```\nterraform {\n  backend \"s3\" {\n    region = \"ap-northeast-1\"\n    bucket = \"[REDACTED]\"\n    key    = \"services\/yadockeri\/development\/terraform.tfstate\"\n  }\n}\n```\n\n*Debug Output*\n\nI omitted aws-sdk-go requests and responses for security reason.\n\n```\n$ TF_LOG=TRACE terraform init\n2019\/05\/28 15:38:41 [INFO] Terraform version: 0.12.0\n2019\/05\/28 15:38:41 [INFO] Go runtime version: go1.12.4\n2019\/05\/28 15:38:41 [INFO] CLI args: []string{\"\/usr\/local\/Cellar\/tfenv\/0.6.0\/versions\/0.12.0\/terraform\", \"init\"}\n2019\/05\/28 15:38:41 [DEBUG] Attempting to open CLI config file: \/Users\/masayuki-morita\/.terraformrc\n2019\/05\/28 15:38:41 [DEBUG] File doesn't exist, but doesn't need to. Ignoring.\n2019\/05\/28 15:38:41 [INFO] CLI command args: []string{\"init\"}\n2019\/05\/28 15:38:41 [TRACE] ModuleInstaller: installing child modules for . into .terraform\/modules\nInitializing modules...\n2019\/05\/28 15:38:41 [DEBUG] Module installer: begin yadockeri_development_db\n2019\/05\/28 15:38:41 [TRACE] ModuleInstaller: Module installer: yadockeri_development_db &lt;nil&gt; already installed in ..\/..\/..\/modules\/rds_resources\n2019\/05\/28 15:38:41 [DEBUG] Module installer: begin yadockeri_development_swarm\n2019\/05\/28 15:38:41 [TRACE] ModuleInstaller: Module installer: yadockeri_development_swarm &lt;nil&gt; already installed in ..\/..\/..\/modules\/swarm\n2019\/05\/28 15:38:41 [TRACE] modsdir: writing modules manifest to .terraform\/modules\/modules.json\n\nInitializing the backend...\n2019\/05\/28 15:38:41 [TRACE] Meta.Backend: built configuration for \"s3\" backend with hash value 413735613\n2019\/05\/28 15:38:41 [TRACE] Preserving existing state lineage \"97959b01-d89b-1ffa-adf9-e34df9c3e2cd\"\n2019\/05\/28 15:38:41 [TRACE] Preserving existing state lineage \"97959b01-d89b-1ffa-adf9-e34df9c3e2cd\"\n2019\/05\/28 15:38:41 [TRACE] Meta.Backend: working directory was previously initialized for \"s3\" backend\n2019\/05\/28 15:38:41 [TRACE] backendConfigNeedsMigration: configuration values have changed, so migration is required\n2019\/05\/28 15:38:41 [TRACE] Meta.Backend: backend configuration has changed (from type \"s3\" to type \"s3\")\n2019\/05\/28 15:38:41 [WARN] backend config has changed since last init\nBackend configuration changed!\n\nTerraform has detected that the configuration specified for the backend\nhas changed. Terraform will now check for existing state in the backends.\n\n\n2019\/05\/28 15:38:41 [INFO] Setting AWS metadata API timeout to 100ms\n2019\/05\/28 15:38:42 [INFO] Ignoring AWS metadata API endpoint at default location as it doesn't return any instance-id\n2019\/05\/28 15:38:42 [INFO] AWS Auth provider used: \"EnvProvider\"\n2019\/05\/28 15:38:42 [DEBUG] Trying to get account information via sts:GetCallerIdentity\n2019\/05\/28 15:38:42 [DEBUG] [aws-sdk-go] DEBUG: Request sts\/GetCallerIdentity Details:\n[REDACTED]\n2019\/05\/28 15:38:42 [DEBUG] [aws-sdk-go] DEBUG: Response sts\/GetCallerIdentity Details:\n[REDACTED]\n2019\/05\/28 15:38:42 [DEBUG] [aws-sdk-go] &lt;GetCallerIdentityResponse xmlns=\"https:\/\/sts.amazonaws.com\/doc\/2011-06-15\/\"&gt;\n[REDACTED]\n2019\/05\/28 15:38:42 [INFO] Setting AWS metadata API timeout to 100ms\n2019\/05\/28 15:38:43 [INFO] Ignoring AWS metadata API endpoint at default location as it doesn't return any instance-id\n2019\/05\/28 15:38:43 [INFO] AWS Auth provider used: \"EnvProvider\"\n2019\/05\/28 15:38:43 [DEBUG] Trying to get account information via sts:GetCallerIdentity\n2019\/05\/28 15:38:43 [DEBUG] [aws-sdk-go] DEBUG: Request sts\/GetCallerIdentity Details:\n[REDACTED]\n2019\/05\/28 15:38:44 [DEBUG] [aws-sdk-go] DEBUG: Response sts\/GetCallerIdentity Details:\n[REDACTED]\n2019\/05\/28 15:38:44 [DEBUG] [aws-sdk-go] &lt;GetCallerIdentityResponse xmlns=\"https:\/\/sts.amazonaws.com\/doc\/2011-06-15\/\"&gt;\n[REDACTED]\n2019\/05\/28 15:38:44 [TRACE] backendMigrateState: need to migrate from \"s3\" to \"s3\" backend config\n2019\/05\/28 15:38:44 [DEBUG] [aws-sdk-go] DEBUG: Request s3\/ListObjects Details:\n[REDACTED]\n2019\/05\/28 15:38:44 [DEBUG] [aws-sdk-go] DEBUG: Response s3\/ListObjects Details:\n[REDACTED]\n2019\/05\/28 15:38:44 [DEBUG] [aws-sdk-go] &lt;?xml version=\"1.0\" encoding=\"UTF-8\"?&gt;\n[REDACTED]\n2019\/05\/28 15:38:44 [DEBUG] [aws-sdk-go] DEBUG: Request s3\/ListObjects Details:\n[REDACTED]\n2019\/05\/28 15:38:44 [DEBUG] [aws-sdk-go] DEBUG: Response s3\/ListObjects Details:\n[REDACTED]\n2019\/05\/28 15:38:44 [DEBUG] [aws-sdk-go] &lt;?xml version=\"1.0\" encoding=\"UTF-8\"?&gt;\n[REDACTED]\n2019\/05\/28 15:38:44 [TRACE] backendMigrateState: migrating \"default\" workspace to \"default\" workspace\n2019\/05\/28 15:38:44 [DEBUG] [aws-sdk-go] DEBUG: Request s3\/ListObjects Details:\n[REDACTED]\n2019\/05\/28 15:38:44 [DEBUG] [aws-sdk-go] DEBUG: Response s3\/ListObjects Details:\n[REDACTED]\n2019\/05\/28 15:38:44 [DEBUG] [aws-sdk-go] &lt;?xml version=\"1.0\" encoding=\"UTF-8\"?&gt;\n[REDACTED]\n2019\/05\/28 15:38:44 [DEBUG] [aws-sdk-go] DEBUG: Request s3\/GetObject Details:\n[REDACTED]\n2019\/05\/28 15:38:44 [DEBUG] [aws-sdk-go] DEBUG: Response s3\/GetObject Details:\n[REDACTED]\n2019\/05\/28 15:38:44 [DEBUG] [aws-sdk-go]\n\nError: Error loading state:\n    Invalid state file format: The state file field \"hash\" has invalid value number 10669755453527594976\n\nTerraform failed to load the default state from the \"s3\" backend.\nState migration cannot occur unless the state can be loaded. Backend\nmodification and state migration has been aborted. The state in both the\nsource and the destination remain unmodified. Please resolve the\nabove error and try again.\n\n```\n\n*Crash Output*\n\nNo crash\n\n*Expected Behavior*\n\n`terraform init` should be succeeded.\n\n*Actual Behavior*\n\nFailed to initialize with the following error message:\n\n```\nError: Error loading state:\n    Invalid state file format: The state file field \"hash\" has invalid value number 10669755453527594976\n\n```\n\n*Steps to Reproduce*\n\n1. `terraform init` with v0.11.14\n2. `terraform 0.12checklist` with v0.11.14 =&gt; no warning\n3. `terraform init` with v0.12.0\n\nI'm not sure exactly how to reproduce this.  \nIn my paticular environment, errors always occur. But I cannot create a minimum reproduction case.\n\n*Additional Context*\n\nMy tfstate file in the S3 bucket is as follows:\n\n```\n$ terraform state pull | head -20\n{\n    \"version\": 3,\n    \"terraform_version\": \"0.11.14\",\n    \"serial\": 130,\n    \"lineage\": \"13c44505-731a-456d-8f94-932507ef55c9\",\n    \"backend\": {\n        \"type\": \"s3\",\n        \"config\": {\n            \"bucket\": \"[REDACTED]\",\n            \"key\": \"services\/yadockeri\/development\/terraform.tfstate\",\n            \"region\": \"ap-northeast-1\"\n        },\n        \"hash\": 10669755453527594976\n    },\n    \"modules\": [\n        {\n            \"path\": [\n                \"root\"\n            ],\n            \"outputs\": {},\n\n```\n\n`10669755453527594976` is greater than int64 max (`9223372036854775807`)  \nSo, this issue is maybe related to: <https:\/\/github.com\/hashicorp\/terraform\/pull\/19688|#19688>\n\nI tried to create a minimum reproduction case, but I found that initializing a new tfstate with v0.11.14 no longer stores the backend field.  \nThis environment was initialized with too old terraform(maybe v0.6 or 0.7), and upgraded to 0.8.8 =&gt; 0.9.10 =&gt; 0.10.7 =&gt; 0.11.10 =&gt; 0.11.14 =&gt; 0.12.0.  \nSo, I tried to reproduced its upgrade sequence in other new environment, it has backend field but doesn't contain hash field in it. I don't know why.\n\nIf I omitted backend field and overwrite the tfstate file in S3 bucket, then `terraform init` is succeeded, but now `terraform plan` failed with the following error message:\n\n```\n2019\/05\/28 14:51:56 [TRACE] &lt;root&gt;: eval: *terraform.EvalWriteState\n2019\/05\/28 14:51:56 [TRACE] EvalWriteState: writing current state object for aws_route53_record.y_dev_crowdworks_jp_local_ns\n2019\/05\/28 14:51:56 [TRACE] [walkRefresh] Exiting eval tree: aws_route53_record.y_dev_crowdworks_jp_local_ns\n2019\/05\/28 14:51:56 [TRACE] vertex \"aws_route53_r…",
                "title": "#21478 0.12.0 terraform init failed: Error refreshing state: Invalid state file format: The state file field \"hash\" has invalid value number 10669755453527594976",
                "footer": "<https:\/\/github.com\/hashicorp\/terraform|hashicorp\/terraform>",
                "id": 1,
                "title_link": "https:\/\/github.com\/hashicorp\/terraform\/issues\/21478",
                "author_link": "https:\/\/github.com\/minamijoyo",
                "author_icon": "https:\/\/avatars1.githubusercontent.com\/u\/6985802?v=4",
                "ts": 1559029888,
                "color": "36a64f",
                "mrkdwn_in": [
                    "text"
                ],
                "bot_id": "BH12QQBB4",
                "app_unfurl_url": "https:\/\/github.com\/hashicorp\/terraform\/issues\/21478",
                "is_app_unfurl": true
            }
        ]
    },
    {
        "client_msg_id": "b043ae6e-eeab-4d07-8f91-007bad5a3ace",
        "type": "message",
        "text": "さくっと上がるかと思ったのになんかつらそうなバグを踏んでしまった :cry:",
        "user": "UHS4SFFA7",
        "ts": "1559030834.003500"
    }
]