[
    {
        "type": "message",
        "subtype": "bot_message",
        "text": "<https:\/\/www.reddit.com\/r\/Terraform\/comments\/jkskcy\/looking_for_the_correct_way_to_keep_certain_items\/|Looking for the correct way to keep certain items in the event of destruction (AWS)>\nSo there are a few things I need to keep around in the event of destruction, so far I have EFS volumes codecommit repositories ECR if possible (until I can figure out codepipeline) A few ECS services that need to be on 24\/7 Everything else can up and down as required as it's mostly a test environment. Should I be making two terraform folders and deploying\/destroying each as needed? Is there a better way? How can I get the resources from the initial \"stuff that's supposed to be there forever\"...",
        "ts": "1604045202.048600",
        "username": "Terraform",
        "icons": {
            "image_48": "https:\/\/s3-us-west-2.amazonaws.com\/slack-files2\/bot_icons\/2019-02-12\/548785199618_48.png"
        },
        "bot_id": "BG3N7LG73"
    },
    {
        "type": "message",
        "subtype": "bot_message",
        "text": "<https:\/\/www.reddit.com\/r\/Terraform\/comments\/jktisn\/terraform_and_internet_connection_problems\/|Terraform and internet connection problems>\nGuys,  I know that this is not directly Terraform related, but I am pretty desperate...  When I run 'terraform plan' on environment with a big amount of resources, after some time it just slows down and almost stops. At the same time, my internet becomes unusable, there is packet loss, sometimes even 100% when pinging <https:\/\/8.8.8.8\/|8.8.8.8>. Then I transfer to my mobile connection (HotSpot) and it just resumes and eventually finishes.  After this, my cable internet connection...",
        "ts": "1604050001.048700",
        "username": "Terraform",
        "icons": {
            "image_48": "https:\/\/s3-us-west-2.amazonaws.com\/slack-files2\/bot_icons\/2019-02-12\/548785199618_48.png"
        },
        "bot_id": "BG3N7LG73",
        "attachments": [
            {
                "service_name": "reddit",
                "title": "Terraform and internet connection problems",
                "title_link": "https:\/\/www.reddit.com\/r\/Terraform\/comments\/jktisn\/terraform_and_internet_connection_problems\/",
                "text": "Guys, I know that this is not directly Terraform related, but I am pretty desperate... When I run 'terraform plan' on environment with a...",
                "fallback": "reddit: Terraform and internet connection problems",
                "thumb_url": "https:\/\/www.redditstatic.com\/new-icon.png",
                "from_url": "https:\/\/www.reddit.com\/r\/Terraform\/comments\/jktisn\/terraform_and_internet_connection_problems\/",
                "thumb_width": 256,
                "thumb_height": 256,
                "service_icon": "http:\/\/www.redditstatic.com\/desktop2x\/img\/favicon\/apple-icon-57x57.png",
                "id": 1,
                "original_url": "https:\/\/www.reddit.com\/r\/Terraform\/comments\/jktisn\/terraform_and_internet_connection_problems\/"
            }
        ],
        "edited": {
            "user": "BG3N7LG73",
            "ts": "1604050001.000000"
        }
    },
    {
        "type": "message",
        "subtype": "bot_message",
        "text": "<https:\/\/www.reddit.com\/r\/Terraform\/comments\/jkut2k\/please_help_me_find_a_condition_in_my_listener\/|Please help me find a condition in my listener rule?>\nHey there, here is the listener block. If someone could also explain how to create conditions, because I do not understand anything when I read the doc :( resource \"aws_lb_listener_rule\" \"error_404\" { listener_arn = aws_lb_listener.http.arn priority = 100 action { type = \"fixed-response\" fixed_response { content_type = \"text\/plain\" message_body = \"404: page not found\" status_code = 404 } }     submitted by   <https:\/\/www.reddit.com\/user\/Calimhero| \/u\/Calimhero > \n&lt;a...",
        "ts": "1604057206.048900",
        "username": "Terraform",
        "icons": {
            "image_48": "https:\/\/s3-us-west-2.amazonaws.com\/slack-files2\/bot_icons\/2019-02-12\/548785199618_48.png"
        },
        "bot_id": "BG3N7LG73",
        "attachments": [
            {
                "service_name": "reddit",
                "title": "Please help me find a condition in my listener rule?",
                "title_link": "https:\/\/www.reddit.com\/r\/Terraform\/comments\/jkut2k\/please_help_me_find_a_condition_in_my_listener\/",
                "text": "Hey there, here is the listener block. If someone could also explain how to create conditions, because I do not understand anything when I read...",
                "fallback": "reddit: Please help me find a condition in my listener rule?",
                "thumb_url": "https:\/\/www.redditstatic.com\/new-icon.png",
                "from_url": "https:\/\/www.reddit.com\/r\/Terraform\/comments\/jkut2k\/please_help_me_find_a_condition_in_my_listener\/",
                "thumb_width": 256,
                "thumb_height": 256,
                "service_icon": "http:\/\/www.redditstatic.com\/desktop2x\/img\/favicon\/apple-icon-57x57.png",
                "id": 1,
                "original_url": "https:\/\/www.reddit.com\/r\/Terraform\/comments\/jkut2k\/please_help_me_find_a_condition_in_my_listener\/"
            },
            {
                "title": "overview for Calimhero",
                "title_link": "https:\/\/www.reddit.com\/user\/Calimhero",
                "text": "The u\/Calimhero community on Reddit. Reddit gives you the best of the internet in one place.",
                "fallback": "overview for Calimhero",
                "from_url": "https:\/\/www.reddit.com\/user\/Calimhero",
                "service_icon": "http:\/\/www.redditstatic.com\/desktop2x\/img\/favicon\/apple-icon-57x57.png",
                "service_name": "reddit.com",
                "id": 2,
                "original_url": "https:\/\/www.reddit.com\/user\/Calimhero"
            }
        ],
        "edited": {
            "user": "BG3N7LG73",
            "ts": "1604057206.000000"
        }
    },
    {
        "type": "message",
        "subtype": "bot_message",
        "text": "<https:\/\/www.reddit.com\/r\/Terraform\/comments\/jkx6qc\/automate_instance_hygiene_with_aws_ssm_command\/|Automate Instance Hygiene with AWS SSM: Command Documents>\nsubmitted by   <https:\/\/www.reddit.com\/user\/jdheyburn| \/u\/jdheyburn > \n<https:\/\/jdheyburn.co.uk\/blog\/automate-instance-hygiene-with-aws-ssm-0\/|[link]>   <https:\/\/www.reddit.com\/r\/Terraform\/comments\/jkx6qc\/automate_instance_hygiene_with_aws_ssm_command\/|[comments]>",
        "ts": "1604067404.049100",
        "username": "Terraform",
        "icons": {
            "image_48": "https:\/\/s3-us-west-2.amazonaws.com\/slack-files2\/bot_icons\/2019-02-12\/548785199618_48.png"
        },
        "bot_id": "BG3N7LG73",
        "attachments": [
            {
                "service_name": "reddit",
                "title": "Automate Instance Hygiene with AWS SSM: Command Documents",
                "title_link": "https:\/\/www.reddit.com\/r\/Terraform\/comments\/jkx6qc\/automate_instance_hygiene_with_aws_ssm_command\/",
                "text": "Posted in r\/Terraform by u\/jdheyburn • 1 point and 1 comment",
                "fallback": "reddit: Automate Instance Hygiene with AWS SSM: Command Documents",
                "thumb_url": "https:\/\/b.thumbs.redditmedia.com\/Z9LDlrZDxTR-REFU-1iI3eCSaYQA9ahw2igm1BXJtrI.jpg",
                "from_url": "https:\/\/www.reddit.com\/r\/Terraform\/comments\/jkx6qc\/automate_instance_hygiene_with_aws_ssm_command\/",
                "thumb_width": 140,
                "thumb_height": 73,
                "service_icon": "http:\/\/www.redditstatic.com\/desktop2x\/img\/favicon\/apple-icon-57x57.png",
                "id": 1,
                "original_url": "https:\/\/www.reddit.com\/r\/Terraform\/comments\/jkx6qc\/automate_instance_hygiene_with_aws_ssm_command\/"
            },
            {
                "title": "overview for jdheyburn",
                "title_link": "https:\/\/www.reddit.com\/user\/jdheyburn",
                "text": "The u\/jdheyburn community on Reddit. Reddit gives you the best of the internet in one place.",
                "fallback": "overview for jdheyburn",
                "from_url": "https:\/\/www.reddit.com\/user\/jdheyburn",
                "service_icon": "http:\/\/www.redditstatic.com\/desktop2x\/img\/favicon\/apple-icon-57x57.png",
                "service_name": "reddit.com",
                "id": 2,
                "original_url": "https:\/\/www.reddit.com\/user\/jdheyburn"
            },
            {
                "title": "Automate Instance Hygiene with AWS SSM: Command Documents",
                "title_link": "https:\/\/jdheyburn.co.uk\/blog\/automate-instance-hygiene-with-aws-ssm-0\/",
                "text": "Exploring how to execute scripts across multiple platforms with AWS SSM Command Documents",
                "fallback": "Automate Instance Hygiene with AWS SSM: Command Documents",
                "image_url": "https:\/\/jdheyburn.co.uk\/blog\/automate-instance-hygiene-with-aws-ssm-0\/card.png",
                "ts": 1603929600,
                "from_url": "https:\/\/jdheyburn.co.uk\/blog\/automate-instance-hygiene-with-aws-ssm-0\/",
                "image_width": 478,
                "image_height": 250,
                "image_bytes": 254433,
                "service_name": "jdheyburn.co.uk",
                "id": 3,
                "original_url": "https:\/\/jdheyburn.co.uk\/blog\/automate-instance-hygiene-with-aws-ssm-0\/"
            }
        ],
        "edited": {
            "user": "BG3N7LG73",
            "ts": "1604067405.000000"
        }
    },
    {
        "type": "message",
        "subtype": "bot_message",
        "text": "<https:\/\/www.reddit.com\/r\/Terraform\/comments\/jkxxry\/help_me_understand_the_use_case\/|Help Me understand the Use Case>\nHi I am new to terrafrom and I am a little confused as to the day to day use of this product. I was looking for something to build new VM's in multiple environments (Nutanix, vsphere and Azure) witht he main goal to have consistent builds. I get how to build a single VM with one provider but I don't understand if this product can be used to build multiple one-off VM's with multiple providers. I created a terraform script to build a VM in Nutanix and now I wrote one to do so in vsphere. Is...",
        "ts": "1604069204.049300",
        "username": "Terraform",
        "icons": {
            "image_48": "https:\/\/s3-us-west-2.amazonaws.com\/slack-files2\/bot_icons\/2019-02-12\/548785199618_48.png"
        },
        "bot_id": "BG3N7LG73",
        "attachments": [
            {
                "service_name": "reddit",
                "title": "Help Me understand the Use Case",
                "title_link": "https:\/\/www.reddit.com\/r\/Terraform\/comments\/jkxxry\/help_me_understand_the_use_case\/",
                "text": "Hi I am new to terrafrom and I am a little confused as to the day to day use of this product. I was looking for something to build new VM's in...",
                "fallback": "reddit: Help Me understand the Use Case",
                "thumb_url": "https:\/\/www.redditstatic.com\/new-icon.png",
                "from_url": "https:\/\/www.reddit.com\/r\/Terraform\/comments\/jkxxry\/help_me_understand_the_use_case\/",
                "thumb_width": 256,
                "thumb_height": 256,
                "service_icon": "http:\/\/www.redditstatic.com\/desktop2x\/img\/favicon\/apple-icon-57x57.png",
                "id": 1,
                "original_url": "https:\/\/www.reddit.com\/r\/Terraform\/comments\/jkxxry\/help_me_understand_the_use_case\/"
            }
        ],
        "edited": {
            "user": "BG3N7LG73",
            "ts": "1604069204.000000"
        }
    },
    {
        "type": "message",
        "subtype": "bot_message",
        "text": "<https:\/\/www.reddit.com\/r\/Terraform\/comments\/jkyjdm\/count_or_for_each_for_boolean_optional_blocks\/|Count or for_each for boolean optional blocks?>\nHi guys, I am wondering what is the best practice in this scenario: To create or not create a resource based on another variable. Currently the way we do it is like this: locals { resource_enabled = true } resource \"an aws something\" \"test123\" { count = local.enabled = true ? 1 : 0 other_variables = something }  Are there any advantages to moving to for_each? For any list\/map etc longer than 1, i can see that using for_each is preferable as you don't get index-based confusion if for example...",
        "ts": "1604071004.049500",
        "username": "Terraform",
        "icons": {
            "image_48": "https:\/\/s3-us-west-2.amazonaws.com\/slack-files2\/bot_icons\/2019-02-12\/548785199618_48.png"
        },
        "bot_id": "BG3N7LG73",
        "attachments": [
            {
                "service_name": "reddit",
                "title": "Count or for_each for boolean optional blocks?",
                "title_link": "https:\/\/www.reddit.com\/r\/Terraform\/comments\/jkyjdm\/count_or_for_each_for_boolean_optional_blocks\/",
                "text": "Hi guys, I am wondering what is the best practice in this scenario: To create or not create a resource based on another variable. Currently the...",
                "fallback": "reddit: Count or for_each for boolean optional blocks?",
                "thumb_url": "https:\/\/www.redditstatic.com\/new-icon.png",
                "from_url": "https:\/\/www.reddit.com\/r\/Terraform\/comments\/jkyjdm\/count_or_for_each_for_boolean_optional_blocks\/",
                "thumb_width": 256,
                "thumb_height": 256,
                "service_icon": "http:\/\/www.redditstatic.com\/desktop2x\/img\/favicon\/apple-icon-57x57.png",
                "id": 1,
                "original_url": "https:\/\/www.reddit.com\/r\/Terraform\/comments\/jkyjdm\/count_or_for_each_for_boolean_optional_blocks\/"
            }
        ],
        "edited": {
            "user": "BG3N7LG73",
            "ts": "1604071004.000000"
        }
    },
    {
        "type": "message",
        "subtype": "bot_message",
        "text": "<https:\/\/www.reddit.com\/r\/Terraform\/comments\/jl1dci\/pulumi_is_a_hypergrowth_silicon_valley_startup\/|Pulumi is a Hypergrowth Silicon Valley Startup attempting to overturn DevOps - Thoughts?>\n<https:\/\/medium.com\/@whoisjohngalt39\/pulumi-vs-terraform-hypergrowth-in-the-valley-f8e53cb0a263|https:\/\/medium.com\/@whoisjohngalt39\/pulumi-vs-terraform-hypergrowth-in-the-valley-f8e53cb0a263> - What do you all think about this? I found this article today and it would seem Pulumi could be a risk to DevOps    submitted by   <https:\/\/www.reddit.com\/user\/zigsphere| \/u\/zigsphere > \n&lt;a...",
        "ts": "1604080011.049700",
        "username": "Terraform",
        "icons": {
            "image_48": "https:\/\/s3-us-west-2.amazonaws.com\/slack-files2\/bot_icons\/2019-02-12\/548785199618_48.png"
        },
        "bot_id": "BG3N7LG73",
        "attachments": [
            {
                "service_name": "reddit",
                "title": "Pulumi is a Hypergrowth Silicon Valley Startup attempting to overturn DevOps - Thoughts?",
                "title_link": "https:\/\/www.reddit.com\/r\/Terraform\/comments\/jl1dci\/pulumi_is_a_hypergrowth_silicon_valley_startup\/",
                "text": "[<https:\/\/medium.com\/@whoisjohngalt39\/pulumi-vs-terraform-hypergrowth-in-the-valley-f8e53cb0a263>](<https:\/\/medium.com\/@whoisjohngalt39\/pulumi-vs-terr>...",
                "fallback": "reddit: Pulumi is a Hypergrowth Silicon Valley Startup attempting to overturn DevOps - Thoughts?",
                "thumb_url": "https:\/\/www.redditstatic.com\/new-icon.png",
                "from_url": "https:\/\/www.reddit.com\/r\/Terraform\/comments\/jl1dci\/pulumi_is_a_hypergrowth_silicon_valley_startup\/",
                "thumb_width": 256,
                "thumb_height": 256,
                "service_icon": "http:\/\/www.redditstatic.com\/desktop2x\/img\/favicon\/apple-icon-57x57.png",
                "id": 1,
                "original_url": "https:\/\/www.reddit.com\/r\/Terraform\/comments\/jl1dci\/pulumi_is_a_hypergrowth_silicon_valley_startup\/"
            },
            {
                "service_name": "Medium",
                "title": "Pulumi vs. Terraform — Hypergrowth in the Valley",
                "title_link": "https:\/\/medium.com\/@whoisjohngalt39\/pulumi-vs-terraform-hypergrowth-in-the-valley-f8e53cb0a263",
                "text": "A Modern-Day Case Study of Silicon Valley-fueled Hypergrowth in Software",
                "fallback": "Medium: Pulumi vs. Terraform — Hypergrowth in the Valley",
                "image_url": "https:\/\/miro.medium.com\/max\/1200\/1*guT8Cm1NMuaqgNteAmzD4w.jpeg",
                "fields": [
                    {
                        "title": "Reading time",
                        "value": "8 min read",
                        "short": true
                    }
                ],
                "ts": 1604079419,
                "from_url": "https:\/\/medium.com\/@whoisjohngalt39\/pulumi-vs-terraform-hypergrowth-in-the-valley-f8e53cb0a263",
                "image_width": 391,
                "image_height": 250,
                "image_bytes": 348276,
                "service_icon": "https:\/\/miro.medium.com\/fit\/c\/152\/152\/1*sHhtYhaCe2Uc3IU0IgKwIQ.png",
                "id": 2,
                "original_url": "https:\/\/medium.com\/@whoisjohngalt39\/pulumi-vs-terraform-hypergrowth-in-the-valley-f8e53cb0a263"
            },
            {
                "title": "overview for zigsphere",
                "title_link": "https:\/\/www.reddit.com\/user\/zigsphere",
                "text": "Systems Engineer, Site Reliability Engineering. Automation, Configuration Management, DevOps, SRE, Linux, and Infrastructure Guru.",
                "fallback": "overview for zigsphere",
                "from_url": "https:\/\/www.reddit.com\/user\/zigsphere",
                "service_icon": "http:\/\/www.redditstatic.com\/desktop2x\/img\/favicon\/apple-icon-57x57.png",
                "service_name": "reddit.com",
                "id": 3,
                "original_url": "https:\/\/www.reddit.com\/user\/zigsphere"
            }
        ],
        "edited": {
            "user": "BG3N7LG73",
            "ts": "1604080011.000000"
        }
    },
    {
        "type": "message",
        "subtype": "bot_message",
        "text": "<https:\/\/www.reddit.com\/r\/Terraform\/comments\/jl7jgd\/experience_using_opensource_modules_heavily\/|Experience using open-source modules heavily>\nI'm working on a brand-new project where I don't have to worry about any legacy Terraform config. One of the things I decided to try doing, since I've seen people talk about it being a good practice, was to use modules from the public registry when possible for anything that requires more than a trivial single resource. But so far I'm kind of disappointed by the experience. Some modules have saved me a bunch of time, but in other cases I've found myself spending more time and effort...",
        "ts": "1604100403.049900",
        "username": "Terraform",
        "icons": {
            "image_48": "https:\/\/s3-us-west-2.amazonaws.com\/slack-files2\/bot_icons\/2019-02-12\/548785199618_48.png"
        },
        "bot_id": "BG3N7LG73",
        "attachments": [
            {
                "service_name": "reddit",
                "title": "Experience using open-source modules heavily",
                "title_link": "https:\/\/www.reddit.com\/r\/Terraform\/comments\/jl7jgd\/experience_using_opensource_modules_heavily\/",
                "text": "I'm working on a brand-new project where I don't have to worry about any legacy Terraform config. One of the things I decided to try doing, since...",
                "fallback": "reddit: Experience using open-source modules heavily",
                "thumb_url": "https:\/\/www.redditstatic.com\/new-icon.png",
                "from_url": "https:\/\/www.reddit.com\/r\/Terraform\/comments\/jl7jgd\/experience_using_opensource_modules_heavily\/",
                "thumb_width": 256,
                "thumb_height": 256,
                "service_icon": "http:\/\/www.redditstatic.com\/desktop2x\/img\/favicon\/apple-icon-57x57.png",
                "id": 1,
                "original_url": "https:\/\/www.reddit.com\/r\/Terraform\/comments\/jl7jgd\/experience_using_opensource_modules_heavily\/"
            }
        ],
        "edited": {
            "user": "BG3N7LG73",
            "ts": "1604100403.000000"
        }
    },
    {
        "type": "message",
        "subtype": "bot_message",
        "text": "<https:\/\/www.reddit.com\/r\/Terraform\/comments\/jlcgxr\/terraform_module_for_gcp_kms_keyrings_keys\/|Terraform Module for GCP KMS Keyrings &amp; Keys>\nsubmitted by   <https:\/\/www.reddit.com\/user\/youngstunna24| \/u\/youngstunna24 > \n<https:\/\/github.com\/soggycactus\/terraform-google-kms-keyring|[link]>   <https:\/\/www.reddit.com\/r\/Terraform\/comments\/jlcgxr\/terraform_module_for_gcp_kms_keyrings_keys\/|[comments]>",
        "ts": "1604120200.050100",
        "username": "Terraform",
        "icons": {
            "image_48": "https:\/\/s3-us-west-2.amazonaws.com\/slack-files2\/bot_icons\/2019-02-12\/548785199618_48.png"
        },
        "bot_id": "BG3N7LG73",
        "attachments": [
            {
                "service_name": "reddit",
                "title": "Terraform Module for GCP KMS Keyrings &amp; Keys",
                "title_link": "https:\/\/www.reddit.com\/r\/Terraform\/comments\/jlcgxr\/terraform_module_for_gcp_kms_keyrings_keys\/",
                "text": "Posted in r\/Terraform by u\/youngstunna24 • 1 point and 0 comments",
                "fallback": "reddit: Terraform Module for GCP KMS Keyrings &amp; Keys",
                "thumb_url": "https:\/\/b.thumbs.redditmedia.com\/qel7FwatlZMMtagR8U9SK5zJbBAnx48t0NwNr1hVEgE.jpg",
                "from_url": "https:\/\/www.reddit.com\/r\/Terraform\/comments\/jlcgxr\/terraform_module_for_gcp_kms_keyrings_keys\/",
                "thumb_width": 140,
                "thumb_height": 140,
                "service_icon": "http:\/\/www.redditstatic.com\/desktop2x\/img\/favicon\/apple-icon-57x57.png",
                "id": 1,
                "original_url": "https:\/\/www.reddit.com\/r\/Terraform\/comments\/jlcgxr\/terraform_module_for_gcp_kms_keyrings_keys\/"
            },
            {
                "title": "overview for youngstunna24",
                "title_link": "https:\/\/www.reddit.com\/user\/youngstunna24",
                "text": "The u\/youngstunna24 community on Reddit. Reddit gives you the best of the internet in one place.",
                "fallback": "overview for youngstunna24",
                "from_url": "https:\/\/www.reddit.com\/user\/youngstunna24",
                "service_icon": "http:\/\/www.redditstatic.com\/desktop2x\/img\/favicon\/apple-icon-57x57.png",
                "service_name": "reddit.com",
                "id": 2,
                "original_url": "https:\/\/www.reddit.com\/user\/youngstunna24"
            },
            {
                "service_name": "GitHub",
                "title": "soggycactus\/terraform-google-kms-keyring",
                "title_link": "https:\/\/github.com\/soggycactus\/terraform-google-kms-keyring",
                "text": "An opinionated Terraform module for provisioning a Google KMS keyring - soggycactus\/terraform-google-kms-keyring",
                "fallback": "GitHub: soggycactus\/terraform-google-kms-keyring",
                "thumb_url": "https:\/\/avatars3.githubusercontent.com\/u\/16275602?s=400&v=4",
                "from_url": "https:\/\/github.com\/soggycactus\/terraform-google-kms-keyring",
                "thumb_width": 400,
                "thumb_height": 400,
                "service_icon": "https:\/\/a.slack-edge.com\/80588\/img\/unfurl_icons\/github.png",
                "id": 3,
                "original_url": "https:\/\/github.com\/soggycactus\/terraform-google-kms-keyring"
            }
        ],
        "edited": {
            "user": "BG3N7LG73",
            "ts": "1604120200.000000"
        }
    }
]