[
    {
        "type": "message",
        "subtype": "bot_message",
        "text": "<https:\/\/www.reddit.com\/r\/Terraform\/comments\/jjm2wi\/terraforming_on_azure\/|Terraforming on azure>\nHello all,  New to Terraform, I am trying to build a container image and provision it in azure cloud using ADO pipelines. Pipeline has two stages 1. Build docker image and push it to docker hub  provision that image on azure  ​ Build works fine but second stage fails with below error message:  Error refreshing state: state snapshot was created by Terraform v0.13.5, which is newer than current v0.13.4; upgrade to Terraform v0.13.5 or greater to work with this state   I am keeping terraform...",
        "ts": "1603885600.044100",
        "username": "Terraform",
        "icons": {
            "image_48": "https:\/\/s3-us-west-2.amazonaws.com\/slack-files2\/bot_icons\/2019-02-12\/548785199618_48.png"
        },
        "bot_id": "BG3N7LG73",
        "attachments": [
            {
                "service_name": "reddit",
                "title": "Terraforming on azure",
                "title_link": "https:\/\/www.reddit.com\/r\/Terraform\/comments\/jjm2wi\/terraforming_on_azure\/",
                "text": "Hello all, New to Terraform, I am trying to build a container image and provision it in azure cloud using ADO pipelines. Pipeline has two...",
                "fallback": "reddit: Terraforming on azure",
                "thumb_url": "https:\/\/www.redditstatic.com\/new-icon.png",
                "from_url": "https:\/\/www.reddit.com\/r\/Terraform\/comments\/jjm2wi\/terraforming_on_azure\/",
                "thumb_width": 256,
                "thumb_height": 256,
                "service_icon": "http:\/\/www.redditstatic.com\/desktop2x\/img\/favicon\/apple-icon-57x57.png",
                "id": 1,
                "original_url": "https:\/\/www.reddit.com\/r\/Terraform\/comments\/jjm2wi\/terraforming_on_azure\/"
            }
        ],
        "edited": {
            "user": "BG3N7LG73",
            "ts": "1603885601.000000"
        }
    },
    {
        "type": "message",
        "subtype": "bot_message",
        "text": "<https:\/\/www.reddit.com\/r\/Terraform\/comments\/jjn7vk\/vsphere_add_second_nic_while_cloning\/|[vsphere] add second NIC while cloning>\nCurrently I have the following setup: Within the <http:\/\/server_name.tf|server_name.tf> itself it's  vm_ipnet = \"1.2.3\" vm_ipstart = \"4  and the corresponding module has  network_interface { network_id = data.vsphere_network.network.id adapter_type = data.vsphere_virtual_machine.small.network_interface_types[0] } [...] clone { template_uuid = data.vsphere_virtual_machine.small.id customize { [...] network_interface { ipv4_address = \"${var.vm_ipnet}.${count.index + var.vm_ipstart}\" ipv4_netmask = 24 } ipv4_gateway =...",
        "ts": "1603891002.044300",
        "username": "Terraform",
        "icons": {
            "image_48": "https:\/\/s3-us-west-2.amazonaws.com\/slack-files2\/bot_icons\/2019-02-12\/548785199618_48.png"
        },
        "bot_id": "BG3N7LG73",
        "attachments": [
            {
                "service_name": "reddit",
                "title": "[vsphere] add second NIC while cloning",
                "title_link": "https:\/\/www.reddit.com\/r\/Terraform\/comments\/jjn7vk\/vsphere_add_second_nic_while_cloning\/",
                "text": "Currently I have the following setup: Within the <http:\/\/server_name.tf|server_name.tf> itself it's vm_ipnet = \"1.2.3\" vm_ipstart ...",
                "fallback": "reddit: [vsphere] add second NIC while cloning",
                "thumb_url": "https:\/\/www.redditstatic.com\/new-icon.png",
                "from_url": "https:\/\/www.reddit.com\/r\/Terraform\/comments\/jjn7vk\/vsphere_add_second_nic_while_cloning\/",
                "thumb_width": 256,
                "thumb_height": 256,
                "service_icon": "http:\/\/www.redditstatic.com\/desktop2x\/img\/favicon\/apple-icon-57x57.png",
                "id": 1,
                "original_url": "https:\/\/www.reddit.com\/r\/Terraform\/comments\/jjn7vk\/vsphere_add_second_nic_while_cloning\/"
            }
        ],
        "edited": {
            "user": "BG3N7LG73",
            "ts": "1603891002.000000"
        }
    },
    {
        "type": "message",
        "subtype": "bot_message",
        "text": "<https:\/\/www.reddit.com\/r\/Terraform\/comments\/jjqocg\/what_does_waypoint_solve_for\/|What does Waypoint solve for?>\nI came across a very slick new Hashicorp project called Waypoint: <https:\/\/www.waypointproject.io\/|https:\/\/www.waypointproject.io\/> The examples they provide show how to deploy Cloud Run (GCP) services, which we use heavily currently.  Whilst the tool looks good, I am not sure I understand what value it adds over just using gcloud SDK to run a few build and deploy commands?    submitted by   <https:\/\/www.reddit.com\/user\/ydennisy| \/u\/ydennisy > \n&lt;a...",
        "ts": "1603901806.044500",
        "username": "Terraform",
        "icons": {
            "image_48": "https:\/\/s3-us-west-2.amazonaws.com\/slack-files2\/bot_icons\/2019-02-12\/548785199618_48.png"
        },
        "bot_id": "BG3N7LG73",
        "attachments": [
            {
                "service_name": "reddit",
                "title": "What does Waypoint solve for?",
                "title_link": "https:\/\/www.reddit.com\/r\/Terraform\/comments\/jjqocg\/what_does_waypoint_solve_for\/",
                "text": "I came across a very slick new Hashicorp project called Waypoint: [<https:\/\/www.waypointproject.io\/>](<https:\/\/www.waypointproject.io\/>) The examples...",
                "fallback": "reddit: What does Waypoint solve for?",
                "thumb_url": "https:\/\/www.redditstatic.com\/new-icon.png",
                "from_url": "https:\/\/www.reddit.com\/r\/Terraform\/comments\/jjqocg\/what_does_waypoint_solve_for\/",
                "thumb_width": 256,
                "thumb_height": 256,
                "service_icon": "http:\/\/www.redditstatic.com\/desktop2x\/img\/favicon\/apple-icon-57x57.png",
                "id": 1,
                "original_url": "https:\/\/www.reddit.com\/r\/Terraform\/comments\/jjqocg\/what_does_waypoint_solve_for\/"
            },
            {
                "title": "Waypoint by HashiCorp",
                "title_link": "https:\/\/www.waypointproject.io\/",
                "text": "Waypoint is an open source solution that provides a modern workflow for build, deploy, and release across platforms.",
                "fallback": "Waypoint by HashiCorp",
                "image_url": "https:\/\/www.waypointproject.io\/img\/og-image.png",
                "from_url": "https:\/\/www.waypointproject.io\/",
                "image_width": 500,
                "image_height": 250,
                "image_bytes": 286994,
                "service_name": "waypointproject.io",
                "id": 2,
                "original_url": "https:\/\/www.waypointproject.io\/"
            },
            {
                "title": "overview for ydennisy",
                "title_link": "https:\/\/www.reddit.com\/user\/ydennisy",
                "text": "The u\/ydennisy community on Reddit. Reddit gives you the best of the internet in one place.",
                "fallback": "overview for ydennisy",
                "from_url": "https:\/\/www.reddit.com\/user\/ydennisy",
                "service_icon": "http:\/\/www.redditstatic.com\/desktop2x\/img\/favicon\/apple-icon-57x57.png",
                "service_name": "reddit.com",
                "id": 3,
                "original_url": "https:\/\/www.reddit.com\/user\/ydennisy"
            }
        ],
        "edited": {
            "user": "BG3N7LG73",
            "ts": "1603901806.000000"
        }
    },
    {
        "type": "message",
        "subtype": "bot_message",
        "text": "<https:\/\/www.reddit.com\/r\/Terraform\/comments\/jjvdbt\/pulumi_raises_375m_series_b_for_its_cloud\/|Pulumi raises $37.5M Series B for its cloud engineering platform>\nsubmitted by   <https:\/\/www.reddit.com\/user\/slikk66| \/u\/slikk66 > \n<https:\/\/techcrunch.com\/2020\/10\/28\/pulumi-raises-37-5m-series-b-for-its-cloud-engineering-platform|[link]>   <https:\/\/www.reddit.com\/r\/Terraform\/comments\/jjvdbt\/pulumi_raises_375m_series_b_for_its_cloud\/|[comments]>",
        "ts": "1603916204.044700",
        "username": "Terraform",
        "icons": {
            "image_48": "https:\/\/s3-us-west-2.amazonaws.com\/slack-files2\/bot_icons\/2019-02-12\/548785199618_48.png"
        },
        "bot_id": "BG3N7LG73",
        "attachments": [
            {
                "service_name": "reddit",
                "title": "Pulumi raises $37.5M Series B for its cloud engineering platform",
                "title_link": "https:\/\/www.reddit.com\/r\/Terraform\/comments\/jjvdbt\/pulumi_raises_375m_series_b_for_its_cloud\/",
                "text": "Posted in r\/Terraform by u\/slikk66 • 1 point and 1 comment",
                "fallback": "reddit: Pulumi raises $37.5M Series B for its cloud engineering platform",
                "thumb_url": "https:\/\/b.thumbs.redditmedia.com\/KjWyL5_eBQZUI6lZBCGDHXglvPHxBkkaaVdb-_U_Luk.jpg",
                "from_url": "https:\/\/www.reddit.com\/r\/Terraform\/comments\/jjvdbt\/pulumi_raises_375m_series_b_for_its_cloud\/",
                "thumb_width": 140,
                "thumb_height": 94,
                "service_icon": "http:\/\/www.redditstatic.com\/desktop2x\/img\/favicon\/apple-icon-57x57.png",
                "id": 1,
                "original_url": "https:\/\/www.reddit.com\/r\/Terraform\/comments\/jjvdbt\/pulumi_raises_375m_series_b_for_its_cloud\/"
            },
            {
                "title": "overview for slikk66",
                "title_link": "https:\/\/www.reddit.com\/user\/slikk66",
                "text": "The u\/slikk66 community on Reddit. Reddit gives you the best of the internet in one place.",
                "fallback": "overview for slikk66",
                "from_url": "https:\/\/www.reddit.com\/user\/slikk66",
                "service_icon": "http:\/\/www.redditstatic.com\/desktop2x\/img\/favicon\/apple-icon-57x57.png",
                "service_name": "reddit.com",
                "id": 2,
                "original_url": "https:\/\/www.reddit.com\/user\/slikk66"
            },
            {
                "service_name": "TechCrunch",
                "title": "Pulumi raises $37.5M Series B for its cloud engineering platform – TechCrunch",
                "title_link": "https:\/\/techcrunch.com\/2020\/10\/28\/pulumi-raises-37-5m-series-b-for-its-cloud-engineering-platform",
                "text": "Seattle-based Pulumi, one of the newer startups in the ”infrastructure-as-code” space, today announced that it has raised a $37.5 million Series B funding round led by NEA. Previous investors Madrona Venture Group and Tola Capital also participated in this round, which brings the total …",
                "fallback": "TechCrunch: Pulumi raises $37.5M Series B for its cloud engineering platform – TechCrunch",
                "image_url": "https:\/\/techcrunch.com\/wp-content\/uploads\/2020\/10\/pulumi-23.jpg?w=593",
                "from_url": "https:\/\/techcrunch.com\/2020\/10\/28\/pulumi-raises-37-5m-series-b-for-its-cloud-engineering-platform",
                "image_width": 371,
                "image_height": 250,
                "image_bytes": 265155,
                "service_icon": "https:\/\/techcrunch.com\/wp-content\/uploads\/2015\/02\/cropped-cropped-favicon-gradient.png?w=180",
                "id": 3,
                "original_url": "https:\/\/techcrunch.com\/2020\/10\/28\/pulumi-raises-37-5m-series-b-for-its-cloud-engineering-platform"
            }
        ],
        "edited": {
            "user": "BG3N7LG73",
            "ts": "1603916205.000000"
        }
    },
    {
        "type": "message",
        "subtype": "bot_message",
        "text": "<https:\/\/www.reddit.com\/r\/Terraform\/comments\/jjweih\/user_input_prompted_twice\/|User Input prompted twice>\nHello,  I am making a script for users to be able to setup a VM in Azure while being able to choose what type of resources they want attached to it.  I am using this base code: <https:\/\/docs.microsoft.com\/en-us\/azure\/developer\/terraform\/create-linux-virtual-machine-with-infrastructure|https:\/\/docs.microsoft.com\/en-us\/azure\/developer\/terraform\/create-linux-virtual-machine-with-infrastructure> I have updated the code to include variables for things like VM properties (Disk Size, OS,...",
        "ts": "1603920406.044900",
        "username": "Terraform",
        "icons": {
            "image_48": "https:\/\/s3-us-west-2.amazonaws.com\/slack-files2\/bot_icons\/2019-02-12\/548785199618_48.png"
        },
        "bot_id": "BG3N7LG73",
        "attachments": [
            {
                "service_name": "reddit",
                "title": "User Input prompted twice",
                "title_link": "https:\/\/www.reddit.com\/r\/Terraform\/comments\/jjweih\/user_input_prompted_twice\/",
                "text": "Hello, I am making a script for users to be able to setup a VM in Azure while being able to choose what type of resources they want attached to...",
                "fallback": "reddit: User Input prompted twice",
                "thumb_url": "https:\/\/www.redditstatic.com\/new-icon.png",
                "from_url": "https:\/\/www.reddit.com\/r\/Terraform\/comments\/jjweih\/user_input_prompted_twice\/",
                "thumb_width": 256,
                "thumb_height": 256,
                "service_icon": "http:\/\/www.redditstatic.com\/desktop2x\/img\/favicon\/apple-icon-57x57.png",
                "id": 1,
                "original_url": "https:\/\/www.reddit.com\/r\/Terraform\/comments\/jjweih\/user_input_prompted_twice\/"
            },
            {
                "title": "Create a Linux VM with infrastructure in Azure using Terraform",
                "title_link": "https:\/\/docs.microsoft.com\/en-us\/azure\/developer\/terraform\/create-linux-virtual-machine-with-infrastructure",
                "text": "Learn how to use Terraform to create and manage a complete Linux virtual machine environment in Azure.",
                "fallback": "Create a Linux VM with infrastructure in Azure using Terraform",
                "thumb_url": "https:\/\/docs.microsoft.com\/en-us\/media\/logos\/logo-ms-social.png",
                "from_url": "https:\/\/docs.microsoft.com\/en-us\/azure\/developer\/terraform\/create-linux-virtual-machine-with-infrastructure",
                "thumb_width": 400,
                "thumb_height": 400,
                "service_icon": "https:\/\/docs.microsoft.com\/favicon.ico",
                "service_name": "docs.microsoft.com",
                "id": 2,
                "original_url": "https:\/\/docs.microsoft.com\/en-us\/azure\/developer\/terraform\/create-linux-virtual-machine-with-infrastructure"
            }
        ],
        "edited": {
            "user": "BG3N7LG73",
            "ts": "1603920406.000000"
        }
    },
    {
        "type": "message",
        "subtype": "bot_message",
        "text": "<https:\/\/www.reddit.com\/r\/Terraform\/comments\/jjwok8\/append_dataid_to_existing_locals_block_applying\/|Append data.id to existing locals block - Applying Azurerm policies to AKS>\nI would like to apply multiple Azure Policies to AKS. It seems to be complex to achieve in loop e.g. locals { policylist = [ { name = \"Do not allow privileged containers in Kubernetes cluster\", foldername = \"folder0\" }, { name = \"Enforce HTTPS ingress in Kubernetes cluster\", foldername = \"folder1\" }, ] data \"azurerm_policy_definition\" \"example\" { count = \"${length(local.policylist)}\" display_name = \"${local.policylist[count.index].name}\" } resource \"azurerm_policy_assignment\" \"example\" {...",
        "ts": "1603921005.045100",
        "username": "Terraform",
        "icons": {
            "image_48": "https:\/\/s3-us-west-2.amazonaws.com\/slack-files2\/bot_icons\/2019-02-12\/548785199618_48.png"
        },
        "bot_id": "BG3N7LG73",
        "attachments": [
            {
                "service_name": "reddit",
                "title": "Append data.id to existing locals block - Applying Azurerm policies to AKS",
                "title_link": "https:\/\/www.reddit.com\/r\/Terraform\/comments\/jjwok8\/append_dataid_to_existing_locals_block_applying\/",
                "text": "I would like to apply multiple Azure Policies to AKS. It seems to be complex to achieve in loop e.g. locals { policylist = [ {...",
                "fallback": "reddit: Append data.id to existing locals block - Applying Azurerm policies to AKS",
                "thumb_url": "https:\/\/www.redditstatic.com\/new-icon.png",
                "from_url": "https:\/\/www.reddit.com\/r\/Terraform\/comments\/jjwok8\/append_dataid_to_existing_locals_block_applying\/",
                "thumb_width": 256,
                "thumb_height": 256,
                "service_icon": "http:\/\/www.redditstatic.com\/desktop2x\/img\/favicon\/apple-icon-57x57.png",
                "id": 1,
                "original_url": "https:\/\/www.reddit.com\/r\/Terraform\/comments\/jjwok8\/append_dataid_to_existing_locals_block_applying\/"
            }
        ],
        "edited": {
            "user": "BG3N7LG73",
            "ts": "1603921005.000000"
        }
    },
    {
        "type": "message",
        "subtype": "bot_message",
        "text": "<https:\/\/www.reddit.com\/r\/Terraform\/comments\/jjxsti\/multiverse_provider_generic_provider_write\/|Multiverse Provider - Generic provider - Write provider in script language like Python>\nHi, I'm working on a fork of terraform-provider-multiverse.   \"You can use this provider instead of writing your own Terraform Custom Provider in the Go language. Just write your logic in any language you prefer (python, node, java, shell) and use it with this provider. You can write a script that will be used to create, update or destroy external resources that are not supported by Terraform providers.\"  The fork is here: &lt;a...",
        "ts": "1603924008.045300",
        "username": "Terraform",
        "icons": {
            "image_48": "https:\/\/s3-us-west-2.amazonaws.com\/slack-files2\/bot_icons\/2019-02-12\/548785199618_48.png"
        },
        "bot_id": "BG3N7LG73",
        "attachments": [
            {
                "service_name": "reddit",
                "title": "Multiverse Provider - Generic provider - Write provider in script language like Python",
                "title_link": "https:\/\/www.reddit.com\/r\/Terraform\/comments\/jjxsti\/multiverse_provider_generic_provider_write\/",
                "text": "Hi, I'm working on a fork of terraform-provider-multiverse. &gt;*\"You can use this provider instead of writing your own Terraform Custom Provider...",
                "fallback": "reddit: Multiverse Provider - Generic provider - Write provider in script language like Python",
                "thumb_url": "https:\/\/www.redditstatic.com\/new-icon.png",
                "from_url": "https:\/\/www.reddit.com\/r\/Terraform\/comments\/jjxsti\/multiverse_provider_generic_provider_write\/",
                "thumb_width": 256,
                "thumb_height": 256,
                "service_icon": "http:\/\/www.redditstatic.com\/desktop2x\/img\/favicon\/apple-icon-57x57.png",
                "id": 1,
                "original_url": "https:\/\/www.reddit.com\/r\/Terraform\/comments\/jjxsti\/multiverse_provider_generic_provider_write\/"
            }
        ],
        "edited": {
            "user": "BG3N7LG73",
            "ts": "1603924008.000000"
        }
    },
    {
        "type": "message",
        "subtype": "bot_message",
        "text": "<https:\/\/www.reddit.com\/r\/Terraform\/comments\/jk46fo\/is_there_any_way_to_force_a_count_resource_to\/|Is there any way to force a count resource to generate one at a time sequentially?>\nSo the gist of this is that I have as list variable that I'm passing into a resource as part of a deployment in terraform and I need the list to be executed sequentially in order to avoid race conditions, I can obviously work around this by building a chain of depends_on for each resource, but I'd like to do it as count to make it a bit easy to read and maintain. Any idea if this is possible in terraform?    submitted by   <https:\/\/www.reddit.com\/user\/frawks24| \/u\/frawks24 > \n&lt;a...",
        "ts": "1603949203.045500",
        "username": "Terraform",
        "icons": {
            "image_48": "https:\/\/s3-us-west-2.amazonaws.com\/slack-files2\/bot_icons\/2019-02-12\/548785199618_48.png"
        },
        "bot_id": "BG3N7LG73",
        "attachments": [
            {
                "service_name": "reddit",
                "title": "Is there any way to force a count resource to generate one at a time sequentially?",
                "title_link": "https:\/\/www.reddit.com\/r\/Terraform\/comments\/jk46fo\/is_there_any_way_to_force_a_count_resource_to\/",
                "text": "So the gist of this is that I have as list variable that I'm passing into a resource as part of a deployment in terraform and I need the list to...",
                "fallback": "reddit: Is there any way to force a count resource to generate one at a time sequentially?",
                "thumb_url": "https:\/\/www.redditstatic.com\/new-icon.png",
                "from_url": "https:\/\/www.reddit.com\/r\/Terraform\/comments\/jk46fo\/is_there_any_way_to_force_a_count_resource_to\/",
                "thumb_width": 256,
                "thumb_height": 256,
                "service_icon": "http:\/\/www.redditstatic.com\/desktop2x\/img\/favicon\/apple-icon-57x57.png",
                "id": 1,
                "original_url": "https:\/\/www.reddit.com\/r\/Terraform\/comments\/jk46fo\/is_there_any_way_to_force_a_count_resource_to\/"
            },
            {
                "title": "overview for frawks24",
                "title_link": "https:\/\/www.reddit.com\/user\/frawks24",
                "text": "The u\/frawks24 community on Reddit. Reddit gives you the best of the internet in one place.",
                "fallback": "overview for frawks24",
                "from_url": "https:\/\/www.reddit.com\/user\/frawks24",
                "service_icon": "http:\/\/www.redditstatic.com\/desktop2x\/img\/favicon\/apple-icon-57x57.png",
                "service_name": "reddit.com",
                "id": 2,
                "original_url": "https:\/\/www.reddit.com\/user\/frawks24"
            }
        ],
        "edited": {
            "user": "BG3N7LG73",
            "ts": "1603949204.000000"
        }
    }
]