[
    {
        "type": "message",
        "subtype": "bot_message",
        "text": "<https:\/\/dev.classmethod.jp\/articles\/aws-organizations-with-terraform\/|OrganizationsをTerraformで作ってみた>\nTerraformでAWS Organizationsを作成してみました。以下のような構成です。 Master Accountは必須です。 (蛇足ですが、Master Accountという名称はManagement Ac […]",
        "ts": "1603438249.040400",
        "username": "Terraform – Developers.IO",
        "icons": {
            "image_36": "https:\/\/a.slack-edge.com\/80588\/img\/services\/rss_36.png",
            "image_48": "https:\/\/a.slack-edge.com\/80588\/img\/services\/rss_48.png",
            "image_72": "https:\/\/a.slack-edge.com\/80588\/img\/services\/rss_72.png"
        },
        "bot_id": "BG3N7LG73",
        "attachments": [
            {
                "service_name": "クラスメソッド発「やってみた」系技術メディア | Developers.IO",
                "title": "OrganizationsをTerraformで作ってみた | Developers.IO",
                "title_link": "https:\/\/dev.classmethod.jp\/articles\/aws-organizations-with-terraform\/",
                "text": "TerraformでAWS Organizationsを作成してみました。以下のような構成です。 Master Accountは必須です。 (蛇足ですが、Master Accountという名称はManagement Ac …",
                "fallback": "クラスメソッド発「やってみた」系技術メディア | Developers.IO: OrganizationsをTerraformで作ってみた | Developers.IO",
                "image_url": "https:\/\/cdn-ssl-devio-img.classmethod.jp\/wp-content\/uploads\/2019\/04\/aws-organizations-960x504.png",
                "from_url": "https:\/\/dev.classmethod.jp\/articles\/aws-organizations-with-terraform\/",
                "image_width": 476,
                "image_height": 250,
                "image_bytes": 35578,
                "service_icon": "https:\/\/dev.classmethod.jp\/apple-touch-icon.png",
                "id": 1,
                "original_url": "https:\/\/dev.classmethod.jp\/articles\/aws-organizations-with-terraform\/"
            }
        ],
        "edited": {
            "user": "BG3N7LG73",
            "ts": "1603438249.000000"
        }
    },
    {
        "type": "message",
        "subtype": "bot_message",
        "text": "<https:\/\/www.reddit.com\/r\/Terraform\/comments\/jgp80b\/nested_provider_with_for_each\/|Nested provider with for_each>\nHi <https:\/\/www.reddit.com\/r\/terraform|\/r\/terraform>, Is it possible \/ how can I make a provider that a module uses dependent on variables of that module? I want to deploy resources across multiple Azure subscriptions, but use one tf state. I put the resources in a module along with a nested provider. I can't use the provider from the outer scope because the resource depends on the subscription used. I want to loop over the different subscription_ids and pass them to the provider...",
        "ts": "1603468004.040700",
        "username": "Terraform",
        "icons": {
            "image_48": "https:\/\/s3-us-west-2.amazonaws.com\/slack-files2\/bot_icons\/2019-02-12\/548785199618_48.png"
        },
        "bot_id": "BG3N7LG73",
        "attachments": [
            {
                "service_name": "reddit",
                "title": "Nested provider with for_each",
                "title_link": "https:\/\/www.reddit.com\/r\/Terraform\/comments\/jgp80b\/nested_provider_with_for_each\/",
                "text": "Hi \/r\/terraform, Is it possible \/ how can I make a provider that a module uses dependent on variables of that module? I want to deploy resources...",
                "fallback": "reddit: Nested provider with for_each",
                "thumb_url": "https:\/\/www.redditstatic.com\/new-icon.png",
                "from_url": "https:\/\/www.reddit.com\/r\/Terraform\/comments\/jgp80b\/nested_provider_with_for_each\/",
                "thumb_width": 256,
                "thumb_height": 256,
                "service_icon": "http:\/\/www.redditstatic.com\/desktop2x\/img\/favicon\/apple-icon-57x57.png",
                "id": 1,
                "original_url": "https:\/\/www.reddit.com\/r\/Terraform\/comments\/jgp80b\/nested_provider_with_for_each\/"
            },
            {
                "service_name": "reddit",
                "title": "Terraform • r\/Terraform",
                "title_link": "https:\/\/www.reddit.com\/r\/terraform",
                "text": "Terraform discussion, resources, and other HashiCorp news.",
                "fallback": "reddit: Terraform • r\/Terraform",
                "thumb_url": "https:\/\/styles.redditmedia.com\/t5_2u8e4\/styles\/bannerBackgroundImage_kpmq376duzj51.jpeg",
                "from_url": "https:\/\/www.reddit.com\/r\/terraform",
                "thumb_width": 4000,
                "thumb_height": 1072,
                "service_icon": "http:\/\/www.redditstatic.com\/desktop2x\/img\/favicon\/apple-icon-57x57.png",
                "id": 2,
                "original_url": "https:\/\/www.reddit.com\/r\/terraform"
            }
        ],
        "edited": {
            "user": "BG3N7LG73",
            "ts": "1603468004.000000"
        }
    }
]