[
    {
        "type": "message",
        "subtype": "bot_message",
        "text": "<https:\/\/www.reddit.com\/r\/Terraform\/comments\/jfvr35\/help_creating_ssh_host_keys_via_terraform\/|Help creating SSH Host keys via terraform>\nHello, I want my vms to have the same ssh host key and im trying to do it in terraform. using \"tls_private_key\" resource, I can see that i can use algorithm RSA + ECDSA. Are they enough? as i know there are more algos in the ssh folder. what should be ecdsa_curve + rsa_bits? thanks for the help    submitted by   <https:\/\/www.reddit.com\/user\/Vaxx0r| \/u\/Vaxx0r > \n<https:\/\/www.reddit.com\/r\/Terraform\/comments\/jfvr35\/help_creating_ssh_host_keys_via_terraform\/|[link]>   &lt;a...",
        "ts": "1603355804.038600",
        "username": "Terraform",
        "icons": {
            "image_48": "https:\/\/s3-us-west-2.amazonaws.com\/slack-files2\/bot_icons\/2019-02-12\/548785199618_48.png"
        },
        "bot_id": "BG3N7LG73",
        "attachments": [
            {
                "service_name": "reddit",
                "title": "Help creating SSH Host keys via terraform",
                "title_link": "https:\/\/www.reddit.com\/r\/Terraform\/comments\/jfvr35\/help_creating_ssh_host_keys_via_terraform\/",
                "text": "Hello, I want my vms to have the same ssh host key and im trying to do it in terraform. using \"**tls\\_private\\_key**\" resource, I can see that i...",
                "fallback": "reddit: Help creating SSH Host keys via terraform",
                "thumb_url": "https:\/\/www.redditstatic.com\/new-icon.png",
                "from_url": "https:\/\/www.reddit.com\/r\/Terraform\/comments\/jfvr35\/help_creating_ssh_host_keys_via_terraform\/",
                "thumb_width": 256,
                "thumb_height": 256,
                "service_icon": "http:\/\/www.redditstatic.com\/desktop2x\/img\/favicon\/apple-icon-57x57.png",
                "id": 1,
                "original_url": "https:\/\/www.reddit.com\/r\/Terraform\/comments\/jfvr35\/help_creating_ssh_host_keys_via_terraform\/"
            },
            {
                "title": "overview for Vaxx0r",
                "title_link": "https:\/\/www.reddit.com\/user\/Vaxx0r",
                "text": "The u\/Vaxx0r community on Reddit. Reddit gives you the best of the internet in one place.",
                "fallback": "overview for Vaxx0r",
                "from_url": "https:\/\/www.reddit.com\/user\/Vaxx0r",
                "service_icon": "http:\/\/www.redditstatic.com\/desktop2x\/img\/favicon\/apple-icon-57x57.png",
                "service_name": "reddit.com",
                "id": 2,
                "original_url": "https:\/\/www.reddit.com\/user\/Vaxx0r"
            }
        ],
        "edited": {
            "user": "BG3N7LG73",
            "ts": "1603355805.000000"
        }
    },
    {
        "type": "message",
        "subtype": "bot_message",
        "text": "<https:\/\/www.reddit.com\/r\/Terraform\/comments\/jfw2kp\/selectively_deploying_resources_between_nonprod\/|Selectively deploying resources between non-prod \/ prod>\nI'm creating a project where I will deploy a number of resources in non-prod (np) and production (p) zones. I have declared the following in my np zone zone = \"np\"\n environments = {\n 1 = \"dev\"\n 2 = \"int\"\n 3 = \"ppe\"\n } Using for each, I am able to deploy the resources I need in np. My pipeline injects the zone variable, and I am working out how when this becomes production 'p', that I can have a different environment list - rather than have to deploy all same environments in both zones. I'm...",
        "ts": "1603357602.038800",
        "username": "Terraform",
        "icons": {
            "image_48": "https:\/\/s3-us-west-2.amazonaws.com\/slack-files2\/bot_icons\/2019-02-12\/548785199618_48.png"
        },
        "bot_id": "BG3N7LG73",
        "attachments": [
            {
                "service_name": "reddit",
                "title": "Selectively deploying resources between non-prod \/ prod",
                "title_link": "https:\/\/www.reddit.com\/r\/Terraform\/comments\/jfw2kp\/selectively_deploying_resources_between_nonprod\/",
                "text": "I'm creating a project where I will deploy a number of resources in non-prod (np) and production (p) zones. I have declared the following in my...",
                "fallback": "reddit: Selectively deploying resources between non-prod \/ prod",
                "thumb_url": "https:\/\/www.redditstatic.com\/new-icon.png",
                "from_url": "https:\/\/www.reddit.com\/r\/Terraform\/comments\/jfw2kp\/selectively_deploying_resources_between_nonprod\/",
                "thumb_width": 256,
                "thumb_height": 256,
                "service_icon": "http:\/\/www.redditstatic.com\/desktop2x\/img\/favicon\/apple-icon-57x57.png",
                "id": 1,
                "original_url": "https:\/\/www.reddit.com\/r\/Terraform\/comments\/jfw2kp\/selectively_deploying_resources_between_nonprod\/"
            }
        ],
        "edited": {
            "user": "BG3N7LG73",
            "ts": "1603357602.000000"
        }
    },
    {
        "type": "message",
        "subtype": "bot_message",
        "text": "<https:\/\/www.reddit.com\/r\/Terraform\/comments\/jfzerz\/best_resources_to_learn_terraform\/|Best resources to learn Terraform?>\nJust picked up some AWS certs and would like to keep learning. I keep seeing Terraform in job postings. Wondering what are some resources to learn Terraform? I like having structure like a udemy course since its usually a progressive path instead of trying to piece together tutorials on my own. Any recommendations?    submitted by   <https:\/\/www.reddit.com\/user\/Ordep81| \/u\/Ordep81 > \n&lt;a...",
        "ts": "1603372601.039000",
        "username": "Terraform",
        "icons": {
            "image_48": "https:\/\/s3-us-west-2.amazonaws.com\/slack-files2\/bot_icons\/2019-02-12\/548785199618_48.png"
        },
        "bot_id": "BG3N7LG73",
        "attachments": [
            {
                "service_name": "reddit",
                "title": "Best resources to learn Terraform?",
                "title_link": "https:\/\/www.reddit.com\/r\/Terraform\/comments\/jfzerz\/best_resources_to_learn_terraform\/",
                "text": "Just picked up some AWS certs and would like to keep learning. I keep seeing Terraform in job postings. Wondering what are some resources to learn...",
                "fallback": "reddit: Best resources to learn Terraform?",
                "thumb_url": "https:\/\/www.redditstatic.com\/new-icon.png",
                "from_url": "https:\/\/www.reddit.com\/r\/Terraform\/comments\/jfzerz\/best_resources_to_learn_terraform\/",
                "thumb_width": 256,
                "thumb_height": 256,
                "service_icon": "http:\/\/www.redditstatic.com\/desktop2x\/img\/favicon\/apple-icon-57x57.png",
                "id": 1,
                "original_url": "https:\/\/www.reddit.com\/r\/Terraform\/comments\/jfzerz\/best_resources_to_learn_terraform\/"
            },
            {
                "title": "overview for Ordep81",
                "title_link": "https:\/\/www.reddit.com\/user\/Ordep81",
                "text": "The u\/Ordep81 community on Reddit. Reddit gives you the best of the internet in one place.",
                "fallback": "overview for Ordep81",
                "from_url": "https:\/\/www.reddit.com\/user\/Ordep81",
                "service_icon": "http:\/\/www.redditstatic.com\/desktop2x\/img\/favicon\/apple-icon-57x57.png",
                "service_name": "reddit.com",
                "id": 2,
                "original_url": "https:\/\/www.reddit.com\/user\/Ordep81"
            }
        ],
        "edited": {
            "user": "BG3N7LG73",
            "ts": "1603372602.000000"
        }
    },
    {
        "type": "message",
        "subtype": "bot_message",
        "text": "<https:\/\/www.reddit.com\/r\/Terraform\/comments\/jg2asn\/who_is_using_nozaqterraformawssecurebaseline\/|Who is using? nozaq\/terraform-aws-secure-baseline>\nI am wondering to use nozaq\/terraform-aws-secure-baseline or aws control tower with Landing zones    submitted by   <https:\/\/www.reddit.com\/user\/Infamous-Force3616| \/u\/Infamous-Force3616 > \n<https:\/\/www.reddit.com\/r\/Terraform\/comments\/jg2asn\/who_is_using_nozaqterraformawssecurebaseline\/|[link]>   <https:\/\/www.reddit.com\/r\/Terraform\/comments\/jg2asn\/who_is_using_nozaqterraformawssecurebaseline\/|[comments]>",
        "ts": "1603382804.039200",
        "username": "Terraform",
        "icons": {
            "image_48": "https:\/\/s3-us-west-2.amazonaws.com\/slack-files2\/bot_icons\/2019-02-12\/548785199618_48.png"
        },
        "bot_id": "BG3N7LG73",
        "attachments": [
            {
                "service_name": "reddit",
                "title": "Who is using? nozaq\/terraform-aws-secure-baseline",
                "title_link": "https:\/\/www.reddit.com\/r\/Terraform\/comments\/jg2asn\/who_is_using_nozaqterraformawssecurebaseline\/",
                "text": "I am wondering to use nozaq\/terraform-aws-secure-baseline or aws control tower with Landing zones",
                "fallback": "reddit: Who is using? nozaq\/terraform-aws-secure-baseline",
                "thumb_url": "https:\/\/www.redditstatic.com\/new-icon.png",
                "from_url": "https:\/\/www.reddit.com\/r\/Terraform\/comments\/jg2asn\/who_is_using_nozaqterraformawssecurebaseline\/",
                "thumb_width": 256,
                "thumb_height": 256,
                "service_icon": "http:\/\/www.redditstatic.com\/desktop2x\/img\/favicon\/apple-icon-57x57.png",
                "id": 1,
                "original_url": "https:\/\/www.reddit.com\/r\/Terraform\/comments\/jg2asn\/who_is_using_nozaqterraformawssecurebaseline\/"
            },
            {
                "title": "overview for Infamous-Force3616",
                "title_link": "https:\/\/www.reddit.com\/user\/Infamous-Force3616",
                "text": "The u\/Infamous-Force3616 community on Reddit. Reddit gives you the best of the internet in one place.",
                "fallback": "overview for Infamous-Force3616",
                "from_url": "https:\/\/www.reddit.com\/user\/Infamous-Force3616",
                "service_icon": "http:\/\/www.redditstatic.com\/desktop2x\/img\/favicon\/apple-icon-57x57.png",
                "service_name": "reddit.com",
                "id": 2,
                "original_url": "https:\/\/www.reddit.com\/user\/Infamous-Force3616"
            }
        ],
        "edited": {
            "user": "BG3N7LG73",
            "ts": "1603382804.000000"
        }
    },
    {
        "type": "message",
        "subtype": "bot_message",
        "text": "<https:\/\/www.reddit.com\/r\/Terraform\/comments\/jg813s\/live_coding_a_terraform_provider_today_on_twitch\/|Live coding a Terraform provider today on Twitch - updating data sources in this ep>\nIn this week's episode of Throughput Thursdays on Twitch, Bobby will be doing some fun stuff to data sources to allow filtering services down by labels. Tune in Thursdays at 5pm <http:\/\/twitch.tv\/bobbytables|twitch.tv\/bobbytables>    submitted by   <https:\/\/www.reddit.com\/user\/joannafh| \/u\/joannafh > \n<https:\/\/www.reddit.com\/r\/Terraform\/comments\/jg813s\/live_coding_a_terraform_provider_today_on_twitch\/|[link]>   &lt;a...",
        "ts": "1603399606.039400",
        "username": "Terraform",
        "icons": {
            "image_48": "https:\/\/s3-us-west-2.amazonaws.com\/slack-files2\/bot_icons\/2019-02-12\/548785199618_48.png"
        },
        "bot_id": "BG3N7LG73",
        "attachments": [
            {
                "service_name": "reddit",
                "title": "Live coding a Terraform provider today on Twitch - updating data sources in this ep",
                "title_link": "https:\/\/www.reddit.com\/r\/Terraform\/comments\/jg813s\/live_coding_a_terraform_provider_today_on_twitch\/",
                "text": "In this week's episode of Throughput Thursdays on Twitch, Bobby will be doing some fun stuff to data sources to allow filtering services down by...",
                "fallback": "reddit: Live coding a Terraform provider today on Twitch - updating data sources in this ep",
                "thumb_url": "https:\/\/www.redditstatic.com\/new-icon.png",
                "from_url": "https:\/\/www.reddit.com\/r\/Terraform\/comments\/jg813s\/live_coding_a_terraform_provider_today_on_twitch\/",
                "thumb_width": 256,
                "thumb_height": 256,
                "service_icon": "http:\/\/www.redditstatic.com\/desktop2x\/img\/favicon\/apple-icon-57x57.png",
                "id": 1,
                "original_url": "https:\/\/www.reddit.com\/r\/Terraform\/comments\/jg813s\/live_coding_a_terraform_provider_today_on_twitch\/"
            },
            {
                "title": "overview for joannafh",
                "title_link": "https:\/\/www.reddit.com\/user\/joannafh",
                "text": "The u\/joannafh community on Reddit. Reddit gives you the best of the internet in one place.",
                "fallback": "overview for joannafh",
                "from_url": "https:\/\/www.reddit.com\/user\/joannafh",
                "service_icon": "http:\/\/www.redditstatic.com\/desktop2x\/img\/favicon\/apple-icon-57x57.png",
                "service_name": "reddit.com",
                "id": 2,
                "original_url": "https:\/\/www.reddit.com\/user\/joannafh"
            }
        ],
        "edited": {
            "user": "BG3N7LG73",
            "ts": "1603399606.000000"
        }
    },
    {
        "type": "message",
        "subtype": "bot_message",
        "text": "<https:\/\/www.reddit.com\/r\/Terraform\/comments\/jg8ym6\/secrets_manager_rotation_of_aurora_serverless_db\/|Secrets Manager rotation of Aurora serverless DB using Lambda function>\nI'm having trouble trying to set this infrastructure: I need an Aurora serverless cluster running PostgreSQL and access it using Secrets Manager. I also want to rotate the secret using a Lambda function every X amount of days. However, I can't get the Lambda function to connect to the RDS cluster even with the original credentials. What am I doing wrong? Is it not possible to do this? This is my Terraform code: # --- LOCALS # --- locals { db_role_name = \"MYAPP-app-backuprestore\" db_name =...",
        "ts": "1603402605.039600",
        "username": "Terraform",
        "icons": {
            "image_48": "https:\/\/s3-us-west-2.amazonaws.com\/slack-files2\/bot_icons\/2019-02-12\/548785199618_48.png"
        },
        "bot_id": "BG3N7LG73",
        "attachments": [
            {
                "service_name": "reddit",
                "title": "Secrets Manager rotation of Aurora serverless DB using Lambda function",
                "title_link": "https:\/\/www.reddit.com\/r\/Terraform\/comments\/jg8ym6\/secrets_manager_rotation_of_aurora_serverless_db\/",
                "text": "I'm having trouble trying to set this infrastructure: I need an Aurora serverless cluster running PostgreSQL and access it using Secrets Manager....",
                "fallback": "reddit: Secrets Manager rotation of Aurora serverless DB using Lambda function",
                "thumb_url": "https:\/\/www.redditstatic.com\/new-icon.png",
                "from_url": "https:\/\/www.reddit.com\/r\/Terraform\/comments\/jg8ym6\/secrets_manager_rotation_of_aurora_serverless_db\/",
                "thumb_width": 256,
                "thumb_height": 256,
                "service_icon": "http:\/\/www.redditstatic.com\/desktop2x\/img\/favicon\/apple-icon-57x57.png",
                "id": 1,
                "original_url": "https:\/\/www.reddit.com\/r\/Terraform\/comments\/jg8ym6\/secrets_manager_rotation_of_aurora_serverless_db\/"
            }
        ],
        "edited": {
            "user": "BG3N7LG73",
            "ts": "1603402606.000000"
        }
    },
    {
        "type": "message",
        "subtype": "bot_message",
        "text": "<https:\/\/www.reddit.com\/r\/Terraform\/comments\/jgb2q6\/using_count_on_resources_that_dont_exist_yet_ec2\/|Using count on resources that don't exist yet (ec2 IDs and target_group_attachments)>\nHi can someone please help me figure out this error?  The \"count\" value depends on resource attributes that cannot be determined until apply, so Terraform cannot predict how many instances will be created. To work around this, use the -target argument to first apply only the resources that the count depends on.  Here is my terraform resource:  resource \"aws_lb_target_group_attachment\" \"ec2_attach\" { count = length(var.cobalt_ec2_ids) target_id = element(var.cobalt_ec2_ids, count.index)...",
        "ts": "1603409804.039800",
        "username": "Terraform",
        "icons": {
            "image_48": "https:\/\/s3-us-west-2.amazonaws.com\/slack-files2\/bot_icons\/2019-02-12\/548785199618_48.png"
        },
        "bot_id": "BG3N7LG73",
        "attachments": [
            {
                "service_name": "reddit",
                "title": "Using count on resources that don't exist yet (ec2 IDs and target_group_attachments)",
                "title_link": "https:\/\/www.reddit.com\/r\/Terraform\/comments\/jgb2q6\/using_count_on_resources_that_dont_exist_yet_ec2\/",
                "text": "Hi can someone please help me figure out this error? &gt; The \"count\" value depends on resource attributes that cannot be determined until apply, so...",
                "fallback": "reddit: Using count on resources that don't exist yet (ec2 IDs and target_group_attachments)",
                "thumb_url": "https:\/\/www.redditstatic.com\/new-icon.png",
                "from_url": "https:\/\/www.reddit.com\/r\/Terraform\/comments\/jgb2q6\/using_count_on_resources_that_dont_exist_yet_ec2\/",
                "thumb_width": 256,
                "thumb_height": 256,
                "service_icon": "http:\/\/www.redditstatic.com\/desktop2x\/img\/favicon\/apple-icon-57x57.png",
                "id": 1,
                "original_url": "https:\/\/www.reddit.com\/r\/Terraform\/comments\/jgb2q6\/using_count_on_resources_that_dont_exist_yet_ec2\/"
            }
        ],
        "edited": {
            "user": "BG3N7LG73",
            "ts": "1603409804.000000"
        }
    },
    {
        "type": "message",
        "subtype": "bot_message",
        "text": "<https:\/\/www.reddit.com\/r\/Terraform\/comments\/jgbaac\/logging_terraform_command_outputs_to_a_flat_file\/|Logging Terraform command outputs to a flat file on Windows and Powershell>\nHey guys, Just coded this up today morning and working fine on my machine ( Famous last words of every developer in the universe )... Basically I had a fiasco at work - I think I did some change in terraform and the state changed, but on my terminal the logs had scroll passed and couldn't see what I had actually done. I thought it would be good to have a logging capability on Powershell \/ console which stores all outputs from Terraform. Terraforms trace gets uncontrollable pretty fast ( in 15...",
        "ts": "1603409804.039900",
        "username": "Terraform",
        "icons": {
            "image_48": "https:\/\/s3-us-west-2.amazonaws.com\/slack-files2\/bot_icons\/2019-02-12\/548785199618_48.png"
        },
        "bot_id": "BG3N7LG73",
        "attachments": [
            {
                "service_name": "reddit",
                "title": "Logging Terraform command outputs to a flat file on Windows and Powershell",
                "title_link": "https:\/\/www.reddit.com\/r\/Terraform\/comments\/jgbaac\/logging_terraform_command_outputs_to_a_flat_file\/",
                "text": "Hey guys, Just coded this up today morning and working fine on my machine ( Famous last words of every developer in the universe )... Basically...",
                "fallback": "reddit: Logging Terraform command outputs to a flat file on Windows and Powershell",
                "thumb_url": "https:\/\/www.redditstatic.com\/new-icon.png",
                "from_url": "https:\/\/www.reddit.com\/r\/Terraform\/comments\/jgbaac\/logging_terraform_command_outputs_to_a_flat_file\/",
                "thumb_width": 256,
                "thumb_height": 256,
                "service_icon": "http:\/\/www.redditstatic.com\/desktop2x\/img\/favicon\/apple-icon-57x57.png",
                "id": 1,
                "original_url": "https:\/\/www.reddit.com\/r\/Terraform\/comments\/jgbaac\/logging_terraform_command_outputs_to_a_flat_file\/"
            }
        ],
        "edited": {
            "user": "BG3N7LG73",
            "ts": "1603409804.000000"
        }
    },
    {
        "type": "message",
        "subtype": "bot_message",
        "text": "<https:\/\/www.reddit.com\/r\/Terraform\/comments\/jgf4q6\/the_custom_terraform_build\/|The Custom Terraform Build>\nsubmitted by   <https:\/\/www.reddit.com\/user\/jbergknoff| \/u\/jbergknoff > \n<https:\/\/jonathan.bergknoff.com\/journal\/the-custom-terraform-build\/|[link]>   <https:\/\/www.reddit.com\/r\/Terraform\/comments\/jgf4q6\/the_custom_terraform_build\/|[comments]>",
        "ts": "1603423601.040200",
        "username": "Terraform",
        "icons": {
            "image_48": "https:\/\/s3-us-west-2.amazonaws.com\/slack-files2\/bot_icons\/2019-02-12\/548785199618_48.png"
        },
        "bot_id": "BG3N7LG73",
        "attachments": [
            {
                "service_name": "reddit",
                "title": "The Custom Terraform Build",
                "title_link": "https:\/\/www.reddit.com\/r\/Terraform\/comments\/jgf4q6\/the_custom_terraform_build\/",
                "text": "Posted in r\/Terraform by u\/jbergknoff • 1 point and 0 comments",
                "fallback": "reddit: The Custom Terraform Build",
                "thumb_url": "https:\/\/www.redditstatic.com\/new-icon.png",
                "from_url": "https:\/\/www.reddit.com\/r\/Terraform\/comments\/jgf4q6\/the_custom_terraform_build\/",
                "thumb_width": 256,
                "thumb_height": 256,
                "service_icon": "http:\/\/www.redditstatic.com\/desktop2x\/img\/favicon\/apple-icon-57x57.png",
                "id": 1,
                "original_url": "https:\/\/www.reddit.com\/r\/Terraform\/comments\/jgf4q6\/the_custom_terraform_build\/"
            },
            {
                "title": "overview for jbergknoff",
                "title_link": "https:\/\/www.reddit.com\/user\/jbergknoff",
                "text": "The u\/jbergknoff community on Reddit. Reddit gives you the best of the internet in one place.",
                "fallback": "overview for jbergknoff",
                "from_url": "https:\/\/www.reddit.com\/user\/jbergknoff",
                "service_icon": "http:\/\/www.redditstatic.com\/desktop2x\/img\/favicon\/apple-icon-57x57.png",
                "service_name": "reddit.com",
                "id": 2,
                "original_url": "https:\/\/www.reddit.com\/user\/jbergknoff"
            }
        ],
        "edited": {
            "user": "BG3N7LG73",
            "ts": "1603423602.000000"
        }
    }
]