[
    {
        "type": "message",
        "subtype": "bot_message",
        "text": "<https:\/\/www.reddit.com\/r\/Terraform\/comments\/j6mi8i\/how_to_install_terraform_step_by_step\/|How to install Terraform Step By Step>\nsubmitted by   <https:\/\/www.reddit.com\/user\/CloudBuild| \/u\/CloudBuild > \n<https:\/\/cloudbuild.co.uk\/how-to-install-terraform\/|[link]>   <https:\/\/www.reddit.com\/r\/Terraform\/comments\/j6mi8i\/how_to_install_terraform_step_by_step\/|[comments]>",
        "ts": "1602056203.018400",
        "username": "Terraform",
        "icons": {
            "image_48": "https:\/\/s3-us-west-2.amazonaws.com\/slack-files2\/bot_icons\/2019-02-12\/548785199618_48.png"
        },
        "bot_id": "BG3N7LG73",
        "attachments": [
            {
                "service_name": "reddit",
                "title": "How to install Terraform Step By Step",
                "title_link": "https:\/\/www.reddit.com\/r\/Terraform\/comments\/j6mi8i\/how_to_install_terraform_step_by_step\/",
                "text": "Posted in r\/Terraform by u\/CloudBuild • 0 points and 0 comments",
                "fallback": "reddit: How to install Terraform Step By Step",
                "thumb_url": "https:\/\/www.redditstatic.com\/new-icon.png",
                "from_url": "https:\/\/www.reddit.com\/r\/Terraform\/comments\/j6mi8i\/how_to_install_terraform_step_by_step\/",
                "thumb_width": 256,
                "thumb_height": 256,
                "service_icon": "http:\/\/www.redditstatic.com\/desktop2x\/img\/favicon\/apple-icon-57x57.png",
                "id": 1,
                "original_url": "https:\/\/www.reddit.com\/r\/Terraform\/comments\/j6mi8i\/how_to_install_terraform_step_by_step\/"
            },
            {
                "title": "overview for CloudBuild",
                "title_link": "https:\/\/www.reddit.com\/user\/CloudBuild",
                "text": "An Azure blog established in 2008. Blogging IT fixes since 2008, and recently Microsoft Azure tutorials. Listed as one of the top 50 Azure Blogs...",
                "fallback": "overview for CloudBuild",
                "from_url": "https:\/\/www.reddit.com\/user\/CloudBuild",
                "service_icon": "http:\/\/www.redditstatic.com\/desktop2x\/img\/favicon\/apple-icon-57x57.png",
                "service_name": "reddit.com",
                "id": 2,
                "original_url": "https:\/\/www.reddit.com\/user\/CloudBuild"
            },
            {
                "title": "How to install Terraform | Cloud Build",
                "title_link": "https:\/\/cloudbuild.co.uk\/how-to-install-terraform\/",
                "text": "What is Terraform?Terraform is a tool for building, changing, and versioning infrastructure safely and efficiently. Terraform can manage existing and popular",
                "fallback": "How to install Terraform | Cloud Build",
                "from_url": "https:\/\/cloudbuild.co.uk\/how-to-install-terraform\/",
                "service_name": "cloudbuild.co.uk",
                "id": 3,
                "original_url": "https:\/\/cloudbuild.co.uk\/how-to-install-terraform\/"
            }
        ],
        "edited": {
            "user": "BG3N7LG73",
            "ts": "1602056203.000000"
        }
    },
    {
        "type": "message",
        "subtype": "bot_message",
        "text": "<https:\/\/www.reddit.com\/r\/Terraform\/comments\/j6njdm\/how_do_i_enable_winrm_on_windows_vms\/|How do I enable WinRM on Windows VMs>\nI want to use a Ansible provisioner that will run immediately after Windows hosts are built. For Ansible to connect I need to have WinRM automatically running on the Windows VM.  There is a script for this provided by the folks at Ansible but I'm not sure how I should run it using Terraform. <https:\/\/docs.ansible.com\/ansible\/latest\/user_guide\/windows_setup.html|https:\/\/docs.ansible.com\/ansible\/latest\/user_guide\/windows_setup.html> Could someone please give me a hand and\/or perhaps...",
        "ts": "1602062200.018600",
        "username": "Terraform",
        "icons": {
            "image_48": "https:\/\/s3-us-west-2.amazonaws.com\/slack-files2\/bot_icons\/2019-02-12\/548785199618_48.png"
        },
        "bot_id": "BG3N7LG73",
        "attachments": [
            {
                "service_name": "reddit",
                "title": "How do I enable WinRM on Windows VMs",
                "title_link": "https:\/\/www.reddit.com\/r\/Terraform\/comments\/j6njdm\/how_do_i_enable_winrm_on_windows_vms\/",
                "text": "I want to use a Ansible provisioner that will run immediately after Windows hosts are built. For Ansible to connect I need to have WinRM...",
                "fallback": "reddit: How do I enable WinRM on Windows VMs",
                "thumb_url": "https:\/\/www.redditstatic.com\/new-icon.png",
                "from_url": "https:\/\/www.reddit.com\/r\/Terraform\/comments\/j6njdm\/how_do_i_enable_winrm_on_windows_vms\/",
                "thumb_width": 256,
                "thumb_height": 256,
                "service_icon": "http:\/\/www.redditstatic.com\/desktop2x\/img\/favicon\/apple-icon-57x57.png",
                "id": 1,
                "original_url": "https:\/\/www.reddit.com\/r\/Terraform\/comments\/j6njdm\/how_do_i_enable_winrm_on_windows_vms\/"
            }
        ],
        "edited": {
            "user": "BG3N7LG73",
            "ts": "1602062201.000000"
        }
    },
    {
        "type": "message",
        "subtype": "bot_message",
        "text": "<https:\/\/www.reddit.com\/r\/Terraform\/comments\/j6r8lh\/azure_landing_zones_for_enterprise_scale_tf\/|Azure Landing Zones for Enterprise Scale TF Module in preview>\nsubmitted by   <https:\/\/www.reddit.com\/user\/CuZZa| \/u\/CuZZa > \n<https:\/\/registry.terraform.io\/modules\/Azure\/enterprise-scale\/azurerm\/0.0.2-preview|[link]>   <https:\/\/www.reddit.com\/r\/Terraform\/comments\/j6r8lh\/azure_landing_zones_for_enterprise_scale_tf\/|[comments]>",
        "ts": "1602080208.018800",
        "username": "Terraform",
        "icons": {
            "image_48": "https:\/\/s3-us-west-2.amazonaws.com\/slack-files2\/bot_icons\/2019-02-12\/548785199618_48.png"
        },
        "bot_id": "BG3N7LG73",
        "attachments": [
            {
                "service_name": "reddit",
                "title": "Azure Landing Zones for Enterprise Scale TF Module in preview",
                "title_link": "https:\/\/www.reddit.com\/r\/Terraform\/comments\/j6r8lh\/azure_landing_zones_for_enterprise_scale_tf\/",
                "text": "Posted in r\/Terraform by u\/CuZZa • 1 point and 0 comments",
                "fallback": "reddit: Azure Landing Zones for Enterprise Scale TF Module in preview",
                "thumb_url": "https:\/\/www.redditstatic.com\/new-icon.png",
                "from_url": "https:\/\/www.reddit.com\/r\/Terraform\/comments\/j6r8lh\/azure_landing_zones_for_enterprise_scale_tf\/",
                "thumb_width": 256,
                "thumb_height": 256,
                "service_icon": "http:\/\/www.redditstatic.com\/desktop2x\/img\/favicon\/apple-icon-57x57.png",
                "id": 1,
                "original_url": "https:\/\/www.reddit.com\/r\/Terraform\/comments\/j6r8lh\/azure_landing_zones_for_enterprise_scale_tf\/"
            },
            {
                "title": "overview for CuZZa",
                "title_link": "https:\/\/www.reddit.com\/user\/CuZZa",
                "text": "The u\/CuZZa community on Reddit. Reddit gives you the best of the internet in one place.",
                "fallback": "overview for CuZZa",
                "from_url": "https:\/\/www.reddit.com\/user\/CuZZa",
                "service_icon": "http:\/\/www.redditstatic.com\/desktop2x\/img\/favicon\/apple-icon-57x57.png",
                "service_name": "reddit.com",
                "id": 2,
                "original_url": "https:\/\/www.reddit.com\/user\/CuZZa"
            }
        ],
        "edited": {
            "user": "BG3N7LG73",
            "ts": "1602080208.000000"
        }
    },
    {
        "type": "message",
        "subtype": "bot_message",
        "text": "<https:\/\/www.reddit.com\/r\/Terraform\/comments\/j6sk4o\/how_do_i_upgrade_versions_without_rebuilding\/|How do I upgrade versions without rebuilding?>\nSo I'm using AWS MSK, I used Terraform to build and configure this. ​ When I change the required version terraform wants to rebuild MSK. How do I avoid this? Manual update and then switch versions in the code? Not sure how the state file would handle that.    submitted by   <https:\/\/www.reddit.com\/user\/Robonglious| \/u\/Robonglious > \n<https:\/\/www.reddit.com\/r\/Terraform\/comments\/j6sk4o\/how_do_i_upgrade_versions_without_rebuilding\/|[link]>   &lt;a...",
        "ts": "1602083808.019000",
        "username": "Terraform",
        "icons": {
            "image_48": "https:\/\/s3-us-west-2.amazonaws.com\/slack-files2\/bot_icons\/2019-02-12\/548785199618_48.png"
        },
        "bot_id": "BG3N7LG73",
        "attachments": [
            {
                "service_name": "reddit",
                "title": "How do I upgrade versions without rebuilding?",
                "title_link": "https:\/\/www.reddit.com\/r\/Terraform\/comments\/j6sk4o\/how_do_i_upgrade_versions_without_rebuilding\/",
                "text": "So I'm using AWS MSK, I used Terraform to build and configure this. &amp;#x200B; When I change the required version terraform wants to rebuild MSK....",
                "fallback": "reddit: How do I upgrade versions without rebuilding?",
                "thumb_url": "https:\/\/www.redditstatic.com\/new-icon.png",
                "from_url": "https:\/\/www.reddit.com\/r\/Terraform\/comments\/j6sk4o\/how_do_i_upgrade_versions_without_rebuilding\/",
                "thumb_width": 256,
                "thumb_height": 256,
                "service_icon": "http:\/\/www.redditstatic.com\/desktop2x\/img\/favicon\/apple-icon-57x57.png",
                "id": 1,
                "original_url": "https:\/\/www.reddit.com\/r\/Terraform\/comments\/j6sk4o\/how_do_i_upgrade_versions_without_rebuilding\/"
            },
            {
                "title": "reddit.com: over 18?",
                "title_link": "https:\/\/www.reddit.com\/user\/Robonglious",
                "text": "Reddit gives you the best of the internet in one place. Get a constantly updating feed of breaking news, fun stories, pics, memes, and videos just for you. Passionate about something niche? Reddit has thousands of vibrant communities with people that share your interests. Alternatively, find out what’s trending across all of Reddit on r\/popular. Reddit is also anonymous so you can be yourself, with your Reddit profile and persona disconnected from your real-world identity.",
                "fallback": "reddit.com: over 18?",
                "from_url": "https:\/\/www.reddit.com\/user\/Robonglious",
                "service_icon": "http:\/\/www.redditstatic.com\/desktop2x\/img\/favicon\/apple-icon-57x57.png",
                "service_name": "reddit.com",
                "id": 2,
                "original_url": "https:\/\/www.reddit.com\/user\/Robonglious"
            }
        ],
        "edited": {
            "user": "BG3N7LG73",
            "ts": "1602083808.000000"
        }
    },
    {
        "type": "message",
        "subtype": "bot_message",
        "text": "<https:\/\/www.reddit.com\/r\/Terraform\/comments\/j6v3ov\/aws_compute_tf_code_generation_via_yaml\/|AWS Compute TF code generation via yaml>\nsubmitted by   <https:\/\/www.reddit.com\/user\/pokeking1234567| \/u\/pokeking1234567 > \n<https:\/\/github.com\/infracodeteam\/infrarapid|[link]>   <https:\/\/www.reddit.com\/r\/Terraform\/comments\/j6v3ov\/aws_compute_tf_code_generation_via_yaml\/|[comments]>",
        "ts": "1602092208.019200",
        "username": "Terraform",
        "icons": {
            "image_48": "https:\/\/s3-us-west-2.amazonaws.com\/slack-files2\/bot_icons\/2019-02-12\/548785199618_48.png"
        },
        "bot_id": "BG3N7LG73",
        "attachments": [
            {
                "service_name": "reddit",
                "title": "AWS Compute TF code generation via yaml",
                "title_link": "https:\/\/www.reddit.com\/r\/Terraform\/comments\/j6v3ov\/aws_compute_tf_code_generation_via_yaml\/",
                "text": "Posted in r\/Terraform by u\/pokeking1234567 • 1 point and 0 comments",
                "fallback": "reddit: AWS Compute TF code generation via yaml",
                "thumb_url": "https:\/\/b.thumbs.redditmedia.com\/4FuqDfexm-tIxNQzmGCF5MBwox2gp6ugFEyPcTVIA2o.jpg",
                "from_url": "https:\/\/www.reddit.com\/r\/Terraform\/comments\/j6v3ov\/aws_compute_tf_code_generation_via_yaml\/",
                "thumb_width": 140,
                "thumb_height": 140,
                "service_icon": "http:\/\/www.redditstatic.com\/desktop2x\/img\/favicon\/apple-icon-57x57.png",
                "id": 1,
                "original_url": "https:\/\/www.reddit.com\/r\/Terraform\/comments\/j6v3ov\/aws_compute_tf_code_generation_via_yaml\/"
            },
            {
                "title": "overview for pokeking1234567",
                "title_link": "https:\/\/www.reddit.com\/user\/pokeking1234567",
                "text": "The u\/pokeking1234567 community on Reddit. Reddit gives you the best of the internet in one place.",
                "fallback": "overview for pokeking1234567",
                "from_url": "https:\/\/www.reddit.com\/user\/pokeking1234567",
                "service_icon": "http:\/\/www.redditstatic.com\/desktop2x\/img\/favicon\/apple-icon-57x57.png",
                "service_name": "reddit.com",
                "id": 2,
                "original_url": "https:\/\/www.reddit.com\/user\/pokeking1234567"
            },
            {
                "service_name": "GitHub",
                "title": "infracodeteam\/infrarapid",
                "title_link": "https:\/\/github.com\/infracodeteam\/infrarapid",
                "text": "Infrarapid is a tool to generate terraform templates for your infrastructure - infracodeteam\/infrarapid",
                "fallback": "GitHub: infracodeteam\/infrarapid",
                "thumb_url": "https:\/\/avatars0.githubusercontent.com\/u\/70490514?s=400&v=4",
                "from_url": "https:\/\/github.com\/infracodeteam\/infrarapid",
                "thumb_width": 228,
                "thumb_height": 228,
                "service_icon": "https:\/\/a.slack-edge.com\/80588\/img\/unfurl_icons\/github.png",
                "id": 3,
                "original_url": "https:\/\/github.com\/infracodeteam\/infrarapid"
            }
        ],
        "edited": {
            "user": "BG3N7LG73",
            "ts": "1602092209.000000"
        }
    },
    {
        "type": "message",
        "subtype": "bot_message",
        "text": "<https:\/\/www.reddit.com\/r\/Terraform\/comments\/j6wpij\/aws_iam_roleid_doesnt_appear_to_be_returning_arn\/|aws_iam_role.id doesn't appear to be returning ARN>\nHi folks, I'm following the documentation for <https:\/\/registry.terraform.io\/providers\/hashicorp\/aws\/latest\/docs\/resources\/db_instance_role_association|aws_db_instance_role_association>, almost exactly following the example code, and I'm trying to specify the role_arn of a role that would have been created by <https:\/\/registry.terraform.io\/providers\/hashicorp\/aws\/latest\/docs\/resources\/iam_role|aws_iam_role> earlier in the script. However, I am getting the following...",
        "ts": "1602097006.019400",
        "username": "Terraform",
        "icons": {
            "image_48": "https:\/\/s3-us-west-2.amazonaws.com\/slack-files2\/bot_icons\/2019-02-12\/548785199618_48.png"
        },
        "bot_id": "BG3N7LG73",
        "attachments": [
            {
                "service_name": "reddit",
                "title": "aws_iam_role.id doesn't appear to be returning ARN",
                "title_link": "https:\/\/www.reddit.com\/r\/Terraform\/comments\/j6wpij\/aws_iam_roleid_doesnt_appear_to_be_returning_arn\/",
                "text": "Hi folks, I'm following the documentation for...",
                "fallback": "reddit: aws_iam_role.id doesn't appear to be returning ARN",
                "thumb_url": "https:\/\/www.redditstatic.com\/new-icon.png",
                "from_url": "https:\/\/www.reddit.com\/r\/Terraform\/comments\/j6wpij\/aws_iam_roleid_doesnt_appear_to_be_returning_arn\/",
                "thumb_width": 256,
                "thumb_height": 256,
                "service_icon": "http:\/\/www.redditstatic.com\/desktop2x\/img\/favicon\/apple-icon-57x57.png",
                "id": 1,
                "original_url": "https:\/\/www.reddit.com\/r\/Terraform\/comments\/j6wpij\/aws_iam_roleid_doesnt_appear_to_be_returning_arn\/"
            }
        ],
        "edited": {
            "user": "BG3N7LG73",
            "ts": "1602097007.000000"
        }
    },
    {
        "type": "message",
        "subtype": "bot_message",
        "text": "<https:\/\/www.reddit.com\/r\/Terraform\/comments\/j6xcs4\/eks_mount_efs_volume_to_faregate_pod\/|EKS mount EFS Volume to Faregate Pod>\n<https:\/\/stackoverflow.com\/questions\/64250161\/terraform-aws-eks-unable-to-mount-efs-volume-to-fargate-pod|https:\/\/stackoverflow.com\/questions\/64250161\/terraform-aws-eks-unable-to-mount-efs-volume-to-fargate-pod> I have been working for nearly 5 straight days now on this and can't get this to work. According to AWS documentation I should* be able to mount an EFS Volume to a pod deployed to a fargate node in kubernetes (EKS). I'm doing everything 100% through terraform. I'm lost at...",
        "ts": "1602098809.019600",
        "username": "Terraform",
        "icons": {
            "image_48": "https:\/\/s3-us-west-2.amazonaws.com\/slack-files2\/bot_icons\/2019-02-12\/548785199618_48.png"
        },
        "bot_id": "BG3N7LG73",
        "attachments": [
            {
                "service_name": "reddit",
                "title": "EKS mount EFS Volume to Faregate Pod",
                "title_link": "https:\/\/www.reddit.com\/r\/Terraform\/comments\/j6xcs4\/eks_mount_efs_volume_to_faregate_pod\/",
                "text": "[<https:\/\/stackoverflow.com\/questions\/64250161\/terraform-aws-eks-unable-to-mount-efs-volume-to-fargate-pod>](<https:\/\/stackoverflow.com\/questions\/6425>...",
                "fallback": "reddit: EKS mount EFS Volume to Faregate Pod",
                "thumb_url": "https:\/\/www.redditstatic.com\/new-icon.png",
                "from_url": "https:\/\/www.reddit.com\/r\/Terraform\/comments\/j6xcs4\/eks_mount_efs_volume_to_faregate_pod\/",
                "thumb_width": 256,
                "thumb_height": 256,
                "service_icon": "http:\/\/www.redditstatic.com\/desktop2x\/img\/favicon\/apple-icon-57x57.png",
                "id": 1,
                "original_url": "https:\/\/www.reddit.com\/r\/Terraform\/comments\/j6xcs4\/eks_mount_efs_volume_to_faregate_pod\/"
            },
            {
                "service_name": "Stack Overflow",
                "title": "Terraform AWS EKS - Unable to mount EFS volume To Fargate Pod",
                "title_link": "https:\/\/stackoverflow.com\/questions\/64250161\/terraform-aws-eks-unable-to-mount-efs-volume-to-fargate-pod",
                "text": "I have been working for nearly 5 straight days now on this and can't get this to work. According to AWS documentation I should* be able to mount an EFS Volume to a pod deployed to a fargate node in",
                "fallback": "Stack Overflow: Terraform AWS EKS - Unable to mount EFS volume To Fargate Pod",
                "thumb_url": "https:\/\/cdn.sstatic.net\/Sites\/stackoverflow\/Img\/apple-touch-icon@2.png?v=73d79a89bded",
                "from_url": "https:\/\/stackoverflow.com\/questions\/64250161\/terraform-aws-eks-unable-to-mount-efs-volume-to-fargate-pod",
                "thumb_width": 316,
                "thumb_height": 316,
                "service_icon": "https:\/\/cdn.sstatic.net\/Sites\/stackoverflow\/Img\/apple-touch-icon.png?v=c78bd457575a",
                "id": 2,
                "original_url": "https:\/\/stackoverflow.com\/questions\/64250161\/terraform-aws-eks-unable-to-mount-efs-volume-to-fargate-pod"
            }
        ],
        "edited": {
            "user": "BG3N7LG73",
            "ts": "1602098809.000000"
        }
    },
    {
        "type": "message",
        "subtype": "bot_message",
        "text": "<https:\/\/www.reddit.com\/r\/Terraform\/comments\/j6xqx1\/for_each_seems_limiting\/|for_each seems... limiting>\nI'm working through TF for some pretty simple infrastructure. I want to provide:\n An array of regions.\n An integer for number of nodes per region.  This felt like the perfect use case for the new for_each.  Original:  ``` zones = [\"us-central1-a\", \"us-central1-c\"] nodes_per_zone = 2 resource \"thing\" \"thing-zonea\" {\n count = var.nodes_per_zone name = \"blah-${count.index}\" zone = var.zones[0] } resource \"thing\" \"thing-zoneb\" { count = var.nodes_per_zone name = \"blah-${count.index}\" zone =...",
        "ts": "1602100010.019800",
        "username": "Terraform",
        "icons": {
            "image_48": "https:\/\/s3-us-west-2.amazonaws.com\/slack-files2\/bot_icons\/2019-02-12\/548785199618_48.png"
        },
        "bot_id": "BG3N7LG73",
        "attachments": [
            {
                "service_name": "reddit",
                "title": "for_each seems... limiting",
                "title_link": "https:\/\/www.reddit.com\/r\/Terraform\/comments\/j6xqx1\/for_each_seems_limiting\/",
                "text": "I'm working through TF for some pretty simple infrastructure. I want to provide: An array of regions. An integer for number of nodes per...",
                "fallback": "reddit: for_each seems... limiting",
                "thumb_url": "https:\/\/www.redditstatic.com\/new-icon.png",
                "from_url": "https:\/\/www.reddit.com\/r\/Terraform\/comments\/j6xqx1\/for_each_seems_limiting\/",
                "thumb_width": 256,
                "thumb_height": 256,
                "service_icon": "http:\/\/www.redditstatic.com\/desktop2x\/img\/favicon\/apple-icon-57x57.png",
                "id": 1,
                "original_url": "https:\/\/www.reddit.com\/r\/Terraform\/comments\/j6xqx1\/for_each_seems_limiting\/"
            }
        ],
        "edited": {
            "user": "BG3N7LG73",
            "ts": "1602100010.000000"
        }
    },
    {
        "type": "message",
        "subtype": "bot_message",
        "text": "<https:\/\/www.reddit.com\/r\/Terraform\/comments\/j6yk2l\/terraform_plan_doesnt_error_out_if_required\/|`terraform plan` doesn't error out if required variable is missing>\nSpecial case when TTY is not present and input is not provided  Bug report: <https:\/\/github.com\/hashicorp\/terraform\/issues\/26508|https:\/\/github.com\/hashicorp\/terraform\/issues\/26508>\n PR: <https:\/\/github.com\/hashicorp\/terraform\/pull\/26509|https:\/\/github.com\/hashicorp\/terraform\/pull\/26509>    submitted by   <https:\/\/www.reddit.com\/user\/bishwasta| \/u\/bishwasta > \n&lt;a...",
        "ts": "1602103005.020000",
        "username": "Terraform",
        "icons": {
            "image_48": "https:\/\/s3-us-west-2.amazonaws.com\/slack-files2\/bot_icons\/2019-02-12\/548785199618_48.png"
        },
        "bot_id": "BG3N7LG73",
        "attachments": [
            {
                "service_name": "reddit",
                "title": "`terraform plan` doesn't error out if required variable is missing",
                "title_link": "https:\/\/www.reddit.com\/r\/Terraform\/comments\/j6yk2l\/terraform_plan_doesnt_error_out_if_required\/",
                "text": "Special case when TTY is not present and input is not provided Bug report:...",
                "fallback": "reddit: `terraform plan` doesn't error out if required variable is missing",
                "thumb_url": "https:\/\/www.redditstatic.com\/new-icon.png",
                "from_url": "https:\/\/www.reddit.com\/r\/Terraform\/comments\/j6yk2l\/terraform_plan_doesnt_error_out_if_required\/",
                "thumb_width": 256,
                "thumb_height": 256,
                "service_icon": "http:\/\/www.redditstatic.com\/desktop2x\/img\/favicon\/apple-icon-57x57.png",
                "id": 1,
                "original_url": "https:\/\/www.reddit.com\/r\/Terraform\/comments\/j6yk2l\/terraform_plan_doesnt_error_out_if_required\/"
            },
            {
                "service_name": "GitHub",
                "title": "\"terraform plan\" proceeds even though a required variable is missing · Issue #26508 · hashicorp\/terraform",
                "title_link": "https:\/\/github.com\/hashicorp\/terraform\/issues\/26508",
                "text": "Terraform Version Terraform v0.13.4 Terraform Configuration Files variable &amp;quot;test&amp;quot; { type = string } Debug Output TL;DR 2020\/10\/07 18:40:15 [ERR] UIInput scan err: EOF $ docker run -v ${PW...",
                "fallback": "GitHub: \"terraform plan\" proceeds even though a required variable is missing · Issue #26508 · hashicorp\/terraform",
                "from_url": "https:\/\/github.com\/hashicorp\/terraform\/issues\/26508",
                "thumb_url": "https:\/\/repository-images.githubusercontent.com\/17728164\/10b4bf00-6a20-11ea-8934-20870600afc0",
                "thumb_width": 476,
                "thumb_height": 250,
                "service_icon": "https:\/\/a.slack-edge.com\/80588\/img\/unfurl_icons\/github.png",
                "id": 2,
                "original_url": "https:\/\/github.com\/hashicorp\/terraform\/issues\/26508"
            },
            {
                "service_name": "GitHub",
                "title": "Exit with error if UI input scan fails by awsiv · Pull Request #26509 · hashicorp\/terraform",
                "title_link": "https:\/\/github.com\/hashicorp\/terraform\/pull\/26509",
                "text": "Fixes: #26508 Sample output: Step 4\/4 : RUN TF_LOG=DEBUG \/terraform plan \/tmp\/ ---&gt; Running in f67cf0c83d8d 2020\/10\/07 20:12:22 [WARN] Log levels other than TRACE are currently unreliable, and ...",
                "fallback": "GitHub: Exit with error if UI input scan fails by awsiv · Pull Request #26509 · hashicorp\/terraform",
                "from_url": "https:\/\/github.com\/hashicorp\/terraform\/pull\/26509",
                "thumb_url": "https:\/\/repository-images.githubusercontent.com\/17728164\/10b4bf00-6a20-11ea-8934-20870600afc0",
                "thumb_width": 476,
                "thumb_height": 250,
                "service_icon": "https:\/\/a.slack-edge.com\/80588\/img\/unfurl_icons\/github.png",
                "id": 3,
                "original_url": "https:\/\/github.com\/hashicorp\/terraform\/pull\/26509"
            },
            {
                "title": "overview for bishwasta",
                "title_link": "https:\/\/www.reddit.com\/user\/bishwasta",
                "text": "The u\/bishwasta community on Reddit. Reddit gives you the best of the internet in one place.",
                "fallback": "overview for bishwasta",
                "from_url": "https:\/\/www.reddit.com\/user\/bishwasta",
                "service_icon": "http:\/\/www.redditstatic.com\/desktop2x\/img\/favicon\/apple-icon-57x57.png",
                "service_name": "reddit.com",
                "id": 4,
                "original_url": "https:\/\/www.reddit.com\/user\/bishwasta"
            }
        ],
        "edited": {
            "user": "BG3N7LG73",
            "ts": "1602103006.000000"
        }
    },
    {
        "type": "message",
        "subtype": "bot_message",
        "text": "<https:\/\/www.reddit.com\/r\/Terraform\/comments\/j6zzgx\/code_review_workflow_with_atlantis_and_separate\/|Code review workflow with Atlantis and separate module repo?>\nIt seems like the recommended practice if you're defining your own modules is to keep them in a separate repo (or set of repos) from the main Terraform configuration, so the main configuration can use version pinning to control rollout of module changes to different environments. In that setup, how do you use Atlantis to do meaningful code reviews? Without modules in a separate repo, the workflow looks like 1) edit TF files, 2) create a pull request, 3) someone else looks at the atlantis plan...",
        "ts": "1602107211.020200",
        "username": "Terraform",
        "icons": {
            "image_48": "https:\/\/s3-us-west-2.amazonaws.com\/slack-files2\/bot_icons\/2019-02-12\/548785199618_48.png"
        },
        "bot_id": "BG3N7LG73",
        "attachments": [
            {
                "service_name": "reddit",
                "title": "Code review workflow with Atlantis and separate module repo?",
                "title_link": "https:\/\/www.reddit.com\/r\/Terraform\/comments\/j6zzgx\/code_review_workflow_with_atlantis_and_separate\/",
                "text": "It seems like the recommended practice if you're defining your own modules is to keep them in a separate repo (or set of repos) from the main...",
                "fallback": "reddit: Code review workflow with Atlantis and separate module repo?",
                "thumb_url": "https:\/\/www.redditstatic.com\/new-icon.png",
                "from_url": "https:\/\/www.reddit.com\/r\/Terraform\/comments\/j6zzgx\/code_review_workflow_with_atlantis_and_separate\/",
                "thumb_width": 256,
                "thumb_height": 256,
                "service_icon": "http:\/\/www.redditstatic.com\/desktop2x\/img\/favicon\/apple-icon-57x57.png",
                "id": 1,
                "original_url": "https:\/\/www.reddit.com\/r\/Terraform\/comments\/j6zzgx\/code_review_workflow_with_atlantis_and_separate\/"
            }
        ],
        "edited": {
            "user": "BG3N7LG73",
            "ts": "1602107211.000000"
        }
    },
    {
        "type": "message",
        "subtype": "bot_message",
        "text": "<https:\/\/www.reddit.com\/r\/Terraform\/comments\/j770sf\/how_to_set_containers_environment_variable_from\/|how to set container's environment variable from terraform values yaml?>\nEarlier I was using docker-compose, there we could easily set the environment variable of our container by:\n environment:\n - \"BILLER_DB_URL=mongodb:\/\/${DB_USERNAME}:${DB_PASSWORD}@${DB_HOST}${DATA_DB}\"  but when I do the same in values file while moving this as resource in tf it shows error, because it sends it as an extaargs to the init js file.\n so how can I set the environment var of a container to be created in the pod?    submitted by   &lt;a...",
        "ts": "1602134202.020400",
        "username": "Terraform",
        "icons": {
            "image_48": "https:\/\/s3-us-west-2.amazonaws.com\/slack-files2\/bot_icons\/2019-02-12\/548785199618_48.png"
        },
        "bot_id": "BG3N7LG73",
        "attachments": [
            {
                "service_name": "reddit",
                "title": "how to set container's environment variable from terraform values yaml?",
                "title_link": "https:\/\/www.reddit.com\/r\/Terraform\/comments\/j770sf\/how_to_set_containers_environment_variable_from\/",
                "text": "Earlier I was using docker-compose, there we could easily set the environment variable of our container by: environment: \\-...",
                "fallback": "reddit: how to set container's environment variable from terraform values yaml?",
                "thumb_url": "https:\/\/www.redditstatic.com\/new-icon.png",
                "from_url": "https:\/\/www.reddit.com\/r\/Terraform\/comments\/j770sf\/how_to_set_containers_environment_variable_from\/",
                "thumb_width": 256,
                "thumb_height": 256,
                "service_icon": "http:\/\/www.redditstatic.com\/desktop2x\/img\/favicon\/apple-icon-57x57.png",
                "id": 1,
                "original_url": "https:\/\/www.reddit.com\/r\/Terraform\/comments\/j770sf\/how_to_set_containers_environment_variable_from\/"
            }
        ],
        "edited": {
            "user": "BG3N7LG73",
            "ts": "1602134203.000000"
        }
    },
    {
        "type": "message",
        "subtype": "bot_message",
        "text": "<https:\/\/www.reddit.com\/r\/Terraform\/comments\/j77m56\/how_can_terraform_execute_a_kubectl_command_when\/|How can terraform execute a kubectl command when my cluster finishes creating?>\nHi guys, how can terraform execute a kubectl apply filename.yaml command when my cluster finishes creating please? i am using AWS provider \"kubernetes\" and terraform-aws-modules\/eks\/aws to create the cluster Thanks!    submitted by   <https:\/\/www.reddit.com\/user\/Cloud--Man| \/u\/Cloud--Man > \n<https:\/\/www.reddit.com\/r\/Terraform\/comments\/j77m56\/how_can_terraform_execute_a_kubectl_command_when\/|[link]>   &lt;a...",
        "ts": "1602137207.020600",
        "username": "Terraform",
        "icons": {
            "image_48": "https:\/\/s3-us-west-2.amazonaws.com\/slack-files2\/bot_icons\/2019-02-12\/548785199618_48.png"
        },
        "bot_id": "BG3N7LG73",
        "attachments": [
            {
                "service_name": "reddit",
                "title": "How can terraform execute a kubectl command when my cluster finishes creating?",
                "title_link": "https:\/\/www.reddit.com\/r\/Terraform\/comments\/j77m56\/how_can_terraform_execute_a_kubectl_command_when\/",
                "text": "Hi guys, how can terraform execute a `kubectl apply filename.yaml` command when my cluster finishes creating please? i am using AWS provider...",
                "fallback": "reddit: How can terraform execute a kubectl command when my cluster finishes creating?",
                "thumb_url": "https:\/\/www.redditstatic.com\/new-icon.png",
                "from_url": "https:\/\/www.reddit.com\/r\/Terraform\/comments\/j77m56\/how_can_terraform_execute_a_kubectl_command_when\/",
                "thumb_width": 256,
                "thumb_height": 256,
                "service_icon": "http:\/\/www.redditstatic.com\/desktop2x\/img\/favicon\/apple-icon-57x57.png",
                "id": 1,
                "original_url": "https:\/\/www.reddit.com\/r\/Terraform\/comments\/j77m56\/how_can_terraform_execute_a_kubectl_command_when\/"
            },
            {
                "title": "overview for Cloud--Man",
                "title_link": "https:\/\/www.reddit.com\/user\/Cloud--Man",
                "text": "The u\/Cloud--Man community on Reddit. Reddit gives you the best of the internet in one place.",
                "fallback": "overview for Cloud--Man",
                "from_url": "https:\/\/www.reddit.com\/user\/Cloud--Man",
                "service_icon": "http:\/\/www.redditstatic.com\/desktop2x\/img\/favicon\/apple-icon-57x57.png",
                "service_name": "reddit.com",
                "id": 2,
                "original_url": "https:\/\/www.reddit.com\/user\/Cloud--Man"
            }
        ],
        "edited": {
            "user": "BG3N7LG73",
            "ts": "1602137207.000000"
        }
    }
]