[
    {
        "type": "message",
        "subtype": "bot_message",
        "text": "<https:\/\/www.reddit.com\/r\/Terraform\/comments\/jdekq0\/error_400_creating_sql_server_on_azure\/|Error 400 creating Sql Server on Azure>\nHi guys,\n I'm getting a 400 error while trying to create a simple sql server on azure using the example <https:\/\/github.com\/terraform-providers\/terraform-provider-azurerm\/blob\/master\/examples\/sql-azure\/database\/main.tf|here>. Error is:   Error issuing create\/update request for SQL Server \"xxxxxxxx\" Blob Auditing Policies(Resource Group \"xxxxxxxxx\"): sql.ExtendedServerBlobAuditingPoliciesClient#CreateOrUpdate: Failure sending request: StatusCode=400 -- Original Error:...",
        "ts": "1603019802.032500",
        "username": "Terraform",
        "icons": {
            "image_48": "https:\/\/s3-us-west-2.amazonaws.com\/slack-files2\/bot_icons\/2019-02-12\/548785199618_48.png"
        },
        "bot_id": "BG3N7LG73",
        "attachments": [
            {
                "service_name": "reddit",
                "title": "Error 400 creating Sql Server on Azure",
                "title_link": "https:\/\/www.reddit.com\/r\/Terraform\/comments\/jdekq0\/error_400_creating_sql_server_on_azure\/",
                "text": "Hi guys,I'm getting a 400 error while trying to create a simple sql server on azure using the example...",
                "fallback": "reddit: Error 400 creating Sql Server on Azure",
                "thumb_url": "https:\/\/www.redditstatic.com\/new-icon.png",
                "from_url": "https:\/\/www.reddit.com\/r\/Terraform\/comments\/jdekq0\/error_400_creating_sql_server_on_azure\/",
                "thumb_width": 256,
                "thumb_height": 256,
                "service_icon": "http:\/\/www.redditstatic.com\/desktop2x\/img\/favicon\/apple-icon-57x57.png",
                "id": 1,
                "original_url": "https:\/\/www.reddit.com\/r\/Terraform\/comments\/jdekq0\/error_400_creating_sql_server_on_azure\/"
            },
            {
                "service_name": "GitHub",
                "title": "terraform-providers\/terraform-provider-azurerm",
                "title_link": "https:\/\/github.com\/terraform-providers\/terraform-provider-azurerm\/blob\/master\/examples\/sql-azure\/database\/main.tf",
                "text": "Terraform provider for Azure Resource Manager. Contribute to terraform-providers\/terraform-provider-azurerm development by creating an account on GitHub.",
                "fallback": "GitHub: terraform-providers\/terraform-provider-azurerm",
                "thumb_url": "https:\/\/avatars0.githubusercontent.com\/u\/29154831?s=400&v=4",
                "from_url": "https:\/\/github.com\/terraform-providers\/terraform-provider-azurerm\/blob\/master\/examples\/sql-azure\/database\/main.tf",
                "thumb_width": 400,
                "thumb_height": 400,
                "service_icon": "https:\/\/a.slack-edge.com\/80588\/img\/unfurl_icons\/github.png",
                "id": 2,
                "original_url": "https:\/\/github.com\/terraform-providers\/terraform-provider-azurerm\/blob\/master\/examples\/sql-azure\/database\/main.tf"
            }
        ],
        "edited": {
            "user": "BG3N7LG73",
            "ts": "1603019802.000000"
        }
    },
    {
        "type": "message",
        "subtype": "bot_message",
        "text": "<https:\/\/www.reddit.com\/r\/Terraform\/comments\/jdipm4\/do_you_get_data_from_the_tf_state_or_do_you_use\/|Do you get Data from the TF state or do you use the provider data api ?>\nMy colleague and I, had a small discussion about getting data from the provider using API (Data source ) or getting it from the tfstate ? I have always used data source of provider to get the last update information of something but he said getting info from the state is more better and force you to always modify stuff with terraform ? Do you have a rule of when each of these methods ? Pro and cons ?    submitted by   <https:\/\/www.reddit.com\/user\/User198723| \/u\/User198723 > \n&lt;a...",
        "ts": "1603037805.032700",
        "username": "Terraform",
        "icons": {
            "image_48": "https:\/\/s3-us-west-2.amazonaws.com\/slack-files2\/bot_icons\/2019-02-12\/548785199618_48.png"
        },
        "bot_id": "BG3N7LG73",
        "attachments": [
            {
                "service_name": "reddit",
                "title": "Do you get Data from the TF state or do you use the provider data api ?",
                "title_link": "https:\/\/www.reddit.com\/r\/Terraform\/comments\/jdipm4\/do_you_get_data_from_the_tf_state_or_do_you_use\/",
                "text": "My colleague and I, had a small discussion about getting data from the provider using API (Data source ) or getting it from the tfstate ? I have...",
                "fallback": "reddit: Do you get Data from the TF state or do you use the provider data api ?",
                "thumb_url": "https:\/\/www.redditstatic.com\/new-icon.png",
                "from_url": "https:\/\/www.reddit.com\/r\/Terraform\/comments\/jdipm4\/do_you_get_data_from_the_tf_state_or_do_you_use\/",
                "thumb_width": 256,
                "thumb_height": 256,
                "service_icon": "http:\/\/www.redditstatic.com\/desktop2x\/img\/favicon\/apple-icon-57x57.png",
                "id": 1,
                "original_url": "https:\/\/www.reddit.com\/r\/Terraform\/comments\/jdipm4\/do_you_get_data_from_the_tf_state_or_do_you_use\/"
            },
            {
                "title": "overview for User198723",
                "title_link": "https:\/\/www.reddit.com\/user\/User198723",
                "text": "The u\/User198723 community on Reddit. Reddit gives you the best of the internet in one place.",
                "fallback": "overview for User198723",
                "from_url": "https:\/\/www.reddit.com\/user\/User198723",
                "service_icon": "http:\/\/www.redditstatic.com\/desktop2x\/img\/favicon\/apple-icon-57x57.png",
                "service_name": "reddit.com",
                "id": 2,
                "original_url": "https:\/\/www.reddit.com\/user\/User198723"
            }
        ],
        "edited": {
            "user": "BG3N7LG73",
            "ts": "1603037806.000000"
        }
    }
]