[
    {
        "type": "message",
        "subtype": "bot_message",
        "text": "<https:\/\/www.reddit.com\/r\/Terraform\/comments\/nc2nl9\/trouble_using_foreach_when_creating_users_in_tf\/|Trouble using for-each when creating users in TF>\nI'd like to automate a task using TF. The idea is simple: From a .csv file, get the users, groups, and passwords to be created in AWS as IAM users. I've managed to create users and adding them to groups. However, when I try to set their passwords, I'm receiving the following error: ``` Error: Unsupported attribute on <http:\/\/main.tf|main.tf> line 32, in resource \"aws_iam_user_login_profile\" \"add-pass\": 32: user = each.value.usuarios #PROBLEM HERE! IT GENERATES A TUPLE BUT I ONLY WANT 1 USER PER LOOP!!...",
        "ts": "1620977197.084500",
        "username": "Terraform",
        "icons": {
            "image_48": "https:\/\/s3-us-west-2.amazonaws.com\/slack-files2\/bot_icons\/2019-02-12\/548785199618_48.png"
        },
        "bot_id": "BG3N7LG73",
        "attachments": [
            {
                "service_name": "reddit",
                "title": "Trouble using for-each when creating users in TF",
                "title_link": "https:\/\/www.reddit.com\/r\/Terraform\/comments\/nc2nl9\/trouble_using_foreach_when_creating_users_in_tf\/",
                "text": "I'd like to automate a task using TF. The idea is simple: From a .csv file, get the users, groups, and passwords to be created in AWS as IAM...",
                "fallback": "reddit: Trouble using for-each when creating users in TF",
                "thumb_url": "https:\/\/www.redditstatic.com\/new-icon.png",
                "from_url": "https:\/\/www.reddit.com\/r\/Terraform\/comments\/nc2nl9\/trouble_using_foreach_when_creating_users_in_tf\/",
                "thumb_width": 256,
                "thumb_height": 256,
                "service_icon": "http:\/\/www.redditstatic.com\/desktop2x\/img\/favicon\/apple-icon-57x57.png",
                "id": 1,
                "original_url": "https:\/\/www.reddit.com\/r\/Terraform\/comments\/nc2nl9\/trouble_using_foreach_when_creating_users_in_tf\/"
            }
        ],
        "edited": {
            "user": "BG3N7LG73",
            "ts": "1620977197.000000"
        }
    },
    {
        "type": "message",
        "subtype": "bot_message",
        "text": "<https:\/\/www.google.com\/url?rct=j&amp;sa=t&amp;url=https:\/\/ascii.jp\/elem\/000\/004\/054\/4054610\/&amp;ct=ga&amp;cd=CAIyHDMwMTY1OGE1ZDI5NDAyNzE6Y28uanA6amE6SlA&amp;usg=AFQjCNGYaIcQS4_ojW7rW1Pk-lt6NYzi6g|ホストエラーのアラートを&lt;b&gt;Terraform&lt;\/b&gt;で作って試すの段>\n今回はTerraformを利用してCloud Monitoringでホストエラーのアラートを作成をしてみましょう。 ホストエラーについて. Google Compute Engineを ...",
        "ts": "1620980618.084700",
        "username": "Google アラート - terraform",
        "icons": {
            "image_36": "https:\/\/a.slack-edge.com\/80588\/img\/services\/rss_36.png",
            "image_48": "https:\/\/a.slack-edge.com\/80588\/img\/services\/rss_48.png",
            "image_72": "https:\/\/a.slack-edge.com\/80588\/img\/services\/rss_72.png"
        },
        "bot_id": "BG3N7LG73"
    },
    {
        "type": "message",
        "subtype": "bot_message",
        "text": "<https:\/\/www.reddit.com\/r\/Terraform\/comments\/ncafya\/issue_when_testingrunning_terraform_locally\/|Issue when testing\/running terraform locally>\nHi everyone, i was able to test at least terraform init and plan locally for a long time but now facing issues. Maybe someone has an idea? It works totally fine when pushing it to gitlab and running it through my gitlab runner. Just wondering if my machine got corrupted eventually. I can replace it but google isnt helping at all.  Below is the output: PS C:\\Users\\\\Documents\\Scripts\\wvdterraform&gt; terraform.exe init Initializing the backend... 2021\/05\/14 16:48:36 [DEBUG] GET &lt;a...",
        "ts": "1621004799.084800",
        "username": "Terraform",
        "icons": {
            "image_48": "https:\/\/s3-us-west-2.amazonaws.com\/slack-files2\/bot_icons\/2019-02-12\/548785199618_48.png"
        },
        "bot_id": "BG3N7LG73",
        "attachments": [
            {
                "service_name": "reddit",
                "title": "Issue when testing\/running terraform locally",
                "title_link": "https:\/\/www.reddit.com\/r\/Terraform\/comments\/ncafya\/issue_when_testingrunning_terraform_locally\/",
                "text": "Hi everyone, i was able to test at least terraform init and plan locally for a long time but now facing issues. Maybe someone has an idea? It...",
                "fallback": "reddit: Issue when testing\/running terraform locally",
                "thumb_url": "https:\/\/www.redditstatic.com\/new-icon.png",
                "from_url": "https:\/\/www.reddit.com\/r\/Terraform\/comments\/ncafya\/issue_when_testingrunning_terraform_locally\/",
                "thumb_width": 256,
                "thumb_height": 256,
                "service_icon": "http:\/\/www.redditstatic.com\/desktop2x\/img\/favicon\/apple-icon-57x57.png",
                "id": 1,
                "original_url": "https:\/\/www.reddit.com\/r\/Terraform\/comments\/ncafya\/issue_when_testingrunning_terraform_locally\/"
            }
        ],
        "edited": {
            "user": "BG3N7LG73",
            "ts": "1621004800.000000"
        }
    },
    {
        "type": "message",
        "subtype": "bot_message",
        "text": "<https:\/\/www.reddit.com\/r\/Terraform\/comments\/ncbxwg\/terraform_module_output_whole_resource_or\/|Terraform module - output whole resource or individual attributes?>\nHi, I created a module that creates a few different resources. I need to output a number of attributes for each resource (eg name, id etc). So far I only been outputting required attributes for each resources, but this means there’s a lot of outputs. ​ I wondering if it’s better to output the whole resource? This would reduce the code a bit. ​ What are people’s thoughts? Which method is considered best practice?    submitted by   <https:\/\/www.reddit.com\/user\/DH171| \/u\/DH171 > \n&lt;a...",
        "ts": "1621007798.085000",
        "username": "Terraform",
        "icons": {
            "image_48": "https:\/\/s3-us-west-2.amazonaws.com\/slack-files2\/bot_icons\/2019-02-12\/548785199618_48.png"
        },
        "bot_id": "BG3N7LG73",
        "attachments": [
            {
                "service_name": "reddit",
                "title": "Terraform module - output whole resource or individual attributes?",
                "title_link": "https:\/\/www.reddit.com\/r\/Terraform\/comments\/ncbxwg\/terraform_module_output_whole_resource_or\/",
                "text": "Hi, I created a module that creates a few different resources. I need to output a number of attributes for each resource (eg name, id etc). So far...",
                "fallback": "reddit: Terraform module - output whole resource or individual attributes?",
                "thumb_url": "https:\/\/www.redditstatic.com\/new-icon.png",
                "from_url": "https:\/\/www.reddit.com\/r\/Terraform\/comments\/ncbxwg\/terraform_module_output_whole_resource_or\/",
                "thumb_width": 256,
                "thumb_height": 256,
                "service_icon": "http:\/\/www.redditstatic.com\/desktop2x\/img\/favicon\/apple-icon-57x57.png",
                "id": 1,
                "original_url": "https:\/\/www.reddit.com\/r\/Terraform\/comments\/ncbxwg\/terraform_module_output_whole_resource_or\/"
            },
            {
                "title": "overview for DH171",
                "title_link": "https:\/\/www.reddit.com\/user\/DH171",
                "text": "The u\/DH171 community on Reddit. Reddit gives you the best of the internet in one place.",
                "fallback": "overview for DH171",
                "from_url": "https:\/\/www.reddit.com\/user\/DH171",
                "service_icon": "http:\/\/www.redditstatic.com\/desktop2x\/img\/favicon\/apple-icon-57x57.png",
                "service_name": "reddit.com",
                "id": 2,
                "original_url": "https:\/\/www.reddit.com\/user\/DH171"
            }
        ],
        "edited": {
            "user": "BG3N7LG73",
            "ts": "1621007799.000000"
        }
    },
    {
        "type": "message",
        "subtype": "bot_message",
        "text": "<https:\/\/www.reddit.com\/r\/Terraform\/comments\/ncegpc\/anyone_know_a_project_creating_terratest_mapping\/|Anyone know a project creating Terratest mapping for CVEs?>\nTitle says it. I was wondering if anyone knew of a project working on capturing the CVEs in Terratest. Edit: I was wondering if efforts were being made to capture the data that the CVEs represent into terratest modules with corresponding terraform code for remediation. Auditing and remediating as much of the problem set that the CVEs represent as possible.    submitted by   <https:\/\/www.reddit.com\/user\/yangzhoufriedr-ice| \/u\/yangzhoufriedr-ice > \n&lt;a...",
        "ts": "1621015001.085200",
        "username": "Terraform",
        "icons": {
            "image_48": "https:\/\/s3-us-west-2.amazonaws.com\/slack-files2\/bot_icons\/2019-02-12\/548785199618_48.png"
        },
        "bot_id": "BG3N7LG73",
        "attachments": [
            {
                "service_name": "reddit",
                "title": "Anyone know a project creating Terratest mapping for CVEs?",
                "title_link": "https:\/\/www.reddit.com\/r\/Terraform\/comments\/ncegpc\/anyone_know_a_project_creating_terratest_mapping\/",
                "text": "Title says it. I was wondering if anyone knew of a project working on capturing the CVEs in Terratest. Edit: I was wondering if efforts were...",
                "fallback": "reddit: Anyone know a project creating Terratest mapping for CVEs?",
                "thumb_url": "https:\/\/www.redditstatic.com\/new-icon.png",
                "from_url": "https:\/\/www.reddit.com\/r\/Terraform\/comments\/ncegpc\/anyone_know_a_project_creating_terratest_mapping\/",
                "thumb_width": 256,
                "thumb_height": 256,
                "service_icon": "http:\/\/www.redditstatic.com\/desktop2x\/img\/favicon\/apple-icon-57x57.png",
                "id": 1,
                "original_url": "https:\/\/www.reddit.com\/r\/Terraform\/comments\/ncegpc\/anyone_know_a_project_creating_terratest_mapping\/"
            },
            {
                "title": "overview for yangzhoufriedr-ice",
                "title_link": "https:\/\/www.reddit.com\/user\/yangzhoufriedr-ice",
                "text": "Hou Hou Hou Trol Ling Uuuu.",
                "fallback": "overview for yangzhoufriedr-ice",
                "from_url": "https:\/\/www.reddit.com\/user\/yangzhoufriedr-ice",
                "service_icon": "http:\/\/www.redditstatic.com\/desktop2x\/img\/favicon\/apple-icon-57x57.png",
                "service_name": "reddit.com",
                "id": 2,
                "original_url": "https:\/\/www.reddit.com\/user\/yangzhoufriedr-ice"
            }
        ],
        "edited": {
            "user": "BG3N7LG73",
            "ts": "1621015001.000000"
        }
    },
    {
        "type": "message",
        "subtype": "bot_message",
        "text": "<https:\/\/www.reddit.com\/r\/Terraform\/comments\/ncgayr\/managing_ips_when_redeploying_in_terraform\/|Managing IP's when redeploying in Terraform>\nMy infrastructure consists of various service nodes (proxies, LDAP server, Grafana\/Prometheus monitoring, etc), a \"login\" node, and various \"worker\" nodes that comprise an HPC cluster. I build my images using Packer, then redeploy the instance with terraform apply. However, for post-deployment configuration, I use cloud-config templates that get populated on deployment, and when I make changes to these templates, Terraform doesn't pick that up as a \"change\" to the infrastructure, so terraform...",
        "ts": "1621019798.085400",
        "username": "Terraform",
        "icons": {
            "image_48": "https:\/\/s3-us-west-2.amazonaws.com\/slack-files2\/bot_icons\/2019-02-12\/548785199618_48.png"
        },
        "bot_id": "BG3N7LG73",
        "attachments": [
            {
                "service_name": "reddit",
                "title": "Managing IP's when redeploying in Terraform",
                "title_link": "https:\/\/www.reddit.com\/r\/Terraform\/comments\/ncgayr\/managing_ips_when_redeploying_in_terraform\/",
                "text": "My infrastructure consists of various service nodes (proxies, LDAP server, Grafana\/Prometheus monitoring, etc), a \"login\" node, and various...",
                "fallback": "reddit: Managing IP's when redeploying in Terraform",
                "thumb_url": "https:\/\/www.redditstatic.com\/new-icon.png",
                "from_url": "https:\/\/www.reddit.com\/r\/Terraform\/comments\/ncgayr\/managing_ips_when_redeploying_in_terraform\/",
                "thumb_width": 256,
                "thumb_height": 256,
                "service_icon": "http:\/\/www.redditstatic.com\/desktop2x\/img\/favicon\/apple-icon-57x57.png",
                "id": 1,
                "original_url": "https:\/\/www.reddit.com\/r\/Terraform\/comments\/ncgayr\/managing_ips_when_redeploying_in_terraform\/"
            }
        ],
        "edited": {
            "user": "BG3N7LG73",
            "ts": "1621019798.000000"
        }
    },
    {
        "type": "message",
        "subtype": "bot_message",
        "text": "<https:\/\/www.reddit.com\/r\/Terraform\/comments\/ncgu6e\/terraform_build_ansible_intentory\/|Terraform build ansible intentory>\nHey all, I've been fiddling with this for a while.. trying to set up the building of an inventory using either templatefile in a local_file resource or through template_file. I am able to extract the IP's and load them in a single fashion, but if I want to add resources for scalability I cannot get it to count or loop through and output the IP's. Curious if someone had this mocked up and could help out. I feel the content is restricted by the unique resource name but could never find the...",
        "ts": "1621020997.085600",
        "username": "Terraform",
        "icons": {
            "image_48": "https:\/\/s3-us-west-2.amazonaws.com\/slack-files2\/bot_icons\/2019-02-12\/548785199618_48.png"
        },
        "bot_id": "BG3N7LG73",
        "attachments": [
            {
                "service_name": "reddit",
                "title": "Terraform build ansible intentory",
                "title_link": "https:\/\/www.reddit.com\/r\/Terraform\/comments\/ncgu6e\/terraform_build_ansible_intentory\/",
                "text": "Hey all, I've been fiddling with this for a while.. trying to set up the building of an inventory using either templatefile in a local\\_file...",
                "fallback": "reddit: Terraform build ansible intentory",
                "thumb_url": "https:\/\/www.redditstatic.com\/new-icon.png",
                "from_url": "https:\/\/www.reddit.com\/r\/Terraform\/comments\/ncgu6e\/terraform_build_ansible_intentory\/",
                "thumb_width": 256,
                "thumb_height": 256,
                "service_icon": "http:\/\/www.redditstatic.com\/desktop2x\/img\/favicon\/apple-icon-57x57.png",
                "id": 1,
                "original_url": "https:\/\/www.reddit.com\/r\/Terraform\/comments\/ncgu6e\/terraform_build_ansible_intentory\/"
            }
        ],
        "edited": {
            "user": "BG3N7LG73",
            "ts": "1621020997.000000"
        }
    },
    {
        "type": "message",
        "subtype": "bot_message",
        "text": "<https:\/\/www.reddit.com\/r\/Terraform\/comments\/ncjym3\/terraform_code_for_clone_vm_on_azure\/|Terraform code for clone VM on Azure>\nHi guys, ​ Would you mind sharing the code for cloning Windows VM in Azure, including data and os disk. Our dev already configured it. Or even better, the whole resource group. I'm trying to replicate the dev environment ( wasn't built using terraform) to production. I would appreciate it if you can point me to the right resources. Thank you!    submitted by   <https:\/\/www.reddit.com\/user\/RelativeMix8600| \/u\/RelativeMix8600 > \n&lt;a...",
        "ts": "1621029396.085800",
        "username": "Terraform",
        "icons": {
            "image_48": "https:\/\/s3-us-west-2.amazonaws.com\/slack-files2\/bot_icons\/2019-02-12\/548785199618_48.png"
        },
        "bot_id": "BG3N7LG73",
        "attachments": [
            {
                "service_name": "reddit",
                "title": "Terraform code for clone VM on Azure",
                "title_link": "https:\/\/www.reddit.com\/r\/Terraform\/comments\/ncjym3\/terraform_code_for_clone_vm_on_azure\/",
                "text": "Hi guys, &amp;#x200B; Would you mind sharing the code for cloning Windows VM in Azure, including data and os disk. Our dev already configured it. Or...",
                "fallback": "reddit: Terraform code for clone VM on Azure",
                "thumb_url": "https:\/\/www.redditstatic.com\/new-icon.png",
                "from_url": "https:\/\/www.reddit.com\/r\/Terraform\/comments\/ncjym3\/terraform_code_for_clone_vm_on_azure\/",
                "thumb_width": 256,
                "thumb_height": 256,
                "service_icon": "http:\/\/www.redditstatic.com\/desktop2x\/img\/favicon\/apple-icon-57x57.png",
                "id": 1,
                "original_url": "https:\/\/www.reddit.com\/r\/Terraform\/comments\/ncjym3\/terraform_code_for_clone_vm_on_azure\/"
            },
            {
                "title": "overview for RelativeMix8600",
                "title_link": "https:\/\/www.reddit.com\/user\/RelativeMix8600",
                "text": "The u\/RelativeMix8600 community on Reddit. Reddit gives you the best of the internet in one place.",
                "fallback": "overview for RelativeMix8600",
                "from_url": "https:\/\/www.reddit.com\/user\/RelativeMix8600",
                "service_icon": "http:\/\/www.redditstatic.com\/desktop2x\/img\/favicon\/apple-icon-57x57.png",
                "service_name": "reddit.com",
                "id": 2,
                "original_url": "https:\/\/www.reddit.com\/user\/RelativeMix8600"
            }
        ],
        "edited": {
            "user": "BG3N7LG73",
            "ts": "1621029397.000000"
        }
    }
]