[
    {
        "type": "message",
        "subtype": "bot_message",
        "text": "<https:\/\/www.reddit.com\/r\/Terraform\/comments\/no6fpu\/need_some_help_understanding_local_workspaces\/|Need some help understanding (local) workspaces>\nI'm a bit confused by the concept of workspaces. I'm working in Google Cloud and my current understanding is: If I am working from a single configuration, and I want to create a second set of infrastructure to experiment with so I don't break a production environment, I can create a new workspace, which essentially creates a new state file, and spin up new infrastructure. But where I begin to get confused is in the naming of resources. If I have existing infrastructure, which sometimes needs...",
        "ts": "1622362598.023600",
        "username": "Terraform",
        "icons": {
            "image_48": "https:\/\/s3-us-west-2.amazonaws.com\/slack-files2\/bot_icons\/2019-02-12\/548785199618_48.png"
        },
        "bot_id": "BG3N7LG73",
        "attachments": [
            {
                "service_name": "reddit",
                "title": "Need some help understanding (local) workspaces",
                "title_link": "https:\/\/www.reddit.com\/r\/Terraform\/comments\/no6fpu\/need_some_help_understanding_local_workspaces\/",
                "text": "I'm a bit confused by the concept of workspaces. I'm working in Google Cloud and my current understanding is: If I am working from a single...",
                "fallback": "reddit: Need some help understanding (local) workspaces",
                "thumb_url": "https:\/\/www.redditstatic.com\/new-icon.png",
                "from_url": "https:\/\/www.reddit.com\/r\/Terraform\/comments\/no6fpu\/need_some_help_understanding_local_workspaces\/",
                "thumb_width": 256,
                "thumb_height": 256,
                "service_icon": "http:\/\/www.redditstatic.com\/desktop2x\/img\/favicon\/apple-icon-57x57.png",
                "id": 1,
                "original_url": "https:\/\/www.reddit.com\/r\/Terraform\/comments\/no6fpu\/need_some_help_understanding_local_workspaces\/"
            }
        ],
        "edited": {
            "user": "BG3N7LG73",
            "ts": "1622362598.000000"
        }
    },
    {
        "type": "message",
        "subtype": "bot_message",
        "text": "<https:\/\/www.reddit.com\/r\/Terraform\/comments\/no80or\/splitting_object_in_2_1_resource_generates\/|Splitting object in 2. 1 resource generates subnets, should be split evenly between 2 route tables>\nHi ​ I'm trying to get a create some terraform for 1 resource which generates a long list of subnets, but i need these subnets to be evenly distrubuted between 2 route tables which is is the issue. I have all the subnets which is generating correctly, but i can't figure out how to split the resources in 2 afterwards. ​ My code currently looks like this  resource \"azurerm\\_subnet\" \"subnets\" { for\\_each = toset(slice(cidrsubnets(\"10.10.0.0\/18\", \\[*for* v in range(512) : 9\\]...), 2,...",
        "ts": "1622369797.023800",
        "username": "Terraform",
        "icons": {
            "image_48": "https:\/\/s3-us-west-2.amazonaws.com\/slack-files2\/bot_icons\/2019-02-12\/548785199618_48.png"
        },
        "bot_id": "BG3N7LG73",
        "attachments": [
            {
                "service_name": "reddit",
                "title": "Splitting object in 2. 1 resource generates subnets, should be split evenly between 2 route tables",
                "title_link": "https:\/\/www.reddit.com\/r\/Terraform\/comments\/no80or\/splitting_object_in_2_1_resource_generates\/",
                "text": "Hi &amp;#x200B; I'm trying to get a create some terraform for 1 resource which generates a long list of subnets, but i need these subnets to be...",
                "fallback": "reddit: Splitting object in 2. 1 resource generates subnets, should be split evenly between 2 route tables",
                "thumb_url": "https:\/\/www.redditstatic.com\/new-icon.png",
                "from_url": "https:\/\/www.reddit.com\/r\/Terraform\/comments\/no80or\/splitting_object_in_2_1_resource_generates\/",
                "thumb_width": 256,
                "thumb_height": 256,
                "service_icon": "http:\/\/www.redditstatic.com\/desktop2x\/img\/favicon\/apple-icon-57x57.png",
                "id": 1,
                "original_url": "https:\/\/www.reddit.com\/r\/Terraform\/comments\/no80or\/splitting_object_in_2_1_resource_generates\/"
            }
        ],
        "edited": {
            "user": "BG3N7LG73",
            "ts": "1622369797.000000"
        }
    },
    {
        "type": "message",
        "subtype": "bot_message",
        "text": "<https:\/\/qiita.com\/neruneruo\/items\/0368b1907b98876a3b89|Terraform と Amazon API Gateway でS3バケットにファイルアップロードする>\nはじめに\n\nAmazon API Gateway の AWS サービス統合では、Lambda を通さずに直接サービスにアクセスすることができて、No-Code、Low-Code な感じでサービスを構築することができる(実際には YAML とか VTL とか知らないといけないから、No-Code ではないか)。\n\n今回は、S3バケットにファイルをアップロードする API Gateway を構築してみる。\n\nなお、参考にしたのは以下の公式ドキュメントだ。\n\n\nAPI Gateway API を介して Amazon S3 のバイナリファイルにアクセスする\n\n\n\nAmazon API Gatewayの構築\n\nアップロードする API は API Gateway の prod\/uploader に PUT するメソッドを作ることにしよう。\nlogformat.json はあってもなくても良いが、サービス統合するときには、ログをちゃんと出しておかないと、トラブったときに何もわからなくなるので、出しておくことを推奨する。\n\nAPI Gateway を構築する HCL ファイルの全体...",
        "ts": "1622379395.024000",
        "username": "Terraformタグが付けられた新着記事 - Qiita",
        "icons": {
            "image_36": "https:\/\/a.slack-edge.com\/80588\/img\/services\/rss_36.png",
            "image_48": "https:\/\/a.slack-edge.com\/80588\/img\/services\/rss_48.png",
            "image_72": "https:\/\/a.slack-edge.com\/80588\/img\/services\/rss_72.png"
        },
        "bot_id": "BG3N7LG73",
        "attachments": [
            {
                "service_name": "Qiita",
                "title": "Terraform と Amazon API Gateway でS3バケットにファイルアップロードする - Qiita",
                "title_link": "https:\/\/qiita.com\/neruneruo\/items\/0368b1907b98876a3b89",
                "text": "はじめに Amazon API Gateway の AWS サービス統合では、Lambda を通さずに直接サービスにアクセスすることができて、No-Code、Low-Code な感じでサービスを構築することができる(実際には Y...",
                "fallback": "Qiita: Terraform と Amazon API Gateway でS3バケットにファイルアップロードする - Qiita",
                "image_url": "https:\/\/qiita-user-contents.imgix.net\/https%3A%2F%2Fcdn.qiita.com%2Fassets%2Fpublic%2Farticle-ogp-background-1150d8b18a7c15795b701a55ae908f94.png?ixlib=rb-4.0.0&w=1200&mark=https%3A%2F%2Fqiita-user-contents.imgix.net%2F~text%3Fixlib%3Drb-4.0.0%26w%3D840%26h%3D380%26txt%3DTerraform%2520%25E3%2581%25A8%2520Amazon%2520API%2520Gateway%2520%25E3%2581%25A7S3%25E3%2583%2590%25E3%2582%25B1%25E3%2583%2583%25E3%2583%2588%25E3%2581%25AB%25E3%2583%2595%25E3%2582%25A1%25E3%2582%25A4%25E3%2583%25AB%25E3%2582%25A2%25E3%2583%2583%25E3%2583%2597%25E3%2583%25AD%25E3%2583%25BC%25E3%2583%2589%25E3%2581%2599%25E3%2582%258B%26txt-color%3D%2523333%26txt-font%3DHiragino%2520Sans%2520W6%26txt-size%3D54%26txt-clip%3Dellipsis%26txt-align%3Dcenter%252Cmiddle%26s%3D7f45e36b5e8929f9f49d7bbc3ce16a0f&mark-align=center%2Cmiddle&blend=https%3A%2F%2Fqiita-user-contents.imgix.net%2F~text%3Fixlib%3Drb-4.0.0%26w%3D840%26h%3D500%26txt%3D%2540neruneruo%26txt-color%3D%2523333%26txt-font%3DHiragino%2520Sans%2520W6%26txt-size%3D45%26txt-align%3Dright%252Cbottom%26s%3D73e2b662f3274258a09efeb56c67c55e&blend-align=center%2Cmiddle&blend-mode=normal&s=18387d783e640a684dc0ca8bf616012a",
                "from_url": "https:\/\/qiita.com\/neruneruo\/items\/0368b1907b98876a3b89",
                "image_width": 476,
                "image_height": 250,
                "image_bytes": 53900,
                "service_icon": "https:\/\/cdn.qiita.com\/assets\/favicons\/public\/apple-touch-icon-ec5ba42a24ae923f16825592efdc356f.png",
                "id": 1,
                "original_url": "https:\/\/qiita.com\/neruneruo\/items\/0368b1907b98876a3b89"
            }
        ],
        "edited": {
            "user": "BG3N7LG73",
            "ts": "1622379395.000000"
        }
    },
    {
        "type": "message",
        "subtype": "bot_message",
        "text": "<https:\/\/www.reddit.com\/r\/Terraform\/comments\/nobon3\/i_made_a_cli_tool_in_go_that_makes_it_easy_to\/|I made a CLI tool in Go that makes it easy to list over 250+ AWS resources and attributes by their Terraform names>\nsubmitted by   <https:\/\/www.reddit.com\/user\/jckuester| \/u\/jckuester > \n<https:\/\/github.com\/jckuester\/awsls|[link]>   <https:\/\/www.reddit.com\/r\/Terraform\/comments\/nobon3\/i_made_a_cli_tool_in_go_that_makes_it_easy_to\/|[comments]>",
        "ts": "1622383000.024200",
        "username": "Terraform",
        "icons": {
            "image_48": "https:\/\/s3-us-west-2.amazonaws.com\/slack-files2\/bot_icons\/2019-02-12\/548785199618_48.png"
        },
        "bot_id": "BG3N7LG73",
        "attachments": [
            {
                "service_name": "reddit",
                "title": "I made a CLI tool in Go that makes it easy to list over 250+ AWS resources and attributes by their Terraform names",
                "title_link": "https:\/\/www.reddit.com\/r\/Terraform\/comments\/nobon3\/i_made_a_cli_tool_in_go_that_makes_it_easy_to\/",
                "text": "Posted in r\/Terraform by u\/jckuester • 1 point and 0 comments",
                "fallback": "reddit: I made a CLI tool in Go that makes it easy to list over 250+ AWS resources and attributes by their Terraform names",
                "thumb_url": "https:\/\/b.thumbs.redditmedia.com\/vv-xx_2galqC0kD-BFbKjITjlQ_XLwtKA2D_zQNWkrY.jpg",
                "from_url": "https:\/\/www.reddit.com\/r\/Terraform\/comments\/nobon3\/i_made_a_cli_tool_in_go_that_makes_it_easy_to\/",
                "thumb_width": 140,
                "thumb_height": 70,
                "service_icon": "http:\/\/www.redditstatic.com\/desktop2x\/img\/favicon\/apple-icon-57x57.png",
                "id": 1,
                "original_url": "https:\/\/www.reddit.com\/r\/Terraform\/comments\/nobon3\/i_made_a_cli_tool_in_go_that_makes_it_easy_to\/"
            },
            {
                "title": "overview for jckuester",
                "title_link": "https:\/\/www.reddit.com\/user\/jckuester",
                "text": "The u\/jckuester community on Reddit. Reddit gives you the best of the internet in one place.",
                "fallback": "overview for jckuester",
                "from_url": "https:\/\/www.reddit.com\/user\/jckuester",
                "service_icon": "http:\/\/www.redditstatic.com\/desktop2x\/img\/favicon\/apple-icon-57x57.png",
                "service_name": "reddit.com",
                "id": 2,
                "original_url": "https:\/\/www.reddit.com\/user\/jckuester"
            },
            {
                "service_name": "GitHub",
                "title": "jckuester\/awsls",
                "title_link": "https:\/\/github.com\/jckuester\/awsls",
                "text": "A list command for AWS resources. Contribute to jckuester\/awsls development by creating an account on GitHub.",
                "fallback": "GitHub: jckuester\/awsls",
                "image_url": "https:\/\/opengraph.githubassets.com\/ee8134972bfbf7066a2ace2dffb7169ef95c4859c784fdce5c5db0fdc00adc7c\/jckuester\/awsls",
                "image_width": 500,
                "image_height": 250,
                "from_url": "https:\/\/github.com\/jckuester\/awsls",
                "image_bytes": 105867,
                "service_icon": "https:\/\/a.slack-edge.com\/80588\/img\/unfurl_icons\/github.png",
                "id": 3,
                "original_url": "https:\/\/github.com\/jckuester\/awsls"
            }
        ],
        "edited": {
            "user": "BG3N7LG73",
            "ts": "1622383001.000000"
        }
    },
    {
        "type": "message",
        "subtype": "bot_message",
        "text": "<https:\/\/www.reddit.com\/r\/Terraform\/comments\/nogekg\/aws_vpc_endpoint_unexpected_state_pending\/|AWS VPC Endpoint: \"unexpected state 'pending'\">\nHey all, I was going to open a GitHub issue, but I figured I would run this past you all first and see if maybe I'm missing something. I am writing some TF scripts to create an environment in AWS which will use Palo Alto NGFWs (nested behind an AWS Gateway Load-Balancer) for traffic-inspection. The issue I'm encountering is this: All VPCs\/Subnets\/etc. are created successfully. GWLB is created successfully. VPC Endpoint Service is created successfully. TF claims that VPC Endpoints fail...",
        "ts": "1622398000.024400",
        "username": "Terraform",
        "icons": {
            "image_48": "https:\/\/s3-us-west-2.amazonaws.com\/slack-files2\/bot_icons\/2019-02-12\/548785199618_48.png"
        },
        "bot_id": "BG3N7LG73",
        "attachments": [
            {
                "service_name": "reddit",
                "title": "AWS VPC Endpoint: \"unexpected state 'pending'\"",
                "title_link": "https:\/\/www.reddit.com\/r\/Terraform\/comments\/nogekg\/aws_vpc_endpoint_unexpected_state_pending\/",
                "text": "Hey all, I was going to open a GitHub issue, but I figured I would run this past you all first and see if maybe I'm missing something. I am...",
                "fallback": "reddit: AWS VPC Endpoint: \"unexpected state 'pending'\"",
                "thumb_url": "https:\/\/www.redditstatic.com\/new-icon.png",
                "from_url": "https:\/\/www.reddit.com\/r\/Terraform\/comments\/nogekg\/aws_vpc_endpoint_unexpected_state_pending\/",
                "thumb_width": 256,
                "thumb_height": 256,
                "service_icon": "http:\/\/www.redditstatic.com\/desktop2x\/img\/favicon\/apple-icon-57x57.png",
                "id": 1,
                "original_url": "https:\/\/www.reddit.com\/r\/Terraform\/comments\/nogekg\/aws_vpc_endpoint_unexpected_state_pending\/"
            }
        ],
        "edited": {
            "user": "BG3N7LG73",
            "ts": "1622398001.000000"
        }
    },
    {
        "type": "message",
        "subtype": "bot_message",
        "text": "<https:\/\/www.reddit.com\/r\/Terraform\/comments\/non7in\/what_is_key_name_in_launch_template\/|What is key_name in launch_template>\nIn the docs,  key_name in aws_instance (<https:\/\/registry.terraform.io\/providers\/hashicorp\/aws\/latest\/docs\/resources\/instance|https:\/\/registry.terraform.io\/providers\/hashicorp\/aws\/latest\/docs\/resources\/instance>) is:\n key_name - (Optional) Key name of the Key Pair to use for the instance; which can be managed using the aws_key_pair resource. key_name in aws_launch_configuration (&lt;a...",
        "ts": "1622417197.024600",
        "username": "Terraform",
        "icons": {
            "image_48": "https:\/\/s3-us-west-2.amazonaws.com\/slack-files2\/bot_icons\/2019-02-12\/548785199618_48.png"
        },
        "bot_id": "BG3N7LG73",
        "attachments": [
            {
                "service_name": "reddit",
                "title": "What is key_name in launch_template",
                "title_link": "https:\/\/www.reddit.com\/r\/Terraform\/comments\/non7in\/what_is_key_name_in_launch_template\/",
                "text": "In the docs, 1. key\\_name in aws\\_instance...",
                "fallback": "reddit: What is key_name in launch_template",
                "thumb_url": "https:\/\/www.redditstatic.com\/new-icon.png",
                "from_url": "https:\/\/www.reddit.com\/r\/Terraform\/comments\/non7in\/what_is_key_name_in_launch_template\/",
                "thumb_width": 256,
                "thumb_height": 256,
                "service_icon": "http:\/\/www.redditstatic.com\/desktop2x\/img\/favicon\/apple-icon-57x57.png",
                "id": 1,
                "original_url": "https:\/\/www.reddit.com\/r\/Terraform\/comments\/non7in\/what_is_key_name_in_launch_template\/"
            }
        ],
        "edited": {
            "user": "BG3N7LG73",
            "ts": "1622417197.000000"
        }
    }
]