[
    {
        "type": "message",
        "subtype": "bot_message",
        "text": "<https:\/\/www.reddit.com\/r\/Terraform\/comments\/nlapor\/example_of_terraform_for_nonaws_s3_bucket_wasabi\/|Example of Terraform for non-AWS S3 bucket (Wasabi)>\nHi Everybody, I would like to create S3 buckets at Wasabi that re-implemented AWS API including IAM and policies. Unfortunately Wasabi official pages <https:\/\/wasabi-support.zendesk.com\/hc\/en-us\/articles\/360003362071-How-do-I-use-Terraform-with-Wasabi-|describes using MinIO> as workaround since you can't use directly aws Terraform provider. I would prefer using Terraform directly and after some searching I found following github repos: &lt;a...",
        "ts": "1622013397.015700",
        "username": "Terraform",
        "icons": {
            "image_48": "https:\/\/s3-us-west-2.amazonaws.com\/slack-files2\/bot_icons\/2019-02-12\/548785199618_48.png"
        },
        "bot_id": "BG3N7LG73",
        "attachments": [
            {
                "service_name": "reddit",
                "title": "Example of Terraform for non-AWS S3 bucket (Wasabi)",
                "title_link": "https:\/\/www.reddit.com\/r\/Terraform\/comments\/nlapor\/example_of_terraform_for_nonaws_s3_bucket_wasabi\/",
                "text": "Hi Everybody, I would like to create S3 buckets at Wasabi that re-implemented AWS API including IAM and policies. Unfortunately Wasabi official...",
                "fallback": "reddit: Example of Terraform for non-AWS S3 bucket (Wasabi)",
                "thumb_url": "https:\/\/www.redditstatic.com\/new-icon.png",
                "from_url": "https:\/\/www.reddit.com\/r\/Terraform\/comments\/nlapor\/example_of_terraform_for_nonaws_s3_bucket_wasabi\/",
                "thumb_width": 256,
                "thumb_height": 256,
                "service_icon": "http:\/\/www.redditstatic.com\/desktop2x\/img\/favicon\/apple-icon-57x57.png",
                "id": 1,
                "original_url": "https:\/\/www.reddit.com\/r\/Terraform\/comments\/nlapor\/example_of_terraform_for_nonaws_s3_bucket_wasabi\/"
            },
            {
                "service_name": "Wasabi Knowledge Base",
                "title": "How do I use Terraform with Wasabi?",
                "title_link": "https:\/\/wasabi-support.zendesk.com\/hc\/en-us\/articles\/360003362071-How-do-I-use-Terraform-with-Wasabi-",
                "text": "Terraform is an open-source tool that allows you to manage your infrastructure as code. Below are the instructions to use Terraform with Wasabi. Note that these examples discuss the use of Wasabi's...",
                "fallback": "Wasabi Knowledge Base: How do I use Terraform with Wasabi?",
                "from_url": "https:\/\/wasabi-support.zendesk.com\/hc\/en-us\/articles\/360003362071-How-do-I-use-Terraform-with-Wasabi-",
                "thumb_url": "https:\/\/static.zdassets.com\/hc\/assets\/logo.png",
                "thumb_width": 200,
                "thumb_height": 200,
                "service_icon": "http:\/\/theme.zdassets.com\/theme_assets\/1565875\/4425f38e983bb6cb7402f172f4b75250fcf4ee59.ico",
                "id": 2,
                "original_url": "https:\/\/wasabi-support.zendesk.com\/hc\/en-us\/articles\/360003362071-How-do-I-use-Terraform-with-Wasabi-"
            }
        ],
        "edited": {
            "user": "BG3N7LG73",
            "ts": "1622013397.000000"
        }
    },
    {
        "type": "message",
        "subtype": "bot_message",
        "text": "<https:\/\/qiita.com\/m-oka-system\/items\/77ec2c284f68db76b008|Former2を使って既存のAWSリソースからテンプレートを生成>\n既存のAWSリソースからCloudFormationやTerraformのテンプレートを生成できるツール「Former2」を試してみました。\n\n\n環境構築\n\nFormer2はWebベースで動作するので、former2 にアクセスすれば利用できます。\n自分のAWSリソースにアクセスするための認証情報を登録する必要がありますが、サードパーティのツールに機密情報を入力したくない場合はDockerを使ってローカルにサクッと環境構築できます。\n\ngit clone <https:\/\/github.com\/iann0036\/former2.git>\ncd former2\/\ndocker-compose up -d\n\n\ndocker-compose.ymlをのぞいてみると以下のような感じでした。\n\n\ndocker-compose.yml\nversion: '3'\nservices:\n  former2:\n    image: nginx:1.17.8-alpine\n    ports:\n      - \"127.0.0.1:80:80\"\n    volumes:\n    -...",
        "ts": "1622019396.015900",
        "username": "Terraformタグが付けられた新着記事 - Qiita",
        "icons": {
            "image_36": "https:\/\/a.slack-edge.com\/80588\/img\/services\/rss_36.png",
            "image_48": "https:\/\/a.slack-edge.com\/80588\/img\/services\/rss_48.png",
            "image_72": "https:\/\/a.slack-edge.com\/80588\/img\/services\/rss_72.png"
        },
        "bot_id": "BG3N7LG73",
        "attachments": [
            {
                "service_name": "Qiita",
                "title": "Former2を使って既存のAWSリソースからテンプレートを生成 - Qiita",
                "title_link": "https:\/\/qiita.com\/m-oka-system\/items\/77ec2c284f68db76b008",
                "text": "既存のAWSリソースからCloudFormationやTerraformのテンプレートを生成できるツール「Former2」を試してみました。 環境構築 Former2はWebベースで動作するので、former2 にアクセスすれば...",
                "fallback": "Qiita: Former2を使って既存のAWSリソースからテンプレートを生成 - Qiita",
                "image_url": "https:\/\/qiita-user-contents.imgix.net\/https%3A%2F%2Fcdn.qiita.com%2Fassets%2Fpublic%2Farticle-ogp-background-1150d8b18a7c15795b701a55ae908f94.png?ixlib=rb-4.0.0&w=1200&mark=https%3A%2F%2Fqiita-user-contents.imgix.net%2F~text%3Fixlib%3Drb-4.0.0%26w%3D840%26h%3D380%26txt%3DFormer2%25E3%2582%2592%25E4%25BD%25BF%25E3%2581%25A3%25E3%2581%25A6%25E6%2597%25A2%25E5%25AD%2598%25E3%2581%25AEAWS%25E3%2583%25AA%25E3%2582%25BD%25E3%2583%25BC%25E3%2582%25B9%25E3%2581%258B%25E3%2582%2589%25E3%2583%2586%25E3%2583%25B3%25E3%2583%2597%25E3%2583%25AC%25E3%2583%25BC%25E3%2583%2588%25E3%2582%2592%25E7%2594%259F%25E6%2588%2590%26txt-color%3D%2523333%26txt-font%3DHiragino%2520Sans%2520W6%26txt-size%3D54%26txt-clip%3Dellipsis%26txt-align%3Dcenter%252Cmiddle%26s%3D4a51ff7c1ae1a1e1fb5f21f744f73fe8&mark-align=center%2Cmiddle&blend=https%3A%2F%2Fqiita-user-contents.imgix.net%2F~text%3Fixlib%3Drb-4.0.0%26w%3D840%26h%3D500%26txt%3D%2540m-oka-system%26txt-color%3D%2523333%26txt-font%3DHiragino%2520Sans%2520W6%26txt-size%3D45%26txt-align%3Dright%252Cbottom%26s%3D8b002e370d0cdcd733306fa4fb2c2a39&blend-align=center%2Cmiddle&blend-mode=normal&s=34584358ddadef2fa8a7b78cecdacb93",
                "from_url": "https:\/\/qiita.com\/m-oka-system\/items\/77ec2c284f68db76b008",
                "image_width": 476,
                "image_height": 250,
                "image_bytes": 54131,
                "service_icon": "https:\/\/cdn.qiita.com\/assets\/favicons\/public\/apple-touch-icon-ec5ba42a24ae923f16825592efdc356f.png",
                "id": 1,
                "original_url": "https:\/\/qiita.com\/m-oka-system\/items\/77ec2c284f68db76b008"
            },
            {
                "service_name": "GitHub",
                "title": "iann0036\/former2",
                "title_link": "https:\/\/github.com\/iann0036\/former2.git",
                "text": "Generate CloudFormation \/ Terraform \/ Troposphere templates from your existing AWS resources. - iann0036\/former2",
                "fallback": "GitHub: iann0036\/former2",
                "image_url": "https:\/\/opengraph.githubassets.com\/6f9edc59ad870f5f3ccf4c2eac68ecaf2c7521f62eeee072c830f9da83738018\/iann0036\/former2",
                "image_width": 500,
                "image_height": 250,
                "from_url": "https:\/\/github.com\/iann0036\/former2.git",
                "image_bytes": 97275,
                "service_icon": "https:\/\/a.slack-edge.com\/80588\/img\/unfurl_icons\/github.png",
                "id": 2,
                "original_url": "https:\/\/github.com\/iann0036\/former2.git"
            }
        ],
        "edited": {
            "user": "BG3N7LG73",
            "ts": "1622019397.000000"
        }
    },
    {
        "type": "message",
        "subtype": "bot_message",
        "text": "<https:\/\/www.reddit.com\/r\/Terraform\/comments\/nlfm9r\/azure_engineer_builds_aws_lab_with_terraform\/|Azure Engineer Builds AWS Lab with Terraform>\nHey All, I thought I'd run a fun experiment to use my Terraform skills to build an AWS Lab. I only work with Azure day to day, but just wanted to highlight the benefits of learning a universal language such as HCL (Hashicorp Configuration Language). I learnt some new things about AWS through this experience, but am happy to work with \"public ips\" over \"elastic ips\"... So don't shoot me, my knowledge is lacking in the AWS space! &lt;a href=\"https:\/\/youtu.be\/1eHVDKk_MGw\"&gt;EP5 - Azure Engineer...",
        "ts": "1622032598.016100",
        "username": "Terraform",
        "icons": {
            "image_48": "https:\/\/s3-us-west-2.amazonaws.com\/slack-files2\/bot_icons\/2019-02-12\/548785199618_48.png"
        },
        "bot_id": "BG3N7LG73",
        "attachments": [
            {
                "service_name": "reddit",
                "title": "Azure Engineer Builds AWS Lab with Terraform",
                "title_link": "https:\/\/www.reddit.com\/r\/Terraform\/comments\/nlfm9r\/azure_engineer_builds_aws_lab_with_terraform\/",
                "text": "Hey All, I thought I'd run a fun experiment to use my Terraform skills to build an AWS Lab. I only work with Azure day to day, but just wanted to...",
                "fallback": "reddit: Azure Engineer Builds AWS Lab with Terraform",
                "thumb_url": "https:\/\/www.redditstatic.com\/new-icon.png",
                "from_url": "https:\/\/www.reddit.com\/r\/Terraform\/comments\/nlfm9r\/azure_engineer_builds_aws_lab_with_terraform\/",
                "thumb_width": 256,
                "thumb_height": 256,
                "service_icon": "http:\/\/www.redditstatic.com\/desktop2x\/img\/favicon\/apple-icon-57x57.png",
                "id": 1,
                "original_url": "https:\/\/www.reddit.com\/r\/Terraform\/comments\/nlfm9r\/azure_engineer_builds_aws_lab_with_terraform\/"
            }
        ],
        "edited": {
            "user": "BG3N7LG73",
            "ts": "1622032598.000000"
        }
    },
    {
        "type": "message",
        "subtype": "bot_message",
        "text": "<https:\/\/www.reddit.com\/r\/Terraform\/comments\/nljfgk\/terraform_cloud_operators\/|Terraform cloud operators>\nHello,\n I was wondering if it would be possible to implement this Terraform provider that allows you to access secrets from an Ansible Vault from Terraform, I am planing a move to terraform cloud and was wondering if there is a way to use this operator in terraform cloud?<https:\/\/github.com\/MeilleursAgents\/terraform-provider-ansiblevault|https:\/\/github.com\/MeilleursAgents\/terraform-provider-ansiblevault>\n Any help or information would be very much appreciated.\n Thanks    submitted...",
        "ts": "1622042779.016300",
        "username": "Terraform",
        "icons": {
            "image_48": "https:\/\/s3-us-west-2.amazonaws.com\/slack-files2\/bot_icons\/2019-02-12\/548785199618_48.png"
        },
        "bot_id": "BG3N7LG73",
        "attachments": [
            {
                "service_name": "reddit",
                "title": "Terraform cloud operators",
                "title_link": "https:\/\/www.reddit.com\/r\/Terraform\/comments\/nljfgk\/terraform_cloud_operators\/",
                "text": "Hello, I was wondering if it would be possible to implement this Terraform provider that allows you to access secrets from an Ansible Vault from...",
                "fallback": "reddit: Terraform cloud operators",
                "thumb_url": "https:\/\/www.redditstatic.com\/new-icon.png",
                "from_url": "https:\/\/www.reddit.com\/r\/Terraform\/comments\/nljfgk\/terraform_cloud_operators\/",
                "thumb_width": 256,
                "thumb_height": 256,
                "service_icon": "http:\/\/www.redditstatic.com\/desktop2x\/img\/favicon\/apple-icon-57x57.png",
                "id": 1,
                "original_url": "https:\/\/www.reddit.com\/r\/Terraform\/comments\/nljfgk\/terraform_cloud_operators\/"
            },
            {
                "service_name": "GitHub",
                "title": "MeilleursAgents\/terraform-provider-ansiblevault",
                "title_link": "https:\/\/github.com\/MeilleursAgents\/terraform-provider-ansiblevault",
                "text": "Read ansible vault from Terraform. Contribute to MeilleursAgents\/terraform-provider-ansiblevault development by creating an account on GitHub.",
                "fallback": "GitHub: MeilleursAgents\/terraform-provider-ansiblevault",
                "image_url": "https:\/\/opengraph.githubassets.com\/2c7388de49956f624149492c0d726d5d9a93a86dc995156587070ee08744876e\/MeilleursAgents\/terraform-provider-ansiblevault",
                "image_width": 500,
                "image_height": 250,
                "from_url": "https:\/\/github.com\/MeilleursAgents\/terraform-provider-ansiblevault",
                "image_bytes": 50044,
                "service_icon": "https:\/\/a.slack-edge.com\/80588\/img\/unfurl_icons\/github.png",
                "id": 2,
                "original_url": "https:\/\/github.com\/MeilleursAgents\/terraform-provider-ansiblevault"
            }
        ],
        "edited": {
            "user": "BG3N7LG73",
            "ts": "1622042779.000000"
        }
    },
    {
        "type": "message",
        "subtype": "bot_message",
        "text": "<https:\/\/www.reddit.com\/r\/Terraform\/comments\/nlkk4m\/anyone_like_the_new_2_part_plan_in_0154\/|Anyone like the new 2 part plan in 0.15.4?>\nWhen I read it, it sounded good but in practice I hate it. It makes users fearful because a ton of shit shows up in the first part of the plan that doesn't mean anything. Modifying tags_all (which we don't use) and modifications against a bunch of attributes that we ignore changes to through lifecycle rules. It would be nice to have an option to turn it off and also to have it mark changes of lifecycle ignored attributes in the plan.    submitted by   &lt;a...",
        "ts": "1622045794.016500",
        "username": "Terraform",
        "icons": {
            "image_48": "https:\/\/s3-us-west-2.amazonaws.com\/slack-files2\/bot_icons\/2019-02-12\/548785199618_48.png"
        },
        "bot_id": "BG3N7LG73",
        "attachments": [
            {
                "service_name": "reddit",
                "title": "Anyone like the new 2 part plan in 0.15.4?",
                "title_link": "https:\/\/www.reddit.com\/r\/Terraform\/comments\/nlkk4m\/anyone_like_the_new_2_part_plan_in_0154\/",
                "text": "When I read it, it sounded good but in practice I hate it. It makes users fearful because a ton of shit shows up in the first part of the plan...",
                "fallback": "reddit: Anyone like the new 2 part plan in 0.15.4?",
                "thumb_url": "https:\/\/www.redditstatic.com\/new-icon.png",
                "from_url": "https:\/\/www.reddit.com\/r\/Terraform\/comments\/nlkk4m\/anyone_like_the_new_2_part_plan_in_0154\/",
                "thumb_width": 256,
                "thumb_height": 256,
                "service_icon": "http:\/\/www.redditstatic.com\/desktop2x\/img\/favicon\/apple-icon-57x57.png",
                "id": 1,
                "original_url": "https:\/\/www.reddit.com\/r\/Terraform\/comments\/nlkk4m\/anyone_like_the_new_2_part_plan_in_0154\/"
            }
        ],
        "edited": {
            "user": "BG3N7LG73",
            "ts": "1622045795.000000"
        }
    },
    {
        "type": "message",
        "subtype": "bot_message",
        "text": "<https:\/\/www.reddit.com\/r\/Terraform\/comments\/nlo0qm\/concurrency_with_cloudfront\/|Concurrency with CloudFront>\nTrying to think about the best way to handle this situation. I have a bunch of apps configured to use CloudFront, each has a destination S3 bucket and a Context path. This info is part of the application metadata. I use GitLab CI\/CD for my pipeline and have a stage that fires off Terraform to automatically add a Cache behavior to CloudFront based on the context if one isn't present and also add an S3 Origin Group with the S3 origins if they aren't present. I have the TF file in a repo where I...",
        "ts": "1622054795.016700",
        "username": "Terraform",
        "icons": {
            "image_48": "https:\/\/s3-us-west-2.amazonaws.com\/slack-files2\/bot_icons\/2019-02-12\/548785199618_48.png"
        },
        "bot_id": "BG3N7LG73",
        "attachments": [
            {
                "service_name": "reddit",
                "title": "Concurrency with CloudFront",
                "title_link": "https:\/\/www.reddit.com\/r\/Terraform\/comments\/nlo0qm\/concurrency_with_cloudfront\/",
                "text": "Trying to think about the best way to handle this situation. I have a bunch of apps configured to use CloudFront, each has a destination S3...",
                "fallback": "reddit: Concurrency with CloudFront",
                "thumb_url": "https:\/\/www.redditstatic.com\/new-icon.png",
                "from_url": "https:\/\/www.reddit.com\/r\/Terraform\/comments\/nlo0qm\/concurrency_with_cloudfront\/",
                "thumb_width": 256,
                "thumb_height": 256,
                "service_icon": "http:\/\/www.redditstatic.com\/desktop2x\/img\/favicon\/apple-icon-57x57.png",
                "id": 1,
                "original_url": "https:\/\/www.reddit.com\/r\/Terraform\/comments\/nlo0qm\/concurrency_with_cloudfront\/"
            }
        ],
        "edited": {
            "user": "BG3N7LG73",
            "ts": "1622054796.000000"
        }
    },
    {
        "type": "message",
        "subtype": "bot_message",
        "text": "<https:\/\/www.reddit.com\/r\/Terraform\/comments\/nlod4i\/what_would_be_a_good_way_to_compare_the\/|What would be a good way to compare the infrastructure in azure with the code or .tfstate?>\nI currently have several resources in Azure and I am looking for a way to automate the comparison with what is created in the portal and what I have in my code Most resources I can export from Azure, but I still can't export things like azurerm_virtual_machine_data_disk_attachment I wanted to make this comparison automated in case someone creates something on the portal, I get to know and create the resource in the code too Does anyone have any suggestions?    submitted by   &lt;a...",
        "ts": "1622055995.016900",
        "username": "Terraform",
        "icons": {
            "image_48": "https:\/\/s3-us-west-2.amazonaws.com\/slack-files2\/bot_icons\/2019-02-12\/548785199618_48.png"
        },
        "bot_id": "BG3N7LG73",
        "attachments": [
            {
                "service_name": "reddit",
                "title": "What would be a good way to compare the infrastructure in azure with the code or .tfstate?",
                "title_link": "https:\/\/www.reddit.com\/r\/Terraform\/comments\/nlod4i\/what_would_be_a_good_way_to_compare_the\/",
                "text": "I currently have several resources in Azure and I am looking for a way to automate the comparison with what is created in the portal and what I...",
                "fallback": "reddit: What would be a good way to compare the infrastructure in azure with the code or .tfstate?",
                "thumb_url": "https:\/\/www.redditstatic.com\/new-icon.png",
                "from_url": "https:\/\/www.reddit.com\/r\/Terraform\/comments\/nlod4i\/what_would_be_a_good_way_to_compare_the\/",
                "thumb_width": 256,
                "thumb_height": 256,
                "service_icon": "http:\/\/www.redditstatic.com\/desktop2x\/img\/favicon\/apple-icon-57x57.png",
                "id": 1,
                "original_url": "https:\/\/www.reddit.com\/r\/Terraform\/comments\/nlod4i\/what_would_be_a_good_way_to_compare_the\/"
            }
        ],
        "edited": {
            "user": "BG3N7LG73",
            "ts": "1622055996.000000"
        }
    },
    {
        "type": "message",
        "subtype": "bot_message",
        "text": "<https:\/\/www.reddit.com\/r\/Terraform\/comments\/nlqlk2\/modules_or_no_modules\/|Modules or No Modules>\nUnderstanding and acknowledging modules are a core part of terraform. I have seen some insane repos containing some insane and poor usage modules. This brings me to the question - what is your preferred approach? <https:\/\/www.reddit.com\/poll\/nlqlk2|View Poll>    submitted by   <https:\/\/www.reddit.com\/user\/azy222| \/u\/azy222 > \n<https:\/\/www.reddit.com\/r\/Terraform\/comments\/nlqlk2\/modules_or_no_modules\/|[link]>   &lt;a...",
        "ts": "1622061996.017100",
        "username": "Terraform",
        "icons": {
            "image_48": "https:\/\/s3-us-west-2.amazonaws.com\/slack-files2\/bot_icons\/2019-02-12\/548785199618_48.png"
        },
        "bot_id": "BG3N7LG73",
        "attachments": [
            {
                "service_name": "reddit",
                "title": "Modules or No Modules",
                "title_link": "https:\/\/www.reddit.com\/r\/Terraform\/comments\/nlqlk2\/modules_or_no_modules\/",
                "text": "Understanding and acknowledging modules are a core part of terraform. I have seen some insane repos containing some insane and poor usage...",
                "fallback": "reddit: Modules or No Modules",
                "thumb_url": "https:\/\/www.redditstatic.com\/new-icon.png",
                "from_url": "https:\/\/www.reddit.com\/r\/Terraform\/comments\/nlqlk2\/modules_or_no_modules\/",
                "thumb_width": 256,
                "thumb_height": 256,
                "service_icon": "http:\/\/www.redditstatic.com\/desktop2x\/img\/favicon\/apple-icon-57x57.png",
                "id": 1,
                "original_url": "https:\/\/www.reddit.com\/r\/Terraform\/comments\/nlqlk2\/modules_or_no_modules\/"
            },
            {
                "title": "overview for azy222",
                "title_link": "https:\/\/www.reddit.com\/user\/azy222",
                "text": "The u\/azy222 community on Reddit. Reddit gives you the best of the internet in one place.",
                "fallback": "overview for azy222",
                "from_url": "https:\/\/www.reddit.com\/user\/azy222",
                "service_icon": "http:\/\/www.redditstatic.com\/desktop2x\/img\/favicon\/apple-icon-57x57.png",
                "service_name": "reddit.com",
                "id": 2,
                "original_url": "https:\/\/www.reddit.com\/user\/azy222"
            }
        ],
        "edited": {
            "user": "BG3N7LG73",
            "ts": "1622061996.000000"
        }
    },
    {
        "type": "message",
        "subtype": "bot_message",
        "text": "<https:\/\/qiita.com\/okubot55\/items\/8ba8044d54e9a6d84694|Terraformで AWS App Runner + CodeCommit + CodeBuild + CodePipeline のデプロイ環境を構築する>\nはじめに\n\n本記事では、Terraform で AWS App Runner + CodeCommit + CodeBuild + CodePipeline のデプロイ環境を構築する手順を記載しています。\n\n下記の記事を読ませていただいて、自分も試行してみようと思いたって、この環境を構築してみました。\n\nTerraformでAWS App Runnerを爆速構築してみる\n\n\nTerraform で構築する全体構成図\n\n\n\n\nTerraform のコードと構成\n\n\n\n$ tree aws-terraform-app-runner-deploy\naws-terraform-app-runner-deploy\n├── <http:\/\/apprun.tf|apprun.tf>\n├── <http:\/\/cloudwatch-event.tf|cloudwatch-event.tf>\n├── <http:\/\/codebuild.tf|codebuild.tf>\n├── <http:\/\/codecommit.tf|codecommit.tf>\n├── <http:\/\/codepipeline.tf|codepipeline.tf>\n├── default-sample-apprun\n│   ├── Dockerfile\n│   ├── buildspec.yml\n│   └── src\n│       └──...",
        "ts": "1622067401.017300",
        "username": "Terraformタグが付けられた新着記事 - Qiita",
        "icons": {
            "image_36": "https:\/\/a.slack-edge.com\/80588\/img\/services\/rss_36.png",
            "image_48": "https:\/\/a.slack-edge.com\/80588\/img\/services\/rss_48.png",
            "image_72": "https:\/\/a.slack-edge.com\/80588\/img\/services\/rss_72.png"
        },
        "bot_id": "BG3N7LG73",
        "attachments": [
            {
                "service_name": "Qiita",
                "title": "Terraformで AWS App Runner + CodeCommit + CodeBuild + CodePipeline のデプロイ環境を構築する - Qiita",
                "title_link": "https:\/\/qiita.com\/okubot55\/items\/8ba8044d54e9a6d84694",
                "text": "はじめに 本記事では、Terraform で AWS App Runner + CodeCommit + CodeBuild + CodePipeline のデプロイ環境を構築する手順を記載しています。 下記の記事を読ませてい...",
                "fallback": "Qiita: Terraformで AWS App Runner + CodeCommit + CodeBuild + CodePipeline のデプロイ環境を構築する - Qiita",
                "image_url": "https:\/\/qiita-user-contents.imgix.net\/https%3A%2F%2Fcdn.qiita.com%2Fassets%2Fpublic%2Farticle-ogp-background-1150d8b18a7c15795b701a55ae908f94.png?ixlib=rb-4.0.0&w=1200&mark=https%3A%2F%2Fqiita-user-contents.imgix.net%2F~text%3Fixlib%3Drb-4.0.0%26w%3D840%26h%3D380%26txt%3DTerraform%25E3%2581%25A7%2520AWS%2520App%2520Runner%2520%252B%2520CodeCommit%2520%252B%2520CodeBuild%2520%252B%2520CodePipeline%2520%25E3%2581%25AE%25E3%2583%2587%25E3%2583%2597%25E3%2583%25AD%25E3%2582%25A4%25E7%2592%25B0%25E5%25A2%2583%25E3%2582%2592%25E6%25A7%258B%25E7%25AF%2589%25E3%2581%2599%25E3%2582%258B%26txt-color%3D%2523333%26txt-font%3DHiragino%2520Sans%2520W6%26txt-size%3D54%26txt-clip%3Dellipsis%26txt-align%3Dcenter%252Cmiddle%26s%3D68b95133d64f76dbdfe52b531de2a5a3&mark-align=center%2Cmiddle&blend=https%3A%2F%2Fqiita-user-contents.imgix.net%2F~text%3Fixlib%3Drb-4.0.0%26w%3D840%26h%3D500%26txt%3D%2540okubot55%26txt-color%3D%2523333%26txt-font%3DHiragino%2520Sans%2520W6%26txt-size%3D45%26txt-align%3Dright%252Cbottom%26s%3Dd9c07802078146f80311ff8e4338b870&blend-align=center%2Cmiddle&blend-mode=normal&s=5aed217adf0a224aba4e00413cd62384",
                "from_url": "https:\/\/qiita.com\/okubot55\/items\/8ba8044d54e9a6d84694",
                "image_width": 476,
                "image_height": 250,
                "image_bytes": 65465,
                "service_icon": "https:\/\/cdn.qiita.com\/assets\/favicons\/public\/apple-touch-icon-ec5ba42a24ae923f16825592efdc356f.png",
                "id": 1,
                "original_url": "https:\/\/qiita.com\/okubot55\/items\/8ba8044d54e9a6d84694"
            }
        ],
        "edited": {
            "user": "BG3N7LG73",
            "ts": "1622067401.000000"
        }
    },
    {
        "type": "message",
        "subtype": "bot_message",
        "text": "<https:\/\/www.reddit.com\/r\/Terraform\/comments\/nlwr41\/list_of_maps_to_map_and_removing_duplicates\/|list of maps to map and removing duplicates.>\nThis is a minimal representation of the input data. There are other values in this that make it so I cannot change the data format. locals { router_config = [ { region = \"us-central1\" router_asn = 1000 }, { region = \"us-central1\" router_asn = 1000 }, { region = \"us-east4\" router_asn = 1001 }, ] }  Desired transformed format: locals { routers = { \"us-central1\" = { region = \"us-central1\" router_asn = 100 } \"us-east4\" = { region = \"us-east4\" router_asn = 100 } } }  I've tried the following with...",
        "ts": "1622079997.017500",
        "username": "Terraform",
        "icons": {
            "image_48": "https:\/\/s3-us-west-2.amazonaws.com\/slack-files2\/bot_icons\/2019-02-12\/548785199618_48.png"
        },
        "bot_id": "BG3N7LG73",
        "attachments": [
            {
                "service_name": "reddit",
                "title": "list of maps to map and removing duplicates.",
                "title_link": "https:\/\/www.reddit.com\/r\/Terraform\/comments\/nlwr41\/list_of_maps_to_map_and_removing_duplicates\/",
                "text": "This is a minimal representation of the input data. There are other values in this that make it so I cannot change the data format. locals { ...",
                "fallback": "reddit: list of maps to map and removing duplicates.",
                "thumb_url": "https:\/\/www.redditstatic.com\/new-icon.png",
                "from_url": "https:\/\/www.reddit.com\/r\/Terraform\/comments\/nlwr41\/list_of_maps_to_map_and_removing_duplicates\/",
                "thumb_width": 256,
                "thumb_height": 256,
                "service_icon": "http:\/\/www.redditstatic.com\/desktop2x\/img\/favicon\/apple-icon-57x57.png",
                "id": 1,
                "original_url": "https:\/\/www.reddit.com\/r\/Terraform\/comments\/nlwr41\/list_of_maps_to_map_and_removing_duplicates\/"
            }
        ],
        "edited": {
            "user": "BG3N7LG73",
            "ts": "1622079997.000000"
        }
    },
    {
        "type": "message",
        "subtype": "bot_message",
        "text": "<https:\/\/www.google.com\/url?rct=j&amp;sa=t&amp;url=https:\/\/prtimes.jp\/main\/html\/rd\/p\/000000001.000080339.html&amp;ct=ga&amp;cd=CAIyHDMwMTY1OGE1ZDI5NDAyNzE6Y28uanA6amE6SlA&amp;usg=AFQjCNG8cpotsyzIiEA5gDIFgVWEnvVrwA|クラウドインフラ自動化ソフト&lt;b&gt;Terraform&lt;\/b&gt;を提供する米HashiCorpが、日本のビジネスを拡大>\nHashiCorpの製品群である 「Terraform」「Vault」「Consul」「Nomad」を活用して、すべての環境下の様々な階層に一貫したワークフローを導入 ...",
        "ts": "1622083420.017700",
        "username": "Google アラート - terraform",
        "icons": {
            "image_36": "https:\/\/a.slack-edge.com\/80588\/img\/services\/rss_36.png",
            "image_48": "https:\/\/a.slack-edge.com\/80588\/img\/services\/rss_48.png",
            "image_72": "https:\/\/a.slack-edge.com\/80588\/img\/services\/rss_72.png"
        },
        "bot_id": "BG3N7LG73"
    },
    {
        "type": "message",
        "subtype": "bot_message",
        "text": "<https:\/\/www.reddit.com\/r\/Terraform\/comments\/nlxlcd\/multiple_instance_with_multiple_ebs_volume_and\/|Multiple Instance with Multiple ebs volume and attachement>\nI had been going through the docs and googling around from couple of hours but in vain, so coming back to experts :) I am trying to create multiple instances using terraform instance resource and count function and at the same time creating and attaching EBS volume to these individual instances.  Is there a way I can do that. for example I need 3 instances and 3 additional EBS volumes to be attached to these instances, so in total 9 ebs volume to be created. Will this be possible ?...",
        "ts": "1622083597.017800",
        "username": "Terraform",
        "icons": {
            "image_48": "https:\/\/s3-us-west-2.amazonaws.com\/slack-files2\/bot_icons\/2019-02-12\/548785199618_48.png"
        },
        "bot_id": "BG3N7LG73",
        "attachments": [
            {
                "service_name": "reddit",
                "title": "Multiple Instance with Multiple ebs volume and attachement",
                "title_link": "https:\/\/www.reddit.com\/r\/Terraform\/comments\/nlxlcd\/multiple_instance_with_multiple_ebs_volume_and\/",
                "text": "I had been going through the docs and googling around from couple of hours but in vain, so coming back to experts :) I am trying to create...",
                "fallback": "reddit: Multiple Instance with Multiple ebs volume and attachement",
                "thumb_url": "https:\/\/www.redditstatic.com\/new-icon.png",
                "from_url": "https:\/\/www.reddit.com\/r\/Terraform\/comments\/nlxlcd\/multiple_instance_with_multiple_ebs_volume_and\/",
                "thumb_width": 256,
                "thumb_height": 256,
                "service_icon": "http:\/\/www.redditstatic.com\/desktop2x\/img\/favicon\/apple-icon-57x57.png",
                "id": 1,
                "original_url": "https:\/\/www.reddit.com\/r\/Terraform\/comments\/nlxlcd\/multiple_instance_with_multiple_ebs_volume_and\/"
            }
        ],
        "edited": {
            "user": "BG3N7LG73",
            "ts": "1622083598.000000"
        }
    },
    {
        "type": "message",
        "subtype": "bot_message",
        "text": "<https:\/\/www.reddit.com\/r\/Terraform\/comments\/nlym1y\/how_to_use_terraform_in_spacemacs_editor\/|How to use terraform in spacemacs editor?>\nOn the <https:\/\/develop.spacemacs.org\/layers\/+tools\/terraform\/README.html|document>, I follow the guide to set these items to ~\/.spacemacs  dotspacemacs-configuration-layers '( ... lsp (terraform :variables terraform-auto-format-on-save t terraform-backend 'lsp)  Also installed <https:\/\/github.com\/juliosueiras\/terraform-lsp|terraform-lsp> by its steps. GO111MODULE=on go mod download # Download the modules for the project make # Build the project. Alternatively run \"go...",
        "ts": "1622086596.018000",
        "username": "Terraform",
        "icons": {
            "image_48": "https:\/\/s3-us-west-2.amazonaws.com\/slack-files2\/bot_icons\/2019-02-12\/548785199618_48.png"
        },
        "bot_id": "BG3N7LG73",
        "attachments": [
            {
                "service_name": "reddit",
                "title": "How to use terraform in spacemacs editor?",
                "title_link": "https:\/\/www.reddit.com\/r\/Terraform\/comments\/nlym1y\/how_to_use_terraform_in_spacemacs_editor\/",
                "text": "Posted in r\/Terraform by u\/Responsible_Sky7070 • 1 point and 0 comments",
                "fallback": "reddit: How to use terraform in spacemacs editor?",
                "from_url": "https:\/\/www.reddit.com\/r\/Terraform\/comments\/nlym1y\/how_to_use_terraform_in_spacemacs_editor\/",
                "thumb_url": "https:\/\/external-preview.redd.it\/3csokm8j1l171.png?overlay-align=bottom,left&crop=873:55,smart&overlay-height=15p&overlay=%2Fwatermark%2Ft5_2u8e4.png%3Fs%3Dbfb326ca8735739e33a60abaf9a7c73bcb4a2134&width=873&height=55&auto=webp&s=631229156e9b2cac862f33e242ed8f52723643ee",
                "thumb_width": 130,
                "thumb_height": 60,
                "service_icon": "http:\/\/www.redditstatic.com\/desktop2x\/img\/favicon\/apple-icon-57x57.png",
                "id": 1,
                "original_url": "https:\/\/www.reddit.com\/r\/Terraform\/comments\/nlym1y\/how_to_use_terraform_in_spacemacs_editor\/"
            },
            {
                "service_name": "GitHub",
                "title": "juliosueiras\/terraform-lsp",
                "title_link": "https:\/\/github.com\/juliosueiras\/terraform-lsp",
                "text": "Language Server Protocol for Terraform. Contribute to juliosueiras\/terraform-lsp development by creating an account on GitHub.",
                "fallback": "GitHub: juliosueiras\/terraform-lsp",
                "image_url": "https:\/\/opengraph.githubassets.com\/cd1844a736b47c1ac42a1c582aa7577f579d062d4be8faa5526b2457d3601c85\/juliosueiras\/terraform-lsp",
                "image_width": 500,
                "image_height": 250,
                "from_url": "https:\/\/github.com\/juliosueiras\/terraform-lsp",
                "image_bytes": 106400,
                "service_icon": "https:\/\/a.slack-edge.com\/80588\/img\/unfurl_icons\/github.png",
                "id": 2,
                "original_url": "https:\/\/github.com\/juliosueiras\/terraform-lsp"
            }
        ],
        "edited": {
            "user": "BG3N7LG73",
            "ts": "1622086597.000000"
        }
    },
    {
        "type": "message",
        "subtype": "bot_message",
        "text": "<https:\/\/www.reddit.com\/r\/Terraform\/comments\/nm1a2n\/why_does_this_depends_on_not_do_what_i_expect\/|Why does this depends_on not do what I expect ?>\nHi all, ​ I am learning terraform and I created a small config to play around with. <http:\/\/main.tf|main.tf> resource \"docker_image\" \"busybox\" { name = \"busybox:latest\" } resource \"docker_container\" \"busybox\" { image = docker_image.busybox.latest name = \"bbox\" depends_on = [null_resource.trigger] stdin_open = true tty = true # lifecycle { # create_before_destroy = true # } } resource \"null_resource\" \"trigger\" { triggers = { \"replace\" = var.replace } }  ​ When I pass it a value for var.replace this nicely...",
        "ts": "1622097996.018200",
        "username": "Terraform",
        "icons": {
            "image_48": "https:\/\/s3-us-west-2.amazonaws.com\/slack-files2\/bot_icons\/2019-02-12\/548785199618_48.png"
        },
        "bot_id": "BG3N7LG73",
        "attachments": [
            {
                "service_name": "reddit",
                "title": "Why does this depends_on not do what I expect ?",
                "title_link": "https:\/\/www.reddit.com\/r\/Terraform\/comments\/nm1a2n\/why_does_this_depends_on_not_do_what_i_expect\/",
                "text": "Hi all, &amp;#x200B; I am learning terraform and I created a small config to play around with. `<http:\/\/main.tf|main.tf>` resource \"docker_image\" \"busybox\" { ...",
                "fallback": "reddit: Why does this depends_on not do what I expect ?",
                "thumb_url": "https:\/\/www.redditstatic.com\/new-icon.png",
                "from_url": "https:\/\/www.reddit.com\/r\/Terraform\/comments\/nm1a2n\/why_does_this_depends_on_not_do_what_i_expect\/",
                "thumb_width": 256,
                "thumb_height": 256,
                "service_icon": "http:\/\/www.redditstatic.com\/desktop2x\/img\/favicon\/apple-icon-57x57.png",
                "id": 1,
                "original_url": "https:\/\/www.reddit.com\/r\/Terraform\/comments\/nm1a2n\/why_does_this_depends_on_not_do_what_i_expect\/"
            }
        ],
        "edited": {
            "user": "BG3N7LG73",
            "ts": "1622097997.000000"
        }
    }
]