[
    {
        "type": "message",
        "subtype": "bot_message",
        "text": "<https:\/\/www.reddit.com\/r\/Terraform\/comments\/n90h8h\/added_terraform_015_and_014_support_to_terraform\/|Added Terraform 0.15 and 0.14 support to Terraform Generator>\nsubmitted by   <https:\/\/www.reddit.com\/user\/sudhakarms| \/u\/sudhakarms > \n<https:\/\/github.com\/sudokar\/generator-tf-module|[link]>   <https:\/\/www.reddit.com\/r\/Terraform\/comments\/n90h8h\/added_terraform_015_and_014_support_to_terraform\/|[comments]>",
        "ts": "1620639994.076900",
        "username": "Terraform",
        "icons": {
            "image_48": "https:\/\/s3-us-west-2.amazonaws.com\/slack-files2\/bot_icons\/2019-02-12\/548785199618_48.png"
        },
        "bot_id": "BG3N7LG73",
        "attachments": [
            {
                "service_name": "reddit",
                "title": "Added Terraform 0.15 and 0.14 support to Terraform Generator",
                "title_link": "https:\/\/www.reddit.com\/r\/Terraform\/comments\/n90h8h\/added_terraform_015_and_014_support_to_terraform\/",
                "text": "Posted in r\/Terraform by u\/sudhakarms • 1 point and 0 comments",
                "fallback": "reddit: Added Terraform 0.15 and 0.14 support to Terraform Generator",
                "thumb_url": "https:\/\/b.thumbs.redditmedia.com\/TKFEw4FjkL7_Pg1jNObwCtO9rr_WoAWV0OFUXPpMKcM.jpg",
                "from_url": "https:\/\/www.reddit.com\/r\/Terraform\/comments\/n90h8h\/added_terraform_015_and_014_support_to_terraform\/",
                "thumb_width": 140,
                "thumb_height": 70,
                "service_icon": "http:\/\/www.redditstatic.com\/desktop2x\/img\/favicon\/apple-icon-57x57.png",
                "id": 1,
                "original_url": "https:\/\/www.reddit.com\/r\/Terraform\/comments\/n90h8h\/added_terraform_015_and_014_support_to_terraform\/"
            },
            {
                "title": "overview for sudhakarms",
                "title_link": "https:\/\/www.reddit.com\/user\/sudhakarms",
                "text": "The u\/sudhakarms community on Reddit. Reddit gives you the best of the internet in one place.",
                "fallback": "overview for sudhakarms",
                "from_url": "https:\/\/www.reddit.com\/user\/sudhakarms",
                "service_icon": "http:\/\/www.redditstatic.com\/desktop2x\/img\/favicon\/apple-icon-57x57.png",
                "service_name": "reddit.com",
                "id": 2,
                "original_url": "https:\/\/www.reddit.com\/user\/sudhakarms"
            },
            {
                "service_name": "GitHub",
                "title": "sudokar\/generator-tf-module",
                "title_link": "https:\/\/github.com\/sudokar\/generator-tf-module",
                "text": "Project scaffolding for Terraform. Contribute to sudokar\/generator-tf-module development by creating an account on GitHub.",
                "fallback": "GitHub: sudokar\/generator-tf-module",
                "image_url": "https:\/\/opengraph.githubassets.com\/dd0d51194a872496a8c580ad04cc8c0873a168cce2c448b558251b699be9ec2d\/sudokar\/generator-tf-module",
                "image_width": 500,
                "image_height": 250,
                "from_url": "https:\/\/github.com\/sudokar\/generator-tf-module",
                "image_bytes": 66708,
                "service_icon": "https:\/\/a.slack-edge.com\/80588\/img\/unfurl_icons\/github.png",
                "id": 3,
                "original_url": "https:\/\/github.com\/sudokar\/generator-tf-module"
            }
        ],
        "edited": {
            "user": "BG3N7LG73",
            "ts": "1620639994.000000"
        }
    },
    {
        "type": "message",
        "subtype": "bot_message",
        "text": "<https:\/\/qiita.com\/wwalpha\/items\/fe1374c42af227d186bf|【HCL】aws_lb_target_group削除できなかった件>\nTerraform Example\n\nresource \"aws_lb_target_group\" \"this\" {\n  name                               = \"backend\"\n  port                               = 8080\n  protocol                           = \"HTTP\"\n  target_type                        = \"ip\"\n  vpc_id                             = module.vpc.vpc_id\n  lambda_multi_value_headers_enabled = false\n  proxy_protocol_v2                  = false\n\n  health_check {\n    enabled             = true\n    healthy_threshold   = 5\n    interval            = 30...",
        "ts": "1620644197.077100",
        "username": "Terraformタグが付けられた新着記事 - Qiita",
        "icons": {
            "image_36": "https:\/\/a.slack-edge.com\/80588\/img\/services\/rss_36.png",
            "image_48": "https:\/\/a.slack-edge.com\/80588\/img\/services\/rss_48.png",
            "image_72": "https:\/\/a.slack-edge.com\/80588\/img\/services\/rss_72.png"
        },
        "bot_id": "BG3N7LG73",
        "attachments": [
            {
                "service_name": "Qiita",
                "title": "【HCL】aws_lb_target_group削除できなかった件 - Qiita",
                "title_link": "https:\/\/qiita.com\/wwalpha\/items\/fe1374c42af227d186bf",
                "text": "Terraform Example resource \"aws_lb_target_group\" \"this\" { name = \"backend\" port ...",
                "fallback": "Qiita: 【HCL】aws_lb_target_group削除できなかった件 - Qiita",
                "image_url": "https:\/\/qiita-user-contents.imgix.net\/https%3A%2F%2Fcdn.qiita.com%2Fassets%2Fpublic%2Farticle-ogp-background-1150d8b18a7c15795b701a55ae908f94.png?ixlib=rb-4.0.0&w=1200&mark=https%3A%2F%2Fqiita-user-contents.imgix.net%2F~text%3Fixlib%3Drb-4.0.0%26w%3D840%26h%3D380%26txt%3D%25E3%2580%2590HCL%25E3%2580%2591aws_lb_target_group%25E5%2589%258A%25E9%2599%25A4%25E3%2581%25A7%25E3%2581%258D%25E3%2581%25AA%25E3%2581%258B%25E3%2581%25A3%25E3%2581%259F%25E4%25BB%25B6%26txt-color%3D%2523333%26txt-font%3DHiragino%2520Sans%2520W6%26txt-size%3D54%26txt-clip%3Dellipsis%26txt-align%3Dcenter%252Cmiddle%26s%3D92a0f58f32328b5438ac6c62f5c520ce&mark-align=center%2Cmiddle&blend=https%3A%2F%2Fqiita-user-contents.imgix.net%2F~text%3Fixlib%3Drb-4.0.0%26w%3D840%26h%3D500%26txt%3D%2540wwalpha%26txt-color%3D%2523333%26txt-font%3DHiragino%2520Sans%2520W6%26txt-size%3D45%26txt-align%3Dright%252Cbottom%26s%3D538b342a53ea2f8e4aacc36bc22933dc&blend-align=center%2Cmiddle&blend-mode=normal&s=a31aa282e1dd4334b532cef852d90a06",
                "from_url": "https:\/\/qiita.com\/wwalpha\/items\/fe1374c42af227d186bf",
                "image_width": 476,
                "image_height": 250,
                "image_bytes": 49525,
                "service_icon": "https:\/\/cdn.qiita.com\/assets\/favicons\/public\/apple-touch-icon-ec5ba42a24ae923f16825592efdc356f.png",
                "id": 1,
                "original_url": "https:\/\/qiita.com\/wwalpha\/items\/fe1374c42af227d186bf"
            }
        ],
        "edited": {
            "user": "BG3N7LG73",
            "ts": "1620644198.000000"
        }
    },
    {
        "type": "message",
        "subtype": "bot_message",
        "text": "<https:\/\/www.reddit.com\/r\/Terraform\/comments\/n92f07\/when_you_hit_yes_on_an_apply_all\/|When you hit yes on an apply all>\nsubmitted by   <https:\/\/www.reddit.com\/user\/quantastical| \/u\/quantastical > \n<https:\/\/v.redd.it\/70uvijwtg4y61|[link]>   <https:\/\/www.reddit.com\/r\/Terraform\/comments\/n92f07\/when_you_hit_yes_on_an_apply_all\/|[comments]>",
        "ts": "1620647197.077300",
        "username": "Terraform",
        "icons": {
            "image_48": "https:\/\/s3-us-west-2.amazonaws.com\/slack-files2\/bot_icons\/2019-02-12\/548785199618_48.png"
        },
        "bot_id": "BG3N7LG73",
        "attachments": [
            {
                "service_name": "reddit",
                "title": "When you hit yes on an apply all",
                "title_link": "https:\/\/www.reddit.com\/r\/Terraform\/comments\/n92f07\/when_you_hit_yes_on_an_apply_all\/",
                "text": "Posted in r\/Terraform by u\/quantastical • 1 point and 0 comments",
                "fallback": "reddit: When you hit yes on an apply all",
                "thumb_url": "https:\/\/b.thumbs.redditmedia.com\/rorKsIyS04HNlHUxsOPz4xZ3dXSSoQGuE2Hl97gDljQ.jpg",
                "from_url": "https:\/\/www.reddit.com\/r\/Terraform\/comments\/n92f07\/when_you_hit_yes_on_an_apply_all\/",
                "thumb_width": 140,
                "thumb_height": 140,
                "service_icon": "http:\/\/www.redditstatic.com\/desktop2x\/img\/favicon\/apple-icon-57x57.png",
                "id": 1,
                "original_url": "https:\/\/www.reddit.com\/r\/Terraform\/comments\/n92f07\/when_you_hit_yes_on_an_apply_all\/"
            },
            {
                "title": "overview for quantastical",
                "title_link": "https:\/\/www.reddit.com\/user\/quantastical",
                "text": "The u\/quantastical community on Reddit. Reddit gives you the best of the internet in one place.",
                "fallback": "overview for quantastical",
                "from_url": "https:\/\/www.reddit.com\/user\/quantastical",
                "service_icon": "http:\/\/www.redditstatic.com\/desktop2x\/img\/favicon\/apple-icon-57x57.png",
                "service_name": "reddit.com",
                "id": 2,
                "original_url": "https:\/\/www.reddit.com\/user\/quantastical"
            },
            {
                "service_name": "reddit",
                "title": "Pushing the Terraform button",
                "title_link": "https:\/\/v.redd.it\/70uvijwtg4y61",
                "text": "Posted in r\/oddlysatisfying by u\/domriccobene • 59,897 points and 698 comments",
                "fallback": "reddit: Pushing the Terraform button",
                "image_url": "https:\/\/external-preview.redd.it\/uAcIOGe77FnEZ8QF_tyP2dk8UJCxG2nGS-BJpjIjOPU.png?overlay-align=bottom,left&crop=1080:565.445026178,smart&overlay-height=15p&overlay=%2Fwatermark%2Ft5_2x93b.png%3Fs%3D9800139ce16a05e3814c0e7ec88f7fd4ab8c1375&width=1080&height=565.445026178&auto=webp&s=9218635dbb4a0d02540d8e833eb875f080dc0419",
                "image_width": 478,
                "image_height": 250,
                "from_url": "https:\/\/v.redd.it\/70uvijwtg4y61",
                "image_bytes": 472298,
                "service_icon": "http:\/\/www.redditstatic.com\/desktop2x\/img\/favicon\/apple-icon-57x57.png",
                "id": 3,
                "original_url": "https:\/\/v.redd.it\/70uvijwtg4y61"
            }
        ],
        "edited": {
            "user": "BG3N7LG73",
            "ts": "1620647197.000000"
        }
    },
    {
        "type": "message",
        "subtype": "bot_message",
        "text": "<https:\/\/www.reddit.com\/r\/Terraform\/comments\/n9bj7a\/is_it_possible_to_create_a_terraformed_k8_cluster\/|Is it possible to create a Terraformed K8 cluster and deploy on it within the same directory?>\nRunning into an issue where I need to set the context of kubectl\/kubernetes resources to use the context of the cluster just created... Am I forced to manage two separate TF deployments to get this to work?  Error: failed to load config (\/Users\/xxx\/.kube\/config; overriden context; config ctx: xxx): context \"eks-test-2\" does not exist     submitted by   <https:\/\/www.reddit.com\/user\/OutraceTheMicrowave| \/u\/OutraceTheMicrowave > \n&lt;a...",
        "ts": "1620669999.077500",
        "username": "Terraform",
        "icons": {
            "image_48": "https:\/\/s3-us-west-2.amazonaws.com\/slack-files2\/bot_icons\/2019-02-12\/548785199618_48.png"
        },
        "bot_id": "BG3N7LG73",
        "attachments": [
            {
                "service_name": "reddit",
                "title": "Is it possible to create a Terraformed K8 cluster and deploy on it within the same directory?",
                "title_link": "https:\/\/www.reddit.com\/r\/Terraform\/comments\/n9bj7a\/is_it_possible_to_create_a_terraformed_k8_cluster\/",
                "text": "Running into an issue where I need to set the context of kubectl\/kubernetes resources to use the context of the cluster just created... Am I...",
                "fallback": "reddit: Is it possible to create a Terraformed K8 cluster and deploy on it within the same directory?",
                "thumb_url": "https:\/\/www.redditstatic.com\/new-icon.png",
                "from_url": "https:\/\/www.reddit.com\/r\/Terraform\/comments\/n9bj7a\/is_it_possible_to_create_a_terraformed_k8_cluster\/",
                "thumb_width": 256,
                "thumb_height": 256,
                "service_icon": "http:\/\/www.redditstatic.com\/desktop2x\/img\/favicon\/apple-icon-57x57.png",
                "id": 1,
                "original_url": "https:\/\/www.reddit.com\/r\/Terraform\/comments\/n9bj7a\/is_it_possible_to_create_a_terraformed_k8_cluster\/"
            },
            {
                "title": "overview for OutraceTheMicrowave",
                "title_link": "https:\/\/www.reddit.com\/user\/OutraceTheMicrowave",
                "text": "*beep* *beep* *beep*.",
                "fallback": "overview for OutraceTheMicrowave",
                "from_url": "https:\/\/www.reddit.com\/user\/OutraceTheMicrowave",
                "service_icon": "http:\/\/www.redditstatic.com\/desktop2x\/img\/favicon\/apple-icon-57x57.png",
                "service_name": "reddit.com",
                "id": 2,
                "original_url": "https:\/\/www.reddit.com\/user\/OutraceTheMicrowave"
            }
        ],
        "edited": {
            "user": "BG3N7LG73",
            "ts": "1620670000.000000"
        }
    },
    {
        "type": "message",
        "subtype": "bot_message",
        "text": "<https:\/\/www.reddit.com\/r\/Terraform\/comments\/n9fhqn\/help_request_how_to_set_an_optional_resource\/|Help request: how to set an optional resource argument only when another resource argument has a specific value?>\nLet's say I have a module to create a resource and I need to add an optional argument, but this optional argument is only valid when a different argument is set with a specific value (which is not the default value and is one of many options). What is the best way to handle this situation?    submitted by   <https:\/\/www.reddit.com\/user\/dumbdumb1349| \/u\/dumbdumb1349 > \n&lt;a...",
        "ts": "1620679596.077700",
        "username": "Terraform",
        "icons": {
            "image_48": "https:\/\/s3-us-west-2.amazonaws.com\/slack-files2\/bot_icons\/2019-02-12\/548785199618_48.png"
        },
        "bot_id": "BG3N7LG73",
        "attachments": [
            {
                "service_name": "reddit",
                "title": "Help request: how to set an optional resource argument only when another resource argument has a specific value?",
                "title_link": "https:\/\/www.reddit.com\/r\/Terraform\/comments\/n9fhqn\/help_request_how_to_set_an_optional_resource\/",
                "text": "Let's say I have a module to create a resource and I need to add an optional argument, but this optional argument is only valid when a different...",
                "fallback": "reddit: Help request: how to set an optional resource argument only when another resource argument has a specific value?",
                "thumb_url": "https:\/\/www.redditstatic.com\/new-icon.png",
                "from_url": "https:\/\/www.reddit.com\/r\/Terraform\/comments\/n9fhqn\/help_request_how_to_set_an_optional_resource\/",
                "thumb_width": 256,
                "thumb_height": 256,
                "service_icon": "http:\/\/www.redditstatic.com\/desktop2x\/img\/favicon\/apple-icon-57x57.png",
                "id": 1,
                "original_url": "https:\/\/www.reddit.com\/r\/Terraform\/comments\/n9fhqn\/help_request_how_to_set_an_optional_resource\/"
            },
            {
                "title": "overview for dumbdumb1349",
                "title_link": "https:\/\/www.reddit.com\/user\/dumbdumb1349",
                "text": "The u\/dumbdumb1349 community on Reddit. Reddit gives you the best of the internet in one place.",
                "fallback": "overview for dumbdumb1349",
                "from_url": "https:\/\/www.reddit.com\/user\/dumbdumb1349",
                "service_icon": "http:\/\/www.redditstatic.com\/desktop2x\/img\/favicon\/apple-icon-57x57.png",
                "service_name": "reddit.com",
                "id": 2,
                "original_url": "https:\/\/www.reddit.com\/user\/dumbdumb1349"
            }
        ],
        "edited": {
            "user": "BG3N7LG73",
            "ts": "1620679597.000000"
        }
    },
    {
        "type": "message",
        "subtype": "bot_message",
        "text": "<https:\/\/www.reddit.com\/r\/Terraform\/comments\/n9jcc3\/pypi_compatible_service_with_terraform_support\/|Pypi Compatible Service with Terraform support>\nHopefully I am asking the right question... ​ I am looking for any artifact storage services supported by Terraform. We are currently using this software \"DevPi\" which is Pypi compatible, which allows us to upload private python wheels. The software holds onto the different versions of wheels, and allows us to install locally using pip.  Is the any Platforms-as-a-Service which can do this supported by Terraform?  This is the only one that I found to be basically what I need:\n&lt;a...",
        "ts": "1620690399.077900",
        "username": "Terraform",
        "icons": {
            "image_48": "https:\/\/s3-us-west-2.amazonaws.com\/slack-files2\/bot_icons\/2019-02-12\/548785199618_48.png"
        },
        "bot_id": "BG3N7LG73",
        "attachments": [
            {
                "service_name": "reddit",
                "title": "Pypi Compatible Service with Terraform support",
                "title_link": "https:\/\/www.reddit.com\/r\/Terraform\/comments\/n9jcc3\/pypi_compatible_service_with_terraform_support\/",
                "text": "Hopefully I am asking the right question... &amp;#x200B; I am looking for any artifact storage services supported by Terraform. We are currently...",
                "fallback": "reddit: Pypi Compatible Service with Terraform support",
                "thumb_url": "https:\/\/www.redditstatic.com\/new-icon.png",
                "from_url": "https:\/\/www.reddit.com\/r\/Terraform\/comments\/n9jcc3\/pypi_compatible_service_with_terraform_support\/",
                "thumb_width": 256,
                "thumb_height": 256,
                "service_icon": "http:\/\/www.redditstatic.com\/desktop2x\/img\/favicon\/apple-icon-57x57.png",
                "id": 1,
                "original_url": "https:\/\/www.reddit.com\/r\/Terraform\/comments\/n9jcc3\/pypi_compatible_service_with_terraform_support\/"
            }
        ],
        "edited": {
            "user": "BG3N7LG73",
            "ts": "1620690400.000000"
        }
    },
    {
        "type": "message",
        "subtype": "bot_message",
        "text": "<https:\/\/qiita.com\/bbq-all-stars\/items\/3a7447d6763a9f863d8e|terrafomerでの既存のリソースの取り込み手順>\n最近AWSのリソースをterraformerで取り込むことが多く、その中でいくつかハマりどころがあったので手順をまとめる。\n\n\n\n\n1. terraformerで取り込み\n\n必要なリソースをterraformerで取り込む。\n\n$ terraformer import aws --resources=hoge --profile=fuga --path-pattern .\/\n\n\n\n2. state mvでresource名を管理しやすい名前に変更\n\nterraformerが生成するresoure名は、既存のリソースのIDから生成したりしてわかりにくかったりするので、state mvで変更する。\n全resourceにたいして行う（つらい）\n\n$ terraform state mv aws_s3_bucket.tfer--abcdefghijklmn aws_s3_bucket.fuga\n\n\n\n3. 必要に応じてmodule化\n\n既存のresoureをmoduleにして管理しやすくする。\nもしくは既にmoduleがあれば、それを利用してresourceを書き直すのでも良い。...",
        "ts": "1620703612.078100",
        "username": "Terraformタグが付けられた新着記事 - Qiita",
        "icons": {
            "image_36": "https:\/\/a.slack-edge.com\/80588\/img\/services\/rss_36.png",
            "image_48": "https:\/\/a.slack-edge.com\/80588\/img\/services\/rss_48.png",
            "image_72": "https:\/\/a.slack-edge.com\/80588\/img\/services\/rss_72.png"
        },
        "bot_id": "BG3N7LG73",
        "attachments": [
            {
                "service_name": "Qiita",
                "title": "terrafomerでの既存のリソースの取り込み手順 - Qiita",
                "title_link": "https:\/\/qiita.com\/bbq-all-stars\/items\/3a7447d6763a9f863d8e",
                "text": "最近AWSのリソースをterraformerで取り込むことが多く、その中でいくつかハマりどころがあったので手順をまとめる。 1. terraformerで取り込み 必要なリソースをterraformerで取り込む。 $ t...",
                "fallback": "Qiita: terrafomerでの既存のリソースの取り込み手順 - Qiita",
                "image_url": "https:\/\/qiita-user-contents.imgix.net\/https%3A%2F%2Fcdn.qiita.com%2Fassets%2Fpublic%2Farticle-ogp-background-1150d8b18a7c15795b701a55ae908f94.png?ixlib=rb-4.0.0&w=1200&mark=https%3A%2F%2Fqiita-user-contents.imgix.net%2F~text%3Fixlib%3Drb-4.0.0%26w%3D840%26h%3D380%26txt%3Dterrafomer%25E3%2581%25A7%25E3%2581%25AE%25E6%2597%25A2%25E5%25AD%2598%25E3%2581%25AE%25E3%2583%25AA%25E3%2582%25BD%25E3%2583%25BC%25E3%2582%25B9%25E3%2581%25AE%25E5%258F%2596%25E3%2582%258A%25E8%25BE%25BC%25E3%2581%25BF%25E6%2589%258B%25E9%25A0%2586%26txt-color%3D%2523333%26txt-font%3DHiragino%2520Sans%2520W6%26txt-size%3D54%26txt-clip%3Dellipsis%26txt-align%3Dcenter%252Cmiddle%26s%3Dba4eddca87206552b805d28ccc535000&mark-align=center%2Cmiddle&blend=https%3A%2F%2Fqiita-user-contents.imgix.net%2F~text%3Fixlib%3Drb-4.0.0%26w%3D840%26h%3D500%26txt%3D%2540bbq-all-stars%26txt-color%3D%2523333%26txt-font%3DHiragino%2520Sans%2520W6%26txt-size%3D45%26txt-align%3Dright%252Cbottom%26s%3Dab4f21e02a8fe6f6d13a852d6a32d31b&blend-align=center%2Cmiddle&blend-mode=normal&s=0df45b3b8db5b262ee7f34207383c179",
                "from_url": "https:\/\/qiita.com\/bbq-all-stars\/items\/3a7447d6763a9f863d8e",
                "image_width": 476,
                "image_height": 250,
                "image_bytes": 49370,
                "service_icon": "https:\/\/cdn.qiita.com\/assets\/favicons\/public\/apple-touch-icon-ec5ba42a24ae923f16825592efdc356f.png",
                "id": 1,
                "original_url": "https:\/\/qiita.com\/bbq-all-stars\/items\/3a7447d6763a9f863d8e"
            }
        ],
        "edited": {
            "user": "BG3N7LG73",
            "ts": "1620703612.000000"
        }
    }
]