[
    {
        "type": "message",
        "subtype": "bot_message",
        "text": "<https:\/\/www.reddit.com\/r\/Terraform\/comments\/n2hs55\/ecs_unable_to_connect_to_redis_elasticache\/|Ecs unable to connect to redis elasticache, timeout error!>\nMy ecs is unable to connect to redis elasticache . Both of them are in same vpc.  Redis has same subnet group as my ecs service subnet.  Security group allows all port for ecs task ingress and outgress. Ecs fargate container has redis port open. This is my terraform config resource \"aws_security_group\" \"ecs_tasks\" { name = \"${var.name}-sg-task-${var.environment}\" vpc_id = var.vpc_id ingress { protocol = \"-1\" from_port = 0 to_port = 0 cidr_blocks = [var.vpc_cidr] } egress { protocol = \"-1\"...",
        "ts": "1619873800.064300",
        "username": "Terraform",
        "icons": {
            "image_48": "https:\/\/s3-us-west-2.amazonaws.com\/slack-files2\/bot_icons\/2019-02-12\/548785199618_48.png"
        },
        "bot_id": "BG3N7LG73",
        "attachments": [
            {
                "service_name": "reddit",
                "title": "Ecs unable to connect to redis elasticache, timeout error!",
                "title_link": "https:\/\/www.reddit.com\/r\/Terraform\/comments\/n2hs55\/ecs_unable_to_connect_to_redis_elasticache\/",
                "text": "My ecs is unable to connect to redis elasticache . 1. Both of them are in same vpc. 2. Redis has same subnet group as my ecs service subnet. 3....",
                "fallback": "reddit: Ecs unable to connect to redis elasticache, timeout error!",
                "thumb_url": "https:\/\/www.redditstatic.com\/new-icon.png",
                "from_url": "https:\/\/www.reddit.com\/r\/Terraform\/comments\/n2hs55\/ecs_unable_to_connect_to_redis_elasticache\/",
                "thumb_width": 256,
                "thumb_height": 256,
                "service_icon": "http:\/\/www.redditstatic.com\/desktop2x\/img\/favicon\/apple-icon-57x57.png",
                "id": 1,
                "original_url": "https:\/\/www.reddit.com\/r\/Terraform\/comments\/n2hs55\/ecs_unable_to_connect_to_redis_elasticache\/"
            }
        ],
        "edited": {
            "user": "BG3N7LG73",
            "ts": "1619873800.000000"
        }
    },
    {
        "type": "message",
        "subtype": "bot_message",
        "text": "<https:\/\/www.reddit.com\/r\/Terraform\/comments\/n2mywl\/routing_table_creation_error\/|Routing Table Creation Error>\nI need help with the following error that gets generated whenever I run \"terraform apply\"  Error: error creating route: InvalidParameterValue: The destination CIDR block <https:\/\/10.0.10.0\/24|10.0.10.0\/24> is equal to or more specific than one of this VPC's CIDR blocks. This route can target only an interface or an instance.  The code is straight forward so I am unsure how to resolve. Any help would be great. Thanks.  provider \"aws\" { region = \"us-west-1\" } ​ #Create VPC in...",
        "ts": "1619891197.064500",
        "username": "Terraform",
        "icons": {
            "image_48": "https:\/\/s3-us-west-2.amazonaws.com\/slack-files2\/bot_icons\/2019-02-12\/548785199618_48.png"
        },
        "bot_id": "BG3N7LG73",
        "attachments": [
            {
                "service_name": "reddit",
                "title": "Routing Table Creation Error",
                "title_link": "https:\/\/www.reddit.com\/r\/Terraform\/comments\/n2mywl\/routing_table_creation_error\/",
                "text": "I need help with the following error that gets generated whenever I run \"terraform apply\" Error: error creating route: InvalidParameterValue:...",
                "fallback": "reddit: Routing Table Creation Error",
                "thumb_url": "https:\/\/www.redditstatic.com\/new-icon.png",
                "from_url": "https:\/\/www.reddit.com\/r\/Terraform\/comments\/n2mywl\/routing_table_creation_error\/",
                "thumb_width": 256,
                "thumb_height": 256,
                "service_icon": "http:\/\/www.redditstatic.com\/desktop2x\/img\/favicon\/apple-icon-57x57.png",
                "id": 1,
                "original_url": "https:\/\/www.reddit.com\/r\/Terraform\/comments\/n2mywl\/routing_table_creation_error\/"
            }
        ],
        "edited": {
            "user": "BG3N7LG73",
            "ts": "1619891197.000000"
        }
    },
    {
        "type": "message",
        "subtype": "bot_message",
        "text": "<https:\/\/www.reddit.com\/r\/Terraform\/comments\/n2tw6c\/strategies_for_existing_infrastructure\/|Strategies for existing infrastructure>\nWhat is considered the best practice behind dealing with a lot of exisiting infrastructure when adopting terraform? I work in an environment with thousands of existing resources. Is it considered wise to import everything so it can be managed by terraform? Or just use data sources and leave the resource blocks for new infrastructure? I've thought about writing powershell scripts to pull resource properties, import stuff, and then use 'here-strings' to create terraform code, but that seems...",
        "ts": "1619911596.064700",
        "username": "Terraform",
        "icons": {
            "image_48": "https:\/\/s3-us-west-2.amazonaws.com\/slack-files2\/bot_icons\/2019-02-12\/548785199618_48.png"
        },
        "bot_id": "BG3N7LG73",
        "attachments": [
            {
                "service_name": "reddit",
                "title": "Strategies for existing infrastructure",
                "title_link": "https:\/\/www.reddit.com\/r\/Terraform\/comments\/n2tw6c\/strategies_for_existing_infrastructure\/",
                "text": "What is considered the best practice behind dealing with a lot of exisiting infrastructure when adopting terraform? I work in an environment with...",
                "fallback": "reddit: Strategies for existing infrastructure",
                "thumb_url": "https:\/\/www.redditstatic.com\/new-icon.png",
                "from_url": "https:\/\/www.reddit.com\/r\/Terraform\/comments\/n2tw6c\/strategies_for_existing_infrastructure\/",
                "thumb_width": 256,
                "thumb_height": 256,
                "service_icon": "http:\/\/www.redditstatic.com\/desktop2x\/img\/favicon\/apple-icon-57x57.png",
                "id": 1,
                "original_url": "https:\/\/www.reddit.com\/r\/Terraform\/comments\/n2tw6c\/strategies_for_existing_infrastructure\/"
            }
        ],
        "edited": {
            "user": "BG3N7LG73",
            "ts": "1619911596.000000"
        }
    },
    {
        "type": "message",
        "subtype": "bot_message",
        "text": "<https:\/\/www.reddit.com\/r\/Terraform\/comments\/n2xmgi\/iac_automation_dalang\/|IaC Automation - Dalang>\nHey Everyone, I am excited to share a piece of open source software that I've created in Ansible and Terraform for IaC automation, called dalang. Dalang is a collection of Ansible Playbooks developed for Infrastructure as a Code (IaC) automation. It automates infrastructure deployment in your multi-account AWS environment. Dalang can easily be added to any CI\/CD pipeline such as AWS Codepipeline, Ansible Tower\/AWS, or Github Actions. The source code is on GitHub: &lt;a...",
        "ts": "1619924199.064900",
        "username": "Terraform",
        "icons": {
            "image_48": "https:\/\/s3-us-west-2.amazonaws.com\/slack-files2\/bot_icons\/2019-02-12\/548785199618_48.png"
        },
        "bot_id": "BG3N7LG73",
        "attachments": [
            {
                "service_name": "reddit",
                "title": "IaC Automation - Dalang",
                "title_link": "https:\/\/www.reddit.com\/r\/Terraform\/comments\/n2xmgi\/iac_automation_dalang\/",
                "text": "Hey Everyone, I am excited to share a piece of open source software that I've created in Ansible and Terraform for IaC automation, called...",
                "fallback": "reddit: IaC Automation - Dalang",
                "thumb_url": "https:\/\/www.redditstatic.com\/new-icon.png",
                "from_url": "https:\/\/www.reddit.com\/r\/Terraform\/comments\/n2xmgi\/iac_automation_dalang\/",
                "thumb_width": 256,
                "thumb_height": 256,
                "service_icon": "http:\/\/www.redditstatic.com\/desktop2x\/img\/favicon\/apple-icon-57x57.png",
                "id": 1,
                "original_url": "https:\/\/www.reddit.com\/r\/Terraform\/comments\/n2xmgi\/iac_automation_dalang\/"
            }
        ],
        "edited": {
            "user": "BG3N7LG73",
            "ts": "1619924200.000000"
        }
    }
]