[
    {
        "type": "message",
        "subtype": "bot_message",
        "text": "<https:\/\/www.reddit.com\/r\/Terraform\/comments\/n6tn6n\/cant_run_checkov_locally\/|Can't run checkov locally>\nWhen run a checkov command on local, got this error ERROR:root:Failed to get customer assumed role HTTPSConnectionPool(host='www.bridgecrew.cloud', port=443): Max retries exceeded with url: \/api\/v1\/integrations\/types\/checkov (Caused by NewConnectionError(': Failed to establish a new connection: [Errno 60] Operation timed out')) 2021-05-07 15:29:54,644 [MainThread ] [ERROR] Failed to get customer assumed role HTTPSConnectionPool(host='www.bridgecrew.cloud', port=443): Max retries exceeded with...",
        "ts": "1620375998.073200",
        "username": "Terraform",
        "icons": {
            "image_48": "https:\/\/s3-us-west-2.amazonaws.com\/slack-files2\/bot_icons\/2019-02-12\/548785199618_48.png"
        },
        "bot_id": "BG3N7LG73",
        "attachments": [
            {
                "service_name": "reddit",
                "title": "Can't run checkov locally",
                "title_link": "https:\/\/www.reddit.com\/r\/Terraform\/comments\/n6tn6n\/cant_run_checkov_locally\/",
                "text": "When run a `checkov` command on local, got this error ERROR:root:Failed to get customer assumed role ...",
                "fallback": "reddit: Can't run checkov locally",
                "thumb_url": "https:\/\/www.redditstatic.com\/new-icon.png",
                "from_url": "https:\/\/www.reddit.com\/r\/Terraform\/comments\/n6tn6n\/cant_run_checkov_locally\/",
                "thumb_width": 256,
                "thumb_height": 256,
                "service_icon": "http:\/\/www.redditstatic.com\/desktop2x\/img\/favicon\/apple-icon-57x57.png",
                "id": 1,
                "original_url": "https:\/\/www.reddit.com\/r\/Terraform\/comments\/n6tn6n\/cant_run_checkov_locally\/"
            }
        ],
        "edited": {
            "user": "BG3N7LG73",
            "ts": "1620375998.000000"
        }
    },
    {
        "type": "message",
        "subtype": "bot_message",
        "text": "<https:\/\/www.reddit.com\/r\/Terraform\/comments\/n6zxcv\/config_docker_swarm\/|Config docker swarm?>\nLet's say I have 5 nodes. Is it possible to declare which nodes are managers, which are workers, and label them accordingly in terraform? PS: I just start use terraform. I find there is no official provider for this function.    submitted by   <https:\/\/www.reddit.com\/user\/yukiiiiii2008| \/u\/yukiiiiii2008 > \n<https:\/\/www.reddit.com\/r\/Terraform\/comments\/n6zxcv\/config_docker_swarm\/|[link]>   &lt;a...",
        "ts": "1620399396.073500",
        "username": "Terraform",
        "icons": {
            "image_48": "https:\/\/s3-us-west-2.amazonaws.com\/slack-files2\/bot_icons\/2019-02-12\/548785199618_48.png"
        },
        "bot_id": "BG3N7LG73",
        "attachments": [
            {
                "service_name": "reddit",
                "title": "Config docker swarm?",
                "title_link": "https:\/\/www.reddit.com\/r\/Terraform\/comments\/n6zxcv\/config_docker_swarm\/",
                "text": "Let's say I have 5 nodes. Is it possible to declare which nodes are managers, which are workers, and label them accordingly in terraform? PS: I...",
                "fallback": "reddit: Config docker swarm?",
                "thumb_url": "https:\/\/www.redditstatic.com\/new-icon.png",
                "from_url": "https:\/\/www.reddit.com\/r\/Terraform\/comments\/n6zxcv\/config_docker_swarm\/",
                "thumb_width": 256,
                "thumb_height": 256,
                "service_icon": "http:\/\/www.redditstatic.com\/desktop2x\/img\/favicon\/apple-icon-57x57.png",
                "id": 1,
                "original_url": "https:\/\/www.reddit.com\/r\/Terraform\/comments\/n6zxcv\/config_docker_swarm\/"
            },
            {
                "title": "overview for yukiiiiii2008",
                "title_link": "https:\/\/www.reddit.com\/user\/yukiiiiii2008",
                "text": "The u\/yukiiiiii2008 community on Reddit. Reddit gives you the best of the internet in one place.",
                "fallback": "overview for yukiiiiii2008",
                "from_url": "https:\/\/www.reddit.com\/user\/yukiiiiii2008",
                "service_icon": "http:\/\/www.redditstatic.com\/desktop2x\/img\/favicon\/apple-icon-57x57.png",
                "service_name": "reddit.com",
                "id": 2,
                "original_url": "https:\/\/www.reddit.com\/user\/yukiiiiii2008"
            }
        ],
        "edited": {
            "user": "BG3N7LG73",
            "ts": "1620399396.000000"
        }
    },
    {
        "type": "message",
        "subtype": "bot_message",
        "text": "<https:\/\/www.reddit.com\/r\/Terraform\/comments\/n74po3\/azure_terraformcompliance_examples\/|Azure terraform-compliance examples?>\nWas checking out terraform-compliance today - <https:\/\/terraform-compliance.com\/|https:\/\/terraform-compliance.com\/> Really nice tool, I've read through the documents and I really like the idea and simplicity of the tool. I won't deny, I know basic BDD, and this is basically my first ever exposure to Cucumber\/Gherkin\/Radish. I copied the tags example from the site and it works great! I tried some of the other examples to not much avail (albeit they are AWS mostly, so it's probably...",
        "ts": "1620411397.073700",
        "username": "Terraform",
        "icons": {
            "image_48": "https:\/\/s3-us-west-2.amazonaws.com\/slack-files2\/bot_icons\/2019-02-12\/548785199618_48.png"
        },
        "bot_id": "BG3N7LG73",
        "attachments": [
            {
                "service_name": "reddit",
                "title": "Azure terraform-compliance examples?",
                "title_link": "https:\/\/www.reddit.com\/r\/Terraform\/comments\/n74po3\/azure_terraformcompliance_examples\/",
                "text": "Was checking out terraform-compliance today - <https:\/\/terraform-compliance.com\/> Really nice tool, I've read through the documents and I really...",
                "fallback": "reddit: Azure terraform-compliance examples?",
                "thumb_url": "https:\/\/www.redditstatic.com\/new-icon.png",
                "from_url": "https:\/\/www.reddit.com\/r\/Terraform\/comments\/n74po3\/azure_terraformcompliance_examples\/",
                "thumb_width": 256,
                "thumb_height": 256,
                "service_icon": "http:\/\/www.redditstatic.com\/desktop2x\/img\/favicon\/apple-icon-57x57.png",
                "id": 1,
                "original_url": "https:\/\/www.reddit.com\/r\/Terraform\/comments\/n74po3\/azure_terraformcompliance_examples\/"
            },
            {
                "service_name": "terraform-compliance",
                "title": "Overview",
                "title_link": "https:\/\/terraform-compliance.com\/",
                "text": "BDD Test Framework focused on Security\/Compliance against HashiCorp Terraform",
                "fallback": "terraform-compliance: Overview",
                "from_url": "https:\/\/terraform-compliance.com\/",
                "service_icon": "https:\/\/terraform-compliance.com\/favicon.ico",
                "id": 2,
                "original_url": "https:\/\/terraform-compliance.com\/"
            }
        ],
        "edited": {
            "user": "BG3N7LG73",
            "ts": "1620411397.000000"
        }
    },
    {
        "type": "message",
        "subtype": "bot_message",
        "text": "<https:\/\/www.reddit.com\/r\/Terraform\/comments\/n75845\/tf_ec2_w_ansible_localexec_provisioner_race\/|TF EC2 w\/ ansible local-exec provisioner race condition?>\nThere's probably an obvious answer to this question, but it's eluding me currently. When I use an SSH remote-exec provisioner, TF will continue to retry until the instance is ready. When I use an ansible local-exec it runs immediately and fails. One workaround is a no-op SSH remote-exec provisioner in the code before the ansible provisioner, but this seems silly. Suggestions?    submitted by   <https:\/\/www.reddit.com\/user\/NinjaAmbush| \/u\/NinjaAmbush > \n&lt;a...",
        "ts": "1620412599.073900",
        "username": "Terraform",
        "icons": {
            "image_48": "https:\/\/s3-us-west-2.amazonaws.com\/slack-files2\/bot_icons\/2019-02-12\/548785199618_48.png"
        },
        "bot_id": "BG3N7LG73",
        "attachments": [
            {
                "service_name": "reddit",
                "title": "TF EC2 w\/ ansible local-exec provisioner race condition?",
                "title_link": "https:\/\/www.reddit.com\/r\/Terraform\/comments\/n75845\/tf_ec2_w_ansible_localexec_provisioner_race\/",
                "text": "There's probably an obvious answer to this question, but it's eluding me currently. When I use an SSH remote-exec provisioner, TF will continue...",
                "fallback": "reddit: TF EC2 w\/ ansible local-exec provisioner race condition?",
                "thumb_url": "https:\/\/www.redditstatic.com\/new-icon.png",
                "from_url": "https:\/\/www.reddit.com\/r\/Terraform\/comments\/n75845\/tf_ec2_w_ansible_localexec_provisioner_race\/",
                "thumb_width": 256,
                "thumb_height": 256,
                "service_icon": "http:\/\/www.redditstatic.com\/desktop2x\/img\/favicon\/apple-icon-57x57.png",
                "id": 1,
                "original_url": "https:\/\/www.reddit.com\/r\/Terraform\/comments\/n75845\/tf_ec2_w_ansible_localexec_provisioner_race\/"
            },
            {
                "title": "overview for NinjaAmbush",
                "title_link": "https:\/\/www.reddit.com\/user\/NinjaAmbush",
                "text": "The u\/NinjaAmbush community on Reddit. Reddit gives you the best of the internet in one place.",
                "fallback": "overview for NinjaAmbush",
                "from_url": "https:\/\/www.reddit.com\/user\/NinjaAmbush",
                "service_icon": "http:\/\/www.redditstatic.com\/desktop2x\/img\/favicon\/apple-icon-57x57.png",
                "service_name": "reddit.com",
                "id": 2,
                "original_url": "https:\/\/www.reddit.com\/user\/NinjaAmbush"
            }
        ],
        "edited": {
            "user": "BG3N7LG73",
            "ts": "1620412599.000000"
        }
    },
    {
        "type": "message",
        "subtype": "bot_message",
        "text": "<https:\/\/www.reddit.com\/r\/Terraform\/comments\/n7artg\/terraform_repo_structure\/|Terraform repo structure>\nI’m having bit of a head time understanding the best structure for terraform repo.  I’ve got a repo using VPC module here to provision a VPC in test but I also need to provision staging l, preprod and prod.  I use 2 AWS providers one for us-east-1 and one for the region I want my VPC in.  <https:\/\/registry.terraform.io\/modules\/terraform-aws-modules\/vpc\/aws\/latest|https:\/\/registry.terraform.io\/modules\/terraform-aws-modules\/vpc\/aws\/latest> Now my existing VPC is split into 3 files,...",
        "ts": "1620427598.074100",
        "username": "Terraform",
        "icons": {
            "image_48": "https:\/\/s3-us-west-2.amazonaws.com\/slack-files2\/bot_icons\/2019-02-12\/548785199618_48.png"
        },
        "bot_id": "BG3N7LG73",
        "attachments": [
            {
                "service_name": "reddit",
                "title": "Terraform repo structure",
                "title_link": "https:\/\/www.reddit.com\/r\/Terraform\/comments\/n7artg\/terraform_repo_structure\/",
                "text": "I’m having bit of a head time understanding the best structure for terraform repo. I’ve got a repo using VPC module here to provision a VPC in...",
                "fallback": "reddit: Terraform repo structure",
                "thumb_url": "https:\/\/www.redditstatic.com\/new-icon.png",
                "from_url": "https:\/\/www.reddit.com\/r\/Terraform\/comments\/n7artg\/terraform_repo_structure\/",
                "thumb_width": 256,
                "thumb_height": 256,
                "service_icon": "http:\/\/www.redditstatic.com\/desktop2x\/img\/favicon\/apple-icon-57x57.png",
                "id": 1,
                "original_url": "https:\/\/www.reddit.com\/r\/Terraform\/comments\/n7artg\/terraform_repo_structure\/"
            }
        ],
        "edited": {
            "user": "BG3N7LG73",
            "ts": "1620427598.000000"
        }
    },
    {
        "type": "message",
        "subtype": "bot_message",
        "text": "<https:\/\/www.reddit.com\/r\/Terraform\/comments\/n7dbwr\/localstf_in_a_module\/|?Locals.tf in a module>\nJust curious if it was possible to move my <http:\/\/locals.tf|locals.tf> into a mdoule and all I need to do is update the references. Right now I have a <http:\/\/locals.tf|locals.tf> that's doing some stuff and I'd rather not have to copy and paste the same thing over when the locals are the same each time.    submitted by   <https:\/\/www.reddit.com\/user\/gex80| \/u\/gex80 > \n<https:\/\/www.reddit.com\/r\/Terraform\/comments\/n7dbwr\/localstf_in_a_module\/|[link]>   &lt;a...",
        "ts": "1620434799.074300",
        "username": "Terraform",
        "icons": {
            "image_48": "https:\/\/s3-us-west-2.amazonaws.com\/slack-files2\/bot_icons\/2019-02-12\/548785199618_48.png"
        },
        "bot_id": "BG3N7LG73",
        "attachments": [
            {
                "service_name": "reddit",
                "title": "?Locals.tf in a module",
                "title_link": "https:\/\/www.reddit.com\/r\/Terraform\/comments\/n7dbwr\/localstf_in_a_module\/",
                "text": "Just curious if it was possible to move my <http:\/\/locals.tf|locals.tf> into a mdoule and all I need to do is update the references. Right now I have a locals.tf...",
                "fallback": "reddit: ?Locals.tf in a module",
                "thumb_url": "https:\/\/www.redditstatic.com\/new-icon.png",
                "from_url": "https:\/\/www.reddit.com\/r\/Terraform\/comments\/n7dbwr\/localstf_in_a_module\/",
                "thumb_width": 256,
                "thumb_height": 256,
                "service_icon": "http:\/\/www.redditstatic.com\/desktop2x\/img\/favicon\/apple-icon-57x57.png",
                "id": 1,
                "original_url": "https:\/\/www.reddit.com\/r\/Terraform\/comments\/n7dbwr\/localstf_in_a_module\/"
            },
            {
                "title": "overview for gex80",
                "title_link": "https:\/\/www.reddit.com\/user\/gex80",
                "text": "The u\/gex80 community on Reddit. Reddit gives you the best of the internet in one place.",
                "fallback": "overview for gex80",
                "from_url": "https:\/\/www.reddit.com\/user\/gex80",
                "service_icon": "http:\/\/www.redditstatic.com\/desktop2x\/img\/favicon\/apple-icon-57x57.png",
                "service_name": "reddit.com",
                "id": 2,
                "original_url": "https:\/\/www.reddit.com\/user\/gex80"
            }
        ],
        "edited": {
            "user": "BG3N7LG73",
            "ts": "1620434799.000000"
        }
    },
    {
        "type": "message",
        "subtype": "bot_message",
        "text": "<https:\/\/qiita.com\/ikadatic\/items\/c98d2296ef4de277c592|tfenvで\"No versions matching  found in remote\"でインストールできない。>\n% brew install tfenv\n% tfenv install latest\nNo versions matching 'latest' found in remote\n\n\nどのバージョンをインストールしようとしてもNo versions matching * found in remoteとなってしまってインストールできない。\n\nMacOS - [ERROR] No versions matching '0.11.2' found in remote #83\n\nどうやらgrepコマンドに色をつける設定をしているとダメらしい。\n\n#.zshrc\n#以下のように変更\n\n# export GREP_OPTIONS='--color=always'\nexport GREP_OPTIONS='--color=never\n\n\n設定ファイルを読み込み直して、再度試したらインストールできた。\n\n% source .zshrc\n\n% tfenv install latest\nInstalling Terraform v0.15.3\nDownloading release tarball...",
        "ts": "1620442607.074500",
        "username": "Terraformタグが付けられた新着記事 - Qiita",
        "icons": {
            "image_36": "https:\/\/a.slack-edge.com\/80588\/img\/services\/rss_36.png",
            "image_48": "https:\/\/a.slack-edge.com\/80588\/img\/services\/rss_48.png",
            "image_72": "https:\/\/a.slack-edge.com\/80588\/img\/services\/rss_72.png"
        },
        "bot_id": "BG3N7LG73",
        "attachments": [
            {
                "service_name": "Qiita",
                "title": "tfenvで\"No versions matching  found in remote\"でインストールできない。 - Qiita",
                "title_link": "https:\/\/qiita.com\/ikadatic\/items\/c98d2296ef4de277c592",
                "text": "% brew install tfenv % tfenv install latest No versions matching 'latest' found in remote どのバージョンをインストールしようとしてもNo v...",
                "fallback": "Qiita: tfenvで\"No versions matching  found in remote\"でインストールできない。 - Qiita",
                "image_url": "https:\/\/qiita-user-contents.imgix.net\/https%3A%2F%2Fcdn.qiita.com%2Fassets%2Fpublic%2Farticle-ogp-background-1150d8b18a7c15795b701a55ae908f94.png?ixlib=rb-4.0.0&w=1200&mark=https%3A%2F%2Fqiita-user-contents.imgix.net%2F~text%3Fixlib%3Drb-4.0.0%26w%3D840%26h%3D380%26txt%3Dtfenv%25E3%2581%25A7%2522No%2520versions%2520matching%2520%2520found%2520in%2520remote%2522%25E3%2581%25A7%25E3%2582%25A4%25E3%2583%25B3%25E3%2582%25B9%25E3%2583%2588%25E3%2583%25BC%25E3%2583%25AB%25E3%2581%25A7%25E3%2581%258D%25E3%2581%25AA%25E3%2581%2584%25E3%2580%2582%26txt-color%3D%2523333%26txt-font%3DHiragino%2520Sans%2520W6%26txt-size%3D54%26txt-clip%3Dellipsis%26txt-align%3Dcenter%252Cmiddle%26s%3D0cf3802fa18cc381c4d04dac395368aa&mark-align=center%2Cmiddle&blend=https%3A%2F%2Fqiita-user-contents.imgix.net%2F~text%3Fixlib%3Drb-4.0.0%26w%3D840%26h%3D500%26txt%3D%2540ikadatic%26txt-color%3D%2523333%26txt-font%3DHiragino%2520Sans%2520W6%26txt-size%3D45%26txt-align%3Dright%252Cbottom%26s%3D03e208150926c50485596f56c77878dc&blend-align=center%2Cmiddle&blend-mode=normal&s=aee75090b1792cd6ccff5c016db51d67",
                "from_url": "https:\/\/qiita.com\/ikadatic\/items\/c98d2296ef4de277c592",
                "image_width": 476,
                "image_height": 250,
                "image_bytes": 57074,
                "service_icon": "https:\/\/cdn.qiita.com\/assets\/favicons\/public\/apple-touch-icon-ec5ba42a24ae923f16825592efdc356f.png",
                "id": 1,
                "original_url": "https:\/\/qiita.com\/ikadatic\/items\/c98d2296ef4de277c592"
            }
        ],
        "edited": {
            "user": "BG3N7LG73",
            "ts": "1620442607.000000"
        }
    },
    {
        "type": "message",
        "subtype": "bot_message",
        "text": "<https:\/\/www.reddit.com\/r\/Terraform\/comments\/n7h7w9\/my_module_has_a_wrong_provider\/|My module has a wrong provider.>\nmy <https:\/\/providers.tf\/|providers.tf>  terraform {\n required_providers {\n upcloud = {\n source = \"UpCloudLtd\/upcloud\"\n version = \"~&gt; 2.0\"\n }  }\n }\n provider \"upcloud\" {\n }  the output of \"terraform providers\" ├── provider[<http:\/\/registry.terraform.io\/aliyun\/alicloud|registry.terraform.io\/aliyun\/alicloud>] 1.122.0 ├── provider[<http:\/\/registry.terraform.io\/vultr\/vultr|registry.terraform.io\/vultr\/vultr>] 2.2.0 ├── provider[<http:\/\/registry.terraform.io\/hashicorp\/local|registry.terraform.io\/hashicorp\/local>] 2.1.0 ├── provider[<http:\/\/registry.terraform.io\/upcloudltd\/upcloud|registry.terraform.io\/upcloudltd\/upcloud>] ~&gt; 2.0 └── module.upcloud └──...",
        "ts": "1620448599.074700",
        "username": "Terraform",
        "icons": {
            "image_48": "https:\/\/s3-us-west-2.amazonaws.com\/slack-files2\/bot_icons\/2019-02-12\/548785199618_48.png"
        },
        "bot_id": "BG3N7LG73",
        "attachments": [
            {
                "service_name": "reddit",
                "title": "My module has a wrong provider.",
                "title_link": "https:\/\/www.reddit.com\/r\/Terraform\/comments\/n7h7w9\/my_module_has_a_wrong_provider\/",
                "text": "my [<http:\/\/providers.tf|providers.tf>](<https:\/\/providers.tf>) &gt; terraform { required\\_providers { upcloud = { source = \"UpCloudLtd\/upcloud\" ...",
                "fallback": "reddit: My module has a wrong provider.",
                "thumb_url": "https:\/\/www.redditstatic.com\/new-icon.png",
                "from_url": "https:\/\/www.reddit.com\/r\/Terraform\/comments\/n7h7w9\/my_module_has_a_wrong_provider\/",
                "thumb_width": 256,
                "thumb_height": 256,
                "service_icon": "http:\/\/www.redditstatic.com\/desktop2x\/img\/favicon\/apple-icon-57x57.png",
                "id": 1,
                "original_url": "https:\/\/www.reddit.com\/r\/Terraform\/comments\/n7h7w9\/my_module_has_a_wrong_provider\/"
            }
        ],
        "edited": {
            "user": "BG3N7LG73",
            "ts": "1620448599.000000"
        }
    },
    {
        "type": "message",
        "subtype": "bot_message",
        "text": "<https:\/\/www.reddit.com\/r\/Terraform\/comments\/n7j7ib\/can_i_create_one_terraform_cloud_workspace_for\/|Can I create one Terraform Cloud workspace for each virtual server?>\nTheir free Terraform Cloud plan says unlimed workspaces. Is it truly unlimited? I plan to create hundreds of workspaces. One for each virtual server. It will be used for a VPS hosting service. Not quite what Terraform CLI and Terraform Cloud is designed for but I think it will work ok as long as I can create an unlimited number of workspaces. Realistically in the hundreds. Maybe even a thousand or more. At some point I would of course expect to pay for an account once I get enough...",
        "ts": "1620456399.074900",
        "username": "Terraform",
        "icons": {
            "image_48": "https:\/\/s3-us-west-2.amazonaws.com\/slack-files2\/bot_icons\/2019-02-12\/548785199618_48.png"
        },
        "bot_id": "BG3N7LG73",
        "attachments": [
            {
                "service_name": "reddit",
                "title": "Can I create one Terraform Cloud workspace for each virtual server?",
                "title_link": "https:\/\/www.reddit.com\/r\/Terraform\/comments\/n7j7ib\/can_i_create_one_terraform_cloud_workspace_for\/",
                "text": "Their free Terraform Cloud plan says unlimed workspaces. Is it truly unlimited? I plan to create hundreds of workspaces. One for each virtual...",
                "fallback": "reddit: Can I create one Terraform Cloud workspace for each virtual server?",
                "thumb_url": "https:\/\/www.redditstatic.com\/new-icon.png",
                "from_url": "https:\/\/www.reddit.com\/r\/Terraform\/comments\/n7j7ib\/can_i_create_one_terraform_cloud_workspace_for\/",
                "thumb_width": 256,
                "thumb_height": 256,
                "service_icon": "http:\/\/www.redditstatic.com\/desktop2x\/img\/favicon\/apple-icon-57x57.png",
                "id": 1,
                "original_url": "https:\/\/www.reddit.com\/r\/Terraform\/comments\/n7j7ib\/can_i_create_one_terraform_cloud_workspace_for\/"
            }
        ],
        "edited": {
            "user": "BG3N7LG73",
            "ts": "1620456399.000000"
        }
    }
]