[
    {
        "type": "message",
        "subtype": "bot_message",
        "text": "<https:\/\/www.google.com\/url?rct=j&amp;sa=t&amp;url=https:\/\/www.infoq.com\/jp\/news\/2021\/05\/consul-terraform-sync\/&amp;ct=ga&amp;cd=CAIyHDMwMTY1OGE1ZDI5NDAyNzE6Y28uanA6amE6SlA&amp;usg=AFQjCNGqrcwdIC2NnymBdy6Z2IY8YUwozg|Consul-&lt;b&gt;Terraform&lt;\/b&gt;-Syncでネットワーク共通タスクの自動化が可能に>\nタスクは、Terraformモジュールとして記述されたrunbookオートメーションで構成されており、動的にサービスデータを取得して、インフラ ...",
        "ts": "1621500220.004400",
        "username": "Google アラート - terraform",
        "icons": {
            "image_36": "https:\/\/a.slack-edge.com\/80588\/img\/services\/rss_36.png",
            "image_48": "https:\/\/a.slack-edge.com\/80588\/img\/services\/rss_48.png",
            "image_72": "https:\/\/a.slack-edge.com\/80588\/img\/services\/rss_72.png"
        },
        "bot_id": "BG3N7LG73"
    },
    {
        "type": "message",
        "subtype": "bot_message",
        "text": "<https:\/\/www.reddit.com\/r\/Terraform\/comments\/ngwoch\/creating_ec2_instances_and_automatically_creating\/|Creating EC2 instances and automatically creating hosted zones and A records for them??>\nI'm trying to create n EC2 instances, and for each assign a domain that points to the public IP address, hopefully the code block below is self-explanatory, but I really don't know the best way to go about this, any help you could offer would be amazing. terraform.tfvars domains = [ \"<http:\/\/test.com|test.com>\", \"<http:\/\/foo.biz|foo.biz>\", \"<http:\/\/website.com|website.com>\" ]  <http:\/\/main.tf|main.tf> resource \"aws_instance\" \"ec2\" { for_each = var.domains ami = \"ami-0a43280cfb87ffdba\" instance_type = \"t2.nano\" key_name = aws_key_pair.default_ssh.key_name...",
        "ts": "1621508203.004500",
        "username": "Terraform",
        "icons": {
            "image_48": "https:\/\/s3-us-west-2.amazonaws.com\/slack-files2\/bot_icons\/2019-02-12\/548785199618_48.png"
        },
        "bot_id": "BG3N7LG73",
        "attachments": [
            {
                "service_name": "reddit",
                "title": "Creating EC2 instances and automatically creating hosted zones and A records for them??",
                "title_link": "https:\/\/www.reddit.com\/r\/Terraform\/comments\/ngwoch\/creating_ec2_instances_and_automatically_creating\/",
                "text": "I'm trying to create `n` EC2 instances, and for each assign a domain that points to the public IP address, hopefully the code block below is...",
                "fallback": "reddit: Creating EC2 instances and automatically creating hosted zones and A records for them??",
                "thumb_url": "https:\/\/www.redditstatic.com\/new-icon.png",
                "from_url": "https:\/\/www.reddit.com\/r\/Terraform\/comments\/ngwoch\/creating_ec2_instances_and_automatically_creating\/",
                "thumb_width": 256,
                "thumb_height": 256,
                "service_icon": "http:\/\/www.redditstatic.com\/desktop2x\/img\/favicon\/apple-icon-57x57.png",
                "id": 1,
                "original_url": "https:\/\/www.reddit.com\/r\/Terraform\/comments\/ngwoch\/creating_ec2_instances_and_automatically_creating\/"
            }
        ],
        "edited": {
            "user": "BG3N7LG73",
            "ts": "1621508203.000000"
        }
    },
    {
        "type": "message",
        "subtype": "bot_message",
        "text": "<https:\/\/www.reddit.com\/r\/Terraform\/comments\/ngxst5\/autoscaling_group_with_a_load_balancer_security\/|Autoscaling Group with a Load Balancer- Security groups question>\nHi Guys, I am kind of a noob at both terraform and aws and have been stuck on something for a couple of days. I'm only doing this for fun and try to learn so I hope you can help me. Basically I am trying to set up an autoscaling group with an elastic load balancer in front of it. I want to create the security groups such that http traffic to the instances is only allowed from the LB. I should also be able to ssh to the instances. when I apply my config, everthing is spun up but the instances...",
        "ts": "1621511202.004700",
        "username": "Terraform",
        "icons": {
            "image_48": "https:\/\/s3-us-west-2.amazonaws.com\/slack-files2\/bot_icons\/2019-02-12\/548785199618_48.png"
        },
        "bot_id": "BG3N7LG73",
        "attachments": [
            {
                "service_name": "reddit",
                "title": "Autoscaling Group with a Load Balancer- Security groups question",
                "title_link": "https:\/\/www.reddit.com\/r\/Terraform\/comments\/ngxst5\/autoscaling_group_with_a_load_balancer_security\/",
                "text": "Hi Guys, I am kind of a noob at both terraform and aws and have been stuck on something for a couple of days. I'm only doing this for fun and try...",
                "fallback": "reddit: Autoscaling Group with a Load Balancer- Security groups question",
                "thumb_url": "https:\/\/www.redditstatic.com\/new-icon.png",
                "from_url": "https:\/\/www.reddit.com\/r\/Terraform\/comments\/ngxst5\/autoscaling_group_with_a_load_balancer_security\/",
                "thumb_width": 256,
                "thumb_height": 256,
                "service_icon": "http:\/\/www.redditstatic.com\/desktop2x\/img\/favicon\/apple-icon-57x57.png",
                "id": 1,
                "original_url": "https:\/\/www.reddit.com\/r\/Terraform\/comments\/ngxst5\/autoscaling_group_with_a_load_balancer_security\/"
            }
        ],
        "edited": {
            "user": "BG3N7LG73",
            "ts": "1621511202.000000"
        }
    },
    {
        "type": "message",
        "subtype": "bot_message",
        "text": "<https:\/\/www.reddit.com\/r\/Terraform\/comments\/ngyi87\/the_ultimate_terraform_command_line_cheatsheet\/|The Ultimate Terraform Command Line Cheatsheet>\nsubmitted by   <https:\/\/www.reddit.com\/user\/shadowsyntax| \/u\/shadowsyntax > \n<https:\/\/acloudguru.com\/blog\/engineering\/the-ultimate-terraform-cheatsheet|[link]>   <https:\/\/www.reddit.com\/r\/Terraform\/comments\/ngyi87\/the_ultimate_terraform_command_line_cheatsheet\/|[comments]>",
        "ts": "1621513001.004900",
        "username": "Terraform",
        "icons": {
            "image_48": "https:\/\/s3-us-west-2.amazonaws.com\/slack-files2\/bot_icons\/2019-02-12\/548785199618_48.png"
        },
        "bot_id": "BG3N7LG73",
        "attachments": [
            {
                "service_name": "reddit",
                "title": "The Ultimate Terraform Command Line Cheatsheet",
                "title_link": "https:\/\/www.reddit.com\/r\/Terraform\/comments\/ngyi87\/the_ultimate_terraform_command_line_cheatsheet\/",
                "text": "Posted in r\/Terraform by u\/shadowsyntax • 1 point and 0 comments",
                "fallback": "reddit: The Ultimate Terraform Command Line Cheatsheet",
                "thumb_url": "https:\/\/b.thumbs.redditmedia.com\/_vtLB-zkRKSRaiPUlGal8hDKRzCkO09Ey9K2DDQdPDw.jpg",
                "from_url": "https:\/\/www.reddit.com\/r\/Terraform\/comments\/ngyi87\/the_ultimate_terraform_command_line_cheatsheet\/",
                "thumb_width": 140,
                "thumb_height": 74,
                "service_icon": "http:\/\/www.redditstatic.com\/desktop2x\/img\/favicon\/apple-icon-57x57.png",
                "id": 1,
                "original_url": "https:\/\/www.reddit.com\/r\/Terraform\/comments\/ngyi87\/the_ultimate_terraform_command_line_cheatsheet\/"
            },
            {
                "title": "overview for shadowsyntax",
                "title_link": "https:\/\/www.reddit.com\/user\/shadowsyntax",
                "text": "information guzzling biological intelligence.",
                "fallback": "overview for shadowsyntax",
                "from_url": "https:\/\/www.reddit.com\/user\/shadowsyntax",
                "service_icon": "http:\/\/www.redditstatic.com\/desktop2x\/img\/favicon\/apple-icon-57x57.png",
                "service_name": "reddit.com",
                "id": 2,
                "original_url": "https:\/\/www.reddit.com\/user\/shadowsyntax"
            },
            {
                "service_name": "A Cloud Guru",
                "title": "The Ultimate Terraform Command Line Cheatsheet | A Cloud Guru",
                "title_link": "https:\/\/acloudguru.com\/blog\/engineering\/the-ultimate-terraform-cheatsheet",
                "text": "Grab our ultimate Terraform cheatsheet PDF for all the commands you need on hand to get the most from IaC tool Terraform.",
                "fallback": "A Cloud Guru: The Ultimate Terraform Command Line Cheatsheet | A Cloud Guru",
                "image_url": "https:\/\/res.cloudinary.com\/acloud-guru\/image\/fetch\/c_thumb,f_auto,q_auto\/https:\/\/acg-wordpress-content-production.s3.us-west-2.amazonaws.com\/app\/uploads\/2020\/11\/Terraforming_BlogHeader.jpg",
                "image_width": 472,
                "image_height": 250,
                "fields": [
                    {
                        "title": "Written by",
                        "value": "Eric Pulsifer",
                        "short": true
                    },
                    {
                        "title": "Est. reading time",
                        "value": "5 minutes",
                        "short": true
                    }
                ],
                "ts": 1618871969,
                "from_url": "https:\/\/acloudguru.com\/blog\/engineering\/the-ultimate-terraform-cheatsheet",
                "image_bytes": 284086,
                "service_icon": "https:\/\/acloudguru.com\/favicon.ico",
                "id": 3,
                "original_url": "https:\/\/acloudguru.com\/blog\/engineering\/the-ultimate-terraform-cheatsheet"
            }
        ],
        "edited": {
            "user": "BG3N7LG73",
            "ts": "1621513001.000000"
        }
    },
    {
        "type": "message",
        "subtype": "bot_message",
        "text": "<https:\/\/www.reddit.com\/r\/Terraform\/comments\/ngyz9b\/parameter_3_way_selection\/|Parameter 3 way selection>\nI have a module with an input parameter that is an string, depending on a bool variable this can be a literal string or the output of module A or module B. ie module \"C\" { param = var.createA ? module.A[0].out : var.createB ? module.B[0].out : \"another_value\" }  The twist is that both module A and B are selectable using the count trick, ie module \"A\" { count = var.createA ? 1 : 0 ... } module \"B\" { count = var.createB ? 1 : 0 ... }  The problem with this approach is that during static...",
        "ts": "1621514790.005100",
        "username": "Terraform",
        "icons": {
            "image_48": "https:\/\/s3-us-west-2.amazonaws.com\/slack-files2\/bot_icons\/2019-02-12\/548785199618_48.png"
        },
        "bot_id": "BG3N7LG73",
        "attachments": [
            {
                "service_name": "reddit",
                "title": "Parameter 3 way selection",
                "title_link": "https:\/\/www.reddit.com\/r\/Terraform\/comments\/ngyz9b\/parameter_3_way_selection\/",
                "text": "I have a module with an input parameter that is an string, depending on a bool variable this can be a literal string or the output of module A or...",
                "fallback": "reddit: Parameter 3 way selection",
                "thumb_url": "https:\/\/www.redditstatic.com\/new-icon.png",
                "from_url": "https:\/\/www.reddit.com\/r\/Terraform\/comments\/ngyz9b\/parameter_3_way_selection\/",
                "thumb_width": 256,
                "thumb_height": 256,
                "service_icon": "http:\/\/www.redditstatic.com\/desktop2x\/img\/favicon\/apple-icon-57x57.png",
                "id": 1,
                "original_url": "https:\/\/www.reddit.com\/r\/Terraform\/comments\/ngyz9b\/parameter_3_way_selection\/"
            }
        ],
        "edited": {
            "user": "BG3N7LG73",
            "ts": "1621514790.000000"
        }
    },
    {
        "type": "message",
        "subtype": "bot_message",
        "text": "<https:\/\/www.reddit.com\/r\/Terraform\/comments\/ngz6ub\/anyone_here_use_vim_or_neovim_and_mind_sharing\/|Anyone here use vim or neovim and mind sharing your setup for terraform?>\nI'm looking to start using neovim instead of vscode and try work out a faster workflow for doing IAC\/Terraform. Just curious if anyone is already doing this and mind sharing some tips? Thanks    submitted by   <https:\/\/www.reddit.com\/user\/netscape101| \/u\/netscape101 > \n<https:\/\/www.reddit.com\/r\/Terraform\/comments\/ngz6ub\/anyone_here_use_vim_or_neovim_and_mind_sharing\/|[link]>   &lt;a...",
        "ts": "1621514790.005200",
        "username": "Terraform",
        "icons": {
            "image_48": "https:\/\/s3-us-west-2.amazonaws.com\/slack-files2\/bot_icons\/2019-02-12\/548785199618_48.png"
        },
        "bot_id": "BG3N7LG73",
        "attachments": [
            {
                "service_name": "reddit",
                "title": "Anyone here use vim or neovim and mind sharing your setup for terraform?",
                "title_link": "https:\/\/www.reddit.com\/r\/Terraform\/comments\/ngz6ub\/anyone_here_use_vim_or_neovim_and_mind_sharing\/",
                "text": "I'm looking to start using neovim instead of vscode and try work out a faster workflow for doing IAC\/Terraform. Just curious if anyone is already...",
                "fallback": "reddit: Anyone here use vim or neovim and mind sharing your setup for terraform?",
                "thumb_url": "https:\/\/www.redditstatic.com\/new-icon.png",
                "from_url": "https:\/\/www.reddit.com\/r\/Terraform\/comments\/ngz6ub\/anyone_here_use_vim_or_neovim_and_mind_sharing\/",
                "thumb_width": 256,
                "thumb_height": 256,
                "service_icon": "http:\/\/www.redditstatic.com\/desktop2x\/img\/favicon\/apple-icon-57x57.png",
                "id": 1,
                "original_url": "https:\/\/www.reddit.com\/r\/Terraform\/comments\/ngz6ub\/anyone_here_use_vim_or_neovim_and_mind_sharing\/"
            },
            {
                "title": "overview for netscape101",
                "title_link": "https:\/\/www.reddit.com\/user\/netscape101",
                "text": "The u\/netscape101 community on Reddit. Reddit gives you the best of the internet in one place.",
                "fallback": "overview for netscape101",
                "from_url": "https:\/\/www.reddit.com\/user\/netscape101",
                "service_icon": "http:\/\/www.redditstatic.com\/desktop2x\/img\/favicon\/apple-icon-57x57.png",
                "service_name": "reddit.com",
                "id": 2,
                "original_url": "https:\/\/www.reddit.com\/user\/netscape101"
            }
        ],
        "edited": {
            "user": "BG3N7LG73",
            "ts": "1621514791.000000"
        }
    },
    {
        "type": "message",
        "subtype": "bot_message",
        "text": "<https:\/\/www.reddit.com\/r\/Terraform\/comments\/nh46a4\/remove_sid_windows_vm_after_cloning\/|remove SID Windows VM after cloning>\nHi there, I am trying to clone a Windows VM (already added to domain controller). How do I go about dealing with SID, because I need to add the newly cloned VM. Thank you!    submitted by   <https:\/\/www.reddit.com\/user\/RelativeMix8600| \/u\/RelativeMix8600 > \n<https:\/\/www.reddit.com\/r\/Terraform\/comments\/nh46a4\/remove_sid_windows_vm_after_cloning\/|[link]>   <https:\/\/www.reddit.com\/r\/Terraform\/comments\/nh46a4\/remove_sid_windows_vm_after_cloning\/|[comments]>",
        "ts": "1621527995.005500",
        "username": "Terraform",
        "icons": {
            "image_48": "https:\/\/s3-us-west-2.amazonaws.com\/slack-files2\/bot_icons\/2019-02-12\/548785199618_48.png"
        },
        "bot_id": "BG3N7LG73",
        "attachments": [
            {
                "service_name": "reddit",
                "title": "remove SID Windows VM after cloning",
                "title_link": "https:\/\/www.reddit.com\/r\/Terraform\/comments\/nh46a4\/remove_sid_windows_vm_after_cloning\/",
                "text": "Hi there, I am trying to clone a Windows VM (already added to domain controller). How do I go about dealing with SID, because I need to add the...",
                "fallback": "reddit: remove SID Windows VM after cloning",
                "thumb_url": "https:\/\/www.redditstatic.com\/new-icon.png",
                "from_url": "https:\/\/www.reddit.com\/r\/Terraform\/comments\/nh46a4\/remove_sid_windows_vm_after_cloning\/",
                "thumb_width": 256,
                "thumb_height": 256,
                "service_icon": "http:\/\/www.redditstatic.com\/desktop2x\/img\/favicon\/apple-icon-57x57.png",
                "id": 1,
                "original_url": "https:\/\/www.reddit.com\/r\/Terraform\/comments\/nh46a4\/remove_sid_windows_vm_after_cloning\/"
            },
            {
                "title": "overview for RelativeMix8600",
                "title_link": "https:\/\/www.reddit.com\/user\/RelativeMix8600",
                "text": "The u\/RelativeMix8600 community on Reddit. Reddit gives you the best of the internet in one place.",
                "fallback": "overview for RelativeMix8600",
                "from_url": "https:\/\/www.reddit.com\/user\/RelativeMix8600",
                "service_icon": "http:\/\/www.redditstatic.com\/desktop2x\/img\/favicon\/apple-icon-57x57.png",
                "service_name": "reddit.com",
                "id": 2,
                "original_url": "https:\/\/www.reddit.com\/user\/RelativeMix8600"
            }
        ],
        "edited": {
            "user": "BG3N7LG73",
            "ts": "1621527995.000000"
        }
    },
    {
        "type": "message",
        "subtype": "bot_message",
        "text": "<https:\/\/www.reddit.com\/r\/Terraform\/comments\/nh64g2\/terraform_azure_keyvault_issue\/|Terraform azure keyvault issue>\nHi,\n in my terraform configuration, I am creating two secrets that I store in an Azure keyvault.\n then I am creating a VM with these admin passwords. The first run in Azure DevOps fails with this error:  Error: Error making Read request on Azure KeyVault cp-admin-password: keyvault.BaseClient#GetSecret: Failure responding to request: StatusCode=403 -- Original Error: autorest\/azure: Service returned an error. Status=403 Code=\"Forbidden\" Message=\"Caller is not authorized to perform action on...",
        "ts": "1621531649.005700",
        "username": "Terraform",
        "icons": {
            "image_48": "https:\/\/s3-us-west-2.amazonaws.com\/slack-files2\/bot_icons\/2019-02-12\/548785199618_48.png"
        },
        "bot_id": "BG3N7LG73",
        "attachments": [
            {
                "service_name": "reddit",
                "title": "Terraform azure keyvault issue",
                "title_link": "https:\/\/www.reddit.com\/r\/Terraform\/comments\/nh64g2\/terraform_azure_keyvault_issue\/",
                "text": "Hi, in my terraform configuration, I am creating two secrets that I store in an Azure keyvault. then I am creating a VM with these admin...",
                "fallback": "reddit: Terraform azure keyvault issue",
                "thumb_url": "https:\/\/www.redditstatic.com\/new-icon.png",
                "from_url": "https:\/\/www.reddit.com\/r\/Terraform\/comments\/nh64g2\/terraform_azure_keyvault_issue\/",
                "thumb_width": 256,
                "thumb_height": 256,
                "service_icon": "http:\/\/www.redditstatic.com\/desktop2x\/img\/favicon\/apple-icon-57x57.png",
                "id": 1,
                "original_url": "https:\/\/www.reddit.com\/r\/Terraform\/comments\/nh64g2\/terraform_azure_keyvault_issue\/"
            }
        ],
        "edited": {
            "user": "BG3N7LG73",
            "ts": "1621531649.000000"
        }
    },
    {
        "type": "message",
        "subtype": "bot_message",
        "text": "<https:\/\/www.reddit.com\/r\/Terraform\/comments\/nh9xlc\/reuse_block_of_settings\/|Reuse block of settings?>\nI'm using Terraform and the PagerDuty provider (CLI if that makes a difference) to define\/create rules in PagerDuty (see <https:\/\/registry.terraform.io\/providers\/PagerDuty\/pagerduty\/latest\/docs\/resources\/ruleset_rule|this> for the resource usage example). ​ Here is a snippet of the terraform code that would be part of the ruleset_rule  conditions { operator = \"and\" subconditions { operator = \"contains\" parameter { value = \"test message\" path = \"headers.subject\" } } subconditions {...",
        "ts": "1621541800.005900",
        "username": "Terraform",
        "icons": {
            "image_48": "https:\/\/s3-us-west-2.amazonaws.com\/slack-files2\/bot_icons\/2019-02-12\/548785199618_48.png"
        },
        "bot_id": "BG3N7LG73",
        "attachments": [
            {
                "service_name": "reddit",
                "title": "Reuse block of settings?",
                "title_link": "https:\/\/www.reddit.com\/r\/Terraform\/comments\/nh9xlc\/reuse_block_of_settings\/",
                "text": "I'm using Terraform and the PagerDuty provider (CLI if that makes a difference) to define\/create rules in PagerDuty (see...",
                "fallback": "reddit: Reuse block of settings?",
                "thumb_url": "https:\/\/www.redditstatic.com\/new-icon.png",
                "from_url": "https:\/\/www.reddit.com\/r\/Terraform\/comments\/nh9xlc\/reuse_block_of_settings\/",
                "thumb_width": 256,
                "thumb_height": 256,
                "service_icon": "http:\/\/www.redditstatic.com\/desktop2x\/img\/favicon\/apple-icon-57x57.png",
                "id": 1,
                "original_url": "https:\/\/www.reddit.com\/r\/Terraform\/comments\/nh9xlc\/reuse_block_of_settings\/"
            }
        ],
        "edited": {
            "user": "BG3N7LG73",
            "ts": "1621541800.000000"
        }
    },
    {
        "type": "message",
        "subtype": "bot_message",
        "text": "<https:\/\/www.reddit.com\/r\/Terraform\/comments\/nhcpbh\/is_it_good_practice_to_have_separate_route_table\/|Is it good practice to have separate route table for separate private subnets>\nI was curious to know what's the best practices for private subnet associations to private route table. Can we have a single private route table to which all private subnets(imagine 3 tier architecture app and db are the private subnets) can be attached or have separate rt for each private subnet is the best? App private subnet, db private subnet---&gt; private rt App private subnet - - &gt; app private rt Db private subnet - - &gt; db private rt Is there any advantage or drawbacks of one over the...",
        "ts": "1621548998.006100",
        "username": "Terraform",
        "icons": {
            "image_48": "https:\/\/s3-us-west-2.amazonaws.com\/slack-files2\/bot_icons\/2019-02-12\/548785199618_48.png"
        },
        "bot_id": "BG3N7LG73",
        "attachments": [
            {
                "service_name": "reddit",
                "title": "Is it good practice to have separate route table for separate private subnets",
                "title_link": "https:\/\/www.reddit.com\/r\/Terraform\/comments\/nhcpbh\/is_it_good_practice_to_have_separate_route_table\/",
                "text": "I was curious to know what's the best practices for private subnet associations to private route table. Can we have a single private route table...",
                "fallback": "reddit: Is it good practice to have separate route table for separate private subnets",
                "thumb_url": "https:\/\/www.redditstatic.com\/new-icon.png",
                "from_url": "https:\/\/www.reddit.com\/r\/Terraform\/comments\/nhcpbh\/is_it_good_practice_to_have_separate_route_table\/",
                "thumb_width": 256,
                "thumb_height": 256,
                "service_icon": "http:\/\/www.redditstatic.com\/desktop2x\/img\/favicon\/apple-icon-57x57.png",
                "id": 1,
                "original_url": "https:\/\/www.reddit.com\/r\/Terraform\/comments\/nhcpbh\/is_it_good_practice_to_have_separate_route_table\/"
            }
        ],
        "edited": {
            "user": "BG3N7LG73",
            "ts": "1621548999.000000"
        }
    },
    {
        "type": "message",
        "subtype": "bot_message",
        "text": "<https:\/\/qiita.com\/Brutus\/items\/72d39c50b458e00925e9|AWSのGPUインスタンス構築　値段を抑えて最短で構築する>\nはじめに\n\n本記事はAWSでGPUインスタンスの値段を抑えてかつ、最短で構築する方法について記載しています。\n\n例えば、AWSクラウドを利用してGPUインスタンスを構築する場合、安易に有料のAMIを利用してGPUインスタンスを構築するのはナンセンスです。\n\nAWSのサービス内容を正しく理解した上で導入することにより、コストを抑えることができます。また、Terraformを活用することで構築時間を短縮してGPUインスタンス環境を用意することができます。\n\nGPUを利用する場合は、前提としてNVIDIAドライバ、CUDA、cuDNN等の知識が必要です。これらについては以前書いたUbuntuでGPUマシーンを構築するを参照。\n\n\nGPUの導入における検討事項\n\nオンプレミスやクラウドに関わらず、GPUを導入する場合は、色々と考えないといけないことがあります。...",
        "ts": "1621555600.006300",
        "username": "Terraformタグが付けられた新着記事 - Qiita",
        "icons": {
            "image_36": "https:\/\/a.slack-edge.com\/80588\/img\/services\/rss_36.png",
            "image_48": "https:\/\/a.slack-edge.com\/80588\/img\/services\/rss_48.png",
            "image_72": "https:\/\/a.slack-edge.com\/80588\/img\/services\/rss_72.png"
        },
        "bot_id": "BG3N7LG73",
        "attachments": [
            {
                "service_name": "Qiita",
                "title": "AWSのGPUインスタンス構築　値段を抑えて最短で構築する - Qiita",
                "title_link": "https:\/\/qiita.com\/Brutus\/items\/72d39c50b458e00925e9",
                "text": "はじめに 本記事はAWSでGPUインスタンスの値段を抑えてかつ、最短で構築する方法について記載しています。 例えば、AWSクラウドを利用してGPUインスタンスを構築する場合、安易に有料のAMIを利用してGPUインスタンスを構築...",
                "fallback": "Qiita: AWSのGPUインスタンス構築　値段を抑えて最短で構築する - Qiita",
                "image_url": "https:\/\/qiita-user-contents.imgix.net\/https%3A%2F%2Fcdn.qiita.com%2Fassets%2Fpublic%2Farticle-ogp-background-1150d8b18a7c15795b701a55ae908f94.png?ixlib=rb-4.0.0&w=1200&mark=https%3A%2F%2Fqiita-user-contents.imgix.net%2F~text%3Fixlib%3Drb-4.0.0%26w%3D840%26h%3D380%26txt%3DAWS%25E3%2581%25AEGPU%25E3%2582%25A4%25E3%2583%25B3%25E3%2582%25B9%25E3%2582%25BF%25E3%2583%25B3%25E3%2582%25B9%25E6%25A7%258B%25E7%25AF%2589%25E3%2580%2580%25E5%2580%25A4%25E6%25AE%25B5%25E3%2582%2592%25E6%258A%2591%25E3%2581%2588%25E3%2581%25A6%25E6%259C%2580%25E7%259F%25AD%25E3%2581%25A7%25E6%25A7%258B%25E7%25AF%2589%25E3%2581%2599%25E3%2582%258B%26txt-color%3D%2523333%26txt-font%3DHiragino%2520Sans%2520W6%26txt-size%3D54%26txt-clip%3Dellipsis%26txt-align%3Dcenter%252Cmiddle%26s%3D4369a769352c58f52ea7b09fe36c427a&mark-align=center%2Cmiddle&blend=https%3A%2F%2Fqiita-user-contents.imgix.net%2F~text%3Fixlib%3Drb-4.0.0%26w%3D840%26h%3D500%26txt%3D%2540Brutus%26txt-color%3D%2523333%26txt-font%3DHiragino%2520Sans%2520W6%26txt-size%3D45%26txt-align%3Dright%252Cbottom%26s%3D286e9f9f01f48b657be0b6148115d2a9&blend-align=center%2Cmiddle&blend-mode=normal&s=82d905e552d84798bf707bc3845736e1",
                "from_url": "https:\/\/qiita.com\/Brutus\/items\/72d39c50b458e00925e9",
                "image_width": 476,
                "image_height": 250,
                "image_bytes": 55762,
                "service_icon": "https:\/\/cdn.qiita.com\/assets\/favicons\/public\/apple-touch-icon-ec5ba42a24ae923f16825592efdc356f.png",
                "id": 1,
                "original_url": "https:\/\/qiita.com\/Brutus\/items\/72d39c50b458e00925e9"
            }
        ],
        "edited": {
            "user": "BG3N7LG73",
            "ts": "1621555601.000000"
        }
    },
    {
        "type": "message",
        "subtype": "bot_message",
        "text": "<https:\/\/www.reddit.com\/r\/Terraform\/comments\/nhhe5g\/struggling_with_conditionals_inside_of_for_each\/|Struggling with Conditionals inside of for_each>\nHi, new to this sub and very green with tf. Have only been using it for a few weeks or this would probably be more apparent but I understand that \"count\" and \"for_each\" are mutually-exclusive. I have spent hours reading docs and blogs and haven't come up with a working solution. Here is the non working pseudo code of what I want to achieve. The goal is to only create a r53 record if manage_dns is true. resource \"aws_route53_record\" \"www\" { for_each = local.customers_map count =...",
        "ts": "1621562797.006500",
        "username": "Terraform",
        "icons": {
            "image_48": "https:\/\/s3-us-west-2.amazonaws.com\/slack-files2\/bot_icons\/2019-02-12\/548785199618_48.png"
        },
        "bot_id": "BG3N7LG73",
        "attachments": [
            {
                "service_name": "reddit",
                "title": "Struggling with Conditionals inside of for_each",
                "title_link": "https:\/\/www.reddit.com\/r\/Terraform\/comments\/nhhe5g\/struggling_with_conditionals_inside_of_for_each\/",
                "text": "Hi, new to this sub and very green with tf. Have only been using it for a few weeks or this would probably be more apparent but I understand that...",
                "fallback": "reddit: Struggling with Conditionals inside of for_each",
                "thumb_url": "https:\/\/www.redditstatic.com\/new-icon.png",
                "from_url": "https:\/\/www.reddit.com\/r\/Terraform\/comments\/nhhe5g\/struggling_with_conditionals_inside_of_for_each\/",
                "thumb_width": 256,
                "thumb_height": 256,
                "service_icon": "http:\/\/www.redditstatic.com\/desktop2x\/img\/favicon\/apple-icon-57x57.png",
                "id": 1,
                "original_url": "https:\/\/www.reddit.com\/r\/Terraform\/comments\/nhhe5g\/struggling_with_conditionals_inside_of_for_each\/"
            }
        ],
        "edited": {
            "user": "BG3N7LG73",
            "ts": "1621562797.000000"
        }
    },
    {
        "type": "message",
        "subtype": "bot_message",
        "text": "<https:\/\/www.reddit.com\/r\/Terraform\/comments\/nhkwh9\/can_someone_eli5_this_expression\/|Can someone ELI5 this expression?>\nI'm using this article to combine two lists into every possible combination. Works great. I have no idea how it works when it's used in a resource. Namely, what does everything from \"${name[0]}-${name[1]}\" and on do? for_each = {\n for name in local.apmNames : \"${name[0]}-${name[1]}\" =&gt; {\n environment = name[0]\n tier = name[1]\n }\n }  I can see that i can use them like join(\"-\",[\"${each.value.environment}\",\"${each.value.tier}\"]) in a resource, but i don't understand why.    submitted by   &lt;a...",
        "ts": "1621574797.006700",
        "username": "Terraform",
        "icons": {
            "image_48": "https:\/\/s3-us-west-2.amazonaws.com\/slack-files2\/bot_icons\/2019-02-12\/548785199618_48.png"
        },
        "bot_id": "BG3N7LG73",
        "attachments": [
            {
                "service_name": "reddit",
                "title": "Can someone ELI5 this expression?",
                "title_link": "https:\/\/www.reddit.com\/r\/Terraform\/comments\/nhkwh9\/can_someone_eli5_this_expression\/",
                "text": "I'm using this article to combine two lists into every possible combination. Works great. I have no idea how it works when it's used in a...",
                "fallback": "reddit: Can someone ELI5 this expression?",
                "thumb_url": "https:\/\/www.redditstatic.com\/new-icon.png",
                "from_url": "https:\/\/www.reddit.com\/r\/Terraform\/comments\/nhkwh9\/can_someone_eli5_this_expression\/",
                "thumb_width": 256,
                "thumb_height": 256,
                "service_icon": "http:\/\/www.redditstatic.com\/desktop2x\/img\/favicon\/apple-icon-57x57.png",
                "id": 1,
                "original_url": "https:\/\/www.reddit.com\/r\/Terraform\/comments\/nhkwh9\/can_someone_eli5_this_expression\/"
            }
        ],
        "edited": {
            "user": "BG3N7LG73",
            "ts": "1621574797.000000"
        }
    }
]