[
    {
        "type": "message",
        "subtype": "bot_message",
        "text": "<https:\/\/www.reddit.com\/r\/Terraform\/comments\/nbgcyh\/supporting_datastore_cluster_id_datastore_id\/|Supporting datastore_cluster_id &amp; datastore_id>\nHello all, <https:\/\/github.com\/hashicorp\/terraform-provider-vsphere\/issues\/483#issuecomment-503785984|https:\/\/github.com\/hashicorp\/terraform-provider-vsphere\/issues\/483#issuecomment-503785984> Claims that terraform supports both datastore_cluster_id &amp; datastore_id ... provided one of them is null. However, I cannot find a way to declare both data sources because at least one of them will have an error. For example, let's say I want to use a Datastore Cluster called \"dsc_01\". The...",
        "ts": "1620912400.080900",
        "username": "Terraform",
        "icons": {
            "image_48": "https:\/\/s3-us-west-2.amazonaws.com\/slack-files2\/bot_icons\/2019-02-12\/548785199618_48.png"
        },
        "bot_id": "BG3N7LG73",
        "attachments": [
            {
                "service_name": "reddit",
                "title": "Supporting datastore_cluster_id &amp; datastore_id",
                "title_link": "https:\/\/www.reddit.com\/r\/Terraform\/comments\/nbgcyh\/supporting_datastore_cluster_id_datastore_id\/",
                "text": "Hello...",
                "fallback": "reddit: Supporting datastore_cluster_id &amp; datastore_id",
                "thumb_url": "https:\/\/www.redditstatic.com\/new-icon.png",
                "from_url": "https:\/\/www.reddit.com\/r\/Terraform\/comments\/nbgcyh\/supporting_datastore_cluster_id_datastore_id\/",
                "thumb_width": 256,
                "thumb_height": 256,
                "service_icon": "http:\/\/www.redditstatic.com\/desktop2x\/img\/favicon\/apple-icon-57x57.png",
                "id": 1,
                "original_url": "https:\/\/www.reddit.com\/r\/Terraform\/comments\/nbgcyh\/supporting_datastore_cluster_id_datastore_id\/"
            },
            {
                "service_name": "GitHub",
                "title": "allow placement on datastore or datastore cluster · Issue #483 · hashicorp\/terraform-provider-vsphere",
                "title_link": "https:\/\/github.com\/hashicorp\/terraform-provider-vsphere\/issues\/483#issuecomment-503785984",
                "text": "Feature request! I manage a cluster that has both vSAN and a traditional SAN. I&amp;#39;m trying to get everything under terraform management and the one place I&amp;#39;m stuck is writing a module that ca...",
                "fallback": "GitHub: allow placement on datastore or datastore cluster · Issue #483 · hashicorp\/terraform-provider-vsphere",
                "image_url": "https:\/\/opengraph.githubassets.com\/0e0fef51c6fb3c4501f3ab88fa1aa83e913b31c9708c16d1f9a9a690856975e9\/hashicorp\/terraform-provider-vsphere\/issues\/483",
                "image_width": 500,
                "image_height": 250,
                "from_url": "https:\/\/github.com\/hashicorp\/terraform-provider-vsphere\/issues\/483#issuecomment-503785984",
                "image_bytes": 105192,
                "service_icon": "https:\/\/a.slack-edge.com\/80588\/img\/unfurl_icons\/github.png",
                "id": 2,
                "original_url": "https:\/\/github.com\/hashicorp\/terraform-provider-vsphere\/issues\/483#issuecomment-503785984"
            }
        ],
        "edited": {
            "user": "BG3N7LG73",
            "ts": "1620912401.000000"
        }
    },
    {
        "type": "message",
        "subtype": "bot_message",
        "text": "<https:\/\/www.reddit.com\/r\/Terraform\/comments\/nbgkd7\/wtf_can_you_authenticate_gcp_with_terraform_cloud\/|Wtf - can you authenticate gcp with terraform cloud.>\nI'm stomped. Testing out terraform cloud VCS connections so that whenever I commit to a repo, a terraform plan\/apply is ran from within terraform cloud. (New sept 2019) But I can't seem to authenticate with gcp. Gcp authenticates with a environment var to a location of your credentials.json. You don't have that option from within terraform cloud. Has anyone done this?    submitted by   <https:\/\/www.reddit.com\/user\/Key_Seaworthiness936| \/u\/Key_Seaworthiness936 > \n&lt;a...",
        "ts": "1620912997.081100",
        "username": "Terraform",
        "icons": {
            "image_48": "https:\/\/s3-us-west-2.amazonaws.com\/slack-files2\/bot_icons\/2019-02-12\/548785199618_48.png"
        },
        "bot_id": "BG3N7LG73",
        "attachments": [
            {
                "service_name": "reddit",
                "title": "Wtf - can you authenticate gcp with terraform cloud.",
                "title_link": "https:\/\/www.reddit.com\/r\/Terraform\/comments\/nbgkd7\/wtf_can_you_authenticate_gcp_with_terraform_cloud\/",
                "text": "I'm stomped. Testing out terraform cloud VCS connections so that whenever I commit to a repo, a terraform plan\/apply is ran from within terraform...",
                "fallback": "reddit: Wtf - can you authenticate gcp with terraform cloud.",
                "thumb_url": "https:\/\/www.redditstatic.com\/new-icon.png",
                "from_url": "https:\/\/www.reddit.com\/r\/Terraform\/comments\/nbgkd7\/wtf_can_you_authenticate_gcp_with_terraform_cloud\/",
                "thumb_width": 256,
                "thumb_height": 256,
                "service_icon": "http:\/\/www.redditstatic.com\/desktop2x\/img\/favicon\/apple-icon-57x57.png",
                "id": 1,
                "original_url": "https:\/\/www.reddit.com\/r\/Terraform\/comments\/nbgkd7\/wtf_can_you_authenticate_gcp_with_terraform_cloud\/"
            },
            {
                "title": "overview for Key_Seaworthiness936",
                "title_link": "https:\/\/www.reddit.com\/user\/Key_Seaworthiness936",
                "text": "The u\/Key_Seaworthiness936 community on Reddit. Reddit gives you the best of the internet in one place.",
                "fallback": "overview for Key_Seaworthiness936",
                "from_url": "https:\/\/www.reddit.com\/user\/Key_Seaworthiness936",
                "service_icon": "http:\/\/www.redditstatic.com\/desktop2x\/img\/favicon\/apple-icon-57x57.png",
                "service_name": "reddit.com",
                "id": 2,
                "original_url": "https:\/\/www.reddit.com\/user\/Key_Seaworthiness936"
            }
        ],
        "edited": {
            "user": "BG3N7LG73",
            "ts": "1620912998.000000"
        }
    },
    {
        "type": "message",
        "subtype": "bot_message",
        "text": "<https:\/\/www.reddit.com\/r\/Terraform\/comments\/nbh1wd\/terraform_backend_credentials_from_vault\/|Terraform backend credentials from Vault?>\nHi, It seems that during the init phase where the backend is provisioned, terraform doesn't seem to be able to use credentials from vault. IE: Private google bucket.  We are using Vault to provide credentials for VM creation and other things, but we aren't able to get the backend working as we get a permissions error. The only way we've found is to pass the json credentials into the backend config....which defeats the purpose of using Vault. Is there a way to get credentials from Vault so...",
        "ts": "1620914198.081300",
        "username": "Terraform",
        "icons": {
            "image_48": "https:\/\/s3-us-west-2.amazonaws.com\/slack-files2\/bot_icons\/2019-02-12\/548785199618_48.png"
        },
        "bot_id": "BG3N7LG73",
        "attachments": [
            {
                "service_name": "reddit",
                "title": "Terraform backend credentials from Vault?",
                "title_link": "https:\/\/www.reddit.com\/r\/Terraform\/comments\/nbh1wd\/terraform_backend_credentials_from_vault\/",
                "text": "Hi, It seems that during the init phase where the backend is provisioned, terraform doesn't seem to be able to use credentials from vault. IE:...",
                "fallback": "reddit: Terraform backend credentials from Vault?",
                "thumb_url": "https:\/\/www.redditstatic.com\/new-icon.png",
                "from_url": "https:\/\/www.reddit.com\/r\/Terraform\/comments\/nbh1wd\/terraform_backend_credentials_from_vault\/",
                "thumb_width": 256,
                "thumb_height": 256,
                "service_icon": "http:\/\/www.redditstatic.com\/desktop2x\/img\/favicon\/apple-icon-57x57.png",
                "id": 1,
                "original_url": "https:\/\/www.reddit.com\/r\/Terraform\/comments\/nbh1wd\/terraform_backend_credentials_from_vault\/"
            }
        ],
        "edited": {
            "user": "BG3N7LG73",
            "ts": "1620914198.000000"
        }
    },
    {
        "type": "message",
        "subtype": "bot_message",
        "text": "<https:\/\/www.reddit.com\/r\/Terraform\/comments\/nbhtda\/how_to_provide_list_of_references_that_contain\/|How to provide list of references (that contain stings) to count>\nThis is the code I have, I'm trying to get the name to change based on different values of the variables, I'm guessing I might need an index or something here,not sure. <https:\/\/preview.redd.it\/y1d86snzcwy61.png?width=1147&amp;format=png&amp;auto=webp&amp;s=0801254c0bf6128ae914bb5e4018dc8c92933ff3|https:\/\/preview.redd.it\/y1d86snzcwy61.png?width=1147&format=png&auto=webp&s=0801254c0bf6128ae914bb5e4018dc8c92933ff3> &lt;a...",
        "ts": "1620915998.081500",
        "username": "Terraform",
        "icons": {
            "image_48": "https:\/\/s3-us-west-2.amazonaws.com\/slack-files2\/bot_icons\/2019-02-12\/548785199618_48.png"
        },
        "bot_id": "BG3N7LG73",
        "attachments": [
            {
                "service_name": "reddit",
                "title": "How to provide list of references (that contain stings) to count",
                "title_link": "https:\/\/www.reddit.com\/r\/Terraform\/comments\/nbhtda\/how_to_provide_list_of_references_that_contain\/",
                "text": "Posted in r\/Terraform by u\/AzurePlusEverything • 1 point and 0 comments",
                "fallback": "reddit: How to provide list of references (that contain stings) to count",
                "from_url": "https:\/\/www.reddit.com\/r\/Terraform\/comments\/nbhtda\/how_to_provide_list_of_references_that_contain\/",
                "thumb_url": "https:\/\/external-preview.redd.it\/y1d86snzcwy61.png?overlay-align=bottom,left&crop=1147:72,smart&overlay-height=15p&overlay=%2Fwatermark%2Ft5_2u8e4.png%3Fs%3Dbfb326ca8735739e33a60abaf9a7c73bcb4a2134&width=1147&height=72&auto=webp&s=50c316d9cd79a241f67929d4caf54edc69224e22",
                "thumb_width": 130,
                "thumb_height": 60,
                "service_icon": "http:\/\/www.redditstatic.com\/desktop2x\/img\/favicon\/apple-icon-57x57.png",
                "id": 1,
                "original_url": "https:\/\/www.reddit.com\/r\/Terraform\/comments\/nbhtda\/how_to_provide_list_of_references_that_contain\/"
            },
            {
                "fallback": "1147x72px image",
                "image_url": "https:\/\/preview.redd.it\/y1d86snzcwy61.png?width=1147&format=png&auto=webp&s=0801254c0bf6128ae914bb5e4018dc8c92933ff3",
                "image_width": 1147,
                "image_height": 72,
                "image_bytes": 4781,
                "from_url": "https:\/\/preview.redd.it\/y1d86snzcwy61.png?width=1147&format=png&auto=webp&s=0801254c0bf6128ae914bb5e4018dc8c92933ff3",
                "id": 2,
                "original_url": "https:\/\/preview.redd.it\/y1d86snzcwy61.png?width=1147&amp;format=png&amp;auto=webp&amp;s=0801254c0bf6128ae914bb5e4018dc8c92933ff3"
            }
        ],
        "edited": {
            "user": "BG3N7LG73",
            "ts": "1620915999.000000"
        }
    },
    {
        "type": "message",
        "subtype": "bot_message",
        "text": "<https:\/\/www.reddit.com\/r\/Terraform\/comments\/nbir6r\/how_do_you_iterate_on_multiple_objects_that_would\/|How do you iterate on multiple objects that would be returned by a filter?>\nGoal: I want to create a security_group_rule to allow access to an application(ex. Coherance) for each of the EKS clusters in my environment. (I have multiple accounts for each environment, and some have multiple clusters) Problem: If I query for the EKS cluster role, I get multiple results in the accounts with multiple clusters. data \"aws_security_group\" \"eks\" { filter { name = \"group-name\" values = [\"eks-cluster-sg*\"] } }  It finds \"eks-cluster-sg-prod-cluster01\",...",
        "ts": "1620918999.081700",
        "username": "Terraform",
        "icons": {
            "image_48": "https:\/\/s3-us-west-2.amazonaws.com\/slack-files2\/bot_icons\/2019-02-12\/548785199618_48.png"
        },
        "bot_id": "BG3N7LG73",
        "attachments": [
            {
                "service_name": "reddit",
                "title": "How do you iterate on multiple objects that would be returned by a filter?",
                "title_link": "https:\/\/www.reddit.com\/r\/Terraform\/comments\/nbir6r\/how_do_you_iterate_on_multiple_objects_that_would\/",
                "text": "Goal: I want to create a security_group_rule to allow access to an application(ex. Coherance) for each of the EKS clusters in my environment. (I...",
                "fallback": "reddit: How do you iterate on multiple objects that would be returned by a filter?",
                "thumb_url": "https:\/\/www.redditstatic.com\/new-icon.png",
                "from_url": "https:\/\/www.reddit.com\/r\/Terraform\/comments\/nbir6r\/how_do_you_iterate_on_multiple_objects_that_would\/",
                "thumb_width": 256,
                "thumb_height": 256,
                "service_icon": "http:\/\/www.redditstatic.com\/desktop2x\/img\/favicon\/apple-icon-57x57.png",
                "id": 1,
                "original_url": "https:\/\/www.reddit.com\/r\/Terraform\/comments\/nbir6r\/how_do_you_iterate_on_multiple_objects_that_would\/"
            }
        ],
        "edited": {
            "user": "BG3N7LG73",
            "ts": "1620919000.000000"
        }
    },
    {
        "type": "message",
        "subtype": "bot_message",
        "text": "<https:\/\/www.reddit.com\/r\/Terraform\/comments\/nbiz5q\/creating_multiple_variables_in_terraform_cloud\/|Creating multiple variables in Terraform Cloud using API>\nI'm setting up some shell scripts for creating workspaces and variables in Terraform Cloud using the API, especially for variables common to every workspace, like an AWS IAM role ARN, and AWS variables. An example call to create a variable in a workspace looks like this: curl \\ --header \"Authorization: Bearer $TOKEN\" \\ --header \"Content-Type: application\/vnd.api+json\" \\ --request POST \\ --data @my_variable.json \\ <https:\/\/app.terraform.io\/api\/v2\/workspaces\/ws-obfuscated\/vars>  Now this works...",
        "ts": "1620918999.081800",
        "username": "Terraform",
        "icons": {
            "image_48": "https:\/\/s3-us-west-2.amazonaws.com\/slack-files2\/bot_icons\/2019-02-12\/548785199618_48.png"
        },
        "bot_id": "BG3N7LG73",
        "attachments": [
            {
                "service_name": "reddit",
                "title": "Creating multiple variables in Terraform Cloud using API",
                "title_link": "https:\/\/www.reddit.com\/r\/Terraform\/comments\/nbiz5q\/creating_multiple_variables_in_terraform_cloud\/",
                "text": "I'm setting up some shell scripts for creating workspaces and variables in Terraform Cloud using the API, especially for variables common to every...",
                "fallback": "reddit: Creating multiple variables in Terraform Cloud using API",
                "thumb_url": "https:\/\/www.redditstatic.com\/new-icon.png",
                "from_url": "https:\/\/www.reddit.com\/r\/Terraform\/comments\/nbiz5q\/creating_multiple_variables_in_terraform_cloud\/",
                "thumb_width": 256,
                "thumb_height": 256,
                "service_icon": "http:\/\/www.redditstatic.com\/desktop2x\/img\/favicon\/apple-icon-57x57.png",
                "id": 1,
                "original_url": "https:\/\/www.reddit.com\/r\/Terraform\/comments\/nbiz5q\/creating_multiple_variables_in_terraform_cloud\/"
            }
        ],
        "edited": {
            "user": "BG3N7LG73",
            "ts": "1620919001.000000"
        }
    },
    {
        "type": "message",
        "subtype": "bot_message",
        "text": "<https:\/\/www.reddit.com\/r\/Terraform\/comments\/nbj07y\/sharing_tfvars_among_organization\/|Sharing tfvars among organization>\nHello, I am new to cloud development and I am trying to learn how variables are shared among organizations. Suppose I create a terraform infrastructure and a state file is stored on Remote s3 bucket. Now I give all the variables and store them on my machine and do not commit that file to the repository. Now If another developer wants to change the infrastructure, he has to know the values of tfvars (terraform.tfvars or backend.tfvars) files. How will I share with him securely?    submitted by...",
        "ts": "1620920195.082100",
        "username": "Terraform",
        "icons": {
            "image_48": "https:\/\/s3-us-west-2.amazonaws.com\/slack-files2\/bot_icons\/2019-02-12\/548785199618_48.png"
        },
        "bot_id": "BG3N7LG73",
        "attachments": [
            {
                "service_name": "reddit",
                "title": "Sharing tfvars among organization",
                "title_link": "https:\/\/www.reddit.com\/r\/Terraform\/comments\/nbj07y\/sharing_tfvars_among_organization\/",
                "text": "Hello, I am new to cloud development and I am trying to learn how variables are shared among organizations. Suppose I create a terraform...",
                "fallback": "reddit: Sharing tfvars among organization",
                "thumb_url": "https:\/\/www.redditstatic.com\/new-icon.png",
                "from_url": "https:\/\/www.reddit.com\/r\/Terraform\/comments\/nbj07y\/sharing_tfvars_among_organization\/",
                "thumb_width": 256,
                "thumb_height": 256,
                "service_icon": "http:\/\/www.redditstatic.com\/desktop2x\/img\/favicon\/apple-icon-57x57.png",
                "id": 1,
                "original_url": "https:\/\/www.reddit.com\/r\/Terraform\/comments\/nbj07y\/sharing_tfvars_among_organization\/"
            }
        ],
        "edited": {
            "user": "BG3N7LG73",
            "ts": "1620920196.000000"
        }
    },
    {
        "type": "message",
        "subtype": "bot_message",
        "text": "<https:\/\/www.reddit.com\/r\/Terraform\/comments\/nbls62\/terraform_cloud_and_azure_devops\/|Terraform cloud and Azure Devops>\nI have Azure DevOps VCS and trialing Terraform cloud. Seems like there's a bug where Terraform cloud doesn't pick up changes in the DevOps Git Repo. Anyone have a working DevOps &amp; Terraform cloud workspace working? What settings if so? I see a bug listed in the terraform forums but no answers.    submitted by   <https:\/\/www.reddit.com\/user\/GymTanLaundry247| \/u\/GymTanLaundry247 > \n&lt;a...",
        "ts": "1620927401.082300",
        "username": "Terraform",
        "icons": {
            "image_48": "https:\/\/s3-us-west-2.amazonaws.com\/slack-files2\/bot_icons\/2019-02-12\/548785199618_48.png"
        },
        "bot_id": "BG3N7LG73",
        "attachments": [
            {
                "service_name": "reddit",
                "title": "Terraform cloud and Azure Devops",
                "title_link": "https:\/\/www.reddit.com\/r\/Terraform\/comments\/nbls62\/terraform_cloud_and_azure_devops\/",
                "text": "I have Azure DevOps VCS and trialing Terraform cloud. Seems like there's a bug where Terraform cloud doesn't pick up changes in the DevOps Git...",
                "fallback": "reddit: Terraform cloud and Azure Devops",
                "thumb_url": "https:\/\/www.redditstatic.com\/new-icon.png",
                "from_url": "https:\/\/www.reddit.com\/r\/Terraform\/comments\/nbls62\/terraform_cloud_and_azure_devops\/",
                "thumb_width": 256,
                "thumb_height": 256,
                "service_icon": "http:\/\/www.redditstatic.com\/desktop2x\/img\/favicon\/apple-icon-57x57.png",
                "id": 1,
                "original_url": "https:\/\/www.reddit.com\/r\/Terraform\/comments\/nbls62\/terraform_cloud_and_azure_devops\/"
            },
            {
                "title": "overview for GymTanLaundry247",
                "title_link": "https:\/\/www.reddit.com\/user\/GymTanLaundry247",
                "text": "The u\/GymTanLaundry247 community on Reddit. Reddit gives you the best of the internet in one place.",
                "fallback": "overview for GymTanLaundry247",
                "from_url": "https:\/\/www.reddit.com\/user\/GymTanLaundry247",
                "service_icon": "http:\/\/www.redditstatic.com\/desktop2x\/img\/favicon\/apple-icon-57x57.png",
                "service_name": "reddit.com",
                "id": 2,
                "original_url": "https:\/\/www.reddit.com\/user\/GymTanLaundry247"
            }
        ],
        "edited": {
            "user": "BG3N7LG73",
            "ts": "1620927402.000000"
        }
    },
    {
        "type": "message",
        "subtype": "bot_message",
        "text": "<https:\/\/www.reddit.com\/r\/Terraform\/comments\/nbofjy\/setting_different_vars_for_the_template_for_each\/|Setting different vars for the template for each resource.>\nI have a resource file for deploying DigitalOcean droplets, and I need to apply a unique cloud-init file for each droplet (different hostname, for example). I trying to set vars in the user_data string, but this not working (code below):  data \"template_file\" \"cloud-init-tmpl\" { template = file(\"${path.module}\/cloud_init.tmpl\") } resource \"digitalocean_droplet\" \"a-ams-project\" { image = \"ubuntu-20-04-x64\" name = \"a-ams.project.domain.tld\" region = \"ams3\" size = \"s-1vcpu-2gb\"...",
        "ts": "1620933397.082500",
        "username": "Terraform",
        "icons": {
            "image_48": "https:\/\/s3-us-west-2.amazonaws.com\/slack-files2\/bot_icons\/2019-02-12\/548785199618_48.png"
        },
        "bot_id": "BG3N7LG73",
        "attachments": [
            {
                "service_name": "reddit",
                "title": "Setting different vars for the template for each resource.",
                "title_link": "https:\/\/www.reddit.com\/r\/Terraform\/comments\/nbofjy\/setting_different_vars_for_the_template_for_each\/",
                "text": "I have a resource file for deploying DigitalOcean droplets, and I need to apply a unique cloud-init file for each droplet (different hostname, for...",
                "fallback": "reddit: Setting different vars for the template for each resource.",
                "thumb_url": "https:\/\/www.redditstatic.com\/new-icon.png",
                "from_url": "https:\/\/www.reddit.com\/r\/Terraform\/comments\/nbofjy\/setting_different_vars_for_the_template_for_each\/",
                "thumb_width": 256,
                "thumb_height": 256,
                "service_icon": "http:\/\/www.redditstatic.com\/desktop2x\/img\/favicon\/apple-icon-57x57.png",
                "id": 1,
                "original_url": "https:\/\/www.reddit.com\/r\/Terraform\/comments\/nbofjy\/setting_different_vars_for_the_template_for_each\/"
            }
        ],
        "edited": {
            "user": "BG3N7LG73",
            "ts": "1620933398.000000"
        }
    },
    {
        "type": "message",
        "subtype": "bot_message",
        "text": "<https:\/\/www.reddit.com\/r\/Terraform\/comments\/nbpxzf\/addkeep_quotes\/|Add\/keep quotes?>\nEDIT: Figured it out. I need to use a local to loop through and format it into a json quoted string locals { dns_servers = [for i in data.aws_directory_service_directory.ad.connect_settings[0].customer_dns_ips: format(\"%q\",i)] }  I'm creating an json ssm doc in AWS to join instances to the domain. I'm querying aws_directory_service_directory to get the DNS IPs to pass into the json. However the problem is the 2 IPs I get back from the data resource comes back as an unquoted list with 2...",
        "ts": "1620937601.082700",
        "username": "Terraform",
        "icons": {
            "image_48": "https:\/\/s3-us-west-2.amazonaws.com\/slack-files2\/bot_icons\/2019-02-12\/548785199618_48.png"
        },
        "bot_id": "BG3N7LG73",
        "attachments": [
            {
                "service_name": "reddit",
                "title": "Add\/keep quotes?",
                "title_link": "https:\/\/www.reddit.com\/r\/Terraform\/comments\/nbpxzf\/addkeep_quotes\/",
                "text": "I'm creating an json ssm doc in AWS to join instances to the domain. I'm querying aws_directory_service_directory to get the DNS IPs to pass into...",
                "fallback": "reddit: Add\/keep quotes?",
                "thumb_url": "https:\/\/www.redditstatic.com\/new-icon.png",
                "from_url": "https:\/\/www.reddit.com\/r\/Terraform\/comments\/nbpxzf\/addkeep_quotes\/",
                "thumb_width": 256,
                "thumb_height": 256,
                "service_icon": "http:\/\/www.redditstatic.com\/desktop2x\/img\/favicon\/apple-icon-57x57.png",
                "id": 1,
                "original_url": "https:\/\/www.reddit.com\/r\/Terraform\/comments\/nbpxzf\/addkeep_quotes\/"
            }
        ],
        "edited": {
            "user": "BG3N7LG73",
            "ts": "1620937601.000000"
        }
    },
    {
        "type": "message",
        "subtype": "bot_message",
        "text": "<https:\/\/www.reddit.com\/r\/Terraform\/comments\/nbqhy3\/never_miss_destructive_changes_again\/|Never miss destructive changes again>\nY’all know how painful it is to miss a destructive change. We released a feature to help you know exactly what will happen when you approve a Terraform plan by highlighting destructive changes, adding search, and improving layout. Here’s how it looks like:  <https:\/\/preview.redd.it\/muif34h25yy61.png?width=2880&amp;format=png&amp;auto=webp&amp;s=5fc484aff6d5d26490a62002cda7b2d8efc8b385|Resources subject to a destructive change are highlighted> Full announcement &amp; details on how to get started...",
        "ts": "1620938199.082900",
        "username": "Terraform",
        "icons": {
            "image_48": "https:\/\/s3-us-west-2.amazonaws.com\/slack-files2\/bot_icons\/2019-02-12\/548785199618_48.png"
        },
        "bot_id": "BG3N7LG73",
        "attachments": [
            {
                "service_name": "reddit",
                "title": "Never miss destructive changes again",
                "title_link": "https:\/\/www.reddit.com\/r\/Terraform\/comments\/nbqhy3\/never_miss_destructive_changes_again\/",
                "text": "Posted in r\/Terraform by u\/scalr • 1 point and 0 comments",
                "fallback": "reddit: Never miss destructive changes again",
                "from_url": "https:\/\/www.reddit.com\/r\/Terraform\/comments\/nbqhy3\/never_miss_destructive_changes_again\/",
                "thumb_url": "https:\/\/external-preview.redd.it\/muif34h25yy61.png?overlay-align=bottom,left&crop=1200:628.272251309,smart&overlay-height=15p&overlay=%2Fwatermark%2Ft5_2u8e4.png%3Fs%3Dbfb326ca8735739e33a60abaf9a7c73bcb4a2134&width=1200&height=628.272251309&auto=webp&s=c2942d157a676973ce35a5dd5915e7a332d484de",
                "thumb_width": 130,
                "thumb_height": 60,
                "service_icon": "http:\/\/www.redditstatic.com\/desktop2x\/img\/favicon\/apple-icon-57x57.png",
                "id": 1,
                "original_url": "https:\/\/www.reddit.com\/r\/Terraform\/comments\/nbqhy3\/never_miss_destructive_changes_again\/"
            },
            {
                "fallback": "2880x2000px image",
                "image_url": "https:\/\/preview.redd.it\/muif34h25yy61.png?width=2880&format=png&auto=webp&s=5fc484aff6d5d26490a62002cda7b2d8efc8b385",
                "image_width": 2880,
                "image_height": 2000,
                "image_bytes": 293771,
                "from_url": "https:\/\/preview.redd.it\/muif34h25yy61.png?width=2880&format=png&auto=webp&s=5fc484aff6d5d26490a62002cda7b2d8efc8b385",
                "id": 2,
                "original_url": "https:\/\/preview.redd.it\/muif34h25yy61.png?width=2880&amp;format=png&amp;auto=webp&amp;s=5fc484aff6d5d26490a62002cda7b2d8efc8b385"
            }
        ],
        "edited": {
            "user": "BG3N7LG73",
            "ts": "1620938199.000000"
        }
    },
    {
        "type": "message",
        "subtype": "bot_message",
        "text": "<https:\/\/www.reddit.com\/r\/Terraform\/comments\/nbqt3v\/storing_service_account_key_using_terraform\/|Storing service account key using Terraform Enterprise?>\nWhen creating a google_service_account_key, how would I go about downloading the private key using Terraform Enterprise?    submitted by   <https:\/\/www.reddit.com\/user\/ramarevealed| \/u\/ramarevealed > \n<https:\/\/www.reddit.com\/r\/Terraform\/comments\/nbqt3v\/storing_service_account_key_using_terraform\/|[link]>   <https:\/\/www.reddit.com\/r\/Terraform\/comments\/nbqt3v\/storing_service_account_key_using_terraform\/|[comments]>",
        "ts": "1620939397.083100",
        "username": "Terraform",
        "icons": {
            "image_48": "https:\/\/s3-us-west-2.amazonaws.com\/slack-files2\/bot_icons\/2019-02-12\/548785199618_48.png"
        },
        "bot_id": "BG3N7LG73",
        "attachments": [
            {
                "service_name": "reddit",
                "title": "Storing service account key using Terraform Enterprise?",
                "title_link": "https:\/\/www.reddit.com\/r\/Terraform\/comments\/nbqt3v\/storing_service_account_key_using_terraform\/",
                "text": "When creating a google_service_account_key, how would I go about downloading the private key using Terraform Enterprise?",
                "fallback": "reddit: Storing service account key using Terraform Enterprise?",
                "thumb_url": "https:\/\/www.redditstatic.com\/new-icon.png",
                "from_url": "https:\/\/www.reddit.com\/r\/Terraform\/comments\/nbqt3v\/storing_service_account_key_using_terraform\/",
                "thumb_width": 256,
                "thumb_height": 256,
                "service_icon": "http:\/\/www.redditstatic.com\/desktop2x\/img\/favicon\/apple-icon-57x57.png",
                "id": 1,
                "original_url": "https:\/\/www.reddit.com\/r\/Terraform\/comments\/nbqt3v\/storing_service_account_key_using_terraform\/"
            },
            {
                "title": "overview for ramarevealed",
                "title_link": "https:\/\/www.reddit.com\/user\/ramarevealed",
                "text": "The u\/ramarevealed community on Reddit. Reddit gives you the best of the internet in one place.",
                "fallback": "overview for ramarevealed",
                "from_url": "https:\/\/www.reddit.com\/user\/ramarevealed",
                "service_icon": "http:\/\/www.redditstatic.com\/desktop2x\/img\/favicon\/apple-icon-57x57.png",
                "service_name": "reddit.com",
                "id": 2,
                "original_url": "https:\/\/www.reddit.com\/user\/ramarevealed"
            }
        ],
        "edited": {
            "user": "BG3N7LG73",
            "ts": "1620939398.000000"
        }
    },
    {
        "type": "message",
        "subtype": "bot_message",
        "text": "<https:\/\/www.reddit.com\/r\/Terraform\/comments\/nbr41s\/random_subnet_for_ec2_instance_within_loop\/|Random Subnet for EC2 Instance Within Loop>\nAfter doing a lot of searching and testing on my own, I wanted to see if there was a way to loop through an EC2 module while assigning a random subnet ID from a predetermined pool for each loop. I was wanting to achieve this with a for_each loop as opposed to count. I know I can do something like random shuffle here: resource \"random_shuffle\" \"subnet\" { input = [\"subnet1\", \"subnet2\", \"subnet3\"] result_count = 1 } resource \"aws_instance\" \"example\" { for_each = var.example subnet_id =...",
        "ts": "1620939397.083200",
        "username": "Terraform",
        "icons": {
            "image_48": "https:\/\/s3-us-west-2.amazonaws.com\/slack-files2\/bot_icons\/2019-02-12\/548785199618_48.png"
        },
        "bot_id": "BG3N7LG73",
        "attachments": [
            {
                "service_name": "reddit",
                "title": "Random Subnet for EC2 Instance Within Loop",
                "title_link": "https:\/\/www.reddit.com\/r\/Terraform\/comments\/nbr41s\/random_subnet_for_ec2_instance_within_loop\/",
                "text": "After doing a lot of searching and testing on my own, I wanted to see if there was a way to loop through an EC2 module while assigning a random...",
                "fallback": "reddit: Random Subnet for EC2 Instance Within Loop",
                "thumb_url": "https:\/\/www.redditstatic.com\/new-icon.png",
                "from_url": "https:\/\/www.reddit.com\/r\/Terraform\/comments\/nbr41s\/random_subnet_for_ec2_instance_within_loop\/",
                "thumb_width": 256,
                "thumb_height": 256,
                "service_icon": "http:\/\/www.redditstatic.com\/desktop2x\/img\/favicon\/apple-icon-57x57.png",
                "id": 1,
                "original_url": "https:\/\/www.reddit.com\/r\/Terraform\/comments\/nbr41s\/random_subnet_for_ec2_instance_within_loop\/"
            }
        ],
        "edited": {
            "user": "BG3N7LG73",
            "ts": "1620939398.000000"
        }
    },
    {
        "type": "message",
        "subtype": "bot_message",
        "text": "<https:\/\/www.reddit.com\/r\/Terraform\/comments\/nbrth3\/ignore_configuration\/|Ignore configuration>\nHey everyone Hope you are all doing good surviving all tech related woes I have a bit of a strange issue but hear me out We have an AKS cluster with 8 nodes and require our outbound load balancer to have 6400 allocated ports Setting this via the azure portal is absolutely fine however when doing so via terraform this fails...  Now before we made the jump to 6400 we didn't define this in terraform and I believe the configuration never appeared as a value in the plan... However we had set this...",
        "ts": "1620942395.083500",
        "username": "Terraform",
        "icons": {
            "image_48": "https:\/\/s3-us-west-2.amazonaws.com\/slack-files2\/bot_icons\/2019-02-12\/548785199618_48.png"
        },
        "bot_id": "BG3N7LG73",
        "attachments": [
            {
                "service_name": "reddit",
                "title": "Ignore configuration",
                "title_link": "https:\/\/www.reddit.com\/r\/Terraform\/comments\/nbrth3\/ignore_configuration\/",
                "text": "Hey everyone Hope you are all doing good surviving all tech related woes I have a bit of a strange issue but hear me out We have an AKS cluster...",
                "fallback": "reddit: Ignore configuration",
                "thumb_url": "https:\/\/www.redditstatic.com\/new-icon.png",
                "from_url": "https:\/\/www.reddit.com\/r\/Terraform\/comments\/nbrth3\/ignore_configuration\/",
                "thumb_width": 256,
                "thumb_height": 256,
                "service_icon": "http:\/\/www.redditstatic.com\/desktop2x\/img\/favicon\/apple-icon-57x57.png",
                "id": 1,
                "original_url": "https:\/\/www.reddit.com\/r\/Terraform\/comments\/nbrth3\/ignore_configuration\/"
            }
        ],
        "edited": {
            "user": "BG3N7LG73",
            "ts": "1620942396.000000"
        }
    },
    {
        "type": "message",
        "subtype": "bot_message",
        "text": "<https:\/\/www.reddit.com\/r\/Terraform\/comments\/nbrzaq\/guide_to_use_and_declare_terraform_outputs_inputs\/|Guide to Use and Declare Terraform Outputs - Inputs>\nsubmitted by   <https:\/\/www.reddit.com\/user\/acloudguru| \/u\/acloudguru > \n<https:\/\/acloudguru.com\/blog\/engineering\/how-to-use-terraform-inputs-and-outputs?utm_source=reddit&amp;utm_medium=social&amp;utm_campaign=cloudadjacentblog|[link]>   <https:\/\/www.reddit.com\/r\/Terraform\/comments\/nbrzaq\/guide_to_use_and_declare_terraform_outputs_inputs\/|[comments]>",
        "ts": "1620942395.083600",
        "username": "Terraform",
        "icons": {
            "image_48": "https:\/\/s3-us-west-2.amazonaws.com\/slack-files2\/bot_icons\/2019-02-12\/548785199618_48.png"
        },
        "bot_id": "BG3N7LG73",
        "attachments": [
            {
                "service_name": "reddit",
                "title": "Guide to Use and Declare Terraform Outputs - Inputs",
                "title_link": "https:\/\/www.reddit.com\/r\/Terraform\/comments\/nbrzaq\/guide_to_use_and_declare_terraform_outputs_inputs\/",
                "text": "Posted in r\/Terraform by u\/acloudguru • 1 point and 0 comments",
                "fallback": "reddit: Guide to Use and Declare Terraform Outputs - Inputs",
                "thumb_url": "https:\/\/b.thumbs.redditmedia.com\/cdnOhoGLEsIRXKKsNOygCszu28KIxBdI4l2pDZgv8Mw.jpg",
                "from_url": "https:\/\/www.reddit.com\/r\/Terraform\/comments\/nbrzaq\/guide_to_use_and_declare_terraform_outputs_inputs\/",
                "thumb_width": 140,
                "thumb_height": 74,
                "service_icon": "http:\/\/www.redditstatic.com\/desktop2x\/img\/favicon\/apple-icon-57x57.png",
                "id": 1,
                "original_url": "https:\/\/www.reddit.com\/r\/Terraform\/comments\/nbrzaq\/guide_to_use_and_declare_terraform_outputs_inputs\/"
            },
            {
                "title": "overview for acloudguru",
                "title_link": "https:\/\/www.reddit.com\/user\/acloudguru",
                "text": "We’ve helped 2,000,000+ people level up skills, prep for certification exams, &amp; become cloud gurus :cloud: Check out our new &amp; improved skills...",
                "fallback": "overview for acloudguru",
                "from_url": "https:\/\/www.reddit.com\/user\/acloudguru",
                "service_icon": "http:\/\/www.redditstatic.com\/desktop2x\/img\/favicon\/apple-icon-57x57.png",
                "service_name": "reddit.com",
                "id": 2,
                "original_url": "https:\/\/www.reddit.com\/user\/acloudguru"
            },
            {
                "service_name": "A Cloud Guru",
                "title": "Guide to Use and Declare Terraform Outputs - Inputs | A Cloud Guru",
                "title_link": "https:\/\/acloudguru.com\/blog\/engineering\/how-to-use-terraform-inputs-and-outputs?utm_source=reddit&utm_medium=social&utm_campaign=cloudadjacentblog",
                "text": "Get a quick lesson in what input, output, and local variables are and how to use them in Terraform, HashiCorp's open-source IaC software tool.",
                "fallback": "A Cloud Guru: Guide to Use and Declare Terraform Outputs - Inputs | A Cloud Guru",
                "image_url": "https:\/\/res.cloudinary.com\/acloud-guru\/image\/fetch\/c_thumb,f_auto,q_auto\/https:\/\/acg-wordpress-content-production.s3.us-west-2.amazonaws.com\/app\/uploads\/2021\/05\/21.05.11.Terraform.jpg",
                "image_width": 472,
                "image_height": 250,
                "fields": [
                    {
                        "title": "Written by",
                        "value": "Jess Hoch",
                        "short": true
                    },
                    {
                        "title": "Est. reading time",
                        "value": "9 minutes",
                        "short": true
                    }
                ],
                "ts": 1620756905,
                "from_url": "https:\/\/acloudguru.com\/blog\/engineering\/how-to-use-terraform-inputs-and-outputs?utm_source=reddit&utm_medium=social&utm_campaign=cloudadjacentblog",
                "image_bytes": 179513,
                "service_icon": "https:\/\/acloudguru.com\/favicon.ico",
                "id": 3,
                "original_url": "https:\/\/acloudguru.com\/blog\/engineering\/how-to-use-terraform-inputs-and-outputs?utm_source=reddit&amp;utm_medium=social&amp;utm_campaign=cloudadjacentblog"
            }
        ],
        "edited": {
            "user": "BG3N7LG73",
            "ts": "1620942396.000000"
        }
    },
    {
        "type": "message",
        "subtype": "bot_message",
        "text": "<https:\/\/www.reddit.com\/r\/Terraform\/comments\/nbs857\/terraform_directives\/|Terraform Directives>\nI wanted to shed some light on a feature I don’t think users are highly aware of. Terraform has a syntax feature called Directives (<https:\/\/www.terraform.io\/docs\/language\/expressions\/strings.html#directives|https:\/\/www.terraform.io\/docs\/language\/expressions\/strings.html#directives>). Which essentially allows you to write an if\/else statement for your resource.  This has long been a hot topic and one of the significant limitations of terraform. It’s looks like they are listening...",
        "ts": "1620943597.083900",
        "username": "Terraform",
        "icons": {
            "image_48": "https:\/\/s3-us-west-2.amazonaws.com\/slack-files2\/bot_icons\/2019-02-12\/548785199618_48.png"
        },
        "bot_id": "BG3N7LG73",
        "attachments": [
            {
                "service_name": "reddit",
                "title": "Terraform Directives",
                "title_link": "https:\/\/www.reddit.com\/r\/Terraform\/comments\/nbs857\/terraform_directives\/",
                "text": "I wanted to shed some light on a feature I don’t think users are highly aware of. Terraform has a syntax feature called Directives...",
                "fallback": "reddit: Terraform Directives",
                "thumb_url": "https:\/\/www.redditstatic.com\/new-icon.png",
                "from_url": "https:\/\/www.reddit.com\/r\/Terraform\/comments\/nbs857\/terraform_directives\/",
                "thumb_width": 256,
                "thumb_height": 256,
                "service_icon": "http:\/\/www.redditstatic.com\/desktop2x\/img\/favicon\/apple-icon-57x57.png",
                "id": 1,
                "original_url": "https:\/\/www.reddit.com\/r\/Terraform\/comments\/nbs857\/terraform_directives\/"
            },
            {
                "service_name": "Terraform by HashiCorp",
                "title": "Strings and Templates - Configuration Language - Terraform by HashiCorp",
                "title_link": "https:\/\/www.terraform.io\/docs\/language\/expressions\/strings.html#directives",
                "text": "Terraform by HashiCorp",
                "fallback": "Terraform by HashiCorp: Strings and Templates - Configuration Language - Terraform by HashiCorp",
                "thumb_url": "https:\/\/www.terraform.io\/assets\/images\/og-image-8b3e4f7d.png",
                "from_url": "https:\/\/www.terraform.io\/docs\/language\/expressions\/strings.html#directives",
                "thumb_width": 712,
                "thumb_height": 712,
                "service_icon": "https:\/\/www.terraform.io\/assets\/images\/favicons\/apple-touch-icon-5c2d0048.png",
                "id": 2,
                "original_url": "https:\/\/www.terraform.io\/docs\/language\/expressions\/strings.html#directives"
            }
        ],
        "edited": {
            "user": "BG3N7LG73",
            "ts": "1620943597.000000"
        }
    },
    {
        "type": "message",
        "subtype": "bot_message",
        "text": "<https:\/\/www.reddit.com\/r\/Terraform\/comments\/nbsrq6\/beginner_questions\/|Beginner questions>\nHi there! I’m making the transition from mech engineering to development full time. Currently working on infra as code project and was wondering if this is the place to be for community conversations (or if there is a discord or slack?)! Also, I’m wondering if anyone has any tips for automatic versioning for resource tags in an AWS setup. I believe it can be done with a script, but I was wondering if there were native terraform solutions for something like this! Any help is appreciated!!...",
        "ts": "1620944798.084100",
        "username": "Terraform",
        "icons": {
            "image_48": "https:\/\/s3-us-west-2.amazonaws.com\/slack-files2\/bot_icons\/2019-02-12\/548785199618_48.png"
        },
        "bot_id": "BG3N7LG73",
        "attachments": [
            {
                "service_name": "reddit",
                "title": "Beginner questions",
                "title_link": "https:\/\/www.reddit.com\/r\/Terraform\/comments\/nbsrq6\/beginner_questions\/",
                "text": "Hi there! I’m making the transition from mech engineering to development full time. Currently working on infra as code project and was wondering...",
                "fallback": "reddit: Beginner questions",
                "thumb_url": "https:\/\/www.redditstatic.com\/new-icon.png",
                "from_url": "https:\/\/www.reddit.com\/r\/Terraform\/comments\/nbsrq6\/beginner_questions\/",
                "thumb_width": 256,
                "thumb_height": 256,
                "service_icon": "http:\/\/www.redditstatic.com\/desktop2x\/img\/favicon\/apple-icon-57x57.png",
                "id": 1,
                "original_url": "https:\/\/www.reddit.com\/r\/Terraform\/comments\/nbsrq6\/beginner_questions\/"
            }
        ],
        "edited": {
            "user": "BG3N7LG73",
            "ts": "1620944799.000000"
        }
    },
    {
        "type": "message",
        "subtype": "bot_message",
        "text": "<https:\/\/www.reddit.com\/r\/Terraform\/comments\/nbt0k2\/new_to_tf_trying_to_figure_out_how_to_modify_a\/|New to TF, trying to figure out how to modify a coworkers code to use for_each (I think I need to figure out how to load variables into a list)>\nAt work we recently sharded a database and my coworker wrote the script for it. I recently checked it out and found out he manually wrote the module setup for all databases. This feels annoying to maintain in the future so I wanted to setup a way to just for_each to setup the modules.  I think I have almost everything setup, I have my .tfvars loading into my <https:\/\/variables.tf\/|variables.tf> but I'm not sure how to setup the variables from &lt;a...",
        "ts": "1620945398.084300",
        "username": "Terraform",
        "icons": {
            "image_48": "https:\/\/s3-us-west-2.amazonaws.com\/slack-files2\/bot_icons\/2019-02-12\/548785199618_48.png"
        },
        "bot_id": "BG3N7LG73",
        "attachments": [
            {
                "service_name": "reddit",
                "title": "New to TF, trying to figure out how to modify a coworkers code to use for_each (I think I need to figure out how to load variables into a list)",
                "title_link": "https:\/\/www.reddit.com\/r\/Terraform\/comments\/nbt0k2\/new_to_tf_trying_to_figure_out_how_to_modify_a\/",
                "text": "At work we recently sharded a database and my coworker wrote the script for it. I recently checked it out and found out he manually wrote the...",
                "fallback": "reddit: New to TF, trying to figure out how to modify a coworkers code to use for_each (I think I need to figure out how to load variables into a list)",
                "thumb_url": "https:\/\/www.redditstatic.com\/new-icon.png",
                "from_url": "https:\/\/www.reddit.com\/r\/Terraform\/comments\/nbt0k2\/new_to_tf_trying_to_figure_out_how_to_modify_a\/",
                "thumb_width": 256,
                "thumb_height": 256,
                "service_icon": "http:\/\/www.redditstatic.com\/desktop2x\/img\/favicon\/apple-icon-57x57.png",
                "id": 1,
                "original_url": "https:\/\/www.reddit.com\/r\/Terraform\/comments\/nbt0k2\/new_to_tf_trying_to_figure_out_how_to_modify_a\/"
            }
        ],
        "edited": {
            "user": "BG3N7LG73",
            "ts": "1620945398.000000"
        }
    }
]