[
    {
        "type": "message",
        "subtype": "bot_message",
        "text": "<https:\/\/www.reddit.com\/r\/Terraform\/comments\/nfyylm\/how_to_automatic_switch_to_new_parameter_group_in\/|How to automatic switch to new parameter group in AWS' RDS with Terraform?>\nSet a new parameter group for RDS, its plan is An execution plan has been generated and is shown below. Resource actions are indicated with the following symbols: + create ~ update in-place - destroy Terraform will perform the following actions: # aws_db_parameter_group.this will be destroyed - resource \"aws_db_parameter_group\" \"this\" { - arn = \"arn:aws:rds:us-east-1:12301923210921:pg:db-aurora-parameter-group\" -&gt; null - description = \"Parameter group for db Aurora Postgres instance\" -&gt; null...",
        "ts": "1621409800.002700",
        "username": "Terraform",
        "icons": {
            "image_48": "https:\/\/s3-us-west-2.amazonaws.com\/slack-files2\/bot_icons\/2019-02-12\/548785199618_48.png"
        },
        "bot_id": "BG3N7LG73",
        "attachments": [
            {
                "service_name": "reddit",
                "title": "How to automatic switch to new parameter group in AWS' RDS with Terraform?",
                "title_link": "https:\/\/www.reddit.com\/r\/Terraform\/comments\/nfyylm\/how_to_automatic_switch_to_new_parameter_group_in\/",
                "text": "Set a new parameter group for RDS, its plan is An execution plan has been generated and is shown below. Resource actions are indicated...",
                "fallback": "reddit: How to automatic switch to new parameter group in AWS' RDS with Terraform?",
                "thumb_url": "https:\/\/www.redditstatic.com\/new-icon.png",
                "from_url": "https:\/\/www.reddit.com\/r\/Terraform\/comments\/nfyylm\/how_to_automatic_switch_to_new_parameter_group_in\/",
                "thumb_width": 256,
                "thumb_height": 256,
                "service_icon": "http:\/\/www.redditstatic.com\/desktop2x\/img\/favicon\/apple-icon-57x57.png",
                "id": 1,
                "original_url": "https:\/\/www.reddit.com\/r\/Terraform\/comments\/nfyylm\/how_to_automatic_switch_to_new_parameter_group_in\/"
            }
        ],
        "edited": {
            "user": "BG3N7LG73",
            "ts": "1621409800.000000"
        }
    },
    {
        "type": "message",
        "subtype": "bot_message",
        "text": "<https:\/\/www.reddit.com\/r\/Terraform\/comments\/nfzj6d\/terraform_nested_loop_help\/|Terraform nested loop help>\nDear All, ​ I am hoping if I could get some help with Terraform OCI security list creation. My requirements are: ​ - I have 6 Security list that needs to be created. Each security list will have certain ingress servers (CIDR range) for which certain ports needs to be opened. The port numbers varies for each ingress server and for each security list. - Ideally, I want the security list + Ingress Server CIDR range + TCP port (also varies for each Security list) combination details to be...",
        "ts": "1621411601.002900",
        "username": "Terraform",
        "icons": {
            "image_48": "https:\/\/s3-us-west-2.amazonaws.com\/slack-files2\/bot_icons\/2019-02-12\/548785199618_48.png"
        },
        "bot_id": "BG3N7LG73"
    },
    {
        "type": "message",
        "subtype": "bot_message",
        "text": "<https:\/\/www.reddit.com\/r\/Terraform\/comments\/ng09if\/terraform_count_but_exclude_the_first_element\/|Terraform count but exclude the first element>\nHi, I have for example 4 Subnets: The first subnet should get a special route table.\n all other subnets should get a kind of default route table. My current code deploys the same route table to all subnets because of SUBNET_COUNT\n is there any option how to exclude the first subnet ? I tried different kind of things like here but couldn't figure out how to do this: count = var.SUBNET_COUNT+1 count = \"${var.SUBNET_COUNT[count.index + 1]}\" Would be great if anyone has an answer for this...",
        "ts": "1621413395.003000",
        "username": "Terraform",
        "icons": {
            "image_48": "https:\/\/s3-us-west-2.amazonaws.com\/slack-files2\/bot_icons\/2019-02-12\/548785199618_48.png"
        },
        "bot_id": "BG3N7LG73",
        "attachments": [
            {
                "service_name": "reddit",
                "title": "Terraform count but exclude the first element",
                "title_link": "https:\/\/www.reddit.com\/r\/Terraform\/comments\/ng09if\/terraform_count_but_exclude_the_first_element\/",
                "text": "Hi, I have for example 4 Subnets: The first subnet should get a special route table. all other subnets should get a kind of default route...",
                "fallback": "reddit: Terraform count but exclude the first element",
                "thumb_url": "https:\/\/www.redditstatic.com\/new-icon.png",
                "from_url": "https:\/\/www.reddit.com\/r\/Terraform\/comments\/ng09if\/terraform_count_but_exclude_the_first_element\/",
                "thumb_width": 256,
                "thumb_height": 256,
                "service_icon": "http:\/\/www.redditstatic.com\/desktop2x\/img\/favicon\/apple-icon-57x57.png",
                "id": 1,
                "original_url": "https:\/\/www.reddit.com\/r\/Terraform\/comments\/ng09if\/terraform_count_but_exclude_the_first_element\/"
            }
        ],
        "edited": {
            "user": "BG3N7LG73",
            "ts": "1621413396.000000"
        }
    },
    {
        "type": "message",
        "subtype": "bot_message",
        "text": "<https:\/\/www.reddit.com\/r\/Terraform\/comments\/ng0amc\/terraform_approach_on_google_cloud_platform\/|Terraform approach on Google Cloud Platform>\nHello all. Currently, I'm starting to manage the (already working) infrastructure for a legacy project, and the future infrastructure for some other projects inside a company, and I'm having doubts on how to manage the Terraform service(s) account(s). I want to create a \"seed\" project inside the organization for the Terraform service account, and other Terraform-related resources, and give permissions on the already-created projects to be owned by Terraform's service account. For the new...",
        "ts": "1621414595.003200",
        "username": "Terraform",
        "icons": {
            "image_48": "https:\/\/s3-us-west-2.amazonaws.com\/slack-files2\/bot_icons\/2019-02-12\/548785199618_48.png"
        },
        "bot_id": "BG3N7LG73",
        "attachments": [
            {
                "service_name": "reddit",
                "title": "Terraform approach on Google Cloud Platform",
                "title_link": "https:\/\/www.reddit.com\/r\/Terraform\/comments\/ng0amc\/terraform_approach_on_google_cloud_platform\/",
                "text": "Hello all. Currently, I'm starting to manage the (already working) infrastructure for a legacy project, and the future infrastructure for some...",
                "fallback": "reddit: Terraform approach on Google Cloud Platform",
                "thumb_url": "https:\/\/www.redditstatic.com\/new-icon.png",
                "from_url": "https:\/\/www.reddit.com\/r\/Terraform\/comments\/ng0amc\/terraform_approach_on_google_cloud_platform\/",
                "thumb_width": 256,
                "thumb_height": 256,
                "service_icon": "http:\/\/www.redditstatic.com\/desktop2x\/img\/favicon\/apple-icon-57x57.png",
                "id": 1,
                "original_url": "https:\/\/www.reddit.com\/r\/Terraform\/comments\/ng0amc\/terraform_approach_on_google_cloud_platform\/"
            }
        ],
        "edited": {
            "user": "BG3N7LG73",
            "ts": "1621414596.000000"
        }
    },
    {
        "type": "message",
        "subtype": "bot_message",
        "text": "<https:\/\/www.reddit.com\/r\/Terraform\/comments\/ng5uli\/tf13_how_to_use_the_returned_list_from_an_awscli\/|Tf13 how to use the returned list from an awscli command in local-exec>\nAs above I have a local exec command (as I’m unable to grab a list of transit gateway attachment ids through data source)which grabs a list of ids. I want to use this list as a variable later to create some rt associations using this var. how can this be achevied? resource \"null_resource\" \"pull-prod-attachids\" { provisioner \"local-exec\" { command =    submitted by",
        "ts": "1621431997.003400",
        "username": "Terraform",
        "icons": {
            "image_48": "https:\/\/s3-us-west-2.amazonaws.com\/slack-files2\/bot_icons\/2019-02-12\/548785199618_48.png"
        },
        "bot_id": "BG3N7LG73",
        "attachments": [
            {
                "service_name": "reddit",
                "title": "Tf13 how to use the returned list from an awscli command in local-exec",
                "title_link": "https:\/\/www.reddit.com\/r\/Terraform\/comments\/ng5uli\/tf13_how_to_use_the_returned_list_from_an_awscli\/",
                "text": "As above I have a local exec command (as I’m unable to grab a list of transit gateway attachment ids through data source)which grabs a list of...",
                "fallback": "reddit: Tf13 how to use the returned list from an awscli command in local-exec",
                "thumb_url": "https:\/\/www.redditstatic.com\/new-icon.png",
                "from_url": "https:\/\/www.reddit.com\/r\/Terraform\/comments\/ng5uli\/tf13_how_to_use_the_returned_list_from_an_awscli\/",
                "thumb_width": 256,
                "thumb_height": 256,
                "service_icon": "http:\/\/www.redditstatic.com\/desktop2x\/img\/favicon\/apple-icon-57x57.png",
                "id": 1,
                "original_url": "https:\/\/www.reddit.com\/r\/Terraform\/comments\/ng5uli\/tf13_how_to_use_the_returned_list_from_an_awscli\/"
            }
        ],
        "edited": {
            "user": "BG3N7LG73",
            "ts": "1621431998.000000"
        }
    },
    {
        "type": "message",
        "subtype": "bot_message",
        "text": "<https:\/\/www.reddit.com\/r\/Terraform\/comments\/ng8bxu\/3_steps_to_improving_cloud_security_with_terraform\/|3 steps to improving cloud security with Terraform>\nThere are clearly new challenges that security teams face when developers adopt IaC like Terraform. Here are our 3 steps to improving cloud security with Terraform:  <https:\/\/www.oak9.io\/blog\/terraform-cloud-security\/?fbclid=IwAR2FskxPgptTLKBzGDGxmgLj9K--3fgyfrmq_iKTnyNvANLYki7q3KofFOw#cloudsecurity%20%23terraform|https:\/\/www.oak9.io\/blog\/terraform-cloud-security\/?fbclid=IwAR2FskxPgptTLKBzGDGxmgLj9K--3fgyfrmq_iKTnyNvANLYki7q3KofFOw#cloudsecurity%20#terraform>    submitted by   &lt;a...",
        "ts": "1621438001.003600",
        "username": "Terraform",
        "icons": {
            "image_48": "https:\/\/s3-us-west-2.amazonaws.com\/slack-files2\/bot_icons\/2019-02-12\/548785199618_48.png"
        },
        "bot_id": "BG3N7LG73",
        "attachments": [
            {
                "service_name": "reddit",
                "title": "3 steps to improving cloud security with Terraform",
                "title_link": "https:\/\/www.reddit.com\/r\/Terraform\/comments\/ng8bxu\/3_steps_to_improving_cloud_security_with_terraform\/",
                "text": "There are clearly new challenges that security teams face when developers adopt IaC like Terraform. Here are our 3 steps to improving cloud...",
                "fallback": "reddit: 3 steps to improving cloud security with Terraform",
                "thumb_url": "https:\/\/www.redditstatic.com\/new-icon.png",
                "from_url": "https:\/\/www.reddit.com\/r\/Terraform\/comments\/ng8bxu\/3_steps_to_improving_cloud_security_with_terraform\/",
                "thumb_width": 256,
                "thumb_height": 256,
                "service_icon": "http:\/\/www.redditstatic.com\/desktop2x\/img\/favicon\/apple-icon-57x57.png",
                "id": 1,
                "original_url": "https:\/\/www.reddit.com\/r\/Terraform\/comments\/ng8bxu\/3_steps_to_improving_cloud_security_with_terraform\/"
            },
            {
                "title": "oak9",
                "title_link": "https:\/\/www.oak9.io\/blog\/terraform-cloud-security\/?fbclid=IwAR2FskxPgptTLKBzGDGxmgLj9K--3fgyfrmq_iKTnyNvANLYki7q3KofFOw#cloudsecurity%20%23terraform",
                "text": "Terraform misconfigurations can lead to vulnerabilities. Scanning code, catching issues, and fixing them early are key to cloud security.",
                "fallback": "oak9",
                "image_url": "https:\/\/website.oak9.cloud\/wp-content\/uploads\/2021\/05\/vector-creator-19.png",
                "image_width": 375,
                "image_height": 250,
                "fields": [
                    {
                        "title": "Written by",
                        "value": "Aakash Shah, CTO &amp; Co-Founder",
                        "short": true
                    },
                    {
                        "title": "Est. reading time",
                        "value": "5 minutes",
                        "short": true
                    }
                ],
                "ts": 1621355254,
                "from_url": "https:\/\/www.oak9.io\/blog\/terraform-cloud-security\/?fbclid=IwAR2FskxPgptTLKBzGDGxmgLj9K--3fgyfrmq_iKTnyNvANLYki7q3KofFOw#cloudsecurity%20%23terraform",
                "image_bytes": 62496,
                "service_icon": "https:\/\/www.oak9.io\/wp-content\/uploads\/2021\/04\/cropped-favicon-1-180x180.png",
                "service_name": "oak9.io",
                "id": 2,
                "original_url": "https:\/\/www.oak9.io\/blog\/terraform-cloud-security\/?fbclid=IwAR2FskxPgptTLKBzGDGxmgLj9K--3fgyfrmq_iKTnyNvANLYki7q3KofFOw#cloudsecurity%20%23terraform"
            }
        ],
        "edited": {
            "user": "BG3N7LG73",
            "ts": "1621438002.000000"
        }
    },
    {
        "type": "message",
        "subtype": "bot_message",
        "text": "<https:\/\/www.reddit.com\/r\/Terraform\/comments\/ngc6z0\/tfe_health_check\/|TFE health check>\nHi all, I am extremely new to Terraform and devops in general and hope to get some direction on this matter. I would like to point a Prometheus exporter to pull health metrics from TFE and have some questions:  Is the \/_health_check endpoint meant to check TFE as a whole or must I use \/_health_check on each workspace?  To monitor other health metrics, is downloading the support bundle the only way to obtain these metrics? I cant really find much resources on obtaining more metrics from TFE...",
        "ts": "1621446996.003800",
        "username": "Terraform",
        "icons": {
            "image_48": "https:\/\/s3-us-west-2.amazonaws.com\/slack-files2\/bot_icons\/2019-02-12\/548785199618_48.png"
        },
        "bot_id": "BG3N7LG73",
        "attachments": [
            {
                "service_name": "reddit",
                "title": "TFE health check",
                "title_link": "https:\/\/www.reddit.com\/r\/Terraform\/comments\/ngc6z0\/tfe_health_check\/",
                "text": "Hi all, I am extremely new to Terraform and devops in general and hope to get some direction on this matter. I would like to point a Prometheus...",
                "fallback": "reddit: TFE health check",
                "thumb_url": "https:\/\/www.redditstatic.com\/new-icon.png",
                "from_url": "https:\/\/www.reddit.com\/r\/Terraform\/comments\/ngc6z0\/tfe_health_check\/",
                "thumb_width": 256,
                "thumb_height": 256,
                "service_icon": "http:\/\/www.redditstatic.com\/desktop2x\/img\/favicon\/apple-icon-57x57.png",
                "id": 1,
                "original_url": "https:\/\/www.reddit.com\/r\/Terraform\/comments\/ngc6z0\/tfe_health_check\/"
            }
        ],
        "edited": {
            "user": "BG3N7LG73",
            "ts": "1621446996.000000"
        }
    },
    {
        "type": "message",
        "subtype": "bot_message",
        "text": "<https:\/\/www.reddit.com\/r\/Terraform\/comments\/ngk0xt\/static_analysis_sast_which_tools_are_you_using\/|Static analysis \/ SAST - which tool(s) are you using?>\nMy company is in the process of completely re-architecting our SaaS platform and so I'd like to incorporate some kind of SAST tool to provide some extra security in our Terraform repos. I've tried a couple of tools (terrascan and Checkov) but can't seem to get them to work in GitHub Actions, although this is likely user error. I also looked at tfsec, but there's very few Azure checks and we are a very strong Azure shop and I don't have anywhere near the necessary knowledge level of Go - nor...",
        "ts": "1621466195.004000",
        "username": "Terraform",
        "icons": {
            "image_48": "https:\/\/s3-us-west-2.amazonaws.com\/slack-files2\/bot_icons\/2019-02-12\/548785199618_48.png"
        },
        "bot_id": "BG3N7LG73",
        "attachments": [
            {
                "service_name": "reddit",
                "title": "Static analysis \/ SAST - which tool(s) are you using?",
                "title_link": "https:\/\/www.reddit.com\/r\/Terraform\/comments\/ngk0xt\/static_analysis_sast_which_tools_are_you_using\/",
                "text": "My company is in the process of completely re-architecting our SaaS platform and so I'd like to incorporate some kind of SAST tool to provide some...",
                "fallback": "reddit: Static analysis \/ SAST - which tool(s) are you using?",
                "thumb_url": "https:\/\/www.redditstatic.com\/new-icon.png",
                "from_url": "https:\/\/www.reddit.com\/r\/Terraform\/comments\/ngk0xt\/static_analysis_sast_which_tools_are_you_using\/",
                "thumb_width": 256,
                "thumb_height": 256,
                "service_icon": "http:\/\/www.redditstatic.com\/desktop2x\/img\/favicon\/apple-icon-57x57.png",
                "id": 1,
                "original_url": "https:\/\/www.reddit.com\/r\/Terraform\/comments\/ngk0xt\/static_analysis_sast_which_tools_are_you_using\/"
            }
        ],
        "edited": {
            "user": "BG3N7LG73",
            "ts": "1621466195.000000"
        }
    },
    {
        "type": "message",
        "subtype": "bot_message",
        "text": "<https:\/\/www.reddit.com\/r\/Terraform\/comments\/ngo2dn\/circle_ci_not_initializing_terraform_backend_via\/|Circle CI not initializing Terraform backend via API>\nWe are making calls in our CICD pipeline from CircleCI to Terraform API. When the variables are housed in TFE Cloud, it works fine. When putting those variables in Circle CI and passing those in as environment variables, it fails to work. I can confirm that the variables exist in the workspace environment variables, but for whatever reason Terraform does not pick them up. What is the deal?    submitted by   <https:\/\/www.reddit.com\/user\/w00tburger| \/u\/w00tburger > \n&lt;a...",
        "ts": "1621478195.004200",
        "username": "Terraform",
        "icons": {
            "image_48": "https:\/\/s3-us-west-2.amazonaws.com\/slack-files2\/bot_icons\/2019-02-12\/548785199618_48.png"
        },
        "bot_id": "BG3N7LG73",
        "attachments": [
            {
                "service_name": "reddit",
                "title": "Circle CI not initializing Terraform backend via API",
                "title_link": "https:\/\/www.reddit.com\/r\/Terraform\/comments\/ngo2dn\/circle_ci_not_initializing_terraform_backend_via\/",
                "text": "We are making calls in our CICD pipeline from CircleCI to Terraform API. When the variables are housed in TFE Cloud, it works fine. When putting...",
                "fallback": "reddit: Circle CI not initializing Terraform backend via API",
                "thumb_url": "https:\/\/www.redditstatic.com\/new-icon.png",
                "from_url": "https:\/\/www.reddit.com\/r\/Terraform\/comments\/ngo2dn\/circle_ci_not_initializing_terraform_backend_via\/",
                "thumb_width": 256,
                "thumb_height": 256,
                "service_icon": "http:\/\/www.redditstatic.com\/desktop2x\/img\/favicon\/apple-icon-57x57.png",
                "id": 1,
                "original_url": "https:\/\/www.reddit.com\/r\/Terraform\/comments\/ngo2dn\/circle_ci_not_initializing_terraform_backend_via\/"
            },
            {
                "title": "overview for w00tburger",
                "title_link": "https:\/\/www.reddit.com\/user\/w00tburger",
                "text": "The u\/w00tburger community on Reddit. Reddit gives you the best of the internet in one place.",
                "fallback": "overview for w00tburger",
                "from_url": "https:\/\/www.reddit.com\/user\/w00tburger",
                "service_icon": "http:\/\/www.redditstatic.com\/desktop2x\/img\/favicon\/apple-icon-57x57.png",
                "service_name": "reddit.com",
                "id": 2,
                "original_url": "https:\/\/www.reddit.com\/user\/w00tburger"
            }
        ],
        "edited": {
            "user": "BG3N7LG73",
            "ts": "1621478195.000000"
        }
    }
]