[
    {
        "type": "message",
        "subtype": "bot_message",
        "text": "<https:\/\/www.reddit.com\/r\/Terraform\/comments\/nm7kwp\/whats_the_right_way_to_resize_an_ebs_volume\/|What's the right way to resize an ebs volume ?>\nI am trying to add space to the volume through terraform but it keeps trying to destroy the existing volumes. What is the right way to add additional space ?  Tried adding a new volume but still has tried to erase the existing ones.    submitted by   <https:\/\/www.reddit.com\/user\/humoody| \/u\/humoody > \n<https:\/\/www.reddit.com\/r\/Terraform\/comments\/nm7kwp\/whats_the_right_way_to_resize_an_ebs_volume\/|[link]>   &lt;a...",
        "ts": "1622122598.018400",
        "username": "Terraform",
        "icons": {
            "image_48": "https:\/\/s3-us-west-2.amazonaws.com\/slack-files2\/bot_icons\/2019-02-12\/548785199618_48.png"
        },
        "bot_id": "BG3N7LG73",
        "attachments": [
            {
                "service_name": "reddit",
                "title": "What's the right way to resize an ebs volume ?",
                "title_link": "https:\/\/www.reddit.com\/r\/Terraform\/comments\/nm7kwp\/whats_the_right_way_to_resize_an_ebs_volume\/",
                "text": "I am trying to add space to the volume through terraform but it keeps trying to destroy the existing volumes. What is the right way to add...",
                "fallback": "reddit: What's the right way to resize an ebs volume ?",
                "thumb_url": "https:\/\/www.redditstatic.com\/new-icon.png",
                "from_url": "https:\/\/www.reddit.com\/r\/Terraform\/comments\/nm7kwp\/whats_the_right_way_to_resize_an_ebs_volume\/",
                "thumb_width": 256,
                "thumb_height": 256,
                "service_icon": "http:\/\/www.redditstatic.com\/desktop2x\/img\/favicon\/apple-icon-57x57.png",
                "id": 1,
                "original_url": "https:\/\/www.reddit.com\/r\/Terraform\/comments\/nm7kwp\/whats_the_right_way_to_resize_an_ebs_volume\/"
            },
            {
                "title": "overview for humoody",
                "title_link": "https:\/\/www.reddit.com\/user\/humoody",
                "text": "The u\/humoody community on Reddit. Reddit gives you the best of the internet in one place.",
                "fallback": "overview for humoody",
                "from_url": "https:\/\/www.reddit.com\/user\/humoody",
                "service_icon": "http:\/\/www.redditstatic.com\/desktop2x\/img\/favicon\/apple-icon-57x57.png",
                "service_name": "reddit.com",
                "id": 2,
                "original_url": "https:\/\/www.reddit.com\/user\/humoody"
            }
        ],
        "edited": {
            "user": "BG3N7LG73",
            "ts": "1622122598.000000"
        }
    },
    {
        "type": "message",
        "subtype": "bot_message",
        "text": "<https:\/\/www.reddit.com\/r\/Terraform\/comments\/nm8ijn\/is_there_something_similar_to_atlantis_for_windows\/|Is there something similar to Atlantis for Windows?>\nsubmitted by   <https:\/\/www.reddit.com\/user\/GreenPerson11| \/u\/GreenPerson11 > \n<https:\/\/www.reddit.com\/r\/Terraform\/comments\/nm8ijn\/is_there_something_similar_to_atlantis_for_windows\/|[link]>   <https:\/\/www.reddit.com\/r\/Terraform\/comments\/nm8ijn\/is_there_something_similar_to_atlantis_for_windows\/|[comments]>",
        "ts": "1622125597.018600",
        "username": "Terraform",
        "icons": {
            "image_48": "https:\/\/s3-us-west-2.amazonaws.com\/slack-files2\/bot_icons\/2019-02-12\/548785199618_48.png"
        },
        "bot_id": "BG3N7LG73",
        "attachments": [
            {
                "service_name": "reddit",
                "title": "Is there something similar to Atlantis for Windows?",
                "title_link": "https:\/\/www.reddit.com\/r\/Terraform\/comments\/nm8ijn\/is_there_something_similar_to_atlantis_for_windows\/",
                "text": "Posted in r\/Terraform by u\/GreenPerson11 • 0 points and 0 comments",
                "fallback": "reddit: Is there something similar to Atlantis for Windows?",
                "thumb_url": "https:\/\/www.redditstatic.com\/new-icon.png",
                "from_url": "https:\/\/www.reddit.com\/r\/Terraform\/comments\/nm8ijn\/is_there_something_similar_to_atlantis_for_windows\/",
                "thumb_width": 256,
                "thumb_height": 256,
                "service_icon": "http:\/\/www.redditstatic.com\/desktop2x\/img\/favicon\/apple-icon-57x57.png",
                "id": 1,
                "original_url": "https:\/\/www.reddit.com\/r\/Terraform\/comments\/nm8ijn\/is_there_something_similar_to_atlantis_for_windows\/"
            },
            {
                "title": "overview for GreenPerson11",
                "title_link": "https:\/\/www.reddit.com\/user\/GreenPerson11",
                "text": "The u\/GreenPerson11 community on Reddit. Reddit gives you the best of the internet in one place.",
                "fallback": "overview for GreenPerson11",
                "from_url": "https:\/\/www.reddit.com\/user\/GreenPerson11",
                "service_icon": "http:\/\/www.redditstatic.com\/desktop2x\/img\/favicon\/apple-icon-57x57.png",
                "service_name": "reddit.com",
                "id": 2,
                "original_url": "https:\/\/www.reddit.com\/user\/GreenPerson11"
            }
        ],
        "edited": {
            "user": "BG3N7LG73",
            "ts": "1622125597.000000"
        }
    },
    {
        "type": "message",
        "subtype": "bot_message",
        "text": "<https:\/\/www.reddit.com\/r\/Terraform\/comments\/nm9c39\/apply_vmware_template_and_add_an_additional_disk\/|Apply VMware template and add an additional disk>\nI have a module that creates a vm using a prebuilt template in VMware. I am needing to add an additional disk during the deployment process. Below is the disk configuration within the module. Disk0 is created correctly because there is a disk in the VMware template. But disk1 does not get created. Any thoughts?  disk {\nlabel = \"disk0\"\nsize = \"80\"\nunit_number = 0\nthin_provisioned = false\neagerly_scrub = false\n} disk {\nlabel = \"disk1\"\nsize = \"500\"\nunit_number = 0\nthin_provisioned = false...",
        "ts": "1622128598.018800",
        "username": "Terraform",
        "icons": {
            "image_48": "https:\/\/s3-us-west-2.amazonaws.com\/slack-files2\/bot_icons\/2019-02-12\/548785199618_48.png"
        },
        "bot_id": "BG3N7LG73",
        "attachments": [
            {
                "service_name": "reddit",
                "title": "Apply VMware template and add an additional disk",
                "title_link": "https:\/\/www.reddit.com\/r\/Terraform\/comments\/nm9c39\/apply_vmware_template_and_add_an_additional_disk\/",
                "text": "I have a module that creates a vm using a prebuilt template in VMware. I am needing to add an additional disk during the deployment process. Below...",
                "fallback": "reddit: Apply VMware template and add an additional disk",
                "thumb_url": "https:\/\/www.redditstatic.com\/new-icon.png",
                "from_url": "https:\/\/www.reddit.com\/r\/Terraform\/comments\/nm9c39\/apply_vmware_template_and_add_an_additional_disk\/",
                "thumb_width": 256,
                "thumb_height": 256,
                "service_icon": "http:\/\/www.redditstatic.com\/desktop2x\/img\/favicon\/apple-icon-57x57.png",
                "id": 1,
                "original_url": "https:\/\/www.reddit.com\/r\/Terraform\/comments\/nm9c39\/apply_vmware_template_and_add_an_additional_disk\/"
            }
        ],
        "edited": {
            "user": "BG3N7LG73",
            "ts": "1622128598.000000"
        }
    },
    {
        "type": "message",
        "subtype": "bot_message",
        "text": "<https:\/\/qiita.com\/yuta_vamdemic\/items\/6dece2cbf199639dc823|terraformでリソース内の一部をループ処理させる>\nforを使うといいみたい\n\n\n呼び先のmoduleでループする部分\n\n\nforを使う\nfor_eachやcountはリソースに対してのみなので今回の場合は使えない\nindexを使いたい場合は、forの中でiの宣言が必要\n\n\nまた、iだけだとだめで、この場合eも併せて宣言しておく必要がある（使わなくても）\n\n\n\n\n      environment = [\n        for i,e in var.container_definitions[0].environment :\n        {\n          \"name\" : var.container_definitions[0].environment[i][\"name\"],\n          \"value\" : var.container_definitions[0].environment[i][\"value\"]\n        }\n      ]\n\n\n\nmoduleを呼ぶ部分\n\n\nenvironment部分が可変なので呼ばれるmoduleの中身も対応できるようにしたい...",
        "ts": "1622141798.019000",
        "username": "Terraformタグが付けられた新着記事 - Qiita",
        "icons": {
            "image_36": "https:\/\/a.slack-edge.com\/80588\/img\/services\/rss_36.png",
            "image_48": "https:\/\/a.slack-edge.com\/80588\/img\/services\/rss_48.png",
            "image_72": "https:\/\/a.slack-edge.com\/80588\/img\/services\/rss_72.png"
        },
        "bot_id": "BG3N7LG73",
        "attachments": [
            {
                "service_name": "Qiita",
                "title": "terraformでリソース内の一部をループ処理させる - Qiita",
                "title_link": "https:\/\/qiita.com\/yuta_vamdemic\/items\/6dece2cbf199639dc823",
                "text": "forを使うといいみたい 呼び先のmoduleでループする部分 forを使う for_eachやcountはリソースに対してのみなので今回の場合は使えない indexを使いたい場合は、forの中でiの宣言が必要 また、...",
                "fallback": "Qiita: terraformでリソース内の一部をループ処理させる - Qiita",
                "image_url": "https:\/\/qiita-user-contents.imgix.net\/https%3A%2F%2Fcdn.qiita.com%2Fassets%2Fpublic%2Farticle-ogp-background-1150d8b18a7c15795b701a55ae908f94.png?ixlib=rb-4.0.0&w=1200&mark=https%3A%2F%2Fqiita-user-contents.imgix.net%2F~text%3Fixlib%3Drb-4.0.0%26w%3D840%26h%3D380%26txt%3Dterraform%25E3%2581%25A7%25E3%2583%25AA%25E3%2582%25BD%25E3%2583%25BC%25E3%2582%25B9%25E5%2586%2585%25E3%2581%25AE%25E4%25B8%2580%25E9%2583%25A8%25E3%2582%2592%25E3%2583%25AB%25E3%2583%25BC%25E3%2583%2597%25E5%2587%25A6%25E7%2590%2586%25E3%2581%2595%25E3%2581%259B%25E3%2582%258B%26txt-color%3D%2523333%26txt-font%3DHiragino%2520Sans%2520W6%26txt-size%3D54%26txt-clip%3Dellipsis%26txt-align%3Dcenter%252Cmiddle%26s%3D9c3bc81170a5c5dcc8f61d07148208fd&mark-align=center%2Cmiddle&blend=https%3A%2F%2Fqiita-user-contents.imgix.net%2F~text%3Fixlib%3Drb-4.0.0%26w%3D840%26h%3D500%26txt%3D%2540yuta_vamdemic%26txt-color%3D%2523333%26txt-font%3DHiragino%2520Sans%2520W6%26txt-size%3D45%26txt-align%3Dright%252Cbottom%26s%3D4b450ee2d263e4362a28809f2f1ee980&blend-align=center%2Cmiddle&blend-mode=normal&s=f430b614ebf41cdf92635f3630c53aa6",
                "from_url": "https:\/\/qiita.com\/yuta_vamdemic\/items\/6dece2cbf199639dc823",
                "image_width": 476,
                "image_height": 250,
                "image_bytes": 47559,
                "service_icon": "https:\/\/cdn.qiita.com\/assets\/favicons\/public\/apple-touch-icon-ec5ba42a24ae923f16825592efdc356f.png",
                "id": 1,
                "original_url": "https:\/\/qiita.com\/yuta_vamdemic\/items\/6dece2cbf199639dc823"
            }
        ],
        "edited": {
            "user": "BG3N7LG73",
            "ts": "1622141798.000000"
        }
    },
    {
        "type": "message",
        "subtype": "bot_message",
        "text": "<https:\/\/www.reddit.com\/r\/Terraform\/comments\/nmfbb9\/autotag_terraform_templates_for_code_to_cloud\/|Auto-tag Terraform templates for code to cloud traceability with new open-source project Yor>\nsubmitted by   <https:\/\/www.reddit.com\/user\/paytononon| \/u\/paytononon > \n<https:\/\/yor.io\/|[link]>   <https:\/\/www.reddit.com\/r\/Terraform\/comments\/nmfbb9\/autotag_terraform_templates_for_code_to_cloud\/|[comments]>",
        "ts": "1622144794.019200",
        "username": "Terraform",
        "icons": {
            "image_48": "https:\/\/s3-us-west-2.amazonaws.com\/slack-files2\/bot_icons\/2019-02-12\/548785199618_48.png"
        },
        "bot_id": "BG3N7LG73",
        "attachments": [
            {
                "service_name": "reddit",
                "title": "Auto-tag Terraform templates for code to cloud traceability with new open-source project Yor",
                "title_link": "https:\/\/www.reddit.com\/r\/Terraform\/comments\/nmfbb9\/autotag_terraform_templates_for_code_to_cloud\/",
                "text": "Posted in r\/Terraform by u\/paytononon • 1 point and 0 comments",
                "fallback": "reddit: Auto-tag Terraform templates for code to cloud traceability with new open-source project Yor",
                "thumb_url": "https:\/\/www.redditstatic.com\/new-icon.png",
                "from_url": "https:\/\/www.reddit.com\/r\/Terraform\/comments\/nmfbb9\/autotag_terraform_templates_for_code_to_cloud\/",
                "thumb_width": 256,
                "thumb_height": 256,
                "service_icon": "http:\/\/www.redditstatic.com\/desktop2x\/img\/favicon\/apple-icon-57x57.png",
                "id": 1,
                "original_url": "https:\/\/www.reddit.com\/r\/Terraform\/comments\/nmfbb9\/autotag_terraform_templates_for_code_to_cloud\/"
            },
            {
                "title": "overview for paytononon",
                "title_link": "https:\/\/www.reddit.com\/user\/paytononon",
                "text": "The u\/paytononon community on Reddit. Reddit gives you the best of the internet in one place.",
                "fallback": "overview for paytononon",
                "from_url": "https:\/\/www.reddit.com\/user\/paytononon",
                "service_icon": "http:\/\/www.redditstatic.com\/desktop2x\/img\/favicon\/apple-icon-57x57.png",
                "service_name": "reddit.com",
                "id": 2,
                "original_url": "https:\/\/www.reddit.com\/user\/paytononon"
            },
            {
                "title": "yor",
                "title_link": "https:\/\/yor.io\/",
                "text": "Extensible auto-tagger for your IaC files. The ultimate way to link entities in the cloud back to the codified resource which created it.",
                "fallback": "yor",
                "from_url": "https:\/\/yor.io\/",
                "service_icon": "https:\/\/yor.io\/assets\/img\/favicon.png",
                "service_name": "yor.io",
                "id": 3,
                "original_url": "https:\/\/yor.io\/"
            }
        ],
        "edited": {
            "user": "BG3N7LG73",
            "ts": "1622144794.000000"
        }
    },
    {
        "type": "message",
        "subtype": "bot_message",
        "text": "<https:\/\/www.reddit.com\/r\/Terraform\/comments\/nmhgsd\/best_practices_for_sharing_resources_between\/|Best practices for sharing resources between environments?>\nI'm having some difficulty wrapping my head around how to do this. The use-case here is I want to have my environments separated into different directories \/ tfstates so that 'dev' and 'prod' are stand-alone for the most part. The issue I'm dealing with is, how should I create a primary DNS zone and then be able to reference it from within both environments when they create their subdomains \/ records.  Any recommendations? Common to both environments resource \"aws_route53_zone\" \"common\" {...",
        "ts": "1622149598.019400",
        "username": "Terraform",
        "icons": {
            "image_48": "https:\/\/s3-us-west-2.amazonaws.com\/slack-files2\/bot_icons\/2019-02-12\/548785199618_48.png"
        },
        "bot_id": "BG3N7LG73",
        "attachments": [
            {
                "service_name": "reddit",
                "title": "Best practices for sharing resources between environments?",
                "title_link": "https:\/\/www.reddit.com\/r\/Terraform\/comments\/nmhgsd\/best_practices_for_sharing_resources_between\/",
                "text": "I'm having some difficulty wrapping my head around how to do this. The use-case here is I want to have my environments separated into different...",
                "fallback": "reddit: Best practices for sharing resources between environments?",
                "thumb_url": "https:\/\/www.redditstatic.com\/new-icon.png",
                "from_url": "https:\/\/www.reddit.com\/r\/Terraform\/comments\/nmhgsd\/best_practices_for_sharing_resources_between\/",
                "thumb_width": 256,
                "thumb_height": 256,
                "service_icon": "http:\/\/www.redditstatic.com\/desktop2x\/img\/favicon\/apple-icon-57x57.png",
                "id": 1,
                "original_url": "https:\/\/www.reddit.com\/r\/Terraform\/comments\/nmhgsd\/best_practices_for_sharing_resources_between\/"
            }
        ],
        "edited": {
            "user": "BG3N7LG73",
            "ts": "1622149598.000000"
        }
    },
    {
        "type": "message",
        "subtype": "bot_message",
        "text": "<https:\/\/www.reddit.com\/r\/Terraform\/comments\/nmj0ya\/static_scanning_rule_library_for_terraform\/|Static scanning rule library for Terraform misconfigurations>\nsubmitted by   <https:\/\/www.reddit.com\/user\/princespaghetti| \/u\/princespaghetti > \n<https:\/\/github.com\/cigna\/confectionery|[link]>   <https:\/\/www.reddit.com\/r\/Terraform\/comments\/nmj0ya\/static_scanning_rule_library_for_terraform\/|[comments]>",
        "ts": "1622154394.019600",
        "username": "Terraform",
        "icons": {
            "image_48": "https:\/\/s3-us-west-2.amazonaws.com\/slack-files2\/bot_icons\/2019-02-12\/548785199618_48.png"
        },
        "bot_id": "BG3N7LG73",
        "attachments": [
            {
                "service_name": "reddit",
                "title": "Static scanning rule library for Terraform misconfigurations",
                "title_link": "https:\/\/www.reddit.com\/r\/Terraform\/comments\/nmj0ya\/static_scanning_rule_library_for_terraform\/",
                "text": "Posted in r\/Terraform by u\/princespaghetti • 1 point and 0 comments",
                "fallback": "reddit: Static scanning rule library for Terraform misconfigurations",
                "thumb_url": "https:\/\/b.thumbs.redditmedia.com\/FIsK61Lf4FjfnImVLvN0tYLybbWuq9OZKKG46VuZhjs.jpg",
                "from_url": "https:\/\/www.reddit.com\/r\/Terraform\/comments\/nmj0ya\/static_scanning_rule_library_for_terraform\/",
                "thumb_width": 140,
                "thumb_height": 70,
                "service_icon": "http:\/\/www.redditstatic.com\/desktop2x\/img\/favicon\/apple-icon-57x57.png",
                "id": 1,
                "original_url": "https:\/\/www.reddit.com\/r\/Terraform\/comments\/nmj0ya\/static_scanning_rule_library_for_terraform\/"
            },
            {
                "title": "overview for princespaghetti",
                "title_link": "https:\/\/www.reddit.com\/user\/princespaghetti",
                "text": "The u\/princespaghetti community on Reddit. Reddit gives you the best of the internet in one place.",
                "fallback": "overview for princespaghetti",
                "from_url": "https:\/\/www.reddit.com\/user\/princespaghetti",
                "service_icon": "http:\/\/www.redditstatic.com\/desktop2x\/img\/favicon\/apple-icon-57x57.png",
                "service_name": "reddit.com",
                "id": 2,
                "original_url": "https:\/\/www.reddit.com\/user\/princespaghetti"
            },
            {
                "service_name": "GitHub",
                "title": "Cigna\/confectionery",
                "title_link": "https:\/\/github.com\/cigna\/confectionery",
                "text": "A library of rules for Conftest used to detect misconfigurations within Terraform configuration files - Cigna\/confectionery",
                "fallback": "GitHub: Cigna\/confectionery",
                "image_url": "https:\/\/opengraph.githubassets.com\/af2246d469e184f7fcf95c767465ffd179302f6e88dd2ec3020a6034aa2fd439\/Cigna\/confectionery",
                "image_width": 500,
                "image_height": 250,
                "from_url": "https:\/\/github.com\/cigna\/confectionery",
                "image_bytes": 70941,
                "service_icon": "https:\/\/a.slack-edge.com\/80588\/img\/unfurl_icons\/github.png",
                "id": 3,
                "original_url": "https:\/\/github.com\/cigna\/confectionery"
            }
        ],
        "edited": {
            "user": "BG3N7LG73",
            "ts": "1622154395.000000"
        }
    },
    {
        "type": "message",
        "subtype": "bot_message",
        "text": "<https:\/\/www.reddit.com\/r\/Terraform\/comments\/nml1oz\/looking_it_up_instead_of_passing_it\/|Looking it up instead of passing it>\nWhen I started out I used to pass everything through as a variable. The account name, region etc. Now I use the provider to look up as much information as I can. Here is some code I put in most of my modules: # Lookup current provider data data \"aws_iam_account_alias\" \"current\" {} data \"aws_caller_identity\" \"current\" {} data \"aws_region\" \"current\" {} locals { account_name = data.aws_iam_account_alias.current.account_alias account_id = data.aws_caller_identity.current.account_id region =...",
        "ts": "1622160397.019800",
        "username": "Terraform",
        "icons": {
            "image_48": "https:\/\/s3-us-west-2.amazonaws.com\/slack-files2\/bot_icons\/2019-02-12\/548785199618_48.png"
        },
        "bot_id": "BG3N7LG73",
        "attachments": [
            {
                "service_name": "reddit",
                "title": "Looking it up instead of passing it",
                "title_link": "https:\/\/www.reddit.com\/r\/Terraform\/comments\/nml1oz\/looking_it_up_instead_of_passing_it\/",
                "text": "When I started out I used to pass everything through as a variable. The account name, region etc. Now I use the provider to look up as much...",
                "fallback": "reddit: Looking it up instead of passing it",
                "thumb_url": "https:\/\/www.redditstatic.com\/new-icon.png",
                "from_url": "https:\/\/www.reddit.com\/r\/Terraform\/comments\/nml1oz\/looking_it_up_instead_of_passing_it\/",
                "thumb_width": 256,
                "thumb_height": 256,
                "service_icon": "http:\/\/www.redditstatic.com\/desktop2x\/img\/favicon\/apple-icon-57x57.png",
                "id": 1,
                "original_url": "https:\/\/www.reddit.com\/r\/Terraform\/comments\/nml1oz\/looking_it_up_instead_of_passing_it\/"
            }
        ],
        "edited": {
            "user": "BG3N7LG73",
            "ts": "1622160397.000000"
        }
    },
    {
        "type": "message",
        "subtype": "bot_message",
        "text": "<https:\/\/www.reddit.com\/r\/Terraform\/comments\/nml5e1\/flairs\/|Flairs>\nCan we get some flairs for this community? Would be good to have the provider as a flair so people know if it is AWS, Azure, VMWare specific etc. Can we have more than one flair per post? a coding help, advice help, and promotion flair would be good too. Maybe something for people just sharing thoughts and ideas.    submitted by   <https:\/\/www.reddit.com\/user\/Cregkly| \/u\/Cregkly > \n<https:\/\/www.reddit.com\/r\/Terraform\/comments\/nml5e1\/flairs\/|[link]>   &lt;a...",
        "ts": "1622160397.019900",
        "username": "Terraform",
        "icons": {
            "image_48": "https:\/\/s3-us-west-2.amazonaws.com\/slack-files2\/bot_icons\/2019-02-12\/548785199618_48.png"
        },
        "bot_id": "BG3N7LG73",
        "attachments": [
            {
                "service_name": "reddit",
                "title": "Flairs",
                "title_link": "https:\/\/www.reddit.com\/r\/Terraform\/comments\/nml5e1\/flairs\/",
                "text": "Can we get some flairs for this community? Would be good to have the provider as a flair so people know if it is AWS, Azure, VMWare specific...",
                "fallback": "reddit: Flairs",
                "thumb_url": "https:\/\/www.redditstatic.com\/new-icon.png",
                "from_url": "https:\/\/www.reddit.com\/r\/Terraform\/comments\/nml5e1\/flairs\/",
                "thumb_width": 256,
                "thumb_height": 256,
                "service_icon": "http:\/\/www.redditstatic.com\/desktop2x\/img\/favicon\/apple-icon-57x57.png",
                "id": 1,
                "original_url": "https:\/\/www.reddit.com\/r\/Terraform\/comments\/nml5e1\/flairs\/"
            },
            {
                "title": "overview for Cregkly",
                "title_link": "https:\/\/www.reddit.com\/user\/Cregkly",
                "text": "The u\/Cregkly community on Reddit. Reddit gives you the best of the internet in one place.",
                "fallback": "overview for Cregkly",
                "from_url": "https:\/\/www.reddit.com\/user\/Cregkly",
                "service_icon": "http:\/\/www.redditstatic.com\/desktop2x\/img\/favicon\/apple-icon-57x57.png",
                "service_name": "reddit.com",
                "id": 2,
                "original_url": "https:\/\/www.reddit.com\/user\/Cregkly"
            }
        ],
        "edited": {
            "user": "BG3N7LG73",
            "ts": "1622160397.000000"
        }
    },
    {
        "type": "message",
        "subtype": "bot_message",
        "text": "<https:\/\/www.reddit.com\/r\/Terraform\/comments\/nmlnas\/recently_my_company_did_an_rd_of_terraform\/|Recently, my company did an R&amp;D of Terraform automation with Terraform Cloud. I decided to turn it into a blog post. Hope it helps anyone considering implementing their own Terraform automation!>\n<https:\/\/stevenpstaley.medium.com\/continuous-infrastructure-deployment-with-terraform-cloud-2853cbbb920|https:\/\/stevenpstaley.medium.com\/continuous-infrastructure-deployment-with-terraform-cloud-2853cbbb920>    submitted by   <https:\/\/www.reddit.com\/user\/5olArchitect| \/u\/5olArchitect > \n<https:\/\/www.reddit.com\/r\/Terraform\/comments\/nmlnas\/recently_my_company_did_an_rd_of_terraform\/|[link]>   &lt;a...",
        "ts": "1622162795.020200",
        "username": "Terraform",
        "icons": {
            "image_48": "https:\/\/s3-us-west-2.amazonaws.com\/slack-files2\/bot_icons\/2019-02-12\/548785199618_48.png"
        },
        "bot_id": "BG3N7LG73",
        "attachments": [
            {
                "service_name": "reddit",
                "title": "Recently, my company did an R&amp;D of Terraform automation with Terraform Cloud. I decided to turn it into a blog post. Hope it helps anyone considering implementing their own Terraform automation!",
                "title_link": "https:\/\/www.reddit.com\/r\/Terraform\/comments\/nmlnas\/recently_my_company_did_an_rd_of_terraform\/",
                "text": "<https:\/\/stevenpstaley.medium.com\/continuous-infrastructure-deployment-with-terraform-cloud-2853cbbb920>",
                "fallback": "reddit: Recently, my company did an R&amp;D of Terraform automation with Terraform Cloud. I decided to turn it into a blog post. Hope it helps anyone considering implementing their own Terraform automation!",
                "thumb_url": "https:\/\/www.redditstatic.com\/new-icon.png",
                "from_url": "https:\/\/www.reddit.com\/r\/Terraform\/comments\/nmlnas\/recently_my_company_did_an_rd_of_terraform\/",
                "thumb_width": 256,
                "thumb_height": 256,
                "service_icon": "http:\/\/www.redditstatic.com\/desktop2x\/img\/favicon\/apple-icon-57x57.png",
                "id": 1,
                "original_url": "https:\/\/www.reddit.com\/r\/Terraform\/comments\/nmlnas\/recently_my_company_did_an_rd_of_terraform\/"
            },
            {
                "service_name": "Medium",
                "title": "Continuous Infrastructure Deployment with Terraform Cloud",
                "title_link": "https:\/\/stevenpstaley.medium.com\/continuous-infrastructure-deployment-with-terraform-cloud-2853cbbb920",
                "text": "Terraform &amp; Automation",
                "fallback": "Medium: Continuous Infrastructure Deployment with Terraform Cloud",
                "image_url": "https:\/\/miro.medium.com\/max\/712\/1*etej6CTBPY8VLaGLGiIhQw.png",
                "fields": [
                    {
                        "title": "Reading time",
                        "value": "20 min read",
                        "short": true
                    }
                ],
                "ts": 1622159741,
                "from_url": "https:\/\/stevenpstaley.medium.com\/continuous-infrastructure-deployment-with-terraform-cloud-2853cbbb920",
                "image_width": 250,
                "image_height": 250,
                "image_bytes": 6831,
                "service_icon": "https:\/\/miro.medium.com\/fit\/c\/152\/152\/1*sHhtYhaCe2Uc3IU0IgKwIQ.png",
                "id": 2,
                "original_url": "https:\/\/stevenpstaley.medium.com\/continuous-infrastructure-deployment-with-terraform-cloud-2853cbbb920"
            },
            {
                "title": "overview for 5olArchitect",
                "title_link": "https:\/\/www.reddit.com\/user\/5olArchitect",
                "text": "The u\/5olArchitect community on Reddit. Reddit gives you the best of the internet in one place.",
                "fallback": "overview for 5olArchitect",
                "from_url": "https:\/\/www.reddit.com\/user\/5olArchitect",
                "service_icon": "http:\/\/www.redditstatic.com\/desktop2x\/img\/favicon\/apple-icon-57x57.png",
                "service_name": "reddit.com",
                "id": 3,
                "original_url": "https:\/\/www.reddit.com\/user\/5olArchitect"
            }
        ],
        "edited": {
            "user": "BG3N7LG73",
            "ts": "1622162796.000000"
        }
    },
    {
        "type": "message",
        "subtype": "bot_message",
        "text": "<https:\/\/qiita.com\/yumenomatayume\/items\/fbd4fd2ccd88c88079e7|terraform initで「Failed to query available provider packages」が発生した時の対処法>\n自宅サーバ用途でESXiを導入しました。WebからポチポチしてVMを立てるのは大変なので、terraformを使ってコードで管理しようと思います。\n\n使用したプラグインは以下になります。\n\n\nRegistry: josenk\/esxi | Terraform Registry\n\nGitHub: josenk\/terraform-provider-esxi: Terraform-provider-esxi plugin\n\n\n\n使用しているterraformのversionは以下になります。(Mac環境を使用しています)\n\n$ terraform -v\nTerraform v0.15.4\non darwin_amd64\n\n\n\n\nエラー内容\n\nはじめにterraform initで使用するprovider pluginの設定を行いますが、この時点でエラーが発生しました。\n\n$ terraform init\n\nInitializing the backend...\n\nInitializing provider plugins...\n- Finding latest version of...",
        "ts": "1622175996.020400",
        "username": "Terraformタグが付けられた新着記事 - Qiita",
        "icons": {
            "image_36": "https:\/\/a.slack-edge.com\/80588\/img\/services\/rss_36.png",
            "image_48": "https:\/\/a.slack-edge.com\/80588\/img\/services\/rss_48.png",
            "image_72": "https:\/\/a.slack-edge.com\/80588\/img\/services\/rss_72.png"
        },
        "bot_id": "BG3N7LG73",
        "attachments": [
            {
                "service_name": "Qiita",
                "title": "terraform initで「Failed to query available provider packages」が発生した時の対処法 - Qiita",
                "title_link": "https:\/\/qiita.com\/yumenomatayume\/items\/fbd4fd2ccd88c88079e7",
                "text": "自宅サーバ用途でESXiを導入しました。WebからポチポチしてVMを立てるのは大変なので、terraformを使ってコードで管理しようと思います。 使用したプラグインは以下になります。 Registry: josenk\/esxi...",
                "fallback": "Qiita: terraform initで「Failed to query available provider packages」が発生した時の対処法 - Qiita",
                "image_url": "https:\/\/qiita-user-contents.imgix.net\/https%3A%2F%2Fcdn.qiita.com%2Fassets%2Fpublic%2Farticle-ogp-background-1150d8b18a7c15795b701a55ae908f94.png?ixlib=rb-4.0.0&w=1200&mark=https%3A%2F%2Fqiita-user-contents.imgix.net%2F~text%3Fixlib%3Drb-4.0.0%26w%3D840%26h%3D380%26txt%3Dterraform%2520init%25E3%2581%25A7%25E3%2580%258CFailed%2520to%2520query%2520available%2520provider%2520packages%25E3%2580%258D%25E3%2581%258C%25E7%2599%25BA%25E7%2594%259F%25E3%2581%2597%25E3%2581%259F%25E6%2599%2582%25E3%2581%25AE%25E5%25AF%25BE%25E5%2587%25A6%25E6%25B3%2595%26txt-color%3D%2523333%26txt-font%3DHiragino%2520Sans%2520W6%26txt-size%3D54%26txt-clip%3Dellipsis%26txt-align%3Dcenter%252Cmiddle%26s%3D435839642bd8e4d1adb4aa84f7621d67&mark-align=center%2Cmiddle&blend=https%3A%2F%2Fqiita-user-contents.imgix.net%2F~text%3Fixlib%3Drb-4.0.0%26w%3D840%26h%3D500%26txt%3D%2540yumenomatayume%26txt-color%3D%2523333%26txt-font%3DHiragino%2520Sans%2520W6%26txt-size%3D45%26txt-align%3Dright%252Cbottom%26s%3Dc3e25ef997f72f706436d9d1a6cb9ed3&blend-align=center%2Cmiddle&blend-mode=normal&s=577d5ee6598290564a880383525b02c4",
                "from_url": "https:\/\/qiita.com\/yumenomatayume\/items\/fbd4fd2ccd88c88079e7",
                "image_width": 476,
                "image_height": 250,
                "image_bytes": 62740,
                "service_icon": "https:\/\/cdn.qiita.com\/assets\/favicons\/public\/apple-touch-icon-ec5ba42a24ae923f16825592efdc356f.png",
                "id": 1,
                "original_url": "https:\/\/qiita.com\/yumenomatayume\/items\/fbd4fd2ccd88c88079e7"
            }
        ],
        "edited": {
            "user": "BG3N7LG73",
            "ts": "1622175997.000000"
        }
    },
    {
        "type": "message",
        "subtype": "bot_message",
        "text": "<https:\/\/www.google.com\/url?rct=j&amp;sa=t&amp;url=https:\/\/japan.zdnet.com\/article\/35171398\/&amp;ct=ga&amp;cd=CAIyHDMwMTY1OGE1ZDI5NDAyNzE6Y28uanA6amE6SlA&amp;usg=AFQjCNEzkUFo9qj43OltmSkpvHDx9Ba4VA|「&lt;b&gt;Terraform&lt;\/b&gt;」など開発のHashiCorp、日本市場での事業拡大戦略を発表>\n同社が手掛けるOSSとしては、コードベースでITインフラを管理する「Terraform」や仮想マシンイメージ作成・管理の「Packer」が、クラウド環境 ...",
        "ts": "1622179417.020600",
        "username": "Google アラート - terraform",
        "icons": {
            "image_36": "https:\/\/a.slack-edge.com\/80588\/img\/services\/rss_36.png",
            "image_48": "https:\/\/a.slack-edge.com\/80588\/img\/services\/rss_48.png",
            "image_72": "https:\/\/a.slack-edge.com\/80588\/img\/services\/rss_72.png"
        },
        "bot_id": "BG3N7LG73"
    },
    {
        "type": "message",
        "subtype": "bot_message",
        "text": "<https:\/\/www.google.com\/url?rct=j&amp;sa=t&amp;url=https:\/\/japan.techrepublic.com\/article\/35171439.htm&amp;ct=ga&amp;cd=CAIyHDMwMTY1OGE1ZDI5NDAyNzE6Y28uanA6amE6SlA&amp;usg=AFQjCNEfhzDLJcsX3omxqgKKmt4cyT90Cw|クラウドインフラ自動化「&lt;b&gt;Terraform&lt;\/b&gt;」のHashiCorp、日本市場での事業拡大目指す>\nマルチクラウド・プロビジョニング（運用）の「HashiCorp Terraform」、マルチクラウドのセキュリティ基盤をなす「HashiCorp Vault」などを提供 ...",
        "ts": "1622179417.020700",
        "username": "Google アラート - terraform",
        "icons": {
            "image_36": "https:\/\/a.slack-edge.com\/80588\/img\/services\/rss_36.png",
            "image_48": "https:\/\/a.slack-edge.com\/80588\/img\/services\/rss_48.png",
            "image_72": "https:\/\/a.slack-edge.com\/80588\/img\/services\/rss_72.png"
        },
        "bot_id": "BG3N7LG73"
    },
    {
        "type": "message",
        "subtype": "bot_message",
        "text": "<https:\/\/www.reddit.com\/r\/Terraform\/comments\/nmqwe1\/multiple_ec2_instances_with_the_same_name_are\/|Multiple EC2 instances with the same name are being launched in aws when using tf script. I used the code from terraform.io directory. Any suggestions\/ advise ?>\nsubmitted by   <https:\/\/www.reddit.com\/user\/shaitaaaann| \/u\/shaitaaaann > \n<https:\/\/www.reddit.com\/r\/Terraform\/comments\/nmqwe1\/multiple_ec2_instances_with_the_same_name_are\/|[link]>   <https:\/\/www.reddit.com\/r\/Terraform\/comments\/nmqwe1\/multiple_ec2_instances_with_the_same_name_are\/|[comments]>",
        "ts": "1622181399.020800",
        "username": "Terraform",
        "icons": {
            "image_48": "https:\/\/s3-us-west-2.amazonaws.com\/slack-files2\/bot_icons\/2019-02-12\/548785199618_48.png"
        },
        "bot_id": "BG3N7LG73",
        "attachments": [
            {
                "service_name": "reddit",
                "title": "Multiple EC2 instances with the same name are being launched in aws when using tf script. I used the code from terraform.io directory. Any suggestions\/ advise ?",
                "title_link": "https:\/\/www.reddit.com\/r\/Terraform\/comments\/nmqwe1\/multiple_ec2_instances_with_the_same_name_are\/",
                "text": "Posted in r\/Terraform by u\/shaitaaaann • 0 points and 0 comments",
                "fallback": "reddit: Multiple EC2 instances with the same name are being launched in aws when using tf script. I used the code from terraform.io directory. Any suggestions\/ advise ?",
                "thumb_url": "https:\/\/www.redditstatic.com\/new-icon.png",
                "from_url": "https:\/\/www.reddit.com\/r\/Terraform\/comments\/nmqwe1\/multiple_ec2_instances_with_the_same_name_are\/",
                "thumb_width": 256,
                "thumb_height": 256,
                "service_icon": "http:\/\/www.redditstatic.com\/desktop2x\/img\/favicon\/apple-icon-57x57.png",
                "id": 1,
                "original_url": "https:\/\/www.reddit.com\/r\/Terraform\/comments\/nmqwe1\/multiple_ec2_instances_with_the_same_name_are\/"
            },
            {
                "title": "overview for shaitaaaann",
                "title_link": "https:\/\/www.reddit.com\/user\/shaitaaaann",
                "text": "The u\/shaitaaaann community on Reddit. Reddit gives you the best of the internet in one place.",
                "fallback": "overview for shaitaaaann",
                "from_url": "https:\/\/www.reddit.com\/user\/shaitaaaann",
                "service_icon": "http:\/\/www.redditstatic.com\/desktop2x\/img\/favicon\/apple-icon-57x57.png",
                "service_name": "reddit.com",
                "id": 2,
                "original_url": "https:\/\/www.reddit.com\/user\/shaitaaaann"
            }
        ],
        "edited": {
            "user": "BG3N7LG73",
            "ts": "1622181400.000000"
        }
    }
]