[
    {
        "type": "message",
        "subtype": "bot_message",
        "text": "<https:\/\/qiita.com\/yuta_vamdemic\/items\/7061abde384f9f16848d|Github Actionsでmasterにpushされたらterraform applyするCIを作る>\nやりたいこと\n\n\nmainブランチにpushされたら、fmtされているかチェックしてterraform applyを実行する\n\n\n\n用意するファイル\n\n\n\n.github\/workflows\/にyamlファイルをセットするのみでいい\njobsの上から実行されて、一つでも失敗するとGithubActionsがエラーになる\nディレクトリを指定する場合は、working-directory: .\/deployment\/terraformのようにする（run cdとかではない）\n次の例はdevelopmentとproductionのWorkspaceを利用している環境\naws userを作成しクレデンシャルを控えておく\n\n\n\ngithub\/workflows\/ci-master.yml\nname: ci-master\n\non:\n  push:\n    branches: [ main ]\n  pull_request:\n    branches: [ main ]\n\njobs:\n  terraform:\n    name: Terraform\n    runs-on:...",
        "ts": "1620029798.065700",
        "username": "Terraformタグが付けられた新着記事 - Qiita",
        "icons": {
            "image_36": "https:\/\/a.slack-edge.com\/80588\/img\/services\/rss_36.png",
            "image_48": "https:\/\/a.slack-edge.com\/80588\/img\/services\/rss_48.png",
            "image_72": "https:\/\/a.slack-edge.com\/80588\/img\/services\/rss_72.png"
        },
        "bot_id": "BG3N7LG73",
        "attachments": [
            {
                "service_name": "Qiita",
                "title": "Github Actionsでmasterにpushされたらterraform applyするCIを作る - Qiita",
                "title_link": "https:\/\/qiita.com\/yuta_vamdemic\/items\/7061abde384f9f16848d",
                "text": "やりたいこと mainブランチにpushされたら、fmtされているかチェックしてterraform applyを実行する 用意するファイル .github\/workflows\/にyamlファイルをセットするのみでい...",
                "fallback": "Qiita: Github Actionsでmasterにpushされたらterraform applyするCIを作る - Qiita",
                "image_url": "https:\/\/qiita-user-contents.imgix.net\/https%3A%2F%2Fcdn.qiita.com%2Fassets%2Fpublic%2Farticle-ogp-background-1150d8b18a7c15795b701a55ae908f94.png?ixlib=rb-4.0.0&w=1200&mark=https%3A%2F%2Fqiita-user-contents.imgix.net%2F~text%3Fixlib%3Drb-4.0.0%26w%3D840%26h%3D380%26txt%3DGithub%2520Actions%25E3%2581%25A7master%25E3%2581%25ABpush%25E3%2581%2595%25E3%2582%258C%25E3%2581%259F%25E3%2582%2589terraform%2520apply%25E3%2581%2599%25E3%2582%258BCI%25E3%2582%2592%25E4%25BD%259C%25E3%2582%258B%26txt-color%3D%2523333%26txt-font%3DHiragino%2520Sans%2520W6%26txt-size%3D54%26txt-clip%3Dellipsis%26txt-align%3Dcenter%252Cmiddle%26s%3D240797f9fcb0519de7fa2a41f46694ec&mark-align=center%2Cmiddle&blend=https%3A%2F%2Fqiita-user-contents.imgix.net%2F~text%3Fixlib%3Drb-4.0.0%26w%3D840%26h%3D500%26txt%3D%2540yuta_vamdemic%26txt-color%3D%2523333%26txt-font%3DHiragino%2520Sans%2520W6%26txt-size%3D45%26txt-align%3Dright%252Cbottom%26s%3D4b450ee2d263e4362a28809f2f1ee980&blend-align=center%2Cmiddle&blend-mode=normal&s=721b53626e2df20f792636c2c2dc20fa",
                "from_url": "https:\/\/qiita.com\/yuta_vamdemic\/items\/7061abde384f9f16848d",
                "image_width": 476,
                "image_height": 250,
                "image_bytes": 66438,
                "service_icon": "https:\/\/cdn.qiita.com\/assets\/favicons\/public\/apple-touch-icon-ec5ba42a24ae923f16825592efdc356f.png",
                "id": 1,
                "original_url": "https:\/\/qiita.com\/yuta_vamdemic\/items\/7061abde384f9f16848d"
            }
        ],
        "edited": {
            "user": "BG3N7LG73",
            "ts": "1620029798.000000"
        }
    },
    {
        "type": "message",
        "subtype": "bot_message",
        "text": "<https:\/\/www.reddit.com\/r\/Terraform\/comments\/n3z7bu\/terraform_aws_ec2_instance_resource_has_issues\/|Terraform AWS Ec2 Instance Resource has Issues with Nested EBS>\nTerraform's Ec2 resource has issues around nested EBS volumes (like destroy-your-instance problems), but you can mitigate them with specific configuration. So you can teach your whole team or... use this module?  <https:\/\/faun.pub\/lets-do-devops-terraform-aws-ec2-module-required-b80180dc13ec|https:\/\/faun.pub\/lets-do-devops-terraform-aws-ec2-module-required-b80180dc13ec>    submitted by   <https:\/\/www.reddit.com\/user\/Kymidd| \/u\/Kymidd > \n&lt;a...",
        "ts": "1620057402.065900",
        "username": "Terraform",
        "icons": {
            "image_48": "https:\/\/s3-us-west-2.amazonaws.com\/slack-files2\/bot_icons\/2019-02-12\/548785199618_48.png"
        },
        "bot_id": "BG3N7LG73",
        "attachments": [
            {
                "service_name": "reddit",
                "title": "Terraform AWS Ec2 Instance Resource has Issues with Nested EBS",
                "title_link": "https:\/\/www.reddit.com\/r\/Terraform\/comments\/n3z7bu\/terraform_aws_ec2_instance_resource_has_issues\/",
                "text": "Terraform's Ec2 resource has issues around nested EBS volumes (like destroy-your-instance problems), but you can mitigate them with specific...",
                "fallback": "reddit: Terraform AWS Ec2 Instance Resource has Issues with Nested EBS",
                "thumb_url": "https:\/\/www.redditstatic.com\/new-icon.png",
                "from_url": "https:\/\/www.reddit.com\/r\/Terraform\/comments\/n3z7bu\/terraform_aws_ec2_instance_resource_has_issues\/",
                "thumb_width": 256,
                "thumb_height": 256,
                "service_icon": "http:\/\/www.redditstatic.com\/desktop2x\/img\/favicon\/apple-icon-57x57.png",
                "id": 1,
                "original_url": "https:\/\/www.reddit.com\/r\/Terraform\/comments\/n3z7bu\/terraform_aws_ec2_instance_resource_has_issues\/"
            },
            {
                "service_name": "Medium",
                "title": "Let’s Do DevOps: Terraform AWS Ec2 Module (Required)",
                "title_link": "https:\/\/faun.pub\/lets-do-devops-terraform-aws-ec2-module-required-b80180dc13ec",
                "text": "Hey all!",
                "fallback": "Medium: Let’s Do DevOps: Terraform AWS Ec2 Module (Required)",
                "image_url": "https:\/\/miro.medium.com\/max\/1200\/1*fr5hx5lvwUP3fDA9MPmnAg.png",
                "fields": [
                    {
                        "title": "Reading time",
                        "value": "4 min read",
                        "short": true
                    }
                ],
                "ts": 1620050119,
                "from_url": "https:\/\/faun.pub\/lets-do-devops-terraform-aws-ec2-module-required-b80180dc13ec",
                "image_width": 651,
                "image_height": 250,
                "image_bytes": 187974,
                "service_icon": "https:\/\/miro.medium.com\/fit\/c\/152\/152\/1*sHhtYhaCe2Uc3IU0IgKwIQ.png",
                "id": 2,
                "original_url": "https:\/\/faun.pub\/lets-do-devops-terraform-aws-ec2-module-required-b80180dc13ec"
            },
            {
                "title": "overview for Kymidd",
                "title_link": "https:\/\/www.reddit.com\/user\/Kymidd",
                "text": "NetDevSecOps, business owner, Pluralsight author. Fascinated with computer security and privacy policy. Teacher. He\/Him.",
                "fallback": "overview for Kymidd",
                "from_url": "https:\/\/www.reddit.com\/user\/Kymidd",
                "service_icon": "http:\/\/www.redditstatic.com\/desktop2x\/img\/favicon\/apple-icon-57x57.png",
                "service_name": "reddit.com",
                "id": 3,
                "original_url": "https:\/\/www.reddit.com\/user\/Kymidd"
            }
        ],
        "edited": {
            "user": "BG3N7LG73",
            "ts": "1620057402.000000"
        }
    },
    {
        "type": "message",
        "subtype": "bot_message",
        "text": "<https:\/\/www.reddit.com\/r\/Terraform\/comments\/n3zjjx\/study_for_terraform_cert_and_apply_to_azure_and\/|Study for Terraform Cert and Apply to Azure and AWS and course options>\nhey guys I work for a Cloud provider and we do a lot of the same projects every month, for example I work on this kind of project at least twice a month Customer needs VMs, VPN and Backup in Azure or similar in AWS, so I deploy this kind of repetitive projects like I said twice a month or more. So I want to learn and certify in Terraform to automate these projects and have them ready faster \/ keep names for resources under a nomenclature \/ and less prompt to little mistakes during...",
        "ts": "1620057402.066000",
        "username": "Terraform",
        "icons": {
            "image_48": "https:\/\/s3-us-west-2.amazonaws.com\/slack-files2\/bot_icons\/2019-02-12\/548785199618_48.png"
        },
        "bot_id": "BG3N7LG73",
        "attachments": [
            {
                "service_name": "reddit",
                "title": "Study for Terraform Cert and Apply to Azure and AWS and course options",
                "title_link": "https:\/\/www.reddit.com\/r\/Terraform\/comments\/n3zjjx\/study_for_terraform_cert_and_apply_to_azure_and\/",
                "text": "hey guys I work for a Cloud provider and we do a lot of the same projects every month, for example I work on this kind of project at least twice...",
                "fallback": "reddit: Study for Terraform Cert and Apply to Azure and AWS and course options",
                "thumb_url": "https:\/\/www.redditstatic.com\/new-icon.png",
                "from_url": "https:\/\/www.reddit.com\/r\/Terraform\/comments\/n3zjjx\/study_for_terraform_cert_and_apply_to_azure_and\/",
                "thumb_width": 256,
                "thumb_height": 256,
                "service_icon": "http:\/\/www.redditstatic.com\/desktop2x\/img\/favicon\/apple-icon-57x57.png",
                "id": 1,
                "original_url": "https:\/\/www.reddit.com\/r\/Terraform\/comments\/n3zjjx\/study_for_terraform_cert_and_apply_to_azure_and\/"
            }
        ],
        "edited": {
            "user": "BG3N7LG73",
            "ts": "1620057402.000000"
        }
    },
    {
        "type": "message",
        "subtype": "bot_message",
        "text": "<https:\/\/www.reddit.com\/r\/Terraform\/comments\/n433xk\/how_to_actually_run_acceptance_tests\/|How to actually *run* acceptance tests>\n<https:\/\/www.terraform.io\/docs\/extend\/testing\/acceptance-tests\/index.html|The documentation> for acceptance tests doesn't actually tell you much about how to run them. I'm testing a local provider but whenever I try to run it, it tells me it can't find the provider and that I need to run terraform init: ``` API server listening at: [::]:61566 === RUN TestAccMyProviderPower_basic resource_myprovider_resource.go:12: Step 1\/1 error: Error running pre-apply refresh: Error: Could not...",
        "ts": "1620066398.066300",
        "username": "Terraform",
        "icons": {
            "image_48": "https:\/\/s3-us-west-2.amazonaws.com\/slack-files2\/bot_icons\/2019-02-12\/548785199618_48.png"
        },
        "bot_id": "BG3N7LG73",
        "attachments": [
            {
                "service_name": "reddit",
                "title": "How to actually *run* acceptance tests",
                "title_link": "https:\/\/www.reddit.com\/r\/Terraform\/comments\/n433xk\/how_to_actually_run_acceptance_tests\/",
                "text": "[The documentation](<https:\/\/www.terraform.io\/docs\/extend\/testing\/acceptance-tests\/index.html>) for acceptance tests doesn't actually tell you much...",
                "fallback": "reddit: How to actually *run* acceptance tests",
                "thumb_url": "https:\/\/www.redditstatic.com\/new-icon.png",
                "from_url": "https:\/\/www.reddit.com\/r\/Terraform\/comments\/n433xk\/how_to_actually_run_acceptance_tests\/",
                "thumb_width": 256,
                "thumb_height": 256,
                "service_icon": "http:\/\/www.redditstatic.com\/desktop2x\/img\/favicon\/apple-icon-57x57.png",
                "id": 1,
                "original_url": "https:\/\/www.reddit.com\/r\/Terraform\/comments\/n433xk\/how_to_actually_run_acceptance_tests\/"
            },
            {
                "service_name": "Terraform by HashiCorp",
                "title": "Extending Terraform - Acceptance Testing - Terraform by HashiCorp",
                "title_link": "https:\/\/www.terraform.io\/docs\/extend\/testing\/acceptance-tests\/index.html",
                "text": "Extending Terraform is a section for content dedicated to developing Plugins to extend Terraform's core offering.",
                "fallback": "Terraform by HashiCorp: Extending Terraform - Acceptance Testing - Terraform by HashiCorp",
                "thumb_url": "https:\/\/www.terraform.io\/assets\/images\/og-image-8b3e4f7d.png",
                "from_url": "https:\/\/www.terraform.io\/docs\/extend\/testing\/acceptance-tests\/index.html",
                "thumb_width": 712,
                "thumb_height": 712,
                "service_icon": "https:\/\/www.terraform.io\/assets\/images\/favicons\/apple-touch-icon-13180a24.png",
                "id": 2,
                "original_url": "https:\/\/www.terraform.io\/docs\/extend\/testing\/acceptance-tests\/index.html"
            }
        ],
        "edited": {
            "user": "BG3N7LG73",
            "ts": "1620066399.000000"
        }
    },
    {
        "type": "message",
        "subtype": "bot_message",
        "text": "<https:\/\/www.reddit.com\/r\/Terraform\/comments\/n4dpvu\/help_with_tf_modules_variable_maps\/|help with tf modules variable maps>\nI am missing something as the resources I want to build using a module that creates resources based on object maps is not picking up my maps.... how can I debug to see if those var maps are building properly? what did I miss? I think it should work but if only I could see how tf initializes those? as for now, it looks like, it is just ignoring those as they were empty. or perhaps add a debug stop? ​ ├───backend_config ├───modules │ └───virtual-machines └───terraform_config and so, I have a...",
        "ts": "1620095795.066500",
        "username": "Terraform",
        "icons": {
            "image_48": "https:\/\/s3-us-west-2.amazonaws.com\/slack-files2\/bot_icons\/2019-02-12\/548785199618_48.png"
        },
        "bot_id": "BG3N7LG73",
        "attachments": [
            {
                "service_name": "reddit",
                "title": "help with tf modules variable maps",
                "title_link": "https:\/\/www.reddit.com\/r\/Terraform\/comments\/n4dpvu\/help_with_tf_modules_variable_maps\/",
                "text": "I am missing something as the resources I want to build using a module that creates resources based on object maps is not picking up my...",
                "fallback": "reddit: help with tf modules variable maps",
                "thumb_url": "https:\/\/www.redditstatic.com\/new-icon.png",
                "from_url": "https:\/\/www.reddit.com\/r\/Terraform\/comments\/n4dpvu\/help_with_tf_modules_variable_maps\/",
                "thumb_width": 256,
                "thumb_height": 256,
                "service_icon": "http:\/\/www.redditstatic.com\/desktop2x\/img\/favicon\/apple-icon-57x57.png",
                "id": 1,
                "original_url": "https:\/\/www.reddit.com\/r\/Terraform\/comments\/n4dpvu\/help_with_tf_modules_variable_maps\/"
            }
        ],
        "edited": {
            "user": "BG3N7LG73",
            "ts": "1620095796.000000"
        }
    },
    {
        "type": "message",
        "subtype": "bot_message",
        "text": "<https:\/\/www.reddit.com\/r\/Terraform\/comments\/n4e3ca\/for_each_from_a_tuple_object\/|for_each from a tuple object>\nHey guys, First post hereI usually use the following format to fill variables in a json format: variables.json { \"vms\": { \"vm1\":{ \"instance_type\": \"t2.medium\", \"root_block_device\":{ \"disk1\":{ \"volume_size\": \"40\" } } }, \"vm2\":{ \"instance_type\": \"t2.medium\", \"root_block_device\":{ \"disk1\":{ \"volume_size\": \"40\" } } } } In the Resource declaration, I use for each loop like resource \"aws_instance\" \"web\" { for_each = var.vms instance_type = each.value.instance_type dynamic \"root_block_device\" {...",
        "ts": "1620096397.066700",
        "username": "Terraform",
        "icons": {
            "image_48": "https:\/\/s3-us-west-2.amazonaws.com\/slack-files2\/bot_icons\/2019-02-12\/548785199618_48.png"
        },
        "bot_id": "BG3N7LG73",
        "attachments": [
            {
                "service_name": "reddit",
                "title": "for_each from a tuple object",
                "title_link": "https:\/\/www.reddit.com\/r\/Terraform\/comments\/n4e3ca\/for_each_from_a_tuple_object\/",
                "text": "Hey guys, First post hereI usually use the following format to fill variables in a json format: variables.json { \"vms\": { ...",
                "fallback": "reddit: for_each from a tuple object",
                "thumb_url": "https:\/\/www.redditstatic.com\/new-icon.png",
                "from_url": "https:\/\/www.reddit.com\/r\/Terraform\/comments\/n4e3ca\/for_each_from_a_tuple_object\/",
                "thumb_width": 256,
                "thumb_height": 256,
                "service_icon": "http:\/\/www.redditstatic.com\/desktop2x\/img\/favicon\/apple-icon-57x57.png",
                "id": 1,
                "original_url": "https:\/\/www.reddit.com\/r\/Terraform\/comments\/n4e3ca\/for_each_from_a_tuple_object\/"
            }
        ],
        "edited": {
            "user": "BG3N7LG73",
            "ts": "1620096398.000000"
        }
    },
    {
        "type": "message",
        "subtype": "bot_message",
        "text": "<https:\/\/www.reddit.com\/r\/Terraform\/comments\/n4fv23\/terraform_usability\/|Terraform Usability>\nHi all, First time poster to reddit ever ... although I had a photo of my pugs (safely) buried in cool sand on a hot day that went viral from Twitter to Imgur to <https:\/\/www.reddit.com\/r\/photoshopbattles\/comments\/32kgjy\/psbattle_these_pugs_heads_bodies_are_buried_in\/|reddit six years ago> :sob:If I've posted this incorrectly or it's not in alignment with the rules, please delete, ban, and help me learn, and laugh. I was wondering if 1-2 people might have time to share feedback on...",
        "ts": "1620102403.066900",
        "username": "Terraform",
        "icons": {
            "image_48": "https:\/\/s3-us-west-2.amazonaws.com\/slack-files2\/bot_icons\/2019-02-12\/548785199618_48.png"
        },
        "bot_id": "BG3N7LG73",
        "attachments": [
            {
                "service_name": "reddit",
                "title": "Terraform Usability",
                "title_link": "https:\/\/www.reddit.com\/r\/Terraform\/comments\/n4fv23\/terraform_usability\/",
                "text": "Hi all, First time poster to reddit ever ... although I had a photo of my pugs (safely) buried in cool sand on a hot day that went viral from...",
                "fallback": "reddit: Terraform Usability",
                "thumb_url": "https:\/\/www.redditstatic.com\/new-icon.png",
                "from_url": "https:\/\/www.reddit.com\/r\/Terraform\/comments\/n4fv23\/terraform_usability\/",
                "thumb_width": 256,
                "thumb_height": 256,
                "service_icon": "http:\/\/www.redditstatic.com\/desktop2x\/img\/favicon\/apple-icon-57x57.png",
                "id": 1,
                "original_url": "https:\/\/www.reddit.com\/r\/Terraform\/comments\/n4fv23\/terraform_usability\/"
            },
            {
                "service_name": "reddit",
                "title": "PsBattle: These pugs' heads (bodies are buried in sand).",
                "title_link": "https:\/\/www.reddit.com\/r\/photoshopbattles\/comments\/32kgjy\/psbattle_these_pugs_heads_bodies_are_buried_in\/",
                "text": "Posted in r\/photoshopbattles by u\/L1amas • 560 points and 44 comments",
                "fallback": "reddit: PsBattle: These pugs' heads (bodies are buried in sand).",
                "image_url": "https:\/\/external-preview.redd.it\/puYvWs4ZznnAeiAwfHuLiwSrb5hb0XirqIWKncTiBP0.jpg?width=1024&height=536.12565445&auto=webp&crop=1024:536.12565445,smart&s=a029a6426420bdff39f8702f9b781875ba42f4bb",
                "image_width": 478,
                "image_height": 250,
                "from_url": "https:\/\/www.reddit.com\/r\/photoshopbattles\/comments\/32kgjy\/psbattle_these_pugs_heads_bodies_are_buried_in\/",
                "image_bytes": 139493,
                "service_icon": "http:\/\/www.redditstatic.com\/desktop2x\/img\/favicon\/apple-icon-57x57.png",
                "id": 2,
                "original_url": "https:\/\/www.reddit.com\/r\/photoshopbattles\/comments\/32kgjy\/psbattle_these_pugs_heads_bodies_are_buried_in\/"
            }
        ],
        "edited": {
            "user": "BG3N7LG73",
            "ts": "1620102403.000000"
        }
    }
]