[
    {
        "type": "message",
        "subtype": "bot_message",
        "text": "<https:\/\/qiita.com\/neruneruo\/items\/e75b19b945acfd2ae56c|TerraformでAWS App Runnerを爆速構築してみる>\nはじめに\n\n2021\/5\/19に突如登場したAWSの新サービス。\nこれまで ECS Fargate や Lambda といった実行基盤と同じような感じで、高い抽象度で数クリックでお手軽に構築できることがウリだ。\n\nしかも、なんとローンチのその日のうちに Terraform がキャッチアップしてるではないか！\n\nこれは、これまでそこそこ大変だったコンテナ環境の構築がどれくらいお手軽になったのか試さないワケにはいかないだろう！\n\n\nコンテンツとコンテナの準備\n\n今回は、自分で作った Nginx の Web サービスを公開するという前提にしてみよう。\nなので、テキトーなコンテンツを作って Nginx のコンテナに詰め込むようにする。\n\n\ncontents\/index.html\n\n  \n    \n    はじめてのTerraform＋AppRunner\n  \n  \n    Terraform＋AppRunnerでNginx起動成功！\n  \n\n\n\n\n\nDockerfile\nFROM nginx:1.20-alpine\n\n# copy static contents\nCOPY...",
        "ts": "1621688794.008900",
        "username": "Terraformタグが付けられた新着記事 - Qiita",
        "icons": {
            "image_36": "https:\/\/a.slack-edge.com\/80588\/img\/services\/rss_36.png",
            "image_48": "https:\/\/a.slack-edge.com\/80588\/img\/services\/rss_48.png",
            "image_72": "https:\/\/a.slack-edge.com\/80588\/img\/services\/rss_72.png"
        },
        "bot_id": "BG3N7LG73",
        "attachments": [
            {
                "service_name": "Qiita",
                "title": "TerraformでAWS App Runnerを爆速構築してみる - Qiita",
                "title_link": "https:\/\/qiita.com\/neruneruo\/items\/e75b19b945acfd2ae56c",
                "text": "はじめに 2021\/5\/19に突如登場したAWSの新サービス。 これまで ECS Fargate や Lambda といった実行基盤と同じような感じで、高い抽象度で数クリックでお手軽に構築できることがウリだ。 しかも、なんとロ...",
                "fallback": "Qiita: TerraformでAWS App Runnerを爆速構築してみる - Qiita",
                "image_url": "https:\/\/qiita-user-contents.imgix.net\/https%3A%2F%2Fcdn.qiita.com%2Fassets%2Fpublic%2Farticle-ogp-background-1150d8b18a7c15795b701a55ae908f94.png?ixlib=rb-4.0.0&w=1200&mark=https%3A%2F%2Fqiita-user-contents.imgix.net%2F~text%3Fixlib%3Drb-4.0.0%26w%3D840%26h%3D380%26txt%3DTerraform%25E3%2581%25A7AWS%2520App%2520Runner%25E3%2582%2592%25E7%2588%2586%25E9%2580%259F%25E6%25A7%258B%25E7%25AF%2589%25E3%2581%2597%25E3%2581%25A6%25E3%2581%25BF%25E3%2582%258B%26txt-color%3D%2523333%26txt-font%3DHiragino%2520Sans%2520W6%26txt-size%3D54%26txt-clip%3Dellipsis%26txt-align%3Dcenter%252Cmiddle%26s%3D001db87231af8409c649f562543a1d88&mark-align=center%2Cmiddle&blend=https%3A%2F%2Fqiita-user-contents.imgix.net%2F~text%3Fixlib%3Drb-4.0.0%26w%3D840%26h%3D500%26txt%3D%2540neruneruo%26txt-color%3D%2523333%26txt-font%3DHiragino%2520Sans%2520W6%26txt-size%3D45%26txt-align%3Dright%252Cbottom%26s%3D73e2b662f3274258a09efeb56c67c55e&blend-align=center%2Cmiddle&blend-mode=normal&s=675a276e62b25d03b7c7c84e867c6edf",
                "from_url": "https:\/\/qiita.com\/neruneruo\/items\/e75b19b945acfd2ae56c",
                "image_width": 476,
                "image_height": 250,
                "image_bytes": 48263,
                "service_icon": "https:\/\/cdn.qiita.com\/assets\/favicons\/public\/apple-touch-icon-ec5ba42a24ae923f16825592efdc356f.png",
                "id": 1,
                "original_url": "https:\/\/qiita.com\/neruneruo\/items\/e75b19b945acfd2ae56c"
            }
        ],
        "edited": {
            "user": "BG3N7LG73",
            "ts": "1621688795.000000"
        }
    },
    {
        "type": "message",
        "subtype": "bot_message",
        "text": "<https:\/\/www.reddit.com\/r\/Terraform\/comments\/nix49k\/been_experimenting_with_caching_providers_when\/|Been experimenting with caching providers when running Terraform under GitHub Actions>\nThis has been working pretty well (shaving a few seconds off \"terraform init\" operations) - dropping required providers for a configuration into the GA workflow cache.  Thought others might like the idea: <https:\/\/github.com\/magnetikonline\/terraform-github-action-cache-example|https:\/\/github.com\/magnetikonline\/terraform-github-action-cache-example>    submitted by   <https:\/\/www.reddit.com\/user\/magnetik79| \/u\/magnetik79 > \n&lt;a...",
        "ts": "1621736196.009100",
        "username": "Terraform",
        "icons": {
            "image_48": "https:\/\/s3-us-west-2.amazonaws.com\/slack-files2\/bot_icons\/2019-02-12\/548785199618_48.png"
        },
        "bot_id": "BG3N7LG73",
        "attachments": [
            {
                "service_name": "reddit",
                "title": "Been experimenting with caching providers when running Terraform under GitHub Actions",
                "title_link": "https:\/\/www.reddit.com\/r\/Terraform\/comments\/nix49k\/been_experimenting_with_caching_providers_when\/",
                "text": "This has been working pretty well (shaving a few seconds off \"terraform init\" operations) - dropping required providers for a configuration into...",
                "fallback": "reddit: Been experimenting with caching providers when running Terraform under GitHub Actions",
                "thumb_url": "https:\/\/www.redditstatic.com\/new-icon.png",
                "from_url": "https:\/\/www.reddit.com\/r\/Terraform\/comments\/nix49k\/been_experimenting_with_caching_providers_when\/",
                "thumb_width": 256,
                "thumb_height": 256,
                "service_icon": "http:\/\/www.redditstatic.com\/desktop2x\/img\/favicon\/apple-icon-57x57.png",
                "id": 1,
                "original_url": "https:\/\/www.reddit.com\/r\/Terraform\/comments\/nix49k\/been_experimenting_with_caching_providers_when\/"
            },
            {
                "service_name": "GitHub",
                "title": "magnetikonline\/terraform-github-action-cache-example",
                "title_link": "https:\/\/github.com\/magnetikonline\/terraform-github-action-cache-example",
                "text": "An implementation of caching Terraform providers within a GitHub Actions Workflow run to improve execution times. - magnetikonline\/terraform-github-action-cache-example",
                "fallback": "GitHub: magnetikonline\/terraform-github-action-cache-example",
                "image_url": "https:\/\/opengraph.githubassets.com\/c364192a90473963eee995da3d59a3be5a6019d7ace2a08271199d4e4b05a5ad\/magnetikonline\/terraform-github-action-cache-example",
                "image_width": 500,
                "image_height": 250,
                "from_url": "https:\/\/github.com\/magnetikonline\/terraform-github-action-cache-example",
                "image_bytes": 97035,
                "service_icon": "https:\/\/a.slack-edge.com\/80588\/img\/unfurl_icons\/github.png",
                "id": 2,
                "original_url": "https:\/\/github.com\/magnetikonline\/terraform-github-action-cache-example"
            },
            {
                "title": "reddit.com: over 18?",
                "title_link": "https:\/\/www.reddit.com\/user\/magnetik79",
                "text": "Reddit gives you the best of the internet in one place. Get a constantly updating feed of breaking news, fun stories, pics, memes, and videos just for you. Passionate about something niche? Reddit has thousands of vibrant communities with people that share your interests. Alternatively, find out what’s trending across all of Reddit on r\/popular. Reddit is also anonymous so you can be yourself, with your Reddit profile and persona disconnected from your real-world identity.",
                "fallback": "reddit.com: over 18?",
                "from_url": "https:\/\/www.reddit.com\/user\/magnetik79",
                "service_icon": "http:\/\/www.redditstatic.com\/desktop2x\/img\/favicon\/apple-icon-57x57.png",
                "service_name": "reddit.com",
                "id": 3,
                "original_url": "https:\/\/www.reddit.com\/user\/magnetik79"
            }
        ],
        "edited": {
            "user": "BG3N7LG73",
            "ts": "1621736196.000000"
        }
    },
    {
        "type": "message",
        "subtype": "bot_message",
        "text": "<https:\/\/www.reddit.com\/r\/Terraform\/comments\/niwdfx\/getting_started_with_terraform_how_to_build_an\/|Getting Started with Terraform - How to Build an Azure Lab>\nMorning All, I thought it would be good to make a video on building an Azure Lab with Terraform: <https:\/\/youtu.be\/MOaHQFeYI1Q|https:\/\/youtu.be\/MOaHQFeYI1Q> It's an overview on Terraform and how to get started. I run through a demo and I've got all the build code in GitHub and Scripts to help you get started! Hope this video helps anyone wanting to learn Infrastructure as Code \/ DevOps, I'll be making other videos in the future! Cheers Sunny &lt;a...",
        "ts": "1621736196.009200",
        "username": "Terraform",
        "icons": {
            "image_48": "https:\/\/s3-us-west-2.amazonaws.com\/slack-files2\/bot_icons\/2019-02-12\/548785199618_48.png"
        },
        "bot_id": "BG3N7LG73",
        "attachments": [
            {
                "service_name": "YouTube",
                "service_url": "https:\/\/www.youtube.com\/",
                "title": "EP4 - Build an Azure Lab with Terraform",
                "title_link": "https:\/\/youtu.be\/MOaHQFeYI1Q",
                "author_name": "Someone Else's Cloud",
                "author_link": "https:\/\/www.youtube.com\/c\/SomeoneElsesCloud",
                "thumb_url": "https:\/\/i.ytimg.com\/vi\/MOaHQFeYI1Q\/hqdefault.jpg",
                "thumb_width": 480,
                "thumb_height": 360,
                "fallback": "YouTube Video: EP4 - Build an Azure Lab with Terraform",
                "video_html": "<iframe width=\"400\" height=\"225\" src=\"https:\/\/www.youtube.com\/embed\/MOaHQFeYI1Q?feature=oembed&autoplay=1&iv_load_policy=3\" frameborder=\"0\" allow=\"accelerometer; autoplay; clipboard-write; encrypted-media; gyroscope; picture-in-picture\" allowfullscreen><\/iframe>",
                "video_html_width": 400,
                "video_html_height": 225,
                "from_url": "https:\/\/youtu.be\/MOaHQFeYI1Q",
                "service_icon": "https:\/\/a.slack-edge.com\/80588\/img\/unfurl_icons\/youtube.png",
                "id": 1,
                "original_url": "https:\/\/youtu.be\/MOaHQFeYI1Q"
            }
        ],
        "edited": {
            "user": "BG3N7LG73",
            "ts": "1621736196.000000"
        }
    },
    {
        "type": "message",
        "subtype": "bot_message",
        "text": "<https:\/\/www.reddit.com\/r\/Terraform\/comments\/nj06y5\/need_to_do_kubectl_portforward_in_the_middle_of\/|Need to do `kubectl port-forward` in the middle of deploying K8s resources, but getting stuck...>\nDoes anyone have suggestions on how to run kubectl port-forward in the middle of deploying Kubernetes resources? I'm following this guide to install <https:\/\/banzaicloud.com\/docs\/bank-vaults\/installing\/|Bank Vaults>. I need to port-forward into a Vault pod and import some secrets into Vault. I'm getting stuck with the null_resource.import_vault_data block because of the port-forward command in local-exec. I have tried killing the process at the end but it doesn't work.  ````...",
        "ts": "1621745197.009500",
        "username": "Terraform",
        "icons": {
            "image_48": "https:\/\/s3-us-west-2.amazonaws.com\/slack-files2\/bot_icons\/2019-02-12\/548785199618_48.png"
        },
        "bot_id": "BG3N7LG73",
        "attachments": [
            {
                "service_name": "reddit",
                "title": "Need to do `kubectl port-forward` in the middle of deploying K8s resources, but getting stuck...",
                "title_link": "https:\/\/www.reddit.com\/r\/Terraform\/comments\/nj06y5\/need_to_do_kubectl_portforward_in_the_middle_of\/",
                "text": "Does anyone have suggestions on how to run `kubectl port-forward` in the middle of deploying Kubernetes resources? I'm following this guide to...",
                "fallback": "reddit: Need to do `kubectl port-forward` in the middle of deploying K8s resources, but getting stuck...",
                "thumb_url": "https:\/\/www.redditstatic.com\/new-icon.png",
                "from_url": "https:\/\/www.reddit.com\/r\/Terraform\/comments\/nj06y5\/need_to_do_kubectl_portforward_in_the_middle_of\/",
                "thumb_width": 256,
                "thumb_height": 256,
                "service_icon": "http:\/\/www.redditstatic.com\/desktop2x\/img\/favicon\/apple-icon-57x57.png",
                "id": 1,
                "original_url": "https:\/\/www.reddit.com\/r\/Terraform\/comments\/nj06y5\/need_to_do_kubectl_portforward_in_the_middle_of\/"
            },
            {
                "title": "Getting started · Banzai Cloud",
                "title_link": "https:\/\/banzaicloud.com\/docs\/bank-vaults\/installing\/",
                "text": "Bringing cloud native to the enterprise, simplifying the transition to microservices on Kubernetes",
                "fallback": "Getting started · Banzai Cloud",
                "from_url": "https:\/\/banzaicloud.com\/docs\/bank-vaults\/installing\/",
                "service_icon": "https:\/\/banzaicloud.com\/favicon.ico",
                "service_name": "banzaicloud.com",
                "id": 2,
                "original_url": "https:\/\/banzaicloud.com\/docs\/bank-vaults\/installing\/"
            }
        ],
        "edited": {
            "user": "BG3N7LG73",
            "ts": "1621745198.000000"
        }
    },
    {
        "type": "message",
        "subtype": "bot_message",
        "text": "<https:\/\/www.reddit.com\/r\/Terraform\/comments\/nj0t77\/how_to_stop_terraform_caching_url_and_appending\/|How to stop Terraform caching URL and appending text to output>\nHi folks! I've been having trouble with my Terraform deployment and I tracked it down to two problems. They surround using the \"vancluever\/acme\" provider to generate TLS certs from LetsEncrypt. Terraform seems to be hanging on to the staging URL rather than allowing me to use the production url. You can see below that I've uncommented production and commented staging: ​ provider \"acme\" { server_url = \"<https:\/\/acme-v02.api.letsencrypt.org\/directory>\" #    submitted by",
        "ts": "1621748201.009700",
        "username": "Terraform",
        "icons": {
            "image_48": "https:\/\/s3-us-west-2.amazonaws.com\/slack-files2\/bot_icons\/2019-02-12\/548785199618_48.png"
        },
        "bot_id": "BG3N7LG73",
        "attachments": [
            {
                "service_name": "reddit",
                "title": "How to stop Terraform caching URL and appending text to output",
                "title_link": "https:\/\/www.reddit.com\/r\/Terraform\/comments\/nj0t77\/how_to_stop_terraform_caching_url_and_appending\/",
                "text": "Hi folks! I've been having trouble with my Terraform deployment and I tracked it down to two problems. They surround using the \"vancluever\/acme\"...",
                "fallback": "reddit: How to stop Terraform caching URL and appending text to output",
                "thumb_url": "https:\/\/www.redditstatic.com\/new-icon.png",
                "from_url": "https:\/\/www.reddit.com\/r\/Terraform\/comments\/nj0t77\/how_to_stop_terraform_caching_url_and_appending\/",
                "thumb_width": 256,
                "thumb_height": 256,
                "service_icon": "http:\/\/www.redditstatic.com\/desktop2x\/img\/favicon\/apple-icon-57x57.png",
                "id": 1,
                "original_url": "https:\/\/www.reddit.com\/r\/Terraform\/comments\/nj0t77\/how_to_stop_terraform_caching_url_and_appending\/"
            }
        ],
        "edited": {
            "user": "BG3N7LG73",
            "ts": "1621748202.000000"
        }
    }
]