[
    {
        "client_msg_id": "0e854aa8-afd6-4edf-806c-201d1d7baf7a",
        "type": "message",
        "text": "[宣伝]Terraform Cloud Business Tierに関するWebinarをやります！\nよろしければご参加ください～\n\nお申込みはこちら→<https:\/\/connpass.com\/event\/192581\/>\n\n主催：株式会社ラック　※HashiCorp Sales Partner\n日時：10月29日（木）11:00-11:30\n会場：Zoom\n対象：Business Teirの基本的な機能や導入コストが知りたい方　※職人さん向けではないです笑",
        "user": "U0169G9FY6T",
        "ts": "1602816186.026100",
        "team": "TFU0BKCQP",
        "user_team": "TFU0BKCQP",
        "source_team": "TFU0BKCQP",
        "user_profile": {
            "avatar_hash": "a4e15b3f8499",
            "image_72": "https:\/\/avatars.slack-edge.com\/2020-07-08\/1226928097029_a4e15b3f8499238471d0_72.png",
            "first_name": "",
            "real_name": "maeno yuuki",
            "display_name": "maeno yuuki",
            "team": "TFU0BKCQP",
            "name": "yuki.maeno",
            "is_restricted": false,
            "is_ultra_restricted": false
        },
        "edited": {
            "user": "U0169G9FY6T",
            "ts": "1602817245.000000"
        },
        "attachments": [
            {
                "service_name": "connpass",
                "title": "オンライン開催　新エディションTerraform Cloud Business Tierリリース (2020\/10\/29 11:00〜)",
                "title_link": "https:\/\/connpass.com\/event\/192581\/",
                "text": "マルチクラウド環境でのインフラ構築管理自動化を実現​ Terraformの新エディション『Terraform Cloud Business Tier』リリース​ クラウドのインフラ構築において、コードによる設定変更作業や履歴管理の自動化を行い、スピーディにシステムを立ち上げるInfrastructure as Codeと呼ばれる手法が注目されています。そしてこのInfrastructure as CodeのデファクトスタンダードとされるツールがHashiCorp Terraformです。​ ...",
                "fallback": "connpass: オンライン開催　新エディションTerraform Cloud Business Tierリリース (2020\/10\/29 11:00〜)",
                "image_url": "https:\/\/connpass-tokyo.s3.amazonaws.com\/thumbs\/24\/95\/2495edda0b6c8c5b49c15a4943216e2d.png",
                "from_url": "https:\/\/connpass.com\/event\/192581\/",
                "image_width": 468,
                "image_height": 166,
                "image_bytes": 12656,
                "service_icon": "https:\/\/connpass.com\/static\/img\/apple_touch_icon.png",
                "id": 1,
                "original_url": "https:\/\/connpass.com\/event\/192581\/"
            }
        ],
        "blocks": [
            {
                "type": "rich_text",
                "block_id": "GTY",
                "elements": [
                    {
                        "type": "rich_text_section",
                        "elements": [
                            {
                                "type": "text",
                                "text": "[宣伝]Terraform Cloud Business Tierに関するWebinarをやります！\nよろしければご参加ください～\n\nお申込みはこちら→"
                            },
                            {
                                "type": "link",
                                "url": "https:\/\/connpass.com\/event\/192581\/"
                            },
                            {
                                "type": "text",
                                "text": "\n\n主催：株式会社ラック　※HashiCorp Sales Partner\n日時：10月29日（木）11:00-11:30\n会場：Zoom\n対象：Business Teirの基本的な機能や導入コストが知りたい方　※職人さん向けではないです笑"
                            }
                        ]
                    }
                ]
            }
        ]
    },
    {
        "client_msg_id": "1c94aa7c-1fb3-4640-be1e-237e5c35b464",
        "type": "message",
        "text": "お知らせ： hashicorp 関連のリリース情報の通知先を <#CG2UA0AA2|release> から <#CSSF0UVT7|hashicorp_products> に移動しました。\n大半通知対象にしてるはずだけど抜け漏れあるようなら教えてください。\n※ terraform 自体のリリースも <#CSSF0UVT7|hashicorp_products> に移動しています。\n　 正確には <http:\/\/githab.com\/hashicorp\/|githab.com\/hashicorp\/> のプロダクトが <#CSSF0UVT7|hashicorp_products> に移動した、ということです。\n　 今後の <#CG2UA0AA2|release> は <http:\/\/github.com\/hashicorp|github.com\/hashicorp> 以外の関連プロダクトのリリースが通知されます。\n　 通知したいプロダクトがあればそれも教えてください。",
        "user": "UFU0BKD8F",
        "ts": "1602825287.030000",
        "team": "TFU0BKCQP",
        "user_team": "TFU0BKCQP",
        "source_team": "TFU0BKCQP",
        "user_profile": {
            "avatar_hash": "92c41c62c7b0",
            "image_72": "https:\/\/avatars.slack-edge.com\/2019-01-30\/537137791812_92c41c62c7b0f054d3dd_72.jpg",
            "first_name": "らき",
            "real_name": "らき",
            "display_name": "raki",
            "team": "TFU0BKCQP",
            "name": "nishimuray",
            "is_restricted": false,
            "is_ultra_restricted": false
        },
        "blocks": [
            {
                "type": "rich_text",
                "block_id": "hsFV",
                "elements": [
                    {
                        "type": "rich_text_section",
                        "elements": [
                            {
                                "type": "text",
                                "text": "お知らせ： hashicorp 関連のリリース情報の通知先を "
                            },
                            {
                                "type": "channel",
                                "channel_id": "CG2UA0AA2"
                            },
                            {
                                "type": "text",
                                "text": " から "
                            },
                            {
                                "type": "channel",
                                "channel_id": "CSSF0UVT7"
                            },
                            {
                                "type": "text",
                                "text": " に移動しました。\n大半通知対象にしてるはずだけど抜け漏れあるようなら教えてください。\n※ terraform 自体のリリースも "
                            },
                            {
                                "type": "channel",
                                "channel_id": "CSSF0UVT7"
                            },
                            {
                                "type": "text",
                                "text": " に移動しています。\n　 正確には "
                            },
                            {
                                "type": "link",
                                "url": "http:\/\/githab.com\/hashicorp\/",
                                "text": "githab.com\/hashicorp\/"
                            },
                            {
                                "type": "text",
                                "text": " のプロダクトが "
                            },
                            {
                                "type": "channel",
                                "channel_id": "CSSF0UVT7"
                            },
                            {
                                "type": "text",
                                "text": " に移動した、ということです。\n　 今後の "
                            },
                            {
                                "type": "channel",
                                "channel_id": "CG2UA0AA2"
                            },
                            {
                                "type": "text",
                                "text": " は "
                            },
                            {
                                "type": "link",
                                "url": "http:\/\/github.com\/hashicorp",
                                "text": "github.com\/hashicorp"
                            },
                            {
                                "type": "text",
                                "text": " 以外の関連プロダクトのリリースが通知されます。\n　 通知したいプロダクトがあればそれも教えてください。"
                            }
                        ]
                    }
                ]
            }
        ],
        "reactions": [
            {
                "name": "ありがとうございます",
                "users": [
                    "UGW0ABZLG"
                ],
                "count": 1
            },
            {
                "name": "eyes",
                "users": [
                    "UGW0ABZLG"
                ],
                "count": 1
            },
            {
                "name": "kansha",
                "users": [
                    "UGW0ABZLG"
                ],
                "count": 1
            }
        ]
    }
]