[
    {
        "client_msg_id": "259a902a-b834-4388-a301-34529d17e965",
        "type": "message",
        "text": "<!channel> HashiConf US が本日より始まりました。キーノートを始め全てのセッションが録画されて配信されておりますので、是非、ご覧ください。新製品発表もあります！(英語）<https:\/\/hashiconf.com\/digital-october\/schedule\/>　\n\n10\/15（木）15時〜15時30分で*日本語で新製品発表のミニセッション*を開催します。~（Networld X　イベント内）下記でイベントに登録いただき、弊社のデジタルブースに来ていただくか、~私までお名前、会社名、メールアドレスをDMいただければ、当該セッションのZoomリンクを共有いたします。\n\n*11:52追記：イベント登録大変そうなので、Rumi Oku宛に*SlackでDMいただければ*と思います。イベントも興味あるよ〜という方は、下記情報で登録ください！\n→【お客様はどちらに属しますか？】は「パートナー（販売店）／SIer 様」をチェック。\n→【招待コード】「A01(エーゼロイチ)」と入力願います。\n<https:\/\/www.event-info.jp\/networld-x2020\/>\n\nTerraformだけでなく他の製品のアップデートを確認いただく機会にしていただけると嬉しいです！",
        "user": "UMYT1J2RX",
        "ts": "1602722056.020200",
        "team": "TFU0BKCQP",
        "user_team": "TFU0BKCQP",
        "source_team": "TFU0BKCQP",
        "user_profile": {
            "avatar_hash": "g9e1ca1887f6",
            "image_72": "https:\/\/secure.gravatar.com\/avatar\/59e1ca1887f6751ed6cc67e1eed56a91.jpg?s=72&d=https%3A%2F%2Fa.slack-edge.com%2Fdf10d%2Fimg%2Favatars%2Fava_0010-72.png",
            "first_name": "",
            "real_name": "Rumi Oku",
            "display_name": "",
            "team": "TFU0BKCQP",
            "name": "rumioku",
            "is_restricted": false,
            "is_ultra_restricted": false
        },
        "edited": {
            "user": "UMYT1J2RX",
            "ts": "1602730482.000000"
        },
        "attachments": [
            {
                "title": "HashiConf Digital Schedule",
                "title_link": "https:\/\/hashiconf.com\/digital-october\/schedule\/",
                "fallback": "HashiConf Digital Schedule",
                "image_url": "https:\/\/www.datocms-assets.com\/19447\/1592245479-hcdoctobersharecard-new.jpg",
                "from_url": "https:\/\/hashiconf.com\/digital-october\/schedule\/",
                "image_width": 500,
                "image_height": 250,
                "image_bytes": 195829,
                "service_icon": "https:\/\/www.datocms-assets.com\/19447\/1579679300-favicon.png?h=16&amp;amp;w=16",
                "service_name": "hashiconf.com",
                "id": 1,
                "original_url": "https:\/\/hashiconf.com\/digital-october\/schedule\/"
            },
            {
                "service_name": "ネットワールド",
                "title": "Networld X 2020",
                "title_link": "https:\/\/www.event-info.jp\/networld-x2020\/",
                "fallback": "ネットワールド: Networld X 2020",
                "image_url": "https:\/\/www.event-info.jp\/networld-x2020\/img\/ogimage.jpg",
                "image_width": 476,
                "image_height": 250,
                "from_url": "https:\/\/www.event-info.jp\/networld-x2020\/",
                "image_bytes": 317443,
                "id": 2,
                "original_url": "https:\/\/www.event-info.jp\/networld-x2020\/"
            }
        ],
        "blocks": [
            {
                "type": "rich_text",
                "block_id": "d3EP",
                "elements": [
                    {
                        "type": "rich_text_section",
                        "elements": [
                            {
                                "type": "broadcast",
                                "range": "channel"
                            },
                            {
                                "type": "text",
                                "text": " HashiConf US が本日より始まりました。キーノートを始め全てのセッションが録画されて配信されておりますので、是非、ご覧ください。新製品発表もあります！(英語）"
                            },
                            {
                                "type": "link",
                                "url": "https:\/\/hashiconf.com\/digital-october\/schedule\/"
                            },
                            {
                                "type": "text",
                                "text": "　\n\n10\/15（木）15時〜15時30分で"
                            },
                            {
                                "type": "text",
                                "text": "日本語で新製品発表のミニセッション",
                                "style": {
                                    "bold": true
                                }
                            },
                            {
                                "type": "text",
                                "text": "を開催します。"
                            },
                            {
                                "type": "text",
                                "text": "（Networld X　イベント内）下記でイベントに登録いただき、弊社のデジタルブースに来ていただくか、",
                                "style": {
                                    "strike": true
                                }
                            },
                            {
                                "type": "text",
                                "text": "私までお名前、会社名、メールアドレスをDMいただければ、当該セッションのZoomリンクを共有いたします。\n\n*11:52追記：イベント登録大変そうなので、Rumi Oku宛に"
                            },
                            {
                                "type": "text",
                                "text": "SlackでDMいただければ",
                                "style": {
                                    "bold": true
                                }
                            },
                            {
                                "type": "text",
                                "text": "と思います。イベントも興味あるよ〜という方は、下記情報で登録ください！\n→【お客様はどちらに属しますか？】は「パートナー（販売店）／SIer 様」をチェック。\n→【招待コード】「A01(エーゼロイチ)」と入力願います。\n"
                            },
                            {
                                "type": "link",
                                "url": "https:\/\/www.event-info.jp\/networld-x2020\/"
                            },
                            {
                                "type": "text",
                                "text": "\n\nTerraformだけでなく他の製品のアップデートを確認いただく機会にしていただけると嬉しいです！"
                            }
                        ]
                    }
                ]
            }
        ],
        "thread_ts": "1602722056.020200",
        "reply_count": 6,
        "reply_users_count": 2,
        "latest_reply": "1602730312.023300",
        "reply_users": [
            "UFT60TQCQ",
            "UMYT1J2RX"
        ],
        "replies": [
            {
                "user": "UFT60TQCQ",
                "ts": "1602724089.021100"
            },
            {
                "user": "UFT60TQCQ",
                "ts": "1602724200.021500"
            },
            {
                "user": "UFT60TQCQ",
                "ts": "1602724285.021700"
            },
            {
                "user": "UFT60TQCQ",
                "ts": "1602724322.022100"
            },
            {
                "user": "UMYT1J2RX",
                "ts": "1602730272.023100"
            },
            {
                "user": "UFT60TQCQ",
                "ts": "1602730312.023300"
            }
        ],
        "is_locked": false,
        "subscribed": false,
        "reactions": [
            {
                "name": "heart",
                "users": [
                    "U013E7MRKRP",
                    "UJ0HPTBD2",
                    "UR8TR0GA3",
                    "U0165RJ0R19",
                    "UGXFY0V88",
                    "ULZGFCK46"
                ],
                "count": 6
            },
            {
                "name": "tada",
                "users": [
                    "UGV9YDCVD",
                    "UFU0BKD8F",
                    "UHS4SFFA7",
                    "UGW0ABZLG",
                    "UJ0HPTBD2",
                    "ULFK57XL4",
                    "UGY9BJ1NF",
                    "U01B554L3NH",
                    "US1GXB7F0"
                ],
                "count": 9
            },
            {
                "name": "+1",
                "users": [
                    "UG46Z57TN",
                    "U01AEH6SRL2",
                    "UGW0ABZLG",
                    "UJ0HPTBD2",
                    "UGY8YDQ2G"
                ],
                "count": 5
            }
        ]
    },
    {
        "client_msg_id": "977ad304-5947-45da-816a-7b5fcb1c1769",
        "type": "message",
        "text": "Networld X の申し込みで招待コードを求められるのですが何を入れれば良いでしょうか？ <@UMYT1J2RX>",
        "user": "UFT60TQCQ",
        "ts": "1602724089.021100",
        "team": "TFU0BKCQP",
        "user_team": "TFU0BKCQP",
        "source_team": "TFU0BKCQP",
        "user_profile": {
            "avatar_hash": "f10ceef4e6f6",
            "image_72": "https:\/\/avatars.slack-edge.com\/2019-01-31\/539093872183_f10ceef4e6f603f1f094_72.jpg",
            "first_name": "sogaoh",
            "real_name": "sogaoh",
            "display_name": "",
            "team": "TFU0BKCQP",
            "name": "sogaoh",
            "is_restricted": false,
            "is_ultra_restricted": false
        },
        "blocks": [
            {
                "type": "rich_text",
                "block_id": "U0Bz",
                "elements": [
                    {
                        "type": "rich_text_section",
                        "elements": [
                            {
                                "type": "text",
                                "text": "Networld X の申し込みで招待コードを求められるのですが何を入れれば良いでしょうか？ "
                            },
                            {
                                "type": "user",
                                "user_id": "UMYT1J2RX"
                            }
                        ]
                    }
                ]
            }
        ],
        "thread_ts": "1602722056.020200",
        "parent_user_id": "UMYT1J2RX"
    },
    {
        "client_msg_id": "92d35fa0-fe2e-45d5-a161-57f4d9433c48",
        "type": "message",
        "text": "（ひとりごとですが、個人で登録しようとしていて、役職や部署が入力必須なのと郵便番号の上３桁と下４桁を分けて登録しなきゃならないのがちょっと感じ悪いイベントだなった思いました）",
        "user": "UFT60TQCQ",
        "ts": "1602724200.021500",
        "team": "TFU0BKCQP",
        "user_team": "TFU0BKCQP",
        "source_team": "TFU0BKCQP",
        "user_profile": {
            "avatar_hash": "f10ceef4e6f6",
            "image_72": "https:\/\/avatars.slack-edge.com\/2019-01-31\/539093872183_f10ceef4e6f603f1f094_72.jpg",
            "first_name": "sogaoh",
            "real_name": "sogaoh",
            "display_name": "",
            "team": "TFU0BKCQP",
            "name": "sogaoh",
            "is_restricted": false,
            "is_ultra_restricted": false
        },
        "blocks": [
            {
                "type": "rich_text",
                "block_id": "9E4rZ",
                "elements": [
                    {
                        "type": "rich_text_section",
                        "elements": [
                            {
                                "type": "text",
                                "text": "（ひとりごとですが、個人で登録しようとしていて、役職や部署が入力必須なのと郵便番号の上３桁と下４桁を分けて登録しなきゃならないのがちょっと感じ悪いイベントだなった思いました）"
                            }
                        ]
                    }
                ]
            }
        ],
        "thread_ts": "1602722056.020200",
        "parent_user_id": "UMYT1J2RX"
    },
    {
        "type": "message",
        "text": "",
        "files": [
            {
                "id": "F01CMG9AB18",
                "created": 1602724282,
                "timestamp": 1602724282,
                "name": "スクリーンショット 2020-10-15 10.11.08.png",
                "title": "スクリーンショット 2020-10-15 10.11.08.png",
                "mimetype": "image\/png",
                "filetype": "png",
                "pretty_type": "PNG",
                "user": "UFT60TQCQ",
                "editable": false,
                "size": 128468,
                "mode": "hosted",
                "is_external": false,
                "external_type": "",
                "is_public": true,
                "public_url_shared": false,
                "display_as_bot": false,
                "username": "",
                "url_private": "https:\/\/files.slack.com\/files-pri\/TFU0BKCQP-F01CMG9AB18\/____________________________2020-10-15_10.11.08.png?t=xoxe-538011658839-2453930138261-2463155404932-4ee795b6fa7ba98dd1d69c85faebcd56",
                "url_private_download": "https:\/\/files.slack.com\/files-pri\/TFU0BKCQP-F01CMG9AB18\/download\/____________________________2020-10-15_10.11.08.png?t=xoxe-538011658839-2453930138261-2463155404932-4ee795b6fa7ba98dd1d69c85faebcd56",
                "thumb_64": "https:\/\/files.slack.com\/files-tmb\/TFU0BKCQP-F01CMG9AB18-81877717cf\/____________________________2020-10-15_10.11.08_64.png?t=xoxe-538011658839-2453930138261-2463155404932-4ee795b6fa7ba98dd1d69c85faebcd56",
                "thumb_80": "https:\/\/files.slack.com\/files-tmb\/TFU0BKCQP-F01CMG9AB18-81877717cf\/____________________________2020-10-15_10.11.08_80.png?t=xoxe-538011658839-2453930138261-2463155404932-4ee795b6fa7ba98dd1d69c85faebcd56",
                "thumb_360": "https:\/\/files.slack.com\/files-tmb\/TFU0BKCQP-F01CMG9AB18-81877717cf\/____________________________2020-10-15_10.11.08_360.png?t=xoxe-538011658839-2453930138261-2463155404932-4ee795b6fa7ba98dd1d69c85faebcd56",
                "thumb_360_w": 360,
                "thumb_360_h": 127,
                "thumb_480": "https:\/\/files.slack.com\/files-tmb\/TFU0BKCQP-F01CMG9AB18-81877717cf\/____________________________2020-10-15_10.11.08_480.png?t=xoxe-538011658839-2453930138261-2463155404932-4ee795b6fa7ba98dd1d69c85faebcd56",
                "thumb_480_w": 480,
                "thumb_480_h": 170,
                "thumb_160": "https:\/\/files.slack.com\/files-tmb\/TFU0BKCQP-F01CMG9AB18-81877717cf\/____________________________2020-10-15_10.11.08_160.png?t=xoxe-538011658839-2453930138261-2463155404932-4ee795b6fa7ba98dd1d69c85faebcd56",
                "thumb_720": "https:\/\/files.slack.com\/files-tmb\/TFU0BKCQP-F01CMG9AB18-81877717cf\/____________________________2020-10-15_10.11.08_720.png?t=xoxe-538011658839-2453930138261-2463155404932-4ee795b6fa7ba98dd1d69c85faebcd56",
                "thumb_720_w": 720,
                "thumb_720_h": 255,
                "thumb_800": "https:\/\/files.slack.com\/files-tmb\/TFU0BKCQP-F01CMG9AB18-81877717cf\/____________________________2020-10-15_10.11.08_800.png?t=xoxe-538011658839-2453930138261-2463155404932-4ee795b6fa7ba98dd1d69c85faebcd56",
                "thumb_800_w": 800,
                "thumb_800_h": 283,
                "thumb_960": "https:\/\/files.slack.com\/files-tmb\/TFU0BKCQP-F01CMG9AB18-81877717cf\/____________________________2020-10-15_10.11.08_960.png?t=xoxe-538011658839-2453930138261-2463155404932-4ee795b6fa7ba98dd1d69c85faebcd56",
                "thumb_960_w": 960,
                "thumb_960_h": 340,
                "thumb_1024": "https:\/\/files.slack.com\/files-tmb\/TFU0BKCQP-F01CMG9AB18-81877717cf\/____________________________2020-10-15_10.11.08_1024.png?t=xoxe-538011658839-2453930138261-2463155404932-4ee795b6fa7ba98dd1d69c85faebcd56",
                "thumb_1024_w": 1024,
                "thumb_1024_h": 363,
                "original_w": 1031,
                "original_h": 365,
                "thumb_tiny": "AwAQADC79kg\/55ij7JB\/zzFS80o6UAVzaQA\/6taPskH\/ADzWpmHPajmgCH7Hb\/8APEUfY4P+eS1OM0tAH\/\/Z",
                "permalink": "https:\/\/terraform-jp.slack.com\/files\/UFT60TQCQ\/F01CMG9AB18\/____________________________2020-10-15_10.11.08.png",
                "permalink_public": "https:\/\/slack-files.com\/TFU0BKCQP-F01CMG9AB18-8d71f7e72a",
                "is_starred": false,
                "has_rich_preview": false
            }
        ],
        "upload": false,
        "user": "UFT60TQCQ",
        "display_as_bot": false,
        "ts": "1602724285.021700",
        "thread_ts": "1602722056.020200",
        "parent_user_id": "UMYT1J2RX"
    },
    {
        "client_msg_id": "3a25b36e-4d6d-403a-99cf-9280c43f204e",
        "type": "message",
        "text": "セッションにHashiCorp社のがないのですが、自分が何か間違ってるのでしょうか。。",
        "user": "UFT60TQCQ",
        "ts": "1602724322.022100",
        "team": "TFU0BKCQP",
        "user_team": "TFU0BKCQP",
        "source_team": "TFU0BKCQP",
        "user_profile": {
            "avatar_hash": "f10ceef4e6f6",
            "image_72": "https:\/\/avatars.slack-edge.com\/2019-01-31\/539093872183_f10ceef4e6f603f1f094_72.jpg",
            "first_name": "sogaoh",
            "real_name": "sogaoh",
            "display_name": "",
            "team": "TFU0BKCQP",
            "name": "sogaoh",
            "is_restricted": false,
            "is_ultra_restricted": false
        },
        "blocks": [
            {
                "type": "rich_text",
                "block_id": "Gsz1",
                "elements": [
                    {
                        "type": "rich_text_section",
                        "elements": [
                            {
                                "type": "text",
                                "text": "セッションにHashiCorp社のがないのですが、自分が何か間違ってるのでしょうか。。"
                            }
                        ]
                    }
                ]
            }
        ],
        "thread_ts": "1602722056.020200",
        "parent_user_id": "UMYT1J2RX"
    },
    {
        "client_msg_id": "5b268957-2af1-4951-9780-034ccf86d1c6",
        "type": "message",
        "text": "<@UFT60TQCQ> 亀レス申し訳ありません〜大変なようなので、slackでDMいただければすぐリンク送らせていただきます！招待コードもここに貼っておきますね！お手間かけさせてしまって、すみません！",
        "user": "UMYT1J2RX",
        "ts": "1602730272.023100",
        "team": "TFU0BKCQP",
        "user_team": "TFU0BKCQP",
        "source_team": "TFU0BKCQP",
        "user_profile": {
            "avatar_hash": "g9e1ca1887f6",
            "image_72": "https:\/\/secure.gravatar.com\/avatar\/59e1ca1887f6751ed6cc67e1eed56a91.jpg?s=72&d=https%3A%2F%2Fa.slack-edge.com%2Fdf10d%2Fimg%2Favatars%2Fava_0010-72.png",
            "first_name": "",
            "real_name": "Rumi Oku",
            "display_name": "",
            "team": "TFU0BKCQP",
            "name": "rumioku",
            "is_restricted": false,
            "is_ultra_restricted": false
        },
        "blocks": [
            {
                "type": "rich_text",
                "block_id": "2actD",
                "elements": [
                    {
                        "type": "rich_text_section",
                        "elements": [
                            {
                                "type": "user",
                                "user_id": "UFT60TQCQ"
                            },
                            {
                                "type": "text",
                                "text": " 亀レス申し訳ありません〜大変なようなので、slackでDMいただければすぐリンク送らせていただきます！招待コードもここに貼っておきますね！お手間かけさせてしまって、すみません！"
                            }
                        ]
                    }
                ]
            }
        ],
        "thread_ts": "1602722056.020200",
        "parent_user_id": "UMYT1J2RX"
    },
    {
        "client_msg_id": "65962fda-4a62-4427-b55c-536efde6dfe5",
        "type": "message",
        "text": "ありがとうございますー :bow:",
        "user": "UFT60TQCQ",
        "ts": "1602730312.023300",
        "team": "TFU0BKCQP",
        "user_team": "TFU0BKCQP",
        "source_team": "TFU0BKCQP",
        "user_profile": {
            "avatar_hash": "f10ceef4e6f6",
            "image_72": "https:\/\/avatars.slack-edge.com\/2019-01-31\/539093872183_f10ceef4e6f603f1f094_72.jpg",
            "first_name": "sogaoh",
            "real_name": "sogaoh",
            "display_name": "",
            "team": "TFU0BKCQP",
            "name": "sogaoh",
            "is_restricted": false,
            "is_ultra_restricted": false
        },
        "blocks": [
            {
                "type": "rich_text",
                "block_id": "Mra2",
                "elements": [
                    {
                        "type": "rich_text_section",
                        "elements": [
                            {
                                "type": "text",
                                "text": "ありがとうございますー "
                            },
                            {
                                "type": "emoji",
                                "name": "bow"
                            }
                        ]
                    }
                ]
            }
        ],
        "thread_ts": "1602722056.020200",
        "parent_user_id": "UMYT1J2RX"
    }
]