[
    {
        "type": "message",
        "subtype": "bot_message",
        "text": "<https:\/\/www.reddit.com\/r\/Terraform\/comments\/pgdots\/threefold_decentralised_cloud_now_supporting\/|ThreeFold Decentralised cloud now supporting Terraform!>\n<http:\/\/threefold.io\/|ThreeFold> is the engine for a planet positive and data sovereign Internet and decentralised cloud on autonomous infrastructure. Here’s a first look at Terraform (<https:\/\/youtu.be\/uPKM1Ta3tvY|https:\/\/youtu.be\/uPKM1Ta3tvY>) on ThreeFold Grid 3.0! In this video you can see how easy it is to create, use, and destroy deployments on ThreeFold Grid 3.0 using Terraform. &lt;a...",
        "ts": "1630571799.009600",
        "username": "Terraform",
        "icons": {
            "image_48": "https:\/\/s3-us-west-2.amazonaws.com\/slack-files2\/bot_icons\/2019-02-12\/548785199618_48.png"
        },
        "bot_id": "BG3N7LG73",
        "blocks": [
            {
                "type": "rich_text",
                "block_id": "snKp",
                "elements": [
                    {
                        "type": "rich_text_section",
                        "elements": [
                            {
                                "type": "link",
                                "url": "https:\/\/www.reddit.com\/r\/Terraform\/comments\/pgdots\/threefold_decentralised_cloud_now_supporting\/",
                                "text": "ThreeFold Decentralised cloud now supporting Terraform!"
                            },
                            {
                                "type": "text",
                                "text": "\n"
                            },
                            {
                                "type": "link",
                                "url": "http:\/\/threefold.io\/",
                                "text": "ThreeFold"
                            },
                            {
                                "type": "text",
                                "text": " is the engine for a planet positive and data sovereign Internet and decentralised cloud on autonomous infrastructure. Here’s a first look at Terraform ("
                            },
                            {
                                "type": "link",
                                "url": "https:\/\/youtu.be\/uPKM1Ta3tvY"
                            },
                            {
                                "type": "text",
                                "text": ") on ThreeFold Grid 3.0! In this video you can see how easy it is to create, use, and destroy deployments on ThreeFold Grid 3.0 using Terraform. <a..."
                            }
                        ]
                    }
                ]
            }
        ],
        "attachments": [
            {
                "fallback": "reddit: ThreeFold Decentralised cloud now supporting Terraform!",
                "from_url": "https:\/\/www.reddit.com\/r\/Terraform\/comments\/pgdots\/threefold_decentralised_cloud_now_supporting\/",
                "service_name": "reddit",
                "service_icon": "http:\/\/www.redditstatic.com\/desktop2x\/img\/favicon\/apple-icon-57x57.png",
                "title": "ThreeFold Decentralised cloud now supporting Terraform!",
                "title_link": "https:\/\/www.reddit.com\/r\/Terraform\/comments\/pgdots\/threefold_decentralised_cloud_now_supporting\/",
                "thumb_url": "https:\/\/external-preview.redd.it\/83v0it7vv1l71.png?overlay-align=bottom,left&crop=1000:523.560209424,smart&overlay-height=15p&overlay=%2Fwatermark%2Ft5_2u8e4.png%3Fs%3Dbfb326ca8735739e33a60abaf9a7c73bcb4a2134&width=1000&height=523.560209424&auto=webp&s=c00124dd3ed60f2514bce2ea0c5d99f56cd15ca2",
                "thumb_width": 130,
                "thumb_height": 60,
                "text": "Posted in r\/Terraform by u\/nbabenko • 1 point and 0 comments",
                "id": 1,
                "original_url": "https:\/\/www.reddit.com\/r\/Terraform\/comments\/pgdots\/threefold_decentralised_cloud_now_supporting\/"
            },
            {
                "fallback": "ThreeFold | Home",
                "from_url": "http:\/\/threefold.io\/",
                "service_name": "threefold.io",
                "title": "ThreeFold | Home",
                "title_link": "http:\/\/threefold.io\/",
                "text": "ThreeFold is the engine for a planet positive and data sovereign Internet. A collaborative movement of people who care about a better future.",
                "id": 2,
                "original_url": "http:\/\/threefold.io\/"
            },
            {
                "fallback": "YouTube Video: First Look at Terraform on ThreeFold Grid 3.0",
                "from_url": "https:\/\/youtu.be\/uPKM1Ta3tvY",
                "service_name": "YouTube",
                "service_url": "https:\/\/www.youtube.com\/",
                "service_icon": "https:\/\/a.slack-edge.com\/80588\/img\/unfurl_icons\/youtube.png",
                "title": "First Look at Terraform on ThreeFold Grid 3.0",
                "title_link": "https:\/\/youtu.be\/uPKM1Ta3tvY",
                "thumb_url": "https:\/\/i.ytimg.com\/vi\/uPKM1Ta3tvY\/hqdefault.jpg",
                "thumb_width": 480,
                "thumb_height": 360,
                "author_name": "ThreeFold",
                "author_link": "https:\/\/www.youtube.com\/c\/ThreeFoldFoundation",
                "video_html": "<iframe width=\"400\" height=\"225\" src=\"https:\/\/www.youtube.com\/embed\/uPKM1Ta3tvY?feature=oembed&autoplay=1&iv_load_policy=3\" frameborder=\"0\" allow=\"accelerometer; autoplay; clipboard-write; encrypted-media; gyroscope; picture-in-picture\" allowfullscreen><\/iframe>",
                "video_html_width": 400,
                "video_html_height": 225,
                "id": 3,
                "original_url": "https:\/\/youtu.be\/uPKM1Ta3tvY"
            }
        ],
        "edited": {
            "user": "BG3N7LG73",
            "ts": "1630571799.000000"
        }
    },
    {
        "type": "message",
        "subtype": "bot_message",
        "text": "<https:\/\/www.reddit.com\/r\/Terraform\/comments\/pgeqsz\/account_id_inside_email_for_aws_db_event\/|Account id inside email for aws_db_event_subscription>\nHi colleagues, how i can insert the account id into the email that the <https:\/\/registry.terraform.io\/providers\/hashicorp\/aws\/latest\/docs\/resources\/db_event_subscription|aws_db_event_subscription> is sending? Since we have same names of databases but 3 different aws accounts (dev\/staging\/prod) we need to be able to distinguish from which account the email came for. The following is my configuration code: ​ resource \"aws_sns_topic\" \"db-topic\" { name = \"rds-events\" } # create a...",
        "ts": "1630577800.009800",
        "username": "Terraform",
        "icons": {
            "image_48": "https:\/\/s3-us-west-2.amazonaws.com\/slack-files2\/bot_icons\/2019-02-12\/548785199618_48.png"
        },
        "bot_id": "BG3N7LG73",
        "blocks": [
            {
                "type": "rich_text",
                "block_id": "zQK2",
                "elements": [
                    {
                        "type": "rich_text_section",
                        "elements": [
                            {
                                "type": "link",
                                "url": "https:\/\/www.reddit.com\/r\/Terraform\/comments\/pgeqsz\/account_id_inside_email_for_aws_db_event\/",
                                "text": "Account id inside email for aws_db_event_subscription"
                            },
                            {
                                "type": "text",
                                "text": "\nHi colleagues, how i can insert the account id into the email that the "
                            },
                            {
                                "type": "link",
                                "url": "https:\/\/registry.terraform.io\/providers\/hashicorp\/aws\/latest\/docs\/resources\/db_event_subscription",
                                "text": "aws_db_event_subscription"
                            },
                            {
                                "type": "text",
                                "text": " is sending? Since we have same names of databases but 3 different aws accounts (dev\/staging\/prod) we need to be able to distinguish from which account the email came for. The following is my configuration code: ​ resource \"aws_sns_topic\" \"db-topic\" { name = \"rds-events\" } # create a..."
                            }
                        ]
                    }
                ]
            }
        ],
        "attachments": [
            {
                "fallback": "reddit: Account id inside email for aws_db_event_subscription",
                "from_url": "https:\/\/www.reddit.com\/r\/Terraform\/comments\/pgeqsz\/account_id_inside_email_for_aws_db_event\/",
                "service_name": "reddit",
                "service_icon": "http:\/\/www.redditstatic.com\/desktop2x\/img\/favicon\/apple-icon-57x57.png",
                "title": "Account id inside email for aws_db_event_subscription",
                "title_link": "https:\/\/www.reddit.com\/r\/Terraform\/comments\/pgeqsz\/account_id_inside_email_for_aws_db_event\/",
                "thumb_url": "https:\/\/www.redditstatic.com\/new-icon.png",
                "thumb_width": 256,
                "thumb_height": 256,
                "text": "Hi colleagues, how i can insert the `account id` into the email that the...",
                "id": 1,
                "original_url": "https:\/\/www.reddit.com\/r\/Terraform\/comments\/pgeqsz\/account_id_inside_email_for_aws_db_event\/"
            }
        ],
        "edited": {
            "user": "BG3N7LG73",
            "ts": "1630577800.000000"
        }
    },
    {
        "type": "message",
        "subtype": "bot_message",
        "text": "<https:\/\/www.reddit.com\/r\/Terraform\/comments\/pgexqv\/how_to_register_for_terraform_associate_exam\/|How to register for Terraform associate exam>\nHow to register for terraform exam exactly?\n I login to PSI Online platform, go to search, but in Organisation I can't see Hashicorp. Nor searching for Terraform provides any results. If I search for associate - it only finds RIPE database associate. Am I missing something? <https:\/\/imgur.com\/a\/yHNY67R|Image>    submitted by   <https:\/\/www.reddit.com\/user\/Velfess| \/u\/Velfess > \n&lt;a...",
        "ts": "1630578998.010000",
        "username": "Terraform",
        "icons": {
            "image_48": "https:\/\/s3-us-west-2.amazonaws.com\/slack-files2\/bot_icons\/2019-02-12\/548785199618_48.png"
        },
        "bot_id": "BG3N7LG73",
        "blocks": [
            {
                "type": "rich_text",
                "block_id": "wbH",
                "elements": [
                    {
                        "type": "rich_text_section",
                        "elements": [
                            {
                                "type": "link",
                                "url": "https:\/\/www.reddit.com\/r\/Terraform\/comments\/pgexqv\/how_to_register_for_terraform_associate_exam\/",
                                "text": "How to register for Terraform associate exam"
                            },
                            {
                                "type": "text",
                                "text": "\nHow to register for terraform exam exactly?\n I login to PSI Online platform, go to search, but in Organisation I can't see Hashicorp. Nor searching for Terraform provides any results. If I search for associate - it only finds RIPE database associate. Am I missing something? "
                            },
                            {
                                "type": "link",
                                "url": "https:\/\/imgur.com\/a\/yHNY67R",
                                "text": "Image"
                            },
                            {
                                "type": "text",
                                "text": "    submitted by   "
                            },
                            {
                                "type": "link",
                                "url": "https:\/\/www.reddit.com\/user\/Velfess",
                                "text": "\/u\/Velfess"
                            },
                            {
                                "type": "text",
                                "text": " \n<a..."
                            }
                        ]
                    }
                ]
            }
        ],
        "attachments": [
            {
                "fallback": "reddit: How to register for Terraform associate exam",
                "from_url": "https:\/\/www.reddit.com\/r\/Terraform\/comments\/pgexqv\/how_to_register_for_terraform_associate_exam\/",
                "service_name": "reddit",
                "service_icon": "http:\/\/www.redditstatic.com\/desktop2x\/img\/favicon\/apple-icon-57x57.png",
                "title": "How to register for Terraform associate exam",
                "title_link": "https:\/\/www.reddit.com\/r\/Terraform\/comments\/pgexqv\/how_to_register_for_terraform_associate_exam\/",
                "thumb_url": "https:\/\/www.redditstatic.com\/new-icon.png",
                "thumb_width": 256,
                "thumb_height": 256,
                "text": "How to register for terraform exam exactly? I login to PSI Online platform, go to search, but in `Organisation` I can't see Hashicorp. Nor...",
                "id": 1,
                "original_url": "https:\/\/www.reddit.com\/r\/Terraform\/comments\/pgexqv\/how_to_register_for_terraform_associate_exam\/"
            },
            {
                "fallback": "Imgur: imgur.com",
                "image_url": "https:\/\/i.imgur.com\/PNhppjlh.jpg",
                "image_width": 343,
                "image_height": 250,
                "image_bytes": 58787,
                "from_url": "https:\/\/imgur.com\/a\/yHNY67R",
                "service_name": "Imgur",
                "service_icon": "https:\/\/s.imgur.com\/images\/favicon-152.png",
                "title": "imgur.com",
                "title_link": "https:\/\/imgur.com\/a\/yHNY67R",
                "text": "Imgur: The magic of the Internet",
                "id": 2,
                "original_url": "https:\/\/imgur.com\/a\/yHNY67R"
            },
            {
                "fallback": "reddit.com: over 18?",
                "from_url": "https:\/\/www.reddit.com\/user\/Velfess",
                "service_name": "reddit.com",
                "service_icon": "http:\/\/www.redditstatic.com\/desktop2x\/img\/favicon\/apple-icon-57x57.png",
                "title": "reddit.com: over 18?",
                "title_link": "https:\/\/www.reddit.com\/user\/Velfess",
                "text": "Reddit gives you the best of the internet in one place. Get a constantly updating feed of breaking news, fun stories, pics, memes, and videos just for you. Passionate about something niche? Reddit has thousands of vibrant communities with people that share your interests. Alternatively, find out what’s trending across all of Reddit on r\/popular. Reddit is also anonymous so you can be yourself, with your Reddit profile and persona disconnected from your real-world identity.",
                "id": 3,
                "original_url": "https:\/\/www.reddit.com\/user\/Velfess"
            }
        ],
        "edited": {
            "user": "BG3N7LG73",
            "ts": "1630578999.000000"
        }
    },
    {
        "type": "message",
        "subtype": "bot_message",
        "text": "<https:\/\/www.reddit.com\/r\/Terraform\/comments\/pgitcq\/formatlist_says_too_many_arguments\/|Formatlist says too many arguments>\nComplete noob question here but why doesn't this work? formatlist(length(\"%s\"),var.stringlist) or max(formatlist(length(\"%s\"),var.stringlist)...) &lt; 10  I get this error, but it seems like I should be able to use this to get a list of string lengths for the passed list. Basically I want to validate that I don't get strings passed in that are too long. error: Call to function \"formatlist\" failed: error on format iteration 0: too many arguments; no verbs in format string.     submitted by   &lt;a...",
        "ts": "1630592800.010200",
        "username": "Terraform",
        "icons": {
            "image_48": "https:\/\/s3-us-west-2.amazonaws.com\/slack-files2\/bot_icons\/2019-02-12\/548785199618_48.png"
        },
        "bot_id": "BG3N7LG73",
        "blocks": [
            {
                "type": "rich_text",
                "block_id": "AOe9",
                "elements": [
                    {
                        "type": "rich_text_section",
                        "elements": [
                            {
                                "type": "link",
                                "url": "https:\/\/www.reddit.com\/r\/Terraform\/comments\/pgitcq\/formatlist_says_too_many_arguments\/",
                                "text": "Formatlist says too many arguments"
                            },
                            {
                                "type": "text",
                                "text": "\nComplete noob question here but why doesn't this work? formatlist(length(\"%s\"),var.stringlist) or max(formatlist(length(\"%s\"),var.stringlist)...) < 10  I get this error, but it seems like I should be able to use this to get a list of string lengths for the passed list. Basically I want to validate that I don't get strings passed in that are too long. error: Call to function \"formatlist\" failed: error on format iteration 0: too many arguments; no verbs in format string.     submitted by   <a..."
                            }
                        ]
                    }
                ]
            }
        ],
        "attachments": [
            {
                "fallback": "reddit: Formatlist says too many arguments",
                "from_url": "https:\/\/www.reddit.com\/r\/Terraform\/comments\/pgitcq\/formatlist_says_too_many_arguments\/",
                "service_name": "reddit",
                "service_icon": "http:\/\/www.redditstatic.com\/desktop2x\/img\/favicon\/apple-icon-57x57.png",
                "title": "Formatlist says too many arguments",
                "title_link": "https:\/\/www.reddit.com\/r\/Terraform\/comments\/pgitcq\/formatlist_says_too_many_arguments\/",
                "thumb_url": "https:\/\/www.redditstatic.com\/new-icon.png",
                "thumb_width": 256,
                "thumb_height": 256,
                "text": "Complete noob question here but why doesn't this work? formatlist(length(\"%s\"),var.stringlist) or ...",
                "id": 1,
                "original_url": "https:\/\/www.reddit.com\/r\/Terraform\/comments\/pgitcq\/formatlist_says_too_many_arguments\/"
            }
        ],
        "edited": {
            "user": "BG3N7LG73",
            "ts": "1630592801.000000"
        }
    },
    {
        "type": "message",
        "subtype": "bot_message",
        "text": "<https:\/\/www.reddit.com\/r\/Terraform\/comments\/pgjdbo\/terraform_for_beginners\/|Terraform For Beginners>\n<https:\/\/truestorydavestorey.medium.com\/terraform-for-beginners-dd8701c1ebdd?source=friends_link&amp;sk=9bef8aa4df530483a844370f92b5bc75|This introductory post> explains the basic concepts of Terraform, how to use it, how it works and why it has gained such a strong following over the last few years.    submitted by   <https:\/\/www.reddit.com\/user\/wineandcode| \/u\/wineandcode > \n<https:\/\/www.reddit.com\/r\/Terraform\/comments\/pgjdbo\/terraform_for_beginners\/|[link]>...",
        "ts": "1630594596.010400",
        "username": "Terraform",
        "icons": {
            "image_48": "https:\/\/s3-us-west-2.amazonaws.com\/slack-files2\/bot_icons\/2019-02-12\/548785199618_48.png"
        },
        "bot_id": "BG3N7LG73",
        "blocks": [
            {
                "type": "rich_text",
                "block_id": "ymVHr",
                "elements": [
                    {
                        "type": "rich_text_section",
                        "elements": [
                            {
                                "type": "link",
                                "url": "https:\/\/www.reddit.com\/r\/Terraform\/comments\/pgjdbo\/terraform_for_beginners\/",
                                "text": "Terraform For Beginners"
                            },
                            {
                                "type": "text",
                                "text": "\n"
                            },
                            {
                                "type": "link",
                                "url": "https:\/\/truestorydavestorey.medium.com\/terraform-for-beginners-dd8701c1ebdd?source=friends_link&amp;sk=9bef8aa4df530483a844370f92b5bc75",
                                "text": "This introductory post"
                            },
                            {
                                "type": "text",
                                "text": " explains the basic concepts of Terraform, how to use it, how it works and why it has gained such a strong following over the last few years.    submitted by   "
                            },
                            {
                                "type": "link",
                                "url": "https:\/\/www.reddit.com\/user\/wineandcode",
                                "text": "\/u\/wineandcode"
                            },
                            {
                                "type": "text",
                                "text": " \n"
                            },
                            {
                                "type": "link",
                                "url": "https:\/\/www.reddit.com\/r\/Terraform\/comments\/pgjdbo\/terraform_for_beginners\/",
                                "text": "[link]"
                            },
                            {
                                "type": "text",
                                "text": "..."
                            }
                        ]
                    }
                ]
            }
        ],
        "attachments": [
            {
                "service_name": "reddit",
                "title": "Terraform For Beginners",
                "title_link": "https:\/\/www.reddit.com\/r\/Terraform\/comments\/pgjdbo\/terraform_for_beginners\/",
                "text": "[This introductory...",
                "fallback": "reddit: Terraform For Beginners",
                "thumb_url": "https:\/\/www.redditstatic.com\/new-icon.png",
                "from_url": "https:\/\/www.reddit.com\/r\/Terraform\/comments\/pgjdbo\/terraform_for_beginners\/",
                "thumb_width": 256,
                "thumb_height": 256,
                "service_icon": "http:\/\/www.redditstatic.com\/desktop2x\/img\/favicon\/apple-icon-57x57.png",
                "id": 1,
                "original_url": "https:\/\/www.reddit.com\/r\/Terraform\/comments\/pgjdbo\/terraform_for_beginners\/"
            },
            {
                "fallback": "Medium: Terraform For Beginners",
                "image_url": "https:\/\/miro.medium.com\/max\/1200\/0*WfT-nF7tgxSx4fns.jpg",
                "image_width": 444,
                "image_height": 250,
                "image_bytes": 138334,
                "from_url": "https:\/\/truestorydavestorey.medium.com\/terraform-for-beginners-dd8701c1ebdd?source=friends_link&sk=9bef8aa4df530483a844370f92b5bc75",
                "service_name": "Medium",
                "service_icon": "https:\/\/miro.medium.com\/fit\/c\/152\/152\/1*sHhtYhaCe2Uc3IU0IgKwIQ.png",
                "title": "Terraform For Beginners",
                "title_link": "https:\/\/truestorydavestorey.medium.com\/terraform-for-beginners-dd8701c1ebdd?source=friends_link&sk=9bef8aa4df530483a844370f92b5bc75",
                "text": "Ever wondered what Terraform is or how it works? Join me as I give you a complete beginners guide to Tarraform &amp; how to get started with it",
                "fields": [
                    {
                        "title": "Reading time",
                        "value": "17 min read",
                        "short": true
                    }
                ],
                "ts": 1630587663,
                "id": 2,
                "original_url": "https:\/\/truestorydavestorey.medium.com\/terraform-for-beginners-dd8701c1ebdd?source=friends_link&amp;sk=9bef8aa4df530483a844370f92b5bc75"
            },
            {
                "title": "overview for wineandcode",
                "title_link": "https:\/\/www.reddit.com\/user\/wineandcode",
                "text": "The u\/wineandcode community on Reddit. Reddit gives you the best of the internet in one place.",
                "fallback": "overview for wineandcode",
                "from_url": "https:\/\/www.reddit.com\/user\/wineandcode",
                "service_icon": "http:\/\/www.redditstatic.com\/desktop2x\/img\/favicon\/apple-icon-57x57.png",
                "service_name": "reddit.com",
                "id": 3,
                "original_url": "https:\/\/www.reddit.com\/user\/wineandcode"
            }
        ],
        "edited": {
            "user": "BG3N7LG73",
            "ts": "1630594596.000000"
        }
    }
]