[
    {
        "type": "message",
        "subtype": "bot_message",
        "text": "<https:\/\/www.reddit.com\/r\/Terraform\/comments\/pm8hk6\/terraform_exam\/|terraform exam>\nAnyone did the terraform exam lately ? I am expecting to get the exam done sooner.  Please write here any advices.  Thanks.    submitted by   <https:\/\/www.reddit.com\/user\/screwlinux| \/u\/screwlinux > \n<https:\/\/www.reddit.com\/r\/Terraform\/comments\/pm8hk6\/terraform_exam\/|[link]>   <https:\/\/www.reddit.com\/r\/Terraform\/comments\/pm8hk6\/terraform_exam\/|[comments]>",
        "ts": "1631372197.023900",
        "username": "Terraform",
        "icons": {
            "image_48": "https:\/\/s3-us-west-2.amazonaws.com\/slack-files2\/bot_icons\/2019-02-12\/548785199618_48.png"
        },
        "bot_id": "BG3N7LG73",
        "blocks": [
            {
                "type": "rich_text",
                "block_id": "e\/+Me",
                "elements": [
                    {
                        "type": "rich_text_section",
                        "elements": [
                            {
                                "type": "link",
                                "url": "https:\/\/www.reddit.com\/r\/Terraform\/comments\/pm8hk6\/terraform_exam\/",
                                "text": "terraform exam"
                            },
                            {
                                "type": "text",
                                "text": "\nAnyone did the terraform exam lately ? I am expecting to get the exam done sooner.  Please write here any advices.  Thanks.    submitted by   "
                            },
                            {
                                "type": "link",
                                "url": "https:\/\/www.reddit.com\/user\/screwlinux",
                                "text": "\/u\/screwlinux"
                            },
                            {
                                "type": "text",
                                "text": " \n"
                            },
                            {
                                "type": "link",
                                "url": "https:\/\/www.reddit.com\/r\/Terraform\/comments\/pm8hk6\/terraform_exam\/",
                                "text": "[link]"
                            },
                            {
                                "type": "text",
                                "text": "   "
                            },
                            {
                                "type": "link",
                                "url": "https:\/\/www.reddit.com\/r\/Terraform\/comments\/pm8hk6\/terraform_exam\/",
                                "text": "[comments]"
                            }
                        ]
                    }
                ]
            }
        ],
        "attachments": [
            {
                "fallback": "reddit: terraform exam",
                "from_url": "https:\/\/www.reddit.com\/r\/Terraform\/comments\/pm8hk6\/terraform_exam\/",
                "service_name": "reddit",
                "service_icon": "http:\/\/www.redditstatic.com\/desktop2x\/img\/favicon\/apple-icon-57x57.png",
                "title": "terraform exam",
                "title_link": "https:\/\/www.reddit.com\/r\/Terraform\/comments\/pm8hk6\/terraform_exam\/",
                "thumb_url": "https:\/\/www.redditstatic.com\/new-icon.png",
                "thumb_width": 256,
                "thumb_height": 256,
                "text": "Anyone did the terraform exam lately ? I am expecting to get the exam done sooner. Please write here any advices. Thanks.",
                "id": 1,
                "original_url": "https:\/\/www.reddit.com\/r\/Terraform\/comments\/pm8hk6\/terraform_exam\/"
            },
            {
                "fallback": "overview for screwlinux",
                "from_url": "https:\/\/www.reddit.com\/user\/screwlinux",
                "service_name": "reddit.com",
                "service_icon": "http:\/\/www.redditstatic.com\/desktop2x\/img\/favicon\/apple-icon-57x57.png",
                "title": "overview for screwlinux",
                "title_link": "https:\/\/www.reddit.com\/user\/screwlinux",
                "text": "The u\/screwlinux community on Reddit. Reddit gives you the best of the internet in one place.",
                "id": 2,
                "original_url": "https:\/\/www.reddit.com\/user\/screwlinux"
            }
        ],
        "edited": {
            "user": "BG3N7LG73",
            "ts": "1631372197.000000"
        }
    },
    {
        "type": "message",
        "subtype": "bot_message",
        "text": "<https:\/\/www.reddit.com\/r\/Terraform\/comments\/pmlv0x\/ignoring_volume_size_changes_on_ec2\/|Ignoring volume size changes on EC2?>\nHi Guys, I'm trying to use an aws_instance resource with a for_each so i can create a bunch of specific VMs. I want to ignore any changes to volume size, but it gives me a strange error message I'm not understanding. What I have: ignore_changes = [ ami, instance_type, root_block_device[0], ebs_block_device[0] ]  What i get: Error: Cannot index a set value  I haven't found any solutions from other folks on github other than bug reports. Has anyone seen\/solved this?    submitted by   &lt;a...",
        "ts": "1631420802.024100",
        "username": "Terraform",
        "icons": {
            "image_48": "https:\/\/s3-us-west-2.amazonaws.com\/slack-files2\/bot_icons\/2019-02-12\/548785199618_48.png"
        },
        "bot_id": "BG3N7LG73",
        "blocks": [
            {
                "type": "rich_text",
                "block_id": "ZOe",
                "elements": [
                    {
                        "type": "rich_text_section",
                        "elements": [
                            {
                                "type": "link",
                                "url": "https:\/\/www.reddit.com\/r\/Terraform\/comments\/pmlv0x\/ignoring_volume_size_changes_on_ec2\/",
                                "text": "Ignoring volume size changes on EC2?"
                            },
                            {
                                "type": "text",
                                "text": "\nHi Guys, I'm trying to use an aws_instance resource with a for_each so i can create a bunch of specific VMs. I want to ignore any changes to volume size, but it gives me a strange error message I'm not understanding. What I have: ignore_changes = [ ami, instance_type, root_block_device[0], ebs_block_device[0] ]  What i get: Error: Cannot index a set value  I haven't found any solutions from other folks on github other than bug reports. Has anyone seen\/solved this?    submitted by   <a..."
                            }
                        ]
                    }
                ]
            }
        ],
        "attachments": [
            {
                "fallback": "reddit: Ignoring volume size changes on EC2?",
                "from_url": "https:\/\/www.reddit.com\/r\/Terraform\/comments\/pmlv0x\/ignoring_volume_size_changes_on_ec2\/",
                "service_name": "reddit",
                "service_icon": "http:\/\/www.redditstatic.com\/desktop2x\/img\/favicon\/apple-icon-57x57.png",
                "title": "Ignoring volume size changes on EC2?",
                "title_link": "https:\/\/www.reddit.com\/r\/Terraform\/comments\/pmlv0x\/ignoring_volume_size_changes_on_ec2\/",
                "thumb_url": "https:\/\/www.redditstatic.com\/new-icon.png",
                "thumb_width": 256,
                "thumb_height": 256,
                "text": "Hi Guys, I'm trying to use an aws\\_instance resource with a for\\_each so i can create a bunch of specific VMs. I want to ignore any changes to...",
                "id": 1,
                "original_url": "https:\/\/www.reddit.com\/r\/Terraform\/comments\/pmlv0x\/ignoring_volume_size_changes_on_ec2\/"
            }
        ],
        "edited": {
            "user": "BG3N7LG73",
            "ts": "1631420802.000000"
        }
    }
]