[
    {
        "type": "message",
        "subtype": "bot_message",
        "text": "<https:\/\/www.reddit.com\/r\/Terraform\/comments\/ptqp6j\/how_to_create_route53_records_with_autoscaling\/|How to create route53 records with autoscaling groups for nomad clusters.>\nI have been stuck this story from past 1 week , i have all parameters defined in terrafrom file . This is on aws    submitted by   <https:\/\/www.reddit.com\/user\/Str1k3r96| \/u\/Str1k3r96 > \n<https:\/\/www.reddit.com\/r\/Terraform\/comments\/ptqp6j\/how_to_create_route53_records_with_autoscaling\/|[link]>   <https:\/\/www.reddit.com\/r\/Terraform\/comments\/ptqp6j\/how_to_create_route53_records_with_autoscaling\/|[comments]>",
        "ts": "1632386800.047400",
        "username": "Terraform",
        "icons": {
            "image_48": "https:\/\/s3-us-west-2.amazonaws.com\/slack-files2\/bot_icons\/2019-02-12\/548785199618_48.png"
        },
        "bot_id": "BG3N7LG73",
        "blocks": [
            {
                "type": "rich_text",
                "block_id": "0Yy",
                "elements": [
                    {
                        "type": "rich_text_section",
                        "elements": [
                            {
                                "type": "link",
                                "url": "https:\/\/www.reddit.com\/r\/Terraform\/comments\/ptqp6j\/how_to_create_route53_records_with_autoscaling\/",
                                "text": "How to create route53 records with autoscaling groups for nomad clusters."
                            },
                            {
                                "type": "text",
                                "text": "\nI have been stuck this story from past 1 week , i have all parameters defined in terrafrom file . This is on aws    submitted by   "
                            },
                            {
                                "type": "link",
                                "url": "https:\/\/www.reddit.com\/user\/Str1k3r96",
                                "text": "\/u\/Str1k3r96"
                            },
                            {
                                "type": "text",
                                "text": " \n"
                            },
                            {
                                "type": "link",
                                "url": "https:\/\/www.reddit.com\/r\/Terraform\/comments\/ptqp6j\/how_to_create_route53_records_with_autoscaling\/",
                                "text": "[link]"
                            },
                            {
                                "type": "text",
                                "text": "   "
                            },
                            {
                                "type": "link",
                                "url": "https:\/\/www.reddit.com\/r\/Terraform\/comments\/ptqp6j\/how_to_create_route53_records_with_autoscaling\/",
                                "text": "[comments]"
                            }
                        ]
                    }
                ]
            }
        ],
        "attachments": [
            {
                "fallback": "reddit: How to create route53 records with autoscaling groups for nomad clusters.",
                "from_url": "https:\/\/www.reddit.com\/r\/Terraform\/comments\/ptqp6j\/how_to_create_route53_records_with_autoscaling\/",
                "service_name": "reddit",
                "service_icon": "http:\/\/www.redditstatic.com\/desktop2x\/img\/favicon\/apple-icon-57x57.png",
                "title": "How to create route53 records with autoscaling groups for nomad clusters.",
                "title_link": "https:\/\/www.reddit.com\/r\/Terraform\/comments\/ptqp6j\/how_to_create_route53_records_with_autoscaling\/",
                "thumb_url": "https:\/\/www.redditstatic.com\/new-icon.png",
                "thumb_width": 256,
                "thumb_height": 256,
                "text": "I have been stuck this story from past 1 week , i have all parameters defined in terrafrom file . This is on aws",
                "id": 1,
                "original_url": "https:\/\/www.reddit.com\/r\/Terraform\/comments\/ptqp6j\/how_to_create_route53_records_with_autoscaling\/"
            },
            {
                "fallback": "overview for Str1k3r96",
                "from_url": "https:\/\/www.reddit.com\/user\/Str1k3r96",
                "service_name": "reddit.com",
                "service_icon": "http:\/\/www.redditstatic.com\/desktop2x\/img\/favicon\/apple-icon-57x57.png",
                "title": "overview for Str1k3r96",
                "title_link": "https:\/\/www.reddit.com\/user\/Str1k3r96",
                "text": "The u\/Str1k3r96 community on Reddit. Reddit gives you the best of the internet in one place.",
                "id": 2,
                "original_url": "https:\/\/www.reddit.com\/user\/Str1k3r96"
            }
        ],
        "edited": {
            "user": "BG3N7LG73",
            "ts": "1632386800.000000"
        }
    },
    {
        "type": "message",
        "subtype": "bot_message",
        "text": "<https:\/\/www.reddit.com\/r\/Terraform\/comments\/ptqqcz\/best_way_to_create_or_import_state_file_to\/|Best way to create or import state file to terraform for existing huge network resources in Azure>\nKindly help with the best approach to create terraform state file for existing huge network infrastructure in Azure, consider we have following 1000 Vnets 1500 subnets NSGs Route Tables \/ Routes VNet Gateway    submitted by   <https:\/\/www.reddit.com\/user\/msirajud| \/u\/msirajud > \n<https:\/\/www.reddit.com\/r\/Terraform\/comments\/ptqqcz\/best_way_to_create_or_import_state_file_to\/|[link]>   &lt;a...",
        "ts": "1632386800.047500",
        "username": "Terraform",
        "icons": {
            "image_48": "https:\/\/s3-us-west-2.amazonaws.com\/slack-files2\/bot_icons\/2019-02-12\/548785199618_48.png"
        },
        "bot_id": "BG3N7LG73",
        "blocks": [
            {
                "type": "rich_text",
                "block_id": "EZvLp",
                "elements": [
                    {
                        "type": "rich_text_section",
                        "elements": [
                            {
                                "type": "link",
                                "url": "https:\/\/www.reddit.com\/r\/Terraform\/comments\/ptqqcz\/best_way_to_create_or_import_state_file_to\/",
                                "text": "Best way to create or import state file to terraform for existing huge network resources in Azure"
                            },
                            {
                                "type": "text",
                                "text": "\nKindly help with the best approach to create terraform state file for existing huge network infrastructure in Azure, consider we have following 1000 Vnets 1500 subnets NSGs Route Tables \/ Routes VNet Gateway    submitted by   "
                            },
                            {
                                "type": "link",
                                "url": "https:\/\/www.reddit.com\/user\/msirajud",
                                "text": "\/u\/msirajud"
                            },
                            {
                                "type": "text",
                                "text": " \n"
                            },
                            {
                                "type": "link",
                                "url": "https:\/\/www.reddit.com\/r\/Terraform\/comments\/ptqqcz\/best_way_to_create_or_import_state_file_to\/",
                                "text": "[link]"
                            },
                            {
                                "type": "text",
                                "text": "   <a..."
                            }
                        ]
                    }
                ]
            }
        ],
        "attachments": [
            {
                "fallback": "reddit: Best way to create or import state file to terraform for existing huge network resources in Azure",
                "from_url": "https:\/\/www.reddit.com\/r\/Terraform\/comments\/ptqqcz\/best_way_to_create_or_import_state_file_to\/",
                "service_name": "reddit",
                "service_icon": "http:\/\/www.redditstatic.com\/desktop2x\/img\/favicon\/apple-icon-57x57.png",
                "title": "Best way to create or import state file to terraform for existing huge network resources in Azure",
                "title_link": "https:\/\/www.reddit.com\/r\/Terraform\/comments\/ptqqcz\/best_way_to_create_or_import_state_file_to\/",
                "thumb_url": "https:\/\/www.redditstatic.com\/new-icon.png",
                "thumb_width": 256,
                "thumb_height": 256,
                "text": "Kindly help with the best approach to create terraform state file for existing huge network infrastructure in Azure, consider we have...",
                "id": 1,
                "original_url": "https:\/\/www.reddit.com\/r\/Terraform\/comments\/ptqqcz\/best_way_to_create_or_import_state_file_to\/"
            },
            {
                "fallback": "overview for msirajud",
                "from_url": "https:\/\/www.reddit.com\/user\/msirajud",
                "service_name": "reddit.com",
                "service_icon": "http:\/\/www.redditstatic.com\/desktop2x\/img\/favicon\/apple-icon-57x57.png",
                "title": "overview for msirajud",
                "title_link": "https:\/\/www.reddit.com\/user\/msirajud",
                "text": "The u\/msirajud community on Reddit. Reddit gives you the best of the internet in one place.",
                "id": 2,
                "original_url": "https:\/\/www.reddit.com\/user\/msirajud"
            }
        ],
        "edited": {
            "user": "BG3N7LG73",
            "ts": "1632386800.000000"
        }
    },
    {
        "type": "message",
        "subtype": "bot_message",
        "text": "<https:\/\/www.reddit.com\/r\/Terraform\/comments\/ptv105\/vault_generic_secret_and_json_input_with\/|vault_generic_secret and json input with environment variables>\nHi all, So I am configuring Vault with Terraform and using vault_generic_secret to enter my secrets. The issue is that I’m using gitlab to do this as I don’t want the secrets in my raw code of course. I’m using gitlab variables to define the secrets. Looks like the only way to enter secrets is through json So here is my resource: resource \"vault_generic_secret\" \"secret\" { path = \"kv\/mysecret\" depends_on = [vault_mount.kv2] data_json =    submitted by",
        "ts": "1632403601.047800",
        "username": "Terraform",
        "icons": {
            "image_48": "https:\/\/s3-us-west-2.amazonaws.com\/slack-files2\/bot_icons\/2019-02-12\/548785199618_48.png"
        },
        "bot_id": "BG3N7LG73",
        "blocks": [
            {
                "type": "rich_text",
                "block_id": "WU\/Ib",
                "elements": [
                    {
                        "type": "rich_text_section",
                        "elements": [
                            {
                                "type": "link",
                                "url": "https:\/\/www.reddit.com\/r\/Terraform\/comments\/ptv105\/vault_generic_secret_and_json_input_with\/",
                                "text": "vault_generic_secret and json input with environment variables"
                            },
                            {
                                "type": "text",
                                "text": "\nHi all, So I am configuring Vault with Terraform and using vault_generic_secret to enter my secrets. The issue is that I’m using gitlab to do this as I don’t want the secrets in my raw code of course. I’m using gitlab variables to define the secrets. Looks like the only way to enter secrets is through json So here is my resource: resource \"vault_generic_secret\" \"secret\" { path = \"kv\/mysecret\" depends_on = [vault_mount.kv2] data_json =    submitted by"
                            }
                        ]
                    }
                ]
            }
        ],
        "attachments": [
            {
                "fallback": "reddit: vault_generic_secret and json input with environment variables",
                "from_url": "https:\/\/www.reddit.com\/r\/Terraform\/comments\/ptv105\/vault_generic_secret_and_json_input_with\/",
                "service_name": "reddit",
                "service_icon": "http:\/\/www.redditstatic.com\/desktop2x\/img\/favicon\/apple-icon-57x57.png",
                "title": "vault_generic_secret and json input with environment variables",
                "title_link": "https:\/\/www.reddit.com\/r\/Terraform\/comments\/ptv105\/vault_generic_secret_and_json_input_with\/",
                "thumb_url": "https:\/\/www.redditstatic.com\/new-icon.png",
                "thumb_width": 256,
                "thumb_height": 256,
                "text": "Hi all, So I am configuring Vault with Terraform and using vault\\_generic\\_secret to enter my secrets. The issue is that I’m using gitlab to do...",
                "id": 1,
                "original_url": "https:\/\/www.reddit.com\/r\/Terraform\/comments\/ptv105\/vault_generic_secret_and_json_input_with\/"
            }
        ],
        "edited": {
            "user": "BG3N7LG73",
            "ts": "1632403601.000000"
        }
    },
    {
        "type": "message",
        "subtype": "bot_message",
        "text": "<https:\/\/www.reddit.com\/r\/Terraform\/comments\/ptz6vz\/multiple_vms_with_disk_encryption_set_fail\/|Multiple VMs with disk_encryption_set fail>\nHi, Trying to deploy multiple VMs with `disk_encryption_set` on Azure and having some issues utilizing `for_each`. Here's what my .tf file looks like ``` data \"azurerm_client_config\" \"current\" {} resource \"azurerm_key_vault\" \"main\" { name = var.vm_kv location = azurerm_resource_group.main.location resource_group_name = azurerm_resource_group.main.name enabled_for_disk_encryption = true tenant_id = data.azurerm_client_config.current.tenant_id soft_delete_retention_days = 7...",
        "ts": "1632415594.048000",
        "username": "Terraform",
        "icons": {
            "image_48": "https:\/\/s3-us-west-2.amazonaws.com\/slack-files2\/bot_icons\/2019-02-12\/548785199618_48.png"
        },
        "bot_id": "BG3N7LG73",
        "blocks": [
            {
                "type": "rich_text",
                "block_id": "tKs3",
                "elements": [
                    {
                        "type": "rich_text_section",
                        "elements": [
                            {
                                "type": "link",
                                "url": "https:\/\/www.reddit.com\/r\/Terraform\/comments\/ptz6vz\/multiple_vms_with_disk_encryption_set_fail\/",
                                "text": "Multiple VMs with disk_encryption_set fail"
                            },
                            {
                                "type": "text",
                                "text": "\nHi, Trying to deploy multiple VMs with "
                            },
                            {
                                "type": "text",
                                "text": "disk_encryption_set",
                                "style": {
                                    "code": true
                                }
                            },
                            {
                                "type": "text",
                                "text": " on Azure and having some issues utilizing "
                            },
                            {
                                "type": "text",
                                "text": "for_each",
                                "style": {
                                    "code": true
                                }
                            },
                            {
                                "type": "text",
                                "text": ". Here's what my .tf file looks like ``` data \"azurerm_client_config\" \"current\" {} resource \"azurerm_key_vault\" \"main\" { name = var.vm_kv location = azurerm_resource_group.main.location resource_group_name = azurerm_resource_group.main.name enabled_for_disk_encryption = true tenant_id = data.azurerm_client_config.current.tenant_id soft_delete_retention_days = 7..."
                            }
                        ]
                    }
                ]
            }
        ],
        "attachments": [
            {
                "service_name": "reddit",
                "title": "Multiple VMs with disk_encryption_set fail",
                "title_link": "https:\/\/www.reddit.com\/r\/Terraform\/comments\/ptz6vz\/multiple_vms_with_disk_encryption_set_fail\/",
                "text": "Hi, Trying to deploy multiple VMs with \\`disk\\_encryption\\_set\\` on Azure and having some issues utilizing \\`for\\_each\\`. Here's what my .tf...",
                "fallback": "reddit: Multiple VMs with disk_encryption_set fail",
                "thumb_url": "https:\/\/www.redditstatic.com\/new-icon.png",
                "from_url": "https:\/\/www.reddit.com\/r\/Terraform\/comments\/ptz6vz\/multiple_vms_with_disk_encryption_set_fail\/",
                "thumb_width": 256,
                "thumb_height": 256,
                "service_icon": "http:\/\/www.redditstatic.com\/desktop2x\/img\/favicon\/apple-icon-57x57.png",
                "id": 1,
                "original_url": "https:\/\/www.reddit.com\/r\/Terraform\/comments\/ptz6vz\/multiple_vms_with_disk_encryption_set_fail\/"
            }
        ],
        "edited": {
            "user": "BG3N7LG73",
            "ts": "1632415594.000000"
        }
    },
    {
        "type": "message",
        "subtype": "bot_message",
        "text": "<https:\/\/www.reddit.com\/r\/Terraform\/comments\/pu0uii\/terraform_ec2_root_block_device_encryption_error\/|Terraform EC2 (Root Block device Encryption error failing to reach target state )>\nThis error is been in the head for over 10 days. While creating an EC2 Instance in terraform the Instance won’t reach the target state and says │ Error: Error waiting for instance (i-*************) to become ready: Failed to reach target state. Reason: Client.InternalError: Client error on launch │ And also we have encryption of new EBS Volumes enabled in our EC2 dashboard. And my basic EC2 Code looks like this.  resource “aws_instance” “web” { ami = “ami-\" instance_type = “t2.micro”...",
        "ts": "1632420402.048200",
        "username": "Terraform",
        "icons": {
            "image_48": "https:\/\/s3-us-west-2.amazonaws.com\/slack-files2\/bot_icons\/2019-02-12\/548785199618_48.png"
        },
        "bot_id": "BG3N7LG73",
        "blocks": [
            {
                "type": "rich_text",
                "block_id": "5kto",
                "elements": [
                    {
                        "type": "rich_text_section",
                        "elements": [
                            {
                                "type": "link",
                                "url": "https:\/\/www.reddit.com\/r\/Terraform\/comments\/pu0uii\/terraform_ec2_root_block_device_encryption_error\/",
                                "text": "Terraform EC2 (Root Block device Encryption error failing to reach target state )"
                            },
                            {
                                "type": "text",
                                "text": "\nThis error is been in the head for over 10 days. While creating an EC2 Instance in terraform the Instance won’t reach the target state and says │ Error: Error waiting for instance (i-*************) to become ready: Failed to reach target state. Reason: Client.InternalError: Client error on launch │ And also we have encryption of new EBS Volumes enabled in our EC2 dashboard. And my basic EC2 Code looks like this.  resource “aws_instance” “web” { ami = “ami-\" instance_type = “t2.micro”..."
                            }
                        ]
                    }
                ]
            }
        ],
        "attachments": [
            {
                "service_name": "reddit",
                "title": "Terraform EC2 (Root Block device Encryption error failing to reach target state )",
                "title_link": "https:\/\/www.reddit.com\/r\/Terraform\/comments\/pu0uii\/terraform_ec2_root_block_device_encryption_error\/",
                "text": "This error is been in the head for over 10 days. While creating an EC2 Instance in terraform the Instance won’t reach the target state and...",
                "fallback": "reddit: Terraform EC2 (Root Block device Encryption error failing to reach target state )",
                "thumb_url": "https:\/\/www.redditstatic.com\/new-icon.png",
                "from_url": "https:\/\/www.reddit.com\/r\/Terraform\/comments\/pu0uii\/terraform_ec2_root_block_device_encryption_error\/",
                "thumb_width": 256,
                "thumb_height": 256,
                "service_icon": "http:\/\/www.redditstatic.com\/desktop2x\/img\/favicon\/apple-icon-57x57.png",
                "id": 1,
                "original_url": "https:\/\/www.reddit.com\/r\/Terraform\/comments\/pu0uii\/terraform_ec2_root_block_device_encryption_error\/"
            }
        ],
        "edited": {
            "user": "BG3N7LG73",
            "ts": "1632420402.000000"
        }
    },
    {
        "type": "message",
        "subtype": "bot_message",
        "text": "<https:\/\/www.reddit.com\/r\/Terraform\/comments\/pu2api\/newb_route_table_question\/|newb- route table question>\nHello, Reference, using visual studio code, on mac.  I'm learning some terraform and in the information given in the lab is the following, which works,  resource \"aws_route_table\" \"prod-route-table\" {\nvpc_id = aws_vpc.prod-vpc.id\nroute {\ncidr_block = \"0.0.0.0\/0\"\ngateway_id = aws_internet_gateway.gw.id\n}\nroute {\nipv6_cidr_block = \"::\/0\"\ngateway_id = aws_internet_gateway.gw.id\n}\ntags = {\nName = \"Prod\"\n}\n} ​ However, when I look up the example given in the terraform docs, it gives me something...",
        "ts": "1632424596.048400",
        "username": "Terraform",
        "icons": {
            "image_48": "https:\/\/s3-us-west-2.amazonaws.com\/slack-files2\/bot_icons\/2019-02-12\/548785199618_48.png"
        },
        "bot_id": "BG3N7LG73",
        "blocks": [
            {
                "type": "rich_text",
                "block_id": "k\/9",
                "elements": [
                    {
                        "type": "rich_text_section",
                        "elements": [
                            {
                                "type": "link",
                                "url": "https:\/\/www.reddit.com\/r\/Terraform\/comments\/pu2api\/newb_route_table_question\/",
                                "text": "newb- route table question"
                            },
                            {
                                "type": "text",
                                "text": "\nHello, Reference, using visual studio code, on mac.  I'm learning some terraform and in the information given in the lab is the following, which works,  resource \"aws_route_table\" \"prod-route-table\" {\nvpc_id = aws_vpc.prod-vpc.id\nroute {\ncidr_block = \"0.0.0.0\/0\"\ngateway_id = aws_internet_gateway.gw.id\n}\nroute {\nipv6_cidr_block = \"::\/0\"\ngateway_id = aws_internet_gateway.gw.id\n}\ntags = {\nName = \"Prod\"\n}\n} ​ However, when I look up the example given in the terraform docs, it gives me something..."
                            }
                        ]
                    }
                ]
            }
        ],
        "attachments": [
            {
                "fallback": "reddit: newb- route table question",
                "from_url": "https:\/\/www.reddit.com\/r\/Terraform\/comments\/pu2api\/newb_route_table_question\/",
                "service_name": "reddit",
                "service_icon": "http:\/\/www.redditstatic.com\/desktop2x\/img\/favicon\/apple-icon-57x57.png",
                "title": "newb- route table question",
                "title_link": "https:\/\/www.reddit.com\/r\/Terraform\/comments\/pu2api\/newb_route_table_question\/",
                "thumb_url": "https:\/\/www.redditstatic.com\/new-icon.png",
                "thumb_width": 256,
                "thumb_height": 256,
                "text": "Hello, Reference, using visual studio code, on mac. I'm learning some terraform and in the information given in the lab is the following, which...",
                "id": 1,
                "original_url": "https:\/\/www.reddit.com\/r\/Terraform\/comments\/pu2api\/newb_route_table_question\/"
            }
        ],
        "edited": {
            "user": "BG3N7LG73",
            "ts": "1632424596.000000"
        }
    },
    {
        "type": "message",
        "subtype": "bot_message",
        "text": "<https:\/\/www.reddit.com\/r\/Terraform\/comments\/pu4xyc\/using_githubaction_with_codebuild\/|using githubaction with codebuild>\nI am using GitHub Actions with CodeBuild but whenever I run the workflow I am getting error message: *****STARTING CODEBUILD***** ​ [24](<https:\/\/github.com\/jude!%5BError%7C563x470|https:\/\/github.com\/jude![Error|563x470>](upload:\/\/3wIYvCwrkHB6AnfkeJqtWd1cSWI.png) 0143143\/CodeBuild\/runs\/3692850080?check_suite_focus=true#step:4:24)Error: The security token included in the request is invalid ​ name: 'GitHub Actions For CodeBuild' on: pull_request: branches: - test env: tf_version:...",
        "ts": "1632432399.048600",
        "username": "Terraform",
        "icons": {
            "image_48": "https:\/\/s3-us-west-2.amazonaws.com\/slack-files2\/bot_icons\/2019-02-12\/548785199618_48.png"
        },
        "bot_id": "BG3N7LG73",
        "blocks": [
            {
                "type": "rich_text",
                "block_id": "1S+6y",
                "elements": [
                    {
                        "type": "rich_text_section",
                        "elements": [
                            {
                                "type": "link",
                                "url": "https:\/\/www.reddit.com\/r\/Terraform\/comments\/pu4xyc\/using_githubaction_with_codebuild\/",
                                "text": "using githubaction with codebuild"
                            },
                            {
                                "type": "text",
                                "text": "\nI am using GitHub Actions with CodeBuild but whenever I run the workflow I am getting error message: *****STARTING CODEBUILD***** ​ [24]("
                            },
                            {
                                "type": "link",
                                "url": "https:\/\/github.com\/jude!%5BError%7C563x470",
                                "text": "https:\/\/github.com\/jude![Error|563x470"
                            },
                            {
                                "type": "text",
                                "text": "](upload:\/\/3wIYvCwrkHB6AnfkeJqtWd1cSWI.png) 0143143\/CodeBuild\/runs\/3692850080?check_suite_focus=true#step"
                            },
                            {
                                "type": "emoji",
                                "name": "4"
                            },
                            {
                                "type": "text",
                                "text": "24)Error: The security token included in the request is invalid ​ name: 'GitHub Actions For CodeBuild' on: pull_request: branches: - test env: tf_version:..."
                            }
                        ]
                    }
                ]
            }
        ],
        "attachments": [
            {
                "service_name": "reddit",
                "title": "using githubaction with codebuild",
                "title_link": "https:\/\/www.reddit.com\/r\/Terraform\/comments\/pu4xyc\/using_githubaction_with_codebuild\/",
                "text": "Posted in r\/Terraform by u\/bibi143143 • 1 point and 0 comments",
                "fallback": "reddit: using githubaction with codebuild",
                "from_url": "https:\/\/www.reddit.com\/r\/Terraform\/comments\/pu4xyc\/using_githubaction_with_codebuild\/",
                "thumb_url": "https:\/\/external-preview.redd.it\/hkq45pj6kbp71.png?overlay-align=bottom,left&crop=563:294.764397906,smart&overlay-height=15p&overlay=%2Fwatermark%2Ft5_2u8e4.png%3Fs%3Dbfb326ca8735739e33a60abaf9a7c73bcb4a2134&width=563&height=294.764397906&auto=webp&s=6cdcd49857f65b9bcd74d20947bb6774bedf1f94",
                "thumb_width": 130,
                "thumb_height": 60,
                "service_icon": "http:\/\/www.redditstatic.com\/desktop2x\/img\/favicon\/apple-icon-57x57.png",
                "id": 1,
                "original_url": "https:\/\/www.reddit.com\/r\/Terraform\/comments\/pu4xyc\/using_githubaction_with_codebuild\/"
            }
        ],
        "edited": {
            "user": "BG3N7LG73",
            "ts": "1632432400.000000"
        }
    },
    {
        "type": "message",
        "subtype": "bot_message",
        "text": "<https:\/\/www.reddit.com\/r\/Terraform\/comments\/pu5hut\/version_local_modules\/|Version local modules>\nIs there a good way to version local modules as easily as <https:\/\/www.terraform.io\/docs\/language\/modules\/sources.html#selecting-a-revision|this>? source = \"git::<https:\/\/example.com\/vpc.git?ref=v1.2.0>\"  I'd like to not rely on private remote sources which would require extra configuration for credentials.  Thanks for your time!    submitted by   <https:\/\/www.reddit.com\/user\/urnotfree| \/u\/urnotfree > \n&lt;a...",
        "ts": "1632434803.048800",
        "username": "Terraform",
        "icons": {
            "image_48": "https:\/\/s3-us-west-2.amazonaws.com\/slack-files2\/bot_icons\/2019-02-12\/548785199618_48.png"
        },
        "bot_id": "BG3N7LG73",
        "blocks": [
            {
                "type": "rich_text",
                "block_id": "wciT",
                "elements": [
                    {
                        "type": "rich_text_section",
                        "elements": [
                            {
                                "type": "link",
                                "url": "https:\/\/www.reddit.com\/r\/Terraform\/comments\/pu5hut\/version_local_modules\/",
                                "text": "Version local modules"
                            },
                            {
                                "type": "text",
                                "text": "\nIs there a good way to version local modules as easily as "
                            },
                            {
                                "type": "link",
                                "url": "https:\/\/www.terraform.io\/docs\/language\/modules\/sources.html#selecting-a-revision",
                                "text": "this"
                            },
                            {
                                "type": "text",
                                "text": "? source = \"git::"
                            },
                            {
                                "type": "link",
                                "url": "https:\/\/example.com\/vpc.git?ref=v1.2.0"
                            },
                            {
                                "type": "text",
                                "text": "\"  I'd like to not rely on private remote sources which would require extra configuration for credentials.  Thanks for your time!    submitted by   "
                            },
                            {
                                "type": "link",
                                "url": "https:\/\/www.reddit.com\/user\/urnotfree",
                                "text": "\/u\/urnotfree"
                            },
                            {
                                "type": "text",
                                "text": " \n<a..."
                            }
                        ]
                    }
                ]
            }
        ],
        "attachments": [
            {
                "fallback": "reddit: Version local modules",
                "from_url": "https:\/\/www.reddit.com\/r\/Terraform\/comments\/pu5hut\/version_local_modules\/",
                "service_name": "reddit",
                "service_icon": "http:\/\/www.redditstatic.com\/desktop2x\/img\/favicon\/apple-icon-57x57.png",
                "title": "Version local modules",
                "title_link": "https:\/\/www.reddit.com\/r\/Terraform\/comments\/pu5hut\/version_local_modules\/",
                "thumb_url": "https:\/\/www.redditstatic.com\/new-icon.png",
                "thumb_width": 256,
                "thumb_height": 256,
                "text": "Is there a good way to version local modules as easily as...",
                "id": 1,
                "original_url": "https:\/\/www.reddit.com\/r\/Terraform\/comments\/pu5hut\/version_local_modules\/"
            },
            {
                "fallback": "Terraform by HashiCorp: Module Sources - Terraform by HashiCorp",
                "from_url": "https:\/\/www.terraform.io\/docs\/language\/modules\/sources.html#selecting-a-revision",
                "service_name": "Terraform by HashiCorp",
                "service_icon": "https:\/\/www.terraform.io\/assets\/images\/favicons\/apple-touch-icon-5c2d0048.png",
                "title": "Module Sources - Terraform by HashiCorp",
                "title_link": "https:\/\/www.terraform.io\/docs\/language\/modules\/sources.html#selecting-a-revision",
                "thumb_url": "https:\/\/www.terraform.io\/assets\/images\/og-image-c18d275f.png",
                "thumb_width": 2400,
                "thumb_height": 1254,
                "text": "The source argument tells Terraform where to find child modules's configurations in locations like GitHub, the Terraform Registry, Bitbucket, Git, Mercurial, S3, and GCS.",
                "id": 2,
                "original_url": "https:\/\/www.terraform.io\/docs\/language\/modules\/sources.html#selecting-a-revision"
            },
            {
                "fallback": "reddit.com: over 18?",
                "from_url": "https:\/\/www.reddit.com\/user\/urnotfree",
                "service_name": "reddit.com",
                "service_icon": "http:\/\/www.redditstatic.com\/desktop2x\/img\/favicon\/apple-icon-57x57.png",
                "title": "reddit.com: over 18?",
                "title_link": "https:\/\/www.reddit.com\/user\/urnotfree",
                "text": "Reddit gives you the best of the internet in one place. Get a constantly updating feed of breaking news, fun stories, pics, memes, and videos just for you. Passionate about something niche? Reddit has thousands of vibrant communities with people that share your interests. Alternatively, find out what’s trending across all of Reddit on r\/popular. Reddit is also anonymous so you can be yourself, with your Reddit profile and persona disconnected from your real-world identity.",
                "id": 3,
                "original_url": "https:\/\/www.reddit.com\/user\/urnotfree"
            }
        ],
        "edited": {
            "user": "BG3N7LG73",
            "ts": "1632434803.000000"
        }
    },
    {
        "type": "message",
        "subtype": "bot_message",
        "text": "<https:\/\/www.reddit.com\/r\/Terraform\/comments\/pu6pbu\/is_there_value_in_a_tfplan_file_if_im_running_in\/|Is there value in a tfplan file if I'm running in a pipeline?>\nI'm relatively new to Terraform and I'm wondering if there is any value of using terraform plan -out foo.tfplan to capture the plan and use it when I call apply. I understand the value if I'm running locally or if I'm using policy validation, but is there any use for it in a straightforward pipeline?    submitted by   <https:\/\/www.reddit.com\/user\/dylanberry| \/u\/dylanberry > \n&lt;a...",
        "ts": "1632438403.049000",
        "username": "Terraform",
        "icons": {
            "image_48": "https:\/\/s3-us-west-2.amazonaws.com\/slack-files2\/bot_icons\/2019-02-12\/548785199618_48.png"
        },
        "bot_id": "BG3N7LG73",
        "blocks": [
            {
                "type": "rich_text",
                "block_id": "w0U",
                "elements": [
                    {
                        "type": "rich_text_section",
                        "elements": [
                            {
                                "type": "link",
                                "url": "https:\/\/www.reddit.com\/r\/Terraform\/comments\/pu6pbu\/is_there_value_in_a_tfplan_file_if_im_running_in\/",
                                "text": "Is there value in a tfplan file if I'm running in a pipeline?"
                            },
                            {
                                "type": "text",
                                "text": "\nI'm relatively new to Terraform and I'm wondering if there is any value of using terraform plan -out foo.tfplan to capture the plan and use it when I call apply. I understand the value if I'm running locally or if I'm using policy validation, but is there any use for it in a straightforward pipeline?    submitted by   "
                            },
                            {
                                "type": "link",
                                "url": "https:\/\/www.reddit.com\/user\/dylanberry",
                                "text": "\/u\/dylanberry"
                            },
                            {
                                "type": "text",
                                "text": " \n<a..."
                            }
                        ]
                    }
                ]
            }
        ],
        "attachments": [
            {
                "fallback": "reddit: Is there value in a tfplan file if I'm running in a pipeline?",
                "from_url": "https:\/\/www.reddit.com\/r\/Terraform\/comments\/pu6pbu\/is_there_value_in_a_tfplan_file_if_im_running_in\/",
                "service_name": "reddit",
                "service_icon": "http:\/\/www.redditstatic.com\/desktop2x\/img\/favicon\/apple-icon-57x57.png",
                "title": "Is there value in a tfplan file if I'm running in a pipeline?",
                "title_link": "https:\/\/www.reddit.com\/r\/Terraform\/comments\/pu6pbu\/is_there_value_in_a_tfplan_file_if_im_running_in\/",
                "thumb_url": "https:\/\/www.redditstatic.com\/new-icon.png",
                "thumb_width": 256,
                "thumb_height": 256,
                "text": "I'm relatively new to Terraform and I'm wondering if there is any value of using `terraform plan -out foo.tfplan` to capture the plan and use it...",
                "id": 1,
                "original_url": "https:\/\/www.reddit.com\/r\/Terraform\/comments\/pu6pbu\/is_there_value_in_a_tfplan_file_if_im_running_in\/"
            },
            {
                "fallback": "overview for dylanberry",
                "from_url": "https:\/\/www.reddit.com\/user\/dylanberry",
                "service_name": "reddit.com",
                "service_icon": "http:\/\/www.redditstatic.com\/desktop2x\/img\/favicon\/apple-icon-57x57.png",
                "title": "overview for dylanberry",
                "title_link": "https:\/\/www.reddit.com\/user\/dylanberry",
                "text": "The u\/dylanberry community on Reddit. Reddit gives you the best of the internet in one place.",
                "id": 2,
                "original_url": "https:\/\/www.reddit.com\/user\/dylanberry"
            }
        ],
        "edited": {
            "user": "BG3N7LG73",
            "ts": "1632438403.000000"
        }
    },
    {
        "type": "message",
        "subtype": "bot_message",
        "text": "<https:\/\/www.reddit.com\/r\/Terraform\/comments\/pu9leq\/how_to_set_a_public_and_a_private_subnets_for_eks\/|How to set a public and a private subnets for EKS on AWS with Terraform?>\nI defined a public and a private subnet CIDR as below. locals { eks_public_subnets = [ \"10.124.12.0\/25\", \"10.124.14.0\/25\", ] eks_private_subnets = [ \"10.124.12.32\/25\", \"10.124.14.32\/25\", ] }  Then defined a VPC and two subnets creation. resource \"aws_vpc\" \"this\" { cidr_block = \"10.124.12.0\/22\" enable_dns_hostnames = true tags = local.tags } resource \"aws_subnet\" \"eks_public\" { count = length(local.eks_public_subnets) vpc_id = aws_vpc.this.id cidr_block = local.eks_public_subnets[count.index]...",
        "ts": "1632448601.049200",
        "username": "Terraform",
        "icons": {
            "image_48": "https:\/\/s3-us-west-2.amazonaws.com\/slack-files2\/bot_icons\/2019-02-12\/548785199618_48.png"
        },
        "bot_id": "BG3N7LG73",
        "blocks": [
            {
                "type": "rich_text",
                "block_id": "9qXfg",
                "elements": [
                    {
                        "type": "rich_text_section",
                        "elements": [
                            {
                                "type": "link",
                                "url": "https:\/\/www.reddit.com\/r\/Terraform\/comments\/pu9leq\/how_to_set_a_public_and_a_private_subnets_for_eks\/",
                                "text": "How to set a public and a private subnets for EKS on AWS with Terraform?"
                            },
                            {
                                "type": "text",
                                "text": "\nI defined a public and a private subnet CIDR as below. locals { eks_public_subnets = [ \"10.124.12.0\/25\", \"10.124.14.0\/25\", ] eks_private_subnets = [ \"10.124.12.32\/25\", \"10.124.14.32\/25\", ] }  Then defined a VPC and two subnets creation. resource \"aws_vpc\" \"this\" { cidr_block = \"10.124.12.0\/22\" enable_dns_hostnames = true tags = local.tags } resource \"aws_subnet\" \"eks_public\" { count = length(local.eks_public_subnets) vpc_id = aws_vpc.this.id cidr_block = local.eks_public_subnets[count.index]..."
                            }
                        ]
                    }
                ]
            }
        ],
        "attachments": [
            {
                "fallback": "reddit: How to set a public and a private subnets for EKS on AWS with Terraform?",
                "from_url": "https:\/\/www.reddit.com\/r\/Terraform\/comments\/pu9leq\/how_to_set_a_public_and_a_private_subnets_for_eks\/",
                "service_name": "reddit",
                "service_icon": "http:\/\/www.redditstatic.com\/desktop2x\/img\/favicon\/apple-icon-57x57.png",
                "title": "How to set a public and a private subnets for EKS on AWS with Terraform?",
                "title_link": "https:\/\/www.reddit.com\/r\/Terraform\/comments\/pu9leq\/how_to_set_a_public_and_a_private_subnets_for_eks\/",
                "thumb_url": "https:\/\/www.redditstatic.com\/new-icon.png",
                "thumb_width": 256,
                "thumb_height": 256,
                "text": "I defined a public and a private subnet CIDR as below. locals { eks_public_subnets = [ \"10.124.12.0\/25\", ...",
                "id": 1,
                "original_url": "https:\/\/www.reddit.com\/r\/Terraform\/comments\/pu9leq\/how_to_set_a_public_and_a_private_subnets_for_eks\/"
            }
        ],
        "edited": {
            "user": "BG3N7LG73",
            "ts": "1632448601.000000"
        }
    },
    {
        "type": "message",
        "subtype": "bot_message",
        "text": "<https:\/\/www.reddit.com\/r\/Terraform\/comments\/pudy09\/primary_ways_to_trigger_terraform_cloud_runs_from\/|Primary ways to trigger Terraform Cloud runs from GitHub>\nsubmitted by   <https:\/\/www.reddit.com\/user\/BrendanThompson| \/u\/BrendanThompson > \n<https:\/\/brendanthompson.com\/posts\/2021\/09\/triggering-terraform-cloud-runs-from-github|[link]>   <https:\/\/www.reddit.com\/r\/Terraform\/comments\/pudy09\/primary_ways_to_trigger_terraform_cloud_runs_from\/|[comments]>",
        "ts": "1632465400.049400",
        "username": "Terraform",
        "icons": {
            "image_48": "https:\/\/s3-us-west-2.amazonaws.com\/slack-files2\/bot_icons\/2019-02-12\/548785199618_48.png"
        },
        "bot_id": "BG3N7LG73",
        "blocks": [
            {
                "type": "rich_text",
                "block_id": "WDb",
                "elements": [
                    {
                        "type": "rich_text_section",
                        "elements": [
                            {
                                "type": "link",
                                "url": "https:\/\/www.reddit.com\/r\/Terraform\/comments\/pudy09\/primary_ways_to_trigger_terraform_cloud_runs_from\/",
                                "text": "Primary ways to trigger Terraform Cloud runs from GitHub"
                            },
                            {
                                "type": "text",
                                "text": "\nsubmitted by   "
                            },
                            {
                                "type": "link",
                                "url": "https:\/\/www.reddit.com\/user\/BrendanThompson",
                                "text": "\/u\/BrendanThompson"
                            },
                            {
                                "type": "text",
                                "text": " \n"
                            },
                            {
                                "type": "link",
                                "url": "https:\/\/brendanthompson.com\/posts\/2021\/09\/triggering-terraform-cloud-runs-from-github",
                                "text": "[link]"
                            },
                            {
                                "type": "text",
                                "text": "   "
                            },
                            {
                                "type": "link",
                                "url": "https:\/\/www.reddit.com\/r\/Terraform\/comments\/pudy09\/primary_ways_to_trigger_terraform_cloud_runs_from\/",
                                "text": "[comments]"
                            }
                        ]
                    }
                ]
            }
        ],
        "attachments": [
            {
                "fallback": "reddit: Primary ways to trigger Terraform Cloud runs from GitHub",
                "from_url": "https:\/\/www.reddit.com\/r\/Terraform\/comments\/pudy09\/primary_ways_to_trigger_terraform_cloud_runs_from\/",
                "service_name": "reddit",
                "service_icon": "http:\/\/www.redditstatic.com\/desktop2x\/img\/favicon\/apple-icon-57x57.png",
                "title": "Primary ways to trigger Terraform Cloud runs from GitHub",
                "title_link": "https:\/\/www.reddit.com\/r\/Terraform\/comments\/pudy09\/primary_ways_to_trigger_terraform_cloud_runs_from\/",
                "thumb_url": "https:\/\/www.redditstatic.com\/new-icon.png",
                "thumb_width": 256,
                "thumb_height": 256,
                "text": "Posted in r\/Terraform by u\/BrendanThompson • 1 point and 0 comments",
                "id": 1,
                "original_url": "https:\/\/www.reddit.com\/r\/Terraform\/comments\/pudy09\/primary_ways_to_trigger_terraform_cloud_runs_from\/"
            },
            {
                "fallback": "overview for BrendanThompson",
                "from_url": "https:\/\/www.reddit.com\/user\/BrendanThompson",
                "service_name": "reddit.com",
                "service_icon": "http:\/\/www.redditstatic.com\/desktop2x\/img\/favicon\/apple-icon-57x57.png",
                "title": "overview for BrendanThompson",
                "title_link": "https:\/\/www.reddit.com\/user\/BrendanThompson",
                "text": "The u\/BrendanThompson community on Reddit. Reddit gives you the best of the internet in one place.",
                "id": 2,
                "original_url": "https:\/\/www.reddit.com\/user\/BrendanThompson"
            },
            {
                "fallback": "Brendan Thompson: Triggering Terraform Cloud runs from GitHub",
                "image_url": "https:\/\/brendanthompson.com\/images\/og.jpg",
                "image_width": 444,
                "image_height": 250,
                "image_bytes": 114357,
                "from_url": "https:\/\/brendanthompson.com\/posts\/2021\/09\/triggering-terraform-cloud-runs-from-github",
                "service_name": "Brendan Thompson",
                "service_icon": "https:\/\/brendanthompson.com\/favicons\/apple-icon-57x57.png",
                "title": "Triggering Terraform Cloud runs from GitHub",
                "title_link": "https:\/\/brendanthompson.com\/posts\/2021\/09\/triggering-terraform-cloud-runs-from-github",
                "text": "A run-through of the two primary ways to trigger runs in Terraform Cloud from code that lives in a GitHub repository.",
                "fields": [
                    {
                        "title": "Posted on",
                        "value": "23 September 2021",
                        "short": true
                    },
                    {
                        "title": "Reading time",
                        "value": "4 min",
                        "short": true
                    }
                ],
                "ts": 1632380400,
                "id": 3,
                "original_url": "https:\/\/brendanthompson.com\/posts\/2021\/09\/triggering-terraform-cloud-runs-from-github"
            }
        ],
        "edited": {
            "user": "BG3N7LG73",
            "ts": "1632465400.000000"
        }
    }
]