[
    {
        "client_msg_id": "09e1b6c7-40c4-4d86-9d94-428aadb9198b",
        "type": "message",
        "text": "前はハドルって有料プランだけだった気がするけど、\nいつの間にか無料プランでも使えるようになったっぽい？？",
        "user": "UFU0BKD8F",
        "ts": "1652533486.449979",
        "blocks": [
            {
                "type": "rich_text",
                "block_id": "6PF",
                "elements": [
                    {
                        "type": "rich_text_section",
                        "elements": [
                            {
                                "type": "text",
                                "text": "前はハドルって有料プランだけだった気がするけど、\nいつの間にか無料プランでも使えるようになったっぽい？？"
                            }
                        ]
                    }
                ]
            }
        ],
        "team": "TFU0BKCQP",
        "user_team": "TFU0BKCQP",
        "source_team": "TFU0BKCQP",
        "user_profile": {
            "avatar_hash": "92c41c62c7b0",
            "image_72": "https:\/\/avatars.slack-edge.com\/2019-01-30\/537137791812_92c41c62c7b0f054d3dd_72.jpg",
            "first_name": "らき",
            "real_name": "らき",
            "display_name": "raki",
            "team": "TFU0BKCQP",
            "name": "nishimuray",
            "is_restricted": false,
            "is_ultra_restricted": false
        },
        "thread_ts": "1652533486.449979",
        "reply_count": 10,
        "reply_users_count": 2,
        "latest_reply": "1656086855.475879",
        "reply_users": [
            "U02UHQ29FFW",
            "UFU0BKD8F"
        ],
        "replies": [
            {
                "user": "U02UHQ29FFW",
                "ts": "1656083511.620579"
            },
            {
                "user": "UFU0BKD8F",
                "ts": "1656083638.302259"
            },
            {
                "user": "U02UHQ29FFW",
                "ts": "1656083721.726869"
            },
            {
                "user": "UFU0BKD8F",
                "ts": "1656084084.176659"
            },
            {
                "user": "U02UHQ29FFW",
                "ts": "1656084360.527339"
            },
            {
                "user": "UFU0BKD8F",
                "ts": "1656084956.856049"
            },
            {
                "user": "U02UHQ29FFW",
                "ts": "1656085518.510329"
            },
            {
                "user": "UFU0BKD8F",
                "ts": "1656085897.143689"
            },
            {
                "user": "U02UHQ29FFW",
                "ts": "1656086529.796459"
            },
            {
                "user": "UFU0BKD8F",
                "ts": "1656086855.475879"
            }
        ],
        "is_locked": false,
        "subscribed": true,
        "last_read": "1656086855.475879"
    }
]