[
    {
        "client_msg_id": "f2f124de-3cf2-414d-95eb-b47f2f24d735",
        "type": "message",
        "text": "v0.12-betaきた\n<https:\/\/terraform-jp.slack.com\/archives\/CG2UA0AA2\/p1551395218000300>",
        "user": "UFU0BKD8F",
        "ts": "1551401485.000400",
        "attachments": [
            {
                "fallback": "hashicorp\/terraform on GitHub\nv0.12.0-beta1 pre-release, updated\nrelease note: <https:\/\/newreleases.io\/github\/hashicorp\/terraform?version=v0.12.0-beta1>",
                "text": "`v0.12.0-beta1` _pre-release_, _updated_\n```\nThis is a pre-release version of Terraform v0.12.0.\n\nFor important information on the status of this release, please see the release announcement ( <https:\/\/www.hashicorp.com\/blog\/announcing-terraform-0-1-2-beta1> ).\n```\n<https:\/\/newreleases.io\/github\/hashicorp\/terraform?version=v0.12.0-beta1|release note...>",
                "title": "hashicorp\/terraform on GitHub",
                "id": 1,
                "title_link": "https:\/\/newreleases.io\/github\/hashicorp\/terraform",
                "mrkdwn_in": [
                    "text"
                ],
                "original_url": "https:\/\/terraform-jp.slack.com\/archives\/CG2UA0AA2\/p1551395218000300"
            }
        ],
        "reactions": [
            {
                "name": "tada",
                "users": [
                    "UG46Z57TN",
                    "UFTKSQ25T"
                ],
                "count": 2
            }
        ]
    },
    {
        "client_msg_id": "ee83b9d3-f3a2-45e7-aa3d-a36fe0d782c0",
        "type": "message",
        "text": "ついに....!!!",
        "user": "UFTKSQ25T",
        "ts": "1551409469.000900"
    },
    {
        "client_msg_id": "6b680824-f7a3-47f8-8a17-41061f17ed7c",
        "type": "message",
        "text": "あんまり先行しても辛くなるだけなのでb2かb3になってからでもいいかなって。。。ｗ\n<https:\/\/www.hashicorp.com\/blog\/announcing-terraform-0-1-2-beta1>",
        "user": "UFU0BKD8F",
        "ts": "1551409683.002300",
        "attachments": [
            {
                "service_name": "HashiCorp - Cloud Infrastructure Automation",
                "title": "Announcing Terraform 0.12 Beta 1",
                "title_link": "https:\/\/www.hashicorp.com\/blog\/announcing-terraform-0-1-2-beta1",
                "text": "We’d like to invite the community to try the first Terraform 0.12 Beta release. This release includes major Terraform language improvements and a tool for automatically upgrading m...",
                "fallback": "HashiCorp - Cloud Infrastructure Automation: Announcing Terraform 0.12 Beta 1",
                "thumb_url": "https:\/\/www.datocms-assets.com\/2885\/1518044148-terraform_verticallogo_fullcolor.png",
                "from_url": "https:\/\/www.hashicorp.com\/blog\/announcing-terraform-0-1-2-beta1",
                "thumb_width": 678,
                "thumb_height": 677,
                "service_icon": "https:\/\/www.datocms-assets.com\/2885\/1527033389-favicon.png?w=57&h=57",
                "id": 1,
                "original_url": "https:\/\/www.hashicorp.com\/blog\/announcing-terraform-0-1-2-beta1"
            }
        ]
    },
    {
        "client_msg_id": "1472dc0d-5318-44dc-beda-6e1c63d60600",
        "type": "message",
        "text": "危なそうな気配が漂っていますね…hashimoto氏も\n<https:\/\/terraform-jp.slack.com\/archives\/CG1Q97RT7\/p1551396881017100>",
        "user": "UFTKSQ25T",
        "ts": "1551410338.003400",
        "attachments": [
            {
                "title": "@mitchellh is Tweet",
                "title_link": "https:\/\/twitter.com\/mitchellh",
                "text": "What would be super helpful for us: (1) get your 0.11 configs (2) copy them so you don't risk your production state (3) `terraform init` and `0.12upgrade` (4) `terraform plan`. Report an issue to us about what did not work. <https:\/\/t.co\/0Xai8hQk2D> (via Twitter <http:\/\/twitter.com\/mitchellh\/status\/1101263576994443264>)",
                "fallback": "What would be super helpful for us: (1) get your 0.11 configs (2) copy them so you don't risk your production state (3) `terraform init` and `0.12upgrade` (4) `terraform plan`. Report an issue to us about what did not work. <https:\/\/t.co\/0Xai8hQk2D> (via Twitter <http:\/\/twitter.com\/mitchellh\/status\/1101263576994443264>)",
                "mrkdwn_in": [
                    "text",
                    "pretext"
                ],
                "id": 1,
                "original_url": "https:\/\/terraform-jp.slack.com\/archives\/CG1Q97RT7\/p1551396881017100"
            }
        ]
    },
    {
        "client_msg_id": "86d73af5-b252-42c9-88d9-e1cad6e1a667",
        "type": "message",
        "text": "そりゃ危ないよね。もとに戻せない方法でアップグレードされるから。。。\nリモートステートの場合はバックアップとってからやらないと爆死する事例がでそう",
        "user": "UFU0BKD8F",
        "ts": "1551410461.004500"
    },
    {
        "client_msg_id": "d02017a9-544d-4f7e-9065-a90b3bd7e8f2",
        "type": "message",
        "text": "まぁそもそもそんな困る環境でbeta使うなって話だけれどもｗ",
        "user": "UFU0BKD8F",
        "ts": "1551410484.005000",
        "reactions": [
            {
                "name": "innocent",
                "users": [
                    "UFTKSQ25T"
                ],
                "count": 1
            }
        ]
    }
]