[
    {
        "type": "message",
        "subtype": "channel_join",
        "ts": "1617618647.000400",
        "user": "ULUB60T88",
        "text": "<@ULUB60T88>さんがチャンネルに参加しました"
    },
    {
        "client_msg_id": "def1d035-3ac3-4c7a-a956-b50333762418",
        "type": "message",
        "text": "Terraform v0.15のリリース日4\/22なのかな。先にイベント情報がw\n<https:\/\/www.hashicorp.com\/events\/webinars\/terraform-0-15-building-the-defacto-roadmap-to-stability-usability-and-scalability>",
        "user": "UHS4SFFA7",
        "ts": "1617669979.001300",
        "team": "TFU0BKCQP",
        "user_team": "TFU0BKCQP",
        "source_team": "TFU0BKCQP",
        "user_profile": {
            "avatar_hash": "gade34f8bdf1",
            "image_72": "https:\/\/secure.gravatar.com\/avatar\/5ade34f8bdf1b55c4ff82c11cf23cf42.jpg?s=72&d=https%3A%2F%2Fa.slack-edge.com%2Fdf10d%2Fimg%2Favatars%2Fava_0008-72.png",
            "first_name": "",
            "real_name": "minamijoyo",
            "display_name": "minamijoyo",
            "team": "TFU0BKCQP",
            "name": "minamijoyo",
            "is_restricted": false,
            "is_ultra_restricted": false
        },
        "attachments": [
            {
                "service_name": "HashiCorp",
                "title": "Announcing Terraform 0.15: Building the DeFacto Roadmap to Stability, Usability &amp; Scalability",
                "title_link": "https:\/\/www.hashicorp.com\/events\/webinars\/terraform-0-15-building-the-defacto-roadmap-to-stability-usability-and-scalability",
                "fallback": "HashiCorp: Announcing Terraform 0.15: Building the DeFacto Roadmap to Stability, Usability &amp; Scalability",
                "image_url": "https:\/\/www.datocms-assets.com\/2885\/1599178066-events-social-share.jpg",
                "from_url": "https:\/\/www.hashicorp.com\/events\/webinars\/terraform-0-15-building-the-defacto-roadmap-to-stability-usability-and-scalability",
                "image_width": 476,
                "image_height": 250,
                "image_bytes": 1342199,
                "id": 1,
                "original_url": "https:\/\/www.hashicorp.com\/events\/webinars\/terraform-0-15-building-the-defacto-roadmap-to-stability-usability-and-scalability"
            }
        ],
        "blocks": [
            {
                "type": "rich_text",
                "block_id": "ufp2",
                "elements": [
                    {
                        "type": "rich_text_section",
                        "elements": [
                            {
                                "type": "text",
                                "text": "Terraform v0.15のリリース日4\/22なのかな。先にイベント情報がw\n"
                            },
                            {
                                "type": "link",
                                "url": "https:\/\/www.hashicorp.com\/events\/webinars\/terraform-0-15-building-the-defacto-roadmap-to-stability-usability-and-scalability"
                            }
                        ]
                    }
                ]
            }
        ]
    },
    {
        "client_msg_id": "f1ebd186-85cd-4085-813e-ae33ccb1275e",
        "type": "message",
        "text": "いやいやここはまだベータですがって前置きするタイミングかもしれないよｗ",
        "user": "UFU0BKD8F",
        "ts": "1617670823.001900",
        "team": "TFU0BKCQP",
        "user_team": "TFU0BKCQP",
        "source_team": "TFU0BKCQP",
        "user_profile": {
            "avatar_hash": "92c41c62c7b0",
            "image_72": "https:\/\/avatars.slack-edge.com\/2019-01-30\/537137791812_92c41c62c7b0f054d3dd_72.jpg",
            "first_name": "らき",
            "real_name": "らき",
            "display_name": "raki",
            "team": "TFU0BKCQP",
            "name": "nishimuray",
            "is_restricted": false,
            "is_ultra_restricted": false
        },
        "blocks": [
            {
                "type": "rich_text",
                "block_id": "ZlVgY",
                "elements": [
                    {
                        "type": "rich_text_section",
                        "elements": [
                            {
                                "type": "text",
                                "text": "いやいやここはまだベータですがって前置きするタイミングかもしれないよｗ"
                            }
                        ]
                    }
                ]
            }
        ]
    },
    {
        "client_msg_id": "c6e1870a-278f-4b2f-8aad-0abb7956f6a9",
        "type": "message",
        "text": "最近木曜日リリースが多いので、開発チームのスプリントの区切りがそこなのかなって思ってた。",
        "user": "UHS4SFFA7",
        "ts": "1617671005.002700",
        "team": "TFU0BKCQP",
        "user_team": "TFU0BKCQP",
        "source_team": "TFU0BKCQP",
        "user_profile": {
            "avatar_hash": "gade34f8bdf1",
            "image_72": "https:\/\/secure.gravatar.com\/avatar\/5ade34f8bdf1b55c4ff82c11cf23cf42.jpg?s=72&d=https%3A%2F%2Fa.slack-edge.com%2Fdf10d%2Fimg%2Favatars%2Fava_0008-72.png",
            "first_name": "",
            "real_name": "minamijoyo",
            "display_name": "minamijoyo",
            "team": "TFU0BKCQP",
            "name": "minamijoyo",
            "is_restricted": false,
            "is_ultra_restricted": false
        },
        "blocks": [
            {
                "type": "rich_text",
                "block_id": "8jM",
                "elements": [
                    {
                        "type": "rich_text_section",
                        "elements": [
                            {
                                "type": "text",
                                "text": "最近木曜日リリースが多いので、開発チームのスプリントの区切りがそこなのかなって思ってた。"
                            }
                        ]
                    }
                ]
            }
        ]
    },
    {
        "client_msg_id": "08bed1ba-7be9-48dd-b988-911abc4e8b00",
        "type": "message",
        "text": "rc1まで出てるし、クリティカルなバグがなければそのままGAが既定路線なんでしょう。0.15のbetaバグ報告少なくって、みんな0.15までまだ辿り着いてない気がしないでもない",
        "user": "UHS4SFFA7",
        "ts": "1617671126.004300",
        "team": "TFU0BKCQP",
        "user_team": "TFU0BKCQP",
        "source_team": "TFU0BKCQP",
        "user_profile": {
            "avatar_hash": "gade34f8bdf1",
            "image_72": "https:\/\/secure.gravatar.com\/avatar\/5ade34f8bdf1b55c4ff82c11cf23cf42.jpg?s=72&d=https%3A%2F%2Fa.slack-edge.com%2Fdf10d%2Fimg%2Favatars%2Fava_0008-72.png",
            "first_name": "",
            "real_name": "minamijoyo",
            "display_name": "minamijoyo",
            "team": "TFU0BKCQP",
            "name": "minamijoyo",
            "is_restricted": false,
            "is_ultra_restricted": false
        },
        "blocks": [
            {
                "type": "rich_text",
                "block_id": "toc",
                "elements": [
                    {
                        "type": "rich_text_section",
                        "elements": [
                            {
                                "type": "text",
                                "text": "rc1まで出てるし、クリティカルなバグがなければそのままGAが既定路線なんでしょう。0.15のbetaバグ報告少なくって、みんな0.15までまだ辿り着いてない気がしないでもない"
                            }
                        ]
                    }
                ]
            }
        ]
    },
    {
        "client_msg_id": "1093c0d8-7361-4725-bd12-9c022713ec41",
        "type": "message",
        "text": "0.15.0が出てからが本当のbetaテストの始まりだ",
        "user": "UHS4SFFA7",
        "ts": "1617671178.004900",
        "team": "TFU0BKCQP",
        "user_team": "TFU0BKCQP",
        "source_team": "TFU0BKCQP",
        "user_profile": {
            "avatar_hash": "gade34f8bdf1",
            "image_72": "https:\/\/secure.gravatar.com\/avatar\/5ade34f8bdf1b55c4ff82c11cf23cf42.jpg?s=72&d=https%3A%2F%2Fa.slack-edge.com%2Fdf10d%2Fimg%2Favatars%2Fava_0008-72.png",
            "first_name": "",
            "real_name": "minamijoyo",
            "display_name": "minamijoyo",
            "team": "TFU0BKCQP",
            "name": "minamijoyo",
            "is_restricted": false,
            "is_ultra_restricted": false
        },
        "blocks": [
            {
                "type": "rich_text",
                "block_id": "myA",
                "elements": [
                    {
                        "type": "rich_text_section",
                        "elements": [
                            {
                                "type": "text",
                                "text": "0.15.0が出てからが本当のbetaテストの始まりだ"
                            }
                        ]
                    }
                ]
            }
        ],
        "reactions": [
            {
                "name": "wakarimi",
                "users": [
                    "UGFSM002K"
                ],
                "count": 1
            }
        ]
    },
    {
        "client_msg_id": "4dc0edda-587a-422d-9fd2-04f1e6dae81f",
        "type": "message",
        "text": "HashiCorpせんせいの次回作にご期待くださいｗｗｗ",
        "user": "UFU0BKD8F",
        "ts": "1617671456.005200",
        "team": "TFU0BKCQP",
        "user_team": "TFU0BKCQP",
        "source_team": "TFU0BKCQP",
        "user_profile": {
            "avatar_hash": "92c41c62c7b0",
            "image_72": "https:\/\/avatars.slack-edge.com\/2019-01-30\/537137791812_92c41c62c7b0f054d3dd_72.jpg",
            "first_name": "らき",
            "real_name": "らき",
            "display_name": "raki",
            "team": "TFU0BKCQP",
            "name": "nishimuray",
            "is_restricted": false,
            "is_ultra_restricted": false
        },
        "blocks": [
            {
                "type": "rich_text",
                "block_id": "e8a",
                "elements": [
                    {
                        "type": "rich_text_section",
                        "elements": [
                            {
                                "type": "text",
                                "text": "HashiCorpせんせいの次回作にご期待くださいｗｗｗ"
                            }
                        ]
                    }
                ]
            }
        ]
    },
    {
        "client_msg_id": "a76cd686-8ff1-412a-9b4d-824ac0ad8b3c",
        "type": "message",
        "text": "betaとrcはproductionで使うなと言われると.0がGAするまでは試しづらいよね",
        "user": "UHS4SFFA7",
        "ts": "1617671559.005900",
        "team": "TFU0BKCQP",
        "user_team": "TFU0BKCQP",
        "source_team": "TFU0BKCQP",
        "user_profile": {
            "avatar_hash": "gade34f8bdf1",
            "image_72": "https:\/\/secure.gravatar.com\/avatar\/5ade34f8bdf1b55c4ff82c11cf23cf42.jpg?s=72&d=https%3A%2F%2Fa.slack-edge.com%2Fdf10d%2Fimg%2Favatars%2Fava_0008-72.png",
            "first_name": "",
            "real_name": "minamijoyo",
            "display_name": "minamijoyo",
            "team": "TFU0BKCQP",
            "name": "minamijoyo",
            "is_restricted": false,
            "is_ultra_restricted": false
        },
        "blocks": [
            {
                "type": "rich_text",
                "block_id": "THcHF",
                "elements": [
                    {
                        "type": "rich_text_section",
                        "elements": [
                            {
                                "type": "text",
                                "text": "betaとrcはproductionで使うなと言われると.0がGAするまでは試しづらいよね"
                            }
                        ]
                    }
                ]
            }
        ]
    },
    {
        "client_msg_id": "5d96b94f-83c5-482c-87bd-49407031fa09",
        "type": "message",
        "text": "わかる。。。てゆうか、まぁそもそもprodにいきなりバージョンアップ版あてたりはしないけれどもｗ\nprodとそれ以外のところでやっぱりリソースの差異とかあるので、ちゃんとしたチェックが\nできないこと考えると、どうしても日和って後追いになる。。。",
        "user": "UFU0BKD8F",
        "ts": "1617677742.008400",
        "team": "TFU0BKCQP",
        "user_team": "TFU0BKCQP",
        "source_team": "TFU0BKCQP",
        "user_profile": {
            "avatar_hash": "92c41c62c7b0",
            "image_72": "https:\/\/avatars.slack-edge.com\/2019-01-30\/537137791812_92c41c62c7b0f054d3dd_72.jpg",
            "first_name": "らき",
            "real_name": "らき",
            "display_name": "raki",
            "team": "TFU0BKCQP",
            "name": "nishimuray",
            "is_restricted": false,
            "is_ultra_restricted": false
        },
        "blocks": [
            {
                "type": "rich_text",
                "block_id": "sYd",
                "elements": [
                    {
                        "type": "rich_text_section",
                        "elements": [
                            {
                                "type": "text",
                                "text": "わかる。。。てゆうか、まぁそもそもprodにいきなりバージョンアップ版あてたりはしないけれどもｗ\nprodとそれ以外のところでやっぱりリソースの差異とかあるので、ちゃんとしたチェックが\nできないこと考えると、どうしても日和って後追いになる。。。"
                            }
                        ]
                    }
                ]
            }
        ]
    }
]