[
    {
        "type": "message",
        "subtype": "bot_message",
        "text": "<https:\/\/www.reddit.com\/r\/Terraform\/comments\/vzog5p\/packer_ssh_timeout_issue\/|packer ssh timeout issue>\n​ I am seeing these happening a lot and then it gets time out  [DEBUG] SSH handshake err: Timeout during SSH handshake\n [INFO] Attempting SSH connection to 127.0.0.1:3100...\n [DEBUG] reconnecting to TCP connection for SSH\n [DEBUG] handshaking with SSH    submitted by   <https:\/\/www.reddit.com\/user\/This_Command7696| \/u\/This_Command7696 > \n<https:\/\/www.reddit.com\/r\/Terraform\/comments\/vzog5p\/packer_ssh_timeout_issue\/|[link]>   &lt;a...",
        "ts": "1657892188.949879",
        "username": "Terraform",
        "icons": {
            "image_48": "https:\/\/s3-us-west-2.amazonaws.com\/slack-files2\/bot_icons\/2019-02-12\/548785199618_48.png"
        },
        "bot_id": "BG3N7LG73",
        "blocks": [
            {
                "type": "rich_text",
                "block_id": "5an\/D",
                "elements": [
                    {
                        "type": "rich_text_section",
                        "elements": [
                            {
                                "type": "link",
                                "url": "https:\/\/www.reddit.com\/r\/Terraform\/comments\/vzog5p\/packer_ssh_timeout_issue\/",
                                "text": "packer ssh timeout issue"
                            },
                            {
                                "type": "text",
                                "text": "\n I am seeing these happening a lot and then it gets time out  [DEBUG] SSH handshake err: Timeout during SSH handshake\n [INFO] Attempting SSH connection to 127.0.0.1:3100...\n [DEBUG] reconnecting to TCP connection for SSH\n [DEBUG] handshaking with SSH    submitted by   "
                            },
                            {
                                "type": "link",
                                "url": "https:\/\/www.reddit.com\/user\/This_Command7696",
                                "text": "\/u\/This_Command7696"
                            },
                            {
                                "type": "text",
                                "text": " \n"
                            },
                            {
                                "type": "link",
                                "url": "https:\/\/www.reddit.com\/r\/Terraform\/comments\/vzog5p\/packer_ssh_timeout_issue\/",
                                "text": "[link]"
                            },
                            {
                                "type": "text",
                                "text": "   <a..."
                            }
                        ]
                    }
                ]
            }
        ],
        "attachments": [
            {
                "from_url": "https:\/\/www.reddit.com\/r\/Terraform\/comments\/vzog5p\/packer_ssh_timeout_issue\/",
                "thumb_url": "https:\/\/www.redditstatic.com\/new-icon.png",
                "thumb_width": 256,
                "thumb_height": 256,
                "service_icon": "http:\/\/www.redditstatic.com\/desktop2x\/img\/favicon\/apple-icon-57x57.png",
                "id": 1,
                "original_url": "https:\/\/www.reddit.com\/r\/Terraform\/comments\/vzog5p\/packer_ssh_timeout_issue\/",
                "fallback": "reddit: packer ssh timeout issue",
                "text": "&amp;#x200B; I am seeing these happening a lot and then it gets time out \\[DEBUG\\] SSH handshake err: Timeout during SSH handshake \\[INFO\\]...",
                "title": "packer ssh timeout issue",
                "title_link": "https:\/\/www.reddit.com\/r\/Terraform\/comments\/vzog5p\/packer_ssh_timeout_issue\/",
                "service_name": "reddit"
            },
            {
                "from_url": "https:\/\/www.reddit.com\/user\/This_Command7696",
                "service_icon": "http:\/\/www.redditstatic.com\/desktop2x\/img\/favicon\/apple-icon-57x57.png",
                "id": 2,
                "original_url": "https:\/\/www.reddit.com\/user\/This_Command7696",
                "fallback": "overview for This_Command7696",
                "text": "The u\/This_Command7696 community on Reddit. Reddit gives you the best of the internet in one place.",
                "title": "overview for This_Command7696",
                "title_link": "https:\/\/www.reddit.com\/user\/This_Command7696",
                "service_name": "reddit.com"
            }
        ],
        "edited": {
            "user": "BG3N7LG73",
            "ts": "1657892189.000000"
        }
    },
    {
        "type": "message",
        "subtype": "bot_message",
        "text": "<https:\/\/www.reddit.com\/r\/Terraform\/comments\/vzr8k7\/better_way_to_test_if_something_exists\/|Better way to test if something exists>\nI have a project that test to see if an active directory exists and builds depending on if there is one or not. Im using the following line \"count = var.directory_id == \"\" ? 1 : 0\" but sometimes it gives me this error. \"The \"count\" value depends on resource attributes that cannot be determined until apply, so Terraform cannot predict how many instances will be created. To work around this, use the -target argument to first apply only the resources that the count depends on.\" Is there a better...",
        "ts": "1657898789.081669",
        "username": "Terraform",
        "icons": {
            "image_48": "https:\/\/s3-us-west-2.amazonaws.com\/slack-files2\/bot_icons\/2019-02-12\/548785199618_48.png"
        },
        "bot_id": "BG3N7LG73",
        "blocks": [
            {
                "type": "rich_text",
                "block_id": "jGjRS",
                "elements": [
                    {
                        "type": "rich_text_section",
                        "elements": [
                            {
                                "type": "link",
                                "url": "https:\/\/www.reddit.com\/r\/Terraform\/comments\/vzr8k7\/better_way_to_test_if_something_exists\/",
                                "text": "Better way to test if something exists"
                            },
                            {
                                "type": "text",
                                "text": "\nI have a project that test to see if an active directory exists and builds depending on if there is one or not. Im using the following line \"count = var.directory_id == \"\" ? 1 : 0\" but sometimes it gives me this error. \"The \"count\" value depends on resource attributes that cannot be determined until apply, so Terraform cannot predict how many instances will be created. To work around this, use the -target argument to first apply only the resources that the count depends on.\" Is there a better..."
                            }
                        ]
                    }
                ]
            }
        ],
        "attachments": [
            {
                "from_url": "https:\/\/www.reddit.com\/r\/Terraform\/comments\/vzr8k7\/better_way_to_test_if_something_exists\/",
                "thumb_url": "https:\/\/www.redditstatic.com\/new-icon.png",
                "thumb_width": 256,
                "thumb_height": 256,
                "service_icon": "http:\/\/www.redditstatic.com\/desktop2x\/img\/favicon\/apple-icon-57x57.png",
                "id": 1,
                "original_url": "https:\/\/www.reddit.com\/r\/Terraform\/comments\/vzr8k7\/better_way_to_test_if_something_exists\/",
                "fallback": "reddit: Better way to test if something exists",
                "text": "I have a project that test to see if an active directory exists and builds depending on if there is one or not. Im using the following line \"count...",
                "title": "Better way to test if something exists",
                "title_link": "https:\/\/www.reddit.com\/r\/Terraform\/comments\/vzr8k7\/better_way_to_test_if_something_exists\/",
                "service_name": "reddit"
            }
        ],
        "edited": {
            "user": "BG3N7LG73",
            "ts": "1657898789.000000"
        }
    },
    {
        "type": "message",
        "subtype": "bot_message",
        "text": "<https:\/\/www.reddit.com\/r\/Terraform\/comments\/vzy7lu\/i_read_that_we_can_use_terraform_to_extract_our\/|I read that we can use Terraform to extract our existing AWS architecture into terraform code, in our project that has never used Terraform before. Is this the case? If so, where would I go to learn to do it?>\nsubmitted by   <https:\/\/www.reddit.com\/user\/backdoorman9| \/u\/backdoorman9 > \n<https:\/\/www.reddit.com\/r\/Terraform\/comments\/vzy7lu\/i_read_that_we_can_use_terraform_to_extract_our\/|[link]>   <https:\/\/www.reddit.com\/r\/Terraform\/comments\/vzy7lu\/i_read_that_we_can_use_terraform_to_extract_our\/|[comments]>",
        "ts": "1657916788.966129",
        "username": "Terraform",
        "icons": {
            "image_48": "https:\/\/s3-us-west-2.amazonaws.com\/slack-files2\/bot_icons\/2019-02-12\/548785199618_48.png"
        },
        "bot_id": "BG3N7LG73",
        "blocks": [
            {
                "type": "rich_text",
                "block_id": "co7N",
                "elements": [
                    {
                        "type": "rich_text_section",
                        "elements": [
                            {
                                "type": "link",
                                "url": "https:\/\/www.reddit.com\/r\/Terraform\/comments\/vzy7lu\/i_read_that_we_can_use_terraform_to_extract_our\/",
                                "text": "I read that we can use Terraform to extract our existing AWS architecture into terraform code, in our project that has never used Terraform before. Is this the case? If so, where would I go to learn to do it?"
                            },
                            {
                                "type": "text",
                                "text": "\nsubmitted by   "
                            },
                            {
                                "type": "link",
                                "url": "https:\/\/www.reddit.com\/user\/backdoorman9",
                                "text": "\/u\/backdoorman9"
                            },
                            {
                                "type": "text",
                                "text": " \n"
                            },
                            {
                                "type": "link",
                                "url": "https:\/\/www.reddit.com\/r\/Terraform\/comments\/vzy7lu\/i_read_that_we_can_use_terraform_to_extract_our\/",
                                "text": "[link]"
                            },
                            {
                                "type": "text",
                                "text": "   "
                            },
                            {
                                "type": "link",
                                "url": "https:\/\/www.reddit.com\/r\/Terraform\/comments\/vzy7lu\/i_read_that_we_can_use_terraform_to_extract_our\/",
                                "text": "[comments]"
                            }
                        ]
                    }
                ]
            }
        ],
        "attachments": [
            {
                "from_url": "https:\/\/www.reddit.com\/r\/Terraform\/comments\/vzy7lu\/i_read_that_we_can_use_terraform_to_extract_our\/",
                "thumb_url": "https:\/\/www.redditstatic.com\/new-icon.png",
                "thumb_width": 256,
                "thumb_height": 256,
                "service_icon": "http:\/\/www.redditstatic.com\/desktop2x\/img\/favicon\/apple-icon-57x57.png",
                "id": 1,
                "original_url": "https:\/\/www.reddit.com\/r\/Terraform\/comments\/vzy7lu\/i_read_that_we_can_use_terraform_to_extract_our\/",
                "fallback": "reddit: I read that we can use Terraform to extract our existing AWS architecture into terraform code, in our project that has never used Terraform before. Is this the case? If so, where would I go to learn to do it?",
                "text": "Posted in r\/Terraform by u\/backdoorman9 • 1 point and 0 comments",
                "title": "I read that we can use Terraform to extract our existing AWS architecture into terraform code, in our project that has never used Terraform before. Is this the case? If so, where would I go to learn to do it?",
                "title_link": "https:\/\/www.reddit.com\/r\/Terraform\/comments\/vzy7lu\/i_read_that_we_can_use_terraform_to_extract_our\/",
                "service_name": "reddit"
            },
            {
                "from_url": "https:\/\/www.reddit.com\/user\/backdoorman9",
                "service_icon": "http:\/\/www.redditstatic.com\/desktop2x\/img\/favicon\/apple-icon-57x57.png",
                "id": 2,
                "original_url": "https:\/\/www.reddit.com\/user\/backdoorman9",
                "fallback": "overview for backdoorman9",
                "text": "The u\/backdoorman9 community on Reddit. Reddit gives you the best of the internet in one place.",
                "title": "overview for backdoorman9",
                "title_link": "https:\/\/www.reddit.com\/user\/backdoorman9",
                "service_name": "reddit.com"
            }
        ],
        "edited": {
            "user": "BG3N7LG73",
            "ts": "1657916789.000000"
        }
    },
    {
        "type": "message",
        "subtype": "bot_message",
        "text": "<https:\/\/www.reddit.com\/r\/Terraform\/comments\/w08dum\/converting_existing_infrastructure_using_azure\/|converting existing infrastructure using azure functions from the arm template into terraform>\nI understand that there are no direct translation tools etc, I was just curious about the experience that others might have had doing this same thing....    submitted by   <https:\/\/www.reddit.com\/user\/Van-Daley-Industries| \/u\/Van-Daley-Industries > \n<https:\/\/www.reddit.com\/r\/Terraform\/comments\/w08dum\/converting_existing_infrastructure_using_azure\/|[link]>   &lt;a...",
        "ts": "1657947990.691689",
        "username": "Terraform",
        "icons": {
            "image_48": "https:\/\/s3-us-west-2.amazonaws.com\/slack-files2\/bot_icons\/2019-02-12\/548785199618_48.png"
        },
        "bot_id": "BG3N7LG73",
        "blocks": [
            {
                "type": "rich_text",
                "block_id": "seZ5S",
                "elements": [
                    {
                        "type": "rich_text_section",
                        "elements": [
                            {
                                "type": "link",
                                "url": "https:\/\/www.reddit.com\/r\/Terraform\/comments\/w08dum\/converting_existing_infrastructure_using_azure\/",
                                "text": "converting existing infrastructure using azure functions from the arm template into terraform"
                            },
                            {
                                "type": "text",
                                "text": "\nI understand that there are no direct translation tools etc, I was just curious about the experience that others might have had doing this same thing....    submitted by   "
                            },
                            {
                                "type": "link",
                                "url": "https:\/\/www.reddit.com\/user\/Van-Daley-Industries",
                                "text": "\/u\/Van-Daley-Industries"
                            },
                            {
                                "type": "text",
                                "text": " \n"
                            },
                            {
                                "type": "link",
                                "url": "https:\/\/www.reddit.com\/r\/Terraform\/comments\/w08dum\/converting_existing_infrastructure_using_azure\/",
                                "text": "[link]"
                            },
                            {
                                "type": "text",
                                "text": "   <a..."
                            }
                        ]
                    }
                ]
            }
        ],
        "attachments": [
            {
                "from_url": "https:\/\/www.reddit.com\/r\/Terraform\/comments\/w08dum\/converting_existing_infrastructure_using_azure\/",
                "thumb_url": "https:\/\/www.redditstatic.com\/new-icon.png",
                "thumb_width": 256,
                "thumb_height": 256,
                "service_icon": "http:\/\/www.redditstatic.com\/desktop2x\/img\/favicon\/apple-icon-57x57.png",
                "id": 1,
                "original_url": "https:\/\/www.reddit.com\/r\/Terraform\/comments\/w08dum\/converting_existing_infrastructure_using_azure\/",
                "fallback": "reddit: converting existing infrastructure using azure functions from the arm template into terraform",
                "text": "I understand that there are no direct translation tools etc, I was just curious about the experience that others might have had doing this same...",
                "title": "converting existing infrastructure using azure functions from the arm template into terraform",
                "title_link": "https:\/\/www.reddit.com\/r\/Terraform\/comments\/w08dum\/converting_existing_infrastructure_using_azure\/",
                "service_name": "reddit"
            },
            {
                "from_url": "https:\/\/www.reddit.com\/user\/Van-Daley-Industries",
                "service_icon": "http:\/\/www.redditstatic.com\/desktop2x\/img\/favicon\/apple-icon-57x57.png",
                "id": 2,
                "original_url": "https:\/\/www.reddit.com\/user\/Van-Daley-Industries",
                "fallback": "overview for Van-Daley-Industries",
                "text": "The u\/Van-Daley-Industries community on Reddit. Reddit gives you the best of the internet in one place.",
                "title": "overview for Van-Daley-Industries",
                "title_link": "https:\/\/www.reddit.com\/user\/Van-Daley-Industries",
                "service_name": "reddit.com"
            }
        ],
        "edited": {
            "user": "BG3N7LG73",
            "ts": "1657947990.000000"
        }
    }
]