[
    {
        "type": "message",
        "subtype": "bot_message",
        "text": "<https:\/\/www.reddit.com\/r\/Terraform\/comments\/w1t8ow\/get_a_secret_from_the_local_vault_and_set_it_as_a\/|Get a secret from the local vault and set it as a variable>\nLong story short, I am trying to improve my homelab stuff by removing any certificate\/password from the templates and auto generating them instead so GitHub or files for the matter won't have sensitive information. This is a baremetal kubernetes cluster for self learning With Google GCP and Terragrunt, you can run something like:  password = run_cmd(\"--terragrunt-quiet\", \"get-secret-version\", \"project_id\", \"password\", \"1\")  And that works fine, I am hoping I can do something similar with the...",
        "ts": "1658129788.587799",
        "username": "Terraform",
        "icons": {
            "image_48": "https:\/\/s3-us-west-2.amazonaws.com\/slack-files2\/bot_icons\/2019-02-12\/548785199618_48.png"
        },
        "bot_id": "BG3N7LG73",
        "blocks": [
            {
                "type": "rich_text",
                "block_id": "0Nyh",
                "elements": [
                    {
                        "type": "rich_text_section",
                        "elements": [
                            {
                                "type": "link",
                                "url": "https:\/\/www.reddit.com\/r\/Terraform\/comments\/w1t8ow\/get_a_secret_from_the_local_vault_and_set_it_as_a\/",
                                "text": "Get a secret from the local vault and set it as a variable"
                            },
                            {
                                "type": "text",
                                "text": "\nLong story short, I am trying to improve my homelab stuff by removing any certificate\/password from the templates and auto generating them instead so GitHub or files for the matter won't have sensitive information. This is a baremetal kubernetes cluster for self learning With Google GCP and Terragrunt, you can run something like:  password = run_cmd(\"--terragrunt-quiet\", \"get-secret-version\", \"project_id\", \"password\", \"1\")  And that works fine, I am hoping I can do something similar with the..."
                            }
                        ]
                    }
                ]
            }
        ],
        "attachments": [
            {
                "from_url": "https:\/\/www.reddit.com\/r\/Terraform\/comments\/w1t8ow\/get_a_secret_from_the_local_vault_and_set_it_as_a\/",
                "thumb_url": "https:\/\/www.redditstatic.com\/new-icon.png",
                "thumb_width": 256,
                "thumb_height": 256,
                "service_icon": "http:\/\/www.redditstatic.com\/desktop2x\/img\/favicon\/apple-icon-57x57.png",
                "id": 1,
                "original_url": "https:\/\/www.reddit.com\/r\/Terraform\/comments\/w1t8ow\/get_a_secret_from_the_local_vault_and_set_it_as_a\/",
                "fallback": "reddit: Get a secret from the local vault and set it as a variable",
                "text": "Long story short, I am trying to improve my homelab stuff by removing any certificate\/password from the templates and auto generating them instead...",
                "title": "Get a secret from the local vault and set it as a variable",
                "title_link": "https:\/\/www.reddit.com\/r\/Terraform\/comments\/w1t8ow\/get_a_secret_from_the_local_vault_and_set_it_as_a\/",
                "service_name": "reddit"
            }
        ],
        "edited": {
            "user": "BG3N7LG73",
            "ts": "1658129788.000000"
        }
    },
    {
        "type": "message",
        "subtype": "bot_message",
        "text": "<https:\/\/www.reddit.com\/r\/Terraform\/comments\/w27h4e\/terraform_aws_terraform_remote_state_usage\/|Terraform &amp; AWS terraform_remote_state usage>\nHello, More fun in my AWS\/Terraform journey. But I am about to lose it on this one. I went through the following steps. Please note I have vastly simplified what I am doing in the steps below, the actual work done in each step is a lot more. ​ I created a VPC and stored the tf state file on a S3 bucket + dynamo db locking implemented. The S3 bucket the tfstate is stored in is bucket=some-random-string-121212-terraform-state-files key =VPC\/terraform.tfstate. This works beautifully I can...",
        "ts": "1658171788.416049",
        "username": "Terraform",
        "icons": {
            "image_48": "https:\/\/s3-us-west-2.amazonaws.com\/slack-files2\/bot_icons\/2019-02-12\/548785199618_48.png"
        },
        "bot_id": "BG3N7LG73",
        "blocks": [
            {
                "type": "rich_text",
                "block_id": "qPBj",
                "elements": [
                    {
                        "type": "rich_text_section",
                        "elements": [
                            {
                                "type": "link",
                                "url": "https:\/\/www.reddit.com\/r\/Terraform\/comments\/w27h4e\/terraform_aws_terraform_remote_state_usage\/",
                                "text": "Terraform & AWS terraform_remote_state usage"
                            },
                            {
                                "type": "text",
                                "text": "\nHello, More fun in my AWS\/Terraform journey. But I am about to lose it on this one. I went through the following steps. Please note I have vastly simplified what I am doing in the steps below, the actual work done in each step is a lot more. ​ I created a VPC and stored the tf state file on a S3 bucket + dynamo db locking implemented. The S3 bucket the tfstate is stored in is bucket=some-random-string-121212-terraform-state-files key =VPC\/terraform.tfstate. This works beautifully I can..."
                            }
                        ]
                    }
                ]
            }
        ],
        "attachments": [
            {
                "from_url": "https:\/\/www.reddit.com\/r\/Terraform\/comments\/w27h4e\/terraform_aws_terraform_remote_state_usage\/",
                "thumb_url": "https:\/\/www.redditstatic.com\/new-icon.png",
                "thumb_width": 256,
                "thumb_height": 256,
                "service_icon": "http:\/\/www.redditstatic.com\/desktop2x\/img\/favicon\/apple-icon-57x57.png",
                "id": 1,
                "original_url": "https:\/\/www.reddit.com\/r\/Terraform\/comments\/w27h4e\/terraform_aws_terraform_remote_state_usage\/",
                "fallback": "reddit: Terraform &amp; AWS terraform_remote_state usage",
                "text": "Hello, More fun in my AWS\/Terraform journey. But I am about to lose it on this one. I went through the following steps. Please note I have...",
                "title": "Terraform &amp; AWS terraform_remote_state usage",
                "title_link": "https:\/\/www.reddit.com\/r\/Terraform\/comments\/w27h4e\/terraform_aws_terraform_remote_state_usage\/",
                "service_name": "reddit"
            }
        ],
        "edited": {
            "user": "BG3N7LG73",
            "ts": "1658171788.000000"
        }
    },
    {
        "type": "message",
        "subtype": "bot_message",
        "text": "<https:\/\/www.reddit.com\/r\/Terraform\/comments\/w29vdl\/tf_apply_terraform_command_not_found\/|tf apply - terraform: command not found>\nNoobish - I'm running a workflow that has a plan and apply. the plan completed just fine, however the apply won't complete. the command is to run <https:\/\/plan.tf\/|plan.tf> and its in the directory, I added the ls -al to confirm, but the system is saying terraform not found. Both steps use the same runners so I know tf is installed.  ​ <https:\/\/preview.redd.it\/h7n8bcj21ec91.png?width=3044&amp;format=png&amp;auto=webp&amp;s=c72a005adabed573b6ff261e828fcd3cc6cc41c5|plan workflow> ​...",
        "ts": "1658177790.896189",
        "username": "Terraform",
        "icons": {
            "image_48": "https:\/\/s3-us-west-2.amazonaws.com\/slack-files2\/bot_icons\/2019-02-12\/548785199618_48.png"
        },
        "bot_id": "BG3N7LG73",
        "blocks": [
            {
                "type": "rich_text",
                "block_id": "TJYR",
                "elements": [
                    {
                        "type": "rich_text_section",
                        "elements": [
                            {
                                "type": "link",
                                "url": "https:\/\/www.reddit.com\/r\/Terraform\/comments\/w29vdl\/tf_apply_terraform_command_not_found\/",
                                "text": "tf apply - terraform: command not found"
                            },
                            {
                                "type": "text",
                                "text": "\nNoobish - I'm running a workflow that has a plan and apply. the plan completed just fine, however the apply won't complete. the command is to run "
                            },
                            {
                                "type": "link",
                                "url": "https:\/\/plan.tf\/",
                                "text": "plan.tf"
                            },
                            {
                                "type": "text",
                                "text": " and its in the directory, I added the ls -al to confirm, but the system is saying terraform not found. Both steps use the same runners so I know tf is installed.  ​ "
                            },
                            {
                                "type": "link",
                                "url": "https:\/\/preview.redd.it\/h7n8bcj21ec91.png?width=3044&amp;format=png&amp;auto=webp&amp;s=c72a005adabed573b6ff261e828fcd3cc6cc41c5",
                                "text": "plan workflow"
                            },
                            {
                                "type": "text",
                                "text": " ​..."
                            }
                        ]
                    }
                ]
            }
        ],
        "attachments": [
            {
                "from_url": "https:\/\/www.reddit.com\/r\/Terraform\/comments\/w29vdl\/tf_apply_terraform_command_not_found\/",
                "thumb_url": "https:\/\/external-preview.redd.it\/h7n8bcj21ec91.png?overlay-align=bottom,left&crop=1200:628.272251309,smart&overlay-height=15p&overlay=%2Fwatermark%2Ft5_2u8e4.png%3Fs%3Dbfb326ca8735739e33a60abaf9a7c73bcb4a2134&width=1200&height=628.272251309&auto=webp&s=c2564277b66d94e6051a602c9988d9571dd81bc7",
                "thumb_width": 130,
                "thumb_height": 60,
                "service_icon": "http:\/\/www.redditstatic.com\/desktop2x\/img\/favicon\/apple-icon-57x57.png",
                "id": 1,
                "original_url": "https:\/\/www.reddit.com\/r\/Terraform\/comments\/w29vdl\/tf_apply_terraform_command_not_found\/",
                "fallback": "reddit: tf apply - terraform: command not found",
                "text": "Posted in r\/Terraform by u\/datnodude • 1 point and 0 comments",
                "title": "tf apply - terraform: command not found",
                "title_link": "https:\/\/www.reddit.com\/r\/Terraform\/comments\/w29vdl\/tf_apply_terraform_command_not_found\/",
                "service_name": "reddit"
            },
            {
                "from_url": "https:\/\/preview.redd.it\/h7n8bcj21ec91.png?width=3044&format=png&auto=webp&s=c72a005adabed573b6ff261e828fcd3cc6cc41c5",
                "image_url": "https:\/\/preview.redd.it\/h7n8bcj21ec91.png?width=3044&format=png&auto=webp&s=c72a005adabed573b6ff261e828fcd3cc6cc41c5",
                "image_width": 3044,
                "image_height": 1473,
                "image_bytes": 228540,
                "id": 2,
                "original_url": "https:\/\/preview.redd.it\/h7n8bcj21ec91.png?width=3044&amp;format=png&amp;auto=webp&amp;s=c72a005adabed573b6ff261e828fcd3cc6cc41c5",
                "fallback": "3044x1473px image"
            }
        ],
        "edited": {
            "user": "BG3N7LG73",
            "ts": "1658177791.000000"
        }
    }
]