[
    {
        "type": "message",
        "subtype": "bot_message",
        "text": "<https:\/\/www.reddit.com\/r\/Terraform\/comments\/w6vf8a\/configuration_working_without_provider\/|Configuration working without provider>\nAccording to the official documentation, it is necessary to declare the provider for terraform configuration to work <https:\/\/www.terraform.io\/language\/providers|https:\/\/www.terraform.io\/language\/providers> But my aws credentials are configured in the awscli. Still, I haven't even declared the provider block to tell terraform that I want to use aws provider but when I run terraform init it still initializes the correct provider... So does terraform look at the resource type to...",
        "ts": "1658669789.452369",
        "username": "Terraform",
        "icons": {
            "image_48": "https:\/\/s3-us-west-2.amazonaws.com\/slack-files2\/bot_icons\/2019-02-12\/548785199618_48.png"
        },
        "bot_id": "BG3N7LG73",
        "blocks": [
            {
                "type": "rich_text",
                "block_id": "euE",
                "elements": [
                    {
                        "type": "rich_text_section",
                        "elements": [
                            {
                                "type": "link",
                                "url": "https:\/\/www.reddit.com\/r\/Terraform\/comments\/w6vf8a\/configuration_working_without_provider\/",
                                "text": "Configuration working without provider"
                            },
                            {
                                "type": "text",
                                "text": "\nAccording to the official documentation, it is necessary to declare the provider for terraform configuration to work "
                            },
                            {
                                "type": "link",
                                "url": "https:\/\/www.terraform.io\/language\/providers"
                            },
                            {
                                "type": "text",
                                "text": " But my aws credentials are configured in the awscli. Still, I haven't even declared the provider block to tell terraform that I want to use aws provider but when I run terraform init it still initializes the correct provider... So does terraform look at the resource type to..."
                            }
                        ]
                    }
                ]
            }
        ],
        "attachments": [
            {
                "from_url": "https:\/\/www.reddit.com\/r\/Terraform\/comments\/w6vf8a\/configuration_working_without_provider\/",
                "thumb_url": "https:\/\/www.redditstatic.com\/new-icon.png",
                "thumb_width": 256,
                "thumb_height": 256,
                "service_icon": "http:\/\/www.redditstatic.com\/desktop2x\/img\/favicon\/apple-icon-57x57.png",
                "id": 1,
                "original_url": "https:\/\/www.reddit.com\/r\/Terraform\/comments\/w6vf8a\/configuration_working_without_provider\/",
                "fallback": "reddit: Configuration working without provider",
                "text": "According to the official documentation, it is necessary to declare the provider for terraform configuration to...",
                "title": "Configuration working without provider",
                "title_link": "https:\/\/www.reddit.com\/r\/Terraform\/comments\/w6vf8a\/configuration_working_without_provider\/",
                "service_name": "reddit"
            },
            {
                "from_url": "https:\/\/www.terraform.io\/language\/providers",
                "image_url": "https:\/\/www.terraform.io\/img\/og-image.png",
                "image_width": 478,
                "image_height": 250,
                "image_bytes": 31319,
                "service_icon": "https:\/\/www.terraform.io\/favicon.ico",
                "id": 2,
                "original_url": "https:\/\/www.terraform.io\/language\/providers",
                "fallback": "Terraform by HashiCorp: Providers - Configuration Language | Terraform by HashiCorp",
                "text": "An overview of how to install and use providers, Terraform plugins that interact with services, cloud providers, and other APIs.",
                "title": "Providers - Configuration Language | Terraform by HashiCorp",
                "title_link": "https:\/\/www.terraform.io\/language\/providers",
                "service_name": "Terraform by HashiCorp"
            }
        ],
        "edited": {
            "user": "BG3N7LG73",
            "ts": "1658669789.000000"
        }
    },
    {
        "type": "message",
        "subtype": "bot_message",
        "text": "<https:\/\/www.reddit.com\/r\/Terraform\/comments\/w6xybe\/lambda_function_vs_lambda_code_trying_to_solve\/|Lambda function vs Lambda code - trying to solve chicken &amp; egg.>\nHi all, I'm sure this question has been asked here before, and I've searched through with little success on landing on a solution myself. I'm currently building an app solo, and I want to do at least some future proofing from a conceptual and structural level with regards to the serverless nature &amp; strategy of the application. I come from a systems admin \/ operations background, and so am coming into this through the lens of: Making sure that the infrastructure, dependencies, and underlying...",
        "ts": "1658676988.554039",
        "username": "Terraform",
        "icons": {
            "image_48": "https:\/\/s3-us-west-2.amazonaws.com\/slack-files2\/bot_icons\/2019-02-12\/548785199618_48.png"
        },
        "bot_id": "BG3N7LG73",
        "blocks": [
            {
                "type": "rich_text",
                "block_id": "j7Azi",
                "elements": [
                    {
                        "type": "rich_text_section",
                        "elements": [
                            {
                                "type": "link",
                                "url": "https:\/\/www.reddit.com\/r\/Terraform\/comments\/w6xybe\/lambda_function_vs_lambda_code_trying_to_solve\/",
                                "text": "Lambda function vs Lambda code - trying to solve chicken & egg."
                            },
                            {
                                "type": "text",
                                "text": "\nHi all, I'm sure this question has been asked here before, and I've searched through with little success on landing on a solution myself. I'm currently building an app solo, and I want to do at least some future proofing from a conceptual and structural level with regards to the serverless nature & strategy of the application. I come from a systems admin \/ operations background, and so am coming into this through the lens of: Making sure that the infrastructure, dependencies, and underlying..."
                            }
                        ]
                    }
                ]
            }
        ],
        "attachments": [
            {
                "from_url": "https:\/\/www.reddit.com\/r\/Terraform\/comments\/w6xybe\/lambda_function_vs_lambda_code_trying_to_solve\/",
                "thumb_url": "https:\/\/www.redditstatic.com\/new-icon.png",
                "thumb_width": 256,
                "thumb_height": 256,
                "service_icon": "http:\/\/www.redditstatic.com\/desktop2x\/img\/favicon\/apple-icon-57x57.png",
                "id": 1,
                "original_url": "https:\/\/www.reddit.com\/r\/Terraform\/comments\/w6xybe\/lambda_function_vs_lambda_code_trying_to_solve\/",
                "fallback": "reddit: Lambda function vs Lambda code - trying to solve chicken &amp; egg.",
                "text": "Hi all, I'm sure this question has been asked here before, and I've searched through with little success on landing on a solution myself. I'm...",
                "title": "Lambda function vs Lambda code - trying to solve chicken &amp; egg.",
                "title_link": "https:\/\/www.reddit.com\/r\/Terraform\/comments\/w6xybe\/lambda_function_vs_lambda_code_trying_to_solve\/",
                "service_name": "reddit"
            }
        ],
        "edited": {
            "user": "BG3N7LG73",
            "ts": "1658676988.000000"
        }
    },
    {
        "type": "message",
        "subtype": "bot_message",
        "text": "<https:\/\/www.reddit.com\/r\/Terraform\/comments\/w752hk\/terraform_and_pipelines_azdevops_github_actions\/|Terraform and Pipelines (AZDevOps, Github Actions)>\nHi Terraformer, At the Moment I am struggeling with terraform and using Pipelines. Not the way that I cannot create pipelines, I mean how to design them.  I have created a Project which should go through 3 stages (dev, test, prod) and deployes some Infrastructure (VPC) in AWS. The Infrastructure difference between stages. I dont want to use Terraform workspaces, I think this is a mess when using pipelines. I want to have seperate state files for all stages. Each stage is in a seperate AWS...",
        "ts": "1658694988.115609",
        "username": "Terraform",
        "icons": {
            "image_48": "https:\/\/s3-us-west-2.amazonaws.com\/slack-files2\/bot_icons\/2019-02-12\/548785199618_48.png"
        },
        "bot_id": "BG3N7LG73",
        "blocks": [
            {
                "type": "rich_text",
                "block_id": "7MG",
                "elements": [
                    {
                        "type": "rich_text_section",
                        "elements": [
                            {
                                "type": "link",
                                "url": "https:\/\/www.reddit.com\/r\/Terraform\/comments\/w752hk\/terraform_and_pipelines_azdevops_github_actions\/",
                                "text": "Terraform and Pipelines (AZDevOps, Github Actions)"
                            },
                            {
                                "type": "text",
                                "text": "\nHi Terraformer, At the Moment I am struggeling with terraform and using Pipelines. Not the way that I cannot create pipelines, I mean how to design them.  I have created a Project which should go through 3 stages (dev, test, prod) and deployes some Infrastructure (VPC) in AWS. The Infrastructure difference between stages. I dont want to use Terraform workspaces, I think this is a mess when using pipelines. I want to have seperate state files for all stages. Each stage is in a seperate AWS..."
                            }
                        ]
                    }
                ]
            }
        ],
        "attachments": [
            {
                "from_url": "https:\/\/www.reddit.com\/r\/Terraform\/comments\/w752hk\/terraform_and_pipelines_azdevops_github_actions\/",
                "thumb_url": "https:\/\/www.redditstatic.com\/new-icon.png",
                "thumb_width": 256,
                "thumb_height": 256,
                "service_icon": "http:\/\/www.redditstatic.com\/desktop2x\/img\/favicon\/apple-icon-57x57.png",
                "id": 1,
                "original_url": "https:\/\/www.reddit.com\/r\/Terraform\/comments\/w752hk\/terraform_and_pipelines_azdevops_github_actions\/",
                "fallback": "reddit: Terraform and Pipelines (AZDevOps, Github Actions)",
                "text": "Hi Terraformer, At the Moment I am struggeling with terraform and using Pipelines. Not the way that I cannot create pipelines, I mean how to...",
                "title": "Terraform and Pipelines (AZDevOps, Github Actions)",
                "title_link": "https:\/\/www.reddit.com\/r\/Terraform\/comments\/w752hk\/terraform_and_pipelines_azdevops_github_actions\/",
                "service_name": "reddit"
            }
        ],
        "edited": {
            "user": "BG3N7LG73",
            "ts": "1658694988.000000"
        }
    },
    {
        "type": "message",
        "subtype": "bot_message",
        "text": "<https:\/\/www.reddit.com\/r\/Terraform\/comments\/w7fsr8\/why_is_the_helm_provider_is_so_slow\/|Why is the Helm provider is so slow?!>\nUsing 2.6 version of the provider and it often takes 20 minutes to deploy a chart like ArgoCD. What am I missing? Now I understand why people appear to avoid managing their cluster dependencies with Terraform. :sob:    submitted by   <https:\/\/www.reddit.com\/user\/kai| \/u\/kai > \n<https:\/\/www.reddit.com\/r\/Terraform\/comments\/w7fsr8\/why_is_the_helm_provider_is_so_slow\/|[link]>   &lt;a...",
        "ts": "1658725590.199709",
        "username": "Terraform",
        "icons": {
            "image_48": "https:\/\/s3-us-west-2.amazonaws.com\/slack-files2\/bot_icons\/2019-02-12\/548785199618_48.png"
        },
        "bot_id": "BG3N7LG73",
        "blocks": [
            {
                "type": "rich_text",
                "block_id": "Czan",
                "elements": [
                    {
                        "type": "rich_text_section",
                        "elements": [
                            {
                                "type": "link",
                                "url": "https:\/\/www.reddit.com\/r\/Terraform\/comments\/w7fsr8\/why_is_the_helm_provider_is_so_slow\/",
                                "text": "Why is the Helm provider is so slow?!"
                            },
                            {
                                "type": "text",
                                "text": "\nUsing 2.6 version of the provider and it often takes 20 minutes to deploy a chart like ArgoCD. What am I missing? Now I understand why people appear to avoid managing their cluster dependencies with Terraform. "
                            },
                            {
                                "type": "emoji",
                                "name": "sob",
                                "unicode": "1f62d"
                            },
                            {
                                "type": "text",
                                "text": "    submitted by   "
                            },
                            {
                                "type": "link",
                                "url": "https:\/\/www.reddit.com\/user\/kai",
                                "text": "\/u\/kai"
                            },
                            {
                                "type": "text",
                                "text": " \n"
                            },
                            {
                                "type": "link",
                                "url": "https:\/\/www.reddit.com\/r\/Terraform\/comments\/w7fsr8\/why_is_the_helm_provider_is_so_slow\/",
                                "text": "[link]"
                            },
                            {
                                "type": "text",
                                "text": "   <a..."
                            }
                        ]
                    }
                ]
            }
        ],
        "attachments": [
            {
                "from_url": "https:\/\/www.reddit.com\/r\/Terraform\/comments\/w7fsr8\/why_is_the_helm_provider_is_so_slow\/",
                "thumb_url": "https:\/\/www.redditstatic.com\/new-icon.png",
                "thumb_width": 256,
                "thumb_height": 256,
                "service_icon": "http:\/\/www.redditstatic.com\/desktop2x\/img\/favicon\/apple-icon-57x57.png",
                "id": 1,
                "original_url": "https:\/\/www.reddit.com\/r\/Terraform\/comments\/w7fsr8\/why_is_the_helm_provider_is_so_slow\/",
                "fallback": "reddit: Why is the Helm provider is so slow?!",
                "text": "Using 2.6 version of the provider and it often takes 20 minutes to deploy a chart like ArgoCD. What am I missing? Now I understand why people...",
                "title": "Why is the Helm provider is so slow?!",
                "title_link": "https:\/\/www.reddit.com\/r\/Terraform\/comments\/w7fsr8\/why_is_the_helm_provider_is_so_slow\/",
                "service_name": "reddit"
            },
            {
                "from_url": "https:\/\/www.reddit.com\/user\/kai",
                "service_icon": "http:\/\/www.redditstatic.com\/desktop2x\/img\/favicon\/apple-icon-57x57.png",
                "id": 2,
                "original_url": "https:\/\/www.reddit.com\/user\/kai",
                "fallback": "overview for kai",
                "text": "<https:\/\/hendry.iki.fi\/>.",
                "title": "overview for kai",
                "title_link": "https:\/\/www.reddit.com\/user\/kai",
                "service_name": "reddit.com"
            }
        ],
        "edited": {
            "user": "BG3N7LG73",
            "ts": "1658725590.000000"
        }
    }
]