[
    {
        "client_msg_id": "500ee6f0-03ad-4b82-8ca6-4e4dfd7f8a01",
        "type": "message",
        "text": "Day.21に参加させていただきますー",
        "user": "U01AEH6SRL2",
        "ts": "1636529136.008500",
        "blocks": [
            {
                "type": "rich_text",
                "block_id": "v+v6",
                "elements": [
                    {
                        "type": "rich_text_section",
                        "elements": [
                            {
                                "type": "text",
                                "text": "Day.21に参加させていただきますー"
                            }
                        ]
                    }
                ]
            }
        ],
        "team": "TFU0BKCQP",
        "user_team": "TFU0BKCQP",
        "source_team": "TFU0BKCQP",
        "user_profile": {
            "avatar_hash": "d3afb6c9e48a",
            "image_72": "https:\/\/avatars.slack-edge.com\/2020-09-19\/1398101624832_d3afb6c9e48a610f6650_72.png",
            "first_name": "くろせえつお",
            "real_name": "くろせえつお",
            "display_name": "kuroseets",
            "team": "TFU0BKCQP",
            "name": "etsuo.kurose",
            "is_restricted": false,
            "is_ultra_restricted": false
        },
        "reactions": [
            {
                "name": "+1",
                "users": [
                    "U01GAQPRFQB",
                    "UFU0BKD8F",
                    "UFT60TQCQ"
                ],
                "count": 3
            }
        ]
    }
]