[
    {
        "client_msg_id": "15b5500e-62ec-4a64-b5ad-ef0fc3aaeb69",
        "type": "message",
        "text": "今年もアドベントカレンダーの季節がやってきました。\nv1.10.0 が来ないとあんまり目新しいものがないかもですが、日ごろの知見を共有するべくぜひ参加してください。\n<https:\/\/qiita.com\/advent-calendar\/2021\/terraform>",
        "user": "UFU0BKD8F",
        "ts": "1635738613.003800",
        "blocks": [
            {
                "type": "rich_text",
                "block_id": "3o=00",
                "elements": [
                    {
                        "type": "rich_text_section",
                        "elements": [
                            {
                                "type": "text",
                                "text": "今年もアドベントカレンダーの季節がやってきました。\nv1.10.0 が来ないとあんまり目新しいものがないかもですが、日ごろの知見を共有するべくぜひ参加してください。\n"
                            },
                            {
                                "type": "link",
                                "url": "https:\/\/qiita.com\/advent-calendar\/2021\/terraform"
                            }
                        ]
                    }
                ]
            }
        ],
        "team": "TFU0BKCQP",
        "user_team": "TFU0BKCQP",
        "source_team": "TFU0BKCQP",
        "user_profile": {
            "avatar_hash": "92c41c62c7b0",
            "image_72": "https:\/\/avatars.slack-edge.com\/2019-01-30\/537137791812_92c41c62c7b0f054d3dd_72.jpg",
            "first_name": "らき",
            "real_name": "らき",
            "display_name": "raki",
            "team": "TFU0BKCQP",
            "name": "nishimuray",
            "is_restricted": false,
            "is_ultra_restricted": false
        },
        "attachments": [
            {
                "service_name": "Qiita",
                "title": "Calendar for terraform | Advent Calendar 2021 - Qiita",
                "title_link": "https:\/\/qiita.com\/advent-calendar\/2021\/terraform",
                "text": "Calendar page for terraform.",
                "fallback": "Qiita: Calendar for terraform | Advent Calendar 2021 - Qiita",
                "image_url": "https:\/\/cdn.qiita.com\/assets\/public\/advent_calendar\/ogp\/ogp-advent_calendar_2021-d4c98ac37fde1dc3bfc356f4ea2edd84.jpg",
                "from_url": "https:\/\/qiita.com\/advent-calendar\/2021\/terraform",
                "image_width": 476,
                "image_height": 250,
                "image_bytes": 152090,
                "service_icon": "https:\/\/cdn.qiita.com\/assets\/favicons\/public\/apple-touch-icon-ec5ba42a24ae923f16825592efdc356f.png",
                "id": 1,
                "original_url": "https:\/\/qiita.com\/advent-calendar\/2021\/terraform"
            }
        ],
        "reactions": [
            {
                "name": "raised_hands",
                "users": [
                    "U01GAQPRFQB",
                    "UGW0ABZLG",
                    "U02D4NMPQ9X",
                    "U02K7TWFJ83",
                    "UNZSA1277"
                ],
                "count": 5
            },
            {
                "name": "eyes",
                "users": [
                    "U02KJPBMQJC"
                ],
                "count": 1
            }
        ]
    },
    {
        "client_msg_id": "236ed49c-8d50-4858-a2bc-5fac7d588d98",
        "type": "message",
        "text": "年1のコミュニティ活動である。\n\nあっ今年はイベントしたか。",
        "user": "UG46Z57TN",
        "ts": "1635738643.004200",
        "blocks": [
            {
                "type": "rich_text",
                "block_id": "I9\/cp",
                "elements": [
                    {
                        "type": "rich_text_section",
                        "elements": [
                            {
                                "type": "text",
                                "text": "年1のコミュニティ活動である。\n\nあっ今年はイベントしたか。"
                            }
                        ]
                    }
                ]
            }
        ],
        "team": "TFU0BKCQP",
        "user_team": "TFU0BKCQP",
        "source_team": "TFU0BKCQP",
        "user_profile": {
            "avatar_hash": "c6bdd4cb17db",
            "image_72": "https:\/\/avatars.slack-edge.com\/2019-07-05\/685991185957_c6bdd4cb17db956661a1_72.jpg",
            "first_name": "Takeshi",
            "real_name": "Takeshi Kondo",
            "display_name": "chaspy",
            "team": "TFU0BKCQP",
            "name": "take.she12",
            "is_restricted": false,
            "is_ultra_restricted": false
        },
        "thread_ts": "1635738643.004200",
        "reply_count": 1,
        "reply_users_count": 1,
        "latest_reply": "1635738784.004300",
        "reply_users": [
            "UFU0BKD8F"
        ],
        "replies": [
            {
                "user": "UFU0BKD8F",
                "ts": "1635738784.004300"
            }
        ],
        "is_locked": false,
        "subscribed": true,
        "last_read": "1635738784.004300"
    },
    {
        "client_msg_id": "fa22487f-cfba-4b62-8d0e-0a6fbaf5529f",
        "type": "message",
        "text": "年の頭のほうにちょっとやったね。\n夏はやるやる詐欺になっちゃったけど。。。",
        "user": "UFU0BKD8F",
        "ts": "1635738784.004300",
        "blocks": [
            {
                "type": "rich_text",
                "block_id": "BEBE",
                "elements": [
                    {
                        "type": "rich_text_section",
                        "elements": [
                            {
                                "type": "text",
                                "text": "年の頭のほうにちょっとやったね。\n夏はやるやる詐欺になっちゃったけど。。。"
                            }
                        ]
                    }
                ]
            }
        ],
        "team": "TFU0BKCQP",
        "user_team": "TFU0BKCQP",
        "source_team": "TFU0BKCQP",
        "user_profile": {
            "avatar_hash": "92c41c62c7b0",
            "image_72": "https:\/\/avatars.slack-edge.com\/2019-01-30\/537137791812_92c41c62c7b0f054d3dd_72.jpg",
            "first_name": "らき",
            "real_name": "らき",
            "display_name": "raki",
            "team": "TFU0BKCQP",
            "name": "nishimuray",
            "is_restricted": false,
            "is_ultra_restricted": false
        },
        "thread_ts": "1635738643.004200",
        "parent_user_id": "UG46Z57TN"
    },
    {
        "client_msg_id": "e710161b-5706-4a29-8c13-83d07b817303",
        "type": "message",
        "text": "Day.19 と Day.12 に参加",
        "user": "UFT60TQCQ",
        "ts": "1635739842.004600",
        "blocks": [
            {
                "type": "rich_text",
                "block_id": "e=cqD",
                "elements": [
                    {
                        "type": "rich_text_section",
                        "elements": [
                            {
                                "type": "text",
                                "text": "Day.19 と Day.12 に参加"
                            }
                        ]
                    }
                ]
            }
        ],
        "team": "TFU0BKCQP",
        "user_team": "TFU0BKCQP",
        "source_team": "TFU0BKCQP",
        "user_profile": {
            "avatar_hash": "f10ceef4e6f6",
            "image_72": "https:\/\/avatars.slack-edge.com\/2019-01-31\/539093872183_f10ceef4e6f603f1f094_72.jpg",
            "first_name": "sogaoh",
            "real_name": "sogaoh",
            "display_name": "",
            "team": "TFU0BKCQP",
            "name": "sogaoh",
            "is_restricted": false,
            "is_ultra_restricted": false
        },
        "edited": {
            "user": "UFT60TQCQ",
            "ts": "1638286468.000000"
        },
        "reactions": [
            {
                "name": "+1",
                "users": [
                    "UFU0BKD8F",
                    "U01GAQPRFQB",
                    "UGW0ABZLG"
                ],
                "count": 3
            }
        ]
    },
    {
        "client_msg_id": "106f6202-b95d-4b46-94c1-b4c622818906",
        "type": "message",
        "text": "Day.25に参加。Google CloudでTerraformを導入した話しを書きます。",
        "user": "U01GAQPRFQB",
        "ts": "1635740980.005400",
        "blocks": [
            {
                "type": "rich_text",
                "block_id": "VZe4",
                "elements": [
                    {
                        "type": "rich_text_section",
                        "elements": [
                            {
                                "type": "text",
                                "text": "Day.25に参加。Google CloudでTerraformを導入した話しを書きます。"
                            }
                        ]
                    }
                ]
            }
        ],
        "team": "TFU0BKCQP",
        "user_team": "TFU0BKCQP",
        "source_team": "TFU0BKCQP",
        "user_profile": {
            "avatar_hash": "6ab6c226f11c",
            "image_72": "https:\/\/avatars.slack-edge.com\/2021-11-09\/2702170171539_6ab6c226f11cae0ecec4_72.png",
            "first_name": "",
            "real_name": "Sho Ishii",
            "display_name": "Sho Ishii",
            "team": "TFU0BKCQP",
            "name": "s_ishii",
            "is_restricted": false,
            "is_ultra_restricted": false
        },
        "reactions": [
            {
                "name": "+1",
                "users": [
                    "UFU0BKD8F",
                    "UGW0ABZLG",
                    "UFT60TQCQ"
                ],
                "count": 3
            }
        ]
    }
]