[
    {
        "type": "message",
        "subtype": "bot_message",
        "text": "",
        "ts": "1559055620.000500",
        "bot_id": "BG2UDF0NA",
        "attachments": [
            {
                "fallback": "hashicorp\/terraform-github-actions on GitHub\nv0.3.0v0.3.0\nrelease note: <https:\/\/newreleases.io\/github\/hashicorp\/terraform-github-actions?version=v0.3.0>",
                "text": "*v0.3.0* `v0.3.0`\n```\n* Upgrade Terraform to latest version 0.12.0\n\n* Add new apply action\n\n* Add base-branch-filter action to be used in conjunction with the apply action\n```\n<https:\/\/newreleases.io\/github\/hashicorp\/terraform-github-actions?version=v0.3.0|release note...>",
                "title": "hashicorp\/terraform-github-actions on GitHub",
                "id": 1,
                "title_link": "https:\/\/newreleases.io\/github\/hashicorp\/terraform-github-actions",
                "mrkdwn_in": [
                    "text"
                ]
            }
        ]
    }
]