[
    {
        "type": "message",
        "subtype": "bot_message",
        "text": "",
        "ts": "1557926957.006800",
        "bot_id": "BG2UDF0NA",
        "attachments": [
            {
                "fallback": "hashicorp\/vault on GitHub\nsdk\/v0.1.11",
                "text": "`sdk\/v0.1.11`",
                "title": "hashicorp\/vault on GitHub",
                "id": 1,
                "title_link": "https:\/\/newreleases.io\/github\/hashicorp\/vault",
                "mrkdwn_in": [
                    "text"
                ]
            }
        ]
    }
]