[
    {
        "type": "message",
        "text": "そうですね、今回はクラスタのvupはしていないのですが、eks provider, helm providerのvup祭りで苦しみました。\nクラスタを作り直す羽目になったのはhelm providerとhelmそのもののvupが原因だったと思います。\n<https:\/\/github.com\/terraform-providers\/terraform-provider-helm\/blob\/master\/CHANGELOG.md#100-february-05-2020|このへん>\n\n詳細は割愛しますが、helm providerのvupをしたところ、helmのリソースは存在しているのに更に作成しようとする差分が出てしまっていたので、\n一旦クラスタをdestroyして作り直すことになりました。\n\nで、そこで採用した方法がBlue-Green deploy（最近覚えた）で、\nまずLB以降のリソースを新しく作り（バージョンも全て新しく）、CFrで向き先を切り替えます。\nこれで終わりでも良いのですが、名前諸々が仮のものでそのままだと管理が面倒になるので、\n古い環境をdestroy、諸々vup、再作成し、最後にCFrの向き先を元に戻して無事クラスタの入れ替えが完了しました。",
        "files": [
            {
                "id": "F010ACLGBEX",
                "created": 1585045079,
                "timestamp": 1585045079,
                "name": "スクリーンショット 2020-03-24 19.17.03.png",
                "title": "スクリーンショット 2020-03-24 19.17.03.png",
                "mimetype": "image\/png",
                "filetype": "png",
                "pretty_type": "PNG",
                "user": "ULFJL58N8",
                "editable": false,
                "size": 116091,
                "mode": "hosted",
                "is_external": false,
                "external_type": "",
                "is_public": true,
                "public_url_shared": false,
                "display_as_bot": false,
                "username": "",
                "url_private": "https:\/\/files.slack.com\/files-pri\/TFU0BKCQP-F010ACLGBEX\/____________________________2020-03-24_19.17.03.png?t=xoxe-538011658839-1282483706739-1267535181735-be55be74b4ca6c26e01d0d23e97f1036",
                "url_private_download": "https:\/\/files.slack.com\/files-pri\/TFU0BKCQP-F010ACLGBEX\/download\/____________________________2020-03-24_19.17.03.png?t=xoxe-538011658839-1282483706739-1267535181735-be55be74b4ca6c26e01d0d23e97f1036",
                "thumb_64": "https:\/\/files.slack.com\/files-tmb\/TFU0BKCQP-F010ACLGBEX-9389063978\/____________________________2020-03-24_19.17.03_64.png?t=xoxe-538011658839-1282483706739-1267535181735-be55be74b4ca6c26e01d0d23e97f1036",
                "thumb_80": "https:\/\/files.slack.com\/files-tmb\/TFU0BKCQP-F010ACLGBEX-9389063978\/____________________________2020-03-24_19.17.03_80.png?t=xoxe-538011658839-1282483706739-1267535181735-be55be74b4ca6c26e01d0d23e97f1036",
                "thumb_360": "https:\/\/files.slack.com\/files-tmb\/TFU0BKCQP-F010ACLGBEX-9389063978\/____________________________2020-03-24_19.17.03_360.png?t=xoxe-538011658839-1282483706739-1267535181735-be55be74b4ca6c26e01d0d23e97f1036",
                "thumb_360_w": 360,
                "thumb_360_h": 164,
                "thumb_480": "https:\/\/files.slack.com\/files-tmb\/TFU0BKCQP-F010ACLGBEX-9389063978\/____________________________2020-03-24_19.17.03_480.png?t=xoxe-538011658839-1282483706739-1267535181735-be55be74b4ca6c26e01d0d23e97f1036",
                "thumb_480_w": 480,
                "thumb_480_h": 218,
                "thumb_160": "https:\/\/files.slack.com\/files-tmb\/TFU0BKCQP-F010ACLGBEX-9389063978\/____________________________2020-03-24_19.17.03_160.png?t=xoxe-538011658839-1282483706739-1267535181735-be55be74b4ca6c26e01d0d23e97f1036",
                "thumb_720": "https:\/\/files.slack.com\/files-tmb\/TFU0BKCQP-F010ACLGBEX-9389063978\/____________________________2020-03-24_19.17.03_720.png?t=xoxe-538011658839-1282483706739-1267535181735-be55be74b4ca6c26e01d0d23e97f1036",
                "thumb_720_w": 720,
                "thumb_720_h": 327,
                "thumb_800": "https:\/\/files.slack.com\/files-tmb\/TFU0BKCQP-F010ACLGBEX-9389063978\/____________________________2020-03-24_19.17.03_800.png?t=xoxe-538011658839-1282483706739-1267535181735-be55be74b4ca6c26e01d0d23e97f1036",
                "thumb_800_w": 800,
                "thumb_800_h": 364,
                "thumb_960": "https:\/\/files.slack.com\/files-tmb\/TFU0BKCQP-F010ACLGBEX-9389063978\/____________________________2020-03-24_19.17.03_960.png?t=xoxe-538011658839-1282483706739-1267535181735-be55be74b4ca6c26e01d0d23e97f1036",
                "thumb_960_w": 960,
                "thumb_960_h": 436,
                "thumb_1024": "https:\/\/files.slack.com\/files-tmb\/TFU0BKCQP-F010ACLGBEX-9389063978\/____________________________2020-03-24_19.17.03_1024.png?t=xoxe-538011658839-1282483706739-1267535181735-be55be74b4ca6c26e01d0d23e97f1036",
                "thumb_1024_w": 1024,
                "thumb_1024_h": 465,
                "image_exif_rotation": 1,
                "original_w": 1778,
                "original_h": 808,
                "thumb_tiny": "AwAVADDRO\/PbFDb88YxTqMUAN+bAxj3pCW\/2fxpSdp4BING7\/ZJoACWC5OM+1NVyTzTi3y5II+tIrgnAFMB9FFFIApMH1paKAAjI5pAoBpaKAP\/Z",
                "permalink": "https:\/\/terraform-jp.slack.com\/files\/ULFJL58N8\/F010ACLGBEX\/____________________________2020-03-24_19.17.03.png",
                "permalink_public": "https:\/\/slack-files.com\/TFU0BKCQP-F010ACLGBEX-c3af6b6b51",
                "is_starred": false,
                "has_rich_preview": false
            },
            {
                "id": "F010MS7LR24",
                "created": 1585045079,
                "timestamp": 1585045079,
                "name": "スクリーンショット 2020-03-24 19.17.09.png",
                "title": "スクリーンショット 2020-03-24 19.17.09.png",
                "mimetype": "image\/png",
                "filetype": "png",
                "pretty_type": "PNG",
                "user": "ULFJL58N8",
                "editable": false,
                "size": 122849,
                "mode": "hosted",
                "is_external": false,
                "external_type": "",
                "is_public": true,
                "public_url_shared": false,
                "display_as_bot": false,
                "username": "",
                "url_private": "https:\/\/files.slack.com\/files-pri\/TFU0BKCQP-F010MS7LR24\/____________________________2020-03-24_19.17.09.png?t=xoxe-538011658839-1282483706739-1267535181735-be55be74b4ca6c26e01d0d23e97f1036",
                "url_private_download": "https:\/\/files.slack.com\/files-pri\/TFU0BKCQP-F010MS7LR24\/download\/____________________________2020-03-24_19.17.09.png?t=xoxe-538011658839-1282483706739-1267535181735-be55be74b4ca6c26e01d0d23e97f1036",
                "thumb_64": "https:\/\/files.slack.com\/files-tmb\/TFU0BKCQP-F010MS7LR24-a1f21f88ab\/____________________________2020-03-24_19.17.09_64.png?t=xoxe-538011658839-1282483706739-1267535181735-be55be74b4ca6c26e01d0d23e97f1036",
                "thumb_80": "https:\/\/files.slack.com\/files-tmb\/TFU0BKCQP-F010MS7LR24-a1f21f88ab\/____________________________2020-03-24_19.17.09_80.png?t=xoxe-538011658839-1282483706739-1267535181735-be55be74b4ca6c26e01d0d23e97f1036",
                "thumb_360": "https:\/\/files.slack.com\/files-tmb\/TFU0BKCQP-F010MS7LR24-a1f21f88ab\/____________________________2020-03-24_19.17.09_360.png?t=xoxe-538011658839-1282483706739-1267535181735-be55be74b4ca6c26e01d0d23e97f1036",
                "thumb_360_w": 360,
                "thumb_360_h": 170,
                "thumb_480": "https:\/\/files.slack.com\/files-tmb\/TFU0BKCQP-F010MS7LR24-a1f21f88ab\/____________________________2020-03-24_19.17.09_480.png?t=xoxe-538011658839-1282483706739-1267535181735-be55be74b4ca6c26e01d0d23e97f1036",
                "thumb_480_w": 480,
                "thumb_480_h": 227,
                "thumb_160": "https:\/\/files.slack.com\/files-tmb\/TFU0BKCQP-F010MS7LR24-a1f21f88ab\/____________________________2020-03-24_19.17.09_160.png?t=xoxe-538011658839-1282483706739-1267535181735-be55be74b4ca6c26e01d0d23e97f1036",
                "thumb_720": "https:\/\/files.slack.com\/files-tmb\/TFU0BKCQP-F010MS7LR24-a1f21f88ab\/____________________________2020-03-24_19.17.09_720.png?t=xoxe-538011658839-1282483706739-1267535181735-be55be74b4ca6c26e01d0d23e97f1036",
                "thumb_720_w": 720,
                "thumb_720_h": 341,
                "thumb_800": "https:\/\/files.slack.com\/files-tmb\/TFU0BKCQP-F010MS7LR24-a1f21f88ab\/____________________________2020-03-24_19.17.09_800.png?t=xoxe-538011658839-1282483706739-1267535181735-be55be74b4ca6c26e01d0d23e97f1036",
                "thumb_800_w": 800,
                "thumb_800_h": 379,
                "thumb_960": "https:\/\/files.slack.com\/files-tmb\/TFU0BKCQP-F010MS7LR24-a1f21f88ab\/____________________________2020-03-24_19.17.09_960.png?t=xoxe-538011658839-1282483706739-1267535181735-be55be74b4ca6c26e01d0d23e97f1036",
                "thumb_960_w": 960,
                "thumb_960_h": 455,
                "thumb_1024": "https:\/\/files.slack.com\/files-tmb\/TFU0BKCQP-F010MS7LR24-a1f21f88ab\/____________________________2020-03-24_19.17.09_1024.png?t=xoxe-538011658839-1282483706739-1267535181735-be55be74b4ca6c26e01d0d23e97f1036",
                "thumb_1024_w": 1024,
                "thumb_1024_h": 485,
                "image_exif_rotation": 1,
                "original_w": 1778,
                "original_h": 842,
                "thumb_tiny": "AwAWADDRO\/PQYobfngDFOooAaS2BjHvSZbtt\/OlY4PQnNJkf3D+ApgKSwXJHPtTVck4p24BckED3pFcE4AoAfRRRSAKTB9f0paKAAjIwaQKAaWigD\/\/Z",
                "permalink": "https:\/\/terraform-jp.slack.com\/files\/ULFJL58N8\/F010MS7LR24\/____________________________2020-03-24_19.17.09.png",
                "permalink_public": "https:\/\/slack-files.com\/TFU0BKCQP-F010MS7LR24-dedcd7ec14",
                "is_starred": false,
                "has_rich_preview": false
            },
            {
                "id": "F010PFDM6HL",
                "created": 1585045079,
                "timestamp": 1585045079,
                "name": "スクリーンショット 2020-03-24 19.17.16.png",
                "title": "スクリーンショット 2020-03-24 19.17.16.png",
                "mimetype": "image\/png",
                "filetype": "png",
                "pretty_type": "PNG",
                "user": "ULFJL58N8",
                "editable": false,
                "size": 108216,
                "mode": "hosted",
                "is_external": false,
                "external_type": "",
                "is_public": true,
                "public_url_shared": false,
                "display_as_bot": false,
                "username": "",
                "url_private": "https:\/\/files.slack.com\/files-pri\/TFU0BKCQP-F010PFDM6HL\/____________________________2020-03-24_19.17.16.png?t=xoxe-538011658839-1282483706739-1267535181735-be55be74b4ca6c26e01d0d23e97f1036",
                "url_private_download": "https:\/\/files.slack.com\/files-pri\/TFU0BKCQP-F010PFDM6HL\/download\/____________________________2020-03-24_19.17.16.png?t=xoxe-538011658839-1282483706739-1267535181735-be55be74b4ca6c26e01d0d23e97f1036",
                "thumb_64": "https:\/\/files.slack.com\/files-tmb\/TFU0BKCQP-F010PFDM6HL-a0a6e82582\/____________________________2020-03-24_19.17.16_64.png?t=xoxe-538011658839-1282483706739-1267535181735-be55be74b4ca6c26e01d0d23e97f1036",
                "thumb_80": "https:\/\/files.slack.com\/files-tmb\/TFU0BKCQP-F010PFDM6HL-a0a6e82582\/____________________________2020-03-24_19.17.16_80.png?t=xoxe-538011658839-1282483706739-1267535181735-be55be74b4ca6c26e01d0d23e97f1036",
                "thumb_360": "https:\/\/files.slack.com\/files-tmb\/TFU0BKCQP-F010PFDM6HL-a0a6e82582\/____________________________2020-03-24_19.17.16_360.png?t=xoxe-538011658839-1282483706739-1267535181735-be55be74b4ca6c26e01d0d23e97f1036",
                "thumb_360_w": 360,
                "thumb_360_h": 166,
                "thumb_480": "https:\/\/files.slack.com\/files-tmb\/TFU0BKCQP-F010PFDM6HL-a0a6e82582\/____________________________2020-03-24_19.17.16_480.png?t=xoxe-538011658839-1282483706739-1267535181735-be55be74b4ca6c26e01d0d23e97f1036",
                "thumb_480_w": 480,
                "thumb_480_h": 222,
                "thumb_160": "https:\/\/files.slack.com\/files-tmb\/TFU0BKCQP-F010PFDM6HL-a0a6e82582\/____________________________2020-03-24_19.17.16_160.png?t=xoxe-538011658839-1282483706739-1267535181735-be55be74b4ca6c26e01d0d23e97f1036",
                "thumb_720": "https:\/\/files.slack.com\/files-tmb\/TFU0BKCQP-F010PFDM6HL-a0a6e82582\/____________________________2020-03-24_19.17.16_720.png?t=xoxe-538011658839-1282483706739-1267535181735-be55be74b4ca6c26e01d0d23e97f1036",
                "thumb_720_w": 720,
                "thumb_720_h": 333,
                "thumb_800": "https:\/\/files.slack.com\/files-tmb\/TFU0BKCQP-F010PFDM6HL-a0a6e82582\/____________________________2020-03-24_19.17.16_800.png?t=xoxe-538011658839-1282483706739-1267535181735-be55be74b4ca6c26e01d0d23e97f1036",
                "thumb_800_w": 800,
                "thumb_800_h": 370,
                "thumb_960": "https:\/\/files.slack.com\/files-tmb\/TFU0BKCQP-F010PFDM6HL-a0a6e82582\/____________________________2020-03-24_19.17.16_960.png?t=xoxe-538011658839-1282483706739-1267535181735-be55be74b4ca6c26e01d0d23e97f1036",
                "thumb_960_w": 960,
                "thumb_960_h": 444,
                "thumb_1024": "https:\/\/files.slack.com\/files-tmb\/TFU0BKCQP-F010PFDM6HL-a0a6e82582\/____________________________2020-03-24_19.17.16_1024.png?t=xoxe-538011658839-1282483706739-1267535181735-be55be74b4ca6c26e01d0d23e97f1036",
                "thumb_1024_w": 1024,
                "thumb_1024_h": 474,
                "image_exif_rotation": 1,
                "original_w": 1786,
                "original_h": 826,
                "thumb_tiny": "AwAWADDRO\/PQYobfngDFOooAaS3GAPeky\/bb+dKzbeoJzSbgOdp\/AUwFJYLkjn2pFck4pdw25I496RWUngUAPooopAFJz6j8qWigBCMjBpAgByKdRQB\/\/9k=",
                "permalink": "https:\/\/terraform-jp.slack.com\/files\/ULFJL58N8\/F010PFDM6HL\/____________________________2020-03-24_19.17.16.png",
                "permalink_public": "https:\/\/slack-files.com\/TFU0BKCQP-F010PFDM6HL-825df3084e",
                "is_starred": false,
                "has_rich_preview": false
            }
        ],
        "upload": true,
        "blocks": [
            {
                "type": "rich_text",
                "block_id": "wUx",
                "elements": [
                    {
                        "type": "rich_text_section",
                        "elements": [
                            {
                                "type": "text",
                                "text": "そうですね、今回はクラスタのvupはしていないのですが、eks provider, helm providerのvup祭りで苦しみました。\nクラスタを作り直す羽目になったのはhelm providerとhelmそのもののvupが原因だったと思います。\n"
                            },
                            {
                                "type": "link",
                                "url": "https:\/\/github.com\/terraform-providers\/terraform-provider-helm\/blob\/master\/CHANGELOG.md#100-february-05-2020",
                                "text": "このへん"
                            },
                            {
                                "type": "text",
                                "text": "\n\n詳細は割愛しますが、helm providerのvupをしたところ、helmのリソースは存在しているのに更に作成しようとする差分が出てしまっていたので、\n一旦クラスタをdestroyして作り直すことになりました。\n\nで、そこで採用した方法がBlue-Green deploy（最近覚えた）で、\nまずLB以降のリソースを新しく作り（バージョンも全て新しく）、CFrで向き先を切り替えます。\nこれで終わりでも良いのですが、名前諸々が仮のものでそのままだと管理が面倒になるので、\n古い環境をdestroy、諸々vup、再作成し、最後にCFrの向き先を元に戻して無事クラスタの入れ替えが完了しました。"
                            }
                        ]
                    }
                ]
            }
        ],
        "user": "ULFJL58N8",
        "ts": "1585045085.092300",
        "edited": {
            "user": "ULFJL58N8",
            "ts": "1585045113.000000"
        },
        "client_msg_id": "2819e5ad-582f-4c48-a893-c28e1a79464c",
        "thread_ts": "1585045085.092300",
        "reply_count": 6,
        "reply_users_count": 2,
        "latest_reply": "1585048222.094400",
        "reply_users": [
            "ULFJL58N8",
            "UG46Z57TN"
        ],
        "replies": [
            {
                "user": "ULFJL58N8",
                "ts": "1585045522.093300"
            },
            {
                "user": "ULFJL58N8",
                "ts": "1585045898.093500"
            },
            {
                "user": "UG46Z57TN",
                "ts": "1585046238.093800"
            },
            {
                "user": "UG46Z57TN",
                "ts": "1585046259.094000"
            },
            {
                "user": "ULFJL58N8",
                "ts": "1585047793.094200"
            },
            {
                "user": "ULFJL58N8",
                "ts": "1585048222.094400"
            }
        ],
        "subscribed": false,
        "reactions": [
            {
                "name": "tada",
                "users": [
                    "UFU0BKD8F",
                    "UG46Z57TN",
                    "UGW0ABZLG",
                    "UL49H207R"
                ],
                "count": 4
            }
        ]
    },
    {
        "client_msg_id": "46b3cebb-1df3-4d4c-9c24-fb9db85b5bf9",
        "type": "message",
        "text": "どこかブログにでも書こうかなと思いつつも後回し。。。orz",
        "user": "ULFJL58N8",
        "ts": "1585045522.093300",
        "team": "TFU0BKCQP",
        "user_team": "TFU0BKCQP",
        "source_team": "TFU0BKCQP",
        "user_profile": {
            "avatar_hash": "4dfdf014fd7c",
            "image_72": "https:\/\/avatars.slack-edge.com\/2019-10-03\/783465549270_4dfdf014fd7c208422c6_72.jpg",
            "first_name": "mei",
            "real_name": "mei",
            "display_name": "mei",
            "team": "TFU0BKCQP",
            "name": "meimei.aa428",
            "is_restricted": false,
            "is_ultra_restricted": false
        },
        "blocks": [
            {
                "type": "rich_text",
                "block_id": "0mW",
                "elements": [
                    {
                        "type": "rich_text_section",
                        "elements": [
                            {
                                "type": "text",
                                "text": "どこかブログにでも書こうかなと思いつつも後回し。。。orz"
                            }
                        ]
                    }
                ]
            }
        ],
        "thread_ts": "1585045085.092300",
        "parent_user_id": "ULFJL58N8"
    },
    {
        "client_msg_id": "1ccd333c-a3a3-4da8-a18a-3a8089362250",
        "type": "message",
        "text": "わたしめっちゃレスポンス遅いですね失礼しました",
        "user": "ULFJL58N8",
        "ts": "1585045898.093500",
        "team": "TFU0BKCQP",
        "user_team": "TFU0BKCQP",
        "source_team": "TFU0BKCQP",
        "user_profile": {
            "avatar_hash": "4dfdf014fd7c",
            "image_72": "https:\/\/avatars.slack-edge.com\/2019-10-03\/783465549270_4dfdf014fd7c208422c6_72.jpg",
            "first_name": "mei",
            "real_name": "mei",
            "display_name": "mei",
            "team": "TFU0BKCQP",
            "name": "meimei.aa428",
            "is_restricted": false,
            "is_ultra_restricted": false
        },
        "blocks": [
            {
                "type": "rich_text",
                "block_id": "5XyT",
                "elements": [
                    {
                        "type": "rich_text_section",
                        "elements": [
                            {
                                "type": "text",
                                "text": "わたしめっちゃレスポンス遅いですね失礼しました"
                            }
                        ]
                    }
                ]
            }
        ],
        "thread_ts": "1585045085.092300",
        "parent_user_id": "ULFJL58N8"
    },
    {
        "client_msg_id": "a5e3fb61-c7ae-42e4-be94-ce2e23bfa785",
        "type": "message",
        "text": "ブログ書きましょう！",
        "user": "UG46Z57TN",
        "ts": "1585046238.093800",
        "team": "TFU0BKCQP",
        "user_team": "TFU0BKCQP",
        "source_team": "TFU0BKCQP",
        "user_profile": {
            "avatar_hash": "c6bdd4cb17db",
            "image_72": "https:\/\/avatars.slack-edge.com\/2019-07-05\/685991185957_c6bdd4cb17db956661a1_72.jpg",
            "first_name": "Takeshi",
            "real_name": "Takeshi Kondo",
            "display_name": "chaspy",
            "team": "TFU0BKCQP",
            "name": "take.she12",
            "is_restricted": false,
            "is_ultra_restricted": false
        },
        "blocks": [
            {
                "type": "rich_text",
                "block_id": "EKq",
                "elements": [
                    {
                        "type": "rich_text_section",
                        "elements": [
                            {
                                "type": "text",
                                "text": "ブログ書きましょう！"
                            }
                        ]
                    }
                ]
            }
        ],
        "thread_ts": "1585045085.092300",
        "parent_user_id": "ULFJL58N8"
    },
    {
        "client_msg_id": "3dbe7b41-d6f4-4fe6-ae0f-bb14b048a5af",
        "type": "message",
        "text": "Cloudfront の Origin を切り替える感じ？なんですね。\nDNS でやらなかった理由は何かあるんですか？",
        "user": "UG46Z57TN",
        "ts": "1585046259.094000",
        "team": "TFU0BKCQP",
        "user_team": "TFU0BKCQP",
        "source_team": "TFU0BKCQP",
        "user_profile": {
            "avatar_hash": "c6bdd4cb17db",
            "image_72": "https:\/\/avatars.slack-edge.com\/2019-07-05\/685991185957_c6bdd4cb17db956661a1_72.jpg",
            "first_name": "Takeshi",
            "real_name": "Takeshi Kondo",
            "display_name": "chaspy",
            "team": "TFU0BKCQP",
            "name": "take.she12",
            "is_restricted": false,
            "is_ultra_restricted": false
        },
        "blocks": [
            {
                "type": "rich_text",
                "block_id": "Qhl0Z",
                "elements": [
                    {
                        "type": "rich_text_section",
                        "elements": [
                            {
                                "type": "text",
                                "text": "Cloudfront の Origin を切り替える感じ？なんですね。\nDNS でやらなかった理由は何かあるんですか？"
                            }
                        ]
                    }
                ]
            }
        ],
        "thread_ts": "1585045085.092300",
        "parent_user_id": "ULFJL58N8"
    },
    {
        "client_msg_id": "242d2c14-0700-4eef-9a43-ef37c1c91bde",
        "type": "message",
        "text": "そうですOriginを切り替えました。\n弊社の場合、DNSをいろんなところで管理しているのでCFrの方が楽だったからです\nいろんなところというのは\n• AWSのRoute53\n• 別アカウントのRoute53（CFrのCNAMEを手入力）\n• AWS以外のDNSサービス（CFrのCNAMEを手入力）\nです",
        "user": "ULFJL58N8",
        "ts": "1585047793.094200",
        "team": "TFU0BKCQP",
        "user_team": "TFU0BKCQP",
        "source_team": "TFU0BKCQP",
        "user_profile": {
            "avatar_hash": "4dfdf014fd7c",
            "image_72": "https:\/\/avatars.slack-edge.com\/2019-10-03\/783465549270_4dfdf014fd7c208422c6_72.jpg",
            "first_name": "mei",
            "real_name": "mei",
            "display_name": "mei",
            "team": "TFU0BKCQP",
            "name": "meimei.aa428",
            "is_restricted": false,
            "is_ultra_restricted": false
        },
        "blocks": [
            {
                "type": "rich_text",
                "block_id": "2K7y",
                "elements": [
                    {
                        "type": "rich_text_section",
                        "elements": [
                            {
                                "type": "text",
                                "text": "そうですOriginを切り替えました。\n弊社の場合、DNSをいろんなところで管理しているのでCFrの方が楽だったからです\nいろんなところというのは\n"
                            }
                        ]
                    },
                    {
                        "type": "rich_text_list",
                        "elements": [
                            {
                                "type": "rich_text_section",
                                "elements": [
                                    {
                                        "type": "text",
                                        "text": "AWSのRoute53"
                                    }
                                ]
                            },
                            {
                                "type": "rich_text_section",
                                "elements": [
                                    {
                                        "type": "text",
                                        "text": "別アカウントのRoute53（CFrのCNAMEを手入力）"
                                    }
                                ]
                            },
                            {
                                "type": "rich_text_section",
                                "elements": [
                                    {
                                        "type": "text",
                                        "text": "AWS以外のDNSサービス（CFrのCNAMEを手入力）"
                                    }
                                ]
                            }
                        ],
                        "style": "bullet",
                        "indent": 0
                    },
                    {
                        "type": "rich_text_section",
                        "elements": [
                            {
                                "type": "text",
                                "text": "です"
                            }
                        ]
                    }
                ]
            }
        ],
        "thread_ts": "1585045085.092300",
        "parent_user_id": "ULFJL58N8"
    },
    {
        "client_msg_id": "cff52948-0b14-495e-98b4-3c55a21199d7",
        "type": "message",
        "text": "前提の説明が足りてないかもしれません。。\n同じEKSクラスタで稼働しているサービスが複数あるため、DNSも複数存在しています。\n\n具体的には\n• <https:\/\/recruit.oisixradaichi.co.jp\/>　→DNS Aサービス\n• <https:\/\/www.daichi-m.co.jp\/>　→DNS　Bサービス\n• <https:\/\/purplecarrot.jp\/>　→　DNS Cサービス\nのような。",
        "user": "ULFJL58N8",
        "ts": "1585048222.094400",
        "team": "TFU0BKCQP",
        "user_team": "TFU0BKCQP",
        "source_team": "TFU0BKCQP",
        "user_profile": {
            "avatar_hash": "4dfdf014fd7c",
            "image_72": "https:\/\/avatars.slack-edge.com\/2019-10-03\/783465549270_4dfdf014fd7c208422c6_72.jpg",
            "first_name": "mei",
            "real_name": "mei",
            "display_name": "mei",
            "team": "TFU0BKCQP",
            "name": "meimei.aa428",
            "is_restricted": false,
            "is_ultra_restricted": false
        },
        "edited": {
            "user": "ULFJL58N8",
            "ts": "1585048380.000000"
        },
        "blocks": [
            {
                "type": "rich_text",
                "block_id": "a2g",
                "elements": [
                    {
                        "type": "rich_text_section",
                        "elements": [
                            {
                                "type": "text",
                                "text": "前提の説明が足りてないかもしれません。。\n同じEKSクラスタで稼働しているサービスが複数あるため、DNSも複数存在しています。\n\n具体的には\n"
                            }
                        ]
                    },
                    {
                        "type": "rich_text_list",
                        "elements": [
                            {
                                "type": "rich_text_section",
                                "elements": [
                                    {
                                        "type": "link",
                                        "url": "https:\/\/recruit.oisixradaichi.co.jp\/"
                                    },
                                    {
                                        "type": "text",
                                        "text": "　→DNS Aサービス"
                                    }
                                ]
                            },
                            {
                                "type": "rich_text_section",
                                "elements": [
                                    {
                                        "type": "link",
                                        "url": "https:\/\/www.daichi-m.co.jp\/"
                                    },
                                    {
                                        "type": "text",
                                        "text": "　→DNS　Bサービス"
                                    }
                                ]
                            },
                            {
                                "type": "rich_text_section",
                                "elements": [
                                    {
                                        "type": "link",
                                        "url": "https:\/\/purplecarrot.jp\/"
                                    },
                                    {
                                        "type": "text",
                                        "text": "　→　DNS Cサービス"
                                    }
                                ]
                            }
                        ],
                        "style": "bullet",
                        "indent": 0
                    },
                    {
                        "type": "rich_text_section",
                        "elements": [
                            {
                                "type": "text",
                                "text": "のような。"
                            }
                        ]
                    }
                ]
            }
        ],
        "thread_ts": "1585045085.092300",
        "parent_user_id": "ULFJL58N8"
    }
]