[
    {
        "client_msg_id": "19240569-0aa7-4996-b2e4-1c259e7a318d",
        "type": "message",
        "text": "そういえばCloudFrontのデプロイが高速化したらしいので早く試したい。\n<https:\/\/dev.classmethod.jp\/articles\/slashing-cloudfront-change>",
        "user": "UFU0BKD8F",
        "ts": "1585411211.000700",
        "team": "TFU0BKCQP",
        "user_team": "TFU0BKCQP",
        "source_team": "TFU0BKCQP",
        "user_profile": {
            "avatar_hash": "92c41c62c7b0",
            "image_72": "https:\/\/avatars.slack-edge.com\/2019-01-30\/537137791812_92c41c62c7b0f054d3dd_72.jpg",
            "first_name": "らき",
            "real_name": "らき",
            "display_name": "raki",
            "team": "TFU0BKCQP",
            "name": "nishimuray",
            "is_restricted": false,
            "is_ultra_restricted": false
        },
        "attachments": [
            {
                "service_name": "クラスメソッド発「やってみた」系技術メディア | Developers.IO",
                "title": "CloudFrontの作成や更新時間が約5倍高速になりました | Developers.IO",
                "title_link": "https:\/\/dev.classmethod.jp\/articles\/slashing-cloudfront-change",
                "text": "CloudFrontの設定変更が高速化した事を、2020年3月、2019年2月のログで確認してみました。",
                "fallback": "クラスメソッド発「やってみた」系技術メディア | Developers.IO: CloudFrontの作成や更新時間が約5倍高速になりました | Developers.IO",
                "image_url": "https:\/\/cdn-ssl-devio-img.classmethod.jp\/wp-content\/uploads\/2019\/05\/amazon-cloud-front-960x504.png",
                "from_url": "https:\/\/dev.classmethod.jp\/articles\/slashing-cloudfront-change",
                "image_width": 476,
                "image_height": 250,
                "image_bytes": 41948,
                "id": 1,
                "original_url": "https:\/\/dev.classmethod.jp\/articles\/slashing-cloudfront-change"
            }
        ],
        "blocks": [
            {
                "type": "rich_text",
                "block_id": "Jx57F",
                "elements": [
                    {
                        "type": "rich_text_section",
                        "elements": [
                            {
                                "type": "text",
                                "text": "そういえばCloudFrontのデプロイが高速化したらしいので早く試したい。\n"
                            },
                            {
                                "type": "link",
                                "url": "https:\/\/dev.classmethod.jp\/articles\/slashing-cloudfront-change"
                            }
                        ]
                    }
                ]
            }
        ],
        "reactions": [
            {
                "name": "oltu",
                "users": [
                    "UGFSM002K",
                    "ULFK57XL4"
                ],
                "count": 2
            }
        ]
    },
    {
        "client_msg_id": "a4102c82-2314-4fd1-880b-454763d89dda",
        "type": "message",
        "text": "secrethub ってのが awesome terraform に登録されたんだけどぱっと見普通に\nstate に平文残っちゃうやつや。。。？\n<https:\/\/github.com\/secrethub\/terraform-provider-secrethub>",
        "user": "UFU0BKD8F",
        "ts": "1585415241.001800",
        "team": "TFU0BKCQP",
        "user_team": "TFU0BKCQP",
        "source_team": "TFU0BKCQP",
        "user_profile": {
            "avatar_hash": "92c41c62c7b0",
            "image_72": "https:\/\/avatars.slack-edge.com\/2019-01-30\/537137791812_92c41c62c7b0f054d3dd_72.jpg",
            "first_name": "らき",
            "real_name": "らき",
            "display_name": "raki",
            "team": "TFU0BKCQP",
            "name": "nishimuray",
            "is_restricted": false,
            "is_ultra_restricted": false
        },
        "attachments": [
            {
                "fallback": "secrethub\/terraform-provider-secrethub",
                "text": "Terraform provider for the SecretHub Secret Management API",
                "title": "secrethub\/terraform-provider-secrethub",
                "footer": "<https:\/\/github.com\/secrethub\/terraform-provider-secrethub|secrethub\/terraform-provider-secrethub>",
                "id": 1,
                "footer_icon": "https:\/\/github.githubassets.com\/favicon.ico",
                "ts": 1543488376,
                "color": "24292f",
                "fields": [
                    {
                        "title": "Website",
                        "value": "<https:\/\/secrethub.io>",
                        "short": true
                    },
                    {
                        "title": "Stars",
                        "value": "39",
                        "short": true
                    }
                ],
                "mrkdwn_in": [
                    "text",
                    "fields"
                ],
                "bot_id": "BH12QQBB4",
                "app_unfurl_url": "https:\/\/github.com\/secrethub\/terraform-provider-secrethub",
                "is_app_unfurl": true
            }
        ],
        "blocks": [
            {
                "type": "rich_text",
                "block_id": "lO5Mn",
                "elements": [
                    {
                        "type": "rich_text_section",
                        "elements": [
                            {
                                "type": "text",
                                "text": "secrethub ってのが awesome terraform に登録されたんだけどぱっと見普通に\nstate に平文残っちゃうやつや。。。？\n"
                            },
                            {
                                "type": "link",
                                "url": "https:\/\/github.com\/secrethub\/terraform-provider-secrethub"
                            }
                        ]
                    }
                ]
            }
        ]
    }
]