[
    {
        "client_msg_id": "703068ce-67f7-4982-b5d2-f73aa2a255e3",
        "type": "message",
        "text": "気になるツール見つけた。まだ試してないけど。。。\n<https:\/\/github.com\/iann0036\/former2>",
        "user": "UFU0BKD8F",
        "ts": "1584809618.052900",
        "team": "TFU0BKCQP",
        "user_team": "TFU0BKCQP",
        "source_team": "TFU0BKCQP",
        "user_profile": {
            "avatar_hash": "92c41c62c7b0",
            "image_72": "https:\/\/avatars.slack-edge.com\/2019-01-30\/537137791812_92c41c62c7b0f054d3dd_72.jpg",
            "first_name": "らき",
            "real_name": "らき",
            "display_name": "raki",
            "team": "TFU0BKCQP",
            "name": "nishimuray",
            "is_restricted": false,
            "is_ultra_restricted": false
        },
        "attachments": [
            {
                "fallback": "iann0036\/former2",
                "text": "Generate CloudFormation \/ Terraform \/ Troposphere templates from your existing AWS resources.",
                "title": "iann0036\/former2",
                "footer": "<https:\/\/github.com\/iann0036\/former2|iann0036\/former2>",
                "id": 1,
                "footer_icon": "https:\/\/github.githubassets.com\/favicon.ico",
                "ts": 1551442007,
                "color": "24292f",
                "fields": [
                    {
                        "title": "Website",
                        "value": "<https:\/\/former2.com>",
                        "short": true
                    },
                    {
                        "title": "Stars",
                        "value": "320",
                        "short": true
                    }
                ],
                "mrkdwn_in": [
                    "text",
                    "fields"
                ],
                "bot_id": "BH12QQBB4",
                "app_unfurl_url": "https:\/\/github.com\/iann0036\/former2",
                "is_app_unfurl": true
            }
        ],
        "blocks": [
            {
                "type": "rich_text",
                "block_id": "fSn4",
                "elements": [
                    {
                        "type": "rich_text_section",
                        "elements": [
                            {
                                "type": "text",
                                "text": "気になるツール見つけた。まだ試してないけど。。。\n"
                            },
                            {
                                "type": "link",
                                "url": "https:\/\/github.com\/iann0036\/former2"
                            }
                        ]
                    }
                ]
            }
        ],
        "reactions": [
            {
                "name": "eyes",
                "users": [
                    "UGW0ABZLG"
                ],
                "count": 1
            }
        ]
    }
]