[
    {
        "client_msg_id": "1b02e631-85b2-401e-ac1c-74f7dcef4b7a",
        "type": "message",
        "text": "DMSのタスクを `aws_dms_replication_task` で作成した後、Optionパラメタでもある `replication_task_settings` の差分が次回から出るようになってしまい、AWS側で自動作成されたJSONをtfファイルに落とし差分を無くすといった作業をしたのですが、やりたいことは `コードでインフラを表現する` のはずが `作成されたインフラを頑張ってコードに落とし込む` になってる感じにちょっと疑問が出てきましたけど、こういうもんでしょうか。。？",
        "user": "UFTKSQ25T",
        "ts": "1560062283.004700",
        "team": "TFU0BKCQP",
        "user_team": "TFU0BKCQP",
        "source_team": "TFU0BKCQP",
        "user_profile": {
            "avatar_hash": "g0bffa2bb65a",
            "image_72": "https:\/\/secure.gravatar.com\/avatar\/10bffa2bb65aa200d991e14d6110f549.jpg?s=72&d=https%3A%2F%2Fa.slack-edge.com%2Fdf10d%2Fimg%2Favatars%2Fava_0016-72.png",
            "first_name": "",
            "real_name": "morihaya",
            "display_name": "",
            "team": "TFU0BKCQP",
            "name": "yukiya.hayashi",
            "is_restricted": false,
            "is_ultra_restricted": false
        },
        "thread_ts": "1560062283.004700",
        "reply_count": 3,
        "reply_users_count": 2,
        "latest_reply": "1560077533.005300",
        "reply_users": [
            "UFTKSQ25T",
            "UFU0BKD8F"
        ],
        "replies": [
            {
                "user": "UFTKSQ25T",
                "ts": "1560062474.004800"
            },
            {
                "user": "UFU0BKD8F",
                "ts": "1560074234.005100"
            },
            {
                "user": "UFTKSQ25T",
                "ts": "1560077533.005300"
            }
        ],
        "subscribed": true,
        "last_read": "1560077533.005300"
    },
    {
        "client_msg_id": "91be9381-11d8-49b2-969d-a8f04a8e63b3",
        "type": "message",
        "text": "追加で、DMSのタスクのログをCloudWatchに流す設定をONにするのも `replication_task_settings` のJSONの中で設定するのですけど、以下のようなユニークなIDがAWS側から振られるので、初回作成時はどうすればいいんだとかも疑問だったりします。\n\n```\n    \"Logging\":{\n       \"EnableLogging\":true,\n       \"LogComponents\":[\n          {\n             \"Id\":\"SOURCE_UNLOAD\",\n             \"Severity\":\"LOGGER_SEVERITY_DEFAULT\"\n          },\n          {\n             \"Id\":\"TARGET_LOAD\",\n             \"Severity\":\"LOGGER_SEVERITY_DEFAULT\"\n          },\n          {\n             \"Id\":\"SOURCE_CAPTURE\",\n             \"Severity\":\"LOGGER_SEVERITY_DEFAULT\"\n          },\n          {\n             \"Id\":\"TARGET_APPLY\",\n             \"Severity\":\"LOGGER_SEVERITY_DEFAULT\"\n          },\n          {\n             \"Id\":\"TASK_MANAGER\",\n             \"Severity\":\"LOGGER_SEVERITY_DEFAULT\"\n          }\n       ],\n       \"CloudWatchLogGroup\":\"dms-tasks-hoge-dms-replication-instance-tf\",\n       \"CloudWatchLogStream\":\"dms-task-LKMHRUF3P3AVU3SWHNCAHZHOGE\"\n    },\n```\n\n&gt;       “CloudWatchLogStream”:“dms-task-LKMHRUF3P3AVU3SWHNCAHZHOGE”\nの部分",
        "user": "UFTKSQ25T",
        "ts": "1560062474.004800",
        "team": "TFU0BKCQP",
        "user_team": "TFU0BKCQP",
        "source_team": "TFU0BKCQP",
        "user_profile": {
            "avatar_hash": "g0bffa2bb65a",
            "image_72": "https:\/\/secure.gravatar.com\/avatar\/10bffa2bb65aa200d991e14d6110f549.jpg?s=72&d=https%3A%2F%2Fa.slack-edge.com%2Fdf10d%2Fimg%2Favatars%2Fava_0016-72.png",
            "first_name": "",
            "real_name": "morihaya",
            "display_name": "",
            "team": "TFU0BKCQP",
            "name": "yukiya.hayashi",
            "is_restricted": false,
            "is_ultra_restricted": false
        },
        "edited": {
            "user": "UFTKSQ25T",
            "ts": "1560062506.000000"
        },
        "thread_ts": "1560062283.004700",
        "parent_user_id": "UFTKSQ25T"
    }
]