[
    {
        "type": "message",
        "subtype": "thread_broadcast",
        "text": "だめだった :cry:\n\n```\nerror creating RDS DB Instance: InvalidParameterCombination: The engine version that you requested for your DB instance (5.7.mysql_aurora.2.04.4) does not match the engine version of your DB cluster (5.7.12).\n\tstatus code: 400\n```",
        "user": "UG46Z57TN",
        "ts": "1559272813.003700",
        "thread_ts": "1559208305.001000",
        "root": {
            "client_msg_id": "58d023a5-f115-4ca0-8c99-0597a296f037",
            "type": "message",
            "text": "Auroraの2系ってバージョン指定できるんですかね？engine_versionで。。。\n<https:\/\/docs.aws.amazon.com\/AmazonRDS\/latest\/AuroraUserGuide\/AuroraMySQL.Updates.20180206.html>\nAWS的にはAurora MySQL 2.-.x は engine version 5.7.12だって書いてて謎い",
            "user": "UG46Z57TN",
            "ts": "1559208305.001000",
            "team": "TFU0BKCQP",
            "edited": {
                "user": "UG46Z57TN",
                "ts": "1559208312.000000"
            },
            "attachments": [
                {
                    "title": "Aurora MySQL Database Engine Updates          2018-02-06 - Amazon Aurora       ",
                    "title_link": "https:\/\/docs.aws.amazon.com\/AmazonRDS\/latest\/AuroraUserGuide\/AuroraMySQL.Updates.20180206.html",
                    "text": "Aurora database engine updates for 2018-02-06.",
                    "fallback": "Aurora MySQL Database Engine Updates          2018-02-06 - Amazon Aurora       ",
                    "from_url": "https:\/\/docs.aws.amazon.com\/AmazonRDS\/latest\/AuroraUserGuide\/AuroraMySQL.Updates.20180206.html",
                    "service_icon": "https:\/\/docs.aws.amazon.com\/images\/favicon.ico",
                    "service_name": "docs.aws.amazon.com",
                    "id": 1,
                    "original_url": "https:\/\/docs.aws.amazon.com\/AmazonRDS\/latest\/AuroraUserGuide\/AuroraMySQL.Updates.20180206.html"
                }
            ],
            "thread_ts": "1559208305.001000",
            "reply_count": 13,
            "reply_users_count": 2,
            "latest_reply": "1559278904.004700",
            "reply_users": [
                "UG46Z57TN",
                "UFTKSQ25T"
            ],
            "replies": [
                {
                    "user": "UG46Z57TN",
                    "ts": "1559208653.001400"
                },
                {
                    "user": "UG46Z57TN",
                    "ts": "1559208668.001600"
                },
                {
                    "user": "UG46Z57TN",
                    "ts": "1559208752.001800"
                },
                {
                    "user": "UG46Z57TN",
                    "ts": "1559209238.002000"
                },
                {
                    "user": "UG46Z57TN",
                    "ts": "1559209321.002400"
                },
                {
                    "user": "UG46Z57TN",
                    "ts": "1559209323.002600"
                },
                {
                    "user": "UG46Z57TN",
                    "ts": "1559209488.002900"
                },
                {
                    "user": "UG46Z57TN",
                    "ts": "1559209555.003100"
                },
                {
                    "user": "UG46Z57TN",
                    "ts": "1559272813.003700"
                },
                {
                    "user": "UG46Z57TN",
                    "ts": "1559272829.004000"
                },
                {
                    "user": "UFTKSQ25T",
                    "ts": "1559278756.004300"
                },
                {
                    "user": "UG46Z57TN",
                    "ts": "1559278865.004500"
                },
                {
                    "user": "UG46Z57TN",
                    "ts": "1559278904.004700"
                }
            ],
            "subscribed": false
        },
        "client_msg_id": "4af51dbd-0dab-4542-8ea5-aa1af9835605",
        "reactions": [
            {
                "name": "tired_face",
                "users": [
                    "UFTKSQ25T",
                    "UG1QN22JZ"
                ],
                "count": 2
            }
        ]
    },
    {
        "client_msg_id": "68a1cd47-c458-451b-8271-f2786265e42e",
        "type": "message",
        "text": "何がダメなのかわからない。。。",
        "user": "UG46Z57TN",
        "ts": "1559272829.004000",
        "team": "TFU0BKCQP",
        "user_team": "TFU0BKCQP",
        "source_team": "TFU0BKCQP",
        "user_profile": {
            "avatar_hash": "c6bdd4cb17db",
            "image_72": "https:\/\/avatars.slack-edge.com\/2019-07-05\/685991185957_c6bdd4cb17db956661a1_72.jpg",
            "first_name": "Takeshi",
            "real_name": "Takeshi Kondo",
            "display_name": "chaspy",
            "team": "TFU0BKCQP",
            "name": "take.she12",
            "is_restricted": false,
            "is_ultra_restricted": false
        },
        "thread_ts": "1559208305.001000",
        "parent_user_id": "UG46Z57TN"
    },
    {
        "client_msg_id": "4e202741-a117-4964-bb41-a3d027057ec2",
        "type": "message",
        "text": "単純に `2.04.4` とか…\nengin_versionで蹴られてるみたいですし",
        "user": "UFTKSQ25T",
        "ts": "1559278756.004300",
        "team": "TFU0BKCQP",
        "user_team": "TFU0BKCQP",
        "source_team": "TFU0BKCQP",
        "user_profile": {
            "avatar_hash": "g0bffa2bb65a",
            "image_72": "https:\/\/secure.gravatar.com\/avatar\/10bffa2bb65aa200d991e14d6110f549.jpg?s=72&d=https%3A%2F%2Fa.slack-edge.com%2Fdf10d%2Fimg%2Favatars%2Fava_0016-72.png",
            "first_name": "",
            "real_name": "morihaya",
            "display_name": "",
            "team": "TFU0BKCQP",
            "name": "yukiya.hayashi",
            "is_restricted": false,
            "is_ultra_restricted": false
        },
        "thread_ts": "1559208305.001000",
        "parent_user_id": "UG46Z57TN"
    },
    {
        "client_msg_id": "0e2b8f97-890e-475b-9cae-afb3de883541",
        "type": "message",
        "text": "いや、clusterがもってるバージョンとinstanceがもってるversionの更新順がterraformがおかしかったから事故ったような感じです",
        "user": "UG46Z57TN",
        "ts": "1559278865.004500",
        "team": "TFU0BKCQP",
        "user_team": "TFU0BKCQP",
        "source_team": "TFU0BKCQP",
        "user_profile": {
            "avatar_hash": "c6bdd4cb17db",
            "image_72": "https:\/\/avatars.slack-edge.com\/2019-07-05\/685991185957_c6bdd4cb17db956661a1_72.jpg",
            "first_name": "Takeshi",
            "real_name": "Takeshi Kondo",
            "display_name": "chaspy",
            "team": "TFU0BKCQP",
            "name": "take.she12",
            "is_restricted": false,
            "is_ultra_restricted": false
        },
        "thread_ts": "1559208305.001000",
        "parent_user_id": "UG46Z57TN"
    },
    {
        "client_msg_id": "47376f04-5a46-4716-acb1-499bed5fc33b",
        "type": "message",
        "text": "clusterのもってるengine versionを先にupgradeしてからdb instanceを指定のversionで作ってくれればいけたと思うんだが。。",
        "user": "UG46Z57TN",
        "ts": "1559278904.004700",
        "team": "TFU0BKCQP",
        "user_team": "TFU0BKCQP",
        "source_team": "TFU0BKCQP",
        "user_profile": {
            "avatar_hash": "c6bdd4cb17db",
            "image_72": "https:\/\/avatars.slack-edge.com\/2019-07-05\/685991185957_c6bdd4cb17db956661a1_72.jpg",
            "first_name": "Takeshi",
            "real_name": "Takeshi Kondo",
            "display_name": "chaspy",
            "team": "TFU0BKCQP",
            "name": "take.she12",
            "is_restricted": false,
            "is_ultra_restricted": false
        },
        "thread_ts": "1559208305.001000",
        "parent_user_id": "UG46Z57TN",
        "reactions": [
            {
                "name": "naruhodo",
                "users": [
                    "UFTKSQ25T"
                ],
                "count": 1
            }
        ]
    }
]