[
    {
        "type": "message",
        "subtype": "channel_join",
        "ts": "1576854362.000200",
        "user": "UFU0BKD8F",
        "text": "<@UFU0BKD8F>さんがチャンネルに参加しました"
    },
    {
        "client_msg_id": "ed93928f-ffb6-47fe-8509-8446ed37afaa",
        "type": "message",
        "text": "先日見かけた <https:\/\/tech.mercari.com\/entry\/2019\/12\/09\/122134>",
        "user": "UFU0BKD8F",
        "ts": "1576854571.000600",
        "team": "TFU0BKCQP",
        "user_team": "TFU0BKCQP",
        "source_team": "TFU0BKCQP",
        "user_profile": {
            "avatar_hash": "92c41c62c7b0",
            "image_72": "https:\/\/avatars.slack-edge.com\/2019-01-30\/537137791812_92c41c62c7b0f054d3dd_72.jpg",
            "first_name": "らき",
            "real_name": "らき",
            "display_name": "raki",
            "team": "TFU0BKCQP",
            "name": "nishimuray",
            "is_restricted": false,
            "is_ultra_restricted": false
        },
        "attachments": [
            {
                "service_name": "Mercari Engineering Blog",
                "title": "Datadog Dashboard at Scale w\/ Terraform - Mercari Engineering Blog",
                "title_link": "https:\/\/tech.mercari.com\/entry\/2019\/12\/09\/122134",
                "text": "こんにちは。株式会社メルペイSREチームの@kekeです。 Merpay Advent Calendar の9日目の記事です。 本記事ではスケーラブルなDatadogモニタリングシステムをTerraformによって実現した方法を紹介します。 はじめに すでに多くの発表があるのでご存知の方も多いのではないかと思いますが、メルペイではマイクロサービスアーキテクチャを採用しています。 マイクロサービスアーキテクチャの略図 各マイクロサービスのデベロッパーは責任を持ってそれぞれのサービスを開発・運用しています。 SRE(Site Reliability Engineering)チームはシステムの信頼性…",
                "fallback": "Mercari Engineering Blog: Datadog Dashboard at Scale w\/ Terraform - Mercari Engineering Blog",
                "image_url": "https:\/\/cdn-ak.f.st-hatena.com\/images\/fotolife\/b\/bobchan1915\/20191209\/20191209121234.png",
                "ts": 1575861694,
                "from_url": "https:\/\/tech.mercari.com\/entry\/2019\/12\/09\/122134",
                "image_width": 535,
                "image_height": 250,
                "image_bytes": 144108,
                "service_icon": "https:\/\/cdn.image.st-hatena.com\/image\/apple_touch_icon\/5e2c2b58bff4024cd6b3e30cd8f218a35817b107\/version=1\/https%3A%2F%2Fcdn.user.blog.st-hatena.com%2Fblog_custom_icon%2F153281987%2F1541494408285427",
                "id": 1,
                "original_url": "https:\/\/tech.mercari.com\/entry\/2019\/12\/09\/122134"
            }
        ],
        "blocks": [
            {
                "type": "rich_text",
                "block_id": "zJl4",
                "elements": [
                    {
                        "type": "rich_text_section",
                        "elements": [
                            {
                                "type": "text",
                                "text": "先日見かけた "
                            },
                            {
                                "type": "link",
                                "url": "https:\/\/tech.mercari.com\/entry\/2019\/12\/09\/122134"
                            }
                        ]
                    }
                ]
            }
        ]
    }
]