[
    {
        "client_msg_id": "1ac3724d-92fb-4604-bf13-97519a36cb11",
        "type": "message",
        "text": "はじめまして。\nつい最近Terraformの勉強をはじめました、システムエンジニア・プログラマ・機械学習エンジニア・DevOpsエンジニアです。\n今までがっつりクラウド環境構築をやる機会があまりなく、各サービスの画面からポチポチしつつサービス開発するくらいだったので、インフラも併せて勉強中です。\n上手く調べられずにいることもけっこうあるため、質問などさせていただくと思いますが、その際はご教示頂けますと幸いです。\nオススメの学習方法、学習コンテンツ等の情報共有もできると嬉しいです！\nよろしくお願いいたします:smiley:",
        "user": "U02UHQ29FFW",
        "ts": "1642505581.012500",
        "blocks": [
            {
                "type": "rich_text",
                "block_id": "Duwd",
                "elements": [
                    {
                        "type": "rich_text_section",
                        "elements": [
                            {
                                "type": "text",
                                "text": "はじめまして。\nつい最近Terraformの勉強をはじめました、システムエンジニア・プログラマ・機械学習エンジニア・DevOpsエンジニアです。\n今までがっつりクラウド環境構築をやる機会があまりなく、各サービスの画面からポチポチしつつサービス開発するくらいだったので、インフラも併せて勉強中です。\n上手く調べられずにいることもけっこうあるため、質問などさせていただくと思いますが、その際はご教示頂けますと幸いです。\nオススメの学習方法、学習コンテンツ等の情報共有もできると嬉しいです！\nよろしくお願いいたします"
                            },
                            {
                                "type": "emoji",
                                "name": "smiley",
                                "unicode": "1f603"
                            }
                        ]
                    }
                ]
            }
        ],
        "team": "TFU0BKCQP",
        "user_team": "TFU0BKCQP",
        "source_team": "TFU0BKCQP",
        "user_profile": {
            "avatar_hash": "9352d81f39bc",
            "image_72": "https:\/\/avatars.slack-edge.com\/2022-06-25\/3713763765365_9352d81f39bcf6c75be7_72.jpg",
            "first_name": "ゆか",
            "real_name": "ゆか",
            "display_name": "",
            "team": "TFU0BKCQP",
            "name": "yuka.koseki.sara999",
            "is_restricted": false,
            "is_ultra_restricted": false
        },
        "reactions": [
            {
                "name": "よろしく",
                "users": [
                    "UL49H207R",
                    "U02D4NMPQ9X",
                    "UFU0BKD8F",
                    "U02EXFN4QN4",
                    "UG46Z57TN",
                    "U02NTCZJLAX",
                    "U02T1KR94T0",
                    "U027N0PH7RV",
                    "URKFM4N0Z"
                ],
                "count": 9
            },
            {
                "name": "tada",
                "users": [
                    "UL49H207R",
                    "U02K7TWFJ83",
                    "UGY9BJ1NF",
                    "U02EXFN4QN4",
                    "U02NTCZJLAX",
                    "UGXFY0V88",
                    "U027N0PH7RV",
                    "U02DCS0HVTP",
                    "U02UHQ29FFW"
                ],
                "count": 9
            }
        ]
    }
]