[
    {
        "client_msg_id": "1d185a07-b228-4691-aa6c-23376d16e0c7",
        "type": "message",
        "text": "HashiTalks Japanのスケジュールが公開されました。ぜひイベント視聴のお申し込みをお願い申し上げます！！<https:\/\/events.hashicorp.com\/hashitalksjapan>",
        "user": "U02CYMZSKGQ",
        "ts": "1632269472.018800",
        "blocks": [
            {
                "type": "rich_text",
                "block_id": "FGUX",
                "elements": [
                    {
                        "type": "rich_text_section",
                        "elements": [
                            {
                                "type": "text",
                                "text": "HashiTalks Japanのスケジュールが公開されました。ぜひイベント視聴のお申し込みをお願い申し上げます！！"
                            },
                            {
                                "type": "link",
                                "url": "https:\/\/events.hashicorp.com\/hashitalksjapan"
                            }
                        ]
                    }
                ]
            }
        ],
        "team": "TFU0BKCQP",
        "user_team": "TFU0BKCQP",
        "source_team": "TFU0BKCQP",
        "user_profile": {
            "avatar_hash": "95b7a5c27019",
            "image_72": "https:\/\/avatars.slack-edge.com\/2021-08-24\/2414097581429_95b7a5c270190d0d50af_72.png",
            "first_name": "Fumihiko",
            "real_name": "Fumihiko Kono",
            "display_name": "Fumihiko Kono",
            "team": "TFU0BKCQP",
            "name": "kono",
            "is_restricted": false,
            "is_ultra_restricted": false
        },
        "attachments": [
            {
                "fallback": "HashiTalks: 日本",
                "from_url": "https:\/\/events.hashicorp.com\/hashitalksjapan",
                "service_name": "events.hashicorp.com",
                "service_icon": "https:\/\/d24wuq6o951i2g.cloudfront.net\/img\/events\/id\/334\/3345677\/assets\/969.HashiCorp_Icon_Black.png",
                "title": "HashiTalks: 日本",
                "title_link": "https:\/\/events.hashicorp.com\/hashitalksjapan",
                "thumb_url": "https:\/\/s3.amazonaws.com\/s3.clients.splashthat.com\/img\/events\/splash\/cards\/458200802.x3.5071bc4f.png",
                "thumb_width": 750,
                "thumb_height": 1050,
                "text": "Learn more about the event here: <http:\/\/hashi.co\/hashitalksjapan|hashi.co\/hashitalksjapan>",
                "id": 1,
                "original_url": "https:\/\/events.hashicorp.com\/hashitalksjapan"
            }
        ],
        "thread_ts": "1632269472.018800",
        "reply_count": 8,
        "reply_users_count": 4,
        "latest_reply": "1632900090.023300",
        "reply_users": [
            "UFT60TQCQ",
            "UG46Z57TN",
            "UFU0BKD8F",
            "U02CYMZSKGQ"
        ],
        "replies": [
            {
                "user": "UFT60TQCQ",
                "ts": "1632269705.019000"
            },
            {
                "user": "UFT60TQCQ",
                "ts": "1632269722.019200"
            },
            {
                "user": "UG46Z57TN",
                "ts": "1632275454.021000"
            },
            {
                "user": "UFU0BKD8F",
                "ts": "1632278673.021300"
            },
            {
                "user": "UG46Z57TN",
                "ts": "1632289370.021800"
            },
            {
                "user": "U02CYMZSKGQ",
                "ts": "1632299962.022200"
            },
            {
                "user": "UG46Z57TN",
                "ts": "1632899926.022900"
            },
            {
                "user": "UG46Z57TN",
                "ts": "1632900090.023300"
            }
        ],
        "is_locked": false,
        "subscribed": true,
        "last_read": "1632900090.023300",
        "reactions": [
            {
                "name": "tada",
                "users": [
                    "UFU0BKD8F",
                    "UG46Z57TN",
                    "U01GAQPRFQB",
                    "U029HDK176Y",
                    "U018F14RQBE",
                    "UR6TGPC0P",
                    "U02DCS0HVTP",
                    "UGW0ABZLG"
                ],
                "count": 8
            }
        ]
    },
    {
        "client_msg_id": "a9ef3e07-9d2e-4f47-bf4c-1615db9d8ffe",
        "type": "message",
        "text": "ツイートのリンクとか流してもらえると拡散しやすいと思うのですがあるでしょうか？",
        "user": "UFT60TQCQ",
        "ts": "1632269705.019000",
        "blocks": [
            {
                "type": "rich_text",
                "block_id": "UdQ6S",
                "elements": [
                    {
                        "type": "rich_text_section",
                        "elements": [
                            {
                                "type": "text",
                                "text": "ツイートのリンクとか流してもらえると拡散しやすいと思うのですがあるでしょうか？"
                            }
                        ]
                    }
                ]
            }
        ],
        "team": "TFU0BKCQP",
        "user_team": "TFU0BKCQP",
        "source_team": "TFU0BKCQP",
        "user_profile": {
            "avatar_hash": "f10ceef4e6f6",
            "image_72": "https:\/\/avatars.slack-edge.com\/2019-01-31\/539093872183_f10ceef4e6f603f1f094_72.jpg",
            "first_name": "sogaoh",
            "real_name": "sogaoh",
            "display_name": "",
            "team": "TFU0BKCQP",
            "name": "sogaoh",
            "is_restricted": false,
            "is_ultra_restricted": false
        },
        "thread_ts": "1632269472.018800",
        "parent_user_id": "U02CYMZSKGQ"
    },
    {
        "client_msg_id": "117aded9-4cd9-4ca1-a577-3ed8a6ff5f7b",
        "type": "message",
        "text": "（軽く探した感じ、なかったです）",
        "user": "UFT60TQCQ",
        "ts": "1632269722.019200",
        "blocks": [
            {
                "type": "rich_text",
                "block_id": "LNwMV",
                "elements": [
                    {
                        "type": "rich_text_section",
                        "elements": [
                            {
                                "type": "text",
                                "text": "（軽く探した感じ、なかったです）"
                            }
                        ]
                    }
                ]
            }
        ],
        "team": "TFU0BKCQP",
        "user_team": "TFU0BKCQP",
        "source_team": "TFU0BKCQP",
        "user_profile": {
            "avatar_hash": "f10ceef4e6f6",
            "image_72": "https:\/\/avatars.slack-edge.com\/2019-01-31\/539093872183_f10ceef4e6f603f1f094_72.jpg",
            "first_name": "sogaoh",
            "real_name": "sogaoh",
            "display_name": "",
            "team": "TFU0BKCQP",
            "name": "sogaoh",
            "is_restricted": false,
            "is_ultra_restricted": false
        },
        "thread_ts": "1632269472.018800",
        "parent_user_id": "U02CYMZSKGQ"
    },
    {
        "client_msg_id": "059165A7-E5B8-4A59-8C9C-FB9070623B17",
        "type": "message",
        "text": "ですねー！\n同僚が出るのでセルフでシェアしましたw\n<https:\/\/twitter.com\/chaspy_\/status\/1440493462231535625?s=21|https:\/\/twitter.com\/chaspy_\/status\/1440493462231535625?s=21>\n\n我慢についったシェアのリンクか、公式アカウント的なやつでのアナウンスツイートあると拡散しやすそうですね。",
        "user": "UG46Z57TN",
        "ts": "1632275454.021000",
        "blocks": [
            {
                "type": "rich_text",
                "block_id": "Qxf",
                "elements": [
                    {
                        "type": "rich_text_section",
                        "elements": [
                            {
                                "type": "text",
                                "text": "ですねー！\n同僚が出るのでセルフでシェアしましたw\n"
                            },
                            {
                                "type": "link",
                                "url": "https:\/\/twitter.com\/chaspy_\/status\/1440493462231535625?s=21",
                                "text": "https:\/\/twitter.com\/chaspy_\/status\/1440493462231535625?s=21"
                            },
                            {
                                "type": "text",
                                "text": "\n\n我慢についったシェアのリンクか、公式アカウント的なやつでのアナウンスツイートあると拡散しやすそうですね。"
                            }
                        ]
                    }
                ]
            }
        ],
        "team": "TFU0BKCQP",
        "user_team": "TFU0BKCQP",
        "source_team": "TFU0BKCQP",
        "user_profile": {
            "avatar_hash": "c6bdd4cb17db",
            "image_72": "https:\/\/avatars.slack-edge.com\/2019-07-05\/685991185957_c6bdd4cb17db956661a1_72.jpg",
            "first_name": "Takeshi",
            "real_name": "Takeshi Kondo",
            "display_name": "chaspy",
            "team": "TFU0BKCQP",
            "name": "take.she12",
            "is_restricted": false,
            "is_ultra_restricted": false
        },
        "attachments": [
            {
                "fallback": "<https:\/\/twitter.com\/chaspy_|@chaspy_>: HashiTalks: 日本 \nオッ\nTerraform Platform in Quipper\nShunsuke Suzuki\n鈴木俊輔 <https:\/\/events.hashicorp.com\/hashitalksjapan>",
                "ts": 1632275379,
                "author_name": "Takeshi Kondo",
                "author_link": "https:\/\/twitter.com\/chaspy_\/status\/1440493462231535625",
                "author_icon": "https:\/\/pbs.twimg.com\/profile_images\/901715314211119104\/e0Yrn_5k_normal.jpg",
                "author_subname": "@chaspy_",
                "text": "HashiTalks: 日本 \nオッ\nTerraform Platform in Quipper\nShunsuke Suzuki\n鈴木俊輔 <https:\/\/events.hashicorp.com\/hashitalksjapan>",
                "service_name": "twitter",
                "service_url": "https:\/\/twitter.com\/",
                "from_url": "https:\/\/twitter.com\/chaspy_\/status\/1440493462231535625?s=21",
                "id": 1,
                "original_url": "https:\/\/twitter.com\/chaspy_\/status\/1440493462231535625?s=21",
                "footer": "Twitter",
                "footer_icon": "https:\/\/a.slack-edge.com\/80588\/img\/services\/twitter_pixel_snapped_32.png"
            }
        ],
        "thread_ts": "1632269472.018800",
        "parent_user_id": "U02CYMZSKGQ"
    },
    {
        "client_msg_id": "9c2ca0aa-e818-4962-935f-e2174f988894",
        "type": "message",
        "text": "<https:\/\/twitter.com\/hashicorpjp\/status\/1440483735669903370>",
        "user": "UFU0BKD8F",
        "ts": "1632278673.021300",
        "blocks": [
            {
                "type": "rich_text",
                "block_id": "zZ8nV",
                "elements": [
                    {
                        "type": "rich_text_section",
                        "elements": [
                            {
                                "type": "link",
                                "url": "https:\/\/twitter.com\/hashicorpjp\/status\/1440483735669903370"
                            }
                        ]
                    }
                ]
            }
        ],
        "team": "TFU0BKCQP",
        "user_team": "TFU0BKCQP",
        "source_team": "TFU0BKCQP",
        "user_profile": {
            "avatar_hash": "92c41c62c7b0",
            "image_72": "https:\/\/avatars.slack-edge.com\/2019-01-30\/537137791812_92c41c62c7b0f054d3dd_72.jpg",
            "first_name": "らき",
            "real_name": "らき",
            "display_name": "raki",
            "team": "TFU0BKCQP",
            "name": "nishimuray",
            "is_restricted": false,
            "is_ultra_restricted": false
        },
        "attachments": [
            {
                "fallback": "<https:\/\/twitter.com\/hashicorpjp|@hashicorpjp>: HashiTalks Japanのスケジュールが公開されました。ぜひイベント視聴のお申し込みを！！<https:\/\/events.hashicorp.com\/hashitalksjapan>",
                "ts": 1632273060,
                "author_name": "HashiCorp Japan",
                "author_link": "https:\/\/twitter.com\/hashicorpjp\/status\/1440483735669903370",
                "author_icon": "https:\/\/pbs.twimg.com\/profile_images\/1270175454628962306\/8txKKD61_normal.jpg",
                "author_subname": "@hashicorpjp",
                "text": "HashiTalks Japanのスケジュールが公開されました。ぜひイベント視聴のお申し込みを！！<https:\/\/events.hashicorp.com\/hashitalksjapan>",
                "service_name": "twitter",
                "service_url": "https:\/\/twitter.com\/",
                "from_url": "https:\/\/twitter.com\/hashicorpjp\/status\/1440483735669903370",
                "id": 1,
                "original_url": "https:\/\/twitter.com\/hashicorpjp\/status\/1440483735669903370",
                "footer": "Twitter",
                "footer_icon": "https:\/\/a.slack-edge.com\/80588\/img\/services\/twitter_pixel_snapped_32.png"
            }
        ],
        "thread_ts": "1632269472.018800",
        "parent_user_id": "U02CYMZSKGQ",
        "reactions": [
            {
                "name": "white_check_mark",
                "users": [
                    "UG46Z57TN",
                    "UFT60TQCQ"
                ],
                "count": 2
            }
        ]
    },
    {
        "client_msg_id": "d00b1fbe-a04e-4637-b0be-1657e785a679",
        "type": "message",
        "text": "<@U02CYMZSKGQ> （予定されているかもしれませんが）発表の概要を記載するページもあるとよりアトラクトできるかと思いました。",
        "user": "UG46Z57TN",
        "ts": "1632289370.021800",
        "blocks": [
            {
                "type": "rich_text",
                "block_id": "nxR\/P",
                "elements": [
                    {
                        "type": "rich_text_section",
                        "elements": [
                            {
                                "type": "user",
                                "user_id": "U02CYMZSKGQ"
                            },
                            {
                                "type": "text",
                                "text": " （予定されているかもしれませんが）発表の概要を記載するページもあるとよりアトラクトできるかと思いました。"
                            }
                        ]
                    }
                ]
            }
        ],
        "team": "TFU0BKCQP",
        "user_team": "TFU0BKCQP",
        "source_team": "TFU0BKCQP",
        "user_profile": {
            "avatar_hash": "c6bdd4cb17db",
            "image_72": "https:\/\/avatars.slack-edge.com\/2019-07-05\/685991185957_c6bdd4cb17db956661a1_72.jpg",
            "first_name": "Takeshi",
            "real_name": "Takeshi Kondo",
            "display_name": "chaspy",
            "team": "TFU0BKCQP",
            "name": "take.she12",
            "is_restricted": false,
            "is_ultra_restricted": false
        },
        "thread_ts": "1632269472.018800",
        "parent_user_id": "U02CYMZSKGQ"
    }
]