[
    {
        "type": "message",
        "subtype": "thread_broadcast",
        "text": "<https:\/\/twitter.com\/chaspy_\/status\/1443112760942809093>\nわいわい",
        "user": "UG46Z57TN",
        "ts": "1632899926.022900",
        "thread_ts": "1632269472.018800",
        "root": {
            "client_msg_id": "1d185a07-b228-4691-aa6c-23376d16e0c7",
            "type": "message",
            "text": "HashiTalks Japanのスケジュールが公開されました。ぜひイベント視聴のお申し込みをお願い申し上げます！！<https:\/\/events.hashicorp.com\/hashitalksjapan>",
            "user": "U02CYMZSKGQ",
            "ts": "1632269472.018800",
            "blocks": [
                {
                    "type": "rich_text",
                    "block_id": "FGUX",
                    "elements": [
                        {
                            "type": "rich_text_section",
                            "elements": [
                                {
                                    "type": "text",
                                    "text": "HashiTalks Japanのスケジュールが公開されました。ぜひイベント視聴のお申し込みをお願い申し上げます！！"
                                },
                                {
                                    "type": "link",
                                    "url": "https:\/\/events.hashicorp.com\/hashitalksjapan"
                                }
                            ]
                        }
                    ]
                }
            ],
            "team": "TFU0BKCQP",
            "attachments": [
                {
                    "fallback": "HashiTalks: 日本",
                    "from_url": "https:\/\/events.hashicorp.com\/hashitalksjapan",
                    "service_name": "events.hashicorp.com",
                    "service_icon": "https:\/\/d24wuq6o951i2g.cloudfront.net\/img\/events\/id\/334\/3345677\/assets\/969.HashiCorp_Icon_Black.png",
                    "title": "HashiTalks: 日本",
                    "title_link": "https:\/\/events.hashicorp.com\/hashitalksjapan",
                    "thumb_url": "https:\/\/s3.amazonaws.com\/s3.clients.splashthat.com\/img\/events\/splash\/cards\/458200802.x3.5071bc4f.png",
                    "thumb_width": 750,
                    "thumb_height": 1050,
                    "text": "Learn more about the event here: <http:\/\/hashi.co\/hashitalksjapan|hashi.co\/hashitalksjapan>",
                    "id": 1,
                    "original_url": "https:\/\/events.hashicorp.com\/hashitalksjapan"
                }
            ],
            "thread_ts": "1632269472.018800",
            "reply_count": 8,
            "reply_users_count": 4,
            "latest_reply": "1632900090.023300",
            "reply_users": [
                "UFT60TQCQ",
                "UG46Z57TN",
                "UFU0BKD8F",
                "U02CYMZSKGQ"
            ],
            "replies": [
                {
                    "user": "UFT60TQCQ",
                    "ts": "1632269705.019000"
                },
                {
                    "user": "UFT60TQCQ",
                    "ts": "1632269722.019200"
                },
                {
                    "user": "UG46Z57TN",
                    "ts": "1632275454.021000"
                },
                {
                    "user": "UFU0BKD8F",
                    "ts": "1632278673.021300"
                },
                {
                    "user": "UG46Z57TN",
                    "ts": "1632289370.021800"
                },
                {
                    "user": "U02CYMZSKGQ",
                    "ts": "1632299962.022200"
                },
                {
                    "user": "UG46Z57TN",
                    "ts": "1632899926.022900"
                },
                {
                    "user": "UG46Z57TN",
                    "ts": "1632900090.023300"
                }
            ],
            "is_locked": false,
            "subscribed": true,
            "last_read": "1632900090.023300"
        },
        "blocks": [
            {
                "type": "rich_text",
                "block_id": "qROnn",
                "elements": [
                    {
                        "type": "rich_text_section",
                        "elements": [
                            {
                                "type": "link",
                                "url": "https:\/\/twitter.com\/chaspy_\/status\/1443112760942809093"
                            },
                            {
                                "type": "text",
                                "text": "\nわいわい"
                            }
                        ]
                    }
                ]
            }
        ],
        "attachments": [
            {
                "fallback": "<https:\/\/twitter.com\/chaspy_|@chaspy_>: 昨日レビューしましたが、15:30 JST~ <https:\/\/twitter.com\/szkdash|@szkdash> \"\nTerraform Platform in Quipper\" この2年で超絶進化した凄まじい Terraform monorepo の話があります！なかなか他で聞けない話なのでぜひ！ <https:\/\/twitter.com\/hashicorpjp\/status\/1442702817630687234>",
                "ts": 1632899868,
                "author_name": "Takeshi Kondo",
                "author_link": "https:\/\/twitter.com\/chaspy_\/status\/1443112760942809093",
                "author_icon": "https:\/\/pbs.twimg.com\/profile_images\/901715314211119104\/e0Yrn_5k_normal.jpg",
                "author_subname": "@chaspy_",
                "text": "昨日レビューしましたが、15:30 JST~ <https:\/\/twitter.com\/szkdash|@szkdash> \"\nTerraform Platform in Quipper\" この2年で超絶進化した凄まじい Terraform monorepo の話があります！なかなか他で聞けない話なのでぜひ！ <https:\/\/twitter.com\/hashicorpjp\/status\/1442702817630687234>",
                "service_name": "twitter",
                "service_url": "https:\/\/twitter.com\/",
                "from_url": "https:\/\/twitter.com\/chaspy_\/status\/1443112760942809093",
                "id": 1,
                "original_url": "https:\/\/twitter.com\/chaspy_\/status\/1443112760942809093",
                "footer": "Twitter",
                "footer_icon": "https:\/\/a.slack-edge.com\/80588\/img\/services\/twitter_pixel_snapped_32.png"
            },
            {
                "fallback": "<https:\/\/twitter.com\/hashicorpjp|@hashicorpjp>: HashiCorp主催のコミュニティイベントであるHashiCorp Japan 2021が今週木曜（9月30日）に開催されます。開催まで日数のない中での案内で恐縮ではありますが、ご都合のつく方がいれば是非ご参加ください。10:00~17:00で開催しており視聴への参加はいつでも行うことができます。<http:\/\/hashi.co\/hashitalksjapan>",
                "ts": 1632802130,
                "author_name": "HashiCorp Japan",
                "author_link": "https:\/\/twitter.com\/hashicorpjp\/status\/1442702817630687234",
                "author_icon": "https:\/\/pbs.twimg.com\/profile_images\/1270175454628962306\/8txKKD61_normal.jpg",
                "author_subname": "@hashicorpjp",
                "text": "HashiCorp主催のコミュニティイベントであるHashiCorp Japan 2021が今週木曜（9月30日）に開催されます。開催まで日数のない中での案内で恐縮ではありますが、ご都合のつく方がいれば是非ご参加ください。10:00~17:00で開催しており視聴への参加はいつでも行うことができます。<http:\/\/hashi.co\/hashitalksjapan>",
                "service_name": "twitter",
                "service_url": "https:\/\/twitter.com\/",
                "from_url": "https:\/\/twitter.com\/hashicorpjp\/status\/1442702817630687234",
                "indent": true,
                "color": "32BBF3",
                "id": 2,
                "footer": "Twitter",
                "footer_icon": "https:\/\/a.slack-edge.com\/80588\/img\/services\/twitter_pixel_snapped_32.png"
            }
        ],
        "client_msg_id": "a9ef8f5f-1f77-49a7-8614-99fef1e5c360"
    },
    {
        "client_msg_id": "9558e87b-0307-4612-b7b8-eabb2acbac82",
        "type": "message",
        "text": "結局トーク詳細は公開されませんでしたね、Proposal に書いてあると思うので残念。タイトルだけで聞くかどうか判断するの結構難しいと思うので。。。",
        "user": "UG46Z57TN",
        "ts": "1632900090.023300",
        "blocks": [
            {
                "type": "rich_text",
                "block_id": "SAAF",
                "elements": [
                    {
                        "type": "rich_text_section",
                        "elements": [
                            {
                                "type": "text",
                                "text": "結局トーク詳細は公開されませんでしたね、Proposal に書いてあると思うので残念。タイトルだけで聞くかどうか判断するの結構難しいと思うので。。。"
                            }
                        ]
                    }
                ]
            }
        ],
        "team": "TFU0BKCQP",
        "user_team": "TFU0BKCQP",
        "source_team": "TFU0BKCQP",
        "user_profile": {
            "avatar_hash": "c6bdd4cb17db",
            "image_72": "https:\/\/avatars.slack-edge.com\/2019-07-05\/685991185957_c6bdd4cb17db956661a1_72.jpg",
            "first_name": "Takeshi",
            "real_name": "Takeshi Kondo",
            "display_name": "chaspy",
            "team": "TFU0BKCQP",
            "name": "take.she12",
            "is_restricted": false,
            "is_ultra_restricted": false
        },
        "thread_ts": "1632269472.018800",
        "parent_user_id": "U02CYMZSKGQ"
    }
]