[
    {
        "client_msg_id": "772e0031-3373-4b73-80c1-6a761b898a30",
        "type": "message",
        "text": "めっちゃ需要あると思うんでよろしくおなしゃす！！ｗ",
        "user": "UFU0BKD8F",
        "ts": "1605097652.035500",
        "team": "TFU0BKCQP",
        "user_team": "TFU0BKCQP",
        "source_team": "TFU0BKCQP",
        "user_profile": {
            "avatar_hash": "92c41c62c7b0",
            "image_72": "https:\/\/avatars.slack-edge.com\/2019-01-30\/537137791812_92c41c62c7b0f054d3dd_72.jpg",
            "first_name": "らき",
            "real_name": "らき",
            "display_name": "raki",
            "team": "TFU0BKCQP",
            "name": "nishimuray",
            "is_restricted": false,
            "is_ultra_restricted": false
        },
        "blocks": [
            {
                "type": "rich_text",
                "block_id": "QeR",
                "elements": [
                    {
                        "type": "rich_text_section",
                        "elements": [
                            {
                                "type": "text",
                                "text": "めっちゃ需要あると思うんでよろしくおなしゃす！！ｗ"
                            }
                        ]
                    }
                ]
            }
        ],
        "thread_ts": "1604287910.033500",
        "parent_user_id": "UFU0BKD8F"
    }
]