[
    {
        "client_msg_id": "bbd307ac-d955-4bd8-88fc-7c4e20cb815f",
        "type": "message",
        "text": "再起動ついでに HashiStack 全般を扱える雰囲気にしていきたいお気持ち。。。",
        "user": "UFU0BKD8F",
        "ts": "1594195992.049200",
        "team": "TFU0BKCQP",
        "user_team": "TFU0BKCQP",
        "source_team": "TFU0BKCQP",
        "user_profile": {
            "avatar_hash": "92c41c62c7b0",
            "image_72": "https:\/\/avatars.slack-edge.com\/2019-01-30\/537137791812_92c41c62c7b0f054d3dd_72.jpg",
            "first_name": "らき",
            "real_name": "らき",
            "display_name": "raki",
            "team": "TFU0BKCQP",
            "name": "nishimuray",
            "is_restricted": false,
            "is_ultra_restricted": false
        },
        "blocks": [
            {
                "type": "rich_text",
                "block_id": "2M0",
                "elements": [
                    {
                        "type": "rich_text_section",
                        "elements": [
                            {
                                "type": "text",
                                "text": "再起動ついでに HashiStack 全般を扱える雰囲気にしていきたいお気持ち。。。"
                            }
                        ]
                    }
                ]
            }
        ]
    },
    {
        "client_msg_id": "120811d7-47ae-4a38-818e-2f757b355b41",
        "type": "message",
        "text": "terraform-jp (terraform だけとは言っていない）",
        "user": "UG46Z57TN",
        "ts": "1594199380.049500",
        "team": "TFU0BKCQP",
        "user_team": "TFU0BKCQP",
        "source_team": "TFU0BKCQP",
        "user_profile": {
            "avatar_hash": "c6bdd4cb17db",
            "image_72": "https:\/\/avatars.slack-edge.com\/2019-07-05\/685991185957_c6bdd4cb17db956661a1_72.jpg",
            "first_name": "Takeshi",
            "real_name": "Takeshi Kondo",
            "display_name": "chaspy",
            "team": "TFU0BKCQP",
            "name": "take.she12",
            "is_restricted": false,
            "is_ultra_restricted": false
        },
        "blocks": [
            {
                "type": "rich_text",
                "block_id": "k8Kek",
                "elements": [
                    {
                        "type": "rich_text_section",
                        "elements": [
                            {
                                "type": "text",
                                "text": "terraform-jp (terraform だけとは言っていない）"
                            }
                        ]
                    }
                ]
            }
        ]
    },
    {
        "client_msg_id": "fdfe8cd4-f97b-4a5c-aec8-e5c3f8ea4fe9",
        "type": "message",
        "text": "（なんかむかしhashicorp-jpってSlackのワークスペースも別にあって、joinしたけど誰も発言してなくてそっ閉じした記憶ある）",
        "user": "UHS4SFFA7",
        "ts": "1594199506.050300",
        "team": "TFU0BKCQP",
        "user_team": "TFU0BKCQP",
        "source_team": "TFU0BKCQP",
        "user_profile": {
            "avatar_hash": "gade34f8bdf1",
            "image_72": "https:\/\/secure.gravatar.com\/avatar\/5ade34f8bdf1b55c4ff82c11cf23cf42.jpg?s=72&d=https%3A%2F%2Fa.slack-edge.com%2Fdf10d%2Fimg%2Favatars%2Fava_0008-72.png",
            "first_name": "",
            "real_name": "minamijoyo",
            "display_name": "minamijoyo",
            "team": "TFU0BKCQP",
            "name": "minamijoyo",
            "is_restricted": false,
            "is_ultra_restricted": false
        },
        "blocks": [
            {
                "type": "rich_text",
                "block_id": "p2S",
                "elements": [
                    {
                        "type": "rich_text_section",
                        "elements": [
                            {
                                "type": "text",
                                "text": "（なんかむかしhashicorp-jpってSlackのワークスペースも別にあって、joinしたけど誰も発言してなくてそっ閉じした記憶ある）"
                            }
                        ]
                    }
                ]
            }
        ]
    },
    {
        "client_msg_id": "29a4169c-7110-4252-85d9-cd604ba365bb",
        "type": "message",
        "text": "（ `hashicorp-jp` まだあってログインできたけど誰もいなかった",
        "user": "UHS4SFFA7",
        "ts": "1594199643.051000",
        "team": "TFU0BKCQP",
        "user_team": "TFU0BKCQP",
        "source_team": "TFU0BKCQP",
        "user_profile": {
            "avatar_hash": "gade34f8bdf1",
            "image_72": "https:\/\/secure.gravatar.com\/avatar\/5ade34f8bdf1b55c4ff82c11cf23cf42.jpg?s=72&d=https%3A%2F%2Fa.slack-edge.com%2Fdf10d%2Fimg%2Favatars%2Fava_0008-72.png",
            "first_name": "",
            "real_name": "minamijoyo",
            "display_name": "minamijoyo",
            "team": "TFU0BKCQP",
            "name": "minamijoyo",
            "is_restricted": false,
            "is_ultra_restricted": false
        },
        "blocks": [
            {
                "type": "rich_text",
                "block_id": "X1Vq",
                "elements": [
                    {
                        "type": "rich_text_section",
                        "elements": [
                            {
                                "type": "text",
                                "text": "（ "
                            },
                            {
                                "type": "text",
                                "text": "hashicorp-jp",
                                "style": {
                                    "code": true
                                }
                            },
                            {
                                "type": "text",
                                "text": " まだあってログインできたけど誰もいなかった"
                            }
                        ]
                    }
                ]
            }
        ]
    },
    {
        "client_msg_id": "0bb6ce74-f8c3-4975-a3d8-cd6e0452fc88",
        "type": "message",
        "text": "コミュニティは誰か質問なり継続的にネタを投下してくれる人がいないと続かないのであった",
        "user": "UHS4SFFA7",
        "ts": "1594199865.051700",
        "team": "TFU0BKCQP",
        "user_team": "TFU0BKCQP",
        "source_team": "TFU0BKCQP",
        "user_profile": {
            "avatar_hash": "gade34f8bdf1",
            "image_72": "https:\/\/secure.gravatar.com\/avatar\/5ade34f8bdf1b55c4ff82c11cf23cf42.jpg?s=72&d=https%3A%2F%2Fa.slack-edge.com%2Fdf10d%2Fimg%2Favatars%2Fava_0008-72.png",
            "first_name": "",
            "real_name": "minamijoyo",
            "display_name": "minamijoyo",
            "team": "TFU0BKCQP",
            "name": "minamijoyo",
            "is_restricted": false,
            "is_ultra_restricted": false
        },
        "blocks": [
            {
                "type": "rich_text",
                "block_id": "jF22o",
                "elements": [
                    {
                        "type": "rich_text_section",
                        "elements": [
                            {
                                "type": "text",
                                "text": "コミュニティは誰か質問なり継続的にネタを投下してくれる人がいないと続かないのであった"
                            }
                        ]
                    }
                ]
            }
        ],
        "reactions": [
            {
                "name": "wakaru",
                "users": [
                    "UGW0ABZLG"
                ],
                "count": 1
            }
        ]
    },
    {
        "client_msg_id": "9a686f48-19b4-452f-b925-13820cca5a74",
        "type": "message",
        "text": "↑今読み返したら独り言がハイコンテキスト過ぎたけど、むかしrailsdmというslackのワークスペースがruby-jpにリネームされてコミュニティが広がったのを思い出しつつ、terraform-jpをhashicorp-jpにリネームするにはもう名前取られちゃってるなって思い出したのだった。",
        "user": "UHS4SFFA7",
        "ts": "1594206568.056100",
        "team": "TFU0BKCQP",
        "user_team": "TFU0BKCQP",
        "source_team": "TFU0BKCQP",
        "user_profile": {
            "avatar_hash": "gade34f8bdf1",
            "image_72": "https:\/\/secure.gravatar.com\/avatar\/5ade34f8bdf1b55c4ff82c11cf23cf42.jpg?s=72&d=https%3A%2F%2Fa.slack-edge.com%2Fdf10d%2Fimg%2Favatars%2Fava_0008-72.png",
            "first_name": "",
            "real_name": "minamijoyo",
            "display_name": "minamijoyo",
            "team": "TFU0BKCQP",
            "name": "minamijoyo",
            "is_restricted": false,
            "is_ultra_restricted": false
        },
        "blocks": [
            {
                "type": "rich_text",
                "block_id": "q59c",
                "elements": [
                    {
                        "type": "rich_text_section",
                        "elements": [
                            {
                                "type": "text",
                                "text": "↑今読み返したら独り言がハイコンテキスト過ぎたけど、むかしrailsdmというslackのワークスペースがruby-jpにリネームされてコミュニティが広がったのを思い出しつつ、terraform-jpをhashicorp-jpにリネームするにはもう名前取られちゃってるなって思い出したのだった。"
                            }
                        ]
                    }
                ]
            }
        ]
    },
    {
        "client_msg_id": "8d3cbaba-e436-40f1-9e62-aa6e115447f7",
        "type": "message",
        "text": "さすがに hashicorp-jp は中の人に申し訳ない感あるってゆうか、むしろ中の人が\n音頭とったほうがいいんじゃないかしらくらいの思いある。。。\nこのIT時代に自社の名前を冠したコミュニティ運営は総合案内的な役割を担う形で\n営業さんが頑張るのがいいんじゃないかとか思ったり思わなかったり。。。\nいやまぁ奥さんは企業色が出ちゃうの嫌がってはいたけどぅ。。。",
        "user": "UFU0BKD8F",
        "ts": "1594208581.058600",
        "team": "TFU0BKCQP",
        "user_team": "TFU0BKCQP",
        "source_team": "TFU0BKCQP",
        "user_profile": {
            "avatar_hash": "92c41c62c7b0",
            "image_72": "https:\/\/avatars.slack-edge.com\/2019-01-30\/537137791812_92c41c62c7b0f054d3dd_72.jpg",
            "first_name": "らき",
            "real_name": "らき",
            "display_name": "raki",
            "team": "TFU0BKCQP",
            "name": "nishimuray",
            "is_restricted": false,
            "is_ultra_restricted": false
        },
        "blocks": [
            {
                "type": "rich_text",
                "block_id": "V1oD",
                "elements": [
                    {
                        "type": "rich_text_section",
                        "elements": [
                            {
                                "type": "text",
                                "text": "さすがに hashicorp-jp は中の人に申し訳ない感あるってゆうか、むしろ中の人が\n音頭とったほうがいいんじゃないかしらくらいの思いある。。。\nこのIT時代に自社の名前を冠したコミュニティ運営は総合案内的な役割を担う形で\n営業さんが頑張るのがいいんじゃないかとか思ったり思わなかったり。。。\nいやまぁ奥さんは企業色が出ちゃうの嫌がってはいたけどぅ。。。"
                            }
                        ]
                    }
                ]
            }
        ]
    },
    {
        "client_msg_id": "9f55ff7d-38ab-445c-9ff3-499fb137f2c1",
        "type": "message",
        "text": "ワールドカフェと地方遠征はまだしばらく難しいだろうし、\nオンラインで試験勉強会とかterraformじゃないんだけど会の開催とかかしらね。。。\n<https:\/\/qiita.com\/raki\/items\/96691d45922dd25e1365>",
        "user": "UFU0BKD8F",
        "ts": "1594208973.059800",
        "team": "TFU0BKCQP",
        "user_team": "TFU0BKCQP",
        "source_team": "TFU0BKCQP",
        "user_profile": {
            "avatar_hash": "92c41c62c7b0",
            "image_72": "https:\/\/avatars.slack-edge.com\/2019-01-30\/537137791812_92c41c62c7b0f054d3dd_72.jpg",
            "first_name": "らき",
            "real_name": "らき",
            "display_name": "raki",
            "team": "TFU0BKCQP",
            "name": "nishimuray",
            "is_restricted": false,
            "is_ultra_restricted": false
        },
        "attachments": [
            {
                "service_name": "Qiita",
                "title": "terraform-jp で 2020 年にやりたいこと - Qiita",
                "title_link": "https:\/\/qiita.com\/raki\/items\/96691d45922dd25e1365",
                "text": "はじめに この記事は全国ITコミュニティ運営者の2020こんなことやりたい妄想 Advent Calendar 2019の７日目の記事です。 terraform-jp というコミュニティをやっています。 妄想というか、来年やっ...",
                "fallback": "Qiita: terraform-jp で 2020 年にやりたいこと - Qiita",
                "image_url": "https:\/\/qiita-user-contents.imgix.net\/https%3A%2F%2Fcdn.qiita.com%2Fassets%2Fpublic%2Farticle-ogp-background-1150d8b18a7c15795b701a55ae908f94.png?ixlib=rb-1.2.2&w=1200&mark=https%3A%2F%2Fqiita-user-contents.imgix.net%2F~text%3Fixlib%3Drb-1.2.2%26w%3D840%26h%3D380%26txt%3Dterraform-jp%2520%25E3%2581%25A7%25202020%2520%25E5%25B9%25B4%25E3%2581%25AB%25E3%2582%2584%25E3%2582%258A%25E3%2581%259F%25E3%2581%2584%25E3%2581%2593%25E3%2581%25A8%26txt-color%3D%2523333%26txt-font%3DAvenir-Black%26txt-size%3D54%26txt-clip%3Dellipsis%26txt-align%3Dcenter%252Cmiddle%26s%3D4b06688d8eefb73783bf79ef6dd3e13f&mark-align=center%2Cmiddle&blend=https%3A%2F%2Fqiita-user-contents.imgix.net%2F~text%3Fixlib%3Drb-1.2.2%26w%3D840%26h%3D500%26txt%3D%2540raki%26txt-color%3D%2523333%26txt-font%3DAvenir-Black%26txt-size%3D45%26txt-align%3Dright%252Cbottom%26s%3D47adf5528de61a58c8c275442b21d722&blend-align=center%2Cmiddle&blend-mode=normal&s=134d8819e9d23ea628154639a5b9aaac",
                "from_url": "https:\/\/qiita.com\/raki\/items\/96691d45922dd25e1365",
                "image_width": 476,
                "image_height": 250,
                "image_bytes": 36651,
                "service_icon": "https:\/\/cdn.qiita.com\/assets\/favicons\/public\/apple-touch-icon-ec5ba42a24ae923f16825592efdc356f.png",
                "id": 1,
                "original_url": "https:\/\/qiita.com\/raki\/items\/96691d45922dd25e1365"
            }
        ],
        "blocks": [
            {
                "type": "rich_text",
                "block_id": "5fl",
                "elements": [
                    {
                        "type": "rich_text_section",
                        "elements": [
                            {
                                "type": "text",
                                "text": "ワールドカフェと地方遠征はまだしばらく難しいだろうし、\nオンラインで試験勉強会とかterraformじゃないんだけど会の開催とかかしらね。。。\n"
                            },
                            {
                                "type": "link",
                                "url": "https:\/\/qiita.com\/raki\/items\/96691d45922dd25e1365"
                            }
                        ]
                    }
                ]
            }
        ],
        "reactions": [
            {
                "name": "hashicorp",
                "users": [
                    "UGW0ABZLG"
                ],
                "count": 1
            }
        ]
    }
]