[
    {
        "client_msg_id": "65d3c22c-3d52-4914-a3a9-72b2fdec7622",
        "type": "message",
        "text": "例えば Terraform AWS provider で aurora postgres cluster 作ったあとに、application user 作って database の owner 変更を postgres provider でやるのって同じ plan\/apply じゃ無理ですよね。リポジトリわけるしかない？\n<https:\/\/www.terraform.io\/docs\/providers\/postgresql\/r\/postgresql_database.html>",
        "user": "UG46Z57TN",
        "ts": "1581685757.013200",
        "team": "TFU0BKCQP",
        "user_team": "TFU0BKCQP",
        "source_team": "TFU0BKCQP",
        "user_profile": {
            "avatar_hash": "c6bdd4cb17db",
            "image_72": "https:\/\/avatars.slack-edge.com\/2019-07-05\/685991185957_c6bdd4cb17db956661a1_72.jpg",
            "first_name": "Takeshi",
            "real_name": "Takeshi Kondo",
            "display_name": "chaspy",
            "team": "TFU0BKCQP",
            "name": "take.she12",
            "is_restricted": false,
            "is_ultra_restricted": false
        },
        "attachments": [
            {
                "service_name": "Terraform by HashiCorp",
                "title": "PostgreSQL: postgresql_database - Terraform by HashiCorp",
                "title_link": "https:\/\/www.terraform.io\/docs\/providers\/postgresql\/r\/postgresql_database.html",
                "text": "Creates and manages a database on a PostgreSQL server.",
                "fallback": "Terraform by HashiCorp: PostgreSQL: postgresql_database - Terraform by HashiCorp",
                "thumb_url": "https:\/\/www.terraform.io\/assets\/images\/og-image-8b3e4f7d.png",
                "from_url": "https:\/\/www.terraform.io\/docs\/providers\/postgresql\/r\/postgresql_database.html",
                "thumb_width": 712,
                "thumb_height": 712,
                "service_icon": "https:\/\/www.terraform.io\/assets\/images\/favicons\/apple-touch-icon-13180a24.png",
                "id": 1,
                "original_url": "https:\/\/www.terraform.io\/docs\/providers\/postgresql\/r\/postgresql_database.html"
            }
        ],
        "blocks": [
            {
                "type": "rich_text",
                "block_id": "ryx",
                "elements": [
                    {
                        "type": "rich_text_section",
                        "elements": [
                            {
                                "type": "text",
                                "text": "例えば Terraform AWS provider で aurora postgres cluster 作ったあとに、application user 作って database の owner 変更を postgres provider でやるのって同じ plan\/apply じゃ無理ですよね。リポジトリわけるしかない？\n"
                            },
                            {
                                "type": "link",
                                "url": "https:\/\/www.terraform.io\/docs\/providers\/postgresql\/r\/postgresql_database.html"
                            }
                        ]
                    }
                ]
            }
        ],
        "thread_ts": "1581685757.013200",
        "reply_count": 14,
        "reply_users_count": 2,
        "latest_reply": "1581691195.016100",
        "reply_users": [
            "UFU0BKD8F",
            "UG46Z57TN"
        ],
        "replies": [
            {
                "user": "UFU0BKD8F",
                "ts": "1581686290.013400"
            },
            {
                "user": "UG46Z57TN",
                "ts": "1581686324.013600"
            },
            {
                "user": "UG46Z57TN",
                "ts": "1581686344.013800"
            },
            {
                "user": "UFU0BKD8F",
                "ts": "1581686525.014000"
            },
            {
                "user": "UG46Z57TN",
                "ts": "1581686550.014200"
            },
            {
                "user": "UG46Z57TN",
                "ts": "1581686565.014400"
            },
            {
                "user": "UG46Z57TN",
                "ts": "1581686590.014600"
            },
            {
                "user": "UG46Z57TN",
                "ts": "1581686593.014800"
            },
            {
                "user": "UG46Z57TN",
                "ts": "1581686610.015000"
            },
            {
                "user": "UG46Z57TN",
                "ts": "1581686615.015200"
            },
            {
                "user": "UFU0BKD8F",
                "ts": "1581688231.015400"
            },
            {
                "user": "UG46Z57TN",
                "ts": "1581689422.015600"
            },
            {
                "user": "UFU0BKD8F",
                "ts": "1581691179.015800"
            },
            {
                "user": "UG46Z57TN",
                "ts": "1581691195.016100"
            }
        ],
        "subscribed": true,
        "last_read": "1581691195.016100"
    },
    {
        "client_msg_id": "7c9540ba-34f5-4b85-b4a1-f8f5a601b053",
        "type": "message",
        "text": "作ったことないからアレだけど、すごい単純には PostgreSQL Provider 側のhostにRDSのendpointをつなげてあげれば待ってくれそうな気がするけど。。。",
        "user": "UFU0BKD8F",
        "ts": "1581686290.013400",
        "team": "TFU0BKCQP",
        "user_team": "TFU0BKCQP",
        "source_team": "TFU0BKCQP",
        "user_profile": {
            "avatar_hash": "92c41c62c7b0",
            "image_72": "https:\/\/avatars.slack-edge.com\/2019-01-30\/537137791812_92c41c62c7b0f054d3dd_72.jpg",
            "first_name": "らき",
            "real_name": "らき",
            "display_name": "raki",
            "team": "TFU0BKCQP",
            "name": "nishimuray",
            "is_restricted": false,
            "is_ultra_restricted": false
        },
        "blocks": [
            {
                "type": "rich_text",
                "block_id": "C\/VD",
                "elements": [
                    {
                        "type": "rich_text_section",
                        "elements": [
                            {
                                "type": "text",
                                "text": "作ったことないからアレだけど、すごい単純には PostgreSQL Provider 側のhostにRDSのendpointをつなげてあげれば待ってくれそうな気がするけど。。。"
                            }
                        ]
                    }
                ]
            }
        ],
        "thread_ts": "1581685757.013200",
        "parent_user_id": "UG46Z57TN"
    },
    {
        "client_msg_id": "9099ca66-bd10-43e5-9aae-f7fe400f6f19",
        "type": "message",
        "text": "確かに。",
        "user": "UG46Z57TN",
        "ts": "1581686324.013600",
        "team": "TFU0BKCQP",
        "user_team": "TFU0BKCQP",
        "source_team": "TFU0BKCQP",
        "user_profile": {
            "avatar_hash": "c6bdd4cb17db",
            "image_72": "https:\/\/avatars.slack-edge.com\/2019-07-05\/685991185957_c6bdd4cb17db956661a1_72.jpg",
            "first_name": "Takeshi",
            "real_name": "Takeshi Kondo",
            "display_name": "chaspy",
            "team": "TFU0BKCQP",
            "name": "take.she12",
            "is_restricted": false,
            "is_ultra_restricted": false
        },
        "blocks": [
            {
                "type": "rich_text",
                "block_id": "5DZ",
                "elements": [
                    {
                        "type": "rich_text_section",
                        "elements": [
                            {
                                "type": "text",
                                "text": "確かに。"
                            }
                        ]
                    }
                ]
            }
        ],
        "thread_ts": "1581685757.013200",
        "parent_user_id": "UG46Z57TN"
    },
    {
        "client_msg_id": "80d05bb8-e248-4e02-9d30-575d08f1dbca",
        "type": "message",
        "text": "が、今はすっきりわけたい気持ちになってきている。",
        "user": "UG46Z57TN",
        "ts": "1581686344.013800",
        "team": "TFU0BKCQP",
        "user_team": "TFU0BKCQP",
        "source_team": "TFU0BKCQP",
        "user_profile": {
            "avatar_hash": "c6bdd4cb17db",
            "image_72": "https:\/\/avatars.slack-edge.com\/2019-07-05\/685991185957_c6bdd4cb17db956661a1_72.jpg",
            "first_name": "Takeshi",
            "real_name": "Takeshi Kondo",
            "display_name": "chaspy",
            "team": "TFU0BKCQP",
            "name": "take.she12",
            "is_restricted": false,
            "is_ultra_restricted": false
        },
        "blocks": [
            {
                "type": "rich_text",
                "block_id": "8hL",
                "elements": [
                    {
                        "type": "rich_text_section",
                        "elements": [
                            {
                                "type": "text",
                                "text": "が、今はすっきりわけたい気持ちになってきている。"
                            }
                        ]
                    }
                ]
            }
        ],
        "thread_ts": "1581685757.013200",
        "parent_user_id": "UG46Z57TN"
    },
    {
        "client_msg_id": "b19c934d-5836-4e6a-a9b4-bc67ed5d2b61",
        "type": "message",
        "text": "そうね。分けていいなら分けたほうがいろいろやりやすいと思う。\nうちのEKSもクラスタ作成とk8s providerは分離させてる。",
        "user": "UFU0BKD8F",
        "ts": "1581686525.014000",
        "team": "TFU0BKCQP",
        "user_team": "TFU0BKCQP",
        "source_team": "TFU0BKCQP",
        "user_profile": {
            "avatar_hash": "92c41c62c7b0",
            "image_72": "https:\/\/avatars.slack-edge.com\/2019-01-30\/537137791812_92c41c62c7b0f054d3dd_72.jpg",
            "first_name": "らき",
            "real_name": "らき",
            "display_name": "raki",
            "team": "TFU0BKCQP",
            "name": "nishimuray",
            "is_restricted": false,
            "is_ultra_restricted": false
        },
        "blocks": [
            {
                "type": "rich_text",
                "block_id": "Yb03",
                "elements": [
                    {
                        "type": "rich_text_section",
                        "elements": [
                            {
                                "type": "text",
                                "text": "そうね。分けていいなら分けたほうがいろいろやりやすいと思う。\nうちのEKSもクラスタ作成とk8s providerは分離させてる。"
                            }
                        ]
                    }
                ]
            }
        ],
        "thread_ts": "1581685757.013200",
        "parent_user_id": "UG46Z57TN"
    },
    {
        "client_msg_id": "280dd198-6b81-442d-9fe6-706677aa1182",
        "type": "message",
        "text": "どしゃーっと流れでできてくれると嬉しい気もしつつ、たぶん複雑度のほうが増す。",
        "user": "UG46Z57TN",
        "ts": "1581686550.014200",
        "team": "TFU0BKCQP",
        "user_team": "TFU0BKCQP",
        "source_team": "TFU0BKCQP",
        "user_profile": {
            "avatar_hash": "c6bdd4cb17db",
            "image_72": "https:\/\/avatars.slack-edge.com\/2019-07-05\/685991185957_c6bdd4cb17db956661a1_72.jpg",
            "first_name": "Takeshi",
            "real_name": "Takeshi Kondo",
            "display_name": "chaspy",
            "team": "TFU0BKCQP",
            "name": "take.she12",
            "is_restricted": false,
            "is_ultra_restricted": false
        },
        "blocks": [
            {
                "type": "rich_text",
                "block_id": "BCg",
                "elements": [
                    {
                        "type": "rich_text_section",
                        "elements": [
                            {
                                "type": "text",
                                "text": "どしゃーっと流れでできてくれると嬉しい気もしつつ、たぶん複雑度のほうが増す。"
                            }
                        ]
                    }
                ]
            }
        ],
        "thread_ts": "1581685757.013200",
        "parent_user_id": "UG46Z57TN"
    },
    {
        "client_msg_id": "8743e634-7ab1-40b0-addf-96ac85f5d207",
        "type": "message",
        "text": "ライフサイクル的には一緒っちゃ一緒というか、どちらもそう変更はないんだけれども。",
        "user": "UG46Z57TN",
        "ts": "1581686565.014400",
        "team": "TFU0BKCQP",
        "user_team": "TFU0BKCQP",
        "source_team": "TFU0BKCQP",
        "user_profile": {
            "avatar_hash": "c6bdd4cb17db",
            "image_72": "https:\/\/avatars.slack-edge.com\/2019-07-05\/685991185957_c6bdd4cb17db956661a1_72.jpg",
            "first_name": "Takeshi",
            "real_name": "Takeshi Kondo",
            "display_name": "chaspy",
            "team": "TFU0BKCQP",
            "name": "take.she12",
            "is_restricted": false,
            "is_ultra_restricted": false
        },
        "blocks": [
            {
                "type": "rich_text",
                "block_id": "AHBpj",
                "elements": [
                    {
                        "type": "rich_text_section",
                        "elements": [
                            {
                                "type": "text",
                                "text": "ライフサイクル的には一緒っちゃ一緒というか、どちらもそう変更はないんだけれども。"
                            }
                        ]
                    }
                ]
            }
        ],
        "thread_ts": "1581685757.013200",
        "parent_user_id": "UG46Z57TN"
    },
    {
        "client_msg_id": "cd15df04-2f20-4adb-b11c-ff78783c1815",
        "type": "message",
        "text": "レイヤーが違うのでわけたほうが無難。",
        "user": "UG46Z57TN",
        "ts": "1581686590.014600",
        "team": "TFU0BKCQP",
        "user_team": "TFU0BKCQP",
        "source_team": "TFU0BKCQP",
        "user_profile": {
            "avatar_hash": "c6bdd4cb17db",
            "image_72": "https:\/\/avatars.slack-edge.com\/2019-07-05\/685991185957_c6bdd4cb17db956661a1_72.jpg",
            "first_name": "Takeshi",
            "real_name": "Takeshi Kondo",
            "display_name": "chaspy",
            "team": "TFU0BKCQP",
            "name": "take.she12",
            "is_restricted": false,
            "is_ultra_restricted": false
        },
        "blocks": [
            {
                "type": "rich_text",
                "block_id": "+CP",
                "elements": [
                    {
                        "type": "rich_text_section",
                        "elements": [
                            {
                                "type": "text",
                                "text": "レイヤーが違うのでわけたほうが無難。"
                            }
                        ]
                    }
                ]
            }
        ],
        "thread_ts": "1581685757.013200",
        "parent_user_id": "UG46Z57TN"
    },
    {
        "client_msg_id": "4ad4357a-8b5c-4a4b-b0df-366c0fdf79c3",
        "type": "message",
        "text": "感。",
        "user": "UG46Z57TN",
        "ts": "1581686593.014800",
        "team": "TFU0BKCQP",
        "user_team": "TFU0BKCQP",
        "source_team": "TFU0BKCQP",
        "user_profile": {
            "avatar_hash": "c6bdd4cb17db",
            "image_72": "https:\/\/avatars.slack-edge.com\/2019-07-05\/685991185957_c6bdd4cb17db956661a1_72.jpg",
            "first_name": "Takeshi",
            "real_name": "Takeshi Kondo",
            "display_name": "chaspy",
            "team": "TFU0BKCQP",
            "name": "take.she12",
            "is_restricted": false,
            "is_ultra_restricted": false
        },
        "blocks": [
            {
                "type": "rich_text",
                "block_id": "Qog",
                "elements": [
                    {
                        "type": "rich_text_section",
                        "elements": [
                            {
                                "type": "text",
                                "text": "感。"
                            }
                        ]
                    }
                ]
            }
        ],
        "thread_ts": "1581685757.013200",
        "parent_user_id": "UG46Z57TN"
    },
    {
        "client_msg_id": "d334630e-c866-4c90-a36f-95007b815927",
        "type": "message",
        "text": "EKS Cluster と k8s provider も似てるかもね。",
        "user": "UG46Z57TN",
        "ts": "1581686610.015000",
        "team": "TFU0BKCQP",
        "user_team": "TFU0BKCQP",
        "source_team": "TFU0BKCQP",
        "user_profile": {
            "avatar_hash": "c6bdd4cb17db",
            "image_72": "https:\/\/avatars.slack-edge.com\/2019-07-05\/685991185957_c6bdd4cb17db956661a1_72.jpg",
            "first_name": "Takeshi",
            "real_name": "Takeshi Kondo",
            "display_name": "chaspy",
            "team": "TFU0BKCQP",
            "name": "take.she12",
            "is_restricted": false,
            "is_ultra_restricted": false
        },
        "blocks": [
            {
                "type": "rich_text",
                "block_id": "Self",
                "elements": [
                    {
                        "type": "rich_text_section",
                        "elements": [
                            {
                                "type": "text",
                                "text": "EKS Cluster と k8s provider も似てるかもね。"
                            }
                        ]
                    }
                ]
            }
        ],
        "thread_ts": "1581685757.013200",
        "parent_user_id": "UG46Z57TN"
    },
    {
        "client_msg_id": "bf975627-c5c8-49fb-a1d7-094eaa0bde13",
        "type": "message",
        "text": "k8s provider 何するのか知らんけど。",
        "user": "UG46Z57TN",
        "ts": "1581686615.015200",
        "team": "TFU0BKCQP",
        "user_team": "TFU0BKCQP",
        "source_team": "TFU0BKCQP",
        "user_profile": {
            "avatar_hash": "c6bdd4cb17db",
            "image_72": "https:\/\/avatars.slack-edge.com\/2019-07-05\/685991185957_c6bdd4cb17db956661a1_72.jpg",
            "first_name": "Takeshi",
            "real_name": "Takeshi Kondo",
            "display_name": "chaspy",
            "team": "TFU0BKCQP",
            "name": "take.she12",
            "is_restricted": false,
            "is_ultra_restricted": false
        },
        "blocks": [
            {
                "type": "rich_text",
                "block_id": "JBmD",
                "elements": [
                    {
                        "type": "rich_text_section",
                        "elements": [
                            {
                                "type": "text",
                                "text": "k8s provider 何するのか知らんけど。"
                            }
                        ]
                    }
                ]
            }
        ],
        "thread_ts": "1581685757.013200",
        "parent_user_id": "UG46Z57TN"
    },
    {
        "client_msg_id": "c3f16a76-8125-4b14-a438-f3442cfa646f",
        "type": "message",
        "text": "k8s provider 使うと HCL でマニフェストが書けるｗ（要らない",
        "user": "UFU0BKD8F",
        "ts": "1581688231.015400",
        "team": "TFU0BKCQP",
        "user_team": "TFU0BKCQP",
        "source_team": "TFU0BKCQP",
        "user_profile": {
            "avatar_hash": "92c41c62c7b0",
            "image_72": "https:\/\/avatars.slack-edge.com\/2019-01-30\/537137791812_92c41c62c7b0f054d3dd_72.jpg",
            "first_name": "らき",
            "real_name": "らき",
            "display_name": "raki",
            "team": "TFU0BKCQP",
            "name": "nishimuray",
            "is_restricted": false,
            "is_ultra_restricted": false
        },
        "blocks": [
            {
                "type": "rich_text",
                "block_id": "UPGj",
                "elements": [
                    {
                        "type": "rich_text_section",
                        "elements": [
                            {
                                "type": "text",
                                "text": "k8s provider 使うと HCL でマニフェストが書けるｗ（要らない"
                            }
                        ]
                    }
                ]
            }
        ],
        "thread_ts": "1581685757.013200",
        "parent_user_id": "UG46Z57TN"
    },
    {
        "client_msg_id": "961a072c-da23-4df8-8082-2eb28292b9b6",
        "type": "message",
        "text": "yaml エンジニアか HCL エンジニアかの違いか",
        "user": "UG46Z57TN",
        "ts": "1581689422.015600",
        "team": "TFU0BKCQP",
        "user_team": "TFU0BKCQP",
        "source_team": "TFU0BKCQP",
        "user_profile": {
            "avatar_hash": "c6bdd4cb17db",
            "image_72": "https:\/\/avatars.slack-edge.com\/2019-07-05\/685991185957_c6bdd4cb17db956661a1_72.jpg",
            "first_name": "Takeshi",
            "real_name": "Takeshi Kondo",
            "display_name": "chaspy",
            "team": "TFU0BKCQP",
            "name": "take.she12",
            "is_restricted": false,
            "is_ultra_restricted": false
        },
        "blocks": [
            {
                "type": "rich_text",
                "block_id": "t7Jc",
                "elements": [
                    {
                        "type": "rich_text_section",
                        "elements": [
                            {
                                "type": "text",
                                "text": "yaml エンジニアか HCL エンジニアかの違いか"
                            }
                        ]
                    }
                ]
            }
        ],
        "thread_ts": "1581685757.013200",
        "parent_user_id": "UG46Z57TN"
    },
    {
        "client_msg_id": "83c657d8-6e25-4679-9168-fb3674484c48",
        "type": "message",
        "text": "そんな感じ。\nぶっちゃけk8sプロバイダは人類には早すぎた。\n正直運用時にkubectl使うんだから全部マニフェストにして管理してあるほうが後で見やすい。。。",
        "user": "UFU0BKD8F",
        "ts": "1581691179.015800",
        "team": "TFU0BKCQP",
        "user_team": "TFU0BKCQP",
        "source_team": "TFU0BKCQP",
        "user_profile": {
            "avatar_hash": "92c41c62c7b0",
            "image_72": "https:\/\/avatars.slack-edge.com\/2019-01-30\/537137791812_92c41c62c7b0f054d3dd_72.jpg",
            "first_name": "らき",
            "real_name": "らき",
            "display_name": "raki",
            "team": "TFU0BKCQP",
            "name": "nishimuray",
            "is_restricted": false,
            "is_ultra_restricted": false
        },
        "blocks": [
            {
                "type": "rich_text",
                "block_id": "z2I4w",
                "elements": [
                    {
                        "type": "rich_text_section",
                        "elements": [
                            {
                                "type": "text",
                                "text": "そんな感じ。\nぶっちゃけk8sプロバイダは人類には早すぎた。\n正直運用時にkubectl使うんだから全部マニフェストにして管理してあるほうが後で見やすい。。。"
                            }
                        ]
                    }
                ]
            }
        ],
        "thread_ts": "1581685757.013200",
        "parent_user_id": "UG46Z57TN"
    },
    {
        "client_msg_id": "3B049CE8-51E1-4995-A786-BCAA0C6C444A",
        "type": "message",
        "text": "でしょうね",
        "user": "UG46Z57TN",
        "ts": "1581691195.016100",
        "team": "TFU0BKCQP",
        "user_team": "TFU0BKCQP",
        "source_team": "TFU0BKCQP",
        "user_profile": {
            "avatar_hash": "c6bdd4cb17db",
            "image_72": "https:\/\/avatars.slack-edge.com\/2019-07-05\/685991185957_c6bdd4cb17db956661a1_72.jpg",
            "first_name": "Takeshi",
            "real_name": "Takeshi Kondo",
            "display_name": "chaspy",
            "team": "TFU0BKCQP",
            "name": "take.she12",
            "is_restricted": false,
            "is_ultra_restricted": false
        },
        "blocks": [
            {
                "type": "rich_text",
                "block_id": "i6rEV",
                "elements": [
                    {
                        "type": "rich_text_section",
                        "elements": [
                            {
                                "type": "text",
                                "text": "でしょうね"
                            }
                        ]
                    }
                ]
            }
        ],
        "thread_ts": "1581685757.013200",
        "parent_user_id": "UG46Z57TN"
    },
    {
        "client_msg_id": "D2802CFC-5C23-48C8-80B7-692C08603F99",
        "type": "message",
        "text": "postgres とか mysql とかのデータベースプロバイダー使ってるひといますか？\ndb 作成時のロール作成とかオーナー設定とかが手作業で残ってていい加減倒そうとしてるんですが、セキュリティが気になりまして…",
        "user": "UG46Z57TN",
        "ts": "1581692539.017700",
        "team": "TFU0BKCQP",
        "user_team": "TFU0BKCQP",
        "source_team": "TFU0BKCQP",
        "user_profile": {
            "avatar_hash": "c6bdd4cb17db",
            "image_72": "https:\/\/avatars.slack-edge.com\/2019-07-05\/685991185957_c6bdd4cb17db956661a1_72.jpg",
            "first_name": "Takeshi",
            "real_name": "Takeshi Kondo",
            "display_name": "chaspy",
            "team": "TFU0BKCQP",
            "name": "take.she12",
            "is_restricted": false,
            "is_ultra_restricted": false
        },
        "blocks": [
            {
                "type": "rich_text",
                "block_id": "t58",
                "elements": [
                    {
                        "type": "rich_text_section",
                        "elements": [
                            {
                                "type": "text",
                                "text": "postgres とか mysql とかのデータベースプロバイダー使ってるひといますか？\ndb 作成時のロール作成とかオーナー設定とかが手作業で残ってていい加減倒そうとしてるんですが、セキュリティが気になりまして…"
                            }
                        ]
                    }
                ]
            }
        ],
        "thread_ts": "1581692539.017700",
        "reply_count": 37,
        "reply_users_count": 5,
        "latest_reply": "1581922436.029800",
        "reply_users": [
            "UKAKENQAF",
            "UG46Z57TN",
            "UHS4SFFA7",
            "UGVSWU1CY",
            "ULYDVRXNY"
        ],
        "replies": [
            {
                "user": "UKAKENQAF",
                "ts": "1581694817.017800"
            },
            {
                "user": "UG46Z57TN",
                "ts": "1581696565.018100"
            },
            {
                "user": "UKAKENQAF",
                "ts": "1581696889.018300"
            },
            {
                "user": "UG46Z57TN",
                "ts": "1581699887.018500"
            },
            {
                "user": "UG46Z57TN",
                "ts": "1581699894.018700"
            },
            {
                "user": "UKAKENQAF",
                "ts": "1581748927.020200"
            },
            {
                "user": "UG46Z57TN",
                "ts": "1581749604.020400"
            },
            {
                "user": "UHS4SFFA7",
                "ts": "1581897802.020700"
            },
            {
                "user": "UGVSWU1CY",
                "ts": "1581899176.022100"
            },
            {
                "user": "UHS4SFFA7",
                "ts": "1581899690.022300"
            },
            {
                "user": "UG46Z57TN",
                "ts": "1581899795.022500"
            },
            {
                "user": "UG46Z57TN",
                "ts": "1581899831.022700"
            },
            {
                "user": "UHS4SFFA7",
                "ts": "1581899881.022900"
            },
            {
                "user": "UG46Z57TN",
                "ts": "1581899957.023100"
            },
            {
                "user": "UG46Z57TN",
                "ts": "1581899960.023300"
            },
            {
                "user": "UHS4SFFA7",
                "ts": "1581900062.023500"
            },
            {
                "user": "UG46Z57TN",
                "ts": "1581900114.023800"
            },
            {
                "user": "UG46Z57TN",
                "ts": "1581900202.024000"
            },
            {
                "user": "UHS4SFFA7",
                "ts": "1581900419.024200"
            },
            {
                "user": "UG46Z57TN",
                "ts": "1581900433.024400"
            },
            {
                "user": "UHS4SFFA7",
                "ts": "1581900506.024600"
            },
            {
                "user": "UG46Z57TN",
                "ts": "1581900537.024800"
            },
            {
                "user": "UG46Z57TN",
                "ts": "1581902180.025000"
            },
            {
                "user": "UKAKENQAF",
                "ts": "1581902262.025300"
            },
            {
                "user": "UG46Z57TN",
                "ts": "1581902341.025500"
            },
            {
                "user": "UHS4SFFA7",
                "ts": "1581902718.025700"
            },
            {
                "user": "UHS4SFFA7",
                "ts": "1581902738.025900"
            },
            {
                "user": "UG46Z57TN",
                "ts": "1581903168.026200"
            },
            {
                "user": "UG46Z57TN",
                "ts": "1581903244.027300"
            },
            {
                "user": "UGVSWU1CY",
                "ts": "1581903617.027500"
            },
            {
                "user": "UG46Z57TN",
                "ts": "1581903748.027900"
            },
            {
                "user": "ULYDVRXNY",
                "ts": "1581909919.028500"
            },
            {
                "user": "ULYDVRXNY",
                "ts": "1581910050.028700"
            },
            {
                "user": "UHS4SFFA7",
                "ts": "1581911329.028900"
            },
            {
                "user": "UHS4SFFA7",
                "ts": "1581911397.029100"
            },
            {
                "user": "UG46Z57TN",
                "ts": "1581922419.029600"
            },
            {
                "user": "UG46Z57TN",
                "ts": "1581922436.029800"
            }
        ],
        "subscribed": false
    },
    {
        "client_msg_id": "ab1853b7-a6be-40d6-af88-c20152972f50",
        "type": "message",
        "text": "mysqlは前に使ってたことありますね。\n管理していたのは、userと権限だけでしたが。",
        "user": "UKAKENQAF",
        "ts": "1581694817.017800",
        "team": "TFU0BKCQP",
        "user_team": "TFU0BKCQP",
        "source_team": "TFU0BKCQP",
        "user_profile": {
            "avatar_hash": "12cb7b39ae77",
            "image_72": "https:\/\/avatars.slack-edge.com\/2020-03-01\/963049719842_12cb7b39ae7726f3acf8_72.jpg",
            "first_name": "teraken0509",
            "real_name": "teraken0509",
            "display_name": "teraken0509",
            "team": "TFU0BKCQP",
            "name": "kterada.0509sg",
            "is_restricted": false,
            "is_ultra_restricted": false
        },
        "edited": {
            "user": "UKAKENQAF",
            "ts": "1581694830.000000"
        },
        "blocks": [
            {
                "type": "rich_text",
                "block_id": "1Qwe",
                "elements": [
                    {
                        "type": "rich_text_section",
                        "elements": [
                            {
                                "type": "text",
                                "text": "mysqlは前に使ってたことありますね。\n管理していたのは、userと権限だけでしたが。"
                            }
                        ]
                    }
                ]
            }
        ],
        "thread_ts": "1581692539.017700",
        "parent_user_id": "UG46Z57TN"
    },
    {
        "client_msg_id": "2bb6e99b-deda-4e1a-a2fa-ae5426038261",
        "type": "message",
        "text": "おぉ、apply ってどこからやってましたか？",
        "user": "UG46Z57TN",
        "ts": "1581696565.018100",
        "team": "TFU0BKCQP",
        "user_team": "TFU0BKCQP",
        "source_team": "TFU0BKCQP",
        "user_profile": {
            "avatar_hash": "c6bdd4cb17db",
            "image_72": "https:\/\/avatars.slack-edge.com\/2019-07-05\/685991185957_c6bdd4cb17db956661a1_72.jpg",
            "first_name": "Takeshi",
            "real_name": "Takeshi Kondo",
            "display_name": "chaspy",
            "team": "TFU0BKCQP",
            "name": "take.she12",
            "is_restricted": false,
            "is_ultra_restricted": false
        },
        "blocks": [
            {
                "type": "rich_text",
                "block_id": "oU6",
                "elements": [
                    {
                        "type": "rich_text_section",
                        "elements": [
                            {
                                "type": "text",
                                "text": "おぉ、apply ってどこからやってましたか？"
                            }
                        ]
                    }
                ]
            }
        ],
        "thread_ts": "1581692539.017700",
        "parent_user_id": "UG46Z57TN"
    },
    {
        "client_msg_id": "a79ebc08-1f37-4e91-840a-77094c692b88",
        "type": "message",
        "text": "jenkins専用のvpcを作成して、そこと各環境のvpcをpeeringして、RDSのSG向けに通信許可して実行してました。",
        "user": "UKAKENQAF",
        "ts": "1581696889.018300",
        "team": "TFU0BKCQP",
        "user_team": "TFU0BKCQP",
        "source_team": "TFU0BKCQP",
        "user_profile": {
            "avatar_hash": "12cb7b39ae77",
            "image_72": "https:\/\/avatars.slack-edge.com\/2020-03-01\/963049719842_12cb7b39ae7726f3acf8_72.jpg",
            "first_name": "teraken0509",
            "real_name": "teraken0509",
            "display_name": "teraken0509",
            "team": "TFU0BKCQP",
            "name": "kterada.0509sg",
            "is_restricted": false,
            "is_ultra_restricted": false
        },
        "blocks": [
            {
                "type": "rich_text",
                "block_id": "wrH",
                "elements": [
                    {
                        "type": "rich_text_section",
                        "elements": [
                            {
                                "type": "text",
                                "text": "jenkins専用のvpcを作成して、そこと各環境のvpcをpeeringして、RDSのSG向けに通信許可して実行してました。"
                            }
                        ]
                    }
                ]
            }
        ],
        "thread_ts": "1581692539.017700",
        "parent_user_id": "UG46Z57TN"
    },
    {
        "client_msg_id": "e2fc5508-5cc5-4c32-8dd4-1bbb061e1fdb",
        "type": "message",
        "text": "ナルホドー",
        "user": "UG46Z57TN",
        "ts": "1581699887.018500",
        "team": "TFU0BKCQP",
        "user_team": "TFU0BKCQP",
        "source_team": "TFU0BKCQP",
        "user_profile": {
            "avatar_hash": "c6bdd4cb17db",
            "image_72": "https:\/\/avatars.slack-edge.com\/2019-07-05\/685991185957_c6bdd4cb17db956661a1_72.jpg",
            "first_name": "Takeshi",
            "real_name": "Takeshi Kondo",
            "display_name": "chaspy",
            "team": "TFU0BKCQP",
            "name": "take.she12",
            "is_restricted": false,
            "is_ultra_restricted": false
        },
        "blocks": [
            {
                "type": "rich_text",
                "block_id": "eDDB9",
                "elements": [
                    {
                        "type": "rich_text_section",
                        "elements": [
                            {
                                "type": "text",
                                "text": "ナルホドー"
                            }
                        ]
                    }
                ]
            }
        ],
        "thread_ts": "1581692539.017700",
        "parent_user_id": "UG46Z57TN"
    },
    {
        "client_msg_id": "7d809a99-f1ac-4057-acec-910dae8c671b",
        "type": "message",
        "text": "CIでどうにかしたい。。。",
        "user": "UG46Z57TN",
        "ts": "1581699894.018700",
        "team": "TFU0BKCQP",
        "user_team": "TFU0BKCQP",
        "source_team": "TFU0BKCQP",
        "user_profile": {
            "avatar_hash": "c6bdd4cb17db",
            "image_72": "https:\/\/avatars.slack-edge.com\/2019-07-05\/685991185957_c6bdd4cb17db956661a1_72.jpg",
            "first_name": "Takeshi",
            "real_name": "Takeshi Kondo",
            "display_name": "chaspy",
            "team": "TFU0BKCQP",
            "name": "take.she12",
            "is_restricted": false,
            "is_ultra_restricted": false
        },
        "blocks": [
            {
                "type": "rich_text",
                "block_id": "B+LU",
                "elements": [
                    {
                        "type": "rich_text_section",
                        "elements": [
                            {
                                "type": "text",
                                "text": "CIでどうにかしたい。。。"
                            }
                        ]
                    }
                ]
            }
        ],
        "thread_ts": "1581692539.017700",
        "parent_user_id": "UG46Z57TN"
    },
    {
        "client_msg_id": "1FA392A4-BA6B-4080-A7A8-7CDE5000036D",
        "type": "message",
        "text": "RDSをpublicに配置するか、ciをvpc内に用意しないとですよね…",
        "user": "UKAKENQAF",
        "ts": "1581748927.020200",
        "team": "TFU0BKCQP",
        "user_team": "TFU0BKCQP",
        "source_team": "TFU0BKCQP",
        "user_profile": {
            "avatar_hash": "12cb7b39ae77",
            "image_72": "https:\/\/avatars.slack-edge.com\/2020-03-01\/963049719842_12cb7b39ae7726f3acf8_72.jpg",
            "first_name": "teraken0509",
            "real_name": "teraken0509",
            "display_name": "teraken0509",
            "team": "TFU0BKCQP",
            "name": "kterada.0509sg",
            "is_restricted": false,
            "is_ultra_restricted": false
        },
        "blocks": [
            {
                "type": "rich_text",
                "block_id": "CfxV",
                "elements": [
                    {
                        "type": "rich_text_section",
                        "elements": [
                            {
                                "type": "text",
                                "text": "RDSをpublicに配置するか、ciをvpc内に用意しないとですよね…"
                            }
                        ]
                    }
                ]
            }
        ],
        "thread_ts": "1581692539.017700",
        "parent_user_id": "UG46Z57TN"
    },
    {
        "client_msg_id": "f300d2cd-27b8-40de-aa4a-f3aee97fe5e8",
        "type": "message",
        "text": "どっちもやりとうない。。。",
        "user": "UG46Z57TN",
        "ts": "1581749604.020400",
        "team": "TFU0BKCQP",
        "user_team": "TFU0BKCQP",
        "source_team": "TFU0BKCQP",
        "user_profile": {
            "avatar_hash": "c6bdd4cb17db",
            "image_72": "https:\/\/avatars.slack-edge.com\/2019-07-05\/685991185957_c6bdd4cb17db956661a1_72.jpg",
            "first_name": "Takeshi",
            "real_name": "Takeshi Kondo",
            "display_name": "chaspy",
            "team": "TFU0BKCQP",
            "name": "take.she12",
            "is_restricted": false,
            "is_ultra_restricted": false
        },
        "blocks": [
            {
                "type": "rich_text",
                "block_id": "84zhD",
                "elements": [
                    {
                        "type": "rich_text_section",
                        "elements": [
                            {
                                "type": "text",
                                "text": "どっちもやりとうない。。。"
                            }
                        ]
                    }
                ]
            }
        ],
        "thread_ts": "1581692539.017700",
        "parent_user_id": "UG46Z57TN",
        "reactions": [
            {
                "name": "wakaru",
                "users": [
                    "UKAKENQAF"
                ],
                "count": 1
            }
        ]
    }
]