[
    {
        "client_msg_id": "0c1e8f10-26bb-43d0-abfc-78e75eaea4af",
        "type": "message",
        "text": "お世話になります。\nAzureRM Providerのメジャーバージョン2.0がリリースされたのですが\nリリースノートを見ていて気になったことがあったので質問です。\n<https:\/\/www.terraform.io\/docs\/providers\/azurerm\/guides\/2.0-upgrade-guide.html>\n\nメジャーアップデートのトピックの一つにカスタムタイムアウト時間を設けられるようになったという項目があります。\n```Custom Timeouts will be available on Resources - this will allow you to specify a custom timeout for provisioning the resource in your Terraform Configuration using the timeouts block.```\nこれってどうして今までできなかったのでしょうか？\n\n■関連issueとして下記を見たのですが馬鹿なので要領を得ませんでした...どなたか分かりやすくご教授いただければ幸いです。\n<https:\/\/github.com\/terraform-providers\/terraform-provider-azurerm\/issues\/171>",
        "user": "USNPL366P",
        "ts": "1582593892.003900",
        "team": "TFU0BKCQP",
        "user_team": "TFU0BKCQP",
        "source_team": "TFU0BKCQP",
        "user_profile": {
            "avatar_hash": "ga15b71ae6fb",
            "image_72": "https:\/\/secure.gravatar.com\/avatar\/a15b71ae6fbdecb3216bdcba552d9a77.jpg?s=72&d=https%3A%2F%2Fa.slack-edge.com%2Fdf10d%2Fimg%2Favatars%2Fava_0011-72.png",
            "first_name": "",
            "real_name": "genboku",
            "display_name": "genboku",
            "team": "TFU0BKCQP",
            "name": "endurance.test.203801",
            "is_restricted": false,
            "is_ultra_restricted": false
        },
        "attachments": [
            {
                "service_name": "Terraform by HashiCorp",
                "title": "Azure Resource Manager: 2.0 Upgrade Guide - Terraform by HashiCorp",
                "title_link": "https:\/\/www.terraform.io\/docs\/providers\/azurerm\/guides\/2.0-upgrade-guide.html",
                "text": "Azure Resource Manager: 2.0 Upgrade Guide",
                "fallback": "Terraform by HashiCorp: Azure Resource Manager: 2.0 Upgrade Guide - Terraform by HashiCorp",
                "thumb_url": "https:\/\/www.terraform.io\/assets\/images\/og-image-8b3e4f7d.png",
                "from_url": "https:\/\/www.terraform.io\/docs\/providers\/azurerm\/guides\/2.0-upgrade-guide.html",
                "thumb_width": 712,
                "thumb_height": 712,
                "service_icon": "https:\/\/www.terraform.io\/assets\/images\/favicons\/apple-touch-icon-13180a24.png",
                "id": 1,
                "original_url": "https:\/\/www.terraform.io\/docs\/providers\/azurerm\/guides\/2.0-upgrade-guide.html"
            },
            {
                "author_name": "mooperd",
                "fallback": "[terraform-providers\/terraform-provider-azurerm] #171 Resource Timeouts for creation \/ deletion",
                "text": "*Community Note*\n\n• Please vote on this issue by adding a :+1: <https:\/\/blog.github.com\/2016-03-10-add-reactions-to-pull-requests-issues-and-comments\/|reaction> to the original issue to help the community and maintainers prioritize this request\n• Please do not leave \"+1\" or \"me too\" comments, they generate extra noise for issue followers and do not help prioritize the request\n• If you are interested in working on this issue or have submitted a pull request, please leave a comment\n\n*Description*\n\nIs there a way of configuring timeouts?\n\n```\nazurerm_subnet.subnet: Creating...\n  address_prefix:            \"\" =&gt; \"10.0.2.0\/24\"\n  ip_configurations.#:       \"\" =&gt; \"&lt;computed&gt;\"\n  name:                      \"\" =&gt; \"bach\"\n  network_security_group_id: \"\" =&gt; \"&lt;computed&gt;\"\n  resource_group_name:       \"\" =&gt; \"bach\"\n  route_table_id:            \"\" =&gt; \"&lt;computed&gt;\"\n  virtual_network_name:      \"\" =&gt; \"bach\"\nazurerm_subnet.subnet: Still creating... (10s elapsed)\nazurerm_subnet.subnet: Still creating... (20s elapsed)\nazurerm_subnet.subnet: Still creating... (30s elapsed)\nazurerm_subnet.subnet: Still creating... (40s elapsed)\nazurerm_subnet.subnet: Still creating... (50s elapsed)\nazurerm_subnet.subnet: Still creating... (1m0s elapsed)\nazurerm_subnet.subnet: Still creating... (1m10s elapsed)\nazurerm_subnet.subnet: Still creating... (1m20s elapsed)\nazurerm_subnet.subnet: Still creating... (1m30s elapsed)\nazurerm_subnet.subnet: Still creating... (1m40s elapsed)\nazurerm_subnet.subnet: Still creating... (1m50s elapsed)\nazurerm_subnet.subnet: Still creating... (2m0s elapsed)\nazurerm_subnet.subnet: Still creating... (2m10s elapsed)\nazurerm_subnet.subnet: Still creating... (2m20s elapsed)\nazurerm_subnet.subnet: Still creating... (2m30s elapsed)\nazurerm_subnet.subnet: Still creating... (2m40s elapsed)\nazurerm_subnet.subnet: Still creating... (2m50s elapsed)\nazurerm_subnet.subnet: Still creating... (3m0s elapsed)\nazurerm_subnet.subnet: Still creating... (3m10s elapsed)\nazurerm_subnet.subnet: Still creating... (3m20s elapsed)\nazurerm_subnet.subnet: Still creating... (3m30s elapsed)\nazurerm_subnet.subnet: Still creating... (3m40s elapsed)\nazurerm_subnet.subnet: Still creating... (3m50s elapsed)\nazurerm_subnet.subnet: Still creating... (4m0s elapsed)\nazurerm_subnet.subnet: Still creating... (4m10s elapsed)\nazurerm_subnet.subnet: Still creating... (4m20s elapsed)\nazurerm_subnet.subnet: Still creating... (4m30s elapsed)\nazurerm_subnet.subnet: Still creating... (4m40s elapsed)\nazurerm_subnet.subnet: Still creating... (4m50s elapsed)\nazurerm_subnet.subnet: Still creating... (5m0s elapsed)\nazurerm_subnet.subnet: Still creating... (5m10s elapsed)\nazurerm_subnet.subnet: Still creating... (5m20s elapsed)\nazurerm_subnet.subnet: Still creating... (5m30s elapsed)\nazurerm_subnet.subnet: Still creating... (5m40s elapsed)\nazurerm_subnet.subnet: Still creating... (5m50s elapsed)\nazurerm_subnet.subnet: Still creating... (6m0s elapsed)\nazurerm_subnet.subnet: Still creating... (6m10s elapsed)\nazurerm_subnet.subnet: Still creating... (6m20s elapsed)\nazurerm_subnet.subnet: Still creating... (6m30s elapsed)\nazurerm_subnet.subnet: Still creating... (6m40s elapsed)\nazurerm_subnet.subnet: Still creating... (6m50s elapsed)\nazurerm_subnet.subnet: Still creating... (7m0s elapsed)\nazurerm_subnet.subnet: Still creating... (7m10s elapsed)\nazurerm_subnet.subnet: Still creating... (7m20s elapsed)\nazurerm_subnet.subnet: Still creating... (7m30s elapsed)\nazurerm_subnet.subnet: Still creating... (7m40s elapsed)\nazurerm_subnet.subnet: Still creating... (7m50s elapsed)\nazurerm_subnet.subnet: Still creating... (8m0s elapsed)\nazurerm_subnet.subnet: Still creating... (8m10s elapsed)\nazurerm_subnet.subnet: Still creating... (8m20s elapsed)\nazurerm_subnet.subnet: Still creating... (8m30s elapsed)\nazurerm_subnet.subnet: Still creating... (8m40s elapsed)\nazurerm_subnet.subnet: Still creating... (8m50s elapsed)\nazurerm_subnet.subnet: Still creating... (9m0s elapsed)\nazurerm_subnet.subnet: Still creating... (9m10s elapsed)\nazurerm_subnet.subnet: Still creating... (9m20s elapsed)\nazurerm_subnet.subnet: Still creating... (9m30s elapsed)\nazurerm_subnet.subnet: Still creating... (9m40s elapsed)\nazurerm_subnet.subnet: Still creating... (9m50s elapsed)\nazurerm_subnet.subnet: Still creating... (10m0s elapsed)\nazurerm_subnet.subnet: Still creating... (10m10s elapsed)\n\n```",
                "title": "#171 Resource Timeouts for creation \/ deletion",
                "footer": "<https:\/\/github.com\/terraform-providers\/terraform-provider-azurerm|terraform-providers\/terraform-provider-azurerm>",
                "id": 2,
                "title_link": "https:\/\/github.com\/terraform-providers\/terraform-provider-azurerm\/issues\/171",
                "author_link": "https:\/\/github.com\/mooperd",
                "author_icon": "https:\/\/avatars2.githubusercontent.com\/u\/3006149?v=4",
                "footer_icon": "https:\/\/github.githubassets.com\/favicon.ico",
                "ts": 1499959948,
                "color": "cb2431",
                "fields": [
                    {
                        "title": "Assignees",
                        "value": "tombuildsstuff",
                        "short": true
                    },
                    {
                        "title": "Labels",
                        "value": "enhancement, technical-debt",
                        "short": true
                    }
                ],
                "mrkdwn_in": [
                    "text"
                ],
                "bot_id": "BH12QQBB4",
                "app_unfurl_url": "https:\/\/github.com\/terraform-providers\/terraform-provider-azurerm\/issues\/171",
                "is_app_unfurl": true
            }
        ],
        "blocks": [
            {
                "type": "rich_text",
                "block_id": "Adof",
                "elements": [
                    {
                        "type": "rich_text_section",
                        "elements": [
                            {
                                "type": "text",
                                "text": "お世話になります。\nAzureRM Providerのメジャーバージョン2.0がリリースされたのですが\nリリースノートを見ていて気になったことがあったので質問です。\n"
                            },
                            {
                                "type": "link",
                                "url": "https:\/\/www.terraform.io\/docs\/providers\/azurerm\/guides\/2.0-upgrade-guide.html"
                            },
                            {
                                "type": "text",
                                "text": "\n\nメジャーアップデートのトピックの一つにカスタムタイムアウト時間を設けられるようになったという項目があります。\n"
                            }
                        ]
                    },
                    {
                        "type": "rich_text_preformatted",
                        "elements": [
                            {
                                "type": "text",
                                "text": "Custom Timeouts will be available on Resources - this will allow you to specify a custom timeout for provisioning the resource in your Terraform Configuration using the timeouts block."
                            }
                        ]
                    },
                    {
                        "type": "rich_text_section",
                        "elements": [
                            {
                                "type": "text",
                                "text": "これってどうして今までできなかったのでしょうか？\n\n■関連issueとして下記を見たのですが馬鹿なので要領を得ませんでした...どなたか分かりやすくご教授いただければ幸いです。\n"
                            },
                            {
                                "type": "link",
                                "url": "https:\/\/github.com\/terraform-providers\/terraform-provider-azurerm\/issues\/171"
                            }
                        ]
                    }
                ]
            }
        ],
        "thread_ts": "1582593892.003900",
        "reply_count": 6,
        "reply_users_count": 2,
        "latest_reply": "1582597009.005300",
        "reply_users": [
            "UFU0BKD8F",
            "USNPL366P"
        ],
        "replies": [
            {
                "user": "UFU0BKD8F",
                "ts": "1582595225.004200"
            },
            {
                "user": "USNPL366P",
                "ts": "1582595771.004500"
            },
            {
                "user": "USNPL366P",
                "ts": "1582595841.004700"
            },
            {
                "user": "UFU0BKD8F",
                "ts": "1582595995.004900"
            },
            {
                "user": "UFU0BKD8F",
                "ts": "1582596578.005100"
            },
            {
                "user": "UFU0BKD8F",
                "ts": "1582597009.005300"
            }
        ],
        "subscribed": true,
        "last_read": "1582597009.005300"
    },
    {
        "client_msg_id": "0ade0412-272f-40e0-a711-fb0eda45930b",
        "type": "message",
        "text": "ぱっと見、AzureRM Provider がバグってたから？に見えますね。\n元々 terraform で定義しているタイムアウト機構があるけど、AzureRM Provider が正しく処理できていなかった（？）ように読めます。\nそもそもプロビジョニングに1時間も2時間もかかるリースはAWSやGCPにはない？（RDSやCFrでも長くて30分ちょい？）なので、外側だけ真似たベースコードでは対処しきれていなかった、という感じなのではないですかね。。。\n\nAWS CloudFront では wait_for でデプロイ完了を待つかどうかを決められます\n<https:\/\/www.terraform.io\/docs\/providers\/aws\/r\/cloudfront_distribution.html#wait_for_deployment>\n\nAWS RDS ではタイムアウト時間を設定できます。\n<https:\/\/www.terraform.io\/docs\/providers\/aws\/r\/rds_cluster.html#timeouts>\n\nこのRDSのtimeoutと同じ機能を組み込むのは Providerのリソース設定の責務なので、それに対応できた、みたいなことなんじゃないかなと。",
        "user": "UFU0BKD8F",
        "ts": "1582595225.004200",
        "team": "TFU0BKCQP",
        "user_team": "TFU0BKCQP",
        "source_team": "TFU0BKCQP",
        "user_profile": {
            "avatar_hash": "92c41c62c7b0",
            "image_72": "https:\/\/avatars.slack-edge.com\/2019-01-30\/537137791812_92c41c62c7b0f054d3dd_72.jpg",
            "first_name": "らき",
            "real_name": "らき",
            "display_name": "raki",
            "team": "TFU0BKCQP",
            "name": "nishimuray",
            "is_restricted": false,
            "is_ultra_restricted": false
        },
        "attachments": [
            {
                "service_name": "Terraform by HashiCorp",
                "title": "AWS: aws_cloudfront_distribution - Terraform by HashiCorp",
                "title_link": "https:\/\/www.terraform.io\/docs\/providers\/aws\/r\/cloudfront_distribution.html#wait_for_deployment",
                "text": "Provides a CloudFront web distribution resource.",
                "fallback": "Terraform by HashiCorp: AWS: aws_cloudfront_distribution - Terraform by HashiCorp",
                "thumb_url": "https:\/\/www.terraform.io\/assets\/images\/og-image-8b3e4f7d.png",
                "from_url": "https:\/\/www.terraform.io\/docs\/providers\/aws\/r\/cloudfront_distribution.html#wait_for_deployment",
                "thumb_width": 712,
                "thumb_height": 712,
                "service_icon": "https:\/\/www.terraform.io\/assets\/images\/favicons\/apple-touch-icon-13180a24.png",
                "id": 1,
                "original_url": "https:\/\/www.terraform.io\/docs\/providers\/aws\/r\/cloudfront_distribution.html#wait_for_deployment"
            },
            {
                "service_name": "Terraform by HashiCorp",
                "title": "AWS: aws_rds_cluster - Terraform by HashiCorp",
                "title_link": "https:\/\/www.terraform.io\/docs\/providers\/aws\/r\/rds_cluster.html#timeouts",
                "text": "Manages a RDS Aurora Cluster",
                "fallback": "Terraform by HashiCorp: AWS: aws_rds_cluster - Terraform by HashiCorp",
                "thumb_url": "https:\/\/www.terraform.io\/assets\/images\/og-image-8b3e4f7d.png",
                "from_url": "https:\/\/www.terraform.io\/docs\/providers\/aws\/r\/rds_cluster.html#timeouts",
                "thumb_width": 712,
                "thumb_height": 712,
                "service_icon": "https:\/\/www.terraform.io\/assets\/images\/favicons\/apple-touch-icon-13180a24.png",
                "id": 2,
                "original_url": "https:\/\/www.terraform.io\/docs\/providers\/aws\/r\/rds_cluster.html#timeouts"
            }
        ],
        "blocks": [
            {
                "type": "rich_text",
                "block_id": "l3H6",
                "elements": [
                    {
                        "type": "rich_text_section",
                        "elements": [
                            {
                                "type": "text",
                                "text": "ぱっと見、AzureRM Provider がバグってたから？に見えますね。\n元々 terraform で定義しているタイムアウト機構があるけど、AzureRM Provider が正しく処理できていなかった（？）ように読めます。\nそもそもプロビジョニングに1時間も2時間もかかるリースはAWSやGCPにはない？（RDSやCFrでも長くて30分ちょい？）なので、外側だけ真似たベースコードでは対処しきれていなかった、という感じなのではないですかね。。。\n\nAWS CloudFront では wait_for でデプロイ完了を待つかどうかを決められます\n"
                            },
                            {
                                "type": "link",
                                "url": "https:\/\/www.terraform.io\/docs\/providers\/aws\/r\/cloudfront_distribution.html#wait_for_deployment"
                            },
                            {
                                "type": "text",
                                "text": "\n\nAWS RDS ではタイムアウト時間を設定できます。\n"
                            },
                            {
                                "type": "link",
                                "url": "https:\/\/www.terraform.io\/docs\/providers\/aws\/r\/rds_cluster.html#timeouts"
                            },
                            {
                                "type": "text",
                                "text": "\n\nこのRDSのtimeoutと同じ機能を組み込むのは Providerのリソース設定の責務なので、それに対応できた、みたいなことなんじゃないかなと。"
                            }
                        ]
                    }
                ]
            }
        ],
        "thread_ts": "1582593892.003900",
        "parent_user_id": "USNPL366P"
    },
    {
        "client_msg_id": "e277fa2a-8167-41d5-8ffd-a014a099bd5f",
        "type": "message",
        "text": "<@UFU0BKD8F>\nなるほど、キーワードとしては\n・AWSやGCPなどと比べてめっちゃ長いプロビジョニングを行うケースがAzureには存在する\n・そのためにカスタムタイムアウトのデフォルト値を調整したり\n<https:\/\/github.com\/terraform-providers\/terraform-provider-azurerm\/pull\/3737\/files>\n自由な設定をできる項目を取り入れたりしたと。\n<https:\/\/github.com\/terraform-providers\/terraform-provider-azurerm\/pull\/4475\/files>",
        "user": "USNPL366P",
        "ts": "1582595771.004500",
        "team": "TFU0BKCQP",
        "user_team": "TFU0BKCQP",
        "source_team": "TFU0BKCQP",
        "user_profile": {
            "avatar_hash": "ga15b71ae6fb",
            "image_72": "https:\/\/secure.gravatar.com\/avatar\/a15b71ae6fbdecb3216bdcba552d9a77.jpg?s=72&d=https%3A%2F%2Fa.slack-edge.com%2Fdf10d%2Fimg%2Favatars%2Fava_0011-72.png",
            "first_name": "",
            "real_name": "genboku",
            "display_name": "genboku",
            "team": "TFU0BKCQP",
            "name": "endurance.test.203801",
            "is_restricted": false,
            "is_ultra_restricted": false
        },
        "blocks": [
            {
                "type": "rich_text",
                "block_id": "ZLC",
                "elements": [
                    {
                        "type": "rich_text_section",
                        "elements": [
                            {
                                "type": "user",
                                "user_id": "UFU0BKD8F"
                            },
                            {
                                "type": "text",
                                "text": "\nなるほど、キーワードとしては\n・AWSやGCPなどと比べてめっちゃ長いプロビジョニングを行うケースがAzureには存在する\n・そのためにカスタムタイムアウトのデフォルト値を調整したり\n"
                            },
                            {
                                "type": "link",
                                "url": "https:\/\/github.com\/terraform-providers\/terraform-provider-azurerm\/pull\/3737\/files"
                            },
                            {
                                "type": "text",
                                "text": "\n自由な設定をできる項目を取り入れたりしたと。\n"
                            },
                            {
                                "type": "link",
                                "url": "https:\/\/github.com\/terraform-providers\/terraform-provider-azurerm\/pull\/4475\/files"
                            }
                        ]
                    }
                ]
            }
        ],
        "thread_ts": "1582593892.003900",
        "parent_user_id": "USNPL366P"
    },
    {
        "client_msg_id": "07094435-990b-44b0-9222-2bfc02b136a7",
        "type": "message",
        "text": "<@UFU0BKD8F>\n回答ありがとうございます。ほかのパブリッククラウドのプロビジョナーとの比較という観点がなかったので非常に参考になりました。\n\nごめんなさい、恐れ入りますが、こちらって言い換えるとどういう意味でしょうか？\n&gt; このRDSのtimeoutと同じ機能を組み込むのは Providerのリソース設定の責務なので、それに対応できた、みたいなことなんじゃないかなと。",
        "user": "USNPL366P",
        "ts": "1582595841.004700",
        "team": "TFU0BKCQP",
        "user_team": "TFU0BKCQP",
        "source_team": "TFU0BKCQP",
        "user_profile": {
            "avatar_hash": "ga15b71ae6fb",
            "image_72": "https:\/\/secure.gravatar.com\/avatar\/a15b71ae6fbdecb3216bdcba552d9a77.jpg?s=72&d=https%3A%2F%2Fa.slack-edge.com%2Fdf10d%2Fimg%2Favatars%2Fava_0011-72.png",
            "first_name": "",
            "real_name": "genboku",
            "display_name": "genboku",
            "team": "TFU0BKCQP",
            "name": "endurance.test.203801",
            "is_restricted": false,
            "is_ultra_restricted": false
        },
        "blocks": [
            {
                "type": "rich_text",
                "block_id": "UW+",
                "elements": [
                    {
                        "type": "rich_text_section",
                        "elements": [
                            {
                                "type": "user",
                                "user_id": "UFU0BKD8F"
                            },
                            {
                                "type": "text",
                                "text": "\n回答ありがとうございます。ほかのパブリッククラウドのプロビジョナーとの比較という観点がなかったので非常に参考になりました。\n\nごめんなさい、恐れ入りますが、こちらって言い換えるとどういう意味でしょうか？\n"
                            }
                        ]
                    },
                    {
                        "type": "rich_text_quote",
                        "elements": [
                            {
                                "type": "text",
                                "text": "このRDSのtimeoutと同じ機能を組み込むのは Providerのリソース設定の責務なので、それに対応できた、みたいなことなんじゃないかなと。"
                            }
                        ]
                    }
                ]
            }
        ],
        "thread_ts": "1582593892.003900",
        "parent_user_id": "USNPL366P"
    },
    {
        "client_msg_id": "a98a8a6f-d276-4033-8363-76e53cf37dda",
        "type": "message",
        "text": "terraform にリソース固有の timeout を設定する機能があって、リソース側のコード（Providerの中のコード）で optinすると使えるようになる、それは各 providerでの取り組みで、AWS RDS は対応済み、今回 AzureRMでも対応できた、ということなのかなと思いますー",
        "user": "UFU0BKD8F",
        "ts": "1582595995.004900",
        "team": "TFU0BKCQP",
        "user_team": "TFU0BKCQP",
        "source_team": "TFU0BKCQP",
        "user_profile": {
            "avatar_hash": "92c41c62c7b0",
            "image_72": "https:\/\/avatars.slack-edge.com\/2019-01-30\/537137791812_92c41c62c7b0f054d3dd_72.jpg",
            "first_name": "らき",
            "real_name": "らき",
            "display_name": "raki",
            "team": "TFU0BKCQP",
            "name": "nishimuray",
            "is_restricted": false,
            "is_ultra_restricted": false
        },
        "blocks": [
            {
                "type": "rich_text",
                "block_id": "B2qm",
                "elements": [
                    {
                        "type": "rich_text_section",
                        "elements": [
                            {
                                "type": "text",
                                "text": "terraform にリソース固有の timeout を設定する機能があって、リソース側のコード（Providerの中のコード）で optinすると使えるようになる、それは各 providerでの取り組みで、AWS RDS は対応済み、今回 AzureRMでも対応できた、ということなのかなと思いますー"
                            }
                        ]
                    }
                ]
            }
        ],
        "thread_ts": "1582593892.003900",
        "parent_user_id": "USNPL366P",
        "reactions": [
            {
                "name": "naruhodo",
                "users": [
                    "USNPL366P"
                ],
                "count": 1
            },
            {
                "name": "+1",
                "users": [
                    "USNPL366P"
                ],
                "count": 1
            }
        ]
    },
    {
        "client_msg_id": "8952134c-72de-4a1d-9997-b61ef18c1fa1",
        "type": "message",
        "text": "ほんとざっとしか見てないですけど、このあたりで修正箇所を見る感じ、直しました感あるかな。。。\n\n<https:\/\/github.com\/terraform-providers\/terraform-provider-azurerm\/pull\/5705\/files>",
        "user": "UFU0BKD8F",
        "ts": "1582596578.005100",
        "team": "TFU0BKCQP",
        "user_team": "TFU0BKCQP",
        "source_team": "TFU0BKCQP",
        "user_profile": {
            "avatar_hash": "92c41c62c7b0",
            "image_72": "https:\/\/avatars.slack-edge.com\/2019-01-30\/537137791812_92c41c62c7b0f054d3dd_72.jpg",
            "first_name": "らき",
            "real_name": "らき",
            "display_name": "raki",
            "team": "TFU0BKCQP",
            "name": "nishimuray",
            "is_restricted": false,
            "is_ultra_restricted": false
        },
        "blocks": [
            {
                "type": "rich_text",
                "block_id": "s2\/C",
                "elements": [
                    {
                        "type": "rich_text_section",
                        "elements": [
                            {
                                "type": "text",
                                "text": "ほんとざっとしか見てないですけど、このあたりで修正箇所を見る感じ、直しました感あるかな。。。\n\n"
                            },
                            {
                                "type": "link",
                                "url": "https:\/\/github.com\/terraform-providers\/terraform-provider-azurerm\/pull\/5705\/files"
                            }
                        ]
                    }
                ]
            }
        ],
        "thread_ts": "1582593892.003900",
        "parent_user_id": "USNPL366P"
    },
    {
        "client_msg_id": "3294657b-2310-44c8-93b8-0ad67732df6b",
        "type": "message",
        "text": "RDSだとこんなとこ。リソースのスキーマにタイムアウトを個別に巻き込むとこ。\n<https:\/\/github.com\/terraform-providers\/terraform-provider-aws\/commit\/a579271319ac16ef43b1c876d4a21c9119bd0651>",
        "user": "UFU0BKD8F",
        "ts": "1582597009.005300",
        "team": "TFU0BKCQP",
        "user_team": "TFU0BKCQP",
        "source_team": "TFU0BKCQP",
        "user_profile": {
            "avatar_hash": "92c41c62c7b0",
            "image_72": "https:\/\/avatars.slack-edge.com\/2019-01-30\/537137791812_92c41c62c7b0f054d3dd_72.jpg",
            "first_name": "らき",
            "real_name": "らき",
            "display_name": "raki",
            "team": "TFU0BKCQP",
            "name": "nishimuray",
            "is_restricted": false,
            "is_ultra_restricted": false
        },
        "blocks": [
            {
                "type": "rich_text",
                "block_id": "BZC",
                "elements": [
                    {
                        "type": "rich_text_section",
                        "elements": [
                            {
                                "type": "text",
                                "text": "RDSだとこんなとこ。リソースのスキーマにタイムアウトを個別に巻き込むとこ。\n"
                            },
                            {
                                "type": "link",
                                "url": "https:\/\/github.com\/terraform-providers\/terraform-provider-aws\/commit\/a579271319ac16ef43b1c876d4a21c9119bd0651"
                            }
                        ]
                    }
                ]
            }
        ],
        "thread_ts": "1582593892.003900",
        "parent_user_id": "USNPL366P",
        "reactions": [
            {
                "name": "sunglasses",
                "users": [
                    "USNPL366P"
                ],
                "count": 1
            }
        ]
    }
]