[
    {
        "type": "message",
        "subtype": "bot_message",
        "text": "<https:\/\/www.reddit.com\/r\/Terraform\/comments\/d106rz\/terraform_plan_on_github_actions_missing\/|Terraform plan on Github actions: missing configuration files?>\nsubmitted by   <https:\/\/www.reddit.com\/user\/nindustries| \/u\/nindustries > \n<https:\/\/github.com\/ironPeakServices\/infrastructure\/pull\/5\/checks|[link]>   <https:\/\/www.reddit.com\/r\/Terraform\/comments\/d106rz\/terraform_plan_on_github_actions_missing\/|[comments]>",
        "ts": "1567883812.008400",
        "username": "Terraform ALL the Worlds!",
        "icons": {
            "image_48": "https:\/\/s3-us-west-2.amazonaws.com\/slack-files2\/bot_icons\/2019-02-12\/548785199618_48.png"
        },
        "bot_id": "BG3N7LG73",
        "attachments": [
            {
                "service_name": "reddit",
                "title": "Terraform plan on Github actions: missing configuration files?",
                "title_link": "https:\/\/www.reddit.com\/r\/Terraform\/comments\/d106rz\/terraform_plan_on_github_actions_missing\/",
                "text": "Posted in r\/Terraform by u\/nindustries • 1 point and 0 comments",
                "fallback": "reddit: Terraform plan on Github actions: missing configuration files?",
                "thumb_url": "https:\/\/b.thumbs.redditmedia.com\/AfPEyuxvxVnk4rhtl-jZuf-tFnjqTg6JltzcDcsgBTI.jpg",
                "from_url": "https:\/\/www.reddit.com\/r\/Terraform\/comments\/d106rz\/terraform_plan_on_github_actions_missing\/",
                "thumb_width": 140,
                "thumb_height": 140,
                "service_icon": "http:\/\/www.redditstatic.com\/desktop2x\/img\/favicon\/apple-icon-57x57.png",
                "id": 1,
                "original_url": "https:\/\/www.reddit.com\/r\/Terraform\/comments\/d106rz\/terraform_plan_on_github_actions_missing\/"
            },
            {
                "title": "overview for nindustries",
                "title_link": "https:\/\/www.reddit.com\/user\/nindustries",
                "text": "The u_nindustries community on Reddit. Reddit gives you the best of the internet in one place.",
                "fallback": "overview for nindustries",
                "from_url": "https:\/\/www.reddit.com\/user\/nindustries",
                "service_icon": "http:\/\/www.redditstatic.com\/desktop2x\/img\/favicon\/apple-icon-57x57.png",
                "service_name": "reddit.com",
                "id": 2,
                "original_url": "https:\/\/www.reddit.com\/user\/nindustries"
            },
            {
                "service_name": "GitHub",
                "title": "Feat\/dockersecurity by hazcod · Pull Request #5 · ironPeakServices\/infrastructure",
                "title_link": "https:\/\/github.com\/ironPeakServices\/infrastructure\/pull\/5\/checks",
                "fallback": "GitHub: Feat\/dockersecurity by hazcod · Pull Request #5 · ironPeakServices\/infrastructure",
                "from_url": "https:\/\/github.com\/ironPeakServices\/infrastructure\/pull\/5\/checks",
                "thumb_url": "https:\/\/avatars3.githubusercontent.com\/u\/5222512?s=400&v=4",
                "thumb_width": 250,
                "thumb_height": 250,
                "service_icon": "https:\/\/a.slack-edge.com\/bfaba\/img\/unfurl_icons\/github.png",
                "id": 3,
                "original_url": "https:\/\/github.com\/ironPeakServices\/infrastructure\/pull\/5\/checks"
            }
        ]
    }
]