[
    {
        "type": "message",
        "subtype": "bot_message",
        "text": "<https:\/\/qiita.com\/shigure_onishi\/items\/3d12062df93bf690764e|Terraformでmap内の未定義keyを判定する>\nTerraformでmap内にある未定義のkeyをifで判定する方法。\nTerraform v0.12系でしか動作しない。\n\n\n<https:\/\/qiita.com\/#%E3%82%B5%E3%83%B3%E3%83%97%E3%83%AB>サンプル\n\nvariable item {\n  default = {\n    id           = 1\n    empty_column = \"not_empty\" # この行をコメントアウトしたりすると検証できる\n  }\n}\n\nlocals {\n  empty = \"empty\"\n  item = merge({\n    \"empty_column\" : local.empty\n  }, var.item)\n}\n\noutput item {\n  value = local.item\n}\n\n\nコメントアウトなし\nOutputs:\n\nitem = {\n  \"empty_column\" = \"not_empty\"\n  \"id\" = 1\n}\n\n\nコメントアウトあり\nOutputs:\n\nitem = {...",
        "ts": "1567417002.002100",
        "username": "Terraformタグが付けられた新着記事 - Qiita",
        "icons": {
            "image_36": "https:\/\/a.slack-edge.com\/66f9\/img\/services\/rss_36.png",
            "image_48": "https:\/\/a.slack-edge.com\/66f9\/img\/services\/rss_48.png",
            "image_72": "https:\/\/a.slack-edge.com\/205a\/img\/services\/rss_72.png"
        },
        "bot_id": "BG3N7LG73",
        "attachments": [
            {
                "service_name": "Qiita",
                "title": "Terraformでmap内の未定義keyを判定する - Qiita",
                "title_link": "https:\/\/qiita.com\/shigure_onishi\/items\/3d12062df93bf690764e",
                "text": "Terraformでmap内にある未定義のkeyをifで判定する方法。 Terraform v0.12系でしか動作しない。 ## サンプル ``` variable item { default = { id ...",
                "fallback": "Qiita: Terraformでmap内の未定義keyを判定する - Qiita",
                "thumb_url": "https:\/\/cdn.qiita.com\/assets\/qiita-fb-2887e7b4aad86fd8c25cea84846f2236.png",
                "from_url": "https:\/\/qiita.com\/shigure_onishi\/items\/3d12062df93bf690764e",
                "thumb_width": 200,
                "thumb_height": 200,
                "service_icon": "https:\/\/cdn.qiita.com\/assets\/favicons\/public\/apple-touch-icon-f9a6afad761ec2306e10db2736187c8b.png",
                "id": 1,
                "original_url": "https:\/\/qiita.com\/shigure_onishi\/items\/3d12062df93bf690764e"
            },
            {
                "service_name": "Qiita",
                "title": "プログラマの技術情報共有サービス - Qiita",
                "title_link": "https:\/\/qiita.com\/#%E3%82%B5%E3%83%B3%E3%83%97%E3%83%AB",
                "text": "Qiitaは、プログラマのための技術情報共有サービスです。 プログラミングに関するTips、ノウハウ、メモを簡単に記録 &amp; 公開することができます。",
                "fallback": "Qiita: プログラマの技術情報共有サービス - Qiita",
                "thumb_url": "https:\/\/cdn.qiita.com\/assets\/qiita-fb-2887e7b4aad86fd8c25cea84846f2236.png",
                "from_url": "https:\/\/qiita.com\/#%E3%82%B5%E3%83%B3%E3%83%97%E3%83%AB",
                "thumb_width": 200,
                "thumb_height": 200,
                "service_icon": "https:\/\/cdn.qiita.com\/assets\/favicons\/public\/apple-touch-icon-f9a6afad761ec2306e10db2736187c8b.png",
                "id": 2,
                "original_url": "https:\/\/qiita.com\/#%E3%82%B5%E3%83%B3%E3%83%97%E3%83%AB"
            }
        ]
    },
    {
        "type": "message",
        "subtype": "bot_message",
        "text": "<https:\/\/www.reddit.com\/r\/Terraform\/comments\/cyuq64\/need_help_in_determine_why_terraform_wants_to\/|Need help in determine why Terraform wants to delete an recreate a VM .>\nI have deployed a VM within vSphere using terraform as we are moving to a infrastructure as code approaches. The team was informed any VM level changes need to be run thought me so it could be committed to git so we have a history. Parodically I run a plan on our environment to verify everything still as defined, however terraform is wanting to destroy and recreate this VM for some reason. I checked with the team and no one is admitting to any changes, however I not sure why terraform thinks...",
        "ts": "1567457212.002300",
        "username": "Terraform ALL the Worlds!",
        "icons": {
            "image_48": "https:\/\/s3-us-west-2.amazonaws.com\/slack-files2\/bot_icons\/2019-02-12\/548785199618_48.png"
        },
        "bot_id": "BG3N7LG73",
        "attachments": [
            {
                "service_name": "reddit",
                "title": "r\/Terraform - Need help in determine why Terraform wants to delete an recreate a VM .",
                "title_link": "https:\/\/www.reddit.com\/r\/Terraform\/comments\/cyuq64\/need_help_in_determine_why_terraform_wants_to\/",
                "text": "0 votes and 0 comments so far on Reddit",
                "fallback": "reddit: r\/Terraform - Need help in determine why Terraform wants to delete an recreate a VM .",
                "from_url": "https:\/\/www.reddit.com\/r\/Terraform\/comments\/cyuq64\/need_help_in_determine_why_terraform_wants_to\/",
                "service_icon": "https:\/\/www.redditstatic.com\/desktop2x\/img\/favicon\/apple-icon-57x57.png",
                "id": 1,
                "original_url": "https:\/\/www.reddit.com\/r\/Terraform\/comments\/cyuq64\/need_help_in_determine_why_terraform_wants_to\/"
            }
        ]
    },
    {
        "type": "message",
        "subtype": "bot_message",
        "text": "<https:\/\/qiita.com\/takafumi_takizawa\/items\/0ca99cf8c26800ccce06|Ubuntu 16.04にTerraformをインストールする>\n<https:\/\/qiita.com\/#terraform%E3%81%A8%E3%81%AF>Terraformとは\n\nTerraformはインフラの構築・変更、バージョン管理を安全かつ効率的に行うためのインフラストラクチャ定義ツールです。\n\nHashiCorp社のOSSでTerraformを使うことで以下のことが実現できるとあります。\n\nインフラのコード化\nコードベースで管理することにより、インフラのバージョン管理が可能\nコード化することでシェアしたり、再利用しやすくなる\n<https:\/\/www.terraform.io\/|公式ドキュメント>にはユースケース等も含めていろいろ詳しく書かれています。\n\n今回は公式サイトの手順に従って以下の環境にTerraformをインストールしたので、手順を紹介します。\n\n\n<https:\/\/qiita.com\/#%E7%92%B0%E5%A2%83>環境\n\nUbuntu 16.04.6...",
        "ts": "1567492907.002500",
        "username": "Terraformタグが付けられた新着記事 - Qiita",
        "icons": {
            "image_36": "https:\/\/a.slack-edge.com\/66f9\/img\/services\/rss_36.png",
            "image_48": "https:\/\/a.slack-edge.com\/66f9\/img\/services\/rss_48.png",
            "image_72": "https:\/\/a.slack-edge.com\/205a\/img\/services\/rss_72.png"
        },
        "bot_id": "BG3N7LG73",
        "attachments": [
            {
                "service_name": "Qiita",
                "title": "Ubuntu 16.04にTerraformをインストールする - Qiita",
                "title_link": "https:\/\/qiita.com\/takafumi_takizawa\/items\/0ca99cf8c26800ccce06",
                "text": "# Terraformとは Terraformはインフラの構築・変更、バージョン管理を安全かつ効率的に行うためのインフラストラクチャ定義ツールです。 HashiCorp社のOSSでTerraformを使うことで以下のことが実現でき...",
                "fallback": "Qiita: Ubuntu 16.04にTerraformをインストールする - Qiita",
                "thumb_url": "https:\/\/cdn.qiita.com\/assets\/qiita-fb-2887e7b4aad86fd8c25cea84846f2236.png",
                "from_url": "https:\/\/qiita.com\/takafumi_takizawa\/items\/0ca99cf8c26800ccce06",
                "thumb_width": 200,
                "thumb_height": 200,
                "service_icon": "https:\/\/cdn.qiita.com\/assets\/favicons\/public\/apple-touch-icon-f9a6afad761ec2306e10db2736187c8b.png",
                "id": 1,
                "original_url": "https:\/\/qiita.com\/takafumi_takizawa\/items\/0ca99cf8c26800ccce06"
            },
            {
                "service_name": "Qiita",
                "title": "プログラマの技術情報共有サービス - Qiita",
                "title_link": "https:\/\/qiita.com\/#terraform%E3%81%A8%E3%81%AF",
                "text": "Qiitaは、プログラマのための技術情報共有サービスです。 プログラミングに関するTips、ノウハウ、メモを簡単に記録 &amp; 公開することができます。",
                "fallback": "Qiita: プログラマの技術情報共有サービス - Qiita",
                "thumb_url": "https:\/\/cdn.qiita.com\/assets\/qiita-fb-2887e7b4aad86fd8c25cea84846f2236.png",
                "from_url": "https:\/\/qiita.com\/#terraform%E3%81%A8%E3%81%AF",
                "thumb_width": 200,
                "thumb_height": 200,
                "service_icon": "https:\/\/cdn.qiita.com\/assets\/favicons\/public\/apple-touch-icon-f9a6afad761ec2306e10db2736187c8b.png",
                "id": 2,
                "original_url": "https:\/\/qiita.com\/#terraform%E3%81%A8%E3%81%AF"
            },
            {
                "title": "Terraform by HashiCorp",
                "title_link": "https:\/\/www.terraform.io\/",
                "text": "Terraform enables you to safely and predictably create, change, and improve infrastructure. It is an open source tool that codifies APIs into declarative configuration files that can be shared amongst team members, treated as code, edited, reviewed, and versioned.",
                "fallback": "Terraform by HashiCorp",
                "image_url": "https:\/\/www.terraform.io\/assets\/images\/og-image-large-e60c82fe.png",
                "from_url": "https:\/\/www.terraform.io\/",
                "image_width": 476,
                "image_height": 250,
                "image_bytes": 11094,
                "service_icon": "https:\/\/www.terraform.io\/assets\/images\/favicons\/apple-touch-icon-13180a24.png",
                "service_name": "terraform.io",
                "id": 3,
                "original_url": "https:\/\/www.terraform.io\/"
            },
            {
                "service_name": "Qiita",
                "title": "プログラマの技術情報共有サービス - Qiita",
                "title_link": "https:\/\/qiita.com\/#%E7%92%B0%E5%A2%83",
                "text": "Qiitaは、プログラマのための技術情報共有サービスです。 プログラミングに関するTips、ノウハウ、メモを簡単に記録 &amp; 公開することができます。",
                "fallback": "Qiita: プログラマの技術情報共有サービス - Qiita",
                "thumb_url": "https:\/\/cdn.qiita.com\/assets\/qiita-fb-2887e7b4aad86fd8c25cea84846f2236.png",
                "from_url": "https:\/\/qiita.com\/#%E7%92%B0%E5%A2%83",
                "thumb_width": 200,
                "thumb_height": 200,
                "service_icon": "https:\/\/cdn.qiita.com\/assets\/favicons\/public\/apple-touch-icon-f9a6afad761ec2306e10db2736187c8b.png",
                "id": 4,
                "original_url": "https:\/\/qiita.com\/#%E7%92%B0%E5%A2%83"
            }
        ]
    }
]