[
    {
        "type": "message",
        "subtype": "bot_message",
        "text": "<https:\/\/qiita.com\/shikazuki\/items\/1aca321651949e9ac725|TerraformでModuleを使おう>\n<https:\/\/qiita.com\/#module%E3%81%A8%E3%81%AF>Moduleとは\n\n特定のリソースをModuleにすることで、設定の使い回しや共通化を図る事ができます\n\n\n<https:\/\/qiita.com\/#%E3%81%A9%E3%82%93%E3%81%AA%E3%81%A8%E3%81%8D%E3%81%AB%E4%BD%BF%E3%81%86%E3%81%8B>どんなときに使うか\n\n同一の設定のEC2インスタンスを複数起動する場合、Moduleを使うと簡単です。\nworkspaceの機能を使わずに、環境ごとにディレクトリを分けている構成をした場合は、Moduleを使用することで複数環境で同一の設定をすることができます。\n\n\n<https:\/\/qiita.com\/#%E3%81%93%E3%81%93%E3%81%A7%E3%82%84%E3%82%8B%E3%81%93%E3%81%A8>ここでやること...",
        "ts": "1569571905.012900",
        "username": "Terraformタグが付けられた新着記事 - Qiita",
        "icons": {
            "image_36": "https:\/\/a.slack-edge.com\/80588\/img\/services\/rss_36.png",
            "image_48": "https:\/\/a.slack-edge.com\/80588\/img\/services\/rss_48.png",
            "image_72": "https:\/\/a.slack-edge.com\/80588\/img\/services\/rss_72.png"
        },
        "bot_id": "BG3N7LG73",
        "attachments": [
            {
                "service_name": "Qiita",
                "title": "TerraformでModuleを使おう - Qiita",
                "title_link": "https:\/\/qiita.com\/shikazuki\/items\/1aca321651949e9ac725",
                "text": "# Moduleとは 特定のリソースをModuleにすることで、設定の使い回しや共通化を図る事ができます # どんなときに使うか 同一の設定のEC2インスタンスを複数起動する場合、Moduleを使うと簡単です。 workspac...",
                "fallback": "Qiita: TerraformでModuleを使おう - Qiita",
                "thumb_url": "https:\/\/cdn.qiita.com\/assets\/qiita-fb-2887e7b4aad86fd8c25cea84846f2236.png",
                "from_url": "https:\/\/qiita.com\/shikazuki\/items\/1aca321651949e9ac725",
                "thumb_width": 200,
                "thumb_height": 200,
                "service_icon": "https:\/\/cdn.qiita.com\/assets\/favicons\/public\/apple-touch-icon-f9a6afad761ec2306e10db2736187c8b.png",
                "id": 1,
                "original_url": "https:\/\/qiita.com\/shikazuki\/items\/1aca321651949e9ac725"
            },
            {
                "service_name": "Qiita",
                "title": "プログラマの技術情報共有サービス - Qiita",
                "title_link": "https:\/\/qiita.com\/#module%E3%81%A8%E3%81%AF",
                "text": "Qiitaは、プログラマのための技術情報共有サービスです。 プログラミングに関するTips、ノウハウ、メモを簡単に記録 &amp; 公開することができます。",
                "fallback": "Qiita: プログラマの技術情報共有サービス - Qiita",
                "thumb_url": "https:\/\/cdn.qiita.com\/assets\/qiita-fb-2887e7b4aad86fd8c25cea84846f2236.png",
                "from_url": "https:\/\/qiita.com\/#module%E3%81%A8%E3%81%AF",
                "thumb_width": 200,
                "thumb_height": 200,
                "service_icon": "https:\/\/cdn.qiita.com\/assets\/favicons\/public\/apple-touch-icon-f9a6afad761ec2306e10db2736187c8b.png",
                "id": 2,
                "original_url": "https:\/\/qiita.com\/#module%E3%81%A8%E3%81%AF"
            },
            {
                "service_name": "Qiita",
                "title": "プログラマの技術情報共有サービス - Qiita",
                "title_link": "https:\/\/qiita.com\/#%E3%81%A9%E3%82%93%E3%81%AA%E3%81%A8%E3%81%8D%E3%81%AB%E4%BD%BF%E3%81%86%E3%81%8B",
                "text": "Qiitaは、プログラマのための技術情報共有サービスです。 プログラミングに関するTips、ノウハウ、メモを簡単に記録 &amp; 公開することができます。",
                "fallback": "Qiita: プログラマの技術情報共有サービス - Qiita",
                "thumb_url": "https:\/\/cdn.qiita.com\/assets\/qiita-fb-2887e7b4aad86fd8c25cea84846f2236.png",
                "from_url": "https:\/\/qiita.com\/#%E3%81%A9%E3%82%93%E3%81%AA%E3%81%A8%E3%81%8D%E3%81%AB%E4%BD%BF%E3%81%86%E3%81%8B",
                "thumb_width": 200,
                "thumb_height": 200,
                "service_icon": "https:\/\/cdn.qiita.com\/assets\/favicons\/public\/apple-touch-icon-f9a6afad761ec2306e10db2736187c8b.png",
                "id": 3,
                "original_url": "https:\/\/qiita.com\/#%E3%81%A9%E3%82%93%E3%81%AA%E3%81%A8%E3%81%8D%E3%81%AB%E4%BD%BF%E3%81%86%E3%81%8B"
            },
            {
                "service_name": "Qiita",
                "title": "プログラマの技術情報共有サービス - Qiita",
                "title_link": "https:\/\/qiita.com\/#%E3%81%93%E3%81%93%E3%81%A7%E3%82%84%E3%82%8B%E3%81%93%E3%81%A8",
                "text": "Qiitaは、プログラマのための技術情報共有サービスです。 プログラミングに関するTips、ノウハウ、メモを簡単に記録 &amp; 公開することができます。",
                "fallback": "Qiita: プログラマの技術情報共有サービス - Qiita",
                "thumb_url": "https:\/\/cdn.qiita.com\/assets\/qiita-fb-2887e7b4aad86fd8c25cea84846f2236.png",
                "from_url": "https:\/\/qiita.com\/#%E3%81%93%E3%81%93%E3%81%A7%E3%82%84%E3%82%8B%E3%81%93%E3%81%A8",
                "thumb_width": 200,
                "thumb_height": 200,
                "service_icon": "https:\/\/cdn.qiita.com\/assets\/favicons\/public\/apple-touch-icon-f9a6afad761ec2306e10db2736187c8b.png",
                "id": 4,
                "original_url": "https:\/\/qiita.com\/#%E3%81%93%E3%81%93%E3%81%A7%E3%82%84%E3%82%8B%E3%81%93%E3%81%A8"
            }
        ]
    },
    {
        "type": "message",
        "subtype": "bot_message",
        "text": "<https:\/\/www.reddit.com\/r\/Terraform\/comments\/d9x9se\/found_a_simple_way_to_conditionally_enable\/|Found a simple way to conditionally enable \/ disable modules>\nHi all, I found that me <https:\/\/github.com\/hashicorp\/terraform\/issues\/12906|and others> were looking for a way to disable modules conditionally. A dirty hack is to put count on all the resources. I find that both dirty and tedious, as one needs to do resource.name.0.value everywhere. I wrote <https:\/\/medium.com\/@pascal.brokmeier\/how-to-conditionally-disable-modules-in-terraform-f38fdbe34f1b|a post on medium> about how to do this in a less intrusive way. This doesn't...",
        "ts": "1569572203.013100",
        "username": "Terraform ALL the Worlds!",
        "icons": {
            "image_48": "https:\/\/s3-us-west-2.amazonaws.com\/slack-files2\/bot_icons\/2019-02-12\/548785199618_48.png"
        },
        "bot_id": "BG3N7LG73",
        "attachments": [
            {
                "service_name": "reddit",
                "title": "Found a simple way to conditionally enable \/ disable modules",
                "title_link": "https:\/\/www.reddit.com\/r\/Terraform\/comments\/d9x9se\/found_a_simple_way_to_conditionally_enable\/",
                "text": "Hi all, I found that me [and others](<https:\/\/github.com\/hashicorp\/terraform\/issues\/12906>) were looking for a way to disable modules conditionally....",
                "fallback": "reddit: Found a simple way to conditionally enable \/ disable modules",
                "thumb_url": "https:\/\/www.redditstatic.com\/new-icon.png",
                "from_url": "https:\/\/www.reddit.com\/r\/Terraform\/comments\/d9x9se\/found_a_simple_way_to_conditionally_enable\/",
                "thumb_width": 256,
                "thumb_height": 256,
                "service_icon": "http:\/\/www.redditstatic.com\/desktop2x\/img\/favicon\/apple-icon-57x57.png",
                "id": 1,
                "original_url": "https:\/\/www.reddit.com\/r\/Terraform\/comments\/d9x9se\/found_a_simple_way_to_conditionally_enable\/"
            },
            {
                "service_name": "GitHub",
                "title": "Be able to disable\/enable modules with conditional · Issue #12906 · hashicorp\/terraform",
                "title_link": "https:\/\/github.com\/hashicorp\/terraform\/issues\/12906",
                "text": "Hi there, If you are using TF 0.9.0 or TF Enterprise, you are probably trying to have all your environments (dev\/stage\/production) using the same code base but with different variables. Main issue ...",
                "fallback": "GitHub: Be able to disable\/enable modules with conditional · Issue #12906 · hashicorp\/terraform",
                "thumb_url": "https:\/\/avatars0.githubusercontent.com\/u\/761456?s=400&v=4",
                "from_url": "https:\/\/github.com\/hashicorp\/terraform\/issues\/12906",
                "thumb_width": 399,
                "thumb_height": 399,
                "service_icon": "https:\/\/a.slack-edge.com\/80588\/img\/unfurl_icons\/github.png",
                "id": 2,
                "original_url": "https:\/\/github.com\/hashicorp\/terraform\/issues\/12906"
            },
            {
                "service_name": "Medium",
                "title": "How to conditionally disable modules in Terraform",
                "title_link": "https:\/\/medium.com\/@pascal.brokmeier\/how-to-conditionally-disable-modules-in-terraform-f38fdbe34f1b",
                "text": "Terraform doesn’t support the count parameter on modules. A proposal was made for a enabled parameter, but this is also not yet present…",
                "fallback": "Medium: How to conditionally disable modules in Terraform",
                "image_url": "https:\/\/miro.medium.com\/max\/1200\/1*qLtZOOzexofoGUMGIhErhA.jpeg",
                "fields": [
                    {
                        "title": "Reading time",
                        "value": "2 min read",
                        "short": true
                    }
                ],
                "ts": 1569571481,
                "from_url": "https:\/\/medium.com\/@pascal.brokmeier\/how-to-conditionally-disable-modules-in-terraform-f38fdbe34f1b",
                "image_width": 375,
                "image_height": 250,
                "image_bytes": 247693,
                "service_icon": "https:\/\/cdn-images-1.medium.com\/fit\/c\/152\/152\/1*8I-HPL0bfoIzGied-dzOvA.png",
                "id": 3,
                "original_url": "https:\/\/medium.com\/@pascal.brokmeier\/how-to-conditionally-disable-modules-in-terraform-f38fdbe34f1b"
            }
        ]
    },
    {
        "type": "message",
        "subtype": "bot_message",
        "text": "<https:\/\/www.reddit.com\/r\/Terraform\/comments\/d9z8lb\/terraform_how_to_pass_additional_remoteexec_to\/|Terraform: how to pass additional remote-exec to underlying provider?>\nsubmitted by   <https:\/\/www.reddit.com\/user\/nindustries| \/u\/nindustries > \n<https:\/\/serverfault.com\/questions\/985881\/terraform-how-to-pass-additional-remote-exec-to-underlying-provider|[link]>   <https:\/\/www.reddit.com\/r\/Terraform\/comments\/d9z8lb\/terraform_how_to_pass_additional_remoteexec_to\/|[comments]>",
        "ts": "1569585705.013300",
        "username": "Terraform ALL the Worlds!",
        "icons": {
            "image_48": "https:\/\/s3-us-west-2.amazonaws.com\/slack-files2\/bot_icons\/2019-02-12\/548785199618_48.png"
        },
        "bot_id": "BG3N7LG73",
        "attachments": [
            {
                "service_name": "reddit",
                "title": "Terraform: how to pass additional remote-exec to underlying provider?",
                "title_link": "https:\/\/www.reddit.com\/r\/Terraform\/comments\/d9z8lb\/terraform_how_to_pass_additional_remoteexec_to\/",
                "text": "Posted in r\/Terraform by u\/nindustries • 1 point and 0 comments",
                "fallback": "reddit: Terraform: how to pass additional remote-exec to underlying provider?",
                "thumb_url": "https:\/\/b.thumbs.redditmedia.com\/0T-w3aFzkpkXJ3YLaJeE8yFR5auFaeMkkDNXy_aqERQ.jpg",
                "from_url": "https:\/\/www.reddit.com\/r\/Terraform\/comments\/d9z8lb\/terraform_how_to_pass_additional_remoteexec_to\/",
                "thumb_width": 140,
                "thumb_height": 140,
                "service_icon": "http:\/\/www.redditstatic.com\/desktop2x\/img\/favicon\/apple-icon-57x57.png",
                "id": 1,
                "original_url": "https:\/\/www.reddit.com\/r\/Terraform\/comments\/d9z8lb\/terraform_how_to_pass_additional_remoteexec_to\/"
            },
            {
                "title": "overview for nindustries",
                "title_link": "https:\/\/www.reddit.com\/user\/nindustries",
                "text": "The u_nindustries community on Reddit. Reddit gives you the best of the internet in one place.",
                "fallback": "overview for nindustries",
                "from_url": "https:\/\/www.reddit.com\/user\/nindustries",
                "service_icon": "http:\/\/www.redditstatic.com\/desktop2x\/img\/favicon\/apple-icon-57x57.png",
                "service_name": "reddit.com",
                "id": 2,
                "original_url": "https:\/\/www.reddit.com\/user\/nindustries"
            },
            {
                "service_name": "Server Fault",
                "title": "Terraform: how to pass additional remote-exec to underlying provider",
                "title_link": "https:\/\/serverfault.com\/questions\/985881\/terraform-how-to-pass-additional-remote-exec-to-underlying-provider",
                "text": "I am in the process of building an open source terraform repository for all my company assets. It is split in the following modules: node: the scaleway provider VMs that are provisioned with custo...",
                "fallback": "Server Fault: Terraform: how to pass additional remote-exec to underlying provider",
                "thumb_url": "https:\/\/cdn.sstatic.net\/Sites\/serverfault\/img\/apple-touch-icon@2.png?v=9b1f48ae296b",
                "from_url": "https:\/\/serverfault.com\/questions\/985881\/terraform-how-to-pass-additional-remote-exec-to-underlying-provider",
                "thumb_width": 316,
                "thumb_height": 316,
                "service_icon": "https:\/\/cdn.sstatic.net\/Sites\/serverfault\/img\/favicon.ico?v=b7dd95e61b8b",
                "id": 3,
                "original_url": "https:\/\/serverfault.com\/questions\/985881\/terraform-how-to-pass-additional-remote-exec-to-underlying-provider"
            }
        ]
    },
    {
        "type": "message",
        "subtype": "bot_message",
        "text": "<https:\/\/www.reddit.com\/r\/Terraform\/comments\/da02pb\/terraform_cloud_workspace_name\/|terraform cloud workspace name>\nI started using Terraform's Cloud, specifically Workspaces to store our remote state. Alternatively you could use S3. I define a separate state across different modules (i.e., compute, vpc, database, security, etc) for best practice. The problem is you cannot variablize the name within the workspace as shown below. So as I deploy this code for multiple clients (we're a small MSP), I have to ensure that the workspace name (specifically the client name) is manually updated in each and every tf...",
        "ts": "1569589902.013500",
        "username": "Terraform ALL the Worlds!",
        "icons": {
            "image_48": "https:\/\/s3-us-west-2.amazonaws.com\/slack-files2\/bot_icons\/2019-02-12\/548785199618_48.png"
        },
        "bot_id": "BG3N7LG73",
        "attachments": [
            {
                "service_name": "reddit",
                "title": "terraform cloud workspace name",
                "title_link": "https:\/\/www.reddit.com\/r\/Terraform\/comments\/da02pb\/terraform_cloud_workspace_name\/",
                "text": "I started using Terraform's Cloud, specifically Workspaces to store our remote state. Alternatively you could use S3. I define a separate state...",
                "fallback": "reddit: terraform cloud workspace name",
                "thumb_url": "https:\/\/www.redditstatic.com\/new-icon.png",
                "from_url": "https:\/\/www.reddit.com\/r\/Terraform\/comments\/da02pb\/terraform_cloud_workspace_name\/",
                "thumb_width": 256,
                "thumb_height": 256,
                "service_icon": "http:\/\/www.redditstatic.com\/desktop2x\/img\/favicon\/apple-icon-57x57.png",
                "id": 1,
                "original_url": "https:\/\/www.reddit.com\/r\/Terraform\/comments\/da02pb\/terraform_cloud_workspace_name\/"
            }
        ]
    },
    {
        "type": "message",
        "subtype": "bot_message",
        "text": "<https:\/\/www.google.com\/url?rct=j&amp;sa=t&amp;url=https:\/\/www.omochaya3.com\/%25E3%2582%25B0%25E3%2583%25AD%25E3%2583%25BC%25E3%2583%2590%25E3%2583%25AB%25E4%25BB%25A3%25E6%259B%25BF%25E7%2587%2583%25E6%2596%2599%25E3%2582%25A2%25E3%2583%2589%25E3%2583%2590%25E3%2582%25A4%25E3%2582%25B6%25E3%2583%25BC%25E5%25B8%2582%25E5%25A0%25B42019-2025-terraform-power%25E3%2580%2581sunpower\/&amp;ct=ga&amp;cd=CAIyHDMwMTY1OGE1ZDI5NDAyNzE6Y28uanA6amE6SlA&amp;usg=AFQjCNHraq1DASzNenEEPcWjr5pqbvZ19Q|グローバル代替燃料アドバイザー市場2019-2025 &lt;b&gt;TerraForm&lt;\/b&gt; Power、SunPower、SunEdison>\n代替燃料アドバイザー市場レポートは、いくつかの産業サービス、地域の見通し、主要企業、地理的国、および製品タイプの観点からの代替燃料アドバイザー市場 ...",
        "ts": "1569597818.013700",
        "username": "Google アラート - terraform",
        "icons": {
            "image_36": "https:\/\/a.slack-edge.com\/80588\/img\/services\/rss_36.png",
            "image_48": "https:\/\/a.slack-edge.com\/80588\/img\/services\/rss_48.png",
            "image_72": "https:\/\/a.slack-edge.com\/80588\/img\/services\/rss_72.png"
        },
        "bot_id": "BG3N7LG73"
    },
    {
        "type": "message",
        "subtype": "bot_message",
        "text": "<https:\/\/www.reddit.com\/r\/Terraform\/comments\/da2efp\/how_to_define_the_aws_principal_as_variable\/|How to define the AWS Principal as Variable ?>\nHi, I have a Policy for an S3 bucket and i want to make the Principal to be configured as a Variable. This is my Policy : \"Statement\": [{ \"Effect\": \"Allow\", \"Principal\": { \"AWS\": [ \"arn:aws:iam::xxxxxxxxxxrole\/Admin\", \"arn:aws:iam::xxxxxxxxxxuser\/user.name\" ]} ,\"Action\": \"s3:*\", ... ​ So i tried first to define a variable like that : variable \"s3_principal\" { default = [ \"arn:aws:iam::xxxxxxxxxx:role\/Admin\", \"arn:aws:iam::xxxxxxxxxx:user\/user.name\" ] } ​ Then i modified my policy :...",
        "ts": "1569601000.013800",
        "username": "Terraform ALL the Worlds!",
        "icons": {
            "image_48": "https:\/\/s3-us-west-2.amazonaws.com\/slack-files2\/bot_icons\/2019-02-12\/548785199618_48.png"
        },
        "bot_id": "BG3N7LG73",
        "attachments": [
            {
                "service_name": "reddit",
                "title": "How to define the AWS Principal as Variable ?",
                "title_link": "https:\/\/www.reddit.com\/r\/Terraform\/comments\/da2efp\/how_to_define_the_aws_principal_as_variable\/",
                "text": "Hi, I have a Policy for an S3 bucket and i want to make the Principal to be configured as a Variable. This is my Policy : `\"Statement\":...",
                "fallback": "reddit: How to define the AWS Principal as Variable ?",
                "thumb_url": "https:\/\/www.redditstatic.com\/new-icon.png",
                "from_url": "https:\/\/www.reddit.com\/r\/Terraform\/comments\/da2efp\/how_to_define_the_aws_principal_as_variable\/",
                "thumb_width": 256,
                "thumb_height": 256,
                "service_icon": "http:\/\/www.redditstatic.com\/desktop2x\/img\/favicon\/apple-icon-57x57.png",
                "id": 1,
                "original_url": "https:\/\/www.reddit.com\/r\/Terraform\/comments\/da2efp\/how_to_define_the_aws_principal_as_variable\/"
            }
        ]
    }
]