[
    {
        "type": "message",
        "subtype": "bot_message",
        "text": "<https:\/\/www.reddit.com\/r\/Terraform\/comments\/d7tgfr\/conditionally_deploying_resources_using_workspaces\/|Conditionally deploying resources using workspaces.>\nI'm new to terraform and I'm currently using workspaces which involve dev, qa, staging and prod. The workspaces seem great as I can use a single terraform file and change variables by switching workspaces.  Is it possible to prevent certain resources from deploying depending on which environment you're in? For example, let's say I have a resource which represents an integration into a 3rd party. It's unlikely that I would need this resource in dev and qa but I would want it deployed in prod....",
        "ts": "1569173199.007500",
        "username": "Terraform ALL the Worlds!",
        "icons": {
            "image_48": "https:\/\/s3-us-west-2.amazonaws.com\/slack-files2\/bot_icons\/2019-02-12\/548785199618_48.png"
        },
        "bot_id": "BG3N7LG73",
        "attachments": [
            {
                "service_name": "reddit",
                "title": "Conditionally deploying resources using workspaces.",
                "title_link": "https:\/\/www.reddit.com\/r\/Terraform\/comments\/d7tgfr\/conditionally_deploying_resources_using_workspaces\/",
                "text": "I'm new to terraform and I'm currently using workspaces which involve dev, qa, staging and prod. The workspaces seem great as I can use a single...",
                "fallback": "reddit: Conditionally deploying resources using workspaces.",
                "thumb_url": "https:\/\/www.redditstatic.com\/new-icon.png",
                "from_url": "https:\/\/www.reddit.com\/r\/Terraform\/comments\/d7tgfr\/conditionally_deploying_resources_using_workspaces\/",
                "thumb_width": 256,
                "thumb_height": 256,
                "service_icon": "http:\/\/www.redditstatic.com\/desktop2x\/img\/favicon\/apple-icon-57x57.png",
                "id": 1,
                "original_url": "https:\/\/www.reddit.com\/r\/Terraform\/comments\/d7tgfr\/conditionally_deploying_resources_using_workspaces\/"
            }
        ]
    },
    {
        "type": "message",
        "subtype": "bot_message",
        "text": "<https:\/\/www.reddit.com\/r\/Terraform\/comments\/d7ts1o\/state_only_with_terraform_cloud\/|State only with Terraform Cloud>\nI’m currently using S3 without RDS for state and wanted to move to TF Cloud for better state locking.  But after looking at it, it seems like I have to exec from their cloud by adding access tokens and whatnot. This is not what I want.  Does anyone know if I can use TF Cloud for state file\/locking?    submitted by   <https:\/\/www.reddit.com\/user\/magic7s| \/u\/magic7s > \n<https:\/\/www.reddit.com\/r\/Terraform\/comments\/d7ts1o\/state_only_with_terraform_cloud\/|[link]>   &lt;a...",
        "ts": "1569174999.007700",
        "username": "Terraform ALL the Worlds!",
        "icons": {
            "image_48": "https:\/\/s3-us-west-2.amazonaws.com\/slack-files2\/bot_icons\/2019-02-12\/548785199618_48.png"
        },
        "bot_id": "BG3N7LG73",
        "attachments": [
            {
                "service_name": "reddit",
                "title": "State only with Terraform Cloud",
                "title_link": "https:\/\/www.reddit.com\/r\/Terraform\/comments\/d7ts1o\/state_only_with_terraform_cloud\/",
                "text": "I’m currently using S3 without RDS for state and wanted to move to TF Cloud for better state locking. But after looking at it, it seems like I...",
                "fallback": "reddit: State only with Terraform Cloud",
                "thumb_url": "https:\/\/www.redditstatic.com\/new-icon.png",
                "from_url": "https:\/\/www.reddit.com\/r\/Terraform\/comments\/d7ts1o\/state_only_with_terraform_cloud\/",
                "thumb_width": 256,
                "thumb_height": 256,
                "service_icon": "http:\/\/www.redditstatic.com\/desktop2x\/img\/favicon\/apple-icon-57x57.png",
                "id": 1,
                "original_url": "https:\/\/www.reddit.com\/r\/Terraform\/comments\/d7ts1o\/state_only_with_terraform_cloud\/"
            },
            {
                "title": "overview for magic7s",
                "title_link": "https:\/\/www.reddit.com\/user\/magic7s",
                "text": "The u_magic7s community on Reddit. Reddit gives you the best of the internet in one place.",
                "fallback": "overview for magic7s",
                "from_url": "https:\/\/www.reddit.com\/user\/magic7s",
                "service_icon": "http:\/\/www.redditstatic.com\/desktop2x\/img\/favicon\/apple-icon-57x57.png",
                "service_name": "reddit.com",
                "id": 2,
                "original_url": "https:\/\/www.reddit.com\/user\/magic7s"
            }
        ]
    },
    {
        "type": "message",
        "subtype": "bot_message",
        "text": "<https:\/\/qiita.com\/tomo_will\/items\/bca531fbf4f3e79b5d73|BigQuery周りの権限をterraformでスッキリ管理する>\n<https:\/\/qiita.com\/#%E5%89%8D%E6%8F%90>前提\n\nterraform 0.12以降の書き方を含みません。\n\n<https:\/\/qiita.com\/#%E6%9B%B8%E3%81%8F%E3%81%93%E3%81%A8>書くこと\n\n（利用者向けの）BigQuery周りの権限管理をterraformで管理する方法（一例）\n\n※一例なので、良い方法は常に模索したいです\n\n\n<https:\/\/qiita.com\/#%E6%9B%B8%E3%81%8B%E3%81%AA%E3%81%84%E3%81%93%E3%81%A8>書かないこと\n\nterrformの基本的な使い方\n\n<https:\/\/qiita.com\/#%E8%A8%AD%E5%AE%9A%E6%96%B9%E9%87%9D>設定方針\n\n分析基盤の考え方は、&lt;a...",
        "ts": "1569204701.007900",
        "username": "Terraformタグが付けられた新着記事 - Qiita",
        "icons": {
            "image_36": "https:\/\/a.slack-edge.com\/80588\/img\/services\/rss_36.png",
            "image_48": "https:\/\/a.slack-edge.com\/80588\/img\/services\/rss_48.png",
            "image_72": "https:\/\/a.slack-edge.com\/80588\/img\/services\/rss_72.png"
        },
        "bot_id": "BG3N7LG73",
        "attachments": [
            {
                "service_name": "Qiita",
                "title": "BigQuery周りの権限をterraformでスッキリ管理する - Qiita",
                "title_link": "https:\/\/qiita.com\/tomo_will\/items\/bca531fbf4f3e79b5d73",
                "text": "## 前提 - terraform 0.12以降の書き方を含みません。 #### 書くこと - （利用者向けの）BigQuery周りの権限管理をterraformで管理する方法（一例） - ※一例なので、良い方法は常に模索したいで...",
                "fallback": "Qiita: BigQuery周りの権限をterraformでスッキリ管理する - Qiita",
                "thumb_url": "https:\/\/cdn.qiita.com\/assets\/qiita-fb-2887e7b4aad86fd8c25cea84846f2236.png",
                "from_url": "https:\/\/qiita.com\/tomo_will\/items\/bca531fbf4f3e79b5d73",
                "thumb_width": 200,
                "thumb_height": 200,
                "service_icon": "https:\/\/cdn.qiita.com\/assets\/favicons\/public\/apple-touch-icon-f9a6afad761ec2306e10db2736187c8b.png",
                "id": 1,
                "original_url": "https:\/\/qiita.com\/tomo_will\/items\/bca531fbf4f3e79b5d73"
            },
            {
                "service_name": "Qiita",
                "title": "プログラマの技術情報共有サービス - Qiita",
                "title_link": "https:\/\/qiita.com\/#%E5%89%8D%E6%8F%90",
                "text": "Qiitaは、プログラマのための技術情報共有サービスです。 プログラミングに関するTips、ノウハウ、メモを簡単に記録 &amp; 公開することができます。",
                "fallback": "Qiita: プログラマの技術情報共有サービス - Qiita",
                "thumb_url": "https:\/\/cdn.qiita.com\/assets\/qiita-fb-2887e7b4aad86fd8c25cea84846f2236.png",
                "from_url": "https:\/\/qiita.com\/#%E5%89%8D%E6%8F%90",
                "thumb_width": 200,
                "thumb_height": 200,
                "service_icon": "https:\/\/cdn.qiita.com\/assets\/favicons\/public\/apple-touch-icon-f9a6afad761ec2306e10db2736187c8b.png",
                "id": 2,
                "original_url": "https:\/\/qiita.com\/#%E5%89%8D%E6%8F%90"
            },
            {
                "service_name": "Qiita",
                "title": "プログラマの技術情報共有サービス - Qiita",
                "title_link": "https:\/\/qiita.com\/#%E6%9B%B8%E3%81%8F%E3%81%93%E3%81%A8",
                "text": "Qiitaは、プログラマのための技術情報共有サービスです。 プログラミングに関するTips、ノウハウ、メモを簡単に記録 &amp; 公開することができます。",
                "fallback": "Qiita: プログラマの技術情報共有サービス - Qiita",
                "thumb_url": "https:\/\/cdn.qiita.com\/assets\/qiita-fb-2887e7b4aad86fd8c25cea84846f2236.png",
                "from_url": "https:\/\/qiita.com\/#%E6%9B%B8%E3%81%8F%E3%81%93%E3%81%A8",
                "thumb_width": 200,
                "thumb_height": 200,
                "service_icon": "https:\/\/cdn.qiita.com\/assets\/favicons\/public\/apple-touch-icon-f9a6afad761ec2306e10db2736187c8b.png",
                "id": 3,
                "original_url": "https:\/\/qiita.com\/#%E6%9B%B8%E3%81%8F%E3%81%93%E3%81%A8"
            },
            {
                "service_name": "Qiita",
                "title": "プログラマの技術情報共有サービス - Qiita",
                "title_link": "https:\/\/qiita.com\/#%E6%9B%B8%E3%81%8B%E3%81%AA%E3%81%84%E3%81%93%E3%81%A8",
                "text": "Qiitaは、プログラマのための技術情報共有サービスです。 プログラミングに関するTips、ノウハウ、メモを簡単に記録 &amp; 公開することができます。",
                "fallback": "Qiita: プログラマの技術情報共有サービス - Qiita",
                "thumb_url": "https:\/\/cdn.qiita.com\/assets\/qiita-fb-2887e7b4aad86fd8c25cea84846f2236.png",
                "from_url": "https:\/\/qiita.com\/#%E6%9B%B8%E3%81%8B%E3%81%AA%E3%81%84%E3%81%93%E3%81%A8",
                "thumb_width": 200,
                "thumb_height": 200,
                "service_icon": "https:\/\/cdn.qiita.com\/assets\/favicons\/public\/apple-touch-icon-f9a6afad761ec2306e10db2736187c8b.png",
                "id": 4,
                "original_url": "https:\/\/qiita.com\/#%E6%9B%B8%E3%81%8B%E3%81%AA%E3%81%84%E3%81%93%E3%81%A8"
            },
            {
                "service_name": "Qiita",
                "title": "プログラマの技術情報共有サービス - Qiita",
                "title_link": "https:\/\/qiita.com\/#%E8%A8%AD%E5%AE%9A%E6%96%B9%E9%87%9D",
                "text": "Qiitaは、プログラマのための技術情報共有サービスです。 プログラミングに関するTips、ノウハウ、メモを簡単に記録 &amp; 公開することができます。",
                "fallback": "Qiita: プログラマの技術情報共有サービス - Qiita",
                "thumb_url": "https:\/\/cdn.qiita.com\/assets\/qiita-fb-2887e7b4aad86fd8c25cea84846f2236.png",
                "from_url": "https:\/\/qiita.com\/#%E8%A8%AD%E5%AE%9A%E6%96%B9%E9%87%9D",
                "thumb_width": 200,
                "thumb_height": 200,
                "service_icon": "https:\/\/cdn.qiita.com\/assets\/favicons\/public\/apple-touch-icon-f9a6afad761ec2306e10db2736187c8b.png",
                "id": 5,
                "original_url": "https:\/\/qiita.com\/#%E8%A8%AD%E5%AE%9A%E6%96%B9%E9%87%9D"
            }
        ]
    }
]