[
    {
        "type": "message",
        "subtype": "bot_message",
        "text": "<https:\/\/qiita.com\/skitoy4321\/items\/c39597078aa7cacba423|terraformのcountリソースを、再作成なしでfor_eachリソースに変更する>\n<https:\/\/qiita.com\/#%E3%81%AF%E3%81%98%E3%82%81%E3%81%AB>はじめに\n\nterraformの0.12.6から、<https:\/\/qiita.com\/keiichi-hikita\/items\/9fd20e8ad6afe4e5ef72|resourceをfor_eachで作成できるようになった>、というものがある。\nそこで、自分のリソースで、現在countで管理しているデータもfor_eachで管理してみたくなったわけだが、\n手間取ったので、備忘録として書いておく\n\n\n<https:\/\/qiita.com\/#%E6%B3%A8%E6%84%8F>注意\n\nこの操作はtfstateを直接書き換えるものであり、場合によってはterraform管理が壊れてしまう可能性があるため、必ずtfstateのバックアップと、事前検証を行っておくこと\n\n\n&lt;a...",
        "ts": "1568374310.012800",
        "username": "Terraformタグが付けられた新着記事 - Qiita",
        "icons": {
            "image_36": "https:\/\/a.slack-edge.com\/80588\/img\/services\/rss_36.png",
            "image_48": "https:\/\/a.slack-edge.com\/80588\/img\/services\/rss_48.png",
            "image_72": "https:\/\/a.slack-edge.com\/80588\/img\/services\/rss_72.png"
        },
        "bot_id": "BG3N7LG73",
        "attachments": [
            {
                "service_name": "Qiita",
                "title": "terraformのcountリソースを、再作成なしでfor_eachリソースに変更する - Qiita",
                "title_link": "https:\/\/qiita.com\/skitoy4321\/items\/c39597078aa7cacba423",
                "text": "# はじめに terraformの0.12.6から、[resourceをfor_eachで作成できるようになった](<https:\/\/qiita.com\/keiichi-hikita\/items\/9fd20e8ad6afe4e5ef7>...",
                "fallback": "Qiita: terraformのcountリソースを、再作成なしでfor_eachリソースに変更する - Qiita",
                "thumb_url": "https:\/\/cdn.qiita.com\/assets\/qiita-fb-2887e7b4aad86fd8c25cea84846f2236.png",
                "from_url": "https:\/\/qiita.com\/skitoy4321\/items\/c39597078aa7cacba423",
                "thumb_width": 200,
                "thumb_height": 200,
                "service_icon": "https:\/\/cdn.qiita.com\/assets\/favicons\/public\/apple-touch-icon-f9a6afad761ec2306e10db2736187c8b.png",
                "id": 1,
                "original_url": "https:\/\/qiita.com\/skitoy4321\/items\/c39597078aa7cacba423"
            },
            {
                "service_name": "Qiita",
                "title": "プログラマの技術情報共有サービス - Qiita",
                "title_link": "https:\/\/qiita.com\/#%E3%81%AF%E3%81%98%E3%82%81%E3%81%AB",
                "text": "Qiitaは、プログラマのための技術情報共有サービスです。 プログラミングに関するTips、ノウハウ、メモを簡単に記録 &amp; 公開することができます。",
                "fallback": "Qiita: プログラマの技術情報共有サービス - Qiita",
                "thumb_url": "https:\/\/cdn.qiita.com\/assets\/qiita-fb-2887e7b4aad86fd8c25cea84846f2236.png",
                "from_url": "https:\/\/qiita.com\/#%E3%81%AF%E3%81%98%E3%82%81%E3%81%AB",
                "thumb_width": 200,
                "thumb_height": 200,
                "service_icon": "https:\/\/cdn.qiita.com\/assets\/favicons\/public\/apple-touch-icon-f9a6afad761ec2306e10db2736187c8b.png",
                "id": 2,
                "original_url": "https:\/\/qiita.com\/#%E3%81%AF%E3%81%98%E3%82%81%E3%81%AB"
            },
            {
                "service_name": "Qiita",
                "title": "Terraform 0.12.6からつかえるようになったresourceのfor_eachを試してみた - Qiita",
                "title_link": "https:\/\/qiita.com\/keiichi-hikita\/items\/9fd20e8ad6afe4e5ef72",
                "text": "## はじめに 今朝方こんなTweetがあったのを見た方も多いかと思います。 &lt;blockquote class=&amp;quot;twitter-tweet&amp;quot; data-partner=&amp;quot;tweetdeck&amp;...",
                "fallback": "Qiita: Terraform 0.12.6からつかえるようになったresourceのfor_eachを試してみた - Qiita",
                "thumb_url": "https:\/\/cdn.qiita.com\/assets\/qiita-fb-2887e7b4aad86fd8c25cea84846f2236.png",
                "from_url": "https:\/\/qiita.com\/keiichi-hikita\/items\/9fd20e8ad6afe4e5ef72",
                "thumb_width": 200,
                "thumb_height": 200,
                "service_icon": "https:\/\/cdn.qiita.com\/assets\/favicons\/public\/apple-touch-icon-f9a6afad761ec2306e10db2736187c8b.png",
                "id": 3,
                "original_url": "https:\/\/qiita.com\/keiichi-hikita\/items\/9fd20e8ad6afe4e5ef72"
            },
            {
                "service_name": "Qiita",
                "title": "プログラマの技術情報共有サービス - Qiita",
                "title_link": "https:\/\/qiita.com\/#%E6%B3%A8%E6%84%8F",
                "text": "Qiitaは、プログラマのための技術情報共有サービスです。 プログラミングに関するTips、ノウハウ、メモを簡単に記録 &amp; 公開することができます。",
                "fallback": "Qiita: プログラマの技術情報共有サービス - Qiita",
                "thumb_url": "https:\/\/cdn.qiita.com\/assets\/qiita-fb-2887e7b4aad86fd8c25cea84846f2236.png",
                "from_url": "https:\/\/qiita.com\/#%E6%B3%A8%E6%84%8F",
                "thumb_width": 200,
                "thumb_height": 200,
                "service_icon": "https:\/\/cdn.qiita.com\/assets\/favicons\/public\/apple-touch-icon-f9a6afad761ec2306e10db2736187c8b.png",
                "id": 4,
                "original_url": "https:\/\/qiita.com\/#%E6%B3%A8%E6%84%8F"
            }
        ]
    },
    {
        "type": "message",
        "subtype": "bot_message",
        "text": "<https:\/\/www.reddit.com\/r\/Terraform\/comments\/d3p664\/importing_user_destroying_toplevel_module_question\/|Importing user -- destroying top-level module question>\nI'm working on a huge TF project that consists of almost 100 individual accounts. To manage this, we're using modules which is usually pretty great. However, we now have the need to remove a service account (IAM User) with the exception of 1 account. So my question is what's the best approach to keep the user 'as-is' with Access Keys intact? I imported it, while removing the module at the upper-level. However, I'm concerned about what the 'terrafrom plan' is showing. It shows a change in...",
        "ts": "1568380905.013000",
        "username": "Terraform ALL the Worlds!",
        "icons": {
            "image_48": "https:\/\/s3-us-west-2.amazonaws.com\/slack-files2\/bot_icons\/2019-02-12\/548785199618_48.png"
        },
        "bot_id": "BG3N7LG73",
        "attachments": [
            {
                "service_name": "reddit",
                "title": "Importing user -- destroying top-level module question",
                "title_link": "https:\/\/www.reddit.com\/r\/Terraform\/comments\/d3p664\/importing_user_destroying_toplevel_module_question\/",
                "text": "I'm working on a huge TF project that consists of almost 100 individual accounts. To manage this, we're using modules which is usually pretty...",
                "fallback": "reddit: Importing user -- destroying top-level module question",
                "thumb_url": "https:\/\/www.redditstatic.com\/new-icon.png",
                "from_url": "https:\/\/www.reddit.com\/r\/Terraform\/comments\/d3p664\/importing_user_destroying_toplevel_module_question\/",
                "thumb_width": 256,
                "thumb_height": 256,
                "service_icon": "http:\/\/www.redditstatic.com\/desktop2x\/img\/favicon\/apple-icon-57x57.png",
                "id": 1,
                "original_url": "https:\/\/www.reddit.com\/r\/Terraform\/comments\/d3p664\/importing_user_destroying_toplevel_module_question\/"
            }
        ]
    },
    {
        "type": "message",
        "subtype": "bot_message",
        "text": "<https:\/\/www.google.com\/url?rct=j&amp;sa=t&amp;url=https:\/\/prtimes.jp\/main\/html\/rd\/p\/000002903.000005875.html&amp;ct=ga&amp;cd=CAIyHDMwMTY1OGE1ZDI5NDAyNzE6Y28uanA6amE6SlA&amp;usg=AFQjCNFK7c0hEUuhUF5DMwtnTXFVa0OOVQ|&lt;b&gt;Terraform&lt;\/b&gt;職人を目指す、すべてのエンジニアのために！『実践&lt;b&gt;Terraform&lt;\/b&gt; AWSにおけるシステム設計と ...>\nインプレスグループで電子出版事業を手がける株式会社インプレスR&amp;Dは、『実践Terraform AWSにおけるシステム設計とベストプラクティス』（著者：野村 友規） ...",
        "ts": "1568381923.013200",
        "username": "Google アラート - terraform",
        "icons": {
            "image_36": "https:\/\/a.slack-edge.com\/80588\/img\/services\/rss_36.png",
            "image_48": "https:\/\/a.slack-edge.com\/80588\/img\/services\/rss_48.png",
            "image_72": "https:\/\/a.slack-edge.com\/80588\/img\/services\/rss_72.png"
        },
        "bot_id": "BG3N7LG73"
    },
    {
        "type": "message",
        "subtype": "bot_message",
        "text": "<https:\/\/www.google.com\/url?rct=j&amp;sa=t&amp;url=https:\/\/nextpublishing.jp\/book\/10983.html&amp;ct=ga&amp;cd=CAIyHDMwMTY1OGE1ZDI5NDAyNzE6Y28uanA6amE6SlA&amp;usg=AFQjCNGw73cbBSDeupaHn87_wvmXYcQDSg|実践&lt;b&gt;Terraform&lt;\/b&gt; AWSにおけるシステム設計とベストプラクティス>\n本書は、Terraformを使ってAWS上にシステムを構築するノウハウを、200以上のサンプルコードとともに紹介する、Terraform初級者から中級...",
        "ts": "1568381923.013300",
        "username": "Google アラート - terraform",
        "icons": {
            "image_36": "https:\/\/a.slack-edge.com\/80588\/img\/services\/rss_36.png",
            "image_48": "https:\/\/a.slack-edge.com\/80588\/img\/services\/rss_48.png",
            "image_72": "https:\/\/a.slack-edge.com\/80588\/img\/services\/rss_72.png"
        },
        "bot_id": "BG3N7LG73"
    },
    {
        "type": "message",
        "subtype": "bot_message",
        "text": "<https:\/\/www.reddit.com\/r\/Terraform\/comments\/d3qnjx\/terraform_frommodule_does_not_work_in_alphine\/|terraform -from-module does not work in alphine>\nterraform init -from-module=\"git::<ssh:\/\/xxxx> ​ Init works with the repo my local using -from-module but does not work in docker alphine that was provided by hashicorp!!!! ​ ​ What other libraries do i need ? How can i see the error on my container? ( the terraform does not give me the reason I had to find it after trying multiple points ) ​ Here is my docker file I am using at the moment ​ ​ FROM hashicorp\/terraform:0.11.14 AS main RUN apk -v --update add ncurses RUN apk -v --update add bash...",
        "ts": "1568388104.013400",
        "username": "Terraform ALL the Worlds!",
        "icons": {
            "image_48": "https:\/\/s3-us-west-2.amazonaws.com\/slack-files2\/bot_icons\/2019-02-12\/548785199618_48.png"
        },
        "bot_id": "BG3N7LG73",
        "attachments": [
            {
                "service_name": "reddit",
                "title": "terraform -from-module does not work in alphine",
                "title_link": "https:\/\/www.reddit.com\/r\/Terraform\/comments\/d3qnjx\/terraform_frommodule_does_not_work_in_alphine\/",
                "text": "terraform init -from-module=\"git::<ssh:\/\/xxxx> &amp;#x200B; Init works with the repo my local using -from-module but does not work in docker alphine...",
                "fallback": "reddit: terraform -from-module does not work in alphine",
                "thumb_url": "https:\/\/www.redditstatic.com\/new-icon.png",
                "from_url": "https:\/\/www.reddit.com\/r\/Terraform\/comments\/d3qnjx\/terraform_frommodule_does_not_work_in_alphine\/",
                "thumb_width": 256,
                "thumb_height": 256,
                "service_icon": "http:\/\/www.redditstatic.com\/desktop2x\/img\/favicon\/apple-icon-57x57.png",
                "id": 1,
                "original_url": "https:\/\/www.reddit.com\/r\/Terraform\/comments\/d3qnjx\/terraform_frommodule_does_not_work_in_alphine\/"
            }
        ]
    },
    {
        "type": "message",
        "subtype": "bot_message",
        "text": "<https:\/\/www.reddit.com\/r\/Terraform\/comments\/d3sbsk\/multiple_users_multiple_accounts_does_a_single_s3\/|Multiple users, multiple accounts- does a single s3 bucket for state make sense?>\nI'm currently the only one working on Terraform on my team, but I'm hoping to convince more people of its benefits going forward. If I'm successful, we will have multiple people working from multiple accounts. I figured that a single state bucket would simplify state manage management for the team, since they just have to change their backend keys. Would it make more sense, however, to have a bucket per account? Also, I can't seem to get DynamoDB state-locking to work with this single-bucket...",
        "ts": "1568395603.013600",
        "username": "Terraform ALL the Worlds!",
        "icons": {
            "image_48": "https:\/\/s3-us-west-2.amazonaws.com\/slack-files2\/bot_icons\/2019-02-12\/548785199618_48.png"
        },
        "bot_id": "BG3N7LG73",
        "attachments": [
            {
                "service_name": "reddit",
                "title": "Multiple users, multiple accounts- does a single s3 bucket for state make sense?",
                "title_link": "https:\/\/www.reddit.com\/r\/Terraform\/comments\/d3sbsk\/multiple_users_multiple_accounts_does_a_single_s3\/",
                "text": "I'm currently the only one working on Terraform on my team, but I'm hoping to convince more people of its benefits going forward. If I'm...",
                "fallback": "reddit: Multiple users, multiple accounts- does a single s3 bucket for state make sense?",
                "thumb_url": "https:\/\/www.redditstatic.com\/new-icon.png",
                "from_url": "https:\/\/www.reddit.com\/r\/Terraform\/comments\/d3sbsk\/multiple_users_multiple_accounts_does_a_single_s3\/",
                "thumb_width": 256,
                "thumb_height": 256,
                "service_icon": "http:\/\/www.redditstatic.com\/desktop2x\/img\/favicon\/apple-icon-57x57.png",
                "id": 1,
                "original_url": "https:\/\/www.reddit.com\/r\/Terraform\/comments\/d3sbsk\/multiple_users_multiple_accounts_does_a_single_s3\/"
            }
        ]
    },
    {
        "type": "message",
        "subtype": "bot_message",
        "text": "<https:\/\/www.reddit.com\/r\/Terraform\/comments\/d3t0df\/issues_with_terraform_workspaces\/|Issues with Terraform Workspaces>\nIt appears terraform just updated Workspaces as part of their recent \"Terraform Cloud\" rollout (or rebranding).  Using a remote backend, previously all your code was executed locally and the state was stored remotely. Now by default, all your code is actually executed remotely on their end and not locally. Hmm, ok. Has anyone noticed this? All of our deployments now experience the following error: error downloading '&lt;a...",
        "ts": "1568397701.013800",
        "username": "Terraform ALL the Worlds!",
        "icons": {
            "image_48": "https:\/\/s3-us-west-2.amazonaws.com\/slack-files2\/bot_icons\/2019-02-12\/548785199618_48.png"
        },
        "bot_id": "BG3N7LG73",
        "attachments": [
            {
                "service_name": "reddit",
                "title": "Issues with Terraform Workspaces",
                "title_link": "https:\/\/www.reddit.com\/r\/Terraform\/comments\/d3t0df\/issues_with_terraform_workspaces\/",
                "text": "It appears terraform just updated Workspaces as part of their recent \"Terraform Cloud\" rollout (or rebranding). Using a remote backend,...",
                "fallback": "reddit: Issues with Terraform Workspaces",
                "thumb_url": "https:\/\/www.redditstatic.com\/new-icon.png",
                "from_url": "https:\/\/www.reddit.com\/r\/Terraform\/comments\/d3t0df\/issues_with_terraform_workspaces\/",
                "thumb_width": 256,
                "thumb_height": 256,
                "service_icon": "http:\/\/www.redditstatic.com\/desktop2x\/img\/favicon\/apple-icon-57x57.png",
                "id": 1,
                "original_url": "https:\/\/www.reddit.com\/r\/Terraform\/comments\/d3t0df\/issues_with_terraform_workspaces\/"
            }
        ]
    },
    {
        "type": "message",
        "subtype": "bot_message",
        "text": "<https:\/\/www.reddit.com\/r\/Terraform\/comments\/d3w85j\/terraform_vs_config_management\/|Terraform vs Config Management>\nsubmitted by   <https:\/\/www.reddit.com\/user\/dubnetworks| \/u\/dubnetworks > \n<http:\/\/blog.kwnetapps.com\/terraform-vs-config-management\/|[link]>   <https:\/\/www.reddit.com\/r\/Terraform\/comments\/d3w85j\/terraform_vs_config_management\/|[comments]>",
        "ts": "1568412102.014000",
        "username": "Terraform ALL the Worlds!",
        "icons": {
            "image_48": "https:\/\/s3-us-west-2.amazonaws.com\/slack-files2\/bot_icons\/2019-02-12\/548785199618_48.png"
        },
        "bot_id": "BG3N7LG73",
        "attachments": [
            {
                "service_name": "reddit",
                "title": "Terraform vs Config Management",
                "title_link": "https:\/\/www.reddit.com\/r\/Terraform\/comments\/d3w85j\/terraform_vs_config_management\/",
                "text": "Posted in r\/Terraform by u\/dubnetworks • 1 point and 0 comments",
                "fallback": "reddit: Terraform vs Config Management",
                "thumb_url": "https:\/\/www.redditstatic.com\/new-icon.png",
                "from_url": "https:\/\/www.reddit.com\/r\/Terraform\/comments\/d3w85j\/terraform_vs_config_management\/",
                "thumb_width": 256,
                "thumb_height": 256,
                "service_icon": "http:\/\/www.redditstatic.com\/desktop2x\/img\/favicon\/apple-icon-57x57.png",
                "id": 1,
                "original_url": "https:\/\/www.reddit.com\/r\/Terraform\/comments\/d3w85j\/terraform_vs_config_management\/"
            },
            {
                "title": "overview for dubnetworks",
                "title_link": "https:\/\/www.reddit.com\/user\/dubnetworks",
                "text": "The u_dubnetworks community on Reddit. Reddit gives you the best of the internet in one place.",
                "fallback": "overview for dubnetworks",
                "from_url": "https:\/\/www.reddit.com\/user\/dubnetworks",
                "service_icon": "http:\/\/www.redditstatic.com\/desktop2x\/img\/favicon\/apple-icon-57x57.png",
                "service_name": "reddit.com",
                "id": 2,
                "original_url": "https:\/\/www.reddit.com\/user\/dubnetworks"
            },
            {
                "service_name": "KWNetApps",
                "title": "Terraform vs Config Management - KWNetApps",
                "title_link": "http:\/\/blog.kwnetapps.com\/terraform-vs-config-management\/",
                "text": "I see a lot of confusion online about using terraform. I usually see this confusion when configuration management is brought up as well. There are a lot of “how do I use terraform with ansible\/puppet\/chef\/salt” and other questions surrounding these two tools. I decided to throw together a quick outline on what Terraform is, what configuration management is, and how you can use these two together if you need to. Terraform Terraform is an infrastructure as code (IaC) orchestration tool.... Read More Read More",
                "fallback": "KWNetApps: Terraform vs Config Management - KWNetApps",
                "ts": 1568411525,
                "from_url": "http:\/\/blog.kwnetapps.com\/terraform-vs-config-management\/",
                "id": 3,
                "original_url": "http:\/\/blog.kwnetapps.com\/terraform-vs-config-management\/"
            }
        ]
    }
]