[
    {
        "type": "message",
        "subtype": "bot_message",
        "text": "<https:\/\/qiita.com\/mAster_rAdio\/items\/eead779391dc825d9bb9|TerraformでAWS(EC2)のキーペアを作成する>\n<https:\/\/qiita.com\/#%E5%89%8D%E6%8F%90>前提\n\nTerraform 0.11系。\n\n<https:\/\/qiita.com\/#%E8%AA%AC%E6%98%8E>説明\n\n以下のように「ssh-keygen」などで作成したものを利用しているのを、Terraformの方に作成までやらせてみる。\nssh-keygen -t rsa -b 4096 -C '' -N '' -f example.id_rsa\n\n\n\n<https:\/\/qiita.com\/#tf%E3%83%95%E3%82%A1%E3%82%A4%E3%83%AB>tfファイル\n\n\n<https:\/\/qiita.com\/#%E3%82%AD%E3%83%BC%E3%83%9A%E3%82%A2%E4%BD%9C%E6%88%90>キーペア作成\n\n\n&lt;a href=\"<https:\/\/www.terraform.io\/docs\/providers\/tls\/>\" rel=\"nofollow...",
        "ts": "1567580805.005100",
        "username": "Terraformタグが付けられた新着記事 - Qiita",
        "icons": {
            "image_36": "https:\/\/a.slack-edge.com\/66f9\/img\/services\/rss_36.png",
            "image_48": "https:\/\/a.slack-edge.com\/66f9\/img\/services\/rss_48.png",
            "image_72": "https:\/\/a.slack-edge.com\/205a\/img\/services\/rss_72.png"
        },
        "bot_id": "BG3N7LG73"
    },
    {
        "type": "message",
        "subtype": "bot_message",
        "text": "<https:\/\/qiita.com\/suin\/items\/e36a93bdb562d47bf9d5|AWS食わず嫌いのプログラマーがTerraformハンズオンに参加したときのログを晒す>\n本稿は、社内で行われた <https:\/\/qiita.com\/reoring|@reoring> 主催のTerraformハンズオンに参加したときの作業ログです。一応、ハンズオンを再現しやすいように書いたつもりですが、TerraformもAWSも疎いため誤りがあったらお教えください。\n\n\n<https:\/\/qiita.com\/#%E8%AA%AD%E8%80%85%E5%AF%BE%E8%B1%A1%E8%80%85>読者対象者\n\nプログラマーでTerraformでAWSの環境構築を自動化してみたい人。\n\nちなみに、筆者\n\nAWS: 管理画面でEC2立てたり、S3バケット作ったりはできるが、VPSに逃げがち。\nプログラミング歴: PHP15年。他にGo言語などもやったことある。\nインフラ:...",
        "ts": "1567584105.005200",
        "username": "Terraformタグが付けられた新着記事 - Qiita",
        "icons": {
            "image_36": "https:\/\/a.slack-edge.com\/66f9\/img\/services\/rss_36.png",
            "image_48": "https:\/\/a.slack-edge.com\/66f9\/img\/services\/rss_48.png",
            "image_72": "https:\/\/a.slack-edge.com\/205a\/img\/services\/rss_72.png"
        },
        "bot_id": "BG3N7LG73",
        "attachments": [
            {
                "service_name": "Qiita",
                "title": "AWS食わず嫌いのプログラマーがTerraformハンズオンに参加したときのログを晒す - Qiita",
                "title_link": "https:\/\/qiita.com\/suin\/items\/e36a93bdb562d47bf9d5",
                "text": "本稿は、社内で行われた @reoring 主催のTerraformハンズオンに参加したときの作業ログです。一応、ハンズオンを再現しやすいように書いたつもりですが、TerraformもAWSも疎いため誤りがあったらお教えください。 #...",
                "fallback": "Qiita: AWS食わず嫌いのプログラマーがTerraformハンズオンに参加したときのログを晒す - Qiita",
                "thumb_url": "https:\/\/cdn.qiita.com\/assets\/qiita-fb-2887e7b4aad86fd8c25cea84846f2236.png",
                "from_url": "https:\/\/qiita.com\/suin\/items\/e36a93bdb562d47bf9d5",
                "thumb_width": 200,
                "thumb_height": 200,
                "service_icon": "https:\/\/cdn.qiita.com\/assets\/favicons\/public\/apple-touch-icon-f9a6afad761ec2306e10db2736187c8b.png",
                "id": 1,
                "original_url": "https:\/\/qiita.com\/suin\/items\/e36a93bdb562d47bf9d5"
            },
            {
                "service_name": "Qiita",
                "title": "reoring - Qiita",
                "title_link": "https:\/\/qiita.com\/reoring",
                "text": "株式会社クラフトマンソフトウェア代表 | Schoo講師 | 分報発祥の会社 | YYPHP主催 | マンガでわかるDocker監修 | 実践ドメイン駆動設計レビュア | 自動受け入れテスト ShouldBee <http:\/\/shouldbee.at\/>",
                "fallback": "Qiita: reoring - Qiita",
                "thumb_url": "https:\/\/cdn.qiita.com\/assets\/qiita-fb-2887e7b4aad86fd8c25cea84846f2236.png",
                "from_url": "https:\/\/qiita.com\/reoring",
                "thumb_width": 200,
                "thumb_height": 200,
                "service_icon": "https:\/\/cdn.qiita.com\/assets\/favicons\/public\/apple-touch-icon-f9a6afad761ec2306e10db2736187c8b.png",
                "id": 2,
                "original_url": "https:\/\/qiita.com\/reoring"
            },
            {
                "service_name": "Qiita",
                "title": "プログラマの技術情報共有サービス - Qiita",
                "title_link": "https:\/\/qiita.com\/#%E8%AA%AD%E8%80%85%E5%AF%BE%E8%B1%A1%E8%80%85",
                "text": "Qiitaは、プログラマのための技術情報共有サービスです。 プログラミングに関するTips、ノウハウ、メモを簡単に記録 &amp; 公開することができます。",
                "fallback": "Qiita: プログラマの技術情報共有サービス - Qiita",
                "thumb_url": "https:\/\/cdn.qiita.com\/assets\/qiita-fb-2887e7b4aad86fd8c25cea84846f2236.png",
                "from_url": "https:\/\/qiita.com\/#%E8%AA%AD%E8%80%85%E5%AF%BE%E8%B1%A1%E8%80%85",
                "thumb_width": 200,
                "thumb_height": 200,
                "service_icon": "https:\/\/cdn.qiita.com\/assets\/favicons\/public\/apple-touch-icon-f9a6afad761ec2306e10db2736187c8b.png",
                "id": 3,
                "original_url": "https:\/\/qiita.com\/#%E8%AA%AD%E8%80%85%E5%AF%BE%E8%B1%A1%E8%80%85"
            }
        ]
    },
    {
        "type": "message",
        "subtype": "bot_message",
        "text": "<https:\/\/www.reddit.com\/r\/Terraform\/comments\/czjmzp\/advice_of_which_is_better_practice\/|Advice of which is better practice>\nHey guys, I have 2 blocks of code in an <https:\/\/outputs.tf\/|outputs.tf> file that return the same value but are slightly different in the code itself. Both work fine without errors, but wondering in terms of best practice is there one I should use over the other? ​ output \"application_gateway_backend_address_pool_ids\" { value = \"${lookup(azurerm_application_gateway.network.backend_address_pool[0], \"id\")}\" }  ​ output \"application_gateway_backend_address_pool_ids\" { value =...",
        "ts": "1567597900.005400",
        "username": "Terraform ALL the Worlds!",
        "icons": {
            "image_48": "https:\/\/s3-us-west-2.amazonaws.com\/slack-files2\/bot_icons\/2019-02-12\/548785199618_48.png"
        },
        "bot_id": "BG3N7LG73",
        "attachments": [
            {
                "service_name": "reddit",
                "title": "r\/Terraform - Advice of which is better practice",
                "title_link": "https:\/\/www.reddit.com\/r\/Terraform\/comments\/czjmzp\/advice_of_which_is_better_practice\/",
                "text": "0 votes and 0 comments so far on Reddit",
                "fallback": "reddit: r\/Terraform - Advice of which is better practice",
                "from_url": "https:\/\/www.reddit.com\/r\/Terraform\/comments\/czjmzp\/advice_of_which_is_better_practice\/",
                "service_icon": "https:\/\/www.redditstatic.com\/desktop2x\/img\/favicon\/apple-icon-57x57.png",
                "id": 1,
                "original_url": "https:\/\/www.reddit.com\/r\/Terraform\/comments\/czjmzp\/advice_of_which_is_better_practice\/"
            }
        ]
    },
    {
        "type": "message",
        "subtype": "bot_message",
        "text": "<https:\/\/www.reddit.com\/r\/Terraform\/comments\/czjnvq\/analysis_paralysis_bootstrapping_a_new_terraform\/|Analysis paralysis - bootstrapping a new Terraform environment.>\nI'm working on a personal project and hitting a bit of a wall. I've been using Terraform for a while but other than a few tiny environments, I've always used existing (and somewhat large) environments that had already been deployed. What I'd like to do is this (all in AWS fwiw): Spin up the initial S3 bucket and Dynamo table for my remote state. Deploy my initial IAM configuration - users and groups, with policies attached to groups. Enforce MFA on all users. Deploy a CodeCommit repo. Deploy...",
        "ts": "1567597900.005500",
        "username": "Terraform ALL the Worlds!",
        "icons": {
            "image_48": "https:\/\/s3-us-west-2.amazonaws.com\/slack-files2\/bot_icons\/2019-02-12\/548785199618_48.png"
        },
        "bot_id": "BG3N7LG73",
        "attachments": [
            {
                "service_name": "reddit",
                "title": "r\/Terraform - Analysis paralysis - bootstrapping a new Terraform environment.",
                "title_link": "https:\/\/www.reddit.com\/r\/Terraform\/comments\/czjnvq\/analysis_paralysis_bootstrapping_a_new_terraform\/",
                "text": "0 votes and 0 comments so far on Reddit",
                "fallback": "reddit: r\/Terraform - Analysis paralysis - bootstrapping a new Terraform environment.",
                "from_url": "https:\/\/www.reddit.com\/r\/Terraform\/comments\/czjnvq\/analysis_paralysis_bootstrapping_a_new_terraform\/",
                "service_icon": "https:\/\/www.redditstatic.com\/desktop2x\/img\/favicon\/apple-icon-57x57.png",
                "id": 1,
                "original_url": "https:\/\/www.reddit.com\/r\/Terraform\/comments\/czjnvq\/analysis_paralysis_bootstrapping_a_new_terraform\/"
            }
        ]
    },
    {
        "type": "message",
        "subtype": "bot_message",
        "text": "<https:\/\/www.reddit.com\/r\/Terraform\/comments\/czkndw\/azuread_terraform_cycle_error\/|AzureAD \/\/ Terraform Cycle Error>\nHi, i want to create a AppRegistration (SP) and an AppService with the Configuration \"ClientID: ApplicationID\"  My Code looks like  \/\/Azure App Registration resource \"azuread_application\" \"appregistration\" { name = \"${var.state}Site-${var.typ}-ar\" reply_urls = [\"https:\/\/${azurerm_app_service.appservice.default_site_hostname}\/signin-callback\"] available_to_other_tenants = false oauth2_allow_implicit_flow = true } resource \"azuread_application_password\" \"AppRegistrationPwd\" {...",
        "ts": "1567603005.005800",
        "username": "Terraform ALL the Worlds!",
        "icons": {
            "image_48": "https:\/\/s3-us-west-2.amazonaws.com\/slack-files2\/bot_icons\/2019-02-12\/548785199618_48.png"
        },
        "bot_id": "BG3N7LG73",
        "attachments": [
            {
                "service_name": "reddit",
                "title": "r\/Terraform - AzureAD \/\/ Terraform Cycle Error",
                "title_link": "https:\/\/www.reddit.com\/r\/Terraform\/comments\/czkndw\/azuread_terraform_cycle_error\/",
                "text": "0 votes and 0 comments so far on Reddit",
                "fallback": "reddit: r\/Terraform - AzureAD \/\/ Terraform Cycle Error",
                "from_url": "https:\/\/www.reddit.com\/r\/Terraform\/comments\/czkndw\/azuread_terraform_cycle_error\/",
                "service_icon": "https:\/\/www.redditstatic.com\/desktop2x\/img\/favicon\/apple-icon-57x57.png",
                "id": 1,
                "original_url": "https:\/\/www.reddit.com\/r\/Terraform\/comments\/czkndw\/azuread_terraform_cycle_error\/"
            }
        ]
    },
    {
        "type": "message",
        "subtype": "bot_message",
        "text": "<https:\/\/www.reddit.com\/r\/Terraform\/comments\/czl5us\/determining_network_settings_based_on_ip\/|Determining network settings based on IP>\nHi fellow Terraformers, I'm trying to deploy 20+ clones of a vSphere template across two networks using a module and have a question around how I can minimize the number of lines required for each virtual machine.\n I was hoping that I could use the static IP address against an IF or REGEX within the module to determine the appropriate subnet and gateway using a map perhaps but I've not had any luck figuring it out.\n Any advice on how to achieve something along these lines would be greatly...",
        "ts": "1567606001.006000",
        "username": "Terraform ALL the Worlds!",
        "icons": {
            "image_48": "https:\/\/s3-us-west-2.amazonaws.com\/slack-files2\/bot_icons\/2019-02-12\/548785199618_48.png"
        },
        "bot_id": "BG3N7LG73",
        "attachments": [
            {
                "service_name": "reddit",
                "title": "r\/Terraform - Determining network settings based on IP",
                "title_link": "https:\/\/www.reddit.com\/r\/Terraform\/comments\/czl5us\/determining_network_settings_based_on_ip\/",
                "text": "0 votes and 0 comments so far on Reddit",
                "fallback": "reddit: r\/Terraform - Determining network settings based on IP",
                "from_url": "https:\/\/www.reddit.com\/r\/Terraform\/comments\/czl5us\/determining_network_settings_based_on_ip\/",
                "service_icon": "https:\/\/www.redditstatic.com\/desktop2x\/img\/favicon\/apple-icon-57x57.png",
                "id": 1,
                "original_url": "https:\/\/www.reddit.com\/r\/Terraform\/comments\/czl5us\/determining_network_settings_based_on_ip\/"
            }
        ]
    },
    {
        "type": "message",
        "subtype": "bot_message",
        "text": "<https:\/\/www.reddit.com\/r\/Terraform\/comments\/cznitv\/error_in_localexec\/|Error in local-exec>\nroot@ip-172-31-28-123:\/home\/ubuntu\/terraform# cat <http:\/\/instance.tf|instance.tf> resource \"aws_instance\" \"exmaple\" { ami = \"ami-082b5a644766e0e6f\" key_name = \"new_aws\" instance_type = \"t2.micro\" provisioner \"local-exec\" { command = \"echo ${aws_instance.example.private_ip} &gt;&gt;ip.txt\" } } output \"ip\" { value = \"${aws_instance.example.public_ip}\" } When i run terraform plan i am getting the below error. Please help me to fix the issue. root@ip-172-31-28-123:\/home\/ubuntu\/terraform# terraform plan Error: Reference to...",
        "ts": "1567616212.006200",
        "username": "Terraform ALL the Worlds!",
        "icons": {
            "image_48": "https:\/\/s3-us-west-2.amazonaws.com\/slack-files2\/bot_icons\/2019-02-12\/548785199618_48.png"
        },
        "bot_id": "BG3N7LG73",
        "attachments": [
            {
                "service_name": "reddit",
                "title": "r\/Terraform - Error in local-exec",
                "title_link": "https:\/\/www.reddit.com\/r\/Terraform\/comments\/cznitv\/error_in_localexec\/",
                "text": "0 votes and 0 comments so far on Reddit",
                "fallback": "reddit: r\/Terraform - Error in local-exec",
                "from_url": "https:\/\/www.reddit.com\/r\/Terraform\/comments\/cznitv\/error_in_localexec\/",
                "service_icon": "https:\/\/www.redditstatic.com\/desktop2x\/img\/favicon\/apple-icon-57x57.png",
                "id": 1,
                "original_url": "https:\/\/www.reddit.com\/r\/Terraform\/comments\/cznitv\/error_in_localexec\/"
            }
        ]
    },
    {
        "type": "message",
        "subtype": "bot_message",
        "text": "<https:\/\/www.reddit.com\/r\/Terraform\/comments\/czougm\/jenkins_password_initialpassword_automation\/|Jenkins password initialpassword automation>\nI've built a Terraform script to install and run Jenkins on an EC2 instance in AWS. I'm a little new to Terraform and automation, but the script does everything 100%. I want to incorporate a way to automatically obtain the initial admin password, which is located in \/var\/lib\/jenkins\/secrets\/initialAdminPassword. I would like to copy the password string and possibly embed it somewhere I can easily grab it. Either in the html file for Jenkins or any other way, that doesn't require SSH into the...",
        "ts": "1567622802.006400",
        "username": "Terraform ALL the Worlds!",
        "icons": {
            "image_48": "https:\/\/s3-us-west-2.amazonaws.com\/slack-files2\/bot_icons\/2019-02-12\/548785199618_48.png"
        },
        "bot_id": "BG3N7LG73",
        "attachments": [
            {
                "service_name": "reddit",
                "title": "r\/Terraform - Jenkins password initialpassword automation",
                "title_link": "https:\/\/www.reddit.com\/r\/Terraform\/comments\/czougm\/jenkins_password_initialpassword_automation\/",
                "text": "0 votes and 0 comments so far on Reddit",
                "fallback": "reddit: r\/Terraform - Jenkins password initialpassword automation",
                "from_url": "https:\/\/www.reddit.com\/r\/Terraform\/comments\/czougm\/jenkins_password_initialpassword_automation\/",
                "service_icon": "https:\/\/www.redditstatic.com\/desktop2x\/img\/favicon\/apple-icon-57x57.png",
                "id": 1,
                "original_url": "https:\/\/www.reddit.com\/r\/Terraform\/comments\/czougm\/jenkins_password_initialpassword_automation\/"
            }
        ]
    },
    {
        "type": "message",
        "subtype": "bot_message",
        "text": "<https:\/\/www.reddit.com\/r\/Terraform\/comments\/czrump\/ibm_cloud_provider\/|IBM Cloud Provider>\nAnybody here using terraform with IBM Cloud? I'm having a difficult time getting started, which makes me wonder whether the documentation and process is that unintuitive, or if I'm missing something really obvious. Like for example, I can't terraform a VPC up (but can create one from console) even though I am an administrator    submitted by   <https:\/\/www.reddit.com\/user\/4kidsinatrenchcoat| \/u\/4kidsinatrenchcoat > \n&lt;a...",
        "ts": "1567636602.006600",
        "username": "Terraform ALL the Worlds!",
        "icons": {
            "image_48": "https:\/\/s3-us-west-2.amazonaws.com\/slack-files2\/bot_icons\/2019-02-12\/548785199618_48.png"
        },
        "bot_id": "BG3N7LG73",
        "attachments": [
            {
                "service_name": "reddit",
                "title": "r\/Terraform - IBM Cloud Provider",
                "title_link": "https:\/\/www.reddit.com\/r\/Terraform\/comments\/czrump\/ibm_cloud_provider\/",
                "text": "0 votes and 0 comments so far on Reddit",
                "fallback": "reddit: r\/Terraform - IBM Cloud Provider",
                "from_url": "https:\/\/www.reddit.com\/r\/Terraform\/comments\/czrump\/ibm_cloud_provider\/",
                "service_icon": "https:\/\/www.redditstatic.com\/desktop2x\/img\/favicon\/apple-icon-57x57.png",
                "id": 1,
                "original_url": "https:\/\/www.reddit.com\/r\/Terraform\/comments\/czrump\/ibm_cloud_provider\/"
            },
            {
                "service_name": "reddit",
                "title": "4kidsinatrenchcoat (u\/4kidsinatrenchcoat) - Reddit",
                "title_link": "https:\/\/www.reddit.com\/user\/4kidsinatrenchcoat",
                "text": "u\/4kidsinatrenchcoat:",
                "fallback": "reddit: 4kidsinatrenchcoat (u\/4kidsinatrenchcoat) - Reddit",
                "thumb_url": "https:\/\/www.redditstatic.com\/avatars\/avatar_default_20_EA0027.png",
                "from_url": "https:\/\/www.reddit.com\/user\/4kidsinatrenchcoat",
                "thumb_width": 256,
                "thumb_height": 256,
                "service_icon": "https:\/\/www.redditstatic.com\/desktop2x\/img\/favicon\/apple-icon-57x57.png",
                "id": 2,
                "original_url": "https:\/\/www.reddit.com\/user\/4kidsinatrenchcoat"
            }
        ]
    },
    {
        "type": "message",
        "subtype": "bot_message",
        "text": "<https:\/\/www.reddit.com\/r\/Terraform\/comments\/czuky7\/morpheus_vs_terraform\/|Morpheus vs Terraform>\nWe’re looking at some provisioning tools for Azure. Anyone have experience comparing Morpheus and Terraform? Morpheus requires owner permissions at the subscription level in Azure. Was wondering if Terraform required the same and how difficult it is to set up a proof of concept to deploy a few windows\/Linux servers in Azure and maybe VMware.    submitted by   <https:\/\/www.reddit.com\/user\/riverrockrun| \/u\/riverrockrun > \n&lt;a...",
        "ts": "1567650703.006800",
        "username": "Terraform ALL the Worlds!",
        "icons": {
            "image_48": "https:\/\/s3-us-west-2.amazonaws.com\/slack-files2\/bot_icons\/2019-02-12\/548785199618_48.png"
        },
        "bot_id": "BG3N7LG73",
        "attachments": [
            {
                "service_name": "reddit",
                "title": "r\/Terraform - Morpheus vs Terraform",
                "title_link": "https:\/\/www.reddit.com\/r\/Terraform\/comments\/czuky7\/morpheus_vs_terraform\/",
                "text": "0 votes and 0 comments so far on Reddit",
                "fallback": "reddit: r\/Terraform - Morpheus vs Terraform",
                "from_url": "https:\/\/www.reddit.com\/r\/Terraform\/comments\/czuky7\/morpheus_vs_terraform\/",
                "service_icon": "https:\/\/www.redditstatic.com\/desktop2x\/img\/favicon\/apple-icon-57x57.png",
                "id": 1,
                "original_url": "https:\/\/www.reddit.com\/r\/Terraform\/comments\/czuky7\/morpheus_vs_terraform\/"
            },
            {
                "service_name": "reddit",
                "title": "riverrockrun (u\/riverrockrun) - Reddit",
                "title_link": "https:\/\/www.reddit.com\/user\/riverrockrun",
                "text": "u\/riverrockrun:",
                "fallback": "reddit: riverrockrun (u\/riverrockrun) - Reddit",
                "thumb_url": "https:\/\/www.redditstatic.com\/avatars\/avatar_default_10_FF585B.png",
                "from_url": "https:\/\/www.reddit.com\/user\/riverrockrun",
                "thumb_width": 256,
                "thumb_height": 256,
                "service_icon": "https:\/\/www.redditstatic.com\/desktop2x\/img\/favicon\/apple-icon-57x57.png",
                "id": 2,
                "original_url": "https:\/\/www.reddit.com\/user\/riverrockrun"
            }
        ]
    },
    {
        "type": "message",
        "subtype": "bot_message",
        "text": "<https:\/\/qiita.com\/takoikatakotako\/items\/72bcbac64bbd178a5859|Terraform で書く CodeBuild -&gt; ECR -&gt; ECS with Vapor その2>\n<https:\/\/qiita.com\/takoikatakotako\/items\/0ff29e014c0812b4b369|Terraform で書く CodeBuild -> ECR -> ECS with Vapor その1>\n\n次にネットワーク周りと、AlB を作ります。\nVPC はデフォルトのものを使っても良いと思いますが、環境を汚さないように新しく作成しました。\n\n########################\n## VPC\n########################\nresource \"aws_vpc\" \"vpc\" {\n  enable_dns_hostnames = true\n  cidr_block           = \"10.1.0.0\/16\"\n}\n\n########################\n## Internet Gateway\n########################\nresource \"aws_internet_gateway\" \"my_internet_gateway\" {\n  vpc_id =...",
        "ts": "1567662099.007000",
        "username": "Terraformタグが付けられた新着記事 - Qiita",
        "icons": {
            "image_36": "https:\/\/a.slack-edge.com\/66f9\/img\/services\/rss_36.png",
            "image_48": "https:\/\/a.slack-edge.com\/66f9\/img\/services\/rss_48.png",
            "image_72": "https:\/\/a.slack-edge.com\/205a\/img\/services\/rss_72.png"
        },
        "bot_id": "BG3N7LG73",
        "attachments": [
            {
                "service_name": "Qiita",
                "title": "Terraform で書く CodeBuild -&gt; ECR -&gt; ECS with Vapor その2 - Qiita",
                "title_link": "https:\/\/qiita.com\/takoikatakotako\/items\/72bcbac64bbd178a5859",
                "text": "[Terraform で書く CodeBuild -&gt; ECR -&gt; ECS with Vapor その1]([<https:\/\/qiita.com\/takoikatakotako\/items\/0ff29e014c0812b>...",
                "fallback": "Qiita: Terraform で書く CodeBuild -&gt; ECR -&gt; ECS with Vapor その2 - Qiita",
                "thumb_url": "https:\/\/cdn.qiita.com\/assets\/qiita-fb-2887e7b4aad86fd8c25cea84846f2236.png",
                "from_url": "https:\/\/qiita.com\/takoikatakotako\/items\/72bcbac64bbd178a5859",
                "thumb_width": 200,
                "thumb_height": 200,
                "service_icon": "https:\/\/cdn.qiita.com\/assets\/favicons\/public\/apple-touch-icon-f9a6afad761ec2306e10db2736187c8b.png",
                "id": 1,
                "original_url": "https:\/\/qiita.com\/takoikatakotako\/items\/72bcbac64bbd178a5859"
            },
            {
                "service_name": "Qiita",
                "title": "Terraform で書く CodeBuild -&gt; ECR -&gt; ECS with Vapor その1 - Qiita",
                "title_link": "https:\/\/qiita.com\/takoikatakotako\/items\/0ff29e014c0812b4b369",
                "text": "`Terraform v0.12.1` Swift製 WebFrameWork である Vapor をECS へのデプロイするところまでをTerraformの練習として書きました。 解説記事というよりは個人的な忘備録、メモになります...",
                "fallback": "Qiita: Terraform で書く CodeBuild -&gt; ECR -&gt; ECS with Vapor その1 - Qiita",
                "thumb_url": "https:\/\/cdn.qiita.com\/assets\/qiita-fb-2887e7b4aad86fd8c25cea84846f2236.png",
                "from_url": "https:\/\/qiita.com\/takoikatakotako\/items\/0ff29e014c0812b4b369",
                "thumb_width": 200,
                "thumb_height": 200,
                "service_icon": "https:\/\/cdn.qiita.com\/assets\/favicons\/public\/apple-touch-icon-f9a6afad761ec2306e10db2736187c8b.png",
                "id": 2,
                "original_url": "https:\/\/qiita.com\/takoikatakotako\/items\/0ff29e014c0812b4b369"
            }
        ]
    },
    {
        "type": "message",
        "subtype": "bot_message",
        "text": "<https:\/\/qiita.com\/takoikatakotako\/items\/28269e4212a4a6677faf|Terraform で書く CodeBuild -&gt; ECR -&gt; ECS with Vapor その3>\n<https:\/\/qiita.com\/takoikatakotako\/items\/0ff29e014c0812b4b369|Terraform で書く CodeBuild -> ECR -> ECS with Vapor その1>\n<https:\/\/qiita.com\/takoikatakotako\/items\/72bcbac64bbd178a5859|Terraform で書く CodeBuild -> ECR -> ECS with Vapor その2>\n\n最後に ECS でタスクとサービスを作り、デプロイします。\n\n########################\n## ECS\n########################\n# IAM\nresource \"aws_iam_role\" \"my_ecs_role\" {\n  assume_role_policy = \"${file(\"iam_role\/ecs_assume_role_policy.json\")}\"\n  name               =...",
        "ts": "1567663002.007200",
        "username": "Terraformタグが付けられた新着記事 - Qiita",
        "icons": {
            "image_36": "https:\/\/a.slack-edge.com\/66f9\/img\/services\/rss_36.png",
            "image_48": "https:\/\/a.slack-edge.com\/66f9\/img\/services\/rss_48.png",
            "image_72": "https:\/\/a.slack-edge.com\/205a\/img\/services\/rss_72.png"
        },
        "bot_id": "BG3N7LG73",
        "attachments": [
            {
                "service_name": "Qiita",
                "title": "Terraform で書く CodeBuild -&gt; ECR -&gt; ECS with Vapor その3 - Qiita",
                "title_link": "https:\/\/qiita.com\/takoikatakotako\/items\/28269e4212a4a6677faf",
                "text": "[Terraform で書く CodeBuild -&gt; ECR -&gt; ECS with Vapor その1](<https:\/\/qiita.com\/takoikatakotako\/items\/0ff29e014c0812b4>...",
                "fallback": "Qiita: Terraform で書く CodeBuild -&gt; ECR -&gt; ECS with Vapor その3 - Qiita",
                "thumb_url": "https:\/\/cdn.qiita.com\/assets\/qiita-fb-2887e7b4aad86fd8c25cea84846f2236.png",
                "from_url": "https:\/\/qiita.com\/takoikatakotako\/items\/28269e4212a4a6677faf",
                "thumb_width": 200,
                "thumb_height": 200,
                "service_icon": "https:\/\/cdn.qiita.com\/assets\/favicons\/public\/apple-touch-icon-f9a6afad761ec2306e10db2736187c8b.png",
                "id": 1,
                "original_url": "https:\/\/qiita.com\/takoikatakotako\/items\/28269e4212a4a6677faf"
            }
        ]
    }
]