[
    {
        "type": "message",
        "subtype": "bot_message",
        "text": "<https:\/\/www.reddit.com\/r\/Terraform\/comments\/db7zjh\/vpc_sharing\/|VPC sharing>\nHi guys\/girls! We are using terraform to setup our AWS multi-account infrastructure and heavily using VPC sharing feature to share VPC and it's subnets to all other sub-accounts. We are managing VPC configuration with terraform in the root account of the organization and there we've created them with meaningful Names \/ tags to be clear for web console users to what VPC\/subnet will they deploy services. I've already asked the support is there an option to share\/copy tags of shared resources to...",
        "ts": "1569828409.015000",
        "username": "Terraform ALL the Worlds!",
        "icons": {
            "image_48": "https:\/\/s3-us-west-2.amazonaws.com\/slack-files2\/bot_icons\/2019-02-12\/548785199618_48.png"
        },
        "bot_id": "BG3N7LG73",
        "attachments": [
            {
                "service_name": "reddit",
                "title": "VPC sharing",
                "title_link": "https:\/\/www.reddit.com\/r\/Terraform\/comments\/db7zjh\/vpc_sharing\/",
                "text": "Hi guys\/girls! We are using terraform to setup our AWS multi-account infrastructure and heavily using VPC sharing feature to share VPC and it's...",
                "fallback": "reddit: VPC sharing",
                "thumb_url": "https:\/\/www.redditstatic.com\/new-icon.png",
                "from_url": "https:\/\/www.reddit.com\/r\/Terraform\/comments\/db7zjh\/vpc_sharing\/",
                "thumb_width": 256,
                "thumb_height": 256,
                "service_icon": "http:\/\/www.redditstatic.com\/desktop2x\/img\/favicon\/apple-icon-57x57.png",
                "id": 1,
                "original_url": "https:\/\/www.reddit.com\/r\/Terraform\/comments\/db7zjh\/vpc_sharing\/"
            }
        ]
    },
    {
        "type": "message",
        "subtype": "bot_message",
        "text": "<https:\/\/www.reddit.com\/r\/Terraform\/comments\/db8ec3\/azurerm_template_deployment\/|Azurerm template deployment>\nI am using version 11.14 and using arm template to deploy a sql failover group and giving parameters the failover group location, server name, failover server and the databases to be included. When creating from scratch it works fine and created everything as expected. On adding a new database via terraform, it gives “ to create or update failover group read only property location should not be modified”. If I again apply the same config , it runs without giving any error but doesn’t update...",
        "ts": "1569831711.015200",
        "username": "Terraform ALL the Worlds!",
        "icons": {
            "image_48": "https:\/\/s3-us-west-2.amazonaws.com\/slack-files2\/bot_icons\/2019-02-12\/548785199618_48.png"
        },
        "bot_id": "BG3N7LG73",
        "attachments": [
            {
                "service_name": "reddit",
                "title": "Azurerm template deployment",
                "title_link": "https:\/\/www.reddit.com\/r\/Terraform\/comments\/db8ec3\/azurerm_template_deployment\/",
                "text": "I am using version 11.14 and using arm template to deploy a sql failover group and giving parameters the failover group location, server name,...",
                "fallback": "reddit: Azurerm template deployment",
                "thumb_url": "https:\/\/www.redditstatic.com\/new-icon.png",
                "from_url": "https:\/\/www.reddit.com\/r\/Terraform\/comments\/db8ec3\/azurerm_template_deployment\/",
                "thumb_width": 256,
                "thumb_height": 256,
                "service_icon": "http:\/\/www.redditstatic.com\/desktop2x\/img\/favicon\/apple-icon-57x57.png",
                "id": 1,
                "original_url": "https:\/\/www.reddit.com\/r\/Terraform\/comments\/db8ec3\/azurerm_template_deployment\/"
            }
        ]
    }
]