[
    {
        "type": "message",
        "subtype": "channel_join",
        "ts": "1638509358.000200",
        "user": "UFU0BKD8F",
        "text": "<@UFU0BKD8F>さんがチャンネルに参加しました"
    },
    {
        "type": "message",
        "subtype": "channel_purpose",
        "ts": "1638509358.000300",
        "user": "UFU0BKD8F",
        "text": "がこのチャンネルの説明を「ゆるっと気が向いた時にオンライン開催する雑談ベースの勉強会」に設定しました",
        "purpose": "ゆるっと気が向いた時にオンライン開催する雑談ベースの勉強会"
    },
    {
        "type": "message",
        "subtype": "channel_topic",
        "ts": "1638509706.000400",
        "user": "UFU0BKD8F",
        "text": "チャンネルのトピックを設定 : 勉強会したいと思った時にzoomとか貼ったらいいと思う",
        "topic": "勉強会したいと思った時にzoomとか貼ったらいいと思う"
    },
    {
        "type": "message",
        "subtype": "channel_join",
        "ts": "1638509975.000600",
        "user": "U02EXFN4QN4",
        "text": "<@U02EXFN4QN4>さんがチャンネルに参加しました"
    },
    {
        "type": "message",
        "subtype": "channel_join",
        "ts": "1638509982.000800",
        "user": "UFT60TQCQ",
        "text": "<@UFT60TQCQ>さんがチャンネルに参加しました"
    },
    {
        "type": "message",
        "subtype": "channel_join",
        "ts": "1638509986.001000",
        "user": "UG46Z57TN",
        "text": "<@UG46Z57TN>さんがチャンネルに参加しました"
    },
    {
        "type": "message",
        "subtype": "channel_join",
        "ts": "1638510102.001200",
        "user": "UGXHYR44Q",
        "text": "<@UGXHYR44Q>さんがチャンネルに参加しました"
    },
    {
        "type": "message",
        "subtype": "channel_join",
        "ts": "1638510273.001400",
        "user": "U02K7TWFJ83",
        "text": "<@U02K7TWFJ83>さんがチャンネルに参加しました"
    },
    {
        "type": "message",
        "subtype": "channel_join",
        "ts": "1638512064.001600",
        "user": "U01GAQPRFQB",
        "text": "<@U01GAQPRFQB>さんがチャンネルに参加しました"
    },
    {
        "type": "message",
        "subtype": "channel_join",
        "ts": "1638513941.001800",
        "user": "ULNRQ99GB",
        "text": "<@ULNRQ99GB>さんがチャンネルに参加しました"
    },
    {
        "type": "message",
        "subtype": "channel_join",
        "ts": "1638514026.002000",
        "user": "U02PYBSUJC8",
        "text": "<@U02PYBSUJC8>さんがチャンネルに参加しました"
    },
    {
        "type": "message",
        "subtype": "channel_join",
        "ts": "1638516306.002200",
        "user": "UHS4SFFA7",
        "text": "<@UHS4SFFA7>さんがチャンネルに参加しました"
    },
    {
        "type": "message",
        "subtype": "channel_join",
        "ts": "1638517685.002400",
        "user": "U014DRRJN0H",
        "text": "<@U014DRRJN0H>さんがチャンネルに参加しました"
    }
]