[
    {
        "type": "message",
        "subtype": "bot_message",
        "text": "",
        "ts": "1626963020.000700",
        "bot_id": "B01D39EAGTT",
        "attachments": [
            {
                "fallback": "hashicorp\/waypoint on GitHub\nv0.4.2v0.4.2 \nrelease note: <https:\/\/newreleases.io\/github\/hashicorp\/waypoint?version=v0.4.2>",
                "text": "*v0.4.2* `v0.4.2` \n```\n---------------------\n0.4.2 (July 22, 2021)\n---------------------\n\nFEATURES:\n\n* plugin: Allow debugging of plugins with tools like delve [ GH-1716 ( <https:\/\/github.com\/hashicorp\/waypoint\/issues\/1716> ) ]\n\nIMPROVEMENTS:\n\n* serverinstall\/k8s: Add information to cli output for upgrade path [ GH-1886 ( <https:\/\/github.com\/hashicorp\/waypoint\/issues\/1886> ) ]\n\n* ui: Incorporate pushed artifacts into build display [ GH-1840 ( <https:\/\/github.com\/hashicorp\/waypoint\/issues\/1840> ) ]\n\nBUG FIXES:\n\n* plugin\/aws\/ecs: Validate memory and cpu values [ GH-1872 ( <https:\/\/github.com\/hashicorp\/waypoint\/issues\/1872> ) ]\n\n* plugin\/nomad: Fix broken -nomad-runner-memory and -nomad-server-memory flags [ GH-1895 ( <https:\/\/github.com\/hashicorp\/waypoint\/issues\/1895> ) ]\n\n* serverinstall\/ecs: Validate memory and cpu values [ GH-1872 ( <https:\/\/github.com\/hashicorp\/waypoint\/issues\/1872> ) ]\n```\n<https:\/\/newreleases.io\/github\/hashicorp\/waypoint?version=v0.4.2|release note...>",
                "title": "hashicorp\/waypoint on GitHub",
                "id": 1,
                "title_link": "https:\/\/newreleases.io\/github\/hashicorp\/waypoint",
                "mrkdwn_in": [
                    "text"
                ]
            }
        ]
    },
    {
        "type": "message",
        "subtype": "bot_message",
        "text": "",
        "ts": "1626994248.000800",
        "bot_id": "B01D39EAGTT",
        "attachments": [
            {
                "fallback": "hashicorp\/terraform-provider-aws on GitHub\nv3.51.0",
                "text": "`v3.51.0`",
                "title": "hashicorp\/terraform-provider-aws on GitHub",
                "id": 1,
                "title_link": "https:\/\/newreleases.io\/github\/hashicorp\/terraform-provider-aws",
                "mrkdwn_in": [
                    "text"
                ]
            }
        ]
    }
]