[
    {
        "type": "message",
        "subtype": "bot_message",
        "text": "",
        "ts": "1627680209.000100",
        "bot_id": "B01D39EAGTT",
        "attachments": [
            {
                "fallback": "hashicorp\/terraform-provider-google on GitHub\n3.77.0v3.77.0 updated\nrelease note: <https:\/\/newreleases.io\/github\/hashicorp\/terraform-provider-google?version=v3.77.0>",
                "text": "*3.77.0* `v3.77.0` _updated_\n```\n----------------------\n3.77.0 (July 26, 2021)\n----------------------\n\nFEATURES:\n\n* *New Resource:* google_scc_notification_config ( #9578 ( <https:\/\/github.com\/hashicorp\/terraform-provider-google\/pull\/9578> ) )\n\nIMPROVEMENTS:\n\n* compute: fixed a permadiff bug in log_config field of google_compute_region_backend_service ( #9568 ( <https:\/\/github.com\/hashicorp\/terraform-provider-google\/pull\/9568> ) )\n\n* dlp: added crypto_replace_ffx_fpe_config and crypto_replace_ffx_fpe_config as primitive transformation types to google_data_loss_prevention_deidentify_template ( #9572 ( <https:\/\/github.com\/hashicorp\/terraform-provider-google\/pull\/9572> ) )\n\nBUG FIXES:\n\n* bigquerydatatransfer: fixed a bug where destination_dataset_id was required, it is now optional. ( #9605 ( <https:\/\/github.com\/hashicorp\/terraform-provider-google\/pull\/9605> ) )\n\n* billing: Fixed ordering of budget_filter. projects on google_billing_budget ( #9598 ( <https:\/\/github.com\/hashicorp\/terraform-provider-google\/pull\/9598> ) )\n\n* compute: removed default value of 0.8 from google_backend_service.backend.max_utilization and it will now default from API. All max_connections_xxx and max_rate_xxx will also default from API as these are all conditional on balancing mode. ( #9587 ( <https:\/\/github.com\/hashicorp\/terraform-provider-google\/pull\/9587> ) )\n\n* sql: fixed bug where the provider would retry on an error if the database instance name couldn't be reused. ( #9591 ( <https:\/\/github.com\/hashicorp\/terraform-provider-google\/pull\/9591> ) )\n```\n<https:\/\/newreleases.io\/github\/hashicorp\/terraform-provider-google?version=v3.77.0|release note...>",
                "title": "hashicorp\/terraform-provider-google on GitHub",
                "id": 1,
                "title_link": "https:\/\/newreleases.io\/github\/hashicorp\/terraform-provider-google",
                "mrkdwn_in": [
                    "text"
                ]
            }
        ]
    }
]