[
    {
        "type": "message",
        "subtype": "bot_message",
        "text": "",
        "ts": "1625069289.010000",
        "bot_id": "B01D39EAGTT",
        "attachments": [
            {
                "fallback": "hashicorp\/terraform on GitHub\nv1.1.0-alpha20210630v1.1.0-alpha20210630 pre-release\nrelease note: <https:\/\/newreleases.io\/github\/hashicorp\/terraform?version=v1.1.0-alpha20210630>",
                "text": "*v1.1.0-alpha20210630* `v1.1.0-alpha20210630` _pre-release_\n```\n------------------\n1.1.0 (Unreleased)\n------------------\n\nNEW FEATURES:\n\n* cli: terraform add generates resource configuration templates ( #28874 ( <https:\/\/github.com\/hashicorp\/terraform\/issues\/28874> ) )\n\n* config: a new type() function, only available in terraform console ( #28501 ( <https:\/\/github.com\/hashicorp\/terraform\/issues\/28501> ) )\n\nENHANCEMENTS:\n\n* config: Terraform now checks the syntax of and normalizes module source addresses (the source argument in module blocks) during configuration decoding rather than only at module installation time. This is largely just an internal refactoring, but a visible benefit of this change is that the terraform init messages about module downloading will now show the canonical module package address Terraform is downloading from, after interpreting the special shorthands for common cases like GitHub URLs. ( #28854 ( <https:\/\/github.com\/hashicorp\/terraform\/issues\/28854> ) )\n\nBUG FIXES:\n\n* core: Fixed an issue where provider configuration input variables were not properly merging with values in configuration ( #29000 ( <https:\/\/github.com\/hashicorp\/terraform\/issues\/29000> ) )\n\n* cli: Fixed a crashing bug with some edge-cases when reporting syntax errors that happen to be reported at the position of a newline. ( #29048 ( <https:\/\/github.com\/hashicorp\/terraform\/issues\/29048> ) )\n```\n<https:\/\/newreleases.io\/github\/hashicorp\/terraform?version=v1.1.0-alpha20210630|release note...>",
                "title": "hashicorp\/terraform on GitHub",
                "id": 1,
                "title_link": "https:\/\/newreleases.io\/github\/hashicorp\/terraform",
                "mrkdwn_in": [
                    "text"
                ]
            }
        ]
    },
    {
        "type": "message",
        "subtype": "bot_message",
        "text": "",
        "ts": "1625091013.010100",
        "bot_id": "B01D39EAGTT",
        "attachments": [
            {
                "fallback": "hashicorp\/boundary on GitHub\napi\/v0.0.13",
                "text": "`api\/v0.0.13`",
                "title": "hashicorp\/boundary on GitHub",
                "id": 1,
                "title_link": "https:\/\/newreleases.io\/github\/hashicorp\/boundary",
                "mrkdwn_in": [
                    "text"
                ]
            }
        ]
    },
    {
        "type": "message",
        "subtype": "bot_message",
        "text": "",
        "ts": "1625093518.010200",
        "bot_id": "B01D39EAGTT",
        "attachments": [
            {
                "fallback": "hashicorp\/boundary on GitHub\nv0.4.0v0.4.0 \nrelease note: <https:\/\/newreleases.io\/github\/hashicorp\/boundary?version=v0.4.0>",
                "text": "*v0.4.0* `v0.4.0` \n```\n------------------\n0.4.0 (2021\/06\/29)\n------------------\n\nNew and Improved\n----------------\n\n* Credential Stores: This release introduces Credential Stores, with the first\nimplementation targeting Vault. A credential store can be created that accepts\na Vault periodic token (which it will keep refreshed) and connection\ninformation allowing it to make requests to Vault.\n\n* Credential Libraries: This release introduces Credential Libraries, with the\nfirst implementation targeting Vault. Credential libraries describe how to\nmake a request to fetch a credential from the credential store. The first\ncredential library is the generic type that takes in a user-defined request\nbody to send to Vault and thus can work for any type of Vault secrets engine.\nWhen a credential library is used to fetch a credential, if the credential\ncontains a lease, Boundary will keep the credential refreshed, and revoke the\ncredential when the session that requested it is finished.\n\n* Credential Brokering: Credential libraries can be attached to targets; when a\nsession is authorized against that target, a credential will be fetched from\nthe library that is then relayed to the client. The client can then use this\ninformation to make a connection, allowing them to gain the benefit of dynamic\ncredential generation from Vault, but without needing their own Vault\nlogin\/token (see NOTE below).\n\n* boundary connect Credential Brokering Integration: Additionally, we have\nstarted integration into the boundary connect helpers, starting in this\nrelease with the Postgres helper; if the credential contains a\nusername\/password and boundary connect postgres is the helper being used,\nthe command will automatically pass the credentials to the psql process.\n\n* The worker will now close any existing proxy connections it is handling when\nit cannot make a status request to the worker. The timeout for this behavior\nis currently 15 seconds.\n\nNOTE: When using credential brokering, remember that if the user can connect\ndirectly to the end resource, they can use the brokered username and password\nvia that direct connection to skip Boundary. This isn't any different from\nnormal Boundary behavior (if a user can directly connect, they can bypass\nBoundary) but it's worth repeating.\n\nBug Fixes\n---------\n\n* scheduler: removes a Postgres check constraint, on the length of the controller name,\ncausing an error when the scheduler attempts to run jobs\n( issue ( <https:\/\/github.com\/hashicorp\/boundary\/issues\/1309> ) ,\nPR ( <https:\/\/github.com\/hashicorp\/boundary\/pull\/1310> ) ).\n```\n<https:\/\/newreleases.io\/github\/hashicorp\/boundary?version=v0.4.0|release note...>",
                "title": "hashicorp\/boundary on GitHub",
                "id": 1,
                "title_link": "https:\/\/newreleases.io\/github\/hashicorp\/boundary",
                "mrkdwn_in": [
                    "text"
                ]
            }
        ]
    },
    {
        "type": "message",
        "subtype": "bot_message",
        "text": "",
        "ts": "1625097198.010300",
        "bot_id": "B01D39EAGTT",
        "attachments": [
            {
                "fallback": "hashicorp\/terraform-provider-boundary on GitHub\nv1.0.3",
                "text": "`v1.0.3`",
                "title": "hashicorp\/terraform-provider-boundary on GitHub",
                "id": 1,
                "title_link": "https:\/\/newreleases.io\/github\/hashicorp\/terraform-provider-boundary",
                "mrkdwn_in": [
                    "text"
                ]
            }
        ]
    }
]