[
    {
        "type": "message",
        "subtype": "bot_message",
        "text": "",
        "ts": "1625681489.010900",
        "bot_id": "B01D39EAGTT",
        "attachments": [
            {
                "fallback": "hashicorp\/terraform on GitHub\nv1.0.2v1.0.2 \nrelease note: <https:\/\/newreleases.io\/github\/hashicorp\/terraform?version=v1.0.2>",
                "text": "*v1.0.2* `v1.0.2` \n```\n---------------------\n1.0.2 (July 07, 2021)\n---------------------\n\nBUG FIXES:\n\n* terraform show : Fix crash when rendering JSON plan with sensitive values in state ( #29049 ( <https:\/\/github.com\/hashicorp\/terraform\/issues\/29049> ) )\n\n* config: The floor and ceil functions no longer lower the precision of arguments to what would fit inside a 64-bit float, instead preserving precision in a similar way as most other arithmetic functions. ( #29110 ( <https:\/\/github.com\/hashicorp\/terraform\/issues\/29110> ) )\n\n* config: The flatten function was incorrectly treating null values of an unknown type as if they were unknown values. Now it will treat them the same as any other non-list\/non-tuple value, flattening them down into the result as-is. ( #29110 ( <https:\/\/github.com\/hashicorp\/terraform\/issues\/29110> ) )\n```\n<https:\/\/newreleases.io\/github\/hashicorp\/terraform?version=v1.0.2|release note...>",
                "title": "hashicorp\/terraform on GitHub",
                "id": 1,
                "title_link": "https:\/\/newreleases.io\/github\/hashicorp\/terraform",
                "mrkdwn_in": [
                    "text"
                ]
            }
        ]
    },
    {
        "type": "message",
        "subtype": "bot_message",
        "text": "",
        "ts": "1625688833.011000",
        "bot_id": "B01D39EAGTT",
        "attachments": [
            {
                "fallback": "hashicorp\/vagrant on GitHub\nv2.2.17",
                "text": "`v2.2.17`",
                "title": "hashicorp\/vagrant on GitHub",
                "id": 1,
                "title_link": "https:\/\/newreleases.io\/github\/hashicorp\/vagrant",
                "mrkdwn_in": [
                    "text"
                ]
            }
        ]
    }
]