[
    {
        "type": "message",
        "subtype": "bot_message",
        "text": "",
        "ts": "1626893428.000600",
        "bot_id": "B01D39EAGTT",
        "attachments": [
            {
                "fallback": "hashicorp\/terraform on GitHub\nv1.0.3v1.0.3 \nrelease note: <https:\/\/newreleases.io\/github\/hashicorp\/terraform?version=v1.0.3>",
                "text": "*v1.0.3* `v1.0.3` \n```\n---------------------\n1.0.3 (July 21, 2021)\n---------------------\n\nENHANCEMENTS\n\n* terraform plan : The JSON logs ( -json option) will now include resource_drift , showing changes detected outside of Terraform during the refresh step. ( #29072 ( <https:\/\/github.com\/hashicorp\/terraform\/issues\/29072> ) )\n\n* core: The automatic provider installer will now accept providers that are recorded in their registry as using provider protocol version 6. ( #29153 ( <https:\/\/github.com\/hashicorp\/terraform\/issues\/29153> ) )\n\n* backend\/etcdv3: New argument max_request_bytes allows larger requests and for the client, to match the server request limit. ( #28078 ( <https:\/\/github.com\/hashicorp\/terraform\/issues\/28078> ) )\n\nBUG FIXES:\n\n* terraform plan : Will no longer panic when trying to render null maps. ( #29207 ( <https:\/\/github.com\/hashicorp\/terraform\/issues\/29207> ) )\n\n* backend\/pg: Prevent the creation of multiple workspaces with the same name. ( #29157 ( <https:\/\/github.com\/hashicorp\/terraform\/issues\/29157> ) )\n\n* backend\/oss: STS auth is now supported. ( #29167 ( <https:\/\/github.com\/hashicorp\/terraform\/issues\/29167> ) )\n\n* config: Dynamic blocks with unknown for_each values were not being validated. Ensure block attributes are valid even when the block is unknown ( #29208 ( <https:\/\/github.com\/hashicorp\/terraform\/issues\/29208> ) )\n\n* config: Unknown values in string templates could lose sensitivity, causing the planned change to be inaccurate ( #29208 ( <https:\/\/github.com\/hashicorp\/terraform\/issues\/29208> ) )\n```\n<https:\/\/newreleases.io\/github\/hashicorp\/terraform?version=v1.0.3|release note...>",
                "title": "hashicorp\/terraform on GitHub",
                "id": 1,
                "title_link": "https:\/\/newreleases.io\/github\/hashicorp\/terraform",
                "mrkdwn_in": [
                    "text"
                ]
            }
        ]
    }
]