[
    {
        "client_msg_id": "5e059b4f-8fd4-4749-b6a4-cff5970ce6ee",
        "type": "message",
        "text": "↑(だいぶ遅レスですが、)Terraform EnterpriseやTerraform Cloudだとremote backendがtfstateのバージョン管理機構と排他制御機構を持っていて、そのへんの苦労から開放されます",
        "user": "UL90RPEQ7",
        "ts": "1577267399.016700",
        "team": "TFU0BKCQP",
        "user_team": "TFU0BKCQP",
        "source_team": "TFU0BKCQP",
        "user_profile": {
            "avatar_hash": "g577174512e7",
            "image_72": "https:\/\/secure.gravatar.com\/avatar\/8577174512e71b8d1c79683380febbd1.jpg?s=72&d=https%3A%2F%2Fa.slack-edge.com%2Fdf10d%2Fimg%2Favatars%2Fava_0026-72.png",
            "first_name": "sudoyu",
            "real_name": "sudoyu",
            "display_name": "",
            "team": "TFU0BKCQP",
            "name": "sudo.yu",
            "is_restricted": false,
            "is_ultra_restricted": false
        },
        "blocks": [
            {
                "type": "rich_text",
                "block_id": "jaY",
                "elements": [
                    {
                        "type": "rich_text_section",
                        "elements": [
                            {
                                "type": "text",
                                "text": "↑(だいぶ遅レスですが、)Terraform EnterpriseやTerraform Cloudだとremote backendがtfstateのバージョン管理機構と排他制御機構を持っていて、そのへんの苦労から開放されます"
                            }
                        ]
                    }
                ]
            }
        ],
        "reactions": [
            {
                "name": "thinking_face",
                "users": [
                    "UGW0ABZLG"
                ],
                "count": 1
            },
            {
                "name": "eyes",
                "users": [
                    "UR4NW10LD",
                    "UNY628KQB",
                    "UJ0HPTBD2"
                ],
                "count": 3
            }
        ]
    },
    {
        "client_msg_id": "e28bd8b2-0174-4119-9f7b-19a528962ba8",
        "type": "message",
        "text": "へぇそんな機能が。個人的にはOSSのAtlantisが気になってるんだけど、自前でサーバ立てないといけなくてまだ試せてない。AtlantisはPullRequest単位でコンフリクトしないように独自のロック機構を持ってるっぽいんですよね。",
        "user": "UHS4SFFA7",
        "ts": "1577271728.022800",
        "team": "TFU0BKCQP",
        "user_team": "TFU0BKCQP",
        "source_team": "TFU0BKCQP",
        "user_profile": {
            "avatar_hash": "gade34f8bdf1",
            "image_72": "https:\/\/secure.gravatar.com\/avatar\/5ade34f8bdf1b55c4ff82c11cf23cf42.jpg?s=72&d=https%3A%2F%2Fa.slack-edge.com%2Fdf10d%2Fimg%2Favatars%2Fava_0008-72.png",
            "first_name": "",
            "real_name": "minamijoyo",
            "display_name": "minamijoyo",
            "team": "TFU0BKCQP",
            "name": "minamijoyo",
            "is_restricted": false,
            "is_ultra_restricted": false
        },
        "blocks": [
            {
                "type": "rich_text",
                "block_id": "i6PbU",
                "elements": [
                    {
                        "type": "rich_text_section",
                        "elements": [
                            {
                                "type": "text",
                                "text": "へぇそんな機能が。個人的にはOSSのAtlantisが気になってるんだけど、自前でサーバ立てないといけなくてまだ試せてない。AtlantisはPullRequest単位でコンフリクトしないように独自のロック機構を持ってるっぽいんですよね。"
                            }
                        ]
                    }
                ]
            }
        ]
    },
    {
        "client_msg_id": "23960e80-a039-462d-8ee1-b628beb2c8bf",
        "type": "message",
        "text": "Atlantisはmasterではなく作業ブランチでapplyする戦略を取ってて、tfstateを手でいじっちゃうようなケースでもうまくはまりそうな予感がしている。",
        "user": "UHS4SFFA7",
        "ts": "1577272126.026600",
        "team": "TFU0BKCQP",
        "user_team": "TFU0BKCQP",
        "source_team": "TFU0BKCQP",
        "user_profile": {
            "avatar_hash": "gade34f8bdf1",
            "image_72": "https:\/\/secure.gravatar.com\/avatar\/5ade34f8bdf1b55c4ff82c11cf23cf42.jpg?s=72&d=https%3A%2F%2Fa.slack-edge.com%2Fdf10d%2Fimg%2Favatars%2Fava_0008-72.png",
            "first_name": "",
            "real_name": "minamijoyo",
            "display_name": "minamijoyo",
            "team": "TFU0BKCQP",
            "name": "minamijoyo",
            "is_restricted": false,
            "is_ultra_restricted": false
        },
        "blocks": [
            {
                "type": "rich_text",
                "block_id": "MJN",
                "elements": [
                    {
                        "type": "rich_text_section",
                        "elements": [
                            {
                                "type": "text",
                                "text": "Atlantisはmasterではなく作業ブランチでapplyする戦略を取ってて、tfstateを手でいじっちゃうようなケースでもうまくはまりそうな予感がしている。"
                            }
                        ]
                    }
                ]
            }
        ],
        "reactions": [
            {
                "name": "eyes",
                "users": [
                    "UGFSM002K",
                    "UJ0HPTBD2"
                ],
                "count": 2
            }
        ]
    }
]