[
    {
        "client_msg_id": "76557697-5914-480e-a96d-99383b5447c6",
        "type": "message",
        "text": "新作tfupdateの紹介を書いたよ↓\n<https:\/\/qiita.com\/minamijoyo\/items\/1350fb28ae82a3dbb354>",
        "user": "UHS4SFFA7",
        "ts": "1575250883.030000",
        "team": "TFU0BKCQP",
        "user_team": "TFU0BKCQP",
        "source_team": "TFU0BKCQP",
        "user_profile": {
            "avatar_hash": "gade34f8bdf1",
            "image_72": "https:\/\/secure.gravatar.com\/avatar\/5ade34f8bdf1b55c4ff82c11cf23cf42.jpg?s=72&d=https%3A%2F%2Fa.slack-edge.com%2Fdf10d%2Fimg%2Favatars%2Fava_0008-72.png",
            "first_name": "",
            "real_name": "minamijoyo",
            "display_name": "minamijoyo",
            "team": "TFU0BKCQP",
            "name": "minamijoyo",
            "is_restricted": false,
            "is_ultra_restricted": false
        },
        "attachments": [
            {
                "service_name": "Qiita",
                "title": "tfupdateでTerraform本体\/プロバイダ\/モジュールのバージョンアップを自動化する - Qiita",
                "title_link": "https:\/\/qiita.com\/minamijoyo\/items\/1350fb28ae82a3dbb354",
                "text": "# はじめに Terraform職人あらためシニアHCLエンジニア（？）の @minamijoyo です。 最近はHCL(HashiCorp Configuration Language)のパーサで遊んでいます。Terraform...",
                "fallback": "Qiita: tfupdateでTerraform本体\/プロバイダ\/モジュールのバージョンアップを自動化する - Qiita",
                "thumb_url": "https:\/\/cdn.qiita.com\/assets\/qiita-fb-2887e7b4aad86fd8c25cea84846f2236.png",
                "from_url": "https:\/\/qiita.com\/minamijoyo\/items\/1350fb28ae82a3dbb354",
                "thumb_width": 200,
                "thumb_height": 200,
                "service_icon": "https:\/\/cdn.qiita.com\/assets\/favicons\/public\/apple-touch-icon-f9a6afad761ec2306e10db2736187c8b.png",
                "id": 1,
                "original_url": "https:\/\/qiita.com\/minamijoyo\/items\/1350fb28ae82a3dbb354"
            }
        ],
        "blocks": [
            {
                "type": "rich_text",
                "block_id": "zzo3",
                "elements": [
                    {
                        "type": "rich_text_section",
                        "elements": [
                            {
                                "type": "text",
                                "text": "新作tfupdateの紹介を書いたよ↓\n"
                            },
                            {
                                "type": "link",
                                "url": "https:\/\/qiita.com\/minamijoyo\/items\/1350fb28ae82a3dbb354"
                            }
                        ]
                    }
                ]
            }
        ],
        "reactions": [
            {
                "name": "tada",
                "users": [
                    "UFU0BKD8F",
                    "UNZSA1277",
                    "UGW0ABZLG",
                    "UP3JFHZ8V",
                    "UR6TGPC0P",
                    "ULSFRJ2LR",
                    "UFTKSQ25T",
                    "UGVSWU1CY",
                    "ULFK57XL4",
                    "UGV9YDCVD"
                ],
                "count": 10
            },
            {
                "name": "eyes",
                "users": [
                    "UHVFQ5UUC",
                    "UFTKSQ25T",
                    "UGV9YDCVD"
                ],
                "count": 3
            },
            {
                "name": "clap",
                "users": [
                    "UHVFQ5UUC",
                    "UFTKSQ25T",
                    "UMVGSCQNS",
                    "ULFK57XL4",
                    "UGV9YDCVD"
                ],
                "count": 5
            }
        ]
    }
]