[
    {
        "client_msg_id": "1945f6c1-9b6a-410a-9d24-490537aba379",
        "type": "message",
        "text": "DataDog とかのインテグレーション用モジュールに何を使ってるかも相談したい。\nモジュールレジストリにあるやつが優先しやすいのはもちろんだけどgithubにあがってる野良のモジュールにもいいやつありそう。",
        "user": "UFU0BKD8F",
        "ts": "1579496904.015900",
        "team": "TFU0BKCQP",
        "user_team": "TFU0BKCQP",
        "source_team": "TFU0BKCQP",
        "user_profile": {
            "avatar_hash": "92c41c62c7b0",
            "image_72": "https:\/\/avatars.slack-edge.com\/2019-01-30\/537137791812_92c41c62c7b0f054d3dd_72.jpg",
            "first_name": "らき",
            "real_name": "らき",
            "display_name": "raki",
            "team": "TFU0BKCQP",
            "name": "nishimuray",
            "is_restricted": false,
            "is_ultra_restricted": false
        },
        "blocks": [
            {
                "type": "rich_text",
                "block_id": "cHHJ",
                "elements": [
                    {
                        "type": "rich_text_section",
                        "elements": [
                            {
                                "type": "text",
                                "text": "DataDog とかのインテグレーション用モジュールに何を使ってるかも相談したい。\nモジュールレジストリにあるやつが優先しやすいのはもちろんだけどgithubにあがってる野良のモジュールにもいいやつありそう。"
                            }
                        ]
                    }
                ]
            }
        ],
        "thread_ts": "1579232406.005700",
        "parent_user_id": "UFU0BKD8F"
    },
    {
        "client_msg_id": "ad40d7aa-5d23-489f-982e-67c2d9a5f9bd",
        "type": "message",
        "text": "`DataDog とかのインテグレーション用モジュール`  とは",
        "user": "UG46Z57TN",
        "ts": "1579498649.016100",
        "team": "TFU0BKCQP",
        "user_team": "TFU0BKCQP",
        "source_team": "TFU0BKCQP",
        "user_profile": {
            "avatar_hash": "c6bdd4cb17db",
            "image_72": "https:\/\/avatars.slack-edge.com\/2019-07-05\/685991185957_c6bdd4cb17db956661a1_72.jpg",
            "first_name": "Takeshi",
            "real_name": "Takeshi Kondo",
            "display_name": "chaspy",
            "team": "TFU0BKCQP",
            "name": "take.she12",
            "is_restricted": false,
            "is_ultra_restricted": false
        },
        "blocks": [
            {
                "type": "rich_text",
                "block_id": "FHZvW",
                "elements": [
                    {
                        "type": "rich_text_section",
                        "elements": [
                            {
                                "type": "text",
                                "text": "DataDog とかのインテグレーション用モジュール",
                                "style": {
                                    "code": true
                                }
                            },
                            {
                                "type": "text",
                                "text": "  とは"
                            }
                        ]
                    }
                ]
            }
        ],
        "thread_ts": "1579232406.005700",
        "parent_user_id": "UFU0BKD8F"
    },
    {
        "client_msg_id": "99cd9676-b0e7-405d-8676-9be177f21ca3",
        "type": "message",
        "text": "こういうの。 <https:\/\/registry.terraform.io\/search?q=datadog%20aws>",
        "user": "UFU0BKD8F",
        "ts": "1579499559.016300",
        "team": "TFU0BKCQP",
        "user_team": "TFU0BKCQP",
        "source_team": "TFU0BKCQP",
        "user_profile": {
            "avatar_hash": "92c41c62c7b0",
            "image_72": "https:\/\/avatars.slack-edge.com\/2019-01-30\/537137791812_92c41c62c7b0f054d3dd_72.jpg",
            "first_name": "らき",
            "real_name": "らき",
            "display_name": "raki",
            "team": "TFU0BKCQP",
            "name": "nishimuray",
            "is_restricted": false,
            "is_ultra_restricted": false
        },
        "blocks": [
            {
                "type": "rich_text",
                "block_id": "z6q",
                "elements": [
                    {
                        "type": "rich_text_section",
                        "elements": [
                            {
                                "type": "text",
                                "text": "こういうの。 "
                            },
                            {
                                "type": "link",
                                "url": "https:\/\/registry.terraform.io\/search?q=datadog%20aws"
                            }
                        ]
                    }
                ]
            }
        ],
        "thread_ts": "1579232406.005700",
        "parent_user_id": "UFU0BKD8F"
    },
    {
        "client_msg_id": "aab06302-39b8-4e33-9b54-3a585d1a9f79",
        "type": "message",
        "text": "この中でもRDS Enhanceに対応してるのはこれとかで。\n<https:\/\/registry.terraform.io\/modules\/mockingbirdconsulting\/datadog-aws-integration\/aws\/0.0.7>",
        "user": "UFU0BKD8F",
        "ts": "1579499684.016500",
        "team": "TFU0BKCQP",
        "user_team": "TFU0BKCQP",
        "source_team": "TFU0BKCQP",
        "user_profile": {
            "avatar_hash": "92c41c62c7b0",
            "image_72": "https:\/\/avatars.slack-edge.com\/2019-01-30\/537137791812_92c41c62c7b0f054d3dd_72.jpg",
            "first_name": "らき",
            "real_name": "らき",
            "display_name": "raki",
            "team": "TFU0BKCQP",
            "name": "nishimuray",
            "is_restricted": false,
            "is_ultra_restricted": false
        },
        "blocks": [
            {
                "type": "rich_text",
                "block_id": "QODF",
                "elements": [
                    {
                        "type": "rich_text_section",
                        "elements": [
                            {
                                "type": "text",
                                "text": "この中でもRDS Enhanceに対応してるのはこれとかで。\n"
                            },
                            {
                                "type": "link",
                                "url": "https:\/\/registry.terraform.io\/modules\/mockingbirdconsulting\/datadog-aws-integration\/aws\/0.0.7"
                            }
                        ]
                    }
                ]
            }
        ],
        "thread_ts": "1579232406.005700",
        "parent_user_id": "UFU0BKD8F"
    },
    {
        "client_msg_id": "a0e79130-ef5d-4984-8443-b26bdf23f13e",
        "type": "message",
        "text": "こういう野良モジュールとどっちが使い勝手いいかなとか。\n<https:\/\/github.com\/traveloka\/terraform-aws-rds-enhanced-metrics>",
        "user": "UFU0BKD8F",
        "ts": "1579499755.016700",
        "team": "TFU0BKCQP",
        "user_team": "TFU0BKCQP",
        "source_team": "TFU0BKCQP",
        "user_profile": {
            "avatar_hash": "92c41c62c7b0",
            "image_72": "https:\/\/avatars.slack-edge.com\/2019-01-30\/537137791812_92c41c62c7b0f054d3dd_72.jpg",
            "first_name": "らき",
            "real_name": "らき",
            "display_name": "raki",
            "team": "TFU0BKCQP",
            "name": "nishimuray",
            "is_restricted": false,
            "is_ultra_restricted": false
        },
        "attachments": [
            {
                "fallback": "traveloka\/terraform-aws-rds-enhanced-metrics",
                "text": "Terraform module which creates resources of Lambda function to send RDS enhanced metrics to Datadog",
                "title": "traveloka\/terraform-aws-rds-enhanced-metrics",
                "footer": "<https:\/\/github.com\/traveloka\/terraform-aws-rds-enhanced-metrics|traveloka\/terraform-aws-rds-enhanced-metrics>",
                "id": 1,
                "footer_icon": "https:\/\/github.githubassets.com\/favicon.ico",
                "ts": 1540276096,
                "color": "24292f",
                "fields": [
                    {
                        "title": "Stars",
                        "value": "2",
                        "short": true
                    },
                    {
                        "title": "Language",
                        "value": "Python",
                        "short": true
                    }
                ],
                "mrkdwn_in": [
                    "text",
                    "fields"
                ],
                "bot_id": "BH12QQBB4",
                "app_unfurl_url": "https:\/\/github.com\/traveloka\/terraform-aws-rds-enhanced-metrics",
                "is_app_unfurl": true
            }
        ],
        "blocks": [
            {
                "type": "rich_text",
                "block_id": "jkFPi",
                "elements": [
                    {
                        "type": "rich_text_section",
                        "elements": [
                            {
                                "type": "text",
                                "text": "こういう野良モジュールとどっちが使い勝手いいかなとか。\n"
                            },
                            {
                                "type": "link",
                                "url": "https:\/\/github.com\/traveloka\/terraform-aws-rds-enhanced-metrics"
                            }
                        ]
                    }
                ]
            }
        ],
        "thread_ts": "1579232406.005700",
        "parent_user_id": "UFU0BKD8F"
    },
    {
        "client_msg_id": "8c2913ca-d0e5-4952-93f4-b636325e8fe8",
        "type": "message",
        "text": "正規の DataDog の serverless コードあるんだけど、これを submoduleで引っ張って処理しようみたいなコードがないんだよね。。。\nいい加減自前で作ろうかなとか思ってる。。。\n<https:\/\/github.com\/DataDog\/datadog-serverless-functions>",
        "user": "UFU0BKD8F",
        "ts": "1579499937.017000",
        "team": "TFU0BKCQP",
        "user_team": "TFU0BKCQP",
        "source_team": "TFU0BKCQP",
        "user_profile": {
            "avatar_hash": "92c41c62c7b0",
            "image_72": "https:\/\/avatars.slack-edge.com\/2019-01-30\/537137791812_92c41c62c7b0f054d3dd_72.jpg",
            "first_name": "らき",
            "real_name": "らき",
            "display_name": "raki",
            "team": "TFU0BKCQP",
            "name": "nishimuray",
            "is_restricted": false,
            "is_ultra_restricted": false
        },
        "attachments": [
            {
                "fallback": "DataDog\/datadog-serverless-functions",
                "text": "Repo of lambda functions that process streams and send data to datadog",
                "title": "DataDog\/datadog-serverless-functions",
                "footer": "<https:\/\/github.com\/DataDog\/datadog-serverless-functions|DataDog\/datadog-serverless-functions>",
                "id": 1,
                "footer_icon": "https:\/\/github.githubassets.com\/favicon.ico",
                "ts": 1450382664,
                "color": "24292f",
                "fields": [
                    {
                        "title": "Stars",
                        "value": "132",
                        "short": true
                    },
                    {
                        "title": "Language",
                        "value": "Python",
                        "short": true
                    }
                ],
                "mrkdwn_in": [
                    "text",
                    "fields"
                ],
                "bot_id": "BH12QQBB4",
                "app_unfurl_url": "https:\/\/github.com\/DataDog\/datadog-serverless-functions",
                "is_app_unfurl": true
            }
        ],
        "blocks": [
            {
                "type": "rich_text",
                "block_id": "+kF",
                "elements": [
                    {
                        "type": "rich_text_section",
                        "elements": [
                            {
                                "type": "text",
                                "text": "正規の DataDog の serverless コードあるんだけど、これを submoduleで引っ張って処理しようみたいなコードがないんだよね。。。\nいい加減自前で作ろうかなとか思ってる。。。\n"
                            },
                            {
                                "type": "link",
                                "url": "https:\/\/github.com\/DataDog\/datadog-serverless-functions"
                            }
                        ]
                    }
                ]
            }
        ],
        "thread_ts": "1579232406.005700",
        "parent_user_id": "UFU0BKD8F"
    }
]