[
    {
        "client_msg_id": "d9444c8e-f76b-442a-ad71-64335b41c252",
        "type": "message",
        "text": "meetup 後1時間ぐらいを目処に zoom で雑談懇親会やろうと思いますので気持ちの準備お願いします〜",
        "user": "UG46Z57TN",
        "ts": "1612874959.000900",
        "team": "TFU0BKCQP",
        "user_team": "TFU0BKCQP",
        "source_team": "TFU0BKCQP",
        "user_profile": {
            "avatar_hash": "c6bdd4cb17db",
            "image_72": "https:\/\/avatars.slack-edge.com\/2019-07-05\/685991185957_c6bdd4cb17db956661a1_72.jpg",
            "first_name": "Takeshi",
            "real_name": "Takeshi Kondo",
            "display_name": "chaspy",
            "team": "TFU0BKCQP",
            "name": "take.she12",
            "is_restricted": false,
            "is_ultra_restricted": false
        },
        "blocks": [
            {
                "type": "rich_text",
                "block_id": "7e=W",
                "elements": [
                    {
                        "type": "rich_text_section",
                        "elements": [
                            {
                                "type": "text",
                                "text": "meetup 後1時間ぐらいを目処に zoom で雑談懇親会やろうと思いますので気持ちの準備お願いします〜"
                            }
                        ]
                    }
                ]
            }
        ],
        "reactions": [
            {
                "name": "tada",
                "users": [
                    "UFU0BKD8F",
                    "U01JJL7NLKE",
                    "U01K2CMHZCY"
                ],
                "count": 3
            }
        ]
    },
    {
        "client_msg_id": "8c5d4003-5357-4e4b-a16e-cbfc760e463e",
        "type": "message",
        "text": "HashiCorp 奥さんのお話中",
        "user": "UFU0BKD8F",
        "ts": "1612941276.002500",
        "team": "TFU0BKCQP",
        "user_team": "TFU0BKCQP",
        "source_team": "TFU0BKCQP",
        "user_profile": {
            "avatar_hash": "92c41c62c7b0",
            "image_72": "https:\/\/avatars.slack-edge.com\/2019-01-30\/537137791812_92c41c62c7b0f054d3dd_72.jpg",
            "first_name": "らき",
            "real_name": "らき",
            "display_name": "raki",
            "team": "TFU0BKCQP",
            "name": "nishimuray",
            "is_restricted": false,
            "is_ultra_restricted": false
        },
        "blocks": [
            {
                "type": "rich_text",
                "block_id": "XhE6d",
                "elements": [
                    {
                        "type": "rich_text_section",
                        "elements": [
                            {
                                "type": "text",
                                "text": "HashiCorp 奥さんのお話中"
                            }
                        ]
                    }
                ]
            }
        ]
    },
    {
        "client_msg_id": "6a2b5538-b888-4021-87b9-2b4cc8b7c922",
        "type": "message",
        "text": "あ、質問等々、何か言いたいことがあったらこのチャンネルにばんばん\n書いてもらえるといいと思います。",
        "user": "UFU0BKD8F",
        "ts": "1612941480.003100",
        "team": "TFU0BKCQP",
        "user_team": "TFU0BKCQP",
        "source_team": "TFU0BKCQP",
        "user_profile": {
            "avatar_hash": "92c41c62c7b0",
            "image_72": "https:\/\/avatars.slack-edge.com\/2019-01-30\/537137791812_92c41c62c7b0f054d3dd_72.jpg",
            "first_name": "らき",
            "real_name": "らき",
            "display_name": "raki",
            "team": "TFU0BKCQP",
            "name": "nishimuray",
            "is_restricted": false,
            "is_ultra_restricted": false
        },
        "blocks": [
            {
                "type": "rich_text",
                "block_id": "0\/vC",
                "elements": [
                    {
                        "type": "rich_text_section",
                        "elements": [
                            {
                                "type": "text",
                                "text": "あ、質問等々、何か言いたいことがあったらこのチャンネルにばんばん\n書いてもらえるといいと思います。"
                            }
                        ]
                    }
                ]
            }
        ]
    },
    {
        "client_msg_id": "7efdbdad-dcf2-419a-bce8-1362cfb3666b",
        "type": "message",
        "text": "grasys モリナガさんのお話中",
        "user": "UFU0BKD8F",
        "ts": "1612942284.003700",
        "team": "TFU0BKCQP",
        "user_team": "TFU0BKCQP",
        "source_team": "TFU0BKCQP",
        "user_profile": {
            "avatar_hash": "92c41c62c7b0",
            "image_72": "https:\/\/avatars.slack-edge.com\/2019-01-30\/537137791812_92c41c62c7b0f054d3dd_72.jpg",
            "first_name": "らき",
            "real_name": "らき",
            "display_name": "raki",
            "team": "TFU0BKCQP",
            "name": "nishimuray",
            "is_restricted": false,
            "is_ultra_restricted": false
        },
        "blocks": [
            {
                "type": "rich_text",
                "block_id": "ubYk",
                "elements": [
                    {
                        "type": "rich_text_section",
                        "elements": [
                            {
                                "type": "text",
                                "text": "grasys モリナガさんのお話中"
                            }
                        ]
                    }
                ]
            }
        ]
    },
    {
        "client_msg_id": "563e774d-cd0a-485f-8062-ef323328a10b",
        "type": "message",
        "text": "terraform 初心者とか使ってみたいなーてひともきいていそうである",
        "user": "UG46Z57TN",
        "ts": "1612942311.004200",
        "team": "TFU0BKCQP",
        "user_team": "TFU0BKCQP",
        "source_team": "TFU0BKCQP",
        "user_profile": {
            "avatar_hash": "c6bdd4cb17db",
            "image_72": "https:\/\/avatars.slack-edge.com\/2019-07-05\/685991185957_c6bdd4cb17db956661a1_72.jpg",
            "first_name": "Takeshi",
            "real_name": "Takeshi Kondo",
            "display_name": "chaspy",
            "team": "TFU0BKCQP",
            "name": "take.she12",
            "is_restricted": false,
            "is_ultra_restricted": false
        },
        "blocks": [
            {
                "type": "rich_text",
                "block_id": "chH0",
                "elements": [
                    {
                        "type": "rich_text_section",
                        "elements": [
                            {
                                "type": "text",
                                "text": "terraform 初心者とか使ってみたいなーてひともきいていそうである"
                            }
                        ]
                    }
                ]
            }
        ]
    },
    {
        "client_msg_id": "8109ef3b-96ed-4385-9173-deecd792be5e",
        "type": "message",
        "text": "twitter hash tag でつぶやいてーって言えばよかったかな？",
        "user": "UG46Z57TN",
        "ts": "1612942337.004500",
        "team": "TFU0BKCQP",
        "user_team": "TFU0BKCQP",
        "source_team": "TFU0BKCQP",
        "user_profile": {
            "avatar_hash": "c6bdd4cb17db",
            "image_72": "https:\/\/avatars.slack-edge.com\/2019-07-05\/685991185957_c6bdd4cb17db956661a1_72.jpg",
            "first_name": "Takeshi",
            "real_name": "Takeshi Kondo",
            "display_name": "chaspy",
            "team": "TFU0BKCQP",
            "name": "take.she12",
            "is_restricted": false,
            "is_ultra_restricted": false
        },
        "blocks": [
            {
                "type": "rich_text",
                "block_id": "lNx",
                "elements": [
                    {
                        "type": "rich_text_section",
                        "elements": [
                            {
                                "type": "text",
                                "text": "twitter hash tag でつぶやいてーって言えばよかったかな？"
                            }
                        ]
                    }
                ]
            }
        ]
    },
    {
        "client_msg_id": "999265fb-b821-4c5a-a8f1-701ab91fee5e",
        "type": "message",
        "text": "つぶやく人はつぶやくんじゃない？",
        "user": "UFU0BKD8F",
        "ts": "1612942369.005000",
        "team": "TFU0BKCQP",
        "user_team": "TFU0BKCQP",
        "source_team": "TFU0BKCQP",
        "user_profile": {
            "avatar_hash": "92c41c62c7b0",
            "image_72": "https:\/\/avatars.slack-edge.com\/2019-01-30\/537137791812_92c41c62c7b0f054d3dd_72.jpg",
            "first_name": "らき",
            "real_name": "らき",
            "display_name": "raki",
            "team": "TFU0BKCQP",
            "name": "nishimuray",
            "is_restricted": false,
            "is_ultra_restricted": false
        },
        "blocks": [
            {
                "type": "rich_text",
                "block_id": "+W2n",
                "elements": [
                    {
                        "type": "rich_text_section",
                        "elements": [
                            {
                                "type": "text",
                                "text": "つぶやく人はつぶやくんじゃない？"
                            }
                        ]
                    }
                ]
            }
        ]
    },
    {
        "client_msg_id": "e246797d-1534-472f-b15c-12b31b6265c1",
        "type": "message",
        "text": "むしろ今ここに書いて欲しい。。。",
        "user": "UFU0BKD8F",
        "ts": "1612942378.005300",
        "team": "TFU0BKCQP",
        "user_team": "TFU0BKCQP",
        "source_team": "TFU0BKCQP",
        "user_profile": {
            "avatar_hash": "92c41c62c7b0",
            "image_72": "https:\/\/avatars.slack-edge.com\/2019-01-30\/537137791812_92c41c62c7b0f054d3dd_72.jpg",
            "first_name": "らき",
            "real_name": "らき",
            "display_name": "raki",
            "team": "TFU0BKCQP",
            "name": "nishimuray",
            "is_restricted": false,
            "is_ultra_restricted": false
        },
        "blocks": [
            {
                "type": "rich_text",
                "block_id": "FLY",
                "elements": [
                    {
                        "type": "rich_text_section",
                        "elements": [
                            {
                                "type": "text",
                                "text": "むしろ今ここに書いて欲しい。。。"
                            }
                        ]
                    }
                ]
            }
        ]
    },
    {
        "client_msg_id": "33039b7b-85cb-4b43-8318-b5e28ad5294a",
        "type": "message",
        "text": "先に書かないと人間つづかないからね",
        "user": "UG46Z57TN",
        "ts": "1612942397.005700",
        "team": "TFU0BKCQP",
        "user_team": "TFU0BKCQP",
        "source_team": "TFU0BKCQP",
        "user_profile": {
            "avatar_hash": "c6bdd4cb17db",
            "image_72": "https:\/\/avatars.slack-edge.com\/2019-07-05\/685991185957_c6bdd4cb17db956661a1_72.jpg",
            "first_name": "Takeshi",
            "real_name": "Takeshi Kondo",
            "display_name": "chaspy",
            "team": "TFU0BKCQP",
            "name": "take.she12",
            "is_restricted": false,
            "is_ultra_restricted": false
        },
        "blocks": [
            {
                "type": "rich_text",
                "block_id": "yO22",
                "elements": [
                    {
                        "type": "rich_text_section",
                        "elements": [
                            {
                                "type": "text",
                                "text": "先に書かないと人間つづかないからね"
                            }
                        ]
                    }
                ]
            }
        ]
    },
    {
        "client_msg_id": "b4e64432-233c-4c59-93cd-4aa653492a91",
        "type": "message",
        "text": "たし:cancer:",
        "user": "UFU0BKD8F",
        "ts": "1612942566.006000",
        "team": "TFU0BKCQP",
        "user_team": "TFU0BKCQP",
        "source_team": "TFU0BKCQP",
        "user_profile": {
            "avatar_hash": "92c41c62c7b0",
            "image_72": "https:\/\/avatars.slack-edge.com\/2019-01-30\/537137791812_92c41c62c7b0f054d3dd_72.jpg",
            "first_name": "らき",
            "real_name": "らき",
            "display_name": "raki",
            "team": "TFU0BKCQP",
            "name": "nishimuray",
            "is_restricted": false,
            "is_ultra_restricted": false
        },
        "blocks": [
            {
                "type": "rich_text",
                "block_id": "kNEl5",
                "elements": [
                    {
                        "type": "rich_text_section",
                        "elements": [
                            {
                                "type": "text",
                                "text": "たし"
                            },
                            {
                                "type": "emoji",
                                "name": "cancer"
                            }
                        ]
                    }
                ]
            }
        ]
    },
    {
        "client_msg_id": "3149398a-6334-4db3-a054-392feed1515e",
        "type": "message",
        "text": "<https:\/\/twitter.com\/sogaoh\/status\/1359405837920313346?s=20>",
        "user": "UFT60TQCQ",
        "ts": "1612942638.006200",
        "team": "TFU0BKCQP",
        "user_team": "TFU0BKCQP",
        "source_team": "TFU0BKCQP",
        "user_profile": {
            "avatar_hash": "f10ceef4e6f6",
            "image_72": "https:\/\/avatars.slack-edge.com\/2019-01-31\/539093872183_f10ceef4e6f603f1f094_72.jpg",
            "first_name": "sogaoh",
            "real_name": "sogaoh",
            "display_name": "",
            "team": "TFU0BKCQP",
            "name": "sogaoh",
            "is_restricted": false,
            "is_ultra_restricted": false
        },
        "attachments": [
            {
                "fallback": "<https:\/\/twitter.com\/sogaoh|@sogaoh>: #terraformjp 耳join",
                "ts": 1612942582,
                "author_name": "央",
                "author_link": "https:\/\/twitter.com\/sogaoh\/status\/1359405837920313346",
                "author_icon": "https:\/\/pbs.twimg.com\/profile_images\/1245373008425828352\/pzwbnHdn_normal.jpg",
                "author_subname": "@sogaoh",
                "text": "#terraformjp 耳join",
                "service_name": "twitter",
                "service_url": "https:\/\/twitter.com\/",
                "from_url": "https:\/\/twitter.com\/sogaoh\/status\/1359405837920313346?s=20",
                "id": 1,
                "original_url": "https:\/\/twitter.com\/sogaoh\/status\/1359405837920313346?s=20",
                "footer": "Twitter",
                "footer_icon": "https:\/\/a.slack-edge.com\/80588\/img\/services\/twitter_pixel_snapped_32.png"
            }
        ],
        "blocks": [
            {
                "type": "rich_text",
                "block_id": "d\/o",
                "elements": [
                    {
                        "type": "rich_text_section",
                        "elements": [
                            {
                                "type": "link",
                                "url": "https:\/\/twitter.com\/sogaoh\/status\/1359405837920313346?s=20"
                            }
                        ]
                    }
                ]
            }
        ],
        "reactions": [
            {
                "name": "+1",
                "users": [
                    "UFU0BKD8F",
                    "UG46Z57TN"
                ],
                "count": 2
            }
        ]
    },
    {
        "client_msg_id": "33bf73ed-e077-4d8b-8c49-b210d1f4c45d",
        "type": "message",
        "text": "terraform は t , git は g , kubectl は k ってalias 切ってるのですごいしょっちゅうミスるｗｗ",
        "user": "UFU0BKD8F",
        "ts": "1612942747.007200",
        "team": "TFU0BKCQP",
        "user_team": "TFU0BKCQP",
        "source_team": "TFU0BKCQP",
        "user_profile": {
            "avatar_hash": "92c41c62c7b0",
            "image_72": "https:\/\/avatars.slack-edge.com\/2019-01-30\/537137791812_92c41c62c7b0f054d3dd_72.jpg",
            "first_name": "らき",
            "real_name": "らき",
            "display_name": "raki",
            "team": "TFU0BKCQP",
            "name": "nishimuray",
            "is_restricted": false,
            "is_ultra_restricted": false
        },
        "blocks": [
            {
                "type": "rich_text",
                "block_id": "GoGZp",
                "elements": [
                    {
                        "type": "rich_text_section",
                        "elements": [
                            {
                                "type": "text",
                                "text": "terraform は t , git は g , kubectl は k ってalias 切ってるのですごいしょっちゅうミスるｗｗ"
                            }
                        ]
                    }
                ]
            }
        ]
    },
    {
        "client_msg_id": "9fdb532c-c2e9-489b-ae5d-ceef165d110c",
        "type": "message",
        "text": "waypoint は wp",
        "user": "UFU0BKD8F",
        "ts": "1612942767.007600",
        "team": "TFU0BKCQP",
        "user_team": "TFU0BKCQP",
        "source_team": "TFU0BKCQP",
        "user_profile": {
            "avatar_hash": "92c41c62c7b0",
            "image_72": "https:\/\/avatars.slack-edge.com\/2019-01-30\/537137791812_92c41c62c7b0f054d3dd_72.jpg",
            "first_name": "らき",
            "real_name": "らき",
            "display_name": "raki",
            "team": "TFU0BKCQP",
            "name": "nishimuray",
            "is_restricted": false,
            "is_ultra_restricted": false
        },
        "blocks": [
            {
                "type": "rich_text",
                "block_id": "qOR",
                "elements": [
                    {
                        "type": "rich_text_section",
                        "elements": [
                            {
                                "type": "text",
                                "text": "waypoint は wp"
                            }
                        ]
                    }
                ]
            }
        ]
    },
    {
        "client_msg_id": "3dd89cb7-9c9d-47bf-8409-fd7b63273e4e",
        "type": "message",
        "text": "tf と kb だなあ",
        "user": "UG46Z57TN",
        "ts": "1612942775.007800",
        "team": "TFU0BKCQP",
        "user_team": "TFU0BKCQP",
        "source_team": "TFU0BKCQP",
        "user_profile": {
            "avatar_hash": "c6bdd4cb17db",
            "image_72": "https:\/\/avatars.slack-edge.com\/2019-07-05\/685991185957_c6bdd4cb17db956661a1_72.jpg",
            "first_name": "Takeshi",
            "real_name": "Takeshi Kondo",
            "display_name": "chaspy",
            "team": "TFU0BKCQP",
            "name": "take.she12",
            "is_restricted": false,
            "is_ultra_restricted": false
        },
        "blocks": [
            {
                "type": "rich_text",
                "block_id": "60GG",
                "elements": [
                    {
                        "type": "rich_text_section",
                        "elements": [
                            {
                                "type": "text",
                                "text": "tf と kb だなあ"
                            }
                        ]
                    }
                ]
            }
        ]
    },
    {
        "client_msg_id": "e1531fae-f3cc-48d2-a88c-2a252319b71e",
        "type": "message",
        "text": "tf は terraform fmt じゃろ",
        "user": "UFU0BKD8F",
        "ts": "1612942895.008100",
        "team": "TFU0BKCQP",
        "user_team": "TFU0BKCQP",
        "source_team": "TFU0BKCQP",
        "user_profile": {
            "avatar_hash": "92c41c62c7b0",
            "image_72": "https:\/\/avatars.slack-edge.com\/2019-01-30\/537137791812_92c41c62c7b0f054d3dd_72.jpg",
            "first_name": "らき",
            "real_name": "らき",
            "display_name": "raki",
            "team": "TFU0BKCQP",
            "name": "nishimuray",
            "is_restricted": false,
            "is_ultra_restricted": false
        },
        "blocks": [
            {
                "type": "rich_text",
                "block_id": "m4wX",
                "elements": [
                    {
                        "type": "rich_text_section",
                        "elements": [
                            {
                                "type": "text",
                                "text": "tf は terraform fmt じゃろ"
                            }
                        ]
                    }
                ]
            }
        ]
    },
    {
        "client_msg_id": "240d7ff1-eb7e-4120-8cc9-195dea836748",
        "type": "message",
        "text": "tf fmt 打ってる",
        "user": "UG46Z57TN",
        "ts": "1612942905.008300",
        "team": "TFU0BKCQP",
        "user_team": "TFU0BKCQP",
        "source_team": "TFU0BKCQP",
        "user_profile": {
            "avatar_hash": "c6bdd4cb17db",
            "image_72": "https:\/\/avatars.slack-edge.com\/2019-07-05\/685991185957_c6bdd4cb17db956661a1_72.jpg",
            "first_name": "Takeshi",
            "real_name": "Takeshi Kondo",
            "display_name": "chaspy",
            "team": "TFU0BKCQP",
            "name": "take.she12",
            "is_restricted": false,
            "is_ultra_restricted": false
        },
        "blocks": [
            {
                "type": "rich_text",
                "block_id": "tBJ",
                "elements": [
                    {
                        "type": "rich_text_section",
                        "elements": [
                            {
                                "type": "text",
                                "text": "tf fmt 打ってる"
                            }
                        ]
                    }
                ]
            }
        ]
    },
    {
        "client_msg_id": "f847ce64-e1bb-4c4d-bb14-987de8cec538",
        "type": "message",
        "text": "fmtはエディタで自動実行してる派で手で打たない",
        "user": "UHS4SFFA7",
        "ts": "1612942977.009500",
        "team": "TFU0BKCQP",
        "user_team": "TFU0BKCQP",
        "source_team": "TFU0BKCQP",
        "user_profile": {
            "avatar_hash": "gade34f8bdf1",
            "image_72": "https:\/\/secure.gravatar.com\/avatar\/5ade34f8bdf1b55c4ff82c11cf23cf42.jpg?s=72&d=https%3A%2F%2Fa.slack-edge.com%2Fdf10d%2Fimg%2Favatars%2Fava_0008-72.png",
            "first_name": "",
            "real_name": "minamijoyo",
            "display_name": "minamijoyo",
            "team": "TFU0BKCQP",
            "name": "minamijoyo",
            "is_restricted": false,
            "is_ultra_restricted": false
        },
        "blocks": [
            {
                "type": "rich_text",
                "block_id": "0+Kkk",
                "elements": [
                    {
                        "type": "rich_text_section",
                        "elements": [
                            {
                                "type": "text",
                                "text": "fmtはエディタで自動実行してる派で手で打たない"
                            }
                        ]
                    }
                ]
            }
        ],
        "reactions": [
            {
                "name": "heavy_plus_sign",
                "users": [
                    "UREE40K7A"
                ],
                "count": 1
            },
            {
                "name": "dart",
                "users": [
                    "UFU0BKD8F"
                ],
                "count": 1
            }
        ]
    },
    {
        "client_msg_id": "96b768aa-fda5-478e-9eb0-5229aa56491b",
        "type": "message",
        "text": "OSSでもactionsとかで実現できそうな:thinking_face:",
        "user": "UFU0BKD8F",
        "ts": "1612943255.011100",
        "team": "TFU0BKCQP",
        "user_team": "TFU0BKCQP",
        "source_team": "TFU0BKCQP",
        "user_profile": {
            "avatar_hash": "92c41c62c7b0",
            "image_72": "https:\/\/avatars.slack-edge.com\/2019-01-30\/537137791812_92c41c62c7b0f054d3dd_72.jpg",
            "first_name": "らき",
            "real_name": "らき",
            "display_name": "raki",
            "team": "TFU0BKCQP",
            "name": "nishimuray",
            "is_restricted": false,
            "is_ultra_restricted": false
        },
        "blocks": [
            {
                "type": "rich_text",
                "block_id": "PL5N",
                "elements": [
                    {
                        "type": "rich_text_section",
                        "elements": [
                            {
                                "type": "text",
                                "text": "OSSでもactionsとかで実現できそうな"
                            },
                            {
                                "type": "emoji",
                                "name": "thinking_face"
                            }
                        ]
                    }
                ]
            }
        ]
    },
    {
        "client_msg_id": "9421b154-fca7-4984-9049-7e6d87c9ef0f",
        "type": "message",
        "text": "fmtして差分が出たらそのままコミットしてpushとかはできますね",
        "user": "UHS4SFFA7",
        "ts": "1612943301.011800",
        "team": "TFU0BKCQP",
        "user_team": "TFU0BKCQP",
        "source_team": "TFU0BKCQP",
        "user_profile": {
            "avatar_hash": "gade34f8bdf1",
            "image_72": "https:\/\/secure.gravatar.com\/avatar\/5ade34f8bdf1b55c4ff82c11cf23cf42.jpg?s=72&d=https%3A%2F%2Fa.slack-edge.com%2Fdf10d%2Fimg%2Favatars%2Fava_0008-72.png",
            "first_name": "",
            "real_name": "minamijoyo",
            "display_name": "minamijoyo",
            "team": "TFU0BKCQP",
            "name": "minamijoyo",
            "is_restricted": false,
            "is_ultra_restricted": false
        },
        "blocks": [
            {
                "type": "rich_text",
                "block_id": "2\/PuH",
                "elements": [
                    {
                        "type": "rich_text_section",
                        "elements": [
                            {
                                "type": "text",
                                "text": "fmtして差分が出たらそのままコミットしてpushとかはできますね"
                            }
                        ]
                    }
                ]
            }
        ]
    },
    {
        "client_msg_id": "d509567c-2e6f-4b26-b95a-f1951c8db8f4",
        "type": "message",
        "text": "OSS でも tflint と tfsec と conftest でガチガチに",
        "user": "UG46Z57TN",
        "ts": "1612943306.012000",
        "team": "TFU0BKCQP",
        "user_team": "TFU0BKCQP",
        "source_team": "TFU0BKCQP",
        "user_profile": {
            "avatar_hash": "c6bdd4cb17db",
            "image_72": "https:\/\/avatars.slack-edge.com\/2019-07-05\/685991185957_c6bdd4cb17db956661a1_72.jpg",
            "first_name": "Takeshi",
            "real_name": "Takeshi Kondo",
            "display_name": "chaspy",
            "team": "TFU0BKCQP",
            "name": "take.she12",
            "is_restricted": false,
            "is_ultra_restricted": false
        },
        "blocks": [
            {
                "type": "rich_text",
                "block_id": "S=kI",
                "elements": [
                    {
                        "type": "rich_text_section",
                        "elements": [
                            {
                                "type": "text",
                                "text": "OSS でも tflint と tfsec と conftest でガチガチに"
                            }
                        ]
                    }
                ]
            }
        ]
    },
    {
        "client_msg_id": "333f63a3-d0f3-4e4f-aa7e-d348c8999e6c",
        "type": "message",
        "text": "まぁどの会社にも terraform 魔神がいるわけでもないのでそこにコストさけないなら Terraform Cloud いいよね",
        "user": "UG46Z57TN",
        "ts": "1612943337.012900",
        "team": "TFU0BKCQP",
        "user_team": "TFU0BKCQP",
        "source_team": "TFU0BKCQP",
        "user_profile": {
            "avatar_hash": "c6bdd4cb17db",
            "image_72": "https:\/\/avatars.slack-edge.com\/2019-07-05\/685991185957_c6bdd4cb17db956661a1_72.jpg",
            "first_name": "Takeshi",
            "real_name": "Takeshi Kondo",
            "display_name": "chaspy",
            "team": "TFU0BKCQP",
            "name": "take.she12",
            "is_restricted": false,
            "is_ultra_restricted": false
        },
        "blocks": [
            {
                "type": "rich_text",
                "block_id": "ZBqxp",
                "elements": [
                    {
                        "type": "rich_text_section",
                        "elements": [
                            {
                                "type": "text",
                                "text": "まぁどの会社にも terraform 魔神がいるわけでもないのでそこにコストさけないなら Terraform Cloud いいよね"
                            }
                        ]
                    }
                ]
            }
        ],
        "reactions": [
            {
                "name": "sorena",
                "users": [
                    "UFU0BKD8F",
                    "UHS4SFFA7"
                ],
                "count": 2
            }
        ]
    },
    {
        "client_msg_id": "957e9811-47a8-409c-8f26-6d7c6b85af17",
        "type": "message",
        "text": "todo cloud composer 調べる",
        "user": "UFU0BKD8F",
        "ts": "1612943384.013600",
        "team": "TFU0BKCQP",
        "user_team": "TFU0BKCQP",
        "source_team": "TFU0BKCQP",
        "user_profile": {
            "avatar_hash": "92c41c62c7b0",
            "image_72": "https:\/\/avatars.slack-edge.com\/2019-01-30\/537137791812_92c41c62c7b0f054d3dd_72.jpg",
            "first_name": "らき",
            "real_name": "らき",
            "display_name": "raki",
            "team": "TFU0BKCQP",
            "name": "nishimuray",
            "is_restricted": false,
            "is_ultra_restricted": false
        },
        "blocks": [
            {
                "type": "rich_text",
                "block_id": "Vgrw",
                "elements": [
                    {
                        "type": "rich_text_section",
                        "elements": [
                            {
                                "type": "text",
                                "text": "todo cloud composer 調べる"
                            }
                        ]
                    }
                ]
            }
        ]
    },
    {
        "client_msg_id": "5d197546-0483-427c-b9c8-9c4e64190067",
        "type": "message",
        "text": "freee の中川さんのお話中",
        "user": "UFU0BKD8F",
        "ts": "1612943629.014200",
        "team": "TFU0BKCQP",
        "user_team": "TFU0BKCQP",
        "source_team": "TFU0BKCQP",
        "user_profile": {
            "avatar_hash": "92c41c62c7b0",
            "image_72": "https:\/\/avatars.slack-edge.com\/2019-01-30\/537137791812_92c41c62c7b0f054d3dd_72.jpg",
            "first_name": "らき",
            "real_name": "らき",
            "display_name": "raki",
            "team": "TFU0BKCQP",
            "name": "nishimuray",
            "is_restricted": false,
            "is_ultra_restricted": false
        },
        "blocks": [
            {
                "type": "rich_text",
                "block_id": "yhAV",
                "elements": [
                    {
                        "type": "rich_text_section",
                        "elements": [
                            {
                                "type": "text",
                                "text": "freee の中川さんのお話中"
                            }
                        ]
                    }
                ]
            }
        ]
    },
    {
        "client_msg_id": "70770511-0780-47de-8709-ee8374d37550",
        "type": "message",
        "text": "TwitterアカウントIDキャッチできなかった...",
        "user": "UFT60TQCQ",
        "ts": "1612943703.014900",
        "team": "TFU0BKCQP",
        "user_team": "TFU0BKCQP",
        "source_team": "TFU0BKCQP",
        "user_profile": {
            "avatar_hash": "f10ceef4e6f6",
            "image_72": "https:\/\/avatars.slack-edge.com\/2019-01-31\/539093872183_f10ceef4e6f603f1f094_72.jpg",
            "first_name": "sogaoh",
            "real_name": "sogaoh",
            "display_name": "",
            "team": "TFU0BKCQP",
            "name": "sogaoh",
            "is_restricted": false,
            "is_ultra_restricted": false
        },
        "blocks": [
            {
                "type": "rich_text",
                "block_id": "WurFd",
                "elements": [
                    {
                        "type": "rich_text_section",
                        "elements": [
                            {
                                "type": "text",
                                "text": "TwitterアカウントIDキャッチできなかった..."
                            }
                        ]
                    }
                ]
            }
        ]
    },
    {
        "client_msg_id": "0094498d-b55b-452b-9351-9e82425c0636",
        "type": "message",
        "text": "発表者以外がビデオオフになってる会議はゼーレ会議って誰かが言ってた",
        "user": "UHS4SFFA7",
        "ts": "1612943728.015400",
        "team": "TFU0BKCQP",
        "user_team": "TFU0BKCQP",
        "source_team": "TFU0BKCQP",
        "user_profile": {
            "avatar_hash": "gade34f8bdf1",
            "image_72": "https:\/\/secure.gravatar.com\/avatar\/5ade34f8bdf1b55c4ff82c11cf23cf42.jpg?s=72&d=https%3A%2F%2Fa.slack-edge.com%2Fdf10d%2Fimg%2Favatars%2Fava_0008-72.png",
            "first_name": "",
            "real_name": "minamijoyo",
            "display_name": "minamijoyo",
            "team": "TFU0BKCQP",
            "name": "minamijoyo",
            "is_restricted": false,
            "is_ultra_restricted": false
        },
        "blocks": [
            {
                "type": "rich_text",
                "block_id": "Rgok",
                "elements": [
                    {
                        "type": "rich_text_section",
                        "elements": [
                            {
                                "type": "text",
                                "text": "発表者以外がビデオオフになってる会議はゼーレ会議って誰かが言ってた"
                            }
                        ]
                    }
                ]
            }
        ]
    },
    {
        "client_msg_id": "0bc4393c-eb36-43b0-afea-db6fb1f9cafe",
        "type": "message",
        "text": "connpass からほそくした",
        "user": "UG46Z57TN",
        "ts": "1612943731.015600",
        "team": "TFU0BKCQP",
        "user_team": "TFU0BKCQP",
        "source_team": "TFU0BKCQP",
        "user_profile": {
            "avatar_hash": "c6bdd4cb17db",
            "image_72": "https:\/\/avatars.slack-edge.com\/2019-07-05\/685991185957_c6bdd4cb17db956661a1_72.jpg",
            "first_name": "Takeshi",
            "real_name": "Takeshi Kondo",
            "display_name": "chaspy",
            "team": "TFU0BKCQP",
            "name": "take.she12",
            "is_restricted": false,
            "is_ultra_restricted": false
        },
        "blocks": [
            {
                "type": "rich_text",
                "block_id": "x+\/7",
                "elements": [
                    {
                        "type": "rich_text_section",
                        "elements": [
                            {
                                "type": "text",
                                "text": "connpass からほそくした"
                            }
                        ]
                    }
                ]
            }
        ]
    },
    {
        "client_msg_id": "81fa1f51-6f9f-48e2-b36f-7b29c307a466",
        "type": "message",
        "text": "がハッシュタグを忘れた\n<https:\/\/twitter.com\/chaspy_\/status\/1359410472554876933>",
        "user": "UG46Z57TN",
        "ts": "1612943747.015900",
        "team": "TFU0BKCQP",
        "user_team": "TFU0BKCQP",
        "source_team": "TFU0BKCQP",
        "user_profile": {
            "avatar_hash": "c6bdd4cb17db",
            "image_72": "https:\/\/avatars.slack-edge.com\/2019-07-05\/685991185957_c6bdd4cb17db956661a1_72.jpg",
            "first_name": "Takeshi",
            "real_name": "Takeshi Kondo",
            "display_name": "chaspy",
            "team": "TFU0BKCQP",
            "name": "take.she12",
            "is_restricted": false,
            "is_ultra_restricted": false
        },
        "attachments": [
            {
                "fallback": "<https:\/\/twitter.com\/chaspy_|@chaspy_>: Freee nakagawa <https:\/\/twitter.com\/tmnkgwa4|@tmnkgwa4> さんの\"Terraform Custom Provider で実装した EKS Cluster ベースの Canary Deploy\" LT！",
                "ts": 1612943687,
                "author_name": "Takeshi Kondo",
                "author_link": "https:\/\/twitter.com\/chaspy_\/status\/1359410472554876933",
                "author_icon": "https:\/\/pbs.twimg.com\/profile_images\/901715314211119104\/e0Yrn_5k_normal.jpg",
                "author_subname": "@chaspy_",
                "text": "Freee nakagawa <https:\/\/twitter.com\/tmnkgwa4|@tmnkgwa4> さんの\"Terraform Custom Provider で実装した EKS Cluster ベースの Canary Deploy\" LT！",
                "service_name": "twitter",
                "service_url": "https:\/\/twitter.com\/",
                "from_url": "https:\/\/twitter.com\/chaspy_\/status\/1359410472554876933",
                "id": 1,
                "original_url": "https:\/\/twitter.com\/chaspy_\/status\/1359410472554876933",
                "footer": "Twitter",
                "footer_icon": "https:\/\/a.slack-edge.com\/80588\/img\/services\/twitter_pixel_snapped_32.png"
            }
        ],
        "blocks": [
            {
                "type": "rich_text",
                "block_id": "vR9f",
                "elements": [
                    {
                        "type": "rich_text_section",
                        "elements": [
                            {
                                "type": "text",
                                "text": "がハッシュタグを忘れた\n"
                            },
                            {
                                "type": "link",
                                "url": "https:\/\/twitter.com\/chaspy_\/status\/1359410472554876933"
                            }
                        ]
                    }
                ]
            }
        ],
        "reactions": [
            {
                "name": "bow",
                "users": [
                    "UFT60TQCQ",
                    "U01MNV17CSC"
                ],
                "count": 2
            },
            {
                "name": "+1",
                "users": [
                    "UFU0BKD8F"
                ],
                "count": 1
            }
        ]
    },
    {
        "client_msg_id": "4a771ea9-af63-4faf-a171-de2ff0c4cb6f",
        "type": "message",
        "text": "EKS かあ",
        "user": "UFT60TQCQ",
        "ts": "1612943792.016400",
        "team": "TFU0BKCQP",
        "user_team": "TFU0BKCQP",
        "source_team": "TFU0BKCQP",
        "user_profile": {
            "avatar_hash": "f10ceef4e6f6",
            "image_72": "https:\/\/avatars.slack-edge.com\/2019-01-31\/539093872183_f10ceef4e6f603f1f094_72.jpg",
            "first_name": "sogaoh",
            "real_name": "sogaoh",
            "display_name": "",
            "team": "TFU0BKCQP",
            "name": "sogaoh",
            "is_restricted": false,
            "is_ultra_restricted": false
        },
        "blocks": [
            {
                "type": "rich_text",
                "block_id": "HfvHx",
                "elements": [
                    {
                        "type": "rich_text_section",
                        "elements": [
                            {
                                "type": "text",
                                "text": "EKS かあ"
                            }
                        ]
                    }
                ]
            }
        ]
    },
    {
        "client_msg_id": "2f827a02-8d23-4ac7-9275-fecb52ed4b69",
        "type": "message",
        "text": "EKSええで。",
        "user": "UFU0BKD8F",
        "ts": "1612943803.016600",
        "team": "TFU0BKCQP",
        "user_team": "TFU0BKCQP",
        "source_team": "TFU0BKCQP",
        "user_profile": {
            "avatar_hash": "92c41c62c7b0",
            "image_72": "https:\/\/avatars.slack-edge.com\/2019-01-30\/537137791812_92c41c62c7b0f054d3dd_72.jpg",
            "first_name": "らき",
            "real_name": "らき",
            "display_name": "raki",
            "team": "TFU0BKCQP",
            "name": "nishimuray",
            "is_restricted": false,
            "is_ultra_restricted": false
        },
        "blocks": [
            {
                "type": "rich_text",
                "block_id": "LV4ME",
                "elements": [
                    {
                        "type": "rich_text_section",
                        "elements": [
                            {
                                "type": "text",
                                "text": "EKSええで。"
                            }
                        ]
                    }
                ]
            }
        ]
    },
    {
        "client_msg_id": "b4e16866-6c49-4886-9d74-e62d9be6a137",
        "type": "message",
        "text": "楽だし。",
        "user": "UFU0BKD8F",
        "ts": "1612943812.016900",
        "team": "TFU0BKCQP",
        "user_team": "TFU0BKCQP",
        "source_team": "TFU0BKCQP",
        "user_profile": {
            "avatar_hash": "92c41c62c7b0",
            "image_72": "https:\/\/avatars.slack-edge.com\/2019-01-30\/537137791812_92c41c62c7b0f054d3dd_72.jpg",
            "first_name": "らき",
            "real_name": "らき",
            "display_name": "raki",
            "team": "TFU0BKCQP",
            "name": "nishimuray",
            "is_restricted": false,
            "is_ultra_restricted": false
        },
        "blocks": [
            {
                "type": "rich_text",
                "block_id": "eV3Rk",
                "elements": [
                    {
                        "type": "rich_text_section",
                        "elements": [
                            {
                                "type": "text",
                                "text": "楽だし。"
                            }
                        ]
                    }
                ]
            }
        ],
        "reactions": [
            {
                "name": "upside_down_face",
                "users": [
                    "UFT60TQCQ"
                ],
                "count": 1
            }
        ]
    },
    {
        "client_msg_id": "f2e4d0bf-20c0-4104-87d8-4bdd01d83976",
        "type": "message",
        "text": "まぁそんぐらいかかるよね＜1日",
        "user": "UG46Z57TN",
        "ts": "1612943815.017000",
        "team": "TFU0BKCQP",
        "user_team": "TFU0BKCQP",
        "source_team": "TFU0BKCQP",
        "user_profile": {
            "avatar_hash": "c6bdd4cb17db",
            "image_72": "https:\/\/avatars.slack-edge.com\/2019-07-05\/685991185957_c6bdd4cb17db956661a1_72.jpg",
            "first_name": "Takeshi",
            "real_name": "Takeshi Kondo",
            "display_name": "chaspy",
            "team": "TFU0BKCQP",
            "name": "take.she12",
            "is_restricted": false,
            "is_ultra_restricted": false
        },
        "blocks": [
            {
                "type": "rich_text",
                "block_id": "5qL",
                "elements": [
                    {
                        "type": "rich_text_section",
                        "elements": [
                            {
                                "type": "text",
                                "text": "まぁそんぐらいかかるよね＜1日"
                            }
                        ]
                    }
                ]
            }
        ]
    }
]