[
    {
        "user": "UFTKSQ25T",
        "type": "message",
        "subtype": "channel_join",
        "ts": "1552526000.000200",
        "text": "<@UFTKSQ25T>さんがチャンネルに参加しました"
    },
    {
        "user": "UGY5WMTHR",
        "type": "message",
        "subtype": "channel_join",
        "ts": "1552526216.000400",
        "text": "<@UGY5WMTHR>さんがチャンネルに参加しました"
    },
    {
        "user": "UGYKRFWLD",
        "type": "message",
        "subtype": "channel_join",
        "ts": "1552531633.000600",
        "text": "<@UGYKRFWLD>さんがチャンネルに参加しました"
    },
    {
        "user": "UGW0ABZLG",
        "type": "message",
        "subtype": "channel_join",
        "ts": "1552538064.000800",
        "text": "<@UGW0ABZLG>さんがチャンネルに参加しました"
    },
    {
        "user": "UGY9BJ1NF",
        "type": "message",
        "subtype": "channel_join",
        "ts": "1552540070.001000",
        "text": "<@UGY9BJ1NF>さんがチャンネルに参加しました"
    }
]