[
    {
        "client_msg_id": "8c126aca-9e9d-4f9a-a119-ae07c1f17c6e",
        "type": "message",
        "text": "はじめまして。\nSRE所属 myabaouです。\nAWSメインでterraformにおける管理を推進しております。\n状況共有もかねて参加させていただきました。\nよろしくお願いします。",
        "user": "U02K7TWFJ83",
        "ts": "1635381320.001900",
        "blocks": [
            {
                "type": "rich_text",
                "block_id": "12zw",
                "elements": [
                    {
                        "type": "rich_text_section",
                        "elements": [
                            {
                                "type": "text",
                                "text": "はじめまして。\nSRE所属 myabaouです。\nAWSメインでterraformにおける管理を推進しております。\n状況共有もかねて参加させていただきました。\nよろしくお願いします。"
                            }
                        ]
                    }
                ]
            }
        ],
        "team": "TFU0BKCQP",
        "user_team": "TFU0BKCQP",
        "source_team": "TFU0BKCQP",
        "user_profile": {
            "avatar_hash": "86721a977b30",
            "image_72": "https:\/\/avatars.slack-edge.com\/2021-10-27\/2654208361715_86721a977b3051d7e40e_72.jpg",
            "first_name": "myabaou",
            "real_name": "myabaou",
            "display_name": "myabaou",
            "team": "TFU0BKCQP",
            "name": "yu_mabashi",
            "is_restricted": false,
            "is_ultra_restricted": false
        },
        "reactions": [
            {
                "name": "よろしく",
                "users": [
                    "UFU0BKD8F",
                    "U01GAQPRFQB",
                    "UL49H207R",
                    "U01DEEV6P2A",
                    "U02DCS0HVTP",
                    "U03A6V05GQH"
                ],
                "count": 6
            },
            {
                "name": "beers",
                "users": [
                    "UGY9BJ1NF",
                    "U03A6V05GQH",
                    "U02UHQ29FFW"
                ],
                "count": 3
            }
        ]
    }
]