[
    {
        "client_msg_id": "ad2d1449-982d-4579-ad1d-1e229d7a565d",
        "type": "message",
        "text": "はじめまして\nTerraformをつかったり使ったりでまだ知らないことがいっぱいあります。\nよろしくお願いします。",
        "user": "U02HUPV8JES",
        "ts": "1634464851.018500",
        "blocks": [
            {
                "type": "rich_text",
                "block_id": "ms13W",
                "elements": [
                    {
                        "type": "rich_text_section",
                        "elements": [
                            {
                                "type": "text",
                                "text": "はじめまして\nTerraformをつかったり使ったりでまだ知らないことがいっぱいあります。\nよろしくお願いします。"
                            }
                        ]
                    }
                ]
            }
        ],
        "team": "TFU0BKCQP",
        "user_team": "TFU0BKCQP",
        "source_team": "TFU0BKCQP",
        "user_profile": {
            "avatar_hash": "27c886da5af4",
            "image_72": "https:\/\/avatars.slack-edge.com\/2021-10-17\/2598857945479_27c886da5af4286b4380_72.png",
            "first_name": "Norn",
            "real_name": "Norn",
            "display_name": "Norn",
            "team": "TFU0BKCQP",
            "name": "athena.starlight.sear",
            "is_restricted": false,
            "is_ultra_restricted": false
        },
        "reactions": [
            {
                "name": "よろしく",
                "users": [
                    "UFU0BKD8F",
                    "U01GAQPRFQB",
                    "U02DCS0HVTP",
                    "U01AEH6SRL2",
                    "U01DX2J904V",
                    "U02GC50AYE9",
                    "U02D4NMPQ9X",
                    "UL49H207R",
                    "U02UHQ29FFW"
                ],
                "count": 9
            }
        ]
    }
]