[
    {
        "client_msg_id": "f95db88f-488b-455f-950e-58236f8c4096",
        "type": "message",
        "text": "はじめまして。\n普段はAWSの業務を専門としています。\nTerraformはまだ学習したことがないため、いろいろと教えてください！",
        "user": "U01G7AFMH9T",
        "ts": "1607335247.008000",
        "team": "TFU0BKCQP",
        "user_team": "TFU0BKCQP",
        "source_team": "TFU0BKCQP",
        "user_profile": {
            "avatar_hash": "e862bb032a41",
            "image_72": "https:\/\/avatars.slack-edge.com\/2020-12-07\/1547712675958_e862bb032a41add9f004_72.png",
            "first_name": "",
            "real_name": "S S",
            "display_name": "S S",
            "team": "TFU0BKCQP",
            "name": "wvp360gqanukcqhg",
            "is_restricted": false,
            "is_ultra_restricted": false
        },
        "edited": {
            "user": "U01G7AFMH9T",
            "ts": "1607335311.000000"
        },
        "blocks": [
            {
                "type": "rich_text",
                "block_id": "FAa",
                "elements": [
                    {
                        "type": "rich_text_section",
                        "elements": [
                            {
                                "type": "text",
                                "text": "はじめまして。\n普段はAWSの業務を専門としています。\nTerraformはまだ学習したことがないため、いろいろと教えてください！"
                            }
                        ]
                    }
                ]
            }
        ],
        "reactions": [
            {
                "name": "wave",
                "users": [
                    "UG46Z57TN",
                    "UKAKENQAF"
                ],
                "count": 2
            },
            {
                "name": "よろしく",
                "users": [
                    "UFU0BKD8F",
                    "URN901459",
                    "UGY9BJ1NF"
                ],
                "count": 3
            }
        ]
    },
    {
        "client_msg_id": "4a3e7a2f-03fc-477a-a7cb-8c9cbc765247",
        "type": "message",
        "text": "はじめまして。\n普段はGCP周りでTerraformを使っています。\nよろしくお願いします。",
        "user": "U01GAQPRFQB",
        "ts": "1607340505.009300",
        "team": "TFU0BKCQP",
        "user_team": "TFU0BKCQP",
        "source_team": "TFU0BKCQP",
        "user_profile": {
            "avatar_hash": "4cb1e7107d98",
            "image_72": "https:\/\/avatars.slack-edge.com\/2020-12-07\/1560796699588_4cb1e7107d9852be1b81_72.png",
            "first_name": "",
            "real_name": "Sho Ishii",
            "display_name": "Sho Ishii",
            "team": "TFU0BKCQP",
            "name": "s_ishii",
            "is_restricted": false,
            "is_ultra_restricted": false
        },
        "blocks": [
            {
                "type": "rich_text",
                "block_id": "ixsW",
                "elements": [
                    {
                        "type": "rich_text_section",
                        "elements": [
                            {
                                "type": "text",
                                "text": "はじめまして。\n普段はGCP周りでTerraformを使っています。\nよろしくお願いします。"
                            }
                        ]
                    }
                ]
            }
        ],
        "reactions": [
            {
                "name": "よろしく",
                "users": [
                    "UFU0BKD8F",
                    "UGY9BJ1NF",
                    "UKAKENQAF"
                ],
                "count": 3
            }
        ]
    }
]