[
    {
        "client_msg_id": "d0830dda-b852-42bc-8ff6-36f31b9b1a00",
        "type": "message",
        "text": "はじめまして。TerraformでAWSの構築・運用とSREチックなことをできるように変化中です。",
        "user": "U01GPFST4MQ",
        "ts": "1607677465.012500",
        "team": "TFU0BKCQP",
        "user_team": "TFU0BKCQP",
        "source_team": "TFU0BKCQP",
        "user_profile": {
            "avatar_hash": "b3b3d98622d6",
            "image_72": "https:\/\/avatars.slack-edge.com\/2020-12-11\/1567598380770_b3b3d98622d6c97143b6_72.png",
            "first_name": "Gen",
            "real_name": "Gen Takashiba",
            "display_name": "gen_sobunya",
            "team": "TFU0BKCQP",
            "name": "osa.gensobunya",
            "is_restricted": false,
            "is_ultra_restricted": false
        },
        "blocks": [
            {
                "type": "rich_text",
                "block_id": "qIw",
                "elements": [
                    {
                        "type": "rich_text_section",
                        "elements": [
                            {
                                "type": "text",
                                "text": "はじめまして。TerraformでAWSの構築・運用とSREチックなことをできるように変化中です。"
                            }
                        ]
                    }
                ]
            }
        ],
        "reactions": [
            {
                "name": "よろしく",
                "users": [
                    "UFU0BKD8F",
                    "UGVTSE7LG",
                    "UHS4SFFA7",
                    "UGY9BJ1NF",
                    "U01HD40CYPJ"
                ],
                "count": 5
            }
        ]
    },
    {
        "client_msg_id": "9741e646-7d71-448a-9f34-5956e582aea3",
        "type": "message",
        "text": "はじめまして!\n業務でも家でもterraformを使っています。周りにterraformの会話出来る人が少ないので参加させて頂きました\n宜しくお願いします",
        "user": "U01GW0D6MD2",
        "ts": "1607686098.014400",
        "team": "TFU0BKCQP",
        "user_team": "TFU0BKCQP",
        "source_team": "TFU0BKCQP",
        "user_profile": {
            "avatar_hash": "035e28beb290",
            "image_72": "https:\/\/avatars.slack-edge.com\/2020-12-11\/1591692188912_035e28beb290071d0bef_72.jpg",
            "first_name": "",
            "real_name": "dohq",
            "display_name": "dohq",
            "team": "TFU0BKCQP",
            "name": "dorastone",
            "is_restricted": false,
            "is_ultra_restricted": false
        },
        "blocks": [
            {
                "type": "rich_text",
                "block_id": "EHG",
                "elements": [
                    {
                        "type": "rich_text_section",
                        "elements": [
                            {
                                "type": "text",
                                "text": "はじめまして!\n業務でも家でもterraformを使っています。周りにterraformの会話出来る人が少ないので参加させて頂きました\n宜しくお願いします"
                            }
                        ]
                    }
                ]
            }
        ],
        "reactions": [
            {
                "name": "よろしく",
                "users": [
                    "UHS4SFFA7",
                    "UGVTSE7LG",
                    "UFU0BKD8F",
                    "UGY9BJ1NF",
                    "U01HD40CYPJ"
                ],
                "count": 5
            }
        ]
    }
]