[
    {
        "client_msg_id": "8500DC2F-11F4-4E19-88BA-9FB08485E287",
        "type": "message",
        "text": "はじめまして。\nサーバー屋ではないですが、Goとか基礎知識勉強のため参加させて頂きました。\nよろしくお願いします。",
        "user": "U01HPDZ9DLH",
        "ts": "1608438016.030300",
        "team": "TFU0BKCQP",
        "user_team": "TFU0BKCQP",
        "source_team": "TFU0BKCQP",
        "user_profile": {
            "avatar_hash": "g26272d3a5a6",
            "image_72": "https:\/\/secure.gravatar.com\/avatar\/26272d3a5a643fc7494c3b432d69c054.jpg?s=72&d=https%3A%2F%2Fa.slack-edge.com%2Fdf10d%2Fimg%2Favatars%2Fava_0017-72.png",
            "first_name": "",
            "real_name": "Yohei Yoshikawa",
            "display_name": "",
            "team": "TFU0BKCQP",
            "name": "yohei.yoshikawa",
            "is_restricted": false,
            "is_ultra_restricted": false
        },
        "blocks": [
            {
                "type": "rich_text",
                "block_id": "kTRLH",
                "elements": [
                    {
                        "type": "rich_text_section",
                        "elements": [
                            {
                                "type": "text",
                                "text": "はじめまして。\nサーバー屋ではないですが、Goとか基礎知識勉強のため参加させて頂きました。\nよろしくお願いします。"
                            }
                        ]
                    }
                ]
            }
        ],
        "reactions": [
            {
                "name": "よろしく",
                "users": [
                    "UFU0BKD8F",
                    "UGVTSE7LG",
                    "UGY9BJ1NF",
                    "U01JDAC4M3J",
                    "U01EA3TC613",
                    "U01HHSRC7EU",
                    "U01GAQPRFQB"
                ],
                "count": 7
            }
        ]
    }
]