[
    {
        "client_msg_id": "44db0aed-4189-47a0-8a5e-f0d21d21fb7c",
        "type": "message",
        "text": "Azure に terraform apply するときの注意点を２つ知りました\n```😭 Terraform で Azure Bastion とその先のVM（size: Standard_D2_v3）を構築しようとしたときのつまづきが２つ\n(1) Bastion Host を含める azurerm_subnet の name は必ず AzureBastionSubnet にしないとダメ\n(2) azurerm_linux_virtual_machine の os_disk.disk_size_gb は 30 以上にしないとダメ```\n<https:\/\/medium.com\/@sogaoh\/%E3%82%BF%E3%83%BC%E3%83%9F%E3%83%8A%E3%83%AB%E3%81%8B%E3%82%89-azure-bastion-%E7%B5%8C%E7%94%B1%E3%81%A7-vm-%E3%81%ABssh%E6%8E%A5%E7%B6%9A%E3%81%A7%E3%81%8D%E3%81%AA%E3%81%8B%E3%81%A3%E3%81%9F-1383faeabfa1>",
        "user": "UFT60TQCQ",
        "ts": "1588640855.001000",
        "team": "TFU0BKCQP",
        "user_team": "TFU0BKCQP",
        "source_team": "TFU0BKCQP",
        "user_profile": {
            "avatar_hash": "f10ceef4e6f6",
            "image_72": "https:\/\/avatars.slack-edge.com\/2019-01-31\/539093872183_f10ceef4e6f603f1f094_72.jpg",
            "first_name": "sogaoh",
            "real_name": "sogaoh",
            "display_name": "",
            "team": "TFU0BKCQP",
            "name": "sogaoh",
            "is_restricted": false,
            "is_ultra_restricted": false
        },
        "attachments": [
            {
                "service_name": "Medium",
                "title": "ターミナルから Azure Bastion 経由で VM にSSH接続できなかった",
                "title_link": "https:\/\/medium.com\/@sogaoh\/%E3%82%BF%E3%83%BC%E3%83%9F%E3%83%8A%E3%83%AB%E3%81%8B%E3%82%89-azure-bastion-%E7%B5%8C%E7%94%B1%E3%81%A7-vm-%E3%81%ABssh%E6%8E%A5%E7%B6%9A%E3%81%A7%E3%81%8D%E3%81%AA%E3%81%8B%E3%81%A3%E3%81%9F-1383faeabfa1",
                "text": "図らずもGWの時間が空いたので、以下２つの記事を融合させた感じのことをやってみようと思いました（最初のゴール構想は冒頭の図）。  どんなメトリクスを採ってモニタリングするんだろう、という関心が発端です。",
                "fallback": "Medium: ターミナルから Azure Bastion 経由で VM にSSH接続できなかった",
                "image_url": "https:\/\/miro.medium.com\/max\/515\/1*iFmY_j_TetvEi2I04bj0pQ.png",
                "fields": [
                    {
                        "title": "Reading time",
                        "value": "8 min read",
                        "short": true
                    }
                ],
                "ts": 1588639730,
                "from_url": "https:\/\/medium.com\/@sogaoh\/%E3%82%BF%E3%83%BC%E3%83%9F%E3%83%8A%E3%83%AB%E3%81%8B%E3%82%89-azure-bastion-%E7%B5%8C%E7%94%B1%E3%81%A7-vm-%E3%81%ABssh%E6%8E%A5%E7%B6%9A%E3%81%A7%E3%81%8D%E3%81%AA%E3%81%8B%E3%81%A3%E3%81%9F-1383faeabfa1",
                "image_width": 334,
                "image_height": 250,
                "image_bytes": 46699,
                "service_icon": "https:\/\/cdn-images-1.medium.com\/fit\/c\/152\/152\/1*8I-HPL0bfoIzGied-dzOvA.png",
                "id": 1,
                "original_url": "https:\/\/medium.com\/@sogaoh\/%E3%82%BF%E3%83%BC%E3%83%9F%E3%83%8A%E3%83%AB%E3%81%8B%E3%82%89-azure-bastion-%E7%B5%8C%E7%94%B1%E3%81%A7-vm-%E3%81%ABssh%E6%8E%A5%E7%B6%9A%E3%81%A7%E3%81%8D%E3%81%AA%E3%81%8B%E3%81%A3%E3%81%9F-1383faeabfa1"
            }
        ],
        "blocks": [
            {
                "type": "rich_text",
                "block_id": "zPTT",
                "elements": [
                    {
                        "type": "rich_text_section",
                        "elements": [
                            {
                                "type": "text",
                                "text": "Azure に terraform apply するときの注意点を２つ知りました\n"
                            }
                        ]
                    },
                    {
                        "type": "rich_text_preformatted",
                        "elements": [
                            {
                                "type": "text",
                                "text": "😭 Terraform で Azure Bastion とその先のVM（size: Standard_D2_v3）を構築しようとしたときのつまづきが２つ\n(1) Bastion Host を含める azurerm_subnet の name は必ず AzureBastionSubnet にしないとダメ\n(2) azurerm_linux_virtual_machine の os_disk.disk_size_gb は 30 以上にしないとダメ"
                            }
                        ]
                    },
                    {
                        "type": "rich_text_section",
                        "elements": [
                            {
                                "type": "link",
                                "url": "https:\/\/medium.com\/@sogaoh\/%E3%82%BF%E3%83%BC%E3%83%9F%E3%83%8A%E3%83%AB%E3%81%8B%E3%82%89-azure-bastion-%E7%B5%8C%E7%94%B1%E3%81%A7-vm-%E3%81%ABssh%E6%8E%A5%E7%B6%9A%E3%81%A7%E3%81%8D%E3%81%AA%E3%81%8B%E3%81%A3%E3%81%9F-1383faeabfa1"
                            }
                        ]
                    }
                ]
            }
        ],
        "reactions": [
            {
                "name": "+1",
                "users": [
                    "UM12KGR0E",
                    "UL13ESGJH"
                ],
                "count": 2
            }
        ]
    }
]