[
    {
        "client_msg_id": "42b99e46-1f9e-4704-b554-081e012c9967",
        "type": "message",
        "text": "<@UQT52H29G> この件僕も移行した時に見事に爆死しました:innocent:",
        "user": "U01E5H76RNX",
        "ts": "1612410451.006900",
        "team": "TFU0BKCQP",
        "user_team": "TFU0BKCQP",
        "source_team": "TFU0BKCQP",
        "user_profile": {
            "avatar_hash": "4a6b830a1348",
            "image_72": "https:\/\/avatars.slack-edge.com\/2020-11-06\/1481604102307_4a6b830a1348cc202189_72.png",
            "first_name": "",
            "real_name": "joe",
            "display_name": "joe",
            "team": "TFU0BKCQP",
            "name": "yuzun225",
            "is_restricted": false,
            "is_ultra_restricted": false
        },
        "blocks": [
            {
                "type": "rich_text",
                "block_id": "4B\/A",
                "elements": [
                    {
                        "type": "rich_text_section",
                        "elements": [
                            {
                                "type": "user",
                                "user_id": "UQT52H29G"
                            },
                            {
                                "type": "text",
                                "text": " この件僕も移行した時に見事に爆死しました"
                            },
                            {
                                "type": "emoji",
                                "name": "innocent"
                            }
                        ]
                    }
                ]
            }
        ]
    },
    {
        "client_msg_id": "998361c6-7fef-4d2f-a865-2425a5515cf2",
        "type": "message",
        "text": "結局、今は省略とかせず全部出してますね… detailsタグで囲んで畳んでいるので諦めました",
        "user": "UQT52H29G",
        "ts": "1612410537.007900",
        "team": "TFU0BKCQP",
        "user_team": "TFU0BKCQP",
        "source_team": "TFU0BKCQP",
        "user_profile": {
            "avatar_hash": "gd60bbe66cfd",
            "image_72": "https:\/\/secure.gravatar.com\/avatar\/d60bbe66cfd79bbb250bad66a706f939.jpg?s=72&d=https%3A%2F%2Fa.slack-edge.com%2Fdf10d%2Fimg%2Favatars%2Fava_0011-72.png",
            "first_name": "",
            "real_name": "fusagiko",
            "display_name": "fusagiko",
            "team": "TFU0BKCQP",
            "name": "fsgiko",
            "is_restricted": false,
            "is_ultra_restricted": false
        },
        "blocks": [
            {
                "type": "rich_text",
                "block_id": "nqr",
                "elements": [
                    {
                        "type": "rich_text_section",
                        "elements": [
                            {
                                "type": "text",
                                "text": "結局、今は省略とかせず全部出してますね… detailsタグで囲んで畳んでいるので諦めました"
                            }
                        ]
                    }
                ]
            }
        ]
    },
    {
        "client_msg_id": "0db410a8-8daa-4f0d-8229-b46a9d1134df",
        "type": "message",
        "text": "僕どうしてたか気になったのでみてみたら `An execution plan has been generated and is shown below.` か出力するようにしてました",
        "user": "U01E5H76RNX",
        "ts": "1612415056.008400",
        "team": "TFU0BKCQP",
        "user_team": "TFU0BKCQP",
        "source_team": "TFU0BKCQP",
        "user_profile": {
            "avatar_hash": "4a6b830a1348",
            "image_72": "https:\/\/avatars.slack-edge.com\/2020-11-06\/1481604102307_4a6b830a1348cc202189_72.png",
            "first_name": "",
            "real_name": "joe",
            "display_name": "joe",
            "team": "TFU0BKCQP",
            "name": "yuzun225",
            "is_restricted": false,
            "is_ultra_restricted": false
        },
        "edited": {
            "user": "U01E5H76RNX",
            "ts": "1612415089.000000"
        },
        "blocks": [
            {
                "type": "rich_text",
                "block_id": "\/TEth",
                "elements": [
                    {
                        "type": "rich_text_section",
                        "elements": [
                            {
                                "type": "text",
                                "text": "僕どうしてたか気になったのでみてみたら "
                            },
                            {
                                "type": "text",
                                "text": "An execution plan has been generated and is shown below.",
                                "style": {
                                    "code": true
                                }
                            },
                            {
                                "type": "text",
                                "text": " か出力するようにしてました"
                            }
                        ]
                    }
                ]
            }
        ]
    },
    {
        "client_msg_id": "5e93cebb-5956-4f58-a190-2c7a227b519d",
        "type": "message",
        "text": "一応、これで `-` 以下と同等の出力を機械的に得ることは可能です（中間生成物が発生するのが悩ましいですが）\n```terraform plan -out=output\nterraform show output```",
        "user": "U01C9CR5PQW",
        "ts": "1612417127.010300",
        "team": "TFU0BKCQP",
        "user_team": "TFU0BKCQP",
        "source_team": "TFU0BKCQP",
        "user_profile": {
            "avatar_hash": "80ce8ce52291",
            "image_72": "https:\/\/avatars.slack-edge.com\/2020-10-13\/1424164001634_80ce8ce5229182e47c79_72.jpg",
            "first_name": "",
            "real_name": "K坂ひえき",
            "display_name": "K坂ひえき",
            "team": "TFU0BKCQP",
            "name": "ksakahieki",
            "is_restricted": false,
            "is_ultra_restricted": false
        },
        "edited": {
            "user": "U01C9CR5PQW",
            "ts": "1612417142.000000"
        },
        "blocks": [
            {
                "type": "rich_text",
                "block_id": "YoSY",
                "elements": [
                    {
                        "type": "rich_text_section",
                        "elements": [
                            {
                                "type": "text",
                                "text": "一応、これで "
                            },
                            {
                                "type": "text",
                                "text": "-",
                                "style": {
                                    "code": true
                                }
                            },
                            {
                                "type": "text",
                                "text": " 以下と同等の出力を機械的に得ることは可能です（中間生成物が発生するのが悩ましいですが）\n"
                            }
                        ]
                    },
                    {
                        "type": "rich_text_preformatted",
                        "elements": [
                            {
                                "type": "text",
                                "text": "terraform plan -out=output\nterraform show output"
                            }
                        ]
                    }
                ]
            }
        ]
    }
]