[
    {
        "type": "message",
        "subtype": "bot_message",
        "text": "<https:\/\/www.reddit.com\/r\/Terraform\/comments\/wwjs6g\/how_do_you_manage_tf_creationupdates_across\/|How do you manage TF creation\/updates across multiple teams and environments?>\nsubmitted by   <https:\/\/www.reddit.com\/user\/dockerized| \/u\/dockerized > \n<https:\/\/www.reddit.com\/r\/devops\/comments\/ww1py7\/how_do_you_manage_infrastructure_creationupdates\/|[link]>   <https:\/\/www.reddit.com\/r\/Terraform\/comments\/wwjs6g\/how_do_you_manage_tf_creationupdates_across\/|[comments]>",
        "ts": "1661348789.861489",
        "username": "Terraform",
        "icons": {
            "image_48": "https:\/\/s3-us-west-2.amazonaws.com\/slack-files2\/bot_icons\/2019-02-12\/548785199618_48.png"
        },
        "bot_id": "BG3N7LG73",
        "blocks": [
            {
                "type": "rich_text",
                "block_id": "qWW7",
                "elements": [
                    {
                        "type": "rich_text_section",
                        "elements": [
                            {
                                "type": "link",
                                "url": "https:\/\/www.reddit.com\/r\/Terraform\/comments\/wwjs6g\/how_do_you_manage_tf_creationupdates_across\/",
                                "text": "How do you manage TF creation\/updates across multiple teams and environments?"
                            },
                            {
                                "type": "text",
                                "text": "\nsubmitted by   "
                            },
                            {
                                "type": "link",
                                "url": "https:\/\/www.reddit.com\/user\/dockerized",
                                "text": "\/u\/dockerized"
                            },
                            {
                                "type": "text",
                                "text": " \n"
                            },
                            {
                                "type": "link",
                                "url": "https:\/\/www.reddit.com\/r\/devops\/comments\/ww1py7\/how_do_you_manage_infrastructure_creationupdates\/",
                                "text": "[link]"
                            },
                            {
                                "type": "text",
                                "text": "   "
                            },
                            {
                                "type": "link",
                                "url": "https:\/\/www.reddit.com\/r\/Terraform\/comments\/wwjs6g\/how_do_you_manage_tf_creationupdates_across\/",
                                "text": "[comments]"
                            }
                        ]
                    }
                ]
            }
        ],
        "attachments": [
            {
                "from_url": "https:\/\/www.reddit.com\/r\/Terraform\/comments\/wwjs6g\/how_do_you_manage_tf_creationupdates_across\/",
                "thumb_url": "https:\/\/www.redditstatic.com\/new-icon.png",
                "thumb_width": 256,
                "thumb_height": 256,
                "service_icon": "http:\/\/www.redditstatic.com\/desktop2x\/img\/favicon\/apple-icon-57x57.png",
                "id": 1,
                "original_url": "https:\/\/www.reddit.com\/r\/Terraform\/comments\/wwjs6g\/how_do_you_manage_tf_creationupdates_across\/",
                "fallback": "reddit: How do you manage TF creation\/updates across multiple teams and environments?",
                "text": "Posted in r\/Terraform by u\/dockerized • 1 point and 0 comments",
                "title": "How do you manage TF creation\/updates across multiple teams and environments?",
                "title_link": "https:\/\/www.reddit.com\/r\/Terraform\/comments\/wwjs6g\/how_do_you_manage_tf_creationupdates_across\/",
                "service_name": "reddit"
            },
            {
                "from_url": "https:\/\/www.reddit.com\/user\/dockerized",
                "service_icon": "http:\/\/www.redditstatic.com\/desktop2x\/img\/favicon\/apple-icon-57x57.png",
                "id": 2,
                "original_url": "https:\/\/www.reddit.com\/user\/dockerized",
                "fallback": "overview for dockerized",
                "text": "The u\/dockerized community on Reddit. Reddit gives you the best of the internet in one place.",
                "title": "overview for dockerized",
                "title_link": "https:\/\/www.reddit.com\/user\/dockerized",
                "service_name": "reddit.com"
            },
            {
                "from_url": "https:\/\/www.reddit.com\/r\/devops\/comments\/ww1py7\/how_do_you_manage_infrastructure_creationupdates\/",
                "thumb_url": "https:\/\/www.redditstatic.com\/new-icon.png",
                "thumb_width": 256,
                "thumb_height": 256,
                "service_icon": "http:\/\/www.redditstatic.com\/desktop2x\/img\/favicon\/apple-icon-57x57.png",
                "id": 3,
                "original_url": "https:\/\/www.reddit.com\/r\/devops\/comments\/ww1py7\/how_do_you_manage_infrastructure_creationupdates\/",
                "fallback": "reddit: How do you manage infrastructure creation\/updates across multiple teams and environments?",
                "text": "Hey everyone - I’ve been building out a self-serve infrastructure creation pipeline for my company (on a platform team which serves about 10...",
                "title": "How do you manage infrastructure creation\/updates across multiple teams and environments?",
                "title_link": "https:\/\/www.reddit.com\/r\/devops\/comments\/ww1py7\/how_do_you_manage_infrastructure_creationupdates\/",
                "service_name": "reddit"
            }
        ],
        "edited": {
            "user": "BG3N7LG73",
            "ts": "1661348790.000000"
        }
    },
    {
        "type": "message",
        "subtype": "bot_message",
        "text": "<https:\/\/www.reddit.com\/r\/Terraform\/comments\/wwlve5\/need_some_help_with_if_or_condition_for_each\/|Need some help with if or condition for_each>\nHello all! I'm fairly new to Terraform and I have created a small lab environmemt in Terraform using for_each for a pool of virtual machines in Azure. Some of these servers need a system assigned identity, but not all. I have looked at if or conditions to apply the identity parameter if the name (each.key) matches a certain value, but I'm rather stumped.  Does anyone have any suggestions? I can provide the code if needed    submitted by   &lt;a href=\"https:\/\/www.reddit.com\/user\/Slasky86\"&gt;...",
        "ts": "1661354190.430739",
        "username": "Terraform",
        "icons": {
            "image_48": "https:\/\/s3-us-west-2.amazonaws.com\/slack-files2\/bot_icons\/2019-02-12\/548785199618_48.png"
        },
        "bot_id": "BG3N7LG73",
        "blocks": [
            {
                "type": "rich_text",
                "block_id": "3NMd",
                "elements": [
                    {
                        "type": "rich_text_section",
                        "elements": [
                            {
                                "type": "link",
                                "url": "https:\/\/www.reddit.com\/r\/Terraform\/comments\/wwlve5\/need_some_help_with_if_or_condition_for_each\/",
                                "text": "Need some help with if or condition for_each"
                            },
                            {
                                "type": "text",
                                "text": "\nHello all! I'm fairly new to Terraform and I have created a small lab environmemt in Terraform using for_each for a pool of virtual machines in Azure. Some of these servers need a system assigned identity, but not all. I have looked at if or conditions to apply the identity parameter if the name (each.key) matches a certain value, but I'm rather stumped.  Does anyone have any suggestions? I can provide the code if needed    submitted by   <a href=\"https:\/\/www.reddit.com\/user\/Slasky86\">..."
                            }
                        ]
                    }
                ]
            }
        ],
        "attachments": [
            {
                "from_url": "https:\/\/www.reddit.com\/r\/Terraform\/comments\/wwlve5\/need_some_help_with_if_or_condition_for_each\/",
                "thumb_url": "https:\/\/www.redditstatic.com\/new-icon.png",
                "thumb_width": 256,
                "thumb_height": 256,
                "service_icon": "http:\/\/www.redditstatic.com\/desktop2x\/img\/favicon\/apple-icon-57x57.png",
                "id": 1,
                "original_url": "https:\/\/www.reddit.com\/r\/Terraform\/comments\/wwlve5\/need_some_help_with_if_or_condition_for_each\/",
                "fallback": "reddit: Need some help with if or condition for_each",
                "text": "Hello all! I'm fairly new to Terraform and I have created a small lab environmemt in Terraform using for_each for a pool of virtual machines in...",
                "title": "Need some help with if or condition for_each",
                "title_link": "https:\/\/www.reddit.com\/r\/Terraform\/comments\/wwlve5\/need_some_help_with_if_or_condition_for_each\/",
                "service_name": "reddit"
            }
        ],
        "edited": {
            "user": "BG3N7LG73",
            "ts": "1661354190.000000"
        }
    },
    {
        "type": "message",
        "subtype": "bot_message",
        "text": "<https:\/\/www.reddit.com\/r\/Terraform\/comments\/wwmzi6\/cant_migrate_frontdoor_resource_in_azure\/|Cant migrate frontdoor resource in Azure>\nI'm trying to import an Azure application so i can migrate it to a different resource group for testing. I was able to import all resources but when i try to deploy to the new resource group, I get an error regarding the \"ftontdoor\" resource, saying the name is already taken. If i rename the \"frontdoor\" resource, I'm (still) unable to deploy the \"frontdoor\" resource. The error i get is below. \"We couldn't find a DNS record for custom domain <http:\/\/myapp.contoso.com|myapp.contoso.com> that points to Front Door...",
        "ts": "1661357190.158519",
        "username": "Terraform",
        "icons": {
            "image_48": "https:\/\/s3-us-west-2.amazonaws.com\/slack-files2\/bot_icons\/2019-02-12\/548785199618_48.png"
        },
        "bot_id": "BG3N7LG73",
        "blocks": [
            {
                "type": "rich_text",
                "block_id": "Zal",
                "elements": [
                    {
                        "type": "rich_text_section",
                        "elements": [
                            {
                                "type": "link",
                                "url": "https:\/\/www.reddit.com\/r\/Terraform\/comments\/wwmzi6\/cant_migrate_frontdoor_resource_in_azure\/",
                                "text": "Cant migrate frontdoor resource in Azure"
                            },
                            {
                                "type": "text",
                                "text": "\nI'm trying to import an Azure application so i can migrate it to a different resource group for testing. I was able to import all resources but when i try to deploy to the new resource group, I get an error regarding the \"ftontdoor\" resource, saying the name is already taken. If i rename the \"frontdoor\" resource, I'm (still) unable to deploy the \"frontdoor\" resource. The error i get is below. \"We couldn't find a DNS record for custom domain "
                            },
                            {
                                "type": "link",
                                "url": "http:\/\/myapp.contoso.com",
                                "text": "myapp.contoso.com"
                            },
                            {
                                "type": "text",
                                "text": " that points to Front Door..."
                            }
                        ]
                    }
                ]
            }
        ],
        "attachments": [
            {
                "from_url": "https:\/\/www.reddit.com\/r\/Terraform\/comments\/wwmzi6\/cant_migrate_frontdoor_resource_in_azure\/",
                "thumb_url": "https:\/\/www.redditstatic.com\/new-icon.png",
                "thumb_width": 256,
                "thumb_height": 256,
                "service_icon": "http:\/\/www.redditstatic.com\/desktop2x\/img\/favicon\/apple-icon-57x57.png",
                "id": 1,
                "original_url": "https:\/\/www.reddit.com\/r\/Terraform\/comments\/wwmzi6\/cant_migrate_frontdoor_resource_in_azure\/",
                "fallback": "reddit: Cant migrate frontdoor resource in Azure",
                "text": "I'm trying to import an Azure application so i can migrate it to a different resource group for testing. I was able to import all resources but...",
                "title": "Cant migrate frontdoor resource in Azure",
                "title_link": "https:\/\/www.reddit.com\/r\/Terraform\/comments\/wwmzi6\/cant_migrate_frontdoor_resource_in_azure\/",
                "service_name": "reddit"
            }
        ],
        "edited": {
            "user": "BG3N7LG73",
            "ts": "1661357190.000000"
        }
    },
    {
        "type": "message",
        "subtype": "bot_message",
        "text": "<https:\/\/www.reddit.com\/r\/Terraform\/comments\/wwoftm\/how_does_terraform_handle_temporary_aws\/|How does Terraform handle temporary AWS credential expiration?>\nOne of our customers has required us to use temporary AWS credentials issues by Vault via AssumeRole exclusively in order to deploy their environment. Chained credentials have an unchangeable limit of an hour. Since I've had several occasions where a Terraform run took longer than that (e. g. create an Aurora cluster first, in the same go try to replace a network interface that's still attached), these runs would have failed. What's more, the state has to be saved in S3 using the same...",
        "ts": "1661360190.559109",
        "username": "Terraform",
        "icons": {
            "image_48": "https:\/\/s3-us-west-2.amazonaws.com\/slack-files2\/bot_icons\/2019-02-12\/548785199618_48.png"
        },
        "bot_id": "BG3N7LG73",
        "blocks": [
            {
                "type": "rich_text",
                "block_id": "mSSK",
                "elements": [
                    {
                        "type": "rich_text_section",
                        "elements": [
                            {
                                "type": "link",
                                "url": "https:\/\/www.reddit.com\/r\/Terraform\/comments\/wwoftm\/how_does_terraform_handle_temporary_aws\/",
                                "text": "How does Terraform handle temporary AWS credential expiration?"
                            },
                            {
                                "type": "text",
                                "text": "\nOne of our customers has required us to use temporary AWS credentials issues by Vault via AssumeRole exclusively in order to deploy their environment. Chained credentials have an unchangeable limit of an hour. Since I've had several occasions where a Terraform run took longer than that (e. g. create an Aurora cluster first, in the same go try to replace a network interface that's still attached), these runs would have failed. What's more, the state has to be saved in S3 using the same..."
                            }
                        ]
                    }
                ]
            }
        ],
        "attachments": [
            {
                "from_url": "https:\/\/www.reddit.com\/r\/Terraform\/comments\/wwoftm\/how_does_terraform_handle_temporary_aws\/",
                "thumb_url": "https:\/\/www.redditstatic.com\/new-icon.png",
                "thumb_width": 256,
                "thumb_height": 256,
                "service_icon": "http:\/\/www.redditstatic.com\/desktop2x\/img\/favicon\/apple-icon-57x57.png",
                "id": 1,
                "original_url": "https:\/\/www.reddit.com\/r\/Terraform\/comments\/wwoftm\/how_does_terraform_handle_temporary_aws\/",
                "fallback": "reddit: How does Terraform handle temporary AWS credential expiration?",
                "text": "One of our customers has required us to use temporary AWS credentials issues by Vault via AssumeRole exclusively in order to deploy their...",
                "title": "How does Terraform handle temporary AWS credential expiration?",
                "title_link": "https:\/\/www.reddit.com\/r\/Terraform\/comments\/wwoftm\/how_does_terraform_handle_temporary_aws\/",
                "service_name": "reddit"
            }
        ],
        "edited": {
            "user": "BG3N7LG73",
            "ts": "1661360190.000000"
        }
    },
    {
        "type": "message",
        "subtype": "bot_message",
        "text": "<https:\/\/www.reddit.com\/r\/Terraform\/comments\/wws772\/terraform_plan_thinks_resources_have_changed_when\/|Terraform plan thinks resources have changed when they haven't>\nI'm using an Azure storage account as my remote backend for testing. I've setup a simple pipeline using GitHub Actions to run a Terraform plan\/apply when pushing to the main branch. This all works perfectly fine. I can make iterative changes, and the plan\/apply work as expected. When I clone the repo locally and authenticate with Azure CLI, still using the same remote backend, running Terraform plan returns that all resources will be recreated because changes were made outside of Terraform. I...",
        "ts": "1661369788.526449",
        "username": "Terraform",
        "icons": {
            "image_48": "https:\/\/s3-us-west-2.amazonaws.com\/slack-files2\/bot_icons\/2019-02-12\/548785199618_48.png"
        },
        "bot_id": "BG3N7LG73",
        "blocks": [
            {
                "type": "rich_text",
                "block_id": "KIt",
                "elements": [
                    {
                        "type": "rich_text_section",
                        "elements": [
                            {
                                "type": "link",
                                "url": "https:\/\/www.reddit.com\/r\/Terraform\/comments\/wws772\/terraform_plan_thinks_resources_have_changed_when\/",
                                "text": "Terraform plan thinks resources have changed when they haven't"
                            },
                            {
                                "type": "text",
                                "text": "\nI'm using an Azure storage account as my remote backend for testing. I've setup a simple pipeline using GitHub Actions to run a Terraform plan\/apply when pushing to the main branch. This all works perfectly fine. I can make iterative changes, and the plan\/apply work as expected. When I clone the repo locally and authenticate with Azure CLI, still using the same remote backend, running Terraform plan returns that all resources will be recreated because changes were made outside of Terraform. I..."
                            }
                        ]
                    }
                ]
            }
        ],
        "attachments": [
            {
                "from_url": "https:\/\/www.reddit.com\/r\/Terraform\/comments\/wws772\/terraform_plan_thinks_resources_have_changed_when\/",
                "thumb_url": "https:\/\/www.redditstatic.com\/new-icon.png",
                "thumb_width": 256,
                "thumb_height": 256,
                "service_icon": "http:\/\/www.redditstatic.com\/desktop2x\/img\/favicon\/apple-icon-57x57.png",
                "id": 1,
                "original_url": "https:\/\/www.reddit.com\/r\/Terraform\/comments\/wws772\/terraform_plan_thinks_resources_have_changed_when\/",
                "fallback": "reddit: Terraform plan thinks resources have changed when they haven't",
                "text": "I'm using an Azure storage account as my remote backend for testing. I've setup a simple pipeline using GitHub Actions to run a Terraform...",
                "title": "Terraform plan thinks resources have changed when they haven't",
                "title_link": "https:\/\/www.reddit.com\/r\/Terraform\/comments\/wws772\/terraform_plan_thinks_resources_have_changed_when\/",
                "service_name": "reddit"
            }
        ],
        "edited": {
            "user": "BG3N7LG73",
            "ts": "1661369788.000000"
        }
    },
    {
        "type": "message",
        "subtype": "bot_message",
        "text": "<https:\/\/www.reddit.com\/r\/Terraform\/comments\/wwsuxh\/code_snippet_example_for_an_azure_vm_with_two\/|Code snippet example for an Azure VM with two NICs - one with public and one with private IP>\nHave been struggling to find a good snippet example of terraform code for the following Azure resources: One VM, two NICs. nic-1 - private IP, nic-2 - public IP The examples I am able to find are: one NIC with both a private and a public IP, two or more NICs with private IPs, etc. I cannot find an example of a NIC with just a public IP.  Maybe I am fundamentally misunderstanding the docs and\/or have developed a tunnel vision but am stuck and any pointers would be greatly appreciated....",
        "ts": "1661370990.293179",
        "username": "Terraform",
        "icons": {
            "image_48": "https:\/\/s3-us-west-2.amazonaws.com\/slack-files2\/bot_icons\/2019-02-12\/548785199618_48.png"
        },
        "bot_id": "BG3N7LG73",
        "blocks": [
            {
                "type": "rich_text",
                "block_id": "vLtP",
                "elements": [
                    {
                        "type": "rich_text_section",
                        "elements": [
                            {
                                "type": "link",
                                "url": "https:\/\/www.reddit.com\/r\/Terraform\/comments\/wwsuxh\/code_snippet_example_for_an_azure_vm_with_two\/",
                                "text": "Code snippet example for an Azure VM with two NICs - one with public and one with private IP"
                            },
                            {
                                "type": "text",
                                "text": "\nHave been struggling to find a good snippet example of terraform code for the following Azure resources: One VM, two NICs. nic-1 - private IP, nic-2 - public IP The examples I am able to find are: one NIC with both a private and a public IP, two or more NICs with private IPs, etc. I cannot find an example of a NIC with just a public IP.  Maybe I am fundamentally misunderstanding the docs and\/or have developed a tunnel vision but am stuck and any pointers would be greatly appreciated...."
                            }
                        ]
                    }
                ]
            }
        ],
        "attachments": [
            {
                "from_url": "https:\/\/www.reddit.com\/r\/Terraform\/comments\/wwsuxh\/code_snippet_example_for_an_azure_vm_with_two\/",
                "thumb_url": "https:\/\/www.redditstatic.com\/new-icon.png",
                "thumb_width": 256,
                "thumb_height": 256,
                "service_icon": "http:\/\/www.redditstatic.com\/desktop2x\/img\/favicon\/apple-icon-57x57.png",
                "id": 1,
                "original_url": "https:\/\/www.reddit.com\/r\/Terraform\/comments\/wwsuxh\/code_snippet_example_for_an_azure_vm_with_two\/",
                "fallback": "reddit: Code snippet example for an Azure VM with two NICs - one with public and one with private IP",
                "text": "Have been struggling to find a good snippet example of terraform code for the following Azure resources: One VM, two NICs. nic-1 - private IP,...",
                "title": "Code snippet example for an Azure VM with two NICs - one with public and one with private IP",
                "title_link": "https:\/\/www.reddit.com\/r\/Terraform\/comments\/wwsuxh\/code_snippet_example_for_an_azure_vm_with_two\/",
                "service_name": "reddit"
            }
        ],
        "edited": {
            "user": "BG3N7LG73",
            "ts": "1661370990.000000"
        }
    },
    {
        "type": "message",
        "subtype": "bot_message",
        "text": "<https:\/\/www.reddit.com\/r\/Terraform\/comments\/wx2ovn\/help_applying_backup_policy_to_every_vm_in_a\/|Help applying backup policy to every VM in a resource group>\nIm working on created a script to create a recovery vault and backup policy then apply that policy to each VM in an existing resource group. Heres is what I have now; data \"azurerm_resource_group\" \"rg\" { name = \"${var.resourcegroup}\" } data \"azurerm_resources\" \"vms\" { resource_group_name =\"${var.resourcegroup} type = \"Microsoft.Compute\/virtualMachines\" } resource \"azurerm_recovery_services_vault\" \"vault\" { name = \"${var.resourcegroup}-vault\" location =...",
        "ts": "1661396787.813349",
        "username": "Terraform",
        "icons": {
            "image_48": "https:\/\/s3-us-west-2.amazonaws.com\/slack-files2\/bot_icons\/2019-02-12\/548785199618_48.png"
        },
        "bot_id": "BG3N7LG73",
        "blocks": [
            {
                "type": "rich_text",
                "block_id": "fyoW",
                "elements": [
                    {
                        "type": "rich_text_section",
                        "elements": [
                            {
                                "type": "link",
                                "url": "https:\/\/www.reddit.com\/r\/Terraform\/comments\/wx2ovn\/help_applying_backup_policy_to_every_vm_in_a\/",
                                "text": "Help applying backup policy to every VM in a resource group"
                            },
                            {
                                "type": "text",
                                "text": "\nIm working on created a script to create a recovery vault and backup policy then apply that policy to each VM in an existing resource group. Heres is what I have now; data \"azurerm_resource_group\" \"rg\" { name = \"${var.resourcegroup}\" } data \"azurerm_resources\" \"vms\" { resource_group_name =\"${var.resourcegroup} type = \"Microsoft.Compute\/virtualMachines\" } resource \"azurerm_recovery_services_vault\" \"vault\" { name = \"${var.resourcegroup}-vault\" location =..."
                            }
                        ]
                    }
                ]
            }
        ],
        "attachments": [
            {
                "from_url": "https:\/\/www.reddit.com\/r\/Terraform\/comments\/wx2ovn\/help_applying_backup_policy_to_every_vm_in_a\/",
                "thumb_url": "https:\/\/www.redditstatic.com\/new-icon.png",
                "thumb_width": 256,
                "thumb_height": 256,
                "service_icon": "http:\/\/www.redditstatic.com\/desktop2x\/img\/favicon\/apple-icon-57x57.png",
                "id": 1,
                "original_url": "https:\/\/www.reddit.com\/r\/Terraform\/comments\/wx2ovn\/help_applying_backup_policy_to_every_vm_in_a\/",
                "fallback": "reddit: Help applying backup policy to every VM in a resource group",
                "text": "Im working on created a script to create a recovery vault and backup policy then apply that policy to each VM in an existing resource...",
                "title": "Help applying backup policy to every VM in a resource group",
                "title_link": "https:\/\/www.reddit.com\/r\/Terraform\/comments\/wx2ovn\/help_applying_backup_policy_to_every_vm_in_a\/",
                "service_name": "reddit"
            }
        ],
        "edited": {
            "user": "BG3N7LG73",
            "ts": "1661396788.000000"
        }
    }
]