[
    {
        "type": "message",
        "subtype": "bot_message",
        "text": "<https:\/\/www.reddit.com\/r\/Terraform\/comments\/wvkngw\/create_azure_alert_rule\/|Create Azure Alert Rule>\nHi, I'm trying to create a setup that will process specific alerts using LogicApp. I've managed to create LogicApp from template + Action group using terraform, however I still have an issue creating Alert Rule the way I want to. Using the following code: data \"azurerm_monitor_action_group\" \"main\" { name = var.actiongroup_name resource_group_name = var.resource_group } resource \"azurerm_monitor_activity_log_alert\" \"main\" { name = var.alertrule_name resource_group_name = var.resource_group...",
        "ts": "1661249191.146279",
        "username": "Terraform",
        "icons": {
            "image_48": "https:\/\/s3-us-west-2.amazonaws.com\/slack-files2\/bot_icons\/2019-02-12\/548785199618_48.png"
        },
        "bot_id": "BG3N7LG73",
        "blocks": [
            {
                "type": "rich_text",
                "block_id": "ksW",
                "elements": [
                    {
                        "type": "rich_text_section",
                        "elements": [
                            {
                                "type": "link",
                                "url": "https:\/\/www.reddit.com\/r\/Terraform\/comments\/wvkngw\/create_azure_alert_rule\/",
                                "text": "Create Azure Alert Rule"
                            },
                            {
                                "type": "text",
                                "text": "\nHi, I'm trying to create a setup that will process specific alerts using LogicApp. I've managed to create LogicApp from template + Action group using terraform, however I still have an issue creating Alert Rule the way I want to. Using the following code: data \"azurerm_monitor_action_group\" \"main\" { name = var.actiongroup_name resource_group_name = var.resource_group } resource \"azurerm_monitor_activity_log_alert\" \"main\" { name = var.alertrule_name resource_group_name = var.resource_group..."
                            }
                        ]
                    }
                ]
            }
        ],
        "attachments": [
            {
                "from_url": "https:\/\/www.reddit.com\/r\/Terraform\/comments\/wvkngw\/create_azure_alert_rule\/",
                "thumb_url": "https:\/\/www.redditstatic.com\/new-icon.png",
                "thumb_width": 256,
                "thumb_height": 256,
                "service_icon": "http:\/\/www.redditstatic.com\/desktop2x\/img\/favicon\/apple-icon-57x57.png",
                "id": 1,
                "original_url": "https:\/\/www.reddit.com\/r\/Terraform\/comments\/wvkngw\/create_azure_alert_rule\/",
                "fallback": "reddit: Create Azure Alert Rule",
                "text": "Hi, I'm trying to create a setup that will process specific alerts using LogicApp. I've managed to create LogicApp from template + Action group...",
                "title": "Create Azure Alert Rule",
                "title_link": "https:\/\/www.reddit.com\/r\/Terraform\/comments\/wvkngw\/create_azure_alert_rule\/",
                "service_name": "reddit"
            }
        ],
        "edited": {
            "user": "BG3N7LG73",
            "ts": "1661249191.000000"
        }
    },
    {
        "type": "message",
        "subtype": "bot_message",
        "text": "<https:\/\/www.reddit.com\/r\/Terraform\/comments\/wvrg5h\/how_to_migrate_components_between_2_state_files\/|how to migrate components between 2 state files?>\nSince terraform state mv has deprecated the options -state, state-out we have less options to move objects between different state files. One option is terraform state rm object and terraform import as you can see <https:\/\/www.youtube.com\/watch?v=LQSySZxMB7E|here>    submitted by   <https:\/\/www.reddit.com\/user\/International-Row822| \/u\/International-Row822 > \n&lt;a...",
        "ts": "1661267788.582849",
        "username": "Terraform",
        "icons": {
            "image_48": "https:\/\/s3-us-west-2.amazonaws.com\/slack-files2\/bot_icons\/2019-02-12\/548785199618_48.png"
        },
        "bot_id": "BG3N7LG73",
        "blocks": [
            {
                "type": "rich_text",
                "block_id": "041Q",
                "elements": [
                    {
                        "type": "rich_text_section",
                        "elements": [
                            {
                                "type": "link",
                                "url": "https:\/\/www.reddit.com\/r\/Terraform\/comments\/wvrg5h\/how_to_migrate_components_between_2_state_files\/",
                                "text": "how to migrate components between 2 state files?"
                            },
                            {
                                "type": "text",
                                "text": "\nSince terraform state mv has deprecated the options -state, state-out we have less options to move objects between different state files. One option is terraform state rm object and terraform import as you can see "
                            },
                            {
                                "type": "link",
                                "url": "https:\/\/www.youtube.com\/watch?v=LQSySZxMB7E",
                                "text": "here"
                            },
                            {
                                "type": "text",
                                "text": "    submitted by   "
                            },
                            {
                                "type": "link",
                                "url": "https:\/\/www.reddit.com\/user\/International-Row822",
                                "text": "\/u\/International-Row822"
                            },
                            {
                                "type": "text",
                                "text": " \n<a..."
                            }
                        ]
                    }
                ]
            }
        ],
        "attachments": [
            {
                "from_url": "https:\/\/www.reddit.com\/r\/Terraform\/comments\/wvrg5h\/how_to_migrate_components_between_2_state_files\/",
                "thumb_url": "https:\/\/www.redditstatic.com\/new-icon.png",
                "thumb_width": 256,
                "thumb_height": 256,
                "service_icon": "http:\/\/www.redditstatic.com\/desktop2x\/img\/favicon\/apple-icon-57x57.png",
                "id": 1,
                "original_url": "https:\/\/www.reddit.com\/r\/Terraform\/comments\/wvrg5h\/how_to_migrate_components_between_2_state_files\/",
                "fallback": "reddit: how to migrate components between 2 state files?",
                "text": "Since terraform state mv has deprecated the options -state, state-out we have less options to move objects between different state files. One...",
                "title": "how to migrate components between 2 state files?",
                "title_link": "https:\/\/www.reddit.com\/r\/Terraform\/comments\/wvrg5h\/how_to_migrate_components_between_2_state_files\/",
                "service_name": "reddit"
            },
            {
                "from_url": "https:\/\/www.youtube.com\/watch?v=LQSySZxMB7E",
                "thumb_url": "https:\/\/i.ytimg.com\/vi\/LQSySZxMB7E\/hqdefault.jpg",
                "thumb_width": 480,
                "thumb_height": 360,
                "video_html": "<iframe width=\"400\" height=\"225\" src=\"https:\/\/www.youtube.com\/embed\/LQSySZxMB7E?feature=oembed&autoplay=1&iv_load_policy=3\" frameborder=\"0\" allow=\"accelerometer; autoplay; clipboard-write; encrypted-media; gyroscope; picture-in-picture\" allowfullscreen title=\"Terraform: migrating components between state files\"><\/iframe>",
                "video_html_width": 400,
                "video_html_height": 225,
                "service_icon": "https:\/\/a.slack-edge.com\/80588\/img\/unfurl_icons\/youtube.png",
                "id": 2,
                "original_url": "https:\/\/www.youtube.com\/watch?v=LQSySZxMB7E",
                "fallback": "YouTube Video: Terraform: migrating components between state files",
                "title": "Terraform: migrating components between state files",
                "title_link": "https:\/\/www.youtube.com\/watch?v=LQSySZxMB7E",
                "author_name": "mkdev",
                "author_link": "https:\/\/www.youtube.com\/c\/mkdevme",
                "service_name": "YouTube",
                "service_url": "https:\/\/www.youtube.com\/"
            },
            {
                "from_url": "https:\/\/www.reddit.com\/user\/International-Row822",
                "service_icon": "http:\/\/www.redditstatic.com\/desktop2x\/img\/favicon\/apple-icon-57x57.png",
                "id": 3,
                "original_url": "https:\/\/www.reddit.com\/user\/International-Row822",
                "fallback": "overview for International-Row822",
                "text": "The u\/International-Row822 community on Reddit. Reddit gives you the best of the internet in one place.",
                "title": "overview for International-Row822",
                "title_link": "https:\/\/www.reddit.com\/user\/International-Row822",
                "service_name": "reddit.com"
            }
        ],
        "edited": {
            "user": "BG3N7LG73",
            "ts": "1661267789.000000"
        }
    },
    {
        "type": "message",
        "subtype": "bot_message",
        "text": "<https:\/\/www.reddit.com\/r\/Terraform\/comments\/wvt8i6\/proxmox_terraform_error_400_parameter\/|ProxMox Terraform - Error: 400 Parameter Verification failed>\nWondering if anyone here is familiar with Terraform and ProxMox. Simply put - receiving this error with no indication where the bug is: 2022-08-23T00:03:49.426-0700 [ERROR] vertex \"proxmox_vm_qemu.srv_test\" error: 400 Parameter verification failed. 2022-08-23T00:03:49.426-0700 [TRACE] vertex \"proxmox_vm_qemu.srv_test\": visit complete, with errors 2022-08-23T00:03:49.426-0700 [TRACE] dag\/walk: upstream of \"provider[\\\"<http:\/\/registry.terraform.io\/telmate\/proxmox\\|registry.terraform.io\/telmate\/proxmox\\>\"] (close)\" errored, so skipping...",
        "ts": "1661273188.593139",
        "username": "Terraform",
        "icons": {
            "image_48": "https:\/\/s3-us-west-2.amazonaws.com\/slack-files2\/bot_icons\/2019-02-12\/548785199618_48.png"
        },
        "bot_id": "BG3N7LG73",
        "blocks": [
            {
                "type": "rich_text",
                "block_id": "sTM=H",
                "elements": [
                    {
                        "type": "rich_text_section",
                        "elements": [
                            {
                                "type": "link",
                                "url": "https:\/\/www.reddit.com\/r\/Terraform\/comments\/wvt8i6\/proxmox_terraform_error_400_parameter\/",
                                "text": "ProxMox Terraform - Error: 400 Parameter Verification failed"
                            },
                            {
                                "type": "text",
                                "text": "\nWondering if anyone here is familiar with Terraform and ProxMox. Simply put - receiving this error with no indication where the bug is: 2022-08-23T00:03:49.426-0700 [ERROR] vertex \"proxmox_vm_qemu.srv_test\" error: 400 Parameter verification failed. 2022-08-23T00:03:49.426-0700 [TRACE] vertex \"proxmox_vm_qemu.srv_test\": visit complete, with errors 2022-08-23T00:03:49.426-0700 [TRACE] dag\/walk: upstream of \"provider[\\\""
                            },
                            {
                                "type": "link",
                                "url": "http:\/\/registry.terraform.io\/telmate\/proxmox\\",
                                "text": "registry.terraform.io\/telmate\/proxmox\\"
                            },
                            {
                                "type": "text",
                                "text": "\"] (close)\" errored, so skipping..."
                            }
                        ]
                    }
                ]
            }
        ],
        "attachments": [
            {
                "from_url": "https:\/\/www.reddit.com\/r\/Terraform\/comments\/wvt8i6\/proxmox_terraform_error_400_parameter\/",
                "thumb_url": "https:\/\/www.redditstatic.com\/new-icon.png",
                "thumb_width": 256,
                "thumb_height": 256,
                "service_icon": "http:\/\/www.redditstatic.com\/desktop2x\/img\/favicon\/apple-icon-57x57.png",
                "id": 1,
                "original_url": "https:\/\/www.reddit.com\/r\/Terraform\/comments\/wvt8i6\/proxmox_terraform_error_400_parameter\/",
                "fallback": "reddit: ProxMox Terraform - Error: 400 Parameter Verification failed",
                "text": "Wondering if anyone here is familiar with Terraform and ProxMox. Simply put - receiving this error with no indication where the bug is: ...",
                "title": "ProxMox Terraform - Error: 400 Parameter Verification failed",
                "title_link": "https:\/\/www.reddit.com\/r\/Terraform\/comments\/wvt8i6\/proxmox_terraform_error_400_parameter\/",
                "service_name": "reddit"
            }
        ],
        "edited": {
            "user": "BG3N7LG73",
            "ts": "1661273188.000000"
        }
    },
    {
        "type": "message",
        "subtype": "bot_message",
        "text": "<https:\/\/www.reddit.com\/r\/Terraform\/comments\/wvw2ug\/is_running_terraform_plan_always_100_safe\/|Is running “terraform plan” always 100% safe?>\nDumb question I know, but I struggle with production anxiety pretty hard and could use some reassurance There’s zero possibility of altering AWS resources when running any command that isn’t apply, right?    submitted by   <https:\/\/www.reddit.com\/user\/WuokaQuokaFlame| \/u\/WuokaQuokaFlame > \n<https:\/\/www.reddit.com\/r\/Terraform\/comments\/wvw2ug\/is_running_terraform_plan_always_100_safe\/|[link]>   &lt;a...",
        "ts": "1661279789.680889",
        "username": "Terraform",
        "icons": {
            "image_48": "https:\/\/s3-us-west-2.amazonaws.com\/slack-files2\/bot_icons\/2019-02-12\/548785199618_48.png"
        },
        "bot_id": "BG3N7LG73",
        "blocks": [
            {
                "type": "rich_text",
                "block_id": "CYff",
                "elements": [
                    {
                        "type": "rich_text_section",
                        "elements": [
                            {
                                "type": "link",
                                "url": "https:\/\/www.reddit.com\/r\/Terraform\/comments\/wvw2ug\/is_running_terraform_plan_always_100_safe\/",
                                "text": "Is running “terraform plan” always 100% safe?"
                            },
                            {
                                "type": "text",
                                "text": "\nDumb question I know, but I struggle with production anxiety pretty hard and could use some reassurance There’s zero possibility of altering AWS resources when running any command that isn’t apply, right?    submitted by   "
                            },
                            {
                                "type": "link",
                                "url": "https:\/\/www.reddit.com\/user\/WuokaQuokaFlame",
                                "text": "\/u\/WuokaQuokaFlame"
                            },
                            {
                                "type": "text",
                                "text": " \n"
                            },
                            {
                                "type": "link",
                                "url": "https:\/\/www.reddit.com\/r\/Terraform\/comments\/wvw2ug\/is_running_terraform_plan_always_100_safe\/",
                                "text": "[link]"
                            },
                            {
                                "type": "text",
                                "text": "   <a..."
                            }
                        ]
                    }
                ]
            }
        ],
        "attachments": [
            {
                "from_url": "https:\/\/www.reddit.com\/r\/Terraform\/comments\/wvw2ug\/is_running_terraform_plan_always_100_safe\/",
                "thumb_url": "https:\/\/www.redditstatic.com\/new-icon.png",
                "thumb_width": 256,
                "thumb_height": 256,
                "service_icon": "http:\/\/www.redditstatic.com\/desktop2x\/img\/favicon\/apple-icon-57x57.png",
                "id": 1,
                "original_url": "https:\/\/www.reddit.com\/r\/Terraform\/comments\/wvw2ug\/is_running_terraform_plan_always_100_safe\/",
                "fallback": "reddit: Is running “terraform plan” always 100% safe?",
                "text": "Dumb question I know, but I struggle with production anxiety pretty hard and could use some reassurance There’s zero possibility of altering AWS...",
                "title": "Is running “terraform plan” always 100% safe?",
                "title_link": "https:\/\/www.reddit.com\/r\/Terraform\/comments\/wvw2ug\/is_running_terraform_plan_always_100_safe\/",
                "service_name": "reddit"
            },
            {
                "from_url": "https:\/\/www.reddit.com\/user\/WuokaQuokaFlame",
                "service_icon": "http:\/\/www.redditstatic.com\/desktop2x\/img\/favicon\/apple-icon-57x57.png",
                "id": 2,
                "original_url": "https:\/\/www.reddit.com\/user\/WuokaQuokaFlame",
                "fallback": "overview for WuokaQuokaFlame",
                "text": "The u\/WuokaQuokaFlame community on Reddit. Reddit gives you the best of the internet in one place.",
                "title": "overview for WuokaQuokaFlame",
                "title_link": "https:\/\/www.reddit.com\/user\/WuokaQuokaFlame",
                "service_name": "reddit.com"
            }
        ],
        "edited": {
            "user": "BG3N7LG73",
            "ts": "1661279790.000000"
        }
    },
    {
        "type": "message",
        "subtype": "bot_message",
        "text": "<https:\/\/www.reddit.com\/r\/Terraform\/comments\/wvxvel\/our_company_is_choosing_terraform_for_azure_iac\/|Our company is choosing Terraform for Azure IAC.>\nSo after several meetings with Microsoft and proof of concepts it has been decided we will be going forward with Terraform for all Azure IAC. If you could send a message to your former self months or years ago when you were first using or exploring Terraform, what would it be? Any general tips?    submitted by   <https:\/\/www.reddit.com\/user\/StealthCatUK| \/u\/StealthCatUK > \n&lt;a...",
        "ts": "1661283990.377319",
        "username": "Terraform",
        "icons": {
            "image_48": "https:\/\/s3-us-west-2.amazonaws.com\/slack-files2\/bot_icons\/2019-02-12\/548785199618_48.png"
        },
        "bot_id": "BG3N7LG73",
        "blocks": [
            {
                "type": "rich_text",
                "block_id": "7Wpv",
                "elements": [
                    {
                        "type": "rich_text_section",
                        "elements": [
                            {
                                "type": "link",
                                "url": "https:\/\/www.reddit.com\/r\/Terraform\/comments\/wvxvel\/our_company_is_choosing_terraform_for_azure_iac\/",
                                "text": "Our company is choosing Terraform for Azure IAC."
                            },
                            {
                                "type": "text",
                                "text": "\nSo after several meetings with Microsoft and proof of concepts it has been decided we will be going forward with Terraform for all Azure IAC. If you could send a message to your former self months or years ago when you were first using or exploring Terraform, what would it be? Any general tips?    submitted by   "
                            },
                            {
                                "type": "link",
                                "url": "https:\/\/www.reddit.com\/user\/StealthCatUK",
                                "text": "\/u\/StealthCatUK"
                            },
                            {
                                "type": "text",
                                "text": " \n<a..."
                            }
                        ]
                    }
                ]
            }
        ],
        "attachments": [
            {
                "from_url": "https:\/\/www.reddit.com\/r\/Terraform\/comments\/wvxvel\/our_company_is_choosing_terraform_for_azure_iac\/",
                "thumb_url": "https:\/\/www.redditstatic.com\/new-icon.png",
                "thumb_width": 256,
                "thumb_height": 256,
                "service_icon": "http:\/\/www.redditstatic.com\/desktop2x\/img\/favicon\/apple-icon-57x57.png",
                "id": 1,
                "original_url": "https:\/\/www.reddit.com\/r\/Terraform\/comments\/wvxvel\/our_company_is_choosing_terraform_for_azure_iac\/",
                "fallback": "reddit: Our company is choosing Terraform for Azure IAC.",
                "text": "So after several meetings with Microsoft and proof of concepts it has been decided we will be going forward with Terraform for all Azure IAC. If...",
                "title": "Our company is choosing Terraform for Azure IAC.",
                "title_link": "https:\/\/www.reddit.com\/r\/Terraform\/comments\/wvxvel\/our_company_is_choosing_terraform_for_azure_iac\/",
                "service_name": "reddit"
            },
            {
                "from_url": "https:\/\/www.reddit.com\/user\/StealthCatUK",
                "service_icon": "http:\/\/www.redditstatic.com\/desktop2x\/img\/favicon\/apple-icon-57x57.png",
                "id": 2,
                "original_url": "https:\/\/www.reddit.com\/user\/StealthCatUK",
                "fallback": "overview for StealthCatUK",
                "text": "The u\/StealthCatUK community on Reddit. Reddit gives you the best of the internet in one place.",
                "title": "overview for StealthCatUK",
                "title_link": "https:\/\/www.reddit.com\/user\/StealthCatUK",
                "service_name": "reddit.com"
            }
        ],
        "edited": {
            "user": "BG3N7LG73",
            "ts": "1661283990.000000"
        }
    },
    {
        "type": "message",
        "subtype": "bot_message",
        "text": "<https:\/\/www.reddit.com\/r\/Terraform\/comments\/wvzt7u\/terraform_cloud_github_actions_environment\/|Terraform Cloud | Github Actions | Environment Variables>\nHi Guys! Can I define values on the Github actions for the environment variables defined on the terraform cloud? The objective is to dynamically create\/update the environment based on the GitHub actions behavior. Thanks for the help! Regards,    submitted by   <https:\/\/www.reddit.com\/user\/diogoduran| \/u\/diogoduran > \n<https:\/\/www.reddit.com\/r\/Terraform\/comments\/wvzt7u\/terraform_cloud_github_actions_environment\/|[link]>   &lt;a...",
        "ts": "1661288789.898029",
        "username": "Terraform",
        "icons": {
            "image_48": "https:\/\/s3-us-west-2.amazonaws.com\/slack-files2\/bot_icons\/2019-02-12\/548785199618_48.png"
        },
        "bot_id": "BG3N7LG73",
        "blocks": [
            {
                "type": "rich_text",
                "block_id": "Ro12",
                "elements": [
                    {
                        "type": "rich_text_section",
                        "elements": [
                            {
                                "type": "link",
                                "url": "https:\/\/www.reddit.com\/r\/Terraform\/comments\/wvzt7u\/terraform_cloud_github_actions_environment\/",
                                "text": "Terraform Cloud | Github Actions | Environment Variables"
                            },
                            {
                                "type": "text",
                                "text": "\nHi Guys! Can I define values on the Github actions for the environment variables defined on the terraform cloud? The objective is to dynamically create\/update the environment based on the GitHub actions behavior. Thanks for the help! Regards,    submitted by   "
                            },
                            {
                                "type": "link",
                                "url": "https:\/\/www.reddit.com\/user\/diogoduran",
                                "text": "\/u\/diogoduran"
                            },
                            {
                                "type": "text",
                                "text": " \n"
                            },
                            {
                                "type": "link",
                                "url": "https:\/\/www.reddit.com\/r\/Terraform\/comments\/wvzt7u\/terraform_cloud_github_actions_environment\/",
                                "text": "[link]"
                            },
                            {
                                "type": "text",
                                "text": "   <a..."
                            }
                        ]
                    }
                ]
            }
        ],
        "attachments": [
            {
                "from_url": "https:\/\/www.reddit.com\/r\/Terraform\/comments\/wvzt7u\/terraform_cloud_github_actions_environment\/",
                "thumb_url": "https:\/\/www.redditstatic.com\/new-icon.png",
                "thumb_width": 256,
                "thumb_height": 256,
                "service_icon": "http:\/\/www.redditstatic.com\/desktop2x\/img\/favicon\/apple-icon-57x57.png",
                "id": 1,
                "original_url": "https:\/\/www.reddit.com\/r\/Terraform\/comments\/wvzt7u\/terraform_cloud_github_actions_environment\/",
                "fallback": "reddit: Terraform Cloud | Github Actions | Environment Variables",
                "text": "Hi Guys! Can I define values on the Github actions for the environment variables defined on the terraform cloud? The objective is to dynamically...",
                "title": "Terraform Cloud | Github Actions | Environment Variables",
                "title_link": "https:\/\/www.reddit.com\/r\/Terraform\/comments\/wvzt7u\/terraform_cloud_github_actions_environment\/",
                "service_name": "reddit"
            },
            {
                "from_url": "https:\/\/www.reddit.com\/user\/diogoduran",
                "service_icon": "http:\/\/www.redditstatic.com\/desktop2x\/img\/favicon\/apple-icon-57x57.png",
                "id": 2,
                "original_url": "https:\/\/www.reddit.com\/user\/diogoduran",
                "fallback": "overview for diogoduran",
                "text": "The u\/diogoduran community on Reddit. Reddit gives you the best of the internet in one place.",
                "title": "overview for diogoduran",
                "title_link": "https:\/\/www.reddit.com\/user\/diogoduran",
                "service_name": "reddit.com"
            }
        ],
        "edited": {
            "user": "BG3N7LG73",
            "ts": "1661288790.000000"
        }
    },
    {
        "type": "message",
        "subtype": "bot_message",
        "text": "<https:\/\/www.reddit.com\/r\/Terraform\/comments\/ww6p2u\/waitcheck_a_pod_before_rolling_out_the_deployment\/|Wait\/check a pod before rolling out the deployment>\nLong story short, a pod takes few extra seconds to start\/load the application but since there is no failures and the pod itself is up, the rollout is applied. But remember, the application is still loading so, for a few seconds any connection attempt will fail until it eventually succeed. How can I possibly force the rollout to wait for the pod\/application to fully start? I found this that is what I need but I am not sure how to convert this into a terraform language: &lt;a...",
        "ts": "1661306788.885769",
        "username": "Terraform",
        "icons": {
            "image_48": "https:\/\/s3-us-west-2.amazonaws.com\/slack-files2\/bot_icons\/2019-02-12\/548785199618_48.png"
        },
        "bot_id": "BG3N7LG73",
        "blocks": [
            {
                "type": "rich_text",
                "block_id": "wMVE",
                "elements": [
                    {
                        "type": "rich_text_section",
                        "elements": [
                            {
                                "type": "link",
                                "url": "https:\/\/www.reddit.com\/r\/Terraform\/comments\/ww6p2u\/waitcheck_a_pod_before_rolling_out_the_deployment\/",
                                "text": "Wait\/check a pod before rolling out the deployment"
                            },
                            {
                                "type": "text",
                                "text": "\nLong story short, a pod takes few extra seconds to start\/load the application but since there is no failures and the pod itself is up, the rollout is applied. But remember, the application is still loading so, for a few seconds any connection attempt will fail until it eventually succeed. How can I possibly force the rollout to wait for the pod\/application to fully start? I found this that is what I need but I am not sure how to convert this into a terraform language: <a..."
                            }
                        ]
                    }
                ]
            }
        ],
        "attachments": [
            {
                "from_url": "https:\/\/www.reddit.com\/r\/Terraform\/comments\/ww6p2u\/waitcheck_a_pod_before_rolling_out_the_deployment\/",
                "thumb_url": "https:\/\/www.redditstatic.com\/new-icon.png",
                "thumb_width": 256,
                "thumb_height": 256,
                "service_icon": "http:\/\/www.redditstatic.com\/desktop2x\/img\/favicon\/apple-icon-57x57.png",
                "id": 1,
                "original_url": "https:\/\/www.reddit.com\/r\/Terraform\/comments\/ww6p2u\/waitcheck_a_pod_before_rolling_out_the_deployment\/",
                "fallback": "reddit: Wait\/check a pod before rolling out the deployment",
                "text": "Long story short, a pod takes few extra seconds to start\/load the application but since there is no failures and the pod itself is up, the rollout...",
                "title": "Wait\/check a pod before rolling out the deployment",
                "title_link": "https:\/\/www.reddit.com\/r\/Terraform\/comments\/ww6p2u\/waitcheck_a_pod_before_rolling_out_the_deployment\/",
                "service_name": "reddit"
            }
        ],
        "edited": {
            "user": "BG3N7LG73",
            "ts": "1661306789.000000"
        }
    },
    {
        "type": "message",
        "subtype": "bot_message",
        "text": "<https:\/\/www.reddit.com\/r\/Terraform\/comments\/wwc03k\/way_to_remoteexec_on_private_vm\/|Way to remote-exec on private vm>\nHi, I need to execute some commands remotely when creating the Azure virtual machine. The problem is that VM is not public so I can't have a connection with it.  Is there any way to achieve that?    submitted by   <https:\/\/www.reddit.com\/user\/hashing_512| \/u\/hashing_512 > \n<https:\/\/www.reddit.com\/r\/Terraform\/comments\/wwc03k\/way_to_remoteexec_on_private_vm\/|[link]>   &lt;a...",
        "ts": "1661322989.610629",
        "username": "Terraform",
        "icons": {
            "image_48": "https:\/\/s3-us-west-2.amazonaws.com\/slack-files2\/bot_icons\/2019-02-12\/548785199618_48.png"
        },
        "bot_id": "BG3N7LG73",
        "blocks": [
            {
                "type": "rich_text",
                "block_id": "rPc2",
                "elements": [
                    {
                        "type": "rich_text_section",
                        "elements": [
                            {
                                "type": "link",
                                "url": "https:\/\/www.reddit.com\/r\/Terraform\/comments\/wwc03k\/way_to_remoteexec_on_private_vm\/",
                                "text": "Way to remote-exec on private vm"
                            },
                            {
                                "type": "text",
                                "text": "\nHi, I need to execute some commands remotely when creating the Azure virtual machine. The problem is that VM is not public so I can't have a connection with it.  Is there any way to achieve that?    submitted by   "
                            },
                            {
                                "type": "link",
                                "url": "https:\/\/www.reddit.com\/user\/hashing_512",
                                "text": "\/u\/hashing_512"
                            },
                            {
                                "type": "text",
                                "text": " \n"
                            },
                            {
                                "type": "link",
                                "url": "https:\/\/www.reddit.com\/r\/Terraform\/comments\/wwc03k\/way_to_remoteexec_on_private_vm\/",
                                "text": "[link]"
                            },
                            {
                                "type": "text",
                                "text": "   <a..."
                            }
                        ]
                    }
                ]
            }
        ],
        "attachments": [
            {
                "from_url": "https:\/\/www.reddit.com\/r\/Terraform\/comments\/wwc03k\/way_to_remoteexec_on_private_vm\/",
                "thumb_url": "https:\/\/www.redditstatic.com\/new-icon.png",
                "thumb_width": 256,
                "thumb_height": 256,
                "service_icon": "http:\/\/www.redditstatic.com\/desktop2x\/img\/favicon\/apple-icon-57x57.png",
                "id": 1,
                "original_url": "https:\/\/www.reddit.com\/r\/Terraform\/comments\/wwc03k\/way_to_remoteexec_on_private_vm\/",
                "fallback": "reddit: Way to remote-exec on private vm",
                "text": "Hi, I need to execute some commands remotely when creating the Azure virtual machine. The problem is that VM is not public so I can't have a...",
                "title": "Way to remote-exec on private vm",
                "title_link": "https:\/\/www.reddit.com\/r\/Terraform\/comments\/wwc03k\/way_to_remoteexec_on_private_vm\/",
                "service_name": "reddit"
            },
            {
                "from_url": "https:\/\/www.reddit.com\/user\/hashing_512",
                "service_icon": "http:\/\/www.redditstatic.com\/desktop2x\/img\/favicon\/apple-icon-57x57.png",
                "id": 2,
                "original_url": "https:\/\/www.reddit.com\/user\/hashing_512",
                "fallback": "overview for hashing_512",
                "text": "The u\/hashing_512 community on Reddit. Reddit gives you the best of the internet in one place.",
                "title": "overview for hashing_512",
                "title_link": "https:\/\/www.reddit.com\/user\/hashing_512",
                "service_name": "reddit.com"
            }
        ],
        "edited": {
            "user": "BG3N7LG73",
            "ts": "1661322989.000000"
        }
    }
]