[
    {
        "type": "message",
        "subtype": "bot_message",
        "text": "<https:\/\/www.reddit.com\/r\/Terraform\/comments\/x2bmio\/terraform_automation_ci_cd_pipeline_ansible\/|Terraform Automation \/ CI CD Pipeline \/Ansible>\nHi We have built our AWS resources using terraform. We have around 50 rds database that require a minor version upgrade. Each rds resource is created using terraform. Trying to figure out the best way to upgrade all these databases at the same time and automate the process. 1) We can use aws cli to trigger the upgrades. However how do you now retro fit into the tfstate file.  Does tfstate or terraform now become obsolete after you provisioned? 2) Another thought was to use Ansible or some CI...",
        "ts": "1661947590.689459",
        "username": "Terraform",
        "icons": {
            "image_48": "https:\/\/s3-us-west-2.amazonaws.com\/slack-files2\/bot_icons\/2019-02-12\/548785199618_48.png"
        },
        "bot_id": "BG3N7LG73",
        "blocks": [
            {
                "type": "rich_text",
                "block_id": "K=KXL",
                "elements": [
                    {
                        "type": "rich_text_section",
                        "elements": [
                            {
                                "type": "link",
                                "url": "https:\/\/www.reddit.com\/r\/Terraform\/comments\/x2bmio\/terraform_automation_ci_cd_pipeline_ansible\/",
                                "text": "Terraform Automation \/ CI CD Pipeline \/Ansible"
                            },
                            {
                                "type": "text",
                                "text": "\nHi We have built our AWS resources using terraform. We have around 50 rds database that require a minor version upgrade. Each rds resource is created using terraform. Trying to figure out the best way to upgrade all these databases at the same time and automate the process. 1) We can use aws cli to trigger the upgrades. However how do you now retro fit into the tfstate file.  Does tfstate or terraform now become obsolete after you provisioned? 2) Another thought was to use Ansible or some CI..."
                            }
                        ]
                    }
                ]
            }
        ],
        "attachments": [
            {
                "from_url": "https:\/\/www.reddit.com\/r\/Terraform\/comments\/x2bmio\/terraform_automation_ci_cd_pipeline_ansible\/",
                "thumb_url": "https:\/\/www.redditstatic.com\/new-icon.png",
                "thumb_width": 256,
                "thumb_height": 256,
                "service_icon": "http:\/\/www.redditstatic.com\/desktop2x\/img\/favicon\/apple-icon-57x57.png",
                "id": 1,
                "original_url": "https:\/\/www.reddit.com\/r\/Terraform\/comments\/x2bmio\/terraform_automation_ci_cd_pipeline_ansible\/",
                "fallback": "reddit: Terraform Automation \/ CI CD Pipeline \/Ansible",
                "text": "Hi We have built our AWS resources using terraform. We have around 50 rds database that require a minor version upgrade. Each rds resource is...",
                "title": "Terraform Automation \/ CI CD Pipeline \/Ansible",
                "title_link": "https:\/\/www.reddit.com\/r\/Terraform\/comments\/x2bmio\/terraform_automation_ci_cd_pipeline_ansible\/",
                "service_name": "reddit"
            }
        ],
        "edited": {
            "user": "BG3N7LG73",
            "ts": "1661947591.000000"
        }
    },
    {
        "type": "message",
        "subtype": "bot_message",
        "text": "<https:\/\/www.reddit.com\/r\/Terraform\/comments\/x2cff6\/building_reusable_terraform_modules\/|Building reusable Terraform Modules>\nsubmitted by   <https:\/\/www.reddit.com\/user\/wineandcode| \/u\/wineandcode > \n<https:\/\/medium.com\/@flaviuscdinu93\/building-reusable-terraform-modules-part-2-c7cafaeeee59|[link]>   <https:\/\/www.reddit.com\/r\/Terraform\/comments\/x2cff6\/building_reusable_terraform_modules\/|[comments]>",
        "ts": "1661949987.162819",
        "username": "Terraform",
        "icons": {
            "image_48": "https:\/\/s3-us-west-2.amazonaws.com\/slack-files2\/bot_icons\/2019-02-12\/548785199618_48.png"
        },
        "bot_id": "BG3N7LG73",
        "blocks": [
            {
                "type": "rich_text",
                "block_id": "otVor",
                "elements": [
                    {
                        "type": "rich_text_section",
                        "elements": [
                            {
                                "type": "link",
                                "url": "https:\/\/www.reddit.com\/r\/Terraform\/comments\/x2cff6\/building_reusable_terraform_modules\/",
                                "text": "Building reusable Terraform Modules"
                            },
                            {
                                "type": "text",
                                "text": "\nsubmitted by   "
                            },
                            {
                                "type": "link",
                                "url": "https:\/\/www.reddit.com\/user\/wineandcode",
                                "text": "\/u\/wineandcode"
                            },
                            {
                                "type": "text",
                                "text": " \n"
                            },
                            {
                                "type": "link",
                                "url": "https:\/\/medium.com\/@flaviuscdinu93\/building-reusable-terraform-modules-part-2-c7cafaeeee59",
                                "text": "[link]"
                            },
                            {
                                "type": "text",
                                "text": "   "
                            },
                            {
                                "type": "link",
                                "url": "https:\/\/www.reddit.com\/r\/Terraform\/comments\/x2cff6\/building_reusable_terraform_modules\/",
                                "text": "[comments]"
                            }
                        ]
                    }
                ]
            }
        ],
        "attachments": [
            {
                "from_url": "https:\/\/www.reddit.com\/r\/Terraform\/comments\/x2cff6\/building_reusable_terraform_modules\/",
                "thumb_url": "https:\/\/b.thumbs.redditmedia.com\/D2ghIco-UKkIZZry8GbRrWS2DEBRtx9Xswlzavl_-Hw.jpg",
                "thumb_width": 140,
                "thumb_height": 70,
                "service_icon": "http:\/\/www.redditstatic.com\/desktop2x\/img\/favicon\/apple-icon-57x57.png",
                "id": 1,
                "original_url": "https:\/\/www.reddit.com\/r\/Terraform\/comments\/x2cff6\/building_reusable_terraform_modules\/",
                "fallback": "reddit: Building reusable Terraform Modules",
                "text": "Posted in r\/Terraform by u\/wineandcode • 1 point and 0 comments",
                "title": "Building reusable Terraform Modules",
                "title_link": "https:\/\/www.reddit.com\/r\/Terraform\/comments\/x2cff6\/building_reusable_terraform_modules\/",
                "service_name": "reddit"
            },
            {
                "from_url": "https:\/\/www.reddit.com\/user\/wineandcode",
                "service_icon": "http:\/\/www.redditstatic.com\/desktop2x\/img\/favicon\/apple-icon-57x57.png",
                "id": 2,
                "original_url": "https:\/\/www.reddit.com\/user\/wineandcode",
                "fallback": "overview for wineandcode",
                "text": "The u\/wineandcode community on Reddit. Reddit gives you the best of the internet in one place.",
                "title": "overview for wineandcode",
                "title_link": "https:\/\/www.reddit.com\/user\/wineandcode",
                "service_name": "reddit.com"
            },
            {
                "from_url": "https:\/\/medium.com\/@flaviuscdinu93\/building-reusable-terraform-modules-part-2-c7cafaeeee59",
                "ts": 1661932875,
                "image_url": "https:\/\/miro.medium.com\/max\/534\/1*sA-Ttb1orP73wGQ-3jWLeg.png",
                "image_width": 494,
                "image_height": 250,
                "image_bytes": 24405,
                "service_icon": "https:\/\/miro.medium.com\/fit\/c\/152\/152\/1*sHhtYhaCe2Uc3IU0IgKwIQ.png",
                "id": 3,
                "original_url": "https:\/\/medium.com\/@flaviuscdinu93\/building-reusable-terraform-modules-part-2-c7cafaeeee59",
                "fallback": "Medium: Building reusable Terraform Modules — Part 2",
                "text": "In the first part, I’ve talked about the best practices and I’ve shown a glimpse on how things can be done.",
                "title": "Building reusable Terraform Modules — Part 2",
                "title_link": "https:\/\/medium.com\/@flaviuscdinu93\/building-reusable-terraform-modules-part-2-c7cafaeeee59",
                "service_name": "Medium",
                "fields": [
                    {
                        "value": "7 min read",
                        "title": "Reading time",
                        "short": true
                    }
                ]
            }
        ],
        "edited": {
            "user": "BG3N7LG73",
            "ts": "1661949987.000000"
        }
    },
    {
        "type": "message",
        "subtype": "bot_message",
        "text": "<https:\/\/www.reddit.com\/r\/Terraform\/comments\/x2dqlm\/how_to_create_iam_policy_and_iam_role_in_the_aws\/|How to create IAM policy and IAM role in the AWS cloud using terraform - 3 ways | 2022>\nsubmitted by   <https:\/\/www.reddit.com\/user\/lepczynski_it| \/u\/lepczynski_it > \n<https:\/\/lepczynski.it\/en\/aws_en\/how-to-create-iam-policy-and-iam-role-in-terraform-3-ways-2022\/|[link]>   <https:\/\/www.reddit.com\/r\/Terraform\/comments\/x2dqlm\/how_to_create_iam_policy_and_iam_role_in_the_aws\/|[comments]>",
        "ts": "1661953588.495529",
        "username": "Terraform",
        "icons": {
            "image_48": "https:\/\/s3-us-west-2.amazonaws.com\/slack-files2\/bot_icons\/2019-02-12\/548785199618_48.png"
        },
        "bot_id": "BG3N7LG73",
        "blocks": [
            {
                "type": "rich_text",
                "block_id": "8N5mL",
                "elements": [
                    {
                        "type": "rich_text_section",
                        "elements": [
                            {
                                "type": "link",
                                "url": "https:\/\/www.reddit.com\/r\/Terraform\/comments\/x2dqlm\/how_to_create_iam_policy_and_iam_role_in_the_aws\/",
                                "text": "How to create IAM policy and IAM role in the AWS cloud using terraform - 3 ways | 2022"
                            },
                            {
                                "type": "text",
                                "text": "\nsubmitted by   "
                            },
                            {
                                "type": "link",
                                "url": "https:\/\/www.reddit.com\/user\/lepczynski_it",
                                "text": "\/u\/lepczynski_it"
                            },
                            {
                                "type": "text",
                                "text": " \n"
                            },
                            {
                                "type": "link",
                                "url": "https:\/\/lepczynski.it\/en\/aws_en\/how-to-create-iam-policy-and-iam-role-in-terraform-3-ways-2022\/",
                                "text": "[link]"
                            },
                            {
                                "type": "text",
                                "text": "   "
                            },
                            {
                                "type": "link",
                                "url": "https:\/\/www.reddit.com\/r\/Terraform\/comments\/x2dqlm\/how_to_create_iam_policy_and_iam_role_in_the_aws\/",
                                "text": "[comments]"
                            }
                        ]
                    }
                ]
            }
        ],
        "attachments": [
            {
                "from_url": "https:\/\/www.reddit.com\/r\/Terraform\/comments\/x2dqlm\/how_to_create_iam_policy_and_iam_role_in_the_aws\/",
                "thumb_url": "https:\/\/b.thumbs.redditmedia.com\/tRat9LpOWLvrHFh6VTOG0SaTwVZMReVp5pKKE13NWaA.jpg",
                "thumb_width": 140,
                "thumb_height": 93,
                "service_icon": "http:\/\/www.redditstatic.com\/desktop2x\/img\/favicon\/apple-icon-57x57.png",
                "id": 1,
                "original_url": "https:\/\/www.reddit.com\/r\/Terraform\/comments\/x2dqlm\/how_to_create_iam_policy_and_iam_role_in_the_aws\/",
                "fallback": "reddit: How to create IAM policy and IAM role in the AWS cloud using terraform - 3 ways | 2022",
                "text": "Posted in r\/Terraform by u\/lepczynski_it • 1 point and 0 comments",
                "title": "How to create IAM policy and IAM role in the AWS cloud using terraform - 3 ways | 2022",
                "title_link": "https:\/\/www.reddit.com\/r\/Terraform\/comments\/x2dqlm\/how_to_create_iam_policy_and_iam_role_in_the_aws\/",
                "service_name": "reddit"
            },
            {
                "from_url": "https:\/\/www.reddit.com\/user\/lepczynski_it",
                "service_icon": "http:\/\/www.redditstatic.com\/desktop2x\/img\/favicon\/apple-icon-57x57.png",
                "id": 2,
                "original_url": "https:\/\/www.reddit.com\/user\/lepczynski_it",
                "fallback": "overview for lepczynski_it",
                "text": "blog - <https:\/\/lepczynski.it\/en\/>.",
                "title": "overview for lepczynski_it",
                "title_link": "https:\/\/www.reddit.com\/user\/lepczynski_it",
                "service_name": "reddit.com"
            }
        ],
        "edited": {
            "user": "BG3N7LG73",
            "ts": "1661953588.000000"
        }
    }
]