[
    {
        "type": "message",
        "subtype": "bot_message",
        "text": "<https:\/\/www.reddit.com\/r\/Terraform\/comments\/wz4hhu\/article_deploy_a_static_website_on_aws_with\/|[Article] Deploy a static website on AWS with Terraform>\nsubmitted by   <https:\/\/www.reddit.com\/user\/boodyvo| \/u\/boodyvo > \n<https:\/\/boodyvo.hashnode.dev\/deploy-a-static-website-on-aws-with-terraform|[link]>   <https:\/\/www.reddit.com\/r\/Terraform\/comments\/wz4hhu\/article_deploy_a_static_website_on_aws_with\/|[comments]>",
        "ts": "1661612188.687799",
        "username": "Terraform",
        "icons": {
            "image_48": "https:\/\/s3-us-west-2.amazonaws.com\/slack-files2\/bot_icons\/2019-02-12\/548785199618_48.png"
        },
        "bot_id": "BG3N7LG73",
        "blocks": [
            {
                "type": "rich_text",
                "block_id": "VhBg\/",
                "elements": [
                    {
                        "type": "rich_text_section",
                        "elements": [
                            {
                                "type": "link",
                                "url": "https:\/\/www.reddit.com\/r\/Terraform\/comments\/wz4hhu\/article_deploy_a_static_website_on_aws_with\/",
                                "text": "[Article] Deploy a static website on AWS with Terraform"
                            },
                            {
                                "type": "text",
                                "text": "\nsubmitted by   "
                            },
                            {
                                "type": "link",
                                "url": "https:\/\/www.reddit.com\/user\/boodyvo",
                                "text": "\/u\/boodyvo"
                            },
                            {
                                "type": "text",
                                "text": " \n"
                            },
                            {
                                "type": "link",
                                "url": "https:\/\/boodyvo.hashnode.dev\/deploy-a-static-website-on-aws-with-terraform",
                                "text": "[link]"
                            },
                            {
                                "type": "text",
                                "text": "   "
                            },
                            {
                                "type": "link",
                                "url": "https:\/\/www.reddit.com\/r\/Terraform\/comments\/wz4hhu\/article_deploy_a_static_website_on_aws_with\/",
                                "text": "[comments]"
                            }
                        ]
                    }
                ]
            }
        ],
        "attachments": [
            {
                "from_url": "https:\/\/www.reddit.com\/r\/Terraform\/comments\/wz4hhu\/article_deploy_a_static_website_on_aws_with\/",
                "thumb_url": "https:\/\/b.thumbs.redditmedia.com\/C9cfsjhBeDucVaWyR_IHgVxJ6IOKTrOmYMcj46yy8bc.jpg",
                "thumb_width": 140,
                "thumb_height": 73,
                "service_icon": "http:\/\/www.redditstatic.com\/desktop2x\/img\/favicon\/apple-icon-57x57.png",
                "id": 1,
                "original_url": "https:\/\/www.reddit.com\/r\/Terraform\/comments\/wz4hhu\/article_deploy_a_static_website_on_aws_with\/",
                "fallback": "reddit: [Article] Deploy a static website on AWS with Terraform",
                "text": "Posted in r\/Terraform by u\/boodyvo • 1 point and 0 comments",
                "title": "[Article] Deploy a static website on AWS with Terraform",
                "title_link": "https:\/\/www.reddit.com\/r\/Terraform\/comments\/wz4hhu\/article_deploy_a_static_website_on_aws_with\/",
                "service_name": "reddit"
            },
            {
                "from_url": "https:\/\/www.reddit.com\/user\/boodyvo",
                "service_icon": "http:\/\/www.redditstatic.com\/desktop2x\/img\/favicon\/apple-icon-57x57.png",
                "id": 2,
                "original_url": "https:\/\/www.reddit.com\/user\/boodyvo",
                "fallback": "reddit.com: over 18?",
                "text": "Reddit gives you the best of the internet in one place. Get a constantly updating feed of breaking news, fun stories, pics, memes, and videos just for you. Passionate about something niche? Reddit has thousands of vibrant communities with people that share your interests. Alternatively, find out what’s trending across all of Reddit on r\/popular. Reddit is also anonymous so you can be yourself, with your Reddit profile and persona disconnected from your real-world identity.",
                "title": "reddit.com: over 18?",
                "title_link": "https:\/\/www.reddit.com\/user\/boodyvo",
                "service_name": "reddit.com"
            },
            {
                "from_url": "https:\/\/boodyvo.hashnode.dev\/deploy-a-static-website-on-aws-with-terraform",
                "image_url": "https:\/\/hashnode.com\/utility\/r?url=https%3A%2F%2Fcdn.hashnode.com%2Fres%2Fhashnode%2Fimage%2Funsplash%2F_UeY8aTI6d0%2Fupload%2Fv1661465994148%2FskGmrmNEq.jpeg%3Fw%3D1200%26h%3D630%26fit%3Dcrop%26crop%3Dentropy%26auto%3Dcompress%2Cformat%26format%3Dwebp%26fm%3Dpng",
                "image_width": 476,
                "image_height": 250,
                "image_bytes": 46733,
                "service_icon": "https:\/\/cdn.hashnode.com\/res\/hashnode\/image\/upload\/v1611242155728\/W3_BYVVVh.png",
                "id": 3,
                "original_url": "https:\/\/boodyvo.hashnode.dev\/deploy-a-static-website-on-aws-with-terraform",
                "fallback": "Vladyslav Budichenko's blog: Deploy a static website on AWS with Terraform",
                "text": "A step-by-step tutorial of how to deploy the static website on AWS using Terraform as infrastructure as a code and AWS CloudFront and AWS S3 to serve it.",
                "title": "Deploy a static website on AWS with Terraform",
                "title_link": "https:\/\/boodyvo.hashnode.dev\/deploy-a-static-website-on-aws-with-terraform",
                "service_name": "Vladyslav Budichenko's blog"
            }
        ],
        "edited": {
            "user": "BG3N7LG73",
            "ts": "1661612189.000000"
        }
    },
    {
        "type": "message",
        "subtype": "bot_message",
        "text": "<https:\/\/www.reddit.com\/r\/Terraform\/comments\/wz6l4k\/how_to_update_firewall_rules_in_terraform\/|How to update firewall rules in terraform>\nHello, I've been implementing terraform to manage the network in google cloud. However if I have a firewall rule, and I add a \"source range to the list\", terraform removes the existent ip in the source range list. Example  resource \"google_compute_firewall\" \"allow_something\"{ name = \"allow-something\" network = \"${var.network}\" allow { protocol = \"tc\" ports = [\"22\"] } source_ranges = [\" \"${var.ip1} \"${var.ip2}\" \"] target_tags = [\"random tag\"] }  When I run the plan it says that those resources...",
        "ts": "1661616989.948889",
        "username": "Terraform",
        "icons": {
            "image_48": "https:\/\/s3-us-west-2.amazonaws.com\/slack-files2\/bot_icons\/2019-02-12\/548785199618_48.png"
        },
        "bot_id": "BG3N7LG73",
        "blocks": [
            {
                "type": "rich_text",
                "block_id": "viT",
                "elements": [
                    {
                        "type": "rich_text_section",
                        "elements": [
                            {
                                "type": "link",
                                "url": "https:\/\/www.reddit.com\/r\/Terraform\/comments\/wz6l4k\/how_to_update_firewall_rules_in_terraform\/",
                                "text": "How to update firewall rules in terraform"
                            },
                            {
                                "type": "text",
                                "text": "\nHello, I've been implementing terraform to manage the network in google cloud. However if I have a firewall rule, and I add a \"source range to the list\", terraform removes the existent ip in the source range list. Example  resource \"google_compute_firewall\" \"allow_something\"{ name = \"allow-something\" network = \"${var.network}\" allow { protocol = \"tc\" ports = [\"22\"] } source_ranges = [\" \"${var.ip1} \"${var.ip2}\" \"] target_tags = [\"random tag\"] }  When I run the plan it says that those resources..."
                            }
                        ]
                    }
                ]
            }
        ],
        "attachments": [
            {
                "from_url": "https:\/\/www.reddit.com\/r\/Terraform\/comments\/wz6l4k\/how_to_update_firewall_rules_in_terraform\/",
                "thumb_url": "https:\/\/www.redditstatic.com\/new-icon.png",
                "thumb_width": 256,
                "thumb_height": 256,
                "service_icon": "http:\/\/www.redditstatic.com\/desktop2x\/img\/favicon\/apple-icon-57x57.png",
                "id": 1,
                "original_url": "https:\/\/www.reddit.com\/r\/Terraform\/comments\/wz6l4k\/how_to_update_firewall_rules_in_terraform\/",
                "fallback": "reddit: How to update firewall rules in terraform",
                "text": "Hello, I've been implementing terraform to manage the network in google cloud. However if I have a firewall rule, and I add a \"source range to...",
                "title": "How to update firewall rules in terraform",
                "title_link": "https:\/\/www.reddit.com\/r\/Terraform\/comments\/wz6l4k\/how_to_update_firewall_rules_in_terraform\/",
                "service_name": "reddit"
            }
        ],
        "edited": {
            "user": "BG3N7LG73",
            "ts": "1661616990.000000"
        }
    }
]