[
    {
        "type": "message",
        "subtype": "bot_message",
        "text": "<https:\/\/www.reddit.com\/r\/Terraform\/comments\/ws8dsk\/treating_your_terraform_code_as_an_app_favouring\/|Treating your terraform code \"as an app\". Favouring inputs over code changes. I wish I saw more like this in places I worked at.>\nsubmitted by   <https:\/\/www.reddit.com\/user\/DevsyOpsy| \/u\/DevsyOpsy > \n<https:\/\/www.contino.io\/insights\/terraform-best-practices|[link]>   <https:\/\/www.reddit.com\/r\/Terraform\/comments\/ws8dsk\/treating_your_terraform_code_as_an_app_favouring\/|[comments]>",
        "ts": "1660898190.132139",
        "username": "Terraform",
        "icons": {
            "image_48": "https:\/\/s3-us-west-2.amazonaws.com\/slack-files2\/bot_icons\/2019-02-12\/548785199618_48.png"
        },
        "bot_id": "BG3N7LG73",
        "blocks": [
            {
                "type": "rich_text",
                "block_id": "EJHKg",
                "elements": [
                    {
                        "type": "rich_text_section",
                        "elements": [
                            {
                                "type": "link",
                                "url": "https:\/\/www.reddit.com\/r\/Terraform\/comments\/ws8dsk\/treating_your_terraform_code_as_an_app_favouring\/",
                                "text": "Treating your terraform code \"as an app\". Favouring inputs over code changes. I wish I saw more like this in places I worked at."
                            },
                            {
                                "type": "text",
                                "text": "\nsubmitted by   "
                            },
                            {
                                "type": "link",
                                "url": "https:\/\/www.reddit.com\/user\/DevsyOpsy",
                                "text": "\/u\/DevsyOpsy"
                            },
                            {
                                "type": "text",
                                "text": " \n"
                            },
                            {
                                "type": "link",
                                "url": "https:\/\/www.contino.io\/insights\/terraform-best-practices",
                                "text": "[link]"
                            },
                            {
                                "type": "text",
                                "text": "   "
                            },
                            {
                                "type": "link",
                                "url": "https:\/\/www.reddit.com\/r\/Terraform\/comments\/ws8dsk\/treating_your_terraform_code_as_an_app_favouring\/",
                                "text": "[comments]"
                            }
                        ]
                    }
                ]
            }
        ],
        "attachments": [
            {
                "from_url": "https:\/\/www.reddit.com\/r\/Terraform\/comments\/ws8dsk\/treating_your_terraform_code_as_an_app_favouring\/",
                "thumb_url": "https:\/\/b.thumbs.redditmedia.com\/EcRcEVwpsldT5JORPy24pnY4iPARv9JJ8gi4l5fXs-E.jpg",
                "thumb_width": 140,
                "thumb_height": 60,
                "service_icon": "http:\/\/www.redditstatic.com\/desktop2x\/img\/favicon\/apple-icon-57x57.png",
                "id": 1,
                "original_url": "https:\/\/www.reddit.com\/r\/Terraform\/comments\/ws8dsk\/treating_your_terraform_code_as_an_app_favouring\/",
                "fallback": "reddit: Treating your terraform code \"as an app\". Favouring inputs over code changes. I wish I saw more like this in places I worked at.",
                "text": "Posted in r\/Terraform by u\/DevsyOpsy • 2 points and 0 comments",
                "title": "Treating your terraform code \"as an app\". Favouring inputs over code changes. I wish I saw more like this in places I worked at.",
                "title_link": "https:\/\/www.reddit.com\/r\/Terraform\/comments\/ws8dsk\/treating_your_terraform_code_as_an_app_favouring\/",
                "service_name": "reddit"
            },
            {
                "from_url": "https:\/\/www.reddit.com\/user\/DevsyOpsy",
                "service_icon": "http:\/\/www.redditstatic.com\/desktop2x\/img\/favicon\/apple-icon-57x57.png",
                "id": 2,
                "original_url": "https:\/\/www.reddit.com\/user\/DevsyOpsy",
                "fallback": "overview for DevsyOpsy",
                "text": "The u\/DevsyOpsy community on Reddit. Reddit gives you the best of the internet in one place.",
                "title": "overview for DevsyOpsy",
                "title_link": "https:\/\/www.reddit.com\/user\/DevsyOpsy",
                "service_name": "reddit.com"
            },
            {
                "from_url": "https:\/\/www.contino.io\/insights\/terraform-best-practices",
                "image_url": "https:\/\/cdn.sanity.io\/images\/hgftikht\/production\/420ca61c2a394783db774e459e9fc997341e9930-2800x1200.png?w=1400&h=600&fit=crop",
                "image_width": 583,
                "image_height": 250,
                "image_bytes": 141567,
                "service_icon": "https:\/\/www.contino.io\/icons\/icon-48x48.png?v=961c34e9e16d0797e863ef98c4fdc7bd",
                "id": 3,
                "original_url": "https:\/\/www.contino.io\/insights\/terraform-best-practices",
                "fallback": "Contino | Global Transformation Consultancy: 20 Terraform Best Practices to Create Clean and Reusable Code | Contino | Global Transformation Consultancy",
                "text": "Contino helps large, heavily-regulated enterprises to become fast, agile and competitive",
                "title": "20 Terraform Best Practices to Create Clean and Reusable Code | Contino | Global Transformation Consultancy",
                "title_link": "https:\/\/www.contino.io\/insights\/terraform-best-practices",
                "service_name": "Contino | Global Transformation Consultancy"
            }
        ],
        "edited": {
            "user": "BG3N7LG73",
            "ts": "1660898190.000000"
        }
    },
    {
        "type": "message",
        "subtype": "bot_message",
        "text": "<https:\/\/www.reddit.com\/r\/Terraform\/comments\/ws9t9z\/how_to_redirect_from_http_to_https_automatically\/|How to redirect from http to https automatically with terraform+Kubernetes+GKE?>\nI am using terraform to deploy a kube cluster to Google Kubernetes Engine. Here is my ingress config - both http and https are working but I want http to auto redirect to https <https:\/\/pastebin.com\/raw\/3UBsFjUC|https:\/\/pastebin.com\/raw\/3UBsFjUC> How can I configure the ingress to auto redirect from http to https?    submitted by   <https:\/\/www.reddit.com\/user\/CityYogi| \/u\/CityYogi > \n&lt;a...",
        "ts": "1660902989.009199",
        "username": "Terraform",
        "icons": {
            "image_48": "https:\/\/s3-us-west-2.amazonaws.com\/slack-files2\/bot_icons\/2019-02-12\/548785199618_48.png"
        },
        "bot_id": "BG3N7LG73",
        "blocks": [
            {
                "type": "rich_text",
                "block_id": "zyv9p",
                "elements": [
                    {
                        "type": "rich_text_section",
                        "elements": [
                            {
                                "type": "link",
                                "url": "https:\/\/www.reddit.com\/r\/Terraform\/comments\/ws9t9z\/how_to_redirect_from_http_to_https_automatically\/",
                                "text": "How to redirect from http to https automatically with terraform+Kubernetes+GKE?"
                            },
                            {
                                "type": "text",
                                "text": "\nI am using terraform to deploy a kube cluster to Google Kubernetes Engine. Here is my ingress config - both http and https are working but I want http to auto redirect to https "
                            },
                            {
                                "type": "link",
                                "url": "https:\/\/pastebin.com\/raw\/3UBsFjUC"
                            },
                            {
                                "type": "text",
                                "text": " How can I configure the ingress to auto redirect from http to https?    submitted by   "
                            },
                            {
                                "type": "link",
                                "url": "https:\/\/www.reddit.com\/user\/CityYogi",
                                "text": "\/u\/CityYogi"
                            },
                            {
                                "type": "text",
                                "text": " \n<a..."
                            }
                        ]
                    }
                ]
            }
        ],
        "attachments": [
            {
                "from_url": "https:\/\/www.reddit.com\/r\/Terraform\/comments\/ws9t9z\/how_to_redirect_from_http_to_https_automatically\/",
                "thumb_url": "https:\/\/www.redditstatic.com\/new-icon.png",
                "thumb_width": 256,
                "thumb_height": 256,
                "service_icon": "http:\/\/www.redditstatic.com\/desktop2x\/img\/favicon\/apple-icon-57x57.png",
                "id": 1,
                "original_url": "https:\/\/www.reddit.com\/r\/Terraform\/comments\/ws9t9z\/how_to_redirect_from_http_to_https_automatically\/",
                "fallback": "reddit: How to redirect from http to https automatically with terraform+Kubernetes+GKE?",
                "text": "I am using terraform to deploy a kube cluster to Google Kubernetes Engine. Here is my ingress config - both http and https are working but I want...",
                "title": "How to redirect from http to https automatically with terraform+Kubernetes+GKE?",
                "title_link": "https:\/\/www.reddit.com\/r\/Terraform\/comments\/ws9t9z\/how_to_redirect_from_http_to_https_automatically\/",
                "service_name": "reddit"
            },
            {
                "from_url": "https:\/\/www.reddit.com\/user\/CityYogi",
                "service_icon": "http:\/\/www.redditstatic.com\/desktop2x\/img\/favicon\/apple-icon-57x57.png",
                "id": 2,
                "original_url": "https:\/\/www.reddit.com\/user\/CityYogi",
                "fallback": "overview for CityYogi",
                "text": "The u\/CityYogi community on Reddit. Reddit gives you the best of the internet in one place.",
                "title": "overview for CityYogi",
                "title_link": "https:\/\/www.reddit.com\/user\/CityYogi",
                "service_name": "reddit.com"
            }
        ],
        "edited": {
            "user": "BG3N7LG73",
            "ts": "1660902989.000000"
        }
    },
    {
        "type": "message",
        "subtype": "bot_message",
        "text": "<https:\/\/www.reddit.com\/r\/Terraform\/comments\/ws9xci\/how_to_generate_config_schema_from_go_files\/|how to generate config schema from go files>\nfrom go files how to generate a schema for a particular terraform provider code ?    submitted by   <https:\/\/www.reddit.com\/user\/ankurnet| \/u\/ankurnet > \n<https:\/\/www.reddit.com\/r\/Terraform\/comments\/ws9xci\/how_to_generate_config_schema_from_go_files\/|[link]>   <https:\/\/www.reddit.com\/r\/Terraform\/comments\/ws9xci\/how_to_generate_config_schema_from_go_files\/|[comments]>",
        "ts": "1660904189.717559",
        "username": "Terraform",
        "icons": {
            "image_48": "https:\/\/s3-us-west-2.amazonaws.com\/slack-files2\/bot_icons\/2019-02-12\/548785199618_48.png"
        },
        "bot_id": "BG3N7LG73",
        "blocks": [
            {
                "type": "rich_text",
                "block_id": "x=5a\/",
                "elements": [
                    {
                        "type": "rich_text_section",
                        "elements": [
                            {
                                "type": "link",
                                "url": "https:\/\/www.reddit.com\/r\/Terraform\/comments\/ws9xci\/how_to_generate_config_schema_from_go_files\/",
                                "text": "how to generate config schema from go files"
                            },
                            {
                                "type": "text",
                                "text": "\nfrom go files how to generate a schema for a particular terraform provider code ?    submitted by   "
                            },
                            {
                                "type": "link",
                                "url": "https:\/\/www.reddit.com\/user\/ankurnet",
                                "text": "\/u\/ankurnet"
                            },
                            {
                                "type": "text",
                                "text": " \n"
                            },
                            {
                                "type": "link",
                                "url": "https:\/\/www.reddit.com\/r\/Terraform\/comments\/ws9xci\/how_to_generate_config_schema_from_go_files\/",
                                "text": "[link]"
                            },
                            {
                                "type": "text",
                                "text": "   "
                            },
                            {
                                "type": "link",
                                "url": "https:\/\/www.reddit.com\/r\/Terraform\/comments\/ws9xci\/how_to_generate_config_schema_from_go_files\/",
                                "text": "[comments]"
                            }
                        ]
                    }
                ]
            }
        ],
        "attachments": [
            {
                "from_url": "https:\/\/www.reddit.com\/r\/Terraform\/comments\/ws9xci\/how_to_generate_config_schema_from_go_files\/",
                "thumb_url": "https:\/\/www.redditstatic.com\/new-icon.png",
                "thumb_width": 256,
                "thumb_height": 256,
                "service_icon": "http:\/\/www.redditstatic.com\/desktop2x\/img\/favicon\/apple-icon-57x57.png",
                "id": 1,
                "original_url": "https:\/\/www.reddit.com\/r\/Terraform\/comments\/ws9xci\/how_to_generate_config_schema_from_go_files\/",
                "fallback": "reddit: how to generate config schema from go files",
                "text": "from go files how to generate a schema for a particular terraform provider code ?",
                "title": "how to generate config schema from go files",
                "title_link": "https:\/\/www.reddit.com\/r\/Terraform\/comments\/ws9xci\/how_to_generate_config_schema_from_go_files\/",
                "service_name": "reddit"
            },
            {
                "from_url": "https:\/\/www.reddit.com\/user\/ankurnet",
                "service_icon": "http:\/\/www.redditstatic.com\/desktop2x\/img\/favicon\/apple-icon-57x57.png",
                "id": 2,
                "original_url": "https:\/\/www.reddit.com\/user\/ankurnet",
                "fallback": "overview for ankurnet",
                "text": "The u\/ankurnet community on Reddit. Reddit gives you the best of the internet in one place.",
                "title": "overview for ankurnet",
                "title_link": "https:\/\/www.reddit.com\/user\/ankurnet",
                "service_name": "reddit.com"
            }
        ],
        "edited": {
            "user": "BG3N7LG73",
            "ts": "1660904190.000000"
        }
    },
    {
        "type": "message",
        "subtype": "bot_message",
        "text": "<https:\/\/www.reddit.com\/r\/Terraform\/comments\/wsazm2\/tfc_agents_on_redhat\/|TFC Agents on Redhat>\nWe are a redhat shop, I’m attempting to deploy the agent on RH, I can easily get it “running” interactively, but can’t seem to get it to run as a service. I had it as a service in the lab, when everything was run as root. But now that it is hardened root isn’t available, so looking for permissions or config required. All documentation points to containers, we just are not there yet. Also going to run in a Google GCE instance if that matters.    submitted by   &lt;a...",
        "ts": "1660907187.392819",
        "username": "Terraform",
        "icons": {
            "image_48": "https:\/\/s3-us-west-2.amazonaws.com\/slack-files2\/bot_icons\/2019-02-12\/548785199618_48.png"
        },
        "bot_id": "BG3N7LG73",
        "blocks": [
            {
                "type": "rich_text",
                "block_id": "nO37",
                "elements": [
                    {
                        "type": "rich_text_section",
                        "elements": [
                            {
                                "type": "link",
                                "url": "https:\/\/www.reddit.com\/r\/Terraform\/comments\/wsazm2\/tfc_agents_on_redhat\/",
                                "text": "TFC Agents on Redhat"
                            },
                            {
                                "type": "text",
                                "text": "\nWe are a redhat shop, I’m attempting to deploy the agent on RH, I can easily get it “running” interactively, but can’t seem to get it to run as a service. I had it as a service in the lab, when everything was run as root. But now that it is hardened root isn’t available, so looking for permissions or config required. All documentation points to containers, we just are not there yet. Also going to run in a Google GCE instance if that matters.    submitted by   <a..."
                            }
                        ]
                    }
                ]
            }
        ],
        "attachments": [
            {
                "from_url": "https:\/\/www.reddit.com\/r\/Terraform\/comments\/wsazm2\/tfc_agents_on_redhat\/",
                "thumb_url": "https:\/\/www.redditstatic.com\/new-icon.png",
                "thumb_width": 256,
                "thumb_height": 256,
                "service_icon": "http:\/\/www.redditstatic.com\/desktop2x\/img\/favicon\/apple-icon-57x57.png",
                "id": 1,
                "original_url": "https:\/\/www.reddit.com\/r\/Terraform\/comments\/wsazm2\/tfc_agents_on_redhat\/",
                "fallback": "reddit: TFC Agents on Redhat",
                "text": "We are a redhat shop, I’m attempting to deploy the agent on RH, I can easily get it “running” interactively, but can’t seem to get it to run as a...",
                "title": "TFC Agents on Redhat",
                "title_link": "https:\/\/www.reddit.com\/r\/Terraform\/comments\/wsazm2\/tfc_agents_on_redhat\/",
                "service_name": "reddit"
            }
        ],
        "edited": {
            "user": "BG3N7LG73",
            "ts": "1660907187.000000"
        }
    },
    {
        "type": "message",
        "subtype": "bot_message",
        "text": "<https:\/\/www.reddit.com\/r\/Terraform\/comments\/wsf6xy\/depends_on_alternative\/|depends_on alternative?>\nI am building a module for AWS Cognito. Among other resources, this includes an aws_cognito_resource_server and an aws_cognito_user_pool_client (details unimportant): resource \"aws_cognito_resource_server\" \"myapp\" {\nidentifier = \"some-custom-identifier-${var.environment}\"\nname = ...\nscope {\nscope_name = \"myapp-user\"\n}\n} resource \"aws_cognito_user_pool_client\" \"myapp\" {\nname = ...\n. . .\nallowed_oauth_scopes = [ \"some-custom-identifier-${var.environment}\/myapp-user\" ]\n} The problem is, these...",
        "ts": "1660919791.269189",
        "username": "Terraform",
        "icons": {
            "image_48": "https:\/\/s3-us-west-2.amazonaws.com\/slack-files2\/bot_icons\/2019-02-12\/548785199618_48.png"
        },
        "bot_id": "BG3N7LG73",
        "blocks": [
            {
                "type": "rich_text",
                "block_id": "uB6E",
                "elements": [
                    {
                        "type": "rich_text_section",
                        "elements": [
                            {
                                "type": "link",
                                "url": "https:\/\/www.reddit.com\/r\/Terraform\/comments\/wsf6xy\/depends_on_alternative\/",
                                "text": "depends_on alternative?"
                            },
                            {
                                "type": "text",
                                "text": "\nI am building a module for AWS Cognito. Among other resources, this includes an aws_cognito_resource_server and an aws_cognito_user_pool_client (details unimportant): resource \"aws_cognito_resource_server\" \"myapp\" {\nidentifier = \"some-custom-identifier-${var.environment}\"\nname = ...\nscope {\nscope_name = \"myapp-user\"\n}\n} resource \"aws_cognito_user_pool_client\" \"myapp\" {\nname = ...\n. . .\nallowed_oauth_scopes = [ \"some-custom-identifier-${var.environment}\/myapp-user\" ]\n} The problem is, these..."
                            }
                        ]
                    }
                ]
            }
        ],
        "attachments": [
            {
                "from_url": "https:\/\/www.reddit.com\/r\/Terraform\/comments\/wsf6xy\/depends_on_alternative\/",
                "thumb_url": "https:\/\/www.redditstatic.com\/new-icon.png",
                "thumb_width": 256,
                "thumb_height": 256,
                "service_icon": "http:\/\/www.redditstatic.com\/desktop2x\/img\/favicon\/apple-icon-57x57.png",
                "id": 1,
                "original_url": "https:\/\/www.reddit.com\/r\/Terraform\/comments\/wsf6xy\/depends_on_alternative\/",
                "fallback": "reddit: depends_on alternative?",
                "text": "I am building a module for AWS Cognito. Among other resources, this includes an aws\\_cognito\\_resource\\_server and an...",
                "title": "depends_on alternative?",
                "title_link": "https:\/\/www.reddit.com\/r\/Terraform\/comments\/wsf6xy\/depends_on_alternative\/",
                "service_name": "reddit"
            }
        ],
        "edited": {
            "user": "BG3N7LG73",
            "ts": "1660919791.000000"
        }
    },
    {
        "type": "message",
        "subtype": "bot_message",
        "text": "<https:\/\/www.reddit.com\/r\/Terraform\/comments\/wsku6f\/sns_topic\/|sns_topic>\nI'm new to terraform and have been faced with this issue while trying to set alarm_actions &gt;&gt;&gt; This object does not have an attribute named \"sns_topic_arn\"    submitted by   <https:\/\/www.reddit.com\/user\/Ornery-Paint7519| \/u\/Ornery-Paint7519 > \n<https:\/\/www.reddit.com\/r\/Terraform\/comments\/wsku6f\/sns_topic\/|[link]>   <https:\/\/www.reddit.com\/r\/Terraform\/comments\/wsku6f\/sns_topic\/|[comments]>",
        "ts": "1660934190.640649",
        "username": "Terraform",
        "icons": {
            "image_48": "https:\/\/s3-us-west-2.amazonaws.com\/slack-files2\/bot_icons\/2019-02-12\/548785199618_48.png"
        },
        "bot_id": "BG3N7LG73",
        "blocks": [
            {
                "type": "rich_text",
                "block_id": "qUVe",
                "elements": [
                    {
                        "type": "rich_text_section",
                        "elements": [
                            {
                                "type": "link",
                                "url": "https:\/\/www.reddit.com\/r\/Terraform\/comments\/wsku6f\/sns_topic\/",
                                "text": "sns_topic"
                            },
                            {
                                "type": "text",
                                "text": "\nI'm new to terraform and have been faced with this issue while trying to set alarm_actions >>> This object does not have an attribute named \"sns_topic_arn\"    submitted by   "
                            },
                            {
                                "type": "link",
                                "url": "https:\/\/www.reddit.com\/user\/Ornery-Paint7519",
                                "text": "\/u\/Ornery-Paint7519"
                            },
                            {
                                "type": "text",
                                "text": " \n"
                            },
                            {
                                "type": "link",
                                "url": "https:\/\/www.reddit.com\/r\/Terraform\/comments\/wsku6f\/sns_topic\/",
                                "text": "[link]"
                            },
                            {
                                "type": "text",
                                "text": "   "
                            },
                            {
                                "type": "link",
                                "url": "https:\/\/www.reddit.com\/r\/Terraform\/comments\/wsku6f\/sns_topic\/",
                                "text": "[comments]"
                            }
                        ]
                    }
                ]
            }
        ],
        "attachments": [
            {
                "from_url": "https:\/\/www.reddit.com\/r\/Terraform\/comments\/wsku6f\/sns_topic\/",
                "thumb_url": "https:\/\/www.redditstatic.com\/new-icon.png",
                "thumb_width": 256,
                "thumb_height": 256,
                "service_icon": "http:\/\/www.redditstatic.com\/desktop2x\/img\/favicon\/apple-icon-57x57.png",
                "id": 1,
                "original_url": "https:\/\/www.reddit.com\/r\/Terraform\/comments\/wsku6f\/sns_topic\/",
                "fallback": "reddit: sns_topic",
                "text": "I'm new to terraform and have been faced with this issue while trying to set alarm\\_actions \\&gt;&gt;&gt; This object does not have an attribute named...",
                "title": "sns_topic",
                "title_link": "https:\/\/www.reddit.com\/r\/Terraform\/comments\/wsku6f\/sns_topic\/",
                "service_name": "reddit"
            },
            {
                "from_url": "https:\/\/www.reddit.com\/user\/Ornery-Paint7519",
                "service_icon": "http:\/\/www.redditstatic.com\/desktop2x\/img\/favicon\/apple-icon-57x57.png",
                "id": 2,
                "original_url": "https:\/\/www.reddit.com\/user\/Ornery-Paint7519",
                "fallback": "overview for Ornery-Paint7519",
                "text": "The u\/Ornery-Paint7519 community on Reddit. Reddit gives you the best of the internet in one place.",
                "title": "overview for Ornery-Paint7519",
                "title_link": "https:\/\/www.reddit.com\/user\/Ornery-Paint7519",
                "service_name": "reddit.com"
            }
        ],
        "edited": {
            "user": "BG3N7LG73",
            "ts": "1660934193.000000"
        }
    },
    {
        "type": "message",
        "subtype": "bot_message",
        "text": "<https:\/\/www.reddit.com\/r\/Terraform\/comments\/wsmsbw\/aks_windows_nodes\/|AKS Windows nodes>\nHey all, we have an issue where we can deploy our AKS cluster with a system nodepool and an additional user nodepool via the Azure CLI but when we use Terraform to deploy, the user nodepool does not attatch. It does show up, but shows 0\/0 ready. The system node pool spins up with out issue. We have working AKS clusters deployed with terraform as well just not with the second nodepool nodes. Microsoft is baffled by this as well but cannot go any further with support as it appears to be a...",
        "ts": "1660937790.999819",
        "username": "Terraform",
        "icons": {
            "image_48": "https:\/\/s3-us-west-2.amazonaws.com\/slack-files2\/bot_icons\/2019-02-12\/548785199618_48.png"
        },
        "bot_id": "BG3N7LG73",
        "blocks": [
            {
                "type": "rich_text",
                "block_id": "wTBAK",
                "elements": [
                    {
                        "type": "rich_text_section",
                        "elements": [
                            {
                                "type": "link",
                                "url": "https:\/\/www.reddit.com\/r\/Terraform\/comments\/wsmsbw\/aks_windows_nodes\/",
                                "text": "AKS Windows nodes"
                            },
                            {
                                "type": "text",
                                "text": "\nHey all, we have an issue where we can deploy our AKS cluster with a system nodepool and an additional user nodepool via the Azure CLI but when we use Terraform to deploy, the user nodepool does not attatch. It does show up, but shows 0\/0 ready. The system node pool spins up with out issue. We have working AKS clusters deployed with terraform as well just not with the second nodepool nodes. Microsoft is baffled by this as well but cannot go any further with support as it appears to be a..."
                            }
                        ]
                    }
                ]
            }
        ],
        "attachments": [
            {
                "from_url": "https:\/\/www.reddit.com\/r\/Terraform\/comments\/wsmsbw\/aks_windows_nodes\/",
                "thumb_url": "https:\/\/www.redditstatic.com\/new-icon.png",
                "thumb_width": 256,
                "thumb_height": 256,
                "service_icon": "http:\/\/www.redditstatic.com\/desktop2x\/img\/favicon\/apple-icon-57x57.png",
                "id": 1,
                "original_url": "https:\/\/www.reddit.com\/r\/Terraform\/comments\/wsmsbw\/aks_windows_nodes\/",
                "fallback": "reddit: AKS Windows nodes",
                "text": "Hey all, we have an issue where we can deploy our AKS cluster with a system nodepool and an additional user nodepool via the Azure CLI but when we...",
                "title": "AKS Windows nodes",
                "title_link": "https:\/\/www.reddit.com\/r\/Terraform\/comments\/wsmsbw\/aks_windows_nodes\/",
                "service_name": "reddit"
            }
        ],
        "edited": {
            "user": "BG3N7LG73",
            "ts": "1660937791.000000"
        }
    },
    {
        "type": "message",
        "subtype": "bot_message",
        "text": "<https:\/\/www.reddit.com\/r\/Terraform\/comments\/wsn3gq\/how_many_terraform_resources_do_you_manage\/|How many terraform resources do you manage?>\nI'm building some terraform tooling and I'm looking to understand how large people's terraform configuration gets. How many managed resources do you have?    submitted by   <https:\/\/www.reddit.com\/user\/Hopeful-Total| \/u\/Hopeful-Total > \n<https:\/\/www.reddit.com\/r\/Terraform\/comments\/wsn3gq\/how_many_terraform_resources_do_you_manage\/|[link]>   <https:\/\/www.reddit.com\/r\/Terraform\/comments\/wsn3gq\/how_many_terraform_resources_do_you_manage\/|[comments]>",
        "ts": "1660938988.030149",
        "username": "Terraform",
        "icons": {
            "image_48": "https:\/\/s3-us-west-2.amazonaws.com\/slack-files2\/bot_icons\/2019-02-12\/548785199618_48.png"
        },
        "bot_id": "BG3N7LG73",
        "blocks": [
            {
                "type": "rich_text",
                "block_id": "ZRHm",
                "elements": [
                    {
                        "type": "rich_text_section",
                        "elements": [
                            {
                                "type": "link",
                                "url": "https:\/\/www.reddit.com\/r\/Terraform\/comments\/wsn3gq\/how_many_terraform_resources_do_you_manage\/",
                                "text": "How many terraform resources do you manage?"
                            },
                            {
                                "type": "text",
                                "text": "\nI'm building some terraform tooling and I'm looking to understand how large people's terraform configuration gets. How many managed resources do you have?    submitted by   "
                            },
                            {
                                "type": "link",
                                "url": "https:\/\/www.reddit.com\/user\/Hopeful-Total",
                                "text": "\/u\/Hopeful-Total"
                            },
                            {
                                "type": "text",
                                "text": " \n"
                            },
                            {
                                "type": "link",
                                "url": "https:\/\/www.reddit.com\/r\/Terraform\/comments\/wsn3gq\/how_many_terraform_resources_do_you_manage\/",
                                "text": "[link]"
                            },
                            {
                                "type": "text",
                                "text": "   "
                            },
                            {
                                "type": "link",
                                "url": "https:\/\/www.reddit.com\/r\/Terraform\/comments\/wsn3gq\/how_many_terraform_resources_do_you_manage\/",
                                "text": "[comments]"
                            }
                        ]
                    }
                ]
            }
        ],
        "attachments": [
            {
                "from_url": "https:\/\/www.reddit.com\/r\/Terraform\/comments\/wsn3gq\/how_many_terraform_resources_do_you_manage\/",
                "thumb_url": "https:\/\/www.redditstatic.com\/new-icon.png",
                "thumb_width": 256,
                "thumb_height": 256,
                "service_icon": "http:\/\/www.redditstatic.com\/desktop2x\/img\/favicon\/apple-icon-57x57.png",
                "id": 1,
                "original_url": "https:\/\/www.reddit.com\/r\/Terraform\/comments\/wsn3gq\/how_many_terraform_resources_do_you_manage\/",
                "fallback": "reddit: How many terraform resources do you manage?",
                "text": "I'm building some terraform tooling and I'm looking to understand how large people's terraform configuration gets. How many managed resources do...",
                "title": "How many terraform resources do you manage?",
                "title_link": "https:\/\/www.reddit.com\/r\/Terraform\/comments\/wsn3gq\/how_many_terraform_resources_do_you_manage\/",
                "service_name": "reddit"
            },
            {
                "from_url": "https:\/\/www.reddit.com\/user\/Hopeful-Total",
                "service_icon": "http:\/\/www.redditstatic.com\/desktop2x\/img\/favicon\/apple-icon-57x57.png",
                "id": 2,
                "original_url": "https:\/\/www.reddit.com\/user\/Hopeful-Total",
                "fallback": "overview for Hopeful-Total",
                "text": "The u\/Hopeful-Total community on Reddit. Reddit gives you the best of the internet in one place.",
                "title": "overview for Hopeful-Total",
                "title_link": "https:\/\/www.reddit.com\/user\/Hopeful-Total",
                "service_name": "reddit.com"
            }
        ],
        "edited": {
            "user": "BG3N7LG73",
            "ts": "1660938988.000000"
        }
    },
    {
        "type": "message",
        "subtype": "bot_message",
        "text": "<https:\/\/www.reddit.com\/r\/Terraform\/comments\/wsorny\/send_ec2_instance_id_in_a_custom_json_payload_to\/|Send EC2 instance_id in a custom JSON payload to Lambda Function>\nCan anyone show me how this is done ? I'm trying to send the any instance data like instance_id or tags in json payload to a Lambda function using aws_cloudwatch_event_rule resource, There's barely a good example of this in any forum online. This is my code block, but it generates a Target failed: ValidationException: Parameter RunCommandParameters is not valid for target lambda_target error ``` here is the code block: ``` resource \"aws_cloudwatch_event_target\" \"stop_instances\" { target_id =...",
        "ts": "1660943789.976239",
        "username": "Terraform",
        "icons": {
            "image_48": "https:\/\/s3-us-west-2.amazonaws.com\/slack-files2\/bot_icons\/2019-02-12\/548785199618_48.png"
        },
        "bot_id": "BG3N7LG73",
        "blocks": [
            {
                "type": "rich_text",
                "block_id": "g6in",
                "elements": [
                    {
                        "type": "rich_text_section",
                        "elements": [
                            {
                                "type": "link",
                                "url": "https:\/\/www.reddit.com\/r\/Terraform\/comments\/wsorny\/send_ec2_instance_id_in_a_custom_json_payload_to\/",
                                "text": "Send EC2 instance_id in a custom JSON payload to Lambda Function"
                            },
                            {
                                "type": "text",
                                "text": "\nCan anyone show me how this is done ? I'm trying to send the any instance data like instance_id or tags in json payload to a Lambda function using aws_cloudwatch_event_rule resource, There's barely a good example of this in any forum online. This is my code block, but it generates a Target failed: ValidationException: Parameter RunCommandParameters is not valid for target lambda_target error "
                            }
                        ]
                    },
                    {
                        "type": "rich_text_preformatted",
                        "elements": [
                            {
                                "type": "text",
                                "text": " here is the code block: "
                            }
                        ]
                    },
                    {
                        "type": "rich_text_section",
                        "elements": [
                            {
                                "type": "text",
                                "text": " resource \"aws_cloudwatch_event_target\" \"stop_instances\" { target_id =..."
                            }
                        ]
                    }
                ]
            }
        ],
        "attachments": [
            {
                "from_url": "https:\/\/www.reddit.com\/r\/Terraform\/comments\/wsorny\/send_ec2_instance_id_in_a_custom_json_payload_to\/",
                "thumb_url": "https:\/\/www.redditstatic.com\/new-icon.png",
                "thumb_width": 256,
                "thumb_height": 256,
                "service_icon": "http:\/\/www.redditstatic.com\/desktop2x\/img\/favicon\/apple-icon-57x57.png",
                "id": 1,
                "original_url": "https:\/\/www.reddit.com\/r\/Terraform\/comments\/wsorny\/send_ec2_instance_id_in_a_custom_json_payload_to\/",
                "fallback": "reddit: Send EC2 instance_id in a custom JSON payload to Lambda Function",
                "text": "Can anyone show me how this is done ? I'm trying to send the any instance data like ```instance_id``` or tags in json payload to a Lambda...",
                "title": "Send EC2 instance_id in a custom JSON payload to Lambda Function",
                "title_link": "https:\/\/www.reddit.com\/r\/Terraform\/comments\/wsorny\/send_ec2_instance_id_in_a_custom_json_payload_to\/",
                "service_name": "reddit"
            }
        ],
        "edited": {
            "user": "BG3N7LG73",
            "ts": "1660943790.000000"
        }
    }
]