[
    {
        "type": "message",
        "subtype": "bot_message",
        "text": "<https:\/\/www.reddit.com\/r\/Terraform\/comments\/wkxugs\/how_to_create_a_user_data_file_on_the_fly\/|How to create a user data file on the fly?>\nThis is also BASH and AWS related, so I hope you don't mind me posting it here. I have a number of user data smth-init.sh files. They share some code between them, and I want to be able to have that shared code only in one place instead of in all of them. If that was on a single machine, I could easily do: source common_part.sh in the user data file, but that common part won't be included in the initialization script when it is passed to the instance. I want to be able to combine the common...",
        "ts": "1660139787.521009",
        "username": "Terraform",
        "icons": {
            "image_48": "https:\/\/s3-us-west-2.amazonaws.com\/slack-files2\/bot_icons\/2019-02-12\/548785199618_48.png"
        },
        "bot_id": "BG3N7LG73",
        "blocks": [
            {
                "type": "rich_text",
                "block_id": "CtA7",
                "elements": [
                    {
                        "type": "rich_text_section",
                        "elements": [
                            {
                                "type": "link",
                                "url": "https:\/\/www.reddit.com\/r\/Terraform\/comments\/wkxugs\/how_to_create_a_user_data_file_on_the_fly\/",
                                "text": "How to create a user data file on the fly?"
                            },
                            {
                                "type": "text",
                                "text": "\nThis is also BASH and AWS related, so I hope you don't mind me posting it here. I have a number of user data smth-init.sh files. They share some code between them, and I want to be able to have that shared code only in one place instead of in all of them. If that was on a single machine, I could easily do: source common_part.sh in the user data file, but that common part won't be included in the initialization script when it is passed to the instance. I want to be able to combine the common..."
                            }
                        ]
                    }
                ]
            }
        ],
        "attachments": [
            {
                "from_url": "https:\/\/www.reddit.com\/r\/Terraform\/comments\/wkxugs\/how_to_create_a_user_data_file_on_the_fly\/",
                "thumb_url": "https:\/\/www.redditstatic.com\/new-icon.png",
                "thumb_width": 256,
                "thumb_height": 256,
                "service_icon": "http:\/\/www.redditstatic.com\/desktop2x\/img\/favicon\/apple-icon-57x57.png",
                "id": 1,
                "original_url": "https:\/\/www.reddit.com\/r\/Terraform\/comments\/wkxugs\/how_to_create_a_user_data_file_on_the_fly\/",
                "fallback": "reddit: How to create a user data file on the fly?",
                "text": "This is also BASH and AWS related, so I hope you don't mind me posting it here. I have a number of user data smth-init.sh files. They share some...",
                "title": "How to create a user data file on the fly?",
                "title_link": "https:\/\/www.reddit.com\/r\/Terraform\/comments\/wkxugs\/how_to_create_a_user_data_file_on_the_fly\/",
                "service_name": "reddit"
            }
        ],
        "edited": {
            "user": "BG3N7LG73",
            "ts": "1660139788.000000"
        }
    },
    {
        "type": "message",
        "subtype": "bot_message",
        "text": "<https:\/\/www.reddit.com\/r\/Terraform\/comments\/wkzjap\/oci_free_kubernetes_cluster_new_module_release\/|OCI free Kubernetes cluster, new module release>\nThis new <https:\/\/github.com\/garutilorenzo\/k3s-oci-cluster|release v2.0> introduces: <https:\/\/cert-manager.io\/docs\/|cert-manager> to issue certificates from a variety of supported source L4 public load balancer proxy protocol to get the real ip address of the clients    submitted by   <https:\/\/www.reddit.com\/user\/garutilorenzo| \/u\/garutilorenzo > \n&lt;a...",
        "ts": "1660143988.815679",
        "username": "Terraform",
        "icons": {
            "image_48": "https:\/\/s3-us-west-2.amazonaws.com\/slack-files2\/bot_icons\/2019-02-12\/548785199618_48.png"
        },
        "bot_id": "BG3N7LG73",
        "blocks": [
            {
                "type": "rich_text",
                "block_id": "Dq9",
                "elements": [
                    {
                        "type": "rich_text_section",
                        "elements": [
                            {
                                "type": "link",
                                "url": "https:\/\/www.reddit.com\/r\/Terraform\/comments\/wkzjap\/oci_free_kubernetes_cluster_new_module_release\/",
                                "text": "OCI free Kubernetes cluster, new module release"
                            },
                            {
                                "type": "text",
                                "text": "\nThis new "
                            },
                            {
                                "type": "link",
                                "url": "https:\/\/github.com\/garutilorenzo\/k3s-oci-cluster",
                                "text": "release v2.0"
                            },
                            {
                                "type": "text",
                                "text": " introduces: "
                            },
                            {
                                "type": "link",
                                "url": "https:\/\/cert-manager.io\/docs\/",
                                "text": "cert-manager"
                            },
                            {
                                "type": "text",
                                "text": " to issue certificates from a variety of supported source L4 public load balancer proxy protocol to get the real ip address of the clients    submitted by   "
                            },
                            {
                                "type": "link",
                                "url": "https:\/\/www.reddit.com\/user\/garutilorenzo",
                                "text": "\/u\/garutilorenzo"
                            },
                            {
                                "type": "text",
                                "text": " \n<a..."
                            }
                        ]
                    }
                ]
            }
        ],
        "attachments": [
            {
                "from_url": "https:\/\/www.reddit.com\/r\/Terraform\/comments\/wkzjap\/oci_free_kubernetes_cluster_new_module_release\/",
                "thumb_url": "https:\/\/www.redditstatic.com\/new-icon.png",
                "thumb_width": 256,
                "thumb_height": 256,
                "service_icon": "http:\/\/www.redditstatic.com\/desktop2x\/img\/favicon\/apple-icon-57x57.png",
                "id": 1,
                "original_url": "https:\/\/www.reddit.com\/r\/Terraform\/comments\/wkzjap\/oci_free_kubernetes_cluster_new_module_release\/",
                "fallback": "reddit: OCI free Kubernetes cluster, new module release",
                "text": "This new [release v2.0](<https:\/\/github.com\/garutilorenzo\/k3s-oci-cluster>) introduces: * [cert-manager](<https:\/\/cert-manager.io\/docs\/>) to issue...",
                "title": "OCI free Kubernetes cluster, new module release",
                "title_link": "https:\/\/www.reddit.com\/r\/Terraform\/comments\/wkzjap\/oci_free_kubernetes_cluster_new_module_release\/",
                "service_name": "reddit"
            },
            {
                "from_url": "https:\/\/github.com\/garutilorenzo\/k3s-oci-cluster",
                "image_url": "https:\/\/opengraph.githubassets.com\/1c41ab9c91dc232d13d4e23ee8a7e522b3ac41942f6ecee6c0de53b9d429f15e\/garutilorenzo\/k3s-oci-cluster",
                "image_width": 500,
                "image_height": 250,
                "image_bytes": 66587,
                "service_icon": "https:\/\/a.slack-edge.com\/80588\/img\/unfurl_icons\/github.png",
                "id": 2,
                "original_url": "https:\/\/github.com\/garutilorenzo\/k3s-oci-cluster",
                "fallback": "GitHub: GitHub - garutilorenzo\/k3s-oci-cluster: Deploy a Kubernetes cluster for free, using k3s and Oracle always free resources",
                "text": "Deploy a Kubernetes cluster for free, using k3s and Oracle always free resources - GitHub - garutilorenzo\/k3s-oci-cluster: Deploy a Kubernetes cluster for free, using k3s and Oracle always free res...",
                "title": "GitHub - garutilorenzo\/k3s-oci-cluster: Deploy a Kubernetes cluster for free, using k3s and Oracle always free resources",
                "title_link": "https:\/\/github.com\/garutilorenzo\/k3s-oci-cluster",
                "service_name": "GitHub"
            },
            {
                "from_url": "https:\/\/cert-manager.io\/docs\/",
                "image_url": "https:\/\/cert-manager.io\/images\/og1.png",
                "image_width": 476,
                "image_height": 250,
                "image_bytes": 24020,
                "service_icon": "https:\/\/cert-manager.io\/favicons\/apple-touch-icon-180x180.png",
                "id": 3,
                "original_url": "https:\/\/cert-manager.io\/docs\/",
                "fallback": "cert-manager: cert-manager Documentation",
                "text": "cert-manager documentation homepage",
                "title": "cert-manager Documentation",
                "title_link": "https:\/\/cert-manager.io\/docs\/",
                "service_name": "cert-manager"
            },
            {
                "from_url": "https:\/\/www.reddit.com\/user\/garutilorenzo",
                "service_icon": "http:\/\/www.redditstatic.com\/desktop2x\/img\/favicon\/apple-icon-57x57.png",
                "id": 4,
                "original_url": "https:\/\/www.reddit.com\/user\/garutilorenzo",
                "fallback": "overview for garutilorenzo",
                "text": "Mostly it nerd <https:\/\/garutilorenzo.github.io\/>.",
                "title": "overview for garutilorenzo",
                "title_link": "https:\/\/www.reddit.com\/user\/garutilorenzo",
                "service_name": "reddit.com"
            }
        ],
        "edited": {
            "user": "BG3N7LG73",
            "ts": "1660143989.000000"
        }
    },
    {
        "type": "message",
        "subtype": "bot_message",
        "text": "<https:\/\/www.reddit.com\/r\/Terraform\/comments\/wl1xjt\/vim_syntax_highlighting_macos\/|Vim syntax highlighting (macOS)>\nI mostly use Atom IDE, but sometimes I need something quick from the terminal, so I use my default editor, vim. One day it just stopped working. My syntax highlighting works for other languages\/filetypes. My Google searches are all leading to vim plugins that I've never needed to install before. I've used TF and vim for years and never had this issue. Has anyone experienced this? Maybe a recent update caused it? I'll try asking in <https:\/\/www.reddit.com\/r\/vim|r\/vim> but thought...",
        "ts": "1660149989.836319",
        "username": "Terraform",
        "icons": {
            "image_48": "https:\/\/s3-us-west-2.amazonaws.com\/slack-files2\/bot_icons\/2019-02-12\/548785199618_48.png"
        },
        "bot_id": "BG3N7LG73",
        "blocks": [
            {
                "type": "rich_text",
                "block_id": "pbw",
                "elements": [
                    {
                        "type": "rich_text_section",
                        "elements": [
                            {
                                "type": "link",
                                "url": "https:\/\/www.reddit.com\/r\/Terraform\/comments\/wl1xjt\/vim_syntax_highlighting_macos\/",
                                "text": "Vim syntax highlighting (macOS)"
                            },
                            {
                                "type": "text",
                                "text": "\nI mostly use Atom IDE, but sometimes I need something quick from the terminal, so I use my default editor, vim. One day it just stopped working. My syntax highlighting works for other languages\/filetypes. My Google searches are all leading to vim plugins that I've never needed to install before. I've used TF and vim for years and never had this issue. Has anyone experienced this? Maybe a recent update caused it? I'll try asking in "
                            },
                            {
                                "type": "link",
                                "url": "https:\/\/www.reddit.com\/r\/vim",
                                "text": "r\/vim"
                            },
                            {
                                "type": "text",
                                "text": " but thought..."
                            }
                        ]
                    }
                ]
            }
        ],
        "attachments": [
            {
                "from_url": "https:\/\/www.reddit.com\/r\/Terraform\/comments\/wl1xjt\/vim_syntax_highlighting_macos\/",
                "thumb_url": "https:\/\/www.redditstatic.com\/new-icon.png",
                "thumb_width": 256,
                "thumb_height": 256,
                "service_icon": "http:\/\/www.redditstatic.com\/desktop2x\/img\/favicon\/apple-icon-57x57.png",
                "id": 1,
                "original_url": "https:\/\/www.reddit.com\/r\/Terraform\/comments\/wl1xjt\/vim_syntax_highlighting_macos\/",
                "fallback": "reddit: Vim syntax highlighting (macOS)",
                "text": "I mostly use Atom IDE, but sometimes I need something quick from the terminal, so I use my default editor, vim. One day it just stopped working....",
                "title": "Vim syntax highlighting (macOS)",
                "title_link": "https:\/\/www.reddit.com\/r\/Terraform\/comments\/wl1xjt\/vim_syntax_highlighting_macos\/",
                "service_name": "reddit"
            },
            {
                "from_url": "https:\/\/www.reddit.com\/r\/vim",
                "thumb_url": "https:\/\/styles.redditmedia.com\/t5_2qhqx\/styles\/communityIcon_9lpgb9pf6xh01.png",
                "thumb_width": 256,
                "thumb_height": 256,
                "service_icon": "http:\/\/www.redditstatic.com\/desktop2x\/img\/favicon\/apple-icon-57x57.png",
                "id": 2,
                "original_url": "https:\/\/www.reddit.com\/r\/vim",
                "fallback": "reddit: VIM - Vi IMproved • r\/vim",
                "text": "For Vim enthusiasts and anyone interested in Vim.",
                "title": "VIM - Vi IMproved • r\/vim",
                "title_link": "https:\/\/www.reddit.com\/r\/vim",
                "service_name": "reddit"
            }
        ],
        "edited": {
            "user": "BG3N7LG73",
            "ts": "1660149990.000000"
        }
    },
    {
        "type": "message",
        "subtype": "bot_message",
        "text": "<https:\/\/www.reddit.com\/r\/Terraform\/comments\/wl2aet\/not_able_to_terraform_init_on_windows\/|Not able to terraform init on Windows>\nHey all, For some reason I can't seem to terraform init on my Windows computer from PowerShell. It will attempt to install the provider but then it gives me the following error: Initializing provider plugins... - Finding drfaust92\/confluence versions matching \"0.1.0\"... - Installing drfaust92\/confluence v0.1.0... ╷ │ Error: Failed to install provider │ │ Error while installing drfaust92\/confluence v0.1.0: archive has incorrect checksum │...",
        "ts": "1660151188.702109",
        "username": "Terraform",
        "icons": {
            "image_48": "https:\/\/s3-us-west-2.amazonaws.com\/slack-files2\/bot_icons\/2019-02-12\/548785199618_48.png"
        },
        "bot_id": "BG3N7LG73",
        "blocks": [
            {
                "type": "rich_text",
                "block_id": "m9F3",
                "elements": [
                    {
                        "type": "rich_text_section",
                        "elements": [
                            {
                                "type": "link",
                                "url": "https:\/\/www.reddit.com\/r\/Terraform\/comments\/wl2aet\/not_able_to_terraform_init_on_windows\/",
                                "text": "Not able to terraform init on Windows"
                            },
                            {
                                "type": "text",
                                "text": "\nHey all, For some reason I can't seem to terraform init on my Windows computer from PowerShell. It will attempt to install the provider but then it gives me the following error: Initializing provider plugins... - Finding drfaust92\/confluence versions matching \"0.1.0\"... - Installing drfaust92\/confluence v0.1.0... ╷ │ Error: Failed to install provider │ │ Error while installing drfaust92\/confluence v0.1.0: archive has incorrect checksum │..."
                            }
                        ]
                    }
                ]
            }
        ],
        "attachments": [
            {
                "from_url": "https:\/\/www.reddit.com\/r\/Terraform\/comments\/wl2aet\/not_able_to_terraform_init_on_windows\/",
                "thumb_url": "https:\/\/www.redditstatic.com\/new-icon.png",
                "thumb_width": 256,
                "thumb_height": 256,
                "service_icon": "http:\/\/www.redditstatic.com\/desktop2x\/img\/favicon\/apple-icon-57x57.png",
                "id": 1,
                "original_url": "https:\/\/www.reddit.com\/r\/Terraform\/comments\/wl2aet\/not_able_to_terraform_init_on_windows\/",
                "fallback": "reddit: Not able to terraform init on Windows",
                "text": "Hey all, For some reason I can't seem to terraform init on my Windows computer from PowerShell. It will attempt to install the provider but then...",
                "title": "Not able to terraform init on Windows",
                "title_link": "https:\/\/www.reddit.com\/r\/Terraform\/comments\/wl2aet\/not_able_to_terraform_init_on_windows\/",
                "service_name": "reddit"
            }
        ],
        "edited": {
            "user": "BG3N7LG73",
            "ts": "1660151189.000000"
        }
    },
    {
        "type": "message",
        "subtype": "bot_message",
        "text": "<https:\/\/www.reddit.com\/r\/Terraform\/comments\/wl5nml\/solutions_to_wait_till_ec2_instance_is_ready\/|Solutions to wait till ec2 instance is ready, instead of created>\nHi,\n i have an ec2 instance with attached eip.\n when recreating the instance the eip is attached to the new instance.\n The issue i have, that terraform does not wait till the new instance is ready, only till the instance is created.  As solution i added a \"null_resource\" with \"provisioner local-exec\". There i execute a bash script, which check the status of the instance in a while loop, after the status changed, i attach the eip to the new instance. The resources depends on each other...",
        "ts": "1660158988.326159",
        "username": "Terraform",
        "icons": {
            "image_48": "https:\/\/s3-us-west-2.amazonaws.com\/slack-files2\/bot_icons\/2019-02-12\/548785199618_48.png"
        },
        "bot_id": "BG3N7LG73",
        "blocks": [
            {
                "type": "rich_text",
                "block_id": "NlTA7",
                "elements": [
                    {
                        "type": "rich_text_section",
                        "elements": [
                            {
                                "type": "link",
                                "url": "https:\/\/www.reddit.com\/r\/Terraform\/comments\/wl5nml\/solutions_to_wait_till_ec2_instance_is_ready\/",
                                "text": "Solutions to wait till ec2 instance is ready, instead of created"
                            },
                            {
                                "type": "text",
                                "text": "\nHi,\n i have an ec2 instance with attached eip.\n when recreating the instance the eip is attached to the new instance.\n The issue i have, that terraform does not wait till the new instance is ready, only till the instance is created.  As solution i added a \"null_resource\" with \"provisioner local-exec\". There i execute a bash script, which check the status of the instance in a while loop, after the status changed, i attach the eip to the new instance. The resources depends on each other..."
                            }
                        ]
                    }
                ]
            }
        ],
        "attachments": [
            {
                "from_url": "https:\/\/www.reddit.com\/r\/Terraform\/comments\/wl5nml\/solutions_to_wait_till_ec2_instance_is_ready\/",
                "thumb_url": "https:\/\/www.redditstatic.com\/new-icon.png",
                "thumb_width": 256,
                "thumb_height": 256,
                "service_icon": "http:\/\/www.redditstatic.com\/desktop2x\/img\/favicon\/apple-icon-57x57.png",
                "id": 1,
                "original_url": "https:\/\/www.reddit.com\/r\/Terraform\/comments\/wl5nml\/solutions_to_wait_till_ec2_instance_is_ready\/",
                "fallback": "reddit: Solutions to wait till ec2 instance is ready, instead of created",
                "text": "Hi, i have an ec2 instance with attached eip. when recreating the instance the eip is attached to the new instance. The issue i have, that...",
                "title": "Solutions to wait till ec2 instance is ready, instead of created",
                "title_link": "https:\/\/www.reddit.com\/r\/Terraform\/comments\/wl5nml\/solutions_to_wait_till_ec2_instance_is_ready\/",
                "service_name": "reddit"
            }
        ],
        "edited": {
            "user": "BG3N7LG73",
            "ts": "1660158988.000000"
        }
    },
    {
        "type": "message",
        "subtype": "bot_message",
        "text": "<https:\/\/www.reddit.com\/r\/Terraform\/comments\/wl5qo5\/harness_terraform\/|Harness + Terraform?>\nIs anyone using <https:\/\/harness.io\/|Harness> + Terraform (cloud specifically), and any tips? We are in the process of migrating to the cloud, and my team has been responsible for implementing Terraform, building modules, and assisting product teams with getting their infrastructure defined via Terraform. There is a recent decision by our technology team to start using Harness, largely to control some costs, among other things - for instance, shut down environments when not in use...",
        "ts": "1660158988.446969",
        "username": "Terraform",
        "icons": {
            "image_48": "https:\/\/s3-us-west-2.amazonaws.com\/slack-files2\/bot_icons\/2019-02-12\/548785199618_48.png"
        },
        "bot_id": "BG3N7LG73",
        "blocks": [
            {
                "type": "rich_text",
                "block_id": "a31",
                "elements": [
                    {
                        "type": "rich_text_section",
                        "elements": [
                            {
                                "type": "link",
                                "url": "https:\/\/www.reddit.com\/r\/Terraform\/comments\/wl5qo5\/harness_terraform\/",
                                "text": "Harness + Terraform?"
                            },
                            {
                                "type": "text",
                                "text": "\nIs anyone using "
                            },
                            {
                                "type": "link",
                                "url": "https:\/\/harness.io\/",
                                "text": "Harness"
                            },
                            {
                                "type": "text",
                                "text": " + Terraform (cloud specifically), and any tips? We are in the process of migrating to the cloud, and my team has been responsible for implementing Terraform, building modules, and assisting product teams with getting their infrastructure defined via Terraform. There is a recent decision by our technology team to start using Harness, largely to control some costs, among other things - for instance, shut down environments when not in use..."
                            }
                        ]
                    }
                ]
            }
        ],
        "attachments": [
            {
                "from_url": "https:\/\/www.reddit.com\/r\/Terraform\/comments\/wl5qo5\/harness_terraform\/",
                "thumb_url": "https:\/\/www.redditstatic.com\/new-icon.png",
                "thumb_width": 256,
                "thumb_height": 256,
                "service_icon": "http:\/\/www.redditstatic.com\/desktop2x\/img\/favicon\/apple-icon-57x57.png",
                "id": 1,
                "original_url": "https:\/\/www.reddit.com\/r\/Terraform\/comments\/wl5qo5\/harness_terraform\/",
                "fallback": "reddit: Harness + Terraform?",
                "text": "Is anyone using [Harness](<https:\/\/harness.io\/>) + Terraform (cloud specifically), and any tips? We are in the process of migrating to the cloud,...",
                "title": "Harness + Terraform?",
                "title_link": "https:\/\/www.reddit.com\/r\/Terraform\/comments\/wl5qo5\/harness_terraform\/",
                "service_name": "reddit"
            },
            {
                "from_url": "https:\/\/harness.io\/",
                "image_url": "https:\/\/harness.io\/share_card.jpg",
                "image_width": 478,
                "image_height": 250,
                "image_bytes": 16101,
                "service_icon": "https:\/\/harness.io\/favicon.ico",
                "id": 2,
                "original_url": "https:\/\/harness.io\/",
                "fallback": "Harness.io: Harness | The Modern Software Delivery Platform - CI, CD, Feature Flags, Cloud Costs &amp; more",
                "text": "Harness is a self-service CI\/CD platform that allows engineers and DevOps to build, test, deploy, and verify software, on-demand.",
                "title": "Harness | The Modern Software Delivery Platform - CI, CD, Feature Flags, Cloud Costs &amp; more",
                "title_link": "https:\/\/harness.io\/",
                "service_name": "Harness.io"
            }
        ],
        "edited": {
            "user": "BG3N7LG73",
            "ts": "1660158988.000000"
        }
    },
    {
        "type": "message",
        "subtype": "bot_message",
        "text": "<https:\/\/www.reddit.com\/r\/Terraform\/comments\/wlc6mf\/how_to_do_dynamic_nested_blocks_in_for_each\/|How to do dynamic Nested blocks in for_each resource>\nI have been combing through the docs (<https:\/\/www.terraform.io\/language\/expressions\/dynamic-blocks#multi-level-nested-block-structures|ref>) on multi-level nested blocks. I want to have a resource with for_each, and then reference stuff from that, but I have not been able to implement this, and I am not sure what to do. I have been debugging with TF_LOG=DEBUG terraform plan -no-color 2&gt;&amp;1 | tee terraform.log, but not exactly sure how to fix this. resource \"cloudflare_page_rule\"...",
        "ts": "1660175187.761889",
        "username": "Terraform",
        "icons": {
            "image_48": "https:\/\/s3-us-west-2.amazonaws.com\/slack-files2\/bot_icons\/2019-02-12\/548785199618_48.png"
        },
        "bot_id": "BG3N7LG73",
        "blocks": [
            {
                "type": "rich_text",
                "block_id": "Xw+S+",
                "elements": [
                    {
                        "type": "rich_text_section",
                        "elements": [
                            {
                                "type": "link",
                                "url": "https:\/\/www.reddit.com\/r\/Terraform\/comments\/wlc6mf\/how_to_do_dynamic_nested_blocks_in_for_each\/",
                                "text": "How to do dynamic Nested blocks in for_each resource"
                            },
                            {
                                "type": "text",
                                "text": "\nI have been combing through the docs ("
                            },
                            {
                                "type": "link",
                                "url": "https:\/\/www.terraform.io\/language\/expressions\/dynamic-blocks#multi-level-nested-block-structures",
                                "text": "ref"
                            },
                            {
                                "type": "text",
                                "text": ") on multi-level nested blocks. I want to have a resource with for_each, and then reference stuff from that, but I have not been able to implement this, and I am not sure what to do. I have been debugging with TF_LOG=DEBUG terraform plan -no-color 2>&1 | tee terraform.log, but not exactly sure how to fix this. resource \"cloudflare_page_rule\"..."
                            }
                        ]
                    }
                ]
            }
        ],
        "attachments": [
            {
                "from_url": "https:\/\/www.reddit.com\/r\/Terraform\/comments\/wlc6mf\/how_to_do_dynamic_nested_blocks_in_for_each\/",
                "thumb_url": "https:\/\/www.redditstatic.com\/new-icon.png",
                "thumb_width": 256,
                "thumb_height": 256,
                "service_icon": "http:\/\/www.redditstatic.com\/desktop2x\/img\/favicon\/apple-icon-57x57.png",
                "id": 1,
                "original_url": "https:\/\/www.reddit.com\/r\/Terraform\/comments\/wlc6mf\/how_to_do_dynamic_nested_blocks_in_for_each\/",
                "fallback": "reddit: How to do dynamic Nested blocks in for_each resource",
                "text": "I have been combing through the docs ([ref](<https:\/\/www.terraform.io\/language\/expressions\/dynamic-blocks#multi-level-nested-block-structures>)) on...",
                "title": "How to do dynamic Nested blocks in for_each resource",
                "title_link": "https:\/\/www.reddit.com\/r\/Terraform\/comments\/wlc6mf\/how_to_do_dynamic_nested_blocks_in_for_each\/",
                "service_name": "reddit"
            },
            {
                "from_url": "https:\/\/www.terraform.io\/language\/expressions\/dynamic-blocks#multi-level-nested-block-structures",
                "image_url": "https:\/\/www.terraform.io\/img\/og-image.png",
                "image_width": 478,
                "image_height": 250,
                "image_bytes": 31319,
                "service_icon": "https:\/\/www.terraform.io\/favicon.ico",
                "id": 2,
                "original_url": "https:\/\/www.terraform.io\/language\/expressions\/dynamic-blocks#multi-level-nested-block-structures",
                "fallback": "Terraform by HashiCorp: Dynamic Blocks - Configuration Language | Terraform by HashiCorp",
                "text": "Dynamic blocks automatically construct multi-level, nested block structures. Learn to configure dynamic blocks and understand their behavior.",
                "title": "Dynamic Blocks - Configuration Language | Terraform by HashiCorp",
                "title_link": "https:\/\/www.terraform.io\/language\/expressions\/dynamic-blocks#multi-level-nested-block-structures",
                "service_name": "Terraform by HashiCorp"
            }
        ],
        "edited": {
            "user": "BG3N7LG73",
            "ts": "1660175188.000000"
        }
    },
    {
        "type": "message",
        "subtype": "bot_message",
        "text": "<https:\/\/www.reddit.com\/r\/Terraform\/comments\/wlfb9n\/moving_server_from_one_availability_zone_to\/|Moving server from one availability zone to another?>\nI'm migrating servers from on-prem to AWS. I've deployed the underlying infrastructure with Terraform and then used AWS's Application Migration Service to migrate the VMs. I have then imported the VMs into the Terraform state file.  One of my instances got placed into the wrong availability zone and I want to move it to the proper zone. Is it possible to move that instance to a different availability zone with Terraform while not deleting\/losing the EBS volume data or is that going to take...",
        "ts": "1660184188.291929",
        "username": "Terraform",
        "icons": {
            "image_48": "https:\/\/s3-us-west-2.amazonaws.com\/slack-files2\/bot_icons\/2019-02-12\/548785199618_48.png"
        },
        "bot_id": "BG3N7LG73",
        "blocks": [
            {
                "type": "rich_text",
                "block_id": "54=",
                "elements": [
                    {
                        "type": "rich_text_section",
                        "elements": [
                            {
                                "type": "link",
                                "url": "https:\/\/www.reddit.com\/r\/Terraform\/comments\/wlfb9n\/moving_server_from_one_availability_zone_to\/",
                                "text": "Moving server from one availability zone to another?"
                            },
                            {
                                "type": "text",
                                "text": "\nI'm migrating servers from on-prem to AWS. I've deployed the underlying infrastructure with Terraform and then used AWS's Application Migration Service to migrate the VMs. I have then imported the VMs into the Terraform state file.  One of my instances got placed into the wrong availability zone and I want to move it to the proper zone. Is it possible to move that instance to a different availability zone with Terraform while not deleting\/losing the EBS volume data or is that going to take..."
                            }
                        ]
                    }
                ]
            }
        ],
        "attachments": [
            {
                "from_url": "https:\/\/www.reddit.com\/r\/Terraform\/comments\/wlfb9n\/moving_server_from_one_availability_zone_to\/",
                "thumb_url": "https:\/\/www.redditstatic.com\/new-icon.png",
                "thumb_width": 256,
                "thumb_height": 256,
                "service_icon": "http:\/\/www.redditstatic.com\/desktop2x\/img\/favicon\/apple-icon-57x57.png",
                "id": 1,
                "original_url": "https:\/\/www.reddit.com\/r\/Terraform\/comments\/wlfb9n\/moving_server_from_one_availability_zone_to\/",
                "fallback": "reddit: Moving server from one availability zone to another?",
                "text": "I'm migrating servers from on-prem to AWS. I've deployed the underlying infrastructure with Terraform and then used AWS's Application Migration...",
                "title": "Moving server from one availability zone to another?",
                "title_link": "https:\/\/www.reddit.com\/r\/Terraform\/comments\/wlfb9n\/moving_server_from_one_availability_zone_to\/",
                "service_name": "reddit"
            }
        ],
        "edited": {
            "user": "BG3N7LG73",
            "ts": "1660184188.000000"
        }
    }
]