[
    {
        "client_msg_id": "ca4259ac-c0ac-401f-90a9-50d82b3713cc",
        "type": "message",
        "text": "ものすごく今更なんですが、単一のリスト項目をいちいちflattenで書き直す必要はないと思うので念のため。。。\n`If the expression    returns a single list item then leave it as-is and remove this TODO comment.`\nって、 ` a = [ string ]` なら（例のように単一のstringが返るはずなら）コメントを消してそのままでいいと言ってると思います。\nv0.12へのアップグレードツールが気にしているのはリストの入れ子とか、複数の変数からデータを渡す時に\nいびつなリストが出来てしまうことに対する整理を目的にしてると思うので、\nリストに対して、単一の変数を[]で囲ってリスト表現にして渡すのは（単一の変数の中身が各自保証できれば）問題ないんじゃないかと思います。",
        "user": "UFU0BKD8F",
        "ts": "1564934211.081400",
        "team": "TFU0BKCQP",
        "user_team": "TFU0BKCQP",
        "source_team": "TFU0BKCQP",
        "user_profile": {
            "avatar_hash": "92c41c62c7b0",
            "image_72": "https:\/\/avatars.slack-edge.com\/2019-01-30\/537137791812_92c41c62c7b0f054d3dd_72.jpg",
            "first_name": "らき",
            "real_name": "らき",
            "display_name": "raki",
            "team": "TFU0BKCQP",
            "name": "nishimuray",
            "is_restricted": false,
            "is_ultra_restricted": false
        },
        "edited": {
            "user": "UFU0BKD8F",
            "ts": "1564934425.000000"
        },
        "thread_ts": "1564934211.081400",
        "reply_count": 1,
        "reply_users_count": 1,
        "latest_reply": "1565006770.081800",
        "reply_users": [
            "UJZCUFM7D"
        ],
        "replies": [
            {
                "user": "UJZCUFM7D",
                "ts": "1565006770.081800"
            }
        ],
        "subscribed": true,
        "last_read": "1565006770.081800"
    }
]