[
    {
        "client_msg_id": "473c515f-bf05-4c54-8f94-9c6b9785a5a2",
        "type": "message",
        "text": ":arrow_up:とりあえずアドレスがねぇって文句言われてるだけなので、入れ子モジュールの底辺のやつを1つimportしてやって\nstate rm して場所だけ作ってから state mv したらうまくいった。",
        "user": "UFU0BKD8F",
        "ts": "1565161639.094500",
        "team": "TFU0BKCQP",
        "user_team": "TFU0BKCQP",
        "source_team": "TFU0BKCQP",
        "user_profile": {
            "avatar_hash": "92c41c62c7b0",
            "image_72": "https:\/\/avatars.slack-edge.com\/2019-01-30\/537137791812_92c41c62c7b0f054d3dd_72.jpg",
            "first_name": "らき",
            "real_name": "らき",
            "display_name": "raki",
            "team": "TFU0BKCQP",
            "name": "nishimuray",
            "is_restricted": false,
            "is_ultra_restricted": false
        }
    },
    {
        "client_msg_id": "440763a7-33e4-4b03-a1cd-9c8a39ed55e2",
        "type": "message",
        "text": "入れ子、もうアーカイブになってますが、\n<https:\/\/github.com\/hashicorp\/best-practices>\nこれがあったのあってか？github.comとかみてるとみかけたりしますねー",
        "user": "ULFK57XL4",
        "ts": "1565162775.095600",
        "team": "TFU0BKCQP",
        "user_team": "TFU0BKCQP",
        "source_team": "TFU0BKCQP",
        "user_profile": {
            "avatar_hash": "g4ede17818e5",
            "image_72": "https:\/\/secure.gravatar.com\/avatar\/54ede17818e5e7d1985d82034d959a82.jpg?s=72&d=https%3A%2F%2Fa.slack-edge.com%2Fdf10d%2Fimg%2Favatars%2Fava_0008-72.png",
            "first_name": "",
            "real_name": "eigo_s",
            "display_name": "",
            "team": "TFU0BKCQP",
            "name": "eigo.szk",
            "is_restricted": false,
            "is_ultra_restricted": false
        },
        "attachments": [
            {
                "fallback": "hashicorp\/best-practices",
                "title": "hashicorp\/best-practices",
                "footer": "<https:\/\/github.com\/hashicorp\/best-practices|hashicorp\/best-practices>",
                "id": 1,
                "ts": 1447180360,
                "color": "24292f",
                "fields": [
                    {
                        "title": "Stars",
                        "value": "1388",
                        "short": true
                    },
                    {
                        "title": "Language",
                        "value": "HCL",
                        "short": true
                    }
                ],
                "mrkdwn_in": [
                    "text",
                    "fields"
                ],
                "bot_id": "BH12QQBB4",
                "app_unfurl_url": "https:\/\/github.com\/hashicorp\/best-practices",
                "is_app_unfurl": true
            }
        ]
    }
]