[
    {
        "type": "message",
        "subtype": "thread_broadcast",
        "text": "この場合associationのほうはrmしてあげたほうがいいですよねえ",
        "user": "UG46Z57TN",
        "ts": "1564551660.012400",
        "thread_ts": "1564408359.008000",
        "root": {
            "client_msg_id": "c8f00a91-7451-4a7c-aa4b-c5a56057138c",
            "type": "message",
            "text": "`aws_route53_zone` resourceの `vpc_id` が使えなくなるから `vpc` blockを使ってその中で `vpc_id` を指定したら、なぜかassociationのほうのzoneが消えるplanがでて意味がわからない。。。\n\n```\n  ~ module.base_network.aws_route53_zone.private\n      vpc.#:                 \"2\" =&gt; \"1\"\n      vpc.1111111111.vpc_id: \"vpc-12345678\" =&gt; \"vpc-12345678\"\n      vpc.2222222222.vpc_id: \"vpc-32323232\" =&gt; \"\"\n```",
            "user": "UG46Z57TN",
            "ts": "1564408359.008000",
            "team": "TFU0BKCQP",
            "thread_ts": "1564408359.008000",
            "reply_count": 23,
            "reply_users_count": 2,
            "latest_reply": "1564555326.014100",
            "reply_users": [
                "UG46Z57TN",
                "UFU0BKD8F"
            ],
            "replies": [
                {
                    "user": "UG46Z57TN",
                    "ts": "1564408389.008400"
                },
                {
                    "user": "UFU0BKD8F",
                    "ts": "1564408532.008600"
                },
                {
                    "user": "UG46Z57TN",
                    "ts": "1564408588.008800"
                },
                {
                    "user": "UG46Z57TN",
                    "ts": "1564408594.009000"
                },
                {
                    "user": "UG46Z57TN",
                    "ts": "1564408650.009200"
                },
                {
                    "user": "UG46Z57TN",
                    "ts": "1564408663.009400"
                },
                {
                    "user": "UG46Z57TN",
                    "ts": "1564408689.009600"
                },
                {
                    "user": "UFU0BKD8F",
                    "ts": "1564408706.009900"
                },
                {
                    "user": "UG46Z57TN",
                    "ts": "1564408717.010100"
                },
                {
                    "user": "UG46Z57TN",
                    "ts": "1564408725.010300"
                },
                {
                    "user": "UFU0BKD8F",
                    "ts": "1564408768.010500"
                },
                {
                    "user": "UG46Z57TN",
                    "ts": "1564408777.010700"
                },
                {
                    "user": "UG46Z57TN",
                    "ts": "1564409049.011100"
                },
                {
                    "user": "UG46Z57TN",
                    "ts": "1564409051.011300"
                },
                {
                    "user": "UG46Z57TN",
                    "ts": "1564551660.012400"
                },
                {
                    "user": "UFU0BKD8F",
                    "ts": "1564554451.012700"
                },
                {
                    "user": "UG46Z57TN",
                    "ts": "1564554841.012900"
                },
                {
                    "user": "UFU0BKD8F",
                    "ts": "1564555032.013100"
                },
                {
                    "user": "UG46Z57TN",
                    "ts": "1564555061.013300"
                },
                {
                    "user": "UFU0BKD8F",
                    "ts": "1564555196.013500"
                },
                {
                    "user": "UG46Z57TN",
                    "ts": "1564555297.013700"
                },
                {
                    "user": "UG46Z57TN",
                    "ts": "1564555319.013900"
                },
                {
                    "user": "UG46Z57TN",
                    "ts": "1564555326.014100"
                }
            ],
            "subscribed": true,
            "last_read": "1564555326.014100"
        },
        "client_msg_id": "80a8ee07-edd7-4849-82d4-885e7aee0fcc"
    },
    {
        "client_msg_id": "4491b595-b9eb-48d3-ac33-367e546456a0",
        "type": "message",
        "text": "差分出てないってことはassociationもstateから消えてなかったっけ。。。？",
        "user": "UFU0BKD8F",
        "ts": "1564554451.012700",
        "team": "TFU0BKCQP",
        "user_team": "TFU0BKCQP",
        "source_team": "TFU0BKCQP",
        "user_profile": {
            "avatar_hash": "92c41c62c7b0",
            "image_72": "https:\/\/avatars.slack-edge.com\/2019-01-30\/537137791812_92c41c62c7b0f054d3dd_72.jpg",
            "first_name": "らき",
            "real_name": "らき",
            "display_name": "raki",
            "team": "TFU0BKCQP",
            "name": "nishimuray",
            "is_restricted": false,
            "is_ultra_restricted": false
        },
        "thread_ts": "1564408359.008000",
        "parent_user_id": "UG46Z57TN"
    },
    {
        "client_msg_id": "57ee41f5-6c9b-48ef-b1ed-6942fc57a5da",
        "type": "message",
        "text": "あ、差分出ないってのは、planが変化しないって意味で、associateが消えるplanがでてて（ややこい",
        "user": "UG46Z57TN",
        "ts": "1564554841.012900",
        "team": "TFU0BKCQP",
        "user_team": "TFU0BKCQP",
        "source_team": "TFU0BKCQP",
        "user_profile": {
            "avatar_hash": "c6bdd4cb17db",
            "image_72": "https:\/\/avatars.slack-edge.com\/2019-07-05\/685991185957_c6bdd4cb17db956661a1_72.jpg",
            "first_name": "Takeshi",
            "real_name": "Takeshi Kondo",
            "display_name": "chaspy",
            "team": "TFU0BKCQP",
            "name": "take.she12",
            "is_restricted": false,
            "is_ultra_restricted": false
        },
        "thread_ts": "1564408359.008000",
        "parent_user_id": "UG46Z57TN"
    },
    {
        "client_msg_id": "220e07b1-b33c-4f78-88ab-bd404ee8989c",
        "type": "message",
        "text": "あぁなるほど。そのままapplyしてすでにassociationリソースがねぇよってエラーになるパターンか。。。ｗ",
        "user": "UFU0BKD8F",
        "ts": "1564555032.013100",
        "team": "TFU0BKCQP",
        "user_team": "TFU0BKCQP",
        "source_team": "TFU0BKCQP",
        "user_profile": {
            "avatar_hash": "92c41c62c7b0",
            "image_72": "https:\/\/avatars.slack-edge.com\/2019-01-30\/537137791812_92c41c62c7b0f054d3dd_72.jpg",
            "first_name": "らき",
            "real_name": "らき",
            "display_name": "raki",
            "team": "TFU0BKCQP",
            "name": "nishimuray",
            "is_restricted": false,
            "is_ultra_restricted": false
        },
        "thread_ts": "1564408359.008000",
        "parent_user_id": "UG46Z57TN"
    },
    {
        "client_msg_id": "ae3c193a-45f9-48bc-a257-95de5e1f42cc",
        "type": "message",
        "text": "deprecaton warning消すのくっそめんどい",
        "user": "UG46Z57TN",
        "ts": "1564555061.013300",
        "team": "TFU0BKCQP",
        "user_team": "TFU0BKCQP",
        "source_team": "TFU0BKCQP",
        "user_profile": {
            "avatar_hash": "c6bdd4cb17db",
            "image_72": "https:\/\/avatars.slack-edge.com\/2019-07-05\/685991185957_c6bdd4cb17db956661a1_72.jpg",
            "first_name": "Takeshi",
            "real_name": "Takeshi Kondo",
            "display_name": "chaspy",
            "team": "TFU0BKCQP",
            "name": "take.she12",
            "is_restricted": false,
            "is_ultra_restricted": false
        },
        "thread_ts": "1564408359.008000",
        "parent_user_id": "UG46Z57TN"
    },
    {
        "client_msg_id": "623e579e-ff6b-413f-902b-5c5aa7d46080",
        "type": "message",
        "text": "新しくなった部分が判明して楽しくない？",
        "user": "UFU0BKD8F",
        "ts": "1564555196.013500",
        "team": "TFU0BKCQP",
        "user_team": "TFU0BKCQP",
        "source_team": "TFU0BKCQP",
        "user_profile": {
            "avatar_hash": "92c41c62c7b0",
            "image_72": "https:\/\/avatars.slack-edge.com\/2019-01-30\/537137791812_92c41c62c7b0f054d3dd_72.jpg",
            "first_name": "らき",
            "real_name": "らき",
            "display_name": "raki",
            "team": "TFU0BKCQP",
            "name": "nishimuray",
            "is_restricted": false,
            "is_ultra_restricted": false
        },
        "thread_ts": "1564408359.008000",
        "parent_user_id": "UG46Z57TN"
    },
    {
        "client_msg_id": "4667ff89-ffa6-4527-b808-7df7b88360ff",
        "type": "message",
        "text": "その域まで達してない。。。",
        "user": "UG46Z57TN",
        "ts": "1564555297.013700",
        "team": "TFU0BKCQP",
        "user_team": "TFU0BKCQP",
        "source_team": "TFU0BKCQP",
        "user_profile": {
            "avatar_hash": "c6bdd4cb17db",
            "image_72": "https:\/\/avatars.slack-edge.com\/2019-07-05\/685991185957_c6bdd4cb17db956661a1_72.jpg",
            "first_name": "Takeshi",
            "real_name": "Takeshi Kondo",
            "display_name": "chaspy",
            "team": "TFU0BKCQP",
            "name": "take.she12",
            "is_restricted": false,
            "is_ultra_restricted": false
        },
        "thread_ts": "1564408359.008000",
        "parent_user_id": "UG46Z57TN"
    },
    {
        "client_msg_id": "65a413a7-a211-473a-bd43-508e5f73f84c",
        "type": "message",
        "text": "これでようやくaws providerが最新にあげられる",
        "user": "UG46Z57TN",
        "ts": "1564555319.013900",
        "team": "TFU0BKCQP",
        "user_team": "TFU0BKCQP",
        "source_team": "TFU0BKCQP",
        "user_profile": {
            "avatar_hash": "c6bdd4cb17db",
            "image_72": "https:\/\/avatars.slack-edge.com\/2019-07-05\/685991185957_c6bdd4cb17db956661a1_72.jpg",
            "first_name": "Takeshi",
            "real_name": "Takeshi Kondo",
            "display_name": "chaspy",
            "team": "TFU0BKCQP",
            "name": "take.she12",
            "is_restricted": false,
            "is_ultra_restricted": false
        },
        "thread_ts": "1564408359.008000",
        "parent_user_id": "UG46Z57TN"
    },
    {
        "client_msg_id": "973fa96d-665b-4a52-a8b0-fb25cd570a96",
        "type": "message",
        "text": "そのあとはterraform v10 -&gt; 12 がまってる。。。",
        "user": "UG46Z57TN",
        "ts": "1564555326.014100",
        "team": "TFU0BKCQP",
        "user_team": "TFU0BKCQP",
        "source_team": "TFU0BKCQP",
        "user_profile": {
            "avatar_hash": "c6bdd4cb17db",
            "image_72": "https:\/\/avatars.slack-edge.com\/2019-07-05\/685991185957_c6bdd4cb17db956661a1_72.jpg",
            "first_name": "Takeshi",
            "real_name": "Takeshi Kondo",
            "display_name": "chaspy",
            "team": "TFU0BKCQP",
            "name": "take.she12",
            "is_restricted": false,
            "is_ultra_restricted": false
        },
        "thread_ts": "1564408359.008000",
        "parent_user_id": "UG46Z57TN",
        "reactions": [
            {
                "name": "がんばれ",
                "users": [
                    "UFU0BKD8F",
                    "UKAKENQAF"
                ],
                "count": 2
            }
        ]
    }
]