[
    {
        "client_msg_id": "74eeb629-c24c-4272-907c-f9f90a5fd331",
        "type": "message",
        "text": "何度もありがとうございます！\n確かに単一のstringが返る場合なので、そのままコメント削除でよさそうですね。",
        "user": "UJZCUFM7D",
        "ts": "1565006770.081800",
        "team": "TFU0BKCQP",
        "user_team": "TFU0BKCQP",
        "source_team": "TFU0BKCQP",
        "user_profile": {
            "avatar_hash": "g660f4361676",
            "image_72": "https:\/\/secure.gravatar.com\/avatar\/7660f4361676c30f37308cfb8fe171fd.jpg?s=72&d=https%3A%2F%2Fa.slack-edge.com%2Fdf10d%2Fimg%2Favatars%2Fava_0026-72.png",
            "first_name": "H.M",
            "real_name": "H.M",
            "display_name": "H.M",
            "team": "TFU0BKCQP",
            "name": "hikaru-miyazawa",
            "is_restricted": false,
            "is_ultra_restricted": false
        },
        "thread_ts": "1564934211.081400",
        "parent_user_id": "UFU0BKD8F"
    },
    {
        "client_msg_id": "cad8b437-8deb-4562-bdc1-1726bb6ecbde",
        "type": "message",
        "text": "```\nes_allowed_ips = [\n      aws_nat_gateway.nat_gateway_a.public_ip,                                   # string\n      module.reverse_proxy_a.public_ips,                                         # list\n      data.terraform_remote_state.manage.outputs.eip_manage_jenkins_public_ip, # string\n ]\n```\n\nこういったとき、 `The given value is not suitable for child module variable \"es_allowed_ips\" defined at ..\/..\/modules\/es\/variables.tf:11,1-26: all list elements must have the same type.` というおこられが発生したんですが、こういう場合listの結合するのにconcatをつかうしかないんでしょうか？\n\nnested listになってると思えばflattenすればいいのだろうか",
        "user": "UG46Z57TN",
        "ts": "1565071215.084100",
        "team": "TFU0BKCQP",
        "user_team": "TFU0BKCQP",
        "source_team": "TFU0BKCQP",
        "user_profile": {
            "avatar_hash": "c6bdd4cb17db",
            "image_72": "https:\/\/avatars.slack-edge.com\/2019-07-05\/685991185957_c6bdd4cb17db956661a1_72.jpg",
            "first_name": "Takeshi",
            "real_name": "Takeshi Kondo",
            "display_name": "chaspy",
            "team": "TFU0BKCQP",
            "name": "take.she12",
            "is_restricted": false,
            "is_ultra_restricted": false
        },
        "edited": {
            "user": "UG46Z57TN",
            "ts": "1565071329.000000"
        }
    },
    {
        "client_msg_id": "237696a6-827c-4448-a676-72b412576936",
        "type": "message",
        "text": "すぐ上の hikaru-miyazawa さんの件と同じで flatten が正だと思う。。。",
        "user": "UFU0BKD8F",
        "ts": "1565071373.085500",
        "team": "TFU0BKCQP",
        "user_team": "TFU0BKCQP",
        "source_team": "TFU0BKCQP",
        "user_profile": {
            "avatar_hash": "92c41c62c7b0",
            "image_72": "https:\/\/avatars.slack-edge.com\/2019-01-30\/537137791812_92c41c62c7b0f054d3dd_72.jpg",
            "first_name": "らき",
            "real_name": "らき",
            "display_name": "raki",
            "team": "TFU0BKCQP",
            "name": "nishimuray",
            "is_restricted": false,
            "is_ultra_restricted": false
        }
    },
    {
        "client_msg_id": "2c1837eb-8a0d-4db8-a5a3-2cb3165d29d9",
        "type": "message",
        "text": "module 側が type = list ってなってるはずなので、入れ子じゃないリストを渡しますってことだと思うので。",
        "user": "UFU0BKD8F",
        "ts": "1565071415.086300",
        "team": "TFU0BKCQP",
        "user_team": "TFU0BKCQP",
        "source_team": "TFU0BKCQP",
        "user_profile": {
            "avatar_hash": "92c41c62c7b0",
            "image_72": "https:\/\/avatars.slack-edge.com\/2019-01-30\/537137791812_92c41c62c7b0f054d3dd_72.jpg",
            "first_name": "らき",
            "real_name": "らき",
            "display_name": "raki",
            "team": "TFU0BKCQP",
            "name": "nishimuray",
            "is_restricted": false,
            "is_ultra_restricted": false
        }
    },
    {
        "client_msg_id": "60b5fd85-dd8f-4ffd-882d-bf61cd6debfb",
        "type": "message",
        "text": "そいや上のやつも遭遇したな `TF-UPGRADE-TODO`",
        "user": "UG46Z57TN",
        "ts": "1565071494.087000",
        "team": "TFU0BKCQP",
        "user_team": "TFU0BKCQP",
        "source_team": "TFU0BKCQP",
        "user_profile": {
            "avatar_hash": "c6bdd4cb17db",
            "image_72": "https:\/\/avatars.slack-edge.com\/2019-07-05\/685991185957_c6bdd4cb17db956661a1_72.jpg",
            "first_name": "Takeshi",
            "real_name": "Takeshi Kondo",
            "display_name": "chaspy",
            "team": "TFU0BKCQP",
            "name": "take.she12",
            "is_restricted": false,
            "is_ultra_restricted": false
        }
    },
    {
        "client_msg_id": "e9b93550-677c-453a-a87d-b0f8b8aa71cc",
        "type": "message",
        "text": "ありがとうございます、flattenります",
        "user": "UG46Z57TN",
        "ts": "1565071501.087400",
        "team": "TFU0BKCQP",
        "user_team": "TFU0BKCQP",
        "source_team": "TFU0BKCQP",
        "user_profile": {
            "avatar_hash": "c6bdd4cb17db",
            "image_72": "https:\/\/avatars.slack-edge.com\/2019-07-05\/685991185957_c6bdd4cb17db956661a1_72.jpg",
            "first_name": "Takeshi",
            "real_name": "Takeshi Kondo",
            "display_name": "chaspy",
            "team": "TFU0BKCQP",
            "name": "take.she12",
            "is_restricted": false,
            "is_ultra_restricted": false
        }
    },
    {
        "client_msg_id": "ba2e3084-c55d-4d4f-89fa-4429856843b3",
        "type": "message",
        "text": "flatten!flatten!",
        "user": "UFU0BKD8F",
        "ts": "1565071545.087700",
        "team": "TFU0BKCQP",
        "user_team": "TFU0BKCQP",
        "source_team": "TFU0BKCQP",
        "user_profile": {
            "avatar_hash": "92c41c62c7b0",
            "image_72": "https:\/\/avatars.slack-edge.com\/2019-01-30\/537137791812_92c41c62c7b0f054d3dd_72.jpg",
            "first_name": "らき",
            "real_name": "らき",
            "display_name": "raki",
            "team": "TFU0BKCQP",
            "name": "nishimuray",
            "is_restricted": false,
            "is_ultra_restricted": false
        }
    }
]