[
    {
        "type": "message",
        "subtype": "bot_message",
        "text": "<https:\/\/www.reddit.com\/r\/Terraform\/comments\/qjtsiv\/data_source_aws_ami_filter_terraform_version_1010\/|data source aws_ami filter terraform version 1.0.10 error>\nI'm trying to dynamically lookup the latest ami using the code below: data \"aws_ami\" \"latest-amazon-linux-image\" {\nmost_recent = true\nowners = [\"amazon\"]\nfilter = {\nname = \"name\"\nvalues = [\"Amazon Linux 2-*-Type\"]\n} The debug output: Error: Unsupported argument on <https:\/\/main.tf\/|main.tf> line 88, in data \"aws_ami\" \"latest-amazon-linux-image\":88:  filter = { An argument named \"filter\" is not expected here. Did you mean to define a block of type \"filter\"? I thought filter was...",
        "ts": "1635700597.017200",
        "username": "Terraform",
        "icons": {
            "image_48": "https:\/\/s3-us-west-2.amazonaws.com\/slack-files2\/bot_icons\/2019-02-12\/548785199618_48.png"
        },
        "bot_id": "BG3N7LG73",
        "blocks": [
            {
                "type": "rich_text",
                "block_id": "1qx",
                "elements": [
                    {
                        "type": "rich_text_section",
                        "elements": [
                            {
                                "type": "link",
                                "url": "https:\/\/www.reddit.com\/r\/Terraform\/comments\/qjtsiv\/data_source_aws_ami_filter_terraform_version_1010\/",
                                "text": "data source aws_ami filter terraform version 1.0.10 error"
                            },
                            {
                                "type": "text",
                                "text": "\nI'm trying to dynamically lookup the latest ami using the code below: data \"aws_ami\" \"latest-amazon-linux-image\" {\nmost_recent = true\nowners = [\"amazon\"]\nfilter = {\nname = \"name\"\nvalues = [\"Amazon Linux 2-*-Type\"]\n} The debug output: Error: Unsupported argument on "
                            },
                            {
                                "type": "link",
                                "url": "https:\/\/main.tf\/",
                                "text": "main.tf"
                            },
                            {
                                "type": "text",
                                "text": " line 88, in data \"aws_ami\" \"latest-amazon-linux-image\""
                            },
                            {
                                "type": "emoji",
                                "name": "88"
                            },
                            {
                                "type": "text",
                                "text": "  filter = { An argument named \"filter\" is not expected here. Did you mean to define a block of type \"filter\"? I thought filter was..."
                            }
                        ]
                    }
                ]
            }
        ],
        "attachments": [
            {
                "fallback": "reddit: data source aws_ami filter terraform version 1.0.10 error",
                "from_url": "https:\/\/www.reddit.com\/r\/Terraform\/comments\/qjtsiv\/data_source_aws_ami_filter_terraform_version_1010\/",
                "service_name": "reddit",
                "service_icon": "http:\/\/www.redditstatic.com\/desktop2x\/img\/favicon\/apple-icon-57x57.png",
                "title": "data source aws_ami filter terraform version 1.0.10 error",
                "title_link": "https:\/\/www.reddit.com\/r\/Terraform\/comments\/qjtsiv\/data_source_aws_ami_filter_terraform_version_1010\/",
                "thumb_url": "https:\/\/www.redditstatic.com\/new-icon.png",
                "thumb_width": 256,
                "thumb_height": 256,
                "text": "I'm trying to dynamically lookup the latest ami using the code below: `data \"aws_ami\" \"latest-amazon-linux-image\" {` `most_recent = true` ...",
                "id": 1,
                "original_url": "https:\/\/www.reddit.com\/r\/Terraform\/comments\/qjtsiv\/data_source_aws_ami_filter_terraform_version_1010\/"
            }
        ],
        "edited": {
            "user": "BG3N7LG73",
            "ts": "1635700597.000000"
        }
    },
    {
        "type": "message",
        "subtype": "bot_message",
        "text": "<https:\/\/www.reddit.com\/r\/Terraform\/comments\/qjtpoe\/tf_invalid_index_error\/|TF invalid index error>\nresource \"aws_subnet\" \"private\" { vpc_id = aws_vpc.mod.id cidr_block = var.cidr_subnet_private[count.index] availability_zone = var.azs[count.index] count = length(var.cidr_subnet_private) tags = { Name = \"msi${var.environment}pvt${var.azs[count.index]}\" } } Error: Invalid index │ │ on modules\\tf-vpc\\<https:\/\/main.tf\/|main.tf> line 129, in resource \"aws_subnet\" \"private\": │ 129: availability_zone = var.azs[count.index] │ ├──────────────── │ │ count.index is 3 │ │ var.azs is list...",
        "ts": "1635700597.017300",
        "username": "Terraform",
        "icons": {
            "image_48": "https:\/\/s3-us-west-2.amazonaws.com\/slack-files2\/bot_icons\/2019-02-12\/548785199618_48.png"
        },
        "bot_id": "BG3N7LG73",
        "blocks": [
            {
                "type": "rich_text",
                "block_id": "Xx0b",
                "elements": [
                    {
                        "type": "rich_text_section",
                        "elements": [
                            {
                                "type": "link",
                                "url": "https:\/\/www.reddit.com\/r\/Terraform\/comments\/qjtpoe\/tf_invalid_index_error\/",
                                "text": "TF invalid index error"
                            },
                            {
                                "type": "text",
                                "text": "\nresource \"aws_subnet\" \"private\" { vpc_id = aws_vpc.mod.id cidr_block = var.cidr_subnet_private[count.index] availability_zone = var.azs[count.index] count = length(var.cidr_subnet_private) tags = { Name = \"msi${var.environment}pvt${var.azs[count.index]}\" } } Error: Invalid index │ │ on modules\\tf-vpc\\"
                            },
                            {
                                "type": "link",
                                "url": "https:\/\/main.tf\/",
                                "text": "main.tf"
                            },
                            {
                                "type": "text",
                                "text": " line 129, in resource \"aws_subnet\" \"private\": │ 129: availability_zone = var.azs[count.index] │ ├──────────────── │ │ count.index is 3 │ │ var.azs is list..."
                            }
                        ]
                    }
                ]
            }
        ],
        "attachments": [
            {
                "fallback": "reddit: TF invalid index error",
                "from_url": "https:\/\/www.reddit.com\/r\/Terraform\/comments\/qjtpoe\/tf_invalid_index_error\/",
                "service_name": "reddit",
                "service_icon": "http:\/\/www.redditstatic.com\/desktop2x\/img\/favicon\/apple-icon-57x57.png",
                "title": "TF invalid index error",
                "title_link": "https:\/\/www.reddit.com\/r\/Terraform\/comments\/qjtpoe\/tf_invalid_index_error\/",
                "thumb_url": "https:\/\/www.redditstatic.com\/new-icon.png",
                "thumb_width": 256,
                "thumb_height": 256,
                "text": "resource \"aws\\_subnet\" \"private\" { vpc\\_id = aws\\_vpc.mod.id cidr\\_block = var.cidr\\_subnet\\_private\\[count.index\\] ...",
                "id": 1,
                "original_url": "https:\/\/www.reddit.com\/r\/Terraform\/comments\/qjtpoe\/tf_invalid_index_error\/"
            }
        ],
        "edited": {
            "user": "BG3N7LG73",
            "ts": "1635700597.000000"
        }
    },
    {
        "type": "message",
        "subtype": "bot_message",
        "text": "<https:\/\/www.reddit.com\/r\/Terraform\/comments\/qjxpcj\/aws_lambda_module_command_pythonexe_produced\/|AWS Lambda module: command 'python.exe' produced invalid JSON>\nI am building an AWS Lambda Layer using the <https:\/\/registry.terraform.io\/modules\/terraform-aws-modules\/lambda\/aws\/latest|AWS Lambda Terraform module> by <https:\/\/registry.terraform.io\/namespaces\/antonbabenko|antonbabenko>. My module definition looks like this: module \"aws_lambda\" {source = \"terraform-aws-modules\/lambda\/aws\"version = \"~&gt; 2.0\"create_function = falsecreate_layer = truelayer_name = join(\"_\", [local.app_name, \"test_lambdabaselayer\"])description = \"Low...",
        "ts": "1635711399.017600",
        "username": "Terraform",
        "icons": {
            "image_48": "https:\/\/s3-us-west-2.amazonaws.com\/slack-files2\/bot_icons\/2019-02-12\/548785199618_48.png"
        },
        "bot_id": "BG3N7LG73",
        "blocks": [
            {
                "type": "rich_text",
                "block_id": "XerUj",
                "elements": [
                    {
                        "type": "rich_text_section",
                        "elements": [
                            {
                                "type": "link",
                                "url": "https:\/\/www.reddit.com\/r\/Terraform\/comments\/qjxpcj\/aws_lambda_module_command_pythonexe_produced\/",
                                "text": "AWS Lambda module: command 'python.exe' produced invalid JSON",
                                "unsafe": true
                            },
                            {
                                "type": "text",
                                "text": "\nI am building an AWS Lambda Layer using the "
                            },
                            {
                                "type": "link",
                                "url": "https:\/\/registry.terraform.io\/modules\/terraform-aws-modules\/lambda\/aws\/latest",
                                "text": "AWS Lambda Terraform module"
                            },
                            {
                                "type": "text",
                                "text": " by "
                            },
                            {
                                "type": "link",
                                "url": "https:\/\/registry.terraform.io\/namespaces\/antonbabenko",
                                "text": "antonbabenko"
                            },
                            {
                                "type": "text",
                                "text": ". My module definition looks like this: module \"aws_lambda\" {source = \"terraform-aws-modules\/lambda\/aws\"version = \"~> 2.0\"create_function = falsecreate_layer = truelayer_name = join(\"_\", [local.app_name, \"test_lambdabaselayer\"])description = \"Low..."
                            }
                        ]
                    }
                ]
            }
        ],
        "attachments": [
            {
                "service_name": "reddit",
                "title": "AWS Lambda module: command 'python.exe' produced invalid JSON",
                "title_link": "https:\/\/www.reddit.com\/r\/Terraform\/comments\/qjxpcj\/aws_lambda_module_command_pythonexe_produced\/",
                "text": "I am building an AWS Lambda Layer using the [AWS Lambda Terraform...",
                "fallback": "reddit: AWS Lambda module: command 'python.exe' produced invalid JSON",
                "thumb_url": "https:\/\/www.redditstatic.com\/new-icon.png",
                "from_url": "https:\/\/www.reddit.com\/r\/Terraform\/comments\/qjxpcj\/aws_lambda_module_command_pythonexe_produced\/",
                "thumb_width": 256,
                "thumb_height": 256,
                "service_icon": "http:\/\/www.redditstatic.com\/desktop2x\/img\/favicon\/apple-icon-57x57.png",
                "id": 1,
                "original_url": "https:\/\/www.reddit.com\/r\/Terraform\/comments\/qjxpcj\/aws_lambda_module_command_pythonexe_produced\/"
            }
        ],
        "edited": {
            "user": "BG3N7LG73",
            "ts": "1635711399.000000"
        }
    },
    {
        "type": "message",
        "subtype": "bot_message",
        "text": "<https:\/\/www.reddit.com\/r\/Terraform\/comments\/qjyr6g\/vcs_tags_and_terraform_enterprise\/|VCS Tags and Terraform Enterprise?>\nI've linked my GitHub repo to the Version Control settings in Terraform Enterprise. Since I have multiple workspaces linked to this repo, I don't want to link a branch, I want to link a Tag. Is this possible?    submitted by   <https:\/\/www.reddit.com\/user\/r6_bradley| \/u\/r6_bradley > \n<https:\/\/www.reddit.com\/r\/Terraform\/comments\/qjyr6g\/vcs_tags_and_terraform_enterprise\/|[link]>   &lt;a...",
        "ts": "1635714394.017800",
        "username": "Terraform",
        "icons": {
            "image_48": "https:\/\/s3-us-west-2.amazonaws.com\/slack-files2\/bot_icons\/2019-02-12\/548785199618_48.png"
        },
        "bot_id": "BG3N7LG73",
        "blocks": [
            {
                "type": "rich_text",
                "block_id": "0mL",
                "elements": [
                    {
                        "type": "rich_text_section",
                        "elements": [
                            {
                                "type": "link",
                                "url": "https:\/\/www.reddit.com\/r\/Terraform\/comments\/qjyr6g\/vcs_tags_and_terraform_enterprise\/",
                                "text": "VCS Tags and Terraform Enterprise?"
                            },
                            {
                                "type": "text",
                                "text": "\nI've linked my GitHub repo to the Version Control settings in Terraform Enterprise. Since I have multiple workspaces linked to this repo, I don't want to link a branch, I want to link a Tag. Is this possible?    submitted by   "
                            },
                            {
                                "type": "link",
                                "url": "https:\/\/www.reddit.com\/user\/r6_bradley",
                                "text": "\/u\/r6_bradley"
                            },
                            {
                                "type": "text",
                                "text": " \n"
                            },
                            {
                                "type": "link",
                                "url": "https:\/\/www.reddit.com\/r\/Terraform\/comments\/qjyr6g\/vcs_tags_and_terraform_enterprise\/",
                                "text": "[link]"
                            },
                            {
                                "type": "text",
                                "text": "   <a..."
                            }
                        ]
                    }
                ]
            }
        ],
        "attachments": [
            {
                "service_name": "reddit",
                "title": "VCS Tags and Terraform Enterprise?",
                "title_link": "https:\/\/www.reddit.com\/r\/Terraform\/comments\/qjyr6g\/vcs_tags_and_terraform_enterprise\/",
                "text": "I've linked my GitHub repo to the Version Control settings in Terraform Enterprise. Since I have multiple workspaces linked to this repo, I don't...",
                "fallback": "reddit: VCS Tags and Terraform Enterprise?",
                "thumb_url": "https:\/\/www.redditstatic.com\/new-icon.png",
                "from_url": "https:\/\/www.reddit.com\/r\/Terraform\/comments\/qjyr6g\/vcs_tags_and_terraform_enterprise\/",
                "thumb_width": 256,
                "thumb_height": 256,
                "service_icon": "http:\/\/www.redditstatic.com\/desktop2x\/img\/favicon\/apple-icon-57x57.png",
                "id": 1,
                "original_url": "https:\/\/www.reddit.com\/r\/Terraform\/comments\/qjyr6g\/vcs_tags_and_terraform_enterprise\/"
            },
            {
                "title": "overview for r6_bradley",
                "title_link": "https:\/\/www.reddit.com\/user\/r6_bradley",
                "text": "The u\/r6_bradley community on Reddit. Reddit gives you the best of the internet in one place.",
                "fallback": "overview for r6_bradley",
                "from_url": "https:\/\/www.reddit.com\/user\/r6_bradley",
                "service_icon": "http:\/\/www.redditstatic.com\/desktop2x\/img\/favicon\/apple-icon-57x57.png",
                "service_name": "reddit.com",
                "id": 2,
                "original_url": "https:\/\/www.reddit.com\/user\/r6_bradley"
            }
        ],
        "edited": {
            "user": "BG3N7LG73",
            "ts": "1635714394.000000"
        }
    },
    {
        "type": "message",
        "subtype": "bot_message",
        "text": "<https:\/\/www.reddit.com\/r\/Terraform\/comments\/qjywd0\/lets_encrypt_certs_with_terraform\/|Let’s encrypt Certs with Terraform>\n<https:\/\/medium.com\/@nicosingh\/lets-encrypt-certs-with-terraform-f870def3ce6d?source=friends_link&amp;sk=24f666e8c838c713db3e589fb428a261|This brief pos> describes how to use let’s encrypt to get production-ready free SSL certificates for websites, and avoid other expensive alternatives available on the market.    submitted by   <https:\/\/www.reddit.com\/user\/wineandcode| \/u\/wineandcode > \n&lt;a...",
        "ts": "1635715595.018000",
        "username": "Terraform",
        "icons": {
            "image_48": "https:\/\/s3-us-west-2.amazonaws.com\/slack-files2\/bot_icons\/2019-02-12\/548785199618_48.png"
        },
        "bot_id": "BG3N7LG73",
        "blocks": [
            {
                "type": "rich_text",
                "block_id": "yE0C",
                "elements": [
                    {
                        "type": "rich_text_section",
                        "elements": [
                            {
                                "type": "link",
                                "url": "https:\/\/www.reddit.com\/r\/Terraform\/comments\/qjywd0\/lets_encrypt_certs_with_terraform\/",
                                "text": "Let’s encrypt Certs with Terraform"
                            },
                            {
                                "type": "text",
                                "text": "\n"
                            },
                            {
                                "type": "link",
                                "url": "https:\/\/medium.com\/@nicosingh\/lets-encrypt-certs-with-terraform-f870def3ce6d?source=friends_link&amp;sk=24f666e8c838c713db3e589fb428a261",
                                "text": "This brief pos"
                            },
                            {
                                "type": "text",
                                "text": " describes how to use let’s encrypt to get production-ready free SSL certificates for websites, and avoid other expensive alternatives available on the market.    submitted by   "
                            },
                            {
                                "type": "link",
                                "url": "https:\/\/www.reddit.com\/user\/wineandcode",
                                "text": "\/u\/wineandcode"
                            },
                            {
                                "type": "text",
                                "text": " \n<a..."
                            }
                        ]
                    }
                ]
            }
        ],
        "attachments": [
            {
                "fallback": "reddit: Let’s encrypt Certs with Terraform",
                "from_url": "https:\/\/www.reddit.com\/r\/Terraform\/comments\/qjywd0\/lets_encrypt_certs_with_terraform\/",
                "service_name": "reddit",
                "service_icon": "http:\/\/www.redditstatic.com\/desktop2x\/img\/favicon\/apple-icon-57x57.png",
                "title": "Let’s encrypt Certs with Terraform",
                "title_link": "https:\/\/www.reddit.com\/r\/Terraform\/comments\/qjywd0\/lets_encrypt_certs_with_terraform\/",
                "thumb_url": "https:\/\/www.redditstatic.com\/new-icon.png",
                "thumb_width": 256,
                "thumb_height": 256,
                "text": "[This brief...",
                "id": 1,
                "original_url": "https:\/\/www.reddit.com\/r\/Terraform\/comments\/qjywd0\/lets_encrypt_certs_with_terraform\/"
            },
            {
                "fallback": "Medium: Let’s encrypt Certs with Terraform",
                "image_url": "https:\/\/miro.medium.com\/max\/1200\/1*AigFRqUBj3Ko0-kqib3YWg.png",
                "image_width": 539,
                "image_height": 250,
                "image_bytes": 880240,
                "from_url": "https:\/\/medium.com\/@nicosingh\/lets-encrypt-certs-with-terraform-f870def3ce6d?source=friends_link&sk=24f666e8c838c713db3e589fb428a261",
                "service_name": "Medium",
                "service_icon": "https:\/\/miro.medium.com\/fit\/c\/152\/152\/1*sHhtYhaCe2Uc3IU0IgKwIQ.png",
                "title": "Let’s encrypt Certs with Terraform",
                "title_link": "https:\/\/medium.com\/@nicosingh\/lets-encrypt-certs-with-terraform-f870def3ce6d?source=friends_link&sk=24f666e8c838c713db3e589fb428a261",
                "text": "Free, safe &amp; automated storage of SSL certificates",
                "fields": [
                    {
                        "title": "Reading time",
                        "value": "4 min read",
                        "short": true
                    }
                ],
                "ts": 1635432087,
                "id": 2,
                "original_url": "https:\/\/medium.com\/@nicosingh\/lets-encrypt-certs-with-terraform-f870def3ce6d?source=friends_link&amp;sk=24f666e8c838c713db3e589fb428a261"
            },
            {
                "fallback": "overview for wineandcode",
                "from_url": "https:\/\/www.reddit.com\/user\/wineandcode",
                "service_name": "reddit.com",
                "service_icon": "http:\/\/www.redditstatic.com\/desktop2x\/img\/favicon\/apple-icon-57x57.png",
                "title": "overview for wineandcode",
                "title_link": "https:\/\/www.reddit.com\/user\/wineandcode",
                "text": "The u\/wineandcode community on Reddit. Reddit gives you the best of the internet in one place.",
                "id": 3,
                "original_url": "https:\/\/www.reddit.com\/user\/wineandcode"
            }
        ],
        "edited": {
            "user": "BG3N7LG73",
            "ts": "1635715595.000000"
        }
    },
    {
        "type": "message",
        "subtype": "bot_message",
        "text": "<https:\/\/www.reddit.com\/r\/Terraform\/comments\/qk5p1m\/terraform_wants_to_remove_azure_key_vault_access\/|Terraform wants to remove Azure Key Vault access policies that were created by Terraform?>\nHi all. I’m using Terraform Cloud and myy script creates several Azure key vaults and also creates access policies to those key vaults for my App Services. For example: In module key-vault: resource \"azurerm_key_vault\" \"kv\" { name = var.kv_name resource_group_name = var.rg_name location = var.location enabled_for_disk_encryption = var.enabled_for_disk_encryption purge_protection_enabled = var.purge_protection sku_name = var.sku_name soft_delete_retention_days = var.soft_delete_retention_days...",
        "ts": "1635738394.018200",
        "username": "Terraform",
        "icons": {
            "image_48": "https:\/\/s3-us-west-2.amazonaws.com\/slack-files2\/bot_icons\/2019-02-12\/548785199618_48.png"
        },
        "bot_id": "BG3N7LG73",
        "blocks": [
            {
                "type": "rich_text",
                "block_id": "HYeJ",
                "elements": [
                    {
                        "type": "rich_text_section",
                        "elements": [
                            {
                                "type": "link",
                                "url": "https:\/\/www.reddit.com\/r\/Terraform\/comments\/qk5p1m\/terraform_wants_to_remove_azure_key_vault_access\/",
                                "text": "Terraform wants to remove Azure Key Vault access policies that were created by Terraform?"
                            },
                            {
                                "type": "text",
                                "text": "\nHi all. I’m using Terraform Cloud and myy script creates several Azure key vaults and also creates access policies to those key vaults for my App Services. For example: In module key-vault: resource \"azurerm_key_vault\" \"kv\" { name = var.kv_name resource_group_name = var.rg_name location = var.location enabled_for_disk_encryption = var.enabled_for_disk_encryption purge_protection_enabled = var.purge_protection sku_name = var.sku_name soft_delete_retention_days = var.soft_delete_retention_days..."
                            }
                        ]
                    }
                ]
            }
        ],
        "attachments": [
            {
                "service_name": "reddit",
                "title": "Terraform wants to remove Azure Key Vault access policies that were created by Terraform?",
                "title_link": "https:\/\/www.reddit.com\/r\/Terraform\/comments\/qk5p1m\/terraform_wants_to_remove_azure_key_vault_access\/",
                "text": "Hi all. I’m using Terraform Cloud and myy script creates several Azure key vaults and also creates access policies to those key vaults for my App...",
                "fallback": "reddit: Terraform wants to remove Azure Key Vault access policies that were created by Terraform?",
                "thumb_url": "https:\/\/www.redditstatic.com\/new-icon.png",
                "from_url": "https:\/\/www.reddit.com\/r\/Terraform\/comments\/qk5p1m\/terraform_wants_to_remove_azure_key_vault_access\/",
                "thumb_width": 256,
                "thumb_height": 256,
                "service_icon": "http:\/\/www.redditstatic.com\/desktop2x\/img\/favicon\/apple-icon-57x57.png",
                "id": 1,
                "original_url": "https:\/\/www.reddit.com\/r\/Terraform\/comments\/qk5p1m\/terraform_wants_to_remove_azure_key_vault_access\/"
            }
        ],
        "edited": {
            "user": "BG3N7LG73",
            "ts": "1635738394.000000"
        }
    },
    {
        "type": "message",
        "subtype": "bot_message",
        "text": "<https:\/\/www.reddit.com\/r\/Terraform\/comments\/qk70qb\/terraform_plan_results_notifications_through\/|terraform plan results notifications through emails>\nGuys, is there a way to get the terraform plan results add and destroy through an email to review them and approve?    submitted by   <https:\/\/www.reddit.com\/user\/sunilnagavelli| \/u\/sunilnagavelli > \n<https:\/\/www.reddit.com\/r\/Terraform\/comments\/qk70qb\/terraform_plan_results_notifications_through\/|[link]>   <https:\/\/www.reddit.com\/r\/Terraform\/comments\/qk70qb\/terraform_plan_results_notifications_through\/|[comments]>",
        "ts": "1635744399.018400",
        "username": "Terraform",
        "icons": {
            "image_48": "https:\/\/s3-us-west-2.amazonaws.com\/slack-files2\/bot_icons\/2019-02-12\/548785199618_48.png"
        },
        "bot_id": "BG3N7LG73",
        "blocks": [
            {
                "type": "rich_text",
                "block_id": "XbF8",
                "elements": [
                    {
                        "type": "rich_text_section",
                        "elements": [
                            {
                                "type": "link",
                                "url": "https:\/\/www.reddit.com\/r\/Terraform\/comments\/qk70qb\/terraform_plan_results_notifications_through\/",
                                "text": "terraform plan results notifications through emails"
                            },
                            {
                                "type": "text",
                                "text": "\nGuys, is there a way to get the terraform plan results add and destroy through an email to review them and approve?    submitted by   "
                            },
                            {
                                "type": "link",
                                "url": "https:\/\/www.reddit.com\/user\/sunilnagavelli",
                                "text": "\/u\/sunilnagavelli"
                            },
                            {
                                "type": "text",
                                "text": " \n"
                            },
                            {
                                "type": "link",
                                "url": "https:\/\/www.reddit.com\/r\/Terraform\/comments\/qk70qb\/terraform_plan_results_notifications_through\/",
                                "text": "[link]"
                            },
                            {
                                "type": "text",
                                "text": "   "
                            },
                            {
                                "type": "link",
                                "url": "https:\/\/www.reddit.com\/r\/Terraform\/comments\/qk70qb\/terraform_plan_results_notifications_through\/",
                                "text": "[comments]"
                            }
                        ]
                    }
                ]
            }
        ],
        "attachments": [
            {
                "fallback": "reddit: terraform plan results notifications through emails",
                "from_url": "https:\/\/www.reddit.com\/r\/Terraform\/comments\/qk70qb\/terraform_plan_results_notifications_through\/",
                "service_name": "reddit",
                "service_icon": "http:\/\/www.redditstatic.com\/desktop2x\/img\/favicon\/apple-icon-57x57.png",
                "title": "terraform plan results notifications through emails",
                "title_link": "https:\/\/www.reddit.com\/r\/Terraform\/comments\/qk70qb\/terraform_plan_results_notifications_through\/",
                "thumb_url": "https:\/\/www.redditstatic.com\/new-icon.png",
                "thumb_width": 256,
                "thumb_height": 256,
                "text": "Guys, is there a way to get the terraform plan results add and destroy through an email to review them and approve?",
                "id": 1,
                "original_url": "https:\/\/www.reddit.com\/r\/Terraform\/comments\/qk70qb\/terraform_plan_results_notifications_through\/"
            },
            {
                "fallback": "overview for sunilnagavelli",
                "from_url": "https:\/\/www.reddit.com\/user\/sunilnagavelli",
                "service_name": "reddit.com",
                "service_icon": "http:\/\/www.redditstatic.com\/desktop2x\/img\/favicon\/apple-icon-57x57.png",
                "title": "overview for sunilnagavelli",
                "title_link": "https:\/\/www.reddit.com\/user\/sunilnagavelli",
                "text": "If it's still 'on' your mind, It's worth taking the risk.",
                "id": 2,
                "original_url": "https:\/\/www.reddit.com\/user\/sunilnagavelli"
            }
        ],
        "edited": {
            "user": "BG3N7LG73",
            "ts": "1635744399.000000"
        }
    }
]