[
    {
        "type": "message",
        "subtype": "bot_message",
        "text": "<https:\/\/teratail.com\/questions\/369978?rss=all|時刻が過去の日付でセットされてしまう>\nterraformで現在時刻を設定して所定の箇所にセットしようとしています｡  \nresource \"time_static\" \"set_start_time\" {\n}\n\nresource \"google_bigquery_data_transfer_config\" \"data_transfer_config\" {\n  location               = var.gcp_region\n  data_source_id         = \"google_cloud_storage\"\n  destination_dataset_id = format(\"%s_%s\", var.dataset_id, var.env)\n  project                = var.gcp_project\n  schedule               = \"every 60 minutes\"\n  schedule_options {\n    disable_auto_scheduling = false\n    ...\n\n&lt;a...",
        "ts": "1637235826.042700",
        "username": "[Terraform]の新着質問一覧｜teratail（テラテイル）",
        "icons": {
            "image_36": "https:\/\/a.slack-edge.com\/80588\/img\/services\/rss_36.png",
            "image_48": "https:\/\/a.slack-edge.com\/80588\/img\/services\/rss_48.png",
            "image_72": "https:\/\/a.slack-edge.com\/80588\/img\/services\/rss_72.png"
        },
        "bot_id": "BG3N7LG73",
        "blocks": [
            {
                "type": "rich_text",
                "block_id": "9JZY",
                "elements": [
                    {
                        "type": "rich_text_section",
                        "elements": [
                            {
                                "type": "link",
                                "url": "https:\/\/teratail.com\/questions\/369978?rss=all",
                                "text": "時刻が過去の日付でセットされてしまう"
                            },
                            {
                                "type": "text",
                                "text": "\nterraformで現在時刻を設定して所定の箇所にセットしようとしています｡  \nresource \"time_static\" \"set_start_time\" {\n}\n\nresource \"google_bigquery_data_transfer_config\" \"data_transfer_config\" {\n  location               = var.gcp_region\n  data_source_id         = \"google_cloud_storage\"\n  destination_dataset_id = format(\"%s_%s\", var.dataset_id, var.env)\n  project                = var.gcp_project\n  schedule               = \"every 60 minutes\"\n  schedule_options {\n    disable_auto_scheduling = false\n    ...\n\n<a..."
                            }
                        ]
                    }
                ]
            }
        ],
        "attachments": [
            {
                "from_url": "https:\/\/teratail.com\/questions\/369978?rss=all",
                "service_name": "teratail[テラテイル]",
                "title": "時刻が過去の日付でセットされてしまう｜teratail",
                "title_link": "https:\/\/teratail.com\/questions\/369978?rss=all",
                "text": "terraformで現在時刻を設定して所定の箇所にセットしようとしています｡ resource \"time_static\" \"set_start_time\" {}resource \"google_bigquery_data_transfer_config\" \"data_transfer_confi",
                "thumb_url": "https:\/\/teratail.com\/img\/imgFacebookShare.png",
                "thumb_width": 1200,
                "thumb_height": 630,
                "fallback": "teratail[テラテイル]: 時刻が過去の日付でセットされてしまう｜teratail",
                "service_icon": "https:\/\/teratail.com\/img\/favicon\/apple-touch-icon-72x72-precomposed.png",
                "id": 1,
                "original_url": "https:\/\/teratail.com\/questions\/369978?rss=all"
            }
        ],
        "edited": {
            "user": "BG3N7LG73",
            "ts": "1637235826.000000"
        }
    },
    {
        "type": "message",
        "subtype": "bot_message",
        "text": "<https:\/\/www.reddit.com\/r\/Terraform\/comments\/qwof1k\/how_to_delete_route53_list_of_records_using\/|How to delete route53 list of records using terraform for example if i have 100 records i want get rid of say 60 that i donot need . My clean script also doesnt allow me to delete more then one. Please suggest.>\nsubmitted by   <https:\/\/www.reddit.com\/user\/Str1k3r96| \/u\/Str1k3r96 > \n<https:\/\/i.redd.it\/ul68fmx8ic081.jpg|[link]>   <https:\/\/www.reddit.com\/r\/Terraform\/comments\/qwof1k\/how_to_delete_route53_list_of_records_using\/|[comments]>",
        "ts": "1637238394.042900",
        "username": "Terraform",
        "icons": {
            "image_48": "https:\/\/s3-us-west-2.amazonaws.com\/slack-files2\/bot_icons\/2019-02-12\/548785199618_48.png"
        },
        "bot_id": "BG3N7LG73",
        "blocks": [
            {
                "type": "rich_text",
                "block_id": "J5BEB",
                "elements": [
                    {
                        "type": "rich_text_section",
                        "elements": [
                            {
                                "type": "link",
                                "url": "https:\/\/www.reddit.com\/r\/Terraform\/comments\/qwof1k\/how_to_delete_route53_list_of_records_using\/",
                                "text": "How to delete route53 list of records using terraform for example if i have 100 records i want get rid of say 60 that i donot need . My clean script also doesnt allow me to delete more then one. Please suggest."
                            },
                            {
                                "type": "text",
                                "text": "\nsubmitted by   "
                            },
                            {
                                "type": "link",
                                "url": "https:\/\/www.reddit.com\/user\/Str1k3r96",
                                "text": "\/u\/Str1k3r96"
                            },
                            {
                                "type": "text",
                                "text": " \n"
                            },
                            {
                                "type": "link",
                                "url": "https:\/\/i.redd.it\/ul68fmx8ic081.jpg",
                                "text": "[link]"
                            },
                            {
                                "type": "text",
                                "text": "   "
                            },
                            {
                                "type": "link",
                                "url": "https:\/\/www.reddit.com\/r\/Terraform\/comments\/qwof1k\/how_to_delete_route53_list_of_records_using\/",
                                "text": "[comments]"
                            }
                        ]
                    }
                ]
            }
        ],
        "attachments": [
            {
                "from_url": "https:\/\/www.reddit.com\/r\/Terraform\/comments\/qwof1k\/how_to_delete_route53_list_of_records_using\/",
                "service_name": "reddit",
                "title": "How to delete route53 list of records using terraform for example if i have 100 records i want get rid of say 60 that i donot need . My clean script also doesnt allow me to delete more then one. Please suggest.",
                "title_link": "https:\/\/www.reddit.com\/r\/Terraform\/comments\/qwof1k\/how_to_delete_route53_list_of_records_using\/",
                "text": "Posted in r\/Terraform by u\/Str1k3r96 • 1 point and 0 comments",
                "thumb_url": "https:\/\/b.thumbs.redditmedia.com\/D98Y0KbTuLois5M6c2ydMrKDZPcCl3sr5p6lBQSL5wY.jpg",
                "thumb_width": 140,
                "thumb_height": 140,
                "fallback": "reddit: How to delete route53 list of records using terraform for example if i have 100 records i want get rid of say 60 that i donot need . My clean script also doesnt allow me to delete more then one. Please suggest.",
                "service_icon": "http:\/\/www.redditstatic.com\/desktop2x\/img\/favicon\/apple-icon-57x57.png",
                "id": 1,
                "original_url": "https:\/\/www.reddit.com\/r\/Terraform\/comments\/qwof1k\/how_to_delete_route53_list_of_records_using\/"
            },
            {
                "from_url": "https:\/\/www.reddit.com\/user\/Str1k3r96",
                "title": "overview for Str1k3r96",
                "title_link": "https:\/\/www.reddit.com\/user\/Str1k3r96",
                "text": "The u\/Str1k3r96 community on Reddit. Reddit gives you the best of the internet in one place.",
                "fallback": "overview for Str1k3r96",
                "service_icon": "http:\/\/www.redditstatic.com\/desktop2x\/img\/favicon\/apple-icon-57x57.png",
                "service_name": "reddit.com",
                "id": 2,
                "original_url": "https:\/\/www.reddit.com\/user\/Str1k3r96"
            },
            {
                "fallback": "3024x4032px image",
                "image_url": "https:\/\/i.redd.it\/ul68fmx8ic081.jpg",
                "image_width": 3024,
                "image_height": 4032,
                "image_bytes": 1911620,
                "from_url": "https:\/\/i.redd.it\/ul68fmx8ic081.jpg",
                "id": 3,
                "original_url": "https:\/\/i.redd.it\/ul68fmx8ic081.jpg"
            }
        ],
        "edited": {
            "user": "BG3N7LG73",
            "ts": "1637238394.000000"
        }
    },
    {
        "type": "message",
        "subtype": "bot_message",
        "text": "<https:\/\/www.reddit.com\/r\/Terraform\/comments\/qwpn4h\/heres_how_to_use_the_new_terraform_aws_kms\/|Here’s how to use the new Terraform AWS KMS multi-region keys resource.>\nsubmitted by   <https:\/\/www.reddit.com\/user\/Waleed-Engineer| \/u\/Waleed-Engineer > \n<https:\/\/cloudly.engineer\/2021\/terraform-aws-kms-multi-region-keys\/aws\/|[link]>   <https:\/\/www.reddit.com\/r\/Terraform\/comments\/qwpn4h\/heres_how_to_use_the_new_terraform_aws_kms\/|[comments]>",
        "ts": "1637242593.043100",
        "username": "Terraform",
        "icons": {
            "image_48": "https:\/\/s3-us-west-2.amazonaws.com\/slack-files2\/bot_icons\/2019-02-12\/548785199618_48.png"
        },
        "bot_id": "BG3N7LG73",
        "blocks": [
            {
                "type": "rich_text",
                "block_id": "IS+Sk",
                "elements": [
                    {
                        "type": "rich_text_section",
                        "elements": [
                            {
                                "type": "link",
                                "url": "https:\/\/www.reddit.com\/r\/Terraform\/comments\/qwpn4h\/heres_how_to_use_the_new_terraform_aws_kms\/",
                                "text": "Here’s how to use the new Terraform AWS KMS multi-region keys resource."
                            },
                            {
                                "type": "text",
                                "text": "\nsubmitted by   "
                            },
                            {
                                "type": "link",
                                "url": "https:\/\/www.reddit.com\/user\/Waleed-Engineer",
                                "text": "\/u\/Waleed-Engineer"
                            },
                            {
                                "type": "text",
                                "text": " \n"
                            },
                            {
                                "type": "link",
                                "url": "https:\/\/cloudly.engineer\/2021\/terraform-aws-kms-multi-region-keys\/aws\/",
                                "text": "[link]"
                            },
                            {
                                "type": "text",
                                "text": "   "
                            },
                            {
                                "type": "link",
                                "url": "https:\/\/www.reddit.com\/r\/Terraform\/comments\/qwpn4h\/heres_how_to_use_the_new_terraform_aws_kms\/",
                                "text": "[comments]"
                            }
                        ]
                    }
                ]
            }
        ],
        "attachments": [
            {
                "from_url": "https:\/\/www.reddit.com\/r\/Terraform\/comments\/qwpn4h\/heres_how_to_use_the_new_terraform_aws_kms\/",
                "service_name": "reddit",
                "title": "Here’s how to use the new Terraform AWS KMS multi-region keys resource.",
                "title_link": "https:\/\/www.reddit.com\/r\/Terraform\/comments\/qwpn4h\/heres_how_to_use_the_new_terraform_aws_kms\/",
                "text": "Posted in r\/Terraform by u\/Waleed-Engineer • 1 point and 0 comments",
                "thumb_url": "https:\/\/b.thumbs.redditmedia.com\/nz4lLxQZe_hm09o86JPM0oaKETvAam8bHNXntYI1RME.jpg",
                "thumb_width": 140,
                "thumb_height": 93,
                "fallback": "reddit: Here’s how to use the new Terraform AWS KMS multi-region keys resource.",
                "service_icon": "http:\/\/www.redditstatic.com\/desktop2x\/img\/favicon\/apple-icon-57x57.png",
                "id": 1,
                "original_url": "https:\/\/www.reddit.com\/r\/Terraform\/comments\/qwpn4h\/heres_how_to_use_the_new_terraform_aws_kms\/"
            },
            {
                "from_url": "https:\/\/www.reddit.com\/user\/Waleed-Engineer",
                "title": "overview for Waleed-Engineer",
                "title_link": "https:\/\/www.reddit.com\/user\/Waleed-Engineer",
                "text": "Do great things, simple!.",
                "fallback": "overview for Waleed-Engineer",
                "service_icon": "http:\/\/www.redditstatic.com\/desktop2x\/img\/favicon\/apple-icon-57x57.png",
                "service_name": "reddit.com",
                "id": 2,
                "original_url": "https:\/\/www.reddit.com\/user\/Waleed-Engineer"
            },
            {
                "fallback": "The Cloudly Engineer: Terraform AWS KMS Multi-Region Keys - The Cloudly Engineer",
                "image_url": "https:\/\/i1.wp.com\/cloudly.engineer\/wp-content\/uploads\/2021\/11\/pexels-photo-1447299.jpeg?fit=1880%2C1253&ssl=1",
                "image_width": 375,
                "image_height": 250,
                "image_bytes": 76309,
                "from_url": "https:\/\/cloudly.engineer\/2021\/terraform-aws-kms-multi-region-keys\/aws\/",
                "service_name": "The Cloudly Engineer",
                "service_icon": "https:\/\/i0.wp.com\/cloudly.engineer\/wp-content\/uploads\/2018\/11\/icons8-omnichannel-24.png?fit=24%2C24&amp;ssl=1",
                "title": "Terraform AWS KMS Multi-Region Keys - The Cloudly Engineer",
                "title_link": "https:\/\/cloudly.engineer\/2021\/terraform-aws-kms-multi-region-keys\/aws\/",
                "text": "Terraform AWS KMS Multi-Region Keys module creates a primary and replica key in two different AWS regions.",
                "fields": [
                    {
                        "title": "Written by",
                        "value": "Waleed S.",
                        "short": true
                    },
                    {
                        "title": "Est. reading time",
                        "value": "4 minutes",
                        "short": true
                    }
                ],
                "ts": 1636720963,
                "id": 3,
                "original_url": "https:\/\/cloudly.engineer\/2021\/terraform-aws-kms-multi-region-keys\/aws\/"
            }
        ],
        "edited": {
            "user": "BG3N7LG73",
            "ts": "1637242593.000000"
        }
    },
    {
        "type": "message",
        "subtype": "bot_message",
        "text": "<https:\/\/www.reddit.com\/r\/Terraform\/comments\/qwrd78\/terratest_testing_on_values_within_a_value\/|Terratest- testing on values within a value>\nHi all, I'm doing some quick unit tests in terratest based on obtaining a terraform plan (As I don't want to wait 20 + minutes waiting on the resource to spin up). I just wondered if anyone can help as i'm tripping up when it comes to testing a parameter within the actual parameter group I want to be able to for example take the parameter name of = 1204 and make sure the value is what we expect eg. 0. Has anyone done anything similar to this in the past? I've done integration testing by...",
        "ts": "1637247396.043300",
        "username": "Terraform",
        "icons": {
            "image_48": "https:\/\/s3-us-west-2.amazonaws.com\/slack-files2\/bot_icons\/2019-02-12\/548785199618_48.png"
        },
        "bot_id": "BG3N7LG73",
        "blocks": [
            {
                "type": "rich_text",
                "block_id": "8UB",
                "elements": [
                    {
                        "type": "rich_text_section",
                        "elements": [
                            {
                                "type": "link",
                                "url": "https:\/\/www.reddit.com\/r\/Terraform\/comments\/qwrd78\/terratest_testing_on_values_within_a_value\/",
                                "text": "Terratest- testing on values within a value"
                            },
                            {
                                "type": "text",
                                "text": "\nHi all, I'm doing some quick unit tests in terratest based on obtaining a terraform plan (As I don't want to wait 20 + minutes waiting on the resource to spin up). I just wondered if anyone can help as i'm tripping up when it comes to testing a parameter within the actual parameter group I want to be able to for example take the parameter name of = 1204 and make sure the value is what we expect eg. 0. Has anyone done anything similar to this in the past? I've done integration testing by..."
                            }
                        ]
                    }
                ]
            }
        ],
        "attachments": [
            {
                "from_url": "https:\/\/www.reddit.com\/r\/Terraform\/comments\/qwrd78\/terratest_testing_on_values_within_a_value\/",
                "service_name": "reddit",
                "title": "Terratest- testing on values within a value",
                "title_link": "https:\/\/www.reddit.com\/r\/Terraform\/comments\/qwrd78\/terratest_testing_on_values_within_a_value\/",
                "text": "Hi all, I'm doing some quick unit tests in terratest based on obtaining a terraform plan (As I don't want to wait 20 + minutes waiting on the...",
                "thumb_url": "https:\/\/www.redditstatic.com\/new-icon.png",
                "thumb_width": 256,
                "thumb_height": 256,
                "fallback": "reddit: Terratest- testing on values within a value",
                "service_icon": "http:\/\/www.redditstatic.com\/desktop2x\/img\/favicon\/apple-icon-57x57.png",
                "id": 1,
                "original_url": "https:\/\/www.reddit.com\/r\/Terraform\/comments\/qwrd78\/terratest_testing_on_values_within_a_value\/"
            }
        ],
        "edited": {
            "user": "BG3N7LG73",
            "ts": "1637247396.000000"
        }
    },
    {
        "type": "message",
        "subtype": "bot_message",
        "text": "<https:\/\/www.reddit.com\/r\/Terraform\/comments\/qwvqct\/storing_terraform_output_data_in_aws\/|Storing Terraform output data in AWS>\nI'm trying to find a way to store terraform output in AWS so that i can use that data with SaltStack.  Ideal solution would be to have my terraform output put onto and EFS share but terraform provides no native way of doing this so i was looking into using ParameterStore. Given the following for an example.  Have multiple modules laid out like the following: ├── rds │ ├── global.auto.tfvars │ ├── <http:\/\/db-instance2.tf|db-instance2.tf> │ ├── <http:\/\/db-instance1.tf|db-instance1.tf> │ ├── rds_handler │ │ └── <http:\/\/rds_handler.tf|rds_handler.tf> │ └── variables.tf...",
        "ts": "1637259394.043500",
        "username": "Terraform",
        "icons": {
            "image_48": "https:\/\/s3-us-west-2.amazonaws.com\/slack-files2\/bot_icons\/2019-02-12\/548785199618_48.png"
        },
        "bot_id": "BG3N7LG73",
        "blocks": [
            {
                "type": "rich_text",
                "block_id": "+HvT",
                "elements": [
                    {
                        "type": "rich_text_section",
                        "elements": [
                            {
                                "type": "link",
                                "url": "https:\/\/www.reddit.com\/r\/Terraform\/comments\/qwvqct\/storing_terraform_output_data_in_aws\/",
                                "text": "Storing Terraform output data in AWS"
                            },
                            {
                                "type": "text",
                                "text": "\nI'm trying to find a way to store terraform output in AWS so that i can use that data with SaltStack.  Ideal solution would be to have my terraform output put onto and EFS share but terraform provides no native way of doing this so i was looking into using ParameterStore. Given the following for an example.  Have multiple modules laid out like the following: ├── rds │ ├── global.auto.tfvars │ ├── "
                            },
                            {
                                "type": "link",
                                "url": "http:\/\/db-instance2.tf",
                                "text": "db-instance2.tf"
                            },
                            {
                                "type": "text",
                                "text": " │ ├── "
                            },
                            {
                                "type": "link",
                                "url": "http:\/\/db-instance1.tf",
                                "text": "db-instance1.tf"
                            },
                            {
                                "type": "text",
                                "text": " │ ├── rds_handler │ │ └── "
                            },
                            {
                                "type": "link",
                                "url": "http:\/\/rds_handler.tf",
                                "text": "rds_handler.tf"
                            },
                            {
                                "type": "text",
                                "text": " │ └── variables.tf..."
                            }
                        ]
                    }
                ]
            }
        ],
        "attachments": [
            {
                "from_url": "https:\/\/www.reddit.com\/r\/Terraform\/comments\/qwvqct\/storing_terraform_output_data_in_aws\/",
                "service_name": "reddit",
                "title": "Storing Terraform output data in AWS",
                "title_link": "https:\/\/www.reddit.com\/r\/Terraform\/comments\/qwvqct\/storing_terraform_output_data_in_aws\/",
                "text": "I'm trying to find a way to store terraform output in AWS so that i can use that data with SaltStack. Ideal solution would be to have my...",
                "thumb_url": "https:\/\/www.redditstatic.com\/new-icon.png",
                "thumb_width": 256,
                "thumb_height": 256,
                "fallback": "reddit: Storing Terraform output data in AWS",
                "service_icon": "http:\/\/www.redditstatic.com\/desktop2x\/img\/favicon\/apple-icon-57x57.png",
                "id": 1,
                "original_url": "https:\/\/www.reddit.com\/r\/Terraform\/comments\/qwvqct\/storing_terraform_output_data_in_aws\/"
            }
        ],
        "edited": {
            "user": "BG3N7LG73",
            "ts": "1637259394.000000"
        }
    },
    {
        "type": "message",
        "subtype": "bot_message",
        "text": "<https:\/\/www.reddit.com\/r\/Terraform\/comments\/qwwapt\/question_about_terraform_on_google_cloud\/|Question about Terraform on Google Cloud>\nI read the tutorial about terraform on google cloud link: <https:\/\/learn.hashicorp.com\/tutorials\/terraform\/google-cloud-platform-build?in=terraform\/gcp-get-started|https:\/\/learn.hashicorp.com\/tutorials\/terraform\/google-cloud-platform-build?in=terraform\/gcp-get-started> but when I try to apply it on my GCP this is my <https:\/\/main.tf\/|main.tf> code:  ​ &lt;a...",
        "ts": "1637261197.043700",
        "username": "Terraform",
        "icons": {
            "image_48": "https:\/\/s3-us-west-2.amazonaws.com\/slack-files2\/bot_icons\/2019-02-12\/548785199618_48.png"
        },
        "bot_id": "BG3N7LG73",
        "blocks": [
            {
                "type": "rich_text",
                "block_id": "xZsl",
                "elements": [
                    {
                        "type": "rich_text_section",
                        "elements": [
                            {
                                "type": "link",
                                "url": "https:\/\/www.reddit.com\/r\/Terraform\/comments\/qwwapt\/question_about_terraform_on_google_cloud\/",
                                "text": "Question about Terraform on Google Cloud"
                            },
                            {
                                "type": "text",
                                "text": "\nI read the tutorial about terraform on google cloud link: "
                            },
                            {
                                "type": "link",
                                "url": "https:\/\/learn.hashicorp.com\/tutorials\/terraform\/google-cloud-platform-build?in=terraform\/gcp-get-started"
                            },
                            {
                                "type": "text",
                                "text": " but when I try to apply it on my GCP this is my "
                            },
                            {
                                "type": "link",
                                "url": "https:\/\/main.tf\/",
                                "text": "main.tf"
                            },
                            {
                                "type": "text",
                                "text": " code:  ​ <a..."
                            }
                        ]
                    }
                ]
            }
        ],
        "attachments": [
            {
                "from_url": "https:\/\/www.reddit.com\/r\/Terraform\/comments\/qwwapt\/question_about_terraform_on_google_cloud\/",
                "service_name": "reddit",
                "title": "Question about Terraform on Google Cloud",
                "title_link": "https:\/\/www.reddit.com\/r\/Terraform\/comments\/qwwapt\/question_about_terraform_on_google_cloud\/",
                "text": "Posted in r\/Terraform by u\/carlosonee • 1 point and 0 comments",
                "thumb_url": "https:\/\/external-preview.redd.it\/9ekwveayde081.png?overlay-align=bottom,left&crop=555:290.57591623,smart&overlay-height=15p&overlay=%2Fwatermark%2Ft5_2u8e4.png%3Fs%3Dbfb326ca8735739e33a60abaf9a7c73bcb4a2134&width=555&height=290.57591623&auto=webp&s=3dad52c791add05e501d6f2f7e985bb6dbc528ab",
                "thumb_width": 130,
                "thumb_height": 60,
                "fallback": "reddit: Question about Terraform on Google Cloud",
                "service_icon": "http:\/\/www.redditstatic.com\/desktop2x\/img\/favicon\/apple-icon-57x57.png",
                "id": 1,
                "original_url": "https:\/\/www.reddit.com\/r\/Terraform\/comments\/qwwapt\/question_about_terraform_on_google_cloud\/"
            },
            {
                "from_url": "https:\/\/learn.hashicorp.com\/tutorials\/terraform\/google-cloud-platform-build?in=terraform\/gcp-get-started",
                "service_name": "HashiCorp Learn",
                "title": "Build Infrastructure | Terraform - HashiCorp Learn",
                "title_link": "https:\/\/learn.hashicorp.com\/tutorials\/terraform\/google-cloud-platform-build?in=terraform\/gcp-get-started",
                "text": "Authenticate to Google Cloud and create a VPC network. Write and validate Terraform configuration, initialize a configuration directory, and plan and apply a configuration to create infrastructure.",
                "image_url": "https:\/\/www.datocms-assets.com\/2885\/1622161215-learn-card-2x.jpg",
                "image_width": 476,
                "image_height": 250,
                "image_bytes": 338089,
                "fallback": "HashiCorp Learn: Build Infrastructure | Terraform - HashiCorp Learn",
                "service_icon": "https:\/\/learn.hashicorp.com\/img\/favicons\/favicon-16x16.png",
                "id": 2,
                "original_url": "https:\/\/learn.hashicorp.com\/tutorials\/terraform\/google-cloud-platform-build?in=terraform\/gcp-get-started"
            }
        ],
        "edited": {
            "user": "BG3N7LG73",
            "ts": "1637261197.000000"
        }
    },
    {
        "type": "message",
        "subtype": "bot_message",
        "text": "<https:\/\/www.reddit.com\/r\/Terraform\/comments\/qwwcvo\/access_terraform_workspace_variables\/|Access terraform workspace variables>\nHello, newbie question here. We're moving from a single backend tfsate to a multiple tfstate model because our infra in becoming so big that is taking a lot o time to apply a single ip rule change. We want to split our backend infra from our frontend infra in separate tfstate using workspace. The problem is that we have lots of referecence between them. My question is: Is there an way to use variables from on workspace to another. We dont want to use DATA to fetch info every time. We would...",
        "ts": "1637261197.043800",
        "username": "Terraform",
        "icons": {
            "image_48": "https:\/\/s3-us-west-2.amazonaws.com\/slack-files2\/bot_icons\/2019-02-12\/548785199618_48.png"
        },
        "bot_id": "BG3N7LG73",
        "blocks": [
            {
                "type": "rich_text",
                "block_id": "uvd2",
                "elements": [
                    {
                        "type": "rich_text_section",
                        "elements": [
                            {
                                "type": "link",
                                "url": "https:\/\/www.reddit.com\/r\/Terraform\/comments\/qwwcvo\/access_terraform_workspace_variables\/",
                                "text": "Access terraform workspace variables"
                            },
                            {
                                "type": "text",
                                "text": "\nHello, newbie question here. We're moving from a single backend tfsate to a multiple tfstate model because our infra in becoming so big that is taking a lot o time to apply a single ip rule change. We want to split our backend infra from our frontend infra in separate tfstate using workspace. The problem is that we have lots of referecence between them. My question is: Is there an way to use variables from on workspace to another. We dont want to use DATA to fetch info every time. We would..."
                            }
                        ]
                    }
                ]
            }
        ],
        "attachments": [
            {
                "from_url": "https:\/\/www.reddit.com\/r\/Terraform\/comments\/qwwcvo\/access_terraform_workspace_variables\/",
                "service_name": "reddit",
                "title": "Access terraform workspace variables",
                "title_link": "https:\/\/www.reddit.com\/r\/Terraform\/comments\/qwwcvo\/access_terraform_workspace_variables\/",
                "text": "Hello, newbie question here. We're moving from a single backend tfsate to a multiple tfstate model because our infra in becoming so big that is...",
                "thumb_url": "https:\/\/www.redditstatic.com\/new-icon.png",
                "thumb_width": 256,
                "thumb_height": 256,
                "fallback": "reddit: Access terraform workspace variables",
                "service_icon": "http:\/\/www.redditstatic.com\/desktop2x\/img\/favicon\/apple-icon-57x57.png",
                "id": 1,
                "original_url": "https:\/\/www.reddit.com\/r\/Terraform\/comments\/qwwcvo\/access_terraform_workspace_variables\/"
            }
        ],
        "edited": {
            "user": "BG3N7LG73",
            "ts": "1637261197.000000"
        }
    },
    {
        "type": "message",
        "subtype": "bot_message",
        "text": "<https:\/\/www.reddit.com\/r\/Terraform\/comments\/qwxqod\/how_to_iterate_over_a_setting_in_a_resource\/|How to iterate over a setting in a resource !>\nJust a probably very simple question, coming from someone completely recent to terraform: When I define an AWS VPC, I need to set the value for some tags that are needed by the EKS clusters: public_subnet_tags = { \"<http:\/\/kubernetes.io\/cluster\/NAME_OF_EKS_CLUSTER|kubernetes.io\/cluster\/NAME_OF_EKS_CLUSTER>\" = \"shared\" \"<http:\/\/kubernetes.io\/role\/elb|kubernetes.io\/role\/elb>\" = \"1\" } private_subnet_tags = { \"<http:\/\/kubernetes.io\/cluster\/NAME_OF_EKS_CLUSTER|kubernetes.io\/cluster\/NAME_OF_EKS_CLUSTER>\" = \"shared\" \"<http:\/\/kubernetes.io\/role\/internal-elb|kubernetes.io\/role\/internal-elb>\" = \"1\" } My issue is that I need to create the first key on both of those settings,...",
        "ts": "1637265395.044100",
        "username": "Terraform",
        "icons": {
            "image_48": "https:\/\/s3-us-west-2.amazonaws.com\/slack-files2\/bot_icons\/2019-02-12\/548785199618_48.png"
        },
        "bot_id": "BG3N7LG73",
        "blocks": [
            {
                "type": "rich_text",
                "block_id": "8n7",
                "elements": [
                    {
                        "type": "rich_text_section",
                        "elements": [
                            {
                                "type": "link",
                                "url": "https:\/\/www.reddit.com\/r\/Terraform\/comments\/qwxqod\/how_to_iterate_over_a_setting_in_a_resource\/",
                                "text": "How to iterate over a setting in a resource !"
                            },
                            {
                                "type": "text",
                                "text": "\nJust a probably very simple question, coming from someone completely recent to terraform: When I define an AWS VPC, I need to set the value for some tags that are needed by the EKS clusters: public_subnet_tags = { \""
                            },
                            {
                                "type": "link",
                                "url": "http:\/\/kubernetes.io\/cluster\/NAME_OF_EKS_CLUSTER",
                                "text": "kubernetes.io\/cluster\/NAME_OF_EKS_CLUSTER"
                            },
                            {
                                "type": "text",
                                "text": "\" = \"shared\" \""
                            },
                            {
                                "type": "link",
                                "url": "http:\/\/kubernetes.io\/role\/elb",
                                "text": "kubernetes.io\/role\/elb"
                            },
                            {
                                "type": "text",
                                "text": "\" = \"1\" } private_subnet_tags = { \""
                            },
                            {
                                "type": "link",
                                "url": "http:\/\/kubernetes.io\/cluster\/NAME_OF_EKS_CLUSTER",
                                "text": "kubernetes.io\/cluster\/NAME_OF_EKS_CLUSTER"
                            },
                            {
                                "type": "text",
                                "text": "\" = \"shared\" \""
                            },
                            {
                                "type": "link",
                                "url": "http:\/\/kubernetes.io\/role\/internal-elb",
                                "text": "kubernetes.io\/role\/internal-elb"
                            },
                            {
                                "type": "text",
                                "text": "\" = \"1\" } My issue is that I need to create the first key on both of those settings,..."
                            }
                        ]
                    }
                ]
            }
        ],
        "attachments": [
            {
                "from_url": "https:\/\/www.reddit.com\/r\/Terraform\/comments\/qwxqod\/how_to_iterate_over_a_setting_in_a_resource\/",
                "service_name": "reddit",
                "title": "How to iterate over a setting in a resource !",
                "title_link": "https:\/\/www.reddit.com\/r\/Terraform\/comments\/qwxqod\/how_to_iterate_over_a_setting_in_a_resource\/",
                "text": "Just a probably very simple question, coming from someone completely recent to terraform: When I define an AWS VPC, I need to set the value for...",
                "thumb_url": "https:\/\/www.redditstatic.com\/new-icon.png",
                "thumb_width": 256,
                "thumb_height": 256,
                "fallback": "reddit: How to iterate over a setting in a resource !",
                "service_icon": "http:\/\/www.redditstatic.com\/desktop2x\/img\/favicon\/apple-icon-57x57.png",
                "id": 1,
                "original_url": "https:\/\/www.reddit.com\/r\/Terraform\/comments\/qwxqod\/how_to_iterate_over_a_setting_in_a_resource\/"
            }
        ],
        "edited": {
            "user": "BG3N7LG73",
            "ts": "1637265395.000000"
        }
    },
    {
        "type": "message",
        "subtype": "bot_message",
        "text": "<https:\/\/www.reddit.com\/r\/Terraform\/comments\/qwy6ri\/ep14_learn_how_to_create_terraform_modules_for\/|EP14: Learn How to Create Terraform Modules for Azure>\nsubmitted by   <https:\/\/www.reddit.com\/user\/sundaze80| \/u\/sundaze80 > \n<https:\/\/youtu.be\/o9KD7lLrQvg|[link]>   <https:\/\/www.reddit.com\/r\/Terraform\/comments\/qwy6ri\/ep14_learn_how_to_create_terraform_modules_for\/|[comments]>",
        "ts": "1637266594.044300",
        "username": "Terraform",
        "icons": {
            "image_48": "https:\/\/s3-us-west-2.amazonaws.com\/slack-files2\/bot_icons\/2019-02-12\/548785199618_48.png"
        },
        "bot_id": "BG3N7LG73",
        "blocks": [
            {
                "type": "rich_text",
                "block_id": "WhbMe",
                "elements": [
                    {
                        "type": "rich_text_section",
                        "elements": [
                            {
                                "type": "link",
                                "url": "https:\/\/www.reddit.com\/r\/Terraform\/comments\/qwy6ri\/ep14_learn_how_to_create_terraform_modules_for\/",
                                "text": "EP14: Learn How to Create Terraform Modules for Azure"
                            },
                            {
                                "type": "text",
                                "text": "\nsubmitted by   "
                            },
                            {
                                "type": "link",
                                "url": "https:\/\/www.reddit.com\/user\/sundaze80",
                                "text": "\/u\/sundaze80"
                            },
                            {
                                "type": "text",
                                "text": " \n"
                            },
                            {
                                "type": "link",
                                "url": "https:\/\/youtu.be\/o9KD7lLrQvg",
                                "text": "[link]"
                            },
                            {
                                "type": "text",
                                "text": "   "
                            },
                            {
                                "type": "link",
                                "url": "https:\/\/www.reddit.com\/r\/Terraform\/comments\/qwy6ri\/ep14_learn_how_to_create_terraform_modules_for\/",
                                "text": "[comments]"
                            }
                        ]
                    }
                ]
            }
        ],
        "attachments": [
            {
                "from_url": "https:\/\/www.reddit.com\/r\/Terraform\/comments\/qwy6ri\/ep14_learn_how_to_create_terraform_modules_for\/",
                "service_name": "reddit",
                "title": "EP14: Learn How to Create Terraform Modules for Azure",
                "title_link": "https:\/\/www.reddit.com\/r\/Terraform\/comments\/qwy6ri\/ep14_learn_how_to_create_terraform_modules_for\/",
                "text": "Posted in r\/Terraform by u\/sundaze80 • 1 point and 0 comments",
                "image_url": "https:\/\/i.ytimg.com\/vi\/o9KD7lLrQvg\/hqdefault.jpg",
                "image_width": 333,
                "image_height": 250,
                "image_bytes": 32762,
                "fallback": "reddit: EP14: Learn How to Create Terraform Modules for Azure",
                "service_icon": "http:\/\/www.redditstatic.com\/desktop2x\/img\/favicon\/apple-icon-57x57.png",
                "id": 1,
                "original_url": "https:\/\/www.reddit.com\/r\/Terraform\/comments\/qwy6ri\/ep14_learn_how_to_create_terraform_modules_for\/"
            },
            {
                "from_url": "https:\/\/www.reddit.com\/user\/sundaze80",
                "title": "overview for sundaze80",
                "title_link": "https:\/\/www.reddit.com\/user\/sundaze80",
                "text": "<http:\/\/www.someoneelsescloud.com|www.someoneelsescloud.com>.",
                "fallback": "overview for sundaze80",
                "service_icon": "http:\/\/www.redditstatic.com\/desktop2x\/img\/favicon\/apple-icon-57x57.png",
                "service_name": "reddit.com",
                "id": 2,
                "original_url": "https:\/\/www.reddit.com\/user\/sundaze80"
            },
            {
                "from_url": "https:\/\/youtu.be\/o9KD7lLrQvg",
                "service_name": "YouTube",
                "service_url": "https:\/\/www.youtube.com\/",
                "title": "EP14: Learn How to Create Terraform Modules for Azure | #SomeoneElsesCloud",
                "title_link": "https:\/\/youtu.be\/o9KD7lLrQvg",
                "author_name": "Someone Else's Cloud",
                "author_link": "https:\/\/www.youtube.com\/c\/SomeoneElsesCloud",
                "video_html": "<iframe width=\"400\" height=\"225\" src=\"https:\/\/www.youtube.com\/embed\/o9KD7lLrQvg?feature=oembed&autoplay=1&iv_load_policy=3\" frameborder=\"0\" allow=\"accelerometer; autoplay; clipboard-write; encrypted-media; gyroscope; picture-in-picture\" allowfullscreen><\/iframe>",
                "video_html_width": 400,
                "video_html_height": 225,
                "fallback": "YouTube Video: EP14: Learn How to Create Terraform Modules for Azure | #SomeoneElsesCloud",
                "thumb_url": "https:\/\/i.ytimg.com\/vi\/o9KD7lLrQvg\/hqdefault.jpg",
                "thumb_width": 480,
                "thumb_height": 360,
                "service_icon": "https:\/\/a.slack-edge.com\/80588\/img\/unfurl_icons\/youtube.png",
                "id": 3,
                "original_url": "https:\/\/youtu.be\/o9KD7lLrQvg"
            }
        ],
        "edited": {
            "user": "BG3N7LG73",
            "ts": "1637266595.000000"
        }
    },
    {
        "type": "message",
        "subtype": "bot_message",
        "text": "<https:\/\/www.reddit.com\/r\/Terraform\/comments\/qx0kkh\/gcp_load_balancing_target_issue\/|GCP Load Balancing Target issue>\nHey Terraform friends; Trying to navigate my way through some basic load balancing in the GCP environment. First time doing it, so, still trying to pick up on some of the nuances between the various types and environments.  My goal is to have a target pool of hosts be the destination recipient for connections made to the forwarding rule, in whatever load balancing policy the business needs.  The setup is a bit awkward, because I have the project that I'm doing the work in, but the destination...",
        "ts": "1637273195.044500",
        "username": "Terraform",
        "icons": {
            "image_48": "https:\/\/s3-us-west-2.amazonaws.com\/slack-files2\/bot_icons\/2019-02-12\/548785199618_48.png"
        },
        "bot_id": "BG3N7LG73",
        "blocks": [
            {
                "type": "rich_text",
                "block_id": "npd",
                "elements": [
                    {
                        "type": "rich_text_section",
                        "elements": [
                            {
                                "type": "link",
                                "url": "https:\/\/www.reddit.com\/r\/Terraform\/comments\/qx0kkh\/gcp_load_balancing_target_issue\/",
                                "text": "GCP Load Balancing Target issue"
                            },
                            {
                                "type": "text",
                                "text": "\nHey Terraform friends; Trying to navigate my way through some basic load balancing in the GCP environment. First time doing it, so, still trying to pick up on some of the nuances between the various types and environments.  My goal is to have a target pool of hosts be the destination recipient for connections made to the forwarding rule, in whatever load balancing policy the business needs.  The setup is a bit awkward, because I have the project that I'm doing the work in, but the destination..."
                            }
                        ]
                    }
                ]
            }
        ],
        "attachments": [
            {
                "from_url": "https:\/\/www.reddit.com\/r\/Terraform\/comments\/qx0kkh\/gcp_load_balancing_target_issue\/",
                "service_name": "reddit",
                "title": "GCP Load Balancing Target issue",
                "title_link": "https:\/\/www.reddit.com\/r\/Terraform\/comments\/qx0kkh\/gcp_load_balancing_target_issue\/",
                "text": "Hey Terraform friends; Trying to navigate my way through some basic load balancing in the GCP environment. First time doing it, so, still trying...",
                "thumb_url": "https:\/\/www.redditstatic.com\/new-icon.png",
                "thumb_width": 256,
                "thumb_height": 256,
                "fallback": "reddit: GCP Load Balancing Target issue",
                "service_icon": "http:\/\/www.redditstatic.com\/desktop2x\/img\/favicon\/apple-icon-57x57.png",
                "id": 1,
                "original_url": "https:\/\/www.reddit.com\/r\/Terraform\/comments\/qx0kkh\/gcp_load_balancing_target_issue\/"
            }
        ],
        "edited": {
            "user": "BG3N7LG73",
            "ts": "1637273195.000000"
        }
    },
    {
        "type": "message",
        "subtype": "bot_message",
        "text": "<https:\/\/www.reddit.com\/r\/Terraform\/comments\/qx0p0b\/allow_application_to_grant_crossaccount_rolelevel\/|Allow Application to grant Cross-Account, Role-Level access to S3 Bucket\/KMS Keys, without removing said permission on the next Apply?>\nI've got an encrypted S3 Bucket that is encrypted with a Customer Managed KMS Key. Following the guidelines <https:\/\/aws.amazon.com\/premiumsupport\/knowledge-center\/s3-bucket-access-default-encryption\/|here>, I've set up Terraform to create the bucket, the key, and their respective bucket and key policies. Users request permission through a UI, which eventually kicks off a state machine that uses Lambdas to modify the Bucket and Key policies to grant the required permissions in...",
        "ts": "1637273195.044600",
        "username": "Terraform",
        "icons": {
            "image_48": "https:\/\/s3-us-west-2.amazonaws.com\/slack-files2\/bot_icons\/2019-02-12\/548785199618_48.png"
        },
        "bot_id": "BG3N7LG73",
        "blocks": [
            {
                "type": "rich_text",
                "block_id": "n60",
                "elements": [
                    {
                        "type": "rich_text_section",
                        "elements": [
                            {
                                "type": "link",
                                "url": "https:\/\/www.reddit.com\/r\/Terraform\/comments\/qx0p0b\/allow_application_to_grant_crossaccount_rolelevel\/",
                                "text": "Allow Application to grant Cross-Account, Role-Level access to S3 Bucket\/KMS Keys, without removing said permission on the next Apply?"
                            },
                            {
                                "type": "text",
                                "text": "\nI've got an encrypted S3 Bucket that is encrypted with a Customer Managed KMS Key. Following the guidelines "
                            },
                            {
                                "type": "link",
                                "url": "https:\/\/aws.amazon.com\/premiumsupport\/knowledge-center\/s3-bucket-access-default-encryption\/",
                                "text": "here"
                            },
                            {
                                "type": "text",
                                "text": ", I've set up Terraform to create the bucket, the key, and their respective bucket and key policies. Users request permission through a UI, which eventually kicks off a state machine that uses Lambdas to modify the Bucket and Key policies to grant the required permissions in..."
                            }
                        ]
                    }
                ]
            }
        ],
        "attachments": [
            {
                "from_url": "https:\/\/www.reddit.com\/r\/Terraform\/comments\/qx0p0b\/allow_application_to_grant_crossaccount_rolelevel\/",
                "service_name": "reddit",
                "title": "Allow Application to grant Cross-Account, Role-Level access to S3 Bucket\/KMS Keys, without removing said permission on the next Apply?",
                "title_link": "https:\/\/www.reddit.com\/r\/Terraform\/comments\/qx0p0b\/allow_application_to_grant_crossaccount_rolelevel\/",
                "text": "I've got an encrypted S3 Bucket that is encrypted with a Customer Managed KMS Key. Following the guidelines...",
                "thumb_url": "https:\/\/www.redditstatic.com\/new-icon.png",
                "thumb_width": 256,
                "thumb_height": 256,
                "fallback": "reddit: Allow Application to grant Cross-Account, Role-Level access to S3 Bucket\/KMS Keys, without removing said permission on the next Apply?",
                "service_icon": "http:\/\/www.redditstatic.com\/desktop2x\/img\/favicon\/apple-icon-57x57.png",
                "id": 1,
                "original_url": "https:\/\/www.reddit.com\/r\/Terraform\/comments\/qx0p0b\/allow_application_to_grant_crossaccount_rolelevel\/"
            }
        ],
        "edited": {
            "user": "BG3N7LG73",
            "ts": "1637273195.000000"
        }
    },
    {
        "type": "message",
        "subtype": "bot_message",
        "text": "<https:\/\/www.reddit.com\/r\/Terraform\/comments\/qx37ji\/noob_terraform_issue_i_googled_the_hell_out_of_it\/|Noob terraform issue (I googled the hell out of it before asking)>\nHowdy folks, Just started using terraform in my home (cloud) lab today. I'm using win 10 and powershell with azure rm to deploy my terraform code. The issue I am struggling with is as follows... When I use terraform apply or terraform destroy it will hang, not giving me a way to input the 'yes' to approve the change. It just sits blankly at the \"Only 'yes' will approve\" or whatever prompt. The cursor blinks but I cannot type or interact in any way as seen below. &lt;a...",
        "ts": "1637280398.044900",
        "username": "Terraform",
        "icons": {
            "image_48": "https:\/\/s3-us-west-2.amazonaws.com\/slack-files2\/bot_icons\/2019-02-12\/548785199618_48.png"
        },
        "bot_id": "BG3N7LG73",
        "blocks": [
            {
                "type": "rich_text",
                "block_id": "VdYL",
                "elements": [
                    {
                        "type": "rich_text_section",
                        "elements": [
                            {
                                "type": "link",
                                "url": "https:\/\/www.reddit.com\/r\/Terraform\/comments\/qx37ji\/noob_terraform_issue_i_googled_the_hell_out_of_it\/",
                                "text": "Noob terraform issue (I googled the hell out of it before asking)"
                            },
                            {
                                "type": "text",
                                "text": "\nHowdy folks, Just started using terraform in my home (cloud) lab today. I'm using win 10 and powershell with azure rm to deploy my terraform code. The issue I am struggling with is as follows... When I use terraform apply or terraform destroy it will hang, not giving me a way to input the 'yes' to approve the change. It just sits blankly at the \"Only 'yes' will approve\" or whatever prompt. The cursor blinks but I cannot type or interact in any way as seen below. <a..."
                            }
                        ]
                    }
                ]
            }
        ],
        "attachments": [
            {
                "from_url": "https:\/\/www.reddit.com\/r\/Terraform\/comments\/qx37ji\/noob_terraform_issue_i_googled_the_hell_out_of_it\/",
                "service_name": "reddit",
                "title": "Noob terraform issue (I googled the hell out of it before asking)",
                "title_link": "https:\/\/www.reddit.com\/r\/Terraform\/comments\/qx37ji\/noob_terraform_issue_i_googled_the_hell_out_of_it\/",
                "text": "Posted in r\/Terraform by u\/thumbtaks • 1 point and 0 comments",
                "thumb_url": "https:\/\/external-preview.redd.it\/tesv2cra0g081.png?overlay-align=bottom,left&crop=561:293.717277487,smart&overlay-height=15p&overlay=%2Fwatermark%2Ft5_2u8e4.png%3Fs%3Dbfb326ca8735739e33a60abaf9a7c73bcb4a2134&width=561&height=293.717277487&auto=webp&s=58a12b06a8b3209b32a02ab05b8c3339fc11c5ad",
                "thumb_width": 130,
                "thumb_height": 60,
                "fallback": "reddit: Noob terraform issue (I googled the hell out of it before asking)",
                "service_icon": "http:\/\/www.redditstatic.com\/desktop2x\/img\/favicon\/apple-icon-57x57.png",
                "id": 1,
                "original_url": "https:\/\/www.reddit.com\/r\/Terraform\/comments\/qx37ji\/noob_terraform_issue_i_googled_the_hell_out_of_it\/"
            }
        ],
        "edited": {
            "user": "BG3N7LG73",
            "ts": "1637280398.000000"
        }
    }
]