[
    {
        "type": "message",
        "subtype": "bot_message",
        "text": "<https:\/\/www.reddit.com\/r\/Terraform\/comments\/r0dns1\/terraform_plan_in_azure_devops\/|Terraform plan in Azure DevOps>\nCurrently have an azure devops pipeline that pushes out terraform code, I noticed that when I review the terraform plan as a log file it adds some symbols to the log file whereas if you just run terraform plan from a command line it is easier to read, is there a way to make reviewing the log file in devops better? Thank you :blush:    submitted by   <https:\/\/www.reddit.com\/user\/shaadowbrker| \/u\/shaadowbrker > \n&lt;a...",
        "ts": "1637676399.050700",
        "username": "Terraform",
        "icons": {
            "image_48": "https:\/\/s3-us-west-2.amazonaws.com\/slack-files2\/bot_icons\/2019-02-12\/548785199618_48.png"
        },
        "bot_id": "BG3N7LG73",
        "blocks": [
            {
                "type": "rich_text",
                "block_id": "Fs2B",
                "elements": [
                    {
                        "type": "rich_text_section",
                        "elements": [
                            {
                                "type": "link",
                                "url": "https:\/\/www.reddit.com\/r\/Terraform\/comments\/r0dns1\/terraform_plan_in_azure_devops\/",
                                "text": "Terraform plan in Azure DevOps"
                            },
                            {
                                "type": "text",
                                "text": "\nCurrently have an azure devops pipeline that pushes out terraform code, I noticed that when I review the terraform plan as a log file it adds some symbols to the log file whereas if you just run terraform plan from a command line it is easier to read, is there a way to make reviewing the log file in devops better? Thank you "
                            },
                            {
                                "type": "emoji",
                                "name": "blush",
                                "unicode": "1f60a"
                            },
                            {
                                "type": "text",
                                "text": "    submitted by   "
                            },
                            {
                                "type": "link",
                                "url": "https:\/\/www.reddit.com\/user\/shaadowbrker",
                                "text": "\/u\/shaadowbrker"
                            },
                            {
                                "type": "text",
                                "text": " \n<a..."
                            }
                        ]
                    }
                ]
            }
        ],
        "attachments": [
            {
                "from_url": "https:\/\/www.reddit.com\/user\/shaadowbrker",
                "title": "overview for shaadowbrker",
                "title_link": "https:\/\/www.reddit.com\/user\/shaadowbrker",
                "text": "The u\/shaadowbrker community on Reddit. Reddit gives you the best of the internet in one place.",
                "fallback": "overview for shaadowbrker",
                "service_icon": "http:\/\/www.redditstatic.com\/desktop2x\/img\/favicon\/apple-icon-57x57.png",
                "service_name": "reddit.com",
                "id": 1,
                "original_url": "https:\/\/www.reddit.com\/user\/shaadowbrker"
            }
        ],
        "edited": {
            "user": "BG3N7LG73",
            "ts": "1637676400.000000"
        }
    },
    {
        "type": "message",
        "subtype": "bot_message",
        "text": "<https:\/\/www.reddit.com\/r\/Terraform\/comments\/r0fxp6\/using_an_existing_terraform_file_from_another\/|Using an existing terraform file from another directory>\nI had a question, if I have two folders with the following files foo a.tf b.tf c.tf bar 1.tf 2.tf c.tf  Is there a way in the bar folder to call the c.tf from the foo folder (don't want to create a module just for one file)?    submitted by   <https:\/\/www.reddit.com\/user\/Amphagory| \/u\/Amphagory > \n<https:\/\/www.reddit.com\/r\/Terraform\/comments\/r0fxp6\/using_an_existing_terraform_file_from_another\/|[link]>   &lt;a...",
        "ts": "1637682394.050900",
        "username": "Terraform",
        "icons": {
            "image_48": "https:\/\/s3-us-west-2.amazonaws.com\/slack-files2\/bot_icons\/2019-02-12\/548785199618_48.png"
        },
        "bot_id": "BG3N7LG73",
        "blocks": [
            {
                "type": "rich_text",
                "block_id": "Nr88k",
                "elements": [
                    {
                        "type": "rich_text_section",
                        "elements": [
                            {
                                "type": "link",
                                "url": "https:\/\/www.reddit.com\/r\/Terraform\/comments\/r0fxp6\/using_an_existing_terraform_file_from_another\/",
                                "text": "Using an existing terraform file from another directory"
                            },
                            {
                                "type": "text",
                                "text": "\nI had a question, if I have two folders with the following files foo a.tf b.tf c.tf bar 1.tf 2.tf c.tf  Is there a way in the bar folder to call the c.tf from the foo folder (don't want to create a module just for one file)?    submitted by   "
                            },
                            {
                                "type": "link",
                                "url": "https:\/\/www.reddit.com\/user\/Amphagory",
                                "text": "\/u\/Amphagory"
                            },
                            {
                                "type": "text",
                                "text": " \n"
                            },
                            {
                                "type": "link",
                                "url": "https:\/\/www.reddit.com\/r\/Terraform\/comments\/r0fxp6\/using_an_existing_terraform_file_from_another\/",
                                "text": "[link]"
                            },
                            {
                                "type": "text",
                                "text": "   <a..."
                            }
                        ]
                    }
                ]
            }
        ],
        "attachments": [
            {
                "from_url": "https:\/\/www.reddit.com\/r\/Terraform\/comments\/r0fxp6\/using_an_existing_terraform_file_from_another\/",
                "service_name": "reddit",
                "title": "Using an existing terraform file from another directory",
                "title_link": "https:\/\/www.reddit.com\/r\/Terraform\/comments\/r0fxp6\/using_an_existing_terraform_file_from_another\/",
                "text": "I had a question, if I have two folders with the following files foo a.tf b.tf c.tf bar 1.tf 2.tf ...",
                "thumb_url": "https:\/\/www.redditstatic.com\/new-icon.png",
                "thumb_width": 256,
                "thumb_height": 256,
                "fallback": "reddit: Using an existing terraform file from another directory",
                "service_icon": "http:\/\/www.redditstatic.com\/desktop2x\/img\/favicon\/apple-icon-57x57.png",
                "id": 1,
                "original_url": "https:\/\/www.reddit.com\/r\/Terraform\/comments\/r0fxp6\/using_an_existing_terraform_file_from_another\/"
            },
            {
                "from_url": "https:\/\/www.reddit.com\/user\/Amphagory",
                "title": "overview for Amphagory",
                "title_link": "https:\/\/www.reddit.com\/user\/Amphagory",
                "text": "The u\/Amphagory community on Reddit. Reddit gives you the best of the internet in one place.",
                "fallback": "overview for Amphagory",
                "service_icon": "http:\/\/www.redditstatic.com\/desktop2x\/img\/favicon\/apple-icon-57x57.png",
                "service_name": "reddit.com",
                "id": 2,
                "original_url": "https:\/\/www.reddit.com\/user\/Amphagory"
            }
        ],
        "edited": {
            "user": "BG3N7LG73",
            "ts": "1637682395.000000"
        }
    },
    {
        "type": "message",
        "subtype": "bot_message",
        "text": "<https:\/\/www.reddit.com\/r\/Terraform\/comments\/r0pwfv\/same_terraform_code_works_in_euwest1_but_not_in\/|Same Terraform code works in eu-west-1 but not in eu-west-2>\nHi, I have a quite simple SNS module which I am able to deploy to eu-west-1 region. Unfortunately the same code is failing in eu-west-2. main: module sns { source = \"..\/..\/modules\/sns\" region = var.region aws-account = var.aws-account sns-topic-recipient = var.sns-topic-recipient sns-subscription-email-address-list = var.sns-subscription-email-address-list tags = var.tags }  vars: variable \"aws-account\" { type = string description = \"AWS account ID\" default = \"1234567890\" } variable...",
        "ts": "1637709398.051100",
        "username": "Terraform",
        "icons": {
            "image_48": "https:\/\/s3-us-west-2.amazonaws.com\/slack-files2\/bot_icons\/2019-02-12\/548785199618_48.png"
        },
        "bot_id": "BG3N7LG73",
        "blocks": [
            {
                "type": "rich_text",
                "block_id": "Axgj",
                "elements": [
                    {
                        "type": "rich_text_section",
                        "elements": [
                            {
                                "type": "link",
                                "url": "https:\/\/www.reddit.com\/r\/Terraform\/comments\/r0pwfv\/same_terraform_code_works_in_euwest1_but_not_in\/",
                                "text": "Same Terraform code works in eu-west-1 but not in eu-west-2"
                            },
                            {
                                "type": "text",
                                "text": "\nHi, I have a quite simple SNS module which I am able to deploy to eu-west-1 region. Unfortunately the same code is failing in eu-west-2. main: module sns { source = \"..\/..\/modules\/sns\" region = var.region aws-account = var.aws-account sns-topic-recipient = var.sns-topic-recipient sns-subscription-email-address-list = var.sns-subscription-email-address-list tags = var.tags }  vars: variable \"aws-account\" { type = string description = \"AWS account ID\" default = \"1234567890\" } variable..."
                            }
                        ]
                    }
                ]
            }
        ],
        "attachments": [
            {
                "from_url": "https:\/\/www.reddit.com\/r\/Terraform\/comments\/r0pwfv\/same_terraform_code_works_in_euwest1_but_not_in\/",
                "service_name": "reddit",
                "title": "Same Terraform code works in eu-west-1 but not in eu-west-2",
                "title_link": "https:\/\/www.reddit.com\/r\/Terraform\/comments\/r0pwfv\/same_terraform_code_works_in_euwest1_but_not_in\/",
                "text": "Hi, I have a quite simple SNS module which I am able to deploy to eu-west-1 region. Unfortunately the same code is failing in eu-west-2. main: ...",
                "thumb_url": "https:\/\/www.redditstatic.com\/new-icon.png",
                "thumb_width": 256,
                "thumb_height": 256,
                "fallback": "reddit: Same Terraform code works in eu-west-1 but not in eu-west-2",
                "service_icon": "http:\/\/www.redditstatic.com\/desktop2x\/img\/favicon\/apple-icon-57x57.png",
                "id": 1,
                "original_url": "https:\/\/www.reddit.com\/r\/Terraform\/comments\/r0pwfv\/same_terraform_code_works_in_euwest1_but_not_in\/"
            }
        ],
        "edited": {
            "user": "BG3N7LG73",
            "ts": "1637709399.000000"
        }
    },
    {
        "type": "message",
        "subtype": "bot_message",
        "text": "<https:\/\/www.reddit.com\/r\/Terraform\/comments\/r0rgmq\/same_terraform_code_works_in_euwest1_but_not_in\/|Same Terraform code works in eu-west-1 but not in eu-west-2>\nHi, I have a quite simple SNS module which I am able to deploy to eu-west-1 region. Unfortunately the same code is failing in eu-west-2. main: module sns { source = \"..\/..\/modules\/sns\" region = var.region aws-account = var.aws-account sns-topic-recipient = var.sns-topic-recipient sns-subscription-email-address-list = var.sns-subscription-email-address-list tags = var.tags }  vars: variable \"aws-account\" { type = string description = \"AWS account ID\" default = \"1234567890\" } variable...",
        "ts": "1637714196.051300",
        "username": "Terraform",
        "icons": {
            "image_48": "https:\/\/s3-us-west-2.amazonaws.com\/slack-files2\/bot_icons\/2019-02-12\/548785199618_48.png"
        },
        "bot_id": "BG3N7LG73",
        "blocks": [
            {
                "type": "rich_text",
                "block_id": "YcQ",
                "elements": [
                    {
                        "type": "rich_text_section",
                        "elements": [
                            {
                                "type": "link",
                                "url": "https:\/\/www.reddit.com\/r\/Terraform\/comments\/r0rgmq\/same_terraform_code_works_in_euwest1_but_not_in\/",
                                "text": "Same Terraform code works in eu-west-1 but not in eu-west-2"
                            },
                            {
                                "type": "text",
                                "text": "\nHi, I have a quite simple SNS module which I am able to deploy to eu-west-1 region. Unfortunately the same code is failing in eu-west-2. main: module sns { source = \"..\/..\/modules\/sns\" region = var.region aws-account = var.aws-account sns-topic-recipient = var.sns-topic-recipient sns-subscription-email-address-list = var.sns-subscription-email-address-list tags = var.tags }  vars: variable \"aws-account\" { type = string description = \"AWS account ID\" default = \"1234567890\" } variable..."
                            }
                        ]
                    }
                ]
            }
        ],
        "attachments": [
            {
                "from_url": "https:\/\/www.reddit.com\/r\/Terraform\/comments\/r0rgmq\/same_terraform_code_works_in_euwest1_but_not_in\/",
                "service_name": "reddit",
                "title": "Same Terraform code works in eu-west-1 but not in eu-west-2",
                "title_link": "https:\/\/www.reddit.com\/r\/Terraform\/comments\/r0rgmq\/same_terraform_code_works_in_euwest1_but_not_in\/",
                "text": "Hi, I have a quite simple SNS module which I am able to deploy to eu-west-1 region. Unfortunately the same code is failing in eu-west-2. main: ...",
                "thumb_url": "https:\/\/www.redditstatic.com\/new-icon.png",
                "thumb_width": 256,
                "thumb_height": 256,
                "fallback": "reddit: Same Terraform code works in eu-west-1 but not in eu-west-2",
                "service_icon": "http:\/\/www.redditstatic.com\/desktop2x\/img\/favicon\/apple-icon-57x57.png",
                "id": 1,
                "original_url": "https:\/\/www.reddit.com\/r\/Terraform\/comments\/r0rgmq\/same_terraform_code_works_in_euwest1_but_not_in\/"
            }
        ],
        "edited": {
            "user": "BG3N7LG73",
            "ts": "1637714197.000000"
        }
    },
    {
        "type": "message",
        "subtype": "bot_message",
        "text": "<https:\/\/www.reddit.com\/r\/Terraform\/comments\/r0uppa\/querying_a_resource_in_aws_but_not_using_any\/|Querying a resource in AWS but not using any state file>\nWe use data element to query a resource. We can also add filter inside it like using tags. I would like to know if there is a tool that we can use where we can pass a tf file as input. The tf file will contain a very basic data block of a resource that we're interested in. For example: data \"aws_vpc\" \"selected\" { filter { name = \"tag:Name\" values = [\"myvpc\"] } }  The tool will display the necessary output based on our input file. All of our terraform projects' state file are stored in an s3...",
        "ts": "1637723197.051500",
        "username": "Terraform",
        "icons": {
            "image_48": "https:\/\/s3-us-west-2.amazonaws.com\/slack-files2\/bot_icons\/2019-02-12\/548785199618_48.png"
        },
        "bot_id": "BG3N7LG73",
        "blocks": [
            {
                "type": "rich_text",
                "block_id": "N1L",
                "elements": [
                    {
                        "type": "rich_text_section",
                        "elements": [
                            {
                                "type": "link",
                                "url": "https:\/\/www.reddit.com\/r\/Terraform\/comments\/r0uppa\/querying_a_resource_in_aws_but_not_using_any\/",
                                "text": "Querying a resource in AWS but not using any state file"
                            },
                            {
                                "type": "text",
                                "text": "\nWe use data element to query a resource. We can also add filter inside it like using tags. I would like to know if there is a tool that we can use where we can pass a tf file as input. The tf file will contain a very basic data block of a resource that we're interested in. For example: data \"aws_vpc\" \"selected\" { filter { name = \"tag:Name\" values = [\"myvpc\"] } }  The tool will display the necessary output based on our input file. All of our terraform projects' state file are stored in an s3..."
                            }
                        ]
                    }
                ]
            }
        ],
        "attachments": [
            {
                "from_url": "https:\/\/www.reddit.com\/r\/Terraform\/comments\/r0uppa\/querying_a_resource_in_aws_but_not_using_any\/",
                "service_name": "reddit",
                "title": "Querying a resource in AWS but not using any state file",
                "title_link": "https:\/\/www.reddit.com\/r\/Terraform\/comments\/r0uppa\/querying_a_resource_in_aws_but_not_using_any\/",
                "text": "We use data element to query a resource. We can also add filter inside it like using tags. I would like to know if there is a tool that we can use...",
                "thumb_url": "https:\/\/www.redditstatic.com\/new-icon.png",
                "thumb_width": 256,
                "thumb_height": 256,
                "fallback": "reddit: Querying a resource in AWS but not using any state file",
                "service_icon": "http:\/\/www.redditstatic.com\/desktop2x\/img\/favicon\/apple-icon-57x57.png",
                "id": 1,
                "original_url": "https:\/\/www.reddit.com\/r\/Terraform\/comments\/r0uppa\/querying_a_resource_in_aws_but_not_using_any\/"
            }
        ],
        "edited": {
            "user": "BG3N7LG73",
            "ts": "1637723197.000000"
        }
    },
    {
        "type": "message",
        "subtype": "bot_message",
        "text": "<https:\/\/www.reddit.com\/r\/Terraform\/comments\/r0y4lt\/azure_how_to_create_private_zone_dns_records_in_a\/|Azure: How to create private zone dns records in a privileged hub subscription?>\nIn Azure, we have a hub and spoke subscription model where the hub will contain core networking, storage, backup as well as the private DNS zones that we use. This is pretty locked down for security reasons.  The application teams will have their own spoke subscription which we create and provides them the resources that they want to create including private endpoints.  The problem I'm running into is how to allow application teams to manage DNS records within the hub subscription private DNS...",
        "ts": "1637734598.051700",
        "username": "Terraform",
        "icons": {
            "image_48": "https:\/\/s3-us-west-2.amazonaws.com\/slack-files2\/bot_icons\/2019-02-12\/548785199618_48.png"
        },
        "bot_id": "BG3N7LG73",
        "blocks": [
            {
                "type": "rich_text",
                "block_id": "7wHO",
                "elements": [
                    {
                        "type": "rich_text_section",
                        "elements": [
                            {
                                "type": "link",
                                "url": "https:\/\/www.reddit.com\/r\/Terraform\/comments\/r0y4lt\/azure_how_to_create_private_zone_dns_records_in_a\/",
                                "text": "Azure: How to create private zone dns records in a privileged hub subscription?"
                            },
                            {
                                "type": "text",
                                "text": "\nIn Azure, we have a hub and spoke subscription model where the hub will contain core networking, storage, backup as well as the private DNS zones that we use. This is pretty locked down for security reasons.  The application teams will have their own spoke subscription which we create and provides them the resources that they want to create including private endpoints.  The problem I'm running into is how to allow application teams to manage DNS records within the hub subscription private DNS..."
                            }
                        ]
                    }
                ]
            }
        ],
        "attachments": [
            {
                "from_url": "https:\/\/www.reddit.com\/r\/Terraform\/comments\/r0y4lt\/azure_how_to_create_private_zone_dns_records_in_a\/",
                "service_name": "reddit",
                "title": "Azure: How to create private zone dns records in a privileged hub subscription?",
                "title_link": "https:\/\/www.reddit.com\/r\/Terraform\/comments\/r0y4lt\/azure_how_to_create_private_zone_dns_records_in_a\/",
                "text": "In Azure, we have a hub and spoke subscription model where the hub will contain core networking, storage, backup as well as the private DNS zones...",
                "thumb_url": "https:\/\/www.redditstatic.com\/new-icon.png",
                "thumb_width": 256,
                "thumb_height": 256,
                "fallback": "reddit: Azure: How to create private zone dns records in a privileged hub subscription?",
                "service_icon": "http:\/\/www.redditstatic.com\/desktop2x\/img\/favicon\/apple-icon-57x57.png",
                "id": 1,
                "original_url": "https:\/\/www.reddit.com\/r\/Terraform\/comments\/r0y4lt\/azure_how_to_create_private_zone_dns_records_in_a\/"
            }
        ],
        "edited": {
            "user": "BG3N7LG73",
            "ts": "1637734599.000000"
        }
    }
]