[
    {
        "type": "message",
        "subtype": "bot_message",
        "text": "<https:\/\/www.reddit.com\/r\/Terraform\/comments\/r2kk9m\/do_you_want_to_get_devops_certified_for_free_we\/|Do you want to get DevOps certified for Free? We have 10 Black Friday promo codes.>\nThis Black Friday, we are offering 10 DevOps Artisan certification promo codes so you can take a FREE certification exam in one of the following: A1-001: Automation Engineer Associate Artisan DO1-001: Deploy&amp;Operate Engineer Associate Artisan R1-001: Release Engineer Associate Artisan A2-001: Automation Engineer Professional Artisan DO2-001: Deploy&amp;Operate Engineer Professional Artisan R2-001: Release Engineer Professional Artisan Let us know in the comments below why you would like to obtain...",
        "ts": "1637924197.054700",
        "username": "Terraform",
        "icons": {
            "image_48": "https:\/\/s3-us-west-2.amazonaws.com\/slack-files2\/bot_icons\/2019-02-12\/548785199618_48.png"
        },
        "bot_id": "BG3N7LG73",
        "blocks": [
            {
                "type": "rich_text",
                "block_id": "edGKM",
                "elements": [
                    {
                        "type": "rich_text_section",
                        "elements": [
                            {
                                "type": "link",
                                "url": "https:\/\/www.reddit.com\/r\/Terraform\/comments\/r2kk9m\/do_you_want_to_get_devops_certified_for_free_we\/",
                                "text": "Do you want to get DevOps certified for Free? We have 10 Black Friday promo codes."
                            },
                            {
                                "type": "text",
                                "text": "\nThis Black Friday, we are offering 10 DevOps Artisan certification promo codes so you can take a FREE certification exam in one of the following: A1-001: Automation Engineer Associate Artisan DO1-001: Deploy&Operate Engineer Associate Artisan R1-001: Release Engineer Associate Artisan A2-001: Automation Engineer Professional Artisan DO2-001: Deploy&Operate Engineer Professional Artisan R2-001: Release Engineer Professional Artisan Let us know in the comments below why you would like to obtain..."
                            }
                        ]
                    }
                ]
            }
        ],
        "attachments": [
            {
                "from_url": "https:\/\/www.reddit.com\/r\/Terraform\/comments\/r2kk9m\/do_you_want_to_get_devops_certified_for_free_we\/",
                "service_name": "reddit",
                "title": "Do you want to get DevOps certified for Free? We have 10 Black Friday promo codes.",
                "title_link": "https:\/\/www.reddit.com\/r\/Terraform\/comments\/r2kk9m\/do_you_want_to_get_devops_certified_for_free_we\/",
                "text": "This Black Friday, we are offering 10 DevOps Artisan certification promo codes so you can take a FREE certification exam in one of the...",
                "thumb_url": "https:\/\/www.redditstatic.com\/new-icon.png",
                "thumb_width": 256,
                "thumb_height": 256,
                "fallback": "reddit: Do you want to get DevOps certified for Free? We have 10 Black Friday promo codes.",
                "service_icon": "http:\/\/www.redditstatic.com\/desktop2x\/img\/favicon\/apple-icon-57x57.png",
                "id": 1,
                "original_url": "https:\/\/www.reddit.com\/r\/Terraform\/comments\/r2kk9m\/do_you_want_to_get_devops_certified_for_free_we\/"
            }
        ],
        "edited": {
            "user": "BG3N7LG73",
            "ts": "1637924197.000000"
        }
    },
    {
        "type": "message",
        "subtype": "bot_message",
        "text": "<https:\/\/www.reddit.com\/r\/Terraform\/comments\/r2puk0\/deploying_a_lambda_with_terraform_that_contains\/|Deploying a lambda with terraform that contains multiple files?>\nI have a python lambda I want to deploy that depends on some other python scripts. The lambda itself can't run without those. Looking at the docs, I don't see a way for me to process that entire \"folder\" as lambda and deploy it that way. I understand I can easily add that specific lambda in my step function later, but I need other scripts to go with it so I could actually run it. I know how to use archive provider to archive the entire folder, could that be helpful in my efforts? Thanks....",
        "ts": "1637941598.054900",
        "username": "Terraform",
        "icons": {
            "image_48": "https:\/\/s3-us-west-2.amazonaws.com\/slack-files2\/bot_icons\/2019-02-12\/548785199618_48.png"
        },
        "bot_id": "BG3N7LG73",
        "blocks": [
            {
                "type": "rich_text",
                "block_id": "C=g",
                "elements": [
                    {
                        "type": "rich_text_section",
                        "elements": [
                            {
                                "type": "link",
                                "url": "https:\/\/www.reddit.com\/r\/Terraform\/comments\/r2puk0\/deploying_a_lambda_with_terraform_that_contains\/",
                                "text": "Deploying a lambda with terraform that contains multiple files?"
                            },
                            {
                                "type": "text",
                                "text": "\nI have a python lambda I want to deploy that depends on some other python scripts. The lambda itself can't run without those. Looking at the docs, I don't see a way for me to process that entire \"folder\" as lambda and deploy it that way. I understand I can easily add that specific lambda in my step function later, but I need other scripts to go with it so I could actually run it. I know how to use archive provider to archive the entire folder, could that be helpful in my efforts? Thanks...."
                            }
                        ]
                    }
                ]
            }
        ],
        "attachments": [
            {
                "from_url": "https:\/\/www.reddit.com\/r\/Terraform\/comments\/r2puk0\/deploying_a_lambda_with_terraform_that_contains\/",
                "service_name": "reddit",
                "title": "Deploying a lambda with terraform that contains multiple files?",
                "title_link": "https:\/\/www.reddit.com\/r\/Terraform\/comments\/r2puk0\/deploying_a_lambda_with_terraform_that_contains\/",
                "text": "I have a python lambda I want to deploy that depends on some other python scripts. The lambda itself can't run without those. Looking at the docs,...",
                "thumb_url": "https:\/\/www.redditstatic.com\/new-icon.png",
                "thumb_width": 256,
                "thumb_height": 256,
                "fallback": "reddit: Deploying a lambda with terraform that contains multiple files?",
                "service_icon": "http:\/\/www.redditstatic.com\/desktop2x\/img\/favicon\/apple-icon-57x57.png",
                "id": 1,
                "original_url": "https:\/\/www.reddit.com\/r\/Terraform\/comments\/r2puk0\/deploying_a_lambda_with_terraform_that_contains\/"
            }
        ],
        "edited": {
            "user": "BG3N7LG73",
            "ts": "1637941598.000000"
        }
    }
]