[
    {
        "type": "message",
        "subtype": "bot_message",
        "text": "<https:\/\/www.reddit.com\/r\/Terraform\/comments\/qpbbaw\/how_do_you_setup_one_time_resources_eg_backend\/|How do you setup \"one time\" resources, eg backend and IAM accounts?>\nHow do you go about setting up resources that are more or less required to be in place - in a sort of one-time creation fashion and ensuring they aren't deleted at any point, for example: - backend S3 &amp; dynamodb - IAM accounts    submitted by   <https:\/\/www.reddit.com\/user\/br0nn0| \/u\/br0nn0 > \n<https:\/\/www.reddit.com\/r\/Terraform\/comments\/qpbbaw\/how_do_you_setup_one_time_resources_eg_backend\/|[link]>   &lt;a...",
        "ts": "1636370198.026700",
        "username": "Terraform",
        "icons": {
            "image_48": "https:\/\/s3-us-west-2.amazonaws.com\/slack-files2\/bot_icons\/2019-02-12\/548785199618_48.png"
        },
        "bot_id": "BG3N7LG73",
        "blocks": [
            {
                "type": "rich_text",
                "block_id": "FML",
                "elements": [
                    {
                        "type": "rich_text_section",
                        "elements": [
                            {
                                "type": "link",
                                "url": "https:\/\/www.reddit.com\/r\/Terraform\/comments\/qpbbaw\/how_do_you_setup_one_time_resources_eg_backend\/",
                                "text": "How do you setup \"one time\" resources, eg backend and IAM accounts?"
                            },
                            {
                                "type": "text",
                                "text": "\nHow do you go about setting up resources that are more or less required to be in place - in a sort of one-time creation fashion and ensuring they aren't deleted at any point, for example: - backend S3 & dynamodb - IAM accounts    submitted by   "
                            },
                            {
                                "type": "link",
                                "url": "https:\/\/www.reddit.com\/user\/br0nn0",
                                "text": "\/u\/br0nn0"
                            },
                            {
                                "type": "text",
                                "text": " \n"
                            },
                            {
                                "type": "link",
                                "url": "https:\/\/www.reddit.com\/r\/Terraform\/comments\/qpbbaw\/how_do_you_setup_one_time_resources_eg_backend\/",
                                "text": "[link]"
                            },
                            {
                                "type": "text",
                                "text": "   <a..."
                            }
                        ]
                    }
                ]
            }
        ],
        "attachments": [
            {
                "fallback": "reddit: How do you setup \"one time\" resources, eg backend and IAM accounts?",
                "from_url": "https:\/\/www.reddit.com\/r\/Terraform\/comments\/qpbbaw\/how_do_you_setup_one_time_resources_eg_backend\/",
                "service_name": "reddit",
                "service_icon": "http:\/\/www.redditstatic.com\/desktop2x\/img\/favicon\/apple-icon-57x57.png",
                "title": "How do you setup \"one time\" resources, eg backend and IAM accounts?",
                "title_link": "https:\/\/www.reddit.com\/r\/Terraform\/comments\/qpbbaw\/how_do_you_setup_one_time_resources_eg_backend\/",
                "thumb_url": "https:\/\/www.redditstatic.com\/new-icon.png",
                "thumb_width": 256,
                "thumb_height": 256,
                "text": "How do you go about setting up resources that are more or less required to be in place - in a sort of one-time creation fashion and ensuring they...",
                "id": 1,
                "original_url": "https:\/\/www.reddit.com\/r\/Terraform\/comments\/qpbbaw\/how_do_you_setup_one_time_resources_eg_backend\/"
            },
            {
                "fallback": "overview for br0nn0",
                "from_url": "https:\/\/www.reddit.com\/user\/br0nn0",
                "service_name": "reddit.com",
                "service_icon": "http:\/\/www.redditstatic.com\/desktop2x\/img\/favicon\/apple-icon-57x57.png",
                "title": "overview for br0nn0",
                "title_link": "https:\/\/www.reddit.com\/user\/br0nn0",
                "text": "The u\/br0nn0 community on Reddit. Reddit gives you the best of the internet in one place.",
                "id": 2,
                "original_url": "https:\/\/www.reddit.com\/user\/br0nn0"
            }
        ],
        "edited": {
            "user": "BG3N7LG73",
            "ts": "1636370199.000000"
        }
    },
    {
        "type": "message",
        "subtype": "bot_message",
        "text": "<https:\/\/www.reddit.com\/r\/Terraform\/comments\/qpbisk\/terraform_state_in_the_cloud_s3_alternative\/|Terraform state in the cloud - S3 Alternative>\nTerraform state in the :cloud: The simplest way to securely store the Terraform States and Locks in the cloud. No browser, no custom clients, and no cumbersome configuration required. Works magically right from the terminal. <https:\/\/tfstate.cloud\/getting-started\/|https:\/\/tfstate.cloud\/getting-started\/>    submitted by   <https:\/\/www.reddit.com\/user\/rtpro1| \/u\/rtpro1 > \n&lt;a...",
        "ts": "1636371401.026900",
        "username": "Terraform",
        "icons": {
            "image_48": "https:\/\/s3-us-west-2.amazonaws.com\/slack-files2\/bot_icons\/2019-02-12\/548785199618_48.png"
        },
        "bot_id": "BG3N7LG73",
        "blocks": [
            {
                "type": "rich_text",
                "block_id": "oghm",
                "elements": [
                    {
                        "type": "rich_text_section",
                        "elements": [
                            {
                                "type": "link",
                                "url": "https:\/\/www.reddit.com\/r\/Terraform\/comments\/qpbisk\/terraform_state_in_the_cloud_s3_alternative\/",
                                "text": "Terraform state in the cloud - S3 Alternative"
                            },
                            {
                                "type": "text",
                                "text": "\nTerraform state in the "
                            },
                            {
                                "type": "emoji",
                                "name": "cloud",
                                "unicode": "2601-fe0f"
                            },
                            {
                                "type": "text",
                                "text": " The simplest way to securely store the Terraform States and Locks in the cloud. No browser, no custom clients, and no cumbersome configuration required. Works magically right from the terminal. "
                            },
                            {
                                "type": "link",
                                "url": "https:\/\/tfstate.cloud\/getting-started\/"
                            },
                            {
                                "type": "text",
                                "text": "    submitted by   "
                            },
                            {
                                "type": "link",
                                "url": "https:\/\/www.reddit.com\/user\/rtpro1",
                                "text": "\/u\/rtpro1"
                            },
                            {
                                "type": "text",
                                "text": " \n<a..."
                            }
                        ]
                    }
                ]
            }
        ],
        "attachments": [
            {
                "fallback": "reddit: Terraform state in the cloud - S3 Alternative",
                "from_url": "https:\/\/www.reddit.com\/r\/Terraform\/comments\/qpbisk\/terraform_state_in_the_cloud_s3_alternative\/",
                "service_name": "reddit",
                "service_icon": "http:\/\/www.redditstatic.com\/desktop2x\/img\/favicon\/apple-icon-57x57.png",
                "title": "Terraform state in the cloud - S3 Alternative",
                "title_link": "https:\/\/www.reddit.com\/r\/Terraform\/comments\/qpbisk\/terraform_state_in_the_cloud_s3_alternative\/",
                "thumb_url": "https:\/\/www.redditstatic.com\/new-icon.png",
                "thumb_width": 256,
                "thumb_height": 256,
                "text": "Terraform state in the :cloud: The simplest way to securely store the Terraform States and Locks in the cloud. No browser, no custom clients, and no...",
                "id": 1,
                "original_url": "https:\/\/www.reddit.com\/r\/Terraform\/comments\/qpbisk\/terraform_state_in_the_cloud_s3_alternative\/"
            },
            {
                "fallback": "Terraform State Cloud: Getting Started",
                "image_url": "https:\/\/dashboard.snapcraft.io\/site_media\/appmedia\/2019\/11\/terraform.png",
                "image_width": 250,
                "image_height": 250,
                "image_bytes": 15498,
                "from_url": "https:\/\/tfstate.cloud\/getting-started\/",
                "service_name": "Terraform State Cloud",
                "title": "Getting Started",
                "title_link": "https:\/\/tfstate.cloud\/getting-started\/",
                "text": "0. Instructions Get the insturcitons in the terminal using curl command: curl <https:\/\/get.tfstate.cloud> Example output: ▛▀▀▀▀▀▀▀▀▀▀▀▀▀▀▀▀▜ ▌ TFstate:cloud: CLOUD ▐ Store Terraform State ▙▃▃▃▃▃▃▃▃▃▃▃▃▃▃▃▃▟ and Terraform Locks in the cloud. - Create a new account and get the backend configuration (replace with your email and password): curl <https:\/\/get.tfstate.cloud> -F email=my@email.com -F password=MyPassword -F action=create - Retrieve the backend configuration (default: -F action=get): curl <https:\/\/get.tfstate.cloud> -F email=my@email.com -F password=MyPassword - Run `terraform init` and `terraform apply` after `backend.",
                "ts": 1635155703,
                "id": 2,
                "original_url": "https:\/\/tfstate.cloud\/getting-started\/"
            },
            {
                "fallback": "overview for rtpro1",
                "from_url": "https:\/\/www.reddit.com\/user\/rtpro1",
                "service_name": "reddit.com",
                "service_icon": "http:\/\/www.redditstatic.com\/desktop2x\/img\/favicon\/apple-icon-57x57.png",
                "title": "overview for rtpro1",
                "title_link": "https:\/\/www.reddit.com\/user\/rtpro1",
                "text": "The u\/rtpro1 community on Reddit. Reddit gives you the best of the internet in one place.",
                "id": 3,
                "original_url": "https:\/\/www.reddit.com\/user\/rtpro1"
            }
        ],
        "edited": {
            "user": "BG3N7LG73",
            "ts": "1636371401.000000"
        }
    },
    {
        "type": "message",
        "subtype": "bot_message",
        "text": "<https:\/\/www.reddit.com\/r\/Terraform\/comments\/qpeul0\/some_of_the_best_terraform_tutorials_for\/|Some of the best Terraform Tutorials For Beginners - Learn Terraform Online>\nsubmitted by   <https:\/\/www.reddit.com\/user\/gandhiN| \/u\/gandhiN > \n<https:\/\/blog.coursesity.com\/best-terraform-tutorials\/?utm_source=reddit&amp;utm_medium=social&amp;utm_campaign=redditPost&amp;utm_term=terraform|[link]>   <https:\/\/www.reddit.com\/r\/Terraform\/comments\/qpeul0\/some_of_the_best_terraform_tutorials_for\/|[comments]>",
        "ts": "1636382198.027100",
        "username": "Terraform",
        "icons": {
            "image_48": "https:\/\/s3-us-west-2.amazonaws.com\/slack-files2\/bot_icons\/2019-02-12\/548785199618_48.png"
        },
        "bot_id": "BG3N7LG73",
        "blocks": [
            {
                "type": "rich_text",
                "block_id": "cky5j",
                "elements": [
                    {
                        "type": "rich_text_section",
                        "elements": [
                            {
                                "type": "link",
                                "url": "https:\/\/www.reddit.com\/r\/Terraform\/comments\/qpeul0\/some_of_the_best_terraform_tutorials_for\/",
                                "text": "Some of the best Terraform Tutorials For Beginners - Learn Terraform Online"
                            },
                            {
                                "type": "text",
                                "text": "\nsubmitted by   "
                            },
                            {
                                "type": "link",
                                "url": "https:\/\/www.reddit.com\/user\/gandhiN",
                                "text": "\/u\/gandhiN"
                            },
                            {
                                "type": "text",
                                "text": " \n"
                            },
                            {
                                "type": "link",
                                "url": "https:\/\/blog.coursesity.com\/best-terraform-tutorials\/?utm_source=reddit&amp;utm_medium=social&amp;utm_campaign=redditPost&amp;utm_term=terraform",
                                "text": "[link]"
                            },
                            {
                                "type": "text",
                                "text": "   "
                            },
                            {
                                "type": "link",
                                "url": "https:\/\/www.reddit.com\/r\/Terraform\/comments\/qpeul0\/some_of_the_best_terraform_tutorials_for\/",
                                "text": "[comments]"
                            }
                        ]
                    }
                ]
            }
        ],
        "attachments": [
            {
                "fallback": "reddit: Some of the best Terraform Tutorials For Beginners - Learn Terraform Online",
                "from_url": "https:\/\/www.reddit.com\/r\/Terraform\/comments\/qpeul0\/some_of_the_best_terraform_tutorials_for\/",
                "service_name": "reddit",
                "service_icon": "http:\/\/www.redditstatic.com\/desktop2x\/img\/favicon\/apple-icon-57x57.png",
                "title": "Some of the best Terraform Tutorials For Beginners - Learn Terraform Online",
                "title_link": "https:\/\/www.reddit.com\/r\/Terraform\/comments\/qpeul0\/some_of_the_best_terraform_tutorials_for\/",
                "thumb_url": "https:\/\/b.thumbs.redditmedia.com\/0IVgqoLxnJcTQg7Joukq2OgnFhnT7txy1_mBOxmpLhs.jpg",
                "thumb_width": 140,
                "thumb_height": 70,
                "text": "Posted in r\/Terraform by u\/gandhiN • 1 point and 0 comments",
                "id": 1,
                "original_url": "https:\/\/www.reddit.com\/r\/Terraform\/comments\/qpeul0\/some_of_the_best_terraform_tutorials_for\/"
            },
            {
                "fallback": "overview for gandhiN",
                "from_url": "https:\/\/www.reddit.com\/user\/gandhiN",
                "service_name": "reddit.com",
                "service_icon": "http:\/\/www.redditstatic.com\/desktop2x\/img\/favicon\/apple-icon-57x57.png",
                "title": "overview for gandhiN",
                "title_link": "https:\/\/www.reddit.com\/user\/gandhiN",
                "text": "The u\/gandhiN community on Reddit. Reddit gives you the best of the internet in one place.",
                "id": 2,
                "original_url": "https:\/\/www.reddit.com\/user\/gandhiN"
            },
            {
                "fallback": "Coursesity: 7 Best Terraform Tutorials For Beginners - Learn Terraform Online",
                "image_url": "https:\/\/s3.amazonaws.com\/coursesity-blog\/2021\/10\/terraform-tutorials.jpg",
                "image_width": 500,
                "image_height": 250,
                "image_bytes": 35148,
                "from_url": "https:\/\/blog.coursesity.com\/best-terraform-tutorials\/?utm_source=reddit&utm_medium=social&utm_campaign=redditPost&utm_term=terraform",
                "service_name": "Coursesity",
                "service_icon": "https:\/\/blog.coursesity.com\/favicon.png",
                "title": "7 Best Terraform Tutorials For Beginners - Learn Terraform Online",
                "title_link": "https:\/\/blog.coursesity.com\/best-terraform-tutorials\/?utm_source=reddit&utm_medium=social&utm_campaign=redditPost&utm_term=terraform",
                "text": "Learn Terraform step by step and use this infrastructure as a code solution to manage and automate your infrastructure. Learn from the best Terraform tutorials Online!",
                "fields": [
                    {
                        "title": "Written by",
                        "value": "Akshit Tiwari",
                        "short": true
                    },
                    {
                        "title": "Filed under",
                        "value": "Web Development Courses, Programming",
                        "short": true
                    }
                ],
                "ts": 1635901500,
                "id": 3,
                "original_url": "https:\/\/blog.coursesity.com\/best-terraform-tutorials\/?utm_source=reddit&amp;utm_medium=social&amp;utm_campaign=redditPost&amp;utm_term=terraform"
            }
        ],
        "edited": {
            "user": "BG3N7LG73",
            "ts": "1636382198.000000"
        }
    },
    {
        "type": "message",
        "subtype": "bot_message",
        "text": "<https:\/\/www.reddit.com\/r\/Terraform\/comments\/qpgbp3\/new_terraform_cheat_sheet_updated_to_2021\/|New Terraform cheat sheet (updated to 2021)>\nA new updated cheat sheet including terraform command and terraform cloud and CLI: <https:\/\/www.almtoolbox.com\/blog\/terraform-cheat-sheet\/|https:\/\/www.almtoolbox.com\/blog\/terraform-cheat-sheet\/>    submitted by   <https:\/\/www.reddit.com\/user\/NoaHirsh| \/u\/NoaHirsh > \n<https:\/\/www.reddit.com\/r\/Terraform\/comments\/qpgbp3\/new_terraform_cheat_sheet_updated_to_2021\/|[link]>   &lt;a...",
        "ts": "1636386996.027300",
        "username": "Terraform",
        "icons": {
            "image_48": "https:\/\/s3-us-west-2.amazonaws.com\/slack-files2\/bot_icons\/2019-02-12\/548785199618_48.png"
        },
        "bot_id": "BG3N7LG73",
        "blocks": [
            {
                "type": "rich_text",
                "block_id": "227+",
                "elements": [
                    {
                        "type": "rich_text_section",
                        "elements": [
                            {
                                "type": "link",
                                "url": "https:\/\/www.reddit.com\/r\/Terraform\/comments\/qpgbp3\/new_terraform_cheat_sheet_updated_to_2021\/",
                                "text": "New Terraform cheat sheet (updated to 2021)"
                            },
                            {
                                "type": "text",
                                "text": "\nA new updated cheat sheet including terraform command and terraform cloud and CLI: "
                            },
                            {
                                "type": "link",
                                "url": "https:\/\/www.almtoolbox.com\/blog\/terraform-cheat-sheet\/"
                            },
                            {
                                "type": "text",
                                "text": "    submitted by   "
                            },
                            {
                                "type": "link",
                                "url": "https:\/\/www.reddit.com\/user\/NoaHirsh",
                                "text": "\/u\/NoaHirsh"
                            },
                            {
                                "type": "text",
                                "text": " \n"
                            },
                            {
                                "type": "link",
                                "url": "https:\/\/www.reddit.com\/r\/Terraform\/comments\/qpgbp3\/new_terraform_cheat_sheet_updated_to_2021\/",
                                "text": "[link]"
                            },
                            {
                                "type": "text",
                                "text": "   <a..."
                            }
                        ]
                    }
                ]
            }
        ],
        "attachments": [
            {
                "from_url": "https:\/\/www.reddit.com\/r\/Terraform\/comments\/qpgbp3\/new_terraform_cheat_sheet_updated_to_2021\/",
                "service_name": "reddit",
                "title": "New Terraform cheat sheet (updated to 2021)",
                "title_link": "https:\/\/www.reddit.com\/r\/Terraform\/comments\/qpgbp3\/new_terraform_cheat_sheet_updated_to_2021\/",
                "text": "A new updated cheat sheet including terraform command and terraform cloud and...",
                "thumb_url": "https:\/\/www.redditstatic.com\/new-icon.png",
                "thumb_width": 256,
                "thumb_height": 256,
                "fallback": "reddit: New Terraform cheat sheet (updated to 2021)",
                "service_icon": "http:\/\/www.redditstatic.com\/desktop2x\/img\/favicon\/apple-icon-57x57.png",
                "id": 1,
                "original_url": "https:\/\/www.reddit.com\/r\/Terraform\/comments\/qpgbp3\/new_terraform_cheat_sheet_updated_to_2021\/"
            },
            {
                "from_url": "https:\/\/www.almtoolbox.com\/blog\/terraform-cheat-sheet\/",
                "service_name": "ALMtoolbox News",
                "title": "Get Terraform Cheat Sheet (Updated to 2021) - ALMtoolbox News",
                "title_link": "https:\/\/www.almtoolbox.com\/blog\/terraform-cheat-sheet\/",
                "text": "Get the best Terraform cheat sheets we could find, including terraform on-premises, terraform cloud, terraform cli commands and more",
                "fields": [
                    {
                        "title": "Written by",
                        "value": "Noa Harel",
                        "short": true
                    },
                    {
                        "title": "Est. reading time",
                        "value": "1 minute",
                        "short": true
                    }
                ],
                "ts": 1628516340,
                "image_url": "https:\/\/www.almtoolbox.com\/blog\/wp-content\/uploads\/\/2021\/08\/terraform-cheat-sheet.jpg",
                "image_width": 250,
                "image_height": 250,
                "image_bytes": 81498,
                "fallback": "ALMtoolbox News: Get Terraform Cheat Sheet (Updated to 2021) - ALMtoolbox News",
                "service_icon": "https:\/\/www.almtoolbox.com\/favicon.ico",
                "id": 2,
                "original_url": "https:\/\/www.almtoolbox.com\/blog\/terraform-cheat-sheet\/"
            },
            {
                "fallback": "overview for NoaHirsh",
                "from_url": "https:\/\/www.reddit.com\/user\/NoaHirsh",
                "service_name": "reddit.com",
                "service_icon": "http:\/\/www.redditstatic.com\/desktop2x\/img\/favicon\/apple-icon-57x57.png",
                "title": "overview for NoaHirsh",
                "title_link": "https:\/\/www.reddit.com\/user\/NoaHirsh",
                "text": "The u\/NoaHirsh community on Reddit. Reddit gives you the best of the internet in one place.",
                "id": 3,
                "original_url": "https:\/\/www.reddit.com\/user\/NoaHirsh"
            }
        ],
        "edited": {
            "user": "BG3N7LG73",
            "ts": "1636386996.000000"
        }
    },
    {
        "type": "message",
        "subtype": "bot_message",
        "text": "<https:\/\/www.reddit.com\/r\/Terraform\/comments\/qpi82c\/getting_a_gcp_service_account_that_can_pull_from\/|Getting a GCP service account that can pull from the project's private GCR repo>\nHi all! I want to provisions VMs associated with a service account that can pull container images from GCR. Sounds simple, doesn't it? However, I am lost. Here's my .tf file resource \"google_service_account\" \"default\" { account_id = \"my_account\" display_name = \"My Service Account\" } resource \"google_compute_instance\" \"my_instance\" { [...] service_account { email = google_service_account.default.email scopes = [\"cloud-platform\"] } }  I thought that with this I could pull images from the GCR as...",
        "ts": "1636392394.027500",
        "username": "Terraform",
        "icons": {
            "image_48": "https:\/\/s3-us-west-2.amazonaws.com\/slack-files2\/bot_icons\/2019-02-12\/548785199618_48.png"
        },
        "bot_id": "BG3N7LG73",
        "blocks": [
            {
                "type": "rich_text",
                "block_id": "qTVK9",
                "elements": [
                    {
                        "type": "rich_text_section",
                        "elements": [
                            {
                                "type": "link",
                                "url": "https:\/\/www.reddit.com\/r\/Terraform\/comments\/qpi82c\/getting_a_gcp_service_account_that_can_pull_from\/",
                                "text": "Getting a GCP service account that can pull from the project's private GCR repo"
                            },
                            {
                                "type": "text",
                                "text": "\nHi all! I want to provisions VMs associated with a service account that can pull container images from GCR. Sounds simple, doesn't it? However, I am lost. Here's my .tf file resource \"google_service_account\" \"default\" { account_id = \"my_account\" display_name = \"My Service Account\" } resource \"google_compute_instance\" \"my_instance\" { [...] service_account { email = google_service_account.default.email scopes = [\"cloud-platform\"] } }  I thought that with this I could pull images from the GCR as..."
                            }
                        ]
                    }
                ]
            }
        ],
        "attachments": [
            {
                "fallback": "reddit: Getting a GCP service account that can pull from the project's private GCR repo",
                "from_url": "https:\/\/www.reddit.com\/r\/Terraform\/comments\/qpi82c\/getting_a_gcp_service_account_that_can_pull_from\/",
                "service_name": "reddit",
                "service_icon": "http:\/\/www.redditstatic.com\/desktop2x\/img\/favicon\/apple-icon-57x57.png",
                "title": "Getting a GCP service account that can pull from the project's private GCR repo",
                "title_link": "https:\/\/www.reddit.com\/r\/Terraform\/comments\/qpi82c\/getting_a_gcp_service_account_that_can_pull_from\/",
                "thumb_url": "https:\/\/www.redditstatic.com\/new-icon.png",
                "thumb_width": 256,
                "thumb_height": 256,
                "text": "Hi all! I want to provisions VMs associated with a service account that can pull container images from GCR. Sounds simple, doesn't it? However, I...",
                "id": 1,
                "original_url": "https:\/\/www.reddit.com\/r\/Terraform\/comments\/qpi82c\/getting_a_gcp_service_account_that_can_pull_from\/"
            }
        ],
        "edited": {
            "user": "BG3N7LG73",
            "ts": "1636392394.000000"
        }
    },
    {
        "type": "message",
        "subtype": "bot_message",
        "text": "<https:\/\/www.reddit.com\/r\/Terraform\/comments\/qplu69\/how_can_i_get_a_tfe_workspace_to_recognize_an_aws\/|How can I get a TFE workspace to recognize an AWS profile?>\nI am running some AWC CLI commands to grant permissions using the provisioner local_exec block in a null_resource. The role that is needed to grant these is not the same role that the terraform code is running under. To make this work in AWC CLI, you need to add a profile in your .aws\/config file and attach it to the federated role you are logged in as, then add a \"--profile some_name\" argument to your CLI command. I have done this, and the command runs fine when I run from a CLI command...",
        "ts": "1636401999.027700",
        "username": "Terraform",
        "icons": {
            "image_48": "https:\/\/s3-us-west-2.amazonaws.com\/slack-files2\/bot_icons\/2019-02-12\/548785199618_48.png"
        },
        "bot_id": "BG3N7LG73",
        "blocks": [
            {
                "type": "rich_text",
                "block_id": "l0fX3",
                "elements": [
                    {
                        "type": "rich_text_section",
                        "elements": [
                            {
                                "type": "link",
                                "url": "https:\/\/www.reddit.com\/r\/Terraform\/comments\/qplu69\/how_can_i_get_a_tfe_workspace_to_recognize_an_aws\/",
                                "text": "How can I get a TFE workspace to recognize an AWS profile?"
                            },
                            {
                                "type": "text",
                                "text": "\nI am running some AWC CLI commands to grant permissions using the provisioner local_exec block in a null_resource. The role that is needed to grant these is not the same role that the terraform code is running under. To make this work in AWC CLI, you need to add a profile in your .aws\/config file and attach it to the federated role you are logged in as, then add a \"--profile some_name\" argument to your CLI command. I have done this, and the command runs fine when I run from a CLI command..."
                            }
                        ]
                    }
                ]
            }
        ],
        "attachments": [
            {
                "from_url": "https:\/\/www.reddit.com\/r\/Terraform\/comments\/qplu69\/how_can_i_get_a_tfe_workspace_to_recognize_an_aws\/",
                "service_name": "reddit",
                "title": "How can I get a TFE workspace to recognize an AWS profile?",
                "title_link": "https:\/\/www.reddit.com\/r\/Terraform\/comments\/qplu69\/how_can_i_get_a_tfe_workspace_to_recognize_an_aws\/",
                "text": "I am running some AWC CLI commands to grant permissions using the provisioner local\\_exec block in a null\\_resource. The role that is needed to...",
                "thumb_url": "https:\/\/www.redditstatic.com\/new-icon.png",
                "thumb_width": 256,
                "thumb_height": 256,
                "fallback": "reddit: How can I get a TFE workspace to recognize an AWS profile?",
                "service_icon": "http:\/\/www.redditstatic.com\/desktop2x\/img\/favicon\/apple-icon-57x57.png",
                "id": 1,
                "original_url": "https:\/\/www.reddit.com\/r\/Terraform\/comments\/qplu69\/how_can_i_get_a_tfe_workspace_to_recognize_an_aws\/"
            }
        ],
        "edited": {
            "user": "BG3N7LG73",
            "ts": "1636401999.000000"
        }
    },
    {
        "type": "message",
        "subtype": "bot_message",
        "text": "<https:\/\/www.reddit.com\/r\/Terraform\/comments\/qplzzr\/error_with_tls_private_key\/|Error with tls_private_key>\nHey everyone, I tried to run the following Terraform files into my Azure CLI <https:\/\/github.com\/HoussemDellai\/terraform-course\/tree\/main\/06_vm_linux|https:\/\/github.com\/HoussemDellai\/terraform-course\/tree\/main\/06_vm_linux> but when I enter \"Terraform apply\" it shows me this error:  ​ &lt;a...",
        "ts": "1636403198.027900",
        "username": "Terraform",
        "icons": {
            "image_48": "https:\/\/s3-us-west-2.amazonaws.com\/slack-files2\/bot_icons\/2019-02-12\/548785199618_48.png"
        },
        "bot_id": "BG3N7LG73",
        "blocks": [
            {
                "type": "rich_text",
                "block_id": "Uml",
                "elements": [
                    {
                        "type": "rich_text_section",
                        "elements": [
                            {
                                "type": "link",
                                "url": "https:\/\/www.reddit.com\/r\/Terraform\/comments\/qplzzr\/error_with_tls_private_key\/",
                                "text": "Error with tls_private_key"
                            },
                            {
                                "type": "text",
                                "text": "\nHey everyone, I tried to run the following Terraform files into my Azure CLI "
                            },
                            {
                                "type": "link",
                                "url": "https:\/\/github.com\/HoussemDellai\/terraform-course\/tree\/main\/06_vm_linux"
                            },
                            {
                                "type": "text",
                                "text": " but when I enter \"Terraform apply\" it shows me this error:  ​ <a..."
                            }
                        ]
                    }
                ]
            }
        ],
        "attachments": [
            {
                "fallback": "reddit: Error with tls_private_key",
                "from_url": "https:\/\/www.reddit.com\/r\/Terraform\/comments\/qplzzr\/error_with_tls_private_key\/",
                "service_name": "reddit",
                "service_icon": "http:\/\/www.redditstatic.com\/desktop2x\/img\/favicon\/apple-icon-57x57.png",
                "title": "Error with tls_private_key",
                "title_link": "https:\/\/www.reddit.com\/r\/Terraform\/comments\/qplzzr\/error_with_tls_private_key\/",
                "thumb_url": "https:\/\/external-preview.redd.it\/jhj24728ify71.png?overlay-align=bottom,left&crop=1200:290,smart&overlay-height=15p&overlay=%2Fwatermark%2Ft5_2u8e4.png%3Fs%3Dbfb326ca8735739e33a60abaf9a7c73bcb4a2134&width=1200&height=290&auto=webp&s=22c89575dcdfbb1cfc5adf57a940227d6fb08334",
                "thumb_width": 130,
                "thumb_height": 60,
                "text": "Posted in r\/Terraform by u\/carlosonee • 1 point and 0 comments",
                "id": 1,
                "original_url": "https:\/\/www.reddit.com\/r\/Terraform\/comments\/qplzzr\/error_with_tls_private_key\/"
            },
            {
                "fallback": "GitHub: terraform-course\/06_vm_linux at main · HoussemDellai\/terraform-course",
                "image_url": "https:\/\/opengraph.githubassets.com\/b9868d6dd0c62e926708e8ce55acd718c9f4f209baef93ca5d435c6da806b3ec\/HoussemDellai\/terraform-course",
                "image_width": 500,
                "image_height": 250,
                "image_bytes": 133179,
                "from_url": "https:\/\/github.com\/HoussemDellai\/terraform-course\/tree\/main\/06_vm_linux",
                "service_name": "GitHub",
                "service_icon": "https:\/\/a.slack-edge.com\/80588\/img\/unfurl_icons\/github.png",
                "title": "terraform-course\/06_vm_linux at main · HoussemDellai\/terraform-course",
                "title_link": "https:\/\/github.com\/HoussemDellai\/terraform-course\/tree\/main\/06_vm_linux",
                "text": "Full course for deploying Infrastructure to the Cloud using Terraform - terraform-course\/06_vm_linux at main · HoussemDellai\/terraform-course",
                "id": 2,
                "original_url": "https:\/\/github.com\/HoussemDellai\/terraform-course\/tree\/main\/06_vm_linux"
            }
        ],
        "edited": {
            "user": "BG3N7LG73",
            "ts": "1636403199.000000"
        }
    },
    {
        "type": "message",
        "subtype": "bot_message",
        "text": "<https:\/\/www.reddit.com\/r\/Terraform\/comments\/qptea2\/json_docs\/|json docs>\nWhy can't I copy\/paste the json from the was consul and use it in my tf code? Is there a set of formatting rules I need to abide by in tf?    submitted by   <https:\/\/www.reddit.com\/user\/jmuuz| \/u\/jmuuz > \n<https:\/\/www.reddit.com\/r\/Terraform\/comments\/qptea2\/json_docs\/|[link]>   <https:\/\/www.reddit.com\/r\/Terraform\/comments\/qptea2\/json_docs\/|[comments]>",
        "ts": "1636425395.028100",
        "username": "Terraform",
        "icons": {
            "image_48": "https:\/\/s3-us-west-2.amazonaws.com\/slack-files2\/bot_icons\/2019-02-12\/548785199618_48.png"
        },
        "bot_id": "BG3N7LG73",
        "blocks": [
            {
                "type": "rich_text",
                "block_id": "nyz",
                "elements": [
                    {
                        "type": "rich_text_section",
                        "elements": [
                            {
                                "type": "link",
                                "url": "https:\/\/www.reddit.com\/r\/Terraform\/comments\/qptea2\/json_docs\/",
                                "text": "json docs"
                            },
                            {
                                "type": "text",
                                "text": "\nWhy can't I copy\/paste the json from the was consul and use it in my tf code? Is there a set of formatting rules I need to abide by in tf?    submitted by   "
                            },
                            {
                                "type": "link",
                                "url": "https:\/\/www.reddit.com\/user\/jmuuz",
                                "text": "\/u\/jmuuz"
                            },
                            {
                                "type": "text",
                                "text": " \n"
                            },
                            {
                                "type": "link",
                                "url": "https:\/\/www.reddit.com\/r\/Terraform\/comments\/qptea2\/json_docs\/",
                                "text": "[link]"
                            },
                            {
                                "type": "text",
                                "text": "   "
                            },
                            {
                                "type": "link",
                                "url": "https:\/\/www.reddit.com\/r\/Terraform\/comments\/qptea2\/json_docs\/",
                                "text": "[comments]"
                            }
                        ]
                    }
                ]
            }
        ],
        "attachments": [
            {
                "fallback": "reddit: json docs",
                "from_url": "https:\/\/www.reddit.com\/r\/Terraform\/comments\/qptea2\/json_docs\/",
                "service_name": "reddit",
                "service_icon": "http:\/\/www.redditstatic.com\/desktop2x\/img\/favicon\/apple-icon-57x57.png",
                "title": "json docs",
                "title_link": "https:\/\/www.reddit.com\/r\/Terraform\/comments\/qptea2\/json_docs\/",
                "thumb_url": "https:\/\/www.redditstatic.com\/new-icon.png",
                "thumb_width": 256,
                "thumb_height": 256,
                "text": "Why can't I copy\/paste the json from the was consul and use it in my tf code? Is there a set of formatting rules I need to abide by in tf?",
                "id": 1,
                "original_url": "https:\/\/www.reddit.com\/r\/Terraform\/comments\/qptea2\/json_docs\/"
            },
            {
                "fallback": "overview for jmuuz",
                "from_url": "https:\/\/www.reddit.com\/user\/jmuuz",
                "service_name": "reddit.com",
                "service_icon": "http:\/\/www.redditstatic.com\/desktop2x\/img\/favicon\/apple-icon-57x57.png",
                "title": "overview for jmuuz",
                "title_link": "https:\/\/www.reddit.com\/user\/jmuuz",
                "text": "The u\/jmuuz community on Reddit. Reddit gives you the best of the internet in one place.",
                "id": 2,
                "original_url": "https:\/\/www.reddit.com\/user\/jmuuz"
            }
        ],
        "edited": {
            "user": "BG3N7LG73",
            "ts": "1636425396.000000"
        }
    },
    {
        "type": "message",
        "subtype": "bot_message",
        "text": "<https:\/\/www.reddit.com\/r\/Terraform\/comments\/qpvs4m\/create_terraform_visually_with_terraforge_looking\/|Create Terraform Visually with Terraforge - Looking for Feedback>\nHey Terraformers! In my own use of Terraform I've seen a number of tools out there that take in a Terraform config and outputs a visual representation of the resources and their interactions. While starting on a new project recently I realized that it would be quite nice to have a tool that reverses this process and would allow me to start with a graph that I can build visually then output the Terraform configuration. So I built one. <https:\/\/terraforge.vercel.app\/|Terraforge> is...",
        "ts": "1636433198.028300",
        "username": "Terraform",
        "icons": {
            "image_48": "https:\/\/s3-us-west-2.amazonaws.com\/slack-files2\/bot_icons\/2019-02-12\/548785199618_48.png"
        },
        "bot_id": "BG3N7LG73",
        "blocks": [
            {
                "type": "rich_text",
                "block_id": "YjrW",
                "elements": [
                    {
                        "type": "rich_text_section",
                        "elements": [
                            {
                                "type": "link",
                                "url": "https:\/\/www.reddit.com\/r\/Terraform\/comments\/qpvs4m\/create_terraform_visually_with_terraforge_looking\/",
                                "text": "Create Terraform Visually with Terraforge - Looking for Feedback"
                            },
                            {
                                "type": "text",
                                "text": "\nHey Terraformers! In my own use of Terraform I've seen a number of tools out there that take in a Terraform config and outputs a visual representation of the resources and their interactions. While starting on a new project recently I realized that it would be quite nice to have a tool that reverses this process and would allow me to start with a graph that I can build visually then output the Terraform configuration. So I built one. "
                            },
                            {
                                "type": "link",
                                "url": "https:\/\/terraforge.vercel.app\/",
                                "text": "Terraforge"
                            },
                            {
                                "type": "text",
                                "text": " is..."
                            }
                        ]
                    }
                ]
            }
        ],
        "attachments": [
            {
                "fallback": "reddit: Create Terraform Visually with Terraforge - Looking for Feedback",
                "from_url": "https:\/\/www.reddit.com\/r\/Terraform\/comments\/qpvs4m\/create_terraform_visually_with_terraforge_looking\/",
                "service_name": "reddit",
                "service_icon": "http:\/\/www.redditstatic.com\/desktop2x\/img\/favicon\/apple-icon-57x57.png",
                "title": "Create Terraform Visually with Terraforge - Looking for Feedback",
                "title_link": "https:\/\/www.reddit.com\/r\/Terraform\/comments\/qpvs4m\/create_terraform_visually_with_terraforge_looking\/",
                "thumb_url": "https:\/\/www.redditstatic.com\/new-icon.png",
                "thumb_width": 256,
                "thumb_height": 256,
                "text": "Hey Terraformers! In my own use of Terraform I've seen a number of tools out there that take in a Terraform config and outputs a visual...",
                "id": 1,
                "original_url": "https:\/\/www.reddit.com\/r\/Terraform\/comments\/qpvs4m\/create_terraform_visually_with_terraforge_looking\/"
            }
        ],
        "edited": {
            "user": "BG3N7LG73",
            "ts": "1636433198.000000"
        }
    },
    {
        "type": "message",
        "subtype": "bot_message",
        "text": "<https:\/\/www.reddit.com\/r\/Terraform\/comments\/qpwv2m\/azure_create_ssl_cert_lifetime_test_with_azurerm\/|[Azure] Create SSL cert lifetime test with azurerm_application_insights_web_test URL ping?>\nWhen creating an \"URL ping\" test on the portal as a \"Standard (preview) test\", it is possible to \"enable SSL certificate validity\". How would one configure this with Terraform (v1.0.10 and latest version of azurerm provider)? It seems that the resource \"azurerm_application_insights_web_test\" only creates a \"Classic test\". To get the SSL test functionality, it has to be a \"Standard (preview) test\". Thanks.    submitted by   <https:\/\/www.reddit.com\/user\/alexs77| \/u\/alexs77 > \n&lt;a...",
        "ts": "1636437395.028500",
        "username": "Terraform",
        "icons": {
            "image_48": "https:\/\/s3-us-west-2.amazonaws.com\/slack-files2\/bot_icons\/2019-02-12\/548785199618_48.png"
        },
        "bot_id": "BG3N7LG73",
        "blocks": [
            {
                "type": "rich_text",
                "block_id": "ePUb=",
                "elements": [
                    {
                        "type": "rich_text_section",
                        "elements": [
                            {
                                "type": "link",
                                "url": "https:\/\/www.reddit.com\/r\/Terraform\/comments\/qpwv2m\/azure_create_ssl_cert_lifetime_test_with_azurerm\/",
                                "text": "[Azure] Create SSL cert lifetime test with azurerm_application_insights_web_test URL ping?"
                            },
                            {
                                "type": "text",
                                "text": "\nWhen creating an \"URL ping\" test on the portal as a \"Standard (preview) test\", it is possible to \"enable SSL certificate validity\". How would one configure this with Terraform (v1.0.10 and latest version of azurerm provider)? It seems that the resource \"azurerm_application_insights_web_test\" only creates a \"Classic test\". To get the SSL test functionality, it has to be a \"Standard (preview) test\". Thanks.    submitted by   "
                            },
                            {
                                "type": "link",
                                "url": "https:\/\/www.reddit.com\/user\/alexs77",
                                "text": "\/u\/alexs77"
                            },
                            {
                                "type": "text",
                                "text": " \n<a..."
                            }
                        ]
                    }
                ]
            }
        ],
        "attachments": [
            {
                "fallback": "reddit: [Azure] Create SSL cert lifetime test with azurerm_application_insights_web_test URL ping?",
                "from_url": "https:\/\/www.reddit.com\/r\/Terraform\/comments\/qpwv2m\/azure_create_ssl_cert_lifetime_test_with_azurerm\/",
                "service_name": "reddit",
                "service_icon": "http:\/\/www.redditstatic.com\/desktop2x\/img\/favicon\/apple-icon-57x57.png",
                "title": "[Azure] Create SSL cert lifetime test with azurerm_application_insights_web_test URL ping?",
                "title_link": "https:\/\/www.reddit.com\/r\/Terraform\/comments\/qpwv2m\/azure_create_ssl_cert_lifetime_test_with_azurerm\/",
                "thumb_url": "https:\/\/www.redditstatic.com\/new-icon.png",
                "thumb_width": 256,
                "thumb_height": 256,
                "text": "When creating an \"URL ping\" test on the portal as a \"Standard (preview) test\", it is possible to \"enable SSL certificate validity\". How would one...",
                "id": 1,
                "original_url": "https:\/\/www.reddit.com\/r\/Terraform\/comments\/qpwv2m\/azure_create_ssl_cert_lifetime_test_with_azurerm\/"
            },
            {
                "fallback": "overview for alexs77",
                "from_url": "https:\/\/www.reddit.com\/user\/alexs77",
                "service_name": "reddit.com",
                "service_icon": "http:\/\/www.redditstatic.com\/desktop2x\/img\/favicon\/apple-icon-57x57.png",
                "title": "overview for alexs77",
                "title_link": "https:\/\/www.reddit.com\/user\/alexs77",
                "text": "The u\/alexs77 community on Reddit. Reddit gives you the best of the internet in one place.",
                "id": 2,
                "original_url": "https:\/\/www.reddit.com\/user\/alexs77"
            }
        ],
        "edited": {
            "user": "BG3N7LG73",
            "ts": "1636437396.000000"
        }
    },
    {
        "type": "message",
        "subtype": "bot_message",
        "text": "<https:\/\/www.reddit.com\/r\/Terraform\/comments\/qpypks\/gcp_get_container_ips_for_google_cloud_run\/|GCP: Get container IP(s) for google_cloud_run_service to whitelist database>\nI'm brand new to Terraform. I'm trying to set up a Google Cloud run Service and a database. However, I'm unsure how to set my database ` authorized_networks` to the IP addresses of my servers (Cloud Run instances). I have access to google_cloud_run_service.app.status[0].url which contains the URL to the built in load balancer for the Cloud Run service. However, I need the actual IP addresses of the underlying instances to pass to the database whitelist. What is the best way of achieving this?...",
        "ts": "1636443997.028700",
        "username": "Terraform",
        "icons": {
            "image_48": "https:\/\/s3-us-west-2.amazonaws.com\/slack-files2\/bot_icons\/2019-02-12\/548785199618_48.png"
        },
        "bot_id": "BG3N7LG73",
        "blocks": [
            {
                "type": "rich_text",
                "block_id": "zEpMI",
                "elements": [
                    {
                        "type": "rich_text_section",
                        "elements": [
                            {
                                "type": "link",
                                "url": "https:\/\/www.reddit.com\/r\/Terraform\/comments\/qpypks\/gcp_get_container_ips_for_google_cloud_run\/",
                                "text": "GCP: Get container IP(s) for google_cloud_run_service to whitelist database"
                            },
                            {
                                "type": "text",
                                "text": "\nI'm brand new to Terraform. I'm trying to set up a Google Cloud run Service and a database. However, I'm unsure how to set my database "
                            },
                            {
                                "type": "text",
                                "text": " authorized_networks",
                                "style": {
                                    "code": true
                                }
                            },
                            {
                                "type": "text",
                                "text": " to the IP addresses of my servers (Cloud Run instances). I have access to google_cloud_run_service.app.status[0].url which contains the URL to the built in load balancer for the Cloud Run service. However, I need the actual IP addresses of the underlying instances to pass to the database whitelist. What is the best way of achieving this?..."
                            }
                        ]
                    }
                ]
            }
        ],
        "attachments": [
            {
                "from_url": "https:\/\/www.reddit.com\/r\/Terraform\/comments\/qpypks\/gcp_get_container_ips_for_google_cloud_run\/",
                "service_name": "reddit",
                "title": "GCP: Get container IP(s) for google_cloud_run_service to whitelist database",
                "title_link": "https:\/\/www.reddit.com\/r\/Terraform\/comments\/qpypks\/gcp_get_container_ips_for_google_cloud_run\/",
                "text": "I'm brand new to Terraform. I'm trying to set up a Google Cloud run Service and a database. However, I'm unsure how to set my database \\`...",
                "thumb_url": "https:\/\/www.redditstatic.com\/new-icon.png",
                "thumb_width": 256,
                "thumb_height": 256,
                "fallback": "reddit: GCP: Get container IP(s) for google_cloud_run_service to whitelist database",
                "service_icon": "http:\/\/www.redditstatic.com\/desktop2x\/img\/favicon\/apple-icon-57x57.png",
                "id": 1,
                "original_url": "https:\/\/www.reddit.com\/r\/Terraform\/comments\/qpypks\/gcp_get_container_ips_for_google_cloud_run\/"
            }
        ],
        "edited": {
            "user": "BG3N7LG73",
            "ts": "1636443997.000000"
        }
    }
]