[
    {
        "type": "message",
        "subtype": "bot_message",
        "text": "<https:\/\/teratail.com\/questions\/369033?rss=all|terraformで未来の時間を設定したい>\nTerraformで未来の時間を設定したいのですがこちらはどのように書けばよろしいでしょうか?  \nstart_timeで時間の設定をするのですが､こちらを1日後とかにしたいです｡  \nresource \"time_static\" \"set_start_time\" {\n}\n\nresource \"google_bigquery_data_transfer_config\" \"data_transfer_config\" {\n  location               = var.gcp_region\n  data_source_id         = \"google_cloud_storage\"\n  destination_dataset_id = format(\"%s_%s\", var.dataset_id, var.env)\n  project                = var.gcp_project\n  schedule         ...\n\n&lt;a...",
        "ts": "1636713224.033700",
        "username": "[Terraform]の新着質問一覧｜teratail（テラテイル）",
        "icons": {
            "image_36": "https:\/\/a.slack-edge.com\/80588\/img\/services\/rss_36.png",
            "image_48": "https:\/\/a.slack-edge.com\/80588\/img\/services\/rss_48.png",
            "image_72": "https:\/\/a.slack-edge.com\/80588\/img\/services\/rss_72.png"
        },
        "bot_id": "BG3N7LG73",
        "blocks": [
            {
                "type": "rich_text",
                "block_id": "lNJ1",
                "elements": [
                    {
                        "type": "rich_text_section",
                        "elements": [
                            {
                                "type": "link",
                                "url": "https:\/\/teratail.com\/questions\/369033?rss=all",
                                "text": "terraformで未来の時間を設定したい"
                            },
                            {
                                "type": "text",
                                "text": "\nTerraformで未来の時間を設定したいのですがこちらはどのように書けばよろしいでしょうか?  \nstart_timeで時間の設定をするのですが､こちらを1日後とかにしたいです｡  \nresource \"time_static\" \"set_start_time\" {\n}\n\nresource \"google_bigquery_data_transfer_config\" \"data_transfer_config\" {\n  location               = var.gcp_region\n  data_source_id         = \"google_cloud_storage\"\n  destination_dataset_id = format(\"%s_%s\", var.dataset_id, var.env)\n  project                = var.gcp_project\n  schedule         ...\n\n<a..."
                            }
                        ]
                    }
                ]
            }
        ],
        "attachments": [
            {
                "from_url": "https:\/\/teratail.com\/questions\/369033?rss=all",
                "service_name": "teratail[テラテイル]",
                "title": "terraformで未来の時間を設定したい｜teratail",
                "title_link": "https:\/\/teratail.com\/questions\/369033?rss=all",
                "text": "Terraformで未来の時間を設定したいのですがこちらはどのように書けばよろしいでしょうか? start_timeで時間の設定をするのですが､こちらを1日後とかにしたいです｡ resource \"time_static\" \"set_start_time\" {}resource \"google_",
                "thumb_url": "https:\/\/teratail.com\/img\/imgFacebookShare.png",
                "thumb_width": 1200,
                "thumb_height": 630,
                "fallback": "teratail[テラテイル]: terraformで未来の時間を設定したい｜teratail",
                "service_icon": "https:\/\/teratail.com\/img\/favicon\/apple-touch-icon-72x72-precomposed.png",
                "id": 1,
                "original_url": "https:\/\/teratail.com\/questions\/369033?rss=all"
            }
        ],
        "edited": {
            "user": "BG3N7LG73",
            "ts": "1636713226.000000"
        }
    },
    {
        "type": "message",
        "subtype": "bot_message",
        "text": "<https:\/\/www.reddit.com\/r\/Terraform\/comments\/qsee64\/auroradb_terraform\/|AuroraDB Terraform>\nsubmitted by   <https:\/\/www.reddit.com\/user\/thepenguinknows| \/u\/thepenguinknows > \n<https:\/\/www.reddit.com\/r\/aws\/comments\/qscjy3\/auroradb_terraform\/|[link]>   <https:\/\/www.reddit.com\/r\/Terraform\/comments\/qsee64\/auroradb_terraform\/|[comments]>",
        "ts": "1636733194.033900",
        "username": "Terraform",
        "icons": {
            "image_48": "https:\/\/s3-us-west-2.amazonaws.com\/slack-files2\/bot_icons\/2019-02-12\/548785199618_48.png"
        },
        "bot_id": "BG3N7LG73",
        "blocks": [
            {
                "type": "rich_text",
                "block_id": "8gQmN",
                "elements": [
                    {
                        "type": "rich_text_section",
                        "elements": [
                            {
                                "type": "link",
                                "url": "https:\/\/www.reddit.com\/r\/Terraform\/comments\/qsee64\/auroradb_terraform\/",
                                "text": "AuroraDB Terraform"
                            },
                            {
                                "type": "text",
                                "text": "\nsubmitted by   "
                            },
                            {
                                "type": "link",
                                "url": "https:\/\/www.reddit.com\/user\/thepenguinknows",
                                "text": "\/u\/thepenguinknows"
                            },
                            {
                                "type": "text",
                                "text": " \n"
                            },
                            {
                                "type": "link",
                                "url": "https:\/\/www.reddit.com\/r\/aws\/comments\/qscjy3\/auroradb_terraform\/",
                                "text": "[link]"
                            },
                            {
                                "type": "text",
                                "text": "   "
                            },
                            {
                                "type": "link",
                                "url": "https:\/\/www.reddit.com\/r\/Terraform\/comments\/qsee64\/auroradb_terraform\/",
                                "text": "[comments]"
                            }
                        ]
                    }
                ]
            }
        ],
        "attachments": [
            {
                "from_url": "https:\/\/www.reddit.com\/r\/Terraform\/comments\/qsee64\/auroradb_terraform\/",
                "service_name": "reddit",
                "title": "AuroraDB Terraform",
                "title_link": "https:\/\/www.reddit.com\/r\/Terraform\/comments\/qsee64\/auroradb_terraform\/",
                "text": "Posted in r\/Terraform by u\/thepenguinknows • 1 point and 0 comments",
                "thumb_url": "https:\/\/www.redditstatic.com\/new-icon.png",
                "thumb_width": 256,
                "thumb_height": 256,
                "fallback": "reddit: AuroraDB Terraform",
                "service_icon": "http:\/\/www.redditstatic.com\/desktop2x\/img\/favicon\/apple-icon-57x57.png",
                "id": 1,
                "original_url": "https:\/\/www.reddit.com\/r\/Terraform\/comments\/qsee64\/auroradb_terraform\/"
            },
            {
                "from_url": "https:\/\/www.reddit.com\/user\/thepenguinknows",
                "title": "overview for thepenguinknows",
                "title_link": "https:\/\/www.reddit.com\/user\/thepenguinknows",
                "text": "<https:\/\/linktr.ee\/verymauchk1>.",
                "fallback": "overview for thepenguinknows",
                "service_icon": "http:\/\/www.redditstatic.com\/desktop2x\/img\/favicon\/apple-icon-57x57.png",
                "service_name": "reddit.com",
                "id": 2,
                "original_url": "https:\/\/www.reddit.com\/user\/thepenguinknows"
            },
            {
                "from_url": "https:\/\/www.reddit.com\/r\/aws\/comments\/qscjy3\/auroradb_terraform\/",
                "service_name": "reddit",
                "title": "AuroraDB Terraform",
                "title_link": "https:\/\/www.reddit.com\/r\/aws\/comments\/qscjy3\/auroradb_terraform\/",
                "text": "Hi! Still learning how to launch a AuroraDB from terraform. I keep running into subnet issues. My subnet is working for my primary instance.....",
                "thumb_url": "https:\/\/www.redditstatic.com\/new-icon.png",
                "thumb_width": 256,
                "thumb_height": 256,
                "fallback": "reddit: AuroraDB Terraform",
                "service_icon": "http:\/\/www.redditstatic.com\/desktop2x\/img\/favicon\/apple-icon-57x57.png",
                "id": 3,
                "original_url": "https:\/\/www.reddit.com\/r\/aws\/comments\/qscjy3\/auroradb_terraform\/"
            }
        ],
        "edited": {
            "user": "BG3N7LG73",
            "ts": "1636733195.000000"
        }
    },
    {
        "type": "message",
        "subtype": "bot_message",
        "text": "<https:\/\/www.reddit.com\/r\/Terraform\/comments\/qsg0qn\/gcp_cloud_run_terraform_hangs_if_i_deploy_a\/|GCP Cloud run: Terraform hangs if I deploy a revision through some other means (Ci\/CD)>\nI have a Google Cloud Run instance set up with terraform (google_cloud_run_service), however once the service is deployed, I deploy revisions through Ci\/CD (GitHub actions builds and deploys a revision). However once a revision is added by something that is not terraform, terraform just hangs whenever trying to do any updates to the service. Eg: Terraform Creates Cloud Run w\/ first revision GitHub deploys new revision Change terraform config to increase RAM terraform apply hangs forever. I...",
        "ts": "1636738595.034100",
        "username": "Terraform",
        "icons": {
            "image_48": "https:\/\/s3-us-west-2.amazonaws.com\/slack-files2\/bot_icons\/2019-02-12\/548785199618_48.png"
        },
        "bot_id": "BG3N7LG73",
        "blocks": [
            {
                "type": "rich_text",
                "block_id": "bbX4H",
                "elements": [
                    {
                        "type": "rich_text_section",
                        "elements": [
                            {
                                "type": "link",
                                "url": "https:\/\/www.reddit.com\/r\/Terraform\/comments\/qsg0qn\/gcp_cloud_run_terraform_hangs_if_i_deploy_a\/",
                                "text": "GCP Cloud run: Terraform hangs if I deploy a revision through some other means (Ci\/CD)"
                            },
                            {
                                "type": "text",
                                "text": "\nI have a Google Cloud Run instance set up with terraform (google_cloud_run_service), however once the service is deployed, I deploy revisions through Ci\/CD (GitHub actions builds and deploys a revision). However once a revision is added by something that is not terraform, terraform just hangs whenever trying to do any updates to the service. Eg: Terraform Creates Cloud Run w\/ first revision GitHub deploys new revision Change terraform config to increase RAM terraform apply hangs forever. I..."
                            }
                        ]
                    }
                ]
            }
        ],
        "attachments": [
            {
                "fallback": "reddit: GCP Cloud run: Terraform hangs if I deploy a revision through some other means (Ci\/CD)",
                "from_url": "https:\/\/www.reddit.com\/r\/Terraform\/comments\/qsg0qn\/gcp_cloud_run_terraform_hangs_if_i_deploy_a\/",
                "service_name": "reddit",
                "service_icon": "http:\/\/www.redditstatic.com\/desktop2x\/img\/favicon\/apple-icon-57x57.png",
                "title": "GCP Cloud run: Terraform hangs if I deploy a revision through some other means (Ci\/CD)",
                "title_link": "https:\/\/www.reddit.com\/r\/Terraform\/comments\/qsg0qn\/gcp_cloud_run_terraform_hangs_if_i_deploy_a\/",
                "thumb_url": "https:\/\/www.redditstatic.com\/new-icon.png",
                "thumb_width": 256,
                "thumb_height": 256,
                "text": "I have a Google Cloud Run instance set up with terraform `(google_cloud_run_service`), however once the service is deployed, I deploy revisions...",
                "id": 1,
                "original_url": "https:\/\/www.reddit.com\/r\/Terraform\/comments\/qsg0qn\/gcp_cloud_run_terraform_hangs_if_i_deploy_a\/"
            }
        ],
        "edited": {
            "user": "BG3N7LG73",
            "ts": "1636738595.000000"
        }
    }
]