[
    {
        "type": "message",
        "subtype": "bot_message",
        "text": "<https:\/\/www.reddit.com\/r\/Terraform\/comments\/qxdiz3\/example_projects_on_terraform_and_azure\/|Example projects on Terraform and Azure?>\nI've done some tutorials on using Terraform to deploy Azure resources. Now I'd like to see what a larger project looks like, involving the deployment of multiple virtual networks, public and private subnets, etc. Are there any examples or tutorials on more complicated deployments in Azure?    submitted by   <https:\/\/www.reddit.com\/user\/Willlumm| \/u\/Willlumm > \n<https:\/\/www.reddit.com\/r\/Terraform\/comments\/qxdiz3\/example_projects_on_terraform_and_azure\/|[link]>   &lt;a...",
        "ts": "1637318200.045100",
        "username": "Terraform",
        "icons": {
            "image_48": "https:\/\/s3-us-west-2.amazonaws.com\/slack-files2\/bot_icons\/2019-02-12\/548785199618_48.png"
        },
        "bot_id": "BG3N7LG73",
        "blocks": [
            {
                "type": "rich_text",
                "block_id": "jS5",
                "elements": [
                    {
                        "type": "rich_text_section",
                        "elements": [
                            {
                                "type": "link",
                                "url": "https:\/\/www.reddit.com\/r\/Terraform\/comments\/qxdiz3\/example_projects_on_terraform_and_azure\/",
                                "text": "Example projects on Terraform and Azure?"
                            },
                            {
                                "type": "text",
                                "text": "\nI've done some tutorials on using Terraform to deploy Azure resources. Now I'd like to see what a larger project looks like, involving the deployment of multiple virtual networks, public and private subnets, etc. Are there any examples or tutorials on more complicated deployments in Azure?    submitted by   "
                            },
                            {
                                "type": "link",
                                "url": "https:\/\/www.reddit.com\/user\/Willlumm",
                                "text": "\/u\/Willlumm"
                            },
                            {
                                "type": "text",
                                "text": " \n"
                            },
                            {
                                "type": "link",
                                "url": "https:\/\/www.reddit.com\/r\/Terraform\/comments\/qxdiz3\/example_projects_on_terraform_and_azure\/",
                                "text": "[link]"
                            },
                            {
                                "type": "text",
                                "text": "   <a..."
                            }
                        ]
                    }
                ]
            }
        ],
        "attachments": [
            {
                "from_url": "https:\/\/www.reddit.com\/r\/Terraform\/comments\/qxdiz3\/example_projects_on_terraform_and_azure\/",
                "service_name": "reddit",
                "title": "Example projects on Terraform and Azure?",
                "title_link": "https:\/\/www.reddit.com\/r\/Terraform\/comments\/qxdiz3\/example_projects_on_terraform_and_azure\/",
                "text": "I've done some tutorials on using Terraform to deploy Azure resources. Now I'd like to see what a larger project looks like, involving the...",
                "thumb_url": "https:\/\/www.redditstatic.com\/new-icon.png",
                "thumb_width": 256,
                "thumb_height": 256,
                "fallback": "reddit: Example projects on Terraform and Azure?",
                "service_icon": "http:\/\/www.redditstatic.com\/desktop2x\/img\/favicon\/apple-icon-57x57.png",
                "id": 1,
                "original_url": "https:\/\/www.reddit.com\/r\/Terraform\/comments\/qxdiz3\/example_projects_on_terraform_and_azure\/"
            },
            {
                "from_url": "https:\/\/www.reddit.com\/user\/Willlumm",
                "title": "overview for Willlumm",
                "title_link": "https:\/\/www.reddit.com\/user\/Willlumm",
                "text": "The u\/Willlumm community on Reddit. Reddit gives you the best of the internet in one place.",
                "fallback": "overview for Willlumm",
                "service_icon": "http:\/\/www.redditstatic.com\/desktop2x\/img\/favicon\/apple-icon-57x57.png",
                "service_name": "reddit.com",
                "id": 2,
                "original_url": "https:\/\/www.reddit.com\/user\/Willlumm"
            }
        ],
        "edited": {
            "user": "BG3N7LG73",
            "ts": "1637318200.000000"
        }
    },
    {
        "type": "message",
        "subtype": "bot_message",
        "text": "<https:\/\/www.reddit.com\/r\/Terraform\/comments\/qxf5ej\/loop_for_each_dynamic_env\/|loop for_each + dynamic env ???>\nHi i havbe a cloud run with for_each.\n All it's ok\n but i want a dynamic list of environment variables and name of list is in each_loop\n code :\n dynamic \"env\" {\n for_each = each.value.varEnvLst\n content {\n name = env.key\n value = env.value\n }\n } error :  Error: Invalid dynamic for_each value\n Cannot use a string value in for_each. An iterable collection is required. if i put var.LstvarEnvMQ it's ok but all cloud run are the same list ?\n how i can do ?    submitted by   &lt;a...",
        "ts": "1637325397.045300",
        "username": "Terraform",
        "icons": {
            "image_48": "https:\/\/s3-us-west-2.amazonaws.com\/slack-files2\/bot_icons\/2019-02-12\/548785199618_48.png"
        },
        "bot_id": "BG3N7LG73",
        "blocks": [
            {
                "type": "rich_text",
                "block_id": "AgmT",
                "elements": [
                    {
                        "type": "rich_text_section",
                        "elements": [
                            {
                                "type": "link",
                                "url": "https:\/\/www.reddit.com\/r\/Terraform\/comments\/qxf5ej\/loop_for_each_dynamic_env\/",
                                "text": "loop for_each + dynamic env ???"
                            },
                            {
                                "type": "text",
                                "text": "\nHi i havbe a cloud run with for_each.\n All it's ok\n but i want a dynamic list of environment variables and name of list is in each_loop\n code :\n dynamic \"env\" {\n for_each = each.value.varEnvLst\n content {\n name = env.key\n value = env.value\n }\n } error :  Error: Invalid dynamic for_each value\n Cannot use a string value in for_each. An iterable collection is required. if i put var.LstvarEnvMQ it's ok but all cloud run are the same list ?\n how i can do ?    submitted by   <a..."
                            }
                        ]
                    }
                ]
            }
        ],
        "attachments": [
            {
                "from_url": "https:\/\/www.reddit.com\/r\/Terraform\/comments\/qxf5ej\/loop_for_each_dynamic_env\/",
                "service_name": "reddit",
                "title": "loop for_each + dynamic env ???",
                "title_link": "https:\/\/www.reddit.com\/r\/Terraform\/comments\/qxf5ej\/loop_for_each_dynamic_env\/",
                "text": "Hi i havbe a cloud run with for\\_each. All it's ok but i want a dynamic list of environment variables and name of list is in each\\_loop ...",
                "thumb_url": "https:\/\/www.redditstatic.com\/new-icon.png",
                "thumb_width": 256,
                "thumb_height": 256,
                "fallback": "reddit: loop for_each + dynamic env ???",
                "service_icon": "http:\/\/www.redditstatic.com\/desktop2x\/img\/favicon\/apple-icon-57x57.png",
                "id": 1,
                "original_url": "https:\/\/www.reddit.com\/r\/Terraform\/comments\/qxf5ej\/loop_for_each_dynamic_env\/"
            }
        ],
        "edited": {
            "user": "BG3N7LG73",
            "ts": "1637325398.000000"
        }
    },
    {
        "type": "message",
        "subtype": "bot_message",
        "text": "<https:\/\/www.reddit.com\/r\/Terraform\/comments\/qxgg4s\/running_terraform_plan_inside_ci\/|Running terraform plan inside CI>\nThe example I’m interested in is a 3-tier web app (load balancer, database, web server) I use a Terraform structure as follows: (not included other content for brevity) terraform\/ — eu-west-2\/ —— ec2\/ ——— <http:\/\/main.tf|main.tf>    submitted by",
        "ts": "1637330194.045500",
        "username": "Terraform",
        "icons": {
            "image_48": "https:\/\/s3-us-west-2.amazonaws.com\/slack-files2\/bot_icons\/2019-02-12\/548785199618_48.png"
        },
        "bot_id": "BG3N7LG73",
        "blocks": [
            {
                "type": "rich_text",
                "block_id": "Zdde",
                "elements": [
                    {
                        "type": "rich_text_section",
                        "elements": [
                            {
                                "type": "link",
                                "url": "https:\/\/www.reddit.com\/r\/Terraform\/comments\/qxgg4s\/running_terraform_plan_inside_ci\/",
                                "text": "Running terraform plan inside CI"
                            },
                            {
                                "type": "text",
                                "text": "\nThe example I’m interested in is a 3-tier web app (load balancer, database, web server) I use a Terraform structure as follows: (not included other content for brevity) terraform\/ — eu-west-2\/ —— ec2\/ ——— "
                            },
                            {
                                "type": "link",
                                "url": "http:\/\/main.tf",
                                "text": "main.tf"
                            },
                            {
                                "type": "text",
                                "text": "    submitted by"
                            }
                        ]
                    }
                ]
            }
        ],
        "attachments": [
            {
                "from_url": "https:\/\/www.reddit.com\/r\/Terraform\/comments\/qxgg4s\/running_terraform_plan_inside_ci\/",
                "service_name": "reddit",
                "title": "Running terraform plan inside CI",
                "title_link": "https:\/\/www.reddit.com\/r\/Terraform\/comments\/qxgg4s\/running_terraform_plan_inside_ci\/",
                "text": "The example I’m interested in is a 3-tier web app (load balancer, database, web server) I use a Terraform structure as follows: (not included...",
                "thumb_url": "https:\/\/www.redditstatic.com\/new-icon.png",
                "thumb_width": 256,
                "thumb_height": 256,
                "fallback": "reddit: Running terraform plan inside CI",
                "service_icon": "http:\/\/www.redditstatic.com\/desktop2x\/img\/favicon\/apple-icon-57x57.png",
                "id": 1,
                "original_url": "https:\/\/www.reddit.com\/r\/Terraform\/comments\/qxgg4s\/running_terraform_plan_inside_ci\/"
            }
        ],
        "edited": {
            "user": "BG3N7LG73",
            "ts": "1637330194.000000"
        }
    },
    {
        "type": "message",
        "subtype": "bot_message",
        "text": "<https:\/\/www.reddit.com\/r\/Terraform\/comments\/qxir4r\/use_list_of_objects_over_map_of_maps\/|Use list of objects over map of maps>\nTerraform Opinion #23: Use list of objects over maps <https:\/\/jq1.io\/posts\/opinion_23\/|https:\/\/jq1.io\/posts\/opinion_23\/>    submitted by   <https:\/\/www.reddit.com\/user\/JayQ_One| \/u\/JayQ_One > \n<https:\/\/www.reddit.com\/r\/Terraform\/comments\/qxir4r\/use_list_of_objects_over_map_of_maps\/|[link]>   <https:\/\/www.reddit.com\/r\/Terraform\/comments\/qxir4r\/use_list_of_objects_over_map_of_maps\/|[comments]>",
        "ts": "1637336195.045700",
        "username": "Terraform",
        "icons": {
            "image_48": "https:\/\/s3-us-west-2.amazonaws.com\/slack-files2\/bot_icons\/2019-02-12\/548785199618_48.png"
        },
        "bot_id": "BG3N7LG73",
        "blocks": [
            {
                "type": "rich_text",
                "block_id": "N4Lr",
                "elements": [
                    {
                        "type": "rich_text_section",
                        "elements": [
                            {
                                "type": "link",
                                "url": "https:\/\/www.reddit.com\/r\/Terraform\/comments\/qxir4r\/use_list_of_objects_over_map_of_maps\/",
                                "text": "Use list of objects over map of maps"
                            },
                            {
                                "type": "text",
                                "text": "\nTerraform Opinion #23: Use list of objects over maps "
                            },
                            {
                                "type": "link",
                                "url": "https:\/\/jq1.io\/posts\/opinion_23\/"
                            },
                            {
                                "type": "text",
                                "text": "    submitted by   "
                            },
                            {
                                "type": "link",
                                "url": "https:\/\/www.reddit.com\/user\/JayQ_One",
                                "text": "\/u\/JayQ_One"
                            },
                            {
                                "type": "text",
                                "text": " \n"
                            },
                            {
                                "type": "link",
                                "url": "https:\/\/www.reddit.com\/r\/Terraform\/comments\/qxir4r\/use_list_of_objects_over_map_of_maps\/",
                                "text": "[link]"
                            },
                            {
                                "type": "text",
                                "text": "   "
                            },
                            {
                                "type": "link",
                                "url": "https:\/\/www.reddit.com\/r\/Terraform\/comments\/qxir4r\/use_list_of_objects_over_map_of_maps\/",
                                "text": "[comments]"
                            }
                        ]
                    }
                ]
            }
        ],
        "attachments": [
            {
                "from_url": "https:\/\/www.reddit.com\/r\/Terraform\/comments\/qxir4r\/use_list_of_objects_over_map_of_maps\/",
                "service_name": "reddit",
                "title": "Use list of objects over map of maps",
                "title_link": "https:\/\/www.reddit.com\/r\/Terraform\/comments\/qxir4r\/use_list_of_objects_over_map_of_maps\/",
                "text": "Terraform Opinion #23: Use list of objects over maps [<https:\/\/jq1.io\/posts\/opinion\\_23\/>](<https:\/\/jq1.io\/posts\/opinion_23\/>)",
                "thumb_url": "https:\/\/www.redditstatic.com\/new-icon.png",
                "thumb_width": 256,
                "thumb_height": 256,
                "fallback": "reddit: Use list of objects over map of maps",
                "service_icon": "http:\/\/www.redditstatic.com\/desktop2x\/img\/favicon\/apple-icon-57x57.png",
                "id": 1,
                "original_url": "https:\/\/www.reddit.com\/r\/Terraform\/comments\/qxir4r\/use_list_of_objects_over_map_of_maps\/"
            },
            {
                "from_url": "https:\/\/jq1.io\/posts\/opinion_23\/",
                "service_name": "The Art of Demolition",
                "title": "Terraform Opinion #23: Use list of objects over map of maps",
                "title_link": "https:\/\/jq1.io\/posts\/opinion_23\/",
                "text": "Lately, I’ve seen quite a bit of Terraform snippets that use a static map of maps to directly configure resources. For example: locals { map_of_maps = { name1 = { attribute1 = \"name1-value1\" attribute2 = \"name1-value2\" attribute3 = \"name1-value3\" } name2 = { attribute1 = \"name2-value1\" attribute2 = \"name2-value2\" attribute3 = \"name2-value3\" } name3 = { attribute1 = \"name3-value1\" attribute2 = \"name3-value2\" attribute3 = \"name3-value3\" } } } The local.map_of_maps is then used to create a map of resource objects.",
                "ts": 1637335977,
                "fallback": "The Art of Demolition: Terraform Opinion #23: Use list of objects over map of maps",
                "service_icon": "https:\/\/jq1.io\/apple-touch-icon-144-precomposed.png",
                "id": 2,
                "original_url": "https:\/\/jq1.io\/posts\/opinion_23\/"
            },
            {
                "from_url": "https:\/\/www.reddit.com\/user\/JayQ_One",
                "title": "overview for JayQ_One",
                "title_link": "https:\/\/www.reddit.com\/user\/JayQ_One",
                "text": "~-=[ <http:\/\/jq1.io|jq1.io> ]=-~.",
                "fallback": "overview for JayQ_One",
                "service_icon": "http:\/\/www.redditstatic.com\/desktop2x\/img\/favicon\/apple-icon-57x57.png",
                "service_name": "reddit.com",
                "id": 3,
                "original_url": "https:\/\/www.reddit.com\/user\/JayQ_One"
            }
        ],
        "edited": {
            "user": "BG3N7LG73",
            "ts": "1637336196.000000"
        }
    },
    {
        "type": "message",
        "subtype": "bot_message",
        "text": "<https:\/\/www.reddit.com\/r\/Terraform\/comments\/qxntyv\/going_crazy_exposing_stupidity_environment\/|Going crazy - exposing stupidity - environment variables>\nI'm not new to terraform, am currently faced with the following, has anyone ever seen this? $ &gt; terraform plan │ Error: Missing required argument | on <https:\/\/main.tf\/|main.tf> line 13, in module \"instance\": │ 13: module \"instance\" { │ │ The argument \"user_ssh_key\" is required, but no definition was found. ╵ ╷ │ Error: Missing required argument │ │ on <https:\/\/main.tf\/|main.tf> line 13, in module \"instance\": │ 13: module \"instance\" { │ │ The argument \"aws_ssh_key\" is...",
        "ts": "1637351195.045900",
        "username": "Terraform",
        "icons": {
            "image_48": "https:\/\/s3-us-west-2.amazonaws.com\/slack-files2\/bot_icons\/2019-02-12\/548785199618_48.png"
        },
        "bot_id": "BG3N7LG73",
        "blocks": [
            {
                "type": "rich_text",
                "block_id": "uyMk0",
                "elements": [
                    {
                        "type": "rich_text_section",
                        "elements": [
                            {
                                "type": "link",
                                "url": "https:\/\/www.reddit.com\/r\/Terraform\/comments\/qxntyv\/going_crazy_exposing_stupidity_environment\/",
                                "text": "Going crazy - exposing stupidity - environment variables"
                            },
                            {
                                "type": "text",
                                "text": "\nI'm not new to terraform, am currently faced with the following, has anyone ever seen this? $ > terraform plan │ Error: Missing required argument | on "
                            },
                            {
                                "type": "link",
                                "url": "https:\/\/main.tf\/",
                                "text": "main.tf"
                            },
                            {
                                "type": "text",
                                "text": " line 13, in module \"instance\": │ 13: module \"instance\" { │ │ The argument \"user_ssh_key\" is required, but no definition was found. ╵ ╷ │ Error: Missing required argument │ │ on "
                            },
                            {
                                "type": "link",
                                "url": "https:\/\/main.tf\/",
                                "text": "main.tf"
                            },
                            {
                                "type": "text",
                                "text": " line 13, in module \"instance\": │ 13: module \"instance\" { │ │ The argument \"aws_ssh_key\" is..."
                            }
                        ]
                    }
                ]
            }
        ],
        "attachments": [
            {
                "from_url": "https:\/\/www.reddit.com\/r\/Terraform\/comments\/qxntyv\/going_crazy_exposing_stupidity_environment\/",
                "service_name": "reddit",
                "title": "Going crazy - exposing stupidity - environment variables",
                "title_link": "https:\/\/www.reddit.com\/r\/Terraform\/comments\/qxntyv\/going_crazy_exposing_stupidity_environment\/",
                "text": "I'm not new to terraform, am currently faced with the following, has anyone ever seen this? $ &gt; terraform plan `│ Error: Missing required...",
                "thumb_url": "https:\/\/www.redditstatic.com\/new-icon.png",
                "thumb_width": 256,
                "thumb_height": 256,
                "fallback": "reddit: Going crazy - exposing stupidity - environment variables",
                "service_icon": "http:\/\/www.redditstatic.com\/desktop2x\/img\/favicon\/apple-icon-57x57.png",
                "id": 1,
                "original_url": "https:\/\/www.reddit.com\/r\/Terraform\/comments\/qxntyv\/going_crazy_exposing_stupidity_environment\/"
            }
        ],
        "edited": {
            "user": "BG3N7LG73",
            "ts": "1637351195.000000"
        }
    },
    {
        "type": "message",
        "subtype": "bot_message",
        "text": "<https:\/\/www.reddit.com\/r\/Terraform\/comments\/qxrd1y\/need_to_create_a_vm_in_azure_there_is_an_already\/|Need to create a VM in Azure. There is an already existing Vnet and Subnet.>\nSo, I am new to Terraform, and my supervisor, who was walking me through how to use it, wanted me to write the files to start up a Linux VM, but he said, and this is almost a quote: \"There are already a Vnet and subnet, just account for them in state\". So I know what the state file is. I know how to CREATE a new vnet and subnet. But I don't know how to tell terraform to attach my VM to an already existing subnet. Any help would be most appreciated, as my mentor is off next week, and I'd love...",
        "ts": "1637362596.046100",
        "username": "Terraform",
        "icons": {
            "image_48": "https:\/\/s3-us-west-2.amazonaws.com\/slack-files2\/bot_icons\/2019-02-12\/548785199618_48.png"
        },
        "bot_id": "BG3N7LG73",
        "blocks": [
            {
                "type": "rich_text",
                "block_id": "QSSl",
                "elements": [
                    {
                        "type": "rich_text_section",
                        "elements": [
                            {
                                "type": "link",
                                "url": "https:\/\/www.reddit.com\/r\/Terraform\/comments\/qxrd1y\/need_to_create_a_vm_in_azure_there_is_an_already\/",
                                "text": "Need to create a VM in Azure. There is an already existing Vnet and Subnet."
                            },
                            {
                                "type": "text",
                                "text": "\nSo, I am new to Terraform, and my supervisor, who was walking me through how to use it, wanted me to write the files to start up a Linux VM, but he said, and this is almost a quote: \"There are already a Vnet and subnet, just account for them in state\". So I know what the state file is. I know how to CREATE a new vnet and subnet. But I don't know how to tell terraform to attach my VM to an already existing subnet. Any help would be most appreciated, as my mentor is off next week, and I'd love..."
                            }
                        ]
                    }
                ]
            }
        ],
        "attachments": [
            {
                "from_url": "https:\/\/www.reddit.com\/r\/Terraform\/comments\/qxrd1y\/need_to_create_a_vm_in_azure_there_is_an_already\/",
                "service_name": "reddit",
                "title": "Need to create a VM in Azure. There is an already existing Vnet and Subnet.",
                "title_link": "https:\/\/www.reddit.com\/r\/Terraform\/comments\/qxrd1y\/need_to_create_a_vm_in_azure_there_is_an_already\/",
                "text": "So, I am new to Terraform, and my supervisor, who was walking me through how to use it, wanted me to write the files to start up a Linux VM, but...",
                "thumb_url": "https:\/\/www.redditstatic.com\/new-icon.png",
                "thumb_width": 256,
                "thumb_height": 256,
                "fallback": "reddit: Need to create a VM in Azure. There is an already existing Vnet and Subnet.",
                "service_icon": "http:\/\/www.redditstatic.com\/desktop2x\/img\/favicon\/apple-icon-57x57.png",
                "id": 1,
                "original_url": "https:\/\/www.reddit.com\/r\/Terraform\/comments\/qxrd1y\/need_to_create_a_vm_in_azure_there_is_an_already\/"
            }
        ],
        "edited": {
            "user": "BG3N7LG73",
            "ts": "1637362597.000000"
        }
    },
    {
        "type": "message",
        "subtype": "bot_message",
        "text": "<https:\/\/www.reddit.com\/r\/Terraform\/comments\/qxslxu\/terraform_modules_aws_k8s_vault_consul_argocd\/|Terraform modules (AWS, K8S, Vault, Consul, argoCD, helm, etc)>\nHi there, I would like to share my Terraform modules with everyone. The repository consists of many providers to build resources (AWS, K8S, Vault, Consul, argoCD, helm, etc). The repository is <https:\/\/github.com\/SebastianUA\/terraform|https:\/\/github.com\/SebastianUA\/terraform> You can find examples inside of each provider. Feel free to contact me with any questions\/proposals. Thanks    submitted by   <https:\/\/www.reddit.com\/user\/sebastianua| \/u\/sebastianua > \n&lt;a...",
        "ts": "1637366193.046300",
        "username": "Terraform",
        "icons": {
            "image_48": "https:\/\/s3-us-west-2.amazonaws.com\/slack-files2\/bot_icons\/2019-02-12\/548785199618_48.png"
        },
        "bot_id": "BG3N7LG73",
        "blocks": [
            {
                "type": "rich_text",
                "block_id": "5h3o",
                "elements": [
                    {
                        "type": "rich_text_section",
                        "elements": [
                            {
                                "type": "link",
                                "url": "https:\/\/www.reddit.com\/r\/Terraform\/comments\/qxslxu\/terraform_modules_aws_k8s_vault_consul_argocd\/",
                                "text": "Terraform modules (AWS, K8S, Vault, Consul, argoCD, helm, etc)"
                            },
                            {
                                "type": "text",
                                "text": "\nHi there, I would like to share my Terraform modules with everyone. The repository consists of many providers to build resources (AWS, K8S, Vault, Consul, argoCD, helm, etc). The repository is "
                            },
                            {
                                "type": "link",
                                "url": "https:\/\/github.com\/SebastianUA\/terraform"
                            },
                            {
                                "type": "text",
                                "text": " You can find examples inside of each provider. Feel free to contact me with any questions\/proposals. Thanks    submitted by   "
                            },
                            {
                                "type": "link",
                                "url": "https:\/\/www.reddit.com\/user\/sebastianua",
                                "text": "\/u\/sebastianua"
                            },
                            {
                                "type": "text",
                                "text": " \n<a..."
                            }
                        ]
                    }
                ]
            }
        ],
        "attachments": [
            {
                "from_url": "https:\/\/www.reddit.com\/r\/Terraform\/comments\/qxslxu\/terraform_modules_aws_k8s_vault_consul_argocd\/",
                "service_name": "reddit",
                "title": "Terraform modules (AWS, K8S, Vault, Consul, argoCD, helm, etc)",
                "title_link": "https:\/\/www.reddit.com\/r\/Terraform\/comments\/qxslxu\/terraform_modules_aws_k8s_vault_consul_argocd\/",
                "text": "Hi there, I would like to share my Terraform modules with everyone. The repository consists of many providers to build resources (AWS, K8S,...",
                "thumb_url": "https:\/\/www.redditstatic.com\/new-icon.png",
                "thumb_width": 256,
                "thumb_height": 256,
                "fallback": "reddit: Terraform modules (AWS, K8S, Vault, Consul, argoCD, helm, etc)",
                "service_icon": "http:\/\/www.redditstatic.com\/desktop2x\/img\/favicon\/apple-icon-57x57.png",
                "id": 1,
                "original_url": "https:\/\/www.reddit.com\/r\/Terraform\/comments\/qxslxu\/terraform_modules_aws_k8s_vault_consul_argocd\/"
            },
            {
                "from_url": "https:\/\/github.com\/SebastianUA\/terraform",
                "service_name": "GitHub",
                "title": "GitHub - SebastianUA\/terraform: The place to storing Terraform modules of many providers",
                "title_link": "https:\/\/github.com\/SebastianUA\/terraform",
                "text": "The place to storing Terraform modules of many providers - GitHub - SebastianUA\/terraform: The place to storing Terraform modules of many providers",
                "image_url": "https:\/\/opengraph.githubassets.com\/af501461fc313791394279fc6d946b8151f83a3e58e999507da47891a30349f7\/SebastianUA\/terraform",
                "image_width": 500,
                "image_height": 250,
                "image_bytes": 138550,
                "fallback": "GitHub: GitHub - SebastianUA\/terraform: The place to storing Terraform modules of many providers",
                "service_icon": "https:\/\/a.slack-edge.com\/80588\/img\/unfurl_icons\/github.png",
                "id": 2,
                "original_url": "https:\/\/github.com\/SebastianUA\/terraform"
            },
            {
                "from_url": "https:\/\/www.reddit.com\/user\/sebastianua",
                "title": "overview for sebastianua",
                "title_link": "https:\/\/www.reddit.com\/user\/sebastianua",
                "text": "<https:\/\/linux-notes.org>.",
                "fallback": "overview for sebastianua",
                "service_icon": "http:\/\/www.redditstatic.com\/desktop2x\/img\/favicon\/apple-icon-57x57.png",
                "service_name": "reddit.com",
                "id": 3,
                "original_url": "https:\/\/www.reddit.com\/user\/sebastianua"
            }
        ],
        "edited": {
            "user": "BG3N7LG73",
            "ts": "1637366193.000000"
        }
    },
    {
        "type": "message",
        "subtype": "bot_message",
        "text": "<https:\/\/www.reddit.com\/r\/Terraform\/comments\/qxxc8g\/update_terraforge_new_provider_wizard\/|UPDATE: Terraforge - New Provider Wizard>\nHey fellow Terraformers. After getting some great feedback from the <https:\/\/www.reddit.com\/r\/Terraform\/comments\/qpvs4m\/create_terraform_visually_with_terraforge_looking\/?utm_source=share&amp;utm_medium=web2x&amp;context=3|initial release> I've made some updates to <https:\/\/terraforge.vercel.app\/|Terraforge> and created a wizard that let's a user select the providers they want to use. Hopefully this will make it easier to get started building. Next big feature I'm working on...",
        "ts": "1637381195.046500",
        "username": "Terraform",
        "icons": {
            "image_48": "https:\/\/s3-us-west-2.amazonaws.com\/slack-files2\/bot_icons\/2019-02-12\/548785199618_48.png"
        },
        "bot_id": "BG3N7LG73",
        "blocks": [
            {
                "type": "rich_text",
                "block_id": "bDcoh",
                "elements": [
                    {
                        "type": "rich_text_section",
                        "elements": [
                            {
                                "type": "link",
                                "url": "https:\/\/www.reddit.com\/r\/Terraform\/comments\/qxxc8g\/update_terraforge_new_provider_wizard\/",
                                "text": "UPDATE: Terraforge - New Provider Wizard"
                            },
                            {
                                "type": "text",
                                "text": "\nHey fellow Terraformers. After getting some great feedback from the "
                            },
                            {
                                "type": "link",
                                "url": "https:\/\/www.reddit.com\/r\/Terraform\/comments\/qpvs4m\/create_terraform_visually_with_terraforge_looking\/?utm_source=share&amp;utm_medium=web2x&amp;context=3",
                                "text": "initial release"
                            },
                            {
                                "type": "text",
                                "text": " I've made some updates to "
                            },
                            {
                                "type": "link",
                                "url": "https:\/\/terraforge.vercel.app\/",
                                "text": "Terraforge"
                            },
                            {
                                "type": "text",
                                "text": " and created a wizard that let's a user select the providers they want to use. Hopefully this will make it easier to get started building. Next big feature I'm working on..."
                            }
                        ]
                    }
                ]
            }
        ],
        "attachments": [
            {
                "from_url": "https:\/\/www.reddit.com\/r\/Terraform\/comments\/qxxc8g\/update_terraforge_new_provider_wizard\/",
                "service_name": "reddit",
                "title": "UPDATE: Terraforge - New Provider Wizard",
                "title_link": "https:\/\/www.reddit.com\/r\/Terraform\/comments\/qxxc8g\/update_terraforge_new_provider_wizard\/",
                "text": "Hey fellow Terraformers. After getting some great feedback from the [initial...",
                "thumb_url": "https:\/\/www.redditstatic.com\/new-icon.png",
                "thumb_width": 256,
                "thumb_height": 256,
                "fallback": "reddit: UPDATE: Terraforge - New Provider Wizard",
                "service_icon": "http:\/\/www.redditstatic.com\/desktop2x\/img\/favicon\/apple-icon-57x57.png",
                "id": 1,
                "original_url": "https:\/\/www.reddit.com\/r\/Terraform\/comments\/qxxc8g\/update_terraforge_new_provider_wizard\/"
            },
            {
                "from_url": "https:\/\/www.reddit.com\/r\/Terraform\/comments\/qpvs4m\/create_terraform_visually_with_terraforge_looking\/?utm_source=share&utm_medium=web2x&context=3",
                "service_name": "reddit",
                "title": "Create Terraform Visually with Terraforge - Looking for Feedback",
                "title_link": "https:\/\/www.reddit.com\/r\/Terraform\/comments\/qpvs4m\/create_terraform_visually_with_terraforge_looking\/?utm_source=share&utm_medium=web2x&context=3",
                "text": "Hey Terraformers! In my own use of Terraform I've seen a number of tools out there that take in a Terraform config and outputs a visual...",
                "thumb_url": "https:\/\/www.redditstatic.com\/new-icon.png",
                "thumb_width": 256,
                "thumb_height": 256,
                "fallback": "reddit: Create Terraform Visually with Terraforge - Looking for Feedback",
                "service_icon": "http:\/\/www.redditstatic.com\/desktop2x\/img\/favicon\/apple-icon-57x57.png",
                "id": 2,
                "original_url": "https:\/\/www.reddit.com\/r\/Terraform\/comments\/qpvs4m\/create_terraform_visually_with_terraforge_looking\/?utm_source=share&amp;utm_medium=web2x&amp;context=3"
            }
        ],
        "edited": {
            "user": "BG3N7LG73",
            "ts": "1637381195.000000"
        }
    }
]