[
    {
        "type": "message",
        "subtype": "bot_message",
        "text": "<https:\/\/www.reddit.com\/r\/Terraform\/comments\/qk9jfu\/how_to_pass_the_hashicorp_certified_terraform\/|How to pass the HashiCorp Certified: Terraform Associate exam>\nIf you want to learn how to prepare for the HashiCorp Certified: Terraform Associate exam, please visit my blog: <https:\/\/www.czerniga.it\/2021\/10\/31\/how-to-pass-the-hashicorp-certified-terraform-associate-exam\/|https:\/\/www.czerniga.it\/2021\/10\/31\/how-to-pass-the-hashicorp-certified-terraform-associate-exam\/> In this post, I have described my experiences with this exam and prepared a list of useful study materials.    submitted by   &lt;a href=\"https:\/\/www.reddit.com\/user\/czerniga_it\"&gt;...",
        "ts": "1635756399.018600",
        "username": "Terraform",
        "icons": {
            "image_48": "https:\/\/s3-us-west-2.amazonaws.com\/slack-files2\/bot_icons\/2019-02-12\/548785199618_48.png"
        },
        "bot_id": "BG3N7LG73",
        "blocks": [
            {
                "type": "rich_text",
                "block_id": "tEf",
                "elements": [
                    {
                        "type": "rich_text_section",
                        "elements": [
                            {
                                "type": "link",
                                "url": "https:\/\/www.reddit.com\/r\/Terraform\/comments\/qk9jfu\/how_to_pass_the_hashicorp_certified_terraform\/",
                                "text": "How to pass the HashiCorp Certified: Terraform Associate exam"
                            },
                            {
                                "type": "text",
                                "text": "\nIf you want to learn how to prepare for the HashiCorp Certified: Terraform Associate exam, please visit my blog: "
                            },
                            {
                                "type": "link",
                                "url": "https:\/\/www.czerniga.it\/2021\/10\/31\/how-to-pass-the-hashicorp-certified-terraform-associate-exam\/"
                            },
                            {
                                "type": "text",
                                "text": " In this post, I have described my experiences with this exam and prepared a list of useful study materials.    submitted by   <a href=\"https:\/\/www.reddit.com\/user\/czerniga_it\">..."
                            }
                        ]
                    }
                ]
            }
        ],
        "attachments": [
            {
                "fallback": "reddit: How to pass the HashiCorp Certified: Terraform Associate exam",
                "from_url": "https:\/\/www.reddit.com\/r\/Terraform\/comments\/qk9jfu\/how_to_pass_the_hashicorp_certified_terraform\/",
                "service_name": "reddit",
                "service_icon": "http:\/\/www.redditstatic.com\/desktop2x\/img\/favicon\/apple-icon-57x57.png",
                "title": "How to pass the HashiCorp Certified: Terraform Associate exam",
                "title_link": "https:\/\/www.reddit.com\/r\/Terraform\/comments\/qk9jfu\/how_to_pass_the_hashicorp_certified_terraform\/",
                "thumb_url": "https:\/\/www.redditstatic.com\/new-icon.png",
                "thumb_width": 256,
                "thumb_height": 256,
                "text": "If you want to learn how to prepare for the HashiCorp Certified: Terraform Associate exam, please visit my blog:...",
                "id": 1,
                "original_url": "https:\/\/www.reddit.com\/r\/Terraform\/comments\/qk9jfu\/how_to_pass_the_hashicorp_certified_terraform\/"
            },
            {
                "fallback": "DevOps in the clouds - the technological blog of Patrycjusz Czerniga: How to pass the HashiCorp Certified: Terraform Associate exam - DevOps in the clouds - the technological blog of Patrycjusz Czerniga",
                "image_url": "https:\/\/www.czerniga.it\/wp-content\/uploads\/2021\/10\/Terraform-eng-1.png",
                "image_width": 444,
                "image_height": 250,
                "image_bytes": 67561,
                "from_url": "https:\/\/www.czerniga.it\/2021\/10\/31\/how-to-pass-the-hashicorp-certified-terraform-associate-exam\/",
                "service_name": "DevOps in the clouds - the technological blog of Patrycjusz Czerniga",
                "service_icon": "https:\/\/www.czerniga.it\/wp-content\/uploads\/2021\/09\/cropped-icons8-cloud-64-180x180.png",
                "title": "How to pass the HashiCorp Certified: Terraform Associate exam - DevOps in the clouds - the technological blog of Patrycjusz Czerniga",
                "title_link": "https:\/\/www.czerniga.it\/2021\/10\/31\/how-to-pass-the-hashicorp-certified-terraform-associate-exam\/",
                "text": "How to prepare for the HashiCorp Certified: Terraform Associate exam to pass it on the first attempt?",
                "id": 2,
                "original_url": "https:\/\/www.czerniga.it\/2021\/10\/31\/how-to-pass-the-hashicorp-certified-terraform-associate-exam\/"
            }
        ],
        "edited": {
            "user": "BG3N7LG73",
            "ts": "1635756399.000000"
        }
    },
    {
        "type": "message",
        "subtype": "bot_message",
        "text": "<https:\/\/www.reddit.com\/r\/Terraform\/comments\/qka2cr\/import_resources_without_forcing_new_ones_being\/|Import resources without forcing new ones being created>\nI'm trying to recover the state for an AWS account configured with terraform. I've ran 'terraform import' with my module and am able to pull in the state for a few aws_subnets, but when I run 'terraform plan' it still tries to force destroying the existing subnets and recreating them. Here is how my terraform looks ​ resource \"aws_subnet\" \"subnets\" {  for_each = { for idx, subnet in keys(var.subnets) : idx =&gt; { name = subnet cidr = var.subnets[subnet] } } cidr_block = each.value.cidr  vpc_id...",
        "ts": "1635758794.018800",
        "username": "Terraform",
        "icons": {
            "image_48": "https:\/\/s3-us-west-2.amazonaws.com\/slack-files2\/bot_icons\/2019-02-12\/548785199618_48.png"
        },
        "bot_id": "BG3N7LG73",
        "blocks": [
            {
                "type": "rich_text",
                "block_id": "m+2",
                "elements": [
                    {
                        "type": "rich_text_section",
                        "elements": [
                            {
                                "type": "link",
                                "url": "https:\/\/www.reddit.com\/r\/Terraform\/comments\/qka2cr\/import_resources_without_forcing_new_ones_being\/",
                                "text": "Import resources without forcing new ones being created"
                            },
                            {
                                "type": "text",
                                "text": "\nI'm trying to recover the state for an AWS account configured with terraform. I've ran 'terraform import' with my module and am able to pull in the state for a few aws_subnets, but when I run 'terraform plan' it still tries to force destroying the existing subnets and recreating them. Here is how my terraform looks ​ resource \"aws_subnet\" \"subnets\" {  for_each = { for idx, subnet in keys(var.subnets) : idx => { name = subnet cidr = var.subnets[subnet] } } cidr_block = each.value.cidr  vpc_id..."
                            }
                        ]
                    }
                ]
            }
        ],
        "attachments": [
            {
                "fallback": "reddit: Import resources without forcing new ones being created",
                "from_url": "https:\/\/www.reddit.com\/r\/Terraform\/comments\/qka2cr\/import_resources_without_forcing_new_ones_being\/",
                "service_name": "reddit",
                "service_icon": "http:\/\/www.redditstatic.com\/desktop2x\/img\/favicon\/apple-icon-57x57.png",
                "title": "Import resources without forcing new ones being created",
                "title_link": "https:\/\/www.reddit.com\/r\/Terraform\/comments\/qka2cr\/import_resources_without_forcing_new_ones_being\/",
                "thumb_url": "https:\/\/www.redditstatic.com\/new-icon.png",
                "thumb_width": 256,
                "thumb_height": 256,
                "text": "I'm trying to recover the state for an AWS account configured with terraform. I've ran 'terraform import' with my module and am able to pull in...",
                "id": 1,
                "original_url": "https:\/\/www.reddit.com\/r\/Terraform\/comments\/qka2cr\/import_resources_without_forcing_new_ones_being\/"
            }
        ],
        "edited": {
            "user": "BG3N7LG73",
            "ts": "1635758795.000000"
        }
    },
    {
        "type": "message",
        "subtype": "bot_message",
        "text": "<https:\/\/www.reddit.com\/r\/Terraform\/comments\/qkaiex\/error_provider_configuration_not_present\/|Error: Provider configuration not present>\nI am getting this error <https:\/\/stackoverflow.com\/questions\/58393294\/terraform-refactoring-modules-error-provider-configuration-not-present|Error: Provider configuration not present> on terraform plan. It is giving me below error in description  To work with module.datahub-pubsub-topics-factory.google_pubsub_topic.supermetrics_logging_topic_production (orphan) its original provider configuration at module.datahub-pubsub-topics-factory.provider[\"&lt;a...",
        "ts": "1635760597.019000",
        "username": "Terraform",
        "icons": {
            "image_48": "https:\/\/s3-us-west-2.amazonaws.com\/slack-files2\/bot_icons\/2019-02-12\/548785199618_48.png"
        },
        "bot_id": "BG3N7LG73",
        "blocks": [
            {
                "type": "rich_text",
                "block_id": "0TNn",
                "elements": [
                    {
                        "type": "rich_text_section",
                        "elements": [
                            {
                                "type": "link",
                                "url": "https:\/\/www.reddit.com\/r\/Terraform\/comments\/qkaiex\/error_provider_configuration_not_present\/",
                                "text": "Error: Provider configuration not present"
                            },
                            {
                                "type": "text",
                                "text": "\nI am getting this error "
                            },
                            {
                                "type": "link",
                                "url": "https:\/\/stackoverflow.com\/questions\/58393294\/terraform-refactoring-modules-error-provider-configuration-not-present",
                                "text": "Error: Provider configuration not present"
                            },
                            {
                                "type": "text",
                                "text": " on terraform plan. It is giving me below error in description  To work with module.datahub-pubsub-topics-factory.google_pubsub_topic.supermetrics_logging_topic_production (orphan) its original provider configuration at module.datahub-pubsub-topics-factory.provider[\"<a..."
                            }
                        ]
                    }
                ]
            }
        ],
        "attachments": [
            {
                "service_name": "reddit",
                "title": "Error: Provider configuration not present",
                "title_link": "https:\/\/www.reddit.com\/r\/Terraform\/comments\/qkaiex\/error_provider_configuration_not_present\/",
                "text": "I am getting this error [**Error: Provider configuration not...",
                "fallback": "reddit: Error: Provider configuration not present",
                "thumb_url": "https:\/\/www.redditstatic.com\/new-icon.png",
                "from_url": "https:\/\/www.reddit.com\/r\/Terraform\/comments\/qkaiex\/error_provider_configuration_not_present\/",
                "thumb_width": 256,
                "thumb_height": 256,
                "service_icon": "http:\/\/www.redditstatic.com\/desktop2x\/img\/favicon\/apple-icon-57x57.png",
                "id": 1,
                "original_url": "https:\/\/www.reddit.com\/r\/Terraform\/comments\/qkaiex\/error_provider_configuration_not_present\/"
            },
            {
                "fallback": "Stack Overflow: Terraform - refactoring modules: Error: Provider configuration not present",
                "from_url": "https:\/\/stackoverflow.com\/questions\/58393294\/terraform-refactoring-modules-error-provider-configuration-not-present",
                "service_name": "Stack Overflow",
                "service_icon": "https:\/\/cdn.sstatic.net\/Sites\/stackoverflow\/Img\/apple-touch-icon.png?v=c78bd457575a",
                "title": "Terraform - refactoring modules: Error: Provider configuration not present",
                "title_link": "https:\/\/stackoverflow.com\/questions\/58393294\/terraform-refactoring-modules-error-provider-configuration-not-present",
                "thumb_url": "https:\/\/cdn.sstatic.net\/Sites\/stackoverflow\/Img\/apple-touch-icon@2.png?v=73d79a89bded",
                "thumb_width": 316,
                "thumb_height": 316,
                "text": "I'm refactoring some Terraform modules and am getting: Error: Provider configuration not present To work with module.my_module.some_resource.resource_name its original provider configuration at m...",
                "id": 2,
                "original_url": "https:\/\/stackoverflow.com\/questions\/58393294\/terraform-refactoring-modules-error-provider-configuration-not-present"
            }
        ],
        "edited": {
            "user": "BG3N7LG73",
            "ts": "1635760597.000000"
        }
    },
    {
        "type": "message",
        "subtype": "bot_message",
        "text": "<https:\/\/www.reddit.com\/r\/Terraform\/comments\/qkp592\/problem_with_terraform_on_gcp\/|Problem with Terraform on GCP>\nWhen I try to create Instance on GCP Using Terraform.. it shows me an error I copy and paste compute engine instance from this page: <https:\/\/registry.terraform.io\/providers\/hashicorp\/google\/latest\/docs\/resources\/compute_instance|https:\/\/registry.terraform.io\/providers\/hashicorp\/google\/latest\/docs\/resources\/compute_instance> I paste it into \"<https:\/\/main.tf\/|main.tf>\" file but when I try to enter... terraform apply it shows me this error:  ​ &lt;a...",
        "ts": "1635805600.019200",
        "username": "Terraform",
        "icons": {
            "image_48": "https:\/\/s3-us-west-2.amazonaws.com\/slack-files2\/bot_icons\/2019-02-12\/548785199618_48.png"
        },
        "bot_id": "BG3N7LG73",
        "blocks": [
            {
                "type": "rich_text",
                "block_id": "UpKq",
                "elements": [
                    {
                        "type": "rich_text_section",
                        "elements": [
                            {
                                "type": "link",
                                "url": "https:\/\/www.reddit.com\/r\/Terraform\/comments\/qkp592\/problem_with_terraform_on_gcp\/",
                                "text": "Problem with Terraform on GCP"
                            },
                            {
                                "type": "text",
                                "text": "\nWhen I try to create Instance on GCP Using Terraform.. it shows me an error I copy and paste compute engine instance from this page: "
                            },
                            {
                                "type": "link",
                                "url": "https:\/\/registry.terraform.io\/providers\/hashicorp\/google\/latest\/docs\/resources\/compute_instance"
                            },
                            {
                                "type": "text",
                                "text": " I paste it into \""
                            },
                            {
                                "type": "link",
                                "url": "https:\/\/main.tf\/",
                                "text": "main.tf"
                            },
                            {
                                "type": "text",
                                "text": "\" file but when I try to enter... terraform apply it shows me this error:  ​ <a..."
                            }
                        ]
                    }
                ]
            }
        ],
        "attachments": [
            {
                "fallback": "reddit: Problem with Terraform on GCP",
                "from_url": "https:\/\/www.reddit.com\/r\/Terraform\/comments\/qkp592\/problem_with_terraform_on_gcp\/",
                "service_name": "reddit",
                "service_icon": "http:\/\/www.redditstatic.com\/desktop2x\/img\/favicon\/apple-icon-57x57.png",
                "title": "Problem with Terraform on GCP",
                "title_link": "https:\/\/www.reddit.com\/r\/Terraform\/comments\/qkp592\/problem_with_terraform_on_gcp\/",
                "thumb_url": "https:\/\/external-preview.redd.it\/uvg2qwiv42x71.png?overlay-align=bottom,left&crop=818:423,smart&overlay-height=15p&overlay=%2Fwatermark%2Ft5_2u8e4.png%3Fs%3Dbfb326ca8735739e33a60abaf9a7c73bcb4a2134&width=818&height=423&auto=webp&s=47209b7c152c61dc239d0dccaf58328eca66e3a2",
                "thumb_width": 130,
                "thumb_height": 60,
                "text": "Posted in r\/Terraform by u\/carlosonee • 1 point and 2 comments",
                "id": 1,
                "original_url": "https:\/\/www.reddit.com\/r\/Terraform\/comments\/qkp592\/problem_with_terraform_on_gcp\/"
            }
        ],
        "edited": {
            "user": "BG3N7LG73",
            "ts": "1635805600.000000"
        }
    },
    {
        "type": "message",
        "subtype": "bot_message",
        "text": "<https:\/\/www.reddit.com\/r\/Terraform\/comments\/qkqtkn\/need_advise_on_outputting_a_map_of_a_map_which\/|Need advise on outputting a map of a map which have different structures and consuming that map>\nI been looking at cleaning up some messy code but unsure how to handle this weird scenario we have Currently we have hub and spoke network in our Azure setup (also have something similar in AWS). For the network setup (for both the hub and spoke) we use the same code but make use of different tfvar files (separate state) files to provision the infrastructure in each region. In each region we have 1 Hub network (that has a connectivity with the other hub via a global peering). As for spokes...",
        "ts": "1635810393.019400",
        "username": "Terraform",
        "icons": {
            "image_48": "https:\/\/s3-us-west-2.amazonaws.com\/slack-files2\/bot_icons\/2019-02-12\/548785199618_48.png"
        },
        "bot_id": "BG3N7LG73",
        "blocks": [
            {
                "type": "rich_text",
                "block_id": "zlc",
                "elements": [
                    {
                        "type": "rich_text_section",
                        "elements": [
                            {
                                "type": "link",
                                "url": "https:\/\/www.reddit.com\/r\/Terraform\/comments\/qkqtkn\/need_advise_on_outputting_a_map_of_a_map_which\/",
                                "text": "Need advise on outputting a map of a map which have different structures and consuming that map"
                            },
                            {
                                "type": "text",
                                "text": "\nI been looking at cleaning up some messy code but unsure how to handle this weird scenario we have Currently we have hub and spoke network in our Azure setup (also have something similar in AWS). For the network setup (for both the hub and spoke) we use the same code but make use of different tfvar files (separate state) files to provision the infrastructure in each region. In each region we have 1 Hub network (that has a connectivity with the other hub via a global peering). As for spokes..."
                            }
                        ]
                    }
                ]
            }
        ],
        "attachments": [
            {
                "fallback": "reddit: Need advise on outputting a map of a map which have different structures and consuming that map",
                "from_url": "https:\/\/www.reddit.com\/r\/Terraform\/comments\/qkqtkn\/need_advise_on_outputting_a_map_of_a_map_which\/",
                "service_name": "reddit",
                "service_icon": "http:\/\/www.redditstatic.com\/desktop2x\/img\/favicon\/apple-icon-57x57.png",
                "title": "Need advise on outputting a map of a map which have different structures and consuming that map",
                "title_link": "https:\/\/www.reddit.com\/r\/Terraform\/comments\/qkqtkn\/need_advise_on_outputting_a_map_of_a_map_which\/",
                "thumb_url": "https:\/\/www.redditstatic.com\/new-icon.png",
                "thumb_width": 256,
                "thumb_height": 256,
                "text": "I been looking at cleaning up some messy code but unsure how to handle this weird scenario we have Currently we have hub and spoke network in our...",
                "id": 1,
                "original_url": "https:\/\/www.reddit.com\/r\/Terraform\/comments\/qkqtkn\/need_advise_on_outputting_a_map_of_a_map_which\/"
            }
        ],
        "edited": {
            "user": "BG3N7LG73",
            "ts": "1635810393.000000"
        }
    },
    {
        "type": "message",
        "subtype": "bot_message",
        "text": "<https:\/\/www.reddit.com\/r\/Terraform\/comments\/qkuqz8\/use_a_single_nested_for_loop_instead_of_a_nested\/|Use a single nested for loop instead of a nested for loop and a second one to get a map of string = object>\nSo, I have this in my <http:\/\/locals.tf|locals.tf>: ```hcl locals { clients = { client1 = [\"alabama\", \"arizona\", \"california\"] } clientList = flatten([ for client, sites in local.clients : [ for site in sites : { client = client site = site } ] ]) listToObject = { for c in local.clientList : \"${c.client}-${c.site}\" =&gt; c } }  Doing this produces the following output from listToObject: hcl listToObject = { client1-alabama = { client = \"client1\" site = \"alabama\" },  ``` I can then use listToObject in a for_each...",
        "ts": "1635822398.019600",
        "username": "Terraform",
        "icons": {
            "image_48": "https:\/\/s3-us-west-2.amazonaws.com\/slack-files2\/bot_icons\/2019-02-12\/548785199618_48.png"
        },
        "bot_id": "BG3N7LG73",
        "blocks": [
            {
                "type": "rich_text",
                "block_id": "Gt9",
                "elements": [
                    {
                        "type": "rich_text_section",
                        "elements": [
                            {
                                "type": "link",
                                "url": "https:\/\/www.reddit.com\/r\/Terraform\/comments\/qkuqz8\/use_a_single_nested_for_loop_instead_of_a_nested\/",
                                "text": "Use a single nested for loop instead of a nested for loop and a second one to get a map of string = object"
                            },
                            {
                                "type": "text",
                                "text": "\nSo, I have this in my "
                            },
                            {
                                "type": "link",
                                "url": "http:\/\/locals.tf",
                                "text": "locals.tf"
                            },
                            {
                                "type": "text",
                                "text": ": "
                            }
                        ]
                    },
                    {
                        "type": "rich_text_preformatted",
                        "elements": [
                            {
                                "type": "text",
                                "text": "hcl locals { clients = { client1 = [\"alabama\", \"arizona\", \"california\"] } clientList = flatten([ for client, sites in local.clients : [ for site in sites : { client = client site = site } ] ]) listToObject = { for c in local.clientList : \"${c.client}-${c.site}\" => c } }  Doing this produces the following output from listToObject: hcl listToObject = { client1-alabama = { client = \"client1\" site = \"alabama\" },  "
                            }
                        ]
                    },
                    {
                        "type": "rich_text_section",
                        "elements": [
                            {
                                "type": "text",
                                "text": " I can then use listToObject in a for_each..."
                            }
                        ]
                    }
                ]
            }
        ],
        "attachments": [
            {
                "fallback": "reddit: Use a single nested for loop instead of a nested for loop and a second one to get a map of string = object",
                "from_url": "https:\/\/www.reddit.com\/r\/Terraform\/comments\/qkuqz8\/use_a_single_nested_for_loop_instead_of_a_nested\/",
                "service_name": "reddit",
                "service_icon": "http:\/\/www.redditstatic.com\/desktop2x\/img\/favicon\/apple-icon-57x57.png",
                "title": "Use a single nested for loop instead of a nested for loop and a second one to get a map of string = object",
                "title_link": "https:\/\/www.reddit.com\/r\/Terraform\/comments\/qkuqz8\/use_a_single_nested_for_loop_instead_of_a_nested\/",
                "thumb_url": "https:\/\/www.redditstatic.com\/new-icon.png",
                "thumb_width": 256,
                "thumb_height": 256,
                "text": "So, I have this in my <http:\/\/locals.tf|locals.tf>: ```hcl locals { clients = { client1 = [\"alabama\", \"arizona\", \"california\"] } clientList = flatten([ ...",
                "id": 1,
                "original_url": "https:\/\/www.reddit.com\/r\/Terraform\/comments\/qkuqz8\/use_a_single_nested_for_loop_instead_of_a_nested\/"
            }
        ],
        "edited": {
            "user": "BG3N7LG73",
            "ts": "1635822399.000000"
        }
    }
]