[
    {
        "client_msg_id": "34e006ce-a5da-4fe7-b2a7-efb199598b16",
        "type": "message",
        "text": "ありがとうございます。参考にします。",
        "user": "U01DEEV6P2A",
        "ts": "1651228163.053109",
        "blocks": [
            {
                "type": "rich_text",
                "block_id": "bjEQ",
                "elements": [
                    {
                        "type": "rich_text_section",
                        "elements": [
                            {
                                "type": "text",
                                "text": "ありがとうございます。参考にします。"
                            }
                        ]
                    }
                ]
            }
        ],
        "team": "TFU0BKCQP",
        "user_team": "TFU0BKCQP",
        "source_team": "TFU0BKCQP",
        "user_profile": {
            "avatar_hash": "478ddc7bfe0b",
            "image_72": "https:\/\/avatars.slack-edge.com\/2020-10-29\/1487078859200_478ddc7bfe0b18c0f44e_72.png",
            "first_name": "GABAKU",
            "real_name": "GABAKU GIK",
            "display_name": "にゃんでもハンプティ",
            "team": "TFU0BKCQP",
            "name": "gabakugik",
            "is_restricted": false,
            "is_ultra_restricted": false
        },
        "thread_ts": "1651145133.386129",
        "parent_user_id": "U01DEEV6P2A"
    }
]