[
    {
        "client_msg_id": "6799adea-022b-44b4-b2ca-1c4c0566ee6a",
        "type": "message",
        "text": "<https:\/\/twitter.com\/jacopen\/status\/1535661199383093248>",
        "user": "UGW0ABZLG",
        "ts": "1654970769.109789",
        "blocks": [
            {
                "type": "rich_text",
                "block_id": "rzhcY",
                "elements": [
                    {
                        "type": "rich_text_section",
                        "elements": [
                            {
                                "type": "link",
                                "url": "https:\/\/twitter.com\/jacopen\/status\/1535661199383093248"
                            }
                        ]
                    }
                ]
            }
        ],
        "team": "TFU0BKCQP",
        "user_team": "TFU0BKCQP",
        "source_team": "TFU0BKCQP",
        "user_profile": {
            "avatar_hash": "aab14d1b78b0",
            "image_72": "https:\/\/avatars.slack-edge.com\/2019-04-25\/611657622993_aab14d1b78b05683bd59_72.png",
            "first_name": "shuntaro",
            "real_name": "shuntaro hara",
            "display_name": "hara",
            "team": "TFU0BKCQP",
            "name": "forest.hara0702",
            "is_restricted": false,
            "is_ultra_restricted": false
        },
        "attachments": [
            {
                "from_url": "https:\/\/twitter.com\/jacopen\/status\/1535661199383093248",
                "ts": 1654965135,
                "image_url": "https:\/\/pbs.twimg.com\/media\/FU_DrVqUsAAkPJJ.jpg",
                "image_width": 1026,
                "image_height": 312,
                "image_bytes": 20122,
                "id": 1,
                "original_url": "https:\/\/twitter.com\/jacopen\/status\/1535661199383093248",
                "fallback": "<https:\/\/twitter.com\/jacopen|@jacopen>: あれ、GitHub CopilotがTerraformにも効いてる？ <https:\/\/pbs.twimg.com\/media\/FU_DrVqUsAAkPJJ.jpg>",
                "text": "あれ、GitHub CopilotがTerraformにも効いてる？ <https:\/\/pbs.twimg.com\/media\/FU_DrVqUsAAkPJJ.jpg>",
                "author_name": "Kazuto Kusama(jacopen)☄",
                "author_link": "https:\/\/twitter.com\/jacopen\/status\/1535661199383093248",
                "author_icon": "https:\/\/pbs.twimg.com\/profile_images\/1245239113990602754\/FDbIG-vy_normal.jpg",
                "author_subname": "@jacopen",
                "service_name": "twitter",
                "service_url": "https:\/\/twitter.com\/",
                "footer": "Twitter",
                "footer_icon": "https:\/\/a.slack-edge.com\/80588\/img\/services\/twitter_pixel_snapped_32.png"
            }
        ],
        "reactions": [
            {
                "name": "eyes",
                "users": [
                    "U033FEQSWLX",
                    "ULSHHPEBB",
                    "U013E7MRKRP"
                ],
                "count": 3
            }
        ]
    }
]