[
    {
        "type": "message",
        "subtype": "bot_message",
        "text": "",
        "ts": "1660926692.075349",
        "bot_id": "BG2UDF0NA",
        "attachments": [
            {
                "id": 1,
                "fallback": "hashicorp\/terraform-provider-azurerm on GitHub\nv3.19.1",
                "text": "`v3.19.1`",
                "title": "hashicorp\/terraform-provider-azurerm on GitHub",
                "title_link": "https:\/\/newreleases.io\/github\/hashicorp\/terraform-provider-azurerm",
                "mrkdwn_in": [
                    "text"
                ]
            }
        ]
    },
    {
        "type": "message",
        "subtype": "bot_message",
        "text": "",
        "ts": "1660927207.720509",
        "bot_id": "BG2UDF0NA",
        "attachments": [
            {
                "id": 1,
                "fallback": "hashicorp\/terraform-provider-azurerm on GitHub\nv3.19.1 updated\nrelease note: <https:\/\/newreleases.io\/github\/hashicorp\/terraform-provider-azurerm?version=v3.19.1>",
                "text": "`v3.19.1` _updated_\n```\nBUG FIXES:\n\n* azurerm_dns_a_record - parse resource IDs insensitively in the read functions due to casing on the dnsZones segment ( #18048 ( <https:\/\/github.com\/hashicorp\/terraform-provider-azurerm\/issues\/18048> ) )\n* azurerm_dns_aaaa_record - parse resource IDs insensitively in the read functions due to casing on the dnsZones segment ( #18048 ( <https:\/\/github.com\/hashicorp\/terraform-provider-azurerm\/issues\/18048> ) )\n* azurerm_dns_caa_record - parse resource IDs insensitively in the read functions due to casing on the dnsZones segment ( #18048 ( <https:\/\/github.com\/hashicorp\/terraform-provider-azurerm\/issues\/18048> ) )\n* azurerm_dns_cname_record - parse resource IDs insensitively in the read functions due to casing on the dnsZones segment ( #18048 ( <https:\/\/github.com\/hashicorp\/terraform-provider-azurerm\/issues\/18048> ) )\n* azurerm_dns_mx_record - parse resource IDs insensitively in the read functions due to casing on the dnsZones segment ( #18048 ( <https:\/\/github.com\/hashicorp\/terraform-provider-azurerm\/issues\/18048> ) )\n* azurerm_dns_ns_record - parse resource IDs insensitively in the read functions due to casing on the dnsZones segment ( #18048 ( <https:\/\/github.com\/hashicorp\/terraform-provider-azurerm\/issues\/18048> ) )\n* azurerm_dns_ptr_record - parse resource IDs insensitively in the read functions due to casing on the dnsZones segment ( #18048 ( <https:\/\/github.com\/hashicorp\/terraform-provider-azurerm\/issues\/18048> ) )\n* azurerm_dns_srv_record - parse resource IDs insensitively in the read functions due to casing on the dnsZones segment ( #18048 ( <https:\/\/github.com\/hashicorp\/terraform-provider-azurerm\/issues\/18048> ) )\n* azurerm_dns_txt_record - parse resource IDs insensitively in the read functions due to casing on the dnsZones segment ( #18048 ( <https:\/\/github.com\/hashicorp\/terraform-provider-azurerm\/issues\/18048> ) )\n* azurerm_dns_zone - parse resource IDs insensitively in the read functions due to casing on the dnsZones segment ( #18048 ( <https:\/\/github.com\/hashicorp\/terraform-provider-azurerm\/issues\/18048> ) )\n```\n<https:\/\/newreleases.io\/github\/hashicorp\/terraform-provider-azurerm?version=v3.19.1|release note...>",
                "title": "hashicorp\/terraform-provider-azurerm on GitHub",
                "title_link": "https:\/\/newreleases.io\/github\/hashicorp\/terraform-provider-azurerm",
                "mrkdwn_in": [
                    "text"
                ]
            }
        ]
    }
]