[
    {
        "type": "message",
        "subtype": "bot_message",
        "text": "",
        "ts": "1661167980.650179",
        "bot_id": "BG2UDF0NA",
        "attachments": [
            {
                "id": 1,
                "fallback": "terraform-aws-modules\/terraform-aws-security-group on GitHub\nv4.12.0 \nrelease note: <https:\/\/newreleases.io\/github\/terraform-aws-modules\/terraform-aws-security-group?version=v4.12.0>",
                "text": "`v4.12.0` \n```\n-----------------------------------------------------------------------------------------------------------------------\n4.12.0 ( <https:\/\/github.com\/terraform-aws-modules\/terraform-aws-security-group\/compare\/v4.11.0...v4.12.0> ) (2022-08-22)\n-----------------------------------------------------------------------------------------------------------------------\n\nFeatures\n--------\n\n* Added Zabbix rules ( #255 ( <https:\/\/github.com\/terraform-aws-modules\/terraform-aws-security-group\/issues\/255> ) ) ( d29295c ( <https:\/\/github.com\/terraform-aws-modules\/terraform-aws-security-group\/commit\/d29295c97dfc4d8f07b5ee80d34b630c23cd79c9> ) )\n```\n<https:\/\/newreleases.io\/github\/terraform-aws-modules\/terraform-aws-security-group?version=v4.12.0|release note...>",
                "title": "terraform-aws-modules\/terraform-aws-security-group on GitHub",
                "title_link": "https:\/\/newreleases.io\/github\/terraform-aws-modules\/terraform-aws-security-group",
                "mrkdwn_in": [
                    "text"
                ]
            }
        ]
    }
]