[
    {
        "type": "message",
        "subtype": "bot_message",
        "text": "",
        "ts": "1661547113.394449",
        "bot_id": "BG2UDF0NA",
        "attachments": [
            {
                "id": 1,
                "fallback": "cloudposse\/terraform-aws-cloudfront-cdn on GitHub\nv0.24.20.24.2 \nrelease note: <https:\/\/newreleases.io\/github\/cloudposse\/terraform-aws-cloudfront-cdn?version=0.24.2>",
                "text": "*v0.24.2* `0.24.2` \n<https:\/\/newreleases.io\/github\/cloudposse\/terraform-aws-cloudfront-cdn?version=0.24.2|release note...>",
                "title": "cloudposse\/terraform-aws-cloudfront-cdn on GitHub",
                "title_link": "https:\/\/newreleases.io\/github\/cloudposse\/terraform-aws-cloudfront-cdn",
                "mrkdwn_in": [
                    "text"
                ]
            }
        ]
    }
]