[
    {
        "type": "message",
        "subtype": "bot_message",
        "text": "",
        "ts": "1660566635.972789",
        "bot_id": "BG2UDF0NA",
        "attachments": [
            {
                "id": 1,
                "fallback": "terraform-aws-modules\/terraform-aws-rds on GitHub\nv5.0.3 \nrelease note: <https:\/\/newreleases.io\/github\/terraform-aws-modules\/terraform-aws-rds?version=v5.0.3>",
                "text": "`v5.0.3` \n```\n5.0.3 ( <https:\/\/github.com\/terraform-aws-modules\/terraform-aws-rds\/compare\/v5.0.2...v5.0.3> ) (2022-08-15)\n---------------------------------------------------------------------------------------------------------\n\nBug Fixes\n---------\n\n* Fixed example of cross-region replica where KMS key was missing ( #428 ( <https:\/\/github.com\/terraform-aws-modules\/terraform-aws-rds\/issues\/428> ) ) ( 88418a7 ( <https:\/\/github.com\/terraform-aws-modules\/terraform-aws-rds\/commit\/88418a71bb6338cc176858cea926fade3a4eb6f8> ) )\n```\n<https:\/\/newreleases.io\/github\/terraform-aws-modules\/terraform-aws-rds?version=v5.0.3|release note...>",
                "title": "terraform-aws-modules\/terraform-aws-rds on GitHub",
                "title_link": "https:\/\/newreleases.io\/github\/terraform-aws-modules\/terraform-aws-rds",
                "mrkdwn_in": [
                    "text"
                ]
            }
        ]
    },
    {
        "type": "message",
        "subtype": "bot_message",
        "text": "",
        "ts": "1660589187.655339",
        "bot_id": "BG2UDF0NA",
        "attachments": [
            {
                "id": 1,
                "fallback": "ansible\/ansible on GitHub\nv2.12.8",
                "text": "`v2.12.8`",
                "title": "ansible\/ansible on GitHub",
                "title_link": "https:\/\/newreleases.io\/github\/ansible\/ansible",
                "mrkdwn_in": [
                    "text"
                ]
            }
        ]
    },
    {
        "type": "message",
        "subtype": "bot_message",
        "text": "",
        "ts": "1660590200.149779",
        "bot_id": "BG2UDF0NA",
        "attachments": [
            {
                "id": 1,
                "fallback": "ansible\/ansible on GitHub\nv2.13.3",
                "text": "`v2.13.3`",
                "title": "ansible\/ansible on GitHub",
                "title_link": "https:\/\/newreleases.io\/github\/ansible\/ansible",
                "mrkdwn_in": [
                    "text"
                ]
            }
        ]
    },
    {
        "type": "message",
        "subtype": "bot_message",
        "text": "",
        "ts": "1660618854.001229",
        "bot_id": "BG2UDF0NA",
        "attachments": [
            {
                "id": 1,
                "fallback": "cloudposse\/terraform-aws-alb-ingress on GitHub\nv0.25.10.25.1 \nrelease note: <https:\/\/newreleases.io\/github\/cloudposse\/terraform-aws-alb-ingress?version=0.25.1>",
                "text": "*v0.25.1* `0.25.1` \n```\n--------------\n🚀 Enhancements\n--------------\n\nUse context tags @nitrocode ( <https:\/\/github.com\/nitrocode> ) ( #65 ( <https:\/\/github.com\/cloudposse\/terraform-aws-alb-ingress\/pull\/65> ) )\n\n----\nwhat\n----\n\n* Use context tags\n\n---\nwhy\n---\n\n* This way we can pass in the context to tag the resource instead of having to supply the tags in manually. The tags are already passed into the context inputs.\n\n----------\nreferences\n----------\n\nN\/A\n```\n<https:\/\/newreleases.io\/github\/cloudposse\/terraform-aws-alb-ingress?version=0.25.1|release note...>",
                "title": "cloudposse\/terraform-aws-alb-ingress on GitHub",
                "title_link": "https:\/\/newreleases.io\/github\/cloudposse\/terraform-aws-alb-ingress",
                "mrkdwn_in": [
                    "text"
                ]
            }
        ]
    }
]