[
    {
        "type": "message",
        "subtype": "bot_message",
        "text": "",
        "ts": "1659630868.791649",
        "bot_id": "BG2UDF0NA",
        "attachments": [
            {
                "id": 1,
                "fallback": "terraform-linters\/tflint on GitHub\nv0.39.2",
                "text": "`v0.39.2`",
                "title": "terraform-linters\/tflint on GitHub",
                "title_link": "https:\/\/newreleases.io\/github\/terraform-linters\/tflint",
                "mrkdwn_in": [
                    "text"
                ]
            }
        ]
    },
    {
        "type": "message",
        "subtype": "bot_message",
        "text": "",
        "ts": "1659631419.823079",
        "bot_id": "BG2UDF0NA",
        "attachments": [
            {
                "id": 1,
                "fallback": "terraform-linters\/tflint on GitHub\nv0.39.2 updated\nrelease note: <https:\/\/newreleases.io\/github\/terraform-linters\/tflint?version=v0.39.2>",
                "text": "`v0.39.2` _updated_\n```\n-------------------\n0.39.2 (2022-08-05)\n-------------------\n\nGPG key ID: 8CE69160EB3F2FE9\n\nBugFixes\n--------\n\n* #1469 ( <https:\/\/github.com\/terraform-linters\/tflint\/pull\/1469> ) : plugin: Return a file from other modules ( @wata727 ( <https:\/\/github.com\/wata727> ) )\n\nChores\n------\n\n* #1466 ( <https:\/\/github.com\/terraform-linters\/tflint\/pull\/1466> ) : workflow(homebrew): update to use personal fork ( @chenrui333 ( <https:\/\/github.com\/chenrui333> ) )\n```\n<https:\/\/newreleases.io\/github\/terraform-linters\/tflint?version=v0.39.2|release note...>",
                "title": "terraform-linters\/tflint on GitHub",
                "title_link": "https:\/\/newreleases.io\/github\/terraform-linters\/tflint",
                "mrkdwn_in": [
                    "text"
                ]
            }
        ]
    },
    {
        "type": "message",
        "subtype": "bot_message",
        "text": "",
        "ts": "1659668167.067229",
        "bot_id": "BG2UDF0NA",
        "attachments": [
            {
                "id": 1,
                "fallback": "hashicorp\/terraform-provider-azurerm on GitHub\nv3.17.0",
                "text": "`v3.17.0`",
                "title": "hashicorp\/terraform-provider-azurerm on GitHub",
                "title_link": "https:\/\/newreleases.io\/github\/hashicorp\/terraform-provider-azurerm",
                "mrkdwn_in": [
                    "text"
                ]
            }
        ]
    },
    {
        "type": "message",
        "subtype": "bot_message",
        "text": "",
        "ts": "1659668676.892069",
        "bot_id": "BG2UDF0NA",
        "attachments": [
            {
                "id": 1,
                "fallback": "hashicorp\/terraform-provider-azurerm on GitHub\nv3.17.0 updated\nrelease note: <https:\/\/newreleases.io\/github\/hashicorp\/terraform-provider-azurerm?version=v3.17.0>",
                "text": "`v3.17.0` _updated_\n```\nENHANCEMENTS:\n\n* domainservice: updating to use API Version 2021-05-01 ( #17737 ( <https:\/\/github.com\/hashicorp\/terraform-provider-azurerm\/issues\/17737> ) )\n* Data Source: azurerm_proximity_placement_group - refactoring to use hashicorp\/go-azure-sdk ( #17776 ( <https:\/\/github.com\/hashicorp\/terraform-provider-azurerm\/issues\/17776> ) )\n* azurerm_api_management - update the sku_name property validation to accept newer Premium SKUs ( #17887 ( <https:\/\/github.com\/hashicorp\/terraform-provider-azurerm\/issues\/17887> ) )\n* azurerm_firewall - the property sku_tier is now updateable ( #17577 ( <https:\/\/github.com\/hashicorp\/terraform-provider-azurerm\/issues\/17577> ) )\n* azurerm_linux_virtual_machine_scale_set - the property instances is now Optional and defaults to 0 ( #17836 ( <https:\/\/github.com\/hashicorp\/terraform-provider-azurerm\/issues\/17836> ) )\n* azurerm_log_analytics_cluster - updated validation for the size_gb property ( #17780 ( <https:\/\/github.com\/hashicorp\/terraform-provider-azurerm\/issues\/17780> ) )\n* azurerm_proximity_placement_group - refactoring to use hashicorp\/go-azure-sdk ( #17776 ( <https:\/\/github.com\/hashicorp\/terraform-provider-azurerm\/issues\/17776> ) )\n* azurerm_shared_image - improved validation for the publisher , offer and sku properties in the identifier block ( #17547 ( <https:\/\/github.com\/hashicorp\/terraform-provider-azurerm\/issues\/17547> ) )\n* azurerm_subnet - support for the service delegation Microsoft.Orbital\/orbitalGateway ( #17854 ( <https:\/\/github.com\/hashicorp\/terraform-provider-azurerm\/issues\/17854> ) )\n* azurerm_eventhub_namespace - support for the local_authentication_enabled , public_network_access_enabled , and minimum_tls_version properties ( #17194 ( <https:\/\/github.com\/hashicorp\/terraform-provider-azurerm\/issues\/17194> ) )\n\nBUG FIXES:\n\n* Data Source: azurerm_private_dns_zone - returning the correct Resource ID when not specifying the resource_group_name ( #17729 ( <https:\/\/github.com\/hashicorp\/terraform-provider-azurerm\/issues\/17729> ) )\n```\n<https:\/\/newreleases.io\/github\/hashicorp\/terraform-provider-azurerm?version=v3.17.0|release note...>",
                "title": "hashicorp\/terraform-provider-azurerm on GitHub",
                "title_link": "https:\/\/newreleases.io\/github\/hashicorp\/terraform-provider-azurerm",
                "mrkdwn_in": [
                    "text"
                ]
            }
        ]
    }
]