[
    {
        "type": "message",
        "subtype": "bot_message",
        "text": "<https:\/\/qiita.com\/yamashun\/items\/750e016e74b92691cec8|GitHub Actions上でTerraform CI\/CD環境を構築する>\n<https:\/\/qiita.com\/#%E3%81%AF%E3%81%98%E3%82%81%E3%81%AB>はじめに\n\nGithub Actionsの正式版がリリースされて1ヶ月ほど経ちました。中々さわれてなかったのですが、TerraformのCI\/CD環境構築の調査で動かしたのでその時のまとめです。\n\n\n<https:\/\/qiita.com\/#%E3%82%B5%E3%83%B3%E3%83%97%E3%83%AB%E3%83%97%E3%83%AD%E3%82%B8%E3%82%A7%E3%82%AF%E3%83%88>サンプルプロジェクト\n\nとりあえず試すだけであれば、Terraform公式が用意している<https:\/\/github.com\/hashicorp\/terraform-github-actions|Terraform GitHub Actions>を使えばすぐに終わってしまいます。...",
        "ts": "1576405589.002100",
        "username": "Terraformタグが付けられた新着記事 - Qiita",
        "icons": {
            "image_36": "https:\/\/a.slack-edge.com\/80588\/img\/services\/rss_36.png",
            "image_48": "https:\/\/a.slack-edge.com\/80588\/img\/services\/rss_48.png",
            "image_72": "https:\/\/a.slack-edge.com\/80588\/img\/services\/rss_72.png"
        },
        "bot_id": "BG3N7LG73",
        "attachments": [
            {
                "service_name": "Qiita",
                "title": "GitHub Actions上でTerraform CI\/CD環境を構築する - Qiita",
                "title_link": "https:\/\/qiita.com\/yamashun\/items\/750e016e74b92691cec8",
                "text": "# はじめに Github Actionsの正式版がリリースされて1ヶ月ほど経ちました。中々さわれてなかったのですが、TerraformのCI\/CD環境構築の調査で動かしたのでその時のまとめです。 # サンプルプロジェクト とりあえ...",
                "fallback": "Qiita: GitHub Actions上でTerraform CI\/CD環境を構築する - Qiita",
                "thumb_url": "https:\/\/cdn.qiita.com\/assets\/qiita-fb-fe28c64039d925349e620ba55091e078.png",
                "from_url": "https:\/\/qiita.com\/yamashun\/items\/750e016e74b92691cec8",
                "thumb_width": 1200,
                "thumb_height": 630,
                "service_icon": "https:\/\/cdn.qiita.com\/assets\/favicons\/public\/apple-touch-icon-ec5ba42a24ae923f16825592efdc356f.png",
                "id": 1,
                "original_url": "https:\/\/qiita.com\/yamashun\/items\/750e016e74b92691cec8"
            },
            {
                "service_name": "Qiita",
                "title": "プログラマの技術情報共有サービス - Qiita",
                "title_link": "https:\/\/qiita.com\/#%E3%81%AF%E3%81%98%E3%82%81%E3%81%AB",
                "text": "Qiitaは、プログラマのための技術情報共有サービスです。 プログラミングに関するTips、ノウハウ、メモを簡単に記録 &amp; 公開することができます。",
                "fallback": "Qiita: プログラマの技術情報共有サービス - Qiita",
                "thumb_url": "https:\/\/cdn.qiita.com\/assets\/qiita-fb-fe28c64039d925349e620ba55091e078.png",
                "from_url": "https:\/\/qiita.com\/#%E3%81%AF%E3%81%98%E3%82%81%E3%81%AB",
                "thumb_width": 1200,
                "thumb_height": 630,
                "service_icon": "https:\/\/cdn.qiita.com\/assets\/favicons\/public\/apple-touch-icon-ec5ba42a24ae923f16825592efdc356f.png",
                "id": 2,
                "original_url": "https:\/\/qiita.com\/#%E3%81%AF%E3%81%98%E3%82%81%E3%81%AB"
            },
            {
                "service_name": "Qiita",
                "title": "プログラマの技術情報共有サービス - Qiita",
                "title_link": "https:\/\/qiita.com\/#%E3%82%B5%E3%83%B3%E3%83%97%E3%83%AB%E3%83%97%E3%83%AD%E3%82%B8%E3%82%A7%E3%82%AF%E3%83%88",
                "text": "Qiitaは、プログラマのための技術情報共有サービスです。 プログラミングに関するTips、ノウハウ、メモを簡単に記録 &amp; 公開することができます。",
                "fallback": "Qiita: プログラマの技術情報共有サービス - Qiita",
                "thumb_url": "https:\/\/cdn.qiita.com\/assets\/qiita-fb-fe28c64039d925349e620ba55091e078.png",
                "from_url": "https:\/\/qiita.com\/#%E3%82%B5%E3%83%B3%E3%83%97%E3%83%AB%E3%83%97%E3%83%AD%E3%82%B8%E3%82%A7%E3%82%AF%E3%83%88",
                "thumb_width": 1200,
                "thumb_height": 630,
                "service_icon": "https:\/\/cdn.qiita.com\/assets\/favicons\/public\/apple-touch-icon-ec5ba42a24ae923f16825592efdc356f.png",
                "id": 3,
                "original_url": "https:\/\/qiita.com\/#%E3%82%B5%E3%83%B3%E3%83%97%E3%83%AB%E3%83%97%E3%83%AD%E3%82%B8%E3%82%A7%E3%82%AF%E3%83%88"
            },
            {
                "service_name": "GitHub",
                "title": "hashicorp\/terraform-github-actions",
                "title_link": "https:\/\/github.com\/hashicorp\/terraform-github-actions",
                "text": "Terraform GitHub Actions. Contribute to hashicorp\/terraform-github-actions development by creating an account on GitHub.",
                "fallback": "GitHub: hashicorp\/terraform-github-actions",
                "thumb_url": "https:\/\/avatars0.githubusercontent.com\/u\/761456?s=400&v=4",
                "from_url": "https:\/\/github.com\/hashicorp\/terraform-github-actions",
                "thumb_width": 399,
                "thumb_height": 399,
                "service_icon": "https:\/\/a.slack-edge.com\/80588\/img\/unfurl_icons\/github.png",
                "id": 4,
                "original_url": "https:\/\/github.com\/hashicorp\/terraform-github-actions"
            }
        ]
    },
    {
        "type": "message",
        "subtype": "bot_message",
        "text": "<https:\/\/www.reddit.com\/r\/Terraform\/comments\/eb2i68\/how_do_you_think_for_what_position_this_test_task\/|How do you think, for what position this test task?>\nTest task\n jun\/mid\/senior?  <https:\/\/preview.redd.it\/i61xcwf6bu441.png?width=790&amp;format=png&amp;auto=webp&amp;s=6698c7867886938fb75feb4ebac7613776bde663|https:\/\/preview.redd.it\/i61xcwf6bu441.png?width=790&format=png&auto=webp&s=6698c7867886938fb75feb4ebac7613776bde663>    submitted by   <https:\/\/www.reddit.com\/user\/ivanzor| \/u\/ivanzor > \n<https:\/\/www.reddit.com\/r\/Terraform\/comments\/eb2i68\/how_do_you_think_for_what_position_this_test_task\/|[link]>   &lt;a...",
        "ts": "1576434389.002300",
        "username": "Terraform ALL the Worlds!",
        "icons": {
            "image_48": "https:\/\/s3-us-west-2.amazonaws.com\/slack-files2\/bot_icons\/2019-02-12\/548785199618_48.png"
        },
        "bot_id": "BG3N7LG73",
        "attachments": [
            {
                "service_name": "reddit",
                "title": "How do you think, for what position this test task?",
                "title_link": "https:\/\/www.reddit.com\/r\/Terraform\/comments\/eb2i68\/how_do_you_think_for_what_position_this_test_task\/",
                "text": "Posted in r\/Terraform by u\/ivanzor • 1 point and 0 comments",
                "fallback": "reddit: How do you think, for what position this test task?",
                "from_url": "https:\/\/www.reddit.com\/r\/Terraform\/comments\/eb2i68\/how_do_you_think_for_what_position_this_test_task\/",
                "thumb_url": "https:\/\/external-preview.redd.it\/i61xcwf6bu441.png?overlay-align=bottom,left&crop=790:413.612565445,smart&overlay-height=15p&overlay=%2Fwatermark%2Ft5_2u8e4.png%3Fs%3Dbfb326ca8735739e33a60abaf9a7c73bcb4a2134&width=790&height=413.612565445&auto=webp&s=76352d72142430262b73781f05864315ae718c00",
                "thumb_width": 130,
                "thumb_height": 60,
                "service_icon": "http:\/\/www.redditstatic.com\/desktop2x\/img\/favicon\/apple-icon-57x57.png",
                "id": 1,
                "original_url": "https:\/\/www.reddit.com\/r\/Terraform\/comments\/eb2i68\/how_do_you_think_for_what_position_this_test_task\/"
            },
            {
                "fallback": "790x616px image",
                "image_url": "https:\/\/preview.redd.it\/i61xcwf6bu441.png?width=790&format=png&auto=webp&s=6698c7867886938fb75feb4ebac7613776bde663",
                "image_width": 790,
                "image_height": 616,
                "image_bytes": 24212,
                "from_url": "https:\/\/preview.redd.it\/i61xcwf6bu441.png?width=790&format=png&auto=webp&s=6698c7867886938fb75feb4ebac7613776bde663",
                "id": 2,
                "original_url": "https:\/\/preview.redd.it\/i61xcwf6bu441.png?width=790&amp;format=png&amp;auto=webp&amp;s=6698c7867886938fb75feb4ebac7613776bde663"
            },
            {
                "title": "overview for ivanzor",
                "title_link": "https:\/\/www.reddit.com\/user\/ivanzor",
                "text": "The u\/ivanzor community on Reddit. Reddit gives you the best of the internet in one place.",
                "fallback": "overview for ivanzor",
                "from_url": "https:\/\/www.reddit.com\/user\/ivanzor",
                "service_icon": "http:\/\/www.redditstatic.com\/desktop2x\/img\/favicon\/apple-icon-57x57.png",
                "service_name": "reddit.com",
                "id": 3,
                "original_url": "https:\/\/www.reddit.com\/user\/ivanzor"
            }
        ]
    },
    {
        "type": "message",
        "subtype": "bot_message",
        "text": "<https:\/\/www.reddit.com\/r\/Terraform\/comments\/eb6knc\/countfor_each_with_modules\/|Count\/for_each with modules?>\nI have a module for creating a VM. I want to create an Azure availability set with 2 of these VMs. It doesn't seem I can use count or for_each with modules, using the latest Terraform. Is there any way to create a loop for modules?    submitted by   <https:\/\/www.reddit.com\/user\/IIGrudge| \/u\/IIGrudge > \n<https:\/\/www.reddit.com\/r\/Terraform\/comments\/eb6knc\/countfor_each_with_modules\/|[link]>   &lt;a...",
        "ts": "1576453587.002500",
        "username": "Terraform ALL the Worlds!",
        "icons": {
            "image_48": "https:\/\/s3-us-west-2.amazonaws.com\/slack-files2\/bot_icons\/2019-02-12\/548785199618_48.png"
        },
        "bot_id": "BG3N7LG73",
        "attachments": [
            {
                "service_name": "reddit",
                "title": "Count\/for_each with modules?",
                "title_link": "https:\/\/www.reddit.com\/r\/Terraform\/comments\/eb6knc\/countfor_each_with_modules\/",
                "text": "I have a module for creating a VM. I want to create an Azure availability set with 2 of these VMs. It doesn't seem I can use **count** or...",
                "fallback": "reddit: Count\/for_each with modules?",
                "thumb_url": "https:\/\/www.redditstatic.com\/new-icon.png",
                "from_url": "https:\/\/www.reddit.com\/r\/Terraform\/comments\/eb6knc\/countfor_each_with_modules\/",
                "thumb_width": 256,
                "thumb_height": 256,
                "service_icon": "http:\/\/www.redditstatic.com\/desktop2x\/img\/favicon\/apple-icon-57x57.png",
                "id": 1,
                "original_url": "https:\/\/www.reddit.com\/r\/Terraform\/comments\/eb6knc\/countfor_each_with_modules\/"
            },
            {
                "title": "overview for IIGrudge",
                "title_link": "https:\/\/www.reddit.com\/user\/IIGrudge",
                "text": "The u\/IIGrudge community on Reddit. Reddit gives you the best of the internet in one place.",
                "fallback": "overview for IIGrudge",
                "from_url": "https:\/\/www.reddit.com\/user\/IIGrudge",
                "service_icon": "http:\/\/www.redditstatic.com\/desktop2x\/img\/favicon\/apple-icon-57x57.png",
                "service_name": "reddit.com",
                "id": 2,
                "original_url": "https:\/\/www.reddit.com\/user\/IIGrudge"
            }
        ]
    },
    {
        "type": "message",
        "subtype": "bot_message",
        "text": "<https:\/\/qiita.com\/EnKUMA\/items\/0567fe84500ef261d3a0|Fastlyの環境をTerraformで管理する>\n<https:\/\/qiita.com\/#%E3%81%AF%E3%81%98%E3%82%81%E3%81%AB>はじめに\n\nこの記事は<https:\/\/qiita.com\/advent-calendar\/2019\/zozo_tech2|ZOZOテクノロジーズ #2 Advent Calendar 2019>の16日目の記事となります。\n\n今年、ZOZOテクノロジーズでは全部で5つのAdvent Calendarが公開されています。\n\n<https:\/\/qiita.com\/advent-calendar\/2019\/zozo_tech|ZOZOテクノロジーズ #1 Advent Calendar 2019>\n<https:\/\/qiita.com\/advent-calendar\/2019\/zozo_tech2|ZOZOテクノロジーズ #2 Advent Calendar 2019>\n&lt;a...",
        "ts": "1576464386.002700",
        "username": "Terraformタグが付けられた新着記事 - Qiita",
        "icons": {
            "image_36": "https:\/\/a.slack-edge.com\/80588\/img\/services\/rss_36.png",
            "image_48": "https:\/\/a.slack-edge.com\/80588\/img\/services\/rss_48.png",
            "image_72": "https:\/\/a.slack-edge.com\/80588\/img\/services\/rss_72.png"
        },
        "bot_id": "BG3N7LG73",
        "attachments": [
            {
                "service_name": "Qiita",
                "title": "Fastlyの環境をTerraformで管理する - Qiita",
                "title_link": "https:\/\/qiita.com\/EnKUMA\/items\/0567fe84500ef261d3a0",
                "text": "# はじめに この記事は[ZOZOテクノロジーズ #2 Advent Calendar 2019](<https:\/\/qiita.com\/advent-calendar\/2019\/zozo_tech2>)の16日目の記事となります。 今...",
                "fallback": "Qiita: Fastlyの環境をTerraformで管理する - Qiita",
                "thumb_url": "https:\/\/cdn.qiita.com\/assets\/qiita-fb-fe28c64039d925349e620ba55091e078.png",
                "from_url": "https:\/\/qiita.com\/EnKUMA\/items\/0567fe84500ef261d3a0",
                "thumb_width": 1200,
                "thumb_height": 630,
                "service_icon": "https:\/\/cdn.qiita.com\/assets\/favicons\/public\/apple-touch-icon-ec5ba42a24ae923f16825592efdc356f.png",
                "id": 1,
                "original_url": "https:\/\/qiita.com\/EnKUMA\/items\/0567fe84500ef261d3a0"
            },
            {
                "service_name": "Qiita",
                "title": "プログラマの技術情報共有サービス - Qiita",
                "title_link": "https:\/\/qiita.com\/#%E3%81%AF%E3%81%98%E3%82%81%E3%81%AB",
                "text": "Qiitaは、プログラマのための技術情報共有サービスです。 プログラミングに関するTips、ノウハウ、メモを簡単に記録 &amp; 公開することができます。",
                "fallback": "Qiita: プログラマの技術情報共有サービス - Qiita",
                "thumb_url": "https:\/\/cdn.qiita.com\/assets\/qiita-fb-fe28c64039d925349e620ba55091e078.png",
                "from_url": "https:\/\/qiita.com\/#%E3%81%AF%E3%81%98%E3%82%81%E3%81%AB",
                "thumb_width": 1200,
                "thumb_height": 630,
                "service_icon": "https:\/\/cdn.qiita.com\/assets\/favicons\/public\/apple-touch-icon-ec5ba42a24ae923f16825592efdc356f.png",
                "id": 2,
                "original_url": "https:\/\/qiita.com\/#%E3%81%AF%E3%81%98%E3%82%81%E3%81%AB"
            },
            {
                "service_name": "Qiita",
                "title": "ZOZOテクノロジーズ #2 Advent Calendar 2019 - Qiita",
                "title_link": "https:\/\/qiita.com\/advent-calendar\/2019\/zozo_tech2",
                "text": "ZOZOテクノロジーズの愉快なエンジニアたちによるアドベントカレンダーです！ 1 : <https:\/\/qiita.com\/advent-calendar\/2019\/zozo_tech> 2 : <https:\/\/qiita.com\/advent-calendar\/2019\/zozo_tech2> 3 : <https:\/\/qiita.com\/advent-calendar\/2019\/zozo_tech3> 4 : <https:\/\/qiita.com\/advent-cale>...",
                "fallback": "Qiita: ZOZOテクノロジーズ #2 Advent Calendar 2019 - Qiita",
                "thumb_url": "https:\/\/cdn.qiita.com\/assets\/qiita-fb-fe28c64039d925349e620ba55091e078.png",
                "from_url": "https:\/\/qiita.com\/advent-calendar\/2019\/zozo_tech2",
                "thumb_width": 1200,
                "thumb_height": 630,
                "service_icon": "https:\/\/cdn.qiita.com\/assets\/favicons\/public\/apple-touch-icon-ec5ba42a24ae923f16825592efdc356f.png",
                "id": 3,
                "original_url": "https:\/\/qiita.com\/advent-calendar\/2019\/zozo_tech2"
            },
            {
                "service_name": "Qiita",
                "title": "ZOZOテクノロジーズ #1 Advent Calendar 2019 - Qiita",
                "title_link": "https:\/\/qiita.com\/advent-calendar\/2019\/zozo_tech",
                "text": "ZOZOテクノロジーズの愉快なエンジニアたちによるアドベントカレンダーです！ 1 : <https:\/\/qiita.com\/advent-calendar\/2019\/zozo_tech> 2 : <https:\/\/qiita.com\/advent-calendar\/2019\/zozo_tech2> 3 : <https:\/\/qiita.com\/advent-calendar\/2019\/zozo_tech3> 4 : <https:\/\/qiita.com\/advent-cale>...",
                "fallback": "Qiita: ZOZOテクノロジーズ #1 Advent Calendar 2019 - Qiita",
                "thumb_url": "https:\/\/cdn.qiita.com\/assets\/qiita-fb-fe28c64039d925349e620ba55091e078.png",
                "from_url": "https:\/\/qiita.com\/advent-calendar\/2019\/zozo_tech",
                "thumb_width": 1200,
                "thumb_height": 630,
                "service_icon": "https:\/\/cdn.qiita.com\/assets\/favicons\/public\/apple-touch-icon-ec5ba42a24ae923f16825592efdc356f.png",
                "id": 4,
                "original_url": "https:\/\/qiita.com\/advent-calendar\/2019\/zozo_tech"
            }
        ]
    },
    {
        "type": "message",
        "subtype": "bot_message",
        "text": "<https:\/\/www.reddit.com\/r\/Terraform\/comments\/eb9nrj\/terraform_deprecated_config\/|Terraform Deprecated Config>\nHi Team,  We use some Azure DevOps pipelines to release our infrastructure, we noted at times that commands\/config are deprecated though at times this is missed as per the automatic release, is there a way to have warning flags fail the release process. We are thinking if it forces the release to fail it will force the code owners to update there configuration and code. Thanks in advance...    submitted by   <https:\/\/www.reddit.com\/user\/wunderlust88| \/u\/wunderlust88 > \n&lt;a...",
        "ts": "1576467988.002900",
        "username": "Terraform ALL the Worlds!",
        "icons": {
            "image_48": "https:\/\/s3-us-west-2.amazonaws.com\/slack-files2\/bot_icons\/2019-02-12\/548785199618_48.png"
        },
        "bot_id": "BG3N7LG73",
        "attachments": [
            {
                "service_name": "reddit",
                "title": "Terraform Deprecated Config",
                "title_link": "https:\/\/www.reddit.com\/r\/Terraform\/comments\/eb9nrj\/terraform_deprecated_config\/",
                "text": "Hi Team, We use some Azure DevOps pipelines to release our infrastructure, we noted at times that commands\/config are deprecated though at times...",
                "fallback": "reddit: Terraform Deprecated Config",
                "thumb_url": "https:\/\/www.redditstatic.com\/new-icon.png",
                "from_url": "https:\/\/www.reddit.com\/r\/Terraform\/comments\/eb9nrj\/terraform_deprecated_config\/",
                "thumb_width": 256,
                "thumb_height": 256,
                "service_icon": "http:\/\/www.redditstatic.com\/desktop2x\/img\/favicon\/apple-icon-57x57.png",
                "id": 1,
                "original_url": "https:\/\/www.reddit.com\/r\/Terraform\/comments\/eb9nrj\/terraform_deprecated_config\/"
            },
            {
                "title": "overview for wunderlust88",
                "title_link": "https:\/\/www.reddit.com\/user\/wunderlust88",
                "text": "The u\/wunderlust88 community on Reddit. Reddit gives you the best of the internet in one place.",
                "fallback": "overview for wunderlust88",
                "from_url": "https:\/\/www.reddit.com\/user\/wunderlust88",
                "service_icon": "http:\/\/www.redditstatic.com\/desktop2x\/img\/favicon\/apple-icon-57x57.png",
                "service_name": "reddit.com",
                "id": 2,
                "original_url": "https:\/\/www.reddit.com\/user\/wunderlust88"
            }
        ]
    }
]