[
    {
        "type": "message",
        "subtype": "bot_message",
        "text": "<https:\/\/qiita.com\/fukubaka0825\/items\/3b9c8fb0a97a18a3e167|Elasticsearch\/Kibana on AWS ECSをTerraformで サクッと構築>\n<https:\/\/qiita.com\/#%E3%81%AF%E3%81%98%E3%82%81%E3%81%AB>はじめに\n\nこんにちわ！Wano株式会社のnariと申します。\nWanoグループアドベントカレンダー初日の担当として書かせていただきます。\n\n今回は、少し前まで着手していた共通検索基盤の構築（WIP)の際に、<https:\/\/medium.com\/@devfire\/deploying-the-elk-stack-on-amazon-ecs-dd97d671df06|この記事>を参考にElasticsearch\/Kibana on AWS ECSを構築しましたが、\n\nECSはGUIでの操作がやっぱりしんどい(設定部分が散らばりすぎている）ので、TerraformでIaCした話\nElasticSearch\/Kibana 5,6系を対象とした記事だったので、７系で構築する場合のトラブルシューティング\nをまとめていこうと思います。\n\n\n&lt;a...",
        "ts": "1575195988.042300",
        "username": "Terraformタグが付けられた新着記事 - Qiita",
        "icons": {
            "image_36": "https:\/\/a.slack-edge.com\/80588\/img\/services\/rss_36.png",
            "image_48": "https:\/\/a.slack-edge.com\/80588\/img\/services\/rss_48.png",
            "image_72": "https:\/\/a.slack-edge.com\/80588\/img\/services\/rss_72.png"
        },
        "bot_id": "BG3N7LG73",
        "attachments": [
            {
                "service_name": "Qiita",
                "title": "Elasticsearch\/Kibana on AWS ECSをTerraformで サクッと構築 - Qiita",
                "title_link": "https:\/\/qiita.com\/fukubaka0825\/items\/3b9c8fb0a97a18a3e167",
                "text": "# はじめに こんにちわ！Wano株式会社のnariと申します。 Wanoグループアドベントカレンダー初日の担当として書かせていただきます。 今回は、少し前まで着手していた共通検索基盤の構築（WIP)の際に、[この記事](https...",
                "fallback": "Qiita: Elasticsearch\/Kibana on AWS ECSをTerraformで サクッと構築 - Qiita",
                "thumb_url": "https:\/\/cdn.qiita.com\/assets\/qiita-fb-2887e7b4aad86fd8c25cea84846f2236.png",
                "from_url": "https:\/\/qiita.com\/fukubaka0825\/items\/3b9c8fb0a97a18a3e167",
                "thumb_width": 200,
                "thumb_height": 200,
                "service_icon": "https:\/\/cdn.qiita.com\/assets\/favicons\/public\/apple-touch-icon-f9a6afad761ec2306e10db2736187c8b.png",
                "id": 1,
                "original_url": "https:\/\/qiita.com\/fukubaka0825\/items\/3b9c8fb0a97a18a3e167"
            },
            {
                "service_name": "Qiita",
                "title": "プログラマの技術情報共有サービス - Qiita",
                "title_link": "https:\/\/qiita.com\/#%E3%81%AF%E3%81%98%E3%82%81%E3%81%AB",
                "text": "Qiitaは、プログラマのための技術情報共有サービスです。 プログラミングに関するTips、ノウハウ、メモを簡単に記録 &amp; 公開することができます。",
                "fallback": "Qiita: プログラマの技術情報共有サービス - Qiita",
                "thumb_url": "https:\/\/cdn.qiita.com\/assets\/qiita-fb-2887e7b4aad86fd8c25cea84846f2236.png",
                "from_url": "https:\/\/qiita.com\/#%E3%81%AF%E3%81%98%E3%82%81%E3%81%AB",
                "thumb_width": 200,
                "thumb_height": 200,
                "service_icon": "https:\/\/cdn.qiita.com\/assets\/favicons\/public\/apple-touch-icon-f9a6afad761ec2306e10db2736187c8b.png",
                "id": 2,
                "original_url": "https:\/\/qiita.com\/#%E3%81%AF%E3%81%98%E3%82%81%E3%81%AB"
            },
            {
                "service_name": "Medium",
                "title": "Deploying the ELK stack on Amazon ECS, Part 1",
                "title_link": "https:\/\/medium.com\/@devfire\/deploying-the-elk-stack-on-amazon-ecs-dd97d671df06",
                "text": "The one where we containerize ElasticSearch.",
                "fallback": "Medium: Deploying the ELK stack on Amazon ECS, Part 1",
                "image_url": "https:\/\/miro.medium.com\/max\/673\/1*GCIp44gjTPtD2CnMJsER5g.png",
                "fields": [
                    {
                        "title": "Reading time",
                        "value": "7 min read",
                        "short": true
                    }
                ],
                "ts": 1552938992,
                "from_url": "https:\/\/medium.com\/@devfire\/deploying-the-elk-stack-on-amazon-ecs-dd97d671df06",
                "image_width": 383,
                "image_height": 250,
                "image_bytes": 25466,
                "service_icon": "https:\/\/cdn-images-1.medium.com\/fit\/c\/152\/152\/1*8I-HPL0bfoIzGied-dzOvA.png",
                "id": 3,
                "original_url": "https:\/\/medium.com\/@devfire\/deploying-the-elk-stack-on-amazon-ecs-dd97d671df06"
            }
        ]
    },
    {
        "type": "message",
        "subtype": "bot_message",
        "text": "<https:\/\/www.reddit.com\/r\/Terraform\/comments\/e4pj5g\/cloudops_live_stream\/|CloudOps Live Stream>\nHello! A few months back I posted on Hacker News and Reddit about my Ansible and Terraform Crash Courses over at <https:\/\/www.thecloud.coach\/|https:\/\/www.thecloud.coach\/>. They were a big success, attracting 3,000+ signups, and now I'd like to tell you about my up and coming live stream on Twitch: <https:\/\/www.twitch.tv\/thecloudcoach|https:\/\/www.twitch.tv\/thecloudcoach> I'll be building a simple infrastructure on AWS to host an MkDocs instance. I'll be using modern...",
        "ts": "1575242186.042500",
        "username": "Terraform ALL the Worlds!",
        "icons": {
            "image_48": "https:\/\/s3-us-west-2.amazonaws.com\/slack-files2\/bot_icons\/2019-02-12\/548785199618_48.png"
        },
        "bot_id": "BG3N7LG73",
        "attachments": [
            {
                "service_name": "reddit",
                "title": "CloudOps Live Stream",
                "title_link": "https:\/\/www.reddit.com\/r\/Terraform\/comments\/e4pj5g\/cloudops_live_stream\/",
                "text": "Hello! A few months back I posted on Hacker News and Reddit about my Ansible and Terraform Crash Courses over at...",
                "fallback": "reddit: CloudOps Live Stream",
                "thumb_url": "https:\/\/www.redditstatic.com\/new-icon.png",
                "from_url": "https:\/\/www.reddit.com\/r\/Terraform\/comments\/e4pj5g\/cloudops_live_stream\/",
                "thumb_width": 256,
                "thumb_height": 256,
                "service_icon": "http:\/\/www.redditstatic.com\/desktop2x\/img\/favicon\/apple-icon-57x57.png",
                "id": 1,
                "original_url": "https:\/\/www.reddit.com\/r\/Terraform\/comments\/e4pj5g\/cloudops_live_stream\/"
            },
            {
                "title": "The Cloud Coach",
                "title_link": "https:\/\/www.thecloud.coach\/",
                "text": "I've been developing Cloud based solutions for nearly 10 years. I've built solutions for start-ups, SMEs, enterprises and governments. I love teaching other people what I know, sharing knowledge and skills; and I love helping other people become more than they are today.",
                "fallback": "The Cloud Coach",
                "from_url": "https:\/\/www.thecloud.coach\/",
                "service_name": "thecloud.coach",
                "id": 2,
                "original_url": "https:\/\/www.thecloud.coach\/"
            },
            {
                "service_name": "Twitch",
                "title": "TheCloudCoach - Twitch",
                "title_link": "https:\/\/www.twitch.tv\/thecloudcoach",
                "text": "The Cloud Coach",
                "fallback": "Twitch: TheCloudCoach - Twitch",
                "thumb_url": "https:\/\/static-cdn.jtvnw.net\/jtv_user_pictures\/4abe54c6-e461-444c-bacd-ccb0039d89d4-profile_image-300x300.png",
                "from_url": "https:\/\/www.twitch.tv\/thecloudcoach",
                "thumb_width": 300,
                "thumb_height": 300,
                "service_icon": "https:\/\/static.twitchcdn.net\/assets\/favicon-32-d6025c14e900565d6177.png",
                "id": 3,
                "original_url": "https:\/\/www.twitch.tv\/thecloudcoach"
            }
        ]
    },
    {
        "type": "message",
        "subtype": "bot_message",
        "text": "<https:\/\/qiita.com\/minamijoyo\/items\/1350fb28ae82a3dbb354|tfupdateでTerraform本体\/プロバイダ\/モジュールのバージョンアップを自動化する>\n<https:\/\/qiita.com\/#%E3%81%AF%E3%81%98%E3%82%81%E3%81%AB>はじめに\n\nTerraform職人あらためシニアHCLエンジニア（？）の <https:\/\/qiita.com\/minamijoyo|@minamijoyo> です。\n\n最近はHCL(HashiCorp Configuration Language)のパーサで遊んでいます。Terraformの設定をパースしていいかんじに書き換えることができるようになると夢が広がりますよね？\nそんな個人的な趣味の産物として、Terraform本体\/プロバイダ\/モジュールのバージョン制約をいいかんじに一括で書き換えてくれる tfupdate というツールを書いたので紹介します。\n\n&lt;a...",
        "ts": "1575251788.042900",
        "username": "Terraformタグが付けられた新着記事 - Qiita",
        "icons": {
            "image_36": "https:\/\/a.slack-edge.com\/80588\/img\/services\/rss_36.png",
            "image_48": "https:\/\/a.slack-edge.com\/80588\/img\/services\/rss_48.png",
            "image_72": "https:\/\/a.slack-edge.com\/80588\/img\/services\/rss_72.png"
        },
        "bot_id": "BG3N7LG73",
        "attachments": [
            {
                "service_name": "Qiita",
                "title": "tfupdateでTerraform本体\/プロバイダ\/モジュールのバージョンアップを自動化する - Qiita",
                "title_link": "https:\/\/qiita.com\/minamijoyo\/items\/1350fb28ae82a3dbb354",
                "text": "# はじめに Terraform職人あらためシニアHCLエンジニア（？）の @minamijoyo です。 最近はHCL(HashiCorp Configuration Language)のパーサで遊んでいます。Terraform...",
                "fallback": "Qiita: tfupdateでTerraform本体\/プロバイダ\/モジュールのバージョンアップを自動化する - Qiita",
                "thumb_url": "https:\/\/cdn.qiita.com\/assets\/qiita-fb-2887e7b4aad86fd8c25cea84846f2236.png",
                "from_url": "https:\/\/qiita.com\/minamijoyo\/items\/1350fb28ae82a3dbb354",
                "thumb_width": 200,
                "thumb_height": 200,
                "service_icon": "https:\/\/cdn.qiita.com\/assets\/favicons\/public\/apple-touch-icon-f9a6afad761ec2306e10db2736187c8b.png",
                "id": 1,
                "original_url": "https:\/\/qiita.com\/minamijoyo\/items\/1350fb28ae82a3dbb354"
            },
            {
                "service_name": "Qiita",
                "title": "プログラマの技術情報共有サービス - Qiita",
                "title_link": "https:\/\/qiita.com\/#%E3%81%AF%E3%81%98%E3%82%81%E3%81%AB",
                "text": "Qiitaは、プログラマのための技術情報共有サービスです。 プログラミングに関するTips、ノウハウ、メモを簡単に記録 &amp; 公開することができます。",
                "fallback": "Qiita: プログラマの技術情報共有サービス - Qiita",
                "thumb_url": "https:\/\/cdn.qiita.com\/assets\/qiita-fb-2887e7b4aad86fd8c25cea84846f2236.png",
                "from_url": "https:\/\/qiita.com\/#%E3%81%AF%E3%81%98%E3%82%81%E3%81%AB",
                "thumb_width": 200,
                "thumb_height": 200,
                "service_icon": "https:\/\/cdn.qiita.com\/assets\/favicons\/public\/apple-touch-icon-f9a6afad761ec2306e10db2736187c8b.png",
                "id": 2,
                "original_url": "https:\/\/qiita.com\/#%E3%81%AF%E3%81%98%E3%82%81%E3%81%AB"
            },
            {
                "service_name": "Qiita",
                "title": "minamijoyo - Qiita",
                "title_link": "https:\/\/qiita.com\/minamijoyo",
                "text": "minamijoyo's profile. Let's see minamijoyo's posts.",
                "fallback": "Qiita: minamijoyo - Qiita",
                "thumb_url": "https:\/\/cdn.qiita.com\/assets\/qiita-fb-2887e7b4aad86fd8c25cea84846f2236.png",
                "from_url": "https:\/\/qiita.com\/minamijoyo",
                "thumb_width": 200,
                "thumb_height": 200,
                "service_icon": "https:\/\/cdn.qiita.com\/assets\/favicons\/public\/apple-touch-icon-f9a6afad761ec2306e10db2736187c8b.png",
                "id": 3,
                "original_url": "https:\/\/qiita.com\/minamijoyo"
            }
        ]
    },
    {
        "type": "message",
        "subtype": "bot_message",
        "text": "<https:\/\/qiita.com\/hayaosato\/items\/4c223a5658a4582809fa|Terraformでの環境分割について>\n<https:\/\/qiita.com\/#%E3%81%AF%E3%81%98%E3%82%81%E3%81%AB>はじめに\n\nこんにちは、インフラエンジニアをしています。<https:\/\/qiita.com\/hayaosato|@hayaosato>です。\n現在ディップではインフラのクラウドリソースの管理にTerraformを取り入れようと日々検証を行なっております。\nその中でTerraformの環境分割はどのようにやるのか、自分なりに考えてみたので共有しようと思います。\n参考程度に読んでいただけると幸いです。\nよろしくお願い致します。\n\n\n<https:\/\/qiita.com\/#%E7%B5%90%E8%AB%96>結論...",
        "ts": "1575254186.043100",
        "username": "Terraformタグが付けられた新着記事 - Qiita",
        "icons": {
            "image_36": "https:\/\/a.slack-edge.com\/80588\/img\/services\/rss_36.png",
            "image_48": "https:\/\/a.slack-edge.com\/80588\/img\/services\/rss_48.png",
            "image_72": "https:\/\/a.slack-edge.com\/80588\/img\/services\/rss_72.png"
        },
        "bot_id": "BG3N7LG73",
        "attachments": [
            {
                "service_name": "Qiita",
                "title": "Terraformでの環境分割について - Qiita",
                "title_link": "https:\/\/qiita.com\/hayaosato\/items\/4c223a5658a4582809fa",
                "text": "## はじめに こんにちは、インフラエンジニアをしています。@hayaosatoです。 現在ディップではインフラのクラウドリソースの管理にTerraformを取り入れようと日々検証を行なっております。 その中でTerraformの環境...",
                "fallback": "Qiita: Terraformでの環境分割について - Qiita",
                "thumb_url": "https:\/\/cdn.qiita.com\/assets\/qiita-fb-2887e7b4aad86fd8c25cea84846f2236.png",
                "from_url": "https:\/\/qiita.com\/hayaosato\/items\/4c223a5658a4582809fa",
                "thumb_width": 200,
                "thumb_height": 200,
                "service_icon": "https:\/\/cdn.qiita.com\/assets\/favicons\/public\/apple-touch-icon-f9a6afad761ec2306e10db2736187c8b.png",
                "id": 1,
                "original_url": "https:\/\/qiita.com\/hayaosato\/items\/4c223a5658a4582809fa"
            },
            {
                "service_name": "Qiita",
                "title": "hayaosato - Qiita",
                "title_link": "https:\/\/qiita.com\/hayaosato",
                "text": "hayaosato's profile. Let's see hayaosato's posts.",
                "fallback": "Qiita: hayaosato - Qiita",
                "thumb_url": "https:\/\/cdn.qiita.com\/assets\/qiita-fb-2887e7b4aad86fd8c25cea84846f2236.png",
                "from_url": "https:\/\/qiita.com\/hayaosato",
                "thumb_width": 200,
                "thumb_height": 200,
                "service_icon": "https:\/\/cdn.qiita.com\/assets\/favicons\/public\/apple-touch-icon-f9a6afad761ec2306e10db2736187c8b.png",
                "id": 3,
                "original_url": "https:\/\/qiita.com\/hayaosato"
            },
            {
                "service_name": "Qiita",
                "title": "プログラマの技術情報共有サービス - Qiita",
                "title_link": "https:\/\/qiita.com\/#%E7%B5%90%E8%AB%96",
                "text": "Qiitaは、プログラマのための技術情報共有サービスです。 プログラミングに関するTips、ノウハウ、メモを簡単に記録 &amp; 公開することができます。",
                "fallback": "Qiita: プログラマの技術情報共有サービス - Qiita",
                "thumb_url": "https:\/\/cdn.qiita.com\/assets\/qiita-fb-2887e7b4aad86fd8c25cea84846f2236.png",
                "from_url": "https:\/\/qiita.com\/#%E7%B5%90%E8%AB%96",
                "thumb_width": 200,
                "thumb_height": 200,
                "service_icon": "https:\/\/cdn.qiita.com\/assets\/favicons\/public\/apple-touch-icon-f9a6afad761ec2306e10db2736187c8b.png",
                "id": 4,
                "original_url": "https:\/\/qiita.com\/#%E7%B5%90%E8%AB%96"
            }
        ]
    },
    {
        "type": "message",
        "subtype": "bot_message",
        "text": "<https:\/\/www.reddit.com\/r\/Terraform\/comments\/e4scrx\/hashicorp_certifications_terraform_and_vault\/|HashiCorp Certifications: Terraform and Vault>\nNeither exam is live yet, but there is an info page where you can sign up for email updates. <https:\/\/www.hashicorp.com\/certification\/|https:\/\/www.hashicorp.com\/certification\/>    submitted by   <https:\/\/www.reddit.com\/user\/hey_casey| \/u\/hey_casey > \n<https:\/\/www.reddit.com\/r\/Terraform\/comments\/e4scrx\/hashicorp_certifications_terraform_and_vault\/|[link]>   &lt;a...",
        "ts": "1575255387.043300",
        "username": "Terraform ALL the Worlds!",
        "icons": {
            "image_48": "https:\/\/s3-us-west-2.amazonaws.com\/slack-files2\/bot_icons\/2019-02-12\/548785199618_48.png"
        },
        "bot_id": "BG3N7LG73",
        "attachments": [
            {
                "service_name": "reddit",
                "title": "HashiCorp Certifications: Terraform and Vault",
                "title_link": "https:\/\/www.reddit.com\/r\/Terraform\/comments\/e4scrx\/hashicorp_certifications_terraform_and_vault\/",
                "text": "Neither exam is live yet, but there is an info page where you can sign up for email updates. ...",
                "fallback": "reddit: HashiCorp Certifications: Terraform and Vault",
                "thumb_url": "https:\/\/www.redditstatic.com\/new-icon.png",
                "from_url": "https:\/\/www.reddit.com\/r\/Terraform\/comments\/e4scrx\/hashicorp_certifications_terraform_and_vault\/",
                "thumb_width": 256,
                "thumb_height": 256,
                "service_icon": "http:\/\/www.redditstatic.com\/desktop2x\/img\/favicon\/apple-icon-57x57.png",
                "id": 1,
                "original_url": "https:\/\/www.reddit.com\/r\/Terraform\/comments\/e4scrx\/hashicorp_certifications_terraform_and_vault\/"
            },
            {
                "service_name": "HashiCorp: Infrastructure enables innovation",
                "title": "HashiCorp Product Certification (beta)",
                "title_link": "https:\/\/www.hashicorp.com\/certification\/",
                "text": "Learn about becoming certified with HashiCorp products",
                "fallback": "HashiCorp: Infrastructure enables innovation: HashiCorp Product Certification (beta)",
                "thumb_url": "https:\/\/www.datocms-assets.com\/2885\/1508522484-share.jpg",
                "from_url": "https:\/\/www.hashicorp.com\/certification\/",
                "thumb_width": 2400,
                "thumb_height": 1256,
                "service_icon": "https:\/\/www.datocms-assets.com\/2885\/1527033389-favicon.png?h=16&amp;w=16",
                "id": 2,
                "original_url": "https:\/\/www.hashicorp.com\/certification\/"
            },
            {
                "title": "overview for hey_casey",
                "title_link": "https:\/\/www.reddit.com\/user\/hey_casey",
                "text": "The u\/hey_casey community on Reddit. Reddit gives you the best of the internet in one place.",
                "fallback": "overview for hey_casey",
                "from_url": "https:\/\/www.reddit.com\/user\/hey_casey",
                "service_icon": "http:\/\/www.redditstatic.com\/desktop2x\/img\/favicon\/apple-icon-57x57.png",
                "service_name": "reddit.com",
                "id": 3,
                "original_url": "https:\/\/www.reddit.com\/user\/hey_casey"
            }
        ]
    }
]