[
    {
        "type": "message",
        "subtype": "bot_message",
        "text": "<https:\/\/qiita.com\/isaoshimizu\/items\/a6cbf526917b77b54495|Amazon EKSとTerraformの組み合わせたとある事例>\n<https:\/\/qiita.com\/#%E3%81%AF%E3%81%98%E3%82%81%E3%81%AB>はじめに\n\nこれは、<https:\/\/qiita.com\/advent-calendar\/2019\/amazon-eks|Amazon EKS Advent Calendar 2019> 6日目の記事です。\n現在関わっているプロジェクトにおいて進行中のKubernetes移行で取り入れた技術や方法について、少し紹介したいと思います。\n現状の構成がベストプラクティスであるということではなく、試行錯誤した結果の途中経過となりますが、何らかのヒントになれば幸いです。\n\n\n<https:\/\/qiita.com\/#%E5%89%8D%E6%8F%90>前提\n\nAmazon EKS 1.14\nワーカーノードはEC2（Fargateではない）\nIaCはTerraform 0.12系を使う\n\n&lt;a...",
        "ts": "1575536788.047000",
        "username": "Terraformタグが付けられた新着記事 - Qiita",
        "icons": {
            "image_36": "https:\/\/a.slack-edge.com\/80588\/img\/services\/rss_36.png",
            "image_48": "https:\/\/a.slack-edge.com\/80588\/img\/services\/rss_48.png",
            "image_72": "https:\/\/a.slack-edge.com\/80588\/img\/services\/rss_72.png"
        },
        "bot_id": "BG3N7LG73",
        "attachments": [
            {
                "service_name": "Qiita",
                "title": "Amazon EKSとTerraformの組み合わせたとある事例 - Qiita",
                "title_link": "https:\/\/qiita.com\/isaoshimizu\/items\/a6cbf526917b77b54495",
                "text": "## はじめに これは、[Amazon EKS Advent Calendar 2019](<https:\/\/qiita.com\/advent-calendar\/2019\/amazon-eks>) 6日目の記事です。 現在関わっている...",
                "fallback": "Qiita: Amazon EKSとTerraformの組み合わせたとある事例 - Qiita",
                "thumb_url": "https:\/\/cdn.qiita.com\/assets\/qiita-fb-fe28c64039d925349e620ba55091e078.png",
                "from_url": "https:\/\/qiita.com\/isaoshimizu\/items\/a6cbf526917b77b54495",
                "thumb_width": 1200,
                "thumb_height": 630,
                "service_icon": "https:\/\/cdn.qiita.com\/assets\/favicons\/public\/apple-touch-icon-ec5ba42a24ae923f16825592efdc356f.png",
                "id": 1,
                "original_url": "https:\/\/qiita.com\/isaoshimizu\/items\/a6cbf526917b77b54495"
            },
            {
                "service_name": "Qiita",
                "title": "プログラマの技術情報共有サービス - Qiita",
                "title_link": "https:\/\/qiita.com\/#%E3%81%AF%E3%81%98%E3%82%81%E3%81%AB",
                "text": "Qiitaは、プログラマのための技術情報共有サービスです。 プログラミングに関するTips、ノウハウ、メモを簡単に記録 &amp; 公開することができます。",
                "fallback": "Qiita: プログラマの技術情報共有サービス - Qiita",
                "thumb_url": "https:\/\/cdn.qiita.com\/assets\/qiita-fb-fe28c64039d925349e620ba55091e078.png",
                "from_url": "https:\/\/qiita.com\/#%E3%81%AF%E3%81%98%E3%82%81%E3%81%AB",
                "thumb_width": 1200,
                "thumb_height": 630,
                "service_icon": "https:\/\/cdn.qiita.com\/assets\/favicons\/public\/apple-touch-icon-ec5ba42a24ae923f16825592efdc356f.png",
                "id": 2,
                "original_url": "https:\/\/qiita.com\/#%E3%81%AF%E3%81%98%E3%82%81%E3%81%AB"
            },
            {
                "service_name": "Qiita",
                "title": "Amazon EKS Advent Calendar 2019 - Qiita",
                "title_link": "https:\/\/qiita.com\/advent-calendar\/2019\/amazon-eks",
                "text": "Amazon EKS の Advent Calendar です！ Kubernetes Advent Calendar や AWS Advent Calendar とのクロスポストも大歓迎です〜 - Amazon EKS #1 Advent Calendar 2019 :point_left:このページ - [Amazon EKS #2 Advent Calendar 2019](<https:\/\/qiita.com\/advent-calendar\/2019\/amazon-eks-2>)",
                "fallback": "Qiita: Amazon EKS Advent Calendar 2019 - Qiita",
                "thumb_url": "https:\/\/cdn.qiita.com\/assets\/qiita-fb-fe28c64039d925349e620ba55091e078.png",
                "from_url": "https:\/\/qiita.com\/advent-calendar\/2019\/amazon-eks",
                "thumb_width": 1200,
                "thumb_height": 630,
                "service_icon": "https:\/\/cdn.qiita.com\/assets\/favicons\/public\/apple-touch-icon-ec5ba42a24ae923f16825592efdc356f.png",
                "id": 3,
                "original_url": "https:\/\/qiita.com\/advent-calendar\/2019\/amazon-eks"
            },
            {
                "service_name": "Qiita",
                "title": "プログラマの技術情報共有サービス - Qiita",
                "title_link": "https:\/\/qiita.com\/#%E5%89%8D%E6%8F%90",
                "text": "Qiitaは、プログラマのための技術情報共有サービスです。 プログラミングに関するTips、ノウハウ、メモを簡単に記録 &amp; 公開することができます。",
                "fallback": "Qiita: プログラマの技術情報共有サービス - Qiita",
                "thumb_url": "https:\/\/cdn.qiita.com\/assets\/qiita-fb-fe28c64039d925349e620ba55091e078.png",
                "from_url": "https:\/\/qiita.com\/#%E5%89%8D%E6%8F%90",
                "thumb_width": 1200,
                "thumb_height": 630,
                "service_icon": "https:\/\/cdn.qiita.com\/assets\/favicons\/public\/apple-touch-icon-ec5ba42a24ae923f16825592efdc356f.png",
                "id": 4,
                "original_url": "https:\/\/qiita.com\/#%E5%89%8D%E6%8F%90"
            }
        ]
    },
    {
        "type": "message",
        "subtype": "bot_message",
        "text": "<https:\/\/dev.classmethod.jp\/etc\/terraform_update_reinvent2019\/|[Terraform]re:Inventで発表されたサービスを早くもサポート #reinvent>\nこんにちは、AWS事業本部の島川です。 Terraformがre:Invent期間中に発表されたいくつかのAWSサービスに対応していましたので、紹介します！ アップデートまとめ AWS BranchConnect(VPC […]",
        "ts": "1575539432.047200",
        "username": "Terraform – Developers.IO",
        "icons": {
            "image_36": "https:\/\/a.slack-edge.com\/80588\/img\/services\/rss_36.png",
            "image_48": "https:\/\/a.slack-edge.com\/80588\/img\/services\/rss_48.png",
            "image_72": "https:\/\/a.slack-edge.com\/80588\/img\/services\/rss_72.png"
        },
        "bot_id": "BG3N7LG73",
        "attachments": [
            {
                "service_name": "Developers.IO | クラスメソッド発「やってみた」系技術メディア",
                "title": "[Terraform]re:Inventで発表されたサービスを早くもサポート #reinvent | Developers.IO",
                "title_link": "https:\/\/dev.classmethod.jp\/etc\/terraform_update_reinvent2019\/",
                "text": "こんにちは、AWS事業本部の島川です。 Terraformがre:Invent期間中に発表されたいくつかのAWSサービスに対応していましたので、紹介します！ アップデートまとめ AWS BranchConnect(VPC […]",
                "fallback": "Developers.IO | クラスメソッド発「やってみた」系技術メディア: [Terraform]re:Inventで発表されたサービスを早くもサポート #reinvent | Developers.IO",
                "from_url": "https:\/\/dev.classmethod.jp\/etc\/terraform_update_reinvent2019\/",
                "service_icon": "https:\/\/cdn-ssl-devio-img.classmethod.jp\/wp-content\/uploads\/2017\/07\/icatch2017.png",
                "id": 1,
                "original_url": "https:\/\/dev.classmethod.jp\/etc\/terraform_update_reinvent2019\/"
            }
        ]
    },
    {
        "type": "message",
        "subtype": "bot_message",
        "text": "<https:\/\/qiita.com\/kackytw\/items\/16f9566ca9440cad8c28|terraformでさくっとiamユーザーとグループを作ってみる>\nこんにちは。<https:\/\/adacotech.co.jp\/|株式会社アダコテック>のテックリードをしておりますkackyと申します。<https:\/\/qiita.com\/advent-calendar\/2019\/terraform|terraform Advent Calendar 2019>の5日目の記事です。12月5日の22時から書き始めているのでかなりタイムアタックになっておりますｗ\n\n\n<https:\/\/qiita.com\/#%E3%82%84%E3%82%8A%E3%81%9F%E3%81%84%E3%81%93%E3%81%A8>やりたいこと\n\nterraformでiamユーザを作って、それをグループに所属させる。そんなことをさくっとしたいときのやり方tipsです。\n\n\n&lt;a...",
        "ts": "1575553590.047400",
        "username": "Terraformタグが付けられた新着記事 - Qiita",
        "icons": {
            "image_36": "https:\/\/a.slack-edge.com\/80588\/img\/services\/rss_36.png",
            "image_48": "https:\/\/a.slack-edge.com\/80588\/img\/services\/rss_48.png",
            "image_72": "https:\/\/a.slack-edge.com\/80588\/img\/services\/rss_72.png"
        },
        "bot_id": "BG3N7LG73",
        "attachments": [
            {
                "service_name": "Qiita",
                "title": "terraformでさくっとiamユーザーとグループを作ってみる - Qiita",
                "title_link": "https:\/\/qiita.com\/kackytw\/items\/16f9566ca9440cad8c28",
                "text": "こんにちは。[株式会社アダコテック](<https:\/\/adacotech.co.jp\/>)のテックリードをしておりますkackyと申します。[terraform Advent Calendar 2019](<https:\/\/qiita.c>...",
                "fallback": "Qiita: terraformでさくっとiamユーザーとグループを作ってみる - Qiita",
                "thumb_url": "https:\/\/cdn.qiita.com\/assets\/qiita-fb-fe28c64039d925349e620ba55091e078.png",
                "from_url": "https:\/\/qiita.com\/kackytw\/items\/16f9566ca9440cad8c28",
                "thumb_width": 1200,
                "thumb_height": 630,
                "service_icon": "https:\/\/cdn.qiita.com\/assets\/favicons\/public\/apple-touch-icon-ec5ba42a24ae923f16825592efdc356f.png",
                "id": 1,
                "original_url": "https:\/\/qiita.com\/kackytw\/items\/16f9566ca9440cad8c28"
            },
            {
                "service_name": "Qiita",
                "title": "terraform Advent Calendar 2019 - Qiita",
                "title_link": "https:\/\/qiita.com\/advent-calendar\/2019\/terraform",
                "text": "terraform に関すること。",
                "fallback": "Qiita: terraform Advent Calendar 2019 - Qiita",
                "thumb_url": "https:\/\/cdn.qiita.com\/assets\/qiita-fb-fe28c64039d925349e620ba55091e078.png",
                "from_url": "https:\/\/qiita.com\/advent-calendar\/2019\/terraform",
                "thumb_width": 1200,
                "thumb_height": 630,
                "service_icon": "https:\/\/cdn.qiita.com\/assets\/favicons\/public\/apple-touch-icon-ec5ba42a24ae923f16825592efdc356f.png",
                "id": 2,
                "original_url": "https:\/\/qiita.com\/advent-calendar\/2019\/terraform"
            },
            {
                "service_name": "Qiita",
                "title": "プログラマの技術情報共有サービス - Qiita",
                "title_link": "https:\/\/qiita.com\/#%E3%82%84%E3%82%8A%E3%81%9F%E3%81%84%E3%81%93%E3%81%A8",
                "text": "Qiitaは、プログラマのための技術情報共有サービスです。 プログラミングに関するTips、ノウハウ、メモを簡単に記録 &amp; 公開することができます。",
                "fallback": "Qiita: プログラマの技術情報共有サービス - Qiita",
                "thumb_url": "https:\/\/cdn.qiita.com\/assets\/qiita-fb-fe28c64039d925349e620ba55091e078.png",
                "from_url": "https:\/\/qiita.com\/#%E3%82%84%E3%82%8A%E3%81%9F%E3%81%84%E3%81%93%E3%81%A8",
                "thumb_width": 1200,
                "thumb_height": 630,
                "service_icon": "https:\/\/cdn.qiita.com\/assets\/favicons\/public\/apple-touch-icon-ec5ba42a24ae923f16825592efdc356f.png",
                "id": 3,
                "original_url": "https:\/\/qiita.com\/#%E3%82%84%E3%82%8A%E3%81%9F%E3%81%84%E3%81%93%E3%81%A8"
            }
        ]
    },
    {
        "type": "message",
        "subtype": "bot_message",
        "text": "<https:\/\/www.reddit.com\/r\/Terraform\/comments\/e6mapa\/provider_produced_inconsistent_final_plan\/|Provider produced inconsistent final plan>\nvSphere provider is having issues since we updated to 0.12, I'm using the latest provider version as well. When expanding the plan for module.virtualmachine.vsphere_virtual_machine.general[0] to include new values learned so far during apply, provider \"vsphere\" produced an invalid new value for .clone[0].customize[0].linux_options[0].host_name: was cty.StringVal(\"Testmachine001\"), but now cty.StringVal(\"testmachine001\").  Looks like it's just changing the casing for the machine name, not sure...",
        "ts": "1575575792.047600",
        "username": "Terraform ALL the Worlds!",
        "icons": {
            "image_48": "https:\/\/s3-us-west-2.amazonaws.com\/slack-files2\/bot_icons\/2019-02-12\/548785199618_48.png"
        },
        "bot_id": "BG3N7LG73",
        "attachments": [
            {
                "service_name": "reddit",
                "title": "Provider produced inconsistent final plan",
                "title_link": "https:\/\/www.reddit.com\/r\/Terraform\/comments\/e6mapa\/provider_produced_inconsistent_final_plan\/",
                "text": "vSphere provider is having issues since we updated to 0.12, I'm using the latest provider version as well. When expanding the plan for ...",
                "fallback": "reddit: Provider produced inconsistent final plan",
                "thumb_url": "https:\/\/www.redditstatic.com\/new-icon.png",
                "from_url": "https:\/\/www.reddit.com\/r\/Terraform\/comments\/e6mapa\/provider_produced_inconsistent_final_plan\/",
                "thumb_width": 256,
                "thumb_height": 256,
                "service_icon": "http:\/\/www.redditstatic.com\/desktop2x\/img\/favicon\/apple-icon-57x57.png",
                "id": 1,
                "original_url": "https:\/\/www.reddit.com\/r\/Terraform\/comments\/e6mapa\/provider_produced_inconsistent_final_plan\/"
            }
        ]
    },
    {
        "type": "message",
        "subtype": "bot_message",
        "text": "<https:\/\/www.reddit.com\/r\/Terraform\/comments\/e6mox6\/terraform_rancher2_worked_example\/|Terraform Rancher2 worked example>\nHi all, Does anyone have a full worked example for deploying rancher2 through terraform? I'm trying to deploy an EC2 instance with RancherOS, install single node Rancher, then bootstrap Rancher installation, and change the password. So far, so good, however, when I plan and reapply (adding a feature or whatever), it fails, because it's expecting a bootstrap again, though the instance is now up and running, and I don't want to bootstrap anymore. Is there any way around this, or do you exclude...",
        "ts": "1575576989.047800",
        "username": "Terraform ALL the Worlds!",
        "icons": {
            "image_48": "https:\/\/s3-us-west-2.amazonaws.com\/slack-files2\/bot_icons\/2019-02-12\/548785199618_48.png"
        },
        "bot_id": "BG3N7LG73",
        "attachments": [
            {
                "service_name": "reddit",
                "title": "Terraform Rancher2 worked example",
                "title_link": "https:\/\/www.reddit.com\/r\/Terraform\/comments\/e6mox6\/terraform_rancher2_worked_example\/",
                "text": "Hi all, Does anyone have a full worked example for deploying rancher2 through terraform? I'm trying to deploy an EC2 instance with RancherOS,...",
                "fallback": "reddit: Terraform Rancher2 worked example",
                "thumb_url": "https:\/\/www.redditstatic.com\/new-icon.png",
                "from_url": "https:\/\/www.reddit.com\/r\/Terraform\/comments\/e6mox6\/terraform_rancher2_worked_example\/",
                "thumb_width": 256,
                "thumb_height": 256,
                "service_icon": "http:\/\/www.redditstatic.com\/desktop2x\/img\/favicon\/apple-icon-57x57.png",
                "id": 1,
                "original_url": "https:\/\/www.reddit.com\/r\/Terraform\/comments\/e6mox6\/terraform_rancher2_worked_example\/"
            }
        ]
    },
    {
        "type": "message",
        "subtype": "bot_message",
        "text": "<https:\/\/www.reddit.com\/r\/Terraform\/comments\/e6nyxw\/override_resource_in_module\/|Override resource in module?>\nI'm using a module to implement OWASP Top 10 in WAF. One of my consumers of this module needs to modify a rule. So I have a resource: module.ecs-cluster.module.owasp_top_10_rules.aws_wafregional_rule.owasp_03_xss_rule[0] that I need to add additional constraints on. Is it possible to override a Terraform module resource using <http:\/\/_override.tf|_override.tf>? <https:\/\/www.terraform.io\/docs\/configuration\/override.html|https:\/\/www.terraform.io\/docs\/configuration\/override.html> Thanks!    submitted by...",
        "ts": "1575581787.048000",
        "username": "Terraform ALL the Worlds!",
        "icons": {
            "image_48": "https:\/\/s3-us-west-2.amazonaws.com\/slack-files2\/bot_icons\/2019-02-12\/548785199618_48.png"
        },
        "bot_id": "BG3N7LG73",
        "attachments": [
            {
                "service_name": "reddit",
                "title": "Override resource in module?",
                "title_link": "https:\/\/www.reddit.com\/r\/Terraform\/comments\/e6nyxw\/override_resource_in_module\/",
                "text": "I'm using a module to implement OWASP Top 10 in WAF. One of my consumers of this module needs to modify a rule. So I have a resource:...",
                "fallback": "reddit: Override resource in module?",
                "thumb_url": "https:\/\/www.redditstatic.com\/new-icon.png",
                "from_url": "https:\/\/www.reddit.com\/r\/Terraform\/comments\/e6nyxw\/override_resource_in_module\/",
                "thumb_width": 256,
                "thumb_height": 256,
                "service_icon": "http:\/\/www.redditstatic.com\/desktop2x\/img\/favicon\/apple-icon-57x57.png",
                "id": 1,
                "original_url": "https:\/\/www.reddit.com\/r\/Terraform\/comments\/e6nyxw\/override_resource_in_module\/"
            },
            {
                "service_name": "Terraform by HashiCorp",
                "title": "Override Files - Configuration Language - Terraform by HashiCorp",
                "title_link": "https:\/\/www.terraform.io\/docs\/configuration\/override.html",
                "text": "Override files allow additional settings to be merged into existing configuration objects.",
                "fallback": "Terraform by HashiCorp: Override Files - Configuration Language - Terraform by HashiCorp",
                "thumb_url": "https:\/\/www.terraform.io\/assets\/images\/og-image-8b3e4f7d.png",
                "from_url": "https:\/\/www.terraform.io\/docs\/configuration\/override.html",
                "thumb_width": 712,
                "thumb_height": 712,
                "service_icon": "https:\/\/www.terraform.io\/assets\/images\/favicons\/apple-touch-icon-13180a24.png",
                "id": 2,
                "original_url": "https:\/\/www.terraform.io\/docs\/configuration\/override.html"
            }
        ]
    },
    {
        "type": "message",
        "subtype": "bot_message",
        "text": "<https:\/\/qiita.com\/Brutus\/items\/ed2ddb74fa8a13369d9f|Oracle Cloudで始めるTerraform　自動化の真骨頂>\n<https:\/\/qiita.com\/#%E3%81%AF%E3%81%98%E3%82%81%E3%81%AB>はじめに\n\nterraform Advent Calendar 2019 6日目です。\n\n本記事は、Oracle Cloud環境におけるTerraform自動化についての記事になります。\n\n使用するクラウドインフラストラクチャはOracle Cloudになりますが、tfファイルの基本的な書き方は変わらないため、汎用的な考え方は他のクラウドでも流用できるでしょう。\n\n本記事では宣言的な構成管理にはじまり、Terraformの概要、基本的な使い方について解説し、以下の環境（※）をデプロイします。Terraformの威力をご賞味ください！\n\n&lt;a...",
        "ts": "1575587784.048200",
        "username": "Terraformタグが付けられた新着記事 - Qiita",
        "icons": {
            "image_36": "https:\/\/a.slack-edge.com\/80588\/img\/services\/rss_36.png",
            "image_48": "https:\/\/a.slack-edge.com\/80588\/img\/services\/rss_48.png",
            "image_72": "https:\/\/a.slack-edge.com\/80588\/img\/services\/rss_72.png"
        },
        "bot_id": "BG3N7LG73",
        "attachments": [
            {
                "service_name": "Qiita",
                "title": "Oracle Cloudで始めるTerraform　自動化の真骨頂 - Qiita",
                "title_link": "https:\/\/qiita.com\/Brutus\/items\/ed2ddb74fa8a13369d9f",
                "text": "# はじめに terraform Advent Calendar 2019 6日目:christmas_tree:です。 本記事は、Oracle Cloud環境におけるTerraform自動化についての記事になります。 使用するク...",
                "fallback": "Qiita: Oracle Cloudで始めるTerraform　自動化の真骨頂 - Qiita",
                "thumb_url": "https:\/\/cdn.qiita.com\/assets\/qiita-fb-fe28c64039d925349e620ba55091e078.png",
                "from_url": "https:\/\/qiita.com\/Brutus\/items\/ed2ddb74fa8a13369d9f",
                "thumb_width": 1200,
                "thumb_height": 630,
                "service_icon": "https:\/\/cdn.qiita.com\/assets\/favicons\/public\/apple-touch-icon-ec5ba42a24ae923f16825592efdc356f.png",
                "id": 1,
                "original_url": "https:\/\/qiita.com\/Brutus\/items\/ed2ddb74fa8a13369d9f"
            },
            {
                "service_name": "Qiita",
                "title": "プログラマの技術情報共有サービス - Qiita",
                "title_link": "https:\/\/qiita.com\/#%E3%81%AF%E3%81%98%E3%82%81%E3%81%AB",
                "text": "Qiitaは、プログラマのための技術情報共有サービスです。 プログラミングに関するTips、ノウハウ、メモを簡単に記録 &amp; 公開することができます。",
                "fallback": "Qiita: プログラマの技術情報共有サービス - Qiita",
                "thumb_url": "https:\/\/cdn.qiita.com\/assets\/qiita-fb-fe28c64039d925349e620ba55091e078.png",
                "from_url": "https:\/\/qiita.com\/#%E3%81%AF%E3%81%98%E3%82%81%E3%81%AB",
                "thumb_width": 1200,
                "thumb_height": 630,
                "service_icon": "https:\/\/cdn.qiita.com\/assets\/favicons\/public\/apple-touch-icon-ec5ba42a24ae923f16825592efdc356f.png",
                "id": 2,
                "original_url": "https:\/\/qiita.com\/#%E3%81%AF%E3%81%98%E3%82%81%E3%81%AB"
            }
        ]
    },
    {
        "type": "message",
        "subtype": "bot_message",
        "text": "<https:\/\/dev.classmethod.jp\/cloud\/aws\/provisoned-concurrency-can-be-used-3rd-party-tool-now-md\/|LambdaのProvisioned Concurrencyは3rd Partyツールからも既に(というかGA時点から)使えます #reinvent>\n先日GAになった LambdaのProvisioned Concurrencyについて補足します。Provisioned Concurrencyについてまだご存知ない方は以下の弊社岩田の記事をご覧ください。 [速報]コー […]",
        "ts": "1575594631.048400",
        "username": "Terraform – Developers.IO",
        "icons": {
            "image_36": "https:\/\/a.slack-edge.com\/80588\/img\/services\/rss_36.png",
            "image_48": "https:\/\/a.slack-edge.com\/80588\/img\/services\/rss_48.png",
            "image_72": "https:\/\/a.slack-edge.com\/80588\/img\/services\/rss_72.png"
        },
        "bot_id": "BG3N7LG73",
        "attachments": [
            {
                "service_name": "Developers.IO | クラスメソッド発「やってみた」系技術メディア",
                "title": "LambdaのProvisioned Concurrencyは3rd Partyツールからも既に(というかGA時点から)使えます #reinvent | Developers.IO",
                "title_link": "https:\/\/dev.classmethod.jp\/cloud\/aws\/provisoned-concurrency-can-be-used-3rd-party-tool-now-md\/",
                "text": "LambdaのProvisioned ConcurrencyはGAがアナウンスされた日から、各種3rd Partyツールでの設定やメトリクス監視ができます。ということでTerraformで設定してみました。",
                "fallback": "Developers.IO | クラスメソッド発「やってみた」系技術メディア: LambdaのProvisioned Concurrencyは3rd Partyツールからも既に(というかGA時点から)使えます #reinvent | Developers.IO",
                "image_url": "https:\/\/cdn-ssl-devio-img.classmethod.jp\/wp-content\/uploads\/2019\/12\/reinvent2019_update_eyecatch.jpg",
                "from_url": "https:\/\/dev.classmethod.jp\/cloud\/aws\/provisoned-concurrency-can-be-used-3rd-party-tool-now-md\/",
                "image_width": 476,
                "image_height": 250,
                "image_bytes": 119832,
                "service_icon": "https:\/\/cdn-ssl-devio-img.classmethod.jp\/wp-content\/uploads\/2017\/07\/icatch2017.png",
                "id": 1,
                "original_url": "https:\/\/dev.classmethod.jp\/cloud\/aws\/provisoned-concurrency-can-be-used-3rd-party-tool-now-md\/"
            }
        ]
    },
    {
        "type": "message",
        "subtype": "bot_message",
        "text": "<https:\/\/www.google.com\/url?rct=j&amp;sa=t&amp;url=https:\/\/codezine.jp\/article\/detail\/11834&amp;ct=ga&amp;cd=CAIyHDMwMTY1OGE1ZDI5NDAyNzE6Y28uanA6amE6SlA&amp;usg=AFQjCNEUKZy0tF_J8TkI3V-Ov27pmdNXEQ|「HashiCorp道」はテクノロジーではなくワークフロー、技術が変わっても使い続けられるツールを ...>\n日本ではTerraformの技術同人誌が作られるほどの人気です。 ... 例えばTerraformは全てのプラットフォーム、全てのクラウドで使えて、どのようなインフラでも ...",
        "ts": "1575598409.048600",
        "username": "Google アラート - terraform",
        "icons": {
            "image_36": "https:\/\/a.slack-edge.com\/80588\/img\/services\/rss_36.png",
            "image_48": "https:\/\/a.slack-edge.com\/80588\/img\/services\/rss_48.png",
            "image_72": "https:\/\/a.slack-edge.com\/80588\/img\/services\/rss_72.png"
        },
        "bot_id": "BG3N7LG73"
    },
    {
        "type": "message",
        "subtype": "bot_message",
        "text": "<https:\/\/qiita.com\/gggnt\/items\/ceb1d2ec5f8167aaa74c|今話題のDocker + Rails + Circle CI + Terraform構成を試したいんじゃ！>\n<https:\/\/qiita.com\/#%E6%A6%82%E8%A6%81>概要\n\n<https:\/\/qiita.com\/kazukimatsumoto\/items\/fa448e002b0afd441b7c|Docker + Rails + Circle CI + Terraformでインフラをコードで環境構築 & ECSへ自動コンテナデプロイ>\n上記ページを閲覧してみて心が踊ったので、実際に試そうと思ったけど\nそもそもチュートリアルの環境がないので1から作ってみたメモ。\nいや、ほんにこういう記事ってありがたいよね。としみじみ。\n\n\n<https:\/\/qiita.com\/#%E3%81%93%E3%82%8C%E3%81%8B%E3%82%89%E3%82%84%E3%82%8B%E3%81%93%E3%81%A8>これからやること\n\n・(主にサーバーサイドの)アプリをDockerを使って環境構築して\n・terraformでインフラの構成をコード化して...",
        "ts": "1575606990.048700",
        "username": "Terraformタグが付けられた新着記事 - Qiita",
        "icons": {
            "image_36": "https:\/\/a.slack-edge.com\/80588\/img\/services\/rss_36.png",
            "image_48": "https:\/\/a.slack-edge.com\/80588\/img\/services\/rss_48.png",
            "image_72": "https:\/\/a.slack-edge.com\/80588\/img\/services\/rss_72.png"
        },
        "bot_id": "BG3N7LG73",
        "attachments": [
            {
                "service_name": "Qiita",
                "title": "今話題のDocker + Rails + Circle CI + Terraform構成を試したいんじゃ！ - Qiita",
                "title_link": "https:\/\/qiita.com\/gggnt\/items\/ceb1d2ec5f8167aaa74c",
                "text": "#概要 [Docker + Rails + Circle CI + Terraformでインフラをコードで環境構築 &amp; ECSへ自動コンテナデプロイ](<https:\/\/qiita.com\/kazukimatsumoto\/ite>...",
                "fallback": "Qiita: 今話題のDocker + Rails + Circle CI + Terraform構成を試したいんじゃ！ - Qiita",
                "thumb_url": "https:\/\/cdn.qiita.com\/assets\/qiita-fb-fe28c64039d925349e620ba55091e078.png",
                "from_url": "https:\/\/qiita.com\/gggnt\/items\/ceb1d2ec5f8167aaa74c",
                "thumb_width": 1200,
                "thumb_height": 630,
                "service_icon": "https:\/\/cdn.qiita.com\/assets\/favicons\/public\/apple-touch-icon-ec5ba42a24ae923f16825592efdc356f.png",
                "id": 1,
                "original_url": "https:\/\/qiita.com\/gggnt\/items\/ceb1d2ec5f8167aaa74c"
            },
            {
                "service_name": "Qiita",
                "title": "プログラマの技術情報共有サービス - Qiita",
                "title_link": "https:\/\/qiita.com\/#%E6%A6%82%E8%A6%81",
                "text": "Qiitaは、プログラマのための技術情報共有サービスです。 プログラミングに関するTips、ノウハウ、メモを簡単に記録 &amp; 公開することができます。",
                "fallback": "Qiita: プログラマの技術情報共有サービス - Qiita",
                "thumb_url": "https:\/\/cdn.qiita.com\/assets\/qiita-fb-fe28c64039d925349e620ba55091e078.png",
                "from_url": "https:\/\/qiita.com\/#%E6%A6%82%E8%A6%81",
                "thumb_width": 1200,
                "thumb_height": 630,
                "service_icon": "https:\/\/cdn.qiita.com\/assets\/favicons\/public\/apple-touch-icon-ec5ba42a24ae923f16825592efdc356f.png",
                "id": 2,
                "original_url": "https:\/\/qiita.com\/#%E6%A6%82%E8%A6%81"
            },
            {
                "service_name": "Qiita",
                "title": "【サーバーサイド一式】Docker + Rails + Circle CI + Terraformでインフラをコードで環境構築 &amp; ECSへ自動コンテナデプロイ【前半】 - Qiita",
                "title_link": "https:\/\/qiita.com\/kazukimatsumoto\/items\/fa448e002b0afd441b7c",
                "text": "[MENTA](<https:\/\/menta.work\/plan\/1405>)で教えてるので良かったら！ # 流行りの技術を使いたい我々は おはようございます。今年も**アドヴェントな感情**が舞い散る季節になってきました。皆さん如...",
                "fallback": "Qiita: 【サーバーサイド一式】Docker + Rails + Circle CI + Terraformでインフラをコードで環境構築 &amp; ECSへ自動コンテナデプロイ【前半】 - Qiita",
                "thumb_url": "https:\/\/cdn.qiita.com\/assets\/qiita-fb-fe28c64039d925349e620ba55091e078.png",
                "from_url": "https:\/\/qiita.com\/kazukimatsumoto\/items\/fa448e002b0afd441b7c",
                "thumb_width": 1200,
                "thumb_height": 630,
                "service_icon": "https:\/\/cdn.qiita.com\/assets\/favicons\/public\/apple-touch-icon-ec5ba42a24ae923f16825592efdc356f.png",
                "id": 3,
                "original_url": "https:\/\/qiita.com\/kazukimatsumoto\/items\/fa448e002b0afd441b7c"
            },
            {
                "service_name": "Qiita",
                "title": "プログラマの技術情報共有サービス - Qiita",
                "title_link": "https:\/\/qiita.com\/#%E3%81%93%E3%82%8C%E3%81%8B%E3%82%89%E3%82%84%E3%82%8B%E3%81%93%E3%81%A8",
                "text": "Qiitaは、プログラマのための技術情報共有サービスです。 プログラミングに関するTips、ノウハウ、メモを簡単に記録 &amp; 公開することができます。",
                "fallback": "Qiita: プログラマの技術情報共有サービス - Qiita",
                "thumb_url": "https:\/\/cdn.qiita.com\/assets\/qiita-fb-fe28c64039d925349e620ba55091e078.png",
                "from_url": "https:\/\/qiita.com\/#%E3%81%93%E3%82%8C%E3%81%8B%E3%82%89%E3%82%84%E3%82%8B%E3%81%93%E3%81%A8",
                "thumb_width": 1200,
                "thumb_height": 630,
                "service_icon": "https:\/\/cdn.qiita.com\/assets\/favicons\/public\/apple-touch-icon-ec5ba42a24ae923f16825592efdc356f.png",
                "id": 4,
                "original_url": "https:\/\/qiita.com\/#%E3%81%93%E3%82%8C%E3%81%8B%E3%82%89%E3%82%84%E3%82%8B%E3%81%93%E3%81%A8"
            }
        ]
    }
]