[
    {
        "type": "message",
        "subtype": "bot_message",
        "text": "<https:\/\/qiita.com\/sicksixrock66\/items\/0d67771896d42eac2122|Windows10にAnsibleとTerraformの実行環境をつくる>\nWindos10をクライアント端末としてIaCの勉強をしたくなったので\nVagrantで実行環境を作成しました。\n\n\n<https:\/\/qiita.com\/#%E7%92%B0%E5%A2%83>環境\n\nWindows10 Pro 1809\nVagrant 2.2.6\nVirtualBox 6.0.14 \n※VMのOSはCentOS7.6、とりあえずgitも入れてる\n\nVagrantを使用することでwindowsの環境を汚さないでいろいろ実験できます。\n\n\n<https:\/\/qiita.com\/#ansible%E5%AE%9F%E8%A1%8C%E7%92%B0%E5%A2%83%E3%81%AEvagrantfile>Ansible実行環境のVagrantfile\n\n公式ドキュメントのインストール方法\n&lt;a href=\"<https:\/\/docs.ansible.com\/ansible\/latest\/installation_guide\/intro_installation.html>\" class=\"autolink\"...",
        "ts": "1575723989.050500",
        "username": "Terraformタグが付けられた新着記事 - Qiita",
        "icons": {
            "image_36": "https:\/\/a.slack-edge.com\/80588\/img\/services\/rss_36.png",
            "image_48": "https:\/\/a.slack-edge.com\/80588\/img\/services\/rss_48.png",
            "image_72": "https:\/\/a.slack-edge.com\/80588\/img\/services\/rss_72.png"
        },
        "bot_id": "BG3N7LG73",
        "attachments": [
            {
                "service_name": "Qiita",
                "title": "Windows10にAnsibleとTerraformの実行環境をつくる - Qiita",
                "title_link": "https:\/\/qiita.com\/sicksixrock66\/items\/0d67771896d42eac2122",
                "text": "Windos10をクライアント端末としてIaCの勉強をしたくなったので Vagrantで実行環境を作成しました。 #環境 Windows10 Pro 1809 Vagrant 2.2.6 VirtualBox 6.0.14 ※VM...",
                "fallback": "Qiita: Windows10にAnsibleとTerraformの実行環境をつくる - Qiita",
                "thumb_url": "https:\/\/cdn.qiita.com\/assets\/qiita-fb-fe28c64039d925349e620ba55091e078.png",
                "from_url": "https:\/\/qiita.com\/sicksixrock66\/items\/0d67771896d42eac2122",
                "thumb_width": 1200,
                "thumb_height": 630,
                "service_icon": "https:\/\/cdn.qiita.com\/assets\/favicons\/public\/apple-touch-icon-ec5ba42a24ae923f16825592efdc356f.png",
                "id": 1,
                "original_url": "https:\/\/qiita.com\/sicksixrock66\/items\/0d67771896d42eac2122"
            },
            {
                "service_name": "Qiita",
                "title": "プログラマの技術情報共有サービス - Qiita",
                "title_link": "https:\/\/qiita.com\/#%E7%92%B0%E5%A2%83",
                "text": "Qiitaは、プログラマのための技術情報共有サービスです。 プログラミングに関するTips、ノウハウ、メモを簡単に記録 &amp; 公開することができます。",
                "fallback": "Qiita: プログラマの技術情報共有サービス - Qiita",
                "thumb_url": "https:\/\/cdn.qiita.com\/assets\/qiita-fb-fe28c64039d925349e620ba55091e078.png",
                "from_url": "https:\/\/qiita.com\/#%E7%92%B0%E5%A2%83",
                "thumb_width": 1200,
                "thumb_height": 630,
                "service_icon": "https:\/\/cdn.qiita.com\/assets\/favicons\/public\/apple-touch-icon-ec5ba42a24ae923f16825592efdc356f.png",
                "id": 2,
                "original_url": "https:\/\/qiita.com\/#%E7%92%B0%E5%A2%83"
            },
            {
                "service_name": "Qiita",
                "title": "プログラマの技術情報共有サービス - Qiita",
                "title_link": "https:\/\/qiita.com\/#ansible%E5%AE%9F%E8%A1%8C%E7%92%B0%E5%A2%83%E3%81%AEvagrantfile",
                "text": "Qiitaは、プログラマのための技術情報共有サービスです。 プログラミングに関するTips、ノウハウ、メモを簡単に記録 &amp; 公開することができます。",
                "fallback": "Qiita: プログラマの技術情報共有サービス - Qiita",
                "thumb_url": "https:\/\/cdn.qiita.com\/assets\/qiita-fb-fe28c64039d925349e620ba55091e078.png",
                "from_url": "https:\/\/qiita.com\/#ansible%E5%AE%9F%E8%A1%8C%E7%92%B0%E5%A2%83%E3%81%AEvagrantfile",
                "thumb_width": 1200,
                "thumb_height": 630,
                "service_icon": "https:\/\/cdn.qiita.com\/assets\/favicons\/public\/apple-touch-icon-ec5ba42a24ae923f16825592efdc356f.png",
                "id": 3,
                "original_url": "https:\/\/qiita.com\/#ansible%E5%AE%9F%E8%A1%8C%E7%92%B0%E5%A2%83%E3%81%AEvagrantfile"
            }
        ]
    },
    {
        "type": "message",
        "subtype": "bot_message",
        "text": "<https:\/\/qiita.com\/tenderness330\/items\/87293c33793f92103ffe|Vimでterraformをさくさく編集できる環境を整える>\nこの記事は<https:\/\/qiita.com\/advent-calendar\/2019\/vim2|Vim2 Advent Calendar 2019>の8日目の記事になります。\n今回はvim-lspとterraform-lspを使ってtfファイルを快適にいじる環境を整える記事を書こうと思います。\n\n増えろ！terraformer！\n\n\n<https:\/\/qiita.com\/#terraform%E3%81%AB%E3%81%A4%E3%81%84%E3%81%A6>terraformについて\n\nterraformはHashiCorp.が開発・メンテナンスしているOSSの構成管理ツールです。\nHCLという独自言語で記述して各リソースを定義・管理します。\nAWS\/GCP\/AzureなどのパブリッククラウドやVMwareなどのHyperVisorなど幅広く対応しています。\n\n一番の特徴は作成したリソースをterraform destroyで一括削除出来る点だと思っています。\n\n\n&lt;a...",
        "ts": "1575732392.050700",
        "username": "Terraformタグが付けられた新着記事 - Qiita",
        "icons": {
            "image_36": "https:\/\/a.slack-edge.com\/80588\/img\/services\/rss_36.png",
            "image_48": "https:\/\/a.slack-edge.com\/80588\/img\/services\/rss_48.png",
            "image_72": "https:\/\/a.slack-edge.com\/80588\/img\/services\/rss_72.png"
        },
        "bot_id": "BG3N7LG73",
        "attachments": [
            {
                "service_name": "Qiita",
                "title": "Vimでterraformをさくさく編集できる環境を整える - Qiita",
                "title_link": "https:\/\/qiita.com\/tenderness330\/items\/87293c33793f92103ffe",
                "text": "この記事は[vim アドベントカレンダー](<https:\/\/qiita.com\/advent-calendar\/2019\/vim2>)の8日目の記事になります。 今回はvim-lspとterraform-lspを使ってtfファイルを快適...",
                "fallback": "Qiita: Vimでterraformをさくさく編集できる環境を整える - Qiita",
                "thumb_url": "https:\/\/cdn.qiita.com\/assets\/qiita-fb-fe28c64039d925349e620ba55091e078.png",
                "from_url": "https:\/\/qiita.com\/tenderness330\/items\/87293c33793f92103ffe",
                "thumb_width": 1200,
                "thumb_height": 630,
                "service_icon": "https:\/\/cdn.qiita.com\/assets\/favicons\/public\/apple-touch-icon-ec5ba42a24ae923f16825592efdc356f.png",
                "id": 1,
                "original_url": "https:\/\/qiita.com\/tenderness330\/items\/87293c33793f92103ffe"
            },
            {
                "service_name": "Qiita",
                "title": "Vim2 Advent Calendar 2019 - Qiita",
                "title_link": "https:\/\/qiita.com\/advent-calendar\/2019\/vim2",
                "text": "[Vim1 Advent Calendar 2019](<https:\/\/qiita.com\/advent-calendar\/2019\/vim>)",
                "fallback": "Qiita: Vim2 Advent Calendar 2019 - Qiita",
                "thumb_url": "https:\/\/cdn.qiita.com\/assets\/qiita-fb-fe28c64039d925349e620ba55091e078.png",
                "from_url": "https:\/\/qiita.com\/advent-calendar\/2019\/vim2",
                "thumb_width": 1200,
                "thumb_height": 630,
                "service_icon": "https:\/\/cdn.qiita.com\/assets\/favicons\/public\/apple-touch-icon-ec5ba42a24ae923f16825592efdc356f.png",
                "id": 2,
                "original_url": "https:\/\/qiita.com\/advent-calendar\/2019\/vim2"
            },
            {
                "service_name": "Qiita",
                "title": "プログラマの技術情報共有サービス - Qiita",
                "title_link": "https:\/\/qiita.com\/#terraform%E3%81%AB%E3%81%A4%E3%81%84%E3%81%A6",
                "text": "Qiitaは、プログラマのための技術情報共有サービスです。 プログラミングに関するTips、ノウハウ、メモを簡単に記録 &amp; 公開することができます。",
                "fallback": "Qiita: プログラマの技術情報共有サービス - Qiita",
                "thumb_url": "https:\/\/cdn.qiita.com\/assets\/qiita-fb-fe28c64039d925349e620ba55091e078.png",
                "from_url": "https:\/\/qiita.com\/#terraform%E3%81%AB%E3%81%A4%E3%81%84%E3%81%A6",
                "thumb_width": 1200,
                "thumb_height": 630,
                "service_icon": "https:\/\/cdn.qiita.com\/assets\/favicons\/public\/apple-touch-icon-ec5ba42a24ae923f16825592efdc356f.png",
                "id": 3,
                "original_url": "https:\/\/qiita.com\/#terraform%E3%81%AB%E3%81%A4%E3%81%84%E3%81%A6"
            }
        ]
    },
    {
        "type": "message",
        "subtype": "bot_message",
        "text": "<https:\/\/www.reddit.com\/r\/Terraform\/comments\/e7j8v4\/output_value_of_local_variable\/|Output value of local variable>\nHi, is there a possibility to output the value of a local variable from my terraform configuration? I tried the following, which neither gave an error nor yielded any output. locals { env=\"test\" } output \"variable\" { value=local.env } Thanks for your help. Frank    submitted by   <https:\/\/www.reddit.com\/user\/Fabulous-Bread| \/u\/Fabulous-Bread > \n<https:\/\/www.reddit.com\/r\/Terraform\/comments\/e7j8v4\/output_value_of_local_variable\/|[link]>   &lt;a...",
        "ts": "1575749792.050900",
        "username": "Terraform ALL the Worlds!",
        "icons": {
            "image_48": "https:\/\/s3-us-west-2.amazonaws.com\/slack-files2\/bot_icons\/2019-02-12\/548785199618_48.png"
        },
        "bot_id": "BG3N7LG73",
        "attachments": [
            {
                "service_name": "reddit",
                "title": "Output value of local variable",
                "title_link": "https:\/\/www.reddit.com\/r\/Terraform\/comments\/e7j8v4\/output_value_of_local_variable\/",
                "text": "Hi, is there a possibility to output the value of a local variable from my terraform configuration? I tried the following, which neither gave an...",
                "fallback": "reddit: Output value of local variable",
                "thumb_url": "https:\/\/www.redditstatic.com\/new-icon.png",
                "from_url": "https:\/\/www.reddit.com\/r\/Terraform\/comments\/e7j8v4\/output_value_of_local_variable\/",
                "thumb_width": 256,
                "thumb_height": 256,
                "service_icon": "http:\/\/www.redditstatic.com\/desktop2x\/img\/favicon\/apple-icon-57x57.png",
                "id": 1,
                "original_url": "https:\/\/www.reddit.com\/r\/Terraform\/comments\/e7j8v4\/output_value_of_local_variable\/"
            },
            {
                "title": "overview for Fabulous-Bread",
                "title_link": "https:\/\/www.reddit.com\/user\/Fabulous-Bread",
                "text": "The u\/Fabulous-Bread community on Reddit. Reddit gives you the best of the internet in one place.",
                "fallback": "overview for Fabulous-Bread",
                "from_url": "https:\/\/www.reddit.com\/user\/Fabulous-Bread",
                "service_icon": "http:\/\/www.redditstatic.com\/desktop2x\/img\/favicon\/apple-icon-57x57.png",
                "service_name": "reddit.com",
                "id": 2,
                "original_url": "https:\/\/www.reddit.com\/user\/Fabulous-Bread"
            }
        ]
    },
    {
        "type": "message",
        "subtype": "bot_message",
        "text": "<https:\/\/www.reddit.com\/r\/Terraform\/comments\/e7m080\/terraform_new_attributes_for_a_provider_github\/|Terraform -- New attributes for a provider (github)>\nI am pretty new to Terraform and was looking at using it to manage our <https:\/\/github.com\/|github.com> orgs and repositorys. <https:\/\/github.com\/|Github.com> now has a repository type of \"internal\", however, I don't see it as an avilable attribute on <https:\/\/www.terraform.io\/docs\/providers\/github\/r\/repository.html|https:\/\/www.terraform.io\/docs\/providers\/github\/r\/repository.html> How often is the github provider updated? Do I need to request an update for...",
        "ts": "1575762988.051100",
        "username": "Terraform ALL the Worlds!",
        "icons": {
            "image_48": "https:\/\/s3-us-west-2.amazonaws.com\/slack-files2\/bot_icons\/2019-02-12\/548785199618_48.png"
        },
        "bot_id": "BG3N7LG73",
        "attachments": [
            {
                "service_name": "reddit",
                "title": "Terraform -- New attributes for a provider (github)",
                "title_link": "https:\/\/www.reddit.com\/r\/Terraform\/comments\/e7m080\/terraform_new_attributes_for_a_provider_github\/",
                "text": "I am pretty new to Terraform and was looking at using it to manage our [<http:\/\/github.com|github.com>](<https:\/\/github.com>) orgs and repositorys....",
                "fallback": "reddit: Terraform -- New attributes for a provider (github)",
                "thumb_url": "https:\/\/www.redditstatic.com\/new-icon.png",
                "from_url": "https:\/\/www.reddit.com\/r\/Terraform\/comments\/e7m080\/terraform_new_attributes_for_a_provider_github\/",
                "thumb_width": 256,
                "thumb_height": 256,
                "service_icon": "http:\/\/www.redditstatic.com\/desktop2x\/img\/favicon\/apple-icon-57x57.png",
                "id": 1,
                "original_url": "https:\/\/www.reddit.com\/r\/Terraform\/comments\/e7m080\/terraform_new_attributes_for_a_provider_github\/"
            },
            {
                "title": "GitHub",
                "title_link": "https:\/\/github.com\/",
                "text": "GitHub is where people build software. More than 40 million people use GitHub to discover, fork, and contribute to over 100 million projects.",
                "fallback": "GitHub",
                "from_url": "https:\/\/github.com\/",
                "thumb_url": "https:\/\/github.githubassets.com\/images\/modules\/open_graph\/github-logo.png",
                "thumb_width": 250,
                "thumb_height": 250,
                "service_icon": "https:\/\/a.slack-edge.com\/80588\/img\/unfurl_icons\/github.png",
                "id": 2,
                "original_url": "https:\/\/github.com\/"
            },
            {
                "service_name": "Terraform by HashiCorp",
                "title": "GitHub: github_repository - Terraform by HashiCorp",
                "title_link": "https:\/\/www.terraform.io\/docs\/providers\/github\/r\/repository.html",
                "text": "Creates and manages repositories within GitHub organizations",
                "fallback": "Terraform by HashiCorp: GitHub: github_repository - Terraform by HashiCorp",
                "thumb_url": "https:\/\/www.terraform.io\/assets\/images\/og-image-8b3e4f7d.png",
                "from_url": "https:\/\/www.terraform.io\/docs\/providers\/github\/r\/repository.html",
                "thumb_width": 712,
                "thumb_height": 712,
                "service_icon": "https:\/\/www.terraform.io\/assets\/images\/favicons\/apple-touch-icon-13180a24.png",
                "id": 3,
                "original_url": "https:\/\/www.terraform.io\/docs\/providers\/github\/r\/repository.html"
            }
        ]
    },
    {
        "type": "message",
        "subtype": "bot_message",
        "text": "<https:\/\/www.reddit.com\/r\/Terraform\/comments\/e7oy37\/getting_error_during_apply_but_it_doesnt_state\/|Getting Error during apply, but it doesn't state error. Need help>\nSo I am trying to deploy a SQL Server instance from my Azure DevOps Ci\/CD Pipelines to my my cloud subscription, but I am getting the following error: ##[error] Terraform failed to execute. Error:  Here is the log file: <https:\/\/pastebin.com\/DC0YHGVY|https:\/\/pastebin.com\/DC0YHGVY> Also please note that I am using a Free Trial of Azure with $150 + in it. Not sure if that changes anything. I tested it with both apply and apply -auto-approve    submitted by   &lt;a...",
        "ts": "1575778590.051300",
        "username": "Terraform ALL the Worlds!",
        "icons": {
            "image_48": "https:\/\/s3-us-west-2.amazonaws.com\/slack-files2\/bot_icons\/2019-02-12\/548785199618_48.png"
        },
        "bot_id": "BG3N7LG73",
        "attachments": [
            {
                "service_name": "reddit",
                "title": "Getting Error during apply, but it doesn't state error. Need help",
                "title_link": "https:\/\/www.reddit.com\/r\/Terraform\/comments\/e7oy37\/getting_error_during_apply_but_it_doesnt_state\/",
                "text": "So I am trying to deploy a SQL Server instance from my Azure DevOps Ci\/CD Pipelines to my my cloud subscription, but I am getting the following...",
                "fallback": "reddit: Getting Error during apply, but it doesn't state error. Need help",
                "thumb_url": "https:\/\/www.redditstatic.com\/new-icon.png",
                "from_url": "https:\/\/www.reddit.com\/r\/Terraform\/comments\/e7oy37\/getting_error_during_apply_but_it_doesnt_state\/",
                "thumb_width": 256,
                "thumb_height": 256,
                "service_icon": "http:\/\/www.redditstatic.com\/desktop2x\/img\/favicon\/apple-icon-57x57.png",
                "id": 1,
                "original_url": "https:\/\/www.reddit.com\/r\/Terraform\/comments\/e7oy37\/getting_error_during_apply_but_it_doesnt_state\/"
            },
            {
                "service_name": "Pastebin",
                "title": "[YAML] 2019-12-08T03:43:57.7427972Z ##[section]Starting: Terraform apply  2019-12-08T03 - Pastebin.com",
                "title_link": "https:\/\/pastebin.com\/DC0YHGVY",
                "fallback": "Pastebin: [YAML] 2019-12-08T03:43:57.7427972Z ##[section]Starting: Terraform apply  2019-12-08T03 - Pastebin.com",
                "image_url": "https:\/\/pastebin.com\/i\/facebook.png",
                "from_url": "https:\/\/pastebin.com\/DC0YHGVY",
                "image_width": 250,
                "image_height": 250,
                "image_bytes": 19206,
                "service_icon": "https:\/\/pastebin.com\/favicon.ico",
                "id": 2,
                "original_url": "https:\/\/pastebin.com\/DC0YHGVY"
            }
        ]
    }
]