[
    {
        "type": "message",
        "subtype": "bot_message",
        "text": "<https:\/\/www.reddit.com\/r\/Terraform\/comments\/eguyol\/error_invalid_character_this_character_is_not\/|Error: Invalid character :This character is not used within the language.>\nwhere am i going wrong here in the <https:\/\/main.tf\/|main.tf> provider \"aws\" { region = \"us-east-1\" } resource \"aws_instance\" \"example\" { ami = \"ami-0c55b159cbfafe1f0\" instance_type = \"t1.micro\" vpc_security_group_ids = [aws_security_group.instance.id] user_data =    submitted by",
        "ts": "1577562424.010200",
        "username": "Terraform ALL the Worlds!",
        "icons": {
            "image_48": "https:\/\/s3-us-west-2.amazonaws.com\/slack-files2\/bot_icons\/2019-02-12\/548785199618_48.png"
        },
        "bot_id": "BG3N7LG73",
        "attachments": [
            {
                "service_name": "reddit",
                "title": "Error: Invalid character :This character is not used within the language.",
                "title_link": "https:\/\/www.reddit.com\/r\/Terraform\/comments\/eguyol\/error_invalid_character_this_character_is_not\/",
                "text": "where am i going wrong here in the [<http:\/\/main.tf|main.tf>](<https:\/\/main.tf>) provider \"aws\" { region = \"us-east-1\" } resource \"aws\\_instance\" \"example\"...",
                "fallback": "reddit: Error: Invalid character :This character is not used within the language.",
                "thumb_url": "https:\/\/www.redditstatic.com\/new-icon.png",
                "from_url": "https:\/\/www.reddit.com\/r\/Terraform\/comments\/eguyol\/error_invalid_character_this_character_is_not\/",
                "thumb_width": 256,
                "thumb_height": 256,
                "service_icon": "http:\/\/www.redditstatic.com\/desktop2x\/img\/favicon\/apple-icon-57x57.png",
                "id": 1,
                "original_url": "https:\/\/www.reddit.com\/r\/Terraform\/comments\/eguyol\/error_invalid_character_this_character_is_not\/"
            }
        ]
    }
]