[
    {
        "client_msg_id": "2C0B3160-155F-46D7-A2D8-934A9BE30F27",
        "type": "message",
        "text": "ありがとうございます！私は約半年前は全くTerraform触ったことなかったです。むしろインフラのコード化したことなかったです。",
        "user": "U027N0PH7RV",
        "ts": "1642079236.002100",
        "blocks": [
            {
                "type": "rich_text",
                "block_id": "TwU",
                "elements": [
                    {
                        "type": "rich_text_section",
                        "elements": [
                            {
                                "type": "text",
                                "text": "ありがとうございます！私は約半年前は全くTerraform触ったことなかったです。むしろインフラのコード化したことなかったです。"
                            }
                        ]
                    }
                ]
            }
        ],
        "team": "TFU0BKCQP",
        "user_team": "TFU0BKCQP",
        "source_team": "TFU0BKCQP",
        "user_profile": {
            "avatar_hash": "f239f16510a1",
            "image_72": "https:\/\/avatars.slack-edge.com\/2021-07-14\/2274951614723_f239f16510a1294022ea_72.jpg",
            "first_name": "",
            "real_name": "Yasuhiro Kawamura",
            "display_name": "",
            "team": "TFU0BKCQP",
            "name": "y.kawamu09",
            "is_restricted": false,
            "is_ultra_restricted": false
        },
        "edited": {
            "user": "U027N0PH7RV",
            "ts": "1642079247.000000"
        },
        "thread_ts": "1639823887.028500",
        "parent_user_id": "UP3JFHZ8V",
        "reactions": [
            {
                "name": "man-bowing",
                "users": [
                    "UP3JFHZ8V"
                ],
                "count": 1
            }
        ]
    }
]