[
    {
        "client_msg_id": "029464e3-f8b5-4589-b836-8792db52e50c",
        "type": "message",
        "text": "`Terraform module で Cloud Run につくる Laravel プロダクト` という CfP を上げました\n<https:\/\/twitter.com\/sogaoh\/status\/1483052366291030016>",
        "user": "UFT60TQCQ",
        "ts": "1642422509.000700",
        "blocks": [
            {
                "type": "rich_text",
                "block_id": "bzspp",
                "elements": [
                    {
                        "type": "rich_text_section",
                        "elements": [
                            {
                                "type": "text",
                                "text": "Terraform module で Cloud Run につくる Laravel プロダクト",
                                "style": {
                                    "code": true
                                }
                            },
                            {
                                "type": "text",
                                "text": " という CfP を上げました\n"
                            },
                            {
                                "type": "link",
                                "url": "https:\/\/twitter.com\/sogaoh\/status\/1483052366291030016"
                            }
                        ]
                    }
                ]
            }
        ],
        "team": "TFU0BKCQP",
        "user_team": "TFU0BKCQP",
        "source_team": "TFU0BKCQP",
        "user_profile": {
            "avatar_hash": "f10ceef4e6f6",
            "image_72": "https:\/\/avatars.slack-edge.com\/2019-01-31\/539093872183_f10ceef4e6f603f1f094_72.jpg",
            "first_name": "sogaoh",
            "real_name": "sogaoh",
            "display_name": "",
            "team": "TFU0BKCQP",
            "name": "sogaoh",
            "is_restricted": false,
            "is_ultra_restricted": false
        },
        "attachments": [
            {
                "from_url": "https:\/\/twitter.com\/sogaoh\/status\/1483052366291030016",
                "ts": 1642422212,
                "id": 1,
                "original_url": "https:\/\/twitter.com\/sogaoh\/status\/1483052366291030016",
                "fallback": "<https:\/\/twitter.com\/sogaoh|@sogaoh>: #phperkaigi に CfP 上げたぞー\n\n<https:\/\/fortee.jp\/phperkaigi-2022\/proposal\/6783d887-a637-4f58-814d-f11de971b008>",
                "text": "#phperkaigi に CfP 上げたぞー\n\n<https:\/\/fortee.jp\/phperkaigi-2022\/proposal\/6783d887-a637-4f58-814d-f11de971b008>",
                "author_name": "央",
                "author_link": "https:\/\/twitter.com\/sogaoh\/status\/1483052366291030016",
                "author_icon": "https:\/\/pbs.twimg.com\/profile_images\/1377655606845140998\/9_-bGj5P_normal.jpg",
                "author_subname": "@sogaoh",
                "service_name": "twitter",
                "service_url": "https:\/\/twitter.com\/",
                "footer": "Twitter",
                "footer_icon": "https:\/\/a.slack-edge.com\/80588\/img\/services\/twitter_pixel_snapped_32.png"
            }
        ],
        "thread_ts": "1642422509.000700",
        "reply_count": 1,
        "reply_users_count": 1,
        "latest_reply": "1643151225.611789",
        "reply_users": [
            "UFT60TQCQ"
        ],
        "replies": [
            {
                "user": "UFT60TQCQ",
                "ts": "1643151225.611789"
            }
        ],
        "is_locked": false,
        "subscribed": false,
        "reactions": [
            {
                "name": "clap",
                "users": [
                    "UFU0BKD8F",
                    "U02EXFN4QN4",
                    "U029HDK176Y",
                    "U02NTCZJLAX",
                    "U01GAQPRFQB",
                    "U012X6FSHC7",
                    "U01RV4S0WBA"
                ],
                "count": 7
            }
        ]
    }
]