[
    {
        "client_msg_id": "7580cc84-6fbe-4fed-b179-1e83d60d761b",
        "type": "message",
        "text": "なんか華麗にスルーしてましたw Community MarketingやDevRel的なポジションはグローバルではあるので、HashiTalksとかHUGとかはそっちのチーム＆日本のチームで担当してます。ちょっとリソースの兼ね合い見て、考えます〜あとデジタルイベントやりたい場合、HashiCorpのZoomでホストしたりはできるのでご相談ください！",
        "user": "UMYT1J2RX",
        "ts": "1600144310.000900",
        "team": "TFU0BKCQP",
        "user_team": "TFU0BKCQP",
        "source_team": "TFU0BKCQP",
        "user_profile": {
            "avatar_hash": "g9e1ca1887f6",
            "image_72": "https:\/\/secure.gravatar.com\/avatar\/59e1ca1887f6751ed6cc67e1eed56a91.jpg?s=72&d=https%3A%2F%2Fa.slack-edge.com%2Fdf10d%2Fimg%2Favatars%2Fava_0010-72.png",
            "first_name": "",
            "real_name": "Rumi Oku",
            "display_name": "",
            "team": "TFU0BKCQP",
            "name": "rumioku",
            "is_restricted": false,
            "is_ultra_restricted": false
        },
        "blocks": [
            {
                "type": "rich_text",
                "block_id": "JAQ",
                "elements": [
                    {
                        "type": "rich_text_section",
                        "elements": [
                            {
                                "type": "text",
                                "text": "なんか華麗にスルーしてましたw Community MarketingやDevRel的なポジションはグローバルではあるので、HashiTalksとかHUGとかはそっちのチーム＆日本のチームで担当してます。ちょっとリソースの兼ね合い見て、考えます〜あとデジタルイベントやりたい場合、HashiCorpのZoomでホストしたりはできるのでご相談ください！"
                            }
                        ]
                    }
                ]
            }
        ],
        "thread_ts": "1594208581.058600",
        "parent_user_id": "UFU0BKD8F"
    },
    {
        "client_msg_id": "94d8a3ab-7107-41b9-a5b5-ebe3434e26fa",
        "type": "message",
        "text": "ありがとうございます！\nコロナで何にもできないまま半年過ぎてしまったし、そろそろ何かアクションが\nいるかなって思ってました。\nちょっと整理しておくので今度ご相談させてください。",
        "user": "UFU0BKD8F",
        "ts": "1600144733.001100",
        "team": "TFU0BKCQP",
        "user_team": "TFU0BKCQP",
        "source_team": "TFU0BKCQP",
        "user_profile": {
            "avatar_hash": "92c41c62c7b0",
            "image_72": "https:\/\/avatars.slack-edge.com\/2019-01-30\/537137791812_92c41c62c7b0f054d3dd_72.jpg",
            "first_name": "らき",
            "real_name": "らき",
            "display_name": "raki",
            "team": "TFU0BKCQP",
            "name": "nishimuray",
            "is_restricted": false,
            "is_ultra_restricted": false
        },
        "blocks": [
            {
                "type": "rich_text",
                "block_id": "1W+lT",
                "elements": [
                    {
                        "type": "rich_text_section",
                        "elements": [
                            {
                                "type": "text",
                                "text": "ありがとうございます！\nコロナで何にもできないまま半年過ぎてしまったし、そろそろ何かアクションが\nいるかなって思ってました。\nちょっと整理しておくので今度ご相談させてください。"
                            }
                        ]
                    }
                ]
            }
        ],
        "thread_ts": "1594208581.058600",
        "parent_user_id": "UFU0BKD8F"
    },
    {
        "client_msg_id": "babdbaa7-cb86-4f76-a319-f63abc181c7c",
        "type": "message",
        "text": "お待ちしてま〜す！",
        "user": "UMYT1J2RX",
        "ts": "1600145420.001300",
        "team": "TFU0BKCQP",
        "user_team": "TFU0BKCQP",
        "source_team": "TFU0BKCQP",
        "user_profile": {
            "avatar_hash": "g9e1ca1887f6",
            "image_72": "https:\/\/secure.gravatar.com\/avatar\/59e1ca1887f6751ed6cc67e1eed56a91.jpg?s=72&d=https%3A%2F%2Fa.slack-edge.com%2Fdf10d%2Fimg%2Favatars%2Fava_0010-72.png",
            "first_name": "",
            "real_name": "Rumi Oku",
            "display_name": "",
            "team": "TFU0BKCQP",
            "name": "rumioku",
            "is_restricted": false,
            "is_ultra_restricted": false
        },
        "blocks": [
            {
                "type": "rich_text",
                "block_id": "a6C",
                "elements": [
                    {
                        "type": "rich_text_section",
                        "elements": [
                            {
                                "type": "text",
                                "text": "お待ちしてま〜す！"
                            }
                        ]
                    }
                ]
            }
        ],
        "thread_ts": "1594208581.058600",
        "parent_user_id": "UFU0BKD8F",
        "reactions": [
            {
                "name": "+1",
                "users": [
                    "UFU0BKD8F"
                ],
                "count": 1
            }
        ]
    },
    {
        "client_msg_id": "1c4eb2ee-e5a7-4b56-b36c-7a0da9dfcedf",
        "type": "message",
        "text": "<!channel> 思い切って全メンション。\nterraform-jp に期待する役割とかやって欲しいこととか今後どうしていきたいかとかを雑に書き込むスレ。\n一旦大きな風呂敷を広げてみたいのでブレスト的になんでも書いてもらいたいでーす。\nかぶってもいいし広げてもいいしよさそうなやつにリアクションをするでもOK\nコミュニティにいるんだぜ感出していきましょう！",
        "user": "UFU0BKD8F",
        "ts": "1600147093.004100",
        "team": "TFU0BKCQP",
        "user_team": "TFU0BKCQP",
        "source_team": "TFU0BKCQP",
        "user_profile": {
            "avatar_hash": "92c41c62c7b0",
            "image_72": "https:\/\/avatars.slack-edge.com\/2019-01-30\/537137791812_92c41c62c7b0f054d3dd_72.jpg",
            "first_name": "らき",
            "real_name": "らき",
            "display_name": "raki",
            "team": "TFU0BKCQP",
            "name": "nishimuray",
            "is_restricted": false,
            "is_ultra_restricted": false
        },
        "edited": {
            "user": "UFU0BKD8F",
            "ts": "1600149200.000000"
        },
        "blocks": [
            {
                "type": "rich_text",
                "block_id": "PDkz",
                "elements": [
                    {
                        "type": "rich_text_section",
                        "elements": [
                            {
                                "type": "broadcast",
                                "range": "channel"
                            },
                            {
                                "type": "text",
                                "text": " 思い切って全メンション。\nterraform-jp に期待する役割とかやって欲しいこととか今後どうしていきたいかとかを雑に書き込むスレ。\n一旦大きな風呂敷を広げてみたいのでブレスト的になんでも書いてもらいたいでーす。\nかぶってもいいし広げてもいいしよさそうなやつにリアクションをするでもOK\nコミュニティにいるんだぜ感出していきましょう！"
                            }
                        ]
                    }
                ]
            }
        ],
        "thread_ts": "1600147093.004100",
        "reply_count": 13,
        "reply_users_count": 9,
        "latest_reply": "1600454665.002100",
        "reply_users": [
            "U013E7MRKRP",
            "UFU0BKD8F",
            "UL90RPEQ7",
            "UFT60TQCQ",
            "UMYT1J2RX",
            "UHS4SFFA7",
            "UGY9BJ1NF",
            "U01AEH6SRL2",
            "UG46Z57TN"
        ],
        "replies": [
            {
                "user": "U013E7MRKRP",
                "ts": "1600147150.004800"
            },
            {
                "user": "UFU0BKD8F",
                "ts": "1600147257.005100"
            },
            {
                "user": "UL90RPEQ7",
                "ts": "1600147521.008200"
            },
            {
                "user": "UFT60TQCQ",
                "ts": "1600147886.008400"
            },
            {
                "user": "UFT60TQCQ",
                "ts": "1600147966.008800"
            },
            {
                "user": "UMYT1J2RX",
                "ts": "1600148935.009200"
            },
            {
                "user": "UFU0BKD8F",
                "ts": "1600149090.009500"
            },
            {
                "user": "U013E7MRKRP",
                "ts": "1600169347.011100"
            },
            {
                "user": "UFU0BKD8F",
                "ts": "1600176155.011300"
            },
            {
                "user": "UHS4SFFA7",
                "ts": "1600178551.011500"
            },
            {
                "user": "UGY9BJ1NF",
                "ts": "1600205240.017800"
            },
            {
                "user": "U01AEH6SRL2",
                "ts": "1600435730.001800"
            },
            {
                "user": "UG46Z57TN",
                "ts": "1600454665.002100"
            }
        ],
        "is_locked": false,
        "subscribed": true,
        "last_read": "1600454665.002100",
        "reactions": [
            {
                "name": "rocket",
                "users": [
                    "UG46Z57TN",
                    "UGW0ABZLG",
                    "UGY8YDQ2G",
                    "ULFK57XL4",
                    "U01AB51L3DH",
                    "UGY5WMTHR",
                    "UKAKENQAF",
                    "UL90RPEQ7",
                    "UJ0HPTBD2",
                    "UU8P38DM3",
                    "UR4TYNLMS",
                    "U013X8CRUAC",
                    "UGY9BJ1NF",
                    "UR16FPJQZ",
                    "ULUB6GFRT"
                ],
                "count": 15
            }
        ]
    },
    {
        "client_msg_id": "969bac13-42e7-42f7-bb60-0e751b769c27",
        "type": "message",
        "text": "ハンズオンとか、発表会とか、事例とかあると助かります。",
        "user": "U013E7MRKRP",
        "ts": "1600147150.004800",
        "team": "TFU0BKCQP",
        "user_team": "TFU0BKCQP",
        "source_team": "TFU0BKCQP",
        "user_profile": {
            "avatar_hash": "cbac0fc86549",
            "image_72": "https:\/\/avatars.slack-edge.com\/2020-09-15\/1356713319318_cbac0fc86549444d26fe_72.png",
            "first_name": "",
            "real_name": "miyaken",
            "display_name": "miyaken",
            "team": "TFU0BKCQP",
            "name": "miyaken5",
            "is_restricted": false,
            "is_ultra_restricted": false
        },
        "blocks": [
            {
                "type": "rich_text",
                "block_id": "Z\/nC",
                "elements": [
                    {
                        "type": "rich_text_section",
                        "elements": [
                            {
                                "type": "text",
                                "text": "ハンズオンとか、発表会とか、事例とかあると助かります。"
                            }
                        ]
                    }
                ]
            }
        ],
        "thread_ts": "1600147093.004100",
        "parent_user_id": "UFU0BKD8F",
        "reactions": [
            {
                "name": "+1",
                "users": [
                    "UR4TYNLMS",
                    "ULZ9B9858",
                    "UTS83NH0D",
                    "UR16FPJQZ"
                ],
                "count": 4
            }
        ]
    },
    {
        "client_msg_id": "f9490632-f5df-445d-9e43-72f74cef4763",
        "type": "message",
        "text": "ですよね。そろそろそういうのやりたいですよね。",
        "user": "UFU0BKD8F",
        "ts": "1600147257.005100",
        "team": "TFU0BKCQP",
        "user_team": "TFU0BKCQP",
        "source_team": "TFU0BKCQP",
        "user_profile": {
            "avatar_hash": "92c41c62c7b0",
            "image_72": "https:\/\/avatars.slack-edge.com\/2019-01-30\/537137791812_92c41c62c7b0f054d3dd_72.jpg",
            "first_name": "らき",
            "real_name": "らき",
            "display_name": "raki",
            "team": "TFU0BKCQP",
            "name": "nishimuray",
            "is_restricted": false,
            "is_ultra_restricted": false
        },
        "blocks": [
            {
                "type": "rich_text",
                "block_id": "9IDi",
                "elements": [
                    {
                        "type": "rich_text_section",
                        "elements": [
                            {
                                "type": "text",
                                "text": "ですよね。そろそろそういうのやりたいですよね。"
                            }
                        ]
                    }
                ]
            }
        ],
        "thread_ts": "1600147093.004100",
        "parent_user_id": "UFU0BKD8F"
    },
    {
        "client_msg_id": "46C442A8-160E-44DB-8034-A97F1CD364BA",
        "type": "message",
        "text": "terraform-jp合同誌つくってboothで頒布、とか（オンライン勉強会だと双方向性に難が出やすいのでいっそ片方向に振り切る着想",
        "user": "UL90RPEQ7",
        "ts": "1600147521.008200",
        "team": "TFU0BKCQP",
        "user_team": "TFU0BKCQP",
        "source_team": "TFU0BKCQP",
        "user_profile": {
            "avatar_hash": "g577174512e7",
            "image_72": "https:\/\/secure.gravatar.com\/avatar\/8577174512e71b8d1c79683380febbd1.jpg?s=72&d=https%3A%2F%2Fa.slack-edge.com%2Fdf10d%2Fimg%2Favatars%2Fava_0026-72.png",
            "first_name": "sudoyu",
            "real_name": "sudoyu",
            "display_name": "",
            "team": "TFU0BKCQP",
            "name": "sudo.yu",
            "is_restricted": false,
            "is_ultra_restricted": false
        },
        "blocks": [
            {
                "type": "rich_text",
                "block_id": "INl",
                "elements": [
                    {
                        "type": "rich_text_section",
                        "elements": [
                            {
                                "type": "text",
                                "text": "terraform-jp合同誌つくってboothで頒布、とか（オンライン勉強会だと双方向性に難が出やすいのでいっそ片方向に振り切る着想"
                            }
                        ]
                    }
                ]
            }
        ],
        "thread_ts": "1600147093.004100",
        "parent_user_id": "UFU0BKD8F",
        "reactions": [
            {
                "name": "oltu",
                "users": [
                    "UFT60TQCQ",
                    "U013E7MRKRP"
                ],
                "count": 2
            },
            {
                "name": "book",
                "users": [
                    "UFU0BKD8F"
                ],
                "count": 1
            }
        ]
    },
    {
        "client_msg_id": "62a00f99-d914-4821-8634-531856b8fc33",
        "type": "message",
        "text": "「カスタムProviderを作ろう」（個人的にはその前にGoの習得が必要）",
        "user": "UFT60TQCQ",
        "ts": "1600147886.008400",
        "team": "TFU0BKCQP",
        "user_team": "TFU0BKCQP",
        "source_team": "TFU0BKCQP",
        "user_profile": {
            "avatar_hash": "f10ceef4e6f6",
            "image_72": "https:\/\/avatars.slack-edge.com\/2019-01-31\/539093872183_f10ceef4e6f603f1f094_72.jpg",
            "first_name": "sogaoh",
            "real_name": "sogaoh",
            "display_name": "",
            "team": "TFU0BKCQP",
            "name": "sogaoh",
            "is_restricted": false,
            "is_ultra_restricted": false
        },
        "blocks": [
            {
                "type": "rich_text",
                "block_id": "VbcrR",
                "elements": [
                    {
                        "type": "rich_text_section",
                        "elements": [
                            {
                                "type": "text",
                                "text": "「カスタムProviderを作ろう」（個人的にはその前にGoの習得が必要）"
                            }
                        ]
                    }
                ]
            }
        ],
        "thread_ts": "1600147093.004100",
        "parent_user_id": "UFU0BKD8F",
        "reactions": [
            {
                "name": "がんばれ",
                "users": [
                    "UFU0BKD8F",
                    "U013E7MRKRP"
                ],
                "count": 2
            },
            {
                "name": "+1",
                "users": [
                    "U018F14RQBE"
                ],
                "count": 1
            }
        ]
    },
    {
        "client_msg_id": "8e4a8ce4-a15a-436f-a605-f9c9273e1eae",
        "type": "message",
        "text": "Azureを弄る事例の共有（おそらく、やってるところそんなに多くない気がしています）",
        "user": "UFT60TQCQ",
        "ts": "1600147966.008800",
        "team": "TFU0BKCQP",
        "user_team": "TFU0BKCQP",
        "source_team": "TFU0BKCQP",
        "user_profile": {
            "avatar_hash": "f10ceef4e6f6",
            "image_72": "https:\/\/avatars.slack-edge.com\/2019-01-31\/539093872183_f10ceef4e6f603f1f094_72.jpg",
            "first_name": "sogaoh",
            "real_name": "sogaoh",
            "display_name": "",
            "team": "TFU0BKCQP",
            "name": "sogaoh",
            "is_restricted": false,
            "is_ultra_restricted": false
        },
        "blocks": [
            {
                "type": "rich_text",
                "block_id": "Dfv",
                "elements": [
                    {
                        "type": "rich_text_section",
                        "elements": [
                            {
                                "type": "text",
                                "text": "Azureを弄る事例の共有（おそらく、やってるところそんなに多くない気がしています）"
                            }
                        ]
                    }
                ]
            }
        ],
        "thread_ts": "1600147093.004100",
        "parent_user_id": "UFU0BKD8F"
    },
    {
        "client_msg_id": "f5c53c61-3f44-4c34-811b-b21dee97b49a",
        "type": "message",
        "text": "Terraform以外のHashiCorp製品の布教活動w OSSなら推しはConsul+Nomadです。",
        "user": "UMYT1J2RX",
        "ts": "1600148935.009200",
        "team": "TFU0BKCQP",
        "user_team": "TFU0BKCQP",
        "source_team": "TFU0BKCQP",
        "user_profile": {
            "avatar_hash": "g9e1ca1887f6",
            "image_72": "https:\/\/secure.gravatar.com\/avatar\/59e1ca1887f6751ed6cc67e1eed56a91.jpg?s=72&d=https%3A%2F%2Fa.slack-edge.com%2Fdf10d%2Fimg%2Favatars%2Fava_0010-72.png",
            "first_name": "",
            "real_name": "Rumi Oku",
            "display_name": "",
            "team": "TFU0BKCQP",
            "name": "rumioku",
            "is_restricted": false,
            "is_ultra_restricted": false
        },
        "blocks": [
            {
                "type": "rich_text",
                "block_id": "QmPKX",
                "elements": [
                    {
                        "type": "rich_text_section",
                        "elements": [
                            {
                                "type": "text",
                                "text": "Terraform以外のHashiCorp製品の布教活動w OSSなら推しはConsul+Nomadです。"
                            }
                        ]
                    }
                ]
            }
        ],
        "thread_ts": "1600147093.004100",
        "parent_user_id": "UFU0BKD8F",
        "reactions": [
            {
                "name": "よろしく",
                "users": [
                    "UFU0BKD8F"
                ],
                "count": 1
            },
            {
                "name": "female-teacher",
                "users": [
                    "UFT60TQCQ"
                ],
                "count": 1
            }
        ]
    },
    {
        "client_msg_id": "594cc933-435f-4834-a5db-d3c14496a9d2",
        "type": "message",
        "text": "↑補足 <#CSSF0UVT7|hashicorp_products> があるので HashiStack に興味のある人はれっつじょいん。",
        "user": "UFU0BKD8F",
        "ts": "1600149090.009500",
        "team": "TFU0BKCQP",
        "user_team": "TFU0BKCQP",
        "source_team": "TFU0BKCQP",
        "user_profile": {
            "avatar_hash": "92c41c62c7b0",
            "image_72": "https:\/\/avatars.slack-edge.com\/2019-01-30\/537137791812_92c41c62c7b0f054d3dd_72.jpg",
            "first_name": "らき",
            "real_name": "らき",
            "display_name": "raki",
            "team": "TFU0BKCQP",
            "name": "nishimuray",
            "is_restricted": false,
            "is_ultra_restricted": false
        },
        "blocks": [
            {
                "type": "rich_text",
                "block_id": "ol7\/9",
                "elements": [
                    {
                        "type": "rich_text_section",
                        "elements": [
                            {
                                "type": "text",
                                "text": "↑補足 "
                            },
                            {
                                "type": "channel",
                                "channel_id": "CSSF0UVT7"
                            },
                            {
                                "type": "text",
                                "text": " があるので HashiStack に興味のある人はれっつじょいん。"
                            }
                        ]
                    }
                ]
            }
        ],
        "thread_ts": "1600147093.004100",
        "parent_user_id": "UFU0BKD8F"
    }
]