[
    {
        "client_msg_id": "814FC08C-BD6B-4CB3-AA24-7674A88A265D",
        "type": "message",
        "text": "<https:\/\/www.hashicorp.com\/blog\/announcing-hashicorp-homebrew-tap|https:\/\/www.hashicorp.com\/blog\/announcing-hashicorp-homebrew-tap>\nいい感じ",
        "user": "UTK1B5BB2",
        "ts": "1601175690.000700",
        "team": "TFU0BKCQP",
        "user_team": "TFU0BKCQP",
        "source_team": "TFU0BKCQP",
        "user_profile": {
            "avatar_hash": "f9e26d92b470",
            "image_72": "https:\/\/avatars.slack-edge.com\/2020-02-05\/926890716897_f9e26d92b470908ab893_72.png",
            "first_name": "",
            "real_name": "kbigwheel",
            "display_name": "kbigwheel",
            "team": "TFU0BKCQP",
            "name": "k.bigwheel",
            "is_restricted": false,
            "is_ultra_restricted": false
        },
        "attachments": [
            {
                "service_name": "HashiCorp",
                "title": "Announcing HashiCorp’s Homebrew Tap",
                "title_link": "https:\/\/www.hashicorp.com\/blog\/announcing-hashicorp-homebrew-tap",
                "text": "Get Terraform, Vault, Consul, and Nomad up and running even faster on macOS with our new official Homebrew Tap.",
                "fallback": "HashiCorp: Announcing HashiCorp’s Homebrew Tap",
                "image_url": "https:\/\/www.datocms-assets.com\/2885\/1600980349-homebrew.png",
                "from_url": "https:\/\/www.hashicorp.com\/blog\/announcing-hashicorp-homebrew-tap",
                "image_width": 478,
                "image_height": 250,
                "image_bytes": 70570,
                "id": 1,
                "original_url": "https:\/\/www.hashicorp.com\/blog\/announcing-hashicorp-homebrew-tap"
            }
        ],
        "blocks": [
            {
                "type": "rich_text",
                "block_id": "MT5g9",
                "elements": [
                    {
                        "type": "rich_text_section",
                        "elements": [
                            {
                                "type": "link",
                                "url": "https:\/\/www.hashicorp.com\/blog\/announcing-hashicorp-homebrew-tap",
                                "text": "https:\/\/www.hashicorp.com\/blog\/announcing-hashicorp-homebrew-tap"
                            },
                            {
                                "type": "text",
                                "text": "\n"
                            },
                            {
                                "type": "text",
                                "text": "いい感じ"
                            }
                        ]
                    }
                ]
            }
        ]
    },
    {
        "client_msg_id": "B4CA6D42-72E0-4C77-B326-8AC911526FE4",
        "type": "message",
        "text": "tfenvで良くない？っていう気持ちがある",
        "user": "UGY5WMTHR",
        "ts": "1601178137.001300",
        "team": "TFU0BKCQP",
        "user_team": "TFU0BKCQP",
        "source_team": "TFU0BKCQP",
        "user_profile": {
            "avatar_hash": "gd22fcf5773b",
            "image_72": "https:\/\/secure.gravatar.com\/avatar\/ad22fcf5773b906c08330f4d57242212.jpg?s=72&d=https%3A%2F%2Fa.slack-edge.com%2Fdf10d%2Fimg%2Favatars%2Fava_0021-72.png",
            "first_name": "",
            "real_name": "inductor",
            "display_name": "inductor",
            "team": "TFU0BKCQP",
            "name": "kela",
            "is_restricted": false,
            "is_ultra_restricted": false
        },
        "edited": {
            "user": "UGY5WMTHR",
            "ts": "1601178148.000000"
        },
        "blocks": [
            {
                "type": "rich_text",
                "block_id": "+2y",
                "elements": [
                    {
                        "type": "rich_text_section",
                        "elements": [
                            {
                                "type": "text",
                                "text": "tfenvで良くない？っていう気持ちがある"
                            }
                        ]
                    }
                ]
            }
        ],
        "reactions": [
            {
                "name": "man-with-bunny-ears-partying",
                "users": [
                    "UFT60TQCQ"
                ],
                "count": 1
            }
        ]
    },
    {
        "client_msg_id": "718601FC-6D1A-427D-94AC-788904AD0394",
        "type": "message",
        "text": "たすかに",
        "user": "UTK1B5BB2",
        "ts": "1601178179.001600",
        "team": "TFU0BKCQP",
        "user_team": "TFU0BKCQP",
        "source_team": "TFU0BKCQP",
        "user_profile": {
            "avatar_hash": "f9e26d92b470",
            "image_72": "https:\/\/avatars.slack-edge.com\/2020-02-05\/926890716897_f9e26d92b470908ab893_72.png",
            "first_name": "",
            "real_name": "kbigwheel",
            "display_name": "kbigwheel",
            "team": "TFU0BKCQP",
            "name": "k.bigwheel",
            "is_restricted": false,
            "is_ultra_restricted": false
        },
        "blocks": [
            {
                "type": "rich_text",
                "block_id": "aqJa",
                "elements": [
                    {
                        "type": "rich_text_section",
                        "elements": [
                            {
                                "type": "text",
                                "text": "たすかに"
                            }
                        ]
                    }
                ]
            }
        ]
    },
    {
        "client_msg_id": "DA642258-7BAE-4D5A-A293-3CD18CAA1ABC",
        "type": "message",
        "text": "まあでもまだtfenvの必要性を感じてない人がzip落として解凍じゃなくてbrew経由でインストールできるのは進歩です:+1:",
        "user": "UTK1B5BB2",
        "ts": "1601178293.003500",
        "team": "TFU0BKCQP",
        "user_team": "TFU0BKCQP",
        "source_team": "TFU0BKCQP",
        "user_profile": {
            "avatar_hash": "f9e26d92b470",
            "image_72": "https:\/\/avatars.slack-edge.com\/2020-02-05\/926890716897_f9e26d92b470908ab893_72.png",
            "first_name": "",
            "real_name": "kbigwheel",
            "display_name": "kbigwheel",
            "team": "TFU0BKCQP",
            "name": "k.bigwheel",
            "is_restricted": false,
            "is_ultra_restricted": false
        },
        "blocks": [
            {
                "type": "rich_text",
                "block_id": "mbs1w",
                "elements": [
                    {
                        "type": "rich_text_section",
                        "elements": [
                            {
                                "type": "text",
                                "text": "まあでもまだtfenvの必要性を感じてない人がzip落として解凍じゃなくてbrew経由でインストールできるのは進歩です"
                            },
                            {
                                "type": "emoji",
                                "name": "+1"
                            }
                        ]
                    }
                ]
            }
        ]
    },
    {
        "client_msg_id": "a8ba51b5-ac29-4060-a7c6-9cf3e7731c2a",
        "type": "message",
        "text": "(コミュニティ管理のbrew定義との違いにどこまで意味があるのかはともかく :sweat_smile: )",
        "user": "UTK1B5BB2",
        "ts": "1601178544.004200",
        "team": "TFU0BKCQP",
        "user_team": "TFU0BKCQP",
        "source_team": "TFU0BKCQP",
        "user_profile": {
            "avatar_hash": "f9e26d92b470",
            "image_72": "https:\/\/avatars.slack-edge.com\/2020-02-05\/926890716897_f9e26d92b470908ab893_72.png",
            "first_name": "",
            "real_name": "kbigwheel",
            "display_name": "kbigwheel",
            "team": "TFU0BKCQP",
            "name": "k.bigwheel",
            "is_restricted": false,
            "is_ultra_restricted": false
        },
        "blocks": [
            {
                "type": "rich_text",
                "block_id": "QF0",
                "elements": [
                    {
                        "type": "rich_text_section",
                        "elements": [
                            {
                                "type": "text",
                                "text": "(コミュニティ管理のbrew定義との違いにどこまで意味があるのかはともかく "
                            },
                            {
                                "type": "emoji",
                                "name": "sweat_smile"
                            },
                            {
                                "type": "text",
                                "text": " )"
                            }
                        ]
                    }
                ]
            }
        ]
    }
]