[
    {
        "type": "message",
        "subtype": "bot_message",
        "text": "<https:\/\/www.reddit.com\/r\/Terraform\/comments\/gvsree\/automating_the_deployment_of_stateful_ec2\/|Automating the deployment of stateful EC2 instances with terraform>\nHi all, I have been doing some research and looking into how we can use terraform to move to IaC. However I have ran into a bit of problem. From what I understand IaC is all or nothing which is a problem when migrating from legacy systems because of doing it a piece at a time. We’re I’m struggling is, we still have a requirement to get direct access to systems for troubleshooting so we need a VPN server into our VPC to get to access these servers. Can I some how use terraform to deploy the...",
        "ts": "1591186611.080400",
        "username": "Terraform ALL the Worlds!",
        "icons": {
            "image_48": "https:\/\/s3-us-west-2.amazonaws.com\/slack-files2\/bot_icons\/2019-02-12\/548785199618_48.png"
        },
        "bot_id": "BG3N7LG73",
        "attachments": [
            {
                "service_name": "reddit",
                "title": "Automating the deployment of stateful EC2 instances with terraform",
                "title_link": "https:\/\/www.reddit.com\/r\/Terraform\/comments\/gvsree\/automating_the_deployment_of_stateful_ec2\/",
                "text": "Hi all, I have been doing some research and looking into how we can use terraform to move to IaC. However I have ran into a bit of problem. From...",
                "fallback": "reddit: Automating the deployment of stateful EC2 instances with terraform",
                "thumb_url": "https:\/\/www.redditstatic.com\/new-icon.png",
                "from_url": "https:\/\/www.reddit.com\/r\/Terraform\/comments\/gvsree\/automating_the_deployment_of_stateful_ec2\/",
                "thumb_width": 256,
                "thumb_height": 256,
                "service_icon": "http:\/\/www.redditstatic.com\/desktop2x\/img\/favicon\/apple-icon-57x57.png",
                "id": 1,
                "original_url": "https:\/\/www.reddit.com\/r\/Terraform\/comments\/gvsree\/automating_the_deployment_of_stateful_ec2\/"
            }
        ],
        "edited": {
            "user": "BG3N7LG73",
            "ts": "1591186611.000000"
        }
    },
    {
        "type": "message",
        "subtype": "bot_message",
        "text": "<https:\/\/www.reddit.com\/r\/Terraform\/comments\/gvtsua\/get_data_source_by_using_variable\/|Get data source by using variable>\nHello, I'm writing a dynamic block by iterating a list. I would like to specify the data source depending on the value I get from the current item from the list. The data sources are these ones: ``` data \"vsphere_network\" \"VMNetwork1\" { name = \"VMNetwork1\" datacenter_id = data.vsphere_datacenter.dc.id distributed_virtual_switch_uuid = data.vsphere_distributed_virtual_switch.dvs.id } data \"vsphere_network\" \"VMNetwork2\" { name = \"VMNetwork2\" datacenter_id = data.vsphere_datacenter.dc.id...",
        "ts": "1591191412.080600",
        "username": "Terraform ALL the Worlds!",
        "icons": {
            "image_48": "https:\/\/s3-us-west-2.amazonaws.com\/slack-files2\/bot_icons\/2019-02-12\/548785199618_48.png"
        },
        "bot_id": "BG3N7LG73",
        "attachments": [
            {
                "service_name": "reddit",
                "title": "Get data source by using variable",
                "title_link": "https:\/\/www.reddit.com\/r\/Terraform\/comments\/gvtsua\/get_data_source_by_using_variable\/",
                "text": "Hello, I'm writing a dynamic block by iterating a list. I would like to specify the data source depending on the value I get from the current...",
                "fallback": "reddit: Get data source by using variable",
                "thumb_url": "https:\/\/www.redditstatic.com\/new-icon.png",
                "from_url": "https:\/\/www.reddit.com\/r\/Terraform\/comments\/gvtsua\/get_data_source_by_using_variable\/",
                "thumb_width": 256,
                "thumb_height": 256,
                "service_icon": "http:\/\/www.redditstatic.com\/desktop2x\/img\/favicon\/apple-icon-57x57.png",
                "id": 1,
                "original_url": "https:\/\/www.reddit.com\/r\/Terraform\/comments\/gvtsua\/get_data_source_by_using_variable\/"
            }
        ],
        "edited": {
            "user": "BG3N7LG73",
            "ts": "1591191412.000000"
        }
    },
    {
        "type": "message",
        "subtype": "bot_message",
        "text": "<https:\/\/www.reddit.com\/r\/Terraform\/comments\/gvvak2\/suggestions_for_certifications\/|Suggestions for Certifications>\nHello All, I am preparing for Terraform Certification, Please advice me is it good to start. I am also preparing for AWS SAA-C02 . Please provide your suggestions. I am job seeker since 8 months in Europe. I am a Non Eu citizen as its becoming hard for me to secure a Job.    submitted by   <https:\/\/www.reddit.com\/user\/sravani901| \/u\/sravani901 > \n<https:\/\/www.reddit.com\/r\/Terraform\/comments\/gvvak2\/suggestions_for_certifications\/|[link]>   &lt;a...",
        "ts": "1591196213.080800",
        "username": "Terraform ALL the Worlds!",
        "icons": {
            "image_48": "https:\/\/s3-us-west-2.amazonaws.com\/slack-files2\/bot_icons\/2019-02-12\/548785199618_48.png"
        },
        "bot_id": "BG3N7LG73",
        "attachments": [
            {
                "service_name": "reddit",
                "title": "Suggestions for Certifications",
                "title_link": "https:\/\/www.reddit.com\/r\/Terraform\/comments\/gvvak2\/suggestions_for_certifications\/",
                "text": "Hello All, I am preparing for Terraform Certification, Please advice me is it good to start. I am also preparing for AWS SAA-C02 . Please provide...",
                "fallback": "reddit: Suggestions for Certifications",
                "thumb_url": "https:\/\/www.redditstatic.com\/new-icon.png",
                "from_url": "https:\/\/www.reddit.com\/r\/Terraform\/comments\/gvvak2\/suggestions_for_certifications\/",
                "thumb_width": 256,
                "thumb_height": 256,
                "service_icon": "http:\/\/www.redditstatic.com\/desktop2x\/img\/favicon\/apple-icon-57x57.png",
                "id": 1,
                "original_url": "https:\/\/www.reddit.com\/r\/Terraform\/comments\/gvvak2\/suggestions_for_certifications\/"
            },
            {
                "title": "overview for sravani901",
                "title_link": "https:\/\/www.reddit.com\/user\/sravani901",
                "text": "The u\/sravani901 community on Reddit. Reddit gives you the best of the internet in one place.",
                "fallback": "overview for sravani901",
                "from_url": "https:\/\/www.reddit.com\/user\/sravani901",
                "service_icon": "http:\/\/www.redditstatic.com\/desktop2x\/img\/favicon\/apple-icon-57x57.png",
                "service_name": "reddit.com",
                "id": 2,
                "original_url": "https:\/\/www.reddit.com\/user\/sravani901"
            }
        ],
        "edited": {
            "user": "BG3N7LG73",
            "ts": "1591196214.000000"
        }
    },
    {
        "type": "message",
        "subtype": "bot_message",
        "text": "<https:\/\/www.reddit.com\/r\/Terraform\/comments\/gvzisr\/help_setting_up_windows_dns_server_with_tf_dns\/|Help setting up windows DNS server with TF DNS provider>\nlooking to set up a windows DNS server to accept rfc2136 DNS updates, so that i can use <https:\/\/www.terraform.io\/docs\/providers\/dns\/|https:\/\/www.terraform.io\/docs\/providers\/dns\/> to manage my windows DNS boxes. I'm having a little trouble finding the right resource to set up the windows server to allow this. ​ has anyone done this that can help point me in the right direction    submitted by   <https:\/\/www.reddit.com\/user\/dub_starr| \/u\/dub_starr > \n&lt;a...",
        "ts": "1591209414.081000",
        "username": "Terraform ALL the Worlds!",
        "icons": {
            "image_48": "https:\/\/s3-us-west-2.amazonaws.com\/slack-files2\/bot_icons\/2019-02-12\/548785199618_48.png"
        },
        "bot_id": "BG3N7LG73",
        "attachments": [
            {
                "service_name": "reddit",
                "title": "Help setting up windows DNS server with TF DNS provider",
                "title_link": "https:\/\/www.reddit.com\/r\/Terraform\/comments\/gvzisr\/help_setting_up_windows_dns_server_with_tf_dns\/",
                "text": "looking to set up a windows DNS server to accept rfc2136 DNS updates, so that i can use...",
                "fallback": "reddit: Help setting up windows DNS server with TF DNS provider",
                "thumb_url": "https:\/\/www.redditstatic.com\/new-icon.png",
                "from_url": "https:\/\/www.reddit.com\/r\/Terraform\/comments\/gvzisr\/help_setting_up_windows_dns_server_with_tf_dns\/",
                "thumb_width": 256,
                "thumb_height": 256,
                "service_icon": "http:\/\/www.redditstatic.com\/desktop2x\/img\/favicon\/apple-icon-57x57.png",
                "id": 1,
                "original_url": "https:\/\/www.reddit.com\/r\/Terraform\/comments\/gvzisr\/help_setting_up_windows_dns_server_with_tf_dns\/"
            },
            {
                "service_name": "Terraform by HashiCorp",
                "title": "Provider: DNS - Terraform by HashiCorp",
                "title_link": "https:\/\/www.terraform.io\/docs\/providers\/dns\/",
                "text": "The DNS provider supports DNS updates (RFC 2136). Additionally, the provider can be configured with secret key based transaction authentication (RFC 2845).",
                "fallback": "Terraform by HashiCorp: Provider: DNS - Terraform by HashiCorp",
                "thumb_url": "https:\/\/www.terraform.io\/assets\/images\/og-image-8b3e4f7d.png",
                "from_url": "https:\/\/www.terraform.io\/docs\/providers\/dns\/",
                "thumb_width": 712,
                "thumb_height": 712,
                "service_icon": "https:\/\/www.terraform.io\/assets\/images\/favicons\/apple-touch-icon-13180a24.png",
                "id": 2,
                "original_url": "https:\/\/www.terraform.io\/docs\/providers\/dns\/"
            },
            {
                "title": "overview for dub_starr",
                "title_link": "https:\/\/www.reddit.com\/user\/dub_starr",
                "text": "The u\/dub_starr community on Reddit. Reddit gives you the best of the internet in one place.",
                "fallback": "overview for dub_starr",
                "from_url": "https:\/\/www.reddit.com\/user\/dub_starr",
                "service_icon": "http:\/\/www.redditstatic.com\/desktop2x\/img\/favicon\/apple-icon-57x57.png",
                "service_name": "reddit.com",
                "id": 3,
                "original_url": "https:\/\/www.reddit.com\/user\/dub_starr"
            }
        ],
        "edited": {
            "user": "BG3N7LG73",
            "ts": "1591209415.000000"
        }
    },
    {
        "type": "message",
        "subtype": "bot_message",
        "text": "<https:\/\/www.reddit.com\/r\/Terraform\/comments\/gw20to\/weve_released_terraform_013_beta_1\/|We've released Terraform 0.13 Beta 1>\nThe Terraform Team is excited to announce the availability of Terraform 0.13 beta 1. This release is all about community. Terraform 0.13 brings the ability to use count, for_each, and depends_on for modules. We’ve also made some changes to the way we install third-party providers as part of the upcoming ability to <https:\/\/www.hashicorp.com\/blog\/announcing-providers-in-the-new-terraform-registry\/|use partner & community providers in the Terraform Registry>. Please have a look at...",
        "ts": "1591216620.081200",
        "username": "Terraform ALL the Worlds!",
        "icons": {
            "image_48": "https:\/\/s3-us-west-2.amazonaws.com\/slack-files2\/bot_icons\/2019-02-12\/548785199618_48.png"
        },
        "bot_id": "BG3N7LG73",
        "attachments": [
            {
                "service_name": "reddit",
                "title": "We've released Terraform 0.13 Beta 1",
                "title_link": "https:\/\/www.reddit.com\/r\/Terraform\/comments\/gw20to\/weve_released_terraform_013_beta_1\/",
                "text": "The Terraform Team is excited to announce the availability of Terraform 0.13 beta 1. This release is all about community. Terraform 0.13 brings...",
                "fallback": "reddit: We've released Terraform 0.13 Beta 1",
                "thumb_url": "https:\/\/www.redditstatic.com\/new-icon.png",
                "from_url": "https:\/\/www.reddit.com\/r\/Terraform\/comments\/gw20to\/weve_released_terraform_013_beta_1\/",
                "thumb_width": 256,
                "thumb_height": 256,
                "service_icon": "http:\/\/www.redditstatic.com\/desktop2x\/img\/favicon\/apple-icon-57x57.png",
                "id": 1,
                "original_url": "https:\/\/www.reddit.com\/r\/Terraform\/comments\/gw20to\/weve_released_terraform_013_beta_1\/"
            },
            {
                "service_name": "HashiCorp: Infrastructure enables innovation",
                "title": "Announcing Providers in the New Terraform Registry",
                "title_link": "https:\/\/www.hashicorp.com\/blog\/announcing-providers-in-the-new-terraform-registry\/",
                "text": "Today, we’re excited to announce the beginnings of a new direction for the Registry. We're renaming it as the Terraform Registry and expanding it to include Terraform providers as ...",
                "fallback": "HashiCorp: Infrastructure enables innovation: Announcing Providers in the New Terraform Registry",
                "from_url": "https:\/\/www.hashicorp.com\/blog\/announcing-providers-in-the-new-terraform-registry\/",
                "id": 2,
                "original_url": "https:\/\/www.hashicorp.com\/blog\/announcing-providers-in-the-new-terraform-registry\/"
            }
        ],
        "edited": {
            "user": "BG3N7LG73",
            "ts": "1591216621.000000"
        }
    },
    {
        "type": "message",
        "subtype": "bot_message",
        "text": "<https:\/\/www.reddit.com\/r\/Terraform\/comments\/gw22c1\/handling_environments\/|Handling Environments>\nHi, I'm planning to provision Infrastructure in Azure using Terraform. I have the need to support multiple environments, let's assume \"Development\", \"Staging\" and \"Production\". I'm using Azure remote backend to store the state in a storage account. What is the best way to handle the different environments here? It seems managing environments largely comes down to controlling state separation. I've been reading everything I can find in this area in the last few days and my plan at present is...",
        "ts": "1591216620.081300",
        "username": "Terraform ALL the Worlds!",
        "icons": {
            "image_48": "https:\/\/s3-us-west-2.amazonaws.com\/slack-files2\/bot_icons\/2019-02-12\/548785199618_48.png"
        },
        "bot_id": "BG3N7LG73",
        "attachments": [
            {
                "service_name": "reddit",
                "title": "Handling Environments",
                "title_link": "https:\/\/www.reddit.com\/r\/Terraform\/comments\/gw22c1\/handling_environments\/",
                "text": "Hi, I'm planning to provision Infrastructure in Azure using Terraform. I have the need to support multiple environments, let's assume...",
                "fallback": "reddit: Handling Environments",
                "thumb_url": "https:\/\/www.redditstatic.com\/new-icon.png",
                "from_url": "https:\/\/www.reddit.com\/r\/Terraform\/comments\/gw22c1\/handling_environments\/",
                "thumb_width": 256,
                "thumb_height": 256,
                "service_icon": "http:\/\/www.redditstatic.com\/desktop2x\/img\/favicon\/apple-icon-57x57.png",
                "id": 1,
                "original_url": "https:\/\/www.reddit.com\/r\/Terraform\/comments\/gw22c1\/handling_environments\/"
            }
        ],
        "edited": {
            "user": "BG3N7LG73",
            "ts": "1591216621.000000"
        }
    },
    {
        "type": "message",
        "subtype": "bot_message",
        "text": "<https:\/\/www.reddit.com\/r\/Terraform\/comments\/gw5qyy\/one_maintf_for_whole_deployment_or_many\/|One main.tf for whole deployment, or many?>\nI'm new to Terraform, my company has started to use GCP in addition to AWS and now wants is to use Terraform. I'm used to Cloudformation, but in Terraform i can't understand the pros and cons between using a single <http:\/\/main.tf|main.tf> file to build everything start to finish (calling all the modules) Vs running multiple for a deployment. Can you guys give me some insight into how you recommend working?    submitted by   <https:\/\/www.reddit.com\/user\/defeatedbythecat| \/u\/defeatedbythecat > \n&lt;a...",
        "ts": "1591228611.081600",
        "username": "Terraform ALL the Worlds!",
        "icons": {
            "image_48": "https:\/\/s3-us-west-2.amazonaws.com\/slack-files2\/bot_icons\/2019-02-12\/548785199618_48.png"
        },
        "bot_id": "BG3N7LG73",
        "attachments": [
            {
                "service_name": "reddit",
                "title": "One main.tf for whole deployment, or many?",
                "title_link": "https:\/\/www.reddit.com\/r\/Terraform\/comments\/gw5qyy\/one_maintf_for_whole_deployment_or_many\/",
                "text": "I'm new to Terraform, my company has started to use GCP in addition to AWS and now wants is to use Terraform. I'm used to Cloudformation, but in...",
                "fallback": "reddit: One main.tf for whole deployment, or many?",
                "thumb_url": "https:\/\/www.redditstatic.com\/new-icon.png",
                "from_url": "https:\/\/www.reddit.com\/r\/Terraform\/comments\/gw5qyy\/one_maintf_for_whole_deployment_or_many\/",
                "thumb_width": 256,
                "thumb_height": 256,
                "service_icon": "http:\/\/www.redditstatic.com\/desktop2x\/img\/favicon\/apple-icon-57x57.png",
                "id": 1,
                "original_url": "https:\/\/www.reddit.com\/r\/Terraform\/comments\/gw5qyy\/one_maintf_for_whole_deployment_or_many\/"
            },
            {
                "title": "overview for defeatedbythecat",
                "title_link": "https:\/\/www.reddit.com\/user\/defeatedbythecat",
                "text": "The u\/defeatedbythecat community on Reddit. Reddit gives you the best of the internet in one place.",
                "fallback": "overview for defeatedbythecat",
                "from_url": "https:\/\/www.reddit.com\/user\/defeatedbythecat",
                "service_icon": "http:\/\/www.redditstatic.com\/desktop2x\/img\/favicon\/apple-icon-57x57.png",
                "service_name": "reddit.com",
                "id": 2,
                "original_url": "https:\/\/www.reddit.com\/user\/defeatedbythecat"
            }
        ],
        "edited": {
            "user": "BG3N7LG73",
            "ts": "1591228612.000000"
        }
    },
    {
        "type": "message",
        "subtype": "bot_message",
        "text": "<https:\/\/www.reddit.com\/r\/Terraform\/comments\/gw6v43\/toggling_submodules\/|Toggling submodules?>\nI have a module that creates an ECS service that uses a submodule to create an RDS database with IAM permissions, etc. and ties the db and service together. However, I have a new requirement that a similar ECS service should be built and share that same RDS database.  I thought about splitting the modules, but when a service is updated I will have to update both modules, which has room for error. I'd rather them use the same ECS service module and just toggle the RDS submodule when needed....",
        "ts": "1591232213.081800",
        "username": "Terraform ALL the Worlds!",
        "icons": {
            "image_48": "https:\/\/s3-us-west-2.amazonaws.com\/slack-files2\/bot_icons\/2019-02-12\/548785199618_48.png"
        },
        "bot_id": "BG3N7LG73",
        "attachments": [
            {
                "service_name": "reddit",
                "title": "Toggling submodules?",
                "title_link": "https:\/\/www.reddit.com\/r\/Terraform\/comments\/gw6v43\/toggling_submodules\/",
                "text": "I have a module that creates an ECS service that uses a submodule to create an RDS database with IAM permissions, etc. and ties the db and service...",
                "fallback": "reddit: Toggling submodules?",
                "thumb_url": "https:\/\/www.redditstatic.com\/new-icon.png",
                "from_url": "https:\/\/www.reddit.com\/r\/Terraform\/comments\/gw6v43\/toggling_submodules\/",
                "thumb_width": 256,
                "thumb_height": 256,
                "service_icon": "http:\/\/www.redditstatic.com\/desktop2x\/img\/favicon\/apple-icon-57x57.png",
                "id": 1,
                "original_url": "https:\/\/www.reddit.com\/r\/Terraform\/comments\/gw6v43\/toggling_submodules\/"
            }
        ],
        "edited": {
            "user": "BG3N7LG73",
            "ts": "1591232213.000000"
        }
    },
    {
        "type": "message",
        "subtype": "bot_message",
        "text": "<https:\/\/www.reddit.com\/r\/Terraform\/comments\/gw7j1l\/just_getting_into_terraform_have_some_very_basic\/|Just getting into Terraform, have some very basic questions>\nHi guys, I've just started learning Terraform for an internship. I've had no experience prior to this in AWS or anything infrastructure related so pardon me if my questions are a bit elementary. I'm having trouble grasping why we need Terraform in the first place. I would find it helpful if someone could explain what problems we had before Terraform and now Terraform made things easier. Thanks!    submitted by   <https:\/\/www.reddit.com\/user\/michael1999wang| \/u\/michael1999wang >...",
        "ts": "1591234607.082000",
        "username": "Terraform ALL the Worlds!",
        "icons": {
            "image_48": "https:\/\/s3-us-west-2.amazonaws.com\/slack-files2\/bot_icons\/2019-02-12\/548785199618_48.png"
        },
        "bot_id": "BG3N7LG73",
        "attachments": [
            {
                "service_name": "reddit",
                "title": "Just getting into Terraform, have some very basic questions",
                "title_link": "https:\/\/www.reddit.com\/r\/Terraform\/comments\/gw7j1l\/just_getting_into_terraform_have_some_very_basic\/",
                "text": "Hi guys, I've just started learning Terraform for an internship. I've had no experience prior to this in AWS or anything infrastructure related so...",
                "fallback": "reddit: Just getting into Terraform, have some very basic questions",
                "thumb_url": "https:\/\/www.redditstatic.com\/new-icon.png",
                "from_url": "https:\/\/www.reddit.com\/r\/Terraform\/comments\/gw7j1l\/just_getting_into_terraform_have_some_very_basic\/",
                "thumb_width": 256,
                "thumb_height": 256,
                "service_icon": "http:\/\/www.redditstatic.com\/desktop2x\/img\/favicon\/apple-icon-57x57.png",
                "id": 1,
                "original_url": "https:\/\/www.reddit.com\/r\/Terraform\/comments\/gw7j1l\/just_getting_into_terraform_have_some_very_basic\/"
            },
            {
                "title": "overview for michael1999wang",
                "title_link": "https:\/\/www.reddit.com\/user\/michael1999wang",
                "text": "The u\/michael1999wang community on Reddit. Reddit gives you the best of the internet in one place.",
                "fallback": "overview for michael1999wang",
                "from_url": "https:\/\/www.reddit.com\/user\/michael1999wang",
                "service_icon": "http:\/\/www.redditstatic.com\/desktop2x\/img\/favicon\/apple-icon-57x57.png",
                "service_name": "reddit.com",
                "id": 2,
                "original_url": "https:\/\/www.reddit.com\/user\/michael1999wang"
            }
        ],
        "edited": {
            "user": "BG3N7LG73",
            "ts": "1591234607.000000"
        }
    },
    {
        "type": "message",
        "subtype": "bot_message",
        "text": "<https:\/\/www.reddit.com\/r\/Terraform\/comments\/gw9rzy\/can_terraform_write_to_native_cloud_key_vaults\/|Can Terraform write to native cloud key vault(s)?>\nIs there a way to write secrets generated from Terraform code to native cloud vaults? I'm working with Azure, and have no issues reading secrets. It seems like to write to an Azure vault it has to be declared as a resource which means it's going to be <https:\/\/github.com\/hashicorp\/terraform\/issues\/3874|state managed and destroyed> with those resources. I'm aware of Hashicorp's vault product (guessing no issue there), but was hoping to keep things simple and use the native cloud...",
        "ts": "1591244213.082200",
        "username": "Terraform ALL the Worlds!",
        "icons": {
            "image_48": "https:\/\/s3-us-west-2.amazonaws.com\/slack-files2\/bot_icons\/2019-02-12\/548785199618_48.png"
        },
        "bot_id": "BG3N7LG73",
        "attachments": [
            {
                "service_name": "reddit",
                "title": "Can Terraform write to native cloud key vault(s)?",
                "title_link": "https:\/\/www.reddit.com\/r\/Terraform\/comments\/gw9rzy\/can_terraform_write_to_native_cloud_key_vaults\/",
                "text": "Is there a way to **write** secrets generated from Terraform code to native cloud vaults? I'm working with Azure, and have no issues reading...",
                "fallback": "reddit: Can Terraform write to native cloud key vault(s)?",
                "thumb_url": "https:\/\/www.redditstatic.com\/new-icon.png",
                "from_url": "https:\/\/www.reddit.com\/r\/Terraform\/comments\/gw9rzy\/can_terraform_write_to_native_cloud_key_vaults\/",
                "thumb_width": 256,
                "thumb_height": 256,
                "service_icon": "http:\/\/www.redditstatic.com\/desktop2x\/img\/favicon\/apple-icon-57x57.png",
                "id": 1,
                "original_url": "https:\/\/www.reddit.com\/r\/Terraform\/comments\/gw9rzy\/can_terraform_write_to_native_cloud_key_vaults\/"
            },
            {
                "service_name": "GitHub",
                "title": "prevent_destroy should let you succeed · Issue #3874 · hashicorp\/terraform",
                "title_link": "https:\/\/github.com\/hashicorp\/terraform\/issues\/3874",
                "text": "Call me crazy, but I&amp;#39;m willing to call the current implementation of prevent_destroy a bug. Here is why: The current implementation of this flag prevents you from using it for 1\/2 the use case....",
                "fallback": "GitHub: prevent_destroy should let you succeed · Issue #3874 · hashicorp\/terraform",
                "from_url": "https:\/\/github.com\/hashicorp\/terraform\/issues\/3874",
                "thumb_url": "https:\/\/repository-images.githubusercontent.com\/17728164\/10b4bf00-6a20-11ea-8934-20870600afc0",
                "thumb_width": 476,
                "thumb_height": 250,
                "service_icon": "https:\/\/a.slack-edge.com\/80588\/img\/unfurl_icons\/github.png",
                "id": 2,
                "original_url": "https:\/\/github.com\/hashicorp\/terraform\/issues\/3874"
            }
        ],
        "edited": {
            "user": "BG3N7LG73",
            "ts": "1591244213.000000"
        }
    },
    {
        "type": "message",
        "subtype": "bot_message",
        "text": "<https:\/\/www.reddit.com\/r\/Terraform\/comments\/gwa7p3\/splitting_a_long_conditional\/|Splitting a long conditional>\nThis sounds like a very basic question, but I can't find the answer anywhere. How do I divide a really long conditional in Terraform into multiple lines? I have a really long block var.networks.private_cidr_bits &lt; var.networks.db_cidr_bits ? cidrsubnet(var.networks.cidr_block, var.networks.public_cidr_bits, var.networks.db_subnets * pow(2, var.networks.public_cidr_bits - var.networks.db_cidr_bits ) + pow(2, var.networks.public_cidr_bits - var.networks.private_cidr_bits) *...",
        "ts": "1591245409.082400",
        "username": "Terraform ALL the Worlds!",
        "icons": {
            "image_48": "https:\/\/s3-us-west-2.amazonaws.com\/slack-files2\/bot_icons\/2019-02-12\/548785199618_48.png"
        },
        "bot_id": "BG3N7LG73",
        "attachments": [
            {
                "service_name": "reddit",
                "title": "Splitting a long conditional",
                "title_link": "https:\/\/www.reddit.com\/r\/Terraform\/comments\/gwa7p3\/splitting_a_long_conditional\/",
                "text": "This sounds like a very basic question, but I can't find the answer anywhere. How do I divide a really long conditional in Terraform into multiple...",
                "fallback": "reddit: Splitting a long conditional",
                "thumb_url": "https:\/\/www.redditstatic.com\/new-icon.png",
                "from_url": "https:\/\/www.reddit.com\/r\/Terraform\/comments\/gwa7p3\/splitting_a_long_conditional\/",
                "thumb_width": 256,
                "thumb_height": 256,
                "service_icon": "http:\/\/www.redditstatic.com\/desktop2x\/img\/favicon\/apple-icon-57x57.png",
                "id": 1,
                "original_url": "https:\/\/www.reddit.com\/r\/Terraform\/comments\/gwa7p3\/splitting_a_long_conditional\/"
            }
        ],
        "edited": {
            "user": "BG3N7LG73",
            "ts": "1591245409.000000"
        }
    }
]