[
    {
        "type": "message",
        "subtype": "bot_message",
        "text": "<https:\/\/www.reddit.com\/r\/Terraform\/comments\/gy88l8\/lookup_variable_with_a_key_computed_from_another\/|Lookup variable with a key computed from another variable's value>\nHi Reddit,  I'm used to Ansible and pretty new to Terraform. With Ansible you can use a variable with a key which has been computed based on the value of another variable. For instance, if you have variables:  variables.yml yaml projects: - project1: - project2:  secrets.yml yaml variables: project1_secret: \"ohno\" project2_secret: \"poot\"  you can then use these variables in your code:  yaml - name: output project secret (yes I know it's a dumb example) debug: msg: \"{{ lookup('vars', item +...",
        "ts": "1591517811.085400",
        "username": "Terraform ALL the Worlds!",
        "icons": {
            "image_48": "https:\/\/s3-us-west-2.amazonaws.com\/slack-files2\/bot_icons\/2019-02-12\/548785199618_48.png"
        },
        "bot_id": "BG3N7LG73",
        "attachments": [
            {
                "service_name": "reddit",
                "title": "Lookup variable with a key computed from another variable's value",
                "title_link": "https:\/\/www.reddit.com\/r\/Terraform\/comments\/gy88l8\/lookup_variable_with_a_key_computed_from_another\/",
                "text": "Hi Reddit, I'm used to Ansible and pretty new to Terraform. With Ansible you can use a variable with a key which has been computed based on...",
                "fallback": "reddit: Lookup variable with a key computed from another variable's value",
                "thumb_url": "https:\/\/www.redditstatic.com\/new-icon.png",
                "from_url": "https:\/\/www.reddit.com\/r\/Terraform\/comments\/gy88l8\/lookup_variable_with_a_key_computed_from_another\/",
                "thumb_width": 256,
                "thumb_height": 256,
                "service_icon": "http:\/\/www.redditstatic.com\/desktop2x\/img\/favicon\/apple-icon-57x57.png",
                "id": 1,
                "original_url": "https:\/\/www.reddit.com\/r\/Terraform\/comments\/gy88l8\/lookup_variable_with_a_key_computed_from_another\/"
            }
        ],
        "edited": {
            "user": "BG3N7LG73",
            "ts": "1591517811.000000"
        }
    },
    {
        "type": "message",
        "subtype": "bot_message",
        "text": "<https:\/\/www.reddit.com\/r\/Terraform\/comments\/gy9do7\/source_disk_not_found\/|Source Disk not found>\nHi there I am new in terraform and having this issue since yesterday and can't figure out what is wrong, so thought I would ask someone professional.  So i have following simple code ​ #Create RG resource \"azurerm_resource_group\" \"rg\" { name = \"${var.env}-rg\" location = var.location } # Create disk resource \"azurerm_managed_disk\" \"new\" { name = \"${var.env}-new-osdisk\" location = azurerm_resource_group.rg.location resource_group_name = azurerm_resource_group.rg.name storage_account_type =...",
        "ts": "1591523804.085600",
        "username": "Terraform ALL the Worlds!",
        "icons": {
            "image_48": "https:\/\/s3-us-west-2.amazonaws.com\/slack-files2\/bot_icons\/2019-02-12\/548785199618_48.png"
        },
        "bot_id": "BG3N7LG73",
        "attachments": [
            {
                "service_name": "reddit",
                "title": "Source Disk not found",
                "title_link": "https:\/\/www.reddit.com\/r\/Terraform\/comments\/gy9do7\/source_disk_not_found\/",
                "text": "Hi there I am new in terraform and having this issue since yesterday and can't figure out what is wrong, so thought I would ask someone...",
                "fallback": "reddit: Source Disk not found",
                "thumb_url": "https:\/\/www.redditstatic.com\/new-icon.png",
                "from_url": "https:\/\/www.reddit.com\/r\/Terraform\/comments\/gy9do7\/source_disk_not_found\/",
                "thumb_width": 256,
                "thumb_height": 256,
                "service_icon": "http:\/\/www.redditstatic.com\/desktop2x\/img\/favicon\/apple-icon-57x57.png",
                "id": 1,
                "original_url": "https:\/\/www.reddit.com\/r\/Terraform\/comments\/gy9do7\/source_disk_not_found\/"
            }
        ],
        "edited": {
            "user": "BG3N7LG73",
            "ts": "1591523804.000000"
        }
    },
    {
        "type": "message",
        "subtype": "bot_message",
        "text": "<https:\/\/qiita.com\/cheekykorkind\/items\/02c896465ddea5c5186f|localstackにLambdaのパッケージをディレクトリ指定でインストールしてzipに固めて作る(terraformバージョン)>\n<https:\/\/qiita.com\/#%E7%B4%B9%E4%BB%8B%E3%81%99%E3%82%8B%E5%86%85%E5%AE%B9>紹介する内容\n\nlocalstackでlambdaを作ります\n\nlocalstackのdocker-entrypoint-initaws.dを使う。主にterraformを使います\nユーザーが指定したディレクトリにpackageをインストールします\nインストールしたpackageをzipに固めます\n\n\n<https:\/\/qiita.com\/#%E7%B5%90%E8%AB%96>結論\n\nlambdaのpackageのインストールを別のdockerコンテナにしたら、いろんな言語のpackageインストールに対応できます\n\nlocalstackのコンテナにpythonのvenvなどのバージョン管理ツールをインストールして使う手もあります。ですが、言語ごとにツールの使い方を思えるより、dockerの使い方を覚えて全言語をカバーする方が効率的だと思いました...",
        "ts": "1591525008.085800",
        "username": "Terraformタグが付けられた新着記事 - Qiita",
        "icons": {
            "image_36": "https:\/\/a.slack-edge.com\/80588\/img\/services\/rss_36.png",
            "image_48": "https:\/\/a.slack-edge.com\/80588\/img\/services\/rss_48.png",
            "image_72": "https:\/\/a.slack-edge.com\/80588\/img\/services\/rss_72.png"
        },
        "bot_id": "BG3N7LG73",
        "attachments": [
            {
                "service_name": "Qiita",
                "title": "localstackにLambdaのパッケージをディレクトリ指定でインストールしてzipに固めて作る(terraformバージョン) - Qiita",
                "title_link": "https:\/\/qiita.com\/cheekykorkind\/items\/02c896465ddea5c5186f",
                "text": "紹介する内容 localstackでlambdaを作ります localstackのdocker-entrypoint-initaws.dを使う。主にterraformを使います ユーザーが指定したディレクトリにpackag...",
                "fallback": "Qiita: localstackにLambdaのパッケージをディレクトリ指定でインストールしてzipに固めて作る(terraformバージョン) - Qiita",
                "image_url": "https:\/\/qiita-user-contents.imgix.net\/https%3A%2F%2Fcdn.qiita.com%2Fassets%2Fpublic%2Farticle-ogp-background-1150d8b18a7c15795b701a55ae908f94.png?ixlib=rb-1.2.2&w=1200&mark=https%3A%2F%2Fqiita-user-contents.imgix.net%2F~text%3Fixlib%3Drb-1.2.2%26w%3D840%26h%3D380%26txt%3Dlocalstack%25E3%2581%25ABLambda%25E3%2581%25AE%25E3%2583%2591%25E3%2583%2583%25E3%2582%25B1%25E3%2583%25BC%25E3%2582%25B8%25E3%2582%2592%25E3%2583%2587%25E3%2582%25A3%25E3%2583%25AC%25E3%2582%25AF%25E3%2583%2588%25E3%2583%25AA%25E6%258C%2587%25E5%25AE%259A%25E3%2581%25A7%25E3%2582%25A4%25E3%2583%25B3%25E3%2582%25B9%25E3%2583%2588%25E3%2583%25BC%25E3%2583%25AB%25E3%2581%2597%25E3%2581%25A6zip%25E3%2581%25AB%25E5%259B%25BA%25E3%2582%2581%25E3%2581%25A6%25E4%25BD%259C%25E3%2582%258B%2528terraform%25E3%2583%2590%25E3%2583%25BC%25E3%2582%25B8%25E3%2583%25A7%25E3%2583%25B3%2529%26txt-color%3D%2523333%26txt-font%3DAvenir-Black%26txt-size%3D54%26txt-clip%3Dellipsis%26txt-align%3Dcenter%252Cmiddle%26s%3Df7afa862517aba242ac2ffe1799bc391&mark-align=center%2Cmiddle&blend=https%3A%2F%2Fqiita-user-contents.imgix.net%2F~text%3Fixlib%3Drb-1.2.2%26w%3D840%26h%3D500%26txt%3D%2540cheekykorkind%26txt-color%3D%2523333%26txt-font%3DAvenir-Black%26txt-size%3D45%26txt-align%3Dright%252Cbottom%26s%3D92e370ff278c0185e646e93a5ae9df13&blend-align=center%2Cmiddle&blend-mode=normal&s=e45bc4127bdeba6d187bf4468975ed7f",
                "from_url": "https:\/\/qiita.com\/cheekykorkind\/items\/02c896465ddea5c5186f",
                "image_width": 476,
                "image_height": 250,
                "image_bytes": 72878,
                "service_icon": "https:\/\/cdn.qiita.com\/assets\/favicons\/public\/apple-touch-icon-ec5ba42a24ae923f16825592efdc356f.png",
                "id": 1,
                "original_url": "https:\/\/qiita.com\/cheekykorkind\/items\/02c896465ddea5c5186f"
            },
            {
                "service_name": "Qiita",
                "title": "プログラマの技術情報共有サービス - Qiita",
                "title_link": "https:\/\/qiita.com\/#%E7%B4%B9%E4%BB%8B%E3%81%99%E3%82%8B%E5%86%85%E5%AE%B9",
                "text": "Qiitaは、プログラマのための技術情報共有サービスです。 プログラミングに関するTips、ノウハウ、メモを簡単に記録 &amp; 公開することができます。",
                "fallback": "Qiita: プログラマの技術情報共有サービス - Qiita",
                "thumb_url": "https:\/\/cdn.qiita.com\/assets\/qiita-fb-fe28c64039d925349e620ba55091e078.png",
                "from_url": "https:\/\/qiita.com\/#%E7%B4%B9%E4%BB%8B%E3%81%99%E3%82%8B%E5%86%85%E5%AE%B9",
                "thumb_width": 1200,
                "thumb_height": 630,
                "service_icon": "https:\/\/cdn.qiita.com\/assets\/favicons\/public\/apple-touch-icon-ec5ba42a24ae923f16825592efdc356f.png",
                "id": 2,
                "original_url": "https:\/\/qiita.com\/#%E7%B4%B9%E4%BB%8B%E3%81%99%E3%82%8B%E5%86%85%E5%AE%B9"
            },
            {
                "service_name": "Qiita",
                "title": "プログラマの技術情報共有サービス - Qiita",
                "title_link": "https:\/\/qiita.com\/#%E7%B5%90%E8%AB%96",
                "text": "Qiitaは、プログラマのための技術情報共有サービスです。 プログラミングに関するTips、ノウハウ、メモを簡単に記録 &amp; 公開することができます。",
                "fallback": "Qiita: プログラマの技術情報共有サービス - Qiita",
                "thumb_url": "https:\/\/cdn.qiita.com\/assets\/qiita-fb-fe28c64039d925349e620ba55091e078.png",
                "from_url": "https:\/\/qiita.com\/#%E7%B5%90%E8%AB%96",
                "thumb_width": 1200,
                "thumb_height": 630,
                "service_icon": "https:\/\/cdn.qiita.com\/assets\/favicons\/public\/apple-touch-icon-ec5ba42a24ae923f16825592efdc356f.png",
                "id": 3,
                "original_url": "https:\/\/qiita.com\/#%E7%B5%90%E8%AB%96"
            }
        ],
        "edited": {
            "user": "BG3N7LG73",
            "ts": "1591525008.000000"
        }
    },
    {
        "type": "message",
        "subtype": "bot_message",
        "text": "<https:\/\/www.reddit.com\/r\/Terraform\/comments\/gyaav3\/terraformize_applydestory_terraform_modules_via_a\/|Terraformize – Apply\\Destory Terraform Modules via a Simple REST API Endpoint>\nI started a project to manage Terraform runs via API requests, the basic idea is that you make an API request and the service runs Terraform apply\\destroy for you and return the response to the request body, the idea beyond it is that there are cases (for example a DBaaS provider creating on demand clusters for each of his clients) that you might want to have your code run terraform which is a lot easier to accomplish if you have a microservice in charge of running terraform for you. Some...",
        "ts": "1591528606.086000",
        "username": "Terraform ALL the Worlds!",
        "icons": {
            "image_48": "https:\/\/s3-us-west-2.amazonaws.com\/slack-files2\/bot_icons\/2019-02-12\/548785199618_48.png"
        },
        "bot_id": "BG3N7LG73",
        "attachments": [
            {
                "service_name": "reddit",
                "title": "Terraformize – Apply\\Destory Terraform Modules via a Simple REST API Endpoint",
                "title_link": "https:\/\/www.reddit.com\/r\/Terraform\/comments\/gyaav3\/terraformize_applydestory_terraform_modules_via_a\/",
                "text": "I started a project to manage Terraform runs via API requests, the basic idea is that you make an API request and the service runs Terraform ...",
                "fallback": "reddit: Terraformize – Apply\\Destory Terraform Modules via a Simple REST API Endpoint",
                "thumb_url": "https:\/\/www.redditstatic.com\/new-icon.png",
                "from_url": "https:\/\/www.reddit.com\/r\/Terraform\/comments\/gyaav3\/terraformize_applydestory_terraform_modules_via_a\/",
                "thumb_width": 256,
                "thumb_height": 256,
                "service_icon": "http:\/\/www.redditstatic.com\/desktop2x\/img\/favicon\/apple-icon-57x57.png",
                "id": 1,
                "original_url": "https:\/\/www.reddit.com\/r\/Terraform\/comments\/gyaav3\/terraformize_applydestory_terraform_modules_via_a\/"
            }
        ],
        "edited": {
            "user": "BG3N7LG73",
            "ts": "1591528607.000000"
        }
    },
    {
        "type": "message",
        "subtype": "bot_message",
        "text": "<https:\/\/qiita.com\/charon\/items\/20eb2a3d6a199bbac028|Terraform＋AWS Fargateで、タスク定義を更新（ローリング更新）してみる>\n<https:\/\/qiita.com\/#whats>Whats？\n\nAWS Fargateに対するデプロイ方法は3種類あり、そのうちローリング更新を試してみたい\n環境と更新操作は、Terraformで行う\nというのをやってみたいという記事です。\n\n\n<https:\/\/qiita.com\/#aws-fargate%E3%81%A7%E3%81%AE%E3%83%87%E3%83%97%E3%83%AD%E3%82%A4%E6%96%B9%E6%B3%95>AWS Fargateでのデプロイ方法\n\nFargateというか、ECSでのデプロイ方法ですが。\n\nドキュメントによると、3つがあるようです。\n\n<https:\/\/docs.aws.amazon.com\/ja_jp\/AmazonECS\/latest\/developerguide\/deployment-types.html|Amazon ECS デプロイタイプ>...",
        "ts": "1591552610.086200",
        "username": "Terraformタグが付けられた新着記事 - Qiita",
        "icons": {
            "image_36": "https:\/\/a.slack-edge.com\/80588\/img\/services\/rss_36.png",
            "image_48": "https:\/\/a.slack-edge.com\/80588\/img\/services\/rss_48.png",
            "image_72": "https:\/\/a.slack-edge.com\/80588\/img\/services\/rss_72.png"
        },
        "bot_id": "BG3N7LG73",
        "attachments": [
            {
                "service_name": "Qiita",
                "title": "AWS Fargateで、タスク定義を更新（ローリング更新）してみる - Qiita",
                "title_link": "https:\/\/qiita.com\/charon\/items\/20eb2a3d6a199bbac028",
                "text": "Whats？ AWS Fargateに対するデプロイ方法は3種類あり、そのうちローリング更新を試してみたい 環境と更新操作は、Terraformで行う というのをやってみたいという記事です。 AWS Fargateでの...",
                "fallback": "Qiita: AWS Fargateで、タスク定義を更新（ローリング更新）してみる - Qiita",
                "image_url": "https:\/\/qiita-user-contents.imgix.net\/https%3A%2F%2Fcdn.qiita.com%2Fassets%2Fpublic%2Farticle-ogp-background-1150d8b18a7c15795b701a55ae908f94.png?ixlib=rb-1.2.2&w=1200&mark=https%3A%2F%2Fqiita-user-contents.imgix.net%2F~text%3Fixlib%3Drb-1.2.2%26w%3D840%26h%3D380%26txt%3DAWS%2520Fargate%25E3%2581%25A7%25E3%2580%2581%25E3%2582%25BF%25E3%2582%25B9%25E3%2582%25AF%25E5%25AE%259A%25E7%25BE%25A9%25E3%2582%2592%25E6%259B%25B4%25E6%2596%25B0%25EF%25BC%2588%25E3%2583%25AD%25E3%2583%25BC%25E3%2583%25AA%25E3%2583%25B3%25E3%2582%25B0%25E6%259B%25B4%25E6%2596%25B0%25EF%25BC%2589%25E3%2581%2597%25E3%2581%25A6%25E3%2581%25BF%25E3%2582%258B%26txt-color%3D%2523333%26txt-font%3DAvenir-Black%26txt-size%3D54%26txt-clip%3Dellipsis%26txt-align%3Dcenter%252Cmiddle%26s%3Db5d607afd83568fe6975b1d53e912a27&mark-align=center%2Cmiddle&blend=https%3A%2F%2Fqiita-user-contents.imgix.net%2F~text%3Fixlib%3Drb-1.2.2%26w%3D840%26h%3D500%26txt%3D%2540charon%26txt-color%3D%2523333%26txt-font%3DAvenir-Black%26txt-size%3D45%26txt-align%3Dright%252Cbottom%26s%3Db3bf67de895e87a212d327c2ca245f2b&blend-align=center%2Cmiddle&blend-mode=normal&s=90a9d1459a92dd411c52dc74731fd4f1",
                "from_url": "https:\/\/qiita.com\/charon\/items\/20eb2a3d6a199bbac028",
                "image_width": 476,
                "image_height": 250,
                "image_bytes": 50877,
                "service_icon": "https:\/\/cdn.qiita.com\/assets\/favicons\/public\/apple-touch-icon-ec5ba42a24ae923f16825592efdc356f.png",
                "id": 1,
                "original_url": "https:\/\/qiita.com\/charon\/items\/20eb2a3d6a199bbac028"
            },
            {
                "service_name": "Qiita",
                "title": "プログラマの技術情報共有サービス - Qiita",
                "title_link": "https:\/\/qiita.com\/#whats",
                "text": "Qiitaは、プログラマのための技術情報共有サービスです。 プログラミングに関するTips、ノウハウ、メモを簡単に記録 &amp; 公開することができます。",
                "fallback": "Qiita: プログラマの技術情報共有サービス - Qiita",
                "thumb_url": "https:\/\/cdn.qiita.com\/assets\/qiita-fb-fe28c64039d925349e620ba55091e078.png",
                "from_url": "https:\/\/qiita.com\/#whats",
                "thumb_width": 1200,
                "thumb_height": 630,
                "service_icon": "https:\/\/cdn.qiita.com\/assets\/favicons\/public\/apple-touch-icon-ec5ba42a24ae923f16825592efdc356f.png",
                "id": 2,
                "original_url": "https:\/\/qiita.com\/#whats"
            },
            {
                "service_name": "Qiita",
                "title": "プログラマの技術情報共有サービス - Qiita",
                "title_link": "https:\/\/qiita.com\/#aws-fargate%E3%81%A7%E3%81%AE%E3%83%87%E3%83%97%E3%83%AD%E3%82%A4%E6%96%B9%E6%B3%95",
                "text": "Qiitaは、プログラマのための技術情報共有サービスです。 プログラミングに関するTips、ノウハウ、メモを簡単に記録 &amp; 公開することができます。",
                "fallback": "Qiita: プログラマの技術情報共有サービス - Qiita",
                "thumb_url": "https:\/\/cdn.qiita.com\/assets\/qiita-fb-fe28c64039d925349e620ba55091e078.png",
                "from_url": "https:\/\/qiita.com\/#aws-fargate%E3%81%A7%E3%81%AE%E3%83%87%E3%83%97%E3%83%AD%E3%82%A4%E6%96%B9%E6%B3%95",
                "thumb_width": 1200,
                "thumb_height": 630,
                "service_icon": "https:\/\/cdn.qiita.com\/assets\/favicons\/public\/apple-touch-icon-ec5ba42a24ae923f16825592efdc356f.png",
                "id": 3,
                "original_url": "https:\/\/qiita.com\/#aws-fargate%E3%81%A7%E3%81%AE%E3%83%87%E3%83%97%E3%83%AD%E3%82%A4%E6%96%B9%E6%B3%95"
            },
            {
                "title": "Amazon ECS デプロイタイプ - Amazon Elastic Container Service",
                "title_link": "https:\/\/docs.aws.amazon.com\/ja_jp\/AmazonECS\/latest\/developerguide\/deployment-types.html",
                "text": "Amazon ECS デプロイタイプは、サービスが使用するデプロイメント戦略を決定します。デプロイタイプには、ローリング更新、Blue\/Green、外部の 3 つがあります。",
                "fallback": "Amazon ECS デプロイタイプ - Amazon Elastic Container Service",
                "from_url": "https:\/\/docs.aws.amazon.com\/ja_jp\/AmazonECS\/latest\/developerguide\/deployment-types.html",
                "service_icon": "https:\/\/docs.aws.amazon.com\/assets\/images\/favicon.ico",
                "service_name": "docs.aws.amazon.com",
                "id": 4,
                "original_url": "https:\/\/docs.aws.amazon.com\/ja_jp\/AmazonECS\/latest\/developerguide\/deployment-types.html"
            }
        ],
        "edited": {
            "user": "BG3N7LG73",
            "ts": "1591552611.000000"
        }
    },
    {
        "type": "message",
        "subtype": "bot_message",
        "text": "<https:\/\/www.reddit.com\/r\/Terraform\/comments\/gykm58\/where_can_i_find_the_list_of_necessary_iam\/|Where can I find the list of necessary IAM permissions required to run a specific AWS data source?>\nI know this could be more of an AWS question than a Terraform question, but I'm getting results for other stuff when googling due to overlapping keywords. I'm getting the Error: UnauthorizedOperation: You are not authorized to perform this operation. error on the following: data \"aws_ami\" \"ami\" { ... }  I'd appreciate it if you guys can give me a page where I can just lookup the necessary IAM permissions to add to a user\/group to execute certain AWS CLI commands\/Terraform data sources. &lt;a...",
        "ts": "1591564613.086400",
        "username": "Terraform ALL the Worlds!",
        "icons": {
            "image_48": "https:\/\/s3-us-west-2.amazonaws.com\/slack-files2\/bot_icons\/2019-02-12\/548785199618_48.png"
        },
        "bot_id": "BG3N7LG73",
        "attachments": [
            {
                "service_name": "reddit",
                "title": "Where can I find the list of necessary IAM permissions required to run a specific AWS data source?",
                "title_link": "https:\/\/www.reddit.com\/r\/Terraform\/comments\/gykm58\/where_can_i_find_the_list_of_necessary_iam\/",
                "text": "Posted in r\/Terraform by u\/grandphuba • 1 point and 2 comments",
                "fallback": "reddit: Where can I find the list of necessary IAM permissions required to run a specific AWS data source?",
                "from_url": "https:\/\/www.reddit.com\/r\/Terraform\/comments\/gykm58\/where_can_i_find_the_list_of_necessary_iam\/",
                "thumb_url": "https:\/\/external-preview.redd.it\/q7h8tmopzj351.png?overlay-align=bottom,left&crop=1200:628.272251309,smart&overlay-height=15p&overlay=%2Fwatermark%2Ft5_2u8e4.png%3Fs%3Dbfb326ca8735739e33a60abaf9a7c73bcb4a2134&width=1200&height=628.272251309&auto=webp&s=54269e9b3227d6077128c8138b5e9979f10424cb",
                "thumb_width": 130,
                "thumb_height": 60,
                "service_icon": "http:\/\/www.redditstatic.com\/desktop2x\/img\/favicon\/apple-icon-57x57.png",
                "id": 1,
                "original_url": "https:\/\/www.reddit.com\/r\/Terraform\/comments\/gykm58\/where_can_i_find_the_list_of_necessary_iam\/"
            }
        ],
        "edited": {
            "user": "BG3N7LG73",
            "ts": "1591564613.000000"
        }
    },
    {
        "type": "message",
        "subtype": "bot_message",
        "text": "<https:\/\/www.reddit.com\/r\/Terraform\/comments\/gyt65l\/refactor_terraform_code_with_modules\/|Refactor Terraform code with Modules>\nsubmitted by   <https:\/\/www.reddit.com\/user\/kshirinkin| \/u\/kshirinkin > \n<https:\/\/www.youtube.com\/watch?v=Sz2stUNL3-Q|[link]>   <https:\/\/www.reddit.com\/r\/Terraform\/comments\/gyt65l\/refactor_terraform_code_with_modules\/|[comments]>",
        "ts": "1591595811.086600",
        "username": "Terraform ALL the Worlds!",
        "icons": {
            "image_48": "https:\/\/s3-us-west-2.amazonaws.com\/slack-files2\/bot_icons\/2019-02-12\/548785199618_48.png"
        },
        "bot_id": "BG3N7LG73",
        "attachments": [
            {
                "service_name": "reddit",
                "title": "Refactor Terraform code with Modules",
                "title_link": "https:\/\/www.reddit.com\/r\/Terraform\/comments\/gyt65l\/refactor_terraform_code_with_modules\/",
                "text": "Posted in r\/Terraform by u\/kshirinkin • 1 point and 0 comments",
                "fallback": "reddit: Refactor Terraform code with Modules",
                "image_url": "https:\/\/i.ytimg.com\/vi\/Sz2stUNL3-Q\/hqdefault.jpg",
                "image_width": 333,
                "image_height": 250,
                "from_url": "https:\/\/www.reddit.com\/r\/Terraform\/comments\/gyt65l\/refactor_terraform_code_with_modules\/",
                "image_bytes": 19837,
                "service_icon": "http:\/\/www.redditstatic.com\/desktop2x\/img\/favicon\/apple-icon-57x57.png",
                "id": 1,
                "original_url": "https:\/\/www.reddit.com\/r\/Terraform\/comments\/gyt65l\/refactor_terraform_code_with_modules\/"
            },
            {
                "title": "overview for kshirinkin",
                "title_link": "https:\/\/www.reddit.com\/user\/kshirinkin",
                "text": "The u\/kshirinkin community on Reddit. Reddit gives you the best of the internet in one place.",
                "fallback": "overview for kshirinkin",
                "from_url": "https:\/\/www.reddit.com\/user\/kshirinkin",
                "service_icon": "http:\/\/www.redditstatic.com\/desktop2x\/img\/favicon\/apple-icon-57x57.png",
                "service_name": "reddit.com",
                "id": 2,
                "original_url": "https:\/\/www.reddit.com\/user\/kshirinkin"
            },
            {
                "service_name": "YouTube",
                "service_url": "https:\/\/www.youtube.com\/",
                "title": "Refactor Terraform code with Modules",
                "title_link": "https:\/\/www.youtube.com\/watch?v=Sz2stUNL3-Q",
                "author_name": "mkdev",
                "author_link": "https:\/\/www.youtube.com\/channel\/UC33pBiUW51-InqrLd0BmhMQ",
                "thumb_url": "https:\/\/i.ytimg.com\/vi\/Sz2stUNL3-Q\/hqdefault.jpg",
                "thumb_width": 480,
                "thumb_height": 360,
                "fallback": "YouTube Video: Refactor Terraform code with Modules",
                "video_html": "<iframe width=\"400\" height=\"225\" src=\"https:\/\/www.youtube.com\/embed\/Sz2stUNL3-Q?feature=oembed&autoplay=1&iv_load_policy=3\" frameborder=\"0\" allow=\"accelerometer; autoplay; encrypted-media; gyroscope; picture-in-picture\" allowfullscreen><\/iframe>",
                "video_html_width": 400,
                "video_html_height": 225,
                "from_url": "https:\/\/www.youtube.com\/watch?v=Sz2stUNL3-Q",
                "service_icon": "https:\/\/a.slack-edge.com\/80588\/img\/unfurl_icons\/youtube.png",
                "id": 3,
                "original_url": "https:\/\/www.youtube.com\/watch?v=Sz2stUNL3-Q"
            }
        ],
        "edited": {
            "user": "BG3N7LG73",
            "ts": "1591595812.000000"
        }
    }
]