[
    {
        "type": "message",
        "subtype": "bot_message",
        "text": "<https:\/\/qiita.com\/KentOhwada_AlibabaCloudJapan\/items\/33c7646d91bf40e93f3c|Alibaba Cloud + Terraformでマルチクラウド環境を構築してみる>\nアリババクラウドのパートナーのAPコミュニケーションズ様より、非常に興味深いレポートをいただきましたので共有させていただきます。本編は[こちら]のサイトでご覧ください。（<https:\/\/techblog.ap-com.co.jp\/entry\/2020\/06\/08\/165652%EF%BC%89|https:\/\/techblog.ap-com.co.jp\/entry\/2020\/06\/08\/165652）>\n\n<https:\/\/techblog.ap-com.co.jp\/info|techblogAPCについて（はじめにお読み下さい） >\n\n\n<https:\/\/qiita.com\/#%E3%81%AF%E3%81%98%E3%82%81%E3%81%AB>はじめに...",
        "ts": "1591778212.090400",
        "username": "Terraformタグが付けられた新着記事 - Qiita",
        "icons": {
            "image_36": "https:\/\/a.slack-edge.com\/80588\/img\/services\/rss_36.png",
            "image_48": "https:\/\/a.slack-edge.com\/80588\/img\/services\/rss_48.png",
            "image_72": "https:\/\/a.slack-edge.com\/80588\/img\/services\/rss_72.png"
        },
        "bot_id": "BG3N7LG73",
        "attachments": [
            {
                "service_name": "Qiita",
                "title": "Alibaba Cloud + Terraformでマルチクラウド環境を構築してみる - Qiita",
                "title_link": "https:\/\/qiita.com\/KentOhwada_AlibabaCloudJapan\/items\/33c7646d91bf40e93f3c",
                "text": "アリババクラウドのパートナーのAPコミュニケーションズ様より、非常に興味深いレポートをいただきましたので共有させていただきます。本編は[こちら]のサイトでご覧ください。（<https:\/\/techblog.ap-com.co.jp\/en>...",
                "fallback": "Qiita: Alibaba Cloud + Terraformでマルチクラウド環境を構築してみる - Qiita",
                "image_url": "https:\/\/qiita-user-contents.imgix.net\/https%3A%2F%2Fcdn.qiita.com%2Fassets%2Fpublic%2Farticle-ogp-background-1150d8b18a7c15795b701a55ae908f94.png?ixlib=rb-1.2.2&w=1200&mark=https%3A%2F%2Fqiita-user-contents.imgix.net%2F~text%3Fixlib%3Drb-1.2.2%26w%3D840%26h%3D380%26txt%3DAlibaba%2520Cloud%2520%252B%2520Terraform%25E3%2581%25A7%25E3%2583%259E%25E3%2583%25AB%25E3%2583%2581%25E3%2582%25AF%25E3%2583%25A9%25E3%2582%25A6%25E3%2583%2589%25E7%2592%25B0%25E5%25A2%2583%25E3%2582%2592%25E6%25A7%258B%25E7%25AF%2589%25E3%2581%2597%25E3%2581%25A6%25E3%2581%25BF%25E3%2582%258B%26txt-color%3D%2523333%26txt-font%3DAvenir-Black%26txt-size%3D54%26txt-clip%3Dellipsis%26txt-align%3Dcenter%252Cmiddle%26s%3D9ccab61bd60a5f6c96af1cc34133638a&mark-align=center%2Cmiddle&blend=https%3A%2F%2Fqiita-user-contents.imgix.net%2F~text%3Fixlib%3Drb-1.2.2%26w%3D840%26h%3D500%26txt%3D%2540KentOhwada_AlibabaCloudJapan%26txt-color%3D%2523333%26txt-font%3DAvenir-Black%26txt-size%3D45%26txt-align%3Dright%252Cbottom%26s%3Dc5e3437ab253ad5372c73f8f980363cb&blend-align=center%2Cmiddle&blend-mode=normal&s=9d1c080d8183ffbaebf8e25e1d66d656",
                "from_url": "https:\/\/qiita.com\/KentOhwada_AlibabaCloudJapan\/items\/33c7646d91bf40e93f3c",
                "image_width": 476,
                "image_height": 250,
                "image_bytes": 56174,
                "service_icon": "https:\/\/cdn.qiita.com\/assets\/favicons\/public\/apple-touch-icon-ec5ba42a24ae923f16825592efdc356f.png",
                "id": 1,
                "original_url": "https:\/\/qiita.com\/KentOhwada_AlibabaCloudJapan\/items\/33c7646d91bf40e93f3c"
            },
            {
                "service_name": "APC 技術ブログ",
                "title": "techblogAPCについて - APC 技術ブログ",
                "title_link": "https:\/\/techblog.ap-com.co.jp\/info",
                "text": "株式会社エーピーコミュニケーションズの公式技術ブログです。 エンジニアたちの日々の備忘録、発見したネタなど技術的な記事を中心に投稿しています。 ネットワーク、サーバ、プログラミング言語、コンテナ、仮想化、DB・・など、様々なジャンルについて書いていきます。 また、自社プロタクトについてのハウツーやお知らせについても投稿しています。 自社プロダクト ファイアウォール テスト自動化製品「NEEDLEWORK」 パロアルトネットワークス社製次世代ファイアウォールのログ可視化ツール「PALallax」 ネットワーク機器のログ可視化ツール「LForM」 ソーシャルRSSリーダー「NEIGHBORS」 お…",
                "fallback": "APC 技術ブログ: techblogAPCについて - APC 技術ブログ",
                "image_url": "https:\/\/cdn.user.blog.st-hatena.com\/default_entry_og_image\/91061897\/1530071746301521",
                "ts": 1545797949,
                "from_url": "https:\/\/techblog.ap-com.co.jp\/info",
                "image_width": 250,
                "image_height": 250,
                "image_bytes": 30838,
                "service_icon": "https:\/\/cdn.image.st-hatena.com\/image\/apple_touch_icon\/e8708487cf5ee89bc61ff2da95f542bda9ffb0f0\/version=1\/https%3A%2F%2Fcdn.user.blog.st-hatena.com%2Fblog_custom_icon%2F127579593%2F1586495900233713",
                "id": 2,
                "original_url": "https:\/\/techblog.ap-com.co.jp\/info"
            },
            {
                "service_name": "Qiita",
                "title": "プログラマの技術情報共有サービス - Qiita",
                "title_link": "https:\/\/qiita.com\/#%E3%81%AF%E3%81%98%E3%82%81%E3%81%AB",
                "text": "Qiitaは、プログラマのための技術情報共有サービスです。 プログラミングに関するTips、ノウハウ、メモを簡単に記録 &amp; 公開することができます。",
                "fallback": "Qiita: プログラマの技術情報共有サービス - Qiita",
                "thumb_url": "https:\/\/cdn.qiita.com\/assets\/qiita-fb-fe28c64039d925349e620ba55091e078.png",
                "from_url": "https:\/\/qiita.com\/#%E3%81%AF%E3%81%98%E3%82%81%E3%81%AB",
                "thumb_width": 1200,
                "thumb_height": 630,
                "service_icon": "https:\/\/cdn.qiita.com\/assets\/favicons\/public\/apple-touch-icon-ec5ba42a24ae923f16825592efdc356f.png",
                "id": 3,
                "original_url": "https:\/\/qiita.com\/#%E3%81%AF%E3%81%98%E3%82%81%E3%81%AB"
            }
        ],
        "edited": {
            "user": "BG3N7LG73",
            "ts": "1591778212.000000"
        }
    },
    {
        "type": "message",
        "subtype": "bot_message",
        "text": "<https:\/\/www.reddit.com\/r\/Terraform\/comments\/h081xe\/q_stuck_working_with_security_groups_with_oci\/|Q&gt; Stuck working with Security Groups with OCI provider>\nHi All, I've been active in deploying infrastructure, but currently am totally clueless how to handle this further on, and would like to ask for some advise on how to tackle this. The challenge might be totally OCI provider specific as I do not have any experience with AWS provider and resources. I'm working with terraform 0.12+, with the resource specified in: &lt;a...",
        "ts": "1591785410.090600",
        "username": "Terraform ALL the Worlds!",
        "icons": {
            "image_48": "https:\/\/s3-us-west-2.amazonaws.com\/slack-files2\/bot_icons\/2019-02-12\/548785199618_48.png"
        },
        "bot_id": "BG3N7LG73",
        "attachments": [
            {
                "service_name": "reddit",
                "title": "Q&gt; Stuck working with Security Groups with OCI provider",
                "title_link": "https:\/\/www.reddit.com\/r\/Terraform\/comments\/h081xe\/q_stuck_working_with_security_groups_with_oci\/",
                "text": "Hi All, I've been active in deploying infrastructure, but currently am totally clueless how to handle this further on, and would like to ask for...",
                "fallback": "reddit: Q&gt; Stuck working with Security Groups with OCI provider",
                "thumb_url": "https:\/\/www.redditstatic.com\/new-icon.png",
                "from_url": "https:\/\/www.reddit.com\/r\/Terraform\/comments\/h081xe\/q_stuck_working_with_security_groups_with_oci\/",
                "thumb_width": 256,
                "thumb_height": 256,
                "service_icon": "http:\/\/www.redditstatic.com\/desktop2x\/img\/favicon\/apple-icon-57x57.png",
                "id": 1,
                "original_url": "https:\/\/www.reddit.com\/r\/Terraform\/comments\/h081xe\/q_stuck_working_with_security_groups_with_oci\/"
            }
        ],
        "edited": {
            "user": "BG3N7LG73",
            "ts": "1591785410.000000"
        }
    },
    {
        "type": "message",
        "subtype": "bot_message",
        "text": "<https:\/\/www.reddit.com\/r\/Terraform\/comments\/h0iaal\/update_combining_transforming_two_maps\/|[UPDATE] - Combining &amp; Transforming Two Maps>\nI wanted to share solution to the question I posted here: <https:\/\/www.reddit.com\/r\/Terraform\/comments\/gvjxmo\/combining_transforming_two_maps\/|Combining & Transforming Two Maps> Basically, my problem was a lack of understanding of the for syntax and that I had a nested loop producing an additional grouping in the output that I didn't want. The solution was to break it down into multiple steps. First I used the setproduct function to create a list of all combination of versions and...",
        "ts": "1591817814.090800",
        "username": "Terraform ALL the Worlds!",
        "icons": {
            "image_48": "https:\/\/s3-us-west-2.amazonaws.com\/slack-files2\/bot_icons\/2019-02-12\/548785199618_48.png"
        },
        "bot_id": "BG3N7LG73",
        "attachments": [
            {
                "service_name": "reddit",
                "title": "[UPDATE] - Combining &amp; Transforming Two Maps",
                "title_link": "https:\/\/www.reddit.com\/r\/Terraform\/comments\/h0iaal\/update_combining_transforming_two_maps\/",
                "text": "I wanted to share solution to the question I posted here: [Combining &amp; Transforming Two...",
                "fallback": "reddit: [UPDATE] - Combining &amp; Transforming Two Maps",
                "thumb_url": "https:\/\/www.redditstatic.com\/new-icon.png",
                "from_url": "https:\/\/www.reddit.com\/r\/Terraform\/comments\/h0iaal\/update_combining_transforming_two_maps\/",
                "thumb_width": 256,
                "thumb_height": 256,
                "service_icon": "http:\/\/www.redditstatic.com\/desktop2x\/img\/favicon\/apple-icon-57x57.png",
                "id": 1,
                "original_url": "https:\/\/www.reddit.com\/r\/Terraform\/comments\/h0iaal\/update_combining_transforming_two_maps\/"
            },
            {
                "service_name": "reddit",
                "title": "Combining &amp; Transforming Two Maps",
                "title_link": "https:\/\/www.reddit.com\/r\/Terraform\/comments\/gvjxmo\/combining_transforming_two_maps\/",
                "text": "I'm trying to create a single map that I can loop through but I can't seem to output the correct structure. The output map should contain all of...",
                "fallback": "reddit: Combining &amp; Transforming Two Maps",
                "thumb_url": "https:\/\/www.redditstatic.com\/new-icon.png",
                "from_url": "https:\/\/www.reddit.com\/r\/Terraform\/comments\/gvjxmo\/combining_transforming_two_maps\/",
                "thumb_width": 256,
                "thumb_height": 256,
                "service_icon": "http:\/\/www.redditstatic.com\/desktop2x\/img\/favicon\/apple-icon-57x57.png",
                "id": 2,
                "original_url": "https:\/\/www.reddit.com\/r\/Terraform\/comments\/gvjxmo\/combining_transforming_two_maps\/"
            }
        ],
        "edited": {
            "user": "BG3N7LG73",
            "ts": "1591817815.000000"
        }
    },
    {
        "type": "message",
        "subtype": "bot_message",
        "text": "<https:\/\/www.reddit.com\/r\/Terraform\/comments\/h0liwb\/opportunities_for_engineering_leaders_to_join_the\/|Opportunities for Engineering Leaders to join the fight against Diabetes>\n<https:\/\/www.dexcom.com\/|Dexcom> is expanding its growing reputation as one of the technology leaders in diabetes management and patient satisfaction. With fiscal year 2019 revenue of $1.5 billion, Dexcom is scaling and now employs over 5,000 people worldwide. Our goal is to lead in the development of the emerging digital health space and the software that drives this modern world. At Dexcom, you will get to make a direct impact at fast-paced environment with other industry...",
        "ts": "1591827413.091000",
        "username": "Terraform ALL the Worlds!",
        "icons": {
            "image_48": "https:\/\/s3-us-west-2.amazonaws.com\/slack-files2\/bot_icons\/2019-02-12\/548785199618_48.png"
        },
        "bot_id": "BG3N7LG73",
        "attachments": [
            {
                "service_name": "reddit",
                "title": "Opportunities for Engineering Leaders to join the fight against Diabetes",
                "title_link": "https:\/\/www.reddit.com\/r\/Terraform\/comments\/h0liwb\/opportunities_for_engineering_leaders_to_join_the\/",
                "text": "[Dexcom](<https:\/\/www.dexcom.com\/>) is expanding its growing reputation as one of the technology leaders in diabetes management and patient...",
                "fallback": "reddit: Opportunities for Engineering Leaders to join the fight against Diabetes",
                "thumb_url": "https:\/\/www.redditstatic.com\/new-icon.png",
                "from_url": "https:\/\/www.reddit.com\/r\/Terraform\/comments\/h0liwb\/opportunities_for_engineering_leaders_to_join_the\/",
                "thumb_width": 256,
                "thumb_height": 256,
                "service_icon": "http:\/\/www.redditstatic.com\/desktop2x\/img\/favicon\/apple-icon-57x57.png",
                "id": 1,
                "original_url": "https:\/\/www.reddit.com\/r\/Terraform\/comments\/h0liwb\/opportunities_for_engineering_leaders_to_join_the\/"
            },
            {
                "title": "Dexcom",
                "title_link": "https:\/\/www.dexcom.com\/",
                "text": "Dexcom Continuous Glucose Monitoring - Discover smart and simple Continuous Glucose Monitoring. Designed to help diabetes patients keep track of their blood glucose levels with ease. Read about risks and benefits here.",
                "fallback": "Dexcom",
                "thumb_url": "https:\/\/www.dexcom.com\/sites\/dexcom.com\/files\/default_images\/dexcom-logo-metatag.jpg",
                "from_url": "https:\/\/www.dexcom.com\/",
                "thumb_width": 1200,
                "thumb_height": 630,
                "service_icon": "https:\/\/www.dexcom.com\/sites\/dexcom.com\/files\/favicons\/apple-touch-icon.png",
                "service_name": "dexcom.com",
                "id": 2,
                "original_url": "https:\/\/www.dexcom.com\/"
            }
        ],
        "edited": {
            "user": "BG3N7LG73",
            "ts": "1591827413.000000"
        }
    },
    {
        "type": "message",
        "subtype": "bot_message",
        "text": "<https:\/\/qiita.com\/keiichi-hikita\/items\/ae8d3fe319b2f2da0828|TerraformのProvider Official化 もうすぐ完了しそうです>\n<https:\/\/qiita.com\/#%E3%81%AF%E3%81%98%E3%82%81%E3%81%AB>はじめに\n\n以前 <https:\/\/qiita.com\/keiichi-hikita\/items\/d55c1e7b864a9245b83f|TerraformのProvider Official化 はじめてみました> 記事を書いたのでその続きです。\n\n弊社のサービスである <https:\/\/www.ntt.com\/business\/services\/cloud\/iaas\/enterprise-cloud.html|Enterprise Cloud 2.0> のProviderをOfficial化しようとしていて、ほぼその目処がついたので、そこまでにどんな流れがあったのかをまとめてみようと思います。\n\n\n&lt;a...",
        "ts": "1591837012.091200",
        "username": "Terraformタグが付けられた新着記事 - Qiita",
        "icons": {
            "image_36": "https:\/\/a.slack-edge.com\/80588\/img\/services\/rss_36.png",
            "image_48": "https:\/\/a.slack-edge.com\/80588\/img\/services\/rss_48.png",
            "image_72": "https:\/\/a.slack-edge.com\/80588\/img\/services\/rss_72.png"
        },
        "bot_id": "BG3N7LG73",
        "attachments": [
            {
                "service_name": "Qiita",
                "title": "TerraformのProvider Official化 もうすぐ完了しそうです - Qiita",
                "title_link": "https:\/\/qiita.com\/keiichi-hikita\/items\/ae8d3fe319b2f2da0828",
                "text": "はじめに 以前 TerraformのProvider Official化 はじめてみました 記事を書いたのでその続きです。 弊社のサービスである Enterprise Cloud 2.0 のProviderをOfficial化...",
                "fallback": "Qiita: TerraformのProvider Official化 もうすぐ完了しそうです - Qiita",
                "image_url": "https:\/\/qiita-user-contents.imgix.net\/https%3A%2F%2Fcdn.qiita.com%2Fassets%2Fpublic%2Farticle-ogp-background-1150d8b18a7c15795b701a55ae908f94.png?ixlib=rb-1.2.2&w=1200&mark=https%3A%2F%2Fqiita-user-contents.imgix.net%2F~text%3Fixlib%3Drb-1.2.2%26w%3D840%26h%3D380%26txt%3DTerraform%25E3%2581%25AEProvider%2520Official%25E5%258C%2596%2520%25E3%2582%2582%25E3%2581%2586%25E3%2581%2599%25E3%2581%2590%25E5%25AE%258C%25E4%25BA%2586%25E3%2581%2597%25E3%2581%259D%25E3%2581%2586%25E3%2581%25A7%25E3%2581%2599%26txt-color%3D%2523333%26txt-font%3DAvenir-Black%26txt-size%3D54%26txt-clip%3Dellipsis%26txt-align%3Dcenter%252Cmiddle%26s%3D36481df773e1ee5c2e96053bfa72170d&mark-align=center%2Cmiddle&blend=https%3A%2F%2Fqiita-user-contents.imgix.net%2F~text%3Fixlib%3Drb-1.2.2%26w%3D840%26h%3D500%26txt%3D%2540keiichi-hikita%26txt-color%3D%2523333%26txt-font%3DAvenir-Black%26txt-size%3D45%26txt-align%3Dright%252Cbottom%26s%3D4dffef88d2f3b1d281ed8c9d60582374&blend-align=center%2Cmiddle&blend-mode=normal&s=c8fed737ba3da223271f2fe86e937051",
                "from_url": "https:\/\/qiita.com\/keiichi-hikita\/items\/ae8d3fe319b2f2da0828",
                "image_width": 476,
                "image_height": 250,
                "image_bytes": 42936,
                "service_icon": "https:\/\/cdn.qiita.com\/assets\/favicons\/public\/apple-touch-icon-ec5ba42a24ae923f16825592efdc356f.png",
                "id": 1,
                "original_url": "https:\/\/qiita.com\/keiichi-hikita\/items\/ae8d3fe319b2f2da0828"
            },
            {
                "service_name": "Qiita",
                "title": "プログラマの技術情報共有サービス - Qiita",
                "title_link": "https:\/\/qiita.com\/#%E3%81%AF%E3%81%98%E3%82%81%E3%81%AB",
                "text": "Qiitaは、プログラマのための技術情報共有サービスです。 プログラミングに関するTips、ノウハウ、メモを簡単に記録 &amp; 公開することができます。",
                "fallback": "Qiita: プログラマの技術情報共有サービス - Qiita",
                "thumb_url": "https:\/\/cdn.qiita.com\/assets\/qiita-fb-fe28c64039d925349e620ba55091e078.png",
                "from_url": "https:\/\/qiita.com\/#%E3%81%AF%E3%81%98%E3%82%81%E3%81%AB",
                "thumb_width": 1200,
                "thumb_height": 630,
                "service_icon": "https:\/\/cdn.qiita.com\/assets\/favicons\/public\/apple-touch-icon-ec5ba42a24ae923f16825592efdc356f.png",
                "id": 2,
                "original_url": "https:\/\/qiita.com\/#%E3%81%AF%E3%81%98%E3%82%81%E3%81%AB"
            },
            {
                "service_name": "Qiita",
                "title": "TerraformのProvider Official化 はじめてみました - Qiita",
                "title_link": "https:\/\/qiita.com\/keiichi-hikita\/items\/d55c1e7b864a9245b83f",
                "text": "はじめに 自社サービスの Enterprise Cloud について、僕らのチームでTerraform用のCommunity Providerを公開しています。 <https:\/\/github.com\/nttcom\/terraf>...",
                "fallback": "Qiita: TerraformのProvider Official化 はじめてみました - Qiita",
                "image_url": "https:\/\/qiita-user-contents.imgix.net\/https%3A%2F%2Fcdn.qiita.com%2Fassets%2Fpublic%2Farticle-ogp-background-1150d8b18a7c15795b701a55ae908f94.png?ixlib=rb-1.2.2&w=1200&mark=https%3A%2F%2Fqiita-user-contents.imgix.net%2F~text%3Fixlib%3Drb-1.2.2%26w%3D840%26h%3D380%26txt%3DTerraform%25E3%2581%25AEProvider%2520Official%25E5%258C%2596%2520%25E3%2581%25AF%25E3%2581%2598%25E3%2582%2581%25E3%2581%25A6%25E3%2581%25BF%25E3%2581%25BE%25E3%2581%2597%25E3%2581%259F%26txt-color%3D%2523333%26txt-font%3DAvenir-Black%26txt-size%3D54%26txt-clip%3Dellipsis%26txt-align%3Dcenter%252Cmiddle%26s%3D073ab57a13b00a0ab63dee2682e5d574&mark-align=center%2Cmiddle&blend=https%3A%2F%2Fqiita-user-contents.imgix.net%2F~text%3Fixlib%3Drb-1.2.2%26w%3D840%26h%3D500%26txt%3D%2540keiichi-hikita%26txt-color%3D%2523333%26txt-font%3DAvenir-Black%26txt-size%3D45%26txt-align%3Dright%252Cbottom%26s%3D4dffef88d2f3b1d281ed8c9d60582374&blend-align=center%2Cmiddle&blend-mode=normal&s=3e04cca459fe4aba9310c504b13af593",
                "from_url": "https:\/\/qiita.com\/keiichi-hikita\/items\/d55c1e7b864a9245b83f",
                "image_width": 476,
                "image_height": 250,
                "image_bytes": 42177,
                "service_icon": "https:\/\/cdn.qiita.com\/assets\/favicons\/public\/apple-touch-icon-ec5ba42a24ae923f16825592efdc356f.png",
                "id": 3,
                "original_url": "https:\/\/qiita.com\/keiichi-hikita\/items\/d55c1e7b864a9245b83f"
            },
            {
                "title": "Enterprise Cloud | NTTコミュニケーションズ 法人のお客さま",
                "title_link": "https:\/\/www.ntt.com\/business\/services\/cloud\/iaas\/enterprise-cloud.html",
                "text": "NTTコミュニケーションズが提供するグローバルクラウドサービス「Enterprise Cloud」をご紹介します。",
                "fallback": "Enterprise Cloud | NTTコミュニケーションズ 法人のお客さま",
                "from_url": "https:\/\/www.ntt.com\/business\/services\/cloud\/iaas\/enterprise-cloud.html",
                "service_icon": "https:\/\/www.ntt.com\/favicon.ico",
                "service_name": "ntt.com",
                "id": 4,
                "original_url": "https:\/\/www.ntt.com\/business\/services\/cloud\/iaas\/enterprise-cloud.html"
            }
        ],
        "edited": {
            "user": "BG3N7LG73",
            "ts": "1591837012.000000"
        }
    },
    {
        "type": "message",
        "subtype": "bot_message",
        "text": "<https:\/\/www.reddit.com\/r\/Terraform\/comments\/h0pi4e\/the_craziest_terraform_for_each_ive_ever_written\/|The Craziest Terraform for_each I've Ever Written>\nsubmitted by   <https:\/\/www.reddit.com\/user\/jimanders223| \/u\/jimanders223 > \n<http:\/\/janders223.com\/posts\/terraform-for-each\/|[link]>   <https:\/\/www.reddit.com\/r\/Terraform\/comments\/h0pi4e\/the_craziest_terraform_for_each_ive_ever_written\/|[comments]>",
        "ts": "1591840611.091400",
        "username": "Terraform ALL the Worlds!",
        "icons": {
            "image_48": "https:\/\/s3-us-west-2.amazonaws.com\/slack-files2\/bot_icons\/2019-02-12\/548785199618_48.png"
        },
        "bot_id": "BG3N7LG73",
        "attachments": [
            {
                "service_name": "reddit",
                "title": "The Craziest Terraform for_each I've Ever Written",
                "title_link": "https:\/\/www.reddit.com\/r\/Terraform\/comments\/h0pi4e\/the_craziest_terraform_for_each_ive_ever_written\/",
                "text": "Posted in r\/Terraform by u\/jimanders223 • 1 point and 0 comments",
                "fallback": "reddit: The Craziest Terraform for_each I've Ever Written",
                "thumb_url": "https:\/\/b.thumbs.redditmedia.com\/BOXosX3HtDWTZvC1E0jpHdjJl564CYcasOibrlhhEWM.jpg",
                "from_url": "https:\/\/www.reddit.com\/r\/Terraform\/comments\/h0pi4e\/the_craziest_terraform_for_each_ive_ever_written\/",
                "thumb_width": 70,
                "thumb_height": 70,
                "service_icon": "http:\/\/www.redditstatic.com\/desktop2x\/img\/favicon\/apple-icon-57x57.png",
                "id": 1,
                "original_url": "https:\/\/www.reddit.com\/r\/Terraform\/comments\/h0pi4e\/the_craziest_terraform_for_each_ive_ever_written\/"
            },
            {
                "title": "overview for jimanders223",
                "title_link": "https:\/\/www.reddit.com\/user\/jimanders223",
                "text": "The u\/jimanders223 community on Reddit. Reddit gives you the best of the internet in one place.",
                "fallback": "overview for jimanders223",
                "from_url": "https:\/\/www.reddit.com\/user\/jimanders223",
                "service_icon": "http:\/\/www.redditstatic.com\/desktop2x\/img\/favicon\/apple-icon-57x57.png",
                "service_name": "reddit.com",
                "id": 2,
                "original_url": "https:\/\/www.reddit.com\/user\/jimanders223"
            },
            {
                "title": "The Craziest Terraform for_each I've Ever Written",
                "title_link": "http:\/\/janders223.com\/posts\/terraform-for-each\/",
                "text": "Today I set out on a mission to refactor some code that has been bothering me for some time. The verbosity of terraform code often often bothers me and I always look for opportunities to DRY up my code. The particular code of interest here is deploying multiple instances of virtual machines into multiple resource groups in Azure. The first iteration looked something similar to the following. resource \"azurerm_linux_virtual_machine\" \"myvm\" { count = var.",
                "fallback": "The Craziest Terraform for_each I've Ever Written",
                "thumb_url": "http:\/\/janders223.com\/\/img\/avatar.jpg",
                "ts": 1591761600,
                "from_url": "http:\/\/janders223.com\/posts\/terraform-for-each\/",
                "thumb_width": 128,
                "thumb_height": 128,
                "service_icon": "http:\/\/janders223.com\/img\/favicon.ico",
                "service_name": "janders223.com",
                "id": 3,
                "original_url": "http:\/\/janders223.com\/posts\/terraform-for-each\/"
            }
        ],
        "edited": {
            "user": "BG3N7LG73",
            "ts": "1591840611.000000"
        }
    },
    {
        "type": "message",
        "subtype": "bot_message",
        "text": "<https:\/\/qiita.com\/hiroyuki_onodera\/items\/01d8c19ee646817c629d|terraformにおいてarrayをfor_eachでloopさせ、リソースを作成する例>\n例えば以下の様なarrayに対応する複数リソースの作成を考える\n\n{\n  \"locals\": {\n    \"addresses\": [\n      {\n        \"ip\": \"aaa.aaa.aaa.aaa\",\n        \"network_name\": \"net-0\"\n      },\n      {\n        \"ip\": \"bbb.bbb.bbb.bbb\",\n        \"network_name\": \"net-1\"\n      }\n    ]\n  }\n}\n\n\n\n<https:\/\/qiita.com\/#count>count\n\ncountを用いると tf.json ファイルは以下の様な感じ\n\n{\n  \"resource\": {\n    \"local_file\": {\n      \"ip\": {\n        \"count\": \"${length(local.addresses)}\",\n        \"content\": \"${local.addresses[count.index].ip}\",...",
        "ts": "1591840611.091500",
        "username": "Terraformタグが付けられた新着記事 - Qiita",
        "icons": {
            "image_36": "https:\/\/a.slack-edge.com\/80588\/img\/services\/rss_36.png",
            "image_48": "https:\/\/a.slack-edge.com\/80588\/img\/services\/rss_48.png",
            "image_72": "https:\/\/a.slack-edge.com\/80588\/img\/services\/rss_72.png"
        },
        "bot_id": "BG3N7LG73",
        "attachments": [
            {
                "service_name": "Qiita",
                "title": "terraformにおいてarrayをfor_eachでloopさせ、リソースを作成する例 - Qiita",
                "title_link": "https:\/\/qiita.com\/hiroyuki_onodera\/items\/01d8c19ee646817c629d",
                "text": "例えば以下の様なarrayに対応する複数リソースの作成を考える { \"locals\": { \"addresses\": [ { \"ip\": \"aaa.aaa.aaa.aaa\", ...",
                "fallback": "Qiita: terraformにおいてarrayをfor_eachでloopさせ、リソースを作成する例 - Qiita",
                "image_url": "https:\/\/qiita-user-contents.imgix.net\/https%3A%2F%2Fcdn.qiita.com%2Fassets%2Fpublic%2Farticle-ogp-background-1150d8b18a7c15795b701a55ae908f94.png?ixlib=rb-1.2.2&w=1200&mark=https%3A%2F%2Fqiita-user-contents.imgix.net%2F~text%3Fixlib%3Drb-1.2.2%26w%3D840%26h%3D380%26txt%3Dterraform%25E3%2581%25AB%25E3%2581%258A%25E3%2581%2584%25E3%2581%25A6array%25E3%2582%2592for_each%25E3%2581%25A7loop%25E3%2581%2595%25E3%2581%259B%25E3%2580%2581%25E3%2583%25AA%25E3%2582%25BD%25E3%2583%25BC%25E3%2582%25B9%25E3%2582%2592%25E4%25BD%259C%25E6%2588%2590%25E3%2581%2599%25E3%2582%258B%25E4%25BE%258B%26txt-color%3D%2523333%26txt-font%3DAvenir-Black%26txt-size%3D54%26txt-clip%3Dellipsis%26txt-align%3Dcenter%252Cmiddle%26s%3D7bfe26d9913fda78cfa47ef2a2cfd46a&mark-align=center%2Cmiddle&blend=https%3A%2F%2Fqiita-user-contents.imgix.net%2F~text%3Fixlib%3Drb-1.2.2%26w%3D840%26h%3D500%26txt%3D%2540hiroyuki_onodera%26txt-color%3D%2523333%26txt-font%3DAvenir-Black%26txt-size%3D45%26txt-align%3Dright%252Cbottom%26s%3Dd61bdbfd7f6575b519b4339b79d9774e&blend-align=center%2Cmiddle&blend-mode=normal&s=054297b8cc92488bff51b2e38aa88e34",
                "from_url": "https:\/\/qiita.com\/hiroyuki_onodera\/items\/01d8c19ee646817c629d",
                "image_width": 476,
                "image_height": 250,
                "image_bytes": 56493,
                "service_icon": "https:\/\/cdn.qiita.com\/assets\/favicons\/public\/apple-touch-icon-ec5ba42a24ae923f16825592efdc356f.png",
                "id": 1,
                "original_url": "https:\/\/qiita.com\/hiroyuki_onodera\/items\/01d8c19ee646817c629d"
            },
            {
                "service_name": "Qiita",
                "title": "プログラマの技術情報共有サービス - Qiita",
                "title_link": "https:\/\/qiita.com\/#count",
                "text": "Qiitaは、プログラマのための技術情報共有サービスです。 プログラミングに関するTips、ノウハウ、メモを簡単に記録 &amp; 公開することができます。",
                "fallback": "Qiita: プログラマの技術情報共有サービス - Qiita",
                "thumb_url": "https:\/\/cdn.qiita.com\/assets\/qiita-fb-fe28c64039d925349e620ba55091e078.png",
                "from_url": "https:\/\/qiita.com\/#count",
                "thumb_width": 1200,
                "thumb_height": 630,
                "service_icon": "https:\/\/cdn.qiita.com\/assets\/favicons\/public\/apple-touch-icon-ec5ba42a24ae923f16825592efdc356f.png",
                "id": 2,
                "original_url": "https:\/\/qiita.com\/#count"
            }
        ],
        "edited": {
            "user": "BG3N7LG73",
            "ts": "1591840611.000000"
        }
    },
    {
        "type": "message",
        "subtype": "bot_message",
        "text": "<https:\/\/qiita.com\/digitalpeak\/items\/04a5d046dc1ab6222dcf|[Terraform]同一リソース内で複数作成する場合、countよりfor_eachを使う>\nTerraform 0.12以前はcount-functionとcidrsubnet-functionを使用してネットワークを作成していましたが、ネットワークに変更が入るときにリソースが再作成されてしまう問題がありました。また、可読性も落ちます。HCL2ではfor_eachを使うことで可読性を上げ、既存リソースに影響が出ないようにリファクタリングできます。\n\n\n<https:\/\/qiita.com\/#count>count\n\n<https:\/\/www.terraform.io\/intro\/examples\/count.html|https:\/\/www.terraform.io\/intro\/examples\/count.html>\n\nリソースのcountパラメーターを使用すると、構成を単純化し、単純に数値を増加させることによってリソースを拡張することができます。\n\n\n<http:\/\/aws_instance.tf|aws_instance.tf>\nresource...",
        "ts": "1591844212.091800",
        "username": "Terraformタグが付けられた新着記事 - Qiita",
        "icons": {
            "image_36": "https:\/\/a.slack-edge.com\/80588\/img\/services\/rss_36.png",
            "image_48": "https:\/\/a.slack-edge.com\/80588\/img\/services\/rss_48.png",
            "image_72": "https:\/\/a.slack-edge.com\/80588\/img\/services\/rss_72.png"
        },
        "bot_id": "BG3N7LG73",
        "attachments": [
            {
                "service_name": "Qiita",
                "title": "[Terraform]同一リソース内で複数作成する場合、countよりfor_eachを使う - Qiita",
                "title_link": "https:\/\/qiita.com\/digitalpeak\/items\/04a5d046dc1ab6222dcf",
                "text": "Terraform 0.12以前はcount-functionとcidrsubnet-functionを使用してネットワークを作成していましたが、ネットワークに変更が入るときにリソースが再作成されてしまう問題がありました。また、可読性...",
                "fallback": "Qiita: [Terraform]同一リソース内で複数作成する場合、countよりfor_eachを使う - Qiita",
                "image_url": "https:\/\/qiita-user-contents.imgix.net\/https%3A%2F%2Fcdn.qiita.com%2Fassets%2Fpublic%2Farticle-ogp-background-1150d8b18a7c15795b701a55ae908f94.png?ixlib=rb-1.2.2&w=1200&mark=https%3A%2F%2Fqiita-user-contents.imgix.net%2F~text%3Fixlib%3Drb-1.2.2%26w%3D840%26h%3D380%26txt%3D%255BTerraform%255D%25E5%2590%258C%25E4%25B8%2580%25E3%2583%25AA%25E3%2582%25BD%25E3%2583%25BC%25E3%2582%25B9%25E5%2586%2585%25E3%2581%25A7%25E8%25A4%2587%25E6%2595%25B0%25E4%25BD%259C%25E6%2588%2590%25E3%2581%2599%25E3%2582%258B%25E5%25A0%25B4%25E5%2590%2588%25E3%2580%2581count%25E3%2582%2588%25E3%2582%258Afor_each%25E3%2582%2592%25E4%25BD%25BF%25E3%2581%2586%26txt-color%3D%2523333%26txt-font%3DAvenir-Black%26txt-size%3D54%26txt-clip%3Dellipsis%26txt-align%3Dcenter%252Cmiddle%26s%3D6bca3cb2b50fd4cb864c6bcc249be8d2&mark-align=center%2Cmiddle&blend=https%3A%2F%2Fqiita-user-contents.imgix.net%2F~text%3Fixlib%3Drb-1.2.2%26w%3D840%26h%3D500%26txt%3D%2540digitalpeak%26txt-color%3D%2523333%26txt-font%3DAvenir-Black%26txt-size%3D45%26txt-align%3Dright%252Cbottom%26s%3Dd85bbf2cc5d000210c79b61be42ca227&blend-align=center%2Cmiddle&blend-mode=normal&s=54777a9ff324b65d3252e381dda36fcd",
                "from_url": "https:\/\/qiita.com\/digitalpeak\/items\/04a5d046dc1ab6222dcf",
                "image_width": 476,
                "image_height": 250,
                "image_bytes": 60278,
                "service_icon": "https:\/\/cdn.qiita.com\/assets\/favicons\/public\/apple-touch-icon-ec5ba42a24ae923f16825592efdc356f.png",
                "id": 1,
                "original_url": "https:\/\/qiita.com\/digitalpeak\/items\/04a5d046dc1ab6222dcf"
            },
            {
                "service_name": "Qiita",
                "title": "プログラマの技術情報共有サービス - Qiita",
                "title_link": "https:\/\/qiita.com\/#count",
                "text": "Qiitaは、プログラマのための技術情報共有サービスです。 プログラミングに関するTips、ノウハウ、メモを簡単に記録 &amp; 公開することができます。",
                "fallback": "Qiita: プログラマの技術情報共有サービス - Qiita",
                "thumb_url": "https:\/\/cdn.qiita.com\/assets\/qiita-fb-fe28c64039d925349e620ba55091e078.png",
                "from_url": "https:\/\/qiita.com\/#count",
                "thumb_width": 1200,
                "thumb_height": 630,
                "service_icon": "https:\/\/cdn.qiita.com\/assets\/favicons\/public\/apple-touch-icon-ec5ba42a24ae923f16825592efdc356f.png",
                "id": 2,
                "original_url": "https:\/\/qiita.com\/#count"
            },
            {
                "service_name": "Terraform by HashiCorp",
                "title": "Count - Terraform by HashiCorp",
                "title_link": "https:\/\/www.terraform.io\/intro\/examples\/count.html",
                "text": "The count parameter on resources can simplify configurations and let you scale resources by simply incrementing a number.",
                "fallback": "Terraform by HashiCorp: Count - Terraform by HashiCorp",
                "image_url": "https:\/\/www.terraform.io\/assets\/images\/og-image-large-e60c82fe.png",
                "from_url": "https:\/\/www.terraform.io\/intro\/examples\/count.html",
                "image_width": 476,
                "image_height": 250,
                "image_bytes": 11094,
                "service_icon": "https:\/\/www.terraform.io\/assets\/images\/favicons\/apple-touch-icon-13180a24.png",
                "id": 3,
                "original_url": "https:\/\/www.terraform.io\/intro\/examples\/count.html"
            }
        ],
        "edited": {
            "user": "BG3N7LG73",
            "ts": "1591844212.000000"
        }
    },
    {
        "type": "message",
        "subtype": "bot_message",
        "text": "<https:\/\/qiita.com\/digitalpeak\/items\/d7c8931316c8cdddb491|CloudWatch Eventsでサーバの起動管理を行う>\n任意のタイミングでサーバ起動・停止できる仕組みとしてAWSSimpleConsoleがあります。\n<https:\/\/github.com\/mokemokechicken\/AWSSimpleConsole|https:\/\/github.com\/mokemokechicken\/AWSSimpleConsole>\n\nただ、dockerの使用やElasticBeanstalkでの起動管理など、新しい仕組みを取り入れていく環境の中で、AWSSimpleConsoleで運用するサーバも数台になったことから、今回、CloudWatchのEvents機能を利用した起動制御にリプレイスしました。\nまた、マネージメントコンソールにおける表示と設定についても注意点がありますので記述します。\n\n\n<https:\/\/qiita.com\/#%E8%A6%81%E4%BB%B6>要件...",
        "ts": "1591844212.091900",
        "username": "Terraformタグが付けられた新着記事 - Qiita",
        "icons": {
            "image_36": "https:\/\/a.slack-edge.com\/80588\/img\/services\/rss_36.png",
            "image_48": "https:\/\/a.slack-edge.com\/80588\/img\/services\/rss_48.png",
            "image_72": "https:\/\/a.slack-edge.com\/80588\/img\/services\/rss_72.png"
        },
        "bot_id": "BG3N7LG73",
        "attachments": [
            {
                "service_name": "Qiita",
                "title": "CloudWatch Eventsでサーバの起動管理を行う - Qiita",
                "title_link": "https:\/\/qiita.com\/digitalpeak\/items\/d7c8931316c8cdddb491",
                "text": "任意のタイミングでサーバ起動・停止できる仕組みとしてAWSSimpleConsoleがあります。 <https:\/\/github.com\/mokemokechicken\/AWSSimpleConsole> ただ、dockerの使用やEl...",
                "fallback": "Qiita: CloudWatch Eventsでサーバの起動管理を行う - Qiita",
                "image_url": "https:\/\/qiita-user-contents.imgix.net\/https%3A%2F%2Fcdn.qiita.com%2Fassets%2Fpublic%2Farticle-ogp-background-1150d8b18a7c15795b701a55ae908f94.png?ixlib=rb-1.2.2&w=1200&mark=https%3A%2F%2Fqiita-user-contents.imgix.net%2F~text%3Fixlib%3Drb-1.2.2%26w%3D840%26h%3D380%26txt%3DCloudWatch%2520Events%25E3%2581%25A7%25E3%2582%25B5%25E3%2583%25BC%25E3%2583%2590%25E3%2581%25AE%25E8%25B5%25B7%25E5%258B%2595%25E7%25AE%25A1%25E7%2590%2586%25E3%2582%2592%25E8%25A1%258C%25E3%2581%2586%26txt-color%3D%2523333%26txt-font%3DAvenir-Black%26txt-size%3D54%26txt-clip%3Dellipsis%26txt-align%3Dcenter%252Cmiddle%26s%3De86a9ad8d944d3a70ca9197c271924c2&mark-align=center%2Cmiddle&blend=https%3A%2F%2Fqiita-user-contents.imgix.net%2F~text%3Fixlib%3Drb-1.2.2%26w%3D840%26h%3D500%26txt%3D%2540digitalpeak%26txt-color%3D%2523333%26txt-font%3DAvenir-Black%26txt-size%3D45%26txt-align%3Dright%252Cbottom%26s%3Dd85bbf2cc5d000210c79b61be42ca227&blend-align=center%2Cmiddle&blend-mode=normal&s=1ef63e999eec3d30a2c80127c9f399ed",
                "from_url": "https:\/\/qiita.com\/digitalpeak\/items\/d7c8931316c8cdddb491",
                "image_width": 476,
                "image_height": 250,
                "image_bytes": 45496,
                "service_icon": "https:\/\/cdn.qiita.com\/assets\/favicons\/public\/apple-touch-icon-ec5ba42a24ae923f16825592efdc356f.png",
                "id": 1,
                "original_url": "https:\/\/qiita.com\/digitalpeak\/items\/d7c8931316c8cdddb491"
            },
            {
                "service_name": "GitHub",
                "title": "mokemokechicken\/AWSSimpleConsole",
                "title_link": "https:\/\/github.com\/mokemokechicken\/AWSSimpleConsole",
                "text": "Amazon Web Service's EC2 SImple Console that can start\/stop and scheduled start\/stop. - mokemokechicken\/AWSSimpleConsole",
                "fallback": "GitHub: mokemokechicken\/AWSSimpleConsole",
                "thumb_url": "https:\/\/avatars3.githubusercontent.com\/u\/606549?s=400&v=4",
                "from_url": "https:\/\/github.com\/mokemokechicken\/AWSSimpleConsole",
                "thumb_width": 320,
                "thumb_height": 320,
                "service_icon": "https:\/\/a.slack-edge.com\/80588\/img\/unfurl_icons\/github.png",
                "id": 2,
                "original_url": "https:\/\/github.com\/mokemokechicken\/AWSSimpleConsole"
            },
            {
                "service_name": "Qiita",
                "title": "プログラマの技術情報共有サービス - Qiita",
                "title_link": "https:\/\/qiita.com\/#%E8%A6%81%E4%BB%B6",
                "text": "Qiitaは、プログラマのための技術情報共有サービスです。 プログラミングに関するTips、ノウハウ、メモを簡単に記録 &amp; 公開することができます。",
                "fallback": "Qiita: プログラマの技術情報共有サービス - Qiita",
                "thumb_url": "https:\/\/cdn.qiita.com\/assets\/qiita-fb-fe28c64039d925349e620ba55091e078.png",
                "from_url": "https:\/\/qiita.com\/#%E8%A6%81%E4%BB%B6",
                "thumb_width": 1200,
                "thumb_height": 630,
                "service_icon": "https:\/\/cdn.qiita.com\/assets\/favicons\/public\/apple-touch-icon-ec5ba42a24ae923f16825592efdc356f.png",
                "id": 3,
                "original_url": "https:\/\/qiita.com\/#%E8%A6%81%E4%BB%B6"
            }
        ],
        "edited": {
            "user": "BG3N7LG73",
            "ts": "1591844212.000000"
        }
    },
    {
        "type": "message",
        "subtype": "bot_message",
        "text": "<https:\/\/qiita.com\/hiroyuki_onodera\/items\/9ca21c80920f1177be7b|terraformのtfファイルをJSON(やYAML)で管理する>\n個人的な感想としては、JSONファイルは、人間が編集して使用するには向いていない。terraform の tfファイル(HCL)は、やや人に優しくなっているが、YAMLほどではない。\nつまり、何が言いたいかというと、terraformの管理をYAMLでやりたい。\n\n\n<https:\/\/qiita.com\/#terraform%E3%81%AEtf%E3%83%95%E3%82%A1%E3%82%A4%E3%83%AB%E3%81%AFjson%E3%81%A7%E3%82%82%E6%9B%B8%E3%81%91%E3%82%8B>terraformのtfファイルはJSONでも書ける\n\n&lt;a href=\"<https:\/\/www.terraform.io\/docs\/configuration\/syntax-json.html>\" class=\"autolink\" rel=\"nofollow noopener\"...",
        "ts": "1591847811.092200",
        "username": "Terraformタグが付けられた新着記事 - Qiita",
        "icons": {
            "image_36": "https:\/\/a.slack-edge.com\/80588\/img\/services\/rss_36.png",
            "image_48": "https:\/\/a.slack-edge.com\/80588\/img\/services\/rss_48.png",
            "image_72": "https:\/\/a.slack-edge.com\/80588\/img\/services\/rss_72.png"
        },
        "bot_id": "BG3N7LG73",
        "attachments": [
            {
                "service_name": "Qiita",
                "title": "terraformのtfファイルをJSON(やYAML)で管理する - Qiita",
                "title_link": "https:\/\/qiita.com\/hiroyuki_onodera\/items\/9ca21c80920f1177be7b",
                "text": "個人的な感想としては、JSONファイルは、人間が編集して使用するには向いていない。terraform の tfファイル(HCL)は、やや人に優しくなっているが、YAMLほどではない。 つまり、何が言いたいかというと、terraform...",
                "fallback": "Qiita: terraformのtfファイルをJSON(やYAML)で管理する - Qiita",
                "image_url": "https:\/\/qiita-user-contents.imgix.net\/https%3A%2F%2Fcdn.qiita.com%2Fassets%2Fpublic%2Farticle-ogp-background-1150d8b18a7c15795b701a55ae908f94.png?ixlib=rb-1.2.2&w=1200&mark=https%3A%2F%2Fqiita-user-contents.imgix.net%2F~text%3Fixlib%3Drb-1.2.2%26w%3D840%26h%3D380%26txt%3Dterraform%25E3%2581%25AEtf%25E3%2583%2595%25E3%2582%25A1%25E3%2582%25A4%25E3%2583%25AB%25E3%2582%2592JSON%2528%25E3%2582%2584YAML%2529%25E3%2581%25A7%25E7%25AE%25A1%25E7%2590%2586%25E3%2581%2599%25E3%2582%258B%26txt-color%3D%2523333%26txt-font%3DAvenir-Black%26txt-size%3D54%26txt-clip%3Dellipsis%26txt-align%3Dcenter%252Cmiddle%26s%3D8fcebdbe41f7e1d0b697a04afa2fbc7d&mark-align=center%2Cmiddle&blend=https%3A%2F%2Fqiita-user-contents.imgix.net%2F~text%3Fixlib%3Drb-1.2.2%26w%3D840%26h%3D500%26txt%3D%2540hiroyuki_onodera%26txt-color%3D%2523333%26txt-font%3DAvenir-Black%26txt-size%3D45%26txt-align%3Dright%252Cbottom%26s%3Dd61bdbfd7f6575b519b4339b79d9774e&blend-align=center%2Cmiddle&blend-mode=normal&s=c372e7ac1a02d11f3abe62eb639da75f",
                "from_url": "https:\/\/qiita.com\/hiroyuki_onodera\/items\/9ca21c80920f1177be7b",
                "image_width": 476,
                "image_height": 250,
                "image_bytes": 48813,
                "service_icon": "https:\/\/cdn.qiita.com\/assets\/favicons\/public\/apple-touch-icon-ec5ba42a24ae923f16825592efdc356f.png",
                "id": 1,
                "original_url": "https:\/\/qiita.com\/hiroyuki_onodera\/items\/9ca21c80920f1177be7b"
            },
            {
                "service_name": "Qiita",
                "title": "プログラマの技術情報共有サービス - Qiita",
                "title_link": "https:\/\/qiita.com\/#terraform%E3%81%AEtf%E3%83%95%E3%82%A1%E3%82%A4%E3%83%AB%E3%81%AFjson%E3%81%A7%E3%82%82%E6%9B%B8%E3%81%91%E3%82%8B",
                "text": "Qiitaは、プログラマのための技術情報共有サービスです。 プログラミングに関するTips、ノウハウ、メモを簡単に記録 &amp; 公開することができます。",
                "fallback": "Qiita: プログラマの技術情報共有サービス - Qiita",
                "thumb_url": "https:\/\/cdn.qiita.com\/assets\/qiita-fb-fe28c64039d925349e620ba55091e078.png",
                "from_url": "https:\/\/qiita.com\/#terraform%E3%81%AEtf%E3%83%95%E3%82%A1%E3%82%A4%E3%83%AB%E3%81%AFjson%E3%81%A7%E3%82%82%E6%9B%B8%E3%81%91%E3%82%8B",
                "thumb_width": 1200,
                "thumb_height": 630,
                "service_icon": "https:\/\/cdn.qiita.com\/assets\/favicons\/public\/apple-touch-icon-ec5ba42a24ae923f16825592efdc356f.png",
                "id": 2,
                "original_url": "https:\/\/qiita.com\/#terraform%E3%81%AEtf%E3%83%95%E3%82%A1%E3%82%A4%E3%83%AB%E3%81%AFjson%E3%81%A7%E3%82%82%E6%9B%B8%E3%81%91%E3%82%8B"
            },
            {
                "service_name": "Terraform by HashiCorp",
                "title": "JSON Configuration Syntax - Configuration Language - Terraform by HashiCorp",
                "title_link": "https:\/\/www.terraform.io\/docs\/configuration\/syntax-json.html",
                "text": "In addition to the native syntax that is most commonly used with Terraform, the Terraform language can also be expressed in a JSON-compatible syntax.",
                "fallback": "Terraform by HashiCorp: JSON Configuration Syntax - Configuration Language - Terraform by HashiCorp",
                "thumb_url": "https:\/\/www.terraform.io\/assets\/images\/og-image-8b3e4f7d.png",
                "from_url": "https:\/\/www.terraform.io\/docs\/configuration\/syntax-json.html",
                "thumb_width": 712,
                "thumb_height": 712,
                "service_icon": "https:\/\/www.terraform.io\/assets\/images\/favicons\/apple-touch-icon-13180a24.png",
                "id": 3,
                "original_url": "https:\/\/www.terraform.io\/docs\/configuration\/syntax-json.html"
            }
        ],
        "edited": {
            "user": "BG3N7LG73",
            "ts": "1591847812.000000"
        }
    },
    {
        "type": "message",
        "subtype": "bot_message",
        "text": "<https:\/\/www.reddit.com\/r\/Terraform\/comments\/h0tdq3\/automate_infrastructure_deployments_on_microsoft\/|Automate Infrastructure Deployments on Microsoft Azure with Terraform and Jenkins>\n​ <https:\/\/preview.redd.it\/suax852u18451.png?width=800&amp;format=png&amp;auto=webp&amp;s=48281b2b9b47dda676be337dd0f034dad33a36a6|Our Workflow. The azure resources shown on the right are just for demonstration. We are not going to deploy these exact resources.> This is a step by step guide on how to automate a simple infrastructure deployment in Microsoft Azure with Terraform and Jenkins Pipeline. But first, What is Terraform and Why? ​ &lt;a...",
        "ts": "1591856210.092400",
        "username": "Terraform ALL the Worlds!",
        "icons": {
            "image_48": "https:\/\/s3-us-west-2.amazonaws.com\/slack-files2\/bot_icons\/2019-02-12\/548785199618_48.png"
        },
        "bot_id": "BG3N7LG73",
        "attachments": [
            {
                "service_name": "reddit",
                "title": "Automate Infrastructure Deployments on Microsoft Azure with Terraform and Jenkins",
                "title_link": "https:\/\/www.reddit.com\/r\/Terraform\/comments\/h0tdq3\/automate_infrastructure_deployments_on_microsoft\/",
                "text": "Posted in r\/Terraform by u\/bvamsi482 • 1 point and 0 comments",
                "fallback": "reddit: Automate Infrastructure Deployments on Microsoft Azure with Terraform and Jenkins",
                "from_url": "https:\/\/www.reddit.com\/r\/Terraform\/comments\/h0tdq3\/automate_infrastructure_deployments_on_microsoft\/",
                "thumb_url": "https:\/\/external-preview.redd.it\/suax852u18451.png?overlay-align=bottom,left&crop=800:418.848167539,smart&overlay-height=15p&overlay=%2Fwatermark%2Ft5_2u8e4.png%3Fs%3Dbfb326ca8735739e33a60abaf9a7c73bcb4a2134&width=800&height=418.848167539&auto=webp&s=4ac4d8d43d3c9f84c4a56e86b4b7d4e1e8f0bd2f",
                "thumb_width": 130,
                "thumb_height": 60,
                "service_icon": "http:\/\/www.redditstatic.com\/desktop2x\/img\/favicon\/apple-icon-57x57.png",
                "id": 1,
                "original_url": "https:\/\/www.reddit.com\/r\/Terraform\/comments\/h0tdq3\/automate_infrastructure_deployments_on_microsoft\/"
            },
            {
                "fallback": "800x461px image",
                "image_url": "https:\/\/preview.redd.it\/suax852u18451.png?width=800&format=png&auto=webp&s=48281b2b9b47dda676be337dd0f034dad33a36a6",
                "image_width": 800,
                "image_height": 461,
                "image_bytes": 99377,
                "from_url": "https:\/\/preview.redd.it\/suax852u18451.png?width=800&format=png&auto=webp&s=48281b2b9b47dda676be337dd0f034dad33a36a6",
                "id": 2,
                "original_url": "https:\/\/preview.redd.it\/suax852u18451.png?width=800&amp;format=png&amp;auto=webp&amp;s=48281b2b9b47dda676be337dd0f034dad33a36a6"
            }
        ],
        "edited": {
            "user": "BG3N7LG73",
            "ts": "1591856210.000000"
        }
    }
]