[
    {
        "type": "message",
        "subtype": "bot_message",
        "text": "<https:\/\/www.reddit.com\/r\/Terraform\/comments\/h0unms\/how_to_reuse_variables_when_multiple_directory\/|how to re-use variables, when multiple directory structure>\nHello, I am trying to setup a new environment in aws and trying to use as much as possible terraform for that. I would like to build 5 vps in one region where resources will be launched from team members. I am relative new in terraform, so i am trying to study and practice at the same time. My approach is to have multiple directories for terraform files instead of having everything in one directory. So my structure will be something like: --Main directory\n -- VPC-1\n -- EC2-VPC-1\n -- VPS-2\n --...",
        "ts": "1591862211.092600",
        "username": "Terraform ALL the Worlds!",
        "icons": {
            "image_48": "https:\/\/s3-us-west-2.amazonaws.com\/slack-files2\/bot_icons\/2019-02-12\/548785199618_48.png"
        },
        "bot_id": "BG3N7LG73",
        "attachments": [
            {
                "service_name": "reddit",
                "title": "how to re-use variables, when multiple directory structure",
                "title_link": "https:\/\/www.reddit.com\/r\/Terraform\/comments\/h0unms\/how_to_reuse_variables_when_multiple_directory\/",
                "text": "Hello, I am trying to setup a new environment in aws and trying to use as much as possible terraform for that. I would like to build 5 vps in one...",
                "fallback": "reddit: how to re-use variables, when multiple directory structure",
                "thumb_url": "https:\/\/www.redditstatic.com\/new-icon.png",
                "from_url": "https:\/\/www.reddit.com\/r\/Terraform\/comments\/h0unms\/how_to_reuse_variables_when_multiple_directory\/",
                "thumb_width": 256,
                "thumb_height": 256,
                "service_icon": "http:\/\/www.redditstatic.com\/desktop2x\/img\/favicon\/apple-icon-57x57.png",
                "id": 1,
                "original_url": "https:\/\/www.reddit.com\/r\/Terraform\/comments\/h0unms\/how_to_reuse_variables_when_multiple_directory\/"
            }
        ],
        "edited": {
            "user": "BG3N7LG73",
            "ts": "1591862211.000000"
        }
    },
    {
        "type": "message",
        "subtype": "bot_message",
        "text": "<https:\/\/www.reddit.com\/r\/Terraform\/comments\/h0x29r\/terraform_root_structure\/|Terraform root structure>\nJust joined a new SRE team who have been in the process of a painful and slow Cloudformation -&gt; Terraform transformation and struggling to find some good practice on designing a root repository. We have a repo with all of the roots we would want to deploy like product app <http:\/\/main.tf|main.tf> <http:\/\/vars.tf|vars.tf> .tfvars mysql <http:\/\/main.tf|main.tf> <http:\/\/vars.tf|vars.tf> .tfvars networking vpc <http:\/\/main.tf|main.tf> <http:\/\/vars.tf|vars.tf> .tfvars  The <https:\/\/main.tf\/|main.tf> files simply passes in the provided vars (we pass ours in via TF_VARS_) to a module...",
        "ts": "1591873012.092800",
        "username": "Terraform ALL the Worlds!",
        "icons": {
            "image_48": "https:\/\/s3-us-west-2.amazonaws.com\/slack-files2\/bot_icons\/2019-02-12\/548785199618_48.png"
        },
        "bot_id": "BG3N7LG73",
        "attachments": [
            {
                "service_name": "reddit",
                "title": "Terraform root structure",
                "title_link": "https:\/\/www.reddit.com\/r\/Terraform\/comments\/h0x29r\/terraform_root_structure\/",
                "text": "Just joined a new SRE team who have been in the process of a painful and slow Cloudformation -&gt; Terraform transformation and struggling to find...",
                "fallback": "reddit: Terraform root structure",
                "thumb_url": "https:\/\/www.redditstatic.com\/new-icon.png",
                "from_url": "https:\/\/www.reddit.com\/r\/Terraform\/comments\/h0x29r\/terraform_root_structure\/",
                "thumb_width": 256,
                "thumb_height": 256,
                "service_icon": "http:\/\/www.redditstatic.com\/desktop2x\/img\/favicon\/apple-icon-57x57.png",
                "id": 1,
                "original_url": "https:\/\/www.reddit.com\/r\/Terraform\/comments\/h0x29r\/terraform_root_structure\/"
            }
        ],
        "edited": {
            "user": "BG3N7LG73",
            "ts": "1591873013.000000"
        }
    },
    {
        "type": "message",
        "subtype": "bot_message",
        "text": "<https:\/\/qiita.com\/gogo-muscle\/items\/7e3e4b3bf99366a665ee|TerraformでEC2、セキュリティグループを作成する>\n<https:\/\/qiita.com\/#%E3%81%AF%E3%81%98%E3%82%81%E3%81%AB>はじめに\n\n以下記事の続きです。\n<https:\/\/qiita.com\/gogo-muscle\/items\/58fee5760400ff1bc602|TerraformでVPC、サブネット、インターネットゲートウェイを作成する>\n\n今回はEC2とセキュリティグループを作成します。\n以下ディレクトリ構造です。\n\n.\n├── README.md\n├── <http:\/\/main.tf|main.tf>\n├── modules\n│   ├── alb\n│   │   ├── <http:\/\/Create-alb.tf|Create-alb.tf>\n│   │   ├── <http:\/\/outputs.tf|outputs.tf>\n│   │   └── <http:\/\/variables.tf|variables.tf>\n│   ├── ec2　　　　　　　　＃本記事で作成\n│   │   ├── <http:\/\/Create-ec2.tf|Create-ec2.tf>\n│   │   ├── <http:\/\/outputs.tf|outputs.tf>\n│   │   └── <http:\/\/variables.tf|variables.tf>\n│   ├── rds\n│   │   ├──...",
        "ts": "1591883218.093000",
        "username": "Terraformタグが付けられた新着記事 - Qiita",
        "icons": {
            "image_36": "https:\/\/a.slack-edge.com\/80588\/img\/services\/rss_36.png",
            "image_48": "https:\/\/a.slack-edge.com\/80588\/img\/services\/rss_48.png",
            "image_72": "https:\/\/a.slack-edge.com\/80588\/img\/services\/rss_72.png"
        },
        "bot_id": "BG3N7LG73",
        "attachments": [
            {
                "service_name": "Qiita",
                "title": "TerraformでEC2セキュリティグループを作成する - Qiita",
                "title_link": "https:\/\/qiita.com\/gogo-muscle\/items\/7e3e4b3bf99366a665ee",
                "text": "はじめに 以下記事の続きです。 TerraformでVPC、サブネット、インターネットゲートウェイを作成する 今回はEC2とセキュリティグループを作成します。 . ├── README.md ├── <http:\/\/main.tf|main.tf> ├── ...",
                "fallback": "Qiita: TerraformでEC2セキュリティグループを作成する - Qiita",
                "image_url": "https:\/\/qiita-user-contents.imgix.net\/https%3A%2F%2Fcdn.qiita.com%2Fassets%2Fpublic%2Farticle-ogp-background-1150d8b18a7c15795b701a55ae908f94.png?ixlib=rb-1.2.2&w=1200&mark=https%3A%2F%2Fqiita-user-contents.imgix.net%2F~text%3Fixlib%3Drb-1.2.2%26w%3D840%26h%3D380%26txt%3DTerraform%25E3%2581%25A7EC2%25E3%2582%25BB%25E3%2582%25AD%25E3%2583%25A5%25E3%2583%25AA%25E3%2583%2586%25E3%2582%25A3%25E3%2582%25B0%25E3%2583%25AB%25E3%2583%25BC%25E3%2583%2597%25E3%2582%2592%25E4%25BD%259C%25E6%2588%2590%25E3%2581%2599%25E3%2582%258B%26txt-color%3D%2523333%26txt-font%3DAvenir-Black%26txt-size%3D54%26txt-clip%3Dellipsis%26txt-align%3Dcenter%252Cmiddle%26s%3D217a77a5f9f20907fcc19f534df10e60&mark-align=center%2Cmiddle&blend=https%3A%2F%2Fqiita-user-contents.imgix.net%2F~text%3Fixlib%3Drb-1.2.2%26w%3D840%26h%3D500%26txt%3D%2540gogo-muscle%26txt-color%3D%2523333%26txt-font%3DAvenir-Black%26txt-size%3D45%26txt-align%3Dright%252Cbottom%26s%3D76ba8e505abeaa05f10b7c5a93fe813e&blend-align=center%2Cmiddle&blend-mode=normal&s=6183210c60c2c25709c8098089bb2fee",
                "from_url": "https:\/\/qiita.com\/gogo-muscle\/items\/7e3e4b3bf99366a665ee",
                "image_width": 476,
                "image_height": 250,
                "image_bytes": 44832,
                "service_icon": "https:\/\/cdn.qiita.com\/assets\/favicons\/public\/apple-touch-icon-ec5ba42a24ae923f16825592efdc356f.png",
                "id": 1,
                "original_url": "https:\/\/qiita.com\/gogo-muscle\/items\/7e3e4b3bf99366a665ee"
            },
            {
                "service_name": "Qiita",
                "title": "プログラマの技術情報共有サービス - Qiita",
                "title_link": "https:\/\/qiita.com\/#%E3%81%AF%E3%81%98%E3%82%81%E3%81%AB",
                "text": "Qiitaは、プログラマのための技術情報共有サービスです。 プログラミングに関するTips、ノウハウ、メモを簡単に記録 &amp; 公開することができます。",
                "fallback": "Qiita: プログラマの技術情報共有サービス - Qiita",
                "thumb_url": "https:\/\/cdn.qiita.com\/assets\/qiita-fb-fe28c64039d925349e620ba55091e078.png",
                "from_url": "https:\/\/qiita.com\/#%E3%81%AF%E3%81%98%E3%82%81%E3%81%AB",
                "thumb_width": 1200,
                "thumb_height": 630,
                "service_icon": "https:\/\/cdn.qiita.com\/assets\/favicons\/public\/apple-touch-icon-ec5ba42a24ae923f16825592efdc356f.png",
                "id": 2,
                "original_url": "https:\/\/qiita.com\/#%E3%81%AF%E3%81%98%E3%82%81%E3%81%AB"
            },
            {
                "service_name": "Qiita",
                "title": "TerraformでVPC、サブネット、インターネットゲートウェイを作成する - Qiita",
                "title_link": "https:\/\/qiita.com\/gogo-muscle\/items\/58fee5760400ff1bc602",
                "text": "はじめに 現在CloudformationとTerraformを学習しています。 先日以下記事を書きました。 CloudFormationでVPC、サブネット、インターネットゲートウェイを作成する これと同じようなこと（＝全く...",
                "fallback": "Qiita: TerraformでVPC、サブネット、インターネットゲートウェイを作成する - Qiita",
                "image_url": "https:\/\/qiita-user-contents.imgix.net\/https%3A%2F%2Fcdn.qiita.com%2Fassets%2Fpublic%2Farticle-ogp-background-1150d8b18a7c15795b701a55ae908f94.png?ixlib=rb-1.2.2&w=1200&mark=https%3A%2F%2Fqiita-user-contents.imgix.net%2F~text%3Fixlib%3Drb-1.2.2%26w%3D840%26h%3D380%26txt%3DTerraform%25E3%2581%25A7VPC%25E3%2580%2581%25E3%2582%25B5%25E3%2583%2596%25E3%2583%258D%25E3%2583%2583%25E3%2583%2588%25E3%2580%2581%25E3%2582%25A4%25E3%2583%25B3%25E3%2582%25BF%25E3%2583%25BC%25E3%2583%258D%25E3%2583%2583%25E3%2583%2588%25E3%2582%25B2%25E3%2583%25BC%25E3%2583%2588%25E3%2582%25A6%25E3%2582%25A7%25E3%2582%25A4%25E3%2582%2592%25E4%25BD%259C%25E6%2588%2590%25E3%2581%2599%25E3%2582%258B%26txt-color%3D%2523333%26txt-font%3DAvenir-Black%26txt-size%3D54%26txt-clip%3Dellipsis%26txt-align%3Dcenter%252Cmiddle%26s%3D40b9fc61dffe06e35fdc60fe72fab0fd&mark-align=center%2Cmiddle&blend=https%3A%2F%2Fqiita-user-contents.imgix.net%2F~text%3Fixlib%3Drb-1.2.2%26w%3D840%26h%3D500%26txt%3D%2540gogo-muscle%26txt-color%3D%2523333%26txt-font%3DAvenir-Black%26txt-size%3D45%26txt-align%3Dright%252Cbottom%26s%3D76ba8e505abeaa05f10b7c5a93fe813e&blend-align=center%2Cmiddle&blend-mode=normal&s=8d24d77888811abf5f5f21ac68c4feba",
                "from_url": "https:\/\/qiita.com\/gogo-muscle\/items\/58fee5760400ff1bc602",
                "image_width": 476,
                "image_height": 250,
                "image_bytes": 51608,
                "service_icon": "https:\/\/cdn.qiita.com\/assets\/favicons\/public\/apple-touch-icon-ec5ba42a24ae923f16825592efdc356f.png",
                "id": 3,
                "original_url": "https:\/\/qiita.com\/gogo-muscle\/items\/58fee5760400ff1bc602"
            }
        ],
        "edited": {
            "user": "BG3N7LG73",
            "ts": "1591883219.000000"
        }
    },
    {
        "type": "message",
        "subtype": "bot_message",
        "text": "<https:\/\/www.reddit.com\/r\/Terraform\/comments\/h10x13\/terraform_provider_for_redshift_like_postgresql\/|Terraform provider for Redshift (like PostgreSQL)?>\nDoes anyone know of a Terraform provider that can create roles\/users and schemas on Amazon Redshift? Redshift is somewhat similar to PostgreSQL 8, so I tried to use the <https:\/\/github.com\/terraform-providers\/terraform-provider-postgresql|PostgreSQL provider> to create roles. But, I kept getting syntax errors. Following a trail of issues starting from <https:\/\/github.com\/terraform-providers\/terraform-provider-postgresql\/issues\/3|terraform-provider-postgresql#3>, it...",
        "ts": "1591888616.093200",
        "username": "Terraform ALL the Worlds!",
        "icons": {
            "image_48": "https:\/\/s3-us-west-2.amazonaws.com\/slack-files2\/bot_icons\/2019-02-12\/548785199618_48.png"
        },
        "bot_id": "BG3N7LG73",
        "attachments": [
            {
                "service_name": "reddit",
                "title": "Terraform provider for Redshift (like PostgreSQL)?",
                "title_link": "https:\/\/www.reddit.com\/r\/Terraform\/comments\/h10x13\/terraform_provider_for_redshift_like_postgresql\/",
                "text": "Does anyone know of a Terraform provider that can create roles\/users and schemas on Amazon Redshift? Redshift is somewhat similar to PostgreSQL...",
                "fallback": "reddit: Terraform provider for Redshift (like PostgreSQL)?",
                "thumb_url": "https:\/\/www.redditstatic.com\/new-icon.png",
                "from_url": "https:\/\/www.reddit.com\/r\/Terraform\/comments\/h10x13\/terraform_provider_for_redshift_like_postgresql\/",
                "thumb_width": 256,
                "thumb_height": 256,
                "service_icon": "http:\/\/www.redditstatic.com\/desktop2x\/img\/favicon\/apple-icon-57x57.png",
                "id": 1,
                "original_url": "https:\/\/www.reddit.com\/r\/Terraform\/comments\/h10x13\/terraform_provider_for_redshift_like_postgresql\/"
            },
            {
                "service_name": "GitHub",
                "title": "terraform-providers\/terraform-provider-postgresql",
                "title_link": "https:\/\/github.com\/terraform-providers\/terraform-provider-postgresql",
                "text": "Terraform PostgreSQL provider. Contribute to terraform-providers\/terraform-provider-postgresql development by creating an account on GitHub.",
                "fallback": "GitHub: terraform-providers\/terraform-provider-postgresql",
                "thumb_url": "https:\/\/avatars0.githubusercontent.com\/u\/29154831?s=400&v=4",
                "from_url": "https:\/\/github.com\/terraform-providers\/terraform-provider-postgresql",
                "thumb_width": 400,
                "thumb_height": 400,
                "service_icon": "https:\/\/a.slack-edge.com\/80588\/img\/unfurl_icons\/github.png",
                "id": 2,
                "original_url": "https:\/\/github.com\/terraform-providers\/terraform-provider-postgresql"
            },
            {
                "service_name": "GitHub",
                "title": "Unable to create another postgres role within AWS Redshift database. · Issue #3 · terraform-providers\/terraform-provider-postgresql",
                "title_link": "https:\/\/github.com\/terraform-providers\/terraform-provider-postgresql\/issues\/3",
                "text": "This issue was originally opened by @xvillanuOM as hashicorp\/terraform#11639. It was migrated here as part of the provider split. The original body of the issue is below. Hi there, Thank you for op...",
                "fallback": "GitHub: Unable to create another postgres role within AWS Redshift database. · Issue #3 · terraform-providers\/terraform-provider-postgresql",
                "thumb_url": "https:\/\/avatars0.githubusercontent.com\/u\/29154831?s=400&v=4",
                "from_url": "https:\/\/github.com\/terraform-providers\/terraform-provider-postgresql\/issues\/3",
                "thumb_width": 400,
                "thumb_height": 400,
                "service_icon": "https:\/\/a.slack-edge.com\/80588\/img\/unfurl_icons\/github.png",
                "id": 3,
                "original_url": "https:\/\/github.com\/terraform-providers\/terraform-provider-postgresql\/issues\/3"
            }
        ],
        "edited": {
            "user": "BG3N7LG73",
            "ts": "1591888617.000000"
        }
    },
    {
        "type": "message",
        "subtype": "bot_message",
        "text": "<https:\/\/www.reddit.com\/r\/Terraform\/comments\/h12am5\/how_to_automate_the_terraform_workspace_variables\/|How to Automate the terraform workspace variables?>\nHey guys need your thoughts on this. Instead of writing variables\/secrets manually in the terraform enterprise workspace, is there a way to automatically add\/update these workspace variables with secrets. What are some best practices?  You guys recommend Vault, Terraform API, or something else?    submitted by   <https:\/\/www.reddit.com\/user\/league143| \/u\/league143 > \n&lt;a...",
        "ts": "1591892219.093400",
        "username": "Terraform ALL the Worlds!",
        "icons": {
            "image_48": "https:\/\/s3-us-west-2.amazonaws.com\/slack-files2\/bot_icons\/2019-02-12\/548785199618_48.png"
        },
        "bot_id": "BG3N7LG73",
        "attachments": [
            {
                "service_name": "reddit",
                "title": "How to Automate the terraform workspace variables?",
                "title_link": "https:\/\/www.reddit.com\/r\/Terraform\/comments\/h12am5\/how_to_automate_the_terraform_workspace_variables\/",
                "text": "Hey guys need your thoughts on this. Instead of writing variables\/secrets manually in the terraform enterprise workspace, is there a way to...",
                "fallback": "reddit: How to Automate the terraform workspace variables?",
                "thumb_url": "https:\/\/www.redditstatic.com\/new-icon.png",
                "from_url": "https:\/\/www.reddit.com\/r\/Terraform\/comments\/h12am5\/how_to_automate_the_terraform_workspace_variables\/",
                "thumb_width": 256,
                "thumb_height": 256,
                "service_icon": "http:\/\/www.redditstatic.com\/desktop2x\/img\/favicon\/apple-icon-57x57.png",
                "id": 1,
                "original_url": "https:\/\/www.reddit.com\/r\/Terraform\/comments\/h12am5\/how_to_automate_the_terraform_workspace_variables\/"
            },
            {
                "title": "overview for league143",
                "title_link": "https:\/\/www.reddit.com\/user\/league143",
                "text": "The u\/league143 community on Reddit. Reddit gives you the best of the internet in one place.",
                "fallback": "overview for league143",
                "from_url": "https:\/\/www.reddit.com\/user\/league143",
                "service_icon": "http:\/\/www.redditstatic.com\/desktop2x\/img\/favicon\/apple-icon-57x57.png",
                "service_name": "reddit.com",
                "id": 2,
                "original_url": "https:\/\/www.reddit.com\/user\/league143"
            }
        ],
        "edited": {
            "user": "BG3N7LG73",
            "ts": "1591892219.000000"
        }
    },
    {
        "type": "message",
        "subtype": "bot_message",
        "text": "<https:\/\/www.reddit.com\/r\/Terraform\/comments\/h12kjg\/terragrunt_unusual_output_in_pycharm_terminal\/|Terragrunt unusual output in Pycharm terminal>\nUsing the Terragrunt wrapper, which works well, however once it calls Terraform it breaks the layout within pycharms terminal.\n If I use Git Bash and have it launch externally, everything is fine. But within that integrated terminal window it breaks.  Does anyone know of a fix?    submitted by   <https:\/\/www.reddit.com\/user\/defeatedbythecat| \/u\/defeatedbythecat > \n<https:\/\/www.reddit.com\/r\/Terraform\/comments\/h12kjg\/terragrunt_unusual_output_in_pycharm_terminal\/|[link]>...",
        "ts": "1591893414.093600",
        "username": "Terraform ALL the Worlds!",
        "icons": {
            "image_48": "https:\/\/s3-us-west-2.amazonaws.com\/slack-files2\/bot_icons\/2019-02-12\/548785199618_48.png"
        },
        "bot_id": "BG3N7LG73",
        "attachments": [
            {
                "service_name": "reddit",
                "title": "Terragrunt unusual output in Pycharm terminal",
                "title_link": "https:\/\/www.reddit.com\/r\/Terraform\/comments\/h12kjg\/terragrunt_unusual_output_in_pycharm_terminal\/",
                "text": "Using the Terragrunt wrapper, which works well, however once it calls Terraform it breaks the layout within pycharms terminal. If I use Git...",
                "fallback": "reddit: Terragrunt unusual output in Pycharm terminal",
                "thumb_url": "https:\/\/www.redditstatic.com\/new-icon.png",
                "from_url": "https:\/\/www.reddit.com\/r\/Terraform\/comments\/h12kjg\/terragrunt_unusual_output_in_pycharm_terminal\/",
                "thumb_width": 256,
                "thumb_height": 256,
                "service_icon": "http:\/\/www.redditstatic.com\/desktop2x\/img\/favicon\/apple-icon-57x57.png",
                "id": 1,
                "original_url": "https:\/\/www.reddit.com\/r\/Terraform\/comments\/h12kjg\/terragrunt_unusual_output_in_pycharm_terminal\/"
            },
            {
                "title": "overview for defeatedbythecat",
                "title_link": "https:\/\/www.reddit.com\/user\/defeatedbythecat",
                "text": "The u\/defeatedbythecat community on Reddit. Reddit gives you the best of the internet in one place.",
                "fallback": "overview for defeatedbythecat",
                "from_url": "https:\/\/www.reddit.com\/user\/defeatedbythecat",
                "service_icon": "http:\/\/www.redditstatic.com\/desktop2x\/img\/favicon\/apple-icon-57x57.png",
                "service_name": "reddit.com",
                "id": 2,
                "original_url": "https:\/\/www.reddit.com\/user\/defeatedbythecat"
            }
        ],
        "edited": {
            "user": "BG3N7LG73",
            "ts": "1591893414.000000"
        }
    },
    {
        "type": "message",
        "subtype": "bot_message",
        "text": "<https:\/\/www.reddit.com\/r\/Terraform\/comments\/h14gqk\/is_it_possible_to_use_pester_tests_to_validate\/|Is it possible to use pester tests to validate hostnames?>\nsubmitted by   <https:\/\/www.reddit.com\/user\/Ghlave| \/u\/Ghlave > \n<https:\/\/www.reddit.com\/r\/PowerShell\/comments\/h14fs6\/is_it_possible_to_use_pester_tests_to_validate\/|[link]>   <https:\/\/www.reddit.com\/r\/Terraform\/comments\/h14gqk\/is_it_possible_to_use_pester_tests_to_validate\/|[comments]>",
        "ts": "1591899419.093800",
        "username": "Terraform ALL the Worlds!",
        "icons": {
            "image_48": "https:\/\/s3-us-west-2.amazonaws.com\/slack-files2\/bot_icons\/2019-02-12\/548785199618_48.png"
        },
        "bot_id": "BG3N7LG73",
        "attachments": [
            {
                "service_name": "reddit",
                "title": "Is it possible to use pester tests to validate hostnames?",
                "title_link": "https:\/\/www.reddit.com\/r\/Terraform\/comments\/h14gqk\/is_it_possible_to_use_pester_tests_to_validate\/",
                "text": "Posted in r\/Terraform by u\/Ghlave • 1 point and 0 comments",
                "fallback": "reddit: Is it possible to use pester tests to validate hostnames?",
                "thumb_url": "https:\/\/www.redditstatic.com\/new-icon.png",
                "from_url": "https:\/\/www.reddit.com\/r\/Terraform\/comments\/h14gqk\/is_it_possible_to_use_pester_tests_to_validate\/",
                "thumb_width": 256,
                "thumb_height": 256,
                "service_icon": "http:\/\/www.redditstatic.com\/desktop2x\/img\/favicon\/apple-icon-57x57.png",
                "id": 1,
                "original_url": "https:\/\/www.reddit.com\/r\/Terraform\/comments\/h14gqk\/is_it_possible_to_use_pester_tests_to_validate\/"
            },
            {
                "title": "overview for Ghlave",
                "title_link": "https:\/\/www.reddit.com\/user\/Ghlave",
                "text": "The u\/Ghlave community on Reddit. Reddit gives you the best of the internet in one place.",
                "fallback": "overview for Ghlave",
                "from_url": "https:\/\/www.reddit.com\/user\/Ghlave",
                "service_icon": "http:\/\/www.redditstatic.com\/desktop2x\/img\/favicon\/apple-icon-57x57.png",
                "service_name": "reddit.com",
                "id": 2,
                "original_url": "https:\/\/www.reddit.com\/user\/Ghlave"
            },
            {
                "service_name": "reddit",
                "title": "Is it possible to use pester tests to validate hostnames?",
                "title_link": "https:\/\/www.reddit.com\/r\/PowerShell\/comments\/h14fs6\/is_it_possible_to_use_pester_tests_to_validate\/",
                "text": "We are on the path to building a devops culture as we simultaneously start using Azure, learn terraform, and migrate as we do it, typical 'Ready,...",
                "fallback": "reddit: Is it possible to use pester tests to validate hostnames?",
                "thumb_url": "https:\/\/www.redditstatic.com\/new-icon.png",
                "from_url": "https:\/\/www.reddit.com\/r\/PowerShell\/comments\/h14fs6\/is_it_possible_to_use_pester_tests_to_validate\/",
                "thumb_width": 256,
                "thumb_height": 256,
                "service_icon": "http:\/\/www.redditstatic.com\/desktop2x\/img\/favicon\/apple-icon-57x57.png",
                "id": 3,
                "original_url": "https:\/\/www.reddit.com\/r\/PowerShell\/comments\/h14fs6\/is_it_possible_to_use_pester_tests_to_validate\/"
            }
        ],
        "edited": {
            "user": "BG3N7LG73",
            "ts": "1591899419.000000"
        }
    },
    {
        "type": "message",
        "subtype": "bot_message",
        "text": "<https:\/\/www.reddit.com\/r\/Terraform\/comments\/h14d7q\/hashicorp_announce_ownership_of_the_terraform\/|Hashicorp announce ownership of the Terraform Visual Studio Code extension, release 2.0.0 update for 0.12 support.>\nsubmitted by   <https:\/\/www.reddit.com\/user\/idlestrider| \/u\/idlestrider > \n<https:\/\/www.hashicorp.com\/blog\/announcing-the-terraform-visual-studio-code-extension-v2-0-0\/|[link]>   <https:\/\/www.reddit.com\/r\/Terraform\/comments\/h14d7q\/hashicorp_announce_ownership_of_the_terraform\/|[comments]>",
        "ts": "1591899419.093900",
        "username": "Terraform ALL the Worlds!",
        "icons": {
            "image_48": "https:\/\/s3-us-west-2.amazonaws.com\/slack-files2\/bot_icons\/2019-02-12\/548785199618_48.png"
        },
        "bot_id": "BG3N7LG73",
        "attachments": [
            {
                "service_name": "reddit",
                "title": "Hashicorp announce ownership of the Terraform Visual Studio Code extension, release 2.0.0 update for 0.12 support.",
                "title_link": "https:\/\/www.reddit.com\/r\/Terraform\/comments\/h14d7q\/hashicorp_announce_ownership_of_the_terraform\/",
                "text": "Posted in r\/Terraform by u\/idlestrider • 1 point and 0 comments",
                "fallback": "reddit: Hashicorp announce ownership of the Terraform Visual Studio Code extension, release 2.0.0 update for 0.12 support.",
                "thumb_url": "https:\/\/b.thumbs.redditmedia.com\/QWulxJvdDdZYIVoZITDNLK6eV1NsHxP_o8oBHcV_tcQ.jpg",
                "from_url": "https:\/\/www.reddit.com\/r\/Terraform\/comments\/h14d7q\/hashicorp_announce_ownership_of_the_terraform\/",
                "thumb_width": 140,
                "thumb_height": 76,
                "service_icon": "http:\/\/www.redditstatic.com\/desktop2x\/img\/favicon\/apple-icon-57x57.png",
                "id": 1,
                "original_url": "https:\/\/www.reddit.com\/r\/Terraform\/comments\/h14d7q\/hashicorp_announce_ownership_of_the_terraform\/"
            },
            {
                "title": "overview for idlestrider",
                "title_link": "https:\/\/www.reddit.com\/user\/idlestrider",
                "text": "The u\/idlestrider community on Reddit. Reddit gives you the best of the internet in one place.",
                "fallback": "overview for idlestrider",
                "from_url": "https:\/\/www.reddit.com\/user\/idlestrider",
                "service_icon": "http:\/\/www.redditstatic.com\/desktop2x\/img\/favicon\/apple-icon-57x57.png",
                "service_name": "reddit.com",
                "id": 2,
                "original_url": "https:\/\/www.reddit.com\/user\/idlestrider"
            },
            {
                "service_name": "HashiCorp: Infrastructure enables innovation",
                "title": "Announcing the Terraform Visual Studio Code Extension v2.0.0",
                "title_link": "https:\/\/www.hashicorp.com\/blog\/announcing-the-terraform-visual-studio-code-extension-v2-0-0\/",
                "text": "We are excited to announce the first HashiCorp release for the Visual Studio Code extension. There are two main features in this release: Usage of the HashiCorp Terraform Language Server and Terraform 0.12 syntax support",
                "fallback": "HashiCorp: Infrastructure enables innovation: Announcing the Terraform Visual Studio Code Extension v2.0.0",
                "image_url": "https:\/\/www.datocms-assets.com\/2885\/1589572045-terraformshare-2.png?fit=max&fm=jpg&w=1000",
                "image_width": 460,
                "image_height": 250,
                "from_url": "https:\/\/www.hashicorp.com\/blog\/announcing-the-terraform-visual-studio-code-extension-v2-0-0\/",
                "image_bytes": 39703,
                "id": 3,
                "original_url": "https:\/\/www.hashicorp.com\/blog\/announcing-the-terraform-visual-studio-code-extension-v2-0-0\/"
            }
        ],
        "edited": {
            "user": "BG3N7LG73",
            "ts": "1591899419.000000"
        }
    },
    {
        "type": "message",
        "subtype": "bot_message",
        "text": "<https:\/\/www.reddit.com\/r\/Terraform\/comments\/h158ho\/error_in_datasourcestf\/|Error in datasources.tf>\nGreetings everyone, I'm trying to learn Terraform and have been running some of the OCI scripts. I started off with the VCN and was able to successfully use it to create one in my compartment. (I do have power admin status in my tenancy and confirmed my privileges by the tenancy admin).  Is this a syntax issue? Or am I referencing something incorrectly? I apologize if this sounds stupid.  The lab: &lt;a...",
        "ts": "1591901813.094200",
        "username": "Terraform ALL the Worlds!",
        "icons": {
            "image_48": "https:\/\/s3-us-west-2.amazonaws.com\/slack-files2\/bot_icons\/2019-02-12\/548785199618_48.png"
        },
        "bot_id": "BG3N7LG73",
        "attachments": [
            {
                "service_name": "reddit",
                "title": "Error in datasources.tf",
                "title_link": "https:\/\/www.reddit.com\/r\/Terraform\/comments\/h158ho\/error_in_datasourcestf\/",
                "text": "Greetings everyone, I'm trying to learn Terraform and have been running some of the OCI scripts. I started off with the VCN and was able to...",
                "fallback": "reddit: Error in datasources.tf",
                "thumb_url": "https:\/\/www.redditstatic.com\/new-icon.png",
                "from_url": "https:\/\/www.reddit.com\/r\/Terraform\/comments\/h158ho\/error_in_datasourcestf\/",
                "thumb_width": 256,
                "thumb_height": 256,
                "service_icon": "http:\/\/www.redditstatic.com\/desktop2x\/img\/favicon\/apple-icon-57x57.png",
                "id": 1,
                "original_url": "https:\/\/www.reddit.com\/r\/Terraform\/comments\/h158ho\/error_in_datasourcestf\/"
            }
        ],
        "edited": {
            "user": "BG3N7LG73",
            "ts": "1591901813.000000"
        }
    },
    {
        "type": "message",
        "subtype": "bot_message",
        "text": "<https:\/\/www.reddit.com\/r\/Terraform\/comments\/h159rb\/multiple_interfaces_on_ec2_instances\/|Multiple interfaces on ec2 instances>\nHi I am looking to build a terraform template to deploy two ec2 instances in order to deploy a sql always on cluster. On one instance I need to have two interfaces, each of these interfaces will reside on different private subnets . On the primary interface I need to have 3 private ips(auto assign). The secondary interface will only have one IP. The secondary interface is only required for segregation of production traffic. I have already created the vpc, subnets, security groups and a...",
        "ts": "1591901813.094300",
        "username": "Terraform ALL the Worlds!",
        "icons": {
            "image_48": "https:\/\/s3-us-west-2.amazonaws.com\/slack-files2\/bot_icons\/2019-02-12\/548785199618_48.png"
        },
        "bot_id": "BG3N7LG73",
        "attachments": [
            {
                "service_name": "reddit",
                "title": "Multiple interfaces on ec2 instances",
                "title_link": "https:\/\/www.reddit.com\/r\/Terraform\/comments\/h159rb\/multiple_interfaces_on_ec2_instances\/",
                "text": "Hi I am looking to build a terraform template to deploy two ec2 instances in order to deploy a sql always on cluster. On one instance I need to...",
                "fallback": "reddit: Multiple interfaces on ec2 instances",
                "thumb_url": "https:\/\/www.redditstatic.com\/new-icon.png",
                "from_url": "https:\/\/www.reddit.com\/r\/Terraform\/comments\/h159rb\/multiple_interfaces_on_ec2_instances\/",
                "thumb_width": 256,
                "thumb_height": 256,
                "service_icon": "http:\/\/www.redditstatic.com\/desktop2x\/img\/favicon\/apple-icon-57x57.png",
                "id": 1,
                "original_url": "https:\/\/www.reddit.com\/r\/Terraform\/comments\/h159rb\/multiple_interfaces_on_ec2_instances\/"
            }
        ],
        "edited": {
            "user": "BG3N7LG73",
            "ts": "1591901813.000000"
        }
    },
    {
        "type": "message",
        "subtype": "bot_message",
        "text": "<https:\/\/www.reddit.com\/r\/Terraform\/comments\/h1682l\/deploy_jitsi_meet_free_videoconferencing_to_gcp\/|Deploy Jitsi Meet (free videoconferencing) to GCP with Terraform>\nRepository: <https:\/\/github.com\/hermanbanken\/jitsi-terraform-scalable|https:\/\/github.com\/hermanbanken\/jitsi-terraform-scalable> After installing a single instance of Jitsi it was time to scale up. We use GCP so I created this Terraform repo to create a setup with 1 jitsi-meet instance and X jitsi-videobridge (JVB\/SFU) servers. I would really appreciate some feedback! :) &lt;a...",
        "ts": "1591904215.094600",
        "username": "Terraform ALL the Worlds!",
        "icons": {
            "image_48": "https:\/\/s3-us-west-2.amazonaws.com\/slack-files2\/bot_icons\/2019-02-12\/548785199618_48.png"
        },
        "bot_id": "BG3N7LG73",
        "attachments": [
            {
                "service_name": "reddit",
                "title": "Deploy Jitsi Meet (free videoconferencing) to GCP with Terraform",
                "title_link": "https:\/\/www.reddit.com\/r\/Terraform\/comments\/h1682l\/deploy_jitsi_meet_free_videoconferencing_to_gcp\/",
                "text": "Posted in r\/Terraform by u\/hbanken • 1 point and 0 comments",
                "fallback": "reddit: Deploy Jitsi Meet (free videoconferencing) to GCP with Terraform",
                "from_url": "https:\/\/www.reddit.com\/r\/Terraform\/comments\/h1682l\/deploy_jitsi_meet_free_videoconferencing_to_gcp\/",
                "thumb_url": "https:\/\/external-preview.redd.it\/b3z0jvw42c451.png?overlay-align=bottom,left&crop=1200:628.272251309,smart&overlay-height=15p&overlay=%2Fwatermark%2Ft5_2u8e4.png%3Fs%3Dbfb326ca8735739e33a60abaf9a7c73bcb4a2134&width=1200&height=628.272251309&auto=webp&s=9749192e914126da246fbb8bba0cdc1d8ad609ec",
                "thumb_width": 130,
                "thumb_height": 60,
                "service_icon": "http:\/\/www.redditstatic.com\/desktop2x\/img\/favicon\/apple-icon-57x57.png",
                "id": 1,
                "original_url": "https:\/\/www.reddit.com\/r\/Terraform\/comments\/h1682l\/deploy_jitsi_meet_free_videoconferencing_to_gcp\/"
            },
            {
                "service_name": "GitHub",
                "title": "hermanbanken\/jitsi-terraform-scalable",
                "title_link": "https:\/\/github.com\/hermanbanken\/jitsi-terraform-scalable",
                "text": "Terraform setup for Jitsi Meet with scalability in mind - hermanbanken\/jitsi-terraform-scalable",
                "fallback": "GitHub: hermanbanken\/jitsi-terraform-scalable",
                "thumb_url": "https:\/\/avatars2.githubusercontent.com\/u\/791189?s=400&v=4",
                "from_url": "https:\/\/github.com\/hermanbanken\/jitsi-terraform-scalable",
                "thumb_width": 400,
                "thumb_height": 400,
                "service_icon": "https:\/\/a.slack-edge.com\/80588\/img\/unfurl_icons\/github.png",
                "id": 2,
                "original_url": "https:\/\/github.com\/hermanbanken\/jitsi-terraform-scalable"
            }
        ],
        "edited": {
            "user": "BG3N7LG73",
            "ts": "1591904216.000000"
        }
    },
    {
        "type": "message",
        "subtype": "bot_message",
        "text": "<https:\/\/www.reddit.com\/r\/Terraform\/comments\/h17qou\/when_you_dont_care_about_the_subnet\/|When you don't care about the subnet ...>\nSo, this is one of those things where i feel like \"declarable\" is perhaps getting in the way, but I wanted to ask the community about it first. Is there a way (or how do you handle) distributing recourses across subnets other than manually? The scenario is somewhat simple: Lets say I have a singular AWS VPC with multiple subnets (one per AZ, otherwise their use-case is identical). Now under normal circumstances I really don't care which subnet an EC2 instance ends up in, other than it would...",
        "ts": "1591909017.094800",
        "username": "Terraform ALL the Worlds!",
        "icons": {
            "image_48": "https:\/\/s3-us-west-2.amazonaws.com\/slack-files2\/bot_icons\/2019-02-12\/548785199618_48.png"
        },
        "bot_id": "BG3N7LG73",
        "attachments": [
            {
                "service_name": "reddit",
                "title": "When you don't care about the subnet ...",
                "title_link": "https:\/\/www.reddit.com\/r\/Terraform\/comments\/h17qou\/when_you_dont_care_about_the_subnet\/",
                "text": "So, this is one of those things where i feel like \"declarable\" is perhaps getting in the way, but I wanted to ask the community about it...",
                "fallback": "reddit: When you don't care about the subnet ...",
                "thumb_url": "https:\/\/www.redditstatic.com\/new-icon.png",
                "from_url": "https:\/\/www.reddit.com\/r\/Terraform\/comments\/h17qou\/when_you_dont_care_about_the_subnet\/",
                "thumb_width": 256,
                "thumb_height": 256,
                "service_icon": "http:\/\/www.redditstatic.com\/desktop2x\/img\/favicon\/apple-icon-57x57.png",
                "id": 1,
                "original_url": "https:\/\/www.reddit.com\/r\/Terraform\/comments\/h17qou\/when_you_dont_care_about_the_subnet\/"
            }
        ],
        "edited": {
            "user": "BG3N7LG73",
            "ts": "1591909017.000000"
        }
    },
    {
        "type": "message",
        "subtype": "bot_message",
        "text": "<https:\/\/www.reddit.com\/r\/Terraform\/comments\/h787ja\/what_do_you_do_when_terraform_doesnt_support_the\/|What do you do when Terraform doesn't support the new AWS feature or service?>\nI've run into an issue where I want to use AWS SFTP but whitelist IPs to specific source IPs. Unfortunately this isn't supported within Terraform yet.  What do you do in these scenarios? Do you build out with a different solution, build manually and import when Terraform supports the new feature?    submitted by   <https:\/\/www.reddit.com\/user\/Flipphones| \/u\/Flipphones > \n&lt;a...",
        "ts": "1591915011.095000",
        "username": "Terraform ALL the Worlds!",
        "icons": {
            "image_48": "https:\/\/s3-us-west-2.amazonaws.com\/slack-files2\/bot_icons\/2019-02-12\/548785199618_48.png"
        },
        "bot_id": "BG3N7LG73",
        "attachments": [
            {
                "service_name": "reddit",
                "title": "What do you do when Terraform doesn't support the new AWS feature or service?",
                "title_link": "https:\/\/www.reddit.com\/r\/Terraform\/comments\/h787ja\/what_do_you_do_when_terraform_doesnt_support_the\/",
                "text": "I've run into an issue where I want to use AWS SFTP but whitelist IPs to specific source IPs. Unfortunately this isn't supported within Terraform...",
                "fallback": "reddit: What do you do when Terraform doesn't support the new AWS feature or service?",
                "thumb_url": "https:\/\/www.redditstatic.com\/new-icon.png",
                "from_url": "https:\/\/www.reddit.com\/r\/Terraform\/comments\/h787ja\/what_do_you_do_when_terraform_doesnt_support_the\/",
                "thumb_width": 256,
                "thumb_height": 256,
                "service_icon": "http:\/\/www.redditstatic.com\/desktop2x\/img\/favicon\/apple-icon-57x57.png",
                "id": 1,
                "original_url": "https:\/\/www.reddit.com\/r\/Terraform\/comments\/h787ja\/what_do_you_do_when_terraform_doesnt_support_the\/"
            },
            {
                "title": "overview for Flipphones",
                "title_link": "https:\/\/www.reddit.com\/user\/Flipphones",
                "text": "The u\/Flipphones community on Reddit. Reddit gives you the best of the internet in one place.",
                "fallback": "overview for Flipphones",
                "from_url": "https:\/\/www.reddit.com\/user\/Flipphones",
                "service_icon": "http:\/\/www.redditstatic.com\/desktop2x\/img\/favicon\/apple-icon-57x57.png",
                "service_name": "reddit.com",
                "id": 2,
                "original_url": "https:\/\/www.reddit.com\/user\/Flipphones"
            }
        ],
        "edited": {
            "user": "BG3N7LG73",
            "ts": "1591915012.000000"
        }
    },
    {
        "type": "message",
        "subtype": "bot_message",
        "text": "<https:\/\/www.reddit.com\/r\/Terraform\/comments\/h78zj0\/infrastructure_as_code_terraform_azure_with\/|Infrastructure as Code - Terraform &amp; Azure with GitLab CI>\nA short, but detailed guide on how to start automating infrastructure (Azure in this example, but the concepts apply to anything!) using GitLab CI and Terraform. Constructive feedback on my first ever article is welcome! <https:\/\/medium.com\/@rdvansloten\/terraform-azure-gitlab-ci-cd-a39d161e2733|https:\/\/medium.com\/@rdvansloten\/terraform-azure-gitlab-ci-cd-a39d161e2733> If the above link doesn't work, or you're out of free Medium views, &lt;a...",
        "ts": "1591917412.095200",
        "username": "Terraform ALL the Worlds!",
        "icons": {
            "image_48": "https:\/\/s3-us-west-2.amazonaws.com\/slack-files2\/bot_icons\/2019-02-12\/548785199618_48.png"
        },
        "bot_id": "BG3N7LG73",
        "attachments": [
            {
                "service_name": "reddit",
                "title": "Infrastructure as Code - Terraform &amp; Azure with GitLab CI",
                "title_link": "https:\/\/www.reddit.com\/r\/Terraform\/comments\/h78zj0\/infrastructure_as_code_terraform_azure_with\/",
                "text": "A short, but detailed guide on how to start automating infrastructure (Azure in this example, but the concepts apply to anything!) using GitLab CI...",
                "fallback": "reddit: Infrastructure as Code - Terraform &amp; Azure with GitLab CI",
                "thumb_url": "https:\/\/www.redditstatic.com\/new-icon.png",
                "from_url": "https:\/\/www.reddit.com\/r\/Terraform\/comments\/h78zj0\/infrastructure_as_code_terraform_azure_with\/",
                "thumb_width": 256,
                "thumb_height": 256,
                "service_icon": "http:\/\/www.redditstatic.com\/desktop2x\/img\/favicon\/apple-icon-57x57.png",
                "id": 1,
                "original_url": "https:\/\/www.reddit.com\/r\/Terraform\/comments\/h78zj0\/infrastructure_as_code_terraform_azure_with\/"
            }
        ],
        "edited": {
            "user": "BG3N7LG73",
            "ts": "1591917412.000000"
        }
    },
    {
        "type": "message",
        "subtype": "bot_message",
        "text": "<https:\/\/www.reddit.com\/r\/Terraform\/comments\/h7c5ug\/terragrunt_root_module_scope_and_composition\/|Terragrunt \"Root\" Module Scope and Composition>\nBeen back and forth about this one in my head about how much \"scope\" to include in a module when combining terraform with terragrunt. I'm guessing it all sort of ends up as \"it depends\", but I'm curious what others have seen work or some pitfalls you may have encountered along the way. In Terragrunt, when I point to a root module, I can either point to a module which creates resources, or a module of modules, where each child\/nested module within creates the resources. Sometimes when I take...",
        "ts": "1591929413.095400",
        "username": "Terraform ALL the Worlds!",
        "icons": {
            "image_48": "https:\/\/s3-us-west-2.amazonaws.com\/slack-files2\/bot_icons\/2019-02-12\/548785199618_48.png"
        },
        "bot_id": "BG3N7LG73",
        "attachments": [
            {
                "service_name": "reddit",
                "title": "Terragrunt \"Root\" Module Scope and Composition",
                "title_link": "https:\/\/www.reddit.com\/r\/Terraform\/comments\/h7c5ug\/terragrunt_root_module_scope_and_composition\/",
                "text": "Been back and forth about this one in my head about how much \"scope\" to include in a module when combining terraform with terragrunt. I'm...",
                "fallback": "reddit: Terragrunt \"Root\" Module Scope and Composition",
                "thumb_url": "https:\/\/www.redditstatic.com\/new-icon.png",
                "from_url": "https:\/\/www.reddit.com\/r\/Terraform\/comments\/h7c5ug\/terragrunt_root_module_scope_and_composition\/",
                "thumb_width": 256,
                "thumb_height": 256,
                "service_icon": "http:\/\/www.redditstatic.com\/desktop2x\/img\/favicon\/apple-icon-57x57.png",
                "id": 1,
                "original_url": "https:\/\/www.reddit.com\/r\/Terraform\/comments\/h7c5ug\/terragrunt_root_module_scope_and_composition\/"
            }
        ],
        "edited": {
            "user": "BG3N7LG73",
            "ts": "1591929413.000000"
        }
    },
    {
        "type": "message",
        "subtype": "bot_message",
        "text": "<https:\/\/www.reddit.com\/r\/Terraform\/comments\/h7c6al\/terraform_with_iamlambdacloudwatch_for_ec2_backups\/|Terraform with IAM+Lambda+Cloudwatch for EC2 Backups>\nsubmitted by   <https:\/\/www.reddit.com\/user\/mindlessgrenade| \/u\/mindlessgrenade > \n<https:\/\/github.com\/chadgeary\/ec2_backups|[link]>   <https:\/\/www.reddit.com\/r\/Terraform\/comments\/h7c6al\/terraform_with_iamlambdacloudwatch_for_ec2_backups\/|[comments]>",
        "ts": "1591929413.095500",
        "username": "Terraform ALL the Worlds!",
        "icons": {
            "image_48": "https:\/\/s3-us-west-2.amazonaws.com\/slack-files2\/bot_icons\/2019-02-12\/548785199618_48.png"
        },
        "bot_id": "BG3N7LG73",
        "attachments": [
            {
                "service_name": "reddit",
                "title": "Terraform with IAM+Lambda+Cloudwatch for EC2 Backups",
                "title_link": "https:\/\/www.reddit.com\/r\/Terraform\/comments\/h7c6al\/terraform_with_iamlambdacloudwatch_for_ec2_backups\/",
                "text": "Posted in r\/Terraform by u\/mindlessgrenade • 1 point and 1 comment",
                "fallback": "reddit: Terraform with IAM+Lambda+Cloudwatch for EC2 Backups",
                "thumb_url": "https:\/\/b.thumbs.redditmedia.com\/HeVz_YDVnxte81eGkCpqiEG2E1OJS4VPJ3qXLWX3LXQ.jpg",
                "from_url": "https:\/\/www.reddit.com\/r\/Terraform\/comments\/h7c6al\/terraform_with_iamlambdacloudwatch_for_ec2_backups\/",
                "thumb_width": 140,
                "thumb_height": 140,
                "service_icon": "http:\/\/www.redditstatic.com\/desktop2x\/img\/favicon\/apple-icon-57x57.png",
                "id": 1,
                "original_url": "https:\/\/www.reddit.com\/r\/Terraform\/comments\/h7c6al\/terraform_with_iamlambdacloudwatch_for_ec2_backups\/"
            },
            {
                "title": "overview for mindlessgrenade",
                "title_link": "https:\/\/www.reddit.com\/user\/mindlessgrenade",
                "text": "The u\/mindlessgrenade community on Reddit. Reddit gives you the best of the internet in one place.",
                "fallback": "overview for mindlessgrenade",
                "from_url": "https:\/\/www.reddit.com\/user\/mindlessgrenade",
                "service_icon": "http:\/\/www.redditstatic.com\/desktop2x\/img\/favicon\/apple-icon-57x57.png",
                "service_name": "reddit.com",
                "id": 2,
                "original_url": "https:\/\/www.reddit.com\/user\/mindlessgrenade"
            },
            {
                "service_name": "GitHub",
                "title": "chadgeary\/ec2_backups",
                "title_link": "https:\/\/github.com\/chadgeary\/ec2_backups",
                "text": "Contribute to chadgeary\/ec2_backups development by creating an account on GitHub.",
                "fallback": "GitHub: chadgeary\/ec2_backups",
                "thumb_url": "https:\/\/avatars2.githubusercontent.com\/u\/5265585?s=400&v=4",
                "from_url": "https:\/\/github.com\/chadgeary\/ec2_backups",
                "thumb_width": 400,
                "thumb_height": 400,
                "service_icon": "https:\/\/a.slack-edge.com\/80588\/img\/unfurl_icons\/github.png",
                "id": 3,
                "original_url": "https:\/\/github.com\/chadgeary\/ec2_backups"
            }
        ],
        "edited": {
            "user": "BG3N7LG73",
            "ts": "1591929413.000000"
        }
    },
    {
        "type": "message",
        "subtype": "bot_message",
        "text": "<https:\/\/qiita.com\/hirokihello\/items\/93ba3f011c5ed2f5c40e|AWS transit gatewayの基本と、クロスアカウントで設定をするときに詰まったこと>\nhirokihelloです。今のインターン先の入社時はbashとshellの違いもわからなかったのに来るところまで来たなあと言う感じがあります。\n\n今回業務でAWSのtransit gatewayの設定をするときに勘違いをしていて詰まったので、詰まった部分を残しておきたいと思います。\n\n\n<https:\/\/qiita.com\/#transit-gateway%E3%81%A8%E3%81%AF%E3%81%AA%E3%82%93%E3%81%9E%E3%82%84>transit gatewayとはなんぞや\n\n外部に公開していないネットワーク内部への通信を、他のvpcやvpsから通信できるようにするAWSのハブみたいな機能。\n\n\n<https:\/\/qiita.com\/#%E4%BD%95%E3%81%8C%E5%AC%89%E3%81%97%E3%81%84%E3%81%AE%E3%81%8B>何が嬉しいのか?...",
        "ts": "1591940810.095800",
        "username": "Terraformタグが付けられた新着記事 - Qiita",
        "icons": {
            "image_36": "https:\/\/a.slack-edge.com\/80588\/img\/services\/rss_36.png",
            "image_48": "https:\/\/a.slack-edge.com\/80588\/img\/services\/rss_48.png",
            "image_72": "https:\/\/a.slack-edge.com\/80588\/img\/services\/rss_72.png"
        },
        "bot_id": "BG3N7LG73",
        "attachments": [
            {
                "service_name": "Qiita",
                "title": "クロスアカウントでAWSのtransit gatewayの基本と設定をするときに詰まったこと - Qiita",
                "title_link": "https:\/\/qiita.com\/hirokihello\/items\/93ba3f011c5ed2f5c40e",
                "text": "hirokihelloです。 今回業務でAWSのtransit gatewayの設定をするときに勘違いをしていて詰まったので、詰まった部分を残しておきたいと思います。 transit gatewayとはなんぞや 外部に公開して...",
                "fallback": "Qiita: クロスアカウントでAWSのtransit gatewayの基本と設定をするときに詰まったこと - Qiita",
                "image_url": "https:\/\/qiita-user-contents.imgix.net\/https%3A%2F%2Fcdn.qiita.com%2Fassets%2Fpublic%2Farticle-ogp-background-1150d8b18a7c15795b701a55ae908f94.png?ixlib=rb-1.2.2&w=1200&mark=https%3A%2F%2Fqiita-user-contents.imgix.net%2F~text%3Fixlib%3Drb-1.2.2%26w%3D840%26h%3D380%26txt%3D%25E3%2582%25AF%25E3%2583%25AD%25E3%2582%25B9%25E3%2582%25A2%25E3%2582%25AB%25E3%2582%25A6%25E3%2583%25B3%25E3%2583%2588%25E3%2581%25A7AWS%25E3%2581%25AEtransit%2520gateway%25E3%2581%25AE%25E5%259F%25BA%25E6%259C%25AC%25E3%2581%25A8%25E8%25A8%25AD%25E5%25AE%259A%25E3%2582%2592%25E3%2581%2599%25E3%2582%258B%25E3%2581%25A8%25E3%2581%258D%25E3%2581%25AB%25E8%25A9%25B0%25E3%2581%25BE%25E3%2581%25A3%25E3%2581%259F%25E3%2581%2593%25E3%2581%25A8%26txt-color%3D%2523333%26txt-font%3DAvenir-Black%26txt-size%3D54%26txt-clip%3Dellipsis%26txt-align%3Dcenter%252Cmiddle%26s%3D224ef2255659db17cba82103d3c98d4f&mark-align=center%2Cmiddle&blend=https%3A%2F%2Fqiita-user-contents.imgix.net%2F~text%3Fixlib%3Drb-1.2.2%26w%3D840%26h%3D500%26txt%3D%2540hirokihello%26txt-color%3D%2523333%26txt-font%3DAvenir-Black%26txt-size%3D45%26txt-align%3Dright%252Cbottom%26s%3D1f89821a348a7318aedac8e45245cc4b&blend-align=center%2Cmiddle&blend-mode=normal&s=46733b58f8bd3817175287303dde5944",
                "from_url": "https:\/\/qiita.com\/hirokihello\/items\/93ba3f011c5ed2f5c40e",
                "image_width": 476,
                "image_height": 250,
                "image_bytes": 63245,
                "service_icon": "https:\/\/cdn.qiita.com\/assets\/favicons\/public\/apple-touch-icon-ec5ba42a24ae923f16825592efdc356f.png",
                "id": 1,
                "original_url": "https:\/\/qiita.com\/hirokihello\/items\/93ba3f011c5ed2f5c40e"
            },
            {
                "service_name": "Qiita",
                "title": "プログラマの技術情報共有サービス - Qiita",
                "title_link": "https:\/\/qiita.com\/#transit-gateway%E3%81%A8%E3%81%AF%E3%81%AA%E3%82%93%E3%81%9E%E3%82%84",
                "text": "Qiitaは、プログラマのための技術情報共有サービスです。 プログラミングに関するTips、ノウハウ、メモを簡単に記録 &amp; 公開することができます。",
                "fallback": "Qiita: プログラマの技術情報共有サービス - Qiita",
                "thumb_url": "https:\/\/cdn.qiita.com\/assets\/qiita-fb-fe28c64039d925349e620ba55091e078.png",
                "from_url": "https:\/\/qiita.com\/#transit-gateway%E3%81%A8%E3%81%AF%E3%81%AA%E3%82%93%E3%81%9E%E3%82%84",
                "thumb_width": 1200,
                "thumb_height": 630,
                "service_icon": "https:\/\/cdn.qiita.com\/assets\/favicons\/public\/apple-touch-icon-ec5ba42a24ae923f16825592efdc356f.png",
                "id": 2,
                "original_url": "https:\/\/qiita.com\/#transit-gateway%E3%81%A8%E3%81%AF%E3%81%AA%E3%82%93%E3%81%9E%E3%82%84"
            },
            {
                "service_name": "Qiita",
                "title": "プログラマの技術情報共有サービス - Qiita",
                "title_link": "https:\/\/qiita.com\/#%E4%BD%95%E3%81%8C%E5%AC%89%E3%81%97%E3%81%84%E3%81%AE%E3%81%8B",
                "text": "Qiitaは、プログラマのための技術情報共有サービスです。 プログラミングに関するTips、ノウハウ、メモを簡単に記録 &amp; 公開することができます。",
                "fallback": "Qiita: プログラマの技術情報共有サービス - Qiita",
                "thumb_url": "https:\/\/cdn.qiita.com\/assets\/qiita-fb-fe28c64039d925349e620ba55091e078.png",
                "from_url": "https:\/\/qiita.com\/#%E4%BD%95%E3%81%8C%E5%AC%89%E3%81%97%E3%81%84%E3%81%AE%E3%81%8B",
                "thumb_width": 1200,
                "thumb_height": 630,
                "service_icon": "https:\/\/cdn.qiita.com\/assets\/favicons\/public\/apple-touch-icon-ec5ba42a24ae923f16825592efdc356f.png",
                "id": 3,
                "original_url": "https:\/\/qiita.com\/#%E4%BD%95%E3%81%8C%E5%AC%89%E3%81%97%E3%81%84%E3%81%AE%E3%81%8B"
            }
        ],
        "edited": {
            "user": "BG3N7LG73",
            "ts": "1591940811.000000"
        }
    }
]