[
    {
        "type": "message",
        "subtype": "bot_message",
        "text": "<https:\/\/www.reddit.com\/r\/Terraform\/comments\/gz1duc\/is_there_a_way_to_make_the_terraform_docs_take\/|Is there a way to make the terraform docs take advantage of wide monitors?>\nsubmitted by   <https:\/\/www.reddit.com\/user\/Soloeye| \/u\/Soloeye > \n<https:\/\/i.redd.it\/wmvqj95ffp351.png|[link]>   <https:\/\/www.reddit.com\/r\/Terraform\/comments\/gz1duc\/is_there_a_way_to_make_the_terraform_docs_take\/|[comments]>",
        "ts": "1591630617.086800",
        "username": "Terraform ALL the Worlds!",
        "icons": {
            "image_48": "https:\/\/s3-us-west-2.amazonaws.com\/slack-files2\/bot_icons\/2019-02-12\/548785199618_48.png"
        },
        "bot_id": "BG3N7LG73",
        "attachments": [
            {
                "service_name": "reddit",
                "title": "Is there a way to make the terraform docs take advantage of wide monitors?",
                "title_link": "https:\/\/www.reddit.com\/r\/Terraform\/comments\/gz1duc\/is_there_a_way_to_make_the_terraform_docs_take\/",
                "text": "Posted in r\/Terraform by u\/Soloeye • 1 point and 1 comment",
                "fallback": "reddit: Is there a way to make the terraform docs take advantage of wide monitors?",
                "thumb_url": "https:\/\/b.thumbs.redditmedia.com\/GjH4yE6rHcy2KABaUV6Cu6lwiTIxN67Zsi2KryzlRGg.jpg",
                "from_url": "https:\/\/www.reddit.com\/r\/Terraform\/comments\/gz1duc\/is_there_a_way_to_make_the_terraform_docs_take\/",
                "thumb_width": 140,
                "thumb_height": 73,
                "service_icon": "http:\/\/www.redditstatic.com\/desktop2x\/img\/favicon\/apple-icon-57x57.png",
                "id": 1,
                "original_url": "https:\/\/www.reddit.com\/r\/Terraform\/comments\/gz1duc\/is_there_a_way_to_make_the_terraform_docs_take\/"
            },
            {
                "title": "overview for Soloeye",
                "title_link": "https:\/\/www.reddit.com\/user\/Soloeye",
                "text": "The u\/Soloeye community on Reddit. Reddit gives you the best of the internet in one place.",
                "fallback": "overview for Soloeye",
                "from_url": "https:\/\/www.reddit.com\/user\/Soloeye",
                "service_icon": "http:\/\/www.redditstatic.com\/desktop2x\/img\/favicon\/apple-icon-57x57.png",
                "service_name": "reddit.com",
                "id": 2,
                "original_url": "https:\/\/www.reddit.com\/user\/Soloeye"
            },
            {
                "fallback": "3352x1768px image",
                "image_url": "https:\/\/i.redd.it\/wmvqj95ffp351.png",
                "image_width": 3352,
                "image_height": 1768,
                "image_bytes": 621307,
                "from_url": "https:\/\/i.redd.it\/wmvqj95ffp351.png",
                "id": 3,
                "original_url": "https:\/\/i.redd.it\/wmvqj95ffp351.png"
            }
        ],
        "edited": {
            "user": "BG3N7LG73",
            "ts": "1591630617.000000"
        }
    },
    {
        "type": "message",
        "subtype": "bot_message",
        "text": "<https:\/\/www.reddit.com\/r\/Terraform\/comments\/gz2vlc\/depends_on_is_a_weird_beast\/|depends_on is a weird beast...>\nHello! I have recently wrote a bunch of modules and came across a strange behavior. If you would state a resource depending on another one, depends_on directive is completely ignored if count on the latter is set to 0 resulting in dangling thing that should not be there. resource \"null_resource\" \"parent\"{ ... count = 0 } resource \"null_resource\" \"child\" { depends_on = [\"${null_resource.child}\"] ... }  This thing results in \"child\" being created even though no \"parent\" is actually there... I...",
        "ts": "1591635411.087000",
        "username": "Terraform ALL the Worlds!",
        "icons": {
            "image_48": "https:\/\/s3-us-west-2.amazonaws.com\/slack-files2\/bot_icons\/2019-02-12\/548785199618_48.png"
        },
        "bot_id": "BG3N7LG73",
        "attachments": [
            {
                "service_name": "reddit",
                "title": "depends_on is a weird beast...",
                "title_link": "https:\/\/www.reddit.com\/r\/Terraform\/comments\/gz2vlc\/depends_on_is_a_weird_beast\/",
                "text": "Hello! I have recently wrote a bunch of modules and came across a strange behavior. If you would state a resource depending on another one,...",
                "fallback": "reddit: depends_on is a weird beast...",
                "thumb_url": "https:\/\/www.redditstatic.com\/new-icon.png",
                "from_url": "https:\/\/www.reddit.com\/r\/Terraform\/comments\/gz2vlc\/depends_on_is_a_weird_beast\/",
                "thumb_width": 256,
                "thumb_height": 256,
                "service_icon": "http:\/\/www.redditstatic.com\/desktop2x\/img\/favicon\/apple-icon-57x57.png",
                "id": 1,
                "original_url": "https:\/\/www.reddit.com\/r\/Terraform\/comments\/gz2vlc\/depends_on_is_a_weird_beast\/"
            }
        ],
        "edited": {
            "user": "BG3N7LG73",
            "ts": "1591635412.000000"
        }
    },
    {
        "type": "message",
        "subtype": "bot_message",
        "text": "<https:\/\/www.reddit.com\/r\/Terraform\/comments\/gz74ho\/how_to_change_ec2_instance_size\/|How to change ec2 instance size>\nHello All, Could you please let me know how to change the ec2 instance size in Terraform without any downtime.    submitted by   <https:\/\/www.reddit.com\/user\/pradeep2s| \/u\/pradeep2s > \n<https:\/\/www.reddit.com\/r\/Terraform\/comments\/gz74ho\/how_to_change_ec2_instance_size\/|[link]>   <https:\/\/www.reddit.com\/r\/Terraform\/comments\/gz74ho\/how_to_change_ec2_instance_size\/|[comments]>",
        "ts": "1591648615.087200",
        "username": "Terraform ALL the Worlds!",
        "icons": {
            "image_48": "https:\/\/s3-us-west-2.amazonaws.com\/slack-files2\/bot_icons\/2019-02-12\/548785199618_48.png"
        },
        "bot_id": "BG3N7LG73",
        "attachments": [
            {
                "service_name": "reddit",
                "title": "How to change ec2 instance size",
                "title_link": "https:\/\/www.reddit.com\/r\/Terraform\/comments\/gz74ho\/how_to_change_ec2_instance_size\/",
                "text": "Hello All, Could you please let me know how to change the ec2 instance size in Terraform without any downtime.",
                "fallback": "reddit: How to change ec2 instance size",
                "thumb_url": "https:\/\/www.redditstatic.com\/new-icon.png",
                "from_url": "https:\/\/www.reddit.com\/r\/Terraform\/comments\/gz74ho\/how_to_change_ec2_instance_size\/",
                "thumb_width": 256,
                "thumb_height": 256,
                "service_icon": "http:\/\/www.redditstatic.com\/desktop2x\/img\/favicon\/apple-icon-57x57.png",
                "id": 1,
                "original_url": "https:\/\/www.reddit.com\/r\/Terraform\/comments\/gz74ho\/how_to_change_ec2_instance_size\/"
            },
            {
                "title": "overview for pradeep2s",
                "title_link": "https:\/\/www.reddit.com\/user\/pradeep2s",
                "text": "The u\/pradeep2s community on Reddit. Reddit gives you the best of the internet in one place.",
                "fallback": "overview for pradeep2s",
                "from_url": "https:\/\/www.reddit.com\/user\/pradeep2s",
                "service_icon": "http:\/\/www.redditstatic.com\/desktop2x\/img\/favicon\/apple-icon-57x57.png",
                "service_name": "reddit.com",
                "id": 2,
                "original_url": "https:\/\/www.reddit.com\/user\/pradeep2s"
            }
        ],
        "edited": {
            "user": "BG3N7LG73",
            "ts": "1591648616.000000"
        }
    },
    {
        "type": "message",
        "subtype": "bot_message",
        "text": "<https:\/\/www.reddit.com\/r\/Terraform\/comments\/gz7ikr\/known_after_apply\/|\"(known after apply)\"!?!>\nHi, I'm a noob at terraform importing things over from Cloudformation. I imported a aws_s3_bucket_policy, but whenever I try implementing the config file, I run into a frustrating problem: - I am using aws_iam_policy_document data source to write out the policy - The bucket policy relies on the arn from an aws_s3_bucket resource - When I do a \"terraform plan\", it says that the policy of the aws_s3_bucket_policy will change to (known after apply), and that the aws_iam_policy_document will will...",
        "ts": "1591649814.087400",
        "username": "Terraform ALL the Worlds!",
        "icons": {
            "image_48": "https:\/\/s3-us-west-2.amazonaws.com\/slack-files2\/bot_icons\/2019-02-12\/548785199618_48.png"
        },
        "bot_id": "BG3N7LG73",
        "attachments": [
            {
                "service_name": "reddit",
                "title": "\"(known after apply)\"!?!",
                "title_link": "https:\/\/www.reddit.com\/r\/Terraform\/comments\/gz7ikr\/known_after_apply\/",
                "text": "Hi, I'm a noob at terraform importing things over from Cloudformation. I imported a aws\\_s3\\_bucket\\_policy, but whenever I try implementing the...",
                "fallback": "reddit: \"(known after apply)\"!?!",
                "thumb_url": "https:\/\/www.redditstatic.com\/new-icon.png",
                "from_url": "https:\/\/www.reddit.com\/r\/Terraform\/comments\/gz7ikr\/known_after_apply\/",
                "thumb_width": 256,
                "thumb_height": 256,
                "service_icon": "http:\/\/www.redditstatic.com\/desktop2x\/img\/favicon\/apple-icon-57x57.png",
                "id": 1,
                "original_url": "https:\/\/www.reddit.com\/r\/Terraform\/comments\/gz7ikr\/known_after_apply\/"
            }
        ],
        "edited": {
            "user": "BG3N7LG73",
            "ts": "1591649814.000000"
        }
    },
    {
        "type": "message",
        "subtype": "bot_message",
        "text": "<https:\/\/www.reddit.com\/r\/Terraform\/comments\/gza69b\/terraform_structural_patterns\/|Terraform structural patterns>\nHi Guys,  I know the benefits of using modules in TF. I structure code with modules and client apps. However, what other structural patterns are there?    submitted by   <https:\/\/www.reddit.com\/user\/GSS55| \/u\/GSS55 > \n<https:\/\/www.reddit.com\/r\/Terraform\/comments\/gza69b\/terraform_structural_patterns\/|[link]>   <https:\/\/www.reddit.com\/r\/Terraform\/comments\/gza69b\/terraform_structural_patterns\/|[comments]>",
        "ts": "1591657018.087600",
        "username": "Terraform ALL the Worlds!",
        "icons": {
            "image_48": "https:\/\/s3-us-west-2.amazonaws.com\/slack-files2\/bot_icons\/2019-02-12\/548785199618_48.png"
        },
        "bot_id": "BG3N7LG73",
        "attachments": [
            {
                "service_name": "reddit",
                "title": "Terraform structural patterns",
                "title_link": "https:\/\/www.reddit.com\/r\/Terraform\/comments\/gza69b\/terraform_structural_patterns\/",
                "text": "Hi Guys, I know the benefits of using modules in TF. I structure code with modules and client apps. However, what other structural patterns are...",
                "fallback": "reddit: Terraform structural patterns",
                "thumb_url": "https:\/\/www.redditstatic.com\/new-icon.png",
                "from_url": "https:\/\/www.reddit.com\/r\/Terraform\/comments\/gza69b\/terraform_structural_patterns\/",
                "thumb_width": 256,
                "thumb_height": 256,
                "service_icon": "http:\/\/www.redditstatic.com\/desktop2x\/img\/favicon\/apple-icon-57x57.png",
                "id": 1,
                "original_url": "https:\/\/www.reddit.com\/r\/Terraform\/comments\/gza69b\/terraform_structural_patterns\/"
            },
            {
                "title": "reddit.com: over 18?",
                "title_link": "https:\/\/www.reddit.com\/user\/GSS55",
                "text": "Reddit gives you the best of the internet in one place. Get a constantly updating feed of breaking news, fun stories, pics, memes, and videos just for you. Passionate about something niche? Reddit has thousands of vibrant communities with people that share your interests. Alternatively, find out what’s trending across all of Reddit on r\/popular. Reddit is also anonymous so you can be yourself, with your Reddit profile and persona disconnected from your real-world identity.",
                "fallback": "reddit.com: over 18?",
                "from_url": "https:\/\/www.reddit.com\/user\/GSS55",
                "service_icon": "http:\/\/www.redditstatic.com\/desktop2x\/img\/favicon\/apple-icon-57x57.png",
                "service_name": "reddit.com",
                "id": 2,
                "original_url": "https:\/\/www.reddit.com\/user\/GSS55"
            }
        ],
        "edited": {
            "user": "BG3N7LG73",
            "ts": "1591657018.000000"
        }
    },
    {
        "type": "message",
        "subtype": "bot_message",
        "text": "<https:\/\/www.reddit.com\/r\/Terraform\/comments\/gzfoll\/up_skill_for_free\/|UP SKILL for FREE>\nHashiCorp Terraform has been gaining massive popularity in the market recently. HashiCorp has already released Terraform Associate Certification. If you are looking to pass the HashiCorp Certified: Terraform Associate exam this is the practice test for you. Enroll for FREE before 6\/11 &lt;a...",
        "ts": "1591676213.087800",
        "username": "Terraform ALL the Worlds!",
        "icons": {
            "image_48": "https:\/\/s3-us-west-2.amazonaws.com\/slack-files2\/bot_icons\/2019-02-12\/548785199618_48.png"
        },
        "bot_id": "BG3N7LG73",
        "attachments": [
            {
                "service_name": "reddit",
                "title": "UP SKILL for FREE",
                "title_link": "https:\/\/www.reddit.com\/r\/Terraform\/comments\/gzfoll\/up_skill_for_free\/",
                "text": "HashiCorp Terraform has been gaining massive popularity in the market recently. HashiCorp has already released Terraform Associate...",
                "fallback": "reddit: UP SKILL for FREE",
                "thumb_url": "https:\/\/www.redditstatic.com\/new-icon.png",
                "from_url": "https:\/\/www.reddit.com\/r\/Terraform\/comments\/gzfoll\/up_skill_for_free\/",
                "thumb_width": 256,
                "thumb_height": 256,
                "service_icon": "http:\/\/www.redditstatic.com\/desktop2x\/img\/favicon\/apple-icon-57x57.png",
                "id": 1,
                "original_url": "https:\/\/www.reddit.com\/r\/Terraform\/comments\/gzfoll\/up_skill_for_free\/"
            }
        ],
        "edited": {
            "user": "BG3N7LG73",
            "ts": "1591676213.000000"
        }
    }
]