[
    {
        "type": "message",
        "subtype": "bot_message",
        "text": "<https:\/\/www.reddit.com\/r\/Terraform\/comments\/heazv4\/should_i_learn_ansible_before_terraform\/|Should I learn ansible before terraform?>\nJust deciding which cert to pursue next.    submitted by   <https:\/\/www.reddit.com\/user\/Born2Bbad| \/u\/Born2Bbad > \n<https:\/\/www.reddit.com\/r\/Terraform\/comments\/heazv4\/should_i_learn_ansible_before_terraform\/|[link]>   <https:\/\/www.reddit.com\/r\/Terraform\/comments\/heazv4\/should_i_learn_ansible_before_terraform\/|[comments]>",
        "ts": "1592902617.112300",
        "username": "Terraform ALL the Worlds!",
        "icons": {
            "image_48": "https:\/\/s3-us-west-2.amazonaws.com\/slack-files2\/bot_icons\/2019-02-12\/548785199618_48.png"
        },
        "bot_id": "BG3N7LG73",
        "attachments": [
            {
                "service_name": "reddit",
                "title": "Should I learn ansible before terraform?",
                "title_link": "https:\/\/www.reddit.com\/r\/Terraform\/comments\/heazv4\/should_i_learn_ansible_before_terraform\/",
                "text": "Just deciding which cert to pursue next.",
                "fallback": "reddit: Should I learn ansible before terraform?",
                "thumb_url": "https:\/\/www.redditstatic.com\/new-icon.png",
                "from_url": "https:\/\/www.reddit.com\/r\/Terraform\/comments\/heazv4\/should_i_learn_ansible_before_terraform\/",
                "thumb_width": 256,
                "thumb_height": 256,
                "service_icon": "http:\/\/www.redditstatic.com\/desktop2x\/img\/favicon\/apple-icon-57x57.png",
                "id": 1,
                "original_url": "https:\/\/www.reddit.com\/r\/Terraform\/comments\/heazv4\/should_i_learn_ansible_before_terraform\/"
            },
            {
                "title": "overview for Born2Bbad",
                "title_link": "https:\/\/www.reddit.com\/user\/Born2Bbad",
                "text": "The u\/Born2Bbad community on Reddit. Reddit gives you the best of the internet in one place.",
                "fallback": "overview for Born2Bbad",
                "from_url": "https:\/\/www.reddit.com\/user\/Born2Bbad",
                "service_icon": "http:\/\/www.redditstatic.com\/desktop2x\/img\/favicon\/apple-icon-57x57.png",
                "service_name": "reddit.com",
                "id": 2,
                "original_url": "https:\/\/www.reddit.com\/user\/Born2Bbad"
            }
        ],
        "edited": {
            "user": "BG3N7LG73",
            "ts": "1592902617.000000"
        }
    },
    {
        "type": "message",
        "subtype": "bot_message",
        "text": "<https:\/\/www.reddit.com\/r\/Terraform\/comments\/heb5lw\/var_in_json_from_tf\/|Var in JSON from TF>\nI've got 2 files(simplified), one a tf and the other a json, I am trying to merge all the tasks together but i'm having trouble finding a way to include an Attribute Reference in the json file, does anyone have any ideas or am I trying to achieve the impossible? <http:\/\/Service.tf|Service.tf>: resource \"aws_appmesh_virtual_node\" \"TestNode\" { name = \"TestNode\" } resource \"aws_ecs_task_definition\" \"TaskDef\" { container_definitions = \"${file(\"test.json\")}\" }  Test.json: [ { \"name\": \"HelloWorld\", \"environment\":...",
        "ts": "1592903815.112500",
        "username": "Terraform ALL the Worlds!",
        "icons": {
            "image_48": "https:\/\/s3-us-west-2.amazonaws.com\/slack-files2\/bot_icons\/2019-02-12\/548785199618_48.png"
        },
        "bot_id": "BG3N7LG73",
        "attachments": [
            {
                "service_name": "reddit",
                "title": "Var in JSON from TF",
                "title_link": "https:\/\/www.reddit.com\/r\/Terraform\/comments\/heb5lw\/var_in_json_from_tf\/",
                "text": "I've got 2 files(simplified), one a tf and the other a json, I am trying to merge all the tasks together but i'm having trouble finding a way to...",
                "fallback": "reddit: Var in JSON from TF",
                "thumb_url": "https:\/\/www.redditstatic.com\/new-icon.png",
                "from_url": "https:\/\/www.reddit.com\/r\/Terraform\/comments\/heb5lw\/var_in_json_from_tf\/",
                "thumb_width": 256,
                "thumb_height": 256,
                "service_icon": "http:\/\/www.redditstatic.com\/desktop2x\/img\/favicon\/apple-icon-57x57.png",
                "id": 1,
                "original_url": "https:\/\/www.reddit.com\/r\/Terraform\/comments\/heb5lw\/var_in_json_from_tf\/"
            }
        ],
        "edited": {
            "user": "BG3N7LG73",
            "ts": "1592903815.000000"
        }
    },
    {
        "type": "message",
        "subtype": "bot_message",
        "text": "<https:\/\/www.reddit.com\/r\/Terraform\/comments\/hebpdq\/prevent_base_image_to_be_updated_while_creating\/|Prevent base image to be updated while creating additional GCP Compute Instance>\nHi All,\n I created a new DCOS Cluster on GCP starting from Terraform templates here: <https:\/\/github.com\/dcos-terraform\/terraform-gcp-dcos|https:\/\/github.com\/dcos-terraform\/terraform-gcp-dcos> .  We added some customization to the base image of private agents so that, I specified the new one in TF parameters. Unfortunately, once I try to increase the no. of instances of the cluster, TF is also trying to update ALL other instances (thus introducing a downtime as the destruction and...",
        "ts": "1592906213.112700",
        "username": "Terraform ALL the Worlds!",
        "icons": {
            "image_48": "https:\/\/s3-us-west-2.amazonaws.com\/slack-files2\/bot_icons\/2019-02-12\/548785199618_48.png"
        },
        "bot_id": "BG3N7LG73",
        "attachments": [
            {
                "service_name": "reddit",
                "title": "Prevent base image to be updated while creating additional GCP Compute Instance",
                "title_link": "https:\/\/www.reddit.com\/r\/Terraform\/comments\/hebpdq\/prevent_base_image_to_be_updated_while_creating\/",
                "text": "Hi All, I created a new DCOS Cluster on GCP starting from Terraform templates here:...",
                "fallback": "reddit: Prevent base image to be updated while creating additional GCP Compute Instance",
                "thumb_url": "https:\/\/www.redditstatic.com\/new-icon.png",
                "from_url": "https:\/\/www.reddit.com\/r\/Terraform\/comments\/hebpdq\/prevent_base_image_to_be_updated_while_creating\/",
                "thumb_width": 256,
                "thumb_height": 256,
                "service_icon": "http:\/\/www.redditstatic.com\/desktop2x\/img\/favicon\/apple-icon-57x57.png",
                "id": 1,
                "original_url": "https:\/\/www.reddit.com\/r\/Terraform\/comments\/hebpdq\/prevent_base_image_to_be_updated_while_creating\/"
            },
            {
                "service_name": "GitHub",
                "title": "dcos-terraform\/terraform-gcp-dcos",
                "title_link": "https:\/\/github.com\/dcos-terraform\/terraform-gcp-dcos",
                "text": "Creates a DC\/OS Cluster on GCP | Convenience Wrapper for GCP - dcos-terraform\/terraform-gcp-dcos",
                "fallback": "GitHub: dcos-terraform\/terraform-gcp-dcos",
                "thumb_url": "https:\/\/avatars3.githubusercontent.com\/u\/41620846?s=400&v=4",
                "from_url": "https:\/\/github.com\/dcos-terraform\/terraform-gcp-dcos",
                "thumb_width": 256,
                "thumb_height": 256,
                "service_icon": "https:\/\/a.slack-edge.com\/80588\/img\/unfurl_icons\/github.png",
                "id": 2,
                "original_url": "https:\/\/github.com\/dcos-terraform\/terraform-gcp-dcos"
            }
        ],
        "edited": {
            "user": "BG3N7LG73",
            "ts": "1592906213.000000"
        }
    },
    {
        "type": "message",
        "subtype": "bot_message",
        "text": "<https:\/\/www.reddit.com\/r\/Terraform\/comments\/hecjyi\/add_multiple_parameters_to_an_automation_task\/|Add multiple parameters to an automation task under aws_ssm_maintenance_window_task>\nI am not very sure how to phrase this..But I am stuck here.  I am following the example <https:\/\/www.terraform.io\/docs\/providers\/aws\/r\/ssm_maintenance_window_task.html|here>. I want to execute and SSM Automation task under this maintenance window. So there is the option to give the parameters required for this automation.   task_invocation_parameters { automation_parameters { document_version = \"$LATEST\" parameter { name = \"InstanceId\" values = [\"${aws_instance.example.id}\"] } }...",
        "ts": "1592911011.112900",
        "username": "Terraform ALL the Worlds!",
        "icons": {
            "image_48": "https:\/\/s3-us-west-2.amazonaws.com\/slack-files2\/bot_icons\/2019-02-12\/548785199618_48.png"
        },
        "bot_id": "BG3N7LG73",
        "attachments": [
            {
                "service_name": "reddit",
                "title": "Add multiple parameters to an automation task under aws_ssm_maintenance_window_task",
                "title_link": "https:\/\/www.reddit.com\/r\/Terraform\/comments\/hecjyi\/add_multiple_parameters_to_an_automation_task\/",
                "text": "I am not very sure how to phrase this..But I am stuck here. I am following the example...",
                "fallback": "reddit: Add multiple parameters to an automation task under aws_ssm_maintenance_window_task",
                "thumb_url": "https:\/\/www.redditstatic.com\/new-icon.png",
                "from_url": "https:\/\/www.reddit.com\/r\/Terraform\/comments\/hecjyi\/add_multiple_parameters_to_an_automation_task\/",
                "thumb_width": 256,
                "thumb_height": 256,
                "service_icon": "http:\/\/www.redditstatic.com\/desktop2x\/img\/favicon\/apple-icon-57x57.png",
                "id": 1,
                "original_url": "https:\/\/www.reddit.com\/r\/Terraform\/comments\/hecjyi\/add_multiple_parameters_to_an_automation_task\/"
            },
            {
                "service_name": "Terraform by HashiCorp",
                "title": "AWS: aws_ssm_maintenance_window_task - Terraform by HashiCorp",
                "title_link": "https:\/\/www.terraform.io\/docs\/providers\/aws\/r\/ssm_maintenance_window_task.html",
                "text": "Provides an SSM Maintenance Window Task resource",
                "fallback": "Terraform by HashiCorp: AWS: aws_ssm_maintenance_window_task - Terraform by HashiCorp",
                "thumb_url": "https:\/\/www.terraform.io\/assets\/images\/og-image-8b3e4f7d.png",
                "from_url": "https:\/\/www.terraform.io\/docs\/providers\/aws\/r\/ssm_maintenance_window_task.html",
                "thumb_width": 712,
                "thumb_height": 712,
                "service_icon": "https:\/\/www.terraform.io\/assets\/images\/favicons\/apple-touch-icon-13180a24.png",
                "id": 2,
                "original_url": "https:\/\/www.terraform.io\/docs\/providers\/aws\/r\/ssm_maintenance_window_task.html"
            }
        ],
        "edited": {
            "user": "BG3N7LG73",
            "ts": "1592911011.000000"
        }
    },
    {
        "type": "message",
        "subtype": "bot_message",
        "text": "<https:\/\/qiita.com\/TG1050\/items\/202862069c0b89544275|TerraformでAWS VPCを作成する>\nTerraformでAWS VPCを作成するコード\n\n\n<https:\/\/qiita.com\/#%E5%AE%9F%E8%A1%8C%E7%92%B0%E5%A2%83>実行環境\n\nWindows 10 Home (1919)\nGit Bash (git version 2.25.1.windows.1)\nAWS CLI (aws-cli\/2.0.3 Python\/3.7.5 Windows\/10 botocore\/2.0.0dev7)\nTerraform (v0.12.26)\n\n<https:\/\/qiita.com\/#%E4%BD%9C%E6%88%90%E3%81%99%E3%82%8B%E6%A7%8B%E6%88%90>作成する構成\n\nまっさらな環境にVPCを1つ作成\n\n&lt;a...",
        "ts": "1592916413.113100",
        "username": "Terraformタグが付けられた新着記事 - Qiita",
        "icons": {
            "image_36": "https:\/\/a.slack-edge.com\/80588\/img\/services\/rss_36.png",
            "image_48": "https:\/\/a.slack-edge.com\/80588\/img\/services\/rss_48.png",
            "image_72": "https:\/\/a.slack-edge.com\/80588\/img\/services\/rss_72.png"
        },
        "bot_id": "BG3N7LG73",
        "attachments": [
            {
                "service_name": "Qiita",
                "title": "TerraformでAWS VPCを作成する - Qiita",
                "title_link": "https:\/\/qiita.com\/TG1050\/items\/202862069c0b89544275",
                "text": "TerraformでAWS VPCを作成するコード 実行環境 Windows 10 Home (1919) Git Bash (git version 2.25.1.windows.1) AWS CLI (aws-cli\/2....",
                "fallback": "Qiita: TerraformでAWS VPCを作成する - Qiita",
                "image_url": "https:\/\/qiita-user-contents.imgix.net\/https%3A%2F%2Fcdn.qiita.com%2Fassets%2Fpublic%2Farticle-ogp-background-1150d8b18a7c15795b701a55ae908f94.png?ixlib=rb-1.2.2&w=1200&mark=https%3A%2F%2Fqiita-user-contents.imgix.net%2F~text%3Fixlib%3Drb-1.2.2%26w%3D840%26h%3D380%26txt%3DTerraform%25E3%2581%25A7AWS%2520VPC%25E3%2582%2592%25E4%25BD%259C%25E6%2588%2590%25E3%2581%2599%25E3%2582%258B%26txt-color%3D%2523333%26txt-font%3DAvenir-Black%26txt-size%3D54%26txt-clip%3Dellipsis%26txt-align%3Dcenter%252Cmiddle%26s%3D984eca9197c9bd2416a3910ce502307b&mark-align=center%2Cmiddle&blend=https%3A%2F%2Fqiita-user-contents.imgix.net%2F~text%3Fixlib%3Drb-1.2.2%26w%3D840%26h%3D500%26txt%3D%2540TG1050%26txt-color%3D%2523333%26txt-font%3DAvenir-Black%26txt-size%3D45%26txt-align%3Dright%252Cbottom%26s%3D0891f8ee752f9e735504fdaa5ca4caf1&blend-align=center%2Cmiddle&blend-mode=normal&s=50bac51412f479825e8c15726232799a",
                "from_url": "https:\/\/qiita.com\/TG1050\/items\/202862069c0b89544275",
                "image_width": 476,
                "image_height": 250,
                "image_bytes": 38766,
                "service_icon": "https:\/\/cdn.qiita.com\/assets\/favicons\/public\/apple-touch-icon-ec5ba42a24ae923f16825592efdc356f.png",
                "id": 1,
                "original_url": "https:\/\/qiita.com\/TG1050\/items\/202862069c0b89544275"
            },
            {
                "service_name": "Qiita",
                "title": "プログラマの技術情報共有サービス - Qiita",
                "title_link": "https:\/\/qiita.com\/#%E5%AE%9F%E8%A1%8C%E7%92%B0%E5%A2%83",
                "text": "Qiitaは、プログラマのための技術情報共有サービスです。 プログラミングに関するTips、ノウハウ、メモを簡単に記録 &amp; 公開することができます。",
                "fallback": "Qiita: プログラマの技術情報共有サービス - Qiita",
                "thumb_url": "https:\/\/cdn.qiita.com\/assets\/qiita-fb-fe28c64039d925349e620ba55091e078.png",
                "from_url": "https:\/\/qiita.com\/#%E5%AE%9F%E8%A1%8C%E7%92%B0%E5%A2%83",
                "thumb_width": 1200,
                "thumb_height": 630,
                "service_icon": "https:\/\/cdn.qiita.com\/assets\/favicons\/public\/apple-touch-icon-ec5ba42a24ae923f16825592efdc356f.png",
                "id": 2,
                "original_url": "https:\/\/qiita.com\/#%E5%AE%9F%E8%A1%8C%E7%92%B0%E5%A2%83"
            },
            {
                "service_name": "Qiita",
                "title": "プログラマの技術情報共有サービス - Qiita",
                "title_link": "https:\/\/qiita.com\/#%E4%BD%9C%E6%88%90%E3%81%99%E3%82%8B%E6%A7%8B%E6%88%90",
                "text": "Qiitaは、プログラマのための技術情報共有サービスです。 プログラミングに関するTips、ノウハウ、メモを簡単に記録 &amp; 公開することができます。",
                "fallback": "Qiita: プログラマの技術情報共有サービス - Qiita",
                "thumb_url": "https:\/\/cdn.qiita.com\/assets\/qiita-fb-fe28c64039d925349e620ba55091e078.png",
                "from_url": "https:\/\/qiita.com\/#%E4%BD%9C%E6%88%90%E3%81%99%E3%82%8B%E6%A7%8B%E6%88%90",
                "thumb_width": 1200,
                "thumb_height": 630,
                "service_icon": "https:\/\/cdn.qiita.com\/assets\/favicons\/public\/apple-touch-icon-ec5ba42a24ae923f16825592efdc356f.png",
                "id": 3,
                "original_url": "https:\/\/qiita.com\/#%E4%BD%9C%E6%88%90%E3%81%99%E3%82%8B%E6%A7%8B%E6%88%90"
            }
        ],
        "edited": {
            "user": "BG3N7LG73",
            "ts": "1592916414.000000"
        }
    },
    {
        "type": "message",
        "subtype": "bot_message",
        "text": "<https:\/\/www.reddit.com\/r\/Terraform\/comments\/hefmzx\/drift_detection\/|Drift Detection>\nThe topic of drift comes up a lot, but I haven't really been able to find a good answer on it. I'm looking into potential ways of solving it, but is it a major concern for most of you or an acceptable risk? Do you just update state files? Do you accept that it just happens and you're ok with it? Just generally interested on the perspective others have on it.    submitted by   <https:\/\/www.reddit.com\/user\/rsc625| \/u\/rsc625 > \n&lt;a...",
        "ts": "1592923016.113300",
        "username": "Terraform ALL the Worlds!",
        "icons": {
            "image_48": "https:\/\/s3-us-west-2.amazonaws.com\/slack-files2\/bot_icons\/2019-02-12\/548785199618_48.png"
        },
        "bot_id": "BG3N7LG73",
        "attachments": [
            {
                "service_name": "reddit",
                "title": "Drift Detection",
                "title_link": "https:\/\/www.reddit.com\/r\/Terraform\/comments\/hefmzx\/drift_detection\/",
                "text": "The topic of drift comes up a lot, but I haven't really been able to find a good answer on it. I'm looking into potential ways of solving it, but...",
                "fallback": "reddit: Drift Detection",
                "thumb_url": "https:\/\/www.redditstatic.com\/new-icon.png",
                "from_url": "https:\/\/www.reddit.com\/r\/Terraform\/comments\/hefmzx\/drift_detection\/",
                "thumb_width": 256,
                "thumb_height": 256,
                "service_icon": "http:\/\/www.redditstatic.com\/desktop2x\/img\/favicon\/apple-icon-57x57.png",
                "id": 1,
                "original_url": "https:\/\/www.reddit.com\/r\/Terraform\/comments\/hefmzx\/drift_detection\/"
            },
            {
                "title": "overview for rsc625",
                "title_link": "https:\/\/www.reddit.com\/user\/rsc625",
                "text": "The u\/rsc625 community on Reddit. Reddit gives you the best of the internet in one place.",
                "fallback": "overview for rsc625",
                "from_url": "https:\/\/www.reddit.com\/user\/rsc625",
                "service_icon": "http:\/\/www.redditstatic.com\/desktop2x\/img\/favicon\/apple-icon-57x57.png",
                "service_name": "reddit.com",
                "id": 2,
                "original_url": "https:\/\/www.reddit.com\/user\/rsc625"
            }
        ],
        "edited": {
            "user": "BG3N7LG73",
            "ts": "1592923016.000000"
        }
    },
    {
        "type": "message",
        "subtype": "bot_message",
        "text": "<https:\/\/www.reddit.com\/r\/Terraform\/comments\/heg6xp\/updating_aws_autoscaling_groups_with_terraform\/|Updating AWS autoscaling groups with Terraform and preserving desired capacity>\nsubmitted by   <https:\/\/www.reddit.com\/user\/gkorland| \/u\/gkorland > \n<https:\/\/engineering.redislabs.com\/posts\/aws-autoscaling-groups-with-terraform\/|[link]>   <https:\/\/www.reddit.com\/r\/Terraform\/comments\/heg6xp\/updating_aws_autoscaling_groups_with_terraform\/|[comments]>",
        "ts": "1592925416.113500",
        "username": "Terraform ALL the Worlds!",
        "icons": {
            "image_48": "https:\/\/s3-us-west-2.amazonaws.com\/slack-files2\/bot_icons\/2019-02-12\/548785199618_48.png"
        },
        "bot_id": "BG3N7LG73",
        "attachments": [
            {
                "service_name": "reddit",
                "title": "Updating AWS autoscaling groups with Terraform and preserving desired capacity",
                "title_link": "https:\/\/www.reddit.com\/r\/Terraform\/comments\/heg6xp\/updating_aws_autoscaling_groups_with_terraform\/",
                "text": "Posted in r\/Terraform by u\/gkorland • 1 point and 0 comments",
                "fallback": "reddit: Updating AWS autoscaling groups with Terraform and preserving desired capacity",
                "thumb_url": "https:\/\/www.redditstatic.com\/new-icon.png",
                "from_url": "https:\/\/www.reddit.com\/r\/Terraform\/comments\/heg6xp\/updating_aws_autoscaling_groups_with_terraform\/",
                "thumb_width": 256,
                "thumb_height": 256,
                "service_icon": "http:\/\/www.redditstatic.com\/desktop2x\/img\/favicon\/apple-icon-57x57.png",
                "id": 1,
                "original_url": "https:\/\/www.reddit.com\/r\/Terraform\/comments\/heg6xp\/updating_aws_autoscaling_groups_with_terraform\/"
            },
            {
                "title": "overview for gkorland",
                "title_link": "https:\/\/www.reddit.com\/user\/gkorland",
                "text": "The u\/gkorland community on Reddit. Reddit gives you the best of the internet in one place.",
                "fallback": "overview for gkorland",
                "from_url": "https:\/\/www.reddit.com\/user\/gkorland",
                "service_icon": "http:\/\/www.redditstatic.com\/desktop2x\/img\/favicon\/apple-icon-57x57.png",
                "service_name": "reddit.com",
                "id": 2,
                "original_url": "https:\/\/www.reddit.com\/user\/gkorland"
            },
            {
                "title": "Updating AWS autoscaling groups with Terraform and preserving desired capacity | Redis Labs Engineering Blog",
                "title_link": "https:\/\/engineering.redislabs.com\/posts\/aws-autoscaling-groups-with-terraform\/",
                "text": "Redis Labs Engineering Blog",
                "fallback": "Updating AWS autoscaling groups with Terraform and preserving desired capacity | Redis Labs Engineering Blog",
                "from_url": "https:\/\/engineering.redislabs.com\/posts\/aws-autoscaling-groups-with-terraform\/",
                "service_icon": "https:\/\/engineering.redislabs.com\/apple-touch-icon.png",
                "service_name": "engineering.redislabs.com",
                "id": 3,
                "original_url": "https:\/\/engineering.redislabs.com\/posts\/aws-autoscaling-groups-with-terraform\/"
            }
        ],
        "edited": {
            "user": "BG3N7LG73",
            "ts": "1592925417.000000"
        }
    },
    {
        "type": "message",
        "subtype": "bot_message",
        "text": "<https:\/\/www.reddit.com\/r\/Terraform\/comments\/heh6yb\/can_a_terrafor_module_reuse_the_same_variables\/|Can a terrafor module reuse the same variables from another module? (AWS subnet)>\nIf I have something like this below in my modules\/subnets\/public.tf file, is this legit? I am trying to figure out how to reuse a module to create public subnets, instead of creating each one individually. ​ resource \"aws_subnet\" \"si_main_publicsubnet_az1\" {\nvpc_id = \"${var.vpc_id}\"\ncidr_block = \"${var.cidr_block}\"\navailability_zone = \"${var.availability_zone}\"\ntags = \"${var.tags}\"\n}\nresource \"aws_subnet\" \"si_main_publicsubnet_az2\" {\nvpc_id = \"${var.vpc_id}\"\ncidr_block = \"${var.cidr_block}\"...",
        "ts": "1592929016.113700",
        "username": "Terraform ALL the Worlds!",
        "icons": {
            "image_48": "https:\/\/s3-us-west-2.amazonaws.com\/slack-files2\/bot_icons\/2019-02-12\/548785199618_48.png"
        },
        "bot_id": "BG3N7LG73",
        "attachments": [
            {
                "service_name": "reddit",
                "title": "Can a terrafor module reuse the same variables from another module? (AWS subnet)",
                "title_link": "https:\/\/www.reddit.com\/r\/Terraform\/comments\/heh6yb\/can_a_terrafor_module_reuse_the_same_variables\/",
                "text": "If I have something like this below in my modules\/subnets\/public.tf file, is this legit? I am trying to figure out how to reuse a module to create...",
                "fallback": "reddit: Can a terrafor module reuse the same variables from another module? (AWS subnet)",
                "thumb_url": "https:\/\/www.redditstatic.com\/new-icon.png",
                "from_url": "https:\/\/www.reddit.com\/r\/Terraform\/comments\/heh6yb\/can_a_terrafor_module_reuse_the_same_variables\/",
                "thumb_width": 256,
                "thumb_height": 256,
                "service_icon": "http:\/\/www.redditstatic.com\/desktop2x\/img\/favicon\/apple-icon-57x57.png",
                "id": 1,
                "original_url": "https:\/\/www.reddit.com\/r\/Terraform\/comments\/heh6yb\/can_a_terrafor_module_reuse_the_same_variables\/"
            }
        ],
        "edited": {
            "user": "BG3N7LG73",
            "ts": "1592929016.000000"
        }
    },
    {
        "type": "message",
        "subtype": "bot_message",
        "text": "<https:\/\/www.reddit.com\/r\/Terraform\/comments\/hejh4y\/does_anyone_autodeploy_their_terraform_from_cicd\/|Does anyone auto-deploy their terraform (from CI\/CD for example)?>\nI went to a meetup at AirBnb where they were talking about doing it, but they used a dedicated box so that was kinda weird. I hear that Terraform enterprise does it. Does anyone do it in their own CI\/CD? I'm thinking, check in -&gt; get review -&gt; tflint -&gt; merge to master -&gt; auto apply.    submitted by   <https:\/\/www.reddit.com\/user\/cow-eepp| \/u\/cow-eepp > \n<https:\/\/www.reddit.com\/r\/Terraform\/comments\/hejh4y\/does_anyone_autodeploy_their_terraform_from_cicd\/|[link]>   &lt;a...",
        "ts": "1592936214.113900",
        "username": "Terraform ALL the Worlds!",
        "icons": {
            "image_48": "https:\/\/s3-us-west-2.amazonaws.com\/slack-files2\/bot_icons\/2019-02-12\/548785199618_48.png"
        },
        "bot_id": "BG3N7LG73",
        "attachments": [
            {
                "service_name": "reddit",
                "title": "Does anyone auto-deploy their terraform (from CI\/CD for example)?",
                "title_link": "https:\/\/www.reddit.com\/r\/Terraform\/comments\/hejh4y\/does_anyone_autodeploy_their_terraform_from_cicd\/",
                "text": "I went to a meetup at AirBnb where they were talking about doing it, but they used a dedicated box so that was kinda weird. I hear that Terraform...",
                "fallback": "reddit: Does anyone auto-deploy their terraform (from CI\/CD for example)?",
                "thumb_url": "https:\/\/www.redditstatic.com\/new-icon.png",
                "from_url": "https:\/\/www.reddit.com\/r\/Terraform\/comments\/hejh4y\/does_anyone_autodeploy_their_terraform_from_cicd\/",
                "thumb_width": 256,
                "thumb_height": 256,
                "service_icon": "http:\/\/www.redditstatic.com\/desktop2x\/img\/favicon\/apple-icon-57x57.png",
                "id": 1,
                "original_url": "https:\/\/www.reddit.com\/r\/Terraform\/comments\/hejh4y\/does_anyone_autodeploy_their_terraform_from_cicd\/"
            },
            {
                "title": "overview for cow-eepp",
                "title_link": "https:\/\/www.reddit.com\/user\/cow-eepp",
                "text": "The u\/cow-eepp community on Reddit. Reddit gives you the best of the internet in one place.",
                "fallback": "overview for cow-eepp",
                "from_url": "https:\/\/www.reddit.com\/user\/cow-eepp",
                "service_icon": "http:\/\/www.redditstatic.com\/desktop2x\/img\/favicon\/apple-icon-57x57.png",
                "service_name": "reddit.com",
                "id": 2,
                "original_url": "https:\/\/www.reddit.com\/user\/cow-eepp"
            }
        ],
        "edited": {
            "user": "BG3N7LG73",
            "ts": "1592936215.000000"
        }
    },
    {
        "type": "message",
        "subtype": "bot_message",
        "text": "<https:\/\/www.reddit.com\/r\/Terraform\/comments\/hel4w3\/how_do_i_handle_cfninit_code_in_terraform\/|How do I handle cfn-init code in Terraform?>\nHi, I'm trying to migrate some of my infrastructure from cloudformation to terraform and I ran into a problem that's been frustrating me for the last hour. In my Cloudformation template, I had code for a resource that was created with AWS::Cloudformation::Init metadata and uses cfn-init and cfn-signal in a userdata bash script. I'm wondering what steps I should be taking so that I can transition this into terraform.  Do I need to make a bash script? Is there a library I can refer to? Where do...",
        "ts": "1592941015.114100",
        "username": "Terraform ALL the Worlds!",
        "icons": {
            "image_48": "https:\/\/s3-us-west-2.amazonaws.com\/slack-files2\/bot_icons\/2019-02-12\/548785199618_48.png"
        },
        "bot_id": "BG3N7LG73",
        "attachments": [
            {
                "service_name": "reddit",
                "title": "How do I handle cfn-init code in Terraform?",
                "title_link": "https:\/\/www.reddit.com\/r\/Terraform\/comments\/hel4w3\/how_do_i_handle_cfninit_code_in_terraform\/",
                "text": "Hi, I'm trying to migrate some of my infrastructure from cloudformation to terraform and I ran into a problem that's been frustrating me for the...",
                "fallback": "reddit: How do I handle cfn-init code in Terraform?",
                "thumb_url": "https:\/\/www.redditstatic.com\/new-icon.png",
                "from_url": "https:\/\/www.reddit.com\/r\/Terraform\/comments\/hel4w3\/how_do_i_handle_cfninit_code_in_terraform\/",
                "thumb_width": 256,
                "thumb_height": 256,
                "service_icon": "http:\/\/www.redditstatic.com\/desktop2x\/img\/favicon\/apple-icon-57x57.png",
                "id": 1,
                "original_url": "https:\/\/www.reddit.com\/r\/Terraform\/comments\/hel4w3\/how_do_i_handle_cfninit_code_in_terraform\/"
            }
        ],
        "edited": {
            "user": "BG3N7LG73",
            "ts": "1592941016.000000"
        }
    }
]