[
    {
        "type": "message",
        "subtype": "bot_message",
        "text": "<https:\/\/qiita.com\/cheekykorkind\/items\/9e4ff91eadfedf36050a|docker terraform実行環境を作って、仲間のterraform実行環境を尊重する>\n<https:\/\/qiita.com\/#%E7%B4%B9%E4%BB%8B%E3%81%99%E3%82%8B%E5%86%85%E5%AE%B9>紹介する内容\n\nterraformの環境別HOMEパス\/.aws\/credentialsからaws profileを取得する設定を利用します\n\ngitignoreとdockerのvolumesを利用してterraform実行環境を作ります\n\n参考：<https:\/\/www.terraform.io\/docs\/providers\/aws\/index.html#shared-credentials-file|https:\/\/www.terraform.io\/docs\/providers\/aws\/index.html#shared-credentials-file>...",
        "ts": "1592725609.108500",
        "username": "Terraformタグが付けられた新着記事 - Qiita",
        "icons": {
            "image_36": "https:\/\/a.slack-edge.com\/80588\/img\/services\/rss_36.png",
            "image_48": "https:\/\/a.slack-edge.com\/80588\/img\/services\/rss_48.png",
            "image_72": "https:\/\/a.slack-edge.com\/80588\/img\/services\/rss_72.png"
        },
        "bot_id": "BG3N7LG73",
        "attachments": [
            {
                "service_name": "Qiita",
                "title": "docker terraform実行環境を作って、仲間のterraform実行環境を尊重する - Qiita",
                "title_link": "https:\/\/qiita.com\/cheekykorkind\/items\/9e4ff91eadfedf36050a",
                "text": "紹介する内容 terraformの環境別HOMEパス\/.aws\/credentialsからaws profileを取得する設定を利用します gitignoreとdockerのvolumesを利用してterraform実行環...",
                "fallback": "Qiita: docker terraform実行環境を作って、仲間のterraform実行環境を尊重する - Qiita",
                "image_url": "https:\/\/qiita-user-contents.imgix.net\/https%3A%2F%2Fcdn.qiita.com%2Fassets%2Fpublic%2Farticle-ogp-background-1150d8b18a7c15795b701a55ae908f94.png?ixlib=rb-1.2.2&w=1200&mark=https%3A%2F%2Fqiita-user-contents.imgix.net%2F~text%3Fixlib%3Drb-1.2.2%26w%3D840%26h%3D380%26txt%3Ddocker%2520terraform%25E5%25AE%259F%25E8%25A1%258C%25E7%2592%25B0%25E5%25A2%2583%25E3%2582%2592%25E4%25BD%259C%25E3%2581%25A3%25E3%2581%25A6%25E3%2580%2581%25E4%25BB%25B2%25E9%2596%2593%25E3%2581%25AEterraform%25E5%25AE%259F%25E8%25A1%258C%25E7%2592%25B0%25E5%25A2%2583%25E3%2582%2592%25E5%25B0%258A%25E9%2587%258D%25E3%2581%2599%25E3%2582%258B%26txt-color%3D%2523333%26txt-font%3DAvenir-Black%26txt-size%3D54%26txt-clip%3Dellipsis%26txt-align%3Dcenter%252Cmiddle%26s%3D5a54e95fcbe954361c006def22115c78&mark-align=center%2Cmiddle&blend=https%3A%2F%2Fqiita-user-contents.imgix.net%2F~text%3Fixlib%3Drb-1.2.2%26w%3D840%26h%3D500%26txt%3D%2540cheekykorkind%26txt-color%3D%2523333%26txt-font%3DAvenir-Black%26txt-size%3D45%26txt-align%3Dright%252Cbottom%26s%3D92e370ff278c0185e646e93a5ae9df13&blend-align=center%2Cmiddle&blend-mode=normal&s=14092cf1451b2c6da2e6662b0d213212",
                "from_url": "https:\/\/qiita.com\/cheekykorkind\/items\/9e4ff91eadfedf36050a",
                "image_width": 476,
                "image_height": 250,
                "image_bytes": 57636,
                "service_icon": "https:\/\/cdn.qiita.com\/assets\/favicons\/public\/apple-touch-icon-ec5ba42a24ae923f16825592efdc356f.png",
                "id": 1,
                "original_url": "https:\/\/qiita.com\/cheekykorkind\/items\/9e4ff91eadfedf36050a"
            },
            {
                "service_name": "Qiita",
                "title": "プログラマの技術情報共有サービス - Qiita",
                "title_link": "https:\/\/qiita.com\/#%E7%B4%B9%E4%BB%8B%E3%81%99%E3%82%8B%E5%86%85%E5%AE%B9",
                "text": "Qiitaは、プログラマのための技術情報共有サービスです。 プログラミングに関するTips、ノウハウ、メモを簡単に記録 &amp; 公開することができます。",
                "fallback": "Qiita: プログラマの技術情報共有サービス - Qiita",
                "thumb_url": "https:\/\/cdn.qiita.com\/assets\/qiita-fb-fe28c64039d925349e620ba55091e078.png",
                "from_url": "https:\/\/qiita.com\/#%E7%B4%B9%E4%BB%8B%E3%81%99%E3%82%8B%E5%86%85%E5%AE%B9",
                "thumb_width": 1200,
                "thumb_height": 630,
                "service_icon": "https:\/\/cdn.qiita.com\/assets\/favicons\/public\/apple-touch-icon-ec5ba42a24ae923f16825592efdc356f.png",
                "id": 2,
                "original_url": "https:\/\/qiita.com\/#%E7%B4%B9%E4%BB%8B%E3%81%99%E3%82%8B%E5%86%85%E5%AE%B9"
            },
            {
                "service_name": "Terraform by HashiCorp",
                "title": "Provider: AWS - Terraform by HashiCorp",
                "title_link": "https:\/\/www.terraform.io\/docs\/providers\/aws\/index.html#shared-credentials-file",
                "text": "The Amazon Web Services (AWS) provider is used to interact with the many resources supported by AWS. The provider needs to be configured with the proper credentials before it can be used.",
                "fallback": "Terraform by HashiCorp: Provider: AWS - Terraform by HashiCorp",
                "thumb_url": "https:\/\/www.terraform.io\/assets\/images\/og-image-8b3e4f7d.png",
                "from_url": "https:\/\/www.terraform.io\/docs\/providers\/aws\/index.html#shared-credentials-file",
                "thumb_width": 712,
                "thumb_height": 712,
                "service_icon": "https:\/\/www.terraform.io\/assets\/images\/favicons\/apple-touch-icon-13180a24.png",
                "id": 3,
                "original_url": "https:\/\/www.terraform.io\/docs\/providers\/aws\/index.html#shared-credentials-file"
            }
        ],
        "edited": {
            "user": "BG3N7LG73",
            "ts": "1592725609.000000"
        }
    },
    {
        "type": "message",
        "subtype": "bot_message",
        "text": "<https:\/\/www.reddit.com\/r\/Terraform\/comments\/hd491y\/need_help_with_nested_blocks_in_for_each\/|Need help with nested blocks in for_each>\nI'm facing some issues with applying DRY principles to Azure resource creation (but I'm sure this applies to more things) I'm creating resources like ACI, App Gateway that have multiple blocks of the same type. ACI has an option for multiple container blocks (with nested port block), AppGw has a virtually infinite amount of frontend ports, backends etc. Right now, I'm using for each and maps to provision things like VMs, which don't have those types of repeatable blocks, so I'm a bit lost....",
        "ts": "1592733409.108700",
        "username": "Terraform ALL the Worlds!",
        "icons": {
            "image_48": "https:\/\/s3-us-west-2.amazonaws.com\/slack-files2\/bot_icons\/2019-02-12\/548785199618_48.png"
        },
        "bot_id": "BG3N7LG73",
        "attachments": [
            {
                "service_name": "reddit",
                "title": "Need help with nested blocks in for_each",
                "title_link": "https:\/\/www.reddit.com\/r\/Terraform\/comments\/hd491y\/need_help_with_nested_blocks_in_for_each\/",
                "text": "I'm facing some issues with applying DRY principles to Azure resource creation (but I'm sure this applies to more things) I'm creating resources...",
                "fallback": "reddit: Need help with nested blocks in for_each",
                "thumb_url": "https:\/\/www.redditstatic.com\/new-icon.png",
                "from_url": "https:\/\/www.reddit.com\/r\/Terraform\/comments\/hd491y\/need_help_with_nested_blocks_in_for_each\/",
                "thumb_width": 256,
                "thumb_height": 256,
                "service_icon": "http:\/\/www.redditstatic.com\/desktop2x\/img\/favicon\/apple-icon-57x57.png",
                "id": 1,
                "original_url": "https:\/\/www.reddit.com\/r\/Terraform\/comments\/hd491y\/need_help_with_nested_blocks_in_for_each\/"
            }
        ],
        "edited": {
            "user": "BG3N7LG73",
            "ts": "1592733409.000000"
        }
    },
    {
        "type": "message",
        "subtype": "bot_message",
        "text": "<https:\/\/qiita.com\/TatsuNet\/items\/a6dab570d3d02027785a|【Terraform】モジュールの利用>\n<https:\/\/qiita.com\/#%E6%BA%96%E5%82%99>準備\n\n$ mkdir example\n$ cd example\n$ mkdir http_server\n$ cd http_server   \n$ cat -",
        "ts": "1592741209.108900",
        "username": "Terraformタグが付けられた新着記事 - Qiita",
        "icons": {
            "image_36": "https:\/\/a.slack-edge.com\/80588\/img\/services\/rss_36.png",
            "image_48": "https:\/\/a.slack-edge.com\/80588\/img\/services\/rss_48.png",
            "image_72": "https:\/\/a.slack-edge.com\/80588\/img\/services\/rss_72.png"
        },
        "bot_id": "BG3N7LG73",
        "attachments": [
            {
                "service_name": "Qiita",
                "title": "【Terraform】モジュールの利用 - Qiita",
                "title_link": "https:\/\/qiita.com\/TatsuNet\/items\/a6dab570d3d02027785a",
                "text": "準備 $ mkdir example $ cd example $ mkdir http_server $ cd http_server $ cat - &lt;&lt; EOS &gt; <http:\/\/main.tf|main.tf> variable...",
                "fallback": "Qiita: 【Terraform】モジュールの利用 - Qiita",
                "image_url": "https:\/\/qiita-user-contents.imgix.net\/https%3A%2F%2Fcdn.qiita.com%2Fassets%2Fpublic%2Farticle-ogp-background-1150d8b18a7c15795b701a55ae908f94.png?ixlib=rb-1.2.2&w=1200&mark=https%3A%2F%2Fqiita-user-contents.imgix.net%2F~text%3Fixlib%3Drb-1.2.2%26w%3D840%26h%3D380%26txt%3D%25E3%2580%2590Terraform%25E3%2580%2591%25E3%2583%25A2%25E3%2582%25B8%25E3%2583%25A5%25E3%2583%25BC%25E3%2583%25AB%25E3%2581%25AE%25E5%2588%25A9%25E7%2594%25A8%26txt-color%3D%2523333%26txt-font%3DAvenir-Black%26txt-size%3D54%26txt-clip%3Dellipsis%26txt-align%3Dcenter%252Cmiddle%26s%3D4c0669a8b343880955491416b3328ff8&mark-align=center%2Cmiddle&blend=https%3A%2F%2Fqiita-user-contents.imgix.net%2F~text%3Fixlib%3Drb-1.2.2%26w%3D840%26h%3D500%26txt%3D%2540TatsuNet%26txt-color%3D%2523333%26txt-font%3DAvenir-Black%26txt-size%3D45%26txt-align%3Dright%252Cbottom%26s%3D466168e19a6e796bc50fce05f34c7b86&blend-align=center%2Cmiddle&blend-mode=normal&s=6e4ecbcf4b66d86510040511cf76011f",
                "from_url": "https:\/\/qiita.com\/TatsuNet\/items\/a6dab570d3d02027785a",
                "image_width": 476,
                "image_height": 250,
                "image_bytes": 32110,
                "service_icon": "https:\/\/cdn.qiita.com\/assets\/favicons\/public\/apple-touch-icon-ec5ba42a24ae923f16825592efdc356f.png",
                "id": 1,
                "original_url": "https:\/\/qiita.com\/TatsuNet\/items\/a6dab570d3d02027785a"
            },
            {
                "service_name": "Qiita",
                "title": "プログラマの技術情報共有サービス - Qiita",
                "title_link": "https:\/\/qiita.com\/#%E6%BA%96%E5%82%99",
                "text": "Qiitaは、プログラマのための技術情報共有サービスです。 プログラミングに関するTips、ノウハウ、メモを簡単に記録 &amp; 公開することができます。",
                "fallback": "Qiita: プログラマの技術情報共有サービス - Qiita",
                "thumb_url": "https:\/\/cdn.qiita.com\/assets\/qiita-fb-fe28c64039d925349e620ba55091e078.png",
                "from_url": "https:\/\/qiita.com\/#%E6%BA%96%E5%82%99",
                "thumb_width": 1200,
                "thumb_height": 630,
                "service_icon": "https:\/\/cdn.qiita.com\/assets\/favicons\/public\/apple-touch-icon-ec5ba42a24ae923f16825592efdc356f.png",
                "id": 2,
                "original_url": "https:\/\/qiita.com\/#%E6%BA%96%E5%82%99"
            }
        ],
        "edited": {
            "user": "BG3N7LG73",
            "ts": "1592741209.000000"
        }
    },
    {
        "type": "message",
        "subtype": "bot_message",
        "text": "<https:\/\/qiita.com\/TatsuNet\/items\/356a5da70fd27c3b3e81|【Terraform】変数の上書き>\n<https:\/\/qiita.com\/#%E6%BA%96%E5%82%99>準備\n\n$ mkdir example\n$ cd example\n$ cat -",
        "ts": "1592741209.109000",
        "username": "Terraformタグが付けられた新着記事 - Qiita",
        "icons": {
            "image_36": "https:\/\/a.slack-edge.com\/80588\/img\/services\/rss_36.png",
            "image_48": "https:\/\/a.slack-edge.com\/80588\/img\/services\/rss_48.png",
            "image_72": "https:\/\/a.slack-edge.com\/80588\/img\/services\/rss_72.png"
        },
        "bot_id": "BG3N7LG73",
        "attachments": [
            {
                "service_name": "Qiita",
                "title": "【Terraform】変数の上書き - Qiita",
                "title_link": "https:\/\/qiita.com\/TatsuNet\/items\/356a5da70fd27c3b3e81",
                "text": "準備 $ mkdir example $ cd example $ cat - &lt;&lt; EOS &gt; <http:\/\/main.tf|main.tf> provider \"aws\" { version = \"2.67.0\" region ...",
                "fallback": "Qiita: 【Terraform】変数の上書き - Qiita",
                "image_url": "https:\/\/qiita-user-contents.imgix.net\/https%3A%2F%2Fcdn.qiita.com%2Fassets%2Fpublic%2Farticle-ogp-background-1150d8b18a7c15795b701a55ae908f94.png?ixlib=rb-1.2.2&w=1200&mark=https%3A%2F%2Fqiita-user-contents.imgix.net%2F~text%3Fixlib%3Drb-1.2.2%26w%3D840%26h%3D380%26txt%3D%25E3%2580%2590Terraform%25E3%2580%2591%25E5%25A4%2589%25E6%2595%25B0%25E3%2581%25AE%25E4%25B8%258A%25E6%259B%25B8%25E3%2581%258D%26txt-color%3D%2523333%26txt-font%3DAvenir-Black%26txt-size%3D54%26txt-clip%3Dellipsis%26txt-align%3Dcenter%252Cmiddle%26s%3D69a66959e93b8d3f0acdf4b267952509&mark-align=center%2Cmiddle&blend=https%3A%2F%2Fqiita-user-contents.imgix.net%2F~text%3Fixlib%3Drb-1.2.2%26w%3D840%26h%3D500%26txt%3D%2540TatsuNet%26txt-color%3D%2523333%26txt-font%3DAvenir-Black%26txt-size%3D45%26txt-align%3Dright%252Cbottom%26s%3D466168e19a6e796bc50fce05f34c7b86&blend-align=center%2Cmiddle&blend-mode=normal&s=b3c1dda9b40b57aa01a87c4ebe5c9e55",
                "from_url": "https:\/\/qiita.com\/TatsuNet\/items\/356a5da70fd27c3b3e81",
                "image_width": 476,
                "image_height": 250,
                "image_bytes": 34134,
                "service_icon": "https:\/\/cdn.qiita.com\/assets\/favicons\/public\/apple-touch-icon-ec5ba42a24ae923f16825592efdc356f.png",
                "id": 1,
                "original_url": "https:\/\/qiita.com\/TatsuNet\/items\/356a5da70fd27c3b3e81"
            },
            {
                "service_name": "Qiita",
                "title": "プログラマの技術情報共有サービス - Qiita",
                "title_link": "https:\/\/qiita.com\/#%E6%BA%96%E5%82%99",
                "text": "Qiitaは、プログラマのための技術情報共有サービスです。 プログラミングに関するTips、ノウハウ、メモを簡単に記録 &amp; 公開することができます。",
                "fallback": "Qiita: プログラマの技術情報共有サービス - Qiita",
                "thumb_url": "https:\/\/cdn.qiita.com\/assets\/qiita-fb-fe28c64039d925349e620ba55091e078.png",
                "from_url": "https:\/\/qiita.com\/#%E6%BA%96%E5%82%99",
                "thumb_width": 1200,
                "thumb_height": 630,
                "service_icon": "https:\/\/cdn.qiita.com\/assets\/favicons\/public\/apple-touch-icon-ec5ba42a24ae923f16825592efdc356f.png",
                "id": 2,
                "original_url": "https:\/\/qiita.com\/#%E6%BA%96%E5%82%99"
            }
        ],
        "edited": {
            "user": "BG3N7LG73",
            "ts": "1592741209.000000"
        }
    },
    {
        "type": "message",
        "subtype": "bot_message",
        "text": "<https:\/\/www.reddit.com\/r\/Terraform\/comments\/hd6fjp\/bare_metal_kubernetes_cluster_with_terraform\/|Bare metal Kubernetes cluster with Terraform>\nHi, I have recently started to learn about terraform but what I see is it is more popular for cloud infrastructure.I am not working with cloud just vmware instances and we have a couple of kubernetes cluster , Can you advise some books or tutorials which teachs terraform specifically for bare metal? mainly managing kubernetes resources.    submitted by   <https:\/\/www.reddit.com\/user\/sukur55| \/u\/sukur55 > \n&lt;a...",
        "ts": "1592744211.109300",
        "username": "Terraform ALL the Worlds!",
        "icons": {
            "image_48": "https:\/\/s3-us-west-2.amazonaws.com\/slack-files2\/bot_icons\/2019-02-12\/548785199618_48.png"
        },
        "bot_id": "BG3N7LG73",
        "attachments": [
            {
                "service_name": "reddit",
                "title": "Bare metal Kubernetes cluster with Terraform",
                "title_link": "https:\/\/www.reddit.com\/r\/Terraform\/comments\/hd6fjp\/bare_metal_kubernetes_cluster_with_terraform\/",
                "text": "Hi, I have recently started to learn about terraform but what I see is it is more popular for cloud infrastructure.I am not working with cloud...",
                "fallback": "reddit: Bare metal Kubernetes cluster with Terraform",
                "thumb_url": "https:\/\/www.redditstatic.com\/new-icon.png",
                "from_url": "https:\/\/www.reddit.com\/r\/Terraform\/comments\/hd6fjp\/bare_metal_kubernetes_cluster_with_terraform\/",
                "thumb_width": 256,
                "thumb_height": 256,
                "service_icon": "http:\/\/www.redditstatic.com\/desktop2x\/img\/favicon\/apple-icon-57x57.png",
                "id": 1,
                "original_url": "https:\/\/www.reddit.com\/r\/Terraform\/comments\/hd6fjp\/bare_metal_kubernetes_cluster_with_terraform\/"
            },
            {
                "title": "overview for sukur55",
                "title_link": "https:\/\/www.reddit.com\/user\/sukur55",
                "text": "The u\/sukur55 community on Reddit. Reddit gives you the best of the internet in one place.",
                "fallback": "overview for sukur55",
                "from_url": "https:\/\/www.reddit.com\/user\/sukur55",
                "service_icon": "http:\/\/www.redditstatic.com\/desktop2x\/img\/favicon\/apple-icon-57x57.png",
                "service_name": "reddit.com",
                "id": 2,
                "original_url": "https:\/\/www.reddit.com\/user\/sukur55"
            }
        ],
        "edited": {
            "user": "BG3N7LG73",
            "ts": "1592744211.000000"
        }
    },
    {
        "type": "message",
        "subtype": "bot_message",
        "text": "<https:\/\/www.reddit.com\/r\/Terraform\/comments\/hdcjin\/hand_written_hashicorp_vault_certification_notes\/|Hand written Hashicorp Vault Certification Notes Part 1,2 and 3. Its on google drive and LinkedIn SlideShare. Let me know your thoughts. I have tried to improve the text more on part 2 and 3.>\nsubmitted by   <https:\/\/www.reddit.com\/user\/adzmobile| \/u\/adzmobile > \n<https:\/\/www.linkedin.com\/posts\/adnanrashid1_hasicorp-hasicorp-kubernetes-activity-6680367470575964160-cQeA|[link]>   <https:\/\/www.reddit.com\/r\/Terraform\/comments\/hdcjin\/hand_written_hashicorp_vault_certification_notes\/|[comments]>",
        "ts": "1592767012.109500",
        "username": "Terraform ALL the Worlds!",
        "icons": {
            "image_48": "https:\/\/s3-us-west-2.amazonaws.com\/slack-files2\/bot_icons\/2019-02-12\/548785199618_48.png"
        },
        "bot_id": "BG3N7LG73",
        "attachments": [
            {
                "service_name": "reddit",
                "title": "Hand written Hashicorp Vault Certification Notes Part 1,2 and 3. Its on google drive and LinkedIn SlideShare. Let me know your thoughts. I have tried to improve the text more on part 2 and 3.",
                "title_link": "https:\/\/www.reddit.com\/r\/Terraform\/comments\/hdcjin\/hand_written_hashicorp_vault_certification_notes\/",
                "text": "Posted in r\/Terraform by u\/adzmobile • 1 point and 0 comments",
                "fallback": "reddit: Hand written Hashicorp Vault Certification Notes Part 1,2 and 3. Its on google drive and LinkedIn SlideShare. Let me know your thoughts. I have tried to improve the text more on part 2 and 3.",
                "thumb_url": "https:\/\/b.thumbs.redditmedia.com\/1_nYFPf-Jqo1rTYytA2JxoRLosRVXjJ57JkFaub-0OI.jpg",
                "from_url": "https:\/\/www.reddit.com\/r\/Terraform\/comments\/hdcjin\/hand_written_hashicorp_vault_certification_notes\/",
                "thumb_width": 140,
                "thumb_height": 140,
                "service_icon": "http:\/\/www.redditstatic.com\/desktop2x\/img\/favicon\/apple-icon-57x57.png",
                "id": 1,
                "original_url": "https:\/\/www.reddit.com\/r\/Terraform\/comments\/hdcjin\/hand_written_hashicorp_vault_certification_notes\/"
            },
            {
                "title": "overview for adzmobile",
                "title_link": "https:\/\/www.reddit.com\/user\/adzmobile",
                "text": "Addicted to Learning Instagram: adnans_techie_studies LinkedIn: <https:\/\/www.linkedin.com\/in\/adnanrashid1\/>.",
                "fallback": "overview for adzmobile",
                "from_url": "https:\/\/www.reddit.com\/user\/adzmobile",
                "service_icon": "http:\/\/www.redditstatic.com\/desktop2x\/img\/favicon\/apple-icon-57x57.png",
                "service_name": "reddit.com",
                "id": 2,
                "original_url": "https:\/\/www.reddit.com\/user\/adzmobile"
            },
            {
                "title": "Adnan Rashid posted on LinkedIn",
                "title_link": "https:\/\/www.linkedin.com\/posts\/adnanrashid1_hasicorp-hasicorp-kubernetes-activity-6680367470575964160-cQeA",
                "text": ":tada: #Hasicorp Certified Vault Associate Notes Part Two and Three :tada::books: I have been continuing my studies towards learning #Hasicorp Vault and sharing my...",
                "fallback": "Adnan Rashid posted on LinkedIn",
                "image_url": "https:\/\/media-exp1.licdn.com\/dms\/image\/C4E22AQGaL0HtuKPIiQ\/feedshare-shrink_2048_1536\/0?e=1595462400&v=beta&t=cQZvwGZwKyqgpQj8WdNRIOddZ1KnMLaE04xPGnGUPCY",
                "from_url": "https:\/\/www.linkedin.com\/posts\/adnanrashid1_hasicorp-hasicorp-kubernetes-activity-6680367470575964160-cQeA",
                "image_width": 188,
                "image_height": 250,
                "image_bytes": 310925,
                "service_icon": "https:\/\/static-exp1.licdn.com\/scds\/common\/u\/images\/logos\/favicons\/v1\/favicon.ico",
                "service_name": "linkedin.com",
                "id": 3,
                "original_url": "https:\/\/www.linkedin.com\/posts\/adnanrashid1_hasicorp-hasicorp-kubernetes-activity-6680367470575964160-cQeA"
            }
        ],
        "edited": {
            "user": "BG3N7LG73",
            "ts": "1592767013.000000"
        }
    },
    {
        "type": "message",
        "subtype": "bot_message",
        "text": "<https:\/\/www.reddit.com\/r\/Terraform\/comments\/hdlb0v\/creating_many_ephemeral_clusters_how_to_use\/|Creating many ephemeral clusters - how to use workspace?>\nI'm using terraform with GCP. In my scenario I will need to provide developers the ability to create ephemeral clusters. That is that each developer could create a cluster, use it, destroy it. How can I achieve this? Seems like I need to create a workspace (state file) for each cluster, otherwise if a dev is working on a cluster and another dev tries to create a different cluster - it will destroy the former and create the latter (same workspace). But I have many developers and jobs.......",
        "ts": "1592800612.109700",
        "username": "Terraform ALL the Worlds!",
        "icons": {
            "image_48": "https:\/\/s3-us-west-2.amazonaws.com\/slack-files2\/bot_icons\/2019-02-12\/548785199618_48.png"
        },
        "bot_id": "BG3N7LG73",
        "attachments": [
            {
                "service_name": "reddit",
                "title": "Creating many ephemeral clusters - how to use workspace?",
                "title_link": "https:\/\/www.reddit.com\/r\/Terraform\/comments\/hdlb0v\/creating_many_ephemeral_clusters_how_to_use\/",
                "text": "I'm using terraform with GCP. In my scenario I will need to provide developers the ability to create ephemeral clusters. That is that each...",
                "fallback": "reddit: Creating many ephemeral clusters - how to use workspace?",
                "thumb_url": "https:\/\/www.redditstatic.com\/new-icon.png",
                "from_url": "https:\/\/www.reddit.com\/r\/Terraform\/comments\/hdlb0v\/creating_many_ephemeral_clusters_how_to_use\/",
                "thumb_width": 256,
                "thumb_height": 256,
                "service_icon": "http:\/\/www.redditstatic.com\/desktop2x\/img\/favicon\/apple-icon-57x57.png",
                "id": 1,
                "original_url": "https:\/\/www.reddit.com\/r\/Terraform\/comments\/hdlb0v\/creating_many_ephemeral_clusters_how_to_use\/"
            }
        ],
        "edited": {
            "user": "BG3N7LG73",
            "ts": "1592800613.000000"
        }
    },
    {
        "type": "message",
        "subtype": "bot_message",
        "text": "<https:\/\/www.reddit.com\/r\/Terraform\/comments\/hdlepn\/looping_for_vsphere_vm_creation\/|Looping for vSphere VM creation>\nHi <https:\/\/www.reddit.com\/r\/Terraform|r\/Terraform> I've created a plan which creates 6 VMs in vSphere. It is being deployed in a static environment, so for each VM I have a map that contains details like hostname, IP, subnet mask. I have a VM resource for each of these, six resources in total. Four of which are identical except for hostname and IP. I'm really having trouble understanding loops in Terraform and would appreciate some guidance on how you would achieve a task like...",
        "ts": "1592801811.109900",
        "username": "Terraform ALL the Worlds!",
        "icons": {
            "image_48": "https:\/\/s3-us-west-2.amazonaws.com\/slack-files2\/bot_icons\/2019-02-12\/548785199618_48.png"
        },
        "bot_id": "BG3N7LG73",
        "attachments": [
            {
                "service_name": "reddit",
                "title": "Looping for vSphere VM creation",
                "title_link": "https:\/\/www.reddit.com\/r\/Terraform\/comments\/hdlepn\/looping_for_vsphere_vm_creation\/",
                "text": "Hi r\/Terraform I've created a plan which creates 6 VMs in vSphere. It is being deployed in a static environment, so for each VM I have a map that...",
                "fallback": "reddit: Looping for vSphere VM creation",
                "thumb_url": "https:\/\/www.redditstatic.com\/new-icon.png",
                "from_url": "https:\/\/www.reddit.com\/r\/Terraform\/comments\/hdlepn\/looping_for_vsphere_vm_creation\/",
                "thumb_width": 256,
                "thumb_height": 256,
                "service_icon": "http:\/\/www.redditstatic.com\/desktop2x\/img\/favicon\/apple-icon-57x57.png",
                "id": 1,
                "original_url": "https:\/\/www.reddit.com\/r\/Terraform\/comments\/hdlepn\/looping_for_vsphere_vm_creation\/"
            },
            {
                "service_name": "reddit",
                "title": "Terraform ALL the Worlds! • r\/Terraform",
                "title_link": "https:\/\/www.reddit.com\/r\/Terraform",
                "text": "This subreddit is for terraform by Hashicorp discussions. Get help, educate others and share the wealth of news.",
                "fallback": "reddit: Terraform ALL the Worlds! • r\/Terraform",
                "thumb_url": "https:\/\/www.redditstatic.com\/new-icon.png",
                "from_url": "https:\/\/www.reddit.com\/r\/Terraform",
                "thumb_width": 256,
                "thumb_height": 256,
                "service_icon": "http:\/\/www.redditstatic.com\/desktop2x\/img\/favicon\/apple-icon-57x57.png",
                "id": 2,
                "original_url": "https:\/\/www.reddit.com\/r\/Terraform"
            }
        ],
        "edited": {
            "user": "BG3N7LG73",
            "ts": "1592801811.000000"
        }
    },
    {
        "type": "message",
        "subtype": "bot_message",
        "text": "<https:\/\/www.reddit.com\/r\/Terraform\/comments\/hdlx1q\/intermediate_terraform_learning_materials\/|Intermediate Terraform learning materials?>\nI am starting a gig where I'll be using Terraform a lot. I have used it previously, but not too much and it has been a while. I don't really feel like going through beginner tutorials because it will be a bit of a slog. I'd like to brush up on module best practices, workspaces, and other intermediate-to-advanced materials. Has anyone found something like this? Thank you!    submitted by   <https:\/\/www.reddit.com\/user\/violent_geography| \/u\/violent_geography > \n&lt;a...",
        "ts": "1592804211.110100",
        "username": "Terraform ALL the Worlds!",
        "icons": {
            "image_48": "https:\/\/s3-us-west-2.amazonaws.com\/slack-files2\/bot_icons\/2019-02-12\/548785199618_48.png"
        },
        "bot_id": "BG3N7LG73",
        "attachments": [
            {
                "service_name": "reddit",
                "title": "Intermediate Terraform learning materials?",
                "title_link": "https:\/\/www.reddit.com\/r\/Terraform\/comments\/hdlx1q\/intermediate_terraform_learning_materials\/",
                "text": "I am starting a gig where I'll be using Terraform a lot. I have used it previously, but not too much and it has been a while. I don't really feel...",
                "fallback": "reddit: Intermediate Terraform learning materials?",
                "thumb_url": "https:\/\/www.redditstatic.com\/new-icon.png",
                "from_url": "https:\/\/www.reddit.com\/r\/Terraform\/comments\/hdlx1q\/intermediate_terraform_learning_materials\/",
                "thumb_width": 256,
                "thumb_height": 256,
                "service_icon": "http:\/\/www.redditstatic.com\/desktop2x\/img\/favicon\/apple-icon-57x57.png",
                "id": 1,
                "original_url": "https:\/\/www.reddit.com\/r\/Terraform\/comments\/hdlx1q\/intermediate_terraform_learning_materials\/"
            },
            {
                "title": "overview for violent_geography",
                "title_link": "https:\/\/www.reddit.com\/user\/violent_geography",
                "text": "The u\/violent_geography community on Reddit. Reddit gives you the best of the internet in one place.",
                "fallback": "overview for violent_geography",
                "from_url": "https:\/\/www.reddit.com\/user\/violent_geography",
                "service_icon": "http:\/\/www.redditstatic.com\/desktop2x\/img\/favicon\/apple-icon-57x57.png",
                "service_name": "reddit.com",
                "id": 2,
                "original_url": "https:\/\/www.reddit.com\/user\/violent_geography"
            }
        ],
        "edited": {
            "user": "BG3N7LG73",
            "ts": "1592804211.000000"
        }
    }
]