[
    {
        "type": "message",
        "subtype": "bot_message",
        "text": "<https:\/\/qiita.com\/yagrush\/items\/b178da80e7565aaf8dc0|[Terraform] AWSのEC2インスタンスを、コードで一発構築する！>\n今回はTerraformをご紹介します\n\nTerraformは、HashiCorpさんが開発しているオープンソースソフトウェアです。\n（ビジネス向けの有料版もあります。）\n\nAWSやGCPなどのクラウド上にサーバーなどを構築する作業を、コードで書いて実行するだけで出来るようになります。\nなおHCLという言語で書く必要がありますが、全然難しくないです。\n\n今回はTerraformでAWSのEC2インスタンスを構築してみましょう。\n\n\n<https:\/\/qiita.com\/#%E3%81%8A%E3%81%93%E3%81%A8%E3%82%8F%E3%82%8A>おことわり\n\n記事中に登場する固有ID値などは全部ダミーです。\nご自分の環境における値に読み替える、などしてくださいね。\n\n\n<https:\/\/qiita.com\/#%E5%BF%85%E8%A6%81%E3%81%AA%E3%82%82%E3%81%AE>必要なもの\n\n\n&lt;a...",
        "ts": "1593512215.124000",
        "username": "Terraformタグが付けられた新着記事 - Qiita",
        "icons": {
            "image_36": "https:\/\/a.slack-edge.com\/80588\/img\/services\/rss_36.png",
            "image_48": "https:\/\/a.slack-edge.com\/80588\/img\/services\/rss_48.png",
            "image_72": "https:\/\/a.slack-edge.com\/80588\/img\/services\/rss_72.png"
        },
        "bot_id": "BG3N7LG73",
        "attachments": [
            {
                "service_name": "Qiita",
                "title": "[Terraform] AWSのEC2インスタンスを、コードで一発構築する！ - Qiita",
                "title_link": "https:\/\/qiita.com\/yagrush\/items\/b178da80e7565aaf8dc0",
                "text": "今回はTerraformをご紹介します Terraformは、HashiCorpさんが開発しているオープンソースソフトウェアです。 （ビジネス向けの有料版もあります。） AWSやGCPなどのクラウド上にサーバーなどを構築する作業を...",
                "fallback": "Qiita: [Terraform] AWSのEC2インスタンスを、コードで一発構築する！ - Qiita",
                "image_url": "https:\/\/qiita-user-contents.imgix.net\/https%3A%2F%2Fcdn.qiita.com%2Fassets%2Fpublic%2Farticle-ogp-background-1150d8b18a7c15795b701a55ae908f94.png?ixlib=rb-1.2.2&w=1200&mark=https%3A%2F%2Fqiita-user-contents.imgix.net%2F~text%3Fixlib%3Drb-1.2.2%26w%3D840%26h%3D380%26txt%3D%255BTerraform%255D%2520AWS%25E3%2581%25AEEC2%25E3%2582%25A4%25E3%2583%25B3%25E3%2582%25B9%25E3%2582%25BF%25E3%2583%25B3%25E3%2582%25B9%25E3%2582%2592%25E3%2580%2581%25E3%2582%25B3%25E3%2583%25BC%25E3%2583%2589%25E3%2581%25A7%25E4%25B8%2580%25E7%2599%25BA%25E6%25A7%258B%25E7%25AF%2589%25E3%2581%2599%25E3%2582%258B%25EF%25BC%2581%26txt-color%3D%2523333%26txt-font%3DAvenir-Black%26txt-size%3D54%26txt-clip%3Dellipsis%26txt-align%3Dcenter%252Cmiddle%26s%3D345c65de669df3a3f0731ce93063b1c3&mark-align=center%2Cmiddle&blend=https%3A%2F%2Fqiita-user-contents.imgix.net%2F~text%3Fixlib%3Drb-1.2.2%26w%3D840%26h%3D500%26txt%3D%2540yagrush%26txt-color%3D%2523333%26txt-font%3DAvenir-Black%26txt-size%3D45%26txt-align%3Dright%252Cbottom%26s%3D3cfc8e7b8f501d7c8a44c52223277577&blend-align=center%2Cmiddle&blend-mode=normal&s=a2dccccde309ee3c442128d131be92f0",
                "from_url": "https:\/\/qiita.com\/yagrush\/items\/b178da80e7565aaf8dc0",
                "image_width": 476,
                "image_height": 250,
                "image_bytes": 53700,
                "service_icon": "https:\/\/cdn.qiita.com\/assets\/favicons\/public\/apple-touch-icon-ec5ba42a24ae923f16825592efdc356f.png",
                "id": 1,
                "original_url": "https:\/\/qiita.com\/yagrush\/items\/b178da80e7565aaf8dc0"
            },
            {
                "service_name": "Qiita",
                "title": "プログラマの技術情報共有サービス - Qiita",
                "title_link": "https:\/\/qiita.com\/#%E3%81%8A%E3%81%93%E3%81%A8%E3%82%8F%E3%82%8A",
                "text": "Qiitaは、プログラマのための技術情報共有サービスです。 プログラミングに関するTips、ノウハウ、メモを簡単に記録 &amp; 公開することができます。",
                "fallback": "Qiita: プログラマの技術情報共有サービス - Qiita",
                "thumb_url": "https:\/\/cdn.qiita.com\/assets\/qiita-fb-fe28c64039d925349e620ba55091e078.png",
                "from_url": "https:\/\/qiita.com\/#%E3%81%8A%E3%81%93%E3%81%A8%E3%82%8F%E3%82%8A",
                "thumb_width": 1200,
                "thumb_height": 630,
                "service_icon": "https:\/\/cdn.qiita.com\/assets\/favicons\/public\/apple-touch-icon-ec5ba42a24ae923f16825592efdc356f.png",
                "id": 2,
                "original_url": "https:\/\/qiita.com\/#%E3%81%8A%E3%81%93%E3%81%A8%E3%82%8F%E3%82%8A"
            },
            {
                "service_name": "Qiita",
                "title": "プログラマの技術情報共有サービス - Qiita",
                "title_link": "https:\/\/qiita.com\/#%E5%BF%85%E8%A6%81%E3%81%AA%E3%82%82%E3%81%AE",
                "text": "Qiitaは、プログラマのための技術情報共有サービスです。 プログラミングに関するTips、ノウハウ、メモを簡単に記録 &amp; 公開することができます。",
                "fallback": "Qiita: プログラマの技術情報共有サービス - Qiita",
                "thumb_url": "https:\/\/cdn.qiita.com\/assets\/qiita-fb-fe28c64039d925349e620ba55091e078.png",
                "from_url": "https:\/\/qiita.com\/#%E5%BF%85%E8%A6%81%E3%81%AA%E3%82%82%E3%81%AE",
                "thumb_width": 1200,
                "thumb_height": 630,
                "service_icon": "https:\/\/cdn.qiita.com\/assets\/favicons\/public\/apple-touch-icon-ec5ba42a24ae923f16825592efdc356f.png",
                "id": 3,
                "original_url": "https:\/\/qiita.com\/#%E5%BF%85%E8%A6%81%E3%81%AA%E3%82%82%E3%81%AE"
            }
        ],
        "edited": {
            "user": "BG3N7LG73",
            "ts": "1593512215.000000"
        }
    },
    {
        "type": "message",
        "subtype": "bot_message",
        "text": "<https:\/\/www.reddit.com\/r\/Terraform\/comments\/hikfv9\/azure_sql_database_managed_instances_sql_mi_on\/|Azure SQL Database Managed Instances (SQL MI) on Terraform>\nHello,  We want to deploy an Azure SQL Databse Managed Instance using terraform but I can't find any posts\/documentation about that . The service may be too recent ( I see on Azure website that some docs about SQLMI have been updated last week) and I don't see these modules on hashicorp website. Someone has exeprience \/ advices with this subject or should we use ARM templates while we are waiting for the new terraform modules ? ​ Thanks.    submitted by   &lt;a...",
        "ts": "1593512215.124100",
        "username": "Terraform ALL the Worlds!",
        "icons": {
            "image_48": "https:\/\/s3-us-west-2.amazonaws.com\/slack-files2\/bot_icons\/2019-02-12\/548785199618_48.png"
        },
        "bot_id": "BG3N7LG73",
        "attachments": [
            {
                "service_name": "reddit",
                "title": "Azure SQL Database Managed Instances (SQL MI) on Terraform",
                "title_link": "https:\/\/www.reddit.com\/r\/Terraform\/comments\/hikfv9\/azure_sql_database_managed_instances_sql_mi_on\/",
                "text": "Hello, We want to deploy an Azure SQL Databse **Managed Instance** using terraform but I can't find any posts\/documentation about that . The...",
                "fallback": "reddit: Azure SQL Database Managed Instances (SQL MI) on Terraform",
                "thumb_url": "https:\/\/www.redditstatic.com\/new-icon.png",
                "from_url": "https:\/\/www.reddit.com\/r\/Terraform\/comments\/hikfv9\/azure_sql_database_managed_instances_sql_mi_on\/",
                "thumb_width": 256,
                "thumb_height": 256,
                "service_icon": "http:\/\/www.redditstatic.com\/desktop2x\/img\/favicon\/apple-icon-57x57.png",
                "id": 1,
                "original_url": "https:\/\/www.reddit.com\/r\/Terraform\/comments\/hikfv9\/azure_sql_database_managed_instances_sql_mi_on\/"
            }
        ],
        "edited": {
            "user": "BG3N7LG73",
            "ts": "1593512215.000000"
        }
    }
]