[
    {
        "type": "message",
        "subtype": "bot_message",
        "text": "<https:\/\/www.reddit.com\/r\/Terraform\/comments\/gv4uup\/terraformterragrunt_destroy_in_cicd_pipeline\/|terraform\/terragrunt destroy in CI\/CD pipeline>\nI was wondering how to properly implement terragrunt destroy in a pipeline. The pipeline should be simple, when you commit a change or add a new config, it creates a plan and once PR is merged it executes apply. This is fairly simple so far. I would like to leverage a similar flow for the destroy operations but since terraform\/grunt requires that the configuration is still in place it doesn't really work out. So for destroy I would like to submit a PR where the config (.hcl file in terragrunt...",
        "ts": "1591094210.078900",
        "username": "Terraform ALL the Worlds!",
        "icons": {
            "image_48": "https:\/\/s3-us-west-2.amazonaws.com\/slack-files2\/bot_icons\/2019-02-12\/548785199618_48.png"
        },
        "bot_id": "BG3N7LG73",
        "attachments": [
            {
                "service_name": "reddit",
                "title": "terraform\/terragrunt destroy in CI\/CD pipeline",
                "title_link": "https:\/\/www.reddit.com\/r\/Terraform\/comments\/gv4uup\/terraformterragrunt_destroy_in_cicd_pipeline\/",
                "text": "I was wondering how to properly implement terragrunt destroy in a pipeline. The pipeline should be simple, when you commit a change or add a new...",
                "fallback": "reddit: terraform\/terragrunt destroy in CI\/CD pipeline",
                "thumb_url": "https:\/\/www.redditstatic.com\/new-icon.png",
                "from_url": "https:\/\/www.reddit.com\/r\/Terraform\/comments\/gv4uup\/terraformterragrunt_destroy_in_cicd_pipeline\/",
                "thumb_width": 256,
                "thumb_height": 256,
                "service_icon": "http:\/\/www.redditstatic.com\/desktop2x\/img\/favicon\/apple-icon-57x57.png",
                "id": 1,
                "original_url": "https:\/\/www.reddit.com\/r\/Terraform\/comments\/gv4uup\/terraformterragrunt_destroy_in_cicd_pipeline\/"
            }
        ],
        "edited": {
            "user": "BG3N7LG73",
            "ts": "1591094211.000000"
        }
    },
    {
        "type": "message",
        "subtype": "bot_message",
        "text": "<https:\/\/www.reddit.com\/r\/Terraform\/comments\/gv50g4\/downloading_ec2_keypair\/|Downloading ec2 keypair>\nhello, I am working on a a terraform code and have got to the part where I can create the ec2 keypair using aws-key-pair resource but I can't figure out how to download it? I tried using file provisioner but that didn't work for me, what am I missing? resource \"tls_private_key\" \"tlsauth\" { algorithm = \"RSA\" rsa_bits = 4096 } resource \"aws_key_pair\" \"auth\" { key_name = \"auth-key\" public_key = \"tls_private_key.tlsauth.public_key_openssh\" tags = { Name = \"auth-key\" } provisioner \"file\" { content...",
        "ts": "1591095409.079100",
        "username": "Terraform ALL the Worlds!",
        "icons": {
            "image_48": "https:\/\/s3-us-west-2.amazonaws.com\/slack-files2\/bot_icons\/2019-02-12\/548785199618_48.png"
        },
        "bot_id": "BG3N7LG73",
        "attachments": [
            {
                "service_name": "reddit",
                "title": "Downloading ec2 keypair",
                "title_link": "https:\/\/www.reddit.com\/r\/Terraform\/comments\/gv50g4\/downloading_ec2_keypair\/",
                "text": "hello, I am working on a a terraform code and have got to the part where I can create the ec2 keypair using `aws-key-pair` resource but I can't...",
                "fallback": "reddit: Downloading ec2 keypair",
                "thumb_url": "https:\/\/www.redditstatic.com\/new-icon.png",
                "from_url": "https:\/\/www.reddit.com\/r\/Terraform\/comments\/gv50g4\/downloading_ec2_keypair\/",
                "thumb_width": 256,
                "thumb_height": 256,
                "service_icon": "http:\/\/www.redditstatic.com\/desktop2x\/img\/favicon\/apple-icon-57x57.png",
                "id": 1,
                "original_url": "https:\/\/www.reddit.com\/r\/Terraform\/comments\/gv50g4\/downloading_ec2_keypair\/"
            }
        ],
        "edited": {
            "user": "BG3N7LG73",
            "ts": "1591095410.000000"
        }
    },
    {
        "type": "message",
        "subtype": "bot_message",
        "text": "<https:\/\/www.reddit.com\/r\/Terraform\/comments\/gv6n9r\/enforce_tagging\/|Enforce tagging>\nIs there a good way to enforce tagging without having to rely on others to add tags in there tf files. Could we create a tagging module? Sorry I know this sounds dumb, I’m trying to simplify infrastructure builds for everyone.    submitted by   <https:\/\/www.reddit.com\/user\/givemedimes| \/u\/givemedimes > \n<https:\/\/www.reddit.com\/r\/Terraform\/comments\/gv6n9r\/enforce_tagging\/|[link]>   <https:\/\/www.reddit.com\/r\/Terraform\/comments\/gv6n9r\/enforce_tagging\/|[comments]>",
        "ts": "1591102612.079300",
        "username": "Terraform ALL the Worlds!",
        "icons": {
            "image_48": "https:\/\/s3-us-west-2.amazonaws.com\/slack-files2\/bot_icons\/2019-02-12\/548785199618_48.png"
        },
        "bot_id": "BG3N7LG73",
        "attachments": [
            {
                "service_name": "reddit",
                "title": "Enforce tagging",
                "title_link": "https:\/\/www.reddit.com\/r\/Terraform\/comments\/gv6n9r\/enforce_tagging\/",
                "text": "Is there a good way to enforce tagging without having to rely on others to add tags in there tf files. Could we create a tagging module? Sorry...",
                "fallback": "reddit: Enforce tagging",
                "thumb_url": "https:\/\/www.redditstatic.com\/new-icon.png",
                "from_url": "https:\/\/www.reddit.com\/r\/Terraform\/comments\/gv6n9r\/enforce_tagging\/",
                "thumb_width": 256,
                "thumb_height": 256,
                "service_icon": "http:\/\/www.redditstatic.com\/desktop2x\/img\/favicon\/apple-icon-57x57.png",
                "id": 1,
                "original_url": "https:\/\/www.reddit.com\/r\/Terraform\/comments\/gv6n9r\/enforce_tagging\/"
            },
            {
                "title": "reddit.com: over 18?",
                "title_link": "https:\/\/www.reddit.com\/user\/givemedimes",
                "text": "Reddit gives you the best of the internet in one place. Get a constantly updating feed of breaking news, fun stories, pics, memes, and videos just for you. Passionate about something niche? Reddit has thousands of vibrant communities with people that share your interests. Alternatively, find out what’s trending across all of Reddit on r\/popular. Reddit is also anonymous so you can be yourself, with your Reddit profile and persona disconnected from your real-world identity.",
                "fallback": "reddit.com: over 18?",
                "from_url": "https:\/\/www.reddit.com\/user\/givemedimes",
                "service_icon": "http:\/\/www.redditstatic.com\/desktop2x\/img\/favicon\/apple-icon-57x57.png",
                "service_name": "reddit.com",
                "id": 2,
                "original_url": "https:\/\/www.reddit.com\/user\/givemedimes"
            }
        ],
        "edited": {
            "user": "BG3N7LG73",
            "ts": "1591102613.000000"
        }
    },
    {
        "type": "message",
        "subtype": "bot_message",
        "text": "<https:\/\/www.reddit.com\/r\/Terraform\/comments\/gv6usj\/resources_for_learning_terraform\/|Resources for Learning Terraform?>\nWhat are best courses and books out there to learn Terraform from Beginner to Advanced Level over AWS Cloud Platform?    submitted by   <https:\/\/www.reddit.com\/user\/SolivagantSammy| \/u\/SolivagantSammy > \n<https:\/\/www.reddit.com\/r\/Terraform\/comments\/gv6usj\/resources_for_learning_terraform\/|[link]>   <https:\/\/www.reddit.com\/r\/Terraform\/comments\/gv6usj\/resources_for_learning_terraform\/|[comments]>",
        "ts": "1591103811.079500",
        "username": "Terraform ALL the Worlds!",
        "icons": {
            "image_48": "https:\/\/s3-us-west-2.amazonaws.com\/slack-files2\/bot_icons\/2019-02-12\/548785199618_48.png"
        },
        "bot_id": "BG3N7LG73",
        "attachments": [
            {
                "service_name": "reddit",
                "title": "Resources for Learning Terraform?",
                "title_link": "https:\/\/www.reddit.com\/r\/Terraform\/comments\/gv6usj\/resources_for_learning_terraform\/",
                "text": "What are best courses and books out there to learn Terraform from Beginner to Advanced Level over AWS Cloud Platform?",
                "fallback": "reddit: Resources for Learning Terraform?",
                "thumb_url": "https:\/\/www.redditstatic.com\/new-icon.png",
                "from_url": "https:\/\/www.reddit.com\/r\/Terraform\/comments\/gv6usj\/resources_for_learning_terraform\/",
                "thumb_width": 256,
                "thumb_height": 256,
                "service_icon": "http:\/\/www.redditstatic.com\/desktop2x\/img\/favicon\/apple-icon-57x57.png",
                "id": 1,
                "original_url": "https:\/\/www.reddit.com\/r\/Terraform\/comments\/gv6usj\/resources_for_learning_terraform\/"
            },
            {
                "title": "overview for SolivagantSammy",
                "title_link": "https:\/\/www.reddit.com\/user\/SolivagantSammy",
                "text": "The u\/SolivagantSammy community on Reddit. Reddit gives you the best of the internet in one place.",
                "fallback": "overview for SolivagantSammy",
                "from_url": "https:\/\/www.reddit.com\/user\/SolivagantSammy",
                "service_icon": "http:\/\/www.redditstatic.com\/desktop2x\/img\/favicon\/apple-icon-57x57.png",
                "service_name": "reddit.com",
                "id": 2,
                "original_url": "https:\/\/www.reddit.com\/user\/SolivagantSammy"
            }
        ],
        "edited": {
            "user": "BG3N7LG73",
            "ts": "1591103811.000000"
        }
    },
    {
        "type": "message",
        "subtype": "bot_message",
        "text": "<https:\/\/www.reddit.com\/r\/Terraform\/comments\/gv7dq4\/from_6_weeks_to_90_minutes_let_terraform_do_your\/|From 6 weeks to 90 minutes. Let Terraform do your work. How we structured our Terraform modules>\nsubmitted by   <https:\/\/www.reddit.com\/user\/shikaluva| \/u\/shikaluva > \n<https:\/\/ordina-jworks.github.io\/cloud\/2020\/06\/02\/terraform.html|[link]>   <https:\/\/www.reddit.com\/r\/Terraform\/comments\/gv7dq4\/from_6_weeks_to_90_minutes_let_terraform_do_your\/|[comments]>",
        "ts": "1591105011.079700",
        "username": "Terraform ALL the Worlds!",
        "icons": {
            "image_48": "https:\/\/s3-us-west-2.amazonaws.com\/slack-files2\/bot_icons\/2019-02-12\/548785199618_48.png"
        },
        "bot_id": "BG3N7LG73",
        "attachments": [
            {
                "service_name": "reddit",
                "title": "From 6 weeks to 90 minutes. Let Terraform do your work. How we structured our Terraform modules",
                "title_link": "https:\/\/www.reddit.com\/r\/Terraform\/comments\/gv7dq4\/from_6_weeks_to_90_minutes_let_terraform_do_your\/",
                "text": "Posted in r\/Terraform by u\/shikaluva • 1 point and 0 comments",
                "fallback": "reddit: From 6 weeks to 90 minutes. Let Terraform do your work. How we structured our Terraform modules",
                "thumb_url": "https:\/\/b.thumbs.redditmedia.com\/z-Cxu6JYb-H2EVPNgACjE5dmQONttZ6e5mx-zD5MzZU.jpg",
                "from_url": "https:\/\/www.reddit.com\/r\/Terraform\/comments\/gv7dq4\/from_6_weeks_to_90_minutes_let_terraform_do_your\/",
                "thumb_width": 140,
                "thumb_height": 82,
                "service_icon": "http:\/\/www.redditstatic.com\/desktop2x\/img\/favicon\/apple-icon-57x57.png",
                "id": 1,
                "original_url": "https:\/\/www.reddit.com\/r\/Terraform\/comments\/gv7dq4\/from_6_weeks_to_90_minutes_let_terraform_do_your\/"
            },
            {
                "title": "overview for shikaluva",
                "title_link": "https:\/\/www.reddit.com\/user\/shikaluva",
                "text": "The u\/shikaluva community on Reddit. Reddit gives you the best of the internet in one place.",
                "fallback": "overview for shikaluva",
                "from_url": "https:\/\/www.reddit.com\/user\/shikaluva",
                "service_icon": "http:\/\/www.redditstatic.com\/desktop2x\/img\/favicon\/apple-icon-57x57.png",
                "service_name": "reddit.com",
                "id": 2,
                "original_url": "https:\/\/www.reddit.com\/user\/shikaluva"
            },
            {
                "title": "From 6 weeks to 90 minutes: let Terraform do your work - Pieter Vincken",
                "title_link": "https:\/\/ordina-jworks.github.io\/cloud\/2020\/06\/02\/terraform.html",
                "text": "Ordina JWorks Tech Blog",
                "fallback": "From 6 weeks to 90 minutes: let Terraform do your work - Pieter Vincken",
                "thumb_url": "http:\/\/ordina-jworks.github.io\/img\/2020-05-30-terraform\/terraform.png",
                "from_url": "https:\/\/ordina-jworks.github.io\/cloud\/2020\/06\/02\/terraform.html",
                "thumb_width": 500,
                "thumb_height": 293,
                "service_icon": "https:\/\/ordina-jworks.github.io\/img\/favicons\/apple-touch-icon-57x57.png",
                "service_name": "ordina-jworks.github.io",
                "id": 3,
                "original_url": "https:\/\/ordina-jworks.github.io\/cloud\/2020\/06\/02\/terraform.html"
            }
        ],
        "edited": {
            "user": "BG3N7LG73",
            "ts": "1591105011.000000"
        }
    },
    {
        "type": "message",
        "subtype": "bot_message",
        "text": "<https:\/\/www.reddit.com\/r\/Terraform\/comments\/gv9nrz\/ecscli_and_terraform\/|ECS-CLI and Terraform?>\nHello everybody, i am currently rebuilding all of our infrastructure setups with terraform and i am really happy with TF in general. While it is great for infrastructure it is not really good for deploying applications on an ECS Cluster. I want to build easy deployment pipelines for our developers so i need a deployment tool that gives direct feedback (like ecs-cli). Is anybody using a separated tool for app deployment on ECS? What tool do you prefer and how is it going? I am a bit afraid of...",
        "ts": "1591113415.079900",
        "username": "Terraform ALL the Worlds!",
        "icons": {
            "image_48": "https:\/\/s3-us-west-2.amazonaws.com\/slack-files2\/bot_icons\/2019-02-12\/548785199618_48.png"
        },
        "bot_id": "BG3N7LG73",
        "attachments": [
            {
                "service_name": "reddit",
                "title": "ECS-CLI and Terraform?",
                "title_link": "https:\/\/www.reddit.com\/r\/Terraform\/comments\/gv9nrz\/ecscli_and_terraform\/",
                "text": "Hello everybody, i am currently rebuilding all of our infrastructure setups with terraform and i am really happy with TF in general. While it is...",
                "fallback": "reddit: ECS-CLI and Terraform?",
                "thumb_url": "https:\/\/www.redditstatic.com\/new-icon.png",
                "from_url": "https:\/\/www.reddit.com\/r\/Terraform\/comments\/gv9nrz\/ecscli_and_terraform\/",
                "thumb_width": 256,
                "thumb_height": 256,
                "service_icon": "http:\/\/www.redditstatic.com\/desktop2x\/img\/favicon\/apple-icon-57x57.png",
                "id": 1,
                "original_url": "https:\/\/www.reddit.com\/r\/Terraform\/comments\/gv9nrz\/ecscli_and_terraform\/"
            }
        ],
        "edited": {
            "user": "BG3N7LG73",
            "ts": "1591113416.000000"
        }
    },
    {
        "type": "message",
        "subtype": "bot_message",
        "text": "<https:\/\/www.reddit.com\/r\/Terraform\/comments\/gvjxmo\/combining_transforming_two_maps\/|Combining &amp; Transforming Two Maps>\nI'm trying to create a single map that I can loop through but I can't seem to output the correct structure. The output map should contain all of the api operations for each api version that they belong to, like this: transform = { \"v1-operationA-v1\" = { \"operation\" = { \"display_name\" = \"operationA - v1\" } \"version\" = \"v1\" } \"v1-operationB-v1\" = { \"operation\" = { \"display_name\" = \"operationB - v1\" } \"version\" = \"v1\" } \"v2-operationA-v2\" = { \"operation\" = { \"display_name\" = \"operationA - v2\" }...",
        "ts": "1591147013.080100",
        "username": "Terraform ALL the Worlds!",
        "icons": {
            "image_48": "https:\/\/s3-us-west-2.amazonaws.com\/slack-files2\/bot_icons\/2019-02-12\/548785199618_48.png"
        },
        "bot_id": "BG3N7LG73",
        "attachments": [
            {
                "service_name": "reddit",
                "title": "Combining &amp; Transforming Two Maps",
                "title_link": "https:\/\/www.reddit.com\/r\/Terraform\/comments\/gvjxmo\/combining_transforming_two_maps\/",
                "text": "I'm trying to create a single map that I can loop through but I can't seem to output the correct structure. The output map should contain all of...",
                "fallback": "reddit: Combining &amp; Transforming Two Maps",
                "thumb_url": "https:\/\/www.redditstatic.com\/new-icon.png",
                "from_url": "https:\/\/www.reddit.com\/r\/Terraform\/comments\/gvjxmo\/combining_transforming_two_maps\/",
                "thumb_width": 256,
                "thumb_height": 256,
                "service_icon": "http:\/\/www.redditstatic.com\/desktop2x\/img\/favicon\/apple-icon-57x57.png",
                "id": 1,
                "original_url": "https:\/\/www.reddit.com\/r\/Terraform\/comments\/gvjxmo\/combining_transforming_two_maps\/"
            }
        ],
        "edited": {
            "user": "BG3N7LG73",
            "ts": "1591147013.000000"
        }
    },
    {
        "type": "message",
        "subtype": "bot_message",
        "text": "<https:\/\/www.google.com\/url?rct=j&amp;sa=t&amp;url=http:\/\/www.investasian.jp\/%25E3%2583%2588%25E3%2583%2583%25E3%2583%2597%25E3%2582%25AD%25E3%2583%25BC%25E3%2583%2597%25E3%2583%25AC%25E3%2582%25A4%25E3%2583%25A4%25E3%2583%25BC%25E3%2581%25AB%25E3%2582%2588%25E3%2582%258Bvivant-solar%25E3%2580%2581terraform-power%25E3%2580%2581sunpower%25E3%2580%2581sunedison%25E3%2580%2581sol\/&amp;ct=ga&amp;cd=CAIyHDMwMTY1OGE1ZDI5NDAyNzE6Y28uanA6amE6SlA&amp;usg=AFQjCNFMi27Lco3q-h7acA-vsOyRa9SxIg|トップキープレイヤーによるVivant Solar、&lt;b&gt;TerraForm&lt;\/b&gt; Power、SunPower、SunEdison、SolarCity、Plug ...>\nViviant Solar、TerraForm Power、SunPower、SunEdison、SolarCity、Plug Power、. 代替燃料アドバイザー市場レポートの範囲は次のとおりです。",
        "ts": "1591161232.080300",
        "username": "Google アラート - terraform",
        "icons": {
            "image_36": "https:\/\/a.slack-edge.com\/80588\/img\/services\/rss_36.png",
            "image_48": "https:\/\/a.slack-edge.com\/80588\/img\/services\/rss_48.png",
            "image_72": "https:\/\/a.slack-edge.com\/80588\/img\/services\/rss_72.png"
        },
        "bot_id": "BG3N7LG73"
    }
]