[
    {
        "type": "message",
        "subtype": "bot_message",
        "text": "<https:\/\/www.reddit.com\/r\/Terraform\/comments\/hdnh1p\/automatic_terraform_linting_with_reviewdog_and\/|Automatic terraform linting with reviewdog and tflint>\nIn <https:\/\/itnext.io\/automatic-terraform-linting-with-reviewdog-and-tflint-f4fb66034abb?source=friends_link&amp;sk=4addb7065c2a18305af59b97ea60ee1e|this article> we will test how to lint and get automatic checks in our github pull requests for our terraform code using <https:\/\/github.com\/reviewdog\/reviewdog|reviewdog> and the <https:\/\/github.com\/reviewdog\/action-tflint|tflint github action>, this is particularly useful to prevent unwanted changes or buggy...",
        "ts": "1592810213.110300",
        "username": "Terraform ALL the Worlds!",
        "icons": {
            "image_48": "https:\/\/s3-us-west-2.amazonaws.com\/slack-files2\/bot_icons\/2019-02-12\/548785199618_48.png"
        },
        "bot_id": "BG3N7LG73",
        "attachments": [
            {
                "service_name": "reddit",
                "title": "Automatic terraform linting with reviewdog and tflint",
                "title_link": "https:\/\/www.reddit.com\/r\/Terraform\/comments\/hdnh1p\/automatic_terraform_linting_with_reviewdog_and\/",
                "text": "In [this...",
                "fallback": "reddit: Automatic terraform linting with reviewdog and tflint",
                "thumb_url": "https:\/\/www.redditstatic.com\/new-icon.png",
                "from_url": "https:\/\/www.reddit.com\/r\/Terraform\/comments\/hdnh1p\/automatic_terraform_linting_with_reviewdog_and\/",
                "thumb_width": 256,
                "thumb_height": 256,
                "service_icon": "http:\/\/www.redditstatic.com\/desktop2x\/img\/favicon\/apple-icon-57x57.png",
                "id": 1,
                "original_url": "https:\/\/www.reddit.com\/r\/Terraform\/comments\/hdnh1p\/automatic_terraform_linting_with_reviewdog_and\/"
            },
            {
                "service_name": "Medium",
                "title": "Automatic terraform linting with reviewdog and tflint",
                "title_link": "https:\/\/itnext.io\/automatic-terraform-linting-with-reviewdog-and-tflint-f4fb66034abb?source=friends_link&sk=4addb7065c2a18305af59b97ea60ee1e",
                "text": "Introduction",
                "fallback": "Medium: Automatic terraform linting with reviewdog and tflint",
                "image_url": "https:\/\/miro.medium.com\/max\/999\/0*MO6fB3Nn2GoR4w1X.png",
                "fields": [
                    {
                        "title": "Reading time",
                        "value": "2 min read",
                        "short": true
                    }
                ],
                "ts": 1592809402,
                "from_url": "https:\/\/itnext.io\/automatic-terraform-linting-with-reviewdog-and-tflint-f4fb66034abb?source=friends_link&sk=4addb7065c2a18305af59b97ea60ee1e",
                "image_width": 293,
                "image_height": 250,
                "image_bytes": 86496,
                "service_icon": "https:\/\/cdn-images-1.medium.com\/fit\/c\/152\/152\/1*8I-HPL0bfoIzGied-dzOvA.png",
                "id": 2,
                "original_url": "https:\/\/itnext.io\/automatic-terraform-linting-with-reviewdog-and-tflint-f4fb66034abb?source=friends_link&amp;sk=4addb7065c2a18305af59b97ea60ee1e"
            },
            {
                "service_name": "GitHub",
                "title": "reviewdog\/reviewdog",
                "title_link": "https:\/\/github.com\/reviewdog\/reviewdog",
                "text": ":dog: Automated code review tool integrated with any code analysis tools regardless of programming language - reviewdog\/reviewdog",
                "fallback": "GitHub: reviewdog\/reviewdog",
                "thumb_url": "https:\/\/avatars0.githubusercontent.com\/u\/48765237?s=400&v=4",
                "from_url": "https:\/\/github.com\/reviewdog\/reviewdog",
                "thumb_width": 357,
                "thumb_height": 357,
                "service_icon": "https:\/\/a.slack-edge.com\/80588\/img\/unfurl_icons\/github.png",
                "id": 3,
                "original_url": "https:\/\/github.com\/reviewdog\/reviewdog"
            },
            {
                "service_name": "GitHub",
                "title": "reviewdog\/action-tflint",
                "title_link": "https:\/\/github.com\/reviewdog\/action-tflint",
                "text": "Run tflint with reviewdog on pull requests to enforce best practices - reviewdog\/action-tflint",
                "fallback": "GitHub: reviewdog\/action-tflint",
                "thumb_url": "https:\/\/avatars0.githubusercontent.com\/u\/48765237?s=400&v=4",
                "from_url": "https:\/\/github.com\/reviewdog\/action-tflint",
                "thumb_width": 357,
                "thumb_height": 357,
                "service_icon": "https:\/\/a.slack-edge.com\/80588\/img\/unfurl_icons\/github.png",
                "id": 4,
                "original_url": "https:\/\/github.com\/reviewdog\/action-tflint"
            }
        ],
        "edited": {
            "user": "BG3N7LG73",
            "ts": "1592810213.000000"
        }
    },
    {
        "type": "message",
        "subtype": "bot_message",
        "text": "<https:\/\/qiita.com\/Gin\/items\/9f6242c66b75c8c274a4|terraformのコマンドの意味を調べる(apply\/console\/destroy\/env\/fmt...)>\n<https:\/\/qiita.com\/#version>version\n\nTerraform v0.12.26\n\n\n<https:\/\/qiita.com\/#command>command\n\nCommon commands:\n    apply              Builds or changes infrastructure\n    console            Interactive console for Terraform interpolations\n    destroy            Destroy Terraform-managed infrastructure\n    env                Workspace management\n    fmt                Rewrites config files to canonical format\n    get                Download and install modules for...",
        "ts": "1592822808.110500",
        "username": "Terraformタグが付けられた新着記事 - Qiita",
        "icons": {
            "image_36": "https:\/\/a.slack-edge.com\/80588\/img\/services\/rss_36.png",
            "image_48": "https:\/\/a.slack-edge.com\/80588\/img\/services\/rss_48.png",
            "image_72": "https:\/\/a.slack-edge.com\/80588\/img\/services\/rss_72.png"
        },
        "bot_id": "BG3N7LG73",
        "attachments": [
            {
                "service_name": "Qiita",
                "title": "terraformのコマンドの意味を調べる(apply\/console\/destroy\/env\/fmt...) - Qiita",
                "title_link": "https:\/\/qiita.com\/Gin\/items\/9f6242c66b75c8c274a4",
                "text": "version Terraform v0.12.26 command Common commands: apply Builds or changes infrastructure ...",
                "fallback": "Qiita: terraformのコマンドの意味を調べる(apply\/console\/destroy\/env\/fmt...) - Qiita",
                "image_url": "https:\/\/qiita-user-contents.imgix.net\/https%3A%2F%2Fcdn.qiita.com%2Fassets%2Fpublic%2Farticle-ogp-background-1150d8b18a7c15795b701a55ae908f94.png?ixlib=rb-1.2.2&w=1200&mark=https%3A%2F%2Fqiita-user-contents.imgix.net%2F~text%3Fixlib%3Drb-1.2.2%26w%3D840%26h%3D380%26txt%3Dterraform%25E3%2581%25AE%25E3%2582%25B3%25E3%2583%259E%25E3%2583%25B3%25E3%2583%2589%25E3%2581%25AE%25E6%2584%258F%25E5%2591%25B3%25E3%2582%2592%25E8%25AA%25BF%25E3%2581%25B9%25E3%2582%258B%2528apply%252Fconsole%252Fdestroy%252Fenv%252Ffmt...%2529%26txt-color%3D%2523333%26txt-font%3DAvenir-Black%26txt-size%3D54%26txt-clip%3Dellipsis%26txt-align%3Dcenter%252Cmiddle%26s%3D6908c61755555b92226c5bed9fbd2ac4&mark-align=center%2Cmiddle&blend=https%3A%2F%2Fqiita-user-contents.imgix.net%2F~text%3Fixlib%3Drb-1.2.2%26w%3D840%26h%3D500%26txt%3D%2540Gin%26txt-color%3D%2523333%26txt-font%3DAvenir-Black%26txt-size%3D45%26txt-align%3Dright%252Cbottom%26s%3D64ae7e9a7c84b8fecfd096426b1974e0&blend-align=center%2Cmiddle&blend-mode=normal&s=8821ba687780b06863737e6c24d87f5a",
                "from_url": "https:\/\/qiita.com\/Gin\/items\/9f6242c66b75c8c274a4",
                "image_width": 476,
                "image_height": 250,
                "image_bytes": 50324,
                "service_icon": "https:\/\/cdn.qiita.com\/assets\/favicons\/public\/apple-touch-icon-ec5ba42a24ae923f16825592efdc356f.png",
                "id": 1,
                "original_url": "https:\/\/qiita.com\/Gin\/items\/9f6242c66b75c8c274a4"
            },
            {
                "service_name": "Qiita",
                "title": "プログラマの技術情報共有サービス - Qiita",
                "title_link": "https:\/\/qiita.com\/#version",
                "text": "Qiitaは、プログラマのための技術情報共有サービスです。 プログラミングに関するTips、ノウハウ、メモを簡単に記録 &amp; 公開することができます。",
                "fallback": "Qiita: プログラマの技術情報共有サービス - Qiita",
                "thumb_url": "https:\/\/cdn.qiita.com\/assets\/qiita-fb-fe28c64039d925349e620ba55091e078.png",
                "from_url": "https:\/\/qiita.com\/#version",
                "thumb_width": 1200,
                "thumb_height": 630,
                "service_icon": "https:\/\/cdn.qiita.com\/assets\/favicons\/public\/apple-touch-icon-ec5ba42a24ae923f16825592efdc356f.png",
                "id": 2,
                "original_url": "https:\/\/qiita.com\/#version"
            },
            {
                "service_name": "Qiita",
                "title": "プログラマの技術情報共有サービス - Qiita",
                "title_link": "https:\/\/qiita.com\/#command",
                "text": "Qiitaは、プログラマのための技術情報共有サービスです。 プログラミングに関するTips、ノウハウ、メモを簡単に記録 &amp; 公開することができます。",
                "fallback": "Qiita: プログラマの技術情報共有サービス - Qiita",
                "thumb_url": "https:\/\/cdn.qiita.com\/assets\/qiita-fb-fe28c64039d925349e620ba55091e078.png",
                "from_url": "https:\/\/qiita.com\/#command",
                "thumb_width": 1200,
                "thumb_height": 630,
                "service_icon": "https:\/\/cdn.qiita.com\/assets\/favicons\/public\/apple-touch-icon-ec5ba42a24ae923f16825592efdc356f.png",
                "id": 3,
                "original_url": "https:\/\/qiita.com\/#command"
            }
        ],
        "edited": {
            "user": "BG3N7LG73",
            "ts": "1592822808.000000"
        }
    },
    {
        "type": "message",
        "subtype": "bot_message",
        "text": "<https:\/\/www.reddit.com\/r\/Terraform\/comments\/hdr28c\/trying_to_create_vm_using_vmware_vsphere_provider\/|Trying to create vm using VMware vSphere Provider>\nI'm trying to test vm creation using terraform and stuck at an error. I don't know if this is the right place and if not please point me to a right direction. So far, I have created a <https:\/\/main.tf\/|main.tf> file and defined provider, data and resource details. I was able to run init and plan successfully but when I run apply and enter yes I get an error: Error: ServerFaultCode: The object 'vim.HostSystem:' has already been deleted or has not been completely created I cross...",
        "ts": "1592828211.110700",
        "username": "Terraform ALL the Worlds!",
        "icons": {
            "image_48": "https:\/\/s3-us-west-2.amazonaws.com\/slack-files2\/bot_icons\/2019-02-12\/548785199618_48.png"
        },
        "bot_id": "BG3N7LG73",
        "attachments": [
            {
                "service_name": "reddit",
                "title": "Trying to create vm using VMware vSphere Provider",
                "title_link": "https:\/\/www.reddit.com\/r\/Terraform\/comments\/hdr28c\/trying_to_create_vm_using_vmware_vsphere_provider\/",
                "text": "I'm trying to test vm creation using terraform and stuck at an error. I don't know if this is the right place and if not please point me to a...",
                "fallback": "reddit: Trying to create vm using VMware vSphere Provider",
                "thumb_url": "https:\/\/www.redditstatic.com\/new-icon.png",
                "from_url": "https:\/\/www.reddit.com\/r\/Terraform\/comments\/hdr28c\/trying_to_create_vm_using_vmware_vsphere_provider\/",
                "thumb_width": 256,
                "thumb_height": 256,
                "service_icon": "http:\/\/www.redditstatic.com\/desktop2x\/img\/favicon\/apple-icon-57x57.png",
                "id": 1,
                "original_url": "https:\/\/www.reddit.com\/r\/Terraform\/comments\/hdr28c\/trying_to_create_vm_using_vmware_vsphere_provider\/"
            }
        ],
        "edited": {
            "user": "BG3N7LG73",
            "ts": "1592828212.000000"
        }
    },
    {
        "type": "message",
        "subtype": "bot_message",
        "text": "<https:\/\/www.reddit.com\/r\/Terraform\/comments\/hdrjqp\/is_it_possible_to_set_a_preexisting_aws_parameter\/|Is it possible to set a pre-existing AWS Parameter or AWS Secret as a variable?>\nI have been tasked by my management to use Parameter Store or AWS Secrets Manager to store the default admin password for our Windows EC2 templates. I understand how to inject a variable into the instance creation step by bootstrapping with using user_data scripts but i cant find a way to use those two services above as a variable. I have checked hashicorps community help sections for any existing examples but no avail. Is this even possible?    submitted by   &lt;a...",
        "ts": "1592829414.110900",
        "username": "Terraform ALL the Worlds!",
        "icons": {
            "image_48": "https:\/\/s3-us-west-2.amazonaws.com\/slack-files2\/bot_icons\/2019-02-12\/548785199618_48.png"
        },
        "bot_id": "BG3N7LG73",
        "attachments": [
            {
                "service_name": "reddit",
                "title": "Is it possible to set a pre-existing AWS Parameter or AWS Secret as a variable?",
                "title_link": "https:\/\/www.reddit.com\/r\/Terraform\/comments\/hdrjqp\/is_it_possible_to_set_a_preexisting_aws_parameter\/",
                "text": "I have been tasked by my management to use Parameter Store or AWS Secrets Manager to store the default admin password for our Windows EC2...",
                "fallback": "reddit: Is it possible to set a pre-existing AWS Parameter or AWS Secret as a variable?",
                "thumb_url": "https:\/\/www.redditstatic.com\/new-icon.png",
                "from_url": "https:\/\/www.reddit.com\/r\/Terraform\/comments\/hdrjqp\/is_it_possible_to_set_a_preexisting_aws_parameter\/",
                "thumb_width": 256,
                "thumb_height": 256,
                "service_icon": "http:\/\/www.redditstatic.com\/desktop2x\/img\/favicon\/apple-icon-57x57.png",
                "id": 1,
                "original_url": "https:\/\/www.reddit.com\/r\/Terraform\/comments\/hdrjqp\/is_it_possible_to_set_a_preexisting_aws_parameter\/"
            }
        ],
        "edited": {
            "user": "BG3N7LG73",
            "ts": "1592829414.000000"
        }
    },
    {
        "type": "message",
        "subtype": "bot_message",
        "text": "<https:\/\/www.reddit.com\/r\/Terraform\/comments\/hdtb9x\/azure_zero_downtme_vms_are_impossible\/|Azure zero downtme VMs are impossible?>\nIve been digging deep into using Terraform with Azure, looking for a specific outcome. I need a VM, with a stable public IP, accompanying network resources, and i need to be able to redeploy that VM with zero downtime. Azurerm seems to make that impossible as is?  I am primarily an AWS engineer, so it would be easiest to describe the desired behavior with an AWS example. I want and EIP, an ENI, and to associate that EIP to the ENI after the new ENI (create_before_destroy) is serving HTTP...",
        "ts": "1592836617.111100",
        "username": "Terraform ALL the Worlds!",
        "icons": {
            "image_48": "https:\/\/s3-us-west-2.amazonaws.com\/slack-files2\/bot_icons\/2019-02-12\/548785199618_48.png"
        },
        "bot_id": "BG3N7LG73",
        "attachments": [
            {
                "service_name": "reddit",
                "title": "Azure zero downtme VMs are impossible?",
                "title_link": "https:\/\/www.reddit.com\/r\/Terraform\/comments\/hdtb9x\/azure_zero_downtme_vms_are_impossible\/",
                "text": "Ive been digging deep into using Terraform with Azure, looking for a specific outcome. I need a VM, with a stable public IP, accompanying network...",
                "fallback": "reddit: Azure zero downtme VMs are impossible?",
                "thumb_url": "https:\/\/www.redditstatic.com\/new-icon.png",
                "from_url": "https:\/\/www.reddit.com\/r\/Terraform\/comments\/hdtb9x\/azure_zero_downtme_vms_are_impossible\/",
                "thumb_width": 256,
                "thumb_height": 256,
                "service_icon": "http:\/\/www.redditstatic.com\/desktop2x\/img\/favicon\/apple-icon-57x57.png",
                "id": 1,
                "original_url": "https:\/\/www.reddit.com\/r\/Terraform\/comments\/hdtb9x\/azure_zero_downtme_vms_are_impossible\/"
            }
        ],
        "edited": {
            "user": "BG3N7LG73",
            "ts": "1592836617.000000"
        }
    },
    {
        "type": "message",
        "subtype": "bot_message",
        "text": "<https:\/\/qiita.com\/cheekykorkind\/items\/2d5dc79f270f43f7ceb2|terraformで変数を扱う（コマンドライン引数、デフォルト値、tplファイル）>\n<https:\/\/qiita.com\/#%E7%B4%B9%E4%BB%8B%E3%81%99%E3%82%8B%E5%86%85%E5%AE%B9>紹介する内容\n\n変数の使い方\n\nコマンドラインから引数を渡される場合\nコマンドラインからtfvarsファイルを指定した場合\nデフォルト値を設定する場合\ntplファイルを活用する場合\n\ntplファイルをdata \"template_file\"やtemplatefile関数を活用します\n\n\n\n<https:\/\/qiita.com\/#%E7%B5%90%E8%AB%96>結論\n\nコマンドラインから引数を渡される場合\n\n使用予定の変数が一つのみなら、これで十分かと思います\n\nコマンドラインからtfvarsファイルを指定した場合\n\ntfvarsファイルにvariable宣言やvariableのデフォルト値が一緒に設定できなくて少し残念でした\n\ntfvarsファイルにvariable宣言ができなくてvariable宣言のために別のファイルを作る必要があります\n\n\nデフォルト値を設定する場合...",
        "ts": "1592839616.111300",
        "username": "Terraformタグが付けられた新着記事 - Qiita",
        "icons": {
            "image_36": "https:\/\/a.slack-edge.com\/80588\/img\/services\/rss_36.png",
            "image_48": "https:\/\/a.slack-edge.com\/80588\/img\/services\/rss_48.png",
            "image_72": "https:\/\/a.slack-edge.com\/80588\/img\/services\/rss_72.png"
        },
        "bot_id": "BG3N7LG73",
        "attachments": [
            {
                "service_name": "Qiita",
                "title": "terraformで変数を扱う（コマンドライン引数、デフォルト値、tplファイル） - Qiita",
                "title_link": "https:\/\/qiita.com\/cheekykorkind\/items\/2d5dc79f270f43f7ceb2",
                "text": "紹介する内容 変数の使い方 コマンドラインから引数を渡される場合 コマンドラインからtfvarsファイルを指定した場合 デフォルト値を設定する場合 tplファイルを活用する場合 tplファイルをdata \"templa...",
                "fallback": "Qiita: terraformで変数を扱う（コマンドライン引数、デフォルト値、tplファイル） - Qiita",
                "image_url": "https:\/\/qiita-user-contents.imgix.net\/https%3A%2F%2Fcdn.qiita.com%2Fassets%2Fpublic%2Farticle-ogp-background-1150d8b18a7c15795b701a55ae908f94.png?ixlib=rb-1.2.2&w=1200&mark=https%3A%2F%2Fqiita-user-contents.imgix.net%2F~text%3Fixlib%3Drb-1.2.2%26w%3D840%26h%3D380%26txt%3Dterraform%25E3%2581%25A7%25E5%25A4%2589%25E6%2595%25B0%25E3%2582%2592%25E6%2589%25B1%25E3%2581%2586%25EF%25BC%2588%25E3%2582%25B3%25E3%2583%259E%25E3%2583%25B3%25E3%2583%2589%25E3%2583%25A9%25E3%2582%25A4%25E3%2583%25B3%25E5%25BC%2595%25E6%2595%25B0%25E3%2580%2581%25E3%2583%2587%25E3%2583%2595%25E3%2582%25A9%25E3%2583%25AB%25E3%2583%2588%25E5%2580%25A4%25E3%2580%2581tpl%25E3%2583%2595%25E3%2582%25A1%25E3%2582%25A4%25E3%2583%25AB%25EF%25BC%2589%26txt-color%3D%2523333%26txt-font%3DAvenir-Black%26txt-size%3D54%26txt-clip%3Dellipsis%26txt-align%3Dcenter%252Cmiddle%26s%3Da8066afff1fa548f8ccb7a1eae2cc575&mark-align=center%2Cmiddle&blend=https%3A%2F%2Fqiita-user-contents.imgix.net%2F~text%3Fixlib%3Drb-1.2.2%26w%3D840%26h%3D500%26txt%3D%2540cheekykorkind%26txt-color%3D%2523333%26txt-font%3DAvenir-Black%26txt-size%3D45%26txt-align%3Dright%252Cbottom%26s%3D92e370ff278c0185e646e93a5ae9df13&blend-align=center%2Cmiddle&blend-mode=normal&s=03b293ffb5275758a5c820bd38945c25",
                "from_url": "https:\/\/qiita.com\/cheekykorkind\/items\/2d5dc79f270f43f7ceb2",
                "image_width": 476,
                "image_height": 250,
                "image_bytes": 57102,
                "service_icon": "https:\/\/cdn.qiita.com\/assets\/favicons\/public\/apple-touch-icon-ec5ba42a24ae923f16825592efdc356f.png",
                "id": 1,
                "original_url": "https:\/\/qiita.com\/cheekykorkind\/items\/2d5dc79f270f43f7ceb2"
            },
            {
                "service_name": "Qiita",
                "title": "プログラマの技術情報共有サービス - Qiita",
                "title_link": "https:\/\/qiita.com\/#%E7%B4%B9%E4%BB%8B%E3%81%99%E3%82%8B%E5%86%85%E5%AE%B9",
                "text": "Qiitaは、プログラマのための技術情報共有サービスです。 プログラミングに関するTips、ノウハウ、メモを簡単に記録 &amp; 公開することができます。",
                "fallback": "Qiita: プログラマの技術情報共有サービス - Qiita",
                "thumb_url": "https:\/\/cdn.qiita.com\/assets\/qiita-fb-fe28c64039d925349e620ba55091e078.png",
                "from_url": "https:\/\/qiita.com\/#%E7%B4%B9%E4%BB%8B%E3%81%99%E3%82%8B%E5%86%85%E5%AE%B9",
                "thumb_width": 1200,
                "thumb_height": 630,
                "service_icon": "https:\/\/cdn.qiita.com\/assets\/favicons\/public\/apple-touch-icon-ec5ba42a24ae923f16825592efdc356f.png",
                "id": 2,
                "original_url": "https:\/\/qiita.com\/#%E7%B4%B9%E4%BB%8B%E3%81%99%E3%82%8B%E5%86%85%E5%AE%B9"
            },
            {
                "service_name": "Qiita",
                "title": "プログラマの技術情報共有サービス - Qiita",
                "title_link": "https:\/\/qiita.com\/#%E7%B5%90%E8%AB%96",
                "text": "Qiitaは、プログラマのための技術情報共有サービスです。 プログラミングに関するTips、ノウハウ、メモを簡単に記録 &amp; 公開することができます。",
                "fallback": "Qiita: プログラマの技術情報共有サービス - Qiita",
                "thumb_url": "https:\/\/cdn.qiita.com\/assets\/qiita-fb-fe28c64039d925349e620ba55091e078.png",
                "from_url": "https:\/\/qiita.com\/#%E7%B5%90%E8%AB%96",
                "thumb_width": 1200,
                "thumb_height": 630,
                "service_icon": "https:\/\/cdn.qiita.com\/assets\/favicons\/public\/apple-touch-icon-ec5ba42a24ae923f16825592efdc356f.png",
                "id": 3,
                "original_url": "https:\/\/qiita.com\/#%E7%B5%90%E8%AB%96"
            }
        ],
        "edited": {
            "user": "BG3N7LG73",
            "ts": "1592839616.000000"
        }
    },
    {
        "type": "message",
        "subtype": "bot_message",
        "text": "<https:\/\/www.reddit.com\/r\/Terraform\/comments\/hdw75t\/test_for_undefined_resources\/|Test for Undefined Resources?>\nHow would one test for an undefined resource? I have used try() and can(), which did not do what I think they would.  I have the following code below, which produces a \"Reference to an Undefined Resource\" error. Any suggestions on how to handle this? locals { service_gateway = \"${var.service_cidr != \"\" ? data.phpipam_address.service_subnet.gateway[\"ip_addr\"] : var.service_ip_gateway}\" }  Simple enough, right? When this bit of code is executed, regardless of the state of var.service_cidr, I...",
        "ts": "1592846215.111500",
        "username": "Terraform ALL the Worlds!",
        "icons": {
            "image_48": "https:\/\/s3-us-west-2.amazonaws.com\/slack-files2\/bot_icons\/2019-02-12\/548785199618_48.png"
        },
        "bot_id": "BG3N7LG73",
        "attachments": [
            {
                "service_name": "reddit",
                "title": "Test for Undefined Resources?",
                "title_link": "https:\/\/www.reddit.com\/r\/Terraform\/comments\/hdw75t\/test_for_undefined_resources\/",
                "text": "How would one test for an undefined resource? I have used try() and can(), which did not do what I think they would. I have the following code...",
                "fallback": "reddit: Test for Undefined Resources?",
                "thumb_url": "https:\/\/www.redditstatic.com\/new-icon.png",
                "from_url": "https:\/\/www.reddit.com\/r\/Terraform\/comments\/hdw75t\/test_for_undefined_resources\/",
                "thumb_width": 256,
                "thumb_height": 256,
                "service_icon": "http:\/\/www.redditstatic.com\/desktop2x\/img\/favicon\/apple-icon-57x57.png",
                "id": 1,
                "original_url": "https:\/\/www.reddit.com\/r\/Terraform\/comments\/hdw75t\/test_for_undefined_resources\/"
            }
        ],
        "edited": {
            "user": "BG3N7LG73",
            "ts": "1592846215.000000"
        }
    },
    {
        "type": "message",
        "subtype": "bot_message",
        "text": "<https:\/\/www.reddit.com\/r\/Terraform\/comments\/hdxw6r\/error_verifying_checksum_for_provider_aws\/|Error verifying checksum for provider \"aws\">\nIs anyone else seeing this error pop up today? Any idea how we can resolve it. Everything is broken :( Error verifying checksum for provider \"aws\" The checksum for provider distribution from the Terraform Registry did not match the source. This may mean that the distributed files were changed after this version was released to the Registry. Error: unexpected plugin checksum Error: Could not satisfy plugin requirements    submitted by   &lt;a href=\"https:\/\/www.reddit.com\/user\/yrral86\"&gt; \/u\/yrral86...",
        "ts": "1592851014.111700",
        "username": "Terraform ALL the Worlds!",
        "icons": {
            "image_48": "https:\/\/s3-us-west-2.amazonaws.com\/slack-files2\/bot_icons\/2019-02-12\/548785199618_48.png"
        },
        "bot_id": "BG3N7LG73",
        "attachments": [
            {
                "service_name": "reddit",
                "title": "Error verifying checksum for provider \"aws\"",
                "title_link": "https:\/\/www.reddit.com\/r\/Terraform\/comments\/hdxw6r\/error_verifying_checksum_for_provider_aws\/",
                "text": "Is anyone else seeing this error pop up today? Any idea how we can resolve it. Everything is broken :( `Error verifying checksum for provider...",
                "fallback": "reddit: Error verifying checksum for provider \"aws\"",
                "thumb_url": "https:\/\/www.redditstatic.com\/new-icon.png",
                "from_url": "https:\/\/www.reddit.com\/r\/Terraform\/comments\/hdxw6r\/error_verifying_checksum_for_provider_aws\/",
                "thumb_width": 256,
                "thumb_height": 256,
                "service_icon": "http:\/\/www.redditstatic.com\/desktop2x\/img\/favicon\/apple-icon-57x57.png",
                "id": 1,
                "original_url": "https:\/\/www.reddit.com\/r\/Terraform\/comments\/hdxw6r\/error_verifying_checksum_for_provider_aws\/"
            }
        ],
        "edited": {
            "user": "BG3N7LG73",
            "ts": "1592851014.000000"
        }
    },
    {
        "type": "message",
        "subtype": "bot_message",
        "text": "<https:\/\/www.reddit.com\/r\/Terraform\/comments\/he3tek\/help_with_pulling_variables\/|Help with pulling variables>\nI have been building a DR deployment and, in the meantime thinking about how I can make this more dynamic. We have set up a bunch of terraform deployments that will deploy stacks. We don't need all the stacks for a DR site and to reduce the overall cost I want to have it deploy only if there is an outage (BC). Let me go into more detail. I have built all the production systems using terraform and when I built them, I had decided to break things up into application groups. I was half learning...",
        "ts": "1592871416.111900",
        "username": "Terraform ALL the Worlds!",
        "icons": {
            "image_48": "https:\/\/s3-us-west-2.amazonaws.com\/slack-files2\/bot_icons\/2019-02-12\/548785199618_48.png"
        },
        "bot_id": "BG3N7LG73",
        "attachments": [
            {
                "service_name": "reddit",
                "title": "Help with pulling variables",
                "title_link": "https:\/\/www.reddit.com\/r\/Terraform\/comments\/he3tek\/help_with_pulling_variables\/",
                "text": "I have been building a DR deployment and, in the meantime thinking about how I can make this more dynamic. We have set up a bunch of terraform...",
                "fallback": "reddit: Help with pulling variables",
                "thumb_url": "https:\/\/www.redditstatic.com\/new-icon.png",
                "from_url": "https:\/\/www.reddit.com\/r\/Terraform\/comments\/he3tek\/help_with_pulling_variables\/",
                "thumb_width": 256,
                "thumb_height": 256,
                "service_icon": "http:\/\/www.redditstatic.com\/desktop2x\/img\/favicon\/apple-icon-57x57.png",
                "id": 1,
                "original_url": "https:\/\/www.reddit.com\/r\/Terraform\/comments\/he3tek\/help_with_pulling_variables\/"
            }
        ],
        "edited": {
            "user": "BG3N7LG73",
            "ts": "1592871416.000000"
        }
    },
    {
        "type": "message",
        "subtype": "bot_message",
        "text": "<https:\/\/www.reddit.com\/r\/Terraform\/comments\/he9fmx\/retrieve_a_secret_in_terraform_from_aws_secret\/|Retrieve a secret in terraform from aws secret manager using workspaces>\nI'm trying to retrieve a secret from AWS Secret Manager using the following line of code: \"${terraform.workspace}.PROJECT_KEY\" = \"${jsondecode(data.aws_secretsmanager_secret_version.take-sm-store-version.secret_string)[\"${terraform.workspace}.PROJECT_KEY\"]}\"  When I run terraform plan I can see the environment variable is correctly translated: ~ environment { ~ variables = { \"ENVIRONMENT\" = \"test\" + \"test.PROJECT_KEY\" = \"example_key_test\"  However, when I run terraform apply I'm met with the...",
        "ts": "1592894212.112100",
        "username": "Terraform ALL the Worlds!",
        "icons": {
            "image_48": "https:\/\/s3-us-west-2.amazonaws.com\/slack-files2\/bot_icons\/2019-02-12\/548785199618_48.png"
        },
        "bot_id": "BG3N7LG73",
        "attachments": [
            {
                "service_name": "reddit",
                "title": "Retrieve a secret in terraform from aws secret manager using workspaces",
                "title_link": "https:\/\/www.reddit.com\/r\/Terraform\/comments\/he9fmx\/retrieve_a_secret_in_terraform_from_aws_secret\/",
                "text": "I'm trying to retrieve a secret from AWS Secret Manager using the following line of code: \"${terraform.workspace}.PROJECT_KEY\" =...",
                "fallback": "reddit: Retrieve a secret in terraform from aws secret manager using workspaces",
                "thumb_url": "https:\/\/www.redditstatic.com\/new-icon.png",
                "from_url": "https:\/\/www.reddit.com\/r\/Terraform\/comments\/he9fmx\/retrieve_a_secret_in_terraform_from_aws_secret\/",
                "thumb_width": 256,
                "thumb_height": 256,
                "service_icon": "http:\/\/www.redditstatic.com\/desktop2x\/img\/favicon\/apple-icon-57x57.png",
                "id": 1,
                "original_url": "https:\/\/www.reddit.com\/r\/Terraform\/comments\/he9fmx\/retrieve_a_secret_in_terraform_from_aws_secret\/"
            }
        ],
        "edited": {
            "user": "BG3N7LG73",
            "ts": "1592894212.000000"
        }
    }
]