[
    {
        "type": "message",
        "subtype": "bot_message",
        "text": "<https:\/\/www.reddit.com\/r\/Terraform\/comments\/heyx16\/how_did_you_learn_terraform\/|How did you learn Terraform?>\nHi everyone! Thank you for checking in to my odd topic. I am new to terraform but I already have to build a complicated infrastructure with it.  I recently discovered that I have ADHD and some related Dislexya causing a real learning disability.  It's not easy to find these out during the lockdown and cope with them. I am having trouble with dry text tutorials, but I love video tutorials that explain lots of details and use cases. Now that I know what is the matter with me I realised that...",
        "ts": "1592996209.114300",
        "username": "Terraform ALL the Worlds!",
        "icons": {
            "image_48": "https:\/\/s3-us-west-2.amazonaws.com\/slack-files2\/bot_icons\/2019-02-12\/548785199618_48.png"
        },
        "bot_id": "BG3N7LG73",
        "attachments": [
            {
                "service_name": "reddit",
                "title": "How did you learn Terraform?",
                "title_link": "https:\/\/www.reddit.com\/r\/Terraform\/comments\/heyx16\/how_did_you_learn_terraform\/",
                "text": "Hi everyone! Thank you for checking in to my odd topic. I am new to terraform but I already have to build a complicated infrastructure with it....",
                "fallback": "reddit: How did you learn Terraform?",
                "thumb_url": "https:\/\/www.redditstatic.com\/new-icon.png",
                "from_url": "https:\/\/www.reddit.com\/r\/Terraform\/comments\/heyx16\/how_did_you_learn_terraform\/",
                "thumb_width": 256,
                "thumb_height": 256,
                "service_icon": "http:\/\/www.redditstatic.com\/desktop2x\/img\/favicon\/apple-icon-57x57.png",
                "id": 1,
                "original_url": "https:\/\/www.reddit.com\/r\/Terraform\/comments\/heyx16\/how_did_you_learn_terraform\/"
            }
        ],
        "edited": {
            "user": "BG3N7LG73",
            "ts": "1592996210.000000"
        }
    },
    {
        "type": "message",
        "subtype": "bot_message",
        "text": "<https:\/\/www.reddit.com\/r\/Terraform\/comments\/hf0kh8\/create_azure_devops_resources_with_terraform\/|Create Azure DevOps Resources with Terraform using the new Azure DevOps Provider>\n​ <https:\/\/preview.redd.it\/ia4k1h67ku651.png?width=522&amp;format=png&amp;auto=webp&amp;s=848dc797a13d9922188b6ea773f5287aebe8d4d3|Using Hashicorp Terraform to deploy resources in Azure DevOps Organization> If you follow Hashicorp, they recently announced a new provider for Azure DevOps. As an avid fan of Azure DevOps and Terraform, I couldn't be more thrilled. I have been experimenting with it for the past couple days. Thankfully, the set up is pretty straight forward. Let's just jump into...",
        "ts": "1593004620.114500",
        "username": "Terraform ALL the Worlds!",
        "icons": {
            "image_48": "https:\/\/s3-us-west-2.amazonaws.com\/slack-files2\/bot_icons\/2019-02-12\/548785199618_48.png"
        },
        "bot_id": "BG3N7LG73",
        "attachments": [
            {
                "service_name": "reddit",
                "title": "Create Azure DevOps Resources with Terraform using the new Azure DevOps Provider",
                "title_link": "https:\/\/www.reddit.com\/r\/Terraform\/comments\/hf0kh8\/create_azure_devops_resources_with_terraform\/",
                "text": "Posted in r\/Terraform by u\/bvamsi482 • 1 point and 0 comments",
                "fallback": "reddit: Create Azure DevOps Resources with Terraform using the new Azure DevOps Provider",
                "from_url": "https:\/\/www.reddit.com\/r\/Terraform\/comments\/hf0kh8\/create_azure_devops_resources_with_terraform\/",
                "thumb_url": "https:\/\/external-preview.redd.it\/ia4k1h67ku651.png?overlay-align=bottom,left&crop=522:273.298429319,smart&overlay-height=15p&overlay=%2Fwatermark%2Ft5_2u8e4.png%3Fs%3Dbfb326ca8735739e33a60abaf9a7c73bcb4a2134&width=522&height=273.298429319&auto=webp&s=b2ef73af70890a6916accd7565d3a53c668e6049",
                "thumb_width": 130,
                "thumb_height": 60,
                "service_icon": "http:\/\/www.redditstatic.com\/desktop2x\/img\/favicon\/apple-icon-57x57.png",
                "id": 1,
                "original_url": "https:\/\/www.reddit.com\/r\/Terraform\/comments\/hf0kh8\/create_azure_devops_resources_with_terraform\/"
            },
            {
                "fallback": "522x353px image",
                "image_url": "https:\/\/preview.redd.it\/ia4k1h67ku651.png?width=522&format=png&auto=webp&s=848dc797a13d9922188b6ea773f5287aebe8d4d3",
                "image_width": 522,
                "image_height": 353,
                "image_bytes": 29989,
                "from_url": "https:\/\/preview.redd.it\/ia4k1h67ku651.png?width=522&format=png&auto=webp&s=848dc797a13d9922188b6ea773f5287aebe8d4d3",
                "id": 2,
                "original_url": "https:\/\/preview.redd.it\/ia4k1h67ku651.png?width=522&amp;format=png&amp;auto=webp&amp;s=848dc797a13d9922188b6ea773f5287aebe8d4d3"
            }
        ],
        "edited": {
            "user": "BG3N7LG73",
            "ts": "1593004620.000000"
        }
    },
    {
        "type": "message",
        "subtype": "bot_message",
        "text": "<https:\/\/www.reddit.com\/r\/Terraform\/comments\/hf21ac\/azurerm_application_gateway_define_parts_of\/|azurerm_application_gateway define parts of resource in separate file>\nHello. Is it possible to move some parts of this object for example http_listener to separate .tf file and during apply terraform should pickup all of this files is it possible? Also maybe anybody have experience and examples for workspaces to have same code for different env DEV\/TEST\/PROD etc... ``` resource \"azurerm_application_gateway\" \"network\" { name = \"example-appgateway\" resource_group_name = azurerm_resource_group.example.name location = azurerm_resource_group.example.location sku {...",
        "ts": "1593009415.114700",
        "username": "Terraform ALL the Worlds!",
        "icons": {
            "image_48": "https:\/\/s3-us-west-2.amazonaws.com\/slack-files2\/bot_icons\/2019-02-12\/548785199618_48.png"
        },
        "bot_id": "BG3N7LG73",
        "attachments": [
            {
                "service_name": "reddit",
                "title": "azurerm_application_gateway define parts of resource in separate file",
                "title_link": "https:\/\/www.reddit.com\/r\/Terraform\/comments\/hf21ac\/azurerm_application_gateway_define_parts_of\/",
                "text": "``` hello ```",
                "fallback": "reddit: azurerm_application_gateway define parts of resource in separate file",
                "thumb_url": "https:\/\/www.redditstatic.com\/new-icon.png",
                "from_url": "https:\/\/www.reddit.com\/r\/Terraform\/comments\/hf21ac\/azurerm_application_gateway_define_parts_of\/",
                "thumb_width": 256,
                "thumb_height": 256,
                "service_icon": "http:\/\/www.redditstatic.com\/desktop2x\/img\/favicon\/apple-icon-57x57.png",
                "id": 1,
                "original_url": "https:\/\/www.reddit.com\/r\/Terraform\/comments\/hf21ac\/azurerm_application_gateway_define_parts_of\/"
            }
        ],
        "edited": {
            "user": "BG3N7LG73",
            "ts": "1593009415.000000"
        }
    },
    {
        "type": "message",
        "subtype": "bot_message",
        "text": "<https:\/\/www.reddit.com\/r\/Terraform\/comments\/hf37ds\/terratest_lambda_with_retry\/|terratest lambda with retry?>\nI need to test out a lambda function which relies on a few other parts which can take a few mins to spin up. I'm trying to use the retry module for terratest ​ retry.DoWithRetry(t, retryDescription, maxRetries, sleepBetweenRetries, func() (string, error) { response := aws.InvokeFunction(t, awsRegion, functionName, myPayload) if string(response) != \"some response\" { return \"\", fmt.Errorf(\"Expected response of some response\") } return string(response), nil })  this seems to only run once and if...",
        "ts": "1593014216.114900",
        "username": "Terraform ALL the Worlds!",
        "icons": {
            "image_48": "https:\/\/s3-us-west-2.amazonaws.com\/slack-files2\/bot_icons\/2019-02-12\/548785199618_48.png"
        },
        "bot_id": "BG3N7LG73",
        "attachments": [
            {
                "service_name": "reddit",
                "title": "terratest lambda with retry?",
                "title_link": "https:\/\/www.reddit.com\/r\/Terraform\/comments\/hf37ds\/terratest_lambda_with_retry\/",
                "text": "I need to test out a lambda function which relies on a few other parts which can take a few mins to spin up. I'm trying to use the retry module...",
                "fallback": "reddit: terratest lambda with retry?",
                "thumb_url": "https:\/\/www.redditstatic.com\/new-icon.png",
                "from_url": "https:\/\/www.reddit.com\/r\/Terraform\/comments\/hf37ds\/terratest_lambda_with_retry\/",
                "thumb_width": 256,
                "thumb_height": 256,
                "service_icon": "http:\/\/www.redditstatic.com\/desktop2x\/img\/favicon\/apple-icon-57x57.png",
                "id": 1,
                "original_url": "https:\/\/www.reddit.com\/r\/Terraform\/comments\/hf37ds\/terratest_lambda_with_retry\/"
            }
        ],
        "edited": {
            "user": "BG3N7LG73",
            "ts": "1593014216.000000"
        }
    },
    {
        "type": "message",
        "subtype": "bot_message",
        "text": "<https:\/\/qiita.com\/TG1050\/items\/bbd9ac27ebef452b23bb|TerraformでAWS VPCを削除する>\nTerraformでAWS VPCを作成するコード(コマンド)\n\n\n<https:\/\/qiita.com\/#%E5%AE%9F%E8%A1%8C%E7%92%B0%E5%A2%83>実行環境\n\nWindows 10 Home (1919)\nGit Bash (git version 2.25.1.windows.1)\nAWS CLI (aws-cli\/2.0.3 Python\/3.7.5 Windows\/10 botocore\/2.0.0dev7)\nTerraform (v0.12.26)\n\n<https:\/\/qiita.com\/#%E5%89%8A%E9%99%A4%E3%81%99%E3%82%8B%E6%A7%8B%E6%88%90>削除する構成\n\nまっさらなVPCが1つだけある状態で、そのVPCを削除\n\n&lt;a...",
        "ts": "1593018415.115100",
        "username": "Terraformタグが付けられた新着記事 - Qiita",
        "icons": {
            "image_36": "https:\/\/a.slack-edge.com\/80588\/img\/services\/rss_36.png",
            "image_48": "https:\/\/a.slack-edge.com\/80588\/img\/services\/rss_48.png",
            "image_72": "https:\/\/a.slack-edge.com\/80588\/img\/services\/rss_72.png"
        },
        "bot_id": "BG3N7LG73",
        "attachments": [
            {
                "service_name": "Qiita",
                "title": "TerraformでAWS VPCを削除する - Qiita",
                "title_link": "https:\/\/qiita.com\/TG1050\/items\/bbd9ac27ebef452b23bb",
                "text": "TerraformでAWS VPCを作成するコード(コマンド) 実行環境 Windows 10 Home (1919) Git Bash (git version 2.25.1.windows.1) AWS CLI (aws-...",
                "fallback": "Qiita: TerraformでAWS VPCを削除する - Qiita",
                "image_url": "https:\/\/qiita-user-contents.imgix.net\/https%3A%2F%2Fcdn.qiita.com%2Fassets%2Fpublic%2Farticle-ogp-background-1150d8b18a7c15795b701a55ae908f94.png?ixlib=rb-1.2.2&w=1200&mark=https%3A%2F%2Fqiita-user-contents.imgix.net%2F~text%3Fixlib%3Drb-1.2.2%26w%3D840%26h%3D380%26txt%3DTerraform%25E3%2581%25A7AWS%2520VPC%25E3%2582%2592%25E5%2589%258A%25E9%2599%25A4%25E3%2581%2599%25E3%2582%258B%26txt-color%3D%2523333%26txt-font%3DAvenir-Black%26txt-size%3D54%26txt-clip%3Dellipsis%26txt-align%3Dcenter%252Cmiddle%26s%3D6e4b00c7d3366aa1d019957d08efe480&mark-align=center%2Cmiddle&blend=https%3A%2F%2Fqiita-user-contents.imgix.net%2F~text%3Fixlib%3Drb-1.2.2%26w%3D840%26h%3D500%26txt%3D%2540TG1050%26txt-color%3D%2523333%26txt-font%3DAvenir-Black%26txt-size%3D45%26txt-align%3Dright%252Cbottom%26s%3D0891f8ee752f9e735504fdaa5ca4caf1&blend-align=center%2Cmiddle&blend-mode=normal&s=105d91b931983d61f962fb7a7e568a1e",
                "from_url": "https:\/\/qiita.com\/TG1050\/items\/bbd9ac27ebef452b23bb",
                "image_width": 476,
                "image_height": 250,
                "image_bytes": 39222,
                "service_icon": "https:\/\/cdn.qiita.com\/assets\/favicons\/public\/apple-touch-icon-ec5ba42a24ae923f16825592efdc356f.png",
                "id": 1,
                "original_url": "https:\/\/qiita.com\/TG1050\/items\/bbd9ac27ebef452b23bb"
            },
            {
                "service_name": "Qiita",
                "title": "プログラマの技術情報共有サービス - Qiita",
                "title_link": "https:\/\/qiita.com\/#%E5%AE%9F%E8%A1%8C%E7%92%B0%E5%A2%83",
                "text": "Qiitaは、プログラマのための技術情報共有サービスです。 プログラミングに関するTips、ノウハウ、メモを簡単に記録 &amp; 公開することができます。",
                "fallback": "Qiita: プログラマの技術情報共有サービス - Qiita",
                "thumb_url": "https:\/\/cdn.qiita.com\/assets\/qiita-fb-fe28c64039d925349e620ba55091e078.png",
                "from_url": "https:\/\/qiita.com\/#%E5%AE%9F%E8%A1%8C%E7%92%B0%E5%A2%83",
                "thumb_width": 1200,
                "thumb_height": 630,
                "service_icon": "https:\/\/cdn.qiita.com\/assets\/favicons\/public\/apple-touch-icon-ec5ba42a24ae923f16825592efdc356f.png",
                "id": 2,
                "original_url": "https:\/\/qiita.com\/#%E5%AE%9F%E8%A1%8C%E7%92%B0%E5%A2%83"
            },
            {
                "service_name": "Qiita",
                "title": "プログラマの技術情報共有サービス - Qiita",
                "title_link": "https:\/\/qiita.com\/#%E5%89%8A%E9%99%A4%E3%81%99%E3%82%8B%E6%A7%8B%E6%88%90",
                "text": "Qiitaは、プログラマのための技術情報共有サービスです。 プログラミングに関するTips、ノウハウ、メモを簡単に記録 &amp; 公開することができます。",
                "fallback": "Qiita: プログラマの技術情報共有サービス - Qiita",
                "thumb_url": "https:\/\/cdn.qiita.com\/assets\/qiita-fb-fe28c64039d925349e620ba55091e078.png",
                "from_url": "https:\/\/qiita.com\/#%E5%89%8A%E9%99%A4%E3%81%99%E3%82%8B%E6%A7%8B%E6%88%90",
                "thumb_width": 1200,
                "thumb_height": 630,
                "service_icon": "https:\/\/cdn.qiita.com\/assets\/favicons\/public\/apple-touch-icon-ec5ba42a24ae923f16825592efdc356f.png",
                "id": 3,
                "original_url": "https:\/\/qiita.com\/#%E5%89%8A%E9%99%A4%E3%81%99%E3%82%8B%E6%A7%8B%E6%88%90"
            }
        ],
        "edited": {
            "user": "BG3N7LG73",
            "ts": "1593018415.000000"
        }
    },
    {
        "type": "message",
        "subtype": "bot_message",
        "text": "<https:\/\/www.reddit.com\/r\/Terraform\/comments\/hf4pda\/how_to_use_multiline_strings_within_a_dynamic\/|How to use multiline strings within a dynamic block>\ndynamic \"stage\" {\n for_each = local.isProd? [\"name = \\\"Approval\\\"\\n\n action = { \\n\n name = \\\"await_manual_approval\\\"\\n\n category = \\\"Approval\\\"\\n\n owner = \\\"AWS\\\"\\n\n ...\n }\"]: []   } ​ Based on this post: <https:\/\/www.reddit.com\/r\/Terraform\/comments\/hc6249\/how_do_i_make_a_conditional_block\/|https:\/\/www.reddit.com\/r\/Terraform\/comments\/hc6249\/how_do_i_make_a_conditional_block\/>  ​ I was making a conditional dynamic block but I keep getting this error: \"Quoted strings may not be...",
        "ts": "1593019018.115300",
        "username": "Terraform ALL the Worlds!",
        "icons": {
            "image_48": "https:\/\/s3-us-west-2.amazonaws.com\/slack-files2\/bot_icons\/2019-02-12\/548785199618_48.png"
        },
        "bot_id": "BG3N7LG73",
        "attachments": [
            {
                "service_name": "reddit",
                "title": "How to use multiline strings within a dynamic block",
                "title_link": "https:\/\/www.reddit.com\/r\/Terraform\/comments\/hf4pda\/how_to_use_multiline_strings_within_a_dynamic\/",
                "text": "dynamic \"stage\" { for\\_each = local.isProd? \\[\"name = \\\\\"Approval\\\\\"\\\\n action = { \\\\n ...",
                "fallback": "reddit: How to use multiline strings within a dynamic block",
                "thumb_url": "https:\/\/www.redditstatic.com\/new-icon.png",
                "from_url": "https:\/\/www.reddit.com\/r\/Terraform\/comments\/hf4pda\/how_to_use_multiline_strings_within_a_dynamic\/",
                "thumb_width": 256,
                "thumb_height": 256,
                "service_icon": "http:\/\/www.redditstatic.com\/desktop2x\/img\/favicon\/apple-icon-57x57.png",
                "id": 1,
                "original_url": "https:\/\/www.reddit.com\/r\/Terraform\/comments\/hf4pda\/how_to_use_multiline_strings_within_a_dynamic\/"
            },
            {
                "service_name": "reddit",
                "title": "How do I make a conditional block?",
                "title_link": "https:\/\/www.reddit.com\/r\/Terraform\/comments\/hc6249\/how_do_i_make_a_conditional_block\/",
                "text": "Hi, I'm trying to move some of the infrastructure I had in Cloudformation into terraform. I've ran into a few instances where some of the block...",
                "fallback": "reddit: How do I make a conditional block?",
                "thumb_url": "https:\/\/www.redditstatic.com\/new-icon.png",
                "from_url": "https:\/\/www.reddit.com\/r\/Terraform\/comments\/hc6249\/how_do_i_make_a_conditional_block\/",
                "thumb_width": 256,
                "thumb_height": 256,
                "service_icon": "http:\/\/www.redditstatic.com\/desktop2x\/img\/favicon\/apple-icon-57x57.png",
                "id": 2,
                "original_url": "https:\/\/www.reddit.com\/r\/Terraform\/comments\/hc6249\/how_do_i_make_a_conditional_block\/"
            }
        ],
        "edited": {
            "user": "BG3N7LG73",
            "ts": "1593019018.000000"
        }
    },
    {
        "type": "message",
        "subtype": "bot_message",
        "text": "<https:\/\/www.reddit.com\/r\/Terraform\/comments\/hf98nk\/anyone_want_to_learn_terraform_together\/|Anyone want to learn Terraform together?>\nHey everyone, I'm fairly new to Terraform, but I know enough to build basic infra. However, I'd like to learn how to build more complex infra. I know all of the basics of Terraform from Cloud Academy, but I would like to learn how to build complex infra and that's where I am struggling right now.  What I have learned so far is that Terraform really isn't that difficult, what's difficult is knowing how the providers (e.g., aws, azur, google) work and how to configure them correctly. Anyways, I...",
        "ts": "1593032215.115500",
        "username": "Terraform ALL the Worlds!",
        "icons": {
            "image_48": "https:\/\/s3-us-west-2.amazonaws.com\/slack-files2\/bot_icons\/2019-02-12\/548785199618_48.png"
        },
        "bot_id": "BG3N7LG73",
        "attachments": [
            {
                "service_name": "reddit",
                "title": "Anyone want to learn Terraform together?",
                "title_link": "https:\/\/www.reddit.com\/r\/Terraform\/comments\/hf98nk\/anyone_want_to_learn_terraform_together\/",
                "text": "Hey everyone, I'm fairly new to Terraform, but I know enough to build basic infra. However, I'd like to learn how to build more complex infra. I...",
                "fallback": "reddit: Anyone want to learn Terraform together?",
                "thumb_url": "https:\/\/www.redditstatic.com\/new-icon.png",
                "from_url": "https:\/\/www.reddit.com\/r\/Terraform\/comments\/hf98nk\/anyone_want_to_learn_terraform_together\/",
                "thumb_width": 256,
                "thumb_height": 256,
                "service_icon": "http:\/\/www.redditstatic.com\/desktop2x\/img\/favicon\/apple-icon-57x57.png",
                "id": 1,
                "original_url": "https:\/\/www.reddit.com\/r\/Terraform\/comments\/hf98nk\/anyone_want_to_learn_terraform_together\/"
            }
        ],
        "edited": {
            "user": "BG3N7LG73",
            "ts": "1593032215.000000"
        }
    },
    {
        "type": "message",
        "subtype": "bot_message",
        "text": "<https:\/\/www.reddit.com\/r\/Terraform\/comments\/hf9ou6\/how_do_i_install_autocomplete_on_a_mac_with_zsh\/|How do I install autocomplete on a Mac with zsh?>\nI just installed terraform successfully: % terraform --version Terraform v0.12.27  I was following in the instructions from the <https:\/\/learn.hashicorp.com\/terraform\/getting-started\/install|Getting Started document>, but I can't seem to install the autocomplete utility. What's the issue? % terraform -install-autocomplete Error executing CLI: Did not find any shells to install  The Mac is new with barely anything on it. The shell is zsh 5.7.1 (x86_64-apple-darwin19.0)....",
        "ts": "1593034620.115700",
        "username": "Terraform ALL the Worlds!",
        "icons": {
            "image_48": "https:\/\/s3-us-west-2.amazonaws.com\/slack-files2\/bot_icons\/2019-02-12\/548785199618_48.png"
        },
        "bot_id": "BG3N7LG73",
        "attachments": [
            {
                "service_name": "reddit",
                "title": "How do I install autocomplete on a Mac with zsh?",
                "title_link": "https:\/\/www.reddit.com\/r\/Terraform\/comments\/hf9ou6\/how_do_i_install_autocomplete_on_a_mac_with_zsh\/",
                "text": "I just installed terraform successfully: % terraform --version Terraform v0.12.27 I was following in the instructions from the [Getting...",
                "fallback": "reddit: How do I install autocomplete on a Mac with zsh?",
                "thumb_url": "https:\/\/www.redditstatic.com\/new-icon.png",
                "from_url": "https:\/\/www.reddit.com\/r\/Terraform\/comments\/hf9ou6\/how_do_i_install_autocomplete_on_a_mac_with_zsh\/",
                "thumb_width": 256,
                "thumb_height": 256,
                "service_icon": "http:\/\/www.redditstatic.com\/desktop2x\/img\/favicon\/apple-icon-57x57.png",
                "id": 1,
                "original_url": "https:\/\/www.reddit.com\/r\/Terraform\/comments\/hf9ou6\/how_do_i_install_autocomplete_on_a_mac_with_zsh\/"
            },
            {
                "service_name": "HashiCorp Learn",
                "title": "Install Terraform | Terraform - HashiCorp Learn",
                "title_link": "https:\/\/learn.hashicorp.com\/terraform\/getting-started\/install",
                "text": "How to install Terraform and verify installation.",
                "fallback": "HashiCorp Learn: Install Terraform | Terraform - HashiCorp Learn",
                "image_url": "https:\/\/learn.hashicorp.com\/img\/share\/share.png",
                "from_url": "https:\/\/learn.hashicorp.com\/terraform\/getting-started\/install",
                "image_width": 476,
                "image_height": 250,
                "image_bytes": 144778,
                "service_icon": "https:\/\/learn.hashicorp.com\/img\/favicons\/favicon-16x16.png",
                "id": 2,
                "original_url": "https:\/\/learn.hashicorp.com\/terraform\/getting-started\/install"
            }
        ],
        "edited": {
            "user": "BG3N7LG73",
            "ts": "1593034620.000000"
        }
    },
    {
        "type": "message",
        "subtype": "bot_message",
        "text": "<https:\/\/www.reddit.com\/r\/Terraform\/comments\/hfa403\/speeding_up_lambda_deployment_with_terraform\/|Speeding up Lambda deployment with Terraform Cloud and S3>\nI recently migrated from local Terraform to Terraform Cloud for managing AWS environments. One of the side effects of this was having to move my Lambda deployable zip files from local disk to S3 so that Terraform Cloud could access them. Rather than just building my zips and running Terraform, it added the step of having to manually upload the changed zip files to S3 between building and running. Usually I would just end up doing a bulk upload, and this would result in every function being...",
        "ts": "1593035815.115900",
        "username": "Terraform ALL the Worlds!",
        "icons": {
            "image_48": "https:\/\/s3-us-west-2.amazonaws.com\/slack-files2\/bot_icons\/2019-02-12\/548785199618_48.png"
        },
        "bot_id": "BG3N7LG73",
        "attachments": [
            {
                "service_name": "reddit",
                "title": "Speeding up Lambda deployment with Terraform Cloud and S3",
                "title_link": "https:\/\/www.reddit.com\/r\/Terraform\/comments\/hfa403\/speeding_up_lambda_deployment_with_terraform\/",
                "text": "I recently migrated from local Terraform to Terraform Cloud for managing AWS environments. One of the side effects of this was having to move my...",
                "fallback": "reddit: Speeding up Lambda deployment with Terraform Cloud and S3",
                "thumb_url": "https:\/\/www.redditstatic.com\/new-icon.png",
                "from_url": "https:\/\/www.reddit.com\/r\/Terraform\/comments\/hfa403\/speeding_up_lambda_deployment_with_terraform\/",
                "thumb_width": 256,
                "thumb_height": 256,
                "service_icon": "http:\/\/www.redditstatic.com\/desktop2x\/img\/favicon\/apple-icon-57x57.png",
                "id": 1,
                "original_url": "https:\/\/www.reddit.com\/r\/Terraform\/comments\/hfa403\/speeding_up_lambda_deployment_with_terraform\/"
            }
        ],
        "edited": {
            "user": "BG3N7LG73",
            "ts": "1593035815.000000"
        }
    },
    {
        "type": "message",
        "subtype": "bot_message",
        "text": "<https:\/\/www.reddit.com\/r\/Terraform\/comments\/hfa94i\/combining_a_list_and_a_variable\/|Combining a list and a variable>\nHey everyone, I'm about 2 weeks into learning TF and I can't seem to find a simple answer to this. I'm attempting to concat 2 lists, one coded into the module itself and the other a variable with type of 'list'. Thanks in advance.  service_account_scopes = concat([ \"<https:\/\/www.googleapis.com\/auth\/cloudkms>\", \"<https:\/\/www.googleapis.com\/auth\/iam>\", \"<https:\/\/www.googleapis.com\/auth\/cloud.useraccounts.readonly>\", \"<https:\/\/www.googleapis.com\/auth\/devstorage.read_write>\",...",
        "ts": "1593035815.116000",
        "username": "Terraform ALL the Worlds!",
        "icons": {
            "image_48": "https:\/\/s3-us-west-2.amazonaws.com\/slack-files2\/bot_icons\/2019-02-12\/548785199618_48.png"
        },
        "bot_id": "BG3N7LG73",
        "attachments": [
            {
                "service_name": "reddit",
                "title": "Combining a list and a variable",
                "title_link": "https:\/\/www.reddit.com\/r\/Terraform\/comments\/hfa94i\/combining_a_list_and_a_variable\/",
                "text": "Hey everyone, I'm about 2 weeks into learning TF and I can't seem to find a simple answer to this. I'm attempting to concat 2 lists, one coded...",
                "fallback": "reddit: Combining a list and a variable",
                "thumb_url": "https:\/\/www.redditstatic.com\/new-icon.png",
                "from_url": "https:\/\/www.reddit.com\/r\/Terraform\/comments\/hfa94i\/combining_a_list_and_a_variable\/",
                "thumb_width": 256,
                "thumb_height": 256,
                "service_icon": "http:\/\/www.redditstatic.com\/desktop2x\/img\/favicon\/apple-icon-57x57.png",
                "id": 1,
                "original_url": "https:\/\/www.reddit.com\/r\/Terraform\/comments\/hfa94i\/combining_a_list_and_a_variable\/"
            }
        ],
        "edited": {
            "user": "BG3N7LG73",
            "ts": "1593035815.000000"
        }
    },
    {
        "type": "message",
        "subtype": "bot_message",
        "text": "<https:\/\/www.reddit.com\/r\/Terraform\/comments\/hfb29c\/psa_cloudwatch_metric_alarms\/|PSA: Cloudwatch metric alarms>\nTLDR; If you're using InstanceId inside dimensions it seems it also wants InstanceType, before i added the latter, no data was received.  I had created a set of alarms for each instance that i build, so in my instances module I had only been setting InstanceId in dimensions, and i was not getting any alerts or could see any data in the Metric Alarm graphs. Then i created a copy, of one and noticed the only difference between my terraform config and my console config is that InstanceType was...",
        "ts": "1593038221.116300",
        "username": "Terraform ALL the Worlds!",
        "icons": {
            "image_48": "https:\/\/s3-us-west-2.amazonaws.com\/slack-files2\/bot_icons\/2019-02-12\/548785199618_48.png"
        },
        "bot_id": "BG3N7LG73",
        "attachments": [
            {
                "service_name": "reddit",
                "title": "PSA: Cloudwatch metric alarms",
                "title_link": "https:\/\/www.reddit.com\/r\/Terraform\/comments\/hfb29c\/psa_cloudwatch_metric_alarms\/",
                "text": "TLDR; If you're using `InstanceId` inside `dimensions` it seems it also wants `InstanceType`, before i added the latter, no data was received. I...",
                "fallback": "reddit: PSA: Cloudwatch metric alarms",
                "thumb_url": "https:\/\/www.redditstatic.com\/new-icon.png",
                "from_url": "https:\/\/www.reddit.com\/r\/Terraform\/comments\/hfb29c\/psa_cloudwatch_metric_alarms\/",
                "thumb_width": 256,
                "thumb_height": 256,
                "service_icon": "http:\/\/www.redditstatic.com\/desktop2x\/img\/favicon\/apple-icon-57x57.png",
                "id": 1,
                "original_url": "https:\/\/www.reddit.com\/r\/Terraform\/comments\/hfb29c\/psa_cloudwatch_metric_alarms\/"
            }
        ],
        "edited": {
            "user": "BG3N7LG73",
            "ts": "1593038221.000000"
        }
    },
    {
        "type": "message",
        "subtype": "bot_message",
        "text": "<https:\/\/www.reddit.com\/r\/Terraform\/comments\/hfc16y\/provisioning_aks_cluster_and_its_resources_within\/|Provisioning AKS cluster and its resources within a single Terraform Apply?>\nI am developing a proof of concept to deploy internal applications within a Terraform\/Jenkins build pipeline. I am able to deploy the AKS cluster fine. The issue I'm getting is providing the authentication for Kubectl so that the Kubernetes pod and Service resources can be provisioned within AKS.  I can do this manually by building the Terraform config in Jenkins to deploy the AKS cluster. Then I manually use Azure CLI to copy the output from kube_config and export it into kubectl. Then...",
        "ts": "1593043017.116500",
        "username": "Terraform ALL the Worlds!",
        "icons": {
            "image_48": "https:\/\/s3-us-west-2.amazonaws.com\/slack-files2\/bot_icons\/2019-02-12\/548785199618_48.png"
        },
        "bot_id": "BG3N7LG73",
        "attachments": [
            {
                "service_name": "reddit",
                "title": "Provisioning AKS cluster and its resources within a single Terraform Apply?",
                "title_link": "https:\/\/www.reddit.com\/r\/Terraform\/comments\/hfc16y\/provisioning_aks_cluster_and_its_resources_within\/",
                "text": "I am developing a proof of concept to deploy internal applications within a Terraform\/Jenkins build pipeline. I am able to deploy the AKS cluster...",
                "fallback": "reddit: Provisioning AKS cluster and its resources within a single Terraform Apply?",
                "thumb_url": "https:\/\/www.redditstatic.com\/new-icon.png",
                "from_url": "https:\/\/www.reddit.com\/r\/Terraform\/comments\/hfc16y\/provisioning_aks_cluster_and_its_resources_within\/",
                "thumb_width": 256,
                "thumb_height": 256,
                "service_icon": "http:\/\/www.redditstatic.com\/desktop2x\/img\/favicon\/apple-icon-57x57.png",
                "id": 1,
                "original_url": "https:\/\/www.reddit.com\/r\/Terraform\/comments\/hfc16y\/provisioning_aks_cluster_and_its_resources_within\/"
            }
        ],
        "edited": {
            "user": "BG3N7LG73",
            "ts": "1593043017.000000"
        }
    },
    {
        "type": "message",
        "subtype": "bot_message",
        "text": "<https:\/\/www.reddit.com\/r\/Terraform\/comments\/hfdjsb\/delegate_route53_domain_to_cloudflare\/|Delegate route53 domain to cloudflare>\nI can't figure this one out... I have (manually) purchased a domain through AWS, this is not something that can be done programmatically (AFAIK). In the \"Registered domain\" section of route53, I can see where the authoritative NS servers are listed and can be changed through. I want to delegate the domain I purchased through AWS (route53) to Cloudflare. I thought, terraform would provide a resource to change\/define\/manage these NS entries, I saw the \"aws_route53_delegation_set\" resource and...",
        "ts": "1593049017.116700",
        "username": "Terraform ALL the Worlds!",
        "icons": {
            "image_48": "https:\/\/s3-us-west-2.amazonaws.com\/slack-files2\/bot_icons\/2019-02-12\/548785199618_48.png"
        },
        "bot_id": "BG3N7LG73",
        "attachments": [
            {
                "service_name": "reddit",
                "title": "Delegate route53 domain to cloudflare",
                "title_link": "https:\/\/www.reddit.com\/r\/Terraform\/comments\/hfdjsb\/delegate_route53_domain_to_cloudflare\/",
                "text": "I can't figure this one out... I have (manually) purchased a domain through AWS, this is not something that can be done programmatically...",
                "fallback": "reddit: Delegate route53 domain to cloudflare",
                "thumb_url": "https:\/\/www.redditstatic.com\/new-icon.png",
                "from_url": "https:\/\/www.reddit.com\/r\/Terraform\/comments\/hfdjsb\/delegate_route53_domain_to_cloudflare\/",
                "thumb_width": 256,
                "thumb_height": 256,
                "service_icon": "http:\/\/www.redditstatic.com\/desktop2x\/img\/favicon\/apple-icon-57x57.png",
                "id": 1,
                "original_url": "https:\/\/www.reddit.com\/r\/Terraform\/comments\/hfdjsb\/delegate_route53_domain_to_cloudflare\/"
            }
        ],
        "edited": {
            "user": "BG3N7LG73",
            "ts": "1593049018.000000"
        }
    },
    {
        "type": "message",
        "subtype": "bot_message",
        "text": "<https:\/\/www.reddit.com\/r\/Terraform\/comments\/hfftsz\/how_to_do_your_configuration_supporting_many\/|How to do your configuration supporting many clouds in terraform?>\nI have two clouds used, for now, gcp and azure. I need my terraform script running in the two clouds with only changed one var, or something like this. terraform apply -var cloud=gcp  for gcp terraform apply -var cloud=azure  for azure But I can't understand why I can do this. For now, I can have a folder with the name gke, like module \"k8s_service\" { source = \".\/gke\" project = var.project region = var.region username = var.username password = var.password initial_node_count =...",
        "ts": "1593058613.116900",
        "username": "Terraform ALL the Worlds!",
        "icons": {
            "image_48": "https:\/\/s3-us-west-2.amazonaws.com\/slack-files2\/bot_icons\/2019-02-12\/548785199618_48.png"
        },
        "bot_id": "BG3N7LG73",
        "attachments": [
            {
                "service_name": "reddit",
                "title": "How to do your configuration supporting many clouds in terraform?",
                "title_link": "https:\/\/www.reddit.com\/r\/Terraform\/comments\/hfftsz\/how_to_do_your_configuration_supporting_many\/",
                "text": "I have two clouds used, for now, gcp and azure. I need my terraform script running in the two clouds with only changed one var, or something like...",
                "fallback": "reddit: How to do your configuration supporting many clouds in terraform?",
                "thumb_url": "https:\/\/www.redditstatic.com\/new-icon.png",
                "from_url": "https:\/\/www.reddit.com\/r\/Terraform\/comments\/hfftsz\/how_to_do_your_configuration_supporting_many\/",
                "thumb_width": 256,
                "thumb_height": 256,
                "service_icon": "http:\/\/www.redditstatic.com\/desktop2x\/img\/favicon\/apple-icon-57x57.png",
                "id": 1,
                "original_url": "https:\/\/www.reddit.com\/r\/Terraform\/comments\/hfftsz\/how_to_do_your_configuration_supporting_many\/"
            }
        ],
        "edited": {
            "user": "BG3N7LG73",
            "ts": "1593058613.000000"
        }
    }
]