[
    {
        "type": "message",
        "text": "\/poll \"テストで質問 terraform で環境を分けるには\" \"workspace\" \"ディレクトリ\" \"その他\"",
        "user": "UFU0BKD8F",
        "ts": "1548998490.000900"
    },
    {
        "type": "message",
        "subtype": "bot_message",
        "text": "",
        "ts": "1548998490.001000",
        "bot_id": "BFVF056LV",
        "attachments": [
            {
                "fallback": "Open Slack to cast your vote in this Simple Poll",
                "title": "テストで質問 terraform で環境を分けるには",
                "id": 1,
                "color": "6ecadc",
                "fields": [
                    {
                        "title": "",
                        "value": ":one: workspace    `2`\n<@UFTKSQ25T>, <@UGY9BJ1NF>\n\n",
                        "short": false
                    },
                    {
                        "title": "",
                        "value": ":two: ディレクトリ    `4`\n<@UFUP9BGES>, <@UFU0BKD8F>, <@UFT60TQCQ>, <@UH0PSGUJ3>\n\n",
                        "short": false
                    },
                    {
                        "title": "",
                        "value": ":three: その他\n\n\n",
                        "short": false
                    }
                ],
                "mrkdwn_in": [
                    "fields"
                ]
            },
            {
                "callback_id": "9c267cef-05b2-4a16-994b-e3592cf2543c",
                "fallback": "Open Slack to cast your vote in this Simple Poll",
                "id": 2,
                "color": "6ecadc",
                "actions": [
                    {
                        "id": "1",
                        "name": "vote",
                        "text": ":one:",
                        "type": "button",
                        "value": "1",
                        "style": ""
                    },
                    {
                        "id": "2",
                        "name": "vote",
                        "text": ":two:",
                        "type": "button",
                        "value": "2",
                        "style": ""
                    },
                    {
                        "id": "3",
                        "name": "vote",
                        "text": ":three:",
                        "type": "button",
                        "value": "3",
                        "style": ""
                    },
                    {
                        "id": "4",
                        "name": "delete-v2",
                        "text": "Delete Poll",
                        "type": "button",
                        "value": "",
                        "style": "danger",
                        "confirm": {
                            "text": "Are you sure you want to delete the Poll?",
                            "title": "Delete Poll?",
                            "ok_text": "Yes",
                            "dismiss_text": "No"
                        }
                    }
                ]
            },
            {
                "callback_id": "9c267cef-05b2-4a16-994b-e3592cf2543c",
                "fallback": "Open Slack to cast your vote in this Simple Poll",
                "footer": "Simple Poll        <https:\/\/simplepoll.rocks\/dashboard\/terraform-jp\/settings\/|Edit Settings>",
                "id": 3,
                "footer_icon": "https:\/\/simplepoll.rocks\/static\/main\/favicon.png",
                "color": "6ecadc"
            }
        ]
    }
]