[
    {
        "client_msg_id": "7ecbb1fd-1e1b-463f-9660-13435dfef76f",
        "type": "message",
        "text": "cloudfront distributionのapplyにこける。。。このエラーみたことあるひといますか？\n\n```\n* aws_cloudfront_distribution.custom_origin: error updating CloudFront Distribution (XXXXXXXXXX): PreconditionFailed: The request failed because it didn't meet the preconditions in one or more request-header fields.\n\tstatus code: 412, request id: xxxxx-xxxx-xxxxxx-xxxxx-xxxxx\n```",
        "user": "UG46Z57TN",
        "ts": "1550210174.018800"
    },
    {
        "client_msg_id": "6791185f-1999-455e-a699-fec4ef0625dc",
        "type": "message",
        "text": "これかしら？一回作ったやつとかがあってバッティングするやつ。。。\ndistをMCから削除すると直るのではないかと。\n<https:\/\/github.com\/terraform-providers\/terraform-provider-aws\/issues\/1074>",
        "user": "UFU0BKD8F",
        "ts": "1550210940.020000",
        "attachments": [
            {
                "service_name": "GitHub",
                "title": "cloudfront destroy failure · Issue #1074 · terraform-providers\/terraform-provider-aws",
                "title_link": "https:\/\/github.com\/terraform-providers\/terraform-provider-aws\/issues\/1074",
                "text": "cloudfront destroy fails, this seems to be because cloudfront needs to deactivate first, and then delete. It seems that even if it has been disabled for a while (ran apply, it disabled, and failed,...",
                "fallback": "GitHub: cloudfront destroy failure · Issue #1074 · terraform-providers\/terraform-provider-aws",
                "from_url": "https:\/\/github.com\/terraform-providers\/terraform-provider-aws\/issues\/1074",
                "thumb_url": "https:\/\/avatars3.githubusercontent.com\/u\/5517?s=400&v=4",
                "thumb_width": 250,
                "thumb_height": 250,
                "service_icon": "https:\/\/a.slack-edge.com\/bfaba\/img\/unfurl_icons\/github.png",
                "id": 1,
                "original_url": "https:\/\/github.com\/terraform-providers\/terraform-provider-aws\/issues\/1074"
            }
        ]
    },
    {
        "client_msg_id": "700d95d8-e61b-4745-9708-814453e37b33",
        "type": "message",
        "text": "すみませんMCってなんでしょうか！",
        "user": "UG46Z57TN",
        "ts": "1550211105.020400"
    },
    {
        "client_msg_id": "eb82767b-ba59-41ee-af09-5220fe867cac",
        "type": "message",
        "text": "マネジメントコンソールですー",
        "user": "UFU0BKD8F",
        "ts": "1550211130.020700"
    },
    {
        "client_msg_id": "d4d0d5cc-5b59-458a-859a-0436004f62f6",
        "type": "message",
        "text": "CFrとかS3とかRDSとか起動や削除に時間がかかるもしくは再作成に制限があるリソースって、\nterraformから見ると存在しない（APIでリストしても出てこない）場合があって、\n大丈夫だろって作成のAPI投げるとこの手のpreなんちゃらエラーになりがちかと。",
        "user": "UFU0BKD8F",
        "ts": "1550211261.022500"
    },
    {
        "client_msg_id": "54808680-203c-44d4-acd3-80fd3da77a35",
        "type": "message",
        "text": "ふーむ",
        "user": "UG46Z57TN",
        "ts": "1550211291.022800"
    },
    {
        "client_msg_id": "9d601892-dd41-48d0-9068-9e0d1f1ca45f",
        "type": "message",
        "text": "terraformくん的には削除して再作成をしている気持ちなんだけど削除後に作成しようとしたらまだあるで、ってなってprecondition errorって感じになってるんですかね",
        "user": "UG46Z57TN",
        "ts": "1550211343.024300"
    },
    {
        "client_msg_id": "23b17c7d-efd3-4f7f-ac15-9d0c8d730680",
        "type": "message",
        "text": "そうですね",
        "user": "UFU0BKD8F",
        "ts": "1550211350.024600"
    },
    {
        "client_msg_id": "25cef684-0db0-40a0-8b0a-8a79ec906f41",
        "type": "message",
        "text": "こまったなあ",
        "user": "UG46Z57TN",
        "ts": "1550211371.025000"
    },
    {
        "client_msg_id": "44c810a4-e8d0-4f58-8fd9-eeec5a865592",
        "type": "message",
        "text": "（結局手でぽちぽち変更した）",
        "user": "UG46Z57TN",
        "ts": "1550211382.025500"
    },
    {
        "client_msg_id": "529da562-cf4b-4695-a3d3-8a853d195728",
        "type": "message",
        "text": "時間置いてリソースの削除が確認できれば直るはず。。。",
        "user": "UFU0BKD8F",
        "ts": "1550211393.025800"
    },
    {
        "client_msg_id": "36ed4869-0cb5-4518-988b-e47ce3c32b53",
        "type": "message",
        "text": "本番のdistributionだったから削除したくなかったんだけど、まぁそもそも削除されたら困るような設定をいれないで、いつでも削除して再作成できるような設定内容にしとけってことですね。",
        "user": "UG46Z57TN",
        "ts": "1550211492.027100"
    },
    {
        "client_msg_id": "ff61cf5b-af93-4774-8a5d-085de20f294b",
        "type": "message",
        "text": "もともとdefaultをキャッシュしてて、一部path patternでpost許可するようにしてたのを、逆にwhitelistにしてdefault no cacheで一部pathでcacheって今回変えたんですが、それなら削除してもキャッシュされないだけですしね。",
        "user": "UG46Z57TN",
        "ts": "1550211538.028400"
    },
    {
        "client_msg_id": "cff67a74-0853-45ca-ac5d-876daa5cf176",
        "type": "message",
        "text": "なるほど。いつでも削除して再作成できるようにしておく、はもちろん賛成ですが、\nstate コマンドを使ってdistをrmすることでterraformの管理下からリソースを避けることで、今あるリソースはほったらかして、\n新しく作成させて、付け替える、は本番向けの手段としてできるようにしておくといいかもしれませんね",
        "user": "UFU0BKD8F",
        "ts": "1550211659.030600",
        "edited": {
            "user": "UFU0BKD8F",
            "ts": "1550211679.000000"
        }
    },
    {
        "client_msg_id": "96da8a6d-38ea-4586-b3df-fe9f629592e9",
        "type": "message",
        "text": "あー",
        "user": "UG46Z57TN",
        "ts": "1550211678.030900"
    },
    {
        "client_msg_id": "ab95aabc-366d-4ef8-9a51-1f76bd4711bd",
        "type": "message",
        "text": "変更時は新規リソース再作成してDNSで切り替えがあるべきですね。",
        "user": "UG46Z57TN",
        "ts": "1550211703.031300"
    },
    {
        "client_msg_id": "c0c4224a-0516-45d2-b9e9-4a1fed61ea78",
        "type": "message",
        "text": "ですね",
        "user": "UFU0BKD8F",
        "ts": "1550211726.031600"
    },
    {
        "client_msg_id": "37a61b72-27a8-441e-b868-5da1331b7aa4",
        "type": "message",
        "text": "良いslackだ！！！ありがとうございます！",
        "user": "UG46Z57TN",
        "ts": "1550211773.032000",
        "reactions": [
            {
                "name": "muscle",
                "users": [
                    "UFU0BKD8F"
                ],
                "count": 1
            }
        ]
    }
]