[
    {
        "type": "message",
        "subtype": "bot_message",
        "text": "<https:\/\/www.reddit.com\/r\/Terraform\/comments\/hmqe6e\/tag_a_volume\/|Tag a volume>\nHi there, I'm trying to add a tag to an EBS volume, but this is auto created when I specify instance_type = \"t3.medium\" - could anyone point me in the right direction as of how to do this? Can I just add the below? resource \"aws_ebs_volume\" \"example\" { tags = { Name = \"TagName\" } }  Code I want to add the tag to below ############################# ############################# # Configure AMI we want to use data \"aws_ami\" \"windows-ami\" { most_recent = true owners = [\"amazon\"] filter { name =...",
        "ts": "1594109211.133000",
        "username": "Terraform ALL the Worlds!",
        "icons": {
            "image_48": "https:\/\/s3-us-west-2.amazonaws.com\/slack-files2\/bot_icons\/2019-02-12\/548785199618_48.png"
        },
        "bot_id": "BG3N7LG73",
        "attachments": [
            {
                "service_name": "reddit",
                "title": "Tag a volume",
                "title_link": "https:\/\/www.reddit.com\/r\/Terraform\/comments\/hmqe6e\/tag_a_volume\/",
                "text": "Hi there, I'm trying to add a tag to an EBS volume, but this is auto created when I specify `instance_type = \"t3.medium\"` \\- could anyone point...",
                "fallback": "reddit: Tag a volume",
                "thumb_url": "https:\/\/www.redditstatic.com\/new-icon.png",
                "from_url": "https:\/\/www.reddit.com\/r\/Terraform\/comments\/hmqe6e\/tag_a_volume\/",
                "thumb_width": 256,
                "thumb_height": 256,
                "service_icon": "http:\/\/www.redditstatic.com\/desktop2x\/img\/favicon\/apple-icon-57x57.png",
                "id": 1,
                "original_url": "https:\/\/www.reddit.com\/r\/Terraform\/comments\/hmqe6e\/tag_a_volume\/"
            }
        ],
        "edited": {
            "user": "BG3N7LG73",
            "ts": "1594109211.000000"
        }
    },
    {
        "type": "message",
        "subtype": "bot_message",
        "text": "<https:\/\/www.reddit.com\/r\/Terraform\/comments\/hmw2zp\/acm_certificate_validation_by_dns\/|ACM Certificate Validation By DNS>\nSo I have a module that creates ACM certificates and the various accompanying resources required for automatic validation via DNS. The problem I am running into is that ACM certificates are regional, Route53 is global, but validation records for certificates in different resources expect the same DNS entries. This means I cannot create a validation record for a cert in region B if I have already created it for a cert in region A. Anyone have any workarounds?    submitted by   &lt;a...",
        "ts": "1594134414.133200",
        "username": "Terraform ALL the Worlds!",
        "icons": {
            "image_48": "https:\/\/s3-us-west-2.amazonaws.com\/slack-files2\/bot_icons\/2019-02-12\/548785199618_48.png"
        },
        "bot_id": "BG3N7LG73",
        "attachments": [
            {
                "service_name": "reddit",
                "title": "ACM Certificate Validation By DNS",
                "title_link": "https:\/\/www.reddit.com\/r\/Terraform\/comments\/hmw2zp\/acm_certificate_validation_by_dns\/",
                "text": "So I have a module that creates ACM certificates and the various accompanying resources required for automatic validation via DNS. The problem I...",
                "fallback": "reddit: ACM Certificate Validation By DNS",
                "thumb_url": "https:\/\/www.redditstatic.com\/new-icon.png",
                "from_url": "https:\/\/www.reddit.com\/r\/Terraform\/comments\/hmw2zp\/acm_certificate_validation_by_dns\/",
                "thumb_width": 256,
                "thumb_height": 256,
                "service_icon": "http:\/\/www.redditstatic.com\/desktop2x\/img\/favicon\/apple-icon-57x57.png",
                "id": 1,
                "original_url": "https:\/\/www.reddit.com\/r\/Terraform\/comments\/hmw2zp\/acm_certificate_validation_by_dns\/"
            }
        ],
        "edited": {
            "user": "BG3N7LG73",
            "ts": "1594134415.000000"
        }
    },
    {
        "type": "message",
        "subtype": "bot_message",
        "text": "<https:\/\/qiita.com\/kobayashi-m42\/items\/247cf9708044db8a234e|Terraform 入門>\n<https:\/\/qiita.com\/#%E6%A6%82%E8%A6%81>概要\n\n職場でTerraform勉強会を開催することになったので、勉強会の資料のベースとなる内容を記事にしました。\nこれからTerraformを触りはじめる方が最低限知っておけば良さそうだと思った内容をまとめています。この記事では、構築対象のリソースはAWSを想定しています。\n\n\n<https:\/\/qiita.com\/#%E5%AF%BE%E8%B1%A1%E8%AA%AD%E8%80%85>対象読者\n\nTerraformを使ったことがなく、これから触ってみたい方\nAWSを手動で構築したことがあるけれど、コードで管理したことがない方\n\n<https:\/\/qiita.com\/#%E3%81%93%E3%81%AE%E8%A8%98%E4%BA%8B%E3%81%AE%E3%82%B4%E3%83%BC%E3%83%AB>この記事のゴール\n\nTerraformの概要を把握する\n基本的な文法を覚える...",
        "ts": "1594185410.133400",
        "username": "Terraformタグが付けられた新着記事 - Qiita",
        "icons": {
            "image_36": "https:\/\/a.slack-edge.com\/80588\/img\/services\/rss_36.png",
            "image_48": "https:\/\/a.slack-edge.com\/80588\/img\/services\/rss_48.png",
            "image_72": "https:\/\/a.slack-edge.com\/80588\/img\/services\/rss_72.png"
        },
        "bot_id": "BG3N7LG73",
        "attachments": [
            {
                "service_name": "Qiita",
                "title": "Terraform 入門 - Qiita",
                "title_link": "https:\/\/qiita.com\/kobayashi-m42\/items\/247cf9708044db8a234e",
                "text": "概要 職場でTerraform勉強会を開催することになったので、勉強会の資料のベースとなる内容を記事にしました。 これからTerraformを触りはじめる方が最低限知っておけば良さそうだと思った内容をまとめています。この記事では...",
                "fallback": "Qiita: Terraform 入門 - Qiita",
                "image_url": "https:\/\/qiita-user-contents.imgix.net\/https%3A%2F%2Fcdn.qiita.com%2Fassets%2Fpublic%2Farticle-ogp-background-1150d8b18a7c15795b701a55ae908f94.png?ixlib=rb-1.2.2&w=1200&mark=https%3A%2F%2Fqiita-user-contents.imgix.net%2F~text%3Fixlib%3Drb-1.2.2%26w%3D840%26h%3D380%26txt%3DTerraform%2520%25E5%2585%25A5%25E9%2596%2580%26txt-color%3D%2523333%26txt-font%3DAvenir-Black%26txt-size%3D54%26txt-clip%3Dellipsis%26txt-align%3Dcenter%252Cmiddle%26s%3D0faf7caefd0a21138363bdf4452c7d9e&mark-align=center%2Cmiddle&blend=https%3A%2F%2Fqiita-user-contents.imgix.net%2F~text%3Fixlib%3Drb-1.2.2%26w%3D840%26h%3D500%26txt%3D%2540kobayashi-m42%26txt-color%3D%2523333%26txt-font%3DAvenir-Black%26txt-size%3D45%26txt-align%3Dright%252Cbottom%26s%3Df6706bc8e91c2b6c2dc4d9bf2fd55cff&blend-align=center%2Cmiddle&blend-mode=normal&s=ba7621101787c6c1cceef45d6588bad3",
                "from_url": "https:\/\/qiita.com\/kobayashi-m42\/items\/247cf9708044db8a234e",
                "image_width": 476,
                "image_height": 250,
                "image_bytes": 28319,
                "service_icon": "https:\/\/cdn.qiita.com\/assets\/favicons\/public\/apple-touch-icon-ec5ba42a24ae923f16825592efdc356f.png",
                "id": 1,
                "original_url": "https:\/\/qiita.com\/kobayashi-m42\/items\/247cf9708044db8a234e"
            },
            {
                "service_name": "Qiita",
                "title": "プログラマの技術情報共有サービス - Qiita",
                "title_link": "https:\/\/qiita.com\/#%E6%A6%82%E8%A6%81",
                "text": "Qiitaは、プログラマのための技術情報共有サービスです。 プログラミングに関するTips、ノウハウ、メモを簡単に記録 &amp; 公開することができます。",
                "fallback": "Qiita: プログラマの技術情報共有サービス - Qiita",
                "thumb_url": "https:\/\/cdn.qiita.com\/assets\/qiita-fb-fe28c64039d925349e620ba55091e078.png",
                "from_url": "https:\/\/qiita.com\/#%E6%A6%82%E8%A6%81",
                "thumb_width": 1200,
                "thumb_height": 630,
                "service_icon": "https:\/\/cdn.qiita.com\/assets\/favicons\/public\/apple-touch-icon-ec5ba42a24ae923f16825592efdc356f.png",
                "id": 2,
                "original_url": "https:\/\/qiita.com\/#%E6%A6%82%E8%A6%81"
            },
            {
                "service_name": "Qiita",
                "title": "プログラマの技術情報共有サービス - Qiita",
                "title_link": "https:\/\/qiita.com\/#%E5%AF%BE%E8%B1%A1%E8%AA%AD%E8%80%85",
                "text": "Qiitaは、プログラマのための技術情報共有サービスです。 プログラミングに関するTips、ノウハウ、メモを簡単に記録 &amp; 公開することができます。",
                "fallback": "Qiita: プログラマの技術情報共有サービス - Qiita",
                "thumb_url": "https:\/\/cdn.qiita.com\/assets\/qiita-fb-fe28c64039d925349e620ba55091e078.png",
                "from_url": "https:\/\/qiita.com\/#%E5%AF%BE%E8%B1%A1%E8%AA%AD%E8%80%85",
                "thumb_width": 1200,
                "thumb_height": 630,
                "service_icon": "https:\/\/cdn.qiita.com\/assets\/favicons\/public\/apple-touch-icon-ec5ba42a24ae923f16825592efdc356f.png",
                "id": 3,
                "original_url": "https:\/\/qiita.com\/#%E5%AF%BE%E8%B1%A1%E8%AA%AD%E8%80%85"
            },
            {
                "service_name": "Qiita",
                "title": "プログラマの技術情報共有サービス - Qiita",
                "title_link": "https:\/\/qiita.com\/#%E3%81%93%E3%81%AE%E8%A8%98%E4%BA%8B%E3%81%AE%E3%82%B4%E3%83%BC%E3%83%AB",
                "text": "Qiitaは、プログラマのための技術情報共有サービスです。 プログラミングに関するTips、ノウハウ、メモを簡単に記録 &amp; 公開することができます。",
                "fallback": "Qiita: プログラマの技術情報共有サービス - Qiita",
                "thumb_url": "https:\/\/cdn.qiita.com\/assets\/qiita-fb-fe28c64039d925349e620ba55091e078.png",
                "from_url": "https:\/\/qiita.com\/#%E3%81%93%E3%81%AE%E8%A8%98%E4%BA%8B%E3%81%AE%E3%82%B4%E3%83%BC%E3%83%AB",
                "thumb_width": 1200,
                "thumb_height": 630,
                "service_icon": "https:\/\/cdn.qiita.com\/assets\/favicons\/public\/apple-touch-icon-ec5ba42a24ae923f16825592efdc356f.png",
                "id": 4,
                "original_url": "https:\/\/qiita.com\/#%E3%81%93%E3%81%AE%E8%A8%98%E4%BA%8B%E3%81%AE%E3%82%B4%E3%83%BC%E3%83%AB"
            }
        ],
        "edited": {
            "user": "BG3N7LG73",
            "ts": "1594185410.000000"
        }
    }
]