[
    {
        "type": "message",
        "subtype": "bot_message",
        "text": "<https:\/\/www.reddit.com\/r\/Terraform\/comments\/hjapq0\/outputing_a_single_key_value_pair\/|Outputing a single key value pair>\nI have a module that has a variable that is a map of 4 key value pairs. When I try to output the variable it dumps out the entire map. How can I only get the \"cluster_id = value\" pair to output? ​  type = map(object({ cluster_id = string zone = string num_nodes = number storage_type = string }))     submitted by   <https:\/\/www.reddit.com\/user\/Inquisitor142| \/u\/Inquisitor142 > \n&lt;a...",
        "ts": "1593613017.125600",
        "username": "Terraform ALL the Worlds!",
        "icons": {
            "image_48": "https:\/\/s3-us-west-2.amazonaws.com\/slack-files2\/bot_icons\/2019-02-12\/548785199618_48.png"
        },
        "bot_id": "BG3N7LG73",
        "attachments": [
            {
                "service_name": "reddit",
                "title": "Outputing a single key value pair",
                "title_link": "https:\/\/www.reddit.com\/r\/Terraform\/comments\/hjapq0\/outputing_a_single_key_value_pair\/",
                "text": "I have a module that has a variable that is a map of 4 key value pairs. When I try to output the variable it dumps out the entire map. How can I...",
                "fallback": "reddit: Outputing a single key value pair",
                "thumb_url": "https:\/\/www.redditstatic.com\/new-icon.png",
                "from_url": "https:\/\/www.reddit.com\/r\/Terraform\/comments\/hjapq0\/outputing_a_single_key_value_pair\/",
                "thumb_width": 256,
                "thumb_height": 256,
                "service_icon": "http:\/\/www.redditstatic.com\/desktop2x\/img\/favicon\/apple-icon-57x57.png",
                "id": 1,
                "original_url": "https:\/\/www.reddit.com\/r\/Terraform\/comments\/hjapq0\/outputing_a_single_key_value_pair\/"
            },
            {
                "title": "overview for Inquisitor142",
                "title_link": "https:\/\/www.reddit.com\/user\/Inquisitor142",
                "text": "The u\/Inquisitor142 community on Reddit. Reddit gives you the best of the internet in one place.",
                "fallback": "overview for Inquisitor142",
                "from_url": "https:\/\/www.reddit.com\/user\/Inquisitor142",
                "service_icon": "http:\/\/www.redditstatic.com\/desktop2x\/img\/favicon\/apple-icon-57x57.png",
                "service_name": "reddit.com",
                "id": 2,
                "original_url": "https:\/\/www.reddit.com\/user\/Inquisitor142"
            }
        ],
        "edited": {
            "user": "BG3N7LG73",
            "ts": "1593613017.000000"
        }
    },
    {
        "type": "message",
        "subtype": "bot_message",
        "text": "<https:\/\/www.reddit.com\/r\/Terraform\/comments\/hjazly\/article_hierarchical_terraform_module_registry\/|[Article] Hierarchical Terraform Module Registry>\nScalr has recently released improvements to their module registry making it even easier to manage modules. It would be great to hear some thoughts and feedback on it! <https:\/\/www.scalr.com\/blog\/hierarchical-terraform-module-registry\/|https:\/\/www.scalr.com\/blog\/hierarchical-terraform-module-registry\/>    submitted by   <https:\/\/www.reddit.com\/user\/rsc625| \/u\/rsc625 > \n&lt;a...",
        "ts": "1593613017.125700",
        "username": "Terraform ALL the Worlds!",
        "icons": {
            "image_48": "https:\/\/s3-us-west-2.amazonaws.com\/slack-files2\/bot_icons\/2019-02-12\/548785199618_48.png"
        },
        "bot_id": "BG3N7LG73",
        "attachments": [
            {
                "service_name": "reddit",
                "title": "[Article] Hierarchical Terraform Module Registry",
                "title_link": "https:\/\/www.reddit.com\/r\/Terraform\/comments\/hjazly\/article_hierarchical_terraform_module_registry\/",
                "text": "Scalr has recently released improvements to their module registry making it even easier to manage modules. It would be great to hear some thoughts...",
                "fallback": "reddit: [Article] Hierarchical Terraform Module Registry",
                "thumb_url": "https:\/\/www.redditstatic.com\/new-icon.png",
                "from_url": "https:\/\/www.reddit.com\/r\/Terraform\/comments\/hjazly\/article_hierarchical_terraform_module_registry\/",
                "thumb_width": 256,
                "thumb_height": 256,
                "service_icon": "http:\/\/www.redditstatic.com\/desktop2x\/img\/favicon\/apple-icon-57x57.png",
                "id": 1,
                "original_url": "https:\/\/www.reddit.com\/r\/Terraform\/comments\/hjazly\/article_hierarchical_terraform_module_registry\/"
            },
            {
                "service_name": "Scalr",
                "title": "Hierarchical Terraform Module Registry | Scalr",
                "title_link": "https:\/\/www.scalr.com\/blog\/hierarchical-terraform-module-registry\/",
                "text": "Scalr is a remote state &amp; operations backend for Terraform with access controls, policy as code, and many quality of life features.",
                "fallback": "Scalr: Hierarchical Terraform Module Registry | Scalr",
                "image_url": "https:\/\/www.scalr.com\/wp-content\/uploads\/2018\/01\/scalr-gradient.jpg",
                "image_width": 250,
                "image_height": 250,
                "ts": 1592926490,
                "from_url": "https:\/\/www.scalr.com\/blog\/hierarchical-terraform-module-registry\/",
                "image_bytes": 7572,
                "service_icon": "https:\/\/www.scalr.com\/wp-content\/uploads\/2017\/09\/cropped-scalr-favicon-180x180.png",
                "id": 2,
                "original_url": "https:\/\/www.scalr.com\/blog\/hierarchical-terraform-module-registry\/"
            },
            {
                "title": "overview for rsc625",
                "title_link": "https:\/\/www.reddit.com\/user\/rsc625",
                "text": "The u\/rsc625 community on Reddit. Reddit gives you the best of the internet in one place.",
                "fallback": "overview for rsc625",
                "from_url": "https:\/\/www.reddit.com\/user\/rsc625",
                "service_icon": "http:\/\/www.redditstatic.com\/desktop2x\/img\/favicon\/apple-icon-57x57.png",
                "service_name": "reddit.com",
                "id": 3,
                "original_url": "https:\/\/www.reddit.com\/user\/rsc625"
            }
        ],
        "edited": {
            "user": "BG3N7LG73",
            "ts": "1593613017.000000"
        }
    },
    {
        "type": "message",
        "subtype": "bot_message",
        "text": "<https:\/\/www.reddit.com\/r\/Terraform\/comments\/hje8xs\/referencing_values_from_multiple_for_eaches\/|Referencing values from multiple for_each-es>\nConsider the following scenario: I'm creating Azure VMs with for_each. Each VM generates -NIC for a network card. I have another for_each that generates NSGs somewhere in another file, creating NSGs for all sorts of resources. I'm having trouble reconciling these resources. azurerm_network_interface_security_group_association accepts two variables: NIC id and NSG id.  I would want to do something like this: resource \"azurerm_network_interface_security_group_association\" \"Demo\" {  for_each =...",
        "ts": "1593623214.126000",
        "username": "Terraform ALL the Worlds!",
        "icons": {
            "image_48": "https:\/\/s3-us-west-2.amazonaws.com\/slack-files2\/bot_icons\/2019-02-12\/548785199618_48.png"
        },
        "bot_id": "BG3N7LG73"
    },
    {
        "type": "message",
        "subtype": "bot_message",
        "text": "<https:\/\/www.reddit.com\/r\/Terraform\/comments\/hjh6pa\/introducing_fenna_a_thin_terraform_wrapper_for\/|Introducing fenna, a thin Terraform wrapper for teams>\nHi, all. I’d like to introduce fenna: <https:\/\/github.com\/jdhollis\/fenna|https:\/\/github.com\/jdhollis\/fenna> Fenna is an extraction from the work I’ve been doing with Terraform over the past few years. It’s a set of conventions and a script that makes it easier for developers to collaborate on AWS infrastructure with Terraform. If you’re curious on the motivations, I’ve done a short write-up here: &lt;a...",
        "ts": "1593632215.126100",
        "username": "Terraform ALL the Worlds!",
        "icons": {
            "image_48": "https:\/\/s3-us-west-2.amazonaws.com\/slack-files2\/bot_icons\/2019-02-12\/548785199618_48.png"
        },
        "bot_id": "BG3N7LG73",
        "attachments": [
            {
                "service_name": "reddit",
                "title": "Introducing fenna, a thin Terraform wrapper for teams",
                "title_link": "https:\/\/www.reddit.com\/r\/Terraform\/comments\/hjh6pa\/introducing_fenna_a_thin_terraform_wrapper_for\/",
                "text": "Hi, all. I’d like to introduce fenna: <https:\/\/github.com\/jdhollis\/fenna> Fenna is an extraction from the work I’ve been doing with Terraform over...",
                "fallback": "reddit: Introducing fenna, a thin Terraform wrapper for teams",
                "thumb_url": "https:\/\/www.redditstatic.com\/new-icon.png",
                "from_url": "https:\/\/www.reddit.com\/r\/Terraform\/comments\/hjh6pa\/introducing_fenna_a_thin_terraform_wrapper_for\/",
                "thumb_width": 256,
                "thumb_height": 256,
                "service_icon": "http:\/\/www.redditstatic.com\/desktop2x\/img\/favicon\/apple-icon-57x57.png",
                "id": 1,
                "original_url": "https:\/\/www.reddit.com\/r\/Terraform\/comments\/hjh6pa\/introducing_fenna_a_thin_terraform_wrapper_for\/"
            },
            {
                "service_name": "GitHub",
                "title": "jdhollis\/fenna",
                "title_link": "https:\/\/github.com\/jdhollis\/fenna",
                "text": "A thin Terraform wrapper for teams. Contribute to jdhollis\/fenna development by creating an account on GitHub.",
                "fallback": "GitHub: jdhollis\/fenna",
                "thumb_url": "https:\/\/avatars3.githubusercontent.com\/u\/31834?s=400&v=4",
                "from_url": "https:\/\/github.com\/jdhollis\/fenna",
                "thumb_width": 400,
                "thumb_height": 400,
                "service_icon": "https:\/\/a.slack-edge.com\/80588\/img\/unfurl_icons\/github.png",
                "id": 2,
                "original_url": "https:\/\/github.com\/jdhollis\/fenna"
            }
        ],
        "edited": {
            "user": "BG3N7LG73",
            "ts": "1593632215.000000"
        }
    },
    {
        "type": "message",
        "subtype": "bot_message",
        "text": "<https:\/\/www.reddit.com\/r\/Terraform\/comments\/hjhjkx\/using_terraform_to_deploy_a_container_from_azure\/|Using Terraform to deploy a container from Azure Container Registry to Kubernetes>\nI have provisioned both the Kubernetes cluster and Azure Container Registry using Terraform and then I use docker to push an image to the container registry. However, I am now unsure how to use terraform to pull images from the Azure Container Registry and deploy them as a Kubernetes service within the cluster. I have a separate .tf apply which reads in the credentials and allows me to deploy a basic nginx container, however, I can't seem to find any documentation for it instead pulling...",
        "ts": "1593633416.126300",
        "username": "Terraform ALL the Worlds!",
        "icons": {
            "image_48": "https:\/\/s3-us-west-2.amazonaws.com\/slack-files2\/bot_icons\/2019-02-12\/548785199618_48.png"
        },
        "bot_id": "BG3N7LG73",
        "attachments": [
            {
                "service_name": "reddit",
                "title": "Using Terraform to deploy a container from Azure Container Registry to Kubernetes",
                "title_link": "https:\/\/www.reddit.com\/r\/Terraform\/comments\/hjhjkx\/using_terraform_to_deploy_a_container_from_azure\/",
                "text": "I have provisioned both the Kubernetes cluster and Azure Container Registry using Terraform and then I use docker to push an image to the...",
                "fallback": "reddit: Using Terraform to deploy a container from Azure Container Registry to Kubernetes",
                "thumb_url": "https:\/\/www.redditstatic.com\/new-icon.png",
                "from_url": "https:\/\/www.reddit.com\/r\/Terraform\/comments\/hjhjkx\/using_terraform_to_deploy_a_container_from_azure\/",
                "thumb_width": 256,
                "thumb_height": 256,
                "service_icon": "http:\/\/www.redditstatic.com\/desktop2x\/img\/favicon\/apple-icon-57x57.png",
                "id": 1,
                "original_url": "https:\/\/www.reddit.com\/r\/Terraform\/comments\/hjhjkx\/using_terraform_to_deploy_a_container_from_azure\/"
            }
        ],
        "edited": {
            "user": "BG3N7LG73",
            "ts": "1593633416.000000"
        }
    }
]