[
    {
        "type": "message",
        "subtype": "bot_message",
        "text": "<https:\/\/www.reddit.com\/r\/Terraform\/comments\/hl09sv\/any_idea_on_when_this_aws_backup_vault\/|Any idea on when this AWS backup vault notifications will be added ?>\nsubmitted by   <https:\/\/www.reddit.com\/user\/the_screenslaver| \/u\/the_screenslaver > \n<https:\/\/github.com\/terraform-providers\/terraform-provider-aws\/pull\/12501|[link]>   <https:\/\/www.reddit.com\/r\/Terraform\/comments\/hl09sv\/any_idea_on_when_this_aws_backup_vault\/|[comments]>",
        "ts": "1593854207.129000",
        "username": "Terraform ALL the Worlds!",
        "icons": {
            "image_48": "https:\/\/s3-us-west-2.amazonaws.com\/slack-files2\/bot_icons\/2019-02-12\/548785199618_48.png"
        },
        "bot_id": "BG3N7LG73",
        "attachments": [
            {
                "service_name": "reddit",
                "title": "Any idea on when this AWS backup vault notifications will be added ?",
                "title_link": "https:\/\/www.reddit.com\/r\/Terraform\/comments\/hl09sv\/any_idea_on_when_this_aws_backup_vault\/",
                "text": "Posted in r\/Terraform by u\/the_screenslaver • 1 point and 0 comments",
                "fallback": "reddit: Any idea on when this AWS backup vault notifications will be added ?",
                "thumb_url": "https:\/\/b.thumbs.redditmedia.com\/giKjSaBdMSB-2T1ownbtdF5qh-L5TKzwdrSw3iYODYs.jpg",
                "from_url": "https:\/\/www.reddit.com\/r\/Terraform\/comments\/hl09sv\/any_idea_on_when_this_aws_backup_vault\/",
                "thumb_width": 140,
                "thumb_height": 140,
                "service_icon": "http:\/\/www.redditstatic.com\/desktop2x\/img\/favicon\/apple-icon-57x57.png",
                "id": 1,
                "original_url": "https:\/\/www.reddit.com\/r\/Terraform\/comments\/hl09sv\/any_idea_on_when_this_aws_backup_vault\/"
            },
            {
                "title": "overview for the_screenslaver",
                "title_link": "https:\/\/www.reddit.com\/user\/the_screenslaver",
                "text": "The u\/the_screenslaver community on Reddit. Reddit gives you the best of the internet in one place.",
                "fallback": "overview for the_screenslaver",
                "from_url": "https:\/\/www.reddit.com\/user\/the_screenslaver",
                "service_icon": "http:\/\/www.redditstatic.com\/desktop2x\/img\/favicon\/apple-icon-57x57.png",
                "service_name": "reddit.com",
                "id": 2,
                "original_url": "https:\/\/www.reddit.com\/user\/the_screenslaver"
            },
            {
                "service_name": "GitHub",
                "title": "r\/backup_vault_notifications - Add new resource by DrFaust92 · Pull Request #12501 · terraform-providers\/terraform-provider-aws",
                "title_link": "https:\/\/github.com\/terraform-providers\/terraform-provider-aws\/pull\/12501",
                "text": "Community Note Please vote on this pull request by adding a :+1: reaction to the original pull request comment to help the community and maintainers prioritize this request Please do not leave &amp;quot;...",
                "fallback": "GitHub: r\/backup_vault_notifications - Add new resource by DrFaust92 · Pull Request #12501 · terraform-providers\/terraform-provider-aws",
                "thumb_url": "https:\/\/avatars0.githubusercontent.com\/u\/29154831?s=400&v=4",
                "from_url": "https:\/\/github.com\/terraform-providers\/terraform-provider-aws\/pull\/12501",
                "thumb_width": 400,
                "thumb_height": 400,
                "service_icon": "https:\/\/a.slack-edge.com\/80588\/img\/unfurl_icons\/github.png",
                "id": 3,
                "original_url": "https:\/\/github.com\/terraform-providers\/terraform-provider-aws\/pull\/12501"
            }
        ],
        "edited": {
            "user": "BG3N7LG73",
            "ts": "1593854208.000000"
        }
    },
    {
        "type": "message",
        "subtype": "bot_message",
        "text": "<https:\/\/qiita.com\/TG1050\/items\/8c71954f61e7fdc127c6|TerraformでAWS VPCを変更する(outパラメータによる変更プランの変更と適用)>\nTerraformでAWS VPCを変更するコード(コマンド)\n\n「-out」パラメータでプランを保存した場合、コードとのズレや、環境とのズレが発生していた場合にどのような挙動やメッセージとなるのかを確認する。\n\n下記の４パターンの挙動を確認する。\nパターン① 環境も変更したい内容もズレは無し\nパターン② 環境にズレがある(変更したい内容と競合する部分)\nパターン③ 環境にズレがある(変更したい内容と競合しない部分)\nパターン④ main.tfに更新がある\n\n\n<https:\/\/qiita.com\/#%E5%AE%9F%E8%A1%8C%E7%92%B0%E5%A2%83>実行環境\n\nWindows 10 Home (1919)\nGit Bash (git version 2.25.1.windows.1)\nAWS CLI (aws-cli\/2.0.3 Python\/3.7.5 Windows\/10 botocore\/2.0.0dev7)\nTerraform (v0.12.26)\n\n&lt;a...",
        "ts": "1593884212.129200",
        "username": "Terraformタグが付けられた新着記事 - Qiita",
        "icons": {
            "image_36": "https:\/\/a.slack-edge.com\/80588\/img\/services\/rss_36.png",
            "image_48": "https:\/\/a.slack-edge.com\/80588\/img\/services\/rss_48.png",
            "image_72": "https:\/\/a.slack-edge.com\/80588\/img\/services\/rss_72.png"
        },
        "bot_id": "BG3N7LG73",
        "attachments": [
            {
                "service_name": "Qiita",
                "title": "TerraformでAWS VPCを変更する(outパラメータによる変更プランの変更と適用) - Qiita",
                "title_link": "https:\/\/qiita.com\/TG1050\/items\/8c71954f61e7fdc127c6",
                "text": "TerraformでAWS VPCを変更するコード(コマンド) 「-out」パラメータでプランを保存した場合、コードとのズレや、環境とのズレが発生していた場合にどのような挙動やメッセージとなるのかを確認する。 下記の４パターンの挙...",
                "fallback": "Qiita: TerraformでAWS VPCを変更する(outパラメータによる変更プランの変更と適用) - Qiita",
                "image_url": "https:\/\/qiita-user-contents.imgix.net\/https%3A%2F%2Fcdn.qiita.com%2Fassets%2Fpublic%2Farticle-ogp-background-1150d8b18a7c15795b701a55ae908f94.png?ixlib=rb-1.2.2&w=1200&mark=https%3A%2F%2Fqiita-user-contents.imgix.net%2F~text%3Fixlib%3Drb-1.2.2%26w%3D840%26h%3D380%26txt%3DTerraform%25E3%2581%25A7AWS%2520VPC%25E3%2582%2592%25E5%25A4%2589%25E6%259B%25B4%25E3%2581%2599%25E3%2582%258B%2528out%25E3%2583%2591%25E3%2583%25A9%25E3%2583%25A1%25E3%2583%25BC%25E3%2582%25BF%25E3%2581%25AB%25E3%2582%2588%25E3%2582%258B%25E5%25A4%2589%25E6%259B%25B4%25E3%2583%2597%25E3%2583%25A9%25E3%2583%25B3%25E3%2581%25AE%25E5%25A4%2589%25E6%259B%25B4%25E3%2581%25A8%25E9%2581%25A9%25E7%2594%25A8%2529%26txt-color%3D%2523333%26txt-font%3DAvenir-Black%26txt-size%3D54%26txt-clip%3Dellipsis%26txt-align%3Dcenter%252Cmiddle%26s%3Da320ff6ee0378dbd71a1d029758a7ed8&mark-align=center%2Cmiddle&blend=https%3A%2F%2Fqiita-user-contents.imgix.net%2F~text%3Fixlib%3Drb-1.2.2%26w%3D840%26h%3D500%26txt%3D%2540TG1050%26txt-color%3D%2523333%26txt-font%3DAvenir-Black%26txt-size%3D45%26txt-align%3Dright%252Cbottom%26s%3D0891f8ee752f9e735504fdaa5ca4caf1&blend-align=center%2Cmiddle&blend-mode=normal&s=b19345ab86b41fed12f3455098391799",
                "from_url": "https:\/\/qiita.com\/TG1050\/items\/8c71954f61e7fdc127c6",
                "image_width": 476,
                "image_height": 250,
                "image_bytes": 64520,
                "service_icon": "https:\/\/cdn.qiita.com\/assets\/favicons\/public\/apple-touch-icon-ec5ba42a24ae923f16825592efdc356f.png",
                "id": 1,
                "original_url": "https:\/\/qiita.com\/TG1050\/items\/8c71954f61e7fdc127c6"
            },
            {
                "service_name": "Qiita",
                "title": "プログラマの技術情報共有サービス - Qiita",
                "title_link": "https:\/\/qiita.com\/#%E5%AE%9F%E8%A1%8C%E7%92%B0%E5%A2%83",
                "text": "Qiitaは、プログラマのための技術情報共有サービスです。 プログラミングに関するTips、ノウハウ、メモを簡単に記録 &amp; 公開することができます。",
                "fallback": "Qiita: プログラマの技術情報共有サービス - Qiita",
                "thumb_url": "https:\/\/cdn.qiita.com\/assets\/qiita-fb-fe28c64039d925349e620ba55091e078.png",
                "from_url": "https:\/\/qiita.com\/#%E5%AE%9F%E8%A1%8C%E7%92%B0%E5%A2%83",
                "thumb_width": 1200,
                "thumb_height": 630,
                "service_icon": "https:\/\/cdn.qiita.com\/assets\/favicons\/public\/apple-touch-icon-ec5ba42a24ae923f16825592efdc356f.png",
                "id": 2,
                "original_url": "https:\/\/qiita.com\/#%E5%AE%9F%E8%A1%8C%E7%92%B0%E5%A2%83"
            }
        ],
        "edited": {
            "user": "BG3N7LG73",
            "ts": "1593884212.000000"
        }
    },
    {
        "type": "message",
        "subtype": "bot_message",
        "text": "<https:\/\/www.reddit.com\/r\/Terraform\/comments\/hl777d\/should_a_module_do_data_lookups_or_should_data_be\/|Should a module do data lookups or should data be passed to the module?>\nI am starting with Terraform and am in the process of creating a module to create some VM’s with some domain specific requirements (ienaming format etc). What I am trying to understand is if the module should be responsible for looking up data or if it should be passed into the module, for example: Example of module doing data lookup module\/vm.tf: variable \"datastore\" { description = \"Datastore name\" type = string } data \"vsphere_datastore\" \"datastore\" { name = var.datastore[count.index] }...",
        "ts": "1593884808.129400",
        "username": "Terraform ALL the Worlds!",
        "icons": {
            "image_48": "https:\/\/s3-us-west-2.amazonaws.com\/slack-files2\/bot_icons\/2019-02-12\/548785199618_48.png"
        },
        "bot_id": "BG3N7LG73",
        "attachments": [
            {
                "service_name": "reddit",
                "title": "Should a module do data lookups or should data be passed to the module?",
                "title_link": "https:\/\/www.reddit.com\/r\/Terraform\/comments\/hl777d\/should_a_module_do_data_lookups_or_should_data_be\/",
                "text": "I am starting with Terraform and am in the process of creating a module to create some VM’s with some domain specific requirements (ienaming...",
                "fallback": "reddit: Should a module do data lookups or should data be passed to the module?",
                "thumb_url": "https:\/\/www.redditstatic.com\/new-icon.png",
                "from_url": "https:\/\/www.reddit.com\/r\/Terraform\/comments\/hl777d\/should_a_module_do_data_lookups_or_should_data_be\/",
                "thumb_width": 256,
                "thumb_height": 256,
                "service_icon": "http:\/\/www.redditstatic.com\/desktop2x\/img\/favicon\/apple-icon-57x57.png",
                "id": 1,
                "original_url": "https:\/\/www.reddit.com\/r\/Terraform\/comments\/hl777d\/should_a_module_do_data_lookups_or_should_data_be\/"
            }
        ],
        "edited": {
            "user": "BG3N7LG73",
            "ts": "1593884808.000000"
        }
    },
    {
        "type": "message",
        "subtype": "bot_message",
        "text": "<https:\/\/www.reddit.com\/r\/Terraform\/comments\/hl7eli\/terraform_013_why_use_module_count_over_using_a\/|Terraform 0.13 - Why use module count over using a count within the module?>\nI use terraform on an off. My requirements are simple which is manly VM deployment. I have therefor written a reusable module within Terraform to handle some logic (ie rotating which data store a VM gets created on, naming vms etc).  Currently the module makes use of a variable called instance_count which is used on a count loop within the module on resources. This then simply lets me have a variable called VM name and append a count.index + 1 to the end of the VM name (I also do other things...",
        "ts": "1593886013.129600",
        "username": "Terraform ALL the Worlds!",
        "icons": {
            "image_48": "https:\/\/s3-us-west-2.amazonaws.com\/slack-files2\/bot_icons\/2019-02-12\/548785199618_48.png"
        },
        "bot_id": "BG3N7LG73",
        "attachments": [
            {
                "service_name": "reddit",
                "title": "Terraform 0.13 - Why use module count over using a count within the module?",
                "title_link": "https:\/\/www.reddit.com\/r\/Terraform\/comments\/hl7eli\/terraform_013_why_use_module_count_over_using_a\/",
                "text": "I use terraform on an off. My requirements are simple which is manly VM deployment. I have therefor written a reusable module within Terraform to...",
                "fallback": "reddit: Terraform 0.13 - Why use module count over using a count within the module?",
                "thumb_url": "https:\/\/www.redditstatic.com\/new-icon.png",
                "from_url": "https:\/\/www.reddit.com\/r\/Terraform\/comments\/hl7eli\/terraform_013_why_use_module_count_over_using_a\/",
                "thumb_width": 256,
                "thumb_height": 256,
                "service_icon": "http:\/\/www.redditstatic.com\/desktop2x\/img\/favicon\/apple-icon-57x57.png",
                "id": 1,
                "original_url": "https:\/\/www.reddit.com\/r\/Terraform\/comments\/hl7eli\/terraform_013_why_use_module_count_over_using_a\/"
            }
        ],
        "edited": {
            "user": "BG3N7LG73",
            "ts": "1593886014.000000"
        }
    },
    {
        "type": "message",
        "subtype": "bot_message",
        "text": "<https:\/\/www.reddit.com\/r\/Terraform\/comments\/hl94lr\/remoteexec_not_letting_me_ssh\/|Remote-exec not letting me ssh?>\nHey there, I'm trying to run a Terraform script with the AWS provider and trying to have a remote-exec bootstrap provisioner that copies files from AWS S3 upon create and then saves the local files back to the bucket on destroy, here's my code:  provisioner \"remote-exec\" { inline = [ \"sudo yum update -y\", \"aws s3 cp <s3:\/\/minecraft-terraform-files\/> . --recursive\" ] connection { type = \"ssh\" host = self.public_ip user = \"ec2-user\" private_key = file(\"C:\/Users\/henri\/Documents\/PEM\/server\") } }...",
        "ts": "1593892013.129800",
        "username": "Terraform ALL the Worlds!",
        "icons": {
            "image_48": "https:\/\/s3-us-west-2.amazonaws.com\/slack-files2\/bot_icons\/2019-02-12\/548785199618_48.png"
        },
        "bot_id": "BG3N7LG73",
        "attachments": [
            {
                "service_name": "reddit",
                "title": "Remote-exec not letting me ssh?",
                "title_link": "https:\/\/www.reddit.com\/r\/Terraform\/comments\/hl94lr\/remoteexec_not_letting_me_ssh\/",
                "text": "Hey there, I'm trying to run a Terraform script with the AWS provider and trying to have a remote-exec bootstrap provisioner that copies files...",
                "fallback": "reddit: Remote-exec not letting me ssh?",
                "thumb_url": "https:\/\/www.redditstatic.com\/new-icon.png",
                "from_url": "https:\/\/www.reddit.com\/r\/Terraform\/comments\/hl94lr\/remoteexec_not_letting_me_ssh\/",
                "thumb_width": 256,
                "thumb_height": 256,
                "service_icon": "http:\/\/www.redditstatic.com\/desktop2x\/img\/favicon\/apple-icon-57x57.png",
                "id": 1,
                "original_url": "https:\/\/www.reddit.com\/r\/Terraform\/comments\/hl94lr\/remoteexec_not_letting_me_ssh\/"
            }
        ],
        "edited": {
            "user": "BG3N7LG73",
            "ts": "1593892013.000000"
        }
    },
    {
        "type": "message",
        "subtype": "bot_message",
        "text": "<https:\/\/www.reddit.com\/r\/Terraform\/comments\/hlhx7y\/how_do_i_interpolate_variables_in_strings_in\/|How do I interpolate variables in strings in terraform 0.12?>\nAs per the title. Let's say I want to do something like: zone = var.region\"-a\"  In terraform 0.11 I would do something like.  zone = \"${var.region}-a\"  How can I do this in terraform 0.12? It works as is, but interpolating variables like this feels like bad practice.    submitted by   <https:\/\/www.reddit.com\/user\/TheIronRose| \/u\/TheIronRose > \n<https:\/\/www.reddit.com\/r\/Terraform\/comments\/hlhx7y\/how_do_i_interpolate_variables_in_strings_in\/|[link]>   &lt;a...",
        "ts": "1593930413.130000",
        "username": "Terraform ALL the Worlds!",
        "icons": {
            "image_48": "https:\/\/s3-us-west-2.amazonaws.com\/slack-files2\/bot_icons\/2019-02-12\/548785199618_48.png"
        },
        "bot_id": "BG3N7LG73",
        "attachments": [
            {
                "service_name": "reddit",
                "title": "How do I interpolate variables in strings in terraform 0.12?",
                "title_link": "https:\/\/www.reddit.com\/r\/Terraform\/comments\/hlhx7y\/how_do_i_interpolate_variables_in_strings_in\/",
                "text": "As per the title. Let's say I want to do something like: zone = var.region\"-a\" In terraform 0.11 I would do something like. ...",
                "fallback": "reddit: How do I interpolate variables in strings in terraform 0.12?",
                "thumb_url": "https:\/\/www.redditstatic.com\/new-icon.png",
                "from_url": "https:\/\/www.reddit.com\/r\/Terraform\/comments\/hlhx7y\/how_do_i_interpolate_variables_in_strings_in\/",
                "thumb_width": 256,
                "thumb_height": 256,
                "service_icon": "http:\/\/www.redditstatic.com\/desktop2x\/img\/favicon\/apple-icon-57x57.png",
                "id": 1,
                "original_url": "https:\/\/www.reddit.com\/r\/Terraform\/comments\/hlhx7y\/how_do_i_interpolate_variables_in_strings_in\/"
            },
            {
                "title": "overview for TheIronRose",
                "title_link": "https:\/\/www.reddit.com\/user\/TheIronRose",
                "text": "The u\/TheIronRose community on Reddit. Reddit gives you the best of the internet in one place.",
                "fallback": "overview for TheIronRose",
                "from_url": "https:\/\/www.reddit.com\/user\/TheIronRose",
                "service_icon": "http:\/\/www.redditstatic.com\/desktop2x\/img\/favicon\/apple-icon-57x57.png",
                "service_name": "reddit.com",
                "id": 2,
                "original_url": "https:\/\/www.reddit.com\/user\/TheIronRose"
            }
        ],
        "edited": {
            "user": "BG3N7LG73",
            "ts": "1593930414.000000"
        }
    }
]