[
    {
        "type": "message",
        "subtype": "bot_message",
        "text": "<https:\/\/qiita.com\/nittyan\/items\/b872bdd56a53c299d8e8|Amazon Transcribeを使って音声ファイルを文字越しする>\nAmazon Transcribeが日本語に対応していたので使ってみたかった。\nTerraformスクリプト全体は<https:\/\/github.com\/nittyan\/transcribe|こちら>にあります。\n\n\n<https:\/\/qiita.com\/#%E5%85%A8%E4%BD%93%E6%A6%82%E8%A6%81>全体概要\n\n音声ファイルをS3のバケットにアップロードすることをトリガーにして、S3がLambdaを実行し、LambdaはS3にアップロードされたファイル名をキーにしてTranscribeを呼び出す。\n\n&lt;a...",
        "ts": "1593773809.128000",
        "username": "Terraformタグが付けられた新着記事 - Qiita",
        "icons": {
            "image_36": "https:\/\/a.slack-edge.com\/80588\/img\/services\/rss_36.png",
            "image_48": "https:\/\/a.slack-edge.com\/80588\/img\/services\/rss_48.png",
            "image_72": "https:\/\/a.slack-edge.com\/80588\/img\/services\/rss_72.png"
        },
        "bot_id": "BG3N7LG73",
        "attachments": [
            {
                "service_name": "Qiita",
                "title": "Amazon Transcribeを使って音声ファイルを文字越しする - Qiita",
                "title_link": "https:\/\/qiita.com\/nittyan\/items\/b872bdd56a53c299d8e8",
                "text": "Amazon Transcribeが日本語に対応していたので使ってみたかった。 Terraformスクリプト全体はこちらにあります。 全体概要 音声ファイルをS3のバケットにアップロードすることをトリガーにして、S3がLambd...",
                "fallback": "Qiita: Amazon Transcribeを使って音声ファイルを文字越しする - Qiita",
                "image_url": "https:\/\/qiita-user-contents.imgix.net\/https%3A%2F%2Fcdn.qiita.com%2Fassets%2Fpublic%2Farticle-ogp-background-1150d8b18a7c15795b701a55ae908f94.png?ixlib=rb-1.2.2&w=1200&mark=https%3A%2F%2Fqiita-user-contents.imgix.net%2F~text%3Fixlib%3Drb-1.2.2%26w%3D840%26h%3D380%26txt%3DAmazon%2520Transcribe%25E3%2582%2592%25E4%25BD%25BF%25E3%2581%25A3%25E3%2581%25A6%25E9%259F%25B3%25E5%25A3%25B0%25E3%2583%2595%25E3%2582%25A1%25E3%2582%25A4%25E3%2583%25AB%25E3%2582%2592%25E6%2596%2587%25E5%25AD%2597%25E8%25B6%258A%25E3%2581%2597%25E3%2581%2599%25E3%2582%258B%26txt-color%3D%2523333%26txt-font%3DAvenir-Black%26txt-size%3D54%26txt-clip%3Dellipsis%26txt-align%3Dcenter%252Cmiddle%26s%3D472becdc1211f5abfdd9d2e8289647aa&mark-align=center%2Cmiddle&blend=https%3A%2F%2Fqiita-user-contents.imgix.net%2F~text%3Fixlib%3Drb-1.2.2%26w%3D840%26h%3D500%26txt%3D%2540nittyan%26txt-color%3D%2523333%26txt-font%3DAvenir-Black%26txt-size%3D45%26txt-align%3Dright%252Cbottom%26s%3Daa93c912de1090392a16750bb0113764&blend-align=center%2Cmiddle&blend-mode=normal&s=f9e6ad5aaf46103305ac72656010bb37",
                "from_url": "https:\/\/qiita.com\/nittyan\/items\/b872bdd56a53c299d8e8",
                "image_width": 476,
                "image_height": 250,
                "image_bytes": 46180,
                "service_icon": "https:\/\/cdn.qiita.com\/assets\/favicons\/public\/apple-touch-icon-ec5ba42a24ae923f16825592efdc356f.png",
                "id": 1,
                "original_url": "https:\/\/qiita.com\/nittyan\/items\/b872bdd56a53c299d8e8"
            },
            {
                "service_name": "GitHub",
                "title": "nittyan\/transcribe",
                "title_link": "https:\/\/github.com\/nittyan\/transcribe",
                "text": "Contribute to nittyan\/transcribe development by creating an account on GitHub.",
                "fallback": "GitHub: nittyan\/transcribe",
                "thumb_url": "https:\/\/avatars0.githubusercontent.com\/u\/1595157?s=400&v=4",
                "from_url": "https:\/\/github.com\/nittyan\/transcribe",
                "thumb_width": 420,
                "thumb_height": 420,
                "service_icon": "https:\/\/a.slack-edge.com\/80588\/img\/unfurl_icons\/github.png",
                "id": 2,
                "original_url": "https:\/\/github.com\/nittyan\/transcribe"
            },
            {
                "service_name": "Qiita",
                "title": "プログラマの技術情報共有サービス - Qiita",
                "title_link": "https:\/\/qiita.com\/#%E5%85%A8%E4%BD%93%E6%A6%82%E8%A6%81",
                "text": "Qiitaは、プログラマのための技術情報共有サービスです。 プログラミングに関するTips、ノウハウ、メモを簡単に記録 &amp; 公開することができます。",
                "fallback": "Qiita: プログラマの技術情報共有サービス - Qiita",
                "thumb_url": "https:\/\/cdn.qiita.com\/assets\/qiita-fb-fe28c64039d925349e620ba55091e078.png",
                "from_url": "https:\/\/qiita.com\/#%E5%85%A8%E4%BD%93%E6%A6%82%E8%A6%81",
                "thumb_width": 1200,
                "thumb_height": 630,
                "service_icon": "https:\/\/cdn.qiita.com\/assets\/favicons\/public\/apple-touch-icon-ec5ba42a24ae923f16825592efdc356f.png",
                "id": 3,
                "original_url": "https:\/\/qiita.com\/#%E5%85%A8%E4%BD%93%E6%A6%82%E8%A6%81"
            }
        ],
        "edited": {
            "user": "BG3N7LG73",
            "ts": "1593773810.000000"
        }
    },
    {
        "type": "message",
        "subtype": "bot_message",
        "text": "<https:\/\/www.reddit.com\/r\/Terraform\/comments\/hkn1xb\/are_you_learning_terraform_want_to_learn_with_a\/|Are you learning Terraform? Want to learn with a group?>\nHey everyone, I made a post recently asking if anyone was looking to learn Terraform together and I got some interest. I created a Slack channel where we are sharing thoughts and helping each other out. Right now, there's 3 of us and we have a github repo that we're working on together to understands the ins and outs. Right now we're building a more intermediate infra on AWS. If you're interested, just DM me with your email and I'll invite you to the slack channel and send me your GitHub...",
        "ts": "1593797811.128200",
        "username": "Terraform ALL the Worlds!",
        "icons": {
            "image_48": "https:\/\/s3-us-west-2.amazonaws.com\/slack-files2\/bot_icons\/2019-02-12\/548785199618_48.png"
        },
        "bot_id": "BG3N7LG73",
        "attachments": [
            {
                "service_name": "reddit",
                "title": "Are you learning Terraform? Want to learn with a group?",
                "title_link": "https:\/\/www.reddit.com\/r\/Terraform\/comments\/hkn1xb\/are_you_learning_terraform_want_to_learn_with_a\/",
                "text": "Hey everyone, I made a post recently asking if anyone was looking to learn Terraform together and I got some interest. I created a Slack channel...",
                "fallback": "reddit: Are you learning Terraform? Want to learn with a group?",
                "thumb_url": "https:\/\/www.redditstatic.com\/new-icon.png",
                "from_url": "https:\/\/www.reddit.com\/r\/Terraform\/comments\/hkn1xb\/are_you_learning_terraform_want_to_learn_with_a\/",
                "thumb_width": 256,
                "thumb_height": 256,
                "service_icon": "http:\/\/www.redditstatic.com\/desktop2x\/img\/favicon\/apple-icon-57x57.png",
                "id": 1,
                "original_url": "https:\/\/www.reddit.com\/r\/Terraform\/comments\/hkn1xb\/are_you_learning_terraform_want_to_learn_with_a\/"
            }
        ],
        "edited": {
            "user": "BG3N7LG73",
            "ts": "1593797811.000000"
        }
    },
    {
        "type": "message",
        "subtype": "bot_message",
        "text": "<https:\/\/www.reddit.com\/r\/Terraform\/comments\/hkr9p0\/appending_an_existing_eip_to_an_ec2_instance\/|Appending an existing EIP to an EC2 Instance>\nFrom all of the documentation and searches i've done, I can only see articles that describe how to add a new EIP and assign it to a EC2 instance. There doesn't seem to be a way to set an instance's private IP on the fly. Am I missing something?    submitted by   <https:\/\/www.reddit.com\/user\/zhurggaming| \/u\/zhurggaming > \n<https:\/\/www.reddit.com\/r\/Terraform\/comments\/hkr9p0\/appending_an_existing_eip_to_an_ec2_instance\/|[link]>   &lt;a...",
        "ts": "1593811611.128400",
        "username": "Terraform ALL the Worlds!",
        "icons": {
            "image_48": "https:\/\/s3-us-west-2.amazonaws.com\/slack-files2\/bot_icons\/2019-02-12\/548785199618_48.png"
        },
        "bot_id": "BG3N7LG73",
        "attachments": [
            {
                "service_name": "reddit",
                "title": "Appending an existing EIP to an EC2 Instance",
                "title_link": "https:\/\/www.reddit.com\/r\/Terraform\/comments\/hkr9p0\/appending_an_existing_eip_to_an_ec2_instance\/",
                "text": "From all of the documentation and searches i've done, I can only see articles that describe how to add a new EIP and assign it to a EC2 instance....",
                "fallback": "reddit: Appending an existing EIP to an EC2 Instance",
                "thumb_url": "https:\/\/www.redditstatic.com\/new-icon.png",
                "from_url": "https:\/\/www.reddit.com\/r\/Terraform\/comments\/hkr9p0\/appending_an_existing_eip_to_an_ec2_instance\/",
                "thumb_width": 256,
                "thumb_height": 256,
                "service_icon": "http:\/\/www.redditstatic.com\/desktop2x\/img\/favicon\/apple-icon-57x57.png",
                "id": 1,
                "original_url": "https:\/\/www.reddit.com\/r\/Terraform\/comments\/hkr9p0\/appending_an_existing_eip_to_an_ec2_instance\/"
            },
            {
                "title": "overview for zhurggaming",
                "title_link": "https:\/\/www.reddit.com\/user\/zhurggaming",
                "text": "The u\/zhurggaming community on Reddit. Reddit gives you the best of the internet in one place.",
                "fallback": "overview for zhurggaming",
                "from_url": "https:\/\/www.reddit.com\/user\/zhurggaming",
                "service_icon": "http:\/\/www.redditstatic.com\/desktop2x\/img\/favicon\/apple-icon-57x57.png",
                "service_name": "reddit.com",
                "id": 2,
                "original_url": "https:\/\/www.reddit.com\/user\/zhurggaming"
            }
        ],
        "edited": {
            "user": "BG3N7LG73",
            "ts": "1593811612.000000"
        }
    },
    {
        "type": "message",
        "subtype": "bot_message",
        "text": "<https:\/\/www.reddit.com\/r\/Terraform\/comments\/hkrnhe\/losing_faith_in_terraform\/|Losing faith in Terraform>\nRecently I've come up with a use case that needs data sources to not cause TF to error out if a resource does not exists (yet). Found the exact <https:\/\/github.com\/hashicorp\/terraform\/issues\/16380|issue> being faced by many, 264 upvotes and TF doesn't bother to reply for a year and then closes the issue. Stuff like this makes me rethink using TF to begin with. Maybe time to give Pulumi a try.    submitted by   <https:\/\/www.reddit.com\/user\/trusted47| \/u\/trusted47 > \n&lt;a...",
        "ts": "1593814013.128600",
        "username": "Terraform ALL the Worlds!",
        "icons": {
            "image_48": "https:\/\/s3-us-west-2.amazonaws.com\/slack-files2\/bot_icons\/2019-02-12\/548785199618_48.png"
        },
        "bot_id": "BG3N7LG73",
        "attachments": [
            {
                "service_name": "reddit",
                "title": "Losing faith in Terraform",
                "title_link": "https:\/\/www.reddit.com\/r\/Terraform\/comments\/hkrnhe\/losing_faith_in_terraform\/",
                "text": "Recently I've come up with a use case that needs data sources to not cause TF to error out if a resource does not exists (yet). Found the exact...",
                "fallback": "reddit: Losing faith in Terraform",
                "thumb_url": "https:\/\/www.redditstatic.com\/new-icon.png",
                "from_url": "https:\/\/www.reddit.com\/r\/Terraform\/comments\/hkrnhe\/losing_faith_in_terraform\/",
                "thumb_width": 256,
                "thumb_height": 256,
                "service_icon": "http:\/\/www.redditstatic.com\/desktop2x\/img\/favicon\/apple-icon-57x57.png",
                "id": 1,
                "original_url": "https:\/\/www.reddit.com\/r\/Terraform\/comments\/hkrnhe\/losing_faith_in_terraform\/"
            },
            {
                "service_name": "GitHub",
                "title": "Data sources should allow empty results without failing · Issue #16380 · hashicorp\/terraform",
                "title_link": "https:\/\/github.com\/hashicorp\/terraform\/issues\/16380",
                "text": "This is an enhancement request. Data sources should allow empty results without failing the plan or apply. This would allow for fallback or fallthrough scenarios that are needed in certain situatio...",
                "fallback": "GitHub: Data sources should allow empty results without failing · Issue #16380 · hashicorp\/terraform",
                "from_url": "https:\/\/github.com\/hashicorp\/terraform\/issues\/16380",
                "thumb_url": "https:\/\/repository-images.githubusercontent.com\/17728164\/10b4bf00-6a20-11ea-8934-20870600afc0",
                "thumb_width": 476,
                "thumb_height": 250,
                "service_icon": "https:\/\/a.slack-edge.com\/80588\/img\/unfurl_icons\/github.png",
                "id": 2,
                "original_url": "https:\/\/github.com\/hashicorp\/terraform\/issues\/16380"
            },
            {
                "title": "overview for trusted47",
                "title_link": "https:\/\/www.reddit.com\/user\/trusted47",
                "text": "The u\/trusted47 community on Reddit. Reddit gives you the best of the internet in one place.",
                "fallback": "overview for trusted47",
                "from_url": "https:\/\/www.reddit.com\/user\/trusted47",
                "service_icon": "http:\/\/www.redditstatic.com\/desktop2x\/img\/favicon\/apple-icon-57x57.png",
                "service_name": "reddit.com",
                "id": 3,
                "original_url": "https:\/\/www.reddit.com\/user\/trusted47"
            }
        ],
        "edited": {
            "user": "BG3N7LG73",
            "ts": "1593814013.000000"
        }
    },
    {
        "type": "message",
        "subtype": "bot_message",
        "text": "<https:\/\/www.reddit.com\/r\/Terraform\/comments\/hkwtpb\/terraform_and_local_servers\/|Terraform and local servers>\nCan we use terraform similar to Ansible where we don't specify a 3rd party provider like AWS but our target would be a local linux machine running ssh?    submitted by   <https:\/\/www.reddit.com\/user\/Oxffff0000| \/u\/Oxffff0000 > \n<https:\/\/www.reddit.com\/r\/Terraform\/comments\/hkwtpb\/terraform_and_local_servers\/|[link]>   <https:\/\/www.reddit.com\/r\/Terraform\/comments\/hkwtpb\/terraform_and_local_servers\/|[comments]>",
        "ts": "1593835008.128800",
        "username": "Terraform ALL the Worlds!",
        "icons": {
            "image_48": "https:\/\/s3-us-west-2.amazonaws.com\/slack-files2\/bot_icons\/2019-02-12\/548785199618_48.png"
        },
        "bot_id": "BG3N7LG73",
        "attachments": [
            {
                "service_name": "reddit",
                "title": "Terraform and local servers",
                "title_link": "https:\/\/www.reddit.com\/r\/Terraform\/comments\/hkwtpb\/terraform_and_local_servers\/",
                "text": "Can we use terraform similar to Ansible where we don't specify a 3rd party provider like AWS but our target would be a local linux machine running...",
                "fallback": "reddit: Terraform and local servers",
                "thumb_url": "https:\/\/www.redditstatic.com\/new-icon.png",
                "from_url": "https:\/\/www.reddit.com\/r\/Terraform\/comments\/hkwtpb\/terraform_and_local_servers\/",
                "thumb_width": 256,
                "thumb_height": 256,
                "service_icon": "http:\/\/www.redditstatic.com\/desktop2x\/img\/favicon\/apple-icon-57x57.png",
                "id": 1,
                "original_url": "https:\/\/www.reddit.com\/r\/Terraform\/comments\/hkwtpb\/terraform_and_local_servers\/"
            },
            {
                "title": "overview for Oxffff0000",
                "title_link": "https:\/\/www.reddit.com\/user\/Oxffff0000",
                "text": "I love my place, Scotland! :moon:Software Dev Enthusiast :moon:Network, Systems, Security Engineer :moon:Linux Hacker :moon:I build anything!.",
                "fallback": "overview for Oxffff0000",
                "from_url": "https:\/\/www.reddit.com\/user\/Oxffff0000",
                "service_icon": "http:\/\/www.redditstatic.com\/desktop2x\/img\/favicon\/apple-icon-57x57.png",
                "service_name": "reddit.com",
                "id": 2,
                "original_url": "https:\/\/www.reddit.com\/user\/Oxffff0000"
            }
        ],
        "edited": {
            "user": "BG3N7LG73",
            "ts": "1593835008.000000"
        }
    }
]