[
    {
        "type": "message",
        "subtype": "bot_message",
        "text": "<https:\/\/www.reddit.com\/r\/Terraform\/comments\/hy8hj4\/terraform_cookbook\/|Terraform Cookbook>\nDo you know if there is a Terraform cookbook that exists?    submitted by   <https:\/\/www.reddit.com\/user\/kolinkorr839| \/u\/kolinkorr839 > \n<https:\/\/www.reddit.com\/r\/Terraform\/comments\/hy8hj4\/terraform_cookbook\/|[link]>   <https:\/\/www.reddit.com\/r\/Terraform\/comments\/hy8hj4\/terraform_cookbook\/|[comments]>",
        "ts": "1595776609.161000",
        "username": "Terraform ALL the Worlds!",
        "icons": {
            "image_48": "https:\/\/s3-us-west-2.amazonaws.com\/slack-files2\/bot_icons\/2019-02-12\/548785199618_48.png"
        },
        "bot_id": "BG3N7LG73",
        "attachments": [
            {
                "service_name": "reddit",
                "title": "Terraform Cookbook",
                "title_link": "https:\/\/www.reddit.com\/r\/Terraform\/comments\/hy8hj4\/terraform_cookbook\/",
                "text": "Do you know if there is a Terraform cookbook that exists?",
                "fallback": "reddit: Terraform Cookbook",
                "thumb_url": "https:\/\/www.redditstatic.com\/new-icon.png",
                "from_url": "https:\/\/www.reddit.com\/r\/Terraform\/comments\/hy8hj4\/terraform_cookbook\/",
                "thumb_width": 256,
                "thumb_height": 256,
                "service_icon": "http:\/\/www.redditstatic.com\/desktop2x\/img\/favicon\/apple-icon-57x57.png",
                "id": 1,
                "original_url": "https:\/\/www.reddit.com\/r\/Terraform\/comments\/hy8hj4\/terraform_cookbook\/"
            },
            {
                "title": "overview for kolinkorr839",
                "title_link": "https:\/\/www.reddit.com\/user\/kolinkorr839",
                "text": "The u\/kolinkorr839 community on Reddit. Reddit gives you the best of the internet in one place.",
                "fallback": "overview for kolinkorr839",
                "from_url": "https:\/\/www.reddit.com\/user\/kolinkorr839",
                "service_icon": "http:\/\/www.redditstatic.com\/desktop2x\/img\/favicon\/apple-icon-57x57.png",
                "service_name": "reddit.com",
                "id": 2,
                "original_url": "https:\/\/www.reddit.com\/user\/kolinkorr839"
            }
        ],
        "edited": {
            "user": "BG3N7LG73",
            "ts": "1595776609.000000"
        }
    },
    {
        "type": "message",
        "subtype": "bot_message",
        "text": "<https:\/\/qiita.com\/nossy\/items\/4234a8cbf9403fbf52cd|【CircleCI】【Terraform】【Rails】【AWS】O:wrbsを利用してECSでdb:migrateする方法>\n<https:\/\/qiita.com\/#%E6%A6%82%E8%A6%81>概要\n\n開発環境でなんらかの機能を追加した際に、本番環境へのデプロイと同時にdb:migrateしたい場合、CircleCIのOrbsを使うと楽に実装可能\n\n\n<https:\/\/qiita.com\/#%E5%89%8D%E6%8F%90>前提\n\nTerraformやコンソールからすでにサービスをデプロイしていること\n\n\n<https:\/\/qiita.com\/#migration%E3%81%AE%E5%AE%9F%E8%A1%8C>migrationの実行\n\n今回はTerraformから、マイグレーション用のタスクを準備した\n\n\n<http:\/\/task_definition.tf|task_definition.tf>\nresource \"aws_ecs_task_definition\" \"rails-migration\" {\n  family = \"rails-migration\"\n  container_definitions =...",
        "ts": "1595833007.161200",
        "username": "Terraformタグが付けられた新着記事 - Qiita",
        "icons": {
            "image_36": "https:\/\/a.slack-edge.com\/80588\/img\/services\/rss_36.png",
            "image_48": "https:\/\/a.slack-edge.com\/80588\/img\/services\/rss_48.png",
            "image_72": "https:\/\/a.slack-edge.com\/80588\/img\/services\/rss_72.png"
        },
        "bot_id": "BG3N7LG73",
        "attachments": [
            {
                "service_name": "Qiita",
                "title": "【CircleCI】【Terraform】【Rails】【AWS】O:wrbsを利用してECSでdb:migrateする方法 - Qiita",
                "title_link": "https:\/\/qiita.com\/nossy\/items\/4234a8cbf9403fbf52cd",
                "text": "概要 開発環境でなんらかの機能を追加した際に、本番環境へのデプロイと同時にdb:migrateしたい場合、CircleCIのOrbsを使うと楽に実装可能 前提 Terraformやコンソールからすでにサービスをデプロイして...",
                "fallback": "Qiita: 【CircleCI】【Terraform】【Rails】【AWS】O:wrbsを利用してECSでdb:migrateする方法 - Qiita",
                "image_url": "https:\/\/qiita-user-contents.imgix.net\/https%3A%2F%2Fcdn.qiita.com%2Fassets%2Fpublic%2Farticle-ogp-background-1150d8b18a7c15795b701a55ae908f94.png?ixlib=rb-1.2.2&w=1200&mark=https%3A%2F%2Fqiita-user-contents.imgix.net%2F~text%3Fixlib%3Drb-1.2.2%26w%3D840%26h%3D380%26txt%3D%25E3%2580%2590CircleCI%25E3%2580%2591%25E3%2580%2590Terraform%25E3%2580%2591%25E3%2580%2590Rails%25E3%2580%2591%25E3%2580%2590AWS%25E3%2580%2591O%253Awrbs%25E3%2582%2592%25E5%2588%25A9%25E7%2594%25A8%25E3%2581%2597%25E3%2581%25A6ECS%25E3%2581%25A7db%253Amigrate%25E3%2581%2599%25E3%2582%258B%25E6%2596%25B9%25E6%25B3%2595%26txt-color%3D%2523333%26txt-font%3DAvenir-Black%26txt-size%3D54%26txt-clip%3Dellipsis%26txt-align%3Dcenter%252Cmiddle%26s%3Dceaee2e61ff6434455f0cc2f73d376bb&mark-align=center%2Cmiddle&blend=https%3A%2F%2Fqiita-user-contents.imgix.net%2F~text%3Fixlib%3Drb-1.2.2%26w%3D840%26h%3D500%26txt%3D%2540nossy%26txt-color%3D%2523333%26txt-font%3DAvenir-Black%26txt-size%3D45%26txt-align%3Dright%252Cbottom%26s%3D4d06baf7017d2846dff5bd98b1a223a9&blend-align=center%2Cmiddle&blend-mode=normal&s=8207946e8747afe4b644115456770d2d",
                "from_url": "https:\/\/qiita.com\/nossy\/items\/4234a8cbf9403fbf52cd",
                "image_width": 476,
                "image_height": 250,
                "image_bytes": 58871,
                "service_icon": "https:\/\/cdn.qiita.com\/assets\/favicons\/public\/apple-touch-icon-ec5ba42a24ae923f16825592efdc356f.png",
                "id": 1,
                "original_url": "https:\/\/qiita.com\/nossy\/items\/4234a8cbf9403fbf52cd"
            },
            {
                "service_name": "Qiita",
                "title": "プログラマの技術情報共有サービス - Qiita",
                "title_link": "https:\/\/qiita.com\/#%E6%A6%82%E8%A6%81",
                "text": "Qiitaは、プログラマのための技術情報共有サービスです。 プログラミングに関するTips、ノウハウ、メモを簡単に記録 &amp; 公開することができます。",
                "fallback": "Qiita: プログラマの技術情報共有サービス - Qiita",
                "thumb_url": "https:\/\/cdn.qiita.com\/assets\/qiita-fb-fe28c64039d925349e620ba55091e078.png",
                "from_url": "https:\/\/qiita.com\/#%E6%A6%82%E8%A6%81",
                "thumb_width": 1200,
                "thumb_height": 630,
                "service_icon": "https:\/\/cdn.qiita.com\/assets\/favicons\/public\/apple-touch-icon-ec5ba42a24ae923f16825592efdc356f.png",
                "id": 2,
                "original_url": "https:\/\/qiita.com\/#%E6%A6%82%E8%A6%81"
            },
            {
                "service_name": "Qiita",
                "title": "プログラマの技術情報共有サービス - Qiita",
                "title_link": "https:\/\/qiita.com\/#%E5%89%8D%E6%8F%90",
                "text": "Qiitaは、プログラマのための技術情報共有サービスです。 プログラミングに関するTips、ノウハウ、メモを簡単に記録 &amp; 公開することができます。",
                "fallback": "Qiita: プログラマの技術情報共有サービス - Qiita",
                "thumb_url": "https:\/\/cdn.qiita.com\/assets\/qiita-fb-fe28c64039d925349e620ba55091e078.png",
                "from_url": "https:\/\/qiita.com\/#%E5%89%8D%E6%8F%90",
                "thumb_width": 1200,
                "thumb_height": 630,
                "service_icon": "https:\/\/cdn.qiita.com\/assets\/favicons\/public\/apple-touch-icon-ec5ba42a24ae923f16825592efdc356f.png",
                "id": 3,
                "original_url": "https:\/\/qiita.com\/#%E5%89%8D%E6%8F%90"
            },
            {
                "service_name": "Qiita",
                "title": "プログラマの技術情報共有サービス - Qiita",
                "title_link": "https:\/\/qiita.com\/#migration%E3%81%AE%E5%AE%9F%E8%A1%8C",
                "text": "Qiitaは、プログラマのための技術情報共有サービスです。 プログラミングに関するTips、ノウハウ、メモを簡単に記録 &amp; 公開することができます。",
                "fallback": "Qiita: プログラマの技術情報共有サービス - Qiita",
                "thumb_url": "https:\/\/cdn.qiita.com\/assets\/qiita-fb-fe28c64039d925349e620ba55091e078.png",
                "from_url": "https:\/\/qiita.com\/#migration%E3%81%AE%E5%AE%9F%E8%A1%8C",
                "thumb_width": 1200,
                "thumb_height": 630,
                "service_icon": "https:\/\/cdn.qiita.com\/assets\/favicons\/public\/apple-touch-icon-ec5ba42a24ae923f16825592efdc356f.png",
                "id": 4,
                "original_url": "https:\/\/qiita.com\/#migration%E3%81%AE%E5%AE%9F%E8%A1%8C"
            }
        ],
        "edited": {
            "user": "BG3N7LG73",
            "ts": "1595833008.000000"
        }
    },
    {
        "type": "message",
        "subtype": "bot_message",
        "text": "<https:\/\/qiita.com\/nossy\/items\/c870222b1c76e0b46a13|【AWS】【CircleCI】【Terraform】【Rails】CircleCIでECSに自動デプロイをする時にハマったとこ>\n<https:\/\/qiita.com\/#%E7%8A%B6%E6%B3%81>状況\n\n\nconfig.yml\nversion: 2.1 \norbs:\n  aws-ecr: circleci\/aws-ecr@6.11.0\n  aws-ecs: circleci\/aws-ecs@1.2.0\n\n\n\nOrbsを使用してデプロイを実行しようとすると以下のエラーが発生\n\nAn error occurred (ClientException) when calling the DescribeTaskDefinition operation: Unable to describe task definition.\n&lt;a...",
        "ts": "1595833007.161300",
        "username": "Terraformタグが付けられた新着記事 - Qiita",
        "icons": {
            "image_36": "https:\/\/a.slack-edge.com\/80588\/img\/services\/rss_36.png",
            "image_48": "https:\/\/a.slack-edge.com\/80588\/img\/services\/rss_48.png",
            "image_72": "https:\/\/a.slack-edge.com\/80588\/img\/services\/rss_72.png"
        },
        "bot_id": "BG3N7LG73",
        "attachments": [
            {
                "service_name": "Qiita",
                "title": "【AWS】【CircleCI】【Terraform】【Rails】CircleCIでECSに自動デプロイをする時にハマったとこ - Qiita",
                "title_link": "https:\/\/qiita.com\/nossy\/items\/c870222b1c76e0b46a13",
                "text": "状況 config.yml version: 2.1 orbs: aws-ecr: circleci\/aws-ecr@6.11.0 aws-ecs: circleci\/aws-ecs@1.2.0 Orbsを使用...",
                "fallback": "Qiita: 【AWS】【CircleCI】【Terraform】【Rails】CircleCIでECSに自動デプロイをする時にハマったとこ - Qiita",
                "image_url": "https:\/\/qiita-user-contents.imgix.net\/https%3A%2F%2Fcdn.qiita.com%2Fassets%2Fpublic%2Farticle-ogp-background-1150d8b18a7c15795b701a55ae908f94.png?ixlib=rb-1.2.2&w=1200&mark=https%3A%2F%2Fqiita-user-contents.imgix.net%2F~text%3Fixlib%3Drb-1.2.2%26w%3D840%26h%3D380%26txt%3D%25E3%2580%2590AWS%25E3%2580%2591%25E3%2580%2590CircleCI%25E3%2580%2591%25E3%2580%2590Terraform%25E3%2580%2591%25E3%2580%2590Rails%25E3%2580%2591CircleCI%25E3%2581%25A7ECS%25E3%2581%25AB%25E8%2587%25AA%25E5%258B%2595%25E3%2583%2587%25E3%2583%2597%25E3%2583%25AD%25E3%2582%25A4%25E3%2582%2592%25E3%2581%2599%25E3%2582%258B%25E6%2599%2582%25E3%2581%25AB%25E3%2583%258F%25E3%2583%259E%25E3%2581%25A3%25E3%2581%259F%25E3%2581%25A8%25E3%2581%2593%26txt-color%3D%2523333%26txt-font%3DAvenir-Black%26txt-size%3D54%26txt-clip%3Dellipsis%26txt-align%3Dcenter%252Cmiddle%26s%3D566a759aba93ea38b4c5d2d5ee2b0c3b&mark-align=center%2Cmiddle&blend=https%3A%2F%2Fqiita-user-contents.imgix.net%2F~text%3Fixlib%3Drb-1.2.2%26w%3D840%26h%3D500%26txt%3D%2540nossy%26txt-color%3D%2523333%26txt-font%3DAvenir-Black%26txt-size%3D45%26txt-align%3Dright%252Cbottom%26s%3D4d06baf7017d2846dff5bd98b1a223a9&blend-align=center%2Cmiddle&blend-mode=normal&s=1e813d86bb8b8bda77dce7276501830c",
                "from_url": "https:\/\/qiita.com\/nossy\/items\/c870222b1c76e0b46a13",
                "image_width": 476,
                "image_height": 250,
                "image_bytes": 59958,
                "service_icon": "https:\/\/cdn.qiita.com\/assets\/favicons\/public\/apple-touch-icon-ec5ba42a24ae923f16825592efdc356f.png",
                "id": 1,
                "original_url": "https:\/\/qiita.com\/nossy\/items\/c870222b1c76e0b46a13"
            },
            {
                "service_name": "Qiita",
                "title": "プログラマの技術情報共有サービス - Qiita",
                "title_link": "https:\/\/qiita.com\/#%E7%8A%B6%E6%B3%81",
                "text": "Qiitaは、プログラマのための技術情報共有サービスです。 プログラミングに関するTips、ノウハウ、メモを簡単に記録 &amp; 公開することができます。",
                "fallback": "Qiita: プログラマの技術情報共有サービス - Qiita",
                "thumb_url": "https:\/\/cdn.qiita.com\/assets\/qiita-fb-fe28c64039d925349e620ba55091e078.png",
                "from_url": "https:\/\/qiita.com\/#%E7%8A%B6%E6%B3%81",
                "thumb_width": 1200,
                "thumb_height": 630,
                "service_icon": "https:\/\/cdn.qiita.com\/assets\/favicons\/public\/apple-touch-icon-ec5ba42a24ae923f16825592efdc356f.png",
                "id": 2,
                "original_url": "https:\/\/qiita.com\/#%E7%8A%B6%E6%B3%81"
            }
        ],
        "edited": {
            "user": "BG3N7LG73",
            "ts": "1595833008.000000"
        }
    }
]