[
    {
        "type": "message",
        "subtype": "bot_message",
        "text": "<https:\/\/www.reddit.com\/r\/Terraform\/comments\/hisf6q\/hitting_a_wall_trying_to_figure_out_how_to_handle\/|Hitting a wall trying to figure out how to handle this use case with for using template_file to create 2 separate rendered templates for keepalived.conf. Is for_each the way to go or how is the best practice?>\nSo keepalived needs 2 templates e.g.: global_defs { script_user root enable_script_security } vrrp_script chk_haproxy { script \"\/usr\/bin\/pgrep haproxy\" interval 2 } vrrp_instance VI_1 { interface eth0 state MASTER priority 200 virtual_router_id 33 unicast_src_ip 192.0.0.1 unicast_peer { 192.0.0.2 } authentication { auth_type PASS auth_pass ${KEEPALIVED_PASSWORD} } track_script { chk_haproxy } notify_master \/etc\/keepalived\/master.sh }  and global_defs { script_user root enable_script_security...",
        "ts": "1593539816.124400",
        "username": "Terraform ALL the Worlds!",
        "icons": {
            "image_48": "https:\/\/s3-us-west-2.amazonaws.com\/slack-files2\/bot_icons\/2019-02-12\/548785199618_48.png"
        },
        "bot_id": "BG3N7LG73",
        "attachments": [
            {
                "service_name": "reddit",
                "title": "Hitting a wall trying to figure out how to handle this use case with for using template_file to create 2 separate rendered templates for keepalived.conf. Is for_each the way to go or how is the best practice?",
                "title_link": "https:\/\/www.reddit.com\/r\/Terraform\/comments\/hisf6q\/hitting_a_wall_trying_to_figure_out_how_to_handle\/",
                "text": "So keepalived needs 2 templates e.g.: global_defs { script_user root enable_script_security } vrrp_script chk_haproxy { ...",
                "fallback": "reddit: Hitting a wall trying to figure out how to handle this use case with for using template_file to create 2 separate rendered templates for keepalived.conf. Is for_each the way to go or how is the best practice?",
                "thumb_url": "https:\/\/www.redditstatic.com\/new-icon.png",
                "from_url": "https:\/\/www.reddit.com\/r\/Terraform\/comments\/hisf6q\/hitting_a_wall_trying_to_figure_out_how_to_handle\/",
                "thumb_width": 256,
                "thumb_height": 256,
                "service_icon": "http:\/\/www.redditstatic.com\/desktop2x\/img\/favicon\/apple-icon-57x57.png",
                "id": 1,
                "original_url": "https:\/\/www.reddit.com\/r\/Terraform\/comments\/hisf6q\/hitting_a_wall_trying_to_figure_out_how_to_handle\/"
            }
        ],
        "edited": {
            "user": "BG3N7LG73",
            "ts": "1593539816.000000"
        }
    },
    {
        "type": "message",
        "subtype": "bot_message",
        "text": "<https:\/\/www.reddit.com\/r\/Terraform\/comments\/hiuz70\/how_do_i_reference_the_api_gateway_v2_domain_name\/|How do I reference the API Gateway V2 Domain Name from aws_apigatewayv2_domain_name?>\nI'm creating an AWS API Gateway V2 with terraform, and I'm using a custom domain name for it. That builds fine with the following code: resource \"aws_apigatewayv2_domain_name\" \"api_domain_name\" { domain_name = \"<http:\/\/mytestapi.test.com|mytestapi.test.com>\" domain_name_configuration { certificate_arn = \"${var.certificate_arn}\" endpoint_type = \"REGIONAL\" security_policy = \"TLS_1_2\" } }  But I also need to update Route53 DNS with the \"API Gateway domain name\" value; in this case, let's pretend that value is reported in...",
        "ts": "1593548218.124600",
        "username": "Terraform ALL the Worlds!",
        "icons": {
            "image_48": "https:\/\/s3-us-west-2.amazonaws.com\/slack-files2\/bot_icons\/2019-02-12\/548785199618_48.png"
        },
        "bot_id": "BG3N7LG73",
        "attachments": [
            {
                "service_name": "reddit",
                "title": "How do I reference the API Gateway V2 Domain Name from aws_apigatewayv2_domain_name?",
                "title_link": "https:\/\/www.reddit.com\/r\/Terraform\/comments\/hiuz70\/how_do_i_reference_the_api_gateway_v2_domain_name\/",
                "text": "I'm creating an AWS API Gateway V2 with terraform, and I'm using a custom domain name for it. That builds fine with the following code: ...",
                "fallback": "reddit: How do I reference the API Gateway V2 Domain Name from aws_apigatewayv2_domain_name?",
                "thumb_url": "https:\/\/www.redditstatic.com\/new-icon.png",
                "from_url": "https:\/\/www.reddit.com\/r\/Terraform\/comments\/hiuz70\/how_do_i_reference_the_api_gateway_v2_domain_name\/",
                "thumb_width": 256,
                "thumb_height": 256,
                "service_icon": "http:\/\/www.redditstatic.com\/desktop2x\/img\/favicon\/apple-icon-57x57.png",
                "id": 1,
                "original_url": "https:\/\/www.reddit.com\/r\/Terraform\/comments\/hiuz70\/how_do_i_reference_the_api_gateway_v2_domain_name\/"
            }
        ],
        "edited": {
            "user": "BG3N7LG73",
            "ts": "1593548218.000000"
        }
    },
    {
        "type": "message",
        "subtype": "bot_message",
        "text": "<https:\/\/www.reddit.com\/r\/Terraform\/comments\/hivkki\/i_dont_understand_the_changes_to_an_imported_aws\/|I don't understand the changes to an imported aws_elastic_beanstalk_environment>\nHi, I'm still pretty new to all of this importing stuff with terraform, but when I imported a aws_elastic_beanstalk_environment resource, things started looking pretty strange... When I hit terraform plan, I got an output that looked a little like this:  # aws_elastic_beanstalk_environment.EB will be updated in-place ~ resource \"aws_elastic_beanstalk_environment\" \"EB\" { all_settings = [ { # setting A }, { # setting B }, ... ] + template_name = \"my-template-name\" # should have already been set...",
        "ts": "1593550014.124800",
        "username": "Terraform ALL the Worlds!",
        "icons": {
            "image_48": "https:\/\/s3-us-west-2.amazonaws.com\/slack-files2\/bot_icons\/2019-02-12\/548785199618_48.png"
        },
        "bot_id": "BG3N7LG73",
        "attachments": [
            {
                "service_name": "reddit",
                "title": "I don't understand the changes to an imported aws_elastic_beanstalk_environment",
                "title_link": "https:\/\/www.reddit.com\/r\/Terraform\/comments\/hivkki\/i_dont_understand_the_changes_to_an_imported_aws\/",
                "text": "Hi, I'm still pretty new to all of this importing stuff with terraform, but when I imported a aws\\_elastic\\_beanstalk\\_environment resource,...",
                "fallback": "reddit: I don't understand the changes to an imported aws_elastic_beanstalk_environment",
                "thumb_url": "https:\/\/www.redditstatic.com\/new-icon.png",
                "from_url": "https:\/\/www.reddit.com\/r\/Terraform\/comments\/hivkki\/i_dont_understand_the_changes_to_an_imported_aws\/",
                "thumb_width": 256,
                "thumb_height": 256,
                "service_icon": "http:\/\/www.redditstatic.com\/desktop2x\/img\/favicon\/apple-icon-57x57.png",
                "id": 1,
                "original_url": "https:\/\/www.reddit.com\/r\/Terraform\/comments\/hivkki\/i_dont_understand_the_changes_to_an_imported_aws\/"
            }
        ],
        "edited": {
            "user": "BG3N7LG73",
            "ts": "1593550014.000000"
        }
    },
    {
        "type": "message",
        "subtype": "bot_message",
        "text": "<https:\/\/www.reddit.com\/r\/Terraform\/comments\/hiwou4\/terraform_packer_support_aws_workspace\/|Terraform Packer Support AWS workspace bundles\/images>\nPretty sure I already know the answer to this but just to be safe, terraform packer doesn't support aws workspace bundles\/images correct?    submitted by   <https:\/\/www.reddit.com\/user\/r_y_r_y| \/u\/r_y_r_y > \n<https:\/\/www.reddit.com\/r\/Terraform\/comments\/hiwou4\/terraform_packer_support_aws_workspace\/|[link]>   <https:\/\/www.reddit.com\/r\/Terraform\/comments\/hiwou4\/terraform_packer_support_aws_workspace\/|[comments]>",
        "ts": "1593553017.125000",
        "username": "Terraform ALL the Worlds!",
        "icons": {
            "image_48": "https:\/\/s3-us-west-2.amazonaws.com\/slack-files2\/bot_icons\/2019-02-12\/548785199618_48.png"
        },
        "bot_id": "BG3N7LG73",
        "attachments": [
            {
                "service_name": "reddit",
                "title": "Terraform Packer Support AWS workspace bundles\/images",
                "title_link": "https:\/\/www.reddit.com\/r\/Terraform\/comments\/hiwou4\/terraform_packer_support_aws_workspace\/",
                "text": "Pretty sure I already know the answer to this but just to be safe, terraform packer doesn't support aws workspace bundles\/images correct?",
                "fallback": "reddit: Terraform Packer Support AWS workspace bundles\/images",
                "thumb_url": "https:\/\/www.redditstatic.com\/new-icon.png",
                "from_url": "https:\/\/www.reddit.com\/r\/Terraform\/comments\/hiwou4\/terraform_packer_support_aws_workspace\/",
                "thumb_width": 256,
                "thumb_height": 256,
                "service_icon": "http:\/\/www.redditstatic.com\/desktop2x\/img\/favicon\/apple-icon-57x57.png",
                "id": 1,
                "original_url": "https:\/\/www.reddit.com\/r\/Terraform\/comments\/hiwou4\/terraform_packer_support_aws_workspace\/"
            },
            {
                "title": "overview for r_y_r_y",
                "title_link": "https:\/\/www.reddit.com\/user\/r_y_r_y",
                "text": "The u\/r_y_r_y community on Reddit. Reddit gives you the best of the internet in one place.",
                "fallback": "overview for r_y_r_y",
                "from_url": "https:\/\/www.reddit.com\/user\/r_y_r_y",
                "service_icon": "http:\/\/www.redditstatic.com\/desktop2x\/img\/favicon\/apple-icon-57x57.png",
                "service_name": "reddit.com",
                "id": 2,
                "original_url": "https:\/\/www.reddit.com\/user\/r_y_r_y"
            }
        ],
        "edited": {
            "user": "BG3N7LG73",
            "ts": "1593553018.000000"
        }
    },
    {
        "type": "message",
        "subtype": "bot_message",
        "text": "<https:\/\/www.reddit.com\/r\/Terraform\/comments\/hixa2p\/module_been_replaced_every_time_after_plan_even\/|module been replaced every time after plan even there is no changes>\nHey guys, I came across an issue with ``resource \"azurerm_iot_dps\"``. It's been replaced every time when doing ``terraform plan``. This is not intended since the connection_string, which is used by the app, for this dps resource will change every time. After planning, there are no attributes marked \"forces replacement\", but there are a few marked as \"known after apply\". Do you guys know what's going on here? ``` data \"azurerm_iothub_shared_access_policy\" \"aih_policy\" {\n name = \"iothubowner\"...",
        "ts": "1593554815.125200",
        "username": "Terraform ALL the Worlds!",
        "icons": {
            "image_48": "https:\/\/s3-us-west-2.amazonaws.com\/slack-files2\/bot_icons\/2019-02-12\/548785199618_48.png"
        },
        "bot_id": "BG3N7LG73",
        "attachments": [
            {
                "service_name": "reddit",
                "title": "module been replaced every time after plan even there is no changes",
                "title_link": "https:\/\/www.reddit.com\/r\/Terraform\/comments\/hixa2p\/module_been_replaced_every_time_after_plan_even\/",
                "text": "Hey guys, I came across an issue with \\`\\`resource \"azurerm\\_iot\\_dps\"\\`\\`. It's been replaced every time when doing \\`\\`terraform plan\\`\\`. This...",
                "fallback": "reddit: module been replaced every time after plan even there is no changes",
                "thumb_url": "https:\/\/www.redditstatic.com\/new-icon.png",
                "from_url": "https:\/\/www.reddit.com\/r\/Terraform\/comments\/hixa2p\/module_been_replaced_every_time_after_plan_even\/",
                "thumb_width": 256,
                "thumb_height": 256,
                "service_icon": "http:\/\/www.redditstatic.com\/desktop2x\/img\/favicon\/apple-icon-57x57.png",
                "id": 1,
                "original_url": "https:\/\/www.reddit.com\/r\/Terraform\/comments\/hixa2p\/module_been_replaced_every_time_after_plan_even\/"
            }
        ],
        "edited": {
            "user": "BG3N7LG73",
            "ts": "1593554815.000000"
        }
    },
    {
        "type": "message",
        "subtype": "bot_message",
        "text": "<https:\/\/qiita.com\/met_ganchan13\/items\/22c5231450b82ce4d3c3|OCIのFree Tier枠でデモ環境を作成する>\n<https:\/\/qiita.com\/#free-tier%E6%9E%A0%E3%81%AEatp%E3%82%92%E4%BD%BF%E3%81%A3%E3%81%A6%E3%83%87%E3%83%A2%E7%92%B0%E5%A2%83%E3%82%92%E4%BD%9C%E6%88%90%E3%81%99%E3%82%8B>Free Tier枠のATPを使ってデモ環境を作成する\n\nOCIのWEBコンソール上でも紹介されているMuShop Basicの作成を試してみた。\n作成手順自体は資材のDLを行うGithubのReadMeにも記載されているが、\n今後のために画面コピーなども交えて分かりやすく(したつもり)。\n\n\n<https:\/\/qiita.com\/#1%E8%B3%87%E6%9D%90%E3%81%AE%E3%83%80%E3%82%A6%E3%83%B3%E3%83%AD%E3%83%BC%E3%83%89>1.資材のダウンロード\n\n&lt;a...",
        "ts": "1593586613.125400",
        "username": "Terraformタグが付けられた新着記事 - Qiita",
        "icons": {
            "image_36": "https:\/\/a.slack-edge.com\/80588\/img\/services\/rss_36.png",
            "image_48": "https:\/\/a.slack-edge.com\/80588\/img\/services\/rss_48.png",
            "image_72": "https:\/\/a.slack-edge.com\/80588\/img\/services\/rss_72.png"
        },
        "bot_id": "BG3N7LG73",
        "attachments": [
            {
                "service_name": "Qiita",
                "title": "OCIのFree Tier枠でデモ環境を作成する - Qiita",
                "title_link": "https:\/\/qiita.com\/met_ganchan13\/items\/22c5231450b82ce4d3c3",
                "text": "Free Tier枠のATPを使ってデモ環境を作成する OCIのWEBコンソール上でも紹介されているMuShop Basicの作成を試してみた。 作成手順自体は資材のDLを行うGithubのReadMeにも記載されているが、 今...",
                "fallback": "Qiita: OCIのFree Tier枠でデモ環境を作成する - Qiita",
                "image_url": "https:\/\/qiita-user-contents.imgix.net\/https%3A%2F%2Fcdn.qiita.com%2Fassets%2Fpublic%2Farticle-ogp-background-1150d8b18a7c15795b701a55ae908f94.png?ixlib=rb-1.2.2&w=1200&mark=https%3A%2F%2Fqiita-user-contents.imgix.net%2F~text%3Fixlib%3Drb-1.2.2%26w%3D840%26h%3D380%26txt%3DOCI%25E3%2581%25AEFree%2520Tier%25E6%259E%25A0%25E3%2581%25A7%25E3%2583%2587%25E3%2583%25A2%25E7%2592%25B0%25E5%25A2%2583%25E3%2582%2592%25E4%25BD%259C%25E6%2588%2590%25E3%2581%2599%25E3%2582%258B%26txt-color%3D%2523333%26txt-font%3DAvenir-Black%26txt-size%3D54%26txt-clip%3Dellipsis%26txt-align%3Dcenter%252Cmiddle%26s%3D393dc9cf3b0b7bda22018b25619c86a7&mark-align=center%2Cmiddle&blend=https%3A%2F%2Fqiita-user-contents.imgix.net%2F~text%3Fixlib%3Drb-1.2.2%26w%3D840%26h%3D500%26txt%3D%2540met_ganchan13%26txt-color%3D%2523333%26txt-font%3DAvenir-Black%26txt-size%3D45%26txt-align%3Dright%252Cbottom%26s%3D03632ec4e0bcd03395e6d938624f05e6&blend-align=center%2Cmiddle&blend-mode=normal&s=f239289540f040cd56688226730b76c6",
                "from_url": "https:\/\/qiita.com\/met_ganchan13\/items\/22c5231450b82ce4d3c3",
                "image_width": 476,
                "image_height": 250,
                "image_bytes": 43209,
                "service_icon": "https:\/\/cdn.qiita.com\/assets\/favicons\/public\/apple-touch-icon-ec5ba42a24ae923f16825592efdc356f.png",
                "id": 1,
                "original_url": "https:\/\/qiita.com\/met_ganchan13\/items\/22c5231450b82ce4d3c3"
            },
            {
                "service_name": "Qiita",
                "title": "プログラマの技術情報共有サービス - Qiita",
                "title_link": "https:\/\/qiita.com\/#free-tier%E6%9E%A0%E3%81%AEatp%E3%82%92%E4%BD%BF%E3%81%A3%E3%81%A6%E3%83%87%E3%83%A2%E7%92%B0%E5%A2%83%E3%82%92%E4%BD%9C%E6%88%90%E3%81%99%E3%82%8B",
                "text": "Qiitaは、プログラマのための技術情報共有サービスです。 プログラミングに関するTips、ノウハウ、メモを簡単に記録 &amp; 公開することができます。",
                "fallback": "Qiita: プログラマの技術情報共有サービス - Qiita",
                "thumb_url": "https:\/\/cdn.qiita.com\/assets\/qiita-fb-fe28c64039d925349e620ba55091e078.png",
                "from_url": "https:\/\/qiita.com\/#free-tier%E6%9E%A0%E3%81%AEatp%E3%82%92%E4%BD%BF%E3%81%A3%E3%81%A6%E3%83%87%E3%83%A2%E7%92%B0%E5%A2%83%E3%82%92%E4%BD%9C%E6%88%90%E3%81%99%E3%82%8B",
                "thumb_width": 1200,
                "thumb_height": 630,
                "service_icon": "https:\/\/cdn.qiita.com\/assets\/favicons\/public\/apple-touch-icon-ec5ba42a24ae923f16825592efdc356f.png",
                "id": 2,
                "original_url": "https:\/\/qiita.com\/#free-tier%E6%9E%A0%E3%81%AEatp%E3%82%92%E4%BD%BF%E3%81%A3%E3%81%A6%E3%83%87%E3%83%A2%E7%92%B0%E5%A2%83%E3%82%92%E4%BD%9C%E6%88%90%E3%81%99%E3%82%8B"
            },
            {
                "service_name": "Qiita",
                "title": "プログラマの技術情報共有サービス - Qiita",
                "title_link": "https:\/\/qiita.com\/#1%E8%B3%87%E6%9D%90%E3%81%AE%E3%83%80%E3%82%A6%E3%83%B3%E3%83%AD%E3%83%BC%E3%83%89",
                "text": "Qiitaは、プログラマのための技術情報共有サービスです。 プログラミングに関するTips、ノウハウ、メモを簡単に記録 &amp; 公開することができます。",
                "fallback": "Qiita: プログラマの技術情報共有サービス - Qiita",
                "thumb_url": "https:\/\/cdn.qiita.com\/assets\/qiita-fb-fe28c64039d925349e620ba55091e078.png",
                "from_url": "https:\/\/qiita.com\/#1%E8%B3%87%E6%9D%90%E3%81%AE%E3%83%80%E3%82%A6%E3%83%B3%E3%83%AD%E3%83%BC%E3%83%89",
                "thumb_width": 1200,
                "thumb_height": 630,
                "service_icon": "https:\/\/cdn.qiita.com\/assets\/favicons\/public\/apple-touch-icon-ec5ba42a24ae923f16825592efdc356f.png",
                "id": 3,
                "original_url": "https:\/\/qiita.com\/#1%E8%B3%87%E6%9D%90%E3%81%AE%E3%83%80%E3%82%A6%E3%83%B3%E3%83%AD%E3%83%BC%E3%83%89"
            }
        ],
        "edited": {
            "user": "BG3N7LG73",
            "ts": "1593586613.000000"
        }
    }
]