[
    {
        "type": "message",
        "subtype": "bot_message",
        "text": "<https:\/\/qiita.com\/yuu999\/items\/e5e233e02be0ed1d2365|TerraformでCloudFrontにACL(AWS WAF)を定義するときのエラー対処方法>\n<https:\/\/qiita.com\/#%E3%82%A8%E3%83%A9%E3%83%BC%E5%86%85%E5%AE%B9>エラー内容\n\nTerraformでCloudFrontにWeb ACLを付与しようとした際にプロビジョニングエラーが発生しました。\n\nresource \"aws_cloudfront_distribution\" \"sample\" {\n  web_acl_id = ${var.waf_web_acl_id} # ex) bbbbbbbb-xxxx-yyyy-zzzz-aaaaaaaaaaa\n}\n\n\nError: error creating CloudFront Distribution: InvalidWebACLId: Web ACL is not accessible by the requester.\n        status code: 400, request id: 1815419a-666c-4b68-8bbe-10a5b77\n\n\n\n&lt;a...",
        "ts": "1596013004.164000",
        "username": "Terraformタグが付けられた新着記事 - Qiita",
        "icons": {
            "image_36": "https:\/\/a.slack-edge.com\/80588\/img\/services\/rss_36.png",
            "image_48": "https:\/\/a.slack-edge.com\/80588\/img\/services\/rss_48.png",
            "image_72": "https:\/\/a.slack-edge.com\/80588\/img\/services\/rss_72.png"
        },
        "bot_id": "BG3N7LG73",
        "attachments": [
            {
                "service_name": "Qiita",
                "title": "TerraformでCloudFrontにACL(AWS WAF)を定義するときのエラー対処方法 - Qiita",
                "title_link": "https:\/\/qiita.com\/yuu999\/items\/e5e233e02be0ed1d2365",
                "text": "エラー内容 TerraformでCloudFrontにWeb ACLを付与しようとした際にプロビジョニングエラーが発生しました。 resource \"aws_cloudfront_distribution\" \"sample\" ...",
                "fallback": "Qiita: TerraformでCloudFrontにACL(AWS WAF)を定義するときのエラー対処方法 - Qiita",
                "image_url": "https:\/\/qiita-user-contents.imgix.net\/https%3A%2F%2Fcdn.qiita.com%2Fassets%2Fpublic%2Farticle-ogp-background-1150d8b18a7c15795b701a55ae908f94.png?ixlib=rb-1.2.2&w=1200&mark=https%3A%2F%2Fqiita-user-contents.imgix.net%2F~text%3Fixlib%3Drb-1.2.2%26w%3D840%26h%3D380%26txt%3DTerraform%25E3%2581%25A7CloudFront%25E3%2581%25ABACL%2528AWS%2520WAF%2529%25E3%2582%2592%25E5%25AE%259A%25E7%25BE%25A9%25E3%2581%2599%25E3%2582%258B%25E3%2581%25A8%25E3%2581%258D%25E3%2581%25AE%25E3%2582%25A8%25E3%2583%25A9%25E3%2583%25BC%25E5%25AF%25BE%25E5%2587%25A6%25E6%2596%25B9%25E6%25B3%2595%26txt-color%3D%2523333%26txt-font%3DAvenir-Black%26txt-size%3D54%26txt-clip%3Dellipsis%26txt-align%3Dcenter%252Cmiddle%26s%3D8d980dfe5159a4cf77222dd069148e9d&mark-align=center%2Cmiddle&blend=https%3A%2F%2Fqiita-user-contents.imgix.net%2F~text%3Fixlib%3Drb-1.2.2%26w%3D840%26h%3D500%26txt%3D%2540yuu999%26txt-color%3D%2523333%26txt-font%3DAvenir-Black%26txt-size%3D45%26txt-align%3Dright%252Cbottom%26s%3D2ff8974f0c1e465027299cfbce7cf97d&blend-align=center%2Cmiddle&blend-mode=normal&s=c2a9d8c86c835cc3bf7a11c25366182f",
                "from_url": "https:\/\/qiita.com\/yuu999\/items\/e5e233e02be0ed1d2365",
                "image_width": 476,
                "image_height": 250,
                "image_bytes": 55968,
                "service_icon": "https:\/\/cdn.qiita.com\/assets\/favicons\/public\/apple-touch-icon-ec5ba42a24ae923f16825592efdc356f.png",
                "id": 1,
                "original_url": "https:\/\/qiita.com\/yuu999\/items\/e5e233e02be0ed1d2365"
            },
            {
                "service_name": "Qiita",
                "title": "プログラマの技術情報共有サービス - Qiita",
                "title_link": "https:\/\/qiita.com\/#%E3%82%A8%E3%83%A9%E3%83%BC%E5%86%85%E5%AE%B9",
                "text": "Qiitaは、プログラマのための技術情報共有サービスです。 プログラミングに関するTips、ノウハウ、メモを簡単に記録 &amp; 公開することができます。",
                "fallback": "Qiita: プログラマの技術情報共有サービス - Qiita",
                "thumb_url": "https:\/\/cdn.qiita.com\/assets\/qiita-fb-fe28c64039d925349e620ba55091e078.png",
                "from_url": "https:\/\/qiita.com\/#%E3%82%A8%E3%83%A9%E3%83%BC%E5%86%85%E5%AE%B9",
                "thumb_width": 1200,
                "thumb_height": 630,
                "service_icon": "https:\/\/cdn.qiita.com\/assets\/favicons\/public\/apple-touch-icon-ec5ba42a24ae923f16825592efdc356f.png",
                "id": 2,
                "original_url": "https:\/\/qiita.com\/#%E3%82%A8%E3%83%A9%E3%83%BC%E5%86%85%E5%AE%B9"
            }
        ],
        "edited": {
            "user": "BG3N7LG73",
            "ts": "1596013004.000000"
        }
    },
    {
        "type": "message",
        "subtype": "bot_message",
        "text": "<https:\/\/www.reddit.com\/r\/Terraform\/comments\/hzyo4u\/terraform_course_structure_walkthrough\/|Terraform Course Structure &amp; Walkthrough>\nsubmitted by   <https:\/\/www.reddit.com\/user\/anurag4516| \/u\/anurag4516 > \n<https:\/\/www.youtube.com\/watch?v=BiSK_POipt8&amp;feature=share|[link]>   <https:\/\/www.reddit.com\/r\/Terraform\/comments\/hzyo4u\/terraform_course_structure_walkthrough\/|[comments]>",
        "ts": "1596021407.164200",
        "username": "Terraform ALL the Worlds!",
        "icons": {
            "image_48": "https:\/\/s3-us-west-2.amazonaws.com\/slack-files2\/bot_icons\/2019-02-12\/548785199618_48.png"
        },
        "bot_id": "BG3N7LG73",
        "attachments": [
            {
                "service_name": "reddit",
                "title": "Terraform Course Structure &amp; Walkthrough",
                "title_link": "https:\/\/www.reddit.com\/r\/Terraform\/comments\/hzyo4u\/terraform_course_structure_walkthrough\/",
                "text": "Posted in r\/Terraform by u\/anurag4516 • 1 point and 1 comment",
                "fallback": "reddit: Terraform Course Structure &amp; Walkthrough",
                "image_url": "https:\/\/i.ytimg.com\/vi\/BiSK_POipt8\/hqdefault.jpg",
                "image_width": 333,
                "image_height": 250,
                "from_url": "https:\/\/www.reddit.com\/r\/Terraform\/comments\/hzyo4u\/terraform_course_structure_walkthrough\/",
                "image_bytes": 8289,
                "service_icon": "http:\/\/www.redditstatic.com\/desktop2x\/img\/favicon\/apple-icon-57x57.png",
                "id": 1,
                "original_url": "https:\/\/www.reddit.com\/r\/Terraform\/comments\/hzyo4u\/terraform_course_structure_walkthrough\/"
            },
            {
                "title": "overview for anurag4516",
                "title_link": "https:\/\/www.reddit.com\/user\/anurag4516",
                "text": "The u\/anurag4516 community on Reddit. Reddit gives you the best of the internet in one place.",
                "fallback": "overview for anurag4516",
                "from_url": "https:\/\/www.reddit.com\/user\/anurag4516",
                "service_icon": "http:\/\/www.redditstatic.com\/desktop2x\/img\/favicon\/apple-icon-57x57.png",
                "service_name": "reddit.com",
                "id": 2,
                "original_url": "https:\/\/www.reddit.com\/user\/anurag4516"
            },
            {
                "service_name": "YouTube",
                "service_url": "https:\/\/www.youtube.com\/",
                "title": "Terraform Course Structure &amp; Walkthrough",
                "title_link": "https:\/\/www.youtube.com\/watch?v=BiSK_POipt8&amp;feature=share",
                "author_name": "Cloud Passion",
                "author_link": "https:\/\/www.youtube.com\/user\/anuraggupta4516",
                "thumb_url": "https:\/\/i.ytimg.com\/vi\/BiSK_POipt8\/hqdefault.jpg",
                "thumb_width": 480,
                "thumb_height": 360,
                "fallback": "YouTube Video: Terraform Course Structure & Walkthrough",
                "video_html": "<iframe width=\"400\" height=\"225\" src=\"https:\/\/www.youtube.com\/embed\/BiSK_POipt8?feature=oembed&autoplay=1&iv_load_policy=3\" frameborder=\"0\" allow=\"accelerometer; autoplay; encrypted-media; gyroscope; picture-in-picture\" allowfullscreen><\/iframe>",
                "video_html_width": 400,
                "video_html_height": 225,
                "from_url": "https:\/\/www.youtube.com\/watch?v=BiSK_POipt8&amp;feature=share",
                "service_icon": "https:\/\/a.slack-edge.com\/80588\/img\/unfurl_icons\/youtube.png",
                "id": 3,
                "original_url": "https:\/\/www.youtube.com\/watch?v=BiSK_POipt8&amp;feature=share"
            }
        ],
        "edited": {
            "user": "BG3N7LG73",
            "ts": "1596021407.000000"
        }
    },
    {
        "type": "message",
        "subtype": "bot_message",
        "text": "<https:\/\/www.reddit.com\/r\/Terraform\/comments\/hzzpki\/ignoring_externally_added_tags_in_terraform_012\/|Ignoring Externally added Tags in Terraform 0.12>\nI'm trying to ignore certain tags that are added to resources outside of Terraform, as Terraform keeps deleting them and then automated systems add them back in. I have tried adding the lifecycle block as seems to be the recommended solution but cannot get it to work, it still wants to tear down the extra tags  Here's a basic example: resource \"aws_security_group\" \"example\" {\ntags = {\nName = \"Test\"\nFunction = \"Test SG\"\n} lifecycle {\nignore_changes = [\ntags[\"externally:added:tag1\"]...",
        "ts": "1596026207.164400",
        "username": "Terraform ALL the Worlds!",
        "icons": {
            "image_48": "https:\/\/s3-us-west-2.amazonaws.com\/slack-files2\/bot_icons\/2019-02-12\/548785199618_48.png"
        },
        "bot_id": "BG3N7LG73",
        "attachments": [
            {
                "service_name": "reddit",
                "title": "Ignoring Externally added Tags in Terraform 0.12",
                "title_link": "https:\/\/www.reddit.com\/r\/Terraform\/comments\/hzzpki\/ignoring_externally_added_tags_in_terraform_012\/",
                "text": "I'm trying to ignore certain tags that are added to resources outside of Terraform, as Terraform keeps deleting them and then automated systems...",
                "fallback": "reddit: Ignoring Externally added Tags in Terraform 0.12",
                "thumb_url": "https:\/\/www.redditstatic.com\/new-icon.png",
                "from_url": "https:\/\/www.reddit.com\/r\/Terraform\/comments\/hzzpki\/ignoring_externally_added_tags_in_terraform_012\/",
                "thumb_width": 256,
                "thumb_height": 256,
                "service_icon": "http:\/\/www.redditstatic.com\/desktop2x\/img\/favicon\/apple-icon-57x57.png",
                "id": 1,
                "original_url": "https:\/\/www.reddit.com\/r\/Terraform\/comments\/hzzpki\/ignoring_externally_added_tags_in_terraform_012\/"
            }
        ],
        "edited": {
            "user": "BG3N7LG73",
            "ts": "1596026207.000000"
        }
    },
    {
        "type": "message",
        "subtype": "bot_message",
        "text": "<https:\/\/www.reddit.com\/r\/Terraform\/comments\/i035ml\/terraform_recipe_for_wordpress_on_fargate\/|Terraform Recipe for WordPress on Fargate>\nI have written a terraform recipe for hosting WordPress site on top of AWS Fargate <https:\/\/futurice.com\/blog\/terraform-recipe-wordpress-fargate|https:\/\/futurice.com\/blog\/terraform-recipe-wordpress-fargate> Please let me know what you think.    submitted by   <https:\/\/www.reddit.com\/user\/sunilkumarmohanty123| \/u\/sunilkumarmohanty123 > \n<https:\/\/www.reddit.com\/r\/Terraform\/comments\/i035ml\/terraform_recipe_for_wordpress_on_fargate\/|[link]>   &lt;a...",
        "ts": "1596039406.164600",
        "username": "Terraform ALL the Worlds!",
        "icons": {
            "image_48": "https:\/\/s3-us-west-2.amazonaws.com\/slack-files2\/bot_icons\/2019-02-12\/548785199618_48.png"
        },
        "bot_id": "BG3N7LG73",
        "attachments": [
            {
                "service_name": "reddit",
                "title": "Terraform Recipe for WordPress on Fargate",
                "title_link": "https:\/\/www.reddit.com\/r\/Terraform\/comments\/i035ml\/terraform_recipe_for_wordpress_on_fargate\/",
                "text": "I have written a terraform recipe for hosting WordPress site on top of AWS...",
                "fallback": "reddit: Terraform Recipe for WordPress on Fargate",
                "thumb_url": "https:\/\/www.redditstatic.com\/new-icon.png",
                "from_url": "https:\/\/www.reddit.com\/r\/Terraform\/comments\/i035ml\/terraform_recipe_for_wordpress_on_fargate\/",
                "thumb_width": 256,
                "thumb_height": 256,
                "service_icon": "http:\/\/www.redditstatic.com\/desktop2x\/img\/favicon\/apple-icon-57x57.png",
                "id": 1,
                "original_url": "https:\/\/www.reddit.com\/r\/Terraform\/comments\/i035ml\/terraform_recipe_for_wordpress_on_fargate\/"
            },
            {
                "service_name": "Futurice",
                "title": "Terraform Recipe for WordPress on Fargate — Futurice",
                "title_link": "https:\/\/futurice.com\/blog\/terraform-recipe-wordpress-fargate",
                "text": "Terraform recipe to create a WordPress site on top of Fargate",
                "fallback": "Futurice: Terraform Recipe for WordPress on Fargate — Futurice",
                "image_url": "https:\/\/images.ctfassets.net\/pqts2v0qq7kz\/7nYFShhe1E0ylEdpJS8Wew\/c45f78f00a25a7400ca000ea665284da\/AWS_Wordpress-Page-2__1_.png?w=800&q=80",
                "from_url": "https:\/\/futurice.com\/blog\/terraform-recipe-wordpress-fargate",
                "image_width": 445,
                "image_height": 250,
                "image_bytes": 69005,
                "service_icon": "https:\/\/futurice.com\/apple-touch-icon.png",
                "id": 2,
                "original_url": "https:\/\/futurice.com\/blog\/terraform-recipe-wordpress-fargate"
            },
            {
                "title": "overview for sunilkumarmohanty123",
                "title_link": "https:\/\/www.reddit.com\/user\/sunilkumarmohanty123",
                "text": "The u\/sunilkumarmohanty123 community on Reddit. Reddit gives you the best of the internet in one place.",
                "fallback": "overview for sunilkumarmohanty123",
                "from_url": "https:\/\/www.reddit.com\/user\/sunilkumarmohanty123",
                "service_icon": "http:\/\/www.redditstatic.com\/desktop2x\/img\/favicon\/apple-icon-57x57.png",
                "service_name": "reddit.com",
                "id": 3,
                "original_url": "https:\/\/www.reddit.com\/user\/sunilkumarmohanty123"
            }
        ],
        "edited": {
            "user": "BG3N7LG73",
            "ts": "1596039407.000000"
        }
    },
    {
        "type": "message",
        "subtype": "bot_message",
        "text": "<https:\/\/www.reddit.com\/r\/Terraform\/comments\/i067aq\/aws_waf_resources_make_terraform_extremly_slow\/|AWS WAF resources make terraform extremly slow>\nSo, I am using next resources - aws_wafv2_ip_set, aws_wafv2_rule_group, aws_wafv2_rule_group and aws_wafv2_web_acl with 7 rules.  Normally terraform plan usually takes around 2 mins or so, but with those resources added, it takes 8 mins or more, even though they are not applied yet (remember this is just plan, apply takes a lot longer)...  Anyone experienced anything similar?  I am wondering, how is this even possible...  Many thanks!    submitted by   &lt;a...",
        "ts": "1596049008.164800",
        "username": "Terraform ALL the Worlds!",
        "icons": {
            "image_48": "https:\/\/s3-us-west-2.amazonaws.com\/slack-files2\/bot_icons\/2019-02-12\/548785199618_48.png"
        },
        "bot_id": "BG3N7LG73",
        "attachments": [
            {
                "service_name": "reddit",
                "title": "AWS WAF resources make terraform extremly slow",
                "title_link": "https:\/\/www.reddit.com\/r\/Terraform\/comments\/i067aq\/aws_waf_resources_make_terraform_extremly_slow\/",
                "text": "So, I am using next resources - aws\\_wafv2\\_ip\\_set, aws\\_wafv2\\_rule\\_group, aws\\_wafv2\\_rule\\_group and aws\\_wafv2\\_web\\_acl with 7 rules. ...",
                "fallback": "reddit: AWS WAF resources make terraform extremly slow",
                "thumb_url": "https:\/\/www.redditstatic.com\/new-icon.png",
                "from_url": "https:\/\/www.reddit.com\/r\/Terraform\/comments\/i067aq\/aws_waf_resources_make_terraform_extremly_slow\/",
                "thumb_width": 256,
                "thumb_height": 256,
                "service_icon": "http:\/\/www.redditstatic.com\/desktop2x\/img\/favicon\/apple-icon-57x57.png",
                "id": 1,
                "original_url": "https:\/\/www.reddit.com\/r\/Terraform\/comments\/i067aq\/aws_waf_resources_make_terraform_extremly_slow\/"
            }
        ],
        "edited": {
            "user": "BG3N7LG73",
            "ts": "1596049009.000000"
        }
    },
    {
        "type": "message",
        "subtype": "bot_message",
        "text": "<https:\/\/www.reddit.com\/r\/Terraform\/comments\/i07sbw\/release_date_for_013\/|Release date for 0.13?>\nDoes anyone have an estimated release date for 0.13?    submitted by   <https:\/\/www.reddit.com\/user\/thismakesmeanonymous| \/u\/thismakesmeanonymous > \n<https:\/\/www.reddit.com\/r\/Terraform\/comments\/i07sbw\/release_date_for_013\/|[link]>   <https:\/\/www.reddit.com\/r\/Terraform\/comments\/i07sbw\/release_date_for_013\/|[comments]>",
        "ts": "1596054405.165000",
        "username": "Terraform ALL the Worlds!",
        "icons": {
            "image_48": "https:\/\/s3-us-west-2.amazonaws.com\/slack-files2\/bot_icons\/2019-02-12\/548785199618_48.png"
        },
        "bot_id": "BG3N7LG73",
        "attachments": [
            {
                "service_name": "reddit",
                "title": "Release date for 0.13?",
                "title_link": "https:\/\/www.reddit.com\/r\/Terraform\/comments\/i07sbw\/release_date_for_013\/",
                "text": "Does anyone have an estimated release date for 0.13?",
                "fallback": "reddit: Release date for 0.13?",
                "thumb_url": "https:\/\/www.redditstatic.com\/new-icon.png",
                "from_url": "https:\/\/www.reddit.com\/r\/Terraform\/comments\/i07sbw\/release_date_for_013\/",
                "thumb_width": 256,
                "thumb_height": 256,
                "service_icon": "http:\/\/www.redditstatic.com\/desktop2x\/img\/favicon\/apple-icon-57x57.png",
                "id": 1,
                "original_url": "https:\/\/www.reddit.com\/r\/Terraform\/comments\/i07sbw\/release_date_for_013\/"
            },
            {
                "title": "overview for thismakesmeanonymous",
                "title_link": "https:\/\/www.reddit.com\/user\/thismakesmeanonymous",
                "text": "The u\/thismakesmeanonymous community on Reddit. Reddit gives you the best of the internet in one place.",
                "fallback": "overview for thismakesmeanonymous",
                "from_url": "https:\/\/www.reddit.com\/user\/thismakesmeanonymous",
                "service_icon": "http:\/\/www.redditstatic.com\/desktop2x\/img\/favicon\/apple-icon-57x57.png",
                "service_name": "reddit.com",
                "id": 2,
                "original_url": "https:\/\/www.reddit.com\/user\/thismakesmeanonymous"
            }
        ],
        "edited": {
            "user": "BG3N7LG73",
            "ts": "1596054405.000000"
        }
    },
    {
        "type": "message",
        "subtype": "bot_message",
        "text": "<https:\/\/www.reddit.com\/r\/Terraform\/comments\/i0939b\/what_tools_do_you_use_to_kickoff_terraform_runs\/|What tools do you use to kickoff Terraform runs?>\nJust doing some research on how people are running Terraform.  <https:\/\/www.reddit.com\/poll\/i0939b|View Poll>    submitted by   <https:\/\/www.reddit.com\/user\/kkvio10| \/u\/kkvio10 > \n<https:\/\/www.reddit.com\/r\/Terraform\/comments\/i0939b\/what_tools_do_you_use_to_kickoff_terraform_runs\/|[link]>   <https:\/\/www.reddit.com\/r\/Terraform\/comments\/i0939b\/what_tools_do_you_use_to_kickoff_terraform_runs\/|[comments]>",
        "ts": "1596058008.165200",
        "username": "Terraform ALL the Worlds!",
        "icons": {
            "image_48": "https:\/\/s3-us-west-2.amazonaws.com\/slack-files2\/bot_icons\/2019-02-12\/548785199618_48.png"
        },
        "bot_id": "BG3N7LG73",
        "attachments": [
            {
                "service_name": "reddit",
                "title": "What tools do you use to kickoff Terraform runs?",
                "title_link": "https:\/\/www.reddit.com\/r\/Terraform\/comments\/i0939b\/what_tools_do_you_use_to_kickoff_terraform_runs\/",
                "text": "Just doing some research on how people are running Terraform.",
                "fallback": "reddit: What tools do you use to kickoff Terraform runs?",
                "thumb_url": "https:\/\/www.redditstatic.com\/new-icon.png",
                "from_url": "https:\/\/www.reddit.com\/r\/Terraform\/comments\/i0939b\/what_tools_do_you_use_to_kickoff_terraform_runs\/",
                "thumb_width": 256,
                "thumb_height": 256,
                "service_icon": "http:\/\/www.redditstatic.com\/desktop2x\/img\/favicon\/apple-icon-57x57.png",
                "id": 1,
                "original_url": "https:\/\/www.reddit.com\/r\/Terraform\/comments\/i0939b\/what_tools_do_you_use_to_kickoff_terraform_runs\/"
            },
            {
                "title": "overview for kkvio10",
                "title_link": "https:\/\/www.reddit.com\/user\/kkvio10",
                "text": "The u\/kkvio10 community on Reddit. Reddit gives you the best of the internet in one place.",
                "fallback": "overview for kkvio10",
                "from_url": "https:\/\/www.reddit.com\/user\/kkvio10",
                "service_icon": "http:\/\/www.redditstatic.com\/desktop2x\/img\/favicon\/apple-icon-57x57.png",
                "service_name": "reddit.com",
                "id": 2,
                "original_url": "https:\/\/www.reddit.com\/user\/kkvio10"
            }
        ],
        "edited": {
            "user": "BG3N7LG73",
            "ts": "1596058009.000000"
        }
    },
    {
        "type": "message",
        "subtype": "bot_message",
        "text": "<https:\/\/www.reddit.com\/r\/Terraform\/comments\/i0ask6\/using_jenkins_to_run_two_seperate_terraform_apply\/|Using Jenkins to run two seperate Terraform apply scripts(Provision k8s cluster in apply #1 then provision resources within k8s cluster in apply #2)>\nI am creating a pipeline which will stand up resources within Azure, then run docker commands to build a number of images before running another Terraform apply which will take these docker images and deploy via containers within the k8s cluster previously created.  I am unsure however what is the best way to do this in Jenkins. I am very new to Jenkins so not exactly sure how to navigate through directories\/repositories using it. I have the .tf files for the initial Terraform apply in the...",
        "ts": "1596064008.165400",
        "username": "Terraform ALL the Worlds!",
        "icons": {
            "image_48": "https:\/\/s3-us-west-2.amazonaws.com\/slack-files2\/bot_icons\/2019-02-12\/548785199618_48.png"
        },
        "bot_id": "BG3N7LG73",
        "attachments": [
            {
                "service_name": "reddit",
                "title": "Using Jenkins to run two seperate Terraform apply scripts(Provision k8s cluster in apply #1 then provision resources within k8s cluster in apply #2)",
                "title_link": "https:\/\/www.reddit.com\/r\/Terraform\/comments\/i0ask6\/using_jenkins_to_run_two_seperate_terraform_apply\/",
                "text": "I am creating a pipeline which will stand up resources within Azure, then run docker commands to build a number of images before running another...",
                "fallback": "reddit: Using Jenkins to run two seperate Terraform apply scripts(Provision k8s cluster in apply #1 then provision resources within k8s cluster in apply #2)",
                "thumb_url": "https:\/\/www.redditstatic.com\/new-icon.png",
                "from_url": "https:\/\/www.reddit.com\/r\/Terraform\/comments\/i0ask6\/using_jenkins_to_run_two_seperate_terraform_apply\/",
                "thumb_width": 256,
                "thumb_height": 256,
                "service_icon": "http:\/\/www.redditstatic.com\/desktop2x\/img\/favicon\/apple-icon-57x57.png",
                "id": 1,
                "original_url": "https:\/\/www.reddit.com\/r\/Terraform\/comments\/i0ask6\/using_jenkins_to_run_two_seperate_terraform_apply\/"
            }
        ],
        "edited": {
            "user": "BG3N7LG73",
            "ts": "1596064008.000000"
        }
    }
]