[
    {
        "type": "message",
        "subtype": "bot_message",
        "text": "<https:\/\/www.reddit.com\/r\/Terraform\/comments\/hui5px\/mixing_aws_terraformgrunt_with_other_tools_sam\/|Mixing AWS + Terraform(grunt) with other tools (SAM, SLS, CDK, CFN)>\nMost of our infrastracture is written in Terraform and handled by Terragrunt(which seems to be common setup on this sub). Nowadays we find ourselves using more and more serverless components in our system. Sometimes it would make more sense for us to add a sprinkle of Lambda here and there. However, we don't feel like Terraform is the best tool to handle serverless, there is way too much boilerplate (so many resources to be created just to add an AWS Api Gateway) and also various problems...",
        "ts": "1595237204.150800",
        "username": "Terraform ALL the Worlds!",
        "icons": {
            "image_48": "https:\/\/s3-us-west-2.amazonaws.com\/slack-files2\/bot_icons\/2019-02-12\/548785199618_48.png"
        },
        "bot_id": "BG3N7LG73",
        "attachments": [
            {
                "service_name": "reddit",
                "title": "Mixing AWS + Terraform(grunt) with other tools (SAM, SLS, CDK, CFN)",
                "title_link": "https:\/\/www.reddit.com\/r\/Terraform\/comments\/hui5px\/mixing_aws_terraformgrunt_with_other_tools_sam\/",
                "text": "Most of our infrastracture is written in Terraform and handled by Terragrunt(which seems to be common setup on this sub). Nowadays we find...",
                "fallback": "reddit: Mixing AWS + Terraform(grunt) with other tools (SAM, SLS, CDK, CFN)",
                "thumb_url": "https:\/\/www.redditstatic.com\/new-icon.png",
                "from_url": "https:\/\/www.reddit.com\/r\/Terraform\/comments\/hui5px\/mixing_aws_terraformgrunt_with_other_tools_sam\/",
                "thumb_width": 256,
                "thumb_height": 256,
                "service_icon": "http:\/\/www.redditstatic.com\/desktop2x\/img\/favicon\/apple-icon-57x57.png",
                "id": 1,
                "original_url": "https:\/\/www.reddit.com\/r\/Terraform\/comments\/hui5px\/mixing_aws_terraformgrunt_with_other_tools_sam\/"
            }
        ],
        "edited": {
            "user": "BG3N7LG73",
            "ts": "1595237204.000000"
        }
    },
    {
        "type": "message",
        "subtype": "bot_message",
        "text": "<https:\/\/www.reddit.com\/r\/Terraform\/comments\/hupbzv\/how_do_i_integrate_a_cicd_pipeline_into_my\/|How do I integrate a CI\/CD pipeline into my terraform configuration?>\nI have an EC2 instance that relies on certain files being present in an S3 bucket. Of course I could upload these files using a aws_s3_bucket_object, but because everything needs to be a little harder than it should be, I need to build the files using an aws codepipeline and codebuild. I'm not sure if this breaks the defining principals of terraform itself, but is there a way to provision the codepipeline and codebuild, generate the files with the pipeline, and then continue to create the EC2...",
        "ts": "1595266608.151100",
        "username": "Terraform ALL the Worlds!",
        "icons": {
            "image_48": "https:\/\/s3-us-west-2.amazonaws.com\/slack-files2\/bot_icons\/2019-02-12\/548785199618_48.png"
        },
        "bot_id": "BG3N7LG73",
        "attachments": [
            {
                "service_name": "reddit",
                "title": "How do I integrate a CI\/CD pipeline into my terraform configuration?",
                "title_link": "https:\/\/www.reddit.com\/r\/Terraform\/comments\/hupbzv\/how_do_i_integrate_a_cicd_pipeline_into_my\/",
                "text": "I have an EC2 instance that relies on certain files being present in an S3 bucket. Of course I could upload these files using a...",
                "fallback": "reddit: How do I integrate a CI\/CD pipeline into my terraform configuration?",
                "thumb_url": "https:\/\/www.redditstatic.com\/new-icon.png",
                "from_url": "https:\/\/www.reddit.com\/r\/Terraform\/comments\/hupbzv\/how_do_i_integrate_a_cicd_pipeline_into_my\/",
                "thumb_width": 256,
                "thumb_height": 256,
                "service_icon": "http:\/\/www.redditstatic.com\/desktop2x\/img\/favicon\/apple-icon-57x57.png",
                "id": 1,
                "original_url": "https:\/\/www.reddit.com\/r\/Terraform\/comments\/hupbzv\/how_do_i_integrate_a_cicd_pipeline_into_my\/"
            }
        ],
        "edited": {
            "user": "BG3N7LG73",
            "ts": "1595266608.000000"
        }
    },
    {
        "type": "message",
        "subtype": "bot_message",
        "text": "<https:\/\/www.reddit.com\/r\/Terraform\/comments\/huphmx\/terraform_and_gcp_dataproc\/|Terraform and GCP Dataproc>\nI've working on a module that creates dataproc instances in GCP and I'm running into an error I can't pin down. ​ Error: Error creating Dataproc cluster: googleapi: Error 400: <mailto:xxxxxxxxx@cloudservices.gserviceaccount.com|xxxxxxxxx@cloudservices.gserviceaccount.com> does not have storage.buckets.get access to the Google Cloud Storage bucket.,  The account in question has \"owner\" level access to my entire project. Has anyone ever seen something similar to this before?    submitted by   &lt;a href=\"https:\/\/www.reddit.com\/user\/Inquisitor142\"&gt;...",
        "ts": "1595266608.151200",
        "username": "Terraform ALL the Worlds!",
        "icons": {
            "image_48": "https:\/\/s3-us-west-2.amazonaws.com\/slack-files2\/bot_icons\/2019-02-12\/548785199618_48.png"
        },
        "bot_id": "BG3N7LG73",
        "attachments": [
            {
                "service_name": "reddit",
                "title": "Terraform and GCP Dataproc",
                "title_link": "https:\/\/www.reddit.com\/r\/Terraform\/comments\/huphmx\/terraform_and_gcp_dataproc\/",
                "text": "I've working on a module that creates dataproc instances in GCP and I'm running into an error I can't pin down. &amp;#x200B; Error: Error...",
                "fallback": "reddit: Terraform and GCP Dataproc",
                "thumb_url": "https:\/\/www.redditstatic.com\/new-icon.png",
                "from_url": "https:\/\/www.reddit.com\/r\/Terraform\/comments\/huphmx\/terraform_and_gcp_dataproc\/",
                "thumb_width": 256,
                "thumb_height": 256,
                "service_icon": "http:\/\/www.redditstatic.com\/desktop2x\/img\/favicon\/apple-icon-57x57.png",
                "id": 1,
                "original_url": "https:\/\/www.reddit.com\/r\/Terraform\/comments\/huphmx\/terraform_and_gcp_dataproc\/"
            }
        ],
        "edited": {
            "user": "BG3N7LG73",
            "ts": "1595266609.000000"
        }
    },
    {
        "type": "message",
        "subtype": "bot_message",
        "text": "<https:\/\/www.reddit.com\/r\/Terraform\/comments\/huvrky\/how_do_i_create_a_windows_machine_ready_for\/|How do I create a Windows machine ready for Ansible?>\nAnsible's doco says you have to run <https:\/\/raw.githubusercontent.com\/ansible\/ansible\/devel\/examples\/scripts\/ConfigureRemotingForAnsible.ps1|this> script which among other things configures WinRM. Ideally I need to spin these VMs up so I can go straight into configuring the devices with Ansible. Is that possible?    submitted by   <https:\/\/www.reddit.com\/user\/Born2Bbad| \/u\/Born2Bbad > \n&lt;a...",
        "ts": "1595286406.151500",
        "username": "Terraform ALL the Worlds!",
        "icons": {
            "image_48": "https:\/\/s3-us-west-2.amazonaws.com\/slack-files2\/bot_icons\/2019-02-12\/548785199618_48.png"
        },
        "bot_id": "BG3N7LG73",
        "attachments": [
            {
                "service_name": "reddit",
                "title": "How do I create a Windows machine ready for Ansible?",
                "title_link": "https:\/\/www.reddit.com\/r\/Terraform\/comments\/huvrky\/how_do_i_create_a_windows_machine_ready_for\/",
                "text": "Ansible's doco says you have to run...",
                "fallback": "reddit: How do I create a Windows machine ready for Ansible?",
                "thumb_url": "https:\/\/www.redditstatic.com\/new-icon.png",
                "from_url": "https:\/\/www.reddit.com\/r\/Terraform\/comments\/huvrky\/how_do_i_create_a_windows_machine_ready_for\/",
                "thumb_width": 256,
                "thumb_height": 256,
                "service_icon": "http:\/\/www.redditstatic.com\/desktop2x\/img\/favicon\/apple-icon-57x57.png",
                "id": 1,
                "original_url": "https:\/\/www.reddit.com\/r\/Terraform\/comments\/huvrky\/how_do_i_create_a_windows_machine_ready_for\/"
            },
            {
                "title": "overview for Born2Bbad",
                "title_link": "https:\/\/www.reddit.com\/user\/Born2Bbad",
                "text": "The u\/Born2Bbad community on Reddit. Reddit gives you the best of the internet in one place.",
                "fallback": "overview for Born2Bbad",
                "from_url": "https:\/\/www.reddit.com\/user\/Born2Bbad",
                "service_icon": "http:\/\/www.redditstatic.com\/desktop2x\/img\/favicon\/apple-icon-57x57.png",
                "service_name": "reddit.com",
                "id": 2,
                "original_url": "https:\/\/www.reddit.com\/user\/Born2Bbad"
            }
        ],
        "edited": {
            "user": "BG3N7LG73",
            "ts": "1595286406.000000"
        }
    },
    {
        "type": "message",
        "subtype": "bot_message",
        "text": "<https:\/\/qiita.com\/ichihara-development\/items\/45afcc54aeddfd69bce4|【ネットワークインターフェースのでタッチで】You do not have permission to access the specified resource.が出る>\n<https:\/\/qiita.com\/#%E5%8E%9F%E5%9B%A0>原因\n\nYou do not have permissionと書かれてますが特に権限がないわけではなく、関連付けられているリソースが存在するため削除できない状態にあります。\n\n\n<https:\/\/qiita.com\/#%E5%AF%BE%E5%87%A6%E6%B3%95>対処法\n\ndescriptoonを参照して、関連付けられてるリソースを先に削除するとエラーが解決します。\n\n&lt;a...",
        "ts": "1595294205.151700",
        "username": "Terraformタグが付けられた新着記事 - Qiita",
        "icons": {
            "image_36": "https:\/\/a.slack-edge.com\/80588\/img\/services\/rss_36.png",
            "image_48": "https:\/\/a.slack-edge.com\/80588\/img\/services\/rss_48.png",
            "image_72": "https:\/\/a.slack-edge.com\/80588\/img\/services\/rss_72.png"
        },
        "bot_id": "BG3N7LG73",
        "attachments": [
            {
                "service_name": "Qiita",
                "title": "【ネットワークインターフェースのでタッチで】You do not have permission to access the specified resource.が出る - Qiita",
                "title_link": "https:\/\/qiita.com\/ichihara-development\/items\/45afcc54aeddfd69bce4",
                "text": "原因 You do not have permissionと書かれてますが特に権限がないわけではなく、関連付けられているリソースが存在するため削除できない状態にあります。 対処法 descriptoonを参照して、関連付け...",
                "fallback": "Qiita: 【ネットワークインターフェースのでタッチで】You do not have permission to access the specified resource.が出る - Qiita",
                "image_url": "https:\/\/qiita-user-contents.imgix.net\/https%3A%2F%2Fcdn.qiita.com%2Fassets%2Fpublic%2Farticle-ogp-background-1150d8b18a7c15795b701a55ae908f94.png?ixlib=rb-1.2.2&w=1200&mark=https%3A%2F%2Fqiita-user-contents.imgix.net%2F~text%3Fixlib%3Drb-1.2.2%26w%3D840%26h%3D380%26txt%3D%25E3%2580%2590%25E3%2583%258D%25E3%2583%2583%25E3%2583%2588%25E3%2583%25AF%25E3%2583%25BC%25E3%2582%25AF%25E3%2582%25A4%25E3%2583%25B3%25E3%2582%25BF%25E3%2583%25BC%25E3%2583%2595%25E3%2582%25A7%25E3%2583%25BC%25E3%2582%25B9%25E3%2581%25AE%25E3%2581%25A7%25E3%2582%25BF%25E3%2583%2583%25E3%2583%2581%25E3%2581%25A7%25E3%2580%2591You%2520do%2520not%2520have%2520permission%2520to%2520access%2520the%2520specified%2520resource.%25E3%2581%258C%25E5%2587%25BA%25E3%2582%258B%26txt-color%3D%2523333%26txt-font%3DAvenir-Black%26txt-size%3D54%26txt-clip%3Dellipsis%26txt-align%3Dcenter%252Cmiddle%26s%3De468cdb826ff27e5c018304a5fea5e90&mark-align=center%2Cmiddle&blend=https%3A%2F%2Fqiita-user-contents.imgix.net%2F~text%3Fixlib%3Drb-1.2.2%26w%3D840%26h%3D500%26txt%3D%2540ichihara-development%26txt-color%3D%2523333%26txt-font%3DAvenir-Black%26txt-size%3D45%26txt-align%3Dright%252Cbottom%26s%3Dfb60a914aac16ca32d666176c823320a&blend-align=center%2Cmiddle&blend-mode=normal&s=6d4306c97ff5c4aed3909477017609bf",
                "from_url": "https:\/\/qiita.com\/ichihara-development\/items\/45afcc54aeddfd69bce4",
                "image_width": 476,
                "image_height": 250,
                "image_bytes": 66081,
                "service_icon": "https:\/\/cdn.qiita.com\/assets\/favicons\/public\/apple-touch-icon-ec5ba42a24ae923f16825592efdc356f.png",
                "id": 1,
                "original_url": "https:\/\/qiita.com\/ichihara-development\/items\/45afcc54aeddfd69bce4"
            },
            {
                "service_name": "Qiita",
                "title": "プログラマの技術情報共有サービス - Qiita",
                "title_link": "https:\/\/qiita.com\/#%E5%8E%9F%E5%9B%A0",
                "text": "Qiitaは、プログラマのための技術情報共有サービスです。 プログラミングに関するTips、ノウハウ、メモを簡単に記録 &amp; 公開することができます。",
                "fallback": "Qiita: プログラマの技術情報共有サービス - Qiita",
                "thumb_url": "https:\/\/cdn.qiita.com\/assets\/qiita-fb-fe28c64039d925349e620ba55091e078.png",
                "from_url": "https:\/\/qiita.com\/#%E5%8E%9F%E5%9B%A0",
                "thumb_width": 1200,
                "thumb_height": 630,
                "service_icon": "https:\/\/cdn.qiita.com\/assets\/favicons\/public\/apple-touch-icon-ec5ba42a24ae923f16825592efdc356f.png",
                "id": 2,
                "original_url": "https:\/\/qiita.com\/#%E5%8E%9F%E5%9B%A0"
            },
            {
                "service_name": "Qiita",
                "title": "プログラマの技術情報共有サービス - Qiita",
                "title_link": "https:\/\/qiita.com\/#%E5%AF%BE%E5%87%A6%E6%B3%95",
                "text": "Qiitaは、プログラマのための技術情報共有サービスです。 プログラミングに関するTips、ノウハウ、メモを簡単に記録 &amp; 公開することができます。",
                "fallback": "Qiita: プログラマの技術情報共有サービス - Qiita",
                "thumb_url": "https:\/\/cdn.qiita.com\/assets\/qiita-fb-fe28c64039d925349e620ba55091e078.png",
                "from_url": "https:\/\/qiita.com\/#%E5%AF%BE%E5%87%A6%E6%B3%95",
                "thumb_width": 1200,
                "thumb_height": 630,
                "service_icon": "https:\/\/cdn.qiita.com\/assets\/favicons\/public\/apple-touch-icon-ec5ba42a24ae923f16825592efdc356f.png",
                "id": 3,
                "original_url": "https:\/\/qiita.com\/#%E5%AF%BE%E5%87%A6%E6%B3%95"
            }
        ],
        "edited": {
            "user": "BG3N7LG73",
            "ts": "1595294206.000000"
        }
    }
]