[
    {
        "type": "message",
        "subtype": "bot_message",
        "text": "<https:\/\/qiita.com\/kyou_rai\/items\/ffe02998302eae720c36|「Terraform」作成した GCE インスタンス中で、GitHub プライベートリポジトリからソースを落とす>\n<https:\/\/qiita.com\/#%E8%83%8C%E6%99%AF>背景\n\nTerraform を利用して GCP などのリソースを簡単に apply・destroy できるから、必要となる時に、GCE インスタンスを作って、GitHub 上のプライベートリポジトリのソースをインスタンスで動かすという要望はありました。\n\nTerraform バージョン: \n\nTerraform v0.12.28\nprovider.google v3.5.0\n\n<https:\/\/qiita.com\/#github-%E3%82%A2%E3%82%AB%E3%82%A6%E3%83%B3%E3%83%88%E3%81%AE-ssh-%E7%A7%98%E5%AF%86%E9%8D%B5>GitHub アカウントの SSH 秘密鍵\n\n&lt;a...",
        "ts": "1593937009.130200",
        "username": "Terraformタグが付けられた新着記事 - Qiita",
        "icons": {
            "image_36": "https:\/\/a.slack-edge.com\/80588\/img\/services\/rss_36.png",
            "image_48": "https:\/\/a.slack-edge.com\/80588\/img\/services\/rss_48.png",
            "image_72": "https:\/\/a.slack-edge.com\/80588\/img\/services\/rss_72.png"
        },
        "bot_id": "BG3N7LG73",
        "attachments": [
            {
                "service_name": "Qiita",
                "title": "「Terraform」作成した GCE インスタンス中で、GitHub プライベートリポジトリからソースを落とす - Qiita",
                "title_link": "https:\/\/qiita.com\/kyou_rai\/items\/ffe02998302eae720c36",
                "text": "背景 Terraform を利用して GCP などのリソースを簡単に apply・destroy できるから、必要となる時に、GCE インスタンスを作って、GitHub 上のプライベートリポジトリのソースをインスタンスで動かすと...",
                "fallback": "Qiita: 「Terraform」作成した GCE インスタンス中で、GitHub プライベートリポジトリからソースを落とす - Qiita",
                "image_url": "https:\/\/qiita-user-contents.imgix.net\/https%3A%2F%2Fcdn.qiita.com%2Fassets%2Fpublic%2Farticle-ogp-background-1150d8b18a7c15795b701a55ae908f94.png?ixlib=rb-1.2.2&w=1200&mark=https%3A%2F%2Fqiita-user-contents.imgix.net%2F~text%3Fixlib%3Drb-1.2.2%26w%3D840%26h%3D380%26txt%3D%25E3%2580%258CTerraform%25E3%2580%258D%25E4%25BD%259C%25E6%2588%2590%25E3%2581%2597%25E3%2581%259F%2520GCE%2520%25E3%2582%25A4%25E3%2583%25B3%25E3%2582%25B9%25E3%2582%25BF%25E3%2583%25B3%25E3%2582%25B9%25E4%25B8%25AD%25E3%2581%25A7%25E3%2580%2581GitHub%2520%25E3%2583%2597%25E3%2583%25A9%25E3%2582%25A4%25E3%2583%2599%25E3%2583%25BC%25E3%2583%2588%25E3%2583%25AA%25E3%2583%259D%25E3%2582%25B8%25E3%2583%2588%25E3%2583%25AA%25E3%2581%258B%25E3%2582%2589%25E3%2582%25BD%25E3%2583%25BC%25E3%2582%25B9%25E3%2582%2592%25E8%2590%25BD%25E3%2581%25A8%25E3%2581%2599%26txt-color%3D%2523333%26txt-font%3DAvenir-Black%26txt-size%3D54%26txt-clip%3Dellipsis%26txt-align%3Dcenter%252Cmiddle%26s%3D5ca91b38ec23fa06cdb9e29ebf9e9171&mark-align=center%2Cmiddle&blend=https%3A%2F%2Fqiita-user-contents.imgix.net%2F~text%3Fixlib%3Drb-1.2.2%26w%3D840%26h%3D500%26txt%3D%2540kyou_rai%26txt-color%3D%2523333%26txt-font%3DAvenir-Black%26txt-size%3D45%26txt-align%3Dright%252Cbottom%26s%3Dbfd5d7ac9b4151891dcf8af5fdefc17c&blend-align=center%2Cmiddle&blend-mode=normal&s=7290c7e847e41d7e4fbd65b2fdac4f0e",
                "from_url": "https:\/\/qiita.com\/kyou_rai\/items\/ffe02998302eae720c36",
                "image_width": 476,
                "image_height": 250,
                "image_bytes": 63504,
                "service_icon": "https:\/\/cdn.qiita.com\/assets\/favicons\/public\/apple-touch-icon-ec5ba42a24ae923f16825592efdc356f.png",
                "id": 1,
                "original_url": "https:\/\/qiita.com\/kyou_rai\/items\/ffe02998302eae720c36"
            },
            {
                "service_name": "Qiita",
                "title": "プログラマの技術情報共有サービス - Qiita",
                "title_link": "https:\/\/qiita.com\/#%E8%83%8C%E6%99%AF",
                "text": "Qiitaは、プログラマのための技術情報共有サービスです。 プログラミングに関するTips、ノウハウ、メモを簡単に記録 &amp; 公開することができます。",
                "fallback": "Qiita: プログラマの技術情報共有サービス - Qiita",
                "thumb_url": "https:\/\/cdn.qiita.com\/assets\/qiita-fb-fe28c64039d925349e620ba55091e078.png",
                "from_url": "https:\/\/qiita.com\/#%E8%83%8C%E6%99%AF",
                "thumb_width": 1200,
                "thumb_height": 630,
                "service_icon": "https:\/\/cdn.qiita.com\/assets\/favicons\/public\/apple-touch-icon-ec5ba42a24ae923f16825592efdc356f.png",
                "id": 2,
                "original_url": "https:\/\/qiita.com\/#%E8%83%8C%E6%99%AF"
            },
            {
                "service_name": "Qiita",
                "title": "プログラマの技術情報共有サービス - Qiita",
                "title_link": "https:\/\/qiita.com\/#github-%E3%82%A2%E3%82%AB%E3%82%A6%E3%83%B3%E3%83%88%E3%81%AE-ssh-%E7%A7%98%E5%AF%86%E9%8D%B5",
                "text": "Qiitaは、プログラマのための技術情報共有サービスです。 プログラミングに関するTips、ノウハウ、メモを簡単に記録 &amp; 公開することができます。",
                "fallback": "Qiita: プログラマの技術情報共有サービス - Qiita",
                "thumb_url": "https:\/\/cdn.qiita.com\/assets\/qiita-fb-fe28c64039d925349e620ba55091e078.png",
                "from_url": "https:\/\/qiita.com\/#github-%E3%82%A2%E3%82%AB%E3%82%A6%E3%83%B3%E3%83%88%E3%81%AE-ssh-%E7%A7%98%E5%AF%86%E9%8D%B5",
                "thumb_width": 1200,
                "thumb_height": 630,
                "service_icon": "https:\/\/cdn.qiita.com\/assets\/favicons\/public\/apple-touch-icon-ec5ba42a24ae923f16825592efdc356f.png",
                "id": 3,
                "original_url": "https:\/\/qiita.com\/#github-%E3%82%A2%E3%82%AB%E3%82%A6%E3%83%B3%E3%83%88%E3%81%AE-ssh-%E7%A7%98%E5%AF%86%E9%8D%B5"
            }
        ],
        "edited": {
            "user": "BG3N7LG73",
            "ts": "1593937009.000000"
        }
    },
    {
        "type": "message",
        "subtype": "bot_message",
        "text": "<https:\/\/www.reddit.com\/r\/Terraform\/comments\/hljtve\/beginner_struggling_with_stat_locking\/|[beginner] struggling with stat locking>\nIt seems if I cancel an operation midway through or look at my PC the wrong way I end up in a situation where everything's state is locked The process cannot access the file because another process has locked a portion of the file How do I find out what that process is? -lock=false doesn't help    submitted by   <https:\/\/www.reddit.com\/user\/Born2Bbad| \/u\/Born2Bbad > \n<https:\/\/www.reddit.com\/r\/Terraform\/comments\/hljtve\/beginner_struggling_with_stat_locking\/|[link]>   &lt;a...",
        "ts": "1593942411.130400",
        "username": "Terraform ALL the Worlds!",
        "icons": {
            "image_48": "https:\/\/s3-us-west-2.amazonaws.com\/slack-files2\/bot_icons\/2019-02-12\/548785199618_48.png"
        },
        "bot_id": "BG3N7LG73",
        "attachments": [
            {
                "service_name": "reddit",
                "title": "[beginner] struggling with stat locking",
                "title_link": "https:\/\/www.reddit.com\/r\/Terraform\/comments\/hljtve\/beginner_struggling_with_stat_locking\/",
                "text": "It seems if I cancel an operation midway through or look at my PC the wrong way I end up in a situation where everything's state is locked The...",
                "fallback": "reddit: [beginner] struggling with stat locking",
                "thumb_url": "https:\/\/www.redditstatic.com\/new-icon.png",
                "from_url": "https:\/\/www.reddit.com\/r\/Terraform\/comments\/hljtve\/beginner_struggling_with_stat_locking\/",
                "thumb_width": 256,
                "thumb_height": 256,
                "service_icon": "http:\/\/www.redditstatic.com\/desktop2x\/img\/favicon\/apple-icon-57x57.png",
                "id": 1,
                "original_url": "https:\/\/www.reddit.com\/r\/Terraform\/comments\/hljtve\/beginner_struggling_with_stat_locking\/"
            },
            {
                "title": "overview for Born2Bbad",
                "title_link": "https:\/\/www.reddit.com\/user\/Born2Bbad",
                "text": "The u\/Born2Bbad community on Reddit. Reddit gives you the best of the internet in one place.",
                "fallback": "overview for Born2Bbad",
                "from_url": "https:\/\/www.reddit.com\/user\/Born2Bbad",
                "service_icon": "http:\/\/www.redditstatic.com\/desktop2x\/img\/favicon\/apple-icon-57x57.png",
                "service_name": "reddit.com",
                "id": 2,
                "original_url": "https:\/\/www.reddit.com\/user\/Born2Bbad"
            }
        ],
        "edited": {
            "user": "BG3N7LG73",
            "ts": "1593942411.000000"
        }
    },
    {
        "type": "message",
        "subtype": "bot_message",
        "text": "<https:\/\/qiita.com\/charon\/items\/15cb8be654c4a179e3a7|Amazon ECRにあるイメージを使う、AWS FargateをTerraformで構築する>\n<https:\/\/qiita.com\/#whats>What's？\n\nAmazon ECRにあるイメージを使用する、AWS FargateクラスタをTerraformで構築してみよう、ということで。\n\n簡単なDockerイメージを作ってAmazon ECRにPushして、そのイメージを使ったAWS Fargateクラスタを作ってみます。\n\nDockerイメージはPythonアプリで、コンテナ定義で指定された環境変数の内容を表示するものにしてみましょう。\n\n\n<https:\/\/qiita.com\/#%E7%92%B0%E5%A2%83>環境\n\nTerraformとAWS Providerのバージョンは、こちらです。\n\n$ terraform version\nTerraform v0.12.28\n+ provider.aws v2.69.0\n\n\n\n&lt;a...",
        "ts": "1593958608.130600",
        "username": "Terraformタグが付けられた新着記事 - Qiita",
        "icons": {
            "image_36": "https:\/\/a.slack-edge.com\/80588\/img\/services\/rss_36.png",
            "image_48": "https:\/\/a.slack-edge.com\/80588\/img\/services\/rss_48.png",
            "image_72": "https:\/\/a.slack-edge.com\/80588\/img\/services\/rss_72.png"
        },
        "bot_id": "BG3N7LG73",
        "attachments": [
            {
                "service_name": "Qiita",
                "title": "Amazon ECRにあるイメージを使う、AWS FargateをTerraformで構築する - Qiita",
                "title_link": "https:\/\/qiita.com\/charon\/items\/15cb8be654c4a179e3a7",
                "text": "What's？ Amazon ECRにあるイメージを使用する、AWS FargateクラスタをTerraformで構築してみよう、ということで。 簡単なDockerイメージを作ってAmazon ECRにPushして、そのイメー...",
                "fallback": "Qiita: Amazon ECRにあるイメージを使う、AWS FargateをTerraformで構築する - Qiita",
                "image_url": "https:\/\/qiita-user-contents.imgix.net\/https%3A%2F%2Fcdn.qiita.com%2Fassets%2Fpublic%2Farticle-ogp-background-1150d8b18a7c15795b701a55ae908f94.png?ixlib=rb-1.2.2&w=1200&mark=https%3A%2F%2Fqiita-user-contents.imgix.net%2F~text%3Fixlib%3Drb-1.2.2%26w%3D840%26h%3D380%26txt%3DAmazon%2520ECR%25E3%2581%25AB%25E3%2581%2582%25E3%2582%258B%25E3%2582%25A4%25E3%2583%25A1%25E3%2583%25BC%25E3%2582%25B8%25E3%2582%2592%25E4%25BD%25BF%25E3%2581%2586%25E3%2580%2581AWS%2520Fargate%25E3%2582%2592Terraform%25E3%2581%25A7%25E6%25A7%258B%25E7%25AF%2589%25E3%2581%2599%25E3%2582%258B%26txt-color%3D%2523333%26txt-font%3DAvenir-Black%26txt-size%3D54%26txt-clip%3Dellipsis%26txt-align%3Dcenter%252Cmiddle%26s%3D00462dfe578470858b12c7464041e894&mark-align=center%2Cmiddle&blend=https%3A%2F%2Fqiita-user-contents.imgix.net%2F~text%3Fixlib%3Drb-1.2.2%26w%3D840%26h%3D500%26txt%3D%2540charon%26txt-color%3D%2523333%26txt-font%3DAvenir-Black%26txt-size%3D45%26txt-align%3Dright%252Cbottom%26s%3Db3bf67de895e87a212d327c2ca245f2b&blend-align=center%2Cmiddle&blend-mode=normal&s=fbbba5bf9966cc0e3ed8aa7bf708056a",
                "from_url": "https:\/\/qiita.com\/charon\/items\/15cb8be654c4a179e3a7",
                "image_width": 476,
                "image_height": 250,
                "image_bytes": 59488,
                "service_icon": "https:\/\/cdn.qiita.com\/assets\/favicons\/public\/apple-touch-icon-ec5ba42a24ae923f16825592efdc356f.png",
                "id": 1,
                "original_url": "https:\/\/qiita.com\/charon\/items\/15cb8be654c4a179e3a7"
            },
            {
                "service_name": "Qiita",
                "title": "プログラマの技術情報共有サービス - Qiita",
                "title_link": "https:\/\/qiita.com\/#whats",
                "text": "Qiitaは、プログラマのための技術情報共有サービスです。 プログラミングに関するTips、ノウハウ、メモを簡単に記録 &amp; 公開することができます。",
                "fallback": "Qiita: プログラマの技術情報共有サービス - Qiita",
                "thumb_url": "https:\/\/cdn.qiita.com\/assets\/qiita-fb-fe28c64039d925349e620ba55091e078.png",
                "from_url": "https:\/\/qiita.com\/#whats",
                "thumb_width": 1200,
                "thumb_height": 630,
                "service_icon": "https:\/\/cdn.qiita.com\/assets\/favicons\/public\/apple-touch-icon-ec5ba42a24ae923f16825592efdc356f.png",
                "id": 2,
                "original_url": "https:\/\/qiita.com\/#whats"
            },
            {
                "service_name": "Qiita",
                "title": "プログラマの技術情報共有サービス - Qiita",
                "title_link": "https:\/\/qiita.com\/#%E7%92%B0%E5%A2%83",
                "text": "Qiitaは、プログラマのための技術情報共有サービスです。 プログラミングに関するTips、ノウハウ、メモを簡単に記録 &amp; 公開することができます。",
                "fallback": "Qiita: プログラマの技術情報共有サービス - Qiita",
                "thumb_url": "https:\/\/cdn.qiita.com\/assets\/qiita-fb-fe28c64039d925349e620ba55091e078.png",
                "from_url": "https:\/\/qiita.com\/#%E7%92%B0%E5%A2%83",
                "thumb_width": 1200,
                "thumb_height": 630,
                "service_icon": "https:\/\/cdn.qiita.com\/assets\/favicons\/public\/apple-touch-icon-ec5ba42a24ae923f16825592efdc356f.png",
                "id": 3,
                "original_url": "https:\/\/qiita.com\/#%E7%92%B0%E5%A2%83"
            }
        ],
        "edited": {
            "user": "BG3N7LG73",
            "ts": "1593958609.000000"
        }
    },
    {
        "type": "message",
        "subtype": "bot_message",
        "text": "<https:\/\/www.reddit.com\/r\/Terraform\/comments\/hlokfv\/terraform_simply_explained_for_beginners_good\/|Terraform simply explained for Beginners | good overview>\nHi all, I made a <https:\/\/youtu.be\/l5k1ai_GBDE|tutorial about Terraform>, which I think is useful for beginners to get a good overview. :nerd_face: You will learn what Terraform exactly is, Terraforms use cases or what it's used for, Terraforms Architecture and the basic commands. In addition I also clarify the question of what the difference of Terraform and Ansible is, because they seem to kinda do the same thing. Hope this is helpful for you :slightly_smiling_face:    submitted by   &lt;a...",
        "ts": "1593964010.130800",
        "username": "Terraform ALL the Worlds!",
        "icons": {
            "image_48": "https:\/\/s3-us-west-2.amazonaws.com\/slack-files2\/bot_icons\/2019-02-12\/548785199618_48.png"
        },
        "bot_id": "BG3N7LG73",
        "attachments": [
            {
                "service_name": "reddit",
                "title": "Terraform simply explained for Beginners | good overview",
                "title_link": "https:\/\/www.reddit.com\/r\/Terraform\/comments\/hlokfv\/terraform_simply_explained_for_beginners_good\/",
                "text": "Hi all, I made a [**tutorial about Terraform**](<https:\/\/youtu.be\/l5k1ai_GBDE>), which I think is useful for beginners to get a **good overview**....",
                "fallback": "reddit: Terraform simply explained for Beginners | good overview",
                "thumb_url": "https:\/\/www.redditstatic.com\/new-icon.png",
                "from_url": "https:\/\/www.reddit.com\/r\/Terraform\/comments\/hlokfv\/terraform_simply_explained_for_beginners_good\/",
                "thumb_width": 256,
                "thumb_height": 256,
                "service_icon": "http:\/\/www.redditstatic.com\/desktop2x\/img\/favicon\/apple-icon-57x57.png",
                "id": 1,
                "original_url": "https:\/\/www.reddit.com\/r\/Terraform\/comments\/hlokfv\/terraform_simply_explained_for_beginners_good\/"
            },
            {
                "service_name": "YouTube",
                "service_url": "https:\/\/www.youtube.com\/",
                "title": "Terraform explained in 15 mins | Terraform Tutorial for Beginners",
                "title_link": "https:\/\/youtu.be\/l5k1ai_GBDE",
                "author_name": "TechWorld with Nana",
                "author_link": "https:\/\/www.youtube.com\/channel\/UCdngmbVKX1Tgre699-XLlUA",
                "thumb_url": "https:\/\/i.ytimg.com\/vi\/l5k1ai_GBDE\/hqdefault.jpg",
                "thumb_width": 480,
                "thumb_height": 360,
                "fallback": "YouTube Video: Terraform explained in 15 mins | Terraform Tutorial for Beginners",
                "video_html": "<iframe width=\"400\" height=\"225\" src=\"https:\/\/www.youtube.com\/embed\/l5k1ai_GBDE?feature=oembed&autoplay=1&iv_load_policy=3\" frameborder=\"0\" allow=\"accelerometer; autoplay; encrypted-media; gyroscope; picture-in-picture\" allowfullscreen><\/iframe>",
                "video_html_width": 400,
                "video_html_height": 225,
                "from_url": "https:\/\/youtu.be\/l5k1ai_GBDE",
                "service_icon": "https:\/\/a.slack-edge.com\/80588\/img\/unfurl_icons\/youtube.png",
                "id": 2,
                "original_url": "https:\/\/youtu.be\/l5k1ai_GBDE"
            }
        ],
        "edited": {
            "user": "BG3N7LG73",
            "ts": "1593964010.000000"
        }
    },
    {
        "type": "message",
        "subtype": "bot_message",
        "text": "<https:\/\/qiita.com\/mintak21\/items\/ecc8d568c2859210c0c4|[Terraform]ステートファイルを共有管理する>\n<https:\/\/qiita.com\/#%E6%A6%82%E8%A6%81>概要\n\nterraform applyを実行した際に作成されるステートファイルをクラウド上で管理する方法を記載します。\nAWS上のリソースをterraformで管理しているケースを想定しています。\n\n\n<https:\/\/qiita.com\/#%E7%AE%A1%E7%90%86%E6%96%B9%E6%B3%95>管理方法\n\napplyを実行した際の現在の結果を記録しているファイルがtfstateファイルとなります。（このファイルを見て差分を割り出してくれていますね）\nデフォルトではローカルに生成されますが、チーム開発を行っていくにあたって特定の人物のローカルにしかないと困ってしまいますね。\nそこで通常tfstateファイルは、以下のように管理します。\n\nCloud上にステートファイル管理用のバケット（ECSやGCS）を作成\nTerraform Cloudを利用\n\n&lt;a...",
        "ts": "1593968211.131000",
        "username": "Terraformタグが付けられた新着記事 - Qiita",
        "icons": {
            "image_36": "https:\/\/a.slack-edge.com\/80588\/img\/services\/rss_36.png",
            "image_48": "https:\/\/a.slack-edge.com\/80588\/img\/services\/rss_48.png",
            "image_72": "https:\/\/a.slack-edge.com\/80588\/img\/services\/rss_72.png"
        },
        "bot_id": "BG3N7LG73",
        "attachments": [
            {
                "service_name": "Qiita",
                "title": "[Terraform]ステートファイルを共有管理する - Qiita",
                "title_link": "https:\/\/qiita.com\/mintak21\/items\/ecc8d568c2859210c0c4",
                "text": "概要 terraform applyを実行した際に作成されるステートファイルをクラウド上で管理する方法を記載します。 AWS上のリソースをterraformで管理しているケースを想定しています。 管理方法 applyを実行...",
                "fallback": "Qiita: [Terraform]ステートファイルを共有管理する - Qiita",
                "image_url": "https:\/\/qiita-user-contents.imgix.net\/https%3A%2F%2Fcdn.qiita.com%2Fassets%2Fpublic%2Farticle-ogp-background-1150d8b18a7c15795b701a55ae908f94.png?ixlib=rb-1.2.2&w=1200&mark=https%3A%2F%2Fqiita-user-contents.imgix.net%2F~text%3Fixlib%3Drb-1.2.2%26w%3D840%26h%3D380%26txt%3D%255BTerraform%255D%25E3%2582%25B9%25E3%2583%2586%25E3%2583%25BC%25E3%2583%2588%25E3%2583%2595%25E3%2582%25A1%25E3%2582%25A4%25E3%2583%25AB%25E3%2582%2592%25E5%2585%25B1%25E6%259C%2589%25E7%25AE%25A1%25E7%2590%2586%25E3%2581%2599%25E3%2582%258B%26txt-color%3D%2523333%26txt-font%3DAvenir-Black%26txt-size%3D54%26txt-clip%3Dellipsis%26txt-align%3Dcenter%252Cmiddle%26s%3D5683a10210af54f102a9c20d7076252c&mark-align=center%2Cmiddle&blend=https%3A%2F%2Fqiita-user-contents.imgix.net%2F~text%3Fixlib%3Drb-1.2.2%26w%3D840%26h%3D500%26txt%3D%2540mintak21%26txt-color%3D%2523333%26txt-font%3DAvenir-Black%26txt-size%3D45%26txt-align%3Dright%252Cbottom%26s%3D31e10f1756f79c3b7e149c3132b06217&blend-align=center%2Cmiddle&blend-mode=normal&s=63557948b59cc6818be0ae4c3442fe35",
                "from_url": "https:\/\/qiita.com\/mintak21\/items\/ecc8d568c2859210c0c4",
                "image_width": 476,
                "image_height": 250,
                "image_bytes": 38742,
                "service_icon": "https:\/\/cdn.qiita.com\/assets\/favicons\/public\/apple-touch-icon-ec5ba42a24ae923f16825592efdc356f.png",
                "id": 1,
                "original_url": "https:\/\/qiita.com\/mintak21\/items\/ecc8d568c2859210c0c4"
            },
            {
                "service_name": "Qiita",
                "title": "プログラマの技術情報共有サービス - Qiita",
                "title_link": "https:\/\/qiita.com\/#%E6%A6%82%E8%A6%81",
                "text": "Qiitaは、プログラマのための技術情報共有サービスです。 プログラミングに関するTips、ノウハウ、メモを簡単に記録 &amp; 公開することができます。",
                "fallback": "Qiita: プログラマの技術情報共有サービス - Qiita",
                "thumb_url": "https:\/\/cdn.qiita.com\/assets\/qiita-fb-fe28c64039d925349e620ba55091e078.png",
                "from_url": "https:\/\/qiita.com\/#%E6%A6%82%E8%A6%81",
                "thumb_width": 1200,
                "thumb_height": 630,
                "service_icon": "https:\/\/cdn.qiita.com\/assets\/favicons\/public\/apple-touch-icon-ec5ba42a24ae923f16825592efdc356f.png",
                "id": 2,
                "original_url": "https:\/\/qiita.com\/#%E6%A6%82%E8%A6%81"
            },
            {
                "service_name": "Qiita",
                "title": "プログラマの技術情報共有サービス - Qiita",
                "title_link": "https:\/\/qiita.com\/#%E7%AE%A1%E7%90%86%E6%96%B9%E6%B3%95",
                "text": "Qiitaは、プログラマのための技術情報共有サービスです。 プログラミングに関するTips、ノウハウ、メモを簡単に記録 &amp; 公開することができます。",
                "fallback": "Qiita: プログラマの技術情報共有サービス - Qiita",
                "thumb_url": "https:\/\/cdn.qiita.com\/assets\/qiita-fb-fe28c64039d925349e620ba55091e078.png",
                "from_url": "https:\/\/qiita.com\/#%E7%AE%A1%E7%90%86%E6%96%B9%E6%B3%95",
                "thumb_width": 1200,
                "thumb_height": 630,
                "service_icon": "https:\/\/cdn.qiita.com\/assets\/favicons\/public\/apple-touch-icon-ec5ba42a24ae923f16825592efdc356f.png",
                "id": 3,
                "original_url": "https:\/\/qiita.com\/#%E7%AE%A1%E7%90%86%E6%96%B9%E6%B3%95"
            }
        ],
        "edited": {
            "user": "BG3N7LG73",
            "ts": "1593968211.000000"
        }
    },
    {
        "type": "message",
        "subtype": "bot_message",
        "text": "<https:\/\/www.reddit.com\/r\/Terraform\/comments\/hlqhzh\/terraform_tags_in_01226_changing_colours_inside\/|Terraform tags in 0.12.26 changing colours inside vs code>\nI have ran into a problem with some new terraform, this is the first time I'm using 0.12.X when I put double quotes around the Name tag in the first resource I end up with VS code changing the colour on the second block, this happens else where in my terraform files too.  What is the cause of the different colours in VS code? Is this correct terraform shown below or is there an issue I need to fix? The exact terraform version I'm using is 0.12.26 ​ resource \"aws_subnet\" \"private\" { for_each =...",
        "ts": "1593971211.131200",
        "username": "Terraform ALL the Worlds!",
        "icons": {
            "image_48": "https:\/\/s3-us-west-2.amazonaws.com\/slack-files2\/bot_icons\/2019-02-12\/548785199618_48.png"
        },
        "bot_id": "BG3N7LG73",
        "attachments": [
            {
                "service_name": "reddit",
                "title": "Terraform tags in 0.12.26 changing colours inside vs code",
                "title_link": "https:\/\/www.reddit.com\/r\/Terraform\/comments\/hlqhzh\/terraform_tags_in_01226_changing_colours_inside\/",
                "text": "I have ran into a problem with some new terraform, this is the first time I'm using 0.12.X when I put double quotes around the Name tag in the...",
                "fallback": "reddit: Terraform tags in 0.12.26 changing colours inside vs code",
                "thumb_url": "https:\/\/www.redditstatic.com\/new-icon.png",
                "from_url": "https:\/\/www.reddit.com\/r\/Terraform\/comments\/hlqhzh\/terraform_tags_in_01226_changing_colours_inside\/",
                "thumb_width": 256,
                "thumb_height": 256,
                "service_icon": "http:\/\/www.redditstatic.com\/desktop2x\/img\/favicon\/apple-icon-57x57.png",
                "id": 1,
                "original_url": "https:\/\/www.reddit.com\/r\/Terraform\/comments\/hlqhzh\/terraform_tags_in_01226_changing_colours_inside\/"
            }
        ],
        "edited": {
            "user": "BG3N7LG73",
            "ts": "1593971211.000000"
        }
    },
    {
        "type": "message",
        "subtype": "bot_message",
        "text": "<https:\/\/qiita.com\/toshi0607\/items\/e6f65d08ccc35ea4d49d|Terraform Kubernetes Providerとkindで試すNetworkPolicy>\nローカル環境のKubernetesクラスターで、NetworkPolicyを検証する話です。諸事情により、業務上Kubernetesのリソースの一部をTerraformで管理しています。そのため、NetworkPolicyの検証にもTerraformを利用しています。\n\n書いてあること\n\nNetworkPolicyの概要\nkindでNetworkPolicyを利用する方法\nNetworkPolicyをTerraformで管理する方法\nNetworkPolicyのingressのユースケース\nkindをTerraformで管理する方法\n\n書いてないこと\n\nNetworkPolicyをなぜ使うのか\n組織に導入するにあたってのラベル命名規則\n既存システムへのNetworkPolicy導入方法\nNetworkPolicyのegressのユースケース\n\n\n<https:\/\/qiita.com\/#networkpolicy%E3%81%A8%E3%81%AF>NetworkPolicyとは\n\n&lt;a...",
        "ts": "1593995814.131400",
        "username": "Terraformタグが付けられた新着記事 - Qiita",
        "icons": {
            "image_36": "https:\/\/a.slack-edge.com\/80588\/img\/services\/rss_36.png",
            "image_48": "https:\/\/a.slack-edge.com\/80588\/img\/services\/rss_48.png",
            "image_72": "https:\/\/a.slack-edge.com\/80588\/img\/services\/rss_72.png"
        },
        "bot_id": "BG3N7LG73",
        "attachments": [
            {
                "service_name": "Qiita",
                "title": "Terraform Kubernetes Providerとkindで試すNetworkPolicy - Qiita",
                "title_link": "https:\/\/qiita.com\/toshi0607\/items\/e6f65d08ccc35ea4d49d",
                "text": "ローカル環境のKubernetesクラスターで、NetworkPolicyを検証する話です。諸事情により、業務上Kubernetesのリソースの一部をTerraformで管理しています。そのため、NetworkPolicyの検証にもT...",
                "fallback": "Qiita: Terraform Kubernetes Providerとkindで試すNetworkPolicy - Qiita",
                "image_url": "https:\/\/qiita-user-contents.imgix.net\/https%3A%2F%2Fcdn.qiita.com%2Fassets%2Fpublic%2Farticle-ogp-background-1150d8b18a7c15795b701a55ae908f94.png?ixlib=rb-1.2.2&w=1200&mark=https%3A%2F%2Fqiita-user-contents.imgix.net%2F~text%3Fixlib%3Drb-1.2.2%26w%3D840%26h%3D380%26txt%3DTerraform%2520Kubernetes%2520Provider%25E3%2581%25A8kind%25E3%2581%25A7%25E8%25A9%25A6%25E3%2581%2599NetworkPolicy%26txt-color%3D%2523333%26txt-font%3DAvenir-Black%26txt-size%3D54%26txt-clip%3Dellipsis%26txt-align%3Dcenter%252Cmiddle%26s%3D12416534fbe060f533ebb9cb1c957b57&mark-align=center%2Cmiddle&blend=https%3A%2F%2Fqiita-user-contents.imgix.net%2F~text%3Fixlib%3Drb-1.2.2%26w%3D840%26h%3D500%26txt%3D%2540toshi0607%26txt-color%3D%2523333%26txt-font%3DAvenir-Black%26txt-size%3D45%26txt-align%3Dright%252Cbottom%26s%3Dc48a253fc644b3729b76a66b79939515&blend-align=center%2Cmiddle&blend-mode=normal&s=3a8142ff0c78ec18cd282ec0e85b8b05",
                "from_url": "https:\/\/qiita.com\/toshi0607\/items\/e6f65d08ccc35ea4d49d",
                "image_width": 476,
                "image_height": 250,
                "image_bytes": 44389,
                "service_icon": "https:\/\/cdn.qiita.com\/assets\/favicons\/public\/apple-touch-icon-ec5ba42a24ae923f16825592efdc356f.png",
                "id": 1,
                "original_url": "https:\/\/qiita.com\/toshi0607\/items\/e6f65d08ccc35ea4d49d"
            },
            {
                "service_name": "Qiita",
                "title": "プログラマの技術情報共有サービス - Qiita",
                "title_link": "https:\/\/qiita.com\/#networkpolicy%E3%81%A8%E3%81%AF",
                "text": "Qiitaは、プログラマのための技術情報共有サービスです。 プログラミングに関するTips、ノウハウ、メモを簡単に記録 &amp; 公開することができます。",
                "fallback": "Qiita: プログラマの技術情報共有サービス - Qiita",
                "thumb_url": "https:\/\/cdn.qiita.com\/assets\/qiita-fb-fe28c64039d925349e620ba55091e078.png",
                "from_url": "https:\/\/qiita.com\/#networkpolicy%E3%81%A8%E3%81%AF",
                "thumb_width": 1200,
                "thumb_height": 630,
                "service_icon": "https:\/\/cdn.qiita.com\/assets\/favicons\/public\/apple-touch-icon-ec5ba42a24ae923f16825592efdc356f.png",
                "id": 2,
                "original_url": "https:\/\/qiita.com\/#networkpolicy%E3%81%A8%E3%81%AF"
            }
        ],
        "edited": {
            "user": "BG3N7LG73",
            "ts": "1593995815.000000"
        }
    },
    {
        "type": "message",
        "subtype": "bot_message",
        "text": "<https:\/\/www.reddit.com\/r\/Terraform\/comments\/hm0edj\/k8_deployment_with_rke\/|K8 deployment with RKE>\nI am in middle of a K8 deployment to an on prem datacenter running vsphere. I am using Terraform and RKE to try and spin up and provision this cluster in one go. I can get the cluster up with a few issues and I was wondering if anyone has run into any of these because I am stuck. Issue 1. The vm's spin up without issue but I get an inconsistent plan message and have to plan\/apply to get the cluster up. I get this error:  &lt;a...",
        "ts": "1594007210.131600",
        "username": "Terraform ALL the Worlds!",
        "icons": {
            "image_48": "https:\/\/s3-us-west-2.amazonaws.com\/slack-files2\/bot_icons\/2019-02-12\/548785199618_48.png"
        },
        "bot_id": "BG3N7LG73",
        "attachments": [
            {
                "service_name": "reddit",
                "title": "K8 deployment with RKE",
                "title_link": "https:\/\/www.reddit.com\/r\/Terraform\/comments\/hm0edj\/k8_deployment_with_rke\/",
                "text": "Posted in r\/Terraform by u\/checkoutmydiction • 1 point and 0 comments",
                "fallback": "reddit: K8 deployment with RKE",
                "from_url": "https:\/\/www.reddit.com\/r\/Terraform\/comments\/hm0edj\/k8_deployment_with_rke\/",
                "thumb_url": "https:\/\/external-preview.redd.it\/pillyc5or5951.png?overlay-align=bottom,left&crop=676:175,smart&overlay-height=15p&overlay=%2Fwatermark%2Ft5_2u8e4.png%3Fs%3Dbfb326ca8735739e33a60abaf9a7c73bcb4a2134&width=676&height=175&auto=webp&s=4aa355cd0fcb7bb60da71a72d52ffeaa14f3ce37",
                "thumb_width": 130,
                "thumb_height": 60,
                "service_icon": "http:\/\/www.redditstatic.com\/desktop2x\/img\/favicon\/apple-icon-57x57.png",
                "id": 1,
                "original_url": "https:\/\/www.reddit.com\/r\/Terraform\/comments\/hm0edj\/k8_deployment_with_rke\/"
            }
        ],
        "edited": {
            "user": "BG3N7LG73",
            "ts": "1594007210.000000"
        }
    }
]