[
    {
        "type": "message",
        "subtype": "bot_message",
        "text": "",
        "ts": "1580817358.004600",
        "bot_id": "BG2UDF0NA",
        "attachments": [
            {
                "fallback": "terraform-providers\/terraform-provider-azurerm on GitHub\nv1.43.0",
                "text": "`v1.43.0`",
                "title": "terraform-providers\/terraform-provider-azurerm on GitHub",
                "id": 1,
                "title_link": "https:\/\/newreleases.io\/github\/terraform-providers\/terraform-provider-azurerm",
                "mrkdwn_in": [
                    "text"
                ]
            }
        ]
    },
    {
        "type": "message",
        "subtype": "bot_message",
        "text": "",
        "ts": "1580818843.004700",
        "bot_id": "BG2UDF0NA",
        "attachments": [
            {
                "fallback": "terraform-providers\/terraform-provider-azurerm on GitHub\nv1.43.0v1.43.0 updated\nrelease note: <https:\/\/newreleases.io\/github\/terraform-providers\/terraform-provider-azurerm?version=v1.43.0>",
                "text": "*v1.43.0* `v1.43.0` _updated_\n```\nNOTES\n\n* *Opt-In Beta:* Version 1.43 of the Azure Provider introduces an opt-in Beta for some of the new functionality coming in 2.0 - more information can be found in the Beta guide ( <https:\/\/terraform.io\/docs\/providers\/azurerm\/guides\/2.0-beta.html> ).\n\n* *Terraform 0. 10 ⁄ 0.11:* The upcoming version 2.0 of the Azure Provider will not support Terraform 0.10.x &amp; Terraform 0.11.x - you will need to upgrade to Terraform 0.12 to use version 2.0 (and above) of the Azure Provider.\n\nFEATURES:\n\n* *New Data Source:* azurerm_eventhub_namespace_authorization_rule ( #5489 ( <https:\/\/github.com\/terraform-providers\/terraform-provider-azurerm\/issues\/5489> ) )\n\n* *New Data Source:* azurerm_mariadb_server ( #5506 ( <https:\/\/github.com\/terraform-providers\/terraform-provider-azurerm\/issues\/5506> ) )\n\nIMPROVEMENTS:\n\n* azurerm_application_insights - support for the daily_data_cap_in_gb &amp; daily_data_cap_notifications_disabled properties ( #5480 ( <https:\/\/github.com\/terraform-providers\/terraform-provider-azurerm\/issues\/5480> ) )\n\n* azurerm_private_endpoint - expose mapping between group_id and subresource_names ( #5571 ( <https:\/\/github.com\/terraform-providers\/terraform-provider-azurerm\/issues\/5571> ) )\n\n* azurerm_recovery_services_vault - support for the soft_delete_enabled property ( #5586 ( <https:\/\/github.com\/terraform-providers\/terraform-provider-azurerm\/issues\/5586> ) )\n\nBUGS:\n\n* azurerm_databricks_workspace - allow underscores in name ( #5548 ( <https:\/\/github.com\/terraform-providers\/terraform-provider-azurerm\/issues\/5548> ) )\n\n* azurerm_dns_aaaa_record - normalize IPv6 addresses ( #5459 ( <https:\/\/github.com\/terraform-providers\/terraform-provider-azurerm\/issues\/5459> ) )\n\n* azurerm_frontdoor - including required minimum_tls_version to the custom_https_configuration block ( #5539 ( <https:\/\/github.com\/terraform-providers\/terraform-provider-azurerm\/issues\/5539> ) )\n\n* azurerm_managed_disk - correctly handles disk resizing when attached to a virtual machine ( #5579 ( <https:\/\/github.com\/terraform-providers\/terraform-provider-azurerm\/issues\/5579> ) )\n\n* azurerm_marketplace_agreement - recreate agreement if not accepted ( #5582 ( <https:\/\/github.com\/terraform-providers\/terraform-provider-azurerm\/issues\/5582> ) )\n\n* azurerm_mysql_virtual_network_rule - allow subnet_id to be in a different subscription then the database ( #5568 ( <https:\/\/github.com\/terraform-providers\/terraform-provider-azurerm\/issues\/5568> ) )\n\n* azurerm_virtual_network_gateway_connection - increase routing_weight maximum to 32000 ( #5540 ( <https:\/\/github.com\/terraform-providers\/terraform-provider-azurerm\/issues\/5540> ) )\n```\n<https:\/\/newreleases.io\/github\/terraform-providers\/terraform-provider-azurerm?version=v1.43.0|release note...>",
                "title": "terraform-providers\/terraform-provider-azurerm on GitHub",
                "id": 1,
                "title_link": "https:\/\/newreleases.io\/github\/terraform-providers\/terraform-provider-azurerm",
                "mrkdwn_in": [
                    "text"
                ]
            }
        ]
    }
]