[
    {
        "type": "message",
        "subtype": "bot_message",
        "text": "",
        "ts": "1582899144.000700",
        "bot_id": "BG2UDF0NA",
        "attachments": [
            {
                "fallback": "terraform-providers\/terraform-provider-aws on GitHub\nv2.51.0",
                "text": "`v2.51.0`",
                "title": "terraform-providers\/terraform-provider-aws on GitHub",
                "id": 1,
                "title_link": "https:\/\/newreleases.io\/github\/terraform-providers\/terraform-provider-aws",
                "mrkdwn_in": [
                    "text"
                ]
            }
        ]
    },
    {
        "type": "message",
        "subtype": "bot_message",
        "text": "",
        "ts": "1582900658.000800",
        "bot_id": "BG2UDF0NA",
        "attachments": [
            {
                "fallback": "terraform-providers\/terraform-provider-aws on GitHub\nv2.51.0v2.51.0 updated\nrelease note: <https:\/\/newreleases.io\/github\/terraform-providers\/terraform-provider-aws?version=v2.51.0>",
                "text": "*v2.51.0* `v2.51.0` _updated_\n```\nFEATURES:\n\n* *New Data Source:* aws_sfn_activity ( #11080 ( <https:\/\/github.com\/terraform-providers\/terraform-provider-aws\/issues\/11080> ) )\n\n* *New Data Source:* aws_sfn_state_machine ( #10932 ( <https:\/\/github.com\/terraform-providers\/terraform-provider-aws\/issues\/10932> ) )\n\n* *New Resource:* aws_ec2_traffic_mirror_filter ( #9372 ( <https:\/\/github.com\/terraform-providers\/terraform-provider-aws\/issues\/9372> ) )\n\n* *New Resource:* aws_ec2_traffic_mirror_filter_rule ( #9372 ( <https:\/\/github.com\/terraform-providers\/terraform-provider-aws\/issues\/9372> ) )\n\n* *New Resource:* aws_ec2_traffic_mirror_session ( #9372 ( <https:\/\/github.com\/terraform-providers\/terraform-provider-aws\/issues\/9372> ) )\n\n* *New Resource:* aws_ec2_traffic_mirror_target ( #9372 ( <https:\/\/github.com\/terraform-providers\/terraform-provider-aws\/issues\/9372> ) )\n\n* *New Resource:* aws_s3_access_point ( #11276 ( <https:\/\/github.com\/terraform-providers\/terraform-provider-aws\/issues\/11276> ) )\n\nENHANCEMENTS:\n\n* data-source\/aws_lambda_layer_version: Support plan-time validation for compatible_runtime argument ruby2.7 value ( #12116 ( <https:\/\/github.com\/terraform-providers\/terraform-provider-aws\/issues\/12116> ) )\n\n* resource\/aws_dx_hosted_private_virtual_interface: Add amazon_side_asn attribute ( #11415 ( <https:\/\/github.com\/terraform-providers\/terraform-provider-aws\/issues\/11415> ) )\n\n* resource\/aws_dx_hosted_public_virtual_interface: Add amazon_side_asn attribute ( #11415 ( <https:\/\/github.com\/terraform-providers\/terraform-provider-aws\/issues\/11415> ) )\n\n* resource\/aws_dx_hosted_transit_virtual_interface: Add amazon_side_asn attribute ( #11415 ( <https:\/\/github.com\/terraform-providers\/terraform-provider-aws\/issues\/11415> ) )\n\n* resource\/aws_dx_private_virtual_interface: Add amazon_side_asn attribute ( #11415 ( <https:\/\/github.com\/terraform-providers\/terraform-provider-aws\/issues\/11415> ) )\n\n* resource\/aws_dx_public_virtual_interface: Add amazon_side_asn attribute ( #11415 ( <https:\/\/github.com\/terraform-providers\/terraform-provider-aws\/issues\/11415> ) )\n\n* resource\/aws_dx_transit_virtual_interface: Add amazon_side_asn attribute ( #11415 ( <https:\/\/github.com\/terraform-providers\/terraform-provider-aws\/issues\/11415> ) )\n\n* resource\/aws_glub_job: Add notification_property configuration block ( #12115 ( <https:\/\/github.com\/terraform-providers\/terraform-provider-aws\/issues\/12115> ) )\n\n* resource\/aws_lambda_event_source_mapping: Add bisect_batch_on_function_error , maximum_record_age_in_seconds , maximum_retry_attempts , and parallelization_factor arguments ( #11100 ( <https:\/\/github.com\/terraform-providers\/terraform-provider-aws\/issues\/11100> ) )\n\n* resource\/aws_lambda_event_source_mapping: Add destination_config configuration block ( #11100 ( <https:\/\/github.com\/terraform-providers\/terraform-provider-aws\/issues\/11100> ) )\n\n* resource\/aws_lambda_function: Support plan-time validation for runtime argument ruby2.7 value ( #12116 ( <https:\/\/github.com\/terraform-providers\/terraform-provider-aws\/issues\/12116> ) )\n\n* resource\/aws_lambda_layer_version: Support plan-time validation for compatible_runtimes argument ruby2.7 value ( #12116 ( <https:\/\/github.com\/terraform-providers\/terraform-provider-aws\/issues\/12116> ) )\n\n* resource\/aws_msk_cluster: Support in-place updates to enhanced_monitoring and number_of_broker_nodes arguments ( #11451 ( <https:\/\/github.com\/terraform-providers\/terraform-provider-aws\/issues\/11451> ) )\n\n* resource\/aws_msk_cluster: Add open_monitoring configuration block (support Prometheus monitoring configuration) ( #11451 ( <https:\/\/github.com\/terraform-providers\/terraform-provider-aws\/issues\/11451> ) )\n\nBUG FIXES:\n\n* resource\/aws_workspaces_directory: Prevent panic and remove resource from Terraform state if removed outside Terraform ( #11837 ( <https:\/\/github.com\/terraform-providers\/terraform-provider-aws\/issues\/11837> ) )\n```\n<https:\/\/newreleases.io\/github\/terraform-providers\/terraform-provider-aws?version=v2.51.0|release note...>",
                "title": "terraform-providers\/terraform-provider-aws on GitHub",
                "id": 1,
                "title_link": "https:\/\/newreleases.io\/github\/terraform-providers\/terraform-provider-aws",
                "mrkdwn_in": [
                    "text"
                ]
            }
        ]
    },
    {
        "type": "message",
        "subtype": "bot_message",
        "text": "",
        "ts": "1582924919.000900",
        "bot_id": "BG2UDF0NA",
        "attachments": [
            {
                "fallback": "terraform-providers\/terraform-provider-kubernetes on GitHub\nv1.11.1",
                "text": "`v1.11.1`",
                "title": "terraform-providers\/terraform-provider-kubernetes on GitHub",
                "id": 1,
                "title_link": "https:\/\/newreleases.io\/github\/terraform-providers\/terraform-provider-kubernetes",
                "mrkdwn_in": [
                    "text"
                ]
            }
        ]
    }
]