[
    {
        "client_msg_id": "d51eaff9-a344-4e6a-882f-c91588fb0b47",
        "type": "message",
        "text": "スライド大枠作った 6割ぐらい。あとはちまちま増やしていこ。。。",
        "user": "UG46Z57TN",
        "ts": "1563741101.000600",
        "team": "TFU0BKCQP",
        "user_team": "TFU0BKCQP",
        "source_team": "TFU0BKCQP",
        "user_profile": {
            "avatar_hash": "c6bdd4cb17db",
            "image_72": "https:\/\/avatars.slack-edge.com\/2019-07-05\/685991185957_c6bdd4cb17db956661a1_72.jpg",
            "first_name": "Takeshi",
            "real_name": "Takeshi Kondo",
            "display_name": "chaspy",
            "team": "TFU0BKCQP",
            "name": "take.she12",
            "is_restricted": false,
            "is_ultra_restricted": false
        },
        "reactions": [
            {
                "name": "wakaru",
                "users": [
                    "UFTKSQ25T"
                ],
                "count": 1
            }
        ]
    },
    {
        "client_msg_id": "1ad65da1-65c9-4a92-a884-199562a32832",
        "type": "message",
        "text": "アンケートフォーム作った。取りたいアンケートがあれば要相談で。\n<https:\/\/forms.gle\/YwUJbEsLDifcgJBv5>",
        "user": "UFU0BKD8F",
        "ts": "1563761663.001400",
        "team": "TFU0BKCQP",
        "user_team": "TFU0BKCQP",
        "source_team": "TFU0BKCQP",
        "user_profile": {
            "avatar_hash": "92c41c62c7b0",
            "image_72": "https:\/\/avatars.slack-edge.com\/2019-01-30\/537137791812_92c41c62c7b0f054d3dd_72.jpg",
            "first_name": "らき",
            "real_name": "らき",
            "display_name": "raki",
            "team": "TFU0BKCQP",
            "name": "nishimuray",
            "is_restricted": false,
            "is_ultra_restricted": false
        },
        "edited": {
            "user": "UFU0BKD8F",
            "ts": "1563761675.000000"
        },
        "reactions": [
            {
                "name": "tada",
                "users": [
                    "UFTKSQ25T"
                ],
                "count": 1
            }
        ]
    }
]