[
    {
        "client_msg_id": "2BA127D2-942A-48EE-9986-E2150CA520A5",
        "type": "message",
        "text": "v013チャンネルの機運",
        "user": "UGY5WMTHR",
        "ts": "1584509471.000700",
        "team": "TFU0BKCQP",
        "user_team": "TFU0BKCQP",
        "source_team": "TFU0BKCQP",
        "user_profile": {
            "avatar_hash": "gd22fcf5773b",
            "image_72": "https:\/\/secure.gravatar.com\/avatar\/ad22fcf5773b906c08330f4d57242212.jpg?s=72&d=https%3A%2F%2Fa.slack-edge.com%2Fdf10d%2Fimg%2Favatars%2Fava_0021-72.png",
            "first_name": "",
            "real_name": "inductor",
            "display_name": "inductor",
            "team": "TFU0BKCQP",
            "name": "kela",
            "is_restricted": false,
            "is_ultra_restricted": false
        },
        "blocks": [
            {
                "type": "rich_text",
                "block_id": "ATQI",
                "elements": [
                    {
                        "type": "rich_text_section",
                        "elements": [
                            {
                                "type": "text",
                                "text": "v013チャンネルの機運"
                            }
                        ]
                    }
                ]
            }
        ]
    },
    {
        "client_msg_id": "21960015-aa90-449b-b8ae-2a2725eed90b",
        "type": "message",
        "text": "作ってよかったんやでｗ <#C010A017338|v013>",
        "user": "UFU0BKD8F",
        "ts": "1584509563.001000",
        "team": "TFU0BKCQP",
        "user_team": "TFU0BKCQP",
        "source_team": "TFU0BKCQP",
        "user_profile": {
            "avatar_hash": "92c41c62c7b0",
            "image_72": "https:\/\/avatars.slack-edge.com\/2019-01-30\/537137791812_92c41c62c7b0f054d3dd_72.jpg",
            "first_name": "らき",
            "real_name": "らき",
            "display_name": "raki",
            "team": "TFU0BKCQP",
            "name": "nishimuray",
            "is_restricted": false,
            "is_ultra_restricted": false
        },
        "blocks": [
            {
                "type": "rich_text",
                "block_id": "ICcuM",
                "elements": [
                    {
                        "type": "rich_text_section",
                        "elements": [
                            {
                                "type": "text",
                                "text": "作ってよかったんやでｗ "
                            },
                            {
                                "type": "channel",
                                "channel_id": "C010A017338"
                            }
                        ]
                    }
                ]
            }
        ]
    },
    {
        "client_msg_id": "e4663a9a-cd34-448b-99f0-4f91d96dfd96",
        "type": "message",
        "text": "でもたぶん近日中に v0.12.24 が出る気がしないこともない。。。",
        "user": "UFU0BKD8F",
        "ts": "1584509644.001600",
        "team": "TFU0BKCQP",
        "user_team": "TFU0BKCQP",
        "source_team": "TFU0BKCQP",
        "user_profile": {
            "avatar_hash": "92c41c62c7b0",
            "image_72": "https:\/\/avatars.slack-edge.com\/2019-01-30\/537137791812_92c41c62c7b0f054d3dd_72.jpg",
            "first_name": "らき",
            "real_name": "らき",
            "display_name": "raki",
            "team": "TFU0BKCQP",
            "name": "nishimuray",
            "is_restricted": false,
            "is_ultra_restricted": false
        },
        "blocks": [
            {
                "type": "rich_text",
                "block_id": "rA9tA",
                "elements": [
                    {
                        "type": "rich_text_section",
                        "elements": [
                            {
                                "type": "text",
                                "text": "でもたぶん近日中に v0.12.24 が出る気がしないこともない。。。"
                            }
                        ]
                    }
                ]
            }
        ]
    }
]