[
    {
        "type": "message",
        "subtype": "bot_message",
        "text": "",
        "ts": "1659731103.681669",
        "bot_id": "B01D39EAGTT",
        "attachments": [
            {
                "id": 1,
                "fallback": "hashicorp\/boundary on GitHub\nsdk\/v0.0.18 \n\napi\/v0.0.27",
                "text": "`sdk\/v0.0.18` \n\n`api\/v0.0.27`",
                "title": "hashicorp\/boundary on GitHub",
                "title_link": "https:\/\/newreleases.io\/github\/hashicorp\/boundary",
                "mrkdwn_in": [
                    "text"
                ]
            }
        ]
    },
    {
        "type": "message",
        "subtype": "bot_message",
        "text": "",
        "ts": "1659740173.536469",
        "bot_id": "B01D39EAGTT",
        "attachments": [
            {
                "id": 1,
                "fallback": "hashicorp\/vagrant on GitHub\nv2.3.0",
                "text": "`v2.3.0`",
                "title": "hashicorp\/vagrant on GitHub",
                "title_link": "https:\/\/newreleases.io\/github\/hashicorp\/vagrant",
                "mrkdwn_in": [
                    "text"
                ]
            }
        ]
    },
    {
        "type": "message",
        "subtype": "bot_message",
        "text": "",
        "ts": "1659746142.186859",
        "bot_id": "B01D39EAGTT",
        "attachments": [
            {
                "id": 1,
                "fallback": "hashicorp\/packer on GitHub\nnightly updated",
                "text": "`nightly` _updated_",
                "title": "hashicorp\/packer on GitHub",
                "title_link": "https:\/\/newreleases.io\/github\/hashicorp\/packer",
                "mrkdwn_in": [
                    "text"
                ]
            }
        ]
    }
]