[
    {
        "type": "message",
        "subtype": "bot_message",
        "text": "",
        "ts": "1660750647.193099",
        "bot_id": "B01D39EAGTT",
        "attachments": [
            {
                "id": 1,
                "fallback": "hashicorp\/terraform on GitHub\nv1.3.0-alpha20220817",
                "text": "`v1.3.0-alpha20220817`",
                "title": "hashicorp\/terraform on GitHub",
                "title_link": "https:\/\/newreleases.io\/github\/hashicorp\/terraform",
                "mrkdwn_in": [
                    "text"
                ]
            }
        ]
    },
    {
        "type": "message",
        "subtype": "bot_message",
        "text": "",
        "ts": "1660751167.347669",
        "bot_id": "B01D39EAGTT",
        "attachments": [
            {
                "id": 1,
                "fallback": "hashicorp\/terraform on GitHub\nv1.3.0-alpha20220817 pre-release, updated\nrelease note: <https:\/\/newreleases.io\/github\/hashicorp\/terraform?version=v1.3.0-alpha20220817>",
                "text": "`v1.3.0-alpha20220817` _pre-release_, _updated_\n<https:\/\/newreleases.io\/github\/hashicorp\/terraform?version=v1.3.0-alpha20220817|release note...>",
                "title": "hashicorp\/terraform on GitHub",
                "title_link": "https:\/\/newreleases.io\/github\/hashicorp\/terraform",
                "mrkdwn_in": [
                    "text"
                ]
            }
        ]
    }
]