[
    {
        "client_msg_id": "1a356e01-b9bf-4282-8a5a-ba6859307032",
        "type": "message",
        "text": "はじめまして、徳山と申します。Terraformを本日から触り始めた超初心者です。\nTwitterでterraform-jpさんをお見かけしまして、そちらでこちらも見かけてjoinさせて頂きました。\nよろしくお願い致します:man-bowing:",
        "user": "UMVGSCQNS",
        "ts": "1567013997.003200",
        "team": "TFU0BKCQP",
        "user_team": "TFU0BKCQP",
        "source_team": "TFU0BKCQP",
        "user_profile": {
            "avatar_hash": "g47d9d1703b7",
            "image_72": "https:\/\/secure.gravatar.com\/avatar\/847d9d1703b7d9b9c73259ab58bc7753.jpg?s=72&d=https%3A%2F%2Fa.slack-edge.com%2Fdf10d%2Fimg%2Favatars%2Fava_0018-72.png",
            "first_name": "tokuyama",
            "real_name": "tokuyama",
            "display_name": "helopelo",
            "team": "TFU0BKCQP",
            "name": "tokuyama.hiroshi",
            "is_restricted": false,
            "is_ultra_restricted": false
        },
        "edited": {
            "user": "UMVGSCQNS",
            "ts": "1567042648.000000"
        },
        "reactions": [
            {
                "name": "よろしく",
                "users": [
                    "UFU0BKD8F",
                    "UKAKENQAF",
                    "UHS4SFFA7",
                    "UFTKSQ25T",
                    "UFUP9BGES",
                    "UMF9KBT09",
                    "UN54FJ396"
                ],
                "count": 7
            },
            {
                "name": "beers",
                "users": [
                    "UGY9BJ1NF",
                    "UN54FJ396"
                ],
                "count": 2
            }
        ]
    }
]