[
    {
        "type": "message",
        "subtype": "bot_message",
        "text": "<https:\/\/www.reddit.com\/r\/Terraform\/comments\/ei4x37\/confused_on_how_to_reuse_terraform_scripts\/|confused on how to reuse terraform scripts>\nI use terraform for azure and I'm confused on how to re-use the script. If I want to run it twice for another vm, I need to go change the name of everything right? Otherwise it will get an error? Do I only need to change the options of the VM?  I'm trying to figure out how to set up multiple VM's but all the examples I see online are different in the way they use loops\/variables, so I figure I will just reuse the script for each one and change the options    submitted by   &lt;a...",
        "ts": "1577809615.011800",
        "username": "Terraform ALL the Worlds!",
        "icons": {
            "image_48": "https:\/\/s3-us-west-2.amazonaws.com\/slack-files2\/bot_icons\/2019-02-12\/548785199618_48.png"
        },
        "bot_id": "BG3N7LG73",
        "attachments": [
            {
                "service_name": "reddit",
                "title": "confused on how to reuse terraform scripts",
                "title_link": "https:\/\/www.reddit.com\/r\/Terraform\/comments\/ei4x37\/confused_on_how_to_reuse_terraform_scripts\/",
                "text": "I use terraform for azure and I'm confused on how to re-use the script. If I want to run it twice for another vm, I need to go change the name of...",
                "fallback": "reddit: confused on how to reuse terraform scripts",
                "thumb_url": "https:\/\/www.redditstatic.com\/new-icon.png",
                "from_url": "https:\/\/www.reddit.com\/r\/Terraform\/comments\/ei4x37\/confused_on_how_to_reuse_terraform_scripts\/",
                "thumb_width": 256,
                "thumb_height": 256,
                "service_icon": "http:\/\/www.redditstatic.com\/desktop2x\/img\/favicon\/apple-icon-57x57.png",
                "id": 1,
                "original_url": "https:\/\/www.reddit.com\/r\/Terraform\/comments\/ei4x37\/confused_on_how_to_reuse_terraform_scripts\/"
            }
        ]
    },
    {
        "type": "message",
        "subtype": "bot_message",
        "text": "<https:\/\/www.reddit.com\/r\/Terraform\/comments\/ei562f\/terraform_for_enclosed_network\/|Terraform for enclosed network>\nHi all, I am totally new to terraform. And i would like to find out if terraform would be useful for closed on prem network? From what I read, it seems to be more useful for cloud environments. However due to our hush security policy, there is no plan to move to cloud in near future. We are quite vmware heavy and also running some kubernetes on prem. Knowing that terraform have vsphere and kubernetes as providers, will introducing terraform further help in modernising on prem O&amp;S workflow?...",
        "ts": "1577810818.012000",
        "username": "Terraform ALL the Worlds!",
        "icons": {
            "image_48": "https:\/\/s3-us-west-2.amazonaws.com\/slack-files2\/bot_icons\/2019-02-12\/548785199618_48.png"
        },
        "bot_id": "BG3N7LG73",
        "attachments": [
            {
                "service_name": "reddit",
                "title": "Terraform for enclosed network",
                "title_link": "https:\/\/www.reddit.com\/r\/Terraform\/comments\/ei562f\/terraform_for_enclosed_network\/",
                "text": "Hi all, I am totally new to terraform. And i would like to find out if terraform would be useful for closed on prem network? From what I read, it...",
                "fallback": "reddit: Terraform for enclosed network",
                "thumb_url": "https:\/\/www.redditstatic.com\/new-icon.png",
                "from_url": "https:\/\/www.reddit.com\/r\/Terraform\/comments\/ei562f\/terraform_for_enclosed_network\/",
                "thumb_width": 256,
                "thumb_height": 256,
                "service_icon": "http:\/\/www.redditstatic.com\/desktop2x\/img\/favicon\/apple-icon-57x57.png",
                "id": 1,
                "original_url": "https:\/\/www.reddit.com\/r\/Terraform\/comments\/ei562f\/terraform_for_enclosed_network\/"
            }
        ]
    }
]