[
    {
        "type": "message",
        "subtype": "bot_message",
        "text": "<https:\/\/www.reddit.com\/r\/Terraform\/comments\/ejxmky\/futureproofing_workspacetfvars_setup\/|Futureproofing workspace\/tfvars setup>\nMy company has a few \"labels\" (ten or so), that all share the exact same setup - there are differences like number\/type of instances in autoscaling groups, SSL certificates' ARNs etc, but the infrastructure in play is exactly the same. Of course, I need to have a production and a staging environment for all of them, so there's a couple dozen combinations. The freelance devops that we hired to set it up decided to go with a separate workspace and .tfvars file for each of the combinations...",
        "ts": "1578150420.014000",
        "username": "Terraform ALL the Worlds!",
        "icons": {
            "image_48": "https:\/\/s3-us-west-2.amazonaws.com\/slack-files2\/bot_icons\/2019-02-12\/548785199618_48.png"
        },
        "bot_id": "BG3N7LG73",
        "attachments": [
            {
                "service_name": "reddit",
                "title": "Futureproofing workspace\/tfvars setup",
                "title_link": "https:\/\/www.reddit.com\/r\/Terraform\/comments\/ejxmky\/futureproofing_workspacetfvars_setup\/",
                "text": "My company has a few \"labels\" (ten or so), that all share the exact same setup - there are differences like number\/type of instances in...",
                "fallback": "reddit: Futureproofing workspace\/tfvars setup",
                "thumb_url": "https:\/\/www.redditstatic.com\/new-icon.png",
                "from_url": "https:\/\/www.reddit.com\/r\/Terraform\/comments\/ejxmky\/futureproofing_workspacetfvars_setup\/",
                "thumb_width": 256,
                "thumb_height": 256,
                "service_icon": "http:\/\/www.redditstatic.com\/desktop2x\/img\/favicon\/apple-icon-57x57.png",
                "id": 1,
                "original_url": "https:\/\/www.reddit.com\/r\/Terraform\/comments\/ejxmky\/futureproofing_workspacetfvars_setup\/"
            }
        ]
    },
    {
        "type": "message",
        "subtype": "bot_message",
        "text": "<https:\/\/qiita.com\/yokohama4580\/items\/9a6f9a9e2ab954a65e5f|AWS Batchのススメ>\n<https:\/\/qiita.com\/#%E3%81%AF%E3%81%98%E3%82%81%E3%81%AB>はじめに\n\n業務でAWS Batchを使い出してから1年ほど経ったので、使用方法や利点などをまとめてみました。\n業務といっても小さい組織で我流で運用しているのみなので、もし間違い等気づかれた場合は適宜ご指摘いただけると幸いですm(_ _)m\n\n\n<https:\/\/qiita.com\/#aws-batch%E3%81%A8%E3%81%AF>AWS Batchとは\n\nAWSが提供するフルマネージドなコンテナ実行環境。EC2やECSを使用するより手軽にコンテナ実行環境を確保できる。\n<https:\/\/aws.amazon.com\/jp\/batch\/|公式ページはこちら>\n\n<https:\/\/qiita.com\/#%E7%89%B9%E5%BE%B4>特徴...",
        "ts": "1578184612.014200",
        "username": "Terraformタグが付けられた新着記事 - Qiita",
        "icons": {
            "image_36": "https:\/\/a.slack-edge.com\/80588\/img\/services\/rss_36.png",
            "image_48": "https:\/\/a.slack-edge.com\/80588\/img\/services\/rss_48.png",
            "image_72": "https:\/\/a.slack-edge.com\/80588\/img\/services\/rss_72.png"
        },
        "bot_id": "BG3N7LG73",
        "attachments": [
            {
                "service_name": "Qiita",
                "title": "AWS Batchのススメ - Qiita",
                "title_link": "https:\/\/qiita.com\/yokohama4580\/items\/9a6f9a9e2ab954a65e5f",
                "text": "# はじめに 業務でAWS Batchを使い出してから1年ほど経ったので、使用方法や利点などをまとめてみました。 業務といっても小さい組織で我流で運用しているのみなので、もし間違い等気づかれた場合は適宜ご指摘いただけると幸いですm(_...",
                "fallback": "Qiita: AWS Batchのススメ - Qiita",
                "image_url": "https:\/\/qiita-user-contents.imgix.net\/https%3A%2F%2Fcdn.qiita.com%2Fassets%2Fpublic%2Fogp-background-1150d8b18a7c15795b701a55ae908f94.png?ixlib=rb-1.2.2&w=1200&mark=https%3A%2F%2Fqiita-user-contents.imgix.net%2F~text%3Fixlib%3Drb-1.2.2%26w%3D840%26h%3D380%26txt%3DAWS%2520Batch%25E3%2581%25AE%25E3%2582%25B9%25E3%2582%25B9%25E3%2583%25A1%26txt-color%3D%2523333%26txt-font%3DAvenir-Black%26txt-size%3D54%26txt-clip%3Dellipsis%26txt-align%3Dcenter%252Cmiddle%26s%3D0633233d0ca770c8b543743436cf41e4&mark-align=center%2Cmiddle&blend=https%3A%2F%2Fqiita-user-contents.imgix.net%2F~text%3Fixlib%3Drb-1.2.2%26w%3D840%26h%3D500%26txt%3D%2540yokohama4580%26txt-color%3D%2523333%26txt-font%3DAvenir-Black%26txt-size%3D45%26txt-align%3Dright%252Cbottom%26s%3D26ecae2652cb02d80d42b9d7eb759715&blend-align=center%2Cmiddle&blend-mode=normal&s=49b254f6a7b579544df06eab2e5048c0",
                "from_url": "https:\/\/qiita.com\/yokohama4580\/items\/9a6f9a9e2ab954a65e5f",
                "image_width": 476,
                "image_height": 250,
                "image_bytes": 34126,
                "service_icon": "https:\/\/cdn.qiita.com\/assets\/favicons\/public\/apple-touch-icon-ec5ba42a24ae923f16825592efdc356f.png",
                "id": 1,
                "original_url": "https:\/\/qiita.com\/yokohama4580\/items\/9a6f9a9e2ab954a65e5f"
            },
            {
                "service_name": "Qiita",
                "title": "プログラマの技術情報共有サービス - Qiita",
                "title_link": "https:\/\/qiita.com\/#%E3%81%AF%E3%81%98%E3%82%81%E3%81%AB",
                "text": "Qiitaは、プログラマのための技術情報共有サービスです。 プログラミングに関するTips、ノウハウ、メモを簡単に記録 &amp; 公開することができます。",
                "fallback": "Qiita: プログラマの技術情報共有サービス - Qiita",
                "thumb_url": "https:\/\/cdn.qiita.com\/assets\/qiita-fb-fe28c64039d925349e620ba55091e078.png",
                "from_url": "https:\/\/qiita.com\/#%E3%81%AF%E3%81%98%E3%82%81%E3%81%AB",
                "thumb_width": 1200,
                "thumb_height": 630,
                "service_icon": "https:\/\/cdn.qiita.com\/assets\/favicons\/public\/apple-touch-icon-ec5ba42a24ae923f16825592efdc356f.png",
                "id": 2,
                "original_url": "https:\/\/qiita.com\/#%E3%81%AF%E3%81%98%E3%82%81%E3%81%AB"
            },
            {
                "service_name": "Qiita",
                "title": "プログラマの技術情報共有サービス - Qiita",
                "title_link": "https:\/\/qiita.com\/#aws-batch%E3%81%A8%E3%81%AF",
                "text": "Qiitaは、プログラマのための技術情報共有サービスです。 プログラミングに関するTips、ノウハウ、メモを簡単に記録 &amp; 公開することができます。",
                "fallback": "Qiita: プログラマの技術情報共有サービス - Qiita",
                "thumb_url": "https:\/\/cdn.qiita.com\/assets\/qiita-fb-fe28c64039d925349e620ba55091e078.png",
                "from_url": "https:\/\/qiita.com\/#aws-batch%E3%81%A8%E3%81%AF",
                "thumb_width": 1200,
                "thumb_height": 630,
                "service_icon": "https:\/\/cdn.qiita.com\/assets\/favicons\/public\/apple-touch-icon-ec5ba42a24ae923f16825592efdc356f.png",
                "id": 3,
                "original_url": "https:\/\/qiita.com\/#aws-batch%E3%81%A8%E3%81%AF"
            },
            {
                "service_name": "Amazon Web Services, Inc.",
                "title": "AWS Batch（バッチ処理をあらゆる規模で効率的に実行）| AWS",
                "title_link": "https:\/\/aws.amazon.com\/jp\/batch\/",
                "text": "AWS Batch を使用することにより、開発者、科学者、エンジニアは、数十万件のバッチコンピューティングジョブを AWS で簡単かつ効率的に実行できます。",
                "fallback": "Amazon Web Services, Inc.: AWS Batch（バッチ処理をあらゆる規模で効率的に実行）| AWS",
                "thumb_url": "https:\/\/a0.awsstatic.com\/libra-css\/images\/logos\/aws_logo_smile_179x109.png",
                "from_url": "https:\/\/aws.amazon.com\/jp\/batch\/",
                "thumb_width": 179,
                "thumb_height": 109,
                "service_icon": "https:\/\/a0.awsstatic.com\/libra-css\/images\/site\/touch-icon-iphone-114-smile.png",
                "id": 4,
                "original_url": "https:\/\/aws.amazon.com\/jp\/batch\/"
            },
            {
                "service_name": "Qiita",
                "title": "プログラマの技術情報共有サービス - Qiita",
                "title_link": "https:\/\/qiita.com\/#%E7%89%B9%E5%BE%B4",
                "text": "Qiitaは、プログラマのための技術情報共有サービスです。 プログラミングに関するTips、ノウハウ、メモを簡単に記録 &amp; 公開することができます。",
                "fallback": "Qiita: プログラマの技術情報共有サービス - Qiita",
                "thumb_url": "https:\/\/cdn.qiita.com\/assets\/qiita-fb-fe28c64039d925349e620ba55091e078.png",
                "from_url": "https:\/\/qiita.com\/#%E7%89%B9%E5%BE%B4",
                "thumb_width": 1200,
                "thumb_height": 630,
                "service_icon": "https:\/\/cdn.qiita.com\/assets\/favicons\/public\/apple-touch-icon-ec5ba42a24ae923f16825592efdc356f.png",
                "id": 5,
                "original_url": "https:\/\/qiita.com\/#%E7%89%B9%E5%BE%B4"
            }
        ]
    }
]