[
    {
        "type": "message",
        "subtype": "bot_message",
        "text": "<https:\/\/qiita.com\/tos-miyake\/items\/63fb5933cf622e5b1990|terraformで死活監視(ALBのhalthyhostsを監視)>\nトピックをChatbotでサブスクライブすれば、いい感じのグラフと一緒にslack通知されます。\n\nresource \"aws_sns_topic\" \"cloudwatch_topic\" {\n  name = \"${var.app_name}-${var.env}-cloudwatch-topic\"\n}\n\nresource \"aws_cloudwatch_metric_alarm\" \"alb_healthyhosts\" {\n  alarm_name          = \"${var.app_name}-${var.env}-alb-healthyhosts\"\n  namespace           = \"AWS\/ApplicationELB\"\n  metric_name         = \"HealthyHostCount\"\n  comparison_operator = \"LessThanThreshold\"\n  evaluation_periods  = 2\n  period              = 60\n  statistic           =...",
        "ts": "1580285814.005800",
        "username": "Terraformタグが付けられた新着記事 - Qiita",
        "icons": {
            "image_36": "https:\/\/a.slack-edge.com\/80588\/img\/services\/rss_36.png",
            "image_48": "https:\/\/a.slack-edge.com\/80588\/img\/services\/rss_48.png",
            "image_72": "https:\/\/a.slack-edge.com\/80588\/img\/services\/rss_72.png"
        },
        "bot_id": "BG3N7LG73",
        "attachments": [
            {
                "service_name": "Qiita",
                "title": "terraformで死活監視(ALBのhalthyhostsを監視) - Qiita",
                "title_link": "https:\/\/qiita.com\/tos-miyake\/items\/63fb5933cf622e5b1990",
                "text": "トピックをChatbotでサブスクライブすれば、いい感じのグラフと一緒にslack通知されます。 ``` resource &amp;quot;aws_sns_topic&amp;quot; &amp;quot;cloudwatch_topic&amp;quot;...",
                "fallback": "Qiita: terraformで死活監視(ALBのhalthyhostsを監視) - Qiita",
                "image_url": "https:\/\/qiita-user-contents.imgix.net\/https%3A%2F%2Fcdn.qiita.com%2Fassets%2Fpublic%2Fogp-background-1150d8b18a7c15795b701a55ae908f94.png?ixlib=rb-1.2.2&w=1200&mark=https%3A%2F%2Fqiita-user-contents.imgix.net%2F~text%3Fixlib%3Drb-1.2.2%26w%3D840%26h%3D380%26txt%3Dterraform%25E3%2581%25A7%25E6%25AD%25BB%25E6%25B4%25BB%25E7%259B%25A3%25E8%25A6%2596%2528ALB%25E3%2581%25AEhalthyhosts%25E3%2582%2592%25E7%259B%25A3%25E8%25A6%2596%2529%26txt-color%3D%2523333%26txt-font%3DAvenir-Black%26txt-size%3D54%26txt-clip%3Dellipsis%26txt-align%3Dcenter%252Cmiddle%26s%3D8b39704e0a03cae2505de0618d9f69ee&mark-align=center%2Cmiddle&blend=https%3A%2F%2Fqiita-user-contents.imgix.net%2F~text%3Fixlib%3Drb-1.2.2%26w%3D840%26h%3D500%26txt%3D%2540tos-miyake%26txt-color%3D%2523333%26txt-font%3DAvenir-Black%26txt-size%3D45%26txt-align%3Dright%252Cbottom%26s%3Dc558df7662722d1d7c31d5a8c1057ad4&blend-align=center%2Cmiddle&blend-mode=normal&s=65ea34cb9ee464080bfd0bb6535207e9",
                "from_url": "https:\/\/qiita.com\/tos-miyake\/items\/63fb5933cf622e5b1990",
                "image_width": 476,
                "image_height": 250,
                "image_bytes": 47439,
                "service_icon": "https:\/\/cdn.qiita.com\/assets\/favicons\/public\/apple-touch-icon-ec5ba42a24ae923f16825592efdc356f.png",
                "id": 1,
                "original_url": "https:\/\/qiita.com\/tos-miyake\/items\/63fb5933cf622e5b1990"
            }
        ],
        "edited": {
            "user": "BG3N7LG73",
            "ts": "1580285814.000000"
        }
    },
    {
        "type": "message",
        "subtype": "bot_message",
        "text": "<https:\/\/www.reddit.com\/r\/Terraform\/comments\/evm8uz\/how_do_i_create_a_parallel_terraform_deployment\/|How do I create a Parallel Terraform Deployment?>\nEllo! I'm new to Terraform. I have a pretty good seed project that I'm proud of. However When I try to create two different deployments under different Linux users, the project just overwrites itself in AWS and actually breaks because it becomes confused. It makes sense because there's a lot of labels that get used so I totally get why it overwrites. To make a parallel environments is it just as simple as removing labels? Or is there a simpler way. Thanks so much. :)    submitted by   &lt;a...",
        "ts": "1580301416.006000",
        "username": "Terraform ALL the Worlds!",
        "icons": {
            "image_48": "https:\/\/s3-us-west-2.amazonaws.com\/slack-files2\/bot_icons\/2019-02-12\/548785199618_48.png"
        },
        "bot_id": "BG3N7LG73",
        "attachments": [
            {
                "service_name": "reddit",
                "title": "How do I create a Parallel Terraform Deployment?",
                "title_link": "https:\/\/www.reddit.com\/r\/Terraform\/comments\/evm8uz\/how_do_i_create_a_parallel_terraform_deployment\/",
                "text": "Ello! I'm new to Terraform. I have a pretty good seed project that I'm proud of. However When I try to create two different deployments under...",
                "fallback": "reddit: How do I create a Parallel Terraform Deployment?",
                "thumb_url": "https:\/\/www.redditstatic.com\/new-icon.png",
                "from_url": "https:\/\/www.reddit.com\/r\/Terraform\/comments\/evm8uz\/how_do_i_create_a_parallel_terraform_deployment\/",
                "thumb_width": 256,
                "thumb_height": 256,
                "service_icon": "http:\/\/www.redditstatic.com\/desktop2x\/img\/favicon\/apple-icon-57x57.png",
                "id": 1,
                "original_url": "https:\/\/www.reddit.com\/r\/Terraform\/comments\/evm8uz\/how_do_i_create_a_parallel_terraform_deployment\/"
            }
        ],
        "edited": {
            "user": "BG3N7LG73",
            "ts": "1580301416.000000"
        }
    },
    {
        "type": "message",
        "subtype": "bot_message",
        "text": "<https:\/\/www.reddit.com\/r\/Terraform\/comments\/evmb80\/question_how_to_prevent_modification_of_resources\/|[question] how to prevent modification of resources in the console?>\nI recently used terraformer to backport some old kms keys, documented that this was changed, and circulated the documentation so policies only be changed using terraform It's still technically possible to change in the aws console and I was curious how do I set these resources to be changed only by terraform? One idea I had was to explicitly disable permission on a set of terraform-only resources for every user except for a specific role. The terraform apply would then assume that role in...",
        "ts": "1580301416.006100",
        "username": "Terraform ALL the Worlds!",
        "icons": {
            "image_48": "https:\/\/s3-us-west-2.amazonaws.com\/slack-files2\/bot_icons\/2019-02-12\/548785199618_48.png"
        },
        "bot_id": "BG3N7LG73",
        "attachments": [
            {
                "service_name": "reddit",
                "title": "[question] how to prevent modification of resources in the console?",
                "title_link": "https:\/\/www.reddit.com\/r\/Terraform\/comments\/evmb80\/question_how_to_prevent_modification_of_resources\/",
                "text": "I recently used terraformer to backport some old kms keys, documented that this was changed, and circulated the documentation so policies only be...",
                "fallback": "reddit: [question] how to prevent modification of resources in the console?",
                "thumb_url": "https:\/\/www.redditstatic.com\/new-icon.png",
                "from_url": "https:\/\/www.reddit.com\/r\/Terraform\/comments\/evmb80\/question_how_to_prevent_modification_of_resources\/",
                "thumb_width": 256,
                "thumb_height": 256,
                "service_icon": "http:\/\/www.redditstatic.com\/desktop2x\/img\/favicon\/apple-icon-57x57.png",
                "id": 1,
                "original_url": "https:\/\/www.reddit.com\/r\/Terraform\/comments\/evmb80\/question_how_to_prevent_modification_of_resources\/"
            }
        ],
        "edited": {
            "user": "BG3N7LG73",
            "ts": "1580301416.000000"
        }
    },
    {
        "type": "message",
        "subtype": "bot_message",
        "text": "<https:\/\/www.reddit.com\/r\/Terraform\/comments\/evnbug\/dynamic_subnet_mappings_and_referencing_eips\/|Dynamic subnet_mappings and referencing EIPs>\nHi I have terraform code which creates three EIPs from one EIP resource (I use the count variable). In an lb resource, I have subnet mappings: subnet_mapping { subnet_id = \"${var.subnets[1]}\" allocation_id = \"${aws_eip.publiceip.id[1]}\" How can I reference each subnet and EIP from one subnet mapping? So some sort of loop rather than hard coding the same number of subnet mapping blocks as I have EIPs. Thanks    submitted by   <https:\/\/www.reddit.com\/user\/GSS55| \/u\/GSS55 > \n&lt;a...",
        "ts": "1580307420.006400",
        "username": "Terraform ALL the Worlds!",
        "icons": {
            "image_48": "https:\/\/s3-us-west-2.amazonaws.com\/slack-files2\/bot_icons\/2019-02-12\/548785199618_48.png"
        },
        "bot_id": "BG3N7LG73",
        "attachments": [
            {
                "service_name": "reddit",
                "title": "Dynamic subnet_mappings and referencing EIPs",
                "title_link": "https:\/\/www.reddit.com\/r\/Terraform\/comments\/evnbug\/dynamic_subnet_mappings_and_referencing_eips\/",
                "text": "Hi I have terraform code which creates three EIPs from one EIP resource (I use the count variable). In an lb resource, I have subnet mappings: ...",
                "fallback": "reddit: Dynamic subnet_mappings and referencing EIPs",
                "thumb_url": "https:\/\/www.redditstatic.com\/new-icon.png",
                "from_url": "https:\/\/www.reddit.com\/r\/Terraform\/comments\/evnbug\/dynamic_subnet_mappings_and_referencing_eips\/",
                "thumb_width": 256,
                "thumb_height": 256,
                "service_icon": "http:\/\/www.redditstatic.com\/desktop2x\/img\/favicon\/apple-icon-57x57.png",
                "id": 1,
                "original_url": "https:\/\/www.reddit.com\/r\/Terraform\/comments\/evnbug\/dynamic_subnet_mappings_and_referencing_eips\/"
            },
            {
                "title": "reddit.com: over 18?",
                "title_link": "https:\/\/www.reddit.com\/user\/GSS55",
                "text": "Reddit gives you the best of the internet in one place. Get a constantly updating feed of breaking news, fun stories, pics, memes, and videos just for you. Passionate about something niche? Reddit has thousands of vibrant communities with people that share your interests. Alternatively, find out what’s trending across all of Reddit on r\/popular. Reddit is also anonymous so you can be yourself, with your Reddit profile and persona disconnected from your real-world identity.",
                "fallback": "reddit.com: over 18?",
                "from_url": "https:\/\/www.reddit.com\/user\/GSS55",
                "service_icon": "http:\/\/www.redditstatic.com\/desktop2x\/img\/favicon\/apple-icon-57x57.png",
                "service_name": "reddit.com",
                "id": 2,
                "original_url": "https:\/\/www.reddit.com\/user\/GSS55"
            }
        ],
        "edited": {
            "user": "BG3N7LG73",
            "ts": "1580307420.000000"
        }
    },
    {
        "type": "message",
        "subtype": "bot_message",
        "text": "<https:\/\/www.reddit.com\/r\/Terraform\/comments\/evp4ge\/question_best_practice_around_promoting_terraform\/|[Question] Best practice around promoting terraform code through environments?>\nHi all!  We are currently migrating our Azure infrastructure to terraform. We have 3 separate subscriptions, one for Prod, Staging, and Dev. Each has a (mostly) identical copy of the infrastructure. I'd like to be able to define the infrastructure once in code, and have it be deployed to my 3 separate subscriptions.  ​ I've attempted to do this using modules, but it hasn't quite yielded the results that I want since I can't parameterize anything about the \"provider\" block. Does anyone have...",
        "ts": "1580315821.006700",
        "username": "Terraform ALL the Worlds!",
        "icons": {
            "image_48": "https:\/\/s3-us-west-2.amazonaws.com\/slack-files2\/bot_icons\/2019-02-12\/548785199618_48.png"
        },
        "bot_id": "BG3N7LG73",
        "attachments": [
            {
                "service_name": "reddit",
                "title": "[Question] Best practice around promoting terraform code through environments?",
                "title_link": "https:\/\/www.reddit.com\/r\/Terraform\/comments\/evp4ge\/question_best_practice_around_promoting_terraform\/",
                "text": "Hi all! We are currently migrating our Azure infrastructure to terraform. We have 3 separate subscriptions, one for Prod, Staging, and Dev. Each...",
                "fallback": "reddit: [Question] Best practice around promoting terraform code through environments?",
                "thumb_url": "https:\/\/www.redditstatic.com\/new-icon.png",
                "from_url": "https:\/\/www.reddit.com\/r\/Terraform\/comments\/evp4ge\/question_best_practice_around_promoting_terraform\/",
                "thumb_width": 256,
                "thumb_height": 256,
                "service_icon": "http:\/\/www.redditstatic.com\/desktop2x\/img\/favicon\/apple-icon-57x57.png",
                "id": 1,
                "original_url": "https:\/\/www.reddit.com\/r\/Terraform\/comments\/evp4ge\/question_best_practice_around_promoting_terraform\/"
            }
        ],
        "edited": {
            "user": "BG3N7LG73",
            "ts": "1580315821.000000"
        }
    },
    {
        "type": "message",
        "subtype": "bot_message",
        "text": "<https:\/\/www.reddit.com\/r\/Terraform\/comments\/evpyrz\/does_terraform_allow_me_to_inject_my_workspace\/|Does Terraform allow me to inject my Workspace name as a variable to name my resources after my workspace?>\nsubmitted by   <https:\/\/www.reddit.com\/user\/kalavala93| \/u\/kalavala93 > \n<https:\/\/www.reddit.com\/r\/Terraform\/comments\/evpyrz\/does_terraform_allow_me_to_inject_my_workspace\/|[link]>   <https:\/\/www.reddit.com\/r\/Terraform\/comments\/evpyrz\/does_terraform_allow_me_to_inject_my_workspace\/|[comments]>",
        "ts": "1580319428.006900",
        "username": "Terraform ALL the Worlds!",
        "icons": {
            "image_48": "https:\/\/s3-us-west-2.amazonaws.com\/slack-files2\/bot_icons\/2019-02-12\/548785199618_48.png"
        },
        "bot_id": "BG3N7LG73",
        "attachments": [
            {
                "service_name": "reddit",
                "title": "Does Terraform allow me to inject my Workspace name as a variable to name my resources after my workspace?",
                "title_link": "https:\/\/www.reddit.com\/r\/Terraform\/comments\/evpyrz\/does_terraform_allow_me_to_inject_my_workspace\/",
                "text": "Posted in r\/Terraform by u\/kalavala93 • 1 point and 2 comments",
                "fallback": "reddit: Does Terraform allow me to inject my Workspace name as a variable to name my resources after my workspace?",
                "thumb_url": "https:\/\/www.redditstatic.com\/new-icon.png",
                "from_url": "https:\/\/www.reddit.com\/r\/Terraform\/comments\/evpyrz\/does_terraform_allow_me_to_inject_my_workspace\/",
                "thumb_width": 256,
                "thumb_height": 256,
                "service_icon": "http:\/\/www.redditstatic.com\/desktop2x\/img\/favicon\/apple-icon-57x57.png",
                "id": 1,
                "original_url": "https:\/\/www.reddit.com\/r\/Terraform\/comments\/evpyrz\/does_terraform_allow_me_to_inject_my_workspace\/"
            },
            {
                "title": "overview for kalavala93",
                "title_link": "https:\/\/www.reddit.com\/user\/kalavala93",
                "text": "The u\/kalavala93 community on Reddit. Reddit gives you the best of the internet in one place.",
                "fallback": "overview for kalavala93",
                "from_url": "https:\/\/www.reddit.com\/user\/kalavala93",
                "service_icon": "http:\/\/www.redditstatic.com\/desktop2x\/img\/favicon\/apple-icon-57x57.png",
                "service_name": "reddit.com",
                "id": 2,
                "original_url": "https:\/\/www.reddit.com\/user\/kalavala93"
            }
        ],
        "edited": {
            "user": "BG3N7LG73",
            "ts": "1580319428.000000"
        }
    },
    {
        "type": "message",
        "subtype": "bot_message",
        "text": "<https:\/\/www.reddit.com\/r\/Terraform\/comments\/evreb2\/question_working_with_modules\/|[Question] Working with modules.>\nHey all, I'm working with modules for the first time and I have a few questions. Any corrections or recommendations would be appreciated! ​ How do you deal with the optional parameters for the resources you create in the modules? I've been thinking on leaving variables with a default value of null on them but I'm not sure if this is a good idea. I want to create a dynamic <https:\/\/www.terraform.io\/docs\/providers\/oci\/r\/core_security_list.html|oci_core_security_list> resource for...",
        "ts": "1580325426.007100",
        "username": "Terraform ALL the Worlds!",
        "icons": {
            "image_48": "https:\/\/s3-us-west-2.amazonaws.com\/slack-files2\/bot_icons\/2019-02-12\/548785199618_48.png"
        },
        "bot_id": "BG3N7LG73",
        "attachments": [
            {
                "service_name": "reddit",
                "title": "[Question] Working with modules.",
                "title_link": "https:\/\/www.reddit.com\/r\/Terraform\/comments\/evreb2\/question_working_with_modules\/",
                "text": "Hey all, I'm working with modules for the first time and I have a few questions. Any corrections or recommendations would be...",
                "fallback": "reddit: [Question] Working with modules.",
                "thumb_url": "https:\/\/www.redditstatic.com\/new-icon.png",
                "from_url": "https:\/\/www.reddit.com\/r\/Terraform\/comments\/evreb2\/question_working_with_modules\/",
                "thumb_width": 256,
                "thumb_height": 256,
                "service_icon": "http:\/\/www.redditstatic.com\/desktop2x\/img\/favicon\/apple-icon-57x57.png",
                "id": 1,
                "original_url": "https:\/\/www.reddit.com\/r\/Terraform\/comments\/evreb2\/question_working_with_modules\/"
            },
            {
                "service_name": "Terraform by HashiCorp",
                "title": "Oracle Cloud Infrastructure: oci_core_security_list - Terraform by HashiCorp",
                "title_link": "https:\/\/www.terraform.io\/docs\/providers\/oci\/r\/core_security_list.html",
                "text": "Provides the Security List resource in Oracle Cloud Infrastructure Core service",
                "fallback": "Terraform by HashiCorp: Oracle Cloud Infrastructure: oci_core_security_list - Terraform by HashiCorp",
                "thumb_url": "https:\/\/www.terraform.io\/assets\/images\/og-image-8b3e4f7d.png",
                "from_url": "https:\/\/www.terraform.io\/docs\/providers\/oci\/r\/core_security_list.html",
                "thumb_width": 712,
                "thumb_height": 712,
                "service_icon": "https:\/\/www.terraform.io\/assets\/images\/favicons\/apple-touch-icon-13180a24.png",
                "id": 2,
                "original_url": "https:\/\/www.terraform.io\/docs\/providers\/oci\/r\/core_security_list.html"
            }
        ],
        "edited": {
            "user": "BG3N7LG73",
            "ts": "1580325426.000000"
        }
    },
    {
        "type": "message",
        "subtype": "bot_message",
        "text": "<https:\/\/www.reddit.com\/r\/Terraform\/comments\/evssed\/blog_how_i_organize_terraform_modules_off_the\/|[Blog] How I Organize Terraform Modules: OFF the Beaten Path>\nOur Developer, <https:\/\/www.reddit.com\/u\/donaldGuy|\/u\/donaldGuy>, wrote about his somewhat non-standard approach to organizing terraform modules on our blog. Check it out here: <https:\/\/blog.smartlogic.io\/how-i-organize-terraform-modules-off-the-beaten-path\/|https:\/\/blog.smartlogic.io\/how-i-organize-terraform-modules-off-the-beaten-path\/>    submitted by   <https:\/\/www.reddit.com\/user\/smartlogic_io| \/u\/smartlogic_io > \n&lt;a...",
        "ts": "1580330219.007300",
        "username": "Terraform ALL the Worlds!",
        "icons": {
            "image_48": "https:\/\/s3-us-west-2.amazonaws.com\/slack-files2\/bot_icons\/2019-02-12\/548785199618_48.png"
        },
        "bot_id": "BG3N7LG73",
        "attachments": [
            {
                "service_name": "reddit",
                "title": "[Blog] How I Organize Terraform Modules: OFF the Beaten Path",
                "title_link": "https:\/\/www.reddit.com\/r\/Terraform\/comments\/evssed\/blog_how_i_organize_terraform_modules_off_the\/",
                "text": "Our Developer, \/u\/donaldGuy, wrote about his somewhat non-standard approach to organizing terraform modules on our blog. Check it out here: ...",
                "fallback": "reddit: [Blog] How I Organize Terraform Modules: OFF the Beaten Path",
                "thumb_url": "https:\/\/www.redditstatic.com\/new-icon.png",
                "from_url": "https:\/\/www.reddit.com\/r\/Terraform\/comments\/evssed\/blog_how_i_organize_terraform_modules_off_the\/",
                "thumb_width": 256,
                "thumb_height": 256,
                "service_icon": "http:\/\/www.redditstatic.com\/desktop2x\/img\/favicon\/apple-icon-57x57.png",
                "id": 1,
                "original_url": "https:\/\/www.reddit.com\/r\/Terraform\/comments\/evssed\/blog_how_i_organize_terraform_modules_off_the\/"
            },
            {
                "title": "overview for donaldGuy",
                "title_link": "https:\/\/www.reddit.com\/u\/donaldGuy",
                "text": "The u\/donaldGuy community on Reddit. Reddit gives you the best of the internet in one place.",
                "fallback": "overview for donaldGuy",
                "from_url": "https:\/\/www.reddit.com\/u\/donaldGuy",
                "service_icon": "http:\/\/www.redditstatic.com\/desktop2x\/img\/favicon\/apple-icon-57x57.png",
                "service_name": "reddit.com",
                "id": 2,
                "original_url": "https:\/\/www.reddit.com\/u\/donaldGuy"
            },
            {
                "service_name": "SmartLogic Blog",
                "title": "How I Organize Terraform Modules: OFF the Beaten Path",
                "title_link": "https:\/\/blog.smartlogic.io\/how-i-organize-terraform-modules-off-the-beaten-path\/",
                "text": "A few times now in my &amp;quot;devops&amp;quot; career, I have, upon arrival to a new codebase, run into somewhat complex terraform modules that an author (or a small team) didn't have too much trouble getting initially written and stood up (once), but about which there is now some",
                "fallback": "SmartLogic Blog: How I Organize Terraform Modules: OFF the Beaten Path",
                "image_url": "https:\/\/blog.smartlogic.io\/content\/images\/2020\/01\/caleb-jones-J3JMyXWQHXU-unsplash-2.jpg",
                "image_width": 375,
                "image_height": 250,
                "fields": [
                    {
                        "title": "Written by",
                        "value": "Donald Guy",
                        "short": true
                    },
                    {
                        "title": "Filed under",
                        "value": "terraform, DevOps",
                        "short": true
                    }
                ],
                "ts": 1580216400,
                "from_url": "https:\/\/blog.smartlogic.io\/how-i-organize-terraform-modules-off-the-beaten-path\/",
                "image_bytes": 527191,
                "service_icon": "https:\/\/blog.smartlogic.io\/favicon.png",
                "id": 3,
                "original_url": "https:\/\/blog.smartlogic.io\/how-i-organize-terraform-modules-off-the-beaten-path\/"
            },
            {
                "title": "overview for smartlogic_io",
                "title_link": "https:\/\/www.reddit.com\/user\/smartlogic_io",
                "text": "SmartLogic is a Baltimore-based dev shop that has been building custom web and mobile software applications since 2005. We use Elixir\/Phoenix,...",
                "fallback": "overview for smartlogic_io",
                "from_url": "https:\/\/www.reddit.com\/user\/smartlogic_io",
                "service_icon": "http:\/\/www.redditstatic.com\/desktop2x\/img\/favicon\/apple-icon-57x57.png",
                "service_name": "reddit.com",
                "id": 4,
                "original_url": "https:\/\/www.reddit.com\/user\/smartlogic_io"
            }
        ],
        "edited": {
            "user": "BG3N7LG73",
            "ts": "1580330220.000000"
        }
    },
    {
        "type": "message",
        "subtype": "bot_message",
        "text": "<https:\/\/www.reddit.com\/r\/Terraform\/comments\/evtb9g\/halp_detecting_diff_in_typeset\/|[HALP] Detecting diff in TypeSet>\nHi everyone. I was wondering if someone could help me out please? I've been struggling with finding the correct way to suppress diff detecting between certain fields inside a TypeSet! Right now the diff shows up like this:  + version { + cert = \"asdf\" + version = \"3.6.0\" } - version { - cert = \"uuidhere\" -&gt; null - version = \"3.6.0\" -&gt; null } + version { + cert = \"uuidhere\" }  For every possible combination it basically shows all the diffs. I have a suppress function like this:...",
        "ts": "1580332628.007500",
        "username": "Terraform ALL the Worlds!",
        "icons": {
            "image_48": "https:\/\/s3-us-west-2.amazonaws.com\/slack-files2\/bot_icons\/2019-02-12\/548785199618_48.png"
        },
        "bot_id": "BG3N7LG73",
        "attachments": [
            {
                "service_name": "reddit",
                "title": "[HALP] Detecting diff in TypeSet",
                "title_link": "https:\/\/www.reddit.com\/r\/Terraform\/comments\/evtb9g\/halp_detecting_diff_in_typeset\/",
                "text": "Hi everyone. I was wondering if someone could help me out please? I've been struggling with finding the correct way to suppress diff detecting...",
                "fallback": "reddit: [HALP] Detecting diff in TypeSet",
                "thumb_url": "https:\/\/www.redditstatic.com\/new-icon.png",
                "from_url": "https:\/\/www.reddit.com\/r\/Terraform\/comments\/evtb9g\/halp_detecting_diff_in_typeset\/",
                "thumb_width": 256,
                "thumb_height": 256,
                "service_icon": "http:\/\/www.redditstatic.com\/desktop2x\/img\/favicon\/apple-icon-57x57.png",
                "id": 1,
                "original_url": "https:\/\/www.reddit.com\/r\/Terraform\/comments\/evtb9g\/halp_detecting_diff_in_typeset\/"
            }
        ],
        "edited": {
            "user": "BG3N7LG73",
            "ts": "1580332628.000000"
        }
    },
    {
        "type": "message",
        "subtype": "bot_message",
        "text": "<https:\/\/www.reddit.com\/r\/Terraform\/comments\/evvaiy\/question_get_clientid_of_instance\/|[QUESTION] Get ClientId of instance>\nHi, I'm trying to set some alarms in cloudwatch, but for them to work correctly, I need to set the ClientId. I tried using aws_elasticsearch_domain.es_domain.domain_id and aws_elasticsearch_domain.es_domain.id The first one, return the ClientId and the DomainName, joined by a \/ The second one, returns the arn. Is there anyway to get the ClientId (and I'm assuming this is a Instance ClientID, and not just for ElasticSearch).?    submitted by   &lt;a...",
        "ts": "1580341021.007700",
        "username": "Terraform ALL the Worlds!",
        "icons": {
            "image_48": "https:\/\/s3-us-west-2.amazonaws.com\/slack-files2\/bot_icons\/2019-02-12\/548785199618_48.png"
        },
        "bot_id": "BG3N7LG73",
        "attachments": [
            {
                "service_name": "reddit",
                "title": "[QUESTION] Get ClientId of instance",
                "title_link": "https:\/\/www.reddit.com\/r\/Terraform\/comments\/evvaiy\/question_get_clientid_of_instance\/",
                "text": "Hi, I'm trying to set some alarms in cloudwatch, but for them to work correctly, I need to set the ClientId. I tried using...",
                "fallback": "reddit: [QUESTION] Get ClientId of instance",
                "thumb_url": "https:\/\/www.redditstatic.com\/new-icon.png",
                "from_url": "https:\/\/www.reddit.com\/r\/Terraform\/comments\/evvaiy\/question_get_clientid_of_instance\/",
                "thumb_width": 256,
                "thumb_height": 256,
                "service_icon": "http:\/\/www.redditstatic.com\/desktop2x\/img\/favicon\/apple-icon-57x57.png",
                "id": 1,
                "original_url": "https:\/\/www.reddit.com\/r\/Terraform\/comments\/evvaiy\/question_get_clientid_of_instance\/"
            }
        ],
        "edited": {
            "user": "BG3N7LG73",
            "ts": "1580341021.000000"
        }
    },
    {
        "type": "message",
        "subtype": "bot_message",
        "text": "<https:\/\/www.reddit.com\/r\/Terraform\/comments\/evvyfc\/question_best_practices_for_iam_role_used_by\/|[Question] Best practices for IAM role used by service principal (Azure)>\nI'm wondering how ya'll approach securing logical access for the account\/service principal used by your terraform integration(s) in Azure. Right now I'm simply playing in a wholly separate subscription and the service principal in use was granted the 'contributor' role at the subscription level. However, I know you can provide more scoped access to say just a resource group but I'm wondering what the best practice might be that allows for a good balance between security control (reducing...",
        "ts": "1580343420.007900",
        "username": "Terraform ALL the Worlds!",
        "icons": {
            "image_48": "https:\/\/s3-us-west-2.amazonaws.com\/slack-files2\/bot_icons\/2019-02-12\/548785199618_48.png"
        },
        "bot_id": "BG3N7LG73",
        "attachments": [
            {
                "service_name": "reddit",
                "title": "[Question] Best practices for IAM role used by service principal (Azure)",
                "title_link": "https:\/\/www.reddit.com\/r\/Terraform\/comments\/evvyfc\/question_best_practices_for_iam_role_used_by\/",
                "text": "I'm wondering how ya'll approach securing logical access for the account\/service principal used by your terraform integration(s) in Azure. Right...",
                "fallback": "reddit: [Question] Best practices for IAM role used by service principal (Azure)",
                "thumb_url": "https:\/\/www.redditstatic.com\/new-icon.png",
                "from_url": "https:\/\/www.reddit.com\/r\/Terraform\/comments\/evvyfc\/question_best_practices_for_iam_role_used_by\/",
                "thumb_width": 256,
                "thumb_height": 256,
                "service_icon": "http:\/\/www.redditstatic.com\/desktop2x\/img\/favicon\/apple-icon-57x57.png",
                "id": 1,
                "original_url": "https:\/\/www.reddit.com\/r\/Terraform\/comments\/evvyfc\/question_best_practices_for_iam_role_used_by\/"
            }
        ],
        "edited": {
            "user": "BG3N7LG73",
            "ts": "1580343420.000000"
        }
    },
    {
        "type": "message",
        "subtype": "bot_message",
        "text": "<https:\/\/www.reddit.com\/r\/Terraform\/comments\/evxzld\/items_reordered_during_terraform_plan_how_do_you\/|Items reordered during terraform plan. How do you go about reading the differences?>\nI wrote up <https:\/\/github.com\/terraform-providers\/terraform-provider-aws\/issues\/11801|terraform-providers\/terraform-provider-aws#11801> when experiencing some difficulties using 0.12.x when applying an aws_iam_policy_document to an aws_kms_key where the order of the Principal arns would randomize upon save. I was considering writing a python script to find the terraform changes since we can now output the plan to JSON. $ terraform plan -out=terraform.tfplan $ terraform show...",
        "ts": "1580351823.008100",
        "username": "Terraform ALL the Worlds!",
        "icons": {
            "image_48": "https:\/\/s3-us-west-2.amazonaws.com\/slack-files2\/bot_icons\/2019-02-12\/548785199618_48.png"
        },
        "bot_id": "BG3N7LG73",
        "attachments": [
            {
                "service_name": "reddit",
                "title": "Items reordered during terraform plan. How do you go about reading the differences?",
                "title_link": "https:\/\/www.reddit.com\/r\/Terraform\/comments\/evxzld\/items_reordered_during_terraform_plan_how_do_you\/",
                "text": "I wrote up [terraform-providers\/terraform-provider-aws#11801](<https:\/\/github.com\/terraform-providers\/terraform-provider-aws\/issues\/11801> ) when...",
                "fallback": "reddit: Items reordered during terraform plan. How do you go about reading the differences?",
                "thumb_url": "https:\/\/www.redditstatic.com\/new-icon.png",
                "from_url": "https:\/\/www.reddit.com\/r\/Terraform\/comments\/evxzld\/items_reordered_during_terraform_plan_how_do_you\/",
                "thumb_width": 256,
                "thumb_height": 256,
                "service_icon": "http:\/\/www.redditstatic.com\/desktop2x\/img\/favicon\/apple-icon-57x57.png",
                "id": 1,
                "original_url": "https:\/\/www.reddit.com\/r\/Terraform\/comments\/evxzld\/items_reordered_during_terraform_plan_how_do_you\/"
            },
            {
                "service_name": "GitHub",
                "title": "Order is lost for data aws_iam_policy_document when applied to resource aws_kms_key · Issue #11801 · terraform-providers\/terraform-provider-aws",
                "title_link": "https:\/\/github.com\/terraform-providers\/terraform-provider-aws\/issues\/11801",
                "text": "Community Note Please vote on this issue by adding a :+1: reaction to the original issue to help the community and maintainers prioritize this request Please do not leave &amp;quot;+1&amp;quot; or other comme...",
                "fallback": "GitHub: Order is lost for data aws_iam_policy_document when applied to resource aws_kms_key · Issue #11801 · terraform-providers\/terraform-provider-aws",
                "thumb_url": "https:\/\/avatars0.githubusercontent.com\/u\/29154831?s=400&v=4",
                "from_url": "https:\/\/github.com\/terraform-providers\/terraform-provider-aws\/issues\/11801",
                "thumb_width": 400,
                "thumb_height": 400,
                "service_icon": "https:\/\/a.slack-edge.com\/80588\/img\/unfurl_icons\/github.png",
                "id": 2,
                "original_url": "https:\/\/github.com\/terraform-providers\/terraform-provider-aws\/issues\/11801"
            }
        ],
        "edited": {
            "user": "BG3N7LG73",
            "ts": "1580351823.000000"
        }
    }
]