[
    {
        "type": "message",
        "subtype": "bot_message",
        "text": "<https:\/\/qiita.com\/yuzoiwasaki\/items\/e218027d4915d8934b4f|スロークエリをSlackに通知してみた>\n最近スロークエリをSlackに通知するようにしたので、そのやり方をまとめておきます。Slackに通知したいと思った背景などは以下の記事をご参照ください。\n<https:\/\/qiita.com\/yuzoiwasaki\/items\/d8b56a98822e2b2bb6e7|https:\/\/qiita.com\/yuzoiwasaki\/items\/d8b56a98822e2b2bb6e7>\n\n上の記事で全く技術的なことを書けなかったので、この記事では主に技術の話をします。\n\n\n<https:\/\/qiita.com\/#%E3%82%B9%E3%83%AD%E3%83%BC%E3%82%AF%E3%82%A8%E3%83%AA%E3%82%92slack%E3%81%AB%E9%80%9A%E7%9F%A5%E3%81%99%E3%82%8B%E6%96%B9%E6%B3%95>スロークエリをSlackに通知する方法\n\nこちらの記事を参考にさせていただきました。ありがとうございます。\n&lt;a...",
        "ts": "1579415814.003800",
        "username": "Terraformタグが付けられた新着記事 - Qiita",
        "icons": {
            "image_36": "https:\/\/a.slack-edge.com\/80588\/img\/services\/rss_36.png",
            "image_48": "https:\/\/a.slack-edge.com\/80588\/img\/services\/rss_48.png",
            "image_72": "https:\/\/a.slack-edge.com\/80588\/img\/services\/rss_72.png"
        },
        "bot_id": "BG3N7LG73",
        "attachments": [
            {
                "service_name": "Qiita",
                "title": "スロークエリをSlackに通知してみた - Qiita",
                "title_link": "https:\/\/qiita.com\/yuzoiwasaki\/items\/e218027d4915d8934b4f",
                "text": "最近スロークエリをSlackに通知するようにしたので、そのやり方をまとめておきます。Slackに通知したいと思った背景などは以下の記事をご参照ください。 <https:\/\/qiita.com\/yuzoiwasaki\/items\/d8b5>...",
                "fallback": "Qiita: スロークエリをSlackに通知してみた - Qiita",
                "image_url": "https:\/\/qiita-user-contents.imgix.net\/https%3A%2F%2Fcdn.qiita.com%2Fassets%2Fpublic%2Fogp-background-1150d8b18a7c15795b701a55ae908f94.png?ixlib=rb-1.2.2&w=1200&mark=https%3A%2F%2Fqiita-user-contents.imgix.net%2F~text%3Fixlib%3Drb-1.2.2%26w%3D840%26h%3D380%26txt%3D%25E3%2582%25B9%25E3%2583%25AD%25E3%2583%25BC%25E3%2582%25AF%25E3%2582%25A8%25E3%2583%25AA%25E3%2582%2592Slack%25E3%2581%25AB%25E9%2580%259A%25E7%259F%25A5%25E3%2581%2597%25E3%2581%25A6%25E3%2581%25BF%25E3%2581%259F%26txt-color%3D%2523333%26txt-font%3DAvenir-Black%26txt-size%3D54%26txt-clip%3Dellipsis%26txt-align%3Dcenter%252Cmiddle%26s%3D9b5fb3ebc7ec763d616bb3d996642712&mark-align=center%2Cmiddle&blend=https%3A%2F%2Fqiita-user-contents.imgix.net%2F~text%3Fixlib%3Drb-1.2.2%26w%3D840%26h%3D500%26txt%3D%2540yuzoiwasaki%26txt-color%3D%2523333%26txt-font%3DAvenir-Black%26txt-size%3D45%26txt-align%3Dright%252Cbottom%26s%3D126e000eddd7912a5e32bd431e33b426&blend-align=center%2Cmiddle&blend-mode=normal&s=32ef2cfe8008746ade825e7da6f98e0b",
                "from_url": "https:\/\/qiita.com\/yuzoiwasaki\/items\/e218027d4915d8934b4f",
                "image_width": 476,
                "image_height": 250,
                "image_bytes": 39169,
                "service_icon": "https:\/\/cdn.qiita.com\/assets\/favicons\/public\/apple-touch-icon-ec5ba42a24ae923f16825592efdc356f.png",
                "id": 1,
                "original_url": "https:\/\/qiita.com\/yuzoiwasaki\/items\/e218027d4915d8934b4f"
            },
            {
                "service_name": "Qiita",
                "title": "CAMPFIREにSREを導入した話 - Qiita",
                "title_link": "https:\/\/qiita.com\/yuzoiwasaki\/items\/d8b56a98822e2b2bb6e7",
                "text": "こんにちは、CAMPFIREでSREをやっている[岩崎](<https:\/\/twitter.com\/yuzoiwasaki>)です。SRE Advent Calendarということで、この一年でチームにSREを導入した話について書こうと思...",
                "fallback": "Qiita: CAMPFIREにSREを導入した話 - Qiita",
                "image_url": "https:\/\/qiita-user-contents.imgix.net\/https%3A%2F%2Fcdn.qiita.com%2Fassets%2Fpublic%2Fogp-background-1150d8b18a7c15795b701a55ae908f94.png?ixlib=rb-1.2.2&w=1200&mark=https%3A%2F%2Fqiita-user-contents.imgix.net%2F~text%3Fixlib%3Drb-1.2.2%26w%3D840%26h%3D380%26txt%3DCAMPFIRE%25E3%2581%25ABSRE%25E3%2582%2592%25E5%25B0%258E%25E5%2585%25A5%25E3%2581%2597%25E3%2581%259F%25E8%25A9%25B1%26txt-color%3D%2523333%26txt-font%3DAvenir-Black%26txt-size%3D54%26txt-clip%3Dellipsis%26txt-align%3Dcenter%252Cmiddle%26s%3D3dc6dc403dfc2032cb5a0cbd0b73ae54&mark-align=center%2Cmiddle&blend=https%3A%2F%2Fqiita-user-contents.imgix.net%2F~text%3Fixlib%3Drb-1.2.2%26w%3D840%26h%3D500%26txt%3D%2540yuzoiwasaki%26txt-color%3D%2523333%26txt-font%3DAvenir-Black%26txt-size%3D45%26txt-align%3Dright%252Cbottom%26s%3D126e000eddd7912a5e32bd431e33b426&blend-align=center%2Cmiddle&blend-mode=normal&s=cbcd63de089c37813e036bb5498b11b3",
                "from_url": "https:\/\/qiita.com\/yuzoiwasaki\/items\/d8b56a98822e2b2bb6e7",
                "image_width": 476,
                "image_height": 250,
                "image_bytes": 36679,
                "service_icon": "https:\/\/cdn.qiita.com\/assets\/favicons\/public\/apple-touch-icon-ec5ba42a24ae923f16825592efdc356f.png",
                "id": 2,
                "original_url": "https:\/\/qiita.com\/yuzoiwasaki\/items\/d8b56a98822e2b2bb6e7"
            },
            {
                "service_name": "Qiita",
                "title": "プログラマの技術情報共有サービス - Qiita",
                "title_link": "https:\/\/qiita.com\/#%E3%82%B9%E3%83%AD%E3%83%BC%E3%82%AF%E3%82%A8%E3%83%AA%E3%82%92slack%E3%81%AB%E9%80%9A%E7%9F%A5%E3%81%99%E3%82%8B%E6%96%B9%E6%B3%95",
                "text": "Qiitaは、プログラマのための技術情報共有サービスです。 プログラミングに関するTips、ノウハウ、メモを簡単に記録 &amp; 公開することができます。",
                "fallback": "Qiita: プログラマの技術情報共有サービス - Qiita",
                "thumb_url": "https:\/\/cdn.qiita.com\/assets\/qiita-fb-fe28c64039d925349e620ba55091e078.png",
                "from_url": "https:\/\/qiita.com\/#%E3%82%B9%E3%83%AD%E3%83%BC%E3%82%AF%E3%82%A8%E3%83%AA%E3%82%92slack%E3%81%AB%E9%80%9A%E7%9F%A5%E3%81%99%E3%82%8B%E6%96%B9%E6%B3%95",
                "thumb_width": 1200,
                "thumb_height": 630,
                "service_icon": "https:\/\/cdn.qiita.com\/assets\/favicons\/public\/apple-touch-icon-ec5ba42a24ae923f16825592efdc356f.png",
                "id": 3,
                "original_url": "https:\/\/qiita.com\/#%E3%82%B9%E3%83%AD%E3%83%BC%E3%82%AF%E3%82%A8%E3%83%AA%E3%82%92slack%E3%81%AB%E9%80%9A%E7%9F%A5%E3%81%99%E3%82%8B%E6%96%B9%E6%B3%95"
            }
        ],
        "edited": {
            "user": "BG3N7LG73",
            "ts": "1579415814.000000"
        }
    },
    {
        "type": "message",
        "subtype": "bot_message",
        "text": "<https:\/\/www.reddit.com\/r\/Terraform\/comments\/eqt1c1\/how_does_terraform_destroy_works\/|How does terraform destroy works?>\nHi there, I have created 2 Ec2 instances using terraform. But when I try to destroy one of the instances using -  terraform destroy -target=aws_instance.Helloworld1 -force It doesn't destroy anything and shows the following message. Destroy complete! Resources: 0 destroyed. Any idea how can I make it work? Thanks    submitted by   <https:\/\/www.reddit.com\/user\/ashofspades| \/u\/ashofspades > \n&lt;a...",
        "ts": "1579417025.004000",
        "username": "Terraform ALL the Worlds!",
        "icons": {
            "image_48": "https:\/\/s3-us-west-2.amazonaws.com\/slack-files2\/bot_icons\/2019-02-12\/548785199618_48.png"
        },
        "bot_id": "BG3N7LG73",
        "attachments": [
            {
                "title": "overview for ashofspades",
                "title_link": "https:\/\/www.reddit.com\/user\/ashofspades",
                "text": "The cake is a lie.",
                "fallback": "overview for ashofspades",
                "from_url": "https:\/\/www.reddit.com\/user\/ashofspades",
                "service_icon": "http:\/\/www.redditstatic.com\/desktop2x\/img\/favicon\/apple-icon-57x57.png",
                "service_name": "reddit.com",
                "id": 1,
                "original_url": "https:\/\/www.reddit.com\/user\/ashofspades"
            }
        ],
        "edited": {
            "user": "BG3N7LG73",
            "ts": "1579417026.000000"
        }
    }
]