[
    {
        "type": "message",
        "subtype": "bot_message",
        "text": "<https:\/\/www.reddit.com\/r\/Terraform\/comments\/epir1x\/emr_custom_ami_with_terraform\/|EMR - Custom AMI - with terraform>\nHas anyone created a EMR cluster with custom AMI ID? I am following the tf code and passing the custom_ami_id param during deployment and it doesnt work for some reason. It's picking up the ami id defined by aws for emr release label    submitted by   <https:\/\/www.reddit.com\/user\/harshavardhanvp| \/u\/harshavardhanvp > \n<https:\/\/www.reddit.com\/r\/Terraform\/comments\/epir1x\/emr_custom_ami_with_terraform\/|[link]>   &lt;a...",
        "ts": "1579178818.008600",
        "username": "Terraform ALL the Worlds!",
        "icons": {
            "image_48": "https:\/\/s3-us-west-2.amazonaws.com\/slack-files2\/bot_icons\/2019-02-12\/548785199618_48.png"
        },
        "bot_id": "BG3N7LG73",
        "attachments": [
            {
                "service_name": "reddit",
                "title": "EMR - Custom AMI - with terraform",
                "title_link": "https:\/\/www.reddit.com\/r\/Terraform\/comments\/epir1x\/emr_custom_ami_with_terraform\/",
                "text": "Has anyone created a EMR cluster with custom AMI ID? I am following the tf code and passing the custom\\_ami\\_id param during deployment and it...",
                "fallback": "reddit: EMR - Custom AMI - with terraform",
                "thumb_url": "https:\/\/www.redditstatic.com\/new-icon.png",
                "from_url": "https:\/\/www.reddit.com\/r\/Terraform\/comments\/epir1x\/emr_custom_ami_with_terraform\/",
                "thumb_width": 256,
                "thumb_height": 256,
                "service_icon": "http:\/\/www.redditstatic.com\/desktop2x\/img\/favicon\/apple-icon-57x57.png",
                "id": 1,
                "original_url": "https:\/\/www.reddit.com\/r\/Terraform\/comments\/epir1x\/emr_custom_ami_with_terraform\/"
            },
            {
                "title": "overview for harshavardhanvp",
                "title_link": "https:\/\/www.reddit.com\/user\/harshavardhanvp",
                "text": "The u\/harshavardhanvp community on Reddit. Reddit gives you the best of the internet in one place.",
                "fallback": "overview for harshavardhanvp",
                "from_url": "https:\/\/www.reddit.com\/user\/harshavardhanvp",
                "service_icon": "http:\/\/www.redditstatic.com\/desktop2x\/img\/favicon\/apple-icon-57x57.png",
                "service_name": "reddit.com",
                "id": 2,
                "original_url": "https:\/\/www.reddit.com\/user\/harshavardhanvp"
            }
        ]
    },
    {
        "type": "message",
        "subtype": "bot_message",
        "text": "<https:\/\/www.reddit.com\/r\/Terraform\/comments\/epkn0n\/help_getting_aws_subnet_id_to_populate_route\/|Help getting AWS subnet_id to populate Route tables, Security Groups, etc...>\nSo, I'll be the first to admit I'm new to Terraform. I have an extensive SysOps experience and have decided it's time to modernise my skill set. So with the fluff out of the way, Here is what I'm trying to accomplish. I'm trying to build the foundation layer for my AWS environment. Basically a VPC, with a public, private and, database subnets. Sounds easy right? There are 100's of examples online of pre-build modules to get this done but me being me wanted to learn this stuff myself so I...",
        "ts": "1579188416.008800",
        "username": "Terraform ALL the Worlds!",
        "icons": {
            "image_48": "https:\/\/s3-us-west-2.amazonaws.com\/slack-files2\/bot_icons\/2019-02-12\/548785199618_48.png"
        },
        "bot_id": "BG3N7LG73",
        "attachments": [
            {
                "service_name": "reddit",
                "title": "Help getting AWS subnet_id to populate Route tables, Security Groups, etc...",
                "title_link": "https:\/\/www.reddit.com\/r\/Terraform\/comments\/epkn0n\/help_getting_aws_subnet_id_to_populate_route\/",
                "text": "So, I'll be the first to admit I'm new to Terraform. I have an extensive SysOps experience and have decided it's time to modernise my skill...",
                "fallback": "reddit: Help getting AWS subnet_id to populate Route tables, Security Groups, etc...",
                "thumb_url": "https:\/\/www.redditstatic.com\/new-icon.png",
                "from_url": "https:\/\/www.reddit.com\/r\/Terraform\/comments\/epkn0n\/help_getting_aws_subnet_id_to_populate_route\/",
                "thumb_width": 256,
                "thumb_height": 256,
                "service_icon": "http:\/\/www.redditstatic.com\/desktop2x\/img\/favicon\/apple-icon-57x57.png",
                "id": 1,
                "original_url": "https:\/\/www.reddit.com\/r\/Terraform\/comments\/epkn0n\/help_getting_aws_subnet_id_to_populate_route\/"
            }
        ]
    },
    {
        "type": "message",
        "subtype": "bot_message",
        "text": "<https:\/\/www.reddit.com\/r\/Terraform\/comments\/eplxai\/newbie_question_why_on_earth_does_this_script_work\/|Newbie question: why on earth does this script work?!>\nTotal Newbie here. I want to learn terraform and figured I start with a simple hello-world aws lambda function. I found <https:\/\/gist.github.com\/smithclay\/e026b10980214cbe95600b82f67b4958|this script> online. I saved `<http:\/\/lambda.tf|lambda.tf>` and `index.js` to my Mac. I installed terraform through homebrew and then ran the following: terraform init terraform plan terraform apply  (Note: I had to make exactly one change to the `<https:\/\/lambda.tf\/|lambda.tf>` script based on feedback...",
        "ts": "1579194426.009000",
        "username": "Terraform ALL the Worlds!",
        "icons": {
            "image_48": "https:\/\/s3-us-west-2.amazonaws.com\/slack-files2\/bot_icons\/2019-02-12\/548785199618_48.png"
        },
        "bot_id": "BG3N7LG73",
        "attachments": [
            {
                "service_name": "reddit",
                "title": "Newbie question: why on earth does this script work?!",
                "title_link": "https:\/\/www.reddit.com\/r\/Terraform\/comments\/eplxai\/newbie_question_why_on_earth_does_this_script_work\/",
                "text": "Total Newbie here. I want to learn terraform and figured I start with a simple hello-world aws lambda function. I found [this...",
                "fallback": "reddit: Newbie question: why on earth does this script work?!",
                "thumb_url": "https:\/\/www.redditstatic.com\/new-icon.png",
                "from_url": "https:\/\/www.reddit.com\/r\/Terraform\/comments\/eplxai\/newbie_question_why_on_earth_does_this_script_work\/",
                "thumb_width": 256,
                "thumb_height": 256,
                "service_icon": "http:\/\/www.redditstatic.com\/desktop2x\/img\/favicon\/apple-icon-57x57.png",
                "id": 1,
                "original_url": "https:\/\/www.reddit.com\/r\/Terraform\/comments\/eplxai\/newbie_question_why_on_earth_does_this_script_work\/"
            }
        ]
    },
    {
        "type": "message",
        "subtype": "bot_message",
        "text": "<https:\/\/www.reddit.com\/r\/Terraform\/comments\/epnsld\/for_each_limitation_or_am_i_missing_something\/|for_each limitation or am I missing something>\nHi all... I'll get to the point... Before I get too far down the count rabbit hole, I figure I should take this opportunity to use for_each where possible.  Starting with the basics, I'm want to create 1 subnet per availability zone using a for_each statement. When I was using count I could use count.index to reference an availability zone from the data source aws_availability_zones. Now that I'm using a for_each statement, I can't seem to figure out how to tell the resource aws_subnet to...",
        "ts": "1579201621.009200",
        "username": "Terraform ALL the Worlds!",
        "icons": {
            "image_48": "https:\/\/s3-us-west-2.amazonaws.com\/slack-files2\/bot_icons\/2019-02-12\/548785199618_48.png"
        },
        "bot_id": "BG3N7LG73",
        "attachments": [
            {
                "service_name": "reddit",
                "title": "for_each limitation or am I missing something",
                "title_link": "https:\/\/www.reddit.com\/r\/Terraform\/comments\/epnsld\/for_each_limitation_or_am_i_missing_something\/",
                "text": "Hi all... I'll get to the point... Before I get too far down the `count` rabbit hole, I figure I should take this opportunity to use `for_each`...",
                "fallback": "reddit: for_each limitation or am I missing something",
                "thumb_url": "https:\/\/www.redditstatic.com\/new-icon.png",
                "from_url": "https:\/\/www.reddit.com\/r\/Terraform\/comments\/epnsld\/for_each_limitation_or_am_i_missing_something\/",
                "thumb_width": 256,
                "thumb_height": 256,
                "service_icon": "http:\/\/www.redditstatic.com\/desktop2x\/img\/favicon\/apple-icon-57x57.png",
                "id": 1,
                "original_url": "https:\/\/www.reddit.com\/r\/Terraform\/comments\/epnsld\/for_each_limitation_or_am_i_missing_something\/"
            }
        ]
    },
    {
        "type": "message",
        "subtype": "bot_message",
        "text": "<https:\/\/www.reddit.com\/r\/Terraform\/comments\/epo3zq\/newbie_question_importing_my_already_working_vpc\/|Newbie Question: Importing my already working VPC and Subnet ID to this EFS resource I want to add.>\nSo I want to add an EFS resouce to my template and I feel like this current code is instantiating new resources and Id rather just call the resources i have from my <https:\/\/vpc.tf\/|vpc.tf> file. ​  resource \"aws_efs_file_system\" \"openshift-terraform-efs\" {  creation_token = \"efs-terraform\"  tags = {  Name = \"openshift-terraform-efs\"  }  }  \"aws_efs_mount_target\" \"openshift-terraform-efssmount\" {  file_system_id = \"${aws_efs_file_system.openshift-terraform-efs.id}\"  subnet_id =...",
        "ts": "1579202815.009400",
        "username": "Terraform ALL the Worlds!",
        "icons": {
            "image_48": "https:\/\/s3-us-west-2.amazonaws.com\/slack-files2\/bot_icons\/2019-02-12\/548785199618_48.png"
        },
        "bot_id": "BG3N7LG73",
        "attachments": [
            {
                "service_name": "reddit",
                "title": "Newbie Question: Importing my already working VPC and Subnet ID to this EFS resource I want to add.",
                "title_link": "https:\/\/www.reddit.com\/r\/Terraform\/comments\/epo3zq\/newbie_question_importing_my_already_working_vpc\/",
                "text": "So I want to add an EFS resouce to my template and I feel like this current code is instantiating new resources and Id rather just call the...",
                "fallback": "reddit: Newbie Question: Importing my already working VPC and Subnet ID to this EFS resource I want to add.",
                "thumb_url": "https:\/\/www.redditstatic.com\/new-icon.png",
                "from_url": "https:\/\/www.reddit.com\/r\/Terraform\/comments\/epo3zq\/newbie_question_importing_my_already_working_vpc\/",
                "thumb_width": 256,
                "thumb_height": 256,
                "service_icon": "http:\/\/www.redditstatic.com\/desktop2x\/img\/favicon\/apple-icon-57x57.png",
                "id": 1,
                "original_url": "https:\/\/www.reddit.com\/r\/Terraform\/comments\/epo3zq\/newbie_question_importing_my_already_working_vpc\/"
            }
        ]
    },
    {
        "type": "message",
        "subtype": "bot_message",
        "text": "<https:\/\/www.reddit.com\/r\/Terraform\/comments\/epq7qb\/how_can_i_take_a_terraform_resource_eg_vpc34521\/|How can I take a Terraform Resource (e.g vpc-34521) and Export it as a Global Variable on a Linux Server?>\nsubmitted by   <https:\/\/www.reddit.com\/user\/kalavala93| \/u\/kalavala93 > \n<https:\/\/www.reddit.com\/r\/Terraform\/comments\/epq7qb\/how_can_i_take_a_terraform_resource_eg_vpc34521\/|[link]>   <https:\/\/www.reddit.com\/r\/Terraform\/comments\/epq7qb\/how_can_i_take_a_terraform_resource_eg_vpc34521\/|[comments]>",
        "ts": "1579212419.009600",
        "username": "Terraform ALL the Worlds!",
        "icons": {
            "image_48": "https:\/\/s3-us-west-2.amazonaws.com\/slack-files2\/bot_icons\/2019-02-12\/548785199618_48.png"
        },
        "bot_id": "BG3N7LG73",
        "attachments": [
            {
                "service_name": "reddit",
                "title": "How can I take a Terraform Resource (e.g vpc-34521) and Export it as a Global Variable on a Linux Server?",
                "title_link": "https:\/\/www.reddit.com\/r\/Terraform\/comments\/epq7qb\/how_can_i_take_a_terraform_resource_eg_vpc34521\/",
                "text": "Posted in r\/Terraform by u\/kalavala93 • 1 point and 0 comments",
                "fallback": "reddit: How can I take a Terraform Resource (e.g vpc-34521) and Export it as a Global Variable on a Linux Server?",
                "thumb_url": "https:\/\/www.redditstatic.com\/new-icon.png",
                "from_url": "https:\/\/www.reddit.com\/r\/Terraform\/comments\/epq7qb\/how_can_i_take_a_terraform_resource_eg_vpc34521\/",
                "thumb_width": 256,
                "thumb_height": 256,
                "service_icon": "http:\/\/www.redditstatic.com\/desktop2x\/img\/favicon\/apple-icon-57x57.png",
                "id": 1,
                "original_url": "https:\/\/www.reddit.com\/r\/Terraform\/comments\/epq7qb\/how_can_i_take_a_terraform_resource_eg_vpc34521\/"
            },
            {
                "title": "overview for kalavala93",
                "title_link": "https:\/\/www.reddit.com\/user\/kalavala93",
                "text": "The u\/kalavala93 community on Reddit. Reddit gives you the best of the internet in one place.",
                "fallback": "overview for kalavala93",
                "from_url": "https:\/\/www.reddit.com\/user\/kalavala93",
                "service_icon": "http:\/\/www.redditstatic.com\/desktop2x\/img\/favicon\/apple-icon-57x57.png",
                "service_name": "reddit.com",
                "id": 2,
                "original_url": "https:\/\/www.reddit.com\/user\/kalavala93"
            }
        ]
    },
    {
        "type": "message",
        "subtype": "bot_message",
        "text": "<https:\/\/www.reddit.com\/r\/Terraform\/comments\/eps4on\/create_before_destroy\/|Create before destroy?>\nI have a service that relies on route53 and dynamo resources. Currently I have to create a copy and manually create a copy and destroy just so that terraform doesn't complain. Is there a way around this so that I can just do a simple apply and no extra manual work?    submitted by   <https:\/\/www.reddit.com\/user\/devOpsBop| \/u\/devOpsBop > \n<https:\/\/www.reddit.com\/r\/Terraform\/comments\/eps4on\/create_before_destroy\/|[link]>   &lt;a...",
        "ts": "1579219618.009800",
        "username": "Terraform ALL the Worlds!",
        "icons": {
            "image_48": "https:\/\/s3-us-west-2.amazonaws.com\/slack-files2\/bot_icons\/2019-02-12\/548785199618_48.png"
        },
        "bot_id": "BG3N7LG73",
        "attachments": [
            {
                "service_name": "reddit",
                "title": "Create before destroy?",
                "title_link": "https:\/\/www.reddit.com\/r\/Terraform\/comments\/eps4on\/create_before_destroy\/",
                "text": "I have a service that relies on route53 and dynamo resources. Currently I have to create a copy and manually create a copy and destroy just so...",
                "fallback": "reddit: Create before destroy?",
                "thumb_url": "https:\/\/www.redditstatic.com\/new-icon.png",
                "from_url": "https:\/\/www.reddit.com\/r\/Terraform\/comments\/eps4on\/create_before_destroy\/",
                "thumb_width": 256,
                "thumb_height": 256,
                "service_icon": "http:\/\/www.redditstatic.com\/desktop2x\/img\/favicon\/apple-icon-57x57.png",
                "id": 1,
                "original_url": "https:\/\/www.reddit.com\/r\/Terraform\/comments\/eps4on\/create_before_destroy\/"
            },
            {
                "title": "reddit.com: over 18?",
                "title_link": "https:\/\/www.reddit.com\/user\/devOpsBop",
                "text": "Reddit gives you the best of the internet in one place. Get a constantly updating feed of breaking news, fun stories, pics, memes, and videos just for you. Passionate about something niche? Reddit has thousands of vibrant communities with people that share your interests. Alternatively, find out what’s trending across all of Reddit on r\/popular. Reddit is also anonymous so you can be yourself, with your Reddit profile and persona disconnected from your real-world identity.",
                "fallback": "reddit.com: over 18?",
                "from_url": "https:\/\/www.reddit.com\/user\/devOpsBop",
                "service_icon": "http:\/\/www.redditstatic.com\/desktop2x\/img\/favicon\/apple-icon-57x57.png",
                "service_name": "reddit.com",
                "id": 2,
                "original_url": "https:\/\/www.reddit.com\/user\/devOpsBop"
            }
        ]
    },
    {
        "type": "message",
        "subtype": "bot_message",
        "text": "<https:\/\/www.reddit.com\/r\/Terraform\/comments\/epuvyl\/ok_i_get_it_im_not_supposed_to_use_terraform_with\/|O.K I get it, I'm not supposed to use terraform with Azure...?>\nHey terraform peeps, I have been using terraform with AWS for a while. Could not complain, except syntax of course… When it comes to communication with AWS API most issue are relatively simple, infrequent or due to a complex setup. I don’t find the same thing with azure. Even a simple LB to VMSS seems to blow up in my face.  What do I do if I just want to update user-data in VM? Why can't I just run apply again like usual...?  Is it possible to update VMSS attached to LB without some...",
        "ts": "1579232816.000100",
        "username": "Terraform ALL the Worlds!",
        "icons": {
            "image_48": "https:\/\/s3-us-west-2.amazonaws.com\/slack-files2\/bot_icons\/2019-02-12\/548785199618_48.png"
        },
        "bot_id": "BG3N7LG73",
        "attachments": [
            {
                "service_name": "reddit",
                "title": "O.K I get it, I'm not supposed to use terraform with Azure...?",
                "title_link": "https:\/\/www.reddit.com\/r\/Terraform\/comments\/epuvyl\/ok_i_get_it_im_not_supposed_to_use_terraform_with\/",
                "text": "Hey terraform peeps, I have been using terraform with AWS for a while. Could not complain, except syntax of course… When it comes to...",
                "fallback": "reddit: O.K I get it, I'm not supposed to use terraform with Azure...?",
                "thumb_url": "https:\/\/www.redditstatic.com\/new-icon.png",
                "from_url": "https:\/\/www.reddit.com\/r\/Terraform\/comments\/epuvyl\/ok_i_get_it_im_not_supposed_to_use_terraform_with\/",
                "thumb_width": 256,
                "thumb_height": 256,
                "service_icon": "http:\/\/www.redditstatic.com\/desktop2x\/img\/favicon\/apple-icon-57x57.png",
                "id": 1,
                "original_url": "https:\/\/www.reddit.com\/r\/Terraform\/comments\/epuvyl\/ok_i_get_it_im_not_supposed_to_use_terraform_with\/"
            }
        ]
    },
    {
        "type": "message",
        "subtype": "bot_message",
        "text": "<https:\/\/www.reddit.com\/r\/Terraform\/comments\/epvuhx\/best_way_to_allow_terraform_to_recurse_into_sub\/|Best way to allow terraform to recurse into sub folders.>\nLet's say I have a structure like the following... <http:\/\/main.tf|main.tf> <http:\/\/output.tf|output.tf> |_DATA DIR | |_ <http:\/\/data_ec2.tf|data_ec2.tf> | |_ <http:\/\/data.tf|data.tf> | |_RESOURCES DIR |_ <http:\/\/ec2.tf|ec2.tf> |_ <http:\/\/rds.tf|rds.tf>  How would i go about having terrform recurse in to the sub directories?    submitted by   <https:\/\/www.reddit.com\/user\/GlaucomaPredator| \/u\/GlaucomaPredator > \n<https:\/\/www.reddit.com\/r\/Terraform\/comments\/epvuhx\/best_way_to_allow_terraform_to_recurse_into_sub\/|[link]>   &lt;a...",
        "ts": "1579238816.000300",
        "username": "Terraform ALL the Worlds!",
        "icons": {
            "image_48": "https:\/\/s3-us-west-2.amazonaws.com\/slack-files2\/bot_icons\/2019-02-12\/548785199618_48.png"
        },
        "bot_id": "BG3N7LG73",
        "attachments": [
            {
                "service_name": "reddit",
                "title": "Best way to allow terraform to recurse into sub folders.",
                "title_link": "https:\/\/www.reddit.com\/r\/Terraform\/comments\/epvuhx\/best_way_to_allow_terraform_to_recurse_into_sub\/",
                "text": "Let's say I have a structure like the following... <http:\/\/main.tf|main.tf> <http:\/\/output.tf|output.tf> |_DATA DIR | |_ <http:\/\/data_ec2.tf|data_ec2.tf> | |_...",
                "fallback": "reddit: Best way to allow terraform to recurse into sub folders.",
                "thumb_url": "https:\/\/www.redditstatic.com\/new-icon.png",
                "from_url": "https:\/\/www.reddit.com\/r\/Terraform\/comments\/epvuhx\/best_way_to_allow_terraform_to_recurse_into_sub\/",
                "thumb_width": 256,
                "thumb_height": 256,
                "service_icon": "http:\/\/www.redditstatic.com\/desktop2x\/img\/favicon\/apple-icon-57x57.png",
                "id": 1,
                "original_url": "https:\/\/www.reddit.com\/r\/Terraform\/comments\/epvuhx\/best_way_to_allow_terraform_to_recurse_into_sub\/"
            },
            {
                "title": "overview for GlaucomaPredator",
                "title_link": "https:\/\/www.reddit.com\/user\/GlaucomaPredator",
                "text": "The u\/GlaucomaPredator community on Reddit. Reddit gives you the best of the internet in one place.",
                "fallback": "overview for GlaucomaPredator",
                "from_url": "https:\/\/www.reddit.com\/user\/GlaucomaPredator",
                "service_icon": "http:\/\/www.redditstatic.com\/desktop2x\/img\/favicon\/apple-icon-57x57.png",
                "service_name": "reddit.com",
                "id": 2,
                "original_url": "https:\/\/www.reddit.com\/user\/GlaucomaPredator"
            }
        ]
    },
    {
        "type": "message",
        "subtype": "bot_message",
        "text": "<https:\/\/qiita.com\/takat0-h0rikosh1\/items\/f821fe4e308226123bac|Terraform(google provider) で Service Account に Role をバインドするときの罠>\nCloud Run から Cloud SQL へのコネクションを作るには Service Account によって承認を通す必要がある。Cloud Function と同じアプローチ。\n\n<https:\/\/cloud.google.com\/sql\/docs\/mysql\/connect-run?hl=ja|https:\/\/cloud.google.com\/sql\/docs\/mysql\/connect-run?hl=ja>  \n\n前例の記事などがなかったので雰囲気で手を動かしてたらがっつりハマったので備忘録を残していく。\n\n\n<https:\/\/qiita.com\/#service-account-%E3%82%92%E4%BD%9C%E3%82%8B>Service Account を作る\n\nTerrafrom で Service Account のリソースを作ると以下のような感じ。\n\nresource...",
        "ts": "1579241815.000500",
        "username": "Terraformタグが付けられた新着記事 - Qiita",
        "icons": {
            "image_36": "https:\/\/a.slack-edge.com\/80588\/img\/services\/rss_36.png",
            "image_48": "https:\/\/a.slack-edge.com\/80588\/img\/services\/rss_48.png",
            "image_72": "https:\/\/a.slack-edge.com\/80588\/img\/services\/rss_72.png"
        },
        "bot_id": "BG3N7LG73",
        "attachments": [
            {
                "service_name": "Qiita",
                "title": "Terraform(google provider) で Service Account に Role をバインドするときの罠 - Qiita",
                "title_link": "https:\/\/qiita.com\/takat0-h0rikosh1\/items\/f821fe4e308226123bac",
                "text": "Cloud Run から Cloud SQL へのコネクションを作るには Service Account によって承認を通す必要がある。Cloud Function と同じアプローチ。 <https:\/\/cloud.google.c>...",
                "fallback": "Qiita: Terraform(google provider) で Service Account に Role をバインドするときの罠 - Qiita",
                "image_url": "https:\/\/qiita-user-contents.imgix.net\/https%3A%2F%2Fcdn.qiita.com%2Fassets%2Fpublic%2Fogp-background-1150d8b18a7c15795b701a55ae908f94.png?ixlib=rb-1.2.2&w=1200&mark=https%3A%2F%2Fqiita-user-contents.imgix.net%2F~text%3Fixlib%3Drb-1.2.2%26w%3D840%26h%3D380%26txt%3DTerraform%2528google%2520provider%2529%2520%25E3%2581%25A7%2520Service%2520Account%2520%25E3%2581%25AB%2520Role%2520%25E3%2582%2592%25E3%2583%2590%25E3%2582%25A4%25E3%2583%25B3%25E3%2583%2589%25E3%2581%2599%25E3%2582%258B%25E3%2581%25A8%25E3%2581%258D%25E3%2581%25AE%25E7%25BD%25A0%26txt-color%3D%2523333%26txt-font%3DAvenir-Black%26txt-size%3D54%26txt-clip%3Dellipsis%26txt-align%3Dcenter%252Cmiddle%26s%3Deee49b2413aec0139bbc3a8c4c3275dc&mark-align=center%2Cmiddle&blend=https%3A%2F%2Fqiita-user-contents.imgix.net%2F~text%3Fixlib%3Drb-1.2.2%26w%3D840%26h%3D500%26txt%3D%2540takat0-h0rikosh1%26txt-color%3D%2523333%26txt-font%3DAvenir-Black%26txt-size%3D45%26txt-align%3Dright%252Cbottom%26s%3Dfeba294e56c7e688d46589e7ea9be063&blend-align=center%2Cmiddle&blend-mode=normal&s=c760251530611b6fb4f9d5ad2ea3089c",
                "from_url": "https:\/\/qiita.com\/takat0-h0rikosh1\/items\/f821fe4e308226123bac",
                "image_width": 476,
                "image_height": 250,
                "image_bytes": 56795,
                "service_icon": "https:\/\/cdn.qiita.com\/assets\/favicons\/public\/apple-touch-icon-ec5ba42a24ae923f16825592efdc356f.png",
                "id": 1,
                "original_url": "https:\/\/qiita.com\/takat0-h0rikosh1\/items\/f821fe4e308226123bac"
            },
            {
                "service_name": "Qiita",
                "title": "プログラマの技術情報共有サービス - Qiita",
                "title_link": "https:\/\/qiita.com\/#service-account-%E3%82%92%E4%BD%9C%E3%82%8B",
                "text": "Qiitaは、プログラマのための技術情報共有サービスです。 プログラミングに関するTips、ノウハウ、メモを簡単に記録 &amp; 公開することができます。",
                "fallback": "Qiita: プログラマの技術情報共有サービス - Qiita",
                "thumb_url": "https:\/\/cdn.qiita.com\/assets\/qiita-fb-fe28c64039d925349e620ba55091e078.png",
                "from_url": "https:\/\/qiita.com\/#service-account-%E3%82%92%E4%BD%9C%E3%82%8B",
                "thumb_width": 1200,
                "thumb_height": 630,
                "service_icon": "https:\/\/cdn.qiita.com\/assets\/favicons\/public\/apple-touch-icon-ec5ba42a24ae923f16825592efdc356f.png",
                "id": 2,
                "original_url": "https:\/\/qiita.com\/#service-account-%E3%82%92%E4%BD%9C%E3%82%8B"
            }
        ]
    }
]