[
    {
        "type": "message",
        "subtype": "bot_message",
        "text": "",
        "ts": "1628112234.000900",
        "bot_id": "B01D39EAGTT",
        "attachments": [
            {
                "fallback": "hashicorp\/terraform on GitHub\nv1.0.4v1.0.4 \nrelease note: <https:\/\/newreleases.io\/github\/hashicorp\/terraform?version=v1.0.4>",
                "text": "*v1.0.4* `v1.0.4` \n```\n-----------------------\n1.0.4 (August 04, 2021)\n-----------------------\n\nBUG FIXES:\n\n* backend\/consul: Fix a bug where the state value may be too large for consul to accept ( #28838 ( <https:\/\/github.com\/hashicorp\/terraform\/issues\/28838> ) )\n\n* cli: Fixed a crashing bug with some edge-cases when reporting syntax errors that happen to be reported at the position of a newline. ( #29048 ( <https:\/\/github.com\/hashicorp\/terraform\/issues\/29048> ) )\n```\n<https:\/\/newreleases.io\/github\/hashicorp\/terraform?version=v1.0.4|release note...>",
                "title": "hashicorp\/terraform on GitHub",
                "id": 1,
                "title_link": "https:\/\/newreleases.io\/github\/hashicorp\/terraform",
                "mrkdwn_in": [
                    "text"
                ]
            }
        ]
    }
]