[
    {
        "type": "message",
        "subtype": "bot_message",
        "text": "",
        "ts": "1628694937.001700",
        "bot_id": "B01D39EAGTT",
        "attachments": [
            {
                "fallback": "hashicorp\/terraform on GitHub\nv1.1.0-alpha20210811v1.1.0-alpha20210811 pre-release\nrelease note: <https:\/\/newreleases.io\/github\/hashicorp\/terraform?version=v1.1.0-alpha20210811>",
                "text": "*v1.1.0-alpha20210811* `v1.1.0-alpha20210811` _pre-release_\n```\n------------------\n1.1.0 (Unreleased)\n------------------\n\nNEW FEATURES:\n\n* cli: terraform add generates resource configuration templates ( #28874 ( <https:\/\/github.com\/hashicorp\/terraform\/issues\/28874> ) )\n\n* config: a new type() function, only available in terraform console ( #28501 ( <https:\/\/github.com\/hashicorp\/terraform\/issues\/28501> ) )\n\nENHANCEMENTS:\n\n* config: Terraform now checks the syntax of and normalizes module source addresses (the source argument in module blocks) during configuration decoding rather than only at module installation time. This is largely just an internal refactoring, but a visible benefit of this change is that the terraform init messages about module downloading will now show the canonical module package address Terraform is downloading from, after interpreting the special shorthands for common cases like GitHub URLs. ( #28854 ( <https:\/\/github.com\/hashicorp\/terraform\/issues\/28854> ) )\n\nBUG FIXES:\n\n* core: Fixed an issue where provider configuration input variables were not properly merging with values in configuration ( #29000 ( <https:\/\/github.com\/hashicorp\/terraform\/issues\/29000> ) )\n```\n<https:\/\/newreleases.io\/github\/hashicorp\/terraform?version=v1.1.0-alpha20210811|release note...>",
                "title": "hashicorp\/terraform on GitHub",
                "id": 1,
                "title_link": "https:\/\/newreleases.io\/github\/hashicorp\/terraform",
                "mrkdwn_in": [
                    "text"
                ]
            }
        ]
    }
]