[
    {
        "type": "message",
        "subtype": "bot_message",
        "text": "",
        "ts": "1630345306.001000",
        "bot_id": "B01D39EAGTT",
        "attachments": [
            {
                "fallback": "hashicorp\/terraform-provider-google on GitHub\nv3.82.0",
                "text": "`v3.82.0`",
                "title": "hashicorp\/terraform-provider-google on GitHub",
                "id": 1,
                "title_link": "https:\/\/newreleases.io\/github\/hashicorp\/terraform-provider-google",
                "mrkdwn_in": [
                    "text"
                ]
            }
        ]
    },
    {
        "type": "message",
        "subtype": "bot_message",
        "text": "",
        "ts": "1630356934.001100",
        "bot_id": "B01D39EAGTT",
        "attachments": [
            {
                "fallback": "hashicorp\/terraform-provider-google on GitHub\nv3.82.0v3.82.0 updated\nrelease note: <https:\/\/newreleases.io\/github\/hashicorp\/terraform-provider-google?version=v3.82.0>",
                "text": "*v3.82.0* `v3.82.0` _updated_\n```\nFEATURES:\n\n* *New Resource:* google_privateca_certificate_template ( #9905 ( <https:\/\/github.com\/hashicorp\/terraform-provider-google\/pull\/9905> ) )\n\n* *New Resource:* google_compute_firewall_policy ( #9887 ( <https:\/\/github.com\/hashicorp\/terraform-provider-google\/pull\/9887> ) )\n\n* *New Resource:* google_compute_firewall_policy_association ( #9887 ( <https:\/\/github.com\/hashicorp\/terraform-provider-google\/pull\/9887> ) )\n\n* *New Resource:* google_compute_firewall_policy_rule ( #9887 ( <https:\/\/github.com\/hashicorp\/terraform-provider-google\/pull\/9887> ) )\n\nIMPROVEMENTS:\n\n* sql: added field collation to google_sql_database_instance ( #9888 ( <https:\/\/github.com\/hashicorp\/terraform-provider-google\/pull\/9888> ) )\n\nBUG FIXES:\n\n* apigateway: fixed import functionality for all apigateway resources ( #9871 ( <https:\/\/github.com\/hashicorp\/terraform-provider-google\/pull\/9871> ) )\n\n* dns: fixed not-exists error message on data source google_dns_managed_zone ( #9898 ( <https:\/\/github.com\/hashicorp\/terraform-provider-google\/pull\/9898> ) )\n\n* healthcare: fixed bug where changes to google_healthcare_hl7_v2_store.parser_config subfields would error with \"...parser_config.version field is immutable...\" ( #9900 ( <https:\/\/github.com\/hashicorp\/terraform-provider-google\/pull\/9900> ) )\n\n* os_config: fixed imports for google_os_config_guest_policies ( #9872 ( <https:\/\/github.com\/hashicorp\/terraform-provider-google\/pull\/9872> ) )\n\n* pubsub: added polling to google_pubsub_schema to deal with eventually consistent deletes ( #9863 ( <https:\/\/github.com\/hashicorp\/terraform-provider-google\/pull\/9863> ) )\n\n* secretmanager: fixed an issue where replication fields would not update in google_secret_manager_secret ( #9894 ( <https:\/\/github.com\/hashicorp\/terraform-provider-google\/pull\/9894> ) )\n\n* service_usage: fixed imports on google_service_usage_consumer_quota_override ( #9876 ( <https:\/\/github.com\/hashicorp\/terraform-provider-google\/pull\/9876> ) )\n\n* sql: fixed a permadiff bug for type when BUILT_IN on google_sql_user ( #9864 ( <https:\/\/github.com\/hashicorp\/terraform-provider-google\/pull\/9864> ) )\n\n* sql: fixed bug in google_sql_user with CLOUD_IAM_USERs on POSTGRES. ( #9859 ( <https:\/\/github.com\/hashicorp\/terraform-provider-google\/pull\/9859> ) )\n```\n<https:\/\/newreleases.io\/github\/hashicorp\/terraform-provider-google?version=v3.82.0|release note...>",
                "title": "hashicorp\/terraform-provider-google on GitHub",
                "id": 1,
                "title_link": "https:\/\/newreleases.io\/github\/hashicorp\/terraform-provider-google",
                "mrkdwn_in": [
                    "text"
                ]
            }
        ]
    },
    {
        "type": "message",
        "subtype": "bot_message",
        "text": "",
        "ts": "1630384147.001200",
        "bot_id": "B01D39EAGTT",
        "attachments": [
            {
                "fallback": "hashicorp\/packer on GitHub\nnightlynightly pre-release, updated\nrelease note: <https:\/\/newreleases.io\/github\/hashicorp\/packer?version=nightly>",
                "text": "*nightly* `nightly` _pre-release_, _updated_\n```\nNightly releases are snapshots of the development activity on the Packer project that may include new features and bug fixes scheduled for upcoming releases ( <https:\/\/github.com\/hashicorp\/packer\/milestones> ). These releases are made available to make it easier for users to test their existing build configurations against the latest Packer code base for potential issues or to experiment with new features, with a chance to provide feedback on ways to improve the changes before being released.\n\nAs these releases are snapshots of the latest code, you may encounter an issue compared to the latest stable release so users are encouraged to run nightly releases in a non production environment. If you encounter an issue, please check our issue tracker ( <https:\/\/github.com\/hashicorp\/packer\/issues> ) to see if the issue has already been reported; if a report hasn't been made, please report it so we can review the issue and make any needed fixes.\n\n*Note* : Nightly releases are only available via GitHub; distribution via Homebrew, Docker, or Chocolatey is not supported.\n```\n<https:\/\/newreleases.io\/github\/hashicorp\/packer?version=nightly|release note...>",
                "title": "hashicorp\/packer on GitHub",
                "id": 1,
                "title_link": "https:\/\/newreleases.io\/github\/hashicorp\/packer",
                "mrkdwn_in": [
                    "text"
                ]
            }
        ]
    }
]