[
    {
        "type": "message",
        "subtype": "bot_message",
        "text": "",
        "ts": "1630017272.000100",
        "bot_id": "B01D39EAGTT",
        "attachments": [
            {
                "fallback": "hashicorp\/terraform-provider-aws on GitHub\nv3.56.0 \n\nv3.55.0v3.55.0 updated\nrelease note: <https:\/\/newreleases.io\/github\/hashicorp\/terraform-provider-aws?version=v3.55.0>",
                "text": "`v3.56.0` \n\n*v3.55.0* `v3.55.0` _updated_\n```\nFEATURES:\n\n* *New Data Source:* aws_iam_roles ( #18585 ( <https:\/\/github.com\/hashicorp\/terraform-provider-aws\/issues\/18585> ) )\n\n* *New Data Source:* aws_subnets ( #18803 ( <https:\/\/github.com\/hashicorp\/terraform-provider-aws\/issues\/18803> ) )\n\n* *New Resource:* aws_chime_voice_connector_group ( #20565 ( <https:\/\/github.com\/hashicorp\/terraform-provider-aws\/issues\/20565> ) )\n\n* *New Resource:* aws_fsx_backup ( #20569 ( <https:\/\/github.com\/hashicorp\/terraform-provider-aws\/issues\/20569> ) )\n\n* *New Resource:* aws_sagemaker_device_fleet ( #20058 ( <https:\/\/github.com\/hashicorp\/terraform-provider-aws\/issues\/20058> ) )\n\n* *New Resource:* aws_sagemaker_human_task_ui ( #20570 ( <https:\/\/github.com\/hashicorp\/terraform-provider-aws\/issues\/20570> ) )\n\nENHANCEMENTS:\n\n* aws\/resource_aws_appconfig_deployment: Add state attribute ( #20288 ( <https:\/\/github.com\/hashicorp\/terraform-provider-aws\/issues\/20288> ) )\n\n* resource\/aws_db_parameter_group: Allow parameter values to be mixed case, prioritize certain parameters when chunking, and avoid diffs with mixed-case parameter names ( #18818 ( <https:\/\/github.com\/hashicorp\/terraform-provider-aws\/issues\/18818> ) )\n\n* resource\/aws_dms_endpoint: Add s3_settings.data_format , s3_settings.parquet_timestamp_in_millisecond , s3_settings.parquet_version , s3_settings.encryption_mode and s3_settings.server_side_encryption_kms_key_id arguments. ( #17591 ( <https:\/\/github.com\/hashicorp\/terraform-provider-aws\/issues\/17591> ) )\n\n* resource\/aws_lambda_function: Add support for python3.9 runtime value ( #20593 ( <https:\/\/github.com\/hashicorp\/terraform-provider-aws\/issues\/20593> ) )\n\n* resource\/aws_lambda_layer_version: Add support for python3.9 compatible_runtimes value ( #20593 ( <https:\/\/github.com\/hashicorp\/terraform-provider-aws\/issues\/20593> ) )\n\n* resource\/aws_wafv2: Add missing values to text_transformation argument for aws_wafv2_web_acl and aws_wafv2_rule_group resources ( #20564 ( <https:\/\/github.com\/hashicorp\/terraform-provider-aws\/issues\/20564> ) )\n\nBUG FIXES:\n\n* aws\/resource_aws_appconfig_deployment: Remove internal waiter after start of deployment ( #20288 ( <https:\/\/github.com\/hashicorp\/terraform-provider-aws\/issues\/20288> ) )\n\n* aws\/resource_aws_cloudwatch_event_rule: Correctly handle ARN in event_bus_name argument ( #20312 ( <https:\/\/github.com\/hashicorp\/terraform-provider-aws\/issues\/20312> ) )\n\n* aws\/resource_aws_cloudwatch_event_target: Correctly handle ARN in event_bus_name argument ( #20312 ( <https:\/\/github.com\/hashicorp\/terraform-provider-aws\/issues\/20312> ) )\n\n* resource\/aws_eks_addon: Treat DEGRADED as a pending state during creation ( #20562 ( <https:\/\/github.com\/hashicorp\/terraform-provider-aws\/issues\/20562> ) )\n\n* resource\/aws_eks_identity_provider_config: Increase Create and Delete timeouts to 40 minutes ( #20561 ( <https:\/\/github.com\/hashicorp\/terraform-provider-aws\/issues\/20561> ) )\n\n* resource\/aws_elasticache_user: Correctly update passwords ( #20530 ( <https:\/\/github.com\/hashicorp\/terraform-provider-aws\/issues\/20530> ) )\n\n* resource\/aws_lambda_function: Fix handler , runtime attribute validation for package_type is Zip ( #20575 ( <https:\/\/github.com\/hashicorp\/terraform-provider-aws\/issues\/20575> ) )\n\n* resource\/aws_lambda_function: fix Osaka ap-northeast-3 lambda function creation, failing due to code signer service not available in the region. ( #20555 ( <https:\/\/github.com\/hashicorp\/terraform-provider-aws\/issues\/20555> ) )\n\n* resource\/aws_rds_cluster_parameter_group: Handle paginated response when reading parameters from RDS cluster parameter group. ( #16010 ( <https:\/\/github.com\/hashicorp\/terraform-provider-aws\/issues\/16010> ) )\n\n* resource\/aws_storagegateway_smb_file_share: Only set oplocks_enabled if a value is specified in configuration ( #20579 ( <https:\/\/github.com\/hashicorp\/terraform-provider-aws\/issues\/20579> ) )\n```\n<https:\/\/newreleases.io\/github\/hashicorp\/terraform-provider-aws?version=v3.55.0|release note...>",
                "title": "hashicorp\/terraform-provider-aws on GitHub",
                "id": 1,
                "title_link": "https:\/\/newreleases.io\/github\/hashicorp\/terraform-provider-aws",
                "mrkdwn_in": [
                    "text"
                ]
            }
        ]
    },
    {
        "type": "message",
        "subtype": "bot_message",
        "text": "",
        "ts": "1630017590.000200",
        "bot_id": "B01D39EAGTT",
        "attachments": [
            {
                "fallback": "hashicorp\/terraform-provider-aws on GitHub\nv3.56.0v3.56.0 updated\nrelease note: <https:\/\/newreleases.io\/github\/hashicorp\/terraform-provider-aws?version=v3.56.0>",
                "text": "*v3.56.0* `v3.56.0` _updated_\n<https:\/\/newreleases.io\/github\/hashicorp\/terraform-provider-aws?version=v3.56.0|release note...>",
                "title": "hashicorp\/terraform-provider-aws on GitHub",
                "id": 1,
                "title_link": "https:\/\/newreleases.io\/github\/hashicorp\/terraform-provider-aws",
                "mrkdwn_in": [
                    "text"
                ]
            }
        ]
    },
    {
        "type": "message",
        "subtype": "bot_message",
        "text": "",
        "ts": "1630017609.000300",
        "bot_id": "B01D39EAGTT",
        "attachments": [
            {
                "fallback": "hashicorp\/vault on GitHub\nv1.6.6v1.6.6 \nrelease note: <https:\/\/newreleases.io\/github\/hashicorp\/vault?version=v1.6.6>",
                "text": "*v1.6.6* `v1.6.6` \n```\nRelease vault v1.6.6\n```\n<https:\/\/newreleases.io\/github\/hashicorp\/vault?version=v1.6.6|release note...>",
                "title": "hashicorp\/vault on GitHub",
                "id": 1,
                "title_link": "https:\/\/newreleases.io\/github\/hashicorp\/vault",
                "mrkdwn_in": [
                    "text"
                ]
            }
        ]
    },
    {
        "type": "message",
        "subtype": "bot_message",
        "text": "",
        "ts": "1630018240.000400",
        "bot_id": "B01D39EAGTT",
        "attachments": [
            {
                "fallback": "hashicorp\/vault on GitHub\nv1.7.4v1.7.4 \nrelease note: <https:\/\/newreleases.io\/github\/hashicorp\/vault?version=v1.7.4>",
                "text": "*v1.7.4* `v1.7.4` \n```\nRelease vault v1.7.4\n```\n<https:\/\/newreleases.io\/github\/hashicorp\/vault?version=v1.7.4|release note...>",
                "title": "hashicorp\/vault on GitHub",
                "id": 1,
                "title_link": "https:\/\/newreleases.io\/github\/hashicorp\/vault",
                "mrkdwn_in": [
                    "text"
                ]
            }
        ]
    },
    {
        "type": "message",
        "subtype": "bot_message",
        "text": "",
        "ts": "1630018551.000500",
        "bot_id": "B01D39EAGTT",
        "attachments": [
            {
                "fallback": "hashicorp\/vault on GitHub\nv1.8.2v1.8.2 \nrelease note: <https:\/\/newreleases.io\/github\/hashicorp\/vault?version=v1.8.2>",
                "text": "*v1.8.2* `v1.8.2` \n```\nRelease vault v1.8.2\n```\n<https:\/\/newreleases.io\/github\/hashicorp\/vault?version=v1.8.2|release note...>",
                "title": "hashicorp\/vault on GitHub",
                "id": 1,
                "title_link": "https:\/\/newreleases.io\/github\/hashicorp\/vault",
                "mrkdwn_in": [
                    "text"
                ]
            }
        ]
    }
]