[
    {
        "type": "message",
        "subtype": "bot_message",
        "text": "",
        "ts": "1628176869.001000",
        "bot_id": "B01D39EAGTT",
        "attachments": [
            {
                "fallback": "hashicorp\/vault on GitHub\nv1.8.1v1.8.1 \nrelease note: <https:\/\/newreleases.io\/github\/hashicorp\/vault?version=v1.8.1>",
                "text": "*v1.8.1* `v1.8.1` \n```\nRelease vault v1.8.1\n```\n<https:\/\/newreleases.io\/github\/hashicorp\/vault?version=v1.8.1|release note...>",
                "title": "hashicorp\/vault on GitHub",
                "id": 1,
                "title_link": "https:\/\/newreleases.io\/github\/hashicorp\/vault",
                "mrkdwn_in": [
                    "text"
                ]
            }
        ]
    },
    {
        "type": "message",
        "subtype": "bot_message",
        "text": "",
        "ts": "1628177706.001100",
        "bot_id": "B01D39EAGTT",
        "attachments": [
            {
                "fallback": "hashicorp\/packer on GitHub\nnightlynightly pre-release, updated\nrelease note: <https:\/\/newreleases.io\/github\/hashicorp\/packer?version=nightly>",
                "text": "*nightly* `nightly` _pre-release_, _updated_\n```\nNightly releases are snapshots of the development activity on the Packer project that may include new features and bug fixes scheduled for upcoming releases ( <https:\/\/github.com\/hashicorp\/packer\/milestones> ). These releases are made available to make it easier for users to test their existing build configurations against the latest Packer code base for potential issues or to experiment with new features, with a chance to provide feedback on ways to improve the changes before being released.\n\nAs these releases are snapshots of the latest code, you may encounter an issue compared to the latest stable release so users are encouraged to run nightly releases in a non production environment. If you encounter an issue, please check our issue tracker ( <https:\/\/github.com\/hashicorp\/packer\/issues> ) to see if the issue has already been reported; if a report hasn't been made, please report it so we can review the issue and make any needed fixes.\n\n*Note* : Nightly releases are only available via GitHub; distribution via Homebrew, Docker, or Chocolatey is not supported.\n```\n<https:\/\/newreleases.io\/github\/hashicorp\/packer?version=nightly|release note...>",
                "title": "hashicorp\/packer on GitHub",
                "id": 1,
                "title_link": "https:\/\/newreleases.io\/github\/hashicorp\/packer",
                "mrkdwn_in": [
                    "text"
                ]
            }
        ]
    },
    {
        "type": "message",
        "subtype": "bot_message",
        "text": "",
        "ts": "1628189528.001200",
        "bot_id": "B01D39EAGTT",
        "attachments": [
            {
                "fallback": "hashicorp\/boundary on GitHub\nv0.5.0v0.5.0 \nrelease note: <https:\/\/newreleases.io\/github\/hashicorp\/boundary?version=v0.5.0>",
                "text": "*v0.5.0* `v0.5.0` \n<https:\/\/newreleases.io\/github\/hashicorp\/boundary?version=v0.5.0|release note...>",
                "title": "hashicorp\/boundary on GitHub",
                "id": 1,
                "title_link": "https:\/\/newreleases.io\/github\/hashicorp\/boundary",
                "mrkdwn_in": [
                    "text"
                ]
            }
        ]
    },
    {
        "type": "message",
        "subtype": "bot_message",
        "text": "",
        "ts": "1628202071.001300",
        "bot_id": "B01D39EAGTT",
        "attachments": [
            {
                "fallback": "hashicorp\/terraform-provider-aws on GitHub\nv3.53.0",
                "text": "`v3.53.0`",
                "title": "hashicorp\/terraform-provider-aws on GitHub",
                "id": 1,
                "title_link": "https:\/\/newreleases.io\/github\/hashicorp\/terraform-provider-aws",
                "mrkdwn_in": [
                    "text"
                ]
            }
        ]
    },
    {
        "type": "message",
        "subtype": "bot_message",
        "text": "",
        "ts": "1628202320.001400",
        "bot_id": "B01D39EAGTT",
        "attachments": [
            {
                "fallback": "hashicorp\/terraform-provider-aws on GitHub\nv3.53.0v3.53.0 updated\nrelease note: <https:\/\/newreleases.io\/github\/hashicorp\/terraform-provider-aws?version=v3.53.0>",
                "text": "*v3.53.0* `v3.53.0` _updated_\n```\nENHANCEMENTS:\n\n* data-source\/aws_acm_certificate: Add status attribute ( #20232 ( <https:\/\/github.com\/hashicorp\/terraform-provider-aws\/issues\/20232> ) )\n\n* data-source\/aws_ec2_coip_pool: Add arn attribute ( #17046 ( <https:\/\/github.com\/hashicorp\/terraform-provider-aws\/issues\/17046> ) )\n\n* resource\/aws_appconfig_deployment: Include predefined strategies in plan time validation of deployment_strategy_id ( #20420 ( <https:\/\/github.com\/hashicorp\/terraform-provider-aws\/issues\/20420> ) )\n\n* resource\/aws_autoscaling_schedule: Add time_zone argument ( #19829 ( <https:\/\/github.com\/hashicorp\/terraform-provider-aws\/issues\/19829> ) )\n\n* resource\/aws_db_instance: Add customer_owned_ip_enabled argument ( #17864 ( <https:\/\/github.com\/hashicorp\/terraform-provider-aws\/issues\/17864> ) )\n\n* resource\/aws_db_instance: Add nchar_character_set_name argument ( #20437 ( <https:\/\/github.com\/hashicorp\/terraform-provider-aws\/issues\/20437> ) )\n\n* resource\/aws_kms_external_key: Add bypass_policy_lockout_safety_check argument ( #18117 ( <https:\/\/github.com\/hashicorp\/terraform-provider-aws\/issues\/18117> ) )\n\n* resource\/aws_kms_key: Add bypass_policy_lockout_safety_check argument ( #18117 ( <https:\/\/github.com\/hashicorp\/terraform-provider-aws\/issues\/18117> ) )\n\n* resource\/aws_launch_template: Allow all supported resource types tag_specifications.resource_type ( #20409 ( <https:\/\/github.com\/hashicorp\/terraform-provider-aws\/issues\/20409> ) )\n\n* resource\/aws_redshift_parameter_group: Make Redshift parameters case sensitive. ( #19772 ( <https:\/\/github.com\/hashicorp\/terraform-provider-aws\/issues\/19772> ) )\n\nBUG FIXES:\n\n* aws\/resource_aws_amplify_branch: Correctly handle branch names that contain '\/' ( #20426 ( <https:\/\/github.com\/hashicorp\/terraform-provider-aws\/issues\/20426> ) )\n\n* aws\/resource_aws_apigateway_vpc_link: Ensure deletion does not return an error when resource is not found ( #20441 ( <https:\/\/github.com\/hashicorp\/terraform-provider-aws\/issues\/20441> ) )\n\n* aws\/resource_aws_instance: Fix running terraform plan with with skip_credentials_validation=true ( #20357 ( <https:\/\/github.com\/hashicorp\/terraform-provider-aws\/issues\/20357> ) )\n\n* aws\/resource_aws_instance: Fix state refresh when launch template was deleted ( #20357 ( <https:\/\/github.com\/hashicorp\/terraform-provider-aws\/issues\/20357> ) )\n```\n<https:\/\/newreleases.io\/github\/hashicorp\/terraform-provider-aws?version=v3.53.0|release note...>",
                "title": "hashicorp\/terraform-provider-aws on GitHub",
                "id": 1,
                "title_link": "https:\/\/newreleases.io\/github\/hashicorp\/terraform-provider-aws",
                "mrkdwn_in": [
                    "text"
                ]
            }
        ]
    }
]