[
    {
        "client_msg_id": "eb795527-a4ec-4fe0-9c8d-ea80d6678b3d",
        "type": "message",
        "text": "さっき質問チャンネルになげたリンクにあったAWSプロバイダのデータソースの頭数が今82個あるらしくて、そのうちどのくらい使ってるのかなって調べてみたら15個だった。という小ネタ。\n\naws_caller_identity\naws_iam_role\naws_iam_policy_document\naws_kms_alias\naws_acm_certificate\naws_region\naws_vpc\naws_route_table\naws_subnet_ids\naws_security_group\naws_availability_zones\naws_ami\naws_elb_service_account\naws_route53_zone\ntemplate_file\narchive_file",
        "user": "UFU0BKD8F",
        "ts": "1555916985.021400"
    },
    {
        "client_msg_id": "982f26f6-17c8-471d-b187-6e72a8eaffdc",
        "type": "message",
        "text": "データソースを使った小技が欲しい",
        "user": "UFU0BKD8F",
        "ts": "1555917022.022200"
    }
]