[
    {
        "client_msg_id": "81d4fa93-e426-4e25-9e17-49e093389ec4",
        "type": "message",
        "text": "<#CG1Q97RT7|tw-search-terraform> で見かけたこれ\n<https:\/\/terraform-jp.slack.com\/archives\/CG1Q97RT7\/p1556151087018500>\n\nちょっとぐぐってみた。これらしい。\n<https:\/\/blog.satotaichi.info\/scoop\/>\n\n個人的にはWindows使ってるけど、作業自体はVagrantかWSLでやってるからそんなに必要って感じじゃないんだけどそのうち使ってみようかなって。",
        "user": "UFU0BKD8F",
        "ts": "1556153694.002400",
        "attachments": [
            {
                "title": "@hidekatsu_izuno is Tweet",
                "title_link": "https:\/\/twitter.com\/hidekatsu_izuno",
                "text": "Terraformのバージョン管理、windowsなら scoop が便利。 (via Twitter <http:\/\/twitter.com\/hidekatsu_izuno\/status\/1121203182011502592>)",
                "fallback": "Terraformのバージョン管理、windowsなら scoop が便利。 (via Twitter <http:\/\/twitter.com\/hidekatsu_izuno\/status\/1121203182011502592>)",
                "mrkdwn_in": [
                    "text",
                    "pretext"
                ],
                "id": 1,
                "original_url": "https:\/\/terraform-jp.slack.com\/archives\/CG1Q97RT7\/p1556151087018500"
            },
            {
                "service_name": "さにあらず",
                "title": "ScoopでWindowsにおける開発環境構築を最適化しよう",
                "title_link": "https:\/\/blog.satotaichi.info\/scoop\/",
                "text": "1. はじめに2. PackageManagementの問題点3. Chocolateyの問題点4. Scoopについて4.1. Scoopを使うべきか？4.2. Scoopの何が素晴らしいか4.3. Scoopのダメなところ4.3.1. Windowsインストーラ文脈にのっていないこと4.3.2. 最新版しか使えないこと5. さぁ、Scoopを使おう5.1. Scoopのインストール5.2. S",
                "fallback": "さにあらず: ScoopでWindowsにおける開発環境構築を最適化しよう",
                "from_url": "https:\/\/blog.satotaichi.info\/scoop\/",
                "id": 2,
                "original_url": "https:\/\/blog.satotaichi.info\/scoop\/"
            }
        ]
    }
]