[
    {
        "client_msg_id": "ac0c0fa4-493a-49a6-beec-2c80b0d5a517",
        "type": "message",
        "text": "<https:\/\/terraform-jp.slack.com\/archives\/CG2UA0AA2\/p1554941335000300>",
        "user": "UG46Z57TN",
        "ts": "1555498586.015100",
        "attachments": [
            {
                "fallback": "terraform-providers\/terraform-provider-aws on GitHub\nv2.6.0",
                "text": "`v2.6.0`",
                "title": "terraform-providers\/terraform-provider-aws on GitHub",
                "id": 1,
                "title_link": "https:\/\/newreleases.io\/github\/terraform-providers\/terraform-provider-aws",
                "mrkdwn_in": [
                    "text"
                ],
                "original_url": "https:\/\/terraform-jp.slack.com\/archives\/CG2UA0AA2\/p1554941335000300"
            }
        ],
        "thread_ts": "1555480863.010900",
        "parent_user_id": "UG46Z57TN"
    },
    {
        "client_msg_id": "13ddb5b9-9845-484e-b6a6-2afd44485896",
        "type": "message",
        "text": "めっちゃ古いやんうち",
        "user": "UG46Z57TN",
        "ts": "1555498593.015400",
        "thread_ts": "1555480863.010900",
        "parent_user_id": "UG46Z57TN"
    },
    {
        "client_msg_id": "23d43415-2de2-4b22-8b7a-11f1d52e5e5c",
        "type": "message",
        "text": "オンプレ経験者とかクラウド初心者とか運用維持管理に不慣れな感じだとバージョンアップに対する考え方とか違うしね。。。\nAzureは使ってなくてよく知らないけど、GCPとAWSに関しては常にバージョンアップに追従してないと差分が大きくなって辛くなりやすいよね。。",
        "user": "UFU0BKD8F",
        "ts": "1555504354.015600",
        "thread_ts": "1555480863.010900",
        "parent_user_id": "UG46Z57TN",
        "reactions": [
            {
                "name": "naruhodo",
                "users": [
                    "UFTKSQ25T"
                ],
                "count": 1
            }
        ]
    }
]