[
    {
        "client_msg_id": "e3824d11-706f-4c0c-b1b3-68adcb172d88",
        "type": "message",
        "text": "いきなりの告知と募集で失礼します。\n私、July Tech Festa 2021 winter（JTF2021w）プログラム委員会の羽深と申します。\n来る2021年1月24日にオンラインイベントとして JTF2021w を開催することになりました。\n\n一方で、皆様の terraform Advent Calendar 2020 を拝見いたしまして、投稿者の皆様に当イベント(JTF2021w)への登壇をご検討いただきたくご連絡いたしました。\n\n是非とも Terraform に対する思いを、当イベントでも語って頂けないでしょうか。\nアドベントカレンダーで投稿されている内容でもかまいませんし、共同登壇も大歓迎です。\nもちろんアドベントカレンダーにエントリーされていない方のエントリーも大歓迎です。\n\n■CFP（登壇申し込み）\n <https:\/\/forms.gle\/49do5HUZnZNJyEBc6>\n ※締め切り：2020\/12\/14（月）18:00\n\n不明点などあればお気軽にご連絡ください。\nご検討よろしくお願いします！\n# 「July Tech Festa？ナニソレ？」ってかたは JTF 2020 の様子を YouTube で観て頂ければと思います。\n# <https:\/\/www.youtube.com\/c\/JulyTechFesta\/videos>",
        "user": "UGVTSE7LG",
        "ts": "1607656068.040000",
        "team": "TFU0BKCQP",
        "user_team": "TFU0BKCQP",
        "source_team": "TFU0BKCQP",
        "user_profile": {
            "avatar_hash": "g388901e0e9c",
            "image_72": "https:\/\/secure.gravatar.com\/avatar\/0388901e0e9c7cdc43eac0d85fcb3379.jpg?s=72&d=https%3A%2F%2Fa.slack-edge.com%2Fdf10d%2Fimg%2Favatars%2Fava_0018-72.png",
            "first_name": "",
            "real_name": "Osamu Habuka",
            "display_name": "habuka036",
            "team": "TFU0BKCQP",
            "name": "osamu",
            "is_restricted": false,
            "is_ultra_restricted": false
        },
        "edited": {
            "user": "UGVTSE7LG",
            "ts": "1607656089.000000"
        },
        "attachments": [
            {
                "service_name": "YouTube",
                "title": "July Tech Festa",
                "title_link": "https:\/\/www.youtube.com\/c\/JulyTechFesta\/videos",
                "text": "ITに関わる全ての人の知的好奇心を満たすお祭りを作りたい。 その思いからJuly Tech Festaは生まれました。 興味のある技術に触れ、普段会えない人の話を聞き、 参加したエンジニアがスキルやキャリアについて考えるきっかけになれば。 そんな場を作ろうと July Tech Festa が誕生しました。 2013年から毎年開催されています。",
                "fallback": "YouTube: July Tech Festa",
                "thumb_url": "https:\/\/yt3.ggpht.com\/ytc\/AAUvwngWuFg_pHfCB7MezZcb5aPkxnXsdjYi9iFxH3Fw=s900-c-k-c0x00ffffff-no-rj",
                "from_url": "https:\/\/www.youtube.com\/c\/JulyTechFesta\/videos",
                "thumb_width": 900,
                "thumb_height": 900,
                "service_icon": "https:\/\/www.youtube.com\/s\/desktop\/0f786ae6\/img\/favicon.ico",
                "id": 2,
                "original_url": "https:\/\/www.youtube.com\/c\/JulyTechFesta\/videos"
            }
        ],
        "blocks": [
            {
                "type": "rich_text",
                "block_id": "MZx6t",
                "elements": [
                    {
                        "type": "rich_text_section",
                        "elements": [
                            {
                                "type": "text",
                                "text": "いきなりの告知と募集で失礼します。\n私、July Tech Festa 2021 winter（JTF2021w）プログラム委員会の羽深と申します。\n来る2021年1月24日にオンラインイベントとして JTF2021w を開催することになりました。\n\n一方で、皆様の terraform Advent Calendar 2020 を拝見いたしまして、投稿者の皆様に当イベント(JTF2021w)への登壇をご検討いただきたくご連絡いたしました。\n\n是非とも Terraform に対する思いを、当イベントでも語って頂けないでしょうか。\nアドベントカレンダーで投稿されている内容でもかまいませんし、共同登壇も大歓迎です。\nもちろんアドベントカレンダーにエントリーされていない方のエントリーも大歓迎です。\n\n■CFP（登壇申し込み）\n "
                            },
                            {
                                "type": "link",
                                "url": "https:\/\/forms.gle\/49do5HUZnZNJyEBc6"
                            },
                            {
                                "type": "text",
                                "text": "\n ※締め切り：2020\/12\/14（月）18:00\n\n不明点などあればお気軽にご連絡ください。\nご検討よろしくお願いします！\n# 「July Tech Festa？ナニソレ？」ってかたは JTF 2020 の様子を YouTube で観て頂ければと思います。\n# "
                            },
                            {
                                "type": "link",
                                "url": "https:\/\/www.youtube.com\/c\/JulyTechFesta\/videos"
                            }
                        ]
                    }
                ]
            }
        ],
        "reactions": [
            {
                "name": "clap",
                "users": [
                    "UG46Z57TN",
                    "U01AEH6SRL2"
                ],
                "count": 2
            },
            {
                "name": "tada",
                "users": [
                    "UFU0BKD8F",
                    "UGY9BJ1NF"
                ],
                "count": 2
            }
        ]
    }
]