[
    {
        "client_msg_id": "99a57cac-e2ad-4191-aa42-3ec908067ec7",
        "type": "message",
        "text": "19日の分、小ネタですが投稿しましたー。",
        "user": "UR8TR0GA3",
        "ts": "1608474202.050300",
        "team": "TFU0BKCQP",
        "user_team": "TFU0BKCQP",
        "source_team": "TFU0BKCQP",
        "user_profile": {
            "avatar_hash": "g9e3b7b1b029",
            "image_72": "https:\/\/secure.gravatar.com\/avatar\/9e3b7b1b029722c0e4caad96fbfe8e83.jpg?s=72&d=https%3A%2F%2Fa.slack-edge.com%2Fdf10d%2Fimg%2Favatars%2Fava_0008-72.png",
            "first_name": "",
            "real_name": "sheepland",
            "display_name": "",
            "team": "TFU0BKCQP",
            "name": "marronshepherd2",
            "is_restricted": false,
            "is_ultra_restricted": false
        },
        "blocks": [
            {
                "type": "rich_text",
                "block_id": "2Ucy",
                "elements": [
                    {
                        "type": "rich_text_section",
                        "elements": [
                            {
                                "type": "text",
                                "text": "19日の分、小ネタですが投稿しましたー。"
                            }
                        ]
                    }
                ]
            }
        ],
        "thread_ts": "1608474202.050300",
        "reply_count": 4,
        "reply_users_count": 2,
        "latest_reply": "1608474950.051300",
        "reply_users": [
            "UFU0BKD8F",
            "UR8TR0GA3"
        ],
        "replies": [
            {
                "user": "UFU0BKD8F",
                "ts": "1608474396.050600"
            },
            {
                "user": "UFU0BKD8F",
                "ts": "1608474762.050800"
            },
            {
                "user": "UR8TR0GA3",
                "ts": "1608474925.051000"
            },
            {
                "user": "UFU0BKD8F",
                "ts": "1608474950.051300"
            }
        ],
        "is_locked": false,
        "subscribed": true,
        "last_read": "1608474950.051300",
        "reactions": [
            {
                "name": "tada",
                "users": [
                    "UFU0BKD8F",
                    "UG46Z57TN",
                    "UGVTSE7LG"
                ],
                "count": 3
            }
        ]
    },
    {
        "client_msg_id": "65e5d380-63c8-4530-b5be-4023a1c016bc",
        "type": "message",
        "text": "ありがとうございます。\nよかったら Twitter でつぶやいてくれればそっちをRTするようにしますがどうしますか？",
        "user": "UFU0BKD8F",
        "ts": "1608474396.050600",
        "team": "TFU0BKCQP",
        "user_team": "TFU0BKCQP",
        "source_team": "TFU0BKCQP",
        "user_profile": {
            "avatar_hash": "92c41c62c7b0",
            "image_72": "https:\/\/avatars.slack-edge.com\/2019-01-30\/537137791812_92c41c62c7b0f054d3dd_72.jpg",
            "first_name": "らき",
            "real_name": "らき",
            "display_name": "raki",
            "team": "TFU0BKCQP",
            "name": "nishimuray",
            "is_restricted": false,
            "is_ultra_restricted": false
        },
        "blocks": [
            {
                "type": "rich_text",
                "block_id": "k8As5",
                "elements": [
                    {
                        "type": "rich_text_section",
                        "elements": [
                            {
                                "type": "text",
                                "text": "ありがとうございます。\nよかったら Twitter でつぶやいてくれればそっちをRTするようにしますがどうしますか？"
                            }
                        ]
                    }
                ]
            }
        ],
        "thread_ts": "1608474202.050300",
        "parent_user_id": "UR8TR0GA3"
    },
    {
        "client_msg_id": "66f2b175-2fbb-45da-a32f-212069908be8",
        "type": "message",
        "text": "<@UR8TR0GA3>",
        "user": "UFU0BKD8F",
        "ts": "1608474762.050800",
        "team": "TFU0BKCQP",
        "user_team": "TFU0BKCQP",
        "source_team": "TFU0BKCQP",
        "user_profile": {
            "avatar_hash": "92c41c62c7b0",
            "image_72": "https:\/\/avatars.slack-edge.com\/2019-01-30\/537137791812_92c41c62c7b0f054d3dd_72.jpg",
            "first_name": "らき",
            "real_name": "らき",
            "display_name": "raki",
            "team": "TFU0BKCQP",
            "name": "nishimuray",
            "is_restricted": false,
            "is_ultra_restricted": false
        },
        "blocks": [
            {
                "type": "rich_text",
                "block_id": "1Sc",
                "elements": [
                    {
                        "type": "rich_text_section",
                        "elements": [
                            {
                                "type": "user",
                                "user_id": "UR8TR0GA3"
                            }
                        ]
                    }
                ]
            }
        ],
        "thread_ts": "1608474202.050300",
        "parent_user_id": "UR8TR0GA3"
    },
    {
        "client_msg_id": "3705b079-551f-4c42-b6f7-d66f46611cb1",
        "type": "message",
        "text": "ありがとうございます！ツイートしました <https:\/\/twitter.com\/sheepland\/status\/1340666921230876674|https:\/\/twitter.com\/sheepland\/status\/1340666921230876674>",
        "user": "UR8TR0GA3",
        "ts": "1608474925.051000",
        "team": "TFU0BKCQP",
        "user_team": "TFU0BKCQP",
        "source_team": "TFU0BKCQP",
        "user_profile": {
            "avatar_hash": "g9e3b7b1b029",
            "image_72": "https:\/\/secure.gravatar.com\/avatar\/9e3b7b1b029722c0e4caad96fbfe8e83.jpg?s=72&d=https%3A%2F%2Fa.slack-edge.com%2Fdf10d%2Fimg%2Favatars%2Fava_0008-72.png",
            "first_name": "",
            "real_name": "sheepland",
            "display_name": "",
            "team": "TFU0BKCQP",
            "name": "marronshepherd2",
            "is_restricted": false,
            "is_ultra_restricted": false
        },
        "attachments": [
            {
                "fallback": "<https:\/\/twitter.com\/sheepland|@sheepland>: terraform Advent Calendar 2020の19日目、書きました \/ Terraformのaws_iam_openid_connect_providerリソースのthumbprint_listに自動で値を入れる方法 - 世界中の羊をかき集めて <https:\/\/shepherdmaster.hateblo.jp\/entry\/2020\/12\/20\/230038>",
                "ts": 1608474877,
                "author_name": "sheepland",
                "author_link": "https:\/\/twitter.com\/sheepland\/status\/1340666921230876674",
                "author_icon": "https:\/\/pbs.twimg.com\/profile_images\/942299081266814976\/FdGfP74m_normal.jpg",
                "author_subname": "@sheepland",
                "text": "terraform Advent Calendar 2020の19日目、書きました \/ Terraformのaws_iam_openid_connect_providerリソースのthumbprint_listに自動で値を入れる方法 - 世界中の羊をかき集めて <https:\/\/shepherdmaster.hateblo.jp\/entry\/2020\/12\/20\/230038>",
                "service_name": "twitter",
                "service_url": "https:\/\/twitter.com\/",
                "from_url": "https:\/\/twitter.com\/sheepland\/status\/1340666921230876674",
                "id": 1,
                "original_url": "https:\/\/twitter.com\/sheepland\/status\/1340666921230876674",
                "footer": "Twitter",
                "footer_icon": "https:\/\/a.slack-edge.com\/80588\/img\/services\/twitter_pixel_snapped_32.png"
            }
        ],
        "blocks": [
            {
                "type": "rich_text",
                "block_id": "6Qp",
                "elements": [
                    {
                        "type": "rich_text_section",
                        "elements": [
                            {
                                "type": "text",
                                "text": "ありがとうございます！ツイートしました "
                            },
                            {
                                "type": "link",
                                "url": "https:\/\/twitter.com\/sheepland\/status\/1340666921230876674",
                                "text": "https:\/\/twitter.com\/sheepland\/status\/1340666921230876674"
                            }
                        ]
                    }
                ]
            }
        ],
        "thread_ts": "1608474202.050300",
        "parent_user_id": "UR8TR0GA3"
    },
    {
        "client_msg_id": "6c41fc39-190c-4974-ab58-13a8ec2bbc23",
        "type": "message",
        "text": "ちょうど出てたのでRTしました。ありがとうございます。",
        "user": "UFU0BKD8F",
        "ts": "1608474950.051300",
        "team": "TFU0BKCQP",
        "user_team": "TFU0BKCQP",
        "source_team": "TFU0BKCQP",
        "user_profile": {
            "avatar_hash": "92c41c62c7b0",
            "image_72": "https:\/\/avatars.slack-edge.com\/2019-01-30\/537137791812_92c41c62c7b0f054d3dd_72.jpg",
            "first_name": "らき",
            "real_name": "らき",
            "display_name": "raki",
            "team": "TFU0BKCQP",
            "name": "nishimuray",
            "is_restricted": false,
            "is_ultra_restricted": false
        },
        "blocks": [
            {
                "type": "rich_text",
                "block_id": "uyiK",
                "elements": [
                    {
                        "type": "rich_text_section",
                        "elements": [
                            {
                                "type": "text",
                                "text": "ちょうど出てたのでRTしました。ありがとうございます。"
                            }
                        ]
                    }
                ]
            }
        ],
        "thread_ts": "1608474202.050300",
        "parent_user_id": "UR8TR0GA3"
    },
    {
        "client_msg_id": "77C3B4C0-1BBE-49A5-8CB4-C3BDB5D8A371",
        "type": "message",
        "text": "0.14にやんちゃにあげたらHclファイルが生成された",
        "user": "UGY5WMTHR",
        "ts": "1608527007.052200",
        "team": "TFU0BKCQP",
        "user_team": "TFU0BKCQP",
        "source_team": "TFU0BKCQP",
        "user_profile": {
            "avatar_hash": "gd22fcf5773b",
            "image_72": "https:\/\/secure.gravatar.com\/avatar\/ad22fcf5773b906c08330f4d57242212.jpg?s=72&d=https%3A%2F%2Fa.slack-edge.com%2Fdf10d%2Fimg%2Favatars%2Fava_0021-72.png",
            "first_name": "",
            "real_name": "inductor",
            "display_name": "inductor",
            "team": "TFU0BKCQP",
            "name": "kela",
            "is_restricted": false,
            "is_ultra_restricted": false
        },
        "blocks": [
            {
                "type": "rich_text",
                "block_id": "DGc",
                "elements": [
                    {
                        "type": "rich_text_section",
                        "elements": [
                            {
                                "type": "text",
                                "text": "0.14にやんちゃにあげたらHclファイルが生成された"
                            }
                        ]
                    }
                ]
            }
        ]
    }
]