[
    {
        "client_msg_id": "2788697b-8be6-4c7c-b18a-bcc265172b63",
        "type": "message",
        "text": "アドベントカレンダーも好評開催中ですが、年明け２月頭を目途にミートアップ開催の打診がありました。\nとりま開催内容についてのアンケートを作ってみたので、よろしければご回答ください。\n<https:\/\/twitter.com\/terraform_jp>",
        "user": "UFU0BKD8F",
        "ts": "1607052752.037900",
        "team": "TFU0BKCQP",
        "user_team": "TFU0BKCQP",
        "source_team": "TFU0BKCQP",
        "user_profile": {
            "avatar_hash": "92c41c62c7b0",
            "image_72": "https:\/\/avatars.slack-edge.com\/2019-01-30\/537137791812_92c41c62c7b0f054d3dd_72.jpg",
            "first_name": "らき",
            "real_name": "らき",
            "display_name": "raki",
            "team": "TFU0BKCQP",
            "name": "nishimuray",
            "is_restricted": false,
            "is_ultra_restricted": false
        },
        "edited": {
            "user": "UFU0BKD8F",
            "ts": "1607052765.000000"
        },
        "attachments": [
            {
                "title": "terraform-jp (@terraform_jp) | Twitter",
                "title_link": "https:\/\/twitter.com\/terraform_jp",
                "text": "The latest Tweets from terraform-jp (@terraform_jp). HashiCorp の terraform (<https:\/\/t.co\/AYM173Jui1>)の日本語ユーザコミュニティ用アカウントです。. Japan",
                "fallback": "terraform-jp (@terraform_jp) | Twitter",
                "from_url": "https:\/\/twitter.com\/terraform_jp",
                "service_icon": "https:\/\/abs.twimg.com\/icons\/apple-touch-icon-192x192.png",
                "service_name": "twitter.com",
                "id": 1,
                "original_url": "https:\/\/twitter.com\/terraform_jp"
            }
        ],
        "blocks": [
            {
                "type": "rich_text",
                "block_id": "rVhT",
                "elements": [
                    {
                        "type": "rich_text_section",
                        "elements": [
                            {
                                "type": "text",
                                "text": "アドベントカレンダーも好評開催中ですが、年明け２月頭を目途にミートアップ開催の打診がありました。\nとりま開催内容についてのアンケートを作ってみたので、よろしければご回答ください。\n"
                            },
                            {
                                "type": "link",
                                "url": "https:\/\/twitter.com\/terraform_jp"
                            }
                        ]
                    }
                ]
            }
        ],
        "reactions": [
            {
                "name": "+1",
                "users": [
                    "UG46Z57TN",
                    "ULUB6GFRT",
                    "UKAKENQAF",
                    "UHS4SFFA7",
                    "U01DX2J904V",
                    "U018F14RQBE",
                    "UR6TGPC0P",
                    "U012X6FSHC7",
                    "UGY8YDQ2G"
                ],
                "count": 9
            }
        ]
    }
]