[
    {
        "type": "message",
        "subtype": "bot_message",
        "text": "",
        "ts": "1607576683.011200",
        "bot_id": "BG2UDF0NA",
        "attachments": [
            {
                "fallback": "terraform-linters\/tflint on GitHub\nv0.22.0",
                "text": "`v0.22.0`",
                "title": "terraform-linters\/tflint on GitHub",
                "id": 1,
                "title_link": "https:\/\/newreleases.io\/github\/terraform-linters\/tflint",
                "mrkdwn_in": [
                    "text"
                ]
            }
        ]
    },
    {
        "type": "message",
        "subtype": "bot_message",
        "text": "",
        "ts": "1607577019.011300",
        "bot_id": "BG2UDF0NA",
        "attachments": [
            {
                "fallback": "terraform-linters\/tflint on GitHub\nv0.22.0 updated",
                "text": "`v0.22.0` _updated_",
                "title": "terraform-linters\/tflint on GitHub",
                "id": 1,
                "title_link": "https:\/\/newreleases.io\/github\/terraform-linters\/tflint",
                "mrkdwn_in": [
                    "text"
                ]
            }
        ]
    },
    {
        "type": "message",
        "subtype": "bot_message",
        "text": "",
        "ts": "1607578185.011400",
        "bot_id": "BG2UDF0NA",
        "attachments": [
            {
                "fallback": "terraform-linters\/tflint on GitHub\nv0.22.0 updated\nrelease note: <https:\/\/newreleases.io\/github\/terraform-linters\/tflint?version=v0.22.0>",
                "text": "`v0.22.0` _updated_\n```\n-------------------\n0.22.0 (2020-12-09)\n-------------------\n\nThis release updates to Terraform 0.14! This adds support for parsing configuration that uses features introduced in Terraform 0.14. See Terraform's changelog ( <https:\/\/github.com\/hashicorp\/terraform\/blob\/v0.14\/CHANGELOG.md> ) for further details.\n\nGPG key ID: 8CE69160EB3F2FE9\n\nEnhancements\n------------\n\n* #992 ( <https:\/\/github.com\/terraform-linters\/tflint\/pull\/992> ) #1001 ( <https:\/\/github.com\/terraform-linters\/tflint\/pull\/1001> ) : bump terraform from 0.13.5 to 0.14.2 (@bendrucker) ( <https:\/\/github.com\/bendrucker> )\n\n* #989 ( <https:\/\/github.com\/terraform-linters\/tflint\/pull\/989> ) : aws_route_not_specified_target: Add vpc_endpoint_id route target (@Tensho) ( <https:\/\/github.com\/Tensho> )\n\nBugFixes\n--------\n\n* #998 ( <https:\/\/github.com\/terraform-linters\/tflint\/pull\/998> ) : terraform_required_providers: emit error when only source is specified (@bendrucker) ( <https:\/\/github.com\/bendrucker> )\n\n* #999 ( <https:\/\/github.com\/terraform-linters\/tflint\/pull\/999> ) : runner: clean Terraform source path for comparison\n\nChores\n------\n\n* #988 ( <https:\/\/github.com\/terraform-linters\/tflint\/pull\/988> ) : bump <http:\/\/github.com\/google\/go-cmp|github.com\/google\/go-cmp> from 0.5.3 to 0.5.4\n\n* #993 ( <https:\/\/github.com\/terraform-linters\/tflint\/pull\/993> ) #993 ( <https:\/\/github.com\/terraform-linters\/tflint\/pull\/993> ) : Bump <http:\/\/github.com\/aws\/aws-sdk-go|github.com\/aws\/aws-sdk-go> from 1.35.35 to 1.36.2\n\n* #996 ( <https:\/\/github.com\/terraform-linters\/tflint\/pull\/996> ) : bump aws sdk submodule to 1.36.3 (@bmbferreira) ( <https:\/\/github.com\/bmbferreira> )\n\n* #994 ( <https:\/\/github.com\/terraform-linters\/tflint\/pull\/994> ) : Bump <http:\/\/github.com\/hashicorp\/hcl\/v2|github.com\/hashicorp\/hcl\/v2> from 2.7.1 to 2.7.2\n```\n<https:\/\/newreleases.io\/github\/terraform-linters\/tflint?version=v0.22.0|release note...>",
                "title": "terraform-linters\/tflint on GitHub",
                "id": 1,
                "title_link": "https:\/\/newreleases.io\/github\/terraform-linters\/tflint",
                "mrkdwn_in": [
                    "text"
                ]
            }
        ]
    }
]