[
    {
        "type": "message",
        "subtype": "bot_message",
        "text": "",
        "ts": "1607285225.010800",
        "bot_id": "BG2UDF0NA",
        "attachments": [
            {
                "fallback": "cloudposse\/terraform-aws-cloudfront-cdn on GitHub\nv0.12.00.12.0 \nrelease note: <https:\/\/newreleases.io\/github\/cloudposse\/terraform-aws-cloudfront-cdn?version=0.12.0>",
                "text": "*v0.12.0* `0.12.0` \n```\nadd custom_header variable to send custom headers to origin @bkero (#47)\n\n## what\n\n* Adds the ability to specify custom headers that are sent to the origin for requests\n\n---\nwhy\n---\n\n* To facilitate the common pattern of only allowing traffic to origins that come form a certain CloudFront CDN, or for other use cases\n\n----------\nreferences\n----------\n\ncloses #46\n```\n<https:\/\/newreleases.io\/github\/cloudposse\/terraform-aws-cloudfront-cdn?version=0.12.0|release note...>",
                "title": "cloudposse\/terraform-aws-cloudfront-cdn on GitHub",
                "id": 1,
                "title_link": "https:\/\/newreleases.io\/github\/cloudposse\/terraform-aws-cloudfront-cdn",
                "mrkdwn_in": [
                    "text"
                ]
            }
        ]
    }
]