[
    {
        "type": "message",
        "subtype": "bot_message",
        "text": "",
        "ts": "1611415689.000600",
        "bot_id": "BG2UDF0NA",
        "attachments": [
            {
                "fallback": "cloudposse\/terraform-aws-codebuild on GitHub\nv0.28.00.28.0 \nrelease note: <https:\/\/newreleases.io\/github\/cloudposse\/terraform-aws-codebuild?version=0.28.0>",
                "text": "*v0.28.0* `0.28.0` \n```\nTerraform 0.14 upgrade @maximmi (#74)\n\n## what\n\n* Upgrade to support Terraform 0.14 and bring up to current Cloud Posse standard\n\n---\nwhy\n---\n\n* Support Terraform 0.14\n```\n<https:\/\/newreleases.io\/github\/cloudposse\/terraform-aws-codebuild?version=0.28.0|release note...>",
                "title": "cloudposse\/terraform-aws-codebuild on GitHub",
                "id": 1,
                "title_link": "https:\/\/newreleases.io\/github\/cloudposse\/terraform-aws-codebuild",
                "mrkdwn_in": [
                    "text"
                ]
            }
        ]
    }
]