[
    {
        "type": "message",
        "subtype": "bot_message",
        "text": "",
        "ts": "1610373964.014400",
        "bot_id": "BG2UDF0NA",
        "attachments": [
            {
                "fallback": "DataDog\/ansible-datadog on GitHub\n4.6.0",
                "text": "`4.6.0`",
                "title": "DataDog\/ansible-datadog on GitHub",
                "id": 1,
                "title_link": "https:\/\/newreleases.io\/github\/DataDog\/ansible-datadog",
                "mrkdwn_in": [
                    "text"
                ]
            }
        ]
    },
    {
        "type": "message",
        "subtype": "bot_message",
        "text": "",
        "ts": "1610374148.014500",
        "bot_id": "BG2UDF0NA",
        "attachments": [
            {
                "fallback": "DataDog\/ansible-datadog on GitHub\n4.6.0 \/ 2021-01-114.6.0 updated\nrelease note: <https:\/\/newreleases.io\/github\/DataDog\/ansible-datadog?version=4.6.0>",
                "text": "*4.6.0 \/ 2021-01-11* `4.6.0` _updated_\n```\n* [FEATURE] Allow removing checks. See #151 and #320. Thanks @Jno21.\n\n* [BUGFIX] Make security-agent also affected by datadog_enabled. See #318.\n\n* [BUGFIX] Change configuration perms on Linux. See #313. Thanks @loliee.\n\n* [CHORE] Do not name the RPM repo file differently depending on the Agent version. See #311.\n\n* [CHORE] Replace facts from 'ansible_*' to using 'ansible_facts' dictionary. See #304. Thanks to @samasc30.\n```\n<https:\/\/newreleases.io\/github\/DataDog\/ansible-datadog?version=4.6.0|release note...>",
                "title": "DataDog\/ansible-datadog on GitHub",
                "id": 1,
                "title_link": "https:\/\/newreleases.io\/github\/DataDog\/ansible-datadog",
                "mrkdwn_in": [
                    "text"
                ]
            }
        ]
    },
    {
        "type": "message",
        "subtype": "bot_message",
        "text": "",
        "ts": "1610422213.014600",
        "bot_id": "BG2UDF0NA",
        "attachments": [
            {
                "fallback": "ansible\/ansible on GitHub\nv2.10.5rc1 \n\nv2.9.17rc1",
                "text": "`v2.10.5rc1` \n\n`v2.9.17rc1`",
                "title": "ansible\/ansible on GitHub",
                "id": 1,
                "title_link": "https:\/\/newreleases.io\/github\/ansible\/ansible",
                "mrkdwn_in": [
                    "text"
                ]
            }
        ]
    }
]