[
    {
        "type": "message",
        "subtype": "bot_message",
        "text": "",
        "ts": "1632936417.006200",
        "bot_id": "B01D39EAGTT",
        "attachments": [
            {
                "fallback": "hashicorp\/vault on GitHub\nv1.6.7v1.6.7 \nrelease note: <https:\/\/newreleases.io\/github\/hashicorp\/vault?version=v1.6.7>",
                "text": "*v1.6.7* `v1.6.7` \n```\nRelease vault v1.6.7\n```\n<https:\/\/newreleases.io\/github\/hashicorp\/vault?version=v1.6.7|release note...>",
                "title": "hashicorp\/vault on GitHub",
                "id": 1,
                "title_link": "https:\/\/newreleases.io\/github\/hashicorp\/vault",
                "mrkdwn_in": [
                    "text"
                ]
            }
        ]
    },
    {
        "type": "message",
        "subtype": "bot_message",
        "text": "",
        "ts": "1632936751.006300",
        "bot_id": "B01D39EAGTT",
        "attachments": [
            {
                "fallback": "hashicorp\/vault on GitHub\nv1.7.5v1.7.5 \nrelease note: <https:\/\/newreleases.io\/github\/hashicorp\/vault?version=v1.7.5>",
                "text": "*v1.7.5* `v1.7.5` \n```\nRelease vault v1.7.5\n```\n<https:\/\/newreleases.io\/github\/hashicorp\/vault?version=v1.7.5|release note...>",
                "title": "hashicorp\/vault on GitHub",
                "id": 1,
                "title_link": "https:\/\/newreleases.io\/github\/hashicorp\/vault",
                "mrkdwn_in": [
                    "text"
                ]
            }
        ]
    },
    {
        "type": "message",
        "subtype": "bot_message",
        "text": "",
        "ts": "1632937395.006400",
        "bot_id": "B01D39EAGTT",
        "attachments": [
            {
                "fallback": "hashicorp\/terraform on GitHub\nv1.0.8v1.0.8 \nrelease note: <https:\/\/newreleases.io\/github\/hashicorp\/terraform?version=v1.0.8>",
                "text": "*v1.0.8* `v1.0.8` \n```\n--------------------------\n1.0.8 (September 29, 2021)\n--------------------------\n\nBUG FIXES:\n\n* cli: Check required_version as early as possibly during init so that version incompatibility can be reported before errors about new syntax ( #29665 ( <https:\/\/github.com\/hashicorp\/terraform\/issues\/29665> ) )\n\n* core: Don't plan to remove orphaned resource instances in refresh-only plans ( #29640 ( <https:\/\/github.com\/hashicorp\/terraform\/issues\/29640> ) )\n```\n<https:\/\/newreleases.io\/github\/hashicorp\/terraform?version=v1.0.8|release note...>",
                "title": "hashicorp\/terraform on GitHub",
                "id": 1,
                "title_link": "https:\/\/newreleases.io\/github\/hashicorp\/terraform",
                "mrkdwn_in": [
                    "text"
                ]
            }
        ]
    },
    {
        "type": "message",
        "subtype": "bot_message",
        "text": "",
        "ts": "1632937415.006500",
        "bot_id": "B01D39EAGTT",
        "attachments": [
            {
                "fallback": "hashicorp\/vault on GitHub\nv1.8.3v1.8.3 \nrelease note: <https:\/\/newreleases.io\/github\/hashicorp\/vault?version=v1.8.3>",
                "text": "*v1.8.3* `v1.8.3` \n```\nRelease vault v1.8.3\n```\n<https:\/\/newreleases.io\/github\/hashicorp\/vault?version=v1.8.3|release note...>",
                "title": "hashicorp\/vault on GitHub",
                "id": 1,
                "title_link": "https:\/\/newreleases.io\/github\/hashicorp\/vault",
                "mrkdwn_in": [
                    "text"
                ]
            }
        ]
    }
]