[
    {
        "type": "message",
        "subtype": "bot_message",
        "text": "",
        "ts": "1631834019.003900",
        "bot_id": "B01D39EAGTT",
        "attachments": [
            {
                "fallback": "hashicorp\/terraform-provider-aws on GitHub\nv3.59.0v3.59.0 \nrelease note: <https:\/\/newreleases.io\/github\/hashicorp\/terraform-provider-aws?version=v3.59.0>\n\nv3.58.0 updated\nrelease note: <https:\/\/newreleases.io\/github\/hashicorp\/terraform-provider-aws?version=v3.58.0>",
                "text": "*v3.59.0* `v3.59.0` \n<https:\/\/newreleases.io\/github\/hashicorp\/terraform-provider-aws?version=v3.59.0|release note...>\n\n`v3.58.0` _updated_\n```\nFEATURES:\n\n* *New Resource:* aws_chime_voice_connector_origination ( #20676 ( <https:\/\/github.com\/hashicorp\/terraform-provider-aws\/issues\/20676> ) )\n\n* *New Resource:* aws_chime_voice_connector_termination ( #20667 ( <https:\/\/github.com\/hashicorp\/terraform-provider-aws\/issues\/20667> ) )\n\n* *New Resource:* aws_quicksight_group_membership ( #20687 ( <https:\/\/github.com\/hashicorp\/terraform-provider-aws\/issues\/20687> ) )\n```\n<https:\/\/newreleases.io\/github\/hashicorp\/terraform-provider-aws?version=v3.58.0|release note...>",
                "title": "hashicorp\/terraform-provider-aws on GitHub",
                "id": 1,
                "title_link": "https:\/\/newreleases.io\/github\/hashicorp\/terraform-provider-aws",
                "mrkdwn_in": [
                    "text"
                ]
            }
        ]
    },
    {
        "type": "message",
        "subtype": "bot_message",
        "text": "",
        "ts": "1631835412.004000",
        "bot_id": "B01D39EAGTT",
        "attachments": [
            {
                "fallback": "hashicorp\/consul on GitHub\nv1.11.0-alphav1.11.0-alpha CVE, pre-release\nrelease note: <https:\/\/newreleases.io\/github\/hashicorp\/consul?version=v1.11.0-alpha>",
                "text": "*v1.11.0-alpha* `v1.11.0-alpha` _CVE_, _pre-release_\n<https:\/\/newreleases.io\/github\/hashicorp\/consul?version=v1.11.0-alpha|release note...>",
                "title": "hashicorp\/consul on GitHub",
                "id": 1,
                "title_link": "https:\/\/newreleases.io\/github\/hashicorp\/consul",
                "mrkdwn_in": [
                    "text"
                ]
            }
        ]
    }
]