[
    {
        "type": "message",
        "subtype": "bot_message",
        "text": "",
        "ts": "1631185759.002400",
        "bot_id": "B01D39EAGTT",
        "attachments": [
            {
                "fallback": "hashicorp\/boundary on GitHub\nv0.6.0v0.6.0 \nrelease note: <https:\/\/newreleases.io\/github\/hashicorp\/boundary?version=v0.6.0>",
                "text": "*v0.6.0* `v0.6.0` \n```\n------------------\n0.6.0 (2021\/09\/03)\n------------------\n\nNew and Improved\n----------------\n\n* ui: Reflect user authorized actions in the UI: users now see only actionable\nitems for which they have permissions granted.\n\n* ui: Icons refreshed for a friendlier look and feel.\n\nBug Fixes\n---------\n\n* controller: Fix issue with recursive listing across services when using the\nunauthenticated user ( u_anon ) with no token and the list was started in a\nscope where the user does not have permission\n( PR ( <https:\/\/github.com\/hashicorp\/boundary\/pull\/1478> ) )\n\n* grants: Fix grant format type=&lt;type&gt;;output_fields=&lt;fields&gt; with no action\nspecified. In some code paths this format would trigger an error when\nvalidating even though it is correctly handled within the ACL code.\n( PR ( <https:\/\/github.com\/hashicorp\/boundary\/pull\/1474> ) )\n\n* targets: Fix panic when using boundary targets authorize-session\n( issue ( <https:\/\/github.com\/hashicorp\/boundary\/issues\/1488> ) ,\nPR ( <https:\/\/github.com\/hashicorp\/boundary\/pull\/1496> ) ).\n```\n<https:\/\/newreleases.io\/github\/hashicorp\/boundary?version=v0.6.0|release note...>",
                "title": "hashicorp\/boundary on GitHub",
                "id": 1,
                "title_link": "https:\/\/newreleases.io\/github\/hashicorp\/boundary",
                "mrkdwn_in": [
                    "text"
                ]
            }
        ]
    },
    {
        "type": "message",
        "subtype": "bot_message",
        "text": "",
        "ts": "1631201316.002500",
        "bot_id": "B01D39EAGTT",
        "attachments": [
            {
                "fallback": "hashicorp\/terraform-provider-google on GitHub\nv3.83.0",
                "text": "`v3.83.0`",
                "title": "hashicorp\/terraform-provider-google on GitHub",
                "id": 1,
                "title_link": "https:\/\/newreleases.io\/github\/hashicorp\/terraform-provider-google",
                "mrkdwn_in": [
                    "text"
                ]
            }
        ]
    },
    {
        "type": "message",
        "subtype": "bot_message",
        "text": "",
        "ts": "1631201375.002600",
        "bot_id": "B01D39EAGTT",
        "attachments": [
            {
                "fallback": "hashicorp\/terraform-provider-boundary on GitHub\nv1.0.5",
                "text": "`v1.0.5`",
                "title": "hashicorp\/terraform-provider-boundary on GitHub",
                "id": 1,
                "title_link": "https:\/\/newreleases.io\/github\/hashicorp\/terraform-provider-boundary",
                "mrkdwn_in": [
                    "text"
                ]
            }
        ]
    },
    {
        "type": "message",
        "subtype": "bot_message",
        "text": "",
        "ts": "1631209597.002700",
        "bot_id": "B01D39EAGTT",
        "attachments": [
            {
                "fallback": "hashicorp\/waypoint on GitHub\nv0.5.2v0.5.2 \nrelease note: <https:\/\/newreleases.io\/github\/hashicorp\/waypoint?version=v0.5.2>",
                "text": "*v0.5.2* `v0.5.2` \n```\n--------------------------\n0.5.2 (September 09, 2021)\n--------------------------\n\nFEATURES:\n\n* cli: Add a new command for inspecting project information, waypoint project inspect. [ GH-2055 ( <https:\/\/github.com\/hashicorp\/waypoint\/issues\/2055> ) ]\n\nIMPROVEMENTS:\n\n* cli\/status: Include a way to refresh project application statuses for deployments and releases with a '-refresh' flag before showing the status view [ GH-2081 ( <https:\/\/github.com\/hashicorp\/waypoint\/issues\/2081> ) ]\n\n* cli: Add functionality to list releases with waypoint release list command [ GH-2082 ( <https:\/\/github.com\/hashicorp\/waypoint\/issues\/2082> ) ]\n\n* core: App status polling will always queue status reports refresh jobs for latest deployment and release if present [ GH-2039 ( <https:\/\/github.com\/hashicorp\/waypoint\/issues\/2039> ) ]\n\n* plugin\/aws-ecs: Allow configuration of ALB subnets independently of service subnets [ GH-2205 ( <https:\/\/github.com\/hashicorp\/waypoint\/issues\/2205> ) ]\n\n* plugin\/aws-ecs: Allow public ip assignment for tasks to be disabled [ GH-2205 ( <https:\/\/github.com\/hashicorp\/waypoint\/issues\/2205> ) ]\n\n* plugin\/aws-ecs: Deployments delete their resources on failure. [ GH-2098 ( <https:\/\/github.com\/hashicorp\/waypoint\/issues\/2098> ) ]\n\n* plugin\/aws-ecs: Error messages contain additional context [ GH-2098 ( <https:\/\/github.com\/hashicorp\/waypoint\/issues\/2098> ) ]\n\n* plugin\/aws-ecs: Improve security of ECS tasks by restricting ingress to the ALB [ GH-2098 ( <https:\/\/github.com\/hashicorp\/waypoint\/issues\/2098> ) ]\n\n* plugin\/aws-ecs: More complete list of resources displayed in waypoint deploy logs [ GH-2098 ( <https:\/\/github.com\/hashicorp\/waypoint\/issues\/2098> ) ]\n\n* plugin\/aws-ecs: Support for status reports, enabling waypoint status for ECS deployments [ GH-2098 ( <https:\/\/github.com\/hashicorp\/waypoint\/issues\/2098> ) ]\n\n* plugin\/aws: Add ability to pass IAM policy ARNs for attaching to task role [ GH-1935 ( <https:\/\/github.com\/hashicorp\/waypoint\/issues\/1935> ) ]\n\nBUG FIXES:\n\n* internal\/config: Fix parsing of complex HCL types in -var-file [ GH-2217 ( <https:\/\/github.com\/hashicorp\/waypoint\/issues\/2217> ) ]\n\n* plugin\/aws-ecs: Fix panic when specifying a sidecar without a health check [ GH-2098 ( <https:\/\/github.com\/hashicorp\/waypoint\/issues\/2098> ) ]\n\n* plugin\/nomad: Only use non-empty job.StatusDescription for HealthMessage [ GH-2093 ( <https:\/\/github.com\/hashicorp\/waypoint\/issues\/2093> ) ]\n\n* server\/singleprocess: Stop returning error when polling an app with no deployment or release [ GH-2204 ( <https:\/\/github.com\/hashicorp\/waypoint\/issues\/2204> ) ]\n\n* ui: Fix leaky project repository settings being reused when creating a new project [ GH-2250 ( <https:\/\/github.com\/hashicorp\/waypoint\/issues\/2250> ) ]\n```\n<https:\/\/newreleases.io\/github\/hashicorp\/waypoint?version=v0.5.2|release note...>",
                "title": "hashicorp\/waypoint on GitHub",
                "id": 1,
                "title_link": "https:\/\/newreleases.io\/github\/hashicorp\/waypoint",
                "mrkdwn_in": [
                    "text"
                ]
            }
        ]
    },
    {
        "type": "message",
        "subtype": "bot_message",
        "text": "",
        "ts": "1631228420.002800",
        "bot_id": "B01D39EAGTT",
        "attachments": [
            {
                "fallback": "hashicorp\/terraform-provider-aws on GitHub\nv3.58.0",
                "text": "`v3.58.0`",
                "title": "hashicorp\/terraform-provider-aws on GitHub",
                "id": 1,
                "title_link": "https:\/\/newreleases.io\/github\/hashicorp\/terraform-provider-aws",
                "mrkdwn_in": [
                    "text"
                ]
            }
        ]
    }
]