[
    {
        "type": "message",
        "subtype": "bot_message",
        "text": "",
        "ts": "1630680807.001700",
        "bot_id": "B01D39EAGTT",
        "attachments": [
            {
                "fallback": "hashicorp\/terraform on GitHub\nv1.0.6v1.0.6 \nrelease note: <https:\/\/newreleases.io\/github\/hashicorp\/terraform?version=v1.0.6>",
                "text": "*v1.0.6* `v1.0.6` \n```\n--------------------------\n1.0.6 (September 03, 2021)\n--------------------------\n\nENHANCEMENTS:\n\n* backend\/s3: Improve SSO handling and add new endpoints in the AWS SDK ( #29017 ( <https:\/\/github.com\/hashicorp\/terraform\/issues\/29017> ) )\n\nBUG FIXES:\n\n* cli: Suppress confirmation prompt when initializing with the -force-copy flag and migrating state between multiple workspaces. ( #29438 ( <https:\/\/github.com\/hashicorp\/terraform\/issues\/29438> ) )\n\n* cli: Update tencentcount dependency versions to fix errors when building from source ( #29445 ( <https:\/\/github.com\/hashicorp\/terraform\/issues\/29445> ) )\n\n* core: Fix panic while handling computed attributes within nested objects, and improve plan validation for unknown values ( #29482 ( <https:\/\/github.com\/hashicorp\/terraform\/issues\/29482> ) )\n```\n<https:\/\/newreleases.io\/github\/hashicorp\/terraform?version=v1.0.6|release note...>",
                "title": "hashicorp\/terraform on GitHub",
                "id": 1,
                "title_link": "https:\/\/newreleases.io\/github\/hashicorp\/terraform",
                "mrkdwn_in": [
                    "text"
                ]
            }
        ]
    },
    {
        "type": "message",
        "subtype": "bot_message",
        "text": "",
        "ts": "1630695170.001800",
        "bot_id": "B01D39EAGTT",
        "attachments": [
            {
                "fallback": "hashicorp\/boundary on GitHub\nsdk\/v0.0.8",
                "text": "`sdk\/v0.0.8`",
                "title": "hashicorp\/boundary on GitHub",
                "id": 1,
                "title_link": "https:\/\/newreleases.io\/github\/hashicorp\/boundary",
                "mrkdwn_in": [
                    "text"
                ]
            }
        ]
    },
    {
        "type": "message",
        "subtype": "bot_message",
        "text": "",
        "ts": "1630695793.001900",
        "bot_id": "B01D39EAGTT",
        "attachments": [
            {
                "fallback": "hashicorp\/boundary on GitHub\napi\/v0.0.16",
                "text": "`api\/v0.0.16`",
                "title": "hashicorp\/boundary on GitHub",
                "id": 1,
                "title_link": "https:\/\/newreleases.io\/github\/hashicorp\/boundary",
                "mrkdwn_in": [
                    "text"
                ]
            }
        ]
    }
]