[
    {
        "user": "UFU0BKD8F",
        "type": "message",
        "subtype": "channel_topic",
        "ts": "1548848353.000300",
        "text": "<@UFU0BKD8F>さんがチャンネルのトピックを設定しました: 自由に発言しませう",
        "topic": "自由に発言しませう"
    },
    {
        "user": "UFU0BKD8F",
        "type": "message",
        "subtype": "channel_topic",
        "ts": "1548848442.000400",
        "text": "<@UFU0BKD8F>さんがチャンネルのトピックを設定しました: メンバー向け周知等々。CM\/PR不可。",
        "topic": "メンバー向け周知等々。CM\/PR不可。"
    },
    {
        "user": "UFUP9BGES",
        "type": "message",
        "subtype": "channel_join",
        "ts": "1548862657.000600",
        "text": "<@UFUP9BGES>さんがチャンネルに参加しました"
    },
    {
        "user": "UFTDF1HHQ",
        "type": "message",
        "subtype": "channel_join",
        "ts": "1548866448.001100",
        "text": "<@UFTDF1HHQ>さんがチャンネルに参加しました"
    },
    {
        "client_msg_id": "0a6ccaa2-c302-4e7f-8c66-b0186b3ab35b",
        "type": "message",
        "text": "terraform 普段使ってないですが、tfnotify っていう OSS にプルリク送った時に多少使ってみたので参加してみました。よろしくです。",
        "user": "UFTDF1HHQ",
        "ts": "1548866681.001400",
        "edited": {
            "user": "UFTDF1HHQ",
            "ts": "1548866699.000000"
        },
        "reactions": [
            {
                "name": "smile",
                "users": [
                    "UFU0BKD8F",
                    "UFTKSQ25T"
                ],
                "count": 2
            }
        ]
    },
    {
        "user": "UFTKSQ25T",
        "type": "message",
        "subtype": "channel_join",
        "ts": "1548866974.001700",
        "text": "<@UFTKSQ25T>さんがチャンネルに参加しました"
    },
    {
        "user": "UFT9ULVQR",
        "type": "message",
        "subtype": "channel_join",
        "ts": "1548893205.002100",
        "text": "<@UFT9ULVQR>さんがチャンネルに参加しました"
    },
    {
        "user": "UFT60TQCQ",
        "type": "message",
        "subtype": "channel_join",
        "ts": "1548893597.002300",
        "text": "<@UFT60TQCQ>さんがチャンネルに参加しました"
    },
    {
        "client_msg_id": "6cdc8d81-16d4-46aa-807b-690b460ebd50",
        "type": "message",
        "text": "<#CFTAKMSRX|自己紹介> を作ったのでとりま自己紹介でもしませう",
        "user": "UFU0BKD8F",
        "ts": "1548895675.002800",
        "edited": {
            "user": "UFU0BKD8F",
            "ts": "1549608696.000000"
        },
        "reactions": [
            {
                "name": "+1",
                "users": [
                    "UFTKSQ25T"
                ],
                "count": 1
            }
        ]
    }
]