[
    {
        "type": "message",
        "subtype": "bot_message",
        "text": "<https:\/\/www.reddit.com\/r\/Terraform\/comments\/k2kg46\/is_there_a_way_to_support_singleton_resources\/|Is there a way to support Singleton Resources?>\nHear me out. Terraform resources are by nature plural. There is no limit to the number of resources of a certain type that can be defined for a certain provider. Take for example the 'azurerm' provider: I can define as many app services (resource azurerm_app_service) within the bounds of the provider (i.e. the Azure subscription) as needed. However, I can think of situations where only a single instance of a resource can exist for a certain provider. Let's take the example of an Artifactory...",
        "ts": "1606553799.090600",
        "username": "Terraform",
        "icons": {
            "image_48": "https:\/\/s3-us-west-2.amazonaws.com\/slack-files2\/bot_icons\/2019-02-12\/548785199618_48.png"
        },
        "bot_id": "BG3N7LG73",
        "attachments": [
            {
                "service_name": "reddit",
                "title": "Is there a way to support Singleton Resources?",
                "title_link": "https:\/\/www.reddit.com\/r\/Terraform\/comments\/k2kg46\/is_there_a_way_to_support_singleton_resources\/",
                "text": "Hear me out. Terraform resources are by nature plural. There is no limit to the number of resources of a certain type that can be defined for a...",
                "fallback": "reddit: Is there a way to support Singleton Resources?",
                "thumb_url": "https:\/\/www.redditstatic.com\/new-icon.png",
                "from_url": "https:\/\/www.reddit.com\/r\/Terraform\/comments\/k2kg46\/is_there_a_way_to_support_singleton_resources\/",
                "thumb_width": 256,
                "thumb_height": 256,
                "service_icon": "http:\/\/www.redditstatic.com\/desktop2x\/img\/favicon\/apple-icon-57x57.png",
                "id": 1,
                "original_url": "https:\/\/www.reddit.com\/r\/Terraform\/comments\/k2kg46\/is_there_a_way_to_support_singleton_resources\/"
            }
        ],
        "edited": {
            "user": "BG3N7LG73",
            "ts": "1606553799.000000"
        }
    },
    {
        "type": "message",
        "subtype": "bot_message",
        "text": "<https:\/\/www.reddit.com\/r\/Terraform\/comments\/k2llk4\/retrieving_ssl_cert_for_app_gateway_on_deployment\/|Retrieving SSL cert for APP Gateway on deployment>\nI'm using the following code to deploy and application gateway ​ resource \"azurerm_application_gateway\" \"miricyl\" {\nname = \"${local.zone}-${local.prefix}-${local.primary_location}-appgateway\"\nresource_group_name = azurerm_resource_group.networking.name\nlocation = local.primary_location\nsku {\nname = \"WAF_v2\"\ntier = \"WAF_v2\"\ncapacity = 1\n}\ngateway_ip_configuration {\nname = \"${local.zone}-${local.prefix}-${local.primary_location}-configuration\"\nsubnet_id = azurerm_subnet.appgateway.id\n}...",
        "ts": "1606561000.090800",
        "username": "Terraform",
        "icons": {
            "image_48": "https:\/\/s3-us-west-2.amazonaws.com\/slack-files2\/bot_icons\/2019-02-12\/548785199618_48.png"
        },
        "bot_id": "BG3N7LG73",
        "attachments": [
            {
                "service_name": "reddit",
                "title": "Retrieving SSL cert for APP Gateway on deployment",
                "title_link": "https:\/\/www.reddit.com\/r\/Terraform\/comments\/k2llk4\/retrieving_ssl_cert_for_app_gateway_on_deployment\/",
                "text": "I'm using the following code to deploy and application gateway &amp;#x200B; `resource \"azurerm_application_gateway\" \"miricyl\" {` `name ...",
                "fallback": "reddit: Retrieving SSL cert for APP Gateway on deployment",
                "thumb_url": "https:\/\/www.redditstatic.com\/new-icon.png",
                "from_url": "https:\/\/www.reddit.com\/r\/Terraform\/comments\/k2llk4\/retrieving_ssl_cert_for_app_gateway_on_deployment\/",
                "thumb_width": 256,
                "thumb_height": 256,
                "service_icon": "http:\/\/www.redditstatic.com\/desktop2x\/img\/favicon\/apple-icon-57x57.png",
                "id": 1,
                "original_url": "https:\/\/www.reddit.com\/r\/Terraform\/comments\/k2llk4\/retrieving_ssl_cert_for_app_gateway_on_deployment\/"
            }
        ],
        "edited": {
            "user": "BG3N7LG73",
            "ts": "1606561000.000000"
        }
    },
    {
        "type": "message",
        "subtype": "bot_message",
        "text": "<https:\/\/qiita.com\/neruneruo\/items\/bf881cd190bf20aae4c9|【Tips】TerraformでAPI Gatewayを構築しているときに出る ConflictException の回避手段>\n<https:\/\/qiita.com\/#%E3%81%AF%E3%81%98%E3%82%81%E3%81%AB>はじめに\n\nTerraform で API Gateway を構築していて、メソッドや統合を多用していると、たまに\n\nError: error deleting API Gateway Integration Response (xxxx-xxxxxxxxxx-xxxxxx-PUT-500): ConflictException: Unable to complete operation due to concurrent modification. Please try again later.\n\n\nみたいな感じでエラーが出て悩まされることがある。\n\nこれはおそらく、API Gateway を更新する API(Terraform が裏で叩いていると思われるもの)が、並列処理に対応していない(処理を排他している)と考えられる。\nTerraform...",
        "ts": "1606569400.091000",
        "username": "Terraformタグが付けられた新着記事 - Qiita",
        "icons": {
            "image_36": "https:\/\/a.slack-edge.com\/80588\/img\/services\/rss_36.png",
            "image_48": "https:\/\/a.slack-edge.com\/80588\/img\/services\/rss_48.png",
            "image_72": "https:\/\/a.slack-edge.com\/80588\/img\/services\/rss_72.png"
        },
        "bot_id": "BG3N7LG73",
        "attachments": [
            {
                "service_name": "Qiita",
                "title": "【Tips】TerraformでAPI Gatewayを構築しているときに出る ConflictException の回避手段 - Qiita",
                "title_link": "https:\/\/qiita.com\/neruneruo\/items\/bf881cd190bf20aae4c9",
                "text": "はじめに Terraform で API Gateway を構築していて、メソッドや統合を多用していると、たまに Error: error deleting API Gateway Integration Response (...",
                "fallback": "Qiita: 【Tips】TerraformでAPI Gatewayを構築しているときに出る ConflictException の回避手段 - Qiita",
                "image_url": "https:\/\/qiita-user-contents.imgix.net\/https%3A%2F%2Fcdn.qiita.com%2Fassets%2Fpublic%2Farticle-ogp-background-1150d8b18a7c15795b701a55ae908f94.png?ixlib=rb-1.2.2&w=1200&mark=https%3A%2F%2Fqiita-user-contents.imgix.net%2F~text%3Fixlib%3Drb-1.2.2%26w%3D840%26h%3D380%26txt%3D%25E3%2580%2590Tips%25E3%2580%2591Terraform%25E3%2581%25A7API%2520Gateway%25E3%2582%2592%25E6%25A7%258B%25E7%25AF%2589%25E3%2581%2597%25E3%2581%25A6%25E3%2581%2584%25E3%2582%258B%25E3%2581%25A8%25E3%2581%258D%25E3%2581%25AB%25E5%2587%25BA%25E3%2582%258B%2520ConflictException%2520%25E3%2581%25AE%25E5%259B%259E%25E9%2581%25BF%25E6%2589%258B%25E6%25AE%25B5%26txt-color%3D%2523333%26txt-font%3DHiragino%2520Sans%2520W6%26txt-size%3D54%26txt-clip%3Dellipsis%26txt-align%3Dcenter%252Cmiddle%26s%3D73fd7d99b19419acb11490c037944902&mark-align=center%2Cmiddle&blend=https%3A%2F%2Fqiita-user-contents.imgix.net%2F~text%3Fixlib%3Drb-1.2.2%26w%3D840%26h%3D500%26txt%3D%2540neruneruo%26txt-color%3D%2523333%26txt-font%3DHiragino%2520Sans%2520W6%26txt-size%3D45%26txt-align%3Dright%252Cbottom%26s%3D0a897fb56a0410946e0f3f1cb6106bf0&blend-align=center%2Cmiddle&blend-mode=normal&s=7d6505cc74c12f970c647d57fa828985",
                "from_url": "https:\/\/qiita.com\/neruneruo\/items\/bf881cd190bf20aae4c9",
                "image_width": 476,
                "image_height": 250,
                "image_bytes": 74489,
                "service_icon": "https:\/\/cdn.qiita.com\/assets\/favicons\/public\/apple-touch-icon-ec5ba42a24ae923f16825592efdc356f.png",
                "id": 1,
                "original_url": "https:\/\/qiita.com\/neruneruo\/items\/bf881cd190bf20aae4c9"
            },
            {
                "service_name": "Qiita",
                "title": "プログラマの技術情報共有サービス - Qiita",
                "title_link": "https:\/\/qiita.com\/#%E3%81%AF%E3%81%98%E3%82%81%E3%81%AB",
                "text": "Qiitaは、プログラマのための技術情報共有サービスです。 プログラミングに関するTips、ノウハウ、メモを簡単に記録 &amp; 公開することができます。",
                "fallback": "Qiita: プログラマの技術情報共有サービス - Qiita",
                "thumb_url": "https:\/\/cdn.qiita.com\/assets\/qiita-fb-fe28c64039d925349e620ba55091e078.png",
                "from_url": "https:\/\/qiita.com\/#%E3%81%AF%E3%81%98%E3%82%81%E3%81%AB",
                "thumb_width": 1200,
                "thumb_height": 630,
                "service_icon": "https:\/\/cdn.qiita.com\/assets\/favicons\/public\/apple-touch-icon-ec5ba42a24ae923f16825592efdc356f.png",
                "id": 2,
                "original_url": "https:\/\/qiita.com\/#%E3%81%AF%E3%81%98%E3%82%81%E3%81%AB"
            }
        ],
        "edited": {
            "user": "BG3N7LG73",
            "ts": "1606569400.000000"
        }
    }
]