[
    {
        "type": "message",
        "subtype": "bot_message",
        "text": "<https:\/\/www.reddit.com\/r\/Terraform\/comments\/jm192h\/terraform_providers_overview_everything_you_need\/|Terraform Providers Overview: Everything You Need To Know!>\nTerraform is one of the most popular tools used by DevOps teams to automate infrastructure tasks. It is used to provision and manages any cloud, infrastructure, or service on various cloud providers such as AWS, Azure, GCP, and OCI. If you want to know more in detail, read this blog on - <https:\/\/k21academy.com\/terraform-iac\/terraform-providers-overview\/?utm_source=reddit&amp;utm_medium=referral&amp;utm_campaign=terraform14_nov20_rterraform|Terraform Providers Overview>, and get a deep...",
        "ts": "1604233002.050500",
        "username": "Terraform",
        "icons": {
            "image_48": "https:\/\/s3-us-west-2.amazonaws.com\/slack-files2\/bot_icons\/2019-02-12\/548785199618_48.png"
        },
        "bot_id": "BG3N7LG73",
        "attachments": [
            {
                "service_name": "reddit",
                "title": "Terraform Providers Overview: Everything You Need To Know!",
                "title_link": "https:\/\/www.reddit.com\/r\/Terraform\/comments\/jm192h\/terraform_providers_overview_everything_you_need\/",
                "text": "Terraform is one of the most popular tools used by DevOps teams to automate infrastructure tasks. It is used to provision and manages any cloud,...",
                "fallback": "reddit: Terraform Providers Overview: Everything You Need To Know!",
                "thumb_url": "https:\/\/www.redditstatic.com\/new-icon.png",
                "from_url": "https:\/\/www.reddit.com\/r\/Terraform\/comments\/jm192h\/terraform_providers_overview_everything_you_need\/",
                "thumb_width": 256,
                "thumb_height": 256,
                "service_icon": "http:\/\/www.redditstatic.com\/desktop2x\/img\/favicon\/apple-icon-57x57.png",
                "id": 1,
                "original_url": "https:\/\/www.reddit.com\/r\/Terraform\/comments\/jm192h\/terraform_providers_overview_everything_you_need\/"
            },
            {
                "service_name": "Cloud Training Program",
                "title": "Terraform Providers Overview | AWS | Azure | OCI | K21Academy",
                "title_link": "https:\/\/k21academy.com\/terraform-iac\/terraform-providers-overview\/?utm_source=reddit&utm_medium=referral&utm_campaign=terraform14_nov20_rterraform",
                "text": "Visit this blog to get a basic introduction of Terraform and learn about major terraform cloud providers such as AWS, Azure and OCI.",
                "fallback": "Cloud Training Program: Terraform Providers Overview | AWS | Azure | OCI | K21Academy",
                "thumb_url": "https:\/\/k21academy.com\/wp-content\/uploads\/2020\/08\/TerraformProviders_Thumbnail.png",
                "ts": 1598184158,
                "from_url": "https:\/\/k21academy.com\/terraform-iac\/terraform-providers-overview\/?utm_source=reddit&utm_medium=referral&utm_campaign=terraform14_nov20_rterraform",
                "thumb_width": 1920,
                "thumb_height": 1080,
                "service_icon": "https:\/\/1valoz20c7b3s41ocwkpz13z-wpengine.netdna-ssl.com\/wp-content\/themes\/ktwentyone_staging\/images\/favicon.ico",
                "id": 2,
                "original_url": "https:\/\/k21academy.com\/terraform-iac\/terraform-providers-overview\/?utm_source=reddit&amp;utm_medium=referral&amp;utm_campaign=terraform14_nov20_rterraform"
            }
        ],
        "edited": {
            "user": "BG3N7LG73",
            "ts": "1604233003.000000"
        }
    },
    {
        "type": "message",
        "subtype": "bot_message",
        "text": "<https:\/\/qiita.com\/neruneruo\/items\/6236918c1669cb8337ef|Lambda LayersをGolangで実装してみる>\n<https:\/\/qiita.com\/#%E3%81%AF%E3%81%98%E3%82%81%E3%81%AB>はじめに\n\nLambda の共通処理と言えば Lambda Layers である。\n\nGolang には共通モジュールの扱い方が他にもいくつかある(Git Submodulesを使うとか、ローカルのGitリポジトリを使う(<https:\/\/qiita.com\/neruneruo\/items\/fdbb9bbe02861223c215|過去の記事参照>)とか)が、今回は、Lambda Layers を使った共通化の使用感を確認して考察してみよう。\n\n\n<https:\/\/qiita.com\/#go-plugin-%E3%83%91%E3%83%83%E3%82%B1%E3%83%BC%E3%82%B8%E3%82%92%E4%BD%BF%E3%81%86>Go Plugin パッケージを使う\n\nLambda Layers を Golang で使う場合、Plugin パッケージを使用する。...",
        "ts": "1604233005.050700",
        "username": "Terraformタグが付けられた新着記事 - Qiita",
        "icons": {
            "image_36": "https:\/\/a.slack-edge.com\/80588\/img\/services\/rss_36.png",
            "image_48": "https:\/\/a.slack-edge.com\/80588\/img\/services\/rss_48.png",
            "image_72": "https:\/\/a.slack-edge.com\/80588\/img\/services\/rss_72.png"
        },
        "bot_id": "BG3N7LG73",
        "attachments": [
            {
                "service_name": "Qiita",
                "title": "Lambda LayersをGolangで実装してみる - Qiita",
                "title_link": "https:\/\/qiita.com\/neruneruo\/items\/6236918c1669cb8337ef",
                "text": "はじめに Lambda の共通処理と言えば Lambda Layers である。 Golang には共通モジュールの扱い方が他にもいくつかある(Git Submodulesを使うとか、ローカルのGitリポジトリを使う(過去の記...",
                "fallback": "Qiita: Lambda LayersをGolangで実装してみる - Qiita",
                "image_url": "https:\/\/qiita-user-contents.imgix.net\/https%3A%2F%2Fcdn.qiita.com%2Fassets%2Fpublic%2Farticle-ogp-background-1150d8b18a7c15795b701a55ae908f94.png?ixlib=rb-1.2.2&w=1200&mark=https%3A%2F%2Fqiita-user-contents.imgix.net%2F~text%3Fixlib%3Drb-1.2.2%26w%3D840%26h%3D380%26txt%3DLambda%2520Layers%25E3%2582%2592Golang%25E3%2581%25A7%25E5%25AE%259F%25E8%25A3%2585%25E3%2581%2597%25E3%2581%25A6%25E3%2581%25BF%25E3%2582%258B%26txt-color%3D%2523333%26txt-font%3DHiragino%2520Sans%2520W6%26txt-size%3D54%26txt-clip%3Dellipsis%26txt-align%3Dcenter%252Cmiddle%26s%3D0de6c61d4fc2eb0e23bb1171d8aa1535&mark-align=center%2Cmiddle&blend=https%3A%2F%2Fqiita-user-contents.imgix.net%2F~text%3Fixlib%3Drb-1.2.2%26w%3D840%26h%3D500%26txt%3D%2540neruneruo%26txt-color%3D%2523333%26txt-font%3DHiragino%2520Sans%2520W6%26txt-size%3D45%26txt-align%3Dright%252Cbottom%26s%3D0a897fb56a0410946e0f3f1cb6106bf0&blend-align=center%2Cmiddle&blend-mode=normal&s=9ad17b204b566237f438f479b9c1d9f1",
                "from_url": "https:\/\/qiita.com\/neruneruo\/items\/6236918c1669cb8337ef",
                "image_width": 476,
                "image_height": 250,
                "image_bytes": 45819,
                "service_icon": "https:\/\/cdn.qiita.com\/assets\/favicons\/public\/apple-touch-icon-ec5ba42a24ae923f16825592efdc356f.png",
                "id": 1,
                "original_url": "https:\/\/qiita.com\/neruneruo\/items\/6236918c1669cb8337ef"
            },
            {
                "service_name": "Qiita",
                "title": "プログラマの技術情報共有サービス - Qiita",
                "title_link": "https:\/\/qiita.com\/#%E3%81%AF%E3%81%98%E3%82%81%E3%81%AB",
                "text": "Qiitaは、プログラマのための技術情報共有サービスです。 プログラミングに関するTips、ノウハウ、メモを簡単に記録 &amp; 公開することができます。",
                "fallback": "Qiita: プログラマの技術情報共有サービス - Qiita",
                "thumb_url": "https:\/\/cdn.qiita.com\/assets\/qiita-fb-fe28c64039d925349e620ba55091e078.png",
                "from_url": "https:\/\/qiita.com\/#%E3%81%AF%E3%81%98%E3%82%81%E3%81%AB",
                "thumb_width": 1200,
                "thumb_height": 630,
                "service_icon": "https:\/\/cdn.qiita.com\/assets\/favicons\/public\/apple-touch-icon-ec5ba42a24ae923f16825592efdc356f.png",
                "id": 2,
                "original_url": "https:\/\/qiita.com\/#%E3%81%AF%E3%81%98%E3%82%81%E3%81%AB"
            },
            {
                "service_name": "Qiita",
                "title": "Golangはじめて物語(第4話: ローカルリポジトリで共通モジュール管理編) - Qiita",
                "title_link": "https:\/\/qiita.com\/neruneruo\/items\/fdbb9bbe02861223c215",
                "text": "はじめに Golangシリーズ4回目。 過去の3回はこちら。 Golangはじめて物語(APIGateway＋Lambdaといっしょ編) Golangはじめて物語(第2話: Gin＋ECS＋Fargateといっしょ編) Go...",
                "fallback": "Qiita: Golangはじめて物語(第4話: ローカルリポジトリで共通モジュール管理編) - Qiita",
                "image_url": "https:\/\/qiita-user-contents.imgix.net\/https%3A%2F%2Fcdn.qiita.com%2Fassets%2Fpublic%2Farticle-ogp-background-1150d8b18a7c15795b701a55ae908f94.png?ixlib=rb-1.2.2&w=1200&mark=https%3A%2F%2Fqiita-user-contents.imgix.net%2F~text%3Fixlib%3Drb-1.2.2%26w%3D840%26h%3D380%26txt%3DGolang%25E3%2581%25AF%25E3%2581%2598%25E3%2582%2581%25E3%2581%25A6%25E7%2589%25A9%25E8%25AA%259E%2528%25E7%25AC%25AC4%25E8%25A9%25B1%253A%2520%25E3%2583%25AD%25E3%2583%25BC%25E3%2582%25AB%25E3%2583%25AB%25E3%2583%25AA%25E3%2583%259D%25E3%2582%25B8%25E3%2583%2588%25E3%2583%25AA%25E3%2581%25A7%25E5%2585%25B1%25E9%2580%259A%25E3%2583%25A2%25E3%2582%25B8%25E3%2583%25A5%25E3%2583%25BC%25E3%2583%25AB%25E7%25AE%25A1%25E7%2590%2586%25E7%25B7%25A8%2529%26txt-color%3D%2523333%26txt-font%3DHiragino%2520Sans%2520W6%26txt-size%3D54%26txt-clip%3Dellipsis%26txt-align%3Dcenter%252Cmiddle%26s%3Df598718f56f0b2bd60d17d7f586e531d&mark-align=center%2Cmiddle&blend=https%3A%2F%2Fqiita-user-contents.imgix.net%2F~text%3Fixlib%3Drb-1.2.2%26w%3D840%26h%3D500%26txt%3D%2540neruneruo%26txt-color%3D%2523333%26txt-font%3DHiragino%2520Sans%2520W6%26txt-size%3D45%26txt-align%3Dright%252Cbottom%26s%3D0a897fb56a0410946e0f3f1cb6106bf0&blend-align=center%2Cmiddle&blend-mode=normal&s=e7162cf0e49d5dea64084b5fb2d2b664",
                "from_url": "https:\/\/qiita.com\/neruneruo\/items\/fdbb9bbe02861223c215",
                "image_width": 476,
                "image_height": 250,
                "image_bytes": 64595,
                "service_icon": "https:\/\/cdn.qiita.com\/assets\/favicons\/public\/apple-touch-icon-ec5ba42a24ae923f16825592efdc356f.png",
                "id": 3,
                "original_url": "https:\/\/qiita.com\/neruneruo\/items\/fdbb9bbe02861223c215"
            },
            {
                "service_name": "Qiita",
                "title": "プログラマの技術情報共有サービス - Qiita",
                "title_link": "https:\/\/qiita.com\/#go-plugin-%E3%83%91%E3%83%83%E3%82%B1%E3%83%BC%E3%82%B8%E3%82%92%E4%BD%BF%E3%81%86",
                "text": "Qiitaは、プログラマのための技術情報共有サービスです。 プログラミングに関するTips、ノウハウ、メモを簡単に記録 &amp; 公開することができます。",
                "fallback": "Qiita: プログラマの技術情報共有サービス - Qiita",
                "thumb_url": "https:\/\/cdn.qiita.com\/assets\/qiita-fb-fe28c64039d925349e620ba55091e078.png",
                "from_url": "https:\/\/qiita.com\/#go-plugin-%E3%83%91%E3%83%83%E3%82%B1%E3%83%BC%E3%82%B8%E3%82%92%E4%BD%BF%E3%81%86",
                "thumb_width": 1200,
                "thumb_height": 630,
                "service_icon": "https:\/\/cdn.qiita.com\/assets\/favicons\/public\/apple-touch-icon-ec5ba42a24ae923f16825592efdc356f.png",
                "id": 4,
                "original_url": "https:\/\/qiita.com\/#go-plugin-%E3%83%91%E3%83%83%E3%82%B1%E3%83%BC%E3%82%B8%E3%82%92%E4%BD%BF%E3%81%86"
            }
        ],
        "edited": {
            "user": "BG3N7LG73",
            "ts": "1604233005.000000"
        }
    },
    {
        "type": "message",
        "subtype": "bot_message",
        "text": "<https:\/\/qiita.com\/nakamuloud\/items\/8517828d9efdfe0e3ec0|Terraform(AWS)入門時にハマったとこ>\n<https:\/\/qiita.com\/#%E5%89%8D%E6%8F%90>前提\n\nTerraformがAWSを始め､複数のクラウドをまとめてIaaCな管理できるすごいやつ､という認識程度\n今回は API Gatewayと Lambdaを作成して紐付けるとこまでやった｡\nその際にハマったことの覚書としてここに残しておきます\n\n\n<https:\/\/qiita.com\/#%E3%83%8F%E3%83%9E%E3%81%A3%E3%81%9F%E3%81%93%E3%81%A8%E4%B8%80%E8%A6%A7>ハマったこと一覧\n\n\n<https:\/\/qiita.com\/#malformedpolicydocument-json-strings-must-not-have-leading-spaces>MalformedPolicyDocument: JSON strings must not have leading spaces\n\n\n&lt;a...",
        "ts": "1604234202.050900",
        "username": "Terraformタグが付けられた新着記事 - Qiita",
        "icons": {
            "image_36": "https:\/\/a.slack-edge.com\/80588\/img\/services\/rss_36.png",
            "image_48": "https:\/\/a.slack-edge.com\/80588\/img\/services\/rss_48.png",
            "image_72": "https:\/\/a.slack-edge.com\/80588\/img\/services\/rss_72.png"
        },
        "bot_id": "BG3N7LG73",
        "attachments": [
            {
                "service_name": "Qiita",
                "title": "Terraform(AWS)入門時にハマったとこ - Qiita",
                "title_link": "https:\/\/qiita.com\/nakamuloud\/items\/8517828d9efdfe0e3ec0",
                "text": "前提 TerraformがAWSを始め､複数のクラウドをまとめてIaaCな管理できるすごいやつ､という認識程度 今回は API Gatewayと Lambdaを作成して紐付けるとこまでやった｡ その際にハマったことの覚書としてこ...",
                "fallback": "Qiita: Terraform(AWS)入門時にハマったとこ - Qiita",
                "image_url": "https:\/\/qiita-user-contents.imgix.net\/https%3A%2F%2Fcdn.qiita.com%2Fassets%2Fpublic%2Farticle-ogp-background-1150d8b18a7c15795b701a55ae908f94.png?ixlib=rb-1.2.2&w=1200&mark=https%3A%2F%2Fqiita-user-contents.imgix.net%2F~text%3Fixlib%3Drb-1.2.2%26w%3D840%26h%3D380%26txt%3DTerraform%2528AWS%2529%25E5%2585%25A5%25E9%2596%2580%25E6%2599%2582%25E3%2581%25AB%25E3%2583%258F%25E3%2583%259E%25E3%2581%25A3%25E3%2581%259F%25E3%2581%25A8%25E3%2581%2593%26txt-color%3D%2523333%26txt-font%3DHiragino%2520Sans%2520W6%26txt-size%3D54%26txt-clip%3Dellipsis%26txt-align%3Dcenter%252Cmiddle%26s%3De2628c1ea8ac1eb82657c56afe2d4529&mark-align=center%2Cmiddle&blend=https%3A%2F%2Fqiita-user-contents.imgix.net%2F~text%3Fixlib%3Drb-1.2.2%26w%3D840%26h%3D500%26txt%3D%2540nakamuloud%26txt-color%3D%2523333%26txt-font%3DHiragino%2520Sans%2520W6%26txt-size%3D45%26txt-align%3Dright%252Cbottom%26s%3D0728a4490e32c55d186e85444f77c66a&blend-align=center%2Cmiddle&blend-mode=normal&s=87941c4c3368382d8f4fdb6a89132dd5",
                "from_url": "https:\/\/qiita.com\/nakamuloud\/items\/8517828d9efdfe0e3ec0",
                "image_width": 476,
                "image_height": 250,
                "image_bytes": 45833,
                "service_icon": "https:\/\/cdn.qiita.com\/assets\/favicons\/public\/apple-touch-icon-ec5ba42a24ae923f16825592efdc356f.png",
                "id": 1,
                "original_url": "https:\/\/qiita.com\/nakamuloud\/items\/8517828d9efdfe0e3ec0"
            },
            {
                "service_name": "Qiita",
                "title": "プログラマの技術情報共有サービス - Qiita",
                "title_link": "https:\/\/qiita.com\/#%E5%89%8D%E6%8F%90",
                "text": "Qiitaは、プログラマのための技術情報共有サービスです。 プログラミングに関するTips、ノウハウ、メモを簡単に記録 &amp; 公開することができます。",
                "fallback": "Qiita: プログラマの技術情報共有サービス - Qiita",
                "thumb_url": "https:\/\/cdn.qiita.com\/assets\/qiita-fb-fe28c64039d925349e620ba55091e078.png",
                "from_url": "https:\/\/qiita.com\/#%E5%89%8D%E6%8F%90",
                "thumb_width": 1200,
                "thumb_height": 630,
                "service_icon": "https:\/\/cdn.qiita.com\/assets\/favicons\/public\/apple-touch-icon-ec5ba42a24ae923f16825592efdc356f.png",
                "id": 2,
                "original_url": "https:\/\/qiita.com\/#%E5%89%8D%E6%8F%90"
            },
            {
                "service_name": "Qiita",
                "title": "プログラマの技術情報共有サービス - Qiita",
                "title_link": "https:\/\/qiita.com\/#%E3%83%8F%E3%83%9E%E3%81%A3%E3%81%9F%E3%81%93%E3%81%A8%E4%B8%80%E8%A6%A7",
                "text": "Qiitaは、プログラマのための技術情報共有サービスです。 プログラミングに関するTips、ノウハウ、メモを簡単に記録 &amp; 公開することができます。",
                "fallback": "Qiita: プログラマの技術情報共有サービス - Qiita",
                "thumb_url": "https:\/\/cdn.qiita.com\/assets\/qiita-fb-fe28c64039d925349e620ba55091e078.png",
                "from_url": "https:\/\/qiita.com\/#%E3%83%8F%E3%83%9E%E3%81%A3%E3%81%9F%E3%81%93%E3%81%A8%E4%B8%80%E8%A6%A7",
                "thumb_width": 1200,
                "thumb_height": 630,
                "service_icon": "https:\/\/cdn.qiita.com\/assets\/favicons\/public\/apple-touch-icon-ec5ba42a24ae923f16825592efdc356f.png",
                "id": 3,
                "original_url": "https:\/\/qiita.com\/#%E3%83%8F%E3%83%9E%E3%81%A3%E3%81%9F%E3%81%93%E3%81%A8%E4%B8%80%E8%A6%A7"
            },
            {
                "service_name": "Qiita",
                "title": "プログラマの技術情報共有サービス - Qiita",
                "title_link": "https:\/\/qiita.com\/#malformedpolicydocument-json-strings-must-not-have-leading-spaces",
                "text": "Qiitaは、プログラマのための技術情報共有サービスです。 プログラミングに関するTips、ノウハウ、メモを簡単に記録 &amp; 公開することができます。",
                "fallback": "Qiita: プログラマの技術情報共有サービス - Qiita",
                "thumb_url": "https:\/\/cdn.qiita.com\/assets\/qiita-fb-fe28c64039d925349e620ba55091e078.png",
                "from_url": "https:\/\/qiita.com\/#malformedpolicydocument-json-strings-must-not-have-leading-spaces",
                "thumb_width": 1200,
                "thumb_height": 630,
                "service_icon": "https:\/\/cdn.qiita.com\/assets\/favicons\/public\/apple-touch-icon-ec5ba42a24ae923f16825592efdc356f.png",
                "id": 4,
                "original_url": "https:\/\/qiita.com\/#malformedpolicydocument-json-strings-must-not-have-leading-spaces"
            }
        ],
        "edited": {
            "user": "BG3N7LG73",
            "ts": "1604234202.000000"
        }
    },
    {
        "type": "message",
        "subtype": "bot_message",
        "text": "<https:\/\/www.reddit.com\/r\/Terraform\/comments\/jm1k7h\/anybody_planing_to_move_to_aws_cdk_from_terraform\/|Anybody planing to move to aws cdk from terraform for aws infrastructure>\nDebugging, strong type , walking\/managing a complex maps without massaging it a few times, tests, same language you are supporting ,etc... This is all I hear why dev and ops want to use it. I see the appeal I have moved to it. But I say to ops use the best tool you know.    submitted by   <https:\/\/www.reddit.com\/user\/Kubectl8s| \/u\/Kubectl8s > \n<https:\/\/www.reddit.com\/r\/Terraform\/comments\/jm1k7h\/anybody_planing_to_move_to_aws_cdk_from_terraform\/|[link]>   &lt;a...",
        "ts": "1604235401.051100",
        "username": "Terraform",
        "icons": {
            "image_48": "https:\/\/s3-us-west-2.amazonaws.com\/slack-files2\/bot_icons\/2019-02-12\/548785199618_48.png"
        },
        "bot_id": "BG3N7LG73",
        "attachments": [
            {
                "service_name": "reddit",
                "title": "Anybody planing to move to aws cdk from terraform for aws infrastructure",
                "title_link": "https:\/\/www.reddit.com\/r\/Terraform\/comments\/jm1k7h\/anybody_planing_to_move_to_aws_cdk_from_terraform\/",
                "text": "Debugging, strong type , walking\/managing a complex maps without massaging it a few times, tests, same language you are supporting ,etc... This...",
                "fallback": "reddit: Anybody planing to move to aws cdk from terraform for aws infrastructure",
                "thumb_url": "https:\/\/www.redditstatic.com\/new-icon.png",
                "from_url": "https:\/\/www.reddit.com\/r\/Terraform\/comments\/jm1k7h\/anybody_planing_to_move_to_aws_cdk_from_terraform\/",
                "thumb_width": 256,
                "thumb_height": 256,
                "service_icon": "http:\/\/www.redditstatic.com\/desktop2x\/img\/favicon\/apple-icon-57x57.png",
                "id": 1,
                "original_url": "https:\/\/www.reddit.com\/r\/Terraform\/comments\/jm1k7h\/anybody_planing_to_move_to_aws_cdk_from_terraform\/"
            },
            {
                "title": "overview for Kubectl8s",
                "title_link": "https:\/\/www.reddit.com\/user\/Kubectl8s",
                "text": "The u\/Kubectl8s community on Reddit. Reddit gives you the best of the internet in one place.",
                "fallback": "overview for Kubectl8s",
                "from_url": "https:\/\/www.reddit.com\/user\/Kubectl8s",
                "service_icon": "http:\/\/www.redditstatic.com\/desktop2x\/img\/favicon\/apple-icon-57x57.png",
                "service_name": "reddit.com",
                "id": 2,
                "original_url": "https:\/\/www.reddit.com\/user\/Kubectl8s"
            }
        ],
        "edited": {
            "user": "BG3N7LG73",
            "ts": "1604235401.000000"
        }
    },
    {
        "type": "message",
        "subtype": "bot_message",
        "text": "<https:\/\/qiita.com\/hiroyuki_onodera\/items\/aef6194b5da425c198d8|Moleculeのdelegatedドライバからterraformを使ってAWS EC2環境などにテスト用インスタンスを作成>\n<https:\/\/qiita.com\/#%E8%AA%B2%E9%A1%8C>課題:\n\nMoleculeを使ってplaybookのテストなどを行う際に、クラウドにテスト環境を立ち上げる場合、terraformを使用すると以下のメリットがある。\n\n様々なクラウドに対応可能\n冪等性はterraformにて対応\nここでは AWS EC2環境を例に設定を試みる。\n\n\n<https:\/\/qiita.com\/#%E7%92%B0%E5%A2%83>環境:\n\nmacOS 10.15.7\nPython(pyenv) 3.8.2 \nansible 2.10.2\nmolecule 3.1.5\nTerraform v0.13.4\nyq 2.10.1 (オプション)\nvm接続に使用するssh-key ~\/.ssh\/id_rsa, ~\/.ssh\/id_rsa.pub\n環境変数 AWS_ACCESS_KEY_ID, AWS_SECRET_ACCESS_KEY\n\n&lt;a...",
        "ts": "1604245006.051300",
        "username": "Terraformタグが付けられた新着記事 - Qiita",
        "icons": {
            "image_36": "https:\/\/a.slack-edge.com\/80588\/img\/services\/rss_36.png",
            "image_48": "https:\/\/a.slack-edge.com\/80588\/img\/services\/rss_48.png",
            "image_72": "https:\/\/a.slack-edge.com\/80588\/img\/services\/rss_72.png"
        },
        "bot_id": "BG3N7LG73",
        "attachments": [
            {
                "service_name": "Qiita",
                "title": "Moleculeのdelegatedドライバからterraformを使ってAWS EC2環境などにテスト用インスタンスを作成 - Qiita",
                "title_link": "https:\/\/qiita.com\/hiroyuki_onodera\/items\/aef6194b5da425c198d8",
                "text": "課題: Moleculeを使ってplaybookのテストなどを行う際に、クラウドにテスト環境を立ち上げる場合、terraformを使用すると以下のメリットがある。 様々なクラウドに対応可能 冪等性はterraformにて対応...",
                "fallback": "Qiita: Moleculeのdelegatedドライバからterraformを使ってAWS EC2環境などにテスト用インスタンスを作成 - Qiita",
                "image_url": "https:\/\/qiita-user-contents.imgix.net\/https%3A%2F%2Fcdn.qiita.com%2Fassets%2Fpublic%2Farticle-ogp-background-1150d8b18a7c15795b701a55ae908f94.png?ixlib=rb-1.2.2&w=1200&mark=https%3A%2F%2Fqiita-user-contents.imgix.net%2F~text%3Fixlib%3Drb-1.2.2%26w%3D840%26h%3D380%26txt%3DMolecule%25E3%2581%25AEdelegated%25E3%2583%2589%25E3%2583%25A9%25E3%2582%25A4%25E3%2583%2590%25E3%2581%258B%25E3%2582%2589terraform%25E3%2582%2592%25E4%25BD%25BF%25E3%2581%25A3%25E3%2581%25A6AWS%2520EC2%25E7%2592%25B0%25E5%25A2%2583%25E3%2581%25AA%25E3%2581%25A9%25E3%2581%25AB%25E3%2583%2586%25E3%2582%25B9%25E3%2583%2588%25E7%2594%25A8%25E3%2582%25A4%25E3%2583%25B3%25E3%2582%25B9%25E3%2582%25BF%25E3%2583%25B3%25E3%2582%25B9%25E3%2582%2592%25E4%25BD%259C%25E6%2588%2590%26txt-color%3D%2523333%26txt-font%3DHiragino%2520Sans%2520W6%26txt-size%3D54%26txt-clip%3Dellipsis%26txt-align%3Dcenter%252Cmiddle%26s%3D02b18cd6a19a3a718d7d738992f52b1a&mark-align=center%2Cmiddle&blend=https%3A%2F%2Fqiita-user-contents.imgix.net%2F~text%3Fixlib%3Drb-1.2.2%26w%3D840%26h%3D500%26txt%3D%2540hiroyuki_onodera%26txt-color%3D%2523333%26txt-font%3DHiragino%2520Sans%2520W6%26txt-size%3D45%26txt-align%3Dright%252Cbottom%26s%3D4acb8e5c09692fabee0c57ffc8d5fad0&blend-align=center%2Cmiddle&blend-mode=normal&s=1dece4e6a06ec7bb5c8abfe0cdcda55a",
                "from_url": "https:\/\/qiita.com\/hiroyuki_onodera\/items\/aef6194b5da425c198d8",
                "image_width": 476,
                "image_height": 250,
                "image_bytes": 86362,
                "service_icon": "https:\/\/cdn.qiita.com\/assets\/favicons\/public\/apple-touch-icon-ec5ba42a24ae923f16825592efdc356f.png",
                "id": 1,
                "original_url": "https:\/\/qiita.com\/hiroyuki_onodera\/items\/aef6194b5da425c198d8"
            },
            {
                "service_name": "Qiita",
                "title": "プログラマの技術情報共有サービス - Qiita",
                "title_link": "https:\/\/qiita.com\/#%E8%AA%B2%E9%A1%8C",
                "text": "Qiitaは、プログラマのための技術情報共有サービスです。 プログラミングに関するTips、ノウハウ、メモを簡単に記録 &amp; 公開することができます。",
                "fallback": "Qiita: プログラマの技術情報共有サービス - Qiita",
                "thumb_url": "https:\/\/cdn.qiita.com\/assets\/qiita-fb-fe28c64039d925349e620ba55091e078.png",
                "from_url": "https:\/\/qiita.com\/#%E8%AA%B2%E9%A1%8C",
                "thumb_width": 1200,
                "thumb_height": 630,
                "service_icon": "https:\/\/cdn.qiita.com\/assets\/favicons\/public\/apple-touch-icon-ec5ba42a24ae923f16825592efdc356f.png",
                "id": 2,
                "original_url": "https:\/\/qiita.com\/#%E8%AA%B2%E9%A1%8C"
            },
            {
                "service_name": "Qiita",
                "title": "プログラマの技術情報共有サービス - Qiita",
                "title_link": "https:\/\/qiita.com\/#%E7%92%B0%E5%A2%83",
                "text": "Qiitaは、プログラマのための技術情報共有サービスです。 プログラミングに関するTips、ノウハウ、メモを簡単に記録 &amp; 公開することができます。",
                "fallback": "Qiita: プログラマの技術情報共有サービス - Qiita",
                "thumb_url": "https:\/\/cdn.qiita.com\/assets\/qiita-fb-fe28c64039d925349e620ba55091e078.png",
                "from_url": "https:\/\/qiita.com\/#%E7%92%B0%E5%A2%83",
                "thumb_width": 1200,
                "thumb_height": 630,
                "service_icon": "https:\/\/cdn.qiita.com\/assets\/favicons\/public\/apple-touch-icon-ec5ba42a24ae923f16825592efdc356f.png",
                "id": 3,
                "original_url": "https:\/\/qiita.com\/#%E7%92%B0%E5%A2%83"
            }
        ],
        "edited": {
            "user": "BG3N7LG73",
            "ts": "1604245006.000000"
        }
    },
    {
        "type": "message",
        "subtype": "bot_message",
        "text": "<https:\/\/www.reddit.com\/r\/Terraform\/comments\/jmd1aq\/is_there_a_way_to_get_git_tag_or_branch_name_in_tf\/|Is there a way to get Git Tag or Branch name in TF?>\nIs there some ENV variable or some module or … some way to exec an arbitrary Git command to get the Git VCS repos current tag or branch name? I am trying to switch some stuff based on versions and I don't want to manually keep them somewhere in Terraform. Sometimes we humans forget to update some string in some non-logical position, which might lead to a minetrap hit more often than missed.    submitted by   <https:\/\/www.reddit.com\/user\/wecodemore| \/u\/wecodemore > \n&lt;a...",
        "ts": "1604276202.051500",
        "username": "Terraform",
        "icons": {
            "image_48": "https:\/\/s3-us-west-2.amazonaws.com\/slack-files2\/bot_icons\/2019-02-12\/548785199618_48.png"
        },
        "bot_id": "BG3N7LG73",
        "attachments": [
            {
                "service_name": "reddit",
                "title": "Is there a way to get Git Tag or Branch name in TF?",
                "title_link": "https:\/\/www.reddit.com\/r\/Terraform\/comments\/jmd1aq\/is_there_a_way_to_get_git_tag_or_branch_name_in_tf\/",
                "text": "Is there some ENV variable or some module or … some way to exec an arbitrary Git command to get the Git VCS repos current tag or branch name? I am...",
                "fallback": "reddit: Is there a way to get Git Tag or Branch name in TF?",
                "thumb_url": "https:\/\/www.redditstatic.com\/new-icon.png",
                "from_url": "https:\/\/www.reddit.com\/r\/Terraform\/comments\/jmd1aq\/is_there_a_way_to_get_git_tag_or_branch_name_in_tf\/",
                "thumb_width": 256,
                "thumb_height": 256,
                "service_icon": "http:\/\/www.redditstatic.com\/desktop2x\/img\/favicon\/apple-icon-57x57.png",
                "id": 1,
                "original_url": "https:\/\/www.reddit.com\/r\/Terraform\/comments\/jmd1aq\/is_there_a_way_to_get_git_tag_or_branch_name_in_tf\/"
            },
            {
                "title": "overview for wecodemore",
                "title_link": "https:\/\/www.reddit.com\/user\/wecodemore",
                "text": "The u\/wecodemore community on Reddit. Reddit gives you the best of the internet in one place.",
                "fallback": "overview for wecodemore",
                "from_url": "https:\/\/www.reddit.com\/user\/wecodemore",
                "service_icon": "http:\/\/www.redditstatic.com\/desktop2x\/img\/favicon\/apple-icon-57x57.png",
                "service_name": "reddit.com",
                "id": 2,
                "original_url": "https:\/\/www.reddit.com\/user\/wecodemore"
            }
        ],
        "edited": {
            "user": "BG3N7LG73",
            "ts": "1604276202.000000"
        }
    },
    {
        "type": "message",
        "subtype": "bot_message",
        "text": "<https:\/\/www.reddit.com\/r\/Terraform\/comments\/jmikc0\/how_can_i_store_state_on_persistent_local_nfs\/|How can I store state on persistent local nfs?>\nThis is for my home network but Terraform apply is still ran from a Docker Agent in Jenkins. How can I save the state to somewhere persistent like nfs?    submitted by   <https:\/\/www.reddit.com\/user\/kautica0| \/u\/kautica0 > \n<https:\/\/www.reddit.com\/r\/Terraform\/comments\/jmikc0\/how_can_i_store_state_on_persistent_local_nfs\/|[link]>   <https:\/\/www.reddit.com\/r\/Terraform\/comments\/jmikc0\/how_can_i_store_state_on_persistent_local_nfs\/|[comments]>",
        "ts": "1604299003.051700",
        "username": "Terraform",
        "icons": {
            "image_48": "https:\/\/s3-us-west-2.amazonaws.com\/slack-files2\/bot_icons\/2019-02-12\/548785199618_48.png"
        },
        "bot_id": "BG3N7LG73",
        "attachments": [
            {
                "service_name": "reddit",
                "title": "How can I store state on persistent local nfs?",
                "title_link": "https:\/\/www.reddit.com\/r\/Terraform\/comments\/jmikc0\/how_can_i_store_state_on_persistent_local_nfs\/",
                "text": "This is for my home network but Terraform apply is still ran from a Docker Agent in Jenkins. How can I save the state to somewhere persistent...",
                "fallback": "reddit: How can I store state on persistent local nfs?",
                "thumb_url": "https:\/\/www.redditstatic.com\/new-icon.png",
                "from_url": "https:\/\/www.reddit.com\/r\/Terraform\/comments\/jmikc0\/how_can_i_store_state_on_persistent_local_nfs\/",
                "thumb_width": 256,
                "thumb_height": 256,
                "service_icon": "http:\/\/www.redditstatic.com\/desktop2x\/img\/favicon\/apple-icon-57x57.png",
                "id": 1,
                "original_url": "https:\/\/www.reddit.com\/r\/Terraform\/comments\/jmikc0\/how_can_i_store_state_on_persistent_local_nfs\/"
            },
            {
                "title": "reddit.com: over 18?",
                "title_link": "https:\/\/www.reddit.com\/user\/kautica0",
                "text": "Reddit gives you the best of the internet in one place. Get a constantly updating feed of breaking news, fun stories, pics, memes, and videos just for you. Passionate about something niche? Reddit has thousands of vibrant communities with people that share your interests. Alternatively, find out what’s trending across all of Reddit on r\/popular. Reddit is also anonymous so you can be yourself, with your Reddit profile and persona disconnected from your real-world identity.",
                "fallback": "reddit.com: over 18?",
                "from_url": "https:\/\/www.reddit.com\/user\/kautica0",
                "service_icon": "http:\/\/www.redditstatic.com\/desktop2x\/img\/favicon\/apple-icon-57x57.png",
                "service_name": "reddit.com",
                "id": 2,
                "original_url": "https:\/\/www.reddit.com\/user\/kautica0"
            }
        ],
        "edited": {
            "user": "BG3N7LG73",
            "ts": "1604299004.000000"
        }
    },
    {
        "type": "message",
        "subtype": "bot_message",
        "text": "<https:\/\/www.reddit.com\/r\/Terraform\/comments\/jmitb3\/how_can_i_store_terraform_state_on_persistent\/|How can I store Terraform state on persistent local storage if running from container?>\nI run Terraform from a container in my Jenkins agent and I don't want to store it in cloud storage. Can I store it somewhere persistent or my NFS?    submitted by   <https:\/\/www.reddit.com\/user\/kautica0| \/u\/kautica0 > \n<https:\/\/www.reddit.com\/r\/Terraform\/comments\/jmitb3\/how_can_i_store_terraform_state_on_persistent\/|[link]>   <https:\/\/www.reddit.com\/r\/Terraform\/comments\/jmitb3\/how_can_i_store_terraform_state_on_persistent\/|[comments]>",
        "ts": "1604300200.051900",
        "username": "Terraform",
        "icons": {
            "image_48": "https:\/\/s3-us-west-2.amazonaws.com\/slack-files2\/bot_icons\/2019-02-12\/548785199618_48.png"
        },
        "bot_id": "BG3N7LG73",
        "attachments": [
            {
                "service_name": "reddit",
                "title": "How can I store Terraform state on persistent local storage if running from container?",
                "title_link": "https:\/\/www.reddit.com\/r\/Terraform\/comments\/jmitb3\/how_can_i_store_terraform_state_on_persistent\/",
                "text": "I run Terraform from a container in my Jenkins agent and I don't want to store it in cloud storage. Can I store it somewhere persistent or my NFS?",
                "fallback": "reddit: How can I store Terraform state on persistent local storage if running from container?",
                "thumb_url": "https:\/\/www.redditstatic.com\/new-icon.png",
                "from_url": "https:\/\/www.reddit.com\/r\/Terraform\/comments\/jmitb3\/how_can_i_store_terraform_state_on_persistent\/",
                "thumb_width": 256,
                "thumb_height": 256,
                "service_icon": "http:\/\/www.redditstatic.com\/desktop2x\/img\/favicon\/apple-icon-57x57.png",
                "id": 1,
                "original_url": "https:\/\/www.reddit.com\/r\/Terraform\/comments\/jmitb3\/how_can_i_store_terraform_state_on_persistent\/"
            }
        ],
        "edited": {
            "user": "BG3N7LG73",
            "ts": "1604300201.000000"
        }
    }
]