[
    {
        "type": "message",
        "subtype": "bot_message",
        "text": "<https:\/\/www.reddit.com\/r\/Terraform\/comments\/junitm\/using_gitlab_cicd_packer_terraform\/|using gitlab cicd + packer + terraform>\nHi all , im getting errors like this  ​ 020\/11\/15 15:03:16 [INFO] CLI args: []string{\"\/usr\/local\/bin\/terraform\", \"apply\", \"--auto-approve\"} 2020\/11\/15 15:03:16 [INFO] CLI command args: []string{\"apply\", \"--auto-approve\"} 2020\/11\/15 15:03:16 [WARN] Log levels other than TRACE are currently unreliable, and are supported only for backward compatibility. Use TF_LOG=TRACE to see Terraform's internal logs. ---- 2020\/11\/15 15:03:16 [INFO] Failed to read plugin lock file...",
        "ts": "1605454603.071700",
        "username": "Terraform",
        "icons": {
            "image_48": "https:\/\/s3-us-west-2.amazonaws.com\/slack-files2\/bot_icons\/2019-02-12\/548785199618_48.png"
        },
        "bot_id": "BG3N7LG73",
        "attachments": [
            {
                "service_name": "reddit",
                "title": "using gitlab cicd + packer + terraform",
                "title_link": "https:\/\/www.reddit.com\/r\/Terraform\/comments\/junitm\/using_gitlab_cicd_packer_terraform\/",
                "text": "Hi all , im getting errors like this &amp;#x200B; 020\/11\/15 15:03:16 [INFO] CLI args: []string{\"\/usr\/local\/bin\/terraform\", \"apply\",...",
                "fallback": "reddit: using gitlab cicd + packer + terraform",
                "thumb_url": "https:\/\/www.redditstatic.com\/new-icon.png",
                "from_url": "https:\/\/www.reddit.com\/r\/Terraform\/comments\/junitm\/using_gitlab_cicd_packer_terraform\/",
                "thumb_width": 256,
                "thumb_height": 256,
                "service_icon": "http:\/\/www.redditstatic.com\/desktop2x\/img\/favicon\/apple-icon-57x57.png",
                "id": 1,
                "original_url": "https:\/\/www.reddit.com\/r\/Terraform\/comments\/junitm\/using_gitlab_cicd_packer_terraform\/"
            }
        ],
        "edited": {
            "user": "BG3N7LG73",
            "ts": "1605454604.000000"
        }
    },
    {
        "type": "message",
        "subtype": "bot_message",
        "text": "<https:\/\/www.reddit.com\/r\/Terraform\/comments\/jusli8\/selfservice_infrastructure_made_easy_with_pulumi\/|Self-service infrastructure made easy with Pulumi>\nsubmitted by   <https:\/\/www.reddit.com\/user\/dfhrndz| \/u\/dfhrndz > \n<https:\/\/medium.com\/@danfhern\/self-service-platform-development-made-easy-with-pulumi-4e2cf150e93c|[link]>   <https:\/\/www.reddit.com\/r\/Terraform\/comments\/jusli8\/selfservice_infrastructure_made_easy_with_pulumi\/|[comments]>",
        "ts": "1605472605.071900",
        "username": "Terraform",
        "icons": {
            "image_48": "https:\/\/s3-us-west-2.amazonaws.com\/slack-files2\/bot_icons\/2019-02-12\/548785199618_48.png"
        },
        "bot_id": "BG3N7LG73",
        "attachments": [
            {
                "service_name": "reddit",
                "title": "Self-service infrastructure made easy with Pulumi",
                "title_link": "https:\/\/www.reddit.com\/r\/Terraform\/comments\/jusli8\/selfservice_infrastructure_made_easy_with_pulumi\/",
                "text": "Posted in r\/Terraform by u\/dfhrndz • 1 point and 0 comments",
                "fallback": "reddit: Self-service infrastructure made easy with Pulumi",
                "thumb_url": "https:\/\/b.thumbs.redditmedia.com\/NSEn7s_t_uSueq7BM9hkfSQsyPI_sLUZXCzfBjbWquA.jpg",
                "from_url": "https:\/\/www.reddit.com\/r\/Terraform\/comments\/jusli8\/selfservice_infrastructure_made_easy_with_pulumi\/",
                "thumb_width": 140,
                "thumb_height": 83,
                "service_icon": "http:\/\/www.redditstatic.com\/desktop2x\/img\/favicon\/apple-icon-57x57.png",
                "id": 1,
                "original_url": "https:\/\/www.reddit.com\/r\/Terraform\/comments\/jusli8\/selfservice_infrastructure_made_easy_with_pulumi\/"
            },
            {
                "title": "overview for dfhrndz",
                "title_link": "https:\/\/www.reddit.com\/user\/dfhrndz",
                "text": "The u\/dfhrndz community on Reddit. Reddit gives you the best of the internet in one place.",
                "fallback": "overview for dfhrndz",
                "from_url": "https:\/\/www.reddit.com\/user\/dfhrndz",
                "service_icon": "http:\/\/www.redditstatic.com\/desktop2x\/img\/favicon\/apple-icon-57x57.png",
                "service_name": "reddit.com",
                "id": 2,
                "original_url": "https:\/\/www.reddit.com\/user\/dfhrndz"
            },
            {
                "service_name": "Medium",
                "title": "Self-Service Platform Development Made Easy with Pulumi",
                "title_link": "https:\/\/medium.com\/@danfhern\/self-service-platform-development-made-easy-with-pulumi-4e2cf150e93c",
                "text": "Decrease time needed to build an internal cloud platform using Pulumi and Automation API",
                "fallback": "Medium: Self-Service Platform Development Made Easy with Pulumi",
                "image_url": "https:\/\/miro.medium.com\/max\/1200\/1*0TdOkzwJDN0b6j20cg_NlA.png",
                "fields": [
                    {
                        "title": "Reading time",
                        "value": "4 min read",
                        "short": true
                    }
                ],
                "ts": 1605233666,
                "from_url": "https:\/\/medium.com\/@danfhern\/self-service-platform-development-made-easy-with-pulumi-4e2cf150e93c",
                "image_width": 420,
                "image_height": 250,
                "image_bytes": 46531,
                "service_icon": "https:\/\/miro.medium.com\/fit\/c\/152\/152\/1*sHhtYhaCe2Uc3IU0IgKwIQ.png",
                "id": 3,
                "original_url": "https:\/\/medium.com\/@danfhern\/self-service-platform-development-made-easy-with-pulumi-4e2cf150e93c"
            }
        ],
        "edited": {
            "user": "BG3N7LG73",
            "ts": "1605472605.000000"
        }
    },
    {
        "type": "message",
        "subtype": "bot_message",
        "text": "<https:\/\/www.reddit.com\/r\/Terraform\/comments\/juu4z8\/azure_creating_multiple_resources_with_different\/|[Azure] - Creating multiple resources with different names and locations using Modules and For_each loops>\nHi all, I'm attempting to create 5x resource groups in Azure with each group with a different name and location, but struggling to do it in a clean, and reusable fashion. Here's what I'm trying to achieve and the closest I'm currently getting: con-rg-prod-01-uks in UK SOUTH con-rg-test-01-uks in UK SOUTH con-rg-hub-01-uks in UK SOUTH con-rg-hub-01-ukw in UK WEST con-rg-dr-01-ukw in UK WEST  I've created a module\/resource-groups that my <http:\/\/main.tf|main.tf> file is referencing. Module module\/resource-group...",
        "ts": "1605477403.072100",
        "username": "Terraform",
        "icons": {
            "image_48": "https:\/\/s3-us-west-2.amazonaws.com\/slack-files2\/bot_icons\/2019-02-12\/548785199618_48.png"
        },
        "bot_id": "BG3N7LG73",
        "attachments": [
            {
                "service_name": "reddit",
                "title": "[Azure] - Creating multiple resources with different names and locations using Modules and For_each loops",
                "title_link": "https:\/\/www.reddit.com\/r\/Terraform\/comments\/juu4z8\/azure_creating_multiple_resources_with_different\/",
                "text": "Hi all, I'm attempting to create 5x resource groups in Azure with each group with a different name and location, but struggling to do it in a...",
                "fallback": "reddit: [Azure] - Creating multiple resources with different names and locations using Modules and For_each loops",
                "thumb_url": "https:\/\/www.redditstatic.com\/new-icon.png",
                "from_url": "https:\/\/www.reddit.com\/r\/Terraform\/comments\/juu4z8\/azure_creating_multiple_resources_with_different\/",
                "thumb_width": 256,
                "thumb_height": 256,
                "service_icon": "http:\/\/www.redditstatic.com\/desktop2x\/img\/favicon\/apple-icon-57x57.png",
                "id": 1,
                "original_url": "https:\/\/www.reddit.com\/r\/Terraform\/comments\/juu4z8\/azure_creating_multiple_resources_with_different\/"
            }
        ],
        "edited": {
            "user": "BG3N7LG73",
            "ts": "1605477404.000000"
        }
    }
]