[
    {
        "type": "message",
        "subtype": "bot_message",
        "text": "<https:\/\/www.reddit.com\/r\/Terraform\/comments\/k0nv76\/continuous_integration_for_terraform_using_gitlab\/|Continuous Integration for Terraform Using GitLab CI>\nsubmitted by   <https:\/\/www.reddit.com\/user\/inoui8| \/u\/inoui8 > \n<https:\/\/medium.com\/swlh\/continuous-integration-for-terraform-using-gitlab-ci-4f7f2f835e81|[link]>   <https:\/\/www.reddit.com\/r\/Terraform\/comments\/k0nv76\/continuous_integration_for_terraform_using_gitlab\/|[comments]>",
        "ts": "1606291602.086500",
        "username": "Terraform",
        "icons": {
            "image_48": "https:\/\/s3-us-west-2.amazonaws.com\/slack-files2\/bot_icons\/2019-02-12\/548785199618_48.png"
        },
        "bot_id": "BG3N7LG73",
        "attachments": [
            {
                "service_name": "reddit",
                "title": "Continuous Integration for Terraform Using GitLab CI",
                "title_link": "https:\/\/www.reddit.com\/r\/Terraform\/comments\/k0nv76\/continuous_integration_for_terraform_using_gitlab\/",
                "text": "Posted in r\/Terraform by u\/inoui8 • 1 point and 0 comments",
                "fallback": "reddit: Continuous Integration for Terraform Using GitLab CI",
                "thumb_url": "https:\/\/a.thumbs.redditmedia.com\/597q3w_ZiPO__UjvIPrGXeD72IgsQv2l126LgQuhN50.jpg",
                "from_url": "https:\/\/www.reddit.com\/r\/Terraform\/comments\/k0nv76\/continuous_integration_for_terraform_using_gitlab\/",
                "thumb_width": 140,
                "thumb_height": 92,
                "service_icon": "http:\/\/www.redditstatic.com\/desktop2x\/img\/favicon\/apple-icon-57x57.png",
                "id": 1,
                "original_url": "https:\/\/www.reddit.com\/r\/Terraform\/comments\/k0nv76\/continuous_integration_for_terraform_using_gitlab\/"
            },
            {
                "title": "overview for inoui8",
                "title_link": "https:\/\/www.reddit.com\/user\/inoui8",
                "text": "The u\/inoui8 community on Reddit. Reddit gives you the best of the internet in one place.",
                "fallback": "overview for inoui8",
                "from_url": "https:\/\/www.reddit.com\/user\/inoui8",
                "service_icon": "http:\/\/www.redditstatic.com\/desktop2x\/img\/favicon\/apple-icon-57x57.png",
                "service_name": "reddit.com",
                "id": 2,
                "original_url": "https:\/\/www.reddit.com\/user\/inoui8"
            },
            {
                "service_name": "Medium",
                "title": "Continuous Integration for Terraform Using GitLab CI",
                "title_link": "https:\/\/medium.com\/swlh\/continuous-integration-for-terraform-using-gitlab-ci-4f7f2f835e81",
                "text": "Secure your infrastructure by automating its delivery",
                "fallback": "Medium: Continuous Integration for Terraform Using GitLab CI",
                "image_url": "https:\/\/miro.medium.com\/max\/1200\/0*hRKl1ej1uxhvs_09",
                "fields": [
                    {
                        "title": "Reading time",
                        "value": "4 min read",
                        "short": true
                    }
                ],
                "ts": 1606288575,
                "from_url": "https:\/\/medium.com\/swlh\/continuous-integration-for-terraform-using-gitlab-ci-4f7f2f835e81",
                "image_width": 376,
                "image_height": 250,
                "image_bytes": 134770,
                "service_icon": "https:\/\/miro.medium.com\/fit\/c\/152\/152\/1*sHhtYhaCe2Uc3IU0IgKwIQ.png",
                "id": 3,
                "original_url": "https:\/\/medium.com\/swlh\/continuous-integration-for-terraform-using-gitlab-ci-4f7f2f835e81"
            }
        ],
        "edited": {
            "user": "BG3N7LG73",
            "ts": "1606291603.000000"
        }
    },
    {
        "type": "message",
        "subtype": "bot_message",
        "text": "<https:\/\/www.reddit.com\/r\/Terraform\/comments\/k0panv\/managing_vmware_vsphere_environment\/|Managing VMware vSphere Environment>\nAnyone using Terraform for this? I'm trying to organize what I have better. At the moment I have a single \"vcenter\" git repository and Terraform workspace. Inside I have a tf file for each datacenter. This means there is a single terraform apply for all the infrastructure. On one hand, I like this because it is easy to visualize. On another, I don't like that changing settings for one datacenter has the possibility of accidentally changing other datacenters. How are you all doing it?...",
        "ts": "1606298802.086700",
        "username": "Terraform",
        "icons": {
            "image_48": "https:\/\/s3-us-west-2.amazonaws.com\/slack-files2\/bot_icons\/2019-02-12\/548785199618_48.png"
        },
        "bot_id": "BG3N7LG73",
        "attachments": [
            {
                "service_name": "reddit",
                "title": "Managing VMware vSphere Environment",
                "title_link": "https:\/\/www.reddit.com\/r\/Terraform\/comments\/k0panv\/managing_vmware_vsphere_environment\/",
                "text": "Anyone using Terraform for this? I'm trying to organize what I have better. At the moment I have a single \"vcenter\" git repository and Terraform...",
                "fallback": "reddit: Managing VMware vSphere Environment",
                "thumb_url": "https:\/\/www.redditstatic.com\/new-icon.png",
                "from_url": "https:\/\/www.reddit.com\/r\/Terraform\/comments\/k0panv\/managing_vmware_vsphere_environment\/",
                "thumb_width": 256,
                "thumb_height": 256,
                "service_icon": "http:\/\/www.redditstatic.com\/desktop2x\/img\/favicon\/apple-icon-57x57.png",
                "id": 1,
                "original_url": "https:\/\/www.reddit.com\/r\/Terraform\/comments\/k0panv\/managing_vmware_vsphere_environment\/"
            }
        ],
        "edited": {
            "user": "BG3N7LG73",
            "ts": "1606298803.000000"
        }
    },
    {
        "type": "message",
        "subtype": "bot_message",
        "text": "<https:\/\/www.reddit.com\/r\/Terraform\/comments\/k0u2f8\/api_gateway_with_a_few_lambdas\/|Api Gateway with a few Lambda's>\nI'm trying to create a small app using the Api Gateway and a few Lambda's. I want to implement 3 endpoints. POST \/book - Create book GET \/book\/{id} - Get book by id GET \/book - Get all books I'm a bit overwhelmed by the amount of tutorials out there. Can anyone point me to a simple (reasonable recent) example doing something like the above? The programming language used to implement the Lambda's doesn't matter much (as long as it isn't Brainfuck).    submitted by   &lt;a...",
        "ts": "1606318602.086900",
        "username": "Terraform",
        "icons": {
            "image_48": "https:\/\/s3-us-west-2.amazonaws.com\/slack-files2\/bot_icons\/2019-02-12\/548785199618_48.png"
        },
        "bot_id": "BG3N7LG73",
        "attachments": [
            {
                "service_name": "reddit",
                "title": "Api Gateway with a few Lambda's",
                "title_link": "https:\/\/www.reddit.com\/r\/Terraform\/comments\/k0u2f8\/api_gateway_with_a_few_lambdas\/",
                "text": "I'm trying to create a small app using the Api Gateway and a few Lambda's. I want to implement 3 endpoints. POST \/book - Create book GET...",
                "fallback": "reddit: Api Gateway with a few Lambda's",
                "thumb_url": "https:\/\/www.redditstatic.com\/new-icon.png",
                "from_url": "https:\/\/www.reddit.com\/r\/Terraform\/comments\/k0u2f8\/api_gateway_with_a_few_lambdas\/",
                "thumb_width": 256,
                "thumb_height": 256,
                "service_icon": "http:\/\/www.redditstatic.com\/desktop2x\/img\/favicon\/apple-icon-57x57.png",
                "id": 1,
                "original_url": "https:\/\/www.reddit.com\/r\/Terraform\/comments\/k0u2f8\/api_gateway_with_a_few_lambdas\/"
            }
        ],
        "edited": {
            "user": "BG3N7LG73",
            "ts": "1606318603.000000"
        }
    },
    {
        "type": "message",
        "subtype": "bot_message",
        "text": "<https:\/\/www.reddit.com\/r\/Terraform\/comments\/k0vv6u\/behaviour_of_terraform_plan_and_role_of_a_state\/|Behaviour of Terraform plan and role of a state file>\nHi All, 1) I am reading about terraform plan in the below article <https:\/\/www.terraform.io\/docs\/commands\/plan.html|https:\/\/www.terraform.io\/docs\/commands\/plan.html> Would like to know what happens when terraform plan command is executed.Aware that it shows \"what is going to happen\" as the output<https:\/\/plan.my\/|.My> question is ,suppose, we create 3 VMs and 2 subnets for the first time. Those 3 VMs and 2 subnets will be recorded in a state file. What happens when we...",
        "ts": "1606323999.087100",
        "username": "Terraform",
        "icons": {
            "image_48": "https:\/\/s3-us-west-2.amazonaws.com\/slack-files2\/bot_icons\/2019-02-12\/548785199618_48.png"
        },
        "bot_id": "BG3N7LG73",
        "attachments": [
            {
                "service_name": "reddit",
                "title": "Behaviour of Terraform plan and role of a state file",
                "title_link": "https:\/\/www.reddit.com\/r\/Terraform\/comments\/k0vv6u\/behaviour_of_terraform_plan_and_role_of_a_state\/",
                "text": "Hi All, 1) I am reading about terraform plan in the below...",
                "fallback": "reddit: Behaviour of Terraform plan and role of a state file",
                "thumb_url": "https:\/\/www.redditstatic.com\/new-icon.png",
                "from_url": "https:\/\/www.reddit.com\/r\/Terraform\/comments\/k0vv6u\/behaviour_of_terraform_plan_and_role_of_a_state\/",
                "thumb_width": 256,
                "thumb_height": 256,
                "service_icon": "http:\/\/www.redditstatic.com\/desktop2x\/img\/favicon\/apple-icon-57x57.png",
                "id": 1,
                "original_url": "https:\/\/www.reddit.com\/r\/Terraform\/comments\/k0vv6u\/behaviour_of_terraform_plan_and_role_of_a_state\/"
            },
            {
                "service_name": "Terraform by HashiCorp",
                "title": "Command: plan - Terraform by HashiCorp",
                "title_link": "https:\/\/www.terraform.io\/docs\/commands\/plan.html",
                "text": "The `terraform plan` command is used to create an execution plan. Terraform performs a refresh, unless explicitly disabled, and then determines what actions are necessary to achieve the desired state specified in the configuration files. The plan can be saved using `-out`, and then provided to `terraform apply` to ensure only the pre-planned actions are executed.",
                "fallback": "Terraform by HashiCorp: Command: plan - Terraform by HashiCorp",
                "thumb_url": "https:\/\/www.terraform.io\/assets\/images\/og-image-8b3e4f7d.png",
                "from_url": "https:\/\/www.terraform.io\/docs\/commands\/plan.html",
                "thumb_width": 712,
                "thumb_height": 712,
                "service_icon": "https:\/\/www.terraform.io\/assets\/images\/favicons\/apple-touch-icon-13180a24.png",
                "id": 2,
                "original_url": "https:\/\/www.terraform.io\/docs\/commands\/plan.html"
            }
        ],
        "edited": {
            "user": "BG3N7LG73",
            "ts": "1606323999.000000"
        }
    },
    {
        "type": "message",
        "subtype": "bot_message",
        "text": "<https:\/\/www.reddit.com\/r\/Terraform\/comments\/k0wgfh\/return_vars_to_parent_process_of_localexec\/|Return vars to parent process of local-exec>\nI am trying to set some environment vars in local environment through terraform provisioner local-exec the code is as followed ``` resource \"local_file\" \"setenvvars\" { filename = \".\/scripts\/setenv.sh\" content =    submitted by",
        "ts": "1606325799.087300",
        "username": "Terraform",
        "icons": {
            "image_48": "https:\/\/s3-us-west-2.amazonaws.com\/slack-files2\/bot_icons\/2019-02-12\/548785199618_48.png"
        },
        "bot_id": "BG3N7LG73",
        "attachments": [
            {
                "service_name": "reddit",
                "title": "Return vars to parent process of local-exec",
                "title_link": "https:\/\/www.reddit.com\/r\/Terraform\/comments\/k0wgfh\/return_vars_to_parent_process_of_localexec\/",
                "text": "I am trying to set some environment vars in local environment through terraform provisioner local-exec the code is as followed ``` resource...",
                "fallback": "reddit: Return vars to parent process of local-exec",
                "thumb_url": "https:\/\/www.redditstatic.com\/new-icon.png",
                "from_url": "https:\/\/www.reddit.com\/r\/Terraform\/comments\/k0wgfh\/return_vars_to_parent_process_of_localexec\/",
                "thumb_width": 256,
                "thumb_height": 256,
                "service_icon": "http:\/\/www.redditstatic.com\/desktop2x\/img\/favicon\/apple-icon-57x57.png",
                "id": 1,
                "original_url": "https:\/\/www.reddit.com\/r\/Terraform\/comments\/k0wgfh\/return_vars_to_parent_process_of_localexec\/"
            }
        ],
        "edited": {
            "user": "BG3N7LG73",
            "ts": "1606325800.000000"
        }
    },
    {
        "type": "message",
        "subtype": "bot_message",
        "text": "<https:\/\/www.reddit.com\/r\/Terraform\/comments\/k0wlm9\/terraform_registry_resync\/|terraform registry resync ?>\nI can't find my GitHub repo in terraform registry now, I am pretty sure it was there..Waiting for response from [terraform-registry@hashicorp.com (&lt;mailto:terraform-registry@hashicorp.com&gt;)](mailto:terraform-registry@hashicorp.com (&lt;mailto:terraform-registry@hashicorp.com&gt;)) , but is there a resync button somewhere ? Can't see it , but there are references to it in various places    submitted by   <https:\/\/www.reddit.com\/user\/niuk007| \/u\/niuk007 > \n&lt;a...",
        "ts": "1606325799.087400",
        "username": "Terraform",
        "icons": {
            "image_48": "https:\/\/s3-us-west-2.amazonaws.com\/slack-files2\/bot_icons\/2019-02-12\/548785199618_48.png"
        },
        "bot_id": "BG3N7LG73",
        "attachments": [
            {
                "service_name": "reddit",
                "title": "terraform registry resync ?",
                "title_link": "https:\/\/www.reddit.com\/r\/Terraform\/comments\/k0wlm9\/terraform_registry_resync\/",
                "text": "I can't find my GitHub repo in terraform registry now, I am pretty sure it was there..Waiting for response from...",
                "fallback": "reddit: terraform registry resync ?",
                "thumb_url": "https:\/\/www.redditstatic.com\/new-icon.png",
                "from_url": "https:\/\/www.reddit.com\/r\/Terraform\/comments\/k0wlm9\/terraform_registry_resync\/",
                "thumb_width": 256,
                "thumb_height": 256,
                "service_icon": "http:\/\/www.redditstatic.com\/desktop2x\/img\/favicon\/apple-icon-57x57.png",
                "id": 1,
                "original_url": "https:\/\/www.reddit.com\/r\/Terraform\/comments\/k0wlm9\/terraform_registry_resync\/"
            },
            {
                "title": "overview for niuk007",
                "title_link": "https:\/\/www.reddit.com\/user\/niuk007",
                "text": "The u\/niuk007 community on Reddit. Reddit gives you the best of the internet in one place.",
                "fallback": "overview for niuk007",
                "from_url": "https:\/\/www.reddit.com\/user\/niuk007",
                "service_icon": "http:\/\/www.redditstatic.com\/desktop2x\/img\/favicon\/apple-icon-57x57.png",
                "service_name": "reddit.com",
                "id": 2,
                "original_url": "https:\/\/www.reddit.com\/user\/niuk007"
            }
        ],
        "edited": {
            "user": "BG3N7LG73",
            "ts": "1606325800.000000"
        }
    },
    {
        "type": "message",
        "subtype": "bot_message",
        "text": "<https:\/\/www.reddit.com\/r\/Terraform\/comments\/k0z2rf\/terraform_output_problems_combining_data_from\/|Terraform output problems - combining data from multiple \"data\" blocks>\nI have two .tf files - one defines nodes of a cluster, the other defines the \"master\", for lack of a better term. Truncated example: resource \"aws_instance\" \"master\" And resource \"aws_instance\" \"nodes\" For each, I've been able to define an output that is a map of public ips and hostnames (I put the hostname in a tag). output \"hostname_map\" { value = zipmap(aws_instance.nodes.*.public_ip, aws_instance.nodes.*.tags.Name) } output \"hostname_map2\" { value = zipmap(aws_instance.master.*.public_ip,...",
        "ts": "1606333607.087700",
        "username": "Terraform",
        "icons": {
            "image_48": "https:\/\/s3-us-west-2.amazonaws.com\/slack-files2\/bot_icons\/2019-02-12\/548785199618_48.png"
        },
        "bot_id": "BG3N7LG73",
        "attachments": [
            {
                "service_name": "reddit",
                "title": "Terraform output problems - combining data from multiple \"data\" blocks",
                "title_link": "https:\/\/www.reddit.com\/r\/Terraform\/comments\/k0z2rf\/terraform_output_problems_combining_data_from\/",
                "text": "I have two .tf files - one defines nodes of a cluster, the other defines the \"master\", for lack of a better term. Truncated example: `resource...",
                "fallback": "reddit: Terraform output problems - combining data from multiple \"data\" blocks",
                "thumb_url": "https:\/\/www.redditstatic.com\/new-icon.png",
                "from_url": "https:\/\/www.reddit.com\/r\/Terraform\/comments\/k0z2rf\/terraform_output_problems_combining_data_from\/",
                "thumb_width": 256,
                "thumb_height": 256,
                "service_icon": "http:\/\/www.redditstatic.com\/desktop2x\/img\/favicon\/apple-icon-57x57.png",
                "id": 1,
                "original_url": "https:\/\/www.reddit.com\/r\/Terraform\/comments\/k0z2rf\/terraform_output_problems_combining_data_from\/"
            }
        ],
        "edited": {
            "user": "BG3N7LG73",
            "ts": "1606333607.000000"
        }
    }
]