[
    {
        "type": "message",
        "subtype": "bot_message",
        "text": "<https:\/\/www.reddit.com\/r\/Terraform\/comments\/jo0hc9\/specifying_a_local_plugin\/|Specifying a local plugin??>\nI’m attempting to add a plugin that is not associated with hashicorp. The issue I keep having is that the path tries to pull the plugin from a path within hashicorp by default and that is not where it is located. I have the files on my local system. I believe there should just be one line of code I type in for the plugin specification that tells terraform to look in the specified local file location for plugin details, but I don’t know the syntax of that code. Does anyone have an answer for...",
        "ts": "1604510202.054900",
        "username": "Terraform",
        "icons": {
            "image_48": "https:\/\/s3-us-west-2.amazonaws.com\/slack-files2\/bot_icons\/2019-02-12\/548785199618_48.png"
        },
        "bot_id": "BG3N7LG73",
        "attachments": [
            {
                "service_name": "reddit",
                "title": "Specifying a local plugin??",
                "title_link": "https:\/\/www.reddit.com\/r\/Terraform\/comments\/jo0hc9\/specifying_a_local_plugin\/",
                "text": "I’m attempting to add a plugin that is not associated with hashicorp. The issue I keep having is that the path tries to pull the plugin from a...",
                "fallback": "reddit: Specifying a local plugin??",
                "thumb_url": "https:\/\/www.redditstatic.com\/new-icon.png",
                "from_url": "https:\/\/www.reddit.com\/r\/Terraform\/comments\/jo0hc9\/specifying_a_local_plugin\/",
                "thumb_width": 256,
                "thumb_height": 256,
                "service_icon": "http:\/\/www.redditstatic.com\/desktop2x\/img\/favicon\/apple-icon-57x57.png",
                "id": 1,
                "original_url": "https:\/\/www.reddit.com\/r\/Terraform\/comments\/jo0hc9\/specifying_a_local_plugin\/"
            }
        ],
        "edited": {
            "user": "BG3N7LG73",
            "ts": "1604510202.000000"
        }
    },
    {
        "type": "message",
        "subtype": "bot_message",
        "text": "<https:\/\/www.reddit.com\/r\/Terraform\/comments\/jo8rge\/nested_list_as_input_for_data\/|Nested list as input for data>\nI have a nested list  variable vms { description = \"VM configuration\" type = map default = { \"sbc01.gdrp\" = { hostname = \"vm1\" vcpu = \"2\" ram = \"2048\" disk_datastore = \"datastore\" disk_size = \"40\" template_image = \"Centos7-Gold\" network = { domain = \"lab.local\" vdsport = [\"HA\",\"MGMT\",\"NIC1\",\"NIC2\"] ipv4_address = \"192.168.0.2\" prefix_length = \"24\" gateway = \"192.168.0.1\" } }, \"sbc02.gdrp\" = { hostname = \"vm2\" vcpu = \"2\" ram = \"2048\" disk_datastore = \"datastore\" disk_size = \"40\" template_image...",
        "ts": "1604537206.055100",
        "username": "Terraform",
        "icons": {
            "image_48": "https:\/\/s3-us-west-2.amazonaws.com\/slack-files2\/bot_icons\/2019-02-12\/548785199618_48.png"
        },
        "bot_id": "BG3N7LG73",
        "attachments": [
            {
                "service_name": "reddit",
                "title": "Nested list as input for data",
                "title_link": "https:\/\/www.reddit.com\/r\/Terraform\/comments\/jo8rge\/nested_list_as_input_for_data\/",
                "text": "I have a nested list variable vms { description = \"VM configuration\" type = map default = { ...",
                "fallback": "reddit: Nested list as input for data",
                "thumb_url": "https:\/\/www.redditstatic.com\/new-icon.png",
                "from_url": "https:\/\/www.reddit.com\/r\/Terraform\/comments\/jo8rge\/nested_list_as_input_for_data\/",
                "thumb_width": 256,
                "thumb_height": 256,
                "service_icon": "http:\/\/www.redditstatic.com\/desktop2x\/img\/favicon\/apple-icon-57x57.png",
                "id": 1,
                "original_url": "https:\/\/www.reddit.com\/r\/Terraform\/comments\/jo8rge\/nested_list_as_input_for_data\/"
            }
        ],
        "edited": {
            "user": "BG3N7LG73",
            "ts": "1604537206.000000"
        }
    },
    {
        "type": "message",
        "subtype": "bot_message",
        "text": "<https:\/\/www.google.com\/url?rct=j&amp;sa=t&amp;url=https:\/\/www.infoq.com\/jp\/news\/2020\/11\/bridgecrew-security-report\/&amp;ct=ga&amp;cd=CAIyHDMwMTY1OGE1ZDI5NDAyNzE6Y28uanA6amE6SlA&amp;usg=AFQjCNG039e6_aiya_KbX5aDUpnm0EB2oA|BridgecrewがState of Open Source &lt;b&gt;Terraform&lt;\/b&gt; Security Reportを発表>\n報告書では、Terraformが盛況であることを強調されており、2020年第2四半期にTerraformレジストリ内のモジュールに対するコントリビューションが ...",
        "ts": "1604540028.055300",
        "username": "Google アラート - terraform",
        "icons": {
            "image_36": "https:\/\/a.slack-edge.com\/80588\/img\/services\/rss_36.png",
            "image_48": "https:\/\/a.slack-edge.com\/80588\/img\/services\/rss_48.png",
            "image_72": "https:\/\/a.slack-edge.com\/80588\/img\/services\/rss_72.png"
        },
        "bot_id": "BG3N7LG73"
    },
    {
        "type": "message",
        "subtype": "bot_message",
        "text": "<https:\/\/www.reddit.com\/r\/Terraform\/comments\/jo9soj\/tf_libvirt_provider_registry_problem_with_las_tf\/|TF libvirt provider registry problem with las TF version>\nHi guys, since the new version of TF I have a lot of probleme setting up libvirt provider ! Can you guys give me a hand, regards ! Version :  :zap: terraform -v  Terraform v0.13.4  + provider <https:\/\/registry.terraform.io\/dmacvicar\/libvirt|registry.terraform.io\/dmacvicar\/libvirt> v0.6.2  + provider <https:\/\/registry.terraform.io\/hashicorp\/template|registry.terraform.io\/hashicorp\/template> v2.1.2  Your version of Terraform is out of date! The latest version  is 0.13.5. You...",
        "ts": "1604541410.055400",
        "username": "Terraform",
        "icons": {
            "image_48": "https:\/\/s3-us-west-2.amazonaws.com\/slack-files2\/bot_icons\/2019-02-12\/548785199618_48.png"
        },
        "bot_id": "BG3N7LG73",
        "attachments": [
            {
                "service_name": "reddit",
                "title": "TF libvirt provider registry problem with las TF version",
                "title_link": "https:\/\/www.reddit.com\/r\/Terraform\/comments\/jo9soj\/tf_libvirt_provider_registry_problem_with_las_tf\/",
                "text": "Hi guys, since the new version of TF I have a lot of probleme setting up libvirt provider ! Can you guys give me a hand, regards ! # Version :...",
                "fallback": "reddit: TF libvirt provider registry problem with las TF version",
                "thumb_url": "https:\/\/www.redditstatic.com\/new-icon.png",
                "from_url": "https:\/\/www.reddit.com\/r\/Terraform\/comments\/jo9soj\/tf_libvirt_provider_registry_problem_with_las_tf\/",
                "thumb_width": 256,
                "thumb_height": 256,
                "service_icon": "http:\/\/www.redditstatic.com\/desktop2x\/img\/favicon\/apple-icon-57x57.png",
                "id": 1,
                "original_url": "https:\/\/www.reddit.com\/r\/Terraform\/comments\/jo9soj\/tf_libvirt_provider_registry_problem_with_las_tf\/"
            }
        ],
        "edited": {
            "user": "BG3N7LG73",
            "ts": "1604541410.000000"
        }
    }
]