[
    {
        "type": "message",
        "subtype": "bot_message",
        "text": "<https:\/\/www.reddit.com\/r\/Terraform\/comments\/k1xslp\/creating_a_terraform_provider_for_plausible\/|Creating a Terraform Provider for Plausible>\nsubmitted by   <https:\/\/www.reddit.com\/user\/kurt_mc| \/u\/kurt_mc > \n<https:\/\/mcalpinefree.co.nz\/blog\/Technical\/terraform-plausible|[link]>   <https:\/\/www.reddit.com\/r\/Terraform\/comments\/k1xslp\/creating_a_terraform_provider_for_plausible\/|[comments]>",
        "ts": "1606468603.088700",
        "username": "Terraform",
        "icons": {
            "image_48": "https:\/\/s3-us-west-2.amazonaws.com\/slack-files2\/bot_icons\/2019-02-12\/548785199618_48.png"
        },
        "bot_id": "BG3N7LG73",
        "attachments": [
            {
                "service_name": "reddit",
                "title": "Creating a Terraform Provider for Plausible",
                "title_link": "https:\/\/www.reddit.com\/r\/Terraform\/comments\/k1xslp\/creating_a_terraform_provider_for_plausible\/",
                "text": "Posted in r\/Terraform by u\/kurt_mc • 1 point and 0 comments",
                "fallback": "reddit: Creating a Terraform Provider for Plausible",
                "thumb_url": "https:\/\/www.redditstatic.com\/new-icon.png",
                "from_url": "https:\/\/www.reddit.com\/r\/Terraform\/comments\/k1xslp\/creating_a_terraform_provider_for_plausible\/",
                "thumb_width": 256,
                "thumb_height": 256,
                "service_icon": "http:\/\/www.redditstatic.com\/desktop2x\/img\/favicon\/apple-icon-57x57.png",
                "id": 1,
                "original_url": "https:\/\/www.reddit.com\/r\/Terraform\/comments\/k1xslp\/creating_a_terraform_provider_for_plausible\/"
            },
            {
                "title": "overview for kurt_mc",
                "title_link": "https:\/\/www.reddit.com\/user\/kurt_mc",
                "text": "The u\/kurt_mc community on Reddit. Reddit gives you the best of the internet in one place.",
                "fallback": "overview for kurt_mc",
                "from_url": "https:\/\/www.reddit.com\/user\/kurt_mc",
                "service_icon": "http:\/\/www.redditstatic.com\/desktop2x\/img\/favicon\/apple-icon-57x57.png",
                "service_name": "reddit.com",
                "id": 2,
                "original_url": "https:\/\/www.reddit.com\/user\/kurt_mc"
            }
        ],
        "edited": {
            "user": "BG3N7LG73",
            "ts": "1606468603.000000"
        }
    },
    {
        "type": "message",
        "subtype": "bot_message",
        "text": "<https:\/\/www.reddit.com\/r\/Terraform\/comments\/k1ylc5\/an_argument_named_is_not_expected_here\/|An argument named \"\" is not expected here.>\nHi, I have the following code in terraform basically, invoke a module and pass arguments: module \"my-module\" { source = \"git::https:\/\/xxx@dev.azure.com (&lt;mailto:xxx@dev.azure.com&gt;)\/xx\/Infrastructure\/_git\/Terraform-Modules-Azure-Networking\" rg-name = \"s\" nsg-name = \"ss\" is-ddosprotection-needed = false ddos-name = \"sssa\" network_name = \"network\" subnet_name = \"test-subnet\" } However, I get the error An argument named \"\" is not expected here.  What am I missing?    submitted by   &lt;a...",
        "ts": "1606472801.088900",
        "username": "Terraform",
        "icons": {
            "image_48": "https:\/\/s3-us-west-2.amazonaws.com\/slack-files2\/bot_icons\/2019-02-12\/548785199618_48.png"
        },
        "bot_id": "BG3N7LG73",
        "attachments": [
            {
                "service_name": "reddit",
                "title": "An argument named \"\" is not expected here.",
                "title_link": "https:\/\/www.reddit.com\/r\/Terraform\/comments\/k1ylc5\/an_argument_named_is_not_expected_here\/",
                "text": "Hi, I have the following code in terraform basically, invoke a module and pass arguments: module \"my-module\" { source =...",
                "fallback": "reddit: An argument named \"\" is not expected here.",
                "thumb_url": "https:\/\/www.redditstatic.com\/new-icon.png",
                "from_url": "https:\/\/www.reddit.com\/r\/Terraform\/comments\/k1ylc5\/an_argument_named_is_not_expected_here\/",
                "thumb_width": 256,
                "thumb_height": 256,
                "service_icon": "http:\/\/www.redditstatic.com\/desktop2x\/img\/favicon\/apple-icon-57x57.png",
                "id": 1,
                "original_url": "https:\/\/www.reddit.com\/r\/Terraform\/comments\/k1ylc5\/an_argument_named_is_not_expected_here\/"
            }
        ],
        "edited": {
            "user": "BG3N7LG73",
            "ts": "1606472801.000000"
        }
    },
    {
        "type": "message",
        "subtype": "bot_message",
        "text": "<https:\/\/qiita.com\/toshikisugiyama\/items\/c827c031ee6a57a2caa0|Terraformを用いてEC2およびRDSを立ち上げ、Laravelの環境を構築する>\n<https:\/\/qiita.com\/#%E6%A7%8B%E6%88%90>構成\n\nTerraformで ap-northeast-1リージョンにVPC、1つのパブリックサブネットおよび2つのプライベートサブネットを作成した。さらにパブリックサブネット内にEC2インスタンスを立て、プライベートサブネットにはRDS for MySQLを設置した。ここまでをTerraformで行った。\nEC2インスタンス内にはSSH接続でログインし、Laravelの環境を構築した。\n&lt;a href=\"<https:\/\/qiita-user-contents.imgix.net\/https%3A%2F%2Fqiita-image-store.s3.ap-northeast-1.amazonaws.com%2F0%2F230954%2Fa67b5e85-9b4e-8075-4b5e-45fddb99f5e9.jpeg?ixlib=rb-1.2.2&amp;auto=format&amp;gif-q=60&amp;q=75&amp;s=9e36c1fe6b93b975c43ff4877cacff6c>\"...",
        "ts": "1606486604.089100",
        "username": "Terraformタグが付けられた新着記事 - Qiita",
        "icons": {
            "image_36": "https:\/\/a.slack-edge.com\/80588\/img\/services\/rss_36.png",
            "image_48": "https:\/\/a.slack-edge.com\/80588\/img\/services\/rss_48.png",
            "image_72": "https:\/\/a.slack-edge.com\/80588\/img\/services\/rss_72.png"
        },
        "bot_id": "BG3N7LG73",
        "attachments": [
            {
                "service_name": "Qiita",
                "title": "Terraformを用いてEC2およびRDSを立ち上げ、Laravelの環境を構築する - Qiita",
                "title_link": "https:\/\/qiita.com\/toshikisugiyama\/items\/c827c031ee6a57a2caa0",
                "text": "構成 Terraformで ap-northeast-1リージョンにVPC、1つのパブリックサブネットおよび2つのプライベートサブネットを作成した。さらにパブリックサブネット内にEC2インスタンスを立て、プライベートサブネットに...",
                "fallback": "Qiita: Terraformを用いてEC2およびRDSを立ち上げ、Laravelの環境を構築する - Qiita",
                "image_url": "https:\/\/qiita-user-contents.imgix.net\/https%3A%2F%2Fcdn.qiita.com%2Fassets%2Fpublic%2Farticle-ogp-background-1150d8b18a7c15795b701a55ae908f94.png?ixlib=rb-1.2.2&w=1200&mark=https%3A%2F%2Fqiita-user-contents.imgix.net%2F~text%3Fixlib%3Drb-1.2.2%26w%3D840%26h%3D380%26txt%3DTerraform%25E3%2582%2592%25E7%2594%25A8%25E3%2581%2584%25E3%2581%25A6EC2%25E3%2581%258A%25E3%2582%2588%25E3%2581%25B3RDS%25E3%2582%2592%25E7%25AB%258B%25E3%2581%25A1%25E4%25B8%258A%25E3%2581%2592%25E3%2580%2581Laravel%25E3%2581%25AE%25E7%2592%25B0%25E5%25A2%2583%25E3%2582%2592%25E6%25A7%258B%25E7%25AF%2589%25E3%2581%2599%25E3%2582%258B%26txt-color%3D%2523333%26txt-font%3DHiragino%2520Sans%2520W6%26txt-size%3D54%26txt-clip%3Dellipsis%26txt-align%3Dcenter%252Cmiddle%26s%3D0426e64c89cce35dff3da0c985c7afe5&mark-align=center%2Cmiddle&blend=https%3A%2F%2Fqiita-user-contents.imgix.net%2F~text%3Fixlib%3Drb-1.2.2%26w%3D840%26h%3D500%26txt%3D%2540toshikisugiyama%26txt-color%3D%2523333%26txt-font%3DHiragino%2520Sans%2520W6%26txt-size%3D45%26txt-align%3Dright%252Cbottom%26s%3D6bed57bfbb7c0e16536bbd3ea30f0602&blend-align=center%2Cmiddle&blend-mode=normal&s=4456615f9e63f2f106eecfa05744d875",
                "from_url": "https:\/\/qiita.com\/toshikisugiyama\/items\/c827c031ee6a57a2caa0",
                "image_width": 476,
                "image_height": 250,
                "image_bytes": 73474,
                "service_icon": "https:\/\/cdn.qiita.com\/assets\/favicons\/public\/apple-touch-icon-ec5ba42a24ae923f16825592efdc356f.png",
                "id": 1,
                "original_url": "https:\/\/qiita.com\/toshikisugiyama\/items\/c827c031ee6a57a2caa0"
            },
            {
                "service_name": "Qiita",
                "title": "プログラマの技術情報共有サービス - Qiita",
                "title_link": "https:\/\/qiita.com\/#%E6%A7%8B%E6%88%90",
                "text": "Qiitaは、プログラマのための技術情報共有サービスです。 プログラミングに関するTips、ノウハウ、メモを簡単に記録 &amp; 公開することができます。",
                "fallback": "Qiita: プログラマの技術情報共有サービス - Qiita",
                "thumb_url": "https:\/\/cdn.qiita.com\/assets\/qiita-fb-fe28c64039d925349e620ba55091e078.png",
                "from_url": "https:\/\/qiita.com\/#%E6%A7%8B%E6%88%90",
                "thumb_width": 1200,
                "thumb_height": 630,
                "service_icon": "https:\/\/cdn.qiita.com\/assets\/favicons\/public\/apple-touch-icon-ec5ba42a24ae923f16825592efdc356f.png",
                "id": 2,
                "original_url": "https:\/\/qiita.com\/#%E6%A7%8B%E6%88%90"
            },
            {
                "fallback": "5059x2861px image",
                "image_url": "https:\/\/qiita-user-contents.imgix.net\/https%3A%2F%2Fqiita-image-store.s3.ap-northeast-1.amazonaws.com%2F0%2F230954%2Fa67b5e85-9b4e-8075-4b5e-45fddb99f5e9.jpeg?ixlib=rb-1.2.2&auto=format&gif-q=60&q=75&s=9e36c1fe6b93b975c43ff4877cacff6c",
                "image_width": 5059,
                "image_height": 2861,
                "image_bytes": 434836,
                "from_url": "https:\/\/qiita-user-contents.imgix.net\/https%3A%2F%2Fqiita-image-store.s3.ap-northeast-1.amazonaws.com%2F0%2F230954%2Fa67b5e85-9b4e-8075-4b5e-45fddb99f5e9.jpeg?ixlib=rb-1.2.2&auto=format&gif-q=60&q=75&s=9e36c1fe6b93b975c43ff4877cacff6c",
                "id": 3,
                "original_url": "https:\/\/qiita-user-contents.imgix.net\/https%3A%2F%2Fqiita-image-store.s3.ap-northeast-1.amazonaws.com%2F0%2F230954%2Fa67b5e85-9b4e-8075-4b5e-45fddb99f5e9.jpeg?ixlib=rb-1.2.2&amp;auto=format&amp;gif-q=60&amp;q=75&amp;s=9e36c1fe6b93b975c43ff4877cacff6c"
            }
        ],
        "edited": {
            "user": "BG3N7LG73",
            "ts": "1606486604.000000"
        }
    },
    {
        "type": "message",
        "subtype": "bot_message",
        "text": "<https:\/\/www.reddit.com\/r\/Terraform\/comments\/k24xe5\/azure_devops_pipelines_and_many_workspacesstate\/|Azure DevOps pipelines and many workspaces\/state files - how to efficiently deploy new changes?>\nI've inherited a bit of a mess that I'm trying to deal with one piece at a time, and the issue I'm currently facing is this: we deal with a small number of customers but the number of which is growing rapidly, and we keep up to 4 different state files per customer (dev, test, stage, prod), which all need to have a terraform plan and terraform apply run against them when something like a module changes, for example. I'm wondering how you guys deal with this problem because I have a concept of...",
        "ts": "1606496803.089300",
        "username": "Terraform",
        "icons": {
            "image_48": "https:\/\/s3-us-west-2.amazonaws.com\/slack-files2\/bot_icons\/2019-02-12\/548785199618_48.png"
        },
        "bot_id": "BG3N7LG73",
        "attachments": [
            {
                "service_name": "reddit",
                "title": "Azure DevOps pipelines and many workspaces\/state files - how to efficiently deploy new changes?",
                "title_link": "https:\/\/www.reddit.com\/r\/Terraform\/comments\/k24xe5\/azure_devops_pipelines_and_many_workspacesstate\/",
                "text": "I've inherited a bit of a mess that I'm trying to deal with one piece at a time, and the issue I'm currently facing is this: we deal with a small...",
                "fallback": "reddit: Azure DevOps pipelines and many workspaces\/state files - how to efficiently deploy new changes?",
                "thumb_url": "https:\/\/www.redditstatic.com\/new-icon.png",
                "from_url": "https:\/\/www.reddit.com\/r\/Terraform\/comments\/k24xe5\/azure_devops_pipelines_and_many_workspacesstate\/",
                "thumb_width": 256,
                "thumb_height": 256,
                "service_icon": "http:\/\/www.redditstatic.com\/desktop2x\/img\/favicon\/apple-icon-57x57.png",
                "id": 1,
                "original_url": "https:\/\/www.reddit.com\/r\/Terraform\/comments\/k24xe5\/azure_devops_pipelines_and_many_workspacesstate\/"
            }
        ],
        "edited": {
            "user": "BG3N7LG73",
            "ts": "1606496803.000000"
        }
    },
    {
        "type": "message",
        "subtype": "bot_message",
        "text": "<https:\/\/www.reddit.com\/r\/Terraform\/comments\/k26cfo\/aws_creating_x_number_of_resources_with_different\/|(AWS) creating X number of resources with different variables from a list?>\nHi, ​ trying to create 3x routes into different route tables, each the same route. I have a list variable containing the different route tables, but keep getting errors and not sure how to progress. My knowledge is really limited of terraform and have gotten through most bits that I have needed but this i am stuck on. ​ resource \"aws_route\" \"private-app-TGW\" { count = var.num_availability_zones route_table_id = var.private_app_subnet_route_table_ids destination_cidr_block = \"10.200.0.0\/16\"...",
        "ts": "1606501605.089500",
        "username": "Terraform",
        "icons": {
            "image_48": "https:\/\/s3-us-west-2.amazonaws.com\/slack-files2\/bot_icons\/2019-02-12\/548785199618_48.png"
        },
        "bot_id": "BG3N7LG73",
        "attachments": [
            {
                "service_name": "reddit",
                "title": "(AWS) creating X number of resources with different variables from a list?",
                "title_link": "https:\/\/www.reddit.com\/r\/Terraform\/comments\/k26cfo\/aws_creating_x_number_of_resources_with_different\/",
                "text": "Hi, &amp;#x200B; trying to create 3x routes into different route tables, each the same route. I have a list variable containing the different route...",
                "fallback": "reddit: (AWS) creating X number of resources with different variables from a list?",
                "thumb_url": "https:\/\/www.redditstatic.com\/new-icon.png",
                "from_url": "https:\/\/www.reddit.com\/r\/Terraform\/comments\/k26cfo\/aws_creating_x_number_of_resources_with_different\/",
                "thumb_width": 256,
                "thumb_height": 256,
                "service_icon": "http:\/\/www.redditstatic.com\/desktop2x\/img\/favicon\/apple-icon-57x57.png",
                "id": 1,
                "original_url": "https:\/\/www.reddit.com\/r\/Terraform\/comments\/k26cfo\/aws_creating_x_number_of_resources_with_different\/"
            }
        ],
        "edited": {
            "user": "BG3N7LG73",
            "ts": "1606501606.000000"
        }
    },
    {
        "type": "message",
        "subtype": "bot_message",
        "text": "<https:\/\/www.reddit.com\/r\/Terraform\/comments\/k2cksi\/using_for_each_in_a_module_vs_calling_a_module\/|using for_each in a module vs calling a module twice with single parameters, best practice ?>\nI have written a module (modules\\web-server) which creates a VM, NIC &amp; attaches a disk to the VM using a for_each loop, the module is working fine, but an alternative would to be also just remove for_each and then call module twice from another <https:\/\/main.cf\/|main.cf> (envs\\dev) using single variables rather than using for_each to read from a map, what would be the best practice?    submitted by   <https:\/\/www.reddit.com\/user\/Fezza7991| \/u\/Fezza7991 > \n&lt;a...",
        "ts": "1606522005.089700",
        "username": "Terraform",
        "icons": {
            "image_48": "https:\/\/s3-us-west-2.amazonaws.com\/slack-files2\/bot_icons\/2019-02-12\/548785199618_48.png"
        },
        "bot_id": "BG3N7LG73",
        "attachments": [
            {
                "service_name": "reddit",
                "title": "using for_each in a module vs calling a module twice with single parameters, best practice ?",
                "title_link": "https:\/\/www.reddit.com\/r\/Terraform\/comments\/k2cksi\/using_for_each_in_a_module_vs_calling_a_module\/",
                "text": "I have written a module (modules\\\\web-server) which creates a VM, NIC &amp; attaches a disk to the VM using a for\\_each loop, the module is working...",
                "fallback": "reddit: using for_each in a module vs calling a module twice with single parameters, best practice ?",
                "thumb_url": "https:\/\/www.redditstatic.com\/new-icon.png",
                "from_url": "https:\/\/www.reddit.com\/r\/Terraform\/comments\/k2cksi\/using_for_each_in_a_module_vs_calling_a_module\/",
                "thumb_width": 256,
                "thumb_height": 256,
                "service_icon": "http:\/\/www.redditstatic.com\/desktop2x\/img\/favicon\/apple-icon-57x57.png",
                "id": 1,
                "original_url": "https:\/\/www.reddit.com\/r\/Terraform\/comments\/k2cksi\/using_for_each_in_a_module_vs_calling_a_module\/"
            },
            {
                "title": "overview for Fezza7991",
                "title_link": "https:\/\/www.reddit.com\/user\/Fezza7991",
                "text": "The u\/Fezza7991 community on Reddit. Reddit gives you the best of the internet in one place.",
                "fallback": "overview for Fezza7991",
                "from_url": "https:\/\/www.reddit.com\/user\/Fezza7991",
                "service_icon": "http:\/\/www.redditstatic.com\/desktop2x\/img\/favicon\/apple-icon-57x57.png",
                "service_name": "reddit.com",
                "id": 2,
                "original_url": "https:\/\/www.reddit.com\/user\/Fezza7991"
            }
        ],
        "edited": {
            "user": "BG3N7LG73",
            "ts": "1606522006.000000"
        }
    },
    {
        "type": "message",
        "subtype": "bot_message",
        "text": "<https:\/\/www.reddit.com\/r\/Terraform\/comments\/k2d0ul\/etl_for_terraform_file_clean_up\/|ETL for Terraform file clean up>\nI’m looking to convert my existing AWS infrastructure into Terraform, and Terraformer does a pretty fantastic job. But it doesn’t really import things in a very “readable” manner. Does anyone know of a way to automate the clean up? I’m looking at breaking some of the monolithic files into smaller ones and combining them into a folder structure.    submitted by   <https:\/\/www.reddit.com\/user\/ninetypercentfat| \/u\/ninetypercentfat > \n&lt;a...",
        "ts": "1606523806.089900",
        "username": "Terraform",
        "icons": {
            "image_48": "https:\/\/s3-us-west-2.amazonaws.com\/slack-files2\/bot_icons\/2019-02-12\/548785199618_48.png"
        },
        "bot_id": "BG3N7LG73",
        "attachments": [
            {
                "service_name": "reddit",
                "title": "ETL for Terraform file clean up",
                "title_link": "https:\/\/www.reddit.com\/r\/Terraform\/comments\/k2d0ul\/etl_for_terraform_file_clean_up\/",
                "text": "I’m looking to convert my existing AWS infrastructure into Terraform, and Terraformer does a pretty fantastic job. But it doesn’t really import...",
                "fallback": "reddit: ETL for Terraform file clean up",
                "thumb_url": "https:\/\/www.redditstatic.com\/new-icon.png",
                "from_url": "https:\/\/www.reddit.com\/r\/Terraform\/comments\/k2d0ul\/etl_for_terraform_file_clean_up\/",
                "thumb_width": 256,
                "thumb_height": 256,
                "service_icon": "http:\/\/www.redditstatic.com\/desktop2x\/img\/favicon\/apple-icon-57x57.png",
                "id": 1,
                "original_url": "https:\/\/www.reddit.com\/r\/Terraform\/comments\/k2d0ul\/etl_for_terraform_file_clean_up\/"
            },
            {
                "title": "overview for ninetypercentfat",
                "title_link": "https:\/\/www.reddit.com\/user\/ninetypercentfat",
                "text": "The u\/ninetypercentfat community on Reddit. Reddit gives you the best of the internet in one place.",
                "fallback": "overview for ninetypercentfat",
                "from_url": "https:\/\/www.reddit.com\/user\/ninetypercentfat",
                "service_icon": "http:\/\/www.redditstatic.com\/desktop2x\/img\/favicon\/apple-icon-57x57.png",
                "service_name": "reddit.com",
                "id": 2,
                "original_url": "https:\/\/www.reddit.com\/user\/ninetypercentfat"
            }
        ],
        "edited": {
            "user": "BG3N7LG73",
            "ts": "1606523806.000000"
        }
    },
    {
        "type": "message",
        "subtype": "bot_message",
        "text": "<https:\/\/www.reddit.com\/r\/Terraform\/comments\/k2d2g8\/gcp_unique_bucket_names\/|GCP Unique Bucket Names>\nIf I wanted to use the random provider to loop through creating multiple random bucket names, how would I accomplish this? The below example is an attempt to create 3 random strings, and assign them to the bucket name. The goal is to have 3 buckets with random names without creating additional random_string's: resource \"random_string\" \"random\" {\ncount = 3\nlength = 2\nspecial = false\nlower = true\n}\nresource \"google_storage_bucket\" \"example-bucket\" {\ndepends_on = [random_string.random]\nfor_each...",
        "ts": "1606523806.090000",
        "username": "Terraform",
        "icons": {
            "image_48": "https:\/\/s3-us-west-2.amazonaws.com\/slack-files2\/bot_icons\/2019-02-12\/548785199618_48.png"
        },
        "bot_id": "BG3N7LG73",
        "attachments": [
            {
                "service_name": "reddit",
                "title": "GCP Unique Bucket Names",
                "title_link": "https:\/\/www.reddit.com\/r\/Terraform\/comments\/k2d2g8\/gcp_unique_bucket_names\/",
                "text": "If I wanted to use the random provider to loop through creating multiple random bucket names, how would I accomplish this? The below example is...",
                "fallback": "reddit: GCP Unique Bucket Names",
                "thumb_url": "https:\/\/www.redditstatic.com\/new-icon.png",
                "from_url": "https:\/\/www.reddit.com\/r\/Terraform\/comments\/k2d2g8\/gcp_unique_bucket_names\/",
                "thumb_width": 256,
                "thumb_height": 256,
                "service_icon": "http:\/\/www.redditstatic.com\/desktop2x\/img\/favicon\/apple-icon-57x57.png",
                "id": 1,
                "original_url": "https:\/\/www.reddit.com\/r\/Terraform\/comments\/k2d2g8\/gcp_unique_bucket_names\/"
            }
        ],
        "edited": {
            "user": "BG3N7LG73",
            "ts": "1606523806.000000"
        }
    },
    {
        "type": "message",
        "subtype": "bot_message",
        "text": "<https:\/\/www.reddit.com\/r\/Terraform\/comments\/k2d8kf\/beginner\/|Beginner>\nI would like to learn Terraform. I have installed it, however what would be a great resource (ELI5) to walk me through Terraform step by step    submitted by   <https:\/\/www.reddit.com\/user\/shemedj| \/u\/shemedj > \n<https:\/\/www.reddit.com\/r\/Terraform\/comments\/k2d8kf\/beginner\/|[link]>   <https:\/\/www.reddit.com\/r\/Terraform\/comments\/k2d8kf\/beginner\/|[comments]>",
        "ts": "1606523806.090100",
        "username": "Terraform",
        "icons": {
            "image_48": "https:\/\/s3-us-west-2.amazonaws.com\/slack-files2\/bot_icons\/2019-02-12\/548785199618_48.png"
        },
        "bot_id": "BG3N7LG73",
        "attachments": [
            {
                "service_name": "reddit",
                "title": "Beginner",
                "title_link": "https:\/\/www.reddit.com\/r\/Terraform\/comments\/k2d8kf\/beginner\/",
                "text": "I would like to learn Terraform. I have installed it, however what would be a great resource (ELI5) to walk me through Terraform step by step",
                "fallback": "reddit: Beginner",
                "thumb_url": "https:\/\/www.redditstatic.com\/new-icon.png",
                "from_url": "https:\/\/www.reddit.com\/r\/Terraform\/comments\/k2d8kf\/beginner\/",
                "thumb_width": 256,
                "thumb_height": 256,
                "service_icon": "http:\/\/www.redditstatic.com\/desktop2x\/img\/favicon\/apple-icon-57x57.png",
                "id": 1,
                "original_url": "https:\/\/www.reddit.com\/r\/Terraform\/comments\/k2d8kf\/beginner\/"
            },
            {
                "title": "overview for shemedj",
                "title_link": "https:\/\/www.reddit.com\/user\/shemedj",
                "text": "The u\/shemedj community on Reddit. Reddit gives you the best of the internet in one place.",
                "fallback": "overview for shemedj",
                "from_url": "https:\/\/www.reddit.com\/user\/shemedj",
                "service_icon": "http:\/\/www.redditstatic.com\/desktop2x\/img\/favicon\/apple-icon-57x57.png",
                "service_name": "reddit.com",
                "id": 2,
                "original_url": "https:\/\/www.reddit.com\/user\/shemedj"
            }
        ],
        "edited": {
            "user": "BG3N7LG73",
            "ts": "1606523806.000000"
        }
    },
    {
        "type": "message",
        "subtype": "bot_message",
        "text": "<https:\/\/www.google.com\/url?rct=j&amp;sa=t&amp;url=https:\/\/www.infoq.com\/jp\/news\/2020\/11\/waypoint-build-deploy-hashicorp\/&amp;ct=ga&amp;cd=CAIyHDMwMTY1OGE1ZDI5NDAyNzE6Y28uanA6amE6SlA&amp;usg=AFQjCNGpe8mpr-wfxVBE4DqLz-b6SF8qrA|HashicorpのWaypointは、プラットフォーム間で一貫したビルド・デプロイワークフローを目標 ...>\nTerraformを使用するには、AWSなどをよく知っている必要があります」とHashiCorpの創設者兼CTOであるMitchell Hashimoto氏は述べている。AWSは ...",
        "ts": "1606542821.090500",
        "username": "Google アラート - terraform",
        "icons": {
            "image_36": "https:\/\/a.slack-edge.com\/80588\/img\/services\/rss_36.png",
            "image_48": "https:\/\/a.slack-edge.com\/80588\/img\/services\/rss_48.png",
            "image_72": "https:\/\/a.slack-edge.com\/80588\/img\/services\/rss_72.png"
        },
        "bot_id": "BG3N7LG73"
    }
]