[
    {
        "type": "message",
        "subtype": "bot_message",
        "text": "<https:\/\/www.reddit.com\/r\/Terraform\/comments\/k1ezmf\/create_resource_from_a_map_of_variables_which\/|Create resource from a map of variables, which themselves include maps?>\nI'm trying to create a compact declaration for a Network Load Balancer attached to multiple ec2 instances with different in\/out ports for each: variable \"tga\" { default = { \"n1\" = { port = [31154, 30912] arn = [\"80\", \"443\"] } \"n2\" = { port = [31154, 30912] arn = [80, 443] } \"n3\" = { port = [31154, 30912] arn = [80, 443] } } } resource \"aws_lb_target_group_attachment\" \"tga\" { for_each = var.tga target_group_arn = aws_lb_target_group.tg1[each.value.arn].arn target_id =...",
        "ts": "1606396599.087900",
        "username": "Terraform",
        "icons": {
            "image_48": "https:\/\/s3-us-west-2.amazonaws.com\/slack-files2\/bot_icons\/2019-02-12\/548785199618_48.png"
        },
        "bot_id": "BG3N7LG73",
        "attachments": [
            {
                "service_name": "reddit",
                "title": "Create resource from a map of variables, which themselves include maps?",
                "title_link": "https:\/\/www.reddit.com\/r\/Terraform\/comments\/k1ezmf\/create_resource_from_a_map_of_variables_which\/",
                "text": "I'm trying to create a compact declaration for a Network Load Balancer attached to multiple ec2 instances with different in\/out ports for each: ...",
                "fallback": "reddit: Create resource from a map of variables, which themselves include maps?",
                "thumb_url": "https:\/\/www.redditstatic.com\/new-icon.png",
                "from_url": "https:\/\/www.reddit.com\/r\/Terraform\/comments\/k1ezmf\/create_resource_from_a_map_of_variables_which\/",
                "thumb_width": 256,
                "thumb_height": 256,
                "service_icon": "http:\/\/www.redditstatic.com\/desktop2x\/img\/favicon\/apple-icon-57x57.png",
                "id": 1,
                "original_url": "https:\/\/www.reddit.com\/r\/Terraform\/comments\/k1ezmf\/create_resource_from_a_map_of_variables_which\/"
            }
        ],
        "edited": {
            "user": "BG3N7LG73",
            "ts": "1606396599.000000"
        }
    },
    {
        "type": "message",
        "subtype": "bot_message",
        "text": "<https:\/\/qiita.com\/neruneruo\/items\/c466b22f2b2973a4cd7c|TerraformでAmazon API Gatewayを構築する(リソースポリシー編)>\n<https:\/\/qiita.com\/#%E3%81%AF%E3%81%98%E3%82%81%E3%81%AB>はじめに\n\nAPI Gateway＋Terraform記事第4弾。\n<https:\/\/github.com\/hashicorp\/terraform-provider-aws\/blob\/master\/CHANGELOG.md#3160-november-18-2020|TerraformのAWSプロバイダの3.16.0>で2020\/11\/18にリソースポリシーの Terraform リソースが使えるようになったので、今回は、IPアドレスによる制限をさっそく試してみる。\n\n\n<https:\/\/qiita.com\/#terraform>Terraform\n\nとはいっても、普通にIAMポリシーを書くだけである。\n\nCondition(IpAddress)を使って許可をしてするよう、こんな感じで定義しよう。...",
        "ts": "1606400200.088100",
        "username": "Terraformタグが付けられた新着記事 - Qiita",
        "icons": {
            "image_36": "https:\/\/a.slack-edge.com\/80588\/img\/services\/rss_36.png",
            "image_48": "https:\/\/a.slack-edge.com\/80588\/img\/services\/rss_48.png",
            "image_72": "https:\/\/a.slack-edge.com\/80588\/img\/services\/rss_72.png"
        },
        "bot_id": "BG3N7LG73",
        "attachments": [
            {
                "service_name": "Qiita",
                "title": "TerraformでAmazon API Gatewayを構築する(リソースポリシー編) - Qiita",
                "title_link": "https:\/\/qiita.com\/neruneruo\/items\/c466b22f2b2973a4cd7c",
                "text": "はじめに API Gateway＋Terraform記事第4弾。 TerraformのAWSプロバイダの3.16.0で2020\/11\/18にリソースポリシーの Terraform リソースが使えるようになったので、今回は、IPア...",
                "fallback": "Qiita: TerraformでAmazon API Gatewayを構築する(リソースポリシー編) - Qiita",
                "image_url": "https:\/\/qiita-user-contents.imgix.net\/https%3A%2F%2Fcdn.qiita.com%2Fassets%2Fpublic%2Farticle-ogp-background-1150d8b18a7c15795b701a55ae908f94.png?ixlib=rb-1.2.2&w=1200&mark=https%3A%2F%2Fqiita-user-contents.imgix.net%2F~text%3Fixlib%3Drb-1.2.2%26w%3D840%26h%3D380%26txt%3DTerraform%25E3%2581%25A7Amazon%2520API%2520Gateway%25E3%2582%2592%25E6%25A7%258B%25E7%25AF%2589%25E3%2581%2599%25E3%2582%258B%2528%25E3%2583%25AA%25E3%2582%25BD%25E3%2583%25BC%25E3%2582%25B9%25E3%2583%259D%25E3%2583%25AA%25E3%2582%25B7%25E3%2583%25BC%25E7%25B7%25A8%2529%26txt-color%3D%2523333%26txt-font%3DHiragino%2520Sans%2520W6%26txt-size%3D54%26txt-clip%3Dellipsis%26txt-align%3Dcenter%252Cmiddle%26s%3D74b3255d328ac95d8ff22cce02931913&mark-align=center%2Cmiddle&blend=https%3A%2F%2Fqiita-user-contents.imgix.net%2F~text%3Fixlib%3Drb-1.2.2%26w%3D840%26h%3D500%26txt%3D%2540neruneruo%26txt-color%3D%2523333%26txt-font%3DHiragino%2520Sans%2520W6%26txt-size%3D45%26txt-align%3Dright%252Cbottom%26s%3D0a897fb56a0410946e0f3f1cb6106bf0&blend-align=center%2Cmiddle&blend-mode=normal&s=33def991d0139ab7d692c21f7f83a40e",
                "from_url": "https:\/\/qiita.com\/neruneruo\/items\/c466b22f2b2973a4cd7c",
                "image_width": 476,
                "image_height": 250,
                "image_bytes": 58033,
                "service_icon": "https:\/\/cdn.qiita.com\/assets\/favicons\/public\/apple-touch-icon-ec5ba42a24ae923f16825592efdc356f.png",
                "id": 1,
                "original_url": "https:\/\/qiita.com\/neruneruo\/items\/c466b22f2b2973a4cd7c"
            },
            {
                "service_name": "Qiita",
                "title": "プログラマの技術情報共有サービス - Qiita",
                "title_link": "https:\/\/qiita.com\/#%E3%81%AF%E3%81%98%E3%82%81%E3%81%AB",
                "text": "Qiitaは、プログラマのための技術情報共有サービスです。 プログラミングに関するTips、ノウハウ、メモを簡単に記録 &amp; 公開することができます。",
                "fallback": "Qiita: プログラマの技術情報共有サービス - Qiita",
                "thumb_url": "https:\/\/cdn.qiita.com\/assets\/qiita-fb-fe28c64039d925349e620ba55091e078.png",
                "from_url": "https:\/\/qiita.com\/#%E3%81%AF%E3%81%98%E3%82%81%E3%81%AB",
                "thumb_width": 1200,
                "thumb_height": 630,
                "service_icon": "https:\/\/cdn.qiita.com\/assets\/favicons\/public\/apple-touch-icon-ec5ba42a24ae923f16825592efdc356f.png",
                "id": 2,
                "original_url": "https:\/\/qiita.com\/#%E3%81%AF%E3%81%98%E3%82%81%E3%81%AB"
            },
            {
                "service_name": "GitHub",
                "title": "hashicorp\/terraform-provider-aws",
                "title_link": "https:\/\/github.com\/hashicorp\/terraform-provider-aws\/blob\/master\/CHANGELOG.md#3160-november-18-2020",
                "text": "Terraform AWS provider. Contribute to hashicorp\/terraform-provider-aws development by creating an account on GitHub.",
                "fallback": "GitHub: hashicorp\/terraform-provider-aws",
                "thumb_url": "https:\/\/avatars0.githubusercontent.com\/u\/761456?s=400&v=4",
                "from_url": "https:\/\/github.com\/hashicorp\/terraform-provider-aws\/blob\/master\/CHANGELOG.md#3160-november-18-2020",
                "thumb_width": 399,
                "thumb_height": 399,
                "service_icon": "https:\/\/a.slack-edge.com\/80588\/img\/unfurl_icons\/github.png",
                "id": 3,
                "original_url": "https:\/\/github.com\/hashicorp\/terraform-provider-aws\/blob\/master\/CHANGELOG.md#3160-november-18-2020"
            },
            {
                "service_name": "Qiita",
                "title": "プログラマの技術情報共有サービス - Qiita",
                "title_link": "https:\/\/qiita.com\/#terraform",
                "text": "Qiitaは、プログラマのための技術情報共有サービスです。 プログラミングに関するTips、ノウハウ、メモを簡単に記録 &amp; 公開することができます。",
                "fallback": "Qiita: プログラマの技術情報共有サービス - Qiita",
                "thumb_url": "https:\/\/cdn.qiita.com\/assets\/qiita-fb-fe28c64039d925349e620ba55091e078.png",
                "from_url": "https:\/\/qiita.com\/#terraform",
                "thumb_width": 1200,
                "thumb_height": 630,
                "service_icon": "https:\/\/cdn.qiita.com\/assets\/favicons\/public\/apple-touch-icon-ec5ba42a24ae923f16825592efdc356f.png",
                "id": 4,
                "original_url": "https:\/\/qiita.com\/#terraform"
            }
        ],
        "edited": {
            "user": "BG3N7LG73",
            "ts": "1606400200.000000"
        }
    },
    {
        "type": "message",
        "subtype": "bot_message",
        "text": "<https:\/\/www.reddit.com\/r\/Terraform\/comments\/k1gyq5\/any_of_you_guys_recording_gaps_and_drift_in_their\/|Any of you guys recording gaps and drift in their infrastructure?>\nYou are not alone ;)\n Sharing <https:\/\/driftctl.com\/?utm_source=reddit&amp;utm_medium=reddit&amp;utm_campaign=reddit|a link to this article about infrastructure drift> for those interested\n Happy to discuss the topic    submitted by   <https:\/\/www.reddit.com\/user\/geraldC13| \/u\/geraldC13 > \n<https:\/\/www.reddit.com\/r\/Terraform\/comments\/k1gyq5\/any_of_you_guys_recording_gaps_and_drift_in_their\/|[link]>   &lt;a...",
        "ts": "1606405002.088300",
        "username": "Terraform",
        "icons": {
            "image_48": "https:\/\/s3-us-west-2.amazonaws.com\/slack-files2\/bot_icons\/2019-02-12\/548785199618_48.png"
        },
        "bot_id": "BG3N7LG73",
        "attachments": [
            {
                "service_name": "reddit",
                "title": "Any of you guys recording gaps and drift in their infrastructure?",
                "title_link": "https:\/\/www.reddit.com\/r\/Terraform\/comments\/k1gyq5\/any_of_you_guys_recording_gaps_and_drift_in_their\/",
                "text": "You are not alone ;) Sharing [a link to this article about infrastructure...",
                "fallback": "reddit: Any of you guys recording gaps and drift in their infrastructure?",
                "thumb_url": "https:\/\/www.redditstatic.com\/new-icon.png",
                "from_url": "https:\/\/www.reddit.com\/r\/Terraform\/comments\/k1gyq5\/any_of_you_guys_recording_gaps_and_drift_in_their\/",
                "thumb_width": 256,
                "thumb_height": 256,
                "service_icon": "http:\/\/www.redditstatic.com\/desktop2x\/img\/favicon\/apple-icon-57x57.png",
                "id": 1,
                "original_url": "https:\/\/www.reddit.com\/r\/Terraform\/comments\/k1gyq5\/any_of_you_guys_recording_gaps_and_drift_in_their\/"
            },
            {
                "service_name": "driftctl",
                "title": "control infrastructure drift - driftctl",
                "title_link": "https:\/\/driftctl.com\/?utm_source=reddit&utm_medium=reddit&utm_campaign=reddit",
                "text": "‘driftctl” is a free and open-source CLI that tracks, analyzes, prioritizes, and warns of infrastructure drift. Improve security. Drop toil.",
                "fallback": "driftctl: control infrastructure drift - driftctl",
                "image_url": "https:\/\/i0.wp.com\/driftctl.com\/wp-content\/uploads\/2020\/09\/site-icon.png?fit=512%2C512&ssl=1",
                "image_width": 250,
                "image_height": 250,
                "fields": [
                    {
                        "title": "Written by",
                        "value": "driftctl",
                        "short": true
                    },
                    {
                        "title": "Est. reading time",
                        "value": "5 minutes",
                        "short": true
                    }
                ],
                "from_url": "https:\/\/driftctl.com\/?utm_source=reddit&utm_medium=reddit&utm_campaign=reddit",
                "image_bytes": 2129,
                "service_icon": "https:\/\/i0.wp.com\/driftctl.com\/wp-content\/uploads\/2020\/09\/cropped-site-icon-2.png?fit=180%2C180&#038;ssl=1",
                "id": 2,
                "original_url": "https:\/\/driftctl.com\/?utm_source=reddit&amp;utm_medium=reddit&amp;utm_campaign=reddit"
            },
            {
                "title": "overview for geraldC13",
                "title_link": "https:\/\/www.reddit.com\/user\/geraldC13",
                "text": "The u\/geraldC13 community on Reddit. Reddit gives you the best of the internet in one place.",
                "fallback": "overview for geraldC13",
                "from_url": "https:\/\/www.reddit.com\/user\/geraldC13",
                "service_icon": "http:\/\/www.redditstatic.com\/desktop2x\/img\/favicon\/apple-icon-57x57.png",
                "service_name": "reddit.com",
                "id": 3,
                "original_url": "https:\/\/www.reddit.com\/user\/geraldC13"
            }
        ],
        "edited": {
            "user": "BG3N7LG73",
            "ts": "1606405002.000000"
        }
    },
    {
        "type": "message",
        "subtype": "bot_message",
        "text": "<https:\/\/www.reddit.com\/r\/Terraform\/comments\/k1uvs2\/associate_managed_disk_to_multiple_vms\/|Associate Managed disk to multiple VMs>\nHi All, I am trying to create multiple vms and managed disk to associate after creation. I could see the disks are created and getting associated only for the first VM in the list. I am not sure how to assign the right index number in the below code.  I believe Virtual_Machin_id is creating this issue, has any one came across the similar, please advice. resource \"azurerm_managed_disk\" \"app_managed_disk\" {  count = \"${length(var.data_disk_names)}\"  name =...",
        "ts": "1606454799.088500",
        "username": "Terraform",
        "icons": {
            "image_48": "https:\/\/s3-us-west-2.amazonaws.com\/slack-files2\/bot_icons\/2019-02-12\/548785199618_48.png"
        },
        "bot_id": "BG3N7LG73",
        "attachments": [
            {
                "service_name": "reddit",
                "title": "Associate Managed disk to multiple VMs",
                "title_link": "https:\/\/www.reddit.com\/r\/Terraform\/comments\/k1uvs2\/associate_managed_disk_to_multiple_vms\/",
                "text": "Hi All, I am trying to create multiple vms and managed disk to associate after creation. I could see the disks are created and getting associated...",
                "fallback": "reddit: Associate Managed disk to multiple VMs",
                "thumb_url": "https:\/\/www.redditstatic.com\/new-icon.png",
                "from_url": "https:\/\/www.reddit.com\/r\/Terraform\/comments\/k1uvs2\/associate_managed_disk_to_multiple_vms\/",
                "thumb_width": 256,
                "thumb_height": 256,
                "service_icon": "http:\/\/www.redditstatic.com\/desktop2x\/img\/favicon\/apple-icon-57x57.png",
                "id": 1,
                "original_url": "https:\/\/www.reddit.com\/r\/Terraform\/comments\/k1uvs2\/associate_managed_disk_to_multiple_vms\/"
            }
        ],
        "edited": {
            "user": "BG3N7LG73",
            "ts": "1606454799.000000"
        }
    }
]