[
    {
        "type": "message",
        "subtype": "bot_message",
        "text": "<https:\/\/www.reddit.com\/r\/Terraform\/comments\/uegqak\/terraform_custom_provider_data_source_schema\/|Terraform Custom Provider - Data Source Schema>\nI am new to golang and working on creating a custom terraform provider by using terraform sdk. I am trying to read data from the existing API GET call. I am finding it difficult to map the JSON response from an API to terraform schema. This is my data source schema: func dataSourceProjects() *schema.Resource { return &amp;schema.Resource{ ReadContext: dataSourceProjectsRead, Schema: map[string]*schema.Schema{ \"members\": &amp;schema.Schema{ Type: schema.TypeList, Elem: &amp;schema.Schema{Type:...",
        "ts": "1651218371.098779",
        "username": "Terraform",
        "icons": {
            "image_48": "https:\/\/s3-us-west-2.amazonaws.com\/slack-files2\/bot_icons\/2019-02-12\/548785199618_48.png"
        },
        "bot_id": "BG3N7LG73",
        "blocks": [
            {
                "type": "rich_text",
                "block_id": "85M",
                "elements": [
                    {
                        "type": "rich_text_section",
                        "elements": [
                            {
                                "type": "link",
                                "url": "https:\/\/www.reddit.com\/r\/Terraform\/comments\/uegqak\/terraform_custom_provider_data_source_schema\/",
                                "text": "Terraform Custom Provider - Data Source Schema"
                            },
                            {
                                "type": "text",
                                "text": "\nI am new to golang and working on creating a custom terraform provider by using terraform sdk. I am trying to read data from the existing API GET call. I am finding it difficult to map the JSON response from an API to terraform schema. This is my data source schema: func dataSourceProjects() *schema.Resource { return &schema.Resource{ ReadContext: dataSourceProjectsRead, Schema: map[string]*schema.Schema{ \"members\": &schema.Schema{ Type: schema.TypeList, Elem: &schema.Schema{Type:..."
                            }
                        ]
                    }
                ]
            }
        ],
        "attachments": [
            {
                "from_url": "https:\/\/www.reddit.com\/r\/Terraform\/comments\/uegqak\/terraform_custom_provider_data_source_schema\/",
                "thumb_url": "https:\/\/www.redditstatic.com\/new-icon.png",
                "thumb_width": 256,
                "thumb_height": 256,
                "service_icon": "http:\/\/www.redditstatic.com\/desktop2x\/img\/favicon\/apple-icon-57x57.png",
                "id": 1,
                "original_url": "https:\/\/www.reddit.com\/r\/Terraform\/comments\/uegqak\/terraform_custom_provider_data_source_schema\/",
                "fallback": "reddit: Terraform Custom Provider - Data Source Schema",
                "text": "I am new to golang and working on creating a custom terraform provider by using terraform sdk. I am trying to read data from the existing API GET...",
                "title": "Terraform Custom Provider - Data Source Schema",
                "title_link": "https:\/\/www.reddit.com\/r\/Terraform\/comments\/uegqak\/terraform_custom_provider_data_source_schema\/",
                "service_name": "reddit"
            }
        ],
        "edited": {
            "user": "BG3N7LG73",
            "ts": "1651218371.000000"
        }
    },
    {
        "type": "message",
        "subtype": "bot_message",
        "text": "<https:\/\/www.reddit.com\/r\/Terraform\/comments\/ueh1lv\/iterative_to_launch_open_source_tool_first_to\/|Iterative to Launch Open Source Tool, First to Train ML Models on Any Cloud (AWS, GCP, Azure, on-prem, or with Kubernetes) Using Terraform>\nsubmitted by   <https:\/\/www.reddit.com\/user\/thumbsdrivesmecrazy| \/u\/thumbsdrivesmecrazy > \n<https:\/\/finance.yahoo.com\/news\/iterative-launch-open-source-tool-130000930.html|[link]>   <https:\/\/www.reddit.com\/r\/Terraform\/comments\/ueh1lv\/iterative_to_launch_open_source_tool_first_to\/|[comments]>",
        "ts": "1651220769.683029",
        "username": "Terraform",
        "icons": {
            "image_48": "https:\/\/s3-us-west-2.amazonaws.com\/slack-files2\/bot_icons\/2019-02-12\/548785199618_48.png"
        },
        "bot_id": "BG3N7LG73",
        "blocks": [
            {
                "type": "rich_text",
                "block_id": "Dtt+",
                "elements": [
                    {
                        "type": "rich_text_section",
                        "elements": [
                            {
                                "type": "link",
                                "url": "https:\/\/www.reddit.com\/r\/Terraform\/comments\/ueh1lv\/iterative_to_launch_open_source_tool_first_to\/",
                                "text": "Iterative to Launch Open Source Tool, First to Train ML Models on Any Cloud (AWS, GCP, Azure, on-prem, or with Kubernetes) Using Terraform"
                            },
                            {
                                "type": "text",
                                "text": "\nsubmitted by   "
                            },
                            {
                                "type": "link",
                                "url": "https:\/\/www.reddit.com\/user\/thumbsdrivesmecrazy",
                                "text": "\/u\/thumbsdrivesmecrazy"
                            },
                            {
                                "type": "text",
                                "text": " \n"
                            },
                            {
                                "type": "link",
                                "url": "https:\/\/finance.yahoo.com\/news\/iterative-launch-open-source-tool-130000930.html",
                                "text": "[link]"
                            },
                            {
                                "type": "text",
                                "text": "   "
                            },
                            {
                                "type": "link",
                                "url": "https:\/\/www.reddit.com\/r\/Terraform\/comments\/ueh1lv\/iterative_to_launch_open_source_tool_first_to\/",
                                "text": "[comments]"
                            }
                        ]
                    }
                ]
            }
        ],
        "attachments": [
            {
                "from_url": "https:\/\/www.reddit.com\/r\/Terraform\/comments\/ueh1lv\/iterative_to_launch_open_source_tool_first_to\/",
                "thumb_url": "https:\/\/b.thumbs.redditmedia.com\/uxi5qrniUblOp8csS1k4n8m04uoT1BxNdJztA8uuXMI.jpg",
                "thumb_width": 140,
                "thumb_height": 78,
                "service_icon": "http:\/\/www.redditstatic.com\/desktop2x\/img\/favicon\/apple-icon-57x57.png",
                "id": 1,
                "original_url": "https:\/\/www.reddit.com\/r\/Terraform\/comments\/ueh1lv\/iterative_to_launch_open_source_tool_first_to\/",
                "fallback": "reddit: Iterative to Launch Open Source Tool, First to Train ML Models on Any Cloud (AWS, GCP, Azure, on-prem, or with Kubernetes) Using Terraform",
                "text": "Posted in r\/Terraform by u\/thumbsdrivesmecrazy • 1 point and 0 comments",
                "title": "Iterative to Launch Open Source Tool, First to Train ML Models on Any Cloud (AWS, GCP, Azure, on-prem, or with Kubernetes) Using Terraform",
                "title_link": "https:\/\/www.reddit.com\/r\/Terraform\/comments\/ueh1lv\/iterative_to_launch_open_source_tool_first_to\/",
                "service_name": "reddit"
            },
            {
                "from_url": "https:\/\/www.reddit.com\/user\/thumbsdrivesmecrazy",
                "service_icon": "http:\/\/www.redditstatic.com\/desktop2x\/img\/favicon\/apple-icon-57x57.png",
                "id": 2,
                "original_url": "https:\/\/www.reddit.com\/user\/thumbsdrivesmecrazy",
                "fallback": "overview for thumbsdrivesmecrazy",
                "text": "The u\/thumbsdrivesmecrazy community on Reddit. Reddit gives you the best of the internet in one place.",
                "title": "overview for thumbsdrivesmecrazy",
                "title_link": "https:\/\/www.reddit.com\/user\/thumbsdrivesmecrazy",
                "service_name": "reddit.com"
            },
            {
                "from_url": "https:\/\/finance.yahoo.com\/news\/iterative-launch-open-source-tool-130000930.html",
                "image_url": "https:\/\/s.yimg.com\/uu\/api\/res\/1.2\/VdSALEIA6CZU21JiO61yBw--~B\/aD0yNzA7dz00ODA7YXBwaWQ9eXRhY2h5b24-\/https:\/\/media.zenfs.com\/en\/business-wire.com\/f4a1aff71b1c52dc4edf0c6d1fbc651b",
                "image_width": 444,
                "image_height": 250,
                "image_bytes": 8794,
                "service_icon": "https:\/\/s.yimg.com\/rz\/l\/favicon.ico",
                "id": 3,
                "original_url": "https:\/\/finance.yahoo.com\/news\/iterative-launch-open-source-tool-130000930.html",
                "fallback": "Iterative to Launch Open Source Tool, First to Train Machine Learning Models on Any Cloud Using HashiCorp’s Terraform Solution",
                "text": "SAN FRANCISCO, April 27, 2022--Iterative announced a new open source compute orchestration tool using Terraform by HashiCorp.",
                "title": "Iterative to Launch Open Source Tool, First to Train Machine Learning Models on Any Cloud Using HashiCorp’s Terraform Solution",
                "title_link": "https:\/\/finance.yahoo.com\/news\/iterative-launch-open-source-tool-130000930.html",
                "service_name": "finance.yahoo.com"
            }
        ],
        "edited": {
            "user": "BG3N7LG73",
            "ts": "1651220770.000000"
        }
    },
    {
        "type": "message",
        "subtype": "bot_message",
        "text": "<https:\/\/www.reddit.com\/r\/Terraform\/comments\/uehzmu\/referencing_terraform_module_with_the_variable\/|Referencing terraform module with the variable module name>\nHello, I am trying to reference a module with a variable but it seems impossible. Can someone tell me if it is possible? <http:\/\/variables.tf|variables.tf> variable \"app\" { type = map(string) default = { abc = \"<http:\/\/abc.example.com|abc.example.com>\" def = \"<http:\/\/def.example.com|def.example.com>\" }  <http:\/\/main.tf|main.tf> module \"test1_neg\" {...) module \"test2_neg\" {...) module \"test3_neg\" {...) module \"lb-http\" { ... backends = { for k,v in <http:\/\/var.app|var.app> : k =&gt; { ... groups = [ { # This works but literarlly take the exact value inside double quotes group =...",
        "ts": "1651224372.590769",
        "username": "Terraform",
        "icons": {
            "image_48": "https:\/\/s3-us-west-2.amazonaws.com\/slack-files2\/bot_icons\/2019-02-12\/548785199618_48.png"
        },
        "bot_id": "BG3N7LG73",
        "blocks": [
            {
                "type": "rich_text",
                "block_id": "Ljv",
                "elements": [
                    {
                        "type": "rich_text_section",
                        "elements": [
                            {
                                "type": "link",
                                "url": "https:\/\/www.reddit.com\/r\/Terraform\/comments\/uehzmu\/referencing_terraform_module_with_the_variable\/",
                                "text": "Referencing terraform module with the variable module name"
                            },
                            {
                                "type": "text",
                                "text": "\nHello, I am trying to reference a module with a variable but it seems impossible. Can someone tell me if it is possible? "
                            },
                            {
                                "type": "link",
                                "url": "http:\/\/variables.tf",
                                "text": "variables.tf"
                            },
                            {
                                "type": "text",
                                "text": " variable \"app\" { type = map(string) default = { abc = \""
                            },
                            {
                                "type": "link",
                                "url": "http:\/\/abc.example.com",
                                "text": "abc.example.com"
                            },
                            {
                                "type": "text",
                                "text": "\" def = \""
                            },
                            {
                                "type": "link",
                                "url": "http:\/\/def.example.com",
                                "text": "def.example.com"
                            },
                            {
                                "type": "text",
                                "text": "\" }  "
                            },
                            {
                                "type": "link",
                                "url": "http:\/\/main.tf",
                                "text": "main.tf"
                            },
                            {
                                "type": "text",
                                "text": " module \"test1_neg\" {...) module \"test2_neg\" {...) module \"test3_neg\" {...) module \"lb-http\" { ... backends = { for k,v in "
                            },
                            {
                                "type": "link",
                                "url": "http:\/\/var.app",
                                "text": "var.app"
                            },
                            {
                                "type": "text",
                                "text": " : k => { ... groups = [ { # This works but literarlly take the exact value inside double quotes group =..."
                            }
                        ]
                    }
                ]
            }
        ],
        "attachments": [
            {
                "from_url": "https:\/\/www.reddit.com\/r\/Terraform\/comments\/uehzmu\/referencing_terraform_module_with_the_variable\/",
                "thumb_url": "https:\/\/www.redditstatic.com\/new-icon.png",
                "thumb_width": 256,
                "thumb_height": 256,
                "service_icon": "http:\/\/www.redditstatic.com\/desktop2x\/img\/favicon\/apple-icon-57x57.png",
                "id": 1,
                "original_url": "https:\/\/www.reddit.com\/r\/Terraform\/comments\/uehzmu\/referencing_terraform_module_with_the_variable\/",
                "fallback": "reddit: Referencing terraform module with the variable module name",
                "text": "Hello, I am trying to reference a module with a variable but it seems impossible. Can someone tell me if it is possible? **<http:\/\/variables.tf|variables.tf>** ...",
                "title": "Referencing terraform module with the variable module name",
                "title_link": "https:\/\/www.reddit.com\/r\/Terraform\/comments\/uehzmu\/referencing_terraform_module_with_the_variable\/",
                "service_name": "reddit"
            }
        ],
        "edited": {
            "user": "BG3N7LG73",
            "ts": "1651224372.000000"
        }
    },
    {
        "type": "message",
        "subtype": "bot_message",
        "text": "<https:\/\/www.reddit.com\/r\/Terraform\/comments\/ueifbx\/running_terraform_apply_for_a_fullstack_where\/|Running Terraform apply for a full-stack where resources are split into subdirectories>\nI have each of my Terraform resources within its own folder and use Terraform remote state with S3 to share data across resources. This works great when adding new infrastructure and means it doesn't take ages when I run tf plan &amp; apply. I'm now running into an issue where I'd like to build a completely new environment. At the moment I'd have to go into each subdirectory and run an apply. This will take quite a while. Has anyone got any tips around creating and destroying a full stack that is...",
        "ts": "1651226771.154729",
        "username": "Terraform",
        "icons": {
            "image_48": "https:\/\/s3-us-west-2.amazonaws.com\/slack-files2\/bot_icons\/2019-02-12\/548785199618_48.png"
        },
        "bot_id": "BG3N7LG73",
        "blocks": [
            {
                "type": "rich_text",
                "block_id": "veCz",
                "elements": [
                    {
                        "type": "rich_text_section",
                        "elements": [
                            {
                                "type": "link",
                                "url": "https:\/\/www.reddit.com\/r\/Terraform\/comments\/ueifbx\/running_terraform_apply_for_a_fullstack_where\/",
                                "text": "Running Terraform apply for a full-stack where resources are split into subdirectories"
                            },
                            {
                                "type": "text",
                                "text": "\nI have each of my Terraform resources within its own folder and use Terraform remote state with S3 to share data across resources. This works great when adding new infrastructure and means it doesn't take ages when I run tf plan & apply. I'm now running into an issue where I'd like to build a completely new environment. At the moment I'd have to go into each subdirectory and run an apply. This will take quite a while. Has anyone got any tips around creating and destroying a full stack that is..."
                            }
                        ]
                    }
                ]
            }
        ],
        "attachments": [
            {
                "from_url": "https:\/\/www.reddit.com\/r\/Terraform\/comments\/ueifbx\/running_terraform_apply_for_a_fullstack_where\/",
                "thumb_url": "https:\/\/external-preview.redd.it\/e6c2mbcexfw81.png?overlay-align=bottom,left&crop=732:383.246073298,smart&overlay-height=15p&overlay=%2Fwatermark%2Ft5_2u8e4.png%3Fs%3Dbfb326ca8735739e33a60abaf9a7c73bcb4a2134&width=732&height=383.246073298&auto=webp&s=d391be6698c2d1dbf6f1d6b850f6bfbefc4a87e3",
                "thumb_width": 130,
                "thumb_height": 60,
                "service_icon": "http:\/\/www.redditstatic.com\/desktop2x\/img\/favicon\/apple-icon-57x57.png",
                "id": 1,
                "original_url": "https:\/\/www.reddit.com\/r\/Terraform\/comments\/ueifbx\/running_terraform_apply_for_a_fullstack_where\/",
                "fallback": "reddit: Running Terraform apply for a full-stack where resources are split into subdirectories",
                "text": "Posted in r\/Terraform by u\/nippyeyes • 1 point and 0 comments",
                "title": "Running Terraform apply for a full-stack where resources are split into subdirectories",
                "title_link": "https:\/\/www.reddit.com\/r\/Terraform\/comments\/ueifbx\/running_terraform_apply_for_a_fullstack_where\/",
                "service_name": "reddit"
            }
        ],
        "edited": {
            "user": "BG3N7LG73",
            "ts": "1651226771.000000"
        }
    },
    {
        "type": "message",
        "subtype": "bot_message",
        "text": "<https:\/\/www.reddit.com\/r\/Terraform\/comments\/uejmr6\/terraforminterraform\/|Terraform-in-Terraform>\nTerraform-in-Terraform just because it is possible: <https:\/\/registry.terraform.io\/providers\/weakpixel\/tfcli\/latest\/docs|https:\/\/registry.terraform.io\/providers\/weakpixel\/tfcli\/latest\/docs> ​ Also see here for a more advanced hello-world example: <https:\/\/github.com\/weakpixel\/terraform-provider-tfcli\/blob\/main\/examples\/full\/main.tf|https:\/\/github.com\/weakpixel\/terraform-provider-tfcli\/blob\/main\/examples\/full\/main.tf>    submitted by   &lt;a...",
        "ts": "1651231569.706369",
        "username": "Terraform",
        "icons": {
            "image_48": "https:\/\/s3-us-west-2.amazonaws.com\/slack-files2\/bot_icons\/2019-02-12\/548785199618_48.png"
        },
        "bot_id": "BG3N7LG73",
        "blocks": [
            {
                "type": "rich_text",
                "block_id": "hDk",
                "elements": [
                    {
                        "type": "rich_text_section",
                        "elements": [
                            {
                                "type": "link",
                                "url": "https:\/\/www.reddit.com\/r\/Terraform\/comments\/uejmr6\/terraforminterraform\/",
                                "text": "Terraform-in-Terraform"
                            },
                            {
                                "type": "text",
                                "text": "\nTerraform-in-Terraform just because it is possible: "
                            },
                            {
                                "type": "link",
                                "url": "https:\/\/registry.terraform.io\/providers\/weakpixel\/tfcli\/latest\/docs"
                            },
                            {
                                "type": "text",
                                "text": " ​ Also see here for a more advanced hello-world example: "
                            },
                            {
                                "type": "link",
                                "url": "https:\/\/github.com\/weakpixel\/terraform-provider-tfcli\/blob\/main\/examples\/full\/main.tf"
                            },
                            {
                                "type": "text",
                                "text": "    submitted by   <a..."
                            }
                        ]
                    }
                ]
            }
        ],
        "attachments": [
            {
                "from_url": "https:\/\/www.reddit.com\/r\/Terraform\/comments\/uejmr6\/terraforminterraform\/",
                "thumb_url": "https:\/\/www.redditstatic.com\/new-icon.png",
                "thumb_width": 256,
                "thumb_height": 256,
                "service_icon": "http:\/\/www.redditstatic.com\/desktop2x\/img\/favicon\/apple-icon-57x57.png",
                "id": 1,
                "original_url": "https:\/\/www.reddit.com\/r\/Terraform\/comments\/uejmr6\/terraforminterraform\/",
                "fallback": "reddit: Terraform-in-Terraform",
                "text": "Terraform-in-Terraform just because it is...",
                "title": "Terraform-in-Terraform",
                "title_link": "https:\/\/www.reddit.com\/r\/Terraform\/comments\/uejmr6\/terraforminterraform\/",
                "service_name": "reddit"
            },
            {
                "from_url": "https:\/\/github.com\/weakpixel\/terraform-provider-tfcli\/blob\/main\/examples\/full\/main.tf",
                "image_url": "https:\/\/opengraph.githubassets.com\/5247f46e40c2f3ea6a78a3d76b910587463c2f99294b793529181c6848b08ca6\/weakpixel\/terraform-provider-tfcli",
                "image_width": 500,
                "image_height": 250,
                "image_bytes": 50833,
                "service_icon": "https:\/\/a.slack-edge.com\/80588\/img\/unfurl_icons\/github.png",
                "id": 2,
                "original_url": "https:\/\/github.com\/weakpixel\/terraform-provider-tfcli\/blob\/main\/examples\/full\/main.tf",
                "fallback": "GitHub: terraform-provider-tfcli\/main.tf at main · weakpixel\/terraform-provider-tfcli",
                "text": "Terraform-in-Terraform: Execute Modules directly from the Terraform Registry - terraform-provider-tfcli\/main.tf at main · weakpixel\/terraform-provider-tfcli",
                "title": "terraform-provider-tfcli\/main.tf at main · weakpixel\/terraform-provider-tfcli",
                "title_link": "https:\/\/github.com\/weakpixel\/terraform-provider-tfcli\/blob\/main\/examples\/full\/main.tf",
                "service_name": "GitHub"
            }
        ],
        "edited": {
            "user": "BG3N7LG73",
            "ts": "1651231569.000000"
        }
    },
    {
        "type": "message",
        "subtype": "bot_message",
        "text": "<https:\/\/www.reddit.com\/r\/Terraform\/comments\/uektgl\/referring_to_resource_by_id_vs_name\/|Referring to resource by ID vs. name.>\nsparkling new to terraform, but one thing I've noticed is that sometimes I need to refer to resources by `id`, and other times by `name`. Swapping out an ID for a name or vice versa causes the resource lookup to fail, or for the identifier to not pass a regex for the field in the first place. I end up having to export both ID and name of relevant resources in the modules I make through <http:\/\/outputs.tf|outputs.tf>. Is this just‏‏‎‏‏‎‏‏‎‏‏‎­an inconsistency in the API of providers (in my case, GCP)? Or is there...",
        "ts": "1651235770.114909",
        "username": "Terraform",
        "icons": {
            "image_48": "https:\/\/s3-us-west-2.amazonaws.com\/slack-files2\/bot_icons\/2019-02-12\/548785199618_48.png"
        },
        "bot_id": "BG3N7LG73",
        "blocks": [
            {
                "type": "rich_text",
                "block_id": "p0xv",
                "elements": [
                    {
                        "type": "rich_text_section",
                        "elements": [
                            {
                                "type": "link",
                                "url": "https:\/\/www.reddit.com\/r\/Terraform\/comments\/uektgl\/referring_to_resource_by_id_vs_name\/",
                                "text": "Referring to resource by ID vs. name."
                            },
                            {
                                "type": "text",
                                "text": "\nsparkling new to terraform, but one thing I've noticed is that sometimes I need to refer to resources by "
                            },
                            {
                                "type": "text",
                                "text": "id",
                                "style": {
                                    "code": true
                                }
                            },
                            {
                                "type": "text",
                                "text": ", and other times by "
                            },
                            {
                                "type": "text",
                                "text": "name",
                                "style": {
                                    "code": true
                                }
                            },
                            {
                                "type": "text",
                                "text": ". Swapping out an ID for a name or vice versa causes the resource lookup to fail, or for the identifier to not pass a regex for the field in the first place. I end up having to export both ID and name of relevant resources in the modules I make through "
                            },
                            {
                                "type": "link",
                                "url": "http:\/\/outputs.tf",
                                "text": "outputs.tf"
                            },
                            {
                                "type": "text",
                                "text": ". Is this just‏‏‎‏‏‎‏‏‎‏‏‎­an inconsistency in the API of providers (in my case, GCP)? Or is there..."
                            }
                        ]
                    }
                ]
            }
        ],
        "attachments": [
            {
                "from_url": "https:\/\/www.reddit.com\/r\/Terraform\/comments\/uektgl\/referring_to_resource_by_id_vs_name\/",
                "thumb_url": "https:\/\/www.redditstatic.com\/new-icon.png",
                "thumb_width": 256,
                "thumb_height": 256,
                "service_icon": "http:\/\/www.redditstatic.com\/desktop2x\/img\/favicon\/apple-icon-57x57.png",
                "id": 1,
                "original_url": "https:\/\/www.reddit.com\/r\/Terraform\/comments\/uektgl\/referring_to_resource_by_id_vs_name\/",
                "fallback": "reddit: Referring to resource by ID vs. name.",
                "text": "sparkling new to terraform, but one thing I've noticed is that sometimes I need to refer to resources by \\`id\\`, and other times by \\`name\\`....",
                "title": "Referring to resource by ID vs. name.",
                "title_link": "https:\/\/www.reddit.com\/r\/Terraform\/comments\/uektgl\/referring_to_resource_by_id_vs_name\/",
                "service_name": "reddit"
            }
        ],
        "edited": {
            "user": "BG3N7LG73",
            "ts": "1651235770.000000"
        }
    },
    {
        "type": "message",
        "subtype": "bot_message",
        "text": "<https:\/\/www.reddit.com\/r\/Terraform\/comments\/uelvzr\/route53_multiple_zones_structure_question\/|Route53 multiple zones structure question...>\nWhat would be the best way to structure this? I have ADO pipelines going to run CI\/CD on these. I was thinking multiple stages, one plan and one apply stage for each zone. Multiple zones would be in multiple workspaces with multiple tf files or would we break the zones into separate repositories even?    submitted by   <https:\/\/www.reddit.com\/user\/dupo24| \/u\/dupo24 > \n<https:\/\/www.reddit.com\/r\/Terraform\/comments\/uelvzr\/route53_multiple_zones_structure_question\/|[link]>...",
        "ts": "1651239372.895669",
        "username": "Terraform",
        "icons": {
            "image_48": "https:\/\/s3-us-west-2.amazonaws.com\/slack-files2\/bot_icons\/2019-02-12\/548785199618_48.png"
        },
        "bot_id": "BG3N7LG73",
        "blocks": [
            {
                "type": "rich_text",
                "block_id": "q5Cx",
                "elements": [
                    {
                        "type": "rich_text_section",
                        "elements": [
                            {
                                "type": "link",
                                "url": "https:\/\/www.reddit.com\/r\/Terraform\/comments\/uelvzr\/route53_multiple_zones_structure_question\/",
                                "text": "Route53 multiple zones structure question..."
                            },
                            {
                                "type": "text",
                                "text": "\nWhat would be the best way to structure this? I have ADO pipelines going to run CI\/CD on these. I was thinking multiple stages, one plan and one apply stage for each zone. Multiple zones would be in multiple workspaces with multiple tf files or would we break the zones into separate repositories even?    submitted by   "
                            },
                            {
                                "type": "link",
                                "url": "https:\/\/www.reddit.com\/user\/dupo24",
                                "text": "\/u\/dupo24"
                            },
                            {
                                "type": "text",
                                "text": " \n"
                            },
                            {
                                "type": "link",
                                "url": "https:\/\/www.reddit.com\/r\/Terraform\/comments\/uelvzr\/route53_multiple_zones_structure_question\/",
                                "text": "[link]"
                            },
                            {
                                "type": "text",
                                "text": "..."
                            }
                        ]
                    }
                ]
            }
        ],
        "attachments": [
            {
                "from_url": "https:\/\/www.reddit.com\/r\/Terraform\/comments\/uelvzr\/route53_multiple_zones_structure_question\/",
                "thumb_url": "https:\/\/www.redditstatic.com\/new-icon.png",
                "thumb_width": 256,
                "thumb_height": 256,
                "service_icon": "http:\/\/www.redditstatic.com\/desktop2x\/img\/favicon\/apple-icon-57x57.png",
                "id": 1,
                "original_url": "https:\/\/www.reddit.com\/r\/Terraform\/comments\/uelvzr\/route53_multiple_zones_structure_question\/",
                "fallback": "reddit: Route53 multiple zones structure question...",
                "text": "What would be the best way to structure this? I have ADO pipelines going to run CI\/CD on these. I was thinking multiple stages, one plan and one...",
                "title": "Route53 multiple zones structure question...",
                "title_link": "https:\/\/www.reddit.com\/r\/Terraform\/comments\/uelvzr\/route53_multiple_zones_structure_question\/",
                "service_name": "reddit"
            },
            {
                "from_url": "https:\/\/www.reddit.com\/user\/dupo24",
                "service_icon": "http:\/\/www.redditstatic.com\/desktop2x\/img\/favicon\/apple-icon-57x57.png",
                "id": 2,
                "original_url": "https:\/\/www.reddit.com\/user\/dupo24",
                "fallback": "overview for dupo24",
                "text": "The u\/dupo24 community on Reddit. Reddit gives you the best of the internet in one place.",
                "title": "overview for dupo24",
                "title_link": "https:\/\/www.reddit.com\/user\/dupo24",
                "service_name": "reddit.com"
            }
        ],
        "edited": {
            "user": "BG3N7LG73",
            "ts": "1651239373.000000"
        }
    },
    {
        "type": "message",
        "subtype": "bot_message",
        "text": "<https:\/\/www.reddit.com\/r\/Terraform\/comments\/uemxha\/i_built_an_open_source_deployment_pipeline_of\/|I built an open source deployment pipeline of Pritunl to Digital Ocean using Github Actions and Atlantis with Terraform. User-friendly, open source, VPN on Kubernetes at under $60\/month!>\n<https:\/\/github.com\/autotune\/pritunl-k8s-tf-do\/blob\/master\/README.md|https:\/\/github.com\/autotune\/pritunl-k8s-tf-do\/blob\/master\/README.md> is the repo. The README should answer any questions about how the pipeline works but the end result is a pritunl webgui listening on port 80 with an ingress route for https, a SERVICE load balancer that listens for VPN connections, and the ability to connect to said service load balancer over &lt;a href=\"https:\/\/client.pritunl.com\/\"&gt;Pritunl VPN...",
        "ts": "1651242371.000489",
        "username": "Terraform",
        "icons": {
            "image_48": "https:\/\/s3-us-west-2.amazonaws.com\/slack-files2\/bot_icons\/2019-02-12\/548785199618_48.png"
        },
        "bot_id": "BG3N7LG73",
        "blocks": [
            {
                "type": "rich_text",
                "block_id": "odukk",
                "elements": [
                    {
                        "type": "rich_text_section",
                        "elements": [
                            {
                                "type": "link",
                                "url": "https:\/\/www.reddit.com\/r\/Terraform\/comments\/uemxha\/i_built_an_open_source_deployment_pipeline_of\/",
                                "text": "I built an open source deployment pipeline of Pritunl to Digital Ocean using Github Actions and Atlantis with Terraform. User-friendly, open source, VPN on Kubernetes at under $60\/month!"
                            },
                            {
                                "type": "text",
                                "text": "\n"
                            },
                            {
                                "type": "link",
                                "url": "https:\/\/github.com\/autotune\/pritunl-k8s-tf-do\/blob\/master\/README.md"
                            },
                            {
                                "type": "text",
                                "text": " is the repo. The README should answer any questions about how the pipeline works but the end result is a pritunl webgui listening on port 80 with an ingress route for https, a SERVICE load balancer that listens for VPN connections, and the ability to connect to said service load balancer over <a href=\"https:\/\/client.pritunl.com\/\">Pritunl VPN..."
                            }
                        ]
                    }
                ]
            }
        ],
        "attachments": [
            {
                "from_url": "https:\/\/www.reddit.com\/r\/Terraform\/comments\/uemxha\/i_built_an_open_source_deployment_pipeline_of\/",
                "thumb_url": "https:\/\/www.redditstatic.com\/new-icon.png",
                "thumb_width": 256,
                "thumb_height": 256,
                "service_icon": "http:\/\/www.redditstatic.com\/desktop2x\/img\/favicon\/apple-icon-57x57.png",
                "id": 1,
                "original_url": "https:\/\/www.reddit.com\/r\/Terraform\/comments\/uemxha\/i_built_an_open_source_deployment_pipeline_of\/",
                "fallback": "reddit: I built an open source deployment pipeline of Pritunl to Digital Ocean using Github Actions and Atlantis with Terraform. User-friendly, open source, VPN on Kubernetes at under $60\/month!",
                "text": "<https:\/\/github.com\/autotune\/pritunl-k8s-tf-do\/blob\/master\/README.md> is the repo. The README should answer any questions about how the pipeline...",
                "title": "I built an open source deployment pipeline of Pritunl to Digital Ocean using Github Actions and Atlantis with Terraform. User-friendly, open source, VPN on Kubernetes at under $60\/month!",
                "title_link": "https:\/\/www.reddit.com\/r\/Terraform\/comments\/uemxha\/i_built_an_open_source_deployment_pipeline_of\/",
                "service_name": "reddit"
            },
            {
                "from_url": "https:\/\/github.com\/autotune\/pritunl-k8s-tf-do\/blob\/master\/README.md",
                "image_url": "https:\/\/opengraph.githubassets.com\/02fad824bc00cb2c9a08e09c947e72528c83dac917d30d59df92d0b963348985\/autotune\/pritunl-k8s-tf-do",
                "image_width": 500,
                "image_height": 250,
                "image_bytes": 110968,
                "service_icon": "https:\/\/a.slack-edge.com\/80588\/img\/unfurl_icons\/github.png",
                "id": 2,
                "original_url": "https:\/\/github.com\/autotune\/pritunl-k8s-tf-do\/blob\/master\/README.md",
                "fallback": "GitHub: pritunl-k8s-tf-do\/README.md at master · autotune\/pritunl-k8s-tf-do",
                "text": "Contribute to autotune\/pritunl-k8s-tf-do development by creating an account on GitHub.",
                "title": "pritunl-k8s-tf-do\/README.md at master · autotune\/pritunl-k8s-tf-do",
                "title_link": "https:\/\/github.com\/autotune\/pritunl-k8s-tf-do\/blob\/master\/README.md",
                "service_name": "GitHub"
            }
        ],
        "edited": {
            "user": "BG3N7LG73",
            "ts": "1651242371.000000"
        }
    },
    {
        "type": "message",
        "subtype": "bot_message",
        "text": "<https:\/\/www.reddit.com\/r\/Terraform\/comments\/uen6y9\/unit_testing_functions\/|unit testing \"functions\">\nTerraform PMs hang out here so I figure it's not a bad place to ask: What's the story with unit testing functions? For example let's say I have a \"relatively\" complicated method chain: range(length(contains(keys(map))))  In Python the right thing to do would be to write a short and sweet unit test to confirm that this does the \"right thing.\" What should I be doing in terraform? Even if i use terraform validate or terraform console with a vars file, how can I hook into the resulting values to...",
        "ts": "1651243571.876299",
        "username": "Terraform",
        "icons": {
            "image_48": "https:\/\/s3-us-west-2.amazonaws.com\/slack-files2\/bot_icons\/2019-02-12\/548785199618_48.png"
        },
        "bot_id": "BG3N7LG73",
        "blocks": [
            {
                "type": "rich_text",
                "block_id": "GNM",
                "elements": [
                    {
                        "type": "rich_text_section",
                        "elements": [
                            {
                                "type": "link",
                                "url": "https:\/\/www.reddit.com\/r\/Terraform\/comments\/uen6y9\/unit_testing_functions\/",
                                "text": "unit testing \"functions\""
                            },
                            {
                                "type": "text",
                                "text": "\nTerraform PMs hang out here so I figure it's not a bad place to ask: What's the story with unit testing functions? For example let's say I have a \"relatively\" complicated method chain: range(length(contains(keys(map))))  In Python the right thing to do would be to write a short and sweet unit test to confirm that this does the \"right thing.\" What should I be doing in terraform? Even if i use terraform validate or terraform console with a vars file, how can I hook into the resulting values to..."
                            }
                        ]
                    }
                ]
            }
        ],
        "attachments": [
            {
                "from_url": "https:\/\/www.reddit.com\/r\/Terraform\/comments\/uen6y9\/unit_testing_functions\/",
                "thumb_url": "https:\/\/www.redditstatic.com\/new-icon.png",
                "thumb_width": 256,
                "thumb_height": 256,
                "service_icon": "http:\/\/www.redditstatic.com\/desktop2x\/img\/favicon\/apple-icon-57x57.png",
                "id": 1,
                "original_url": "https:\/\/www.reddit.com\/r\/Terraform\/comments\/uen6y9\/unit_testing_functions\/",
                "fallback": "reddit: unit testing \"functions\"",
                "text": "Terraform PMs hang out here so I figure it's not a bad place to ask: What's the story with unit testing functions? For example let's say I have...",
                "title": "unit testing \"functions\"",
                "title_link": "https:\/\/www.reddit.com\/r\/Terraform\/comments\/uen6y9\/unit_testing_functions\/",
                "service_name": "reddit"
            }
        ],
        "edited": {
            "user": "BG3N7LG73",
            "ts": "1651243572.000000"
        }
    },
    {
        "type": "message",
        "subtype": "bot_message",
        "text": "<https:\/\/www.reddit.com\/r\/Terraform\/comments\/uenv2n\/move_terraform_around_and_still_destroy\/|Move Terraform around and still destroy>\nI wasn't sure how to describe my question exactly but here we go; I use Terraform to deploy servers and applications in AWS and for our 'static' infrastructure, this is fine. However, I would also like to be able to deploy temporary servers\/ apps. Those might only be up for a day but might also be up for a month. Eventually, they would need to be destroyed but I'm wondering how I can move the Terraform files around? Unless I'm doing something wrong, pulling them in from Git and then doing a...",
        "ts": "1651245370.698559",
        "username": "Terraform",
        "icons": {
            "image_48": "https:\/\/s3-us-west-2.amazonaws.com\/slack-files2\/bot_icons\/2019-02-12\/548785199618_48.png"
        },
        "bot_id": "BG3N7LG73",
        "blocks": [
            {
                "type": "rich_text",
                "block_id": "ZYHcC",
                "elements": [
                    {
                        "type": "rich_text_section",
                        "elements": [
                            {
                                "type": "link",
                                "url": "https:\/\/www.reddit.com\/r\/Terraform\/comments\/uenv2n\/move_terraform_around_and_still_destroy\/",
                                "text": "Move Terraform around and still destroy"
                            },
                            {
                                "type": "text",
                                "text": "\nI wasn't sure how to describe my question exactly but here we go; I use Terraform to deploy servers and applications in AWS and for our 'static' infrastructure, this is fine. However, I would also like to be able to deploy temporary servers\/ apps. Those might only be up for a day but might also be up for a month. Eventually, they would need to be destroyed but I'm wondering how I can move the Terraform files around? Unless I'm doing something wrong, pulling them in from Git and then doing a..."
                            }
                        ]
                    }
                ]
            }
        ],
        "attachments": [
            {
                "from_url": "https:\/\/www.reddit.com\/r\/Terraform\/comments\/uenv2n\/move_terraform_around_and_still_destroy\/",
                "thumb_url": "https:\/\/www.redditstatic.com\/new-icon.png",
                "thumb_width": 256,
                "thumb_height": 256,
                "service_icon": "http:\/\/www.redditstatic.com\/desktop2x\/img\/favicon\/apple-icon-57x57.png",
                "id": 1,
                "original_url": "https:\/\/www.reddit.com\/r\/Terraform\/comments\/uenv2n\/move_terraform_around_and_still_destroy\/",
                "fallback": "reddit: Move Terraform around and still destroy",
                "text": "I wasn't sure how to describe my question exactly but here we go; I use Terraform to deploy servers and applications in AWS and for our 'static'...",
                "title": "Move Terraform around and still destroy",
                "title_link": "https:\/\/www.reddit.com\/r\/Terraform\/comments\/uenv2n\/move_terraform_around_and_still_destroy\/",
                "service_name": "reddit"
            }
        ],
        "edited": {
            "user": "BG3N7LG73",
            "ts": "1651245371.000000"
        }
    },
    {
        "type": "message",
        "subtype": "bot_message",
        "text": "<https:\/\/www.reddit.com\/r\/Terraform\/comments\/uf0u7j\/multiple_environments_with_terraform\/|Multiple Environments with Terraform>\nsubmitted by   <https:\/\/www.reddit.com\/user\/kennethjor| \/u\/kennethjor > \n<https:\/\/kennethjorgensen.com\/blog\/2022\/multiple-environments-with-terraform|[link]>   <https:\/\/www.reddit.com\/r\/Terraform\/comments\/uf0u7j\/multiple_environments_with_terraform\/|[comments]>",
        "ts": "1651283768.852279",
        "username": "Terraform",
        "icons": {
            "image_48": "https:\/\/s3-us-west-2.amazonaws.com\/slack-files2\/bot_icons\/2019-02-12\/548785199618_48.png"
        },
        "bot_id": "BG3N7LG73",
        "blocks": [
            {
                "type": "rich_text",
                "block_id": "mTF",
                "elements": [
                    {
                        "type": "rich_text_section",
                        "elements": [
                            {
                                "type": "link",
                                "url": "https:\/\/www.reddit.com\/r\/Terraform\/comments\/uf0u7j\/multiple_environments_with_terraform\/",
                                "text": "Multiple Environments with Terraform"
                            },
                            {
                                "type": "text",
                                "text": "\nsubmitted by   "
                            },
                            {
                                "type": "link",
                                "url": "https:\/\/www.reddit.com\/user\/kennethjor",
                                "text": "\/u\/kennethjor"
                            },
                            {
                                "type": "text",
                                "text": " \n"
                            },
                            {
                                "type": "link",
                                "url": "https:\/\/kennethjorgensen.com\/blog\/2022\/multiple-environments-with-terraform",
                                "text": "[link]"
                            },
                            {
                                "type": "text",
                                "text": "   "
                            },
                            {
                                "type": "link",
                                "url": "https:\/\/www.reddit.com\/r\/Terraform\/comments\/uf0u7j\/multiple_environments_with_terraform\/",
                                "text": "[comments]"
                            }
                        ]
                    }
                ]
            }
        ],
        "attachments": [
            {
                "from_url": "https:\/\/www.reddit.com\/r\/Terraform\/comments\/uf0u7j\/multiple_environments_with_terraform\/",
                "thumb_url": "https:\/\/www.redditstatic.com\/new-icon.png",
                "thumb_width": 256,
                "thumb_height": 256,
                "service_icon": "http:\/\/www.redditstatic.com\/desktop2x\/img\/favicon\/apple-icon-57x57.png",
                "id": 1,
                "original_url": "https:\/\/www.reddit.com\/r\/Terraform\/comments\/uf0u7j\/multiple_environments_with_terraform\/",
                "fallback": "reddit: Multiple Environments with Terraform",
                "text": "Posted in r\/Terraform by u\/kennethjor • 1 point and 1 comment",
                "title": "Multiple Environments with Terraform",
                "title_link": "https:\/\/www.reddit.com\/r\/Terraform\/comments\/uf0u7j\/multiple_environments_with_terraform\/",
                "service_name": "reddit"
            },
            {
                "from_url": "https:\/\/www.reddit.com\/user\/kennethjor",
                "service_icon": "http:\/\/www.redditstatic.com\/desktop2x\/img\/favicon\/apple-icon-57x57.png",
                "id": 2,
                "original_url": "https:\/\/www.reddit.com\/user\/kennethjor",
                "fallback": "overview for kennethjor",
                "text": "The u\/kennethjor community on Reddit. Reddit gives you the best of the internet in one place.",
                "title": "overview for kennethjor",
                "title_link": "https:\/\/www.reddit.com\/user\/kennethjor",
                "service_name": "reddit.com"
            }
        ],
        "edited": {
            "user": "BG3N7LG73",
            "ts": "1651283769.000000"
        }
    }
]