[
    {
        "type": "message",
        "subtype": "bot_message",
        "text": "<https:\/\/www.reddit.com\/r\/Terraform\/comments\/ubnzrm\/terraform_for_learning_materials_needed\/|Terraform for learning materials needed>\nsubmitted by   <https:\/\/www.reddit.com\/user\/Hungry-Competition-4| \/u\/Hungry-Competition-4 > \n<https:\/\/www.reddit.com\/r\/Terraform\/comments\/ubnzrm\/terraform_for_learning_materials_needed\/|[link]>   <https:\/\/www.reddit.com\/r\/Terraform\/comments\/ubnzrm\/terraform_for_learning_materials_needed\/|[comments]>",
        "ts": "1650902169.678199",
        "username": "Terraform",
        "icons": {
            "image_48": "https:\/\/s3-us-west-2.amazonaws.com\/slack-files2\/bot_icons\/2019-02-12\/548785199618_48.png"
        },
        "bot_id": "BG3N7LG73",
        "blocks": [
            {
                "type": "rich_text",
                "block_id": "bkJ",
                "elements": [
                    {
                        "type": "rich_text_section",
                        "elements": [
                            {
                                "type": "link",
                                "url": "https:\/\/www.reddit.com\/r\/Terraform\/comments\/ubnzrm\/terraform_for_learning_materials_needed\/",
                                "text": "Terraform for learning materials needed"
                            },
                            {
                                "type": "text",
                                "text": "\nsubmitted by   "
                            },
                            {
                                "type": "link",
                                "url": "https:\/\/www.reddit.com\/user\/Hungry-Competition-4",
                                "text": "\/u\/Hungry-Competition-4"
                            },
                            {
                                "type": "text",
                                "text": " \n"
                            },
                            {
                                "type": "link",
                                "url": "https:\/\/www.reddit.com\/r\/Terraform\/comments\/ubnzrm\/terraform_for_learning_materials_needed\/",
                                "text": "[link]"
                            },
                            {
                                "type": "text",
                                "text": "   "
                            },
                            {
                                "type": "link",
                                "url": "https:\/\/www.reddit.com\/r\/Terraform\/comments\/ubnzrm\/terraform_for_learning_materials_needed\/",
                                "text": "[comments]"
                            }
                        ]
                    }
                ]
            }
        ],
        "attachments": [
            {
                "from_url": "https:\/\/www.reddit.com\/r\/Terraform\/comments\/ubnzrm\/terraform_for_learning_materials_needed\/",
                "thumb_url": "https:\/\/www.redditstatic.com\/new-icon.png",
                "thumb_width": 256,
                "thumb_height": 256,
                "service_icon": "http:\/\/www.redditstatic.com\/desktop2x\/img\/favicon\/apple-icon-57x57.png",
                "id": 1,
                "original_url": "https:\/\/www.reddit.com\/r\/Terraform\/comments\/ubnzrm\/terraform_for_learning_materials_needed\/",
                "fallback": "reddit: Terraform for learning materials needed",
                "text": "Posted in r\/Terraform by u\/Hungry-Competition-4 • 1 point and 0 comments",
                "title": "Terraform for learning materials needed",
                "title_link": "https:\/\/www.reddit.com\/r\/Terraform\/comments\/ubnzrm\/terraform_for_learning_materials_needed\/",
                "service_name": "reddit"
            },
            {
                "from_url": "https:\/\/www.reddit.com\/user\/Hungry-Competition-4",
                "service_icon": "http:\/\/www.redditstatic.com\/desktop2x\/img\/favicon\/apple-icon-57x57.png",
                "id": 2,
                "original_url": "https:\/\/www.reddit.com\/user\/Hungry-Competition-4",
                "fallback": "overview for Hungry-Competition-4",
                "text": "The u\/Hungry-Competition-4 community on Reddit. Reddit gives you the best of the internet in one place.",
                "title": "overview for Hungry-Competition-4",
                "title_link": "https:\/\/www.reddit.com\/user\/Hungry-Competition-4",
                "service_name": "reddit.com"
            }
        ],
        "edited": {
            "user": "BG3N7LG73",
            "ts": "1650902169.000000"
        }
    },
    {
        "type": "message",
        "subtype": "bot_message",
        "text": "<https:\/\/www.reddit.com\/r\/Terraform\/comments\/ubplk5\/tips_conditional_expression_on_terraform\/|Tips: Conditional Expression on Terraform>\nsubmitted by   <https:\/\/www.reddit.com\/user\/clebinho50| \/u\/clebinho50 > \n<https:\/\/www.bitslovers.com\/terraform-conditional\/?utm_id=terraform&amp;utm_source=Reddit&amp;utm_medium=Social&amp;utm_campaign=Reddit|[link]>   <https:\/\/www.reddit.com\/r\/Terraform\/comments\/ubplk5\/tips_conditional_expression_on_terraform\/|[comments]>",
        "ts": "1650906369.217629",
        "username": "Terraform",
        "icons": {
            "image_48": "https:\/\/s3-us-west-2.amazonaws.com\/slack-files2\/bot_icons\/2019-02-12\/548785199618_48.png"
        },
        "bot_id": "BG3N7LG73",
        "blocks": [
            {
                "type": "rich_text",
                "block_id": "6vwGH",
                "elements": [
                    {
                        "type": "rich_text_section",
                        "elements": [
                            {
                                "type": "link",
                                "url": "https:\/\/www.reddit.com\/r\/Terraform\/comments\/ubplk5\/tips_conditional_expression_on_terraform\/",
                                "text": "Tips: Conditional Expression on Terraform"
                            },
                            {
                                "type": "text",
                                "text": "\nsubmitted by   "
                            },
                            {
                                "type": "link",
                                "url": "https:\/\/www.reddit.com\/user\/clebinho50",
                                "text": "\/u\/clebinho50"
                            },
                            {
                                "type": "text",
                                "text": " \n"
                            },
                            {
                                "type": "link",
                                "url": "https:\/\/www.bitslovers.com\/terraform-conditional\/?utm_id=terraform&amp;utm_source=Reddit&amp;utm_medium=Social&amp;utm_campaign=Reddit",
                                "text": "[link]"
                            },
                            {
                                "type": "text",
                                "text": "   "
                            },
                            {
                                "type": "link",
                                "url": "https:\/\/www.reddit.com\/r\/Terraform\/comments\/ubplk5\/tips_conditional_expression_on_terraform\/",
                                "text": "[comments]"
                            }
                        ]
                    }
                ]
            }
        ],
        "attachments": [
            {
                "from_url": "https:\/\/www.reddit.com\/r\/Terraform\/comments\/ubplk5\/tips_conditional_expression_on_terraform\/",
                "thumb_url": "https:\/\/a.thumbs.redditmedia.com\/fErij-Nmu4RzBM-B1n7ZfCY0_XQZs-fVVJqAg9Uu9C0.jpg",
                "thumb_width": 140,
                "thumb_height": 70,
                "service_icon": "http:\/\/www.redditstatic.com\/desktop2x\/img\/favicon\/apple-icon-57x57.png",
                "id": 1,
                "original_url": "https:\/\/www.reddit.com\/r\/Terraform\/comments\/ubplk5\/tips_conditional_expression_on_terraform\/",
                "fallback": "reddit: Tips: Conditional Expression on Terraform",
                "text": "Posted in r\/Terraform by u\/clebinho50 • 1 point and 0 comments",
                "title": "Tips: Conditional Expression on Terraform",
                "title_link": "https:\/\/www.reddit.com\/r\/Terraform\/comments\/ubplk5\/tips_conditional_expression_on_terraform\/",
                "service_name": "reddit"
            },
            {
                "from_url": "https:\/\/www.reddit.com\/user\/clebinho50",
                "service_icon": "http:\/\/www.redditstatic.com\/desktop2x\/img\/favicon\/apple-icon-57x57.png",
                "id": 2,
                "original_url": "https:\/\/www.reddit.com\/user\/clebinho50",
                "fallback": "overview for clebinho50",
                "text": "The u\/clebinho50 community on Reddit. Reddit gives you the best of the internet in one place.",
                "title": "overview for clebinho50",
                "title_link": "https:\/\/www.reddit.com\/user\/clebinho50",
                "service_name": "reddit.com"
            },
            {
                "from_url": "https:\/\/www.bitslovers.com\/terraform-conditional\/?utm_id=terraform&utm_source=Reddit&utm_medium=Social&utm_campaign=Reddit",
                "ts": 1648525160,
                "image_url": "https:\/\/www.bitslovers.com\/wp-content\/uploads\/2022\/03\/20220328_222232_0000.png",
                "image_width": 500,
                "image_height": 250,
                "image_bytes": 31852,
                "service_icon": "https:\/\/www.bitslovers.com\/wp-content\/uploads\/2021\/05\/cropped-cropped-cropped-Logo-Final-180x180.png",
                "id": 3,
                "original_url": "https:\/\/www.bitslovers.com\/terraform-conditional\/?utm_id=terraform&amp;utm_source=Reddit&amp;utm_medium=Social&amp;utm_campaign=Reddit",
                "fallback": "Bits Lovers: Terraform Conditional",
                "text": "How to create Terraform Conditional? Like if-statement? Terraform is a declarative language. So, we need to use Ternary expressions.",
                "title": "Terraform Conditional",
                "title_link": "https:\/\/www.bitslovers.com\/terraform-conditional\/?utm_id=terraform&utm_source=Reddit&utm_medium=Social&utm_campaign=Reddit",
                "service_name": "Bits Lovers",
                "fields": [
                    {
                        "value": "Bits Lovers",
                        "title": "Written by",
                        "short": true
                    },
                    {
                        "value": "5 minutes",
                        "title": "Est. reading time",
                        "short": true
                    }
                ]
            }
        ],
        "edited": {
            "user": "BG3N7LG73",
            "ts": "1650906369.000000"
        }
    },
    {
        "type": "message",
        "subtype": "bot_message",
        "text": "<https:\/\/www.reddit.com\/r\/Terraform\/comments\/ubtprd\/3_tier_application_gcp_terraform_code\/|3 tier application gcp terraform code>\nHi folks, anyone has some reference git for 3 tier application gcp terraform code.    submitted by   <https:\/\/www.reddit.com\/user\/savetheQ| \/u\/savetheQ > \n<https:\/\/www.reddit.com\/r\/Terraform\/comments\/ubtprd\/3_tier_application_gcp_terraform_code\/|[link]>   <https:\/\/www.reddit.com\/r\/Terraform\/comments\/ubtprd\/3_tier_application_gcp_terraform_code\/|[comments]>",
        "ts": "1650917170.853349",
        "username": "Terraform",
        "icons": {
            "image_48": "https:\/\/s3-us-west-2.amazonaws.com\/slack-files2\/bot_icons\/2019-02-12\/548785199618_48.png"
        },
        "bot_id": "BG3N7LG73",
        "blocks": [
            {
                "type": "rich_text",
                "block_id": "9gG1",
                "elements": [
                    {
                        "type": "rich_text_section",
                        "elements": [
                            {
                                "type": "link",
                                "url": "https:\/\/www.reddit.com\/r\/Terraform\/comments\/ubtprd\/3_tier_application_gcp_terraform_code\/",
                                "text": "3 tier application gcp terraform code"
                            },
                            {
                                "type": "text",
                                "text": "\nHi folks, anyone has some reference git for 3 tier application gcp terraform code.    submitted by   "
                            },
                            {
                                "type": "link",
                                "url": "https:\/\/www.reddit.com\/user\/savetheQ",
                                "text": "\/u\/savetheQ"
                            },
                            {
                                "type": "text",
                                "text": " \n"
                            },
                            {
                                "type": "link",
                                "url": "https:\/\/www.reddit.com\/r\/Terraform\/comments\/ubtprd\/3_tier_application_gcp_terraform_code\/",
                                "text": "[link]"
                            },
                            {
                                "type": "text",
                                "text": "   "
                            },
                            {
                                "type": "link",
                                "url": "https:\/\/www.reddit.com\/r\/Terraform\/comments\/ubtprd\/3_tier_application_gcp_terraform_code\/",
                                "text": "[comments]"
                            }
                        ]
                    }
                ]
            }
        ],
        "attachments": [
            {
                "from_url": "https:\/\/www.reddit.com\/r\/Terraform\/comments\/ubtprd\/3_tier_application_gcp_terraform_code\/",
                "thumb_url": "https:\/\/www.redditstatic.com\/new-icon.png",
                "thumb_width": 256,
                "thumb_height": 256,
                "service_icon": "http:\/\/www.redditstatic.com\/desktop2x\/img\/favicon\/apple-icon-57x57.png",
                "id": 1,
                "original_url": "https:\/\/www.reddit.com\/r\/Terraform\/comments\/ubtprd\/3_tier_application_gcp_terraform_code\/",
                "fallback": "reddit: 3 tier application gcp terraform code",
                "text": "Hi folks, anyone has some reference git for 3 tier application gcp terraform code.",
                "title": "3 tier application gcp terraform code",
                "title_link": "https:\/\/www.reddit.com\/r\/Terraform\/comments\/ubtprd\/3_tier_application_gcp_terraform_code\/",
                "service_name": "reddit"
            },
            {
                "from_url": "https:\/\/www.reddit.com\/user\/savetheQ",
                "service_icon": "http:\/\/www.redditstatic.com\/desktop2x\/img\/favicon\/apple-icon-57x57.png",
                "id": 2,
                "original_url": "https:\/\/www.reddit.com\/user\/savetheQ",
                "fallback": "overview for savetheQ",
                "text": "The u\/savetheQ community on Reddit. Reddit gives you the best of the internet in one place.",
                "title": "overview for savetheQ",
                "title_link": "https:\/\/www.reddit.com\/user\/savetheQ",
                "service_name": "reddit.com"
            }
        ],
        "edited": {
            "user": "BG3N7LG73",
            "ts": "1650917171.000000"
        }
    },
    {
        "type": "message",
        "subtype": "bot_message",
        "text": "<https:\/\/www.reddit.com\/r\/Terraform\/comments\/ubuhja\/have_terraform_creat_tf_var_enviornment_variable\/|Have terraform creat TF_VAR enviornment variable from Variable>\nTerraform‘s lets you set variables in your code by creating an environment variable prefixed with TF_VAR_variableName, is there a way to do the inverse? Can terraform CREATE the TF_VAR environment variable FROM the variables in your code?    submitted by   <https:\/\/www.reddit.com\/user\/tetrafx| \/u\/tetrafx > \n<https:\/\/www.reddit.com\/r\/Terraform\/comments\/ubuhja\/have_terraform_creat_tf_var_enviornment_variable\/|[link]>   &lt;a...",
        "ts": "1650918971.656629",
        "username": "Terraform",
        "icons": {
            "image_48": "https:\/\/s3-us-west-2.amazonaws.com\/slack-files2\/bot_icons\/2019-02-12\/548785199618_48.png"
        },
        "bot_id": "BG3N7LG73",
        "blocks": [
            {
                "type": "rich_text",
                "block_id": "IS3iO",
                "elements": [
                    {
                        "type": "rich_text_section",
                        "elements": [
                            {
                                "type": "link",
                                "url": "https:\/\/www.reddit.com\/r\/Terraform\/comments\/ubuhja\/have_terraform_creat_tf_var_enviornment_variable\/",
                                "text": "Have terraform creat TF_VAR enviornment variable from Variable"
                            },
                            {
                                "type": "text",
                                "text": "\nTerraform‘s lets you set variables in your code by creating an environment variable prefixed with TF_VAR_variableName, is there a way to do the inverse? Can terraform CREATE the TF_VAR environment variable FROM the variables in your code?    submitted by   "
                            },
                            {
                                "type": "link",
                                "url": "https:\/\/www.reddit.com\/user\/tetrafx",
                                "text": "\/u\/tetrafx"
                            },
                            {
                                "type": "text",
                                "text": " \n"
                            },
                            {
                                "type": "link",
                                "url": "https:\/\/www.reddit.com\/r\/Terraform\/comments\/ubuhja\/have_terraform_creat_tf_var_enviornment_variable\/",
                                "text": "[link]"
                            },
                            {
                                "type": "text",
                                "text": "   <a..."
                            }
                        ]
                    }
                ]
            }
        ],
        "attachments": [
            {
                "from_url": "https:\/\/www.reddit.com\/r\/Terraform\/comments\/ubuhja\/have_terraform_creat_tf_var_enviornment_variable\/",
                "thumb_url": "https:\/\/www.redditstatic.com\/new-icon.png",
                "thumb_width": 256,
                "thumb_height": 256,
                "service_icon": "http:\/\/www.redditstatic.com\/desktop2x\/img\/favicon\/apple-icon-57x57.png",
                "id": 1,
                "original_url": "https:\/\/www.reddit.com\/r\/Terraform\/comments\/ubuhja\/have_terraform_creat_tf_var_enviornment_variable\/",
                "fallback": "reddit: Have terraform creat TF_VAR enviornment variable from Variable",
                "text": "Terraform‘s lets you set variables in your code by creating an environment variable prefixed with TF_VAR_variableName, is there a way to do the...",
                "title": "Have terraform creat TF_VAR enviornment variable from Variable",
                "title_link": "https:\/\/www.reddit.com\/r\/Terraform\/comments\/ubuhja\/have_terraform_creat_tf_var_enviornment_variable\/",
                "service_name": "reddit"
            },
            {
                "from_url": "https:\/\/www.reddit.com\/user\/tetrafx",
                "service_icon": "http:\/\/www.redditstatic.com\/desktop2x\/img\/favicon\/apple-icon-57x57.png",
                "id": 2,
                "original_url": "https:\/\/www.reddit.com\/user\/tetrafx",
                "fallback": "reddit.com: over 18?",
                "text": "Reddit gives you the best of the internet in one place. Get a constantly updating feed of breaking news, fun stories, pics, memes, and videos just for you. Passionate about something niche? Reddit has thousands of vibrant communities with people that share your interests. Alternatively, find out what’s trending across all of Reddit on r\/popular. Reddit is also anonymous so you can be yourself, with your Reddit profile and persona disconnected from your real-world identity.",
                "title": "reddit.com: over 18?",
                "title_link": "https:\/\/www.reddit.com\/user\/tetrafx",
                "service_name": "reddit.com"
            }
        ],
        "edited": {
            "user": "BG3N7LG73",
            "ts": "1650918972.000000"
        }
    },
    {
        "type": "message",
        "subtype": "bot_message",
        "text": "<https:\/\/www.reddit.com\/r\/Terraform\/comments\/ubvi5l\/add_a_user_and_a_group_in_an_iam_gcp_resource\/|Add a user and a group in an IAM GCP resource?>\nHello! I'm trying to add a group and an user as members of an IAM role (more specifically, the roles\/datacatalog.tagTemplateUser ). I tried witht the following configuration: resource \"google_project_iam_member\" \"myresource\" {\nproject = \"mygcp-project\"\nrole = \"roles\/datacatalog.tagTemplateUser\"\nmembers = [\n\"user:user1@mydomain.com.br\",\n\"group:group1@mydomain.com.br\"\n]\n} However, it is not working. I receive the following error message: \" An argument named \"members\" is not expected here. Did...",
        "ts": "1650921371.292859",
        "username": "Terraform",
        "icons": {
            "image_48": "https:\/\/s3-us-west-2.amazonaws.com\/slack-files2\/bot_icons\/2019-02-12\/548785199618_48.png"
        },
        "bot_id": "BG3N7LG73",
        "blocks": [
            {
                "type": "rich_text",
                "block_id": "\/KFJ2",
                "elements": [
                    {
                        "type": "rich_text_section",
                        "elements": [
                            {
                                "type": "link",
                                "url": "https:\/\/www.reddit.com\/r\/Terraform\/comments\/ubvi5l\/add_a_user_and_a_group_in_an_iam_gcp_resource\/",
                                "text": "Add a user and a group in an IAM GCP resource?"
                            },
                            {
                                "type": "text",
                                "text": "\nHello! I'm trying to add a group and an user as members of an IAM role (more specifically, the roles\/datacatalog.tagTemplateUser ). I tried witht the following configuration: resource \"google_project_iam_member\" \"myresource\" {\nproject = \"mygcp-project\"\nrole = \"roles\/datacatalog.tagTemplateUser\"\nmembers = [\n\"user:user1@mydomain.com.br\",\n\"group:group1@mydomain.com.br\"\n]\n} However, it is not working. I receive the following error message: \" An argument named \"members\" is not expected here. Did..."
                            }
                        ]
                    }
                ]
            }
        ],
        "attachments": [
            {
                "from_url": "https:\/\/www.reddit.com\/r\/Terraform\/comments\/ubvi5l\/add_a_user_and_a_group_in_an_iam_gcp_resource\/",
                "thumb_url": "https:\/\/www.redditstatic.com\/new-icon.png",
                "thumb_width": 256,
                "thumb_height": 256,
                "service_icon": "http:\/\/www.redditstatic.com\/desktop2x\/img\/favicon\/apple-icon-57x57.png",
                "id": 1,
                "original_url": "https:\/\/www.reddit.com\/r\/Terraform\/comments\/ubvi5l\/add_a_user_and_a_group_in_an_iam_gcp_resource\/",
                "fallback": "reddit: Add a user and a group in an IAM GCP resource?",
                "text": "Hello! I'm trying to add a group and an user as members of an IAM role (more specifically, the roles\/datacatalog.tagTemplateUser ). I tried...",
                "title": "Add a user and a group in an IAM GCP resource?",
                "title_link": "https:\/\/www.reddit.com\/r\/Terraform\/comments\/ubvi5l\/add_a_user_and_a_group_in_an_iam_gcp_resource\/",
                "service_name": "reddit"
            }
        ],
        "edited": {
            "user": "BG3N7LG73",
            "ts": "1650921371.000000"
        }
    }
]