[
    {
        "type": "message",
        "subtype": "bot_message",
        "text": "<https:\/\/www.reddit.com\/r\/Terraform\/comments\/ud2taz\/assign_app_service_stack_with_terraform\/|Assign app service 'Stack' with terraform>\nThis may just be a limitation of the current Azure Terraform provider, but has anyone figured out how to assign the 'Stack' under Configuration\/General Settings\/Stack Settings to '.NET 6(LTS)' via Terraform? (Azure app service - windows)    submitted by   <https:\/\/www.reddit.com\/user\/rabbitdaddy81| \/u\/rabbitdaddy81 > \n<https:\/\/www.reddit.com\/r\/Terraform\/comments\/ud2taz\/assign_app_service_stack_with_terraform\/|[link]>   &lt;a...",
        "ts": "1651064172.854979",
        "username": "Terraform",
        "icons": {
            "image_48": "https:\/\/s3-us-west-2.amazonaws.com\/slack-files2\/bot_icons\/2019-02-12\/548785199618_48.png"
        },
        "bot_id": "BG3N7LG73",
        "blocks": [
            {
                "type": "rich_text",
                "block_id": "xtR",
                "elements": [
                    {
                        "type": "rich_text_section",
                        "elements": [
                            {
                                "type": "link",
                                "url": "https:\/\/www.reddit.com\/r\/Terraform\/comments\/ud2taz\/assign_app_service_stack_with_terraform\/",
                                "text": "Assign app service 'Stack' with terraform"
                            },
                            {
                                "type": "text",
                                "text": "\nThis may just be a limitation of the current Azure Terraform provider, but has anyone figured out how to assign the 'Stack' under Configuration\/General Settings\/Stack Settings to '.NET 6(LTS)' via Terraform? (Azure app service - windows)    submitted by   "
                            },
                            {
                                "type": "link",
                                "url": "https:\/\/www.reddit.com\/user\/rabbitdaddy81",
                                "text": "\/u\/rabbitdaddy81"
                            },
                            {
                                "type": "text",
                                "text": " \n"
                            },
                            {
                                "type": "link",
                                "url": "https:\/\/www.reddit.com\/r\/Terraform\/comments\/ud2taz\/assign_app_service_stack_with_terraform\/",
                                "text": "[link]"
                            },
                            {
                                "type": "text",
                                "text": "   <a..."
                            }
                        ]
                    }
                ]
            }
        ],
        "attachments": [
            {
                "from_url": "https:\/\/www.reddit.com\/r\/Terraform\/comments\/ud2taz\/assign_app_service_stack_with_terraform\/",
                "thumb_url": "https:\/\/www.redditstatic.com\/new-icon.png",
                "thumb_width": 256,
                "thumb_height": 256,
                "service_icon": "http:\/\/www.redditstatic.com\/desktop2x\/img\/favicon\/apple-icon-57x57.png",
                "id": 1,
                "original_url": "https:\/\/www.reddit.com\/r\/Terraform\/comments\/ud2taz\/assign_app_service_stack_with_terraform\/",
                "fallback": "reddit: Assign app service 'Stack' with terraform",
                "text": "This may just be a limitation of the current Azure Terraform provider, but has anyone figured out how to assign the 'Stack' under...",
                "title": "Assign app service 'Stack' with terraform",
                "title_link": "https:\/\/www.reddit.com\/r\/Terraform\/comments\/ud2taz\/assign_app_service_stack_with_terraform\/",
                "service_name": "reddit"
            },
            {
                "from_url": "https:\/\/www.reddit.com\/user\/rabbitdaddy81",
                "service_icon": "http:\/\/www.redditstatic.com\/desktop2x\/img\/favicon\/apple-icon-57x57.png",
                "id": 2,
                "original_url": "https:\/\/www.reddit.com\/user\/rabbitdaddy81",
                "fallback": "overview for rabbitdaddy81",
                "text": "The u\/rabbitdaddy81 community on Reddit. Reddit gives you the best of the internet in one place.",
                "title": "overview for rabbitdaddy81",
                "title_link": "https:\/\/www.reddit.com\/user\/rabbitdaddy81",
                "service_name": "reddit.com"
            }
        ],
        "edited": {
            "user": "BG3N7LG73",
            "ts": "1651064173.000000"
        }
    },
    {
        "type": "message",
        "subtype": "bot_message",
        "text": "<https:\/\/www.reddit.com\/r\/Terraform\/comments\/ud4nf6\/tpi_terraform_provider_for_mlai_selfrecovering\/|TPI - Terraform provider for ML\/AI &amp; self-recovering spot-instances>\nHey all, we've created TPI - Terraform Provider Iterative. This is our 1st provider and I'd love to hear your feedback!\n<https:\/\/github.com\/iterative\/terraform-provider-iterative|https:\/\/github.com\/iterative\/terraform-provider-iterative>  TPI was designed for machine learning (ML\/AI) projects and it optimizes CPU\/GPU expenses:\n 1. Spot instances auto-recovery (if an instance was evicted\/terminated) with data and checkpoint synchronization\n 2. Auto-terminate instances when ML...",
        "ts": "1651070169.693239",
        "username": "Terraform",
        "icons": {
            "image_48": "https:\/\/s3-us-west-2.amazonaws.com\/slack-files2\/bot_icons\/2019-02-12\/548785199618_48.png"
        },
        "bot_id": "BG3N7LG73",
        "blocks": [
            {
                "type": "rich_text",
                "block_id": "f7hz",
                "elements": [
                    {
                        "type": "rich_text_section",
                        "elements": [
                            {
                                "type": "link",
                                "url": "https:\/\/www.reddit.com\/r\/Terraform\/comments\/ud4nf6\/tpi_terraform_provider_for_mlai_selfrecovering\/",
                                "text": "TPI - Terraform provider for ML\/AI & self-recovering spot-instances"
                            },
                            {
                                "type": "text",
                                "text": "\nHey all, we've created TPI - Terraform Provider Iterative. This is our 1st provider and I'd love to hear your feedback!\n"
                            },
                            {
                                "type": "link",
                                "url": "https:\/\/github.com\/iterative\/terraform-provider-iterative"
                            },
                            {
                                "type": "text",
                                "text": "  TPI was designed for machine learning (ML\/AI) projects and it optimizes CPU\/GPU expenses:\n 1. Spot instances auto-recovery (if an instance was evicted\/terminated) with data and checkpoint synchronization\n 2. Auto-terminate instances when ML..."
                            }
                        ]
                    }
                ]
            }
        ],
        "attachments": [
            {
                "from_url": "https:\/\/www.reddit.com\/r\/Terraform\/comments\/ud4nf6\/tpi_terraform_provider_for_mlai_selfrecovering\/",
                "thumb_url": "https:\/\/www.redditstatic.com\/new-icon.png",
                "thumb_width": 256,
                "thumb_height": 256,
                "service_icon": "http:\/\/www.redditstatic.com\/desktop2x\/img\/favicon\/apple-icon-57x57.png",
                "id": 1,
                "original_url": "https:\/\/www.reddit.com\/r\/Terraform\/comments\/ud4nf6\/tpi_terraform_provider_for_mlai_selfrecovering\/",
                "fallback": "reddit: TPI - Terraform provider for ML\/AI &amp; self-recovering spot-instances",
                "text": "Hey all, we've created TPI - Terraform Provider Iterative. This is our 1st provider and I'd love to hear your feedback! ...",
                "title": "TPI - Terraform provider for ML\/AI &amp; self-recovering spot-instances",
                "title_link": "https:\/\/www.reddit.com\/r\/Terraform\/comments\/ud4nf6\/tpi_terraform_provider_for_mlai_selfrecovering\/",
                "service_name": "reddit"
            },
            {
                "from_url": "https:\/\/github.com\/iterative\/terraform-provider-iterative",
                "image_url": "https:\/\/opengraph.githubassets.com\/644ac10b8cc4a73adb6ab8cc6017b392a719f565807ea66f04495ffa87552111\/iterative\/terraform-provider-iterative",
                "image_width": 500,
                "image_height": 250,
                "image_bytes": 88019,
                "service_icon": "https:\/\/a.slack-edge.com\/80588\/img\/unfurl_icons\/github.png",
                "id": 2,
                "original_url": "https:\/\/github.com\/iterative\/terraform-provider-iterative",
                "fallback": "GitHub: GitHub - iterative\/terraform-provider-iterative: :cloud: Terraform plugin for machine learning workloads: spot instance recovery &amp; auto-termination | AWS, GCP, Azure, Kubernetes",
                "text": ":cloud: Terraform plugin for machine learning workloads: spot instance recovery &amp; auto-termination | AWS, GCP, Azure, Kubernetes - GitHub - iterative\/terraform-provider-iterative: :cloud: Terraform plugi...",
                "title": "GitHub - iterative\/terraform-provider-iterative: :cloud: Terraform plugin for machine learning workloads: spot instance recovery &amp; auto-termination | AWS, GCP, Azure, Kubernetes",
                "title_link": "https:\/\/github.com\/iterative\/terraform-provider-iterative",
                "service_name": "GitHub"
            }
        ],
        "edited": {
            "user": "BG3N7LG73",
            "ts": "1651070169.000000"
        }
    },
    {
        "type": "message",
        "subtype": "bot_message",
        "text": "<https:\/\/www.reddit.com\/r\/Terraform\/comments\/ud8lau\/new_to_terraform_need_help_using_dynamic_blocks\/|New to Terraform- need help using dynamic blocks with for_each>\nHi all, Is it possible to create an IAM role for multiple accounts using terraforms dynamic block? I need to create 1 iamrole and deploy it across multiple accounts. Any help is greatly appreciated. Thank you variable \"account_ids\" {\ntype = list(number)\ndescription = \"list of account ids\"\ndefault = [8200232326, 8201232323,83002323, 920023232, 9500232323]\n } resource \"aws_iam_role\" \"iamroleforaccounts\" {\nname = \"iam-role-name\"\ndescription = \"iamrole to create for each account\"\n dynamic...",
        "ts": "1651080372.331109",
        "username": "Terraform",
        "icons": {
            "image_48": "https:\/\/s3-us-west-2.amazonaws.com\/slack-files2\/bot_icons\/2019-02-12\/548785199618_48.png"
        },
        "bot_id": "BG3N7LG73",
        "blocks": [
            {
                "type": "rich_text",
                "block_id": "ApSMQ",
                "elements": [
                    {
                        "type": "rich_text_section",
                        "elements": [
                            {
                                "type": "link",
                                "url": "https:\/\/www.reddit.com\/r\/Terraform\/comments\/ud8lau\/new_to_terraform_need_help_using_dynamic_blocks\/",
                                "text": "New to Terraform- need help using dynamic blocks with for_each"
                            },
                            {
                                "type": "text",
                                "text": "\nHi all, Is it possible to create an IAM role for multiple accounts using terraforms dynamic block? I need to create 1 iamrole and deploy it across multiple accounts. Any help is greatly appreciated. Thank you variable \"account_ids\" {\ntype = list(number)\ndescription = \"list of account ids\"\ndefault = [8200232326, 8201232323,83002323, 920023232, 9500232323]\n } resource \"aws_iam_role\" \"iamroleforaccounts\" {\nname = \"iam-role-name\"\ndescription = \"iamrole to create for each account\"\n dynamic..."
                            }
                        ]
                    }
                ]
            }
        ],
        "attachments": [
            {
                "from_url": "https:\/\/www.reddit.com\/r\/Terraform\/comments\/ud8lau\/new_to_terraform_need_help_using_dynamic_blocks\/",
                "thumb_url": "https:\/\/www.redditstatic.com\/new-icon.png",
                "thumb_width": 256,
                "thumb_height": 256,
                "service_icon": "http:\/\/www.redditstatic.com\/desktop2x\/img\/favicon\/apple-icon-57x57.png",
                "id": 1,
                "original_url": "https:\/\/www.reddit.com\/r\/Terraform\/comments\/ud8lau\/new_to_terraform_need_help_using_dynamic_blocks\/",
                "fallback": "reddit: New to Terraform- need help using dynamic blocks with for_each",
                "text": "Hi all, Is it possible to create an IAM role for multiple accounts using terraforms dynamic block? I need to create 1 iamrole and deploy it...",
                "title": "New to Terraform- need help using dynamic blocks with for_each",
                "title_link": "https:\/\/www.reddit.com\/r\/Terraform\/comments\/ud8lau\/new_to_terraform_need_help_using_dynamic_blocks\/",
                "service_name": "reddit"
            }
        ],
        "edited": {
            "user": "BG3N7LG73",
            "ts": "1651080372.000000"
        }
    },
    {
        "type": "message",
        "subtype": "bot_message",
        "text": "<https:\/\/www.reddit.com\/r\/Terraform\/comments\/udbo3r\/help_iterating_through_a_maplistobject\/|Help iterating through a 'map(list(object))'>\nI need some assistance trying to dynamically iterate through a 'map(list(object))' variable and I can't figure out how to \"filter out\" the nested values I need. I have this variable: variable \"my_network\" { type = map( list( object( { name = string, cidr = string, } ) ) ) }  This has been working fine since both values always contain a value (i.e. not empty). I now want to extend the functionality to allow cases where those two may arrive empty so I need to drop that into a dynamic block with...",
        "ts": "1651088170.938899",
        "username": "Terraform",
        "icons": {
            "image_48": "https:\/\/s3-us-west-2.amazonaws.com\/slack-files2\/bot_icons\/2019-02-12\/548785199618_48.png"
        },
        "bot_id": "BG3N7LG73",
        "blocks": [
            {
                "type": "rich_text",
                "block_id": "\/PNwZ",
                "elements": [
                    {
                        "type": "rich_text_section",
                        "elements": [
                            {
                                "type": "link",
                                "url": "https:\/\/www.reddit.com\/r\/Terraform\/comments\/udbo3r\/help_iterating_through_a_maplistobject\/",
                                "text": "Help iterating through a 'map(list(object))'"
                            },
                            {
                                "type": "text",
                                "text": "\nI need some assistance trying to dynamically iterate through a 'map(list(object))' variable and I can't figure out how to \"filter out\" the nested values I need. I have this variable: variable \"my_network\" { type = map( list( object( { name = string, cidr = string, } ) ) ) }  This has been working fine since both values always contain a value (i.e. not empty). I now want to extend the functionality to allow cases where those two may arrive empty so I need to drop that into a dynamic block with..."
                            }
                        ]
                    }
                ]
            }
        ],
        "attachments": [
            {
                "from_url": "https:\/\/www.reddit.com\/r\/Terraform\/comments\/udbo3r\/help_iterating_through_a_maplistobject\/",
                "thumb_url": "https:\/\/www.redditstatic.com\/new-icon.png",
                "thumb_width": 256,
                "thumb_height": 256,
                "service_icon": "http:\/\/www.redditstatic.com\/desktop2x\/img\/favicon\/apple-icon-57x57.png",
                "id": 1,
                "original_url": "https:\/\/www.reddit.com\/r\/Terraform\/comments\/udbo3r\/help_iterating_through_a_maplistobject\/",
                "fallback": "reddit: Help iterating through a 'map(list(object))'",
                "text": "I need some assistance trying to dynamically iterate through a 'map(list(object))' variable and I can't figure out how to \"filter out\" the nested...",
                "title": "Help iterating through a 'map(list(object))'",
                "title_link": "https:\/\/www.reddit.com\/r\/Terraform\/comments\/udbo3r\/help_iterating_through_a_maplistobject\/",
                "service_name": "reddit"
            }
        ],
        "edited": {
            "user": "BG3N7LG73",
            "ts": "1651088171.000000"
        }
    },
    {
        "type": "message",
        "subtype": "bot_message",
        "text": "<https:\/\/www.reddit.com\/r\/Terraform\/comments\/udcfxq\/flaky_user_data_on_aws_ec2_with_an_asg_behind_an\/|Flaky user_data on AWS EC2 with an ASG behind an ALB>\nI am having an issue with confusing user_data behavior in an EC2 auto-scaling group behind an ALB. This is a toy, non-production setup. My user_data init script simply tries to install Node.js on the instance and serve a static page, as a health check. When I detach and respawn the instances in the ASG, I consistently find that one of the instances can complete the init script and start serving the health check. The others all fail (verified in cloud-init-output.log). I added a ping to Google...",
        "ts": "1651089972.421959",
        "username": "Terraform",
        "icons": {
            "image_48": "https:\/\/s3-us-west-2.amazonaws.com\/slack-files2\/bot_icons\/2019-02-12\/548785199618_48.png"
        },
        "bot_id": "BG3N7LG73",
        "blocks": [
            {
                "type": "rich_text",
                "block_id": "j8+mA",
                "elements": [
                    {
                        "type": "rich_text_section",
                        "elements": [
                            {
                                "type": "link",
                                "url": "https:\/\/www.reddit.com\/r\/Terraform\/comments\/udcfxq\/flaky_user_data_on_aws_ec2_with_an_asg_behind_an\/",
                                "text": "Flaky user_data on AWS EC2 with an ASG behind an ALB"
                            },
                            {
                                "type": "text",
                                "text": "\nI am having an issue with confusing user_data behavior in an EC2 auto-scaling group behind an ALB. This is a toy, non-production setup. My user_data init script simply tries to install Node.js on the instance and serve a static page, as a health check. When I detach and respawn the instances in the ASG, I consistently find that one of the instances can complete the init script and start serving the health check. The others all fail (verified in cloud-init-output.log). I added a ping to Google..."
                            }
                        ]
                    }
                ]
            }
        ],
        "attachments": [
            {
                "from_url": "https:\/\/www.reddit.com\/r\/Terraform\/comments\/udcfxq\/flaky_user_data_on_aws_ec2_with_an_asg_behind_an\/",
                "thumb_url": "https:\/\/www.redditstatic.com\/new-icon.png",
                "thumb_width": 256,
                "thumb_height": 256,
                "service_icon": "http:\/\/www.redditstatic.com\/desktop2x\/img\/favicon\/apple-icon-57x57.png",
                "id": 1,
                "original_url": "https:\/\/www.reddit.com\/r\/Terraform\/comments\/udcfxq\/flaky_user_data_on_aws_ec2_with_an_asg_behind_an\/",
                "fallback": "reddit: Flaky user_data on AWS EC2 with an ASG behind an ALB",
                "text": "I am having an issue with confusing user_data behavior in an EC2 auto-scaling group behind an ALB. This is a toy, non-production setup. My...",
                "title": "Flaky user_data on AWS EC2 with an ASG behind an ALB",
                "title_link": "https:\/\/www.reddit.com\/r\/Terraform\/comments\/udcfxq\/flaky_user_data_on_aws_ec2_with_an_asg_behind_an\/",
                "service_name": "reddit"
            }
        ],
        "edited": {
            "user": "BG3N7LG73",
            "ts": "1651089972.000000"
        }
    },
    {
        "type": "message",
        "subtype": "bot_message",
        "text": "<https:\/\/www.reddit.com\/r\/Terraform\/comments\/udd3fs\/how_to_create_a_aws_secret_rotator_using\/|How to create a aws secret rotator using terraform aws provider>\nAs par hashicorp hashicorp aws <https:\/\/registry.terraform.io\/providers\/hashicorp\/aws\/latest\/docs\/resources\/secretsmanager_secret_rotation#rotation_lambda_arn|provider>, rotation_lambda_arn is a required field. ​ However, AWS UI shows the option to which creates a rotator lambda on your behalf and uses it. I don't see any such option in the terraform provider. Am I missing anything? Is this a missing feature or bug in the terraform provider?  &lt;a...",
        "ts": "1651092370.131009",
        "username": "Terraform",
        "icons": {
            "image_48": "https:\/\/s3-us-west-2.amazonaws.com\/slack-files2\/bot_icons\/2019-02-12\/548785199618_48.png"
        },
        "bot_id": "BG3N7LG73",
        "blocks": [
            {
                "type": "rich_text",
                "block_id": "R3i",
                "elements": [
                    {
                        "type": "rich_text_section",
                        "elements": [
                            {
                                "type": "link",
                                "url": "https:\/\/www.reddit.com\/r\/Terraform\/comments\/udd3fs\/how_to_create_a_aws_secret_rotator_using\/",
                                "text": "How to create a aws secret rotator using terraform aws provider"
                            },
                            {
                                "type": "text",
                                "text": "\nAs par hashicorp hashicorp aws "
                            },
                            {
                                "type": "link",
                                "url": "https:\/\/registry.terraform.io\/providers\/hashicorp\/aws\/latest\/docs\/resources\/secretsmanager_secret_rotation#rotation_lambda_arn",
                                "text": "provider"
                            },
                            {
                                "type": "text",
                                "text": ", rotation_lambda_arn is a required field. ​ However, AWS UI shows the option to which creates a rotator lambda on your behalf and uses it. I don't see any such option in the terraform provider. Am I missing anything? Is this a missing feature or bug in the terraform provider?  <a..."
                            }
                        ]
                    }
                ]
            }
        ],
        "attachments": [
            {
                "from_url": "https:\/\/www.reddit.com\/r\/Terraform\/comments\/udd3fs\/how_to_create_a_aws_secret_rotator_using\/",
                "thumb_url": "https:\/\/external-preview.redd.it\/9m3pujf4t4w81.png?overlay-align=bottom,left&crop=803:420.418848168,smart&overlay-height=15p&overlay=%2Fwatermark%2Ft5_2u8e4.png%3Fs%3Dbfb326ca8735739e33a60abaf9a7c73bcb4a2134&width=803&height=420.418848168&auto=webp&s=11295fbeed72db9b9e56f566c9dac798d343e18b",
                "thumb_width": 130,
                "thumb_height": 60,
                "service_icon": "http:\/\/www.redditstatic.com\/desktop2x\/img\/favicon\/apple-icon-57x57.png",
                "id": 1,
                "original_url": "https:\/\/www.reddit.com\/r\/Terraform\/comments\/udd3fs\/how_to_create_a_aws_secret_rotator_using\/",
                "fallback": "reddit: How to create a aws secret rotator using terraform aws provider",
                "text": "Posted in r\/Terraform by u\/ForeignCabinet2916 • 1 point and 0 comments",
                "title": "How to create a aws secret rotator using terraform aws provider",
                "title_link": "https:\/\/www.reddit.com\/r\/Terraform\/comments\/udd3fs\/how_to_create_a_aws_secret_rotator_using\/",
                "service_name": "reddit"
            }
        ],
        "edited": {
            "user": "BG3N7LG73",
            "ts": "1651092370.000000"
        }
    },
    {
        "type": "message",
        "subtype": "bot_message",
        "text": "<https:\/\/www.reddit.com\/r\/Terraform\/comments\/uddgep\/self_service_portal_terraform\/|Self service portal Terraform>\nHi all, Does anyone have any examples or experience creating the following? I'm a sysadmin and I want to build a self service portal. When developer visits site, fills out form for desired server build. Based on the form information and approval, virtual machine will auto create on vCenter. Thanks for your time!    submitted by   <https:\/\/www.reddit.com\/user\/duy711| \/u\/duy711 > \n<https:\/\/www.reddit.com\/r\/Terraform\/comments\/uddgep\/self_service_portal_terraform\/|[link]>...",
        "ts": "1651092972.717439",
        "username": "Terraform",
        "icons": {
            "image_48": "https:\/\/s3-us-west-2.amazonaws.com\/slack-files2\/bot_icons\/2019-02-12\/548785199618_48.png"
        },
        "bot_id": "BG3N7LG73",
        "blocks": [
            {
                "type": "rich_text",
                "block_id": "KLh",
                "elements": [
                    {
                        "type": "rich_text_section",
                        "elements": [
                            {
                                "type": "link",
                                "url": "https:\/\/www.reddit.com\/r\/Terraform\/comments\/uddgep\/self_service_portal_terraform\/",
                                "text": "Self service portal Terraform"
                            },
                            {
                                "type": "text",
                                "text": "\nHi all, Does anyone have any examples or experience creating the following? I'm a sysadmin and I want to build a self service portal. When developer visits site, fills out form for desired server build. Based on the form information and approval, virtual machine will auto create on vCenter. Thanks for your time!    submitted by   "
                            },
                            {
                                "type": "link",
                                "url": "https:\/\/www.reddit.com\/user\/duy711",
                                "text": "\/u\/duy711"
                            },
                            {
                                "type": "text",
                                "text": " \n"
                            },
                            {
                                "type": "link",
                                "url": "https:\/\/www.reddit.com\/r\/Terraform\/comments\/uddgep\/self_service_portal_terraform\/",
                                "text": "[link]"
                            },
                            {
                                "type": "text",
                                "text": "..."
                            }
                        ]
                    }
                ]
            }
        ],
        "attachments": [
            {
                "from_url": "https:\/\/www.reddit.com\/r\/Terraform\/comments\/uddgep\/self_service_portal_terraform\/",
                "thumb_url": "https:\/\/www.redditstatic.com\/new-icon.png",
                "thumb_width": 256,
                "thumb_height": 256,
                "service_icon": "http:\/\/www.redditstatic.com\/desktop2x\/img\/favicon\/apple-icon-57x57.png",
                "id": 1,
                "original_url": "https:\/\/www.reddit.com\/r\/Terraform\/comments\/uddgep\/self_service_portal_terraform\/",
                "fallback": "reddit: Self service portal Terraform",
                "text": "Hi all, Does anyone have any examples or experience creating the following? I'm a sysadmin and I want to build a self service portal. When...",
                "title": "Self service portal Terraform",
                "title_link": "https:\/\/www.reddit.com\/r\/Terraform\/comments\/uddgep\/self_service_portal_terraform\/",
                "service_name": "reddit"
            },
            {
                "from_url": "https:\/\/www.reddit.com\/user\/duy711",
                "service_icon": "http:\/\/www.redditstatic.com\/desktop2x\/img\/favicon\/apple-icon-57x57.png",
                "id": 2,
                "original_url": "https:\/\/www.reddit.com\/user\/duy711",
                "fallback": "overview for duy711",
                "text": "The u\/duy711 community on Reddit. Reddit gives you the best of the internet in one place.",
                "title": "overview for duy711",
                "title_link": "https:\/\/www.reddit.com\/user\/duy711",
                "service_name": "reddit.com"
            }
        ],
        "edited": {
            "user": "BG3N7LG73",
            "ts": "1651092973.000000"
        }
    },
    {
        "type": "message",
        "subtype": "bot_message",
        "text": "<https:\/\/www.reddit.com\/r\/Terraform\/comments\/udhnfg\/terraform_project_for_beginners\/|Terraform project for beginners>\nA beginners friendly project to learn Terraform  <https:\/\/blog.jagan-sekaran.me\/terraform-project-for-beginners|hashnode>  <https:\/\/github.com\/JAG-010\/terraform-practice-project|github>    submitted by   <https:\/\/www.reddit.com\/user\/jagannn| \/u\/jagannn > \n<https:\/\/www.reddit.com\/r\/Terraform\/comments\/udhnfg\/terraform_project_for_beginners\/|[link]>   &lt;a...",
        "ts": "1651104371.147699",
        "username": "Terraform",
        "icons": {
            "image_48": "https:\/\/s3-us-west-2.amazonaws.com\/slack-files2\/bot_icons\/2019-02-12\/548785199618_48.png"
        },
        "bot_id": "BG3N7LG73",
        "blocks": [
            {
                "type": "rich_text",
                "block_id": "K7Mox",
                "elements": [
                    {
                        "type": "rich_text_section",
                        "elements": [
                            {
                                "type": "link",
                                "url": "https:\/\/www.reddit.com\/r\/Terraform\/comments\/udhnfg\/terraform_project_for_beginners\/",
                                "text": "Terraform project for beginners"
                            },
                            {
                                "type": "text",
                                "text": "\nA beginners friendly project to learn Terraform  "
                            },
                            {
                                "type": "link",
                                "url": "https:\/\/blog.jagan-sekaran.me\/terraform-project-for-beginners",
                                "text": "hashnode"
                            },
                            {
                                "type": "text",
                                "text": "  "
                            },
                            {
                                "type": "link",
                                "url": "https:\/\/github.com\/JAG-010\/terraform-practice-project",
                                "text": "github"
                            },
                            {
                                "type": "text",
                                "text": "    submitted by   "
                            },
                            {
                                "type": "link",
                                "url": "https:\/\/www.reddit.com\/user\/jagannn",
                                "text": "\/u\/jagannn"
                            },
                            {
                                "type": "text",
                                "text": " \n"
                            },
                            {
                                "type": "link",
                                "url": "https:\/\/www.reddit.com\/r\/Terraform\/comments\/udhnfg\/terraform_project_for_beginners\/",
                                "text": "[link]"
                            },
                            {
                                "type": "text",
                                "text": "   <a..."
                            }
                        ]
                    }
                ]
            }
        ],
        "attachments": [
            {
                "from_url": "https:\/\/www.reddit.com\/r\/Terraform\/comments\/udhnfg\/terraform_project_for_beginners\/",
                "thumb_url": "https:\/\/www.redditstatic.com\/new-icon.png",
                "thumb_width": 256,
                "thumb_height": 256,
                "service_icon": "http:\/\/www.redditstatic.com\/desktop2x\/img\/favicon\/apple-icon-57x57.png",
                "id": 1,
                "original_url": "https:\/\/www.reddit.com\/r\/Terraform\/comments\/udhnfg\/terraform_project_for_beginners\/",
                "fallback": "reddit: Terraform project for beginners",
                "text": "A beginners friendly project to learn Terraform [hashnode](<https:\/\/blog.jagan-sekaran.me\/terraform-project-for-beginners>)...",
                "title": "Terraform project for beginners",
                "title_link": "https:\/\/www.reddit.com\/r\/Terraform\/comments\/udhnfg\/terraform_project_for_beginners\/",
                "service_name": "reddit"
            },
            {
                "from_url": "https:\/\/blog.jagan-sekaran.me\/terraform-project-for-beginners",
                "image_url": "https:\/\/hashnode.com\/utility\/r?url=https%3A%2F%2Fcdn.hashnode.com%2Fres%2Fhashnode%2Fimage%2Fupload%2Fv1651007068115%2FKFJL0LUna.png%3Fw%3D1200%26h%3D630%26fit%3Dcrop%26crop%3Dentropy%26auto%3Dcompress%2Cformat%26format%3Dwebp%26fm%3Dpng",
                "image_width": 476,
                "image_height": 250,
                "image_bytes": 51072,
                "service_icon": "https:\/\/cdn.hashnode.com\/res\/hashnode\/image\/upload\/v1611242155728\/W3_BYVVVh.png",
                "id": 2,
                "original_url": "https:\/\/blog.jagan-sekaran.me\/terraform-project-for-beginners",
                "fallback": "JAG's Blog: Terraform project for beginners",
                "text": "Learn Terraform by performing this small project",
                "title": "Terraform project for beginners",
                "title_link": "https:\/\/blog.jagan-sekaran.me\/terraform-project-for-beginners",
                "service_name": "JAG's Blog"
            },
            {
                "from_url": "https:\/\/github.com\/JAG-010\/terraform-practice-project",
                "image_url": "https:\/\/opengraph.githubassets.com\/478a6326b80fc7a8eb910ea43d98cde2f2e76b00477fc1ed4fe83177afa735f8\/JAG-010\/terraform-practice-project",
                "image_width": 500,
                "image_height": 250,
                "image_bytes": 98750,
                "service_icon": "https:\/\/a.slack-edge.com\/80588\/img\/unfurl_icons\/github.png",
                "id": 3,
                "original_url": "https:\/\/github.com\/JAG-010\/terraform-practice-project",
                "fallback": "GitHub: GitHub - JAG-010\/terraform-practice-project: Learn Terraform with these projects",
                "text": "Learn Terraform with these projects. Contribute to JAG-010\/terraform-practice-project development by creating an account on GitHub.",
                "title": "GitHub - JAG-010\/terraform-practice-project: Learn Terraform with these projects",
                "title_link": "https:\/\/github.com\/JAG-010\/terraform-practice-project",
                "service_name": "GitHub"
            },
            {
                "from_url": "https:\/\/www.reddit.com\/user\/jagannn",
                "service_icon": "http:\/\/www.redditstatic.com\/desktop2x\/img\/favicon\/apple-icon-57x57.png",
                "id": 4,
                "original_url": "https:\/\/www.reddit.com\/user\/jagannn",
                "fallback": "overview for jagannn",
                "text": "The u\/jagannn community on Reddit. Reddit gives you the best of the internet in one place.",
                "title": "overview for jagannn",
                "title_link": "https:\/\/www.reddit.com\/user\/jagannn",
                "service_name": "reddit.com"
            }
        ],
        "edited": {
            "user": "BG3N7LG73",
            "ts": "1651104371.000000"
        }
    }
]