[
    {
        "type": "message",
        "subtype": "bot_message",
        "text": "<https:\/\/www.reddit.com\/r\/Terraform\/comments\/tvys7w\/get_value_0_form_for_each_loop\/|Get value 0 form for_each loop.>\nHello, I need help how can I get first value of for_each loop and use this value in other resource. So I have code to create some users: resource \"user\" \"user\" { for_each = { for x, user in var.users : x =&gt; user } user_name = each.value[0] display_name = each.value[1] password = each.value[2] force_password_change = true }  And I need to get first valule of loop (or value 0) and use it in other resource. resource \"get_first_user\" \"user\" { user = \"Here I need get first value of loop\" }  Is...",
        "ts": "1649069771.580119",
        "username": "Terraform",
        "icons": {
            "image_48": "https:\/\/s3-us-west-2.amazonaws.com\/slack-files2\/bot_icons\/2019-02-12\/548785199618_48.png"
        },
        "bot_id": "BG3N7LG73",
        "blocks": [
            {
                "type": "rich_text",
                "block_id": "yNPr",
                "elements": [
                    {
                        "type": "rich_text_section",
                        "elements": [
                            {
                                "type": "link",
                                "url": "https:\/\/www.reddit.com\/r\/Terraform\/comments\/tvys7w\/get_value_0_form_for_each_loop\/",
                                "text": "Get value 0 form for_each loop."
                            },
                            {
                                "type": "text",
                                "text": "\nHello, I need help how can I get first value of for_each loop and use this value in other resource. So I have code to create some users: resource \"user\" \"user\" { for_each = { for x, user in var.users : x => user } user_name = each.value[0] display_name = each.value[1] password = each.value[2] force_password_change = true }  And I need to get first valule of loop (or value 0) and use it in other resource. resource \"get_first_user\" \"user\" { user = \"Here I need get first value of loop\" }  Is..."
                            }
                        ]
                    }
                ]
            }
        ],
        "attachments": [
            {
                "from_url": "https:\/\/www.reddit.com\/r\/Terraform\/comments\/tvys7w\/get_value_0_form_for_each_loop\/",
                "thumb_url": "https:\/\/www.redditstatic.com\/new-icon.png",
                "thumb_width": 256,
                "thumb_height": 256,
                "service_icon": "http:\/\/www.redditstatic.com\/desktop2x\/img\/favicon\/apple-icon-57x57.png",
                "id": 1,
                "original_url": "https:\/\/www.reddit.com\/r\/Terraform\/comments\/tvys7w\/get_value_0_form_for_each_loop\/",
                "fallback": "reddit: Get value 0 form for_each loop.",
                "text": "Hello,Ineed help how can I geti first value of for\\_each loop and use this value in other resource. So I have code to create some users: ...",
                "title": "Get value 0 form for_each loop.",
                "title_link": "https:\/\/www.reddit.com\/r\/Terraform\/comments\/tvys7w\/get_value_0_form_for_each_loop\/",
                "service_name": "reddit"
            }
        ],
        "edited": {
            "user": "BG3N7LG73",
            "ts": "1649069771.000000"
        }
    },
    {
        "type": "message",
        "subtype": "bot_message",
        "text": "<https:\/\/www.reddit.com\/r\/Terraform\/comments\/tw2gp0\/default_tags_in_aws_provider\/|Default Tags in AWS Provider>\nHi, I added default_tags to the provider resource. This approach worked well for all resources created through Terraform except for LEX. I am using Lex Version 1. Can somebody please explain why this doesn't work?    submitted by   <https:\/\/www.reddit.com\/user\/svelamoor| \/u\/svelamoor > \n<https:\/\/www.reddit.com\/r\/Terraform\/comments\/tw2gp0\/default_tags_in_aws_provider\/|[link]>   &lt;a...",
        "ts": "1649080571.210479",
        "username": "Terraform",
        "icons": {
            "image_48": "https:\/\/s3-us-west-2.amazonaws.com\/slack-files2\/bot_icons\/2019-02-12\/548785199618_48.png"
        },
        "bot_id": "BG3N7LG73",
        "blocks": [
            {
                "type": "rich_text",
                "block_id": "UF75",
                "elements": [
                    {
                        "type": "rich_text_section",
                        "elements": [
                            {
                                "type": "link",
                                "url": "https:\/\/www.reddit.com\/r\/Terraform\/comments\/tw2gp0\/default_tags_in_aws_provider\/",
                                "text": "Default Tags in AWS Provider"
                            },
                            {
                                "type": "text",
                                "text": "\nHi, I added default_tags to the provider resource. This approach worked well for all resources created through Terraform except for LEX. I am using Lex Version 1. Can somebody please explain why this doesn't work?    submitted by   "
                            },
                            {
                                "type": "link",
                                "url": "https:\/\/www.reddit.com\/user\/svelamoor",
                                "text": "\/u\/svelamoor"
                            },
                            {
                                "type": "text",
                                "text": " \n"
                            },
                            {
                                "type": "link",
                                "url": "https:\/\/www.reddit.com\/r\/Terraform\/comments\/tw2gp0\/default_tags_in_aws_provider\/",
                                "text": "[link]"
                            },
                            {
                                "type": "text",
                                "text": "   <a..."
                            }
                        ]
                    }
                ]
            }
        ],
        "attachments": [
            {
                "from_url": "https:\/\/www.reddit.com\/r\/Terraform\/comments\/tw2gp0\/default_tags_in_aws_provider\/",
                "thumb_url": "https:\/\/www.redditstatic.com\/new-icon.png",
                "thumb_width": 256,
                "thumb_height": 256,
                "service_icon": "http:\/\/www.redditstatic.com\/desktop2x\/img\/favicon\/apple-icon-57x57.png",
                "id": 1,
                "original_url": "https:\/\/www.reddit.com\/r\/Terraform\/comments\/tw2gp0\/default_tags_in_aws_provider\/",
                "fallback": "reddit: Default Tags in AWS Provider",
                "text": "Hi, I added default\\_tags to the provider resource. This approach worked well for all resources created through Terraform except for LEX. I am...",
                "title": "Default Tags in AWS Provider",
                "title_link": "https:\/\/www.reddit.com\/r\/Terraform\/comments\/tw2gp0\/default_tags_in_aws_provider\/",
                "service_name": "reddit"
            },
            {
                "from_url": "https:\/\/www.reddit.com\/user\/svelamoor",
                "service_icon": "http:\/\/www.redditstatic.com\/desktop2x\/img\/favicon\/apple-icon-57x57.png",
                "id": 2,
                "original_url": "https:\/\/www.reddit.com\/user\/svelamoor",
                "fallback": "overview for svelamoor",
                "text": "The u\/svelamoor community on Reddit. Reddit gives you the best of the internet in one place.",
                "title": "overview for svelamoor",
                "title_link": "https:\/\/www.reddit.com\/user\/svelamoor",
                "service_name": "reddit.com"
            }
        ],
        "edited": {
            "user": "BG3N7LG73",
            "ts": "1649080571.000000"
        }
    },
    {
        "type": "message",
        "subtype": "bot_message",
        "text": "<https:\/\/www.reddit.com\/r\/Terraform\/comments\/tw3rt0\/chicken_and_egg_problem_when_trying_to_create\/|Chicken and Egg problem when trying to create lambda\/ECR with terraform>\nHi All I'm very new to terraform. I am trying to provision an environment with a lambda that pulls from a docker image in ECR. Here is my current terraform code. resource \"aws_ecr_repository\" \"test-ecr-repo\" {\nname = \"${var.app_image}\"\nimage_tag_mutability = \"IMMUTABLE\"\nimage_scanning_configuration {\nscan_on_push = true\n}\n}  resource \"aws_lambda_function\" \"terraform_lambda_func\" {\npackage_type = \"Image\"\nimage_uri = \"${aws_ecr_repository.test-ecr-repo.repository_url}\"\nfunction_name =...",
        "ts": "1649084770.018879",
        "username": "Terraform",
        "icons": {
            "image_48": "https:\/\/s3-us-west-2.amazonaws.com\/slack-files2\/bot_icons\/2019-02-12\/548785199618_48.png"
        },
        "bot_id": "BG3N7LG73",
        "blocks": [
            {
                "type": "rich_text",
                "block_id": "QzCE9",
                "elements": [
                    {
                        "type": "rich_text_section",
                        "elements": [
                            {
                                "type": "link",
                                "url": "https:\/\/www.reddit.com\/r\/Terraform\/comments\/tw3rt0\/chicken_and_egg_problem_when_trying_to_create\/",
                                "text": "Chicken and Egg problem when trying to create lambda\/ECR with terraform"
                            },
                            {
                                "type": "text",
                                "text": "\nHi All I'm very new to terraform. I am trying to provision an environment with a lambda that pulls from a docker image in ECR. Here is my current terraform code. resource \"aws_ecr_repository\" \"test-ecr-repo\" {\nname = \"${var.app_image}\"\nimage_tag_mutability = \"IMMUTABLE\"\nimage_scanning_configuration {\nscan_on_push = true\n}\n}  resource \"aws_lambda_function\" \"terraform_lambda_func\" {\npackage_type = \"Image\"\nimage_uri = \"${aws_ecr_repository.test-ecr-repo.repository_url}\"\nfunction_name =..."
                            }
                        ]
                    }
                ]
            }
        ],
        "attachments": [
            {
                "from_url": "https:\/\/www.reddit.com\/r\/Terraform\/comments\/tw3rt0\/chicken_and_egg_problem_when_trying_to_create\/",
                "thumb_url": "https:\/\/www.redditstatic.com\/new-icon.png",
                "thumb_width": 256,
                "thumb_height": 256,
                "service_icon": "http:\/\/www.redditstatic.com\/desktop2x\/img\/favicon\/apple-icon-57x57.png",
                "id": 1,
                "original_url": "https:\/\/www.reddit.com\/r\/Terraform\/comments\/tw3rt0\/chicken_and_egg_problem_when_trying_to_create\/",
                "fallback": "reddit: Chicken and Egg problem when trying to create lambda\/ECR with terraform",
                "text": "Hi All I'm very new to terraform. I am trying to provision an environment with a lambda that pulls from a docker image in ECR. Here is my...",
                "title": "Chicken and Egg problem when trying to create lambda\/ECR with terraform",
                "title_link": "https:\/\/www.reddit.com\/r\/Terraform\/comments\/tw3rt0\/chicken_and_egg_problem_when_trying_to_create\/",
                "service_name": "reddit"
            }
        ],
        "edited": {
            "user": "BG3N7LG73",
            "ts": "1649084770.000000"
        }
    },
    {
        "type": "message",
        "subtype": "bot_message",
        "text": "<https:\/\/www.reddit.com\/r\/Terraform\/comments\/tw4gul\/deploying_a_multi_vm_test_environment_multiple\/|deploying a multi VM test environment multiple times>\nHey there every one. I'm still sorta neweb &amp; a pleb with terraform so looking for direction or where I can find the info on how to go about this. What I'm trying to bring up looks like this 7 different VM's times X ( this can change depending on what is needed) I know I can utilize the count option &amp; add each VM as a different resource option but doing this will probably cause the SAN to bomb out &amp; was wondering is there a way to do this VM by VM. Sry if the way this is worded isn't well...",
        "ts": "1649085369.779069",
        "username": "Terraform",
        "icons": {
            "image_48": "https:\/\/s3-us-west-2.amazonaws.com\/slack-files2\/bot_icons\/2019-02-12\/548785199618_48.png"
        },
        "bot_id": "BG3N7LG73",
        "blocks": [
            {
                "type": "rich_text",
                "block_id": "JEgz",
                "elements": [
                    {
                        "type": "rich_text_section",
                        "elements": [
                            {
                                "type": "link",
                                "url": "https:\/\/www.reddit.com\/r\/Terraform\/comments\/tw4gul\/deploying_a_multi_vm_test_environment_multiple\/",
                                "text": "deploying a multi VM test environment multiple times"
                            },
                            {
                                "type": "text",
                                "text": "\nHey there every one. I'm still sorta neweb & a pleb with terraform so looking for direction or where I can find the info on how to go about this. What I'm trying to bring up looks like this 7 different VM's times X ( this can change depending on what is needed) I know I can utilize the count option & add each VM as a different resource option but doing this will probably cause the SAN to bomb out & was wondering is there a way to do this VM by VM. Sry if the way this is worded isn't well..."
                            }
                        ]
                    }
                ]
            }
        ],
        "attachments": [
            {
                "from_url": "https:\/\/www.reddit.com\/r\/Terraform\/comments\/tw4gul\/deploying_a_multi_vm_test_environment_multiple\/",
                "thumb_url": "https:\/\/www.redditstatic.com\/new-icon.png",
                "thumb_width": 256,
                "thumb_height": 256,
                "service_icon": "http:\/\/www.redditstatic.com\/desktop2x\/img\/favicon\/apple-icon-57x57.png",
                "id": 1,
                "original_url": "https:\/\/www.reddit.com\/r\/Terraform\/comments\/tw4gul\/deploying_a_multi_vm_test_environment_multiple\/",
                "fallback": "reddit: deploying a multi VM test environment multiple times",
                "text": "Hey there every one. I'm still sorta neweb &amp; a pleb with terraform so looking for direction or where I can find the info on how to go about this....",
                "title": "deploying a multi VM test environment multiple times",
                "title_link": "https:\/\/www.reddit.com\/r\/Terraform\/comments\/tw4gul\/deploying_a_multi_vm_test_environment_multiple\/",
                "service_name": "reddit"
            }
        ],
        "edited": {
            "user": "BG3N7LG73",
            "ts": "1649085370.000000"
        }
    },
    {
        "type": "message",
        "subtype": "bot_message",
        "text": "<https:\/\/www.reddit.com\/r\/Terraform\/comments\/tw4wt5\/how_to_pull_team_token_stored_in_gcp_secret\/|How to pull team token stored in GCP secret manager?>\nHello there, We have the terraform cloud team token stored on the GCP secret manager. How can I pull it from .tf to authenticate to terraform cloud? The main reason is that we have to often regenerate new team tokens. This would break CI\/CD pipelines. So we're thinking of pushing them to GCP secret manager. Then our team can just pull the secret to executing their .tf files. How can I use that secret every time so I don't have to change the value of the variable? Any suggestion is...",
        "ts": "1649087771.949699",
        "username": "Terraform",
        "icons": {
            "image_48": "https:\/\/s3-us-west-2.amazonaws.com\/slack-files2\/bot_icons\/2019-02-12\/548785199618_48.png"
        },
        "bot_id": "BG3N7LG73",
        "blocks": [
            {
                "type": "rich_text",
                "block_id": "P9e",
                "elements": [
                    {
                        "type": "rich_text_section",
                        "elements": [
                            {
                                "type": "link",
                                "url": "https:\/\/www.reddit.com\/r\/Terraform\/comments\/tw4wt5\/how_to_pull_team_token_stored_in_gcp_secret\/",
                                "text": "How to pull team token stored in GCP secret manager?"
                            },
                            {
                                "type": "text",
                                "text": "\nHello there, We have the terraform cloud team token stored on the GCP secret manager. How can I pull it from .tf to authenticate to terraform cloud? The main reason is that we have to often regenerate new team tokens. This would break CI\/CD pipelines. So we're thinking of pushing them to GCP secret manager. Then our team can just pull the secret to executing their .tf files. How can I use that secret every time so I don't have to change the value of the variable? Any suggestion is..."
                            }
                        ]
                    }
                ]
            }
        ],
        "attachments": [
            {
                "from_url": "https:\/\/www.reddit.com\/r\/Terraform\/comments\/tw4wt5\/how_to_pull_team_token_stored_in_gcp_secret\/",
                "thumb_url": "https:\/\/www.redditstatic.com\/new-icon.png",
                "thumb_width": 256,
                "thumb_height": 256,
                "service_icon": "http:\/\/www.redditstatic.com\/desktop2x\/img\/favicon\/apple-icon-57x57.png",
                "id": 1,
                "original_url": "https:\/\/www.reddit.com\/r\/Terraform\/comments\/tw4wt5\/how_to_pull_team_token_stored_in_gcp_secret\/",
                "fallback": "reddit: How to pull team token stored in GCP secret manager?",
                "text": "Hello there, We have the terraform cloud team token stored on the GCP secret manager. How can I pull it from .tf to authenticate to terraform...",
                "title": "How to pull team token stored in GCP secret manager?",
                "title_link": "https:\/\/www.reddit.com\/r\/Terraform\/comments\/tw4wt5\/how_to_pull_team_token_stored_in_gcp_secret\/",
                "service_name": "reddit"
            }
        ],
        "edited": {
            "user": "BG3N7LG73",
            "ts": "1649087772.000000"
        }
    },
    {
        "type": "message",
        "subtype": "bot_message",
        "text": "<https:\/\/www.reddit.com\/r\/Terraform\/comments\/tw8kkr\/emulating_rds_permissions_with_terraform\/|Emulating RDS Permissions with Terraform>\nWorks on my machine! I recently locked myself out of an RDS instance after applying a Terraform plan. Sharing some insights on keeping your local development in lock-step with RDS to avoid costly mistakes like this. <https:\/\/engineering.hardfin.com\/2022\/04\/emulate-rds-permissions\/|https:\/\/engineering.hardfin.com\/2022\/04\/emulate-rds-permissions\/>    submitted by   <https:\/\/www.reddit.com\/user\/danhermes| \/u\/danhermes > \n&lt;a...",
        "ts": "1649095571.338129",
        "username": "Terraform",
        "icons": {
            "image_48": "https:\/\/s3-us-west-2.amazonaws.com\/slack-files2\/bot_icons\/2019-02-12\/548785199618_48.png"
        },
        "bot_id": "BG3N7LG73",
        "blocks": [
            {
                "type": "rich_text",
                "block_id": "PujF",
                "elements": [
                    {
                        "type": "rich_text_section",
                        "elements": [
                            {
                                "type": "link",
                                "url": "https:\/\/www.reddit.com\/r\/Terraform\/comments\/tw8kkr\/emulating_rds_permissions_with_terraform\/",
                                "text": "Emulating RDS Permissions with Terraform"
                            },
                            {
                                "type": "text",
                                "text": "\nWorks on my machine! I recently locked myself out of an RDS instance after applying a Terraform plan. Sharing some insights on keeping your local development in lock-step with RDS to avoid costly mistakes like this. "
                            },
                            {
                                "type": "link",
                                "url": "https:\/\/engineering.hardfin.com\/2022\/04\/emulate-rds-permissions\/"
                            },
                            {
                                "type": "text",
                                "text": "    submitted by   "
                            },
                            {
                                "type": "link",
                                "url": "https:\/\/www.reddit.com\/user\/danhermes",
                                "text": "\/u\/danhermes"
                            },
                            {
                                "type": "text",
                                "text": " \n<a..."
                            }
                        ]
                    }
                ]
            }
        ],
        "attachments": [
            {
                "from_url": "https:\/\/www.reddit.com\/r\/Terraform\/comments\/tw8kkr\/emulating_rds_permissions_with_terraform\/",
                "thumb_url": "https:\/\/www.redditstatic.com\/new-icon.png",
                "thumb_width": 256,
                "thumb_height": 256,
                "service_icon": "http:\/\/www.redditstatic.com\/desktop2x\/img\/favicon\/apple-icon-57x57.png",
                "id": 1,
                "original_url": "https:\/\/www.reddit.com\/r\/Terraform\/comments\/tw8kkr\/emulating_rds_permissions_with_terraform\/",
                "fallback": "reddit: Emulating RDS Permissions with Terraform",
                "text": "Works on my machine! I recently locked myself out of an RDS instance after applying a Terraform plan. Sharing some insights on keeping your local...",
                "title": "Emulating RDS Permissions with Terraform",
                "title_link": "https:\/\/www.reddit.com\/r\/Terraform\/comments\/tw8kkr\/emulating_rds_permissions_with_terraform\/",
                "service_name": "reddit"
            },
            {
                "from_url": "https:\/\/engineering.hardfin.com\/2022\/04\/emulate-rds-permissions\/",
                "ts": 1649030400,
                "service_icon": "https:\/\/engineering.hardfin.com\/images\/favicon.png",
                "id": 2,
                "original_url": "https:\/\/engineering.hardfin.com\/2022\/04\/emulate-rds-permissions\/",
                "fallback": "Hardfin Engineering: Emulating RDS Permissions with Terraform | Hardfin Engineering",
                "text": "At Hardfin, we use AWS RDS for managed PostgreSQL instances to simplify our infrastructure and focus on product. For the most part, RDS is “just PostgreSQL” and acts like the PostgreSQL instances that we run on our development machines. Unfortunately, it differs in a few key ways — and that opens the door for dreaded “it works on my machine” issues. We recently encountered a surprising error in RDS, which we couldn’t replicate in our local development setup.",
                "title": "Emulating RDS Permissions with Terraform | Hardfin Engineering",
                "title_link": "https:\/\/engineering.hardfin.com\/2022\/04\/emulate-rds-permissions\/",
                "service_name": "Hardfin Engineering"
            },
            {
                "from_url": "https:\/\/www.reddit.com\/user\/danhermes",
                "service_icon": "http:\/\/www.redditstatic.com\/desktop2x\/img\/favicon\/apple-icon-57x57.png",
                "id": 3,
                "original_url": "https:\/\/www.reddit.com\/user\/danhermes",
                "fallback": "overview for danhermes",
                "text": "<https:\/\/blog.bossylobster.com\/about-me>.",
                "title": "overview for danhermes",
                "title_link": "https:\/\/www.reddit.com\/user\/danhermes",
                "service_name": "reddit.com"
            }
        ],
        "edited": {
            "user": "BG3N7LG73",
            "ts": "1649095571.000000"
        }
    },
    {
        "type": "message",
        "subtype": "bot_message",
        "text": "<https:\/\/qiita.com\/suin\/items\/b7f00421afc252d111e5|TypeScriptとTerraform、CDK、CDK for Terraformの関係性についての整理>\nTerraform、CDK、CDK for Terraformの3つの特徴を整理するためのメモです。間違っていたら教えて下さい。\n\nIaCとは\n\nIaC(Infrastructure as Code)は、インフラをコードで定義するアプローチ全般を指す言葉\n従来:\n\n構成や手順は文書で定義\n文書を参照し、手動で構築\n\n\nIaC:\n\nプログラミング言語やドメイン特化言語(DSL)で構成や手順を定義\n自動で構築\n\n\n\n\nTerraformとは\n\nIaCを実現するインフラ構成ツール\nHCLという宣言型のドメイン特化言語でインフラを定義できる\nAWS、Azure、GCPをはじめ様々な1,000を超えるプラットフォームに対応している\n競合: Pulumi\n\n\nTerraformのサンプルコード\nterraform {\n  required_providers {\n    aws = {\n      source  = \"hashicorp\/aws\"\n      version = \"~&gt; 3.27\"\n    }\n  }\n\n  required_version = \"&gt;= 0.14.9\"\n}...",
        "ts": "1649120183.192059",
        "username": "Terraformタグが付けられた新着記事 - Qiita",
        "icons": {
            "image_36": "https:\/\/a.slack-edge.com\/80588\/img\/services\/rss_36.png",
            "image_48": "https:\/\/a.slack-edge.com\/80588\/img\/services\/rss_48.png",
            "image_72": "https:\/\/a.slack-edge.com\/80588\/img\/services\/rss_72.png"
        },
        "bot_id": "BG3N7LG73",
        "blocks": [
            {
                "type": "rich_text",
                "block_id": "4U+Q",
                "elements": [
                    {
                        "type": "rich_text_section",
                        "elements": [
                            {
                                "type": "link",
                                "url": "https:\/\/qiita.com\/suin\/items\/b7f00421afc252d111e5",
                                "text": "TypeScriptとTerraform、CDK、CDK for Terraformの関係性についての整理"
                            },
                            {
                                "type": "text",
                                "text": "\nTerraform、CDK、CDK for Terraformの3つの特徴を整理するためのメモです。間違っていたら教えて下さい。\n\nIaCとは\n\nIaC(Infrastructure as Code)は、インフラをコードで定義するアプローチ全般を指す言葉\n従来:\n\n構成や手順は文書で定義\n文書を参照し、手動で構築\n\n\n\nIaC:\n\nプログラミング言語やドメイン特化言語(DSL)で構成や手順を定義\n自動で構築\n\n\n\n\n\n\n\nTerraformとは\n\nIaCを実現するインフラ構成ツール\nHCLという宣言型のドメイン特化言語でインフラを定義できる\nAWS、Azure、GCPをはじめ様々な1,000を超えるプラットフォームに対応している\n競合: Pulumi\n\n\n\nTerraformのサンプルコード\nterraform {\n  required_providers {\n    aws = {\n      source  = \"hashicorp\/aws\"\n      version = \"~> 3.27\"\n    }\n  }\n\n  required_version = \">= 0.14.9\"\n}..."
                            }
                        ]
                    }
                ]
            }
        ]
    }
]