[
    {
        "type": "message",
        "subtype": "bot_message",
        "text": "<https:\/\/www.reddit.com\/r\/Terraform\/comments\/u11m4u\/terraform_provider_cache\/|Terraform Provider Cache>\nA few weeks ago <https:\/\/www.reddit.com\/u\/jasonwbarnett|\/u\/jasonwbarnett> posted his <https:\/\/github.com\/jasonwbarnett\/terraform-registry-proxy|Terraform Registry Proxy> project. I thought this was pretty cool so I decided to go down a similar path strictly using Nginx. I documented with a blog post here: <https:\/\/www.terrateam.io\/blog\/posts\/terraform-registry-cache\/|https:\/\/www.terrateam.io\/blog\/posts\/terraform-registry-cache\/> Hashicorp offers the...",
        "ts": "1649661369.131019",
        "username": "Terraform",
        "icons": {
            "image_48": "https:\/\/s3-us-west-2.amazonaws.com\/slack-files2\/bot_icons\/2019-02-12\/548785199618_48.png"
        },
        "bot_id": "BG3N7LG73",
        "blocks": [
            {
                "type": "rich_text",
                "block_id": "P6FiL",
                "elements": [
                    {
                        "type": "rich_text_section",
                        "elements": [
                            {
                                "type": "link",
                                "url": "https:\/\/www.reddit.com\/r\/Terraform\/comments\/u11m4u\/terraform_provider_cache\/",
                                "text": "Terraform Provider Cache"
                            },
                            {
                                "type": "text",
                                "text": "\nA few weeks ago "
                            },
                            {
                                "type": "link",
                                "url": "https:\/\/www.reddit.com\/u\/jasonwbarnett",
                                "text": "\/u\/jasonwbarnett"
                            },
                            {
                                "type": "text",
                                "text": " posted his "
                            },
                            {
                                "type": "link",
                                "url": "https:\/\/github.com\/jasonwbarnett\/terraform-registry-proxy",
                                "text": "Terraform Registry Proxy"
                            },
                            {
                                "type": "text",
                                "text": " project. I thought this was pretty cool so I decided to go down a similar path strictly using Nginx. I documented with a blog post here: "
                            },
                            {
                                "type": "link",
                                "url": "https:\/\/www.terrateam.io\/blog\/posts\/terraform-registry-cache\/"
                            },
                            {
                                "type": "text",
                                "text": " Hashicorp offers the..."
                            }
                        ]
                    }
                ]
            }
        ],
        "attachments": [
            {
                "from_url": "https:\/\/www.reddit.com\/r\/Terraform\/comments\/u11m4u\/terraform_provider_cache\/",
                "thumb_url": "https:\/\/www.redditstatic.com\/new-icon.png",
                "thumb_width": 256,
                "thumb_height": 256,
                "service_icon": "http:\/\/www.redditstatic.com\/desktop2x\/img\/favicon\/apple-icon-57x57.png",
                "id": 1,
                "original_url": "https:\/\/www.reddit.com\/r\/Terraform\/comments\/u11m4u\/terraform_provider_cache\/",
                "fallback": "reddit: Terraform Provider Cache",
                "text": "A few weeks ago \/u\/jasonwbarnett posted his [Terraform Registry Proxy](<https:\/\/github.com\/jasonwbarnett\/terraform-registry-proxy>) project. I...",
                "title": "Terraform Provider Cache",
                "title_link": "https:\/\/www.reddit.com\/r\/Terraform\/comments\/u11m4u\/terraform_provider_cache\/",
                "service_name": "reddit"
            },
            {
                "from_url": "https:\/\/www.reddit.com\/u\/jasonwbarnett",
                "service_icon": "http:\/\/www.redditstatic.com\/desktop2x\/img\/favicon\/apple-icon-57x57.png",
                "id": 2,
                "original_url": "https:\/\/www.reddit.com\/u\/jasonwbarnett",
                "fallback": "overview for jasonwbarnett",
                "text": "The u\/jasonwbarnett community on Reddit. Reddit gives you the best of the internet in one place.",
                "title": "overview for jasonwbarnett",
                "title_link": "https:\/\/www.reddit.com\/u\/jasonwbarnett",
                "service_name": "reddit.com"
            },
            {
                "from_url": "https:\/\/github.com\/jasonwbarnett\/terraform-registry-proxy",
                "image_url": "https:\/\/opengraph.githubassets.com\/0a4cd2c976554d606e3522977f1709f1034f20ba588bba62bec8cb0cf1c4395c\/jasonwbarnett\/terraform-registry-proxy",
                "image_width": 500,
                "image_height": 250,
                "image_bytes": 114879,
                "service_icon": "https:\/\/a.slack-edge.com\/80588\/img\/unfurl_icons\/github.png",
                "id": 3,
                "original_url": "https:\/\/github.com\/jasonwbarnett\/terraform-registry-proxy",
                "fallback": "GitHub: GitHub - jasonwbarnett\/terraform-registry-proxy",
                "text": "Contribute to jasonwbarnett\/terraform-registry-proxy development by creating an account on GitHub.",
                "title": "GitHub - jasonwbarnett\/terraform-registry-proxy",
                "title_link": "https:\/\/github.com\/jasonwbarnett\/terraform-registry-proxy",
                "service_name": "GitHub"
            },
            {
                "from_url": "https:\/\/www.terrateam.io\/blog\/posts\/terraform-registry-cache\/",
                "ts": 1649376000,
                "service_icon": "https:\/\/www.terrateam.io\/blog\/favicon\/apple-touch-icon.png",
                "id": 4,
                "original_url": "https:\/\/www.terrateam.io\/blog\/posts\/terraform-registry-cache\/",
                "fallback": "Terrateam Blog: Terrateam Blog | Terraform Registry Cache",
                "text": "I recently came across an r\/terraform post about a GitHub project called terraform-registry-proxy. This inspired me to create a similar project strictly using Nginx. (Thanks u\/jasonwbarnett!) What is a Terraform Registry Cache? By default, Terraform will pull down provider artifacts from <https:\/\/releases.hashicorp.com>. For the typical user this behavior is acceptable. For environments that are air gapped or require a local caching server, we can do better. How does this work exactly?",
                "title": "Terrateam Blog | Terraform Registry Cache",
                "title_link": "https:\/\/www.terrateam.io\/blog\/posts\/terraform-registry-cache\/",
                "service_name": "Terrateam Blog"
            }
        ],
        "edited": {
            "user": "BG3N7LG73",
            "ts": "1649661369.000000"
        }
    },
    {
        "type": "message",
        "subtype": "bot_message",
        "text": "<https:\/\/www.reddit.com\/r\/Terraform\/comments\/u168oh\/updating_my_apigw_deployment_with_terraform\/|Updating my APIGW deployment with Terraform?>\nHello. I understand the title looks weird, but I'll do my best to explain it. Right now, my APIGW deployment looks like this: resource \"aws_api_gateway_rest_api\" \"apig\" { body = \"${file(\"..\/json-resolved\/swagger.json\")}\" name = \"apig\" } resource \"aws_api_gateway_deployment\" \"apig_deployment\" { rest_api_id = aws_api_gateway_rest_api.apig.id triggers = { redeployment = sha1(jsonencode(aws_api_gateway_rest_api.apig.body)) } lifecycle { create_before_destroy = true } }  Now, the API itself has...",
        "ts": "1649679970.696469",
        "username": "Terraform",
        "icons": {
            "image_48": "https:\/\/s3-us-west-2.amazonaws.com\/slack-files2\/bot_icons\/2019-02-12\/548785199618_48.png"
        },
        "bot_id": "BG3N7LG73",
        "blocks": [
            {
                "type": "rich_text",
                "block_id": "T1Fz5",
                "elements": [
                    {
                        "type": "rich_text_section",
                        "elements": [
                            {
                                "type": "link",
                                "url": "https:\/\/www.reddit.com\/r\/Terraform\/comments\/u168oh\/updating_my_apigw_deployment_with_terraform\/",
                                "text": "Updating my APIGW deployment with Terraform?"
                            },
                            {
                                "type": "text",
                                "text": "\nHello. I understand the title looks weird, but I'll do my best to explain it. Right now, my APIGW deployment looks like this: resource \"aws_api_gateway_rest_api\" \"apig\" { body = \"${file(\"..\/json-resolved\/swagger.json\")}\" name = \"apig\" } resource \"aws_api_gateway_deployment\" \"apig_deployment\" { rest_api_id = aws_api_gateway_rest_api.apig.id triggers = { redeployment = sha1(jsonencode(aws_api_gateway_rest_api.apig.body)) } lifecycle { create_before_destroy = true } }  Now, the API itself has..."
                            }
                        ]
                    }
                ]
            }
        ],
        "attachments": [
            {
                "from_url": "https:\/\/www.reddit.com\/r\/Terraform\/comments\/u168oh\/updating_my_apigw_deployment_with_terraform\/",
                "thumb_url": "https:\/\/www.redditstatic.com\/new-icon.png",
                "thumb_width": 256,
                "thumb_height": 256,
                "service_icon": "http:\/\/www.redditstatic.com\/desktop2x\/img\/favicon\/apple-icon-57x57.png",
                "id": 1,
                "original_url": "https:\/\/www.reddit.com\/r\/Terraform\/comments\/u168oh\/updating_my_apigw_deployment_with_terraform\/",
                "fallback": "reddit: Updating my APIGW deployment with Terraform?",
                "text": "Hello. I understand the title looks weird, but I'll do my best to explain it. Right now, my APIGW deployment looks like this: resource...",
                "title": "Updating my APIGW deployment with Terraform?",
                "title_link": "https:\/\/www.reddit.com\/r\/Terraform\/comments\/u168oh\/updating_my_apigw_deployment_with_terraform\/",
                "service_name": "reddit"
            }
        ],
        "edited": {
            "user": "BG3N7LG73",
            "ts": "1649679971.000000"
        }
    },
    {
        "type": "message",
        "subtype": "bot_message",
        "text": "<https:\/\/www.reddit.com\/r\/Terraform\/comments\/u1alfw\/ecs_fargate_for_batch_processing\/|ECS Fargate for Batch Processing>\nCan anyone help me with terraform templates with which I should be able to create Fargate Containers and the those containers should be capable of taking files from a source S3 bucket and do processing and put the processed files to another destination S3 bucket.    submitted by   <https:\/\/www.reddit.com\/user\/Muralidoss| \/u\/Muralidoss > \n<https:\/\/www.reddit.com\/r\/Terraform\/comments\/u1alfw\/ecs_fargate_for_batch_processing\/|[link]>   &lt;a...",
        "ts": "1649691970.458939",
        "username": "Terraform",
        "icons": {
            "image_48": "https:\/\/s3-us-west-2.amazonaws.com\/slack-files2\/bot_icons\/2019-02-12\/548785199618_48.png"
        },
        "bot_id": "BG3N7LG73",
        "blocks": [
            {
                "type": "rich_text",
                "block_id": "wIlGt",
                "elements": [
                    {
                        "type": "rich_text_section",
                        "elements": [
                            {
                                "type": "link",
                                "url": "https:\/\/www.reddit.com\/r\/Terraform\/comments\/u1alfw\/ecs_fargate_for_batch_processing\/",
                                "text": "ECS Fargate for Batch Processing"
                            },
                            {
                                "type": "text",
                                "text": "\nCan anyone help me with terraform templates with which I should be able to create Fargate Containers and the those containers should be capable of taking files from a source S3 bucket and do processing and put the processed files to another destination S3 bucket.    submitted by   "
                            },
                            {
                                "type": "link",
                                "url": "https:\/\/www.reddit.com\/user\/Muralidoss",
                                "text": "\/u\/Muralidoss"
                            },
                            {
                                "type": "text",
                                "text": " \n"
                            },
                            {
                                "type": "link",
                                "url": "https:\/\/www.reddit.com\/r\/Terraform\/comments\/u1alfw\/ecs_fargate_for_batch_processing\/",
                                "text": "[link]"
                            },
                            {
                                "type": "text",
                                "text": "   <a..."
                            }
                        ]
                    }
                ]
            }
        ],
        "attachments": [
            {
                "from_url": "https:\/\/www.reddit.com\/r\/Terraform\/comments\/u1alfw\/ecs_fargate_for_batch_processing\/",
                "thumb_url": "https:\/\/www.redditstatic.com\/new-icon.png",
                "thumb_width": 256,
                "thumb_height": 256,
                "service_icon": "http:\/\/www.redditstatic.com\/desktop2x\/img\/favicon\/apple-icon-57x57.png",
                "id": 1,
                "original_url": "https:\/\/www.reddit.com\/r\/Terraform\/comments\/u1alfw\/ecs_fargate_for_batch_processing\/",
                "fallback": "reddit: ECS Fargate for Batch Processing",
                "text": "Can anyone help me with terraform templates with which I should be able to create Fargate Containers and the those containers should be capable of...",
                "title": "ECS Fargate for Batch Processing",
                "title_link": "https:\/\/www.reddit.com\/r\/Terraform\/comments\/u1alfw\/ecs_fargate_for_batch_processing\/",
                "service_name": "reddit"
            },
            {
                "from_url": "https:\/\/www.reddit.com\/user\/Muralidoss",
                "service_icon": "http:\/\/www.redditstatic.com\/desktop2x\/img\/favicon\/apple-icon-57x57.png",
                "id": 2,
                "original_url": "https:\/\/www.reddit.com\/user\/Muralidoss",
                "fallback": "overview for Muralidoss",
                "text": "The u\/Muralidoss community on Reddit. Reddit gives you the best of the internet in one place.",
                "title": "overview for Muralidoss",
                "title_link": "https:\/\/www.reddit.com\/user\/Muralidoss",
                "service_name": "reddit.com"
            }
        ],
        "edited": {
            "user": "BG3N7LG73",
            "ts": "1649691970.000000"
        }
    },
    {
        "type": "message",
        "subtype": "bot_message",
        "text": "<https:\/\/www.reddit.com\/r\/Terraform\/comments\/u1bq6f\/zipmap_usage_for_resource_tagging\/|Zipmap usage for resource tagging>\nI've created a bunch of resources, both with azurerm and with data modules. What I would like to to now is for each of the azurerm* created resources, get their ids. For example resoure_ids_map = zipmap(\" VM1_id, azurerm_linux_virtual_machine.Virtual_Machine1.id) What is the most optimal way of doing this? If If would have 100 VMsm reousrce groups, network interfaces, etc. I want to loop thru azurerm* resource somehow. I guess my goal at the end is to tag each azurerm* resource with our...",
        "ts": "1649694972.614449",
        "username": "Terraform",
        "icons": {
            "image_48": "https:\/\/s3-us-west-2.amazonaws.com\/slack-files2\/bot_icons\/2019-02-12\/548785199618_48.png"
        },
        "bot_id": "BG3N7LG73",
        "blocks": [
            {
                "type": "rich_text",
                "block_id": "8FqoE",
                "elements": [
                    {
                        "type": "rich_text_section",
                        "elements": [
                            {
                                "type": "link",
                                "url": "https:\/\/www.reddit.com\/r\/Terraform\/comments\/u1bq6f\/zipmap_usage_for_resource_tagging\/",
                                "text": "Zipmap usage for resource tagging"
                            },
                            {
                                "type": "text",
                                "text": "\nI've created a bunch of resources, both with azurerm and with data modules. What I would like to to now is for each of the azurerm* created resources, get their ids. For example resoure_ids_map = zipmap(\" VM1_id, azurerm_linux_virtual_machine.Virtual_Machine1.id) What is the most optimal way of doing this? If If would have 100 VMsm reousrce groups, network interfaces, etc. I want to loop thru azurerm* resource somehow. I guess my goal at the end is to tag each azurerm* resource with our..."
                            }
                        ]
                    }
                ]
            }
        ],
        "attachments": [
            {
                "from_url": "https:\/\/www.reddit.com\/r\/Terraform\/comments\/u1bq6f\/zipmap_usage_for_resource_tagging\/",
                "thumb_url": "https:\/\/www.redditstatic.com\/new-icon.png",
                "thumb_width": 256,
                "thumb_height": 256,
                "service_icon": "http:\/\/www.redditstatic.com\/desktop2x\/img\/favicon\/apple-icon-57x57.png",
                "id": 1,
                "original_url": "https:\/\/www.reddit.com\/r\/Terraform\/comments\/u1bq6f\/zipmap_usage_for_resource_tagging\/",
                "fallback": "reddit: Zipmap usage for resource tagging",
                "text": "I've created a bunch of resources, both with azurerm and with data modules. What I would like to to now is for each of the azurerm\\* created...",
                "title": "Zipmap usage for resource tagging",
                "title_link": "https:\/\/www.reddit.com\/r\/Terraform\/comments\/u1bq6f\/zipmap_usage_for_resource_tagging\/",
                "service_name": "reddit"
            }
        ],
        "edited": {
            "user": "BG3N7LG73",
            "ts": "1649694972.000000"
        }
    },
    {
        "type": "message",
        "subtype": "bot_message",
        "text": "<https:\/\/www.reddit.com\/r\/Terraform\/comments\/u1hba5\/does_a_depends_on_block_faithfully_keep\/|Does a `depends_on` block faithfully keep dependencies across destroys?>\nA long while ago I filed away this issue: <https:\/\/github.com\/hashicorp\/terraform-provider-aws\/issues\/21355|https:\/\/github.com\/hashicorp\/terraform-provider-aws\/issues\/21355>. Long story short, I needed to wait 60 seconds after a resource A was made to make resource B, so I made a \"time_sleep\" resource depend on resource A, then made resource B depend on that. (This isn't ideal, but it's a nice patch while this issue hasn't been resolved) but... flash forward today, I had to...",
        "ts": "1649711173.920199",
        "username": "Terraform",
        "icons": {
            "image_48": "https:\/\/s3-us-west-2.amazonaws.com\/slack-files2\/bot_icons\/2019-02-12\/548785199618_48.png"
        },
        "bot_id": "BG3N7LG73",
        "blocks": [
            {
                "type": "rich_text",
                "block_id": "M\/7",
                "elements": [
                    {
                        "type": "rich_text_section",
                        "elements": [
                            {
                                "type": "link",
                                "url": "https:\/\/www.reddit.com\/r\/Terraform\/comments\/u1hba5\/does_a_depends_on_block_faithfully_keep\/",
                                "text": "Does a "
                            },
                            {
                                "type": "link",
                                "url": "https:\/\/www.reddit.com\/r\/Terraform\/comments\/u1hba5\/does_a_depends_on_block_faithfully_keep\/",
                                "text": "depends_on",
                                "style": {
                                    "code": true
                                }
                            },
                            {
                                "type": "link",
                                "url": "https:\/\/www.reddit.com\/r\/Terraform\/comments\/u1hba5\/does_a_depends_on_block_faithfully_keep\/",
                                "text": " block faithfully keep dependencies across destroys?"
                            },
                            {
                                "type": "text",
                                "text": "\nA long while ago I filed away this issue: "
                            },
                            {
                                "type": "link",
                                "url": "https:\/\/github.com\/hashicorp\/terraform-provider-aws\/issues\/21355"
                            },
                            {
                                "type": "text",
                                "text": ". Long story short, I needed to wait 60 seconds after a resource A was made to make resource B, so I made a \"time_sleep\" resource depend on resource A, then made resource B depend on that. (This isn't ideal, but it's a nice patch while this issue hasn't been resolved) but... flash forward today, I had to..."
                            }
                        ]
                    }
                ]
            }
        ],
        "attachments": [
            {
                "from_url": "https:\/\/www.reddit.com\/r\/Terraform\/comments\/u1hba5\/does_a_depends_on_block_faithfully_keep\/",
                "thumb_url": "https:\/\/www.redditstatic.com\/new-icon.png",
                "thumb_width": 256,
                "thumb_height": 256,
                "service_icon": "http:\/\/www.redditstatic.com\/desktop2x\/img\/favicon\/apple-icon-57x57.png",
                "id": 1,
                "original_url": "https:\/\/www.reddit.com\/r\/Terraform\/comments\/u1hba5\/does_a_depends_on_block_faithfully_keep\/",
                "fallback": "reddit: Does a `depends_on` block faithfully keep dependencies across destroys?",
                "text": "A long while ago I filed away this issue: <https:\/\/github.com\/hashicorp\/terraform-provider-aws\/issues\/21355>. Long story short, I needed to wait 60...",
                "title": "Does a `depends_on` block faithfully keep dependencies across destroys?",
                "title_link": "https:\/\/www.reddit.com\/r\/Terraform\/comments\/u1hba5\/does_a_depends_on_block_faithfully_keep\/",
                "service_name": "reddit"
            },
            {
                "from_url": "https:\/\/github.com\/hashicorp\/terraform-provider-aws\/issues\/21355",
                "image_url": "https:\/\/opengraph.githubassets.com\/52862cbf0141b1b5ba8cf2c9a5b609c7e702675c4094467532afce791dda5951\/hashicorp\/terraform-provider-aws\/issues\/21355",
                "image_width": 500,
                "image_height": 250,
                "image_bytes": 109344,
                "service_icon": "https:\/\/a.slack-edge.com\/80588\/img\/unfurl_icons\/github.png",
                "id": 2,
                "original_url": "https:\/\/github.com\/hashicorp\/terraform-provider-aws\/issues\/21355",
                "fallback": "GitHub: `aws_sqs_queue_policy` unable to use `arn` from `aws_iam_role` immediately after creation, does not handle retries. · Issue #21355 · hashicorp\/terraform-provider-aws",
                "text": "Community Note Please vote on this issue by adding a :+1: reaction to the original issue to help the community and maintainers prioritize this request Please do not leave &amp;quot;+1&amp;quot; or other comme...",
                "title": "`aws_sqs_queue_policy` unable to use `arn` from `aws_iam_role` immediately after creation, does not handle retries. · Issue #21355 · hashicorp\/terraform-provider-aws",
                "title_link": "https:\/\/github.com\/hashicorp\/terraform-provider-aws\/issues\/21355",
                "service_name": "GitHub"
            }
        ],
        "edited": {
            "user": "BG3N7LG73",
            "ts": "1649711174.000000"
        }
    },
    {
        "type": "message",
        "subtype": "bot_message",
        "text": "<https:\/\/www.reddit.com\/r\/Terraform\/comments\/u1rwjm\/terraform_plugin_framework_development_how_to\/|Terraform Plugin Framework Development: How to implement nested attributes?>\nUsing the <https:\/\/github.com\/hashicorp\/terraform-provider-scaffolding-framework|Terraform Provider Scaffolding Framework> to develop a new provider and I am seriously spinning my wheels on how to do something as simple as a hasp map in my schema.  I've tried using tfsdk.MapNestedAttributes, tfsdk.SingleNestedAttributes, etc.. The &lt;a...",
        "ts": "1649744169.421259",
        "username": "Terraform",
        "icons": {
            "image_48": "https:\/\/s3-us-west-2.amazonaws.com\/slack-files2\/bot_icons\/2019-02-12\/548785199618_48.png"
        },
        "bot_id": "BG3N7LG73",
        "blocks": [
            {
                "type": "rich_text",
                "block_id": "Kfg",
                "elements": [
                    {
                        "type": "rich_text_section",
                        "elements": [
                            {
                                "type": "link",
                                "url": "https:\/\/www.reddit.com\/r\/Terraform\/comments\/u1rwjm\/terraform_plugin_framework_development_how_to\/",
                                "text": "Terraform Plugin Framework Development: How to implement nested attributes?"
                            },
                            {
                                "type": "text",
                                "text": "\nUsing the "
                            },
                            {
                                "type": "link",
                                "url": "https:\/\/github.com\/hashicorp\/terraform-provider-scaffolding-framework",
                                "text": "Terraform Provider Scaffolding Framework"
                            },
                            {
                                "type": "text",
                                "text": " to develop a new provider and I am seriously spinning my wheels on how to do something as simple as a hasp map in my schema.  I've tried using tfsdk.MapNestedAttributes, tfsdk.SingleNestedAttributes, etc.. The <a..."
                            }
                        ]
                    }
                ]
            }
        ],
        "attachments": [
            {
                "from_url": "https:\/\/www.reddit.com\/r\/Terraform\/comments\/u1rwjm\/terraform_plugin_framework_development_how_to\/",
                "thumb_url": "https:\/\/www.redditstatic.com\/new-icon.png",
                "thumb_width": 256,
                "thumb_height": 256,
                "service_icon": "http:\/\/www.redditstatic.com\/desktop2x\/img\/favicon\/apple-icon-57x57.png",
                "id": 1,
                "original_url": "https:\/\/www.reddit.com\/r\/Terraform\/comments\/u1rwjm\/terraform_plugin_framework_development_how_to\/",
                "fallback": "reddit: Terraform Plugin Framework Development: How to implement nested attributes?",
                "text": "Using the [Terraform Provider Scaffolding Framework](<https:\/\/github.com\/hashicorp\/terraform-provider-scaffolding-framework>) to develop a new...",
                "title": "Terraform Plugin Framework Development: How to implement nested attributes?",
                "title_link": "https:\/\/www.reddit.com\/r\/Terraform\/comments\/u1rwjm\/terraform_plugin_framework_development_how_to\/",
                "service_name": "reddit"
            },
            {
                "from_url": "https:\/\/github.com\/hashicorp\/terraform-provider-scaffolding-framework",
                "image_url": "https:\/\/opengraph.githubassets.com\/65f9ce2799f09a495bda0656d72b4178f46aa7a1371ee5c0d8843291c5be9765\/hashicorp\/terraform-provider-scaffolding-framework",
                "image_width": 500,
                "image_height": 250,
                "image_bytes": 63584,
                "service_icon": "https:\/\/a.slack-edge.com\/80588\/img\/unfurl_icons\/github.png",
                "id": 2,
                "original_url": "https:\/\/github.com\/hashicorp\/terraform-provider-scaffolding-framework",
                "fallback": "GitHub: GitHub - hashicorp\/terraform-provider-scaffolding-framework: Quick start repository for creating a Terraform provider using terraform-plugin-framework",
                "text": "Quick start repository for creating a Terraform provider using terraform-plugin-framework - GitHub - hashicorp\/terraform-provider-scaffolding-framework: Quick start repository for creating a Terraf...",
                "title": "GitHub - hashicorp\/terraform-provider-scaffolding-framework: Quick start repository for creating a Terraform provider using terraform-plugin-framework",
                "title_link": "https:\/\/github.com\/hashicorp\/terraform-provider-scaffolding-framework",
                "service_name": "GitHub"
            }
        ],
        "edited": {
            "user": "BG3N7LG73",
            "ts": "1649744169.000000"
        }
    }
]