[
    {
        "client_msg_id": "c27f85a4-8e26-4a64-ac4f-a5c42c8b9398",
        "type": "message",
        "text": "大阪リージョン使えるようになってた\n<https:\/\/github.com\/hashicorp\/terraform-provider-aws\/issues\/17882>",
        "user": "UHS4SFFA7",
        "ts": "1615162393.000700",
        "team": "TFU0BKCQP",
        "user_team": "TFU0BKCQP",
        "source_team": "TFU0BKCQP",
        "user_profile": {
            "avatar_hash": "gade34f8bdf1",
            "image_72": "https:\/\/secure.gravatar.com\/avatar\/5ade34f8bdf1b55c4ff82c11cf23cf42.jpg?s=72&d=https%3A%2F%2Fa.slack-edge.com%2Fdf10d%2Fimg%2Favatars%2Fava_0008-72.png",
            "first_name": "",
            "real_name": "minamijoyo",
            "display_name": "minamijoyo",
            "team": "TFU0BKCQP",
            "name": "minamijoyo",
            "is_restricted": false,
            "is_ultra_restricted": false
        },
        "attachments": [
            {
                "author_name": "bchaja",
                "fallback": "[hashicorp\/terraform-provider-aws] #17882 aws-provider no support for ap-northeast-3 region that became generally available on 1\/03\/21",
                "text": "aws-provider ver 3.30 doesnt support ap-northeast-3 and error out with 'Invalid AWS Region ap-northeast-3'. The ap-north-east become open to all as of 1st\/03 <https:\/\/aws.amazon.com\/blogs\/aws\/aws-asia-pacific-osaka-region-now-open-to-all-with-three-azs-more-services\/|https:\/\/aws.amazon.com\/blogs\/aws\/aws-asia-pacific-osaka-region-now-open-to-all-with-three-azs-more-services\/>",
                "title": "#17882 aws-provider no support for ap-northeast-3 region that became generally available on 1\/03\/21",
                "footer": "<https:\/\/github.com\/hashicorp\/terraform-provider-aws|hashicorp\/terraform-provider-aws>",
                "id": 1,
                "title_link": "https:\/\/github.com\/hashicorp\/terraform-provider-aws\/issues\/17882",
                "author_link": "https:\/\/github.com\/bchaja",
                "author_icon": "https:\/\/avatars.githubusercontent.com\/u\/6671647?v=4",
                "footer_icon": "https:\/\/github.githubassets.com\/favicon.ico",
                "ts": 1614694163,
                "color": "cb2431",
                "fields": [
                    {
                        "title": "Labels",
                        "value": "enhancement, provider",
                        "short": true
                    },
                    {
                        "title": "Comments",
                        "value": "4",
                        "short": true
                    }
                ],
                "mrkdwn_in": [
                    "text"
                ],
                "bot_id": "BH12QQBB4",
                "app_unfurl_url": "https:\/\/github.com\/hashicorp\/terraform-provider-aws\/issues\/17882",
                "is_app_unfurl": true
            }
        ],
        "blocks": [
            {
                "type": "rich_text",
                "block_id": "HSIgZ",
                "elements": [
                    {
                        "type": "rich_text_section",
                        "elements": [
                            {
                                "type": "text",
                                "text": "大阪リージョン使えるようになってた\n"
                            },
                            {
                                "type": "link",
                                "url": "https:\/\/github.com\/hashicorp\/terraform-provider-aws\/issues\/17882"
                            }
                        ]
                    }
                ]
            }
        ],
        "reactions": [
            {
                "name": "octopus",
                "users": [
                    "UGVSWU1CY"
                ],
                "count": 1
            },
            {
                "name": "astonished",
                "users": [
                    "U01MNB3315W",
                    "UGW0ABZLG"
                ],
                "count": 2
            }
        ]
    }
]