[
    {
        "client_msg_id": "0c81ae62-52f2-4603-970f-665ab21dcdc8",
        "type": "message",
        "text": "<https:\/\/twitter.com\/sogaoh\/status\/1304019693536079872>?",
        "user": "UFT60TQCQ",
        "ts": "1599737689.000200",
        "team": "TFU0BKCQP",
        "user_team": "TFU0BKCQP",
        "source_team": "TFU0BKCQP",
        "user_profile": {
            "avatar_hash": "f10ceef4e6f6",
            "image_72": "https:\/\/avatars.slack-edge.com\/2019-01-31\/539093872183_f10ceef4e6f603f1f094_72.jpg",
            "first_name": "sogaoh",
            "real_name": "sogaoh",
            "display_name": "",
            "team": "TFU0BKCQP",
            "name": "sogaoh",
            "is_restricted": false,
            "is_ultra_restricted": false
        },
        "attachments": [
            {
                "fallback": "<https:\/\/twitter.com\/sogaoh|@sogaoh>: コミュニティProvider、むっちゃいっぱいあってびっくりした\n<https:\/\/www.terraform.io\/docs\/providers\/type\/community-index.html>",
                "ts": 1599737497,
                "author_name": "央",
                "author_link": "https:\/\/twitter.com\/sogaoh\/status\/1304019693536079872",
                "author_icon": "https:\/\/pbs.twimg.com\/profile_images\/1245373008425828352\/pzwbnHdn_normal.jpg",
                "author_subname": "@sogaoh",
                "text": "コミュニティProvider、むっちゃいっぱいあってびっくりした\n<https:\/\/www.terraform.io\/docs\/providers\/type\/community-index.html>",
                "service_name": "twitter",
                "service_url": "https:\/\/twitter.com\/",
                "from_url": "https:\/\/twitter.com\/sogaoh\/status\/1304019693536079872",
                "id": 1,
                "original_url": "https:\/\/twitter.com\/sogaoh\/status\/1304019693536079872",
                "footer": "Twitter",
                "footer_icon": "https:\/\/a.slack-edge.com\/80588\/img\/services\/twitter_pixel_snapped_32.png"
            }
        ],
        "blocks": [
            {
                "type": "rich_text",
                "block_id": "WDSV",
                "elements": [
                    {
                        "type": "rich_text_section",
                        "elements": [
                            {
                                "type": "link",
                                "url": "https:\/\/twitter.com\/sogaoh\/status\/1304019693536079872"
                            },
                            {
                                "type": "text",
                                "text": "?"
                            }
                        ]
                    }
                ]
            }
        ]
    }
]