[
    {
        "client_msg_id": "774ee820-eb32-4c81-acb2-40dde93bc005",
        "type": "message",
        "text": "<https:\/\/www.terraform.io\/docs\/configuration\/variables.html#custom-validation-rules>",
        "user": "UTK1B5BB2",
        "ts": "1585272029.000800",
        "team": "TFU0BKCQP",
        "user_team": "TFU0BKCQP",
        "source_team": "TFU0BKCQP",
        "user_profile": {
            "avatar_hash": "f9e26d92b470",
            "image_72": "https:\/\/avatars.slack-edge.com\/2020-02-05\/926890716897_f9e26d92b470908ab893_72.png",
            "first_name": "",
            "real_name": "kbigwheel",
            "display_name": "kbigwheel",
            "team": "TFU0BKCQP",
            "name": "k.bigwheel",
            "is_restricted": false,
            "is_ultra_restricted": false
        },
        "attachments": [
            {
                "service_name": "Terraform by HashiCorp",
                "title": "Input Variables - Configuration Language - Terraform by HashiCorp",
                "title_link": "https:\/\/www.terraform.io\/docs\/configuration\/variables.html#custom-validation-rules",
                "text": "Input variables are parameters for Terraform modules. This page covers configuration syntax for variables.",
                "fallback": "Terraform by HashiCorp: Input Variables - Configuration Language - Terraform by HashiCorp",
                "thumb_url": "https:\/\/www.terraform.io\/assets\/images\/og-image-8b3e4f7d.png",
                "from_url": "https:\/\/www.terraform.io\/docs\/configuration\/variables.html#custom-validation-rules",
                "thumb_width": 712,
                "thumb_height": 712,
                "service_icon": "https:\/\/www.terraform.io\/assets\/images\/favicons\/apple-touch-icon-13180a24.png",
                "id": 1,
                "original_url": "https:\/\/www.terraform.io\/docs\/configuration\/variables.html#custom-validation-rules"
            }
        ],
        "blocks": [
            {
                "type": "rich_text",
                "block_id": "EXjlx",
                "elements": [
                    {
                        "type": "rich_text_section",
                        "elements": [
                            {
                                "type": "link",
                                "url": "https:\/\/www.terraform.io\/docs\/configuration\/variables.html#custom-validation-rules"
                            }
                        ]
                    }
                ]
            }
        ],
        "reactions": [
            {
                "name": "oltu",
                "users": [
                    "UFU0BKD8F"
                ],
                "count": 1
            }
        ]
    },
    {
        "client_msg_id": "ed25b099-22da-4f96-9f1c-21de96980293",
        "type": "message",
        "text": "このvariableを正規表現などでチェックできる機能、0.12でも使用できるんですがplanごとに必ずwarningが出てしまうので\n0.13 で正式仕様にしてほしいー",
        "user": "UTK1B5BB2",
        "ts": "1585272086.002200",
        "team": "TFU0BKCQP",
        "user_team": "TFU0BKCQP",
        "source_team": "TFU0BKCQP",
        "user_profile": {
            "avatar_hash": "f9e26d92b470",
            "image_72": "https:\/\/avatars.slack-edge.com\/2020-02-05\/926890716897_f9e26d92b470908ab893_72.png",
            "first_name": "",
            "real_name": "kbigwheel",
            "display_name": "kbigwheel",
            "team": "TFU0BKCQP",
            "name": "k.bigwheel",
            "is_restricted": false,
            "is_ultra_restricted": false
        },
        "blocks": [
            {
                "type": "rich_text",
                "block_id": "y7XOT",
                "elements": [
                    {
                        "type": "rich_text_section",
                        "elements": [
                            {
                                "type": "text",
                                "text": "このvariableを正規表現などでチェックできる機能、0.12でも使用できるんですがplanごとに必ずwarningが出てしまうので\n0.13 で正式仕様にしてほしいー"
                            }
                        ]
                    }
                ]
            }
        ]
    },
    {
        "client_msg_id": "dec2bd22-c217-4d7a-a77b-994ab73c548c",
        "type": "message",
        "text": "ただerror_message文字列がなぜか英語縛りかつ先頭はA-Z 末尾はドットじゃないとダメとかいう謎仕様なのでまだ仕様が定まっていないのかも。",
        "user": "UTK1B5BB2",
        "ts": "1585272149.003200",
        "team": "TFU0BKCQP",
        "user_team": "TFU0BKCQP",
        "source_team": "TFU0BKCQP",
        "user_profile": {
            "avatar_hash": "f9e26d92b470",
            "image_72": "https:\/\/avatars.slack-edge.com\/2020-02-05\/926890716897_f9e26d92b470908ab893_72.png",
            "first_name": "",
            "real_name": "kbigwheel",
            "display_name": "kbigwheel",
            "team": "TFU0BKCQP",
            "name": "k.bigwheel",
            "is_restricted": false,
            "is_ultra_restricted": false
        },
        "blocks": [
            {
                "type": "rich_text",
                "block_id": "0tqF",
                "elements": [
                    {
                        "type": "rich_text_section",
                        "elements": [
                            {
                                "type": "text",
                                "text": "ただerror_message文字列がなぜか英語縛りかつ先頭はA-Z 末尾はドットじゃないとダメとかいう謎仕様なのでまだ仕様が定まっていないのかも。"
                            }
                        ]
                    }
                ]
            }
        ]
    },
    {
        "client_msg_id": "3658e71a-cc77-437e-b790-3e57f9ded2bd",
        "type": "message",
        "text": "なるほどー。確かに warn が出るだけだと -detailed-exitcode も -compact-warnings も意味がないですね。。。\nexperiments してんだから warn くらい抑止できてもよさそうだけど。。。",
        "user": "UFU0BKD8F",
        "ts": "1585272885.006100",
        "team": "TFU0BKCQP",
        "user_team": "TFU0BKCQP",
        "source_team": "TFU0BKCQP",
        "user_profile": {
            "avatar_hash": "92c41c62c7b0",
            "image_72": "https:\/\/avatars.slack-edge.com\/2019-01-30\/537137791812_92c41c62c7b0f054d3dd_72.jpg",
            "first_name": "らき",
            "real_name": "らき",
            "display_name": "raki",
            "team": "TFU0BKCQP",
            "name": "nishimuray",
            "is_restricted": false,
            "is_ultra_restricted": false
        },
        "blocks": [
            {
                "type": "rich_text",
                "block_id": "5Ze",
                "elements": [
                    {
                        "type": "rich_text_section",
                        "elements": [
                            {
                                "type": "text",
                                "text": "なるほどー。確かに warn が出るだけだと -detailed-exitcode も -compact-warnings も意味がないですね。。。\nexperiments してんだから warn くらい抑止できてもよさそうだけど。。。"
                            }
                        ]
                    }
                ]
            }
        ]
    },
    {
        "client_msg_id": "cf34e538-c21e-4c44-9740-42a6eefbe4ff",
        "type": "message",
        "text": "<https:\/\/discuss.hashicorp.com\/t\/any-way-to-disable-new-deprecation-warnings\/3999>",
        "user": "UTK1B5BB2",
        "ts": "1585273464.007200",
        "team": "TFU0BKCQP",
        "user_team": "TFU0BKCQP",
        "source_team": "TFU0BKCQP",
        "user_profile": {
            "avatar_hash": "f9e26d92b470",
            "image_72": "https:\/\/avatars.slack-edge.com\/2020-02-05\/926890716897_f9e26d92b470908ab893_72.png",
            "first_name": "",
            "real_name": "kbigwheel",
            "display_name": "kbigwheel",
            "team": "TFU0BKCQP",
            "name": "k.bigwheel",
            "is_restricted": false,
            "is_ultra_restricted": false
        },
        "attachments": [
            {
                "service_name": "HashiCorp Discuss",
                "title": "Any way to disable new deprecation warnings?",
                "title_link": "https:\/\/discuss.hashicorp.com\/t\/any-way-to-disable-new-deprecation-warnings\/3999",
                "text": "So as of the latest Terraform binary from last week, I’m now being flooded with deprecation notices for quoted provider references, type constraints, and interpolation-only expressions. Right now for some of my projects, when I run a terraform apply, I’m receiving literally thousands of lines of warning messages about syntax deprecation, and it shows up below the list of pending changes, so I have to scroll through an enormous quantity of text before I can see what changes are pending. Is ther...",
                "fallback": "HashiCorp Discuss: Any way to disable new deprecation warnings?",
                "thumb_url": "https:\/\/aws1.discourse-cdn.com\/hashicorp\/original\/1X\/154331ed085112b536f7a0c4c5355c17a57e53c1.png",
                "ts": 1574101026,
                "from_url": "https:\/\/discuss.hashicorp.com\/t\/any-way-to-disable-new-deprecation-warnings\/3999",
                "thumb_width": 65,
                "thumb_height": 65,
                "service_icon": "https:\/\/aws1.discourse-cdn.com\/hashicorp\/optimized\/1X\/154331ed085112b536f7a0c4c5355c17a57e53c1_2_180x180.png",
                "id": 1,
                "original_url": "https:\/\/discuss.hashicorp.com\/t\/any-way-to-disable-new-deprecation-warnings\/3999"
            }
        ],
        "blocks": [
            {
                "type": "rich_text",
                "block_id": "z6ECF",
                "elements": [
                    {
                        "type": "rich_text_section",
                        "elements": [
                            {
                                "type": "link",
                                "url": "https:\/\/discuss.hashicorp.com\/t\/any-way-to-disable-new-deprecation-warnings\/3999"
                            }
                        ]
                    }
                ]
            }
        ]
    },
    {
        "client_msg_id": "784bfff4-51d8-44ca-812c-ef81139f8d23",
        "type": "message",
        "text": "できないか調べてみたんですがどうやらできないっぽい。",
        "user": "UTK1B5BB2",
        "ts": "1585273478.007700",
        "team": "TFU0BKCQP",
        "user_team": "TFU0BKCQP",
        "source_team": "TFU0BKCQP",
        "user_profile": {
            "avatar_hash": "f9e26d92b470",
            "image_72": "https:\/\/avatars.slack-edge.com\/2020-02-05\/926890716897_f9e26d92b470908ab893_72.png",
            "first_name": "",
            "real_name": "kbigwheel",
            "display_name": "kbigwheel",
            "team": "TFU0BKCQP",
            "name": "k.bigwheel",
            "is_restricted": false,
            "is_ultra_restricted": false
        },
        "blocks": [
            {
                "type": "rich_text",
                "block_id": "==h+Z",
                "elements": [
                    {
                        "type": "rich_text_section",
                        "elements": [
                            {
                                "type": "text",
                                "text": "できないか調べてみたんですがどうやらできないっぽい。"
                            }
                        ]
                    }
                ]
            }
        ]
    },
    {
        "client_msg_id": "fe5929ec-506a-4758-a09c-4faf7fd59555",
        "type": "message",
        "text": "<https:\/\/github.com\/hashicorp\/terraform\/blob\/master\/CHANGELOG.md>\n今んとこ変更される感じじゃないどころか、\n```cli: The terraform plan command (and the implied plan run by terraform apply with no arguments) will now print any warnings that were generated even if there are no changes to be made. [GH-24095]```\nむしろ出力量増えるん？",
        "user": "UFU0BKD8F",
        "ts": "1585273506.008200",
        "team": "TFU0BKCQP",
        "user_team": "TFU0BKCQP",
        "source_team": "TFU0BKCQP",
        "user_profile": {
            "avatar_hash": "92c41c62c7b0",
            "image_72": "https:\/\/avatars.slack-edge.com\/2019-01-30\/537137791812_92c41c62c7b0f054d3dd_72.jpg",
            "first_name": "らき",
            "real_name": "らき",
            "display_name": "raki",
            "team": "TFU0BKCQP",
            "name": "nishimuray",
            "is_restricted": false,
            "is_ultra_restricted": false
        },
        "attachments": [
            {
                "fallback": "[hashicorp\/terraform] CHANGELOG.md",
                "text": "```\n## 0.13.0 (Unreleased)\n\nBREAKING CHANGES:\n\n* backend\/oss: Changes to the TableStore schema now require a primary key named `LockID` of type `String` [GH-24149]\n* command\/0.12upgrade: this command has been replaced with a deprecation notice directing users to install terraform v0.12 to run `terraform 0.12upgrade`.  [GH-24403]\n* command\/import: remove the deprecated `-provider` command line argument [GH-24090]\n* command\/import: fixed a bug where the `import` command was not properly attaching the configured provider for a resource to be imported, making the `-provider` command line argument unnecessary. [GH-22862]\n* config: Inside `provisioner` blocks that have `when = destroy` set, and inside any `connection` blocks that are used by such `provisioner` blocks, it is now an error to refer to any objects other than `self`, `count`, or `each` [GH-24083]\n* config: The `merge` function now returns more precise type information, making it usable for values passed to `for_each` [GH-24032]\n* The official MacOS builds of Terraform CLI are no longer compatible with Mac OS 10.10 Yosemite; Terraform now requires at least Mac OS 10.11 El Capitan. Terraform 0.13 is the last major release that will support 10.11 El Capitan, so if you are upgrading your OS we recommend upgrading to Mac OS 10.12 Sierra or later.\n* The official FreeBSD builds of Terraform CLI are no longer compatible with FreeBSD 10.x, which has reached end-of-life. Terraform now requires FreeBSD 11.2 or later.\n\nENHANCEMENTS:\n* config: `templatefile` function will now return a helpful error message if a given variable has an invalid name, rather than relying on a syntax error in the template parsing itself. [GH-24184]\n* config: The configuration language now uses Unicode 12.0 character tables for certain Unicode-version-sensitive operations on strings, such as the `upper` and `lower` functions. Those working with strings containing new characters introduced since Unicode 9.0 may see small differences in behavior as a result of these table updates.\n* core: added support for passing metadata from modules to providers using HCL [GH-22583]\n* Terraform CLI now supports TLS 1.3 and supports Ed25519 certificates when making outgoing connections to remote TLS servers. While both of these changes are backwards compatible in principle, certain legacy TLS server implementations can reportedly encounter problems when attempting to negotiate TLS 1.3. (These changes affects only requests made by Terraform CLI itself, such as to module registries or backends. Provider plugins have separate TLS implementations that will gain these features on a separate release schedule.)\n* On Unix systems where `use-vc` is set in `resolv.conf`, Terraform will now use TCP for DNS resolution. We don't expect this to cause any problem for most users, but if you find you are seeing DNS resolution failures after upgrading please verify that you can either reach your configured nameservers using TCP or that your resolver configuration does not include the `use-vc` directive.\n\nBUG FIXES:\n* backend\/oss: Allow locking of multiple different state files [GH-24149]\n* cli: Fix `terraform state mv` to correctly set the resource each mode based on the target address [GH-24254]\n* cli: The `terraform plan` command (and the implied plan run by `terraform apply` with no arguments) will now print any warnings that were generated even if there are no changes to be made. [GH-24095]\n* command\/show (json output): fix inconsistency in resource addresses between plan and prior state output [GH-24256]\n* core: Instances are now destroyed only using their stored state, removing many cycle errors [GH-24083]\n* lang: Fix non-string key panics in map function [GH-24277]\n\n---\nFor information on prior major releases, see their changelogs:\n\n* [v0.12](<https:\/\/github.com\/hashicorp\/terraform\/blob\/v0.12\/CHANGELOG.md>)\n* [v0.11 and earlier](<https:\/\/github.com\/hashicorp\/terraform\/blob\/v0.11\/CHANGELOG.md>)\n\n```",
                "title": "CHANGELOG.md",
                "footer": "<https:\/\/github.com\/hashicorp\/terraform|hashicorp\/terraform>",
                "id": 1,
                "title_link": "https:\/\/github.com\/hashicorp\/terraform\/blob\/master\/CHANGELOG.md",
                "footer_icon": "https:\/\/github.githubassets.com\/favicon.ico",
                "color": "24292f",
                "mrkdwn_in": [
                    "text"
                ],
                "bot_id": "BH12QQBB4",
                "app_unfurl_url": "https:\/\/github.com\/hashicorp\/terraform\/blob\/master\/CHANGELOG.md",
                "is_app_unfurl": true
            }
        ],
        "blocks": [
            {
                "type": "rich_text",
                "block_id": "Pfyf",
                "elements": [
                    {
                        "type": "rich_text_section",
                        "elements": [
                            {
                                "type": "link",
                                "url": "https:\/\/github.com\/hashicorp\/terraform\/blob\/master\/CHANGELOG.md"
                            },
                            {
                                "type": "text",
                                "text": "\n今んとこ変更される感じじゃないどころか、\n"
                            }
                        ]
                    },
                    {
                        "type": "rich_text_preformatted",
                        "elements": [
                            {
                                "type": "text",
                                "text": "cli: The terraform plan command (and the implied plan run by terraform apply with no arguments) will now print any warnings that were generated even if there are no changes to be made. [GH-24095]"
                            }
                        ]
                    },
                    {
                        "type": "rich_text_section",
                        "elements": [
                            {
                                "type": "text",
                                "text": "\nむしろ出力量増えるん？"
                            }
                        ]
                    }
                ]
            }
        ]
    },
    {
        "client_msg_id": "7cc2b8ac-644b-4b1b-a4bd-52cce8e240ec",
        "type": "message",
        "text": "warning無視するのも一つの手なんですが、こういうの割れ窓で一つ無視すると際限がなくなったりwarningじゃない重大なerrorを見逃すことになるので避けたい感じ",
        "user": "UTK1B5BB2",
        "ts": "1585273550.009000",
        "team": "TFU0BKCQP",
        "user_team": "TFU0BKCQP",
        "source_team": "TFU0BKCQP",
        "user_profile": {
            "avatar_hash": "f9e26d92b470",
            "image_72": "https:\/\/avatars.slack-edge.com\/2020-02-05\/926890716897_f9e26d92b470908ab893_72.png",
            "first_name": "",
            "real_name": "kbigwheel",
            "display_name": "kbigwheel",
            "team": "TFU0BKCQP",
            "name": "k.bigwheel",
            "is_restricted": false,
            "is_ultra_restricted": false
        },
        "blocks": [
            {
                "type": "rich_text",
                "block_id": "B\/b",
                "elements": [
                    {
                        "type": "rich_text_section",
                        "elements": [
                            {
                                "type": "text",
                                "text": "warning無視するのも一つの手なんですが、こういうの割れ窓で一つ無視すると際限がなくなったりwarningじゃない重大なerrorを見逃すことになるので避けたい感じ"
                            }
                        ]
                    }
                ]
            }
        ],
        "reactions": [
            {
                "name": "wakarimi",
                "users": [
                    "UFU0BKD8F"
                ],
                "count": 1
            }
        ]
    },
    {
        "client_msg_id": "accb9570-1807-4630-92a7-ea214cb2c5a5",
        "type": "message",
        "text": "あ、たぶんそれはバグ修正のたぐいですね。",
        "user": "UTK1B5BB2",
        "ts": "1585273590.009400",
        "team": "TFU0BKCQP",
        "user_team": "TFU0BKCQP",
        "source_team": "TFU0BKCQP",
        "user_profile": {
            "avatar_hash": "f9e26d92b470",
            "image_72": "https:\/\/avatars.slack-edge.com\/2020-02-05\/926890716897_f9e26d92b470908ab893_72.png",
            "first_name": "",
            "real_name": "kbigwheel",
            "display_name": "kbigwheel",
            "team": "TFU0BKCQP",
            "name": "k.bigwheel",
            "is_restricted": false,
            "is_ultra_restricted": false
        },
        "blocks": [
            {
                "type": "rich_text",
                "block_id": "a8bZy",
                "elements": [
                    {
                        "type": "rich_text_section",
                        "elements": [
                            {
                                "type": "text",
                                "text": "あ、たぶんそれはバグ修正のたぐいですね。"
                            }
                        ]
                    }
                ]
            }
        ]
    },
    {
        "client_msg_id": "a326f52a-5890-45f6-a937-9ab63d7fdec5",
        "type": "message",
        "text": "今までtfファイルにwarningに当たる記述があってもそのファイルが変更されていなければwarningがでなかったのです。\nそれが毎回出るようになるって感じですね。",
        "user": "UTK1B5BB2",
        "ts": "1585273626.010200",
        "team": "TFU0BKCQP",
        "user_team": "TFU0BKCQP",
        "source_team": "TFU0BKCQP",
        "user_profile": {
            "avatar_hash": "f9e26d92b470",
            "image_72": "https:\/\/avatars.slack-edge.com\/2020-02-05\/926890716897_f9e26d92b470908ab893_72.png",
            "first_name": "",
            "real_name": "kbigwheel",
            "display_name": "kbigwheel",
            "team": "TFU0BKCQP",
            "name": "k.bigwheel",
            "is_restricted": false,
            "is_ultra_restricted": false
        },
        "blocks": [
            {
                "type": "rich_text",
                "block_id": "OjSk",
                "elements": [
                    {
                        "type": "rich_text_section",
                        "elements": [
                            {
                                "type": "text",
                                "text": "今までtfファイルにwarningに当たる記述があってもそのファイルが変更されていなければwarningがでなかったのです。\nそれが毎回出るようになるって感じですね。"
                            }
                        ]
                    }
                ]
            }
        ],
        "reactions": [
            {
                "name": "naruhodo",
                "users": [
                    "UFU0BKD8F"
                ],
                "count": 1
            }
        ]
    },
    {
        "client_msg_id": "56c2e4c4-d9d2-4859-ba91-0cfd8e3e362b",
        "type": "message",
        "text": "<https:\/\/github.com\/hashicorp\/terraform\/issues\/22541>",
        "user": "UTK1B5BB2",
        "ts": "1585273646.010400",
        "team": "TFU0BKCQP",
        "user_team": "TFU0BKCQP",
        "source_team": "TFU0BKCQP",
        "user_profile": {
            "avatar_hash": "f9e26d92b470",
            "image_72": "https:\/\/avatars.slack-edge.com\/2020-02-05\/926890716897_f9e26d92b470908ab893_72.png",
            "first_name": "",
            "real_name": "kbigwheel",
            "display_name": "kbigwheel",
            "team": "TFU0BKCQP",
            "name": "k.bigwheel",
            "is_restricted": false,
            "is_ultra_restricted": false
        },
        "attachments": [
            {
                "author_name": "cthulhu",
                "fallback": "[hashicorp\/terraform] #22541 Terraform 0.12 shows warnings only when there are changes",
                "text": "*Terraform Version*\n\n```\nterraform version\nTerraform v0.12.6\n\n```\n\n*Terraform Configuration Files*\n\n<http:\/\/main.tf|main.tf>\n\n```\nprovider \"null\" {\n\n}\nresource \"null_resource\" \"res\" {\n}\n```\n\nmain.tfvars\n\n```\ntest_var=\"12345\"\n```\n\n*Run*\n\n```\nterraform init &amp;&amp; terraform plan -var-file=main.tfvars\n```\n\n*Expected Behavior*\n\nWarnings should be shown even if there are no changes.\n\n*Actual Behavior*\n\nWarnings are shown only when there are changes.\n\n*Steps to Reproduce*\n\n1. `terraform init`\n2. `terraform plan -var-file=main.tfvars`\n\nChanges and warnings are shown\n\n1. `terraform apply -var-file=main.tfvars -auto-approve`\n2. `terraform plan -var-file=main.tfvars`\n\nNo changes, no warnings\n\n*Additional Context*\n\nAfter migration to terraform 0.12 we saw stricter behavior and warnings we would like to address, but we see them only when there are changes. So we have to create a change artificially in order to fix those recommendations.\n\nExample of the warning:\n\n```\nWarning: Value for undeclared variable\n\n  on main.tfvars line 1:\n   1: test_var=\"12345\"\n\nThe root module does not declare a variable named \"test_var\". To use this\nvalue, add a \"variable\" block to the configuration.\n\nUsing a variables file to set an undeclared variable is deprecated and will\nbecome an error in a future release. If you wish to provide certain \"global\"\nsettings to all configurations in your organization, use TF_VAR_...\nenvironment variables to set these instead.\n\n```",
                "title": "#22541 Terraform 0.12 shows warnings only when there are changes",
                "footer": "<https:\/\/github.com\/hashicorp\/terraform|hashicorp\/terraform>",
                "id": 1,
                "title_link": "https:\/\/github.com\/hashicorp\/terraform\/issues\/22541",
                "author_link": "https:\/\/github.com\/cthulhu",
                "author_icon": "https:\/\/avatars1.githubusercontent.com\/u\/43007?v=4",
                "footer_icon": "https:\/\/github.githubassets.com\/favicon.ico",
                "ts": 1566379226,
                "color": "cb2431",
                "fields": [
                    {
                        "title": "Labels",
                        "value": "bug, cli, v0.12",
                        "short": true
                    },
                    {
                        "title": "Comments",
                        "value": "3",
                        "short": true
                    }
                ],
                "mrkdwn_in": [
                    "text"
                ],
                "bot_id": "BH12QQBB4",
                "app_unfurl_url": "https:\/\/github.com\/hashicorp\/terraform\/issues\/22541",
                "is_app_unfurl": true
            }
        ],
        "blocks": [
            {
                "type": "rich_text",
                "block_id": "N=5",
                "elements": [
                    {
                        "type": "rich_text_section",
                        "elements": [
                            {
                                "type": "link",
                                "url": "https:\/\/github.com\/hashicorp\/terraform\/issues\/22541"
                            }
                        ]
                    }
                ]
            }
        ]
    },
    {
        "client_msg_id": "73347a47-e532-4b31-bee1-c4b534de8d50",
        "type": "message",
        "text": "このchangelog読んでて気づきましたがvariable validationに関する記述がない・・・。これは0.13でも正式仕様にならないということか :disappointed:",
        "user": "UTK1B5BB2",
        "ts": "1585274123.011400",
        "team": "TFU0BKCQP",
        "user_team": "TFU0BKCQP",
        "source_team": "TFU0BKCQP",
        "user_profile": {
            "avatar_hash": "f9e26d92b470",
            "image_72": "https:\/\/avatars.slack-edge.com\/2020-02-05\/926890716897_f9e26d92b470908ab893_72.png",
            "first_name": "",
            "real_name": "kbigwheel",
            "display_name": "kbigwheel",
            "team": "TFU0BKCQP",
            "name": "k.bigwheel",
            "is_restricted": false,
            "is_ultra_restricted": false
        },
        "blocks": [
            {
                "type": "rich_text",
                "block_id": "UDgN",
                "elements": [
                    {
                        "type": "rich_text_section",
                        "elements": [
                            {
                                "type": "text",
                                "text": "このchangelog読んでて気づきましたがvariable validationに関する記述がない・・・。これは0.13でも正式仕様にならないということか "
                            },
                            {
                                "type": "emoji",
                                "name": "disappointed"
                            }
                        ]
                    }
                ]
            }
        ],
        "reactions": [
            {
                "name": "sorena",
                "users": [
                    "UFU0BKD8F"
                ],
                "count": 1
            }
        ]
    },
    {
        "client_msg_id": "25c0e758-8796-4ea1-9a37-028a0f7f4ff8",
        "type": "message",
        "text": "しゅっとテストしたコードをそっと置いていく\n```$ cat <http:\/\/test.tf|test.tf>\nvariable \"image_id\" {\n  type        = string\n  description = \"The id of the machine image (AMI) to use for the server.\"\n\n  validation {\n    condition     = length(var.image_id) &gt; 4 &amp;&amp; substr(var.image_id, 0, 4) == \"ami-\"\n    error_message = \"The image_id value must be a valid AMI id, starting with \\\"ami-\\\".\"\n  }\n}\n\nterraform {\n  experiments = [variable_validation]\n}\n\n\n$ t version\n$ t validate\n$ ti\n$ tp\n$ tp -var image_id=ami-12345\n$ tp -var image_id=ami-12345 -detailed-exitcode\n$ tp -var image_id=ami-12345 -detailed-exitcode -compact-warnings\n$ echo $?```\nalias は書かんでもわかると思うけど一応\n```alias t='terraform'\nalias ta='terraform apply'\nalias tf='terraform fmt'\nalias ti='terraform init'\nalias tp='terraform plan'```\n",
        "user": "UFU0BKD8F",
        "ts": "1585275697.012600",
        "team": "TFU0BKCQP",
        "user_team": "TFU0BKCQP",
        "source_team": "TFU0BKCQP",
        "user_profile": {
            "avatar_hash": "92c41c62c7b0",
            "image_72": "https:\/\/avatars.slack-edge.com\/2019-01-30\/537137791812_92c41c62c7b0f054d3dd_72.jpg",
            "first_name": "らき",
            "real_name": "らき",
            "display_name": "raki",
            "team": "TFU0BKCQP",
            "name": "nishimuray",
            "is_restricted": false,
            "is_ultra_restricted": false
        },
        "blocks": [
            {
                "type": "rich_text",
                "block_id": "yod",
                "elements": [
                    {
                        "type": "rich_text_section",
                        "elements": [
                            {
                                "type": "text",
                                "text": "しゅっとテストしたコードをそっと置いていく\n"
                            }
                        ]
                    },
                    {
                        "type": "rich_text_preformatted",
                        "elements": [
                            {
                                "type": "text",
                                "text": "$ cat test.tf\nvariable \"image_id\" {\n  type        = string\n  description = \"The id of the machine image (AMI) to use for the server.\"\n\n  validation {\n    condition     = length(var.image_id) > 4 && substr(var.image_id, 0, 4) == \"ami-\"\n    error_message = \"The image_id value must be a valid AMI id, starting with \\\"ami-\\\".\"\n  }\n}\n\nterraform {\n  experiments = [variable_validation]\n}\n\n\n$ t version\n$ t validate\n$ ti\n$ tp\n$ tp -var image_id=ami-12345\n$ tp -var image_id=ami-12345 -detailed-exitcode\n$ tp -var image_id=ami-12345 -detailed-exitcode -compact-warnings\n$ echo $?"
                            }
                        ]
                    },
                    {
                        "type": "rich_text_section",
                        "elements": [
                            {
                                "type": "text",
                                "text": "\nalias は書かんでもわかると思うけど一応\n"
                            }
                        ]
                    },
                    {
                        "type": "rich_text_preformatted",
                        "elements": [
                            {
                                "type": "text",
                                "text": "alias t='terraform'\nalias ta='terraform apply'\nalias tf='terraform fmt'\nalias ti='terraform init'\nalias tp='terraform plan'"
                            }
                        ]
                    },
                    {
                        "type": "rich_text_section",
                        "elements": []
                    }
                ]
            }
        ],
        "reactions": [
            {
                "name": "+1",
                "users": [
                    "UTK1B5BB2"
                ],
                "count": 1
            }
        ]
    },
    {
        "client_msg_id": "64572A5A-0F8C-4024-A2D7-974F88EF4362",
        "type": "message",
        "text": "普通に使えて便利なだけに残念。\nこっちではvalidationブロックをコメントアウトして将来有効にすることにしました",
        "user": "UTK1B5BB2",
        "ts": "1585277199.014800",
        "team": "TFU0BKCQP",
        "user_team": "TFU0BKCQP",
        "source_team": "TFU0BKCQP",
        "user_profile": {
            "avatar_hash": "f9e26d92b470",
            "image_72": "https:\/\/avatars.slack-edge.com\/2020-02-05\/926890716897_f9e26d92b470908ab893_72.png",
            "first_name": "",
            "real_name": "kbigwheel",
            "display_name": "kbigwheel",
            "team": "TFU0BKCQP",
            "name": "k.bigwheel",
            "is_restricted": false,
            "is_ultra_restricted": false
        },
        "blocks": [
            {
                "type": "rich_text",
                "block_id": "WwV",
                "elements": [
                    {
                        "type": "rich_text_section",
                        "elements": [
                            {
                                "type": "text",
                                "text": "普通に使えて便利なだけに残念。\nこっちではvalidationブロックをコメントアウトして将来有効にすることにしました"
                            }
                        ]
                    }
                ]
            }
        ]
    },
    {
        "client_msg_id": "fd9823fb-d416-4e79-b212-53ff724536cf",
        "type": "message",
        "text": "terraform は宣言的を目指してると思うので、モジュール以外で必要になるケースは少ない（ほうがいい）かなって\n思う気もするし、conditionが貧弱すぎるケースも出ちゃうと思うので、どっちかって言えばどうしてもバリデーションしたいなら\nnull_resource でチェックさせて落とすほうがいいのかもしんまい、とか思った。",
        "user": "UFU0BKD8F",
        "ts": "1585277644.018300",
        "team": "TFU0BKCQP",
        "user_team": "TFU0BKCQP",
        "source_team": "TFU0BKCQP",
        "user_profile": {
            "avatar_hash": "92c41c62c7b0",
            "image_72": "https:\/\/avatars.slack-edge.com\/2019-01-30\/537137791812_92c41c62c7b0f054d3dd_72.jpg",
            "first_name": "らき",
            "real_name": "らき",
            "display_name": "raki",
            "team": "TFU0BKCQP",
            "name": "nishimuray",
            "is_restricted": false,
            "is_ultra_restricted": false
        },
        "blocks": [
            {
                "type": "rich_text",
                "block_id": "BD0G\/",
                "elements": [
                    {
                        "type": "rich_text_section",
                        "elements": [
                            {
                                "type": "text",
                                "text": "terraform は宣言的を目指してると思うので、モジュール以外で必要になるケースは少ない（ほうがいい）かなって\n思う気もするし、conditionが貧弱すぎるケースも出ちゃうと思うので、どっちかって言えばどうしてもバリデーションしたいなら\nnull_resource でチェックさせて落とすほうがいいのかもしんまい、とか思った。"
                            }
                        ]
                    }
                ]
            }
        ]
    },
    {
        "client_msg_id": "86b6201a-c2ac-4f4f-a0d8-c1bd87d936c0",
        "type": "message",
        "text": "そうですねー。あとconftestみたいな外部linterつかう手もあるのかなあ。",
        "user": "UTK1B5BB2",
        "ts": "1585280520.018700",
        "team": "TFU0BKCQP",
        "user_team": "TFU0BKCQP",
        "source_team": "TFU0BKCQP",
        "user_profile": {
            "avatar_hash": "f9e26d92b470",
            "image_72": "https:\/\/avatars.slack-edge.com\/2020-02-05\/926890716897_f9e26d92b470908ab893_72.png",
            "first_name": "",
            "real_name": "kbigwheel",
            "display_name": "kbigwheel",
            "team": "TFU0BKCQP",
            "name": "k.bigwheel",
            "is_restricted": false,
            "is_ultra_restricted": false
        },
        "blocks": [
            {
                "type": "rich_text",
                "block_id": "sfUBK",
                "elements": [
                    {
                        "type": "rich_text_section",
                        "elements": [
                            {
                                "type": "text",
                                "text": "そうですねー。あとconftestみたいな外部linterつかう手もあるのかなあ。"
                            }
                        ]
                    }
                ]
            }
        ]
    }
]