[
    {
        "type": "message",
        "subtype": "channel_join",
        "ts": "1584515373.003600",
        "user": "UGW0ABZLG",
        "text": "<@UGW0ABZLG>さんがチャンネルに参加しました"
    },
    {
        "type": "message",
        "subtype": "channel_join",
        "ts": "1584517345.003800",
        "user": "UR84TUP46",
        "text": "<@UR84TUP46>さんがチャンネルに参加しました"
    },
    {
        "type": "message",
        "subtype": "channel_join",
        "ts": "1584517503.004000",
        "user": "UFT60TQCQ",
        "text": "<@UFT60TQCQ>さんがチャンネルに参加しました"
    },
    {
        "type": "message",
        "subtype": "channel_join",
        "ts": "1584517692.004200",
        "user": "UGFSM002K",
        "text": "<@UGFSM002K>さんがチャンネルに参加しました"
    },
    {
        "client_msg_id": "c07202d4-437f-46b1-9317-ab1b43e00123",
        "type": "message",
        "text": "v0.13_upgrade サブコマンドらしきファイルに見る v0.13 対応とか Go の読める誰かやりませんかｗ\n<https:\/\/github.com\/hashicorp\/terraform\/blob\/alisdair\/013upgrade\/command\/013_config_upgrade.go>",
        "user": "UFU0BKD8F",
        "ts": "1584518253.005400",
        "team": "TFU0BKCQP",
        "user_team": "TFU0BKCQP",
        "source_team": "TFU0BKCQP",
        "user_profile": {
            "avatar_hash": "92c41c62c7b0",
            "image_72": "https:\/\/avatars.slack-edge.com\/2019-01-30\/537137791812_92c41c62c7b0f054d3dd_72.jpg",
            "first_name": "らき",
            "real_name": "らき",
            "display_name": "raki",
            "team": "TFU0BKCQP",
            "name": "nishimuray",
            "is_restricted": false,
            "is_ultra_restricted": false
        },
        "blocks": [
            {
                "type": "rich_text",
                "block_id": "J8kRv",
                "elements": [
                    {
                        "type": "rich_text_section",
                        "elements": [
                            {
                                "type": "text",
                                "text": "v0.13_upgrade サブコマンドらしきファイルに見る v0.13 対応とか Go の読める誰かやりませんかｗ\n"
                            },
                            {
                                "type": "link",
                                "url": "https:\/\/github.com\/hashicorp\/terraform\/blob\/alisdair\/013upgrade\/command\/013_config_upgrade.go"
                            }
                        ]
                    }
                ]
            }
        ]
    },
    {
        "client_msg_id": "89f23086-166a-41ce-8555-0f1455d784d1",
        "type": "message",
        "text": "required_providers が 012 の時の <http:\/\/versions.tf|versions.tf> みたいに強制排出されるのかしら。。。\n（正直邪魔なのでいらんのじゃが。。。",
        "user": "UFU0BKD8F",
        "ts": "1584518328.006600",
        "team": "TFU0BKCQP",
        "user_team": "TFU0BKCQP",
        "source_team": "TFU0BKCQP",
        "user_profile": {
            "avatar_hash": "92c41c62c7b0",
            "image_72": "https:\/\/avatars.slack-edge.com\/2019-01-30\/537137791812_92c41c62c7b0f054d3dd_72.jpg",
            "first_name": "らき",
            "real_name": "らき",
            "display_name": "raki",
            "team": "TFU0BKCQP",
            "name": "nishimuray",
            "is_restricted": false,
            "is_ultra_restricted": false
        },
        "blocks": [
            {
                "type": "rich_text",
                "block_id": "P12H",
                "elements": [
                    {
                        "type": "rich_text_section",
                        "elements": [
                            {
                                "type": "text",
                                "text": "required_providers が 012 の時の versions.tf みたいに強制排出されるのかしら。。。\n（正直邪魔なのでいらんのじゃが。。。"
                            }
                        ]
                    }
                ]
            }
        ]
    },
    {
        "type": "message",
        "subtype": "channel_join",
        "ts": "1584518852.006800",
        "user": "ULMEHJ56W",
        "text": "<@ULMEHJ56W>さんがチャンネルに参加しました"
    },
    {
        "type": "message",
        "subtype": "channel_join",
        "ts": "1584521936.007000",
        "user": "ULS55L16V",
        "text": "<@ULS55L16V>さんがチャンネルに参加しました"
    },
    {
        "type": "message",
        "subtype": "channel_join",
        "ts": "1584525078.007200",
        "user": "UHS4SFFA7",
        "text": "<@UHS4SFFA7>さんがチャンネルに参加しました"
    },
    {
        "client_msg_id": "8fdceafd-7c12-480c-a2bf-2ab7a6d7a26d",
        "type": "message",
        "text": "気になってチラ見した感じ、まだ作りかけっぽいけどproviderのsource対応でproviders.tfファイル生成しそうですね。",
        "user": "UHS4SFFA7",
        "ts": "1584525719.010100",
        "team": "TFU0BKCQP",
        "user_team": "TFU0BKCQP",
        "source_team": "TFU0BKCQP",
        "user_profile": {
            "avatar_hash": "gade34f8bdf1",
            "image_72": "https:\/\/secure.gravatar.com\/avatar\/5ade34f8bdf1b55c4ff82c11cf23cf42.jpg?s=72&d=https%3A%2F%2Fa.slack-edge.com%2Fdf10d%2Fimg%2Favatars%2Fava_0008-72.png",
            "first_name": "",
            "real_name": "minamijoyo",
            "display_name": "minamijoyo",
            "team": "TFU0BKCQP",
            "name": "minamijoyo",
            "is_restricted": false,
            "is_ultra_restricted": false
        },
        "blocks": [
            {
                "type": "rich_text",
                "block_id": "Ov\/e",
                "elements": [
                    {
                        "type": "rich_text_section",
                        "elements": [
                            {
                                "type": "text",
                                "text": "気になってチラ見した感じ、まだ作りかけっぽいけどproviderのsource対応でproviders.tfファイル生成しそうですね。"
                            }
                        ]
                    }
                ]
            }
        ]
    },
    {
        "client_msg_id": "7b42fd85-ed4d-46ca-993c-e24bc4a2f67f",
        "type": "message",
        "text": "0.13.0出す前にたぶんalphaかbeta出すと思うんで、新規のproviders.tfファイル作成されるのうざいので、既存のterraformブロックがあればrequired_providerそこにマージして欲しいというフィードバックをissue立てよう的な",
        "user": "UHS4SFFA7",
        "ts": "1584526366.015900",
        "team": "TFU0BKCQP",
        "user_team": "TFU0BKCQP",
        "source_team": "TFU0BKCQP",
        "user_profile": {
            "avatar_hash": "gade34f8bdf1",
            "image_72": "https:\/\/secure.gravatar.com\/avatar\/5ade34f8bdf1b55c4ff82c11cf23cf42.jpg?s=72&d=https%3A%2F%2Fa.slack-edge.com%2Fdf10d%2Fimg%2Favatars%2Fava_0008-72.png",
            "first_name": "",
            "real_name": "minamijoyo",
            "display_name": "minamijoyo",
            "team": "TFU0BKCQP",
            "name": "minamijoyo",
            "is_restricted": false,
            "is_ultra_restricted": false
        },
        "blocks": [
            {
                "type": "rich_text",
                "block_id": "W6KG",
                "elements": [
                    {
                        "type": "rich_text_section",
                        "elements": [
                            {
                                "type": "text",
                                "text": "0.13.0出す前にたぶんalphaかbeta出すと思うんで、新規のproviders.tfファイル作成されるのうざいので、既存のterraformブロックがあればrequired_providerそこにマージして欲しいというフィードバックをissue立てよう的な"
                            }
                        ]
                    }
                ]
            }
        ]
    },
    {
        "type": "message",
        "subtype": "channel_join",
        "ts": "1584529605.016600",
        "user": "UREE40K7A",
        "text": "<@UREE40K7A>さんがチャンネルに参加しました"
    },
    {
        "type": "message",
        "subtype": "channel_join",
        "ts": "1584530454.016800",
        "user": "UJ0HPTBD2",
        "text": "<@UJ0HPTBD2>さんがチャンネルに参加しました"
    },
    {
        "type": "message",
        "subtype": "channel_join",
        "ts": "1584533840.017000",
        "user": "UG46Z57TN",
        "text": "<@UG46Z57TN>さんがチャンネルに参加しました"
    },
    {
        "type": "message",
        "subtype": "channel_join",
        "ts": "1584538251.017200",
        "user": "UL1238EFN",
        "text": "<@UL1238EFN>さんがチャンネルに参加しました"
    }
]