[
    {
        "client_msg_id": "e3f14298-e9dd-4fef-8ed8-b3e29e5aac80",
        "type": "message",
        "text": "0.13もいいんですがそろそろ1.0にもしてほしいところ",
        "user": "UTK1B5BB2",
        "ts": "1584703719.023600",
        "team": "TFU0BKCQP",
        "user_team": "TFU0BKCQP",
        "source_team": "TFU0BKCQP",
        "user_profile": {
            "avatar_hash": "f9e26d92b470",
            "image_72": "https:\/\/avatars.slack-edge.com\/2020-02-05\/926890716897_f9e26d92b470908ab893_72.png",
            "first_name": "",
            "real_name": "kbigwheel",
            "display_name": "kbigwheel",
            "team": "TFU0BKCQP",
            "name": "k.bigwheel",
            "is_restricted": false,
            "is_ultra_restricted": false
        },
        "blocks": [
            {
                "type": "rich_text",
                "block_id": "hMj",
                "elements": [
                    {
                        "type": "rich_text_section",
                        "elements": [
                            {
                                "type": "text",
                                "text": "0.13もいいんですがそろそろ1.0にもしてほしいところ"
                            }
                        ]
                    }
                ]
            }
        ],
        "reactions": [
            {
                "name": "wakaru",
                "users": [
                    "UGFSM002K"
                ],
                "count": 1
            }
        ]
    }
]