[
    {
        "user": "UFU0BKD8F",
        "type": "message",
        "subtype": "channel_join",
        "ts": "1550951101.000200",
        "text": "<@UFU0BKD8F>さんがチャンネルに参加しました"
    },
    {
        "user": "UFU0BKD8F",
        "type": "message",
        "subtype": "channel_purpose",
        "ts": "1550951102.000300",
        "text": "<@UFU0BKD8F>さんがチャンネルの目的を設定しました : terraform のちょっとしたtipsを蓄積してローディングメッセージにする",
        "purpose": "terraform のちょっとしたtipsを蓄積してローディングメッセージにする"
    },
    {
        "client_msg_id": "31d74bef-518c-4e34-b30c-626f2d8e0985",
        "type": "message",
        "text": "-parallelism=n - apply,plan,destroyで指定すると同時処理量を変更できる（デフォルトは10）",
        "user": "UFU0BKD8F",
        "ts": "1550951394.001800"
    },
    {
        "user": "UFU0BKD8F",
        "type": "message",
        "subtype": "channel_purpose",
        "ts": "1550951553.001900",
        "text": "<@UFU0BKD8F>さんがチャンネルの目的を設定しました : terraform のちょっとしたtipsをローディングメッセージに積み上げてみる",
        "purpose": "terraform のちょっとしたtipsをローディングメッセージに積み上げてみる"
    },
    {
        "client_msg_id": "19a75bda-1216-42a3-9899-dab4368f0516",
        "type": "message",
        "text": "ここから追加： <https:\/\/terraform-jp.slack.com\/customize\/loading>",
        "user": "UFU0BKD8F",
        "ts": "1550951579.002200"
    }
]