[
    {
        "client_msg_id": "e8619178-4292-4c18-97b8-1c9d89f87419",
        "type": "message",
        "text": "いつの間にか 0.12.8 がきてた (9\/4)\n<https:\/\/github.com\/hashicorp\/terraform\/releases\/tag\/v0.12.8>",
        "user": "UFT60TQCQ",
        "ts": "1567866145.001500",
        "team": "TFU0BKCQP",
        "user_team": "TFU0BKCQP",
        "source_team": "TFU0BKCQP",
        "user_profile": {
            "avatar_hash": "f10ceef4e6f6",
            "image_72": "https:\/\/avatars.slack-edge.com\/2019-01-31\/539093872183_f10ceef4e6f603f1f094_72.jpg",
            "first_name": "sogaoh",
            "real_name": "sogaoh",
            "display_name": "",
            "team": "TFU0BKCQP",
            "name": "sogaoh",
            "is_restricted": false,
            "is_ultra_restricted": false
        },
        "edited": {
            "user": "UFT60TQCQ",
            "ts": "1567866164.000000"
        },
        "reactions": [
            {
                "name": "+1",
                "users": [
                    "UGY8YDQ2G"
                ],
                "count": 1
            }
        ]
    },
    {
        "client_msg_id": "109c8e96-a0b1-43f0-a3a4-521a17d45321",
        "type": "message",
        "text": "っ <#CG2UA0AA2|release>",
        "user": "UFU0BKD8F",
        "ts": "1567870797.001900",
        "team": "TFU0BKCQP",
        "user_team": "TFU0BKCQP",
        "source_team": "TFU0BKCQP",
        "user_profile": {
            "avatar_hash": "92c41c62c7b0",
            "image_72": "https:\/\/avatars.slack-edge.com\/2019-01-30\/537137791812_92c41c62c7b0f054d3dd_72.jpg",
            "first_name": "らき",
            "real_name": "らき",
            "display_name": "raki",
            "team": "TFU0BKCQP",
            "name": "nishimuray",
            "is_restricted": false,
            "is_ultra_restricted": false
        },
        "reactions": [
            {
                "name": "man-bowing",
                "users": [
                    "UFT60TQCQ"
                ],
                "count": 1
            }
        ]
    }
]