[
    {
        "client_msg_id": "a82aa189-6690-4bfb-94f6-82578000120c",
        "type": "message",
        "text": "こんにちは。最近Terraformさわりだしました。昨日ハンズオンでTerraform enterprise初めて触りました。よろしくお願いいたします。",
        "user": "UMLGPCZJ4",
        "ts": "1567758729.005400",
        "team": "TFU0BKCQP",
        "user_team": "TFU0BKCQP",
        "source_team": "TFU0BKCQP",
        "user_profile": {
            "avatar_hash": "g1cc6fcfb652",
            "image_72": "https:\/\/secure.gravatar.com\/avatar\/e1cc6fcfb6521dd18eff8f4a525e1d75.jpg?s=72&d=https%3A%2F%2Fa.slack-edge.com%2Fdf10d%2Fimg%2Favatars%2Fava_0004-72.png",
            "first_name": "",
            "real_name": "Yuji Azuma NEC",
            "display_name": "Yuji Azuma NEC",
            "team": "TFU0BKCQP",
            "name": "y-azuma",
            "is_restricted": false,
            "is_ultra_restricted": false
        },
        "reactions": [
            {
                "name": "よろしく",
                "users": [
                    "UFUP9BGES",
                    "UKVF41YJV",
                    "UFTKSQ25T",
                    "UMF9KBT09",
                    "UGVSWU1CY",
                    "UM2FB5M29",
                    "UN54FJ396"
                ],
                "count": 7
            }
        ]
    }
]