[
    {
        "type": "message",
        "subtype": "bot_message",
        "text": "<https:\/\/www.reddit.com\/r\/Terraform\/comments\/updu34\/modifying_an_existing_aws_iam_group\/|Modifying an existing AWS IAM Group>\nThis might be a stupid question but I've only started using terraform. I'm modifying existing group membership ​ data \"aws_iam_group\" \"test-dev\" { group_name = \"test-dev-access\" } resource \"aws_iam_group_membership\" \"test\" { name = \"test-dev-access-group-membership\" users = [ \"user5\", \"user6\", \"user7\", ] group = data.aws_iam_group.test-dev.group_name }  So that code works fine and adds user5,6,7.  But it removes user1,2,3,4 from the group also. any way to prevent it from doing that? or to...",
        "ts": "1652522188.998889",
        "username": "Terraform",
        "icons": {
            "image_48": "https:\/\/s3-us-west-2.amazonaws.com\/slack-files2\/bot_icons\/2019-02-12\/548785199618_48.png"
        },
        "bot_id": "BG3N7LG73",
        "blocks": [
            {
                "type": "rich_text",
                "block_id": "yK0",
                "elements": [
                    {
                        "type": "rich_text_section",
                        "elements": [
                            {
                                "type": "link",
                                "url": "https:\/\/www.reddit.com\/r\/Terraform\/comments\/updu34\/modifying_an_existing_aws_iam_group\/",
                                "text": "Modifying an existing AWS IAM Group"
                            },
                            {
                                "type": "text",
                                "text": "\nThis might be a stupid question but I've only started using terraform. I'm modifying existing group membership ​ data \"aws_iam_group\" \"test-dev\" { group_name = \"test-dev-access\" } resource \"aws_iam_group_membership\" \"test\" { name = \"test-dev-access-group-membership\" users = [ \"user5\", \"user6\", \"user7\", ] group = data.aws_iam_group.test-dev.group_name }  So that code works fine and adds user5,6,7.  But it removes user1,2,3,4 from the group also. any way to prevent it from doing that? or to..."
                            }
                        ]
                    }
                ]
            }
        ],
        "attachments": [
            {
                "from_url": "https:\/\/www.reddit.com\/r\/Terraform\/comments\/updu34\/modifying_an_existing_aws_iam_group\/",
                "thumb_url": "https:\/\/www.redditstatic.com\/new-icon.png",
                "thumb_width": 256,
                "thumb_height": 256,
                "service_icon": "http:\/\/www.redditstatic.com\/desktop2x\/img\/favicon\/apple-icon-57x57.png",
                "id": 1,
                "original_url": "https:\/\/www.reddit.com\/r\/Terraform\/comments\/updu34\/modifying_an_existing_aws_iam_group\/",
                "fallback": "reddit: Modifying an existing AWS IAM Group",
                "text": "This might be a stupid question but I've only started using terraform. I'm modifying existing group membership &amp;#x200B; data...",
                "title": "Modifying an existing AWS IAM Group",
                "title_link": "https:\/\/www.reddit.com\/r\/Terraform\/comments\/updu34\/modifying_an_existing_aws_iam_group\/",
                "service_name": "reddit"
            }
        ],
        "edited": {
            "user": "BG3N7LG73",
            "ts": "1652522189.000000"
        }
    },
    {
        "type": "message",
        "subtype": "bot_message",
        "text": "<https:\/\/www.reddit.com\/r\/Terraform\/comments\/updu77\/i_wrote_some_terraform_introductory_stuff_with\/|I wrote some terraform introductory stuff with some diagrams. Hope you like it>\nI wrote some terraform introductory stuff with some diagrams included. <https:\/\/medium.com\/@mfundo\/how-terraform-works-a-visual-intro-6328cddbe067|https:\/\/medium.com\/@mfundo\/how-terraform-works-a-visual-intro-6328cddbe067>    submitted by   <https:\/\/www.reddit.com\/user\/47billz| \/u\/47billz > \n<https:\/\/www.reddit.com\/r\/Terraform\/comments\/updu77\/i_wrote_some_terraform_introductory_stuff_with\/|[link]>   &lt;a...",
        "ts": "1652522189.033019",
        "username": "Terraform",
        "icons": {
            "image_48": "https:\/\/s3-us-west-2.amazonaws.com\/slack-files2\/bot_icons\/2019-02-12\/548785199618_48.png"
        },
        "bot_id": "BG3N7LG73",
        "blocks": [
            {
                "type": "rich_text",
                "block_id": "Y=mrA",
                "elements": [
                    {
                        "type": "rich_text_section",
                        "elements": [
                            {
                                "type": "link",
                                "url": "https:\/\/www.reddit.com\/r\/Terraform\/comments\/updu77\/i_wrote_some_terraform_introductory_stuff_with\/",
                                "text": "I wrote some terraform introductory stuff with some diagrams. Hope you like it"
                            },
                            {
                                "type": "text",
                                "text": "\nI wrote some terraform introductory stuff with some diagrams included. "
                            },
                            {
                                "type": "link",
                                "url": "https:\/\/medium.com\/@mfundo\/how-terraform-works-a-visual-intro-6328cddbe067"
                            },
                            {
                                "type": "text",
                                "text": "    submitted by   "
                            },
                            {
                                "type": "link",
                                "url": "https:\/\/www.reddit.com\/user\/47billz",
                                "text": "\/u\/47billz"
                            },
                            {
                                "type": "text",
                                "text": " \n"
                            },
                            {
                                "type": "link",
                                "url": "https:\/\/www.reddit.com\/r\/Terraform\/comments\/updu77\/i_wrote_some_terraform_introductory_stuff_with\/",
                                "text": "[link]"
                            },
                            {
                                "type": "text",
                                "text": "   <a..."
                            }
                        ]
                    }
                ]
            }
        ],
        "attachments": [
            {
                "from_url": "https:\/\/www.reddit.com\/r\/Terraform\/comments\/updu77\/i_wrote_some_terraform_introductory_stuff_with\/",
                "thumb_url": "https:\/\/www.redditstatic.com\/new-icon.png",
                "thumb_width": 256,
                "thumb_height": 256,
                "service_icon": "http:\/\/www.redditstatic.com\/desktop2x\/img\/favicon\/apple-icon-57x57.png",
                "id": 1,
                "original_url": "https:\/\/www.reddit.com\/r\/Terraform\/comments\/updu77\/i_wrote_some_terraform_introductory_stuff_with\/",
                "fallback": "reddit: I wrote some terraform introductory stuff with some diagrams. Hope you like it",
                "text": "I wrote some terraform introductory stuff with some diagrams...",
                "title": "I wrote some terraform introductory stuff with some diagrams. Hope you like it",
                "title_link": "https:\/\/www.reddit.com\/r\/Terraform\/comments\/updu77\/i_wrote_some_terraform_introductory_stuff_with\/",
                "service_name": "reddit"
            },
            {
                "from_url": "https:\/\/medium.com\/@mfundo\/how-terraform-works-a-visual-intro-6328cddbe067",
                "ts": 1652519805,
                "image_url": "https:\/\/miro.medium.com\/max\/1200\/1*A1PWiPFasWKNePCgL6N_Cg.png",
                "image_width": 699,
                "image_height": 250,
                "image_bytes": 229341,
                "service_icon": "https:\/\/miro.medium.com\/fit\/c\/152\/152\/1*sHhtYhaCe2Uc3IU0IgKwIQ.png",
                "id": 2,
                "original_url": "https:\/\/medium.com\/@mfundo\/how-terraform-works-a-visual-intro-6328cddbe067",
                "fallback": "Medium: How Terraform Works: A Visual Intro",
                "text": "As a way to refresh my terraform knowledge, I keep a stash of some diagrams. In any topic I always find the exercise of creating…",
                "title": "How Terraform Works: A Visual Intro",
                "title_link": "https:\/\/medium.com\/@mfundo\/how-terraform-works-a-visual-intro-6328cddbe067",
                "service_name": "Medium",
                "fields": [
                    {
                        "value": "2 min read",
                        "title": "Reading time",
                        "short": true
                    }
                ]
            },
            {
                "from_url": "https:\/\/www.reddit.com\/user\/47billz",
                "service_icon": "http:\/\/www.redditstatic.com\/desktop2x\/img\/favicon\/apple-icon-57x57.png",
                "id": 3,
                "original_url": "https:\/\/www.reddit.com\/user\/47billz",
                "fallback": "overview for 47billz",
                "text": "The u\/47billz community on Reddit. Reddit gives you the best of the internet in one place.",
                "title": "overview for 47billz",
                "title_link": "https:\/\/www.reddit.com\/user\/47billz",
                "service_name": "reddit.com"
            }
        ],
        "edited": {
            "user": "BG3N7LG73",
            "ts": "1652522189.000000"
        }
    },
    {
        "type": "message",
        "subtype": "bot_message",
        "text": "<https:\/\/www.reddit.com\/r\/Terraform\/comments\/upktac\/is_there_way_to_do_an_conditional_on_a\/|is there way to do an conditional on a module\/resource, and only call it if the provider alias matches a certain string?>\npseudo code:  resource myresource { if provider.alias == \"myalias\"? 1: 0 }    submitted by   <https:\/\/www.reddit.com\/user\/gqtrees| \/u\/gqtrees > \n<https:\/\/www.reddit.com\/r\/Terraform\/comments\/upktac\/is_there_way_to_do_an_conditional_on_a\/|[link]>   <https:\/\/www.reddit.com\/r\/Terraform\/comments\/upktac\/is_there_way_to_do_an_conditional_on_a\/|[comments]>",
        "ts": "1652546187.955489",
        "username": "Terraform",
        "icons": {
            "image_48": "https:\/\/s3-us-west-2.amazonaws.com\/slack-files2\/bot_icons\/2019-02-12\/548785199618_48.png"
        },
        "bot_id": "BG3N7LG73",
        "blocks": [
            {
                "type": "rich_text",
                "block_id": "Ixc",
                "elements": [
                    {
                        "type": "rich_text_section",
                        "elements": [
                            {
                                "type": "link",
                                "url": "https:\/\/www.reddit.com\/r\/Terraform\/comments\/upktac\/is_there_way_to_do_an_conditional_on_a\/",
                                "text": "is there way to do an conditional on a module\/resource, and only call it if the provider alias matches a certain string?"
                            },
                            {
                                "type": "text",
                                "text": "\npseudo code:  resource myresource { if provider.alias == \"myalias\"? 1: 0 }    submitted by   "
                            },
                            {
                                "type": "link",
                                "url": "https:\/\/www.reddit.com\/user\/gqtrees",
                                "text": "\/u\/gqtrees"
                            },
                            {
                                "type": "text",
                                "text": " \n"
                            },
                            {
                                "type": "link",
                                "url": "https:\/\/www.reddit.com\/r\/Terraform\/comments\/upktac\/is_there_way_to_do_an_conditional_on_a\/",
                                "text": "[link]"
                            },
                            {
                                "type": "text",
                                "text": "   "
                            },
                            {
                                "type": "link",
                                "url": "https:\/\/www.reddit.com\/r\/Terraform\/comments\/upktac\/is_there_way_to_do_an_conditional_on_a\/",
                                "text": "[comments]"
                            }
                        ]
                    }
                ]
            }
        ],
        "attachments": [
            {
                "from_url": "https:\/\/www.reddit.com\/r\/Terraform\/comments\/upktac\/is_there_way_to_do_an_conditional_on_a\/",
                "thumb_url": "https:\/\/www.redditstatic.com\/new-icon.png",
                "thumb_width": 256,
                "thumb_height": 256,
                "service_icon": "http:\/\/www.redditstatic.com\/desktop2x\/img\/favicon\/apple-icon-57x57.png",
                "id": 1,
                "original_url": "https:\/\/www.reddit.com\/r\/Terraform\/comments\/upktac\/is_there_way_to_do_an_conditional_on_a\/",
                "fallback": "reddit: is there way to do an conditional on a module\/resource, and only call it if the provider alias matches a certain string?",
                "text": "pseudo code: resource myresource { if provider.alias == \"myalias\"? 1: 0 }",
                "title": "is there way to do an conditional on a module\/resource, and only call it if the provider alias matches a certain string?",
                "title_link": "https:\/\/www.reddit.com\/r\/Terraform\/comments\/upktac\/is_there_way_to_do_an_conditional_on_a\/",
                "service_name": "reddit"
            },
            {
                "from_url": "https:\/\/www.reddit.com\/user\/gqtrees",
                "service_icon": "http:\/\/www.redditstatic.com\/desktop2x\/img\/favicon\/apple-icon-57x57.png",
                "id": 2,
                "original_url": "https:\/\/www.reddit.com\/user\/gqtrees",
                "fallback": "overview for gqtrees",
                "text": "The u\/gqtrees community on Reddit. Reddit gives you the best of the internet in one place.",
                "title": "overview for gqtrees",
                "title_link": "https:\/\/www.reddit.com\/user\/gqtrees",
                "service_name": "reddit.com"
            }
        ],
        "edited": {
            "user": "BG3N7LG73",
            "ts": "1652546188.000000"
        }
    },
    {
        "type": "message",
        "subtype": "bot_message",
        "text": "<https:\/\/www.reddit.com\/r\/Terraform\/comments\/uplou6\/how_can_i_generate_a_workspace_name_from\/|How can I generate a workspace name from terragrunt files?>\nLet's say I have the following repo structure: \/ |- workloads\/s3\/terragrunt.hcl (calls S3 module) terragrunt.hcl (main)  In my main terragrunt, I have (snipped): Note, env variables are: AWS_ENV = \"DEV\" AWS_REGION = \"us-east-1\" ​ locals { TF_HOSTNAME = \"<http:\/\/app.terraform.io|app.terraform.io>\" TF_ORGANIZATION = \"ExampleOrg\" TF_WORKSPACE_PREFIX = \"${get_env(\"AWS_ENV\")}-${get_env(\"AWS_REGION\")}\" } generate \"remote-state-tf\" { path = \"<http:\/\/backend.tf|backend.tf>\" if_exists = \"overwrite_terragrunt\" contents =",
        "ts": "1652549188.847809",
        "username": "Terraform",
        "icons": {
            "image_48": "https:\/\/s3-us-west-2.amazonaws.com\/slack-files2\/bot_icons\/2019-02-12\/548785199618_48.png"
        },
        "bot_id": "BG3N7LG73",
        "blocks": [
            {
                "type": "rich_text",
                "block_id": "C3otm",
                "elements": [
                    {
                        "type": "rich_text_section",
                        "elements": [
                            {
                                "type": "link",
                                "url": "https:\/\/www.reddit.com\/r\/Terraform\/comments\/uplou6\/how_can_i_generate_a_workspace_name_from\/",
                                "text": "How can I generate a workspace name from terragrunt files?"
                            },
                            {
                                "type": "text",
                                "text": "\nLet's say I have the following repo structure: \/ |- workloads\/s3\/terragrunt.hcl (calls S3 module) terragrunt.hcl (main)  In my main terragrunt, I have (snipped): Note, env variables are: AWS_ENV = \"DEV\" AWS_REGION = \"us-east-1\" ​ locals { TF_HOSTNAME = \""
                            },
                            {
                                "type": "link",
                                "url": "http:\/\/app.terraform.io",
                                "text": "app.terraform.io"
                            },
                            {
                                "type": "text",
                                "text": "\" TF_ORGANIZATION = \"ExampleOrg\" TF_WORKSPACE_PREFIX = \"${get_env(\"AWS_ENV\")}-${get_env(\"AWS_REGION\")}\" } generate \"remote-state-tf\" { path = \""
                            },
                            {
                                "type": "link",
                                "url": "http:\/\/backend.tf",
                                "text": "backend.tf"
                            },
                            {
                                "type": "text",
                                "text": "\" if_exists = \"overwrite_terragrunt\" contents ="
                            }
                        ]
                    }
                ]
            }
        ],
        "attachments": [
            {
                "from_url": "https:\/\/www.reddit.com\/r\/Terraform\/comments\/uplou6\/how_can_i_generate_a_workspace_name_from\/",
                "thumb_url": "https:\/\/www.redditstatic.com\/new-icon.png",
                "thumb_width": 256,
                "thumb_height": 256,
                "service_icon": "http:\/\/www.redditstatic.com\/desktop2x\/img\/favicon\/apple-icon-57x57.png",
                "id": 1,
                "original_url": "https:\/\/www.reddit.com\/r\/Terraform\/comments\/uplou6\/how_can_i_generate_a_workspace_name_from\/",
                "fallback": "reddit: How can I generate a workspace name from terragrunt files?",
                "text": "Let's say I have the following repo structure: \/ |- workloads\/s3\/terragrunt.hcl (calls S3 module) terragrunt.hcl (main) In my main...",
                "title": "How can I generate a workspace name from terragrunt files?",
                "title_link": "https:\/\/www.reddit.com\/r\/Terraform\/comments\/uplou6\/how_can_i_generate_a_workspace_name_from\/",
                "service_name": "reddit"
            }
        ],
        "edited": {
            "user": "BG3N7LG73",
            "ts": "1652549189.000000"
        }
    },
    {
        "type": "message",
        "subtype": "bot_message",
        "text": "<https:\/\/www.reddit.com\/r\/Terraform\/comments\/upyffi\/error_while_gke_provisioning_during_terraform_init\/|Error while GKE Provisioning during Terraform init>\nHello all,  I am trying to provision GKE using terraform and when I hit terraform init it shows an error  provider \"google\" { #version = \"~&gt; 3.42.0\" } module \"gke_auth\" { source = \"terraform-google-modules\/kubernetes-engine\/google\/\/modules\/auth\" depends_on = [module.gke] project_id = var.project_id location = module.gke.location cluster_name = module.gke.name } resource \"local_file\" \"kubeconfig\" { content = module.gke_auth.kubeconfig_raw filename = \"kubeconfig-${var.env_name}\" } module...",
        "ts": "1652589986.399079",
        "username": "Terraform",
        "icons": {
            "image_48": "https:\/\/s3-us-west-2.amazonaws.com\/slack-files2\/bot_icons\/2019-02-12\/548785199618_48.png"
        },
        "bot_id": "BG3N7LG73",
        "blocks": [
            {
                "type": "rich_text",
                "block_id": "sDi7",
                "elements": [
                    {
                        "type": "rich_text_section",
                        "elements": [
                            {
                                "type": "link",
                                "url": "https:\/\/www.reddit.com\/r\/Terraform\/comments\/upyffi\/error_while_gke_provisioning_during_terraform_init\/",
                                "text": "Error while GKE Provisioning during Terraform init"
                            },
                            {
                                "type": "text",
                                "text": "\nHello all,  I am trying to provision GKE using terraform and when I hit terraform init it shows an error  provider \"google\" { #version = \"~> 3.42.0\" } module \"gke_auth\" { source = \"terraform-google-modules\/kubernetes-engine\/google\/\/modules\/auth\" depends_on = [module.gke] project_id = var.project_id location = module.gke.location cluster_name = module.gke.name } resource \"local_file\" \"kubeconfig\" { content = module.gke_auth.kubeconfig_raw filename = \"kubeconfig-${var.env_name}\" } module..."
                            }
                        ]
                    }
                ]
            }
        ],
        "attachments": [
            {
                "from_url": "https:\/\/www.reddit.com\/r\/Terraform\/comments\/upyffi\/error_while_gke_provisioning_during_terraform_init\/",
                "thumb_url": "https:\/\/www.redditstatic.com\/new-icon.png",
                "thumb_width": 256,
                "thumb_height": 256,
                "service_icon": "http:\/\/www.redditstatic.com\/desktop2x\/img\/favicon\/apple-icon-57x57.png",
                "id": 1,
                "original_url": "https:\/\/www.reddit.com\/r\/Terraform\/comments\/upyffi\/error_while_gke_provisioning_during_terraform_init\/",
                "fallback": "reddit: Error while GKE Provisioning during Terraform init",
                "text": "Hello all, I am trying to provision GKE using terraform and when I hit terraform init it shows an error provider \"google\" { ...",
                "title": "Error while GKE Provisioning during Terraform init",
                "title_link": "https:\/\/www.reddit.com\/r\/Terraform\/comments\/upyffi\/error_while_gke_provisioning_during_terraform_init\/",
                "service_name": "reddit"
            }
        ],
        "edited": {
            "user": "BG3N7LG73",
            "ts": "1652589986.000000"
        }
    }
]