[
    {
        "client_msg_id": "091b4611-b414-4417-a9ee-a0fd0d1ae094",
        "type": "message",
        "text": "Spotify Userに送るチュートリアルです <https:\/\/learn.hashicorp.com\/tutorials\/terraform\/spotify-playlist>",
        "user": "UMYT1J2RX",
        "ts": "1626445992.000900",
        "team": "TFU0BKCQP",
        "user_team": "TFU0BKCQP",
        "source_team": "TFU0BKCQP",
        "user_profile": {
            "avatar_hash": "g9e1ca1887f6",
            "image_72": "https:\/\/secure.gravatar.com\/avatar\/59e1ca1887f6751ed6cc67e1eed56a91.jpg?s=72&d=https%3A%2F%2Fa.slack-edge.com%2Fdf10d%2Fimg%2Favatars%2Fava_0010-72.png",
            "first_name": "",
            "real_name": "Rumi Oku",
            "display_name": "",
            "team": "TFU0BKCQP",
            "name": "rumioku",
            "is_restricted": false,
            "is_ultra_restricted": false
        },
        "attachments": [
            {
                "service_name": "HashiCorp Learn",
                "title": "Create a Spotify Playlist with Terraform | Terraform - HashiCorp Learn",
                "title_link": "https:\/\/learn.hashicorp.com\/tutorials\/terraform\/spotify-playlist",
                "text": "Create a Spotify playlist with Terraform. Share your playlist to win a HashiCorp t-shirt during HashiCorp's summer of learning.",
                "fallback": "HashiCorp Learn: Create a Spotify Playlist with Terraform | Terraform - HashiCorp Learn",
                "image_url": "https:\/\/www.datocms-assets.com\/2885\/1622161215-learn-card-2x.jpg",
                "from_url": "https:\/\/learn.hashicorp.com\/tutorials\/terraform\/spotify-playlist",
                "image_width": 476,
                "image_height": 250,
                "image_bytes": 338089,
                "service_icon": "https:\/\/learn.hashicorp.com\/img\/favicons\/favicon-16x16.png",
                "id": 1,
                "original_url": "https:\/\/learn.hashicorp.com\/tutorials\/terraform\/spotify-playlist"
            }
        ],
        "blocks": [
            {
                "type": "rich_text",
                "block_id": "I2V",
                "elements": [
                    {
                        "type": "rich_text_section",
                        "elements": [
                            {
                                "type": "text",
                                "text": "Spotify Userに送るチュートリアルです "
                            },
                            {
                                "type": "link",
                                "url": "https:\/\/learn.hashicorp.com\/tutorials\/terraform\/spotify-playlist"
                            }
                        ]
                    }
                ]
            }
        ],
        "thread_ts": "1626445992.000900",
        "reply_count": 1,
        "reply_users_count": 1,
        "latest_reply": "1630977990.010400",
        "reply_users": [
            "U02DVGVAY9X"
        ],
        "replies": [
            {
                "user": "U02DVGVAY9X",
                "ts": "1630977990.010400"
            }
        ],
        "is_locked": false,
        "subscribed": false,
        "reactions": [
            {
                "name": "thinking_face",
                "users": [
                    "UFU0BKD8F",
                    "U01R2260A8K",
                    "U01LFASMXQS"
                ],
                "count": 3
            },
            {
                "name": "eyes",
                "users": [
                    "UL96LK5T3",
                    "U01HHSRC7EU",
                    "U01K2CMHZCY",
                    "U01GAQPRFQB"
                ],
                "count": 4
            },
            {
                "name": "+1",
                "users": [
                    "U02DVGVAY9X"
                ],
                "count": 1
            }
        ]
    }
]