[
    {
        "client_msg_id": "A2571860-46B0-4D0C-81FD-AA9F0D5D06F9",
        "type": "message",
        "text": "うける\nspotify上でそのまま作ればいいのにw\ndata sourseが検索結果であれば条件によっては実行するたびにプレリス変わったりするんですかね。",
        "user": "UG46Z57TN",
        "ts": "1626730795.002700",
        "team": "TFU0BKCQP",
        "user_team": "TFU0BKCQP",
        "source_team": "TFU0BKCQP",
        "user_profile": {
            "avatar_hash": "c6bdd4cb17db",
            "image_72": "https:\/\/avatars.slack-edge.com\/2019-07-05\/685991185957_c6bdd4cb17db956661a1_72.jpg",
            "first_name": "Takeshi",
            "real_name": "Takeshi Kondo",
            "display_name": "chaspy",
            "team": "TFU0BKCQP",
            "name": "take.she12",
            "is_restricted": false,
            "is_ultra_restricted": false
        },
        "blocks": [
            {
                "type": "rich_text",
                "block_id": "KYVDB",
                "elements": [
                    {
                        "type": "rich_text_section",
                        "elements": [
                            {
                                "type": "text",
                                "text": "うける\nspotify上でそのまま作ればいいのにw\ndata sourseが検索結果であれば条件によっては実行するたびにプレリス変わったりするんですかね。"
                            }
                        ]
                    }
                ]
            }
        ]
    }
]