[
    {
        "client_msg_id": "7B0E4C85-3F74-4F10-80E5-A3C910DAF788",
        "type": "message",
        "text": "毎年アドカレだけ書いている。今年も書くか…",
        "user": "UG46Z57TN",
        "ts": "1667297567.710409",
        "blocks": [
            {
                "type": "rich_text",
                "block_id": "f\/7zu",
                "elements": [
                    {
                        "type": "rich_text_section",
                        "elements": [
                            {
                                "type": "text",
                                "text": "毎年アドカレだけ書いている。今年も書くか…"
                            }
                        ]
                    }
                ]
            }
        ],
        "team": "TFU0BKCQP",
        "user_team": "TFU0BKCQP",
        "source_team": "TFU0BKCQP",
        "user_profile": {
            "avatar_hash": "c6bdd4cb17db",
            "image_72": "https:\/\/avatars.slack-edge.com\/2019-07-05\/685991185957_c6bdd4cb17db956661a1_72.jpg",
            "first_name": "Takeshi",
            "real_name": "Takeshi Kondo",
            "display_name": "chaspy",
            "team": "TFU0BKCQP",
            "name": "take.she12",
            "is_restricted": false,
            "is_ultra_restricted": false
        },
        "reactions": [
            {
                "name": "tada",
                "users": [
                    "UFU0BKD8F",
                    "U0305E7U0UF"
                ],
                "count": 2
            }
        ]
    }
]